Node_ID,Round,Round_Start_Time,Round_End_Time_ms,Certificate_Count,Certificate_1_Time_Delta_ms,Certificate_1_Origin,Certificate_2_Time_Delta_ms,Certificate_2_Origin,Certificate_3_Time_Delta_ms,Certificate_3_Origin,Certificate_4_Time_Delta_ms,Certificate_4_Origin,Certificate_5_Time_Delta_ms,Certificate_5_Origin,Certificate_6_Time_Delta_ms,Certificate_6_Origin,Certificate_7_Time_Delta_ms,Certificate_7_Origin,Certificate_8_Time_Delta_ms,Certificate_8_Origin,Certificate_9_Time_Delta_ms,Certificate_9_Origin,Certificate_10_Time_Delta_ms,Certificate_10_Origin
0,1,2026-04-04T07:21:12.287Z,13741.000,7,9707.000,7pz7mk3D0hXlDzD3,10077.000,bK4o9vjSbPLZyBKY,11166.000,zptQpMPgptmtFfM7,11532.000,PvdwtJttMSxNTJy0,12074.000,hd5hRwaUatBMaDG/,13632.000,2jyzeYGpJv7qv931,13741.000,cvNTIGe2F4uXnnHt,,,,,,
0,2,2026-04-04T07:21:26.028Z,610.000,7,304.000,7pz7mk3D0hXlDzD3,305.000,2jyzeYGpJv7qv931,306.000,PvdwtJttMSxNTJy0,307.000,zptQpMPgptmtFfM7,403.000,bK4o9vjSbPLZyBKY,504.000,hd5hRwaUatBMaDG/,610.000,cvNTIGe2F4uXnnHt,,,,,,
0,3,2026-04-04T07:21:26.638Z,517.000,8,306.000,zptQpMPgptmtFfM7,307.000,2jyzeYGpJv7qv931,308.000,bK4o9vjSbPLZyBKY,309.000,7pz7mk3D0hXlDzD3,311.000,PvdwtJttMSxNTJy0,412.000,hd5hRwaUatBMaDG/,517.000,cvNTIGe2F4uXnnHt,927.000,r85qjlyojvOlHwKv,,,,
0,4,2026-04-04T07:21:27.155Z,413.000,9,307.000,PvdwtJttMSxNTJy0,307.000,2jyzeYGpJv7qv931,308.000,7pz7mk3D0hXlDzD3,309.000,zptQpMPgptmtFfM7,310.000,bK4o9vjSbPLZyBKY,412.000,hd5hRwaUatBMaDG/,413.000,qqJiNVFb4eVer0Td,518.000,cvNTIGe2F4uXnnHt,616.000,r85qjlyojvOlHwKv,,
0,5,2026-04-04T07:21:27.568Z,517.000,9,306.000,2jyzeYGpJv7qv931,308.000,PvdwtJttMSxNTJy0,310.000,qqJiNVFb4eVer0Td,410.000,zptQpMPgptmtFfM7,412.000,7pz7mk3D0hXlDzD3,413.000,bK4o9vjSbPLZyBKY,517.000,r85qjlyojvOlHwKv,519.000,hd5hRwaUatBMaDG/,615.000,cvNTIGe2F4uXnnHt,,
0,6,2026-04-04T07:21:28.085Z,412.000,9,303.000,7pz7mk3D0hXlDzD3,305.000,qqJiNVFb4eVer0Td,306.000,2jyzeYGpJv7qv931,308.000,zptQpMPgptmtFfM7,309.000,PvdwtJttMSxNTJy0,410.000,hd5hRwaUatBMaDG/,412.000,cvNTIGe2F4uXnnHt,510.000,bK4o9vjSbPLZyBKY,512.000,r85qjlyojvOlHwKv,,
0,7,2026-04-04T07:21:28.497Z,509.000,10,306.000,qqJiNVFb4eVer0Td,309.000,7pz7mk3D0hXlDzD3,405.000,2jyzeYGpJv7qv931,406.000,PvdwtJttMSxNTJy0,408.000,bK4o9vjSbPLZyBKY,410.000,zptQpMPgptmtFfM7,509.000,hd5hRwaUatBMaDG/,511.000,r85qjlyojvOlHwKv,514.000,cvNTIGe2F4uXnnHt,1054.000,rAgGKl6ICbDXHmxg
0,8,2026-04-04T07:21:29.006Z,413.000,9,309.000,qqJiNVFb4eVer0Td,309.000,2jyzeYGpJv7qv931,310.000,bK4o9vjSbPLZyBKY,312.000,zptQpMPgptmtFfM7,313.000,PvdwtJttMSxNTJy0,315.000,7pz7mk3D0hXlDzD3,413.000,r85qjlyojvOlHwKv,414.000,cvNTIGe2F4uXnnHt,415.000,hd5hRwaUatBMaDG/,,
0,9,2026-04-04T07:21:29.419Z,412.000,10,305.000,bK4o9vjSbPLZyBKY,307.000,qqJiNVFb4eVer0Td,308.000,zptQpMPgptmtFfM7,405.000,2jyzeYGpJv7qv931,409.000,PvdwtJttMSxNTJy0,410.000,r85qjlyojvOlHwKv,411.000,7pz7mk3D0hXlDzD3,514.000,cvNTIGe2F4uXnnHt,517.000,hd5hRwaUatBMaDG/,1116.000,rAgGKl6ICbDXHmxg
0,10,2026-04-04T07:21:29.831Z,512.000,9,304.000,2jyzeYGpJv7qv931,305.000,PvdwtJttMSxNTJy0,406.000,qqJiNVFb4eVer0Td,410.000,bK4o9vjSbPLZyBKY,411.000,7pz7mk3D0hXlDzD3,412.000,zptQpMPgptmtFfM7,512.000,hd5hRwaUatBMaDG/,513.000,cvNTIGe2F4uXnnHt,517.000,r85qjlyojvOlHwKv,,
0,11,2026-04-04T07:21:30.343Z,413.000,9,307.000,PvdwtJttMSxNTJy0,308.000,2jyzeYGpJv7qv931,310.000,bK4o9vjSbPLZyBKY,311.000,qqJiNVFb4eVer0Td,312.000,7pz7mk3D0hXlDzD3,314.000,zptQpMPgptmtFfM7,413.000,hd5hRwaUatBMaDG/,414.000,cvNTIGe2F4uXnnHt,415.000,r85qjlyojvOlHwKv,,
0,12,2026-04-04T07:21:30.756Z,510.000,10,302.000,bK4o9vjSbPLZyBKY,305.000,PvdwtJttMSxNTJy0,306.000,qqJiNVFb4eVer0Td,406.000,zptQpMPgptmtFfM7,407.000,2jyzeYGpJv7qv931,408.000,7pz7mk3D0hXlDzD3,510.000,hd5hRwaUatBMaDG/,511.000,cvNTIGe2F4uXnnHt,513.000,r85qjlyojvOlHwKv,832.000,rAgGKl6ICbDXHmxg
0,13,2026-04-04T07:21:31.266Z,411.000,10,307.000,2jyzeYGpJv7qv931,308.000,PvdwtJttMSxNTJy0,310.000,bK4o9vjSbPLZyBKY,311.000,qqJiNVFb4eVer0Td,313.000,zptQpMPgptmtFfM7,314.000,7pz7mk3D0hXlDzD3,411.000,hd5hRwaUatBMaDG/,412.000,cvNTIGe2F4uXnnHt,414.000,r85qjlyojvOlHwKv,909.000,rAgGKl6ICbDXHmxg
0,14,2026-04-04T07:21:31.677Z,512.000,9,305.000,qqJiNVFb4eVer0Td,307.000,bK4o9vjSbPLZyBKY,407.000,2jyzeYGpJv7qv931,409.000,zptQpMPgptmtFfM7,410.000,7pz7mk3D0hXlDzD3,411.000,PvdwtJttMSxNTJy0,512.000,r85qjlyojvOlHwKv,513.000,hd5hRwaUatBMaDG/,514.000,cvNTIGe2F4uXnnHt,,
0,15,2026-04-04T07:21:32.189Z,412.000,10,307.000,7pz7mk3D0hXlDzD3,308.000,2jyzeYGpJv7qv931,310.000,bK4o9vjSbPLZyBKY,311.000,zptQpMPgptmtFfM7,312.000,qqJiNVFb4eVer0Td,314.000,PvdwtJttMSxNTJy0,412.000,cvNTIGe2F4uXnnHt,413.000,r85qjlyojvOlHwKv,415.000,hd5hRwaUatBMaDG/,903.000,rAgGKl6ICbDXHmxg
0,16,2026-04-04T07:21:32.601Z,505.000,10,403.000,bK4o9vjSbPLZyBKY,405.000,PvdwtJttMSxNTJy0,405.000,2jyzeYGpJv7qv931,407.000,7pz7mk3D0hXlDzD3,408.000,qqJiNVFb4eVer0Td,410.000,zptQpMPgptmtFfM7,505.000,r85qjlyojvOlHwKv,507.000,cvNTIGe2F4uXnnHt,510.000,hd5hRwaUatBMaDG/,976.000,rAgGKl6ICbDXHmxg
0,17,2026-04-04T07:21:33.106Z,414.000,9,310.000,2jyzeYGpJv7qv931,312.000,bK4o9vjSbPLZyBKY,313.000,qqJiNVFb4eVer0Td,314.000,zptQpMPgptmtFfM7,316.000,7pz7mk3D0hXlDzD3,317.000,PvdwtJttMSxNTJy0,414.000,r85qjlyojvOlHwKv,416.000,hd5hRwaUatBMaDG/,417.000,cvNTIGe2F4uXnnHt,,
0,18,2026-04-04T07:21:33.520Z,511.000,10,307.000,zptQpMPgptmtFfM7,406.000,2jyzeYGpJv7qv931,407.000,qqJiNVFb4eVer0Td,409.000,PvdwtJttMSxNTJy0,410.000,7pz7mk3D0hXlDzD3,412.000,bK4o9vjSbPLZyBKY,511.000,cvNTIGe2F4uXnnHt,512.000,r85qjlyojvOlHwKv,514.000,hd5hRwaUatBMaDG/,996.000,rAgGKl6ICbDXHmxg
0,19,2026-04-04T07:21:34.031Z,412.000,10,308.000,2jyzeYGpJv7qv931,309.000,7pz7mk3D0hXlDzD3,310.000,bK4o9vjSbPLZyBKY,312.000,zptQpMPgptmtFfM7,313.000,qqJiNVFb4eVer0Td,315.000,PvdwtJttMSxNTJy0,412.000,r85qjlyojvOlHwKv,414.000,cvNTIGe2F4uXnnHt,415.000,hd5hRwaUatBMaDG/,958.000,rAgGKl6ICbDXHmxg
0,20,2026-04-04T07:21:34.443Z,511.000,9,305.000,7pz7mk3D0hXlDzD3,308.000,zptQpMPgptmtFfM7,309.000,PvdwtJttMSxNTJy0,407.000,bK4o9vjSbPLZyBKY,409.000,qqJiNVFb4eVer0Td,409.000,2jyzeYGpJv7qv931,511.000,hd5hRwaUatBMaDG/,512.000,r85qjlyojvOlHwKv,514.000,cvNTIGe2F4uXnnHt,,
0,21,2026-04-04T07:21:34.954Z,413.000,10,309.000,PvdwtJttMSxNTJy0,310.000,zptQpMPgptmtFfM7,311.000,qqJiNVFb4eVer0Td,312.000,2jyzeYGpJv7qv931,314.000,bK4o9vjSbPLZyBKY,315.000,7pz7mk3D0hXlDzD3,413.000,cvNTIGe2F4uXnnHt,414.000,hd5hRwaUatBMaDG/,416.000,r85qjlyojvOlHwKv,871.000,rAgGKl6ICbDXHmxg
0,22,2026-04-04T07:21:35.367Z,508.000,10,304.000,qqJiNVFb4eVer0Td,405.000,bK4o9vjSbPLZyBKY,405.000,2jyzeYGpJv7qv931,407.000,zptQpMPgptmtFfM7,409.000,PvdwtJttMSxNTJy0,410.000,7pz7mk3D0hXlDzD3,508.000,hd5hRwaUatBMaDG/,510.000,cvNTIGe2F4uXnnHt,511.000,r85qjlyojvOlHwKv,1036.000,rAgGKl6ICbDXHmxg
0,23,2026-04-04T07:21:35.875Z,411.000,9,308.000,2jyzeYGpJv7qv931,310.000,bK4o9vjSbPLZyBKY,311.000,7pz7mk3D0hXlDzD3,313.000,PvdwtJttMSxNTJy0,314.000,qqJiNVFb4eVer0Td,315.000,zptQpMPgptmtFfM7,411.000,hd5hRwaUatBMaDG/,413.000,cvNTIGe2F4uXnnHt,414.000,r85qjlyojvOlHwKv,,
0,24,2026-04-04T07:21:36.286Z,514.000,10,306.000,2jyzeYGpJv7qv931,409.000,PvdwtJttMSxNTJy0,410.000,zptQpMPgptmtFfM7,411.000,bK4o9vjSbPLZyBKY,414.000,7pz7mk3D0hXlDzD3,415.000,qqJiNVFb4eVer0Td,514.000,hd5hRwaUatBMaDG/,515.000,r85qjlyojvOlHwKv,516.000,cvNTIGe2F4uXnnHt,902.000,rAgGKl6ICbDXHmxg
0,25,2026-04-04T07:21:36.800Z,408.000,10,304.000,2jyzeYGpJv7qv931,306.000,7pz7mk3D0hXlDzD3,308.000,qqJiNVFb4eVer0Td,309.000,PvdwtJttMSxNTJy0,310.000,bK4o9vjSbPLZyBKY,311.000,zptQpMPgptmtFfM7,408.000,cvNTIGe2F4uXnnHt,411.000,r85qjlyojvOlHwKv,415.000,hd5hRwaUatBMaDG/,871.000,rAgGKl6ICbDXHmxg
0,26,2026-04-04T07:21:37.208Z,511.000,9,306.000,7pz7mk3D0hXlDzD3,407.000,PvdwtJttMSxNTJy0,407.000,2jyzeYGpJv7qv931,408.000,bK4o9vjSbPLZyBKY,410.000,qqJiNVFb4eVer0Td,411.000,zptQpMPgptmtFfM7,511.000,hd5hRwaUatBMaDG/,512.000,cvNTIGe2F4uXnnHt,513.000,r85qjlyojvOlHwKv,,
0,27,2026-04-04T07:21:37.719Z,414.000,10,309.000,bK4o9vjSbPLZyBKY,310.000,2jyzeYGpJv7qv931,311.000,qqJiNVFb4eVer0Td,312.000,7pz7mk3D0hXlDzD3,314.000,PvdwtJttMSxNTJy0,315.000,zptQpMPgptmtFfM7,414.000,cvNTIGe2F4uXnnHt,415.000,hd5hRwaUatBMaDG/,416.000,r85qjlyojvOlHwKv,893.000,rAgGKl6ICbDXHmxg
0,28,2026-04-04T07:21:38.133Z,506.000,9,402.000,bK4o9vjSbPLZyBKY,403.000,2jyzeYGpJv7qv931,404.000,qqJiNVFb4eVer0Td,405.000,7pz7mk3D0hXlDzD3,407.000,PvdwtJttMSxNTJy0,408.000,zptQpMPgptmtFfM7,506.000,hd5hRwaUatBMaDG/,507.000,cvNTIGe2F4uXnnHt,509.000,r85qjlyojvOlHwKv,,
0,29,2026-04-04T07:21:38.639Z,415.000,10,311.000,bK4o9vjSbPLZyBKY,312.000,2jyzeYGpJv7qv931,313.000,PvdwtJttMSxNTJy0,314.000,qqJiNVFb4eVer0Td,316.000,7pz7mk3D0hXlDzD3,317.000,zptQpMPgptmtFfM7,415.000,cvNTIGe2F4uXnnHt,416.000,hd5hRwaUatBMaDG/,418.000,r85qjlyojvOlHwKv,797.000,rAgGKl6ICbDXHmxg
0,30,2026-04-04T07:21:39.054Z,505.000,9,402.000,2jyzeYGpJv7qv931,403.000,zptQpMPgptmtFfM7,405.000,bK4o9vjSbPLZyBKY,406.000,PvdwtJttMSxNTJy0,407.000,7pz7mk3D0hXlDzD3,409.000,qqJiNVFb4eVer0Td,505.000,hd5hRwaUatBMaDG/,506.000,cvNTIGe2F4uXnnHt,508.000,r85qjlyojvOlHwKv,,
0,31,2026-04-04T07:21:39.559Z,418.000,10,313.000,qqJiNVFb4eVer0Td,314.000,2jyzeYGpJv7qv931,316.000,zptQpMPgptmtFfM7,317.000,bK4o9vjSbPLZyBKY,318.000,7pz7mk3D0hXlDzD3,321.000,PvdwtJttMSxNTJy0,418.000,r85qjlyojvOlHwKv,419.000,cvNTIGe2F4uXnnHt,421.000,hd5hRwaUatBMaDG/,844.000,rAgGKl6ICbDXHmxg
0,32,2026-04-04T07:21:39.977Z,501.000,10,399.000,2jyzeYGpJv7qv931,401.000,bK4o9vjSbPLZyBKY,403.000,PvdwtJttMSxNTJy0,404.000,zptQpMPgptmtFfM7,405.000,7pz7mk3D0hXlDzD3,406.000,qqJiNVFb4eVer0Td,501.000,r85qjlyojvOlHwKv,504.000,hd5hRwaUatBMaDG/,506.000,cvNTIGe2F4uXnnHt,908.000,rAgGKl6ICbDXHmxg
0,33,2026-04-04T07:21:40.478Z,417.000,10,315.000,2jyzeYGpJv7qv931,316.000,zptQpMPgptmtFfM7,318.000,7pz7mk3D0hXlDzD3,319.000,bK4o9vjSbPLZyBKY,320.000,qqJiNVFb4eVer0Td,321.000,PvdwtJttMSxNTJy0,417.000,cvNTIGe2F4uXnnHt,419.000,r85qjlyojvOlHwKv,421.000,hd5hRwaUatBMaDG/,863.000,rAgGKl6ICbDXHmxg
0,34,2026-04-04T07:21:40.895Z,538.000,7,197.000,2jyzeYGpJv7qv931,203.000,bK4o9vjSbPLZyBKY,215.000,qqJiNVFb4eVer0Td,274.000,PvdwtJttMSxNTJy0,405.000,7pz7mk3D0hXlDzD3,424.000,hd5hRwaUatBMaDG/,538.000,r85qjlyojvOlHwKv,,,,,,
0,35,2026-04-04T07:21:41.433Z,683.000,9,235.000,PvdwtJttMSxNTJy0,238.000,qqJiNVFb4eVer0Td,326.000,bK4o9vjSbPLZyBKY,380.000,2jyzeYGpJv7qv931,479.000,zptQpMPgptmtFfM7,522.000,cvNTIGe2F4uXnnHt,674.000,r85qjlyojvOlHwKv,736.000,7pz7mk3D0hXlDzD3,1220.000,rAgGKl6ICbDXHmxg,,
0,36,2026-04-04T07:21:42.116Z,628.000,9,315.000,PvdwtJttMSxNTJy0,334.000,2jyzeYGpJv7qv931,339.000,bK4o9vjSbPLZyBKY,467.000,r85qjlyojvOlHwKv,504.000,zptQpMPgptmtFfM7,512.000,qqJiNVFb4eVer0Td,618.000,7pz7mk3D0hXlDzD3,1012.000,cvNTIGe2F4uXnnHt,2196.000,hd5hRwaUatBMaDG/,,
0,37,2026-04-04T07:21:42.744Z,832.000,9,588.000,2jyzeYGpJv7qv931,646.000,zptQpMPgptmtFfM7,656.000,PvdwtJttMSxNTJy0,682.000,qqJiNVFb4eVer0Td,737.000,7pz7mk3D0hXlDzD3,776.000,hd5hRwaUatBMaDG/,820.000,cvNTIGe2F4uXnnHt,834.000,bK4o9vjSbPLZyBKY,923.000,r85qjlyojvOlHwKv,,
0,38,2026-04-04T07:21:43.576Z,693.000,9,518.000,2jyzeYGpJv7qv931,548.000,PvdwtJttMSxNTJy0,585.000,zptQpMPgptmtFfM7,614.000,7pz7mk3D0hXlDzD3,642.000,hd5hRwaUatBMaDG/,659.000,qqJiNVFb4eVer0Td,687.000,bK4o9vjSbPLZyBKY,900.000,r85qjlyojvOlHwKv,992.000,cvNTIGe2F4uXnnHt,,
0,39,2026-04-04T07:21:44.269Z,809.000,9,596.000,2jyzeYGpJv7qv931,651.000,zptQpMPgptmtFfM7,666.000,PvdwtJttMSxNTJy0,693.000,bK4o9vjSbPLZyBKY,738.000,7pz7mk3D0hXlDzD3,767.000,hd5hRwaUatBMaDG/,784.000,qqJiNVFb4eVer0Td,840.000,cvNTIGe2F4uXnnHt,950.000,r85qjlyojvOlHwKv,,
0,40,2026-04-04T07:21:45.078Z,1065.000,9,757.000,2jyzeYGpJv7qv931,822.000,7pz7mk3D0hXlDzD3,835.000,PvdwtJttMSxNTJy0,920.000,zptQpMPgptmtFfM7,976.000,hd5hRwaUatBMaDG/,1006.000,qqJiNVFb4eVer0Td,1053.000,bK4o9vjSbPLZyBKY,1096.000,cvNTIGe2F4uXnnHt,1735.000,r85qjlyojvOlHwKv,,
0,41,2026-04-04T07:21:46.143Z,750.000,8,545.000,7pz7mk3D0hXlDzD3,576.000,zptQpMPgptmtFfM7,587.000,2jyzeYGpJv7qv931,618.000,PvdwtJttMSxNTJy0,633.000,qqJiNVFb4eVer0Td,704.000,hd5hRwaUatBMaDG/,715.000,bK4o9vjSbPLZyBKY,1135.000,cvNTIGe2F4uXnnHt,,,,
0,42,2026-04-04T07:21:46.893Z,810.000,9,570.000,2jyzeYGpJv7qv931,599.000,PvdwtJttMSxNTJy0,688.000,zptQpMPgptmtFfM7,716.000,7pz7mk3D0hXlDzD3,741.000,qqJiNVFb4eVer0Td,764.000,bK4o9vjSbPLZyBKY,801.000,hd5hRwaUatBMaDG/,831.000,cvNTIGe2F4uXnnHt,1397.000,r85qjlyojvOlHwKv,,
0,43,2026-04-04T07:21:47.703Z,864.000,9,446.000,2jyzeYGpJv7qv931,561.000,zptQpMPgptmtFfM7,617.000,7pz7mk3D0hXlDzD3,627.000,PvdwtJttMSxNTJy0,728.000,bK4o9vjSbPLZyBKY,763.000,hd5hRwaUatBMaDG/,851.000,cvNTIGe2F4uXnnHt,866.000,qqJiNVFb4eVer0Td,1419.000,r85qjlyojvOlHwKv,,
0,44,2026-04-04T07:21:48.567Z,899.000,9,493.000,2jyzeYGpJv7qv931,500.000,PvdwtJttMSxNTJy0,526.000,7pz7mk3D0hXlDzD3,758.000,qqJiNVFb4eVer0Td,835.000,zptQpMPgptmtFfM7,851.000,bK4o9vjSbPLZyBKY,890.000,cvNTIGe2F4uXnnHt,915.000,hd5hRwaUatBMaDG/,1331.000,r85qjlyojvOlHwKv,,
0,45,2026-04-04T07:21:49.466Z,839.000,9,502.000,7pz7mk3D0hXlDzD3,515.000,bK4o9vjSbPLZyBKY,610.000,2jyzeYGpJv7qv931,650.000,zptQpMPgptmtFfM7,711.000,qqJiNVFb4eVer0Td,768.000,PvdwtJttMSxNTJy0,825.000,cvNTIGe2F4uXnnHt,1187.000,hd5hRwaUatBMaDG/,1361.000,r85qjlyojvOlHwKv,,
0,46,2026-04-04T07:21:50.305Z,866.000,9,533.000,2jyzeYGpJv7qv931,689.000,zptQpMPgptmtFfM7,707.000,bK4o9vjSbPLZyBKY,739.000,qqJiNVFb4eVer0Td,784.000,7pz7mk3D0hXlDzD3,796.000,PvdwtJttMSxNTJy0,854.000,hd5hRwaUatBMaDG/,1032.000,cvNTIGe2F4uXnnHt,1397.000,r85qjlyojvOlHwKv,,
0,47,2026-04-04T07:21:51.171Z,894.000,9,549.000,qqJiNVFb4eVer0Td,651.000,2jyzeYGpJv7qv931,665.000,PvdwtJttMSxNTJy0,687.000,7pz7mk3D0hXlDzD3,711.000,zptQpMPgptmtFfM7,720.000,bK4o9vjSbPLZyBKY,878.000,hd5hRwaUatBMaDG/,1254.000,cvNTIGe2F4uXnnHt,1501.000,r85qjlyojvOlHwKv,,
0,48,2026-04-04T07:21:52.065Z,873.000,9,547.000,2jyzeYGpJv7qv931,627.000,bK4o9vjSbPLZyBKY,660.000,qqJiNVFb4eVer0Td,735.000,PvdwtJttMSxNTJy0,801.000,hd5hRwaUatBMaDG/,834.000,zptQpMPgptmtFfM7,865.000,7pz7mk3D0hXlDzD3,893.000,cvNTIGe2F4uXnnHt,1004.000,r85qjlyojvOlHwKv,,
0,49,2026-04-04T07:21:52.938Z,767.000,9,517.000,2jyzeYGpJv7qv931,623.000,7pz7mk3D0hXlDzD3,665.000,zptQpMPgptmtFfM7,684.000,qqJiNVFb4eVer0Td,717.000,bK4o9vjSbPLZyBKY,727.000,PvdwtJttMSxNTJy0,758.000,hd5hRwaUatBMaDG/,784.000,cvNTIGe2F4uXnnHt,868.000,r85qjlyojvOlHwKv,,
0,50,2026-04-04T07:21:53.705Z,823.000,9,528.000,2jyzeYGpJv7qv931,577.000,7pz7mk3D0hXlDzD3,606.000,zptQpMPgptmtFfM7,617.000,qqJiNVFb4eVer0Td,679.000,r85qjlyojvOlHwKv,781.000,hd5hRwaUatBMaDG/,800.000,PvdwtJttMSxNTJy0,1108.000,bK4o9vjSbPLZyBKY,1168.000,cvNTIGe2F4uXnnHt,,
0,51,2026-04-04T07:21:54.528Z,896.000,9,559.000,2jyzeYGpJv7qv931,650.000,7pz7mk3D0hXlDzD3,668.000,qqJiNVFb4eVer0Td,731.000,zptQpMPgptmtFfM7,763.000,r85qjlyojvOlHwKv,774.000,PvdwtJttMSxNTJy0,879.000,cvNTIGe2F4uXnnHt,924.000,hd5hRwaUatBMaDG/,1429.000,bK4o9vjSbPLZyBKY,,
0,52,2026-04-04T07:21:55.424Z,802.000,9,540.000,2jyzeYGpJv7qv931,626.000,zptQpMPgptmtFfM7,640.000,PvdwtJttMSxNTJy0,701.000,r85qjlyojvOlHwKv,736.000,7pz7mk3D0hXlDzD3,764.000,cvNTIGe2F4uXnnHt,791.000,hd5hRwaUatBMaDG/,1043.000,qqJiNVFb4eVer0Td,1466.000,bK4o9vjSbPLZyBKY,,
0,53,2026-04-04T07:21:56.226Z,1164.000,9,303.000,2jyzeYGpJv7qv931,604.000,7pz7mk3D0hXlDzD3,635.000,zptQpMPgptmtFfM7,792.000,PvdwtJttMSxNTJy0,824.000,r85qjlyojvOlHwKv,936.000,cvNTIGe2F4uXnnHt,1141.000,hd5hRwaUatBMaDG/,1184.000,qqJiNVFb4eVer0Td,1856.000,bK4o9vjSbPLZyBKY,,
0,54,2026-04-04T07:21:57.390Z,1070.000,9,814.000,hd5hRwaUatBMaDG/,849.000,PvdwtJttMSxNTJy0,894.000,7pz7mk3D0hXlDzD3,912.000,2jyzeYGpJv7qv931,991.000,zptQpMPgptmtFfM7,1009.000,qqJiNVFb4eVer0Td,1052.000,cvNTIGe2F4uXnnHt,1137.000,r85qjlyojvOlHwKv,1480.000,bK4o9vjSbPLZyBKY,,
0,55,2026-04-04T07:21:58.460Z,1175.000,9,609.000,PvdwtJttMSxNTJy0,773.000,7pz7mk3D0hXlDzD3,795.000,2jyzeYGpJv7qv931,854.000,zptQpMPgptmtFfM7,869.000,qqJiNVFb4eVer0Td,945.000,r85qjlyojvOlHwKv,1293.000,cvNTIGe2F4uXnnHt,1176.000,bK4o9vjSbPLZyBKY,1409.000,hd5hRwaUatBMaDG/,,
0,56,2026-04-04T07:21:59.635Z,1127.000,9,729.000,2jyzeYGpJv7qv931,846.000,qqJiNVFb4eVer0Td,864.000,PvdwtJttMSxNTJy0,921.000,7pz7mk3D0hXlDzD3,1029.000,zptQpMPgptmtFfM7,1070.000,r85qjlyojvOlHwKv,1111.000,cvNTIGe2F4uXnnHt,1128.000,bK4o9vjSbPLZyBKY,1269.000,hd5hRwaUatBMaDG/,,
0,57,2026-04-04T07:22:00.762Z,1168.000,9,811.000,2jyzeYGpJv7qv931,909.000,PvdwtJttMSxNTJy0,946.000,7pz7mk3D0hXlDzD3,1044.000,qqJiNVFb4eVer0Td,1064.000,bK4o9vjSbPLZyBKY,1113.000,cvNTIGe2F4uXnnHt,1155.000,r85qjlyojvOlHwKv,1327.000,zptQpMPgptmtFfM7,1697.000,hd5hRwaUatBMaDG/,,
0,58,2026-04-04T07:22:01.930Z,1340.000,9,739.000,2jyzeYGpJv7qv931,871.000,bK4o9vjSbPLZyBKY,892.000,PvdwtJttMSxNTJy0,901.000,qqJiNVFb4eVer0Td,988.000,7pz7mk3D0hXlDzD3,1232.000,r85qjlyojvOlHwKv,1322.000,hd5hRwaUatBMaDG/,1553.000,cvNTIGe2F4uXnnHt,1598.000,zptQpMPgptmtFfM7,,
0,59,2026-04-04T07:22:03.270Z,1330.000,9,907.000,2jyzeYGpJv7qv931,1046.000,bK4o9vjSbPLZyBKY,1088.000,r85qjlyojvOlHwKv,1109.000,qqJiNVFb4eVer0Td,1187.000,7pz7mk3D0hXlDzD3,1268.000,cvNTIGe2F4uXnnHt,1317.000,zptQpMPgptmtFfM7,1495.000,PvdwtJttMSxNTJy0,1533.000,hd5hRwaUatBMaDG/,,
0,60,2026-04-04T07:22:04.600Z,1218.000,9,915.000,bK4o9vjSbPLZyBKY,990.000,zptQpMPgptmtFfM7,1036.000,7pz7mk3D0hXlDzD3,1058.000,qqJiNVFb4eVer0Td,1129.000,2jyzeYGpJv7qv931,1146.000,PvdwtJttMSxNTJy0,1196.000,r85qjlyojvOlHwKv,1248.000,hd5hRwaUatBMaDG/,1397.000,cvNTIGe2F4uXnnHt,,
0,61,2026-04-04T07:22:05.818Z,1021.000,9,747.000,PvdwtJttMSxNTJy0,809.000,7pz7mk3D0hXlDzD3,827.000,bK4o9vjSbPLZyBKY,868.000,2jyzeYGpJv7qv931,917.000,r85qjlyojvOlHwKv,963.000,zptQpMPgptmtFfM7,1005.000,hd5hRwaUatBMaDG/,1022.000,qqJiNVFb4eVer0Td,1512.000,cvNTIGe2F4uXnnHt,,
0,62,2026-04-04T07:22:06.839Z,1235.000,9,883.000,2jyzeYGpJv7qv931,909.000,bK4o9vjSbPLZyBKY,945.000,zptQpMPgptmtFfM7,961.000,PvdwtJttMSxNTJy0,1007.000,7pz7mk3D0hXlDzD3,1194.000,hd5hRwaUatBMaDG/,1212.000,qqJiNVFb4eVer0Td,1391.000,cvNTIGe2F4uXnnHt,1481.000,r85qjlyojvOlHwKv,,
0,63,2026-04-04T07:22:08.074Z,1128.000,9,667.000,7pz7mk3D0hXlDzD3,680.000,bK4o9vjSbPLZyBKY,730.000,qqJiNVFb4eVer0Td,742.000,2jyzeYGpJv7qv931,819.000,PvdwtJttMSxNTJy0,957.000,zptQpMPgptmtFfM7,1650.000,r85qjlyojvOlHwKv,1430.000,cvNTIGe2F4uXnnHt,1693.000,hd5hRwaUatBMaDG/,,
0,64,2026-04-04T07:22:09.202Z,1063.000,9,822.000,bK4o9vjSbPLZyBKY,903.000,7pz7mk3D0hXlDzD3,944.000,zptQpMPgptmtFfM7,957.000,2jyzeYGpJv7qv931,997.000,qqJiNVFb4eVer0Td,1012.000,PvdwtJttMSxNTJy0,1049.000,cvNTIGe2F4uXnnHt,1159.000,r85qjlyojvOlHwKv,1534.000,hd5hRwaUatBMaDG/,,
0,65,2026-04-04T07:22:10.265Z,1205.000,9,749.000,2jyzeYGpJv7qv931,886.000,7pz7mk3D0hXlDzD3,926.000,zptQpMPgptmtFfM7,938.000,qqJiNVFb4eVer0Td,979.000,bK4o9vjSbPLZyBKY,1131.000,r85qjlyojvOlHwKv,1187.000,PvdwtJttMSxNTJy0,1580.000,hd5hRwaUatBMaDG/,1763.000,cvNTIGe2F4uXnnHt,,
0,66,2026-04-04T07:22:11.470Z,1185.000,9,753.000,2jyzeYGpJv7qv931,914.000,qqJiNVFb4eVer0Td,942.000,bK4o9vjSbPLZyBKY,956.000,PvdwtJttMSxNTJy0,997.000,zptQpMPgptmtFfM7,1047.000,7pz7mk3D0hXlDzD3,1472.000,r85qjlyojvOlHwKv,1559.000,hd5hRwaUatBMaDG/,1742.000,cvNTIGe2F4uXnnHt,,
0,67,2026-04-04T07:22:12.655Z,1068.000,9,572.000,qqJiNVFb4eVer0Td,632.000,zptQpMPgptmtFfM7,667.000,7pz7mk3D0hXlDzD3,751.000,bK4o9vjSbPLZyBKY,766.000,PvdwtJttMSxNTJy0,773.000,2jyzeYGpJv7qv931,1052.000,r85qjlyojvOlHwKv,1440.000,hd5hRwaUatBMaDG/,1701.000,cvNTIGe2F4uXnnHt,,
0,68,2026-04-04T07:22:13.723Z,980.000,9,720.000,bK4o9vjSbPLZyBKY,740.000,2jyzeYGpJv7qv931,747.000,qqJiNVFb4eVer0Td,841.000,7pz7mk3D0hXlDzD3,878.000,zptQpMPgptmtFfM7,940.000,r85qjlyojvOlHwKv,960.000,PvdwtJttMSxNTJy0,1302.000,hd5hRwaUatBMaDG/,1492.000,cvNTIGe2F4uXnnHt,,
0,69,2026-04-04T07:22:14.703Z,1105.000,9,544.000,7pz7mk3D0hXlDzD3,556.000,PvdwtJttMSxNTJy0,631.000,zptQpMPgptmtFfM7,649.000,bK4o9vjSbPLZyBKY,752.000,2jyzeYGpJv7qv931,894.000,qqJiNVFb4eVer0Td,1305.000,r85qjlyojvOlHwKv,1453.000,hd5hRwaUatBMaDG/,1912.000,cvNTIGe2F4uXnnHt,,
0,70,2026-04-04T07:22:15.808Z,1059.000,8,628.000,PvdwtJttMSxNTJy0,743.000,zptQpMPgptmtFfM7,762.000,2jyzeYGpJv7qv931,890.000,bK4o9vjSbPLZyBKY,971.000,7pz7mk3D0hXlDzD3,986.000,qqJiNVFb4eVer0Td,1047.000,r85qjlyojvOlHwKv,1525.000,hd5hRwaUatBMaDG/,,,,
0,71,2026-04-04T07:22:16.867Z,1193.000,9,785.000,7pz7mk3D0hXlDzD3,867.000,zptQpMPgptmtFfM7,881.000,2jyzeYGpJv7qv931,1084.000,r85qjlyojvOlHwKv,1100.000,bK4o9vjSbPLZyBKY,1144.000,hd5hRwaUatBMaDG/,1163.000,PvdwtJttMSxNTJy0,1608.000,cvNTIGe2F4uXnnHt,1620.000,qqJiNVFb4eVer0Td,,
0,72,2026-04-04T07:22:18.060Z,1019.000,9,792.000,7pz7mk3D0hXlDzD3,860.000,zptQpMPgptmtFfM7,872.000,2jyzeYGpJv7qv931,904.000,PvdwtJttMSxNTJy0,921.000,bK4o9vjSbPLZyBKY,963.000,cvNTIGe2F4uXnnHt,1005.000,hd5hRwaUatBMaDG/,1135.000,qqJiNVFb4eVer0Td,1321.000,r85qjlyojvOlHwKv,,
0,73,2026-04-04T07:22:19.079Z,1234.000,9,719.000,2jyzeYGpJv7qv931,791.000,zptQpMPgptmtFfM7,816.000,PvdwtJttMSxNTJy0,854.000,bK4o9vjSbPLZyBKY,913.000,7pz7mk3D0hXlDzD3,1165.000,qqJiNVFb4eVer0Td,1208.000,r85qjlyojvOlHwKv,1593.000,hd5hRwaUatBMaDG/,1633.000,cvNTIGe2F4uXnnHt,,
0,74,2026-04-04T07:22:20.313Z,950.000,9,715.000,bK4o9vjSbPLZyBKY,754.000,zptQpMPgptmtFfM7,765.000,2jyzeYGpJv7qv931,842.000,7pz7mk3D0hXlDzD3,862.000,PvdwtJttMSxNTJy0,897.000,qqJiNVFb4eVer0Td,935.000,r85qjlyojvOlHwKv,1286.000,cvNTIGe2F4uXnnHt,1606.000,hd5hRwaUatBMaDG/,,
0,75,2026-04-04T07:22:21.263Z,1309.000,9,1065.000,2jyzeYGpJv7qv931,1114.000,zptQpMPgptmtFfM7,1152.000,7pz7mk3D0hXlDzD3,1169.000,PvdwtJttMSxNTJy0,1229.000,r85qjlyojvOlHwKv,1264.000,cvNTIGe2F4uXnnHt,1287.000,bK4o9vjSbPLZyBKY,1310.000,qqJiNVFb4eVer0Td,1437.000,hd5hRwaUatBMaDG/,,
0,76,2026-04-04T07:22:22.572Z,853.000,9,636.000,zptQpMPgptmtFfM7,649.000,bK4o9vjSbPLZyBKY,696.000,7pz7mk3D0hXlDzD3,709.000,2jyzeYGpJv7qv931,727.000,PvdwtJttMSxNTJy0,760.000,r85qjlyojvOlHwKv,839.000,cvNTIGe2F4uXnnHt,998.000,qqJiNVFb4eVer0Td,1155.000,hd5hRwaUatBMaDG/,,
0,77,2026-04-04T07:22:23.425Z,1241.000,9,664.000,2jyzeYGpJv7qv931,726.000,zptQpMPgptmtFfM7,764.000,7pz7mk3D0hXlDzD3,911.000,cvNTIGe2F4uXnnHt,927.000,bK4o9vjSbPLZyBKY,1158.000,qqJiNVFb4eVer0Td,1217.000,PvdwtJttMSxNTJy0,1341.000,hd5hRwaUatBMaDG/,1842.000,r85qjlyojvOlHwKv,,
0,78,2026-04-04T07:22:24.666Z,1320.000,9,710.000,2jyzeYGpJv7qv931,1055.000,PvdwtJttMSxNTJy0,1091.000,zptQpMPgptmtFfM7,1175.000,7pz7mk3D0hXlDzD3,1223.000,hd5hRwaUatBMaDG/,1244.000,qqJiNVFb4eVer0Td,1303.000,cvNTIGe2F4uXnnHt,1698.000,bK4o9vjSbPLZyBKY,1957.000,r85qjlyojvOlHwKv,,
0,79,2026-04-04T07:22:25.986Z,1526.000,9,998.000,zptQpMPgptmtFfM7,1031.000,2jyzeYGpJv7qv931,1119.000,7pz7mk3D0hXlDzD3,1166.000,PvdwtJttMSxNTJy0,1218.000,hd5hRwaUatBMaDG/,1303.000,bK4o9vjSbPLZyBKY,1507.000,qqJiNVFb4eVer0Td,1560.000,cvNTIGe2F4uXnnHt,1606.000,r85qjlyojvOlHwKv,,
0,80,2026-04-04T07:22:27.512Z,1279.000,9,969.000,2jyzeYGpJv7qv931,1019.000,zptQpMPgptmtFfM7,1059.000,PvdwtJttMSxNTJy0,1080.000,bK4o9vjSbPLZyBKY,1148.000,7pz7mk3D0hXlDzD3,1171.000,qqJiNVFb4eVer0Td,1251.000,hd5hRwaUatBMaDG/,1540.000,r85qjlyojvOlHwKv,1595.000,cvNTIGe2F4uXnnHt,,
0,81,2026-04-04T07:22:28.791Z,1379.000,9,1050.000,zptQpMPgptmtFfM7,1072.000,2jyzeYGpJv7qv931,1121.000,7pz7mk3D0hXlDzD3,1139.000,PvdwtJttMSxNTJy0,1183.000,r85qjlyojvOlHwKv,1255.000,bK4o9vjSbPLZyBKY,1353.000,hd5hRwaUatBMaDG/,1380.000,qqJiNVFb4eVer0Td,1508.000,cvNTIGe2F4uXnnHt,,
0,82,2026-04-04T07:22:30.170Z,1365.000,9,758.000,2jyzeYGpJv7qv931,905.000,zptQpMPgptmtFfM7,955.000,PvdwtJttMSxNTJy0,1154.000,r85qjlyojvOlHwKv,1211.000,hd5hRwaUatBMaDG/,1295.000,7pz7mk3D0hXlDzD3,1315.000,qqJiNVFb4eVer0Td,1367.000,bK4o9vjSbPLZyBKY,1663.000,cvNTIGe2F4uXnnHt,,
0,83,2026-04-04T07:22:31.535Z,1633.000,9,1033.000,2jyzeYGpJv7qv931,1229.000,zptQpMPgptmtFfM7,1364.000,PvdwtJttMSxNTJy0,1392.000,qqJiNVFb4eVer0Td,1448.000,cvNTIGe2F4uXnnHt,1469.000,bK4o9vjSbPLZyBKY,2312.000,r85qjlyojvOlHwKv,3261.000,hd5hRwaUatBMaDG/,2165.000,7pz7mk3D0hXlDzD3,,
0,84,2026-04-04T07:22:33.168Z,1363.000,9,1051.000,2jyzeYGpJv7qv931,1067.000,PvdwtJttMSxNTJy0,1146.000,zptQpMPgptmtFfM7,1195.000,r85qjlyojvOlHwKv,1219.000,bK4o9vjSbPLZyBKY,1288.000,cvNTIGe2F4uXnnHt,1324.000,qqJiNVFb4eVer0Td,1516.000,hd5hRwaUatBMaDG/,1980.000,7pz7mk3D0hXlDzD3,,
0,85,2026-04-04T07:22:34.531Z,1467.000,9,1095.000,2jyzeYGpJv7qv931,1177.000,zptQpMPgptmtFfM7,1294.000,bK4o9vjSbPLZyBKY,1306.000,PvdwtJttMSxNTJy0,1350.000,cvNTIGe2F4uXnnHt,1399.000,hd5hRwaUatBMaDG/,1417.000,qqJiNVFb4eVer0Td,1504.000,r85qjlyojvOlHwKv,1636.000,7pz7mk3D0hXlDzD3,,
0,86,2026-04-04T07:22:35.998Z,1528.000,9,1005.000,bK4o9vjSbPLZyBKY,1151.000,PvdwtJttMSxNTJy0,1211.000,zptQpMPgptmtFfM7,1384.000,2jyzeYGpJv7qv931,1423.000,7pz7mk3D0hXlDzD3,1471.000,r85qjlyojvOlHwKv,1493.000,qqJiNVFb4eVer0Td,1559.000,cvNTIGe2F4uXnnHt,2025.000,hd5hRwaUatBMaDG/,,
0,87,2026-04-04T07:22:37.526Z,1112.000,9,824.000,PvdwtJttMSxNTJy0,888.000,zptQpMPgptmtFfM7,914.000,2jyzeYGpJv7qv931,979.000,cvNTIGe2F4uXnnHt,1030.000,r85qjlyojvOlHwKv,1056.000,bK4o9vjSbPLZyBKY,1100.000,qqJiNVFb4eVer0Td,1287.000,7pz7mk3D0hXlDzD3,1338.000,hd5hRwaUatBMaDG/,,
0,88,2026-04-04T07:22:38.638Z,1966.000,9,922.000,zptQpMPgptmtFfM7,942.000,2jyzeYGpJv7qv931,1798.000,PvdwtJttMSxNTJy0,1809.000,bK4o9vjSbPLZyBKY,1846.000,7pz7mk3D0hXlDzD3,1866.000,qqJiNVFb4eVer0Td,1944.000,r85qjlyojvOlHwKv,2178.000,hd5hRwaUatBMaDG/,2415.000,cvNTIGe2F4uXnnHt,,
0,89,2026-04-04T07:22:40.604Z,1481.000,9,984.000,zptQpMPgptmtFfM7,1004.000,PvdwtJttMSxNTJy0,1204.000,r85qjlyojvOlHwKv,1326.000,bK4o9vjSbPLZyBKY,1374.000,qqJiNVFb4eVer0Td,1418.000,hd5hRwaUatBMaDG/,1446.000,2jyzeYGpJv7qv931,2781.000,cvNTIGe2F4uXnnHt,2606.000,7pz7mk3D0hXlDzD3,,
0,90,2026-04-04T07:22:42.085Z,1795.000,9,1330.000,2jyzeYGpJv7qv931,1387.000,qqJiNVFb4eVer0Td,1448.000,zptQpMPgptmtFfM7,1513.000,cvNTIGe2F4uXnnHt,1554.000,PvdwtJttMSxNTJy0,1708.000,bK4o9vjSbPLZyBKY,1767.000,hd5hRwaUatBMaDG/,1825.000,7pz7mk3D0hXlDzD3,2069.000,r85qjlyojvOlHwKv,,
0,91,2026-04-04T07:22:43.880Z,1526.000,9,1030.000,qqJiNVFb4eVer0Td,1128.000,PvdwtJttMSxNTJy0,1200.000,zptQpMPgptmtFfM7,1230.000,2jyzeYGpJv7qv931,1270.000,bK4o9vjSbPLZyBKY,1318.000,7pz7mk3D0hXlDzD3,1501.000,cvNTIGe2F4uXnnHt,1564.000,hd5hRwaUatBMaDG/,1726.000,r85qjlyojvOlHwKv,,
0,92,2026-04-04T07:22:45.406Z,1464.000,9,1164.000,zptQpMPgptmtFfM7,1197.000,qqJiNVFb4eVer0Td,1236.000,PvdwtJttMSxNTJy0,1256.000,2jyzeYGpJv7qv931,1317.000,7pz7mk3D0hXlDzD3,1345.000,bK4o9vjSbPLZyBKY,1444.000,hd5hRwaUatBMaDG/,1496.000,r85qjlyojvOlHwKv,1846.000,cvNTIGe2F4uXnnHt,,
0,93,2026-04-04T07:22:46.870Z,1893.000,9,996.000,zptQpMPgptmtFfM7,1572.000,7pz7mk3D0hXlDzD3,1602.000,PvdwtJttMSxNTJy0,1638.000,qqJiNVFb4eVer0Td,1652.000,2jyzeYGpJv7qv931,1697.000,r85qjlyojvOlHwKv,1872.000,cvNTIGe2F4uXnnHt,1928.000,hd5hRwaUatBMaDG/,2022.000,bK4o9vjSbPLZyBKY,,
0,94,2026-04-04T07:22:48.763Z,1575.000,9,1132.000,PvdwtJttMSxNTJy0,1204.000,hd5hRwaUatBMaDG/,1236.000,bK4o9vjSbPLZyBKY,1322.000,zptQpMPgptmtFfM7,1345.000,2jyzeYGpJv7qv931,1465.000,7pz7mk3D0hXlDzD3,1525.000,cvNTIGe2F4uXnnHt,1616.000,r85qjlyojvOlHwKv,1659.000,qqJiNVFb4eVer0Td,,
0,95,2026-04-04T07:22:50.338Z,1926.000,9,1260.000,zptQpMPgptmtFfM7,1537.000,PvdwtJttMSxNTJy0,1651.000,7pz7mk3D0hXlDzD3,1682.000,bK4o9vjSbPLZyBKY,1744.000,qqJiNVFb4eVer0Td,1763.000,2jyzeYGpJv7qv931,1869.000,hd5hRwaUatBMaDG/,1975.000,cvNTIGe2F4uXnnHt,2900.000,r85qjlyojvOlHwKv,,
0,96,2026-04-04T07:22:52.264Z,1508.000,9,863.000,PvdwtJttMSxNTJy0,1014.000,bK4o9vjSbPLZyBKY,1116.000,7pz7mk3D0hXlDzD3,1146.000,qqJiNVFb4eVer0Td,1375.000,zptQpMPgptmtFfM7,1441.000,cvNTIGe2F4uXnnHt,1469.000,2jyzeYGpJv7qv931,1545.000,hd5hRwaUatBMaDG/,2365.000,r85qjlyojvOlHwKv,,
0,97,2026-04-04T07:22:53.772Z,1699.000,9,1168.000,zptQpMPgptmtFfM7,1191.000,PvdwtJttMSxNTJy0,1372.000,2jyzeYGpJv7qv931,1447.000,7pz7mk3D0hXlDzD3,1510.000,cvNTIGe2F4uXnnHt,1617.000,r85qjlyojvOlHwKv,1645.000,bK4o9vjSbPLZyBKY,1824.000,qqJiNVFb4eVer0Td,3461.000,hd5hRwaUatBMaDG/,,
0,98,2026-04-04T07:22:55.471Z,2452.000,9,880.000,2jyzeYGpJv7qv931,1244.000,zptQpMPgptmtFfM7,1317.000,7pz7mk3D0hXlDzD3,1485.000,qqJiNVFb4eVer0Td,1839.000,cvNTIGe2F4uXnnHt,1907.000,r85qjlyojvOlHwKv,1946.000,bK4o9vjSbPLZyBKY,2689.000,PvdwtJttMSxNTJy0,3372.000,hd5hRwaUatBMaDG/,,
0,99,2026-04-04T07:22:57.923Z,1981.000,8,991.000,bK4o9vjSbPLZyBKY,1125.000,7pz7mk3D0hXlDzD3,1155.000,2jyzeYGpJv7qv931,1445.000,zptQpMPgptmtFfM7,1525.000,r85qjlyojvOlHwKv,1874.000,cvNTIGe2F4uXnnHt,1915.000,PvdwtJttMSxNTJy0,2422.000,hd5hRwaUatBMaDG/,,,,
0,100,2026-04-04T07:22:59.904Z,3024.000,7,1605.000,2jyzeYGpJv7qv931,1735.000,bK4o9vjSbPLZyBKY,1760.000,PvdwtJttMSxNTJy0,2241.000,qqJiNVFb4eVer0Td,2328.000,cvNTIGe2F4uXnnHt,2525.000,r85qjlyojvOlHwKv,3969.000,hd5hRwaUatBMaDG/,,,,,,
0,101,2026-04-04T07:23:02.928Z,1652.000,7,36386.000,bK4o9vjSbPLZyBKY,37528.000,PvdwtJttMSxNTJy0,35346.000,cvNTIGe2F4uXnnHt,37914.000,r85qjlyojvOlHwKv,37674.000,2jyzeYGpJv7qv931,37820.000,qqJiNVFb4eVer0Td,37233.000,hd5hRwaUatBMaDG/,,,,,,
0,102,2026-04-04T07:23:04.580Z,,8,34997.000,cvNTIGe2F4uXnnHt,36165.000,r85qjlyojvOlHwKv,36163.000,hd5hRwaUatBMaDG/,36043.000,qqJiNVFb4eVer0Td,35793.000,2jyzeYGpJv7qv931,36043.000,PvdwtJttMSxNTJy0,36284.000,bK4o9vjSbPLZyBKY,35644.000,rAgGKl6ICbDXHmxg,,,,
1,1,2026-04-04T07:21:13.759Z,12266.000,7,8235.000,7pz7mk3D0hXlDzD3,8605.000,bK4o9vjSbPLZyBKY,9694.000,zptQpMPgptmtFfM7,10060.000,PvdwtJttMSxNTJy0,10603.000,hd5hRwaUatBMaDG/,12162.000,2jyzeYGpJv7qv931,12266.000,cvNTIGe2F4uXnnHt,,,,,,
1,2,2026-04-04T07:21:26.025Z,613.000,7,307.000,7pz7mk3D0hXlDzD3,309.000,PvdwtJttMSxNTJy0,311.000,2jyzeYGpJv7qv931,312.000,zptQpMPgptmtFfM7,406.000,bK4o9vjSbPLZyBKY,413.000,hd5hRwaUatBMaDG/,613.000,cvNTIGe2F4uXnnHt,,,,,,
1,3,2026-04-04T07:21:26.638Z,518.000,8,306.000,zptQpMPgptmtFfM7,308.000,2jyzeYGpJv7qv931,309.000,bK4o9vjSbPLZyBKY,311.000,7pz7mk3D0hXlDzD3,312.000,PvdwtJttMSxNTJy0,411.000,hd5hRwaUatBMaDG/,518.000,cvNTIGe2F4uXnnHt,860.000,r85qjlyojvOlHwKv,,,,
1,4,2026-04-04T07:21:27.156Z,412.000,9,306.000,PvdwtJttMSxNTJy0,307.000,7pz7mk3D0hXlDzD3,309.000,2jyzeYGpJv7qv931,310.000,zptQpMPgptmtFfM7,311.000,bK4o9vjSbPLZyBKY,410.000,qqJiNVFb4eVer0Td,412.000,hd5hRwaUatBMaDG/,551.000,cvNTIGe2F4uXnnHt,616.000,r85qjlyojvOlHwKv,,
1,5,2026-04-04T07:21:27.568Z,514.000,9,307.000,qqJiNVFb4eVer0Td,308.000,PvdwtJttMSxNTJy0,310.000,2jyzeYGpJv7qv931,410.000,zptQpMPgptmtFfM7,412.000,bK4o9vjSbPLZyBKY,413.000,7pz7mk3D0hXlDzD3,514.000,cvNTIGe2F4uXnnHt,518.000,r85qjlyojvOlHwKv,519.000,hd5hRwaUatBMaDG/,,
1,6,2026-04-04T07:21:28.082Z,413.000,9,306.000,7pz7mk3D0hXlDzD3,307.000,qqJiNVFb4eVer0Td,310.000,zptQpMPgptmtFfM7,311.000,PvdwtJttMSxNTJy0,312.000,2jyzeYGpJv7qv931,412.000,cvNTIGe2F4uXnnHt,413.000,hd5hRwaUatBMaDG/,513.000,bK4o9vjSbPLZyBKY,514.000,r85qjlyojvOlHwKv,,
1,7,2026-04-04T07:21:28.495Z,510.000,10,307.000,qqJiNVFb4eVer0Td,311.000,7pz7mk3D0hXlDzD3,408.000,2jyzeYGpJv7qv931,411.000,PvdwtJttMSxNTJy0,412.000,bK4o9vjSbPLZyBKY,413.000,zptQpMPgptmtFfM7,510.000,hd5hRwaUatBMaDG/,512.000,r85qjlyojvOlHwKv,513.000,cvNTIGe2F4uXnnHt,1055.000,rAgGKl6ICbDXHmxg
1,8,2026-04-04T07:21:29.005Z,412.000,9,308.000,qqJiNVFb4eVer0Td,310.000,bK4o9vjSbPLZyBKY,311.000,zptQpMPgptmtFfM7,313.000,PvdwtJttMSxNTJy0,314.000,7pz7mk3D0hXlDzD3,315.000,2jyzeYGpJv7qv931,412.000,hd5hRwaUatBMaDG/,414.000,r85qjlyojvOlHwKv,415.000,cvNTIGe2F4uXnnHt,,
1,9,2026-04-04T07:21:29.417Z,414.000,10,306.000,bK4o9vjSbPLZyBKY,307.000,qqJiNVFb4eVer0Td,309.000,zptQpMPgptmtFfM7,409.000,2jyzeYGpJv7qv931,411.000,7pz7mk3D0hXlDzD3,412.000,PvdwtJttMSxNTJy0,413.000,r85qjlyojvOlHwKv,516.000,cvNTIGe2F4uXnnHt,518.000,hd5hRwaUatBMaDG/,1119.000,rAgGKl6ICbDXHmxg
1,10,2026-04-04T07:21:29.831Z,510.000,9,305.000,PvdwtJttMSxNTJy0,306.000,2jyzeYGpJv7qv931,405.000,qqJiNVFb4eVer0Td,409.000,bK4o9vjSbPLZyBKY,410.000,7pz7mk3D0hXlDzD3,412.000,zptQpMPgptmtFfM7,510.000,cvNTIGe2F4uXnnHt,512.000,hd5hRwaUatBMaDG/,518.000,r85qjlyojvOlHwKv,,
1,11,2026-04-04T07:21:30.341Z,412.000,9,308.000,qqJiNVFb4eVer0Td,310.000,PvdwtJttMSxNTJy0,311.000,bK4o9vjSbPLZyBKY,312.000,7pz7mk3D0hXlDzD3,314.000,zptQpMPgptmtFfM7,315.000,2jyzeYGpJv7qv931,412.000,hd5hRwaUatBMaDG/,414.000,cvNTIGe2F4uXnnHt,415.000,r85qjlyojvOlHwKv,,
1,12,2026-04-04T07:21:30.753Z,512.000,10,306.000,bK4o9vjSbPLZyBKY,307.000,qqJiNVFb4eVer0Td,308.000,PvdwtJttMSxNTJy0,409.000,zptQpMPgptmtFfM7,411.000,7pz7mk3D0hXlDzD3,412.000,2jyzeYGpJv7qv931,512.000,hd5hRwaUatBMaDG/,513.000,r85qjlyojvOlHwKv,514.000,cvNTIGe2F4uXnnHt,835.000,rAgGKl6ICbDXHmxg
1,13,2026-04-04T07:21:31.265Z,411.000,10,308.000,qqJiNVFb4eVer0Td,309.000,bK4o9vjSbPLZyBKY,311.000,PvdwtJttMSxNTJy0,312.000,2jyzeYGpJv7qv931,313.000,zptQpMPgptmtFfM7,315.000,7pz7mk3D0hXlDzD3,411.000,cvNTIGe2F4uXnnHt,412.000,hd5hRwaUatBMaDG/,415.000,r85qjlyojvOlHwKv,910.000,rAgGKl6ICbDXHmxg
1,14,2026-04-04T07:21:31.676Z,509.000,9,304.000,qqJiNVFb4eVer0Td,306.000,bK4o9vjSbPLZyBKY,410.000,2jyzeYGpJv7qv931,411.000,zptQpMPgptmtFfM7,412.000,7pz7mk3D0hXlDzD3,414.000,PvdwtJttMSxNTJy0,509.000,hd5hRwaUatBMaDG/,512.000,cvNTIGe2F4uXnnHt,513.000,r85qjlyojvOlHwKv,,
1,15,2026-04-04T07:21:32.185Z,417.000,10,311.000,7pz7mk3D0hXlDzD3,312.000,qqJiNVFb4eVer0Td,314.000,zptQpMPgptmtFfM7,315.000,bK4o9vjSbPLZyBKY,316.000,2jyzeYGpJv7qv931,318.000,PvdwtJttMSxNTJy0,416.000,r85qjlyojvOlHwKv,418.000,cvNTIGe2F4uXnnHt,419.000,hd5hRwaUatBMaDG/,720.000,rAgGKl6ICbDXHmxg
1,16,2026-04-04T07:21:32.602Z,507.000,10,402.000,PvdwtJttMSxNTJy0,404.000,bK4o9vjSbPLZyBKY,404.000,qqJiNVFb4eVer0Td,406.000,7pz7mk3D0hXlDzD3,407.000,2jyzeYGpJv7qv931,409.000,zptQpMPgptmtFfM7,507.000,cvNTIGe2F4uXnnHt,509.000,r85qjlyojvOlHwKv,510.000,hd5hRwaUatBMaDG/,794.000,rAgGKl6ICbDXHmxg
1,17,2026-04-04T07:21:33.109Z,412.000,9,308.000,qqJiNVFb4eVer0Td,309.000,2jyzeYGpJv7qv931,310.000,bK4o9vjSbPLZyBKY,312.000,7pz7mk3D0hXlDzD3,313.000,zptQpMPgptmtFfM7,315.000,PvdwtJttMSxNTJy0,412.000,hd5hRwaUatBMaDG/,413.000,cvNTIGe2F4uXnnHt,414.000,r85qjlyojvOlHwKv,,
1,18,2026-04-04T07:21:33.521Z,509.000,10,305.000,zptQpMPgptmtFfM7,405.000,qqJiNVFb4eVer0Td,407.000,2jyzeYGpJv7qv931,408.000,PvdwtJttMSxNTJy0,409.000,7pz7mk3D0hXlDzD3,410.000,bK4o9vjSbPLZyBKY,509.000,cvNTIGe2F4uXnnHt,511.000,r85qjlyojvOlHwKv,513.000,hd5hRwaUatBMaDG/,806.000,rAgGKl6ICbDXHmxg
1,19,2026-04-04T07:21:34.030Z,414.000,10,310.000,bK4o9vjSbPLZyBKY,311.000,7pz7mk3D0hXlDzD3,313.000,2jyzeYGpJv7qv931,313.000,qqJiNVFb4eVer0Td,315.000,zptQpMPgptmtFfM7,316.000,PvdwtJttMSxNTJy0,413.000,cvNTIGe2F4uXnnHt,415.000,hd5hRwaUatBMaDG/,416.000,r85qjlyojvOlHwKv,777.000,rAgGKl6ICbDXHmxg
1,20,2026-04-04T07:21:34.444Z,508.000,9,304.000,7pz7mk3D0hXlDzD3,306.000,zptQpMPgptmtFfM7,307.000,PvdwtJttMSxNTJy0,405.000,qqJiNVFb4eVer0Td,407.000,bK4o9vjSbPLZyBKY,410.000,2jyzeYGpJv7qv931,507.000,hd5hRwaUatBMaDG/,510.000,r85qjlyojvOlHwKv,515.000,cvNTIGe2F4uXnnHt,,
1,21,2026-04-04T07:21:34.952Z,412.000,10,310.000,qqJiNVFb4eVer0Td,311.000,PvdwtJttMSxNTJy0,312.000,zptQpMPgptmtFfM7,314.000,bK4o9vjSbPLZyBKY,315.000,7pz7mk3D0hXlDzD3,317.000,2jyzeYGpJv7qv931,412.000,cvNTIGe2F4uXnnHt,415.000,hd5hRwaUatBMaDG/,417.000,r85qjlyojvOlHwKv,872.000,rAgGKl6ICbDXHmxg
1,22,2026-04-04T07:21:35.364Z,509.000,10,305.000,qqJiNVFb4eVer0Td,408.000,bK4o9vjSbPLZyBKY,411.000,zptQpMPgptmtFfM7,412.000,PvdwtJttMSxNTJy0,413.000,2jyzeYGpJv7qv931,414.000,7pz7mk3D0hXlDzD3,509.000,hd5hRwaUatBMaDG/,511.000,cvNTIGe2F4uXnnHt,513.000,r85qjlyojvOlHwKv,844.000,rAgGKl6ICbDXHmxg
1,23,2026-04-04T07:21:35.873Z,414.000,9,311.000,qqJiNVFb4eVer0Td,312.000,PvdwtJttMSxNTJy0,313.000,bK4o9vjSbPLZyBKY,315.000,2jyzeYGpJv7qv931,316.000,7pz7mk3D0hXlDzD3,318.000,zptQpMPgptmtFfM7,414.000,hd5hRwaUatBMaDG/,416.000,r85qjlyojvOlHwKv,418.000,cvNTIGe2F4uXnnHt,,
1,24,2026-04-04T07:21:36.287Z,512.000,10,307.000,2jyzeYGpJv7qv931,408.000,PvdwtJttMSxNTJy0,409.000,bK4o9vjSbPLZyBKY,410.000,zptQpMPgptmtFfM7,411.000,qqJiNVFb4eVer0Td,413.000,7pz7mk3D0hXlDzD3,512.000,hd5hRwaUatBMaDG/,513.000,r85qjlyojvOlHwKv,514.000,cvNTIGe2F4uXnnHt,908.000,rAgGKl6ICbDXHmxg
1,25,2026-04-04T07:21:36.799Z,410.000,10,307.000,7pz7mk3D0hXlDzD3,307.000,qqJiNVFb4eVer0Td,309.000,2jyzeYGpJv7qv931,310.000,zptQpMPgptmtFfM7,311.000,bK4o9vjSbPLZyBKY,313.000,PvdwtJttMSxNTJy0,410.000,cvNTIGe2F4uXnnHt,412.000,hd5hRwaUatBMaDG/,413.000,r85qjlyojvOlHwKv,869.000,rAgGKl6ICbDXHmxg
1,26,2026-04-04T07:21:37.209Z,508.000,9,305.000,7pz7mk3D0hXlDzD3,404.000,qqJiNVFb4eVer0Td,406.000,bK4o9vjSbPLZyBKY,407.000,PvdwtJttMSxNTJy0,409.000,zptQpMPgptmtFfM7,410.000,2jyzeYGpJv7qv931,508.000,cvNTIGe2F4uXnnHt,509.000,r85qjlyojvOlHwKv,513.000,hd5hRwaUatBMaDG/,,
1,27,2026-04-04T07:21:37.717Z,414.000,10,310.000,qqJiNVFb4eVer0Td,312.000,bK4o9vjSbPLZyBKY,313.000,7pz7mk3D0hXlDzD3,315.000,PvdwtJttMSxNTJy0,316.000,2jyzeYGpJv7qv931,317.000,zptQpMPgptmtFfM7,414.000,hd5hRwaUatBMaDG/,415.000,r85qjlyojvOlHwKv,416.000,cvNTIGe2F4uXnnHt,891.000,rAgGKl6ICbDXHmxg
1,28,2026-04-04T07:21:38.131Z,508.000,9,404.000,bK4o9vjSbPLZyBKY,404.000,qqJiNVFb4eVer0Td,408.000,PvdwtJttMSxNTJy0,409.000,7pz7mk3D0hXlDzD3,410.000,2jyzeYGpJv7qv931,412.000,zptQpMPgptmtFfM7,508.000,hd5hRwaUatBMaDG/,509.000,r85qjlyojvOlHwKv,511.000,cvNTIGe2F4uXnnHt,,
1,29,2026-04-04T07:21:38.639Z,415.000,10,311.000,bK4o9vjSbPLZyBKY,312.000,qqJiNVFb4eVer0Td,313.000,PvdwtJttMSxNTJy0,314.000,2jyzeYGpJv7qv931,316.000,7pz7mk3D0hXlDzD3,317.000,zptQpMPgptmtFfM7,415.000,cvNTIGe2F4uXnnHt,416.000,r85qjlyojvOlHwKv,418.000,hd5hRwaUatBMaDG/,912.000,rAgGKl6ICbDXHmxg
1,30,2026-04-04T07:21:39.054Z,506.000,9,403.000,zptQpMPgptmtFfM7,405.000,2jyzeYGpJv7qv931,406.000,7pz7mk3D0hXlDzD3,406.000,qqJiNVFb4eVer0Td,407.000,PvdwtJttMSxNTJy0,409.000,bK4o9vjSbPLZyBKY,506.000,hd5hRwaUatBMaDG/,508.000,cvNTIGe2F4uXnnHt,509.000,r85qjlyojvOlHwKv,,
1,31,2026-04-04T07:21:39.560Z,414.000,10,311.000,qqJiNVFb4eVer0Td,315.000,7pz7mk3D0hXlDzD3,316.000,zptQpMPgptmtFfM7,317.000,bK4o9vjSbPLZyBKY,318.000,2jyzeYGpJv7qv931,320.000,PvdwtJttMSxNTJy0,414.000,hd5hRwaUatBMaDG/,416.000,r85qjlyojvOlHwKv,418.000,cvNTIGe2F4uXnnHt,917.000,rAgGKl6ICbDXHmxg
1,32,2026-04-04T07:21:39.974Z,507.000,10,403.000,2jyzeYGpJv7qv931,405.000,bK4o9vjSbPLZyBKY,405.000,qqJiNVFb4eVer0Td,407.000,zptQpMPgptmtFfM7,408.000,PvdwtJttMSxNTJy0,409.000,7pz7mk3D0hXlDzD3,507.000,cvNTIGe2F4uXnnHt,508.000,r85qjlyojvOlHwKv,510.000,hd5hRwaUatBMaDG/,987.000,rAgGKl6ICbDXHmxg
1,33,2026-04-04T07:21:40.481Z,417.000,10,313.000,zptQpMPgptmtFfM7,313.000,qqJiNVFb4eVer0Td,315.000,2jyzeYGpJv7qv931,316.000,7pz7mk3D0hXlDzD3,318.000,bK4o9vjSbPLZyBKY,319.000,PvdwtJttMSxNTJy0,417.000,r85qjlyojvOlHwKv,419.000,hd5hRwaUatBMaDG/,425.000,cvNTIGe2F4uXnnHt,859.000,rAgGKl6ICbDXHmxg
1,34,2026-04-04T07:21:40.898Z,534.000,7,196.000,2jyzeYGpJv7qv931,200.000,bK4o9vjSbPLZyBKY,210.000,qqJiNVFb4eVer0Td,271.000,PvdwtJttMSxNTJy0,402.000,7pz7mk3D0hXlDzD3,419.000,hd5hRwaUatBMaDG/,533.000,r85qjlyojvOlHwKv,,,,,,
1,35,2026-04-04T07:21:41.432Z,683.000,9,233.000,qqJiNVFb4eVer0Td,239.000,PvdwtJttMSxNTJy0,327.000,bK4o9vjSbPLZyBKY,385.000,2jyzeYGpJv7qv931,475.000,cvNTIGe2F4uXnnHt,492.000,zptQpMPgptmtFfM7,676.000,r85qjlyojvOlHwKv,752.000,7pz7mk3D0hXlDzD3,1248.000,rAgGKl6ICbDXHmxg,,
1,36,2026-04-04T07:21:42.115Z,640.000,9,326.000,PvdwtJttMSxNTJy0,361.000,bK4o9vjSbPLZyBKY,409.000,qqJiNVFb4eVer0Td,450.000,2jyzeYGpJv7qv931,528.000,r85qjlyojvOlHwKv,557.000,zptQpMPgptmtFfM7,630.000,7pz7mk3D0hXlDzD3,917.000,hd5hRwaUatBMaDG/,1029.000,cvNTIGe2F4uXnnHt,,
1,37,2026-04-04T07:21:42.755Z,759.000,9,555.000,qqJiNVFb4eVer0Td,581.000,zptQpMPgptmtFfM7,598.000,PvdwtJttMSxNTJy0,610.000,2jyzeYGpJv7qv931,670.000,7pz7mk3D0hXlDzD3,720.000,cvNTIGe2F4uXnnHt,735.000,bK4o9vjSbPLZyBKY,791.000,hd5hRwaUatBMaDG/,892.000,r85qjlyojvOlHwKv,,
1,38,2026-04-04T07:21:43.514Z,899.000,9,648.000,qqJiNVFb4eVer0Td,674.000,PvdwtJttMSxNTJy0,732.000,7pz7mk3D0hXlDzD3,773.000,zptQpMPgptmtFfM7,787.000,2jyzeYGpJv7qv931,854.000,hd5hRwaUatBMaDG/,871.000,bK4o9vjSbPLZyBKY,1002.000,cvNTIGe2F4uXnnHt,1155.000,r85qjlyojvOlHwKv,,
1,39,2026-04-04T07:21:44.413Z,686.000,9,508.000,zptQpMPgptmtFfM7,517.000,PvdwtJttMSxNTJy0,538.000,2jyzeYGpJv7qv931,545.000,bK4o9vjSbPLZyBKY,570.000,7pz7mk3D0hXlDzD3,578.000,qqJiNVFb4eVer0Td,666.000,hd5hRwaUatBMaDG/,767.000,cvNTIGe2F4uXnnHt,799.000,r85qjlyojvOlHwKv,,
1,40,2026-04-04T07:21:45.099Z,1045.000,9,738.000,qqJiNVFb4eVer0Td,790.000,7pz7mk3D0hXlDzD3,804.000,PvdwtJttMSxNTJy0,877.000,zptQpMPgptmtFfM7,888.000,2jyzeYGpJv7qv931,984.000,cvNTIGe2F4uXnnHt,1034.000,hd5hRwaUatBMaDG/,1046.000,bK4o9vjSbPLZyBKY,1623.000,r85qjlyojvOlHwKv,,
1,41,2026-04-04T07:21:46.144Z,710.000,8,409.000,7pz7mk3D0hXlDzD3,440.000,zptQpMPgptmtFfM7,454.000,qqJiNVFb4eVer0Td,489.000,PvdwtJttMSxNTJy0,599.000,2jyzeYGpJv7qv931,666.000,hd5hRwaUatBMaDG/,692.000,bK4o9vjSbPLZyBKY,1096.000,cvNTIGe2F4uXnnHt,,,,
1,42,2026-04-04T07:21:46.854Z,1015.000,9,728.000,qqJiNVFb4eVer0Td,776.000,PvdwtJttMSxNTJy0,868.000,zptQpMPgptmtFfM7,930.000,7pz7mk3D0hXlDzD3,941.000,2jyzeYGpJv7qv931,968.000,bK4o9vjSbPLZyBKY,1004.000,hd5hRwaUatBMaDG/,1035.000,cvNTIGe2F4uXnnHt,1551.000,r85qjlyojvOlHwKv,,
1,43,2026-04-04T07:21:47.869Z,772.000,9,508.000,zptQpMPgptmtFfM7,568.000,2jyzeYGpJv7qv931,598.000,7pz7mk3D0hXlDzD3,607.000,PvdwtJttMSxNTJy0,691.000,qqJiNVFb4eVer0Td,707.000,bK4o9vjSbPLZyBKY,758.000,hd5hRwaUatBMaDG/,797.000,cvNTIGe2F4uXnnHt,1435.000,r85qjlyojvOlHwKv,,
1,44,2026-04-04T07:21:48.641Z,855.000,9,549.000,PvdwtJttMSxNTJy0,617.000,7pz7mk3D0hXlDzD3,680.000,qqJiNVFb4eVer0Td,772.000,2jyzeYGpJv7qv931,788.000,bK4o9vjSbPLZyBKY,817.000,zptQpMPgptmtFfM7,845.000,hd5hRwaUatBMaDG/,1139.000,cvNTIGe2F4uXnnHt,1301.000,r85qjlyojvOlHwKv,,
1,45,2026-04-04T07:21:49.496Z,803.000,9,479.000,7pz7mk3D0hXlDzD3,491.000,bK4o9vjSbPLZyBKY,524.000,qqJiNVFb4eVer0Td,695.000,zptQpMPgptmtFfM7,705.000,2jyzeYGpJv7qv931,740.000,PvdwtJttMSxNTJy0,789.000,cvNTIGe2F4uXnnHt,1200.000,hd5hRwaUatBMaDG/,1336.000,r85qjlyojvOlHwKv,,
1,46,2026-04-04T07:21:50.299Z,829.000,9,631.000,zptQpMPgptmtFfM7,647.000,qqJiNVFb4eVer0Td,663.000,bK4o9vjSbPLZyBKY,672.000,2jyzeYGpJv7qv931,704.000,7pz7mk3D0hXlDzD3,751.000,PvdwtJttMSxNTJy0,814.000,hd5hRwaUatBMaDG/,939.000,cvNTIGe2F4uXnnHt,1387.000,r85qjlyojvOlHwKv,,
1,47,2026-04-04T07:21:51.128Z,931.000,9,363.000,qqJiNVFb4eVer0Td,591.000,PvdwtJttMSxNTJy0,707.000,7pz7mk3D0hXlDzD3,746.000,zptQpMPgptmtFfM7,757.000,bK4o9vjSbPLZyBKY,788.000,2jyzeYGpJv7qv931,920.000,hd5hRwaUatBMaDG/,1056.000,cvNTIGe2F4uXnnHt,1319.000,r85qjlyojvOlHwKv,,
1,48,2026-04-04T07:21:52.059Z,898.000,9,422.000,qqJiNVFb4eVer0Td,574.000,bK4o9vjSbPLZyBKY,586.000,2jyzeYGpJv7qv931,599.000,PvdwtJttMSxNTJy0,653.000,hd5hRwaUatBMaDG/,707.000,zptQpMPgptmtFfM7,884.000,7pz7mk3D0hXlDzD3,923.000,cvNTIGe2F4uXnnHt,1035.000,r85qjlyojvOlHwKv,,
1,49,2026-04-04T07:21:52.957Z,751.000,9,538.000,qqJiNVFb4eVer0Td,601.000,7pz7mk3D0hXlDzD3,635.000,zptQpMPgptmtFfM7,648.000,2jyzeYGpJv7qv931,693.000,bK4o9vjSbPLZyBKY,705.000,PvdwtJttMSxNTJy0,735.000,r85qjlyojvOlHwKv,772.000,hd5hRwaUatBMaDG/,872.000,cvNTIGe2F4uXnnHt,,
1,50,2026-04-04T07:21:53.708Z,796.000,9,478.000,7pz7mk3D0hXlDzD3,504.000,zptQpMPgptmtFfM7,515.000,qqJiNVFb4eVer0Td,638.000,r85qjlyojvOlHwKv,661.000,2jyzeYGpJv7qv931,748.000,hd5hRwaUatBMaDG/,766.000,PvdwtJttMSxNTJy0,1314.000,bK4o9vjSbPLZyBKY,1396.000,cvNTIGe2F4uXnnHt,,
1,51,2026-04-04T07:21:54.504Z,1060.000,9,534.000,qqJiNVFb4eVer0Td,870.000,7pz7mk3D0hXlDzD3,880.000,2jyzeYGpJv7qv931,941.000,zptQpMPgptmtFfM7,971.000,r85qjlyojvOlHwKv,982.000,PvdwtJttMSxNTJy0,1044.000,cvNTIGe2F4uXnnHt,1726.000,hd5hRwaUatBMaDG/,1650.000,bK4o9vjSbPLZyBKY,,
1,52,2026-04-04T07:21:55.564Z,978.000,9,763.000,zptQpMPgptmtFfM7,777.000,2jyzeYGpJv7qv931,819.000,PvdwtJttMSxNTJy0,834.000,qqJiNVFb4eVer0Td,899.000,7pz7mk3D0hXlDzD3,938.000,r85qjlyojvOlHwKv,967.000,cvNTIGe2F4uXnnHt,995.000,hd5hRwaUatBMaDG/,1664.000,bK4o9vjSbPLZyBKY,,
1,53,2026-04-04T07:21:56.542Z,927.000,9,570.000,2jyzeYGpJv7qv931,638.000,7pz7mk3D0hXlDzD3,671.000,zptQpMPgptmtFfM7,756.000,qqJiNVFb4eVer0Td,819.000,r85qjlyojvOlHwKv,840.000,PvdwtJttMSxNTJy0,911.000,cvNTIGe2F4uXnnHt,948.000,hd5hRwaUatBMaDG/,1536.000,bK4o9vjSbPLZyBKY,,
1,54,2026-04-04T07:21:57.469Z,980.000,9,729.000,hd5hRwaUatBMaDG/,742.000,PvdwtJttMSxNTJy0,816.000,7pz7mk3D0hXlDzD3,830.000,qqJiNVFb4eVer0Td,893.000,zptQpMPgptmtFfM7,941.000,cvNTIGe2F4uXnnHt,960.000,2jyzeYGpJv7qv931,1177.000,r85qjlyojvOlHwKv,1413.000,bK4o9vjSbPLZyBKY,,
1,55,2026-04-04T07:21:58.449Z,1048.000,9,636.000,PvdwtJttMSxNTJy0,757.000,7pz7mk3D0hXlDzD3,770.000,qqJiNVFb4eVer0Td,857.000,zptQpMPgptmtFfM7,872.000,2jyzeYGpJv7qv931,952.000,r85qjlyojvOlHwKv,1030.000,cvNTIGe2F4uXnnHt,1144.000,bK4o9vjSbPLZyBKY,1428.000,hd5hRwaUatBMaDG/,,
1,56,2026-04-04T07:21:59.497Z,1387.000,9,675.000,qqJiNVFb4eVer0Td,913.000,2jyzeYGpJv7qv931,1017.000,7pz7mk3D0hXlDzD3,1033.000,PvdwtJttMSxNTJy0,1221.000,zptQpMPgptmtFfM7,1275.000,cvNTIGe2F4uXnnHt,1348.000,r85qjlyojvOlHwKv,1389.000,bK4o9vjSbPLZyBKY,1725.000,hd5hRwaUatBMaDG/,,
1,57,2026-04-04T07:22:00.884Z,1096.000,9,769.000,PvdwtJttMSxNTJy0,900.000,7pz7mk3D0hXlDzD3,916.000,qqJiNVFb4eVer0Td,955.000,2jyzeYGpJv7qv931,1002.000,r85qjlyojvOlHwKv,1020.000,bK4o9vjSbPLZyBKY,1078.000,cvNTIGe2F4uXnnHt,1260.000,zptQpMPgptmtFfM7,1616.000,hd5hRwaUatBMaDG/,,
1,58,2026-04-04T07:22:01.980Z,1286.000,9,707.000,qqJiNVFb4eVer0Td,854.000,bK4o9vjSbPLZyBKY,886.000,PvdwtJttMSxNTJy0,901.000,2jyzeYGpJv7qv931,940.000,7pz7mk3D0hXlDzD3,1183.000,r85qjlyojvOlHwKv,1270.000,hd5hRwaUatBMaDG/,1316.000,cvNTIGe2F4uXnnHt,1424.000,zptQpMPgptmtFfM7,,
1,59,2026-04-04T07:22:03.266Z,1022.000,9,760.000,qqJiNVFb4eVer0Td,769.000,bK4o9vjSbPLZyBKY,816.000,r85qjlyojvOlHwKv,866.000,7pz7mk3D0hXlDzD3,917.000,cvNTIGe2F4uXnnHt,965.000,zptQpMPgptmtFfM7,985.000,2jyzeYGpJv7qv931,1053.000,hd5hRwaUatBMaDG/,1161.000,PvdwtJttMSxNTJy0,,
1,60,2026-04-04T07:22:04.288Z,1397.000,9,863.000,qqJiNVFb4eVer0Td,891.000,bK4o9vjSbPLZyBKY,943.000,zptQpMPgptmtFfM7,988.000,7pz7mk3D0hXlDzD3,1114.000,PvdwtJttMSxNTJy0,1219.000,hd5hRwaUatBMaDG/,1377.000,cvNTIGe2F4uXnnHt,1545.000,r85qjlyojvOlHwKv,1711.000,2jyzeYGpJv7qv931,,
1,61,2026-04-04T07:22:05.685Z,1314.000,9,984.000,qqJiNVFb4eVer0Td,1040.000,PvdwtJttMSxNTJy0,1086.000,7pz7mk3D0hXlDzD3,1105.000,bK4o9vjSbPLZyBKY,1174.000,r85qjlyojvOlHwKv,1230.000,zptQpMPgptmtFfM7,1278.000,hd5hRwaUatBMaDG/,1315.000,2jyzeYGpJv7qv931,1586.000,cvNTIGe2F4uXnnHt,,
1,62,2026-04-04T07:22:06.999Z,928.000,9,664.000,bK4o9vjSbPLZyBKY,727.000,zptQpMPgptmtFfM7,748.000,PvdwtJttMSxNTJy0,808.000,7pz7mk3D0hXlDzD3,824.000,qqJiNVFb4eVer0Td,862.000,2jyzeYGpJv7qv931,909.000,hd5hRwaUatBMaDG/,952.000,cvNTIGe2F4uXnnHt,1187.000,r85qjlyojvOlHwKv,,
1,63,2026-04-04T07:22:07.927Z,1108.000,9,737.000,qqJiNVFb4eVer0Td,812.000,7pz7mk3D0hXlDzD3,831.000,bK4o9vjSbPLZyBKY,891.000,2jyzeYGpJv7qv931,966.000,PvdwtJttMSxNTJy0,1049.000,r85qjlyojvOlHwKv,1095.000,zptQpMPgptmtFfM7,1228.000,hd5hRwaUatBMaDG/,1630.000,cvNTIGe2F4uXnnHt,,
1,64,2026-04-04T07:22:09.035Z,1344.000,9,981.000,bK4o9vjSbPLZyBKY,1015.000,qqJiNVFb4eVer0Td,1108.000,7pz7mk3D0hXlDzD3,1153.000,zptQpMPgptmtFfM7,1237.000,PvdwtJttMSxNTJy0,1302.000,cvNTIGe2F4uXnnHt,1322.000,2jyzeYGpJv7qv931,1660.000,r85qjlyojvOlHwKv,1728.000,hd5hRwaUatBMaDG/,,
1,65,2026-04-04T07:22:10.379Z,1142.000,9,773.000,qqJiNVFb4eVer0Td,838.000,7pz7mk3D0hXlDzD3,852.000,2jyzeYGpJv7qv931,921.000,zptQpMPgptmtFfM7,941.000,bK4o9vjSbPLZyBKY,1011.000,r85qjlyojvOlHwKv,1123.000,PvdwtJttMSxNTJy0,1420.000,hd5hRwaUatBMaDG/,1613.000,cvNTIGe2F4uXnnHt,,
1,66,2026-04-04T07:22:11.521Z,1044.000,9,649.000,qqJiNVFb4eVer0Td,775.000,bK4o9vjSbPLZyBKY,826.000,PvdwtJttMSxNTJy0,880.000,zptQpMPgptmtFfM7,894.000,2jyzeYGpJv7qv931,985.000,7pz7mk3D0hXlDzD3,1028.000,r85qjlyojvOlHwKv,1309.000,hd5hRwaUatBMaDG/,1783.000,cvNTIGe2F4uXnnHt,,
1,67,2026-04-04T07:22:12.565Z,1097.000,9,533.000,qqJiNVFb4eVer0Td,695.000,zptQpMPgptmtFfM7,785.000,7pz7mk3D0hXlDzD3,811.000,bK4o9vjSbPLZyBKY,828.000,PvdwtJttMSxNTJy0,898.000,2jyzeYGpJv7qv931,1076.000,r85qjlyojvOlHwKv,1267.000,hd5hRwaUatBMaDG/,1629.000,cvNTIGe2F4uXnnHt,,
1,68,2026-04-04T07:22:13.662Z,1148.000,9,545.000,qqJiNVFb4eVer0Td,700.000,bK4o9vjSbPLZyBKY,932.000,7pz7mk3D0hXlDzD3,1011.000,zptQpMPgptmtFfM7,1025.000,2jyzeYGpJv7qv931,1107.000,r85qjlyojvOlHwKv,1127.000,PvdwtJttMSxNTJy0,1463.000,hd5hRwaUatBMaDG/,1715.000,cvNTIGe2F4uXnnHt,,
1,69,2026-04-04T07:22:14.810Z,1073.000,9,609.000,7pz7mk3D0hXlDzD3,621.000,PvdwtJttMSxNTJy0,663.000,zptQpMPgptmtFfM7,678.000,bK4o9vjSbPLZyBKY,774.000,qqJiNVFb4eVer0Td,928.000,2jyzeYGpJv7qv931,1358.000,r85qjlyojvOlHwKv,1096.000,hd5hRwaUatBMaDG/,1795.000,cvNTIGe2F4uXnnHt,,
1,70,2026-04-04T07:22:15.883Z,1003.000,8,474.000,PvdwtJttMSxNTJy0,629.000,zptQpMPgptmtFfM7,739.000,qqJiNVFb4eVer0Td,870.000,bK4o9vjSbPLZyBKY,917.000,7pz7mk3D0hXlDzD3,934.000,2jyzeYGpJv7qv931,990.000,r85qjlyojvOlHwKv,1656.000,hd5hRwaUatBMaDG/,,,,
1,71,2026-04-04T07:22:16.886Z,1384.000,9,1112.000,7pz7mk3D0hXlDzD3,1151.000,zptQpMPgptmtFfM7,1273.000,r85qjlyojvOlHwKv,1289.000,qqJiNVFb4eVer0Td,1324.000,2jyzeYGpJv7qv931,1339.000,bK4o9vjSbPLZyBKY,1373.000,hd5hRwaUatBMaDG/,1385.000,PvdwtJttMSxNTJy0,1780.000,cvNTIGe2F4uXnnHt,,
1,72,2026-04-04T07:22:18.270Z,909.000,9,715.000,zptQpMPgptmtFfM7,762.000,7pz7mk3D0hXlDzD3,780.000,PvdwtJttMSxNTJy0,819.000,bK4o9vjSbPLZyBKY,830.000,qqJiNVFb4eVer0Td,862.000,cvNTIGe2F4uXnnHt,884.000,2jyzeYGpJv7qv931,943.000,hd5hRwaUatBMaDG/,1182.000,r85qjlyojvOlHwKv,,
1,73,2026-04-04T07:22:19.179Z,1074.000,9,844.000,zptQpMPgptmtFfM7,881.000,PvdwtJttMSxNTJy0,918.000,2jyzeYGpJv7qv931,936.000,bK4o9vjSbPLZyBKY,950.000,qqJiNVFb4eVer0Td,1013.000,7pz7mk3D0hXlDzD3,1056.000,r85qjlyojvOlHwKv,1327.000,hd5hRwaUatBMaDG/,1454.000,cvNTIGe2F4uXnnHt,,
1,74,2026-04-04T07:22:20.253Z,1048.000,9,739.000,bK4o9vjSbPLZyBKY,759.000,qqJiNVFb4eVer0Td,822.000,zptQpMPgptmtFfM7,873.000,7pz7mk3D0hXlDzD3,891.000,PvdwtJttMSxNTJy0,1000.000,r85qjlyojvOlHwKv,1017.000,2jyzeYGpJv7qv931,1338.000,cvNTIGe2F4uXnnHt,1457.000,hd5hRwaUatBMaDG/,,
1,75,2026-04-04T07:22:21.301Z,1177.000,9,914.000,zptQpMPgptmtFfM7,964.000,7pz7mk3D0hXlDzD3,976.000,qqJiNVFb4eVer0Td,1066.000,PvdwtJttMSxNTJy0,1095.000,cvNTIGe2F4uXnnHt,1134.000,r85qjlyojvOlHwKv,1150.000,bK4o9vjSbPLZyBKY,1197.000,hd5hRwaUatBMaDG/,1338.000,2jyzeYGpJv7qv931,,
1,76,2026-04-04T07:22:22.478Z,1098.000,9,898.000,zptQpMPgptmtFfM7,911.000,qqJiNVFb4eVer0Td,939.000,bK4o9vjSbPLZyBKY,982.000,7pz7mk3D0hXlDzD3,1001.000,PvdwtJttMSxNTJy0,1046.000,r85qjlyojvOlHwKv,1084.000,cvNTIGe2F4uXnnHt,1099.000,2jyzeYGpJv7qv931,1497.000,hd5hRwaUatBMaDG/,,
1,77,2026-04-04T07:22:23.576Z,1310.000,9,862.000,zptQpMPgptmtFfM7,947.000,7pz7mk3D0hXlDzD3,967.000,2jyzeYGpJv7qv931,1003.000,qqJiNVFb4eVer0Td,1107.000,cvNTIGe2F4uXnnHt,1130.000,bK4o9vjSbPLZyBKY,1288.000,hd5hRwaUatBMaDG/,1330.000,PvdwtJttMSxNTJy0,1897.000,r85qjlyojvOlHwKv,,
1,78,2026-04-04T07:22:24.886Z,1167.000,9,922.000,qqJiNVFb4eVer0Td,974.000,2jyzeYGpJv7qv931,981.000,PvdwtJttMSxNTJy0,1016.000,zptQpMPgptmtFfM7,1059.000,7pz7mk3D0hXlDzD3,1100.000,hd5hRwaUatBMaDG/,1153.000,cvNTIGe2F4uXnnHt,1747.000,bK4o9vjSbPLZyBKY,1988.000,r85qjlyojvOlHwKv,,
1,79,2026-04-04T07:22:26.053Z,1536.000,9,1127.000,zptQpMPgptmtFfM7,1177.000,7pz7mk3D0hXlDzD3,1361.000,qqJiNVFb4eVer0Td,1388.000,2jyzeYGpJv7qv931,1441.000,hd5hRwaUatBMaDG/,1467.000,PvdwtJttMSxNTJy0,1520.000,bK4o9vjSbPLZyBKY,1567.000,cvNTIGe2F4uXnnHt,1697.000,r85qjlyojvOlHwKv,,
1,80,2026-04-04T07:22:27.589Z,1373.000,9,930.000,qqJiNVFb4eVer0Td,1018.000,zptQpMPgptmtFfM7,1053.000,PvdwtJttMSxNTJy0,1095.000,bK4o9vjSbPLZyBKY,1160.000,7pz7mk3D0hXlDzD3,1309.000,hd5hRwaUatBMaDG/,1333.000,2jyzeYGpJv7qv931,1564.000,r85qjlyojvOlHwKv,1717.000,cvNTIGe2F4uXnnHt,,
1,81,2026-04-04T07:22:28.962Z,1422.000,9,1006.000,zptQpMPgptmtFfM7,1171.000,7pz7mk3D0hXlDzD3,1192.000,qqJiNVFb4eVer0Td,1234.000,PvdwtJttMSxNTJy0,1250.000,2jyzeYGpJv7qv931,1297.000,r85qjlyojvOlHwKv,1410.000,bK4o9vjSbPLZyBKY,1454.000,hd5hRwaUatBMaDG/,1567.000,cvNTIGe2F4uXnnHt,,
1,82,2026-04-04T07:22:30.384Z,1230.000,9,948.000,2jyzeYGpJv7qv931,1006.000,zptQpMPgptmtFfM7,1023.000,qqJiNVFb4eVer0Td,1049.000,PvdwtJttMSxNTJy0,1091.000,hd5hRwaUatBMaDG/,1145.000,r85qjlyojvOlHwKv,1213.000,7pz7mk3D0hXlDzD3,1231.000,bK4o9vjSbPLZyBKY,1648.000,cvNTIGe2F4uXnnHt,,
1,83,2026-04-04T07:22:31.614Z,1307.000,9,929.000,zptQpMPgptmtFfM7,949.000,qqJiNVFb4eVer0Td,986.000,PvdwtJttMSxNTJy0,1010.000,2jyzeYGpJv7qv931,1183.000,cvNTIGe2F4uXnnHt,1221.000,bK4o9vjSbPLZyBKY,1287.000,r85qjlyojvOlHwKv,1623.000,hd5hRwaUatBMaDG/,2113.000,7pz7mk3D0hXlDzD3,,
1,84,2026-04-04T07:22:32.921Z,1679.000,9,1204.000,qqJiNVFb4eVer0Td,1334.000,PvdwtJttMSxNTJy0,1412.000,zptQpMPgptmtFfM7,1461.000,r85qjlyojvOlHwKv,1506.000,bK4o9vjSbPLZyBKY,1575.000,cvNTIGe2F4uXnnHt,1652.000,hd5hRwaUatBMaDG/,1682.000,2jyzeYGpJv7qv931,2185.000,7pz7mk3D0hXlDzD3,,
1,85,2026-04-04T07:22:34.600Z,1286.000,9,961.000,qqJiNVFb4eVer0Td,1021.000,zptQpMPgptmtFfM7,1042.000,bK4o9vjSbPLZyBKY,1099.000,PvdwtJttMSxNTJy0,1144.000,hd5hRwaUatBMaDG/,1204.000,cvNTIGe2F4uXnnHt,1262.000,r85qjlyojvOlHwKv,1288.000,2jyzeYGpJv7qv931,1495.000,7pz7mk3D0hXlDzD3,,
1,86,2026-04-04T07:22:35.886Z,1400.000,9,932.000,bK4o9vjSbPLZyBKY,1052.000,qqJiNVFb4eVer0Td,1077.000,PvdwtJttMSxNTJy0,1120.000,zptQpMPgptmtFfM7,1277.000,7pz7mk3D0hXlDzD3,1326.000,r85qjlyojvOlHwKv,1379.000,cvNTIGe2F4uXnnHt,1750.000,2jyzeYGpJv7qv931,2045.000,hd5hRwaUatBMaDG/,,
1,87,2026-04-04T07:22:37.286Z,1432.000,9,1130.000,qqJiNVFb4eVer0Td,1161.000,PvdwtJttMSxNTJy0,1223.000,zptQpMPgptmtFfM7,1288.000,cvNTIGe2F4uXnnHt,1367.000,r85qjlyojvOlHwKv,1390.000,bK4o9vjSbPLZyBKY,1422.000,2jyzeYGpJv7qv931,1606.000,7pz7mk3D0hXlDzD3,1659.000,hd5hRwaUatBMaDG/,,
1,88,2026-04-04T07:22:38.718Z,1066.000,9,845.000,zptQpMPgptmtFfM7,865.000,qqJiNVFb4eVer0Td,888.000,PvdwtJttMSxNTJy0,923.000,7pz7mk3D0hXlDzD3,940.000,bK4o9vjSbPLZyBKY,999.000,2jyzeYGpJv7qv931,1049.000,r85qjlyojvOlHwKv,1177.000,hd5hRwaUatBMaDG/,1431.000,cvNTIGe2F4uXnnHt,,
1,89,2026-04-04T07:22:39.784Z,1937.000,9,1498.000,qqJiNVFb4eVer0Td,1557.000,zptQpMPgptmtFfM7,1577.000,PvdwtJttMSxNTJy0,1673.000,r85qjlyojvOlHwKv,1786.000,bK4o9vjSbPLZyBKY,1867.000,hd5hRwaUatBMaDG/,1917.000,cvNTIGe2F4uXnnHt,2360.000,2jyzeYGpJv7qv931,2622.000,7pz7mk3D0hXlDzD3,,
1,90,2026-04-04T07:22:41.721Z,1614.000,9,1005.000,qqJiNVFb4eVer0Td,1159.000,zptQpMPgptmtFfM7,1220.000,cvNTIGe2F4uXnnHt,1241.000,PvdwtJttMSxNTJy0,1431.000,bK4o9vjSbPLZyBKY,1545.000,hd5hRwaUatBMaDG/,1595.000,7pz7mk3D0hXlDzD3,1764.000,r85qjlyojvOlHwKv,1799.000,2jyzeYGpJv7qv931,,
1,91,2026-04-04T07:22:43.335Z,1659.000,9,1044.000,qqJiNVFb4eVer0Td,1125.000,PvdwtJttMSxNTJy0,1220.000,zptQpMPgptmtFfM7,1248.000,bK4o9vjSbPLZyBKY,1499.000,7pz7mk3D0hXlDzD3,1556.000,cvNTIGe2F4uXnnHt,1626.000,r85qjlyojvOlHwKv,1698.000,hd5hRwaUatBMaDG/,2162.000,2jyzeYGpJv7qv931,,
1,92,2026-04-04T07:22:44.994Z,1267.000,9,905.000,qqJiNVFb4eVer0Td,968.000,zptQpMPgptmtFfM7,990.000,PvdwtJttMSxNTJy0,1069.000,7pz7mk3D0hXlDzD3,1124.000,hd5hRwaUatBMaDG/,1145.000,bK4o9vjSbPLZyBKY,1245.000,r85qjlyojvOlHwKv,1306.000,cvNTIGe2F4uXnnHt,2128.000,2jyzeYGpJv7qv931,,
1,93,2026-04-04T07:22:46.261Z,1765.000,9,981.000,qqJiNVFb4eVer0Td,1100.000,zptQpMPgptmtFfM7,1152.000,7pz7mk3D0hXlDzD3,1171.000,PvdwtJttMSxNTJy0,1247.000,r85qjlyojvOlHwKv,1647.000,cvNTIGe2F4uXnnHt,1741.000,hd5hRwaUatBMaDG/,1766.000,bK4o9vjSbPLZyBKY,3112.000,2jyzeYGpJv7qv931,,
1,94,2026-04-04T07:22:48.026Z,1972.000,9,1604.000,hd5hRwaUatBMaDG/,1638.000,PvdwtJttMSxNTJy0,1696.000,qqJiNVFb4eVer0Td,1744.000,bK4o9vjSbPLZyBKY,1811.000,zptQpMPgptmtFfM7,1876.000,7pz7mk3D0hXlDzD3,1950.000,r85qjlyojvOlHwKv,2010.000,cvNTIGe2F4uXnnHt,2585.000,2jyzeYGpJv7qv931,,
1,95,2026-04-04T07:22:49.998Z,1935.000,9,1064.000,zptQpMPgptmtFfM7,1117.000,qqJiNVFb4eVer0Td,1501.000,PvdwtJttMSxNTJy0,1543.000,bK4o9vjSbPLZyBKY,1606.000,7pz7mk3D0hXlDzD3,1825.000,hd5hRwaUatBMaDG/,1903.000,cvNTIGe2F4uXnnHt,2621.000,2jyzeYGpJv7qv931,2860.000,r85qjlyojvOlHwKv,,
1,96,2026-04-04T07:22:51.933Z,1888.000,9,835.000,PvdwtJttMSxNTJy0,961.000,qqJiNVFb4eVer0Td,1025.000,bK4o9vjSbPLZyBKY,1091.000,7pz7mk3D0hXlDzD3,1296.000,zptQpMPgptmtFfM7,1356.000,cvNTIGe2F4uXnnHt,1927.000,hd5hRwaUatBMaDG/,2439.000,2jyzeYGpJv7qv931,2861.000,r85qjlyojvOlHwKv,,
1,97,2026-04-04T07:22:53.821Z,2028.000,9,1460.000,zptQpMPgptmtFfM7,1488.000,PvdwtJttMSxNTJy0,1655.000,qqJiNVFb4eVer0Td,1720.000,cvNTIGe2F4uXnnHt,1792.000,7pz7mk3D0hXlDzD3,1939.000,2jyzeYGpJv7qv931,2002.000,r85qjlyojvOlHwKv,2030.000,bK4o9vjSbPLZyBKY,4016.000,hd5hRwaUatBMaDG/,,
1,98,2026-04-04T07:22:55.849Z,1752.000,9,871.000,2jyzeYGpJv7qv931,995.000,zptQpMPgptmtFfM7,1071.000,7pz7mk3D0hXlDzD3,1100.000,qqJiNVFb4eVer0Td,1589.000,cvNTIGe2F4uXnnHt,1661.000,r85qjlyojvOlHwKv,1711.000,bK4o9vjSbPLZyBKY,1920.000,PvdwtJttMSxNTJy0,4246.000,hd5hRwaUatBMaDG/,,
1,99,2026-04-04T07:22:57.601Z,3226.000,8,2535.000,bK4o9vjSbPLZyBKY,2634.000,7pz7mk3D0hXlDzD3,2718.000,zptQpMPgptmtFfM7,2762.000,2jyzeYGpJv7qv931,2865.000,r85qjlyojvOlHwKv,2961.000,cvNTIGe2F4uXnnHt,3181.000,PvdwtJttMSxNTJy0,4910.000,hd5hRwaUatBMaDG/,,,,
1,100,2026-04-04T07:23:00.827Z,2177.000,7,871.000,bK4o9vjSbPLZyBKY,1068.000,PvdwtJttMSxNTJy0,1100.000,2jyzeYGpJv7qv931,1118.000,qqJiNVFb4eVer0Td,1416.000,cvNTIGe2F4uXnnHt,1604.000,r85qjlyojvOlHwKv,2464.000,hd5hRwaUatBMaDG/,,,,,,
1,101,2026-04-04T07:23:03.004Z,1727.000,7,728.000,bK4o9vjSbPLZyBKY,776.000,PvdwtJttMSxNTJy0,1029.000,cvNTIGe2F4uXnnHt,1270.000,r85qjlyojvOlHwKv,1314.000,qqJiNVFb4eVer0Td,1372.000,2jyzeYGpJv7qv931,2176.000,hd5hRwaUatBMaDG/,,,,,,
1,102,2026-04-04T07:23:04.731Z,18824.000,8,1333.000,cvNTIGe2F4uXnnHt,1469.000,r85qjlyojvOlHwKv,2294.000,hd5hRwaUatBMaDG/,10783.000,qqJiNVFb4eVer0Td,12290.000,2jyzeYGpJv7qv931,17657.000,PvdwtJttMSxNTJy0,18757.000,bK4o9vjSbPLZyBKY,35461.000,rAgGKl6ICbDXHmxg,,,,
1,103,2026-04-04T07:23:23.555Z,,0,,,,,,,,,,,,,,,,,,,,
2,1,2026-04-04T07:21:15.233Z,10793.000,7,6761.000,7pz7mk3D0hXlDzD3,7130.000,bK4o9vjSbPLZyBKY,8220.000,zptQpMPgptmtFfM7,8587.000,PvdwtJttMSxNTJy0,9128.000,hd5hRwaUatBMaDG/,10688.000,2jyzeYGpJv7qv931,10793.000,cvNTIGe2F4uXnnHt,,,,,,
2,2,2026-04-04T07:21:26.026Z,612.000,7,307.000,7pz7mk3D0hXlDzD3,309.000,2jyzeYGpJv7qv931,310.000,zptQpMPgptmtFfM7,312.000,PvdwtJttMSxNTJy0,404.000,bK4o9vjSbPLZyBKY,509.000,hd5hRwaUatBMaDG/,612.000,cvNTIGe2F4uXnnHt,,,,,,
2,3,2026-04-04T07:21:26.638Z,519.000,8,307.000,zptQpMPgptmtFfM7,307.000,bK4o9vjSbPLZyBKY,309.000,2jyzeYGpJv7qv931,310.000,7pz7mk3D0hXlDzD3,312.000,PvdwtJttMSxNTJy0,412.000,hd5hRwaUatBMaDG/,519.000,cvNTIGe2F4uXnnHt,860.000,r85qjlyojvOlHwKv,,,,
2,4,2026-04-04T07:21:27.157Z,412.000,9,305.000,PvdwtJttMSxNTJy0,306.000,7pz7mk3D0hXlDzD3,307.000,bK4o9vjSbPLZyBKY,308.000,2jyzeYGpJv7qv931,309.000,zptQpMPgptmtFfM7,411.000,qqJiNVFb4eVer0Td,412.000,hd5hRwaUatBMaDG/,518.000,cvNTIGe2F4uXnnHt,617.000,r85qjlyojvOlHwKv,,
2,5,2026-04-04T07:21:27.569Z,520.000,9,308.000,qqJiNVFb4eVer0Td,309.000,PvdwtJttMSxNTJy0,310.000,2jyzeYGpJv7qv931,409.000,zptQpMPgptmtFfM7,410.000,bK4o9vjSbPLZyBKY,411.000,7pz7mk3D0hXlDzD3,520.000,hd5hRwaUatBMaDG/,614.000,cvNTIGe2F4uXnnHt,616.000,r85qjlyojvOlHwKv,,
2,6,2026-04-04T07:21:28.089Z,409.000,9,300.000,7pz7mk3D0hXlDzD3,302.000,qqJiNVFb4eVer0Td,304.000,zptQpMPgptmtFfM7,306.000,PvdwtJttMSxNTJy0,307.000,2jyzeYGpJv7qv931,403.000,hd5hRwaUatBMaDG/,409.000,cvNTIGe2F4uXnnHt,505.000,bK4o9vjSbPLZyBKY,508.000,r85qjlyojvOlHwKv,,
2,7,2026-04-04T07:21:28.498Z,508.000,10,306.000,qqJiNVFb4eVer0Td,308.000,7pz7mk3D0hXlDzD3,405.000,bK4o9vjSbPLZyBKY,406.000,PvdwtJttMSxNTJy0,408.000,2jyzeYGpJv7qv931,409.000,zptQpMPgptmtFfM7,508.000,hd5hRwaUatBMaDG/,511.000,r85qjlyojvOlHwKv,515.000,cvNTIGe2F4uXnnHt,1056.000,rAgGKl6ICbDXHmxg
2,8,2026-04-04T07:21:29.006Z,412.000,9,308.000,bK4o9vjSbPLZyBKY,309.000,qqJiNVFb4eVer0Td,310.000,zptQpMPgptmtFfM7,311.000,PvdwtJttMSxNTJy0,313.000,7pz7mk3D0hXlDzD3,314.000,2jyzeYGpJv7qv931,412.000,hd5hRwaUatBMaDG/,457.000,r85qjlyojvOlHwKv,460.000,cvNTIGe2F4uXnnHt,,
2,9,2026-04-04T07:21:29.418Z,413.000,10,304.000,bK4o9vjSbPLZyBKY,307.000,qqJiNVFb4eVer0Td,308.000,zptQpMPgptmtFfM7,408.000,2jyzeYGpJv7qv931,410.000,PvdwtJttMSxNTJy0,412.000,7pz7mk3D0hXlDzD3,413.000,r85qjlyojvOlHwKv,516.000,cvNTIGe2F4uXnnHt,518.000,hd5hRwaUatBMaDG/,1119.000,rAgGKl6ICbDXHmxg
2,10,2026-04-04T07:21:29.831Z,511.000,9,305.000,PvdwtJttMSxNTJy0,307.000,2jyzeYGpJv7qv931,407.000,qqJiNVFb4eVer0Td,408.000,bK4o9vjSbPLZyBKY,410.000,7pz7mk3D0hXlDzD3,411.000,zptQpMPgptmtFfM7,511.000,cvNTIGe2F4uXnnHt,514.000,hd5hRwaUatBMaDG/,516.000,r85qjlyojvOlHwKv,,
2,11,2026-04-04T07:21:30.342Z,411.000,9,308.000,bK4o9vjSbPLZyBKY,309.000,qqJiNVFb4eVer0Td,309.000,PvdwtJttMSxNTJy0,311.000,7pz7mk3D0hXlDzD3,312.000,zptQpMPgptmtFfM7,313.000,2jyzeYGpJv7qv931,411.000,cvNTIGe2F4uXnnHt,416.000,hd5hRwaUatBMaDG/,417.000,r85qjlyojvOlHwKv,,
2,12,2026-04-04T07:21:30.753Z,511.000,10,304.000,bK4o9vjSbPLZyBKY,307.000,PvdwtJttMSxNTJy0,309.000,qqJiNVFb4eVer0Td,410.000,zptQpMPgptmtFfM7,412.000,7pz7mk3D0hXlDzD3,413.000,2jyzeYGpJv7qv931,511.000,hd5hRwaUatBMaDG/,514.000,cvNTIGe2F4uXnnHt,515.000,r85qjlyojvOlHwKv,839.000,rAgGKl6ICbDXHmxg
2,13,2026-04-04T07:21:31.264Z,413.000,10,309.000,bK4o9vjSbPLZyBKY,311.000,qqJiNVFb4eVer0Td,312.000,PvdwtJttMSxNTJy0,313.000,2jyzeYGpJv7qv931,315.000,zptQpMPgptmtFfM7,316.000,7pz7mk3D0hXlDzD3,413.000,hd5hRwaUatBMaDG/,415.000,r85qjlyojvOlHwKv,416.000,cvNTIGe2F4uXnnHt,911.000,rAgGKl6ICbDXHmxg
2,14,2026-04-04T07:21:31.677Z,511.000,9,304.000,bK4o9vjSbPLZyBKY,306.000,qqJiNVFb4eVer0Td,409.000,zptQpMPgptmtFfM7,411.000,2jyzeYGpJv7qv931,412.000,PvdwtJttMSxNTJy0,413.000,7pz7mk3D0hXlDzD3,511.000,r85qjlyojvOlHwKv,512.000,hd5hRwaUatBMaDG/,513.000,cvNTIGe2F4uXnnHt,,
2,15,2026-04-04T07:21:32.188Z,413.000,10,309.000,7pz7mk3D0hXlDzD3,310.000,bK4o9vjSbPLZyBKY,311.000,qqJiNVFb4eVer0Td,312.000,zptQpMPgptmtFfM7,314.000,2jyzeYGpJv7qv931,315.000,PvdwtJttMSxNTJy0,413.000,cvNTIGe2F4uXnnHt,414.000,r85qjlyojvOlHwKv,416.000,hd5hRwaUatBMaDG/,907.000,rAgGKl6ICbDXHmxg
2,16,2026-04-04T07:21:32.601Z,506.000,10,402.000,bK4o9vjSbPLZyBKY,404.000,PvdwtJttMSxNTJy0,406.000,7pz7mk3D0hXlDzD3,408.000,zptQpMPgptmtFfM7,409.000,qqJiNVFb4eVer0Td,410.000,2jyzeYGpJv7qv931,505.000,cvNTIGe2F4uXnnHt,507.000,r85qjlyojvOlHwKv,508.000,hd5hRwaUatBMaDG/,979.000,rAgGKl6ICbDXHmxg
2,17,2026-04-04T07:21:33.107Z,413.000,9,310.000,bK4o9vjSbPLZyBKY,311.000,2jyzeYGpJv7qv931,313.000,qqJiNVFb4eVer0Td,314.000,zptQpMPgptmtFfM7,315.000,7pz7mk3D0hXlDzD3,317.000,PvdwtJttMSxNTJy0,413.000,r85qjlyojvOlHwKv,415.000,hd5hRwaUatBMaDG/,416.000,cvNTIGe2F4uXnnHt,,
2,18,2026-04-04T07:21:33.520Z,511.000,10,307.000,zptQpMPgptmtFfM7,408.000,qqJiNVFb4eVer0Td,409.000,bK4o9vjSbPLZyBKY,410.000,PvdwtJttMSxNTJy0,411.000,2jyzeYGpJv7qv931,413.000,7pz7mk3D0hXlDzD3,511.000,cvNTIGe2F4uXnnHt,513.000,hd5hRwaUatBMaDG/,514.000,r85qjlyojvOlHwKv,1000.000,rAgGKl6ICbDXHmxg
2,19,2026-04-04T07:21:34.031Z,413.000,10,308.000,bK4o9vjSbPLZyBKY,309.000,7pz7mk3D0hXlDzD3,311.000,2jyzeYGpJv7qv931,312.000,zptQpMPgptmtFfM7,314.000,qqJiNVFb4eVer0Td,315.000,PvdwtJttMSxNTJy0,413.000,r85qjlyojvOlHwKv,414.000,cvNTIGe2F4uXnnHt,415.000,hd5hRwaUatBMaDG/,956.000,rAgGKl6ICbDXHmxg
2,20,2026-04-04T07:21:34.444Z,510.000,9,305.000,7pz7mk3D0hXlDzD3,307.000,zptQpMPgptmtFfM7,308.000,PvdwtJttMSxNTJy0,405.000,bK4o9vjSbPLZyBKY,407.000,qqJiNVFb4eVer0Td,410.000,2jyzeYGpJv7qv931,510.000,r85qjlyojvOlHwKv,511.000,hd5hRwaUatBMaDG/,514.000,cvNTIGe2F4uXnnHt,,
2,21,2026-04-04T07:21:34.954Z,412.000,10,309.000,zptQpMPgptmtFfM7,310.000,bK4o9vjSbPLZyBKY,311.000,PvdwtJttMSxNTJy0,312.000,qqJiNVFb4eVer0Td,314.000,7pz7mk3D0hXlDzD3,315.000,2jyzeYGpJv7qv931,412.000,cvNTIGe2F4uXnnHt,414.000,hd5hRwaUatBMaDG/,416.000,r85qjlyojvOlHwKv,873.000,rAgGKl6ICbDXHmxg
2,22,2026-04-04T07:21:35.366Z,508.000,10,305.000,qqJiNVFb4eVer0Td,405.000,bK4o9vjSbPLZyBKY,408.000,zptQpMPgptmtFfM7,410.000,2jyzeYGpJv7qv931,411.000,PvdwtJttMSxNTJy0,412.000,7pz7mk3D0hXlDzD3,508.000,hd5hRwaUatBMaDG/,510.000,cvNTIGe2F4uXnnHt,513.000,r85qjlyojvOlHwKv,1031.000,rAgGKl6ICbDXHmxg
2,23,2026-04-04T07:21:35.874Z,414.000,9,310.000,bK4o9vjSbPLZyBKY,312.000,qqJiNVFb4eVer0Td,313.000,2jyzeYGpJv7qv931,314.000,PvdwtJttMSxNTJy0,315.000,7pz7mk3D0hXlDzD3,317.000,zptQpMPgptmtFfM7,414.000,cvNTIGe2F4uXnnHt,416.000,hd5hRwaUatBMaDG/,417.000,r85qjlyojvOlHwKv,,
2,24,2026-04-04T07:21:36.288Z,509.000,10,307.000,2jyzeYGpJv7qv931,406.000,bK4o9vjSbPLZyBKY,408.000,PvdwtJttMSxNTJy0,409.000,zptQpMPgptmtFfM7,410.000,7pz7mk3D0hXlDzD3,412.000,qqJiNVFb4eVer0Td,509.000,cvNTIGe2F4uXnnHt,510.000,hd5hRwaUatBMaDG/,512.000,r85qjlyojvOlHwKv,922.000,rAgGKl6ICbDXHmxg
2,25,2026-04-04T07:21:36.797Z,414.000,10,309.000,2jyzeYGpJv7qv931,311.000,7pz7mk3D0hXlDzD3,311.000,bK4o9vjSbPLZyBKY,312.000,qqJiNVFb4eVer0Td,314.000,zptQpMPgptmtFfM7,315.000,PvdwtJttMSxNTJy0,414.000,cvNTIGe2F4uXnnHt,416.000,r85qjlyojvOlHwKv,417.000,hd5hRwaUatBMaDG/,875.000,rAgGKl6ICbDXHmxg
2,26,2026-04-04T07:21:37.211Z,506.000,9,304.000,7pz7mk3D0hXlDzD3,403.000,bK4o9vjSbPLZyBKY,405.000,PvdwtJttMSxNTJy0,406.000,qqJiNVFb4eVer0Td,407.000,zptQpMPgptmtFfM7,408.000,2jyzeYGpJv7qv931,506.000,cvNTIGe2F4uXnnHt,507.000,r85qjlyojvOlHwKv,511.000,hd5hRwaUatBMaDG/,,
2,27,2026-04-04T07:21:37.717Z,415.000,10,310.000,bK4o9vjSbPLZyBKY,312.000,qqJiNVFb4eVer0Td,314.000,7pz7mk3D0hXlDzD3,315.000,PvdwtJttMSxNTJy0,317.000,2jyzeYGpJv7qv931,318.000,zptQpMPgptmtFfM7,415.000,cvNTIGe2F4uXnnHt,416.000,hd5hRwaUatBMaDG/,418.000,r85qjlyojvOlHwKv,895.000,rAgGKl6ICbDXHmxg
2,28,2026-04-04T07:21:38.132Z,506.000,9,402.000,bK4o9vjSbPLZyBKY,405.000,qqJiNVFb4eVer0Td,407.000,7pz7mk3D0hXlDzD3,408.000,PvdwtJttMSxNTJy0,409.000,2jyzeYGpJv7qv931,411.000,zptQpMPgptmtFfM7,506.000,r85qjlyojvOlHwKv,509.000,cvNTIGe2F4uXnnHt,510.000,hd5hRwaUatBMaDG/,,
2,29,2026-04-04T07:21:38.638Z,414.000,10,311.000,bK4o9vjSbPLZyBKY,315.000,qqJiNVFb4eVer0Td,316.000,2jyzeYGpJv7qv931,317.000,PvdwtJttMSxNTJy0,319.000,7pz7mk3D0hXlDzD3,320.000,zptQpMPgptmtFfM7,414.000,cvNTIGe2F4uXnnHt,415.000,r85qjlyojvOlHwKv,418.000,hd5hRwaUatBMaDG/,918.000,rAgGKl6ICbDXHmxg
2,30,2026-04-04T07:21:39.052Z,507.000,9,404.000,bK4o9vjSbPLZyBKY,406.000,zptQpMPgptmtFfM7,407.000,PvdwtJttMSxNTJy0,408.000,2jyzeYGpJv7qv931,410.000,7pz7mk3D0hXlDzD3,411.000,qqJiNVFb4eVer0Td,507.000,hd5hRwaUatBMaDG/,509.000,r85qjlyojvOlHwKv,511.000,cvNTIGe2F4uXnnHt,,
2,31,2026-04-04T07:21:39.559Z,418.000,10,314.000,qqJiNVFb4eVer0Td,315.000,bK4o9vjSbPLZyBKY,317.000,7pz7mk3D0hXlDzD3,318.000,2jyzeYGpJv7qv931,319.000,zptQpMPgptmtFfM7,322.000,PvdwtJttMSxNTJy0,418.000,hd5hRwaUatBMaDG/,419.000,r85qjlyojvOlHwKv,420.000,cvNTIGe2F4uXnnHt,918.000,rAgGKl6ICbDXHmxg
2,32,2026-04-04T07:21:39.977Z,503.000,10,400.000,bK4o9vjSbPLZyBKY,401.000,2jyzeYGpJv7qv931,403.000,zptQpMPgptmtFfM7,404.000,PvdwtJttMSxNTJy0,405.000,7pz7mk3D0hXlDzD3,407.000,qqJiNVFb4eVer0Td,503.000,cvNTIGe2F4uXnnHt,506.000,r85qjlyojvOlHwKv,508.000,hd5hRwaUatBMaDG/,985.000,rAgGKl6ICbDXHmxg
2,33,2026-04-04T07:21:40.480Z,418.000,10,314.000,zptQpMPgptmtFfM7,315.000,bK4o9vjSbPLZyBKY,316.000,2jyzeYGpJv7qv931,318.000,7pz7mk3D0hXlDzD3,319.000,qqJiNVFb4eVer0Td,320.000,PvdwtJttMSxNTJy0,418.000,cvNTIGe2F4uXnnHt,420.000,r85qjlyojvOlHwKv,421.000,hd5hRwaUatBMaDG/,864.000,rAgGKl6ICbDXHmxg
2,34,2026-04-04T07:21:40.898Z,533.000,7,196.000,2jyzeYGpJv7qv931,198.000,bK4o9vjSbPLZyBKY,212.000,qqJiNVFb4eVer0Td,272.000,PvdwtJttMSxNTJy0,403.000,7pz7mk3D0hXlDzD3,420.000,hd5hRwaUatBMaDG/,532.000,r85qjlyojvOlHwKv,,,,,,
2,35,2026-04-04T07:21:41.431Z,685.000,9,238.000,PvdwtJttMSxNTJy0,242.000,qqJiNVFb4eVer0Td,325.000,bK4o9vjSbPLZyBKY,386.000,2jyzeYGpJv7qv931,475.000,cvNTIGe2F4uXnnHt,492.000,zptQpMPgptmtFfM7,675.000,r85qjlyojvOlHwKv,736.000,7pz7mk3D0hXlDzD3,1257.000,rAgGKl6ICbDXHmxg,,
2,36,2026-04-04T07:21:42.116Z,622.000,9,263.000,PvdwtJttMSxNTJy0,281.000,bK4o9vjSbPLZyBKY,372.000,2jyzeYGpJv7qv931,496.000,r85qjlyojvOlHwKv,539.000,zptQpMPgptmtFfM7,548.000,qqJiNVFb4eVer0Td,612.000,7pz7mk3D0hXlDzD3,1007.000,hd5hRwaUatBMaDG/,1040.000,cvNTIGe2F4uXnnHt,,
2,37,2026-04-04T07:21:42.738Z,850.000,9,677.000,zptQpMPgptmtFfM7,695.000,bK4o9vjSbPLZyBKY,718.000,PvdwtJttMSxNTJy0,728.000,qqJiNVFb4eVer0Td,738.000,2jyzeYGpJv7qv931,801.000,7pz7mk3D0hXlDzD3,837.000,cvNTIGe2F4uXnnHt,869.000,hd5hRwaUatBMaDG/,941.000,r85qjlyojvOlHwKv,,
2,38,2026-04-04T07:21:43.588Z,772.000,9,567.000,PvdwtJttMSxNTJy0,634.000,zptQpMPgptmtFfM7,661.000,7pz7mk3D0hXlDzD3,668.000,bK4o9vjSbPLZyBKY,695.000,2jyzeYGpJv7qv931,735.000,hd5hRwaUatBMaDG/,748.000,qqJiNVFb4eVer0Td,883.000,cvNTIGe2F4uXnnHt,1114.000,r85qjlyojvOlHwKv,,
2,39,2026-04-04T07:21:44.360Z,699.000,9,518.000,zptQpMPgptmtFfM7,527.000,bK4o9vjSbPLZyBKY,559.000,PvdwtJttMSxNTJy0,567.000,2jyzeYGpJv7qv931,596.000,7pz7mk3D0hXlDzD3,651.000,hd5hRwaUatBMaDG/,672.000,qqJiNVFb4eVer0Td,733.000,cvNTIGe2F4uXnnHt,873.000,r85qjlyojvOlHwKv,,
2,40,2026-04-04T07:21:45.059Z,1205.000,9,947.000,bK4o9vjSbPLZyBKY,997.000,7pz7mk3D0hXlDzD3,1016.000,PvdwtJttMSxNTJy0,1092.000,zptQpMPgptmtFfM7,1138.000,hd5hRwaUatBMaDG/,1167.000,qqJiNVFb4eVer0Td,1197.000,2jyzeYGpJv7qv931,1230.000,cvNTIGe2F4uXnnHt,1774.000,r85qjlyojvOlHwKv,,
2,41,2026-04-04T07:21:46.264Z,641.000,8,454.000,7pz7mk3D0hXlDzD3,489.000,zptQpMPgptmtFfM7,503.000,PvdwtJttMSxNTJy0,532.000,qqJiNVFb4eVer0Td,542.000,bK4o9vjSbPLZyBKY,584.000,2jyzeYGpJv7qv931,629.000,hd5hRwaUatBMaDG/,1070.000,cvNTIGe2F4uXnnHt,,,,
2,42,2026-04-04T07:21:46.905Z,871.000,9,614.000,PvdwtJttMSxNTJy0,688.000,bK4o9vjSbPLZyBKY,724.000,zptQpMPgptmtFfM7,759.000,7pz7mk3D0hXlDzD3,771.000,2jyzeYGpJv7qv931,803.000,qqJiNVFb4eVer0Td,859.000,hd5hRwaUatBMaDG/,895.000,cvNTIGe2F4uXnnHt,1373.000,r85qjlyojvOlHwKv,,
2,43,2026-04-04T07:21:47.776Z,821.000,9,400.000,zptQpMPgptmtFfM7,523.000,2jyzeYGpJv7qv931,552.000,PvdwtJttMSxNTJy0,589.000,7pz7mk3D0hXlDzD3,602.000,bK4o9vjSbPLZyBKY,765.000,hd5hRwaUatBMaDG/,809.000,cvNTIGe2F4uXnnHt,822.000,qqJiNVFb4eVer0Td,1480.000,r85qjlyojvOlHwKv,,
2,44,2026-04-04T07:21:48.597Z,877.000,9,584.000,7pz7mk3D0hXlDzD3,596.000,PvdwtJttMSxNTJy0,675.000,2jyzeYGpJv7qv931,760.000,bK4o9vjSbPLZyBKY,791.000,qqJiNVFb4eVer0Td,826.000,zptQpMPgptmtFfM7,854.000,hd5hRwaUatBMaDG/,906.000,cvNTIGe2F4uXnnHt,1276.000,r85qjlyojvOlHwKv,,
2,45,2026-04-04T07:21:49.474Z,834.000,9,363.000,bK4o9vjSbPLZyBKY,436.000,7pz7mk3D0hXlDzD3,551.000,zptQpMPgptmtFfM7,627.000,qqJiNVFb4eVer0Td,644.000,2jyzeYGpJv7qv931,764.000,PvdwtJttMSxNTJy0,819.000,cvNTIGe2F4uXnnHt,1148.000,hd5hRwaUatBMaDG/,1337.000,r85qjlyojvOlHwKv,,
2,46,2026-04-04T07:21:50.308Z,830.000,9,452.000,bK4o9vjSbPLZyBKY,537.000,zptQpMPgptmtFfM7,594.000,2jyzeYGpJv7qv931,640.000,qqJiNVFb4eVer0Td,701.000,7pz7mk3D0hXlDzD3,741.000,PvdwtJttMSxNTJy0,817.000,hd5hRwaUatBMaDG/,931.000,cvNTIGe2F4uXnnHt,1330.000,r85qjlyojvOlHwKv,,
2,47,2026-04-04T07:21:51.138Z,913.000,9,518.000,qqJiNVFb4eVer0Td,576.000,PvdwtJttMSxNTJy0,588.000,bK4o9vjSbPLZyBKY,703.000,7pz7mk3D0hXlDzD3,781.000,zptQpMPgptmtFfM7,796.000,2jyzeYGpJv7qv931,903.000,hd5hRwaUatBMaDG/,1087.000,cvNTIGe2F4uXnnHt,1437.000,r85qjlyojvOlHwKv,,
2,48,2026-04-04T07:21:52.051Z,905.000,9,404.000,bK4o9vjSbPLZyBKY,653.000,qqJiNVFb4eVer0Td,681.000,2jyzeYGpJv7qv931,691.000,PvdwtJttMSxNTJy0,726.000,hd5hRwaUatBMaDG/,755.000,zptQpMPgptmtFfM7,887.000,7pz7mk3D0hXlDzD3,995.000,r85qjlyojvOlHwKv,2767.000,cvNTIGe2F4uXnnHt,,
2,49,2026-04-04T07:21:52.956Z,870.000,9,526.000,7pz7mk3D0hXlDzD3,539.000,2jyzeYGpJv7qv931,570.000,bK4o9vjSbPLZyBKY,633.000,zptQpMPgptmtFfM7,646.000,qqJiNVFb4eVer0Td,679.000,PvdwtJttMSxNTJy0,859.000,hd5hRwaUatBMaDG/,1367.000,r85qjlyojvOlHwKv,2692.000,cvNTIGe2F4uXnnHt,,
2,50,2026-04-04T07:21:53.826Z,1061.000,9,619.000,7pz7mk3D0hXlDzD3,672.000,zptQpMPgptmtFfM7,880.000,bK4o9vjSbPLZyBKY,908.000,qqJiNVFb4eVer0Td,921.000,2jyzeYGpJv7qv931,950.000,r85qjlyojvOlHwKv,1037.000,hd5hRwaUatBMaDG/,1062.000,PvdwtJttMSxNTJy0,1519.000,cvNTIGe2F4uXnnHt,,
2,51,2026-04-04T07:21:54.887Z,938.000,9,693.000,7pz7mk3D0hXlDzD3,703.000,qqJiNVFb4eVer0Td,732.000,2jyzeYGpJv7qv931,795.000,zptQpMPgptmtFfM7,814.000,bK4o9vjSbPLZyBKY,886.000,PvdwtJttMSxNTJy0,926.000,r85qjlyojvOlHwKv,960.000,cvNTIGe2F4uXnnHt,1830.000,hd5hRwaUatBMaDG/,,
2,52,2026-04-04T07:21:55.825Z,1025.000,9,758.000,zptQpMPgptmtFfM7,771.000,2jyzeYGpJv7qv931,816.000,PvdwtJttMSxNTJy0,858.000,r85qjlyojvOlHwKv,956.000,7pz7mk3D0hXlDzD3,988.000,hd5hRwaUatBMaDG/,999.000,bK4o9vjSbPLZyBKY,1050.000,cvNTIGe2F4uXnnHt,1372.000,qqJiNVFb4eVer0Td,,
2,53,2026-04-04T07:21:56.850Z,860.000,9,557.000,2jyzeYGpJv7qv931,635.000,7pz7mk3D0hXlDzD3,690.000,zptQpMPgptmtFfM7,727.000,r85qjlyojvOlHwKv,740.000,PvdwtJttMSxNTJy0,818.000,cvNTIGe2F4uXnnHt,832.000,bK4o9vjSbPLZyBKY,892.000,hd5hRwaUatBMaDG/,961.000,qqJiNVFb4eVer0Td,,
2,54,2026-04-04T07:21:57.710Z,1012.000,9,777.000,hd5hRwaUatBMaDG/,789.000,PvdwtJttMSxNTJy0,867.000,7pz7mk3D0hXlDzD3,914.000,zptQpMPgptmtFfM7,931.000,bK4o9vjSbPLZyBKY,977.000,qqJiNVFb4eVer0Td,994.000,2jyzeYGpJv7qv931,1175.000,r85qjlyojvOlHwKv,1726.000,cvNTIGe2F4uXnnHt,,
2,55,2026-04-04T07:21:58.722Z,1051.000,9,669.000,PvdwtJttMSxNTJy0,846.000,7pz7mk3D0hXlDzD3,860.000,bK4o9vjSbPLZyBKY,931.000,zptQpMPgptmtFfM7,950.000,qqJiNVFb4eVer0Td,991.000,2jyzeYGpJv7qv931,1036.000,r85qjlyojvOlHwKv,1837.000,cvNTIGe2F4uXnnHt,1385.000,hd5hRwaUatBMaDG/,,
2,56,2026-04-04T07:21:59.773Z,1173.000,9,913.000,qqJiNVFb4eVer0Td,940.000,bK4o9vjSbPLZyBKY,969.000,2jyzeYGpJv7qv931,1037.000,7pz7mk3D0hXlDzD3,1052.000,PvdwtJttMSxNTJy0,1115.000,zptQpMPgptmtFfM7,1159.000,r85qjlyojvOlHwKv,1200.000,cvNTIGe2F4uXnnHt,1355.000,hd5hRwaUatBMaDG/,,
2,57,2026-04-04T07:22:00.946Z,1037.000,9,784.000,PvdwtJttMSxNTJy0,832.000,7pz7mk3D0hXlDzD3,864.000,bK4o9vjSbPLZyBKY,895.000,2jyzeYGpJv7qv931,943.000,r85qjlyojvOlHwKv,960.000,qqJiNVFb4eVer0Td,1022.000,cvNTIGe2F4uXnnHt,1177.000,zptQpMPgptmtFfM7,1494.000,hd5hRwaUatBMaDG/,,
2,58,2026-04-04T07:22:01.983Z,1277.000,9,544.000,bK4o9vjSbPLZyBKY,740.000,PvdwtJttMSxNTJy0,763.000,2jyzeYGpJv7qv931,774.000,qqJiNVFb4eVer0Td,912.000,7pz7mk3D0hXlDzD3,1177.000,r85qjlyojvOlHwKv,1256.000,hd5hRwaUatBMaDG/,1307.000,cvNTIGe2F4uXnnHt,1436.000,zptQpMPgptmtFfM7,,
2,59,2026-04-04T07:22:03.260Z,1063.000,9,689.000,bK4o9vjSbPLZyBKY,782.000,qqJiNVFb4eVer0Td,826.000,r85qjlyojvOlHwKv,881.000,7pz7mk3D0hXlDzD3,955.000,zptQpMPgptmtFfM7,973.000,2jyzeYGpJv7qv931,1046.000,cvNTIGe2F4uXnnHt,1064.000,PvdwtJttMSxNTJy0,1238.000,hd5hRwaUatBMaDG/,,
2,60,2026-04-04T07:22:04.323Z,1276.000,9,704.000,bK4o9vjSbPLZyBKY,895.000,zptQpMPgptmtFfM7,941.000,7pz7mk3D0hXlDzD3,964.000,qqJiNVFb4eVer0Td,1078.000,PvdwtJttMSxNTJy0,1208.000,hd5hRwaUatBMaDG/,1261.000,r85qjlyojvOlHwKv,1437.000,cvNTIGe2F4uXnnHt,1611.000,2jyzeYGpJv7qv931,,
2,61,2026-04-04T07:22:05.599Z,1108.000,9,739.000,bK4o9vjSbPLZyBKY,786.000,PvdwtJttMSxNTJy0,831.000,7pz7mk3D0hXlDzD3,952.000,r85qjlyojvOlHwKv,1008.000,zptQpMPgptmtFfM7,1052.000,hd5hRwaUatBMaDG/,1073.000,qqJiNVFb4eVer0Td,1109.000,2jyzeYGpJv7qv931,1486.000,cvNTIGe2F4uXnnHt,,
2,62,2026-04-04T07:22:06.707Z,1204.000,9,754.000,bK4o9vjSbPLZyBKY,838.000,zptQpMPgptmtFfM7,857.000,PvdwtJttMSxNTJy0,947.000,7pz7mk3D0hXlDzD3,1020.000,2jyzeYGpJv7qv931,1138.000,hd5hRwaUatBMaDG/,1156.000,qqJiNVFb4eVer0Td,1240.000,r85qjlyojvOlHwKv,1344.000,cvNTIGe2F4uXnnHt,,
2,63,2026-04-04T07:22:07.911Z,1163.000,9,728.000,bK4o9vjSbPLZyBKY,797.000,7pz7mk3D0hXlDzD3,811.000,qqJiNVFb4eVer0Td,910.000,2jyzeYGpJv7qv931,1053.000,PvdwtJttMSxNTJy0,1106.000,r85qjlyojvOlHwKv,1151.000,zptQpMPgptmtFfM7,1291.000,hd5hRwaUatBMaDG/,1538.000,cvNTIGe2F4uXnnHt,,
2,64,2026-04-04T07:22:09.074Z,1228.000,9,596.000,bK4o9vjSbPLZyBKY,760.000,7pz7mk3D0hXlDzD3,828.000,zptQpMPgptmtFfM7,981.000,qqJiNVFb4eVer0Td,1068.000,PvdwtJttMSxNTJy0,1089.000,2jyzeYGpJv7qv931,1205.000,cvNTIGe2F4uXnnHt,1508.000,r85qjlyojvOlHwKv,1619.000,hd5hRwaUatBMaDG/,,
2,65,2026-04-04T07:22:10.302Z,1165.000,9,793.000,7pz7mk3D0hXlDzD3,808.000,2jyzeYGpJv7qv931,861.000,zptQpMPgptmtFfM7,876.000,bK4o9vjSbPLZyBKY,922.000,qqJiNVFb4eVer0Td,1112.000,r85qjlyojvOlHwKv,1151.000,PvdwtJttMSxNTJy0,1573.000,hd5hRwaUatBMaDG/,1873.000,cvNTIGe2F4uXnnHt,,
2,66,2026-04-04T07:22:11.467Z,1136.000,9,730.000,bK4o9vjSbPLZyBKY,910.000,qqJiNVFb4eVer0Td,938.000,PvdwtJttMSxNTJy0,974.000,zptQpMPgptmtFfM7,996.000,2jyzeYGpJv7qv931,1077.000,7pz7mk3D0hXlDzD3,1116.000,r85qjlyojvOlHwKv,1351.000,hd5hRwaUatBMaDG/,1679.000,cvNTIGe2F4uXnnHt,,
2,67,2026-04-04T07:22:12.603Z,1044.000,9,588.000,zptQpMPgptmtFfM7,600.000,qqJiNVFb4eVer0Td,635.000,bK4o9vjSbPLZyBKY,684.000,7pz7mk3D0hXlDzD3,765.000,PvdwtJttMSxNTJy0,872.000,2jyzeYGpJv7qv931,1026.000,r85qjlyojvOlHwKv,1145.000,hd5hRwaUatBMaDG/,1610.000,cvNTIGe2F4uXnnHt,,
2,68,2026-04-04T07:22:13.647Z,1010.000,9,504.000,bK4o9vjSbPLZyBKY,587.000,qqJiNVFb4eVer0Td,791.000,7pz7mk3D0hXlDzD3,832.000,zptQpMPgptmtFfM7,845.000,2jyzeYGpJv7qv931,916.000,r85qjlyojvOlHwKv,1001.000,PvdwtJttMSxNTJy0,1406.000,hd5hRwaUatBMaDG/,1813.000,cvNTIGe2F4uXnnHt,,
2,69,2026-04-04T07:22:14.657Z,1175.000,9,641.000,bK4o9vjSbPLZyBKY,710.000,7pz7mk3D0hXlDzD3,732.000,PvdwtJttMSxNTJy0,840.000,zptQpMPgptmtFfM7,920.000,2jyzeYGpJv7qv931,1110.000,qqJiNVFb4eVer0Td,1145.000,r85qjlyojvOlHwKv,1289.000,hd5hRwaUatBMaDG/,2060.000,cvNTIGe2F4uXnnHt,,
2,70,2026-04-04T07:22:15.832Z,1142.000,8,572.000,PvdwtJttMSxNTJy0,651.000,bK4o9vjSbPLZyBKY,736.000,zptQpMPgptmtFfM7,963.000,7pz7mk3D0hXlDzD3,983.000,2jyzeYGpJv7qv931,1089.000,qqJiNVFb4eVer0Td,1129.000,r85qjlyojvOlHwKv,1556.000,hd5hRwaUatBMaDG/,,,,
2,71,2026-04-04T07:22:16.974Z,938.000,9,604.000,7pz7mk3D0hXlDzD3,641.000,zptQpMPgptmtFfM7,678.000,r85qjlyojvOlHwKv,774.000,bK4o9vjSbPLZyBKY,814.000,hd5hRwaUatBMaDG/,830.000,2jyzeYGpJv7qv931,920.000,PvdwtJttMSxNTJy0,1358.000,cvNTIGe2F4uXnnHt,1376.000,qqJiNVFb4eVer0Td,,
2,72,2026-04-04T07:22:17.912Z,1235.000,9,802.000,bK4o9vjSbPLZyBKY,887.000,zptQpMPgptmtFfM7,931.000,7pz7mk3D0hXlDzD3,1110.000,PvdwtJttMSxNTJy0,1143.000,hd5hRwaUatBMaDG/,1157.000,2jyzeYGpJv7qv931,1213.000,cvNTIGe2F4uXnnHt,1347.000,qqJiNVFb4eVer0Td,1594.000,r85qjlyojvOlHwKv,,
2,73,2026-04-04T07:22:19.147Z,1038.000,9,684.000,bK4o9vjSbPLZyBKY,740.000,zptQpMPgptmtFfM7,801.000,PvdwtJttMSxNTJy0,839.000,2jyzeYGpJv7qv931,884.000,7pz7mk3D0hXlDzD3,978.000,r85qjlyojvOlHwKv,1005.000,qqJiNVFb4eVer0Td,1224.000,hd5hRwaUatBMaDG/,1356.000,cvNTIGe2F4uXnnHt,,
2,74,2026-04-04T07:22:20.185Z,1113.000,9,476.000,bK4o9vjSbPLZyBKY,736.000,zptQpMPgptmtFfM7,777.000,7pz7mk3D0hXlDzD3,789.000,PvdwtJttMSxNTJy0,959.000,qqJiNVFb4eVer0Td,999.000,r85qjlyojvOlHwKv,1019.000,2jyzeYGpJv7qv931,1474.000,hd5hRwaUatBMaDG/,1513.000,cvNTIGe2F4uXnnHt,,
2,75,2026-04-04T07:22:21.298Z,995.000,9,759.000,zptQpMPgptmtFfM7,793.000,7pz7mk3D0hXlDzD3,810.000,bK4o9vjSbPLZyBKY,850.000,PvdwtJttMSxNTJy0,881.000,r85qjlyojvOlHwKv,914.000,cvNTIGe2F4uXnnHt,982.000,qqJiNVFb4eVer0Td,1054.000,hd5hRwaUatBMaDG/,1072.000,2jyzeYGpJv7qv931,,
2,76,2026-04-04T07:22:22.293Z,1164.000,9,635.000,bK4o9vjSbPLZyBKY,699.000,zptQpMPgptmtFfM7,746.000,7pz7mk3D0hXlDzD3,813.000,PvdwtJttMSxNTJy0,888.000,r85qjlyojvOlHwKv,994.000,2jyzeYGpJv7qv931,1144.000,cvNTIGe2F4uXnnHt,1166.000,qqJiNVFb4eVer0Td,1472.000,hd5hRwaUatBMaDG/,,
2,77,2026-04-04T07:22:23.457Z,1630.000,9,737.000,zptQpMPgptmtFfM7,799.000,7pz7mk3D0hXlDzD3,818.000,2jyzeYGpJv7qv931,863.000,bK4o9vjSbPLZyBKY,1059.000,cvNTIGe2F4uXnnHt,1534.000,qqJiNVFb4eVer0Td,1605.000,hd5hRwaUatBMaDG/,1631.000,PvdwtJttMSxNTJy0,2145.000,r85qjlyojvOlHwKv,,
2,78,2026-04-04T07:22:25.087Z,1251.000,9,884.000,2jyzeYGpJv7qv931,925.000,PvdwtJttMSxNTJy0,1034.000,zptQpMPgptmtFfM7,1052.000,bK4o9vjSbPLZyBKY,1137.000,7pz7mk3D0hXlDzD3,1183.000,hd5hRwaUatBMaDG/,1201.000,qqJiNVFb4eVer0Td,1291.000,cvNTIGe2F4uXnnHt,1958.000,r85qjlyojvOlHwKv,,
2,79,2026-04-04T07:22:26.338Z,1139.000,9,879.000,zptQpMPgptmtFfM7,930.000,7pz7mk3D0hXlDzD3,947.000,bK4o9vjSbPLZyBKY,972.000,2jyzeYGpJv7qv931,1011.000,hd5hRwaUatBMaDG/,1115.000,PvdwtJttMSxNTJy0,1129.000,qqJiNVFb4eVer0Td,1245.000,cvNTIGe2F4uXnnHt,1351.000,r85qjlyojvOlHwKv,,
2,80,2026-04-04T07:22:27.477Z,1469.000,9,924.000,bK4o9vjSbPLZyBKY,1174.000,zptQpMPgptmtFfM7,1192.000,PvdwtJttMSxNTJy0,1288.000,7pz7mk3D0hXlDzD3,1378.000,hd5hRwaUatBMaDG/,1403.000,2jyzeYGpJv7qv931,1457.000,qqJiNVFb4eVer0Td,1751.000,r85qjlyojvOlHwKv,1883.000,cvNTIGe2F4uXnnHt,,
2,81,2026-04-04T07:22:28.946Z,1404.000,9,1027.000,zptQpMPgptmtFfM7,1080.000,7pz7mk3D0hXlDzD3,1095.000,bK4o9vjSbPLZyBKY,1143.000,PvdwtJttMSxNTJy0,1160.000,2jyzeYGpJv7qv931,1198.000,r85qjlyojvOlHwKv,1377.000,hd5hRwaUatBMaDG/,1405.000,qqJiNVFb4eVer0Td,1520.000,cvNTIGe2F4uXnnHt,,
2,82,2026-04-04T07:22:30.350Z,1403.000,9,931.000,2jyzeYGpJv7qv931,1055.000,zptQpMPgptmtFfM7,1077.000,bK4o9vjSbPLZyBKY,1115.000,PvdwtJttMSxNTJy0,1162.000,r85qjlyojvOlHwKv,1333.000,7pz7mk3D0hXlDzD3,1381.000,hd5hRwaUatBMaDG/,1404.000,qqJiNVFb4eVer0Td,1872.000,cvNTIGe2F4uXnnHt,,
2,83,2026-04-04T07:22:31.753Z,1279.000,9,1056.000,zptQpMPgptmtFfM7,1080.000,bK4o9vjSbPLZyBKY,1110.000,PvdwtJttMSxNTJy0,1133.000,qqJiNVFb4eVer0Td,1147.000,2jyzeYGpJv7qv931,1196.000,cvNTIGe2F4uXnnHt,1257.000,r85qjlyojvOlHwKv,1517.000,hd5hRwaUatBMaDG/,1846.000,7pz7mk3D0hXlDzD3,,
2,84,2026-04-04T07:22:33.032Z,1478.000,9,1009.000,bK4o9vjSbPLZyBKY,1073.000,PvdwtJttMSxNTJy0,1117.000,r85qjlyojvOlHwKv,1180.000,zptQpMPgptmtFfM7,1201.000,qqJiNVFb4eVer0Td,1401.000,cvNTIGe2F4uXnnHt,1444.000,hd5hRwaUatBMaDG/,1481.000,2jyzeYGpJv7qv931,1957.000,7pz7mk3D0hXlDzD3,,
2,85,2026-04-04T07:22:34.510Z,1209.000,9,839.000,bK4o9vjSbPLZyBKY,915.000,zptQpMPgptmtFfM7,934.000,PvdwtJttMSxNTJy0,1009.000,hd5hRwaUatBMaDG/,1055.000,qqJiNVFb4eVer0Td,1116.000,cvNTIGe2F4uXnnHt,1183.000,r85qjlyojvOlHwKv,1210.000,2jyzeYGpJv7qv931,1355.000,7pz7mk3D0hXlDzD3,,
2,86,2026-04-04T07:22:35.719Z,1390.000,9,728.000,bK4o9vjSbPLZyBKY,888.000,PvdwtJttMSxNTJy0,1039.000,zptQpMPgptmtFfM7,1196.000,7pz7mk3D0hXlDzD3,1222.000,qqJiNVFb4eVer0Td,1303.000,r85qjlyojvOlHwKv,1371.000,cvNTIGe2F4uXnnHt,1769.000,2jyzeYGpJv7qv931,2168.000,hd5hRwaUatBMaDG/,,
2,87,2026-04-04T07:22:37.109Z,1474.000,9,1150.000,bK4o9vjSbPLZyBKY,1164.000,PvdwtJttMSxNTJy0,1290.000,zptQpMPgptmtFfM7,1340.000,cvNTIGe2F4uXnnHt,1408.000,r85qjlyojvOlHwKv,1427.000,qqJiNVFb4eVer0Td,1462.000,2jyzeYGpJv7qv931,1505.000,hd5hRwaUatBMaDG/,1719.000,7pz7mk3D0hXlDzD3,,
2,88,2026-04-04T07:22:38.583Z,1300.000,9,985.000,bK4o9vjSbPLZyBKY,1065.000,zptQpMPgptmtFfM7,1081.000,PvdwtJttMSxNTJy0,1168.000,7pz7mk3D0hXlDzD3,1189.000,2jyzeYGpJv7qv931,1230.000,qqJiNVFb4eVer0Td,1277.000,r85qjlyojvOlHwKv,1326.000,hd5hRwaUatBMaDG/,3498.000,cvNTIGe2F4uXnnHt,,
2,89,2026-04-04T07:22:39.883Z,2162.000,9,1240.000,bK4o9vjSbPLZyBKY,1418.000,zptQpMPgptmtFfM7,1447.000,PvdwtJttMSxNTJy0,1540.000,r85qjlyojvOlHwKv,1973.000,qqJiNVFb4eVer0Td,2014.000,hd5hRwaUatBMaDG/,2830.000,cvNTIGe2F4uXnnHt,2635.000,2jyzeYGpJv7qv931,2912.000,7pz7mk3D0hXlDzD3,,
2,90,2026-04-04T07:22:42.045Z,1431.000,9,1063.000,bK4o9vjSbPLZyBKY,1112.000,qqJiNVFb4eVer0Td,1167.000,zptQpMPgptmtFfM7,1226.000,cvNTIGe2F4uXnnHt,1246.000,PvdwtJttMSxNTJy0,1345.000,hd5hRwaUatBMaDG/,1392.000,7pz7mk3D0hXlDzD3,1482.000,r85qjlyojvOlHwKv,1692.000,2jyzeYGpJv7qv931,,
2,91,2026-04-04T07:22:43.476Z,1428.000,9,1027.000,bK4o9vjSbPLZyBKY,1071.000,qqJiNVFb4eVer0Td,1096.000,PvdwtJttMSxNTJy0,1160.000,zptQpMPgptmtFfM7,1216.000,7pz7mk3D0hXlDzD3,1332.000,hd5hRwaUatBMaDG/,1392.000,r85qjlyojvOlHwKv,1463.000,cvNTIGe2F4uXnnHt,2206.000,2jyzeYGpJv7qv931,,
2,92,2026-04-04T07:22:44.904Z,1559.000,9,1163.000,bK4o9vjSbPLZyBKY,1244.000,zptQpMPgptmtFfM7,1277.000,qqJiNVFb4eVer0Td,1318.000,PvdwtJttMSxNTJy0,1376.000,7pz7mk3D0hXlDzD3,1440.000,hd5hRwaUatBMaDG/,1540.000,r85qjlyojvOlHwKv,1945.000,cvNTIGe2F4uXnnHt,2462.000,2jyzeYGpJv7qv931,,
2,93,2026-04-04T07:22:46.463Z,1617.000,9,1263.000,zptQpMPgptmtFfM7,1323.000,7pz7mk3D0hXlDzD3,1350.000,PvdwtJttMSxNTJy0,1395.000,qqJiNVFb4eVer0Td,1458.000,r85qjlyojvOlHwKv,1496.000,bK4o9vjSbPLZyBKY,1596.000,hd5hRwaUatBMaDG/,1645.000,cvNTIGe2F4uXnnHt,2521.000,2jyzeYGpJv7qv931,,
2,94,2026-04-04T07:22:48.080Z,1697.000,9,957.000,bK4o9vjSbPLZyBKY,1056.000,hd5hRwaUatBMaDG/,1077.000,PvdwtJttMSxNTJy0,1235.000,zptQpMPgptmtFfM7,1533.000,7pz7mk3D0hXlDzD3,1612.000,cvNTIGe2F4uXnnHt,1673.000,r85qjlyojvOlHwKv,1699.000,qqJiNVFb4eVer0Td,2410.000,2jyzeYGpJv7qv931,,
2,95,2026-04-04T07:22:49.777Z,1896.000,9,1293.000,zptQpMPgptmtFfM7,1334.000,bK4o9vjSbPLZyBKY,1541.000,PvdwtJttMSxNTJy0,1624.000,7pz7mk3D0hXlDzD3,1658.000,qqJiNVFb4eVer0Td,1744.000,hd5hRwaUatBMaDG/,1865.000,cvNTIGe2F4uXnnHt,2724.000,2jyzeYGpJv7qv931,3011.000,r85qjlyojvOlHwKv,,
2,96,2026-04-04T07:22:51.673Z,2009.000,9,1019.000,PvdwtJttMSxNTJy0,1034.000,bK4o9vjSbPLZyBKY,1215.000,7pz7mk3D0hXlDzD3,1254.000,qqJiNVFb4eVer0Td,1489.000,zptQpMPgptmtFfM7,1558.000,hd5hRwaUatBMaDG/,2056.000,cvNTIGe2F4uXnnHt,2641.000,2jyzeYGpJv7qv931,2854.000,r85qjlyojvOlHwKv,,
2,97,2026-04-04T07:22:53.682Z,1747.000,9,1167.000,zptQpMPgptmtFfM7,1189.000,PvdwtJttMSxNTJy0,1429.000,7pz7mk3D0hXlDzD3,1604.000,cvNTIGe2F4uXnnHt,1627.000,bK4o9vjSbPLZyBKY,1679.000,2jyzeYGpJv7qv931,1728.000,r85qjlyojvOlHwKv,1939.000,qqJiNVFb4eVer0Td,3091.000,hd5hRwaUatBMaDG/,,
2,98,2026-04-04T07:22:55.429Z,2420.000,9,1824.000,bK4o9vjSbPLZyBKY,1875.000,2jyzeYGpJv7qv931,1951.000,zptQpMPgptmtFfM7,2032.000,7pz7mk3D0hXlDzD3,2224.000,qqJiNVFb4eVer0Td,2305.000,r85qjlyojvOlHwKv,2380.000,cvNTIGe2F4uXnnHt,2668.000,PvdwtJttMSxNTJy0,3220.000,hd5hRwaUatBMaDG/,,
2,99,2026-04-04T07:22:57.849Z,2113.000,8,965.000,bK4o9vjSbPLZyBKY,1224.000,7pz7mk3D0hXlDzD3,1275.000,2jyzeYGpJv7qv931,1370.000,zptQpMPgptmtFfM7,1443.000,r85qjlyojvOlHwKv,1715.000,cvNTIGe2F4uXnnHt,2059.000,PvdwtJttMSxNTJy0,2495.000,hd5hRwaUatBMaDG/,,,,
2,100,2026-04-04T07:22:59.962Z,2761.000,7,1128.000,bK4o9vjSbPLZyBKY,1263.000,PvdwtJttMSxNTJy0,1551.000,2jyzeYGpJv7qv931,1988.000,qqJiNVFb4eVer0Td,2243.000,cvNTIGe2F4uXnnHt,2463.000,r85qjlyojvOlHwKv,2717.000,hd5hRwaUatBMaDG/,,,,,,
2,101,2026-04-04T07:23:02.723Z,1733.000,7,764.000,bK4o9vjSbPLZyBKY,802.000,PvdwtJttMSxNTJy0,1246.000,r85qjlyojvOlHwKv,1340.000,cvNTIGe2F4uXnnHt,1526.000,2jyzeYGpJv7qv931,1602.000,qqJiNVFb4eVer0Td,1694.000,hd5hRwaUatBMaDG/,,,,,,
2,102,2026-04-04T07:23:04.456Z,19058.000,8,1582.000,cvNTIGe2F4uXnnHt,1879.000,r85qjlyojvOlHwKv,2308.000,hd5hRwaUatBMaDG/,11065.000,qqJiNVFb4eVer0Td,12562.000,2jyzeYGpJv7qv931,17932.000,PvdwtJttMSxNTJy0,19025.000,bK4o9vjSbPLZyBKY,33809.000,rAgGKl6ICbDXHmxg,,,,
2,103,2026-04-04T07:23:23.514Z,,0,,,,,,,,,,,,,,,,,,,,
3,1,2026-04-04T07:21:16.688Z,9337.000,7,5306.000,7pz7mk3D0hXlDzD3,5676.000,bK4o9vjSbPLZyBKY,6765.000,zptQpMPgptmtFfM7,7130.000,PvdwtJttMSxNTJy0,7674.000,hd5hRwaUatBMaDG/,9233.000,2jyzeYGpJv7qv931,9337.000,cvNTIGe2F4uXnnHt,,,,,,
3,2,2026-04-04T07:21:26.025Z,614.000,7,307.000,7pz7mk3D0hXlDzD3,308.000,PvdwtJttMSxNTJy0,309.000,2jyzeYGpJv7qv931,311.000,zptQpMPgptmtFfM7,406.000,bK4o9vjSbPLZyBKY,509.000,hd5hRwaUatBMaDG/,614.000,cvNTIGe2F4uXnnHt,,,,,,
3,3,2026-04-04T07:21:26.639Z,516.000,8,305.000,zptQpMPgptmtFfM7,307.000,bK4o9vjSbPLZyBKY,308.000,2jyzeYGpJv7qv931,309.000,PvdwtJttMSxNTJy0,310.000,7pz7mk3D0hXlDzD3,411.000,hd5hRwaUatBMaDG/,516.000,cvNTIGe2F4uXnnHt,857.000,r85qjlyojvOlHwKv,,,,
3,4,2026-04-04T07:21:27.155Z,413.000,9,305.000,PvdwtJttMSxNTJy0,308.000,7pz7mk3D0hXlDzD3,310.000,2jyzeYGpJv7qv931,311.000,zptQpMPgptmtFfM7,312.000,bK4o9vjSbPLZyBKY,411.000,hd5hRwaUatBMaDG/,413.000,qqJiNVFb4eVer0Td,519.000,cvNTIGe2F4uXnnHt,618.000,r85qjlyojvOlHwKv,,
3,5,2026-04-04T07:21:27.568Z,515.000,9,306.000,PvdwtJttMSxNTJy0,308.000,2jyzeYGpJv7qv931,310.000,qqJiNVFb4eVer0Td,410.000,zptQpMPgptmtFfM7,412.000,7pz7mk3D0hXlDzD3,413.000,bK4o9vjSbPLZyBKY,515.000,cvNTIGe2F4uXnnHt,517.000,r85qjlyojvOlHwKv,520.000,hd5hRwaUatBMaDG/,,
3,6,2026-04-04T07:21:28.083Z,413.000,9,305.000,7pz7mk3D0hXlDzD3,307.000,qqJiNVFb4eVer0Td,308.000,PvdwtJttMSxNTJy0,310.000,2jyzeYGpJv7qv931,311.000,zptQpMPgptmtFfM7,411.000,hd5hRwaUatBMaDG/,413.000,cvNTIGe2F4uXnnHt,512.000,bK4o9vjSbPLZyBKY,514.000,r85qjlyojvOlHwKv,,
3,7,2026-04-04T07:21:28.496Z,510.000,10,307.000,qqJiNVFb4eVer0Td,310.000,7pz7mk3D0hXlDzD3,406.000,PvdwtJttMSxNTJy0,407.000,2jyzeYGpJv7qv931,409.000,bK4o9vjSbPLZyBKY,411.000,zptQpMPgptmtFfM7,510.000,hd5hRwaUatBMaDG/,511.000,r85qjlyojvOlHwKv,512.000,cvNTIGe2F4uXnnHt,1055.000,rAgGKl6ICbDXHmxg
3,8,2026-04-04T07:21:29.006Z,413.000,9,309.000,qqJiNVFb4eVer0Td,309.000,PvdwtJttMSxNTJy0,311.000,bK4o9vjSbPLZyBKY,312.000,zptQpMPgptmtFfM7,313.000,2jyzeYGpJv7qv931,314.000,7pz7mk3D0hXlDzD3,412.000,hd5hRwaUatBMaDG/,415.000,cvNTIGe2F4uXnnHt,416.000,r85qjlyojvOlHwKv,,
3,9,2026-04-04T07:21:29.419Z,410.000,10,304.000,bK4o9vjSbPLZyBKY,307.000,qqJiNVFb4eVer0Td,308.000,zptQpMPgptmtFfM7,407.000,2jyzeYGpJv7qv931,407.000,PvdwtJttMSxNTJy0,409.000,7pz7mk3D0hXlDzD3,410.000,r85qjlyojvOlHwKv,513.000,cvNTIGe2F4uXnnHt,517.000,hd5hRwaUatBMaDG/,1114.000,rAgGKl6ICbDXHmxg
3,10,2026-04-04T07:21:29.829Z,511.000,9,305.000,PvdwtJttMSxNTJy0,307.000,2jyzeYGpJv7qv931,409.000,qqJiNVFb4eVer0Td,411.000,bK4o9vjSbPLZyBKY,412.000,7pz7mk3D0hXlDzD3,413.000,zptQpMPgptmtFfM7,511.000,hd5hRwaUatBMaDG/,513.000,cvNTIGe2F4uXnnHt,517.000,r85qjlyojvOlHwKv,,
3,11,2026-04-04T07:21:30.340Z,413.000,9,309.000,PvdwtJttMSxNTJy0,310.000,qqJiNVFb4eVer0Td,311.000,bK4o9vjSbPLZyBKY,312.000,7pz7mk3D0hXlDzD3,314.000,zptQpMPgptmtFfM7,315.000,2jyzeYGpJv7qv931,413.000,cvNTIGe2F4uXnnHt,415.000,hd5hRwaUatBMaDG/,421.000,r85qjlyojvOlHwKv,,
3,12,2026-04-04T07:21:30.753Z,511.000,10,305.000,bK4o9vjSbPLZyBKY,306.000,PvdwtJttMSxNTJy0,308.000,qqJiNVFb4eVer0Td,409.000,zptQpMPgptmtFfM7,410.000,7pz7mk3D0hXlDzD3,412.000,2jyzeYGpJv7qv931,511.000,hd5hRwaUatBMaDG/,512.000,cvNTIGe2F4uXnnHt,513.000,r85qjlyojvOlHwKv,836.000,rAgGKl6ICbDXHmxg
3,13,2026-04-04T07:21:31.264Z,413.000,10,309.000,PvdwtJttMSxNTJy0,310.000,qqJiNVFb4eVer0Td,311.000,bK4o9vjSbPLZyBKY,312.000,2jyzeYGpJv7qv931,314.000,zptQpMPgptmtFfM7,315.000,7pz7mk3D0hXlDzD3,413.000,hd5hRwaUatBMaDG/,414.000,r85qjlyojvOlHwKv,416.000,cvNTIGe2F4uXnnHt,910.000,rAgGKl6ICbDXHmxg
3,14,2026-04-04T07:21:31.677Z,512.000,9,305.000,qqJiNVFb4eVer0Td,308.000,bK4o9vjSbPLZyBKY,407.000,PvdwtJttMSxNTJy0,408.000,2jyzeYGpJv7qv931,409.000,7pz7mk3D0hXlDzD3,410.000,zptQpMPgptmtFfM7,512.000,r85qjlyojvOlHwKv,513.000,cvNTIGe2F4uXnnHt,514.000,hd5hRwaUatBMaDG/,,
3,15,2026-04-04T07:21:32.189Z,410.000,10,307.000,7pz7mk3D0hXlDzD3,308.000,PvdwtJttMSxNTJy0,310.000,qqJiNVFb4eVer0Td,311.000,2jyzeYGpJv7qv931,312.000,bK4o9vjSbPLZyBKY,314.000,zptQpMPgptmtFfM7,410.000,hd5hRwaUatBMaDG/,411.000,cvNTIGe2F4uXnnHt,413.000,r85qjlyojvOlHwKv,734.000,rAgGKl6ICbDXHmxg
3,16,2026-04-04T07:21:32.599Z,509.000,10,404.000,PvdwtJttMSxNTJy0,405.000,bK4o9vjSbPLZyBKY,408.000,7pz7mk3D0hXlDzD3,409.000,qqJiNVFb4eVer0Td,410.000,2jyzeYGpJv7qv931,412.000,zptQpMPgptmtFfM7,509.000,r85qjlyojvOlHwKv,511.000,cvNTIGe2F4uXnnHt,512.000,hd5hRwaUatBMaDG/,858.000,rAgGKl6ICbDXHmxg
3,17,2026-04-04T07:21:33.108Z,414.000,9,310.000,2jyzeYGpJv7qv931,310.000,PvdwtJttMSxNTJy0,312.000,7pz7mk3D0hXlDzD3,313.000,bK4o9vjSbPLZyBKY,314.000,zptQpMPgptmtFfM7,316.000,qqJiNVFb4eVer0Td,414.000,r85qjlyojvOlHwKv,415.000,cvNTIGe2F4uXnnHt,416.000,hd5hRwaUatBMaDG/,,
3,18,2026-04-04T07:21:33.522Z,509.000,10,305.000,zptQpMPgptmtFfM7,404.000,PvdwtJttMSxNTJy0,406.000,2jyzeYGpJv7qv931,407.000,qqJiNVFb4eVer0Td,409.000,7pz7mk3D0hXlDzD3,410.000,bK4o9vjSbPLZyBKY,509.000,cvNTIGe2F4uXnnHt,510.000,hd5hRwaUatBMaDG/,511.000,r85qjlyojvOlHwKv,842.000,rAgGKl6ICbDXHmxg
3,19,2026-04-04T07:21:34.031Z,412.000,10,309.000,bK4o9vjSbPLZyBKY,310.000,2jyzeYGpJv7qv931,312.000,7pz7mk3D0hXlDzD3,312.000,PvdwtJttMSxNTJy0,314.000,zptQpMPgptmtFfM7,315.000,qqJiNVFb4eVer0Td,412.000,hd5hRwaUatBMaDG/,414.000,r85qjlyojvOlHwKv,415.000,cvNTIGe2F4uXnnHt,799.000,rAgGKl6ICbDXHmxg
3,20,2026-04-04T07:21:34.443Z,511.000,9,305.000,7pz7mk3D0hXlDzD3,306.000,PvdwtJttMSxNTJy0,307.000,zptQpMPgptmtFfM7,407.000,bK4o9vjSbPLZyBKY,409.000,qqJiNVFb4eVer0Td,411.000,2jyzeYGpJv7qv931,511.000,r85qjlyojvOlHwKv,512.000,hd5hRwaUatBMaDG/,514.000,cvNTIGe2F4uXnnHt,,
3,21,2026-04-04T07:21:34.954Z,412.000,10,307.000,PvdwtJttMSxNTJy0,309.000,zptQpMPgptmtFfM7,310.000,qqJiNVFb4eVer0Td,312.000,bK4o9vjSbPLZyBKY,313.000,7pz7mk3D0hXlDzD3,314.000,2jyzeYGpJv7qv931,412.000,cvNTIGe2F4uXnnHt,414.000,hd5hRwaUatBMaDG/,415.000,r85qjlyojvOlHwKv,871.000,rAgGKl6ICbDXHmxg
3,22,2026-04-04T07:21:35.366Z,510.000,10,304.000,qqJiNVFb4eVer0Td,406.000,bK4o9vjSbPLZyBKY,407.000,PvdwtJttMSxNTJy0,408.000,zptQpMPgptmtFfM7,409.000,2jyzeYGpJv7qv931,411.000,7pz7mk3D0hXlDzD3,510.000,hd5hRwaUatBMaDG/,512.000,cvNTIGe2F4uXnnHt,513.000,r85qjlyojvOlHwKv,1032.000,rAgGKl6ICbDXHmxg
3,23,2026-04-04T07:21:35.876Z,411.000,9,308.000,PvdwtJttMSxNTJy0,309.000,7pz7mk3D0hXlDzD3,310.000,bK4o9vjSbPLZyBKY,312.000,2jyzeYGpJv7qv931,313.000,qqJiNVFb4eVer0Td,314.000,zptQpMPgptmtFfM7,411.000,hd5hRwaUatBMaDG/,414.000,cvNTIGe2F4uXnnHt,416.000,r85qjlyojvOlHwKv,,
3,24,2026-04-04T07:21:36.287Z,511.000,10,307.000,2jyzeYGpJv7qv931,406.000,PvdwtJttMSxNTJy0,408.000,bK4o9vjSbPLZyBKY,409.000,zptQpMPgptmtFfM7,411.000,7pz7mk3D0hXlDzD3,412.000,qqJiNVFb4eVer0Td,510.000,cvNTIGe2F4uXnnHt,513.000,hd5hRwaUatBMaDG/,514.000,r85qjlyojvOlHwKv,841.000,rAgGKl6ICbDXHmxg
3,25,2026-04-04T07:21:36.798Z,412.000,10,308.000,2jyzeYGpJv7qv931,309.000,7pz7mk3D0hXlDzD3,310.000,PvdwtJttMSxNTJy0,311.000,qqJiNVFb4eVer0Td,312.000,zptQpMPgptmtFfM7,314.000,bK4o9vjSbPLZyBKY,412.000,r85qjlyojvOlHwKv,414.000,cvNTIGe2F4uXnnHt,415.000,hd5hRwaUatBMaDG/,854.000,rAgGKl6ICbDXHmxg
3,26,2026-04-04T07:21:37.210Z,507.000,9,304.000,7pz7mk3D0hXlDzD3,403.000,PvdwtJttMSxNTJy0,405.000,bK4o9vjSbPLZyBKY,406.000,qqJiNVFb4eVer0Td,407.000,zptQpMPgptmtFfM7,409.000,2jyzeYGpJv7qv931,507.000,r85qjlyojvOlHwKv,508.000,cvNTIGe2F4uXnnHt,513.000,hd5hRwaUatBMaDG/,,
3,27,2026-04-04T07:21:37.717Z,415.000,10,311.000,bK4o9vjSbPLZyBKY,312.000,PvdwtJttMSxNTJy0,313.000,7pz7mk3D0hXlDzD3,315.000,qqJiNVFb4eVer0Td,316.000,2jyzeYGpJv7qv931,318.000,zptQpMPgptmtFfM7,415.000,r85qjlyojvOlHwKv,416.000,cvNTIGe2F4uXnnHt,417.000,hd5hRwaUatBMaDG/,765.000,rAgGKl6ICbDXHmxg
3,28,2026-04-04T07:21:38.132Z,507.000,9,403.000,bK4o9vjSbPLZyBKY,403.000,PvdwtJttMSxNTJy0,405.000,7pz7mk3D0hXlDzD3,406.000,qqJiNVFb4eVer0Td,408.000,2jyzeYGpJv7qv931,409.000,zptQpMPgptmtFfM7,507.000,r85qjlyojvOlHwKv,508.000,hd5hRwaUatBMaDG/,509.000,cvNTIGe2F4uXnnHt,,
3,29,2026-04-04T07:21:38.639Z,415.000,10,311.000,bK4o9vjSbPLZyBKY,312.000,PvdwtJttMSxNTJy0,313.000,2jyzeYGpJv7qv931,315.000,qqJiNVFb4eVer0Td,316.000,7pz7mk3D0hXlDzD3,317.000,zptQpMPgptmtFfM7,415.000,cvNTIGe2F4uXnnHt,416.000,r85qjlyojvOlHwKv,418.000,hd5hRwaUatBMaDG/,915.000,rAgGKl6ICbDXHmxg
3,30,2026-04-04T07:21:39.054Z,506.000,9,402.000,PvdwtJttMSxNTJy0,403.000,zptQpMPgptmtFfM7,405.000,bK4o9vjSbPLZyBKY,406.000,2jyzeYGpJv7qv931,407.000,7pz7mk3D0hXlDzD3,409.000,qqJiNVFb4eVer0Td,506.000,hd5hRwaUatBMaDG/,507.000,cvNTIGe2F4uXnnHt,509.000,r85qjlyojvOlHwKv,,
3,31,2026-04-04T07:21:39.560Z,417.000,10,313.000,qqJiNVFb4eVer0Td,315.000,bK4o9vjSbPLZyBKY,316.000,2jyzeYGpJv7qv931,317.000,7pz7mk3D0hXlDzD3,319.000,zptQpMPgptmtFfM7,319.000,PvdwtJttMSxNTJy0,417.000,cvNTIGe2F4uXnnHt,418.000,r85qjlyojvOlHwKv,420.000,hd5hRwaUatBMaDG/,783.000,rAgGKl6ICbDXHmxg
3,32,2026-04-04T07:21:39.977Z,505.000,10,400.000,2jyzeYGpJv7qv931,401.000,PvdwtJttMSxNTJy0,402.000,bK4o9vjSbPLZyBKY,404.000,zptQpMPgptmtFfM7,405.000,7pz7mk3D0hXlDzD3,406.000,qqJiNVFb4eVer0Td,505.000,cvNTIGe2F4uXnnHt,506.000,hd5hRwaUatBMaDG/,508.000,r85qjlyojvOlHwKv,850.000,rAgGKl6ICbDXHmxg
3,33,2026-04-04T07:21:40.482Z,416.000,10,312.000,zptQpMPgptmtFfM7,313.000,2jyzeYGpJv7qv931,314.000,PvdwtJttMSxNTJy0,315.000,7pz7mk3D0hXlDzD3,316.000,bK4o9vjSbPLZyBKY,318.000,qqJiNVFb4eVer0Td,416.000,hd5hRwaUatBMaDG/,417.000,cvNTIGe2F4uXnnHt,419.000,r85qjlyojvOlHwKv,857.000,rAgGKl6ICbDXHmxg
3,34,2026-04-04T07:21:40.898Z,534.000,7,196.000,2jyzeYGpJv7qv931,200.000,bK4o9vjSbPLZyBKY,212.000,qqJiNVFb4eVer0Td,269.000,PvdwtJttMSxNTJy0,402.000,7pz7mk3D0hXlDzD3,475.000,hd5hRwaUatBMaDG/,533.000,r85qjlyojvOlHwKv,,,,,,
3,35,2026-04-04T07:21:41.432Z,681.000,9,232.000,PvdwtJttMSxNTJy0,238.000,qqJiNVFb4eVer0Td,327.000,bK4o9vjSbPLZyBKY,384.000,2jyzeYGpJv7qv931,468.000,cvNTIGe2F4uXnnHt,491.000,zptQpMPgptmtFfM7,672.000,r85qjlyojvOlHwKv,746.000,7pz7mk3D0hXlDzD3,1229.000,rAgGKl6ICbDXHmxg,,
3,36,2026-04-04T07:21:42.113Z,636.000,9,262.000,PvdwtJttMSxNTJy0,286.000,bK4o9vjSbPLZyBKY,369.000,2jyzeYGpJv7qv931,477.000,qqJiNVFb4eVer0Td,511.000,r85qjlyojvOlHwKv,540.000,zptQpMPgptmtFfM7,624.000,7pz7mk3D0hXlDzD3,898.000,hd5hRwaUatBMaDG/,980.000,cvNTIGe2F4uXnnHt,,
3,37,2026-04-04T07:21:42.749Z,750.000,9,503.000,PvdwtJttMSxNTJy0,535.000,zptQpMPgptmtFfM7,563.000,qqJiNVFb4eVer0Td,587.000,2jyzeYGpJv7qv931,674.000,7pz7mk3D0hXlDzD3,708.000,cvNTIGe2F4uXnnHt,739.000,hd5hRwaUatBMaDG/,751.000,bK4o9vjSbPLZyBKY,821.000,r85qjlyojvOlHwKv,,
3,38,2026-04-04T07:21:43.499Z,772.000,9,480.000,PvdwtJttMSxNTJy0,544.000,7pz7mk3D0hXlDzD3,579.000,zptQpMPgptmtFfM7,598.000,2jyzeYGpJv7qv931,672.000,hd5hRwaUatBMaDG/,692.000,qqJiNVFb4eVer0Td,761.000,bK4o9vjSbPLZyBKY,864.000,cvNTIGe2F4uXnnHt,1020.000,r85qjlyojvOlHwKv,,
3,39,2026-04-04T07:21:44.271Z,798.000,9,564.000,PvdwtJttMSxNTJy0,607.000,zptQpMPgptmtFfM7,626.000,2jyzeYGpJv7qv931,694.000,bK4o9vjSbPLZyBKY,717.000,7pz7mk3D0hXlDzD3,747.000,hd5hRwaUatBMaDG/,785.000,qqJiNVFb4eVer0Td,834.000,cvNTIGe2F4uXnnHt,886.000,r85qjlyojvOlHwKv,,
3,40,2026-04-04T07:21:45.069Z,942.000,9,647.000,7pz7mk3D0hXlDzD3,657.000,PvdwtJttMSxNTJy0,694.000,zptQpMPgptmtFfM7,810.000,hd5hRwaUatBMaDG/,844.000,qqJiNVFb4eVer0Td,869.000,2jyzeYGpJv7qv931,927.000,cvNTIGe2F4uXnnHt,944.000,bK4o9vjSbPLZyBKY,1629.000,r85qjlyojvOlHwKv,,
3,41,2026-04-04T07:21:46.011Z,807.000,8,545.000,PvdwtJttMSxNTJy0,597.000,7pz7mk3D0hXlDzD3,637.000,zptQpMPgptmtFfM7,648.000,qqJiNVFb4eVer0Td,720.000,hd5hRwaUatBMaDG/,731.000,2jyzeYGpJv7qv931,797.000,bK4o9vjSbPLZyBKY,1201.000,cvNTIGe2F4uXnnHt,,,,
3,42,2026-04-04T07:21:46.818Z,890.000,9,510.000,PvdwtJttMSxNTJy0,771.000,zptQpMPgptmtFfM7,800.000,7pz7mk3D0hXlDzD3,810.000,2jyzeYGpJv7qv931,846.000,qqJiNVFb4eVer0Td,854.000,bK4o9vjSbPLZyBKY,881.000,hd5hRwaUatBMaDG/,910.000,cvNTIGe2F4uXnnHt,1432.000,r85qjlyojvOlHwKv,,
3,43,2026-04-04T07:21:47.708Z,859.000,9,470.000,zptQpMPgptmtFfM7,478.000,PvdwtJttMSxNTJy0,498.000,2jyzeYGpJv7qv931,576.000,7pz7mk3D0hXlDzD3,713.000,bK4o9vjSbPLZyBKY,745.000,hd5hRwaUatBMaDG/,841.000,cvNTIGe2F4uXnnHt,862.000,qqJiNVFb4eVer0Td,1370.000,r85qjlyojvOlHwKv,,
3,44,2026-04-04T07:21:48.567Z,949.000,9,368.000,PvdwtJttMSxNTJy0,423.000,7pz7mk3D0hXlDzD3,525.000,2jyzeYGpJv7qv931,759.000,qqJiNVFb4eVer0Td,843.000,zptQpMPgptmtFfM7,858.000,bK4o9vjSbPLZyBKY,929.000,hd5hRwaUatBMaDG/,991.000,cvNTIGe2F4uXnnHt,1366.000,r85qjlyojvOlHwKv,,
3,45,2026-04-04T07:21:49.516Z,869.000,9,479.000,7pz7mk3D0hXlDzD3,489.000,bK4o9vjSbPLZyBKY,633.000,zptQpMPgptmtFfM7,695.000,qqJiNVFb4eVer0Td,709.000,2jyzeYGpJv7qv931,716.000,PvdwtJttMSxNTJy0,1039.000,cvNTIGe2F4uXnnHt,1166.000,hd5hRwaUatBMaDG/,1284.000,r85qjlyojvOlHwKv,,
3,46,2026-04-04T07:21:50.385Z,779.000,9,556.000,zptQpMPgptmtFfM7,581.000,bK4o9vjSbPLZyBKY,653.000,2jyzeYGpJv7qv931,661.000,PvdwtJttMSxNTJy0,675.000,qqJiNVFb4eVer0Td,723.000,7pz7mk3D0hXlDzD3,760.000,hd5hRwaUatBMaDG/,878.000,cvNTIGe2F4uXnnHt,1177.000,r85qjlyojvOlHwKv,,
3,47,2026-04-04T07:21:51.164Z,907.000,9,442.000,PvdwtJttMSxNTJy0,460.000,qqJiNVFb4eVer0Td,542.000,7pz7mk3D0hXlDzD3,604.000,zptQpMPgptmtFfM7,635.000,bK4o9vjSbPLZyBKY,662.000,2jyzeYGpJv7qv931,888.000,hd5hRwaUatBMaDG/,1064.000,cvNTIGe2F4uXnnHt,1310.000,r85qjlyojvOlHwKv,,
3,48,2026-04-04T07:21:52.071Z,871.000,9,530.000,bK4o9vjSbPLZyBKY,545.000,PvdwtJttMSxNTJy0,552.000,qqJiNVFb4eVer0Td,560.000,2jyzeYGpJv7qv931,682.000,hd5hRwaUatBMaDG/,734.000,zptQpMPgptmtFfM7,859.000,7pz7mk3D0hXlDzD3,954.000,cvNTIGe2F4uXnnHt,1028.000,r85qjlyojvOlHwKv,,
3,49,2026-04-04T07:21:52.942Z,816.000,9,604.000,PvdwtJttMSxNTJy0,671.000,7pz7mk3D0hXlDzD3,689.000,2jyzeYGpJv7qv931,742.000,zptQpMPgptmtFfM7,753.000,qqJiNVFb4eVer0Td,774.000,bK4o9vjSbPLZyBKY,804.000,hd5hRwaUatBMaDG/,834.000,r85qjlyojvOlHwKv,1022.000,cvNTIGe2F4uXnnHt,,
3,50,2026-04-04T07:21:53.758Z,892.000,9,623.000,7pz7mk3D0hXlDzD3,685.000,zptQpMPgptmtFfM7,695.000,PvdwtJttMSxNTJy0,752.000,r85qjlyojvOlHwKv,810.000,qqJiNVFb4eVer0Td,836.000,2jyzeYGpJv7qv931,879.000,hd5hRwaUatBMaDG/,1244.000,bK4o9vjSbPLZyBKY,1304.000,cvNTIGe2F4uXnnHt,,
3,51,2026-04-04T07:21:54.650Z,779.000,9,588.000,7pz7mk3D0hXlDzD3,600.000,qqJiNVFb4eVer0Td,623.000,2jyzeYGpJv7qv931,636.000,PvdwtJttMSxNTJy0,701.000,zptQpMPgptmtFfM7,738.000,r85qjlyojvOlHwKv,768.000,cvNTIGe2F4uXnnHt,1222.000,hd5hRwaUatBMaDG/,1327.000,bK4o9vjSbPLZyBKY,,
3,52,2026-04-04T07:21:55.429Z,860.000,9,602.000,PvdwtJttMSxNTJy0,670.000,zptQpMPgptmtFfM7,685.000,2jyzeYGpJv7qv931,751.000,r85qjlyojvOlHwKv,788.000,7pz7mk3D0hXlDzD3,827.000,cvNTIGe2F4uXnnHt,852.000,hd5hRwaUatBMaDG/,1149.000,qqJiNVFb4eVer0Td,1513.000,bK4o9vjSbPLZyBKY,,
3,53,2026-04-04T07:21:56.289Z,1024.000,9,399.000,2jyzeYGpJv7qv931,599.000,7pz7mk3D0hXlDzD3,631.000,zptQpMPgptmtFfM7,727.000,PvdwtJttMSxNTJy0,794.000,r85qjlyojvOlHwKv,836.000,cvNTIGe2F4uXnnHt,1009.000,hd5hRwaUatBMaDG/,1026.000,qqJiNVFb4eVer0Td,1619.000,bK4o9vjSbPLZyBKY,,
3,54,2026-04-04T07:21:57.313Z,1013.000,9,640.000,PvdwtJttMSxNTJy0,738.000,hd5hRwaUatBMaDG/,795.000,7pz7mk3D0hXlDzD3,844.000,zptQpMPgptmtFfM7,923.000,cvNTIGe2F4uXnnHt,988.000,qqJiNVFb4eVer0Td,1002.000,2jyzeYGpJv7qv931,1122.000,r85qjlyojvOlHwKv,1516.000,bK4o9vjSbPLZyBKY,,
3,55,2026-04-04T07:21:58.326Z,1334.000,9,521.000,PvdwtJttMSxNTJy0,811.000,7pz7mk3D0hXlDzD3,894.000,zptQpMPgptmtFfM7,909.000,qqJiNVFb4eVer0Td,960.000,2jyzeYGpJv7qv931,1030.000,r85qjlyojvOlHwKv,1497.000,cvNTIGe2F4uXnnHt,1335.000,bK4o9vjSbPLZyBKY,1703.000,hd5hRwaUatBMaDG/,,
3,56,2026-04-04T07:21:59.660Z,1112.000,9,788.000,qqJiNVFb4eVer0Td,832.000,PvdwtJttMSxNTJy0,847.000,2jyzeYGpJv7qv931,891.000,7pz7mk3D0hXlDzD3,972.000,zptQpMPgptmtFfM7,1017.000,r85qjlyojvOlHwKv,1072.000,cvNTIGe2F4uXnnHt,1113.000,bK4o9vjSbPLZyBKY,1234.000,hd5hRwaUatBMaDG/,,
3,57,2026-04-04T07:22:00.772Z,1136.000,9,733.000,PvdwtJttMSxNTJy0,800.000,7pz7mk3D0hXlDzD3,816.000,2jyzeYGpJv7qv931,1022.000,r85qjlyojvOlHwKv,1041.000,qqJiNVFb4eVer0Td,1078.000,bK4o9vjSbPLZyBKY,1120.000,cvNTIGe2F4uXnnHt,1265.000,zptQpMPgptmtFfM7,1596.000,hd5hRwaUatBMaDG/,,
3,58,2026-04-04T07:22:01.908Z,1463.000,9,668.000,PvdwtJttMSxNTJy0,795.000,bK4o9vjSbPLZyBKY,866.000,2jyzeYGpJv7qv931,879.000,qqJiNVFb4eVer0Td,995.000,7pz7mk3D0hXlDzD3,1247.000,r85qjlyojvOlHwKv,1434.000,hd5hRwaUatBMaDG/,1708.000,zptQpMPgptmtFfM7,1755.000,cvNTIGe2F4uXnnHt,,
3,59,2026-04-04T07:22:03.371Z,1062.000,9,786.000,bK4o9vjSbPLZyBKY,854.000,r85qjlyojvOlHwKv,869.000,PvdwtJttMSxNTJy0,898.000,qqJiNVFb4eVer0Td,944.000,7pz7mk3D0hXlDzD3,980.000,cvNTIGe2F4uXnnHt,1020.000,zptQpMPgptmtFfM7,1063.000,2jyzeYGpJv7qv931,1117.000,hd5hRwaUatBMaDG/,,
3,60,2026-04-04T07:22:04.433Z,1130.000,9,812.000,bK4o9vjSbPLZyBKY,844.000,zptQpMPgptmtFfM7,911.000,7pz7mk3D0hXlDzD3,926.000,qqJiNVFb4eVer0Td,963.000,PvdwtJttMSxNTJy0,1044.000,hd5hRwaUatBMaDG/,1115.000,r85qjlyojvOlHwKv,1245.000,cvNTIGe2F4uXnnHt,1506.000,2jyzeYGpJv7qv931,,
3,61,2026-04-04T07:22:05.563Z,1222.000,9,665.000,PvdwtJttMSxNTJy0,873.000,7pz7mk3D0hXlDzD3,905.000,bK4o9vjSbPLZyBKY,1084.000,r85qjlyojvOlHwKv,1135.000,zptQpMPgptmtFfM7,1176.000,hd5hRwaUatBMaDG/,1193.000,qqJiNVFb4eVer0Td,1224.000,2jyzeYGpJv7qv931,1474.000,cvNTIGe2F4uXnnHt,,
3,62,2026-04-04T07:22:06.785Z,1106.000,9,681.000,bK4o9vjSbPLZyBKY,724.000,zptQpMPgptmtFfM7,738.000,PvdwtJttMSxNTJy0,798.000,7pz7mk3D0hXlDzD3,942.000,2jyzeYGpJv7qv931,1054.000,hd5hRwaUatBMaDG/,1076.000,qqJiNVFb4eVer0Td,1142.000,r85qjlyojvOlHwKv,1262.000,cvNTIGe2F4uXnnHt,,
3,63,2026-04-04T07:22:07.891Z,1248.000,9,997.000,PvdwtJttMSxNTJy0,1051.000,7pz7mk3D0hXlDzD3,1071.000,bK4o9vjSbPLZyBKY,1110.000,qqJiNVFb4eVer0Td,1125.000,2jyzeYGpJv7qv931,1165.000,r85qjlyojvOlHwKv,1224.000,zptQpMPgptmtFfM7,1376.000,hd5hRwaUatBMaDG/,1696.000,cvNTIGe2F4uXnnHt,,
3,64,2026-04-04T07:22:09.139Z,1343.000,9,970.000,PvdwtJttMSxNTJy0,1012.000,bK4o9vjSbPLZyBKY,1103.000,7pz7mk3D0hXlDzD3,1142.000,zptQpMPgptmtFfM7,1196.000,qqJiNVFb4eVer0Td,1282.000,cvNTIGe2F4uXnnHt,1304.000,2jyzeYGpJv7qv931,1538.000,r85qjlyojvOlHwKv,1811.000,hd5hRwaUatBMaDG/,,
3,65,2026-04-04T07:22:10.482Z,1075.000,9,790.000,7pz7mk3D0hXlDzD3,805.000,2jyzeYGpJv7qv931,893.000,zptQpMPgptmtFfM7,912.000,qqJiNVFb4eVer0Td,954.000,bK4o9vjSbPLZyBKY,965.000,PvdwtJttMSxNTJy0,1161.000,r85qjlyojvOlHwKv,1264.000,hd5hRwaUatBMaDG/,1560.000,cvNTIGe2F4uXnnHt,,
3,66,2026-04-04T07:22:11.557Z,990.000,9,655.000,PvdwtJttMSxNTJy0,722.000,qqJiNVFb4eVer0Td,742.000,bK4o9vjSbPLZyBKY,799.000,zptQpMPgptmtFfM7,813.000,2jyzeYGpJv7qv931,914.000,7pz7mk3D0hXlDzD3,954.000,r85qjlyojvOlHwKv,1248.000,hd5hRwaUatBMaDG/,1918.000,cvNTIGe2F4uXnnHt,,
3,67,2026-04-04T07:22:12.547Z,1300.000,9,725.000,PvdwtJttMSxNTJy0,802.000,zptQpMPgptmtFfM7,841.000,qqJiNVFb4eVer0Td,972.000,7pz7mk3D0hXlDzD3,992.000,bK4o9vjSbPLZyBKY,1218.000,2jyzeYGpJv7qv931,1287.000,r85qjlyojvOlHwKv,1365.000,hd5hRwaUatBMaDG/,1673.000,cvNTIGe2F4uXnnHt,,
3,68,2026-04-04T07:22:13.847Z,822.000,9,387.000,bK4o9vjSbPLZyBKY,489.000,qqJiNVFb4eVer0Td,643.000,7pz7mk3D0hXlDzD3,684.000,zptQpMPgptmtFfM7,698.000,2jyzeYGpJv7qv931,784.000,r85qjlyojvOlHwKv,798.000,PvdwtJttMSxNTJy0,1101.000,hd5hRwaUatBMaDG/,1420.000,cvNTIGe2F4uXnnHt,,
3,69,2026-04-04T07:22:14.669Z,1010.000,9,531.000,PvdwtJttMSxNTJy0,634.000,7pz7mk3D0hXlDzD3,669.000,zptQpMPgptmtFfM7,759.000,bK4o9vjSbPLZyBKY,792.000,2jyzeYGpJv7qv931,920.000,qqJiNVFb4eVer0Td,989.000,r85qjlyojvOlHwKv,1107.000,hd5hRwaUatBMaDG/,1742.000,cvNTIGe2F4uXnnHt,,
3,70,2026-04-04T07:22:15.679Z,1445.000,8,464.000,PvdwtJttMSxNTJy0,600.000,zptQpMPgptmtFfM7,807.000,bK4o9vjSbPLZyBKY,918.000,7pz7mk3D0hXlDzD3,948.000,2jyzeYGpJv7qv931,1395.000,qqJiNVFb4eVer0Td,1433.000,r85qjlyojvOlHwKv,1836.000,hd5hRwaUatBMaDG/,,,,
3,71,2026-04-04T07:22:17.124Z,859.000,9,592.000,7pz7mk3D0hXlDzD3,626.000,zptQpMPgptmtFfM7,732.000,r85qjlyojvOlHwKv,765.000,PvdwtJttMSxNTJy0,802.000,bK4o9vjSbPLZyBKY,816.000,2jyzeYGpJv7qv931,848.000,hd5hRwaUatBMaDG/,1248.000,cvNTIGe2F4uXnnHt,1264.000,qqJiNVFb4eVer0Td,,
3,72,2026-04-04T07:22:17.983Z,988.000,9,703.000,PvdwtJttMSxNTJy0,775.000,zptQpMPgptmtFfM7,817.000,7pz7mk3D0hXlDzD3,834.000,bK4o9vjSbPLZyBKY,917.000,hd5hRwaUatBMaDG/,951.000,cvNTIGe2F4uXnnHt,964.000,2jyzeYGpJv7qv931,1182.000,r85qjlyojvOlHwKv,1306.000,qqJiNVFb4eVer0Td,,
3,73,2026-04-04T07:22:18.971Z,1225.000,9,810.000,PvdwtJttMSxNTJy0,996.000,zptQpMPgptmtFfM7,1030.000,2jyzeYGpJv7qv931,1069.000,bK4o9vjSbPLZyBKY,1110.000,7pz7mk3D0hXlDzD3,1171.000,r85qjlyojvOlHwKv,1199.000,qqJiNVFb4eVer0Td,1589.000,cvNTIGe2F4uXnnHt,1740.000,hd5hRwaUatBMaDG/,,
3,74,2026-04-04T07:22:20.196Z,1047.000,9,766.000,PvdwtJttMSxNTJy0,793.000,bK4o9vjSbPLZyBKY,902.000,zptQpMPgptmtFfM7,940.000,7pz7mk3D0hXlDzD3,958.000,qqJiNVFb4eVer0Td,998.000,r85qjlyojvOlHwKv,1013.000,2jyzeYGpJv7qv931,1282.000,cvNTIGe2F4uXnnHt,1332.000,hd5hRwaUatBMaDG/,,
3,75,2026-04-04T07:22:21.243Z,1148.000,9,748.000,PvdwtJttMSxNTJy0,942.000,zptQpMPgptmtFfM7,977.000,7pz7mk3D0hXlDzD3,1012.000,r85qjlyojvOlHwKv,1056.000,cvNTIGe2F4uXnnHt,1082.000,bK4o9vjSbPLZyBKY,1129.000,hd5hRwaUatBMaDG/,1149.000,qqJiNVFb4eVer0Td,1255.000,2jyzeYGpJv7qv931,,
3,76,2026-04-04T07:22:22.391Z,987.000,9,712.000,PvdwtJttMSxNTJy0,778.000,zptQpMPgptmtFfM7,793.000,bK4o9vjSbPLZyBKY,871.000,7pz7mk3D0hXlDzD3,908.000,r85qjlyojvOlHwKv,945.000,cvNTIGe2F4uXnnHt,965.000,2jyzeYGpJv7qv931,1305.000,qqJiNVFb4eVer0Td,1483.000,hd5hRwaUatBMaDG/,,
3,77,2026-04-04T07:22:23.378Z,1383.000,9,1140.000,zptQpMPgptmtFfM7,1180.000,7pz7mk3D0hXlDzD3,1200.000,2jyzeYGpJv7qv931,1259.000,PvdwtJttMSxNTJy0,1304.000,cvNTIGe2F4uXnnHt,1325.000,bK4o9vjSbPLZyBKY,1346.000,qqJiNVFb4eVer0Td,1407.000,hd5hRwaUatBMaDG/,1768.000,r85qjlyojvOlHwKv,,
3,78,2026-04-04T07:22:24.761Z,1179.000,9,681.000,2jyzeYGpJv7qv931,706.000,PvdwtJttMSxNTJy0,895.000,zptQpMPgptmtFfM7,950.000,7pz7mk3D0hXlDzD3,1066.000,hd5hRwaUatBMaDG/,1084.000,qqJiNVFb4eVer0Td,1157.000,cvNTIGe2F4uXnnHt,1720.000,bK4o9vjSbPLZyBKY,2036.000,r85qjlyojvOlHwKv,,
3,79,2026-04-04T07:22:25.940Z,1532.000,9,1192.000,zptQpMPgptmtFfM7,1208.000,PvdwtJttMSxNTJy0,1263.000,7pz7mk3D0hXlDzD3,1420.000,2jyzeYGpJv7qv931,1460.000,hd5hRwaUatBMaDG/,1480.000,bK4o9vjSbPLZyBKY,1515.000,qqJiNVFb4eVer0Td,1570.000,cvNTIGe2F4uXnnHt,1700.000,r85qjlyojvOlHwKv,,
3,80,2026-04-04T07:22:27.472Z,1370.000,9,860.000,PvdwtJttMSxNTJy0,958.000,zptQpMPgptmtFfM7,976.000,bK4o9vjSbPLZyBKY,1053.000,7pz7mk3D0hXlDzD3,1068.000,2jyzeYGpJv7qv931,1127.000,qqJiNVFb4eVer0Td,1342.000,hd5hRwaUatBMaDG/,1605.000,r85qjlyojvOlHwKv,1754.000,cvNTIGe2F4uXnnHt,,
3,81,2026-04-04T07:22:28.842Z,1414.000,9,893.000,zptQpMPgptmtFfM7,908.000,PvdwtJttMSxNTJy0,1122.000,7pz7mk3D0hXlDzD3,1170.000,r85qjlyojvOlHwKv,1196.000,2jyzeYGpJv7qv931,1319.000,bK4o9vjSbPLZyBKY,1382.000,cvNTIGe2F4uXnnHt,1415.000,qqJiNVFb4eVer0Td,1552.000,hd5hRwaUatBMaDG/,,
3,82,2026-04-04T07:22:30.256Z,1287.000,9,825.000,2jyzeYGpJv7qv931,867.000,PvdwtJttMSxNTJy0,927.000,zptQpMPgptmtFfM7,1027.000,r85qjlyojvOlHwKv,1097.000,7pz7mk3D0hXlDzD3,1149.000,hd5hRwaUatBMaDG/,1269.000,qqJiNVFb4eVer0Td,1290.000,bK4o9vjSbPLZyBKY,1795.000,cvNTIGe2F4uXnnHt,,
3,83,2026-04-04T07:22:31.543Z,1389.000,9,991.000,PvdwtJttMSxNTJy0,1059.000,zptQpMPgptmtFfM7,1087.000,qqJiNVFb4eVer0Td,1125.000,2jyzeYGpJv7qv931,1184.000,cvNTIGe2F4uXnnHt,1292.000,bK4o9vjSbPLZyBKY,1360.000,r85qjlyojvOlHwKv,1645.000,hd5hRwaUatBMaDG/,1931.000,7pz7mk3D0hXlDzD3,,
3,84,2026-04-04T07:22:32.932Z,1403.000,9,936.000,PvdwtJttMSxNTJy0,1168.000,zptQpMPgptmtFfM7,1224.000,r85qjlyojvOlHwKv,1258.000,bK4o9vjSbPLZyBKY,1332.000,cvNTIGe2F4uXnnHt,1353.000,qqJiNVFb4eVer0Td,1391.000,2jyzeYGpJv7qv931,1436.000,hd5hRwaUatBMaDG/,1899.000,7pz7mk3D0hXlDzD3,,
3,85,2026-04-04T07:22:34.335Z,1413.000,9,1016.000,PvdwtJttMSxNTJy0,1114.000,zptQpMPgptmtFfM7,1136.000,bK4o9vjSbPLZyBKY,1217.000,hd5hRwaUatBMaDG/,1246.000,qqJiNVFb4eVer0Td,1325.000,cvNTIGe2F4uXnnHt,1386.000,r85qjlyojvOlHwKv,1414.000,2jyzeYGpJv7qv931,1588.000,7pz7mk3D0hXlDzD3,,
3,86,2026-04-04T07:22:35.748Z,1337.000,9,854.000,PvdwtJttMSxNTJy0,1045.000,bK4o9vjSbPLZyBKY,1116.000,zptQpMPgptmtFfM7,1163.000,7pz7mk3D0hXlDzD3,1216.000,r85qjlyojvOlHwKv,1237.000,qqJiNVFb4eVer0Td,1320.000,cvNTIGe2F4uXnnHt,1751.000,2jyzeYGpJv7qv931,2002.000,hd5hRwaUatBMaDG/,,
3,87,2026-04-04T07:22:37.085Z,1487.000,9,946.000,PvdwtJttMSxNTJy0,1045.000,zptQpMPgptmtFfM7,1306.000,bK4o9vjSbPLZyBKY,1364.000,cvNTIGe2F4uXnnHt,1422.000,r85qjlyojvOlHwKv,1446.000,qqJiNVFb4eVer0Td,1476.000,2jyzeYGpJv7qv931,1698.000,7pz7mk3D0hXlDzD3,1749.000,hd5hRwaUatBMaDG/,,
3,88,2026-04-04T07:22:38.572Z,1250.000,9,976.000,zptQpMPgptmtFfM7,990.000,PvdwtJttMSxNTJy0,1040.000,7pz7mk3D0hXlDzD3,1070.000,bK4o9vjSbPLZyBKY,1096.000,2jyzeYGpJv7qv931,1108.000,qqJiNVFb4eVer0Td,1213.000,r85qjlyojvOlHwKv,1508.000,hd5hRwaUatBMaDG/,1655.000,cvNTIGe2F4uXnnHt,,
3,89,2026-04-04T07:22:39.822Z,1928.000,9,745.000,PvdwtJttMSxNTJy0,830.000,zptQpMPgptmtFfM7,1057.000,r85qjlyojvOlHwKv,1303.000,bK4o9vjSbPLZyBKY,1552.000,qqJiNVFb4eVer0Td,1597.000,hd5hRwaUatBMaDG/,1889.000,cvNTIGe2F4uXnnHt,2408.000,2jyzeYGpJv7qv931,2563.000,7pz7mk3D0hXlDzD3,,
3,90,2026-04-04T07:22:41.750Z,1616.000,9,1162.000,PvdwtJttMSxNTJy0,1191.000,qqJiNVFb4eVer0Td,1266.000,zptQpMPgptmtFfM7,1329.000,cvNTIGe2F4uXnnHt,1507.000,bK4o9vjSbPLZyBKY,1556.000,hd5hRwaUatBMaDG/,1600.000,7pz7mk3D0hXlDzD3,1803.000,r85qjlyojvOlHwKv,1916.000,2jyzeYGpJv7qv931,,
3,91,2026-04-04T07:22:43.366Z,1528.000,9,1039.000,PvdwtJttMSxNTJy0,1073.000,qqJiNVFb4eVer0Td,1181.000,zptQpMPgptmtFfM7,1211.000,bK4o9vjSbPLZyBKY,1282.000,7pz7mk3D0hXlDzD3,1416.000,cvNTIGe2F4uXnnHt,1504.000,hd5hRwaUatBMaDG/,1568.000,r85qjlyojvOlHwKv,2184.000,2jyzeYGpJv7qv931,,
3,92,2026-04-04T07:22:44.894Z,1420.000,9,1011.000,PvdwtJttMSxNTJy0,1135.000,zptQpMPgptmtFfM7,1176.000,qqJiNVFb4eVer0Td,1249.000,hd5hRwaUatBMaDG/,1305.000,7pz7mk3D0hXlDzD3,1325.000,bK4o9vjSbPLZyBKY,1400.000,r85qjlyojvOlHwKv,1706.000,cvNTIGe2F4uXnnHt,2141.000,2jyzeYGpJv7qv931,,
3,93,2026-04-04T07:22:46.314Z,1666.000,9,899.000,PvdwtJttMSxNTJy0,942.000,zptQpMPgptmtFfM7,996.000,7pz7mk3D0hXlDzD3,1022.000,qqJiNVFb4eVer0Td,1264.000,r85qjlyojvOlHwKv,1576.000,hd5hRwaUatBMaDG/,1648.000,bK4o9vjSbPLZyBKY,1755.000,cvNTIGe2F4uXnnHt,2539.000,2jyzeYGpJv7qv931,,
3,94,2026-04-04T07:22:47.980Z,1813.000,9,1020.000,PvdwtJttMSxNTJy0,1144.000,hd5hRwaUatBMaDG/,1169.000,bK4o9vjSbPLZyBKY,1312.000,zptQpMPgptmtFfM7,1615.000,7pz7mk3D0hXlDzD3,1674.000,cvNTIGe2F4uXnnHt,1765.000,r85qjlyojvOlHwKv,1815.000,qqJiNVFb4eVer0Td,2456.000,2jyzeYGpJv7qv931,,
3,95,2026-04-04T07:22:49.793Z,1834.000,9,1119.000,zptQpMPgptmtFfM7,1295.000,PvdwtJttMSxNTJy0,1383.000,7pz7mk3D0hXlDzD3,1420.000,bK4o9vjSbPLZyBKY,1497.000,qqJiNVFb4eVer0Td,1715.000,hd5hRwaUatBMaDG/,1797.000,cvNTIGe2F4uXnnHt,2733.000,2jyzeYGpJv7qv931,2910.000,r85qjlyojvOlHwKv,,
3,96,2026-04-04T07:22:51.627Z,1675.000,9,873.000,PvdwtJttMSxNTJy0,1115.000,bK4o9vjSbPLZyBKY,1229.000,7pz7mk3D0hXlDzD3,1327.000,qqJiNVFb4eVer0Td,1517.000,zptQpMPgptmtFfM7,1584.000,cvNTIGe2F4uXnnHt,1648.000,hd5hRwaUatBMaDG/,2189.000,2jyzeYGpJv7qv931,2499.000,r85qjlyojvOlHwKv,,
3,97,2026-04-04T07:22:53.302Z,2053.000,9,957.000,PvdwtJttMSxNTJy0,1228.000,zptQpMPgptmtFfM7,1374.000,7pz7mk3D0hXlDzD3,1478.000,cvNTIGe2F4uXnnHt,1845.000,2jyzeYGpJv7qv931,1948.000,r85qjlyojvOlHwKv,2014.000,bK4o9vjSbPLZyBKY,2181.000,qqJiNVFb4eVer0Td,2689.000,hd5hRwaUatBMaDG/,,
3,98,2026-04-04T07:22:55.355Z,2858.000,9,2069.000,PvdwtJttMSxNTJy0,2115.000,2jyzeYGpJv7qv931,2206.000,zptQpMPgptmtFfM7,2279.000,7pz7mk3D0hXlDzD3,2450.000,qqJiNVFb4eVer0Td,2525.000,r85qjlyojvOlHwKv,2827.000,cvNTIGe2F4uXnnHt,2859.000,bK4o9vjSbPLZyBKY,3596.000,hd5hRwaUatBMaDG/,,
3,99,2026-04-04T07:22:58.213Z,1838.000,8,1048.000,bK4o9vjSbPLZyBKY,1133.000,7pz7mk3D0hXlDzD3,1157.000,2jyzeYGpJv7qv931,1324.000,zptQpMPgptmtFfM7,1396.000,r85qjlyojvOlHwKv,1604.000,PvdwtJttMSxNTJy0,1803.000,cvNTIGe2F4uXnnHt,2210.000,hd5hRwaUatBMaDG/,,,,
3,100,2026-04-04T07:23:00.051Z,2574.000,7,1150.000,bK4o9vjSbPLZyBKY,1170.000,PvdwtJttMSxNTJy0,1467.000,2jyzeYGpJv7qv931,1902.000,qqJiNVFb4eVer0Td,2137.000,cvNTIGe2F4uXnnHt,2367.000,r85qjlyojvOlHwKv,2528.000,hd5hRwaUatBMaDG/,,,,,,
3,101,2026-04-04T07:23:02.625Z,1952.000,7,866.000,bK4o9vjSbPLZyBKY,896.000,PvdwtJttMSxNTJy0,1323.000,cvNTIGe2F4uXnnHt,1411.000,r85qjlyojvOlHwKv,1624.000,2jyzeYGpJv7qv931,1699.000,qqJiNVFb4eVer0Td,1926.000,hd5hRwaUatBMaDG/,,,,,,
3,102,2026-04-04T07:23:04.577Z,18985.000,8,1468.000,cvNTIGe2F4uXnnHt,1626.000,r85qjlyojvOlHwKv,2091.000,hd5hRwaUatBMaDG/,10944.000,qqJiNVFb4eVer0Td,12444.000,2jyzeYGpJv7qv931,17803.000,PvdwtJttMSxNTJy0,18910.000,bK4o9vjSbPLZyBKY,33624.000,rAgGKl6ICbDXHmxg,,,,
3,103,2026-04-04T07:23:23.562Z,,0,,,,,,,,,,,,,,,,,,,,
4,1,2026-04-04T07:21:18.167Z,7859.000,7,3826.000,7pz7mk3D0hXlDzD3,4198.000,bK4o9vjSbPLZyBKY,5287.000,zptQpMPgptmtFfM7,5654.000,PvdwtJttMSxNTJy0,6196.000,hd5hRwaUatBMaDG/,7755.000,2jyzeYGpJv7qv931,7859.000,cvNTIGe2F4uXnnHt,,,,,,
4,2,2026-04-04T07:21:26.026Z,613.000,7,306.000,7pz7mk3D0hXlDzD3,309.000,2jyzeYGpJv7qv931,311.000,zptQpMPgptmtFfM7,312.000,PvdwtJttMSxNTJy0,406.000,bK4o9vjSbPLZyBKY,510.000,hd5hRwaUatBMaDG/,613.000,cvNTIGe2F4uXnnHt,,,,,,
4,3,2026-04-04T07:21:26.639Z,518.000,8,306.000,zptQpMPgptmtFfM7,307.000,7pz7mk3D0hXlDzD3,309.000,bK4o9vjSbPLZyBKY,310.000,2jyzeYGpJv7qv931,311.000,PvdwtJttMSxNTJy0,411.000,hd5hRwaUatBMaDG/,518.000,cvNTIGe2F4uXnnHt,927.000,r85qjlyojvOlHwKv,,,,
4,4,2026-04-04T07:21:27.157Z,413.000,9,305.000,PvdwtJttMSxNTJy0,306.000,7pz7mk3D0hXlDzD3,308.000,zptQpMPgptmtFfM7,309.000,2jyzeYGpJv7qv931,310.000,bK4o9vjSbPLZyBKY,411.000,hd5hRwaUatBMaDG/,413.000,qqJiNVFb4eVer0Td,519.000,cvNTIGe2F4uXnnHt,616.000,r85qjlyojvOlHwKv,,
4,5,2026-04-04T07:21:27.570Z,513.000,9,307.000,2jyzeYGpJv7qv931,309.000,PvdwtJttMSxNTJy0,310.000,qqJiNVFb4eVer0Td,409.000,zptQpMPgptmtFfM7,409.000,7pz7mk3D0hXlDzD3,411.000,bK4o9vjSbPLZyBKY,513.000,cvNTIGe2F4uXnnHt,515.000,r85qjlyojvOlHwKv,519.000,hd5hRwaUatBMaDG/,,
4,6,2026-04-04T07:21:28.083Z,415.000,9,305.000,7pz7mk3D0hXlDzD3,308.000,qqJiNVFb4eVer0Td,311.000,zptQpMPgptmtFfM7,312.000,2jyzeYGpJv7qv931,313.000,PvdwtJttMSxNTJy0,413.000,cvNTIGe2F4uXnnHt,415.000,hd5hRwaUatBMaDG/,513.000,bK4o9vjSbPLZyBKY,514.000,r85qjlyojvOlHwKv,,
4,7,2026-04-04T07:21:28.498Z,510.000,10,306.000,qqJiNVFb4eVer0Td,307.000,7pz7mk3D0hXlDzD3,407.000,PvdwtJttMSxNTJy0,408.000,2jyzeYGpJv7qv931,409.000,bK4o9vjSbPLZyBKY,411.000,zptQpMPgptmtFfM7,509.000,hd5hRwaUatBMaDG/,511.000,cvNTIGe2F4uXnnHt,512.000,r85qjlyojvOlHwKv,1054.000,rAgGKl6ICbDXHmxg
4,8,2026-04-04T07:21:29.008Z,413.000,9,308.000,qqJiNVFb4eVer0Td,308.000,7pz7mk3D0hXlDzD3,310.000,zptQpMPgptmtFfM7,311.000,bK4o9vjSbPLZyBKY,312.000,PvdwtJttMSxNTJy0,314.000,2jyzeYGpJv7qv931,413.000,hd5hRwaUatBMaDG/,414.000,cvNTIGe2F4uXnnHt,415.000,r85qjlyojvOlHwKv,,
4,9,2026-04-04T07:21:29.421Z,410.000,10,303.000,bK4o9vjSbPLZyBKY,306.000,qqJiNVFb4eVer0Td,307.000,zptQpMPgptmtFfM7,406.000,2jyzeYGpJv7qv931,406.000,7pz7mk3D0hXlDzD3,408.000,PvdwtJttMSxNTJy0,410.000,r85qjlyojvOlHwKv,513.000,cvNTIGe2F4uXnnHt,515.000,hd5hRwaUatBMaDG/,1116.000,rAgGKl6ICbDXHmxg
4,10,2026-04-04T07:21:29.831Z,512.000,9,306.000,PvdwtJttMSxNTJy0,308.000,2jyzeYGpJv7qv931,407.000,qqJiNVFb4eVer0Td,409.000,7pz7mk3D0hXlDzD3,411.000,bK4o9vjSbPLZyBKY,412.000,zptQpMPgptmtFfM7,511.000,cvNTIGe2F4uXnnHt,513.000,hd5hRwaUatBMaDG/,517.000,r85qjlyojvOlHwKv,,
4,11,2026-04-04T07:21:30.343Z,412.000,9,307.000,7pz7mk3D0hXlDzD3,309.000,PvdwtJttMSxNTJy0,310.000,bK4o9vjSbPLZyBKY,312.000,qqJiNVFb4eVer0Td,313.000,zptQpMPgptmtFfM7,314.000,2jyzeYGpJv7qv931,412.000,cvNTIGe2F4uXnnHt,414.000,hd5hRwaUatBMaDG/,418.000,r85qjlyojvOlHwKv,,
4,12,2026-04-04T07:21:30.755Z,512.000,10,304.000,bK4o9vjSbPLZyBKY,308.000,PvdwtJttMSxNTJy0,309.000,qqJiNVFb4eVer0Td,407.000,7pz7mk3D0hXlDzD3,409.000,zptQpMPgptmtFfM7,410.000,2jyzeYGpJv7qv931,511.000,r85qjlyojvOlHwKv,513.000,cvNTIGe2F4uXnnHt,514.000,hd5hRwaUatBMaDG/,833.000,rAgGKl6ICbDXHmxg
4,13,2026-04-04T07:21:31.267Z,412.000,10,308.000,bK4o9vjSbPLZyBKY,309.000,7pz7mk3D0hXlDzD3,310.000,qqJiNVFb4eVer0Td,311.000,2jyzeYGpJv7qv931,312.000,PvdwtJttMSxNTJy0,314.000,zptQpMPgptmtFfM7,412.000,hd5hRwaUatBMaDG/,414.000,r85qjlyojvOlHwKv,415.000,cvNTIGe2F4uXnnHt,909.000,rAgGKl6ICbDXHmxg
4,14,2026-04-04T07:21:31.679Z,509.000,9,304.000,qqJiNVFb4eVer0Td,306.000,bK4o9vjSbPLZyBKY,406.000,7pz7mk3D0hXlDzD3,407.000,zptQpMPgptmtFfM7,409.000,2jyzeYGpJv7qv931,411.000,PvdwtJttMSxNTJy0,508.000,r85qjlyojvOlHwKv,510.000,cvNTIGe2F4uXnnHt,511.000,hd5hRwaUatBMaDG/,,
4,15,2026-04-04T07:21:32.188Z,411.000,10,308.000,7pz7mk3D0hXlDzD3,311.000,PvdwtJttMSxNTJy0,312.000,bK4o9vjSbPLZyBKY,312.000,qqJiNVFb4eVer0Td,313.000,zptQpMPgptmtFfM7,314.000,2jyzeYGpJv7qv931,411.000,cvNTIGe2F4uXnnHt,413.000,hd5hRwaUatBMaDG/,414.000,r85qjlyojvOlHwKv,906.000,rAgGKl6ICbDXHmxg
4,16,2026-04-04T07:21:32.599Z,509.000,10,406.000,bK4o9vjSbPLZyBKY,407.000,PvdwtJttMSxNTJy0,407.000,7pz7mk3D0hXlDzD3,409.000,qqJiNVFb4eVer0Td,409.000,zptQpMPgptmtFfM7,410.000,2jyzeYGpJv7qv931,508.000,hd5hRwaUatBMaDG/,510.000,r85qjlyojvOlHwKv,513.000,cvNTIGe2F4uXnnHt,979.000,rAgGKl6ICbDXHmxg
4,17,2026-04-04T07:21:33.108Z,413.000,9,310.000,7pz7mk3D0hXlDzD3,311.000,qqJiNVFb4eVer0Td,313.000,2jyzeYGpJv7qv931,314.000,bK4o9vjSbPLZyBKY,315.000,zptQpMPgptmtFfM7,317.000,PvdwtJttMSxNTJy0,413.000,r85qjlyojvOlHwKv,415.000,hd5hRwaUatBMaDG/,416.000,cvNTIGe2F4uXnnHt,,
4,18,2026-04-04T07:21:33.521Z,511.000,10,307.000,zptQpMPgptmtFfM7,407.000,7pz7mk3D0hXlDzD3,408.000,qqJiNVFb4eVer0Td,409.000,2jyzeYGpJv7qv931,410.000,PvdwtJttMSxNTJy0,412.000,bK4o9vjSbPLZyBKY,511.000,cvNTIGe2F4uXnnHt,512.000,hd5hRwaUatBMaDG/,514.000,r85qjlyojvOlHwKv,999.000,rAgGKl6ICbDXHmxg
4,19,2026-04-04T07:21:34.032Z,411.000,10,307.000,7pz7mk3D0hXlDzD3,309.000,bK4o9vjSbPLZyBKY,310.000,2jyzeYGpJv7qv931,311.000,zptQpMPgptmtFfM7,313.000,qqJiNVFb4eVer0Td,314.000,PvdwtJttMSxNTJy0,411.000,hd5hRwaUatBMaDG/,412.000,cvNTIGe2F4uXnnHt,416.000,r85qjlyojvOlHwKv,953.000,rAgGKl6ICbDXHmxg
4,20,2026-04-04T07:21:34.443Z,510.000,9,304.000,7pz7mk3D0hXlDzD3,308.000,zptQpMPgptmtFfM7,310.000,PvdwtJttMSxNTJy0,409.000,bK4o9vjSbPLZyBKY,411.000,qqJiNVFb4eVer0Td,412.000,2jyzeYGpJv7qv931,510.000,hd5hRwaUatBMaDG/,513.000,r85qjlyojvOlHwKv,516.000,cvNTIGe2F4uXnnHt,,
4,21,2026-04-04T07:21:34.953Z,414.000,10,311.000,zptQpMPgptmtFfM7,312.000,7pz7mk3D0hXlDzD3,313.000,PvdwtJttMSxNTJy0,315.000,qqJiNVFb4eVer0Td,316.000,bK4o9vjSbPLZyBKY,317.000,2jyzeYGpJv7qv931,414.000,hd5hRwaUatBMaDG/,415.000,cvNTIGe2F4uXnnHt,417.000,r85qjlyojvOlHwKv,872.000,rAgGKl6ICbDXHmxg
4,22,2026-04-04T07:21:35.367Z,511.000,10,304.000,qqJiNVFb4eVer0Td,406.000,bK4o9vjSbPLZyBKY,407.000,7pz7mk3D0hXlDzD3,408.000,2jyzeYGpJv7qv931,409.000,zptQpMPgptmtFfM7,411.000,PvdwtJttMSxNTJy0,511.000,r85qjlyojvOlHwKv,512.000,cvNTIGe2F4uXnnHt,514.000,hd5hRwaUatBMaDG/,842.000,rAgGKl6ICbDXHmxg
4,23,2026-04-04T07:21:35.878Z,410.000,9,306.000,7pz7mk3D0hXlDzD3,308.000,bK4o9vjSbPLZyBKY,309.000,PvdwtJttMSxNTJy0,311.000,2jyzeYGpJv7qv931,312.000,qqJiNVFb4eVer0Td,314.000,zptQpMPgptmtFfM7,410.000,cvNTIGe2F4uXnnHt,412.000,hd5hRwaUatBMaDG/,413.000,r85qjlyojvOlHwKv,,
4,24,2026-04-04T07:21:36.288Z,512.000,10,307.000,2jyzeYGpJv7qv931,408.000,PvdwtJttMSxNTJy0,409.000,bK4o9vjSbPLZyBKY,410.000,7pz7mk3D0hXlDzD3,411.000,zptQpMPgptmtFfM7,413.000,qqJiNVFb4eVer0Td,512.000,cvNTIGe2F4uXnnHt,513.000,r85qjlyojvOlHwKv,515.000,hd5hRwaUatBMaDG/,922.000,rAgGKl6ICbDXHmxg
4,25,2026-04-04T07:21:36.800Z,408.000,10,305.000,7pz7mk3D0hXlDzD3,307.000,2jyzeYGpJv7qv931,309.000,qqJiNVFb4eVer0Td,310.000,PvdwtJttMSxNTJy0,312.000,zptQpMPgptmtFfM7,313.000,bK4o9vjSbPLZyBKY,408.000,cvNTIGe2F4uXnnHt,413.000,hd5hRwaUatBMaDG/,415.000,r85qjlyojvOlHwKv,873.000,rAgGKl6ICbDXHmxg
4,26,2026-04-04T07:21:37.208Z,512.000,9,306.000,7pz7mk3D0hXlDzD3,408.000,PvdwtJttMSxNTJy0,409.000,bK4o9vjSbPLZyBKY,410.000,qqJiNVFb4eVer0Td,412.000,zptQpMPgptmtFfM7,413.000,2jyzeYGpJv7qv931,512.000,hd5hRwaUatBMaDG/,513.000,cvNTIGe2F4uXnnHt,515.000,r85qjlyojvOlHwKv,,
4,27,2026-04-04T07:21:37.720Z,412.000,10,308.000,7pz7mk3D0hXlDzD3,310.000,bK4o9vjSbPLZyBKY,311.000,qqJiNVFb4eVer0Td,313.000,2jyzeYGpJv7qv931,314.000,PvdwtJttMSxNTJy0,316.000,zptQpMPgptmtFfM7,412.000,cvNTIGe2F4uXnnHt,414.000,hd5hRwaUatBMaDG/,415.000,r85qjlyojvOlHwKv,892.000,rAgGKl6ICbDXHmxg
4,28,2026-04-04T07:21:38.132Z,506.000,9,404.000,bK4o9vjSbPLZyBKY,404.000,7pz7mk3D0hXlDzD3,406.000,PvdwtJttMSxNTJy0,407.000,qqJiNVFb4eVer0Td,408.000,2jyzeYGpJv7qv931,410.000,zptQpMPgptmtFfM7,506.000,r85qjlyojvOlHwKv,510.000,cvNTIGe2F4uXnnHt,512.000,hd5hRwaUatBMaDG/,,
4,29,2026-04-04T07:21:38.638Z,418.000,10,313.000,bK4o9vjSbPLZyBKY,314.000,7pz7mk3D0hXlDzD3,315.000,PvdwtJttMSxNTJy0,317.000,qqJiNVFb4eVer0Td,318.000,2jyzeYGpJv7qv931,319.000,zptQpMPgptmtFfM7,418.000,r85qjlyojvOlHwKv,419.000,cvNTIGe2F4uXnnHt,421.000,hd5hRwaUatBMaDG/,918.000,rAgGKl6ICbDXHmxg
4,30,2026-04-04T07:21:39.056Z,506.000,9,401.000,7pz7mk3D0hXlDzD3,403.000,bK4o9vjSbPLZyBKY,404.000,PvdwtJttMSxNTJy0,405.000,zptQpMPgptmtFfM7,406.000,2jyzeYGpJv7qv931,408.000,qqJiNVFb4eVer0Td,506.000,r85qjlyojvOlHwKv,508.000,hd5hRwaUatBMaDG/,509.000,cvNTIGe2F4uXnnHt,,
4,31,2026-04-04T07:21:39.562Z,416.000,10,312.000,qqJiNVFb4eVer0Td,312.000,7pz7mk3D0hXlDzD3,314.000,2jyzeYGpJv7qv931,315.000,zptQpMPgptmtFfM7,317.000,bK4o9vjSbPLZyBKY,319.000,PvdwtJttMSxNTJy0,415.000,cvNTIGe2F4uXnnHt,417.000,hd5hRwaUatBMaDG/,418.000,r85qjlyojvOlHwKv,914.000,rAgGKl6ICbDXHmxg
4,32,2026-04-04T07:21:39.978Z,504.000,10,400.000,2jyzeYGpJv7qv931,401.000,bK4o9vjSbPLZyBKY,402.000,7pz7mk3D0hXlDzD3,404.000,zptQpMPgptmtFfM7,405.000,PvdwtJttMSxNTJy0,406.000,qqJiNVFb4eVer0Td,504.000,r85qjlyojvOlHwKv,505.000,cvNTIGe2F4uXnnHt,506.000,hd5hRwaUatBMaDG/,984.000,rAgGKl6ICbDXHmxg
4,33,2026-04-04T07:21:40.482Z,417.000,10,313.000,zptQpMPgptmtFfM7,313.000,7pz7mk3D0hXlDzD3,315.000,2jyzeYGpJv7qv931,316.000,bK4o9vjSbPLZyBKY,318.000,qqJiNVFb4eVer0Td,319.000,PvdwtJttMSxNTJy0,417.000,r85qjlyojvOlHwKv,418.000,cvNTIGe2F4uXnnHt,420.000,hd5hRwaUatBMaDG/,860.000,rAgGKl6ICbDXHmxg
4,34,2026-04-04T07:21:40.899Z,532.000,7,196.000,2jyzeYGpJv7qv931,200.000,bK4o9vjSbPLZyBKY,212.000,qqJiNVFb4eVer0Td,274.000,PvdwtJttMSxNTJy0,401.000,7pz7mk3D0hXlDzD3,505.000,hd5hRwaUatBMaDG/,531.000,r85qjlyojvOlHwKv,,,,,,
4,35,2026-04-04T07:21:41.431Z,687.000,9,239.000,PvdwtJttMSxNTJy0,241.000,qqJiNVFb4eVer0Td,329.000,bK4o9vjSbPLZyBKY,387.000,2jyzeYGpJv7qv931,478.000,cvNTIGe2F4uXnnHt,504.000,zptQpMPgptmtFfM7,679.000,r85qjlyojvOlHwKv,688.000,7pz7mk3D0hXlDzD3,1178.000,rAgGKl6ICbDXHmxg,,
4,36,2026-04-04T07:21:42.118Z,554.000,9,269.000,PvdwtJttMSxNTJy0,285.000,bK4o9vjSbPLZyBKY,380.000,2jyzeYGpJv7qv931,420.000,r85qjlyojvOlHwKv,428.000,qqJiNVFb4eVer0Td,462.000,zptQpMPgptmtFfM7,537.000,7pz7mk3D0hXlDzD3,905.000,hd5hRwaUatBMaDG/,940.000,cvNTIGe2F4uXnnHt,,
4,37,2026-04-04T07:21:42.672Z,863.000,9,596.000,zptQpMPgptmtFfM7,609.000,PvdwtJttMSxNTJy0,642.000,qqJiNVFb4eVer0Td,663.000,2jyzeYGpJv7qv931,690.000,7pz7mk3D0hXlDzD3,767.000,bK4o9vjSbPLZyBKY,846.000,hd5hRwaUatBMaDG/,883.000,cvNTIGe2F4uXnnHt,953.000,r85qjlyojvOlHwKv,,
4,38,2026-04-04T07:21:43.535Z,734.000,9,444.000,7pz7mk3D0hXlDzD3,471.000,PvdwtJttMSxNTJy0,541.000,zptQpMPgptmtFfM7,564.000,2jyzeYGpJv7qv931,610.000,hd5hRwaUatBMaDG/,631.000,qqJiNVFb4eVer0Td,728.000,bK4o9vjSbPLZyBKY,878.000,cvNTIGe2F4uXnnHt,1001.000,r85qjlyojvOlHwKv,,
4,39,2026-04-04T07:21:44.269Z,807.000,9,638.000,7pz7mk3D0hXlDzD3,683.000,zptQpMPgptmtFfM7,696.000,PvdwtJttMSxNTJy0,723.000,2jyzeYGpJv7qv931,731.000,bK4o9vjSbPLZyBKY,762.000,hd5hRwaUatBMaDG/,775.000,qqJiNVFb4eVer0Td,833.000,cvNTIGe2F4uXnnHt,865.000,r85qjlyojvOlHwKv,,
4,40,2026-04-04T07:21:45.076Z,893.000,9,562.000,7pz7mk3D0hXlDzD3,655.000,PvdwtJttMSxNTJy0,706.000,zptQpMPgptmtFfM7,778.000,hd5hRwaUatBMaDG/,798.000,qqJiNVFb4eVer0Td,818.000,2jyzeYGpJv7qv931,879.000,cvNTIGe2F4uXnnHt,972.000,bK4o9vjSbPLZyBKY,1649.000,r85qjlyojvOlHwKv,,
4,41,2026-04-04T07:21:45.969Z,866.000,8,424.000,7pz7mk3D0hXlDzD3,535.000,zptQpMPgptmtFfM7,593.000,PvdwtJttMSxNTJy0,632.000,qqJiNVFb4eVer0Td,779.000,2jyzeYGpJv7qv931,827.000,hd5hRwaUatBMaDG/,841.000,bK4o9vjSbPLZyBKY,1187.000,cvNTIGe2F4uXnnHt,,,,
4,42,2026-04-04T07:21:46.835Z,833.000,9,562.000,PvdwtJttMSxNTJy0,593.000,7pz7mk3D0hXlDzD3,648.000,zptQpMPgptmtFfM7,660.000,2jyzeYGpJv7qv931,750.000,qqJiNVFb4eVer0Td,761.000,bK4o9vjSbPLZyBKY,821.000,hd5hRwaUatBMaDG/,889.000,cvNTIGe2F4uXnnHt,1247.000,r85qjlyojvOlHwKv,,
4,43,2026-04-04T07:21:47.668Z,889.000,9,387.000,zptQpMPgptmtFfM7,484.000,2jyzeYGpJv7qv931,500.000,7pz7mk3D0hXlDzD3,583.000,PvdwtJttMSxNTJy0,714.000,bK4o9vjSbPLZyBKY,800.000,hd5hRwaUatBMaDG/,876.000,cvNTIGe2F4uXnnHt,896.000,qqJiNVFb4eVer0Td,1293.000,r85qjlyojvOlHwKv,,
4,44,2026-04-04T07:21:48.557Z,898.000,9,363.000,7pz7mk3D0hXlDzD3,416.000,PvdwtJttMSxNTJy0,632.000,2jyzeYGpJv7qv931,768.000,qqJiNVFb4eVer0Td,822.000,zptQpMPgptmtFfM7,833.000,bK4o9vjSbPLZyBKY,887.000,hd5hRwaUatBMaDG/,918.000,cvNTIGe2F4uXnnHt,1237.000,r85qjlyojvOlHwKv,,
4,45,2026-04-04T07:21:49.455Z,919.000,9,352.000,7pz7mk3D0hXlDzD3,386.000,bK4o9vjSbPLZyBKY,554.000,zptQpMPgptmtFfM7,618.000,qqJiNVFb4eVer0Td,665.000,2jyzeYGpJv7qv931,781.000,PvdwtJttMSxNTJy0,1092.000,cvNTIGe2F4uXnnHt,1186.000,hd5hRwaUatBMaDG/,1329.000,r85qjlyojvOlHwKv,,
4,46,2026-04-04T07:21:50.374Z,778.000,9,500.000,zptQpMPgptmtFfM7,510.000,bK4o9vjSbPLZyBKY,534.000,2jyzeYGpJv7qv931,573.000,7pz7mk3D0hXlDzD3,585.000,qqJiNVFb4eVer0Td,677.000,PvdwtJttMSxNTJy0,764.000,hd5hRwaUatBMaDG/,1085.000,cvNTIGe2F4uXnnHt,1204.000,r85qjlyojvOlHwKv,,
4,47,2026-04-04T07:21:51.152Z,1015.000,9,507.000,7pz7mk3D0hXlDzD3,532.000,qqJiNVFb4eVer0Td,606.000,PvdwtJttMSxNTJy0,635.000,zptQpMPgptmtFfM7,644.000,bK4o9vjSbPLZyBKY,694.000,2jyzeYGpJv7qv931,1181.000,hd5hRwaUatBMaDG/,1430.000,cvNTIGe2F4uXnnHt,1517.000,r85qjlyojvOlHwKv,,
4,48,2026-04-04T07:21:52.167Z,776.000,9,623.000,bK4o9vjSbPLZyBKY,648.000,qqJiNVFb4eVer0Td,663.000,2jyzeYGpJv7qv931,673.000,PvdwtJttMSxNTJy0,692.000,7pz7mk3D0hXlDzD3,733.000,zptQpMPgptmtFfM7,767.000,hd5hRwaUatBMaDG/,910.000,r85qjlyojvOlHwKv,1020.000,cvNTIGe2F4uXnnHt,,
4,49,2026-04-04T07:21:52.943Z,724.000,9,475.000,7pz7mk3D0hXlDzD3,549.000,zptQpMPgptmtFfM7,575.000,2jyzeYGpJv7qv931,597.000,qqJiNVFb4eVer0Td,610.000,bK4o9vjSbPLZyBKY,623.000,PvdwtJttMSxNTJy0,712.000,hd5hRwaUatBMaDG/,747.000,r85qjlyojvOlHwKv,862.000,cvNTIGe2F4uXnnHt,,
4,50,2026-04-04T07:21:53.667Z,835.000,9,391.000,7pz7mk3D0hXlDzD3,493.000,zptQpMPgptmtFfM7,561.000,qqJiNVFb4eVer0Td,595.000,r85qjlyojvOlHwKv,613.000,2jyzeYGpJv7qv931,793.000,hd5hRwaUatBMaDG/,811.000,PvdwtJttMSxNTJy0,1100.000,bK4o9vjSbPLZyBKY,1305.000,cvNTIGe2F4uXnnHt,,
4,51,2026-04-04T07:21:54.502Z,900.000,9,491.000,7pz7mk3D0hXlDzD3,631.000,qqJiNVFb4eVer0Td,639.000,2jyzeYGpJv7qv931,742.000,zptQpMPgptmtFfM7,772.000,r85qjlyojvOlHwKv,838.000,PvdwtJttMSxNTJy0,888.000,hd5hRwaUatBMaDG/,1314.000,cvNTIGe2F4uXnnHt,1430.000,bK4o9vjSbPLZyBKY,,
4,52,2026-04-04T07:21:55.402Z,843.000,9,622.000,zptQpMPgptmtFfM7,633.000,2jyzeYGpJv7qv931,676.000,7pz7mk3D0hXlDzD3,694.000,PvdwtJttMSxNTJy0,730.000,r85qjlyojvOlHwKv,758.000,hd5hRwaUatBMaDG/,832.000,cvNTIGe2F4uXnnHt,1046.000,qqJiNVFb4eVer0Td,1426.000,bK4o9vjSbPLZyBKY,,
4,53,2026-04-04T07:21:56.245Z,1071.000,9,287.000,2jyzeYGpJv7qv931,480.000,7pz7mk3D0hXlDzD3,567.000,zptQpMPgptmtFfM7,751.000,r85qjlyojvOlHwKv,775.000,PvdwtJttMSxNTJy0,919.000,cvNTIGe2F4uXnnHt,1059.000,hd5hRwaUatBMaDG/,1073.000,qqJiNVFb4eVer0Td,1622.000,bK4o9vjSbPLZyBKY,,
4,54,2026-04-04T07:21:57.316Z,1047.000,9,631.000,7pz7mk3D0hXlDzD3,674.000,hd5hRwaUatBMaDG/,691.000,PvdwtJttMSxNTJy0,827.000,zptQpMPgptmtFfM7,986.000,qqJiNVFb4eVer0Td,999.000,2jyzeYGpJv7qv931,1032.000,cvNTIGe2F4uXnnHt,1171.000,r85qjlyojvOlHwKv,1460.000,bK4o9vjSbPLZyBKY,,
4,55,2026-04-04T07:21:58.363Z,1255.000,9,562.000,7pz7mk3D0hXlDzD3,586.000,PvdwtJttMSxNTJy0,864.000,zptQpMPgptmtFfM7,884.000,qqJiNVFb4eVer0Td,906.000,2jyzeYGpJv7qv931,947.000,r85qjlyojvOlHwKv,1324.000,cvNTIGe2F4uXnnHt,1257.000,bK4o9vjSbPLZyBKY,1640.000,hd5hRwaUatBMaDG/,,
4,56,2026-04-04T07:21:59.618Z,1155.000,9,769.000,qqJiNVFb4eVer0Td,796.000,2jyzeYGpJv7qv931,834.000,7pz7mk3D0hXlDzD3,879.000,PvdwtJttMSxNTJy0,997.000,zptQpMPgptmtFfM7,1104.000,r85qjlyojvOlHwKv,1124.000,bK4o9vjSbPLZyBKY,1185.000,cvNTIGe2F4uXnnHt,1281.000,hd5hRwaUatBMaDG/,,
4,57,2026-04-04T07:22:00.773Z,1217.000,9,730.000,7pz7mk3D0hXlDzD3,763.000,PvdwtJttMSxNTJy0,804.000,2jyzeYGpJv7qv931,1031.000,r85qjlyojvOlHwKv,1049.000,qqJiNVFb4eVer0Td,1088.000,bK4o9vjSbPLZyBKY,1407.000,cvNTIGe2F4uXnnHt,1287.000,zptQpMPgptmtFfM7,1713.000,hd5hRwaUatBMaDG/,,
4,58,2026-04-04T07:22:01.990Z,1339.000,9,761.000,bK4o9vjSbPLZyBKY,785.000,PvdwtJttMSxNTJy0,794.000,2jyzeYGpJv7qv931,803.000,qqJiNVFb4eVer0Td,839.000,7pz7mk3D0hXlDzD3,1262.000,cvNTIGe2F4uXnnHt,1323.000,hd5hRwaUatBMaDG/,1390.000,r85qjlyojvOlHwKv,1498.000,zptQpMPgptmtFfM7,,
4,59,2026-04-04T07:22:03.329Z,969.000,9,677.000,bK4o9vjSbPLZyBKY,695.000,7pz7mk3D0hXlDzD3,744.000,r85qjlyojvOlHwKv,759.000,qqJiNVFb4eVer0Td,886.000,zptQpMPgptmtFfM7,900.000,2jyzeYGpJv7qv931,955.000,cvNTIGe2F4uXnnHt,971.000,PvdwtJttMSxNTJy0,1029.000,hd5hRwaUatBMaDG/,,
4,60,2026-04-04T07:22:04.298Z,1310.000,9,735.000,bK4o9vjSbPLZyBKY,803.000,7pz7mk3D0hXlDzD3,841.000,zptQpMPgptmtFfM7,857.000,qqJiNVFb4eVer0Td,1138.000,PvdwtJttMSxNTJy0,1252.000,hd5hRwaUatBMaDG/,1296.000,r85qjlyojvOlHwKv,1465.000,cvNTIGe2F4uXnnHt,1572.000,2jyzeYGpJv7qv931,,
4,61,2026-04-04T07:22:05.608Z,1111.000,9,673.000,7pz7mk3D0hXlDzD3,690.000,PvdwtJttMSxNTJy0,735.000,bK4o9vjSbPLZyBKY,974.000,r85qjlyojvOlHwKv,1054.000,zptQpMPgptmtFfM7,1074.000,qqJiNVFb4eVer0Td,1103.000,2jyzeYGpJv7qv931,1386.000,hd5hRwaUatBMaDG/,1587.000,cvNTIGe2F4uXnnHt,,
4,62,2026-04-04T07:22:06.719Z,1124.000,9,789.000,7pz7mk3D0hXlDzD3,810.000,bK4o9vjSbPLZyBKY,880.000,zptQpMPgptmtFfM7,983.000,PvdwtJttMSxNTJy0,1007.000,2jyzeYGpJv7qv931,1082.000,hd5hRwaUatBMaDG/,1107.000,qqJiNVFb4eVer0Td,1161.000,r85qjlyojvOlHwKv,1250.000,cvNTIGe2F4uXnnHt,,
4,63,2026-04-04T07:22:07.843Z,1207.000,9,723.000,7pz7mk3D0hXlDzD3,799.000,bK4o9vjSbPLZyBKY,824.000,qqJiNVFb4eVer0Td,977.000,2jyzeYGpJv7qv931,1050.000,PvdwtJttMSxNTJy0,1149.000,r85qjlyojvOlHwKv,1194.000,zptQpMPgptmtFfM7,1471.000,cvNTIGe2F4uXnnHt,1567.000,hd5hRwaUatBMaDG/,,
4,64,2026-04-04T07:22:09.050Z,1245.000,9,667.000,7pz7mk3D0hXlDzD3,790.000,bK4o9vjSbPLZyBKY,835.000,zptQpMPgptmtFfM7,1108.000,qqJiNVFb4eVer0Td,1123.000,PvdwtJttMSxNTJy0,1155.000,2jyzeYGpJv7qv931,1227.000,cvNTIGe2F4uXnnHt,1481.000,r85qjlyojvOlHwKv,1572.000,hd5hRwaUatBMaDG/,,
4,65,2026-04-04T07:22:10.295Z,1169.000,9,646.000,7pz7mk3D0hXlDzD3,723.000,2jyzeYGpJv7qv931,777.000,zptQpMPgptmtFfM7,864.000,qqJiNVFb4eVer0Td,887.000,bK4o9vjSbPLZyBKY,1131.000,r85qjlyojvOlHwKv,1156.000,PvdwtJttMSxNTJy0,1370.000,hd5hRwaUatBMaDG/,1881.000,cvNTIGe2F4uXnnHt,,
4,66,2026-04-04T07:22:11.464Z,1032.000,9,814.000,7pz7mk3D0hXlDzD3,836.000,qqJiNVFb4eVer0Td,865.000,bK4o9vjSbPLZyBKY,873.000,PvdwtJttMSxNTJy0,941.000,zptQpMPgptmtFfM7,956.000,2jyzeYGpJv7qv931,1016.000,r85qjlyojvOlHwKv,1370.000,hd5hRwaUatBMaDG/,1757.000,cvNTIGe2F4uXnnHt,,
4,67,2026-04-04T07:22:12.496Z,1194.000,9,664.000,7pz7mk3D0hXlDzD3,771.000,zptQpMPgptmtFfM7,784.000,qqJiNVFb4eVer0Td,803.000,bK4o9vjSbPLZyBKY,811.000,PvdwtJttMSxNTJy0,1051.000,2jyzeYGpJv7qv931,1181.000,r85qjlyojvOlHwKv,1266.000,hd5hRwaUatBMaDG/,1686.000,cvNTIGe2F4uXnnHt,,
4,68,2026-04-04T07:22:13.690Z,965.000,9,509.000,bK4o9vjSbPLZyBKY,526.000,qqJiNVFb4eVer0Td,672.000,7pz7mk3D0hXlDzD3,762.000,zptQpMPgptmtFfM7,776.000,2jyzeYGpJv7qv931,827.000,r85qjlyojvOlHwKv,958.000,PvdwtJttMSxNTJy0,1236.000,hd5hRwaUatBMaDG/,1566.000,cvNTIGe2F4uXnnHt,,
4,69,2026-04-04T07:22:14.655Z,1137.000,9,496.000,7pz7mk3D0hXlDzD3,547.000,PvdwtJttMSxNTJy0,656.000,zptQpMPgptmtFfM7,669.000,bK4o9vjSbPLZyBKY,885.000,2jyzeYGpJv7qv931,935.000,qqJiNVFb4eVer0Td,1352.000,r85qjlyojvOlHwKv,1389.000,hd5hRwaUatBMaDG/,1833.000,cvNTIGe2F4uXnnHt,,
4,70,2026-04-04T07:22:15.792Z,999.000,8,557.000,PvdwtJttMSxNTJy0,655.000,zptQpMPgptmtFfM7,717.000,7pz7mk3D0hXlDzD3,924.000,bK4o9vjSbPLZyBKY,943.000,2jyzeYGpJv7qv931,953.000,qqJiNVFb4eVer0Td,987.000,r85qjlyojvOlHwKv,1259.000,hd5hRwaUatBMaDG/,,,,
4,71,2026-04-04T07:22:16.791Z,1120.000,9,530.000,7pz7mk3D0hXlDzD3,617.000,zptQpMPgptmtFfM7,786.000,r85qjlyojvOlHwKv,1009.000,hd5hRwaUatBMaDG/,1024.000,bK4o9vjSbPLZyBKY,1043.000,2jyzeYGpJv7qv931,1104.000,PvdwtJttMSxNTJy0,1436.000,cvNTIGe2F4uXnnHt,1450.000,qqJiNVFb4eVer0Td,,
4,72,2026-04-04T07:22:17.911Z,1119.000,9,659.000,7pz7mk3D0hXlDzD3,717.000,zptQpMPgptmtFfM7,778.000,PvdwtJttMSxNTJy0,807.000,bK4o9vjSbPLZyBKY,1009.000,hd5hRwaUatBMaDG/,1027.000,2jyzeYGpJv7qv931,1101.000,cvNTIGe2F4uXnnHt,1313.000,r85qjlyojvOlHwKv,1331.000,qqJiNVFb4eVer0Td,,
4,73,2026-04-04T07:22:19.030Z,1111.000,9,757.000,zptQpMPgptmtFfM7,773.000,PvdwtJttMSxNTJy0,798.000,2jyzeYGpJv7qv931,810.000,bK4o9vjSbPLZyBKY,826.000,7pz7mk3D0hXlDzD3,1075.000,r85qjlyojvOlHwKv,1102.000,qqJiNVFb4eVer0Td,1322.000,hd5hRwaUatBMaDG/,1606.000,cvNTIGe2F4uXnnHt,,
4,74,2026-04-04T07:22:20.141Z,987.000,9,687.000,7pz7mk3D0hXlDzD3,774.000,bK4o9vjSbPLZyBKY,819.000,zptQpMPgptmtFfM7,832.000,PvdwtJttMSxNTJy0,874.000,qqJiNVFb4eVer0Td,955.000,r85qjlyojvOlHwKv,970.000,2jyzeYGpJv7qv931,1292.000,cvNTIGe2F4uXnnHt,1517.000,hd5hRwaUatBMaDG/,,
4,75,2026-04-04T07:22:21.128Z,1159.000,9,738.000,7pz7mk3D0hXlDzD3,787.000,zptQpMPgptmtFfM7,868.000,PvdwtJttMSxNTJy0,978.000,r85qjlyojvOlHwKv,995.000,bK4o9vjSbPLZyBKY,1054.000,cvNTIGe2F4uXnnHt,1152.000,qqJiNVFb4eVer0Td,1259.000,hd5hRwaUatBMaDG/,1332.000,2jyzeYGpJv7qv931,,
4,76,2026-04-04T07:22:22.287Z,1128.000,9,645.000,zptQpMPgptmtFfM7,658.000,bK4o9vjSbPLZyBKY,697.000,7pz7mk3D0hXlDzD3,820.000,PvdwtJttMSxNTJy0,976.000,r85qjlyojvOlHwKv,998.000,2jyzeYGpJv7qv931,1113.000,cvNTIGe2F4uXnnHt,1129.000,qqJiNVFb4eVer0Td,1391.000,hd5hRwaUatBMaDG/,,
4,77,2026-04-04T07:22:23.415Z,1243.000,9,601.000,7pz7mk3D0hXlDzD3,656.000,zptQpMPgptmtFfM7,678.000,2jyzeYGpJv7qv931,933.000,cvNTIGe2F4uXnnHt,953.000,bK4o9vjSbPLZyBKY,1169.000,qqJiNVFb4eVer0Td,1227.000,PvdwtJttMSxNTJy0,1358.000,hd5hRwaUatBMaDG/,1637.000,r85qjlyojvOlHwKv,,
4,78,2026-04-04T07:22:24.658Z,1258.000,9,931.000,2jyzeYGpJv7qv931,960.000,7pz7mk3D0hXlDzD3,979.000,PvdwtJttMSxNTJy0,1033.000,zptQpMPgptmtFfM7,1090.000,hd5hRwaUatBMaDG/,1198.000,qqJiNVFb4eVer0Td,1242.000,cvNTIGe2F4uXnnHt,1540.000,bK4o9vjSbPLZyBKY,1806.000,r85qjlyojvOlHwKv,,
4,79,2026-04-04T07:22:25.916Z,1531.000,9,813.000,zptQpMPgptmtFfM7,834.000,7pz7mk3D0hXlDzD3,1111.000,2jyzeYGpJv7qv931,1297.000,hd5hRwaUatBMaDG/,1317.000,PvdwtJttMSxNTJy0,1375.000,bK4o9vjSbPLZyBKY,1504.000,qqJiNVFb4eVer0Td,1660.000,cvNTIGe2F4uXnnHt,1829.000,r85qjlyojvOlHwKv,,
4,80,2026-04-04T07:22:27.447Z,1179.000,9,941.000,zptQpMPgptmtFfM7,963.000,7pz7mk3D0hXlDzD3,995.000,PvdwtJttMSxNTJy0,1020.000,bK4o9vjSbPLZyBKY,1038.000,2jyzeYGpJv7qv931,1076.000,qqJiNVFb4eVer0Td,1160.000,hd5hRwaUatBMaDG/,1382.000,r85qjlyojvOlHwKv,1578.000,cvNTIGe2F4uXnnHt,,
4,81,2026-04-04T07:22:28.626Z,1594.000,9,873.000,7pz7mk3D0hXlDzD3,1115.000,zptQpMPgptmtFfM7,1134.000,PvdwtJttMSxNTJy0,1189.000,r85qjlyojvOlHwKv,1241.000,2jyzeYGpJv7qv931,1419.000,bK4o9vjSbPLZyBKY,1570.000,hd5hRwaUatBMaDG/,1595.000,qqJiNVFb4eVer0Td,1731.000,cvNTIGe2F4uXnnHt,,
4,82,2026-04-04T07:22:30.220Z,1325.000,9,965.000,2jyzeYGpJv7qv931,1023.000,zptQpMPgptmtFfM7,1049.000,7pz7mk3D0hXlDzD3,1085.000,PvdwtJttMSxNTJy0,1150.000,r85qjlyojvOlHwKv,1282.000,hd5hRwaUatBMaDG/,1301.000,qqJiNVFb4eVer0Td,1330.000,bK4o9vjSbPLZyBKY,1720.000,cvNTIGe2F4uXnnHt,,
4,83,2026-04-04T07:22:31.545Z,1758.000,9,1547.000,zptQpMPgptmtFfM7,1571.000,7pz7mk3D0hXlDzD3,1608.000,PvdwtJttMSxNTJy0,1636.000,qqJiNVFb4eVer0Td,1652.000,2jyzeYGpJv7qv931,1705.000,cvNTIGe2F4uXnnHt,1729.000,bK4o9vjSbPLZyBKY,1800.000,r85qjlyojvOlHwKv,2020.000,hd5hRwaUatBMaDG/,,
4,84,2026-04-04T07:22:33.303Z,1471.000,9,1233.000,PvdwtJttMSxNTJy0,1281.000,zptQpMPgptmtFfM7,1326.000,r85qjlyojvOlHwKv,1351.000,7pz7mk3D0hXlDzD3,1373.000,bK4o9vjSbPLZyBKY,1414.000,qqJiNVFb4eVer0Td,1454.000,cvNTIGe2F4uXnnHt,1473.000,2jyzeYGpJv7qv931,1534.000,hd5hRwaUatBMaDG/,,
4,85,2026-04-04T07:22:34.774Z,1029.000,9,809.000,zptQpMPgptmtFfM7,825.000,bK4o9vjSbPLZyBKY,851.000,PvdwtJttMSxNTJy0,890.000,hd5hRwaUatBMaDG/,913.000,7pz7mk3D0hXlDzD3,948.000,qqJiNVFb4eVer0Td,1010.000,cvNTIGe2F4uXnnHt,1031.000,2jyzeYGpJv7qv931,1168.000,r85qjlyojvOlHwKv,,
4,86,2026-04-04T07:22:35.803Z,1609.000,9,1010.000,bK4o9vjSbPLZyBKY,1040.000,7pz7mk3D0hXlDzD3,1162.000,PvdwtJttMSxNTJy0,1228.000,zptQpMPgptmtFfM7,1368.000,r85qjlyojvOlHwKv,1391.000,qqJiNVFb4eVer0Td,2031.000,cvNTIGe2F4uXnnHt,1925.000,2jyzeYGpJv7qv931,2154.000,hd5hRwaUatBMaDG/,,
4,87,2026-04-04T07:22:37.412Z,1204.000,9,939.000,PvdwtJttMSxNTJy0,987.000,zptQpMPgptmtFfM7,1035.000,cvNTIGe2F4uXnnHt,1087.000,r85qjlyojvOlHwKv,1134.000,7pz7mk3D0hXlDzD3,1165.000,bK4o9vjSbPLZyBKY,1193.000,qqJiNVFb4eVer0Td,1206.000,2jyzeYGpJv7qv931,1406.000,hd5hRwaUatBMaDG/,,
4,88,2026-04-04T07:22:38.616Z,2139.000,9,906.000,zptQpMPgptmtFfM7,926.000,7pz7mk3D0hXlDzD3,953.000,PvdwtJttMSxNTJy0,980.000,bK4o9vjSbPLZyBKY,2067.000,2jyzeYGpJv7qv931,2078.000,qqJiNVFb4eVer0Td,2118.000,r85qjlyojvOlHwKv,2492.000,hd5hRwaUatBMaDG/,2782.000,cvNTIGe2F4uXnnHt,,
4,89,2026-04-04T07:22:40.755Z,1370.000,9,1025.000,zptQpMPgptmtFfM7,1039.000,PvdwtJttMSxNTJy0,1136.000,r85qjlyojvOlHwKv,1152.000,bK4o9vjSbPLZyBKY,1174.000,qqJiNVFb4eVer0Td,1216.000,hd5hRwaUatBMaDG/,2115.000,cvNTIGe2F4uXnnHt,1384.000,7pz7mk3D0hXlDzD3,1886.000,2jyzeYGpJv7qv931,,
4,90,2026-04-04T07:22:42.125Z,1246.000,9,831.000,qqJiNVFb4eVer0Td,879.000,zptQpMPgptmtFfM7,898.000,PvdwtJttMSxNTJy0,1056.000,cvNTIGe2F4uXnnHt,1082.000,7pz7mk3D0hXlDzD3,1121.000,bK4o9vjSbPLZyBKY,1228.000,hd5hRwaUatBMaDG/,1422.000,r85qjlyojvOlHwKv,1550.000,2jyzeYGpJv7qv931,,
4,91,2026-04-04T07:22:43.371Z,1601.000,9,1162.000,7pz7mk3D0hXlDzD3,1199.000,qqJiNVFb4eVer0Td,1245.000,PvdwtJttMSxNTJy0,1310.000,zptQpMPgptmtFfM7,1340.000,bK4o9vjSbPLZyBKY,1501.000,r85qjlyojvOlHwKv,1571.000,cvNTIGe2F4uXnnHt,1642.000,hd5hRwaUatBMaDG/,2010.000,2jyzeYGpJv7qv931,,
4,92,2026-04-04T07:22:44.972Z,1268.000,9,996.000,7pz7mk3D0hXlDzD3,1054.000,zptQpMPgptmtFfM7,1076.000,qqJiNVFb4eVer0Td,1106.000,PvdwtJttMSxNTJy0,1157.000,hd5hRwaUatBMaDG/,1179.000,bK4o9vjSbPLZyBKY,1245.000,r85qjlyojvOlHwKv,1466.000,cvNTIGe2F4uXnnHt,1921.000,2jyzeYGpJv7qv931,,
4,93,2026-04-04T07:22:46.240Z,1998.000,9,916.000,7pz7mk3D0hXlDzD3,1069.000,zptQpMPgptmtFfM7,1090.000,PvdwtJttMSxNTJy0,1805.000,qqJiNVFb4eVer0Td,1853.000,r85qjlyojvOlHwKv,1908.000,hd5hRwaUatBMaDG/,1974.000,bK4o9vjSbPLZyBKY,2029.000,cvNTIGe2F4uXnnHt,2927.000,2jyzeYGpJv7qv931,,
4,94,2026-04-04T07:22:48.238Z,1510.000,9,1176.000,hd5hRwaUatBMaDG/,1200.000,PvdwtJttMSxNTJy0,1235.000,bK4o9vjSbPLZyBKY,1260.000,7pz7mk3D0hXlDzD3,1357.000,zptQpMPgptmtFfM7,1422.000,r85qjlyojvOlHwKv,1487.000,cvNTIGe2F4uXnnHt,1512.000,qqJiNVFb4eVer0Td,2065.000,2jyzeYGpJv7qv931,,
4,95,2026-04-04T07:22:49.748Z,1924.000,9,1179.000,zptQpMPgptmtFfM7,1334.000,7pz7mk3D0hXlDzD3,1631.000,PvdwtJttMSxNTJy0,1688.000,bK4o9vjSbPLZyBKY,1720.000,qqJiNVFb4eVer0Td,1817.000,cvNTIGe2F4uXnnHt,1895.000,hd5hRwaUatBMaDG/,2690.000,2jyzeYGpJv7qv931,3029.000,r85qjlyojvOlHwKv,,
4,96,2026-04-04T07:22:51.672Z,1702.000,9,1015.000,7pz7mk3D0hXlDzD3,1138.000,PvdwtJttMSxNTJy0,1177.000,bK4o9vjSbPLZyBKY,1326.000,qqJiNVFb4eVer0Td,1424.000,zptQpMPgptmtFfM7,1606.000,cvNTIGe2F4uXnnHt,1674.000,hd5hRwaUatBMaDG/,2117.000,2jyzeYGpJv7qv931,2348.000,r85qjlyojvOlHwKv,,
4,97,2026-04-04T07:22:53.374Z,2060.000,9,1031.000,zptQpMPgptmtFfM7,1055.000,PvdwtJttMSxNTJy0,1223.000,7pz7mk3D0hXlDzD3,1311.000,cvNTIGe2F4uXnnHt,1773.000,2jyzeYGpJv7qv931,1834.000,r85qjlyojvOlHwKv,2028.000,bK4o9vjSbPLZyBKY,2123.000,qqJiNVFb4eVer0Td,3982.000,hd5hRwaUatBMaDG/,,
4,98,2026-04-04T07:22:55.434Z,1869.000,9,1083.000,2jyzeYGpJv7qv931,1162.000,7pz7mk3D0hXlDzD3,1239.000,zptQpMPgptmtFfM7,1519.000,qqJiNVFb4eVer0Td,1706.000,r85qjlyojvOlHwKv,1800.000,cvNTIGe2F4uXnnHt,1831.000,bK4o9vjSbPLZyBKY,2308.000,PvdwtJttMSxNTJy0,3213.000,hd5hRwaUatBMaDG/,,
4,99,2026-04-04T07:22:57.303Z,2581.000,8,1551.000,7pz7mk3D0hXlDzD3,1589.000,bK4o9vjSbPLZyBKY,1810.000,2jyzeYGpJv7qv931,1903.000,zptQpMPgptmtFfM7,2057.000,r85qjlyojvOlHwKv,2308.000,cvNTIGe2F4uXnnHt,2535.000,PvdwtJttMSxNTJy0,3164.000,hd5hRwaUatBMaDG/,,,,
4,100,2026-04-04T07:22:59.884Z,2959.000,7,1743.000,bK4o9vjSbPLZyBKY,1773.000,PvdwtJttMSxNTJy0,1801.000,2jyzeYGpJv7qv931,2070.000,qqJiNVFb4eVer0Td,2403.000,cvNTIGe2F4uXnnHt,2534.000,r85qjlyojvOlHwKv,4087.000,hd5hRwaUatBMaDG/,,,,,,
4,101,2026-04-04T07:23:02.843Z,1705.000,7,717.000,bK4o9vjSbPLZyBKY,739.000,PvdwtJttMSxNTJy0,1244.000,cvNTIGe2F4uXnnHt,1333.000,r85qjlyojvOlHwKv,1407.000,2jyzeYGpJv7qv931,1481.000,qqJiNVFb4eVer0Td,1673.000,hd5hRwaUatBMaDG/,,,,,,
4,102,2026-04-04T07:23:04.548Z,18967.000,8,1384.000,cvNTIGe2F4uXnnHt,1756.000,r85qjlyojvOlHwKv,2280.000,hd5hRwaUatBMaDG/,10971.000,qqJiNVFb4eVer0Td,12475.000,2jyzeYGpJv7qv931,17836.000,PvdwtJttMSxNTJy0,18940.000,bK4o9vjSbPLZyBKY,34509.000,rAgGKl6ICbDXHmxg,,,,
4,103,2026-04-04T07:23:23.515Z,,0,,,,,,,,,,,,,,,,,,,,
5,1,2026-04-04T07:21:19.628Z,6399.000,7,2367.000,7pz7mk3D0hXlDzD3,2737.000,bK4o9vjSbPLZyBKY,3824.000,zptQpMPgptmtFfM7,4193.000,PvdwtJttMSxNTJy0,4735.000,hd5hRwaUatBMaDG/,6294.000,2jyzeYGpJv7qv931,6399.000,cvNTIGe2F4uXnnHt,,,,,,
5,2,2026-04-04T07:21:26.027Z,613.000,7,307.000,7pz7mk3D0hXlDzD3,307.000,zptQpMPgptmtFfM7,309.000,PvdwtJttMSxNTJy0,310.000,2jyzeYGpJv7qv931,405.000,bK4o9vjSbPLZyBKY,508.000,hd5hRwaUatBMaDG/,613.000,cvNTIGe2F4uXnnHt,,,,,,
5,3,2026-04-04T07:21:26.640Z,517.000,8,304.000,zptQpMPgptmtFfM7,307.000,2jyzeYGpJv7qv931,309.000,bK4o9vjSbPLZyBKY,310.000,7pz7mk3D0hXlDzD3,311.000,PvdwtJttMSxNTJy0,411.000,hd5hRwaUatBMaDG/,517.000,cvNTIGe2F4uXnnHt,926.000,r85qjlyojvOlHwKv,,,,
5,4,2026-04-04T07:21:27.157Z,414.000,9,306.000,PvdwtJttMSxNTJy0,306.000,zptQpMPgptmtFfM7,308.000,7pz7mk3D0hXlDzD3,309.000,2jyzeYGpJv7qv931,311.000,bK4o9vjSbPLZyBKY,412.000,qqJiNVFb4eVer0Td,413.000,hd5hRwaUatBMaDG/,518.000,cvNTIGe2F4uXnnHt,618.000,r85qjlyojvOlHwKv,,
5,5,2026-04-04T07:21:27.571Z,515.000,9,306.000,PvdwtJttMSxNTJy0,307.000,2jyzeYGpJv7qv931,309.000,qqJiNVFb4eVer0Td,406.000,zptQpMPgptmtFfM7,410.000,bK4o9vjSbPLZyBKY,411.000,7pz7mk3D0hXlDzD3,515.000,r85qjlyojvOlHwKv,518.000,hd5hRwaUatBMaDG/,616.000,cvNTIGe2F4uXnnHt,,
5,6,2026-04-04T07:21:28.086Z,414.000,9,304.000,7pz7mk3D0hXlDzD3,306.000,qqJiNVFb4eVer0Td,306.000,zptQpMPgptmtFfM7,308.000,2jyzeYGpJv7qv931,310.000,PvdwtJttMSxNTJy0,410.000,hd5hRwaUatBMaDG/,414.000,cvNTIGe2F4uXnnHt,510.000,bK4o9vjSbPLZyBKY,513.000,r85qjlyojvOlHwKv,,
5,7,2026-04-04T07:21:28.500Z,509.000,10,304.000,qqJiNVFb4eVer0Td,307.000,7pz7mk3D0hXlDzD3,405.000,2jyzeYGpJv7qv931,406.000,bK4o9vjSbPLZyBKY,406.000,zptQpMPgptmtFfM7,408.000,PvdwtJttMSxNTJy0,508.000,r85qjlyojvOlHwKv,511.000,cvNTIGe2F4uXnnHt,512.000,hd5hRwaUatBMaDG/,1052.000,rAgGKl6ICbDXHmxg
5,8,2026-04-04T07:21:29.009Z,409.000,9,306.000,zptQpMPgptmtFfM7,307.000,bK4o9vjSbPLZyBKY,308.000,qqJiNVFb4eVer0Td,310.000,2jyzeYGpJv7qv931,311.000,PvdwtJttMSxNTJy0,312.000,7pz7mk3D0hXlDzD3,409.000,cvNTIGe2F4uXnnHt,412.000,r85qjlyojvOlHwKv,414.000,hd5hRwaUatBMaDG/,,
5,9,2026-04-04T07:21:29.418Z,414.000,10,307.000,bK4o9vjSbPLZyBKY,307.000,zptQpMPgptmtFfM7,309.000,qqJiNVFb4eVer0Td,409.000,2jyzeYGpJv7qv931,411.000,7pz7mk3D0hXlDzD3,412.000,PvdwtJttMSxNTJy0,414.000,r85qjlyojvOlHwKv,517.000,cvNTIGe2F4uXnnHt,518.000,hd5hRwaUatBMaDG/,1118.000,rAgGKl6ICbDXHmxg
5,10,2026-04-04T07:21:29.832Z,513.000,9,305.000,PvdwtJttMSxNTJy0,307.000,2jyzeYGpJv7qv931,407.000,qqJiNVFb4eVer0Td,409.000,bK4o9vjSbPLZyBKY,410.000,zptQpMPgptmtFfM7,411.000,7pz7mk3D0hXlDzD3,513.000,hd5hRwaUatBMaDG/,515.000,cvNTIGe2F4uXnnHt,517.000,r85qjlyojvOlHwKv,,
5,11,2026-04-04T07:21:30.345Z,411.000,9,307.000,PvdwtJttMSxNTJy0,307.000,zptQpMPgptmtFfM7,309.000,bK4o9vjSbPLZyBKY,310.000,qqJiNVFb4eVer0Td,311.000,7pz7mk3D0hXlDzD3,313.000,2jyzeYGpJv7qv931,411.000,cvNTIGe2F4uXnnHt,413.000,hd5hRwaUatBMaDG/,415.000,r85qjlyojvOlHwKv,,
5,12,2026-04-04T07:21:30.756Z,510.000,10,304.000,bK4o9vjSbPLZyBKY,306.000,PvdwtJttMSxNTJy0,307.000,qqJiNVFb4eVer0Td,406.000,zptQpMPgptmtFfM7,408.000,7pz7mk3D0hXlDzD3,409.000,2jyzeYGpJv7qv931,510.000,hd5hRwaUatBMaDG/,512.000,cvNTIGe2F4uXnnHt,513.000,r85qjlyojvOlHwKv,832.000,rAgGKl6ICbDXHmxg
5,13,2026-04-04T07:21:31.266Z,414.000,10,309.000,bK4o9vjSbPLZyBKY,310.000,zptQpMPgptmtFfM7,311.000,2jyzeYGpJv7qv931,312.000,PvdwtJttMSxNTJy0,314.000,qqJiNVFb4eVer0Td,315.000,7pz7mk3D0hXlDzD3,413.000,cvNTIGe2F4uXnnHt,415.000,hd5hRwaUatBMaDG/,416.000,r85qjlyojvOlHwKv,909.000,rAgGKl6ICbDXHmxg
5,14,2026-04-04T07:21:31.680Z,509.000,9,303.000,qqJiNVFb4eVer0Td,306.000,bK4o9vjSbPLZyBKY,405.000,zptQpMPgptmtFfM7,407.000,7pz7mk3D0hXlDzD3,408.000,2jyzeYGpJv7qv931,410.000,PvdwtJttMSxNTJy0,509.000,cvNTIGe2F4uXnnHt,510.000,r85qjlyojvOlHwKv,512.000,hd5hRwaUatBMaDG/,,
5,15,2026-04-04T07:21:32.189Z,412.000,10,309.000,7pz7mk3D0hXlDzD3,309.000,zptQpMPgptmtFfM7,311.000,qqJiNVFb4eVer0Td,312.000,bK4o9vjSbPLZyBKY,313.000,PvdwtJttMSxNTJy0,315.000,2jyzeYGpJv7qv931,412.000,hd5hRwaUatBMaDG/,413.000,cvNTIGe2F4uXnnHt,415.000,r85qjlyojvOlHwKv,905.000,rAgGKl6ICbDXHmxg
5,16,2026-04-04T07:21:32.601Z,509.000,10,405.000,PvdwtJttMSxNTJy0,406.000,bK4o9vjSbPLZyBKY,406.000,zptQpMPgptmtFfM7,408.000,7pz7mk3D0hXlDzD3,410.000,qqJiNVFb4eVer0Td,411.000,2jyzeYGpJv7qv931,509.000,r85qjlyojvOlHwKv,510.000,hd5hRwaUatBMaDG/,512.000,cvNTIGe2F4uXnnHt,978.000,rAgGKl6ICbDXHmxg
5,17,2026-04-04T07:21:33.110Z,410.000,9,308.000,zptQpMPgptmtFfM7,309.000,7pz7mk3D0hXlDzD3,311.000,2jyzeYGpJv7qv931,312.000,qqJiNVFb4eVer0Td,314.000,bK4o9vjSbPLZyBKY,315.000,PvdwtJttMSxNTJy0,410.000,hd5hRwaUatBMaDG/,413.000,r85qjlyojvOlHwKv,414.000,cvNTIGe2F4uXnnHt,,
5,18,2026-04-04T07:21:33.520Z,511.000,10,306.000,zptQpMPgptmtFfM7,408.000,qqJiNVFb4eVer0Td,409.000,2jyzeYGpJv7qv931,409.000,PvdwtJttMSxNTJy0,410.000,7pz7mk3D0hXlDzD3,411.000,bK4o9vjSbPLZyBKY,511.000,cvNTIGe2F4uXnnHt,512.000,hd5hRwaUatBMaDG/,513.000,r85qjlyojvOlHwKv,1000.000,rAgGKl6ICbDXHmxg
5,19,2026-04-04T07:21:34.031Z,413.000,10,310.000,bK4o9vjSbPLZyBKY,311.000,2jyzeYGpJv7qv931,311.000,zptQpMPgptmtFfM7,312.000,7pz7mk3D0hXlDzD3,314.000,qqJiNVFb4eVer0Td,315.000,PvdwtJttMSxNTJy0,412.000,hd5hRwaUatBMaDG/,416.000,r85qjlyojvOlHwKv,417.000,cvNTIGe2F4uXnnHt,960.000,rAgGKl6ICbDXHmxg
5,20,2026-04-04T07:21:34.444Z,511.000,9,305.000,7pz7mk3D0hXlDzD3,306.000,zptQpMPgptmtFfM7,307.000,PvdwtJttMSxNTJy0,408.000,qqJiNVFb4eVer0Td,409.000,bK4o9vjSbPLZyBKY,411.000,2jyzeYGpJv7qv931,511.000,r85qjlyojvOlHwKv,512.000,hd5hRwaUatBMaDG/,514.000,cvNTIGe2F4uXnnHt,,
5,21,2026-04-04T07:21:34.955Z,411.000,10,307.000,zptQpMPgptmtFfM7,309.000,PvdwtJttMSxNTJy0,310.000,qqJiNVFb4eVer0Td,312.000,bK4o9vjSbPLZyBKY,313.000,7pz7mk3D0hXlDzD3,314.000,2jyzeYGpJv7qv931,410.000,cvNTIGe2F4uXnnHt,412.000,hd5hRwaUatBMaDG/,414.000,r85qjlyojvOlHwKv,872.000,rAgGKl6ICbDXHmxg
5,22,2026-04-04T07:21:35.366Z,512.000,10,306.000,qqJiNVFb4eVer0Td,407.000,bK4o9vjSbPLZyBKY,408.000,zptQpMPgptmtFfM7,409.000,PvdwtJttMSxNTJy0,411.000,2jyzeYGpJv7qv931,412.000,7pz7mk3D0hXlDzD3,512.000,hd5hRwaUatBMaDG/,513.000,cvNTIGe2F4uXnnHt,515.000,r85qjlyojvOlHwKv,1026.000,rAgGKl6ICbDXHmxg
5,23,2026-04-04T07:21:35.878Z,411.000,9,308.000,bK4o9vjSbPLZyBKY,308.000,zptQpMPgptmtFfM7,310.000,2jyzeYGpJv7qv931,311.000,7pz7mk3D0hXlDzD3,313.000,qqJiNVFb4eVer0Td,314.000,PvdwtJttMSxNTJy0,411.000,cvNTIGe2F4uXnnHt,412.000,hd5hRwaUatBMaDG/,414.000,r85qjlyojvOlHwKv,,
5,24,2026-04-04T07:21:36.289Z,510.000,10,306.000,2jyzeYGpJv7qv931,406.000,zptQpMPgptmtFfM7,407.000,PvdwtJttMSxNTJy0,409.000,bK4o9vjSbPLZyBKY,410.000,7pz7mk3D0hXlDzD3,412.000,qqJiNVFb4eVer0Td,510.000,cvNTIGe2F4uXnnHt,511.000,r85qjlyojvOlHwKv,513.000,hd5hRwaUatBMaDG/,838.000,rAgGKl6ICbDXHmxg
5,25,2026-04-04T07:21:36.799Z,412.000,10,308.000,7pz7mk3D0hXlDzD3,309.000,2jyzeYGpJv7qv931,310.000,zptQpMPgptmtFfM7,311.000,qqJiNVFb4eVer0Td,313.000,bK4o9vjSbPLZyBKY,314.000,PvdwtJttMSxNTJy0,412.000,cvNTIGe2F4uXnnHt,414.000,r85qjlyojvOlHwKv,415.000,hd5hRwaUatBMaDG/,854.000,rAgGKl6ICbDXHmxg
5,26,2026-04-04T07:21:37.211Z,509.000,9,305.000,7pz7mk3D0hXlDzD3,405.000,PvdwtJttMSxNTJy0,405.000,zptQpMPgptmtFfM7,407.000,bK4o9vjSbPLZyBKY,408.000,qqJiNVFb4eVer0Td,409.000,2jyzeYGpJv7qv931,509.000,hd5hRwaUatBMaDG/,510.000,cvNTIGe2F4uXnnHt,513.000,r85qjlyojvOlHwKv,,
5,27,2026-04-04T07:21:37.720Z,414.000,10,309.000,bK4o9vjSbPLZyBKY,311.000,7pz7mk3D0hXlDzD3,312.000,qqJiNVFb4eVer0Td,313.000,2jyzeYGpJv7qv931,314.000,zptQpMPgptmtFfM7,315.000,PvdwtJttMSxNTJy0,413.000,hd5hRwaUatBMaDG/,415.000,r85qjlyojvOlHwKv,416.000,cvNTIGe2F4uXnnHt,760.000,rAgGKl6ICbDXHmxg
5,28,2026-04-04T07:21:38.134Z,507.000,9,402.000,bK4o9vjSbPLZyBKY,403.000,zptQpMPgptmtFfM7,404.000,2jyzeYGpJv7qv931,405.000,qqJiNVFb4eVer0Td,407.000,7pz7mk3D0hXlDzD3,408.000,PvdwtJttMSxNTJy0,507.000,r85qjlyojvOlHwKv,508.000,hd5hRwaUatBMaDG/,510.000,cvNTIGe2F4uXnnHt,,
5,29,2026-04-04T07:21:38.641Z,415.000,10,310.000,bK4o9vjSbPLZyBKY,311.000,zptQpMPgptmtFfM7,313.000,2jyzeYGpJv7qv931,314.000,PvdwtJttMSxNTJy0,315.000,qqJiNVFb4eVer0Td,316.000,7pz7mk3D0hXlDzD3,415.000,cvNTIGe2F4uXnnHt,417.000,r85qjlyojvOlHwKv,418.000,hd5hRwaUatBMaDG/,913.000,rAgGKl6ICbDXHmxg
5,30,2026-04-04T07:21:39.056Z,504.000,9,401.000,zptQpMPgptmtFfM7,402.000,2jyzeYGpJv7qv931,404.000,bK4o9vjSbPLZyBKY,405.000,PvdwtJttMSxNTJy0,406.000,7pz7mk3D0hXlDzD3,408.000,qqJiNVFb4eVer0Td,504.000,hd5hRwaUatBMaDG/,505.000,cvNTIGe2F4uXnnHt,507.000,r85qjlyojvOlHwKv,,
5,31,2026-04-04T07:21:39.560Z,418.000,10,314.000,qqJiNVFb4eVer0Td,314.000,zptQpMPgptmtFfM7,316.000,2jyzeYGpJv7qv931,317.000,7pz7mk3D0hXlDzD3,319.000,bK4o9vjSbPLZyBKY,322.000,PvdwtJttMSxNTJy0,418.000,r85qjlyojvOlHwKv,419.000,cvNTIGe2F4uXnnHt,421.000,hd5hRwaUatBMaDG/,919.000,rAgGKl6ICbDXHmxg
5,32,2026-04-04T07:21:39.978Z,504.000,10,400.000,2jyzeYGpJv7qv931,401.000,zptQpMPgptmtFfM7,402.000,bK4o9vjSbPLZyBKY,404.000,PvdwtJttMSxNTJy0,405.000,7pz7mk3D0hXlDzD3,407.000,qqJiNVFb4eVer0Td,504.000,r85qjlyojvOlHwKv,505.000,cvNTIGe2F4uXnnHt,507.000,hd5hRwaUatBMaDG/,986.000,rAgGKl6ICbDXHmxg
5,33,2026-04-04T07:21:40.482Z,415.000,10,311.000,zptQpMPgptmtFfM7,313.000,2jyzeYGpJv7qv931,315.000,7pz7mk3D0hXlDzD3,316.000,bK4o9vjSbPLZyBKY,318.000,qqJiNVFb4eVer0Td,319.000,PvdwtJttMSxNTJy0,415.000,cvNTIGe2F4uXnnHt,417.000,r85qjlyojvOlHwKv,419.000,hd5hRwaUatBMaDG/,860.000,rAgGKl6ICbDXHmxg
5,34,2026-04-04T07:21:40.897Z,535.000,7,198.000,2jyzeYGpJv7qv931,202.000,bK4o9vjSbPLZyBKY,214.000,qqJiNVFb4eVer0Td,274.000,PvdwtJttMSxNTJy0,405.000,7pz7mk3D0hXlDzD3,420.000,hd5hRwaUatBMaDG/,535.000,r85qjlyojvOlHwKv,,,,,,
5,35,2026-04-04T07:21:41.432Z,657.000,9,238.000,PvdwtJttMSxNTJy0,241.000,qqJiNVFb4eVer0Td,328.000,bK4o9vjSbPLZyBKY,386.000,2jyzeYGpJv7qv931,407.000,zptQpMPgptmtFfM7,525.000,cvNTIGe2F4uXnnHt,648.000,r85qjlyojvOlHwKv,745.000,7pz7mk3D0hXlDzD3,1178.000,rAgGKl6ICbDXHmxg,,
5,36,2026-04-04T07:21:42.089Z,630.000,9,290.000,PvdwtJttMSxNTJy0,312.000,bK4o9vjSbPLZyBKY,421.000,zptQpMPgptmtFfM7,449.000,2jyzeYGpJv7qv931,479.000,qqJiNVFb4eVer0Td,512.000,r85qjlyojvOlHwKv,619.000,7pz7mk3D0hXlDzD3,891.000,hd5hRwaUatBMaDG/,926.000,cvNTIGe2F4uXnnHt,,
5,37,2026-04-04T07:21:42.719Z,806.000,9,457.000,zptQpMPgptmtFfM7,537.000,PvdwtJttMSxNTJy0,596.000,qqJiNVFb4eVer0Td,626.000,2jyzeYGpJv7qv931,707.000,7pz7mk3D0hXlDzD3,725.000,bK4o9vjSbPLZyBKY,781.000,hd5hRwaUatBMaDG/,839.000,r85qjlyojvOlHwKv,913.000,cvNTIGe2F4uXnnHt,,
5,38,2026-04-04T07:21:43.525Z,767.000,9,451.000,zptQpMPgptmtFfM7,474.000,PvdwtJttMSxNTJy0,551.000,7pz7mk3D0hXlDzD3,573.000,2jyzeYGpJv7qv931,641.000,qqJiNVFb4eVer0Td,733.000,hd5hRwaUatBMaDG/,750.000,bK4o9vjSbPLZyBKY,879.000,cvNTIGe2F4uXnnHt,962.000,r85qjlyojvOlHwKv,,
5,39,2026-04-04T07:21:44.292Z,761.000,9,488.000,zptQpMPgptmtFfM7,547.000,PvdwtJttMSxNTJy0,576.000,2jyzeYGpJv7qv931,597.000,bK4o9vjSbPLZyBKY,681.000,7pz7mk3D0hXlDzD3,725.000,hd5hRwaUatBMaDG/,741.000,qqJiNVFb4eVer0Td,788.000,cvNTIGe2F4uXnnHt,870.000,r85qjlyojvOlHwKv,,
5,40,2026-04-04T07:21:45.053Z,919.000,9,664.000,zptQpMPgptmtFfM7,740.000,7pz7mk3D0hXlDzD3,750.000,PvdwtJttMSxNTJy0,796.000,hd5hRwaUatBMaDG/,810.000,2jyzeYGpJv7qv931,862.000,qqJiNVFb4eVer0Td,906.000,cvNTIGe2F4uXnnHt,1007.000,bK4o9vjSbPLZyBKY,1674.000,r85qjlyojvOlHwKv,,
5,41,2026-04-04T07:21:45.972Z,867.000,8,476.000,7pz7mk3D0hXlDzD3,490.000,zptQpMPgptmtFfM7,590.000,PvdwtJttMSxNTJy0,631.000,qqJiNVFb4eVer0Td,775.000,2jyzeYGpJv7qv931,827.000,hd5hRwaUatBMaDG/,839.000,bK4o9vjSbPLZyBKY,1112.000,cvNTIGe2F4uXnnHt,,,,
5,42,2026-04-04T07:21:46.839Z,832.000,9,535.000,zptQpMPgptmtFfM7,551.000,PvdwtJttMSxNTJy0,673.000,7pz7mk3D0hXlDzD3,686.000,2jyzeYGpJv7qv931,746.000,qqJiNVFb4eVer0Td,757.000,bK4o9vjSbPLZyBKY,819.000,hd5hRwaUatBMaDG/,862.000,cvNTIGe2F4uXnnHt,1232.000,r85qjlyojvOlHwKv,,
5,43,2026-04-04T07:21:47.671Z,907.000,9,352.000,zptQpMPgptmtFfM7,481.000,2jyzeYGpJv7qv931,548.000,7pz7mk3D0hXlDzD3,560.000,PvdwtJttMSxNTJy0,710.000,bK4o9vjSbPLZyBKY,784.000,hd5hRwaUatBMaDG/,896.000,qqJiNVFb4eVer0Td,1256.000,cvNTIGe2F4uXnnHt,1574.000,r85qjlyojvOlHwKv,,
5,44,2026-04-04T07:21:48.578Z,891.000,9,568.000,PvdwtJttMSxNTJy0,637.000,7pz7mk3D0hXlDzD3,757.000,zptQpMPgptmtFfM7,837.000,2jyzeYGpJv7qv931,850.000,qqJiNVFb4eVer0Td,856.000,bK4o9vjSbPLZyBKY,881.000,cvNTIGe2F4uXnnHt,919.000,hd5hRwaUatBMaDG/,1270.000,r85qjlyojvOlHwKv,,
5,45,2026-04-04T07:21:49.469Z,828.000,9,416.000,7pz7mk3D0hXlDzD3,426.000,bK4o9vjSbPLZyBKY,454.000,zptQpMPgptmtFfM7,581.000,qqJiNVFb4eVer0Td,612.000,2jyzeYGpJv7qv931,771.000,PvdwtJttMSxNTJy0,817.000,cvNTIGe2F4uXnnHt,1078.000,hd5hRwaUatBMaDG/,1224.000,r85qjlyojvOlHwKv,,
5,46,2026-04-04T07:21:50.297Z,856.000,9,415.000,zptQpMPgptmtFfM7,491.000,bK4o9vjSbPLZyBKY,546.000,2jyzeYGpJv7qv931,656.000,qqJiNVFb4eVer0Td,714.000,7pz7mk3D0hXlDzD3,753.000,PvdwtJttMSxNTJy0,841.000,hd5hRwaUatBMaDG/,1193.000,cvNTIGe2F4uXnnHt,1271.000,r85qjlyojvOlHwKv,,
5,47,2026-04-04T07:21:51.153Z,892.000,9,480.000,qqJiNVFb4eVer0Td,507.000,zptQpMPgptmtFfM7,576.000,PvdwtJttMSxNTJy0,607.000,7pz7mk3D0hXlDzD3,618.000,bK4o9vjSbPLZyBKY,673.000,2jyzeYGpJv7qv931,880.000,hd5hRwaUatBMaDG/,1266.000,cvNTIGe2F4uXnnHt,1403.000,r85qjlyojvOlHwKv,,
5,48,2026-04-04T07:21:52.045Z,915.000,9,578.000,bK4o9vjSbPLZyBKY,600.000,qqJiNVFb4eVer0Td,656.000,zptQpMPgptmtFfM7,673.000,2jyzeYGpJv7qv931,688.000,PvdwtJttMSxNTJy0,723.000,hd5hRwaUatBMaDG/,904.000,7pz7mk3D0hXlDzD3,1031.000,cvNTIGe2F4uXnnHt,1059.000,r85qjlyojvOlHwKv,,
5,49,2026-04-04T07:21:52.960Z,695.000,9,473.000,zptQpMPgptmtFfM7,507.000,7pz7mk3D0hXlDzD3,518.000,2jyzeYGpJv7qv931,539.000,qqJiNVFb4eVer0Td,570.000,bK4o9vjSbPLZyBKY,590.000,PvdwtJttMSxNTJy0,686.000,r85qjlyojvOlHwKv,716.000,hd5hRwaUatBMaDG/,776.000,cvNTIGe2F4uXnnHt,,
5,50,2026-04-04T07:21:53.655Z,869.000,9,426.000,zptQpMPgptmtFfM7,460.000,7pz7mk3D0hXlDzD3,589.000,r85qjlyojvOlHwKv,600.000,2jyzeYGpJv7qv931,621.000,qqJiNVFb4eVer0Td,825.000,hd5hRwaUatBMaDG/,841.000,PvdwtJttMSxNTJy0,1191.000,bK4o9vjSbPLZyBKY,1295.000,cvNTIGe2F4uXnnHt,,
5,51,2026-04-04T07:21:54.524Z,882.000,9,630.000,7pz7mk3D0hXlDzD3,640.000,qqJiNVFb4eVer0Td,655.000,2jyzeYGpJv7qv931,666.000,zptQpMPgptmtFfM7,709.000,r85qjlyojvOlHwKv,765.000,PvdwtJttMSxNTJy0,869.000,hd5hRwaUatBMaDG/,908.000,cvNTIGe2F4uXnnHt,1369.000,bK4o9vjSbPLZyBKY,,
5,52,2026-04-04T07:21:55.406Z,830.000,9,537.000,zptQpMPgptmtFfM7,561.000,2jyzeYGpJv7qv931,630.000,PvdwtJttMSxNTJy0,716.000,r85qjlyojvOlHwKv,751.000,cvNTIGe2F4uXnnHt,792.000,7pz7mk3D0hXlDzD3,821.000,hd5hRwaUatBMaDG/,1082.000,qqJiNVFb4eVer0Td,1422.000,bK4o9vjSbPLZyBKY,,
5,53,2026-04-04T07:21:56.236Z,1100.000,9,323.000,2jyzeYGpJv7qv931,508.000,zptQpMPgptmtFfM7,557.000,7pz7mk3D0hXlDzD3,729.000,r85qjlyojvOlHwKv,884.000,PvdwtJttMSxNTJy0,932.000,cvNTIGe2F4uXnnHt,1085.000,hd5hRwaUatBMaDG/,1101.000,qqJiNVFb4eVer0Td,1640.000,bK4o9vjSbPLZyBKY,,
5,54,2026-04-04T07:21:57.336Z,1091.000,9,651.000,PvdwtJttMSxNTJy0,689.000,hd5hRwaUatBMaDG/,730.000,7pz7mk3D0hXlDzD3,753.000,zptQpMPgptmtFfM7,1015.000,qqJiNVFb4eVer0Td,1048.000,cvNTIGe2F4uXnnHt,1070.000,2jyzeYGpJv7qv931,1172.000,r85qjlyojvOlHwKv,1480.000,bK4o9vjSbPLZyBKY,,
5,55,2026-04-04T07:21:58.427Z,1199.000,9,502.000,PvdwtJttMSxNTJy0,724.000,7pz7mk3D0hXlDzD3,742.000,zptQpMPgptmtFfM7,795.000,qqJiNVFb4eVer0Td,862.000,2jyzeYGpJv7qv931,964.000,r85qjlyojvOlHwKv,1328.000,cvNTIGe2F4uXnnHt,1200.000,bK4o9vjSbPLZyBKY,1437.000,hd5hRwaUatBMaDG/,,
5,56,2026-04-04T07:21:59.626Z,1291.000,9,913.000,zptQpMPgptmtFfM7,1022.000,qqJiNVFb4eVer0Td,1037.000,2jyzeYGpJv7qv931,1088.000,7pz7mk3D0hXlDzD3,1105.000,PvdwtJttMSxNTJy0,1168.000,cvNTIGe2F4uXnnHt,1276.000,r85qjlyojvOlHwKv,1509.000,bK4o9vjSbPLZyBKY,1544.000,hd5hRwaUatBMaDG/,,
5,57,2026-04-04T07:22:00.917Z,1178.000,9,922.000,PvdwtJttMSxNTJy0,987.000,7pz7mk3D0hXlDzD3,1002.000,2jyzeYGpJv7qv931,1035.000,zptQpMPgptmtFfM7,1063.000,qqJiNVFb4eVer0Td,1106.000,bK4o9vjSbPLZyBKY,1162.000,r85qjlyojvOlHwKv,1639.000,cvNTIGe2F4uXnnHt,1919.000,hd5hRwaUatBMaDG/,,
5,58,2026-04-04T07:22:02.095Z,1244.000,9,1045.000,bK4o9vjSbPLZyBKY,1102.000,PvdwtJttMSxNTJy0,1112.000,2jyzeYGpJv7qv931,1122.000,qqJiNVFb4eVer0Td,1160.000,7pz7mk3D0hXlDzD3,1181.000,zptQpMPgptmtFfM7,1231.000,r85qjlyojvOlHwKv,1278.000,cvNTIGe2F4uXnnHt,1387.000,hd5hRwaUatBMaDG/,,
5,59,2026-04-04T07:22:03.339Z,1018.000,9,781.000,zptQpMPgptmtFfM7,805.000,bK4o9vjSbPLZyBKY,855.000,r85qjlyojvOlHwKv,871.000,qqJiNVFb4eVer0Td,924.000,7pz7mk3D0hXlDzD3,975.000,cvNTIGe2F4uXnnHt,990.000,2jyzeYGpJv7qv931,1044.000,hd5hRwaUatBMaDG/,1131.000,PvdwtJttMSxNTJy0,,
5,60,2026-04-04T07:22:04.357Z,1340.000,9,726.000,zptQpMPgptmtFfM7,757.000,bK4o9vjSbPLZyBKY,811.000,7pz7mk3D0hXlDzD3,827.000,qqJiNVFb4eVer0Td,1044.000,PvdwtJttMSxNTJy0,1219.000,hd5hRwaUatBMaDG/,1310.000,cvNTIGe2F4uXnnHt,1632.000,r85qjlyojvOlHwKv,1772.000,2jyzeYGpJv7qv931,,
5,61,2026-04-04T07:22:05.697Z,1024.000,9,784.000,PvdwtJttMSxNTJy0,822.000,7pz7mk3D0hXlDzD3,848.000,zptQpMPgptmtFfM7,879.000,bK4o9vjSbPLZyBKY,939.000,r85qjlyojvOlHwKv,985.000,hd5hRwaUatBMaDG/,1004.000,qqJiNVFb4eVer0Td,1026.000,2jyzeYGpJv7qv931,1259.000,cvNTIGe2F4uXnnHt,,
5,62,2026-04-04T07:22:06.721Z,1142.000,9,748.000,zptQpMPgptmtFfM7,771.000,bK4o9vjSbPLZyBKY,808.000,PvdwtJttMSxNTJy0,857.000,7pz7mk3D0hXlDzD3,1007.000,2jyzeYGpJv7qv931,1103.000,hd5hRwaUatBMaDG/,1123.000,qqJiNVFb4eVer0Td,1172.000,cvNTIGe2F4uXnnHt,1218.000,r85qjlyojvOlHwKv,,
5,63,2026-04-04T07:22:07.863Z,1182.000,9,1001.000,7pz7mk3D0hXlDzD3,1014.000,bK4o9vjSbPLZyBKY,1072.000,qqJiNVFb4eVer0Td,1084.000,zptQpMPgptmtFfM7,1100.000,2jyzeYGpJv7qv931,1123.000,PvdwtJttMSxNTJy0,1167.000,r85qjlyojvOlHwKv,1319.000,hd5hRwaUatBMaDG/,1532.000,cvNTIGe2F4uXnnHt,,
5,64,2026-04-04T07:22:09.045Z,1249.000,9,631.000,bK4o9vjSbPLZyBKY,763.000,7pz7mk3D0hXlDzD3,783.000,zptQpMPgptmtFfM7,1011.000,qqJiNVFb4eVer0Td,1158.000,PvdwtJttMSxNTJy0,1195.000,cvNTIGe2F4uXnnHt,1210.000,2jyzeYGpJv7qv931,1361.000,r85qjlyojvOlHwKv,1619.000,hd5hRwaUatBMaDG/,,
5,65,2026-04-04T07:22:10.294Z,1185.000,9,707.000,zptQpMPgptmtFfM7,761.000,7pz7mk3D0hXlDzD3,774.000,2jyzeYGpJv7qv931,862.000,qqJiNVFb4eVer0Td,890.000,bK4o9vjSbPLZyBKY,1140.000,r85qjlyojvOlHwKv,1161.000,PvdwtJttMSxNTJy0,1458.000,hd5hRwaUatBMaDG/,1734.000,cvNTIGe2F4uXnnHt,,
5,66,2026-04-04T07:22:11.479Z,976.000,9,696.000,qqJiNVFb4eVer0Td,717.000,zptQpMPgptmtFfM7,734.000,bK4o9vjSbPLZyBKY,754.000,PvdwtJttMSxNTJy0,763.000,2jyzeYGpJv7qv931,860.000,7pz7mk3D0hXlDzD3,962.000,r85qjlyojvOlHwKv,1406.000,hd5hRwaUatBMaDG/,1574.000,cvNTIGe2F4uXnnHt,,
5,67,2026-04-04T07:22:12.455Z,1201.000,9,619.000,zptQpMPgptmtFfM7,647.000,qqJiNVFb4eVer0Td,754.000,7pz7mk3D0hXlDzD3,835.000,bK4o9vjSbPLZyBKY,856.000,PvdwtJttMSxNTJy0,1033.000,2jyzeYGpJv7qv931,1188.000,r85qjlyojvOlHwKv,1308.000,hd5hRwaUatBMaDG/,1636.000,cvNTIGe2F4uXnnHt,,
5,68,2026-04-04T07:22:13.656Z,999.000,9,498.000,bK4o9vjSbPLZyBKY,657.000,qqJiNVFb4eVer0Td,746.000,zptQpMPgptmtFfM7,792.000,7pz7mk3D0hXlDzD3,849.000,2jyzeYGpJv7qv931,884.000,r85qjlyojvOlHwKv,993.000,PvdwtJttMSxNTJy0,1278.000,hd5hRwaUatBMaDG/,1507.000,cvNTIGe2F4uXnnHt,,
5,69,2026-04-04T07:22:14.655Z,1020.000,9,550.000,7pz7mk3D0hXlDzD3,563.000,PvdwtJttMSxNTJy0,607.000,zptQpMPgptmtFfM7,671.000,bK4o9vjSbPLZyBKY,803.000,2jyzeYGpJv7qv931,935.000,qqJiNVFb4eVer0Td,1004.000,r85qjlyojvOlHwKv,1246.000,hd5hRwaUatBMaDG/,1770.000,cvNTIGe2F4uXnnHt,,
5,70,2026-04-04T07:22:15.675Z,1095.000,8,554.000,zptQpMPgptmtFfM7,647.000,PvdwtJttMSxNTJy0,837.000,bK4o9vjSbPLZyBKY,917.000,7pz7mk3D0hXlDzD3,935.000,2jyzeYGpJv7qv931,1035.000,qqJiNVFb4eVer0Td,1080.000,r85qjlyojvOlHwKv,1371.000,hd5hRwaUatBMaDG/,,,,
5,71,2026-04-04T07:22:16.770Z,1139.000,9,565.000,zptQpMPgptmtFfM7,612.000,7pz7mk3D0hXlDzD3,916.000,r85qjlyojvOlHwKv,1012.000,hd5hRwaUatBMaDG/,1031.000,bK4o9vjSbPLZyBKY,1059.000,2jyzeYGpJv7qv931,1126.000,PvdwtJttMSxNTJy0,1451.000,cvNTIGe2F4uXnnHt,1463.000,qqJiNVFb4eVer0Td,,
5,72,2026-04-04T07:22:17.909Z,1086.000,9,650.000,zptQpMPgptmtFfM7,775.000,7pz7mk3D0hXlDzD3,791.000,PvdwtJttMSxNTJy0,818.000,bK4o9vjSbPLZyBKY,1005.000,hd5hRwaUatBMaDG/,1041.000,cvNTIGe2F4uXnnHt,1056.000,2jyzeYGpJv7qv931,1261.000,r85qjlyojvOlHwKv,1283.000,qqJiNVFb4eVer0Td,,
5,73,2026-04-04T07:22:18.995Z,1159.000,9,739.000,zptQpMPgptmtFfM7,789.000,PvdwtJttMSxNTJy0,807.000,2jyzeYGpJv7qv931,842.000,bK4o9vjSbPLZyBKY,936.000,7pz7mk3D0hXlDzD3,1112.000,r85qjlyojvOlHwKv,1137.000,qqJiNVFb4eVer0Td,1456.000,cvNTIGe2F4uXnnHt,1558.000,hd5hRwaUatBMaDG/,,
5,74,2026-04-04T07:22:20.154Z,959.000,9,614.000,zptQpMPgptmtFfM7,748.000,bK4o9vjSbPLZyBKY,804.000,7pz7mk3D0hXlDzD3,819.000,PvdwtJttMSxNTJy0,862.000,qqJiNVFb4eVer0Td,923.000,r85qjlyojvOlHwKv,943.000,2jyzeYGpJv7qv931,1177.000,cvNTIGe2F4uXnnHt,1224.000,hd5hRwaUatBMaDG/,,
5,75,2026-04-04T07:22:21.113Z,1175.000,9,716.000,zptQpMPgptmtFfM7,795.000,7pz7mk3D0hXlDzD3,882.000,PvdwtJttMSxNTJy0,965.000,cvNTIGe2F4uXnnHt,1066.000,r85qjlyojvOlHwKv,1081.000,bK4o9vjSbPLZyBKY,1167.000,qqJiNVFb4eVer0Td,1289.000,hd5hRwaUatBMaDG/,1306.000,2jyzeYGpJv7qv931,,
5,76,2026-04-04T07:22:22.288Z,1044.000,9,565.000,zptQpMPgptmtFfM7,645.000,bK4o9vjSbPLZyBKY,765.000,7pz7mk3D0hXlDzD3,819.000,PvdwtJttMSxNTJy0,880.000,r85qjlyojvOlHwKv,1010.000,cvNTIGe2F4uXnnHt,1027.000,2jyzeYGpJv7qv931,1118.000,qqJiNVFb4eVer0Td,1361.000,hd5hRwaUatBMaDG/,,
5,77,2026-04-04T07:22:23.332Z,1344.000,9,669.000,zptQpMPgptmtFfM7,796.000,7pz7mk3D0hXlDzD3,870.000,2jyzeYGpJv7qv931,996.000,cvNTIGe2F4uXnnHt,1014.000,bK4o9vjSbPLZyBKY,1253.000,qqJiNVFb4eVer0Td,1322.000,hd5hRwaUatBMaDG/,1346.000,PvdwtJttMSxNTJy0,1623.000,r85qjlyojvOlHwKv,,
5,78,2026-04-04T07:22:24.676Z,1225.000,9,875.000,zptQpMPgptmtFfM7,911.000,2jyzeYGpJv7qv931,954.000,PvdwtJttMSxNTJy0,1003.000,7pz7mk3D0hXlDzD3,1047.000,hd5hRwaUatBMaDG/,1136.000,qqJiNVFb4eVer0Td,1211.000,cvNTIGe2F4uXnnHt,1497.000,bK4o9vjSbPLZyBKY,1798.000,r85qjlyojvOlHwKv,,
5,79,2026-04-04T07:22:25.901Z,1551.000,9,675.000,zptQpMPgptmtFfM7,925.000,7pz7mk3D0hXlDzD3,1122.000,2jyzeYGpJv7qv931,1312.000,hd5hRwaUatBMaDG/,1341.000,PvdwtJttMSxNTJy0,1393.000,bK4o9vjSbPLZyBKY,1522.000,qqJiNVFb4eVer0Td,1701.000,r85qjlyojvOlHwKv,1759.000,cvNTIGe2F4uXnnHt,,
5,80,2026-04-04T07:22:27.452Z,1180.000,9,746.000,zptQpMPgptmtFfM7,885.000,PvdwtJttMSxNTJy0,953.000,bK4o9vjSbPLZyBKY,1046.000,7pz7mk3D0hXlDzD3,1062.000,2jyzeYGpJv7qv931,1089.000,qqJiNVFb4eVer0Td,1163.000,hd5hRwaUatBMaDG/,1386.000,r85qjlyojvOlHwKv,1434.000,cvNTIGe2F4uXnnHt,,
5,81,2026-04-04T07:22:28.632Z,1500.000,9,715.000,zptQpMPgptmtFfM7,986.000,7pz7mk3D0hXlDzD3,1122.000,PvdwtJttMSxNTJy0,1187.000,r85qjlyojvOlHwKv,1235.000,2jyzeYGpJv7qv931,1413.000,bK4o9vjSbPLZyBKY,1483.000,hd5hRwaUatBMaDG/,1539.000,cvNTIGe2F4uXnnHt,1564.000,qqJiNVFb4eVer0Td,,
5,82,2026-04-04T07:22:30.132Z,1286.000,9,796.000,zptQpMPgptmtFfM7,824.000,2jyzeYGpJv7qv931,994.000,PvdwtJttMSxNTJy0,1058.000,r85qjlyojvOlHwKv,1140.000,hd5hRwaUatBMaDG/,1203.000,7pz7mk3D0hXlDzD3,1279.000,qqJiNVFb4eVer0Td,1299.000,bK4o9vjSbPLZyBKY,1693.000,cvNTIGe2F4uXnnHt,,
5,83,2026-04-04T07:22:31.418Z,1612.000,9,901.000,zptQpMPgptmtFfM7,1120.000,PvdwtJttMSxNTJy0,1149.000,qqJiNVFb4eVer0Td,1166.000,2jyzeYGpJv7qv931,1301.000,cvNTIGe2F4uXnnHt,1418.000,bK4o9vjSbPLZyBKY,1656.000,r85qjlyojvOlHwKv,2017.000,hd5hRwaUatBMaDG/,2288.000,7pz7mk3D0hXlDzD3,,
5,84,2026-04-04T07:22:33.030Z,1212.000,9,950.000,zptQpMPgptmtFfM7,981.000,PvdwtJttMSxNTJy0,1059.000,r85qjlyojvOlHwKv,1081.000,bK4o9vjSbPLZyBKY,1135.000,cvNTIGe2F4uXnnHt,1168.000,qqJiNVFb4eVer0Td,1199.000,2jyzeYGpJv7qv931,1369.000,hd5hRwaUatBMaDG/,1965.000,7pz7mk3D0hXlDzD3,,
5,85,2026-04-04T07:22:34.242Z,1496.000,9,860.000,zptQpMPgptmtFfM7,1116.000,bK4o9vjSbPLZyBKY,1155.000,PvdwtJttMSxNTJy0,1200.000,hd5hRwaUatBMaDG/,1328.000,qqJiNVFb4eVer0Td,1418.000,cvNTIGe2F4uXnnHt,1479.000,r85qjlyojvOlHwKv,1499.000,2jyzeYGpJv7qv931,1632.000,7pz7mk3D0hXlDzD3,,
5,86,2026-04-04T07:22:35.738Z,1367.000,9,912.000,zptQpMPgptmtFfM7,942.000,bK4o9vjSbPLZyBKY,973.000,PvdwtJttMSxNTJy0,1181.000,7pz7mk3D0hXlDzD3,1245.000,r85qjlyojvOlHwKv,1278.000,qqJiNVFb4eVer0Td,1347.000,cvNTIGe2F4uXnnHt,1722.000,2jyzeYGpJv7qv931,1928.000,hd5hRwaUatBMaDG/,,
5,87,2026-04-04T07:22:37.105Z,1349.000,9,963.000,zptQpMPgptmtFfM7,985.000,PvdwtJttMSxNTJy0,1085.000,r85qjlyojvOlHwKv,1181.000,cvNTIGe2F4uXnnHt,1200.000,bK4o9vjSbPLZyBKY,1316.000,qqJiNVFb4eVer0Td,1339.000,2jyzeYGpJv7qv931,1474.000,hd5hRwaUatBMaDG/,1535.000,7pz7mk3D0hXlDzD3,,
5,88,2026-04-04T07:22:38.454Z,1341.000,9,661.000,zptQpMPgptmtFfM7,1111.000,PvdwtJttMSxNTJy0,1153.000,7pz7mk3D0hXlDzD3,1172.000,bK4o9vjSbPLZyBKY,1269.000,2jyzeYGpJv7qv931,1281.000,qqJiNVFb4eVer0Td,1323.000,r85qjlyojvOlHwKv,1370.000,hd5hRwaUatBMaDG/,1724.000,cvNTIGe2F4uXnnHt,,
5,89,2026-04-04T07:22:39.795Z,1699.000,9,739.000,zptQpMPgptmtFfM7,776.000,PvdwtJttMSxNTJy0,1084.000,r85qjlyojvOlHwKv,1331.000,bK4o9vjSbPLZyBKY,1490.000,qqJiNVFb4eVer0Td,1615.000,hd5hRwaUatBMaDG/,1679.000,cvNTIGe2F4uXnnHt,2371.000,2jyzeYGpJv7qv931,2686.000,7pz7mk3D0hXlDzD3,,
5,90,2026-04-04T07:22:41.494Z,1893.000,9,1283.000,zptQpMPgptmtFfM7,1326.000,qqJiNVFb4eVer0Td,1420.000,cvNTIGe2F4uXnnHt,1445.000,PvdwtJttMSxNTJy0,1621.000,bK4o9vjSbPLZyBKY,1814.000,hd5hRwaUatBMaDG/,1872.000,7pz7mk3D0hXlDzD3,2088.000,2jyzeYGpJv7qv931,2178.000,r85qjlyojvOlHwKv,,
5,91,2026-04-04T07:22:43.387Z,1513.000,9,1047.000,zptQpMPgptmtFfM7,1083.000,qqJiNVFb4eVer0Td,1146.000,PvdwtJttMSxNTJy0,1170.000,bK4o9vjSbPLZyBKY,1222.000,7pz7mk3D0hXlDzD3,1422.000,hd5hRwaUatBMaDG/,1487.000,cvNTIGe2F4uXnnHt,1553.000,r85qjlyojvOlHwKv,2022.000,2jyzeYGpJv7qv931,,
5,92,2026-04-04T07:22:44.900Z,1360.000,9,946.000,zptQpMPgptmtFfM7,1042.000,qqJiNVFb4eVer0Td,1058.000,PvdwtJttMSxNTJy0,1139.000,7pz7mk3D0hXlDzD3,1200.000,hd5hRwaUatBMaDG/,1223.000,bK4o9vjSbPLZyBKY,1339.000,r85qjlyojvOlHwKv,1399.000,cvNTIGe2F4uXnnHt,2117.000,2jyzeYGpJv7qv931,,
5,93,2026-04-04T07:22:46.260Z,1904.000,9,860.000,zptQpMPgptmtFfM7,967.000,7pz7mk3D0hXlDzD3,985.000,PvdwtJttMSxNTJy0,1619.000,qqJiNVFb4eVer0Td,1781.000,r85qjlyojvOlHwKv,1835.000,hd5hRwaUatBMaDG/,1886.000,cvNTIGe2F4uXnnHt,1906.000,bK4o9vjSbPLZyBKY,2739.000,2jyzeYGpJv7qv931,,
5,94,2026-04-04T07:22:48.164Z,1548.000,9,964.000,hd5hRwaUatBMaDG/,992.000,PvdwtJttMSxNTJy0,1020.000,bK4o9vjSbPLZyBKY,1046.000,zptQpMPgptmtFfM7,1393.000,cvNTIGe2F4uXnnHt,1458.000,r85qjlyojvOlHwKv,1528.000,7pz7mk3D0hXlDzD3,1562.000,qqJiNVFb4eVer0Td,2127.000,2jyzeYGpJv7qv931,,
5,95,2026-04-04T07:22:49.712Z,1974.000,9,828.000,zptQpMPgptmtFfM7,1381.000,PvdwtJttMSxNTJy0,1415.000,bK4o9vjSbPLZyBKY,1473.000,7pz7mk3D0hXlDzD3,1504.000,qqJiNVFb4eVer0Td,1861.000,cvNTIGe2F4uXnnHt,1945.000,hd5hRwaUatBMaDG/,2700.000,2jyzeYGpJv7qv931,2971.000,r85qjlyojvOlHwKv,,
5,96,2026-04-04T07:22:51.686Z,1619.000,9,819.000,PvdwtJttMSxNTJy0,1031.000,bK4o9vjSbPLZyBKY,1198.000,7pz7mk3D0hXlDzD3,1231.000,zptQpMPgptmtFfM7,1268.000,qqJiNVFb4eVer0Td,1483.000,cvNTIGe2F4uXnnHt,1592.000,hd5hRwaUatBMaDG/,2099.000,2jyzeYGpJv7qv931,2270.000,r85qjlyojvOlHwKv,,
5,97,2026-04-04T07:22:53.305Z,2112.000,9,906.000,zptQpMPgptmtFfM7,1157.000,PvdwtJttMSxNTJy0,1379.000,7pz7mk3D0hXlDzD3,1458.000,cvNTIGe2F4uXnnHt,1844.000,2jyzeYGpJv7qv931,1908.000,r85qjlyojvOlHwKv,2080.000,bK4o9vjSbPLZyBKY,2260.000,qqJiNVFb4eVer0Td,2584.000,hd5hRwaUatBMaDG/,,
5,98,2026-04-04T07:22:55.417Z,1852.000,9,976.000,2jyzeYGpJv7qv931,1142.000,zptQpMPgptmtFfM7,1261.000,7pz7mk3D0hXlDzD3,1539.000,qqJiNVFb4eVer0Td,1629.000,r85qjlyojvOlHwKv,1751.000,cvNTIGe2F4uXnnHt,1840.000,bK4o9vjSbPLZyBKY,2131.000,PvdwtJttMSxNTJy0,3876.000,hd5hRwaUatBMaDG/,,
5,99,2026-04-04T07:22:57.269Z,3195.000,8,1773.000,zptQpMPgptmtFfM7,2672.000,bK4o9vjSbPLZyBKY,2765.000,7pz7mk3D0hXlDzD3,2799.000,2jyzeYGpJv7qv931,2896.000,r85qjlyojvOlHwKv,3106.000,cvNTIGe2F4uXnnHt,3142.000,PvdwtJttMSxNTJy0,3697.000,hd5hRwaUatBMaDG/,,,,
5,100,2026-04-04T07:23:00.464Z,2243.000,7,1330.000,bK4o9vjSbPLZyBKY,1350.000,PvdwtJttMSxNTJy0,1370.000,2jyzeYGpJv7qv931,1488.000,qqJiNVFb4eVer0Td,1727.000,cvNTIGe2F4uXnnHt,2101.000,r85qjlyojvOlHwKv,2203.000,hd5hRwaUatBMaDG/,,,,,,
5,101,2026-04-04T07:23:02.707Z,1734.000,7,884.000,bK4o9vjSbPLZyBKY,902.000,PvdwtJttMSxNTJy0,1246.000,cvNTIGe2F4uXnnHt,1369.000,r85qjlyojvOlHwKv,1540.000,2jyzeYGpJv7qv931,1616.000,qqJiNVFb4eVer0Td,1708.000,hd5hRwaUatBMaDG/,,,,,,
5,102,2026-04-04T07:23:04.441Z,19071.000,8,1597.000,cvNTIGe2F4uXnnHt,1792.000,r85qjlyojvOlHwKv,2282.000,hd5hRwaUatBMaDG/,11078.000,qqJiNVFb4eVer0Td,12579.000,2jyzeYGpJv7qv931,17944.000,PvdwtJttMSxNTJy0,19044.000,bK4o9vjSbPLZyBKY,35300.000,rAgGKl6ICbDXHmxg,,,,
5,103,2026-04-04T07:23:23.512Z,,0,,,,,,,,,,,,,,,,,,,,
6,1,2026-04-04T07:21:21.100Z,4975.000,7,1047.000,7pz7mk3D0hXlDzD3,1417.000,bK4o9vjSbPLZyBKY,2405.000,zptQpMPgptmtFfM7,2871.000,PvdwtJttMSxNTJy0,3209.000,hd5hRwaUatBMaDG/,4875.000,cvNTIGe2F4uXnnHt,4975.000,2jyzeYGpJv7qv931,,,,,,
6,2,2026-04-04T07:21:26.075Z,513.000,7,311.000,hd5hRwaUatBMaDG/,312.000,2jyzeYGpJv7qv931,409.000,7pz7mk3D0hXlDzD3,411.000,bK4o9vjSbPLZyBKY,413.000,zptQpMPgptmtFfM7,417.000,PvdwtJttMSxNTJy0,513.000,cvNTIGe2F4uXnnHt,,,,,,
6,3,2026-04-04T07:21:26.588Z,518.000,8,409.000,hd5hRwaUatBMaDG/,509.000,2jyzeYGpJv7qv931,511.000,bK4o9vjSbPLZyBKY,513.000,zptQpMPgptmtFfM7,514.000,7pz7mk3D0hXlDzD3,515.000,PvdwtJttMSxNTJy0,518.000,cvNTIGe2F4uXnnHt,859.000,r85qjlyojvOlHwKv,,,,
6,4,2026-04-04T07:21:27.106Z,516.000,9,408.000,hd5hRwaUatBMaDG/,410.000,zptQpMPgptmtFfM7,511.000,7pz7mk3D0hXlDzD3,512.000,PvdwtJttMSxNTJy0,513.000,2jyzeYGpJv7qv931,515.000,bK4o9vjSbPLZyBKY,516.000,qqJiNVFb4eVer0Td,518.000,cvNTIGe2F4uXnnHt,616.000,r85qjlyojvOlHwKv,,
6,5,2026-04-04T07:21:27.622Z,414.000,9,306.000,PvdwtJttMSxNTJy0,308.000,qqJiNVFb4eVer0Td,309.000,2jyzeYGpJv7qv931,410.000,cvNTIGe2F4uXnnHt,412.000,bK4o9vjSbPLZyBKY,413.000,zptQpMPgptmtFfM7,414.000,hd5hRwaUatBMaDG/,415.000,r85qjlyojvOlHwKv,417.000,7pz7mk3D0hXlDzD3,,
6,6,2026-04-04T07:21:28.036Z,512.000,9,405.000,hd5hRwaUatBMaDG/,408.000,cvNTIGe2F4uXnnHt,505.000,qqJiNVFb4eVer0Td,508.000,7pz7mk3D0hXlDzD3,509.000,zptQpMPgptmtFfM7,510.000,PvdwtJttMSxNTJy0,512.000,r85qjlyojvOlHwKv,513.000,2jyzeYGpJv7qv931,610.000,bK4o9vjSbPLZyBKY,,
6,7,2026-04-04T07:21:28.548Z,412.000,10,307.000,hd5hRwaUatBMaDG/,309.000,r85qjlyojvOlHwKv,377.000,cvNTIGe2F4uXnnHt,408.000,7pz7mk3D0hXlDzD3,409.000,qqJiNVFb4eVer0Td,410.000,2jyzeYGpJv7qv931,412.000,bK4o9vjSbPLZyBKY,413.000,zptQpMPgptmtFfM7,414.000,PvdwtJttMSxNTJy0,963.000,rAgGKl6ICbDXHmxg
6,8,2026-04-04T07:21:28.960Z,511.000,9,405.000,cvNTIGe2F4uXnnHt,405.000,hd5hRwaUatBMaDG/,409.000,r85qjlyojvOlHwKv,507.000,qqJiNVFb4eVer0Td,509.000,7pz7mk3D0hXlDzD3,510.000,PvdwtJttMSxNTJy0,511.000,2jyzeYGpJv7qv931,512.000,zptQpMPgptmtFfM7,514.000,bK4o9vjSbPLZyBKY,,
6,9,2026-04-04T07:21:29.471Z,412.000,10,305.000,bK4o9vjSbPLZyBKY,306.000,zptQpMPgptmtFfM7,308.000,r85qjlyojvOlHwKv,310.000,qqJiNVFb4eVer0Td,410.000,PvdwtJttMSxNTJy0,411.000,2jyzeYGpJv7qv931,412.000,7pz7mk3D0hXlDzD3,413.000,hd5hRwaUatBMaDG/,414.000,cvNTIGe2F4uXnnHt,1001.000,rAgGKl6ICbDXHmxg
6,10,2026-04-04T07:21:29.883Z,413.000,9,305.000,2jyzeYGpJv7qv931,307.000,PvdwtJttMSxNTJy0,309.000,hd5hRwaUatBMaDG/,311.000,cvNTIGe2F4uXnnHt,314.000,r85qjlyojvOlHwKv,411.000,bK4o9vjSbPLZyBKY,413.000,7pz7mk3D0hXlDzD3,414.000,zptQpMPgptmtFfM7,415.000,qqJiNVFb4eVer0Td,,
6,11,2026-04-04T07:21:30.296Z,509.000,9,403.000,hd5hRwaUatBMaDG/,407.000,cvNTIGe2F4uXnnHt,408.000,r85qjlyojvOlHwKv,505.000,bK4o9vjSbPLZyBKY,506.000,7pz7mk3D0hXlDzD3,508.000,PvdwtJttMSxNTJy0,509.000,qqJiNVFb4eVer0Td,510.000,zptQpMPgptmtFfM7,511.000,2jyzeYGpJv7qv931,,
6,12,2026-04-04T07:21:30.805Z,413.000,10,306.000,bK4o9vjSbPLZyBKY,309.000,cvNTIGe2F4uXnnHt,310.000,hd5hRwaUatBMaDG/,408.000,PvdwtJttMSxNTJy0,410.000,qqJiNVFb4eVer0Td,411.000,r85qjlyojvOlHwKv,412.000,2jyzeYGpJv7qv931,414.000,zptQpMPgptmtFfM7,415.000,7pz7mk3D0hXlDzD3,745.000,rAgGKl6ICbDXHmxg
6,13,2026-04-04T07:21:31.218Z,512.000,10,406.000,cvNTIGe2F4uXnnHt,407.000,hd5hRwaUatBMaDG/,409.000,r85qjlyojvOlHwKv,508.000,bK4o9vjSbPLZyBKY,509.000,PvdwtJttMSxNTJy0,510.000,qqJiNVFb4eVer0Td,511.000,7pz7mk3D0hXlDzD3,513.000,zptQpMPgptmtFfM7,514.000,2jyzeYGpJv7qv931,918.000,rAgGKl6ICbDXHmxg
6,14,2026-04-04T07:21:31.730Z,411.000,9,304.000,qqJiNVFb4eVer0Td,305.000,bK4o9vjSbPLZyBKY,310.000,r85qjlyojvOlHwKv,331.000,hd5hRwaUatBMaDG/,335.000,cvNTIGe2F4uXnnHt,409.000,7pz7mk3D0hXlDzD3,411.000,zptQpMPgptmtFfM7,413.000,PvdwtJttMSxNTJy0,436.000,2jyzeYGpJv7qv931,,
6,15,2026-04-04T07:21:32.141Z,510.000,10,404.000,hd5hRwaUatBMaDG/,405.000,r85qjlyojvOlHwKv,407.000,cvNTIGe2F4uXnnHt,506.000,qqJiNVFb4eVer0Td,507.000,bK4o9vjSbPLZyBKY,509.000,7pz7mk3D0hXlDzD3,510.000,zptQpMPgptmtFfM7,511.000,2jyzeYGpJv7qv931,512.000,PvdwtJttMSxNTJy0,724.000,rAgGKl6ICbDXHmxg
6,16,2026-04-04T07:21:32.651Z,412.000,10,307.000,r85qjlyojvOlHwKv,308.000,hd5hRwaUatBMaDG/,309.000,cvNTIGe2F4uXnnHt,408.000,7pz7mk3D0hXlDzD3,410.000,zptQpMPgptmtFfM7,411.000,PvdwtJttMSxNTJy0,412.000,bK4o9vjSbPLZyBKY,413.000,qqJiNVFb4eVer0Td,415.000,2jyzeYGpJv7qv931,705.000,rAgGKl6ICbDXHmxg
6,17,2026-04-04T07:21:33.063Z,509.000,9,402.000,hd5hRwaUatBMaDG/,404.000,r85qjlyojvOlHwKv,406.000,cvNTIGe2F4uXnnHt,505.000,7pz7mk3D0hXlDzD3,506.000,PvdwtJttMSxNTJy0,508.000,2jyzeYGpJv7qv931,509.000,bK4o9vjSbPLZyBKY,510.000,zptQpMPgptmtFfM7,512.000,qqJiNVFb4eVer0Td,,
6,18,2026-04-04T07:21:33.572Z,413.000,10,306.000,zptQpMPgptmtFfM7,308.000,r85qjlyojvOlHwKv,310.000,cvNTIGe2F4uXnnHt,310.000,hd5hRwaUatBMaDG/,409.000,PvdwtJttMSxNTJy0,410.000,7pz7mk3D0hXlDzD3,413.000,bK4o9vjSbPLZyBKY,414.000,qqJiNVFb4eVer0Td,415.000,2jyzeYGpJv7qv931,710.000,rAgGKl6ICbDXHmxg
6,19,2026-04-04T07:21:33.985Z,510.000,10,404.000,r85qjlyojvOlHwKv,405.000,hd5hRwaUatBMaDG/,406.000,cvNTIGe2F4uXnnHt,506.000,qqJiNVFb4eVer0Td,507.000,bK4o9vjSbPLZyBKY,509.000,zptQpMPgptmtFfM7,510.000,2jyzeYGpJv7qv931,511.000,7pz7mk3D0hXlDzD3,512.000,PvdwtJttMSxNTJy0,782.000,rAgGKl6ICbDXHmxg
6,20,2026-04-04T07:21:34.495Z,413.000,9,306.000,7pz7mk3D0hXlDzD3,307.000,hd5hRwaUatBMaDG/,309.000,r85qjlyojvOlHwKv,409.000,PvdwtJttMSxNTJy0,410.000,zptQpMPgptmtFfM7,411.000,qqJiNVFb4eVer0Td,413.000,bK4o9vjSbPLZyBKY,414.000,2jyzeYGpJv7qv931,415.000,cvNTIGe2F4uXnnHt,,
6,21,2026-04-04T07:21:34.908Z,508.000,10,402.000,hd5hRwaUatBMaDG/,404.000,r85qjlyojvOlHwKv,406.000,cvNTIGe2F4uXnnHt,504.000,7pz7mk3D0hXlDzD3,505.000,qqJiNVFb4eVer0Td,507.000,bK4o9vjSbPLZyBKY,508.000,PvdwtJttMSxNTJy0,509.000,zptQpMPgptmtFfM7,510.000,2jyzeYGpJv7qv931,793.000,rAgGKl6ICbDXHmxg
6,22,2026-04-04T07:21:35.416Z,414.000,10,308.000,hd5hRwaUatBMaDG/,309.000,cvNTIGe2F4uXnnHt,313.000,r85qjlyojvOlHwKv,410.000,7pz7mk3D0hXlDzD3,411.000,zptQpMPgptmtFfM7,413.000,qqJiNVFb4eVer0Td,414.000,bK4o9vjSbPLZyBKY,415.000,PvdwtJttMSxNTJy0,416.000,2jyzeYGpJv7qv931,753.000,rAgGKl6ICbDXHmxg
6,23,2026-04-04T07:21:35.830Z,509.000,9,404.000,cvNTIGe2F4uXnnHt,405.000,hd5hRwaUatBMaDG/,407.000,r85qjlyojvOlHwKv,503.000,qqJiNVFb4eVer0Td,506.000,bK4o9vjSbPLZyBKY,508.000,2jyzeYGpJv7qv931,509.000,zptQpMPgptmtFfM7,510.000,PvdwtJttMSxNTJy0,512.000,7pz7mk3D0hXlDzD3,,
6,24,2026-04-04T07:21:36.339Z,413.000,10,308.000,cvNTIGe2F4uXnnHt,308.000,hd5hRwaUatBMaDG/,310.000,r85qjlyojvOlHwKv,409.000,bK4o9vjSbPLZyBKY,411.000,PvdwtJttMSxNTJy0,412.000,2jyzeYGpJv7qv931,413.000,zptQpMPgptmtFfM7,414.000,qqJiNVFb4eVer0Td,416.000,7pz7mk3D0hXlDzD3,748.000,rAgGKl6ICbDXHmxg
6,25,2026-04-04T07:21:36.752Z,508.000,10,405.000,r85qjlyojvOlHwKv,406.000,cvNTIGe2F4uXnnHt,407.000,hd5hRwaUatBMaDG/,409.000,2jyzeYGpJv7qv931,505.000,bK4o9vjSbPLZyBKY,507.000,PvdwtJttMSxNTJy0,508.000,zptQpMPgptmtFfM7,509.000,qqJiNVFb4eVer0Td,511.000,7pz7mk3D0hXlDzD3,864.000,rAgGKl6ICbDXHmxg
6,26,2026-04-04T07:21:37.260Z,413.000,9,306.000,7pz7mk3D0hXlDzD3,308.000,cvNTIGe2F4uXnnHt,309.000,hd5hRwaUatBMaDG/,311.000,r85qjlyojvOlHwKv,410.000,zptQpMPgptmtFfM7,411.000,2jyzeYGpJv7qv931,412.000,qqJiNVFb4eVer0Td,414.000,bK4o9vjSbPLZyBKY,415.000,PvdwtJttMSxNTJy0,,
6,27,2026-04-04T07:21:37.673Z,509.000,10,402.000,hd5hRwaUatBMaDG/,404.000,r85qjlyojvOlHwKv,406.000,cvNTIGe2F4uXnnHt,505.000,PvdwtJttMSxNTJy0,506.000,qqJiNVFb4eVer0Td,507.000,7pz7mk3D0hXlDzD3,509.000,zptQpMPgptmtFfM7,510.000,bK4o9vjSbPLZyBKY,511.000,2jyzeYGpJv7qv931,767.000,rAgGKl6ICbDXHmxg
6,28,2026-04-04T07:21:38.182Z,414.000,9,307.000,hd5hRwaUatBMaDG/,309.000,cvNTIGe2F4uXnnHt,311.000,r85qjlyojvOlHwKv,409.000,qqJiNVFb4eVer0Td,411.000,7pz7mk3D0hXlDzD3,413.000,bK4o9vjSbPLZyBKY,414.000,PvdwtJttMSxNTJy0,415.000,zptQpMPgptmtFfM7,417.000,2jyzeYGpJv7qv931,,
6,29,2026-04-04T07:21:38.596Z,506.000,10,401.000,hd5hRwaUatBMaDG/,403.000,cvNTIGe2F4uXnnHt,404.000,r85qjlyojvOlHwKv,500.000,bK4o9vjSbPLZyBKY,502.000,7pz7mk3D0hXlDzD3,505.000,PvdwtJttMSxNTJy0,506.000,zptQpMPgptmtFfM7,507.000,qqJiNVFb4eVer0Td,508.000,2jyzeYGpJv7qv931,752.000,rAgGKl6ICbDXHmxg
6,30,2026-04-04T07:21:39.102Z,416.000,9,310.000,hd5hRwaUatBMaDG/,311.000,cvNTIGe2F4uXnnHt,313.000,r85qjlyojvOlHwKv,409.000,bK4o9vjSbPLZyBKY,413.000,zptQpMPgptmtFfM7,414.000,PvdwtJttMSxNTJy0,416.000,2jyzeYGpJv7qv931,417.000,qqJiNVFb4eVer0Td,418.000,7pz7mk3D0hXlDzD3,,
6,31,2026-04-04T07:21:39.518Z,505.000,10,399.000,hd5hRwaUatBMaDG/,400.000,r85qjlyojvOlHwKv,402.000,cvNTIGe2F4uXnnHt,501.000,zptQpMPgptmtFfM7,502.000,bK4o9vjSbPLZyBKY,503.000,PvdwtJttMSxNTJy0,504.000,2jyzeYGpJv7qv931,506.000,qqJiNVFb4eVer0Td,507.000,7pz7mk3D0hXlDzD3,753.000,rAgGKl6ICbDXHmxg
6,32,2026-04-04T07:21:40.023Z,415.000,10,311.000,hd5hRwaUatBMaDG/,313.000,r85qjlyojvOlHwKv,314.000,cvNTIGe2F4uXnnHt,411.000,qqJiNVFb4eVer0Td,412.000,bK4o9vjSbPLZyBKY,414.000,zptQpMPgptmtFfM7,415.000,2jyzeYGpJv7qv931,416.000,PvdwtJttMSxNTJy0,418.000,7pz7mk3D0hXlDzD3,767.000,rAgGKl6ICbDXHmxg
6,33,2026-04-04T07:21:40.438Z,506.000,10,401.000,hd5hRwaUatBMaDG/,403.000,cvNTIGe2F4uXnnHt,405.000,r85qjlyojvOlHwKv,501.000,2jyzeYGpJv7qv931,503.000,7pz7mk3D0hXlDzD3,505.000,bK4o9vjSbPLZyBKY,506.000,qqJiNVFb4eVer0Td,507.000,PvdwtJttMSxNTJy0,509.000,zptQpMPgptmtFfM7,856.000,rAgGKl6ICbDXHmxg
6,34,2026-04-04T07:21:40.944Z,435.000,7,202.000,2jyzeYGpJv7qv931,207.000,bK4o9vjSbPLZyBKY,219.000,qqJiNVFb4eVer0Td,278.000,PvdwtJttMSxNTJy0,321.000,hd5hRwaUatBMaDG/,417.000,7pz7mk3D0hXlDzD3,434.000,r85qjlyojvOlHwKv,,,,,,
6,35,2026-04-04T07:21:41.379Z,677.000,9,342.000,PvdwtJttMSxNTJy0,345.000,qqJiNVFb4eVer0Td,430.000,cvNTIGe2F4uXnnHt,435.000,bK4o9vjSbPLZyBKY,491.000,2jyzeYGpJv7qv931,543.000,zptQpMPgptmtFfM7,668.000,r85qjlyojvOlHwKv,906.000,7pz7mk3D0hXlDzD3,1210.000,rAgGKl6ICbDXHmxg,,
6,36,2026-04-04T07:21:42.056Z,741.000,9,374.000,PvdwtJttMSxNTJy0,431.000,r85qjlyojvOlHwKv,439.000,bK4o9vjSbPLZyBKY,467.000,2jyzeYGpJv7qv931,577.000,hd5hRwaUatBMaDG/,683.000,zptQpMPgptmtFfM7,724.000,cvNTIGe2F4uXnnHt,743.000,qqJiNVFb4eVer0Td,940.000,7pz7mk3D0hXlDzD3,,
6,37,2026-04-04T07:21:42.797Z,734.000,9,520.000,zptQpMPgptmtFfM7,531.000,hd5hRwaUatBMaDG/,587.000,cvNTIGe2F4uXnnHt,601.000,PvdwtJttMSxNTJy0,674.000,r85qjlyojvOlHwKv,687.000,qqJiNVFb4eVer0Td,724.000,7pz7mk3D0hXlDzD3,735.000,2jyzeYGpJv7qv931,885.000,bK4o9vjSbPLZyBKY,,
6,38,2026-04-04T07:21:43.531Z,831.000,9,523.000,hd5hRwaUatBMaDG/,552.000,PvdwtJttMSxNTJy0,593.000,7pz7mk3D0hXlDzD3,627.000,zptQpMPgptmtFfM7,757.000,cvNTIGe2F4uXnnHt,775.000,2jyzeYGpJv7qv931,812.000,r85qjlyojvOlHwKv,832.000,bK4o9vjSbPLZyBKY,891.000,qqJiNVFb4eVer0Td,,
6,39,2026-04-04T07:21:44.362Z,722.000,9,519.000,hd5hRwaUatBMaDG/,576.000,zptQpMPgptmtFfM7,589.000,PvdwtJttMSxNTJy0,617.000,bK4o9vjSbPLZyBKY,653.000,cvNTIGe2F4uXnnHt,683.000,7pz7mk3D0hXlDzD3,711.000,r85qjlyojvOlHwKv,723.000,2jyzeYGpJv7qv931,812.000,qqJiNVFb4eVer0Td,,
6,40,2026-04-04T07:21:45.084Z,923.000,9,665.000,hd5hRwaUatBMaDG/,784.000,7pz7mk3D0hXlDzD3,799.000,PvdwtJttMSxNTJy0,860.000,zptQpMPgptmtFfM7,890.000,cvNTIGe2F4uXnnHt,909.000,2jyzeYGpJv7qv931,916.000,qqJiNVFb4eVer0Td,1156.000,bK4o9vjSbPLZyBKY,1372.000,r85qjlyojvOlHwKv,,
6,41,2026-04-04T07:21:46.007Z,869.000,8,479.000,7pz7mk3D0hXlDzD3,590.000,zptQpMPgptmtFfM7,612.000,hd5hRwaUatBMaDG/,714.000,PvdwtJttMSxNTJy0,733.000,qqJiNVFb4eVer0Td,778.000,2jyzeYGpJv7qv931,859.000,bK4o9vjSbPLZyBKY,1002.000,cvNTIGe2F4uXnnHt,,,,
6,42,2026-04-04T07:21:46.876Z,820.000,9,557.000,PvdwtJttMSxNTJy0,617.000,zptQpMPgptmtFfM7,655.000,7pz7mk3D0hXlDzD3,672.000,hd5hRwaUatBMaDG/,709.000,2jyzeYGpJv7qv931,787.000,cvNTIGe2F4uXnnHt,802.000,bK4o9vjSbPLZyBKY,823.000,qqJiNVFb4eVer0Td,1263.000,r85qjlyojvOlHwKv,,
6,43,2026-04-04T07:21:47.696Z,818.000,9,628.000,zptQpMPgptmtFfM7,640.000,hd5hRwaUatBMaDG/,711.000,7pz7mk3D0hXlDzD3,734.000,PvdwtJttMSxNTJy0,755.000,2jyzeYGpJv7qv931,770.000,bK4o9vjSbPLZyBKY,807.000,cvNTIGe2F4uXnnHt,1170.000,qqJiNVFb4eVer0Td,1448.000,r85qjlyojvOlHwKv,,
6,44,2026-04-04T07:21:48.514Z,1085.000,9,736.000,7pz7mk3D0hXlDzD3,755.000,PvdwtJttMSxNTJy0,795.000,hd5hRwaUatBMaDG/,825.000,2jyzeYGpJv7qv931,881.000,cvNTIGe2F4uXnnHt,893.000,qqJiNVFb4eVer0Td,1266.000,bK4o9vjSbPLZyBKY,1126.000,zptQpMPgptmtFfM7,1415.000,r85qjlyojvOlHwKv,,
6,45,2026-04-04T07:21:49.599Z,701.000,9,489.000,bK4o9vjSbPLZyBKY,540.000,7pz7mk3D0hXlDzD3,578.000,zptQpMPgptmtFfM7,593.000,qqJiNVFb4eVer0Td,646.000,cvNTIGe2F4uXnnHt,657.000,2jyzeYGpJv7qv931,684.000,hd5hRwaUatBMaDG/,1488.000,PvdwtJttMSxNTJy0,1251.000,r85qjlyojvOlHwKv,,
6,46,2026-04-04T07:21:50.300Z,854.000,9,716.000,hd5hRwaUatBMaDG/,750.000,zptQpMPgptmtFfM7,761.000,bK4o9vjSbPLZyBKY,781.000,2jyzeYGpJv7qv931,795.000,qqJiNVFb4eVer0Td,821.000,7pz7mk3D0hXlDzD3,831.000,PvdwtJttMSxNTJy0,881.000,cvNTIGe2F4uXnnHt,1397.000,r85qjlyojvOlHwKv,,
6,47,2026-04-04T07:21:51.154Z,908.000,9,700.000,qqJiNVFb4eVer0Td,748.000,PvdwtJttMSxNTJy0,767.000,hd5hRwaUatBMaDG/,834.000,7pz7mk3D0hXlDzD3,877.000,zptQpMPgptmtFfM7,887.000,bK4o9vjSbPLZyBKY,902.000,2jyzeYGpJv7qv931,935.000,cvNTIGe2F4uXnnHt,1234.000,r85qjlyojvOlHwKv,,
6,48,2026-04-04T07:21:52.062Z,855.000,9,559.000,hd5hRwaUatBMaDG/,594.000,qqJiNVFb4eVer0Td,630.000,bK4o9vjSbPLZyBKY,641.000,2jyzeYGpJv7qv931,649.000,PvdwtJttMSxNTJy0,759.000,zptQpMPgptmtFfM7,840.000,cvNTIGe2F4uXnnHt,937.000,r85qjlyojvOlHwKv,1103.000,7pz7mk3D0hXlDzD3,,
6,49,2026-04-04T07:21:52.917Z,777.000,9,609.000,7pz7mk3D0hXlDzD3,626.000,hd5hRwaUatBMaDG/,679.000,zptQpMPgptmtFfM7,707.000,r85qjlyojvOlHwKv,732.000,cvNTIGe2F4uXnnHt,741.000,2jyzeYGpJv7qv931,769.000,qqJiNVFb4eVer0Td,778.000,bK4o9vjSbPLZyBKY,786.000,PvdwtJttMSxNTJy0,,
6,50,2026-04-04T07:21:53.694Z,960.000,9,593.000,7pz7mk3D0hXlDzD3,620.000,r85qjlyojvOlHwKv,639.000,hd5hRwaUatBMaDG/,689.000,zptQpMPgptmtFfM7,716.000,qqJiNVFb4eVer0Td,745.000,2jyzeYGpJv7qv931,1258.000,PvdwtJttMSxNTJy0,1185.000,cvNTIGe2F4uXnnHt,1428.000,bK4o9vjSbPLZyBKY,,
6,51,2026-04-04T07:21:54.654Z,789.000,9,500.000,qqJiNVFb4eVer0Td,536.000,7pz7mk3D0hXlDzD3,572.000,r85qjlyojvOlHwKv,639.000,hd5hRwaUatBMaDG/,670.000,2jyzeYGpJv7qv931,736.000,cvNTIGe2F4uXnnHt,756.000,PvdwtJttMSxNTJy0,826.000,zptQpMPgptmtFfM7,1304.000,bK4o9vjSbPLZyBKY,,
6,52,2026-04-04T07:21:55.443Z,933.000,9,624.000,hd5hRwaUatBMaDG/,736.000,r85qjlyojvOlHwKv,770.000,zptQpMPgptmtFfM7,781.000,2jyzeYGpJv7qv931,846.000,cvNTIGe2F4uXnnHt,878.000,7pz7mk3D0hXlDzD3,890.000,PvdwtJttMSxNTJy0,1480.000,qqJiNVFb4eVer0Td,1726.000,bK4o9vjSbPLZyBKY,,
6,53,2026-04-04T07:21:56.376Z,828.000,9,557.000,2jyzeYGpJv7qv931,621.000,7pz7mk3D0hXlDzD3,663.000,r85qjlyojvOlHwKv,703.000,zptQpMPgptmtFfM7,720.000,hd5hRwaUatBMaDG/,775.000,cvNTIGe2F4uXnnHt,817.000,PvdwtJttMSxNTJy0,1001.000,qqJiNVFb4eVer0Td,1464.000,bK4o9vjSbPLZyBKY,,
6,54,2026-04-04T07:21:57.204Z,1335.000,9,601.000,hd5hRwaUatBMaDG/,905.000,PvdwtJttMSxNTJy0,956.000,7pz7mk3D0hXlDzD3,998.000,cvNTIGe2F4uXnnHt,1042.000,r85qjlyojvOlHwKv,1220.000,zptQpMPgptmtFfM7,2119.000,qqJiNVFb4eVer0Td,2047.000,2jyzeYGpJv7qv931,1986.000,bK4o9vjSbPLZyBKY,,
6,55,2026-04-04T07:21:58.539Z,1056.000,9,690.000,PvdwtJttMSxNTJy0,766.000,r85qjlyojvOlHwKv,863.000,7pz7mk3D0hXlDzD3,890.000,hd5hRwaUatBMaDG/,958.000,cvNTIGe2F4uXnnHt,996.000,zptQpMPgptmtFfM7,1008.000,qqJiNVFb4eVer0Td,1057.000,2jyzeYGpJv7qv931,1279.000,bK4o9vjSbPLZyBKY,,
6,56,2026-04-04T07:21:59.595Z,1192.000,9,777.000,qqJiNVFb4eVer0Td,859.000,r85qjlyojvOlHwKv,897.000,cvNTIGe2F4uXnnHt,931.000,2jyzeYGpJv7qv931,1000.000,hd5hRwaUatBMaDG/,1064.000,PvdwtJttMSxNTJy0,1178.000,7pz7mk3D0hXlDzD3,1281.000,zptQpMPgptmtFfM7,1652.000,bK4o9vjSbPLZyBKY,,
6,57,2026-04-04T07:22:00.787Z,1344.000,9,997.000,r85qjlyojvOlHwKv,1036.000,cvNTIGe2F4uXnnHt,1088.000,PvdwtJttMSxNTJy0,1184.000,7pz7mk3D0hXlDzD3,1224.000,hd5hRwaUatBMaDG/,1253.000,2jyzeYGpJv7qv931,1316.000,qqJiNVFb4eVer0Td,2197.000,bK4o9vjSbPLZyBKY,1789.000,zptQpMPgptmtFfM7,,
6,58,2026-04-04T07:22:02.131Z,1064.000,9,841.000,bK4o9vjSbPLZyBKY,872.000,hd5hRwaUatBMaDG/,901.000,PvdwtJttMSxNTJy0,939.000,qqJiNVFb4eVer0Td,952.000,2jyzeYGpJv7qv931,1006.000,r85qjlyojvOlHwKv,1051.000,7pz7mk3D0hXlDzD3,1095.000,cvNTIGe2F4uXnnHt,1490.000,zptQpMPgptmtFfM7,,
6,59,2026-04-04T07:22:03.195Z,1174.000,9,776.000,r85qjlyojvOlHwKv,824.000,cvNTIGe2F4uXnnHt,838.000,bK4o9vjSbPLZyBKY,877.000,hd5hRwaUatBMaDG/,1003.000,qqJiNVFb4eVer0Td,1076.000,7pz7mk3D0hXlDzD3,1151.000,2jyzeYGpJv7qv931,1241.000,zptQpMPgptmtFfM7,1429.000,PvdwtJttMSxNTJy0,,
6,60,2026-04-04T07:22:04.369Z,1228.000,9,901.000,hd5hRwaUatBMaDG/,930.000,bK4o9vjSbPLZyBKY,1032.000,zptQpMPgptmtFfM7,1079.000,7pz7mk3D0hXlDzD3,1103.000,qqJiNVFb4eVer0Td,1159.000,cvNTIGe2F4uXnnHt,1210.000,r85qjlyojvOlHwKv,1230.000,PvdwtJttMSxNTJy0,1673.000,2jyzeYGpJv7qv931,,
6,61,2026-04-04T07:22:05.597Z,1158.000,9,808.000,r85qjlyojvOlHwKv,840.000,hd5hRwaUatBMaDG/,863.000,PvdwtJttMSxNTJy0,915.000,7pz7mk3D0hXlDzD3,931.000,bK4o9vjSbPLZyBKY,1106.000,cvNTIGe2F4uXnnHt,1146.000,2jyzeYGpJv7qv931,2525.000,zptQpMPgptmtFfM7,1980.000,qqJiNVFb4eVer0Td,,
6,62,2026-04-04T07:22:06.755Z,1140.000,9,845.000,hd5hRwaUatBMaDG/,869.000,bK4o9vjSbPLZyBKY,929.000,zptQpMPgptmtFfM7,987.000,cvNTIGe2F4uXnnHt,1002.000,PvdwtJttMSxNTJy0,1072.000,r85qjlyojvOlHwKv,1121.000,7pz7mk3D0hXlDzD3,1141.000,2jyzeYGpJv7qv931,1389.000,qqJiNVFb4eVer0Td,,
6,63,2026-04-04T07:22:07.895Z,1306.000,9,1039.000,hd5hRwaUatBMaDG/,1084.000,qqJiNVFb4eVer0Td,1126.000,7pz7mk3D0hXlDzD3,1181.000,r85qjlyojvOlHwKv,1205.000,bK4o9vjSbPLZyBKY,1237.000,2jyzeYGpJv7qv931,1284.000,cvNTIGe2F4uXnnHt,1308.000,PvdwtJttMSxNTJy0,2600.000,zptQpMPgptmtFfM7,,
6,64,2026-04-04T07:22:09.201Z,1245.000,9,967.000,bK4o9vjSbPLZyBKY,1015.000,7pz7mk3D0hXlDzD3,1049.000,cvNTIGe2F4uXnnHt,1094.000,hd5hRwaUatBMaDG/,1150.000,zptQpMPgptmtFfM7,1193.000,r85qjlyojvOlHwKv,1218.000,PvdwtJttMSxNTJy0,1246.000,qqJiNVFb4eVer0Td,1256.000,2jyzeYGpJv7qv931,,
6,65,2026-04-04T07:22:10.446Z,1053.000,9,764.000,2jyzeYGpJv7qv931,811.000,zptQpMPgptmtFfM7,853.000,r85qjlyojvOlHwKv,922.000,7pz7mk3D0hXlDzD3,946.000,hd5hRwaUatBMaDG/,990.000,qqJiNVFb4eVer0Td,1039.000,bK4o9vjSbPLZyBKY,1223.000,cvNTIGe2F4uXnnHt,1982.000,PvdwtJttMSxNTJy0,,
6,66,2026-04-04T07:22:11.499Z,1131.000,9,948.000,hd5hRwaUatBMaDG/,989.000,r85qjlyojvOlHwKv,1009.000,PvdwtJttMSxNTJy0,1038.000,qqJiNVFb4eVer0Td,1050.000,bK4o9vjSbPLZyBKY,1089.000,zptQpMPgptmtFfM7,1104.000,2jyzeYGpJv7qv931,2573.000,7pz7mk3D0hXlDzD3,1742.000,cvNTIGe2F4uXnnHt,,
6,67,2026-04-04T07:22:12.630Z,1218.000,9,871.000,hd5hRwaUatBMaDG/,907.000,zptQpMPgptmtFfM7,957.000,qqJiNVFb4eVer0Td,1061.000,7pz7mk3D0hXlDzD3,1078.000,bK4o9vjSbPLZyBKY,1165.000,r85qjlyojvOlHwKv,1185.000,PvdwtJttMSxNTJy0,1219.000,2jyzeYGpJv7qv931,1558.000,cvNTIGe2F4uXnnHt,,
6,68,2026-04-04T07:22:13.848Z,948.000,9,640.000,bK4o9vjSbPLZyBKY,735.000,r85qjlyojvOlHwKv,752.000,qqJiNVFb4eVer0Td,797.000,hd5hRwaUatBMaDG/,858.000,7pz7mk3D0hXlDzD3,877.000,2jyzeYGpJv7qv931,936.000,zptQpMPgptmtFfM7,1892.000,PvdwtJttMSxNTJy0,1534.000,cvNTIGe2F4uXnnHt,,
6,69,2026-04-04T07:22:14.796Z,1091.000,9,862.000,7pz7mk3D0hXlDzD3,879.000,hd5hRwaUatBMaDG/,914.000,PvdwtJttMSxNTJy0,982.000,zptQpMPgptmtFfM7,1022.000,r85qjlyojvOlHwKv,1038.000,bK4o9vjSbPLZyBKY,1083.000,2jyzeYGpJv7qv931,1092.000,qqJiNVFb4eVer0Td,1626.000,cvNTIGe2F4uXnnHt,,
6,70,2026-04-04T07:22:15.887Z,928.000,8,680.000,PvdwtJttMSxNTJy0,757.000,zptQpMPgptmtFfM7,830.000,r85qjlyojvOlHwKv,854.000,hd5hRwaUatBMaDG/,881.000,bK4o9vjSbPLZyBKY,909.000,qqJiNVFb4eVer0Td,918.000,2jyzeYGpJv7qv931,957.000,7pz7mk3D0hXlDzD3,,,,
6,71,2026-04-04T07:22:16.815Z,1147.000,9,700.000,7pz7mk3D0hXlDzD3,810.000,r85qjlyojvOlHwKv,842.000,zptQpMPgptmtFfM7,859.000,hd5hRwaUatBMaDG/,991.000,2jyzeYGpJv7qv931,1091.000,bK4o9vjSbPLZyBKY,1133.000,PvdwtJttMSxNTJy0,1216.000,cvNTIGe2F4uXnnHt,1755.000,qqJiNVFb4eVer0Td,,
6,72,2026-04-04T07:22:17.962Z,1080.000,9,727.000,hd5hRwaUatBMaDG/,808.000,PvdwtJttMSxNTJy0,898.000,cvNTIGe2F4uXnnHt,917.000,bK4o9vjSbPLZyBKY,975.000,7pz7mk3D0hXlDzD3,1017.000,zptQpMPgptmtFfM7,1062.000,r85qjlyojvOlHwKv,2090.000,2jyzeYGpJv7qv931,1482.000,qqJiNVFb4eVer0Td,,
6,73,2026-04-04T07:22:19.042Z,1265.000,9,1026.000,hd5hRwaUatBMaDG/,1045.000,2jyzeYGpJv7qv931,1125.000,zptQpMPgptmtFfM7,1168.000,r85qjlyojvOlHwKv,1196.000,PvdwtJttMSxNTJy0,1221.000,bK4o9vjSbPLZyBKY,1252.000,7pz7mk3D0hXlDzD3,1290.000,cvNTIGe2F4uXnnHt,1897.000,qqJiNVFb4eVer0Td,,
6,74,2026-04-04T07:22:20.307Z,983.000,9,622.000,bK4o9vjSbPLZyBKY,766.000,r85qjlyojvOlHwKv,804.000,7pz7mk3D0hXlDzD3,841.000,zptQpMPgptmtFfM7,857.000,hd5hRwaUatBMaDG/,934.000,cvNTIGe2F4uXnnHt,954.000,PvdwtJttMSxNTJy0,984.000,qqJiNVFb4eVer0Td,1626.000,2jyzeYGpJv7qv931,,
6,75,2026-04-04T07:22:21.290Z,1087.000,9,697.000,r85qjlyojvOlHwKv,735.000,zptQpMPgptmtFfM7,767.000,cvNTIGe2F4uXnnHt,801.000,7pz7mk3D0hXlDzD3,874.000,hd5hRwaUatBMaDG/,903.000,PvdwtJttMSxNTJy0,1088.000,bK4o9vjSbPLZyBKY,1808.000,qqJiNVFb4eVer0Td,1395.000,2jyzeYGpJv7qv931,,
6,76,2026-04-04T07:22:22.377Z,1126.000,9,804.000,r85qjlyojvOlHwKv,828.000,bK4o9vjSbPLZyBKY,892.000,zptQpMPgptmtFfM7,911.000,hd5hRwaUatBMaDG/,960.000,cvNTIGe2F4uXnnHt,1026.000,7pz7mk3D0hXlDzD3,1112.000,PvdwtJttMSxNTJy0,1308.000,2jyzeYGpJv7qv931,1517.000,qqJiNVFb4eVer0Td,,
6,77,2026-04-04T07:22:23.503Z,1250.000,9,812.000,cvNTIGe2F4uXnnHt,831.000,2jyzeYGpJv7qv931,885.000,zptQpMPgptmtFfM7,912.000,hd5hRwaUatBMaDG/,972.000,7pz7mk3D0hXlDzD3,996.000,bK4o9vjSbPLZyBKY,1235.000,qqJiNVFb4eVer0Td,1296.000,r85qjlyojvOlHwKv,1387.000,PvdwtJttMSxNTJy0,,
6,78,2026-04-04T07:22:24.753Z,1261.000,9,734.000,hd5hRwaUatBMaDG/,834.000,PvdwtJttMSxNTJy0,843.000,2jyzeYGpJv7qv931,882.000,cvNTIGe2F4uXnnHt,1001.000,zptQpMPgptmtFfM7,1197.000,7pz7mk3D0hXlDzD3,1214.000,qqJiNVFb4eVer0Td,1411.000,r85qjlyojvOlHwKv,2018.000,bK4o9vjSbPLZyBKY,,
6,79,2026-04-04T07:22:26.014Z,1401.000,9,854.000,hd5hRwaUatBMaDG/,908.000,zptQpMPgptmtFfM7,1073.000,7pz7mk3D0hXlDzD3,1221.000,cvNTIGe2F4uXnnHt,1249.000,2jyzeYGpJv7qv931,1318.000,r85qjlyojvOlHwKv,1339.000,PvdwtJttMSxNTJy0,1429.000,bK4o9vjSbPLZyBKY,2266.000,qqJiNVFb4eVer0Td,,
6,80,2026-04-04T07:22:27.415Z,1405.000,9,883.000,hd5hRwaUatBMaDG/,977.000,PvdwtJttMSxNTJy0,1128.000,zptQpMPgptmtFfM7,1268.000,r85qjlyojvOlHwKv,1323.000,cvNTIGe2F4uXnnHt,1349.000,bK4o9vjSbPLZyBKY,1390.000,2jyzeYGpJv7qv931,1440.000,7pz7mk3D0hXlDzD3,1549.000,qqJiNVFb4eVer0Td,,
6,81,2026-04-04T07:22:28.820Z,1245.000,9,897.000,zptQpMPgptmtFfM7,943.000,r85qjlyojvOlHwKv,995.000,7pz7mk3D0hXlDzD3,1021.000,hd5hRwaUatBMaDG/,1088.000,PvdwtJttMSxNTJy0,1187.000,cvNTIGe2F4uXnnHt,1219.000,2jyzeYGpJv7qv931,1445.000,bK4o9vjSbPLZyBKY,1562.000,qqJiNVFb4eVer0Td,,
6,82,2026-04-04T07:22:30.065Z,1588.000,9,1006.000,hd5hRwaUatBMaDG/,1094.000,r85qjlyojvOlHwKv,1125.000,2jyzeYGpJv7qv931,1200.000,zptQpMPgptmtFfM7,1224.000,PvdwtJttMSxNTJy0,1477.000,cvNTIGe2F4uXnnHt,1532.000,7pz7mk3D0hXlDzD3,1590.000,qqJiNVFb4eVer0Td,1635.000,bK4o9vjSbPLZyBKY,,
6,83,2026-04-04T07:22:31.653Z,1344.000,9,950.000,zptQpMPgptmtFfM7,1091.000,cvNTIGe2F4uXnnHt,1123.000,hd5hRwaUatBMaDG/,1221.000,r85qjlyojvOlHwKv,1256.000,PvdwtJttMSxNTJy0,1297.000,qqJiNVFb4eVer0Td,1325.000,2jyzeYGpJv7qv931,2248.000,bK4o9vjSbPLZyBKY,1911.000,7pz7mk3D0hXlDzD3,,
6,84,2026-04-04T07:22:32.997Z,1418.000,9,857.000,r85qjlyojvOlHwKv,984.000,cvNTIGe2F4uXnnHt,1020.000,hd5hRwaUatBMaDG/,1058.000,PvdwtJttMSxNTJy0,1204.000,bK4o9vjSbPLZyBKY,1339.000,zptQpMPgptmtFfM7,1382.000,2jyzeYGpJv7qv931,1420.000,qqJiNVFb4eVer0Td,2181.000,7pz7mk3D0hXlDzD3,,
6,85,2026-04-04T07:22:34.415Z,1628.000,9,786.000,hd5hRwaUatBMaDG/,972.000,zptQpMPgptmtFfM7,1459.000,cvNTIGe2F4uXnnHt,1522.000,r85qjlyojvOlHwKv,1544.000,bK4o9vjSbPLZyBKY,1599.000,PvdwtJttMSxNTJy0,1613.000,qqJiNVFb4eVer0Td,1629.000,2jyzeYGpJv7qv931,2081.000,7pz7mk3D0hXlDzD3,,
6,86,2026-04-04T07:22:36.043Z,1254.000,9,839.000,bK4o9vjSbPLZyBKY,885.000,r85qjlyojvOlHwKv,909.000,PvdwtJttMSxNTJy0,1083.000,cvNTIGe2F4uXnnHt,1142.000,zptQpMPgptmtFfM7,1170.000,hd5hRwaUatBMaDG/,1235.000,7pz7mk3D0hXlDzD3,1255.000,qqJiNVFb4eVer0Td,1936.000,2jyzeYGpJv7qv931,,
6,87,2026-04-04T07:22:37.297Z,1307.000,9,910.000,cvNTIGe2F4uXnnHt,977.000,r85qjlyojvOlHwKv,1010.000,hd5hRwaUatBMaDG/,1062.000,PvdwtJttMSxNTJy0,1142.000,zptQpMPgptmtFfM7,1162.000,bK4o9vjSbPLZyBKY,1280.000,qqJiNVFb4eVer0Td,1309.000,2jyzeYGpJv7qv931,1939.000,7pz7mk3D0hXlDzD3,,
6,88,2026-04-04T07:22:38.604Z,1244.000,9,970.000,zptQpMPgptmtFfM7,991.000,hd5hRwaUatBMaDG/,1064.000,r85qjlyojvOlHwKv,1141.000,7pz7mk3D0hXlDzD3,1167.000,PvdwtJttMSxNTJy0,1185.000,bK4o9vjSbPLZyBKY,1228.000,cvNTIGe2F4uXnnHt,1246.000,qqJiNVFb4eVer0Td,1355.000,2jyzeYGpJv7qv931,,
6,89,2026-04-04T07:22:39.848Z,1815.000,9,780.000,PvdwtJttMSxNTJy0,919.000,r85qjlyojvOlHwKv,988.000,zptQpMPgptmtFfM7,1210.000,hd5hRwaUatBMaDG/,1467.000,cvNTIGe2F4uXnnHt,1534.000,bK4o9vjSbPLZyBKY,1784.000,qqJiNVFb4eVer0Td,2465.000,2jyzeYGpJv7qv931,2675.000,7pz7mk3D0hXlDzD3,,
6,90,2026-04-04T07:22:41.663Z,1734.000,9,1068.000,cvNTIGe2F4uXnnHt,1174.000,hd5hRwaUatBMaDG/,1325.000,qqJiNVFb4eVer0Td,1465.000,r85qjlyojvOlHwKv,1578.000,zptQpMPgptmtFfM7,1605.000,PvdwtJttMSxNTJy0,1709.000,bK4o9vjSbPLZyBKY,1978.000,7pz7mk3D0hXlDzD3,2112.000,2jyzeYGpJv7qv931,,
6,91,2026-04-04T07:22:43.397Z,1427.000,9,1078.000,hd5hRwaUatBMaDG/,1149.000,cvNTIGe2F4uXnnHt,1218.000,r85qjlyojvOlHwKv,1250.000,qqJiNVFb4eVer0Td,1318.000,PvdwtJttMSxNTJy0,1339.000,bK4o9vjSbPLZyBKY,1401.000,zptQpMPgptmtFfM7,1458.000,7pz7mk3D0hXlDzD3,2135.000,2jyzeYGpJv7qv931,,
6,92,2026-04-04T07:22:44.824Z,1490.000,9,961.000,hd5hRwaUatBMaDG/,1171.000,r85qjlyojvOlHwKv,1267.000,cvNTIGe2F4uXnnHt,1289.000,qqJiNVFb4eVer0Td,1352.000,PvdwtJttMSxNTJy0,1409.000,zptQpMPgptmtFfM7,1437.000,bK4o9vjSbPLZyBKY,1532.000,7pz7mk3D0hXlDzD3,2529.000,2jyzeYGpJv7qv931,,
6,93,2026-04-04T07:22:46.314Z,1552.000,9,1220.000,r85qjlyojvOlHwKv,1248.000,hd5hRwaUatBMaDG/,1291.000,PvdwtJttMSxNTJy0,1357.000,zptQpMPgptmtFfM7,1383.000,qqJiNVFb4eVer0Td,1468.000,7pz7mk3D0hXlDzD3,1531.000,cvNTIGe2F4uXnnHt,2087.000,bK4o9vjSbPLZyBKY,2663.000,2jyzeYGpJv7qv931,,
6,94,2026-04-04T07:22:47.866Z,2097.000,9,778.000,hd5hRwaUatBMaDG/,1331.000,bK4o9vjSbPLZyBKY,1443.000,cvNTIGe2F4uXnnHt,1469.000,PvdwtJttMSxNTJy0,1573.000,r85qjlyojvOlHwKv,1670.000,zptQpMPgptmtFfM7,2077.000,7pz7mk3D0hXlDzD3,2115.000,qqJiNVFb4eVer0Td,2920.000,2jyzeYGpJv7qv931,,
6,95,2026-04-04T07:22:49.963Z,1663.000,9,1137.000,zptQpMPgptmtFfM7,1171.000,hd5hRwaUatBMaDG/,1347.000,cvNTIGe2F4uXnnHt,1385.000,qqJiNVFb4eVer0Td,1546.000,PvdwtJttMSxNTJy0,1583.000,bK4o9vjSbPLZyBKY,1636.000,7pz7mk3D0hXlDzD3,2367.000,r85qjlyojvOlHwKv,2831.000,2jyzeYGpJv7qv931,,
6,96,2026-04-04T07:22:51.626Z,2003.000,9,1233.000,hd5hRwaUatBMaDG/,1342.000,PvdwtJttMSxNTJy0,1376.000,bK4o9vjSbPLZyBKY,1446.000,cvNTIGe2F4uXnnHt,1528.000,7pz7mk3D0hXlDzD3,1563.000,qqJiNVFb4eVer0Td,5213.000,zptQpMPgptmtFfM7,2137.000,r85qjlyojvOlHwKv,2648.000,2jyzeYGpJv7qv931,,
6,97,2026-04-04T07:22:53.629Z,2006.000,9,896.000,cvNTIGe2F4uXnnHt,946.000,PvdwtJttMSxNTJy0,1355.000,r85qjlyojvOlHwKv,1419.000,7pz7mk3D0hXlDzD3,1591.000,hd5hRwaUatBMaDG/,1774.000,2jyzeYGpJv7qv931,1960.000,bK4o9vjSbPLZyBKY,3789.000,zptQpMPgptmtFfM7,2698.000,qqJiNVFb4eVer0Td,,
6,98,2026-04-04T07:22:55.635Z,2282.000,9,1251.000,2jyzeYGpJv7qv931,1697.000,r85qjlyojvOlHwKv,1871.000,cvNTIGe2F4uXnnHt,1947.000,7pz7mk3D0hXlDzD3,2106.000,hd5hRwaUatBMaDG/,2148.000,qqJiNVFb4eVer0Td,2256.000,zptQpMPgptmtFfM7,2283.000,bK4o9vjSbPLZyBKY,2783.000,PvdwtJttMSxNTJy0,,
6,99,2026-04-04T07:22:57.917Z,1924.000,8,1446.000,r85qjlyojvOlHwKv,1476.000,bK4o9vjSbPLZyBKY,1609.000,cvNTIGe2F4uXnnHt,1639.000,2jyzeYGpJv7qv931,1761.000,7pz7mk3D0hXlDzD3,1803.000,hd5hRwaUatBMaDG/,1896.000,zptQpMPgptmtFfM7,3064.000,PvdwtJttMSxNTJy0,,,,
6,100,2026-04-04T07:22:59.841Z,2342.000,7,1513.000,bK4o9vjSbPLZyBKY,1647.000,PvdwtJttMSxNTJy0,1924.000,cvNTIGe2F4uXnnHt,2110.000,hd5hRwaUatBMaDG/,2212.000,r85qjlyojvOlHwKv,2260.000,2jyzeYGpJv7qv931,2324.000,qqJiNVFb4eVer0Td,,,,,,
6,101,2026-04-04T07:23:02.183Z,2440.000,7,1421.000,cvNTIGe2F4uXnnHt,1499.000,r85qjlyojvOlHwKv,1530.000,bK4o9vjSbPLZyBKY,1583.000,PvdwtJttMSxNTJy0,1688.000,hd5hRwaUatBMaDG/,2219.000,2jyzeYGpJv7qv931,2403.000,qqJiNVFb4eVer0Td,,,,,,
6,102,2026-04-04T07:23:04.623Z,19271.000,8,1087.000,cvNTIGe2F4uXnnHt,1260.000,r85qjlyojvOlHwKv,1456.000,hd5hRwaUatBMaDG/,11259.000,qqJiNVFb4eVer0Td,12759.000,2jyzeYGpJv7qv931,18125.000,PvdwtJttMSxNTJy0,19226.000,bK4o9vjSbPLZyBKY,36602.000,rAgGKl6ICbDXHmxg,,,,
6,103,2026-04-04T07:23:23.894Z,,0,,,,,,,,,,,,,,,,,,,,
7,1,2026-04-04T07:21:22.551Z,3727.000,7,1056.000,zptQpMPgptmtFfM7,1322.000,PvdwtJttMSxNTJy0,1759.000,hd5hRwaUatBMaDG/,2695.000,7pz7mk3D0hXlDzD3,3421.000,cvNTIGe2F4uXnnHt,3424.000,2jyzeYGpJv7qv931,6267.000,bK4o9vjSbPLZyBKY,,,,,,
7,2,2026-04-04T07:21:26.278Z,514.000,7,105.000,7pz7mk3D0hXlDzD3,107.000,PvdwtJttMSxNTJy0,108.000,hd5hRwaUatBMaDG/,109.000,2jyzeYGpJv7qv931,110.000,zptQpMPgptmtFfM7,307.000,cvNTIGe2F4uXnnHt,2542.000,bK4o9vjSbPLZyBKY,,,,,,
7,3,2026-04-04T07:21:26.792Z,517.000,8,202.000,zptQpMPgptmtFfM7,205.000,7pz7mk3D0hXlDzD3,207.000,hd5hRwaUatBMaDG/,209.000,2jyzeYGpJv7qv931,210.000,PvdwtJttMSxNTJy0,311.000,cvNTIGe2F4uXnnHt,2030.000,bK4o9vjSbPLZyBKY,654.000,r85qjlyojvOlHwKv,,,,
7,4,2026-04-04T07:21:27.309Z,312.000,9,205.000,PvdwtJttMSxNTJy0,206.000,hd5hRwaUatBMaDG/,208.000,2jyzeYGpJv7qv931,209.000,zptQpMPgptmtFfM7,210.000,7pz7mk3D0hXlDzD3,310.000,qqJiNVFb4eVer0Td,312.000,cvNTIGe2F4uXnnHt,411.000,r85qjlyojvOlHwKv,1515.000,bK4o9vjSbPLZyBKY,,
7,5,2026-04-04T07:21:27.621Z,414.000,9,407.000,PvdwtJttMSxNTJy0,408.000,2jyzeYGpJv7qv931,410.000,qqJiNVFb4eVer0Td,408.000,cvNTIGe2F4uXnnHt,411.000,7pz7mk3D0hXlDzD3,413.000,r85qjlyojvOlHwKv,414.000,zptQpMPgptmtFfM7,415.000,hd5hRwaUatBMaDG/,1204.000,bK4o9vjSbPLZyBKY,,
7,6,2026-04-04T07:21:28.035Z,513.000,9,406.000,hd5hRwaUatBMaDG/,406.000,cvNTIGe2F4uXnnHt,507.000,7pz7mk3D0hXlDzD3,509.000,zptQpMPgptmtFfM7,510.000,qqJiNVFb4eVer0Td,511.000,PvdwtJttMSxNTJy0,513.000,2jyzeYGpJv7qv931,514.000,r85qjlyojvOlHwKv,886.000,bK4o9vjSbPLZyBKY,,
7,7,2026-04-04T07:21:28.548Z,411.000,10,307.000,qqJiNVFb4eVer0Td,308.000,hd5hRwaUatBMaDG/,310.000,7pz7mk3D0hXlDzD3,311.000,r85qjlyojvOlHwKv,374.000,cvNTIGe2F4uXnnHt,409.000,PvdwtJttMSxNTJy0,411.000,2jyzeYGpJv7qv931,413.000,zptQpMPgptmtFfM7,522.000,bK4o9vjSbPLZyBKY,963.000,rAgGKl6ICbDXHmxg
7,8,2026-04-04T07:21:28.959Z,510.000,9,403.000,cvNTIGe2F4uXnnHt,406.000,hd5hRwaUatBMaDG/,408.000,r85qjlyojvOlHwKv,505.000,7pz7mk3D0hXlDzD3,507.000,2jyzeYGpJv7qv931,508.000,qqJiNVFb4eVer0Td,509.000,PvdwtJttMSxNTJy0,511.000,zptQpMPgptmtFfM7,515.000,bK4o9vjSbPLZyBKY,,
7,9,2026-04-04T07:21:29.469Z,412.000,10,306.000,bK4o9vjSbPLZyBKY,308.000,qqJiNVFb4eVer0Td,309.000,r85qjlyojvOlHwKv,311.000,zptQpMPgptmtFfM7,410.000,7pz7mk3D0hXlDzD3,411.000,cvNTIGe2F4uXnnHt,412.000,2jyzeYGpJv7qv931,414.000,PvdwtJttMSxNTJy0,415.000,hd5hRwaUatBMaDG/,1006.000,rAgGKl6ICbDXHmxg
7,10,2026-04-04T07:21:29.881Z,412.000,9,306.000,PvdwtJttMSxNTJy0,307.000,2jyzeYGpJv7qv931,310.000,cvNTIGe2F4uXnnHt,311.000,hd5hRwaUatBMaDG/,315.000,r85qjlyojvOlHwKv,410.000,7pz7mk3D0hXlDzD3,412.000,qqJiNVFb4eVer0Td,413.000,zptQpMPgptmtFfM7,415.000,bK4o9vjSbPLZyBKY,,
7,11,2026-04-04T07:21:30.293Z,511.000,9,406.000,hd5hRwaUatBMaDG/,407.000,cvNTIGe2F4uXnnHt,409.000,r85qjlyojvOlHwKv,506.000,PvdwtJttMSxNTJy0,508.000,2jyzeYGpJv7qv931,510.000,bK4o9vjSbPLZyBKY,511.000,7pz7mk3D0hXlDzD3,512.000,zptQpMPgptmtFfM7,513.000,qqJiNVFb4eVer0Td,,
7,12,2026-04-04T07:21:30.804Z,413.000,10,306.000,bK4o9vjSbPLZyBKY,307.000,cvNTIGe2F4uXnnHt,311.000,hd5hRwaUatBMaDG/,409.000,qqJiNVFb4eVer0Td,410.000,zptQpMPgptmtFfM7,412.000,7pz7mk3D0hXlDzD3,413.000,r85qjlyojvOlHwKv,414.000,PvdwtJttMSxNTJy0,416.000,2jyzeYGpJv7qv931,745.000,rAgGKl6ICbDXHmxg
7,13,2026-04-04T07:21:31.217Z,510.000,10,404.000,cvNTIGe2F4uXnnHt,406.000,r85qjlyojvOlHwKv,408.000,hd5hRwaUatBMaDG/,506.000,zptQpMPgptmtFfM7,508.000,qqJiNVFb4eVer0Td,509.000,PvdwtJttMSxNTJy0,510.000,bK4o9vjSbPLZyBKY,511.000,2jyzeYGpJv7qv931,513.000,7pz7mk3D0hXlDzD3,916.000,rAgGKl6ICbDXHmxg
7,14,2026-04-04T07:21:31.727Z,414.000,9,306.000,bK4o9vjSbPLZyBKY,307.000,qqJiNVFb4eVer0Td,311.000,r85qjlyojvOlHwKv,335.000,hd5hRwaUatBMaDG/,335.000,cvNTIGe2F4uXnnHt,411.000,PvdwtJttMSxNTJy0,413.000,zptQpMPgptmtFfM7,415.000,7pz7mk3D0hXlDzD3,439.000,2jyzeYGpJv7qv931,,
7,15,2026-04-04T07:21:32.141Z,508.000,10,403.000,cvNTIGe2F4uXnnHt,404.000,r85qjlyojvOlHwKv,405.000,hd5hRwaUatBMaDG/,503.000,qqJiNVFb4eVer0Td,505.000,7pz7mk3D0hXlDzD3,507.000,bK4o9vjSbPLZyBKY,508.000,zptQpMPgptmtFfM7,509.000,2jyzeYGpJv7qv931,510.000,PvdwtJttMSxNTJy0,737.000,rAgGKl6ICbDXHmxg
7,16,2026-04-04T07:21:32.649Z,413.000,10,307.000,cvNTIGe2F4uXnnHt,308.000,r85qjlyojvOlHwKv,310.000,hd5hRwaUatBMaDG/,409.000,PvdwtJttMSxNTJy0,410.000,bK4o9vjSbPLZyBKY,412.000,zptQpMPgptmtFfM7,413.000,7pz7mk3D0hXlDzD3,414.000,qqJiNVFb4eVer0Td,415.000,2jyzeYGpJv7qv931,706.000,rAgGKl6ICbDXHmxg
7,17,2026-04-04T07:21:33.062Z,508.000,9,403.000,cvNTIGe2F4uXnnHt,404.000,hd5hRwaUatBMaDG/,405.000,r85qjlyojvOlHwKv,504.000,7pz7mk3D0hXlDzD3,506.000,PvdwtJttMSxNTJy0,507.000,bK4o9vjSbPLZyBKY,508.000,2jyzeYGpJv7qv931,510.000,zptQpMPgptmtFfM7,511.000,qqJiNVFb4eVer0Td,,
7,18,2026-04-04T07:21:33.570Z,414.000,10,307.000,cvNTIGe2F4uXnnHt,309.000,r85qjlyojvOlHwKv,312.000,hd5hRwaUatBMaDG/,409.000,zptQpMPgptmtFfM7,411.000,qqJiNVFb4eVer0Td,412.000,PvdwtJttMSxNTJy0,413.000,7pz7mk3D0hXlDzD3,415.000,2jyzeYGpJv7qv931,416.000,bK4o9vjSbPLZyBKY,710.000,rAgGKl6ICbDXHmxg
7,19,2026-04-04T07:21:33.984Z,511.000,10,404.000,r85qjlyojvOlHwKv,405.000,cvNTIGe2F4uXnnHt,406.000,hd5hRwaUatBMaDG/,507.000,2jyzeYGpJv7qv931,508.000,PvdwtJttMSxNTJy0,509.000,zptQpMPgptmtFfM7,511.000,7pz7mk3D0hXlDzD3,512.000,bK4o9vjSbPLZyBKY,513.000,qqJiNVFb4eVer0Td,782.000,rAgGKl6ICbDXHmxg
7,20,2026-04-04T07:21:34.495Z,410.000,9,304.000,7pz7mk3D0hXlDzD3,306.000,PvdwtJttMSxNTJy0,308.000,zptQpMPgptmtFfM7,309.000,r85qjlyojvOlHwKv,310.000,hd5hRwaUatBMaDG/,409.000,bK4o9vjSbPLZyBKY,410.000,cvNTIGe2F4uXnnHt,411.000,2jyzeYGpJv7qv931,412.000,qqJiNVFb4eVer0Td,,
7,21,2026-04-04T07:21:34.905Z,510.000,10,405.000,hd5hRwaUatBMaDG/,406.000,cvNTIGe2F4uXnnHt,407.000,r85qjlyojvOlHwKv,506.000,bK4o9vjSbPLZyBKY,507.000,7pz7mk3D0hXlDzD3,509.000,qqJiNVFb4eVer0Td,510.000,zptQpMPgptmtFfM7,511.000,2jyzeYGpJv7qv931,513.000,PvdwtJttMSxNTJy0,795.000,rAgGKl6ICbDXHmxg
7,22,2026-04-04T07:21:35.415Z,412.000,10,306.000,qqJiNVFb4eVer0Td,308.000,cvNTIGe2F4uXnnHt,309.000,hd5hRwaUatBMaDG/,312.000,r85qjlyojvOlHwKv,409.000,bK4o9vjSbPLZyBKY,410.000,PvdwtJttMSxNTJy0,412.000,zptQpMPgptmtFfM7,413.000,7pz7mk3D0hXlDzD3,414.000,2jyzeYGpJv7qv931,751.000,rAgGKl6ICbDXHmxg
7,23,2026-04-04T07:21:35.827Z,510.000,9,405.000,cvNTIGe2F4uXnnHt,408.000,r85qjlyojvOlHwKv,410.000,hd5hRwaUatBMaDG/,506.000,qqJiNVFb4eVer0Td,508.000,bK4o9vjSbPLZyBKY,509.000,zptQpMPgptmtFfM7,510.000,PvdwtJttMSxNTJy0,511.000,2jyzeYGpJv7qv931,513.000,7pz7mk3D0hXlDzD3,,
7,24,2026-04-04T07:21:36.337Z,413.000,10,307.000,cvNTIGe2F4uXnnHt,310.000,hd5hRwaUatBMaDG/,312.000,r85qjlyojvOlHwKv,408.000,bK4o9vjSbPLZyBKY,409.000,2jyzeYGpJv7qv931,411.000,7pz7mk3D0hXlDzD3,412.000,zptQpMPgptmtFfM7,414.000,PvdwtJttMSxNTJy0,415.000,qqJiNVFb4eVer0Td,746.000,rAgGKl6ICbDXHmxg
7,25,2026-04-04T07:21:36.750Z,509.000,10,404.000,cvNTIGe2F4uXnnHt,406.000,r85qjlyojvOlHwKv,409.000,hd5hRwaUatBMaDG/,504.000,bK4o9vjSbPLZyBKY,506.000,PvdwtJttMSxNTJy0,507.000,zptQpMPgptmtFfM7,508.000,qqJiNVFb4eVer0Td,510.000,7pz7mk3D0hXlDzD3,511.000,2jyzeYGpJv7qv931,863.000,rAgGKl6ICbDXHmxg
7,26,2026-04-04T07:21:37.259Z,412.000,9,305.000,cvNTIGe2F4uXnnHt,310.000,hd5hRwaUatBMaDG/,312.000,r85qjlyojvOlHwKv,408.000,7pz7mk3D0hXlDzD3,410.000,zptQpMPgptmtFfM7,411.000,2jyzeYGpJv7qv931,412.000,qqJiNVFb4eVer0Td,413.000,bK4o9vjSbPLZyBKY,415.000,PvdwtJttMSxNTJy0,,
7,27,2026-04-04T07:21:37.671Z,509.000,10,404.000,hd5hRwaUatBMaDG/,405.000,cvNTIGe2F4uXnnHt,406.000,r85qjlyojvOlHwKv,505.000,PvdwtJttMSxNTJy0,506.000,zptQpMPgptmtFfM7,508.000,qqJiNVFb4eVer0Td,509.000,bK4o9vjSbPLZyBKY,510.000,7pz7mk3D0hXlDzD3,512.000,2jyzeYGpJv7qv931,769.000,rAgGKl6ICbDXHmxg
7,28,2026-04-04T07:21:38.180Z,414.000,9,308.000,cvNTIGe2F4uXnnHt,310.000,hd5hRwaUatBMaDG/,311.000,r85qjlyojvOlHwKv,410.000,qqJiNVFb4eVer0Td,411.000,bK4o9vjSbPLZyBKY,412.000,PvdwtJttMSxNTJy0,414.000,7pz7mk3D0hXlDzD3,415.000,zptQpMPgptmtFfM7,416.000,2jyzeYGpJv7qv931,,
7,29,2026-04-04T07:21:38.594Z,506.000,10,401.000,cvNTIGe2F4uXnnHt,403.000,r85qjlyojvOlHwKv,404.000,hd5hRwaUatBMaDG/,501.000,bK4o9vjSbPLZyBKY,502.000,7pz7mk3D0hXlDzD3,505.000,qqJiNVFb4eVer0Td,506.000,PvdwtJttMSxNTJy0,507.000,zptQpMPgptmtFfM7,508.000,2jyzeYGpJv7qv931,751.000,rAgGKl6ICbDXHmxg
7,30,2026-04-04T07:21:39.100Z,416.000,9,310.000,cvNTIGe2F4uXnnHt,312.000,hd5hRwaUatBMaDG/,314.000,r85qjlyojvOlHwKv,412.000,PvdwtJttMSxNTJy0,413.000,bK4o9vjSbPLZyBKY,414.000,2jyzeYGpJv7qv931,416.000,qqJiNVFb4eVer0Td,417.000,7pz7mk3D0hXlDzD3,418.000,zptQpMPgptmtFfM7,,
7,31,2026-04-04T07:21:39.516Z,505.000,10,401.000,hd5hRwaUatBMaDG/,401.000,cvNTIGe2F4uXnnHt,403.000,r85qjlyojvOlHwKv,501.000,bK4o9vjSbPLZyBKY,502.000,2jyzeYGpJv7qv931,504.000,zptQpMPgptmtFfM7,505.000,qqJiNVFb4eVer0Td,506.000,7pz7mk3D0hXlDzD3,507.000,PvdwtJttMSxNTJy0,754.000,rAgGKl6ICbDXHmxg
7,32,2026-04-04T07:21:40.021Z,416.000,10,312.000,cvNTIGe2F4uXnnHt,313.000,r85qjlyojvOlHwKv,315.000,hd5hRwaUatBMaDG/,411.000,qqJiNVFb4eVer0Td,413.000,2jyzeYGpJv7qv931,415.000,bK4o9vjSbPLZyBKY,416.000,zptQpMPgptmtFfM7,417.000,7pz7mk3D0hXlDzD3,419.000,PvdwtJttMSxNTJy0,766.000,rAgGKl6ICbDXHmxg
7,33,2026-04-04T07:21:40.437Z,505.000,10,401.000,cvNTIGe2F4uXnnHt,402.000,hd5hRwaUatBMaDG/,404.000,r85qjlyojvOlHwKv,501.000,2jyzeYGpJv7qv931,503.000,qqJiNVFb4eVer0Td,504.000,bK4o9vjSbPLZyBKY,505.000,zptQpMPgptmtFfM7,506.000,PvdwtJttMSxNTJy0,509.000,7pz7mk3D0hXlDzD3,855.000,rAgGKl6ICbDXHmxg
7,34,2026-04-04T07:21:40.942Z,435.000,7,205.000,2jyzeYGpJv7qv931,207.000,bK4o9vjSbPLZyBKY,219.000,qqJiNVFb4eVer0Td,279.000,PvdwtJttMSxNTJy0,323.000,hd5hRwaUatBMaDG/,409.000,7pz7mk3D0hXlDzD3,435.000,r85qjlyojvOlHwKv,,,,,,
7,35,2026-04-04T07:21:41.377Z,674.000,9,416.000,cvNTIGe2F4uXnnHt,425.000,PvdwtJttMSxNTJy0,430.000,qqJiNVFb4eVer0Td,539.000,zptQpMPgptmtFfM7,547.000,bK4o9vjSbPLZyBKY,560.000,2jyzeYGpJv7qv931,665.000,r85qjlyojvOlHwKv,915.000,7pz7mk3D0hXlDzD3,1250.000,rAgGKl6ICbDXHmxg,,
7,36,2026-04-04T07:21:42.051Z,678.000,9,435.000,PvdwtJttMSxNTJy0,461.000,bK4o9vjSbPLZyBKY,488.000,r85qjlyojvOlHwKv,541.000,2jyzeYGpJv7qv931,577.000,qqJiNVFb4eVer0Td,603.000,cvNTIGe2F4uXnnHt,669.000,hd5hRwaUatBMaDG/,701.000,zptQpMPgptmtFfM7,863.000,7pz7mk3D0hXlDzD3,,
7,37,2026-04-04T07:21:42.729Z,827.000,9,605.000,cvNTIGe2F4uXnnHt,664.000,zptQpMPgptmtFfM7,701.000,hd5hRwaUatBMaDG/,729.000,r85qjlyojvOlHwKv,740.000,PvdwtJttMSxNTJy0,798.000,7pz7mk3D0hXlDzD3,809.000,2jyzeYGpJv7qv931,829.000,qqJiNVFb4eVer0Td,872.000,bK4o9vjSbPLZyBKY,,
7,38,2026-04-04T07:21:43.556Z,782.000,9,586.000,PvdwtJttMSxNTJy0,617.000,hd5hRwaUatBMaDG/,653.000,zptQpMPgptmtFfM7,671.000,cvNTIGe2F4uXnnHt,729.000,7pz7mk3D0hXlDzD3,742.000,2jyzeYGpJv7qv931,774.000,qqJiNVFb4eVer0Td,800.000,r85qjlyojvOlHwKv,906.000,bK4o9vjSbPLZyBKY,,
7,39,2026-04-04T07:21:44.338Z,789.000,9,609.000,cvNTIGe2F4uXnnHt,667.000,zptQpMPgptmtFfM7,698.000,hd5hRwaUatBMaDG/,709.000,PvdwtJttMSxNTJy0,732.000,bK4o9vjSbPLZyBKY,742.000,2jyzeYGpJv7qv931,778.000,r85qjlyojvOlHwKv,790.000,qqJiNVFb4eVer0Td,896.000,7pz7mk3D0hXlDzD3,,
7,40,2026-04-04T07:21:45.127Z,892.000,9,632.000,7pz7mk3D0hXlDzD3,658.000,hd5hRwaUatBMaDG/,708.000,zptQpMPgptmtFfM7,719.000,cvNTIGe2F4uXnnHt,762.000,PvdwtJttMSxNTJy0,866.000,2jyzeYGpJv7qv931,878.000,qqJiNVFb4eVer0Td,1218.000,bK4o9vjSbPLZyBKY,1322.000,r85qjlyojvOlHwKv,,
7,41,2026-04-04T07:21:46.019Z,910.000,8,605.000,zptQpMPgptmtFfM7,642.000,7pz7mk3D0hXlDzD3,756.000,hd5hRwaUatBMaDG/,781.000,qqJiNVFb4eVer0Td,822.000,cvNTIGe2F4uXnnHt,864.000,PvdwtJttMSxNTJy0,902.000,2jyzeYGpJv7qv931,912.000,bK4o9vjSbPLZyBKY,,,,
7,42,2026-04-04T07:21:46.929Z,844.000,9,654.000,PvdwtJttMSxNTJy0,666.000,cvNTIGe2F4uXnnHt,726.000,zptQpMPgptmtFfM7,762.000,hd5hRwaUatBMaDG/,792.000,7pz7mk3D0hXlDzD3,802.000,2jyzeYGpJv7qv931,837.000,bK4o9vjSbPLZyBKY,846.000,qqJiNVFb4eVer0Td,1228.000,r85qjlyojvOlHwKv,,
7,43,2026-04-04T07:21:47.773Z,758.000,9,495.000,zptQpMPgptmtFfM7,566.000,2jyzeYGpJv7qv931,584.000,PvdwtJttMSxNTJy0,635.000,7pz7mk3D0hXlDzD3,657.000,cvNTIGe2F4uXnnHt,703.000,hd5hRwaUatBMaDG/,721.000,bK4o9vjSbPLZyBKY,983.000,qqJiNVFb4eVer0Td,1405.000,r85qjlyojvOlHwKv,,
7,44,2026-04-04T07:21:48.531Z,926.000,9,765.000,7pz7mk3D0hXlDzD3,776.000,PvdwtJttMSxNTJy0,813.000,cvNTIGe2F4uXnnHt,828.000,2jyzeYGpJv7qv931,884.000,hd5hRwaUatBMaDG/,897.000,qqJiNVFb4eVer0Td,912.000,bK4o9vjSbPLZyBKY,1033.000,zptQpMPgptmtFfM7,1368.000,r85qjlyojvOlHwKv,,
7,45,2026-04-04T07:21:49.457Z,925.000,9,697.000,7pz7mk3D0hXlDzD3,715.000,cvNTIGe2F4uXnnHt,754.000,bK4o9vjSbPLZyBKY,843.000,zptQpMPgptmtFfM7,856.000,qqJiNVFb4eVer0Td,880.000,2jyzeYGpJv7qv931,916.000,hd5hRwaUatBMaDG/,1821.000,PvdwtJttMSxNTJy0,1484.000,r85qjlyojvOlHwKv,,
7,46,2026-04-04T07:21:50.382Z,894.000,9,718.000,zptQpMPgptmtFfM7,731.000,cvNTIGe2F4uXnnHt,761.000,bK4o9vjSbPLZyBKY,799.000,2jyzeYGpJv7qv931,810.000,qqJiNVFb4eVer0Td,843.000,7pz7mk3D0hXlDzD3,871.000,hd5hRwaUatBMaDG/,980.000,PvdwtJttMSxNTJy0,1407.000,r85qjlyojvOlHwKv,,
7,47,2026-04-04T07:21:51.276Z,918.000,9,714.000,qqJiNVFb4eVer0Td,757.000,PvdwtJttMSxNTJy0,774.000,cvNTIGe2F4uXnnHt,801.000,bK4o9vjSbPLZyBKY,846.000,zptQpMPgptmtFfM7,875.000,7pz7mk3D0hXlDzD3,907.000,hd5hRwaUatBMaDG/,919.000,2jyzeYGpJv7qv931,1206.000,r85qjlyojvOlHwKv,,
7,48,2026-04-04T07:21:52.194Z,765.000,9,459.000,qqJiNVFb4eVer0Td,544.000,bK4o9vjSbPLZyBKY,582.000,hd5hRwaUatBMaDG/,594.000,PvdwtJttMSxNTJy0,626.000,2jyzeYGpJv7qv931,643.000,cvNTIGe2F4uXnnHt,755.000,zptQpMPgptmtFfM7,782.000,r85qjlyojvOlHwKv,2311.000,7pz7mk3D0hXlDzD3,,
7,49,2026-04-04T07:21:52.959Z,903.000,9,611.000,cvNTIGe2F4uXnnHt,673.000,zptQpMPgptmtFfM7,704.000,r85qjlyojvOlHwKv,804.000,hd5hRwaUatBMaDG/,814.000,2jyzeYGpJv7qv931,866.000,7pz7mk3D0hXlDzD3,878.000,qqJiNVFb4eVer0Td,906.000,PvdwtJttMSxNTJy0,919.000,bK4o9vjSbPLZyBKY,,
7,50,2026-04-04T07:21:53.862Z,792.000,9,494.000,7pz7mk3D0hXlDzD3,521.000,zptQpMPgptmtFfM7,545.000,r85qjlyojvOlHwKv,664.000,qqJiNVFb4eVer0Td,704.000,hd5hRwaUatBMaDG/,718.000,2jyzeYGpJv7qv931,770.000,cvNTIGe2F4uXnnHt,795.000,PvdwtJttMSxNTJy0,1207.000,bK4o9vjSbPLZyBKY,,
7,51,2026-04-04T07:21:54.654Z,758.000,9,530.000,qqJiNVFb4eVer0Td,582.000,7pz7mk3D0hXlDzD3,616.000,r85qjlyojvOlHwKv,638.000,cvNTIGe2F4uXnnHt,662.000,2jyzeYGpJv7qv931,711.000,hd5hRwaUatBMaDG/,726.000,PvdwtJttMSxNTJy0,788.000,zptQpMPgptmtFfM7,1358.000,bK4o9vjSbPLZyBKY,,
7,52,2026-04-04T07:21:55.412Z,903.000,9,640.000,cvNTIGe2F4uXnnHt,685.000,r85qjlyojvOlHwKv,718.000,zptQpMPgptmtFfM7,744.000,2jyzeYGpJv7qv931,775.000,hd5hRwaUatBMaDG/,787.000,PvdwtJttMSxNTJy0,888.000,7pz7mk3D0hXlDzD3,1376.000,qqJiNVFb4eVer0Td,1621.000,bK4o9vjSbPLZyBKY,,
7,53,2026-04-04T07:21:56.315Z,934.000,9,510.000,2jyzeYGpJv7qv931,582.000,7pz7mk3D0hXlDzD3,610.000,zptQpMPgptmtFfM7,636.000,cvNTIGe2F4uXnnHt,703.000,r85qjlyojvOlHwKv,867.000,hd5hRwaUatBMaDG/,892.000,PvdwtJttMSxNTJy0,1392.000,qqJiNVFb4eVer0Td,1715.000,bK4o9vjSbPLZyBKY,,
7,54,2026-04-04T07:21:57.249Z,1249.000,9,767.000,hd5hRwaUatBMaDG/,896.000,cvNTIGe2F4uXnnHt,923.000,PvdwtJttMSxNTJy0,974.000,7pz7mk3D0hXlDzD3,1014.000,r85qjlyojvOlHwKv,1137.000,zptQpMPgptmtFfM7,1379.000,qqJiNVFb4eVer0Td,1250.000,2jyzeYGpJv7qv931,1880.000,bK4o9vjSbPLZyBKY,,
7,55,2026-04-04T07:21:58.498Z,1027.000,9,711.000,PvdwtJttMSxNTJy0,749.000,r85qjlyojvOlHwKv,777.000,cvNTIGe2F4uXnnHt,855.000,7pz7mk3D0hXlDzD3,869.000,qqJiNVFb4eVer0Td,910.000,2jyzeYGpJv7qv931,1004.000,zptQpMPgptmtFfM7,1085.000,hd5hRwaUatBMaDG/,1325.000,bK4o9vjSbPLZyBKY,,
7,56,2026-04-04T07:21:59.525Z,1249.000,9,841.000,qqJiNVFb4eVer0Td,910.000,cvNTIGe2F4uXnnHt,986.000,r85qjlyojvOlHwKv,1007.000,2jyzeYGpJv7qv931,1146.000,hd5hRwaUatBMaDG/,1170.000,PvdwtJttMSxNTJy0,1235.000,7pz7mk3D0hXlDzD3,1274.000,zptQpMPgptmtFfM7,1535.000,bK4o9vjSbPLZyBKY,,
7,57,2026-04-04T07:22:00.774Z,1340.000,9,867.000,cvNTIGe2F4uXnnHt,892.000,PvdwtJttMSxNTJy0,962.000,r85qjlyojvOlHwKv,1009.000,7pz7mk3D0hXlDzD3,1024.000,2jyzeYGpJv7qv931,1193.000,bK4o9vjSbPLZyBKY,1313.000,hd5hRwaUatBMaDG/,2147.000,qqJiNVFb4eVer0Td,1813.000,zptQpMPgptmtFfM7,,
7,58,2026-04-04T07:22:02.114Z,1022.000,9,755.000,bK4o9vjSbPLZyBKY,830.000,PvdwtJttMSxNTJy0,848.000,qqJiNVFb4eVer0Td,863.000,2jyzeYGpJv7qv931,886.000,cvNTIGe2F4uXnnHt,971.000,r85qjlyojvOlHwKv,1010.000,7pz7mk3D0hXlDzD3,1052.000,hd5hRwaUatBMaDG/,1430.000,zptQpMPgptmtFfM7,,
7,59,2026-04-04T07:22:03.136Z,1227.000,9,805.000,r85qjlyojvOlHwKv,824.000,cvNTIGe2F4uXnnHt,999.000,hd5hRwaUatBMaDG/,1015.000,bK4o9vjSbPLZyBKY,1069.000,qqJiNVFb4eVer0Td,1152.000,7pz7mk3D0hXlDzD3,1210.000,zptQpMPgptmtFfM7,1228.000,2jyzeYGpJv7qv931,1427.000,PvdwtJttMSxNTJy0,,
7,60,2026-04-04T07:22:04.363Z,1348.000,9,950.000,cvNTIGe2F4uXnnHt,1001.000,bK4o9vjSbPLZyBKY,1158.000,zptQpMPgptmtFfM7,1203.000,7pz7mk3D0hXlDzD3,1251.000,hd5hRwaUatBMaDG/,1276.000,qqJiNVFb4eVer0Td,1330.000,r85qjlyojvOlHwKv,1350.000,PvdwtJttMSxNTJy0,1878.000,2jyzeYGpJv7qv931,,
7,61,2026-04-04T07:22:05.711Z,1041.000,9,766.000,r85qjlyojvOlHwKv,788.000,PvdwtJttMSxNTJy0,840.000,7pz7mk3D0hXlDzD3,887.000,hd5hRwaUatBMaDG/,918.000,cvNTIGe2F4uXnnHt,944.000,bK4o9vjSbPLZyBKY,1030.000,2jyzeYGpJv7qv931,2525.000,zptQpMPgptmtFfM7,1914.000,qqJiNVFb4eVer0Td,,
7,62,2026-04-04T07:22:06.752Z,1292.000,9,884.000,bK4o9vjSbPLZyBKY,902.000,cvNTIGe2F4uXnnHt,1071.000,hd5hRwaUatBMaDG/,1120.000,zptQpMPgptmtFfM7,1144.000,PvdwtJttMSxNTJy0,1224.000,7pz7mk3D0hXlDzD3,1271.000,r85qjlyojvOlHwKv,1294.000,qqJiNVFb4eVer0Td,1406.000,2jyzeYGpJv7qv931,,
7,63,2026-04-04T07:22:08.044Z,1046.000,9,857.000,7pz7mk3D0hXlDzD3,898.000,r85qjlyojvOlHwKv,926.000,cvNTIGe2F4uXnnHt,950.000,bK4o9vjSbPLZyBKY,973.000,qqJiNVFb4eVer0Td,1003.000,hd5hRwaUatBMaDG/,1022.000,2jyzeYGpJv7qv931,1047.000,PvdwtJttMSxNTJy0,2123.000,zptQpMPgptmtFfM7,,
7,64,2026-04-04T07:22:09.090Z,1233.000,9,799.000,bK4o9vjSbPLZyBKY,838.000,7pz7mk3D0hXlDzD3,860.000,cvNTIGe2F4uXnnHt,978.000,zptQpMPgptmtFfM7,1131.000,r85qjlyojvOlHwKv,1194.000,qqJiNVFb4eVer0Td,1217.000,PvdwtJttMSxNTJy0,1235.000,2jyzeYGpJv7qv931,1290.000,hd5hRwaUatBMaDG/,,
7,65,2026-04-04T07:22:10.323Z,1409.000,9,1185.000,cvNTIGe2F4uXnnHt,1209.000,2jyzeYGpJv7qv931,1278.000,7pz7mk3D0hXlDzD3,1319.000,r85qjlyojvOlHwKv,1360.000,zptQpMPgptmtFfM7,1380.000,qqJiNVFb4eVer0Td,1400.000,bK4o9vjSbPLZyBKY,1435.000,hd5hRwaUatBMaDG/,2468.000,PvdwtJttMSxNTJy0,,
7,66,2026-04-04T07:22:11.732Z,1118.000,9,902.000,r85qjlyojvOlHwKv,917.000,qqJiNVFb4eVer0Td,959.000,bK4o9vjSbPLZyBKY,974.000,PvdwtJttMSxNTJy0,1021.000,zptQpMPgptmtFfM7,1035.000,2jyzeYGpJv7qv931,1085.000,cvNTIGe2F4uXnnHt,1159.000,hd5hRwaUatBMaDG/,3111.000,7pz7mk3D0hXlDzD3,,
7,67,2026-04-04T07:22:12.850Z,1059.000,9,748.000,zptQpMPgptmtFfM7,764.000,qqJiNVFb4eVer0Td,798.000,bK4o9vjSbPLZyBKY,837.000,7pz7mk3D0hXlDzD3,974.000,r85qjlyojvOlHwKv,986.000,PvdwtJttMSxNTJy0,1041.000,cvNTIGe2F4uXnnHt,1098.000,hd5hRwaUatBMaDG/,1172.000,2jyzeYGpJv7qv931,,
7,68,2026-04-04T07:22:13.909Z,1174.000,9,951.000,bK4o9vjSbPLZyBKY,1012.000,r85qjlyojvOlHwKv,1029.000,qqJiNVFb4eVer0Td,1054.000,cvNTIGe2F4uXnnHt,1095.000,zptQpMPgptmtFfM7,1107.000,2jyzeYGpJv7qv931,1159.000,7pz7mk3D0hXlDzD3,1200.000,hd5hRwaUatBMaDG/,2318.000,PvdwtJttMSxNTJy0,,
7,69,2026-04-04T07:22:15.083Z,1090.000,9,754.000,7pz7mk3D0hXlDzD3,766.000,PvdwtJttMSxNTJy0,876.000,zptQpMPgptmtFfM7,959.000,r85qjlyojvOlHwKv,974.000,bK4o9vjSbPLZyBKY,1019.000,cvNTIGe2F4uXnnHt,1046.000,2jyzeYGpJv7qv931,1122.000,hd5hRwaUatBMaDG/,2092.000,qqJiNVFb4eVer0Td,,
7,70,2026-04-04T07:22:16.173Z,999.000,8,724.000,PvdwtJttMSxNTJy0,802.000,zptQpMPgptmtFfM7,846.000,r85qjlyojvOlHwKv,863.000,bK4o9vjSbPLZyBKY,897.000,2jyzeYGpJv7qv931,941.000,hd5hRwaUatBMaDG/,955.000,qqJiNVFb4eVer0Td,1057.000,7pz7mk3D0hXlDzD3,,,,
7,71,2026-04-04T07:22:17.172Z,867.000,9,542.000,7pz7mk3D0hXlDzD3,653.000,r85qjlyojvOlHwKv,685.000,zptQpMPgptmtFfM7,768.000,hd5hRwaUatBMaDG/,783.000,cvNTIGe2F4uXnnHt,811.000,bK4o9vjSbPLZyBKY,854.000,2jyzeYGpJv7qv931,1600.000,PvdwtJttMSxNTJy0,1520.000,qqJiNVFb4eVer0Td,,
7,72,2026-04-04T07:22:18.039Z,1197.000,9,761.000,cvNTIGe2F4uXnnHt,911.000,hd5hRwaUatBMaDG/,954.000,zptQpMPgptmtFfM7,971.000,PvdwtJttMSxNTJy0,1058.000,7pz7mk3D0hXlDzD3,1087.000,bK4o9vjSbPLZyBKY,1173.000,r85qjlyojvOlHwKv,1198.000,2jyzeYGpJv7qv931,1493.000,qqJiNVFb4eVer0Td,,
7,73,2026-04-04T07:22:19.236Z,1062.000,9,840.000,r85qjlyojvOlHwKv,860.000,cvNTIGe2F4uXnnHt,919.000,PvdwtJttMSxNTJy0,955.000,2jyzeYGpJv7qv931,967.000,bK4o9vjSbPLZyBKY,1000.000,zptQpMPgptmtFfM7,1044.000,hd5hRwaUatBMaDG/,1085.000,7pz7mk3D0hXlDzD3,1775.000,qqJiNVFb4eVer0Td,,
7,74,2026-04-04T07:22:20.298Z,976.000,9,635.000,bK4o9vjSbPLZyBKY,692.000,r85qjlyojvOlHwKv,780.000,zptQpMPgptmtFfM7,798.000,cvNTIGe2F4uXnnHt,867.000,7pz7mk3D0hXlDzD3,950.000,qqJiNVFb4eVer0Td,967.000,PvdwtJttMSxNTJy0,1008.000,hd5hRwaUatBMaDG/,1732.000,2jyzeYGpJv7qv931,,
7,75,2026-04-04T07:22:21.274Z,1062.000,9,709.000,cvNTIGe2F4uXnnHt,792.000,r85qjlyojvOlHwKv,835.000,7pz7mk3D0hXlDzD3,867.000,zptQpMPgptmtFfM7,899.000,PvdwtJttMSxNTJy0,959.000,hd5hRwaUatBMaDG/,1063.000,bK4o9vjSbPLZyBKY,1723.000,qqJiNVFb4eVer0Td,1520.000,2jyzeYGpJv7qv931,,
7,76,2026-04-04T07:22:22.336Z,1042.000,9,695.000,r85qjlyojvOlHwKv,738.000,zptQpMPgptmtFfM7,762.000,cvNTIGe2F4uXnnHt,800.000,bK4o9vjSbPLZyBKY,862.000,7pz7mk3D0hXlDzD3,964.000,PvdwtJttMSxNTJy0,1027.000,hd5hRwaUatBMaDG/,1126.000,2jyzeYGpJv7qv931,1293.000,qqJiNVFb4eVer0Td,,
7,77,2026-04-04T07:22:23.378Z,1392.000,9,732.000,cvNTIGe2F4uXnnHt,768.000,2jyzeYGpJv7qv931,829.000,7pz7mk3D0hXlDzD3,915.000,zptQpMPgptmtFfM7,1100.000,hd5hRwaUatBMaDG/,1128.000,bK4o9vjSbPLZyBKY,1361.000,qqJiNVFb4eVer0Td,1441.000,r85qjlyojvOlHwKv,1465.000,PvdwtJttMSxNTJy0,,
7,78,2026-04-04T07:22:24.770Z,1262.000,9,807.000,cvNTIGe2F4uXnnHt,879.000,hd5hRwaUatBMaDG/,896.000,PvdwtJttMSxNTJy0,933.000,2jyzeYGpJv7qv931,1119.000,zptQpMPgptmtFfM7,1171.000,7pz7mk3D0hXlDzD3,1204.000,qqJiNVFb4eVer0Td,1562.000,r85qjlyojvOlHwKv,2149.000,bK4o9vjSbPLZyBKY,,
7,79,2026-04-04T07:22:26.032Z,1386.000,9,1000.000,zptQpMPgptmtFfM7,1125.000,cvNTIGe2F4uXnnHt,1171.000,hd5hRwaUatBMaDG/,1242.000,7pz7mk3D0hXlDzD3,1262.000,2jyzeYGpJv7qv931,1318.000,r85qjlyojvOlHwKv,1375.000,PvdwtJttMSxNTJy0,1513.000,bK4o9vjSbPLZyBKY,2430.000,qqJiNVFb4eVer0Td,,
7,80,2026-04-04T07:22:27.418Z,1526.000,9,1089.000,cvNTIGe2F4uXnnHt,1165.000,hd5hRwaUatBMaDG/,1219.000,zptQpMPgptmtFfM7,1236.000,PvdwtJttMSxNTJy0,1419.000,r85qjlyojvOlHwKv,1447.000,bK4o9vjSbPLZyBKY,1510.000,7pz7mk3D0hXlDzD3,1527.000,2jyzeYGpJv7qv931,1557.000,qqJiNVFb4eVer0Td,,
7,81,2026-04-04T07:22:28.944Z,1279.000,9,794.000,zptQpMPgptmtFfM7,843.000,r85qjlyojvOlHwKv,893.000,7pz7mk3D0hXlDzD3,948.000,hd5hRwaUatBMaDG/,981.000,cvNTIGe2F4uXnnHt,1017.000,PvdwtJttMSxNTJy0,1613.000,2jyzeYGpJv7qv931,2565.000,bK4o9vjSbPLZyBKY,1854.000,qqJiNVFb4eVer0Td,,
7,82,2026-04-04T07:22:30.223Z,1407.000,9,1050.000,r85qjlyojvOlHwKv,1097.000,hd5hRwaUatBMaDG/,1118.000,2jyzeYGpJv7qv931,1217.000,zptQpMPgptmtFfM7,1244.000,cvNTIGe2F4uXnnHt,1330.000,PvdwtJttMSxNTJy0,1384.000,7pz7mk3D0hXlDzD3,1409.000,qqJiNVFb4eVer0Td,1459.000,bK4o9vjSbPLZyBKY,,
7,83,2026-04-04T07:22:31.630Z,1239.000,9,847.000,cvNTIGe2F4uXnnHt,914.000,zptQpMPgptmtFfM7,1043.000,r85qjlyojvOlHwKv,1068.000,PvdwtJttMSxNTJy0,1109.000,qqJiNVFb4eVer0Td,1128.000,2jyzeYGpJv7qv931,1203.000,hd5hRwaUatBMaDG/,2231.000,bK4o9vjSbPLZyBKY,1998.000,7pz7mk3D0hXlDzD3,,
7,84,2026-04-04T07:22:32.869Z,1521.000,9,1037.000,cvNTIGe2F4uXnnHt,1110.000,r85qjlyojvOlHwKv,1156.000,PvdwtJttMSxNTJy0,1216.000,hd5hRwaUatBMaDG/,1332.000,bK4o9vjSbPLZyBKY,1434.000,zptQpMPgptmtFfM7,1508.000,2jyzeYGpJv7qv931,1523.000,qqJiNVFb4eVer0Td,2245.000,7pz7mk3D0hXlDzD3,,
7,85,2026-04-04T07:22:34.390Z,1351.000,9,908.000,cvNTIGe2F4uXnnHt,982.000,hd5hRwaUatBMaDG/,1037.000,zptQpMPgptmtFfM7,1088.000,r85qjlyojvOlHwKv,1115.000,bK4o9vjSbPLZyBKY,1174.000,PvdwtJttMSxNTJy0,1330.000,qqJiNVFb4eVer0Td,1523.000,2jyzeYGpJv7qv931,1726.000,7pz7mk3D0hXlDzD3,,
7,86,2026-04-04T07:22:35.741Z,1376.000,9,959.000,bK4o9vjSbPLZyBKY,1005.000,r85qjlyojvOlHwKv,1032.000,cvNTIGe2F4uXnnHt,1068.000,PvdwtJttMSxNTJy0,1230.000,zptQpMPgptmtFfM7,1292.000,7pz7mk3D0hXlDzD3,1356.000,qqJiNVFb4eVer0Td,1566.000,hd5hRwaUatBMaDG/,2186.000,2jyzeYGpJv7qv931,,
7,87,2026-04-04T07:22:37.117Z,1474.000,9,841.000,cvNTIGe2F4uXnnHt,1085.000,r85qjlyojvOlHwKv,1113.000,PvdwtJttMSxNTJy0,1240.000,hd5hRwaUatBMaDG/,1297.000,zptQpMPgptmtFfM7,1398.000,bK4o9vjSbPLZyBKY,1455.000,qqJiNVFb4eVer0Td,1480.000,2jyzeYGpJv7qv931,2019.000,7pz7mk3D0hXlDzD3,,
7,88,2026-04-04T07:22:38.591Z,1305.000,9,768.000,zptQpMPgptmtFfM7,1100.000,r85qjlyojvOlHwKv,1130.000,cvNTIGe2F4uXnnHt,1187.000,hd5hRwaUatBMaDG/,1243.000,7pz7mk3D0hXlDzD3,1271.000,PvdwtJttMSxNTJy0,1295.000,bK4o9vjSbPLZyBKY,1307.000,2jyzeYGpJv7qv931,1317.000,qqJiNVFb4eVer0Td,,
7,89,2026-04-04T07:22:39.896Z,1784.000,9,860.000,r85qjlyojvOlHwKv,879.000,PvdwtJttMSxNTJy0,961.000,zptQpMPgptmtFfM7,1294.000,hd5hRwaUatBMaDG/,1328.000,cvNTIGe2F4uXnnHt,1484.000,bK4o9vjSbPLZyBKY,1743.000,qqJiNVFb4eVer0Td,2413.000,2jyzeYGpJv7qv931,2651.000,7pz7mk3D0hXlDzD3,,
7,90,2026-04-04T07:22:41.680Z,1619.000,9,896.000,cvNTIGe2F4uXnnHt,1254.000,hd5hRwaUatBMaDG/,1277.000,qqJiNVFb4eVer0Td,1425.000,r85qjlyojvOlHwKv,1519.000,zptQpMPgptmtFfM7,1544.000,PvdwtJttMSxNTJy0,1600.000,bK4o9vjSbPLZyBKY,1830.000,7pz7mk3D0hXlDzD3,2190.000,2jyzeYGpJv7qv931,,
7,91,2026-04-04T07:22:43.299Z,1560.000,9,1150.000,cvNTIGe2F4uXnnHt,1248.000,hd5hRwaUatBMaDG/,1316.000,r85qjlyojvOlHwKv,1347.000,qqJiNVFb4eVer0Td,1403.000,PvdwtJttMSxNTJy0,1427.000,bK4o9vjSbPLZyBKY,1534.000,7pz7mk3D0hXlDzD3,1605.000,zptQpMPgptmtFfM7,2429.000,2jyzeYGpJv7qv931,,
7,92,2026-04-04T07:22:44.859Z,1388.000,9,1084.000,hd5hRwaUatBMaDG/,1111.000,cvNTIGe2F4uXnnHt,1175.000,r85qjlyojvOlHwKv,1230.000,zptQpMPgptmtFfM7,1253.000,qqJiNVFb4eVer0Td,1301.000,PvdwtJttMSxNTJy0,1367.000,bK4o9vjSbPLZyBKY,1442.000,7pz7mk3D0hXlDzD3,2715.000,2jyzeYGpJv7qv931,,
7,93,2026-04-04T07:22:46.247Z,1768.000,9,1354.000,cvNTIGe2F4uXnnHt,1531.000,r85qjlyojvOlHwKv,1578.000,zptQpMPgptmtFfM7,1630.000,7pz7mk3D0hXlDzD3,1647.000,PvdwtJttMSxNTJy0,1687.000,qqJiNVFb4eVer0Td,1744.000,hd5hRwaUatBMaDG/,2091.000,bK4o9vjSbPLZyBKY,2821.000,2jyzeYGpJv7qv931,,
7,94,2026-04-04T07:22:48.015Z,1981.000,9,700.000,hd5hRwaUatBMaDG/,1175.000,cvNTIGe2F4uXnnHt,1209.000,bK4o9vjSbPLZyBKY,1243.000,PvdwtJttMSxNTJy0,1306.000,r85qjlyojvOlHwKv,1552.000,zptQpMPgptmtFfM7,1948.000,7pz7mk3D0hXlDzD3,2406.000,qqJiNVFb4eVer0Td,2849.000,2jyzeYGpJv7qv931,,
7,95,2026-04-04T07:22:49.996Z,1599.000,9,1170.000,zptQpMPgptmtFfM7,1218.000,cvNTIGe2F4uXnnHt,1304.000,hd5hRwaUatBMaDG/,1469.000,PvdwtJttMSxNTJy0,1504.000,qqJiNVFb4eVer0Td,1519.000,bK4o9vjSbPLZyBKY,1573.000,7pz7mk3D0hXlDzD3,2239.000,r85qjlyojvOlHwKv,2897.000,2jyzeYGpJv7qv931,,
7,96,2026-04-04T07:22:51.595Z,1767.000,9,1240.000,cvNTIGe2F4uXnnHt,1420.000,PvdwtJttMSxNTJy0,1441.000,bK4o9vjSbPLZyBKY,1507.000,hd5hRwaUatBMaDG/,1576.000,7pz7mk3D0hXlDzD3,1602.000,qqJiNVFb4eVer0Td,1741.000,zptQpMPgptmtFfM7,2156.000,r85qjlyojvOlHwKv,2590.000,2jyzeYGpJv7qv931,,
7,97,2026-04-04T07:22:53.362Z,2066.000,9,988.000,cvNTIGe2F4uXnnHt,1054.000,PvdwtJttMSxNTJy0,1237.000,zptQpMPgptmtFfM7,1585.000,r85qjlyojvOlHwKv,1778.000,7pz7mk3D0hXlDzD3,1958.000,hd5hRwaUatBMaDG/,2040.000,2jyzeYGpJv7qv931,2339.000,bK4o9vjSbPLZyBKY,2593.000,qqJiNVFb4eVer0Td,,
7,98,2026-04-04T07:22:55.428Z,2235.000,9,1297.000,2jyzeYGpJv7qv931,1365.000,cvNTIGe2F4uXnnHt,1441.000,r85qjlyojvOlHwKv,1518.000,zptQpMPgptmtFfM7,1592.000,7pz7mk3D0hXlDzD3,1783.000,qqJiNVFb4eVer0Td,2190.000,bK4o9vjSbPLZyBKY,2812.000,hd5hRwaUatBMaDG/,2847.000,PvdwtJttMSxNTJy0,,
7,99,2026-04-04T07:22:57.663Z,2308.000,8,1411.000,r85qjlyojvOlHwKv,1461.000,cvNTIGe2F4uXnnHt,1513.000,bK4o9vjSbPLZyBKY,1582.000,2jyzeYGpJv7qv931,1649.000,7pz7mk3D0hXlDzD3,2048.000,zptQpMPgptmtFfM7,2250.000,hd5hRwaUatBMaDG/,3465.000,PvdwtJttMSxNTJy0,,,,
7,100,2026-04-04T07:22:59.971Z,2288.000,7,1376.000,bK4o9vjSbPLZyBKY,1489.000,PvdwtJttMSxNTJy0,1663.000,cvNTIGe2F4uXnnHt,2035.000,r85qjlyojvOlHwKv,2081.000,2jyzeYGpJv7qv931,2168.000,hd5hRwaUatBMaDG/,2205.000,qqJiNVFb4eVer0Td,,,,,,
7,101,2026-04-04T07:23:02.259Z,2354.000,7,1248.000,cvNTIGe2F4uXnnHt,1396.000,bK4o9vjSbPLZyBKY,1483.000,r85qjlyojvOlHwKv,1520.000,PvdwtJttMSxNTJy0,1702.000,hd5hRwaUatBMaDG/,2143.000,2jyzeYGpJv7qv931,2321.000,qqJiNVFb4eVer0Td,,,,,,
7,102,2026-04-04T07:23:04.613Z,19279.000,8,978.000,cvNTIGe2F4uXnnHt,1254.000,r85qjlyojvOlHwKv,1583.000,hd5hRwaUatBMaDG/,11266.000,qqJiNVFb4eVer0Td,12769.000,2jyzeYGpJv7qv931,18133.000,PvdwtJttMSxNTJy0,19235.000,bK4o9vjSbPLZyBKY,35937.000,rAgGKl6ICbDXHmxg,,,,
7,103,2026-04-04T07:23:23.892Z,,0,,,,,,,,,,,,,,,,,,,,
8,1,2026-04-04T07:21:24.028Z,2255.000,7,282.000,hd5hRwaUatBMaDG/,1215.000,7pz7mk3D0hXlDzD3,1947.000,cvNTIGe2F4uXnnHt,2047.000,2jyzeYGpJv7qv931,6243.000,PvdwtJttMSxNTJy0,4787.000,bK4o9vjSbPLZyBKY,2675.000,zptQpMPgptmtFfM7,,,,,,
8,2,2026-04-04T07:21:26.283Z,513.000,7,102.000,7pz7mk3D0hXlDzD3,104.000,2jyzeYGpJv7qv931,105.000,hd5hRwaUatBMaDG/,305.000,cvNTIGe2F4uXnnHt,3989.000,PvdwtJttMSxNTJy0,2534.000,bK4o9vjSbPLZyBKY,522.000,zptQpMPgptmtFfM7,,,,,,
8,3,2026-04-04T07:21:26.796Z,516.000,8,203.000,2jyzeYGpJv7qv931,204.000,hd5hRwaUatBMaDG/,205.000,7pz7mk3D0hXlDzD3,257.000,zptQpMPgptmtFfM7,310.000,cvNTIGe2F4uXnnHt,2023.000,bK4o9vjSbPLZyBKY,3478.000,PvdwtJttMSxNTJy0,649.000,r85qjlyojvOlHwKv,,,,
8,4,2026-04-04T07:21:27.312Z,408.000,9,203.000,zptQpMPgptmtFfM7,204.000,2jyzeYGpJv7qv931,205.000,7pz7mk3D0hXlDzD3,207.000,hd5hRwaUatBMaDG/,308.000,qqJiNVFb4eVer0Td,312.000,cvNTIGe2F4uXnnHt,408.000,r85qjlyojvOlHwKv,1508.000,bK4o9vjSbPLZyBKY,2964.000,PvdwtJttMSxNTJy0,,
8,5,2026-04-04T07:21:27.720Z,415.000,9,414.000,2jyzeYGpJv7qv931,414.000,qqJiNVFb4eVer0Td,414.000,cvNTIGe2F4uXnnHt,313.000,r85qjlyojvOlHwKv,414.000,hd5hRwaUatBMaDG/,415.000,zptQpMPgptmtFfM7,415.000,7pz7mk3D0hXlDzD3,1102.000,bK4o9vjSbPLZyBKY,2558.000,PvdwtJttMSxNTJy0,,
8,6,2026-04-04T07:21:28.135Z,413.000,9,305.000,7pz7mk3D0hXlDzD3,307.000,hd5hRwaUatBMaDG/,308.000,qqJiNVFb4eVer0Td,310.000,cvNTIGe2F4uXnnHt,409.000,r85qjlyojvOlHwKv,412.000,zptQpMPgptmtFfM7,413.000,2jyzeYGpJv7qv931,2144.000,PvdwtJttMSxNTJy0,781.000,bK4o9vjSbPLZyBKY,,
8,7,2026-04-04T07:21:28.548Z,413.000,10,307.000,r85qjlyojvOlHwKv,309.000,hd5hRwaUatBMaDG/,377.000,cvNTIGe2F4uXnnHt,409.000,7pz7mk3D0hXlDzD3,410.000,qqJiNVFb4eVer0Td,412.000,zptQpMPgptmtFfM7,413.000,2jyzeYGpJv7qv931,472.000,bK4o9vjSbPLZyBKY,1733.000,PvdwtJttMSxNTJy0,963.000,rAgGKl6ICbDXHmxg
8,8,2026-04-04T07:21:28.961Z,507.000,9,404.000,cvNTIGe2F4uXnnHt,405.000,hd5hRwaUatBMaDG/,406.000,r85qjlyojvOlHwKv,408.000,bK4o9vjSbPLZyBKY,504.000,qqJiNVFb4eVer0Td,506.000,2jyzeYGpJv7qv931,507.000,7pz7mk3D0hXlDzD3,510.000,zptQpMPgptmtFfM7,1412.000,PvdwtJttMSxNTJy0,,
8,9,2026-04-04T07:21:29.468Z,420.000,10,309.000,r85qjlyojvOlHwKv,418.000,qqJiNVFb4eVer0Td,420.000,zptQpMPgptmtFfM7,420.000,bK4o9vjSbPLZyBKY,415.000,2jyzeYGpJv7qv931,416.000,7pz7mk3D0hXlDzD3,418.000,cvNTIGe2F4uXnnHt,420.000,hd5hRwaUatBMaDG/,907.000,PvdwtJttMSxNTJy0,1007.000,rAgGKl6ICbDXHmxg
8,10,2026-04-04T07:21:29.888Z,411.000,9,301.000,2jyzeYGpJv7qv931,305.000,hd5hRwaUatBMaDG/,307.000,cvNTIGe2F4uXnnHt,308.000,r85qjlyojvOlHwKv,409.000,bK4o9vjSbPLZyBKY,410.000,7pz7mk3D0hXlDzD3,411.000,zptQpMPgptmtFfM7,413.000,qqJiNVFb4eVer0Td,489.000,PvdwtJttMSxNTJy0,,
8,11,2026-04-04T07:21:30.299Z,507.000,9,401.000,hd5hRwaUatBMaDG/,402.000,r85qjlyojvOlHwKv,404.000,cvNTIGe2F4uXnnHt,503.000,bK4o9vjSbPLZyBKY,504.000,PvdwtJttMSxNTJy0,505.000,qqJiNVFb4eVer0Td,507.000,2jyzeYGpJv7qv931,508.000,zptQpMPgptmtFfM7,509.000,7pz7mk3D0hXlDzD3,,
8,12,2026-04-04T07:21:30.806Z,412.000,10,304.000,bK4o9vjSbPLZyBKY,307.000,qqJiNVFb4eVer0Td,308.000,cvNTIGe2F4uXnnHt,309.000,PvdwtJttMSxNTJy0,311.000,hd5hRwaUatBMaDG/,408.000,r85qjlyojvOlHwKv,412.000,7pz7mk3D0hXlDzD3,414.000,2jyzeYGpJv7qv931,415.000,zptQpMPgptmtFfM7,745.000,rAgGKl6ICbDXHmxg
8,13,2026-04-04T07:21:31.218Z,511.000,10,405.000,r85qjlyojvOlHwKv,406.000,cvNTIGe2F4uXnnHt,408.000,hd5hRwaUatBMaDG/,506.000,qqJiNVFb4eVer0Td,507.000,PvdwtJttMSxNTJy0,509.000,zptQpMPgptmtFfM7,511.000,7pz7mk3D0hXlDzD3,512.000,bK4o9vjSbPLZyBKY,513.000,2jyzeYGpJv7qv931,917.000,rAgGKl6ICbDXHmxg
8,14,2026-04-04T07:21:31.729Z,413.000,9,305.000,qqJiNVFb4eVer0Td,306.000,bK4o9vjSbPLZyBKY,309.000,r85qjlyojvOlHwKv,334.000,hd5hRwaUatBMaDG/,336.000,cvNTIGe2F4uXnnHt,411.000,7pz7mk3D0hXlDzD3,413.000,2jyzeYGpJv7qv931,414.000,zptQpMPgptmtFfM7,415.000,PvdwtJttMSxNTJy0,,
8,15,2026-04-04T07:21:32.142Z,508.000,10,403.000,r85qjlyojvOlHwKv,404.000,hd5hRwaUatBMaDG/,406.000,cvNTIGe2F4uXnnHt,503.000,qqJiNVFb4eVer0Td,505.000,bK4o9vjSbPLZyBKY,506.000,7pz7mk3D0hXlDzD3,507.000,zptQpMPgptmtFfM7,509.000,2jyzeYGpJv7qv931,510.000,PvdwtJttMSxNTJy0,737.000,rAgGKl6ICbDXHmxg
8,16,2026-04-04T07:21:32.650Z,413.000,10,307.000,r85qjlyojvOlHwKv,309.000,cvNTIGe2F4uXnnHt,310.000,hd5hRwaUatBMaDG/,408.000,7pz7mk3D0hXlDzD3,410.000,PvdwtJttMSxNTJy0,411.000,bK4o9vjSbPLZyBKY,412.000,zptQpMPgptmtFfM7,414.000,2jyzeYGpJv7qv931,415.000,qqJiNVFb4eVer0Td,707.000,rAgGKl6ICbDXHmxg
8,17,2026-04-04T07:21:33.063Z,510.000,9,403.000,r85qjlyojvOlHwKv,404.000,hd5hRwaUatBMaDG/,406.000,cvNTIGe2F4uXnnHt,506.000,2jyzeYGpJv7qv931,507.000,PvdwtJttMSxNTJy0,508.000,bK4o9vjSbPLZyBKY,509.000,zptQpMPgptmtFfM7,511.000,qqJiNVFb4eVer0Td,512.000,7pz7mk3D0hXlDzD3,,
8,18,2026-04-04T07:21:33.573Z,412.000,10,305.000,r85qjlyojvOlHwKv,307.000,cvNTIGe2F4uXnnHt,310.000,hd5hRwaUatBMaDG/,407.000,zptQpMPgptmtFfM7,409.000,bK4o9vjSbPLZyBKY,411.000,7pz7mk3D0hXlDzD3,412.000,qqJiNVFb4eVer0Td,413.000,PvdwtJttMSxNTJy0,414.000,2jyzeYGpJv7qv931,709.000,rAgGKl6ICbDXHmxg
8,19,2026-04-04T07:21:33.985Z,509.000,10,402.000,r85qjlyojvOlHwKv,406.000,hd5hRwaUatBMaDG/,408.000,cvNTIGe2F4uXnnHt,505.000,2jyzeYGpJv7qv931,507.000,PvdwtJttMSxNTJy0,508.000,qqJiNVFb4eVer0Td,509.000,bK4o9vjSbPLZyBKY,511.000,7pz7mk3D0hXlDzD3,512.000,zptQpMPgptmtFfM7,782.000,rAgGKl6ICbDXHmxg
8,20,2026-04-04T07:21:34.494Z,414.000,9,306.000,7pz7mk3D0hXlDzD3,308.000,r85qjlyojvOlHwKv,309.000,hd5hRwaUatBMaDG/,410.000,bK4o9vjSbPLZyBKY,412.000,2jyzeYGpJv7qv931,413.000,PvdwtJttMSxNTJy0,414.000,zptQpMPgptmtFfM7,416.000,qqJiNVFb4eVer0Td,417.000,cvNTIGe2F4uXnnHt,,
8,21,2026-04-04T07:21:34.908Z,509.000,10,403.000,r85qjlyojvOlHwKv,404.000,hd5hRwaUatBMaDG/,406.000,cvNTIGe2F4uXnnHt,505.000,zptQpMPgptmtFfM7,506.000,PvdwtJttMSxNTJy0,507.000,bK4o9vjSbPLZyBKY,509.000,qqJiNVFb4eVer0Td,510.000,7pz7mk3D0hXlDzD3,511.000,2jyzeYGpJv7qv931,794.000,rAgGKl6ICbDXHmxg
8,22,2026-04-04T07:21:35.417Z,413.000,10,305.000,qqJiNVFb4eVer0Td,308.000,hd5hRwaUatBMaDG/,310.000,cvNTIGe2F4uXnnHt,310.000,r85qjlyojvOlHwKv,411.000,bK4o9vjSbPLZyBKY,412.000,2jyzeYGpJv7qv931,413.000,7pz7mk3D0hXlDzD3,414.000,zptQpMPgptmtFfM7,416.000,PvdwtJttMSxNTJy0,752.000,rAgGKl6ICbDXHmxg
8,23,2026-04-04T07:21:35.830Z,509.000,9,404.000,cvNTIGe2F4uXnnHt,405.000,r85qjlyojvOlHwKv,406.000,hd5hRwaUatBMaDG/,504.000,bK4o9vjSbPLZyBKY,505.000,qqJiNVFb4eVer0Td,506.000,2jyzeYGpJv7qv931,509.000,zptQpMPgptmtFfM7,510.000,PvdwtJttMSxNTJy0,512.000,7pz7mk3D0hXlDzD3,,
8,24,2026-04-04T07:21:36.339Z,413.000,10,308.000,2jyzeYGpJv7qv931,309.000,r85qjlyojvOlHwKv,310.000,cvNTIGe2F4uXnnHt,312.000,hd5hRwaUatBMaDG/,411.000,bK4o9vjSbPLZyBKY,412.000,zptQpMPgptmtFfM7,413.000,PvdwtJttMSxNTJy0,414.000,7pz7mk3D0hXlDzD3,416.000,qqJiNVFb4eVer0Td,746.000,rAgGKl6ICbDXHmxg
8,25,2026-04-04T07:21:36.752Z,508.000,10,403.000,r85qjlyojvOlHwKv,405.000,cvNTIGe2F4uXnnHt,407.000,2jyzeYGpJv7qv931,408.000,hd5hRwaUatBMaDG/,505.000,bK4o9vjSbPLZyBKY,507.000,7pz7mk3D0hXlDzD3,508.000,PvdwtJttMSxNTJy0,509.000,zptQpMPgptmtFfM7,511.000,qqJiNVFb4eVer0Td,861.000,rAgGKl6ICbDXHmxg
8,26,2026-04-04T07:21:37.260Z,413.000,9,307.000,7pz7mk3D0hXlDzD3,308.000,cvNTIGe2F4uXnnHt,309.000,r85qjlyojvOlHwKv,311.000,hd5hRwaUatBMaDG/,410.000,2jyzeYGpJv7qv931,411.000,bK4o9vjSbPLZyBKY,413.000,PvdwtJttMSxNTJy0,414.000,qqJiNVFb4eVer0Td,415.000,zptQpMPgptmtFfM7,,
8,27,2026-04-04T07:21:37.673Z,507.000,10,402.000,r85qjlyojvOlHwKv,404.000,hd5hRwaUatBMaDG/,406.000,cvNTIGe2F4uXnnHt,502.000,bK4o9vjSbPLZyBKY,504.000,qqJiNVFb4eVer0Td,505.000,zptQpMPgptmtFfM7,507.000,PvdwtJttMSxNTJy0,508.000,2jyzeYGpJv7qv931,509.000,7pz7mk3D0hXlDzD3,766.000,rAgGKl6ICbDXHmxg
8,28,2026-04-04T07:21:38.180Z,415.000,9,310.000,hd5hRwaUatBMaDG/,311.000,r85qjlyojvOlHwKv,313.000,cvNTIGe2F4uXnnHt,411.000,qqJiNVFb4eVer0Td,412.000,2jyzeYGpJv7qv931,414.000,7pz7mk3D0hXlDzD3,415.000,PvdwtJttMSxNTJy0,417.000,bK4o9vjSbPLZyBKY,418.000,zptQpMPgptmtFfM7,,
8,29,2026-04-04T07:21:38.595Z,507.000,10,402.000,r85qjlyojvOlHwKv,404.000,cvNTIGe2F4uXnnHt,405.000,hd5hRwaUatBMaDG/,503.000,bK4o9vjSbPLZyBKY,505.000,7pz7mk3D0hXlDzD3,506.000,PvdwtJttMSxNTJy0,507.000,2jyzeYGpJv7qv931,508.000,qqJiNVFb4eVer0Td,510.000,zptQpMPgptmtFfM7,753.000,rAgGKl6ICbDXHmxg
8,30,2026-04-04T07:21:39.102Z,415.000,9,310.000,r85qjlyojvOlHwKv,312.000,cvNTIGe2F4uXnnHt,313.000,hd5hRwaUatBMaDG/,410.000,2jyzeYGpJv7qv931,412.000,bK4o9vjSbPLZyBKY,413.000,PvdwtJttMSxNTJy0,415.000,qqJiNVFb4eVer0Td,416.000,zptQpMPgptmtFfM7,418.000,7pz7mk3D0hXlDzD3,,
8,31,2026-04-04T07:21:39.517Z,505.000,10,400.000,r85qjlyojvOlHwKv,401.000,hd5hRwaUatBMaDG/,403.000,cvNTIGe2F4uXnnHt,501.000,zptQpMPgptmtFfM7,502.000,2jyzeYGpJv7qv931,504.000,qqJiNVFb4eVer0Td,505.000,PvdwtJttMSxNTJy0,506.000,bK4o9vjSbPLZyBKY,508.000,7pz7mk3D0hXlDzD3,753.000,rAgGKl6ICbDXHmxg
8,32,2026-04-04T07:21:40.022Z,417.000,10,312.000,r85qjlyojvOlHwKv,314.000,hd5hRwaUatBMaDG/,315.000,cvNTIGe2F4uXnnHt,412.000,qqJiNVFb4eVer0Td,414.000,zptQpMPgptmtFfM7,416.000,bK4o9vjSbPLZyBKY,417.000,7pz7mk3D0hXlDzD3,419.000,PvdwtJttMSxNTJy0,420.000,2jyzeYGpJv7qv931,768.000,rAgGKl6ICbDXHmxg
8,33,2026-04-04T07:21:40.439Z,506.000,10,400.000,r85qjlyojvOlHwKv,402.000,cvNTIGe2F4uXnnHt,403.000,hd5hRwaUatBMaDG/,501.000,2jyzeYGpJv7qv931,503.000,bK4o9vjSbPLZyBKY,504.000,7pz7mk3D0hXlDzD3,506.000,PvdwtJttMSxNTJy0,508.000,zptQpMPgptmtFfM7,509.000,qqJiNVFb4eVer0Td,855.000,rAgGKl6ICbDXHmxg
8,34,2026-04-04T07:21:40.945Z,429.000,7,203.000,2jyzeYGpJv7qv931,207.000,bK4o9vjSbPLZyBKY,218.000,qqJiNVFb4eVer0Td,277.000,PvdwtJttMSxNTJy0,321.000,hd5hRwaUatBMaDG/,408.000,7pz7mk3D0hXlDzD3,427.000,r85qjlyojvOlHwKv,,,,,,
8,35,2026-04-04T07:21:41.374Z,629.000,9,346.000,PvdwtJttMSxNTJy0,349.000,qqJiNVFb4eVer0Td,434.000,cvNTIGe2F4uXnnHt,438.000,bK4o9vjSbPLZyBKY,496.000,2jyzeYGpJv7qv931,545.000,zptQpMPgptmtFfM7,611.000,r85qjlyojvOlHwKv,986.000,7pz7mk3D0hXlDzD3,1195.000,rAgGKl6ICbDXHmxg,,
8,36,2026-04-04T07:21:42.003Z,778.000,9,438.000,r85qjlyojvOlHwKv,527.000,bK4o9vjSbPLZyBKY,537.000,PvdwtJttMSxNTJy0,577.000,qqJiNVFb4eVer0Td,584.000,2jyzeYGpJv7qv931,730.000,hd5hRwaUatBMaDG/,772.000,zptQpMPgptmtFfM7,805.000,cvNTIGe2F4uXnnHt,941.000,7pz7mk3D0hXlDzD3,,
8,37,2026-04-04T07:21:42.781Z,797.000,9,568.000,zptQpMPgptmtFfM7,588.000,r85qjlyojvOlHwKv,612.000,PvdwtJttMSxNTJy0,667.000,hd5hRwaUatBMaDG/,734.000,cvNTIGe2F4uXnnHt,746.000,qqJiNVFb4eVer0Td,780.000,2jyzeYGpJv7qv931,833.000,7pz7mk3D0hXlDzD3,1031.000,bK4o9vjSbPLZyBKY,,
8,38,2026-04-04T07:21:43.578Z,834.000,9,617.000,hd5hRwaUatBMaDG/,653.000,7pz7mk3D0hXlDzD3,666.000,PvdwtJttMSxNTJy0,706.000,r85qjlyojvOlHwKv,738.000,zptQpMPgptmtFfM7,748.000,2jyzeYGpJv7qv931,816.000,cvNTIGe2F4uXnnHt,836.000,bK4o9vjSbPLZyBKY,931.000,qqJiNVFb4eVer0Td,,
8,39,2026-04-04T07:21:44.412Z,718.000,9,559.000,hd5hRwaUatBMaDG/,574.000,r85qjlyojvOlHwKv,636.000,zptQpMPgptmtFfM7,663.000,cvNTIGe2F4uXnnHt,672.000,PvdwtJttMSxNTJy0,701.000,bK4o9vjSbPLZyBKY,711.000,2jyzeYGpJv7qv931,720.000,qqJiNVFb4eVer0Td,751.000,7pz7mk3D0hXlDzD3,,
8,40,2026-04-04T07:21:45.130Z,1337.000,9,1114.000,7pz7mk3D0hXlDzD3,1142.000,hd5hRwaUatBMaDG/,1156.000,PvdwtJttMSxNTJy0,1220.000,cvNTIGe2F4uXnnHt,1260.000,zptQpMPgptmtFfM7,1279.000,r85qjlyojvOlHwKv,1307.000,2jyzeYGpJv7qv931,1338.000,qqJiNVFb4eVer0Td,1642.000,bK4o9vjSbPLZyBKY,,
8,41,2026-04-04T07:21:46.467Z,718.000,8,523.000,7pz7mk3D0hXlDzD3,601.000,zptQpMPgptmtFfM7,630.000,hd5hRwaUatBMaDG/,642.000,qqJiNVFb4eVer0Td,667.000,PvdwtJttMSxNTJy0,677.000,2jyzeYGpJv7qv931,708.000,cvNTIGe2F4uXnnHt,1674.000,bK4o9vjSbPLZyBKY,,,,
8,42,2026-04-04T07:21:47.185Z,790.000,9,440.000,PvdwtJttMSxNTJy0,535.000,2jyzeYGpJv7qv931,636.000,zptQpMPgptmtFfM7,666.000,hd5hRwaUatBMaDG/,703.000,7pz7mk3D0hXlDzD3,745.000,cvNTIGe2F4uXnnHt,772.000,qqJiNVFb4eVer0Td,794.000,r85qjlyojvOlHwKv,1380.000,bK4o9vjSbPLZyBKY,,
8,43,2026-04-04T07:21:47.975Z,830.000,9,677.000,zptQpMPgptmtFfM7,687.000,2jyzeYGpJv7qv931,701.000,PvdwtJttMSxNTJy0,728.000,7pz7mk3D0hXlDzD3,758.000,hd5hRwaUatBMaDG/,769.000,bK4o9vjSbPLZyBKY,817.000,cvNTIGe2F4uXnnHt,894.000,r85qjlyojvOlHwKv,1256.000,qqJiNVFb4eVer0Td,,
8,44,2026-04-04T07:21:48.805Z,870.000,9,691.000,7pz7mk3D0hXlDzD3,703.000,PvdwtJttMSxNTJy0,738.000,2jyzeYGpJv7qv931,773.000,hd5hRwaUatBMaDG/,801.000,cvNTIGe2F4uXnnHt,822.000,qqJiNVFb4eVer0Td,856.000,r85qjlyojvOlHwKv,952.000,zptQpMPgptmtFfM7,1454.000,bK4o9vjSbPLZyBKY,,
8,45,2026-04-04T07:21:49.675Z,918.000,9,705.000,7pz7mk3D0hXlDzD3,724.000,bK4o9vjSbPLZyBKY,787.000,zptQpMPgptmtFfM7,801.000,qqJiNVFb4eVer0Td,841.000,r85qjlyojvOlHwKv,883.000,cvNTIGe2F4uXnnHt,893.000,2jyzeYGpJv7qv931,952.000,hd5hRwaUatBMaDG/,1900.000,PvdwtJttMSxNTJy0,,
8,46,2026-04-04T07:21:50.593Z,859.000,9,691.000,zptQpMPgptmtFfM7,700.000,bK4o9vjSbPLZyBKY,731.000,2jyzeYGpJv7qv931,741.000,r85qjlyojvOlHwKv,771.000,hd5hRwaUatBMaDG/,785.000,PvdwtJttMSxNTJy0,847.000,7pz7mk3D0hXlDzD3,861.000,qqJiNVFb4eVer0Td,959.000,cvNTIGe2F4uXnnHt,,
8,47,2026-04-04T07:21:51.452Z,835.000,9,596.000,qqJiNVFb4eVer0Td,654.000,PvdwtJttMSxNTJy0,696.000,zptQpMPgptmtFfM7,728.000,7pz7mk3D0hXlDzD3,752.000,bK4o9vjSbPLZyBKY,784.000,r85qjlyojvOlHwKv,825.000,hd5hRwaUatBMaDG/,836.000,2jyzeYGpJv7qv931,883.000,cvNTIGe2F4uXnnHt,,
8,48,2026-04-04T07:21:52.287Z,670.000,9,505.000,qqJiNVFb4eVer0Td,533.000,bK4o9vjSbPLZyBKY,570.000,hd5hRwaUatBMaDG/,581.000,2jyzeYGpJv7qv931,604.000,r85qjlyojvOlHwKv,619.000,PvdwtJttMSxNTJy0,657.000,cvNTIGe2F4uXnnHt,699.000,zptQpMPgptmtFfM7,1915.000,7pz7mk3D0hXlDzD3,,
8,49,2026-04-04T07:21:52.957Z,744.000,9,576.000,2jyzeYGpJv7qv931,585.000,r85qjlyojvOlHwKv,621.000,7pz7mk3D0hXlDzD3,648.000,hd5hRwaUatBMaDG/,676.000,cvNTIGe2F4uXnnHt,710.000,zptQpMPgptmtFfM7,721.000,PvdwtJttMSxNTJy0,746.000,qqJiNVFb4eVer0Td,754.000,bK4o9vjSbPLZyBKY,,
8,50,2026-04-04T07:21:53.701Z,821.000,9,457.000,r85qjlyojvOlHwKv,536.000,zptQpMPgptmtFfM7,564.000,7pz7mk3D0hXlDzD3,577.000,qqJiNVFb4eVer0Td,596.000,2jyzeYGpJv7qv931,664.000,hd5hRwaUatBMaDG/,808.000,PvdwtJttMSxNTJy0,1133.000,cvNTIGe2F4uXnnHt,1346.000,bK4o9vjSbPLZyBKY,,
8,51,2026-04-04T07:21:54.522Z,892.000,9,623.000,r85qjlyojvOlHwKv,658.000,7pz7mk3D0hXlDzD3,706.000,2jyzeYGpJv7qv931,725.000,qqJiNVFb4eVer0Td,823.000,cvNTIGe2F4uXnnHt,863.000,hd5hRwaUatBMaDG/,874.000,PvdwtJttMSxNTJy0,914.000,zptQpMPgptmtFfM7,1486.000,bK4o9vjSbPLZyBKY,,
8,52,2026-04-04T07:21:55.414Z,894.000,9,576.000,r85qjlyojvOlHwKv,688.000,zptQpMPgptmtFfM7,718.000,cvNTIGe2F4uXnnHt,746.000,hd5hRwaUatBMaDG/,757.000,PvdwtJttMSxNTJy0,780.000,2jyzeYGpJv7qv931,881.000,7pz7mk3D0hXlDzD3,1370.000,qqJiNVFb4eVer0Td,1590.000,bK4o9vjSbPLZyBKY,,
8,53,2026-04-04T07:21:56.308Z,979.000,9,497.000,2jyzeYGpJv7qv931,555.000,r85qjlyojvOlHwKv,596.000,7pz7mk3D0hXlDzD3,630.000,zptQpMPgptmtFfM7,680.000,cvNTIGe2F4uXnnHt,919.000,hd5hRwaUatBMaDG/,931.000,PvdwtJttMSxNTJy0,1116.000,qqJiNVFb4eVer0Td,1514.000,bK4o9vjSbPLZyBKY,,
8,54,2026-04-04T07:21:57.287Z,1079.000,9,634.000,hd5hRwaUatBMaDG/,776.000,PvdwtJttMSxNTJy0,854.000,7pz7mk3D0hXlDzD3,877.000,r85qjlyojvOlHwKv,937.000,cvNTIGe2F4uXnnHt,1010.000,zptQpMPgptmtFfM7,1067.000,qqJiNVFb4eVer0Td,1082.000,2jyzeYGpJv7qv931,1599.000,bK4o9vjSbPLZyBKY,,
8,55,2026-04-04T07:21:58.366Z,1147.000,9,727.000,r85qjlyojvOlHwKv,750.000,PvdwtJttMSxNTJy0,799.000,7pz7mk3D0hXlDzD3,910.000,qqJiNVFb4eVer0Td,988.000,cvNTIGe2F4uXnnHt,1013.000,2jyzeYGpJv7qv931,1120.000,zptQpMPgptmtFfM7,1209.000,hd5hRwaUatBMaDG/,1469.000,bK4o9vjSbPLZyBKY,,
8,56,2026-04-04T07:21:59.513Z,1252.000,9,887.000,r85qjlyojvOlHwKv,940.000,qqJiNVFb4eVer0Td,1006.000,cvNTIGe2F4uXnnHt,1021.000,2jyzeYGpJv7qv931,1143.000,hd5hRwaUatBMaDG/,1163.000,PvdwtJttMSxNTJy0,1237.000,zptQpMPgptmtFfM7,1277.000,7pz7mk3D0hXlDzD3,1540.000,bK4o9vjSbPLZyBKY,,
8,57,2026-04-04T07:22:00.765Z,1242.000,9,797.000,r85qjlyojvOlHwKv,896.000,PvdwtJttMSxNTJy0,934.000,cvNTIGe2F4uXnnHt,978.000,7pz7mk3D0hXlDzD3,1053.000,2jyzeYGpJv7qv931,1195.000,qqJiNVFb4eVer0Td,1227.000,bK4o9vjSbPLZyBKY,1335.000,hd5hRwaUatBMaDG/,1731.000,zptQpMPgptmtFfM7,,
8,58,2026-04-04T07:22:02.007Z,1125.000,9,879.000,bK4o9vjSbPLZyBKY,897.000,PvdwtJttMSxNTJy0,911.000,r85qjlyojvOlHwKv,947.000,2jyzeYGpJv7qv931,974.000,qqJiNVFb4eVer0Td,1054.000,7pz7mk3D0hXlDzD3,1103.000,hd5hRwaUatBMaDG/,1153.000,cvNTIGe2F4uXnnHt,1499.000,zptQpMPgptmtFfM7,,
8,59,2026-04-04T07:22:03.132Z,1298.000,9,714.000,r85qjlyojvOlHwKv,903.000,cvNTIGe2F4uXnnHt,918.000,bK4o9vjSbPLZyBKY,1013.000,hd5hRwaUatBMaDG/,1051.000,qqJiNVFb4eVer0Td,1219.000,zptQpMPgptmtFfM7,1234.000,2jyzeYGpJv7qv931,1336.000,7pz7mk3D0hXlDzD3,1517.000,PvdwtJttMSxNTJy0,,
8,60,2026-04-04T07:22:04.430Z,1143.000,9,841.000,bK4o9vjSbPLZyBKY,895.000,qqJiNVFb4eVer0Td,912.000,r85qjlyojvOlHwKv,985.000,zptQpMPgptmtFfM7,1034.000,7pz7mk3D0hXlDzD3,1075.000,hd5hRwaUatBMaDG/,1121.000,cvNTIGe2F4uXnnHt,1144.000,PvdwtJttMSxNTJy0,1662.000,2jyzeYGpJv7qv931,,
8,61,2026-04-04T07:22:05.573Z,1175.000,9,753.000,PvdwtJttMSxNTJy0,769.000,r85qjlyojvOlHwKv,913.000,7pz7mk3D0hXlDzD3,932.000,bK4o9vjSbPLZyBKY,990.000,hd5hRwaUatBMaDG/,1112.000,cvNTIGe2F4uXnnHt,1168.000,2jyzeYGpJv7qv931,2551.000,zptQpMPgptmtFfM7,2084.000,qqJiNVFb4eVer0Td,,
8,62,2026-04-04T07:22:06.748Z,1191.000,9,927.000,r85qjlyojvOlHwKv,958.000,PvdwtJttMSxNTJy0,990.000,bK4o9vjSbPLZyBKY,1033.000,hd5hRwaUatBMaDG/,1086.000,zptQpMPgptmtFfM7,1131.000,cvNTIGe2F4uXnnHt,1176.000,7pz7mk3D0hXlDzD3,1193.000,2jyzeYGpJv7qv931,1401.000,qqJiNVFb4eVer0Td,,
8,63,2026-04-04T07:22:07.939Z,1178.000,9,820.000,r85qjlyojvOlHwKv,870.000,7pz7mk3D0hXlDzD3,883.000,qqJiNVFb4eVer0Td,907.000,bK4o9vjSbPLZyBKY,1068.000,hd5hRwaUatBMaDG/,1088.000,2jyzeYGpJv7qv931,1159.000,cvNTIGe2F4uXnnHt,1180.000,PvdwtJttMSxNTJy0,2344.000,zptQpMPgptmtFfM7,,
8,64,2026-04-04T07:22:09.117Z,1228.000,9,949.000,bK4o9vjSbPLZyBKY,986.000,r85qjlyojvOlHwKv,1038.000,7pz7mk3D0hXlDzD3,1078.000,cvNTIGe2F4uXnnHt,1123.000,zptQpMPgptmtFfM7,1185.000,qqJiNVFb4eVer0Td,1216.000,2jyzeYGpJv7qv931,1231.000,PvdwtJttMSxNTJy0,1274.000,hd5hRwaUatBMaDG/,,
8,65,2026-04-04T07:22:10.345Z,1142.000,9,842.000,r85qjlyojvOlHwKv,937.000,7pz7mk3D0hXlDzD3,955.000,2jyzeYGpJv7qv931,1014.000,zptQpMPgptmtFfM7,1031.000,qqJiNVFb4eVer0Td,1076.000,bK4o9vjSbPLZyBKY,1118.000,hd5hRwaUatBMaDG/,1326.000,cvNTIGe2F4uXnnHt,1795.000,PvdwtJttMSxNTJy0,,
8,66,2026-04-04T07:22:11.487Z,1028.000,9,737.000,r85qjlyojvOlHwKv,841.000,qqJiNVFb4eVer0Td,867.000,bK4o9vjSbPLZyBKY,884.000,PvdwtJttMSxNTJy0,936.000,zptQpMPgptmtFfM7,954.000,2jyzeYGpJv7qv931,1010.000,hd5hRwaUatBMaDG/,2297.000,7pz7mk3D0hXlDzD3,1677.000,cvNTIGe2F4uXnnHt,,
8,67,2026-04-04T07:22:12.515Z,1051.000,9,874.000,zptQpMPgptmtFfM7,890.000,r85qjlyojvOlHwKv,911.000,qqJiNVFb4eVer0Td,935.000,bK4o9vjSbPLZyBKY,970.000,7pz7mk3D0hXlDzD3,985.000,PvdwtJttMSxNTJy0,1039.000,hd5hRwaUatBMaDG/,1134.000,2jyzeYGpJv7qv931,1461.000,cvNTIGe2F4uXnnHt,,
8,68,2026-04-04T07:22:13.566Z,1180.000,9,751.000,r85qjlyojvOlHwKv,768.000,bK4o9vjSbPLZyBKY,788.000,qqJiNVFb4eVer0Td,952.000,2jyzeYGpJv7qv931,993.000,7pz7mk3D0hXlDzD3,1124.000,hd5hRwaUatBMaDG/,1169.000,zptQpMPgptmtFfM7,1925.000,PvdwtJttMSxNTJy0,1671.000,cvNTIGe2F4uXnnHt,,
8,69,2026-04-04T07:22:14.746Z,979.000,9,672.000,r85qjlyojvOlHwKv,690.000,PvdwtJttMSxNTJy0,731.000,7pz7mk3D0hXlDzD3,832.000,zptQpMPgptmtFfM7,846.000,bK4o9vjSbPLZyBKY,865.000,2jyzeYGpJv7qv931,964.000,hd5hRwaUatBMaDG/,995.000,qqJiNVFb4eVer0Td,1475.000,cvNTIGe2F4uXnnHt,,
8,70,2026-04-04T07:22:15.725Z,1036.000,8,657.000,PvdwtJttMSxNTJy0,785.000,r85qjlyojvOlHwKv,830.000,zptQpMPgptmtFfM7,914.000,bK4o9vjSbPLZyBKY,997.000,7pz7mk3D0hXlDzD3,1012.000,qqJiNVFb4eVer0Td,1029.000,2jyzeYGpJv7qv931,1069.000,hd5hRwaUatBMaDG/,,,,
8,71,2026-04-04T07:22:16.761Z,1287.000,9,702.000,r85qjlyojvOlHwKv,756.000,7pz7mk3D0hXlDzD3,907.000,zptQpMPgptmtFfM7,967.000,hd5hRwaUatBMaDG/,1044.000,2jyzeYGpJv7qv931,1146.000,bK4o9vjSbPLZyBKY,1273.000,cvNTIGe2F4uXnnHt,2009.000,PvdwtJttMSxNTJy0,1960.000,qqJiNVFb4eVer0Td,,
8,72,2026-04-04T07:22:18.048Z,1048.000,9,807.000,hd5hRwaUatBMaDG/,848.000,zptQpMPgptmtFfM7,870.000,r85qjlyojvOlHwKv,936.000,cvNTIGe2F4uXnnHt,984.000,7pz7mk3D0hXlDzD3,1001.000,PvdwtJttMSxNTJy0,1037.000,bK4o9vjSbPLZyBKY,1813.000,2jyzeYGpJv7qv931,1467.000,qqJiNVFb4eVer0Td,,
8,73,2026-04-04T07:22:19.096Z,1101.000,9,791.000,r85qjlyojvOlHwKv,819.000,2jyzeYGpJv7qv931,875.000,zptQpMPgptmtFfM7,895.000,PvdwtJttMSxNTJy0,916.000,bK4o9vjSbPLZyBKY,1045.000,hd5hRwaUatBMaDG/,1088.000,7pz7mk3D0hXlDzD3,1138.000,cvNTIGe2F4uXnnHt,1157.000,qqJiNVFb4eVer0Td,,
8,74,2026-04-04T07:22:20.197Z,970.000,9,619.000,bK4o9vjSbPLZyBKY,677.000,r85qjlyojvOlHwKv,791.000,zptQpMPgptmtFfM7,848.000,7pz7mk3D0hXlDzD3,872.000,qqJiNVFb4eVer0Td,940.000,cvNTIGe2F4uXnnHt,955.000,PvdwtJttMSxNTJy0,1120.000,hd5hRwaUatBMaDG/,1667.000,2jyzeYGpJv7qv931,,
8,75,2026-04-04T07:22:21.167Z,1048.000,9,713.000,r85qjlyojvOlHwKv,752.000,zptQpMPgptmtFfM7,853.000,cvNTIGe2F4uXnnHt,889.000,7pz7mk3D0hXlDzD3,980.000,PvdwtJttMSxNTJy0,996.000,bK4o9vjSbPLZyBKY,1030.000,hd5hRwaUatBMaDG/,1748.000,qqJiNVFb4eVer0Td,1418.000,2jyzeYGpJv7qv931,,
8,76,2026-04-04T07:22:22.215Z,1162.000,9,746.000,r85qjlyojvOlHwKv,768.000,bK4o9vjSbPLZyBKY,856.000,zptQpMPgptmtFfM7,951.000,cvNTIGe2F4uXnnHt,968.000,PvdwtJttMSxNTJy0,1120.000,7pz7mk3D0hXlDzD3,1137.000,2jyzeYGpJv7qv931,1205.000,hd5hRwaUatBMaDG/,1945.000,qqJiNVFb4eVer0Td,,
8,77,2026-04-04T07:22:23.377Z,1636.000,9,1324.000,cvNTIGe2F4uXnnHt,1357.000,r85qjlyojvOlHwKv,1413.000,2jyzeYGpJv7qv931,1483.000,zptQpMPgptmtFfM7,1529.000,7pz7mk3D0hXlDzD3,1571.000,hd5hRwaUatBMaDG/,1593.000,bK4o9vjSbPLZyBKY,2482.000,qqJiNVFb4eVer0Td,2465.000,PvdwtJttMSxNTJy0,,
8,78,2026-04-04T07:22:25.013Z,1189.000,9,887.000,hd5hRwaUatBMaDG/,905.000,2jyzeYGpJv7qv931,993.000,cvNTIGe2F4uXnnHt,1010.000,PvdwtJttMSxNTJy0,1053.000,r85qjlyojvOlHwKv,1112.000,zptQpMPgptmtFfM7,1159.000,7pz7mk3D0hXlDzD3,1190.000,qqJiNVFb4eVer0Td,1981.000,bK4o9vjSbPLZyBKY,,
8,79,2026-04-04T07:22:26.202Z,1372.000,9,966.000,zptQpMPgptmtFfM7,1042.000,hd5hRwaUatBMaDG/,1068.000,r85qjlyojvOlHwKv,1140.000,7pz7mk3D0hXlDzD3,1196.000,2jyzeYGpJv7qv931,1288.000,cvNTIGe2F4uXnnHt,1305.000,PvdwtJttMSxNTJy0,1373.000,bK4o9vjSbPLZyBKY,2247.000,qqJiNVFb4eVer0Td,,
8,80,2026-04-04T07:22:27.574Z,1124.000,9,856.000,hd5hRwaUatBMaDG/,924.000,r85qjlyojvOlHwKv,994.000,zptQpMPgptmtFfM7,1013.000,PvdwtJttMSxNTJy0,1073.000,cvNTIGe2F4uXnnHt,1098.000,bK4o9vjSbPLZyBKY,1117.000,2jyzeYGpJv7qv931,1293.000,qqJiNVFb4eVer0Td,1377.000,7pz7mk3D0hXlDzD3,,
8,81,2026-04-04T07:22:28.698Z,1342.000,9,917.000,r85qjlyojvOlHwKv,969.000,zptQpMPgptmtFfM7,1115.000,7pz7mk3D0hXlDzD3,1199.000,hd5hRwaUatBMaDG/,1219.000,PvdwtJttMSxNTJy0,1285.000,cvNTIGe2F4uXnnHt,1323.000,2jyzeYGpJv7qv931,1533.000,bK4o9vjSbPLZyBKY,1715.000,qqJiNVFb4eVer0Td,,
8,82,2026-04-04T07:22:30.040Z,1570.000,9,938.000,r85qjlyojvOlHwKv,1045.000,2jyzeYGpJv7qv931,1110.000,hd5hRwaUatBMaDG/,1206.000,zptQpMPgptmtFfM7,1240.000,PvdwtJttMSxNTJy0,1489.000,cvNTIGe2F4uXnnHt,1550.000,7pz7mk3D0hXlDzD3,1571.000,qqJiNVFb4eVer0Td,1716.000,bK4o9vjSbPLZyBKY,,
8,83,2026-04-04T07:22:31.610Z,1284.000,9,945.000,cvNTIGe2F4uXnnHt,981.000,r85qjlyojvOlHwKv,1078.000,zptQpMPgptmtFfM7,1106.000,PvdwtJttMSxNTJy0,1142.000,qqJiNVFb4eVer0Td,1159.000,2jyzeYGpJv7qv931,1263.000,hd5hRwaUatBMaDG/,2018.000,bK4o9vjSbPLZyBKY,1992.000,7pz7mk3D0hXlDzD3,,
8,84,2026-04-04T07:22:32.894Z,1499.000,9,851.000,r85qjlyojvOlHwKv,1078.000,cvNTIGe2F4uXnnHt,1133.000,PvdwtJttMSxNTJy0,1212.000,hd5hRwaUatBMaDG/,1308.000,bK4o9vjSbPLZyBKY,1442.000,zptQpMPgptmtFfM7,1485.000,2jyzeYGpJv7qv931,1501.000,qqJiNVFb4eVer0Td,2201.000,7pz7mk3D0hXlDzD3,,
8,85,2026-04-04T07:22:34.393Z,1348.000,9,900.000,hd5hRwaUatBMaDG/,930.000,r85qjlyojvOlHwKv,988.000,zptQpMPgptmtFfM7,1144.000,cvNTIGe2F4uXnnHt,1169.000,bK4o9vjSbPLZyBKY,1214.000,PvdwtJttMSxNTJy0,1327.000,qqJiNVFb4eVer0Td,1445.000,2jyzeYGpJv7qv931,1736.000,7pz7mk3D0hXlDzD3,,
8,86,2026-04-04T07:22:35.741Z,1430.000,9,861.000,bK4o9vjSbPLZyBKY,883.000,r85qjlyojvOlHwKv,1018.000,PvdwtJttMSxNTJy0,1101.000,cvNTIGe2F4uXnnHt,1212.000,zptQpMPgptmtFfM7,1354.000,qqJiNVFb4eVer0Td,1407.000,7pz7mk3D0hXlDzD3,1627.000,hd5hRwaUatBMaDG/,2158.000,2jyzeYGpJv7qv931,,
8,87,2026-04-04T07:22:37.171Z,1427.000,9,801.000,r85qjlyojvOlHwKv,960.000,cvNTIGe2F4uXnnHt,1016.000,PvdwtJttMSxNTJy0,1124.000,zptQpMPgptmtFfM7,1179.000,hd5hRwaUatBMaDG/,1347.000,bK4o9vjSbPLZyBKY,1404.000,qqJiNVFb4eVer0Td,1437.000,2jyzeYGpJv7qv931,1997.000,7pz7mk3D0hXlDzD3,,
8,88,2026-04-04T07:22:38.598Z,1169.000,9,826.000,zptQpMPgptmtFfM7,851.000,r85qjlyojvOlHwKv,1041.000,hd5hRwaUatBMaDG/,1120.000,PvdwtJttMSxNTJy0,1133.000,bK4o9vjSbPLZyBKY,1146.000,2jyzeYGpJv7qv931,1159.000,qqJiNVFb4eVer0Td,1334.000,cvNTIGe2F4uXnnHt,1385.000,7pz7mk3D0hXlDzD3,,
8,89,2026-04-04T07:22:39.767Z,1899.000,9,856.000,PvdwtJttMSxNTJy0,909.000,r85qjlyojvOlHwKv,986.000,zptQpMPgptmtFfM7,1455.000,hd5hRwaUatBMaDG/,1543.000,cvNTIGe2F4uXnnHt,1618.000,bK4o9vjSbPLZyBKY,1863.000,qqJiNVFb4eVer0Td,2543.000,2jyzeYGpJv7qv931,2852.000,7pz7mk3D0hXlDzD3,,
8,90,2026-04-04T07:22:41.666Z,1743.000,9,1143.000,cvNTIGe2F4uXnnHt,1317.000,hd5hRwaUatBMaDG/,1349.000,r85qjlyojvOlHwKv,1414.000,qqJiNVFb4eVer0Td,1466.000,PvdwtJttMSxNTJy0,1659.000,zptQpMPgptmtFfM7,1709.000,bK4o9vjSbPLZyBKY,1983.000,7pz7mk3D0hXlDzD3,2223.000,2jyzeYGpJv7qv931,,
8,91,2026-04-04T07:22:43.409Z,1412.000,9,1086.000,r85qjlyojvOlHwKv,1157.000,cvNTIGe2F4uXnnHt,1224.000,hd5hRwaUatBMaDG/,1259.000,PvdwtJttMSxNTJy0,1298.000,qqJiNVFb4eVer0Td,1319.000,bK4o9vjSbPLZyBKY,1383.000,zptQpMPgptmtFfM7,1445.000,7pz7mk3D0hXlDzD3,2012.000,2jyzeYGpJv7qv931,,
8,92,2026-04-04T07:22:44.821Z,1448.000,9,1017.000,hd5hRwaUatBMaDG/,1076.000,r85qjlyojvOlHwKv,1212.000,cvNTIGe2F4uXnnHt,1239.000,qqJiNVFb4eVer0Td,1273.000,PvdwtJttMSxNTJy0,1343.000,zptQpMPgptmtFfM7,1405.000,bK4o9vjSbPLZyBKY,1622.000,7pz7mk3D0hXlDzD3,2242.000,2jyzeYGpJv7qv931,,
8,93,2026-04-04T07:22:46.269Z,1737.000,9,938.000,r85qjlyojvOlHwKv,1072.000,zptQpMPgptmtFfM7,1548.000,PvdwtJttMSxNTJy0,1572.000,qqJiNVFb4eVer0Td,1614.000,7pz7mk3D0hXlDzD3,1666.000,hd5hRwaUatBMaDG/,1720.000,cvNTIGe2F4uXnnHt,2492.000,bK4o9vjSbPLZyBKY,2642.000,2jyzeYGpJv7qv931,,
8,94,2026-04-04T07:22:48.006Z,2293.000,9,694.000,hd5hRwaUatBMaDG/,1249.000,r85qjlyojvOlHwKv,1281.000,bK4o9vjSbPLZyBKY,1379.000,cvNTIGe2F4uXnnHt,1403.000,PvdwtJttMSxNTJy0,2066.000,zptQpMPgptmtFfM7,3995.000,7pz7mk3D0hXlDzD3,2805.000,qqJiNVFb4eVer0Td,3374.000,2jyzeYGpJv7qv931,,
8,95,2026-04-04T07:22:50.299Z,1864.000,9,1230.000,zptQpMPgptmtFfM7,1311.000,hd5hRwaUatBMaDG/,1388.000,cvNTIGe2F4uXnnHt,1443.000,PvdwtJttMSxNTJy0,1613.000,bK4o9vjSbPLZyBKY,1736.000,qqJiNVFb4eVer0Td,1819.000,r85qjlyojvOlHwKv,1906.000,7pz7mk3D0hXlDzD3,2914.000,2jyzeYGpJv7qv931,,
8,96,2026-04-04T07:22:52.163Z,1531.000,9,1148.000,PvdwtJttMSxNTJy0,1207.000,cvNTIGe2F4uXnnHt,1235.000,bK4o9vjSbPLZyBKY,1310.000,hd5hRwaUatBMaDG/,1380.000,7pz7mk3D0hXlDzD3,1411.000,qqJiNVFb4eVer0Td,1465.000,r85qjlyojvOlHwKv,1581.000,zptQpMPgptmtFfM7,2314.000,2jyzeYGpJv7qv931,,
8,97,2026-04-04T07:22:53.694Z,1675.000,9,984.000,cvNTIGe2F4uXnnHt,1008.000,PvdwtJttMSxNTJy0,1161.000,zptQpMPgptmtFfM7,1195.000,r85qjlyojvOlHwKv,1333.000,7pz7mk3D0hXlDzD3,1599.000,hd5hRwaUatBMaDG/,1629.000,2jyzeYGpJv7qv931,1878.000,bK4o9vjSbPLZyBKY,2441.000,qqJiNVFb4eVer0Td,,
8,98,2026-04-04T07:22:55.369Z,2285.000,9,1202.000,2jyzeYGpJv7qv931,1356.000,r85qjlyojvOlHwKv,1534.000,cvNTIGe2F4uXnnHt,1625.000,zptQpMPgptmtFfM7,1749.000,7pz7mk3D0hXlDzD3,1944.000,qqJiNVFb4eVer0Td,2247.000,bK4o9vjSbPLZyBKY,2627.000,hd5hRwaUatBMaDG/,2661.000,PvdwtJttMSxNTJy0,,
8,99,2026-04-04T07:22:57.654Z,2277.000,8,1151.000,r85qjlyojvOlHwKv,1419.000,bK4o9vjSbPLZyBKY,1576.000,cvNTIGe2F4uXnnHt,1617.000,2jyzeYGpJv7qv931,1728.000,7pz7mk3D0hXlDzD3,2010.000,zptQpMPgptmtFfM7,2244.000,hd5hRwaUatBMaDG/,3303.000,PvdwtJttMSxNTJy0,,,,
8,100,2026-04-04T07:22:59.931Z,2301.000,7,1316.000,bK4o9vjSbPLZyBKY,1549.000,PvdwtJttMSxNTJy0,1792.000,cvNTIGe2F4uXnnHt,1843.000,r85qjlyojvOlHwKv,2014.000,2jyzeYGpJv7qv931,2141.000,hd5hRwaUatBMaDG/,2276.000,qqJiNVFb4eVer0Td,,,,,,
8,101,2026-04-04T07:23:02.232Z,2391.000,7,1298.000,r85qjlyojvOlHwKv,1509.000,cvNTIGe2F4uXnnHt,1541.000,bK4o9vjSbPLZyBKY,1595.000,PvdwtJttMSxNTJy0,1762.000,hd5hRwaUatBMaDG/,2169.000,2jyzeYGpJv7qv931,2350.000,qqJiNVFb4eVer0Td,,,,,,
8,102,2026-04-04T07:23:04.623Z,19271.000,8,1094.000,cvNTIGe2F4uXnnHt,1136.000,r85qjlyojvOlHwKv,1547.000,hd5hRwaUatBMaDG/,11258.000,qqJiNVFb4eVer0Td,12758.000,2jyzeYGpJv7qv931,18127.000,PvdwtJttMSxNTJy0,19226.000,bK4o9vjSbPLZyBKY,36534.000,rAgGKl6ICbDXHmxg,,,,
8,103,2026-04-04T07:23:23.894Z,,0,,,,,,,,,,,,,,,,,,,,
9,1,2026-04-04T07:21:25.494Z,1889.000,7,675.000,7pz7mk3D0hXlDzD3,1658.000,cvNTIGe2F4uXnnHt,1655.000,2jyzeYGpJv7qv931,3016.000,hd5hRwaUatBMaDG/,5766.000,PvdwtJttMSxNTJy0,4321.000,bK4o9vjSbPLZyBKY,2077.000,zptQpMPgptmtFfM7,,,,,,
9,2,2026-04-04T07:21:27.383Z,233.000,7,12.000,7pz7mk3D0hXlDzD3,9.000,cvNTIGe2F4uXnnHt,13.000,2jyzeYGpJv7qv931,3879.000,PvdwtJttMSxNTJy0,2434.000,bK4o9vjSbPLZyBKY,235.000,zptQpMPgptmtFfM7,1129.000,hd5hRwaUatBMaDG/,,,,,,
9,3,2026-04-04T07:21:27.616Z,330.000,8,327.000,2jyzeYGpJv7qv931,561.000,7pz7mk3D0hXlDzD3,331.000,cvNTIGe2F4uXnnHt,4.000,r85qjlyojvOlHwKv,328.000,zptQpMPgptmtFfM7,899.000,hd5hRwaUatBMaDG/,2202.000,bK4o9vjSbPLZyBKY,3647.000,PvdwtJttMSxNTJy0,,,,
9,4,2026-04-04T07:21:27.946Z,242.000,9,241.000,7pz7mk3D0hXlDzD3,5.000,cvNTIGe2F4uXnnHt,474.000,2jyzeYGpJv7qv931,245.000,zptQpMPgptmtFfM7,6.000,r85qjlyojvOlHwKv,1874.000,bK4o9vjSbPLZyBKY,389.000,qqJiNVFb4eVer0Td,572.000,hd5hRwaUatBMaDG/,3319.000,PvdwtJttMSxNTJy0,,
9,5,2026-04-04T07:21:28.188Z,332.000,9,6.000,2jyzeYGpJv7qv931,3.000,r85qjlyojvOlHwKv,6.000,7pz7mk3D0hXlDzD3,15.000,cvNTIGe2F4uXnnHt,83.000,zptQpMPgptmtFfM7,477.000,qqJiNVFb4eVer0Td,332.000,hd5hRwaUatBMaDG/,1634.000,bK4o9vjSbPLZyBKY,3079.000,PvdwtJttMSxNTJy0,,
9,6,2026-04-04T07:21:28.520Z,301.000,9,913.000,qqJiNVFb4eVer0Td,1144.000,7pz7mk3D0hXlDzD3,921.000,cvNTIGe2F4uXnnHt,917.000,hd5hRwaUatBMaDG/,175.000,r85qjlyojvOlHwKv,920.000,2jyzeYGpJv7qv931,923.000,zptQpMPgptmtFfM7,2749.000,PvdwtJttMSxNTJy0,1304.000,bK4o9vjSbPLZyBKY,,
9,7,2026-04-04T07:21:28.821Z,628.000,10,776.000,hd5hRwaUatBMaDG/,180.000,r85qjlyojvOlHwKv,629.000,qqJiNVFb4eVer0Td,631.000,7pz7mk3D0hXlDzD3,629.000,cvNTIGe2F4uXnnHt,629.000,2jyzeYGpJv7qv931,821.000,zptQpMPgptmtFfM7,613.000,rAgGKl6ICbDXHmxg,2449.000,PvdwtJttMSxNTJy0,1004.000,bK4o9vjSbPLZyBKY
9,8,2026-04-04T07:21:29.449Z,209.000,9,6.000,cvNTIGe2F4uXnnHt,144.000,zptQpMPgptmtFfM7,37.000,r85qjlyojvOlHwKv,145.000,qqJiNVFb4eVer0Td,146.000,hd5hRwaUatBMaDG/,146.000,7pz7mk3D0hXlDzD3,209.000,2jyzeYGpJv7qv931,993.000,bK4o9vjSbPLZyBKY,2040.000,PvdwtJttMSxNTJy0,,
9,9,2026-04-04T07:21:29.658Z,556.000,10,393.000,r85qjlyojvOlHwKv,553.000,qqJiNVFb4eVer0Td,1016.000,zptQpMPgptmtFfM7,866.000,bK4o9vjSbPLZyBKY,556.000,hd5hRwaUatBMaDG/,867.000,7pz7mk3D0hXlDzD3,556.000,cvNTIGe2F4uXnnHt,865.000,2jyzeYGpJv7qv931,596.000,rAgGKl6ICbDXHmxg,1832.000,PvdwtJttMSxNTJy0
9,10,2026-04-04T07:21:30.214Z,318.000,9,316.000,2jyzeYGpJv7qv931,317.000,hd5hRwaUatBMaDG/,184.000,cvNTIGe2F4uXnnHt,186.000,r85qjlyojvOlHwKv,317.000,qqJiNVFb4eVer0Td,318.000,zptQpMPgptmtFfM7,315.000,7pz7mk3D0hXlDzD3,351.000,bK4o9vjSbPLZyBKY,1278.000,PvdwtJttMSxNTJy0,,
9,11,2026-04-04T07:21:30.532Z,418.000,9,275.000,bK4o9vjSbPLZyBKY,350.000,cvNTIGe2F4uXnnHt,361.000,2jyzeYGpJv7qv931,378.000,r85qjlyojvOlHwKv,393.000,hd5hRwaUatBMaDG/,401.000,qqJiNVFb4eVer0Td,418.000,zptQpMPgptmtFfM7,464.000,7pz7mk3D0hXlDzD3,1013.000,PvdwtJttMSxNTJy0,,
9,12,2026-04-04T07:21:30.950Z,549.000,10,546.000,hd5hRwaUatBMaDG/,547.000,bK4o9vjSbPLZyBKY,547.000,cvNTIGe2F4uXnnHt,548.000,r85qjlyojvOlHwKv,702.000,qqJiNVFb4eVer0Td,551.000,2jyzeYGpJv7qv931,856.000,zptQpMPgptmtFfM7,704.000,7pz7mk3D0hXlDzD3,521.000,rAgGKl6ICbDXHmxg,547.000,PvdwtJttMSxNTJy0
9,13,2026-04-04T07:21:31.499Z,377.000,10,200.000,cvNTIGe2F4uXnnHt,202.000,r85qjlyojvOlHwKv,203.000,hd5hRwaUatBMaDG/,205.000,7pz7mk3D0hXlDzD3,232.000,PvdwtJttMSxNTJy0,277.000,bK4o9vjSbPLZyBKY,376.000,2jyzeYGpJv7qv931,380.000,qqJiNVFb4eVer0Td,389.000,zptQpMPgptmtFfM7,558.000,rAgGKl6ICbDXHmxg
9,14,2026-04-04T07:21:31.876Z,417.000,9,240.000,qqJiNVFb4eVer0Td,254.000,r85qjlyojvOlHwKv,341.000,PvdwtJttMSxNTJy0,368.000,cvNTIGe2F4uXnnHt,386.000,7pz7mk3D0hXlDzD3,407.000,hd5hRwaUatBMaDG/,417.000,bK4o9vjSbPLZyBKY,469.000,2jyzeYGpJv7qv931,481.000,zptQpMPgptmtFfM7,,
9,15,2026-04-04T07:21:32.293Z,480.000,10,329.000,hd5hRwaUatBMaDG/,418.000,cvNTIGe2F4uXnnHt,426.000,r85qjlyojvOlHwKv,471.000,PvdwtJttMSxNTJy0,474.000,bK4o9vjSbPLZyBKY,475.000,qqJiNVFb4eVer0Td,480.000,7pz7mk3D0hXlDzD3,492.000,rAgGKl6ICbDXHmxg,516.000,2jyzeYGpJv7qv931,532.000,zptQpMPgptmtFfM7
9,16,2026-04-04T07:21:32.773Z,485.000,10,308.000,hd5hRwaUatBMaDG/,310.000,cvNTIGe2F4uXnnHt,351.000,r85qjlyojvOlHwKv,464.000,bK4o9vjSbPLZyBKY,471.000,7pz7mk3D0hXlDzD3,483.000,qqJiNVFb4eVer0Td,485.000,PvdwtJttMSxNTJy0,505.000,2jyzeYGpJv7qv931,506.000,rAgGKl6ICbDXHmxg,518.000,zptQpMPgptmtFfM7
9,17,2026-04-04T07:21:33.258Z,473.000,9,325.000,r85qjlyojvOlHwKv,327.000,cvNTIGe2F4uXnnHt,332.000,hd5hRwaUatBMaDG/,451.000,7pz7mk3D0hXlDzD3,452.000,bK4o9vjSbPLZyBKY,470.000,qqJiNVFb4eVer0Td,473.000,PvdwtJttMSxNTJy0,488.000,2jyzeYGpJv7qv931,501.000,zptQpMPgptmtFfM7,,
9,18,2026-04-04T07:21:33.731Z,467.000,10,262.000,zptQpMPgptmtFfM7,318.000,cvNTIGe2F4uXnnHt,320.000,r85qjlyojvOlHwKv,321.000,hd5hRwaUatBMaDG/,447.000,7pz7mk3D0hXlDzD3,455.000,bK4o9vjSbPLZyBKY,467.000,qqJiNVFb4eVer0Td,469.000,PvdwtJttMSxNTJy0,473.000,rAgGKl6ICbDXHmxg,486.000,2jyzeYGpJv7qv931
9,19,2026-04-04T07:21:34.198Z,475.000,10,263.000,zptQpMPgptmtFfM7,314.000,cvNTIGe2F4uXnnHt,315.000,r85qjlyojvOlHwKv,317.000,hd5hRwaUatBMaDG/,452.000,7pz7mk3D0hXlDzD3,459.000,bK4o9vjSbPLZyBKY,475.000,qqJiNVFb4eVer0Td,477.000,PvdwtJttMSxNTJy0,489.000,2jyzeYGpJv7qv931,490.000,rAgGKl6ICbDXHmxg
9,20,2026-04-04T07:21:34.673Z,460.000,9,213.000,7pz7mk3D0hXlDzD3,237.000,PvdwtJttMSxNTJy0,260.000,zptQpMPgptmtFfM7,299.000,r85qjlyojvOlHwKv,303.000,hd5hRwaUatBMaDG/,310.000,cvNTIGe2F4uXnnHt,460.000,bK4o9vjSbPLZyBKY,466.000,qqJiNVFb4eVer0Td,481.000,2jyzeYGpJv7qv931,,
9,21,2026-04-04T07:21:35.133Z,373.000,10,258.000,2jyzeYGpJv7qv931,271.000,zptQpMPgptmtFfM7,286.000,PvdwtJttMSxNTJy0,326.000,cvNTIGe2F4uXnnHt,327.000,hd5hRwaUatBMaDG/,328.000,r85qjlyojvOlHwKv,373.000,7pz7mk3D0hXlDzD3,466.000,bK4o9vjSbPLZyBKY,469.000,qqJiNVFb4eVer0Td,491.000,rAgGKl6ICbDXHmxg
9,22,2026-04-04T07:21:35.506Z,585.000,10,331.000,qqJiNVFb4eVer0Td,415.000,cvNTIGe2F4uXnnHt,416.000,hd5hRwaUatBMaDG/,418.000,r85qjlyojvOlHwKv,509.000,7pz7mk3D0hXlDzD3,557.000,bK4o9vjSbPLZyBKY,584.000,2jyzeYGpJv7qv931,585.000,rAgGKl6ICbDXHmxg,605.000,zptQpMPgptmtFfM7,622.000,PvdwtJttMSxNTJy0
9,23,2026-04-04T07:21:36.091Z,296.000,9,231.000,2jyzeYGpJv7qv931,255.000,zptQpMPgptmtFfM7,270.000,PvdwtJttMSxNTJy0,288.000,cvNTIGe2F4uXnnHt,293.000,r85qjlyojvOlHwKv,294.000,hd5hRwaUatBMaDG/,296.000,qqJiNVFb4eVer0Td,392.000,7pz7mk3D0hXlDzD3,447.000,bK4o9vjSbPLZyBKY,,
9,24,2026-04-04T07:21:36.387Z,501.000,10,352.000,cvNTIGe2F4uXnnHt,356.000,hd5hRwaUatBMaDG/,359.000,r85qjlyojvOlHwKv,451.000,PvdwtJttMSxNTJy0,454.000,zptQpMPgptmtFfM7,467.000,qqJiNVFb4eVer0Td,501.000,2jyzeYGpJv7qv931,561.000,7pz7mk3D0hXlDzD3,620.000,bK4o9vjSbPLZyBKY,620.000,rAgGKl6ICbDXHmxg
9,25,2026-04-04T07:21:36.888Z,464.000,10,346.000,r85qjlyojvOlHwKv,347.000,cvNTIGe2F4uXnnHt,348.000,hd5hRwaUatBMaDG/,356.000,bK4o9vjSbPLZyBKY,416.000,zptQpMPgptmtFfM7,420.000,PvdwtJttMSxNTJy0,464.000,2jyzeYGpJv7qv931,465.000,qqJiNVFb4eVer0Td,531.000,7pz7mk3D0hXlDzD3,648.000,rAgGKl6ICbDXHmxg
9,26,2026-04-04T07:21:37.352Z,470.000,9,301.000,7pz7mk3D0hXlDzD3,342.000,hd5hRwaUatBMaDG/,345.000,r85qjlyojvOlHwKv,346.000,cvNTIGe2F4uXnnHt,419.000,zptQpMPgptmtFfM7,423.000,PvdwtJttMSxNTJy0,470.000,2jyzeYGpJv7qv931,472.000,qqJiNVFb4eVer0Td,598.000,bK4o9vjSbPLZyBKY,,
9,27,2026-04-04T07:21:37.822Z,470.000,10,335.000,hd5hRwaUatBMaDG/,337.000,r85qjlyojvOlHwKv,338.000,cvNTIGe2F4uXnnHt,360.000,bK4o9vjSbPLZyBKY,448.000,PvdwtJttMSxNTJy0,452.000,zptQpMPgptmtFfM7,470.000,qqJiNVFb4eVer0Td,474.000,2jyzeYGpJv7qv931,540.000,7pz7mk3D0hXlDzD3,540.000,rAgGKl6ICbDXHmxg
9,28,2026-04-04T07:21:38.292Z,475.000,9,358.000,r85qjlyojvOlHwKv,362.000,cvNTIGe2F4uXnnHt,364.000,hd5hRwaUatBMaDG/,447.000,PvdwtJttMSxNTJy0,449.000,zptQpMPgptmtFfM7,473.000,qqJiNVFb4eVer0Td,475.000,2jyzeYGpJv7qv931,541.000,7pz7mk3D0hXlDzD3,593.000,bK4o9vjSbPLZyBKY,,
9,29,2026-04-04T07:21:38.767Z,469.000,10,341.000,r85qjlyojvOlHwKv,346.000,cvNTIGe2F4uXnnHt,350.000,bK4o9vjSbPLZyBKY,351.000,hd5hRwaUatBMaDG/,439.000,PvdwtJttMSxNTJy0,447.000,zptQpMPgptmtFfM7,469.000,2jyzeYGpJv7qv931,471.000,qqJiNVFb4eVer0Td,502.000,rAgGKl6ICbDXHmxg,539.000,7pz7mk3D0hXlDzD3
9,30,2026-04-04T07:21:39.236Z,466.000,9,335.000,r85qjlyojvOlHwKv,341.000,cvNTIGe2F4uXnnHt,342.000,hd5hRwaUatBMaDG/,350.000,bK4o9vjSbPLZyBKY,440.000,PvdwtJttMSxNTJy0,452.000,zptQpMPgptmtFfM7,466.000,qqJiNVFb4eVer0Td,470.000,2jyzeYGpJv7qv931,535.000,7pz7mk3D0hXlDzD3,,
9,31,2026-04-04T07:21:39.702Z,454.000,10,305.000,7pz7mk3D0hXlDzD3,335.000,hd5hRwaUatBMaDG/,337.000,cvNTIGe2F4uXnnHt,338.000,r85qjlyojvOlHwKv,356.000,bK4o9vjSbPLZyBKY,445.000,PvdwtJttMSxNTJy0,454.000,zptQpMPgptmtFfM7,471.000,qqJiNVFb4eVer0Td,471.000,2jyzeYGpJv7qv931,489.000,rAgGKl6ICbDXHmxg
9,32,2026-04-04T07:21:40.156Z,486.000,10,342.000,cvNTIGe2F4uXnnHt,344.000,r85qjlyojvOlHwKv,345.000,hd5hRwaUatBMaDG/,456.000,PvdwtJttMSxNTJy0,473.000,zptQpMPgptmtFfM7,485.000,bK4o9vjSbPLZyBKY,486.000,qqJiNVFb4eVer0Td,491.000,2jyzeYGpJv7qv931,554.000,7pz7mk3D0hXlDzD3,555.000,rAgGKl6ICbDXHmxg
9,33,2026-04-04T07:21:40.642Z,379.000,10,306.000,7pz7mk3D0hXlDzD3,320.000,cvNTIGe2F4uXnnHt,322.000,hd5hRwaUatBMaDG/,323.000,r85qjlyojvOlHwKv,375.000,2jyzeYGpJv7qv931,378.000,qqJiNVFb4eVer0Td,379.000,bK4o9vjSbPLZyBKY,438.000,PvdwtJttMSxNTJy0,907.000,zptQpMPgptmtFfM7,573.000,rAgGKl6ICbDXHmxg
9,34,2026-04-04T07:21:41.021Z,622.000,7,290.000,PvdwtJttMSxNTJy0,322.000,bK4o9vjSbPLZyBKY,324.000,qqJiNVFb4eVer0Td,374.000,2jyzeYGpJv7qv931,399.000,hd5hRwaUatBMaDG/,542.000,7pz7mk3D0hXlDzD3,1721.000,r85qjlyojvOlHwKv,,,,,,
9,35,2026-04-04T07:21:41.643Z,848.000,9,151.000,qqJiNVFb4eVer0Td,182.000,PvdwtJttMSxNTJy0,379.000,bK4o9vjSbPLZyBKY,387.000,2jyzeYGpJv7qv931,447.000,cvNTIGe2F4uXnnHt,3472.000,r85qjlyojvOlHwKv,847.000,rAgGKl6ICbDXHmxg,4012.000,zptQpMPgptmtFfM7,1539.000,7pz7mk3D0hXlDzD3,,
9,36,2026-04-04T07:21:42.491Z,859.000,9,408.000,2jyzeYGpJv7qv931,2149.000,PvdwtJttMSxNTJy0,5251.000,r85qjlyojvOlHwKv,5314.000,bK4o9vjSbPLZyBKY,1565.000,qqJiNVFb4eVer0Td,479.000,hd5hRwaUatBMaDG/,563.000,cvNTIGe2F4uXnnHt,5049.000,zptQpMPgptmtFfM7,3894.000,7pz7mk3D0hXlDzD3,,
9,37,2026-04-04T07:21:43.350Z,1289.000,9,4434.000,PvdwtJttMSxNTJy0,268.000,hd5hRwaUatBMaDG/,345.000,cvNTIGe2F4uXnnHt,4340.000,qqJiNVFb4eVer0Td,2317.000,2jyzeYGpJv7qv931,536.000,r85qjlyojvOlHwKv,2609.000,bK4o9vjSbPLZyBKY,4423.000,zptQpMPgptmtFfM7,4231.000,7pz7mk3D0hXlDzD3,,
9,38,2026-04-04T07:21:44.639Z,733.000,9,725.000,PvdwtJttMSxNTJy0,436.000,hd5hRwaUatBMaDG/,565.000,qqJiNVFb4eVer0Td,603.000,zptQpMPgptmtFfM7,669.000,cvNTIGe2F4uXnnHt,698.000,r85qjlyojvOlHwKv,708.000,bK4o9vjSbPLZyBKY,3688.000,2jyzeYGpJv7qv931,3431.000,7pz7mk3D0hXlDzD3,,
9,39,2026-04-04T07:21:45.372Z,939.000,9,640.000,zptQpMPgptmtFfM7,789.000,PvdwtJttMSxNTJy0,836.000,hd5hRwaUatBMaDG/,848.000,2jyzeYGpJv7qv931,863.000,bK4o9vjSbPLZyBKY,895.000,cvNTIGe2F4uXnnHt,928.000,r85qjlyojvOlHwKv,940.000,qqJiNVFb4eVer0Td,1675.000,7pz7mk3D0hXlDzD3,,
9,40,2026-04-04T07:21:46.311Z,1736.000,9,1528.000,zptQpMPgptmtFfM7,1538.000,PvdwtJttMSxNTJy0,1597.000,hd5hRwaUatBMaDG/,1632.000,cvNTIGe2F4uXnnHt,1645.000,2jyzeYGpJv7qv931,1671.000,qqJiNVFb4eVer0Td,1721.000,7pz7mk3D0hXlDzD3,1813.000,bK4o9vjSbPLZyBKY,2274.000,r85qjlyojvOlHwKv,,
9,41,2026-04-04T07:21:48.047Z,648.000,8,479.000,7pz7mk3D0hXlDzD3,510.000,zptQpMPgptmtFfM7,571.000,hd5hRwaUatBMaDG/,582.000,qqJiNVFb4eVer0Td,618.000,PvdwtJttMSxNTJy0,631.000,2jyzeYGpJv7qv931,641.000,bK4o9vjSbPLZyBKY,676.000,cvNTIGe2F4uXnnHt,,,,
9,42,2026-04-04T07:21:48.695Z,884.000,9,675.000,PvdwtJttMSxNTJy0,722.000,7pz7mk3D0hXlDzD3,738.000,2jyzeYGpJv7qv931,794.000,hd5hRwaUatBMaDG/,829.000,zptQpMPgptmtFfM7,840.000,qqJiNVFb4eVer0Td,872.000,bK4o9vjSbPLZyBKY,922.000,cvNTIGe2F4uXnnHt,1360.000,r85qjlyojvOlHwKv,,
9,43,2026-04-04T07:21:49.579Z,817.000,9,597.000,2jyzeYGpJv7qv931,630.000,7pz7mk3D0hXlDzD3,641.000,PvdwtJttMSxNTJy0,687.000,zptQpMPgptmtFfM7,717.000,hd5hRwaUatBMaDG/,728.000,bK4o9vjSbPLZyBKY,799.000,cvNTIGe2F4uXnnHt,925.000,qqJiNVFb4eVer0Td,1402.000,r85qjlyojvOlHwKv,,
9,44,2026-04-04T07:21:50.396Z,765.000,9,503.000,7pz7mk3D0hXlDzD3,515.000,PvdwtJttMSxNTJy0,597.000,2jyzeYGpJv7qv931,646.000,hd5hRwaUatBMaDG/,726.000,cvNTIGe2F4uXnnHt,736.000,bK4o9vjSbPLZyBKY,758.000,qqJiNVFb4eVer0Td,3884.000,zptQpMPgptmtFfM7,1044.000,r85qjlyojvOlHwKv,,
9,45,2026-04-04T07:21:51.161Z,808.000,9,520.000,7pz7mk3D0hXlDzD3,532.000,bK4o9vjSbPLZyBKY,674.000,qqJiNVFb4eVer0Td,709.000,zptQpMPgptmtFfM7,719.000,2jyzeYGpJv7qv931,782.000,cvNTIGe2F4uXnnHt,793.000,PvdwtJttMSxNTJy0,997.000,hd5hRwaUatBMaDG/,1181.000,r85qjlyojvOlHwKv,,
9,46,2026-04-04T07:21:51.969Z,777.000,9,469.000,zptQpMPgptmtFfM7,538.000,bK4o9vjSbPLZyBKY,565.000,2jyzeYGpJv7qv931,574.000,qqJiNVFb4eVer0Td,605.000,hd5hRwaUatBMaDG/,636.000,7pz7mk3D0hXlDzD3,730.000,cvNTIGe2F4uXnnHt,2906.000,PvdwtJttMSxNTJy0,1152.000,r85qjlyojvOlHwKv,,
9,47,2026-04-04T07:21:52.746Z,671.000,9,540.000,qqJiNVFb4eVer0Td,545.000,PvdwtJttMSxNTJy0,568.000,7pz7mk3D0hXlDzD3,597.000,zptQpMPgptmtFfM7,613.000,bK4o9vjSbPLZyBKY,632.000,2jyzeYGpJv7qv931,662.000,hd5hRwaUatBMaDG/,691.000,cvNTIGe2F4uXnnHt,2053.000,r85qjlyojvOlHwKv,,
9,48,2026-04-04T07:21:53.417Z,733.000,9,469.000,bK4o9vjSbPLZyBKY,499.000,qqJiNVFb4eVer0Td,538.000,hd5hRwaUatBMaDG/,551.000,PvdwtJttMSxNTJy0,648.000,cvNTIGe2F4uXnnHt,662.000,2jyzeYGpJv7qv931,723.000,zptQpMPgptmtFfM7,4510.000,7pz7mk3D0hXlDzD3,2253.000,r85qjlyojvOlHwKv,,
9,49,2026-04-04T07:21:54.150Z,938.000,9,758.000,2jyzeYGpJv7qv931,786.000,hd5hRwaUatBMaDG/,795.000,bK4o9vjSbPLZyBKY,852.000,cvNTIGe2F4uXnnHt,865.000,PvdwtJttMSxNTJy0,894.000,7pz7mk3D0hXlDzD3,929.000,zptQpMPgptmtFfM7,3210.000,qqJiNVFb4eVer0Td,3934.000,r85qjlyojvOlHwKv,,
9,50,2026-04-04T07:21:55.088Z,1363.000,9,4068.000,zptQpMPgptmtFfM7,433.000,7pz7mk3D0hXlDzD3,470.000,2jyzeYGpJv7qv931,4735.000,hd5hRwaUatBMaDG/,4153.000,qqJiNVFb4eVer0Td,537.000,PvdwtJttMSxNTJy0,4002.000,cvNTIGe2F4uXnnHt,823.000,bK4o9vjSbPLZyBKY,4478.000,r85qjlyojvOlHwKv,,
9,51,2026-04-04T07:21:56.451Z,878.000,9,304.000,7pz7mk3D0hXlDzD3,3601.000,qqJiNVFb4eVer0Td,3894.000,2jyzeYGpJv7qv931,3734.000,zptQpMPgptmtFfM7,3586.000,cvNTIGe2F4uXnnHt,3691.000,PvdwtJttMSxNTJy0,253.000,hd5hRwaUatBMaDG/,3414.000,r85qjlyojvOlHwKv,963.000,bK4o9vjSbPLZyBKY,,
9,52,2026-04-04T07:21:57.329Z,733.000,9,298.000,zptQpMPgptmtFfM7,402.000,2jyzeYGpJv7qv931,425.000,cvNTIGe2F4uXnnHt,451.000,hd5hRwaUatBMaDG/,484.000,7pz7mk3D0hXlDzD3,518.000,r85qjlyojvOlHwKv,3091.000,PvdwtJttMSxNTJy0,1432.000,qqJiNVFb4eVer0Td,1698.000,bK4o9vjSbPLZyBKY,,
9,53,2026-04-04T07:21:58.062Z,1076.000,9,768.000,zptQpMPgptmtFfM7,779.000,2jyzeYGpJv7qv931,817.000,7pz7mk3D0hXlDzD3,899.000,cvNTIGe2F4uXnnHt,934.000,r85qjlyojvOlHwKv,947.000,PvdwtJttMSxNTJy0,1063.000,hd5hRwaUatBMaDG/,1526.000,qqJiNVFb4eVer0Td,1685.000,bK4o9vjSbPLZyBKY,,
9,54,2026-04-04T07:21:59.138Z,1297.000,9,761.000,hd5hRwaUatBMaDG/,858.000,PvdwtJttMSxNTJy0,952.000,cvNTIGe2F4uXnnHt,990.000,7pz7mk3D0hXlDzD3,1086.000,zptQpMPgptmtFfM7,1186.000,r85qjlyojvOlHwKv,3686.000,qqJiNVFb4eVer0Td,3667.000,2jyzeYGpJv7qv931,1385.000,bK4o9vjSbPLZyBKY,,
9,55,2026-04-04T07:22:00.435Z,869.000,9,491.000,PvdwtJttMSxNTJy0,723.000,7pz7mk3D0hXlDzD3,760.000,r85qjlyojvOlHwKv,776.000,2jyzeYGpJv7qv931,798.000,qqJiNVFb4eVer0Td,833.000,cvNTIGe2F4uXnnHt,850.000,bK4o9vjSbPLZyBKY,895.000,zptQpMPgptmtFfM7,1073.000,hd5hRwaUatBMaDG/,,
9,56,2026-04-04T07:22:01.304Z,883.000,9,663.000,qqJiNVFb4eVer0Td,713.000,cvNTIGe2F4uXnnHt,729.000,2jyzeYGpJv7qv931,752.000,PvdwtJttMSxNTJy0,787.000,r85qjlyojvOlHwKv,829.000,7pz7mk3D0hXlDzD3,867.000,hd5hRwaUatBMaDG/,884.000,bK4o9vjSbPLZyBKY,982.000,zptQpMPgptmtFfM7,,
9,57,2026-04-04T07:22:02.187Z,1051.000,9,798.000,PvdwtJttMSxNTJy0,822.000,2jyzeYGpJv7qv931,869.000,r85qjlyojvOlHwKv,914.000,cvNTIGe2F4uXnnHt,929.000,bK4o9vjSbPLZyBKY,3646.000,7pz7mk3D0hXlDzD3,2576.000,qqJiNVFb4eVer0Td,1279.000,hd5hRwaUatBMaDG/,1331.000,zptQpMPgptmtFfM7,,
9,58,2026-04-04T07:22:03.238Z,883.000,9,628.000,bK4o9vjSbPLZyBKY,651.000,PvdwtJttMSxNTJy0,724.000,2jyzeYGpJv7qv931,742.000,qqJiNVFb4eVer0Td,778.000,7pz7mk3D0hXlDzD3,821.000,cvNTIGe2F4uXnnHt,868.000,hd5hRwaUatBMaDG/,910.000,r85qjlyojvOlHwKv,1190.000,zptQpMPgptmtFfM7,,
9,59,2026-04-04T07:22:04.121Z,859.000,9,619.000,bK4o9vjSbPLZyBKY,680.000,cvNTIGe2F4uXnnHt,720.000,r85qjlyojvOlHwKv,756.000,hd5hRwaUatBMaDG/,769.000,qqJiNVFb4eVer0Td,821.000,7pz7mk3D0hXlDzD3,835.000,2jyzeYGpJv7qv931,3352.000,zptQpMPgptmtFfM7,995.000,PvdwtJttMSxNTJy0,,
9,60,2026-04-04T07:22:04.980Z,1037.000,9,779.000,bK4o9vjSbPLZyBKY,810.000,zptQpMPgptmtFfM7,898.000,7pz7mk3D0hXlDzD3,914.000,qqJiNVFb4eVer0Td,935.000,PvdwtJttMSxNTJy0,976.000,hd5hRwaUatBMaDG/,1020.000,cvNTIGe2F4uXnnHt,1065.000,r85qjlyojvOlHwKv,1223.000,2jyzeYGpJv7qv931,,
9,61,2026-04-04T07:22:06.017Z,1013.000,9,717.000,PvdwtJttMSxNTJy0,741.000,bK4o9vjSbPLZyBKY,779.000,7pz7mk3D0hXlDzD3,821.000,hd5hRwaUatBMaDG/,864.000,r85qjlyojvOlHwKv,881.000,2jyzeYGpJv7qv931,996.000,cvNTIGe2F4uXnnHt,2129.000,zptQpMPgptmtFfM7,1694.000,qqJiNVFb4eVer0Td,,
9,62,2026-04-04T07:22:07.030Z,1266.000,9,966.000,PvdwtJttMSxNTJy0,987.000,bK4o9vjSbPLZyBKY,1020.000,zptQpMPgptmtFfM7,1067.000,hd5hRwaUatBMaDG/,1169.000,7pz7mk3D0hXlDzD3,1216.000,cvNTIGe2F4uXnnHt,1240.000,2jyzeYGpJv7qv931,1382.000,r85qjlyojvOlHwKv,2080.000,qqJiNVFb4eVer0Td,,
9,63,2026-04-04T07:22:08.296Z,1059.000,9,738.000,bK4o9vjSbPLZyBKY,772.000,7pz7mk3D0hXlDzD3,787.000,2jyzeYGpJv7qv931,806.000,qqJiNVFb4eVer0Td,884.000,r85qjlyojvOlHwKv,948.000,PvdwtJttMSxNTJy0,3162.000,zptQpMPgptmtFfM7,1176.000,hd5hRwaUatBMaDG/,1230.000,cvNTIGe2F4uXnnHt,,
9,64,2026-04-04T07:22:09.355Z,1079.000,9,668.000,bK4o9vjSbPLZyBKY,765.000,7pz7mk3D0hXlDzD3,868.000,zptQpMPgptmtFfM7,904.000,cvNTIGe2F4uXnnHt,927.000,2jyzeYGpJv7qv931,944.000,PvdwtJttMSxNTJy0,1054.000,qqJiNVFb4eVer0Td,1189.000,r85qjlyojvOlHwKv,1297.000,hd5hRwaUatBMaDG/,,
9,65,2026-04-04T07:22:10.434Z,1223.000,9,744.000,2jyzeYGpJv7qv931,940.000,7pz7mk3D0hXlDzD3,984.000,zptQpMPgptmtFfM7,1161.000,r85qjlyojvOlHwKv,1177.000,qqJiNVFb4eVer0Td,1206.000,bK4o9vjSbPLZyBKY,1216.000,PvdwtJttMSxNTJy0,1253.000,hd5hRwaUatBMaDG/,1624.000,cvNTIGe2F4uXnnHt,,
9,66,2026-04-04T07:22:11.657Z,1071.000,9,707.000,bK4o9vjSbPLZyBKY,729.000,PvdwtJttMSxNTJy0,737.000,2jyzeYGpJv7qv931,832.000,r85qjlyojvOlHwKv,867.000,qqJiNVFb4eVer0Td,933.000,zptQpMPgptmtFfM7,1057.000,hd5hRwaUatBMaDG/,1102.000,7pz7mk3D0hXlDzD3,1509.000,cvNTIGe2F4uXnnHt,,
9,67,2026-04-04T07:22:12.728Z,1081.000,9,592.000,zptQpMPgptmtFfM7,608.000,qqJiNVFb4eVer0Td,632.000,bK4o9vjSbPLZyBKY,820.000,7pz7mk3D0hXlDzD3,835.000,PvdwtJttMSxNTJy0,1046.000,hd5hRwaUatBMaDG/,1060.000,2jyzeYGpJv7qv931,1105.000,r85qjlyojvOlHwKv,1570.000,cvNTIGe2F4uXnnHt,,
9,68,2026-04-04T07:22:13.809Z,1063.000,9,705.000,bK4o9vjSbPLZyBKY,776.000,qqJiNVFb4eVer0Td,814.000,r85qjlyojvOlHwKv,828.000,2jyzeYGpJv7qv931,972.000,7pz7mk3D0hXlDzD3,998.000,PvdwtJttMSxNTJy0,1051.000,zptQpMPgptmtFfM7,1159.000,hd5hRwaUatBMaDG/,1637.000,cvNTIGe2F4uXnnHt,,
9,69,2026-04-04T07:22:14.872Z,893.000,9,653.000,7pz7mk3D0hXlDzD3,665.000,PvdwtJttMSxNTJy0,758.000,bK4o9vjSbPLZyBKY,782.000,2jyzeYGpJv7qv931,814.000,zptQpMPgptmtFfM7,859.000,r85qjlyojvOlHwKv,876.000,qqJiNVFb4eVer0Td,1023.000,hd5hRwaUatBMaDG/,1627.000,cvNTIGe2F4uXnnHt,,
9,70,2026-04-04T07:22:15.765Z,1163.000,8,686.000,PvdwtJttMSxNTJy0,855.000,zptQpMPgptmtFfM7,872.000,bK4o9vjSbPLZyBKY,927.000,2jyzeYGpJv7qv931,980.000,qqJiNVFb4eVer0Td,1016.000,r85qjlyojvOlHwKv,1151.000,7pz7mk3D0hXlDzD3,1271.000,hd5hRwaUatBMaDG/,,,,
9,71,2026-04-04T07:22:16.928Z,1308.000,9,850.000,7pz7mk3D0hXlDzD3,886.000,r85qjlyojvOlHwKv,921.000,zptQpMPgptmtFfM7,977.000,hd5hRwaUatBMaDG/,989.000,bK4o9vjSbPLZyBKY,1004.000,2jyzeYGpJv7qv931,1296.000,cvNTIGe2F4uXnnHt,2194.000,PvdwtJttMSxNTJy0,1396.000,qqJiNVFb4eVer0Td,,
9,72,2026-04-04T07:22:18.236Z,884.000,9,593.000,PvdwtJttMSxNTJy0,616.000,bK4o9vjSbPLZyBKY,676.000,cvNTIGe2F4uXnnHt,717.000,zptQpMPgptmtFfM7,805.000,hd5hRwaUatBMaDG/,847.000,7pz7mk3D0hXlDzD3,862.000,2jyzeYGpJv7qv931,1019.000,r85qjlyojvOlHwKv,1222.000,qqJiNVFb4eVer0Td,,
9,73,2026-04-04T07:22:19.120Z,1312.000,9,783.000,PvdwtJttMSxNTJy0,800.000,2jyzeYGpJv7qv931,833.000,bK4o9vjSbPLZyBKY,1000.000,zptQpMPgptmtFfM7,1146.000,7pz7mk3D0hXlDzD3,1188.000,r85qjlyojvOlHwKv,1284.000,hd5hRwaUatBMaDG/,1341.000,cvNTIGe2F4uXnnHt,2090.000,qqJiNVFb4eVer0Td,,
9,74,2026-04-04T07:22:20.432Z,994.000,9,585.000,bK4o9vjSbPLZyBKY,764.000,zptQpMPgptmtFfM7,841.000,7pz7mk3D0hXlDzD3,877.000,r85qjlyojvOlHwKv,894.000,PvdwtJttMSxNTJy0,957.000,cvNTIGe2F4uXnnHt,979.000,qqJiNVFb4eVer0Td,1022.000,hd5hRwaUatBMaDG/,1038.000,2jyzeYGpJv7qv931,,
9,75,2026-04-04T07:22:21.426Z,1231.000,9,621.000,7pz7mk3D0hXlDzD3,706.000,zptQpMPgptmtFfM7,1068.000,PvdwtJttMSxNTJy0,1132.000,r85qjlyojvOlHwKv,1167.000,cvNTIGe2F4uXnnHt,1200.000,hd5hRwaUatBMaDG/,1216.000,bK4o9vjSbPLZyBKY,1265.000,2jyzeYGpJv7qv931,2210.000,qqJiNVFb4eVer0Td,,
9,76,2026-04-04T07:22:22.657Z,928.000,9,686.000,bK4o9vjSbPLZyBKY,722.000,r85qjlyojvOlHwKv,764.000,zptQpMPgptmtFfM7,779.000,PvdwtJttMSxNTJy0,841.000,cvNTIGe2F4uXnnHt,884.000,7pz7mk3D0hXlDzD3,898.000,2jyzeYGpJv7qv931,962.000,hd5hRwaUatBMaDG/,1178.000,qqJiNVFb4eVer0Td,,
9,77,2026-04-04T07:22:23.585Z,1286.000,9,701.000,2jyzeYGpJv7qv931,806.000,cvNTIGe2F4uXnnHt,847.000,zptQpMPgptmtFfM7,884.000,7pz7mk3D0hXlDzD3,1122.000,hd5hRwaUatBMaDG/,1141.000,bK4o9vjSbPLZyBKY,2200.000,PvdwtJttMSxNTJy0,2231.000,qqJiNVFb4eVer0Td,1719.000,r85qjlyojvOlHwKv,,
9,78,2026-04-04T07:22:24.871Z,1271.000,9,809.000,2jyzeYGpJv7qv931,836.000,PvdwtJttMSxNTJy0,896.000,hd5hRwaUatBMaDG/,1060.000,qqJiNVFb4eVer0Td,1135.000,cvNTIGe2F4uXnnHt,1213.000,zptQpMPgptmtFfM7,1259.000,7pz7mk3D0hXlDzD3,1799.000,r85qjlyojvOlHwKv,1825.000,bK4o9vjSbPLZyBKY,,
9,79,2026-04-04T07:22:26.142Z,1606.000,9,1020.000,7pz7mk3D0hXlDzD3,1093.000,2jyzeYGpJv7qv931,1233.000,hd5hRwaUatBMaDG/,1265.000,bK4o9vjSbPLZyBKY,1328.000,PvdwtJttMSxNTJy0,1438.000,cvNTIGe2F4uXnnHt,3843.000,zptQpMPgptmtFfM7,1630.000,r85qjlyojvOlHwKv,2595.000,qqJiNVFb4eVer0Td,,
9,80,2026-04-04T07:22:27.748Z,1150.000,9,763.000,PvdwtJttMSxNTJy0,944.000,zptQpMPgptmtFfM7,963.000,bK4o9vjSbPLZyBKY,1039.000,hd5hRwaUatBMaDG/,1058.000,2jyzeYGpJv7qv931,1113.000,7pz7mk3D0hXlDzD3,1130.000,qqJiNVFb4eVer0Td,1186.000,r85qjlyojvOlHwKv,1296.000,cvNTIGe2F4uXnnHt,,
9,81,2026-04-04T07:22:28.898Z,1387.000,9,1037.000,zptQpMPgptmtFfM7,1145.000,7pz7mk3D0hXlDzD3,1161.000,2jyzeYGpJv7qv931,1213.000,r85qjlyojvOlHwKv,1264.000,hd5hRwaUatBMaDG/,1285.000,PvdwtJttMSxNTJy0,1360.000,cvNTIGe2F4uXnnHt,2487.000,bK4o9vjSbPLZyBKY,1830.000,qqJiNVFb4eVer0Td,,
9,82,2026-04-04T07:22:30.285Z,1466.000,9,891.000,2jyzeYGpJv7qv931,960.000,PvdwtJttMSxNTJy0,1082.000,zptQpMPgptmtFfM7,1162.000,r85qjlyojvOlHwKv,1351.000,hd5hRwaUatBMaDG/,1373.000,bK4o9vjSbPLZyBKY,1445.000,7pz7mk3D0hXlDzD3,1508.000,cvNTIGe2F4uXnnHt,1601.000,qqJiNVFb4eVer0Td,,
9,83,2026-04-04T07:22:31.751Z,1402.000,9,991.000,PvdwtJttMSxNTJy0,1064.000,zptQpMPgptmtFfM7,1163.000,cvNTIGe2F4uXnnHt,1192.000,qqJiNVFb4eVer0Td,1228.000,2jyzeYGpJv7qv931,1289.000,r85qjlyojvOlHwKv,1383.000,bK4o9vjSbPLZyBKY,3302.000,hd5hRwaUatBMaDG/,2032.000,7pz7mk3D0hXlDzD3,,
9,84,2026-04-04T07:22:33.153Z,1364.000,9,863.000,r85qjlyojvOlHwKv,1107.000,PvdwtJttMSxNTJy0,1164.000,hd5hRwaUatBMaDG/,1183.000,bK4o9vjSbPLZyBKY,1232.000,cvNTIGe2F4uXnnHt,1316.000,zptQpMPgptmtFfM7,1332.000,qqJiNVFb4eVer0Td,2470.000,2jyzeYGpJv7qv931,2340.000,7pz7mk3D0hXlDzD3,,
9,85,2026-04-04T07:22:34.517Z,1495.000,9,1038.000,hd5hRwaUatBMaDG/,1087.000,zptQpMPgptmtFfM7,1272.000,cvNTIGe2F4uXnnHt,1293.000,bK4o9vjSbPLZyBKY,1331.000,PvdwtJttMSxNTJy0,1382.000,r85qjlyojvOlHwKv,1482.000,2jyzeYGpJv7qv931,2423.000,qqJiNVFb4eVer0Td,1801.000,7pz7mk3D0hXlDzD3,,
9,86,2026-04-04T07:22:36.012Z,1361.000,9,787.000,bK4o9vjSbPLZyBKY,818.000,PvdwtJttMSxNTJy0,1040.000,r85qjlyojvOlHwKv,1092.000,zptQpMPgptmtFfM7,1189.000,cvNTIGe2F4uXnnHt,3792.000,7pz7mk3D0hXlDzD3,3818.000,qqJiNVFb4eVer0Td,1817.000,hd5hRwaUatBMaDG/,1841.000,2jyzeYGpJv7qv931,,
9,87,2026-04-04T07:22:37.373Z,1481.000,9,1021.000,cvNTIGe2F4uXnnHt,1041.000,PvdwtJttMSxNTJy0,1184.000,r85qjlyojvOlHwKv,1204.000,2jyzeYGpJv7qv931,1390.000,zptQpMPgptmtFfM7,1409.000,bK4o9vjSbPLZyBKY,1461.000,hd5hRwaUatBMaDG/,2822.000,qqJiNVFb4eVer0Td,2075.000,7pz7mk3D0hXlDzD3,,
9,88,2026-04-04T07:22:38.854Z,1340.000,9,1089.000,2jyzeYGpJv7qv931,1110.000,qqJiNVFb4eVer0Td,1189.000,zptQpMPgptmtFfM7,1235.000,r85qjlyojvOlHwKv,1252.000,PvdwtJttMSxNTJy0,1302.000,7pz7mk3D0hXlDzD3,1321.000,bK4o9vjSbPLZyBKY,1468.000,hd5hRwaUatBMaDG/,1638.000,cvNTIGe2F4uXnnHt,,
9,89,2026-04-04T07:22:40.194Z,1539.000,9,763.000,PvdwtJttMSxNTJy0,807.000,r85qjlyojvOlHwKv,973.000,zptQpMPgptmtFfM7,1294.000,hd5hRwaUatBMaDG/,1318.000,bK4o9vjSbPLZyBKY,1458.000,cvNTIGe2F4uXnnHt,1520.000,qqJiNVFb4eVer0Td,2539.000,2jyzeYGpJv7qv931,2849.000,7pz7mk3D0hXlDzD3,,
9,90,2026-04-04T07:22:41.733Z,1813.000,9,1377.000,cvNTIGe2F4uXnnHt,1442.000,hd5hRwaUatBMaDG/,1467.000,qqJiNVFb4eVer0Td,1589.000,PvdwtJttMSxNTJy0,1688.000,zptQpMPgptmtFfM7,1756.000,r85qjlyojvOlHwKv,1781.000,bK4o9vjSbPLZyBKY,1815.000,2jyzeYGpJv7qv931,4573.000,7pz7mk3D0hXlDzD3,,
9,91,2026-04-04T07:22:43.546Z,1540.000,9,1015.000,PvdwtJttMSxNTJy0,1079.000,bK4o9vjSbPLZyBKY,1186.000,qqJiNVFb4eVer0Td,1338.000,cvNTIGe2F4uXnnHt,1401.000,hd5hRwaUatBMaDG/,1466.000,r85qjlyojvOlHwKv,1520.000,7pz7mk3D0hXlDzD3,4323.000,zptQpMPgptmtFfM7,2510.000,2jyzeYGpJv7qv931,,
9,92,2026-04-04T07:22:45.086Z,1647.000,9,1287.000,hd5hRwaUatBMaDG/,1387.000,r85qjlyojvOlHwKv,1443.000,zptQpMPgptmtFfM7,1464.000,qqJiNVFb4eVer0Td,1508.000,PvdwtJttMSxNTJy0,1562.000,cvNTIGe2F4uXnnHt,1622.000,7pz7mk3D0hXlDzD3,1648.000,bK4o9vjSbPLZyBKY,2142.000,2jyzeYGpJv7qv931,,
9,93,2026-04-04T07:22:46.733Z,1356.000,9,889.000,PvdwtJttMSxNTJy0,901.000,qqJiNVFb4eVer0Td,946.000,7pz7mk3D0hXlDzD3,1009.000,r85qjlyojvOlHwKv,1062.000,zptQpMPgptmtFfM7,1282.000,hd5hRwaUatBMaDG/,1338.000,cvNTIGe2F4uXnnHt,1704.000,bK4o9vjSbPLZyBKY,2377.000,2jyzeYGpJv7qv931,,
9,94,2026-04-04T07:22:48.089Z,2010.000,9,837.000,hd5hRwaUatBMaDG/,1038.000,PvdwtJttMSxNTJy0,1169.000,bK4o9vjSbPLZyBKY,1613.000,r85qjlyojvOlHwKv,1705.000,cvNTIGe2F4uXnnHt,1844.000,zptQpMPgptmtFfM7,1987.000,qqJiNVFb4eVer0Td,2065.000,7pz7mk3D0hXlDzD3,2673.000,2jyzeYGpJv7qv931,,
9,95,2026-04-04T07:22:50.099Z,1740.000,9,1269.000,zptQpMPgptmtFfM7,1389.000,7pz7mk3D0hXlDzD3,1422.000,bK4o9vjSbPLZyBKY,1465.000,PvdwtJttMSxNTJy0,1489.000,qqJiNVFb4eVer0Td,1556.000,hd5hRwaUatBMaDG/,1702.000,cvNTIGe2F4uXnnHt,2421.000,2jyzeYGpJv7qv931,2920.000,r85qjlyojvOlHwKv,,
9,96,2026-04-04T07:22:51.839Z,2288.000,9,784.000,PvdwtJttMSxNTJy0,1210.000,bK4o9vjSbPLZyBKY,1300.000,cvNTIGe2F4uXnnHt,1449.000,qqJiNVFb4eVer0Td,2126.000,hd5hRwaUatBMaDG/,2195.000,7pz7mk3D0hXlDzD3,2264.000,zptQpMPgptmtFfM7,2731.000,r85qjlyojvOlHwKv,2759.000,2jyzeYGpJv7qv931,,
9,97,2026-04-04T07:22:54.127Z,1492.000,9,996.000,PvdwtJttMSxNTJy0,1071.000,cvNTIGe2F4uXnnHt,1223.000,zptQpMPgptmtFfM7,1294.000,7pz7mk3D0hXlDzD3,1321.000,2jyzeYGpJv7qv931,1389.000,r85qjlyojvOlHwKv,1475.000,bK4o9vjSbPLZyBKY,1744.000,hd5hRwaUatBMaDG/,1904.000,qqJiNVFb4eVer0Td,,
9,98,2026-04-04T07:22:55.619Z,2010.000,9,1043.000,2jyzeYGpJv7qv931,1603.000,zptQpMPgptmtFfM7,1673.000,7pz7mk3D0hXlDzD3,1740.000,r85qjlyojvOlHwKv,1768.000,qqJiNVFb4eVer0Td,1847.000,cvNTIGe2F4uXnnHt,1991.000,bK4o9vjSbPLZyBKY,2629.000,PvdwtJttMSxNTJy0,2891.000,hd5hRwaUatBMaDG/,,
9,99,2026-04-04T07:22:57.629Z,2677.000,8,1511.000,bK4o9vjSbPLZyBKY,1787.000,r85qjlyojvOlHwKv,1819.000,2jyzeYGpJv7qv931,1903.000,7pz7mk3D0hXlDzD3,2102.000,cvNTIGe2F4uXnnHt,2301.000,zptQpMPgptmtFfM7,3754.000,PvdwtJttMSxNTJy0,2729.000,hd5hRwaUatBMaDG/,,,,
9,100,2026-04-04T07:23:00.306Z,2504.000,7,1038.000,PvdwtJttMSxNTJy0,1139.000,bK4o9vjSbPLZyBKY,1560.000,2jyzeYGpJv7qv931,1942.000,cvNTIGe2F4uXnnHt,1994.000,qqJiNVFb4eVer0Td,2385.000,r85qjlyojvOlHwKv,2468.000,hd5hRwaUatBMaDG/,,,,,,
9,101,2026-04-04T07:23:02.810Z,1900.000,7,832.000,bK4o9vjSbPLZyBKY,876.000,PvdwtJttMSxNTJy0,1309.000,cvNTIGe2F4uXnnHt,1487.000,r85qjlyojvOlHwKv,1556.000,2jyzeYGpJv7qv931,1829.000,hd5hRwaUatBMaDG/,1865.000,qqJiNVFb4eVer0Td,,,,,,
9,102,2026-04-04T07:23:04.710Z,18920.000,8,1342.000,cvNTIGe2F4uXnnHt,1724.000,r85qjlyojvOlHwKv,1989.000,hd5hRwaUatBMaDG/,11630.000,qqJiNVFb4eVer0Td,13133.000,2jyzeYGpJv7qv931,18500.000,PvdwtJttMSxNTJy0,18896.000,rAgGKl6ICbDXHmxg,19597.000,bK4o9vjSbPLZyBKY,,,,
9,103,2026-04-04T07:23:23.630Z,,0,,,,,,,,,,,,,,,,,,,,
