Node_ID,Round,Round_Start_Time,Round_End_Time_ms,Certificate_Count,Certificate_1_Time_Delta_ms,Certificate_1_Origin,Certificate_2_Time_Delta_ms,Certificate_2_Origin,Certificate_3_Time_Delta_ms,Certificate_3_Origin,Certificate_4_Time_Delta_ms,Certificate_4_Origin,Certificate_5_Time_Delta_ms,Certificate_5_Origin,Certificate_6_Time_Delta_ms,Certificate_6_Origin,Certificate_7_Time_Delta_ms,Certificate_7_Origin,Certificate_8_Time_Delta_ms,Certificate_8_Origin,Certificate_9_Time_Delta_ms,Certificate_9_Origin,Certificate_10_Time_Delta_ms,Certificate_10_Origin
0,1,2026-04-05T12:40:20.671Z,13732.000,7,9747.000,q5GVJKHvqVwABnDf,10132.000,TiCg1GW9IStcOras,11214.000,zyQbLrDbnVAAyE0h,11575.000,Fw2XlLSvhDCRIl7z,12147.000,MY8Sv42aXxDpCjC4,13628.000,BjjWVd8h3JWMBrnK,13735.000,md4MdKOU6ZsQ//g0,,,,,,
0,2,2026-04-05T12:40:34.403Z,253.000,7,105.000,zyQbLrDbnVAAyE0h,106.000,TiCg1GW9IStcOras,107.000,q5GVJKHvqVwABnDf,205.000,Fw2XlLSvhDCRIl7z,206.000,MY8Sv42aXxDpCjC4,207.000,BjjWVd8h3JWMBrnK,312.000,md4MdKOU6ZsQ//g0,,,,,,
0,3,2026-04-05T12:40:34.656Z,307.000,7,161.000,zyQbLrDbnVAAyE0h,163.000,TiCg1GW9IStcOras,164.000,BjjWVd8h3JWMBrnK,165.000,q5GVJKHvqVwABnDf,259.000,Fw2XlLSvhDCRIl7z,367.000,md4MdKOU6ZsQ//g0,365.000,MY8Sv42aXxDpCjC4,,,,,,
0,4,2026-04-05T12:40:34.963Z,271.000,7,163.000,BjjWVd8h3JWMBrnK,166.000,zyQbLrDbnVAAyE0h,167.000,TiCg1GW9IStcOras,170.000,q5GVJKHvqVwABnDf,260.000,Fw2XlLSvhDCRIl7z,268.000,md4MdKOU6ZsQ//g0,367.000,MY8Sv42aXxDpCjC4,,,,,,
0,5,2026-04-05T12:40:35.234Z,305.000,7,205.000,zyQbLrDbnVAAyE0h,206.000,TiCg1GW9IStcOras,207.000,BjjWVd8h3JWMBrnK,208.000,q5GVJKHvqVwABnDf,295.000,Fw2XlLSvhDCRIl7z,308.000,md4MdKOU6ZsQ//g0,404.000,MY8Sv42aXxDpCjC4,,,,,,
0,6,2026-04-05T12:40:35.539Z,313.000,8,205.000,zyQbLrDbnVAAyE0h,207.000,BjjWVd8h3JWMBrnK,208.000,q5GVJKHvqVwABnDf,211.000,TiCg1GW9IStcOras,299.000,Fw2XlLSvhDCRIl7z,309.000,md4MdKOU6ZsQ//g0,406.000,MY8Sv42aXxDpCjC4,408.000,SayB0+Vq1qyZnTIu,,,,
0,7,2026-04-05T12:40:35.852Z,301.000,10,196.000,BjjWVd8h3JWMBrnK,198.000,zyQbLrDbnVAAyE0h,201.000,OY9eVeUW8tGGPJFe,204.000,q5GVJKHvqVwABnDf,206.000,TiCg1GW9IStcOras,296.000,Fw2XlLSvhDCRIl7z,350.000,MY8Sv42aXxDpCjC4,305.000,SayB0+Vq1qyZnTIu,307.000,md4MdKOU6ZsQ//g0,1056.000,jIf2AEWi7y2xcK85
0,8,2026-04-05T12:40:36.153Z,247.000,9,202.000,BjjWVd8h3JWMBrnK,205.000,Fw2XlLSvhDCRIl7z,206.000,OY9eVeUW8tGGPJFe,210.000,q5GVJKHvqVwABnDf,214.000,zyQbLrDbnVAAyE0h,215.000,TiCg1GW9IStcOras,247.000,md4MdKOU6ZsQ//g0,305.000,MY8Sv42aXxDpCjC4,307.000,SayB0+Vq1qyZnTIu,,
0,9,2026-04-05T12:40:36.400Z,274.000,9,169.000,q5GVJKHvqVwABnDf,174.000,zyQbLrDbnVAAyE0h,175.000,TiCg1GW9IStcOras,206.000,BjjWVd8h3JWMBrnK,208.000,OY9eVeUW8tGGPJFe,248.000,Fw2XlLSvhDCRIl7z,367.000,MY8Sv42aXxDpCjC4,379.000,md4MdKOU6ZsQ//g0,382.000,SayB0+Vq1qyZnTIu,,
0,10,2026-04-05T12:40:36.674Z,313.000,8,210.000,q5GVJKHvqVwABnDf,212.000,TiCg1GW9IStcOras,213.000,zyQbLrDbnVAAyE0h,238.000,BjjWVd8h3JWMBrnK,251.000,OY9eVeUW8tGGPJFe,298.000,Fw2XlLSvhDCRIl7z,400.000,MY8Sv42aXxDpCjC4,416.000,md4MdKOU6ZsQ//g0,,,,
0,11,2026-04-05T12:40:36.987Z,308.000,9,204.000,q5GVJKHvqVwABnDf,207.000,TiCg1GW9IStcOras,208.000,zyQbLrDbnVAAyE0h,209.000,OY9eVeUW8tGGPJFe,213.000,BjjWVd8h3JWMBrnK,233.000,Fw2XlLSvhDCRIl7z,317.000,SayB0+Vq1qyZnTIu,396.000,MY8Sv42aXxDpCjC4,412.000,md4MdKOU6ZsQ//g0,,
0,12,2026-04-05T12:40:37.295Z,270.000,8,145.000,TiCg1GW9IStcOras,206.000,q5GVJKHvqVwABnDf,207.000,BjjWVd8h3JWMBrnK,210.000,zyQbLrDbnVAAyE0h,212.000,OY9eVeUW8tGGPJFe,255.000,Fw2XlLSvhDCRIl7z,317.000,SayB0+Vq1qyZnTIu,580.000,MY8Sv42aXxDpCjC4,,,,
0,13,2026-04-05T12:40:37.565Z,249.000,9,145.000,q5GVJKHvqVwABnDf,146.000,zyQbLrDbnVAAyE0h,207.000,TiCg1GW9IStcOras,209.000,OY9eVeUW8tGGPJFe,210.000,Fw2XlLSvhDCRIl7z,231.000,BjjWVd8h3JWMBrnK,334.000,MY8Sv42aXxDpCjC4,354.000,md4MdKOU6ZsQ//g0,356.000,SayB0+Vq1qyZnTIu,,
0,14,2026-04-05T12:40:37.814Z,303.000,8,166.000,OY9eVeUW8tGGPJFe,167.000,TiCg1GW9IStcOras,168.000,zyQbLrDbnVAAyE0h,208.000,BjjWVd8h3JWMBrnK,209.000,q5GVJKHvqVwABnDf,269.000,Fw2XlLSvhDCRIl7z,310.000,md4MdKOU6ZsQ//g0,396.000,MY8Sv42aXxDpCjC4,,,,
0,15,2026-04-05T12:40:38.117Z,275.000,9,108.000,zyQbLrDbnVAAyE0h,172.000,Fw2XlLSvhDCRIl7z,196.000,OY9eVeUW8tGGPJFe,204.000,TiCg1GW9IStcOras,207.000,q5GVJKHvqVwABnDf,209.000,BjjWVd8h3JWMBrnK,312.000,md4MdKOU6ZsQ//g0,317.000,MY8Sv42aXxDpCjC4,321.000,SayB0+Vq1qyZnTIu,,
0,16,2026-04-05T12:40:38.392Z,253.000,9,171.000,zyQbLrDbnVAAyE0h,175.000,OY9eVeUW8tGGPJFe,175.000,BjjWVd8h3JWMBrnK,200.000,q5GVJKHvqVwABnDf,207.000,Fw2XlLSvhDCRIl7z,235.000,TiCg1GW9IStcOras,292.000,SayB0+Vq1qyZnTIu,329.000,MY8Sv42aXxDpCjC4,346.000,md4MdKOU6ZsQ//g0,,
0,17,2026-04-05T12:40:38.645Z,271.000,9,138.000,OY9eVeUW8tGGPJFe,139.000,zyQbLrDbnVAAyE0h,187.000,TiCg1GW9IStcOras,200.000,q5GVJKHvqVwABnDf,225.000,Fw2XlLSvhDCRIl7z,244.000,BjjWVd8h3JWMBrnK,345.000,SayB0+Vq1qyZnTIu,347.000,MY8Sv42aXxDpCjC4,556.000,md4MdKOU6ZsQ//g0,,
0,18,2026-04-05T12:40:38.916Z,244.000,10,139.000,TiCg1GW9IStcOras,184.000,zyQbLrDbnVAAyE0h,192.000,q5GVJKHvqVwABnDf,194.000,Fw2XlLSvhDCRIl7z,202.000,BjjWVd8h3JWMBrnK,207.000,OY9eVeUW8tGGPJFe,335.000,md4MdKOU6ZsQ//g0,306.000,SayB0+Vq1qyZnTIu,318.000,MY8Sv42aXxDpCjC4,689.000,jIf2AEWi7y2xcK85
0,19,2026-04-05T12:40:39.160Z,273.000,9,168.000,OY9eVeUW8tGGPJFe,183.000,Fw2XlLSvhDCRIl7z,191.000,TiCg1GW9IStcOras,237.000,zyQbLrDbnVAAyE0h,256.000,q5GVJKHvqVwABnDf,265.000,BjjWVd8h3JWMBrnK,369.000,SayB0+Vq1qyZnTIu,379.000,md4MdKOU6ZsQ//g0,381.000,MY8Sv42aXxDpCjC4,,
0,20,2026-04-05T12:40:39.433Z,243.000,9,136.000,Fw2XlLSvhDCRIl7z,190.000,q5GVJKHvqVwABnDf,206.000,OY9eVeUW8tGGPJFe,215.000,BjjWVd8h3JWMBrnK,220.000,zyQbLrDbnVAAyE0h,225.000,TiCg1GW9IStcOras,318.000,MY8Sv42aXxDpCjC4,333.000,md4MdKOU6ZsQ//g0,346.000,SayB0+Vq1qyZnTIu,,
0,21,2026-04-05T12:40:39.676Z,275.000,9,171.000,OY9eVeUW8tGGPJFe,190.000,TiCg1GW9IStcOras,203.000,Fw2XlLSvhDCRIl7z,236.000,zyQbLrDbnVAAyE0h,252.000,q5GVJKHvqVwABnDf,264.000,BjjWVd8h3JWMBrnK,368.000,SayB0+Vq1qyZnTIu,379.000,MY8Sv42aXxDpCjC4,381.000,md4MdKOU6ZsQ//g0,,
0,22,2026-04-05T12:40:39.951Z,271.000,9,122.000,TiCg1GW9IStcOras,183.000,q5GVJKHvqVwABnDf,189.000,Fw2XlLSvhDCRIl7z,206.000,OY9eVeUW8tGGPJFe,212.000,BjjWVd8h3JWMBrnK,215.000,zyQbLrDbnVAAyE0h,315.000,MY8Sv42aXxDpCjC4,300.000,SayB0+Vq1qyZnTIu,328.000,md4MdKOU6ZsQ//g0,,
0,23,2026-04-05T12:40:40.222Z,264.000,9,124.000,q5GVJKHvqVwABnDf,161.000,TiCg1GW9IStcOras,170.000,OY9eVeUW8tGGPJFe,193.000,Fw2XlLSvhDCRIl7z,203.000,zyQbLrDbnVAAyE0h,234.000,BjjWVd8h3JWMBrnK,338.000,SayB0+Vq1qyZnTIu,343.000,md4MdKOU6ZsQ//g0,345.000,MY8Sv42aXxDpCjC4,,
0,24,2026-04-05T12:40:40.486Z,218.000,9,114.000,Fw2XlLSvhDCRIl7z,183.000,OY9eVeUW8tGGPJFe,192.000,zyQbLrDbnVAAyE0h,199.000,BjjWVd8h3JWMBrnK,204.000,TiCg1GW9IStcOras,206.000,q5GVJKHvqVwABnDf,304.000,MY8Sv42aXxDpCjC4,280.000,SayB0+Vq1qyZnTIu,313.000,md4MdKOU6ZsQ//g0,,
0,25,2026-04-05T12:40:40.704Z,301.000,9,159.000,Fw2XlLSvhDCRIl7z,190.000,BjjWVd8h3JWMBrnK,194.000,TiCg1GW9IStcOras,228.000,OY9eVeUW8tGGPJFe,234.000,zyQbLrDbnVAAyE0h,249.000,q5GVJKHvqVwABnDf,367.000,SayB0+Vq1qyZnTIu,303.000,MY8Sv42aXxDpCjC4,363.000,md4MdKOU6ZsQ//g0,,
0,26,2026-04-05T12:40:41.005Z,246.000,9,109.000,Fw2XlLSvhDCRIl7z,174.000,BjjWVd8h3JWMBrnK,181.000,OY9eVeUW8tGGPJFe,189.000,zyQbLrDbnVAAyE0h,204.000,q5GVJKHvqVwABnDf,211.000,TiCg1GW9IStcOras,314.000,MY8Sv42aXxDpCjC4,278.000,SayB0+Vq1qyZnTIu,307.000,md4MdKOU6ZsQ//g0,,
0,27,2026-04-05T12:40:41.251Z,268.000,9,163.000,Fw2XlLSvhDCRIl7z,170.000,TiCg1GW9IStcOras,171.000,BjjWVd8h3JWMBrnK,193.000,OY9eVeUW8tGGPJFe,203.000,zyQbLrDbnVAAyE0h,214.000,q5GVJKHvqVwABnDf,343.000,SayB0+Vq1qyZnTIu,274.000,MY8Sv42aXxDpCjC4,344.000,md4MdKOU6ZsQ//g0,,
0,28,2026-04-05T12:40:41.519Z,218.000,9,110.000,TiCg1GW9IStcOras,141.000,zyQbLrDbnVAAyE0h,142.000,Fw2XlLSvhDCRIl7z,178.000,BjjWVd8h3JWMBrnK,202.000,q5GVJKHvqVwABnDf,211.000,OY9eVeUW8tGGPJFe,315.000,MY8Sv42aXxDpCjC4,304.000,SayB0+Vq1qyZnTIu,310.000,md4MdKOU6ZsQ//g0,,
0,29,2026-04-05T12:40:41.737Z,295.000,9,188.000,BjjWVd8h3JWMBrnK,194.000,Fw2XlLSvhDCRIl7z,204.000,TiCg1GW9IStcOras,217.000,OY9eVeUW8tGGPJFe,233.000,zyQbLrDbnVAAyE0h,244.000,q5GVJKHvqVwABnDf,295.000,SayB0+Vq1qyZnTIu,376.000,md4MdKOU6ZsQ//g0,377.000,MY8Sv42aXxDpCjC4,,
0,30,2026-04-05T12:40:42.032Z,221.000,9,116.000,TiCg1GW9IStcOras,144.000,zyQbLrDbnVAAyE0h,203.000,q5GVJKHvqVwABnDf,206.000,BjjWVd8h3JWMBrnK,208.000,Fw2XlLSvhDCRIl7z,210.000,OY9eVeUW8tGGPJFe,317.000,MY8Sv42aXxDpCjC4,310.000,SayB0+Vq1qyZnTIu,311.000,md4MdKOU6ZsQ//g0,,
0,31,2026-04-05T12:40:42.253Z,298.000,9,192.000,BjjWVd8h3JWMBrnK,201.000,Fw2XlLSvhDCRIl7z,205.000,TiCg1GW9IStcOras,214.000,OY9eVeUW8tGGPJFe,231.000,zyQbLrDbnVAAyE0h,243.000,q5GVJKHvqVwABnDf,297.000,SayB0+Vq1qyZnTIu,305.000,MY8Sv42aXxDpCjC4,398.000,md4MdKOU6ZsQ//g0,,
0,32,2026-04-05T12:40:42.551Z,256.000,9,112.000,Fw2XlLSvhDCRIl7z,113.000,TiCg1GW9IStcOras,203.000,BjjWVd8h3JWMBrnK,225.000,OY9eVeUW8tGGPJFe,242.000,zyQbLrDbnVAAyE0h,254.000,q5GVJKHvqVwABnDf,315.000,MY8Sv42aXxDpCjC4,307.000,md4MdKOU6ZsQ//g0,309.000,SayB0+Vq1qyZnTIu,,
0,33,2026-04-05T12:40:42.807Z,260.000,9,156.000,BjjWVd8h3JWMBrnK,172.000,Fw2XlLSvhDCRIl7z,176.000,OY9eVeUW8tGGPJFe,188.000,TiCg1GW9IStcOras,196.000,zyQbLrDbnVAAyE0h,206.000,q5GVJKHvqVwABnDf,260.000,SayB0+Vq1qyZnTIu,360.000,md4MdKOU6ZsQ//g0,468.000,MY8Sv42aXxDpCjC4,,
0,34,2026-04-05T12:40:43.067Z,273.000,9,141.000,TiCg1GW9IStcOras,152.000,Fw2XlLSvhDCRIl7z,175.000,OY9eVeUW8tGGPJFe,203.000,BjjWVd8h3JWMBrnK,239.000,zyQbLrDbnVAAyE0h,254.000,q5GVJKHvqVwABnDf,315.000,MY8Sv42aXxDpCjC4,309.000,md4MdKOU6ZsQ//g0,310.000,SayB0+Vq1qyZnTIu,,
0,35,2026-04-05T12:40:43.340Z,246.000,9,130.000,Fw2XlLSvhDCRIl7z,137.000,OY9eVeUW8tGGPJFe,177.000,zyQbLrDbnVAAyE0h,188.000,q5GVJKHvqVwABnDf,205.000,TiCg1GW9IStcOras,239.000,BjjWVd8h3JWMBrnK,346.000,SayB0+Vq1qyZnTIu,343.000,md4MdKOU6ZsQ//g0,351.000,MY8Sv42aXxDpCjC4,,
0,36,2026-04-05T12:40:43.586Z,301.000,9,146.000,OY9eVeUW8tGGPJFe,147.000,Fw2XlLSvhDCRIl7z,149.000,q5GVJKHvqVwABnDf,165.000,TiCg1GW9IStcOras,198.000,BjjWVd8h3JWMBrnK,234.000,zyQbLrDbnVAAyE0h,301.000,md4MdKOU6ZsQ//g0,307.000,SayB0+Vq1qyZnTIu,309.000,MY8Sv42aXxDpCjC4,,
0,37,2026-04-05T12:40:43.887Z,213.000,9,109.000,OY9eVeUW8tGGPJFe,111.000,Fw2XlLSvhDCRIl7z,138.000,TiCg1GW9IStcOras,140.000,zyQbLrDbnVAAyE0h,145.000,BjjWVd8h3JWMBrnK,195.000,q5GVJKHvqVwABnDf,249.000,MY8Sv42aXxDpCjC4,306.000,SayB0+Vq1qyZnTIu,308.000,md4MdKOU6ZsQ//g0,,
0,38,2026-04-05T12:40:44.100Z,304.000,9,132.000,TiCg1GW9IStcOras,142.000,zyQbLrDbnVAAyE0h,202.000,BjjWVd8h3JWMBrnK,204.000,OY9eVeUW8tGGPJFe,207.000,Fw2XlLSvhDCRIl7z,240.000,q5GVJKHvqVwABnDf,311.000,SayB0+Vq1qyZnTIu,307.000,md4MdKOU6ZsQ//g0,344.000,MY8Sv42aXxDpCjC4,,
0,39,2026-04-05T12:40:44.404Z,258.000,9,108.000,TiCg1GW9IStcOras,109.000,BjjWVd8h3JWMBrnK,191.000,zyQbLrDbnVAAyE0h,205.000,q5GVJKHvqVwABnDf,208.000,OY9eVeUW8tGGPJFe,213.000,Fw2XlLSvhDCRIl7z,320.000,MY8Sv42aXxDpCjC4,295.000,SayB0+Vq1qyZnTIu,312.000,md4MdKOU6ZsQ//g0,,
0,40,2026-04-05T12:40:44.662Z,260.000,9,154.000,OY9eVeUW8tGGPJFe,157.000,BjjWVd8h3JWMBrnK,189.000,zyQbLrDbnVAAyE0h,193.000,Fw2XlLSvhDCRIl7z,200.000,q5GVJKHvqVwABnDf,242.000,TiCg1GW9IStcOras,296.000,MY8Sv42aXxDpCjC4,265.000,md4MdKOU6ZsQ//g0,324.000,SayB0+Vq1qyZnTIu,,
0,41,2026-04-05T12:40:44.922Z,258.000,9,136.000,zyQbLrDbnVAAyE0h,150.000,OY9eVeUW8tGGPJFe,188.000,TiCg1GW9IStcOras,207.000,BjjWVd8h3JWMBrnK,211.000,Fw2XlLSvhDCRIl7z,248.000,q5GVJKHvqVwABnDf,311.000,md4MdKOU6ZsQ//g0,345.000,MY8Sv42aXxDpCjC4,359.000,SayB0+Vq1qyZnTIu,,
0,42,2026-04-05T12:40:45.180Z,265.000,9,152.000,zyQbLrDbnVAAyE0h,157.000,OY9eVeUW8tGGPJFe,191.000,Fw2XlLSvhDCRIl7z,199.000,q5GVJKHvqVwABnDf,220.000,BjjWVd8h3JWMBrnK,244.000,TiCg1GW9IStcOras,323.000,SayB0+Vq1qyZnTIu,361.000,md4MdKOU6ZsQ//g0,365.000,MY8Sv42aXxDpCjC4,,
0,43,2026-04-05T12:40:45.445Z,299.000,9,144.000,OY9eVeUW8tGGPJFe,173.000,zyQbLrDbnVAAyE0h,194.000,TiCg1GW9IStcOras,234.000,BjjWVd8h3JWMBrnK,235.000,Fw2XlLSvhDCRIl7z,242.000,q5GVJKHvqVwABnDf,338.000,MY8Sv42aXxDpCjC4,350.000,md4MdKOU6ZsQ//g0,354.000,SayB0+Vq1qyZnTIu,,
0,44,2026-04-05T12:40:45.744Z,219.000,9,114.000,zyQbLrDbnVAAyE0h,145.000,OY9eVeUW8tGGPJFe,172.000,BjjWVd8h3JWMBrnK,193.000,TiCg1GW9IStcOras,204.000,q5GVJKHvqVwABnDf,212.000,Fw2XlLSvhDCRIl7z,277.000,SayB0+Vq1qyZnTIu,248.000,MY8Sv42aXxDpCjC4,309.000,md4MdKOU6ZsQ//g0,,
0,45,2026-04-05T12:40:45.963Z,295.000,9,181.000,OY9eVeUW8tGGPJFe,191.000,q5GVJKHvqVwABnDf,193.000,zyQbLrDbnVAAyE0h,198.000,TiCg1GW9IStcOras,228.000,Fw2XlLSvhDCRIl7z,234.000,BjjWVd8h3JWMBrnK,338.000,MY8Sv42aXxDpCjC4,355.000,md4MdKOU6ZsQ//g0,356.000,SayB0+Vq1qyZnTIu,,
0,46,2026-04-05T12:40:46.258Z,247.000,9,196.000,TiCg1GW9IStcOras,205.000,BjjWVd8h3JWMBrnK,206.000,q5GVJKHvqVwABnDf,208.000,zyQbLrDbnVAAyE0h,210.000,Fw2XlLSvhDCRIl7z,212.000,OY9eVeUW8tGGPJFe,311.000,SayB0+Vq1qyZnTIu,309.000,md4MdKOU6ZsQ//g0,327.000,MY8Sv42aXxDpCjC4,,
0,47,2026-04-05T12:40:46.505Z,276.000,9,167.000,BjjWVd8h3JWMBrnK,173.000,OY9eVeUW8tGGPJFe,174.000,q5GVJKHvqVwABnDf,204.000,Fw2XlLSvhDCRIl7z,256.000,TiCg1GW9IStcOras,268.000,zyQbLrDbnVAAyE0h,276.000,SayB0+Vq1qyZnTIu,369.000,md4MdKOU6ZsQ//g0,314.000,MY8Sv42aXxDpCjC4,,
0,48,2026-04-05T12:40:46.781Z,303.000,9,137.000,Fw2XlLSvhDCRIl7z,194.000,BjjWVd8h3JWMBrnK,206.000,OY9eVeUW8tGGPJFe,209.000,TiCg1GW9IStcOras,210.000,q5GVJKHvqVwABnDf,211.000,zyQbLrDbnVAAyE0h,303.000,md4MdKOU6ZsQ//g0,347.000,MY8Sv42aXxDpCjC4,313.000,SayB0+Vq1qyZnTIu,,
0,49,2026-04-05T12:40:47.084Z,218.000,9,111.000,q5GVJKHvqVwABnDf,112.000,BjjWVd8h3JWMBrnK,114.000,TiCg1GW9IStcOras,147.000,Fw2XlLSvhDCRIl7z,207.000,zyQbLrDbnVAAyE0h,212.000,OY9eVeUW8tGGPJFe,217.000,SayB0+Vq1qyZnTIu,249.000,MY8Sv42aXxDpCjC4,311.000,md4MdKOU6ZsQ//g0,,
0,50,2026-04-05T12:40:47.302Z,299.000,9,196.000,BjjWVd8h3JWMBrnK,202.000,Fw2XlLSvhDCRIl7z,203.000,OY9eVeUW8tGGPJFe,205.000,q5GVJKHvqVwABnDf,207.000,TiCg1GW9IStcOras,296.000,zyQbLrDbnVAAyE0h,299.000,md4MdKOU6ZsQ//g0,341.000,MY8Sv42aXxDpCjC4,309.000,SayB0+Vq1qyZnTIu,,
0,51,2026-04-05T12:40:47.601Z,219.000,9,111.000,BjjWVd8h3JWMBrnK,115.000,q5GVJKHvqVwABnDf,116.000,TiCg1GW9IStcOras,205.000,zyQbLrDbnVAAyE0h,212.000,OY9eVeUW8tGGPJFe,214.000,Fw2XlLSvhDCRIl7z,219.000,SayB0+Vq1qyZnTIu,310.000,md4MdKOU6ZsQ//g0,427.000,MY8Sv42aXxDpCjC4,,
0,52,2026-04-05T12:40:47.820Z,296.000,9,191.000,TiCg1GW9IStcOras,194.000,zyQbLrDbnVAAyE0h,195.000,BjjWVd8h3JWMBrnK,201.000,OY9eVeUW8tGGPJFe,209.000,q5GVJKHvqVwABnDf,229.000,Fw2XlLSvhDCRIl7z,296.000,md4MdKOU6ZsQ//g0,340.000,MY8Sv42aXxDpCjC4,310.000,SayB0+Vq1qyZnTIu,,
0,53,2026-04-05T12:40:48.116Z,223.000,9,117.000,BjjWVd8h3JWMBrnK,119.000,q5GVJKHvqVwABnDf,121.000,TiCg1GW9IStcOras,206.000,zyQbLrDbnVAAyE0h,208.000,Fw2XlLSvhDCRIl7z,213.000,OY9eVeUW8tGGPJFe,223.000,SayB0+Vq1qyZnTIu,257.000,MY8Sv42aXxDpCjC4,311.000,md4MdKOU6ZsQ//g0,,
0,54,2026-04-05T12:40:48.339Z,293.000,9,191.000,TiCg1GW9IStcOras,192.000,BjjWVd8h3JWMBrnK,193.000,zyQbLrDbnVAAyE0h,195.000,q5GVJKHvqVwABnDf,199.000,OY9eVeUW8tGGPJFe,225.000,Fw2XlLSvhDCRIl7z,317.000,MY8Sv42aXxDpCjC4,296.000,md4MdKOU6ZsQ//g0,307.000,SayB0+Vq1qyZnTIu,,
0,55,2026-04-05T12:40:48.632Z,210.000,9,118.000,BjjWVd8h3JWMBrnK,122.000,TiCg1GW9IStcOras,123.000,q5GVJKHvqVwABnDf,143.000,OY9eVeUW8tGGPJFe,149.000,Fw2XlLSvhDCRIl7z,205.000,zyQbLrDbnVAAyE0h,255.000,MY8Sv42aXxDpCjC4,225.000,SayB0+Vq1qyZnTIu,310.000,md4MdKOU6ZsQ//g0,,
0,56,2026-04-05T12:40:48.842Z,246.000,9,118.000,BjjWVd8h3JWMBrnK,141.000,OY9eVeUW8tGGPJFe,199.000,Fw2XlLSvhDCRIl7z,202.000,zyQbLrDbnVAAyE0h,203.000,q5GVJKHvqVwABnDf,205.000,TiCg1GW9IStcOras,246.000,SayB0+Vq1qyZnTIu,252.000,MY8Sv42aXxDpCjC4,312.000,md4MdKOU6ZsQ//g0,,
0,57,2026-04-05T12:40:49.088Z,270.000,9,163.000,zyQbLrDbnVAAyE0h,167.000,BjjWVd8h3JWMBrnK,188.000,Fw2XlLSvhDCRIl7z,206.000,OY9eVeUW8tGGPJFe,219.000,q5GVJKHvqVwABnDf,263.000,TiCg1GW9IStcOras,270.000,md4MdKOU6ZsQ//g0,308.000,SayB0+Vq1qyZnTIu,312.000,MY8Sv42aXxDpCjC4,,
0,58,2026-04-05T12:40:49.358Z,250.000,9,141.000,BjjWVd8h3JWMBrnK,198.000,Fw2XlLSvhDCRIl7z,201.000,zyQbLrDbnVAAyE0h,216.000,q5GVJKHvqVwABnDf,221.000,TiCg1GW9IStcOras,239.000,OY9eVeUW8tGGPJFe,250.000,SayB0+Vq1qyZnTIu,311.000,md4MdKOU6ZsQ//g0,349.000,MY8Sv42aXxDpCjC4,,
0,59,2026-04-05T12:40:49.608Z,268.000,9,162.000,zyQbLrDbnVAAyE0h,164.000,BjjWVd8h3JWMBrnK,215.000,q5GVJKHvqVwABnDf,255.000,Fw2XlLSvhDCRIl7z,258.000,TiCg1GW9IStcOras,266.000,OY9eVeUW8tGGPJFe,268.000,md4MdKOU6ZsQ//g0,308.000,MY8Sv42aXxDpCjC4,310.000,SayB0+Vq1qyZnTIu,,
0,60,2026-04-05T12:40:49.876Z,249.000,9,144.000,BjjWVd8h3JWMBrnK,198.000,TiCg1GW9IStcOras,200.000,zyQbLrDbnVAAyE0h,215.000,q5GVJKHvqVwABnDf,221.000,Fw2XlLSvhDCRIl7z,237.000,OY9eVeUW8tGGPJFe,248.000,SayB0+Vq1qyZnTIu,310.000,md4MdKOU6ZsQ//g0,349.000,MY8Sv42aXxDpCjC4,,
0,61,2026-04-05T12:40:50.125Z,281.000,9,159.000,TiCg1GW9IStcOras,160.000,zyQbLrDbnVAAyE0h,162.000,BjjWVd8h3JWMBrnK,210.000,q5GVJKHvqVwABnDf,251.000,Fw2XlLSvhDCRIl7z,261.000,OY9eVeUW8tGGPJFe,307.000,SayB0+Vq1qyZnTIu,285.000,md4MdKOU6ZsQ//g0,303.000,MY8Sv42aXxDpCjC4,,
0,62,2026-04-05T12:40:50.406Z,282.000,9,177.000,Fw2XlLSvhDCRIl7z,192.000,OY9eVeUW8tGGPJFe,202.000,q5GVJKHvqVwABnDf,207.000,TiCg1GW9IStcOras,208.000,BjjWVd8h3JWMBrnK,210.000,zyQbLrDbnVAAyE0h,334.000,SayB0+Vq1qyZnTIu,312.000,md4MdKOU6ZsQ//g0,329.000,MY8Sv42aXxDpCjC4,,
0,63,2026-04-05T12:40:50.688Z,239.000,9,129.000,q5GVJKHvqVwABnDf,133.000,BjjWVd8h3JWMBrnK,136.000,TiCg1GW9IStcOras,139.000,zyQbLrDbnVAAyE0h,156.000,Fw2XlLSvhDCRIl7z,219.000,OY9eVeUW8tGGPJFe,239.000,md4MdKOU6ZsQ//g0,258.000,MY8Sv42aXxDpCjC4,259.000,SayB0+Vq1qyZnTIu,,
0,64,2026-04-05T12:40:50.927Z,277.000,9,129.000,q5GVJKHvqVwABnDf,173.000,Fw2XlLSvhDCRIl7z,205.000,TiCg1GW9IStcOras,206.000,BjjWVd8h3JWMBrnK,209.000,zyQbLrDbnVAAyE0h,214.000,OY9eVeUW8tGGPJFe,327.000,SayB0+Vq1qyZnTIu,311.000,md4MdKOU6ZsQ//g0,326.000,MY8Sv42aXxDpCjC4,,
0,65,2026-04-05T12:40:51.204Z,241.000,9,135.000,BjjWVd8h3JWMBrnK,138.000,Fw2XlLSvhDCRIl7z,153.000,zyQbLrDbnVAAyE0h,155.000,TiCg1GW9IStcOras,156.000,q5GVJKHvqVwABnDf,219.000,OY9eVeUW8tGGPJFe,240.000,md4MdKOU6ZsQ//g0,343.000,MY8Sv42aXxDpCjC4,449.000,SayB0+Vq1qyZnTIu,,
0,66,2026-04-05T12:40:51.445Z,245.000,9,138.000,TiCg1GW9IStcOras,204.000,BjjWVd8h3JWMBrnK,205.000,q5GVJKHvqVwABnDf,207.000,zyQbLrDbnVAAyE0h,212.000,OY9eVeUW8tGGPJFe,224.000,Fw2XlLSvhDCRIl7z,319.000,SayB0+Vq1qyZnTIu,309.000,md4MdKOU6ZsQ//g0,350.000,MY8Sv42aXxDpCjC4,,
0,67,2026-04-05T12:40:51.690Z,271.000,8,165.000,TiCg1GW9IStcOras,168.000,Fw2XlLSvhDCRIl7z,170.000,BjjWVd8h3JWMBrnK,187.000,q5GVJKHvqVwABnDf,219.000,zyQbLrDbnVAAyE0h,246.000,OY9eVeUW8tGGPJFe,271.000,md4MdKOU6ZsQ//g0,339.000,SayB0+Vq1qyZnTIu,,,,
0,68,2026-04-05T12:40:51.961Z,262.000,9,134.000,OY9eVeUW8tGGPJFe,139.000,TiCg1GW9IStcOras,172.000,BjjWVd8h3JWMBrnK,175.000,zyQbLrDbnVAAyE0h,207.000,Fw2XlLSvhDCRIl7z,223.000,q5GVJKHvqVwABnDf,274.000,MY8Sv42aXxDpCjC4,319.000,SayB0+Vq1qyZnTIu,309.000,md4MdKOU6ZsQ//g0,,
0,69,2026-04-05T12:40:52.223Z,258.000,9,149.000,zyQbLrDbnVAAyE0h,154.000,TiCg1GW9IStcOras,168.000,BjjWVd8h3JWMBrnK,169.000,q5GVJKHvqVwABnDf,171.000,Fw2XlLSvhDCRIl7z,215.000,OY9eVeUW8tGGPJFe,270.000,SayB0+Vq1qyZnTIu,322.000,md4MdKOU6ZsQ//g0,320.000,MY8Sv42aXxDpCjC4,,
0,70,2026-04-05T12:40:52.481Z,251.000,9,117.000,q5GVJKHvqVwABnDf,160.000,TiCg1GW9IStcOras,164.000,Fw2XlLSvhDCRIl7z,167.000,zyQbLrDbnVAAyE0h,180.000,OY9eVeUW8tGGPJFe,200.000,BjjWVd8h3JWMBrnK,405.000,MY8Sv42aXxDpCjC4,406.000,md4MdKOU6ZsQ//g0,407.000,SayB0+Vq1qyZnTIu,,
0,71,2026-04-05T12:40:52.732Z,264.000,9,160.000,OY9eVeUW8tGGPJFe,163.000,zyQbLrDbnVAAyE0h,217.000,TiCg1GW9IStcOras,218.000,q5GVJKHvqVwABnDf,253.000,BjjWVd8h3JWMBrnK,260.000,Fw2XlLSvhDCRIl7z,363.000,md4MdKOU6ZsQ//g0,362.000,MY8Sv42aXxDpCjC4,365.000,SayB0+Vq1qyZnTIu,,
0,72,2026-04-05T12:40:52.996Z,266.000,9,161.000,q5GVJKHvqVwABnDf,186.000,zyQbLrDbnVAAyE0h,189.000,OY9eVeUW8tGGPJFe,203.000,Fw2XlLSvhDCRIl7z,240.000,BjjWVd8h3JWMBrnK,262.000,TiCg1GW9IStcOras,361.000,SayB0+Vq1qyZnTIu,371.000,MY8Sv42aXxDpCjC4,611.000,md4MdKOU6ZsQ//g0,,
0,73,2026-04-05T12:40:53.262Z,257.000,9,144.000,Fw2XlLSvhDCRIl7z,145.000,OY9eVeUW8tGGPJFe,151.000,zyQbLrDbnVAAyE0h,152.000,q5GVJKHvqVwABnDf,199.000,BjjWVd8h3JWMBrnK,234.000,TiCg1GW9IStcOras,348.000,md4MdKOU6ZsQ//g0,342.000,MY8Sv42aXxDpCjC4,343.000,SayB0+Vq1qyZnTIu,,
0,74,2026-04-05T12:40:53.519Z,259.000,9,136.000,OY9eVeUW8tGGPJFe,154.000,q5GVJKHvqVwABnDf,190.000,BjjWVd8h3JWMBrnK,203.000,zyQbLrDbnVAAyE0h,206.000,Fw2XlLSvhDCRIl7z,251.000,TiCg1GW9IStcOras,293.000,SayB0+Vq1qyZnTIu,304.000,MY8Sv42aXxDpCjC4,305.000,md4MdKOU6ZsQ//g0,,
0,75,2026-04-05T12:40:53.778Z,258.000,9,150.000,OY9eVeUW8tGGPJFe,153.000,Fw2XlLSvhDCRIl7z,208.000,q5GVJKHvqVwABnDf,212.000,zyQbLrDbnVAAyE0h,231.000,TiCg1GW9IStcOras,238.000,BjjWVd8h3JWMBrnK,381.000,md4MdKOU6ZsQ//g0,354.000,MY8Sv42aXxDpCjC4,342.000,SayB0+Vq1qyZnTIu,,
0,76,2026-04-05T12:40:54.036Z,291.000,9,187.000,BjjWVd8h3JWMBrnK,192.000,Fw2XlLSvhDCRIl7z,205.000,q5GVJKHvqVwABnDf,226.000,OY9eVeUW8tGGPJFe,247.000,TiCg1GW9IStcOras,249.000,zyQbLrDbnVAAyE0h,291.000,SayB0+Vq1qyZnTIu,301.000,MY8Sv42aXxDpCjC4,308.000,md4MdKOU6ZsQ//g0,,
0,77,2026-04-05T12:40:54.327Z,244.000,9,109.000,Fw2XlLSvhDCRIl7z,138.000,zyQbLrDbnVAAyE0h,141.000,OY9eVeUW8tGGPJFe,163.000,TiCg1GW9IStcOras,174.000,q5GVJKHvqVwABnDf,205.000,BjjWVd8h3JWMBrnK,318.000,MY8Sv42aXxDpCjC4,308.000,SayB0+Vq1qyZnTIu,321.000,md4MdKOU6ZsQ//g0,,
0,78,2026-04-05T12:40:54.571Z,262.000,9,130.000,zyQbLrDbnVAAyE0h,138.000,TiCg1GW9IStcOras,142.000,q5GVJKHvqVwABnDf,157.000,OY9eVeUW8tGGPJFe,164.000,BjjWVd8h3JWMBrnK,203.000,Fw2XlLSvhDCRIl7z,268.000,SayB0+Vq1qyZnTIu,286.000,md4MdKOU6ZsQ//g0,295.000,MY8Sv42aXxDpCjC4,,
0,79,2026-04-05T12:40:54.833Z,233.000,9,127.000,BjjWVd8h3JWMBrnK,129.000,q5GVJKHvqVwABnDf,146.000,Fw2XlLSvhDCRIl7z,177.000,zyQbLrDbnVAAyE0h,185.000,OY9eVeUW8tGGPJFe,202.000,TiCg1GW9IStcOras,233.000,md4MdKOU6ZsQ//g0,252.000,MY8Sv42aXxDpCjC4,317.000,SayB0+Vq1qyZnTIu,,
0,80,2026-04-05T12:40:55.066Z,294.000,9,158.000,OY9eVeUW8tGGPJFe,177.000,zyQbLrDbnVAAyE0h,178.000,TiCg1GW9IStcOras,179.000,q5GVJKHvqVwABnDf,204.000,BjjWVd8h3JWMBrnK,226.000,Fw2XlLSvhDCRIl7z,345.000,SayB0+Vq1qyZnTIu,309.000,md4MdKOU6ZsQ//g0,331.000,MY8Sv42aXxDpCjC4,,
0,81,2026-04-05T12:40:55.360Z,222.000,9,119.000,BjjWVd8h3JWMBrnK,120.000,q5GVJKHvqVwABnDf,162.000,zyQbLrDbnVAAyE0h,170.000,Fw2XlLSvhDCRIl7z,209.000,TiCg1GW9IStcOras,210.000,OY9eVeUW8tGGPJFe,222.000,md4MdKOU6ZsQ//g0,273.000,MY8Sv42aXxDpCjC4,308.000,SayB0+Vq1qyZnTIu,,
0,82,2026-04-05T12:40:55.582Z,294.000,9,187.000,q5GVJKHvqVwABnDf,189.000,BjjWVd8h3JWMBrnK,191.000,zyQbLrDbnVAAyE0h,192.000,TiCg1GW9IStcOras,194.000,OY9eVeUW8tGGPJFe,239.000,Fw2XlLSvhDCRIl7z,294.000,SayB0+Vq1qyZnTIu,309.000,md4MdKOU6ZsQ//g0,318.000,MY8Sv42aXxDpCjC4,,
0,83,2026-04-05T12:40:55.876Z,243.000,9,119.000,BjjWVd8h3JWMBrnK,133.000,q5GVJKHvqVwABnDf,167.000,Fw2XlLSvhDCRIl7z,171.000,OY9eVeUW8tGGPJFe,191.000,zyQbLrDbnVAAyE0h,200.000,TiCg1GW9IStcOras,247.000,md4MdKOU6ZsQ//g0,270.000,MY8Sv42aXxDpCjC4,309.000,SayB0+Vq1qyZnTIu,,
0,84,2026-04-05T12:40:56.119Z,276.000,9,170.000,BjjWVd8h3JWMBrnK,172.000,q5GVJKHvqVwABnDf,173.000,Fw2XlLSvhDCRIl7z,174.000,OY9eVeUW8tGGPJFe,175.000,TiCg1GW9IStcOras,176.000,zyQbLrDbnVAAyE0h,277.000,SayB0+Vq1qyZnTIu,289.000,md4MdKOU6ZsQ//g0,388.000,MY8Sv42aXxDpCjC4,,
0,85,2026-04-05T12:40:56.395Z,308.000,8,167.000,OY9eVeUW8tGGPJFe,204.000,BjjWVd8h3JWMBrnK,206.000,zyQbLrDbnVAAyE0h,207.000,TiCg1GW9IStcOras,209.000,Fw2XlLSvhDCRIl7z,210.000,q5GVJKHvqVwABnDf,308.000,SayB0+Vq1qyZnTIu,360.000,md4MdKOU6ZsQ//g0,,,,
0,86,2026-04-05T12:40:56.703Z,231.000,9,143.000,Fw2XlLSvhDCRIl7z,161.000,q5GVJKHvqVwABnDf,163.000,BjjWVd8h3JWMBrnK,187.000,OY9eVeUW8tGGPJFe,201.000,zyQbLrDbnVAAyE0h,209.000,TiCg1GW9IStcOras,266.000,MY8Sv42aXxDpCjC4,309.000,SayB0+Vq1qyZnTIu,415.000,md4MdKOU6ZsQ//g0,,
0,87,2026-04-05T12:40:56.934Z,281.000,9,139.000,Fw2XlLSvhDCRIl7z,177.000,OY9eVeUW8tGGPJFe,181.000,BjjWVd8h3JWMBrnK,182.000,zyQbLrDbnVAAyE0h,185.000,TiCg1GW9IStcOras,186.000,q5GVJKHvqVwABnDf,344.000,MY8Sv42aXxDpCjC4,328.000,SayB0+Vq1qyZnTIu,341.000,md4MdKOU6ZsQ//g0,,
0,88,2026-04-05T12:40:57.215Z,292.000,9,148.000,Fw2XlLSvhDCRIl7z,188.000,OY9eVeUW8tGGPJFe,208.000,zyQbLrDbnVAAyE0h,208.000,BjjWVd8h3JWMBrnK,210.000,q5GVJKHvqVwABnDf,211.000,TiCg1GW9IStcOras,345.000,MY8Sv42aXxDpCjC4,311.000,SayB0+Vq1qyZnTIu,368.000,md4MdKOU6ZsQ//g0,,
0,89,2026-04-05T12:40:57.507Z,231.000,9,121.000,OY9eVeUW8tGGPJFe,124.000,BjjWVd8h3JWMBrnK,126.000,TiCg1GW9IStcOras,165.000,zyQbLrDbnVAAyE0h,205.000,Fw2XlLSvhDCRIl7z,230.000,SayB0+Vq1qyZnTIu,231.000,q5GVJKHvqVwABnDf,288.000,MY8Sv42aXxDpCjC4,324.000,md4MdKOU6ZsQ//g0,,
0,90,2026-04-05T12:40:57.738Z,298.000,9,149.000,TiCg1GW9IStcOras,207.000,OY9eVeUW8tGGPJFe,209.000,q5GVJKHvqVwABnDf,209.000,BjjWVd8h3JWMBrnK,242.000,zyQbLrDbnVAAyE0h,296.000,Fw2XlLSvhDCRIl7z,364.000,MY8Sv42aXxDpCjC4,313.000,SayB0+Vq1qyZnTIu,401.000,md4MdKOU6ZsQ//g0,,
0,91,2026-04-05T12:40:58.036Z,309.000,9,119.000,BjjWVd8h3JWMBrnK,165.000,q5GVJKHvqVwABnDf,209.000,OY9eVeUW8tGGPJFe,212.000,Fw2XlLSvhDCRIl7z,214.000,TiCg1GW9IStcOras,254.000,zyQbLrDbnVAAyE0h,312.000,md4MdKOU6ZsQ//g0,310.000,SayB0+Vq1qyZnTIu,374.000,MY8Sv42aXxDpCjC4,,
0,92,2026-04-05T12:40:58.345Z,252.000,9,166.000,BjjWVd8h3JWMBrnK,168.000,zyQbLrDbnVAAyE0h,205.000,OY9eVeUW8tGGPJFe,207.000,Fw2XlLSvhDCRIl7z,211.000,q5GVJKHvqVwABnDf,214.000,TiCg1GW9IStcOras,252.000,SayB0+Vq1qyZnTIu,272.000,MY8Sv42aXxDpCjC4,309.000,md4MdKOU6ZsQ//g0,,
0,93,2026-04-05T12:40:58.597Z,278.000,9,160.000,q5GVJKHvqVwABnDf,165.000,OY9eVeUW8tGGPJFe,203.000,zyQbLrDbnVAAyE0h,215.000,BjjWVd8h3JWMBrnK,261.000,Fw2XlLSvhDCRIl7z,269.000,TiCg1GW9IStcOras,363.000,md4MdKOU6ZsQ//g0,318.000,SayB0+Vq1qyZnTIu,327.000,MY8Sv42aXxDpCjC4,,
0,94,2026-04-05T12:40:58.875Z,291.000,9,142.000,BjjWVd8h3JWMBrnK,188.000,Fw2XlLSvhDCRIl7z,191.000,OY9eVeUW8tGGPJFe,199.000,TiCg1GW9IStcOras,203.000,q5GVJKHvqVwABnDf,233.000,zyQbLrDbnVAAyE0h,291.000,SayB0+Vq1qyZnTIu,352.000,MY8Sv42aXxDpCjC4,462.000,md4MdKOU6ZsQ//g0,,
0,95,2026-04-05T12:40:59.166Z,236.000,9,117.000,TiCg1GW9IStcOras,148.000,OY9eVeUW8tGGPJFe,150.000,q5GVJKHvqVwABnDf,169.000,BjjWVd8h3JWMBrnK,208.000,Fw2XlLSvhDCRIl7z,211.000,zyQbLrDbnVAAyE0h,308.000,md4MdKOU6ZsQ//g0,274.000,MY8Sv42aXxDpCjC4,320.000,SayB0+Vq1qyZnTIu,,
0,96,2026-04-05T12:40:59.402Z,265.000,9,122.000,OY9eVeUW8tGGPJFe,178.000,q5GVJKHvqVwABnDf,215.000,Fw2XlLSvhDCRIl7z,216.000,TiCg1GW9IStcOras,219.000,BjjWVd8h3JWMBrnK,222.000,zyQbLrDbnVAAyE0h,345.000,MY8Sv42aXxDpCjC4,323.000,SayB0+Vq1qyZnTIu,603.000,md4MdKOU6ZsQ//g0,,
0,97,2026-04-05T12:40:59.667Z,340.000,9,134.000,OY9eVeUW8tGGPJFe,161.000,TiCg1GW9IStcOras,182.000,BjjWVd8h3JWMBrnK,219.000,Fw2XlLSvhDCRIl7z,221.000,zyQbLrDbnVAAyE0h,241.000,q5GVJKHvqVwABnDf,343.000,MY8Sv42aXxDpCjC4,341.000,md4MdKOU6ZsQ//g0,343.000,SayB0+Vq1qyZnTIu,,
0,98,2026-04-05T12:41:00.007Z,173.000,9,68.000,OY9eVeUW8tGGPJFe,128.000,TiCg1GW9IStcOras,130.000,Fw2XlLSvhDCRIl7z,133.000,zyQbLrDbnVAAyE0h,135.000,q5GVJKHvqVwABnDf,147.000,BjjWVd8h3JWMBrnK,253.000,MY8Sv42aXxDpCjC4,250.000,SayB0+Vq1qyZnTIu,278.000,md4MdKOU6ZsQ//g0,,
0,99,2026-04-05T12:41:00.180Z,252.000,9,147.000,OY9eVeUW8tGGPJFe,168.000,TiCg1GW9IStcOras,180.000,BjjWVd8h3JWMBrnK,220.000,Fw2XlLSvhDCRIl7z,224.000,zyQbLrDbnVAAyE0h,227.000,q5GVJKHvqVwABnDf,323.000,md4MdKOU6ZsQ//g0,285.000,SayB0+Vq1qyZnTIu,303.000,MY8Sv42aXxDpCjC4,,
0,100,2026-04-05T12:41:00.432Z,309.000,9,154.000,TiCg1GW9IStcOras,183.000,q5GVJKHvqVwABnDf,205.000,OY9eVeUW8tGGPJFe,216.000,Fw2XlLSvhDCRIl7z,224.000,zyQbLrDbnVAAyE0h,237.000,BjjWVd8h3JWMBrnK,340.000,SayB0+Vq1qyZnTIu,364.000,md4MdKOU6ZsQ//g0,490.000,MY8Sv42aXxDpCjC4,,
0,101,2026-04-05T12:41:00.741Z,271.000,9,143.000,TiCg1GW9IStcOras,179.000,Fw2XlLSvhDCRIl7z,184.000,zyQbLrDbnVAAyE0h,193.000,BjjWVd8h3JWMBrnK,202.000,q5GVJKHvqVwABnDf,206.000,OY9eVeUW8tGGPJFe,337.000,SayB0+Vq1qyZnTIu,297.000,md4MdKOU6ZsQ//g0,401.000,MY8Sv42aXxDpCjC4,,
0,102,2026-04-05T12:41:01.012Z,265.000,9,117.000,zyQbLrDbnVAAyE0h,131.000,BjjWVd8h3JWMBrnK,136.000,Fw2XlLSvhDCRIl7z,137.000,q5GVJKHvqVwABnDf,141.000,OY9eVeUW8tGGPJFe,210.000,TiCg1GW9IStcOras,265.000,md4MdKOU6ZsQ//g0,336.000,SayB0+Vq1qyZnTIu,356.000,MY8Sv42aXxDpCjC4,,
0,103,2026-04-05T12:41:01.277Z,240.000,9,151.000,TiCg1GW9IStcOras,192.000,BjjWVd8h3JWMBrnK,202.000,zyQbLrDbnVAAyE0h,204.000,Fw2XlLSvhDCRIl7z,206.000,q5GVJKHvqVwABnDf,208.000,OY9eVeUW8tGGPJFe,295.000,MY8Sv42aXxDpCjC4,307.000,md4MdKOU6ZsQ//g0,315.000,SayB0+Vq1qyZnTIu,,
0,104,2026-04-05T12:41:01.517Z,274.000,9,147.000,TiCg1GW9IStcOras,152.000,zyQbLrDbnVAAyE0h,170.000,OY9eVeUW8tGGPJFe,171.000,BjjWVd8h3JWMBrnK,173.000,q5GVJKHvqVwABnDf,182.000,Fw2XlLSvhDCRIl7z,274.000,md4MdKOU6ZsQ//g0,365.000,MY8Sv42aXxDpCjC4,308.000,SayB0+Vq1qyZnTIu,,
0,105,2026-04-05T12:41:01.791Z,284.000,9,136.000,q5GVJKHvqVwABnDf,163.000,zyQbLrDbnVAAyE0h,188.000,Fw2XlLSvhDCRIl7z,193.000,BjjWVd8h3JWMBrnK,198.000,OY9eVeUW8tGGPJFe,207.000,TiCg1GW9IStcOras,313.000,SayB0+Vq1qyZnTIu,297.000,MY8Sv42aXxDpCjC4,310.000,md4MdKOU6ZsQ//g0,,
0,106,2026-04-05T12:41:02.075Z,240.000,9,119.000,Fw2XlLSvhDCRIl7z,128.000,q5GVJKHvqVwABnDf,131.000,OY9eVeUW8tGGPJFe,135.000,TiCg1GW9IStcOras,218.000,BjjWVd8h3JWMBrnK,226.000,zyQbLrDbnVAAyE0h,336.000,md4MdKOU6ZsQ//g0,322.000,MY8Sv42aXxDpCjC4,333.000,SayB0+Vq1qyZnTIu,,
0,107,2026-04-05T12:41:02.315Z,296.000,9,188.000,OY9eVeUW8tGGPJFe,194.000,Fw2XlLSvhDCRIl7z,198.000,BjjWVd8h3JWMBrnK,204.000,q5GVJKHvqVwABnDf,207.000,TiCg1GW9IStcOras,290.000,zyQbLrDbnVAAyE0h,303.000,SayB0+Vq1qyZnTIu,304.000,md4MdKOU6ZsQ//g0,378.000,MY8Sv42aXxDpCjC4,,
0,108,2026-04-05T12:41:02.611Z,222.000,9,112.000,OY9eVeUW8tGGPJFe,126.000,q5GVJKHvqVwABnDf,144.000,zyQbLrDbnVAAyE0h,197.000,BjjWVd8h3JWMBrnK,210.000,TiCg1GW9IStcOras,212.000,Fw2XlLSvhDCRIl7z,300.000,MY8Sv42aXxDpCjC4,313.000,SayB0+Vq1qyZnTIu,317.000,md4MdKOU6ZsQ//g0,,
0,109,2026-04-05T12:41:02.833Z,299.000,9,184.000,zyQbLrDbnVAAyE0h,194.000,BjjWVd8h3JWMBrnK,197.000,Fw2XlLSvhDCRIl7z,201.000,q5GVJKHvqVwABnDf,212.000,TiCg1GW9IStcOras,268.000,OY9eVeUW8tGGPJFe,299.000,SayB0+Vq1qyZnTIu,305.000,md4MdKOU6ZsQ//g0,425.000,MY8Sv42aXxDpCjC4,,
0,110,2026-04-05T12:41:03.132Z,309.000,9,131.000,TiCg1GW9IStcOras,155.000,zyQbLrDbnVAAyE0h,208.000,BjjWVd8h3JWMBrnK,211.000,Fw2XlLSvhDCRIl7z,213.000,q5GVJKHvqVwABnDf,231.000,OY9eVeUW8tGGPJFe,315.000,md4MdKOU6ZsQ//g0,310.000,SayB0+Vq1qyZnTIu,335.000,MY8Sv42aXxDpCjC4,,
0,111,2026-04-05T12:41:03.441Z,248.000,9,110.000,TiCg1GW9IStcOras,153.000,q5GVJKHvqVwABnDf,207.000,BjjWVd8h3JWMBrnK,208.000,zyQbLrDbnVAAyE0h,211.000,OY9eVeUW8tGGPJFe,215.000,Fw2XlLSvhDCRIl7z,311.000,SayB0+Vq1qyZnTIu,315.000,md4MdKOU6ZsQ//g0,333.000,MY8Sv42aXxDpCjC4,,
0,112,2026-04-05T12:41:03.689Z,275.000,9,170.000,BjjWVd8h3JWMBrnK,172.000,Fw2XlLSvhDCRIl7z,176.000,q5GVJKHvqVwABnDf,190.000,zyQbLrDbnVAAyE0h,201.000,TiCg1GW9IStcOras,203.000,OY9eVeUW8tGGPJFe,275.000,md4MdKOU6ZsQ//g0,316.000,SayB0+Vq1qyZnTIu,296.000,MY8Sv42aXxDpCjC4,,
0,113,2026-04-05T12:41:03.964Z,251.000,9,139.000,TiCg1GW9IStcOras,148.000,q5GVJKHvqVwABnDf,197.000,BjjWVd8h3JWMBrnK,199.000,zyQbLrDbnVAAyE0h,204.000,Fw2XlLSvhDCRIl7z,206.000,OY9eVeUW8tGGPJFe,329.000,MY8Sv42aXxDpCjC4,302.000,SayB0+Vq1qyZnTIu,312.000,md4MdKOU6ZsQ//g0,,
0,114,2026-04-05T12:41:04.215Z,280.000,8,162.000,OY9eVeUW8tGGPJFe,164.000,BjjWVd8h3JWMBrnK,177.000,Fw2XlLSvhDCRIl7z,181.000,zyQbLrDbnVAAyE0h,187.000,TiCg1GW9IStcOras,203.000,q5GVJKHvqVwABnDf,359.000,SayB0+Vq1qyZnTIu,297.000,MY8Sv42aXxDpCjC4,,,,
0,115,2026-04-05T12:41:04.495Z,267.000,9,128.000,q5GVJKHvqVwABnDf,181.000,BjjWVd8h3JWMBrnK,190.000,TiCg1GW9IStcOras,203.000,OY9eVeUW8tGGPJFe,263.000,Fw2XlLSvhDCRIl7z,264.000,zyQbLrDbnVAAyE0h,326.000,MY8Sv42aXxDpCjC4,333.000,md4MdKOU6ZsQ//g0,305.000,SayB0+Vq1qyZnTIu,,
0,116,2026-04-05T12:41:04.762Z,267.000,9,161.000,BjjWVd8h3JWMBrnK,165.000,zyQbLrDbnVAAyE0h,169.000,q5GVJKHvqVwABnDf,184.000,OY9eVeUW8tGGPJFe,186.000,Fw2XlLSvhDCRIl7z,204.000,TiCg1GW9IStcOras,267.000,MY8Sv42aXxDpCjC4,340.000,SayB0+Vq1qyZnTIu,449.000,md4MdKOU6ZsQ//g0,,
0,117,2026-04-05T12:41:05.029Z,282.000,9,179.000,BjjWVd8h3JWMBrnK,186.000,OY9eVeUW8tGGPJFe,192.000,Fw2XlLSvhDCRIl7z,204.000,TiCg1GW9IStcOras,207.000,zyQbLrDbnVAAyE0h,210.000,q5GVJKHvqVwABnDf,281.000,SayB0+Vq1qyZnTIu,308.000,MY8Sv42aXxDpCjC4,314.000,md4MdKOU6ZsQ//g0,,
0,118,2026-04-05T12:41:05.311Z,241.000,9,130.000,BjjWVd8h3JWMBrnK,137.000,q5GVJKHvqVwABnDf,164.000,TiCg1GW9IStcOras,165.000,zyQbLrDbnVAAyE0h,218.000,Fw2XlLSvhDCRIl7z,239.000,md4MdKOU6ZsQ//g0,241.000,MY8Sv42aXxDpCjC4,250.000,OY9eVeUW8tGGPJFe,307.000,SayB0+Vq1qyZnTIu,,
0,119,2026-04-05T12:41:05.552Z,272.000,9,167.000,q5GVJKHvqVwABnDf,168.000,BjjWVd8h3JWMBrnK,195.000,TiCg1GW9IStcOras,196.000,zyQbLrDbnVAAyE0h,211.000,Fw2XlLSvhDCRIl7z,222.000,OY9eVeUW8tGGPJFe,272.000,SayB0+Vq1qyZnTIu,307.000,md4MdKOU6ZsQ//g0,310.000,MY8Sv42aXxDpCjC4,,
0,120,2026-04-05T12:41:05.824Z,244.000,9,137.000,TiCg1GW9IStcOras,138.000,BjjWVd8h3JWMBrnK,140.000,q5GVJKHvqVwABnDf,163.000,zyQbLrDbnVAAyE0h,199.000,OY9eVeUW8tGGPJFe,243.000,Fw2XlLSvhDCRIl7z,244.000,md4MdKOU6ZsQ//g0,253.000,MY8Sv42aXxDpCjC4,311.000,SayB0+Vq1qyZnTIu,,
0,121,2026-04-05T12:41:06.068Z,272.000,9,168.000,BjjWVd8h3JWMBrnK,194.000,zyQbLrDbnVAAyE0h,196.000,TiCg1GW9IStcOras,201.000,OY9eVeUW8tGGPJFe,204.000,q5GVJKHvqVwABnDf,212.000,Fw2XlLSvhDCRIl7z,311.000,SayB0+Vq1qyZnTIu,308.000,md4MdKOU6ZsQ//g0,313.000,MY8Sv42aXxDpCjC4,,
0,122,2026-04-05T12:41:06.340Z,248.000,9,131.000,TiCg1GW9IStcOras,139.000,BjjWVd8h3JWMBrnK,144.000,q5GVJKHvqVwABnDf,147.000,Fw2XlLSvhDCRIl7z,163.000,zyQbLrDbnVAAyE0h,205.000,OY9eVeUW8tGGPJFe,248.000,md4MdKOU6ZsQ//g0,251.000,MY8Sv42aXxDpCjC4,255.000,SayB0+Vq1qyZnTIu,,
0,123,2026-04-05T12:41:06.588Z,268.000,9,161.000,TiCg1GW9IStcOras,188.000,zyQbLrDbnVAAyE0h,196.000,OY9eVeUW8tGGPJFe,200.000,q5GVJKHvqVwABnDf,203.000,BjjWVd8h3JWMBrnK,207.000,Fw2XlLSvhDCRIl7z,314.000,SayB0+Vq1qyZnTIu,306.000,md4MdKOU6ZsQ//g0,309.000,MY8Sv42aXxDpCjC4,,
0,124,2026-04-05T12:41:06.856Z,248.000,9,143.000,TiCg1GW9IStcOras,145.000,BjjWVd8h3JWMBrnK,146.000,Fw2XlLSvhDCRIl7z,147.000,q5GVJKHvqVwABnDf,159.000,zyQbLrDbnVAAyE0h,204.000,OY9eVeUW8tGGPJFe,329.000,md4MdKOU6ZsQ//g0,250.000,MY8Sv42aXxDpCjC4,292.000,SayB0+Vq1qyZnTIu,,
0,125,2026-04-05T12:41:07.104Z,270.000,9,165.000,TiCg1GW9IStcOras,195.000,zyQbLrDbnVAAyE0h,204.000,BjjWVd8h3JWMBrnK,207.000,Fw2XlLSvhDCRIl7z,218.000,OY9eVeUW8tGGPJFe,233.000,q5GVJKHvqVwABnDf,352.000,SayB0+Vq1qyZnTIu,309.000,MY8Sv42aXxDpCjC4,313.000,md4MdKOU6ZsQ//g0,,
0,126,2026-04-05T12:41:07.374Z,252.000,8,133.000,q5GVJKHvqVwABnDf,142.000,TiCg1GW9IStcOras,143.000,BjjWVd8h3JWMBrnK,148.000,Fw2XlLSvhDCRIl7z,154.000,OY9eVeUW8tGGPJFe,154.000,zyQbLrDbnVAAyE0h,252.000,MY8Sv42aXxDpCjC4,287.000,SayB0+Vq1qyZnTIu,,,,
0,127,2026-04-05T12:41:07.626Z,214.000,9,159.000,TiCg1GW9IStcOras,163.000,zyQbLrDbnVAAyE0h,196.000,q5GVJKHvqVwABnDf,197.000,Fw2XlLSvhDCRIl7z,202.000,BjjWVd8h3JWMBrnK,211.000,OY9eVeUW8tGGPJFe,307.000,md4MdKOU6ZsQ//g0,309.000,MY8Sv42aXxDpCjC4,315.000,SayB0+Vq1qyZnTIu,,
0,128,2026-04-05T12:41:07.840Z,295.000,8,149.000,TiCg1GW9IStcOras,156.000,zyQbLrDbnVAAyE0h,188.000,q5GVJKHvqVwABnDf,191.000,Fw2XlLSvhDCRIl7z,195.000,BjjWVd8h3JWMBrnK,212.000,OY9eVeUW8tGGPJFe,317.000,SayB0+Vq1qyZnTIu,307.000,md4MdKOU6ZsQ//g0,,,,
0,129,2026-04-05T12:41:08.135Z,215.000,9,114.000,BjjWVd8h3JWMBrnK,118.000,zyQbLrDbnVAAyE0h,148.000,Fw2XlLSvhDCRIl7z,205.000,q5GVJKHvqVwABnDf,207.000,TiCg1GW9IStcOras,210.000,OY9eVeUW8tGGPJFe,222.000,MY8Sv42aXxDpCjC4,250.000,md4MdKOU6ZsQ//g0,323.000,SayB0+Vq1qyZnTIu,,
0,130,2026-04-05T12:41:08.350Z,303.000,9,194.000,zyQbLrDbnVAAyE0h,198.000,TiCg1GW9IStcOras,201.000,OY9eVeUW8tGGPJFe,218.000,q5GVJKHvqVwABnDf,226.000,BjjWVd8h3JWMBrnK,243.000,Fw2XlLSvhDCRIl7z,340.000,md4MdKOU6ZsQ//g0,407.000,SayB0+Vq1qyZnTIu,331.000,MY8Sv42aXxDpCjC4,,
0,131,2026-04-05T12:41:08.653Z,306.000,9,131.000,zyQbLrDbnVAAyE0h,202.000,OY9eVeUW8tGGPJFe,204.000,Fw2XlLSvhDCRIl7z,206.000,TiCg1GW9IStcOras,208.000,q5GVJKHvqVwABnDf,221.000,BjjWVd8h3JWMBrnK,336.000,MY8Sv42aXxDpCjC4,343.000,md4MdKOU6ZsQ//g0,324.000,SayB0+Vq1qyZnTIu,,
0,132,2026-04-05T12:41:08.959Z,241.000,9,108.000,zyQbLrDbnVAAyE0h,132.000,BjjWVd8h3JWMBrnK,191.000,Fw2XlLSvhDCRIl7z,205.000,TiCg1GW9IStcOras,207.000,OY9eVeUW8tGGPJFe,209.000,q5GVJKHvqVwABnDf,241.000,MY8Sv42aXxDpCjC4,338.000,SayB0+Vq1qyZnTIu,448.000,md4MdKOU6ZsQ//g0,,
0,133,2026-04-05T12:41:09.200Z,275.000,9,168.000,zyQbLrDbnVAAyE0h,171.000,Fw2XlLSvhDCRIl7z,173.000,OY9eVeUW8tGGPJFe,177.000,TiCg1GW9IStcOras,190.000,BjjWVd8h3JWMBrnK,216.000,q5GVJKHvqVwABnDf,307.000,md4MdKOU6ZsQ//g0,294.000,SayB0+Vq1qyZnTIu,308.000,MY8Sv42aXxDpCjC4,,
0,134,2026-04-05T12:41:09.475Z,238.000,9,121.000,TiCg1GW9IStcOras,122.000,BjjWVd8h3JWMBrnK,148.000,zyQbLrDbnVAAyE0h,150.000,Fw2XlLSvhDCRIl7z,151.000,q5GVJKHvqVwABnDf,206.000,OY9eVeUW8tGGPJFe,238.000,SayB0+Vq1qyZnTIu,250.000,MY8Sv42aXxDpCjC4,340.000,md4MdKOU6ZsQ//g0,,
0,135,2026-04-05T12:41:09.713Z,277.000,9,123.000,q5GVJKHvqVwABnDf,171.000,TiCg1GW9IStcOras,174.000,OY9eVeUW8tGGPJFe,204.000,BjjWVd8h3JWMBrnK,214.000,zyQbLrDbnVAAyE0h,218.000,Fw2XlLSvhDCRIl7z,309.000,md4MdKOU6ZsQ//g0,307.000,SayB0+Vq1qyZnTIu,323.000,MY8Sv42aXxDpCjC4,,
0,136,2026-04-05T12:41:09.990Z,239.000,8,133.000,BjjWVd8h3JWMBrnK,134.000,TiCg1GW9IStcOras,141.000,zyQbLrDbnVAAyE0h,144.000,q5GVJKHvqVwABnDf,182.000,Fw2XlLSvhDCRIl7z,205.000,OY9eVeUW8tGGPJFe,239.000,SayB0+Vq1qyZnTIu,409.000,md4MdKOU6ZsQ//g0,,,,
0,137,2026-04-05T12:41:10.229Z,278.000,9,163.000,q5GVJKHvqVwABnDf,164.000,zyQbLrDbnVAAyE0h,176.000,OY9eVeUW8tGGPJFe,186.000,Fw2XlLSvhDCRIl7z,199.000,TiCg1GW9IStcOras,202.000,BjjWVd8h3JWMBrnK,306.000,md4MdKOU6ZsQ//g0,308.000,SayB0+Vq1qyZnTIu,312.000,MY8Sv42aXxDpCjC4,,
0,138,2026-04-05T12:41:10.507Z,242.000,9,133.000,q5GVJKHvqVwABnDf,134.000,BjjWVd8h3JWMBrnK,137.000,zyQbLrDbnVAAyE0h,162.000,Fw2XlLSvhDCRIl7z,196.000,TiCg1GW9IStcOras,206.000,OY9eVeUW8tGGPJFe,305.000,md4MdKOU6ZsQ//g0,250.000,MY8Sv42aXxDpCjC4,257.000,SayB0+Vq1qyZnTIu,,
0,139,2026-04-05T12:41:10.749Z,267.000,9,159.000,Fw2XlLSvhDCRIl7z,171.000,OY9eVeUW8tGGPJFe,173.000,zyQbLrDbnVAAyE0h,174.000,q5GVJKHvqVwABnDf,190.000,TiCg1GW9IStcOras,195.000,BjjWVd8h3JWMBrnK,298.000,md4MdKOU6ZsQ//g0,309.000,SayB0+Vq1qyZnTIu,314.000,MY8Sv42aXxDpCjC4,,
0,140,2026-04-05T12:41:11.016Z,249.000,9,139.000,q5GVJKHvqVwABnDf,144.000,zyQbLrDbnVAAyE0h,145.000,Fw2XlLSvhDCRIl7z,160.000,BjjWVd8h3JWMBrnK,212.000,OY9eVeUW8tGGPJFe,219.000,TiCg1GW9IStcOras,264.000,SayB0+Vq1qyZnTIu,290.000,MY8Sv42aXxDpCjC4,339.000,md4MdKOU6ZsQ//g0,,
0,141,2026-04-05T12:41:11.265Z,275.000,9,161.000,Fw2XlLSvhDCRIl7z,164.000,TiCg1GW9IStcOras,167.000,q5GVJKHvqVwABnDf,170.000,zyQbLrDbnVAAyE0h,171.000,OY9eVeUW8tGGPJFe,218.000,BjjWVd8h3JWMBrnK,295.000,md4MdKOU6ZsQ//g0,320.000,SayB0+Vq1qyZnTIu,383.000,MY8Sv42aXxDpCjC4,,
0,142,2026-04-05T12:41:11.540Z,377.000,8,140.000,Fw2XlLSvhDCRIl7z,144.000,zyQbLrDbnVAAyE0h,148.000,BjjWVd8h3JWMBrnK,158.000,q5GVJKHvqVwABnDf,204.000,TiCg1GW9IStcOras,204.000,OY9eVeUW8tGGPJFe,380.000,SayB0+Vq1qyZnTIu,480.000,md4MdKOU6ZsQ//g0,,,,
0,143,2026-04-05T12:41:11.917Z,105.000,9,32.000,Fw2XlLSvhDCRIl7z,34.000,OY9eVeUW8tGGPJFe,35.000,TiCg1GW9IStcOras,72.000,q5GVJKHvqVwABnDf,72.000,zyQbLrDbnVAAyE0h,91.000,MY8Sv42aXxDpCjC4,105.000,BjjWVd8h3JWMBrnK,137.000,md4MdKOU6ZsQ//g0,208.000,SayB0+Vq1qyZnTIu,,
0,144,2026-04-05T12:41:12.022Z,273.000,9,168.000,OY9eVeUW8tGGPJFe,176.000,zyQbLrDbnVAAyE0h,177.000,Fw2XlLSvhDCRIl7z,228.000,q5GVJKHvqVwABnDf,233.000,BjjWVd8h3JWMBrnK,236.000,TiCg1GW9IStcOras,372.000,SayB0+Vq1qyZnTIu,336.000,MY8Sv42aXxDpCjC4,498.000,md4MdKOU6ZsQ//g0,,
0,145,2026-04-05T12:41:12.295Z,278.000,9,109.000,Fw2XlLSvhDCRIl7z,125.000,zyQbLrDbnVAAyE0h,167.000,BjjWVd8h3JWMBrnK,197.000,TiCg1GW9IStcOras,205.000,OY9eVeUW8tGGPJFe,211.000,q5GVJKHvqVwABnDf,337.000,md4MdKOU6ZsQ//g0,304.000,MY8Sv42aXxDpCjC4,329.000,SayB0+Vq1qyZnTIu,,
0,146,2026-04-05T12:41:12.573Z,259.000,9,132.000,TiCg1GW9IStcOras,135.000,OY9eVeUW8tGGPJFe,155.000,BjjWVd8h3JWMBrnK,183.000,Fw2XlLSvhDCRIl7z,193.000,q5GVJKHvqVwABnDf,237.000,zyQbLrDbnVAAyE0h,259.000,SayB0+Vq1qyZnTIu,265.000,md4MdKOU6ZsQ//g0,313.000,MY8Sv42aXxDpCjC4,,
0,147,2026-04-05T12:41:12.832Z,281.000,9,176.000,OY9eVeUW8tGGPJFe,188.000,TiCg1GW9IStcOras,194.000,BjjWVd8h3JWMBrnK,204.000,zyQbLrDbnVAAyE0h,205.000,q5GVJKHvqVwABnDf,218.000,Fw2XlLSvhDCRIl7z,296.000,MY8Sv42aXxDpCjC4,308.000,SayB0+Vq1qyZnTIu,313.000,md4MdKOU6ZsQ//g0,,
0,148,2026-04-05T12:41:13.113Z,281.000,9,130.000,TiCg1GW9IStcOras,131.000,zyQbLrDbnVAAyE0h,133.000,OY9eVeUW8tGGPJFe,190.000,q5GVJKHvqVwABnDf,220.000,BjjWVd8h3JWMBrnK,239.000,md4MdKOU6ZsQ//g0,335.000,SayB0+Vq1qyZnTIu,323.000,MY8Sv42aXxDpCjC4,377.000,Fw2XlLSvhDCRIl7z,,
0,149,2026-04-05T12:41:13.394Z,274.000,8,139.000,TiCg1GW9IStcOras,146.000,OY9eVeUW8tGGPJFe,156.000,zyQbLrDbnVAAyE0h,171.000,BjjWVd8h3JWMBrnK,216.000,q5GVJKHvqVwABnDf,261.000,SayB0+Vq1qyZnTIu,274.000,md4MdKOU6ZsQ//g0,308.000,MY8Sv42aXxDpCjC4,,,,
0,150,2026-04-05T12:41:13.668Z,243.000,9,116.000,OY9eVeUW8tGGPJFe,137.000,Fw2XlLSvhDCRIl7z,152.000,q5GVJKHvqVwABnDf,167.000,TiCg1GW9IStcOras,177.000,BjjWVd8h3JWMBrnK,195.000,zyQbLrDbnVAAyE0h,309.000,md4MdKOU6ZsQ//g0,295.000,SayB0+Vq1qyZnTIu,280.000,MY8Sv42aXxDpCjC4,,
0,151,2026-04-05T12:41:13.911Z,242.000,9,116.000,q5GVJKHvqVwABnDf,133.000,OY9eVeUW8tGGPJFe,156.000,TiCg1GW9IStcOras,199.000,Fw2XlLSvhDCRIl7z,235.000,BjjWVd8h3JWMBrnK,236.000,zyQbLrDbnVAAyE0h,256.000,SayB0+Vq1qyZnTIu,309.000,md4MdKOU6ZsQ//g0,344.000,MY8Sv42aXxDpCjC4,,
0,152,2026-04-05T12:41:14.153Z,273.000,9,175.000,OY9eVeUW8tGGPJFe,201.000,q5GVJKHvqVwABnDf,219.000,BjjWVd8h3JWMBrnK,223.000,zyQbLrDbnVAAyE0h,262.000,Fw2XlLSvhDCRIl7z,265.000,TiCg1GW9IStcOras,340.000,md4MdKOU6ZsQ//g0,321.000,SayB0+Vq1qyZnTIu,413.000,MY8Sv42aXxDpCjC4,,
0,153,2026-04-05T12:41:14.426Z,297.000,9,132.000,q5GVJKHvqVwABnDf,201.000,OY9eVeUW8tGGPJFe,202.000,TiCg1GW9IStcOras,233.000,Fw2XlLSvhDCRIl7z,236.000,zyQbLrDbnVAAyE0h,241.000,BjjWVd8h3JWMBrnK,352.000,SayB0+Vq1qyZnTIu,343.000,MY8Sv42aXxDpCjC4,450.000,md4MdKOU6ZsQ//g0,,
0,154,2026-04-05T12:41:14.723Z,232.000,9,123.000,OY9eVeUW8tGGPJFe,135.000,q5GVJKHvqVwABnDf,144.000,Fw2XlLSvhDCRIl7z,150.000,BjjWVd8h3JWMBrnK,204.000,zyQbLrDbnVAAyE0h,213.000,TiCg1GW9IStcOras,309.000,SayB0+Vq1qyZnTIu,253.000,MY8Sv42aXxDpCjC4,284.000,md4MdKOU6ZsQ//g0,,
0,155,2026-04-05T12:41:14.955Z,230.000,8,122.000,zyQbLrDbnVAAyE0h,123.000,q5GVJKHvqVwABnDf,125.000,BjjWVd8h3JWMBrnK,127.000,TiCg1GW9IStcOras,130.000,Fw2XlLSvhDCRIl7z,147.000,OY9eVeUW8tGGPJFe,229.000,MY8Sv42aXxDpCjC4,286.000,SayB0+Vq1qyZnTIu,,,,
0,156,2026-04-05T12:41:15.185Z,261.000,9,142.000,OY9eVeUW8tGGPJFe,154.000,Fw2XlLSvhDCRIl7z,167.000,TiCg1GW9IStcOras,198.000,zyQbLrDbnVAAyE0h,200.000,q5GVJKHvqVwABnDf,202.000,BjjWVd8h3JWMBrnK,352.000,SayB0+Vq1qyZnTIu,317.000,md4MdKOU6ZsQ//g0,305.000,MY8Sv42aXxDpCjC4,,
0,157,2026-04-05T12:41:15.446Z,247.000,9,124.000,OY9eVeUW8tGGPJFe,142.000,q5GVJKHvqVwABnDf,189.000,Fw2XlLSvhDCRIl7z,202.000,zyQbLrDbnVAAyE0h,205.000,BjjWVd8h3JWMBrnK,214.000,TiCg1GW9IStcOras,274.000,SayB0+Vq1qyZnTIu,308.000,md4MdKOU6ZsQ//g0,322.000,MY8Sv42aXxDpCjC4,,
0,158,2026-04-05T12:41:15.693Z,250.000,9,146.000,Fw2XlLSvhDCRIl7z,147.000,q5GVJKHvqVwABnDf,187.000,OY9eVeUW8tGGPJFe,203.000,zyQbLrDbnVAAyE0h,207.000,BjjWVd8h3JWMBrnK,213.000,TiCg1GW9IStcOras,311.000,MY8Sv42aXxDpCjC4,334.000,SayB0+Vq1qyZnTIu,355.000,md4MdKOU6ZsQ//g0,,
0,159,2026-04-05T12:41:15.943Z,261.000,9,140.000,Fw2XlLSvhDCRIl7z,158.000,zyQbLrDbnVAAyE0h,161.000,OY9eVeUW8tGGPJFe,168.000,q5GVJKHvqVwABnDf,188.000,BjjWVd8h3JWMBrnK,232.000,TiCg1GW9IStcOras,324.000,md4MdKOU6ZsQ//g0,288.000,SayB0+Vq1qyZnTIu,347.000,MY8Sv42aXxDpCjC4,,
0,160,2026-04-05T12:41:16.204Z,256.000,9,117.000,Fw2XlLSvhDCRIl7z,149.000,q5GVJKHvqVwABnDf,205.000,zyQbLrDbnVAAyE0h,210.000,OY9eVeUW8tGGPJFe,210.000,BjjWVd8h3JWMBrnK,217.000,TiCg1GW9IStcOras,312.000,MY8Sv42aXxDpCjC4,325.000,md4MdKOU6ZsQ//g0,329.000,SayB0+Vq1qyZnTIu,,
0,161,2026-04-05T12:41:16.460Z,263.000,9,130.000,TiCg1GW9IStcOras,143.000,OY9eVeUW8tGGPJFe,158.000,Fw2XlLSvhDCRIl7z,166.000,q5GVJKHvqVwABnDf,214.000,BjjWVd8h3JWMBrnK,218.000,zyQbLrDbnVAAyE0h,336.000,SayB0+Vq1qyZnTIu,317.000,md4MdKOU6ZsQ//g0,338.000,MY8Sv42aXxDpCjC4,,
0,162,2026-04-05T12:41:16.723Z,252.000,9,146.000,q5GVJKHvqVwABnDf,149.000,Fw2XlLSvhDCRIl7z,175.000,BjjWVd8h3JWMBrnK,177.000,TiCg1GW9IStcOras,206.000,OY9eVeUW8tGGPJFe,207.000,zyQbLrDbnVAAyE0h,306.000,MY8Sv42aXxDpCjC4,278.000,SayB0+Vq1qyZnTIu,361.000,md4MdKOU6ZsQ//g0,,
0,163,2026-04-05T12:41:16.975Z,266.000,9,165.000,TiCg1GW9IStcOras,167.000,OY9eVeUW8tGGPJFe,169.000,q5GVJKHvqVwABnDf,204.000,Fw2XlLSvhDCRIl7z,209.000,BjjWVd8h3JWMBrnK,216.000,zyQbLrDbnVAAyE0h,334.000,SayB0+Vq1qyZnTIu,313.000,md4MdKOU6ZsQ//g0,362.000,MY8Sv42aXxDpCjC4,,
0,164,2026-04-05T12:41:17.241Z,250.000,9,147.000,Fw2XlLSvhDCRIl7z,169.000,TiCg1GW9IStcOras,204.000,OY9eVeUW8tGGPJFe,204.000,zyQbLrDbnVAAyE0h,212.000,q5GVJKHvqVwABnDf,245.000,BjjWVd8h3JWMBrnK,299.000,MY8Sv42aXxDpCjC4,351.000,md4MdKOU6ZsQ//g0,455.000,SayB0+Vq1qyZnTIu,,
0,165,2026-04-05T12:41:17.491Z,261.000,9,159.000,Fw2XlLSvhDCRIl7z,164.000,zyQbLrDbnVAAyE0h,166.000,q5GVJKHvqVwABnDf,204.000,BjjWVd8h3JWMBrnK,217.000,OY9eVeUW8tGGPJFe,233.000,TiCg1GW9IStcOras,327.000,SayB0+Vq1qyZnTIu,306.000,md4MdKOU6ZsQ//g0,330.000,MY8Sv42aXxDpCjC4,,
0,166,2026-04-05T12:41:17.752Z,254.000,9,187.000,TiCg1GW9IStcOras,203.000,BjjWVd8h3JWMBrnK,210.000,zyQbLrDbnVAAyE0h,212.000,OY9eVeUW8tGGPJFe,215.000,q5GVJKHvqVwABnDf,249.000,Fw2XlLSvhDCRIl7z,307.000,MY8Sv42aXxDpCjC4,323.000,SayB0+Vq1qyZnTIu,327.000,md4MdKOU6ZsQ//g0,,
0,167,2026-04-05T12:41:18.006Z,278.000,9,158.000,TiCg1GW9IStcOras,174.000,q5GVJKHvqVwABnDf,178.000,OY9eVeUW8tGGPJFe,203.000,Fw2XlLSvhDCRIl7z,204.000,BjjWVd8h3JWMBrnK,231.000,zyQbLrDbnVAAyE0h,329.000,SayB0+Vq1qyZnTIu,306.000,md4MdKOU6ZsQ//g0,331.000,MY8Sv42aXxDpCjC4,,
0,168,2026-04-05T12:41:18.284Z,236.000,9,130.000,q5GVJKHvqVwABnDf,133.000,Fw2XlLSvhDCRIl7z,147.000,OY9eVeUW8tGGPJFe,160.000,zyQbLrDbnVAAyE0h,186.000,BjjWVd8h3JWMBrnK,191.000,TiCg1GW9IStcOras,291.000,MY8Sv42aXxDpCjC4,458.000,SayB0+Vq1qyZnTIu,460.000,md4MdKOU6ZsQ//g0,,
0,169,2026-04-05T12:41:18.520Z,272.000,9,227.000,BjjWVd8h3JWMBrnK,228.000,q5GVJKHvqVwABnDf,229.000,TiCg1GW9IStcOras,231.000,zyQbLrDbnVAAyE0h,233.000,OY9eVeUW8tGGPJFe,234.000,Fw2XlLSvhDCRIl7z,271.000,MY8Sv42aXxDpCjC4,332.000,md4MdKOU6ZsQ//g0,333.000,SayB0+Vq1qyZnTIu,,
0,170,2026-04-05T12:41:18.792Z,270.000,9,195.000,TiCg1GW9IStcOras,207.000,BjjWVd8h3JWMBrnK,211.000,zyQbLrDbnVAAyE0h,212.000,q5GVJKHvqVwABnDf,241.000,Fw2XlLSvhDCRIl7z,254.000,OY9eVeUW8tGGPJFe,270.000,SayB0+Vq1qyZnTIu,311.000,MY8Sv42aXxDpCjC4,340.000,md4MdKOU6ZsQ//g0,,
0,171,2026-04-05T12:41:19.062Z,278.000,9,147.000,q5GVJKHvqVwABnDf,173.000,BjjWVd8h3JWMBrnK,240.000,TiCg1GW9IStcOras,242.000,OY9eVeUW8tGGPJFe,243.000,zyQbLrDbnVAAyE0h,275.000,md4MdKOU6ZsQ//g0,278.000,Fw2XlLSvhDCRIl7z,309.000,SayB0+Vq1qyZnTIu,351.000,MY8Sv42aXxDpCjC4,,
0,172,2026-04-05T12:41:19.340Z,274.000,9,134.000,q5GVJKHvqVwABnDf,134.000,Fw2XlLSvhDCRIl7z,168.000,TiCg1GW9IStcOras,266.000,zyQbLrDbnVAAyE0h,267.000,BjjWVd8h3JWMBrnK,268.000,OY9eVeUW8tGGPJFe,340.000,SayB0+Vq1qyZnTIu,305.000,md4MdKOU6ZsQ//g0,280.000,MY8Sv42aXxDpCjC4,,
0,173,2026-04-05T12:41:19.614Z,269.000,9,147.000,q5GVJKHvqVwABnDf,206.000,TiCg1GW9IStcOras,212.000,zyQbLrDbnVAAyE0h,213.000,BjjWVd8h3JWMBrnK,238.000,OY9eVeUW8tGGPJFe,239.000,Fw2XlLSvhDCRIl7z,339.000,md4MdKOU6ZsQ//g0,276.000,SayB0+Vq1qyZnTIu,317.000,MY8Sv42aXxDpCjC4,,
0,174,2026-04-05T12:41:19.883Z,278.000,9,116.000,q5GVJKHvqVwABnDf,145.000,TiCg1GW9IStcOras,171.000,BjjWVd8h3JWMBrnK,176.000,zyQbLrDbnVAAyE0h,274.000,OY9eVeUW8tGGPJFe,276.000,Fw2XlLSvhDCRIl7z,350.000,MY8Sv42aXxDpCjC4,293.000,md4MdKOU6ZsQ//g0,313.000,SayB0+Vq1qyZnTIu,,
0,175,2026-04-05T12:41:20.161Z,240.000,9,132.000,q5GVJKHvqVwABnDf,167.000,zyQbLrDbnVAAyE0h,169.000,TiCg1GW9IStcOras,180.000,BjjWVd8h3JWMBrnK,204.000,Fw2XlLSvhDCRIl7z,206.000,OY9eVeUW8tGGPJFe,323.000,md4MdKOU6ZsQ//g0,284.000,MY8Sv42aXxDpCjC4,345.000,SayB0+Vq1qyZnTIu,,
0,176,2026-04-05T12:41:20.401Z,273.000,9,137.000,zyQbLrDbnVAAyE0h,171.000,TiCg1GW9IStcOras,172.000,OY9eVeUW8tGGPJFe,183.000,q5GVJKHvqVwABnDf,186.000,BjjWVd8h3JWMBrnK,271.000,Fw2XlLSvhDCRIl7z,308.000,SayB0+Vq1qyZnTIu,291.000,md4MdKOU6ZsQ//g0,353.000,MY8Sv42aXxDpCjC4,,
0,177,2026-04-05T12:41:20.674Z,275.000,9,118.000,OY9eVeUW8tGGPJFe,121.000,BjjWVd8h3JWMBrnK,137.000,q5GVJKHvqVwABnDf,183.000,zyQbLrDbnVAAyE0h,202.000,Fw2XlLSvhDCRIl7z,220.000,TiCg1GW9IStcOras,325.000,SayB0+Vq1qyZnTIu,287.000,md4MdKOU6ZsQ//g0,309.000,MY8Sv42aXxDpCjC4,,
0,178,2026-04-05T12:41:20.949Z,253.000,9,118.000,zyQbLrDbnVAAyE0h,138.000,q5GVJKHvqVwABnDf,149.000,OY9eVeUW8tGGPJFe,153.000,TiCg1GW9IStcOras,197.000,BjjWVd8h3JWMBrnK,237.000,Fw2XlLSvhDCRIl7z,260.000,md4MdKOU6ZsQ//g0,324.000,SayB0+Vq1qyZnTIu,328.000,MY8Sv42aXxDpCjC4,,
0,179,2026-04-05T12:41:21.202Z,255.000,9,111.000,BjjWVd8h3JWMBrnK,151.000,q5GVJKHvqVwABnDf,176.000,TiCg1GW9IStcOras,177.000,zyQbLrDbnVAAyE0h,191.000,Fw2XlLSvhDCRIl7z,205.000,OY9eVeUW8tGGPJFe,255.000,md4MdKOU6ZsQ//g0,296.000,SayB0+Vq1qyZnTIu,357.000,MY8Sv42aXxDpCjC4,,
0,180,2026-04-05T12:41:21.457Z,273.000,9,146.000,TiCg1GW9IStcOras,204.000,BjjWVd8h3JWMBrnK,207.000,Fw2XlLSvhDCRIl7z,208.000,q5GVJKHvqVwABnDf,211.000,zyQbLrDbnVAAyE0h,214.000,OY9eVeUW8tGGPJFe,272.000,SayB0+Vq1qyZnTIu,309.000,md4MdKOU6ZsQ//g0,351.000,MY8Sv42aXxDpCjC4,,
0,181,2026-04-05T12:41:21.730Z,282.000,9,178.000,q5GVJKHvqVwABnDf,179.000,TiCg1GW9IStcOras,181.000,Fw2XlLSvhDCRIl7z,190.000,OY9eVeUW8tGGPJFe,224.000,BjjWVd8h3JWMBrnK,281.000,zyQbLrDbnVAAyE0h,282.000,SayB0+Vq1qyZnTIu,329.000,MY8Sv42aXxDpCjC4,344.000,md4MdKOU6ZsQ//g0,,
0,182,2026-04-05T12:41:22.012Z,297.000,9,164.000,BjjWVd8h3JWMBrnK,170.000,OY9eVeUW8tGGPJFe,171.000,TiCg1GW9IStcOras,209.000,zyQbLrDbnVAAyE0h,241.000,Fw2XlLSvhDCRIl7z,253.000,q5GVJKHvqVwABnDf,327.000,SayB0+Vq1qyZnTIu,314.000,md4MdKOU6ZsQ//g0,353.000,MY8Sv42aXxDpCjC4,,
0,183,2026-04-05T12:41:22.309Z,261.000,9,160.000,Fw2XlLSvhDCRIl7z,161.000,BjjWVd8h3JWMBrnK,162.000,q5GVJKHvqVwABnDf,166.000,TiCg1GW9IStcOras,211.000,OY9eVeUW8tGGPJFe,218.000,zyQbLrDbnVAAyE0h,285.000,SayB0+Vq1qyZnTIu,301.000,md4MdKOU6ZsQ//g0,327.000,MY8Sv42aXxDpCjC4,,
0,184,2026-04-05T12:41:22.570Z,266.000,9,112.000,q5GVJKHvqVwABnDf,143.000,BjjWVd8h3JWMBrnK,167.000,TiCg1GW9IStcOras,177.000,zyQbLrDbnVAAyE0h,197.000,Fw2XlLSvhDCRIl7z,204.000,OY9eVeUW8tGGPJFe,266.000,SayB0+Vq1qyZnTIu,298.000,md4MdKOU6ZsQ//g0,309.000,MY8Sv42aXxDpCjC4,,
0,185,2026-04-05T12:41:22.836Z,264.000,9,137.000,TiCg1GW9IStcOras,140.000,Fw2XlLSvhDCRIl7z,205.000,zyQbLrDbnVAAyE0h,209.000,OY9eVeUW8tGGPJFe,240.000,BjjWVd8h3JWMBrnK,251.000,SayB0+Vq1qyZnTIu,342.000,md4MdKOU6ZsQ//g0,268.000,q5GVJKHvqVwABnDf,348.000,MY8Sv42aXxDpCjC4,,
0,186,2026-04-05T12:41:23.100Z,255.000,9,148.000,Fw2XlLSvhDCRIl7z,153.000,OY9eVeUW8tGGPJFe,181.000,BjjWVd8h3JWMBrnK,195.000,TiCg1GW9IStcOras,212.000,q5GVJKHvqVwABnDf,254.000,zyQbLrDbnVAAyE0h,255.000,SayB0+Vq1qyZnTIu,306.000,md4MdKOU6ZsQ//g0,307.000,MY8Sv42aXxDpCjC4,,
0,187,2026-04-05T12:41:23.355Z,291.000,9,205.000,zyQbLrDbnVAAyE0h,233.000,OY9eVeUW8tGGPJFe,233.000,Fw2XlLSvhDCRIl7z,246.000,TiCg1GW9IStcOras,257.000,BjjWVd8h3JWMBrnK,264.000,md4MdKOU6ZsQ//g0,291.000,q5GVJKHvqVwABnDf,343.000,SayB0+Vq1qyZnTIu,361.000,MY8Sv42aXxDpCjC4,,
0,188,2026-04-05T12:41:23.646Z,393.000,9,148.000,Fw2XlLSvhDCRIl7z,150.000,OY9eVeUW8tGGPJFe,178.000,TiCg1GW9IStcOras,204.000,q5GVJKHvqVwABnDf,218.000,BjjWVd8h3JWMBrnK,222.000,zyQbLrDbnVAAyE0h,406.000,SayB0+Vq1qyZnTIu,395.000,MY8Sv42aXxDpCjC4,398.000,md4MdKOU6ZsQ//g0,,
0,189,2026-04-05T12:41:24.039Z,127.000,9,34.000,Fw2XlLSvhDCRIl7z,55.000,q5GVJKHvqVwABnDf,88.000,TiCg1GW9IStcOras,89.000,OY9eVeUW8tGGPJFe,91.000,zyQbLrDbnVAAyE0h,105.000,BjjWVd8h3JWMBrnK,127.000,SayB0+Vq1qyZnTIu,184.000,md4MdKOU6ZsQ//g0,209.000,MY8Sv42aXxDpCjC4,,
0,190,2026-04-05T12:41:24.166Z,289.000,9,160.000,Fw2XlLSvhDCRIl7z,163.000,OY9eVeUW8tGGPJFe,185.000,BjjWVd8h3JWMBrnK,213.000,zyQbLrDbnVAAyE0h,246.000,q5GVJKHvqVwABnDf,258.000,TiCg1GW9IStcOras,289.000,MY8Sv42aXxDpCjC4,349.000,SayB0+Vq1qyZnTIu,353.000,md4MdKOU6ZsQ//g0,,
0,191,2026-04-05T12:41:24.455Z,255.000,9,134.000,TiCg1GW9IStcOras,154.000,OY9eVeUW8tGGPJFe,164.000,q5GVJKHvqVwABnDf,206.000,BjjWVd8h3JWMBrnK,209.000,Fw2XlLSvhDCRIl7z,214.000,zyQbLrDbnVAAyE0h,315.000,SayB0+Vq1qyZnTIu,309.000,MY8Sv42aXxDpCjC4,493.000,md4MdKOU6ZsQ//g0,,
0,192,2026-04-05T12:41:24.710Z,261.000,9,130.000,q5GVJKHvqVwABnDf,160.000,Fw2XlLSvhDCRIl7z,161.000,OY9eVeUW8tGGPJFe,164.000,zyQbLrDbnVAAyE0h,221.000,BjjWVd8h3JWMBrnK,236.000,TiCg1GW9IStcOras,261.000,SayB0+Vq1qyZnTIu,323.000,md4MdKOU6ZsQ//g0,341.000,MY8Sv42aXxDpCjC4,,
0,193,2026-04-05T12:41:24.971Z,283.000,9,205.000,BjjWVd8h3JWMBrnK,209.000,Fw2XlLSvhDCRIl7z,210.000,q5GVJKHvqVwABnDf,213.000,OY9eVeUW8tGGPJFe,231.000,zyQbLrDbnVAAyE0h,274.000,md4MdKOU6ZsQ//g0,283.000,TiCg1GW9IStcOras,359.000,SayB0+Vq1qyZnTIu,307.000,MY8Sv42aXxDpCjC4,,
0,194,2026-04-05T12:41:25.254Z,285.000,9,210.000,TiCg1GW9IStcOras,228.000,BjjWVd8h3JWMBrnK,233.000,Fw2XlLSvhDCRIl7z,234.000,q5GVJKHvqVwABnDf,236.000,OY9eVeUW8tGGPJFe,256.000,zyQbLrDbnVAAyE0h,347.000,md4MdKOU6ZsQ//g0,324.000,SayB0+Vq1qyZnTIu,332.000,MY8Sv42aXxDpCjC4,,
0,195,2026-04-05T12:41:25.539Z,262.000,9,146.000,TiCg1GW9IStcOras,158.000,q5GVJKHvqVwABnDf,175.000,OY9eVeUW8tGGPJFe,177.000,zyQbLrDbnVAAyE0h,183.000,BjjWVd8h3JWMBrnK,205.000,Fw2XlLSvhDCRIl7z,327.000,md4MdKOU6ZsQ//g0,332.000,MY8Sv42aXxDpCjC4,288.000,SayB0+Vq1qyZnTIu,,
0,196,2026-04-05T12:41:25.801Z,282.000,9,180.000,TiCg1GW9IStcOras,196.000,BjjWVd8h3JWMBrnK,203.000,q5GVJKHvqVwABnDf,204.000,OY9eVeUW8tGGPJFe,205.000,Fw2XlLSvhDCRIl7z,222.000,zyQbLrDbnVAAyE0h,317.000,md4MdKOU6ZsQ//g0,283.000,SayB0+Vq1qyZnTIu,304.000,MY8Sv42aXxDpCjC4,,
0,197,2026-04-05T12:41:26.083Z,248.000,9,125.000,BjjWVd8h3JWMBrnK,127.000,q5GVJKHvqVwABnDf,129.000,TiCg1GW9IStcOras,143.000,Fw2XlLSvhDCRIl7z,232.000,OY9eVeUW8tGGPJFe,234.000,SayB0+Vq1qyZnTIu,248.000,zyQbLrDbnVAAyE0h,280.000,md4MdKOU6ZsQ//g0,290.000,MY8Sv42aXxDpCjC4,,
0,198,2026-04-05T12:41:26.331Z,293.000,9,180.000,Fw2XlLSvhDCRIl7z,191.000,OY9eVeUW8tGGPJFe,207.000,zyQbLrDbnVAAyE0h,229.000,q5GVJKHvqVwABnDf,238.000,TiCg1GW9IStcOras,240.000,BjjWVd8h3JWMBrnK,372.000,MY8Sv42aXxDpCjC4,295.000,SayB0+Vq1qyZnTIu,344.000,md4MdKOU6ZsQ//g0,,
0,199,2026-04-05T12:41:26.624Z,281.000,9,204.000,Fw2XlLSvhDCRIl7z,205.000,BjjWVd8h3JWMBrnK,206.000,TiCg1GW9IStcOras,207.000,OY9eVeUW8tGGPJFe,223.000,zyQbLrDbnVAAyE0h,247.000,q5GVJKHvqVwABnDf,282.000,md4MdKOU6ZsQ//g0,284.000,SayB0+Vq1qyZnTIu,306.000,MY8Sv42aXxDpCjC4,,
0,200,2026-04-05T12:41:26.905Z,276.000,9,185.000,zyQbLrDbnVAAyE0h,214.000,q5GVJKHvqVwABnDf,231.000,Fw2XlLSvhDCRIl7z,231.000,BjjWVd8h3JWMBrnK,232.000,OY9eVeUW8tGGPJFe,233.000,TiCg1GW9IStcOras,275.000,SayB0+Vq1qyZnTIu,306.000,md4MdKOU6ZsQ//g0,335.000,MY8Sv42aXxDpCjC4,,
0,201,2026-04-05T12:41:27.181Z,266.000,9,164.000,TiCg1GW9IStcOras,221.000,zyQbLrDbnVAAyE0h,245.000,q5GVJKHvqVwABnDf,263.000,SayB0+Vq1qyZnTIu,264.000,Fw2XlLSvhDCRIl7z,265.000,BjjWVd8h3JWMBrnK,266.000,OY9eVeUW8tGGPJFe,368.000,MY8Sv42aXxDpCjC4,372.000,md4MdKOU6ZsQ//g0,,
0,202,2026-04-05T12:41:27.447Z,313.000,9,213.000,TiCg1GW9IStcOras,262.000,zyQbLrDbnVAAyE0h,287.000,q5GVJKHvqVwABnDf,306.000,BjjWVd8h3JWMBrnK,309.000,Fw2XlLSvhDCRIl7z,310.000,OY9eVeUW8tGGPJFe,323.000,md4MdKOU6ZsQ//g0,408.000,SayB0+Vq1qyZnTIu,410.000,MY8Sv42aXxDpCjC4,,
0,203,2026-04-05T12:41:27.760Z,305.000,8,200.000,BjjWVd8h3JWMBrnK,210.000,TiCg1GW9IStcOras,257.000,zyQbLrDbnVAAyE0h,280.000,q5GVJKHvqVwABnDf,303.000,md4MdKOU6ZsQ//g0,304.000,OY9eVeUW8tGGPJFe,308.000,SayB0+Vq1qyZnTIu,309.000,MY8Sv42aXxDpCjC4,,,,
0,204,2026-04-05T12:41:28.065Z,286.000,9,205.000,OY9eVeUW8tGGPJFe,207.000,Fw2XlLSvhDCRIl7z,208.000,BjjWVd8h3JWMBrnK,215.000,TiCg1GW9IStcOras,261.000,zyQbLrDbnVAAyE0h,283.000,SayB0+Vq1qyZnTIu,286.000,q5GVJKHvqVwABnDf,311.000,MY8Sv42aXxDpCjC4,371.000,md4MdKOU6ZsQ//g0,,
0,205,2026-04-05T12:41:28.351Z,328.000,8,205.000,q5GVJKHvqVwABnDf,228.000,BjjWVd8h3JWMBrnK,231.000,Fw2XlLSvhDCRIl7z,235.000,TiCg1GW9IStcOras,287.000,OY9eVeUW8tGGPJFe,333.000,MY8Sv42aXxDpCjC4,373.000,SayB0+Vq1qyZnTIu,332.000,md4MdKOU6ZsQ//g0,,,,
0,206,2026-04-05T12:41:28.679Z,409.000,8,256.000,SayB0+Vq1qyZnTIu,265.000,MY8Sv42aXxDpCjC4,272.000,md4MdKOU6ZsQ//g0,359.000,BjjWVd8h3JWMBrnK,364.000,zyQbLrDbnVAAyE0h,408.000,OY9eVeUW8tGGPJFe,409.000,TiCg1GW9IStcOras,627.000,jIf2AEWi7y2xcK85,,,,
0,207,2026-04-05T12:41:29.088Z,386.000,7,106.000,q5GVJKHvqVwABnDf,210.000,OY9eVeUW8tGGPJFe,226.000,zyQbLrDbnVAAyE0h,306.000,Fw2XlLSvhDCRIl7z,309.000,md4MdKOU6ZsQ//g0,311.000,MY8Sv42aXxDpCjC4,402.000,SayB0+Vq1qyZnTIu,,,,,,
0,208,2026-04-05T12:41:29.474Z,445.000,8,215.000,MY8Sv42aXxDpCjC4,233.000,md4MdKOU6ZsQ//g0,262.000,SayB0+Vq1qyZnTIu,302.000,BjjWVd8h3JWMBrnK,381.000,Fw2XlLSvhDCRIl7z,429.000,TiCg1GW9IStcOras,444.000,OY9eVeUW8tGGPJFe,591.000,jIf2AEWi7y2xcK85,,,,
0,209,2026-04-05T12:41:29.919Z,465.000,8,103.000,q5GVJKHvqVwABnDf,292.000,SayB0+Vq1qyZnTIu,293.000,md4MdKOU6ZsQ//g0,310.000,MY8Sv42aXxDpCjC4,398.000,OY9eVeUW8tGGPJFe,408.000,Fw2XlLSvhDCRIl7z,465.000,BjjWVd8h3JWMBrnK,701.000,jIf2AEWi7y2xcK85,,,,
0,210,2026-04-05T12:41:30.384Z,571.000,8,243.000,MY8Sv42aXxDpCjC4,311.000,md4MdKOU6ZsQ//g0,362.000,SayB0+Vq1qyZnTIu,471.000,BjjWVd8h3JWMBrnK,494.000,OY9eVeUW8tGGPJFe,567.000,q5GVJKHvqVwABnDf,571.000,zyQbLrDbnVAAyE0h,707.000,jIf2AEWi7y2xcK85,,,,
0,211,2026-04-05T12:41:30.955Z,436.000,8,233.000,md4MdKOU6ZsQ//g0,306.000,SayB0+Vq1qyZnTIu,307.000,MY8Sv42aXxDpCjC4,335.000,BjjWVd8h3JWMBrnK,336.000,q5GVJKHvqVwABnDf,429.000,Fw2XlLSvhDCRIl7z,436.000,OY9eVeUW8tGGPJFe,706.000,jIf2AEWi7y2xcK85,,,,
0,212,2026-04-05T12:41:31.391Z,590.000,8,303.000,MY8Sv42aXxDpCjC4,304.000,SayB0+Vq1qyZnTIu,317.000,md4MdKOU6ZsQ//g0,498.000,q5GVJKHvqVwABnDf,505.000,zyQbLrDbnVAAyE0h,523.000,TiCg1GW9IStcOras,590.000,Fw2XlLSvhDCRIl7z,729.000,jIf2AEWi7y2xcK85,,,,
0,213,2026-04-05T12:41:31.981Z,545.000,8,246.000,md4MdKOU6ZsQ//g0,250.000,SayB0+Vq1qyZnTIu,309.000,MY8Sv42aXxDpCjC4,493.000,BjjWVd8h3JWMBrnK,493.000,TiCg1GW9IStcOras,494.000,Fw2XlLSvhDCRIl7z,545.000,OY9eVeUW8tGGPJFe,636.000,jIf2AEWi7y2xcK85,,,,
0,214,2026-04-05T12:41:32.526Z,544.000,8,309.000,SayB0+Vq1qyZnTIu,310.000,md4MdKOU6ZsQ//g0,330.000,TiCg1GW9IStcOras,333.000,MY8Sv42aXxDpCjC4,471.000,OY9eVeUW8tGGPJFe,531.000,q5GVJKHvqVwABnDf,544.000,zyQbLrDbnVAAyE0h,783.000,jIf2AEWi7y2xcK85,,,,
0,215,2026-04-05T12:41:33.070Z,553.000,8,264.000,md4MdKOU6ZsQ//g0,299.000,MY8Sv42aXxDpCjC4,302.000,SayB0+Vq1qyZnTIu,419.000,TiCg1GW9IStcOras,471.000,zyQbLrDbnVAAyE0h,497.000,BjjWVd8h3JWMBrnK,553.000,Fw2XlLSvhDCRIl7z,732.000,jIf2AEWi7y2xcK85,,,,
0,216,2026-04-05T12:41:33.623Z,651.000,7,310.000,md4MdKOU6ZsQ//g0,417.000,SayB0+Vq1qyZnTIu,421.000,MY8Sv42aXxDpCjC4,598.000,q5GVJKHvqVwABnDf,642.000,jIf2AEWi7y2xcK85,645.000,zyQbLrDbnVAAyE0h,651.000,Fw2XlLSvhDCRIl7z,,,,,,
0,217,2026-04-05T12:41:34.274Z,487.000,8,259.000,SayB0+Vq1qyZnTIu,308.000,MY8Sv42aXxDpCjC4,370.000,md4MdKOU6ZsQ//g0,373.000,OY9eVeUW8tGGPJFe,391.000,TiCg1GW9IStcOras,486.000,zyQbLrDbnVAAyE0h,487.000,BjjWVd8h3JWMBrnK,723.000,jIf2AEWi7y2xcK85,,,,
0,218,2026-04-05T12:41:34.761Z,891.000,7,213.000,md4MdKOU6ZsQ//g0,437.000,SayB0+Vq1qyZnTIu,437.000,MY8Sv42aXxDpCjC4,622.000,q5GVJKHvqVwABnDf,704.000,jIf2AEWi7y2xcK85,883.000,Fw2XlLSvhDCRIl7z,891.000,BjjWVd8h3JWMBrnK,,,,,,
0,219,2026-04-05T12:41:35.652Z,924.000,7,243.000,q5GVJKHvqVwABnDf,402.000,SayB0+Vq1qyZnTIu,406.000,MY8Sv42aXxDpCjC4,406.000,md4MdKOU6ZsQ//g0,755.000,jIf2AEWi7y2xcK85,909.000,TiCg1GW9IStcOras,924.000,OY9eVeUW8tGGPJFe,,,,,,
0,220,2026-04-05T12:41:36.576Z,720.000,7,310.000,MY8Sv42aXxDpCjC4,401.000,SayB0+Vq1qyZnTIu,402.000,md4MdKOU6ZsQ//g0,474.000,q5GVJKHvqVwABnDf,703.000,jIf2AEWi7y2xcK85,704.000,Fw2XlLSvhDCRIl7z,720.000,BjjWVd8h3JWMBrnK,,,,,,
0,221,2026-04-05T12:41:37.296Z,472.000,10,308.000,SayB0+Vq1qyZnTIu,309.000,MY8Sv42aXxDpCjC4,312.000,md4MdKOU6ZsQ//g0,467.000,OY9eVeUW8tGGPJFe,469.000,BjjWVd8h3JWMBrnK,471.000,q5GVJKHvqVwABnDf,472.000,zyQbLrDbnVAAyE0h,472.000,Fw2XlLSvhDCRIl7z,495.000,TiCg1GW9IStcOras,702.000,jIf2AEWi7y2xcK85
0,222,2026-04-05T12:41:37.768Z,760.000,7,402.000,SayB0+Vq1qyZnTIu,403.000,md4MdKOU6ZsQ//g0,405.000,MY8Sv42aXxDpCjC4,472.000,q5GVJKHvqVwABnDf,750.000,Fw2XlLSvhDCRIl7z,758.000,BjjWVd8h3JWMBrnK,932.000,jIf2AEWi7y2xcK85,,,,,,
0,223,2026-04-05T12:41:38.528Z,701.000,7,236.000,OY9eVeUW8tGGPJFe,307.000,md4MdKOU6ZsQ//g0,311.000,MY8Sv42aXxDpCjC4,400.000,SayB0+Vq1qyZnTIu,409.000,zyQbLrDbnVAAyE0h,521.000,q5GVJKHvqVwABnDf,880.000,jIf2AEWi7y2xcK85,,,,,,
0,224,2026-04-05T12:41:39.229Z,506.000,9,209.000,md4MdKOU6ZsQ//g0,356.000,OY9eVeUW8tGGPJFe,389.000,SayB0+Vq1qyZnTIu,412.000,BjjWVd8h3JWMBrnK,462.000,TiCg1GW9IStcOras,464.000,Fw2XlLSvhDCRIl7z,506.000,zyQbLrDbnVAAyE0h,526.000,MY8Sv42aXxDpCjC4,647.000,jIf2AEWi7y2xcK85,,
0,225,2026-04-05T12:41:39.735Z,1012.000,7,266.000,md4MdKOU6ZsQ//g0,280.000,SayB0+Vq1qyZnTIu,307.000,MY8Sv42aXxDpCjC4,569.000,q5GVJKHvqVwABnDf,851.000,jIf2AEWi7y2xcK85,966.000,OY9eVeUW8tGGPJFe,1012.000,zyQbLrDbnVAAyE0h,,,,,,
0,226,2026-04-05T12:41:40.747Z,987.000,7,286.000,md4MdKOU6ZsQ//g0,290.000,SayB0+Vq1qyZnTIu,317.000,MY8Sv42aXxDpCjC4,447.000,q5GVJKHvqVwABnDf,491.000,jIf2AEWi7y2xcK85,951.000,TiCg1GW9IStcOras,987.000,OY9eVeUW8tGGPJFe,,,,,,
0,227,2026-04-05T12:41:41.734Z,1187.000,7,306.000,MY8Sv42aXxDpCjC4,406.000,SayB0+Vq1qyZnTIu,407.000,md4MdKOU6ZsQ//g0,470.000,q5GVJKHvqVwABnDf,707.000,jIf2AEWi7y2xcK85,1185.000,BjjWVd8h3JWMBrnK,1187.000,TiCg1GW9IStcOras,,,,,,
0,228,2026-04-05T12:41:42.921Z,1030.000,7,404.000,md4MdKOU6ZsQ//g0,405.000,MY8Sv42aXxDpCjC4,438.000,SayB0+Vq1qyZnTIu,474.000,q5GVJKHvqVwABnDf,704.000,jIf2AEWi7y2xcK85,1026.000,Fw2XlLSvhDCRIl7z,1030.000,BjjWVd8h3JWMBrnK,,,,,,
0,229,2026-04-05T12:41:43.951Z,987.000,7,239.000,q5GVJKHvqVwABnDf,402.000,MY8Sv42aXxDpCjC4,405.000,md4MdKOU6ZsQ//g0,446.000,SayB0+Vq1qyZnTIu,715.000,jIf2AEWi7y2xcK85,985.000,Fw2XlLSvhDCRIl7z,987.000,zyQbLrDbnVAAyE0h,,,,,,
0,230,2026-04-05T12:41:44.938Z,932.000,7,401.000,MY8Sv42aXxDpCjC4,403.000,md4MdKOU6ZsQ//g0,404.000,SayB0+Vq1qyZnTIu,469.000,q5GVJKHvqVwABnDf,706.000,jIf2AEWi7y2xcK85,930.000,BjjWVd8h3JWMBrnK,932.000,Fw2XlLSvhDCRIl7z,,,,,,
0,231,2026-04-05T12:41:45.870Z,1296.000,7,401.000,SayB0+Vq1qyZnTIu,402.000,md4MdKOU6ZsQ//g0,405.000,MY8Sv42aXxDpCjC4,473.000,q5GVJKHvqVwABnDf,708.000,jIf2AEWi7y2xcK85,1285.000,OY9eVeUW8tGGPJFe,1296.000,zyQbLrDbnVAAyE0h,,,,,,
0,232,2026-04-05T12:41:47.166Z,1241.000,7,434.000,SayB0+Vq1qyZnTIu,435.000,md4MdKOU6ZsQ//g0,435.000,MY8Sv42aXxDpCjC4,503.000,q5GVJKHvqVwABnDf,733.000,jIf2AEWi7y2xcK85,1240.000,Fw2XlLSvhDCRIl7z,1241.000,BjjWVd8h3JWMBrnK,,,,,,
0,233,2026-04-05T12:41:48.407Z,2056.000,7,400.000,md4MdKOU6ZsQ//g0,401.000,MY8Sv42aXxDpCjC4,403.000,SayB0+Vq1qyZnTIu,470.000,q5GVJKHvqVwABnDf,704.000,jIf2AEWi7y2xcK85,2049.000,BjjWVd8h3JWMBrnK,2056.000,Fw2XlLSvhDCRIl7z,,,,,,
0,234,2026-04-05T12:41:50.463Z,2323.000,7,235.000,q5GVJKHvqVwABnDf,400.000,MY8Sv42aXxDpCjC4,401.000,md4MdKOU6ZsQ//g0,403.000,SayB0+Vq1qyZnTIu,706.000,jIf2AEWi7y2xcK85,2317.000,BjjWVd8h3JWMBrnK,2323.000,TiCg1GW9IStcOras,,,,,,
0,235,2026-04-05T12:41:52.786Z,2196.000,7,398.000,SayB0+Vq1qyZnTIu,399.000,md4MdKOU6ZsQ//g0,401.000,MY8Sv42aXxDpCjC4,472.000,q5GVJKHvqVwABnDf,703.000,jIf2AEWi7y2xcK85,1278.000,zyQbLrDbnVAAyE0h,2196.000,OY9eVeUW8tGGPJFe,,,,,,
0,236,2026-04-05T12:41:54.982Z,2430.000,7,654.000,SayB0+Vq1qyZnTIu,696.000,md4MdKOU6ZsQ//g0,705.000,jIf2AEWi7y2xcK85,776.000,MY8Sv42aXxDpCjC4,1529.000,q5GVJKHvqVwABnDf,2307.000,zyQbLrDbnVAAyE0h,2430.000,Fw2XlLSvhDCRIl7z,,,,,,
0,237,2026-04-05T12:41:57.412Z,2847.000,7,711.000,jIf2AEWi7y2xcK85,767.000,SayB0+Vq1qyZnTIu,1741.000,zyQbLrDbnVAAyE0h,1749.000,q5GVJKHvqVwABnDf,1791.000,MY8Sv42aXxDpCjC4,1828.000,md4MdKOU6ZsQ//g0,2847.000,TiCg1GW9IStcOras,,,,,,
0,238,2026-04-05T12:42:00.259Z,4048.000,7,474.000,jIf2AEWi7y2xcK85,1073.000,MY8Sv42aXxDpCjC4,1733.000,q5GVJKHvqVwABnDf,1845.000,md4MdKOU6ZsQ//g0,1874.000,SayB0+Vq1qyZnTIu,2967.000,Fw2XlLSvhDCRIl7z,4048.000,TiCg1GW9IStcOras,,,,,,
0,239,2026-04-05T12:42:04.307Z,4488.000,7,708.000,jIf2AEWi7y2xcK85,2640.000,q5GVJKHvqVwABnDf,2707.000,MY8Sv42aXxDpCjC4,2733.000,md4MdKOU6ZsQ//g0,2781.000,SayB0+Vq1qyZnTIu,4296.000,zyQbLrDbnVAAyE0h,4487.000,TiCg1GW9IStcOras,,,,,,
0,240,2026-04-05T12:42:08.795Z,5309.000,7,704.000,jIf2AEWi7y2xcK85,2314.000,SayB0+Vq1qyZnTIu,2383.000,q5GVJKHvqVwABnDf,2401.000,md4MdKOU6ZsQ//g0,2457.000,MY8Sv42aXxDpCjC4,4091.000,zyQbLrDbnVAAyE0h,5309.000,TiCg1GW9IStcOras,,,,,,
0,241,2026-04-05T12:42:14.104Z,7330.000,7,708.000,jIf2AEWi7y2xcK85,2296.000,md4MdKOU6ZsQ//g0,4328.000,q5GVJKHvqVwABnDf,4438.000,MY8Sv42aXxDpCjC4,4484.000,SayB0+Vq1qyZnTIu,6358.000,zyQbLrDbnVAAyE0h,7329.000,BjjWVd8h3JWMBrnK,,,,,,
0,242,2026-04-05T12:42:21.434Z,8388.000,7,702.000,jIf2AEWi7y2xcK85,5072.000,q5GVJKHvqVwABnDf,5119.000,md4MdKOU6ZsQ//g0,5153.000,SayB0+Vq1qyZnTIu,5216.000,MY8Sv42aXxDpCjC4,8363.000,TiCg1GW9IStcOras,8388.000,OY9eVeUW8tGGPJFe,,,,,,
0,243,2026-04-05T12:42:29.822Z,8346.000,7,705.000,jIf2AEWi7y2xcK85,3908.000,q5GVJKHvqVwABnDf,4021.000,md4MdKOU6ZsQ//g0,4991.000,SayB0+Vq1qyZnTIu,5001.000,MY8Sv42aXxDpCjC4,8343.000,TiCg1GW9IStcOras,8346.000,OY9eVeUW8tGGPJFe,,,,,,
0,244,2026-04-05T12:42:38.168Z,8356.000,7,700.000,jIf2AEWi7y2xcK85,5762.000,q5GVJKHvqVwABnDf,6653.000,SayB0+Vq1qyZnTIu,6655.000,md4MdKOU6ZsQ//g0,6659.000,MY8Sv42aXxDpCjC4,7909.000,zyQbLrDbnVAAyE0h,8356.000,Fw2XlLSvhDCRIl7z,,,,,,
0,245,2026-04-05T12:42:46.524Z,,1,698.000,jIf2AEWi7y2xcK85,,,,,,,,,,,,,,,,,,
1,1,2026-04-05T12:40:22.214Z,12189.000,7,8204.000,q5GVJKHvqVwABnDf,8590.000,TiCg1GW9IStcOras,9672.000,zyQbLrDbnVAAyE0h,10033.000,Fw2XlLSvhDCRIl7z,10606.000,MY8Sv42aXxDpCjC4,12086.000,BjjWVd8h3JWMBrnK,12190.000,md4MdKOU6ZsQ//g0,,,,,,
1,2,2026-04-05T12:40:34.403Z,251.000,7,105.000,zyQbLrDbnVAAyE0h,106.000,TiCg1GW9IStcOras,108.000,q5GVJKHvqVwABnDf,206.000,Fw2XlLSvhDCRIl7z,208.000,MY8Sv42aXxDpCjC4,209.000,BjjWVd8h3JWMBrnK,251.000,md4MdKOU6ZsQ//g0,,,,,,
1,3,2026-04-05T12:40:34.654Z,309.000,7,165.000,zyQbLrDbnVAAyE0h,166.000,TiCg1GW9IStcOras,168.000,BjjWVd8h3JWMBrnK,169.000,q5GVJKHvqVwABnDf,262.000,Fw2XlLSvhDCRIl7z,266.000,MY8Sv42aXxDpCjC4,310.000,md4MdKOU6ZsQ//g0,,,,,,
1,4,2026-04-05T12:40:34.963Z,270.000,7,166.000,BjjWVd8h3JWMBrnK,168.000,TiCg1GW9IStcOras,169.000,zyQbLrDbnVAAyE0h,171.000,q5GVJKHvqVwABnDf,261.000,Fw2XlLSvhDCRIl7z,266.000,MY8Sv42aXxDpCjC4,269.000,md4MdKOU6ZsQ//g0,,,,,,
1,5,2026-04-05T12:40:35.233Z,305.000,7,207.000,zyQbLrDbnVAAyE0h,208.000,TiCg1GW9IStcOras,210.000,q5GVJKHvqVwABnDf,211.000,BjjWVd8h3JWMBrnK,297.000,Fw2XlLSvhDCRIl7z,305.000,MY8Sv42aXxDpCjC4,305.000,md4MdKOU6ZsQ//g0,,,,,,
1,6,2026-04-05T12:40:35.538Z,313.000,8,206.000,zyQbLrDbnVAAyE0h,210.000,q5GVJKHvqVwABnDf,211.000,BjjWVd8h3JWMBrnK,213.000,TiCg1GW9IStcOras,301.000,Fw2XlLSvhDCRIl7z,308.000,MY8Sv42aXxDpCjC4,412.000,md4MdKOU6ZsQ//g0,411.000,SayB0+Vq1qyZnTIu,,,,
1,7,2026-04-05T12:40:35.851Z,302.000,10,198.000,zyQbLrDbnVAAyE0h,200.000,BjjWVd8h3JWMBrnK,201.000,OY9eVeUW8tGGPJFe,205.000,q5GVJKHvqVwABnDf,208.000,TiCg1GW9IStcOras,298.000,Fw2XlLSvhDCRIl7z,302.000,MY8Sv42aXxDpCjC4,305.000,SayB0+Vq1qyZnTIu,349.000,md4MdKOU6ZsQ//g0,1152.000,jIf2AEWi7y2xcK85
1,8,2026-04-05T12:40:36.153Z,248.000,9,204.000,BjjWVd8h3JWMBrnK,205.000,OY9eVeUW8tGGPJFe,206.000,Fw2XlLSvhDCRIl7z,211.000,q5GVJKHvqVwABnDf,215.000,zyQbLrDbnVAAyE0h,217.000,TiCg1GW9IStcOras,247.000,md4MdKOU6ZsQ//g0,306.000,MY8Sv42aXxDpCjC4,309.000,SayB0+Vq1qyZnTIu,,
1,9,2026-04-05T12:40:36.401Z,274.000,9,169.000,q5GVJKHvqVwABnDf,174.000,zyQbLrDbnVAAyE0h,175.000,TiCg1GW9IStcOras,204.000,OY9eVeUW8tGGPJFe,207.000,BjjWVd8h3JWMBrnK,248.000,Fw2XlLSvhDCRIl7z,367.000,MY8Sv42aXxDpCjC4,377.000,md4MdKOU6ZsQ//g0,382.000,SayB0+Vq1qyZnTIu,,
1,10,2026-04-05T12:40:36.675Z,313.000,8,210.000,q5GVJKHvqVwABnDf,211.000,TiCg1GW9IStcOras,213.000,zyQbLrDbnVAAyE0h,239.000,BjjWVd8h3JWMBrnK,250.000,OY9eVeUW8tGGPJFe,298.000,Fw2XlLSvhDCRIl7z,401.000,MY8Sv42aXxDpCjC4,416.000,md4MdKOU6ZsQ//g0,,,,
1,11,2026-04-05T12:40:36.988Z,308.000,9,204.000,q5GVJKHvqVwABnDf,206.000,OY9eVeUW8tGGPJFe,207.000,TiCg1GW9IStcOras,208.000,zyQbLrDbnVAAyE0h,215.000,BjjWVd8h3JWMBrnK,232.000,Fw2XlLSvhDCRIl7z,314.000,SayB0+Vq1qyZnTIu,397.000,MY8Sv42aXxDpCjC4,412.000,md4MdKOU6ZsQ//g0,,
1,12,2026-04-05T12:40:37.296Z,270.000,8,145.000,TiCg1GW9IStcOras,206.000,q5GVJKHvqVwABnDf,208.000,BjjWVd8h3JWMBrnK,210.000,zyQbLrDbnVAAyE0h,211.000,OY9eVeUW8tGGPJFe,255.000,Fw2XlLSvhDCRIl7z,315.000,SayB0+Vq1qyZnTIu,581.000,MY8Sv42aXxDpCjC4,,,,
1,13,2026-04-05T12:40:37.566Z,249.000,9,145.000,q5GVJKHvqVwABnDf,146.000,zyQbLrDbnVAAyE0h,207.000,TiCg1GW9IStcOras,207.000,OY9eVeUW8tGGPJFe,210.000,Fw2XlLSvhDCRIl7z,232.000,BjjWVd8h3JWMBrnK,334.000,MY8Sv42aXxDpCjC4,310.000,md4MdKOU6ZsQ//g0,353.000,SayB0+Vq1qyZnTIu,,
1,14,2026-04-05T12:40:37.815Z,301.000,8,164.000,OY9eVeUW8tGGPJFe,166.000,TiCg1GW9IStcOras,167.000,zyQbLrDbnVAAyE0h,208.000,q5GVJKHvqVwABnDf,209.000,BjjWVd8h3JWMBrnK,269.000,Fw2XlLSvhDCRIl7z,301.000,md4MdKOU6ZsQ//g0,395.000,MY8Sv42aXxDpCjC4,,,,
1,15,2026-04-05T12:40:38.116Z,277.000,9,110.000,zyQbLrDbnVAAyE0h,174.000,Fw2XlLSvhDCRIl7z,196.000,OY9eVeUW8tGGPJFe,206.000,TiCg1GW9IStcOras,209.000,q5GVJKHvqVwABnDf,212.000,BjjWVd8h3JWMBrnK,310.000,md4MdKOU6ZsQ//g0,300.000,MY8Sv42aXxDpCjC4,323.000,SayB0+Vq1qyZnTIu,,
1,16,2026-04-05T12:40:38.393Z,253.000,9,171.000,zyQbLrDbnVAAyE0h,173.000,OY9eVeUW8tGGPJFe,176.000,BjjWVd8h3JWMBrnK,200.000,q5GVJKHvqVwABnDf,207.000,Fw2XlLSvhDCRIl7z,235.000,TiCg1GW9IStcOras,287.000,SayB0+Vq1qyZnTIu,329.000,MY8Sv42aXxDpCjC4,339.000,md4MdKOU6ZsQ//g0,,
1,17,2026-04-05T12:40:38.646Z,269.000,9,137.000,OY9eVeUW8tGGPJFe,138.000,zyQbLrDbnVAAyE0h,187.000,TiCg1GW9IStcOras,200.000,q5GVJKHvqVwABnDf,225.000,Fw2XlLSvhDCRIl7z,245.000,BjjWVd8h3JWMBrnK,269.000,SayB0+Vq1qyZnTIu,293.000,MY8Sv42aXxDpCjC4,308.000,md4MdKOU6ZsQ//g0,,
1,18,2026-04-05T12:40:38.915Z,244.000,10,141.000,TiCg1GW9IStcOras,186.000,zyQbLrDbnVAAyE0h,194.000,q5GVJKHvqVwABnDf,196.000,Fw2XlLSvhDCRIl7z,206.000,BjjWVd8h3JWMBrnK,207.000,OY9eVeUW8tGGPJFe,244.000,md4MdKOU6ZsQ//g0,311.000,SayB0+Vq1qyZnTIu,330.000,MY8Sv42aXxDpCjC4,693.000,jIf2AEWi7y2xcK85
1,19,2026-04-05T12:40:39.159Z,273.000,9,168.000,OY9eVeUW8tGGPJFe,185.000,Fw2XlLSvhDCRIl7z,193.000,TiCg1GW9IStcOras,239.000,zyQbLrDbnVAAyE0h,257.000,q5GVJKHvqVwABnDf,268.000,BjjWVd8h3JWMBrnK,273.000,SayB0+Vq1qyZnTIu,307.000,MY8Sv42aXxDpCjC4,308.000,md4MdKOU6ZsQ//g0,,
1,20,2026-04-05T12:40:39.432Z,243.000,9,138.000,Fw2XlLSvhDCRIl7z,192.000,q5GVJKHvqVwABnDf,207.000,OY9eVeUW8tGGPJFe,218.000,BjjWVd8h3JWMBrnK,222.000,zyQbLrDbnVAAyE0h,227.000,TiCg1GW9IStcOras,243.000,MY8Sv42aXxDpCjC4,312.000,SayB0+Vq1qyZnTIu,344.000,md4MdKOU6ZsQ//g0,,
1,21,2026-04-05T12:40:39.675Z,275.000,9,171.000,OY9eVeUW8tGGPJFe,192.000,TiCg1GW9IStcOras,205.000,Fw2XlLSvhDCRIl7z,238.000,zyQbLrDbnVAAyE0h,254.000,q5GVJKHvqVwABnDf,266.000,BjjWVd8h3JWMBrnK,275.000,SayB0+Vq1qyZnTIu,306.000,MY8Sv42aXxDpCjC4,331.000,md4MdKOU6ZsQ//g0,,
1,22,2026-04-05T12:40:39.950Z,272.000,9,124.000,TiCg1GW9IStcOras,185.000,q5GVJKHvqVwABnDf,191.000,Fw2XlLSvhDCRIl7z,206.000,OY9eVeUW8tGGPJFe,215.000,BjjWVd8h3JWMBrnK,217.000,zyQbLrDbnVAAyE0h,338.000,MY8Sv42aXxDpCjC4,310.000,SayB0+Vq1qyZnTIu,346.000,md4MdKOU6ZsQ//g0,,
1,23,2026-04-05T12:40:40.222Z,264.000,9,125.000,q5GVJKHvqVwABnDf,161.000,TiCg1GW9IStcOras,169.000,OY9eVeUW8tGGPJFe,194.000,Fw2XlLSvhDCRIl7z,203.000,zyQbLrDbnVAAyE0h,236.000,BjjWVd8h3JWMBrnK,342.000,SayB0+Vq1qyZnTIu,273.000,MY8Sv42aXxDpCjC4,299.000,md4MdKOU6ZsQ//g0,,
1,24,2026-04-05T12:40:40.486Z,219.000,9,115.000,Fw2XlLSvhDCRIl7z,182.000,OY9eVeUW8tGGPJFe,193.000,zyQbLrDbnVAAyE0h,201.000,BjjWVd8h3JWMBrnK,205.000,TiCg1GW9IStcOras,207.000,q5GVJKHvqVwABnDf,319.000,MY8Sv42aXxDpCjC4,286.000,SayB0+Vq1qyZnTIu,322.000,md4MdKOU6ZsQ//g0,,
1,25,2026-04-05T12:40:40.705Z,300.000,9,159.000,Fw2XlLSvhDCRIl7z,192.000,BjjWVd8h3JWMBrnK,194.000,TiCg1GW9IStcOras,226.000,OY9eVeUW8tGGPJFe,234.000,zyQbLrDbnVAAyE0h,248.000,q5GVJKHvqVwABnDf,366.000,SayB0+Vq1qyZnTIu,305.000,MY8Sv42aXxDpCjC4,329.000,md4MdKOU6ZsQ//g0,,
1,26,2026-04-05T12:40:41.005Z,247.000,9,110.000,Fw2XlLSvhDCRIl7z,176.000,BjjWVd8h3JWMBrnK,180.000,OY9eVeUW8tGGPJFe,189.000,zyQbLrDbnVAAyE0h,205.000,q5GVJKHvqVwABnDf,212.000,TiCg1GW9IStcOras,312.000,MY8Sv42aXxDpCjC4,282.000,SayB0+Vq1qyZnTIu,315.000,md4MdKOU6ZsQ//g0,,
1,27,2026-04-05T12:40:41.252Z,266.000,9,163.000,Fw2XlLSvhDCRIl7z,170.000,TiCg1GW9IStcOras,173.000,BjjWVd8h3JWMBrnK,192.000,OY9eVeUW8tGGPJFe,203.000,zyQbLrDbnVAAyE0h,214.000,q5GVJKHvqVwABnDf,343.000,SayB0+Vq1qyZnTIu,295.000,md4MdKOU6ZsQ//g0,347.000,MY8Sv42aXxDpCjC4,,
1,28,2026-04-05T12:40:41.518Z,220.000,9,112.000,TiCg1GW9IStcOras,143.000,zyQbLrDbnVAAyE0h,144.000,Fw2XlLSvhDCRIl7z,181.000,BjjWVd8h3JWMBrnK,204.000,q5GVJKHvqVwABnDf,212.000,OY9eVeUW8tGGPJFe,314.000,MY8Sv42aXxDpCjC4,311.000,SayB0+Vq1qyZnTIu,316.000,md4MdKOU6ZsQ//g0,,
1,29,2026-04-05T12:40:41.738Z,295.000,9,189.000,BjjWVd8h3JWMBrnK,193.000,Fw2XlLSvhDCRIl7z,204.000,TiCg1GW9IStcOras,216.000,OY9eVeUW8tGGPJFe,232.000,zyQbLrDbnVAAyE0h,243.000,q5GVJKHvqVwABnDf,369.000,SayB0+Vq1qyZnTIu,319.000,md4MdKOU6ZsQ//g0,378.000,MY8Sv42aXxDpCjC4,,
1,30,2026-04-05T12:40:42.033Z,221.000,9,116.000,TiCg1GW9IStcOras,144.000,zyQbLrDbnVAAyE0h,202.000,q5GVJKHvqVwABnDf,207.000,Fw2XlLSvhDCRIl7z,208.000,BjjWVd8h3JWMBrnK,208.000,OY9eVeUW8tGGPJFe,311.000,MY8Sv42aXxDpCjC4,313.000,SayB0+Vq1qyZnTIu,317.000,md4MdKOU6ZsQ//g0,,
1,31,2026-04-05T12:40:42.254Z,300.000,9,193.000,BjjWVd8h3JWMBrnK,201.000,Fw2XlLSvhDCRIl7z,205.000,TiCg1GW9IStcOras,213.000,OY9eVeUW8tGGPJFe,231.000,zyQbLrDbnVAAyE0h,242.000,q5GVJKHvqVwABnDf,367.000,SayB0+Vq1qyZnTIu,318.000,md4MdKOU6ZsQ//g0,396.000,MY8Sv42aXxDpCjC4,,
1,32,2026-04-05T12:40:42.554Z,254.000,9,110.000,Fw2XlLSvhDCRIl7z,111.000,TiCg1GW9IStcOras,202.000,BjjWVd8h3JWMBrnK,221.000,OY9eVeUW8tGGPJFe,240.000,zyQbLrDbnVAAyE0h,251.000,q5GVJKHvqVwABnDf,305.000,MY8Sv42aXxDpCjC4,324.000,md4MdKOU6ZsQ//g0,349.000,SayB0+Vq1qyZnTIu,,
1,33,2026-04-05T12:40:42.808Z,262.000,9,157.000,BjjWVd8h3JWMBrnK,172.000,Fw2XlLSvhDCRIl7z,174.000,OY9eVeUW8tGGPJFe,188.000,TiCg1GW9IStcOras,196.000,zyQbLrDbnVAAyE0h,206.000,q5GVJKHvqVwABnDf,330.000,SayB0+Vq1qyZnTIu,276.000,md4MdKOU6ZsQ//g0,357.000,MY8Sv42aXxDpCjC4,,
1,34,2026-04-05T12:40:43.070Z,270.000,9,139.000,TiCg1GW9IStcOras,150.000,Fw2XlLSvhDCRIl7z,171.000,OY9eVeUW8tGGPJFe,203.000,BjjWVd8h3JWMBrnK,237.000,zyQbLrDbnVAAyE0h,251.000,q5GVJKHvqVwABnDf,301.000,MY8Sv42aXxDpCjC4,305.000,SayB0+Vq1qyZnTIu,324.000,md4MdKOU6ZsQ//g0,,
1,35,2026-04-05T12:40:43.340Z,244.000,9,131.000,Fw2XlLSvhDCRIl7z,137.000,OY9eVeUW8tGGPJFe,178.000,zyQbLrDbnVAAyE0h,189.000,q5GVJKHvqVwABnDf,206.000,TiCg1GW9IStcOras,241.000,BjjWVd8h3JWMBrnK,244.000,SayB0+Vq1qyZnTIu,290.000,md4MdKOU6ZsQ//g0,338.000,MY8Sv42aXxDpCjC4,,
1,36,2026-04-05T12:40:43.584Z,303.000,9,148.000,OY9eVeUW8tGGPJFe,150.000,Fw2XlLSvhDCRIl7z,151.000,q5GVJKHvqVwABnDf,168.000,TiCg1GW9IStcOras,202.000,BjjWVd8h3JWMBrnK,237.000,zyQbLrDbnVAAyE0h,304.000,md4MdKOU6ZsQ//g0,308.000,MY8Sv42aXxDpCjC4,309.000,SayB0+Vq1qyZnTIu,,
1,37,2026-04-05T12:40:43.887Z,211.000,9,109.000,OY9eVeUW8tGGPJFe,110.000,Fw2XlLSvhDCRIl7z,139.000,TiCg1GW9IStcOras,141.000,zyQbLrDbnVAAyE0h,148.000,BjjWVd8h3JWMBrnK,196.000,q5GVJKHvqVwABnDf,211.000,MY8Sv42aXxDpCjC4,213.000,SayB0+Vq1qyZnTIu,307.000,md4MdKOU6ZsQ//g0,,
1,38,2026-04-05T12:40:44.098Z,307.000,9,135.000,TiCg1GW9IStcOras,145.000,zyQbLrDbnVAAyE0h,205.000,OY9eVeUW8tGGPJFe,207.000,BjjWVd8h3JWMBrnK,210.000,Fw2XlLSvhDCRIl7z,242.000,q5GVJKHvqVwABnDf,311.000,SayB0+Vq1qyZnTIu,345.000,md4MdKOU6ZsQ//g0,308.000,MY8Sv42aXxDpCjC4,,
1,39,2026-04-05T12:40:44.405Z,259.000,9,108.000,TiCg1GW9IStcOras,110.000,BjjWVd8h3JWMBrnK,191.000,zyQbLrDbnVAAyE0h,206.000,q5GVJKHvqVwABnDf,206.000,OY9eVeUW8tGGPJFe,213.000,Fw2XlLSvhDCRIl7z,308.000,MY8Sv42aXxDpCjC4,311.000,SayB0+Vq1qyZnTIu,320.000,md4MdKOU6ZsQ//g0,,
1,40,2026-04-05T12:40:44.664Z,256.000,9,152.000,OY9eVeUW8tGGPJFe,158.000,BjjWVd8h3JWMBrnK,188.000,zyQbLrDbnVAAyE0h,191.000,Fw2XlLSvhDCRIl7z,199.000,q5GVJKHvqVwABnDf,241.000,TiCg1GW9IStcOras,256.000,MY8Sv42aXxDpCjC4,304.000,md4MdKOU6ZsQ//g0,361.000,SayB0+Vq1qyZnTIu,,
1,41,2026-04-05T12:40:44.920Z,258.000,9,138.000,zyQbLrDbnVAAyE0h,151.000,OY9eVeUW8tGGPJFe,191.000,TiCg1GW9IStcOras,212.000,BjjWVd8h3JWMBrnK,214.000,Fw2XlLSvhDCRIl7z,251.000,q5GVJKHvqVwABnDf,258.000,md4MdKOU6ZsQ//g0,314.000,MY8Sv42aXxDpCjC4,351.000,SayB0+Vq1qyZnTIu,,
1,42,2026-04-05T12:40:45.178Z,268.000,9,155.000,zyQbLrDbnVAAyE0h,158.000,OY9eVeUW8tGGPJFe,194.000,Fw2XlLSvhDCRIl7z,202.000,q5GVJKHvqVwABnDf,224.000,BjjWVd8h3JWMBrnK,247.000,TiCg1GW9IStcOras,300.000,SayB0+Vq1qyZnTIu,298.000,MY8Sv42aXxDpCjC4,307.000,md4MdKOU6ZsQ//g0,,
1,43,2026-04-05T12:40:45.446Z,299.000,9,142.000,OY9eVeUW8tGGPJFe,172.000,zyQbLrDbnVAAyE0h,194.000,TiCg1GW9IStcOras,235.000,Fw2XlLSvhDCRIl7z,236.000,BjjWVd8h3JWMBrnK,242.000,q5GVJKHvqVwABnDf,340.000,MY8Sv42aXxDpCjC4,302.000,md4MdKOU6ZsQ//g0,339.000,SayB0+Vq1qyZnTIu,,
1,44,2026-04-05T12:40:45.745Z,219.000,9,114.000,zyQbLrDbnVAAyE0h,143.000,OY9eVeUW8tGGPJFe,174.000,BjjWVd8h3JWMBrnK,193.000,TiCg1GW9IStcOras,204.000,q5GVJKHvqVwABnDf,212.000,Fw2XlLSvhDCRIl7z,246.000,SayB0+Vq1qyZnTIu,247.000,MY8Sv42aXxDpCjC4,295.000,md4MdKOU6ZsQ//g0,,
1,45,2026-04-05T12:40:45.964Z,295.000,9,179.000,OY9eVeUW8tGGPJFe,191.000,q5GVJKHvqVwABnDf,192.000,zyQbLrDbnVAAyE0h,198.000,TiCg1GW9IStcOras,228.000,Fw2XlLSvhDCRIl7z,235.000,BjjWVd8h3JWMBrnK,336.000,MY8Sv42aXxDpCjC4,299.000,md4MdKOU6ZsQ//g0,335.000,SayB0+Vq1qyZnTIu,,
1,46,2026-04-05T12:40:46.259Z,244.000,9,195.000,TiCg1GW9IStcOras,206.000,q5GVJKHvqVwABnDf,207.000,zyQbLrDbnVAAyE0h,209.000,BjjWVd8h3JWMBrnK,210.000,Fw2XlLSvhDCRIl7z,211.000,OY9eVeUW8tGGPJFe,244.000,SayB0+Vq1qyZnTIu,315.000,md4MdKOU6ZsQ//g0,326.000,MY8Sv42aXxDpCjC4,,
1,47,2026-04-05T12:40:46.503Z,277.000,9,172.000,BjjWVd8h3JWMBrnK,174.000,OY9eVeUW8tGGPJFe,176.000,q5GVJKHvqVwABnDf,207.000,Fw2XlLSvhDCRIl7z,259.000,TiCg1GW9IStcOras,271.000,zyQbLrDbnVAAyE0h,277.000,md4MdKOU6ZsQ//g0,309.000,SayB0+Vq1qyZnTIu,310.000,MY8Sv42aXxDpCjC4,,
1,48,2026-04-05T12:40:46.780Z,304.000,9,138.000,Fw2XlLSvhDCRIl7z,198.000,BjjWVd8h3JWMBrnK,207.000,OY9eVeUW8tGGPJFe,210.000,TiCg1GW9IStcOras,211.000,q5GVJKHvqVwABnDf,212.000,zyQbLrDbnVAAyE0h,342.000,MY8Sv42aXxDpCjC4,311.000,md4MdKOU6ZsQ//g0,340.000,SayB0+Vq1qyZnTIu,,
1,49,2026-04-05T12:40:47.084Z,221.000,9,112.000,q5GVJKHvqVwABnDf,115.000,TiCg1GW9IStcOras,116.000,BjjWVd8h3JWMBrnK,148.000,Fw2XlLSvhDCRIl7z,207.000,zyQbLrDbnVAAyE0h,211.000,OY9eVeUW8tGGPJFe,241.000,SayB0+Vq1qyZnTIu,312.000,md4MdKOU6ZsQ//g0,313.000,MY8Sv42aXxDpCjC4,,
1,50,2026-04-05T12:40:47.305Z,297.000,9,195.000,BjjWVd8h3JWMBrnK,199.000,OY9eVeUW8tGGPJFe,200.000,Fw2XlLSvhDCRIl7z,203.000,q5GVJKHvqVwABnDf,204.000,TiCg1GW9IStcOras,294.000,zyQbLrDbnVAAyE0h,332.000,MY8Sv42aXxDpCjC4,303.000,md4MdKOU6ZsQ//g0,328.000,SayB0+Vq1qyZnTIu,,
1,51,2026-04-05T12:40:47.602Z,222.000,9,112.000,BjjWVd8h3JWMBrnK,115.000,q5GVJKHvqVwABnDf,116.000,TiCg1GW9IStcOras,204.000,zyQbLrDbnVAAyE0h,211.000,OY9eVeUW8tGGPJFe,212.000,Fw2XlLSvhDCRIl7z,235.000,SayB0+Vq1qyZnTIu,315.000,md4MdKOU6ZsQ//g0,327.000,MY8Sv42aXxDpCjC4,,
1,52,2026-04-05T12:40:47.824Z,294.000,9,188.000,TiCg1GW9IStcOras,191.000,zyQbLrDbnVAAyE0h,194.000,BjjWVd8h3JWMBrnK,196.000,OY9eVeUW8tGGPJFe,205.000,q5GVJKHvqVwABnDf,226.000,Fw2XlLSvhDCRIl7z,299.000,md4MdKOU6ZsQ//g0,325.000,MY8Sv42aXxDpCjC4,323.000,SayB0+Vq1qyZnTIu,,
1,53,2026-04-05T12:40:48.118Z,225.000,9,117.000,q5GVJKHvqVwABnDf,118.000,BjjWVd8h3JWMBrnK,119.000,TiCg1GW9IStcOras,205.000,zyQbLrDbnVAAyE0h,207.000,Fw2XlLSvhDCRIl7z,211.000,OY9eVeUW8tGGPJFe,233.000,SayB0+Vq1qyZnTIu,312.000,md4MdKOU6ZsQ//g0,418.000,MY8Sv42aXxDpCjC4,,
1,54,2026-04-05T12:40:48.343Z,291.000,9,188.000,TiCg1GW9IStcOras,189.000,zyQbLrDbnVAAyE0h,190.000,BjjWVd8h3JWMBrnK,192.000,q5GVJKHvqVwABnDf,194.000,OY9eVeUW8tGGPJFe,222.000,Fw2XlLSvhDCRIl7z,313.000,MY8Sv42aXxDpCjC4,295.000,md4MdKOU6ZsQ//g0,306.000,SayB0+Vq1qyZnTIu,,
1,55,2026-04-05T12:40:48.634Z,208.000,9,118.000,BjjWVd8h3JWMBrnK,121.000,TiCg1GW9IStcOras,122.000,q5GVJKHvqVwABnDf,140.000,OY9eVeUW8tGGPJFe,147.000,Fw2XlLSvhDCRIl7z,204.000,zyQbLrDbnVAAyE0h,244.000,MY8Sv42aXxDpCjC4,211.000,md4MdKOU6ZsQ//g0,246.000,SayB0+Vq1qyZnTIu,,
1,56,2026-04-05T12:40:48.842Z,246.000,9,120.000,BjjWVd8h3JWMBrnK,141.000,OY9eVeUW8tGGPJFe,200.000,Fw2XlLSvhDCRIl7z,203.000,zyQbLrDbnVAAyE0h,204.000,q5GVJKHvqVwABnDf,205.000,TiCg1GW9IStcOras,246.000,SayB0+Vq1qyZnTIu,311.000,md4MdKOU6ZsQ//g0,343.000,MY8Sv42aXxDpCjC4,,
1,57,2026-04-05T12:40:49.088Z,273.000,9,164.000,zyQbLrDbnVAAyE0h,170.000,BjjWVd8h3JWMBrnK,189.000,Fw2XlLSvhDCRIl7z,206.000,OY9eVeUW8tGGPJFe,220.000,q5GVJKHvqVwABnDf,264.000,TiCg1GW9IStcOras,373.000,md4MdKOU6ZsQ//g0,309.000,SayB0+Vq1qyZnTIu,369.000,MY8Sv42aXxDpCjC4,,
1,58,2026-04-05T12:40:49.361Z,251.000,9,141.000,BjjWVd8h3JWMBrnK,195.000,Fw2XlLSvhDCRIl7z,198.000,zyQbLrDbnVAAyE0h,214.000,q5GVJKHvqVwABnDf,219.000,TiCg1GW9IStcOras,235.000,OY9eVeUW8tGGPJFe,345.000,SayB0+Vq1qyZnTIu,339.000,MY8Sv42aXxDpCjC4,353.000,md4MdKOU6ZsQ//g0,,
1,59,2026-04-05T12:40:49.612Z,268.000,9,159.000,zyQbLrDbnVAAyE0h,163.000,BjjWVd8h3JWMBrnK,211.000,q5GVJKHvqVwABnDf,251.000,Fw2XlLSvhDCRIl7z,255.000,TiCg1GW9IStcOras,260.000,OY9eVeUW8tGGPJFe,365.000,md4MdKOU6ZsQ//g0,301.000,SayB0+Vq1qyZnTIu,366.000,MY8Sv42aXxDpCjC4,,
1,60,2026-04-05T12:40:49.880Z,248.000,9,143.000,BjjWVd8h3JWMBrnK,195.000,TiCg1GW9IStcOras,197.000,zyQbLrDbnVAAyE0h,212.000,q5GVJKHvqVwABnDf,218.000,Fw2XlLSvhDCRIl7z,233.000,OY9eVeUW8tGGPJFe,342.000,SayB0+Vq1qyZnTIu,336.000,MY8Sv42aXxDpCjC4,354.000,md4MdKOU6ZsQ//g0,,
1,61,2026-04-05T12:40:50.128Z,279.000,9,157.000,TiCg1GW9IStcOras,158.000,zyQbLrDbnVAAyE0h,162.000,BjjWVd8h3JWMBrnK,208.000,q5GVJKHvqVwABnDf,249.000,Fw2XlLSvhDCRIl7z,257.000,OY9eVeUW8tGGPJFe,302.000,SayB0+Vq1qyZnTIu,360.000,MY8Sv42aXxDpCjC4,362.000,md4MdKOU6ZsQ//g0,,
1,62,2026-04-05T12:40:50.407Z,282.000,9,177.000,Fw2XlLSvhDCRIl7z,191.000,OY9eVeUW8tGGPJFe,201.000,q5GVJKHvqVwABnDf,207.000,TiCg1GW9IStcOras,209.000,BjjWVd8h3JWMBrnK,211.000,zyQbLrDbnVAAyE0h,329.000,SayB0+Vq1qyZnTIu,294.000,md4MdKOU6ZsQ//g0,323.000,MY8Sv42aXxDpCjC4,,
1,63,2026-04-05T12:40:50.689Z,243.000,9,128.000,q5GVJKHvqVwABnDf,135.000,BjjWVd8h3JWMBrnK,137.000,TiCg1GW9IStcOras,138.000,zyQbLrDbnVAAyE0h,155.000,Fw2XlLSvhDCRIl7z,217.000,OY9eVeUW8tGGPJFe,322.000,md4MdKOU6ZsQ//g0,351.000,MY8Sv42aXxDpCjC4,561.000,SayB0+Vq1qyZnTIu,,
1,64,2026-04-05T12:40:50.932Z,272.000,9,125.000,q5GVJKHvqVwABnDf,170.000,Fw2XlLSvhDCRIl7z,201.000,TiCg1GW9IStcOras,203.000,BjjWVd8h3JWMBrnK,205.000,zyQbLrDbnVAAyE0h,208.000,OY9eVeUW8tGGPJFe,317.000,SayB0+Vq1qyZnTIu,314.000,MY8Sv42aXxDpCjC4,377.000,md4MdKOU6ZsQ//g0,,
1,65,2026-04-05T12:40:51.204Z,244.000,9,137.000,BjjWVd8h3JWMBrnK,138.000,Fw2XlLSvhDCRIl7z,152.000,zyQbLrDbnVAAyE0h,155.000,TiCg1GW9IStcOras,157.000,q5GVJKHvqVwABnDf,219.000,OY9eVeUW8tGGPJFe,323.000,md4MdKOU6ZsQ//g0,352.000,MY8Sv42aXxDpCjC4,457.000,SayB0+Vq1qyZnTIu,,
1,66,2026-04-05T12:40:51.448Z,242.000,9,136.000,TiCg1GW9IStcOras,203.000,BjjWVd8h3JWMBrnK,205.000,q5GVJKHvqVwABnDf,206.000,zyQbLrDbnVAAyE0h,209.000,OY9eVeUW8tGGPJFe,223.000,Fw2XlLSvhDCRIl7z,313.000,SayB0+Vq1qyZnTIu,314.000,MY8Sv42aXxDpCjC4,352.000,md4MdKOU6ZsQ//g0,,
1,67,2026-04-05T12:40:51.690Z,273.000,8,166.000,TiCg1GW9IStcOras,169.000,Fw2XlLSvhDCRIl7z,172.000,BjjWVd8h3JWMBrnK,188.000,q5GVJKHvqVwABnDf,219.000,zyQbLrDbnVAAyE0h,245.000,OY9eVeUW8tGGPJFe,349.000,md4MdKOU6ZsQ//g0,340.000,SayB0+Vq1qyZnTIu,,,,
1,68,2026-04-05T12:40:51.963Z,258.000,9,131.000,OY9eVeUW8tGGPJFe,137.000,TiCg1GW9IStcOras,172.000,BjjWVd8h3JWMBrnK,174.000,zyQbLrDbnVAAyE0h,206.000,Fw2XlLSvhDCRIl7z,223.000,q5GVJKHvqVwABnDf,258.000,MY8Sv42aXxDpCjC4,310.000,SayB0+Vq1qyZnTIu,311.000,md4MdKOU6ZsQ//g0,,
1,69,2026-04-05T12:40:52.221Z,257.000,9,151.000,zyQbLrDbnVAAyE0h,155.000,TiCg1GW9IStcOras,172.000,q5GVJKHvqVwABnDf,174.000,BjjWVd8h3JWMBrnK,175.000,Fw2XlLSvhDCRIl7z,217.000,OY9eVeUW8tGGPJFe,257.000,SayB0+Vq1qyZnTIu,324.000,md4MdKOU6ZsQ//g0,435.000,MY8Sv42aXxDpCjC4,,
1,70,2026-04-05T12:40:52.478Z,251.000,9,121.000,q5GVJKHvqVwABnDf,164.000,TiCg1GW9IStcOras,168.000,Fw2XlLSvhDCRIl7z,170.000,zyQbLrDbnVAAyE0h,182.000,OY9eVeUW8tGGPJFe,206.000,BjjWVd8h3JWMBrnK,251.000,MY8Sv42aXxDpCjC4,286.000,md4MdKOU6ZsQ//g0,310.000,SayB0+Vq1qyZnTIu,,
1,71,2026-04-05T12:40:52.729Z,265.000,9,157.000,OY9eVeUW8tGGPJFe,163.000,zyQbLrDbnVAAyE0h,221.000,TiCg1GW9IStcOras,222.000,q5GVJKHvqVwABnDf,258.000,BjjWVd8h3JWMBrnK,264.000,Fw2XlLSvhDCRIl7z,265.000,md4MdKOU6ZsQ//g0,351.000,MY8Sv42aXxDpCjC4,367.000,SayB0+Vq1qyZnTIu,,
1,72,2026-04-05T12:40:52.994Z,268.000,9,164.000,q5GVJKHvqVwABnDf,189.000,zyQbLrDbnVAAyE0h,190.000,OY9eVeUW8tGGPJFe,207.000,Fw2XlLSvhDCRIl7z,244.000,BjjWVd8h3JWMBrnK,265.000,TiCg1GW9IStcOras,310.000,SayB0+Vq1qyZnTIu,309.000,md4MdKOU6ZsQ//g0,315.000,MY8Sv42aXxDpCjC4,,
1,73,2026-04-05T12:40:53.262Z,255.000,9,144.000,OY9eVeUW8tGGPJFe,145.000,Fw2XlLSvhDCRIl7z,152.000,zyQbLrDbnVAAyE0h,153.000,q5GVJKHvqVwABnDf,201.000,BjjWVd8h3JWMBrnK,235.000,TiCg1GW9IStcOras,255.000,md4MdKOU6ZsQ//g0,350.000,SayB0+Vq1qyZnTIu,355.000,MY8Sv42aXxDpCjC4,,
1,74,2026-04-05T12:40:53.517Z,262.000,9,137.000,OY9eVeUW8tGGPJFe,157.000,q5GVJKHvqVwABnDf,194.000,BjjWVd8h3JWMBrnK,206.000,zyQbLrDbnVAAyE0h,208.000,Fw2XlLSvhDCRIl7z,253.000,TiCg1GW9IStcOras,287.000,SayB0+Vq1qyZnTIu,305.000,MY8Sv42aXxDpCjC4,309.000,md4MdKOU6ZsQ//g0,,
1,75,2026-04-05T12:40:53.779Z,363.000,9,148.000,OY9eVeUW8tGGPJFe,153.000,Fw2XlLSvhDCRIl7z,359.000,q5GVJKHvqVwABnDf,360.000,zyQbLrDbnVAAyE0h,361.000,TiCg1GW9IStcOras,362.000,BjjWVd8h3JWMBrnK,363.000,md4MdKOU6ZsQ//g0,366.000,SayB0+Vq1qyZnTIu,368.000,MY8Sv42aXxDpCjC4,,
1,76,2026-04-05T12:40:54.142Z,188.000,9,83.000,BjjWVd8h3JWMBrnK,86.000,Fw2XlLSvhDCRIl7z,100.000,q5GVJKHvqVwABnDf,119.000,OY9eVeUW8tGGPJFe,143.000,TiCg1GW9IStcOras,145.000,zyQbLrDbnVAAyE0h,251.000,SayB0+Vq1qyZnTIu,195.000,MY8Sv42aXxDpCjC4,223.000,md4MdKOU6ZsQ//g0,,
1,77,2026-04-05T12:40:54.330Z,243.000,9,109.000,Fw2XlLSvhDCRIl7z,137.000,zyQbLrDbnVAAyE0h,139.000,OY9eVeUW8tGGPJFe,161.000,TiCg1GW9IStcOras,173.000,q5GVJKHvqVwABnDf,204.000,BjjWVd8h3JWMBrnK,316.000,MY8Sv42aXxDpCjC4,278.000,md4MdKOU6ZsQ//g0,295.000,SayB0+Vq1qyZnTIu,,
1,78,2026-04-05T12:40:54.573Z,261.000,9,128.000,zyQbLrDbnVAAyE0h,138.000,TiCg1GW9IStcOras,141.000,q5GVJKHvqVwABnDf,155.000,OY9eVeUW8tGGPJFe,165.000,BjjWVd8h3JWMBrnK,202.000,Fw2XlLSvhDCRIl7z,262.000,SayB0+Vq1qyZnTIu,296.000,md4MdKOU6ZsQ//g0,299.000,MY8Sv42aXxDpCjC4,,
1,79,2026-04-05T12:40:54.834Z,236.000,9,128.000,BjjWVd8h3JWMBrnK,129.000,q5GVJKHvqVwABnDf,146.000,Fw2XlLSvhDCRIl7z,177.000,zyQbLrDbnVAAyE0h,184.000,OY9eVeUW8tGGPJFe,202.000,TiCg1GW9IStcOras,287.000,md4MdKOU6ZsQ//g0,306.000,SayB0+Vq1qyZnTIu,324.000,MY8Sv42aXxDpCjC4,,
1,80,2026-04-05T12:40:55.070Z,290.000,9,153.000,OY9eVeUW8tGGPJFe,174.000,zyQbLrDbnVAAyE0h,175.000,q5GVJKHvqVwABnDf,177.000,TiCg1GW9IStcOras,203.000,BjjWVd8h3JWMBrnK,224.000,Fw2XlLSvhDCRIl7z,342.000,SayB0+Vq1qyZnTIu,313.000,MY8Sv42aXxDpCjC4,314.000,md4MdKOU6ZsQ//g0,,
1,81,2026-04-05T12:40:55.360Z,227.000,9,120.000,q5GVJKHvqVwABnDf,121.000,BjjWVd8h3JWMBrnK,163.000,zyQbLrDbnVAAyE0h,171.000,Fw2XlLSvhDCRIl7z,192.000,TiCg1GW9IStcOras,193.000,OY9eVeUW8tGGPJFe,258.000,md4MdKOU6ZsQ//g0,296.000,SayB0+Vq1qyZnTIu,310.000,MY8Sv42aXxDpCjC4,,
1,82,2026-04-05T12:40:55.587Z,291.000,9,182.000,q5GVJKHvqVwABnDf,185.000,zyQbLrDbnVAAyE0h,186.000,BjjWVd8h3JWMBrnK,187.000,TiCg1GW9IStcOras,187.000,OY9eVeUW8tGGPJFe,235.000,Fw2XlLSvhDCRIl7z,316.000,SayB0+Vq1qyZnTIu,293.000,MY8Sv42aXxDpCjC4,307.000,md4MdKOU6ZsQ//g0,,
1,83,2026-04-05T12:40:55.878Z,222.000,9,121.000,BjjWVd8h3JWMBrnK,131.000,q5GVJKHvqVwABnDf,166.000,Fw2XlLSvhDCRIl7z,168.000,OY9eVeUW8tGGPJFe,190.000,zyQbLrDbnVAAyE0h,199.000,TiCg1GW9IStcOras,270.000,md4MdKOU6ZsQ//g0,291.000,SayB0+Vq1qyZnTIu,339.000,MY8Sv42aXxDpCjC4,,
1,84,2026-04-05T12:40:56.100Z,295.000,9,190.000,OY9eVeUW8tGGPJFe,191.000,q5GVJKHvqVwABnDf,192.000,Fw2XlLSvhDCRIl7z,193.000,BjjWVd8h3JWMBrnK,195.000,TiCg1GW9IStcOras,196.000,zyQbLrDbnVAAyE0h,378.000,SayB0+Vq1qyZnTIu,358.000,md4MdKOU6ZsQ//g0,408.000,MY8Sv42aXxDpCjC4,,
1,85,2026-04-05T12:40:56.395Z,309.000,8,167.000,OY9eVeUW8tGGPJFe,206.000,zyQbLrDbnVAAyE0h,208.000,BjjWVd8h3JWMBrnK,209.000,TiCg1GW9IStcOras,210.000,Fw2XlLSvhDCRIl7z,212.000,q5GVJKHvqVwABnDf,392.000,SayB0+Vq1qyZnTIu,337.000,md4MdKOU6ZsQ//g0,,,,
1,86,2026-04-05T12:40:56.704Z,229.000,9,144.000,Fw2XlLSvhDCRIl7z,162.000,q5GVJKHvqVwABnDf,164.000,BjjWVd8h3JWMBrnK,185.000,OY9eVeUW8tGGPJFe,201.000,zyQbLrDbnVAAyE0h,208.000,TiCg1GW9IStcOras,306.000,MY8Sv42aXxDpCjC4,289.000,SayB0+Vq1qyZnTIu,311.000,md4MdKOU6ZsQ//g0,,
1,87,2026-04-05T12:40:56.933Z,281.000,9,141.000,Fw2XlLSvhDCRIl7z,178.000,OY9eVeUW8tGGPJFe,184.000,zyQbLrDbnVAAyE0h,187.000,BjjWVd8h3JWMBrnK,188.000,TiCg1GW9IStcOras,190.000,q5GVJKHvqVwABnDf,281.000,MY8Sv42aXxDpCjC4,286.000,md4MdKOU6ZsQ//g0,367.000,SayB0+Vq1qyZnTIu,,
1,88,2026-04-05T12:40:57.214Z,293.000,9,148.000,Fw2XlLSvhDCRIl7z,189.000,OY9eVeUW8tGGPJFe,211.000,zyQbLrDbnVAAyE0h,214.000,BjjWVd8h3JWMBrnK,215.000,q5GVJKHvqVwABnDf,217.000,TiCg1GW9IStcOras,310.000,MY8Sv42aXxDpCjC4,309.000,SayB0+Vq1qyZnTIu,315.000,md4MdKOU6ZsQ//g0,,
1,89,2026-04-05T12:40:57.507Z,233.000,9,120.000,OY9eVeUW8tGGPJFe,126.000,BjjWVd8h3JWMBrnK,128.000,TiCg1GW9IStcOras,166.000,zyQbLrDbnVAAyE0h,206.000,Fw2XlLSvhDCRIl7z,232.000,q5GVJKHvqVwABnDf,233.000,MY8Sv42aXxDpCjC4,326.000,SayB0+Vq1qyZnTIu,329.000,md4MdKOU6ZsQ//g0,,
1,90,2026-04-05T12:40:57.740Z,297.000,9,148.000,TiCg1GW9IStcOras,204.000,OY9eVeUW8tGGPJFe,209.000,q5GVJKHvqVwABnDf,210.000,BjjWVd8h3JWMBrnK,241.000,zyQbLrDbnVAAyE0h,294.000,Fw2XlLSvhDCRIl7z,308.000,MY8Sv42aXxDpCjC4,401.000,SayB0+Vq1qyZnTIu,402.000,md4MdKOU6ZsQ//g0,,
1,91,2026-04-05T12:40:58.037Z,327.000,9,120.000,BjjWVd8h3JWMBrnK,165.000,q5GVJKHvqVwABnDf,206.000,OY9eVeUW8tGGPJFe,212.000,Fw2XlLSvhDCRIl7z,214.000,TiCg1GW9IStcOras,253.000,zyQbLrDbnVAAyE0h,327.000,SayB0+Vq1qyZnTIu,330.000,md4MdKOU6ZsQ//g0,328.000,MY8Sv42aXxDpCjC4,,
1,92,2026-04-05T12:40:58.364Z,235.000,9,131.000,zyQbLrDbnVAAyE0h,149.000,BjjWVd8h3JWMBrnK,185.000,OY9eVeUW8tGGPJFe,186.000,Fw2XlLSvhDCRIl7z,192.000,q5GVJKHvqVwABnDf,196.000,TiCg1GW9IStcOras,290.000,SayB0+Vq1qyZnTIu,294.000,md4MdKOU6ZsQ//g0,303.000,MY8Sv42aXxDpCjC4,,
1,93,2026-04-05T12:40:58.599Z,274.000,9,160.000,q5GVJKHvqVwABnDf,163.000,OY9eVeUW8tGGPJFe,202.000,zyQbLrDbnVAAyE0h,215.000,BjjWVd8h3JWMBrnK,259.000,Fw2XlLSvhDCRIl7z,268.000,TiCg1GW9IStcOras,274.000,md4MdKOU6ZsQ//g0,303.000,MY8Sv42aXxDpCjC4,362.000,SayB0+Vq1qyZnTIu,,
1,94,2026-04-05T12:40:58.873Z,295.000,9,147.000,BjjWVd8h3JWMBrnK,191.000,Fw2XlLSvhDCRIl7z,193.000,OY9eVeUW8tGGPJFe,202.000,TiCg1GW9IStcOras,206.000,q5GVJKHvqVwABnDf,235.000,zyQbLrDbnVAAyE0h,295.000,SayB0+Vq1qyZnTIu,322.000,md4MdKOU6ZsQ//g0,335.000,MY8Sv42aXxDpCjC4,,
1,95,2026-04-05T12:40:59.168Z,233.000,9,116.000,TiCg1GW9IStcOras,145.000,OY9eVeUW8tGGPJFe,149.000,q5GVJKHvqVwABnDf,171.000,BjjWVd8h3JWMBrnK,206.000,Fw2XlLSvhDCRIl7z,210.000,zyQbLrDbnVAAyE0h,233.000,md4MdKOU6ZsQ//g0,252.000,MY8Sv42aXxDpCjC4,312.000,SayB0+Vq1qyZnTIu,,
1,96,2026-04-05T12:40:59.401Z,264.000,9,123.000,OY9eVeUW8tGGPJFe,180.000,q5GVJKHvqVwABnDf,217.000,Fw2XlLSvhDCRIl7z,218.000,TiCg1GW9IStcOras,223.000,BjjWVd8h3JWMBrnK,224.000,zyQbLrDbnVAAyE0h,263.000,MY8Sv42aXxDpCjC4,296.000,SayB0+Vq1qyZnTIu,309.000,md4MdKOU6ZsQ//g0,,
1,97,2026-04-05T12:40:59.665Z,271.000,9,136.000,OY9eVeUW8tGGPJFe,163.000,TiCg1GW9IStcOras,186.000,BjjWVd8h3JWMBrnK,222.000,Fw2XlLSvhDCRIl7z,225.000,zyQbLrDbnVAAyE0h,244.000,q5GVJKHvqVwABnDf,270.000,SayB0+Vq1qyZnTIu,308.000,MY8Sv42aXxDpCjC4,334.000,md4MdKOU6ZsQ//g0,,
1,98,2026-04-05T12:40:59.936Z,242.000,9,139.000,OY9eVeUW8tGGPJFe,199.000,TiCg1GW9IStcOras,202.000,Fw2XlLSvhDCRIl7z,205.000,zyQbLrDbnVAAyE0h,207.000,q5GVJKHvqVwABnDf,220.000,BjjWVd8h3JWMBrnK,242.000,MY8Sv42aXxDpCjC4,288.000,md4MdKOU6ZsQ//g0,310.000,SayB0+Vq1qyZnTIu,,
1,99,2026-04-05T12:41:00.178Z,252.000,9,148.000,OY9eVeUW8tGGPJFe,170.000,TiCg1GW9IStcOras,183.000,BjjWVd8h3JWMBrnK,222.000,Fw2XlLSvhDCRIl7z,226.000,zyQbLrDbnVAAyE0h,244.000,q5GVJKHvqVwABnDf,252.000,md4MdKOU6ZsQ//g0,287.000,SayB0+Vq1qyZnTIu,310.000,MY8Sv42aXxDpCjC4,,
1,100,2026-04-05T12:41:00.430Z,311.000,9,203.000,TiCg1GW9IStcOras,206.000,q5GVJKHvqVwABnDf,207.000,OY9eVeUW8tGGPJFe,219.000,Fw2XlLSvhDCRIl7z,227.000,zyQbLrDbnVAAyE0h,241.000,BjjWVd8h3JWMBrnK,311.000,md4MdKOU6ZsQ//g0,345.000,SayB0+Vq1qyZnTIu,384.000,MY8Sv42aXxDpCjC4,,
1,101,2026-04-05T12:41:00.741Z,271.000,9,144.000,TiCg1GW9IStcOras,179.000,Fw2XlLSvhDCRIl7z,185.000,zyQbLrDbnVAAyE0h,196.000,BjjWVd8h3JWMBrnK,203.000,q5GVJKHvqVwABnDf,206.000,OY9eVeUW8tGGPJFe,339.000,SayB0+Vq1qyZnTIu,309.000,md4MdKOU6ZsQ//g0,553.000,MY8Sv42aXxDpCjC4,,
1,102,2026-04-05T12:41:01.012Z,267.000,9,118.000,zyQbLrDbnVAAyE0h,133.000,BjjWVd8h3JWMBrnK,137.000,Fw2XlLSvhDCRIl7z,138.000,q5GVJKHvqVwABnDf,141.000,OY9eVeUW8tGGPJFe,212.000,TiCg1GW9IStcOras,267.000,md4MdKOU6ZsQ//g0,281.000,SayB0+Vq1qyZnTIu,359.000,MY8Sv42aXxDpCjC4,,
1,103,2026-04-05T12:41:01.279Z,239.000,9,149.000,TiCg1GW9IStcOras,205.000,BjjWVd8h3JWMBrnK,206.000,OY9eVeUW8tGGPJFe,207.000,zyQbLrDbnVAAyE0h,208.000,Fw2XlLSvhDCRIl7z,210.000,q5GVJKHvqVwABnDf,301.000,MY8Sv42aXxDpCjC4,305.000,md4MdKOU6ZsQ//g0,324.000,SayB0+Vq1qyZnTIu,,
1,104,2026-04-05T12:41:01.518Z,274.000,9,148.000,TiCg1GW9IStcOras,152.000,zyQbLrDbnVAAyE0h,168.000,OY9eVeUW8tGGPJFe,173.000,q5GVJKHvqVwABnDf,174.000,BjjWVd8h3JWMBrnK,182.000,Fw2XlLSvhDCRIl7z,273.000,md4MdKOU6ZsQ//g0,367.000,MY8Sv42aXxDpCjC4,303.000,SayB0+Vq1qyZnTIu,,
1,105,2026-04-05T12:41:01.792Z,284.000,9,137.000,q5GVJKHvqVwABnDf,163.000,zyQbLrDbnVAAyE0h,187.000,Fw2XlLSvhDCRIl7z,195.000,BjjWVd8h3JWMBrnK,196.000,OY9eVeUW8tGGPJFe,207.000,TiCg1GW9IStcOras,318.000,SayB0+Vq1qyZnTIu,297.000,MY8Sv42aXxDpCjC4,310.000,md4MdKOU6ZsQ//g0,,
1,106,2026-04-05T12:41:02.076Z,237.000,9,119.000,Fw2XlLSvhDCRIl7z,127.000,q5GVJKHvqVwABnDf,129.000,OY9eVeUW8tGGPJFe,135.000,TiCg1GW9IStcOras,219.000,BjjWVd8h3JWMBrnK,226.000,zyQbLrDbnVAAyE0h,237.000,md4MdKOU6ZsQ//g0,263.000,SayB0+Vq1qyZnTIu,324.000,MY8Sv42aXxDpCjC4,,
1,107,2026-04-05T12:41:02.313Z,298.000,9,189.000,OY9eVeUW8tGGPJFe,197.000,Fw2XlLSvhDCRIl7z,202.000,BjjWVd8h3JWMBrnK,207.000,q5GVJKHvqVwABnDf,211.000,TiCg1GW9IStcOras,292.000,zyQbLrDbnVAAyE0h,334.000,SayB0+Vq1qyZnTIu,303.000,MY8Sv42aXxDpCjC4,308.000,md4MdKOU6ZsQ//g0,,
1,108,2026-04-05T12:41:02.611Z,221.000,9,112.000,OY9eVeUW8tGGPJFe,115.000,q5GVJKHvqVwABnDf,146.000,zyQbLrDbnVAAyE0h,200.000,BjjWVd8h3JWMBrnK,211.000,TiCg1GW9IStcOras,213.000,Fw2XlLSvhDCRIl7z,314.000,MY8Sv42aXxDpCjC4,284.000,SayB0+Vq1qyZnTIu,302.000,md4MdKOU6ZsQ//g0,,
1,109,2026-04-05T12:41:02.832Z,302.000,9,186.000,zyQbLrDbnVAAyE0h,197.000,BjjWVd8h3JWMBrnK,199.000,Fw2XlLSvhDCRIl7z,204.000,q5GVJKHvqVwABnDf,214.000,TiCg1GW9IStcOras,269.000,OY9eVeUW8tGGPJFe,373.000,SayB0+Vq1qyZnTIu,342.000,md4MdKOU6ZsQ//g0,427.000,MY8Sv42aXxDpCjC4,,
1,110,2026-04-05T12:41:03.134Z,308.000,9,130.000,TiCg1GW9IStcOras,155.000,zyQbLrDbnVAAyE0h,208.000,BjjWVd8h3JWMBrnK,211.000,Fw2XlLSvhDCRIl7z,213.000,q5GVJKHvqVwABnDf,229.000,OY9eVeUW8tGGPJFe,350.000,md4MdKOU6ZsQ//g0,332.000,MY8Sv42aXxDpCjC4,378.000,SayB0+Vq1qyZnTIu,,
1,111,2026-04-05T12:41:03.442Z,248.000,9,110.000,TiCg1GW9IStcOras,154.000,q5GVJKHvqVwABnDf,209.000,zyQbLrDbnVAAyE0h,210.000,BjjWVd8h3JWMBrnK,210.000,OY9eVeUW8tGGPJFe,215.000,Fw2XlLSvhDCRIl7z,314.000,SayB0+Vq1qyZnTIu,333.000,MY8Sv42aXxDpCjC4,343.000,md4MdKOU6ZsQ//g0,,
1,112,2026-04-05T12:41:03.690Z,277.000,9,172.000,BjjWVd8h3JWMBrnK,173.000,Fw2XlLSvhDCRIl7z,176.000,q5GVJKHvqVwABnDf,189.000,zyQbLrDbnVAAyE0h,201.000,TiCg1GW9IStcOras,201.000,OY9eVeUW8tGGPJFe,304.000,md4MdKOU6ZsQ//g0,316.000,SayB0+Vq1qyZnTIu,476.000,MY8Sv42aXxDpCjC4,,
1,113,2026-04-05T12:41:03.967Z,249.000,9,137.000,TiCg1GW9IStcOras,146.000,q5GVJKHvqVwABnDf,196.000,BjjWVd8h3JWMBrnK,198.000,zyQbLrDbnVAAyE0h,202.000,Fw2XlLSvhDCRIl7z,203.000,OY9eVeUW8tGGPJFe,319.000,MY8Sv42aXxDpCjC4,306.000,SayB0+Vq1qyZnTIu,336.000,md4MdKOU6ZsQ//g0,,
1,114,2026-04-05T12:41:04.216Z,278.000,8,161.000,OY9eVeUW8tGGPJFe,165.000,BjjWVd8h3JWMBrnK,177.000,Fw2XlLSvhDCRIl7z,181.000,zyQbLrDbnVAAyE0h,187.000,TiCg1GW9IStcOras,203.000,q5GVJKHvqVwABnDf,278.000,SayB0+Vq1qyZnTIu,472.000,MY8Sv42aXxDpCjC4,,,,
1,115,2026-04-05T12:41:04.494Z,237.000,9,131.000,q5GVJKHvqVwABnDf,184.000,BjjWVd8h3JWMBrnK,191.000,TiCg1GW9IStcOras,204.000,OY9eVeUW8tGGPJFe,213.000,Fw2XlLSvhDCRIl7z,227.000,zyQbLrDbnVAAyE0h,308.000,MY8Sv42aXxDpCjC4,262.000,md4MdKOU6ZsQ//g0,349.000,SayB0+Vq1qyZnTIu,,
1,116,2026-04-05T12:41:04.731Z,338.000,9,194.000,BjjWVd8h3JWMBrnK,197.000,zyQbLrDbnVAAyE0h,201.000,q5GVJKHvqVwABnDf,214.000,OY9eVeUW8tGGPJFe,218.000,Fw2XlLSvhDCRIl7z,229.000,TiCg1GW9IStcOras,338.000,SayB0+Vq1qyZnTIu,376.000,MY8Sv42aXxDpCjC4,377.000,md4MdKOU6ZsQ//g0,,
1,117,2026-04-05T12:41:05.069Z,245.000,9,142.000,BjjWVd8h3JWMBrnK,145.000,OY9eVeUW8tGGPJFe,153.000,Fw2XlLSvhDCRIl7z,166.000,TiCg1GW9IStcOras,169.000,zyQbLrDbnVAAyE0h,171.000,q5GVJKHvqVwABnDf,286.000,SayB0+Vq1qyZnTIu,251.000,MY8Sv42aXxDpCjC4,288.000,md4MdKOU6ZsQ//g0,,
1,118,2026-04-05T12:41:05.314Z,251.000,9,129.000,BjjWVd8h3JWMBrnK,242.000,q5GVJKHvqVwABnDf,245.000,TiCg1GW9IStcOras,246.000,zyQbLrDbnVAAyE0h,247.000,OY9eVeUW8tGGPJFe,248.000,Fw2XlLSvhDCRIl7z,251.000,SayB0+Vq1qyZnTIu,306.000,md4MdKOU6ZsQ//g0,343.000,MY8Sv42aXxDpCjC4,,
1,119,2026-04-05T12:41:05.565Z,262.000,9,155.000,q5GVJKHvqVwABnDf,157.000,BjjWVd8h3JWMBrnK,183.000,TiCg1GW9IStcOras,184.000,zyQbLrDbnVAAyE0h,199.000,Fw2XlLSvhDCRIl7z,208.000,OY9eVeUW8tGGPJFe,310.000,SayB0+Vq1qyZnTIu,267.000,MY8Sv42aXxDpCjC4,304.000,md4MdKOU6ZsQ//g0,,
1,120,2026-04-05T12:41:05.827Z,245.000,9,135.000,TiCg1GW9IStcOras,137.000,BjjWVd8h3JWMBrnK,139.000,q5GVJKHvqVwABnDf,162.000,zyQbLrDbnVAAyE0h,196.000,OY9eVeUW8tGGPJFe,241.000,Fw2XlLSvhDCRIl7z,307.000,md4MdKOU6ZsQ//g0,308.000,SayB0+Vq1qyZnTIu,313.000,MY8Sv42aXxDpCjC4,,
1,121,2026-04-05T12:41:06.072Z,270.000,9,166.000,BjjWVd8h3JWMBrnK,190.000,zyQbLrDbnVAAyE0h,192.000,TiCg1GW9IStcOras,197.000,OY9eVeUW8tGGPJFe,201.000,q5GVJKHvqVwABnDf,209.000,Fw2XlLSvhDCRIl7z,300.000,SayB0+Vq1qyZnTIu,310.000,MY8Sv42aXxDpCjC4,370.000,md4MdKOU6ZsQ//g0,,
1,122,2026-04-05T12:41:06.342Z,248.000,9,130.000,TiCg1GW9IStcOras,139.000,BjjWVd8h3JWMBrnK,144.000,q5GVJKHvqVwABnDf,145.000,Fw2XlLSvhDCRIl7z,161.000,zyQbLrDbnVAAyE0h,202.000,OY9eVeUW8tGGPJFe,306.000,md4MdKOU6ZsQ//g0,312.000,MY8Sv42aXxDpCjC4,307.000,SayB0+Vq1qyZnTIu,,
1,123,2026-04-05T12:41:06.590Z,267.000,9,160.000,TiCg1GW9IStcOras,187.000,zyQbLrDbnVAAyE0h,193.000,OY9eVeUW8tGGPJFe,199.000,q5GVJKHvqVwABnDf,203.000,BjjWVd8h3JWMBrnK,206.000,Fw2XlLSvhDCRIl7z,298.000,SayB0+Vq1qyZnTIu,306.000,MY8Sv42aXxDpCjC4,368.000,md4MdKOU6ZsQ//g0,,
1,124,2026-04-05T12:41:06.857Z,359.000,9,143.000,TiCg1GW9IStcOras,145.000,Fw2XlLSvhDCRIl7z,146.000,BjjWVd8h3JWMBrnK,148.000,q5GVJKHvqVwABnDf,159.000,zyQbLrDbnVAAyE0h,202.000,OY9eVeUW8tGGPJFe,365.000,md4MdKOU6ZsQ//g0,360.000,SayB0+Vq1qyZnTIu,362.000,MY8Sv42aXxDpCjC4,,
1,125,2026-04-05T12:41:07.216Z,160.000,9,54.000,TiCg1GW9IStcOras,83.000,zyQbLrDbnVAAyE0h,95.000,BjjWVd8h3JWMBrnK,97.000,Fw2XlLSvhDCRIl7z,107.000,OY9eVeUW8tGGPJFe,123.000,q5GVJKHvqVwABnDf,260.000,SayB0+Vq1qyZnTIu,209.000,MY8Sv42aXxDpCjC4,254.000,md4MdKOU6ZsQ//g0,,
1,126,2026-04-05T12:41:07.376Z,285.000,8,132.000,q5GVJKHvqVwABnDf,142.000,TiCg1GW9IStcOras,144.000,BjjWVd8h3JWMBrnK,148.000,Fw2XlLSvhDCRIl7z,152.000,OY9eVeUW8tGGPJFe,154.000,zyQbLrDbnVAAyE0h,286.000,MY8Sv42aXxDpCjC4,307.000,SayB0+Vq1qyZnTIu,,,,
1,127,2026-04-05T12:41:07.661Z,176.000,9,126.000,TiCg1GW9IStcOras,129.000,zyQbLrDbnVAAyE0h,163.000,q5GVJKHvqVwABnDf,164.000,Fw2XlLSvhDCRIl7z,170.000,BjjWVd8h3JWMBrnK,171.000,md4MdKOU6ZsQ//g0,176.000,OY9eVeUW8tGGPJFe,278.000,MY8Sv42aXxDpCjC4,281.000,SayB0+Vq1qyZnTIu,,
1,128,2026-04-05T12:41:07.837Z,299.000,8,154.000,TiCg1GW9IStcOras,160.000,zyQbLrDbnVAAyE0h,194.000,q5GVJKHvqVwABnDf,196.000,Fw2XlLSvhDCRIl7z,201.000,BjjWVd8h3JWMBrnK,215.000,OY9eVeUW8tGGPJFe,317.000,SayB0+Vq1qyZnTIu,317.000,md4MdKOU6ZsQ//g0,,,,
1,129,2026-04-05T12:41:08.136Z,212.000,9,115.000,BjjWVd8h3JWMBrnK,117.000,zyQbLrDbnVAAyE0h,149.000,Fw2XlLSvhDCRIl7z,205.000,q5GVJKHvqVwABnDf,207.000,TiCg1GW9IStcOras,208.000,OY9eVeUW8tGGPJFe,212.000,MY8Sv42aXxDpCjC4,310.000,md4MdKOU6ZsQ//g0,322.000,SayB0+Vq1qyZnTIu,,
1,130,2026-04-05T12:41:08.348Z,304.000,9,197.000,zyQbLrDbnVAAyE0h,200.000,TiCg1GW9IStcOras,202.000,OY9eVeUW8tGGPJFe,220.000,q5GVJKHvqVwABnDf,231.000,BjjWVd8h3JWMBrnK,244.000,Fw2XlLSvhDCRIl7z,304.000,md4MdKOU6ZsQ//g0,321.000,SayB0+Vq1qyZnTIu,333.000,MY8Sv42aXxDpCjC4,,
1,131,2026-04-05T12:41:08.652Z,307.000,9,133.000,zyQbLrDbnVAAyE0h,203.000,OY9eVeUW8tGGPJFe,205.000,Fw2XlLSvhDCRIl7z,208.000,TiCg1GW9IStcOras,210.000,q5GVJKHvqVwABnDf,225.000,BjjWVd8h3JWMBrnK,307.000,md4MdKOU6ZsQ//g0,346.000,MY8Sv42aXxDpCjC4,345.000,SayB0+Vq1qyZnTIu,,
1,132,2026-04-05T12:41:08.959Z,244.000,9,109.000,zyQbLrDbnVAAyE0h,135.000,BjjWVd8h3JWMBrnK,192.000,Fw2XlLSvhDCRIl7z,205.000,OY9eVeUW8tGGPJFe,206.000,TiCg1GW9IStcOras,209.000,q5GVJKHvqVwABnDf,323.000,SayB0+Vq1qyZnTIu,341.000,MY8Sv42aXxDpCjC4,309.000,md4MdKOU6ZsQ//g0,,
1,133,2026-04-05T12:41:09.203Z,270.000,9,167.000,zyQbLrDbnVAAyE0h,168.000,OY9eVeUW8tGGPJFe,170.000,Fw2XlLSvhDCRIl7z,175.000,TiCg1GW9IStcOras,190.000,BjjWVd8h3JWMBrnK,214.000,q5GVJKHvqVwABnDf,270.000,md4MdKOU6ZsQ//g0,302.000,MY8Sv42aXxDpCjC4,476.000,SayB0+Vq1qyZnTIu,,
1,134,2026-04-05T12:41:09.473Z,245.000,9,124.000,TiCg1GW9IStcOras,127.000,BjjWVd8h3JWMBrnK,144.000,zyQbLrDbnVAAyE0h,145.000,Fw2XlLSvhDCRIl7z,151.000,q5GVJKHvqVwABnDf,208.000,OY9eVeUW8tGGPJFe,322.000,SayB0+Vq1qyZnTIu,308.000,MY8Sv42aXxDpCjC4,311.000,md4MdKOU6ZsQ//g0,,
1,135,2026-04-05T12:41:09.718Z,271.000,9,118.000,q5GVJKHvqVwABnDf,167.000,TiCg1GW9IStcOras,169.000,OY9eVeUW8tGGPJFe,202.000,BjjWVd8h3JWMBrnK,208.000,zyQbLrDbnVAAyE0h,212.000,Fw2XlLSvhDCRIl7z,271.000,md4MdKOU6ZsQ//g0,307.000,MY8Sv42aXxDpCjC4,373.000,SayB0+Vq1qyZnTIu,,
1,136,2026-04-05T12:41:09.989Z,242.000,8,136.000,TiCg1GW9IStcOras,137.000,BjjWVd8h3JWMBrnK,144.000,zyQbLrDbnVAAyE0h,147.000,q5GVJKHvqVwABnDf,184.000,Fw2XlLSvhDCRIl7z,205.000,OY9eVeUW8tGGPJFe,318.000,SayB0+Vq1qyZnTIu,311.000,md4MdKOU6ZsQ//g0,,,,
1,137,2026-04-05T12:41:10.231Z,274.000,9,162.000,q5GVJKHvqVwABnDf,163.000,zyQbLrDbnVAAyE0h,173.000,OY9eVeUW8tGGPJFe,185.000,Fw2XlLSvhDCRIl7z,198.000,TiCg1GW9IStcOras,202.000,BjjWVd8h3JWMBrnK,274.000,md4MdKOU6ZsQ//g0,305.000,MY8Sv42aXxDpCjC4,307.000,SayB0+Vq1qyZnTIu,,
1,138,2026-04-05T12:41:10.505Z,245.000,9,136.000,q5GVJKHvqVwABnDf,138.000,BjjWVd8h3JWMBrnK,141.000,zyQbLrDbnVAAyE0h,165.000,Fw2XlLSvhDCRIl7z,198.000,TiCg1GW9IStcOras,207.000,OY9eVeUW8tGGPJFe,307.000,md4MdKOU6ZsQ//g0,305.000,MY8Sv42aXxDpCjC4,413.000,SayB0+Vq1qyZnTIu,,
1,139,2026-04-05T12:41:10.750Z,266.000,9,159.000,Fw2XlLSvhDCRIl7z,169.000,OY9eVeUW8tGGPJFe,173.000,zyQbLrDbnVAAyE0h,174.000,q5GVJKHvqVwABnDf,190.000,TiCg1GW9IStcOras,197.000,BjjWVd8h3JWMBrnK,271.000,md4MdKOU6ZsQ//g0,301.000,MY8Sv42aXxDpCjC4,304.000,SayB0+Vq1qyZnTIu,,
1,140,2026-04-05T12:41:11.016Z,249.000,9,141.000,q5GVJKHvqVwABnDf,145.000,zyQbLrDbnVAAyE0h,146.000,Fw2XlLSvhDCRIl7z,162.000,BjjWVd8h3JWMBrnK,212.000,OY9eVeUW8tGGPJFe,219.000,TiCg1GW9IStcOras,344.000,SayB0+Vq1qyZnTIu,316.000,md4MdKOU6ZsQ//g0,343.000,MY8Sv42aXxDpCjC4,,
1,141,2026-04-05T12:41:11.265Z,275.000,9,163.000,Fw2XlLSvhDCRIl7z,166.000,TiCg1GW9IStcOras,170.000,q5GVJKHvqVwABnDf,172.000,OY9eVeUW8tGGPJFe,173.000,zyQbLrDbnVAAyE0h,220.000,BjjWVd8h3JWMBrnK,275.000,md4MdKOU6ZsQ//g0,401.000,MY8Sv42aXxDpCjC4,479.000,SayB0+Vq1qyZnTIu,,
1,142,2026-04-05T12:41:11.540Z,247.000,8,142.000,Fw2XlLSvhDCRIl7z,146.000,zyQbLrDbnVAAyE0h,150.000,BjjWVd8h3JWMBrnK,160.000,q5GVJKHvqVwABnDf,205.000,OY9eVeUW8tGGPJFe,206.000,TiCg1GW9IStcOras,319.000,SayB0+Vq1qyZnTIu,307.000,md4MdKOU6ZsQ//g0,,,,
1,143,2026-04-05T12:41:11.787Z,270.000,9,163.000,Fw2XlLSvhDCRIl7z,164.000,OY9eVeUW8tGGPJFe,166.000,TiCg1GW9IStcOras,204.000,q5GVJKHvqVwABnDf,205.000,zyQbLrDbnVAAyE0h,237.000,BjjWVd8h3JWMBrnK,269.000,md4MdKOU6ZsQ//g0,297.000,MY8Sv42aXxDpCjC4,300.000,SayB0+Vq1qyZnTIu,,
1,144,2026-04-05T12:41:12.057Z,237.000,9,132.000,OY9eVeUW8tGGPJFe,141.000,zyQbLrDbnVAAyE0h,143.000,Fw2XlLSvhDCRIl7z,195.000,q5GVJKHvqVwABnDf,200.000,BjjWVd8h3JWMBrnK,203.000,TiCg1GW9IStcOras,237.000,SayB0+Vq1qyZnTIu,334.000,MY8Sv42aXxDpCjC4,446.000,md4MdKOU6ZsQ//g0,,
1,145,2026-04-05T12:41:12.294Z,278.000,9,112.000,Fw2XlLSvhDCRIl7z,127.000,zyQbLrDbnVAAyE0h,172.000,BjjWVd8h3JWMBrnK,199.000,TiCg1GW9IStcOras,206.000,OY9eVeUW8tGGPJFe,213.000,q5GVJKHvqVwABnDf,323.000,md4MdKOU6ZsQ//g0,310.000,SayB0+Vq1qyZnTIu,349.000,MY8Sv42aXxDpCjC4,,
1,146,2026-04-05T12:41:12.572Z,261.000,9,134.000,TiCg1GW9IStcOras,135.000,OY9eVeUW8tGGPJFe,158.000,BjjWVd8h3JWMBrnK,185.000,Fw2XlLSvhDCRIl7z,195.000,q5GVJKHvqVwABnDf,238.000,zyQbLrDbnVAAyE0h,261.000,SayB0+Vq1qyZnTIu,309.000,md4MdKOU6ZsQ//g0,313.000,MY8Sv42aXxDpCjC4,,
1,147,2026-04-05T12:41:12.833Z,279.000,9,176.000,OY9eVeUW8tGGPJFe,188.000,TiCg1GW9IStcOras,195.000,BjjWVd8h3JWMBrnK,204.000,zyQbLrDbnVAAyE0h,205.000,q5GVJKHvqVwABnDf,218.000,Fw2XlLSvhDCRIl7z,279.000,MY8Sv42aXxDpCjC4,294.000,md4MdKOU6ZsQ//g0,308.000,SayB0+Vq1qyZnTIu,,
1,148,2026-04-05T12:41:13.112Z,284.000,9,131.000,TiCg1GW9IStcOras,133.000,zyQbLrDbnVAAyE0h,134.000,OY9eVeUW8tGGPJFe,192.000,q5GVJKHvqVwABnDf,223.000,BjjWVd8h3JWMBrnK,261.000,SayB0+Vq1qyZnTIu,323.000,md4MdKOU6ZsQ//g0,309.000,MY8Sv42aXxDpCjC4,378.000,Fw2XlLSvhDCRIl7z,,
1,149,2026-04-05T12:41:13.396Z,280.000,8,138.000,TiCg1GW9IStcOras,144.000,OY9eVeUW8tGGPJFe,155.000,zyQbLrDbnVAAyE0h,171.000,BjjWVd8h3JWMBrnK,215.000,q5GVJKHvqVwABnDf,257.000,md4MdKOU6ZsQ//g0,285.000,SayB0+Vq1qyZnTIu,307.000,MY8Sv42aXxDpCjC4,,,,
1,150,2026-04-05T12:41:13.676Z,234.000,9,108.000,OY9eVeUW8tGGPJFe,128.000,Fw2XlLSvhDCRIl7z,145.000,q5GVJKHvqVwABnDf,146.000,TiCg1GW9IStcOras,171.000,BjjWVd8h3JWMBrnK,188.000,zyQbLrDbnVAAyE0h,233.000,SayB0+Vq1qyZnTIu,285.000,md4MdKOU6ZsQ//g0,265.000,MY8Sv42aXxDpCjC4,,
1,151,2026-04-05T12:41:13.910Z,245.000,9,128.000,q5GVJKHvqVwABnDf,133.000,OY9eVeUW8tGGPJFe,158.000,TiCg1GW9IStcOras,200.000,Fw2XlLSvhDCRIl7z,238.000,zyQbLrDbnVAAyE0h,239.000,BjjWVd8h3JWMBrnK,306.000,SayB0+Vq1qyZnTIu,302.000,MY8Sv42aXxDpCjC4,303.000,md4MdKOU6ZsQ//g0,,
1,152,2026-04-05T12:41:14.155Z,271.000,9,173.000,OY9eVeUW8tGGPJFe,200.000,q5GVJKHvqVwABnDf,219.000,BjjWVd8h3JWMBrnK,222.000,zyQbLrDbnVAAyE0h,262.000,Fw2XlLSvhDCRIl7z,264.000,TiCg1GW9IStcOras,363.000,md4MdKOU6ZsQ//g0,284.000,SayB0+Vq1qyZnTIu,405.000,MY8Sv42aXxDpCjC4,,
1,153,2026-04-05T12:41:14.426Z,297.000,9,133.000,q5GVJKHvqVwABnDf,196.000,OY9eVeUW8tGGPJFe,203.000,TiCg1GW9IStcOras,234.000,Fw2XlLSvhDCRIl7z,237.000,zyQbLrDbnVAAyE0h,244.000,BjjWVd8h3JWMBrnK,318.000,SayB0+Vq1qyZnTIu,301.000,md4MdKOU6ZsQ//g0,345.000,MY8Sv42aXxDpCjC4,,
1,154,2026-04-05T12:41:14.723Z,229.000,9,123.000,OY9eVeUW8tGGPJFe,135.000,q5GVJKHvqVwABnDf,146.000,Fw2XlLSvhDCRIl7z,152.000,BjjWVd8h3JWMBrnK,204.000,zyQbLrDbnVAAyE0h,213.000,TiCg1GW9IStcOras,229.000,SayB0+Vq1qyZnTIu,275.000,MY8Sv42aXxDpCjC4,313.000,md4MdKOU6ZsQ//g0,,
1,155,2026-04-05T12:41:14.952Z,238.000,8,126.000,zyQbLrDbnVAAyE0h,127.000,q5GVJKHvqVwABnDf,130.000,BjjWVd8h3JWMBrnK,131.000,TiCg1GW9IStcOras,134.000,Fw2XlLSvhDCRIl7z,149.000,OY9eVeUW8tGGPJFe,272.000,MY8Sv42aXxDpCjC4,392.000,SayB0+Vq1qyZnTIu,,,,
1,156,2026-04-05T12:41:15.190Z,255.000,9,137.000,OY9eVeUW8tGGPJFe,151.000,Fw2XlLSvhDCRIl7z,163.000,TiCg1GW9IStcOras,194.000,zyQbLrDbnVAAyE0h,196.000,q5GVJKHvqVwABnDf,200.000,BjjWVd8h3JWMBrnK,255.000,md4MdKOU6ZsQ//g0,276.000,SayB0+Vq1qyZnTIu,327.000,MY8Sv42aXxDpCjC4,,
1,157,2026-04-05T12:41:15.445Z,247.000,9,125.000,OY9eVeUW8tGGPJFe,145.000,q5GVJKHvqVwABnDf,190.000,Fw2XlLSvhDCRIl7z,204.000,zyQbLrDbnVAAyE0h,209.000,BjjWVd8h3JWMBrnK,215.000,TiCg1GW9IStcOras,247.000,SayB0+Vq1qyZnTIu,310.000,md4MdKOU6ZsQ//g0,298.000,MY8Sv42aXxDpCjC4,,
1,158,2026-04-05T12:41:15.692Z,253.000,9,147.000,Fw2XlLSvhDCRIl7z,149.000,q5GVJKHvqVwABnDf,189.000,OY9eVeUW8tGGPJFe,206.000,zyQbLrDbnVAAyE0h,210.000,BjjWVd8h3JWMBrnK,215.000,TiCg1GW9IStcOras,290.000,MY8Sv42aXxDpCjC4,308.000,SayB0+Vq1qyZnTIu,356.000,md4MdKOU6ZsQ//g0,,
1,159,2026-04-05T12:41:15.945Z,261.000,9,140.000,Fw2XlLSvhDCRIl7z,157.000,zyQbLrDbnVAAyE0h,158.000,OY9eVeUW8tGGPJFe,167.000,q5GVJKHvqVwABnDf,188.000,BjjWVd8h3JWMBrnK,231.000,TiCg1GW9IStcOras,324.000,md4MdKOU6ZsQ//g0,265.000,SayB0+Vq1qyZnTIu,347.000,MY8Sv42aXxDpCjC4,,
1,160,2026-04-05T12:41:16.206Z,255.000,9,116.000,Fw2XlLSvhDCRIl7z,148.000,q5GVJKHvqVwABnDf,204.000,zyQbLrDbnVAAyE0h,207.000,OY9eVeUW8tGGPJFe,211.000,BjjWVd8h3JWMBrnK,216.000,TiCg1GW9IStcOras,295.000,MY8Sv42aXxDpCjC4,310.000,SayB0+Vq1qyZnTIu,327.000,md4MdKOU6ZsQ//g0,,
1,161,2026-04-05T12:41:16.461Z,262.000,9,129.000,TiCg1GW9IStcOras,142.000,OY9eVeUW8tGGPJFe,157.000,Fw2XlLSvhDCRIl7z,166.000,q5GVJKHvqVwABnDf,215.000,BjjWVd8h3JWMBrnK,218.000,zyQbLrDbnVAAyE0h,263.000,SayB0+Vq1qyZnTIu,269.000,MY8Sv42aXxDpCjC4,322.000,md4MdKOU6ZsQ//g0,,
1,162,2026-04-05T12:41:16.723Z,253.000,9,147.000,q5GVJKHvqVwABnDf,151.000,Fw2XlLSvhDCRIl7z,178.000,BjjWVd8h3JWMBrnK,179.000,TiCg1GW9IStcOras,205.000,OY9eVeUW8tGGPJFe,207.000,zyQbLrDbnVAAyE0h,316.000,MY8Sv42aXxDpCjC4,309.000,SayB0+Vq1qyZnTIu,367.000,md4MdKOU6ZsQ//g0,,
1,163,2026-04-05T12:41:16.976Z,263.000,9,165.000,OY9eVeUW8tGGPJFe,167.000,TiCg1GW9IStcOras,170.000,q5GVJKHvqVwABnDf,204.000,Fw2XlLSvhDCRIl7z,211.000,BjjWVd8h3JWMBrnK,216.000,zyQbLrDbnVAAyE0h,262.000,SayB0+Vq1qyZnTIu,269.000,MY8Sv42aXxDpCjC4,321.000,md4MdKOU6ZsQ//g0,,
1,164,2026-04-05T12:41:17.239Z,254.000,9,151.000,Fw2XlLSvhDCRIl7z,172.000,TiCg1GW9IStcOras,206.000,OY9eVeUW8tGGPJFe,208.000,zyQbLrDbnVAAyE0h,216.000,q5GVJKHvqVwABnDf,250.000,BjjWVd8h3JWMBrnK,313.000,MY8Sv42aXxDpCjC4,264.000,md4MdKOU6ZsQ//g0,308.000,SayB0+Vq1qyZnTIu,,
1,165,2026-04-05T12:41:17.493Z,258.000,9,159.000,Fw2XlLSvhDCRIl7z,164.000,zyQbLrDbnVAAyE0h,166.000,q5GVJKHvqVwABnDf,205.000,BjjWVd8h3JWMBrnK,215.000,OY9eVeUW8tGGPJFe,233.000,TiCg1GW9IStcOras,258.000,SayB0+Vq1qyZnTIu,320.000,md4MdKOU6ZsQ//g0,329.000,MY8Sv42aXxDpCjC4,,
1,166,2026-04-05T12:41:17.751Z,256.000,9,189.000,TiCg1GW9IStcOras,207.000,BjjWVd8h3JWMBrnK,212.000,zyQbLrDbnVAAyE0h,212.000,OY9eVeUW8tGGPJFe,216.000,q5GVJKHvqVwABnDf,251.000,Fw2XlLSvhDCRIl7z,315.000,MY8Sv42aXxDpCjC4,268.000,md4MdKOU6ZsQ//g0,281.000,SayB0+Vq1qyZnTIu,,
1,167,2026-04-05T12:41:18.007Z,277.000,9,158.000,TiCg1GW9IStcOras,174.000,q5GVJKHvqVwABnDf,176.000,OY9eVeUW8tGGPJFe,203.000,Fw2XlLSvhDCRIl7z,205.000,BjjWVd8h3JWMBrnK,231.000,zyQbLrDbnVAAyE0h,280.000,SayB0+Vq1qyZnTIu,321.000,md4MdKOU6ZsQ//g0,329.000,MY8Sv42aXxDpCjC4,,
1,168,2026-04-05T12:41:18.284Z,236.000,9,131.000,q5GVJKHvqVwABnDf,134.000,Fw2XlLSvhDCRIl7z,146.000,OY9eVeUW8tGGPJFe,160.000,zyQbLrDbnVAAyE0h,187.000,BjjWVd8h3JWMBrnK,192.000,TiCg1GW9IStcOras,300.000,MY8Sv42aXxDpCjC4,290.000,md4MdKOU6ZsQ//g0,313.000,SayB0+Vq1qyZnTIu,,
1,169,2026-04-05T12:41:18.520Z,275.000,9,169.000,q5GVJKHvqVwABnDf,173.000,TiCg1GW9IStcOras,176.000,zyQbLrDbnVAAyE0h,218.000,OY9eVeUW8tGGPJFe,230.000,BjjWVd8h3JWMBrnK,231.000,Fw2XlLSvhDCRIl7z,370.000,MY8Sv42aXxDpCjC4,278.000,SayB0+Vq1qyZnTIu,321.000,md4MdKOU6ZsQ//g0,,
1,170,2026-04-05T12:41:18.795Z,268.000,9,193.000,TiCg1GW9IStcOras,207.000,BjjWVd8h3JWMBrnK,209.000,zyQbLrDbnVAAyE0h,210.000,q5GVJKHvqVwABnDf,238.000,Fw2XlLSvhDCRIl7z,251.000,OY9eVeUW8tGGPJFe,268.000,SayB0+Vq1qyZnTIu,354.000,md4MdKOU6ZsQ//g0,477.000,MY8Sv42aXxDpCjC4,,
1,171,2026-04-05T12:41:19.063Z,279.000,9,147.000,q5GVJKHvqVwABnDf,174.000,BjjWVd8h3JWMBrnK,238.000,OY9eVeUW8tGGPJFe,239.000,TiCg1GW9IStcOras,243.000,zyQbLrDbnVAAyE0h,278.000,Fw2XlLSvhDCRIl7z,290.000,md4MdKOU6ZsQ//g0,311.000,SayB0+Vq1qyZnTIu,341.000,MY8Sv42aXxDpCjC4,,
1,172,2026-04-05T12:41:19.342Z,300.000,9,133.000,q5GVJKHvqVwABnDf,134.000,Fw2XlLSvhDCRIl7z,167.000,TiCg1GW9IStcOras,178.000,zyQbLrDbnVAAyE0h,215.000,OY9eVeUW8tGGPJFe,296.000,BjjWVd8h3JWMBrnK,341.000,SayB0+Vq1qyZnTIu,320.000,md4MdKOU6ZsQ//g0,339.000,MY8Sv42aXxDpCjC4,,
1,173,2026-04-05T12:41:19.642Z,243.000,9,111.000,q5GVJKHvqVwABnDf,179.000,TiCg1GW9IStcOras,185.000,zyQbLrDbnVAAyE0h,187.000,BjjWVd8h3JWMBrnK,210.000,OY9eVeUW8tGGPJFe,211.000,Fw2XlLSvhDCRIl7z,327.000,md4MdKOU6ZsQ//g0,251.000,SayB0+Vq1qyZnTIu,313.000,MY8Sv42aXxDpCjC4,,
1,174,2026-04-05T12:41:19.885Z,277.000,9,115.000,q5GVJKHvqVwABnDf,143.000,TiCg1GW9IStcOras,172.000,BjjWVd8h3JWMBrnK,175.000,zyQbLrDbnVAAyE0h,272.000,OY9eVeUW8tGGPJFe,275.000,Fw2XlLSvhDCRIl7z,348.000,MY8Sv42aXxDpCjC4,339.000,SayB0+Vq1qyZnTIu,478.000,md4MdKOU6ZsQ//g0,,
1,175,2026-04-05T12:41:20.162Z,239.000,9,133.000,q5GVJKHvqVwABnDf,168.000,zyQbLrDbnVAAyE0h,170.000,TiCg1GW9IStcOras,182.000,BjjWVd8h3JWMBrnK,204.000,Fw2XlLSvhDCRIl7z,205.000,OY9eVeUW8tGGPJFe,321.000,md4MdKOU6ZsQ//g0,308.000,MY8Sv42aXxDpCjC4,372.000,SayB0+Vq1qyZnTIu,,
1,176,2026-04-05T12:41:20.401Z,272.000,9,139.000,zyQbLrDbnVAAyE0h,173.000,OY9eVeUW8tGGPJFe,174.000,TiCg1GW9IStcOras,184.000,q5GVJKHvqVwABnDf,188.000,BjjWVd8h3JWMBrnK,271.000,SayB0+Vq1qyZnTIu,271.000,Fw2XlLSvhDCRIl7z,287.000,MY8Sv42aXxDpCjC4,481.000,md4MdKOU6ZsQ//g0,,
1,177,2026-04-05T12:41:20.673Z,277.000,9,118.000,OY9eVeUW8tGGPJFe,124.000,BjjWVd8h3JWMBrnK,140.000,q5GVJKHvqVwABnDf,185.000,zyQbLrDbnVAAyE0h,205.000,Fw2XlLSvhDCRIl7z,223.000,TiCg1GW9IStcOras,325.000,SayB0+Vq1qyZnTIu,311.000,MY8Sv42aXxDpCjC4,321.000,md4MdKOU6ZsQ//g0,,
1,178,2026-04-05T12:41:20.950Z,252.000,9,118.000,zyQbLrDbnVAAyE0h,138.000,q5GVJKHvqVwABnDf,147.000,OY9eVeUW8tGGPJFe,151.000,TiCg1GW9IStcOras,198.000,BjjWVd8h3JWMBrnK,238.000,Fw2XlLSvhDCRIl7z,251.000,md4MdKOU6ZsQ//g0,314.000,MY8Sv42aXxDpCjC4,325.000,SayB0+Vq1qyZnTIu,,
1,179,2026-04-05T12:41:21.202Z,258.000,9,114.000,BjjWVd8h3JWMBrnK,152.000,q5GVJKHvqVwABnDf,176.000,TiCg1GW9IStcOras,178.000,zyQbLrDbnVAAyE0h,191.000,Fw2XlLSvhDCRIl7z,204.000,OY9eVeUW8tGGPJFe,309.000,md4MdKOU6ZsQ//g0,322.000,SayB0+Vq1qyZnTIu,368.000,MY8Sv42aXxDpCjC4,,
1,180,2026-04-05T12:41:21.460Z,271.000,9,143.000,TiCg1GW9IStcOras,202.000,Fw2XlLSvhDCRIl7z,203.000,q5GVJKHvqVwABnDf,203.000,BjjWVd8h3JWMBrnK,204.000,zyQbLrDbnVAAyE0h,210.000,OY9eVeUW8tGGPJFe,314.000,SayB0+Vq1qyZnTIu,313.000,MY8Sv42aXxDpCjC4,356.000,md4MdKOU6ZsQ//g0,,
1,181,2026-04-05T12:41:21.731Z,282.000,9,178.000,q5GVJKHvqVwABnDf,180.000,TiCg1GW9IStcOras,182.000,Fw2XlLSvhDCRIl7z,189.000,OY9eVeUW8tGGPJFe,226.000,BjjWVd8h3JWMBrnK,281.000,zyQbLrDbnVAAyE0h,282.000,SayB0+Vq1qyZnTIu,298.000,md4MdKOU6ZsQ//g0,348.000,MY8Sv42aXxDpCjC4,,
1,182,2026-04-05T12:41:22.013Z,272.000,9,166.000,BjjWVd8h3JWMBrnK,169.000,OY9eVeUW8tGGPJFe,171.000,TiCg1GW9IStcOras,209.000,zyQbLrDbnVAAyE0h,243.000,Fw2XlLSvhDCRIl7z,254.000,q5GVJKHvqVwABnDf,303.000,SayB0+Vq1qyZnTIu,304.000,MY8Sv42aXxDpCjC4,344.000,md4MdKOU6ZsQ//g0,,
1,183,2026-04-05T12:41:22.285Z,285.000,9,185.000,Fw2XlLSvhDCRIl7z,187.000,q5GVJKHvqVwABnDf,188.000,BjjWVd8h3JWMBrnK,191.000,TiCg1GW9IStcOras,236.000,OY9eVeUW8tGGPJFe,244.000,zyQbLrDbnVAAyE0h,286.000,SayB0+Vq1qyZnTIu,340.000,MY8Sv42aXxDpCjC4,352.000,md4MdKOU6ZsQ//g0,,
1,184,2026-04-05T12:41:22.570Z,269.000,9,114.000,q5GVJKHvqVwABnDf,145.000,BjjWVd8h3JWMBrnK,168.000,TiCg1GW9IStcOras,178.000,zyQbLrDbnVAAyE0h,198.000,Fw2XlLSvhDCRIl7z,205.000,OY9eVeUW8tGGPJFe,271.000,SayB0+Vq1qyZnTIu,309.000,md4MdKOU6ZsQ//g0,319.000,MY8Sv42aXxDpCjC4,,
1,185,2026-04-05T12:41:22.839Z,261.000,9,145.000,TiCg1GW9IStcOras,146.000,Fw2XlLSvhDCRIl7z,202.000,zyQbLrDbnVAAyE0h,205.000,OY9eVeUW8tGGPJFe,239.000,BjjWVd8h3JWMBrnK,250.000,SayB0+Vq1qyZnTIu,346.000,md4MdKOU6ZsQ//g0,265.000,q5GVJKHvqVwABnDf,309.000,MY8Sv42aXxDpCjC4,,
1,186,2026-04-05T12:41:23.100Z,257.000,9,149.000,Fw2XlLSvhDCRIl7z,152.000,OY9eVeUW8tGGPJFe,183.000,BjjWVd8h3JWMBrnK,196.000,TiCg1GW9IStcOras,213.000,q5GVJKHvqVwABnDf,256.000,zyQbLrDbnVAAyE0h,257.000,SayB0+Vq1qyZnTIu,313.000,MY8Sv42aXxDpCjC4,316.000,md4MdKOU6ZsQ//g0,,
1,187,2026-04-05T12:41:23.357Z,289.000,9,203.000,zyQbLrDbnVAAyE0h,231.000,OY9eVeUW8tGGPJFe,232.000,Fw2XlLSvhDCRIl7z,244.000,TiCg1GW9IStcOras,256.000,BjjWVd8h3JWMBrnK,280.000,md4MdKOU6ZsQ//g0,289.000,q5GVJKHvqVwABnDf,308.000,SayB0+Vq1qyZnTIu,334.000,MY8Sv42aXxDpCjC4,,
1,188,2026-04-05T12:41:23.646Z,289.000,9,148.000,OY9eVeUW8tGGPJFe,149.000,Fw2XlLSvhDCRIl7z,178.000,TiCg1GW9IStcOras,205.000,q5GVJKHvqVwABnDf,221.000,BjjWVd8h3JWMBrnK,288.000,zyQbLrDbnVAAyE0h,289.000,SayB0+Vq1qyZnTIu,292.000,MY8Sv42aXxDpCjC4,304.000,md4MdKOU6ZsQ//g0,,
1,189,2026-04-05T12:41:23.935Z,233.000,9,139.000,Fw2XlLSvhDCRIl7z,161.000,q5GVJKHvqVwABnDf,185.000,TiCg1GW9IStcOras,185.000,OY9eVeUW8tGGPJFe,190.000,zyQbLrDbnVAAyE0h,212.000,BjjWVd8h3JWMBrnK,232.000,SayB0+Vq1qyZnTIu,288.000,md4MdKOU6ZsQ//g0,289.000,MY8Sv42aXxDpCjC4,,
1,190,2026-04-05T12:41:24.168Z,288.000,9,159.000,Fw2XlLSvhDCRIl7z,160.000,OY9eVeUW8tGGPJFe,185.000,BjjWVd8h3JWMBrnK,212.000,zyQbLrDbnVAAyE0h,245.000,q5GVJKHvqVwABnDf,257.000,TiCg1GW9IStcOras,287.000,MY8Sv42aXxDpCjC4,291.000,SayB0+Vq1qyZnTIu,351.000,md4MdKOU6ZsQ//g0,,
1,191,2026-04-05T12:41:24.456Z,254.000,9,135.000,TiCg1GW9IStcOras,153.000,OY9eVeUW8tGGPJFe,165.000,q5GVJKHvqVwABnDf,208.000,BjjWVd8h3JWMBrnK,209.000,Fw2XlLSvhDCRIl7z,214.000,zyQbLrDbnVAAyE0h,254.000,SayB0+Vq1qyZnTIu,288.000,md4MdKOU6ZsQ//g0,310.000,MY8Sv42aXxDpCjC4,,
1,192,2026-04-05T12:41:24.710Z,263.000,9,131.000,q5GVJKHvqVwABnDf,161.000,OY9eVeUW8tGGPJFe,162.000,Fw2XlLSvhDCRIl7z,165.000,zyQbLrDbnVAAyE0h,223.000,BjjWVd8h3JWMBrnK,237.000,TiCg1GW9IStcOras,263.000,SayB0+Vq1qyZnTIu,269.000,MY8Sv42aXxDpCjC4,343.000,md4MdKOU6ZsQ//g0,,
1,193,2026-04-05T12:41:24.973Z,285.000,9,205.000,BjjWVd8h3JWMBrnK,209.000,Fw2XlLSvhDCRIl7z,210.000,q5GVJKHvqVwABnDf,211.000,OY9eVeUW8tGGPJFe,230.000,zyQbLrDbnVAAyE0h,282.000,TiCg1GW9IStcOras,286.000,md4MdKOU6ZsQ//g0,307.000,SayB0+Vq1qyZnTIu,310.000,MY8Sv42aXxDpCjC4,,
1,194,2026-04-05T12:41:25.258Z,281.000,9,206.000,TiCg1GW9IStcOras,226.000,BjjWVd8h3JWMBrnK,230.000,Fw2XlLSvhDCRIl7z,231.000,q5GVJKHvqVwABnDf,232.000,OY9eVeUW8tGGPJFe,252.000,zyQbLrDbnVAAyE0h,281.000,md4MdKOU6ZsQ//g0,300.000,SayB0+Vq1qyZnTIu,335.000,MY8Sv42aXxDpCjC4,,
1,195,2026-04-05T12:41:25.539Z,262.000,9,147.000,TiCg1GW9IStcOras,158.000,q5GVJKHvqVwABnDf,175.000,OY9eVeUW8tGGPJFe,178.000,zyQbLrDbnVAAyE0h,185.000,BjjWVd8h3JWMBrnK,206.000,Fw2XlLSvhDCRIl7z,278.000,md4MdKOU6ZsQ//g0,333.000,MY8Sv42aXxDpCjC4,291.000,SayB0+Vq1qyZnTIu,,
1,196,2026-04-05T12:41:25.801Z,281.000,9,181.000,TiCg1GW9IStcOras,198.000,BjjWVd8h3JWMBrnK,204.000,q5GVJKHvqVwABnDf,204.000,OY9eVeUW8tGGPJFe,207.000,Fw2XlLSvhDCRIl7z,224.000,zyQbLrDbnVAAyE0h,281.000,md4MdKOU6ZsQ//g0,285.000,SayB0+Vq1qyZnTIu,307.000,MY8Sv42aXxDpCjC4,,
1,197,2026-04-05T12:41:26.082Z,251.000,9,129.000,BjjWVd8h3JWMBrnK,130.000,q5GVJKHvqVwABnDf,132.000,TiCg1GW9IStcOras,133.000,Fw2XlLSvhDCRIl7z,232.000,OY9eVeUW8tGGPJFe,234.000,SayB0+Vq1qyZnTIu,251.000,zyQbLrDbnVAAyE0h,294.000,md4MdKOU6ZsQ//g0,334.000,MY8Sv42aXxDpCjC4,,
1,198,2026-04-05T12:41:26.333Z,290.000,9,180.000,Fw2XlLSvhDCRIl7z,189.000,OY9eVeUW8tGGPJFe,205.000,zyQbLrDbnVAAyE0h,229.000,q5GVJKHvqVwABnDf,237.000,TiCg1GW9IStcOras,240.000,BjjWVd8h3JWMBrnK,290.000,SayB0+Vq1qyZnTIu,293.000,MY8Sv42aXxDpCjC4,349.000,md4MdKOU6ZsQ//g0,,
1,199,2026-04-05T12:41:26.623Z,282.000,9,206.000,Fw2XlLSvhDCRIl7z,207.000,OY9eVeUW8tGGPJFe,208.000,TiCg1GW9IStcOras,208.000,BjjWVd8h3JWMBrnK,224.000,zyQbLrDbnVAAyE0h,248.000,q5GVJKHvqVwABnDf,282.000,md4MdKOU6ZsQ//g0,286.000,SayB0+Vq1qyZnTIu,309.000,MY8Sv42aXxDpCjC4,,
1,200,2026-04-05T12:41:26.905Z,277.000,9,187.000,zyQbLrDbnVAAyE0h,215.000,q5GVJKHvqVwABnDf,231.000,Fw2XlLSvhDCRIl7z,232.000,OY9eVeUW8tGGPJFe,233.000,BjjWVd8h3JWMBrnK,235.000,TiCg1GW9IStcOras,278.000,SayB0+Vq1qyZnTIu,307.000,md4MdKOU6ZsQ//g0,336.000,MY8Sv42aXxDpCjC4,,
1,201,2026-04-05T12:41:27.182Z,266.000,9,164.000,TiCg1GW9IStcOras,221.000,zyQbLrDbnVAAyE0h,245.000,q5GVJKHvqVwABnDf,262.000,SayB0+Vq1qyZnTIu,264.000,Fw2XlLSvhDCRIl7z,265.000,OY9eVeUW8tGGPJFe,266.000,BjjWVd8h3JWMBrnK,281.000,md4MdKOU6ZsQ//g0,369.000,MY8Sv42aXxDpCjC4,,
1,202,2026-04-05T12:41:27.448Z,310.000,9,210.000,TiCg1GW9IStcOras,262.000,zyQbLrDbnVAAyE0h,287.000,q5GVJKHvqVwABnDf,306.000,BjjWVd8h3JWMBrnK,308.000,Fw2XlLSvhDCRIl7z,309.000,OY9eVeUW8tGGPJFe,310.000,SayB0+Vq1qyZnTIu,324.000,md4MdKOU6ZsQ//g0,412.000,MY8Sv42aXxDpCjC4,,
1,203,2026-04-05T12:41:27.758Z,306.000,8,203.000,BjjWVd8h3JWMBrnK,213.000,TiCg1GW9IStcOras,259.000,zyQbLrDbnVAAyE0h,283.000,q5GVJKHvqVwABnDf,305.000,md4MdKOU6ZsQ//g0,305.000,SayB0+Vq1qyZnTIu,306.000,OY9eVeUW8tGGPJFe,408.000,MY8Sv42aXxDpCjC4,,,,
1,204,2026-04-05T12:41:28.064Z,288.000,9,205.000,OY9eVeUW8tGGPJFe,209.000,Fw2XlLSvhDCRIl7z,211.000,BjjWVd8h3JWMBrnK,217.000,TiCg1GW9IStcOras,263.000,zyQbLrDbnVAAyE0h,286.000,SayB0+Vq1qyZnTIu,288.000,q5GVJKHvqVwABnDf,311.000,MY8Sv42aXxDpCjC4,367.000,md4MdKOU6ZsQ//g0,,
1,205,2026-04-05T12:41:28.352Z,325.000,8,285.000,q5GVJKHvqVwABnDf,285.000,OY9eVeUW8tGGPJFe,286.000,BjjWVd8h3JWMBrnK,286.000,Fw2XlLSvhDCRIl7z,287.000,TiCg1GW9IStcOras,311.000,SayB0+Vq1qyZnTIu,331.000,MY8Sv42aXxDpCjC4,329.000,md4MdKOU6ZsQ//g0,,,,
1,206,2026-04-05T12:41:28.677Z,412.000,8,259.000,SayB0+Vq1qyZnTIu,268.000,MY8Sv42aXxDpCjC4,325.000,md4MdKOU6ZsQ//g0,363.000,BjjWVd8h3JWMBrnK,367.000,zyQbLrDbnVAAyE0h,411.000,OY9eVeUW8tGGPJFe,412.000,TiCg1GW9IStcOras,649.000,jIf2AEWi7y2xcK85,,,,
1,207,2026-04-05T12:41:29.089Z,386.000,7,109.000,q5GVJKHvqVwABnDf,208.000,OY9eVeUW8tGGPJFe,225.000,zyQbLrDbnVAAyE0h,306.000,Fw2XlLSvhDCRIl7z,310.000,MY8Sv42aXxDpCjC4,310.000,md4MdKOU6ZsQ//g0,391.000,SayB0+Vq1qyZnTIu,,,,,,
1,208,2026-04-05T12:41:29.475Z,443.000,8,215.000,MY8Sv42aXxDpCjC4,233.000,md4MdKOU6ZsQ//g0,262.000,SayB0+Vq1qyZnTIu,302.000,BjjWVd8h3JWMBrnK,381.000,Fw2XlLSvhDCRIl7z,428.000,TiCg1GW9IStcOras,443.000,OY9eVeUW8tGGPJFe,749.000,jIf2AEWi7y2xcK85,,,,
1,209,2026-04-05T12:41:29.918Z,467.000,8,105.000,q5GVJKHvqVwABnDf,293.000,SayB0+Vq1qyZnTIu,294.000,md4MdKOU6ZsQ//g0,312.000,MY8Sv42aXxDpCjC4,399.000,OY9eVeUW8tGGPJFe,410.000,Fw2XlLSvhDCRIl7z,467.000,BjjWVd8h3JWMBrnK,636.000,jIf2AEWi7y2xcK85,,,,
1,210,2026-04-05T12:41:30.385Z,571.000,8,242.000,MY8Sv42aXxDpCjC4,308.000,SayB0+Vq1qyZnTIu,311.000,md4MdKOU6ZsQ//g0,472.000,BjjWVd8h3JWMBrnK,494.000,OY9eVeUW8tGGPJFe,567.000,q5GVJKHvqVwABnDf,571.000,zyQbLrDbnVAAyE0h,729.000,jIf2AEWi7y2xcK85,,,,
1,211,2026-04-05T12:41:30.956Z,435.000,8,232.000,md4MdKOU6ZsQ//g0,306.000,SayB0+Vq1qyZnTIu,307.000,MY8Sv42aXxDpCjC4,335.000,BjjWVd8h3JWMBrnK,336.000,q5GVJKHvqVwABnDf,428.000,Fw2XlLSvhDCRIl7z,435.000,OY9eVeUW8tGGPJFe,630.000,jIf2AEWi7y2xcK85,,,,
1,212,2026-04-05T12:41:31.391Z,591.000,8,302.000,MY8Sv42aXxDpCjC4,304.000,SayB0+Vq1qyZnTIu,318.000,md4MdKOU6ZsQ//g0,499.000,q5GVJKHvqVwABnDf,506.000,zyQbLrDbnVAAyE0h,524.000,TiCg1GW9IStcOras,591.000,Fw2XlLSvhDCRIl7z,730.000,jIf2AEWi7y2xcK85,,,,
1,213,2026-04-05T12:41:31.982Z,545.000,8,244.000,md4MdKOU6ZsQ//g0,248.000,SayB0+Vq1qyZnTIu,310.000,MY8Sv42aXxDpCjC4,443.000,TiCg1GW9IStcOras,486.000,Fw2XlLSvhDCRIl7z,493.000,BjjWVd8h3JWMBrnK,544.000,OY9eVeUW8tGGPJFe,794.000,jIf2AEWi7y2xcK85,,,,
1,214,2026-04-05T12:41:32.527Z,544.000,8,310.000,SayB0+Vq1qyZnTIu,311.000,md4MdKOU6ZsQ//g0,330.000,TiCg1GW9IStcOras,334.000,MY8Sv42aXxDpCjC4,471.000,OY9eVeUW8tGGPJFe,531.000,q5GVJKHvqVwABnDf,544.000,zyQbLrDbnVAAyE0h,739.000,jIf2AEWi7y2xcK85,,,,
1,215,2026-04-05T12:41:33.071Z,553.000,8,264.000,md4MdKOU6ZsQ//g0,300.000,MY8Sv42aXxDpCjC4,302.000,SayB0+Vq1qyZnTIu,419.000,TiCg1GW9IStcOras,471.000,zyQbLrDbnVAAyE0h,497.000,BjjWVd8h3JWMBrnK,553.000,Fw2XlLSvhDCRIl7z,791.000,jIf2AEWi7y2xcK85,,,,
1,216,2026-04-05T12:41:33.624Z,653.000,7,311.000,md4MdKOU6ZsQ//g0,416.000,SayB0+Vq1qyZnTIu,420.000,MY8Sv42aXxDpCjC4,598.000,q5GVJKHvqVwABnDf,645.000,zyQbLrDbnVAAyE0h,651.000,Fw2XlLSvhDCRIl7z,785.000,jIf2AEWi7y2xcK85,,,,,,
1,217,2026-04-05T12:41:34.277Z,485.000,8,258.000,SayB0+Vq1qyZnTIu,307.000,MY8Sv42aXxDpCjC4,367.000,md4MdKOU6ZsQ//g0,370.000,OY9eVeUW8tGGPJFe,389.000,TiCg1GW9IStcOras,484.000,zyQbLrDbnVAAyE0h,485.000,BjjWVd8h3JWMBrnK,604.000,jIf2AEWi7y2xcK85,,,,
1,218,2026-04-05T12:41:34.762Z,892.000,7,220.000,md4MdKOU6ZsQ//g0,436.000,SayB0+Vq1qyZnTIu,438.000,MY8Sv42aXxDpCjC4,622.000,q5GVJKHvqVwABnDf,825.000,jIf2AEWi7y2xcK85,882.000,Fw2XlLSvhDCRIl7z,892.000,BjjWVd8h3JWMBrnK,,,,,,
1,219,2026-04-05T12:41:35.654Z,922.000,7,242.000,q5GVJKHvqVwABnDf,402.000,SayB0+Vq1qyZnTIu,403.000,MY8Sv42aXxDpCjC4,404.000,md4MdKOU6ZsQ//g0,800.000,jIf2AEWi7y2xcK85,908.000,TiCg1GW9IStcOras,922.000,OY9eVeUW8tGGPJFe,,,,,,
1,220,2026-04-05T12:41:36.576Z,721.000,7,315.000,MY8Sv42aXxDpCjC4,402.000,SayB0+Vq1qyZnTIu,403.000,md4MdKOU6ZsQ//g0,474.000,q5GVJKHvqVwABnDf,704.000,Fw2XlLSvhDCRIl7z,709.000,jIf2AEWi7y2xcK85,721.000,BjjWVd8h3JWMBrnK,,,,,,
1,221,2026-04-05T12:41:37.297Z,472.000,10,308.000,SayB0+Vq1qyZnTIu,409.000,MY8Sv42aXxDpCjC4,410.000,md4MdKOU6ZsQ//g0,466.000,OY9eVeUW8tGGPJFe,470.000,BjjWVd8h3JWMBrnK,471.000,q5GVJKHvqVwABnDf,472.000,zyQbLrDbnVAAyE0h,473.000,Fw2XlLSvhDCRIl7z,494.000,TiCg1GW9IStcOras,706.000,jIf2AEWi7y2xcK85
1,222,2026-04-05T12:41:37.769Z,759.000,7,402.000,SayB0+Vq1qyZnTIu,404.000,MY8Sv42aXxDpCjC4,405.000,md4MdKOU6ZsQ//g0,472.000,q5GVJKHvqVwABnDf,702.000,jIf2AEWi7y2xcK85,750.000,Fw2XlLSvhDCRIl7z,758.000,BjjWVd8h3JWMBrnK,,,,,,
1,223,2026-04-05T12:41:38.528Z,702.000,7,236.000,OY9eVeUW8tGGPJFe,309.000,md4MdKOU6ZsQ//g0,312.000,MY8Sv42aXxDpCjC4,408.000,SayB0+Vq1qyZnTIu,410.000,zyQbLrDbnVAAyE0h,522.000,q5GVJKHvqVwABnDf,822.000,jIf2AEWi7y2xcK85,,,,,,
1,224,2026-04-05T12:41:39.230Z,506.000,9,210.000,md4MdKOU6ZsQ//g0,355.000,OY9eVeUW8tGGPJFe,389.000,SayB0+Vq1qyZnTIu,413.000,BjjWVd8h3JWMBrnK,462.000,TiCg1GW9IStcOras,464.000,Fw2XlLSvhDCRIl7z,505.000,zyQbLrDbnVAAyE0h,525.000,MY8Sv42aXxDpCjC4,646.000,jIf2AEWi7y2xcK85,,
1,225,2026-04-05T12:41:39.736Z,992.000,7,215.000,SayB0+Vq1qyZnTIu,267.000,md4MdKOU6ZsQ//g0,307.000,MY8Sv42aXxDpCjC4,569.000,q5GVJKHvqVwABnDf,652.000,jIf2AEWi7y2xcK85,965.000,OY9eVeUW8tGGPJFe,992.000,zyQbLrDbnVAAyE0h,,,,,,
1,226,2026-04-05T12:41:40.728Z,1006.000,7,306.000,md4MdKOU6ZsQ//g0,312.000,MY8Sv42aXxDpCjC4,411.000,SayB0+Vq1qyZnTIu,467.000,q5GVJKHvqVwABnDf,699.000,jIf2AEWi7y2xcK85,971.000,TiCg1GW9IStcOras,1006.000,OY9eVeUW8tGGPJFe,,,,,,
1,227,2026-04-05T12:41:41.734Z,1188.000,7,397.000,MY8Sv42aXxDpCjC4,401.000,SayB0+Vq1qyZnTIu,402.000,md4MdKOU6ZsQ//g0,471.000,q5GVJKHvqVwABnDf,708.000,jIf2AEWi7y2xcK85,1186.000,BjjWVd8h3JWMBrnK,1188.000,TiCg1GW9IStcOras,,,,,,
1,228,2026-04-05T12:41:42.922Z,1030.000,7,401.000,SayB0+Vq1qyZnTIu,404.000,md4MdKOU6ZsQ//g0,405.000,MY8Sv42aXxDpCjC4,474.000,q5GVJKHvqVwABnDf,706.000,jIf2AEWi7y2xcK85,1026.000,Fw2XlLSvhDCRIl7z,1030.000,BjjWVd8h3JWMBrnK,,,,,,
1,229,2026-04-05T12:41:43.952Z,987.000,7,238.000,q5GVJKHvqVwABnDf,402.000,MY8Sv42aXxDpCjC4,403.000,md4MdKOU6ZsQ//g0,465.000,SayB0+Vq1qyZnTIu,709.000,jIf2AEWi7y2xcK85,985.000,Fw2XlLSvhDCRIl7z,987.000,zyQbLrDbnVAAyE0h,,,,,,
1,230,2026-04-05T12:41:44.939Z,932.000,7,400.000,MY8Sv42aXxDpCjC4,401.000,md4MdKOU6ZsQ//g0,401.000,SayB0+Vq1qyZnTIu,469.000,q5GVJKHvqVwABnDf,704.000,jIf2AEWi7y2xcK85,931.000,BjjWVd8h3JWMBrnK,932.000,Fw2XlLSvhDCRIl7z,,,,,,
1,231,2026-04-05T12:41:45.871Z,1296.000,7,402.000,SayB0+Vq1qyZnTIu,404.000,md4MdKOU6ZsQ//g0,406.000,MY8Sv42aXxDpCjC4,473.000,q5GVJKHvqVwABnDf,745.000,jIf2AEWi7y2xcK85,1284.000,OY9eVeUW8tGGPJFe,1296.000,zyQbLrDbnVAAyE0h,,,,,,
1,232,2026-04-05T12:41:47.167Z,1241.000,7,433.000,md4MdKOU6ZsQ//g0,434.000,SayB0+Vq1qyZnTIu,435.000,MY8Sv42aXxDpCjC4,503.000,q5GVJKHvqVwABnDf,735.000,jIf2AEWi7y2xcK85,1240.000,Fw2XlLSvhDCRIl7z,1241.000,BjjWVd8h3JWMBrnK,,,,,,
1,233,2026-04-05T12:41:48.408Z,2055.000,7,399.000,md4MdKOU6ZsQ//g0,400.000,MY8Sv42aXxDpCjC4,403.000,SayB0+Vq1qyZnTIu,470.000,q5GVJKHvqVwABnDf,708.000,jIf2AEWi7y2xcK85,2049.000,BjjWVd8h3JWMBrnK,2055.000,Fw2XlLSvhDCRIl7z,,,,,,
1,234,2026-04-05T12:41:50.463Z,2323.000,7,237.000,q5GVJKHvqVwABnDf,401.000,MY8Sv42aXxDpCjC4,402.000,md4MdKOU6ZsQ//g0,404.000,SayB0+Vq1qyZnTIu,476.000,jIf2AEWi7y2xcK85,2318.000,BjjWVd8h3JWMBrnK,2323.000,TiCg1GW9IStcOras,,,,,,
1,235,2026-04-05T12:41:52.786Z,2196.000,7,400.000,SayB0+Vq1qyZnTIu,401.000,md4MdKOU6ZsQ//g0,402.000,MY8Sv42aXxDpCjC4,473.000,q5GVJKHvqVwABnDf,700.000,jIf2AEWi7y2xcK85,1279.000,zyQbLrDbnVAAyE0h,2196.000,OY9eVeUW8tGGPJFe,,,,,,
1,236,2026-04-05T12:41:54.982Z,2432.000,7,654.000,SayB0+Vq1qyZnTIu,697.000,md4MdKOU6ZsQ//g0,703.000,jIf2AEWi7y2xcK85,776.000,MY8Sv42aXxDpCjC4,1530.000,q5GVJKHvqVwABnDf,2308.000,zyQbLrDbnVAAyE0h,2432.000,Fw2XlLSvhDCRIl7z,,,,,,
1,237,2026-04-05T12:41:57.414Z,2845.000,7,703.000,jIf2AEWi7y2xcK85,765.000,SayB0+Vq1qyZnTIu,1739.000,zyQbLrDbnVAAyE0h,1748.000,q5GVJKHvqVwABnDf,1789.000,MY8Sv42aXxDpCjC4,1826.000,md4MdKOU6ZsQ//g0,2845.000,TiCg1GW9IStcOras,,,,,,
1,238,2026-04-05T12:42:00.259Z,4050.000,7,702.000,jIf2AEWi7y2xcK85,1075.000,MY8Sv42aXxDpCjC4,1734.000,q5GVJKHvqVwABnDf,1846.000,md4MdKOU6ZsQ//g0,1874.000,SayB0+Vq1qyZnTIu,2968.000,Fw2XlLSvhDCRIl7z,4050.000,TiCg1GW9IStcOras,,,,,,
1,239,2026-04-05T12:42:04.309Z,4486.000,7,702.000,jIf2AEWi7y2xcK85,2639.000,q5GVJKHvqVwABnDf,2706.000,MY8Sv42aXxDpCjC4,2732.000,md4MdKOU6ZsQ//g0,2781.000,SayB0+Vq1qyZnTIu,4295.000,zyQbLrDbnVAAyE0h,4486.000,TiCg1GW9IStcOras,,,,,,
1,240,2026-04-05T12:42:08.795Z,5310.000,7,707.000,jIf2AEWi7y2xcK85,2316.000,SayB0+Vq1qyZnTIu,2372.000,q5GVJKHvqVwABnDf,2403.000,md4MdKOU6ZsQ//g0,2459.000,MY8Sv42aXxDpCjC4,4092.000,zyQbLrDbnVAAyE0h,5310.000,TiCg1GW9IStcOras,,,,,,
1,241,2026-04-05T12:42:14.105Z,7330.000,7,707.000,jIf2AEWi7y2xcK85,2295.000,md4MdKOU6ZsQ//g0,4328.000,q5GVJKHvqVwABnDf,4437.000,MY8Sv42aXxDpCjC4,4483.000,SayB0+Vq1qyZnTIu,6357.000,zyQbLrDbnVAAyE0h,7330.000,BjjWVd8h3JWMBrnK,,,,,,
1,242,2026-04-05T12:42:21.435Z,8387.000,7,702.000,jIf2AEWi7y2xcK85,5072.000,q5GVJKHvqVwABnDf,5119.000,md4MdKOU6ZsQ//g0,5153.000,SayB0+Vq1qyZnTIu,5217.000,MY8Sv42aXxDpCjC4,8363.000,TiCg1GW9IStcOras,8387.000,OY9eVeUW8tGGPJFe,,,,,,
1,243,2026-04-05T12:42:29.822Z,8346.000,7,705.000,jIf2AEWi7y2xcK85,3909.000,q5GVJKHvqVwABnDf,4021.000,md4MdKOU6ZsQ//g0,4993.000,SayB0+Vq1qyZnTIu,5002.000,MY8Sv42aXxDpCjC4,8344.000,TiCg1GW9IStcOras,8346.000,OY9eVeUW8tGGPJFe,,,,,,
1,244,2026-04-05T12:42:38.168Z,8357.000,7,699.000,jIf2AEWi7y2xcK85,5763.000,q5GVJKHvqVwABnDf,6653.000,SayB0+Vq1qyZnTIu,6656.000,md4MdKOU6ZsQ//g0,6659.000,MY8Sv42aXxDpCjC4,7910.000,zyQbLrDbnVAAyE0h,8357.000,Fw2XlLSvhDCRIl7z,,,,,,
1,245,2026-04-05T12:42:46.525Z,,1,707.000,jIf2AEWi7y2xcK85,,,,,,,,,,,,,,,,,,
2,1,2026-04-05T12:40:23.674Z,10728.000,7,6744.000,q5GVJKHvqVwABnDf,7129.000,TiCg1GW9IStcOras,8212.000,zyQbLrDbnVAAyE0h,8573.000,Fw2XlLSvhDCRIl7z,9145.000,MY8Sv42aXxDpCjC4,10626.000,BjjWVd8h3JWMBrnK,10728.000,md4MdKOU6ZsQ//g0,,,,,,
2,2,2026-04-05T12:40:34.402Z,252.000,7,105.000,TiCg1GW9IStcOras,106.000,zyQbLrDbnVAAyE0h,109.000,q5GVJKHvqVwABnDf,206.000,Fw2XlLSvhDCRIl7z,210.000,BjjWVd8h3JWMBrnK,211.000,MY8Sv42aXxDpCjC4,252.000,md4MdKOU6ZsQ//g0,,,,,,
2,3,2026-04-05T12:40:34.654Z,307.000,7,163.000,TiCg1GW9IStcOras,165.000,zyQbLrDbnVAAyE0h,168.000,BjjWVd8h3JWMBrnK,169.000,q5GVJKHvqVwABnDf,262.000,Fw2XlLSvhDCRIl7z,266.000,MY8Sv42aXxDpCjC4,307.000,md4MdKOU6ZsQ//g0,,,,,,
2,4,2026-04-05T12:40:34.961Z,272.000,7,168.000,BjjWVd8h3JWMBrnK,168.000,TiCg1GW9IStcOras,169.000,zyQbLrDbnVAAyE0h,173.000,q5GVJKHvqVwABnDf,263.000,Fw2XlLSvhDCRIl7z,270.000,md4MdKOU6ZsQ//g0,272.000,MY8Sv42aXxDpCjC4,,,,,,
2,5,2026-04-05T12:40:35.233Z,308.000,7,206.000,TiCg1GW9IStcOras,207.000,zyQbLrDbnVAAyE0h,210.000,q5GVJKHvqVwABnDf,211.000,BjjWVd8h3JWMBrnK,297.000,Fw2XlLSvhDCRIl7z,315.000,md4MdKOU6ZsQ//g0,311.000,MY8Sv42aXxDpCjC4,,,,,,
2,6,2026-04-05T12:40:35.541Z,309.000,8,203.000,zyQbLrDbnVAAyE0h,206.000,q5GVJKHvqVwABnDf,208.000,BjjWVd8h3JWMBrnK,208.000,TiCg1GW9IStcOras,298.000,Fw2XlLSvhDCRIl7z,308.000,md4MdKOU6ZsQ//g0,309.000,MY8Sv42aXxDpCjC4,404.000,SayB0+Vq1qyZnTIu,,,,
2,7,2026-04-05T12:40:35.850Z,305.000,10,199.000,zyQbLrDbnVAAyE0h,200.000,BjjWVd8h3JWMBrnK,203.000,OY9eVeUW8tGGPJFe,206.000,q5GVJKHvqVwABnDf,207.000,TiCg1GW9IStcOras,298.000,Fw2XlLSvhDCRIl7z,310.000,MY8Sv42aXxDpCjC4,309.000,SayB0+Vq1qyZnTIu,309.000,md4MdKOU6ZsQ//g0,1062.000,jIf2AEWi7y2xcK85
2,8,2026-04-05T12:40:36.155Z,246.000,9,202.000,BjjWVd8h3JWMBrnK,204.000,OY9eVeUW8tGGPJFe,205.000,Fw2XlLSvhDCRIl7z,209.000,q5GVJKHvqVwABnDf,212.000,TiCg1GW9IStcOras,213.000,zyQbLrDbnVAAyE0h,246.000,md4MdKOU6ZsQ//g0,307.000,SayB0+Vq1qyZnTIu,315.000,MY8Sv42aXxDpCjC4,,
2,9,2026-04-05T12:40:36.401Z,273.000,9,168.000,q5GVJKHvqVwABnDf,172.000,TiCg1GW9IStcOras,173.000,zyQbLrDbnVAAyE0h,206.000,OY9eVeUW8tGGPJFe,207.000,BjjWVd8h3JWMBrnK,248.000,Fw2XlLSvhDCRIl7z,275.000,MY8Sv42aXxDpCjC4,377.000,md4MdKOU6ZsQ//g0,383.000,SayB0+Vq1qyZnTIu,,
2,10,2026-04-05T12:40:36.674Z,313.000,8,210.000,q5GVJKHvqVwABnDf,211.000,TiCg1GW9IStcOras,213.000,zyQbLrDbnVAAyE0h,240.000,BjjWVd8h3JWMBrnK,252.000,OY9eVeUW8tGGPJFe,298.000,Fw2XlLSvhDCRIl7z,314.000,MY8Sv42aXxDpCjC4,416.000,md4MdKOU6ZsQ//g0,,,,
2,11,2026-04-05T12:40:36.987Z,307.000,9,205.000,q5GVJKHvqVwABnDf,206.000,TiCg1GW9IStcOras,207.000,zyQbLrDbnVAAyE0h,207.000,OY9eVeUW8tGGPJFe,215.000,BjjWVd8h3JWMBrnK,233.000,Fw2XlLSvhDCRIl7z,307.000,SayB0+Vq1qyZnTIu,307.000,MY8Sv42aXxDpCjC4,412.000,md4MdKOU6ZsQ//g0,,
2,12,2026-04-05T12:40:37.294Z,270.000,8,145.000,TiCg1GW9IStcOras,207.000,q5GVJKHvqVwABnDf,210.000,BjjWVd8h3JWMBrnK,212.000,zyQbLrDbnVAAyE0h,214.000,OY9eVeUW8tGGPJFe,256.000,Fw2XlLSvhDCRIl7z,270.000,SayB0+Vq1qyZnTIu,309.000,MY8Sv42aXxDpCjC4,,,,
2,13,2026-04-05T12:40:37.564Z,250.000,9,147.000,q5GVJKHvqVwABnDf,148.000,zyQbLrDbnVAAyE0h,207.000,TiCg1GW9IStcOras,210.000,OY9eVeUW8tGGPJFe,212.000,Fw2XlLSvhDCRIl7z,234.000,BjjWVd8h3JWMBrnK,347.000,MY8Sv42aXxDpCjC4,311.000,SayB0+Vq1qyZnTIu,312.000,md4MdKOU6ZsQ//g0,,
2,14,2026-04-05T12:40:37.814Z,302.000,8,165.000,TiCg1GW9IStcOras,167.000,OY9eVeUW8tGGPJFe,168.000,zyQbLrDbnVAAyE0h,209.000,q5GVJKHvqVwABnDf,210.000,BjjWVd8h3JWMBrnK,270.000,Fw2XlLSvhDCRIl7z,302.000,md4MdKOU6ZsQ//g0,402.000,MY8Sv42aXxDpCjC4,,,,
2,15,2026-04-05T12:40:38.116Z,277.000,9,109.000,zyQbLrDbnVAAyE0h,174.000,Fw2XlLSvhDCRIl7z,197.000,OY9eVeUW8tGGPJFe,204.000,TiCg1GW9IStcOras,208.000,q5GVJKHvqVwABnDf,212.000,BjjWVd8h3JWMBrnK,307.000,md4MdKOU6ZsQ//g0,308.000,MY8Sv42aXxDpCjC4,309.000,SayB0+Vq1qyZnTIu,,
2,16,2026-04-05T12:40:38.393Z,252.000,9,170.000,zyQbLrDbnVAAyE0h,174.000,OY9eVeUW8tGGPJFe,176.000,BjjWVd8h3JWMBrnK,200.000,q5GVJKHvqVwABnDf,206.000,Fw2XlLSvhDCRIl7z,233.000,TiCg1GW9IStcOras,339.000,SayB0+Vq1qyZnTIu,336.000,md4MdKOU6ZsQ//g0,341.000,MY8Sv42aXxDpCjC4,,
2,17,2026-04-05T12:40:38.645Z,272.000,9,139.000,OY9eVeUW8tGGPJFe,140.000,zyQbLrDbnVAAyE0h,186.000,TiCg1GW9IStcOras,201.000,q5GVJKHvqVwABnDf,226.000,Fw2XlLSvhDCRIl7z,246.000,BjjWVd8h3JWMBrnK,293.000,SayB0+Vq1qyZnTIu,295.000,MY8Sv42aXxDpCjC4,306.000,md4MdKOU6ZsQ//g0,,
2,18,2026-04-05T12:40:38.917Z,241.000,10,137.000,TiCg1GW9IStcOras,183.000,zyQbLrDbnVAAyE0h,192.000,q5GVJKHvqVwABnDf,194.000,Fw2XlLSvhDCRIl7z,203.000,BjjWVd8h3JWMBrnK,206.000,OY9eVeUW8tGGPJFe,241.000,md4MdKOU6ZsQ//g0,329.000,SayB0+Vq1qyZnTIu,332.000,MY8Sv42aXxDpCjC4,693.000,jIf2AEWi7y2xcK85
2,19,2026-04-05T12:40:39.158Z,275.000,9,170.000,OY9eVeUW8tGGPJFe,186.000,Fw2XlLSvhDCRIl7z,192.000,TiCg1GW9IStcOras,240.000,zyQbLrDbnVAAyE0h,258.000,q5GVJKHvqVwABnDf,268.000,BjjWVd8h3JWMBrnK,293.000,SayB0+Vq1qyZnTIu,310.000,md4MdKOU6ZsQ//g0,382.000,MY8Sv42aXxDpCjC4,,
2,20,2026-04-05T12:40:39.433Z,243.000,9,137.000,Fw2XlLSvhDCRIl7z,190.000,q5GVJKHvqVwABnDf,207.000,OY9eVeUW8tGGPJFe,217.000,BjjWVd8h3JWMBrnK,220.000,zyQbLrDbnVAAyE0h,224.000,TiCg1GW9IStcOras,330.000,MY8Sv42aXxDpCjC4,329.000,SayB0+Vq1qyZnTIu,345.000,md4MdKOU6ZsQ//g0,,
2,21,2026-04-05T12:40:39.676Z,276.000,9,171.000,OY9eVeUW8tGGPJFe,189.000,TiCg1GW9IStcOras,204.000,Fw2XlLSvhDCRIl7z,236.000,zyQbLrDbnVAAyE0h,253.000,q5GVJKHvqVwABnDf,265.000,BjjWVd8h3JWMBrnK,293.000,SayB0+Vq1qyZnTIu,380.000,MY8Sv42aXxDpCjC4,381.000,md4MdKOU6ZsQ//g0,,
2,22,2026-04-05T12:40:39.952Z,270.000,9,121.000,TiCg1GW9IStcOras,183.000,q5GVJKHvqVwABnDf,189.000,Fw2XlLSvhDCRIl7z,205.000,OY9eVeUW8tGGPJFe,213.000,BjjWVd8h3JWMBrnK,215.000,zyQbLrDbnVAAyE0h,323.000,MY8Sv42aXxDpCjC4,286.000,SayB0+Vq1qyZnTIu,339.000,md4MdKOU6ZsQ//g0,,
2,23,2026-04-05T12:40:40.222Z,263.000,9,125.000,q5GVJKHvqVwABnDf,159.000,TiCg1GW9IStcOras,170.000,OY9eVeUW8tGGPJFe,194.000,Fw2XlLSvhDCRIl7z,203.000,zyQbLrDbnVAAyE0h,236.000,BjjWVd8h3JWMBrnK,262.000,SayB0+Vq1qyZnTIu,275.000,md4MdKOU6ZsQ//g0,345.000,MY8Sv42aXxDpCjC4,,
2,24,2026-04-05T12:40:40.485Z,220.000,9,115.000,Fw2XlLSvhDCRIl7z,185.000,OY9eVeUW8tGGPJFe,194.000,zyQbLrDbnVAAyE0h,202.000,BjjWVd8h3JWMBrnK,204.000,TiCg1GW9IStcOras,206.000,q5GVJKHvqVwABnDf,308.000,MY8Sv42aXxDpCjC4,311.000,SayB0+Vq1qyZnTIu,320.000,md4MdKOU6ZsQ//g0,,
2,25,2026-04-05T12:40:40.705Z,301.000,9,158.000,Fw2XlLSvhDCRIl7z,191.000,BjjWVd8h3JWMBrnK,192.000,TiCg1GW9IStcOras,227.000,OY9eVeUW8tGGPJFe,233.000,zyQbLrDbnVAAyE0h,248.000,q5GVJKHvqVwABnDf,334.000,SayB0+Vq1qyZnTIu,306.000,MY8Sv42aXxDpCjC4,308.000,md4MdKOU6ZsQ//g0,,
2,26,2026-04-05T12:40:41.006Z,245.000,9,109.000,Fw2XlLSvhDCRIl7z,175.000,BjjWVd8h3JWMBrnK,181.000,OY9eVeUW8tGGPJFe,188.000,zyQbLrDbnVAAyE0h,203.000,q5GVJKHvqVwABnDf,209.000,TiCg1GW9IStcOras,311.000,MY8Sv42aXxDpCjC4,308.000,SayB0+Vq1qyZnTIu,314.000,md4MdKOU6ZsQ//g0,,
2,27,2026-04-05T12:40:41.251Z,267.000,9,164.000,Fw2XlLSvhDCRIl7z,169.000,TiCg1GW9IStcOras,173.000,BjjWVd8h3JWMBrnK,194.000,OY9eVeUW8tGGPJFe,204.000,zyQbLrDbnVAAyE0h,215.000,q5GVJKHvqVwABnDf,303.000,SayB0+Vq1qyZnTIu,275.000,MY8Sv42aXxDpCjC4,279.000,md4MdKOU6ZsQ//g0,,
2,28,2026-04-05T12:40:41.518Z,217.000,9,110.000,TiCg1GW9IStcOras,143.000,zyQbLrDbnVAAyE0h,144.000,Fw2XlLSvhDCRIl7z,181.000,BjjWVd8h3JWMBrnK,204.000,q5GVJKHvqVwABnDf,213.000,OY9eVeUW8tGGPJFe,217.000,MY8Sv42aXxDpCjC4,283.000,md4MdKOU6ZsQ//g0,312.000,SayB0+Vq1qyZnTIu,,
2,29,2026-04-05T12:40:41.735Z,298.000,9,192.000,BjjWVd8h3JWMBrnK,196.000,Fw2XlLSvhDCRIl7z,205.000,TiCg1GW9IStcOras,220.000,OY9eVeUW8tGGPJFe,235.000,zyQbLrDbnVAAyE0h,246.000,q5GVJKHvqVwABnDf,331.000,SayB0+Vq1qyZnTIu,309.000,MY8Sv42aXxDpCjC4,318.000,md4MdKOU6ZsQ//g0,,
2,30,2026-04-05T12:40:42.033Z,218.000,9,114.000,TiCg1GW9IStcOras,144.000,zyQbLrDbnVAAyE0h,202.000,q5GVJKHvqVwABnDf,206.000,BjjWVd8h3JWMBrnK,208.000,Fw2XlLSvhDCRIl7z,210.000,OY9eVeUW8tGGPJFe,218.000,MY8Sv42aXxDpCjC4,288.000,md4MdKOU6ZsQ//g0,312.000,SayB0+Vq1qyZnTIu,,
2,31,2026-04-05T12:40:42.251Z,303.000,9,196.000,BjjWVd8h3JWMBrnK,204.000,Fw2XlLSvhDCRIl7z,206.000,TiCg1GW9IStcOras,217.000,OY9eVeUW8tGGPJFe,234.000,zyQbLrDbnVAAyE0h,245.000,q5GVJKHvqVwABnDf,330.000,SayB0+Vq1qyZnTIu,309.000,MY8Sv42aXxDpCjC4,377.000,md4MdKOU6ZsQ//g0,,
2,32,2026-04-05T12:40:42.554Z,251.000,9,108.000,TiCg1GW9IStcOras,109.000,Fw2XlLSvhDCRIl7z,202.000,BjjWVd8h3JWMBrnK,222.000,OY9eVeUW8tGGPJFe,240.000,zyQbLrDbnVAAyE0h,242.000,MY8Sv42aXxDpCjC4,251.000,q5GVJKHvqVwABnDf,282.000,md4MdKOU6ZsQ//g0,337.000,SayB0+Vq1qyZnTIu,,
2,33,2026-04-05T12:40:42.805Z,265.000,9,160.000,BjjWVd8h3JWMBrnK,174.000,Fw2XlLSvhDCRIl7z,178.000,OY9eVeUW8tGGPJFe,189.000,TiCg1GW9IStcOras,199.000,zyQbLrDbnVAAyE0h,209.000,q5GVJKHvqVwABnDf,293.000,SayB0+Vq1qyZnTIu,299.000,MY8Sv42aXxDpCjC4,342.000,md4MdKOU6ZsQ//g0,,
2,34,2026-04-05T12:40:43.070Z,268.000,9,137.000,TiCg1GW9IStcOras,149.000,Fw2XlLSvhDCRIl7z,173.000,OY9eVeUW8tGGPJFe,202.000,BjjWVd8h3JWMBrnK,237.000,zyQbLrDbnVAAyE0h,251.000,q5GVJKHvqVwABnDf,268.000,MY8Sv42aXxDpCjC4,307.000,md4MdKOU6ZsQ//g0,334.000,SayB0+Vq1qyZnTIu,,
2,35,2026-04-05T12:40:43.338Z,248.000,9,133.000,Fw2XlLSvhDCRIl7z,140.000,OY9eVeUW8tGGPJFe,180.000,zyQbLrDbnVAAyE0h,191.000,q5GVJKHvqVwABnDf,206.000,TiCg1GW9IStcOras,243.000,BjjWVd8h3JWMBrnK,274.000,SayB0+Vq1qyZnTIu,310.000,MY8Sv42aXxDpCjC4,348.000,md4MdKOU6ZsQ//g0,,
2,36,2026-04-05T12:40:43.586Z,303.000,9,147.000,OY9eVeUW8tGGPJFe,148.000,Fw2XlLSvhDCRIl7z,149.000,q5GVJKHvqVwABnDf,164.000,TiCg1GW9IStcOras,200.000,BjjWVd8h3JWMBrnK,235.000,zyQbLrDbnVAAyE0h,309.000,md4MdKOU6ZsQ//g0,307.000,MY8Sv42aXxDpCjC4,310.000,SayB0+Vq1qyZnTIu,,
2,37,2026-04-05T12:40:43.889Z,210.000,9,108.000,OY9eVeUW8tGGPJFe,109.000,Fw2XlLSvhDCRIl7z,135.000,TiCg1GW9IStcOras,139.000,zyQbLrDbnVAAyE0h,145.000,BjjWVd8h3JWMBrnK,194.000,q5GVJKHvqVwABnDf,210.000,MY8Sv42aXxDpCjC4,240.000,SayB0+Vq1qyZnTIu,305.000,md4MdKOU6ZsQ//g0,,
2,38,2026-04-05T12:40:44.099Z,304.000,9,132.000,TiCg1GW9IStcOras,144.000,zyQbLrDbnVAAyE0h,205.000,OY9eVeUW8tGGPJFe,206.000,BjjWVd8h3JWMBrnK,208.000,Fw2XlLSvhDCRIl7z,241.000,q5GVJKHvqVwABnDf,304.000,SayB0+Vq1qyZnTIu,310.000,md4MdKOU6ZsQ//g0,311.000,MY8Sv42aXxDpCjC4,,
2,39,2026-04-05T12:40:44.403Z,257.000,9,108.000,TiCg1GW9IStcOras,112.000,BjjWVd8h3JWMBrnK,193.000,zyQbLrDbnVAAyE0h,207.000,q5GVJKHvqVwABnDf,209.000,OY9eVeUW8tGGPJFe,215.000,Fw2XlLSvhDCRIl7z,257.000,MY8Sv42aXxDpCjC4,296.000,SayB0+Vq1qyZnTIu,312.000,md4MdKOU6ZsQ//g0,,
2,40,2026-04-05T12:40:44.660Z,261.000,9,157.000,OY9eVeUW8tGGPJFe,161.000,BjjWVd8h3JWMBrnK,191.000,zyQbLrDbnVAAyE0h,195.000,Fw2XlLSvhDCRIl7z,203.000,q5GVJKHvqVwABnDf,243.000,TiCg1GW9IStcOras,261.000,md4MdKOU6ZsQ//g0,353.000,MY8Sv42aXxDpCjC4,347.000,SayB0+Vq1qyZnTIu,,
2,41,2026-04-05T12:40:44.921Z,259.000,9,137.000,zyQbLrDbnVAAyE0h,151.000,OY9eVeUW8tGGPJFe,188.000,TiCg1GW9IStcOras,210.000,BjjWVd8h3JWMBrnK,212.000,Fw2XlLSvhDCRIl7z,250.000,q5GVJKHvqVwABnDf,310.000,md4MdKOU6ZsQ//g0,308.000,SayB0+Vq1qyZnTIu,361.000,MY8Sv42aXxDpCjC4,,
2,42,2026-04-05T12:40:45.180Z,266.000,9,153.000,zyQbLrDbnVAAyE0h,157.000,OY9eVeUW8tGGPJFe,191.000,Fw2XlLSvhDCRIl7z,200.000,q5GVJKHvqVwABnDf,222.000,BjjWVd8h3JWMBrnK,244.000,TiCg1GW9IStcOras,354.000,SayB0+Vq1qyZnTIu,347.000,MY8Sv42aXxDpCjC4,361.000,md4MdKOU6ZsQ//g0,,
2,43,2026-04-05T12:40:45.446Z,299.000,9,144.000,OY9eVeUW8tGGPJFe,172.000,zyQbLrDbnVAAyE0h,192.000,TiCg1GW9IStcOras,234.000,Fw2XlLSvhDCRIl7z,236.000,BjjWVd8h3JWMBrnK,242.000,q5GVJKHvqVwABnDf,354.000,MY8Sv42aXxDpCjC4,304.000,SayB0+Vq1qyZnTIu,350.000,md4MdKOU6ZsQ//g0,,
2,44,2026-04-05T12:40:45.745Z,219.000,9,114.000,zyQbLrDbnVAAyE0h,144.000,OY9eVeUW8tGGPJFe,173.000,BjjWVd8h3JWMBrnK,191.000,TiCg1GW9IStcOras,203.000,q5GVJKHvqVwABnDf,211.000,Fw2XlLSvhDCRIl7z,313.000,SayB0+Vq1qyZnTIu,296.000,MY8Sv42aXxDpCjC4,311.000,md4MdKOU6ZsQ//g0,,
2,45,2026-04-05T12:40:45.964Z,294.000,9,180.000,OY9eVeUW8tGGPJFe,191.000,q5GVJKHvqVwABnDf,192.000,zyQbLrDbnVAAyE0h,196.000,TiCg1GW9IStcOras,228.000,Fw2XlLSvhDCRIl7z,235.000,BjjWVd8h3JWMBrnK,352.000,MY8Sv42aXxDpCjC4,301.000,SayB0+Vq1qyZnTIu,353.000,md4MdKOU6ZsQ//g0,,
2,46,2026-04-05T12:40:46.258Z,248.000,9,195.000,TiCg1GW9IStcOras,207.000,q5GVJKHvqVwABnDf,208.000,zyQbLrDbnVAAyE0h,209.000,BjjWVd8h3JWMBrnK,211.000,Fw2XlLSvhDCRIl7z,213.000,OY9eVeUW8tGGPJFe,316.000,SayB0+Vq1qyZnTIu,298.000,MY8Sv42aXxDpCjC4,311.000,md4MdKOU6ZsQ//g0,,
2,47,2026-04-05T12:40:46.506Z,276.000,9,168.000,BjjWVd8h3JWMBrnK,172.000,OY9eVeUW8tGGPJFe,174.000,q5GVJKHvqVwABnDf,203.000,Fw2XlLSvhDCRIl7z,254.000,TiCg1GW9IStcOras,268.000,zyQbLrDbnVAAyE0h,370.000,md4MdKOU6ZsQ//g0,376.000,SayB0+Vq1qyZnTIu,360.000,MY8Sv42aXxDpCjC4,,
2,48,2026-04-05T12:40:46.782Z,302.000,9,136.000,Fw2XlLSvhDCRIl7z,195.000,BjjWVd8h3JWMBrnK,206.000,OY9eVeUW8tGGPJFe,206.000,TiCg1GW9IStcOras,208.000,zyQbLrDbnVAAyE0h,209.000,q5GVJKHvqVwABnDf,347.000,MY8Sv42aXxDpCjC4,348.000,md4MdKOU6ZsQ//g0,310.000,SayB0+Vq1qyZnTIu,,
2,49,2026-04-05T12:40:47.084Z,218.000,9,112.000,q5GVJKHvqVwABnDf,113.000,TiCg1GW9IStcOras,114.000,BjjWVd8h3JWMBrnK,147.000,Fw2XlLSvhDCRIl7z,207.000,zyQbLrDbnVAAyE0h,213.000,OY9eVeUW8tGGPJFe,218.000,SayB0+Vq1qyZnTIu,293.000,MY8Sv42aXxDpCjC4,308.000,md4MdKOU6ZsQ//g0,,
2,50,2026-04-05T12:40:47.302Z,300.000,9,198.000,BjjWVd8h3JWMBrnK,202.000,Fw2XlLSvhDCRIl7z,204.000,OY9eVeUW8tGGPJFe,205.000,TiCg1GW9IStcOras,206.000,q5GVJKHvqVwABnDf,297.000,zyQbLrDbnVAAyE0h,383.000,MY8Sv42aXxDpCjC4,398.000,md4MdKOU6ZsQ//g0,310.000,SayB0+Vq1qyZnTIu,,
2,51,2026-04-05T12:40:47.602Z,219.000,9,112.000,BjjWVd8h3JWMBrnK,114.000,TiCg1GW9IStcOras,115.000,q5GVJKHvqVwABnDf,204.000,zyQbLrDbnVAAyE0h,212.000,OY9eVeUW8tGGPJFe,213.000,Fw2XlLSvhDCRIl7z,219.000,SayB0+Vq1qyZnTIu,530.000,md4MdKOU6ZsQ//g0,636.000,MY8Sv42aXxDpCjC4,,
2,52,2026-04-05T12:40:47.821Z,295.000,9,189.000,TiCg1GW9IStcOras,194.000,zyQbLrDbnVAAyE0h,197.000,BjjWVd8h3JWMBrnK,201.000,OY9eVeUW8tGGPJFe,208.000,q5GVJKHvqVwABnDf,229.000,Fw2XlLSvhDCRIl7z,295.000,md4MdKOU6ZsQ//g0,339.000,MY8Sv42aXxDpCjC4,310.000,SayB0+Vq1qyZnTIu,,
2,53,2026-04-05T12:40:48.116Z,224.000,9,118.000,q5GVJKHvqVwABnDf,120.000,TiCg1GW9IStcOras,121.000,BjjWVd8h3JWMBrnK,207.000,zyQbLrDbnVAAyE0h,209.000,Fw2XlLSvhDCRIl7z,214.000,OY9eVeUW8tGGPJFe,224.000,SayB0+Vq1qyZnTIu,293.000,MY8Sv42aXxDpCjC4,309.000,md4MdKOU6ZsQ//g0,,
2,54,2026-04-05T12:40:48.340Z,293.000,9,189.000,TiCg1GW9IStcOras,191.000,zyQbLrDbnVAAyE0h,193.000,BjjWVd8h3JWMBrnK,194.000,q5GVJKHvqVwABnDf,198.000,OY9eVeUW8tGGPJFe,225.000,Fw2XlLSvhDCRIl7z,315.000,MY8Sv42aXxDpCjC4,295.000,md4MdKOU6ZsQ//g0,308.000,SayB0+Vq1qyZnTIu,,
2,55,2026-04-05T12:40:48.633Z,210.000,9,119.000,BjjWVd8h3JWMBrnK,120.000,TiCg1GW9IStcOras,122.000,q5GVJKHvqVwABnDf,142.000,OY9eVeUW8tGGPJFe,148.000,Fw2XlLSvhDCRIl7z,205.000,zyQbLrDbnVAAyE0h,309.000,MY8Sv42aXxDpCjC4,224.000,SayB0+Vq1qyZnTIu,307.000,md4MdKOU6ZsQ//g0,,
2,56,2026-04-05T12:40:48.843Z,247.000,9,119.000,BjjWVd8h3JWMBrnK,141.000,OY9eVeUW8tGGPJFe,199.000,Fw2XlLSvhDCRIl7z,201.000,TiCg1GW9IStcOras,202.000,zyQbLrDbnVAAyE0h,203.000,q5GVJKHvqVwABnDf,323.000,SayB0+Vq1qyZnTIu,304.000,md4MdKOU6ZsQ//g0,305.000,MY8Sv42aXxDpCjC4,,
2,57,2026-04-05T12:40:49.090Z,271.000,9,162.000,zyQbLrDbnVAAyE0h,167.000,BjjWVd8h3JWMBrnK,187.000,Fw2XlLSvhDCRIl7z,205.000,OY9eVeUW8tGGPJFe,218.000,q5GVJKHvqVwABnDf,261.000,TiCg1GW9IStcOras,367.000,md4MdKOU6ZsQ//g0,366.000,MY8Sv42aXxDpCjC4,369.000,SayB0+Vq1qyZnTIu,,
2,58,2026-04-05T12:40:49.361Z,250.000,9,140.000,BjjWVd8h3JWMBrnK,195.000,Fw2XlLSvhDCRIl7z,198.000,zyQbLrDbnVAAyE0h,213.000,q5GVJKHvqVwABnDf,217.000,TiCg1GW9IStcOras,236.000,OY9eVeUW8tGGPJFe,322.000,SayB0+Vq1qyZnTIu,354.000,md4MdKOU6ZsQ//g0,355.000,MY8Sv42aXxDpCjC4,,
2,59,2026-04-05T12:40:49.611Z,270.000,9,160.000,zyQbLrDbnVAAyE0h,164.000,BjjWVd8h3JWMBrnK,212.000,q5GVJKHvqVwABnDf,252.000,Fw2XlLSvhDCRIl7z,254.000,TiCg1GW9IStcOras,262.000,OY9eVeUW8tGGPJFe,360.000,md4MdKOU6ZsQ//g0,359.000,MY8Sv42aXxDpCjC4,369.000,SayB0+Vq1qyZnTIu,,
2,60,2026-04-05T12:40:49.881Z,247.000,9,142.000,BjjWVd8h3JWMBrnK,192.000,TiCg1GW9IStcOras,196.000,zyQbLrDbnVAAyE0h,210.000,q5GVJKHvqVwABnDf,216.000,Fw2XlLSvhDCRIl7z,233.000,OY9eVeUW8tGGPJFe,317.000,SayB0+Vq1qyZnTIu,301.000,md4MdKOU6ZsQ//g0,346.000,MY8Sv42aXxDpCjC4,,
2,61,2026-04-05T12:40:50.128Z,276.000,9,156.000,TiCg1GW9IStcOras,159.000,zyQbLrDbnVAAyE0h,162.000,BjjWVd8h3JWMBrnK,208.000,q5GVJKHvqVwABnDf,249.000,Fw2XlLSvhDCRIl7z,258.000,OY9eVeUW8tGGPJFe,276.000,SayB0+Vq1qyZnTIu,283.000,md4MdKOU6ZsQ//g0,356.000,MY8Sv42aXxDpCjC4,,
2,62,2026-04-05T12:40:50.404Z,285.000,9,180.000,Fw2XlLSvhDCRIl7z,195.000,OY9eVeUW8tGGPJFe,204.000,q5GVJKHvqVwABnDf,208.000,TiCg1GW9IStcOras,212.000,BjjWVd8h3JWMBrnK,214.000,zyQbLrDbnVAAyE0h,313.000,SayB0+Vq1qyZnTIu,314.000,md4MdKOU6ZsQ//g0,391.000,MY8Sv42aXxDpCjC4,,
2,63,2026-04-05T12:40:50.689Z,239.000,9,127.000,q5GVJKHvqVwABnDf,133.000,TiCg1GW9IStcOras,135.000,BjjWVd8h3JWMBrnK,137.000,zyQbLrDbnVAAyE0h,155.000,Fw2XlLSvhDCRIl7z,218.000,OY9eVeUW8tGGPJFe,239.000,md4MdKOU6ZsQ//g0,256.000,SayB0+Vq1qyZnTIu,310.000,MY8Sv42aXxDpCjC4,,
2,64,2026-04-05T12:40:50.928Z,276.000,9,128.000,q5GVJKHvqVwABnDf,174.000,Fw2XlLSvhDCRIl7z,203.000,TiCg1GW9IStcOras,207.000,BjjWVd8h3JWMBrnK,209.000,zyQbLrDbnVAAyE0h,214.000,OY9eVeUW8tGGPJFe,327.000,SayB0+Vq1qyZnTIu,306.000,md4MdKOU6ZsQ//g0,378.000,MY8Sv42aXxDpCjC4,,
2,65,2026-04-05T12:40:51.204Z,244.000,9,137.000,BjjWVd8h3JWMBrnK,139.000,Fw2XlLSvhDCRIl7z,152.000,zyQbLrDbnVAAyE0h,154.000,TiCg1GW9IStcOras,157.000,q5GVJKHvqVwABnDf,220.000,OY9eVeUW8tGGPJFe,339.000,md4MdKOU6ZsQ//g0,258.000,SayB0+Vq1qyZnTIu,342.000,MY8Sv42aXxDpCjC4,,
2,66,2026-04-05T12:40:51.448Z,240.000,9,134.000,TiCg1GW9IStcOras,203.000,BjjWVd8h3JWMBrnK,204.000,q5GVJKHvqVwABnDf,206.000,zyQbLrDbnVAAyE0h,210.000,OY9eVeUW8tGGPJFe,222.000,Fw2XlLSvhDCRIl7z,239.000,SayB0+Vq1qyZnTIu,305.000,MY8Sv42aXxDpCjC4,467.000,md4MdKOU6ZsQ//g0,,
2,67,2026-04-05T12:40:51.688Z,273.000,8,166.000,TiCg1GW9IStcOras,171.000,Fw2XlLSvhDCRIl7z,174.000,BjjWVd8h3JWMBrnK,190.000,q5GVJKHvqVwABnDf,222.000,zyQbLrDbnVAAyE0h,248.000,OY9eVeUW8tGGPJFe,273.000,md4MdKOU6ZsQ//g0,309.000,SayB0+Vq1qyZnTIu,,,,
2,68,2026-04-05T12:40:51.961Z,282.000,9,134.000,OY9eVeUW8tGGPJFe,138.000,TiCg1GW9IStcOras,174.000,BjjWVd8h3JWMBrnK,279.000,zyQbLrDbnVAAyE0h,280.000,Fw2XlLSvhDCRIl7z,280.000,q5GVJKHvqVwABnDf,282.000,SayB0+Vq1qyZnTIu,321.000,MY8Sv42aXxDpCjC4,312.000,md4MdKOU6ZsQ//g0,,
2,69,2026-04-05T12:40:52.243Z,236.000,9,129.000,zyQbLrDbnVAAyE0h,132.000,TiCg1GW9IStcOras,150.000,BjjWVd8h3JWMBrnK,152.000,q5GVJKHvqVwABnDf,154.000,Fw2XlLSvhDCRIl7z,196.000,OY9eVeUW8tGGPJFe,235.000,md4MdKOU6ZsQ//g0,293.000,SayB0+Vq1qyZnTIu,330.000,MY8Sv42aXxDpCjC4,,
2,70,2026-04-05T12:40:52.479Z,252.000,9,120.000,q5GVJKHvqVwABnDf,161.000,TiCg1GW9IStcOras,166.000,Fw2XlLSvhDCRIl7z,169.000,zyQbLrDbnVAAyE0h,182.000,OY9eVeUW8tGGPJFe,203.000,BjjWVd8h3JWMBrnK,296.000,MY8Sv42aXxDpCjC4,262.000,SayB0+Vq1qyZnTIu,306.000,md4MdKOU6ZsQ//g0,,
2,71,2026-04-05T12:40:52.731Z,280.000,9,156.000,OY9eVeUW8tGGPJFe,160.000,zyQbLrDbnVAAyE0h,217.000,TiCg1GW9IStcOras,219.000,q5GVJKHvqVwABnDf,275.000,BjjWVd8h3JWMBrnK,277.000,Fw2XlLSvhDCRIl7z,364.000,md4MdKOU6ZsQ//g0,321.000,SayB0+Vq1qyZnTIu,355.000,MY8Sv42aXxDpCjC4,,
2,72,2026-04-05T12:40:53.011Z,251.000,9,147.000,q5GVJKHvqVwABnDf,171.000,zyQbLrDbnVAAyE0h,174.000,OY9eVeUW8tGGPJFe,188.000,Fw2XlLSvhDCRIl7z,227.000,BjjWVd8h3JWMBrnK,246.000,TiCg1GW9IStcOras,350.000,SayB0+Vq1qyZnTIu,357.000,MY8Sv42aXxDpCjC4,588.000,md4MdKOU6ZsQ//g0,,
2,73,2026-04-05T12:40:53.262Z,256.000,9,144.000,Fw2XlLSvhDCRIl7z,146.000,OY9eVeUW8tGGPJFe,151.000,zyQbLrDbnVAAyE0h,153.000,q5GVJKHvqVwABnDf,201.000,BjjWVd8h3JWMBrnK,233.000,TiCg1GW9IStcOras,344.000,md4MdKOU6ZsQ//g0,303.000,SayB0+Vq1qyZnTIu,338.000,MY8Sv42aXxDpCjC4,,
2,74,2026-04-05T12:40:53.518Z,261.000,9,137.000,OY9eVeUW8tGGPJFe,156.000,q5GVJKHvqVwABnDf,193.000,BjjWVd8h3JWMBrnK,205.000,zyQbLrDbnVAAyE0h,207.000,Fw2XlLSvhDCRIl7z,251.000,TiCg1GW9IStcOras,355.000,SayB0+Vq1qyZnTIu,363.000,MY8Sv42aXxDpCjC4,366.000,md4MdKOU6ZsQ//g0,,
2,75,2026-04-05T12:40:53.779Z,259.000,9,151.000,OY9eVeUW8tGGPJFe,154.000,Fw2XlLSvhDCRIl7z,207.000,q5GVJKHvqVwABnDf,212.000,zyQbLrDbnVAAyE0h,229.000,TiCg1GW9IStcOras,240.000,BjjWVd8h3JWMBrnK,343.000,md4MdKOU6ZsQ//g0,332.000,MY8Sv42aXxDpCjC4,401.000,SayB0+Vq1qyZnTIu,,
2,76,2026-04-05T12:40:54.038Z,291.000,9,188.000,BjjWVd8h3JWMBrnK,190.000,Fw2XlLSvhDCRIl7z,203.000,q5GVJKHvqVwABnDf,224.000,OY9eVeUW8tGGPJFe,245.000,TiCg1GW9IStcOras,246.000,zyQbLrDbnVAAyE0h,348.000,SayB0+Vq1qyZnTIu,359.000,md4MdKOU6ZsQ//g0,364.000,MY8Sv42aXxDpCjC4,,
2,77,2026-04-05T12:40:54.329Z,245.000,9,109.000,Fw2XlLSvhDCRIl7z,138.000,zyQbLrDbnVAAyE0h,141.000,OY9eVeUW8tGGPJFe,161.000,TiCg1GW9IStcOras,173.000,q5GVJKHvqVwABnDf,205.000,BjjWVd8h3JWMBrnK,298.000,MY8Sv42aXxDpCjC4,278.000,SayB0+Vq1qyZnTIu,308.000,md4MdKOU6ZsQ//g0,,
2,78,2026-04-05T12:40:54.574Z,257.000,9,127.000,zyQbLrDbnVAAyE0h,135.000,TiCg1GW9IStcOras,139.000,q5GVJKHvqVwABnDf,155.000,OY9eVeUW8tGGPJFe,163.000,BjjWVd8h3JWMBrnK,200.000,Fw2XlLSvhDCRIl7z,257.000,SayB0+Vq1qyZnTIu,296.000,md4MdKOU6ZsQ//g0,296.000,MY8Sv42aXxDpCjC4,,
2,79,2026-04-05T12:40:54.831Z,239.000,9,130.000,BjjWVd8h3JWMBrnK,131.000,q5GVJKHvqVwABnDf,149.000,Fw2XlLSvhDCRIl7z,180.000,zyQbLrDbnVAAyE0h,188.000,OY9eVeUW8tGGPJFe,203.000,TiCg1GW9IStcOras,318.000,md4MdKOU6ZsQ//g0,306.000,MY8Sv42aXxDpCjC4,309.000,SayB0+Vq1qyZnTIu,,
2,80,2026-04-05T12:40:55.070Z,289.000,9,154.000,OY9eVeUW8tGGPJFe,173.000,TiCg1GW9IStcOras,174.000,zyQbLrDbnVAAyE0h,175.000,q5GVJKHvqVwABnDf,201.000,BjjWVd8h3JWMBrnK,222.000,Fw2XlLSvhDCRIl7z,289.000,SayB0+Vq1qyZnTIu,335.000,MY8Sv42aXxDpCjC4,338.000,md4MdKOU6ZsQ//g0,,
2,81,2026-04-05T12:40:55.359Z,232.000,9,120.000,q5GVJKHvqVwABnDf,121.000,BjjWVd8h3JWMBrnK,163.000,zyQbLrDbnVAAyE0h,172.000,Fw2XlLSvhDCRIl7z,191.000,TiCg1GW9IStcOras,195.000,OY9eVeUW8tGGPJFe,304.000,md4MdKOU6ZsQ//g0,296.000,MY8Sv42aXxDpCjC4,311.000,SayB0+Vq1qyZnTIu,,
2,82,2026-04-05T12:40:55.591Z,284.000,9,178.000,q5GVJKHvqVwABnDf,182.000,TiCg1GW9IStcOras,183.000,zyQbLrDbnVAAyE0h,184.000,BjjWVd8h3JWMBrnK,186.000,OY9eVeUW8tGGPJFe,231.000,Fw2XlLSvhDCRIl7z,284.000,SayB0+Vq1qyZnTIu,303.000,md4MdKOU6ZsQ//g0,308.000,MY8Sv42aXxDpCjC4,,
2,83,2026-04-05T12:40:55.875Z,226.000,9,123.000,BjjWVd8h3JWMBrnK,133.000,q5GVJKHvqVwABnDf,169.000,Fw2XlLSvhDCRIl7z,172.000,OY9eVeUW8tGGPJFe,193.000,zyQbLrDbnVAAyE0h,200.000,TiCg1GW9IStcOras,304.000,md4MdKOU6ZsQ//g0,308.000,MY8Sv42aXxDpCjC4,311.000,SayB0+Vq1qyZnTIu,,
2,84,2026-04-05T12:40:56.101Z,295.000,9,188.000,q5GVJKHvqVwABnDf,190.000,TiCg1GW9IStcOras,191.000,Fw2XlLSvhDCRIl7z,193.000,OY9eVeUW8tGGPJFe,194.000,BjjWVd8h3JWMBrnK,195.000,zyQbLrDbnVAAyE0h,296.000,SayB0+Vq1qyZnTIu,386.000,md4MdKOU6ZsQ//g0,407.000,MY8Sv42aXxDpCjC4,,
2,85,2026-04-05T12:40:56.396Z,308.000,8,167.000,OY9eVeUW8tGGPJFe,205.000,zyQbLrDbnVAAyE0h,205.000,TiCg1GW9IStcOras,206.000,BjjWVd8h3JWMBrnK,209.000,Fw2XlLSvhDCRIl7z,210.000,q5GVJKHvqVwABnDf,312.000,SayB0+Vq1qyZnTIu,359.000,md4MdKOU6ZsQ//g0,,,,
2,86,2026-04-05T12:40:56.704Z,230.000,9,142.000,Fw2XlLSvhDCRIl7z,160.000,q5GVJKHvqVwABnDf,164.000,BjjWVd8h3JWMBrnK,186.000,OY9eVeUW8tGGPJFe,201.000,zyQbLrDbnVAAyE0h,207.000,TiCg1GW9IStcOras,313.000,MY8Sv42aXxDpCjC4,308.000,SayB0+Vq1qyZnTIu,417.000,md4MdKOU6ZsQ//g0,,
2,87,2026-04-05T12:40:56.934Z,311.000,9,140.000,Fw2XlLSvhDCRIl7z,178.000,OY9eVeUW8tGGPJFe,183.000,BjjWVd8h3JWMBrnK,183.000,TiCg1GW9IStcOras,185.000,zyQbLrDbnVAAyE0h,188.000,q5GVJKHvqVwABnDf,311.000,SayB0+Vq1qyZnTIu,313.000,md4MdKOU6ZsQ//g0,336.000,MY8Sv42aXxDpCjC4,,
2,88,2026-04-05T12:40:57.245Z,262.000,9,125.000,Fw2XlLSvhDCRIl7z,160.000,OY9eVeUW8tGGPJFe,179.000,zyQbLrDbnVAAyE0h,180.000,TiCg1GW9IStcOras,181.000,BjjWVd8h3JWMBrnK,183.000,q5GVJKHvqVwABnDf,316.000,MY8Sv42aXxDpCjC4,283.000,SayB0+Vq1qyZnTIu,287.000,md4MdKOU6ZsQ//g0,,
2,89,2026-04-05T12:40:57.507Z,231.000,9,122.000,OY9eVeUW8tGGPJFe,125.000,TiCg1GW9IStcOras,127.000,BjjWVd8h3JWMBrnK,166.000,zyQbLrDbnVAAyE0h,206.000,Fw2XlLSvhDCRIl7z,230.000,md4MdKOU6ZsQ//g0,231.000,SayB0+Vq1qyZnTIu,233.000,q5GVJKHvqVwABnDf,277.000,MY8Sv42aXxDpCjC4,,
2,90,2026-04-05T12:40:57.738Z,297.000,9,148.000,TiCg1GW9IStcOras,208.000,OY9eVeUW8tGGPJFe,210.000,q5GVJKHvqVwABnDf,212.000,BjjWVd8h3JWMBrnK,243.000,zyQbLrDbnVAAyE0h,296.000,Fw2XlLSvhDCRIl7z,297.000,MY8Sv42aXxDpCjC4,305.000,md4MdKOU6ZsQ//g0,306.000,SayB0+Vq1qyZnTIu,,
2,91,2026-04-05T12:40:58.035Z,310.000,9,122.000,BjjWVd8h3JWMBrnK,166.000,q5GVJKHvqVwABnDf,209.000,OY9eVeUW8tGGPJFe,212.000,Fw2XlLSvhDCRIl7z,214.000,TiCg1GW9IStcOras,254.000,zyQbLrDbnVAAyE0h,316.000,md4MdKOU6ZsQ//g0,317.000,SayB0+Vq1qyZnTIu,352.000,MY8Sv42aXxDpCjC4,,
2,92,2026-04-05T12:40:58.345Z,255.000,9,150.000,zyQbLrDbnVAAyE0h,168.000,BjjWVd8h3JWMBrnK,205.000,OY9eVeUW8tGGPJFe,207.000,Fw2XlLSvhDCRIl7z,212.000,q5GVJKHvqVwABnDf,212.000,TiCg1GW9IStcOras,315.000,SayB0+Vq1qyZnTIu,316.000,md4MdKOU6ZsQ//g0,351.000,MY8Sv42aXxDpCjC4,,
2,93,2026-04-05T12:40:58.600Z,275.000,9,159.000,q5GVJKHvqVwABnDf,164.000,OY9eVeUW8tGGPJFe,201.000,zyQbLrDbnVAAyE0h,214.000,BjjWVd8h3JWMBrnK,258.000,Fw2XlLSvhDCRIl7z,266.000,TiCg1GW9IStcOras,371.000,md4MdKOU6ZsQ//g0,365.000,MY8Sv42aXxDpCjC4,369.000,SayB0+Vq1qyZnTIu,,
2,94,2026-04-05T12:40:58.875Z,293.000,9,144.000,BjjWVd8h3JWMBrnK,189.000,Fw2XlLSvhDCRIl7z,192.000,OY9eVeUW8tGGPJFe,198.000,TiCg1GW9IStcOras,204.000,q5GVJKHvqVwABnDf,233.000,zyQbLrDbnVAAyE0h,303.000,SayB0+Vq1qyZnTIu,301.000,md4MdKOU6ZsQ//g0,334.000,MY8Sv42aXxDpCjC4,,
2,95,2026-04-05T12:40:59.168Z,236.000,9,114.000,TiCg1GW9IStcOras,145.000,OY9eVeUW8tGGPJFe,148.000,q5GVJKHvqVwABnDf,169.000,BjjWVd8h3JWMBrnK,206.000,Fw2XlLSvhDCRIl7z,209.000,zyQbLrDbnVAAyE0h,313.000,md4MdKOU6ZsQ//g0,251.000,SayB0+Vq1qyZnTIu,319.000,MY8Sv42aXxDpCjC4,,
2,96,2026-04-05T12:40:59.404Z,263.000,9,121.000,OY9eVeUW8tGGPJFe,177.000,q5GVJKHvqVwABnDf,213.000,TiCg1GW9IStcOras,214.000,Fw2XlLSvhDCRIl7z,219.000,BjjWVd8h3JWMBrnK,220.000,zyQbLrDbnVAAyE0h,315.000,MY8Sv42aXxDpCjC4,320.000,SayB0+Vq1qyZnTIu,322.000,md4MdKOU6ZsQ//g0,,
2,97,2026-04-05T12:40:59.667Z,268.000,9,135.000,OY9eVeUW8tGGPJFe,159.000,TiCg1GW9IStcOras,184.000,BjjWVd8h3JWMBrnK,219.000,Fw2XlLSvhDCRIl7z,222.000,zyQbLrDbnVAAyE0h,242.000,q5GVJKHvqVwABnDf,268.000,SayB0+Vq1qyZnTIu,335.000,MY8Sv42aXxDpCjC4,333.000,md4MdKOU6ZsQ//g0,,
2,98,2026-04-05T12:40:59.935Z,245.000,9,141.000,OY9eVeUW8tGGPJFe,198.000,TiCg1GW9IStcOras,203.000,Fw2XlLSvhDCRIl7z,206.000,zyQbLrDbnVAAyE0h,208.000,q5GVJKHvqVwABnDf,221.000,BjjWVd8h3JWMBrnK,302.000,MY8Sv42aXxDpCjC4,302.000,md4MdKOU6ZsQ//g0,308.000,SayB0+Vq1qyZnTIu,,
2,99,2026-04-05T12:41:00.180Z,251.000,9,147.000,OY9eVeUW8tGGPJFe,167.000,TiCg1GW9IStcOras,182.000,BjjWVd8h3JWMBrnK,220.000,Fw2XlLSvhDCRIl7z,223.000,zyQbLrDbnVAAyE0h,228.000,q5GVJKHvqVwABnDf,266.000,md4MdKOU6ZsQ//g0,285.000,SayB0+Vq1qyZnTIu,364.000,MY8Sv42aXxDpCjC4,,
2,100,2026-04-05T12:41:00.431Z,307.000,9,136.000,TiCg1GW9IStcOras,186.000,q5GVJKHvqVwABnDf,207.000,OY9eVeUW8tGGPJFe,218.000,Fw2XlLSvhDCRIl7z,233.000,zyQbLrDbnVAAyE0h,240.000,BjjWVd8h3JWMBrnK,307.000,SayB0+Vq1qyZnTIu,325.000,md4MdKOU6ZsQ//g0,342.000,MY8Sv42aXxDpCjC4,,
2,101,2026-04-05T12:41:00.738Z,272.000,9,145.000,TiCg1GW9IStcOras,182.000,Fw2XlLSvhDCRIl7z,188.000,zyQbLrDbnVAAyE0h,198.000,BjjWVd8h3JWMBrnK,205.000,q5GVJKHvqVwABnDf,210.000,OY9eVeUW8tGGPJFe,272.000,SayB0+Vq1qyZnTIu,325.000,md4MdKOU6ZsQ//g0,484.000,MY8Sv42aXxDpCjC4,,
2,102,2026-04-05T12:41:01.010Z,270.000,9,121.000,zyQbLrDbnVAAyE0h,135.000,BjjWVd8h3JWMBrnK,139.000,Fw2XlLSvhDCRIl7z,140.000,q5GVJKHvqVwABnDf,144.000,OY9eVeUW8tGGPJFe,211.000,TiCg1GW9IStcOras,338.000,md4MdKOU6ZsQ//g0,315.000,SayB0+Vq1qyZnTIu,578.000,MY8Sv42aXxDpCjC4,,
2,103,2026-04-05T12:41:01.280Z,236.000,9,147.000,TiCg1GW9IStcOras,191.000,BjjWVd8h3JWMBrnK,200.000,zyQbLrDbnVAAyE0h,202.000,Fw2XlLSvhDCRIl7z,227.000,q5GVJKHvqVwABnDf,229.000,OY9eVeUW8tGGPJFe,306.000,MY8Sv42aXxDpCjC4,279.000,SayB0+Vq1qyZnTIu,309.000,md4MdKOU6ZsQ//g0,,
2,104,2026-04-05T12:41:01.516Z,278.000,9,147.000,TiCg1GW9IStcOras,153.000,zyQbLrDbnVAAyE0h,171.000,OY9eVeUW8tGGPJFe,174.000,BjjWVd8h3JWMBrnK,175.000,q5GVJKHvqVwABnDf,184.000,Fw2XlLSvhDCRIl7z,280.000,md4MdKOU6ZsQ//g0,379.000,MY8Sv42aXxDpCjC4,305.000,SayB0+Vq1qyZnTIu,,
2,105,2026-04-05T12:41:01.794Z,282.000,9,134.000,q5GVJKHvqVwABnDf,160.000,zyQbLrDbnVAAyE0h,185.000,Fw2XlLSvhDCRIl7z,192.000,BjjWVd8h3JWMBrnK,195.000,OY9eVeUW8tGGPJFe,204.000,TiCg1GW9IStcOras,318.000,SayB0+Vq1qyZnTIu,307.000,MY8Sv42aXxDpCjC4,310.000,md4MdKOU6ZsQ//g0,,
2,106,2026-04-05T12:41:02.076Z,237.000,9,118.000,Fw2XlLSvhDCRIl7z,128.000,q5GVJKHvqVwABnDf,130.000,OY9eVeUW8tGGPJFe,133.000,TiCg1GW9IStcOras,219.000,BjjWVd8h3JWMBrnK,226.000,zyQbLrDbnVAAyE0h,236.000,md4MdKOU6ZsQ//g0,331.000,SayB0+Vq1qyZnTIu,333.000,MY8Sv42aXxDpCjC4,,
2,107,2026-04-05T12:41:02.313Z,298.000,9,190.000,OY9eVeUW8tGGPJFe,196.000,Fw2XlLSvhDCRIl7z,202.000,BjjWVd8h3JWMBrnK,206.000,q5GVJKHvqVwABnDf,208.000,TiCg1GW9IStcOras,292.000,zyQbLrDbnVAAyE0h,319.000,SayB0+Vq1qyZnTIu,313.000,md4MdKOU6ZsQ//g0,381.000,MY8Sv42aXxDpCjC4,,
2,108,2026-04-05T12:41:02.611Z,222.000,9,113.000,OY9eVeUW8tGGPJFe,116.000,q5GVJKHvqVwABnDf,144.000,zyQbLrDbnVAAyE0h,199.000,BjjWVd8h3JWMBrnK,209.000,TiCg1GW9IStcOras,213.000,Fw2XlLSvhDCRIl7z,312.000,MY8Sv42aXxDpCjC4,322.000,md4MdKOU6ZsQ//g0,334.000,SayB0+Vq1qyZnTIu,,
2,109,2026-04-05T12:41:02.833Z,301.000,9,184.000,zyQbLrDbnVAAyE0h,196.000,BjjWVd8h3JWMBrnK,198.000,Fw2XlLSvhDCRIl7z,202.000,q5GVJKHvqVwABnDf,212.000,TiCg1GW9IStcOras,268.000,OY9eVeUW8tGGPJFe,314.000,SayB0+Vq1qyZnTIu,306.000,md4MdKOU6ZsQ//g0,420.000,MY8Sv42aXxDpCjC4,,
2,110,2026-04-05T12:41:03.134Z,307.000,9,129.000,TiCg1GW9IStcOras,153.000,zyQbLrDbnVAAyE0h,208.000,BjjWVd8h3JWMBrnK,210.000,Fw2XlLSvhDCRIl7z,212.000,q5GVJKHvqVwABnDf,230.000,OY9eVeUW8tGGPJFe,307.000,MY8Sv42aXxDpCjC4,315.000,md4MdKOU6ZsQ//g0,322.000,SayB0+Vq1qyZnTIu,,
2,111,2026-04-05T12:41:03.441Z,247.000,9,109.000,TiCg1GW9IStcOras,155.000,q5GVJKHvqVwABnDf,209.000,zyQbLrDbnVAAyE0h,210.000,BjjWVd8h3JWMBrnK,212.000,OY9eVeUW8tGGPJFe,216.000,Fw2XlLSvhDCRIl7z,247.000,SayB0+Vq1qyZnTIu,303.000,md4MdKOU6ZsQ//g0,343.000,MY8Sv42aXxDpCjC4,,
2,112,2026-04-05T12:41:03.688Z,280.000,9,173.000,BjjWVd8h3JWMBrnK,175.000,Fw2XlLSvhDCRIl7z,178.000,q5GVJKHvqVwABnDf,191.000,zyQbLrDbnVAAyE0h,201.000,TiCg1GW9IStcOras,205.000,OY9eVeUW8tGGPJFe,302.000,md4MdKOU6ZsQ//g0,305.000,SayB0+Vq1qyZnTIu,307.000,MY8Sv42aXxDpCjC4,,
2,113,2026-04-05T12:41:03.968Z,249.000,9,134.000,TiCg1GW9IStcOras,147.000,q5GVJKHvqVwABnDf,195.000,BjjWVd8h3JWMBrnK,196.000,zyQbLrDbnVAAyE0h,201.000,Fw2XlLSvhDCRIl7z,203.000,OY9eVeUW8tGGPJFe,335.000,MY8Sv42aXxDpCjC4,321.000,md4MdKOU6ZsQ//g0,332.000,SayB0+Vq1qyZnTIu,,
2,114,2026-04-05T12:41:04.217Z,279.000,8,161.000,OY9eVeUW8tGGPJFe,164.000,BjjWVd8h3JWMBrnK,175.000,Fw2XlLSvhDCRIl7z,179.000,zyQbLrDbnVAAyE0h,184.000,TiCg1GW9IStcOras,201.000,q5GVJKHvqVwABnDf,286.000,SayB0+Vq1qyZnTIu,469.000,MY8Sv42aXxDpCjC4,,,,
2,115,2026-04-05T12:41:04.496Z,234.000,9,128.000,q5GVJKHvqVwABnDf,182.000,BjjWVd8h3JWMBrnK,188.000,TiCg1GW9IStcOras,203.000,OY9eVeUW8tGGPJFe,211.000,Fw2XlLSvhDCRIl7z,224.000,zyQbLrDbnVAAyE0h,322.000,MY8Sv42aXxDpCjC4,291.000,md4MdKOU6ZsQ//g0,349.000,SayB0+Vq1qyZnTIu,,
2,116,2026-04-05T12:41:04.730Z,301.000,9,195.000,BjjWVd8h3JWMBrnK,198.000,zyQbLrDbnVAAyE0h,201.000,q5GVJKHvqVwABnDf,215.000,OY9eVeUW8tGGPJFe,228.000,TiCg1GW9IStcOras,229.000,Fw2XlLSvhDCRIl7z,376.000,MY8Sv42aXxDpCjC4,323.000,SayB0+Vq1qyZnTIu,500.000,md4MdKOU6ZsQ//g0,,
2,117,2026-04-05T12:41:05.031Z,283.000,9,179.000,BjjWVd8h3JWMBrnK,184.000,OY9eVeUW8tGGPJFe,190.000,Fw2XlLSvhDCRIl7z,201.000,TiCg1GW9IStcOras,206.000,zyQbLrDbnVAAyE0h,209.000,q5GVJKHvqVwABnDf,330.000,SayB0+Vq1qyZnTIu,304.000,MY8Sv42aXxDpCjC4,311.000,md4MdKOU6ZsQ//g0,,
2,118,2026-04-05T12:41:05.314Z,300.000,9,129.000,BjjWVd8h3JWMBrnK,134.000,q5GVJKHvqVwABnDf,160.000,TiCg1GW9IStcOras,161.000,zyQbLrDbnVAAyE0h,293.000,Fw2XlLSvhDCRIl7z,298.000,OY9eVeUW8tGGPJFe,305.000,SayB0+Vq1qyZnTIu,316.000,md4MdKOU6ZsQ//g0,317.000,MY8Sv42aXxDpCjC4,,
2,119,2026-04-05T12:41:05.614Z,215.000,9,106.000,q5GVJKHvqVwABnDf,108.000,BjjWVd8h3JWMBrnK,132.000,TiCg1GW9IStcOras,134.000,zyQbLrDbnVAAyE0h,150.000,Fw2XlLSvhDCRIl7z,161.000,OY9eVeUW8tGGPJFe,260.000,SayB0+Vq1qyZnTIu,236.000,MY8Sv42aXxDpCjC4,245.000,md4MdKOU6ZsQ//g0,,
2,120,2026-04-05T12:41:05.829Z,241.000,9,131.000,TiCg1GW9IStcOras,135.000,BjjWVd8h3JWMBrnK,137.000,q5GVJKHvqVwABnDf,159.000,zyQbLrDbnVAAyE0h,195.000,OY9eVeUW8tGGPJFe,238.000,Fw2XlLSvhDCRIl7z,240.000,md4MdKOU6ZsQ//g0,306.000,SayB0+Vq1qyZnTIu,311.000,MY8Sv42aXxDpCjC4,,
2,121,2026-04-05T12:41:06.070Z,271.000,9,168.000,BjjWVd8h3JWMBrnK,192.000,zyQbLrDbnVAAyE0h,193.000,TiCg1GW9IStcOras,200.000,OY9eVeUW8tGGPJFe,203.000,q5GVJKHvqVwABnDf,211.000,Fw2XlLSvhDCRIl7z,316.000,SayB0+Vq1qyZnTIu,296.000,MY8Sv42aXxDpCjC4,309.000,md4MdKOU6ZsQ//g0,,
2,122,2026-04-05T12:41:06.341Z,246.000,9,129.000,TiCg1GW9IStcOras,140.000,BjjWVd8h3JWMBrnK,144.000,q5GVJKHvqVwABnDf,146.000,Fw2XlLSvhDCRIl7z,162.000,zyQbLrDbnVAAyE0h,204.000,OY9eVeUW8tGGPJFe,246.000,md4MdKOU6ZsQ//g0,250.000,MY8Sv42aXxDpCjC4,304.000,SayB0+Vq1qyZnTIu,,
2,123,2026-04-05T12:41:06.587Z,267.000,9,161.000,TiCg1GW9IStcOras,190.000,zyQbLrDbnVAAyE0h,197.000,OY9eVeUW8tGGPJFe,202.000,q5GVJKHvqVwABnDf,205.000,BjjWVd8h3JWMBrnK,208.000,Fw2XlLSvhDCRIl7z,267.000,SayB0+Vq1qyZnTIu,308.000,md4MdKOU6ZsQ//g0,312.000,MY8Sv42aXxDpCjC4,,
2,124,2026-04-05T12:41:06.854Z,249.000,9,179.000,TiCg1GW9IStcOras,180.000,Fw2XlLSvhDCRIl7z,181.000,BjjWVd8h3JWMBrnK,181.000,q5GVJKHvqVwABnDf,182.000,zyQbLrDbnVAAyE0h,206.000,OY9eVeUW8tGGPJFe,249.000,md4MdKOU6ZsQ//g0,252.000,MY8Sv42aXxDpCjC4,311.000,SayB0+Vq1qyZnTIu,,
2,125,2026-04-05T12:41:07.103Z,270.000,9,165.000,TiCg1GW9IStcOras,197.000,zyQbLrDbnVAAyE0h,208.000,BjjWVd8h3JWMBrnK,210.000,Fw2XlLSvhDCRIl7z,221.000,OY9eVeUW8tGGPJFe,235.000,q5GVJKHvqVwABnDf,270.000,SayB0+Vq1qyZnTIu,312.000,MY8Sv42aXxDpCjC4,319.000,md4MdKOU6ZsQ//g0,,
2,126,2026-04-05T12:41:07.373Z,253.000,8,135.000,q5GVJKHvqVwABnDf,143.000,TiCg1GW9IStcOras,147.000,BjjWVd8h3JWMBrnK,150.000,Fw2XlLSvhDCRIl7z,155.000,OY9eVeUW8tGGPJFe,156.000,zyQbLrDbnVAAyE0h,253.000,MY8Sv42aXxDpCjC4,310.000,SayB0+Vq1qyZnTIu,,,,
2,127,2026-04-05T12:41:07.626Z,215.000,9,159.000,TiCg1GW9IStcOras,164.000,zyQbLrDbnVAAyE0h,197.000,q5GVJKHvqVwABnDf,199.000,Fw2XlLSvhDCRIl7z,204.000,BjjWVd8h3JWMBrnK,212.000,OY9eVeUW8tGGPJFe,306.000,md4MdKOU6ZsQ//g0,262.000,SayB0+Vq1qyZnTIu,309.000,MY8Sv42aXxDpCjC4,,
2,128,2026-04-05T12:41:07.841Z,295.000,8,148.000,TiCg1GW9IStcOras,156.000,zyQbLrDbnVAAyE0h,189.000,q5GVJKHvqVwABnDf,191.000,Fw2XlLSvhDCRIl7z,196.000,BjjWVd8h3JWMBrnK,212.000,OY9eVeUW8tGGPJFe,295.000,SayB0+Vq1qyZnTIu,306.000,md4MdKOU6ZsQ//g0,,,,
2,129,2026-04-05T12:41:08.136Z,215.000,9,115.000,BjjWVd8h3JWMBrnK,116.000,zyQbLrDbnVAAyE0h,147.000,Fw2XlLSvhDCRIl7z,205.000,q5GVJKHvqVwABnDf,205.000,TiCg1GW9IStcOras,209.000,OY9eVeUW8tGGPJFe,340.000,MY8Sv42aXxDpCjC4,258.000,md4MdKOU6ZsQ//g0,309.000,SayB0+Vq1qyZnTIu,,
2,130,2026-04-05T12:41:08.351Z,303.000,9,193.000,zyQbLrDbnVAAyE0h,196.000,TiCg1GW9IStcOras,201.000,OY9eVeUW8tGGPJFe,217.000,q5GVJKHvqVwABnDf,227.000,BjjWVd8h3JWMBrnK,240.000,Fw2XlLSvhDCRIl7z,302.000,SayB0+Vq1qyZnTIu,352.000,md4MdKOU6ZsQ//g0,354.000,MY8Sv42aXxDpCjC4,,
2,131,2026-04-05T12:41:08.654Z,306.000,9,132.000,zyQbLrDbnVAAyE0h,202.000,OY9eVeUW8tGGPJFe,203.000,Fw2XlLSvhDCRIl7z,204.000,TiCg1GW9IStcOras,207.000,q5GVJKHvqVwABnDf,221.000,BjjWVd8h3JWMBrnK,360.000,MY8Sv42aXxDpCjC4,319.000,SayB0+Vq1qyZnTIu,359.000,md4MdKOU6ZsQ//g0,,
2,132,2026-04-05T12:41:08.960Z,243.000,9,108.000,zyQbLrDbnVAAyE0h,134.000,BjjWVd8h3JWMBrnK,194.000,Fw2XlLSvhDCRIl7z,203.000,TiCg1GW9IStcOras,205.000,OY9eVeUW8tGGPJFe,208.000,q5GVJKHvqVwABnDf,310.000,SayB0+Vq1qyZnTIu,307.000,MY8Sv42aXxDpCjC4,385.000,md4MdKOU6ZsQ//g0,,
2,133,2026-04-05T12:41:09.203Z,272.000,9,166.000,zyQbLrDbnVAAyE0h,169.000,Fw2XlLSvhDCRIl7z,171.000,OY9eVeUW8tGGPJFe,173.000,TiCg1GW9IStcOras,189.000,BjjWVd8h3JWMBrnK,215.000,q5GVJKHvqVwABnDf,323.000,md4MdKOU6ZsQ//g0,289.000,SayB0+Vq1qyZnTIu,340.000,MY8Sv42aXxDpCjC4,,
2,134,2026-04-05T12:41:09.475Z,238.000,9,120.000,TiCg1GW9IStcOras,124.000,BjjWVd8h3JWMBrnK,142.000,zyQbLrDbnVAAyE0h,144.000,Fw2XlLSvhDCRIl7z,148.000,q5GVJKHvqVwABnDf,206.000,OY9eVeUW8tGGPJFe,238.000,SayB0+Vq1qyZnTIu,360.000,MY8Sv42aXxDpCjC4,466.000,md4MdKOU6ZsQ//g0,,
2,135,2026-04-05T12:41:09.713Z,278.000,9,124.000,q5GVJKHvqVwABnDf,171.000,TiCg1GW9IStcOras,175.000,OY9eVeUW8tGGPJFe,206.000,BjjWVd8h3JWMBrnK,213.000,zyQbLrDbnVAAyE0h,217.000,Fw2XlLSvhDCRIl7z,328.000,md4MdKOU6ZsQ//g0,303.000,MY8Sv42aXxDpCjC4,307.000,SayB0+Vq1qyZnTIu,,
2,136,2026-04-05T12:41:09.991Z,237.000,8,132.000,TiCg1GW9IStcOras,134.000,BjjWVd8h3JWMBrnK,141.000,zyQbLrDbnVAAyE0h,143.000,q5GVJKHvqVwABnDf,181.000,Fw2XlLSvhDCRIl7z,204.000,OY9eVeUW8tGGPJFe,237.000,SayB0+Vq1qyZnTIu,438.000,md4MdKOU6ZsQ//g0,,,,
2,137,2026-04-05T12:41:10.228Z,280.000,9,164.000,q5GVJKHvqVwABnDf,166.000,zyQbLrDbnVAAyE0h,177.000,OY9eVeUW8tGGPJFe,187.000,Fw2XlLSvhDCRIl7z,199.000,TiCg1GW9IStcOras,205.000,BjjWVd8h3JWMBrnK,318.000,md4MdKOU6ZsQ//g0,303.000,MY8Sv42aXxDpCjC4,308.000,SayB0+Vq1qyZnTIu,,
2,138,2026-04-05T12:41:10.508Z,242.000,9,132.000,q5GVJKHvqVwABnDf,134.000,BjjWVd8h3JWMBrnK,137.000,zyQbLrDbnVAAyE0h,162.000,Fw2XlLSvhDCRIl7z,194.000,TiCg1GW9IStcOras,205.000,OY9eVeUW8tGGPJFe,297.000,md4MdKOU6ZsQ//g0,303.000,MY8Sv42aXxDpCjC4,308.000,SayB0+Vq1qyZnTIu,,
2,139,2026-04-05T12:41:10.750Z,265.000,9,159.000,Fw2XlLSvhDCRIl7z,171.000,OY9eVeUW8tGGPJFe,173.000,zyQbLrDbnVAAyE0h,175.000,q5GVJKHvqVwABnDf,189.000,TiCg1GW9IStcOras,197.000,BjjWVd8h3JWMBrnK,364.000,md4MdKOU6ZsQ//g0,290.000,MY8Sv42aXxDpCjC4,301.000,SayB0+Vq1qyZnTIu,,
2,140,2026-04-05T12:41:11.015Z,251.000,9,141.000,q5GVJKHvqVwABnDf,146.000,zyQbLrDbnVAAyE0h,148.000,Fw2XlLSvhDCRIl7z,164.000,BjjWVd8h3JWMBrnK,218.000,TiCg1GW9IStcOras,220.000,OY9eVeUW8tGGPJFe,345.000,SayB0+Vq1qyZnTIu,310.000,md4MdKOU6ZsQ//g0,336.000,MY8Sv42aXxDpCjC4,,
2,141,2026-04-05T12:41:11.266Z,274.000,9,161.000,Fw2XlLSvhDCRIl7z,163.000,TiCg1GW9IStcOras,167.000,q5GVJKHvqVwABnDf,171.000,zyQbLrDbnVAAyE0h,172.000,OY9eVeUW8tGGPJFe,218.000,BjjWVd8h3JWMBrnK,274.000,md4MdKOU6ZsQ//g0,381.000,MY8Sv42aXxDpCjC4,478.000,SayB0+Vq1qyZnTIu,,
2,142,2026-04-05T12:41:11.540Z,247.000,8,141.000,Fw2XlLSvhDCRIl7z,145.000,zyQbLrDbnVAAyE0h,150.000,BjjWVd8h3JWMBrnK,158.000,q5GVJKHvqVwABnDf,203.000,TiCg1GW9IStcOras,205.000,OY9eVeUW8tGGPJFe,318.000,SayB0+Vq1qyZnTIu,307.000,md4MdKOU6ZsQ//g0,,,,
2,143,2026-04-05T12:41:11.787Z,268.000,9,163.000,Fw2XlLSvhDCRIl7z,164.000,TiCg1GW9IStcOras,166.000,OY9eVeUW8tGGPJFe,203.000,q5GVJKHvqVwABnDf,204.000,zyQbLrDbnVAAyE0h,237.000,BjjWVd8h3JWMBrnK,268.000,md4MdKOU6ZsQ//g0,293.000,SayB0+Vq1qyZnTIu,324.000,MY8Sv42aXxDpCjC4,,
2,144,2026-04-05T12:41:12.055Z,241.000,9,135.000,OY9eVeUW8tGGPJFe,144.000,zyQbLrDbnVAAyE0h,146.000,Fw2XlLSvhDCRIl7z,196.000,q5GVJKHvqVwABnDf,202.000,BjjWVd8h3JWMBrnK,203.000,TiCg1GW9IStcOras,334.000,SayB0+Vq1qyZnTIu,341.000,MY8Sv42aXxDpCjC4,452.000,md4MdKOU6ZsQ//g0,,
2,145,2026-04-05T12:41:12.296Z,276.000,9,109.000,Fw2XlLSvhDCRIl7z,125.000,zyQbLrDbnVAAyE0h,168.000,BjjWVd8h3JWMBrnK,195.000,TiCg1GW9IStcOras,206.000,OY9eVeUW8tGGPJFe,213.000,q5GVJKHvqVwABnDf,346.000,md4MdKOU6ZsQ//g0,304.000,SayB0+Vq1qyZnTIu,313.000,MY8Sv42aXxDpCjC4,,
2,146,2026-04-05T12:41:12.572Z,261.000,9,132.000,TiCg1GW9IStcOras,136.000,OY9eVeUW8tGGPJFe,158.000,BjjWVd8h3JWMBrnK,184.000,Fw2XlLSvhDCRIl7z,194.000,q5GVJKHvqVwABnDf,239.000,zyQbLrDbnVAAyE0h,260.000,SayB0+Vq1qyZnTIu,306.000,md4MdKOU6ZsQ//g0,313.000,MY8Sv42aXxDpCjC4,,
2,147,2026-04-05T12:41:12.833Z,281.000,9,177.000,OY9eVeUW8tGGPJFe,186.000,TiCg1GW9IStcOras,195.000,BjjWVd8h3JWMBrnK,204.000,zyQbLrDbnVAAyE0h,206.000,q5GVJKHvqVwABnDf,218.000,Fw2XlLSvhDCRIl7z,289.000,MY8Sv42aXxDpCjC4,306.000,SayB0+Vq1qyZnTIu,325.000,md4MdKOU6ZsQ//g0,,
2,148,2026-04-05T12:41:13.114Z,279.000,9,128.000,TiCg1GW9IStcOras,129.000,zyQbLrDbnVAAyE0h,133.000,OY9eVeUW8tGGPJFe,190.000,q5GVJKHvqVwABnDf,221.000,BjjWVd8h3JWMBrnK,257.000,SayB0+Vq1qyZnTIu,279.000,md4MdKOU6ZsQ//g0,314.000,MY8Sv42aXxDpCjC4,376.000,Fw2XlLSvhDCRIl7z,,
2,149,2026-04-05T12:41:13.393Z,283.000,8,139.000,TiCg1GW9IStcOras,147.000,OY9eVeUW8tGGPJFe,157.000,zyQbLrDbnVAAyE0h,174.000,BjjWVd8h3JWMBrnK,218.000,q5GVJKHvqVwABnDf,264.000,MY8Sv42aXxDpCjC4,309.000,md4MdKOU6ZsQ//g0,287.000,SayB0+Vq1qyZnTIu,,,,
2,150,2026-04-05T12:41:13.676Z,232.000,9,145.000,TiCg1GW9IStcOras,146.000,OY9eVeUW8tGGPJFe,148.000,Fw2XlLSvhDCRIl7z,149.000,q5GVJKHvqVwABnDf,171.000,BjjWVd8h3JWMBrnK,188.000,zyQbLrDbnVAAyE0h,231.000,md4MdKOU6ZsQ//g0,233.000,SayB0+Vq1qyZnTIu,289.000,MY8Sv42aXxDpCjC4,,
2,151,2026-04-05T12:41:13.908Z,245.000,9,120.000,q5GVJKHvqVwABnDf,137.000,OY9eVeUW8tGGPJFe,159.000,TiCg1GW9IStcOras,201.000,Fw2XlLSvhDCRIl7z,239.000,zyQbLrDbnVAAyE0h,240.000,BjjWVd8h3JWMBrnK,310.000,SayB0+Vq1qyZnTIu,303.000,MY8Sv42aXxDpCjC4,311.000,md4MdKOU6ZsQ//g0,,
2,152,2026-04-05T12:41:14.153Z,271.000,9,176.000,OY9eVeUW8tGGPJFe,201.000,q5GVJKHvqVwABnDf,221.000,BjjWVd8h3JWMBrnK,223.000,zyQbLrDbnVAAyE0h,263.000,Fw2XlLSvhDCRIl7z,265.000,TiCg1GW9IStcOras,271.000,md4MdKOU6ZsQ//g0,477.000,SayB0+Vq1qyZnTIu,458.000,MY8Sv42aXxDpCjC4,,
2,153,2026-04-05T12:41:14.424Z,299.000,9,134.000,q5GVJKHvqVwABnDf,199.000,OY9eVeUW8tGGPJFe,204.000,TiCg1GW9IStcOras,236.000,Fw2XlLSvhDCRIl7z,238.000,zyQbLrDbnVAAyE0h,245.000,BjjWVd8h3JWMBrnK,310.000,SayB0+Vq1qyZnTIu,306.000,md4MdKOU6ZsQ//g0,349.000,MY8Sv42aXxDpCjC4,,
2,154,2026-04-05T12:41:14.723Z,231.000,9,124.000,OY9eVeUW8tGGPJFe,135.000,q5GVJKHvqVwABnDf,145.000,Fw2XlLSvhDCRIl7z,152.000,BjjWVd8h3JWMBrnK,203.000,zyQbLrDbnVAAyE0h,212.000,TiCg1GW9IStcOras,310.000,SayB0+Vq1qyZnTIu,316.000,md4MdKOU6ZsQ//g0,421.000,MY8Sv42aXxDpCjC4,,
2,155,2026-04-05T12:41:14.954Z,232.000,8,124.000,zyQbLrDbnVAAyE0h,125.000,q5GVJKHvqVwABnDf,127.000,TiCg1GW9IStcOras,128.000,BjjWVd8h3JWMBrnK,132.000,Fw2XlLSvhDCRIl7z,149.000,OY9eVeUW8tGGPJFe,232.000,MY8Sv42aXxDpCjC4,288.000,SayB0+Vq1qyZnTIu,,,,
2,156,2026-04-05T12:41:15.186Z,261.000,9,141.000,OY9eVeUW8tGGPJFe,153.000,Fw2XlLSvhDCRIl7z,165.000,TiCg1GW9IStcOras,197.000,zyQbLrDbnVAAyE0h,200.000,q5GVJKHvqVwABnDf,203.000,BjjWVd8h3JWMBrnK,276.000,SayB0+Vq1qyZnTIu,270.000,md4MdKOU6ZsQ//g0,308.000,MY8Sv42aXxDpCjC4,,
2,157,2026-04-05T12:41:15.447Z,248.000,9,124.000,OY9eVeUW8tGGPJFe,142.000,q5GVJKHvqVwABnDf,189.000,Fw2XlLSvhDCRIl7z,201.000,zyQbLrDbnVAAyE0h,206.000,BjjWVd8h3JWMBrnK,212.000,TiCg1GW9IStcOras,324.000,SayB0+Vq1qyZnTIu,316.000,md4MdKOU6ZsQ//g0,322.000,MY8Sv42aXxDpCjC4,,
2,158,2026-04-05T12:41:15.695Z,250.000,9,144.000,Fw2XlLSvhDCRIl7z,145.000,q5GVJKHvqVwABnDf,187.000,OY9eVeUW8tGGPJFe,202.000,zyQbLrDbnVAAyE0h,207.000,BjjWVd8h3JWMBrnK,211.000,TiCg1GW9IStcOras,314.000,MY8Sv42aXxDpCjC4,274.000,md4MdKOU6ZsQ//g0,362.000,SayB0+Vq1qyZnTIu,,
2,159,2026-04-05T12:41:15.945Z,260.000,9,139.000,Fw2XlLSvhDCRIl7z,156.000,zyQbLrDbnVAAyE0h,159.000,OY9eVeUW8tGGPJFe,167.000,q5GVJKHvqVwABnDf,188.000,BjjWVd8h3JWMBrnK,230.000,TiCg1GW9IStcOras,333.000,md4MdKOU6ZsQ//g0,271.000,MY8Sv42aXxDpCjC4,338.000,SayB0+Vq1qyZnTIu,,
2,160,2026-04-05T12:41:16.205Z,255.000,9,117.000,Fw2XlLSvhDCRIl7z,149.000,q5GVJKHvqVwABnDf,204.000,zyQbLrDbnVAAyE0h,209.000,OY9eVeUW8tGGPJFe,211.000,BjjWVd8h3JWMBrnK,215.000,TiCg1GW9IStcOras,317.000,MY8Sv42aXxDpCjC4,280.000,md4MdKOU6ZsQ//g0,330.000,SayB0+Vq1qyZnTIu,,
2,161,2026-04-05T12:41:16.460Z,263.000,9,128.000,TiCg1GW9IStcOras,144.000,OY9eVeUW8tGGPJFe,158.000,Fw2XlLSvhDCRIl7z,167.000,q5GVJKHvqVwABnDf,217.000,BjjWVd8h3JWMBrnK,220.000,zyQbLrDbnVAAyE0h,336.000,SayB0+Vq1qyZnTIu,269.000,md4MdKOU6ZsQ//g0,339.000,MY8Sv42aXxDpCjC4,,
2,162,2026-04-05T12:41:16.723Z,253.000,9,147.000,q5GVJKHvqVwABnDf,150.000,Fw2XlLSvhDCRIl7z,176.000,TiCg1GW9IStcOras,178.000,BjjWVd8h3JWMBrnK,207.000,OY9eVeUW8tGGPJFe,208.000,zyQbLrDbnVAAyE0h,314.000,MY8Sv42aXxDpCjC4,278.000,SayB0+Vq1qyZnTIu,312.000,md4MdKOU6ZsQ//g0,,
2,163,2026-04-05T12:41:16.976Z,265.000,9,163.000,TiCg1GW9IStcOras,166.000,OY9eVeUW8tGGPJFe,169.000,q5GVJKHvqVwABnDf,209.000,Fw2XlLSvhDCRIl7z,210.000,BjjWVd8h3JWMBrnK,215.000,zyQbLrDbnVAAyE0h,331.000,SayB0+Vq1qyZnTIu,271.000,md4MdKOU6ZsQ//g0,368.000,MY8Sv42aXxDpCjC4,,
2,164,2026-04-05T12:41:17.241Z,252.000,9,148.000,Fw2XlLSvhDCRIl7z,169.000,TiCg1GW9IStcOras,205.000,OY9eVeUW8tGGPJFe,207.000,zyQbLrDbnVAAyE0h,213.000,q5GVJKHvqVwABnDf,247.000,BjjWVd8h3JWMBrnK,311.000,MY8Sv42aXxDpCjC4,276.000,SayB0+Vq1qyZnTIu,313.000,md4MdKOU6ZsQ//g0,,
2,165,2026-04-05T12:41:17.493Z,261.000,9,158.000,Fw2XlLSvhDCRIl7z,164.000,zyQbLrDbnVAAyE0h,166.000,q5GVJKHvqVwABnDf,204.000,BjjWVd8h3JWMBrnK,216.000,OY9eVeUW8tGGPJFe,231.000,TiCg1GW9IStcOras,334.000,SayB0+Vq1qyZnTIu,330.000,MY8Sv42aXxDpCjC4,452.000,md4MdKOU6ZsQ//g0,,
2,166,2026-04-05T12:41:17.754Z,253.000,9,184.000,TiCg1GW9IStcOras,203.000,BjjWVd8h3JWMBrnK,208.000,zyQbLrDbnVAAyE0h,211.000,OY9eVeUW8tGGPJFe,214.000,q5GVJKHvqVwABnDf,247.000,Fw2XlLSvhDCRIl7z,309.000,MY8Sv42aXxDpCjC4,288.000,SayB0+Vq1qyZnTIu,317.000,md4MdKOU6ZsQ//g0,,
2,167,2026-04-05T12:41:18.007Z,275.000,9,156.000,TiCg1GW9IStcOras,173.000,q5GVJKHvqVwABnDf,177.000,OY9eVeUW8tGGPJFe,203.000,Fw2XlLSvhDCRIl7z,205.000,BjjWVd8h3JWMBrnK,231.000,zyQbLrDbnVAAyE0h,275.000,SayB0+Vq1qyZnTIu,326.000,md4MdKOU6ZsQ//g0,329.000,MY8Sv42aXxDpCjC4,,
2,168,2026-04-05T12:41:18.282Z,238.000,9,132.000,q5GVJKHvqVwABnDf,135.000,Fw2XlLSvhDCRIl7z,149.000,OY9eVeUW8tGGPJFe,162.000,zyQbLrDbnVAAyE0h,189.000,BjjWVd8h3JWMBrnK,193.000,TiCg1GW9IStcOras,296.000,MY8Sv42aXxDpCjC4,301.000,md4MdKOU6ZsQ//g0,306.000,SayB0+Vq1qyZnTIu,,
2,169,2026-04-05T12:41:18.520Z,274.000,9,168.000,q5GVJKHvqVwABnDf,171.000,TiCg1GW9IStcOras,175.000,zyQbLrDbnVAAyE0h,219.000,OY9eVeUW8tGGPJFe,229.000,BjjWVd8h3JWMBrnK,230.000,Fw2XlLSvhDCRIl7z,364.000,MY8Sv42aXxDpCjC4,276.000,SayB0+Vq1qyZnTIu,371.000,md4MdKOU6ZsQ//g0,,
2,170,2026-04-05T12:41:18.794Z,268.000,9,192.000,TiCg1GW9IStcOras,208.000,BjjWVd8h3JWMBrnK,209.000,zyQbLrDbnVAAyE0h,210.000,q5GVJKHvqVwABnDf,239.000,Fw2XlLSvhDCRIl7z,253.000,OY9eVeUW8tGGPJFe,268.000,SayB0+Vq1qyZnTIu,302.000,MY8Sv42aXxDpCjC4,305.000,md4MdKOU6ZsQ//g0,,
2,171,2026-04-05T12:41:19.062Z,280.000,9,148.000,q5GVJKHvqVwABnDf,175.000,BjjWVd8h3JWMBrnK,239.000,TiCg1GW9IStcOras,240.000,OY9eVeUW8tGGPJFe,244.000,zyQbLrDbnVAAyE0h,279.000,Fw2XlLSvhDCRIl7z,374.000,md4MdKOU6ZsQ//g0,372.000,MY8Sv42aXxDpCjC4,375.000,SayB0+Vq1qyZnTIu,,
2,172,2026-04-05T12:41:19.342Z,271.000,9,133.000,q5GVJKHvqVwABnDf,134.000,Fw2XlLSvhDCRIl7z,165.000,TiCg1GW9IStcOras,178.000,zyQbLrDbnVAAyE0h,230.000,OY9eVeUW8tGGPJFe,267.000,BjjWVd8h3JWMBrnK,271.000,md4MdKOU6ZsQ//g0,274.000,MY8Sv42aXxDpCjC4,373.000,SayB0+Vq1qyZnTIu,,
2,173,2026-04-05T12:41:19.613Z,271.000,9,139.000,q5GVJKHvqVwABnDf,206.000,TiCg1GW9IStcOras,215.000,zyQbLrDbnVAAyE0h,217.000,BjjWVd8h3JWMBrnK,239.000,Fw2XlLSvhDCRIl7z,241.000,OY9eVeUW8tGGPJFe,308.000,md4MdKOU6ZsQ//g0,312.000,MY8Sv42aXxDpCjC4,357.000,SayB0+Vq1qyZnTIu,,
2,174,2026-04-05T12:41:19.884Z,276.000,9,115.000,q5GVJKHvqVwABnDf,143.000,TiCg1GW9IStcOras,172.000,BjjWVd8h3JWMBrnK,175.000,zyQbLrDbnVAAyE0h,274.000,OY9eVeUW8tGGPJFe,275.000,Fw2XlLSvhDCRIl7z,276.000,MY8Sv42aXxDpCjC4,345.000,md4MdKOU6ZsQ//g0,347.000,SayB0+Vq1qyZnTIu,,
2,175,2026-04-05T12:41:20.160Z,241.000,9,135.000,q5GVJKHvqVwABnDf,168.000,zyQbLrDbnVAAyE0h,170.000,TiCg1GW9IStcOras,184.000,BjjWVd8h3JWMBrnK,205.000,Fw2XlLSvhDCRIl7z,208.000,OY9eVeUW8tGGPJFe,274.000,md4MdKOU6ZsQ//g0,309.000,MY8Sv42aXxDpCjC4,332.000,SayB0+Vq1qyZnTIu,,
2,176,2026-04-05T12:41:20.401Z,273.000,9,138.000,zyQbLrDbnVAAyE0h,171.000,TiCg1GW9IStcOras,174.000,OY9eVeUW8tGGPJFe,184.000,q5GVJKHvqVwABnDf,188.000,BjjWVd8h3JWMBrnK,271.000,Fw2XlLSvhDCRIl7z,296.000,SayB0+Vq1qyZnTIu,286.000,MY8Sv42aXxDpCjC4,342.000,md4MdKOU6ZsQ//g0,,
2,177,2026-04-05T12:41:20.674Z,275.000,9,118.000,OY9eVeUW8tGGPJFe,123.000,BjjWVd8h3JWMBrnK,139.000,q5GVJKHvqVwABnDf,184.000,zyQbLrDbnVAAyE0h,204.000,Fw2XlLSvhDCRIl7z,220.000,TiCg1GW9IStcOras,280.000,SayB0+Vq1qyZnTIu,322.000,MY8Sv42aXxDpCjC4,378.000,md4MdKOU6ZsQ//g0,,
2,178,2026-04-05T12:41:20.949Z,254.000,9,119.000,zyQbLrDbnVAAyE0h,139.000,q5GVJKHvqVwABnDf,149.000,OY9eVeUW8tGGPJFe,151.000,TiCg1GW9IStcOras,199.000,BjjWVd8h3JWMBrnK,238.000,Fw2XlLSvhDCRIl7z,308.000,md4MdKOU6ZsQ//g0,315.000,MY8Sv42aXxDpCjC4,325.000,SayB0+Vq1qyZnTIu,,
2,179,2026-04-05T12:41:21.203Z,257.000,9,113.000,BjjWVd8h3JWMBrnK,151.000,q5GVJKHvqVwABnDf,174.000,TiCg1GW9IStcOras,175.000,zyQbLrDbnVAAyE0h,190.000,Fw2XlLSvhDCRIl7z,204.000,OY9eVeUW8tGGPJFe,261.000,md4MdKOU6ZsQ//g0,296.000,SayB0+Vq1qyZnTIu,357.000,MY8Sv42aXxDpCjC4,,
2,180,2026-04-05T12:41:21.460Z,269.000,9,142.000,TiCg1GW9IStcOras,204.000,Fw2XlLSvhDCRIl7z,205.000,q5GVJKHvqVwABnDf,207.000,BjjWVd8h3JWMBrnK,208.000,zyQbLrDbnVAAyE0h,211.000,OY9eVeUW8tGGPJFe,269.000,SayB0+Vq1qyZnTIu,311.000,md4MdKOU6ZsQ//g0,345.000,MY8Sv42aXxDpCjC4,,
2,181,2026-04-05T12:41:21.729Z,284.000,9,178.000,TiCg1GW9IStcOras,179.000,q5GVJKHvqVwABnDf,182.000,Fw2XlLSvhDCRIl7z,191.000,OY9eVeUW8tGGPJFe,226.000,BjjWVd8h3JWMBrnK,283.000,zyQbLrDbnVAAyE0h,284.000,SayB0+Vq1qyZnTIu,331.000,MY8Sv42aXxDpCjC4,350.000,md4MdKOU6ZsQ//g0,,
2,182,2026-04-05T12:41:22.013Z,270.000,9,167.000,BjjWVd8h3JWMBrnK,170.000,TiCg1GW9IStcOras,170.000,OY9eVeUW8tGGPJFe,208.000,zyQbLrDbnVAAyE0h,241.000,Fw2XlLSvhDCRIl7z,253.000,q5GVJKHvqVwABnDf,270.000,SayB0+Vq1qyZnTIu,313.000,md4MdKOU6ZsQ//g0,358.000,MY8Sv42aXxDpCjC4,,
2,183,2026-04-05T12:41:22.283Z,288.000,9,186.000,Fw2XlLSvhDCRIl7z,189.000,q5GVJKHvqVwABnDf,190.000,BjjWVd8h3JWMBrnK,192.000,TiCg1GW9IStcOras,239.000,OY9eVeUW8tGGPJFe,245.000,zyQbLrDbnVAAyE0h,331.000,SayB0+Vq1qyZnTIu,328.000,MY8Sv42aXxDpCjC4,350.000,md4MdKOU6ZsQ//g0,,
2,184,2026-04-05T12:41:22.571Z,267.000,9,112.000,q5GVJKHvqVwABnDf,144.000,BjjWVd8h3JWMBrnK,165.000,TiCg1GW9IStcOras,177.000,zyQbLrDbnVAAyE0h,197.000,Fw2XlLSvhDCRIl7z,205.000,OY9eVeUW8tGGPJFe,268.000,SayB0+Vq1qyZnTIu,339.000,md4MdKOU6ZsQ//g0,340.000,MY8Sv42aXxDpCjC4,,
2,185,2026-04-05T12:41:22.838Z,260.000,9,134.000,TiCg1GW9IStcOras,138.000,Fw2XlLSvhDCRIl7z,204.000,zyQbLrDbnVAAyE0h,208.000,OY9eVeUW8tGGPJFe,239.000,BjjWVd8h3JWMBrnK,248.000,SayB0+Vq1qyZnTIu,260.000,md4MdKOU6ZsQ//g0,266.000,q5GVJKHvqVwABnDf,309.000,MY8Sv42aXxDpCjC4,,
2,186,2026-04-05T12:41:23.098Z,260.000,9,151.000,Fw2XlLSvhDCRIl7z,156.000,OY9eVeUW8tGGPJFe,185.000,BjjWVd8h3JWMBrnK,197.000,TiCg1GW9IStcOras,214.000,q5GVJKHvqVwABnDf,257.000,zyQbLrDbnVAAyE0h,392.000,SayB0+Vq1qyZnTIu,393.000,MY8Sv42aXxDpCjC4,395.000,md4MdKOU6ZsQ//g0,,
2,187,2026-04-05T12:41:23.358Z,288.000,9,202.000,zyQbLrDbnVAAyE0h,230.000,OY9eVeUW8tGGPJFe,232.000,Fw2XlLSvhDCRIl7z,242.000,TiCg1GW9IStcOras,255.000,BjjWVd8h3JWMBrnK,261.000,md4MdKOU6ZsQ//g0,288.000,q5GVJKHvqVwABnDf,346.000,SayB0+Vq1qyZnTIu,345.000,MY8Sv42aXxDpCjC4,,
2,188,2026-04-05T12:41:23.646Z,309.000,9,149.000,Fw2XlLSvhDCRIl7z,150.000,OY9eVeUW8tGGPJFe,177.000,TiCg1GW9IStcOras,205.000,q5GVJKHvqVwABnDf,221.000,BjjWVd8h3JWMBrnK,224.000,zyQbLrDbnVAAyE0h,407.000,SayB0+Vq1qyZnTIu,311.000,md4MdKOU6ZsQ//g0,366.000,MY8Sv42aXxDpCjC4,,
2,189,2026-04-05T12:41:23.955Z,212.000,9,118.000,Fw2XlLSvhDCRIl7z,140.000,q5GVJKHvqVwABnDf,163.000,TiCg1GW9IStcOras,166.000,OY9eVeUW8tGGPJFe,169.000,zyQbLrDbnVAAyE0h,191.000,BjjWVd8h3JWMBrnK,212.000,SayB0+Vq1qyZnTIu,266.000,MY8Sv42aXxDpCjC4,267.000,md4MdKOU6ZsQ//g0,,
2,190,2026-04-05T12:41:24.167Z,290.000,9,159.000,Fw2XlLSvhDCRIl7z,162.000,OY9eVeUW8tGGPJFe,186.000,BjjWVd8h3JWMBrnK,214.000,zyQbLrDbnVAAyE0h,246.000,q5GVJKHvqVwABnDf,257.000,TiCg1GW9IStcOras,354.000,MY8Sv42aXxDpCjC4,352.000,md4MdKOU6ZsQ//g0,466.000,SayB0+Vq1qyZnTIu,,
2,191,2026-04-05T12:41:24.457Z,254.000,9,132.000,TiCg1GW9IStcOras,153.000,OY9eVeUW8tGGPJFe,163.000,q5GVJKHvqVwABnDf,207.000,BjjWVd8h3JWMBrnK,208.000,Fw2XlLSvhDCRIl7z,213.000,zyQbLrDbnVAAyE0h,261.000,SayB0+Vq1qyZnTIu,284.000,MY8Sv42aXxDpCjC4,288.000,md4MdKOU6ZsQ//g0,,
2,192,2026-04-05T12:41:24.711Z,261.000,9,130.000,q5GVJKHvqVwABnDf,161.000,Fw2XlLSvhDCRIl7z,162.000,OY9eVeUW8tGGPJFe,164.000,zyQbLrDbnVAAyE0h,221.000,BjjWVd8h3JWMBrnK,234.000,TiCg1GW9IStcOras,261.000,SayB0+Vq1qyZnTIu,279.000,md4MdKOU6ZsQ//g0,338.000,MY8Sv42aXxDpCjC4,,
2,193,2026-04-05T12:41:24.972Z,282.000,9,206.000,BjjWVd8h3JWMBrnK,209.000,Fw2XlLSvhDCRIl7z,210.000,q5GVJKHvqVwABnDf,213.000,OY9eVeUW8tGGPJFe,230.000,zyQbLrDbnVAAyE0h,273.000,md4MdKOU6ZsQ//g0,282.000,TiCg1GW9IStcOras,309.000,SayB0+Vq1qyZnTIu,485.000,MY8Sv42aXxDpCjC4,,
2,194,2026-04-05T12:41:25.254Z,284.000,9,209.000,TiCg1GW9IStcOras,231.000,BjjWVd8h3JWMBrnK,234.000,Fw2XlLSvhDCRIl7z,236.000,q5GVJKHvqVwABnDf,238.000,OY9eVeUW8tGGPJFe,257.000,zyQbLrDbnVAAyE0h,284.000,md4MdKOU6ZsQ//g0,304.000,SayB0+Vq1qyZnTIu,311.000,MY8Sv42aXxDpCjC4,,
2,195,2026-04-05T12:41:25.538Z,263.000,9,146.000,TiCg1GW9IStcOras,159.000,q5GVJKHvqVwABnDf,178.000,OY9eVeUW8tGGPJFe,180.000,zyQbLrDbnVAAyE0h,186.000,BjjWVd8h3JWMBrnK,207.000,Fw2XlLSvhDCRIl7z,263.000,md4MdKOU6ZsQ//g0,331.000,MY8Sv42aXxDpCjC4,299.000,SayB0+Vq1qyZnTIu,,
2,196,2026-04-05T12:41:25.801Z,281.000,9,179.000,TiCg1GW9IStcOras,198.000,BjjWVd8h3JWMBrnK,204.000,q5GVJKHvqVwABnDf,205.000,OY9eVeUW8tGGPJFe,207.000,Fw2XlLSvhDCRIl7z,223.000,zyQbLrDbnVAAyE0h,281.000,md4MdKOU6ZsQ//g0,285.000,SayB0+Vq1qyZnTIu,306.000,MY8Sv42aXxDpCjC4,,
2,197,2026-04-05T12:41:26.082Z,250.000,9,128.000,BjjWVd8h3JWMBrnK,130.000,TiCg1GW9IStcOras,131.000,q5GVJKHvqVwABnDf,132.000,Fw2XlLSvhDCRIl7z,234.000,OY9eVeUW8tGGPJFe,235.000,SayB0+Vq1qyZnTIu,250.000,zyQbLrDbnVAAyE0h,281.000,md4MdKOU6ZsQ//g0,292.000,MY8Sv42aXxDpCjC4,,
2,198,2026-04-05T12:41:26.332Z,291.000,9,180.000,Fw2XlLSvhDCRIl7z,191.000,OY9eVeUW8tGGPJFe,206.000,zyQbLrDbnVAAyE0h,229.000,q5GVJKHvqVwABnDf,236.000,TiCg1GW9IStcOras,241.000,BjjWVd8h3JWMBrnK,291.000,SayB0+Vq1qyZnTIu,373.000,MY8Sv42aXxDpCjC4,341.000,md4MdKOU6ZsQ//g0,,
2,199,2026-04-05T12:41:26.623Z,281.000,9,205.000,Fw2XlLSvhDCRIl7z,206.000,TiCg1GW9IStcOras,208.000,OY9eVeUW8tGGPJFe,209.000,BjjWVd8h3JWMBrnK,224.000,zyQbLrDbnVAAyE0h,248.000,q5GVJKHvqVwABnDf,281.000,md4MdKOU6ZsQ//g0,285.000,SayB0+Vq1qyZnTIu,309.000,MY8Sv42aXxDpCjC4,,
2,200,2026-04-05T12:41:26.904Z,278.000,9,187.000,zyQbLrDbnVAAyE0h,215.000,q5GVJKHvqVwABnDf,232.000,Fw2XlLSvhDCRIl7z,233.000,OY9eVeUW8tGGPJFe,234.000,BjjWVd8h3JWMBrnK,234.000,TiCg1GW9IStcOras,279.000,SayB0+Vq1qyZnTIu,307.000,md4MdKOU6ZsQ//g0,338.000,MY8Sv42aXxDpCjC4,,
2,201,2026-04-05T12:41:27.182Z,267.000,9,163.000,TiCg1GW9IStcOras,220.000,zyQbLrDbnVAAyE0h,244.000,q5GVJKHvqVwABnDf,261.000,SayB0+Vq1qyZnTIu,264.000,Fw2XlLSvhDCRIl7z,266.000,BjjWVd8h3JWMBrnK,266.000,OY9eVeUW8tGGPJFe,267.000,MY8Sv42aXxDpCjC4,280.000,md4MdKOU6ZsQ//g0,,
2,202,2026-04-05T12:41:27.449Z,309.000,9,207.000,TiCg1GW9IStcOras,261.000,zyQbLrDbnVAAyE0h,286.000,q5GVJKHvqVwABnDf,305.000,BjjWVd8h3JWMBrnK,307.000,Fw2XlLSvhDCRIl7z,308.000,OY9eVeUW8tGGPJFe,309.000,SayB0+Vq1qyZnTIu,323.000,md4MdKOU6ZsQ//g0,317.000,MY8Sv42aXxDpCjC4,,
2,203,2026-04-05T12:41:27.758Z,306.000,8,203.000,BjjWVd8h3JWMBrnK,212.000,TiCg1GW9IStcOras,259.000,zyQbLrDbnVAAyE0h,283.000,q5GVJKHvqVwABnDf,305.000,SayB0+Vq1qyZnTIu,306.000,md4MdKOU6ZsQ//g0,306.000,OY9eVeUW8tGGPJFe,315.000,MY8Sv42aXxDpCjC4,,,,
2,204,2026-04-05T12:41:28.064Z,321.000,9,207.000,OY9eVeUW8tGGPJFe,208.000,Fw2XlLSvhDCRIl7z,210.000,BjjWVd8h3JWMBrnK,215.000,TiCg1GW9IStcOras,262.000,zyQbLrDbnVAAyE0h,285.000,SayB0+Vq1qyZnTIu,287.000,q5GVJKHvqVwABnDf,325.000,MY8Sv42aXxDpCjC4,369.000,md4MdKOU6ZsQ//g0,,
2,205,2026-04-05T12:41:28.385Z,292.000,8,173.000,q5GVJKHvqVwABnDf,196.000,BjjWVd8h3JWMBrnK,198.000,Fw2XlLSvhDCRIl7z,200.000,TiCg1GW9IStcOras,252.000,OY9eVeUW8tGGPJFe,275.000,SayB0+Vq1qyZnTIu,303.000,MY8Sv42aXxDpCjC4,296.000,md4MdKOU6ZsQ//g0,,,,
2,206,2026-04-05T12:41:28.677Z,411.000,8,259.000,SayB0+Vq1qyZnTIu,268.000,MY8Sv42aXxDpCjC4,275.000,md4MdKOU6ZsQ//g0,362.000,BjjWVd8h3JWMBrnK,366.000,zyQbLrDbnVAAyE0h,411.000,OY9eVeUW8tGGPJFe,411.000,TiCg1GW9IStcOras,659.000,jIf2AEWi7y2xcK85,,,,
2,207,2026-04-05T12:41:29.088Z,387.000,7,107.000,q5GVJKHvqVwABnDf,210.000,OY9eVeUW8tGGPJFe,226.000,zyQbLrDbnVAAyE0h,307.000,Fw2XlLSvhDCRIl7z,312.000,MY8Sv42aXxDpCjC4,400.000,SayB0+Vq1qyZnTIu,413.000,md4MdKOU6ZsQ//g0,,,,,,
2,208,2026-04-05T12:41:29.475Z,443.000,8,215.000,MY8Sv42aXxDpCjC4,232.000,md4MdKOU6ZsQ//g0,261.000,SayB0+Vq1qyZnTIu,302.000,BjjWVd8h3JWMBrnK,380.000,Fw2XlLSvhDCRIl7z,427.000,TiCg1GW9IStcOras,443.000,OY9eVeUW8tGGPJFe,749.000,jIf2AEWi7y2xcK85,,,,
2,209,2026-04-05T12:41:29.918Z,467.000,8,104.000,q5GVJKHvqVwABnDf,293.000,SayB0+Vq1qyZnTIu,295.000,md4MdKOU6ZsQ//g0,311.000,MY8Sv42aXxDpCjC4,399.000,OY9eVeUW8tGGPJFe,409.000,Fw2XlLSvhDCRIl7z,467.000,BjjWVd8h3JWMBrnK,705.000,jIf2AEWi7y2xcK85,,,,
2,210,2026-04-05T12:41:30.385Z,570.000,8,242.000,MY8Sv42aXxDpCjC4,311.000,md4MdKOU6ZsQ//g0,349.000,SayB0+Vq1qyZnTIu,472.000,BjjWVd8h3JWMBrnK,494.000,OY9eVeUW8tGGPJFe,567.000,q5GVJKHvqVwABnDf,570.000,zyQbLrDbnVAAyE0h,809.000,jIf2AEWi7y2xcK85,,,,
2,211,2026-04-05T12:41:30.955Z,436.000,8,306.000,SayB0+Vq1qyZnTIu,309.000,MY8Sv42aXxDpCjC4,333.000,md4MdKOU6ZsQ//g0,336.000,BjjWVd8h3JWMBrnK,337.000,q5GVJKHvqVwABnDf,429.000,Fw2XlLSvhDCRIl7z,436.000,OY9eVeUW8tGGPJFe,673.000,jIf2AEWi7y2xcK85,,,,
2,212,2026-04-05T12:41:31.391Z,591.000,8,302.000,MY8Sv42aXxDpCjC4,303.000,SayB0+Vq1qyZnTIu,317.000,md4MdKOU6ZsQ//g0,499.000,q5GVJKHvqVwABnDf,506.000,zyQbLrDbnVAAyE0h,523.000,TiCg1GW9IStcOras,591.000,Fw2XlLSvhDCRIl7z,759.000,jIf2AEWi7y2xcK85,,,,
2,213,2026-04-05T12:41:31.982Z,545.000,8,246.000,md4MdKOU6ZsQ//g0,250.000,SayB0+Vq1qyZnTIu,310.000,MY8Sv42aXxDpCjC4,439.000,TiCg1GW9IStcOras,486.000,Fw2XlLSvhDCRIl7z,493.000,BjjWVd8h3JWMBrnK,545.000,OY9eVeUW8tGGPJFe,636.000,jIf2AEWi7y2xcK85,,,,
2,214,2026-04-05T12:41:32.527Z,543.000,8,310.000,md4MdKOU6ZsQ//g0,323.000,SayB0+Vq1qyZnTIu,329.000,TiCg1GW9IStcOras,332.000,MY8Sv42aXxDpCjC4,471.000,OY9eVeUW8tGGPJFe,530.000,q5GVJKHvqVwABnDf,543.000,zyQbLrDbnVAAyE0h,612.000,jIf2AEWi7y2xcK85,,,,
2,215,2026-04-05T12:41:33.070Z,554.000,8,266.000,md4MdKOU6ZsQ//g0,302.000,MY8Sv42aXxDpCjC4,303.000,SayB0+Vq1qyZnTIu,419.000,TiCg1GW9IStcOras,472.000,zyQbLrDbnVAAyE0h,498.000,BjjWVd8h3JWMBrnK,554.000,Fw2XlLSvhDCRIl7z,654.000,jIf2AEWi7y2xcK85,,,,
2,216,2026-04-05T12:41:33.624Z,652.000,7,309.000,md4MdKOU6ZsQ//g0,417.000,SayB0+Vq1qyZnTIu,419.000,MY8Sv42aXxDpCjC4,598.000,q5GVJKHvqVwABnDf,645.000,zyQbLrDbnVAAyE0h,651.000,Fw2XlLSvhDCRIl7z,809.000,jIf2AEWi7y2xcK85,,,,,,
2,217,2026-04-05T12:41:34.276Z,486.000,8,258.000,SayB0+Vq1qyZnTIu,307.000,MY8Sv42aXxDpCjC4,368.000,md4MdKOU6ZsQ//g0,372.000,OY9eVeUW8tGGPJFe,389.000,TiCg1GW9IStcOras,485.000,zyQbLrDbnVAAyE0h,486.000,BjjWVd8h3JWMBrnK,625.000,jIf2AEWi7y2xcK85,,,,
2,218,2026-04-05T12:41:34.762Z,891.000,7,213.000,md4MdKOU6ZsQ//g0,437.000,SayB0+Vq1qyZnTIu,438.000,MY8Sv42aXxDpCjC4,622.000,q5GVJKHvqVwABnDf,849.000,jIf2AEWi7y2xcK85,882.000,Fw2XlLSvhDCRIl7z,891.000,BjjWVd8h3JWMBrnK,,,,,,
2,219,2026-04-05T12:41:35.653Z,924.000,7,242.000,q5GVJKHvqVwABnDf,402.000,SayB0+Vq1qyZnTIu,403.000,MY8Sv42aXxDpCjC4,405.000,md4MdKOU6ZsQ//g0,710.000,jIf2AEWi7y2xcK85,908.000,TiCg1GW9IStcOras,923.000,OY9eVeUW8tGGPJFe,,,,,,
2,220,2026-04-05T12:41:36.577Z,720.000,7,310.000,MY8Sv42aXxDpCjC4,401.000,SayB0+Vq1qyZnTIu,401.000,md4MdKOU6ZsQ//g0,473.000,q5GVJKHvqVwABnDf,699.000,jIf2AEWi7y2xcK85,703.000,Fw2XlLSvhDCRIl7z,720.000,BjjWVd8h3JWMBrnK,,,,,,
2,221,2026-04-05T12:41:37.297Z,494.000,10,309.000,SayB0+Vq1qyZnTIu,310.000,md4MdKOU6ZsQ//g0,311.000,MY8Sv42aXxDpCjC4,466.000,OY9eVeUW8tGGPJFe,470.000,BjjWVd8h3JWMBrnK,471.000,q5GVJKHvqVwABnDf,493.000,TiCg1GW9IStcOras,494.000,zyQbLrDbnVAAyE0h,495.000,Fw2XlLSvhDCRIl7z,497.000,jIf2AEWi7y2xcK85
2,222,2026-04-05T12:41:37.791Z,736.000,7,380.000,SayB0+Vq1qyZnTIu,381.000,md4MdKOU6ZsQ//g0,382.000,MY8Sv42aXxDpCjC4,449.000,q5GVJKHvqVwABnDf,705.000,jIf2AEWi7y2xcK85,727.000,Fw2XlLSvhDCRIl7z,736.000,BjjWVd8h3JWMBrnK,,,,,,
2,223,2026-04-05T12:41:38.527Z,701.000,7,237.000,OY9eVeUW8tGGPJFe,310.000,md4MdKOU6ZsQ//g0,310.000,MY8Sv42aXxDpCjC4,404.000,SayB0+Vq1qyZnTIu,411.000,zyQbLrDbnVAAyE0h,523.000,q5GVJKHvqVwABnDf,701.000,jIf2AEWi7y2xcK85,,,,,,
2,224,2026-04-05T12:41:39.228Z,507.000,9,212.000,md4MdKOU6ZsQ//g0,358.000,OY9eVeUW8tGGPJFe,392.000,SayB0+Vq1qyZnTIu,414.000,BjjWVd8h3JWMBrnK,463.000,TiCg1GW9IStcOras,466.000,Fw2XlLSvhDCRIl7z,507.000,zyQbLrDbnVAAyE0h,527.000,MY8Sv42aXxDpCjC4,701.000,jIf2AEWi7y2xcK85,,
2,225,2026-04-05T12:41:39.735Z,993.000,7,214.000,SayB0+Vq1qyZnTIu,299.000,md4MdKOU6ZsQ//g0,310.000,MY8Sv42aXxDpCjC4,570.000,q5GVJKHvqVwABnDf,663.000,jIf2AEWi7y2xcK85,967.000,OY9eVeUW8tGGPJFe,992.000,zyQbLrDbnVAAyE0h,,,,,,
2,226,2026-04-05T12:41:40.728Z,1006.000,7,306.000,md4MdKOU6ZsQ//g0,310.000,SayB0+Vq1qyZnTIu,346.000,MY8Sv42aXxDpCjC4,467.000,q5GVJKHvqVwABnDf,703.000,jIf2AEWi7y2xcK85,970.000,TiCg1GW9IStcOras,1006.000,OY9eVeUW8tGGPJFe,,,,,,
2,227,2026-04-05T12:41:41.734Z,1187.000,7,308.000,MY8Sv42aXxDpCjC4,400.000,SayB0+Vq1qyZnTIu,402.000,md4MdKOU6ZsQ//g0,471.000,q5GVJKHvqVwABnDf,703.000,jIf2AEWi7y2xcK85,1186.000,BjjWVd8h3JWMBrnK,1187.000,TiCg1GW9IStcOras,,,,,,
2,228,2026-04-05T12:41:42.921Z,1031.000,7,403.000,MY8Sv42aXxDpCjC4,404.000,md4MdKOU6ZsQ//g0,443.000,SayB0+Vq1qyZnTIu,475.000,q5GVJKHvqVwABnDf,708.000,jIf2AEWi7y2xcK85,1027.000,Fw2XlLSvhDCRIl7z,1031.000,BjjWVd8h3JWMBrnK,,,,,,
2,229,2026-04-05T12:41:43.952Z,986.000,7,238.000,q5GVJKHvqVwABnDf,402.000,MY8Sv42aXxDpCjC4,405.000,md4MdKOU6ZsQ//g0,453.000,SayB0+Vq1qyZnTIu,707.000,jIf2AEWi7y2xcK85,985.000,Fw2XlLSvhDCRIl7z,986.000,zyQbLrDbnVAAyE0h,,,,,,
2,230,2026-04-05T12:41:44.938Z,933.000,7,401.000,MY8Sv42aXxDpCjC4,402.000,md4MdKOU6ZsQ//g0,403.000,SayB0+Vq1qyZnTIu,469.000,q5GVJKHvqVwABnDf,701.000,jIf2AEWi7y2xcK85,931.000,BjjWVd8h3JWMBrnK,933.000,Fw2XlLSvhDCRIl7z,,,,,,
2,231,2026-04-05T12:41:45.871Z,1295.000,7,400.000,SayB0+Vq1qyZnTIu,403.000,md4MdKOU6ZsQ//g0,405.000,MY8Sv42aXxDpCjC4,473.000,q5GVJKHvqVwABnDf,715.000,jIf2AEWi7y2xcK85,1284.000,OY9eVeUW8tGGPJFe,1295.000,zyQbLrDbnVAAyE0h,,,,,,
2,232,2026-04-05T12:41:47.166Z,1242.000,7,434.000,md4MdKOU6ZsQ//g0,435.000,SayB0+Vq1qyZnTIu,436.000,MY8Sv42aXxDpCjC4,504.000,q5GVJKHvqVwABnDf,738.000,jIf2AEWi7y2xcK85,1240.000,Fw2XlLSvhDCRIl7z,1242.000,BjjWVd8h3JWMBrnK,,,,,,
2,233,2026-04-05T12:41:48.408Z,2055.000,7,400.000,md4MdKOU6ZsQ//g0,400.000,MY8Sv42aXxDpCjC4,403.000,SayB0+Vq1qyZnTIu,470.000,q5GVJKHvqVwABnDf,707.000,jIf2AEWi7y2xcK85,2049.000,BjjWVd8h3JWMBrnK,2055.000,Fw2XlLSvhDCRIl7z,,,,,,
2,234,2026-04-05T12:41:50.463Z,2322.000,7,236.000,q5GVJKHvqVwABnDf,400.000,MY8Sv42aXxDpCjC4,402.000,md4MdKOU6ZsQ//g0,404.000,SayB0+Vq1qyZnTIu,703.000,jIf2AEWi7y2xcK85,2318.000,BjjWVd8h3JWMBrnK,2322.000,TiCg1GW9IStcOras,,,,,,
2,235,2026-04-05T12:41:52.785Z,2198.000,7,400.000,SayB0+Vq1qyZnTIu,401.000,md4MdKOU6ZsQ//g0,403.000,MY8Sv42aXxDpCjC4,474.000,q5GVJKHvqVwABnDf,711.000,jIf2AEWi7y2xcK85,1279.000,zyQbLrDbnVAAyE0h,2198.000,OY9eVeUW8tGGPJFe,,,,,,
2,236,2026-04-05T12:41:54.983Z,2430.000,7,654.000,SayB0+Vq1qyZnTIu,694.000,md4MdKOU6ZsQ//g0,700.000,jIf2AEWi7y2xcK85,775.000,MY8Sv42aXxDpCjC4,1529.000,q5GVJKHvqVwABnDf,2307.000,zyQbLrDbnVAAyE0h,2430.000,Fw2XlLSvhDCRIl7z,,,,,,
2,237,2026-04-05T12:41:57.413Z,2845.000,7,710.000,jIf2AEWi7y2xcK85,767.000,SayB0+Vq1qyZnTIu,1740.000,zyQbLrDbnVAAyE0h,1749.000,q5GVJKHvqVwABnDf,1790.000,MY8Sv42aXxDpCjC4,1827.000,md4MdKOU6ZsQ//g0,2845.000,TiCg1GW9IStcOras,,,,,,
2,238,2026-04-05T12:42:00.258Z,4049.000,7,702.000,jIf2AEWi7y2xcK85,1076.000,MY8Sv42aXxDpCjC4,1735.000,q5GVJKHvqVwABnDf,1846.000,md4MdKOU6ZsQ//g0,1876.000,SayB0+Vq1qyZnTIu,2968.000,Fw2XlLSvhDCRIl7z,4049.000,TiCg1GW9IStcOras,,,,,,
2,239,2026-04-05T12:42:04.307Z,4487.000,7,709.000,jIf2AEWi7y2xcK85,2641.000,q5GVJKHvqVwABnDf,2707.000,MY8Sv42aXxDpCjC4,2734.000,md4MdKOU6ZsQ//g0,2783.000,SayB0+Vq1qyZnTIu,4297.000,zyQbLrDbnVAAyE0h,4487.000,TiCg1GW9IStcOras,,,,,,
2,240,2026-04-05T12:42:08.794Z,5310.000,7,710.000,jIf2AEWi7y2xcK85,2317.000,SayB0+Vq1qyZnTIu,2373.000,q5GVJKHvqVwABnDf,2404.000,md4MdKOU6ZsQ//g0,2460.000,MY8Sv42aXxDpCjC4,4093.000,zyQbLrDbnVAAyE0h,5310.000,TiCg1GW9IStcOras,,,,,,
2,241,2026-04-05T12:42:14.104Z,7331.000,7,710.000,jIf2AEWi7y2xcK85,2297.000,md4MdKOU6ZsQ//g0,4329.000,q5GVJKHvqVwABnDf,4439.000,MY8Sv42aXxDpCjC4,4485.000,SayB0+Vq1qyZnTIu,6358.000,zyQbLrDbnVAAyE0h,7331.000,BjjWVd8h3JWMBrnK,,,,,,
2,242,2026-04-05T12:42:21.435Z,8387.000,7,698.000,jIf2AEWi7y2xcK85,5071.000,q5GVJKHvqVwABnDf,5118.000,md4MdKOU6ZsQ//g0,5153.000,SayB0+Vq1qyZnTIu,5216.000,MY8Sv42aXxDpCjC4,8361.000,TiCg1GW9IStcOras,8387.000,OY9eVeUW8tGGPJFe,,,,,,
2,243,2026-04-05T12:42:29.822Z,8346.000,7,706.000,jIf2AEWi7y2xcK85,3909.000,q5GVJKHvqVwABnDf,4021.000,md4MdKOU6ZsQ//g0,4993.000,SayB0+Vq1qyZnTIu,5001.000,MY8Sv42aXxDpCjC4,8343.000,TiCg1GW9IStcOras,8346.000,OY9eVeUW8tGGPJFe,,,,,,
2,244,2026-04-05T12:42:38.168Z,8357.000,7,706.000,jIf2AEWi7y2xcK85,5762.000,q5GVJKHvqVwABnDf,6652.000,SayB0+Vq1qyZnTIu,6656.000,md4MdKOU6ZsQ//g0,6659.000,MY8Sv42aXxDpCjC4,7910.000,zyQbLrDbnVAAyE0h,8356.000,Fw2XlLSvhDCRIl7z,,,,,,
2,245,2026-04-05T12:42:46.525Z,,1,704.000,jIf2AEWi7y2xcK85,,,,,,,,,,,,,,,,,,
3,1,2026-04-05T12:40:25.121Z,9282.000,7,5297.000,q5GVJKHvqVwABnDf,5683.000,TiCg1GW9IStcOras,6766.000,zyQbLrDbnVAAyE0h,7125.000,Fw2XlLSvhDCRIl7z,7698.000,MY8Sv42aXxDpCjC4,9179.000,BjjWVd8h3JWMBrnK,9284.000,md4MdKOU6ZsQ//g0,,,,,,
3,2,2026-04-05T12:40:34.403Z,254.000,7,105.000,zyQbLrDbnVAAyE0h,106.000,TiCg1GW9IStcOras,107.000,q5GVJKHvqVwABnDf,204.000,Fw2XlLSvhDCRIl7z,207.000,MY8Sv42aXxDpCjC4,209.000,BjjWVd8h3JWMBrnK,308.000,md4MdKOU6ZsQ//g0,,,,,,
3,3,2026-04-05T12:40:34.657Z,307.000,7,162.000,zyQbLrDbnVAAyE0h,163.000,TiCg1GW9IStcOras,165.000,BjjWVd8h3JWMBrnK,167.000,q5GVJKHvqVwABnDf,258.000,Fw2XlLSvhDCRIl7z,361.000,md4MdKOU6ZsQ//g0,363.000,MY8Sv42aXxDpCjC4,,,,,,
3,4,2026-04-05T12:40:34.964Z,271.000,7,165.000,BjjWVd8h3JWMBrnK,166.000,zyQbLrDbnVAAyE0h,168.000,TiCg1GW9IStcOras,170.000,q5GVJKHvqVwABnDf,259.000,Fw2XlLSvhDCRIl7z,363.000,md4MdKOU6ZsQ//g0,365.000,MY8Sv42aXxDpCjC4,,,,,,
3,5,2026-04-05T12:40:35.235Z,306.000,7,205.000,zyQbLrDbnVAAyE0h,206.000,TiCg1GW9IStcOras,208.000,q5GVJKHvqVwABnDf,209.000,BjjWVd8h3JWMBrnK,294.000,Fw2XlLSvhDCRIl7z,398.000,md4MdKOU6ZsQ//g0,403.000,MY8Sv42aXxDpCjC4,,,,,,
3,6,2026-04-05T12:40:35.541Z,311.000,8,203.000,zyQbLrDbnVAAyE0h,206.000,q5GVJKHvqVwABnDf,208.000,BjjWVd8h3JWMBrnK,210.000,TiCg1GW9IStcOras,297.000,Fw2XlLSvhDCRIl7z,404.000,MY8Sv42aXxDpCjC4,402.000,md4MdKOU6ZsQ//g0,405.000,SayB0+Vq1qyZnTIu,,,,
3,7,2026-04-05T12:40:35.852Z,302.000,10,198.000,zyQbLrDbnVAAyE0h,199.000,BjjWVd8h3JWMBrnK,201.000,OY9eVeUW8tGGPJFe,204.000,q5GVJKHvqVwABnDf,207.000,TiCg1GW9IStcOras,296.000,Fw2XlLSvhDCRIl7z,352.000,MY8Sv42aXxDpCjC4,306.000,SayB0+Vq1qyZnTIu,349.000,md4MdKOU6ZsQ//g0,1057.000,jIf2AEWi7y2xcK85
3,8,2026-04-05T12:40:36.154Z,247.000,9,203.000,BjjWVd8h3JWMBrnK,204.000,Fw2XlLSvhDCRIl7z,205.000,OY9eVeUW8tGGPJFe,210.000,q5GVJKHvqVwABnDf,214.000,zyQbLrDbnVAAyE0h,215.000,TiCg1GW9IStcOras,247.000,md4MdKOU6ZsQ//g0,307.000,SayB0+Vq1qyZnTIu,308.000,MY8Sv42aXxDpCjC4,,
3,9,2026-04-05T12:40:36.401Z,273.000,9,168.000,q5GVJKHvqVwABnDf,173.000,zyQbLrDbnVAAyE0h,175.000,TiCg1GW9IStcOras,206.000,OY9eVeUW8tGGPJFe,208.000,BjjWVd8h3JWMBrnK,247.000,Fw2XlLSvhDCRIl7z,368.000,MY8Sv42aXxDpCjC4,379.000,md4MdKOU6ZsQ//g0,383.000,SayB0+Vq1qyZnTIu,,
3,10,2026-04-05T12:40:36.674Z,314.000,8,211.000,q5GVJKHvqVwABnDf,212.000,TiCg1GW9IStcOras,214.000,zyQbLrDbnVAAyE0h,240.000,BjjWVd8h3JWMBrnK,252.000,OY9eVeUW8tGGPJFe,298.000,Fw2XlLSvhDCRIl7z,403.000,MY8Sv42aXxDpCjC4,417.000,md4MdKOU6ZsQ//g0,,,,
3,11,2026-04-05T12:40:36.988Z,308.000,9,204.000,q5GVJKHvqVwABnDf,206.000,TiCg1GW9IStcOras,207.000,zyQbLrDbnVAAyE0h,208.000,OY9eVeUW8tGGPJFe,215.000,BjjWVd8h3JWMBrnK,231.000,Fw2XlLSvhDCRIl7z,354.000,SayB0+Vq1qyZnTIu,396.000,MY8Sv42aXxDpCjC4,411.000,md4MdKOU6ZsQ//g0,,
3,12,2026-04-05T12:40:37.296Z,268.000,8,145.000,TiCg1GW9IStcOras,206.000,q5GVJKHvqVwABnDf,208.000,BjjWVd8h3JWMBrnK,210.000,zyQbLrDbnVAAyE0h,212.000,OY9eVeUW8tGGPJFe,253.000,Fw2XlLSvhDCRIl7z,268.000,SayB0+Vq1qyZnTIu,581.000,MY8Sv42aXxDpCjC4,,,,
3,13,2026-04-05T12:40:37.564Z,251.000,9,147.000,q5GVJKHvqVwABnDf,148.000,zyQbLrDbnVAAyE0h,209.000,TiCg1GW9IStcOras,210.000,OY9eVeUW8tGGPJFe,211.000,Fw2XlLSvhDCRIl7z,234.000,BjjWVd8h3JWMBrnK,337.000,MY8Sv42aXxDpCjC4,311.000,SayB0+Vq1qyZnTIu,314.000,md4MdKOU6ZsQ//g0,,
3,14,2026-04-05T12:40:37.815Z,301.000,8,165.000,OY9eVeUW8tGGPJFe,166.000,TiCg1GW9IStcOras,168.000,zyQbLrDbnVAAyE0h,208.000,q5GVJKHvqVwABnDf,209.000,BjjWVd8h3JWMBrnK,268.000,Fw2XlLSvhDCRIl7z,370.000,md4MdKOU6ZsQ//g0,397.000,MY8Sv42aXxDpCjC4,,,,
3,15,2026-04-05T12:40:38.116Z,275.000,9,110.000,zyQbLrDbnVAAyE0h,173.000,Fw2XlLSvhDCRIl7z,198.000,OY9eVeUW8tGGPJFe,206.000,TiCg1GW9IStcOras,208.000,q5GVJKHvqVwABnDf,211.000,BjjWVd8h3JWMBrnK,275.000,md4MdKOU6ZsQ//g0,300.000,MY8Sv42aXxDpCjC4,323.000,SayB0+Vq1qyZnTIu,,
3,16,2026-04-05T12:40:38.391Z,252.000,9,172.000,zyQbLrDbnVAAyE0h,177.000,OY9eVeUW8tGGPJFe,178.000,BjjWVd8h3JWMBrnK,202.000,q5GVJKHvqVwABnDf,207.000,Fw2XlLSvhDCRIl7z,236.000,TiCg1GW9IStcOras,252.000,SayB0+Vq1qyZnTIu,310.000,md4MdKOU6ZsQ//g0,331.000,MY8Sv42aXxDpCjC4,,
3,17,2026-04-05T12:40:38.643Z,274.000,9,141.000,OY9eVeUW8tGGPJFe,142.000,zyQbLrDbnVAAyE0h,189.000,TiCg1GW9IStcOras,203.000,q5GVJKHvqVwABnDf,227.000,Fw2XlLSvhDCRIl7z,248.000,BjjWVd8h3JWMBrnK,330.000,SayB0+Vq1qyZnTIu,349.000,MY8Sv42aXxDpCjC4,353.000,md4MdKOU6ZsQ//g0,,
3,18,2026-04-05T12:40:38.917Z,244.000,10,138.000,TiCg1GW9IStcOras,184.000,zyQbLrDbnVAAyE0h,192.000,q5GVJKHvqVwABnDf,193.000,Fw2XlLSvhDCRIl7z,204.000,BjjWVd8h3JWMBrnK,206.000,OY9eVeUW8tGGPJFe,296.000,md4MdKOU6ZsQ//g0,262.000,SayB0+Vq1qyZnTIu,322.000,MY8Sv42aXxDpCjC4,692.000,jIf2AEWi7y2xcK85
3,19,2026-04-05T12:40:39.161Z,272.000,9,168.000,OY9eVeUW8tGGPJFe,181.000,Fw2XlLSvhDCRIl7z,190.000,TiCg1GW9IStcOras,237.000,zyQbLrDbnVAAyE0h,255.000,q5GVJKHvqVwABnDf,265.000,BjjWVd8h3JWMBrnK,325.000,SayB0+Vq1qyZnTIu,304.000,MY8Sv42aXxDpCjC4,360.000,md4MdKOU6ZsQ//g0,,
3,20,2026-04-05T12:40:39.433Z,241.000,9,135.000,Fw2XlLSvhDCRIl7z,190.000,q5GVJKHvqVwABnDf,206.000,OY9eVeUW8tGGPJFe,216.000,BjjWVd8h3JWMBrnK,221.000,zyQbLrDbnVAAyE0h,226.000,TiCg1GW9IStcOras,240.000,MY8Sv42aXxDpCjC4,294.000,md4MdKOU6ZsQ//g0,550.000,SayB0+Vq1qyZnTIu,,
3,21,2026-04-05T12:40:39.674Z,278.000,9,174.000,OY9eVeUW8tGGPJFe,193.000,TiCg1GW9IStcOras,204.000,Fw2XlLSvhDCRIl7z,238.000,zyQbLrDbnVAAyE0h,254.000,q5GVJKHvqVwABnDf,268.000,BjjWVd8h3JWMBrnK,325.000,SayB0+Vq1qyZnTIu,306.000,MY8Sv42aXxDpCjC4,363.000,md4MdKOU6ZsQ//g0,,
3,22,2026-04-05T12:40:39.952Z,271.000,9,122.000,TiCg1GW9IStcOras,183.000,q5GVJKHvqVwABnDf,188.000,Fw2XlLSvhDCRIl7z,205.000,OY9eVeUW8tGGPJFe,213.000,BjjWVd8h3JWMBrnK,215.000,zyQbLrDbnVAAyE0h,337.000,MY8Sv42aXxDpCjC4,292.000,md4MdKOU6ZsQ//g0,343.000,SayB0+Vq1qyZnTIu,,
3,23,2026-04-05T12:40:40.223Z,263.000,9,125.000,q5GVJKHvqVwABnDf,160.000,TiCg1GW9IStcOras,170.000,OY9eVeUW8tGGPJFe,191.000,Fw2XlLSvhDCRIl7z,202.000,zyQbLrDbnVAAyE0h,235.000,BjjWVd8h3JWMBrnK,295.000,SayB0+Vq1qyZnTIu,273.000,MY8Sv42aXxDpCjC4,329.000,md4MdKOU6ZsQ//g0,,
3,24,2026-04-05T12:40:40.486Z,216.000,9,113.000,Fw2XlLSvhDCRIl7z,184.000,OY9eVeUW8tGGPJFe,193.000,zyQbLrDbnVAAyE0h,201.000,BjjWVd8h3JWMBrnK,205.000,TiCg1GW9IStcOras,206.000,q5GVJKHvqVwABnDf,216.000,MY8Sv42aXxDpCjC4,271.000,md4MdKOU6ZsQ//g0,280.000,SayB0+Vq1qyZnTIu,,
3,25,2026-04-05T12:40:40.702Z,302.000,9,160.000,Fw2XlLSvhDCRIl7z,194.000,BjjWVd8h3JWMBrnK,197.000,TiCg1GW9IStcOras,230.000,OY9eVeUW8tGGPJFe,237.000,zyQbLrDbnVAAyE0h,251.000,q5GVJKHvqVwABnDf,302.000,SayB0+Vq1qyZnTIu,307.000,md4MdKOU6ZsQ//g0,310.000,MY8Sv42aXxDpCjC4,,
3,26,2026-04-05T12:40:41.004Z,245.000,9,109.000,Fw2XlLSvhDCRIl7z,177.000,BjjWVd8h3JWMBrnK,183.000,OY9eVeUW8tGGPJFe,190.000,zyQbLrDbnVAAyE0h,206.000,q5GVJKHvqVwABnDf,212.000,TiCg1GW9IStcOras,244.000,MY8Sv42aXxDpCjC4,308.000,SayB0+Vq1qyZnTIu,309.000,md4MdKOU6ZsQ//g0,,
3,27,2026-04-05T12:40:41.249Z,267.000,9,164.000,Fw2XlLSvhDCRIl7z,173.000,TiCg1GW9IStcOras,175.000,BjjWVd8h3JWMBrnK,196.000,OY9eVeUW8tGGPJFe,206.000,zyQbLrDbnVAAyE0h,217.000,q5GVJKHvqVwABnDf,267.000,SayB0+Vq1qyZnTIu,278.000,md4MdKOU6ZsQ//g0,307.000,MY8Sv42aXxDpCjC4,,
3,28,2026-04-05T12:40:41.516Z,222.000,9,114.000,TiCg1GW9IStcOras,145.000,Fw2XlLSvhDCRIl7z,146.000,zyQbLrDbnVAAyE0h,183.000,BjjWVd8h3JWMBrnK,206.000,q5GVJKHvqVwABnDf,215.000,OY9eVeUW8tGGPJFe,248.000,MY8Sv42aXxDpCjC4,310.000,SayB0+Vq1qyZnTIu,317.000,md4MdKOU6ZsQ//g0,,
3,29,2026-04-05T12:40:41.738Z,294.000,9,189.000,BjjWVd8h3JWMBrnK,191.000,Fw2XlLSvhDCRIl7z,203.000,TiCg1GW9IStcOras,217.000,OY9eVeUW8tGGPJFe,232.000,zyQbLrDbnVAAyE0h,243.000,q5GVJKHvqVwABnDf,294.000,SayB0+Vq1qyZnTIu,302.000,md4MdKOU6ZsQ//g0,332.000,MY8Sv42aXxDpCjC4,,
3,30,2026-04-05T12:40:42.032Z,222.000,9,116.000,TiCg1GW9IStcOras,145.000,zyQbLrDbnVAAyE0h,203.000,q5GVJKHvqVwABnDf,206.000,Fw2XlLSvhDCRIl7z,208.000,BjjWVd8h3JWMBrnK,211.000,OY9eVeUW8tGGPJFe,243.000,MY8Sv42aXxDpCjC4,310.000,SayB0+Vq1qyZnTIu,318.000,md4MdKOU6ZsQ//g0,,
3,31,2026-04-05T12:40:42.254Z,300.000,9,193.000,BjjWVd8h3JWMBrnK,199.000,Fw2XlLSvhDCRIl7z,204.000,TiCg1GW9IStcOras,214.000,OY9eVeUW8tGGPJFe,231.000,zyQbLrDbnVAAyE0h,242.000,q5GVJKHvqVwABnDf,396.000,SayB0+Vq1qyZnTIu,304.000,md4MdKOU6ZsQ//g0,331.000,MY8Sv42aXxDpCjC4,,
3,32,2026-04-05T12:40:42.554Z,254.000,9,108.000,Fw2XlLSvhDCRIl7z,109.000,TiCg1GW9IStcOras,202.000,BjjWVd8h3JWMBrnK,222.000,OY9eVeUW8tGGPJFe,240.000,zyQbLrDbnVAAyE0h,251.000,q5GVJKHvqVwABnDf,338.000,MY8Sv42aXxDpCjC4,278.000,md4MdKOU6ZsQ//g0,349.000,SayB0+Vq1qyZnTIu,,
3,33,2026-04-05T12:40:42.808Z,262.000,9,157.000,BjjWVd8h3JWMBrnK,170.000,Fw2XlLSvhDCRIl7z,176.000,OY9eVeUW8tGGPJFe,187.000,TiCg1GW9IStcOras,196.000,zyQbLrDbnVAAyE0h,206.000,q5GVJKHvqVwABnDf,353.000,SayB0+Vq1qyZnTIu,274.000,md4MdKOU6ZsQ//g0,296.000,MY8Sv42aXxDpCjC4,,
3,34,2026-04-05T12:40:43.070Z,270.000,9,139.000,TiCg1GW9IStcOras,148.000,Fw2XlLSvhDCRIl7z,173.000,OY9eVeUW8tGGPJFe,202.000,BjjWVd8h3JWMBrnK,237.000,zyQbLrDbnVAAyE0h,251.000,q5GVJKHvqVwABnDf,343.000,MY8Sv42aXxDpCjC4,307.000,md4MdKOU6ZsQ//g0,347.000,SayB0+Vq1qyZnTIu,,
3,35,2026-04-05T12:40:43.340Z,243.000,9,129.000,Fw2XlLSvhDCRIl7z,138.000,OY9eVeUW8tGGPJFe,178.000,zyQbLrDbnVAAyE0h,189.000,q5GVJKHvqVwABnDf,206.000,TiCg1GW9IStcOras,241.000,BjjWVd8h3JWMBrnK,243.000,SayB0+Vq1qyZnTIu,281.000,MY8Sv42aXxDpCjC4,554.000,md4MdKOU6ZsQ//g0,,
3,36,2026-04-05T12:40:43.583Z,303.000,9,149.000,Fw2XlLSvhDCRIl7z,150.000,OY9eVeUW8tGGPJFe,152.000,q5GVJKHvqVwABnDf,168.000,TiCg1GW9IStcOras,203.000,BjjWVd8h3JWMBrnK,238.000,zyQbLrDbnVAAyE0h,303.000,md4MdKOU6ZsQ//g0,309.000,SayB0+Vq1qyZnTIu,310.000,MY8Sv42aXxDpCjC4,,
3,37,2026-04-05T12:40:43.886Z,214.000,9,110.000,Fw2XlLSvhDCRIl7z,111.000,OY9eVeUW8tGGPJFe,139.000,TiCg1GW9IStcOras,142.000,zyQbLrDbnVAAyE0h,148.000,BjjWVd8h3JWMBrnK,197.000,q5GVJKHvqVwABnDf,214.000,SayB0+Vq1qyZnTIu,247.000,MY8Sv42aXxDpCjC4,309.000,md4MdKOU6ZsQ//g0,,
3,38,2026-04-05T12:40:44.100Z,304.000,9,133.000,TiCg1GW9IStcOras,143.000,zyQbLrDbnVAAyE0h,204.000,OY9eVeUW8tGGPJFe,206.000,BjjWVd8h3JWMBrnK,206.000,Fw2XlLSvhDCRIl7z,240.000,q5GVJKHvqVwABnDf,310.000,SayB0+Vq1qyZnTIu,332.000,md4MdKOU6ZsQ//g0,342.000,MY8Sv42aXxDpCjC4,,
3,39,2026-04-05T12:40:44.404Z,259.000,9,109.000,TiCg1GW9IStcOras,111.000,BjjWVd8h3JWMBrnK,192.000,zyQbLrDbnVAAyE0h,206.000,q5GVJKHvqVwABnDf,208.000,OY9eVeUW8tGGPJFe,213.000,Fw2XlLSvhDCRIl7z,320.000,MY8Sv42aXxDpCjC4,315.000,SayB0+Vq1qyZnTIu,321.000,md4MdKOU6ZsQ//g0,,
3,40,2026-04-05T12:40:44.663Z,260.000,9,154.000,OY9eVeUW8tGGPJFe,159.000,BjjWVd8h3JWMBrnK,189.000,zyQbLrDbnVAAyE0h,191.000,Fw2XlLSvhDCRIl7z,200.000,q5GVJKHvqVwABnDf,242.000,TiCg1GW9IStcOras,296.000,MY8Sv42aXxDpCjC4,307.000,md4MdKOU6ZsQ//g0,362.000,SayB0+Vq1qyZnTIu,,
3,41,2026-04-05T12:40:44.923Z,258.000,9,135.000,zyQbLrDbnVAAyE0h,150.000,OY9eVeUW8tGGPJFe,188.000,TiCg1GW9IStcOras,209.000,BjjWVd8h3JWMBrnK,209.000,Fw2XlLSvhDCRIl7z,248.000,q5GVJKHvqVwABnDf,355.000,md4MdKOU6ZsQ//g0,313.000,SayB0+Vq1qyZnTIu,345.000,MY8Sv42aXxDpCjC4,,
3,42,2026-04-05T12:40:45.181Z,265.000,9,152.000,zyQbLrDbnVAAyE0h,157.000,OY9eVeUW8tGGPJFe,189.000,Fw2XlLSvhDCRIl7z,199.000,q5GVJKHvqVwABnDf,221.000,BjjWVd8h3JWMBrnK,244.000,TiCg1GW9IStcOras,363.000,SayB0+Vq1qyZnTIu,294.000,MY8Sv42aXxDpCjC4,365.000,md4MdKOU6ZsQ//g0,,
3,43,2026-04-05T12:40:45.446Z,299.000,9,144.000,OY9eVeUW8tGGPJFe,172.000,zyQbLrDbnVAAyE0h,193.000,TiCg1GW9IStcOras,233.000,Fw2XlLSvhDCRIl7z,235.000,BjjWVd8h3JWMBrnK,242.000,q5GVJKHvqVwABnDf,336.000,MY8Sv42aXxDpCjC4,304.000,SayB0+Vq1qyZnTIu,345.000,md4MdKOU6ZsQ//g0,,
3,44,2026-04-05T12:40:45.745Z,219.000,9,114.000,zyQbLrDbnVAAyE0h,144.000,OY9eVeUW8tGGPJFe,173.000,BjjWVd8h3JWMBrnK,193.000,TiCg1GW9IStcOras,204.000,q5GVJKHvqVwABnDf,210.000,Fw2XlLSvhDCRIl7z,314.000,SayB0+Vq1qyZnTIu,312.000,MY8Sv42aXxDpCjC4,317.000,md4MdKOU6ZsQ//g0,,
3,45,2026-04-05T12:40:45.964Z,295.000,9,181.000,OY9eVeUW8tGGPJFe,191.000,q5GVJKHvqVwABnDf,192.000,zyQbLrDbnVAAyE0h,198.000,TiCg1GW9IStcOras,227.000,Fw2XlLSvhDCRIl7z,235.000,BjjWVd8h3JWMBrnK,331.000,MY8Sv42aXxDpCjC4,341.000,md4MdKOU6ZsQ//g0,355.000,SayB0+Vq1qyZnTIu,,
3,46,2026-04-05T12:40:46.259Z,247.000,9,195.000,TiCg1GW9IStcOras,206.000,q5GVJKHvqVwABnDf,207.000,zyQbLrDbnVAAyE0h,208.000,BjjWVd8h3JWMBrnK,209.000,Fw2XlLSvhDCRIl7z,212.000,OY9eVeUW8tGGPJFe,313.000,SayB0+Vq1qyZnTIu,324.000,md4MdKOU6ZsQ//g0,327.000,MY8Sv42aXxDpCjC4,,
3,47,2026-04-05T12:40:46.506Z,275.000,9,168.000,BjjWVd8h3JWMBrnK,173.000,OY9eVeUW8tGGPJFe,174.000,q5GVJKHvqVwABnDf,202.000,Fw2XlLSvhDCRIl7z,256.000,TiCg1GW9IStcOras,267.000,zyQbLrDbnVAAyE0h,312.000,md4MdKOU6ZsQ//g0,375.000,SayB0+Vq1qyZnTIu,307.000,MY8Sv42aXxDpCjC4,,
3,48,2026-04-05T12:40:46.781Z,302.000,9,136.000,Fw2XlLSvhDCRIl7z,196.000,BjjWVd8h3JWMBrnK,207.000,OY9eVeUW8tGGPJFe,209.000,TiCg1GW9IStcOras,210.000,zyQbLrDbnVAAyE0h,211.000,q5GVJKHvqVwABnDf,302.000,MY8Sv42aXxDpCjC4,346.000,md4MdKOU6ZsQ//g0,308.000,SayB0+Vq1qyZnTIu,,
3,49,2026-04-05T12:40:47.083Z,223.000,9,113.000,q5GVJKHvqVwABnDf,115.000,TiCg1GW9IStcOras,117.000,BjjWVd8h3JWMBrnK,147.000,Fw2XlLSvhDCRIl7z,208.000,zyQbLrDbnVAAyE0h,214.000,OY9eVeUW8tGGPJFe,317.000,SayB0+Vq1qyZnTIu,251.000,md4MdKOU6ZsQ//g0,313.000,MY8Sv42aXxDpCjC4,,
3,50,2026-04-05T12:40:47.306Z,296.000,9,194.000,BjjWVd8h3JWMBrnK,197.000,Fw2XlLSvhDCRIl7z,199.000,OY9eVeUW8tGGPJFe,202.000,q5GVJKHvqVwABnDf,203.000,TiCg1GW9IStcOras,293.000,zyQbLrDbnVAAyE0h,331.000,MY8Sv42aXxDpCjC4,335.000,md4MdKOU6ZsQ//g0,302.000,SayB0+Vq1qyZnTIu,,
3,51,2026-04-05T12:40:47.602Z,222.000,9,112.000,BjjWVd8h3JWMBrnK,115.000,q5GVJKHvqVwABnDf,116.000,TiCg1GW9IStcOras,204.000,zyQbLrDbnVAAyE0h,211.000,Fw2XlLSvhDCRIl7z,213.000,OY9eVeUW8tGGPJFe,314.000,SayB0+Vq1qyZnTIu,327.000,MY8Sv42aXxDpCjC4,328.000,md4MdKOU6ZsQ//g0,,
3,52,2026-04-05T12:40:47.824Z,294.000,9,188.000,TiCg1GW9IStcOras,191.000,zyQbLrDbnVAAyE0h,194.000,BjjWVd8h3JWMBrnK,198.000,OY9eVeUW8tGGPJFe,205.000,q5GVJKHvqVwABnDf,225.000,Fw2XlLSvhDCRIl7z,331.000,md4MdKOU6ZsQ//g0,329.000,MY8Sv42aXxDpCjC4,333.000,SayB0+Vq1qyZnTIu,,
3,53,2026-04-05T12:40:48.118Z,225.000,9,117.000,q5GVJKHvqVwABnDf,118.000,BjjWVd8h3JWMBrnK,119.000,TiCg1GW9IStcOras,205.000,zyQbLrDbnVAAyE0h,206.000,Fw2XlLSvhDCRIl7z,212.000,OY9eVeUW8tGGPJFe,311.000,SayB0+Vq1qyZnTIu,310.000,md4MdKOU6ZsQ//g0,313.000,MY8Sv42aXxDpCjC4,,
3,54,2026-04-05T12:40:48.343Z,290.000,9,188.000,TiCg1GW9IStcOras,189.000,zyQbLrDbnVAAyE0h,190.000,BjjWVd8h3JWMBrnK,192.000,q5GVJKHvqVwABnDf,195.000,OY9eVeUW8tGGPJFe,221.000,Fw2XlLSvhDCRIl7z,312.000,MY8Sv42aXxDpCjC4,307.000,SayB0+Vq1qyZnTIu,313.000,md4MdKOU6ZsQ//g0,,
3,55,2026-04-05T12:40:48.633Z,210.000,9,119.000,BjjWVd8h3JWMBrnK,122.000,TiCg1GW9IStcOras,123.000,q5GVJKHvqVwABnDf,143.000,OY9eVeUW8tGGPJFe,147.000,Fw2XlLSvhDCRIl7z,205.000,zyQbLrDbnVAAyE0h,251.000,MY8Sv42aXxDpCjC4,307.000,SayB0+Vq1qyZnTIu,310.000,md4MdKOU6ZsQ//g0,,
3,56,2026-04-05T12:40:48.843Z,248.000,9,119.000,BjjWVd8h3JWMBrnK,141.000,OY9eVeUW8tGGPJFe,198.000,Fw2XlLSvhDCRIl7z,202.000,zyQbLrDbnVAAyE0h,203.000,q5GVJKHvqVwABnDf,204.000,TiCg1GW9IStcOras,301.000,SayB0+Vq1qyZnTIu,329.000,md4MdKOU6ZsQ//g0,348.000,MY8Sv42aXxDpCjC4,,
3,57,2026-04-05T12:40:49.091Z,270.000,9,161.000,zyQbLrDbnVAAyE0h,166.000,BjjWVd8h3JWMBrnK,184.000,Fw2XlLSvhDCRIl7z,204.000,OY9eVeUW8tGGPJFe,217.000,q5GVJKHvqVwABnDf,261.000,TiCg1GW9IStcOras,288.000,md4MdKOU6ZsQ//g0,307.000,MY8Sv42aXxDpCjC4,362.000,SayB0+Vq1qyZnTIu,,
3,58,2026-04-05T12:40:49.361Z,251.000,9,140.000,BjjWVd8h3JWMBrnK,194.000,Fw2XlLSvhDCRIl7z,198.000,zyQbLrDbnVAAyE0h,214.000,q5GVJKHvqVwABnDf,219.000,TiCg1GW9IStcOras,236.000,OY9eVeUW8tGGPJFe,296.000,SayB0+Vq1qyZnTIu,327.000,md4MdKOU6ZsQ//g0,346.000,MY8Sv42aXxDpCjC4,,
3,59,2026-04-05T12:40:49.612Z,267.000,9,159.000,zyQbLrDbnVAAyE0h,163.000,BjjWVd8h3JWMBrnK,211.000,q5GVJKHvqVwABnDf,250.000,Fw2XlLSvhDCRIl7z,255.000,TiCg1GW9IStcOras,261.000,OY9eVeUW8tGGPJFe,282.000,md4MdKOU6ZsQ//g0,354.000,SayB0+Vq1qyZnTIu,364.000,MY8Sv42aXxDpCjC4,,
3,60,2026-04-05T12:40:49.879Z,249.000,9,144.000,BjjWVd8h3JWMBrnK,196.000,TiCg1GW9IStcOras,198.000,zyQbLrDbnVAAyE0h,212.000,q5GVJKHvqVwABnDf,217.000,Fw2XlLSvhDCRIl7z,235.000,OY9eVeUW8tGGPJFe,291.000,SayB0+Vq1qyZnTIu,320.000,md4MdKOU6ZsQ//g0,342.000,MY8Sv42aXxDpCjC4,,
3,61,2026-04-05T12:40:50.128Z,278.000,9,157.000,TiCg1GW9IStcOras,158.000,zyQbLrDbnVAAyE0h,162.000,BjjWVd8h3JWMBrnK,208.000,q5GVJKHvqVwABnDf,248.000,Fw2XlLSvhDCRIl7z,258.000,OY9eVeUW8tGGPJFe,352.000,SayB0+Vq1qyZnTIu,300.000,MY8Sv42aXxDpCjC4,361.000,md4MdKOU6ZsQ//g0,,
3,62,2026-04-05T12:40:50.406Z,281.000,9,176.000,Fw2XlLSvhDCRIl7z,193.000,OY9eVeUW8tGGPJFe,202.000,q5GVJKHvqVwABnDf,207.000,TiCg1GW9IStcOras,209.000,BjjWVd8h3JWMBrnK,211.000,zyQbLrDbnVAAyE0h,281.000,SayB0+Vq1qyZnTIu,306.000,md4MdKOU6ZsQ//g0,333.000,MY8Sv42aXxDpCjC4,,
3,63,2026-04-05T12:40:50.687Z,243.000,9,129.000,q5GVJKHvqVwABnDf,136.000,BjjWVd8h3JWMBrnK,137.000,TiCg1GW9IStcOras,139.000,zyQbLrDbnVAAyE0h,155.000,Fw2XlLSvhDCRIl7z,221.000,OY9eVeUW8tGGPJFe,333.000,md4MdKOU6ZsQ//g0,259.000,MY8Sv42aXxDpCjC4,309.000,SayB0+Vq1qyZnTIu,,
3,64,2026-04-05T12:40:50.930Z,272.000,9,127.000,q5GVJKHvqVwABnDf,169.000,Fw2XlLSvhDCRIl7z,203.000,TiCg1GW9IStcOras,205.000,BjjWVd8h3JWMBrnK,207.000,zyQbLrDbnVAAyE0h,227.000,OY9eVeUW8tGGPJFe,272.000,SayB0+Vq1qyZnTIu,309.000,md4MdKOU6ZsQ//g0,325.000,MY8Sv42aXxDpCjC4,,
3,65,2026-04-05T12:40:51.202Z,242.000,9,139.000,Fw2XlLSvhDCRIl7z,140.000,BjjWVd8h3JWMBrnK,154.000,zyQbLrDbnVAAyE0h,157.000,TiCg1GW9IStcOras,158.000,q5GVJKHvqVwABnDf,222.000,OY9eVeUW8tGGPJFe,242.000,md4MdKOU6ZsQ//g0,311.000,SayB0+Vq1qyZnTIu,362.000,MY8Sv42aXxDpCjC4,,
3,66,2026-04-05T12:40:51.444Z,246.000,9,140.000,TiCg1GW9IStcOras,206.000,BjjWVd8h3JWMBrnK,207.000,q5GVJKHvqVwABnDf,224.000,zyQbLrDbnVAAyE0h,225.000,Fw2XlLSvhDCRIl7z,226.000,OY9eVeUW8tGGPJFe,274.000,SayB0+Vq1qyZnTIu,311.000,md4MdKOU6ZsQ//g0,325.000,MY8Sv42aXxDpCjC4,,
3,67,2026-04-05T12:40:51.690Z,272.000,8,165.000,TiCg1GW9IStcOras,167.000,Fw2XlLSvhDCRIl7z,172.000,BjjWVd8h3JWMBrnK,187.000,q5GVJKHvqVwABnDf,220.000,zyQbLrDbnVAAyE0h,246.000,OY9eVeUW8tGGPJFe,272.000,md4MdKOU6ZsQ//g0,334.000,SayB0+Vq1qyZnTIu,,,,
3,68,2026-04-05T12:40:51.962Z,261.000,9,133.000,OY9eVeUW8tGGPJFe,138.000,TiCg1GW9IStcOras,173.000,BjjWVd8h3JWMBrnK,175.000,zyQbLrDbnVAAyE0h,205.000,Fw2XlLSvhDCRIl7z,224.000,q5GVJKHvqVwABnDf,321.000,MY8Sv42aXxDpCjC4,269.000,SayB0+Vq1qyZnTIu,309.000,md4MdKOU6ZsQ//g0,,
3,69,2026-04-05T12:40:52.223Z,257.000,9,149.000,zyQbLrDbnVAAyE0h,153.000,TiCg1GW9IStcOras,169.000,Fw2XlLSvhDCRIl7z,171.000,q5GVJKHvqVwABnDf,172.000,BjjWVd8h3JWMBrnK,216.000,OY9eVeUW8tGGPJFe,315.000,SayB0+Vq1qyZnTIu,321.000,md4MdKOU6ZsQ//g0,272.000,MY8Sv42aXxDpCjC4,,
3,70,2026-04-05T12:40:52.480Z,252.000,9,120.000,q5GVJKHvqVwABnDf,162.000,TiCg1GW9IStcOras,164.000,Fw2XlLSvhDCRIl7z,168.000,zyQbLrDbnVAAyE0h,181.000,OY9eVeUW8tGGPJFe,203.000,BjjWVd8h3JWMBrnK,311.000,MY8Sv42aXxDpCjC4,269.000,SayB0+Vq1qyZnTIu,307.000,md4MdKOU6ZsQ//g0,,
3,71,2026-04-05T12:40:52.732Z,265.000,9,155.000,OY9eVeUW8tGGPJFe,159.000,zyQbLrDbnVAAyE0h,218.000,TiCg1GW9IStcOras,259.000,q5GVJKHvqVwABnDf,260.000,Fw2XlLSvhDCRIl7z,261.000,BjjWVd8h3JWMBrnK,396.000,md4MdKOU6ZsQ//g0,325.000,SayB0+Vq1qyZnTIu,500.000,MY8Sv42aXxDpCjC4,,
3,72,2026-04-05T12:40:52.997Z,266.000,9,162.000,q5GVJKHvqVwABnDf,185.000,zyQbLrDbnVAAyE0h,188.000,OY9eVeUW8tGGPJFe,201.000,Fw2XlLSvhDCRIl7z,241.000,BjjWVd8h3JWMBrnK,261.000,TiCg1GW9IStcOras,267.000,SayB0+Vq1qyZnTIu,306.000,md4MdKOU6ZsQ//g0,363.000,MY8Sv42aXxDpCjC4,,
3,73,2026-04-05T12:40:53.263Z,253.000,9,142.000,Fw2XlLSvhDCRIl7z,144.000,OY9eVeUW8tGGPJFe,150.000,zyQbLrDbnVAAyE0h,152.000,q5GVJKHvqVwABnDf,200.000,BjjWVd8h3JWMBrnK,235.000,TiCg1GW9IStcOras,253.000,md4MdKOU6ZsQ//g0,310.000,SayB0+Vq1qyZnTIu,458.000,MY8Sv42aXxDpCjC4,,
3,74,2026-04-05T12:40:53.516Z,263.000,9,141.000,OY9eVeUW8tGGPJFe,158.000,q5GVJKHvqVwABnDf,196.000,BjjWVd8h3JWMBrnK,207.000,zyQbLrDbnVAAyE0h,207.000,Fw2XlLSvhDCRIl7z,254.000,TiCg1GW9IStcOras,264.000,SayB0+Vq1qyZnTIu,312.000,md4MdKOU6ZsQ//g0,365.000,MY8Sv42aXxDpCjC4,,
3,75,2026-04-05T12:40:53.779Z,256.000,9,150.000,OY9eVeUW8tGGPJFe,152.000,Fw2XlLSvhDCRIl7z,208.000,q5GVJKHvqVwABnDf,212.000,zyQbLrDbnVAAyE0h,230.000,TiCg1GW9IStcOras,240.000,BjjWVd8h3JWMBrnK,256.000,md4MdKOU6ZsQ//g0,344.000,MY8Sv42aXxDpCjC4,310.000,SayB0+Vq1qyZnTIu,,
3,76,2026-04-05T12:40:54.035Z,294.000,9,190.000,BjjWVd8h3JWMBrnK,192.000,Fw2XlLSvhDCRIl7z,206.000,q5GVJKHvqVwABnDf,227.000,OY9eVeUW8tGGPJFe,249.000,TiCg1GW9IStcOras,250.000,zyQbLrDbnVAAyE0h,358.000,SayB0+Vq1qyZnTIu,298.000,MY8Sv42aXxDpCjC4,331.000,md4MdKOU6ZsQ//g0,,
3,77,2026-04-05T12:40:54.329Z,241.000,9,107.000,Fw2XlLSvhDCRIl7z,137.000,zyQbLrDbnVAAyE0h,140.000,OY9eVeUW8tGGPJFe,162.000,TiCg1GW9IStcOras,173.000,q5GVJKHvqVwABnDf,204.000,BjjWVd8h3JWMBrnK,241.000,MY8Sv42aXxDpCjC4,276.000,SayB0+Vq1qyZnTIu,278.000,md4MdKOU6ZsQ//g0,,
3,78,2026-04-05T12:40:54.570Z,264.000,9,131.000,zyQbLrDbnVAAyE0h,141.000,TiCg1GW9IStcOras,144.000,q5GVJKHvqVwABnDf,159.000,OY9eVeUW8tGGPJFe,168.000,BjjWVd8h3JWMBrnK,204.000,Fw2XlLSvhDCRIl7z,305.000,SayB0+Vq1qyZnTIu,301.000,md4MdKOU6ZsQ//g0,302.000,MY8Sv42aXxDpCjC4,,
3,79,2026-04-05T12:40:54.834Z,236.000,9,128.000,BjjWVd8h3JWMBrnK,129.000,q5GVJKHvqVwABnDf,145.000,Fw2XlLSvhDCRIl7z,177.000,zyQbLrDbnVAAyE0h,185.000,OY9eVeUW8tGGPJFe,202.000,TiCg1GW9IStcOras,288.000,md4MdKOU6ZsQ//g0,252.000,MY8Sv42aXxDpCjC4,284.000,SayB0+Vq1qyZnTIu,,
3,80,2026-04-05T12:40:55.070Z,291.000,9,154.000,OY9eVeUW8tGGPJFe,174.000,zyQbLrDbnVAAyE0h,175.000,TiCg1GW9IStcOras,176.000,q5GVJKHvqVwABnDf,202.000,BjjWVd8h3JWMBrnK,221.000,Fw2XlLSvhDCRIl7z,361.000,SayB0+Vq1qyZnTIu,325.000,MY8Sv42aXxDpCjC4,337.000,md4MdKOU6ZsQ//g0,,
3,81,2026-04-05T12:40:55.361Z,225.000,9,119.000,q5GVJKHvqVwABnDf,120.000,BjjWVd8h3JWMBrnK,162.000,zyQbLrDbnVAAyE0h,169.000,Fw2XlLSvhDCRIl7z,191.000,TiCg1GW9IStcOras,193.000,OY9eVeUW8tGGPJFe,274.000,md4MdKOU6ZsQ//g0,306.000,SayB0+Vq1qyZnTIu,310.000,MY8Sv42aXxDpCjC4,,
3,82,2026-04-05T12:40:55.586Z,291.000,9,183.000,q5GVJKHvqVwABnDf,187.000,zyQbLrDbnVAAyE0h,188.000,BjjWVd8h3JWMBrnK,189.000,TiCg1GW9IStcOras,190.000,OY9eVeUW8tGGPJFe,235.000,Fw2XlLSvhDCRIl7z,317.000,SayB0+Vq1qyZnTIu,308.000,md4MdKOU6ZsQ//g0,313.000,MY8Sv42aXxDpCjC4,,
3,83,2026-04-05T12:40:55.877Z,222.000,9,120.000,BjjWVd8h3JWMBrnK,131.000,q5GVJKHvqVwABnDf,166.000,Fw2XlLSvhDCRIl7z,170.000,OY9eVeUW8tGGPJFe,191.000,zyQbLrDbnVAAyE0h,199.000,TiCg1GW9IStcOras,268.000,md4MdKOU6ZsQ//g0,310.000,SayB0+Vq1qyZnTIu,311.000,MY8Sv42aXxDpCjC4,,
3,84,2026-04-05T12:40:56.099Z,294.000,9,190.000,Fw2XlLSvhDCRIl7z,191.000,q5GVJKHvqVwABnDf,192.000,OY9eVeUW8tGGPJFe,192.000,BjjWVd8h3JWMBrnK,193.000,TiCg1GW9IStcOras,194.000,zyQbLrDbnVAAyE0h,294.000,SayB0+Vq1qyZnTIu,386.000,md4MdKOU6ZsQ//g0,410.000,MY8Sv42aXxDpCjC4,,
3,85,2026-04-05T12:40:56.393Z,310.000,8,170.000,OY9eVeUW8tGGPJFe,209.000,zyQbLrDbnVAAyE0h,210.000,Fw2XlLSvhDCRIl7z,211.000,BjjWVd8h3JWMBrnK,212.000,TiCg1GW9IStcOras,214.000,q5GVJKHvqVwABnDf,309.000,SayB0+Vq1qyZnTIu,363.000,md4MdKOU6ZsQ//g0,,,,
3,86,2026-04-05T12:40:56.703Z,230.000,9,142.000,Fw2XlLSvhDCRIl7z,161.000,q5GVJKHvqVwABnDf,165.000,BjjWVd8h3JWMBrnK,187.000,OY9eVeUW8tGGPJFe,202.000,zyQbLrDbnVAAyE0h,210.000,TiCg1GW9IStcOras,246.000,MY8Sv42aXxDpCjC4,267.000,md4MdKOU6ZsQ//g0,309.000,SayB0+Vq1qyZnTIu,,
3,87,2026-04-05T12:40:56.933Z,283.000,9,139.000,Fw2XlLSvhDCRIl7z,179.000,OY9eVeUW8tGGPJFe,184.000,BjjWVd8h3JWMBrnK,185.000,zyQbLrDbnVAAyE0h,188.000,TiCg1GW9IStcOras,189.000,q5GVJKHvqVwABnDf,323.000,MY8Sv42aXxDpCjC4,283.000,SayB0+Vq1qyZnTIu,286.000,md4MdKOU6ZsQ//g0,,
3,88,2026-04-05T12:40:57.216Z,289.000,9,145.000,Fw2XlLSvhDCRIl7z,188.000,OY9eVeUW8tGGPJFe,208.000,zyQbLrDbnVAAyE0h,210.000,BjjWVd8h3JWMBrnK,212.000,q5GVJKHvqVwABnDf,215.000,TiCg1GW9IStcOras,289.000,MY8Sv42aXxDpCjC4,308.000,SayB0+Vq1qyZnTIu,358.000,md4MdKOU6ZsQ//g0,,
3,89,2026-04-05T12:40:57.505Z,237.000,9,124.000,OY9eVeUW8tGGPJFe,128.000,BjjWVd8h3JWMBrnK,130.000,TiCg1GW9IStcOras,168.000,zyQbLrDbnVAAyE0h,207.000,Fw2XlLSvhDCRIl7z,234.000,q5GVJKHvqVwABnDf,326.000,SayB0+Vq1qyZnTIu,312.000,MY8Sv42aXxDpCjC4,315.000,md4MdKOU6ZsQ//g0,,
3,90,2026-04-05T12:40:57.742Z,295.000,9,145.000,TiCg1GW9IStcOras,203.000,OY9eVeUW8tGGPJFe,206.000,q5GVJKHvqVwABnDf,207.000,BjjWVd8h3JWMBrnK,239.000,zyQbLrDbnVAAyE0h,291.000,Fw2XlLSvhDCRIl7z,324.000,MY8Sv42aXxDpCjC4,395.000,md4MdKOU6ZsQ//g0,400.000,SayB0+Vq1qyZnTIu,,
3,91,2026-04-05T12:40:58.037Z,308.000,9,120.000,BjjWVd8h3JWMBrnK,165.000,q5GVJKHvqVwABnDf,208.000,OY9eVeUW8tGGPJFe,209.000,Fw2XlLSvhDCRIl7z,213.000,TiCg1GW9IStcOras,252.000,zyQbLrDbnVAAyE0h,408.000,md4MdKOU6ZsQ//g0,311.000,SayB0+Vq1qyZnTIu,349.000,MY8Sv42aXxDpCjC4,,
3,92,2026-04-05T12:40:58.345Z,255.000,9,150.000,zyQbLrDbnVAAyE0h,168.000,BjjWVd8h3JWMBrnK,204.000,Fw2XlLSvhDCRIl7z,206.000,OY9eVeUW8tGGPJFe,211.000,q5GVJKHvqVwABnDf,214.000,TiCg1GW9IStcOras,307.000,SayB0+Vq1qyZnTIu,309.000,md4MdKOU6ZsQ//g0,349.000,MY8Sv42aXxDpCjC4,,
3,93,2026-04-05T12:40:58.600Z,275.000,9,158.000,q5GVJKHvqVwABnDf,163.000,OY9eVeUW8tGGPJFe,200.000,zyQbLrDbnVAAyE0h,213.000,BjjWVd8h3JWMBrnK,257.000,Fw2XlLSvhDCRIl7z,266.000,TiCg1GW9IStcOras,361.000,md4MdKOU6ZsQ//g0,360.000,SayB0+Vq1qyZnTIu,365.000,MY8Sv42aXxDpCjC4,,
3,94,2026-04-05T12:40:58.875Z,293.000,9,143.000,BjjWVd8h3JWMBrnK,188.000,Fw2XlLSvhDCRIl7z,191.000,OY9eVeUW8tGGPJFe,199.000,TiCg1GW9IStcOras,203.000,q5GVJKHvqVwABnDf,232.000,zyQbLrDbnVAAyE0h,293.000,SayB0+Vq1qyZnTIu,332.000,MY8Sv42aXxDpCjC4,389.000,md4MdKOU6ZsQ//g0,,
3,95,2026-04-05T12:40:59.168Z,235.000,9,116.000,TiCg1GW9IStcOras,146.000,OY9eVeUW8tGGPJFe,148.000,q5GVJKHvqVwABnDf,169.000,BjjWVd8h3JWMBrnK,205.000,Fw2XlLSvhDCRIl7z,209.000,zyQbLrDbnVAAyE0h,310.000,md4MdKOU6ZsQ//g0,309.000,SayB0+Vq1qyZnTIu,318.000,MY8Sv42aXxDpCjC4,,
3,96,2026-04-05T12:40:59.403Z,264.000,9,123.000,OY9eVeUW8tGGPJFe,180.000,q5GVJKHvqVwABnDf,213.000,Fw2XlLSvhDCRIl7z,215.000,TiCg1GW9IStcOras,220.000,BjjWVd8h3JWMBrnK,222.000,zyQbLrDbnVAAyE0h,317.000,MY8Sv42aXxDpCjC4,378.000,SayB0+Vq1qyZnTIu,379.000,md4MdKOU6ZsQ//g0,,
3,97,2026-04-05T12:40:59.667Z,270.000,9,135.000,OY9eVeUW8tGGPJFe,161.000,TiCg1GW9IStcOras,185.000,BjjWVd8h3JWMBrnK,218.000,Fw2XlLSvhDCRIl7z,222.000,zyQbLrDbnVAAyE0h,241.000,q5GVJKHvqVwABnDf,334.000,SayB0+Vq1qyZnTIu,340.000,MY8Sv42aXxDpCjC4,337.000,md4MdKOU6ZsQ//g0,,
3,98,2026-04-05T12:40:59.937Z,242.000,9,139.000,OY9eVeUW8tGGPJFe,198.000,TiCg1GW9IStcOras,199.000,Fw2XlLSvhDCRIl7z,203.000,zyQbLrDbnVAAyE0h,205.000,q5GVJKHvqVwABnDf,218.000,BjjWVd8h3JWMBrnK,303.000,MY8Sv42aXxDpCjC4,348.000,md4MdKOU6ZsQ//g0,360.000,SayB0+Vq1qyZnTIu,,
3,99,2026-04-05T12:41:00.179Z,253.000,9,147.000,OY9eVeUW8tGGPJFe,197.000,TiCg1GW9IStcOras,197.000,BjjWVd8h3JWMBrnK,220.000,Fw2XlLSvhDCRIl7z,226.000,zyQbLrDbnVAAyE0h,230.000,q5GVJKHvqVwABnDf,326.000,md4MdKOU6ZsQ//g0,323.000,SayB0+Vq1qyZnTIu,365.000,MY8Sv42aXxDpCjC4,,
3,100,2026-04-05T12:41:00.432Z,308.000,9,136.000,TiCg1GW9IStcOras,184.000,q5GVJKHvqVwABnDf,207.000,OY9eVeUW8tGGPJFe,215.000,Fw2XlLSvhDCRIl7z,225.000,zyQbLrDbnVAAyE0h,239.000,BjjWVd8h3JWMBrnK,361.000,SayB0+Vq1qyZnTIu,364.000,md4MdKOU6ZsQ//g0,343.000,MY8Sv42aXxDpCjC4,,
3,101,2026-04-05T12:41:00.740Z,274.000,9,145.000,TiCg1GW9IStcOras,179.000,Fw2XlLSvhDCRIl7z,186.000,zyQbLrDbnVAAyE0h,196.000,BjjWVd8h3JWMBrnK,204.000,q5GVJKHvqVwABnDf,209.000,OY9eVeUW8tGGPJFe,304.000,SayB0+Vq1qyZnTIu,283.000,md4MdKOU6ZsQ//g0,491.000,MY8Sv42aXxDpCjC4,,
3,102,2026-04-05T12:41:01.014Z,267.000,9,116.000,zyQbLrDbnVAAyE0h,132.000,BjjWVd8h3JWMBrnK,133.000,Fw2XlLSvhDCRIl7z,136.000,q5GVJKHvqVwABnDf,140.000,OY9eVeUW8tGGPJFe,209.000,TiCg1GW9IStcOras,320.000,md4MdKOU6ZsQ//g0,274.000,SayB0+Vq1qyZnTIu,363.000,MY8Sv42aXxDpCjC4,,
3,103,2026-04-05T12:41:01.281Z,237.000,9,148.000,TiCg1GW9IStcOras,189.000,BjjWVd8h3JWMBrnK,198.000,zyQbLrDbnVAAyE0h,199.000,Fw2XlLSvhDCRIl7z,202.000,q5GVJKHvqVwABnDf,205.000,OY9eVeUW8tGGPJFe,303.000,MY8Sv42aXxDpCjC4,315.000,SayB0+Vq1qyZnTIu,345.000,md4MdKOU6ZsQ//g0,,
3,104,2026-04-05T12:41:01.518Z,276.000,9,147.000,TiCg1GW9IStcOras,152.000,zyQbLrDbnVAAyE0h,170.000,OY9eVeUW8tGGPJFe,172.000,BjjWVd8h3JWMBrnK,174.000,q5GVJKHvqVwABnDf,180.000,Fw2XlLSvhDCRIl7z,455.000,md4MdKOU6ZsQ//g0,458.000,MY8Sv42aXxDpCjC4,304.000,SayB0+Vq1qyZnTIu,,
3,105,2026-04-05T12:41:01.794Z,280.000,9,184.000,Fw2XlLSvhDCRIl7z,185.000,q5GVJKHvqVwABnDf,187.000,zyQbLrDbnVAAyE0h,193.000,BjjWVd8h3JWMBrnK,195.000,OY9eVeUW8tGGPJFe,205.000,TiCg1GW9IStcOras,280.000,SayB0+Vq1qyZnTIu,295.000,md4MdKOU6ZsQ//g0,304.000,MY8Sv42aXxDpCjC4,,
3,106,2026-04-05T12:41:02.074Z,287.000,9,119.000,Fw2XlLSvhDCRIl7z,129.000,q5GVJKHvqVwABnDf,132.000,OY9eVeUW8tGGPJFe,137.000,TiCg1GW9IStcOras,220.000,BjjWVd8h3JWMBrnK,287.000,zyQbLrDbnVAAyE0h,287.000,md4MdKOU6ZsQ//g0,297.000,SayB0+Vq1qyZnTIu,331.000,MY8Sv42aXxDpCjC4,,
3,107,2026-04-05T12:41:02.361Z,250.000,9,143.000,OY9eVeUW8tGGPJFe,147.000,Fw2XlLSvhDCRIl7z,154.000,BjjWVd8h3JWMBrnK,159.000,q5GVJKHvqVwABnDf,162.000,TiCg1GW9IStcOras,244.000,zyQbLrDbnVAAyE0h,326.000,SayB0+Vq1qyZnTIu,256.000,MY8Sv42aXxDpCjC4,259.000,md4MdKOU6ZsQ//g0,,
3,108,2026-04-05T12:41:02.611Z,221.000,9,113.000,OY9eVeUW8tGGPJFe,115.000,q5GVJKHvqVwABnDf,144.000,zyQbLrDbnVAAyE0h,199.000,BjjWVd8h3JWMBrnK,210.000,TiCg1GW9IStcOras,212.000,Fw2XlLSvhDCRIl7z,315.000,MY8Sv42aXxDpCjC4,316.000,md4MdKOU6ZsQ//g0,384.000,SayB0+Vq1qyZnTIu,,
3,109,2026-04-05T12:41:02.832Z,302.000,9,185.000,zyQbLrDbnVAAyE0h,196.000,BjjWVd8h3JWMBrnK,198.000,Fw2XlLSvhDCRIl7z,203.000,q5GVJKHvqVwABnDf,213.000,TiCg1GW9IStcOras,269.000,OY9eVeUW8tGGPJFe,406.000,SayB0+Vq1qyZnTIu,306.000,md4MdKOU6ZsQ//g0,425.000,MY8Sv42aXxDpCjC4,,
3,110,2026-04-05T12:41:03.134Z,307.000,9,131.000,TiCg1GW9IStcOras,154.000,zyQbLrDbnVAAyE0h,207.000,BjjWVd8h3JWMBrnK,209.000,Fw2XlLSvhDCRIl7z,212.000,q5GVJKHvqVwABnDf,229.000,OY9eVeUW8tGGPJFe,313.000,md4MdKOU6ZsQ//g0,336.000,MY8Sv42aXxDpCjC4,362.000,SayB0+Vq1qyZnTIu,,
3,111,2026-04-05T12:41:03.441Z,249.000,9,112.000,TiCg1GW9IStcOras,155.000,q5GVJKHvqVwABnDf,211.000,zyQbLrDbnVAAyE0h,213.000,BjjWVd8h3JWMBrnK,214.000,OY9eVeUW8tGGPJFe,215.000,Fw2XlLSvhDCRIl7z,279.000,SayB0+Vq1qyZnTIu,317.000,md4MdKOU6ZsQ//g0,339.000,MY8Sv42aXxDpCjC4,,
3,112,2026-04-05T12:41:03.690Z,275.000,9,170.000,Fw2XlLSvhDCRIl7z,171.000,BjjWVd8h3JWMBrnK,175.000,q5GVJKHvqVwABnDf,189.000,zyQbLrDbnVAAyE0h,201.000,TiCg1GW9IStcOras,203.000,OY9eVeUW8tGGPJFe,275.000,md4MdKOU6ZsQ//g0,316.000,SayB0+Vq1qyZnTIu,460.000,MY8Sv42aXxDpCjC4,,
3,113,2026-04-05T12:41:03.965Z,252.000,9,138.000,TiCg1GW9IStcOras,148.000,q5GVJKHvqVwABnDf,198.000,BjjWVd8h3JWMBrnK,199.000,zyQbLrDbnVAAyE0h,203.000,Fw2XlLSvhDCRIl7z,206.000,OY9eVeUW8tGGPJFe,424.000,MY8Sv42aXxDpCjC4,421.000,SayB0+Vq1qyZnTIu,423.000,md4MdKOU6ZsQ//g0,,
3,114,2026-04-05T12:41:04.217Z,277.000,8,174.000,Fw2XlLSvhDCRIl7z,176.000,OY9eVeUW8tGGPJFe,178.000,BjjWVd8h3JWMBrnK,180.000,zyQbLrDbnVAAyE0h,186.000,TiCg1GW9IStcOras,202.000,q5GVJKHvqVwABnDf,277.000,SayB0+Vq1qyZnTIu,470.000,MY8Sv42aXxDpCjC4,,,,
3,115,2026-04-05T12:41:04.494Z,235.000,9,129.000,q5GVJKHvqVwABnDf,184.000,BjjWVd8h3JWMBrnK,191.000,TiCg1GW9IStcOras,205.000,OY9eVeUW8tGGPJFe,211.000,Fw2XlLSvhDCRIl7z,226.000,zyQbLrDbnVAAyE0h,441.000,MY8Sv42aXxDpCjC4,442.000,md4MdKOU6ZsQ//g0,443.000,SayB0+Vq1qyZnTIu,,
3,116,2026-04-05T12:41:04.729Z,303.000,9,212.000,BjjWVd8h3JWMBrnK,214.000,zyQbLrDbnVAAyE0h,215.000,q5GVJKHvqVwABnDf,217.000,Fw2XlLSvhDCRIl7z,219.000,OY9eVeUW8tGGPJFe,246.000,TiCg1GW9IStcOras,378.000,MY8Sv42aXxDpCjC4,317.000,SayB0+Vq1qyZnTIu,491.000,md4MdKOU6ZsQ//g0,,
3,117,2026-04-05T12:41:05.032Z,281.000,9,179.000,BjjWVd8h3JWMBrnK,183.000,OY9eVeUW8tGGPJFe,188.000,Fw2XlLSvhDCRIl7z,202.000,TiCg1GW9IStcOras,205.000,zyQbLrDbnVAAyE0h,208.000,q5GVJKHvqVwABnDf,322.000,SayB0+Vq1qyZnTIu,291.000,MY8Sv42aXxDpCjC4,317.000,md4MdKOU6ZsQ//g0,,
3,118,2026-04-05T12:41:05.313Z,245.000,9,130.000,BjjWVd8h3JWMBrnK,136.000,q5GVJKHvqVwABnDf,163.000,TiCg1GW9IStcOras,164.000,zyQbLrDbnVAAyE0h,216.000,Fw2XlLSvhDCRIl7z,243.000,md4MdKOU6ZsQ//g0,317.000,MY8Sv42aXxDpCjC4,247.000,SayB0+Vq1qyZnTIu,250.000,OY9eVeUW8tGGPJFe,,
3,119,2026-04-05T12:41:05.558Z,271.000,9,162.000,q5GVJKHvqVwABnDf,164.000,BjjWVd8h3JWMBrnK,190.000,TiCg1GW9IStcOras,191.000,zyQbLrDbnVAAyE0h,204.000,Fw2XlLSvhDCRIl7z,216.000,OY9eVeUW8tGGPJFe,313.000,SayB0+Vq1qyZnTIu,308.000,md4MdKOU6ZsQ//g0,310.000,MY8Sv42aXxDpCjC4,,
3,120,2026-04-05T12:41:05.829Z,242.000,9,133.000,TiCg1GW9IStcOras,135.000,BjjWVd8h3JWMBrnK,137.000,q5GVJKHvqVwABnDf,159.000,zyQbLrDbnVAAyE0h,195.000,OY9eVeUW8tGGPJFe,237.000,Fw2XlLSvhDCRIl7z,242.000,md4MdKOU6ZsQ//g0,254.000,SayB0+Vq1qyZnTIu,312.000,MY8Sv42aXxDpCjC4,,
3,121,2026-04-05T12:41:06.071Z,270.000,9,167.000,BjjWVd8h3JWMBrnK,191.000,zyQbLrDbnVAAyE0h,193.000,TiCg1GW9IStcOras,200.000,OY9eVeUW8tGGPJFe,203.000,q5GVJKHvqVwABnDf,209.000,Fw2XlLSvhDCRIl7z,316.000,SayB0+Vq1qyZnTIu,313.000,MY8Sv42aXxDpCjC4,417.000,md4MdKOU6ZsQ//g0,,
3,122,2026-04-05T12:41:06.341Z,249.000,9,131.000,TiCg1GW9IStcOras,140.000,BjjWVd8h3JWMBrnK,144.000,q5GVJKHvqVwABnDf,144.000,Fw2XlLSvhDCRIl7z,162.000,zyQbLrDbnVAAyE0h,205.000,OY9eVeUW8tGGPJFe,248.000,MY8Sv42aXxDpCjC4,252.000,md4MdKOU6ZsQ//g0,308.000,SayB0+Vq1qyZnTIu,,
3,123,2026-04-05T12:41:06.590Z,267.000,9,160.000,TiCg1GW9IStcOras,186.000,zyQbLrDbnVAAyE0h,194.000,OY9eVeUW8tGGPJFe,200.000,q5GVJKHvqVwABnDf,203.000,BjjWVd8h3JWMBrnK,204.000,Fw2XlLSvhDCRIl7z,312.000,SayB0+Vq1qyZnTIu,308.000,MY8Sv42aXxDpCjC4,310.000,md4MdKOU6ZsQ//g0,,
3,124,2026-04-05T12:41:06.857Z,283.000,9,143.000,TiCg1GW9IStcOras,143.000,Fw2XlLSvhDCRIl7z,146.000,BjjWVd8h3JWMBrnK,147.000,q5GVJKHvqVwABnDf,160.000,zyQbLrDbnVAAyE0h,204.000,OY9eVeUW8tGGPJFe,283.000,md4MdKOU6ZsQ//g0,313.000,SayB0+Vq1qyZnTIu,317.000,MY8Sv42aXxDpCjC4,,
3,125,2026-04-05T12:41:07.140Z,236.000,9,131.000,TiCg1GW9IStcOras,159.000,zyQbLrDbnVAAyE0h,170.000,BjjWVd8h3JWMBrnK,171.000,Fw2XlLSvhDCRIl7z,183.000,OY9eVeUW8tGGPJFe,197.000,q5GVJKHvqVwABnDf,275.000,SayB0+Vq1qyZnTIu,276.000,MY8Sv42aXxDpCjC4,280.000,md4MdKOU6ZsQ//g0,,
3,126,2026-04-05T12:41:07.376Z,251.000,8,131.000,q5GVJKHvqVwABnDf,141.000,TiCg1GW9IStcOras,143.000,BjjWVd8h3JWMBrnK,146.000,Fw2XlLSvhDCRIl7z,153.000,OY9eVeUW8tGGPJFe,154.000,zyQbLrDbnVAAyE0h,316.000,MY8Sv42aXxDpCjC4,306.000,SayB0+Vq1qyZnTIu,,,,
3,127,2026-04-05T12:41:07.627Z,213.000,9,159.000,TiCg1GW9IStcOras,162.000,zyQbLrDbnVAAyE0h,196.000,q5GVJKHvqVwABnDf,197.000,Fw2XlLSvhDCRIl7z,203.000,BjjWVd8h3JWMBrnK,210.000,OY9eVeUW8tGGPJFe,307.000,md4MdKOU6ZsQ//g0,300.000,SayB0+Vq1qyZnTIu,301.000,MY8Sv42aXxDpCjC4,,
3,128,2026-04-05T12:41:07.840Z,293.000,8,150.000,TiCg1GW9IStcOras,156.000,zyQbLrDbnVAAyE0h,189.000,q5GVJKHvqVwABnDf,191.000,Fw2XlLSvhDCRIl7z,197.000,BjjWVd8h3JWMBrnK,213.000,OY9eVeUW8tGGPJFe,293.000,SayB0+Vq1qyZnTIu,414.000,md4MdKOU6ZsQ//g0,,,,
3,129,2026-04-05T12:41:08.133Z,218.000,9,118.000,BjjWVd8h3JWMBrnK,119.000,zyQbLrDbnVAAyE0h,149.000,Fw2XlLSvhDCRIl7z,207.000,q5GVJKHvqVwABnDf,209.000,TiCg1GW9IStcOras,212.000,OY9eVeUW8tGGPJFe,252.000,MY8Sv42aXxDpCjC4,253.000,md4MdKOU6ZsQ//g0,308.000,SayB0+Vq1qyZnTIu,,
3,130,2026-04-05T12:41:08.351Z,304.000,9,194.000,zyQbLrDbnVAAyE0h,197.000,TiCg1GW9IStcOras,200.000,OY9eVeUW8tGGPJFe,218.000,q5GVJKHvqVwABnDf,227.000,BjjWVd8h3JWMBrnK,239.000,Fw2XlLSvhDCRIl7z,349.000,md4MdKOU6ZsQ//g0,400.000,SayB0+Vq1qyZnTIu,342.000,MY8Sv42aXxDpCjC4,,
3,131,2026-04-05T12:41:08.655Z,305.000,9,129.000,zyQbLrDbnVAAyE0h,201.000,Fw2XlLSvhDCRIl7z,201.000,OY9eVeUW8tGGPJFe,204.000,TiCg1GW9IStcOras,207.000,q5GVJKHvqVwABnDf,221.000,BjjWVd8h3JWMBrnK,305.000,SayB0+Vq1qyZnTIu,348.000,MY8Sv42aXxDpCjC4,358.000,md4MdKOU6ZsQ//g0,,
3,132,2026-04-05T12:41:08.960Z,243.000,9,108.000,zyQbLrDbnVAAyE0h,133.000,BjjWVd8h3JWMBrnK,189.000,Fw2XlLSvhDCRIl7z,205.000,TiCg1GW9IStcOras,207.000,OY9eVeUW8tGGPJFe,208.000,q5GVJKHvqVwABnDf,308.000,SayB0+Vq1qyZnTIu,249.000,MY8Sv42aXxDpCjC4,304.000,md4MdKOU6ZsQ//g0,,
3,133,2026-04-05T12:41:09.203Z,272.000,9,166.000,zyQbLrDbnVAAyE0h,167.000,Fw2XlLSvhDCRIl7z,170.000,OY9eVeUW8tGGPJFe,175.000,TiCg1GW9IStcOras,190.000,BjjWVd8h3JWMBrnK,214.000,q5GVJKHvqVwABnDf,309.000,md4MdKOU6ZsQ//g0,291.000,SayB0+Vq1qyZnTIu,317.000,MY8Sv42aXxDpCjC4,,
3,134,2026-04-05T12:41:09.475Z,345.000,9,122.000,TiCg1GW9IStcOras,124.000,BjjWVd8h3JWMBrnK,141.000,Fw2XlLSvhDCRIl7z,142.000,zyQbLrDbnVAAyE0h,148.000,q5GVJKHvqVwABnDf,207.000,OY9eVeUW8tGGPJFe,345.000,md4MdKOU6ZsQ//g0,345.000,MY8Sv42aXxDpCjC4,359.000,SayB0+Vq1qyZnTIu,,
3,135,2026-04-05T12:41:09.820Z,204.000,9,16.000,q5GVJKHvqVwABnDf,65.000,TiCg1GW9IStcOras,68.000,OY9eVeUW8tGGPJFe,99.000,BjjWVd8h3JWMBrnK,106.000,zyQbLrDbnVAAyE0h,109.000,Fw2XlLSvhDCRIl7z,208.000,md4MdKOU6ZsQ//g0,211.000,MY8Sv42aXxDpCjC4,270.000,SayB0+Vq1qyZnTIu,,
3,136,2026-04-05T12:41:10.024Z,207.000,8,101.000,TiCg1GW9IStcOras,102.000,BjjWVd8h3JWMBrnK,108.000,zyQbLrDbnVAAyE0h,111.000,q5GVJKHvqVwABnDf,147.000,Fw2XlLSvhDCRIl7z,173.000,OY9eVeUW8tGGPJFe,289.000,SayB0+Vq1qyZnTIu,264.000,md4MdKOU6ZsQ//g0,,,,
3,137,2026-04-05T12:41:10.231Z,276.000,9,161.000,q5GVJKHvqVwABnDf,163.000,zyQbLrDbnVAAyE0h,174.000,OY9eVeUW8tGGPJFe,183.000,Fw2XlLSvhDCRIl7z,198.000,TiCg1GW9IStcOras,202.000,BjjWVd8h3JWMBrnK,314.000,md4MdKOU6ZsQ//g0,294.000,SayB0+Vq1qyZnTIu,311.000,MY8Sv42aXxDpCjC4,,
3,138,2026-04-05T12:41:10.507Z,242.000,9,134.000,q5GVJKHvqVwABnDf,136.000,BjjWVd8h3JWMBrnK,138.000,zyQbLrDbnVAAyE0h,162.000,Fw2XlLSvhDCRIl7z,196.000,TiCg1GW9IStcOras,207.000,OY9eVeUW8tGGPJFe,297.000,md4MdKOU6ZsQ//g0,266.000,MY8Sv42aXxDpCjC4,311.000,SayB0+Vq1qyZnTIu,,
3,139,2026-04-05T12:41:10.749Z,264.000,9,158.000,Fw2XlLSvhDCRIl7z,172.000,OY9eVeUW8tGGPJFe,174.000,zyQbLrDbnVAAyE0h,175.000,q5GVJKHvqVwABnDf,191.000,TiCg1GW9IStcOras,198.000,BjjWVd8h3JWMBrnK,264.000,md4MdKOU6ZsQ//g0,368.000,SayB0+Vq1qyZnTIu,369.000,MY8Sv42aXxDpCjC4,,
3,140,2026-04-05T12:41:11.013Z,250.000,9,143.000,q5GVJKHvqVwABnDf,147.000,Fw2XlLSvhDCRIl7z,148.000,zyQbLrDbnVAAyE0h,165.000,BjjWVd8h3JWMBrnK,217.000,OY9eVeUW8tGGPJFe,222.000,TiCg1GW9IStcOras,250.000,SayB0+Vq1qyZnTIu,275.000,MY8Sv42aXxDpCjC4,311.000,md4MdKOU6ZsQ//g0,,
3,141,2026-04-05T12:41:11.263Z,276.000,9,163.000,Fw2XlLSvhDCRIl7z,167.000,TiCg1GW9IStcOras,170.000,q5GVJKHvqVwABnDf,173.000,zyQbLrDbnVAAyE0h,175.000,OY9eVeUW8tGGPJFe,221.000,BjjWVd8h3JWMBrnK,276.000,md4MdKOU6ZsQ//g0,311.000,SayB0+Vq1qyZnTIu,384.000,MY8Sv42aXxDpCjC4,,
3,142,2026-04-05T12:41:11.539Z,246.000,8,141.000,Fw2XlLSvhDCRIl7z,146.000,zyQbLrDbnVAAyE0h,151.000,BjjWVd8h3JWMBrnK,160.000,q5GVJKHvqVwABnDf,205.000,TiCg1GW9IStcOras,206.000,OY9eVeUW8tGGPJFe,245.000,SayB0+Vq1qyZnTIu,309.000,md4MdKOU6ZsQ//g0,,,,
3,143,2026-04-05T12:41:11.785Z,270.000,9,164.000,Fw2XlLSvhDCRIl7z,168.000,OY9eVeUW8tGGPJFe,169.000,TiCg1GW9IStcOras,205.000,q5GVJKHvqVwABnDf,205.000,zyQbLrDbnVAAyE0h,239.000,BjjWVd8h3JWMBrnK,270.000,md4MdKOU6ZsQ//g0,308.000,SayB0+Vq1qyZnTIu,311.000,MY8Sv42aXxDpCjC4,,
3,144,2026-04-05T12:41:12.055Z,242.000,9,134.000,OY9eVeUW8tGGPJFe,142.000,Fw2XlLSvhDCRIl7z,143.000,zyQbLrDbnVAAyE0h,196.000,q5GVJKHvqVwABnDf,203.000,BjjWVd8h3JWMBrnK,204.000,TiCg1GW9IStcOras,246.000,SayB0+Vq1qyZnTIu,340.000,MY8Sv42aXxDpCjC4,452.000,md4MdKOU6ZsQ//g0,,
3,145,2026-04-05T12:41:12.297Z,275.000,9,107.000,Fw2XlLSvhDCRIl7z,124.000,zyQbLrDbnVAAyE0h,167.000,BjjWVd8h3JWMBrnK,196.000,TiCg1GW9IStcOras,204.000,OY9eVeUW8tGGPJFe,210.000,q5GVJKHvqVwABnDf,345.000,md4MdKOU6ZsQ//g0,304.000,SayB0+Vq1qyZnTIu,313.000,MY8Sv42aXxDpCjC4,,
3,146,2026-04-05T12:41:12.572Z,285.000,9,133.000,TiCg1GW9IStcOras,137.000,OY9eVeUW8tGGPJFe,158.000,BjjWVd8h3JWMBrnK,183.000,Fw2XlLSvhDCRIl7z,195.000,q5GVJKHvqVwABnDf,238.000,zyQbLrDbnVAAyE0h,289.000,SayB0+Vq1qyZnTIu,296.000,md4MdKOU6ZsQ//g0,314.000,MY8Sv42aXxDpCjC4,,
3,147,2026-04-05T12:41:12.857Z,257.000,9,153.000,OY9eVeUW8tGGPJFe,187.000,TiCg1GW9IStcOras,189.000,BjjWVd8h3JWMBrnK,190.000,zyQbLrDbnVAAyE0h,192.000,q5GVJKHvqVwABnDf,192.000,Fw2XlLSvhDCRIl7z,286.000,MY8Sv42aXxDpCjC4,301.000,md4MdKOU6ZsQ//g0,301.000,SayB0+Vq1qyZnTIu,,
3,148,2026-04-05T12:41:13.114Z,379.000,9,129.000,TiCg1GW9IStcOras,372.000,zyQbLrDbnVAAyE0h,374.000,OY9eVeUW8tGGPJFe,375.000,Fw2XlLSvhDCRIl7z,376.000,q5GVJKHvqVwABnDf,377.000,BjjWVd8h3JWMBrnK,378.000,MY8Sv42aXxDpCjC4,380.000,SayB0+Vq1qyZnTIu,381.000,md4MdKOU6ZsQ//g0,,
3,149,2026-04-05T12:41:13.493Z,161.000,8,41.000,TiCg1GW9IStcOras,48.000,OY9eVeUW8tGGPJFe,57.000,zyQbLrDbnVAAyE0h,74.000,BjjWVd8h3JWMBrnK,118.000,q5GVJKHvqVwABnDf,159.000,SayB0+Vq1qyZnTIu,161.000,md4MdKOU6ZsQ//g0,164.000,MY8Sv42aXxDpCjC4,,,,
3,150,2026-04-05T12:41:13.654Z,255.000,9,131.000,OY9eVeUW8tGGPJFe,149.000,Fw2XlLSvhDCRIl7z,166.000,q5GVJKHvqVwABnDf,168.000,TiCg1GW9IStcOras,193.000,BjjWVd8h3JWMBrnK,210.000,zyQbLrDbnVAAyE0h,254.000,md4MdKOU6ZsQ//g0,257.000,MY8Sv42aXxDpCjC4,335.000,SayB0+Vq1qyZnTIu,,
3,151,2026-04-05T12:41:13.909Z,245.000,9,119.000,q5GVJKHvqVwABnDf,136.000,OY9eVeUW8tGGPJFe,159.000,TiCg1GW9IStcOras,199.000,Fw2XlLSvhDCRIl7z,239.000,zyQbLrDbnVAAyE0h,240.000,BjjWVd8h3JWMBrnK,304.000,SayB0+Vq1qyZnTIu,303.000,md4MdKOU6ZsQ//g0,307.000,MY8Sv42aXxDpCjC4,,
3,152,2026-04-05T12:41:14.154Z,272.000,9,175.000,OY9eVeUW8tGGPJFe,200.000,q5GVJKHvqVwABnDf,220.000,BjjWVd8h3JWMBrnK,222.000,zyQbLrDbnVAAyE0h,261.000,Fw2XlLSvhDCRIl7z,265.000,TiCg1GW9IStcOras,367.000,md4MdKOU6ZsQ//g0,365.000,SayB0+Vq1qyZnTIu,456.000,MY8Sv42aXxDpCjC4,,
3,153,2026-04-05T12:41:14.426Z,298.000,9,132.000,q5GVJKHvqVwABnDf,232.000,Fw2XlLSvhDCRIl7z,236.000,OY9eVeUW8tGGPJFe,237.000,TiCg1GW9IStcOras,238.000,zyQbLrDbnVAAyE0h,243.000,BjjWVd8h3JWMBrnK,298.000,SayB0+Vq1qyZnTIu,339.000,MY8Sv42aXxDpCjC4,400.000,md4MdKOU6ZsQ//g0,,
3,154,2026-04-05T12:41:14.724Z,231.000,9,123.000,OY9eVeUW8tGGPJFe,134.000,q5GVJKHvqVwABnDf,143.000,Fw2XlLSvhDCRIl7z,151.000,BjjWVd8h3JWMBrnK,203.000,zyQbLrDbnVAAyE0h,212.000,TiCg1GW9IStcOras,308.000,SayB0+Vq1qyZnTIu,257.000,MY8Sv42aXxDpCjC4,306.000,md4MdKOU6ZsQ//g0,,
3,155,2026-04-05T12:41:14.955Z,231.000,8,123.000,zyQbLrDbnVAAyE0h,124.000,q5GVJKHvqVwABnDf,127.000,BjjWVd8h3JWMBrnK,128.000,TiCg1GW9IStcOras,129.000,Fw2XlLSvhDCRIl7z,147.000,OY9eVeUW8tGGPJFe,231.000,MY8Sv42aXxDpCjC4,280.000,SayB0+Vq1qyZnTIu,,,,
3,156,2026-04-05T12:41:15.186Z,259.000,9,142.000,OY9eVeUW8tGGPJFe,153.000,Fw2XlLSvhDCRIl7z,167.000,TiCg1GW9IStcOras,198.000,zyQbLrDbnVAAyE0h,200.000,q5GVJKHvqVwABnDf,203.000,BjjWVd8h3JWMBrnK,259.000,SayB0+Vq1qyZnTIu,310.000,md4MdKOU6ZsQ//g0,310.000,MY8Sv42aXxDpCjC4,,
3,157,2026-04-05T12:41:15.445Z,249.000,9,125.000,OY9eVeUW8tGGPJFe,143.000,q5GVJKHvqVwABnDf,189.000,Fw2XlLSvhDCRIl7z,204.000,zyQbLrDbnVAAyE0h,208.000,BjjWVd8h3JWMBrnK,215.000,TiCg1GW9IStcOras,255.000,md4MdKOU6ZsQ//g0,307.000,SayB0+Vq1qyZnTIu,290.000,MY8Sv42aXxDpCjC4,,
3,158,2026-04-05T12:41:15.694Z,248.000,9,144.000,Fw2XlLSvhDCRIl7z,145.000,q5GVJKHvqVwABnDf,187.000,OY9eVeUW8tGGPJFe,202.000,zyQbLrDbnVAAyE0h,209.000,BjjWVd8h3JWMBrnK,213.000,TiCg1GW9IStcOras,247.000,MY8Sv42aXxDpCjC4,285.000,SayB0+Vq1qyZnTIu,315.000,md4MdKOU6ZsQ//g0,,
3,159,2026-04-05T12:41:15.942Z,263.000,9,141.000,Fw2XlLSvhDCRIl7z,159.000,zyQbLrDbnVAAyE0h,162.000,OY9eVeUW8tGGPJFe,169.000,q5GVJKHvqVwABnDf,190.000,BjjWVd8h3JWMBrnK,233.000,TiCg1GW9IStcOras,274.000,md4MdKOU6ZsQ//g0,264.000,SayB0+Vq1qyZnTIu,311.000,MY8Sv42aXxDpCjC4,,
3,160,2026-04-05T12:41:16.205Z,253.000,9,115.000,Fw2XlLSvhDCRIl7z,148.000,q5GVJKHvqVwABnDf,203.000,zyQbLrDbnVAAyE0h,209.000,OY9eVeUW8tGGPJFe,211.000,BjjWVd8h3JWMBrnK,216.000,TiCg1GW9IStcOras,253.000,MY8Sv42aXxDpCjC4,271.000,md4MdKOU6ZsQ//g0,308.000,SayB0+Vq1qyZnTIu,,
3,161,2026-04-05T12:41:16.458Z,262.000,9,131.000,TiCg1GW9IStcOras,145.000,OY9eVeUW8tGGPJFe,159.000,Fw2XlLSvhDCRIl7z,168.000,q5GVJKHvqVwABnDf,217.000,BjjWVd8h3JWMBrnK,220.000,zyQbLrDbnVAAyE0h,262.000,SayB0+Vq1qyZnTIu,311.000,MY8Sv42aXxDpCjC4,338.000,md4MdKOU6ZsQ//g0,,
3,162,2026-04-05T12:41:16.720Z,256.000,9,150.000,q5GVJKHvqVwABnDf,151.000,Fw2XlLSvhDCRIl7z,180.000,BjjWVd8h3JWMBrnK,181.000,TiCg1GW9IStcOras,210.000,OY9eVeUW8tGGPJFe,211.000,zyQbLrDbnVAAyE0h,257.000,MY8Sv42aXxDpCjC4,311.000,SayB0+Vq1qyZnTIu,316.000,md4MdKOU6ZsQ//g0,,
3,163,2026-04-05T12:41:16.976Z,264.000,9,165.000,TiCg1GW9IStcOras,166.000,OY9eVeUW8tGGPJFe,169.000,q5GVJKHvqVwABnDf,202.000,Fw2XlLSvhDCRIl7z,211.000,BjjWVd8h3JWMBrnK,216.000,zyQbLrDbnVAAyE0h,363.000,SayB0+Vq1qyZnTIu,304.000,md4MdKOU6ZsQ//g0,309.000,MY8Sv42aXxDpCjC4,,
3,164,2026-04-05T12:41:17.240Z,251.000,9,148.000,Fw2XlLSvhDCRIl7z,171.000,TiCg1GW9IStcOras,205.000,OY9eVeUW8tGGPJFe,206.000,zyQbLrDbnVAAyE0h,213.000,q5GVJKHvqVwABnDf,248.000,BjjWVd8h3JWMBrnK,251.000,MY8Sv42aXxDpCjC4,307.000,SayB0+Vq1qyZnTIu,347.000,md4MdKOU6ZsQ//g0,,
3,165,2026-04-05T12:41:17.491Z,261.000,9,159.000,Fw2XlLSvhDCRIl7z,166.000,zyQbLrDbnVAAyE0h,168.000,q5GVJKHvqVwABnDf,205.000,BjjWVd8h3JWMBrnK,217.000,OY9eVeUW8tGGPJFe,234.000,TiCg1GW9IStcOras,262.000,SayB0+Vq1qyZnTIu,304.000,md4MdKOU6ZsQ//g0,307.000,MY8Sv42aXxDpCjC4,,
3,166,2026-04-05T12:41:17.752Z,252.000,9,187.000,TiCg1GW9IStcOras,206.000,BjjWVd8h3JWMBrnK,211.000,zyQbLrDbnVAAyE0h,213.000,OY9eVeUW8tGGPJFe,215.000,q5GVJKHvqVwABnDf,248.000,Fw2XlLSvhDCRIl7z,252.000,MY8Sv42aXxDpCjC4,279.000,SayB0+Vq1qyZnTIu,328.000,md4MdKOU6ZsQ//g0,,
3,167,2026-04-05T12:41:18.004Z,281.000,9,161.000,TiCg1GW9IStcOras,177.000,q5GVJKHvqVwABnDf,180.000,OY9eVeUW8tGGPJFe,204.000,Fw2XlLSvhDCRIl7z,208.000,BjjWVd8h3JWMBrnK,234.000,zyQbLrDbnVAAyE0h,383.000,SayB0+Vq1qyZnTIu,307.000,MY8Sv42aXxDpCjC4,311.000,md4MdKOU6ZsQ//g0,,
3,168,2026-04-05T12:41:18.285Z,234.000,9,130.000,q5GVJKHvqVwABnDf,132.000,Fw2XlLSvhDCRIl7z,146.000,OY9eVeUW8tGGPJFe,160.000,zyQbLrDbnVAAyE0h,187.000,BjjWVd8h3JWMBrnK,192.000,TiCg1GW9IStcOras,233.000,MY8Sv42aXxDpCjC4,236.000,md4MdKOU6ZsQ//g0,313.000,SayB0+Vq1qyZnTIu,,
3,169,2026-04-05T12:41:18.519Z,276.000,9,169.000,q5GVJKHvqVwABnDf,173.000,TiCg1GW9IStcOras,228.000,zyQbLrDbnVAAyE0h,229.000,Fw2XlLSvhDCRIl7z,230.000,OY9eVeUW8tGGPJFe,232.000,BjjWVd8h3JWMBrnK,308.000,MY8Sv42aXxDpCjC4,304.000,SayB0+Vq1qyZnTIu,310.000,md4MdKOU6ZsQ//g0,,
3,170,2026-04-05T12:41:18.795Z,268.000,9,192.000,TiCg1GW9IStcOras,208.000,BjjWVd8h3JWMBrnK,209.000,zyQbLrDbnVAAyE0h,210.000,q5GVJKHvqVwABnDf,237.000,Fw2XlLSvhDCRIl7z,252.000,OY9eVeUW8tGGPJFe,268.000,SayB0+Vq1qyZnTIu,339.000,MY8Sv42aXxDpCjC4,343.000,md4MdKOU6ZsQ//g0,,
3,171,2026-04-05T12:41:19.063Z,280.000,9,146.000,q5GVJKHvqVwABnDf,174.000,BjjWVd8h3JWMBrnK,239.000,TiCg1GW9IStcOras,240.000,OY9eVeUW8tGGPJFe,243.000,zyQbLrDbnVAAyE0h,277.000,Fw2XlLSvhDCRIl7z,280.000,md4MdKOU6ZsQ//g0,308.000,SayB0+Vq1qyZnTIu,354.000,MY8Sv42aXxDpCjC4,,
3,172,2026-04-05T12:41:19.343Z,270.000,9,130.000,Fw2XlLSvhDCRIl7z,131.000,q5GVJKHvqVwABnDf,165.000,TiCg1GW9IStcOras,176.000,zyQbLrDbnVAAyE0h,216.000,OY9eVeUW8tGGPJFe,265.000,BjjWVd8h3JWMBrnK,270.000,SayB0+Vq1qyZnTIu,307.000,md4MdKOU6ZsQ//g0,305.000,MY8Sv42aXxDpCjC4,,
3,173,2026-04-05T12:41:19.613Z,270.000,9,139.000,q5GVJKHvqVwABnDf,207.000,TiCg1GW9IStcOras,214.000,zyQbLrDbnVAAyE0h,216.000,BjjWVd8h3JWMBrnK,238.000,Fw2XlLSvhDCRIl7z,239.000,OY9eVeUW8tGGPJFe,344.000,md4MdKOU6ZsQ//g0,277.000,SayB0+Vq1qyZnTIu,341.000,MY8Sv42aXxDpCjC4,,
3,174,2026-04-05T12:41:19.883Z,279.000,9,117.000,q5GVJKHvqVwABnDf,146.000,TiCg1GW9IStcOras,173.000,BjjWVd8h3JWMBrnK,176.000,zyQbLrDbnVAAyE0h,275.000,OY9eVeUW8tGGPJFe,276.000,Fw2XlLSvhDCRIl7z,349.000,MY8Sv42aXxDpCjC4,346.000,SayB0+Vq1qyZnTIu,503.000,md4MdKOU6ZsQ//g0,,
3,175,2026-04-05T12:41:20.162Z,239.000,9,133.000,q5GVJKHvqVwABnDf,166.000,zyQbLrDbnVAAyE0h,169.000,TiCg1GW9IStcOras,181.000,BjjWVd8h3JWMBrnK,203.000,Fw2XlLSvhDCRIl7z,206.000,OY9eVeUW8tGGPJFe,308.000,md4MdKOU6ZsQ//g0,307.000,MY8Sv42aXxDpCjC4,323.000,SayB0+Vq1qyZnTIu,,
3,176,2026-04-05T12:41:20.401Z,274.000,9,138.000,zyQbLrDbnVAAyE0h,173.000,TiCg1GW9IStcOras,174.000,OY9eVeUW8tGGPJFe,184.000,q5GVJKHvqVwABnDf,188.000,BjjWVd8h3JWMBrnK,271.000,Fw2XlLSvhDCRIl7z,289.000,SayB0+Vq1qyZnTIu,373.000,MY8Sv42aXxDpCjC4,375.000,md4MdKOU6ZsQ//g0,,
3,177,2026-04-05T12:41:20.675Z,273.000,9,116.000,OY9eVeUW8tGGPJFe,121.000,BjjWVd8h3JWMBrnK,137.000,q5GVJKHvqVwABnDf,183.000,zyQbLrDbnVAAyE0h,201.000,Fw2XlLSvhDCRIl7z,221.000,TiCg1GW9IStcOras,273.000,SayB0+Vq1qyZnTIu,306.000,md4MdKOU6ZsQ//g0,309.000,MY8Sv42aXxDpCjC4,,
3,178,2026-04-05T12:41:20.948Z,257.000,9,120.000,zyQbLrDbnVAAyE0h,140.000,q5GVJKHvqVwABnDf,151.000,OY9eVeUW8tGGPJFe,153.000,TiCg1GW9IStcOras,200.000,BjjWVd8h3JWMBrnK,238.000,Fw2XlLSvhDCRIl7z,329.000,md4MdKOU6ZsQ//g0,330.000,MY8Sv42aXxDpCjC4,447.000,SayB0+Vq1qyZnTIu,,
3,179,2026-04-05T12:41:21.205Z,255.000,9,110.000,BjjWVd8h3JWMBrnK,148.000,q5GVJKHvqVwABnDf,173.000,TiCg1GW9IStcOras,174.000,zyQbLrDbnVAAyE0h,187.000,Fw2XlLSvhDCRIl7z,202.000,OY9eVeUW8tGGPJFe,290.000,md4MdKOU6ZsQ//g0,302.000,SayB0+Vq1qyZnTIu,395.000,MY8Sv42aXxDpCjC4,,
3,180,2026-04-05T12:41:21.460Z,269.000,9,143.000,TiCg1GW9IStcOras,201.000,Fw2XlLSvhDCRIl7z,202.000,q5GVJKHvqVwABnDf,203.000,BjjWVd8h3JWMBrnK,203.000,zyQbLrDbnVAAyE0h,211.000,OY9eVeUW8tGGPJFe,269.000,SayB0+Vq1qyZnTIu,345.000,md4MdKOU6ZsQ//g0,348.000,MY8Sv42aXxDpCjC4,,
3,181,2026-04-05T12:41:21.729Z,285.000,9,180.000,q5GVJKHvqVwABnDf,181.000,TiCg1GW9IStcOras,182.000,Fw2XlLSvhDCRIl7z,191.000,OY9eVeUW8tGGPJFe,227.000,BjjWVd8h3JWMBrnK,283.000,zyQbLrDbnVAAyE0h,284.000,SayB0+Vq1qyZnTIu,299.000,md4MdKOU6ZsQ//g0,331.000,MY8Sv42aXxDpCjC4,,
3,182,2026-04-05T12:41:22.014Z,271.000,9,163.000,BjjWVd8h3JWMBrnK,169.000,OY9eVeUW8tGGPJFe,169.000,TiCg1GW9IStcOras,209.000,zyQbLrDbnVAAyE0h,239.000,Fw2XlLSvhDCRIl7z,252.000,q5GVJKHvqVwABnDf,360.000,SayB0+Vq1qyZnTIu,342.000,md4MdKOU6ZsQ//g0,352.000,MY8Sv42aXxDpCjC4,,
3,183,2026-04-05T12:41:22.285Z,287.000,9,183.000,Fw2XlLSvhDCRIl7z,186.000,q5GVJKHvqVwABnDf,188.000,BjjWVd8h3JWMBrnK,192.000,TiCg1GW9IStcOras,236.000,OY9eVeUW8tGGPJFe,243.000,zyQbLrDbnVAAyE0h,289.000,SayB0+Vq1qyZnTIu,292.000,MY8Sv42aXxDpCjC4,352.000,md4MdKOU6ZsQ//g0,,
3,184,2026-04-05T12:41:22.572Z,266.000,9,111.000,q5GVJKHvqVwABnDf,143.000,BjjWVd8h3JWMBrnK,166.000,TiCg1GW9IStcOras,176.000,zyQbLrDbnVAAyE0h,195.000,Fw2XlLSvhDCRIl7z,204.000,OY9eVeUW8tGGPJFe,265.000,SayB0+Vq1qyZnTIu,299.000,md4MdKOU6ZsQ//g0,319.000,MY8Sv42aXxDpCjC4,,
3,185,2026-04-05T12:41:22.838Z,261.000,9,136.000,TiCg1GW9IStcOras,137.000,Fw2XlLSvhDCRIl7z,203.000,zyQbLrDbnVAAyE0h,208.000,OY9eVeUW8tGGPJFe,240.000,BjjWVd8h3JWMBrnK,250.000,SayB0+Vq1qyZnTIu,261.000,md4MdKOU6ZsQ//g0,266.000,q5GVJKHvqVwABnDf,308.000,MY8Sv42aXxDpCjC4,,
3,186,2026-04-05T12:41:23.099Z,259.000,9,148.000,Fw2XlLSvhDCRIl7z,154.000,OY9eVeUW8tGGPJFe,217.000,BjjWVd8h3JWMBrnK,218.000,TiCg1GW9IStcOras,219.000,q5GVJKHvqVwABnDf,256.000,zyQbLrDbnVAAyE0h,317.000,SayB0+Vq1qyZnTIu,284.000,MY8Sv42aXxDpCjC4,309.000,md4MdKOU6ZsQ//g0,,
3,187,2026-04-05T12:41:23.358Z,288.000,9,202.000,zyQbLrDbnVAAyE0h,230.000,Fw2XlLSvhDCRIl7z,231.000,OY9eVeUW8tGGPJFe,244.000,TiCg1GW9IStcOras,255.000,BjjWVd8h3JWMBrnK,286.000,SayB0+Vq1qyZnTIu,288.000,q5GVJKHvqVwABnDf,295.000,md4MdKOU6ZsQ//g0,334.000,MY8Sv42aXxDpCjC4,,
3,188,2026-04-05T12:41:23.646Z,264.000,9,148.000,Fw2XlLSvhDCRIl7z,150.000,OY9eVeUW8tGGPJFe,180.000,TiCg1GW9IStcOras,205.000,q5GVJKHvqVwABnDf,221.000,BjjWVd8h3JWMBrnK,225.000,zyQbLrDbnVAAyE0h,264.000,SayB0+Vq1qyZnTIu,407.000,MY8Sv42aXxDpCjC4,413.000,md4MdKOU6ZsQ//g0,,
3,189,2026-04-05T12:41:23.910Z,256.000,9,162.000,Fw2XlLSvhDCRIl7z,185.000,q5GVJKHvqVwABnDf,209.000,TiCg1GW9IStcOras,211.000,OY9eVeUW8tGGPJFe,214.000,zyQbLrDbnVAAyE0h,236.000,BjjWVd8h3JWMBrnK,256.000,SayB0+Vq1qyZnTIu,312.000,MY8Sv42aXxDpCjC4,312.000,md4MdKOU6ZsQ//g0,,
3,190,2026-04-05T12:41:24.166Z,290.000,9,159.000,Fw2XlLSvhDCRIl7z,164.000,OY9eVeUW8tGGPJFe,187.000,BjjWVd8h3JWMBrnK,214.000,zyQbLrDbnVAAyE0h,247.000,q5GVJKHvqVwABnDf,259.000,TiCg1GW9IStcOras,290.000,MY8Sv42aXxDpCjC4,343.000,SayB0+Vq1qyZnTIu,354.000,md4MdKOU6ZsQ//g0,,
3,191,2026-04-05T12:41:24.456Z,256.000,9,135.000,TiCg1GW9IStcOras,154.000,OY9eVeUW8tGGPJFe,165.000,q5GVJKHvqVwABnDf,207.000,BjjWVd8h3JWMBrnK,207.000,Fw2XlLSvhDCRIl7z,213.000,zyQbLrDbnVAAyE0h,260.000,SayB0+Vq1qyZnTIu,312.000,MY8Sv42aXxDpCjC4,464.000,md4MdKOU6ZsQ//g0,,
3,192,2026-04-05T12:41:24.712Z,260.000,9,128.000,q5GVJKHvqVwABnDf,158.000,Fw2XlLSvhDCRIl7z,159.000,OY9eVeUW8tGGPJFe,163.000,zyQbLrDbnVAAyE0h,220.000,BjjWVd8h3JWMBrnK,234.000,TiCg1GW9IStcOras,260.000,SayB0+Vq1qyZnTIu,263.000,MY8Sv42aXxDpCjC4,341.000,md4MdKOU6ZsQ//g0,,
3,193,2026-04-05T12:41:24.972Z,283.000,9,205.000,BjjWVd8h3JWMBrnK,208.000,Fw2XlLSvhDCRIl7z,209.000,q5GVJKHvqVwABnDf,212.000,OY9eVeUW8tGGPJFe,230.000,zyQbLrDbnVAAyE0h,274.000,md4MdKOU6ZsQ//g0,283.000,SayB0+Vq1qyZnTIu,283.000,TiCg1GW9IStcOras,310.000,MY8Sv42aXxDpCjC4,,
3,194,2026-04-05T12:41:25.255Z,284.000,9,210.000,TiCg1GW9IStcOras,229.000,BjjWVd8h3JWMBrnK,232.000,Fw2XlLSvhDCRIl7z,234.000,q5GVJKHvqVwABnDf,235.000,OY9eVeUW8tGGPJFe,256.000,zyQbLrDbnVAAyE0h,284.000,md4MdKOU6ZsQ//g0,303.000,SayB0+Vq1qyZnTIu,334.000,MY8Sv42aXxDpCjC4,,
3,195,2026-04-05T12:41:25.539Z,263.000,9,146.000,TiCg1GW9IStcOras,159.000,q5GVJKHvqVwABnDf,175.000,OY9eVeUW8tGGPJFe,178.000,zyQbLrDbnVAAyE0h,185.000,BjjWVd8h3JWMBrnK,204.000,Fw2XlLSvhDCRIl7z,309.000,md4MdKOU6ZsQ//g0,331.000,MY8Sv42aXxDpCjC4,288.000,SayB0+Vq1qyZnTIu,,
3,196,2026-04-05T12:41:25.802Z,280.000,9,179.000,TiCg1GW9IStcOras,196.000,BjjWVd8h3JWMBrnK,202.000,q5GVJKHvqVwABnDf,204.000,OY9eVeUW8tGGPJFe,204.000,Fw2XlLSvhDCRIl7z,221.000,zyQbLrDbnVAAyE0h,280.000,md4MdKOU6ZsQ//g0,282.000,SayB0+Vq1qyZnTIu,308.000,MY8Sv42aXxDpCjC4,,
3,197,2026-04-05T12:41:26.082Z,250.000,9,128.000,BjjWVd8h3JWMBrnK,129.000,q5GVJKHvqVwABnDf,130.000,Fw2XlLSvhDCRIl7z,131.000,TiCg1GW9IStcOras,233.000,OY9eVeUW8tGGPJFe,234.000,SayB0+Vq1qyZnTIu,250.000,zyQbLrDbnVAAyE0h,282.000,md4MdKOU6ZsQ//g0,291.000,MY8Sv42aXxDpCjC4,,
3,198,2026-04-05T12:41:26.332Z,291.000,9,179.000,Fw2XlLSvhDCRIl7z,190.000,OY9eVeUW8tGGPJFe,206.000,zyQbLrDbnVAAyE0h,229.000,q5GVJKHvqVwABnDf,238.000,TiCg1GW9IStcOras,241.000,BjjWVd8h3JWMBrnK,291.000,MY8Sv42aXxDpCjC4,292.000,md4MdKOU6ZsQ//g0,294.000,SayB0+Vq1qyZnTIu,,
3,199,2026-04-05T12:41:26.623Z,282.000,9,204.000,Fw2XlLSvhDCRIl7z,207.000,TiCg1GW9IStcOras,207.000,OY9eVeUW8tGGPJFe,208.000,BjjWVd8h3JWMBrnK,224.000,zyQbLrDbnVAAyE0h,248.000,q5GVJKHvqVwABnDf,282.000,md4MdKOU6ZsQ//g0,285.000,SayB0+Vq1qyZnTIu,308.000,MY8Sv42aXxDpCjC4,,
3,200,2026-04-05T12:41:26.905Z,276.000,9,186.000,zyQbLrDbnVAAyE0h,215.000,q5GVJKHvqVwABnDf,230.000,Fw2XlLSvhDCRIl7z,233.000,OY9eVeUW8tGGPJFe,234.000,BjjWVd8h3JWMBrnK,234.000,TiCg1GW9IStcOras,276.000,SayB0+Vq1qyZnTIu,306.000,md4MdKOU6ZsQ//g0,334.000,MY8Sv42aXxDpCjC4,,
3,201,2026-04-05T12:41:27.181Z,268.000,9,165.000,TiCg1GW9IStcOras,222.000,zyQbLrDbnVAAyE0h,246.000,q5GVJKHvqVwABnDf,264.000,SayB0+Vq1qyZnTIu,264.000,Fw2XlLSvhDCRIl7z,267.000,OY9eVeUW8tGGPJFe,268.000,BjjWVd8h3JWMBrnK,282.000,md4MdKOU6ZsQ//g0,368.000,MY8Sv42aXxDpCjC4,,
3,202,2026-04-05T12:41:27.449Z,308.000,9,209.000,TiCg1GW9IStcOras,261.000,zyQbLrDbnVAAyE0h,286.000,q5GVJKHvqVwABnDf,304.000,md4MdKOU6ZsQ//g0,305.000,BjjWVd8h3JWMBrnK,306.000,Fw2XlLSvhDCRIl7z,308.000,SayB0+Vq1qyZnTIu,309.000,OY9eVeUW8tGGPJFe,409.000,MY8Sv42aXxDpCjC4,,
3,203,2026-04-05T12:41:27.757Z,308.000,8,206.000,BjjWVd8h3JWMBrnK,216.000,TiCg1GW9IStcOras,260.000,zyQbLrDbnVAAyE0h,284.000,q5GVJKHvqVwABnDf,305.000,md4MdKOU6ZsQ//g0,307.000,SayB0+Vq1qyZnTIu,308.000,OY9eVeUW8tGGPJFe,411.000,MY8Sv42aXxDpCjC4,,,,
3,204,2026-04-05T12:41:28.065Z,287.000,9,206.000,OY9eVeUW8tGGPJFe,207.000,Fw2XlLSvhDCRIl7z,210.000,BjjWVd8h3JWMBrnK,215.000,TiCg1GW9IStcOras,262.000,zyQbLrDbnVAAyE0h,284.000,SayB0+Vq1qyZnTIu,287.000,q5GVJKHvqVwABnDf,310.000,MY8Sv42aXxDpCjC4,353.000,md4MdKOU6ZsQ//g0,,
3,205,2026-04-05T12:41:28.352Z,325.000,8,206.000,q5GVJKHvqVwABnDf,230.000,BjjWVd8h3JWMBrnK,230.000,Fw2XlLSvhDCRIl7z,235.000,TiCg1GW9IStcOras,286.000,OY9eVeUW8tGGPJFe,309.000,SayB0+Vq1qyZnTIu,333.000,MY8Sv42aXxDpCjC4,329.000,md4MdKOU6ZsQ//g0,,,,
3,206,2026-04-05T12:41:28.677Z,412.000,8,260.000,SayB0+Vq1qyZnTIu,270.000,MY8Sv42aXxDpCjC4,275.000,md4MdKOU6ZsQ//g0,362.000,BjjWVd8h3JWMBrnK,366.000,zyQbLrDbnVAAyE0h,411.000,OY9eVeUW8tGGPJFe,412.000,TiCg1GW9IStcOras,707.000,jIf2AEWi7y2xcK85,,,,
3,207,2026-04-05T12:41:29.089Z,386.000,7,106.000,q5GVJKHvqVwABnDf,208.000,OY9eVeUW8tGGPJFe,225.000,zyQbLrDbnVAAyE0h,306.000,Fw2XlLSvhDCRIl7z,311.000,MY8Sv42aXxDpCjC4,385.000,SayB0+Vq1qyZnTIu,410.000,md4MdKOU6ZsQ//g0,,,,,,
3,208,2026-04-05T12:41:29.475Z,443.000,8,215.000,MY8Sv42aXxDpCjC4,275.000,md4MdKOU6ZsQ//g0,277.000,SayB0+Vq1qyZnTIu,302.000,BjjWVd8h3JWMBrnK,380.000,Fw2XlLSvhDCRIl7z,428.000,TiCg1GW9IStcOras,443.000,OY9eVeUW8tGGPJFe,618.000,jIf2AEWi7y2xcK85,,,,
3,209,2026-04-05T12:41:29.918Z,467.000,8,104.000,q5GVJKHvqVwABnDf,293.000,md4MdKOU6ZsQ//g0,295.000,SayB0+Vq1qyZnTIu,312.000,MY8Sv42aXxDpCjC4,399.000,OY9eVeUW8tGGPJFe,409.000,Fw2XlLSvhDCRIl7z,467.000,BjjWVd8h3JWMBrnK,647.000,jIf2AEWi7y2xcK85,,,,
3,210,2026-04-05T12:41:30.385Z,571.000,8,242.000,MY8Sv42aXxDpCjC4,311.000,md4MdKOU6ZsQ//g0,335.000,SayB0+Vq1qyZnTIu,472.000,BjjWVd8h3JWMBrnK,494.000,OY9eVeUW8tGGPJFe,567.000,q5GVJKHvqVwABnDf,571.000,zyQbLrDbnVAAyE0h,809.000,jIf2AEWi7y2xcK85,,,,
3,211,2026-04-05T12:41:30.956Z,436.000,8,305.000,SayB0+Vq1qyZnTIu,306.000,MY8Sv42aXxDpCjC4,325.000,md4MdKOU6ZsQ//g0,335.000,BjjWVd8h3JWMBrnK,336.000,q5GVJKHvqVwABnDf,428.000,Fw2XlLSvhDCRIl7z,435.000,OY9eVeUW8tGGPJFe,775.000,jIf2AEWi7y2xcK85,,,,
3,212,2026-04-05T12:41:31.392Z,590.000,8,340.000,MY8Sv42aXxDpCjC4,341.000,SayB0+Vq1qyZnTIu,341.000,md4MdKOU6ZsQ//g0,498.000,q5GVJKHvqVwABnDf,505.000,zyQbLrDbnVAAyE0h,523.000,TiCg1GW9IStcOras,589.000,Fw2XlLSvhDCRIl7z,822.000,jIf2AEWi7y2xcK85,,,,
3,213,2026-04-05T12:41:31.982Z,545.000,8,246.000,md4MdKOU6ZsQ//g0,249.000,SayB0+Vq1qyZnTIu,310.000,MY8Sv42aXxDpCjC4,485.000,TiCg1GW9IStcOras,486.000,Fw2XlLSvhDCRIl7z,493.000,BjjWVd8h3JWMBrnK,545.000,OY9eVeUW8tGGPJFe,753.000,jIf2AEWi7y2xcK85,,,,
3,214,2026-04-05T12:41:32.527Z,544.000,8,311.000,md4MdKOU6ZsQ//g0,315.000,SayB0+Vq1qyZnTIu,329.000,TiCg1GW9IStcOras,389.000,MY8Sv42aXxDpCjC4,471.000,OY9eVeUW8tGGPJFe,531.000,q5GVJKHvqVwABnDf,543.000,zyQbLrDbnVAAyE0h,629.000,jIf2AEWi7y2xcK85,,,,
3,215,2026-04-05T12:41:33.071Z,552.000,8,265.000,md4MdKOU6ZsQ//g0,300.000,MY8Sv42aXxDpCjC4,302.000,SayB0+Vq1qyZnTIu,419.000,TiCg1GW9IStcOras,471.000,zyQbLrDbnVAAyE0h,497.000,BjjWVd8h3JWMBrnK,552.000,Fw2XlLSvhDCRIl7z,789.000,jIf2AEWi7y2xcK85,,,,
3,216,2026-04-05T12:41:33.623Z,654.000,7,311.000,md4MdKOU6ZsQ//g0,418.000,SayB0+Vq1qyZnTIu,422.000,MY8Sv42aXxDpCjC4,600.000,q5GVJKHvqVwABnDf,646.000,zyQbLrDbnVAAyE0h,651.000,Fw2XlLSvhDCRIl7z,706.000,jIf2AEWi7y2xcK85,,,,,,
3,217,2026-04-05T12:41:34.277Z,485.000,8,257.000,SayB0+Vq1qyZnTIu,307.000,MY8Sv42aXxDpCjC4,367.000,md4MdKOU6ZsQ//g0,372.000,OY9eVeUW8tGGPJFe,391.000,TiCg1GW9IStcOras,484.000,zyQbLrDbnVAAyE0h,485.000,BjjWVd8h3JWMBrnK,721.000,jIf2AEWi7y2xcK85,,,,
3,218,2026-04-05T12:41:34.762Z,892.000,7,214.000,md4MdKOU6ZsQ//g0,436.000,SayB0+Vq1qyZnTIu,440.000,MY8Sv42aXxDpCjC4,622.000,q5GVJKHvqVwABnDf,740.000,jIf2AEWi7y2xcK85,882.000,Fw2XlLSvhDCRIl7z,892.000,BjjWVd8h3JWMBrnK,,,,,,
3,219,2026-04-05T12:41:35.654Z,923.000,7,241.000,q5GVJKHvqVwABnDf,400.000,SayB0+Vq1qyZnTIu,403.000,MY8Sv42aXxDpCjC4,404.000,md4MdKOU6ZsQ//g0,824.000,jIf2AEWi7y2xcK85,908.000,TiCg1GW9IStcOras,923.000,OY9eVeUW8tGGPJFe,,,,,,
3,220,2026-04-05T12:41:36.577Z,720.000,7,294.000,MY8Sv42aXxDpCjC4,401.000,SayB0+Vq1qyZnTIu,402.000,md4MdKOU6ZsQ//g0,474.000,q5GVJKHvqVwABnDf,703.000,Fw2XlLSvhDCRIl7z,708.000,jIf2AEWi7y2xcK85,720.000,BjjWVd8h3JWMBrnK,,,,,,
3,221,2026-04-05T12:41:37.297Z,471.000,10,309.000,MY8Sv42aXxDpCjC4,310.000,SayB0+Vq1qyZnTIu,312.000,md4MdKOU6ZsQ//g0,466.000,OY9eVeUW8tGGPJFe,470.000,BjjWVd8h3JWMBrnK,471.000,q5GVJKHvqVwABnDf,471.000,Fw2XlLSvhDCRIl7z,472.000,zyQbLrDbnVAAyE0h,494.000,TiCg1GW9IStcOras,705.000,jIf2AEWi7y2xcK85
3,222,2026-04-05T12:41:37.768Z,759.000,7,404.000,SayB0+Vq1qyZnTIu,405.000,MY8Sv42aXxDpCjC4,406.000,md4MdKOU6ZsQ//g0,472.000,q5GVJKHvqVwABnDf,703.000,jIf2AEWi7y2xcK85,750.000,Fw2XlLSvhDCRIl7z,759.000,BjjWVd8h3JWMBrnK,,,,,,
3,223,2026-04-05T12:41:38.527Z,703.000,7,237.000,OY9eVeUW8tGGPJFe,310.000,md4MdKOU6ZsQ//g0,311.000,SayB0+Vq1qyZnTIu,311.000,MY8Sv42aXxDpCjC4,411.000,zyQbLrDbnVAAyE0h,523.000,q5GVJKHvqVwABnDf,905.000,jIf2AEWi7y2xcK85,,,,,,
3,224,2026-04-05T12:41:39.230Z,505.000,9,210.000,md4MdKOU6ZsQ//g0,356.000,OY9eVeUW8tGGPJFe,388.000,SayB0+Vq1qyZnTIu,412.000,BjjWVd8h3JWMBrnK,462.000,TiCg1GW9IStcOras,464.000,Fw2XlLSvhDCRIl7z,505.000,zyQbLrDbnVAAyE0h,526.000,MY8Sv42aXxDpCjC4,701.000,jIf2AEWi7y2xcK85,,
3,225,2026-04-05T12:41:39.735Z,992.000,7,267.000,md4MdKOU6ZsQ//g0,271.000,SayB0+Vq1qyZnTIu,308.000,MY8Sv42aXxDpCjC4,570.000,q5GVJKHvqVwABnDf,662.000,jIf2AEWi7y2xcK85,967.000,OY9eVeUW8tGGPJFe,992.000,zyQbLrDbnVAAyE0h,,,,,,
3,226,2026-04-05T12:41:40.727Z,1008.000,7,307.000,md4MdKOU6ZsQ//g0,311.000,SayB0+Vq1qyZnTIu,331.000,MY8Sv42aXxDpCjC4,468.000,q5GVJKHvqVwABnDf,703.000,jIf2AEWi7y2xcK85,972.000,TiCg1GW9IStcOras,1008.000,OY9eVeUW8tGGPJFe,,,,,,
3,227,2026-04-05T12:41:41.735Z,1186.000,7,307.000,MY8Sv42aXxDpCjC4,399.000,SayB0+Vq1qyZnTIu,400.000,md4MdKOU6ZsQ//g0,470.000,q5GVJKHvqVwABnDf,706.000,jIf2AEWi7y2xcK85,1185.000,BjjWVd8h3JWMBrnK,1186.000,TiCg1GW9IStcOras,,,,,,
3,228,2026-04-05T12:41:42.921Z,1032.000,7,405.000,MY8Sv42aXxDpCjC4,406.000,md4MdKOU6ZsQ//g0,428.000,SayB0+Vq1qyZnTIu,475.000,q5GVJKHvqVwABnDf,711.000,jIf2AEWi7y2xcK85,1026.000,Fw2XlLSvhDCRIl7z,1031.000,BjjWVd8h3JWMBrnK,,,,,,
3,229,2026-04-05T12:41:43.953Z,986.000,7,236.000,q5GVJKHvqVwABnDf,401.000,MY8Sv42aXxDpCjC4,402.000,md4MdKOU6ZsQ//g0,432.000,SayB0+Vq1qyZnTIu,707.000,jIf2AEWi7y2xcK85,983.000,Fw2XlLSvhDCRIl7z,985.000,zyQbLrDbnVAAyE0h,,,,,,
3,230,2026-04-05T12:41:44.939Z,952.000,7,399.000,MY8Sv42aXxDpCjC4,402.000,md4MdKOU6ZsQ//g0,403.000,SayB0+Vq1qyZnTIu,468.000,q5GVJKHvqVwABnDf,705.000,jIf2AEWi7y2xcK85,930.000,BjjWVd8h3JWMBrnK,931.000,Fw2XlLSvhDCRIl7z,,,,,,
3,231,2026-04-05T12:41:45.891Z,1275.000,7,381.000,SayB0+Vq1qyZnTIu,384.000,md4MdKOU6ZsQ//g0,386.000,MY8Sv42aXxDpCjC4,454.000,q5GVJKHvqVwABnDf,688.000,jIf2AEWi7y2xcK85,1264.000,OY9eVeUW8tGGPJFe,1275.000,zyQbLrDbnVAAyE0h,,,,,,
3,232,2026-04-05T12:41:47.166Z,1242.000,7,433.000,SayB0+Vq1qyZnTIu,434.000,md4MdKOU6ZsQ//g0,437.000,MY8Sv42aXxDpCjC4,504.000,q5GVJKHvqVwABnDf,735.000,jIf2AEWi7y2xcK85,1240.000,Fw2XlLSvhDCRIl7z,1242.000,BjjWVd8h3JWMBrnK,,,,,,
3,233,2026-04-05T12:41:48.408Z,2055.000,7,399.000,md4MdKOU6ZsQ//g0,401.000,MY8Sv42aXxDpCjC4,403.000,SayB0+Vq1qyZnTIu,471.000,q5GVJKHvqVwABnDf,709.000,jIf2AEWi7y2xcK85,2049.000,BjjWVd8h3JWMBrnK,2054.000,Fw2XlLSvhDCRIl7z,,,,,,
3,234,2026-04-05T12:41:50.463Z,2323.000,7,236.000,q5GVJKHvqVwABnDf,400.000,MY8Sv42aXxDpCjC4,401.000,md4MdKOU6ZsQ//g0,403.000,SayB0+Vq1qyZnTIu,702.000,jIf2AEWi7y2xcK85,2318.000,BjjWVd8h3JWMBrnK,2323.000,TiCg1GW9IStcOras,,,,,,
3,235,2026-04-05T12:41:52.786Z,2200.000,7,399.000,SayB0+Vq1qyZnTIu,401.000,md4MdKOU6ZsQ//g0,402.000,MY8Sv42aXxDpCjC4,473.000,q5GVJKHvqVwABnDf,704.000,jIf2AEWi7y2xcK85,1278.000,zyQbLrDbnVAAyE0h,2200.000,OY9eVeUW8tGGPJFe,,,,,,
3,236,2026-04-05T12:41:54.986Z,2426.000,7,651.000,SayB0+Vq1qyZnTIu,691.000,md4MdKOU6ZsQ//g0,699.000,jIf2AEWi7y2xcK85,771.000,MY8Sv42aXxDpCjC4,1526.000,q5GVJKHvqVwABnDf,2304.000,zyQbLrDbnVAAyE0h,2426.000,Fw2XlLSvhDCRIl7z,,,,,,
3,237,2026-04-05T12:41:57.412Z,2847.000,7,707.000,jIf2AEWi7y2xcK85,768.000,SayB0+Vq1qyZnTIu,1741.000,zyQbLrDbnVAAyE0h,1750.000,q5GVJKHvqVwABnDf,1791.000,MY8Sv42aXxDpCjC4,1828.000,md4MdKOU6ZsQ//g0,2847.000,TiCg1GW9IStcOras,,,,,,
3,238,2026-04-05T12:42:00.259Z,4049.000,7,472.000,jIf2AEWi7y2xcK85,1075.000,MY8Sv42aXxDpCjC4,1733.000,q5GVJKHvqVwABnDf,1845.000,md4MdKOU6ZsQ//g0,1876.000,SayB0+Vq1qyZnTIu,2967.000,Fw2XlLSvhDCRIl7z,4049.000,TiCg1GW9IStcOras,,,,,,
3,239,2026-04-05T12:42:04.308Z,4487.000,7,704.000,jIf2AEWi7y2xcK85,2640.000,q5GVJKHvqVwABnDf,2706.000,MY8Sv42aXxDpCjC4,2733.000,md4MdKOU6ZsQ//g0,2782.000,SayB0+Vq1qyZnTIu,4296.000,zyQbLrDbnVAAyE0h,4487.000,TiCg1GW9IStcOras,,,,,,
3,240,2026-04-05T12:42:08.795Z,5310.000,7,704.000,jIf2AEWi7y2xcK85,2316.000,SayB0+Vq1qyZnTIu,2372.000,q5GVJKHvqVwABnDf,2403.000,md4MdKOU6ZsQ//g0,2459.000,MY8Sv42aXxDpCjC4,4092.000,zyQbLrDbnVAAyE0h,5309.000,TiCg1GW9IStcOras,,,,,,
3,241,2026-04-05T12:42:14.105Z,7330.000,7,699.000,jIf2AEWi7y2xcK85,2296.000,md4MdKOU6ZsQ//g0,4328.000,q5GVJKHvqVwABnDf,4437.000,MY8Sv42aXxDpCjC4,4492.000,SayB0+Vq1qyZnTIu,6357.000,zyQbLrDbnVAAyE0h,7330.000,BjjWVd8h3JWMBrnK,,,,,,
3,242,2026-04-05T12:42:21.435Z,8388.000,7,701.000,jIf2AEWi7y2xcK85,5071.000,q5GVJKHvqVwABnDf,5118.000,md4MdKOU6ZsQ//g0,5152.000,SayB0+Vq1qyZnTIu,5216.000,MY8Sv42aXxDpCjC4,8362.000,TiCg1GW9IStcOras,8387.000,OY9eVeUW8tGGPJFe,,,,,,
3,243,2026-04-05T12:42:29.823Z,8346.000,7,702.000,jIf2AEWi7y2xcK85,3908.000,q5GVJKHvqVwABnDf,4021.000,md4MdKOU6ZsQ//g0,4991.000,SayB0+Vq1qyZnTIu,5001.000,MY8Sv42aXxDpCjC4,8344.000,TiCg1GW9IStcOras,8346.000,OY9eVeUW8tGGPJFe,,,,,,
3,244,2026-04-05T12:42:38.169Z,8355.000,7,704.000,jIf2AEWi7y2xcK85,5762.000,q5GVJKHvqVwABnDf,6653.000,SayB0+Vq1qyZnTIu,6654.000,md4MdKOU6ZsQ//g0,6658.000,MY8Sv42aXxDpCjC4,7909.000,zyQbLrDbnVAAyE0h,8355.000,Fw2XlLSvhDCRIl7z,,,,,,
3,245,2026-04-05T12:42:46.524Z,,1,704.000,jIf2AEWi7y2xcK85,,,,,,,,,,,,,,,,,,
4,1,2026-04-05T12:40:26.595Z,7808.000,7,3823.000,q5GVJKHvqVwABnDf,4209.000,TiCg1GW9IStcOras,5291.000,zyQbLrDbnVAAyE0h,5652.000,Fw2XlLSvhDCRIl7z,6225.000,MY8Sv42aXxDpCjC4,7705.000,BjjWVd8h3JWMBrnK,7809.000,md4MdKOU6ZsQ//g0,,,,,,
4,2,2026-04-05T12:40:34.403Z,254.000,7,105.000,zyQbLrDbnVAAyE0h,106.000,TiCg1GW9IStcOras,107.000,q5GVJKHvqVwABnDf,205.000,Fw2XlLSvhDCRIl7z,208.000,MY8Sv42aXxDpCjC4,209.000,BjjWVd8h3JWMBrnK,308.000,md4MdKOU6ZsQ//g0,,,,,,
4,3,2026-04-05T12:40:34.657Z,305.000,7,162.000,zyQbLrDbnVAAyE0h,163.000,TiCg1GW9IStcOras,164.000,q5GVJKHvqVwABnDf,165.000,BjjWVd8h3JWMBrnK,259.000,Fw2XlLSvhDCRIl7z,269.000,MY8Sv42aXxDpCjC4,364.000,md4MdKOU6ZsQ//g0,,,,,,
4,4,2026-04-05T12:40:34.962Z,273.000,7,167.000,BjjWVd8h3JWMBrnK,169.000,zyQbLrDbnVAAyE0h,170.000,TiCg1GW9IStcOras,170.000,q5GVJKHvqVwABnDf,262.000,Fw2XlLSvhDCRIl7z,274.000,MY8Sv42aXxDpCjC4,368.000,md4MdKOU6ZsQ//g0,,,,,,
4,5,2026-04-05T12:40:35.235Z,305.000,7,205.000,zyQbLrDbnVAAyE0h,206.000,TiCg1GW9IStcOras,206.000,q5GVJKHvqVwABnDf,208.000,BjjWVd8h3JWMBrnK,295.000,Fw2XlLSvhDCRIl7z,405.000,md4MdKOU6ZsQ//g0,309.000,MY8Sv42aXxDpCjC4,,,,,,
4,6,2026-04-05T12:40:35.540Z,311.000,8,204.000,zyQbLrDbnVAAyE0h,206.000,q5GVJKHvqVwABnDf,208.000,BjjWVd8h3JWMBrnK,211.000,TiCg1GW9IStcOras,299.000,Fw2XlLSvhDCRIl7z,310.000,MY8Sv42aXxDpCjC4,408.000,md4MdKOU6ZsQ//g0,405.000,SayB0+Vq1qyZnTIu,,,,
4,7,2026-04-05T12:40:35.851Z,303.000,10,199.000,zyQbLrDbnVAAyE0h,200.000,BjjWVd8h3JWMBrnK,202.000,OY9eVeUW8tGGPJFe,204.000,q5GVJKHvqVwABnDf,208.000,TiCg1GW9IStcOras,298.000,Fw2XlLSvhDCRIl7z,307.000,MY8Sv42aXxDpCjC4,349.000,md4MdKOU6ZsQ//g0,355.000,SayB0+Vq1qyZnTIu,1058.000,jIf2AEWi7y2xcK85
4,8,2026-04-05T12:40:36.154Z,246.000,9,203.000,BjjWVd8h3JWMBrnK,205.000,Fw2XlLSvhDCRIl7z,206.000,OY9eVeUW8tGGPJFe,209.000,q5GVJKHvqVwABnDf,214.000,zyQbLrDbnVAAyE0h,216.000,TiCg1GW9IStcOras,246.000,md4MdKOU6ZsQ//g0,309.000,SayB0+Vq1qyZnTIu,312.000,MY8Sv42aXxDpCjC4,,
4,9,2026-04-05T12:40:36.400Z,272.000,9,168.000,q5GVJKHvqVwABnDf,175.000,zyQbLrDbnVAAyE0h,176.000,TiCg1GW9IStcOras,207.000,OY9eVeUW8tGGPJFe,208.000,BjjWVd8h3JWMBrnK,249.000,Fw2XlLSvhDCRIl7z,272.000,MY8Sv42aXxDpCjC4,379.000,md4MdKOU6ZsQ//g0,383.000,SayB0+Vq1qyZnTIu,,
4,10,2026-04-05T12:40:36.672Z,314.000,8,211.000,q5GVJKHvqVwABnDf,214.000,TiCg1GW9IStcOras,215.000,zyQbLrDbnVAAyE0h,242.000,BjjWVd8h3JWMBrnK,254.000,OY9eVeUW8tGGPJFe,301.000,Fw2XlLSvhDCRIl7z,314.000,MY8Sv42aXxDpCjC4,419.000,md4MdKOU6ZsQ//g0,,,,
4,11,2026-04-05T12:40:36.986Z,309.000,9,204.000,q5GVJKHvqVwABnDf,208.000,TiCg1GW9IStcOras,209.000,zyQbLrDbnVAAyE0h,210.000,OY9eVeUW8tGGPJFe,217.000,BjjWVd8h3JWMBrnK,235.000,Fw2XlLSvhDCRIl7z,309.000,MY8Sv42aXxDpCjC4,380.000,SayB0+Vq1qyZnTIu,412.000,md4MdKOU6ZsQ//g0,,
4,12,2026-04-05T12:40:37.295Z,271.000,8,146.000,TiCg1GW9IStcOras,205.000,q5GVJKHvqVwABnDf,209.000,BjjWVd8h3JWMBrnK,211.000,zyQbLrDbnVAAyE0h,213.000,OY9eVeUW8tGGPJFe,256.000,Fw2XlLSvhDCRIl7z,277.000,SayB0+Vq1qyZnTIu,310.000,MY8Sv42aXxDpCjC4,,,,
4,13,2026-04-05T12:40:37.566Z,246.000,9,143.000,q5GVJKHvqVwABnDf,146.000,zyQbLrDbnVAAyE0h,207.000,TiCg1GW9IStcOras,209.000,OY9eVeUW8tGGPJFe,210.000,Fw2XlLSvhDCRIl7z,232.000,BjjWVd8h3JWMBrnK,246.000,MY8Sv42aXxDpCjC4,310.000,md4MdKOU6ZsQ//g0,317.000,SayB0+Vq1qyZnTIu,,
4,14,2026-04-05T12:40:37.812Z,305.000,8,168.000,OY9eVeUW8tGGPJFe,170.000,TiCg1GW9IStcOras,171.000,zyQbLrDbnVAAyE0h,209.000,q5GVJKHvqVwABnDf,212.000,BjjWVd8h3JWMBrnK,272.000,Fw2XlLSvhDCRIl7z,370.000,md4MdKOU6ZsQ//g0,311.000,MY8Sv42aXxDpCjC4,,,,
4,15,2026-04-05T12:40:38.117Z,276.000,9,109.000,zyQbLrDbnVAAyE0h,173.000,Fw2XlLSvhDCRIl7z,197.000,OY9eVeUW8tGGPJFe,205.000,TiCg1GW9IStcOras,206.000,q5GVJKHvqVwABnDf,211.000,BjjWVd8h3JWMBrnK,326.000,md4MdKOU6ZsQ//g0,311.000,SayB0+Vq1qyZnTIu,314.000,MY8Sv42aXxDpCjC4,,
4,16,2026-04-05T12:40:38.393Z,253.000,9,170.000,zyQbLrDbnVAAyE0h,175.000,OY9eVeUW8tGGPJFe,176.000,BjjWVd8h3JWMBrnK,198.000,q5GVJKHvqVwABnDf,207.000,Fw2XlLSvhDCRIl7z,235.000,TiCg1GW9IStcOras,344.000,SayB0+Vq1qyZnTIu,303.000,md4MdKOU6ZsQ//g0,343.000,MY8Sv42aXxDpCjC4,,
4,17,2026-04-05T12:40:38.646Z,271.000,9,138.000,OY9eVeUW8tGGPJFe,139.000,zyQbLrDbnVAAyE0h,187.000,TiCg1GW9IStcOras,199.000,q5GVJKHvqVwABnDf,225.000,Fw2XlLSvhDCRIl7z,245.000,BjjWVd8h3JWMBrnK,296.000,SayB0+Vq1qyZnTIu,302.000,MY8Sv42aXxDpCjC4,349.000,md4MdKOU6ZsQ//g0,,
4,18,2026-04-05T12:40:38.917Z,244.000,10,138.000,TiCg1GW9IStcOras,184.000,zyQbLrDbnVAAyE0h,190.000,q5GVJKHvqVwABnDf,194.000,Fw2XlLSvhDCRIl7z,204.000,BjjWVd8h3JWMBrnK,206.000,OY9eVeUW8tGGPJFe,294.000,md4MdKOU6ZsQ//g0,334.000,SayB0+Vq1qyZnTIu,338.000,MY8Sv42aXxDpCjC4,689.000,jIf2AEWi7y2xcK85
4,19,2026-04-05T12:40:39.161Z,273.000,9,168.000,OY9eVeUW8tGGPJFe,183.000,Fw2XlLSvhDCRIl7z,191.000,TiCg1GW9IStcOras,237.000,zyQbLrDbnVAAyE0h,254.000,q5GVJKHvqVwABnDf,266.000,BjjWVd8h3JWMBrnK,295.000,SayB0+Vq1qyZnTIu,358.000,md4MdKOU6ZsQ//g0,380.000,MY8Sv42aXxDpCjC4,,
4,20,2026-04-05T12:40:39.434Z,243.000,9,136.000,Fw2XlLSvhDCRIl7z,188.000,q5GVJKHvqVwABnDf,206.000,OY9eVeUW8tGGPJFe,216.000,BjjWVd8h3JWMBrnK,220.000,zyQbLrDbnVAAyE0h,225.000,TiCg1GW9IStcOras,333.000,MY8Sv42aXxDpCjC4,292.000,md4MdKOU6ZsQ//g0,331.000,SayB0+Vq1qyZnTIu,,
4,21,2026-04-05T12:40:39.677Z,275.000,9,171.000,OY9eVeUW8tGGPJFe,190.000,TiCg1GW9IStcOras,203.000,Fw2XlLSvhDCRIl7z,236.000,zyQbLrDbnVAAyE0h,251.000,q5GVJKHvqVwABnDf,264.000,BjjWVd8h3JWMBrnK,292.000,SayB0+Vq1qyZnTIu,353.000,md4MdKOU6ZsQ//g0,379.000,MY8Sv42aXxDpCjC4,,
4,22,2026-04-05T12:40:39.952Z,270.000,9,122.000,TiCg1GW9IStcOras,181.000,q5GVJKHvqVwABnDf,189.000,Fw2XlLSvhDCRIl7z,206.000,OY9eVeUW8tGGPJFe,213.000,BjjWVd8h3JWMBrnK,215.000,zyQbLrDbnVAAyE0h,330.000,MY8Sv42aXxDpCjC4,292.000,md4MdKOU6ZsQ//g0,326.000,SayB0+Vq1qyZnTIu,,
4,23,2026-04-05T12:40:40.222Z,262.000,9,124.000,q5GVJKHvqVwABnDf,161.000,TiCg1GW9IStcOras,170.000,OY9eVeUW8tGGPJFe,194.000,Fw2XlLSvhDCRIl7z,203.000,zyQbLrDbnVAAyE0h,236.000,BjjWVd8h3JWMBrnK,262.000,SayB0+Vq1qyZnTIu,276.000,md4MdKOU6ZsQ//g0,344.000,MY8Sv42aXxDpCjC4,,
4,24,2026-04-05T12:40:40.484Z,221.000,9,117.000,Fw2XlLSvhDCRIl7z,186.000,OY9eVeUW8tGGPJFe,195.000,zyQbLrDbnVAAyE0h,203.000,BjjWVd8h3JWMBrnK,206.000,q5GVJKHvqVwABnDf,207.000,TiCg1GW9IStcOras,315.000,MY8Sv42aXxDpCjC4,310.000,SayB0+Vq1qyZnTIu,324.000,md4MdKOU6ZsQ//g0,,
4,25,2026-04-05T12:40:40.705Z,301.000,9,158.000,Fw2XlLSvhDCRIl7z,192.000,BjjWVd8h3JWMBrnK,194.000,TiCg1GW9IStcOras,227.000,OY9eVeUW8tGGPJFe,233.000,zyQbLrDbnVAAyE0h,247.000,q5GVJKHvqVwABnDf,366.000,SayB0+Vq1qyZnTIu,352.000,md4MdKOU6ZsQ//g0,367.000,MY8Sv42aXxDpCjC4,,
4,26,2026-04-05T12:40:41.006Z,245.000,9,108.000,Fw2XlLSvhDCRIl7z,174.000,BjjWVd8h3JWMBrnK,180.000,OY9eVeUW8tGGPJFe,188.000,zyQbLrDbnVAAyE0h,202.000,q5GVJKHvqVwABnDf,210.000,TiCg1GW9IStcOras,304.000,MY8Sv42aXxDpCjC4,305.000,SayB0+Vq1qyZnTIu,314.000,md4MdKOU6ZsQ//g0,,
4,27,2026-04-05T12:40:41.251Z,265.000,9,163.000,Fw2XlLSvhDCRIl7z,170.000,TiCg1GW9IStcOras,173.000,BjjWVd8h3JWMBrnK,194.000,OY9eVeUW8tGGPJFe,204.000,zyQbLrDbnVAAyE0h,213.000,q5GVJKHvqVwABnDf,265.000,SayB0+Vq1qyZnTIu,317.000,md4MdKOU6ZsQ//g0,348.000,MY8Sv42aXxDpCjC4,,
4,28,2026-04-05T12:40:41.516Z,223.000,9,114.000,TiCg1GW9IStcOras,145.000,zyQbLrDbnVAAyE0h,146.000,Fw2XlLSvhDCRIl7z,183.000,BjjWVd8h3JWMBrnK,205.000,q5GVJKHvqVwABnDf,215.000,OY9eVeUW8tGGPJFe,308.000,MY8Sv42aXxDpCjC4,311.000,SayB0+Vq1qyZnTIu,318.000,md4MdKOU6ZsQ//g0,,
4,29,2026-04-05T12:40:41.739Z,295.000,9,189.000,BjjWVd8h3JWMBrnK,192.000,Fw2XlLSvhDCRIl7z,203.000,TiCg1GW9IStcOras,216.000,OY9eVeUW8tGGPJFe,231.000,zyQbLrDbnVAAyE0h,241.000,q5GVJKHvqVwABnDf,294.000,SayB0+Vq1qyZnTIu,345.000,md4MdKOU6ZsQ//g0,376.000,MY8Sv42aXxDpCjC4,,
4,30,2026-04-05T12:40:42.034Z,220.000,9,115.000,TiCg1GW9IStcOras,143.000,zyQbLrDbnVAAyE0h,199.000,q5GVJKHvqVwABnDf,206.000,BjjWVd8h3JWMBrnK,207.000,Fw2XlLSvhDCRIl7z,209.000,OY9eVeUW8tGGPJFe,303.000,MY8Sv42aXxDpCjC4,308.000,SayB0+Vq1qyZnTIu,317.000,md4MdKOU6ZsQ//g0,,
4,31,2026-04-05T12:40:42.254Z,300.000,9,193.000,BjjWVd8h3JWMBrnK,201.000,Fw2XlLSvhDCRIl7z,205.000,TiCg1GW9IStcOras,214.000,OY9eVeUW8tGGPJFe,231.000,zyQbLrDbnVAAyE0h,241.000,q5GVJKHvqVwABnDf,395.000,SayB0+Vq1qyZnTIu,346.000,md4MdKOU6ZsQ//g0,389.000,MY8Sv42aXxDpCjC4,,
4,32,2026-04-05T12:40:42.554Z,254.000,9,110.000,TiCg1GW9IStcOras,111.000,Fw2XlLSvhDCRIl7z,202.000,BjjWVd8h3JWMBrnK,222.000,OY9eVeUW8tGGPJFe,240.000,zyQbLrDbnVAAyE0h,250.000,q5GVJKHvqVwABnDf,294.000,MY8Sv42aXxDpCjC4,349.000,md4MdKOU6ZsQ//g0,350.000,SayB0+Vq1qyZnTIu,,
4,33,2026-04-05T12:40:42.808Z,262.000,9,157.000,BjjWVd8h3JWMBrnK,172.000,Fw2XlLSvhDCRIl7z,176.000,OY9eVeUW8tGGPJFe,188.000,TiCg1GW9IStcOras,196.000,zyQbLrDbnVAAyE0h,204.000,q5GVJKHvqVwABnDf,356.000,SayB0+Vq1qyZnTIu,309.000,md4MdKOU6ZsQ//g0,347.000,MY8Sv42aXxDpCjC4,,
4,34,2026-04-05T12:40:43.070Z,270.000,9,139.000,TiCg1GW9IStcOras,149.000,Fw2XlLSvhDCRIl7z,173.000,OY9eVeUW8tGGPJFe,203.000,BjjWVd8h3JWMBrnK,237.000,zyQbLrDbnVAAyE0h,250.000,q5GVJKHvqVwABnDf,291.000,MY8Sv42aXxDpCjC4,348.000,SayB0+Vq1qyZnTIu,350.000,md4MdKOU6ZsQ//g0,,
4,35,2026-04-05T12:40:43.340Z,246.000,9,131.000,Fw2XlLSvhDCRIl7z,138.000,OY9eVeUW8tGGPJFe,178.000,zyQbLrDbnVAAyE0h,188.000,q5GVJKHvqVwABnDf,205.000,TiCg1GW9IStcOras,241.000,BjjWVd8h3JWMBrnK,335.000,SayB0+Vq1qyZnTIu,291.000,md4MdKOU6ZsQ//g0,329.000,MY8Sv42aXxDpCjC4,,
4,36,2026-04-05T12:40:43.586Z,301.000,9,147.000,OY9eVeUW8tGGPJFe,148.000,q5GVJKHvqVwABnDf,149.000,Fw2XlLSvhDCRIl7z,165.000,TiCg1GW9IStcOras,200.000,BjjWVd8h3JWMBrnK,235.000,zyQbLrDbnVAAyE0h,302.000,md4MdKOU6ZsQ//g0,306.000,MY8Sv42aXxDpCjC4,308.000,SayB0+Vq1qyZnTIu,,
4,37,2026-04-05T12:40:43.887Z,214.000,9,110.000,Fw2XlLSvhDCRIl7z,111.000,OY9eVeUW8tGGPJFe,139.000,TiCg1GW9IStcOras,141.000,zyQbLrDbnVAAyE0h,148.000,BjjWVd8h3JWMBrnK,195.000,q5GVJKHvqVwABnDf,299.000,MY8Sv42aXxDpCjC4,302.000,SayB0+Vq1qyZnTIu,309.000,md4MdKOU6ZsQ//g0,,
4,38,2026-04-05T12:40:44.101Z,305.000,9,132.000,TiCg1GW9IStcOras,142.000,zyQbLrDbnVAAyE0h,203.000,OY9eVeUW8tGGPJFe,205.000,BjjWVd8h3JWMBrnK,207.000,Fw2XlLSvhDCRIl7z,238.000,q5GVJKHvqVwABnDf,350.000,SayB0+Vq1qyZnTIu,342.000,md4MdKOU6ZsQ//g0,355.000,MY8Sv42aXxDpCjC4,,
4,39,2026-04-05T12:40:44.406Z,257.000,9,107.000,TiCg1GW9IStcOras,109.000,BjjWVd8h3JWMBrnK,190.000,zyQbLrDbnVAAyE0h,203.000,q5GVJKHvqVwABnDf,206.000,OY9eVeUW8tGGPJFe,212.000,Fw2XlLSvhDCRIl7z,309.000,MY8Sv42aXxDpCjC4,307.000,SayB0+Vq1qyZnTIu,318.000,md4MdKOU6ZsQ//g0,,
4,40,2026-04-05T12:40:44.663Z,260.000,9,154.000,OY9eVeUW8tGGPJFe,159.000,BjjWVd8h3JWMBrnK,189.000,zyQbLrDbnVAAyE0h,192.000,Fw2XlLSvhDCRIl7z,198.000,q5GVJKHvqVwABnDf,242.000,TiCg1GW9IStcOras,357.000,MY8Sv42aXxDpCjC4,301.000,md4MdKOU6ZsQ//g0,356.000,SayB0+Vq1qyZnTIu,,
4,41,2026-04-05T12:40:44.923Z,257.000,9,135.000,zyQbLrDbnVAAyE0h,150.000,OY9eVeUW8tGGPJFe,188.000,TiCg1GW9IStcOras,209.000,BjjWVd8h3JWMBrnK,211.000,Fw2XlLSvhDCRIl7z,246.000,q5GVJKHvqVwABnDf,352.000,md4MdKOU6ZsQ//g0,359.000,SayB0+Vq1qyZnTIu,360.000,MY8Sv42aXxDpCjC4,,
4,42,2026-04-05T12:40:45.180Z,266.000,9,153.000,zyQbLrDbnVAAyE0h,158.000,OY9eVeUW8tGGPJFe,192.000,Fw2XlLSvhDCRIl7z,198.000,q5GVJKHvqVwABnDf,222.000,BjjWVd8h3JWMBrnK,245.000,TiCg1GW9IStcOras,351.000,SayB0+Vq1qyZnTIu,304.000,md4MdKOU6ZsQ//g0,354.000,MY8Sv42aXxDpCjC4,,
4,43,2026-04-05T12:40:45.446Z,300.000,9,144.000,OY9eVeUW8tGGPJFe,172.000,zyQbLrDbnVAAyE0h,194.000,TiCg1GW9IStcOras,235.000,Fw2XlLSvhDCRIl7z,236.000,BjjWVd8h3JWMBrnK,240.000,q5GVJKHvqVwABnDf,353.000,MY8Sv42aXxDpCjC4,345.000,md4MdKOU6ZsQ//g0,354.000,SayB0+Vq1qyZnTIu,,
4,44,2026-04-05T12:40:45.746Z,218.000,9,113.000,zyQbLrDbnVAAyE0h,143.000,OY9eVeUW8tGGPJFe,173.000,BjjWVd8h3JWMBrnK,192.000,TiCg1GW9IStcOras,201.000,q5GVJKHvqVwABnDf,211.000,Fw2XlLSvhDCRIl7z,305.000,SayB0+Vq1qyZnTIu,307.000,MY8Sv42aXxDpCjC4,315.000,md4MdKOU6ZsQ//g0,,
4,45,2026-04-05T12:40:45.964Z,295.000,9,181.000,OY9eVeUW8tGGPJFe,190.000,q5GVJKHvqVwABnDf,191.000,zyQbLrDbnVAAyE0h,198.000,TiCg1GW9IStcOras,228.000,Fw2XlLSvhDCRIl7z,235.000,BjjWVd8h3JWMBrnK,351.000,MY8Sv42aXxDpCjC4,301.000,SayB0+Vq1qyZnTIu,336.000,md4MdKOU6ZsQ//g0,,
4,46,2026-04-05T12:40:46.259Z,247.000,9,196.000,TiCg1GW9IStcOras,204.000,q5GVJKHvqVwABnDf,205.000,zyQbLrDbnVAAyE0h,206.000,BjjWVd8h3JWMBrnK,210.000,Fw2XlLSvhDCRIl7z,212.000,OY9eVeUW8tGGPJFe,315.000,SayB0+Vq1qyZnTIu,309.000,MY8Sv42aXxDpCjC4,325.000,md4MdKOU6ZsQ//g0,,
4,47,2026-04-05T12:40:46.506Z,276.000,9,168.000,BjjWVd8h3JWMBrnK,172.000,q5GVJKHvqVwABnDf,173.000,OY9eVeUW8tGGPJFe,203.000,Fw2XlLSvhDCRIl7z,256.000,TiCg1GW9IStcOras,267.000,zyQbLrDbnVAAyE0h,310.000,md4MdKOU6ZsQ//g0,276.000,SayB0+Vq1qyZnTIu,368.000,MY8Sv42aXxDpCjC4,,
4,48,2026-04-05T12:40:46.782Z,304.000,9,137.000,Fw2XlLSvhDCRIl7z,195.000,BjjWVd8h3JWMBrnK,206.000,OY9eVeUW8tGGPJFe,207.000,q5GVJKHvqVwABnDf,208.000,zyQbLrDbnVAAyE0h,210.000,TiCg1GW9IStcOras,347.000,MY8Sv42aXxDpCjC4,340.000,md4MdKOU6ZsQ//g0,309.000,SayB0+Vq1qyZnTIu,,
4,49,2026-04-05T12:40:47.086Z,217.000,9,108.000,q5GVJKHvqVwABnDf,112.000,TiCg1GW9IStcOras,114.000,BjjWVd8h3JWMBrnK,146.000,Fw2XlLSvhDCRIl7z,205.000,zyQbLrDbnVAAyE0h,211.000,OY9eVeUW8tGGPJFe,216.000,SayB0+Vq1qyZnTIu,306.000,MY8Sv42aXxDpCjC4,311.000,md4MdKOU6ZsQ//g0,,
4,50,2026-04-05T12:40:47.303Z,300.000,9,197.000,BjjWVd8h3JWMBrnK,202.000,Fw2XlLSvhDCRIl7z,203.000,OY9eVeUW8tGGPJFe,204.000,q5GVJKHvqVwABnDf,206.000,TiCg1GW9IStcOras,297.000,zyQbLrDbnVAAyE0h,398.000,MY8Sv42aXxDpCjC4,334.000,md4MdKOU6ZsQ//g0,308.000,SayB0+Vq1qyZnTIu,,
4,51,2026-04-05T12:40:47.603Z,217.000,9,111.000,BjjWVd8h3JWMBrnK,112.000,q5GVJKHvqVwABnDf,114.000,TiCg1GW9IStcOras,203.000,zyQbLrDbnVAAyE0h,211.000,OY9eVeUW8tGGPJFe,213.000,Fw2XlLSvhDCRIl7z,217.000,SayB0+Vq1qyZnTIu,529.000,md4MdKOU6ZsQ//g0,632.000,MY8Sv42aXxDpCjC4,,
4,52,2026-04-05T12:40:47.820Z,298.000,9,192.000,TiCg1GW9IStcOras,195.000,zyQbLrDbnVAAyE0h,198.000,BjjWVd8h3JWMBrnK,202.000,OY9eVeUW8tGGPJFe,208.000,q5GVJKHvqVwABnDf,230.000,Fw2XlLSvhDCRIl7z,332.000,md4MdKOU6ZsQ//g0,341.000,MY8Sv42aXxDpCjC4,310.000,SayB0+Vq1qyZnTIu,,
4,53,2026-04-05T12:40:48.118Z,223.000,9,115.000,q5GVJKHvqVwABnDf,118.000,BjjWVd8h3JWMBrnK,119.000,TiCg1GW9IStcOras,205.000,zyQbLrDbnVAAyE0h,207.000,Fw2XlLSvhDCRIl7z,212.000,OY9eVeUW8tGGPJFe,223.000,SayB0+Vq1qyZnTIu,310.000,md4MdKOU6ZsQ//g0,311.000,MY8Sv42aXxDpCjC4,,
4,54,2026-04-05T12:40:48.341Z,292.000,9,190.000,TiCg1GW9IStcOras,191.000,zyQbLrDbnVAAyE0h,192.000,q5GVJKHvqVwABnDf,193.000,BjjWVd8h3JWMBrnK,197.000,OY9eVeUW8tGGPJFe,224.000,Fw2XlLSvhDCRIl7z,293.000,MY8Sv42aXxDpCjC4,308.000,SayB0+Vq1qyZnTIu,316.000,md4MdKOU6ZsQ//g0,,
4,55,2026-04-05T12:40:48.633Z,207.000,9,119.000,BjjWVd8h3JWMBrnK,120.000,q5GVJKHvqVwABnDf,122.000,TiCg1GW9IStcOras,143.000,OY9eVeUW8tGGPJFe,148.000,Fw2XlLSvhDCRIl7z,205.000,zyQbLrDbnVAAyE0h,207.000,MY8Sv42aXxDpCjC4,224.000,SayB0+Vq1qyZnTIu,263.000,md4MdKOU6ZsQ//g0,,
4,56,2026-04-05T12:40:48.840Z,251.000,9,122.000,BjjWVd8h3JWMBrnK,144.000,OY9eVeUW8tGGPJFe,202.000,Fw2XlLSvhDCRIl7z,204.000,q5GVJKHvqVwABnDf,205.000,zyQbLrDbnVAAyE0h,206.000,TiCg1GW9IStcOras,326.000,SayB0+Vq1qyZnTIu,307.000,MY8Sv42aXxDpCjC4,355.000,md4MdKOU6ZsQ//g0,,
4,57,2026-04-05T12:40:49.091Z,270.000,9,161.000,zyQbLrDbnVAAyE0h,166.000,BjjWVd8h3JWMBrnK,186.000,Fw2XlLSvhDCRIl7z,204.000,OY9eVeUW8tGGPJFe,215.000,q5GVJKHvqVwABnDf,261.000,TiCg1GW9IStcOras,319.000,md4MdKOU6ZsQ//g0,366.000,MY8Sv42aXxDpCjC4,370.000,SayB0+Vq1qyZnTIu,,
4,58,2026-04-05T12:40:49.361Z,251.000,9,141.000,BjjWVd8h3JWMBrnK,195.000,Fw2XlLSvhDCRIl7z,198.000,zyQbLrDbnVAAyE0h,212.000,q5GVJKHvqVwABnDf,219.000,TiCg1GW9IStcOras,236.000,OY9eVeUW8tGGPJFe,316.000,SayB0+Vq1qyZnTIu,302.000,MY8Sv42aXxDpCjC4,353.000,md4MdKOU6ZsQ//g0,,
4,59,2026-04-05T12:40:49.612Z,268.000,9,159.000,zyQbLrDbnVAAyE0h,163.000,BjjWVd8h3JWMBrnK,210.000,q5GVJKHvqVwABnDf,252.000,Fw2XlLSvhDCRIl7z,255.000,TiCg1GW9IStcOras,262.000,OY9eVeUW8tGGPJFe,314.000,md4MdKOU6ZsQ//g0,360.000,MY8Sv42aXxDpCjC4,370.000,SayB0+Vq1qyZnTIu,,
4,60,2026-04-05T12:40:49.880Z,248.000,9,143.000,BjjWVd8h3JWMBrnK,195.000,TiCg1GW9IStcOras,197.000,zyQbLrDbnVAAyE0h,210.000,q5GVJKHvqVwABnDf,218.000,Fw2XlLSvhDCRIl7z,234.000,OY9eVeUW8tGGPJFe,314.000,SayB0+Vq1qyZnTIu,348.000,MY8Sv42aXxDpCjC4,352.000,md4MdKOU6ZsQ//g0,,
4,61,2026-04-05T12:40:50.128Z,279.000,9,157.000,TiCg1GW9IStcOras,158.000,zyQbLrDbnVAAyE0h,162.000,BjjWVd8h3JWMBrnK,207.000,q5GVJKHvqVwABnDf,249.000,Fw2XlLSvhDCRIl7z,259.000,OY9eVeUW8tGGPJFe,357.000,SayB0+Vq1qyZnTIu,310.000,md4MdKOU6ZsQ//g0,359.000,MY8Sv42aXxDpCjC4,,
4,62,2026-04-05T12:40:50.407Z,283.000,9,177.000,Fw2XlLSvhDCRIl7z,192.000,OY9eVeUW8tGGPJFe,200.000,q5GVJKHvqVwABnDf,206.000,TiCg1GW9IStcOras,209.000,BjjWVd8h3JWMBrnK,210.000,zyQbLrDbnVAAyE0h,305.000,SayB0+Vq1qyZnTIu,339.000,md4MdKOU6ZsQ//g0,389.000,MY8Sv42aXxDpCjC4,,
4,63,2026-04-05T12:40:50.690Z,242.000,9,125.000,q5GVJKHvqVwABnDf,134.000,BjjWVd8h3JWMBrnK,135.000,TiCg1GW9IStcOras,136.000,zyQbLrDbnVAAyE0h,154.000,Fw2XlLSvhDCRIl7z,217.000,OY9eVeUW8tGGPJFe,263.000,md4MdKOU6ZsQ//g0,257.000,SayB0+Vq1qyZnTIu,312.000,MY8Sv42aXxDpCjC4,,
4,64,2026-04-05T12:40:50.932Z,272.000,9,123.000,q5GVJKHvqVwABnDf,169.000,Fw2XlLSvhDCRIl7z,201.000,TiCg1GW9IStcOras,203.000,BjjWVd8h3JWMBrnK,205.000,zyQbLrDbnVAAyE0h,210.000,OY9eVeUW8tGGPJFe,322.000,SayB0+Vq1qyZnTIu,287.000,md4MdKOU6ZsQ//g0,296.000,MY8Sv42aXxDpCjC4,,
4,65,2026-04-05T12:40:51.204Z,245.000,9,137.000,BjjWVd8h3JWMBrnK,139.000,Fw2XlLSvhDCRIl7z,153.000,zyQbLrDbnVAAyE0h,155.000,q5GVJKHvqVwABnDf,156.000,TiCg1GW9IStcOras,220.000,OY9eVeUW8tGGPJFe,263.000,md4MdKOU6ZsQ//g0,258.000,SayB0+Vq1qyZnTIu,366.000,MY8Sv42aXxDpCjC4,,
4,66,2026-04-05T12:40:51.449Z,242.000,9,135.000,TiCg1GW9IStcOras,201.000,q5GVJKHvqVwABnDf,202.000,BjjWVd8h3JWMBrnK,203.000,zyQbLrDbnVAAyE0h,209.000,OY9eVeUW8tGGPJFe,221.000,Fw2XlLSvhDCRIl7z,320.000,SayB0+Vq1qyZnTIu,304.000,MY8Sv42aXxDpCjC4,325.000,md4MdKOU6ZsQ//g0,,
4,67,2026-04-05T12:40:51.691Z,272.000,8,165.000,TiCg1GW9IStcOras,167.000,Fw2XlLSvhDCRIl7z,170.000,BjjWVd8h3JWMBrnK,186.000,q5GVJKHvqVwABnDf,219.000,zyQbLrDbnVAAyE0h,245.000,OY9eVeUW8tGGPJFe,289.000,md4MdKOU6ZsQ//g0,285.000,SayB0+Vq1qyZnTIu,,,,
4,68,2026-04-05T12:40:51.963Z,261.000,9,213.000,OY9eVeUW8tGGPJFe,215.000,TiCg1GW9IStcOras,217.000,BjjWVd8h3JWMBrnK,219.000,zyQbLrDbnVAAyE0h,221.000,q5GVJKHvqVwABnDf,222.000,Fw2XlLSvhDCRIl7z,306.000,MY8Sv42aXxDpCjC4,317.000,SayB0+Vq1qyZnTIu,309.000,md4MdKOU6ZsQ//g0,,
4,69,2026-04-05T12:40:52.224Z,258.000,9,148.000,zyQbLrDbnVAAyE0h,152.000,TiCg1GW9IStcOras,167.000,q5GVJKHvqVwABnDf,169.000,BjjWVd8h3JWMBrnK,170.000,Fw2XlLSvhDCRIl7z,216.000,OY9eVeUW8tGGPJFe,300.000,SayB0+Vq1qyZnTIu,271.000,md4MdKOU6ZsQ//g0,352.000,MY8Sv42aXxDpCjC4,,
4,70,2026-04-05T12:40:52.482Z,250.000,9,116.000,q5GVJKHvqVwABnDf,161.000,TiCg1GW9IStcOras,164.000,Fw2XlLSvhDCRIl7z,166.000,zyQbLrDbnVAAyE0h,179.000,OY9eVeUW8tGGPJFe,202.000,BjjWVd8h3JWMBrnK,296.000,MY8Sv42aXxDpCjC4,262.000,SayB0+Vq1qyZnTIu,267.000,md4MdKOU6ZsQ//g0,,
4,71,2026-04-05T12:40:52.732Z,264.000,9,156.000,OY9eVeUW8tGGPJFe,160.000,zyQbLrDbnVAAyE0h,217.000,q5GVJKHvqVwABnDf,218.000,TiCg1GW9IStcOras,255.000,BjjWVd8h3JWMBrnK,260.000,Fw2XlLSvhDCRIl7z,327.000,md4MdKOU6ZsQ//g0,320.000,SayB0+Vq1qyZnTIu,355.000,MY8Sv42aXxDpCjC4,,
4,72,2026-04-05T12:40:52.996Z,264.000,9,160.000,q5GVJKHvqVwABnDf,187.000,zyQbLrDbnVAAyE0h,189.000,OY9eVeUW8tGGPJFe,204.000,Fw2XlLSvhDCRIl7z,243.000,BjjWVd8h3JWMBrnK,262.000,TiCg1GW9IStcOras,264.000,SayB0+Vq1qyZnTIu,307.000,md4MdKOU6ZsQ//g0,313.000,MY8Sv42aXxDpCjC4,,
4,73,2026-04-05T12:40:53.260Z,259.000,9,147.000,Fw2XlLSvhDCRIl7z,148.000,OY9eVeUW8tGGPJFe,152.000,q5GVJKHvqVwABnDf,154.000,zyQbLrDbnVAAyE0h,203.000,BjjWVd8h3JWMBrnK,237.000,TiCg1GW9IStcOras,356.000,md4MdKOU6ZsQ//g0,310.000,SayB0+Vq1qyZnTIu,322.000,MY8Sv42aXxDpCjC4,,
4,74,2026-04-05T12:40:53.519Z,258.000,9,136.000,OY9eVeUW8tGGPJFe,154.000,q5GVJKHvqVwABnDf,193.000,BjjWVd8h3JWMBrnK,204.000,zyQbLrDbnVAAyE0h,206.000,Fw2XlLSvhDCRIl7z,251.000,TiCg1GW9IStcOras,258.000,SayB0+Vq1qyZnTIu,306.000,md4MdKOU6ZsQ//g0,313.000,MY8Sv42aXxDpCjC4,,
4,75,2026-04-05T12:40:53.777Z,259.000,9,152.000,OY9eVeUW8tGGPJFe,155.000,Fw2XlLSvhDCRIl7z,208.000,q5GVJKHvqVwABnDf,214.000,zyQbLrDbnVAAyE0h,232.000,TiCg1GW9IStcOras,242.000,BjjWVd8h3JWMBrnK,258.000,MY8Sv42aXxDpCjC4,359.000,md4MdKOU6ZsQ//g0,312.000,SayB0+Vq1qyZnTIu,,
4,76,2026-04-05T12:40:54.036Z,293.000,9,189.000,BjjWVd8h3JWMBrnK,193.000,Fw2XlLSvhDCRIl7z,204.000,q5GVJKHvqVwABnDf,226.000,OY9eVeUW8tGGPJFe,250.000,TiCg1GW9IStcOras,260.000,zyQbLrDbnVAAyE0h,359.000,SayB0+Vq1qyZnTIu,309.000,md4MdKOU6ZsQ//g0,310.000,MY8Sv42aXxDpCjC4,,
4,77,2026-04-05T12:40:54.329Z,244.000,9,109.000,Fw2XlLSvhDCRIl7z,138.000,zyQbLrDbnVAAyE0h,141.000,OY9eVeUW8tGGPJFe,163.000,TiCg1GW9IStcOras,172.000,q5GVJKHvqVwABnDf,206.000,BjjWVd8h3JWMBrnK,323.000,MY8Sv42aXxDpCjC4,278.000,SayB0+Vq1qyZnTIu,319.000,md4MdKOU6ZsQ//g0,,
4,78,2026-04-05T12:40:54.573Z,260.000,9,128.000,zyQbLrDbnVAAyE0h,138.000,TiCg1GW9IStcOras,140.000,q5GVJKHvqVwABnDf,156.000,OY9eVeUW8tGGPJFe,164.000,BjjWVd8h3JWMBrnK,203.000,Fw2XlLSvhDCRIl7z,259.000,SayB0+Vq1qyZnTIu,285.000,md4MdKOU6ZsQ//g0,295.000,MY8Sv42aXxDpCjC4,,
4,79,2026-04-05T12:40:54.833Z,234.000,9,128.000,q5GVJKHvqVwABnDf,130.000,BjjWVd8h3JWMBrnK,147.000,Fw2XlLSvhDCRIl7z,178.000,zyQbLrDbnVAAyE0h,186.000,OY9eVeUW8tGGPJFe,203.000,TiCg1GW9IStcOras,234.000,md4MdKOU6ZsQ//g0,307.000,SayB0+Vq1qyZnTIu,327.000,MY8Sv42aXxDpCjC4,,
4,80,2026-04-05T12:40:55.067Z,292.000,9,157.000,OY9eVeUW8tGGPJFe,176.000,q5GVJKHvqVwABnDf,177.000,zyQbLrDbnVAAyE0h,179.000,TiCg1GW9IStcOras,230.000,BjjWVd8h3JWMBrnK,233.000,Fw2XlLSvhDCRIl7z,291.000,SayB0+Vq1qyZnTIu,309.000,md4MdKOU6ZsQ//g0,317.000,MY8Sv42aXxDpCjC4,,
4,81,2026-04-05T12:40:55.359Z,224.000,9,120.000,q5GVJKHvqVwABnDf,122.000,BjjWVd8h3JWMBrnK,164.000,zyQbLrDbnVAAyE0h,172.000,Fw2XlLSvhDCRIl7z,194.000,TiCg1GW9IStcOras,195.000,OY9eVeUW8tGGPJFe,224.000,md4MdKOU6ZsQ//g0,308.000,SayB0+Vq1qyZnTIu,312.000,MY8Sv42aXxDpCjC4,,
4,82,2026-04-05T12:40:55.583Z,294.000,9,185.000,q5GVJKHvqVwABnDf,190.000,zyQbLrDbnVAAyE0h,192.000,BjjWVd8h3JWMBrnK,193.000,TiCg1GW9IStcOras,194.000,OY9eVeUW8tGGPJFe,240.000,Fw2XlLSvhDCRIl7z,293.000,SayB0+Vq1qyZnTIu,309.000,md4MdKOU6ZsQ//g0,317.000,MY8Sv42aXxDpCjC4,,
4,83,2026-04-05T12:40:55.877Z,220.000,9,131.000,q5GVJKHvqVwABnDf,132.000,BjjWVd8h3JWMBrnK,167.000,Fw2XlLSvhDCRIl7z,170.000,OY9eVeUW8tGGPJFe,191.000,zyQbLrDbnVAAyE0h,200.000,TiCg1GW9IStcOras,220.000,md4MdKOU6ZsQ//g0,229.000,MY8Sv42aXxDpCjC4,308.000,SayB0+Vq1qyZnTIu,,
4,84,2026-04-05T12:40:56.097Z,298.000,9,191.000,q5GVJKHvqVwABnDf,194.000,Fw2XlLSvhDCRIl7z,195.000,OY9eVeUW8tGGPJFe,196.000,BjjWVd8h3JWMBrnK,197.000,TiCg1GW9IStcOras,199.000,zyQbLrDbnVAAyE0h,299.000,SayB0+Vq1qyZnTIu,308.000,md4MdKOU6ZsQ//g0,412.000,MY8Sv42aXxDpCjC4,,
4,85,2026-04-05T12:40:56.395Z,310.000,8,168.000,OY9eVeUW8tGGPJFe,206.000,zyQbLrDbnVAAyE0h,208.000,BjjWVd8h3JWMBrnK,209.000,TiCg1GW9IStcOras,210.000,q5GVJKHvqVwABnDf,211.000,Fw2XlLSvhDCRIl7z,313.000,SayB0+Vq1qyZnTIu,361.000,md4MdKOU6ZsQ//g0,,,,
4,86,2026-04-05T12:40:56.705Z,229.000,9,141.000,Fw2XlLSvhDCRIl7z,158.000,q5GVJKHvqVwABnDf,162.000,BjjWVd8h3JWMBrnK,185.000,OY9eVeUW8tGGPJFe,200.000,zyQbLrDbnVAAyE0h,208.000,TiCg1GW9IStcOras,267.000,MY8Sv42aXxDpCjC4,307.000,SayB0+Vq1qyZnTIu,416.000,md4MdKOU6ZsQ//g0,,
4,87,2026-04-05T12:40:56.934Z,284.000,9,140.000,Fw2XlLSvhDCRIl7z,178.000,OY9eVeUW8tGGPJFe,183.000,BjjWVd8h3JWMBrnK,185.000,zyQbLrDbnVAAyE0h,185.000,q5GVJKHvqVwABnDf,188.000,TiCg1GW9IStcOras,346.000,MY8Sv42aXxDpCjC4,289.000,SayB0+Vq1qyZnTIu,340.000,md4MdKOU6ZsQ//g0,,
4,88,2026-04-05T12:40:57.218Z,289.000,9,144.000,Fw2XlLSvhDCRIl7z,186.000,OY9eVeUW8tGGPJFe,206.000,zyQbLrDbnVAAyE0h,206.000,q5GVJKHvqVwABnDf,208.000,BjjWVd8h3JWMBrnK,209.000,TiCg1GW9IStcOras,342.000,MY8Sv42aXxDpCjC4,310.000,SayB0+Vq1qyZnTIu,364.000,md4MdKOU6ZsQ//g0,,
4,89,2026-04-05T12:40:57.507Z,238.000,9,229.000,OY9eVeUW8tGGPJFe,230.000,q5GVJKHvqVwABnDf,232.000,BjjWVd8h3JWMBrnK,233.000,TiCg1GW9IStcOras,234.000,zyQbLrDbnVAAyE0h,237.000,Fw2XlLSvhDCRIl7z,238.000,SayB0+Vq1qyZnTIu,308.000,MY8Sv42aXxDpCjC4,286.000,md4MdKOU6ZsQ//g0,,
4,90,2026-04-05T12:40:57.745Z,292.000,9,143.000,TiCg1GW9IStcOras,201.000,OY9eVeUW8tGGPJFe,202.000,q5GVJKHvqVwABnDf,205.000,BjjWVd8h3JWMBrnK,236.000,zyQbLrDbnVAAyE0h,289.000,Fw2XlLSvhDCRIl7z,380.000,MY8Sv42aXxDpCjC4,306.000,SayB0+Vq1qyZnTIu,353.000,md4MdKOU6ZsQ//g0,,
4,91,2026-04-05T12:40:58.037Z,307.000,9,121.000,BjjWVd8h3JWMBrnK,163.000,q5GVJKHvqVwABnDf,208.000,OY9eVeUW8tGGPJFe,210.000,Fw2XlLSvhDCRIl7z,214.000,TiCg1GW9IStcOras,253.000,zyQbLrDbnVAAyE0h,307.000,md4MdKOU6ZsQ//g0,312.000,MY8Sv42aXxDpCjC4,322.000,SayB0+Vq1qyZnTIu,,
4,92,2026-04-05T12:40:58.344Z,256.000,9,151.000,zyQbLrDbnVAAyE0h,169.000,BjjWVd8h3JWMBrnK,208.000,Fw2XlLSvhDCRIl7z,210.000,OY9eVeUW8tGGPJFe,211.000,q5GVJKHvqVwABnDf,215.000,TiCg1GW9IStcOras,323.000,SayB0+Vq1qyZnTIu,310.000,md4MdKOU6ZsQ//g0,312.000,MY8Sv42aXxDpCjC4,,
4,93,2026-04-05T12:40:58.600Z,275.000,9,157.000,q5GVJKHvqVwABnDf,163.000,OY9eVeUW8tGGPJFe,201.000,zyQbLrDbnVAAyE0h,214.000,BjjWVd8h3JWMBrnK,258.000,Fw2XlLSvhDCRIl7z,267.000,TiCg1GW9IStcOras,364.000,md4MdKOU6ZsQ//g0,303.000,MY8Sv42aXxDpCjC4,368.000,SayB0+Vq1qyZnTIu,,
4,94,2026-04-05T12:40:58.875Z,293.000,9,144.000,BjjWVd8h3JWMBrnK,189.000,Fw2XlLSvhDCRIl7z,192.000,OY9eVeUW8tGGPJFe,200.000,TiCg1GW9IStcOras,203.000,q5GVJKHvqVwABnDf,233.000,zyQbLrDbnVAAyE0h,306.000,SayB0+Vq1qyZnTIu,337.000,MY8Sv42aXxDpCjC4,390.000,md4MdKOU6ZsQ//g0,,
4,95,2026-04-05T12:40:59.168Z,236.000,9,115.000,TiCg1GW9IStcOras,146.000,OY9eVeUW8tGGPJFe,147.000,q5GVJKHvqVwABnDf,169.000,BjjWVd8h3JWMBrnK,206.000,Fw2XlLSvhDCRIl7z,210.000,zyQbLrDbnVAAyE0h,310.000,md4MdKOU6ZsQ//g0,252.000,MY8Sv42aXxDpCjC4,319.000,SayB0+Vq1qyZnTIu,,
4,96,2026-04-05T12:40:59.404Z,263.000,9,122.000,OY9eVeUW8tGGPJFe,175.000,q5GVJKHvqVwABnDf,214.000,Fw2XlLSvhDCRIl7z,215.000,TiCg1GW9IStcOras,219.000,BjjWVd8h3JWMBrnK,221.000,zyQbLrDbnVAAyE0h,324.000,MY8Sv42aXxDpCjC4,283.000,md4MdKOU6ZsQ//g0,292.000,SayB0+Vq1qyZnTIu,,
4,97,2026-04-05T12:40:59.667Z,267.000,9,237.000,OY9eVeUW8tGGPJFe,239.000,TiCg1GW9IStcOras,240.000,q5GVJKHvqVwABnDf,242.000,BjjWVd8h3JWMBrnK,244.000,Fw2XlLSvhDCRIl7z,246.000,zyQbLrDbnVAAyE0h,267.000,MY8Sv42aXxDpCjC4,339.000,SayB0+Vq1qyZnTIu,328.000,md4MdKOU6ZsQ//g0,,
4,98,2026-04-05T12:40:59.934Z,246.000,9,142.000,OY9eVeUW8tGGPJFe,201.000,TiCg1GW9IStcOras,204.000,Fw2XlLSvhDCRIl7z,207.000,zyQbLrDbnVAAyE0h,208.000,q5GVJKHvqVwABnDf,222.000,BjjWVd8h3JWMBrnK,312.000,MY8Sv42aXxDpCjC4,352.000,md4MdKOU6ZsQ//g0,580.000,SayB0+Vq1qyZnTIu,,
4,99,2026-04-05T12:41:00.180Z,253.000,9,146.000,OY9eVeUW8tGGPJFe,169.000,TiCg1GW9IStcOras,182.000,BjjWVd8h3JWMBrnK,221.000,Fw2XlLSvhDCRIl7z,224.000,zyQbLrDbnVAAyE0h,227.000,q5GVJKHvqVwABnDf,331.000,md4MdKOU6ZsQ//g0,343.000,SayB0+Vq1qyZnTIu,374.000,MY8Sv42aXxDpCjC4,,
4,100,2026-04-05T12:41:00.433Z,356.000,9,135.000,TiCg1GW9IStcOras,182.000,q5GVJKHvqVwABnDf,204.000,OY9eVeUW8tGGPJFe,353.000,Fw2XlLSvhDCRIl7z,354.000,zyQbLrDbnVAAyE0h,355.000,BjjWVd8h3JWMBrnK,356.000,md4MdKOU6ZsQ//g0,356.000,SayB0+Vq1qyZnTIu,360.000,MY8Sv42aXxDpCjC4,,
4,101,2026-04-05T12:41:00.789Z,224.000,9,96.000,TiCg1GW9IStcOras,131.000,Fw2XlLSvhDCRIl7z,136.000,zyQbLrDbnVAAyE0h,147.000,BjjWVd8h3JWMBrnK,153.000,q5GVJKHvqVwABnDf,159.000,OY9eVeUW8tGGPJFe,256.000,SayB0+Vq1qyZnTIu,239.000,MY8Sv42aXxDpCjC4,281.000,md4MdKOU6ZsQ//g0,,
4,102,2026-04-05T12:41:01.013Z,267.000,9,117.000,zyQbLrDbnVAAyE0h,133.000,BjjWVd8h3JWMBrnK,136.000,q5GVJKHvqVwABnDf,137.000,Fw2XlLSvhDCRIl7z,142.000,OY9eVeUW8tGGPJFe,210.000,TiCg1GW9IStcOras,335.000,md4MdKOU6ZsQ//g0,274.000,SayB0+Vq1qyZnTIu,298.000,MY8Sv42aXxDpCjC4,,
4,103,2026-04-05T12:41:01.280Z,238.000,9,148.000,TiCg1GW9IStcOras,191.000,BjjWVd8h3JWMBrnK,200.000,zyQbLrDbnVAAyE0h,202.000,Fw2XlLSvhDCRIl7z,202.000,q5GVJKHvqVwABnDf,206.000,OY9eVeUW8tGGPJFe,257.000,MY8Sv42aXxDpCjC4,307.000,md4MdKOU6ZsQ//g0,316.000,SayB0+Vq1qyZnTIu,,
4,104,2026-04-05T12:41:01.518Z,274.000,9,147.000,TiCg1GW9IStcOras,152.000,zyQbLrDbnVAAyE0h,170.000,OY9eVeUW8tGGPJFe,171.000,q5GVJKHvqVwABnDf,172.000,BjjWVd8h3JWMBrnK,182.000,Fw2XlLSvhDCRIl7z,274.000,md4MdKOU6ZsQ//g0,340.000,MY8Sv42aXxDpCjC4,304.000,SayB0+Vq1qyZnTIu,,
4,105,2026-04-05T12:41:01.792Z,284.000,9,134.000,q5GVJKHvqVwABnDf,163.000,zyQbLrDbnVAAyE0h,187.000,Fw2XlLSvhDCRIl7z,195.000,BjjWVd8h3JWMBrnK,198.000,OY9eVeUW8tGGPJFe,207.000,TiCg1GW9IStcOras,285.000,SayB0+Vq1qyZnTIu,307.000,MY8Sv42aXxDpCjC4,309.000,md4MdKOU6ZsQ//g0,,
4,106,2026-04-05T12:41:02.076Z,237.000,9,119.000,Fw2XlLSvhDCRIl7z,126.000,q5GVJKHvqVwABnDf,130.000,OY9eVeUW8tGGPJFe,135.000,TiCg1GW9IStcOras,219.000,BjjWVd8h3JWMBrnK,226.000,zyQbLrDbnVAAyE0h,237.000,md4MdKOU6ZsQ//g0,241.000,MY8Sv42aXxDpCjC4,332.000,SayB0+Vq1qyZnTIu,,
4,107,2026-04-05T12:41:02.313Z,299.000,9,191.000,OY9eVeUW8tGGPJFe,197.000,Fw2XlLSvhDCRIl7z,202.000,BjjWVd8h3JWMBrnK,205.000,q5GVJKHvqVwABnDf,210.000,TiCg1GW9IStcOras,292.000,zyQbLrDbnVAAyE0h,321.000,SayB0+Vq1qyZnTIu,310.000,md4MdKOU6ZsQ//g0,311.000,MY8Sv42aXxDpCjC4,,
4,108,2026-04-05T12:41:02.612Z,217.000,9,112.000,OY9eVeUW8tGGPJFe,113.000,q5GVJKHvqVwABnDf,144.000,zyQbLrDbnVAAyE0h,198.000,BjjWVd8h3JWMBrnK,210.000,TiCg1GW9IStcOras,211.000,Fw2XlLSvhDCRIl7z,217.000,MY8Sv42aXxDpCjC4,318.000,md4MdKOU6ZsQ//g0,326.000,SayB0+Vq1qyZnTIu,,
4,109,2026-04-05T12:41:02.829Z,409.000,9,188.000,zyQbLrDbnVAAyE0h,200.000,BjjWVd8h3JWMBrnK,201.000,Fw2XlLSvhDCRIl7z,205.000,q5GVJKHvqVwABnDf,217.000,TiCg1GW9IStcOras,272.000,OY9eVeUW8tGGPJFe,409.000,md4MdKOU6ZsQ//g0,411.000,SayB0+Vq1qyZnTIu,431.000,MY8Sv42aXxDpCjC4,,
4,110,2026-04-05T12:41:03.238Z,205.000,9,26.000,TiCg1GW9IStcOras,50.000,zyQbLrDbnVAAyE0h,104.000,BjjWVd8h3JWMBrnK,107.000,Fw2XlLSvhDCRIl7z,107.000,q5GVJKHvqVwABnDf,125.000,OY9eVeUW8tGGPJFe,213.000,md4MdKOU6ZsQ//g0,254.000,MY8Sv42aXxDpCjC4,215.000,SayB0+Vq1qyZnTIu,,
4,111,2026-04-05T12:41:03.443Z,247.000,9,109.000,TiCg1GW9IStcOras,152.000,q5GVJKHvqVwABnDf,207.000,zyQbLrDbnVAAyE0h,208.000,BjjWVd8h3JWMBrnK,210.000,OY9eVeUW8tGGPJFe,214.000,Fw2XlLSvhDCRIl7z,318.000,SayB0+Vq1qyZnTIu,256.000,MY8Sv42aXxDpCjC4,313.000,md4MdKOU6ZsQ//g0,,
4,112,2026-04-05T12:41:03.690Z,276.000,9,172.000,BjjWVd8h3JWMBrnK,173.000,Fw2XlLSvhDCRIl7z,174.000,q5GVJKHvqVwABnDf,189.000,zyQbLrDbnVAAyE0h,200.000,TiCg1GW9IStcOras,203.000,OY9eVeUW8tGGPJFe,275.000,SayB0+Vq1qyZnTIu,316.000,md4MdKOU6ZsQ//g0,321.000,MY8Sv42aXxDpCjC4,,
4,113,2026-04-05T12:41:03.966Z,248.000,9,138.000,TiCg1GW9IStcOras,145.000,q5GVJKHvqVwABnDf,197.000,BjjWVd8h3JWMBrnK,198.000,zyQbLrDbnVAAyE0h,202.000,Fw2XlLSvhDCRIl7z,204.000,OY9eVeUW8tGGPJFe,248.000,MY8Sv42aXxDpCjC4,305.000,md4MdKOU6ZsQ//g0,307.000,SayB0+Vq1qyZnTIu,,
4,114,2026-04-05T12:41:04.214Z,282.000,8,164.000,OY9eVeUW8tGGPJFe,167.000,BjjWVd8h3JWMBrnK,179.000,Fw2XlLSvhDCRIl7z,183.000,zyQbLrDbnVAAyE0h,189.000,TiCg1GW9IStcOras,204.000,q5GVJKHvqVwABnDf,370.000,SayB0+Vq1qyZnTIu,305.000,MY8Sv42aXxDpCjC4,,,,
4,115,2026-04-05T12:41:04.496Z,231.000,9,126.000,q5GVJKHvqVwABnDf,182.000,BjjWVd8h3JWMBrnK,189.000,TiCg1GW9IStcOras,203.000,OY9eVeUW8tGGPJFe,211.000,Fw2XlLSvhDCRIl7z,225.000,zyQbLrDbnVAAyE0h,231.000,MY8Sv42aXxDpCjC4,293.000,md4MdKOU6ZsQ//g0,583.000,SayB0+Vq1qyZnTIu,,
4,116,2026-04-05T12:41:04.727Z,305.000,9,198.000,BjjWVd8h3JWMBrnK,201.000,zyQbLrDbnVAAyE0h,203.000,q5GVJKHvqVwABnDf,220.000,OY9eVeUW8tGGPJFe,221.000,Fw2XlLSvhDCRIl7z,233.000,TiCg1GW9IStcOras,309.000,MY8Sv42aXxDpCjC4,371.000,SayB0+Vq1qyZnTIu,405.000,md4MdKOU6ZsQ//g0,,
4,117,2026-04-05T12:41:05.032Z,282.000,9,179.000,BjjWVd8h3JWMBrnK,184.000,OY9eVeUW8tGGPJFe,190.000,Fw2XlLSvhDCRIl7z,202.000,TiCg1GW9IStcOras,205.000,zyQbLrDbnVAAyE0h,207.000,q5GVJKHvqVwABnDf,330.000,SayB0+Vq1qyZnTIu,311.000,md4MdKOU6ZsQ//g0,313.000,MY8Sv42aXxDpCjC4,,
4,118,2026-04-05T12:41:05.314Z,242.000,9,129.000,BjjWVd8h3JWMBrnK,134.000,q5GVJKHvqVwABnDf,162.000,TiCg1GW9IStcOras,163.000,zyQbLrDbnVAAyE0h,217.000,Fw2XlLSvhDCRIl7z,237.000,MY8Sv42aXxDpCjC4,318.000,md4MdKOU6ZsQ//g0,249.000,OY9eVeUW8tGGPJFe,301.000,SayB0+Vq1qyZnTIu,,
4,119,2026-04-05T12:41:05.556Z,268.000,9,163.000,q5GVJKHvqVwABnDf,166.000,BjjWVd8h3JWMBrnK,192.000,TiCg1GW9IStcOras,193.000,zyQbLrDbnVAAyE0h,208.000,Fw2XlLSvhDCRIl7z,218.000,OY9eVeUW8tGGPJFe,268.000,SayB0+Vq1qyZnTIu,304.000,md4MdKOU6ZsQ//g0,305.000,MY8Sv42aXxDpCjC4,,
4,120,2026-04-05T12:41:05.824Z,246.000,9,138.000,TiCg1GW9IStcOras,140.000,q5GVJKHvqVwABnDf,141.000,BjjWVd8h3JWMBrnK,166.000,zyQbLrDbnVAAyE0h,200.000,OY9eVeUW8tGGPJFe,244.000,Fw2XlLSvhDCRIl7z,246.000,md4MdKOU6ZsQ//g0,310.000,SayB0+Vq1qyZnTIu,315.000,MY8Sv42aXxDpCjC4,,
4,121,2026-04-05T12:41:06.070Z,269.000,9,168.000,BjjWVd8h3JWMBrnK,192.000,zyQbLrDbnVAAyE0h,194.000,TiCg1GW9IStcOras,200.000,OY9eVeUW8tGGPJFe,202.000,q5GVJKHvqVwABnDf,212.000,Fw2XlLSvhDCRIl7z,269.000,SayB0+Vq1qyZnTIu,304.000,MY8Sv42aXxDpCjC4,310.000,md4MdKOU6ZsQ//g0,,
4,122,2026-04-05T12:41:06.339Z,249.000,9,133.000,TiCg1GW9IStcOras,142.000,BjjWVd8h3JWMBrnK,145.000,q5GVJKHvqVwABnDf,148.000,Fw2XlLSvhDCRIl7z,165.000,zyQbLrDbnVAAyE0h,207.000,OY9eVeUW8tGGPJFe,249.000,md4MdKOU6ZsQ//g0,316.000,MY8Sv42aXxDpCjC4,312.000,SayB0+Vq1qyZnTIu,,
4,123,2026-04-05T12:41:06.588Z,269.000,9,162.000,TiCg1GW9IStcOras,189.000,zyQbLrDbnVAAyE0h,196.000,OY9eVeUW8tGGPJFe,199.000,q5GVJKHvqVwABnDf,204.000,BjjWVd8h3JWMBrnK,207.000,Fw2XlLSvhDCRIl7z,308.000,SayB0+Vq1qyZnTIu,301.000,MY8Sv42aXxDpCjC4,311.000,md4MdKOU6ZsQ//g0,,
4,124,2026-04-05T12:41:06.857Z,249.000,9,143.000,TiCg1GW9IStcOras,145.000,Fw2XlLSvhDCRIl7z,145.000,q5GVJKHvqVwABnDf,147.000,BjjWVd8h3JWMBrnK,159.000,zyQbLrDbnVAAyE0h,204.000,OY9eVeUW8tGGPJFe,250.000,md4MdKOU6ZsQ//g0,313.000,SayB0+Vq1qyZnTIu,318.000,MY8Sv42aXxDpCjC4,,
4,125,2026-04-05T12:41:07.106Z,269.000,9,164.000,TiCg1GW9IStcOras,230.000,zyQbLrDbnVAAyE0h,231.000,q5GVJKHvqVwABnDf,232.000,BjjWVd8h3JWMBrnK,232.000,Fw2XlLSvhDCRIl7z,233.000,OY9eVeUW8tGGPJFe,305.000,SayB0+Vq1qyZnTIu,297.000,MY8Sv42aXxDpCjC4,312.000,md4MdKOU6ZsQ//g0,,
4,126,2026-04-05T12:41:07.375Z,252.000,8,132.000,q5GVJKHvqVwABnDf,142.000,TiCg1GW9IStcOras,144.000,BjjWVd8h3JWMBrnK,149.000,Fw2XlLSvhDCRIl7z,153.000,OY9eVeUW8tGGPJFe,154.000,zyQbLrDbnVAAyE0h,252.000,MY8Sv42aXxDpCjC4,308.000,SayB0+Vq1qyZnTIu,,,,
4,127,2026-04-05T12:41:07.627Z,215.000,9,160.000,TiCg1GW9IStcOras,162.000,zyQbLrDbnVAAyE0h,195.000,q5GVJKHvqVwABnDf,198.000,Fw2XlLSvhDCRIl7z,203.000,BjjWVd8h3JWMBrnK,211.000,OY9eVeUW8tGGPJFe,304.000,md4MdKOU6ZsQ//g0,297.000,SayB0+Vq1qyZnTIu,310.000,MY8Sv42aXxDpCjC4,,
4,128,2026-04-05T12:41:07.842Z,293.000,8,148.000,TiCg1GW9IStcOras,155.000,zyQbLrDbnVAAyE0h,186.000,q5GVJKHvqVwABnDf,190.000,Fw2XlLSvhDCRIl7z,195.000,BjjWVd8h3JWMBrnK,212.000,OY9eVeUW8tGGPJFe,293.000,SayB0+Vq1qyZnTIu,305.000,md4MdKOU6ZsQ//g0,,,,
4,129,2026-04-05T12:41:08.135Z,216.000,9,117.000,BjjWVd8h3JWMBrnK,118.000,zyQbLrDbnVAAyE0h,148.000,Fw2XlLSvhDCRIl7z,205.000,q5GVJKHvqVwABnDf,208.000,TiCg1GW9IStcOras,210.000,OY9eVeUW8tGGPJFe,341.000,MY8Sv42aXxDpCjC4,254.000,md4MdKOU6ZsQ//g0,308.000,SayB0+Vq1qyZnTIu,,
4,130,2026-04-05T12:41:08.351Z,303.000,9,194.000,zyQbLrDbnVAAyE0h,216.000,q5GVJKHvqVwABnDf,218.000,TiCg1GW9IStcOras,219.000,OY9eVeUW8tGGPJFe,227.000,BjjWVd8h3JWMBrnK,240.000,Fw2XlLSvhDCRIl7z,347.000,md4MdKOU6ZsQ//g0,304.000,SayB0+Vq1qyZnTIu,355.000,MY8Sv42aXxDpCjC4,,
4,131,2026-04-05T12:41:08.654Z,307.000,9,131.000,zyQbLrDbnVAAyE0h,203.000,OY9eVeUW8tGGPJFe,204.000,Fw2XlLSvhDCRIl7z,206.000,TiCg1GW9IStcOras,206.000,q5GVJKHvqVwABnDf,222.000,BjjWVd8h3JWMBrnK,361.000,MY8Sv42aXxDpCjC4,350.000,md4MdKOU6ZsQ//g0,312.000,SayB0+Vq1qyZnTIu,,
4,132,2026-04-05T12:41:08.961Z,242.000,9,106.000,zyQbLrDbnVAAyE0h,133.000,BjjWVd8h3JWMBrnK,189.000,Fw2XlLSvhDCRIl7z,204.000,TiCg1GW9IStcOras,205.000,OY9eVeUW8tGGPJFe,206.000,q5GVJKHvqVwABnDf,310.000,SayB0+Vq1qyZnTIu,339.000,MY8Sv42aXxDpCjC4,354.000,md4MdKOU6ZsQ//g0,,
4,133,2026-04-05T12:41:09.203Z,273.000,9,166.000,zyQbLrDbnVAAyE0h,169.000,Fw2XlLSvhDCRIl7z,170.000,OY9eVeUW8tGGPJFe,175.000,TiCg1GW9IStcOras,190.000,BjjWVd8h3JWMBrnK,213.000,q5GVJKHvqVwABnDf,316.000,md4MdKOU6ZsQ//g0,316.000,MY8Sv42aXxDpCjC4,376.000,SayB0+Vq1qyZnTIu,,
4,134,2026-04-05T12:41:09.476Z,240.000,9,121.000,TiCg1GW9IStcOras,124.000,BjjWVd8h3JWMBrnK,140.000,zyQbLrDbnVAAyE0h,142.000,Fw2XlLSvhDCRIl7z,146.000,q5GVJKHvqVwABnDf,205.000,OY9eVeUW8tGGPJFe,309.000,SayB0+Vq1qyZnTIu,249.000,MY8Sv42aXxDpCjC4,349.000,md4MdKOU6ZsQ//g0,,
4,135,2026-04-05T12:41:09.716Z,275.000,9,119.000,q5GVJKHvqVwABnDf,169.000,TiCg1GW9IStcOras,173.000,OY9eVeUW8tGGPJFe,203.000,BjjWVd8h3JWMBrnK,210.000,zyQbLrDbnVAAyE0h,215.000,Fw2XlLSvhDCRIl7z,313.000,md4MdKOU6ZsQ//g0,301.000,MY8Sv42aXxDpCjC4,373.000,SayB0+Vq1qyZnTIu,,
4,136,2026-04-05T12:41:09.991Z,240.000,8,133.000,TiCg1GW9IStcOras,134.000,BjjWVd8h3JWMBrnK,141.000,zyQbLrDbnVAAyE0h,142.000,q5GVJKHvqVwABnDf,181.000,Fw2XlLSvhDCRIl7z,205.000,OY9eVeUW8tGGPJFe,308.000,SayB0+Vq1qyZnTIu,298.000,md4MdKOU6ZsQ//g0,,,,
4,137,2026-04-05T12:41:10.231Z,277.000,9,160.000,q5GVJKHvqVwABnDf,162.000,zyQbLrDbnVAAyE0h,174.000,OY9eVeUW8tGGPJFe,185.000,Fw2XlLSvhDCRIl7z,198.000,TiCg1GW9IStcOras,202.000,BjjWVd8h3JWMBrnK,306.000,md4MdKOU6ZsQ//g0,278.000,MY8Sv42aXxDpCjC4,309.000,SayB0+Vq1qyZnTIu,,
4,138,2026-04-05T12:41:10.508Z,239.000,9,131.000,q5GVJKHvqVwABnDf,135.000,BjjWVd8h3JWMBrnK,137.000,zyQbLrDbnVAAyE0h,162.000,Fw2XlLSvhDCRIl7z,195.000,TiCg1GW9IStcOras,206.000,OY9eVeUW8tGGPJFe,238.000,md4MdKOU6ZsQ//g0,357.000,MY8Sv42aXxDpCjC4,358.000,SayB0+Vq1qyZnTIu,,
4,139,2026-04-05T12:41:10.747Z,270.000,9,162.000,Fw2XlLSvhDCRIl7z,174.000,OY9eVeUW8tGGPJFe,175.000,q5GVJKHvqVwABnDf,176.000,zyQbLrDbnVAAyE0h,193.000,TiCg1GW9IStcOras,200.000,BjjWVd8h3JWMBrnK,305.000,md4MdKOU6ZsQ//g0,276.000,MY8Sv42aXxDpCjC4,313.000,SayB0+Vq1qyZnTIu,,
4,140,2026-04-05T12:41:11.017Z,248.000,9,137.000,q5GVJKHvqVwABnDf,143.000,zyQbLrDbnVAAyE0h,144.000,Fw2XlLSvhDCRIl7z,161.000,BjjWVd8h3JWMBrnK,212.000,OY9eVeUW8tGGPJFe,217.000,TiCg1GW9IStcOras,309.000,SayB0+Vq1qyZnTIu,272.000,md4MdKOU6ZsQ//g0,314.000,MY8Sv42aXxDpCjC4,,
4,141,2026-04-05T12:41:11.265Z,276.000,9,162.000,Fw2XlLSvhDCRIl7z,166.000,TiCg1GW9IStcOras,167.000,q5GVJKHvqVwABnDf,172.000,zyQbLrDbnVAAyE0h,173.000,OY9eVeUW8tGGPJFe,219.000,BjjWVd8h3JWMBrnK,317.000,md4MdKOU6ZsQ//g0,434.000,SayB0+Vq1qyZnTIu,382.000,MY8Sv42aXxDpCjC4,,
4,142,2026-04-05T12:41:11.541Z,245.000,8,140.000,Fw2XlLSvhDCRIl7z,145.000,zyQbLrDbnVAAyE0h,149.000,BjjWVd8h3JWMBrnK,157.000,q5GVJKHvqVwABnDf,204.000,TiCg1GW9IStcOras,205.000,OY9eVeUW8tGGPJFe,300.000,SayB0+Vq1qyZnTIu,260.000,md4MdKOU6ZsQ//g0,,,,
4,143,2026-04-05T12:41:11.786Z,271.000,9,163.000,Fw2XlLSvhDCRIl7z,166.000,OY9eVeUW8tGGPJFe,167.000,TiCg1GW9IStcOras,203.000,q5GVJKHvqVwABnDf,204.000,zyQbLrDbnVAAyE0h,238.000,BjjWVd8h3JWMBrnK,325.000,md4MdKOU6ZsQ//g0,306.000,MY8Sv42aXxDpCjC4,362.000,SayB0+Vq1qyZnTIu,,
4,144,2026-04-05T12:41:12.057Z,239.000,9,132.000,OY9eVeUW8tGGPJFe,140.000,zyQbLrDbnVAAyE0h,141.000,Fw2XlLSvhDCRIl7z,193.000,q5GVJKHvqVwABnDf,200.000,BjjWVd8h3JWMBrnK,202.000,TiCg1GW9IStcOras,297.000,SayB0+Vq1qyZnTIu,339.000,MY8Sv42aXxDpCjC4,448.000,md4MdKOU6ZsQ//g0,,
4,145,2026-04-05T12:41:12.296Z,276.000,9,109.000,Fw2XlLSvhDCRIl7z,126.000,zyQbLrDbnVAAyE0h,168.000,BjjWVd8h3JWMBrnK,197.000,TiCg1GW9IStcOras,206.000,OY9eVeUW8tGGPJFe,210.000,q5GVJKHvqVwABnDf,329.000,md4MdKOU6ZsQ//g0,312.000,MY8Sv42aXxDpCjC4,347.000,SayB0+Vq1qyZnTIu,,
4,146,2026-04-05T12:41:12.572Z,289.000,9,134.000,TiCg1GW9IStcOras,137.000,OY9eVeUW8tGGPJFe,158.000,BjjWVd8h3JWMBrnK,184.000,Fw2XlLSvhDCRIl7z,193.000,q5GVJKHvqVwABnDf,238.000,zyQbLrDbnVAAyE0h,295.000,SayB0+Vq1qyZnTIu,308.000,md4MdKOU6ZsQ//g0,313.000,MY8Sv42aXxDpCjC4,,
4,147,2026-04-05T12:41:12.861Z,254.000,9,149.000,OY9eVeUW8tGGPJFe,159.000,TiCg1GW9IStcOras,168.000,BjjWVd8h3JWMBrnK,175.000,q5GVJKHvqVwABnDf,176.000,zyQbLrDbnVAAyE0h,189.000,Fw2XlLSvhDCRIl7z,279.000,MY8Sv42aXxDpCjC4,279.000,md4MdKOU6ZsQ//g0,298.000,SayB0+Vq1qyZnTIu,,
4,148,2026-04-05T12:41:13.115Z,282.000,9,128.000,TiCg1GW9IStcOras,130.000,zyQbLrDbnVAAyE0h,133.000,OY9eVeUW8tGGPJFe,187.000,q5GVJKHvqVwABnDf,222.000,BjjWVd8h3JWMBrnK,332.000,md4MdKOU6ZsQ//g0,291.000,SayB0+Vq1qyZnTIu,334.000,MY8Sv42aXxDpCjC4,375.000,Fw2XlLSvhDCRIl7z,,
4,149,2026-04-05T12:41:13.397Z,280.000,8,137.000,TiCg1GW9IStcOras,144.000,OY9eVeUW8tGGPJFe,154.000,zyQbLrDbnVAAyE0h,170.000,BjjWVd8h3JWMBrnK,213.000,q5GVJKHvqVwABnDf,305.000,md4MdKOU6ZsQ//g0,317.000,SayB0+Vq1qyZnTIu,306.000,MY8Sv42aXxDpCjC4,,,,
4,150,2026-04-05T12:41:13.677Z,235.000,9,108.000,OY9eVeUW8tGGPJFe,127.000,Fw2XlLSvhDCRIl7z,142.000,q5GVJKHvqVwABnDf,145.000,TiCg1GW9IStcOras,170.000,BjjWVd8h3JWMBrnK,187.000,zyQbLrDbnVAAyE0h,288.000,md4MdKOU6ZsQ//g0,246.000,SayB0+Vq1qyZnTIu,290.000,MY8Sv42aXxDpCjC4,,
4,151,2026-04-05T12:41:13.912Z,239.000,9,115.000,q5GVJKHvqVwABnDf,132.000,OY9eVeUW8tGGPJFe,157.000,TiCg1GW9IStcOras,197.000,Fw2XlLSvhDCRIl7z,236.000,zyQbLrDbnVAAyE0h,238.000,BjjWVd8h3JWMBrnK,239.000,SayB0+Vq1qyZnTIu,301.000,MY8Sv42aXxDpCjC4,309.000,md4MdKOU6ZsQ//g0,,
4,152,2026-04-05T12:41:14.151Z,275.000,9,178.000,OY9eVeUW8tGGPJFe,202.000,q5GVJKHvqVwABnDf,223.000,BjjWVd8h3JWMBrnK,225.000,zyQbLrDbnVAAyE0h,265.000,Fw2XlLSvhDCRIl7z,268.000,TiCg1GW9IStcOras,325.000,md4MdKOU6ZsQ//g0,304.000,SayB0+Vq1qyZnTIu,454.000,MY8Sv42aXxDpCjC4,,
4,153,2026-04-05T12:41:14.426Z,296.000,9,131.000,q5GVJKHvqVwABnDf,197.000,OY9eVeUW8tGGPJFe,203.000,TiCg1GW9IStcOras,234.000,Fw2XlLSvhDCRIl7z,236.000,zyQbLrDbnVAAyE0h,245.000,BjjWVd8h3JWMBrnK,296.000,SayB0+Vq1qyZnTIu,346.000,MY8Sv42aXxDpCjC4,359.000,md4MdKOU6ZsQ//g0,,
4,154,2026-04-05T12:41:14.722Z,233.000,9,125.000,OY9eVeUW8tGGPJFe,135.000,q5GVJKHvqVwABnDf,146.000,Fw2XlLSvhDCRIl7z,153.000,BjjWVd8h3JWMBrnK,205.000,zyQbLrDbnVAAyE0h,214.000,TiCg1GW9IStcOras,269.000,SayB0+Vq1qyZnTIu,271.000,MY8Sv42aXxDpCjC4,272.000,md4MdKOU6ZsQ//g0,,
4,155,2026-04-05T12:41:14.955Z,230.000,8,122.000,q5GVJKHvqVwABnDf,123.000,zyQbLrDbnVAAyE0h,127.000,BjjWVd8h3JWMBrnK,128.000,TiCg1GW9IStcOras,131.000,Fw2XlLSvhDCRIl7z,147.000,OY9eVeUW8tGGPJFe,230.000,MY8Sv42aXxDpCjC4,287.000,SayB0+Vq1qyZnTIu,,,,
4,156,2026-04-05T12:41:15.185Z,262.000,9,142.000,OY9eVeUW8tGGPJFe,154.000,Fw2XlLSvhDCRIl7z,167.000,TiCg1GW9IStcOras,199.000,zyQbLrDbnVAAyE0h,200.000,q5GVJKHvqVwABnDf,204.000,BjjWVd8h3JWMBrnK,301.000,SayB0+Vq1qyZnTIu,315.000,md4MdKOU6ZsQ//g0,310.000,MY8Sv42aXxDpCjC4,,
4,157,2026-04-05T12:41:15.447Z,245.000,9,124.000,OY9eVeUW8tGGPJFe,141.000,q5GVJKHvqVwABnDf,187.000,Fw2XlLSvhDCRIl7z,202.000,zyQbLrDbnVAAyE0h,206.000,BjjWVd8h3JWMBrnK,213.000,TiCg1GW9IStcOras,245.000,SayB0+Vq1qyZnTIu,318.000,md4MdKOU6ZsQ//g0,288.000,MY8Sv42aXxDpCjC4,,
4,158,2026-04-05T12:41:15.692Z,250.000,9,147.000,q5GVJKHvqVwABnDf,148.000,Fw2XlLSvhDCRIl7z,190.000,OY9eVeUW8tGGPJFe,204.000,zyQbLrDbnVAAyE0h,209.000,BjjWVd8h3JWMBrnK,214.000,TiCg1GW9IStcOras,249.000,MY8Sv42aXxDpCjC4,306.000,SayB0+Vq1qyZnTIu,314.000,md4MdKOU6ZsQ//g0,,
4,159,2026-04-05T12:41:15.942Z,263.000,9,142.000,Fw2XlLSvhDCRIl7z,159.000,zyQbLrDbnVAAyE0h,163.000,OY9eVeUW8tGGPJFe,168.000,q5GVJKHvqVwABnDf,191.000,BjjWVd8h3JWMBrnK,233.000,TiCg1GW9IStcOras,272.000,md4MdKOU6ZsQ//g0,307.000,MY8Sv42aXxDpCjC4,364.000,SayB0+Vq1qyZnTIu,,
4,160,2026-04-05T12:41:16.205Z,253.000,9,116.000,Fw2XlLSvhDCRIl7z,148.000,q5GVJKHvqVwABnDf,205.000,zyQbLrDbnVAAyE0h,209.000,OY9eVeUW8tGGPJFe,212.000,BjjWVd8h3JWMBrnK,217.000,TiCg1GW9IStcOras,253.000,MY8Sv42aXxDpCjC4,308.000,SayB0+Vq1qyZnTIu,317.000,md4MdKOU6ZsQ//g0,,
4,161,2026-04-05T12:41:16.458Z,265.000,9,132.000,TiCg1GW9IStcOras,146.000,OY9eVeUW8tGGPJFe,159.000,Fw2XlLSvhDCRIl7z,167.000,q5GVJKHvqVwABnDf,218.000,BjjWVd8h3JWMBrnK,221.000,zyQbLrDbnVAAyE0h,341.000,SayB0+Vq1qyZnTIu,272.000,md4MdKOU6ZsQ//g0,307.000,MY8Sv42aXxDpCjC4,,
4,162,2026-04-05T12:41:16.723Z,250.000,9,145.000,q5GVJKHvqVwABnDf,150.000,Fw2XlLSvhDCRIl7z,177.000,BjjWVd8h3JWMBrnK,179.000,TiCg1GW9IStcOras,207.000,OY9eVeUW8tGGPJFe,208.000,zyQbLrDbnVAAyE0h,250.000,MY8Sv42aXxDpCjC4,303.000,SayB0+Vq1qyZnTIu,316.000,md4MdKOU6ZsQ//g0,,
4,163,2026-04-05T12:41:16.973Z,267.000,9,169.000,TiCg1GW9IStcOras,171.000,q5GVJKHvqVwABnDf,172.000,OY9eVeUW8tGGPJFe,207.000,Fw2XlLSvhDCRIl7z,213.000,BjjWVd8h3JWMBrnK,218.000,zyQbLrDbnVAAyE0h,362.000,SayB0+Vq1qyZnTIu,274.000,md4MdKOU6ZsQ//g0,308.000,MY8Sv42aXxDpCjC4,,
4,164,2026-04-05T12:41:17.240Z,253.000,9,149.000,Fw2XlLSvhDCRIl7z,171.000,TiCg1GW9IStcOras,207.000,OY9eVeUW8tGGPJFe,207.000,zyQbLrDbnVAAyE0h,213.000,q5GVJKHvqVwABnDf,248.000,BjjWVd8h3JWMBrnK,350.000,MY8Sv42aXxDpCjC4,301.000,SayB0+Vq1qyZnTIu,316.000,md4MdKOU6ZsQ//g0,,
4,165,2026-04-05T12:41:17.493Z,260.000,9,158.000,Fw2XlLSvhDCRIl7z,163.000,zyQbLrDbnVAAyE0h,165.000,q5GVJKHvqVwABnDf,204.000,BjjWVd8h3JWMBrnK,216.000,OY9eVeUW8tGGPJFe,233.000,TiCg1GW9IStcOras,357.000,SayB0+Vq1qyZnTIu,268.000,md4MdKOU6ZsQ//g0,304.000,MY8Sv42aXxDpCjC4,,
4,166,2026-04-05T12:41:17.753Z,254.000,9,187.000,TiCg1GW9IStcOras,205.000,BjjWVd8h3JWMBrnK,210.000,zyQbLrDbnVAAyE0h,212.000,OY9eVeUW8tGGPJFe,213.000,q5GVJKHvqVwABnDf,248.000,Fw2XlLSvhDCRIl7z,332.000,MY8Sv42aXxDpCjC4,279.000,SayB0+Vq1qyZnTIu,331.000,md4MdKOU6ZsQ//g0,,
4,167,2026-04-05T12:41:18.007Z,276.000,9,158.000,TiCg1GW9IStcOras,172.000,q5GVJKHvqVwABnDf,177.000,OY9eVeUW8tGGPJFe,203.000,Fw2XlLSvhDCRIl7z,205.000,BjjWVd8h3JWMBrnK,234.000,zyQbLrDbnVAAyE0h,276.000,SayB0+Vq1qyZnTIu,304.000,MY8Sv42aXxDpCjC4,325.000,md4MdKOU6ZsQ//g0,,
4,168,2026-04-05T12:41:18.283Z,235.000,9,131.000,q5GVJKHvqVwABnDf,136.000,Fw2XlLSvhDCRIl7z,148.000,OY9eVeUW8tGGPJFe,162.000,zyQbLrDbnVAAyE0h,190.000,BjjWVd8h3JWMBrnK,195.000,TiCg1GW9IStcOras,235.000,MY8Sv42aXxDpCjC4,301.000,md4MdKOU6ZsQ//g0,314.000,SayB0+Vq1qyZnTIu,,
4,169,2026-04-05T12:41:18.518Z,277.000,9,169.000,q5GVJKHvqVwABnDf,175.000,TiCg1GW9IStcOras,177.000,zyQbLrDbnVAAyE0h,221.000,OY9eVeUW8tGGPJFe,231.000,BjjWVd8h3JWMBrnK,232.000,Fw2XlLSvhDCRIl7z,308.000,MY8Sv42aXxDpCjC4,278.000,md4MdKOU6ZsQ//g0,298.000,SayB0+Vq1qyZnTIu,,
4,170,2026-04-05T12:41:18.795Z,267.000,9,193.000,TiCg1GW9IStcOras,207.000,BjjWVd8h3JWMBrnK,208.000,q5GVJKHvqVwABnDf,209.000,zyQbLrDbnVAAyE0h,238.000,Fw2XlLSvhDCRIl7z,253.000,OY9eVeUW8tGGPJFe,267.000,SayB0+Vq1qyZnTIu,311.000,md4MdKOU6ZsQ//g0,340.000,MY8Sv42aXxDpCjC4,,
4,171,2026-04-05T12:41:19.062Z,279.000,9,146.000,q5GVJKHvqVwABnDf,175.000,BjjWVd8h3JWMBrnK,240.000,TiCg1GW9IStcOras,240.000,OY9eVeUW8tGGPJFe,244.000,zyQbLrDbnVAAyE0h,278.000,md4MdKOU6ZsQ//g0,279.000,Fw2XlLSvhDCRIl7z,309.000,SayB0+Vq1qyZnTIu,320.000,MY8Sv42aXxDpCjC4,,
4,172,2026-04-05T12:41:19.341Z,271.000,9,132.000,q5GVJKHvqVwABnDf,134.000,Fw2XlLSvhDCRIl7z,168.000,TiCg1GW9IStcOras,179.000,zyQbLrDbnVAAyE0h,218.000,OY9eVeUW8tGGPJFe,267.000,BjjWVd8h3JWMBrnK,271.000,SayB0+Vq1qyZnTIu,307.000,md4MdKOU6ZsQ//g0,340.000,MY8Sv42aXxDpCjC4,,
4,173,2026-04-05T12:41:19.612Z,269.000,9,139.000,q5GVJKHvqVwABnDf,242.000,TiCg1GW9IStcOras,243.000,zyQbLrDbnVAAyE0h,244.000,BjjWVd8h3JWMBrnK,246.000,Fw2XlLSvhDCRIl7z,248.000,OY9eVeUW8tGGPJFe,268.000,md4MdKOU6ZsQ//g0,286.000,SayB0+Vq1qyZnTIu,287.000,MY8Sv42aXxDpCjC4,,
4,174,2026-04-05T12:41:19.881Z,279.000,9,117.000,q5GVJKHvqVwABnDf,147.000,TiCg1GW9IStcOras,176.000,BjjWVd8h3JWMBrnK,178.000,zyQbLrDbnVAAyE0h,277.000,OY9eVeUW8tGGPJFe,278.000,MY8Sv42aXxDpCjC4,279.000,Fw2XlLSvhDCRIl7z,308.000,md4MdKOU6ZsQ//g0,347.000,SayB0+Vq1qyZnTIu,,
4,175,2026-04-05T12:41:20.160Z,237.000,9,133.000,q5GVJKHvqVwABnDf,168.000,zyQbLrDbnVAAyE0h,171.000,TiCg1GW9IStcOras,183.000,BjjWVd8h3JWMBrnK,207.000,Fw2XlLSvhDCRIl7z,208.000,OY9eVeUW8tGGPJFe,237.000,md4MdKOU6ZsQ//g0,322.000,SayB0+Vq1qyZnTIu,444.000,MY8Sv42aXxDpCjC4,,
4,176,2026-04-05T12:41:20.397Z,277.000,9,142.000,zyQbLrDbnVAAyE0h,177.000,TiCg1GW9IStcOras,178.000,OY9eVeUW8tGGPJFe,186.000,q5GVJKHvqVwABnDf,191.000,BjjWVd8h3JWMBrnK,275.000,Fw2XlLSvhDCRIl7z,289.000,SayB0+Vq1qyZnTIu,310.000,md4MdKOU6ZsQ//g0,360.000,MY8Sv42aXxDpCjC4,,
4,177,2026-04-05T12:41:20.674Z,274.000,9,118.000,OY9eVeUW8tGGPJFe,123.000,BjjWVd8h3JWMBrnK,137.000,q5GVJKHvqVwABnDf,184.000,zyQbLrDbnVAAyE0h,204.000,Fw2XlLSvhDCRIl7z,222.000,TiCg1GW9IStcOras,274.000,SayB0+Vq1qyZnTIu,287.000,md4MdKOU6ZsQ//g0,309.000,MY8Sv42aXxDpCjC4,,
4,178,2026-04-05T12:41:20.948Z,254.000,9,120.000,zyQbLrDbnVAAyE0h,139.000,q5GVJKHvqVwABnDf,150.000,OY9eVeUW8tGGPJFe,153.000,TiCg1GW9IStcOras,199.000,BjjWVd8h3JWMBrnK,239.000,Fw2XlLSvhDCRIl7z,261.000,md4MdKOU6ZsQ//g0,315.000,MY8Sv42aXxDpCjC4,327.000,SayB0+Vq1qyZnTIu,,
4,179,2026-04-05T12:41:21.202Z,256.000,9,114.000,BjjWVd8h3JWMBrnK,151.000,q5GVJKHvqVwABnDf,177.000,TiCg1GW9IStcOras,179.000,zyQbLrDbnVAAyE0h,191.000,Fw2XlLSvhDCRIl7z,206.000,OY9eVeUW8tGGPJFe,256.000,md4MdKOU6ZsQ//g0,320.000,SayB0+Vq1qyZnTIu,360.000,MY8Sv42aXxDpCjC4,,
4,180,2026-04-05T12:41:21.458Z,272.000,9,146.000,TiCg1GW9IStcOras,204.000,q5GVJKHvqVwABnDf,205.000,Fw2XlLSvhDCRIl7z,207.000,BjjWVd8h3JWMBrnK,209.000,zyQbLrDbnVAAyE0h,213.000,OY9eVeUW8tGGPJFe,272.000,SayB0+Vq1qyZnTIu,307.000,md4MdKOU6ZsQ//g0,347.000,MY8Sv42aXxDpCjC4,,
4,181,2026-04-05T12:41:21.730Z,284.000,9,177.000,q5GVJKHvqVwABnDf,179.000,TiCg1GW9IStcOras,181.000,Fw2XlLSvhDCRIl7z,190.000,OY9eVeUW8tGGPJFe,227.000,BjjWVd8h3JWMBrnK,282.000,SayB0+Vq1qyZnTIu,284.000,zyQbLrDbnVAAyE0h,330.000,MY8Sv42aXxDpCjC4,343.000,md4MdKOU6ZsQ//g0,,
4,182,2026-04-05T12:41:22.014Z,272.000,9,164.000,BjjWVd8h3JWMBrnK,169.000,OY9eVeUW8tGGPJFe,169.000,TiCg1GW9IStcOras,207.000,zyQbLrDbnVAAyE0h,241.000,Fw2XlLSvhDCRIl7z,251.000,q5GVJKHvqVwABnDf,308.000,SayB0+Vq1qyZnTIu,354.000,MY8Sv42aXxDpCjC4,463.000,md4MdKOU6ZsQ//g0,,
4,183,2026-04-05T12:41:22.286Z,283.000,9,183.000,Fw2XlLSvhDCRIl7z,184.000,q5GVJKHvqVwABnDf,185.000,BjjWVd8h3JWMBrnK,190.000,TiCg1GW9IStcOras,235.000,OY9eVeUW8tGGPJFe,241.000,zyQbLrDbnVAAyE0h,283.000,SayB0+Vq1qyZnTIu,291.000,MY8Sv42aXxDpCjC4,325.000,md4MdKOU6ZsQ//g0,,
4,184,2026-04-05T12:41:22.569Z,269.000,9,113.000,q5GVJKHvqVwABnDf,146.000,BjjWVd8h3JWMBrnK,169.000,TiCg1GW9IStcOras,179.000,zyQbLrDbnVAAyE0h,199.000,Fw2XlLSvhDCRIl7z,207.000,OY9eVeUW8tGGPJFe,269.000,SayB0+Vq1qyZnTIu,271.000,MY8Sv42aXxDpCjC4,301.000,md4MdKOU6ZsQ//g0,,
4,185,2026-04-05T12:41:22.838Z,266.000,9,136.000,TiCg1GW9IStcOras,139.000,Fw2XlLSvhDCRIl7z,203.000,zyQbLrDbnVAAyE0h,208.000,OY9eVeUW8tGGPJFe,263.000,BjjWVd8h3JWMBrnK,265.000,SayB0+Vq1qyZnTIu,265.000,q5GVJKHvqVwABnDf,281.000,md4MdKOU6ZsQ//g0,346.000,MY8Sv42aXxDpCjC4,,
4,186,2026-04-05T12:41:23.104Z,252.000,9,145.000,Fw2XlLSvhDCRIl7z,149.000,OY9eVeUW8tGGPJFe,179.000,BjjWVd8h3JWMBrnK,192.000,TiCg1GW9IStcOras,207.000,q5GVJKHvqVwABnDf,251.000,zyQbLrDbnVAAyE0h,252.000,SayB0+Vq1qyZnTIu,303.000,md4MdKOU6ZsQ//g0,312.000,MY8Sv42aXxDpCjC4,,
4,187,2026-04-05T12:41:23.356Z,291.000,9,204.000,zyQbLrDbnVAAyE0h,234.000,OY9eVeUW8tGGPJFe,235.000,Fw2XlLSvhDCRIl7z,246.000,TiCg1GW9IStcOras,257.000,BjjWVd8h3JWMBrnK,289.000,q5GVJKHvqVwABnDf,361.000,md4MdKOU6ZsQ//g0,308.000,SayB0+Vq1qyZnTIu,393.000,MY8Sv42aXxDpCjC4,,
4,188,2026-04-05T12:41:23.647Z,265.000,9,149.000,OY9eVeUW8tGGPJFe,150.000,Fw2XlLSvhDCRIl7z,178.000,TiCg1GW9IStcOras,202.000,q5GVJKHvqVwABnDf,220.000,BjjWVd8h3JWMBrnK,223.000,zyQbLrDbnVAAyE0h,265.000,SayB0+Vq1qyZnTIu,345.000,MY8Sv42aXxDpCjC4,450.000,md4MdKOU6ZsQ//g0,,
4,189,2026-04-05T12:41:23.912Z,393.000,9,162.000,Fw2XlLSvhDCRIl7z,182.000,q5GVJKHvqVwABnDf,208.000,TiCg1GW9IStcOras,210.000,OY9eVeUW8tGGPJFe,390.000,zyQbLrDbnVAAyE0h,391.000,BjjWVd8h3JWMBrnK,393.000,SayB0+Vq1qyZnTIu,397.000,MY8Sv42aXxDpCjC4,398.000,md4MdKOU6ZsQ//g0,,
4,190,2026-04-05T12:41:24.305Z,152.000,9,21.000,Fw2XlLSvhDCRIl7z,24.000,OY9eVeUW8tGGPJFe,48.000,BjjWVd8h3JWMBrnK,75.000,zyQbLrDbnVAAyE0h,107.000,q5GVJKHvqVwABnDf,120.000,TiCg1GW9IStcOras,211.000,MY8Sv42aXxDpCjC4,211.000,md4MdKOU6ZsQ//g0,213.000,SayB0+Vq1qyZnTIu,,
4,191,2026-04-05T12:41:24.457Z,252.000,9,133.000,TiCg1GW9IStcOras,153.000,OY9eVeUW8tGGPJFe,162.000,q5GVJKHvqVwABnDf,206.000,BjjWVd8h3JWMBrnK,207.000,Fw2XlLSvhDCRIl7z,212.000,zyQbLrDbnVAAyE0h,252.000,SayB0+Vq1qyZnTIu,281.000,MY8Sv42aXxDpCjC4,458.000,md4MdKOU6ZsQ//g0,,
4,192,2026-04-05T12:41:24.709Z,264.000,9,131.000,q5GVJKHvqVwABnDf,162.000,Fw2XlLSvhDCRIl7z,163.000,OY9eVeUW8tGGPJFe,166.000,zyQbLrDbnVAAyE0h,223.000,BjjWVd8h3JWMBrnK,238.000,TiCg1GW9IStcOras,264.000,SayB0+Vq1qyZnTIu,267.000,MY8Sv42aXxDpCjC4,269.000,md4MdKOU6ZsQ//g0,,
4,193,2026-04-05T12:41:24.973Z,283.000,9,204.000,BjjWVd8h3JWMBrnK,207.000,Fw2XlLSvhDCRIl7z,208.000,q5GVJKHvqVwABnDf,212.000,OY9eVeUW8tGGPJFe,230.000,zyQbLrDbnVAAyE0h,274.000,md4MdKOU6ZsQ//g0,282.000,TiCg1GW9IStcOras,311.000,SayB0+Vq1qyZnTIu,311.000,MY8Sv42aXxDpCjC4,,
4,194,2026-04-05T12:41:25.256Z,285.000,9,208.000,TiCg1GW9IStcOras,227.000,BjjWVd8h3JWMBrnK,232.000,Fw2XlLSvhDCRIl7z,233.000,q5GVJKHvqVwABnDf,236.000,OY9eVeUW8tGGPJFe,255.000,zyQbLrDbnVAAyE0h,334.000,md4MdKOU6ZsQ//g0,301.000,SayB0+Vq1qyZnTIu,337.000,MY8Sv42aXxDpCjC4,,
4,195,2026-04-05T12:41:25.541Z,259.000,9,144.000,TiCg1GW9IStcOras,155.000,q5GVJKHvqVwABnDf,174.000,OY9eVeUW8tGGPJFe,176.000,zyQbLrDbnVAAyE0h,183.000,BjjWVd8h3JWMBrnK,204.000,Fw2XlLSvhDCRIl7z,259.000,MY8Sv42aXxDpCjC4,260.000,md4MdKOU6ZsQ//g0,286.000,SayB0+Vq1qyZnTIu,,
4,196,2026-04-05T12:41:25.800Z,283.000,9,181.000,TiCg1GW9IStcOras,198.000,BjjWVd8h3JWMBrnK,203.000,q5GVJKHvqVwABnDf,206.000,OY9eVeUW8tGGPJFe,207.000,Fw2XlLSvhDCRIl7z,223.000,zyQbLrDbnVAAyE0h,285.000,md4MdKOU6ZsQ//g0,287.000,SayB0+Vq1qyZnTIu,308.000,MY8Sv42aXxDpCjC4,,
4,197,2026-04-05T12:41:26.083Z,250.000,9,127.000,q5GVJKHvqVwABnDf,129.000,BjjWVd8h3JWMBrnK,129.000,TiCg1GW9IStcOras,130.000,Fw2XlLSvhDCRIl7z,233.000,OY9eVeUW8tGGPJFe,234.000,SayB0+Vq1qyZnTIu,249.000,zyQbLrDbnVAAyE0h,291.000,MY8Sv42aXxDpCjC4,308.000,md4MdKOU6ZsQ//g0,,
4,198,2026-04-05T12:41:26.333Z,292.000,9,180.000,Fw2XlLSvhDCRIl7z,190.000,OY9eVeUW8tGGPJFe,205.000,zyQbLrDbnVAAyE0h,227.000,q5GVJKHvqVwABnDf,236.000,TiCg1GW9IStcOras,240.000,BjjWVd8h3JWMBrnK,370.000,MY8Sv42aXxDpCjC4,294.000,SayB0+Vq1qyZnTIu,331.000,md4MdKOU6ZsQ//g0,,
4,199,2026-04-05T12:41:26.625Z,281.000,9,204.000,Fw2XlLSvhDCRIl7z,206.000,TiCg1GW9IStcOras,207.000,OY9eVeUW8tGGPJFe,208.000,BjjWVd8h3JWMBrnK,222.000,zyQbLrDbnVAAyE0h,245.000,q5GVJKHvqVwABnDf,281.000,md4MdKOU6ZsQ//g0,283.000,SayB0+Vq1qyZnTIu,347.000,MY8Sv42aXxDpCjC4,,
4,200,2026-04-05T12:41:26.906Z,275.000,9,185.000,zyQbLrDbnVAAyE0h,213.000,q5GVJKHvqVwABnDf,230.000,Fw2XlLSvhDCRIl7z,231.000,OY9eVeUW8tGGPJFe,232.000,BjjWVd8h3JWMBrnK,234.000,TiCg1GW9IStcOras,275.000,SayB0+Vq1qyZnTIu,306.000,md4MdKOU6ZsQ//g0,314.000,MY8Sv42aXxDpCjC4,,
4,201,2026-04-05T12:41:27.181Z,268.000,9,165.000,TiCg1GW9IStcOras,222.000,zyQbLrDbnVAAyE0h,244.000,q5GVJKHvqVwABnDf,263.000,SayB0+Vq1qyZnTIu,265.000,Fw2XlLSvhDCRIl7z,267.000,BjjWVd8h3JWMBrnK,268.000,OY9eVeUW8tGGPJFe,280.000,md4MdKOU6ZsQ//g0,347.000,MY8Sv42aXxDpCjC4,,
4,202,2026-04-05T12:41:27.449Z,309.000,9,209.000,TiCg1GW9IStcOras,261.000,zyQbLrDbnVAAyE0h,285.000,q5GVJKHvqVwABnDf,305.000,BjjWVd8h3JWMBrnK,307.000,Fw2XlLSvhDCRIl7z,308.000,SayB0+Vq1qyZnTIu,309.000,OY9eVeUW8tGGPJFe,322.000,md4MdKOU6ZsQ//g0,386.000,MY8Sv42aXxDpCjC4,,
4,203,2026-04-05T12:41:27.758Z,306.000,8,204.000,BjjWVd8h3JWMBrnK,213.000,TiCg1GW9IStcOras,259.000,zyQbLrDbnVAAyE0h,282.000,q5GVJKHvqVwABnDf,305.000,md4MdKOU6ZsQ//g0,306.000,SayB0+Vq1qyZnTIu,306.000,OY9eVeUW8tGGPJFe,387.000,MY8Sv42aXxDpCjC4,,,,
4,204,2026-04-05T12:41:28.064Z,287.000,9,207.000,OY9eVeUW8tGGPJFe,209.000,Fw2XlLSvhDCRIl7z,260.000,BjjWVd8h3JWMBrnK,261.000,TiCg1GW9IStcOras,262.000,zyQbLrDbnVAAyE0h,285.000,SayB0+Vq1qyZnTIu,287.000,q5GVJKHvqVwABnDf,365.000,md4MdKOU6ZsQ//g0,391.000,MY8Sv42aXxDpCjC4,,
4,205,2026-04-05T12:41:28.351Z,326.000,8,206.000,q5GVJKHvqVwABnDf,230.000,BjjWVd8h3JWMBrnK,232.000,Fw2XlLSvhDCRIl7z,235.000,TiCg1GW9IStcOras,286.000,OY9eVeUW8tGGPJFe,308.000,SayB0+Vq1qyZnTIu,327.000,MY8Sv42aXxDpCjC4,329.000,md4MdKOU6ZsQ//g0,,,,
4,206,2026-04-05T12:41:28.677Z,412.000,8,259.000,SayB0+Vq1qyZnTIu,267.000,MY8Sv42aXxDpCjC4,275.000,md4MdKOU6ZsQ//g0,363.000,BjjWVd8h3JWMBrnK,366.000,zyQbLrDbnVAAyE0h,411.000,OY9eVeUW8tGGPJFe,412.000,TiCg1GW9IStcOras,744.000,jIf2AEWi7y2xcK85,,,,
4,207,2026-04-05T12:41:29.089Z,384.000,7,105.000,q5GVJKHvqVwABnDf,209.000,OY9eVeUW8tGGPJFe,225.000,zyQbLrDbnVAAyE0h,306.000,Fw2XlLSvhDCRIl7z,310.000,md4MdKOU6ZsQ//g0,310.000,MY8Sv42aXxDpCjC4,384.000,SayB0+Vq1qyZnTIu,,,,,,
4,208,2026-04-05T12:41:29.473Z,446.000,8,216.000,MY8Sv42aXxDpCjC4,234.000,md4MdKOU6ZsQ//g0,264.000,SayB0+Vq1qyZnTIu,304.000,BjjWVd8h3JWMBrnK,382.000,Fw2XlLSvhDCRIl7z,430.000,TiCg1GW9IStcOras,445.000,OY9eVeUW8tGGPJFe,752.000,jIf2AEWi7y2xcK85,,,,
4,209,2026-04-05T12:41:29.919Z,466.000,8,102.000,q5GVJKHvqVwABnDf,307.000,SayB0+Vq1qyZnTIu,310.000,MY8Sv42aXxDpCjC4,333.000,md4MdKOU6ZsQ//g0,399.000,OY9eVeUW8tGGPJFe,409.000,Fw2XlLSvhDCRIl7z,466.000,BjjWVd8h3JWMBrnK,699.000,jIf2AEWi7y2xcK85,,,,
4,210,2026-04-05T12:41:30.385Z,571.000,8,241.000,MY8Sv42aXxDpCjC4,310.000,md4MdKOU6ZsQ//g0,372.000,SayB0+Vq1qyZnTIu,472.000,BjjWVd8h3JWMBrnK,495.000,OY9eVeUW8tGGPJFe,567.000,q5GVJKHvqVwABnDf,571.000,zyQbLrDbnVAAyE0h,799.000,jIf2AEWi7y2xcK85,,,,
4,211,2026-04-05T12:41:30.956Z,436.000,8,232.000,md4MdKOU6ZsQ//g0,305.000,SayB0+Vq1qyZnTIu,307.000,MY8Sv42aXxDpCjC4,335.000,BjjWVd8h3JWMBrnK,335.000,q5GVJKHvqVwABnDf,429.000,Fw2XlLSvhDCRIl7z,435.000,OY9eVeUW8tGGPJFe,697.000,jIf2AEWi7y2xcK85,,,,
4,212,2026-04-05T12:41:31.392Z,590.000,8,301.000,MY8Sv42aXxDpCjC4,317.000,md4MdKOU6ZsQ//g0,388.000,SayB0+Vq1qyZnTIu,497.000,q5GVJKHvqVwABnDf,506.000,zyQbLrDbnVAAyE0h,523.000,TiCg1GW9IStcOras,590.000,Fw2XlLSvhDCRIl7z,734.000,jIf2AEWi7y2xcK85,,,,
4,213,2026-04-05T12:41:31.982Z,545.000,8,245.000,md4MdKOU6ZsQ//g0,250.000,SayB0+Vq1qyZnTIu,309.000,MY8Sv42aXxDpCjC4,440.000,TiCg1GW9IStcOras,487.000,Fw2XlLSvhDCRIl7z,493.000,BjjWVd8h3JWMBrnK,545.000,OY9eVeUW8tGGPJFe,780.000,jIf2AEWi7y2xcK85,,,,
4,214,2026-04-05T12:41:32.527Z,544.000,8,310.000,md4MdKOU6ZsQ//g0,311.000,SayB0+Vq1qyZnTIu,350.000,TiCg1GW9IStcOras,351.000,MY8Sv42aXxDpCjC4,471.000,OY9eVeUW8tGGPJFe,530.000,q5GVJKHvqVwABnDf,543.000,zyQbLrDbnVAAyE0h,761.000,jIf2AEWi7y2xcK85,,,,
4,215,2026-04-05T12:41:33.071Z,553.000,8,265.000,md4MdKOU6ZsQ//g0,300.000,MY8Sv42aXxDpCjC4,302.000,SayB0+Vq1qyZnTIu,419.000,TiCg1GW9IStcOras,472.000,zyQbLrDbnVAAyE0h,497.000,BjjWVd8h3JWMBrnK,553.000,Fw2XlLSvhDCRIl7z,684.000,jIf2AEWi7y2xcK85,,,,
4,216,2026-04-05T12:41:33.624Z,653.000,7,310.000,md4MdKOU6ZsQ//g0,416.000,SayB0+Vq1qyZnTIu,420.000,MY8Sv42aXxDpCjC4,597.000,q5GVJKHvqVwABnDf,645.000,zyQbLrDbnVAAyE0h,651.000,Fw2XlLSvhDCRIl7z,834.000,jIf2AEWi7y2xcK85,,,,,,
4,217,2026-04-05T12:41:34.277Z,485.000,8,256.000,SayB0+Vq1qyZnTIu,306.000,MY8Sv42aXxDpCjC4,366.000,md4MdKOU6ZsQ//g0,371.000,OY9eVeUW8tGGPJFe,389.000,TiCg1GW9IStcOras,484.000,zyQbLrDbnVAAyE0h,485.000,BjjWVd8h3JWMBrnK,654.000,jIf2AEWi7y2xcK85,,,,
4,218,2026-04-05T12:41:34.762Z,892.000,7,213.000,md4MdKOU6ZsQ//g0,435.000,SayB0+Vq1qyZnTIu,438.000,MY8Sv42aXxDpCjC4,621.000,q5GVJKHvqVwABnDf,676.000,jIf2AEWi7y2xcK85,882.000,Fw2XlLSvhDCRIl7z,892.000,BjjWVd8h3JWMBrnK,,,,,,
4,219,2026-04-05T12:41:35.654Z,923.000,7,240.000,q5GVJKHvqVwABnDf,401.000,SayB0+Vq1qyZnTIu,404.000,MY8Sv42aXxDpCjC4,405.000,md4MdKOU6ZsQ//g0,725.000,jIf2AEWi7y2xcK85,908.000,TiCg1GW9IStcOras,923.000,OY9eVeUW8tGGPJFe,,,,,,
4,220,2026-04-05T12:41:36.577Z,720.000,7,295.000,MY8Sv42aXxDpCjC4,401.000,SayB0+Vq1qyZnTIu,402.000,md4MdKOU6ZsQ//g0,472.000,q5GVJKHvqVwABnDf,703.000,Fw2XlLSvhDCRIl7z,706.000,jIf2AEWi7y2xcK85,720.000,BjjWVd8h3JWMBrnK,,,,,,
4,221,2026-04-05T12:41:37.297Z,471.000,10,309.000,SayB0+Vq1qyZnTIu,310.000,MY8Sv42aXxDpCjC4,311.000,md4MdKOU6ZsQ//g0,467.000,OY9eVeUW8tGGPJFe,470.000,BjjWVd8h3JWMBrnK,470.000,q5GVJKHvqVwABnDf,471.000,zyQbLrDbnVAAyE0h,473.000,Fw2XlLSvhDCRIl7z,494.000,TiCg1GW9IStcOras,705.000,jIf2AEWi7y2xcK85
4,222,2026-04-05T12:41:37.768Z,760.000,7,403.000,SayB0+Vq1qyZnTIu,404.000,md4MdKOU6ZsQ//g0,405.000,MY8Sv42aXxDpCjC4,472.000,q5GVJKHvqVwABnDf,706.000,jIf2AEWi7y2xcK85,751.000,Fw2XlLSvhDCRIl7z,759.000,BjjWVd8h3JWMBrnK,,,,,,
4,223,2026-04-05T12:41:38.528Z,702.000,7,236.000,OY9eVeUW8tGGPJFe,309.000,md4MdKOU6ZsQ//g0,310.000,MY8Sv42aXxDpCjC4,311.000,SayB0+Vq1qyZnTIu,410.000,zyQbLrDbnVAAyE0h,521.000,q5GVJKHvqVwABnDf,758.000,jIf2AEWi7y2xcK85,,,,,,
4,224,2026-04-05T12:41:39.230Z,506.000,9,209.000,md4MdKOU6ZsQ//g0,356.000,OY9eVeUW8tGGPJFe,389.000,SayB0+Vq1qyZnTIu,413.000,BjjWVd8h3JWMBrnK,462.000,TiCg1GW9IStcOras,464.000,Fw2XlLSvhDCRIl7z,505.000,zyQbLrDbnVAAyE0h,525.000,MY8Sv42aXxDpCjC4,758.000,jIf2AEWi7y2xcK85,,
4,225,2026-04-05T12:41:39.736Z,991.000,7,214.000,SayB0+Vq1qyZnTIu,266.000,md4MdKOU6ZsQ//g0,308.000,MY8Sv42aXxDpCjC4,568.000,q5GVJKHvqVwABnDf,802.000,jIf2AEWi7y2xcK85,966.000,OY9eVeUW8tGGPJFe,991.000,zyQbLrDbnVAAyE0h,,,,,,
4,226,2026-04-05T12:41:40.727Z,1008.000,7,308.000,md4MdKOU6ZsQ//g0,311.000,SayB0+Vq1qyZnTIu,317.000,MY8Sv42aXxDpCjC4,468.000,q5GVJKHvqVwABnDf,713.000,jIf2AEWi7y2xcK85,972.000,TiCg1GW9IStcOras,1007.000,OY9eVeUW8tGGPJFe,,,,,,
4,227,2026-04-05T12:41:41.735Z,1187.000,7,307.000,MY8Sv42aXxDpCjC4,399.000,SayB0+Vq1qyZnTIu,400.000,md4MdKOU6ZsQ//g0,469.000,q5GVJKHvqVwABnDf,701.000,jIf2AEWi7y2xcK85,1185.000,BjjWVd8h3JWMBrnK,1187.000,TiCg1GW9IStcOras,,,,,,
4,228,2026-04-05T12:41:42.922Z,1030.000,7,404.000,md4MdKOU6ZsQ//g0,405.000,MY8Sv42aXxDpCjC4,435.000,SayB0+Vq1qyZnTIu,473.000,q5GVJKHvqVwABnDf,710.000,jIf2AEWi7y2xcK85,1026.000,Fw2XlLSvhDCRIl7z,1030.000,BjjWVd8h3JWMBrnK,,,,,,
4,229,2026-04-05T12:41:43.952Z,987.000,7,237.000,q5GVJKHvqVwABnDf,402.000,SayB0+Vq1qyZnTIu,403.000,MY8Sv42aXxDpCjC4,405.000,md4MdKOU6ZsQ//g0,705.000,jIf2AEWi7y2xcK85,985.000,Fw2XlLSvhDCRIl7z,987.000,zyQbLrDbnVAAyE0h,,,,,,
4,230,2026-04-05T12:41:44.939Z,932.000,7,399.000,MY8Sv42aXxDpCjC4,401.000,md4MdKOU6ZsQ//g0,402.000,SayB0+Vq1qyZnTIu,468.000,q5GVJKHvqVwABnDf,702.000,jIf2AEWi7y2xcK85,931.000,BjjWVd8h3JWMBrnK,932.000,Fw2XlLSvhDCRIl7z,,,,,,
4,231,2026-04-05T12:41:45.871Z,1295.000,7,402.000,SayB0+Vq1qyZnTIu,403.000,md4MdKOU6ZsQ//g0,406.000,MY8Sv42aXxDpCjC4,473.000,q5GVJKHvqVwABnDf,706.000,jIf2AEWi7y2xcK85,1284.000,OY9eVeUW8tGGPJFe,1295.000,zyQbLrDbnVAAyE0h,,,,,,
4,232,2026-04-05T12:41:47.166Z,1242.000,7,434.000,SayB0+Vq1qyZnTIu,434.000,md4MdKOU6ZsQ//g0,436.000,MY8Sv42aXxDpCjC4,503.000,q5GVJKHvqVwABnDf,739.000,jIf2AEWi7y2xcK85,1241.000,Fw2XlLSvhDCRIl7z,1242.000,BjjWVd8h3JWMBrnK,,,,,,
4,233,2026-04-05T12:41:48.408Z,2056.000,7,400.000,md4MdKOU6ZsQ//g0,401.000,MY8Sv42aXxDpCjC4,403.000,SayB0+Vq1qyZnTIu,470.000,q5GVJKHvqVwABnDf,705.000,jIf2AEWi7y2xcK85,2050.000,BjjWVd8h3JWMBrnK,2055.000,Fw2XlLSvhDCRIl7z,,,,,,
4,234,2026-04-05T12:41:50.464Z,2322.000,7,234.000,q5GVJKHvqVwABnDf,400.000,MY8Sv42aXxDpCjC4,401.000,md4MdKOU6ZsQ//g0,403.000,SayB0+Vq1qyZnTIu,702.000,jIf2AEWi7y2xcK85,2317.000,BjjWVd8h3JWMBrnK,2322.000,TiCg1GW9IStcOras,,,,,,
4,235,2026-04-05T12:41:52.786Z,2197.000,7,399.000,SayB0+Vq1qyZnTIu,400.000,md4MdKOU6ZsQ//g0,402.000,MY8Sv42aXxDpCjC4,472.000,q5GVJKHvqVwABnDf,707.000,jIf2AEWi7y2xcK85,1278.000,zyQbLrDbnVAAyE0h,2197.000,OY9eVeUW8tGGPJFe,,,,,,
4,236,2026-04-05T12:41:54.983Z,2430.000,7,654.000,SayB0+Vq1qyZnTIu,695.000,md4MdKOU6ZsQ//g0,703.000,jIf2AEWi7y2xcK85,774.000,MY8Sv42aXxDpCjC4,1528.000,q5GVJKHvqVwABnDf,2307.000,zyQbLrDbnVAAyE0h,2430.000,Fw2XlLSvhDCRIl7z,,,,,,
4,237,2026-04-05T12:41:57.413Z,2846.000,7,585.000,jIf2AEWi7y2xcK85,765.000,SayB0+Vq1qyZnTIu,1740.000,zyQbLrDbnVAAyE0h,1748.000,q5GVJKHvqVwABnDf,1791.000,MY8Sv42aXxDpCjC4,1826.000,md4MdKOU6ZsQ//g0,2846.000,TiCg1GW9IStcOras,,,,,,
4,238,2026-04-05T12:42:00.259Z,4050.000,7,469.000,jIf2AEWi7y2xcK85,1074.000,MY8Sv42aXxDpCjC4,1733.000,q5GVJKHvqVwABnDf,1846.000,md4MdKOU6ZsQ//g0,1875.000,SayB0+Vq1qyZnTIu,2967.000,Fw2XlLSvhDCRIl7z,4050.000,TiCg1GW9IStcOras,,,,,,
4,239,2026-04-05T12:42:04.309Z,4486.000,7,708.000,jIf2AEWi7y2xcK85,2638.000,q5GVJKHvqVwABnDf,2706.000,MY8Sv42aXxDpCjC4,2732.000,md4MdKOU6ZsQ//g0,2781.000,SayB0+Vq1qyZnTIu,4295.000,zyQbLrDbnVAAyE0h,4486.000,TiCg1GW9IStcOras,,,,,,
4,240,2026-04-05T12:42:08.795Z,5309.000,7,705.000,jIf2AEWi7y2xcK85,2316.000,SayB0+Vq1qyZnTIu,2371.000,q5GVJKHvqVwABnDf,2403.000,md4MdKOU6ZsQ//g0,2459.000,MY8Sv42aXxDpCjC4,4092.000,zyQbLrDbnVAAyE0h,5309.000,TiCg1GW9IStcOras,,,,,,
4,241,2026-04-05T12:42:14.104Z,7331.000,7,705.000,jIf2AEWi7y2xcK85,2297.000,md4MdKOU6ZsQ//g0,4328.000,q5GVJKHvqVwABnDf,4439.000,MY8Sv42aXxDpCjC4,4485.000,SayB0+Vq1qyZnTIu,6359.000,zyQbLrDbnVAAyE0h,7331.000,BjjWVd8h3JWMBrnK,,,,,,
4,242,2026-04-05T12:42:21.435Z,8387.000,7,699.000,jIf2AEWi7y2xcK85,5070.000,q5GVJKHvqVwABnDf,5119.000,md4MdKOU6ZsQ//g0,5153.000,SayB0+Vq1qyZnTIu,5217.000,MY8Sv42aXxDpCjC4,8362.000,TiCg1GW9IStcOras,8387.000,OY9eVeUW8tGGPJFe,,,,,,
4,243,2026-04-05T12:42:29.822Z,8346.000,7,707.000,jIf2AEWi7y2xcK85,3908.000,q5GVJKHvqVwABnDf,4022.000,md4MdKOU6ZsQ//g0,4991.000,SayB0+Vq1qyZnTIu,5002.000,MY8Sv42aXxDpCjC4,8345.000,TiCg1GW9IStcOras,8346.000,OY9eVeUW8tGGPJFe,,,,,,
4,244,2026-04-05T12:42:38.168Z,8357.000,7,702.000,jIf2AEWi7y2xcK85,5762.000,q5GVJKHvqVwABnDf,6654.000,SayB0+Vq1qyZnTIu,6656.000,md4MdKOU6ZsQ//g0,6660.000,MY8Sv42aXxDpCjC4,7910.000,zyQbLrDbnVAAyE0h,8357.000,Fw2XlLSvhDCRIl7z,,,,,,
4,245,2026-04-05T12:42:46.525Z,,1,702.000,jIf2AEWi7y2xcK85,,,,,,,,,,,,,,,,,,
5,1,2026-04-05T12:40:28.061Z,6342.000,7,2357.000,q5GVJKHvqVwABnDf,2743.000,TiCg1GW9IStcOras,3824.000,zyQbLrDbnVAAyE0h,4186.000,Fw2XlLSvhDCRIl7z,4758.000,MY8Sv42aXxDpCjC4,6239.000,BjjWVd8h3JWMBrnK,6342.000,md4MdKOU6ZsQ//g0,,,,,,
5,2,2026-04-05T12:40:34.403Z,253.000,7,104.000,zyQbLrDbnVAAyE0h,106.000,TiCg1GW9IStcOras,108.000,q5GVJKHvqVwABnDf,206.000,Fw2XlLSvhDCRIl7z,207.000,MY8Sv42aXxDpCjC4,208.000,BjjWVd8h3JWMBrnK,309.000,md4MdKOU6ZsQ//g0,,,,,,
5,3,2026-04-05T12:40:34.656Z,307.000,7,161.000,zyQbLrDbnVAAyE0h,163.000,TiCg1GW9IStcOras,166.000,BjjWVd8h3JWMBrnK,168.000,q5GVJKHvqVwABnDf,260.000,Fw2XlLSvhDCRIl7z,265.000,MY8Sv42aXxDpCjC4,366.000,md4MdKOU6ZsQ//g0,,,,,,
5,4,2026-04-05T12:40:34.963Z,271.000,7,166.000,BjjWVd8h3JWMBrnK,166.000,zyQbLrDbnVAAyE0h,168.000,TiCg1GW9IStcOras,171.000,q5GVJKHvqVwABnDf,261.000,Fw2XlLSvhDCRIl7z,269.000,MY8Sv42aXxDpCjC4,369.000,md4MdKOU6ZsQ//g0,,,,,,
5,5,2026-04-05T12:40:35.234Z,307.000,7,204.000,zyQbLrDbnVAAyE0h,206.000,TiCg1GW9IStcOras,209.000,q5GVJKHvqVwABnDf,210.000,BjjWVd8h3JWMBrnK,296.000,Fw2XlLSvhDCRIl7z,405.000,md4MdKOU6ZsQ//g0,308.000,MY8Sv42aXxDpCjC4,,,,,,
5,6,2026-04-05T12:40:35.541Z,311.000,8,202.000,zyQbLrDbnVAAyE0h,207.000,q5GVJKHvqVwABnDf,208.000,BjjWVd8h3JWMBrnK,210.000,TiCg1GW9IStcOras,298.000,Fw2XlLSvhDCRIl7z,309.000,md4MdKOU6ZsQ//g0,312.000,MY8Sv42aXxDpCjC4,405.000,SayB0+Vq1qyZnTIu,,,,
5,7,2026-04-05T12:40:35.852Z,302.000,10,196.000,zyQbLrDbnVAAyE0h,199.000,BjjWVd8h3JWMBrnK,201.000,OY9eVeUW8tGGPJFe,205.000,q5GVJKHvqVwABnDf,207.000,TiCg1GW9IStcOras,297.000,Fw2XlLSvhDCRIl7z,310.000,MY8Sv42aXxDpCjC4,304.000,SayB0+Vq1qyZnTIu,308.000,md4MdKOU6ZsQ//g0,1062.000,jIf2AEWi7y2xcK85
5,8,2026-04-05T12:40:36.154Z,247.000,9,203.000,BjjWVd8h3JWMBrnK,205.000,Fw2XlLSvhDCRIl7z,207.000,OY9eVeUW8tGGPJFe,211.000,q5GVJKHvqVwABnDf,213.000,zyQbLrDbnVAAyE0h,215.000,TiCg1GW9IStcOras,247.000,md4MdKOU6ZsQ//g0,307.000,SayB0+Vq1qyZnTIu,316.000,MY8Sv42aXxDpCjC4,,
5,9,2026-04-05T12:40:36.401Z,273.000,9,169.000,q5GVJKHvqVwABnDf,172.000,zyQbLrDbnVAAyE0h,174.000,TiCg1GW9IStcOras,206.000,OY9eVeUW8tGGPJFe,208.000,BjjWVd8h3JWMBrnK,248.000,Fw2XlLSvhDCRIl7z,274.000,MY8Sv42aXxDpCjC4,379.000,md4MdKOU6ZsQ//g0,383.000,SayB0+Vq1qyZnTIu,,
5,10,2026-04-05T12:40:36.674Z,314.000,8,211.000,q5GVJKHvqVwABnDf,211.000,zyQbLrDbnVAAyE0h,215.000,TiCg1GW9IStcOras,241.000,BjjWVd8h3JWMBrnK,252.000,OY9eVeUW8tGGPJFe,299.000,Fw2XlLSvhDCRIl7z,314.000,MY8Sv42aXxDpCjC4,417.000,md4MdKOU6ZsQ//g0,,,,
5,11,2026-04-05T12:40:36.988Z,308.000,9,204.000,q5GVJKHvqVwABnDf,205.000,zyQbLrDbnVAAyE0h,207.000,TiCg1GW9IStcOras,208.000,OY9eVeUW8tGGPJFe,215.000,BjjWVd8h3JWMBrnK,233.000,Fw2XlLSvhDCRIl7z,314.000,SayB0+Vq1qyZnTIu,311.000,MY8Sv42aXxDpCjC4,411.000,md4MdKOU6ZsQ//g0,,
5,12,2026-04-05T12:40:37.296Z,270.000,8,145.000,TiCg1GW9IStcOras,206.000,q5GVJKHvqVwABnDf,208.000,BjjWVd8h3JWMBrnK,209.000,zyQbLrDbnVAAyE0h,212.000,OY9eVeUW8tGGPJFe,255.000,Fw2XlLSvhDCRIl7z,317.000,SayB0+Vq1qyZnTIu,313.000,MY8Sv42aXxDpCjC4,,,,
5,13,2026-04-05T12:40:37.566Z,247.000,9,145.000,zyQbLrDbnVAAyE0h,146.000,q5GVJKHvqVwABnDf,207.000,TiCg1GW9IStcOras,209.000,OY9eVeUW8tGGPJFe,210.000,Fw2XlLSvhDCRIl7z,232.000,BjjWVd8h3JWMBrnK,247.000,MY8Sv42aXxDpCjC4,311.000,md4MdKOU6ZsQ//g0,558.000,SayB0+Vq1qyZnTIu,,
5,14,2026-04-05T12:40:37.813Z,302.000,8,167.000,zyQbLrDbnVAAyE0h,168.000,OY9eVeUW8tGGPJFe,170.000,TiCg1GW9IStcOras,210.000,q5GVJKHvqVwABnDf,211.000,BjjWVd8h3JWMBrnK,271.000,Fw2XlLSvhDCRIl7z,302.000,md4MdKOU6ZsQ//g0,309.000,MY8Sv42aXxDpCjC4,,,,
5,15,2026-04-05T12:40:38.115Z,278.000,9,109.000,zyQbLrDbnVAAyE0h,175.000,Fw2XlLSvhDCRIl7z,199.000,OY9eVeUW8tGGPJFe,207.000,TiCg1GW9IStcOras,210.000,q5GVJKHvqVwABnDf,213.000,BjjWVd8h3JWMBrnK,309.000,md4MdKOU6ZsQ//g0,301.000,MY8Sv42aXxDpCjC4,323.000,SayB0+Vq1qyZnTIu,,
5,16,2026-04-05T12:40:38.393Z,253.000,9,169.000,zyQbLrDbnVAAyE0h,175.000,OY9eVeUW8tGGPJFe,176.000,BjjWVd8h3JWMBrnK,200.000,q5GVJKHvqVwABnDf,207.000,Fw2XlLSvhDCRIl7z,235.000,TiCg1GW9IStcOras,295.000,SayB0+Vq1qyZnTIu,273.000,MY8Sv42aXxDpCjC4,340.000,md4MdKOU6ZsQ//g0,,
5,17,2026-04-05T12:40:38.646Z,271.000,9,137.000,zyQbLrDbnVAAyE0h,138.000,OY9eVeUW8tGGPJFe,187.000,TiCg1GW9IStcOras,200.000,q5GVJKHvqVwABnDf,225.000,Fw2XlLSvhDCRIl7z,245.000,BjjWVd8h3JWMBrnK,346.000,SayB0+Vq1qyZnTIu,293.000,MY8Sv42aXxDpCjC4,350.000,md4MdKOU6ZsQ//g0,,
5,18,2026-04-05T12:40:38.917Z,243.000,10,138.000,TiCg1GW9IStcOras,182.000,zyQbLrDbnVAAyE0h,192.000,q5GVJKHvqVwABnDf,194.000,Fw2XlLSvhDCRIl7z,204.000,BjjWVd8h3JWMBrnK,206.000,OY9eVeUW8tGGPJFe,328.000,md4MdKOU6ZsQ//g0,273.000,MY8Sv42aXxDpCjC4,286.000,SayB0+Vq1qyZnTIu,692.000,jIf2AEWi7y2xcK85
5,19,2026-04-05T12:40:39.160Z,274.000,9,169.000,OY9eVeUW8tGGPJFe,184.000,Fw2XlLSvhDCRIl7z,192.000,TiCg1GW9IStcOras,237.000,zyQbLrDbnVAAyE0h,257.000,q5GVJKHvqVwABnDf,267.000,BjjWVd8h3JWMBrnK,348.000,SayB0+Vq1qyZnTIu,341.000,MY8Sv42aXxDpCjC4,379.000,md4MdKOU6ZsQ//g0,,
5,20,2026-04-05T12:40:39.434Z,242.000,9,136.000,Fw2XlLSvhDCRIl7z,190.000,q5GVJKHvqVwABnDf,206.000,OY9eVeUW8tGGPJFe,216.000,BjjWVd8h3JWMBrnK,218.000,zyQbLrDbnVAAyE0h,225.000,TiCg1GW9IStcOras,271.000,MY8Sv42aXxDpCjC4,323.000,md4MdKOU6ZsQ//g0,345.000,SayB0+Vq1qyZnTIu,,
5,21,2026-04-05T12:40:39.676Z,276.000,9,172.000,OY9eVeUW8tGGPJFe,191.000,TiCg1GW9IStcOras,204.000,Fw2XlLSvhDCRIl7z,235.000,zyQbLrDbnVAAyE0h,253.000,q5GVJKHvqVwABnDf,265.000,BjjWVd8h3JWMBrnK,345.000,SayB0+Vq1qyZnTIu,339.000,MY8Sv42aXxDpCjC4,382.000,md4MdKOU6ZsQ//g0,,
5,22,2026-04-05T12:40:39.952Z,268.000,9,122.000,TiCg1GW9IStcOras,183.000,q5GVJKHvqVwABnDf,189.000,Fw2XlLSvhDCRIl7z,206.000,OY9eVeUW8tGGPJFe,213.000,BjjWVd8h3JWMBrnK,214.000,zyQbLrDbnVAAyE0h,268.000,MY8Sv42aXxDpCjC4,316.000,md4MdKOU6ZsQ//g0,344.000,SayB0+Vq1qyZnTIu,,
5,23,2026-04-05T12:40:40.220Z,266.000,9,127.000,q5GVJKHvqVwABnDf,163.000,TiCg1GW9IStcOras,173.000,OY9eVeUW8tGGPJFe,196.000,Fw2XlLSvhDCRIl7z,204.000,zyQbLrDbnVAAyE0h,238.000,BjjWVd8h3JWMBrnK,314.000,SayB0+Vq1qyZnTIu,307.000,MY8Sv42aXxDpCjC4,346.000,md4MdKOU6ZsQ//g0,,
5,24,2026-04-05T12:40:40.486Z,219.000,9,115.000,Fw2XlLSvhDCRIl7z,184.000,OY9eVeUW8tGGPJFe,192.000,zyQbLrDbnVAAyE0h,201.000,BjjWVd8h3JWMBrnK,205.000,TiCg1GW9IStcOras,207.000,q5GVJKHvqVwABnDf,247.000,MY8Sv42aXxDpCjC4,296.000,md4MdKOU6ZsQ//g0,325.000,SayB0+Vq1qyZnTIu,,
5,25,2026-04-05T12:40:40.705Z,300.000,9,159.000,Fw2XlLSvhDCRIl7z,192.000,BjjWVd8h3JWMBrnK,194.000,TiCg1GW9IStcOras,227.000,OY9eVeUW8tGGPJFe,232.000,zyQbLrDbnVAAyE0h,248.000,q5GVJKHvqVwABnDf,342.000,SayB0+Vq1qyZnTIu,336.000,MY8Sv42aXxDpCjC4,363.000,md4MdKOU6ZsQ//g0,,
5,26,2026-04-05T12:40:41.005Z,247.000,9,110.000,Fw2XlLSvhDCRIl7z,176.000,BjjWVd8h3JWMBrnK,182.000,OY9eVeUW8tGGPJFe,188.000,zyQbLrDbnVAAyE0h,205.000,q5GVJKHvqVwABnDf,212.000,TiCg1GW9IStcOras,316.000,MY8Sv42aXxDpCjC4,291.000,md4MdKOU6ZsQ//g0,310.000,SayB0+Vq1qyZnTIu,,
5,27,2026-04-05T12:40:41.252Z,266.000,9,163.000,Fw2XlLSvhDCRIl7z,170.000,TiCg1GW9IStcOras,173.000,BjjWVd8h3JWMBrnK,193.000,OY9eVeUW8tGGPJFe,202.000,zyQbLrDbnVAAyE0h,214.000,q5GVJKHvqVwABnDf,310.000,SayB0+Vq1qyZnTIu,305.000,MY8Sv42aXxDpCjC4,343.000,md4MdKOU6ZsQ//g0,,
5,28,2026-04-05T12:40:41.518Z,220.000,9,112.000,TiCg1GW9IStcOras,142.000,zyQbLrDbnVAAyE0h,144.000,Fw2XlLSvhDCRIl7z,182.000,BjjWVd8h3JWMBrnK,204.000,q5GVJKHvqVwABnDf,213.000,OY9eVeUW8tGGPJFe,246.000,MY8Sv42aXxDpCjC4,296.000,md4MdKOU6ZsQ//g0,313.000,SayB0+Vq1qyZnTIu,,
5,29,2026-04-05T12:40:41.738Z,296.000,9,190.000,BjjWVd8h3JWMBrnK,193.000,Fw2XlLSvhDCRIl7z,204.000,TiCg1GW9IStcOras,217.000,OY9eVeUW8tGGPJFe,231.000,zyQbLrDbnVAAyE0h,244.000,q5GVJKHvqVwABnDf,340.000,SayB0+Vq1qyZnTIu,336.000,MY8Sv42aXxDpCjC4,376.000,md4MdKOU6ZsQ//g0,,
5,30,2026-04-05T12:40:42.034Z,219.000,9,114.000,TiCg1GW9IStcOras,141.000,zyQbLrDbnVAAyE0h,200.000,q5GVJKHvqVwABnDf,206.000,Fw2XlLSvhDCRIl7z,207.000,BjjWVd8h3JWMBrnK,208.000,OY9eVeUW8tGGPJFe,244.000,MY8Sv42aXxDpCjC4,308.000,md4MdKOU6ZsQ//g0,312.000,SayB0+Vq1qyZnTIu,,
5,31,2026-04-05T12:40:42.253Z,301.000,9,194.000,BjjWVd8h3JWMBrnK,201.000,Fw2XlLSvhDCRIl7z,205.000,TiCg1GW9IStcOras,215.000,OY9eVeUW8tGGPJFe,231.000,zyQbLrDbnVAAyE0h,243.000,q5GVJKHvqVwABnDf,339.000,SayB0+Vq1qyZnTIu,335.000,MY8Sv42aXxDpCjC4,397.000,md4MdKOU6ZsQ//g0,,
5,32,2026-04-05T12:40:42.554Z,254.000,9,109.000,Fw2XlLSvhDCRIl7z,110.000,TiCg1GW9IStcOras,202.000,BjjWVd8h3JWMBrnK,222.000,OY9eVeUW8tGGPJFe,239.000,zyQbLrDbnVAAyE0h,251.000,q5GVJKHvqVwABnDf,343.000,MY8Sv42aXxDpCjC4,304.000,md4MdKOU6ZsQ//g0,346.000,SayB0+Vq1qyZnTIu,,
5,33,2026-04-05T12:40:42.808Z,262.000,9,157.000,BjjWVd8h3JWMBrnK,172.000,Fw2XlLSvhDCRIl7z,176.000,OY9eVeUW8tGGPJFe,188.000,TiCg1GW9IStcOras,195.000,zyQbLrDbnVAAyE0h,206.000,q5GVJKHvqVwABnDf,298.000,SayB0+Vq1qyZnTIu,359.000,md4MdKOU6ZsQ//g0,365.000,MY8Sv42aXxDpCjC4,,
5,34,2026-04-05T12:40:43.070Z,270.000,9,139.000,TiCg1GW9IStcOras,150.000,Fw2XlLSvhDCRIl7z,173.000,OY9eVeUW8tGGPJFe,203.000,BjjWVd8h3JWMBrnK,235.000,zyQbLrDbnVAAyE0h,251.000,q5GVJKHvqVwABnDf,338.000,MY8Sv42aXxDpCjC4,344.000,SayB0+Vq1qyZnTIu,349.000,md4MdKOU6ZsQ//g0,,
5,35,2026-04-05T12:40:43.340Z,246.000,9,131.000,Fw2XlLSvhDCRIl7z,138.000,OY9eVeUW8tGGPJFe,177.000,zyQbLrDbnVAAyE0h,189.000,q5GVJKHvqVwABnDf,206.000,TiCg1GW9IStcOras,241.000,BjjWVd8h3JWMBrnK,281.000,SayB0+Vq1qyZnTIu,338.000,md4MdKOU6ZsQ//g0,352.000,MY8Sv42aXxDpCjC4,,
5,36,2026-04-05T12:40:43.586Z,302.000,9,147.000,OY9eVeUW8tGGPJFe,148.000,Fw2XlLSvhDCRIl7z,150.000,q5GVJKHvqVwABnDf,166.000,TiCg1GW9IStcOras,200.000,BjjWVd8h3JWMBrnK,234.000,zyQbLrDbnVAAyE0h,315.000,md4MdKOU6ZsQ//g0,306.000,MY8Sv42aXxDpCjC4,308.000,SayB0+Vq1qyZnTIu,,
5,37,2026-04-05T12:40:43.888Z,213.000,9,109.000,OY9eVeUW8tGGPJFe,110.000,Fw2XlLSvhDCRIl7z,138.000,TiCg1GW9IStcOras,139.000,zyQbLrDbnVAAyE0h,147.000,BjjWVd8h3JWMBrnK,195.000,q5GVJKHvqVwABnDf,242.000,MY8Sv42aXxDpCjC4,251.000,SayB0+Vq1qyZnTIu,308.000,md4MdKOU6ZsQ//g0,,
5,38,2026-04-05T12:40:44.101Z,302.000,9,132.000,TiCg1GW9IStcOras,141.000,zyQbLrDbnVAAyE0h,203.000,OY9eVeUW8tGGPJFe,205.000,BjjWVd8h3JWMBrnK,207.000,Fw2XlLSvhDCRIl7z,239.000,q5GVJKHvqVwABnDf,302.000,md4MdKOU6ZsQ//g0,303.000,SayB0+Vq1qyZnTIu,337.000,MY8Sv42aXxDpCjC4,,
5,39,2026-04-05T12:40:44.403Z,260.000,9,110.000,TiCg1GW9IStcOras,112.000,BjjWVd8h3JWMBrnK,191.000,zyQbLrDbnVAAyE0h,208.000,q5GVJKHvqVwABnDf,209.000,OY9eVeUW8tGGPJFe,215.000,Fw2XlLSvhDCRIl7z,321.000,MY8Sv42aXxDpCjC4,296.000,SayB0+Vq1qyZnTIu,310.000,md4MdKOU6ZsQ//g0,,
5,40,2026-04-05T12:40:44.663Z,260.000,9,154.000,OY9eVeUW8tGGPJFe,159.000,BjjWVd8h3JWMBrnK,187.000,zyQbLrDbnVAAyE0h,192.000,Fw2XlLSvhDCRIl7z,200.000,q5GVJKHvqVwABnDf,242.000,TiCg1GW9IStcOras,291.000,MY8Sv42aXxDpCjC4,361.000,md4MdKOU6ZsQ//g0,344.000,SayB0+Vq1qyZnTIu,,
5,41,2026-04-05T12:40:44.923Z,257.000,9,134.000,zyQbLrDbnVAAyE0h,150.000,OY9eVeUW8tGGPJFe,188.000,TiCg1GW9IStcOras,209.000,BjjWVd8h3JWMBrnK,211.000,Fw2XlLSvhDCRIl7z,248.000,q5GVJKHvqVwABnDf,308.000,md4MdKOU6ZsQ//g0,305.000,MY8Sv42aXxDpCjC4,307.000,SayB0+Vq1qyZnTIu,,
5,42,2026-04-05T12:40:45.180Z,264.000,9,152.000,zyQbLrDbnVAAyE0h,158.000,OY9eVeUW8tGGPJFe,192.000,Fw2XlLSvhDCRIl7z,200.000,q5GVJKHvqVwABnDf,222.000,BjjWVd8h3JWMBrnK,245.000,TiCg1GW9IStcOras,264.000,SayB0+Vq1qyZnTIu,297.000,MY8Sv42aXxDpCjC4,360.000,md4MdKOU6ZsQ//g0,,
5,43,2026-04-05T12:40:45.444Z,300.000,9,146.000,OY9eVeUW8tGGPJFe,173.000,zyQbLrDbnVAAyE0h,196.000,TiCg1GW9IStcOras,237.000,Fw2XlLSvhDCRIl7z,238.000,BjjWVd8h3JWMBrnK,244.000,q5GVJKHvqVwABnDf,300.000,MY8Sv42aXxDpCjC4,309.000,SayB0+Vq1qyZnTIu,351.000,md4MdKOU6ZsQ//g0,,
5,44,2026-04-05T12:40:45.744Z,217.000,9,114.000,zyQbLrDbnVAAyE0h,145.000,OY9eVeUW8tGGPJFe,175.000,BjjWVd8h3JWMBrnK,194.000,TiCg1GW9IStcOras,205.000,q5GVJKHvqVwABnDf,213.000,Fw2XlLSvhDCRIl7z,217.000,SayB0+Vq1qyZnTIu,308.000,MY8Sv42aXxDpCjC4,310.000,md4MdKOU6ZsQ//g0,,
5,45,2026-04-05T12:40:45.961Z,296.000,9,184.000,OY9eVeUW8tGGPJFe,193.000,zyQbLrDbnVAAyE0h,194.000,q5GVJKHvqVwABnDf,201.000,TiCg1GW9IStcOras,231.000,Fw2XlLSvhDCRIl7z,238.000,BjjWVd8h3JWMBrnK,296.000,MY8Sv42aXxDpCjC4,309.000,SayB0+Vq1qyZnTIu,357.000,md4MdKOU6ZsQ//g0,,
5,46,2026-04-05T12:40:46.257Z,249.000,9,198.000,TiCg1GW9IStcOras,207.000,zyQbLrDbnVAAyE0h,208.000,q5GVJKHvqVwABnDf,208.000,BjjWVd8h3JWMBrnK,212.000,Fw2XlLSvhDCRIl7z,214.000,OY9eVeUW8tGGPJFe,320.000,SayB0+Vq1qyZnTIu,310.000,MY8Sv42aXxDpCjC4,312.000,md4MdKOU6ZsQ//g0,,
5,47,2026-04-05T12:40:46.506Z,276.000,9,169.000,BjjWVd8h3JWMBrnK,173.000,OY9eVeUW8tGGPJFe,174.000,q5GVJKHvqVwABnDf,203.000,Fw2XlLSvhDCRIl7z,256.000,TiCg1GW9IStcOras,267.000,zyQbLrDbnVAAyE0h,371.000,md4MdKOU6ZsQ//g0,376.000,SayB0+Vq1qyZnTIu,372.000,MY8Sv42aXxDpCjC4,,
5,48,2026-04-05T12:40:46.782Z,302.000,9,136.000,Fw2XlLSvhDCRIl7z,196.000,BjjWVd8h3JWMBrnK,206.000,OY9eVeUW8tGGPJFe,207.000,zyQbLrDbnVAAyE0h,208.000,TiCg1GW9IStcOras,210.000,q5GVJKHvqVwABnDf,348.000,MY8Sv42aXxDpCjC4,347.000,md4MdKOU6ZsQ//g0,307.000,SayB0+Vq1qyZnTIu,,
5,49,2026-04-05T12:40:47.084Z,222.000,9,112.000,q5GVJKHvqVwABnDf,115.000,TiCg1GW9IStcOras,116.000,BjjWVd8h3JWMBrnK,148.000,Fw2XlLSvhDCRIl7z,206.000,zyQbLrDbnVAAyE0h,213.000,OY9eVeUW8tGGPJFe,315.000,SayB0+Vq1qyZnTIu,310.000,MY8Sv42aXxDpCjC4,311.000,md4MdKOU6ZsQ//g0,,
5,50,2026-04-05T12:40:47.306Z,295.000,9,194.000,BjjWVd8h3JWMBrnK,199.000,Fw2XlLSvhDCRIl7z,200.000,OY9eVeUW8tGGPJFe,202.000,q5GVJKHvqVwABnDf,204.000,TiCg1GW9IStcOras,292.000,zyQbLrDbnVAAyE0h,295.000,MY8Sv42aXxDpCjC4,397.000,md4MdKOU6ZsQ//g0,501.000,SayB0+Vq1qyZnTIu,,
5,51,2026-04-05T12:40:47.601Z,223.000,9,113.000,BjjWVd8h3JWMBrnK,116.000,q5GVJKHvqVwABnDf,117.000,TiCg1GW9IStcOras,204.000,zyQbLrDbnVAAyE0h,213.000,OY9eVeUW8tGGPJFe,215.000,Fw2XlLSvhDCRIl7z,312.000,SayB0+Vq1qyZnTIu,309.000,MY8Sv42aXxDpCjC4,310.000,md4MdKOU6ZsQ//g0,,
5,52,2026-04-05T12:40:47.824Z,294.000,9,188.000,TiCg1GW9IStcOras,190.000,zyQbLrDbnVAAyE0h,194.000,BjjWVd8h3JWMBrnK,198.000,OY9eVeUW8tGGPJFe,205.000,q5GVJKHvqVwABnDf,226.000,Fw2XlLSvhDCRIl7z,294.000,MY8Sv42aXxDpCjC4,343.000,md4MdKOU6ZsQ//g0,332.000,SayB0+Vq1qyZnTIu,,
5,53,2026-04-05T12:40:48.118Z,225.000,9,116.000,q5GVJKHvqVwABnDf,118.000,BjjWVd8h3JWMBrnK,119.000,TiCg1GW9IStcOras,203.000,zyQbLrDbnVAAyE0h,207.000,Fw2XlLSvhDCRIl7z,212.000,OY9eVeUW8tGGPJFe,307.000,SayB0+Vq1qyZnTIu,308.000,MY8Sv42aXxDpCjC4,310.000,md4MdKOU6ZsQ//g0,,
5,54,2026-04-05T12:40:48.343Z,289.000,9,187.000,zyQbLrDbnVAAyE0h,188.000,TiCg1GW9IStcOras,190.000,BjjWVd8h3JWMBrnK,192.000,q5GVJKHvqVwABnDf,195.000,OY9eVeUW8tGGPJFe,222.000,Fw2XlLSvhDCRIl7z,289.000,MY8Sv42aXxDpCjC4,293.000,md4MdKOU6ZsQ//g0,307.000,SayB0+Vq1qyZnTIu,,
5,55,2026-04-05T12:40:48.632Z,208.000,9,120.000,BjjWVd8h3JWMBrnK,123.000,TiCg1GW9IStcOras,124.000,q5GVJKHvqVwABnDf,144.000,OY9eVeUW8tGGPJFe,149.000,Fw2XlLSvhDCRIl7z,204.000,zyQbLrDbnVAAyE0h,207.000,MY8Sv42aXxDpCjC4,308.000,SayB0+Vq1qyZnTIu,413.000,md4MdKOU6ZsQ//g0,,
5,56,2026-04-05T12:40:48.840Z,251.000,9,122.000,BjjWVd8h3JWMBrnK,144.000,OY9eVeUW8tGGPJFe,202.000,Fw2XlLSvhDCRIl7z,203.000,zyQbLrDbnVAAyE0h,206.000,q5GVJKHvqVwABnDf,208.000,TiCg1GW9IStcOras,306.000,SayB0+Vq1qyZnTIu,308.000,md4MdKOU6ZsQ//g0,309.000,MY8Sv42aXxDpCjC4,,
5,57,2026-04-05T12:40:49.091Z,268.000,9,160.000,zyQbLrDbnVAAyE0h,166.000,BjjWVd8h3JWMBrnK,186.000,Fw2XlLSvhDCRIl7z,205.000,OY9eVeUW8tGGPJFe,217.000,q5GVJKHvqVwABnDf,261.000,TiCg1GW9IStcOras,268.000,md4MdKOU6ZsQ//g0,364.000,MY8Sv42aXxDpCjC4,365.000,SayB0+Vq1qyZnTIu,,
5,58,2026-04-05T12:40:49.359Z,253.000,9,143.000,BjjWVd8h3JWMBrnK,198.000,Fw2XlLSvhDCRIl7z,199.000,zyQbLrDbnVAAyE0h,215.000,q5GVJKHvqVwABnDf,221.000,TiCg1GW9IStcOras,238.000,OY9eVeUW8tGGPJFe,302.000,SayB0+Vq1qyZnTIu,305.000,MY8Sv42aXxDpCjC4,309.000,md4MdKOU6ZsQ//g0,,
5,59,2026-04-05T12:40:49.612Z,266.000,9,158.000,zyQbLrDbnVAAyE0h,163.000,BjjWVd8h3JWMBrnK,212.000,q5GVJKHvqVwABnDf,252.000,Fw2XlLSvhDCRIl7z,255.000,TiCg1GW9IStcOras,261.000,OY9eVeUW8tGGPJFe,266.000,md4MdKOU6ZsQ//g0,358.000,SayB0+Vq1qyZnTIu,359.000,MY8Sv42aXxDpCjC4,,
5,60,2026-04-05T12:40:49.878Z,252.000,9,145.000,BjjWVd8h3JWMBrnK,198.000,zyQbLrDbnVAAyE0h,199.000,TiCg1GW9IStcOras,214.000,q5GVJKHvqVwABnDf,220.000,Fw2XlLSvhDCRIl7z,236.000,OY9eVeUW8tGGPJFe,297.000,SayB0+Vq1qyZnTIu,302.000,MY8Sv42aXxDpCjC4,307.000,md4MdKOU6ZsQ//g0,,
5,61,2026-04-05T12:40:50.130Z,276.000,9,154.000,zyQbLrDbnVAAyE0h,155.000,TiCg1GW9IStcOras,159.000,BjjWVd8h3JWMBrnK,206.000,q5GVJKHvqVwABnDf,247.000,Fw2XlLSvhDCRIl7z,256.000,OY9eVeUW8tGGPJFe,348.000,SayB0+Vq1qyZnTIu,280.000,md4MdKOU6ZsQ//g0,296.000,MY8Sv42aXxDpCjC4,,
5,62,2026-04-05T12:40:50.406Z,283.000,9,177.000,Fw2XlLSvhDCRIl7z,192.000,OY9eVeUW8tGGPJFe,202.000,q5GVJKHvqVwABnDf,207.000,TiCg1GW9IStcOras,209.000,zyQbLrDbnVAAyE0h,210.000,BjjWVd8h3JWMBrnK,383.000,SayB0+Vq1qyZnTIu,313.000,md4MdKOU6ZsQ//g0,328.000,MY8Sv42aXxDpCjC4,,
5,63,2026-04-05T12:40:50.689Z,239.000,9,128.000,q5GVJKHvqVwABnDf,135.000,zyQbLrDbnVAAyE0h,136.000,BjjWVd8h3JWMBrnK,137.000,TiCg1GW9IStcOras,155.000,Fw2XlLSvhDCRIl7z,218.000,OY9eVeUW8tGGPJFe,239.000,md4MdKOU6ZsQ//g0,256.000,MY8Sv42aXxDpCjC4,305.000,SayB0+Vq1qyZnTIu,,
5,64,2026-04-05T12:40:50.928Z,276.000,9,129.000,q5GVJKHvqVwABnDf,173.000,Fw2XlLSvhDCRIl7z,205.000,TiCg1GW9IStcOras,208.000,BjjWVd8h3JWMBrnK,208.000,zyQbLrDbnVAAyE0h,213.000,OY9eVeUW8tGGPJFe,374.000,SayB0+Vq1qyZnTIu,310.000,md4MdKOU6ZsQ//g0,325.000,MY8Sv42aXxDpCjC4,,
5,65,2026-04-05T12:40:51.204Z,243.000,9,138.000,BjjWVd8h3JWMBrnK,139.000,Fw2XlLSvhDCRIl7z,151.000,zyQbLrDbnVAAyE0h,156.000,TiCg1GW9IStcOras,156.000,q5GVJKHvqVwABnDf,220.000,OY9eVeUW8tGGPJFe,343.000,md4MdKOU6ZsQ//g0,304.000,SayB0+Vq1qyZnTIu,344.000,MY8Sv42aXxDpCjC4,,
5,66,2026-04-05T12:40:51.447Z,244.000,9,137.000,TiCg1GW9IStcOras,203.000,zyQbLrDbnVAAyE0h,205.000,BjjWVd8h3JWMBrnK,206.000,q5GVJKHvqVwABnDf,211.000,OY9eVeUW8tGGPJFe,224.000,Fw2XlLSvhDCRIl7z,266.000,SayB0+Vq1qyZnTIu,353.000,md4MdKOU6ZsQ//g0,359.000,MY8Sv42aXxDpCjC4,,
5,67,2026-04-05T12:40:51.691Z,272.000,8,164.000,TiCg1GW9IStcOras,167.000,Fw2XlLSvhDCRIl7z,171.000,BjjWVd8h3JWMBrnK,188.000,q5GVJKHvqVwABnDf,218.000,zyQbLrDbnVAAyE0h,245.000,OY9eVeUW8tGGPJFe,348.000,md4MdKOU6ZsQ//g0,330.000,SayB0+Vq1qyZnTIu,,,,
5,68,2026-04-05T12:40:51.963Z,260.000,9,132.000,OY9eVeUW8tGGPJFe,137.000,TiCg1GW9IStcOras,171.000,BjjWVd8h3JWMBrnK,173.000,zyQbLrDbnVAAyE0h,205.000,Fw2XlLSvhDCRIl7z,222.000,q5GVJKHvqVwABnDf,274.000,MY8Sv42aXxDpCjC4,318.000,SayB0+Vq1qyZnTIu,305.000,md4MdKOU6ZsQ//g0,,
5,69,2026-04-05T12:40:52.223Z,256.000,9,153.000,zyQbLrDbnVAAyE0h,153.000,TiCg1GW9IStcOras,169.000,q5GVJKHvqVwABnDf,170.000,BjjWVd8h3JWMBrnK,170.000,Fw2XlLSvhDCRIl7z,215.000,OY9eVeUW8tGGPJFe,256.000,md4MdKOU6ZsQ//g0,311.000,SayB0+Vq1qyZnTIu,320.000,MY8Sv42aXxDpCjC4,,
5,70,2026-04-05T12:40:52.479Z,252.000,9,120.000,q5GVJKHvqVwABnDf,163.000,TiCg1GW9IStcOras,166.000,Fw2XlLSvhDCRIl7z,168.000,zyQbLrDbnVAAyE0h,182.000,OY9eVeUW8tGGPJFe,204.000,BjjWVd8h3JWMBrnK,271.000,MY8Sv42aXxDpCjC4,309.000,md4MdKOU6ZsQ//g0,518.000,SayB0+Vq1qyZnTIu,,
5,71,2026-04-05T12:40:52.731Z,263.000,9,156.000,OY9eVeUW8tGGPJFe,159.000,zyQbLrDbnVAAyE0h,230.000,TiCg1GW9IStcOras,232.000,q5GVJKHvqVwABnDf,257.000,BjjWVd8h3JWMBrnK,262.000,Fw2XlLSvhDCRIl7z,263.000,md4MdKOU6ZsQ//g0,316.000,SayB0+Vq1qyZnTIu,349.000,MY8Sv42aXxDpCjC4,,
5,72,2026-04-05T12:40:52.994Z,268.000,9,164.000,q5GVJKHvqVwABnDf,187.000,zyQbLrDbnVAAyE0h,191.000,OY9eVeUW8tGGPJFe,206.000,Fw2XlLSvhDCRIl7z,245.000,BjjWVd8h3JWMBrnK,264.000,TiCg1GW9IStcOras,362.000,SayB0+Vq1qyZnTIu,310.000,md4MdKOU6ZsQ//g0,316.000,MY8Sv42aXxDpCjC4,,
5,73,2026-04-05T12:40:53.262Z,255.000,9,145.000,Fw2XlLSvhDCRIl7z,148.000,OY9eVeUW8tGGPJFe,150.000,zyQbLrDbnVAAyE0h,153.000,q5GVJKHvqVwABnDf,202.000,BjjWVd8h3JWMBrnK,234.000,TiCg1GW9IStcOras,254.000,md4MdKOU6ZsQ//g0,319.000,MY8Sv42aXxDpCjC4,351.000,SayB0+Vq1qyZnTIu,,
5,74,2026-04-05T12:40:53.517Z,262.000,9,138.000,OY9eVeUW8tGGPJFe,157.000,q5GVJKHvqVwABnDf,195.000,BjjWVd8h3JWMBrnK,205.000,zyQbLrDbnVAAyE0h,208.000,Fw2XlLSvhDCRIl7z,253.000,TiCg1GW9IStcOras,356.000,SayB0+Vq1qyZnTIu,308.000,md4MdKOU6ZsQ//g0,370.000,MY8Sv42aXxDpCjC4,,
5,75,2026-04-05T12:40:53.779Z,258.000,9,150.000,OY9eVeUW8tGGPJFe,153.000,Fw2XlLSvhDCRIl7z,208.000,q5GVJKHvqVwABnDf,210.000,zyQbLrDbnVAAyE0h,230.000,TiCg1GW9IStcOras,240.000,BjjWVd8h3JWMBrnK,354.000,md4MdKOU6ZsQ//g0,335.000,MY8Sv42aXxDpCjC4,404.000,SayB0+Vq1qyZnTIu,,
5,76,2026-04-05T12:40:54.037Z,292.000,9,188.000,BjjWVd8h3JWMBrnK,192.000,Fw2XlLSvhDCRIl7z,205.000,q5GVJKHvqVwABnDf,226.000,OY9eVeUW8tGGPJFe,247.000,zyQbLrDbnVAAyE0h,248.000,TiCg1GW9IStcOras,352.000,SayB0+Vq1qyZnTIu,326.000,MY8Sv42aXxDpCjC4,360.000,md4MdKOU6ZsQ//g0,,
5,77,2026-04-05T12:40:54.329Z,240.000,9,109.000,Fw2XlLSvhDCRIl7z,137.000,zyQbLrDbnVAAyE0h,141.000,OY9eVeUW8tGGPJFe,162.000,TiCg1GW9IStcOras,174.000,q5GVJKHvqVwABnDf,206.000,BjjWVd8h3JWMBrnK,240.000,MY8Sv42aXxDpCjC4,315.000,md4MdKOU6ZsQ//g0,447.000,SayB0+Vq1qyZnTIu,,
5,78,2026-04-05T12:40:54.569Z,262.000,9,131.000,zyQbLrDbnVAAyE0h,142.000,TiCg1GW9IStcOras,145.000,q5GVJKHvqVwABnDf,160.000,OY9eVeUW8tGGPJFe,169.000,BjjWVd8h3JWMBrnK,206.000,Fw2XlLSvhDCRIl7z,262.000,SayB0+Vq1qyZnTIu,302.000,md4MdKOU6ZsQ//g0,304.000,MY8Sv42aXxDpCjC4,,
5,79,2026-04-05T12:40:54.831Z,240.000,9,131.000,BjjWVd8h3JWMBrnK,132.000,q5GVJKHvqVwABnDf,149.000,Fw2XlLSvhDCRIl7z,178.000,zyQbLrDbnVAAyE0h,188.000,OY9eVeUW8tGGPJFe,206.000,TiCg1GW9IStcOras,327.000,md4MdKOU6ZsQ//g0,281.000,MY8Sv42aXxDpCjC4,309.000,SayB0+Vq1qyZnTIu,,
5,80,2026-04-05T12:40:55.071Z,288.000,9,154.000,OY9eVeUW8tGGPJFe,171.000,zyQbLrDbnVAAyE0h,173.000,q5GVJKHvqVwABnDf,175.000,TiCg1GW9IStcOras,201.000,BjjWVd8h3JWMBrnK,222.000,Fw2XlLSvhDCRIl7z,288.000,SayB0+Vq1qyZnTIu,359.000,MY8Sv42aXxDpCjC4,361.000,md4MdKOU6ZsQ//g0,,
5,81,2026-04-05T12:40:55.359Z,227.000,9,121.000,q5GVJKHvqVwABnDf,125.000,BjjWVd8h3JWMBrnK,162.000,zyQbLrDbnVAAyE0h,172.000,Fw2XlLSvhDCRIl7z,193.000,TiCg1GW9IStcOras,195.000,OY9eVeUW8tGGPJFe,312.000,md4MdKOU6ZsQ//g0,275.000,MY8Sv42aXxDpCjC4,308.000,SayB0+Vq1qyZnTIu,,
5,82,2026-04-05T12:40:55.586Z,292.000,9,184.000,q5GVJKHvqVwABnDf,186.000,zyQbLrDbnVAAyE0h,187.000,BjjWVd8h3JWMBrnK,189.000,TiCg1GW9IStcOras,191.000,OY9eVeUW8tGGPJFe,236.000,Fw2XlLSvhDCRIl7z,293.000,SayB0+Vq1qyZnTIu,308.000,md4MdKOU6ZsQ//g0,313.000,MY8Sv42aXxDpCjC4,,
5,83,2026-04-05T12:40:55.878Z,222.000,9,120.000,BjjWVd8h3JWMBrnK,131.000,q5GVJKHvqVwABnDf,188.000,Fw2XlLSvhDCRIl7z,189.000,zyQbLrDbnVAAyE0h,190.000,OY9eVeUW8tGGPJFe,199.000,TiCg1GW9IStcOras,307.000,md4MdKOU6ZsQ//g0,272.000,MY8Sv42aXxDpCjC4,309.000,SayB0+Vq1qyZnTIu,,
5,84,2026-04-05T12:40:56.100Z,295.000,9,190.000,q5GVJKHvqVwABnDf,192.000,zyQbLrDbnVAAyE0h,193.000,Fw2XlLSvhDCRIl7z,194.000,OY9eVeUW8tGGPJFe,196.000,BjjWVd8h3JWMBrnK,197.000,TiCg1GW9IStcOras,296.000,SayB0+Vq1qyZnTIu,392.000,md4MdKOU6ZsQ//g0,409.000,MY8Sv42aXxDpCjC4,,
5,85,2026-04-05T12:40:56.395Z,308.000,8,168.000,OY9eVeUW8tGGPJFe,205.000,zyQbLrDbnVAAyE0h,207.000,BjjWVd8h3JWMBrnK,208.000,TiCg1GW9IStcOras,209.000,Fw2XlLSvhDCRIl7z,211.000,q5GVJKHvqVwABnDf,308.000,SayB0+Vq1qyZnTIu,361.000,md4MdKOU6ZsQ//g0,,,,
5,86,2026-04-05T12:40:56.703Z,228.000,9,144.000,Fw2XlLSvhDCRIl7z,162.000,q5GVJKHvqVwABnDf,167.000,BjjWVd8h3JWMBrnK,187.000,OY9eVeUW8tGGPJFe,200.000,zyQbLrDbnVAAyE0h,210.000,TiCg1GW9IStcOras,228.000,MY8Sv42aXxDpCjC4,302.000,md4MdKOU6ZsQ//g0,310.000,SayB0+Vq1qyZnTIu,,
5,87,2026-04-05T12:40:56.931Z,286.000,9,143.000,Fw2XlLSvhDCRIl7z,181.000,OY9eVeUW8tGGPJFe,185.000,zyQbLrDbnVAAyE0h,186.000,BjjWVd8h3JWMBrnK,188.000,TiCg1GW9IStcOras,190.000,q5GVJKHvqVwABnDf,334.000,MY8Sv42aXxDpCjC4,288.000,SayB0+Vq1qyZnTIu,353.000,md4MdKOU6ZsQ//g0,,
5,88,2026-04-05T12:40:57.217Z,291.000,9,145.000,Fw2XlLSvhDCRIl7z,187.000,OY9eVeUW8tGGPJFe,205.000,zyQbLrDbnVAAyE0h,208.000,BjjWVd8h3JWMBrnK,210.000,q5GVJKHvqVwABnDf,211.000,TiCg1GW9IStcOras,344.000,MY8Sv42aXxDpCjC4,308.000,md4MdKOU6ZsQ//g0,308.000,SayB0+Vq1qyZnTIu,,
5,89,2026-04-05T12:40:57.508Z,234.000,9,121.000,OY9eVeUW8tGGPJFe,125.000,BjjWVd8h3JWMBrnK,126.000,TiCg1GW9IStcOras,184.000,zyQbLrDbnVAAyE0h,205.000,Fw2XlLSvhDCRIl7z,231.000,q5GVJKHvqVwABnDf,324.000,SayB0+Vq1qyZnTIu,266.000,MY8Sv42aXxDpCjC4,325.000,md4MdKOU6ZsQ//g0,,
5,90,2026-04-05T12:40:57.742Z,326.000,9,146.000,TiCg1GW9IStcOras,204.000,OY9eVeUW8tGGPJFe,207.000,q5GVJKHvqVwABnDf,208.000,BjjWVd8h3JWMBrnK,238.000,zyQbLrDbnVAAyE0h,324.000,Fw2XlLSvhDCRIl7z,341.000,MY8Sv42aXxDpCjC4,398.000,md4MdKOU6ZsQ//g0,399.000,SayB0+Vq1qyZnTIu,,
5,91,2026-04-05T12:40:58.068Z,276.000,9,90.000,BjjWVd8h3JWMBrnK,134.000,q5GVJKHvqVwABnDf,177.000,OY9eVeUW8tGGPJFe,179.000,Fw2XlLSvhDCRIl7z,183.000,TiCg1GW9IStcOras,220.000,zyQbLrDbnVAAyE0h,276.000,md4MdKOU6ZsQ//g0,278.000,SayB0+Vq1qyZnTIu,323.000,MY8Sv42aXxDpCjC4,,
5,92,2026-04-05T12:40:58.344Z,256.000,9,150.000,zyQbLrDbnVAAyE0h,170.000,BjjWVd8h3JWMBrnK,206.000,OY9eVeUW8tGGPJFe,207.000,Fw2XlLSvhDCRIl7z,212.000,q5GVJKHvqVwABnDf,216.000,TiCg1GW9IStcOras,353.000,SayB0+Vq1qyZnTIu,266.000,MY8Sv42aXxDpCjC4,310.000,md4MdKOU6ZsQ//g0,,
5,93,2026-04-05T12:40:58.600Z,275.000,9,159.000,q5GVJKHvqVwABnDf,164.000,OY9eVeUW8tGGPJFe,199.000,zyQbLrDbnVAAyE0h,214.000,BjjWVd8h3JWMBrnK,258.000,Fw2XlLSvhDCRIl7z,267.000,TiCg1GW9IStcOras,363.000,md4MdKOU6ZsQ//g0,303.000,SayB0+Vq1qyZnTIu,318.000,MY8Sv42aXxDpCjC4,,
5,94,2026-04-05T12:40:58.875Z,294.000,9,144.000,BjjWVd8h3JWMBrnK,190.000,Fw2XlLSvhDCRIl7z,192.000,OY9eVeUW8tGGPJFe,199.000,TiCg1GW9IStcOras,204.000,q5GVJKHvqVwABnDf,232.000,zyQbLrDbnVAAyE0h,334.000,SayB0+Vq1qyZnTIu,352.000,MY8Sv42aXxDpCjC4,389.000,md4MdKOU6ZsQ//g0,,
5,95,2026-04-05T12:40:59.169Z,234.000,9,114.000,TiCg1GW9IStcOras,145.000,OY9eVeUW8tGGPJFe,147.000,q5GVJKHvqVwABnDf,168.000,BjjWVd8h3JWMBrnK,206.000,Fw2XlLSvhDCRIl7z,207.000,zyQbLrDbnVAAyE0h,309.000,md4MdKOU6ZsQ//g0,262.000,MY8Sv42aXxDpCjC4,318.000,SayB0+Vq1qyZnTIu,,
5,96,2026-04-05T12:40:59.403Z,266.000,9,123.000,OY9eVeUW8tGGPJFe,178.000,q5GVJKHvqVwABnDf,215.000,Fw2XlLSvhDCRIl7z,216.000,TiCg1GW9IStcOras,220.000,zyQbLrDbnVAAyE0h,221.000,BjjWVd8h3JWMBrnK,336.000,MY8Sv42aXxDpCjC4,323.000,SayB0+Vq1qyZnTIu,345.000,md4MdKOU6ZsQ//g0,,
5,97,2026-04-05T12:40:59.669Z,272.000,9,133.000,OY9eVeUW8tGGPJFe,159.000,TiCg1GW9IStcOras,182.000,BjjWVd8h3JWMBrnK,218.000,Fw2XlLSvhDCRIl7z,219.000,zyQbLrDbnVAAyE0h,241.000,q5GVJKHvqVwABnDf,337.000,SayB0+Vq1qyZnTIu,276.000,MY8Sv42aXxDpCjC4,323.000,md4MdKOU6ZsQ//g0,,
5,98,2026-04-05T12:40:59.941Z,239.000,9,135.000,OY9eVeUW8tGGPJFe,193.000,TiCg1GW9IStcOras,196.000,Fw2XlLSvhDCRIl7z,199.000,zyQbLrDbnVAAyE0h,202.000,q5GVJKHvqVwABnDf,214.000,BjjWVd8h3JWMBrnK,313.000,MY8Sv42aXxDpCjC4,302.000,SayB0+Vq1qyZnTIu,344.000,md4MdKOU6ZsQ//g0,,
5,99,2026-04-05T12:41:00.180Z,253.000,9,147.000,OY9eVeUW8tGGPJFe,169.000,TiCg1GW9IStcOras,182.000,BjjWVd8h3JWMBrnK,221.000,Fw2XlLSvhDCRIl7z,223.000,zyQbLrDbnVAAyE0h,228.000,q5GVJKHvqVwABnDf,325.000,md4MdKOU6ZsQ//g0,353.000,SayB0+Vq1qyZnTIu,581.000,MY8Sv42aXxDpCjC4,,
5,100,2026-04-05T12:41:00.433Z,308.000,9,135.000,TiCg1GW9IStcOras,184.000,q5GVJKHvqVwABnDf,205.000,OY9eVeUW8tGGPJFe,216.000,Fw2XlLSvhDCRIl7z,223.000,zyQbLrDbnVAAyE0h,238.000,BjjWVd8h3JWMBrnK,325.000,SayB0+Vq1qyZnTIu,364.000,md4MdKOU6ZsQ//g0,341.000,MY8Sv42aXxDpCjC4,,
5,101,2026-04-05T12:41:00.741Z,272.000,9,144.000,TiCg1GW9IStcOras,180.000,Fw2XlLSvhDCRIl7z,183.000,zyQbLrDbnVAAyE0h,196.000,BjjWVd8h3JWMBrnK,202.000,q5GVJKHvqVwABnDf,207.000,OY9eVeUW8tGGPJFe,327.000,SayB0+Vq1qyZnTIu,286.000,md4MdKOU6ZsQ//g0,565.000,MY8Sv42aXxDpCjC4,,
5,102,2026-04-05T12:41:01.013Z,265.000,9,116.000,zyQbLrDbnVAAyE0h,132.000,BjjWVd8h3JWMBrnK,135.000,Fw2XlLSvhDCRIl7z,137.000,q5GVJKHvqVwABnDf,141.000,OY9eVeUW8tGGPJFe,209.000,TiCg1GW9IStcOras,265.000,md4MdKOU6ZsQ//g0,298.000,MY8Sv42aXxDpCjC4,335.000,SayB0+Vq1qyZnTIu,,
5,103,2026-04-05T12:41:01.278Z,237.000,9,150.000,TiCg1GW9IStcOras,193.000,BjjWVd8h3JWMBrnK,200.000,zyQbLrDbnVAAyE0h,204.000,Fw2XlLSvhDCRIl7z,205.000,q5GVJKHvqVwABnDf,208.000,OY9eVeUW8tGGPJFe,237.000,MY8Sv42aXxDpCjC4,304.000,SayB0+Vq1qyZnTIu,347.000,md4MdKOU6ZsQ//g0,,
5,104,2026-04-05T12:41:01.515Z,277.000,9,151.000,TiCg1GW9IStcOras,153.000,zyQbLrDbnVAAyE0h,172.000,OY9eVeUW8tGGPJFe,175.000,BjjWVd8h3JWMBrnK,176.000,q5GVJKHvqVwABnDf,185.000,Fw2XlLSvhDCRIl7z,277.000,MY8Sv42aXxDpCjC4,318.000,md4MdKOU6ZsQ//g0,310.000,SayB0+Vq1qyZnTIu,,
5,105,2026-04-05T12:41:01.792Z,382.000,9,136.000,q5GVJKHvqVwABnDf,161.000,zyQbLrDbnVAAyE0h,188.000,Fw2XlLSvhDCRIl7z,195.000,BjjWVd8h3JWMBrnK,197.000,OY9eVeUW8tGGPJFe,207.000,TiCg1GW9IStcOras,382.000,md4MdKOU6ZsQ//g0,384.000,SayB0+Vq1qyZnTIu,383.000,MY8Sv42aXxDpCjC4,,
5,106,2026-04-05T12:41:02.174Z,144.000,9,21.000,Fw2XlLSvhDCRIl7z,29.000,q5GVJKHvqVwABnDf,33.000,OY9eVeUW8tGGPJFe,64.000,TiCg1GW9IStcOras,121.000,BjjWVd8h3JWMBrnK,127.000,zyQbLrDbnVAAyE0h,231.000,md4MdKOU6ZsQ//g0,229.000,SayB0+Vq1qyZnTIu,238.000,MY8Sv42aXxDpCjC4,,
5,107,2026-04-05T12:41:02.318Z,291.000,9,186.000,OY9eVeUW8tGGPJFe,192.000,Fw2XlLSvhDCRIl7z,198.000,BjjWVd8h3JWMBrnK,202.000,q5GVJKHvqVwABnDf,205.000,TiCg1GW9IStcOras,286.000,zyQbLrDbnVAAyE0h,291.000,SayB0+Vq1qyZnTIu,332.000,md4MdKOU6ZsQ//g0,375.000,MY8Sv42aXxDpCjC4,,
5,108,2026-04-05T12:41:02.609Z,225.000,9,115.000,OY9eVeUW8tGGPJFe,117.000,q5GVJKHvqVwABnDf,146.000,zyQbLrDbnVAAyE0h,201.000,BjjWVd8h3JWMBrnK,212.000,TiCg1GW9IStcOras,215.000,Fw2XlLSvhDCRIl7z,315.000,MY8Sv42aXxDpCjC4,304.000,md4MdKOU6ZsQ//g0,310.000,SayB0+Vq1qyZnTIu,,
5,109,2026-04-05T12:41:02.834Z,299.000,9,182.000,zyQbLrDbnVAAyE0h,195.000,BjjWVd8h3JWMBrnK,197.000,Fw2XlLSvhDCRIl7z,202.000,q5GVJKHvqVwABnDf,212.000,TiCg1GW9IStcOras,268.000,OY9eVeUW8tGGPJFe,299.000,SayB0+Vq1qyZnTIu,303.000,md4MdKOU6ZsQ//g0,425.000,MY8Sv42aXxDpCjC4,,
5,110,2026-04-05T12:41:03.133Z,307.000,9,132.000,TiCg1GW9IStcOras,154.000,zyQbLrDbnVAAyE0h,209.000,BjjWVd8h3JWMBrnK,212.000,Fw2XlLSvhDCRIl7z,214.000,q5GVJKHvqVwABnDf,231.000,OY9eVeUW8tGGPJFe,307.000,md4MdKOU6ZsQ//g0,312.000,SayB0+Vq1qyZnTIu,336.000,MY8Sv42aXxDpCjC4,,
5,111,2026-04-05T12:41:03.440Z,253.000,9,113.000,TiCg1GW9IStcOras,157.000,q5GVJKHvqVwABnDf,209.000,zyQbLrDbnVAAyE0h,211.000,BjjWVd8h3JWMBrnK,214.000,OY9eVeUW8tGGPJFe,218.000,Fw2XlLSvhDCRIl7z,315.000,SayB0+Vq1qyZnTIu,335.000,MY8Sv42aXxDpCjC4,376.000,md4MdKOU6ZsQ//g0,,
5,112,2026-04-05T12:41:03.693Z,275.000,9,170.000,BjjWVd8h3JWMBrnK,172.000,Fw2XlLSvhDCRIl7z,174.000,q5GVJKHvqVwABnDf,185.000,zyQbLrDbnVAAyE0h,198.000,TiCg1GW9IStcOras,200.000,OY9eVeUW8tGGPJFe,297.000,md4MdKOU6ZsQ//g0,312.000,SayB0+Vq1qyZnTIu,292.000,MY8Sv42aXxDpCjC4,,
5,113,2026-04-05T12:41:03.968Z,247.000,9,135.000,TiCg1GW9IStcOras,145.000,q5GVJKHvqVwABnDf,194.000,zyQbLrDbnVAAyE0h,195.000,BjjWVd8h3JWMBrnK,201.000,Fw2XlLSvhDCRIl7z,202.000,OY9eVeUW8tGGPJFe,324.000,MY8Sv42aXxDpCjC4,298.000,SayB0+Vq1qyZnTIu,331.000,md4MdKOU6ZsQ//g0,,
5,114,2026-04-05T12:41:04.215Z,281.000,8,163.000,OY9eVeUW8tGGPJFe,166.000,BjjWVd8h3JWMBrnK,179.000,Fw2XlLSvhDCRIl7z,180.000,zyQbLrDbnVAAyE0h,188.000,TiCg1GW9IStcOras,204.000,q5GVJKHvqVwABnDf,362.000,SayB0+Vq1qyZnTIu,299.000,MY8Sv42aXxDpCjC4,,,,
5,115,2026-04-05T12:41:04.496Z,235.000,9,128.000,q5GVJKHvqVwABnDf,182.000,BjjWVd8h3JWMBrnK,190.000,TiCg1GW9IStcOras,203.000,OY9eVeUW8tGGPJFe,211.000,Fw2XlLSvhDCRIl7z,223.000,zyQbLrDbnVAAyE0h,235.000,md4MdKOU6ZsQ//g0,329.000,MY8Sv42aXxDpCjC4,388.000,SayB0+Vq1qyZnTIu,,
5,116,2026-04-05T12:41:04.731Z,299.000,9,194.000,BjjWVd8h3JWMBrnK,196.000,zyQbLrDbnVAAyE0h,201.000,q5GVJKHvqVwABnDf,216.000,OY9eVeUW8tGGPJFe,217.000,Fw2XlLSvhDCRIl7z,230.000,TiCg1GW9IStcOras,299.000,MY8Sv42aXxDpCjC4,331.000,md4MdKOU6ZsQ//g0,358.000,SayB0+Vq1qyZnTIu,,
5,117,2026-04-05T12:41:05.030Z,283.000,9,180.000,BjjWVd8h3JWMBrnK,191.000,OY9eVeUW8tGGPJFe,192.000,Fw2XlLSvhDCRIl7z,203.000,TiCg1GW9IStcOras,205.000,zyQbLrDbnVAAyE0h,210.000,q5GVJKHvqVwABnDf,332.000,SayB0+Vq1qyZnTIu,308.000,MY8Sv42aXxDpCjC4,327.000,md4MdKOU6ZsQ//g0,,
5,118,2026-04-05T12:41:05.313Z,246.000,9,130.000,BjjWVd8h3JWMBrnK,136.000,q5GVJKHvqVwABnDf,162.000,zyQbLrDbnVAAyE0h,163.000,TiCg1GW9IStcOras,218.000,Fw2XlLSvhDCRIl7z,264.000,md4MdKOU6ZsQ//g0,318.000,MY8Sv42aXxDpCjC4,249.000,OY9eVeUW8tGGPJFe,288.000,SayB0+Vq1qyZnTIu,,
5,119,2026-04-05T12:41:05.559Z,267.000,9,161.000,q5GVJKHvqVwABnDf,163.000,BjjWVd8h3JWMBrnK,187.000,zyQbLrDbnVAAyE0h,189.000,TiCg1GW9IStcOras,204.000,Fw2XlLSvhDCRIl7z,215.000,OY9eVeUW8tGGPJFe,317.000,SayB0+Vq1qyZnTIu,290.000,MY8Sv42aXxDpCjC4,311.000,md4MdKOU6ZsQ//g0,,
5,120,2026-04-05T12:41:05.826Z,245.000,9,137.000,TiCg1GW9IStcOras,140.000,BjjWVd8h3JWMBrnK,142.000,q5GVJKHvqVwABnDf,161.000,zyQbLrDbnVAAyE0h,238.000,OY9eVeUW8tGGPJFe,242.000,Fw2XlLSvhDCRIl7z,264.000,md4MdKOU6ZsQ//g0,285.000,SayB0+Vq1qyZnTIu,313.000,MY8Sv42aXxDpCjC4,,
5,121,2026-04-05T12:41:06.071Z,270.000,9,167.000,BjjWVd8h3JWMBrnK,190.000,zyQbLrDbnVAAyE0h,193.000,TiCg1GW9IStcOras,199.000,OY9eVeUW8tGGPJFe,202.000,q5GVJKHvqVwABnDf,210.000,Fw2XlLSvhDCRIl7z,317.000,SayB0+Vq1qyZnTIu,294.000,MY8Sv42aXxDpCjC4,330.000,md4MdKOU6ZsQ//g0,,
5,122,2026-04-05T12:41:06.341Z,249.000,9,131.000,TiCg1GW9IStcOras,140.000,BjjWVd8h3JWMBrnK,144.000,q5GVJKHvqVwABnDf,146.000,Fw2XlLSvhDCRIl7z,161.000,zyQbLrDbnVAAyE0h,205.000,OY9eVeUW8tGGPJFe,264.000,md4MdKOU6ZsQ//g0,315.000,MY8Sv42aXxDpCjC4,281.000,SayB0+Vq1qyZnTIu,,
5,123,2026-04-05T12:41:06.590Z,268.000,9,160.000,TiCg1GW9IStcOras,184.000,zyQbLrDbnVAAyE0h,194.000,OY9eVeUW8tGGPJFe,199.000,q5GVJKHvqVwABnDf,203.000,BjjWVd8h3JWMBrnK,206.000,Fw2XlLSvhDCRIl7z,313.000,SayB0+Vq1qyZnTIu,296.000,MY8Sv42aXxDpCjC4,322.000,md4MdKOU6ZsQ//g0,,
5,124,2026-04-05T12:41:06.858Z,249.000,9,142.000,TiCg1GW9IStcOras,144.000,Fw2XlLSvhDCRIl7z,145.000,BjjWVd8h3JWMBrnK,146.000,q5GVJKHvqVwABnDf,157.000,zyQbLrDbnVAAyE0h,203.000,OY9eVeUW8tGGPJFe,260.000,md4MdKOU6ZsQ//g0,310.000,SayB0+Vq1qyZnTIu,317.000,MY8Sv42aXxDpCjC4,,
5,125,2026-04-05T12:41:07.107Z,267.000,9,164.000,TiCg1GW9IStcOras,191.000,zyQbLrDbnVAAyE0h,205.000,BjjWVd8h3JWMBrnK,206.000,Fw2XlLSvhDCRIl7z,217.000,OY9eVeUW8tGGPJFe,231.000,q5GVJKHvqVwABnDf,267.000,SayB0+Vq1qyZnTIu,296.000,MY8Sv42aXxDpCjC4,320.000,md4MdKOU6ZsQ//g0,,
5,126,2026-04-05T12:41:07.374Z,255.000,8,134.000,q5GVJKHvqVwABnDf,144.000,TiCg1GW9IStcOras,145.000,BjjWVd8h3JWMBrnK,150.000,Fw2XlLSvhDCRIl7z,154.000,zyQbLrDbnVAAyE0h,156.000,OY9eVeUW8tGGPJFe,319.000,MY8Sv42aXxDpCjC4,309.000,SayB0+Vq1qyZnTIu,,,,
5,127,2026-04-05T12:41:07.629Z,210.000,9,158.000,TiCg1GW9IStcOras,159.000,zyQbLrDbnVAAyE0h,195.000,q5GVJKHvqVwABnDf,196.000,Fw2XlLSvhDCRIl7z,202.000,BjjWVd8h3JWMBrnK,206.000,md4MdKOU6ZsQ//g0,210.000,OY9eVeUW8tGGPJFe,264.000,SayB0+Vq1qyZnTIu,410.000,MY8Sv42aXxDpCjC4,,
5,128,2026-04-05T12:41:07.839Z,295.000,8,152.000,TiCg1GW9IStcOras,157.000,zyQbLrDbnVAAyE0h,191.000,q5GVJKHvqVwABnDf,193.000,Fw2XlLSvhDCRIl7z,198.000,BjjWVd8h3JWMBrnK,215.000,OY9eVeUW8tGGPJFe,295.000,SayB0+Vq1qyZnTIu,309.000,md4MdKOU6ZsQ//g0,,,,
5,129,2026-04-05T12:41:08.134Z,216.000,9,117.000,zyQbLrDbnVAAyE0h,118.000,BjjWVd8h3JWMBrnK,149.000,Fw2XlLSvhDCRIl7z,207.000,q5GVJKHvqVwABnDf,208.000,TiCg1GW9IStcOras,211.000,OY9eVeUW8tGGPJFe,222.000,MY8Sv42aXxDpCjC4,257.000,md4MdKOU6ZsQ//g0,306.000,SayB0+Vq1qyZnTIu,,
5,130,2026-04-05T12:41:08.350Z,304.000,9,193.000,zyQbLrDbnVAAyE0h,198.000,TiCg1GW9IStcOras,202.000,OY9eVeUW8tGGPJFe,218.000,q5GVJKHvqVwABnDf,228.000,BjjWVd8h3JWMBrnK,241.000,Fw2XlLSvhDCRIl7z,304.000,SayB0+Vq1qyZnTIu,349.000,md4MdKOU6ZsQ//g0,331.000,MY8Sv42aXxDpCjC4,,
5,131,2026-04-05T12:41:08.654Z,305.000,9,130.000,zyQbLrDbnVAAyE0h,203.000,OY9eVeUW8tGGPJFe,205.000,Fw2XlLSvhDCRIl7z,206.000,TiCg1GW9IStcOras,208.000,q5GVJKHvqVwABnDf,222.000,BjjWVd8h3JWMBrnK,305.000,MY8Sv42aXxDpCjC4,355.000,md4MdKOU6ZsQ//g0,311.000,SayB0+Vq1qyZnTIu,,
5,132,2026-04-05T12:41:08.959Z,242.000,9,108.000,zyQbLrDbnVAAyE0h,134.000,BjjWVd8h3JWMBrnK,191.000,Fw2XlLSvhDCRIl7z,206.000,TiCg1GW9IStcOras,206.000,OY9eVeUW8tGGPJFe,209.000,q5GVJKHvqVwABnDf,242.000,SayB0+Vq1qyZnTIu,258.000,MY8Sv42aXxDpCjC4,305.000,md4MdKOU6ZsQ//g0,,
5,133,2026-04-05T12:41:09.201Z,274.000,9,167.000,zyQbLrDbnVAAyE0h,172.000,Fw2XlLSvhDCRIl7z,173.000,OY9eVeUW8tGGPJFe,177.000,TiCg1GW9IStcOras,193.000,BjjWVd8h3JWMBrnK,217.000,q5GVJKHvqVwABnDf,316.000,md4MdKOU6ZsQ//g0,311.000,SayB0+Vq1qyZnTIu,343.000,MY8Sv42aXxDpCjC4,,
5,134,2026-04-05T12:41:09.475Z,325.000,9,123.000,TiCg1GW9IStcOras,125.000,BjjWVd8h3JWMBrnK,140.000,zyQbLrDbnVAAyE0h,142.000,Fw2XlLSvhDCRIl7z,149.000,q5GVJKHvqVwABnDf,208.000,OY9eVeUW8tGGPJFe,359.000,SayB0+Vq1qyZnTIu,327.000,MY8Sv42aXxDpCjC4,448.000,md4MdKOU6ZsQ//g0,,
5,135,2026-04-05T12:41:09.800Z,194.000,9,35.000,q5GVJKHvqVwABnDf,85.000,TiCg1GW9IStcOras,87.000,OY9eVeUW8tGGPJFe,119.000,BjjWVd8h3JWMBrnK,125.000,zyQbLrDbnVAAyE0h,130.000,Fw2XlLSvhDCRIl7z,233.000,md4MdKOU6ZsQ//g0,228.000,SayB0+Vq1qyZnTIu,256.000,MY8Sv42aXxDpCjC4,,
5,136,2026-04-05T12:41:09.994Z,237.000,8,131.000,TiCg1GW9IStcOras,132.000,BjjWVd8h3JWMBrnK,136.000,zyQbLrDbnVAAyE0h,141.000,q5GVJKHvqVwABnDf,179.000,Fw2XlLSvhDCRIl7z,203.000,OY9eVeUW8tGGPJFe,242.000,SayB0+Vq1qyZnTIu,295.000,md4MdKOU6ZsQ//g0,,,,
5,137,2026-04-05T12:41:10.231Z,277.000,9,161.000,zyQbLrDbnVAAyE0h,162.000,q5GVJKHvqVwABnDf,175.000,OY9eVeUW8tGGPJFe,185.000,Fw2XlLSvhDCRIl7z,198.000,TiCg1GW9IStcOras,203.000,BjjWVd8h3JWMBrnK,307.000,md4MdKOU6ZsQ//g0,279.000,MY8Sv42aXxDpCjC4,309.000,SayB0+Vq1qyZnTIu,,
5,138,2026-04-05T12:41:10.508Z,241.000,9,133.000,q5GVJKHvqVwABnDf,135.000,BjjWVd8h3JWMBrnK,136.000,zyQbLrDbnVAAyE0h,162.000,Fw2XlLSvhDCRIl7z,195.000,TiCg1GW9IStcOras,207.000,OY9eVeUW8tGGPJFe,305.000,md4MdKOU6ZsQ//g0,255.000,SayB0+Vq1qyZnTIu,303.000,MY8Sv42aXxDpCjC4,,
5,139,2026-04-05T12:41:10.749Z,267.000,9,160.000,Fw2XlLSvhDCRIl7z,172.000,OY9eVeUW8tGGPJFe,172.000,zyQbLrDbnVAAyE0h,174.000,q5GVJKHvqVwABnDf,191.000,TiCg1GW9IStcOras,198.000,BjjWVd8h3JWMBrnK,308.000,md4MdKOU6ZsQ//g0,276.000,MY8Sv42aXxDpCjC4,310.000,SayB0+Vq1qyZnTIu,,
5,140,2026-04-05T12:41:11.016Z,249.000,9,140.000,q5GVJKHvqVwABnDf,143.000,zyQbLrDbnVAAyE0h,145.000,Fw2XlLSvhDCRIl7z,162.000,BjjWVd8h3JWMBrnK,213.000,OY9eVeUW8tGGPJFe,219.000,TiCg1GW9IStcOras,261.000,SayB0+Vq1qyZnTIu,273.000,md4MdKOU6ZsQ//g0,317.000,MY8Sv42aXxDpCjC4,,
5,141,2026-04-05T12:41:11.265Z,276.000,9,163.000,Fw2XlLSvhDCRIl7z,166.000,TiCg1GW9IStcOras,169.000,q5GVJKHvqVwABnDf,171.000,zyQbLrDbnVAAyE0h,173.000,OY9eVeUW8tGGPJFe,220.000,BjjWVd8h3JWMBrnK,318.000,md4MdKOU6ZsQ//g0,317.000,SayB0+Vq1qyZnTIu,383.000,MY8Sv42aXxDpCjC4,,
5,142,2026-04-05T12:41:11.541Z,246.000,8,141.000,Fw2XlLSvhDCRIl7z,144.000,zyQbLrDbnVAAyE0h,149.000,BjjWVd8h3JWMBrnK,159.000,q5GVJKHvqVwABnDf,204.000,TiCg1GW9IStcOras,205.000,OY9eVeUW8tGGPJFe,248.000,SayB0+Vq1qyZnTIu,260.000,md4MdKOU6ZsQ//g0,,,,
5,143,2026-04-05T12:41:11.787Z,272.000,9,163.000,Fw2XlLSvhDCRIl7z,166.000,OY9eVeUW8tGGPJFe,167.000,TiCg1GW9IStcOras,202.000,zyQbLrDbnVAAyE0h,204.000,q5GVJKHvqVwABnDf,237.000,BjjWVd8h3JWMBrnK,325.000,md4MdKOU6ZsQ//g0,306.000,MY8Sv42aXxDpCjC4,308.000,SayB0+Vq1qyZnTIu,,
5,144,2026-04-05T12:41:12.059Z,238.000,9,131.000,OY9eVeUW8tGGPJFe,138.000,zyQbLrDbnVAAyE0h,140.000,Fw2XlLSvhDCRIl7z,193.000,q5GVJKHvqVwABnDf,198.000,BjjWVd8h3JWMBrnK,201.000,TiCg1GW9IStcOras,243.000,SayB0+Vq1qyZnTIu,335.000,MY8Sv42aXxDpCjC4,443.000,md4MdKOU6ZsQ//g0,,
5,145,2026-04-05T12:41:12.297Z,274.000,9,108.000,Fw2XlLSvhDCRIl7z,123.000,zyQbLrDbnVAAyE0h,167.000,BjjWVd8h3JWMBrnK,195.000,TiCg1GW9IStcOras,204.000,OY9eVeUW8tGGPJFe,210.000,q5GVJKHvqVwABnDf,273.000,md4MdKOU6ZsQ//g0,306.000,MY8Sv42aXxDpCjC4,308.000,SayB0+Vq1qyZnTIu,,
5,146,2026-04-05T12:41:12.571Z,290.000,9,135.000,TiCg1GW9IStcOras,137.000,OY9eVeUW8tGGPJFe,159.000,BjjWVd8h3JWMBrnK,186.000,Fw2XlLSvhDCRIl7z,196.000,q5GVJKHvqVwABnDf,238.000,zyQbLrDbnVAAyE0h,316.000,SayB0+Vq1qyZnTIu,309.000,md4MdKOU6ZsQ//g0,315.000,MY8Sv42aXxDpCjC4,,
5,147,2026-04-05T12:41:12.861Z,254.000,9,149.000,OY9eVeUW8tGGPJFe,160.000,TiCg1GW9IStcOras,167.000,BjjWVd8h3JWMBrnK,174.000,zyQbLrDbnVAAyE0h,176.000,q5GVJKHvqVwABnDf,190.000,Fw2XlLSvhDCRIl7z,279.000,MY8Sv42aXxDpCjC4,280.000,md4MdKOU6ZsQ//g0,284.000,SayB0+Vq1qyZnTIu,,
5,148,2026-04-05T12:41:13.115Z,281.000,9,127.000,zyQbLrDbnVAAyE0h,129.000,TiCg1GW9IStcOras,133.000,OY9eVeUW8tGGPJFe,189.000,q5GVJKHvqVwABnDf,222.000,BjjWVd8h3JWMBrnK,234.000,MY8Sv42aXxDpCjC4,331.000,md4MdKOU6ZsQ//g0,338.000,SayB0+Vq1qyZnTIu,375.000,Fw2XlLSvhDCRIl7z,,
5,149,2026-04-05T12:41:13.396Z,292.000,8,138.000,TiCg1GW9IStcOras,145.000,OY9eVeUW8tGGPJFe,153.000,zyQbLrDbnVAAyE0h,172.000,BjjWVd8h3JWMBrnK,215.000,q5GVJKHvqVwABnDf,257.000,md4MdKOU6ZsQ//g0,292.000,MY8Sv42aXxDpCjC4,293.000,SayB0+Vq1qyZnTIu,,,,
5,150,2026-04-05T12:41:13.688Z,223.000,9,97.000,OY9eVeUW8tGGPJFe,116.000,Fw2XlLSvhDCRIl7z,133.000,q5GVJKHvqVwABnDf,135.000,TiCg1GW9IStcOras,173.000,BjjWVd8h3JWMBrnK,175.000,zyQbLrDbnVAAyE0h,278.000,md4MdKOU6ZsQ//g0,279.000,SayB0+Vq1qyZnTIu,280.000,MY8Sv42aXxDpCjC4,,
5,151,2026-04-05T12:41:13.911Z,243.000,9,117.000,q5GVJKHvqVwABnDf,134.000,OY9eVeUW8tGGPJFe,158.000,TiCg1GW9IStcOras,199.000,Fw2XlLSvhDCRIl7z,236.000,zyQbLrDbnVAAyE0h,237.000,BjjWVd8h3JWMBrnK,264.000,SayB0+Vq1qyZnTIu,310.000,md4MdKOU6ZsQ//g0,481.000,MY8Sv42aXxDpCjC4,,
5,152,2026-04-05T12:41:14.154Z,273.000,9,175.000,OY9eVeUW8tGGPJFe,201.000,q5GVJKHvqVwABnDf,221.000,BjjWVd8h3JWMBrnK,221.000,zyQbLrDbnVAAyE0h,263.000,Fw2XlLSvhDCRIl7z,265.000,TiCg1GW9IStcOras,324.000,md4MdKOU6ZsQ//g0,327.000,SayB0+Vq1qyZnTIu,442.000,MY8Sv42aXxDpCjC4,,
5,153,2026-04-05T12:41:14.427Z,297.000,9,171.000,q5GVJKHvqVwABnDf,196.000,OY9eVeUW8tGGPJFe,202.000,TiCg1GW9IStcOras,233.000,Fw2XlLSvhDCRIl7z,234.000,zyQbLrDbnVAAyE0h,242.000,BjjWVd8h3JWMBrnK,360.000,SayB0+Vq1qyZnTIu,344.000,MY8Sv42aXxDpCjC4,357.000,md4MdKOU6ZsQ//g0,,
5,154,2026-04-05T12:41:14.724Z,231.000,9,123.000,OY9eVeUW8tGGPJFe,134.000,q5GVJKHvqVwABnDf,144.000,Fw2XlLSvhDCRIl7z,151.000,BjjWVd8h3JWMBrnK,202.000,zyQbLrDbnVAAyE0h,212.000,TiCg1GW9IStcOras,304.000,SayB0+Vq1qyZnTIu,315.000,md4MdKOU6ZsQ//g0,320.000,MY8Sv42aXxDpCjC4,,
5,155,2026-04-05T12:41:14.955Z,230.000,8,121.000,zyQbLrDbnVAAyE0h,123.000,q5GVJKHvqVwABnDf,128.000,BjjWVd8h3JWMBrnK,130.000,TiCg1GW9IStcOras,132.000,Fw2XlLSvhDCRIl7z,148.000,OY9eVeUW8tGGPJFe,230.000,MY8Sv42aXxDpCjC4,280.000,SayB0+Vq1qyZnTIu,,,,
5,156,2026-04-05T12:41:15.185Z,262.000,9,144.000,OY9eVeUW8tGGPJFe,156.000,Fw2XlLSvhDCRIl7z,168.000,TiCg1GW9IStcOras,198.000,zyQbLrDbnVAAyE0h,201.000,q5GVJKHvqVwABnDf,204.000,BjjWVd8h3JWMBrnK,358.000,SayB0+Vq1qyZnTIu,301.000,md4MdKOU6ZsQ//g0,310.000,MY8Sv42aXxDpCjC4,,
5,157,2026-04-05T12:41:15.447Z,245.000,9,124.000,OY9eVeUW8tGGPJFe,142.000,q5GVJKHvqVwABnDf,188.000,Fw2XlLSvhDCRIl7z,200.000,zyQbLrDbnVAAyE0h,206.000,BjjWVd8h3JWMBrnK,213.000,TiCg1GW9IStcOras,244.000,md4MdKOU6ZsQ//g0,303.000,SayB0+Vq1qyZnTIu,322.000,MY8Sv42aXxDpCjC4,,
5,158,2026-04-05T12:41:15.692Z,252.000,9,147.000,Fw2XlLSvhDCRIl7z,149.000,q5GVJKHvqVwABnDf,190.000,OY9eVeUW8tGGPJFe,204.000,zyQbLrDbnVAAyE0h,210.000,BjjWVd8h3JWMBrnK,216.000,TiCg1GW9IStcOras,315.000,MY8Sv42aXxDpCjC4,305.000,md4MdKOU6ZsQ//g0,367.000,SayB0+Vq1qyZnTIu,,
5,159,2026-04-05T12:41:15.944Z,259.000,9,140.000,Fw2XlLSvhDCRIl7z,156.000,zyQbLrDbnVAAyE0h,161.000,OY9eVeUW8tGGPJFe,168.000,q5GVJKHvqVwABnDf,189.000,BjjWVd8h3JWMBrnK,233.000,TiCg1GW9IStcOras,259.000,md4MdKOU6ZsQ//g0,321.000,SayB0+Vq1qyZnTIu,348.000,MY8Sv42aXxDpCjC4,,
5,160,2026-04-05T12:41:16.203Z,257.000,9,119.000,Fw2XlLSvhDCRIl7z,151.000,q5GVJKHvqVwABnDf,204.000,zyQbLrDbnVAAyE0h,211.000,OY9eVeUW8tGGPJFe,213.000,BjjWVd8h3JWMBrnK,218.000,TiCg1GW9IStcOras,316.000,MY8Sv42aXxDpCjC4,307.000,md4MdKOU6ZsQ//g0,332.000,SayB0+Vq1qyZnTIu,,
5,161,2026-04-05T12:41:16.460Z,263.000,9,129.000,TiCg1GW9IStcOras,144.000,OY9eVeUW8tGGPJFe,158.000,Fw2XlLSvhDCRIl7z,166.000,q5GVJKHvqVwABnDf,216.000,BjjWVd8h3JWMBrnK,218.000,zyQbLrDbnVAAyE0h,321.000,SayB0+Vq1qyZnTIu,268.000,md4MdKOU6ZsQ//g0,339.000,MY8Sv42aXxDpCjC4,,
5,162,2026-04-05T12:41:16.723Z,252.000,9,146.000,q5GVJKHvqVwABnDf,150.000,Fw2XlLSvhDCRIl7z,177.000,BjjWVd8h3JWMBrnK,178.000,TiCg1GW9IStcOras,205.000,zyQbLrDbnVAAyE0h,207.000,OY9eVeUW8tGGPJFe,309.000,MY8Sv42aXxDpCjC4,314.000,md4MdKOU6ZsQ//g0,356.000,SayB0+Vq1qyZnTIu,,
5,163,2026-04-05T12:41:16.975Z,265.000,9,166.000,TiCg1GW9IStcOras,168.000,OY9eVeUW8tGGPJFe,170.000,q5GVJKHvqVwABnDf,205.000,Fw2XlLSvhDCRIl7z,212.000,BjjWVd8h3JWMBrnK,215.000,zyQbLrDbnVAAyE0h,319.000,SayB0+Vq1qyZnTIu,365.000,md4MdKOU6ZsQ//g0,367.000,MY8Sv42aXxDpCjC4,,
5,164,2026-04-05T12:41:17.240Z,252.000,9,150.000,Fw2XlLSvhDCRIl7z,171.000,TiCg1GW9IStcOras,205.000,zyQbLrDbnVAAyE0h,206.000,OY9eVeUW8tGGPJFe,214.000,q5GVJKHvqVwABnDf,248.000,BjjWVd8h3JWMBrnK,312.000,MY8Sv42aXxDpCjC4,309.000,md4MdKOU6ZsQ//g0,357.000,SayB0+Vq1qyZnTIu,,
5,165,2026-04-05T12:41:17.492Z,261.000,9,160.000,Fw2XlLSvhDCRIl7z,164.000,zyQbLrDbnVAAyE0h,167.000,q5GVJKHvqVwABnDf,205.000,BjjWVd8h3JWMBrnK,217.000,OY9eVeUW8tGGPJFe,234.000,TiCg1GW9IStcOras,318.000,SayB0+Vq1qyZnTIu,268.000,MY8Sv42aXxDpCjC4,367.000,md4MdKOU6ZsQ//g0,,
5,166,2026-04-05T12:41:17.753Z,254.000,9,187.000,TiCg1GW9IStcOras,205.000,BjjWVd8h3JWMBrnK,208.000,zyQbLrDbnVAAyE0h,212.000,OY9eVeUW8tGGPJFe,214.000,q5GVJKHvqVwABnDf,249.000,Fw2XlLSvhDCRIl7z,315.000,MY8Sv42aXxDpCjC4,279.000,SayB0+Vq1qyZnTIu,312.000,md4MdKOU6ZsQ//g0,,
5,167,2026-04-05T12:41:18.007Z,278.000,9,159.000,TiCg1GW9IStcOras,174.000,q5GVJKHvqVwABnDf,177.000,OY9eVeUW8tGGPJFe,204.000,Fw2XlLSvhDCRIl7z,205.000,BjjWVd8h3JWMBrnK,229.000,zyQbLrDbnVAAyE0h,334.000,SayB0+Vq1qyZnTIu,325.000,md4MdKOU6ZsQ//g0,329.000,MY8Sv42aXxDpCjC4,,
5,168,2026-04-05T12:41:18.285Z,249.000,9,130.000,q5GVJKHvqVwABnDf,134.000,Fw2XlLSvhDCRIl7z,146.000,OY9eVeUW8tGGPJFe,158.000,zyQbLrDbnVAAyE0h,188.000,BjjWVd8h3JWMBrnK,192.000,TiCg1GW9IStcOras,298.000,MY8Sv42aXxDpCjC4,261.000,SayB0+Vq1qyZnTIu,305.000,md4MdKOU6ZsQ//g0,,
5,169,2026-04-05T12:41:18.534Z,261.000,9,155.000,q5GVJKHvqVwABnDf,159.000,TiCg1GW9IStcOras,160.000,zyQbLrDbnVAAyE0h,205.000,OY9eVeUW8tGGPJFe,215.000,BjjWVd8h3JWMBrnK,217.000,Fw2XlLSvhDCRIl7z,359.000,MY8Sv42aXxDpCjC4,265.000,md4MdKOU6ZsQ//g0,321.000,SayB0+Vq1qyZnTIu,,
5,170,2026-04-05T12:41:18.795Z,268.000,9,193.000,TiCg1GW9IStcOras,207.000,BjjWVd8h3JWMBrnK,207.000,zyQbLrDbnVAAyE0h,209.000,q5GVJKHvqVwABnDf,238.000,Fw2XlLSvhDCRIl7z,252.000,OY9eVeUW8tGGPJFe,268.000,SayB0+Vq1qyZnTIu,305.000,MY8Sv42aXxDpCjC4,311.000,md4MdKOU6ZsQ//g0,,
5,171,2026-04-05T12:41:19.063Z,280.000,9,147.000,q5GVJKHvqVwABnDf,174.000,BjjWVd8h3JWMBrnK,239.000,TiCg1GW9IStcOras,241.000,OY9eVeUW8tGGPJFe,242.000,zyQbLrDbnVAAyE0h,278.000,Fw2XlLSvhDCRIl7z,353.000,md4MdKOU6ZsQ//g0,311.000,SayB0+Vq1qyZnTIu,345.000,MY8Sv42aXxDpCjC4,,
5,172,2026-04-05T12:41:19.343Z,272.000,9,132.000,q5GVJKHvqVwABnDf,133.000,Fw2XlLSvhDCRIl7z,167.000,TiCg1GW9IStcOras,175.000,zyQbLrDbnVAAyE0h,216.000,OY9eVeUW8tGGPJFe,266.000,BjjWVd8h3JWMBrnK,339.000,SayB0+Vq1qyZnTIu,281.000,md4MdKOU6ZsQ//g0,340.000,MY8Sv42aXxDpCjC4,,
5,173,2026-04-05T12:41:19.615Z,269.000,9,139.000,q5GVJKHvqVwABnDf,207.000,TiCg1GW9IStcOras,211.000,zyQbLrDbnVAAyE0h,214.000,BjjWVd8h3JWMBrnK,238.000,Fw2XlLSvhDCRIl7z,239.000,OY9eVeUW8tGGPJFe,314.000,md4MdKOU6ZsQ//g0,276.000,SayB0+Vq1qyZnTIu,342.000,MY8Sv42aXxDpCjC4,,
5,174,2026-04-05T12:41:19.884Z,277.000,9,116.000,q5GVJKHvqVwABnDf,144.000,TiCg1GW9IStcOras,173.000,BjjWVd8h3JWMBrnK,174.000,zyQbLrDbnVAAyE0h,274.000,OY9eVeUW8tGGPJFe,276.000,Fw2XlLSvhDCRIl7z,277.000,MY8Sv42aXxDpCjC4,338.000,SayB0+Vq1qyZnTIu,352.000,md4MdKOU6ZsQ//g0,,
5,175,2026-04-05T12:41:20.161Z,241.000,9,134.000,q5GVJKHvqVwABnDf,166.000,zyQbLrDbnVAAyE0h,171.000,TiCg1GW9IStcOras,183.000,BjjWVd8h3JWMBrnK,206.000,Fw2XlLSvhDCRIl7z,208.000,OY9eVeUW8tGGPJFe,284.000,md4MdKOU6ZsQ//g0,274.000,SayB0+Vq1qyZnTIu,310.000,MY8Sv42aXxDpCjC4,,
5,176,2026-04-05T12:41:20.402Z,303.000,9,136.000,zyQbLrDbnVAAyE0h,174.000,TiCg1GW9IStcOras,176.000,OY9eVeUW8tGGPJFe,183.000,q5GVJKHvqVwABnDf,187.000,BjjWVd8h3JWMBrnK,269.000,SayB0+Vq1qyZnTIu,271.000,Fw2XlLSvhDCRIl7z,307.000,MY8Sv42aXxDpCjC4,352.000,md4MdKOU6ZsQ//g0,,
5,177,2026-04-05T12:41:20.705Z,243.000,9,87.000,OY9eVeUW8tGGPJFe,92.000,BjjWVd8h3JWMBrnK,108.000,q5GVJKHvqVwABnDf,152.000,zyQbLrDbnVAAyE0h,173.000,Fw2XlLSvhDCRIl7z,190.000,TiCg1GW9IStcOras,243.000,SayB0+Vq1qyZnTIu,256.000,md4MdKOU6ZsQ//g0,289.000,MY8Sv42aXxDpCjC4,,
5,178,2026-04-05T12:41:20.948Z,253.000,9,119.000,zyQbLrDbnVAAyE0h,140.000,q5GVJKHvqVwABnDf,150.000,OY9eVeUW8tGGPJFe,153.000,TiCg1GW9IStcOras,200.000,BjjWVd8h3JWMBrnK,239.000,Fw2XlLSvhDCRIl7z,253.000,md4MdKOU6ZsQ//g0,318.000,MY8Sv42aXxDpCjC4,326.000,SayB0+Vq1qyZnTIu,,
5,179,2026-04-05T12:41:21.201Z,260.000,9,115.000,BjjWVd8h3JWMBrnK,153.000,q5GVJKHvqVwABnDf,176.000,zyQbLrDbnVAAyE0h,178.000,TiCg1GW9IStcOras,193.000,Fw2XlLSvhDCRIl7z,207.000,OY9eVeUW8tGGPJFe,311.000,md4MdKOU6ZsQ//g0,297.000,SayB0+Vq1qyZnTIu,359.000,MY8Sv42aXxDpCjC4,,
5,180,2026-04-05T12:41:21.461Z,269.000,9,143.000,TiCg1GW9IStcOras,202.000,zyQbLrDbnVAAyE0h,205.000,Fw2XlLSvhDCRIl7z,207.000,q5GVJKHvqVwABnDf,209.000,BjjWVd8h3JWMBrnK,210.000,OY9eVeUW8tGGPJFe,269.000,SayB0+Vq1qyZnTIu,345.000,MY8Sv42aXxDpCjC4,360.000,md4MdKOU6ZsQ//g0,,
5,181,2026-04-05T12:41:21.730Z,284.000,9,179.000,q5GVJKHvqVwABnDf,180.000,TiCg1GW9IStcOras,182.000,Fw2XlLSvhDCRIl7z,193.000,OY9eVeUW8tGGPJFe,226.000,BjjWVd8h3JWMBrnK,281.000,zyQbLrDbnVAAyE0h,284.000,SayB0+Vq1qyZnTIu,385.000,MY8Sv42aXxDpCjC4,492.000,md4MdKOU6ZsQ//g0,,
5,182,2026-04-05T12:41:22.014Z,271.000,9,164.000,BjjWVd8h3JWMBrnK,169.000,OY9eVeUW8tGGPJFe,175.000,TiCg1GW9IStcOras,206.000,zyQbLrDbnVAAyE0h,240.000,Fw2XlLSvhDCRIl7z,252.000,q5GVJKHvqVwABnDf,310.000,SayB0+Vq1qyZnTIu,308.000,MY8Sv42aXxDpCjC4,320.000,md4MdKOU6ZsQ//g0,,
5,183,2026-04-05T12:41:22.285Z,284.000,9,185.000,Fw2XlLSvhDCRIl7z,187.000,q5GVJKHvqVwABnDf,189.000,BjjWVd8h3JWMBrnK,191.000,TiCg1GW9IStcOras,238.000,OY9eVeUW8tGGPJFe,242.000,zyQbLrDbnVAAyE0h,284.000,SayB0+Vq1qyZnTIu,345.000,MY8Sv42aXxDpCjC4,352.000,md4MdKOU6ZsQ//g0,,
5,184,2026-04-05T12:41:22.569Z,269.000,9,115.000,q5GVJKHvqVwABnDf,146.000,BjjWVd8h3JWMBrnK,169.000,TiCg1GW9IStcOras,178.000,zyQbLrDbnVAAyE0h,200.000,Fw2XlLSvhDCRIl7z,207.000,OY9eVeUW8tGGPJFe,270.000,SayB0+Vq1qyZnTIu,300.000,md4MdKOU6ZsQ//g0,321.000,MY8Sv42aXxDpCjC4,,
5,185,2026-04-05T12:41:22.838Z,262.000,9,135.000,TiCg1GW9IStcOras,138.000,Fw2XlLSvhDCRIl7z,202.000,zyQbLrDbnVAAyE0h,207.000,OY9eVeUW8tGGPJFe,239.000,BjjWVd8h3JWMBrnK,250.000,SayB0+Vq1qyZnTIu,340.000,md4MdKOU6ZsQ//g0,266.000,q5GVJKHvqVwABnDf,309.000,MY8Sv42aXxDpCjC4,,
5,186,2026-04-05T12:41:23.100Z,259.000,9,149.000,Fw2XlLSvhDCRIl7z,153.000,OY9eVeUW8tGGPJFe,183.000,BjjWVd8h3JWMBrnK,196.000,TiCg1GW9IStcOras,213.000,q5GVJKHvqVwABnDf,254.000,zyQbLrDbnVAAyE0h,316.000,SayB0+Vq1qyZnTIu,307.000,md4MdKOU6ZsQ//g0,322.000,MY8Sv42aXxDpCjC4,,
5,187,2026-04-05T12:41:23.359Z,287.000,9,200.000,zyQbLrDbnVAAyE0h,229.000,OY9eVeUW8tGGPJFe,230.000,Fw2XlLSvhDCRIl7z,242.000,TiCg1GW9IStcOras,254.000,BjjWVd8h3JWMBrnK,280.000,SayB0+Vq1qyZnTIu,287.000,q5GVJKHvqVwABnDf,355.000,md4MdKOU6ZsQ//g0,303.000,MY8Sv42aXxDpCjC4,,
5,188,2026-04-05T12:41:23.646Z,265.000,9,150.000,OY9eVeUW8tGGPJFe,152.000,Fw2XlLSvhDCRIl7z,179.000,TiCg1GW9IStcOras,205.000,q5GVJKHvqVwABnDf,221.000,BjjWVd8h3JWMBrnK,222.000,zyQbLrDbnVAAyE0h,265.000,SayB0+Vq1qyZnTIu,323.000,MY8Sv42aXxDpCjC4,376.000,md4MdKOU6ZsQ//g0,,
5,189,2026-04-05T12:41:23.911Z,256.000,9,163.000,Fw2XlLSvhDCRIl7z,185.000,q5GVJKHvqVwABnDf,209.000,TiCg1GW9IStcOras,211.000,OY9eVeUW8tGGPJFe,213.000,zyQbLrDbnVAAyE0h,235.000,BjjWVd8h3JWMBrnK,256.000,SayB0+Vq1qyZnTIu,318.000,md4MdKOU6ZsQ//g0,356.000,MY8Sv42aXxDpCjC4,,
5,190,2026-04-05T12:41:24.167Z,290.000,9,160.000,Fw2XlLSvhDCRIl7z,180.000,OY9eVeUW8tGGPJFe,187.000,BjjWVd8h3JWMBrnK,212.000,zyQbLrDbnVAAyE0h,246.000,q5GVJKHvqVwABnDf,258.000,TiCg1GW9IStcOras,315.000,MY8Sv42aXxDpCjC4,336.000,SayB0+Vq1qyZnTIu,353.000,md4MdKOU6ZsQ//g0,,
5,191,2026-04-05T12:41:24.457Z,253.000,9,135.000,TiCg1GW9IStcOras,153.000,OY9eVeUW8tGGPJFe,164.000,q5GVJKHvqVwABnDf,206.000,BjjWVd8h3JWMBrnK,208.000,Fw2XlLSvhDCRIl7z,211.000,zyQbLrDbnVAAyE0h,253.000,SayB0+Vq1qyZnTIu,315.000,md4MdKOU6ZsQ//g0,318.000,MY8Sv42aXxDpCjC4,,
5,192,2026-04-05T12:41:24.710Z,262.000,9,131.000,q5GVJKHvqVwABnDf,162.000,Fw2XlLSvhDCRIl7z,163.000,OY9eVeUW8tGGPJFe,164.000,zyQbLrDbnVAAyE0h,223.000,BjjWVd8h3JWMBrnK,237.000,TiCg1GW9IStcOras,262.000,SayB0+Vq1qyZnTIu,268.000,md4MdKOU6ZsQ//g0,285.000,MY8Sv42aXxDpCjC4,,
5,193,2026-04-05T12:41:24.972Z,283.000,9,206.000,BjjWVd8h3JWMBrnK,209.000,Fw2XlLSvhDCRIl7z,211.000,q5GVJKHvqVwABnDf,213.000,OY9eVeUW8tGGPJFe,229.000,zyQbLrDbnVAAyE0h,274.000,md4MdKOU6ZsQ//g0,283.000,TiCg1GW9IStcOras,352.000,SayB0+Vq1qyZnTIu,332.000,MY8Sv42aXxDpCjC4,,
5,194,2026-04-05T12:41:25.255Z,283.000,9,210.000,TiCg1GW9IStcOras,229.000,BjjWVd8h3JWMBrnK,233.000,Fw2XlLSvhDCRIl7z,235.000,q5GVJKHvqVwABnDf,236.000,OY9eVeUW8tGGPJFe,255.000,zyQbLrDbnVAAyE0h,283.000,md4MdKOU6ZsQ//g0,327.000,SayB0+Vq1qyZnTIu,358.000,MY8Sv42aXxDpCjC4,,
5,195,2026-04-05T12:41:25.538Z,261.000,9,148.000,TiCg1GW9IStcOras,159.000,q5GVJKHvqVwABnDf,177.000,OY9eVeUW8tGGPJFe,178.000,zyQbLrDbnVAAyE0h,186.000,BjjWVd8h3JWMBrnK,207.000,Fw2XlLSvhDCRIl7z,261.000,md4MdKOU6ZsQ//g0,281.000,MY8Sv42aXxDpCjC4,291.000,SayB0+Vq1qyZnTIu,,
5,196,2026-04-05T12:41:25.799Z,285.000,9,183.000,TiCg1GW9IStcOras,200.000,BjjWVd8h3JWMBrnK,206.000,q5GVJKHvqVwABnDf,208.000,OY9eVeUW8tGGPJFe,209.000,Fw2XlLSvhDCRIl7z,224.000,zyQbLrDbnVAAyE0h,286.000,md4MdKOU6ZsQ//g0,287.000,SayB0+Vq1qyZnTIu,326.000,MY8Sv42aXxDpCjC4,,
5,197,2026-04-05T12:41:26.084Z,247.000,9,127.000,BjjWVd8h3JWMBrnK,128.000,q5GVJKHvqVwABnDf,129.000,TiCg1GW9IStcOras,131.000,Fw2XlLSvhDCRIl7z,232.000,OY9eVeUW8tGGPJFe,233.000,SayB0+Vq1qyZnTIu,247.000,zyQbLrDbnVAAyE0h,307.000,md4MdKOU6ZsQ//g0,443.000,MY8Sv42aXxDpCjC4,,
5,198,2026-04-05T12:41:26.331Z,294.000,9,181.000,Fw2XlLSvhDCRIl7z,191.000,OY9eVeUW8tGGPJFe,206.000,zyQbLrDbnVAAyE0h,230.000,q5GVJKHvqVwABnDf,238.000,TiCg1GW9IStcOras,241.000,BjjWVd8h3JWMBrnK,308.000,MY8Sv42aXxDpCjC4,297.000,SayB0+Vq1qyZnTIu,315.000,md4MdKOU6ZsQ//g0,,
5,199,2026-04-05T12:41:26.625Z,280.000,9,204.000,Fw2XlLSvhDCRIl7z,206.000,TiCg1GW9IStcOras,207.000,OY9eVeUW8tGGPJFe,209.000,BjjWVd8h3JWMBrnK,221.000,zyQbLrDbnVAAyE0h,246.000,q5GVJKHvqVwABnDf,280.000,md4MdKOU6ZsQ//g0,283.000,SayB0+Vq1qyZnTIu,325.000,MY8Sv42aXxDpCjC4,,
5,200,2026-04-05T12:41:26.905Z,276.000,9,185.000,zyQbLrDbnVAAyE0h,215.000,q5GVJKHvqVwABnDf,231.000,Fw2XlLSvhDCRIl7z,233.000,OY9eVeUW8tGGPJFe,234.000,BjjWVd8h3JWMBrnK,234.000,TiCg1GW9IStcOras,276.000,SayB0+Vq1qyZnTIu,290.000,MY8Sv42aXxDpCjC4,306.000,md4MdKOU6ZsQ//g0,,
5,201,2026-04-05T12:41:27.181Z,268.000,9,165.000,TiCg1GW9IStcOras,220.000,zyQbLrDbnVAAyE0h,245.000,q5GVJKHvqVwABnDf,263.000,SayB0+Vq1qyZnTIu,265.000,Fw2XlLSvhDCRIl7z,267.000,OY9eVeUW8tGGPJFe,267.000,BjjWVd8h3JWMBrnK,281.000,md4MdKOU6ZsQ//g0,324.000,MY8Sv42aXxDpCjC4,,
5,202,2026-04-05T12:41:27.449Z,310.000,9,209.000,TiCg1GW9IStcOras,260.000,zyQbLrDbnVAAyE0h,286.000,q5GVJKHvqVwABnDf,306.000,BjjWVd8h3JWMBrnK,307.000,Fw2XlLSvhDCRIl7z,309.000,OY9eVeUW8tGGPJFe,310.000,SayB0+Vq1qyZnTIu,323.000,md4MdKOU6ZsQ//g0,362.000,MY8Sv42aXxDpCjC4,,
5,203,2026-04-05T12:41:27.759Z,306.000,8,202.000,BjjWVd8h3JWMBrnK,213.000,TiCg1GW9IStcOras,258.000,zyQbLrDbnVAAyE0h,282.000,q5GVJKHvqVwABnDf,304.000,md4MdKOU6ZsQ//g0,305.000,SayB0+Vq1qyZnTIu,305.000,OY9eVeUW8tGGPJFe,360.000,MY8Sv42aXxDpCjC4,,,,
5,204,2026-04-05T12:41:28.065Z,287.000,9,205.000,OY9eVeUW8tGGPJFe,208.000,Fw2XlLSvhDCRIl7z,211.000,BjjWVd8h3JWMBrnK,215.000,TiCg1GW9IStcOras,261.000,zyQbLrDbnVAAyE0h,285.000,SayB0+Vq1qyZnTIu,287.000,q5GVJKHvqVwABnDf,363.000,MY8Sv42aXxDpCjC4,366.000,md4MdKOU6ZsQ//g0,,
5,205,2026-04-05T12:41:28.352Z,324.000,8,205.000,q5GVJKHvqVwABnDf,229.000,BjjWVd8h3JWMBrnK,231.000,Fw2XlLSvhDCRIl7z,235.000,TiCg1GW9IStcOras,285.000,OY9eVeUW8tGGPJFe,311.000,SayB0+Vq1qyZnTIu,324.000,MY8Sv42aXxDpCjC4,328.000,md4MdKOU6ZsQ//g0,,,,
5,206,2026-04-05T12:41:28.676Z,413.000,8,261.000,SayB0+Vq1qyZnTIu,275.000,md4MdKOU6ZsQ//g0,328.000,MY8Sv42aXxDpCjC4,364.000,BjjWVd8h3JWMBrnK,367.000,zyQbLrDbnVAAyE0h,412.000,OY9eVeUW8tGGPJFe,413.000,TiCg1GW9IStcOras,635.000,jIf2AEWi7y2xcK85,,,,
5,207,2026-04-05T12:41:29.089Z,386.000,7,106.000,q5GVJKHvqVwABnDf,209.000,OY9eVeUW8tGGPJFe,224.000,zyQbLrDbnVAAyE0h,306.000,Fw2XlLSvhDCRIl7z,310.000,md4MdKOU6ZsQ//g0,327.000,MY8Sv42aXxDpCjC4,396.000,SayB0+Vq1qyZnTIu,,,,,,
5,208,2026-04-05T12:41:29.475Z,444.000,8,215.000,MY8Sv42aXxDpCjC4,234.000,md4MdKOU6ZsQ//g0,262.000,SayB0+Vq1qyZnTIu,302.000,BjjWVd8h3JWMBrnK,381.000,Fw2XlLSvhDCRIl7z,428.000,TiCg1GW9IStcOras,443.000,OY9eVeUW8tGGPJFe,754.000,jIf2AEWi7y2xcK85,,,,
5,209,2026-04-05T12:41:29.919Z,466.000,8,104.000,q5GVJKHvqVwABnDf,293.000,SayB0+Vq1qyZnTIu,294.000,md4MdKOU6ZsQ//g0,311.000,MY8Sv42aXxDpCjC4,399.000,OY9eVeUW8tGGPJFe,409.000,Fw2XlLSvhDCRIl7z,466.000,BjjWVd8h3JWMBrnK,701.000,jIf2AEWi7y2xcK85,,,,
5,210,2026-04-05T12:41:30.385Z,570.000,8,243.000,MY8Sv42aXxDpCjC4,309.000,SayB0+Vq1qyZnTIu,311.000,md4MdKOU6ZsQ//g0,472.000,BjjWVd8h3JWMBrnK,494.000,OY9eVeUW8tGGPJFe,567.000,q5GVJKHvqVwABnDf,570.000,zyQbLrDbnVAAyE0h,808.000,jIf2AEWi7y2xcK85,,,,
5,211,2026-04-05T12:41:30.955Z,546.000,8,233.000,md4MdKOU6ZsQ//g0,306.000,SayB0+Vq1qyZnTIu,309.000,MY8Sv42aXxDpCjC4,336.000,BjjWVd8h3JWMBrnK,337.000,q5GVJKHvqVwABnDf,430.000,Fw2XlLSvhDCRIl7z,437.000,OY9eVeUW8tGGPJFe,675.000,jIf2AEWi7y2xcK85,,,,
5,212,2026-04-05T12:41:31.501Z,482.000,8,192.000,MY8Sv42aXxDpCjC4,193.000,SayB0+Vq1qyZnTIu,206.000,md4MdKOU6ZsQ//g0,389.000,q5GVJKHvqVwABnDf,395.000,zyQbLrDbnVAAyE0h,414.000,TiCg1GW9IStcOras,481.000,Fw2XlLSvhDCRIl7z,633.000,jIf2AEWi7y2xcK85,,,,
5,213,2026-04-05T12:41:31.983Z,544.000,8,244.000,md4MdKOU6ZsQ//g0,249.000,SayB0+Vq1qyZnTIu,311.000,MY8Sv42aXxDpCjC4,440.000,TiCg1GW9IStcOras,486.000,Fw2XlLSvhDCRIl7z,492.000,BjjWVd8h3JWMBrnK,544.000,OY9eVeUW8tGGPJFe,781.000,jIf2AEWi7y2xcK85,,,,
5,214,2026-04-05T12:41:32.527Z,543.000,8,310.000,md4MdKOU6ZsQ//g0,314.000,SayB0+Vq1qyZnTIu,329.000,TiCg1GW9IStcOras,401.000,MY8Sv42aXxDpCjC4,471.000,OY9eVeUW8tGGPJFe,531.000,q5GVJKHvqVwABnDf,543.000,zyQbLrDbnVAAyE0h,783.000,jIf2AEWi7y2xcK85,,,,
5,215,2026-04-05T12:41:33.070Z,554.000,8,266.000,md4MdKOU6ZsQ//g0,301.000,MY8Sv42aXxDpCjC4,304.000,SayB0+Vq1qyZnTIu,420.000,TiCg1GW9IStcOras,471.000,zyQbLrDbnVAAyE0h,499.000,BjjWVd8h3JWMBrnK,554.000,Fw2XlLSvhDCRIl7z,746.000,jIf2AEWi7y2xcK85,,,,
5,216,2026-04-05T12:41:33.624Z,813.000,7,310.000,md4MdKOU6ZsQ//g0,417.000,SayB0+Vq1qyZnTIu,421.000,MY8Sv42aXxDpCjC4,598.000,q5GVJKHvqVwABnDf,625.000,jIf2AEWi7y2xcK85,644.000,zyQbLrDbnVAAyE0h,813.000,Fw2XlLSvhDCRIl7z,,,,,,
5,217,2026-04-05T12:41:34.437Z,325.000,8,97.000,SayB0+Vq1qyZnTIu,147.000,MY8Sv42aXxDpCjC4,206.000,md4MdKOU6ZsQ//g0,211.000,OY9eVeUW8tGGPJFe,230.000,TiCg1GW9IStcOras,323.000,zyQbLrDbnVAAyE0h,325.000,BjjWVd8h3JWMBrnK,560.000,jIf2AEWi7y2xcK85,,,,
5,218,2026-04-05T12:41:34.762Z,892.000,7,213.000,md4MdKOU6ZsQ//g0,436.000,SayB0+Vq1qyZnTIu,440.000,MY8Sv42aXxDpCjC4,622.000,q5GVJKHvqVwABnDf,705.000,jIf2AEWi7y2xcK85,882.000,Fw2XlLSvhDCRIl7z,892.000,BjjWVd8h3JWMBrnK,,,,,,
5,219,2026-04-05T12:41:35.654Z,923.000,7,241.000,q5GVJKHvqVwABnDf,401.000,SayB0+Vq1qyZnTIu,403.000,md4MdKOU6ZsQ//g0,404.000,MY8Sv42aXxDpCjC4,756.000,jIf2AEWi7y2xcK85,908.000,TiCg1GW9IStcOras,923.000,OY9eVeUW8tGGPJFe,,,,,,
5,220,2026-04-05T12:41:36.577Z,720.000,7,360.000,MY8Sv42aXxDpCjC4,400.000,SayB0+Vq1qyZnTIu,402.000,md4MdKOU6ZsQ//g0,473.000,q5GVJKHvqVwABnDf,703.000,Fw2XlLSvhDCRIl7z,707.000,jIf2AEWi7y2xcK85,720.000,BjjWVd8h3JWMBrnK,,,,,,
5,221,2026-04-05T12:41:37.297Z,471.000,10,309.000,MY8Sv42aXxDpCjC4,311.000,SayB0+Vq1qyZnTIu,312.000,md4MdKOU6ZsQ//g0,467.000,OY9eVeUW8tGGPJFe,470.000,zyQbLrDbnVAAyE0h,470.000,BjjWVd8h3JWMBrnK,471.000,q5GVJKHvqVwABnDf,473.000,Fw2XlLSvhDCRIl7z,495.000,TiCg1GW9IStcOras,707.000,jIf2AEWi7y2xcK85
5,222,2026-04-05T12:41:37.768Z,761.000,7,403.000,SayB0+Vq1qyZnTIu,404.000,md4MdKOU6ZsQ//g0,406.000,MY8Sv42aXxDpCjC4,472.000,q5GVJKHvqVwABnDf,751.000,Fw2XlLSvhDCRIl7z,760.000,BjjWVd8h3JWMBrnK,936.000,jIf2AEWi7y2xcK85,,,,,,
5,223,2026-04-05T12:41:38.529Z,732.000,7,236.000,OY9eVeUW8tGGPJFe,308.000,md4MdKOU6ZsQ//g0,309.000,SayB0+Vq1qyZnTIu,310.000,MY8Sv42aXxDpCjC4,409.000,zyQbLrDbnVAAyE0h,521.000,q5GVJKHvqVwABnDf,731.000,jIf2AEWi7y2xcK85,,,,,,
5,224,2026-04-05T12:41:39.261Z,474.000,9,179.000,md4MdKOU6ZsQ//g0,325.000,OY9eVeUW8tGGPJFe,358.000,SayB0+Vq1qyZnTIu,382.000,BjjWVd8h3JWMBrnK,431.000,TiCg1GW9IStcOras,433.000,Fw2XlLSvhDCRIl7z,474.000,zyQbLrDbnVAAyE0h,494.000,MY8Sv42aXxDpCjC4,707.000,jIf2AEWi7y2xcK85,,
5,225,2026-04-05T12:41:39.735Z,992.000,7,268.000,md4MdKOU6ZsQ//g0,441.000,SayB0+Vq1qyZnTIu,442.000,MY8Sv42aXxDpCjC4,570.000,q5GVJKHvqVwABnDf,741.000,jIf2AEWi7y2xcK85,967.000,OY9eVeUW8tGGPJFe,992.000,zyQbLrDbnVAAyE0h,,,,,,
5,226,2026-04-05T12:41:40.727Z,1008.000,7,308.000,md4MdKOU6ZsQ//g0,311.000,SayB0+Vq1qyZnTIu,328.000,MY8Sv42aXxDpCjC4,468.000,q5GVJKHvqVwABnDf,708.000,jIf2AEWi7y2xcK85,973.000,TiCg1GW9IStcOras,1008.000,OY9eVeUW8tGGPJFe,,,,,,
5,227,2026-04-05T12:41:41.735Z,1187.000,7,377.000,MY8Sv42aXxDpCjC4,399.000,md4MdKOU6ZsQ//g0,400.000,SayB0+Vq1qyZnTIu,470.000,q5GVJKHvqVwABnDf,705.000,jIf2AEWi7y2xcK85,1185.000,BjjWVd8h3JWMBrnK,1187.000,TiCg1GW9IStcOras,,,,,,
5,228,2026-04-05T12:41:42.922Z,1030.000,7,404.000,md4MdKOU6ZsQ//g0,405.000,MY8Sv42aXxDpCjC4,434.000,SayB0+Vq1qyZnTIu,474.000,q5GVJKHvqVwABnDf,705.000,jIf2AEWi7y2xcK85,1026.000,Fw2XlLSvhDCRIl7z,1030.000,BjjWVd8h3JWMBrnK,,,,,,
5,229,2026-04-05T12:41:43.952Z,986.000,7,238.000,q5GVJKHvqVwABnDf,401.000,MY8Sv42aXxDpCjC4,404.000,md4MdKOU6ZsQ//g0,469.000,SayB0+Vq1qyZnTIu,704.000,jIf2AEWi7y2xcK85,985.000,Fw2XlLSvhDCRIl7z,986.000,zyQbLrDbnVAAyE0h,,,,,,
5,230,2026-04-05T12:41:44.938Z,933.000,7,401.000,MY8Sv42aXxDpCjC4,403.000,md4MdKOU6ZsQ//g0,404.000,SayB0+Vq1qyZnTIu,469.000,q5GVJKHvqVwABnDf,711.000,jIf2AEWi7y2xcK85,932.000,BjjWVd8h3JWMBrnK,933.000,Fw2XlLSvhDCRIl7z,,,,,,
5,231,2026-04-05T12:41:45.871Z,1294.000,7,401.000,SayB0+Vq1qyZnTIu,403.000,md4MdKOU6ZsQ//g0,405.000,MY8Sv42aXxDpCjC4,473.000,q5GVJKHvqVwABnDf,708.000,jIf2AEWi7y2xcK85,1285.000,OY9eVeUW8tGGPJFe,1294.000,zyQbLrDbnVAAyE0h,,,,,,
5,232,2026-04-05T12:41:47.165Z,1243.000,7,435.000,md4MdKOU6ZsQ//g0,436.000,SayB0+Vq1qyZnTIu,437.000,MY8Sv42aXxDpCjC4,505.000,q5GVJKHvqVwABnDf,735.000,jIf2AEWi7y2xcK85,1242.000,Fw2XlLSvhDCRIl7z,1243.000,BjjWVd8h3JWMBrnK,,,,,,
5,233,2026-04-05T12:41:48.408Z,2055.000,7,400.000,md4MdKOU6ZsQ//g0,401.000,MY8Sv42aXxDpCjC4,403.000,SayB0+Vq1qyZnTIu,470.000,q5GVJKHvqVwABnDf,704.000,jIf2AEWi7y2xcK85,2050.000,BjjWVd8h3JWMBrnK,2055.000,Fw2XlLSvhDCRIl7z,,,,,,
5,234,2026-04-05T12:41:50.463Z,2323.000,7,237.000,q5GVJKHvqVwABnDf,401.000,MY8Sv42aXxDpCjC4,401.000,md4MdKOU6ZsQ//g0,403.000,SayB0+Vq1qyZnTIu,702.000,jIf2AEWi7y2xcK85,2318.000,BjjWVd8h3JWMBrnK,2323.000,TiCg1GW9IStcOras,,,,,,
5,235,2026-04-05T12:41:52.786Z,2197.000,7,399.000,SayB0+Vq1qyZnTIu,401.000,md4MdKOU6ZsQ//g0,402.000,MY8Sv42aXxDpCjC4,473.000,q5GVJKHvqVwABnDf,710.000,jIf2AEWi7y2xcK85,1277.000,zyQbLrDbnVAAyE0h,2197.000,OY9eVeUW8tGGPJFe,,,,,,
5,236,2026-04-05T12:41:54.983Z,2430.000,7,654.000,SayB0+Vq1qyZnTIu,694.000,md4MdKOU6ZsQ//g0,707.000,jIf2AEWi7y2xcK85,775.000,MY8Sv42aXxDpCjC4,1529.000,q5GVJKHvqVwABnDf,2306.000,zyQbLrDbnVAAyE0h,2430.000,Fw2XlLSvhDCRIl7z,,,,,,
5,237,2026-04-05T12:41:57.413Z,2846.000,7,583.000,jIf2AEWi7y2xcK85,767.000,SayB0+Vq1qyZnTIu,1740.000,zyQbLrDbnVAAyE0h,1749.000,q5GVJKHvqVwABnDf,1791.000,MY8Sv42aXxDpCjC4,1827.000,md4MdKOU6ZsQ//g0,2846.000,TiCg1GW9IStcOras,,,,,,
5,238,2026-04-05T12:42:00.259Z,4050.000,7,700.000,jIf2AEWi7y2xcK85,1075.000,MY8Sv42aXxDpCjC4,1734.000,q5GVJKHvqVwABnDf,1846.000,md4MdKOU6ZsQ//g0,1874.000,SayB0+Vq1qyZnTIu,2968.000,Fw2XlLSvhDCRIl7z,4049.000,TiCg1GW9IStcOras,,,,,,
5,239,2026-04-05T12:42:04.309Z,4486.000,7,705.000,jIf2AEWi7y2xcK85,2639.000,q5GVJKHvqVwABnDf,2706.000,MY8Sv42aXxDpCjC4,2732.000,md4MdKOU6ZsQ//g0,2781.000,SayB0+Vq1qyZnTIu,4294.000,zyQbLrDbnVAAyE0h,4486.000,TiCg1GW9IStcOras,,,,,,
5,240,2026-04-05T12:42:08.795Z,5310.000,7,709.000,jIf2AEWi7y2xcK85,2317.000,SayB0+Vq1qyZnTIu,2372.000,q5GVJKHvqVwABnDf,2403.000,md4MdKOU6ZsQ//g0,2460.000,MY8Sv42aXxDpCjC4,4092.000,zyQbLrDbnVAAyE0h,5310.000,TiCg1GW9IStcOras,,,,,,
5,241,2026-04-05T12:42:14.105Z,7330.000,7,703.000,jIf2AEWi7y2xcK85,2296.000,md4MdKOU6ZsQ//g0,4328.000,q5GVJKHvqVwABnDf,4438.000,MY8Sv42aXxDpCjC4,4484.000,SayB0+Vq1qyZnTIu,6356.000,zyQbLrDbnVAAyE0h,7330.000,BjjWVd8h3JWMBrnK,,,,,,
5,242,2026-04-05T12:42:21.435Z,8388.000,7,711.000,jIf2AEWi7y2xcK85,5071.000,q5GVJKHvqVwABnDf,5119.000,md4MdKOU6ZsQ//g0,5152.000,SayB0+Vq1qyZnTIu,5216.000,MY8Sv42aXxDpCjC4,8363.000,TiCg1GW9IStcOras,8388.000,OY9eVeUW8tGGPJFe,,,,,,
5,243,2026-04-05T12:42:29.823Z,8345.000,7,702.000,jIf2AEWi7y2xcK85,3908.000,q5GVJKHvqVwABnDf,4020.000,md4MdKOU6ZsQ//g0,4992.000,SayB0+Vq1qyZnTIu,5001.000,MY8Sv42aXxDpCjC4,8343.000,TiCg1GW9IStcOras,8345.000,OY9eVeUW8tGGPJFe,,,,,,
5,244,2026-04-05T12:42:38.168Z,8357.000,7,703.000,jIf2AEWi7y2xcK85,5763.000,q5GVJKHvqVwABnDf,6654.000,SayB0+Vq1qyZnTIu,6655.000,md4MdKOU6ZsQ//g0,6659.000,MY8Sv42aXxDpCjC4,7909.000,zyQbLrDbnVAAyE0h,8357.000,Fw2XlLSvhDCRIl7z,,,,,,
5,245,2026-04-05T12:42:46.525Z,,1,700.000,jIf2AEWi7y2xcK85,,,,,,,,,,,,,,,,,,
6,1,2026-04-05T12:40:29.559Z,4793.000,7,1012.000,q5GVJKHvqVwABnDf,1297.000,TiCg1GW9IStcOras,2379.000,zyQbLrDbnVAAyE0h,2741.000,Fw2XlLSvhDCRIl7z,3208.000,MY8Sv42aXxDpCjC4,4792.000,md4MdKOU6ZsQ//g0,4793.000,BjjWVd8h3JWMBrnK,,,,,,
6,2,2026-04-05T12:40:34.352Z,311.000,7,205.000,MY8Sv42aXxDpCjC4,250.000,md4MdKOU6ZsQ//g0,308.000,TiCg1GW9IStcOras,308.000,zyQbLrDbnVAAyE0h,309.000,q5GVJKHvqVwABnDf,310.000,Fw2XlLSvhDCRIl7z,311.000,BjjWVd8h3JWMBrnK,,,,,,
6,3,2026-04-05T12:40:34.663Z,310.000,7,205.000,MY8Sv42aXxDpCjC4,248.000,md4MdKOU6ZsQ//g0,306.000,zyQbLrDbnVAAyE0h,308.000,TiCg1GW9IStcOras,309.000,Fw2XlLSvhDCRIl7z,310.000,q5GVJKHvqVwABnDf,310.000,BjjWVd8h3JWMBrnK,,,,,,
6,4,2026-04-05T12:40:34.973Z,309.000,7,204.000,MY8Sv42aXxDpCjC4,208.000,md4MdKOU6ZsQ//g0,304.000,TiCg1GW9IStcOras,306.000,zyQbLrDbnVAAyE0h,307.000,Fw2XlLSvhDCRIl7z,308.000,q5GVJKHvqVwABnDf,309.000,BjjWVd8h3JWMBrnK,,,,,,
6,5,2026-04-05T12:40:35.282Z,307.000,7,203.000,MY8Sv42aXxDpCjC4,205.000,md4MdKOU6ZsQ//g0,304.000,TiCg1GW9IStcOras,305.000,zyQbLrDbnVAAyE0h,306.000,Fw2XlLSvhDCRIl7z,307.000,q5GVJKHvqVwABnDf,307.000,BjjWVd8h3JWMBrnK,,,,,,
6,6,2026-04-05T12:40:35.589Z,307.000,8,204.000,MY8Sv42aXxDpCjC4,210.000,md4MdKOU6ZsQ//g0,304.000,zyQbLrDbnVAAyE0h,305.000,SayB0+Vq1qyZnTIu,306.000,Fw2XlLSvhDCRIl7z,307.000,q5GVJKHvqVwABnDf,307.000,TiCg1GW9IStcOras,310.000,BjjWVd8h3JWMBrnK,,,,
6,7,2026-04-05T12:40:35.896Z,255.000,10,204.000,MY8Sv42aXxDpCjC4,209.000,BjjWVd8h3JWMBrnK,210.000,OY9eVeUW8tGGPJFe,211.000,SayB0+Vq1qyZnTIu,213.000,md4MdKOU6ZsQ//g0,309.000,q5GVJKHvqVwABnDf,305.000,zyQbLrDbnVAAyE0h,307.000,Fw2XlLSvhDCRIl7z,308.000,TiCg1GW9IStcOras,975.000,jIf2AEWi7y2xcK85
6,8,2026-04-05T12:40:36.151Z,302.000,9,198.000,md4MdKOU6ZsQ//g0,255.000,MY8Sv42aXxDpCjC4,259.000,SayB0+Vq1qyZnTIu,260.000,Fw2XlLSvhDCRIl7z,261.000,OY9eVeUW8tGGPJFe,262.000,BjjWVd8h3JWMBrnK,302.000,TiCg1GW9IStcOras,306.000,zyQbLrDbnVAAyE0h,305.000,q5GVJKHvqVwABnDf,,
6,9,2026-04-05T12:40:36.453Z,275.000,9,166.000,MY8Sv42aXxDpCjC4,267.000,OY9eVeUW8tGGPJFe,268.000,Fw2XlLSvhDCRIl7z,270.000,BjjWVd8h3JWMBrnK,271.000,q5GVJKHvqVwABnDf,274.000,zyQbLrDbnVAAyE0h,275.000,md4MdKOU6ZsQ//g0,276.000,TiCg1GW9IStcOras,279.000,SayB0+Vq1qyZnTIu,,
6,10,2026-04-05T12:40:36.728Z,307.000,8,200.000,MY8Sv42aXxDpCjC4,210.000,TiCg1GW9IStcOras,297.000,Fw2XlLSvhDCRIl7z,299.000,OY9eVeUW8tGGPJFe,303.000,BjjWVd8h3JWMBrnK,305.000,q5GVJKHvqVwABnDf,307.000,zyQbLrDbnVAAyE0h,310.000,md4MdKOU6ZsQ//g0,,,,
6,11,2026-04-05T12:40:37.035Z,309.000,9,202.000,MY8Sv42aXxDpCjC4,209.000,SayB0+Vq1qyZnTIu,210.000,TiCg1GW9IStcOras,300.000,OY9eVeUW8tGGPJFe,300.000,Fw2XlLSvhDCRIl7z,307.000,BjjWVd8h3JWMBrnK,309.000,q5GVJKHvqVwABnDf,310.000,zyQbLrDbnVAAyE0h,311.000,md4MdKOU6ZsQ//g0,,
6,12,2026-04-05T12:40:37.344Z,276.000,8,169.000,SayB0+Vq1qyZnTIu,201.000,MY8Sv42aXxDpCjC4,211.000,TiCg1GW9IStcOras,273.000,Fw2XlLSvhDCRIl7z,279.000,OY9eVeUW8tGGPJFe,278.000,zyQbLrDbnVAAyE0h,281.000,q5GVJKHvqVwABnDf,281.000,BjjWVd8h3JWMBrnK,,,,
6,13,2026-04-05T12:40:37.620Z,244.000,9,139.000,MY8Sv42aXxDpCjC4,180.000,SayB0+Vq1qyZnTIu,181.000,md4MdKOU6ZsQ//g0,230.000,OY9eVeUW8tGGPJFe,232.000,Fw2XlLSvhDCRIl7z,234.000,BjjWVd8h3JWMBrnK,244.000,zyQbLrDbnVAAyE0h,246.000,TiCg1GW9IStcOras,247.000,q5GVJKHvqVwABnDf,,
6,14,2026-04-05T12:40:37.864Z,299.000,8,191.000,OY9eVeUW8tGGPJFe,201.000,md4MdKOU6ZsQ//g0,206.000,TiCg1GW9IStcOras,206.000,MY8Sv42aXxDpCjC4,208.000,zyQbLrDbnVAAyE0h,294.000,Fw2XlLSvhDCRIl7z,299.000,BjjWVd8h3JWMBrnK,512.000,q5GVJKHvqVwABnDf,,,,
6,15,2026-04-05T12:40:38.163Z,219.000,9,165.000,SayB0+Vq1qyZnTIu,178.000,md4MdKOU6ZsQ//g0,200.000,MY8Sv42aXxDpCjC4,204.000,Fw2XlLSvhDCRIl7z,214.000,zyQbLrDbnVAAyE0h,216.000,TiCg1GW9IStcOras,219.000,q5GVJKHvqVwABnDf,282.000,OY9eVeUW8tGGPJFe,284.000,BjjWVd8h3JWMBrnK,,
6,16,2026-04-05T12:40:38.382Z,301.000,9,203.000,SayB0+Vq1qyZnTIu,204.000,MY8Sv42aXxDpCjC4,214.000,md4MdKOU6ZsQ//g0,239.000,OY9eVeUW8tGGPJFe,291.000,Fw2XlLSvhDCRIl7z,296.000,BjjWVd8h3JWMBrnK,301.000,TiCg1GW9IStcOras,307.000,q5GVJKHvqVwABnDf,318.000,zyQbLrDbnVAAyE0h,,
6,17,2026-04-05T12:40:38.683Z,255.000,9,151.000,OY9eVeUW8tGGPJFe,180.000,SayB0+Vq1qyZnTIu,203.000,MY8Sv42aXxDpCjC4,207.000,TiCg1GW9IStcOras,213.000,q5GVJKHvqVwABnDf,218.000,md4MdKOU6ZsQ//g0,255.000,zyQbLrDbnVAAyE0h,286.000,Fw2XlLSvhDCRIl7z,288.000,BjjWVd8h3JWMBrnK,,
6,18,2026-04-05T12:40:38.938Z,266.000,10,162.000,SayB0+Vq1qyZnTIu,163.000,MY8Sv42aXxDpCjC4,168.000,md4MdKOU6ZsQ//g0,249.000,Fw2XlLSvhDCRIl7z,256.000,BjjWVd8h3JWMBrnK,260.000,TiCg1GW9IStcOras,269.000,q5GVJKHvqVwABnDf,275.000,zyQbLrDbnVAAyE0h,273.000,OY9eVeUW8tGGPJFe,628.000,jIf2AEWi7y2xcK85
6,19,2026-04-05T12:40:39.204Z,281.000,9,175.000,OY9eVeUW8tGGPJFe,177.000,SayB0+Vq1qyZnTIu,201.000,TiCg1GW9IStcOras,208.000,MY8Sv42aXxDpCjC4,211.000,md4MdKOU6ZsQ//g0,248.000,zyQbLrDbnVAAyE0h,287.000,Fw2XlLSvhDCRIl7z,286.000,BjjWVd8h3JWMBrnK,283.000,q5GVJKHvqVwABnDf,,
6,20,2026-04-05T12:40:39.485Z,238.000,9,135.000,MY8Sv42aXxDpCjC4,189.000,md4MdKOU6ZsQ//g0,203.000,SayB0+Vq1qyZnTIu,225.000,BjjWVd8h3JWMBrnK,229.000,TiCg1GW9IStcOras,235.000,q5GVJKHvqVwABnDf,237.000,Fw2XlLSvhDCRIl7z,243.000,zyQbLrDbnVAAyE0h,245.000,OY9eVeUW8tGGPJFe,,
6,21,2026-04-05T12:40:39.723Z,279.000,9,175.000,SayB0+Vq1qyZnTIu,196.000,TiCg1GW9IStcOras,196.000,MY8Sv42aXxDpCjC4,232.000,md4MdKOU6ZsQ//g0,240.000,zyQbLrDbnVAAyE0h,274.000,OY9eVeUW8tGGPJFe,284.000,Fw2XlLSvhDCRIl7z,282.000,BjjWVd8h3JWMBrnK,283.000,q5GVJKHvqVwABnDf,,
6,22,2026-04-05T12:40:40.002Z,236.000,9,134.000,MY8Sv42aXxDpCjC4,185.000,SayB0+Vq1qyZnTIu,191.000,md4MdKOU6ZsQ//g0,221.000,BjjWVd8h3JWMBrnK,225.000,TiCg1GW9IStcOras,231.000,q5GVJKHvqVwABnDf,235.000,Fw2XlLSvhDCRIl7z,269.000,zyQbLrDbnVAAyE0h,273.000,OY9eVeUW8tGGPJFe,,
6,23,2026-04-05T12:40:40.238Z,276.000,9,176.000,SayB0+Vq1qyZnTIu,200.000,q5GVJKHvqVwABnDf,205.000,MY8Sv42aXxDpCjC4,208.000,md4MdKOU6ZsQ//g0,304.000,Fw2XlLSvhDCRIl7z,301.000,zyQbLrDbnVAAyE0h,293.000,BjjWVd8h3JWMBrnK,298.000,TiCg1GW9IStcOras,302.000,OY9eVeUW8tGGPJFe,,
6,24,2026-04-05T12:40:40.514Z,239.000,9,136.000,MY8Sv42aXxDpCjC4,191.000,md4MdKOU6ZsQ//g0,200.000,SayB0+Vq1qyZnTIu,225.000,BjjWVd8h3JWMBrnK,228.000,TiCg1GW9IStcOras,235.000,q5GVJKHvqVwABnDf,239.000,Fw2XlLSvhDCRIl7z,240.000,OY9eVeUW8tGGPJFe,245.000,zyQbLrDbnVAAyE0h,,
6,25,2026-04-05T12:40:40.753Z,265.000,9,200.000,SayB0+Vq1qyZnTIu,202.000,MY8Sv42aXxDpCjC4,203.000,md4MdKOU6ZsQ//g0,206.000,Fw2XlLSvhDCRIl7z,238.000,zyQbLrDbnVAAyE0h,299.000,TiCg1GW9IStcOras,306.000,q5GVJKHvqVwABnDf,296.000,BjjWVd8h3JWMBrnK,305.000,OY9eVeUW8tGGPJFe,,
6,26,2026-04-05T12:40:41.018Z,248.000,9,178.000,MY8Sv42aXxDpCjC4,200.000,md4MdKOU6ZsQ//g0,207.000,SayB0+Vq1qyZnTIu,235.000,BjjWVd8h3JWMBrnK,252.000,Fw2XlLSvhDCRIl7z,253.000,OY9eVeUW8tGGPJFe,249.000,q5GVJKHvqVwABnDf,281.000,zyQbLrDbnVAAyE0h,287.000,TiCg1GW9IStcOras,,
6,27,2026-04-05T12:40:41.266Z,280.000,9,199.000,SayB0+Vq1qyZnTIu,208.000,Fw2XlLSvhDCRIl7z,208.000,MY8Sv42aXxDpCjC4,210.000,md4MdKOU6ZsQ//g0,305.000,OY9eVeUW8tGGPJFe,306.000,TiCg1GW9IStcOras,302.000,q5GVJKHvqVwABnDf,307.000,BjjWVd8h3JWMBrnK,304.000,zyQbLrDbnVAAyE0h,,
6,28,2026-04-05T12:40:41.546Z,237.000,9,136.000,MY8Sv42aXxDpCjC4,204.000,md4MdKOU6ZsQ//g0,228.000,SayB0+Vq1qyZnTIu,246.000,zyQbLrDbnVAAyE0h,239.000,q5GVJKHvqVwABnDf,243.000,TiCg1GW9IStcOras,248.000,Fw2XlLSvhDCRIl7z,242.000,BjjWVd8h3JWMBrnK,245.000,OY9eVeUW8tGGPJFe,,
6,29,2026-04-05T12:40:41.783Z,279.000,9,198.000,SayB0+Vq1qyZnTIu,201.000,md4MdKOU6ZsQ//g0,206.000,MY8Sv42aXxDpCjC4,209.000,BjjWVd8h3JWMBrnK,237.000,zyQbLrDbnVAAyE0h,239.000,Fw2XlLSvhDCRIl7z,304.000,OY9eVeUW8tGGPJFe,302.000,TiCg1GW9IStcOras,305.000,q5GVJKHvqVwABnDf,,
6,30,2026-04-05T12:40:42.062Z,238.000,9,136.000,MY8Sv42aXxDpCjC4,207.000,md4MdKOU6ZsQ//g0,226.000,SayB0+Vq1qyZnTIu,237.000,q5GVJKHvqVwABnDf,246.000,zyQbLrDbnVAAyE0h,243.000,TiCg1GW9IStcOras,247.000,Fw2XlLSvhDCRIl7z,240.000,OY9eVeUW8tGGPJFe,244.000,BjjWVd8h3JWMBrnK,,
6,31,2026-04-05T12:40:42.300Z,301.000,9,198.000,SayB0+Vq1qyZnTIu,203.000,MY8Sv42aXxDpCjC4,206.000,md4MdKOU6ZsQ//g0,208.000,BjjWVd8h3JWMBrnK,235.000,Fw2XlLSvhDCRIl7z,237.000,zyQbLrDbnVAAyE0h,305.000,OY9eVeUW8tGGPJFe,304.000,q5GVJKHvqVwABnDf,306.000,TiCg1GW9IStcOras,,
6,32,2026-04-05T12:40:42.601Z,246.000,9,140.000,Fw2XlLSvhDCRIl7z,142.000,MY8Sv42aXxDpCjC4,180.000,md4MdKOU6ZsQ//g0,206.000,SayB0+Vq1qyZnTIu,215.000,BjjWVd8h3JWMBrnK,216.000,TiCg1GW9IStcOras,246.000,zyQbLrDbnVAAyE0h,259.000,OY9eVeUW8tGGPJFe,260.000,q5GVJKHvqVwABnDf,,
6,33,2026-04-05T12:40:42.847Z,273.000,9,170.000,SayB0+Vq1qyZnTIu,174.000,BjjWVd8h3JWMBrnK,179.000,md4MdKOU6ZsQ//g0,184.000,Fw2XlLSvhDCRIl7z,204.000,MY8Sv42aXxDpCjC4,271.000,OY9eVeUW8tGGPJFe,274.000,q5GVJKHvqVwABnDf,275.000,zyQbLrDbnVAAyE0h,276.000,TiCg1GW9IStcOras,,
6,34,2026-04-05T12:40:43.120Z,240.000,9,166.000,MY8Sv42aXxDpCjC4,168.000,Fw2XlLSvhDCRIl7z,202.000,SayB0+Vq1qyZnTIu,204.000,md4MdKOU6ZsQ//g0,206.000,OY9eVeUW8tGGPJFe,210.000,BjjWVd8h3JWMBrnK,240.000,zyQbLrDbnVAAyE0h,242.000,TiCg1GW9IStcOras,272.000,q5GVJKHvqVwABnDf,,
6,35,2026-04-05T12:40:43.360Z,278.000,9,169.000,Fw2XlLSvhDCRIl7z,171.000,OY9eVeUW8tGGPJFe,173.000,SayB0+Vq1qyZnTIu,204.000,MY8Sv42aXxDpCjC4,219.000,md4MdKOU6ZsQ//g0,271.000,q5GVJKHvqVwABnDf,422.000,zyQbLrDbnVAAyE0h,421.000,BjjWVd8h3JWMBrnK,524.000,TiCg1GW9IStcOras,,
6,36,2026-04-05T12:40:43.638Z,201.000,9,145.000,OY9eVeUW8tGGPJFe,198.000,md4MdKOU6ZsQ//g0,199.000,BjjWVd8h3JWMBrnK,200.000,Fw2XlLSvhDCRIl7z,200.000,SayB0+Vq1qyZnTIu,201.000,q5GVJKHvqVwABnDf,201.000,MY8Sv42aXxDpCjC4,267.000,TiCg1GW9IStcOras,234.000,zyQbLrDbnVAAyE0h,,
6,37,2026-04-05T12:40:43.839Z,300.000,9,204.000,MY8Sv42aXxDpCjC4,209.000,SayB0+Vq1qyZnTIu,240.000,zyQbLrDbnVAAyE0h,246.000,BjjWVd8h3JWMBrnK,255.000,md4MdKOU6ZsQ//g0,273.000,TiCg1GW9IStcOras,300.000,OY9eVeUW8tGGPJFe,305.000,Fw2XlLSvhDCRIl7z,307.000,q5GVJKHvqVwABnDf,,
6,38,2026-04-05T12:40:44.139Z,262.000,9,179.000,TiCg1GW9IStcOras,180.000,md4MdKOU6ZsQ//g0,206.000,MY8Sv42aXxDpCjC4,213.000,SayB0+Vq1qyZnTIu,246.000,zyQbLrDbnVAAyE0h,263.000,BjjWVd8h3JWMBrnK,310.000,OY9eVeUW8tGGPJFe,318.000,q5GVJKHvqVwABnDf,316.000,Fw2XlLSvhDCRIl7z,,
6,39,2026-04-05T12:40:44.401Z,270.000,9,205.000,md4MdKOU6ZsQ//g0,207.000,BjjWVd8h3JWMBrnK,207.000,MY8Sv42aXxDpCjC4,246.000,SayB0+Vq1qyZnTIu,261.000,q5GVJKHvqVwABnDf,264.000,TiCg1GW9IStcOras,316.000,OY9eVeUW8tGGPJFe,293.000,zyQbLrDbnVAAyE0h,315.000,Fw2XlLSvhDCRIl7z,,
6,40,2026-04-05T12:40:44.671Z,301.000,9,197.000,MY8Sv42aXxDpCjC4,199.000,md4MdKOU6ZsQ//g0,251.000,BjjWVd8h3JWMBrnK,264.000,SayB0+Vq1qyZnTIu,298.000,Fw2XlLSvhDCRIl7z,299.000,OY9eVeUW8tGGPJFe,301.000,q5GVJKHvqVwABnDf,304.000,TiCg1GW9IStcOras,307.000,zyQbLrDbnVAAyE0h,,
6,41,2026-04-05T12:40:44.972Z,256.000,9,154.000,md4MdKOU6ZsQ//g0,204.000,MY8Sv42aXxDpCjC4,205.000,OY9eVeUW8tGGPJFe,206.000,SayB0+Vq1qyZnTIu,208.000,TiCg1GW9IStcOras,240.000,zyQbLrDbnVAAyE0h,264.000,q5GVJKHvqVwABnDf,262.000,Fw2XlLSvhDCRIl7z,261.000,BjjWVd8h3JWMBrnK,,
6,42,2026-04-05T12:40:45.228Z,264.000,9,164.000,SayB0+Vq1qyZnTIu,189.000,zyQbLrDbnVAAyE0h,194.000,MY8Sv42aXxDpCjC4,204.000,md4MdKOU6ZsQ//g0,259.000,q5GVJKHvqVwABnDf,260.000,TiCg1GW9IStcOras,264.000,OY9eVeUW8tGGPJFe,272.000,Fw2XlLSvhDCRIl7z,270.000,BjjWVd8h3JWMBrnK,,
6,43,2026-04-05T12:40:45.492Z,253.000,9,199.000,MY8Sv42aXxDpCjC4,203.000,TiCg1GW9IStcOras,206.000,md4MdKOU6ZsQ//g0,207.000,SayB0+Vq1qyZnTIu,209.000,OY9eVeUW8tGGPJFe,242.000,Fw2XlLSvhDCRIl7z,304.000,zyQbLrDbnVAAyE0h,303.000,q5GVJKHvqVwABnDf,256.000,BjjWVd8h3JWMBrnK,,
6,44,2026-04-05T12:40:45.745Z,259.000,9,165.000,SayB0+Vq1qyZnTIu,170.000,zyQbLrDbnVAAyE0h,192.000,MY8Sv42aXxDpCjC4,196.000,OY9eVeUW8tGGPJFe,204.000,md4MdKOU6ZsQ//g0,255.000,q5GVJKHvqVwABnDf,259.000,TiCg1GW9IStcOras,274.000,BjjWVd8h3JWMBrnK,272.000,Fw2XlLSvhDCRIl7z,,
6,45,2026-04-05T12:40:46.004Z,258.000,9,201.000,MY8Sv42aXxDpCjC4,202.000,q5GVJKHvqVwABnDf,208.000,md4MdKOU6ZsQ//g0,210.000,SayB0+Vq1qyZnTIu,242.000,Fw2XlLSvhDCRIl7z,246.000,OY9eVeUW8tGGPJFe,258.000,BjjWVd8h3JWMBrnK,305.000,zyQbLrDbnVAAyE0h,308.000,TiCg1GW9IStcOras,,
6,46,2026-04-05T12:40:46.262Z,268.000,9,162.000,SayB0+Vq1qyZnTIu,201.000,md4MdKOU6ZsQ//g0,205.000,MY8Sv42aXxDpCjC4,254.000,q5GVJKHvqVwABnDf,255.000,zyQbLrDbnVAAyE0h,260.000,TiCg1GW9IStcOras,298.000,BjjWVd8h3JWMBrnK,290.000,Fw2XlLSvhDCRIl7z,294.000,OY9eVeUW8tGGPJFe,,
6,47,2026-04-05T12:40:46.530Z,296.000,9,193.000,MY8Sv42aXxDpCjC4,197.000,md4MdKOU6ZsQ//g0,201.000,SayB0+Vq1qyZnTIu,231.000,OY9eVeUW8tGGPJFe,244.000,BjjWVd8h3JWMBrnK,295.000,q5GVJKHvqVwABnDf,296.000,zyQbLrDbnVAAyE0h,303.000,Fw2XlLSvhDCRIl7z,299.000,TiCg1GW9IStcOras,,
6,48,2026-04-05T12:40:46.826Z,249.000,9,204.000,MY8Sv42aXxDpCjC4,207.000,md4MdKOU6ZsQ//g0,213.000,SayB0+Vq1qyZnTIu,245.000,OY9eVeUW8tGGPJFe,246.000,Fw2XlLSvhDCRIl7z,257.000,BjjWVd8h3JWMBrnK,309.000,zyQbLrDbnVAAyE0h,308.000,q5GVJKHvqVwABnDf,312.000,TiCg1GW9IStcOras,,
6,49,2026-04-05T12:40:47.075Z,268.000,9,175.000,SayB0+Vq1qyZnTIu,202.000,MY8Sv42aXxDpCjC4,208.000,md4MdKOU6ZsQ//g0,215.000,BjjWVd8h3JWMBrnK,264.000,q5GVJKHvqVwABnDf,267.000,zyQbLrDbnVAAyE0h,268.000,TiCg1GW9IStcOras,283.000,Fw2XlLSvhDCRIl7z,282.000,OY9eVeUW8tGGPJFe,,
6,50,2026-04-05T12:40:47.343Z,308.000,9,204.000,MY8Sv42aXxDpCjC4,207.000,md4MdKOU6ZsQ//g0,214.000,SayB0+Vq1qyZnTIu,243.000,OY9eVeUW8tGGPJFe,248.000,Fw2XlLSvhDCRIl7z,258.000,BjjWVd8h3JWMBrnK,308.000,q5GVJKHvqVwABnDf,314.000,zyQbLrDbnVAAyE0h,312.000,TiCg1GW9IStcOras,,
6,51,2026-04-05T12:40:47.651Z,224.000,9,118.000,SayB0+Vq1qyZnTIu,155.000,BjjWVd8h3JWMBrnK,204.000,MY8Sv42aXxDpCjC4,207.000,TiCg1GW9IStcOras,209.000,q5GVJKHvqVwABnDf,210.000,md4MdKOU6ZsQ//g0,227.000,zyQbLrDbnVAAyE0h,229.000,OY9eVeUW8tGGPJFe,230.000,Fw2XlLSvhDCRIl7z,,
6,52,2026-04-05T12:40:47.875Z,232.000,9,188.000,MY8Sv42aXxDpCjC4,189.000,TiCg1GW9IStcOras,191.000,md4MdKOU6ZsQ//g0,201.000,SayB0+Vq1qyZnTIu,226.000,OY9eVeUW8tGGPJFe,241.000,BjjWVd8h3JWMBrnK,234.000,zyQbLrDbnVAAyE0h,235.000,Fw2XlLSvhDCRIl7z,292.000,q5GVJKHvqVwABnDf,,
6,53,2026-04-05T12:40:48.107Z,271.000,9,182.000,SayB0+Vq1qyZnTIu,202.000,MY8Sv42aXxDpCjC4,216.000,BjjWVd8h3JWMBrnK,221.000,md4MdKOU6ZsQ//g0,267.000,TiCg1GW9IStcOras,268.000,q5GVJKHvqVwABnDf,290.000,zyQbLrDbnVAAyE0h,289.000,OY9eVeUW8tGGPJFe,291.000,Fw2XlLSvhDCRIl7z,,
6,54,2026-04-05T12:40:48.378Z,224.000,9,201.000,MY8Sv42aXxDpCjC4,205.000,zyQbLrDbnVAAyE0h,206.000,md4MdKOU6ZsQ//g0,217.000,SayB0+Vq1qyZnTIu,308.000,q5GVJKHvqVwABnDf,305.000,TiCg1GW9IStcOras,254.000,BjjWVd8h3JWMBrnK,241.000,OY9eVeUW8tGGPJFe,245.000,Fw2XlLSvhDCRIl7z,,
6,55,2026-04-05T12:40:48.602Z,286.000,9,183.000,MY8Sv42aXxDpCjC4,189.000,md4MdKOU6ZsQ//g0,203.000,SayB0+Vq1qyZnTIu,225.000,OY9eVeUW8tGGPJFe,230.000,Fw2XlLSvhDCRIl7z,234.000,BjjWVd8h3JWMBrnK,285.000,TiCg1GW9IStcOras,294.000,q5GVJKHvqVwABnDf,293.000,zyQbLrDbnVAAyE0h,,
6,56,2026-04-05T12:40:48.888Z,251.000,9,149.000,SayB0+Vq1qyZnTIu,149.000,MY8Sv42aXxDpCjC4,155.000,BjjWVd8h3JWMBrnK,194.000,md4MdKOU6ZsQ//g0,213.000,q5GVJKHvqVwABnDf,247.000,OY9eVeUW8tGGPJFe,251.000,zyQbLrDbnVAAyE0h,254.000,Fw2XlLSvhDCRIl7z,258.000,TiCg1GW9IStcOras,,
6,57,2026-04-05T12:40:49.139Z,265.000,9,169.000,md4MdKOU6ZsQ//g0,202.000,MY8Sv42aXxDpCjC4,203.000,SayB0+Vq1qyZnTIu,208.000,zyQbLrDbnVAAyE0h,209.000,Fw2XlLSvhDCRIl7z,212.000,BjjWVd8h3JWMBrnK,265.000,TiCg1GW9IStcOras,272.000,q5GVJKHvqVwABnDf,276.000,OY9eVeUW8tGGPJFe,,
6,58,2026-04-05T12:40:49.404Z,257.000,9,152.000,BjjWVd8h3JWMBrnK,154.000,SayB0+Vq1qyZnTIu,206.000,MY8Sv42aXxDpCjC4,212.000,md4MdKOU6ZsQ//g0,246.000,OY9eVeUW8tGGPJFe,255.000,Fw2XlLSvhDCRIl7z,263.000,TiCg1GW9IStcOras,262.000,zyQbLrDbnVAAyE0h,261.000,q5GVJKHvqVwABnDf,,
6,59,2026-04-05T12:40:49.661Z,262.000,9,164.000,BjjWVd8h3JWMBrnK,165.000,md4MdKOU6ZsQ//g0,178.000,SayB0+Vq1qyZnTIu,203.000,MY8Sv42aXxDpCjC4,236.000,zyQbLrDbnVAAyE0h,261.000,TiCg1GW9IStcOras,262.000,q5GVJKHvqVwABnDf,271.000,Fw2XlLSvhDCRIl7z,273.000,OY9eVeUW8tGGPJFe,,
6,60,2026-04-05T12:40:49.923Z,251.000,9,151.000,SayB0+Vq1qyZnTIu,154.000,BjjWVd8h3JWMBrnK,204.000,MY8Sv42aXxDpCjC4,207.000,TiCg1GW9IStcOras,209.000,md4MdKOU6ZsQ//g0,246.000,OY9eVeUW8tGGPJFe,251.000,Fw2XlLSvhDCRIl7z,258.000,q5GVJKHvqVwABnDf,465.000,zyQbLrDbnVAAyE0h,,
6,61,2026-04-05T12:40:50.174Z,261.000,9,166.000,BjjWVd8h3JWMBrnK,175.000,SayB0+Vq1qyZnTIu,185.000,md4MdKOU6ZsQ//g0,200.000,MY8Sv42aXxDpCjC4,285.000,Fw2XlLSvhDCRIl7z,264.000,TiCg1GW9IStcOras,265.000,zyQbLrDbnVAAyE0h,263.000,q5GVJKHvqVwABnDf,286.000,OY9eVeUW8tGGPJFe,,
6,62,2026-04-05T12:40:50.435Z,304.000,9,200.000,SayB0+Vq1qyZnTIu,208.000,MY8Sv42aXxDpCjC4,212.000,md4MdKOU6ZsQ//g0,249.000,OY9eVeUW8tGGPJFe,253.000,Fw2XlLSvhDCRIl7z,307.000,TiCg1GW9IStcOras,310.000,BjjWVd8h3JWMBrnK,308.000,q5GVJKHvqVwABnDf,516.000,zyQbLrDbnVAAyE0h,,
6,63,2026-04-05T12:40:50.739Z,213.000,9,135.000,BjjWVd8h3JWMBrnK,137.000,md4MdKOU6ZsQ//g0,138.000,zyQbLrDbnVAAyE0h,154.000,MY8Sv42aXxDpCjC4,155.000,SayB0+Vq1qyZnTIu,207.000,q5GVJKHvqVwABnDf,213.000,TiCg1GW9IStcOras,245.000,Fw2XlLSvhDCRIl7z,246.000,OY9eVeUW8tGGPJFe,,
6,64,2026-04-05T12:40:50.952Z,305.000,9,200.000,SayB0+Vq1qyZnTIu,202.000,q5GVJKHvqVwABnDf,216.000,md4MdKOU6ZsQ//g0,224.000,MY8Sv42aXxDpCjC4,249.000,OY9eVeUW8tGGPJFe,251.000,Fw2XlLSvhDCRIl7z,304.000,TiCg1GW9IStcOras,305.000,BjjWVd8h3JWMBrnK,306.000,zyQbLrDbnVAAyE0h,,
6,65,2026-04-05T12:40:51.257Z,237.000,9,156.000,BjjWVd8h3JWMBrnK,157.000,md4MdKOU6ZsQ//g0,159.000,Fw2XlLSvhDCRIl7z,160.000,TiCg1GW9IStcOras,162.000,SayB0+Vq1qyZnTIu,206.000,q5GVJKHvqVwABnDf,236.000,MY8Sv42aXxDpCjC4,243.000,OY9eVeUW8tGGPJFe,254.000,zyQbLrDbnVAAyE0h,,
6,66,2026-04-05T12:40:51.494Z,259.000,9,141.000,SayB0+Vq1qyZnTIu,167.000,TiCg1GW9IStcOras,206.000,MY8Sv42aXxDpCjC4,208.000,md4MdKOU6ZsQ//g0,220.000,OY9eVeUW8tGGPJFe,227.000,Fw2XlLSvhDCRIl7z,264.000,BjjWVd8h3JWMBrnK,261.000,zyQbLrDbnVAAyE0h,265.000,q5GVJKHvqVwABnDf,,
6,67,2026-04-05T12:40:51.753Z,226.000,8,154.000,TiCg1GW9IStcOras,158.000,md4MdKOU6ZsQ//g0,159.000,BjjWVd8h3JWMBrnK,167.000,SayB0+Vq1qyZnTIu,172.000,Fw2XlLSvhDCRIl7z,208.000,zyQbLrDbnVAAyE0h,258.000,q5GVJKHvqVwABnDf,367.000,OY9eVeUW8tGGPJFe,,,,
6,68,2026-04-05T12:40:51.979Z,249.000,9,188.000,MY8Sv42aXxDpCjC4,200.000,SayB0+Vq1qyZnTIu,218.000,md4MdKOU6ZsQ//g0,242.000,BjjWVd8h3JWMBrnK,289.000,zyQbLrDbnVAAyE0h,252.000,TiCg1GW9IStcOras,269.000,OY9eVeUW8tGGPJFe,258.000,q5GVJKHvqVwABnDf,259.000,Fw2XlLSvhDCRIl7z,,
6,69,2026-04-05T12:40:52.228Z,259.000,9,160.000,SayB0+Vq1qyZnTIu,199.000,md4MdKOU6ZsQ//g0,200.000,MY8Sv42aXxDpCjC4,207.000,TiCg1GW9IStcOras,216.000,Fw2XlLSvhDCRIl7z,244.000,zyQbLrDbnVAAyE0h,314.000,q5GVJKHvqVwABnDf,298.000,BjjWVd8h3JWMBrnK,304.000,OY9eVeUW8tGGPJFe,,
6,70,2026-04-05T12:40:52.487Z,251.000,9,163.000,MY8Sv42aXxDpCjC4,205.000,SayB0+Vq1qyZnTIu,210.000,md4MdKOU6ZsQ//g0,246.000,BjjWVd8h3JWMBrnK,431.000,zyQbLrDbnVAAyE0h,268.000,Fw2XlLSvhDCRIl7z,257.000,TiCg1GW9IStcOras,262.000,q5GVJKHvqVwABnDf,275.000,OY9eVeUW8tGGPJFe,,
6,71,2026-04-05T12:40:52.738Z,307.000,9,204.000,md4MdKOU6ZsQ//g0,209.000,MY8Sv42aXxDpCjC4,228.000,OY9eVeUW8tGGPJFe,230.000,SayB0+Vq1qyZnTIu,247.000,zyQbLrDbnVAAyE0h,306.000,Fw2XlLSvhDCRIl7z,314.000,TiCg1GW9IStcOras,311.000,q5GVJKHvqVwABnDf,523.000,BjjWVd8h3JWMBrnK,,
6,72,2026-04-05T12:40:53.045Z,269.000,9,163.000,SayB0+Vq1qyZnTIu,164.000,q5GVJKHvqVwABnDf,206.000,md4MdKOU6ZsQ//g0,211.000,MY8Sv42aXxDpCjC4,248.000,Fw2XlLSvhDCRIl7z,275.000,TiCg1GW9IStcOras,274.000,OY9eVeUW8tGGPJFe,272.000,zyQbLrDbnVAAyE0h,290.000,BjjWVd8h3JWMBrnK,,
6,73,2026-04-05T12:40:53.314Z,248.000,9,150.000,zyQbLrDbnVAAyE0h,151.000,OY9eVeUW8tGGPJFe,152.000,md4MdKOU6ZsQ//g0,214.000,SayB0+Vq1qyZnTIu,215.000,Fw2XlLSvhDCRIl7z,215.000,MY8Sv42aXxDpCjC4,257.000,q5GVJKHvqVwABnDf,255.000,TiCg1GW9IStcOras,261.000,BjjWVd8h3JWMBrnK,,
6,74,2026-04-05T12:40:53.562Z,266.000,9,164.000,SayB0+Vq1qyZnTIu,169.000,OY9eVeUW8tGGPJFe,176.000,q5GVJKHvqVwABnDf,208.000,MY8Sv42aXxDpCjC4,211.000,md4MdKOU6ZsQ//g0,264.000,Fw2XlLSvhDCRIl7z,269.000,BjjWVd8h3JWMBrnK,270.000,TiCg1GW9IStcOras,269.000,zyQbLrDbnVAAyE0h,,
6,75,2026-04-05T12:40:53.828Z,251.000,9,154.000,MY8Sv42aXxDpCjC4,156.000,md4MdKOU6ZsQ//g0,162.000,OY9eVeUW8tGGPJFe,201.000,SayB0+Vq1qyZnTIu,202.000,Fw2XlLSvhDCRIl7z,250.000,TiCg1GW9IStcOras,251.000,zyQbLrDbnVAAyE0h,263.000,BjjWVd8h3JWMBrnK,265.000,q5GVJKHvqVwABnDf,,
6,76,2026-04-05T12:40:54.079Z,269.000,9,198.000,SayB0+Vq1qyZnTIu,202.000,MY8Sv42aXxDpCjC4,214.000,md4MdKOU6ZsQ//g0,252.000,q5GVJKHvqVwABnDf,316.000,OY9eVeUW8tGGPJFe,302.000,zyQbLrDbnVAAyE0h,303.000,Fw2XlLSvhDCRIl7z,304.000,TiCg1GW9IStcOras,280.000,BjjWVd8h3JWMBrnK,,
6,77,2026-04-05T12:40:54.348Z,252.000,9,169.000,MY8Sv42aXxDpCjC4,207.000,SayB0+Vq1qyZnTIu,208.000,md4MdKOU6ZsQ//g0,243.000,TiCg1GW9IStcOras,244.000,Fw2XlLSvhDCRIl7z,278.000,q5GVJKHvqVwABnDf,274.000,zyQbLrDbnVAAyE0h,272.000,OY9eVeUW8tGGPJFe,277.000,BjjWVd8h3JWMBrnK,,
6,78,2026-04-05T12:40:54.600Z,218.000,9,166.000,zyQbLrDbnVAAyE0h,180.000,SayB0+Vq1qyZnTIu,213.000,TiCg1GW9IStcOras,214.000,BjjWVd8h3JWMBrnK,215.000,MY8Sv42aXxDpCjC4,216.000,OY9eVeUW8tGGPJFe,218.000,md4MdKOU6ZsQ//g0,241.000,q5GVJKHvqVwABnDf,287.000,Fw2XlLSvhDCRIl7z,,
6,79,2026-04-05T12:40:54.818Z,287.000,9,196.000,BjjWVd8h3JWMBrnK,210.000,md4MdKOU6ZsQ//g0,214.000,MY8Sv42aXxDpCjC4,227.000,q5GVJKHvqVwABnDf,241.000,SayB0+Vq1qyZnTIu,286.000,Fw2XlLSvhDCRIl7z,287.000,TiCg1GW9IStcOras,306.000,OY9eVeUW8tGGPJFe,299.000,zyQbLrDbnVAAyE0h,,
6,80,2026-04-05T12:40:55.105Z,248.000,9,171.000,OY9eVeUW8tGGPJFe,202.000,SayB0+Vq1qyZnTIu,203.000,TiCg1GW9IStcOras,204.000,MY8Sv42aXxDpCjC4,212.000,md4MdKOU6ZsQ//g0,218.000,zyQbLrDbnVAAyE0h,247.000,q5GVJKHvqVwABnDf,411.000,Fw2XlLSvhDCRIl7z,514.000,BjjWVd8h3JWMBrnK,,
6,81,2026-04-05T12:40:55.353Z,264.000,9,179.000,md4MdKOU6ZsQ//g0,180.000,BjjWVd8h3JWMBrnK,182.000,SayB0+Vq1qyZnTIu,187.000,q5GVJKHvqVwABnDf,228.000,MY8Sv42aXxDpCjC4,263.000,TiCg1GW9IStcOras,264.000,Fw2XlLSvhDCRIl7z,276.000,zyQbLrDbnVAAyE0h,287.000,OY9eVeUW8tGGPJFe,,
6,82,2026-04-05T12:40:55.617Z,229.000,9,205.000,MY8Sv42aXxDpCjC4,208.000,SayB0+Vq1qyZnTIu,211.000,md4MdKOU6ZsQ//g0,218.000,zyQbLrDbnVAAyE0h,222.000,BjjWVd8h3JWMBrnK,310.000,TiCg1GW9IStcOras,253.000,q5GVJKHvqVwABnDf,275.000,OY9eVeUW8tGGPJFe,308.000,Fw2XlLSvhDCRIl7z,,
6,83,2026-04-05T12:40:55.846Z,290.000,9,194.000,md4MdKOU6ZsQ//g0,199.000,MY8Sv42aXxDpCjC4,216.000,q5GVJKHvqVwABnDf,250.000,SayB0+Vq1qyZnTIu,283.000,Fw2XlLSvhDCRIl7z,284.000,TiCg1GW9IStcOras,307.000,OY9eVeUW8tGGPJFe,298.000,zyQbLrDbnVAAyE0h,303.000,BjjWVd8h3JWMBrnK,,
6,84,2026-04-05T12:40:56.136Z,323.000,9,319.000,MY8Sv42aXxDpCjC4,320.000,md4MdKOU6ZsQ//g0,321.000,SayB0+Vq1qyZnTIu,321.000,zyQbLrDbnVAAyE0h,322.000,BjjWVd8h3JWMBrnK,322.000,q5GVJKHvqVwABnDf,323.000,Fw2XlLSvhDCRIl7z,324.000,TiCg1GW9IStcOras,326.000,OY9eVeUW8tGGPJFe,,
6,85,2026-04-05T12:40:56.459Z,199.000,8,188.000,OY9eVeUW8tGGPJFe,192.000,SayB0+Vq1qyZnTIu,194.000,BjjWVd8h3JWMBrnK,195.000,zyQbLrDbnVAAyE0h,196.000,TiCg1GW9IStcOras,198.000,Fw2XlLSvhDCRIl7z,199.000,q5GVJKHvqVwABnDf,223.000,md4MdKOU6ZsQ//g0,,,,
6,86,2026-04-05T12:40:56.658Z,304.000,9,203.000,MY8Sv42aXxDpCjC4,241.000,md4MdKOU6ZsQ//g0,260.000,BjjWVd8h3JWMBrnK,261.000,SayB0+Vq1qyZnTIu,298.000,OY9eVeUW8tGGPJFe,351.000,zyQbLrDbnVAAyE0h,364.000,q5GVJKHvqVwABnDf,308.000,Fw2XlLSvhDCRIl7z,306.000,TiCg1GW9IStcOras,,
6,87,2026-04-05T12:40:56.962Z,272.000,9,183.000,MY8Sv42aXxDpCjC4,202.000,SayB0+Vq1qyZnTIu,206.000,md4MdKOU6ZsQ//g0,226.000,Fw2XlLSvhDCRIl7z,265.000,BjjWVd8h3JWMBrnK,302.000,OY9eVeUW8tGGPJFe,286.000,q5GVJKHvqVwABnDf,310.000,TiCg1GW9IStcOras,291.000,zyQbLrDbnVAAyE0h,,
6,88,2026-04-05T12:40:57.234Z,273.000,9,197.000,md4MdKOU6ZsQ//g0,219.000,MY8Sv42aXxDpCjC4,235.000,OY9eVeUW8tGGPJFe,237.000,SayB0+Vq1qyZnTIu,246.000,TiCg1GW9IStcOras,326.000,zyQbLrDbnVAAyE0h,281.000,Fw2XlLSvhDCRIl7z,301.000,BjjWVd8h3JWMBrnK,321.000,q5GVJKHvqVwABnDf,,
6,89,2026-04-05T12:40:57.507Z,274.000,9,177.000,md4MdKOU6ZsQ//g0,177.000,SayB0+Vq1qyZnTIu,178.000,MY8Sv42aXxDpCjC4,183.000,TiCg1GW9IStcOras,234.000,BjjWVd8h3JWMBrnK,268.000,zyQbLrDbnVAAyE0h,274.000,OY9eVeUW8tGGPJFe,287.000,Fw2XlLSvhDCRIl7z,525.000,q5GVJKHvqVwABnDf,,
6,90,2026-04-05T12:40:57.781Z,305.000,9,201.000,MY8Sv42aXxDpCjC4,209.000,md4MdKOU6ZsQ//g0,211.000,SayB0+Vq1qyZnTIu,261.000,TiCg1GW9IStcOras,269.000,BjjWVd8h3JWMBrnK,303.000,Fw2XlLSvhDCRIl7z,305.000,zyQbLrDbnVAAyE0h,307.000,q5GVJKHvqVwABnDf,308.000,OY9eVeUW8tGGPJFe,,
6,91,2026-04-05T12:40:58.086Z,265.000,9,170.000,BjjWVd8h3JWMBrnK,207.000,md4MdKOU6ZsQ//g0,208.000,MY8Sv42aXxDpCjC4,210.000,SayB0+Vq1qyZnTIu,243.000,q5GVJKHvqVwABnDf,247.000,Fw2XlLSvhDCRIl7z,265.000,TiCg1GW9IStcOras,310.000,OY9eVeUW8tGGPJFe,312.000,zyQbLrDbnVAAyE0h,,
6,92,2026-04-05T12:40:58.351Z,300.000,9,195.000,SayB0+Vq1qyZnTIu,205.000,MY8Sv42aXxDpCjC4,216.000,md4MdKOU6ZsQ//g0,254.000,BjjWVd8h3JWMBrnK,293.000,Fw2XlLSvhDCRIl7z,302.000,zyQbLrDbnVAAyE0h,343.000,q5GVJKHvqVwABnDf,307.000,TiCg1GW9IStcOras,304.000,OY9eVeUW8tGGPJFe,,
6,93,2026-04-05T12:40:58.651Z,261.000,9,164.000,OY9eVeUW8tGGPJFe,172.000,md4MdKOU6ZsQ//g0,199.000,MY8Sv42aXxDpCjC4,200.000,SayB0+Vq1qyZnTIu,242.000,zyQbLrDbnVAAyE0h,259.000,BjjWVd8h3JWMBrnK,261.000,q5GVJKHvqVwABnDf,275.000,Fw2XlLSvhDCRIl7z,276.000,TiCg1GW9IStcOras,,
6,94,2026-04-05T12:40:58.912Z,263.000,9,168.000,BjjWVd8h3JWMBrnK,203.000,MY8Sv42aXxDpCjC4,204.000,SayB0+Vq1qyZnTIu,210.000,OY9eVeUW8tGGPJFe,213.000,md4MdKOU6ZsQ//g0,247.000,Fw2XlLSvhDCRIl7z,263.000,TiCg1GW9IStcOras,289.000,zyQbLrDbnVAAyE0h,309.000,q5GVJKHvqVwABnDf,,
6,95,2026-04-05T12:40:59.175Z,257.000,9,161.000,md4MdKOU6ZsQ//g0,190.000,TiCg1GW9IStcOras,192.000,SayB0+Vq1qyZnTIu,192.000,MY8Sv42aXxDpCjC4,250.000,BjjWVd8h3JWMBrnK,284.000,q5GVJKHvqVwABnDf,282.000,Fw2XlLSvhDCRIl7z,279.000,OY9eVeUW8tGGPJFe,281.000,zyQbLrDbnVAAyE0h,,
6,96,2026-04-05T12:40:59.432Z,260.000,9,179.000,MY8Sv42aXxDpCjC4,203.000,md4MdKOU6ZsQ//g0,213.000,SayB0+Vq1qyZnTIu,241.000,Fw2XlLSvhDCRIl7z,242.000,q5GVJKHvqVwABnDf,246.000,OY9eVeUW8tGGPJFe,259.000,TiCg1GW9IStcOras,287.000,BjjWVd8h3JWMBrnK,282.000,zyQbLrDbnVAAyE0h,,
6,97,2026-04-05T12:40:59.692Z,257.000,9,186.000,MY8Sv42aXxDpCjC4,191.000,SayB0+Vq1qyZnTIu,192.000,OY9eVeUW8tGGPJFe,201.000,md4MdKOU6ZsQ//g0,203.000,TiCg1GW9IStcOras,250.000,BjjWVd8h3JWMBrnK,302.000,zyQbLrDbnVAAyE0h,290.000,Fw2XlLSvhDCRIl7z,399.000,q5GVJKHvqVwABnDf,,
6,98,2026-04-05T12:40:59.949Z,280.000,9,175.000,MY8Sv42aXxDpCjC4,204.000,md4MdKOU6ZsQ//g0,238.000,SayB0+Vq1qyZnTIu,239.000,Fw2XlLSvhDCRIl7z,253.000,TiCg1GW9IStcOras,277.000,zyQbLrDbnVAAyE0h,279.000,OY9eVeUW8tGGPJFe,281.000,q5GVJKHvqVwABnDf,312.000,BjjWVd8h3JWMBrnK,,
6,99,2026-04-05T12:41:00.229Z,325.000,9,150.000,md4MdKOU6ZsQ//g0,178.000,TiCg1GW9IStcOras,184.000,BjjWVd8h3JWMBrnK,185.000,SayB0+Vq1qyZnTIu,200.000,MY8Sv42aXxDpCjC4,204.000,OY9eVeUW8tGGPJFe,331.000,zyQbLrDbnVAAyE0h,328.000,Fw2XlLSvhDCRIl7z,329.000,q5GVJKHvqVwABnDf,,
6,100,2026-04-05T12:41:00.554Z,188.000,9,66.000,TiCg1GW9IStcOras,113.000,q5GVJKHvqVwABnDf,114.000,md4MdKOU6ZsQ//g0,133.000,SayB0+Vq1qyZnTIu,154.000,zyQbLrDbnVAAyE0h,167.000,MY8Sv42aXxDpCjC4,242.000,BjjWVd8h3JWMBrnK,238.000,Fw2XlLSvhDCRIl7z,240.000,OY9eVeUW8tGGPJFe,,
6,101,2026-04-05T12:41:00.742Z,347.000,9,233.000,md4MdKOU6ZsQ//g0,234.000,MY8Sv42aXxDpCjC4,236.000,SayB0+Vq1qyZnTIu,276.000,q5GVJKHvqVwABnDf,351.000,BjjWVd8h3JWMBrnK,355.000,Fw2XlLSvhDCRIl7z,350.000,TiCg1GW9IStcOras,356.000,zyQbLrDbnVAAyE0h,353.000,OY9eVeUW8tGGPJFe,,
6,102,2026-04-05T12:41:01.089Z,152.000,9,101.000,zyQbLrDbnVAAyE0h,127.000,BjjWVd8h3JWMBrnK,146.000,OY9eVeUW8tGGPJFe,148.000,Fw2XlLSvhDCRIl7z,149.000,q5GVJKHvqVwABnDf,150.000,md4MdKOU6ZsQ//g0,152.000,SayB0+Vq1qyZnTIu,168.000,MY8Sv42aXxDpCjC4,245.000,TiCg1GW9IStcOras,,
6,103,2026-04-05T12:41:01.241Z,357.000,9,221.000,MY8Sv42aXxDpCjC4,264.000,md4MdKOU6ZsQ//g0,267.000,SayB0+Vq1qyZnTIu,302.000,BjjWVd8h3JWMBrnK,303.000,TiCg1GW9IStcOras,318.000,OY9eVeUW8tGGPJFe,323.000,Fw2XlLSvhDCRIl7z,357.000,zyQbLrDbnVAAyE0h,358.000,q5GVJKHvqVwABnDf,,
6,104,2026-04-05T12:41:01.598Z,173.000,9,142.000,MY8Sv42aXxDpCjC4,142.000,md4MdKOU6ZsQ//g0,143.000,TiCg1GW9IStcOras,151.000,BjjWVd8h3JWMBrnK,166.000,OY9eVeUW8tGGPJFe,172.000,SayB0+Vq1qyZnTIu,172.000,Fw2XlLSvhDCRIl7z,243.000,q5GVJKHvqVwABnDf,226.000,zyQbLrDbnVAAyE0h,,
6,105,2026-04-05T12:41:01.771Z,285.000,9,198.000,MY8Sv42aXxDpCjC4,252.000,SayB0+Vq1qyZnTIu,256.000,zyQbLrDbnVAAyE0h,267.000,md4MdKOU6ZsQ//g0,275.000,q5GVJKHvqVwABnDf,284.000,TiCg1GW9IStcOras,299.000,OY9eVeUW8tGGPJFe,287.000,BjjWVd8h3JWMBrnK,356.000,Fw2XlLSvhDCRIl7z,,
6,106,2026-04-05T12:41:02.056Z,302.000,9,197.000,Fw2XlLSvhDCRIl7z,206.000,md4MdKOU6ZsQ//g0,207.000,MY8Sv42aXxDpCjC4,219.000,OY9eVeUW8tGGPJFe,232.000,SayB0+Vq1qyZnTIu,301.000,q5GVJKHvqVwABnDf,308.000,TiCg1GW9IStcOras,318.000,zyQbLrDbnVAAyE0h,309.000,BjjWVd8h3JWMBrnK,,
6,107,2026-04-05T12:41:02.358Z,282.000,9,196.000,SayB0+Vq1qyZnTIu,202.000,md4MdKOU6ZsQ//g0,206.000,MY8Sv42aXxDpCjC4,212.000,BjjWVd8h3JWMBrnK,306.000,TiCg1GW9IStcOras,307.000,q5GVJKHvqVwABnDf,306.000,OY9eVeUW8tGGPJFe,304.000,zyQbLrDbnVAAyE0h,305.000,Fw2XlLSvhDCRIl7z,,
6,108,2026-04-05T12:41:02.640Z,242.000,9,137.000,MY8Sv42aXxDpCjC4,160.000,OY9eVeUW8tGGPJFe,203.000,SayB0+Vq1qyZnTIu,223.000,md4MdKOU6ZsQ//g0,237.000,BjjWVd8h3JWMBrnK,239.000,TiCg1GW9IStcOras,242.000,q5GVJKHvqVwABnDf,364.000,Fw2XlLSvhDCRIl7z,374.000,zyQbLrDbnVAAyE0h,,
6,109,2026-04-05T12:41:02.882Z,229.000,9,186.000,zyQbLrDbnVAAyE0h,199.000,SayB0+Vq1qyZnTIu,202.000,BjjWVd8h3JWMBrnK,204.000,q5GVJKHvqVwABnDf,206.000,md4MdKOU6ZsQ//g0,215.000,TiCg1GW9IStcOras,229.000,Fw2XlLSvhDCRIl7z,306.000,OY9eVeUW8tGGPJFe,307.000,MY8Sv42aXxDpCjC4,,
6,110,2026-04-05T12:41:03.111Z,329.000,9,205.000,TiCg1GW9IStcOras,265.000,SayB0+Vq1qyZnTIu,277.000,md4MdKOU6ZsQ//g0,277.000,MY8Sv42aXxDpCjC4,308.000,OY9eVeUW8tGGPJFe,322.000,Fw2XlLSvhDCRIl7z,387.000,q5GVJKHvqVwABnDf,336.000,zyQbLrDbnVAAyE0h,380.000,BjjWVd8h3JWMBrnK,,
6,111,2026-04-05T12:41:03.440Z,290.000,9,186.000,TiCg1GW9IStcOras,197.000,SayB0+Vq1qyZnTIu,207.000,MY8Sv42aXxDpCjC4,255.000,md4MdKOU6ZsQ//g0,289.000,OY9eVeUW8tGGPJFe,316.000,zyQbLrDbnVAAyE0h,301.000,Fw2XlLSvhDCRIl7z,304.000,q5GVJKHvqVwABnDf,405.000,BjjWVd8h3JWMBrnK,,
6,112,2026-04-05T12:41:03.730Z,216.000,9,183.000,BjjWVd8h3JWMBrnK,184.000,md4MdKOU6ZsQ//g0,189.000,SayB0+Vq1qyZnTIu,203.000,MY8Sv42aXxDpCjC4,205.000,Fw2XlLSvhDCRIl7z,215.000,q5GVJKHvqVwABnDf,216.000,TiCg1GW9IStcOras,291.000,zyQbLrDbnVAAyE0h,290.000,OY9eVeUW8tGGPJFe,,
6,113,2026-04-05T12:41:03.946Z,310.000,9,208.000,MY8Sv42aXxDpCjC4,209.000,SayB0+Vq1qyZnTIu,268.000,md4MdKOU6ZsQ//g0,276.000,BjjWVd8h3JWMBrnK,295.000,OY9eVeUW8tGGPJFe,312.000,TiCg1GW9IStcOras,322.000,zyQbLrDbnVAAyE0h,314.000,q5GVJKHvqVwABnDf,316.000,Fw2XlLSvhDCRIl7z,,
6,114,2026-04-05T12:41:04.256Z,275.000,8,175.000,BjjWVd8h3JWMBrnK,185.000,OY9eVeUW8tGGPJFe,187.000,SayB0+Vq1qyZnTIu,193.000,Fw2XlLSvhDCRIl7z,202.000,TiCg1GW9IStcOras,205.000,MY8Sv42aXxDpCjC4,292.000,zyQbLrDbnVAAyE0h,292.000,q5GVJKHvqVwABnDf,,,,
6,115,2026-04-05T12:41:04.531Z,240.000,9,143.000,MY8Sv42aXxDpCjC4,147.000,md4MdKOU6ZsQ//g0,207.000,BjjWVd8h3JWMBrnK,220.000,SayB0+Vq1qyZnTIu,223.000,OY9eVeUW8tGGPJFe,237.000,Fw2XlLSvhDCRIl7z,240.000,TiCg1GW9IStcOras,246.000,q5GVJKHvqVwABnDf,413.000,zyQbLrDbnVAAyE0h,,
6,116,2026-04-05T12:41:04.771Z,282.000,9,189.000,SayB0+Vq1qyZnTIu,206.000,MY8Sv42aXxDpCjC4,227.000,md4MdKOU6ZsQ//g0,230.000,zyQbLrDbnVAAyE0h,289.000,OY9eVeUW8tGGPJFe,306.000,TiCg1GW9IStcOras,307.000,BjjWVd8h3JWMBrnK,312.000,q5GVJKHvqVwABnDf,314.000,Fw2XlLSvhDCRIl7z,,
6,117,2026-04-05T12:41:05.053Z,253.000,9,200.000,SayB0+Vq1qyZnTIu,208.000,MY8Sv42aXxDpCjC4,213.000,OY9eVeUW8tGGPJFe,215.000,md4MdKOU6ZsQ//g0,230.000,BjjWVd8h3JWMBrnK,248.000,Fw2XlLSvhDCRIl7z,314.000,TiCg1GW9IStcOras,265.000,zyQbLrDbnVAAyE0h,315.000,q5GVJKHvqVwABnDf,,
6,118,2026-04-05T12:41:05.306Z,271.000,9,191.000,md4MdKOU6ZsQ//g0,193.000,MY8Sv42aXxDpCjC4,194.000,SayB0+Vq1qyZnTIu,296.000,q5GVJKHvqVwABnDf,285.000,TiCg1GW9IStcOras,305.000,zyQbLrDbnVAAyE0h,291.000,BjjWVd8h3JWMBrnK,305.000,Fw2XlLSvhDCRIl7z,307.000,OY9eVeUW8tGGPJFe,,
6,119,2026-04-05T12:41:05.577Z,241.000,9,149.000,MY8Sv42aXxDpCjC4,196.000,SayB0+Vq1qyZnTIu,198.000,md4MdKOU6ZsQ//g0,223.000,TiCg1GW9IStcOras,224.000,BjjWVd8h3JWMBrnK,230.000,q5GVJKHvqVwABnDf,242.000,Fw2XlLSvhDCRIl7z,252.000,zyQbLrDbnVAAyE0h,303.000,OY9eVeUW8tGGPJFe,,
6,120,2026-04-05T12:41:05.818Z,268.000,9,197.000,BjjWVd8h3JWMBrnK,198.000,SayB0+Vq1qyZnTIu,200.000,md4MdKOU6ZsQ//g0,204.000,MY8Sv42aXxDpCjC4,299.000,q5GVJKHvqVwABnDf,307.000,OY9eVeUW8tGGPJFe,290.000,TiCg1GW9IStcOras,304.000,zyQbLrDbnVAAyE0h,308.000,Fw2XlLSvhDCRIl7z,,
6,121,2026-04-05T12:41:06.086Z,245.000,9,154.000,MY8Sv42aXxDpCjC4,201.000,SayB0+Vq1qyZnTIu,229.000,TiCg1GW9IStcOras,230.000,md4MdKOU6ZsQ//g0,237.000,BjjWVd8h3JWMBrnK,239.000,q5GVJKHvqVwABnDf,244.000,OY9eVeUW8tGGPJFe,247.000,Fw2XlLSvhDCRIl7z,258.000,zyQbLrDbnVAAyE0h,,
6,122,2026-04-05T12:41:06.331Z,270.000,9,201.000,BjjWVd8h3JWMBrnK,206.000,md4MdKOU6ZsQ//g0,206.000,MY8Sv42aXxDpCjC4,207.000,Fw2XlLSvhDCRIl7z,211.000,SayB0+Vq1qyZnTIu,301.000,q5GVJKHvqVwABnDf,293.000,TiCg1GW9IStcOras,309.000,OY9eVeUW8tGGPJFe,474.000,zyQbLrDbnVAAyE0h,,
6,123,2026-04-05T12:41:06.601Z,249.000,9,202.000,SayB0+Vq1qyZnTIu,228.000,TiCg1GW9IStcOras,232.000,MY8Sv42aXxDpCjC4,239.000,md4MdKOU6ZsQ//g0,249.000,OY9eVeUW8tGGPJFe,257.000,zyQbLrDbnVAAyE0h,309.000,q5GVJKHvqVwABnDf,250.000,Fw2XlLSvhDCRIl7z,310.000,BjjWVd8h3JWMBrnK,,
6,124,2026-04-05T12:41:06.850Z,271.000,9,200.000,TiCg1GW9IStcOras,201.000,md4MdKOU6ZsQ//g0,203.000,Fw2XlLSvhDCRIl7z,204.000,MY8Sv42aXxDpCjC4,207.000,SayB0+Vq1qyZnTIu,314.000,zyQbLrDbnVAAyE0h,294.000,q5GVJKHvqVwABnDf,305.000,OY9eVeUW8tGGPJFe,306.000,BjjWVd8h3JWMBrnK,,
6,125,2026-04-05T12:41:07.121Z,304.000,9,200.000,SayB0+Vq1qyZnTIu,228.000,MY8Sv42aXxDpCjC4,236.000,TiCg1GW9IStcOras,238.000,md4MdKOU6ZsQ//g0,251.000,zyQbLrDbnVAAyE0h,278.000,Fw2XlLSvhDCRIl7z,348.000,OY9eVeUW8tGGPJFe,307.000,q5GVJKHvqVwABnDf,308.000,BjjWVd8h3JWMBrnK,,
6,126,2026-04-05T12:41:07.425Z,214.000,8,149.000,MY8Sv42aXxDpCjC4,156.000,SayB0+Vq1qyZnTIu,179.000,Fw2XlLSvhDCRIl7z,248.000,BjjWVd8h3JWMBrnK,256.000,OY9eVeUW8tGGPJFe,247.000,TiCg1GW9IStcOras,238.000,q5GVJKHvqVwABnDf,252.000,zyQbLrDbnVAAyE0h,,,,
6,127,2026-04-05T12:41:07.639Z,248.000,9,142.000,md4MdKOU6ZsQ//g0,197.000,SayB0+Vq1qyZnTIu,228.000,MY8Sv42aXxDpCjC4,237.000,TiCg1GW9IStcOras,244.000,zyQbLrDbnVAAyE0h,254.000,Fw2XlLSvhDCRIl7z,256.000,BjjWVd8h3JWMBrnK,331.000,q5GVJKHvqVwABnDf,374.000,OY9eVeUW8tGGPJFe,,
6,128,2026-04-05T12:41:07.887Z,210.000,8,196.000,q5GVJKHvqVwABnDf,197.000,Fw2XlLSvhDCRIl7z,199.000,SayB0+Vq1qyZnTIu,200.000,TiCg1GW9IStcOras,201.000,BjjWVd8h3JWMBrnK,203.000,zyQbLrDbnVAAyE0h,210.000,md4MdKOU6ZsQ//g0,302.000,OY9eVeUW8tGGPJFe,,,,
6,129,2026-04-05T12:41:08.097Z,325.000,9,196.000,MY8Sv42aXxDpCjC4,208.000,md4MdKOU6ZsQ//g0,236.000,SayB0+Vq1qyZnTIu,238.000,Fw2XlLSvhDCRIl7z,295.000,q5GVJKHvqVwABnDf,296.000,TiCg1GW9IStcOras,325.000,zyQbLrDbnVAAyE0h,327.000,BjjWVd8h3JWMBrnK,328.000,OY9eVeUW8tGGPJFe,,
6,130,2026-04-05T12:41:08.422Z,278.000,9,174.000,MY8Sv42aXxDpCjC4,178.000,md4MdKOU6ZsQ//g0,181.000,SayB0+Vq1qyZnTIu,182.000,zyQbLrDbnVAAyE0h,211.000,OY9eVeUW8tGGPJFe,246.000,Fw2XlLSvhDCRIl7z,278.000,TiCg1GW9IStcOras,280.000,q5GVJKHvqVwABnDf,284.000,BjjWVd8h3JWMBrnK,,
6,131,2026-04-05T12:41:08.700Z,261.000,9,204.000,md4MdKOU6ZsQ//g0,207.000,MY8Sv42aXxDpCjC4,207.000,SayB0+Vq1qyZnTIu,237.000,zyQbLrDbnVAAyE0h,239.000,OY9eVeUW8tGGPJFe,313.000,BjjWVd8h3JWMBrnK,277.000,Fw2XlLSvhDCRIl7z,314.000,q5GVJKHvqVwABnDf,309.000,TiCg1GW9IStcOras,,
6,132,2026-04-05T12:41:08.961Z,286.000,9,182.000,zyQbLrDbnVAAyE0h,186.000,MY8Sv42aXxDpCjC4,189.000,SayB0+Vq1qyZnTIu,252.000,md4MdKOU6ZsQ//g0,255.000,TiCg1GW9IStcOras,259.000,q5GVJKHvqVwABnDf,286.000,BjjWVd8h3JWMBrnK,296.000,Fw2XlLSvhDCRIl7z,294.000,OY9eVeUW8tGGPJFe,,
6,133,2026-04-05T12:41:09.247Z,244.000,9,174.000,md4MdKOU6ZsQ//g0,178.000,MY8Sv42aXxDpCjC4,194.000,SayB0+Vq1qyZnTIu,203.000,zyQbLrDbnVAAyE0h,204.000,BjjWVd8h3JWMBrnK,207.000,OY9eVeUW8tGGPJFe,244.000,Fw2XlLSvhDCRIl7z,279.000,TiCg1GW9IStcOras,281.000,q5GVJKHvqVwABnDf,,
6,134,2026-04-05T12:41:09.491Z,237.000,9,164.000,BjjWVd8h3JWMBrnK,171.000,SayB0+Vq1qyZnTIu,181.000,MY8Sv42aXxDpCjC4,183.000,Fw2XlLSvhDCRIl7z,235.000,md4MdKOU6ZsQ//g0,269.000,zyQbLrDbnVAAyE0h,278.000,q5GVJKHvqVwABnDf,239.000,TiCg1GW9IStcOras,274.000,OY9eVeUW8tGGPJFe,,
6,135,2026-04-05T12:41:09.728Z,307.000,9,204.000,md4MdKOU6ZsQ//g0,236.000,MY8Sv42aXxDpCjC4,242.000,SayB0+Vq1qyZnTIu,244.000,OY9eVeUW8tGGPJFe,256.000,q5GVJKHvqVwABnDf,292.000,Fw2XlLSvhDCRIl7z,315.000,BjjWVd8h3JWMBrnK,309.000,TiCg1GW9IStcOras,326.000,zyQbLrDbnVAAyE0h,,
6,136,2026-04-05T12:41:10.035Z,208.000,8,142.000,BjjWVd8h3JWMBrnK,143.000,SayB0+Vq1qyZnTIu,148.000,zyQbLrDbnVAAyE0h,155.000,q5GVJKHvqVwABnDf,191.000,Fw2XlLSvhDCRIl7z,202.000,md4MdKOU6ZsQ//g0,208.000,TiCg1GW9IStcOras,246.000,OY9eVeUW8tGGPJFe,,,,
6,137,2026-04-05T12:41:10.243Z,245.000,9,202.000,md4MdKOU6ZsQ//g0,213.000,MY8Sv42aXxDpCjC4,228.000,Fw2XlLSvhDCRIl7z,231.000,SayB0+Vq1qyZnTIu,240.000,OY9eVeUW8tGGPJFe,242.000,BjjWVd8h3JWMBrnK,308.000,TiCg1GW9IStcOras,254.000,q5GVJKHvqVwABnDf,250.000,zyQbLrDbnVAAyE0h,,
6,138,2026-04-05T12:41:10.488Z,269.000,9,202.000,MY8Sv42aXxDpCjC4,206.000,md4MdKOU6ZsQ//g0,211.000,zyQbLrDbnVAAyE0h,215.000,q5GVJKHvqVwABnDf,224.000,SayB0+Vq1qyZnTIu,233.000,Fw2XlLSvhDCRIl7z,269.000,TiCg1GW9IStcOras,308.000,BjjWVd8h3JWMBrnK,305.000,OY9eVeUW8tGGPJFe,,
6,139,2026-04-05T12:41:10.757Z,253.000,9,204.000,md4MdKOU6ZsQ//g0,205.000,MY8Sv42aXxDpCjC4,217.000,SayB0+Vq1qyZnTIu,242.000,OY9eVeUW8tGGPJFe,244.000,BjjWVd8h3JWMBrnK,251.000,zyQbLrDbnVAAyE0h,263.000,q5GVJKHvqVwABnDf,308.000,TiCg1GW9IStcOras,272.000,Fw2XlLSvhDCRIl7z,,
6,140,2026-04-05T12:41:11.010Z,299.000,9,199.000,SayB0+Vq1qyZnTIu,201.000,MY8Sv42aXxDpCjC4,204.000,zyQbLrDbnVAAyE0h,215.000,q5GVJKHvqVwABnDf,225.000,Fw2XlLSvhDCRIl7z,228.000,md4MdKOU6ZsQ//g0,299.000,OY9eVeUW8tGGPJFe,299.000,BjjWVd8h3JWMBrnK,312.000,TiCg1GW9IStcOras,,
6,141,2026-04-05T12:41:11.309Z,289.000,9,172.000,TiCg1GW9IStcOras,180.000,md4MdKOU6ZsQ//g0,286.000,OY9eVeUW8tGGPJFe,286.000,MY8Sv42aXxDpCjC4,287.000,SayB0+Vq1qyZnTIu,292.000,Fw2XlLSvhDCRIl7z,289.000,BjjWVd8h3JWMBrnK,293.000,zyQbLrDbnVAAyE0h,292.000,q5GVJKHvqVwABnDf,,
6,142,2026-04-05T12:41:11.598Z,199.000,8,125.000,SayB0+Vq1qyZnTIu,135.000,md4MdKOU6ZsQ//g0,141.000,zyQbLrDbnVAAyE0h,144.000,BjjWVd8h3JWMBrnK,149.000,Fw2XlLSvhDCRIl7z,152.000,q5GVJKHvqVwABnDf,199.000,TiCg1GW9IStcOras,228.000,OY9eVeUW8tGGPJFe,,,,
6,143,2026-04-05T12:41:11.797Z,260.000,9,157.000,MY8Sv42aXxDpCjC4,207.000,md4MdKOU6ZsQ//g0,224.000,SayB0+Vq1qyZnTIu,235.000,OY9eVeUW8tGGPJFe,252.000,zyQbLrDbnVAAyE0h,259.000,Fw2XlLSvhDCRIl7z,260.000,q5GVJKHvqVwABnDf,307.000,TiCg1GW9IStcOras,296.000,BjjWVd8h3JWMBrnK,,
6,144,2026-04-05T12:41:12.057Z,285.000,9,185.000,SayB0+Vq1qyZnTIu,195.000,Fw2XlLSvhDCRIl7z,197.000,zyQbLrDbnVAAyE0h,239.000,MY8Sv42aXxDpCjC4,253.000,md4MdKOU6ZsQ//g0,255.000,TiCg1GW9IStcOras,285.000,OY9eVeUW8tGGPJFe,316.000,BjjWVd8h3JWMBrnK,310.000,q5GVJKHvqVwABnDf,,
6,145,2026-04-05T12:41:12.342Z,248.000,9,128.000,Fw2XlLSvhDCRIl7z,129.000,zyQbLrDbnVAAyE0h,178.000,md4MdKOU6ZsQ//g0,204.000,MY8Sv42aXxDpCjC4,208.000,SayB0+Vq1qyZnTIu,232.000,q5GVJKHvqVwABnDf,276.000,BjjWVd8h3JWMBrnK,277.000,TiCg1GW9IStcOras,284.000,OY9eVeUW8tGGPJFe,,
6,146,2026-04-05T12:41:12.590Z,242.000,9,173.000,TiCg1GW9IStcOras,191.000,SayB0+Vq1qyZnTIu,191.000,MY8Sv42aXxDpCjC4,193.000,md4MdKOU6ZsQ//g0,233.000,BjjWVd8h3JWMBrnK,265.000,OY9eVeUW8tGGPJFe,294.000,Fw2XlLSvhDCRIl7z,292.000,zyQbLrDbnVAAyE0h,293.000,q5GVJKHvqVwABnDf,,
6,147,2026-04-05T12:41:12.832Z,270.000,9,155.000,MY8Sv42aXxDpCjC4,200.000,md4MdKOU6ZsQ//g0,231.000,OY9eVeUW8tGGPJFe,232.000,SayB0+Vq1qyZnTIu,255.000,zyQbLrDbnVAAyE0h,256.000,q5GVJKHvqVwABnDf,270.000,Fw2XlLSvhDCRIl7z,299.000,BjjWVd8h3JWMBrnK,304.000,TiCg1GW9IStcOras,,
6,148,2026-04-05T12:41:13.102Z,296.000,9,193.000,MY8Sv42aXxDpCjC4,197.000,md4MdKOU6ZsQ//g0,218.000,SayB0+Vq1qyZnTIu,238.000,TiCg1GW9IStcOras,268.000,OY9eVeUW8tGGPJFe,293.000,zyQbLrDbnVAAyE0h,297.000,q5GVJKHvqVwABnDf,337.000,BjjWVd8h3JWMBrnK,443.000,Fw2XlLSvhDCRIl7z,,
6,149,2026-04-05T12:41:13.398Z,250.000,8,203.000,SayB0+Vq1qyZnTIu,203.000,zyQbLrDbnVAAyE0h,205.000,md4MdKOU6ZsQ//g0,205.000,MY8Sv42aXxDpCjC4,246.000,BjjWVd8h3JWMBrnK,290.000,TiCg1GW9IStcOras,282.000,OY9eVeUW8tGGPJFe,308.000,q5GVJKHvqVwABnDf,,,,
6,150,2026-04-05T12:41:13.648Z,284.000,9,188.000,md4MdKOU6ZsQ//g0,205.000,MY8Sv42aXxDpCjC4,209.000,SayB0+Vq1qyZnTIu,238.000,OY9eVeUW8tGGPJFe,246.000,TiCg1GW9IStcOras,263.000,q5GVJKHvqVwABnDf,305.000,BjjWVd8h3JWMBrnK,297.000,zyQbLrDbnVAAyE0h,307.000,Fw2XlLSvhDCRIl7z,,
6,151,2026-04-05T12:41:13.932Z,375.000,9,164.000,SayB0+Vq1qyZnTIu,184.000,q5GVJKHvqVwABnDf,227.000,MY8Sv42aXxDpCjC4,229.000,md4MdKOU6ZsQ//g0,371.000,Fw2XlLSvhDCRIl7z,384.000,OY9eVeUW8tGGPJFe,383.000,TiCg1GW9IStcOras,376.000,zyQbLrDbnVAAyE0h,377.000,BjjWVd8h3JWMBrnK,,
6,152,2026-04-05T12:41:14.307Z,169.000,9,61.000,md4MdKOU6ZsQ//g0,79.000,SayB0+Vq1qyZnTIu,97.000,OY9eVeUW8tGGPJFe,98.000,q5GVJKHvqVwABnDf,120.000,zyQbLrDbnVAAyE0h,174.000,BjjWVd8h3JWMBrnK,173.000,Fw2XlLSvhDCRIl7z,171.000,TiCg1GW9IStcOras,198.000,MY8Sv42aXxDpCjC4,,
6,153,2026-04-05T12:41:14.476Z,242.000,9,193.000,SayB0+Vq1qyZnTIu,194.000,q5GVJKHvqVwABnDf,199.000,md4MdKOU6ZsQ//g0,202.000,OY9eVeUW8tGGPJFe,237.000,MY8Sv42aXxDpCjC4,302.000,TiCg1GW9IStcOras,303.000,Fw2XlLSvhDCRIl7z,404.000,zyQbLrDbnVAAyE0h,506.000,BjjWVd8h3JWMBrnK,,
6,154,2026-04-05T12:41:14.718Z,270.000,9,172.000,md4MdKOU6ZsQ//g0,181.000,SayB0+Vq1qyZnTIu,190.000,OY9eVeUW8tGGPJFe,203.000,MY8Sv42aXxDpCjC4,292.000,BjjWVd8h3JWMBrnK,294.000,q5GVJKHvqVwABnDf,291.000,Fw2XlLSvhDCRIl7z,288.000,zyQbLrDbnVAAyE0h,290.000,TiCg1GW9IStcOras,,
6,155,2026-04-05T12:41:14.988Z,207.000,8,144.000,MY8Sv42aXxDpCjC4,167.000,SayB0+Vq1qyZnTIu,245.000,q5GVJKHvqVwABnDf,244.000,zyQbLrDbnVAAyE0h,247.000,BjjWVd8h3JWMBrnK,251.000,Fw2XlLSvhDCRIl7z,255.000,OY9eVeUW8tGGPJFe,248.000,TiCg1GW9IStcOras,,,,
6,156,2026-04-05T12:41:15.195Z,248.000,9,198.000,SayB0+Vq1qyZnTIu,200.000,md4MdKOU6ZsQ//g0,239.000,MY8Sv42aXxDpCjC4,240.000,zyQbLrDbnVAAyE0h,245.000,q5GVJKHvqVwABnDf,246.000,BjjWVd8h3JWMBrnK,247.000,TiCg1GW9IStcOras,251.000,Fw2XlLSvhDCRIl7z,286.000,OY9eVeUW8tGGPJFe,,
6,157,2026-04-05T12:41:15.443Z,272.000,9,167.000,md4MdKOU6ZsQ//g0,197.000,SayB0+Vq1qyZnTIu,201.000,q5GVJKHvqVwABnDf,205.000,MY8Sv42aXxDpCjC4,243.000,OY9eVeUW8tGGPJFe,304.000,BjjWVd8h3JWMBrnK,308.000,TiCg1GW9IStcOras,305.000,Fw2XlLSvhDCRIl7z,301.000,zyQbLrDbnVAAyE0h,,
6,158,2026-04-05T12:41:15.715Z,278.000,9,175.000,MY8Sv42aXxDpCjC4,197.000,md4MdKOU6ZsQ//g0,213.000,SayB0+Vq1qyZnTIu,241.000,BjjWVd8h3JWMBrnK,243.000,zyQbLrDbnVAAyE0h,245.000,TiCg1GW9IStcOras,277.000,q5GVJKHvqVwABnDf,279.000,Fw2XlLSvhDCRIl7z,283.000,OY9eVeUW8tGGPJFe,,
6,159,2026-04-05T12:41:15.993Z,241.000,9,159.000,md4MdKOU6ZsQ//g0,161.000,SayB0+Vq1qyZnTIu,168.000,MY8Sv42aXxDpCjC4,171.000,zyQbLrDbnVAAyE0h,204.000,q5GVJKHvqVwABnDf,209.000,Fw2XlLSvhDCRIl7z,265.000,BjjWVd8h3JWMBrnK,267.000,TiCg1GW9IStcOras,249.000,OY9eVeUW8tGGPJFe,,
6,160,2026-04-05T12:41:16.234Z,241.000,9,169.000,MY8Sv42aXxDpCjC4,172.000,Fw2XlLSvhDCRIl7z,190.000,md4MdKOU6ZsQ//g0,209.000,SayB0+Vq1qyZnTIu,234.000,BjjWVd8h3JWMBrnK,239.000,zyQbLrDbnVAAyE0h,241.000,TiCg1GW9IStcOras,271.000,q5GVJKHvqVwABnDf,281.000,OY9eVeUW8tGGPJFe,,
6,161,2026-04-05T12:41:16.475Z,270.000,9,194.000,SayB0+Vq1qyZnTIu,202.000,md4MdKOU6ZsQ//g0,203.000,MY8Sv42aXxDpCjC4,204.000,TiCg1GW9IStcOras,234.000,q5GVJKHvqVwABnDf,239.000,Fw2XlLSvhDCRIl7z,301.000,BjjWVd8h3JWMBrnK,282.000,OY9eVeUW8tGGPJFe,300.000,zyQbLrDbnVAAyE0h,,
6,162,2026-04-05T12:41:16.745Z,278.000,9,175.000,MY8Sv42aXxDpCjC4,194.000,md4MdKOU6ZsQ//g0,196.000,SayB0+Vq1qyZnTIu,236.000,BjjWVd8h3JWMBrnK,240.000,zyQbLrDbnVAAyE0h,243.000,TiCg1GW9IStcOras,278.000,q5GVJKHvqVwABnDf,280.000,Fw2XlLSvhDCRIl7z,285.000,OY9eVeUW8tGGPJFe,,
6,163,2026-04-05T12:41:17.023Z,263.000,9,164.000,SayB0+Vq1qyZnTIu,168.000,MY8Sv42aXxDpCjC4,170.000,TiCg1GW9IStcOras,174.000,md4MdKOU6ZsQ//g0,207.000,q5GVJKHvqVwABnDf,208.000,Fw2XlLSvhDCRIl7z,267.000,BjjWVd8h3JWMBrnK,271.000,zyQbLrDbnVAAyE0h,269.000,OY9eVeUW8tGGPJFe,,
6,164,2026-04-05T12:41:17.286Z,252.000,9,150.000,MY8Sv42aXxDpCjC4,157.000,md4MdKOU6ZsQ//g0,179.000,SayB0+Vq1qyZnTIu,213.000,zyQbLrDbnVAAyE0h,215.000,OY9eVeUW8tGGPJFe,217.000,TiCg1GW9IStcOras,252.000,q5GVJKHvqVwABnDf,257.000,Fw2XlLSvhDCRIl7z,259.000,BjjWVd8h3JWMBrnK,,
6,165,2026-04-05T12:41:17.538Z,231.000,9,159.000,SayB0+Vq1qyZnTIu,169.000,MY8Sv42aXxDpCjC4,172.000,md4MdKOU6ZsQ//g0,207.000,q5GVJKHvqVwABnDf,210.000,Fw2XlLSvhDCRIl7z,265.000,OY9eVeUW8tGGPJFe,272.000,zyQbLrDbnVAAyE0h,265.000,BjjWVd8h3JWMBrnK,269.000,TiCg1GW9IStcOras,,
6,166,2026-04-05T12:41:17.769Z,250.000,9,180.000,MY8Sv42aXxDpCjC4,184.000,md4MdKOU6ZsQ//g0,238.000,SayB0+Vq1qyZnTIu,239.000,BjjWVd8h3JWMBrnK,247.000,OY9eVeUW8tGGPJFe,248.000,zyQbLrDbnVAAyE0h,250.000,TiCg1GW9IStcOras,284.000,q5GVJKHvqVwABnDf,287.000,Fw2XlLSvhDCRIl7z,,
6,167,2026-04-05T12:41:18.019Z,262.000,9,200.000,TiCg1GW9IStcOras,205.000,MY8Sv42aXxDpCjC4,207.000,md4MdKOU6ZsQ//g0,213.000,SayB0+Vq1qyZnTIu,241.000,q5GVJKHvqVwABnDf,247.000,Fw2XlLSvhDCRIl7z,298.000,BjjWVd8h3JWMBrnK,306.000,OY9eVeUW8tGGPJFe,307.000,zyQbLrDbnVAAyE0h,,
6,168,2026-04-05T12:41:18.281Z,259.000,9,184.000,MY8Sv42aXxDpCjC4,189.000,md4MdKOU6ZsQ//g0,190.000,Fw2XlLSvhDCRIl7z,213.000,SayB0+Vq1qyZnTIu,250.000,OY9eVeUW8tGGPJFe,254.000,zyQbLrDbnVAAyE0h,259.000,TiCg1GW9IStcOras,289.000,q5GVJKHvqVwABnDf,397.000,BjjWVd8h3JWMBrnK,,
6,169,2026-04-05T12:41:18.540Z,301.000,9,199.000,MY8Sv42aXxDpCjC4,204.000,SayB0+Vq1qyZnTIu,206.000,md4MdKOU6ZsQ//g0,207.000,TiCg1GW9IStcOras,237.000,q5GVJKHvqVwABnDf,260.000,Fw2XlLSvhDCRIl7z,300.000,OY9eVeUW8tGGPJFe,302.000,zyQbLrDbnVAAyE0h,306.000,BjjWVd8h3JWMBrnK,,
6,170,2026-04-05T12:41:18.841Z,273.000,9,170.000,SayB0+Vq1qyZnTIu,203.000,MY8Sv42aXxDpCjC4,207.000,md4MdKOU6ZsQ//g0,239.000,BjjWVd8h3JWMBrnK,241.000,q5GVJKHvqVwABnDf,267.000,Fw2XlLSvhDCRIl7z,276.000,TiCg1GW9IStcOras,277.000,zyQbLrDbnVAAyE0h,277.000,OY9eVeUW8tGGPJFe,,
6,171,2026-04-05T12:41:19.114Z,249.000,9,146.000,SayB0+Vq1qyZnTIu,173.000,q5GVJKHvqVwABnDf,174.000,md4MdKOU6ZsQ//g0,217.000,MY8Sv42aXxDpCjC4,242.000,OY9eVeUW8tGGPJFe,243.000,zyQbLrDbnVAAyE0h,274.000,BjjWVd8h3JWMBrnK,281.000,TiCg1GW9IStcOras,283.000,Fw2XlLSvhDCRIl7z,,
6,172,2026-04-05T12:41:19.363Z,265.000,9,169.000,md4MdKOU6ZsQ//g0,175.000,q5GVJKHvqVwABnDf,199.000,SayB0+Vq1qyZnTIu,200.000,MY8Sv42aXxDpCjC4,260.000,Fw2XlLSvhDCRIl7z,299.000,TiCg1GW9IStcOras,298.000,OY9eVeUW8tGGPJFe,305.000,zyQbLrDbnVAAyE0h,306.000,BjjWVd8h3JWMBrnK,,
6,173,2026-04-05T12:41:19.628Z,287.000,9,176.000,q5GVJKHvqVwABnDf,201.000,md4MdKOU6ZsQ//g0,202.000,MY8Sv42aXxDpCjC4,212.000,SayB0+Vq1qyZnTIu,250.000,zyQbLrDbnVAAyE0h,276.000,OY9eVeUW8tGGPJFe,287.000,BjjWVd8h3JWMBrnK,309.000,TiCg1GW9IStcOras,305.000,Fw2XlLSvhDCRIl7z,,
6,174,2026-04-05T12:41:19.915Z,265.000,9,193.000,MY8Sv42aXxDpCjC4,208.000,BjjWVd8h3JWMBrnK,226.000,md4MdKOU6ZsQ//g0,227.000,SayB0+Vq1qyZnTIu,238.000,q5GVJKHvqVwABnDf,297.000,zyQbLrDbnVAAyE0h,266.000,TiCg1GW9IStcOras,295.000,OY9eVeUW8tGGPJFe,300.000,Fw2XlLSvhDCRIl7z,,
6,175,2026-04-05T12:41:20.180Z,252.000,9,166.000,md4MdKOU6ZsQ//g0,177.000,q5GVJKHvqVwABnDf,198.000,MY8Sv42aXxDpCjC4,203.000,SayB0+Vq1qyZnTIu,209.000,TiCg1GW9IStcOras,238.000,zyQbLrDbnVAAyE0h,251.000,BjjWVd8h3JWMBrnK,267.000,Fw2XlLSvhDCRIl7z,274.000,OY9eVeUW8tGGPJFe,,
6,176,2026-04-05T12:41:20.432Z,294.000,9,188.000,SayB0+Vq1qyZnTIu,192.000,zyQbLrDbnVAAyE0h,203.000,MY8Sv42aXxDpCjC4,209.000,md4MdKOU6ZsQ//g0,275.000,q5GVJKHvqVwABnDf,293.000,OY9eVeUW8tGGPJFe,296.000,BjjWVd8h3JWMBrnK,297.000,TiCg1GW9IStcOras,398.000,Fw2XlLSvhDCRIl7z,,
6,177,2026-04-05T12:41:20.726Z,218.000,9,121.000,BjjWVd8h3JWMBrnK,172.000,SayB0+Vq1qyZnTIu,184.000,md4MdKOU6ZsQ//g0,189.000,q5GVJKHvqVwABnDf,205.000,zyQbLrDbnVAAyE0h,205.000,MY8Sv42aXxDpCjC4,218.000,OY9eVeUW8tGGPJFe,274.000,Fw2XlLSvhDCRIl7z,277.000,TiCg1GW9IStcOras,,
6,178,2026-04-05T12:41:20.944Z,280.000,9,189.000,zyQbLrDbnVAAyE0h,205.000,OY9eVeUW8tGGPJFe,206.000,md4MdKOU6ZsQ//g0,217.000,q5GVJKHvqVwABnDf,268.000,MY8Sv42aXxDpCjC4,278.000,SayB0+Vq1qyZnTIu,314.000,TiCg1GW9IStcOras,311.000,BjjWVd8h3JWMBrnK,313.000,Fw2XlLSvhDCRIl7z,,
6,179,2026-04-05T12:41:21.224Z,283.000,9,180.000,q5GVJKHvqVwABnDf,183.000,md4MdKOU6ZsQ//g0,206.000,TiCg1GW9IStcOras,219.000,zyQbLrDbnVAAyE0h,223.000,SayB0+Vq1qyZnTIu,240.000,BjjWVd8h3JWMBrnK,283.000,MY8Sv42aXxDpCjC4,291.000,OY9eVeUW8tGGPJFe,290.000,Fw2XlLSvhDCRIl7z,,
6,180,2026-04-05T12:41:21.507Z,266.000,9,172.000,SayB0+Vq1qyZnTIu,207.000,md4MdKOU6ZsQ//g0,208.000,q5GVJKHvqVwABnDf,210.000,TiCg1GW9IStcOras,210.000,MY8Sv42aXxDpCjC4,259.000,OY9eVeUW8tGGPJFe,277.000,zyQbLrDbnVAAyE0h,276.000,BjjWVd8h3JWMBrnK,274.000,Fw2XlLSvhDCRIl7z,,
6,181,2026-04-05T12:41:21.773Z,290.000,9,189.000,SayB0+Vq1qyZnTIu,191.000,Fw2XlLSvhDCRIl7z,204.000,md4MdKOU6ZsQ//g0,234.000,MY8Sv42aXxDpCjC4,245.000,BjjWVd8h3JWMBrnK,288.000,q5GVJKHvqVwABnDf,290.000,TiCg1GW9IStcOras,291.000,OY9eVeUW8tGGPJFe,402.000,zyQbLrDbnVAAyE0h,,
6,182,2026-04-05T12:41:22.063Z,260.000,9,167.000,SayB0+Vq1qyZnTIu,202.000,MY8Sv42aXxDpCjC4,207.000,TiCg1GW9IStcOras,211.000,md4MdKOU6ZsQ//g0,241.000,zyQbLrDbnVAAyE0h,263.000,BjjWVd8h3JWMBrnK,274.000,Fw2XlLSvhDCRIl7z,275.000,OY9eVeUW8tGGPJFe,274.000,q5GVJKHvqVwABnDf,,
6,183,2026-04-05T12:41:22.323Z,260.000,9,195.000,SayB0+Vq1qyZnTIu,199.000,MY8Sv42aXxDpCjC4,207.000,BjjWVd8h3JWMBrnK,237.000,md4MdKOU6ZsQ//g0,256.000,OY9eVeUW8tGGPJFe,302.000,q5GVJKHvqVwABnDf,300.000,Fw2XlLSvhDCRIl7z,288.000,zyQbLrDbnVAAyE0h,301.000,TiCg1GW9IStcOras,,
6,184,2026-04-05T12:41:22.583Z,254.000,9,203.000,SayB0+Vq1qyZnTIu,204.000,MY8Sv42aXxDpCjC4,210.000,q5GVJKHvqVwABnDf,217.000,TiCg1GW9IStcOras,234.000,zyQbLrDbnVAAyE0h,235.000,md4MdKOU6ZsQ//g0,295.000,Fw2XlLSvhDCRIl7z,256.000,BjjWVd8h3JWMBrnK,305.000,OY9eVeUW8tGGPJFe,,
6,185,2026-04-05T12:41:22.837Z,294.000,9,200.000,SayB0+Vq1qyZnTIu,202.000,TiCg1GW9IStcOras,211.000,md4MdKOU6ZsQ//g0,246.000,Fw2XlLSvhDCRIl7z,257.000,MY8Sv42aXxDpCjC4,288.000,zyQbLrDbnVAAyE0h,311.000,BjjWVd8h3JWMBrnK,316.000,OY9eVeUW8tGGPJFe,318.000,q5GVJKHvqVwABnDf,,
6,186,2026-04-05T12:41:23.131Z,236.000,9,173.000,SayB0+Vq1qyZnTIu,199.000,MY8Sv42aXxDpCjC4,222.000,BjjWVd8h3JWMBrnK,224.000,md4MdKOU6ZsQ//g0,233.000,q5GVJKHvqVwABnDf,271.000,Fw2XlLSvhDCRIl7z,276.000,OY9eVeUW8tGGPJFe,280.000,TiCg1GW9IStcOras,281.000,zyQbLrDbnVAAyE0h,,
6,187,2026-04-05T12:41:23.367Z,301.000,9,202.000,md4MdKOU6ZsQ//g0,203.000,SayB0+Vq1qyZnTIu,239.000,MY8Sv42aXxDpCjC4,273.000,zyQbLrDbnVAAyE0h,288.000,TiCg1GW9IStcOras,298.000,BjjWVd8h3JWMBrnK,331.000,Fw2XlLSvhDCRIl7z,332.000,OY9eVeUW8tGGPJFe,334.000,q5GVJKHvqVwABnDf,,
6,188,2026-04-05T12:41:23.668Z,253.000,9,192.000,SayB0+Vq1qyZnTIu,193.000,MY8Sv42aXxDpCjC4,205.000,md4MdKOU6ZsQ//g0,244.000,q5GVJKHvqVwABnDf,280.000,Fw2XlLSvhDCRIl7z,307.000,BjjWVd8h3JWMBrnK,282.000,OY9eVeUW8tGGPJFe,283.000,zyQbLrDbnVAAyE0h,295.000,TiCg1GW9IStcOras,,
6,189,2026-04-05T12:41:23.921Z,291.000,9,194.000,SayB0+Vq1qyZnTIu,232.000,Fw2XlLSvhDCRIl7z,234.000,MY8Sv42aXxDpCjC4,250.000,TiCg1GW9IStcOras,252.000,md4MdKOU6ZsQ//g0,302.000,zyQbLrDbnVAAyE0h,301.000,q5GVJKHvqVwABnDf,299.000,OY9eVeUW8tGGPJFe,373.000,BjjWVd8h3JWMBrnK,,
6,190,2026-04-05T12:41:24.212Z,256.000,9,181.000,SayB0+Vq1qyZnTIu,191.000,MY8Sv42aXxDpCjC4,251.000,zyQbLrDbnVAAyE0h,252.000,md4MdKOU6ZsQ//g0,267.000,Fw2XlLSvhDCRIl7z,294.000,BjjWVd8h3JWMBrnK,272.000,OY9eVeUW8tGGPJFe,271.000,TiCg1GW9IStcOras,352.000,q5GVJKHvqVwABnDf,,
6,191,2026-04-05T12:41:24.468Z,253.000,9,191.000,SayB0+Vq1qyZnTIu,217.000,MY8Sv42aXxDpCjC4,220.000,TiCg1GW9IStcOras,224.000,md4MdKOU6ZsQ//g0,225.000,OY9eVeUW8tGGPJFe,295.000,BjjWVd8h3JWMBrnK,293.000,q5GVJKHvqVwABnDf,296.000,Fw2XlLSvhDCRIl7z,410.000,zyQbLrDbnVAAyE0h,,
6,192,2026-04-05T12:41:24.721Z,278.000,9,200.000,SayB0+Vq1qyZnTIu,201.000,MY8Sv42aXxDpCjC4,206.000,md4MdKOU6ZsQ//g0,260.000,zyQbLrDbnVAAyE0h,271.000,q5GVJKHvqVwABnDf,276.000,TiCg1GW9IStcOras,303.000,Fw2XlLSvhDCRIl7z,301.000,BjjWVd8h3JWMBrnK,405.000,OY9eVeUW8tGGPJFe,,
6,193,2026-04-05T12:41:24.999Z,302.000,9,195.000,md4MdKOU6ZsQ//g0,204.000,SayB0+Vq1qyZnTIu,206.000,MY8Sv42aXxDpCjC4,230.000,BjjWVd8h3JWMBrnK,235.000,Fw2XlLSvhDCRIl7z,292.000,zyQbLrDbnVAAyE0h,305.000,q5GVJKHvqVwABnDf,309.000,TiCg1GW9IStcOras,413.000,OY9eVeUW8tGGPJFe,,
6,194,2026-04-05T12:41:25.301Z,244.000,9,186.000,md4MdKOU6ZsQ//g0,205.000,SayB0+Vq1qyZnTIu,208.000,MY8Sv42aXxDpCjC4,214.000,TiCg1GW9IStcOras,234.000,BjjWVd8h3JWMBrnK,242.000,OY9eVeUW8tGGPJFe,244.000,Fw2XlLSvhDCRIl7z,311.000,q5GVJKHvqVwABnDf,289.000,zyQbLrDbnVAAyE0h,,
6,195,2026-04-05T12:41:25.545Z,272.000,9,202.000,MY8Sv42aXxDpCjC4,204.000,md4MdKOU6ZsQ//g0,231.000,SayB0+Vq1qyZnTIu,262.000,zyQbLrDbnVAAyE0h,306.000,Fw2XlLSvhDCRIl7z,306.000,q5GVJKHvqVwABnDf,299.000,BjjWVd8h3JWMBrnK,280.000,TiCg1GW9IStcOras,305.000,OY9eVeUW8tGGPJFe,,
6,196,2026-04-05T12:41:25.817Z,283.000,9,215.000,md4MdKOU6ZsQ//g0,216.000,TiCg1GW9IStcOras,217.000,SayB0+Vq1qyZnTIu,238.000,MY8Sv42aXxDpCjC4,242.000,Fw2XlLSvhDCRIl7z,318.000,OY9eVeUW8tGGPJFe,320.000,BjjWVd8h3JWMBrnK,319.000,q5GVJKHvqVwABnDf,298.000,zyQbLrDbnVAAyE0h,,
6,197,2026-04-05T12:41:26.100Z,245.000,9,166.000,SayB0+Vq1qyZnTIu,212.000,md4MdKOU6ZsQ//g0,221.000,MY8Sv42aXxDpCjC4,264.000,q5GVJKHvqVwABnDf,265.000,TiCg1GW9IStcOras,264.000,BjjWVd8h3JWMBrnK,267.000,Fw2XlLSvhDCRIl7z,267.000,OY9eVeUW8tGGPJFe,282.000,zyQbLrDbnVAAyE0h,,
6,198,2026-04-05T12:41:26.345Z,303.000,9,202.000,SayB0+Vq1qyZnTIu,225.000,MY8Sv42aXxDpCjC4,226.000,md4MdKOU6ZsQ//g0,228.000,Fw2XlLSvhDCRIl7z,229.000,OY9eVeUW8tGGPJFe,283.000,zyQbLrDbnVAAyE0h,330.000,TiCg1GW9IStcOras,328.000,q5GVJKHvqVwABnDf,329.000,BjjWVd8h3JWMBrnK,,
6,199,2026-04-05T12:41:26.648Z,235.000,9,206.000,md4MdKOU6ZsQ//g0,207.000,SayB0+Vq1qyZnTIu,228.000,MY8Sv42aXxDpCjC4,233.000,BjjWVd8h3JWMBrnK,233.000,TiCg1GW9IStcOras,234.000,OY9eVeUW8tGGPJFe,235.000,Fw2XlLSvhDCRIl7z,289.000,zyQbLrDbnVAAyE0h,311.000,q5GVJKHvqVwABnDf,,
6,200,2026-04-05T12:41:26.883Z,307.000,9,204.000,MY8Sv42aXxDpCjC4,247.000,SayB0+Vq1qyZnTIu,260.000,zyQbLrDbnVAAyE0h,276.000,md4MdKOU6ZsQ//g0,301.000,q5GVJKHvqVwABnDf,305.000,BjjWVd8h3JWMBrnK,307.000,TiCg1GW9IStcOras,308.000,Fw2XlLSvhDCRIl7z,310.000,OY9eVeUW8tGGPJFe,,
6,201,2026-04-05T12:41:27.190Z,311.000,9,203.000,SayB0+Vq1qyZnTIu,206.000,MY8Sv42aXxDpCjC4,221.000,md4MdKOU6ZsQ//g0,264.000,zyQbLrDbnVAAyE0h,303.000,q5GVJKHvqVwABnDf,308.000,BjjWVd8h3JWMBrnK,310.000,TiCg1GW9IStcOras,311.000,Fw2XlLSvhDCRIl7z,313.000,OY9eVeUW8tGGPJFe,,
6,202,2026-04-05T12:41:27.501Z,306.000,9,201.000,md4MdKOU6ZsQ//g0,202.000,SayB0+Vq1qyZnTIu,211.000,MY8Sv42aXxDpCjC4,262.000,zyQbLrDbnVAAyE0h,300.000,q5GVJKHvqVwABnDf,306.000,TiCg1GW9IStcOras,306.000,Fw2XlLSvhDCRIl7z,313.000,BjjWVd8h3JWMBrnK,308.000,OY9eVeUW8tGGPJFe,,
6,203,2026-04-05T12:41:27.807Z,308.000,8,205.000,md4MdKOU6ZsQ//g0,205.000,SayB0+Vq1qyZnTIu,209.000,MY8Sv42aXxDpCjC4,272.000,zyQbLrDbnVAAyE0h,304.000,q5GVJKHvqVwABnDf,308.000,TiCg1GW9IStcOras,308.000,OY9eVeUW8tGGPJFe,311.000,BjjWVd8h3JWMBrnK,,,,
6,204,2026-04-05T12:41:28.115Z,290.000,9,183.000,SayB0+Vq1qyZnTIu,191.000,md4MdKOU6ZsQ//g0,206.000,MY8Sv42aXxDpCjC4,210.000,Fw2XlLSvhDCRIl7z,266.000,BjjWVd8h3JWMBrnK,270.000,zyQbLrDbnVAAyE0h,307.000,q5GVJKHvqVwABnDf,305.000,TiCg1GW9IStcOras,292.000,OY9eVeUW8tGGPJFe,,
6,205,2026-04-05T12:41:28.405Z,296.000,8,186.000,SayB0+Vq1qyZnTIu,219.000,MY8Sv42aXxDpCjC4,224.000,md4MdKOU6ZsQ//g0,229.000,Fw2XlLSvhDCRIl7z,294.000,BjjWVd8h3JWMBrnK,325.000,OY9eVeUW8tGGPJFe,327.000,q5GVJKHvqVwABnDf,527.000,TiCg1GW9IStcOras,,,,
6,206,2026-04-05T12:41:28.701Z,439.000,8,184.000,SayB0+Vq1qyZnTIu,192.000,MY8Sv42aXxDpCjC4,199.000,md4MdKOU6ZsQ//g0,389.000,BjjWVd8h3JWMBrnK,394.000,zyQbLrDbnVAAyE0h,439.000,OY9eVeUW8tGGPJFe,439.000,TiCg1GW9IStcOras,567.000,jIf2AEWi7y2xcK85,,,,
6,207,2026-04-05T12:41:29.140Z,306.000,7,107.000,q5GVJKHvqVwABnDf,205.000,SayB0+Vq1qyZnTIu,207.000,md4MdKOU6ZsQ//g0,207.000,MY8Sv42aXxDpCjC4,210.000,OY9eVeUW8tGGPJFe,262.000,zyQbLrDbnVAAyE0h,306.000,Fw2XlLSvhDCRIl7z,,,,,,
6,208,2026-04-05T12:41:29.446Z,524.000,8,191.000,MY8Sv42aXxDpCjC4,210.000,md4MdKOU6ZsQ//g0,239.000,SayB0+Vq1qyZnTIu,383.000,BjjWVd8h3JWMBrnK,460.000,Fw2XlLSvhDCRIl7z,508.000,TiCg1GW9IStcOras,524.000,OY9eVeUW8tGGPJFe,577.000,jIf2AEWi7y2xcK85,,,,
6,209,2026-04-05T12:41:29.970Z,467.000,8,104.000,q5GVJKHvqVwABnDf,191.000,SayB0+Vq1qyZnTIu,192.000,md4MdKOU6ZsQ//g0,207.000,MY8Sv42aXxDpCjC4,398.000,OY9eVeUW8tGGPJFe,409.000,Fw2XlLSvhDCRIl7z,572.000,BjjWVd8h3JWMBrnK,542.000,jIf2AEWi7y2xcK85,,,,
6,210,2026-04-05T12:41:30.437Z,569.000,8,138.000,MY8Sv42aXxDpCjC4,205.000,SayB0+Vq1qyZnTIu,207.000,md4MdKOU6ZsQ//g0,472.000,BjjWVd8h3JWMBrnK,492.000,OY9eVeUW8tGGPJFe,566.000,q5GVJKHvqVwABnDf,569.000,zyQbLrDbnVAAyE0h,574.000,jIf2AEWi7y2xcK85,,,,
6,211,2026-04-05T12:41:31.006Z,436.000,8,131.000,md4MdKOU6ZsQ//g0,204.000,SayB0+Vq1qyZnTIu,205.000,MY8Sv42aXxDpCjC4,337.000,BjjWVd8h3JWMBrnK,337.000,q5GVJKHvqVwABnDf,430.000,Fw2XlLSvhDCRIl7z,436.000,OY9eVeUW8tGGPJFe,523.000,jIf2AEWi7y2xcK85,,,,
6,212,2026-04-05T12:41:31.442Z,524.000,8,199.000,MY8Sv42aXxDpCjC4,202.000,SayB0+Vq1qyZnTIu,215.000,md4MdKOU6ZsQ//g0,499.000,q5GVJKHvqVwABnDf,505.000,zyQbLrDbnVAAyE0h,523.000,jIf2AEWi7y2xcK85,525.000,TiCg1GW9IStcOras,591.000,Fw2XlLSvhDCRIl7z,,,,
6,213,2026-04-05T12:41:31.966Z,612.000,8,210.000,md4MdKOU6ZsQ//g0,214.000,SayB0+Vq1qyZnTIu,273.000,MY8Sv42aXxDpCjC4,508.000,TiCg1GW9IStcOras,553.000,Fw2XlLSvhDCRIl7z,560.000,BjjWVd8h3JWMBrnK,612.000,jIf2AEWi7y2xcK85,614.000,OY9eVeUW8tGGPJFe,,,,
6,214,2026-04-05T12:41:32.578Z,532.000,8,207.000,SayB0+Vq1qyZnTIu,208.000,md4MdKOU6ZsQ//g0,230.000,MY8Sv42aXxDpCjC4,332.000,TiCg1GW9IStcOras,470.000,OY9eVeUW8tGGPJFe,519.000,jIf2AEWi7y2xcK85,532.000,q5GVJKHvqVwABnDf,544.000,zyQbLrDbnVAAyE0h,,,,
6,215,2026-04-05T12:41:33.110Z,564.000,8,174.000,md4MdKOU6ZsQ//g0,209.000,MY8Sv42aXxDpCjC4,212.000,SayB0+Vq1qyZnTIu,431.000,TiCg1GW9IStcOras,483.000,zyQbLrDbnVAAyE0h,509.000,BjjWVd8h3JWMBrnK,564.000,Fw2XlLSvhDCRIl7z,574.000,jIf2AEWi7y2xcK85,,,,
6,216,2026-04-05T12:41:33.674Z,652.000,7,208.000,md4MdKOU6ZsQ//g0,315.000,SayB0+Vq1qyZnTIu,318.000,MY8Sv42aXxDpCjC4,526.000,jIf2AEWi7y2xcK85,599.000,q5GVJKHvqVwABnDf,646.000,zyQbLrDbnVAAyE0h,809.000,Fw2XlLSvhDCRIl7z,,,,,,
6,217,2026-04-05T12:41:34.326Z,488.000,8,158.000,SayB0+Vq1qyZnTIu,205.000,MY8Sv42aXxDpCjC4,266.000,md4MdKOU6ZsQ//g0,373.000,OY9eVeUW8tGGPJFe,390.000,TiCg1GW9IStcOras,486.000,BjjWVd8h3JWMBrnK,591.000,zyQbLrDbnVAAyE0h,514.000,jIf2AEWi7y2xcK85,,,,
6,218,2026-04-05T12:41:34.814Z,891.000,7,109.000,md4MdKOU6ZsQ//g0,333.000,SayB0+Vq1qyZnTIu,334.000,MY8Sv42aXxDpCjC4,527.000,jIf2AEWi7y2xcK85,621.000,q5GVJKHvqVwABnDf,881.000,Fw2XlLSvhDCRIl7z,891.000,BjjWVd8h3JWMBrnK,,,,,,
6,219,2026-04-05T12:41:35.705Z,923.000,7,241.000,q5GVJKHvqVwABnDf,299.000,SayB0+Vq1qyZnTIu,300.000,MY8Sv42aXxDpCjC4,301.000,md4MdKOU6ZsQ//g0,616.000,jIf2AEWi7y2xcK85,908.000,TiCg1GW9IStcOras,923.000,OY9eVeUW8tGGPJFe,,,,,,
6,220,2026-04-05T12:41:36.628Z,721.000,7,191.000,MY8Sv42aXxDpCjC4,298.000,SayB0+Vq1qyZnTIu,299.000,md4MdKOU6ZsQ//g0,449.000,jIf2AEWi7y2xcK85,472.000,q5GVJKHvqVwABnDf,703.000,Fw2XlLSvhDCRIl7z,721.000,BjjWVd8h3JWMBrnK,,,,,,
6,221,2026-04-05T12:41:37.349Z,469.000,10,206.000,MY8Sv42aXxDpCjC4,206.000,SayB0+Vq1qyZnTIu,208.000,md4MdKOU6ZsQ//g0,452.000,jIf2AEWi7y2xcK85,465.000,OY9eVeUW8tGGPJFe,469.000,BjjWVd8h3JWMBrnK,469.000,q5GVJKHvqVwABnDf,471.000,zyQbLrDbnVAAyE0h,472.000,Fw2XlLSvhDCRIl7z,493.000,TiCg1GW9IStcOras
6,222,2026-04-05T12:41:37.818Z,760.000,7,302.000,SayB0+Vq1qyZnTIu,303.000,MY8Sv42aXxDpCjC4,303.000,md4MdKOU6ZsQ//g0,475.000,q5GVJKHvqVwABnDf,611.000,jIf2AEWi7y2xcK85,752.000,Fw2XlLSvhDCRIl7z,760.000,BjjWVd8h3JWMBrnK,,,,,,
6,223,2026-04-05T12:41:38.578Z,603.000,7,208.000,md4MdKOU6ZsQ//g0,209.000,MY8Sv42aXxDpCjC4,209.000,SayB0+Vq1qyZnTIu,238.000,OY9eVeUW8tGGPJFe,411.000,zyQbLrDbnVAAyE0h,523.000,q5GVJKHvqVwABnDf,603.000,jIf2AEWi7y2xcK85,,,,,,
6,224,2026-04-05T12:41:39.181Z,565.000,9,206.000,md4MdKOU6ZsQ//g0,386.000,SayB0+Vq1qyZnTIu,522.000,MY8Sv42aXxDpCjC4,523.000,OY9eVeUW8tGGPJFe,524.000,BjjWVd8h3JWMBrnK,562.000,TiCg1GW9IStcOras,565.000,Fw2XlLSvhDCRIl7z,605.000,zyQbLrDbnVAAyE0h,653.000,jIf2AEWi7y2xcK85,,
6,225,2026-04-05T12:41:39.746Z,1033.000,7,152.000,SayB0+Vq1qyZnTIu,205.000,md4MdKOU6ZsQ//g0,245.000,MY8Sv42aXxDpCjC4,603.000,jIf2AEWi7y2xcK85,611.000,q5GVJKHvqVwABnDf,1007.000,OY9eVeUW8tGGPJFe,1138.000,zyQbLrDbnVAAyE0h,,,,,,
6,226,2026-04-05T12:41:40.779Z,1020.000,7,204.000,md4MdKOU6ZsQ//g0,205.000,MY8Sv42aXxDpCjC4,208.000,SayB0+Vq1qyZnTIu,453.000,jIf2AEWi7y2xcK85,468.000,q5GVJKHvqVwABnDf,971.000,TiCg1GW9IStcOras,1007.000,OY9eVeUW8tGGPJFe,,,,,,
6,227,2026-04-05T12:41:41.799Z,1174.000,7,190.000,MY8Sv42aXxDpCjC4,283.000,SayB0+Vq1qyZnTIu,285.000,md4MdKOU6ZsQ//g0,439.000,jIf2AEWi7y2xcK85,458.000,q5GVJKHvqVwABnDf,1172.000,BjjWVd8h3JWMBrnK,1278.000,TiCg1GW9IStcOras,,,,,,
6,228,2026-04-05T12:41:42.973Z,1030.000,7,298.000,SayB0+Vq1qyZnTIu,300.000,MY8Sv42aXxDpCjC4,302.000,md4MdKOU6ZsQ//g0,474.000,q5GVJKHvqVwABnDf,606.000,jIf2AEWi7y2xcK85,1025.000,Fw2XlLSvhDCRIl7z,1030.000,BjjWVd8h3JWMBrnK,,,,,,
6,229,2026-04-05T12:41:44.003Z,987.000,7,237.000,q5GVJKHvqVwABnDf,299.000,MY8Sv42aXxDpCjC4,299.000,SayB0+Vq1qyZnTIu,301.000,md4MdKOU6ZsQ//g0,616.000,jIf2AEWi7y2xcK85,984.000,Fw2XlLSvhDCRIl7z,988.000,zyQbLrDbnVAAyE0h,,,,,,
6,230,2026-04-05T12:41:44.990Z,933.000,7,297.000,MY8Sv42aXxDpCjC4,299.000,md4MdKOU6ZsQ//g0,300.000,SayB0+Vq1qyZnTIu,468.000,q5GVJKHvqVwABnDf,609.000,jIf2AEWi7y2xcK85,930.000,BjjWVd8h3JWMBrnK,1036.000,Fw2XlLSvhDCRIl7z,,,,,,
6,231,2026-04-05T12:41:45.923Z,1293.000,7,297.000,SayB0+Vq1qyZnTIu,299.000,md4MdKOU6ZsQ//g0,301.000,MY8Sv42aXxDpCjC4,472.000,q5GVJKHvqVwABnDf,546.000,jIf2AEWi7y2xcK85,1283.000,OY9eVeUW8tGGPJFe,1293.000,zyQbLrDbnVAAyE0h,,,,,,
6,232,2026-04-05T12:41:47.216Z,1243.000,7,333.000,SayB0+Vq1qyZnTIu,333.000,md4MdKOU6ZsQ//g0,334.000,MY8Sv42aXxDpCjC4,488.000,jIf2AEWi7y2xcK85,504.000,q5GVJKHvqVwABnDf,1242.000,Fw2XlLSvhDCRIl7z,1242.000,BjjWVd8h3JWMBrnK,,,,,,
6,233,2026-04-05T12:41:48.459Z,2071.000,7,296.000,md4MdKOU6ZsQ//g0,297.000,MY8Sv42aXxDpCjC4,300.000,SayB0+Vq1qyZnTIu,451.000,jIf2AEWi7y2xcK85,471.000,q5GVJKHvqVwABnDf,2049.000,BjjWVd8h3JWMBrnK,2055.000,Fw2XlLSvhDCRIl7z,,,,,,
6,234,2026-04-05T12:41:50.530Z,2306.000,7,220.000,q5GVJKHvqVwABnDf,282.000,MY8Sv42aXxDpCjC4,283.000,md4MdKOU6ZsQ//g0,285.000,SayB0+Vq1qyZnTIu,434.000,jIf2AEWi7y2xcK85,2303.000,BjjWVd8h3JWMBrnK,2306.000,TiCg1GW9IStcOras,,,,,,
6,235,2026-04-05T12:41:52.836Z,2198.000,7,298.000,SayB0+Vq1qyZnTIu,299.000,md4MdKOU6ZsQ//g0,299.000,MY8Sv42aXxDpCjC4,475.000,q5GVJKHvqVwABnDf,628.000,jIf2AEWi7y2xcK85,1278.000,zyQbLrDbnVAAyE0h,2198.000,OY9eVeUW8tGGPJFe,,,,,,
6,236,2026-04-05T12:41:55.034Z,2433.000,7,448.000,jIf2AEWi7y2xcK85,551.000,SayB0+Vq1qyZnTIu,592.000,md4MdKOU6ZsQ//g0,671.000,MY8Sv42aXxDpCjC4,1528.000,q5GVJKHvqVwABnDf,2307.000,zyQbLrDbnVAAyE0h,2536.000,Fw2XlLSvhDCRIl7z,,,,,,
6,237,2026-04-05T12:41:57.467Z,2843.000,7,488.000,jIf2AEWi7y2xcK85,660.000,SayB0+Vq1qyZnTIu,1684.000,MY8Sv42aXxDpCjC4,1721.000,md4MdKOU6ZsQ//g0,1747.000,q5GVJKHvqVwABnDf,1788.000,zyQbLrDbnVAAyE0h,2843.000,TiCg1GW9IStcOras,,,,,,
6,238,2026-04-05T12:42:00.310Z,4050.000,7,448.000,jIf2AEWi7y2xcK85,971.000,MY8Sv42aXxDpCjC4,1734.000,q5GVJKHvqVwABnDf,1743.000,md4MdKOU6ZsQ//g0,1772.000,SayB0+Vq1qyZnTIu,2967.000,Fw2XlLSvhDCRIl7z,4050.000,TiCg1GW9IStcOras,,,,,,
6,239,2026-04-05T12:42:04.360Z,4487.000,7,454.000,jIf2AEWi7y2xcK85,2602.000,MY8Sv42aXxDpCjC4,2630.000,md4MdKOU6ZsQ//g0,2640.000,q5GVJKHvqVwABnDf,2678.000,SayB0+Vq1qyZnTIu,4296.000,zyQbLrDbnVAAyE0h,4487.000,TiCg1GW9IStcOras,,,,,,
6,240,2026-04-05T12:42:08.847Z,5308.000,7,449.000,jIf2AEWi7y2xcK85,2212.000,SayB0+Vq1qyZnTIu,2299.000,md4MdKOU6ZsQ//g0,2354.000,MY8Sv42aXxDpCjC4,2372.000,q5GVJKHvqVwABnDf,4092.000,zyQbLrDbnVAAyE0h,5308.000,TiCg1GW9IStcOras,,,,,,
6,241,2026-04-05T12:42:14.155Z,7331.000,7,449.000,jIf2AEWi7y2xcK85,2194.000,md4MdKOU6ZsQ//g0,4330.000,q5GVJKHvqVwABnDf,4335.000,MY8Sv42aXxDpCjC4,4382.000,SayB0+Vq1qyZnTIu,6358.000,zyQbLrDbnVAAyE0h,7330.000,BjjWVd8h3JWMBrnK,,,,,,
6,242,2026-04-05T12:42:21.486Z,8388.000,7,450.000,jIf2AEWi7y2xcK85,5016.000,md4MdKOU6ZsQ//g0,5049.000,SayB0+Vq1qyZnTIu,5071.000,q5GVJKHvqVwABnDf,5112.000,MY8Sv42aXxDpCjC4,8363.000,TiCg1GW9IStcOras,8388.000,OY9eVeUW8tGGPJFe,,,,,,
6,243,2026-04-05T12:42:29.874Z,8346.000,7,449.000,jIf2AEWi7y2xcK85,3908.000,q5GVJKHvqVwABnDf,3918.000,md4MdKOU6ZsQ//g0,4889.000,SayB0+Vq1qyZnTIu,4897.000,MY8Sv42aXxDpCjC4,8343.000,TiCg1GW9IStcOras,8346.000,OY9eVeUW8tGGPJFe,,,,,,
6,244,2026-04-05T12:42:38.220Z,8356.000,7,553.000,jIf2AEWi7y2xcK85,5762.000,q5GVJKHvqVwABnDf,6549.000,SayB0+Vq1qyZnTIu,6552.000,md4MdKOU6ZsQ//g0,6554.000,MY8Sv42aXxDpCjC4,7910.000,zyQbLrDbnVAAyE0h,8356.000,Fw2XlLSvhDCRIl7z,,,,,,
6,245,2026-04-05T12:42:46.576Z,,1,449.000,jIf2AEWi7y2xcK85,,,,,,,,,,,,,,,,,,
7,1,2026-04-05T12:40:31.302Z,3052.000,7,738.000,zyQbLrDbnVAAyE0h,1099.000,Fw2XlLSvhDCRIl7z,1466.000,MY8Sv42aXxDpCjC4,2368.000,q5GVJKHvqVwABnDf,3049.000,md4MdKOU6ZsQ//g0,3053.000,BjjWVd8h3JWMBrnK,5953.000,TiCg1GW9IStcOras,,,,,,
7,2,2026-04-05T12:40:34.354Z,312.000,7,205.000,MY8Sv42aXxDpCjC4,247.000,md4MdKOU6ZsQ//g0,306.000,Fw2XlLSvhDCRIl7z,309.000,q5GVJKHvqVwABnDf,309.000,zyQbLrDbnVAAyE0h,2903.000,TiCg1GW9IStcOras,350.000,BjjWVd8h3JWMBrnK,,,,,,
7,3,2026-04-05T12:40:34.666Z,309.000,7,203.000,MY8Sv42aXxDpCjC4,243.000,md4MdKOU6ZsQ//g0,245.000,BjjWVd8h3JWMBrnK,303.000,Fw2XlLSvhDCRIl7z,304.000,q5GVJKHvqVwABnDf,305.000,zyQbLrDbnVAAyE0h,2593.000,TiCg1GW9IStcOras,,,,,,
7,4,2026-04-05T12:40:34.975Z,309.000,7,204.000,MY8Sv42aXxDpCjC4,204.000,md4MdKOU6ZsQ//g0,304.000,zyQbLrDbnVAAyE0h,304.000,Fw2XlLSvhDCRIl7z,305.000,q5GVJKHvqVwABnDf,312.000,BjjWVd8h3JWMBrnK,2286.000,TiCg1GW9IStcOras,,,,,,
7,5,2026-04-05T12:40:35.284Z,307.000,7,202.000,md4MdKOU6ZsQ//g0,202.000,MY8Sv42aXxDpCjC4,242.000,BjjWVd8h3JWMBrnK,302.000,zyQbLrDbnVAAyE0h,303.000,Fw2XlLSvhDCRIl7z,305.000,q5GVJKHvqVwABnDf,1979.000,TiCg1GW9IStcOras,,,,,,
7,6,2026-04-05T12:40:35.591Z,307.000,8,204.000,MY8Sv42aXxDpCjC4,207.000,md4MdKOU6ZsQ//g0,242.000,BjjWVd8h3JWMBrnK,302.000,SayB0+Vq1qyZnTIu,305.000,Fw2XlLSvhDCRIl7z,307.000,zyQbLrDbnVAAyE0h,310.000,q5GVJKHvqVwABnDf,1674.000,TiCg1GW9IStcOras,,,,
7,7,2026-04-05T12:40:35.898Z,249.000,10,204.000,MY8Sv42aXxDpCjC4,206.000,zyQbLrDbnVAAyE0h,208.000,SayB0+Vq1qyZnTIu,209.000,md4MdKOU6ZsQ//g0,210.000,q5GVJKHvqVwABnDf,243.000,BjjWVd8h3JWMBrnK,248.000,OY9eVeUW8tGGPJFe,307.000,Fw2XlLSvhDCRIl7z,1368.000,TiCg1GW9IStcOras,972.000,jIf2AEWi7y2xcK85
7,8,2026-04-05T12:40:36.147Z,304.000,9,201.000,md4MdKOU6ZsQ//g0,260.000,MY8Sv42aXxDpCjC4,263.000,SayB0+Vq1qyZnTIu,266.000,Fw2XlLSvhDCRIl7z,268.000,q5GVJKHvqVwABnDf,272.000,zyQbLrDbnVAAyE0h,304.000,BjjWVd8h3JWMBrnK,307.000,OY9eVeUW8tGGPJFe,1208.000,TiCg1GW9IStcOras,,
7,9,2026-04-05T12:40:36.451Z,276.000,9,170.000,MY8Sv42aXxDpCjC4,171.000,q5GVJKHvqVwABnDf,174.000,zyQbLrDbnVAAyE0h,206.000,OY9eVeUW8tGGPJFe,269.000,Fw2XlLSvhDCRIl7z,275.000,md4MdKOU6ZsQ//g0,483.000,BjjWVd8h3JWMBrnK,281.000,SayB0+Vq1qyZnTIu,905.000,TiCg1GW9IStcOras,,
7,10,2026-04-05T12:40:36.727Z,310.000,8,203.000,MY8Sv42aXxDpCjC4,209.000,q5GVJKHvqVwABnDf,211.000,zyQbLrDbnVAAyE0h,240.000,BjjWVd8h3JWMBrnK,313.000,Fw2XlLSvhDCRIl7z,314.000,OY9eVeUW8tGGPJFe,310.000,md4MdKOU6ZsQ//g0,631.000,TiCg1GW9IStcOras,,,,
7,11,2026-04-05T12:40:37.037Z,310.000,9,202.000,MY8Sv42aXxDpCjC4,206.000,q5GVJKHvqVwABnDf,208.000,SayB0+Vq1qyZnTIu,217.000,BjjWVd8h3JWMBrnK,308.000,Fw2XlLSvhDCRIl7z,309.000,md4MdKOU6ZsQ//g0,312.000,OY9eVeUW8tGGPJFe,322.000,TiCg1GW9IStcOras,313.000,zyQbLrDbnVAAyE0h,,
7,12,2026-04-05T12:40:37.347Z,270.000,8,145.000,TiCg1GW9IStcOras,166.000,SayB0+Vq1qyZnTIu,200.000,MY8Sv42aXxDpCjC4,206.000,q5GVJKHvqVwABnDf,210.000,zyQbLrDbnVAAyE0h,212.000,OY9eVeUW8tGGPJFe,270.000,Fw2XlLSvhDCRIl7z,273.000,BjjWVd8h3JWMBrnK,,,,
7,13,2026-04-05T12:40:37.617Z,249.000,9,144.000,MY8Sv42aXxDpCjC4,164.000,zyQbLrDbnVAAyE0h,182.000,md4MdKOU6ZsQ//g0,183.000,SayB0+Vq1qyZnTIu,243.000,q5GVJKHvqVwABnDf,247.000,BjjWVd8h3JWMBrnK,248.000,Fw2XlLSvhDCRIl7z,254.000,OY9eVeUW8tGGPJFe,252.000,TiCg1GW9IStcOras,,
7,14,2026-04-05T12:40:37.866Z,299.000,8,198.000,md4MdKOU6ZsQ//g0,206.000,MY8Sv42aXxDpCjC4,268.000,OY9eVeUW8tGGPJFe,269.000,TiCg1GW9IStcOras,302.000,zyQbLrDbnVAAyE0h,304.000,Fw2XlLSvhDCRIl7z,305.000,BjjWVd8h3JWMBrnK,303.000,q5GVJKHvqVwABnDf,,,,
7,15,2026-04-05T12:40:38.165Z,223.000,9,158.000,zyQbLrDbnVAAyE0h,164.000,SayB0+Vq1qyZnTIu,174.000,md4MdKOU6ZsQ//g0,200.000,MY8Sv42aXxDpCjC4,281.000,q5GVJKHvqVwABnDf,277.000,TiCg1GW9IStcOras,280.000,Fw2XlLSvhDCRIl7z,224.000,BjjWVd8h3JWMBrnK,279.000,OY9eVeUW8tGGPJFe,,
7,16,2026-04-05T12:40:38.388Z,297.000,9,197.000,SayB0+Vq1qyZnTIu,200.000,MY8Sv42aXxDpCjC4,207.000,md4MdKOU6ZsQ//g0,259.000,OY9eVeUW8tGGPJFe,292.000,q5GVJKHvqVwABnDf,309.000,Fw2XlLSvhDCRIl7z,311.000,TiCg1GW9IStcOras,306.000,BjjWVd8h3JWMBrnK,310.000,zyQbLrDbnVAAyE0h,,
7,17,2026-04-05T12:40:38.685Z,256.000,9,169.000,OY9eVeUW8tGGPJFe,178.000,SayB0+Vq1qyZnTIu,202.000,MY8Sv42aXxDpCjC4,215.000,md4MdKOU6ZsQ//g0,219.000,zyQbLrDbnVAAyE0h,288.000,TiCg1GW9IStcOras,284.000,Fw2XlLSvhDCRIl7z,287.000,q5GVJKHvqVwABnDf,285.000,BjjWVd8h3JWMBrnK,,
7,18,2026-04-05T12:40:38.941Z,265.000,10,159.000,SayB0+Vq1qyZnTIu,161.000,MY8Sv42aXxDpCjC4,164.000,md4MdKOU6ZsQ//g0,244.000,Fw2XlLSvhDCRIl7z,251.000,q5GVJKHvqVwABnDf,269.000,BjjWVd8h3JWMBrnK,268.000,TiCg1GW9IStcOras,271.000,zyQbLrDbnVAAyE0h,272.000,OY9eVeUW8tGGPJFe,627.000,jIf2AEWi7y2xcK85
7,19,2026-04-05T12:40:39.206Z,280.000,9,175.000,SayB0+Vq1qyZnTIu,208.000,MY8Sv42aXxDpCjC4,208.000,md4MdKOU6ZsQ//g0,210.000,TiCg1GW9IStcOras,264.000,OY9eVeUW8tGGPJFe,281.000,BjjWVd8h3JWMBrnK,280.000,q5GVJKHvqVwABnDf,283.000,Fw2XlLSvhDCRIl7z,285.000,zyQbLrDbnVAAyE0h,,
7,20,2026-04-05T12:40:39.486Z,240.000,9,135.000,MY8Sv42aXxDpCjC4,137.000,Fw2XlLSvhDCRIl7z,187.000,md4MdKOU6ZsQ//g0,202.000,SayB0+Vq1qyZnTIu,237.000,zyQbLrDbnVAAyE0h,238.000,BjjWVd8h3JWMBrnK,243.000,TiCg1GW9IStcOras,247.000,q5GVJKHvqVwABnDf,246.000,OY9eVeUW8tGGPJFe,,
7,21,2026-04-05T12:40:39.726Z,277.000,9,172.000,OY9eVeUW8tGGPJFe,174.000,SayB0+Vq1qyZnTIu,195.000,MY8Sv42aXxDpCjC4,205.000,TiCg1GW9IStcOras,227.000,md4MdKOU6ZsQ//g0,283.000,Fw2XlLSvhDCRIl7z,282.000,BjjWVd8h3JWMBrnK,281.000,zyQbLrDbnVAAyE0h,279.000,q5GVJKHvqVwABnDf,,
7,22,2026-04-05T12:40:40.003Z,239.000,9,134.000,TiCg1GW9IStcOras,135.000,MY8Sv42aXxDpCjC4,185.000,SayB0+Vq1qyZnTIu,189.000,md4MdKOU6ZsQ//g0,233.000,zyQbLrDbnVAAyE0h,242.000,BjjWVd8h3JWMBrnK,272.000,q5GVJKHvqVwABnDf,274.000,Fw2XlLSvhDCRIl7z,273.000,OY9eVeUW8tGGPJFe,,
7,23,2026-04-05T12:40:40.242Z,271.000,9,172.000,SayB0+Vq1qyZnTIu,202.000,MY8Sv42aXxDpCjC4,203.000,md4MdKOU6ZsQ//g0,205.000,TiCg1GW9IStcOras,251.000,Fw2XlLSvhDCRIl7z,257.000,q5GVJKHvqVwABnDf,297.000,zyQbLrDbnVAAyE0h,298.000,BjjWVd8h3JWMBrnK,275.000,OY9eVeUW8tGGPJFe,,
7,24,2026-04-05T12:40:40.513Z,241.000,9,139.000,MY8Sv42aXxDpCjC4,188.000,Fw2XlLSvhDCRIl7z,191.000,md4MdKOU6ZsQ//g0,201.000,SayB0+Vq1qyZnTIu,210.000,OY9eVeUW8tGGPJFe,235.000,zyQbLrDbnVAAyE0h,241.000,BjjWVd8h3JWMBrnK,242.000,TiCg1GW9IStcOras,246.000,q5GVJKHvqVwABnDf,,
7,25,2026-04-05T12:40:40.754Z,261.000,9,199.000,SayB0+Vq1qyZnTIu,200.000,md4MdKOU6ZsQ//g0,202.000,MY8Sv42aXxDpCjC4,205.000,BjjWVd8h3JWMBrnK,207.000,TiCg1GW9IStcOras,258.000,q5GVJKHvqVwABnDf,261.000,Fw2XlLSvhDCRIl7z,305.000,zyQbLrDbnVAAyE0h,276.000,OY9eVeUW8tGGPJFe,,
7,26,2026-04-05T12:40:41.015Z,251.000,9,182.000,MY8Sv42aXxDpCjC4,202.000,md4MdKOU6ZsQ//g0,204.000,Fw2XlLSvhDCRIl7z,210.000,SayB0+Vq1qyZnTIu,289.000,OY9eVeUW8tGGPJFe,288.000,q5GVJKHvqVwABnDf,256.000,BjjWVd8h3JWMBrnK,252.000,zyQbLrDbnVAAyE0h,254.000,TiCg1GW9IStcOras,,
7,27,2026-04-05T12:40:41.266Z,277.000,9,199.000,SayB0+Vq1qyZnTIu,201.000,Fw2XlLSvhDCRIl7z,208.000,md4MdKOU6ZsQ//g0,210.000,TiCg1GW9IStcOras,211.000,MY8Sv42aXxDpCjC4,259.000,q5GVJKHvqVwABnDf,277.000,OY9eVeUW8tGGPJFe,307.000,BjjWVd8h3JWMBrnK,303.000,zyQbLrDbnVAAyE0h,,
7,28,2026-04-05T12:40:41.543Z,237.000,9,138.000,TiCg1GW9IStcOras,140.000,MY8Sv42aXxDpCjC4,206.000,md4MdKOU6ZsQ//g0,230.000,Fw2XlLSvhDCRIl7z,231.000,SayB0+Vq1qyZnTIu,235.000,zyQbLrDbnVAAyE0h,251.000,q5GVJKHvqVwABnDf,242.000,BjjWVd8h3JWMBrnK,248.000,OY9eVeUW8tGGPJFe,,
7,29,2026-04-05T12:40:41.780Z,281.000,9,201.000,SayB0+Vq1qyZnTIu,203.000,md4MdKOU6ZsQ//g0,211.000,BjjWVd8h3JWMBrnK,212.000,MY8Sv42aXxDpCjC4,213.000,TiCg1GW9IStcOras,259.000,q5GVJKHvqVwABnDf,281.000,OY9eVeUW8tGGPJFe,301.000,Fw2XlLSvhDCRIl7z,305.000,zyQbLrDbnVAAyE0h,,
7,30,2026-04-05T12:40:42.061Z,236.000,9,138.000,TiCg1GW9IStcOras,139.000,MY8Sv42aXxDpCjC4,207.000,md4MdKOU6ZsQ//g0,226.000,SayB0+Vq1qyZnTIu,231.000,zyQbLrDbnVAAyE0h,249.000,q5GVJKHvqVwABnDf,247.000,Fw2XlLSvhDCRIl7z,240.000,BjjWVd8h3JWMBrnK,246.000,OY9eVeUW8tGGPJFe,,
7,31,2026-04-05T12:40:42.297Z,303.000,9,201.000,SayB0+Vq1qyZnTIu,207.000,MY8Sv42aXxDpCjC4,208.000,md4MdKOU6ZsQ//g0,209.000,BjjWVd8h3JWMBrnK,254.000,q5GVJKHvqVwABnDf,279.000,OY9eVeUW8tGGPJFe,303.000,zyQbLrDbnVAAyE0h,309.000,Fw2XlLSvhDCRIl7z,310.000,TiCg1GW9IStcOras,,
7,32,2026-04-05T12:40:42.600Z,250.000,9,116.000,TiCg1GW9IStcOras,145.000,MY8Sv42aXxDpCjC4,180.000,md4MdKOU6ZsQ//g0,207.000,SayB0+Vq1qyZnTIu,212.000,BjjWVd8h3JWMBrnK,218.000,Fw2XlLSvhDCRIl7z,259.000,zyQbLrDbnVAAyE0h,258.000,q5GVJKHvqVwABnDf,260.000,OY9eVeUW8tGGPJFe,,
7,33,2026-04-05T12:40:42.850Z,272.000,9,167.000,SayB0+Vq1qyZnTIu,168.000,BjjWVd8h3JWMBrnK,175.000,md4MdKOU6ZsQ//g0,203.000,MY8Sv42aXxDpCjC4,216.000,q5GVJKHvqVwABnDf,266.000,zyQbLrDbnVAAyE0h,478.000,TiCg1GW9IStcOras,580.000,Fw2XlLSvhDCRIl7z,476.000,OY9eVeUW8tGGPJFe,,
7,34,2026-04-05T12:40:43.122Z,243.000,9,139.000,TiCg1GW9IStcOras,166.000,MY8Sv42aXxDpCjC4,200.000,SayB0+Vq1qyZnTIu,201.000,md4MdKOU6ZsQ//g0,213.000,OY9eVeUW8tGGPJFe,272.000,BjjWVd8h3JWMBrnK,249.000,Fw2XlLSvhDCRIl7z,270.000,zyQbLrDbnVAAyE0h,252.000,q5GVJKHvqVwABnDf,,
7,35,2026-04-05T12:40:43.365Z,273.000,9,168.000,SayB0+Vq1qyZnTIu,175.000,OY9eVeUW8tGGPJFe,201.000,MY8Sv42aXxDpCjC4,212.000,Fw2XlLSvhDCRIl7z,213.000,md4MdKOU6ZsQ//g0,266.000,zyQbLrDbnVAAyE0h,278.000,BjjWVd8h3JWMBrnK,275.000,q5GVJKHvqVwABnDf,276.000,TiCg1GW9IStcOras,,
7,36,2026-04-05T12:40:43.638Z,208.000,9,166.000,TiCg1GW9IStcOras,197.000,md4MdKOU6ZsQ//g0,200.000,SayB0+Vq1qyZnTIu,203.000,MY8Sv42aXxDpCjC4,249.000,Fw2XlLSvhDCRIl7z,303.000,BjjWVd8h3JWMBrnK,251.000,q5GVJKHvqVwABnDf,250.000,OY9eVeUW8tGGPJFe,302.000,zyQbLrDbnVAAyE0h,,
7,37,2026-04-05T12:40:43.846Z,294.000,9,199.000,MY8Sv42aXxDpCjC4,202.000,SayB0+Vq1qyZnTIu,245.000,OY9eVeUW8tGGPJFe,247.000,Fw2XlLSvhDCRIl7z,247.000,md4MdKOU6ZsQ//g0,267.000,TiCg1GW9IStcOras,300.000,zyQbLrDbnVAAyE0h,301.000,BjjWVd8h3JWMBrnK,307.000,q5GVJKHvqVwABnDf,,
7,38,2026-04-05T12:40:44.140Z,261.000,9,178.000,md4MdKOU6ZsQ//g0,179.000,TiCg1GW9IStcOras,206.000,MY8Sv42aXxDpCjC4,212.000,SayB0+Vq1qyZnTIu,213.000,zyQbLrDbnVAAyE0h,259.000,q5GVJKHvqVwABnDf,263.000,OY9eVeUW8tGGPJFe,262.000,Fw2XlLSvhDCRIl7z,317.000,BjjWVd8h3JWMBrnK,,
7,39,2026-04-05T12:40:44.401Z,270.000,9,204.000,md4MdKOU6ZsQ//g0,209.000,MY8Sv42aXxDpCjC4,247.000,SayB0+Vq1qyZnTIu,261.000,BjjWVd8h3JWMBrnK,262.000,zyQbLrDbnVAAyE0h,265.000,TiCg1GW9IStcOras,308.000,OY9eVeUW8tGGPJFe,305.000,q5GVJKHvqVwABnDf,311.000,Fw2XlLSvhDCRIl7z,,
7,40,2026-04-05T12:40:44.671Z,301.000,9,197.000,md4MdKOU6ZsQ//g0,199.000,MY8Sv42aXxDpCjC4,242.000,OY9eVeUW8tGGPJFe,244.000,q5GVJKHvqVwABnDf,247.000,Fw2XlLSvhDCRIl7z,264.000,SayB0+Vq1qyZnTIu,302.000,zyQbLrDbnVAAyE0h,304.000,BjjWVd8h3JWMBrnK,303.000,TiCg1GW9IStcOras,,
7,41,2026-04-05T12:40:44.972Z,254.000,9,153.000,md4MdKOU6ZsQ//g0,204.000,SayB0+Vq1qyZnTIu,205.000,MY8Sv42aXxDpCjC4,206.000,zyQbLrDbnVAAyE0h,209.000,TiCg1GW9IStcOras,249.000,q5GVJKHvqVwABnDf,254.000,OY9eVeUW8tGGPJFe,256.000,Fw2XlLSvhDCRIl7z,261.000,BjjWVd8h3JWMBrnK,,
7,42,2026-04-05T12:40:45.226Z,266.000,9,160.000,zyQbLrDbnVAAyE0h,166.000,SayB0+Vq1qyZnTIu,198.000,MY8Sv42aXxDpCjC4,205.000,md4MdKOU6ZsQ//g0,206.000,OY9eVeUW8tGGPJFe,209.000,Fw2XlLSvhDCRIl7z,265.000,TiCg1GW9IStcOras,266.000,BjjWVd8h3JWMBrnK,274.000,q5GVJKHvqVwABnDf,,
7,43,2026-04-05T12:40:45.492Z,250.000,9,200.000,MY8Sv42aXxDpCjC4,202.000,zyQbLrDbnVAAyE0h,204.000,TiCg1GW9IStcOras,204.000,md4MdKOU6ZsQ//g0,205.000,SayB0+Vq1qyZnTIu,249.000,Fw2XlLSvhDCRIl7z,250.000,q5GVJKHvqVwABnDf,251.000,OY9eVeUW8tGGPJFe,410.000,BjjWVd8h3JWMBrnK,,
7,44,2026-04-05T12:40:45.742Z,265.000,9,168.000,SayB0+Vq1qyZnTIu,197.000,MY8Sv42aXxDpCjC4,206.000,md4MdKOU6ZsQ//g0,208.000,OY9eVeUW8tGGPJFe,260.000,zyQbLrDbnVAAyE0h,264.000,TiCg1GW9IStcOras,276.000,q5GVJKHvqVwABnDf,266.000,BjjWVd8h3JWMBrnK,274.000,Fw2XlLSvhDCRIl7z,,
7,45,2026-04-05T12:40:46.007Z,258.000,9,200.000,MY8Sv42aXxDpCjC4,203.000,zyQbLrDbnVAAyE0h,203.000,md4MdKOU6ZsQ//g0,207.000,SayB0+Vq1qyZnTIu,249.000,Fw2XlLSvhDCRIl7z,251.000,q5GVJKHvqVwABnDf,293.000,OY9eVeUW8tGGPJFe,305.000,BjjWVd8h3JWMBrnK,304.000,TiCg1GW9IStcOras,,
7,46,2026-04-05T12:40:46.265Z,265.000,9,159.000,SayB0+Vq1qyZnTIu,196.000,md4MdKOU6ZsQ//g0,204.000,MY8Sv42aXxDpCjC4,255.000,zyQbLrDbnVAAyE0h,256.000,TiCg1GW9IStcOras,257.000,BjjWVd8h3JWMBrnK,295.000,Fw2XlLSvhDCRIl7z,296.000,q5GVJKHvqVwABnDf,292.000,OY9eVeUW8tGGPJFe,,
7,47,2026-04-05T12:40:46.530Z,296.000,9,195.000,MY8Sv42aXxDpCjC4,196.000,md4MdKOU6ZsQ//g0,197.000,BjjWVd8h3JWMBrnK,201.000,SayB0+Vq1qyZnTIu,241.000,Fw2XlLSvhDCRIl7z,244.000,q5GVJKHvqVwABnDf,296.000,zyQbLrDbnVAAyE0h,298.000,TiCg1GW9IStcOras,302.000,OY9eVeUW8tGGPJFe,,
7,48,2026-04-05T12:40:46.826Z,250.000,9,151.000,Fw2XlLSvhDCRIl7z,205.000,MY8Sv42aXxDpCjC4,206.000,md4MdKOU6ZsQ//g0,213.000,SayB0+Vq1qyZnTIu,312.000,BjjWVd8h3JWMBrnK,316.000,OY9eVeUW8tGGPJFe,314.000,zyQbLrDbnVAAyE0h,259.000,q5GVJKHvqVwABnDf,515.000,TiCg1GW9IStcOras,,
7,49,2026-04-05T12:40:47.076Z,266.000,9,174.000,SayB0+Vq1qyZnTIu,202.000,MY8Sv42aXxDpCjC4,205.000,md4MdKOU6ZsQ//g0,207.000,BjjWVd8h3JWMBrnK,218.000,q5GVJKHvqVwABnDf,254.000,Fw2XlLSvhDCRIl7z,266.000,TiCg1GW9IStcOras,267.000,zyQbLrDbnVAAyE0h,272.000,OY9eVeUW8tGGPJFe,,
7,50,2026-04-05T12:40:47.342Z,308.000,9,206.000,MY8Sv42aXxDpCjC4,207.000,md4MdKOU6ZsQ//g0,215.000,SayB0+Vq1qyZnTIu,263.000,q5GVJKHvqVwABnDf,298.000,Fw2XlLSvhDCRIl7z,308.000,TiCg1GW9IStcOras,308.000,zyQbLrDbnVAAyE0h,315.000,OY9eVeUW8tGGPJFe,314.000,BjjWVd8h3JWMBrnK,,
7,51,2026-04-05T12:40:47.650Z,225.000,9,119.000,SayB0+Vq1qyZnTIu,161.000,q5GVJKHvqVwABnDf,205.000,TiCg1GW9IStcOras,207.000,MY8Sv42aXxDpCjC4,208.000,md4MdKOU6ZsQ//g0,209.000,BjjWVd8h3JWMBrnK,230.000,zyQbLrDbnVAAyE0h,228.000,Fw2XlLSvhDCRIl7z,231.000,OY9eVeUW8tGGPJFe,,
7,52,2026-04-05T12:40:47.875Z,237.000,9,189.000,MY8Sv42aXxDpCjC4,190.000,md4MdKOU6ZsQ//g0,201.000,SayB0+Vq1qyZnTIu,291.000,TiCg1GW9IStcOras,297.000,OY9eVeUW8tGGPJFe,295.000,BjjWVd8h3JWMBrnK,294.000,zyQbLrDbnVAAyE0h,245.000,q5GVJKHvqVwABnDf,279.000,Fw2XlLSvhDCRIl7z,,
7,53,2026-04-05T12:40:48.112Z,264.000,9,177.000,SayB0+Vq1qyZnTIu,199.000,MY8Sv42aXxDpCjC4,214.000,q5GVJKHvqVwABnDf,214.000,md4MdKOU6ZsQ//g0,259.000,TiCg1GW9IStcOras,261.000,zyQbLrDbnVAAyE0h,264.000,BjjWVd8h3JWMBrnK,270.000,OY9eVeUW8tGGPJFe,284.000,Fw2XlLSvhDCRIl7z,,
7,54,2026-04-05T12:40:48.376Z,227.000,9,205.000,MY8Sv42aXxDpCjC4,206.000,md4MdKOU6ZsQ//g0,219.000,SayB0+Vq1qyZnTIu,261.000,q5GVJKHvqVwABnDf,309.000,TiCg1GW9IStcOras,310.000,zyQbLrDbnVAAyE0h,311.000,BjjWVd8h3JWMBrnK,290.000,Fw2XlLSvhDCRIl7z,416.000,OY9eVeUW8tGGPJFe,,
7,55,2026-04-05T12:40:48.603Z,287.000,9,184.000,MY8Sv42aXxDpCjC4,187.000,md4MdKOU6ZsQ//g0,202.000,SayB0+Vq1qyZnTIu,241.000,q5GVJKHvqVwABnDf,270.000,Fw2XlLSvhDCRIl7z,285.000,TiCg1GW9IStcOras,293.000,BjjWVd8h3JWMBrnK,292.000,OY9eVeUW8tGGPJFe,289.000,zyQbLrDbnVAAyE0h,,
7,56,2026-04-05T12:40:48.890Z,252.000,9,147.000,SayB0+Vq1qyZnTIu,149.000,MY8Sv42aXxDpCjC4,190.000,md4MdKOU6ZsQ//g0,206.000,zyQbLrDbnVAAyE0h,209.000,BjjWVd8h3JWMBrnK,213.000,OY9eVeUW8tGGPJFe,255.000,TiCg1GW9IStcOras,257.000,q5GVJKHvqVwABnDf,256.000,Fw2XlLSvhDCRIl7z,,
7,57,2026-04-05T12:40:49.142Z,266.000,9,165.000,md4MdKOU6ZsQ//g0,200.000,SayB0+Vq1qyZnTIu,202.000,MY8Sv42aXxDpCjC4,218.000,q5GVJKHvqVwABnDf,261.000,TiCg1GW9IStcOras,268.000,zyQbLrDbnVAAyE0h,271.000,BjjWVd8h3JWMBrnK,274.000,Fw2XlLSvhDCRIl7z,273.000,OY9eVeUW8tGGPJFe,,
7,58,2026-04-05T12:40:49.408Z,253.000,9,149.000,SayB0+Vq1qyZnTIu,202.000,zyQbLrDbnVAAyE0h,204.000,MY8Sv42aXxDpCjC4,206.000,md4MdKOU6ZsQ//g0,208.000,BjjWVd8h3JWMBrnK,229.000,Fw2XlLSvhDCRIl7z,261.000,TiCg1GW9IStcOras,258.000,q5GVJKHvqVwABnDf,259.000,OY9eVeUW8tGGPJFe,,
7,59,2026-04-05T12:40:49.661Z,264.000,9,164.000,md4MdKOU6ZsQ//g0,178.000,SayB0+Vq1qyZnTIu,205.000,MY8Sv42aXxDpCjC4,214.000,q5GVJKHvqVwABnDf,257.000,TiCg1GW9IStcOras,262.000,zyQbLrDbnVAAyE0h,269.000,BjjWVd8h3JWMBrnK,271.000,OY9eVeUW8tGGPJFe,274.000,Fw2XlLSvhDCRIl7z,,
7,60,2026-04-05T12:40:49.925Z,254.000,9,149.000,SayB0+Vq1qyZnTIu,204.000,MY8Sv42aXxDpCjC4,205.000,md4MdKOU6ZsQ//g0,207.000,zyQbLrDbnVAAyE0h,209.000,BjjWVd8h3JWMBrnK,229.000,Fw2XlLSvhDCRIl7z,262.000,OY9eVeUW8tGGPJFe,258.000,q5GVJKHvqVwABnDf,260.000,TiCg1GW9IStcOras,,
7,61,2026-04-05T12:40:50.179Z,256.000,9,159.000,zyQbLrDbnVAAyE0h,170.000,SayB0+Vq1qyZnTIu,179.000,md4MdKOU6ZsQ//g0,197.000,MY8Sv42aXxDpCjC4,279.000,Fw2XlLSvhDCRIl7z,261.000,TiCg1GW9IStcOras,264.000,BjjWVd8h3JWMBrnK,265.000,OY9eVeUW8tGGPJFe,281.000,q5GVJKHvqVwABnDf,,
7,62,2026-04-05T12:40:50.435Z,304.000,9,200.000,SayB0+Vq1qyZnTIu,210.000,MY8Sv42aXxDpCjC4,210.000,md4MdKOU6ZsQ//g0,214.000,OY9eVeUW8tGGPJFe,234.000,Fw2XlLSvhDCRIl7z,306.000,TiCg1GW9IStcOras,307.000,BjjWVd8h3JWMBrnK,312.000,zyQbLrDbnVAAyE0h,417.000,q5GVJKHvqVwABnDf,,
7,63,2026-04-05T12:40:50.739Z,220.000,9,135.000,md4MdKOU6ZsQ//g0,150.000,q5GVJKHvqVwABnDf,155.000,MY8Sv42aXxDpCjC4,157.000,SayB0+Vq1qyZnTIu,241.000,zyQbLrDbnVAAyE0h,236.000,BjjWVd8h3JWMBrnK,239.000,TiCg1GW9IStcOras,222.000,OY9eVeUW8tGGPJFe,240.000,Fw2XlLSvhDCRIl7z,,
7,64,2026-04-05T12:40:50.959Z,297.000,9,177.000,q5GVJKHvqVwABnDf,192.000,SayB0+Vq1qyZnTIu,207.000,md4MdKOU6ZsQ//g0,218.000,MY8Sv42aXxDpCjC4,224.000,Fw2XlLSvhDCRIl7z,229.000,zyQbLrDbnVAAyE0h,297.000,OY9eVeUW8tGGPJFe,297.000,TiCg1GW9IStcOras,502.000,BjjWVd8h3JWMBrnK,,
7,65,2026-04-05T12:40:51.256Z,239.000,9,136.000,md4MdKOU6ZsQ//g0,156.000,SayB0+Vq1qyZnTIu,157.000,q5GVJKHvqVwABnDf,221.000,OY9eVeUW8tGGPJFe,237.000,TiCg1GW9IStcOras,238.000,BjjWVd8h3JWMBrnK,239.000,Fw2XlLSvhDCRIl7z,241.000,MY8Sv42aXxDpCjC4,244.000,zyQbLrDbnVAAyE0h,,
7,66,2026-04-05T12:40:51.495Z,251.000,9,141.000,SayB0+Vq1qyZnTIu,204.000,TiCg1GW9IStcOras,205.000,md4MdKOU6ZsQ//g0,207.000,MY8Sv42aXxDpCjC4,208.000,BjjWVd8h3JWMBrnK,253.000,OY9eVeUW8tGGPJFe,259.000,q5GVJKHvqVwABnDf,255.000,Fw2XlLSvhDCRIl7z,257.000,zyQbLrDbnVAAyE0h,,
7,67,2026-04-05T12:40:51.746Z,239.000,8,163.000,md4MdKOU6ZsQ//g0,175.000,SayB0+Vq1qyZnTIu,198.000,q5GVJKHvqVwABnDf,262.000,TiCg1GW9IStcOras,267.000,Fw2XlLSvhDCRIl7z,269.000,BjjWVd8h3JWMBrnK,265.000,zyQbLrDbnVAAyE0h,246.000,OY9eVeUW8tGGPJFe,,,,
7,68,2026-04-05T12:40:51.985Z,235.000,9,183.000,MY8Sv42aXxDpCjC4,193.000,SayB0+Vq1qyZnTIu,206.000,OY9eVeUW8tGGPJFe,211.000,md4MdKOU6ZsQ//g0,227.000,TiCg1GW9IStcOras,230.000,zyQbLrDbnVAAyE0h,234.000,BjjWVd8h3JWMBrnK,292.000,Fw2XlLSvhDCRIl7z,304.000,q5GVJKHvqVwABnDf,,
7,69,2026-04-05T12:40:52.220Z,270.000,9,168.000,SayB0+Vq1qyZnTIu,206.000,md4MdKOU6ZsQ//g0,210.000,MY8Sv42aXxDpCjC4,312.000,TiCg1GW9IStcOras,317.000,q5GVJKHvqVwABnDf,308.000,zyQbLrDbnVAAyE0h,310.000,BjjWVd8h3JWMBrnK,311.000,Fw2XlLSvhDCRIl7z,285.000,OY9eVeUW8tGGPJFe,,
7,70,2026-04-05T12:40:52.490Z,245.000,9,162.000,MY8Sv42aXxDpCjC4,202.000,SayB0+Vq1qyZnTIu,206.000,md4MdKOU6ZsQ//g0,243.000,BjjWVd8h3JWMBrnK,243.000,zyQbLrDbnVAAyE0h,244.000,Fw2XlLSvhDCRIl7z,245.000,TiCg1GW9IStcOras,263.000,q5GVJKHvqVwABnDf,292.000,OY9eVeUW8tGGPJFe,,
7,71,2026-04-05T12:40:52.735Z,308.000,9,206.000,md4MdKOU6ZsQ//g0,214.000,MY8Sv42aXxDpCjC4,232.000,SayB0+Vq1qyZnTIu,286.000,OY9eVeUW8tGGPJFe,307.000,TiCg1GW9IStcOras,308.000,Fw2XlLSvhDCRIl7z,308.000,zyQbLrDbnVAAyE0h,313.000,q5GVJKHvqVwABnDf,432.000,BjjWVd8h3JWMBrnK,,
7,72,2026-04-05T12:40:53.043Z,271.000,9,165.000,SayB0+Vq1qyZnTIu,166.000,q5GVJKHvqVwABnDf,205.000,zyQbLrDbnVAAyE0h,207.000,md4MdKOU6ZsQ//g0,215.000,MY8Sv42aXxDpCjC4,273.000,TiCg1GW9IStcOras,272.000,OY9eVeUW8tGGPJFe,276.000,Fw2XlLSvhDCRIl7z,589.000,BjjWVd8h3JWMBrnK,,
7,73,2026-04-05T12:40:53.314Z,247.000,9,149.000,md4MdKOU6ZsQ//g0,200.000,SayB0+Vq1qyZnTIu,202.000,q5GVJKHvqVwABnDf,217.000,MY8Sv42aXxDpCjC4,245.000,TiCg1GW9IStcOras,246.000,OY9eVeUW8tGGPJFe,248.000,Fw2XlLSvhDCRIl7z,252.000,zyQbLrDbnVAAyE0h,260.000,BjjWVd8h3JWMBrnK,,
7,74,2026-04-05T12:40:53.561Z,268.000,9,164.000,q5GVJKHvqVwABnDf,165.000,SayB0+Vq1qyZnTIu,201.000,BjjWVd8h3JWMBrnK,205.000,OY9eVeUW8tGGPJFe,211.000,MY8Sv42aXxDpCjC4,211.000,md4MdKOU6ZsQ//g0,273.000,TiCg1GW9IStcOras,272.000,zyQbLrDbnVAAyE0h,278.000,Fw2XlLSvhDCRIl7z,,
7,75,2026-04-05T12:40:53.829Z,277.000,9,153.000,md4MdKOU6ZsQ//g0,155.000,MY8Sv42aXxDpCjC4,200.000,SayB0+Vq1qyZnTIu,272.000,TiCg1GW9IStcOras,273.000,zyQbLrDbnVAAyE0h,282.000,OY9eVeUW8tGGPJFe,283.000,Fw2XlLSvhDCRIl7z,278.000,q5GVJKHvqVwABnDf,280.000,BjjWVd8h3JWMBrnK,,
7,76,2026-04-05T12:40:54.106Z,237.000,9,170.000,BjjWVd8h3JWMBrnK,171.000,SayB0+Vq1qyZnTIu,176.000,MY8Sv42aXxDpCjC4,186.000,md4MdKOU6ZsQ//g0,186.000,Fw2XlLSvhDCRIl7z,288.000,OY9eVeUW8tGGPJFe,275.000,zyQbLrDbnVAAyE0h,277.000,TiCg1GW9IStcOras,275.000,q5GVJKHvqVwABnDf,,
7,77,2026-04-05T12:40:54.343Z,252.000,9,157.000,Fw2XlLSvhDCRIl7z,176.000,MY8Sv42aXxDpCjC4,211.000,md4MdKOU6ZsQ//g0,212.000,SayB0+Vq1qyZnTIu,235.000,q5GVJKHvqVwABnDf,251.000,TiCg1GW9IStcOras,252.000,zyQbLrDbnVAAyE0h,280.000,OY9eVeUW8tGGPJFe,282.000,BjjWVd8h3JWMBrnK,,
7,78,2026-04-05T12:40:54.595Z,222.000,9,186.000,SayB0+Vq1qyZnTIu,195.000,BjjWVd8h3JWMBrnK,199.000,TiCg1GW9IStcOras,204.000,q5GVJKHvqVwABnDf,205.000,zyQbLrDbnVAAyE0h,206.000,md4MdKOU6ZsQ//g0,221.000,MY8Sv42aXxDpCjC4,233.000,OY9eVeUW8tGGPJFe,293.000,Fw2XlLSvhDCRIl7z,,
7,79,2026-04-05T12:40:54.817Z,292.000,9,196.000,md4MdKOU6ZsQ//g0,236.000,MY8Sv42aXxDpCjC4,242.000,SayB0+Vq1qyZnTIu,301.000,Fw2XlLSvhDCRIl7z,306.000,OY9eVeUW8tGGPJFe,305.000,q5GVJKHvqVwABnDf,298.000,BjjWVd8h3JWMBrnK,296.000,TiCg1GW9IStcOras,295.000,zyQbLrDbnVAAyE0h,,
7,80,2026-04-05T12:40:55.109Z,245.000,9,196.000,TiCg1GW9IStcOras,198.000,SayB0+Vq1qyZnTIu,201.000,MY8Sv42aXxDpCjC4,203.000,zyQbLrDbnVAAyE0h,207.000,md4MdKOU6ZsQ//g0,215.000,q5GVJKHvqVwABnDf,269.000,OY9eVeUW8tGGPJFe,303.000,BjjWVd8h3JWMBrnK,305.000,Fw2XlLSvhDCRIl7z,,
7,81,2026-04-05T12:40:55.354Z,268.000,9,177.000,md4MdKOU6ZsQ//g0,181.000,SayB0+Vq1qyZnTIu,229.000,MY8Sv42aXxDpCjC4,281.000,BjjWVd8h3JWMBrnK,282.000,q5GVJKHvqVwABnDf,275.000,zyQbLrDbnVAAyE0h,285.000,OY9eVeUW8tGGPJFe,274.000,TiCg1GW9IStcOras,277.000,Fw2XlLSvhDCRIl7z,,
7,82,2026-04-05T12:40:55.622Z,219.000,9,201.000,MY8Sv42aXxDpCjC4,203.000,SayB0+Vq1qyZnTIu,204.000,md4MdKOU6ZsQ//g0,205.000,zyQbLrDbnVAAyE0h,209.000,TiCg1GW9IStcOras,218.000,BjjWVd8h3JWMBrnK,219.000,q5GVJKHvqVwABnDf,269.000,OY9eVeUW8tGGPJFe,309.000,Fw2XlLSvhDCRIl7z,,
7,83,2026-04-05T12:40:55.841Z,297.000,9,198.000,md4MdKOU6ZsQ//g0,206.000,MY8Sv42aXxDpCjC4,255.000,SayB0+Vq1qyZnTIu,256.000,OY9eVeUW8tGGPJFe,299.000,TiCg1GW9IStcOras,308.000,q5GVJKHvqVwABnDf,302.000,Fw2XlLSvhDCRIl7z,301.000,zyQbLrDbnVAAyE0h,310.000,BjjWVd8h3JWMBrnK,,
7,84,2026-04-05T12:40:56.138Z,307.000,9,204.000,md4MdKOU6ZsQ//g0,206.000,SayB0+Vq1qyZnTIu,210.000,Fw2XlLSvhDCRIl7z,217.000,BjjWVd8h3JWMBrnK,230.000,q5GVJKHvqVwABnDf,267.000,OY9eVeUW8tGGPJFe,307.000,TiCg1GW9IStcOras,363.000,zyQbLrDbnVAAyE0h,367.000,MY8Sv42aXxDpCjC4,,
7,85,2026-04-05T12:40:56.445Z,247.000,8,236.000,md4MdKOU6ZsQ//g0,238.000,SayB0+Vq1qyZnTIu,240.000,zyQbLrDbnVAAyE0h,308.000,BjjWVd8h3JWMBrnK,272.000,OY9eVeUW8tGGPJFe,310.000,Fw2XlLSvhDCRIl7z,312.000,TiCg1GW9IStcOras,284.000,q5GVJKHvqVwABnDf,,,,
7,86,2026-04-05T12:40:56.692Z,269.000,9,170.000,MY8Sv42aXxDpCjC4,206.000,md4MdKOU6ZsQ//g0,212.000,Fw2XlLSvhDCRIl7z,228.000,SayB0+Vq1qyZnTIu,250.000,OY9eVeUW8tGGPJFe,266.000,BjjWVd8h3JWMBrnK,270.000,zyQbLrDbnVAAyE0h,328.000,q5GVJKHvqVwABnDf,272.000,TiCg1GW9IStcOras,,
7,87,2026-04-05T12:40:56.961Z,267.000,9,186.000,MY8Sv42aXxDpCjC4,203.000,OY9eVeUW8tGGPJFe,205.000,SayB0+Vq1qyZnTIu,206.000,md4MdKOU6ZsQ//g0,211.000,TiCg1GW9IStcOras,264.000,q5GVJKHvqVwABnDf,267.000,Fw2XlLSvhDCRIl7z,310.000,BjjWVd8h3JWMBrnK,412.000,zyQbLrDbnVAAyE0h,,
7,88,2026-04-05T12:40:57.228Z,276.000,9,192.000,Fw2XlLSvhDCRIl7z,203.000,md4MdKOU6ZsQ//g0,227.000,MY8Sv42aXxDpCjC4,244.000,SayB0+Vq1qyZnTIu,247.000,zyQbLrDbnVAAyE0h,251.000,OY9eVeUW8tGGPJFe,276.000,TiCg1GW9IStcOras,307.000,q5GVJKHvqVwABnDf,432.000,BjjWVd8h3JWMBrnK,,
7,89,2026-04-05T12:40:57.504Z,279.000,9,179.000,OY9eVeUW8tGGPJFe,179.000,md4MdKOU6ZsQ//g0,181.000,SayB0+Vq1qyZnTIu,183.000,MY8Sv42aXxDpCjC4,184.000,TiCg1GW9IStcOras,260.000,Fw2XlLSvhDCRIl7z,280.000,zyQbLrDbnVAAyE0h,284.000,BjjWVd8h3JWMBrnK,394.000,q5GVJKHvqVwABnDf,,
7,90,2026-04-05T12:40:57.783Z,305.000,9,201.000,MY8Sv42aXxDpCjC4,206.000,md4MdKOU6ZsQ//g0,209.000,SayB0+Vq1qyZnTIu,237.000,TiCg1GW9IStcOras,306.000,Fw2XlLSvhDCRIl7z,311.000,BjjWVd8h3JWMBrnK,316.000,zyQbLrDbnVAAyE0h,308.000,q5GVJKHvqVwABnDf,310.000,OY9eVeUW8tGGPJFe,,
7,91,2026-04-05T12:40:58.088Z,266.000,9,120.000,BjjWVd8h3JWMBrnK,204.000,md4MdKOU6ZsQ//g0,207.000,MY8Sv42aXxDpCjC4,209.000,SayB0+Vq1qyZnTIu,241.000,TiCg1GW9IStcOras,261.000,OY9eVeUW8tGGPJFe,269.000,q5GVJKHvqVwABnDf,308.000,Fw2XlLSvhDCRIl7z,314.000,zyQbLrDbnVAAyE0h,,
7,92,2026-04-05T12:40:58.354Z,297.000,9,212.000,SayB0+Vq1qyZnTIu,212.000,md4MdKOU6ZsQ//g0,214.000,MY8Sv42aXxDpCjC4,255.000,zyQbLrDbnVAAyE0h,264.000,BjjWVd8h3JWMBrnK,281.000,TiCg1GW9IStcOras,302.000,Fw2XlLSvhDCRIl7z,381.000,q5GVJKHvqVwABnDf,301.000,OY9eVeUW8tGGPJFe,,
7,93,2026-04-05T12:40:58.651Z,283.000,9,159.000,q5GVJKHvqVwABnDf,170.000,md4MdKOU6ZsQ//g0,201.000,SayB0+Vq1qyZnTIu,203.000,MY8Sv42aXxDpCjC4,260.000,Fw2XlLSvhDCRIl7z,287.000,zyQbLrDbnVAAyE0h,288.000,BjjWVd8h3JWMBrnK,289.000,OY9eVeUW8tGGPJFe,285.000,TiCg1GW9IStcOras,,
7,94,2026-04-05T12:40:58.934Z,277.000,9,182.000,Fw2XlLSvhDCRIl7z,184.000,MY8Sv42aXxDpCjC4,185.000,SayB0+Vq1qyZnTIu,186.000,BjjWVd8h3JWMBrnK,190.000,md4MdKOU6ZsQ//g0,280.000,OY9eVeUW8tGGPJFe,288.000,TiCg1GW9IStcOras,291.000,zyQbLrDbnVAAyE0h,286.000,q5GVJKHvqVwABnDf,,
7,95,2026-04-05T12:40:59.211Z,218.000,9,123.000,md4MdKOU6ZsQ//g0,156.000,SayB0+Vq1qyZnTIu,158.000,MY8Sv42aXxDpCjC4,162.000,TiCg1GW9IStcOras,206.000,OY9eVeUW8tGGPJFe,214.000,q5GVJKHvqVwABnDf,217.000,Fw2XlLSvhDCRIl7z,222.000,zyQbLrDbnVAAyE0h,227.000,BjjWVd8h3JWMBrnK,,
7,96,2026-04-05T12:40:59.429Z,266.000,9,185.000,MY8Sv42aXxDpCjC4,195.000,OY9eVeUW8tGGPJFe,205.000,md4MdKOU6ZsQ//g0,216.000,SayB0+Vq1qyZnTIu,245.000,TiCg1GW9IStcOras,291.000,Fw2XlLSvhDCRIl7z,293.000,q5GVJKHvqVwABnDf,343.000,BjjWVd8h3JWMBrnK,344.000,zyQbLrDbnVAAyE0h,,
7,97,2026-04-05T12:40:59.695Z,251.000,9,158.000,OY9eVeUW8tGGPJFe,186.000,MY8Sv42aXxDpCjC4,188.000,TiCg1GW9IStcOras,189.000,SayB0+Vq1qyZnTIu,197.000,md4MdKOU6ZsQ//g0,249.000,Fw2XlLSvhDCRIl7z,251.000,zyQbLrDbnVAAyE0h,257.000,BjjWVd8h3JWMBrnK,294.000,q5GVJKHvqVwABnDf,,
7,98,2026-04-05T12:40:59.946Z,286.000,9,179.000,MY8Sv42aXxDpCjC4,205.000,md4MdKOU6ZsQ//g0,216.000,OY9eVeUW8tGGPJFe,241.000,SayB0+Vq1qyZnTIu,249.000,q5GVJKHvqVwABnDf,256.000,TiCg1GW9IStcOras,287.000,Fw2XlLSvhDCRIl7z,289.000,zyQbLrDbnVAAyE0h,412.000,BjjWVd8h3JWMBrnK,,
7,99,2026-04-05T12:41:00.232Z,240.000,9,146.000,md4MdKOU6ZsQ//g0,174.000,TiCg1GW9IStcOras,182.000,SayB0+Vq1qyZnTIu,199.000,MY8Sv42aXxDpCjC4,228.000,Fw2XlLSvhDCRIl7z,230.000,zyQbLrDbnVAAyE0h,240.000,BjjWVd8h3JWMBrnK,251.000,OY9eVeUW8tGGPJFe,255.000,q5GVJKHvqVwABnDf,,
7,100,2026-04-05T12:41:00.472Z,272.000,9,195.000,md4MdKOU6ZsQ//g0,216.000,SayB0+Vq1qyZnTIu,244.000,TiCg1GW9IStcOras,251.000,MY8Sv42aXxDpCjC4,309.000,BjjWVd8h3JWMBrnK,342.000,q5GVJKHvqVwABnDf,298.000,zyQbLrDbnVAAyE0h,294.000,Fw2XlLSvhDCRIl7z,319.000,OY9eVeUW8tGGPJFe,,
7,101,2026-04-05T12:41:00.744Z,279.000,9,173.000,md4MdKOU6ZsQ//g0,216.000,SayB0+Vq1qyZnTIu,228.000,Fw2XlLSvhDCRIl7z,233.000,zyQbLrDbnVAAyE0h,235.000,MY8Sv42aXxDpCjC4,243.000,BjjWVd8h3JWMBrnK,279.000,TiCg1GW9IStcOras,313.000,q5GVJKHvqVwABnDf,321.000,OY9eVeUW8tGGPJFe,,
7,102,2026-04-05T12:41:01.023Z,271.000,9,158.000,zyQbLrDbnVAAyE0h,202.000,q5GVJKHvqVwABnDf,203.000,md4MdKOU6ZsQ//g0,212.000,SayB0+Vq1qyZnTIu,236.000,MY8Sv42aXxDpCjC4,277.000,BjjWVd8h3JWMBrnK,285.000,OY9eVeUW8tGGPJFe,278.000,Fw2XlLSvhDCRIl7z,307.000,TiCg1GW9IStcOras,,
7,103,2026-04-05T12:41:01.294Z,278.000,9,169.000,MY8Sv42aXxDpCjC4,210.000,md4MdKOU6ZsQ//g0,214.000,SayB0+Vq1qyZnTIu,242.000,TiCg1GW9IStcOras,273.000,zyQbLrDbnVAAyE0h,277.000,BjjWVd8h3JWMBrnK,278.000,Fw2XlLSvhDCRIl7z,279.000,q5GVJKHvqVwABnDf,280.000,OY9eVeUW8tGGPJFe,,
7,104,2026-04-05T12:41:01.572Z,208.000,9,168.000,md4MdKOU6ZsQ//g0,169.000,MY8Sv42aXxDpCjC4,170.000,TiCg1GW9IStcOras,199.000,SayB0+Vq1qyZnTIu,270.000,OY9eVeUW8tGGPJFe,273.000,BjjWVd8h3JWMBrnK,271.000,q5GVJKHvqVwABnDf,225.000,zyQbLrDbnVAAyE0h,243.000,Fw2XlLSvhDCRIl7z,,
7,105,2026-04-05T12:41:01.780Z,272.000,9,190.000,MY8Sv42aXxDpCjC4,225.000,zyQbLrDbnVAAyE0h,244.000,SayB0+Vq1qyZnTIu,257.000,md4MdKOU6ZsQ//g0,268.000,q5GVJKHvqVwABnDf,270.000,OY9eVeUW8tGGPJFe,271.000,BjjWVd8h3JWMBrnK,273.000,TiCg1GW9IStcOras,347.000,Fw2XlLSvhDCRIl7z,,
7,106,2026-04-05T12:41:02.052Z,305.000,9,202.000,q5GVJKHvqVwABnDf,209.000,md4MdKOU6ZsQ//g0,213.000,MY8Sv42aXxDpCjC4,236.000,SayB0+Vq1qyZnTIu,295.000,Fw2XlLSvhDCRIl7z,304.000,zyQbLrDbnVAAyE0h,314.000,TiCg1GW9IStcOras,308.000,OY9eVeUW8tGGPJFe,306.000,BjjWVd8h3JWMBrnK,,
7,107,2026-04-05T12:41:02.357Z,284.000,9,198.000,SayB0+Vq1qyZnTIu,203.000,md4MdKOU6ZsQ//g0,207.000,OY9eVeUW8tGGPJFe,208.000,MY8Sv42aXxDpCjC4,217.000,TiCg1GW9IStcOras,308.000,BjjWVd8h3JWMBrnK,305.000,q5GVJKHvqVwABnDf,301.000,Fw2XlLSvhDCRIl7z,304.000,zyQbLrDbnVAAyE0h,,
7,108,2026-04-05T12:41:02.641Z,273.000,9,136.000,q5GVJKHvqVwABnDf,139.000,MY8Sv42aXxDpCjC4,202.000,SayB0+Vq1qyZnTIu,220.000,md4MdKOU6ZsQ//g0,229.000,BjjWVd8h3JWMBrnK,270.000,OY9eVeUW8tGGPJFe,273.000,TiCg1GW9IStcOras,274.000,Fw2XlLSvhDCRIl7z,279.000,zyQbLrDbnVAAyE0h,,
7,109,2026-04-05T12:41:02.914Z,273.000,9,168.000,BjjWVd8h3JWMBrnK,170.000,SayB0+Vq1qyZnTIu,172.000,md4MdKOU6ZsQ//g0,182.000,zyQbLrDbnVAAyE0h,269.000,Fw2XlLSvhDCRIl7z,271.000,OY9eVeUW8tGGPJFe,274.000,TiCg1GW9IStcOras,276.000,q5GVJKHvqVwABnDf,277.000,MY8Sv42aXxDpCjC4,,
7,110,2026-04-05T12:41:03.187Z,254.000,9,190.000,SayB0+Vq1qyZnTIu,200.000,md4MdKOU6ZsQ//g0,202.000,MY8Sv42aXxDpCjC4,208.000,TiCg1GW9IStcOras,314.000,q5GVJKHvqVwABnDf,255.000,zyQbLrDbnVAAyE0h,303.000,BjjWVd8h3JWMBrnK,307.000,OY9eVeUW8tGGPJFe,302.000,Fw2XlLSvhDCRIl7z,,
7,111,2026-04-05T12:41:03.441Z,289.000,9,229.000,SayB0+Vq1qyZnTIu,230.000,MY8Sv42aXxDpCjC4,252.000,md4MdKOU6ZsQ//g0,264.000,TiCg1GW9IStcOras,267.000,q5GVJKHvqVwABnDf,311.000,zyQbLrDbnVAAyE0h,304.000,OY9eVeUW8tGGPJFe,302.000,Fw2XlLSvhDCRIl7z,301.000,BjjWVd8h3JWMBrnK,,
7,112,2026-04-05T12:41:03.730Z,224.000,9,182.000,md4MdKOU6ZsQ//g0,184.000,SayB0+Vq1qyZnTIu,205.000,MY8Sv42aXxDpCjC4,286.000,Fw2XlLSvhDCRIl7z,293.000,TiCg1GW9IStcOras,287.000,BjjWVd8h3JWMBrnK,289.000,q5GVJKHvqVwABnDf,243.000,zyQbLrDbnVAAyE0h,280.000,OY9eVeUW8tGGPJFe,,
7,113,2026-04-05T12:41:03.954Z,301.000,9,201.000,SayB0+Vq1qyZnTIu,202.000,MY8Sv42aXxDpCjC4,259.000,md4MdKOU6ZsQ//g0,267.000,Fw2XlLSvhDCRIl7z,268.000,BjjWVd8h3JWMBrnK,270.000,q5GVJKHvqVwABnDf,304.000,TiCg1GW9IStcOras,314.000,zyQbLrDbnVAAyE0h,318.000,OY9eVeUW8tGGPJFe,,
7,114,2026-04-05T12:41:04.255Z,275.000,8,175.000,OY9eVeUW8tGGPJFe,188.000,Fw2XlLSvhDCRIl7z,190.000,SayB0+Vq1qyZnTIu,192.000,zyQbLrDbnVAAyE0h,208.000,MY8Sv42aXxDpCjC4,210.000,TiCg1GW9IStcOras,275.000,q5GVJKHvqVwABnDf,280.000,BjjWVd8h3JWMBrnK,,,,
7,115,2026-04-05T12:41:04.530Z,241.000,9,145.000,MY8Sv42aXxDpCjC4,146.000,md4MdKOU6ZsQ//g0,204.000,q5GVJKHvqVwABnDf,208.000,BjjWVd8h3JWMBrnK,220.000,SayB0+Vq1qyZnTIu,228.000,Fw2XlLSvhDCRIl7z,241.000,TiCg1GW9IStcOras,358.000,OY9eVeUW8tGGPJFe,351.000,zyQbLrDbnVAAyE0h,,
7,116,2026-04-05T12:41:04.771Z,281.000,9,190.000,SayB0+Vq1qyZnTIu,206.000,BjjWVd8h3JWMBrnK,207.000,MY8Sv42aXxDpCjC4,208.000,zyQbLrDbnVAAyE0h,226.000,md4MdKOU6ZsQ//g0,314.000,OY9eVeUW8tGGPJFe,313.000,TiCg1GW9IStcOras,313.000,q5GVJKHvqVwABnDf,523.000,Fw2XlLSvhDCRIl7z,,
7,117,2026-04-05T12:41:05.052Z,253.000,9,201.000,SayB0+Vq1qyZnTIu,211.000,MY8Sv42aXxDpCjC4,215.000,md4MdKOU6ZsQ//g0,233.000,BjjWVd8h3JWMBrnK,238.000,OY9eVeUW8tGGPJFe,241.000,TiCg1GW9IStcOras,252.000,Fw2XlLSvhDCRIl7z,313.000,zyQbLrDbnVAAyE0h,316.000,q5GVJKHvqVwABnDf,,
7,118,2026-04-05T12:41:05.305Z,272.000,9,190.000,BjjWVd8h3JWMBrnK,192.000,md4MdKOU6ZsQ//g0,195.000,MY8Sv42aXxDpCjC4,196.000,SayB0+Vq1qyZnTIu,296.000,q5GVJKHvqVwABnDf,295.000,TiCg1GW9IStcOras,288.000,zyQbLrDbnVAAyE0h,305.000,Fw2XlLSvhDCRIl7z,308.000,OY9eVeUW8tGGPJFe,,
7,119,2026-04-05T12:41:05.577Z,239.000,9,150.000,MY8Sv42aXxDpCjC4,196.000,SayB0+Vq1qyZnTIu,196.000,md4MdKOU6ZsQ//g0,228.000,BjjWVd8h3JWMBrnK,229.000,q5GVJKHvqVwABnDf,230.000,TiCg1GW9IStcOras,239.000,Fw2XlLSvhDCRIl7z,303.000,OY9eVeUW8tGGPJFe,305.000,zyQbLrDbnVAAyE0h,,
7,120,2026-04-05T12:41:05.816Z,271.000,9,200.000,SayB0+Vq1qyZnTIu,200.000,md4MdKOU6ZsQ//g0,207.000,MY8Sv42aXxDpCjC4,302.000,q5GVJKHvqVwABnDf,310.000,OY9eVeUW8tGGPJFe,301.000,BjjWVd8h3JWMBrnK,299.000,TiCg1GW9IStcOras,291.000,zyQbLrDbnVAAyE0h,308.000,Fw2XlLSvhDCRIl7z,,
7,121,2026-04-05T12:41:06.087Z,246.000,9,155.000,MY8Sv42aXxDpCjC4,200.000,SayB0+Vq1qyZnTIu,228.000,md4MdKOU6ZsQ//g0,234.000,TiCg1GW9IStcOras,237.000,BjjWVd8h3JWMBrnK,244.000,OY9eVeUW8tGGPJFe,246.000,Fw2XlLSvhDCRIl7z,304.000,q5GVJKHvqVwABnDf,308.000,zyQbLrDbnVAAyE0h,,
7,122,2026-04-05T12:41:06.333Z,270.000,9,193.000,TiCg1GW9IStcOras,203.000,md4MdKOU6ZsQ//g0,205.000,Fw2XlLSvhDCRIl7z,206.000,MY8Sv42aXxDpCjC4,210.000,SayB0+Vq1qyZnTIu,307.000,q5GVJKHvqVwABnDf,301.000,BjjWVd8h3JWMBrnK,290.000,zyQbLrDbnVAAyE0h,305.000,OY9eVeUW8tGGPJFe,,
7,123,2026-04-05T12:41:06.603Z,241.000,9,200.000,SayB0+Vq1qyZnTIu,225.000,zyQbLrDbnVAAyE0h,230.000,TiCg1GW9IStcOras,232.000,MY8Sv42aXxDpCjC4,236.000,md4MdKOU6ZsQ//g0,238.000,OY9eVeUW8tGGPJFe,241.000,q5GVJKHvqVwABnDf,307.000,BjjWVd8h3JWMBrnK,308.000,Fw2XlLSvhDCRIl7z,,
7,124,2026-04-05T12:41:06.844Z,288.000,9,205.000,md4MdKOU6ZsQ//g0,282.000,MY8Sv42aXxDpCjC4,283.000,SayB0+Vq1qyZnTIu,293.000,zyQbLrDbnVAAyE0h,310.000,Fw2XlLSvhDCRIl7z,308.000,q5GVJKHvqVwABnDf,309.000,TiCg1GW9IStcOras,304.000,OY9eVeUW8tGGPJFe,307.000,BjjWVd8h3JWMBrnK,,
7,125,2026-04-05T12:41:07.132Z,295.000,9,188.000,SayB0+Vq1qyZnTIu,218.000,MY8Sv42aXxDpCjC4,225.000,TiCg1GW9IStcOras,225.000,md4MdKOU6ZsQ//g0,228.000,BjjWVd8h3JWMBrnK,300.000,Fw2XlLSvhDCRIl7z,337.000,OY9eVeUW8tGGPJFe,298.000,q5GVJKHvqVwABnDf,302.000,zyQbLrDbnVAAyE0h,,
7,126,2026-04-05T12:41:07.427Z,206.000,8,135.000,q5GVJKHvqVwABnDf,142.000,TiCg1GW9IStcOras,144.000,BjjWVd8h3JWMBrnK,148.000,MY8Sv42aXxDpCjC4,153.000,OY9eVeUW8tGGPJFe,155.000,SayB0+Vq1qyZnTIu,249.000,Fw2XlLSvhDCRIl7z,254.000,zyQbLrDbnVAAyE0h,,,,
7,127,2026-04-05T12:41:07.633Z,250.000,9,146.000,md4MdKOU6ZsQ//g0,203.000,SayB0+Vq1qyZnTIu,236.000,MY8Sv42aXxDpCjC4,243.000,q5GVJKHvqVwABnDf,246.000,TiCg1GW9IStcOras,248.000,BjjWVd8h3JWMBrnK,250.000,Fw2XlLSvhDCRIl7z,256.000,OY9eVeUW8tGGPJFe,257.000,zyQbLrDbnVAAyE0h,,
7,128,2026-04-05T12:41:07.883Z,218.000,8,197.000,q5GVJKHvqVwABnDf,200.000,SayB0+Vq1qyZnTIu,202.000,TiCg1GW9IStcOras,205.000,Fw2XlLSvhDCRIl7z,211.000,zyQbLrDbnVAAyE0h,212.000,md4MdKOU6ZsQ//g0,308.000,BjjWVd8h3JWMBrnK,306.000,OY9eVeUW8tGGPJFe,,,,
7,129,2026-04-05T12:41:08.101Z,303.000,9,193.000,MY8Sv42aXxDpCjC4,202.000,md4MdKOU6ZsQ//g0,232.000,SayB0+Vq1qyZnTIu,295.000,Fw2XlLSvhDCRIl7z,299.000,OY9eVeUW8tGGPJFe,508.000,BjjWVd8h3JWMBrnK,408.000,TiCg1GW9IStcOras,406.000,zyQbLrDbnVAAyE0h,405.000,q5GVJKHvqVwABnDf,,
7,130,2026-04-05T12:41:08.404Z,298.000,9,194.000,MY8Sv42aXxDpCjC4,195.000,md4MdKOU6ZsQ//g0,199.000,SayB0+Vq1qyZnTIu,239.000,BjjWVd8h3JWMBrnK,243.000,zyQbLrDbnVAAyE0h,294.000,q5GVJKHvqVwABnDf,299.000,TiCg1GW9IStcOras,303.000,OY9eVeUW8tGGPJFe,301.000,Fw2XlLSvhDCRIl7z,,
7,131,2026-04-05T12:41:08.702Z,257.000,9,157.000,zyQbLrDbnVAAyE0h,201.000,md4MdKOU6ZsQ//g0,205.000,MY8Sv42aXxDpCjC4,206.000,SayB0+Vq1qyZnTIu,207.000,Fw2XlLSvhDCRIl7z,248.000,BjjWVd8h3JWMBrnK,257.000,OY9eVeUW8tGGPJFe,305.000,q5GVJKHvqVwABnDf,307.000,TiCg1GW9IStcOras,,
7,132,2026-04-05T12:41:08.959Z,290.000,9,189.000,MY8Sv42aXxDpCjC4,191.000,BjjWVd8h3JWMBrnK,191.000,SayB0+Vq1qyZnTIu,196.000,zyQbLrDbnVAAyE0h,253.000,md4MdKOU6ZsQ//g0,261.000,Fw2XlLSvhDCRIl7z,300.000,TiCg1GW9IStcOras,354.000,q5GVJKHvqVwABnDf,301.000,OY9eVeUW8tGGPJFe,,
7,133,2026-04-05T12:41:09.249Z,244.000,9,170.000,md4MdKOU6ZsQ//g0,177.000,Fw2XlLSvhDCRIl7z,178.000,MY8Sv42aXxDpCjC4,192.000,SayB0+Vq1qyZnTIu,215.000,BjjWVd8h3JWMBrnK,277.000,OY9eVeUW8tGGPJFe,275.000,zyQbLrDbnVAAyE0h,270.000,q5GVJKHvqVwABnDf,272.000,TiCg1GW9IStcOras,,
7,134,2026-04-05T12:41:09.493Z,232.000,9,168.000,SayB0+Vq1qyZnTIu,176.000,zyQbLrDbnVAAyE0h,177.000,BjjWVd8h3JWMBrnK,180.000,MY8Sv42aXxDpCjC4,182.000,q5GVJKHvqVwABnDf,188.000,TiCg1GW9IStcOras,232.000,md4MdKOU6ZsQ//g0,277.000,Fw2XlLSvhDCRIl7z,276.000,OY9eVeUW8tGGPJFe,,
7,135,2026-04-05T12:41:09.725Z,308.000,9,203.000,q5GVJKHvqVwABnDf,206.000,md4MdKOU6ZsQ//g0,241.000,MY8Sv42aXxDpCjC4,245.000,SayB0+Vq1qyZnTIu,256.000,BjjWVd8h3JWMBrnK,305.000,OY9eVeUW8tGGPJFe,308.000,TiCg1GW9IStcOras,351.000,Fw2XlLSvhDCRIl7z,423.000,zyQbLrDbnVAAyE0h,,
7,136,2026-04-05T12:41:10.033Z,215.000,8,145.000,BjjWVd8h3JWMBrnK,146.000,SayB0+Vq1qyZnTIu,151.000,zyQbLrDbnVAAyE0h,163.000,TiCg1GW9IStcOras,202.000,md4MdKOU6ZsQ//g0,258.000,Fw2XlLSvhDCRIl7z,253.000,q5GVJKHvqVwABnDf,255.000,OY9eVeUW8tGGPJFe,,,,
7,137,2026-04-05T12:41:10.248Z,244.000,9,196.000,md4MdKOU6ZsQ//g0,209.000,MY8Sv42aXxDpCjC4,226.000,SayB0+Vq1qyZnTIu,246.000,BjjWVd8h3JWMBrnK,298.000,TiCg1GW9IStcOras,314.000,q5GVJKHvqVwABnDf,311.000,OY9eVeUW8tGGPJFe,281.000,Fw2XlLSvhDCRIl7z,316.000,zyQbLrDbnVAAyE0h,,
7,138,2026-04-05T12:41:10.492Z,267.000,9,200.000,MY8Sv42aXxDpCjC4,200.000,md4MdKOU6ZsQ//g0,206.000,BjjWVd8h3JWMBrnK,220.000,SayB0+Vq1qyZnTIu,241.000,Fw2XlLSvhDCRIl7z,261.000,TiCg1GW9IStcOras,301.000,q5GVJKHvqVwABnDf,307.000,zyQbLrDbnVAAyE0h,272.000,OY9eVeUW8tGGPJFe,,
7,139,2026-04-05T12:41:10.759Z,249.000,9,201.000,md4MdKOU6ZsQ//g0,205.000,MY8Sv42aXxDpCjC4,215.000,SayB0+Vq1qyZnTIu,239.000,q5GVJKHvqVwABnDf,245.000,zyQbLrDbnVAAyE0h,310.000,OY9eVeUW8tGGPJFe,306.000,TiCg1GW9IStcOras,251.000,BjjWVd8h3JWMBrnK,305.000,Fw2XlLSvhDCRIl7z,,
7,140,2026-04-05T12:41:11.008Z,304.000,9,201.000,SayB0+Vq1qyZnTIu,227.000,MY8Sv42aXxDpCjC4,228.000,md4MdKOU6ZsQ//g0,261.000,Fw2XlLSvhDCRIl7z,272.000,OY9eVeUW8tGGPJFe,301.000,q5GVJKHvqVwABnDf,308.000,zyQbLrDbnVAAyE0h,310.000,BjjWVd8h3JWMBrnK,314.000,TiCg1GW9IStcOras,,
7,141,2026-04-05T12:41:11.312Z,217.000,9,175.000,md4MdKOU6ZsQ//g0,208.000,q5GVJKHvqVwABnDf,211.000,SayB0+Vq1qyZnTIu,212.000,zyQbLrDbnVAAyE0h,270.000,Fw2XlLSvhDCRIl7z,278.000,OY9eVeUW8tGGPJFe,272.000,TiCg1GW9IStcOras,282.000,BjjWVd8h3JWMBrnK,286.000,MY8Sv42aXxDpCjC4,,
7,142,2026-04-05T12:41:11.529Z,274.000,8,194.000,SayB0+Vq1qyZnTIu,203.000,md4MdKOU6ZsQ//g0,259.000,Fw2XlLSvhDCRIl7z,313.000,TiCg1GW9IStcOras,303.000,BjjWVd8h3JWMBrnK,299.000,zyQbLrDbnVAAyE0h,292.000,q5GVJKHvqVwABnDf,311.000,OY9eVeUW8tGGPJFe,,,,
7,143,2026-04-05T12:41:11.803Z,351.000,9,154.000,MY8Sv42aXxDpCjC4,200.000,md4MdKOU6ZsQ//g0,219.000,SayB0+Vq1qyZnTIu,356.000,q5GVJKHvqVwABnDf,353.000,Fw2XlLSvhDCRIl7z,357.000,zyQbLrDbnVAAyE0h,354.000,OY9eVeUW8tGGPJFe,359.000,TiCg1GW9IStcOras,462.000,BjjWVd8h3JWMBrnK,,
7,144,2026-04-05T12:41:12.154Z,158.000,9,88.000,SayB0+Vq1qyZnTIu,96.000,zyQbLrDbnVAAyE0h,106.000,OY9eVeUW8tGGPJFe,107.000,Fw2XlLSvhDCRIl7z,143.000,MY8Sv42aXxDpCjC4,155.000,md4MdKOU6ZsQ//g0,158.000,TiCg1GW9IStcOras,218.000,BjjWVd8h3JWMBrnK,215.000,q5GVJKHvqVwABnDf,,
7,145,2026-04-05T12:41:12.312Z,277.000,9,160.000,zyQbLrDbnVAAyE0h,196.000,Fw2XlLSvhDCRIl7z,206.000,md4MdKOU6ZsQ//g0,235.000,MY8Sv42aXxDpCjC4,237.000,SayB0+Vq1qyZnTIu,261.000,q5GVJKHvqVwABnDf,277.000,BjjWVd8h3JWMBrnK,309.000,TiCg1GW9IStcOras,309.000,OY9eVeUW8tGGPJFe,,
7,146,2026-04-05T12:41:12.589Z,239.000,9,182.000,OY9eVeUW8tGGPJFe,191.000,SayB0+Vq1qyZnTIu,193.000,md4MdKOU6ZsQ//g0,194.000,MY8Sv42aXxDpCjC4,200.000,BjjWVd8h3JWMBrnK,236.000,TiCg1GW9IStcOras,239.000,Fw2XlLSvhDCRIl7z,294.000,q5GVJKHvqVwABnDf,296.000,zyQbLrDbnVAAyE0h,,
7,147,2026-04-05T12:41:12.828Z,276.000,9,160.000,MY8Sv42aXxDpCjC4,203.000,md4MdKOU6ZsQ//g0,234.000,SayB0+Vq1qyZnTIu,260.000,q5GVJKHvqVwABnDf,261.000,zyQbLrDbnVAAyE0h,306.000,Fw2XlLSvhDCRIl7z,307.000,OY9eVeUW8tGGPJFe,277.000,BjjWVd8h3JWMBrnK,309.000,TiCg1GW9IStcOras,,
7,148,2026-04-05T12:41:13.104Z,293.000,9,191.000,zyQbLrDbnVAAyE0h,193.000,MY8Sv42aXxDpCjC4,193.000,md4MdKOU6ZsQ//g0,216.000,SayB0+Vq1qyZnTIu,237.000,TiCg1GW9IStcOras,239.000,OY9eVeUW8tGGPJFe,293.000,q5GVJKHvqVwABnDf,307.000,BjjWVd8h3JWMBrnK,438.000,Fw2XlLSvhDCRIl7z,,
7,149,2026-04-05T12:41:13.397Z,251.000,8,204.000,SayB0+Vq1qyZnTIu,204.000,md4MdKOU6ZsQ//g0,208.000,MY8Sv42aXxDpCjC4,221.000,BjjWVd8h3JWMBrnK,254.000,TiCg1GW9IStcOras,297.000,OY9eVeUW8tGGPJFe,310.000,zyQbLrDbnVAAyE0h,309.000,q5GVJKHvqVwABnDf,,,,
7,150,2026-04-05T12:41:13.648Z,282.000,9,187.000,md4MdKOU6ZsQ//g0,206.000,MY8Sv42aXxDpCjC4,209.000,SayB0+Vq1qyZnTIu,250.000,OY9eVeUW8tGGPJFe,264.000,q5GVJKHvqVwABnDf,267.000,zyQbLrDbnVAAyE0h,282.000,BjjWVd8h3JWMBrnK,313.000,TiCg1GW9IStcOras,307.000,Fw2XlLSvhDCRIl7z,,
7,151,2026-04-05T12:41:13.930Z,238.000,9,167.000,SayB0+Vq1qyZnTIu,173.000,OY9eVeUW8tGGPJFe,188.000,q5GVJKHvqVwABnDf,229.000,md4MdKOU6ZsQ//g0,231.000,MY8Sv42aXxDpCjC4,232.000,Fw2XlLSvhDCRIl7z,238.000,TiCg1GW9IStcOras,277.000,BjjWVd8h3JWMBrnK,278.000,zyQbLrDbnVAAyE0h,,
7,152,2026-04-05T12:41:14.168Z,303.000,9,199.000,md4MdKOU6ZsQ//g0,217.000,SayB0+Vq1qyZnTIu,244.000,OY9eVeUW8tGGPJFe,258.000,q5GVJKHvqVwABnDf,277.000,BjjWVd8h3JWMBrnK,298.000,zyQbLrDbnVAAyE0h,303.000,Fw2XlLSvhDCRIl7z,308.000,TiCg1GW9IStcOras,338.000,MY8Sv42aXxDpCjC4,,
7,153,2026-04-05T12:41:14.471Z,246.000,9,163.000,q5GVJKHvqVwABnDf,199.000,SayB0+Vq1qyZnTIu,202.000,md4MdKOU6ZsQ//g0,213.000,TiCg1GW9IStcOras,239.000,Fw2XlLSvhDCRIl7z,243.000,MY8Sv42aXxDpCjC4,305.000,OY9eVeUW8tGGPJFe,410.000,zyQbLrDbnVAAyE0h,516.000,BjjWVd8h3JWMBrnK,,
7,154,2026-04-05T12:41:14.717Z,267.000,9,172.000,md4MdKOU6ZsQ//g0,183.000,SayB0+Vq1qyZnTIu,205.000,MY8Sv42aXxDpCjC4,250.000,OY9eVeUW8tGGPJFe,263.000,q5GVJKHvqVwABnDf,269.000,zyQbLrDbnVAAyE0h,271.000,BjjWVd8h3JWMBrnK,293.000,Fw2XlLSvhDCRIl7z,274.000,TiCg1GW9IStcOras,,
7,155,2026-04-05T12:41:14.984Z,202.000,8,150.000,MY8Sv42aXxDpCjC4,152.000,Fw2XlLSvhDCRIl7z,162.000,q5GVJKHvqVwABnDf,171.000,SayB0+Vq1qyZnTIu,180.000,BjjWVd8h3JWMBrnK,190.000,OY9eVeUW8tGGPJFe,201.000,zyQbLrDbnVAAyE0h,212.000,TiCg1GW9IStcOras,,,,
7,156,2026-04-05T12:41:15.186Z,262.000,9,194.000,OY9eVeUW8tGGPJFe,207.000,SayB0+Vq1qyZnTIu,207.000,md4MdKOU6ZsQ//g0,249.000,MY8Sv42aXxDpCjC4,258.000,Fw2XlLSvhDCRIl7z,308.000,zyQbLrDbnVAAyE0h,315.000,BjjWVd8h3JWMBrnK,313.000,q5GVJKHvqVwABnDf,316.000,TiCg1GW9IStcOras,,
7,157,2026-04-05T12:41:15.448Z,265.000,9,162.000,md4MdKOU6ZsQ//g0,192.000,SayB0+Vq1qyZnTIu,201.000,MY8Sv42aXxDpCjC4,255.000,q5GVJKHvqVwABnDf,256.000,OY9eVeUW8tGGPJFe,257.000,BjjWVd8h3JWMBrnK,265.000,TiCg1GW9IStcOras,299.000,Fw2XlLSvhDCRIl7z,297.000,zyQbLrDbnVAAyE0h,,
7,158,2026-04-05T12:41:15.713Z,282.000,9,178.000,MY8Sv42aXxDpCjC4,195.000,q5GVJKHvqVwABnDf,198.000,md4MdKOU6ZsQ//g0,216.000,SayB0+Vq1qyZnTIu,244.000,Fw2XlLSvhDCRIl7z,289.000,TiCg1GW9IStcOras,285.000,zyQbLrDbnVAAyE0h,288.000,BjjWVd8h3JWMBrnK,287.000,OY9eVeUW8tGGPJFe,,
7,159,2026-04-05T12:41:15.995Z,236.000,9,156.000,md4MdKOU6ZsQ//g0,159.000,SayB0+Vq1qyZnTIu,166.000,Fw2XlLSvhDCRIl7z,168.000,MY8Sv42aXxDpCjC4,225.000,BjjWVd8h3JWMBrnK,228.000,OY9eVeUW8tGGPJFe,236.000,TiCg1GW9IStcOras,260.000,zyQbLrDbnVAAyE0h,273.000,q5GVJKHvqVwABnDf,,
7,160,2026-04-05T12:41:16.231Z,247.000,9,173.000,MY8Sv42aXxDpCjC4,185.000,q5GVJKHvqVwABnDf,193.000,md4MdKOU6ZsQ//g0,213.000,SayB0+Vq1qyZnTIu,247.000,Fw2XlLSvhDCRIl7z,285.000,BjjWVd8h3JWMBrnK,282.000,TiCg1GW9IStcOras,272.000,zyQbLrDbnVAAyE0h,284.000,OY9eVeUW8tGGPJFe,,
7,161,2026-04-05T12:41:16.478Z,265.000,9,192.000,SayB0+Vq1qyZnTIu,198.000,Fw2XlLSvhDCRIl7z,198.000,md4MdKOU6ZsQ//g0,201.000,MY8Sv42aXxDpCjC4,253.000,BjjWVd8h3JWMBrnK,255.000,OY9eVeUW8tGGPJFe,265.000,TiCg1GW9IStcOras,298.000,zyQbLrDbnVAAyE0h,298.000,q5GVJKHvqVwABnDf,,
7,162,2026-04-05T12:41:16.743Z,283.000,9,178.000,MY8Sv42aXxDpCjC4,181.000,q5GVJKHvqVwABnDf,195.000,md4MdKOU6ZsQ//g0,198.000,SayB0+Vq1qyZnTIu,249.000,Fw2XlLSvhDCRIl7z,256.000,zyQbLrDbnVAAyE0h,290.000,TiCg1GW9IStcOras,286.000,BjjWVd8h3JWMBrnK,289.000,OY9eVeUW8tGGPJFe,,
7,163,2026-04-05T12:41:17.026Z,261.000,9,160.000,SayB0+Vq1qyZnTIu,167.000,MY8Sv42aXxDpCjC4,170.000,md4MdKOU6ZsQ//g0,221.000,BjjWVd8h3JWMBrnK,222.000,OY9eVeUW8tGGPJFe,268.000,q5GVJKHvqVwABnDf,270.000,TiCg1GW9IStcOras,266.000,zyQbLrDbnVAAyE0h,272.000,Fw2XlLSvhDCRIl7z,,
7,164,2026-04-05T12:41:17.287Z,254.000,9,150.000,MY8Sv42aXxDpCjC4,155.000,md4MdKOU6ZsQ//g0,178.000,SayB0+Vq1qyZnTIu,218.000,TiCg1GW9IStcOras,225.000,zyQbLrDbnVAAyE0h,260.000,OY9eVeUW8tGGPJFe,261.000,q5GVJKHvqVwABnDf,254.000,Fw2XlLSvhDCRIl7z,258.000,BjjWVd8h3JWMBrnK,,
7,165,2026-04-05T12:41:17.541Z,223.000,9,156.000,SayB0+Vq1qyZnTIu,168.000,MY8Sv42aXxDpCjC4,168.000,md4MdKOU6ZsQ//g0,177.000,zyQbLrDbnVAAyE0h,204.000,Fw2XlLSvhDCRIl7z,221.000,BjjWVd8h3JWMBrnK,223.000,OY9eVeUW8tGGPJFe,266.000,q5GVJKHvqVwABnDf,267.000,TiCg1GW9IStcOras,,
7,166,2026-04-05T12:41:17.764Z,261.000,9,187.000,MY8Sv42aXxDpCjC4,188.000,md4MdKOU6ZsQ//g0,216.000,SayB0+Vq1qyZnTIu,256.000,TiCg1GW9IStcOras,257.000,q5GVJKHvqVwABnDf,296.000,BjjWVd8h3JWMBrnK,263.000,zyQbLrDbnVAAyE0h,297.000,OY9eVeUW8tGGPJFe,291.000,Fw2XlLSvhDCRIl7z,,
7,167,2026-04-05T12:41:18.025Z,254.000,9,199.000,md4MdKOU6ZsQ//g0,200.000,MY8Sv42aXxDpCjC4,201.000,TiCg1GW9IStcOras,207.000,SayB0+Vq1qyZnTIu,236.000,Fw2XlLSvhDCRIl7z,252.000,OY9eVeUW8tGGPJFe,253.000,BjjWVd8h3JWMBrnK,302.000,q5GVJKHvqVwABnDf,309.000,zyQbLrDbnVAAyE0h,,
7,168,2026-04-05T12:41:18.279Z,263.000,9,187.000,MY8Sv42aXxDpCjC4,190.000,md4MdKOU6ZsQ//g0,215.000,SayB0+Vq1qyZnTIu,252.000,q5GVJKHvqVwABnDf,257.000,zyQbLrDbnVAAyE0h,263.000,TiCg1GW9IStcOras,292.000,Fw2XlLSvhDCRIl7z,294.000,OY9eVeUW8tGGPJFe,397.000,BjjWVd8h3JWMBrnK,,
7,169,2026-04-05T12:41:18.542Z,300.000,9,199.000,MY8Sv42aXxDpCjC4,201.000,md4MdKOU6ZsQ//g0,202.000,SayB0+Vq1qyZnTIu,204.000,TiCg1GW9IStcOras,250.000,OY9eVeUW8tGGPJFe,258.000,Fw2XlLSvhDCRIl7z,300.000,q5GVJKHvqVwABnDf,306.000,zyQbLrDbnVAAyE0h,304.000,BjjWVd8h3JWMBrnK,,
7,170,2026-04-05T12:41:18.842Z,269.000,9,169.000,SayB0+Vq1qyZnTIu,198.000,TiCg1GW9IStcOras,204.000,MY8Sv42aXxDpCjC4,205.000,md4MdKOU6ZsQ//g0,213.000,zyQbLrDbnVAAyE0h,264.000,Fw2XlLSvhDCRIl7z,269.000,OY9eVeUW8tGGPJFe,272.000,q5GVJKHvqVwABnDf,274.000,BjjWVd8h3JWMBrnK,,
7,171,2026-04-05T12:41:19.111Z,257.000,9,150.000,SayB0+Vq1qyZnTIu,176.000,md4MdKOU6ZsQ//g0,221.000,MY8Sv42aXxDpCjC4,252.000,zyQbLrDbnVAAyE0h,259.000,q5GVJKHvqVwABnDf,283.000,BjjWVd8h3JWMBrnK,287.000,TiCg1GW9IStcOras,286.000,OY9eVeUW8tGGPJFe,284.000,Fw2XlLSvhDCRIl7z,,
7,172,2026-04-05T12:41:19.368Z,257.000,9,163.000,md4MdKOU6ZsQ//g0,192.000,TiCg1GW9IStcOras,194.000,SayB0+Vq1qyZnTIu,196.000,MY8Sv42aXxDpCjC4,201.000,q5GVJKHvqVwABnDf,256.000,OY9eVeUW8tGGPJFe,257.000,Fw2XlLSvhDCRIl7z,291.000,BjjWVd8h3JWMBrnK,406.000,zyQbLrDbnVAAyE0h,,
7,173,2026-04-05T12:41:19.625Z,294.000,9,203.000,md4MdKOU6ZsQ//g0,206.000,MY8Sv42aXxDpCjC4,214.000,SayB0+Vq1qyZnTIu,256.000,zyQbLrDbnVAAyE0h,280.000,q5GVJKHvqVwABnDf,285.000,TiCg1GW9IStcOras,306.000,OY9eVeUW8tGGPJFe,312.000,BjjWVd8h3JWMBrnK,307.000,Fw2XlLSvhDCRIl7z,,
7,174,2026-04-05T12:41:19.919Z,263.000,9,191.000,MY8Sv42aXxDpCjC4,193.000,q5GVJKHvqVwABnDf,197.000,TiCg1GW9IStcOras,206.000,md4MdKOU6ZsQ//g0,220.000,SayB0+Vq1qyZnTIu,290.000,BjjWVd8h3JWMBrnK,269.000,zyQbLrDbnVAAyE0h,502.000,Fw2XlLSvhDCRIl7z,399.000,OY9eVeUW8tGGPJFe,,
7,175,2026-04-05T12:41:20.182Z,253.000,9,163.000,md4MdKOU6ZsQ//g0,198.000,MY8Sv42aXxDpCjC4,201.000,SayB0+Vq1qyZnTIu,212.000,zyQbLrDbnVAAyE0h,233.000,BjjWVd8h3JWMBrnK,272.000,TiCg1GW9IStcOras,266.000,q5GVJKHvqVwABnDf,260.000,OY9eVeUW8tGGPJFe,263.000,Fw2XlLSvhDCRIl7z,,
7,176,2026-04-05T12:41:20.435Z,291.000,9,164.000,zyQbLrDbnVAAyE0h,186.000,SayB0+Vq1qyZnTIu,203.000,MY8Sv42aXxDpCjC4,204.000,OY9eVeUW8tGGPJFe,205.000,md4MdKOU6ZsQ//g0,218.000,q5GVJKHvqVwABnDf,295.000,BjjWVd8h3JWMBrnK,294.000,TiCg1GW9IStcOras,297.000,Fw2XlLSvhDCRIl7z,,
7,177,2026-04-05T12:41:20.726Z,221.000,9,126.000,OY9eVeUW8tGGPJFe,171.000,SayB0+Vq1qyZnTIu,183.000,md4MdKOU6ZsQ//g0,202.000,Fw2XlLSvhDCRIl7z,206.000,MY8Sv42aXxDpCjC4,242.000,q5GVJKHvqVwABnDf,224.000,BjjWVd8h3JWMBrnK,274.000,zyQbLrDbnVAAyE0h,380.000,TiCg1GW9IStcOras,,
7,178,2026-04-05T12:41:20.947Z,277.000,9,201.000,md4MdKOU6ZsQ//g0,228.000,q5GVJKHvqVwABnDf,253.000,OY9eVeUW8tGGPJFe,265.000,MY8Sv42aXxDpCjC4,274.000,zyQbLrDbnVAAyE0h,276.000,SayB0+Vq1qyZnTIu,295.000,TiCg1GW9IStcOras,307.000,BjjWVd8h3JWMBrnK,309.000,Fw2XlLSvhDCRIl7z,,
7,179,2026-04-05T12:41:21.224Z,283.000,9,181.000,md4MdKOU6ZsQ//g0,223.000,SayB0+Vq1qyZnTIu,225.000,TiCg1GW9IStcOras,236.000,zyQbLrDbnVAAyE0h,244.000,BjjWVd8h3JWMBrnK,281.000,q5GVJKHvqVwABnDf,283.000,OY9eVeUW8tGGPJFe,284.000,MY8Sv42aXxDpCjC4,287.000,Fw2XlLSvhDCRIl7z,,
7,180,2026-04-05T12:41:21.507Z,265.000,9,172.000,SayB0+Vq1qyZnTIu,206.000,md4MdKOU6ZsQ//g0,211.000,Fw2XlLSvhDCRIl7z,212.000,MY8Sv42aXxDpCjC4,249.000,TiCg1GW9IStcOras,263.000,zyQbLrDbnVAAyE0h,278.000,OY9eVeUW8tGGPJFe,268.000,BjjWVd8h3JWMBrnK,277.000,q5GVJKHvqVwABnDf,,
7,181,2026-04-05T12:41:21.772Z,326.000,9,190.000,TiCg1GW9IStcOras,191.000,SayB0+Vq1qyZnTIu,204.000,md4MdKOU6ZsQ//g0,237.000,MY8Sv42aXxDpCjC4,250.000,q5GVJKHvqVwABnDf,329.000,BjjWVd8h3JWMBrnK,327.000,Fw2XlLSvhDCRIl7z,328.000,OY9eVeUW8tGGPJFe,433.000,zyQbLrDbnVAAyE0h,,
7,182,2026-04-05T12:41:22.098Z,226.000,9,133.000,SayB0+Vq1qyZnTIu,175.000,MY8Sv42aXxDpCjC4,175.000,OY9eVeUW8tGGPJFe,176.000,md4MdKOU6ZsQ//g0,176.000,zyQbLrDbnVAAyE0h,265.000,BjjWVd8h3JWMBrnK,239.000,Fw2XlLSvhDCRIl7z,232.000,q5GVJKHvqVwABnDf,237.000,TiCg1GW9IStcOras,,
7,183,2026-04-05T12:41:22.324Z,260.000,9,194.000,SayB0+Vq1qyZnTIu,235.000,md4MdKOU6ZsQ//g0,236.000,MY8Sv42aXxDpCjC4,237.000,q5GVJKHvqVwABnDf,288.000,Fw2XlLSvhDCRIl7z,297.000,zyQbLrDbnVAAyE0h,298.000,BjjWVd8h3JWMBrnK,294.000,OY9eVeUW8tGGPJFe,300.000,TiCg1GW9IStcOras,,
7,184,2026-04-05T12:41:22.584Z,254.000,9,153.000,q5GVJKHvqVwABnDf,202.000,SayB0+Vq1qyZnTIu,204.000,MY8Sv42aXxDpCjC4,233.000,md4MdKOU6ZsQ//g0,243.000,OY9eVeUW8tGGPJFe,310.000,Fw2XlLSvhDCRIl7z,312.000,TiCg1GW9IStcOras,284.000,BjjWVd8h3JWMBrnK,259.000,zyQbLrDbnVAAyE0h,,
7,185,2026-04-05T12:41:22.838Z,293.000,9,198.000,SayB0+Vq1qyZnTIu,209.000,md4MdKOU6ZsQ//g0,257.000,MY8Sv42aXxDpCjC4,288.000,TiCg1GW9IStcOras,294.000,Fw2XlLSvhDCRIl7z,315.000,BjjWVd8h3JWMBrnK,311.000,zyQbLrDbnVAAyE0h,304.000,OY9eVeUW8tGGPJFe,318.000,q5GVJKHvqVwABnDf,,
7,186,2026-04-05T12:41:23.131Z,237.000,9,174.000,SayB0+Vq1qyZnTIu,201.000,MY8Sv42aXxDpCjC4,206.000,Fw2XlLSvhDCRIl7z,216.000,OY9eVeUW8tGGPJFe,223.000,md4MdKOU6ZsQ//g0,278.000,q5GVJKHvqVwABnDf,277.000,BjjWVd8h3JWMBrnK,280.000,TiCg1GW9IStcOras,281.000,zyQbLrDbnVAAyE0h,,
7,187,2026-04-05T12:41:23.368Z,299.000,9,200.000,md4MdKOU6ZsQ//g0,201.000,SayB0+Vq1qyZnTIu,239.000,MY8Sv42aXxDpCjC4,295.000,TiCg1GW9IStcOras,295.000,BjjWVd8h3JWMBrnK,298.000,zyQbLrDbnVAAyE0h,330.000,Fw2XlLSvhDCRIl7z,322.000,OY9eVeUW8tGGPJFe,329.000,q5GVJKHvqVwABnDf,,
7,188,2026-04-05T12:41:23.667Z,251.000,9,193.000,SayB0+Vq1qyZnTIu,195.000,MY8Sv42aXxDpCjC4,204.000,md4MdKOU6ZsQ//g0,228.000,Fw2XlLSvhDCRIl7z,229.000,OY9eVeUW8tGGPJFe,236.000,q5GVJKHvqVwABnDf,251.000,BjjWVd8h3JWMBrnK,299.000,zyQbLrDbnVAAyE0h,306.000,TiCg1GW9IStcOras,,
7,189,2026-04-05T12:41:23.918Z,292.000,9,197.000,SayB0+Vq1qyZnTIu,239.000,MY8Sv42aXxDpCjC4,252.000,md4MdKOU6ZsQ//g0,261.000,TiCg1GW9IStcOras,262.000,zyQbLrDbnVAAyE0h,289.000,OY9eVeUW8tGGPJFe,292.000,q5GVJKHvqVwABnDf,317.000,BjjWVd8h3JWMBrnK,301.000,Fw2XlLSvhDCRIl7z,,
7,190,2026-04-05T12:41:24.210Z,256.000,9,166.000,Fw2XlLSvhDCRIl7z,183.000,SayB0+Vq1qyZnTIu,195.000,MY8Sv42aXxDpCjC4,203.000,OY9eVeUW8tGGPJFe,213.000,BjjWVd8h3JWMBrnK,253.000,md4MdKOU6ZsQ//g0,295.000,zyQbLrDbnVAAyE0h,294.000,q5GVJKHvqVwABnDf,299.000,TiCg1GW9IStcOras,,
7,191,2026-04-05T12:41:24.466Z,254.000,9,192.000,SayB0+Vq1qyZnTIu,220.000,MY8Sv42aXxDpCjC4,225.000,md4MdKOU6ZsQ//g0,243.000,q5GVJKHvqVwABnDf,299.000,BjjWVd8h3JWMBrnK,297.000,OY9eVeUW8tGGPJFe,278.000,TiCg1GW9IStcOras,507.000,Fw2XlLSvhDCRIl7z,403.000,zyQbLrDbnVAAyE0h,,
7,192,2026-04-05T12:41:24.720Z,280.000,9,187.000,q5GVJKHvqVwABnDf,201.000,SayB0+Vq1qyZnTIu,203.000,MY8Sv42aXxDpCjC4,205.000,md4MdKOU6ZsQ//g0,268.000,Fw2XlLSvhDCRIl7z,307.000,TiCg1GW9IStcOras,306.000,zyQbLrDbnVAAyE0h,281.000,OY9eVeUW8tGGPJFe,283.000,BjjWVd8h3JWMBrnK,,
7,193,2026-04-05T12:41:25.000Z,300.000,9,193.000,md4MdKOU6ZsQ//g0,203.000,SayB0+Vq1qyZnTIu,206.000,MY8Sv42aXxDpCjC4,253.000,zyQbLrDbnVAAyE0h,279.000,q5GVJKHvqVwABnDf,295.000,Fw2XlLSvhDCRIl7z,308.000,BjjWVd8h3JWMBrnK,306.000,TiCg1GW9IStcOras,413.000,OY9eVeUW8tGGPJFe,,
7,194,2026-04-05T12:41:25.300Z,249.000,9,186.000,md4MdKOU6ZsQ//g0,206.000,SayB0+Vq1qyZnTIu,210.000,MY8Sv42aXxDpCjC4,215.000,TiCg1GW9IStcOras,233.000,BjjWVd8h3JWMBrnK,292.000,Fw2XlLSvhDCRIl7z,292.000,OY9eVeUW8tGGPJFe,289.000,q5GVJKHvqVwABnDf,263.000,zyQbLrDbnVAAyE0h,,
7,195,2026-04-05T12:41:25.549Z,267.000,9,198.000,md4MdKOU6ZsQ//g0,199.000,MY8Sv42aXxDpCjC4,228.000,SayB0+Vq1qyZnTIu,249.000,q5GVJKHvqVwABnDf,260.000,Fw2XlLSvhDCRIl7z,291.000,BjjWVd8h3JWMBrnK,275.000,TiCg1GW9IStcOras,324.000,zyQbLrDbnVAAyE0h,275.000,OY9eVeUW8tGGPJFe,,
7,196,2026-04-05T12:41:25.816Z,285.000,9,214.000,md4MdKOU6ZsQ//g0,218.000,SayB0+Vq1qyZnTIu,240.000,MY8Sv42aXxDpCjC4,261.000,zyQbLrDbnVAAyE0h,318.000,OY9eVeUW8tGGPJFe,322.000,BjjWVd8h3JWMBrnK,319.000,TiCg1GW9IStcOras,291.000,q5GVJKHvqVwABnDf,301.000,Fw2XlLSvhDCRIl7z,,
7,197,2026-04-05T12:41:26.101Z,237.000,9,160.000,BjjWVd8h3JWMBrnK,163.000,SayB0+Vq1qyZnTIu,184.000,q5GVJKHvqVwABnDf,210.000,md4MdKOU6ZsQ//g0,221.000,Fw2XlLSvhDCRIl7z,221.000,MY8Sv42aXxDpCjC4,237.000,TiCg1GW9IStcOras,282.000,zyQbLrDbnVAAyE0h,286.000,OY9eVeUW8tGGPJFe,,
7,198,2026-04-05T12:41:26.338Z,309.000,9,210.000,SayB0+Vq1qyZnTIu,232.000,MY8Sv42aXxDpCjC4,233.000,md4MdKOU6ZsQ//g0,284.000,q5GVJKHvqVwABnDf,307.000,Fw2XlLSvhDCRIl7z,307.000,OY9eVeUW8tGGPJFe,309.000,TiCg1GW9IStcOras,335.000,BjjWVd8h3JWMBrnK,340.000,zyQbLrDbnVAAyE0h,,
7,199,2026-04-05T12:41:26.647Z,241.000,9,206.000,md4MdKOU6ZsQ//g0,209.000,SayB0+Vq1qyZnTIu,230.000,MY8Sv42aXxDpCjC4,305.000,Fw2XlLSvhDCRIl7z,307.000,TiCg1GW9IStcOras,308.000,OY9eVeUW8tGGPJFe,312.000,BjjWVd8h3JWMBrnK,255.000,zyQbLrDbnVAAyE0h,281.000,q5GVJKHvqVwABnDf,,
7,200,2026-04-05T12:41:26.888Z,330.000,9,201.000,MY8Sv42aXxDpCjC4,243.000,SayB0+Vq1qyZnTIu,270.000,md4MdKOU6ZsQ//g0,300.000,BjjWVd8h3JWMBrnK,331.000,zyQbLrDbnVAAyE0h,348.000,TiCg1GW9IStcOras,347.000,q5GVJKHvqVwABnDf,347.000,OY9eVeUW8tGGPJFe,348.000,Fw2XlLSvhDCRIl7z,,
7,201,2026-04-05T12:41:27.218Z,283.000,9,174.000,SayB0+Vq1qyZnTIu,179.000,TiCg1GW9IStcOras,179.000,MY8Sv42aXxDpCjC4,192.000,md4MdKOU6ZsQ//g0,279.000,Fw2XlLSvhDCRIl7z,281.000,OY9eVeUW8tGGPJFe,283.000,BjjWVd8h3JWMBrnK,283.000,zyQbLrDbnVAAyE0h,334.000,q5GVJKHvqVwABnDf,,
7,202,2026-04-05T12:41:27.501Z,306.000,9,199.000,md4MdKOU6ZsQ//g0,203.000,SayB0+Vq1qyZnTIu,213.000,MY8Sv42aXxDpCjC4,261.000,zyQbLrDbnVAAyE0h,289.000,q5GVJKHvqVwABnDf,304.000,BjjWVd8h3JWMBrnK,306.000,Fw2XlLSvhDCRIl7z,309.000,TiCg1GW9IStcOras,312.000,OY9eVeUW8tGGPJFe,,
7,203,2026-04-05T12:41:27.807Z,307.000,8,204.000,md4MdKOU6ZsQ//g0,206.000,SayB0+Vq1qyZnTIu,211.000,MY8Sv42aXxDpCjC4,251.000,BjjWVd8h3JWMBrnK,262.000,zyQbLrDbnVAAyE0h,292.000,q5GVJKHvqVwABnDf,307.000,OY9eVeUW8tGGPJFe,309.000,TiCg1GW9IStcOras,,,,
7,204,2026-04-05T12:41:28.114Z,291.000,9,183.000,SayB0+Vq1qyZnTIu,191.000,md4MdKOU6ZsQ//g0,208.000,MY8Sv42aXxDpCjC4,210.000,Fw2XlLSvhDCRIl7z,263.000,BjjWVd8h3JWMBrnK,264.000,zyQbLrDbnVAAyE0h,294.000,q5GVJKHvqVwABnDf,308.000,TiCg1GW9IStcOras,292.000,OY9eVeUW8tGGPJFe,,
7,205,2026-04-05T12:41:28.405Z,289.000,8,186.000,SayB0+Vq1qyZnTIu,220.000,MY8Sv42aXxDpCjC4,223.000,md4MdKOU6ZsQ//g0,271.000,Fw2XlLSvhDCRIl7z,325.000,OY9eVeUW8tGGPJFe,321.000,q5GVJKHvqVwABnDf,290.000,BjjWVd8h3JWMBrnK,428.000,TiCg1GW9IStcOras,,,,
7,206,2026-04-05T12:41:28.694Z,445.000,8,191.000,SayB0+Vq1qyZnTIu,201.000,MY8Sv42aXxDpCjC4,205.000,md4MdKOU6ZsQ//g0,396.000,BjjWVd8h3JWMBrnK,401.000,zyQbLrDbnVAAyE0h,445.000,OY9eVeUW8tGGPJFe,445.000,TiCg1GW9IStcOras,578.000,jIf2AEWi7y2xcK85,,,,
7,207,2026-04-05T12:41:29.139Z,310.000,7,206.000,SayB0+Vq1qyZnTIu,207.000,md4MdKOU6ZsQ//g0,209.000,q5GVJKHvqVwABnDf,209.000,MY8Sv42aXxDpCjC4,266.000,zyQbLrDbnVAAyE0h,313.000,OY9eVeUW8tGGPJFe,311.000,Fw2XlLSvhDCRIl7z,,,,,,
7,208,2026-04-05T12:41:29.449Z,547.000,8,190.000,MY8Sv42aXxDpCjC4,206.000,md4MdKOU6ZsQ//g0,237.000,SayB0+Vq1qyZnTIu,380.000,BjjWVd8h3JWMBrnK,457.000,Fw2XlLSvhDCRIl7z,546.000,TiCg1GW9IStcOras,547.000,OY9eVeUW8tGGPJFe,575.000,jIf2AEWi7y2xcK85,,,,
7,209,2026-04-05T12:41:29.996Z,442.000,8,78.000,q5GVJKHvqVwABnDf,164.000,md4MdKOU6ZsQ//g0,164.000,SayB0+Vq1qyZnTIu,182.000,MY8Sv42aXxDpCjC4,372.000,OY9eVeUW8tGGPJFe,383.000,Fw2XlLSvhDCRIl7z,545.000,BjjWVd8h3JWMBrnK,517.000,jIf2AEWi7y2xcK85,,,,
7,210,2026-04-05T12:41:30.438Z,570.000,8,138.000,MY8Sv42aXxDpCjC4,205.000,SayB0+Vq1qyZnTIu,205.000,md4MdKOU6ZsQ//g0,471.000,BjjWVd8h3JWMBrnK,493.000,OY9eVeUW8tGGPJFe,565.000,q5GVJKHvqVwABnDf,572.000,zyQbLrDbnVAAyE0h,575.000,jIf2AEWi7y2xcK85,,,,
7,211,2026-04-05T12:41:31.008Z,435.000,8,127.000,md4MdKOU6ZsQ//g0,202.000,SayB0+Vq1qyZnTIu,204.000,MY8Sv42aXxDpCjC4,334.000,BjjWVd8h3JWMBrnK,335.000,q5GVJKHvqVwABnDf,428.000,Fw2XlLSvhDCRIl7z,435.000,OY9eVeUW8tGGPJFe,523.000,jIf2AEWi7y2xcK85,,,,
7,212,2026-04-05T12:41:31.443Z,523.000,8,200.000,MY8Sv42aXxDpCjC4,201.000,SayB0+Vq1qyZnTIu,213.000,md4MdKOU6ZsQ//g0,498.000,q5GVJKHvqVwABnDf,504.000,zyQbLrDbnVAAyE0h,523.000,jIf2AEWi7y2xcK85,523.000,TiCg1GW9IStcOras,591.000,Fw2XlLSvhDCRIl7z,,,,
7,213,2026-04-05T12:41:31.966Z,610.000,8,209.000,md4MdKOU6ZsQ//g0,214.000,SayB0+Vq1qyZnTIu,274.000,MY8Sv42aXxDpCjC4,506.000,TiCg1GW9IStcOras,554.000,Fw2XlLSvhDCRIl7z,560.000,BjjWVd8h3JWMBrnK,610.000,jIf2AEWi7y2xcK85,716.000,OY9eVeUW8tGGPJFe,,,,
7,214,2026-04-05T12:41:32.576Z,533.000,8,209.000,md4MdKOU6ZsQ//g0,210.000,SayB0+Vq1qyZnTIu,232.000,MY8Sv42aXxDpCjC4,332.000,TiCg1GW9IStcOras,474.000,OY9eVeUW8tGGPJFe,523.000,jIf2AEWi7y2xcK85,533.000,q5GVJKHvqVwABnDf,547.000,zyQbLrDbnVAAyE0h,,,,
7,215,2026-04-05T12:41:33.109Z,567.000,8,174.000,md4MdKOU6ZsQ//g0,211.000,MY8Sv42aXxDpCjC4,213.000,SayB0+Vq1qyZnTIu,433.000,TiCg1GW9IStcOras,485.000,zyQbLrDbnVAAyE0h,510.000,BjjWVd8h3JWMBrnK,567.000,Fw2XlLSvhDCRIl7z,574.000,jIf2AEWi7y2xcK85,,,,
7,216,2026-04-05T12:41:33.676Z,650.000,7,205.000,md4MdKOU6ZsQ//g0,317.000,SayB0+Vq1qyZnTIu,318.000,MY8Sv42aXxDpCjC4,523.000,jIf2AEWi7y2xcK85,597.000,q5GVJKHvqVwABnDf,643.000,zyQbLrDbnVAAyE0h,650.000,Fw2XlLSvhDCRIl7z,,,,,,
7,217,2026-04-05T12:41:34.326Z,488.000,8,157.000,SayB0+Vq1qyZnTIu,206.000,MY8Sv42aXxDpCjC4,265.000,md4MdKOU6ZsQ//g0,372.000,OY9eVeUW8tGGPJFe,391.000,TiCg1GW9IStcOras,487.000,BjjWVd8h3JWMBrnK,488.000,zyQbLrDbnVAAyE0h,515.000,jIf2AEWi7y2xcK85,,,,
7,218,2026-04-05T12:41:34.814Z,891.000,7,108.000,md4MdKOU6ZsQ//g0,333.000,SayB0+Vq1qyZnTIu,335.000,MY8Sv42aXxDpCjC4,526.000,jIf2AEWi7y2xcK85,621.000,q5GVJKHvqVwABnDf,882.000,Fw2XlLSvhDCRIl7z,890.000,BjjWVd8h3JWMBrnK,,,,,,
7,219,2026-04-05T12:41:35.705Z,924.000,7,240.000,q5GVJKHvqVwABnDf,299.000,SayB0+Vq1qyZnTIu,301.000,md4MdKOU6ZsQ//g0,301.000,MY8Sv42aXxDpCjC4,617.000,jIf2AEWi7y2xcK85,908.000,TiCg1GW9IStcOras,924.000,OY9eVeUW8tGGPJFe,,,,,,
7,220,2026-04-05T12:41:36.629Z,720.000,7,192.000,MY8Sv42aXxDpCjC4,297.000,SayB0+Vq1qyZnTIu,298.000,md4MdKOU6ZsQ//g0,453.000,jIf2AEWi7y2xcK85,472.000,q5GVJKHvqVwABnDf,702.000,Fw2XlLSvhDCRIl7z,720.000,BjjWVd8h3JWMBrnK,,,,,,
7,221,2026-04-05T12:41:37.349Z,471.000,10,206.000,SayB0+Vq1qyZnTIu,207.000,MY8Sv42aXxDpCjC4,207.000,md4MdKOU6ZsQ//g0,451.000,jIf2AEWi7y2xcK85,465.000,OY9eVeUW8tGGPJFe,469.000,BjjWVd8h3JWMBrnK,471.000,zyQbLrDbnVAAyE0h,477.000,q5GVJKHvqVwABnDf,475.000,Fw2XlLSvhDCRIl7z,494.000,TiCg1GW9IStcOras
7,222,2026-04-05T12:41:37.820Z,759.000,7,300.000,SayB0+Vq1qyZnTIu,301.000,md4MdKOU6ZsQ//g0,302.000,MY8Sv42aXxDpCjC4,472.000,q5GVJKHvqVwABnDf,610.000,jIf2AEWi7y2xcK85,750.000,Fw2XlLSvhDCRIl7z,861.000,BjjWVd8h3JWMBrnK,,,,,,
7,223,2026-04-05T12:41:38.579Z,602.000,7,205.000,md4MdKOU6ZsQ//g0,235.000,SayB0+Vq1qyZnTIu,236.000,MY8Sv42aXxDpCjC4,237.000,OY9eVeUW8tGGPJFe,439.000,zyQbLrDbnVAAyE0h,523.000,q5GVJKHvqVwABnDf,602.000,jIf2AEWi7y2xcK85,,,,,,
7,224,2026-04-05T12:41:39.181Z,564.000,9,206.000,md4MdKOU6ZsQ//g0,387.000,SayB0+Vq1qyZnTIu,456.000,OY9eVeUW8tGGPJFe,513.000,BjjWVd8h3JWMBrnK,523.000,MY8Sv42aXxDpCjC4,563.000,TiCg1GW9IStcOras,564.000,Fw2XlLSvhDCRIl7z,606.000,zyQbLrDbnVAAyE0h,652.000,jIf2AEWi7y2xcK85,,
7,225,2026-04-05T12:41:39.745Z,1034.000,7,154.000,SayB0+Vq1qyZnTIu,205.000,md4MdKOU6ZsQ//g0,248.000,MY8Sv42aXxDpCjC4,601.000,jIf2AEWi7y2xcK85,612.000,q5GVJKHvqVwABnDf,1009.000,OY9eVeUW8tGGPJFe,1034.000,zyQbLrDbnVAAyE0h,,,,,,
7,226,2026-04-05T12:41:40.779Z,1006.000,7,203.000,md4MdKOU6ZsQ//g0,205.000,MY8Sv42aXxDpCjC4,208.000,SayB0+Vq1qyZnTIu,452.000,jIf2AEWi7y2xcK85,467.000,q5GVJKHvqVwABnDf,971.000,TiCg1GW9IStcOras,1006.000,OY9eVeUW8tGGPJFe,,,,,,
7,227,2026-04-05T12:41:41.785Z,1188.000,7,205.000,MY8Sv42aXxDpCjC4,297.000,SayB0+Vq1qyZnTIu,298.000,md4MdKOU6ZsQ//g0,451.000,jIf2AEWi7y2xcK85,472.000,q5GVJKHvqVwABnDf,1187.000,BjjWVd8h3JWMBrnK,1188.000,TiCg1GW9IStcOras,,,,,,
7,228,2026-04-05T12:41:42.973Z,1030.000,7,298.000,SayB0+Vq1qyZnTIu,301.000,MY8Sv42aXxDpCjC4,301.000,md4MdKOU6ZsQ//g0,475.000,q5GVJKHvqVwABnDf,605.000,jIf2AEWi7y2xcK85,1025.000,Fw2XlLSvhDCRIl7z,1030.000,BjjWVd8h3JWMBrnK,,,,,,
7,229,2026-04-05T12:41:44.003Z,986.000,7,237.000,q5GVJKHvqVwABnDf,300.000,MY8Sv42aXxDpCjC4,300.000,SayB0+Vq1qyZnTIu,300.000,md4MdKOU6ZsQ//g0,614.000,jIf2AEWi7y2xcK85,985.000,Fw2XlLSvhDCRIl7z,986.000,zyQbLrDbnVAAyE0h,,,,,,
7,230,2026-04-05T12:41:44.989Z,933.000,7,299.000,MY8Sv42aXxDpCjC4,299.000,md4MdKOU6ZsQ//g0,301.000,SayB0+Vq1qyZnTIu,469.000,q5GVJKHvqVwABnDf,611.000,jIf2AEWi7y2xcK85,932.000,Fw2XlLSvhDCRIl7z,933.000,BjjWVd8h3JWMBrnK,,,,,,
7,231,2026-04-05T12:41:45.922Z,1295.000,7,299.000,SayB0+Vq1qyZnTIu,300.000,md4MdKOU6ZsQ//g0,303.000,MY8Sv42aXxDpCjC4,473.000,q5GVJKHvqVwABnDf,546.000,jIf2AEWi7y2xcK85,1285.000,OY9eVeUW8tGGPJFe,1297.000,zyQbLrDbnVAAyE0h,,,,,,
7,232,2026-04-05T12:41:47.217Z,1242.000,7,331.000,md4MdKOU6ZsQ//g0,332.000,SayB0+Vq1qyZnTIu,333.000,MY8Sv42aXxDpCjC4,487.000,jIf2AEWi7y2xcK85,504.000,q5GVJKHvqVwABnDf,1242.000,BjjWVd8h3JWMBrnK,1242.000,Fw2XlLSvhDCRIl7z,,,,,,
7,233,2026-04-05T12:41:48.459Z,2056.000,7,296.000,md4MdKOU6ZsQ//g0,298.000,MY8Sv42aXxDpCjC4,301.000,SayB0+Vq1qyZnTIu,448.000,jIf2AEWi7y2xcK85,470.000,q5GVJKHvqVwABnDf,2049.000,BjjWVd8h3JWMBrnK,2056.000,Fw2XlLSvhDCRIl7z,,,,,,
7,234,2026-04-05T12:41:50.515Z,2323.000,7,236.000,q5GVJKHvqVwABnDf,297.000,md4MdKOU6ZsQ//g0,298.000,MY8Sv42aXxDpCjC4,300.000,SayB0+Vq1qyZnTIu,452.000,jIf2AEWi7y2xcK85,2317.000,BjjWVd8h3JWMBrnK,2323.000,TiCg1GW9IStcOras,,,,,,
7,235,2026-04-05T12:41:52.838Z,2197.000,7,296.000,md4MdKOU6ZsQ//g0,296.000,SayB0+Vq1qyZnTIu,298.000,MY8Sv42aXxDpCjC4,472.000,q5GVJKHvqVwABnDf,604.000,jIf2AEWi7y2xcK85,1277.000,zyQbLrDbnVAAyE0h,2300.000,OY9eVeUW8tGGPJFe,,,,,,
7,236,2026-04-05T12:41:55.035Z,2429.000,7,446.000,jIf2AEWi7y2xcK85,550.000,SayB0+Vq1qyZnTIu,591.000,md4MdKOU6ZsQ//g0,671.000,MY8Sv42aXxDpCjC4,1527.000,q5GVJKHvqVwABnDf,2308.000,zyQbLrDbnVAAyE0h,2429.000,Fw2XlLSvhDCRIl7z,,,,,,
7,237,2026-04-05T12:41:57.464Z,2847.000,7,491.000,jIf2AEWi7y2xcK85,664.000,SayB0+Vq1qyZnTIu,1688.000,MY8Sv42aXxDpCjC4,1723.000,md4MdKOU6ZsQ//g0,1749.000,q5GVJKHvqVwABnDf,1827.000,zyQbLrDbnVAAyE0h,2847.000,TiCg1GW9IStcOras,,,,,,
7,238,2026-04-05T12:42:00.311Z,4048.000,7,452.000,jIf2AEWi7y2xcK85,971.000,MY8Sv42aXxDpCjC4,1732.000,q5GVJKHvqVwABnDf,1741.000,md4MdKOU6ZsQ//g0,1771.000,SayB0+Vq1qyZnTIu,2966.000,Fw2XlLSvhDCRIl7z,4048.000,TiCg1GW9IStcOras,,,,,,
7,239,2026-04-05T12:42:04.359Z,4488.000,7,453.000,jIf2AEWi7y2xcK85,2604.000,MY8Sv42aXxDpCjC4,2629.000,md4MdKOU6ZsQ//g0,2640.000,q5GVJKHvqVwABnDf,2679.000,SayB0+Vq1qyZnTIu,4297.000,zyQbLrDbnVAAyE0h,4488.000,TiCg1GW9IStcOras,,,,,,
7,240,2026-04-05T12:42:08.847Z,5309.000,7,452.000,jIf2AEWi7y2xcK85,2212.000,SayB0+Vq1qyZnTIu,2299.000,md4MdKOU6ZsQ//g0,2355.000,MY8Sv42aXxDpCjC4,2372.000,q5GVJKHvqVwABnDf,4092.000,zyQbLrDbnVAAyE0h,5309.000,TiCg1GW9IStcOras,,,,,,
7,241,2026-04-05T12:42:14.156Z,7331.000,7,455.000,jIf2AEWi7y2xcK85,2192.000,md4MdKOU6ZsQ//g0,4329.000,q5GVJKHvqVwABnDf,4335.000,MY8Sv42aXxDpCjC4,4381.000,SayB0+Vq1qyZnTIu,6358.000,zyQbLrDbnVAAyE0h,7331.000,BjjWVd8h3JWMBrnK,,,,,,
7,242,2026-04-05T12:42:21.487Z,8387.000,7,448.000,jIf2AEWi7y2xcK85,5014.000,md4MdKOU6ZsQ//g0,5049.000,SayB0+Vq1qyZnTIu,5071.000,q5GVJKHvqVwABnDf,5112.000,MY8Sv42aXxDpCjC4,8361.000,TiCg1GW9IStcOras,8387.000,OY9eVeUW8tGGPJFe,,,,,,
7,243,2026-04-05T12:42:29.874Z,8346.000,7,450.000,jIf2AEWi7y2xcK85,3908.000,q5GVJKHvqVwABnDf,3917.000,md4MdKOU6ZsQ//g0,4890.000,SayB0+Vq1qyZnTIu,4900.000,MY8Sv42aXxDpCjC4,8344.000,TiCg1GW9IStcOras,8345.000,OY9eVeUW8tGGPJFe,,,,,,
7,244,2026-04-05T12:42:38.220Z,8356.000,7,555.000,jIf2AEWi7y2xcK85,5762.000,q5GVJKHvqVwABnDf,6549.000,SayB0+Vq1qyZnTIu,6551.000,md4MdKOU6ZsQ//g0,6555.000,MY8Sv42aXxDpCjC4,7909.000,zyQbLrDbnVAAyE0h,8356.000,Fw2XlLSvhDCRIl7z,,,,,,
7,245,2026-04-05T12:42:46.576Z,,1,503.000,jIf2AEWi7y2xcK85,,,,,,,,,,,,,,,,,,
8,1,2026-04-05T12:40:32.484Z,1871.000,7,285.000,MY8Sv42aXxDpCjC4,1187.000,q5GVJKHvqVwABnDf,1868.000,md4MdKOU6ZsQ//g0,6216.000,Fw2XlLSvhDCRIl7z,1970.000,BjjWVd8h3JWMBrnK,2654.000,zyQbLrDbnVAAyE0h,4775.000,TiCg1GW9IStcOras,,,,,,
8,2,2026-04-05T12:40:34.355Z,312.000,7,205.000,MY8Sv42aXxDpCjC4,248.000,md4MdKOU6ZsQ//g0,306.000,q5GVJKHvqVwABnDf,307.000,BjjWVd8h3JWMBrnK,4346.000,Fw2XlLSvhDCRIl7z,2906.000,TiCg1GW9IStcOras,785.000,zyQbLrDbnVAAyE0h,,,,,,
8,3,2026-04-05T12:40:34.667Z,312.000,7,203.000,MY8Sv42aXxDpCjC4,244.000,md4MdKOU6ZsQ//g0,302.000,BjjWVd8h3JWMBrnK,305.000,q5GVJKHvqVwABnDf,516.000,zyQbLrDbnVAAyE0h,2596.000,TiCg1GW9IStcOras,4036.000,Fw2XlLSvhDCRIl7z,,,,,,
8,4,2026-04-05T12:40:34.979Z,306.000,7,200.000,MY8Sv42aXxDpCjC4,202.000,md4MdKOU6ZsQ//g0,260.000,zyQbLrDbnVAAyE0h,298.000,BjjWVd8h3JWMBrnK,301.000,q5GVJKHvqVwABnDf,3726.000,Fw2XlLSvhDCRIl7z,2285.000,TiCg1GW9IStcOras,,,,,,
8,5,2026-04-05T12:40:35.285Z,309.000,7,202.000,MY8Sv42aXxDpCjC4,204.000,md4MdKOU6ZsQ//g0,262.000,zyQbLrDbnVAAyE0h,302.000,BjjWVd8h3JWMBrnK,305.000,q5GVJKHvqVwABnDf,3422.000,Fw2XlLSvhDCRIl7z,1981.000,TiCg1GW9IStcOras,,,,,,
8,6,2026-04-05T12:40:35.594Z,305.000,8,203.000,MY8Sv42aXxDpCjC4,205.000,md4MdKOU6ZsQ//g0,261.000,zyQbLrDbnVAAyE0h,298.000,BjjWVd8h3JWMBrnK,299.000,SayB0+Vq1qyZnTIu,3115.000,Fw2XlLSvhDCRIl7z,307.000,q5GVJKHvqVwABnDf,1674.000,TiCg1GW9IStcOras,,,,
8,7,2026-04-05T12:40:35.899Z,254.000,10,203.000,MY8Sv42aXxDpCjC4,206.000,SayB0+Vq1qyZnTIu,210.000,md4MdKOU6ZsQ//g0,309.000,q5GVJKHvqVwABnDf,307.000,OY9eVeUW8tGGPJFe,304.000,zyQbLrDbnVAAyE0h,306.000,BjjWVd8h3JWMBrnK,1371.000,TiCg1GW9IStcOras,2811.000,Fw2XlLSvhDCRIl7z,971.000,jIf2AEWi7y2xcK85
8,8,2026-04-05T12:40:36.153Z,362.000,9,197.000,md4MdKOU6ZsQ//g0,255.000,MY8Sv42aXxDpCjC4,256.000,SayB0+Vq1qyZnTIu,362.000,BjjWVd8h3JWMBrnK,362.000,q5GVJKHvqVwABnDf,363.000,OY9eVeUW8tGGPJFe,2650.000,Fw2XlLSvhDCRIl7z,362.000,zyQbLrDbnVAAyE0h,1206.000,TiCg1GW9IStcOras,,
8,9,2026-04-05T12:40:36.515Z,216.000,9,106.000,q5GVJKHvqVwABnDf,108.000,MY8Sv42aXxDpCjC4,111.000,zyQbLrDbnVAAyE0h,213.000,OY9eVeUW8tGGPJFe,214.000,md4MdKOU6ZsQ//g0,215.000,BjjWVd8h3JWMBrnK,216.000,SayB0+Vq1qyZnTIu,2290.000,Fw2XlLSvhDCRIl7z,845.000,TiCg1GW9IStcOras,,
8,10,2026-04-05T12:40:36.731Z,309.000,8,200.000,MY8Sv42aXxDpCjC4,212.000,q5GVJKHvqVwABnDf,212.000,zyQbLrDbnVAAyE0h,2076.000,Fw2XlLSvhDCRIl7z,311.000,OY9eVeUW8tGGPJFe,631.000,TiCg1GW9IStcOras,313.000,BjjWVd8h3JWMBrnK,310.000,md4MdKOU6ZsQ//g0,,,,
8,11,2026-04-05T12:40:37.040Z,307.000,9,200.000,MY8Sv42aXxDpCjC4,203.000,SayB0+Vq1qyZnTIu,233.000,BjjWVd8h3JWMBrnK,245.000,zyQbLrDbnVAAyE0h,268.000,OY9eVeUW8tGGPJFe,308.000,q5GVJKHvqVwABnDf,1769.000,Fw2XlLSvhDCRIl7z,323.000,TiCg1GW9IStcOras,309.000,md4MdKOU6ZsQ//g0,,
8,12,2026-04-05T12:40:37.347Z,270.000,8,165.000,SayB0+Vq1qyZnTIu,201.000,MY8Sv42aXxDpCjC4,206.000,q5GVJKHvqVwABnDf,235.000,BjjWVd8h3JWMBrnK,247.000,zyQbLrDbnVAAyE0h,269.000,OY9eVeUW8tGGPJFe,270.000,TiCg1GW9IStcOras,1463.000,Fw2XlLSvhDCRIl7z,,,,
8,13,2026-04-05T12:40:37.617Z,252.000,9,145.000,MY8Sv42aXxDpCjC4,182.000,zyQbLrDbnVAAyE0h,182.000,SayB0+Vq1qyZnTIu,184.000,md4MdKOU6ZsQ//g0,225.000,TiCg1GW9IStcOras,245.000,q5GVJKHvqVwABnDf,253.000,OY9eVeUW8tGGPJFe,256.000,BjjWVd8h3JWMBrnK,1195.000,Fw2XlLSvhDCRIl7z,,
8,14,2026-04-05T12:40:37.869Z,296.000,8,164.000,zyQbLrDbnVAAyE0h,180.000,TiCg1GW9IStcOras,197.000,md4MdKOU6ZsQ//g0,200.000,OY9eVeUW8tGGPJFe,203.000,MY8Sv42aXxDpCjC4,206.000,BjjWVd8h3JWMBrnK,945.000,Fw2XlLSvhDCRIl7z,509.000,q5GVJKHvqVwABnDf,,,,
8,15,2026-04-05T12:40:38.165Z,221.000,9,162.000,SayB0+Vq1qyZnTIu,175.000,zyQbLrDbnVAAyE0h,176.000,md4MdKOU6ZsQ//g0,201.000,MY8Sv42aXxDpCjC4,210.000,TiCg1GW9IStcOras,211.000,q5GVJKHvqVwABnDf,651.000,Fw2XlLSvhDCRIl7z,230.000,OY9eVeUW8tGGPJFe,281.000,BjjWVd8h3JWMBrnK,,
8,16,2026-04-05T12:40:38.386Z,300.000,9,198.000,SayB0+Vq1qyZnTIu,202.000,MY8Sv42aXxDpCjC4,211.000,md4MdKOU6ZsQ//g0,266.000,zyQbLrDbnVAAyE0h,272.000,BjjWVd8h3JWMBrnK,296.000,TiCg1GW9IStcOras,431.000,Fw2XlLSvhDCRIl7z,313.000,OY9eVeUW8tGGPJFe,302.000,q5GVJKHvqVwABnDf,,
8,17,2026-04-05T12:40:38.686Z,253.000,9,172.000,zyQbLrDbnVAAyE0h,176.000,SayB0+Vq1qyZnTIu,201.000,TiCg1GW9IStcOras,203.000,MY8Sv42aXxDpCjC4,216.000,md4MdKOU6ZsQ//g0,237.000,Fw2XlLSvhDCRIl7z,252.000,OY9eVeUW8tGGPJFe,285.000,q5GVJKHvqVwABnDf,280.000,BjjWVd8h3JWMBrnK,,
8,18,2026-04-05T12:40:38.939Z,264.000,10,160.000,SayB0+Vq1qyZnTIu,164.000,MY8Sv42aXxDpCjC4,168.000,md4MdKOU6ZsQ//g0,233.000,BjjWVd8h3JWMBrnK,237.000,zyQbLrDbnVAAyE0h,256.000,TiCg1GW9IStcOras,264.000,q5GVJKHvqVwABnDf,276.000,Fw2XlLSvhDCRIl7z,274.000,OY9eVeUW8tGGPJFe,627.000,jIf2AEWi7y2xcK85
8,19,2026-04-05T12:40:39.203Z,281.000,9,177.000,SayB0+Vq1qyZnTIu,211.000,MY8Sv42aXxDpCjC4,213.000,md4MdKOU6ZsQ//g0,236.000,Fw2XlLSvhDCRIl7z,278.000,BjjWVd8h3JWMBrnK,280.000,zyQbLrDbnVAAyE0h,281.000,OY9eVeUW8tGGPJFe,283.000,TiCg1GW9IStcOras,284.000,q5GVJKHvqVwABnDf,,
8,20,2026-04-05T12:40:39.484Z,242.000,9,138.000,MY8Sv42aXxDpCjC4,159.000,Fw2XlLSvhDCRIl7z,191.000,md4MdKOU6ZsQ//g0,203.000,SayB0+Vq1qyZnTIu,228.000,TiCg1GW9IStcOras,233.000,q5GVJKHvqVwABnDf,248.000,BjjWVd8h3JWMBrnK,245.000,OY9eVeUW8tGGPJFe,246.000,zyQbLrDbnVAAyE0h,,
8,21,2026-04-05T12:40:39.726Z,275.000,9,171.000,SayB0+Vq1qyZnTIu,195.000,MY8Sv42aXxDpCjC4,225.000,Fw2XlLSvhDCRIl7z,229.000,md4MdKOU6ZsQ//g0,270.000,zyQbLrDbnVAAyE0h,273.000,BjjWVd8h3JWMBrnK,275.000,OY9eVeUW8tGGPJFe,280.000,q5GVJKHvqVwABnDf,283.000,TiCg1GW9IStcOras,,
8,22,2026-04-05T12:40:40.001Z,241.000,9,137.000,MY8Sv42aXxDpCjC4,186.000,SayB0+Vq1qyZnTIu,193.000,md4MdKOU6ZsQ//g0,226.000,TiCg1GW9IStcOras,230.000,q5GVJKHvqVwABnDf,259.000,Fw2XlLSvhDCRIl7z,276.000,BjjWVd8h3JWMBrnK,272.000,zyQbLrDbnVAAyE0h,275.000,OY9eVeUW8tGGPJFe,,
8,23,2026-04-05T12:40:40.242Z,269.000,9,171.000,SayB0+Vq1qyZnTIu,196.000,q5GVJKHvqVwABnDf,203.000,MY8Sv42aXxDpCjC4,205.000,md4MdKOU6ZsQ//g0,225.000,Fw2XlLSvhDCRIl7z,265.000,zyQbLrDbnVAAyE0h,269.000,BjjWVd8h3JWMBrnK,273.000,OY9eVeUW8tGGPJFe,295.000,TiCg1GW9IStcOras,,
8,24,2026-04-05T12:40:40.511Z,246.000,9,141.000,MY8Sv42aXxDpCjC4,162.000,Fw2XlLSvhDCRIl7z,195.000,md4MdKOU6ZsQ//g0,202.000,SayB0+Vq1qyZnTIu,234.000,TiCg1GW9IStcOras,237.000,q5GVJKHvqVwABnDf,250.000,BjjWVd8h3JWMBrnK,252.000,zyQbLrDbnVAAyE0h,253.000,OY9eVeUW8tGGPJFe,,
8,25,2026-04-05T12:40:40.757Z,262.000,9,158.000,Fw2XlLSvhDCRIl7z,195.000,TiCg1GW9IStcOras,195.000,SayB0+Vq1qyZnTIu,199.000,md4MdKOU6ZsQ//g0,201.000,MY8Sv42aXxDpCjC4,298.000,q5GVJKHvqVwABnDf,268.000,BjjWVd8h3JWMBrnK,267.000,zyQbLrDbnVAAyE0h,275.000,OY9eVeUW8tGGPJFe,,
8,26,2026-04-05T12:40:41.019Z,242.000,9,179.000,MY8Sv42aXxDpCjC4,200.000,md4MdKOU6ZsQ//g0,205.000,SayB0+Vq1qyZnTIu,206.000,Fw2XlLSvhDCRIl7z,215.000,BjjWVd8h3JWMBrnK,220.000,OY9eVeUW8tGGPJFe,242.000,q5GVJKHvqVwABnDf,287.000,TiCg1GW9IStcOras,288.000,zyQbLrDbnVAAyE0h,,
8,27,2026-04-05T12:40:41.261Z,285.000,9,203.000,SayB0+Vq1qyZnTIu,215.000,md4MdKOU6ZsQ//g0,217.000,MY8Sv42aXxDpCjC4,276.000,zyQbLrDbnVAAyE0h,281.000,BjjWVd8h3JWMBrnK,284.000,OY9eVeUW8tGGPJFe,310.000,TiCg1GW9IStcOras,308.000,Fw2XlLSvhDCRIl7z,309.000,q5GVJKHvqVwABnDf,,
8,28,2026-04-05T12:40:41.546Z,231.000,9,138.000,MY8Sv42aXxDpCjC4,197.000,zyQbLrDbnVAAyE0h,205.000,md4MdKOU6ZsQ//g0,226.000,SayB0+Vq1qyZnTIu,228.000,Fw2XlLSvhDCRIl7z,229.000,TiCg1GW9IStcOras,231.000,q5GVJKHvqVwABnDf,246.000,BjjWVd8h3JWMBrnK,248.000,OY9eVeUW8tGGPJFe,,
8,29,2026-04-05T12:40:41.777Z,287.000,9,203.000,SayB0+Vq1qyZnTIu,207.000,md4MdKOU6ZsQ//g0,214.000,MY8Sv42aXxDpCjC4,275.000,zyQbLrDbnVAAyE0h,283.000,OY9eVeUW8tGGPJFe,310.000,TiCg1GW9IStcOras,308.000,q5GVJKHvqVwABnDf,305.000,BjjWVd8h3JWMBrnK,307.000,Fw2XlLSvhDCRIl7z,,
8,30,2026-04-05T12:40:42.064Z,230.000,9,137.000,MY8Sv42aXxDpCjC4,195.000,zyQbLrDbnVAAyE0h,206.000,md4MdKOU6ZsQ//g0,223.000,SayB0+Vq1qyZnTIu,227.000,Fw2XlLSvhDCRIl7z,228.000,q5GVJKHvqVwABnDf,229.000,TiCg1GW9IStcOras,244.000,BjjWVd8h3JWMBrnK,246.000,OY9eVeUW8tGGPJFe,,
8,31,2026-04-05T12:40:42.294Z,305.000,9,203.000,SayB0+Vq1qyZnTIu,211.000,MY8Sv42aXxDpCjC4,213.000,md4MdKOU6ZsQ//g0,273.000,zyQbLrDbnVAAyE0h,280.000,OY9eVeUW8tGGPJFe,304.000,q5GVJKHvqVwABnDf,305.000,BjjWVd8h3JWMBrnK,306.000,Fw2XlLSvhDCRIl7z,307.000,TiCg1GW9IStcOras,,
8,32,2026-04-05T12:40:42.599Z,252.000,9,146.000,MY8Sv42aXxDpCjC4,183.000,md4MdKOU6ZsQ//g0,207.000,Fw2XlLSvhDCRIl7z,207.000,SayB0+Vq1qyZnTIu,208.000,TiCg1GW9IStcOras,266.000,BjjWVd8h3JWMBrnK,263.000,zyQbLrDbnVAAyE0h,262.000,OY9eVeUW8tGGPJFe,264.000,q5GVJKHvqVwABnDf,,
8,33,2026-04-05T12:40:42.851Z,268.000,9,165.000,SayB0+Vq1qyZnTIu,176.000,md4MdKOU6ZsQ//g0,203.000,MY8Sv42aXxDpCjC4,235.000,OY9eVeUW8tGGPJFe,262.000,Fw2XlLSvhDCRIl7z,264.000,q5GVJKHvqVwABnDf,268.000,BjjWVd8h3JWMBrnK,272.000,TiCg1GW9IStcOras,273.000,zyQbLrDbnVAAyE0h,,
8,34,2026-04-05T12:40:43.119Z,245.000,9,170.000,MY8Sv42aXxDpCjC4,198.000,Fw2XlLSvhDCRIl7z,202.000,SayB0+Vq1qyZnTIu,206.000,md4MdKOU6ZsQ//g0,208.000,BjjWVd8h3JWMBrnK,236.000,TiCg1GW9IStcOras,277.000,OY9eVeUW8tGGPJFe,274.000,zyQbLrDbnVAAyE0h,276.000,q5GVJKHvqVwABnDf,,
8,35,2026-04-05T12:40:43.364Z,272.000,9,168.000,SayB0+Vq1qyZnTIu,202.000,MY8Sv42aXxDpCjC4,216.000,md4MdKOU6ZsQ//g0,260.000,Fw2XlLSvhDCRIl7z,266.000,q5GVJKHvqVwABnDf,269.000,OY9eVeUW8tGGPJFe,272.000,BjjWVd8h3JWMBrnK,276.000,zyQbLrDbnVAAyE0h,278.000,TiCg1GW9IStcOras,,
8,36,2026-04-05T12:40:43.636Z,207.000,9,195.000,Fw2XlLSvhDCRIl7z,200.000,q5GVJKHvqVwABnDf,201.000,SayB0+Vq1qyZnTIu,202.000,md4MdKOU6ZsQ//g0,204.000,OY9eVeUW8tGGPJFe,205.000,BjjWVd8h3JWMBrnK,206.000,MY8Sv42aXxDpCjC4,234.000,TiCg1GW9IStcOras,244.000,zyQbLrDbnVAAyE0h,,
8,37,2026-04-05T12:40:43.843Z,298.000,9,202.000,MY8Sv42aXxDpCjC4,204.000,SayB0+Vq1qyZnTIu,234.000,TiCg1GW9IStcOras,244.000,zyQbLrDbnVAAyE0h,252.000,md4MdKOU6ZsQ//g0,307.000,OY9eVeUW8tGGPJFe,310.000,BjjWVd8h3JWMBrnK,308.000,Fw2XlLSvhDCRIl7z,304.000,q5GVJKHvqVwABnDf,,
8,38,2026-04-05T12:40:44.141Z,257.000,9,179.000,md4MdKOU6ZsQ//g0,206.000,MY8Sv42aXxDpCjC4,210.000,SayB0+Vq1qyZnTIu,216.000,OY9eVeUW8tGGPJFe,217.000,BjjWVd8h3JWMBrnK,247.000,TiCg1GW9IStcOras,257.000,zyQbLrDbnVAAyE0h,314.000,q5GVJKHvqVwABnDf,317.000,Fw2XlLSvhDCRIl7z,,
8,39,2026-04-05T12:40:44.398Z,272.000,9,197.000,TiCg1GW9IStcOras,209.000,md4MdKOU6ZsQ//g0,212.000,MY8Sv42aXxDpCjC4,249.000,SayB0+Vq1qyZnTIu,265.000,q5GVJKHvqVwABnDf,267.000,OY9eVeUW8tGGPJFe,272.000,BjjWVd8h3JWMBrnK,318.000,zyQbLrDbnVAAyE0h,319.000,Fw2XlLSvhDCRIl7z,,
8,40,2026-04-05T12:40:44.670Z,301.000,9,200.000,MY8Sv42aXxDpCjC4,201.000,md4MdKOU6ZsQ//g0,203.000,OY9eVeUW8tGGPJFe,206.000,BjjWVd8h3JWMBrnK,264.000,SayB0+Vq1qyZnTIu,265.000,zyQbLrDbnVAAyE0h,301.000,q5GVJKHvqVwABnDf,304.000,TiCg1GW9IStcOras,308.000,Fw2XlLSvhDCRIl7z,,
8,41,2026-04-05T12:40:44.971Z,257.000,9,156.000,md4MdKOU6ZsQ//g0,189.000,zyQbLrDbnVAAyE0h,205.000,SayB0+Vq1qyZnTIu,207.000,MY8Sv42aXxDpCjC4,211.000,OY9eVeUW8tGGPJFe,215.000,Fw2XlLSvhDCRIl7z,264.000,TiCg1GW9IStcOras,263.000,q5GVJKHvqVwABnDf,262.000,BjjWVd8h3JWMBrnK,,
8,42,2026-04-05T12:40:45.228Z,265.000,9,162.000,OY9eVeUW8tGGPJFe,163.000,SayB0+Vq1qyZnTIu,196.000,MY8Sv42aXxDpCjC4,205.000,md4MdKOU6ZsQ//g0,257.000,q5GVJKHvqVwABnDf,258.000,zyQbLrDbnVAAyE0h,265.000,BjjWVd8h3JWMBrnK,273.000,TiCg1GW9IStcOras,269.000,Fw2XlLSvhDCRIl7z,,
8,43,2026-04-05T12:40:45.493Z,253.000,9,200.000,zyQbLrDbnVAAyE0h,202.000,MY8Sv42aXxDpCjC4,204.000,SayB0+Vq1qyZnTIu,205.000,md4MdKOU6ZsQ//g0,207.000,OY9eVeUW8tGGPJFe,301.000,TiCg1GW9IStcOras,306.000,Fw2XlLSvhDCRIl7z,300.000,q5GVJKHvqVwABnDf,407.000,BjjWVd8h3JWMBrnK,,
8,44,2026-04-05T12:40:45.746Z,261.000,9,163.000,SayB0+Vq1qyZnTIu,193.000,MY8Sv42aXxDpCjC4,204.000,md4MdKOU6ZsQ//g0,253.000,TiCg1GW9IStcOras,254.000,q5GVJKHvqVwABnDf,260.000,BjjWVd8h3JWMBrnK,272.000,OY9eVeUW8tGGPJFe,267.000,zyQbLrDbnVAAyE0h,264.000,Fw2XlLSvhDCRIl7z,,
8,45,2026-04-05T12:40:46.007Z,259.000,9,200.000,MY8Sv42aXxDpCjC4,205.000,md4MdKOU6ZsQ//g0,206.000,SayB0+Vq1qyZnTIu,211.000,zyQbLrDbnVAAyE0h,244.000,OY9eVeUW8tGGPJFe,307.000,Fw2XlLSvhDCRIl7z,303.000,q5GVJKHvqVwABnDf,305.000,BjjWVd8h3JWMBrnK,306.000,TiCg1GW9IStcOras,,
8,46,2026-04-05T12:40:46.266Z,262.000,9,157.000,SayB0+Vq1qyZnTIu,197.000,md4MdKOU6ZsQ//g0,203.000,MY8Sv42aXxDpCjC4,250.000,BjjWVd8h3JWMBrnK,256.000,TiCg1GW9IStcOras,260.000,zyQbLrDbnVAAyE0h,262.000,Fw2XlLSvhDCRIl7z,293.000,q5GVJKHvqVwABnDf,290.000,OY9eVeUW8tGGPJFe,,
8,47,2026-04-05T12:40:46.528Z,301.000,9,197.000,MY8Sv42aXxDpCjC4,199.000,md4MdKOU6ZsQ//g0,202.000,SayB0+Vq1qyZnTIu,235.000,OY9eVeUW8tGGPJFe,306.000,q5GVJKHvqVwABnDf,302.000,BjjWVd8h3JWMBrnK,307.000,zyQbLrDbnVAAyE0h,305.000,Fw2XlLSvhDCRIl7z,305.000,TiCg1GW9IStcOras,,
8,48,2026-04-05T12:40:46.829Z,243.000,9,141.000,Fw2XlLSvhDCRIl7z,202.000,MY8Sv42aXxDpCjC4,204.000,md4MdKOU6ZsQ//g0,205.000,BjjWVd8h3JWMBrnK,209.000,SayB0+Vq1qyZnTIu,212.000,zyQbLrDbnVAAyE0h,243.000,OY9eVeUW8tGGPJFe,308.000,TiCg1GW9IStcOras,515.000,q5GVJKHvqVwABnDf,,
8,49,2026-04-05T12:40:47.072Z,275.000,9,177.000,SayB0+Vq1qyZnTIu,206.000,MY8Sv42aXxDpCjC4,211.000,md4MdKOU6ZsQ//g0,279.000,TiCg1GW9IStcOras,287.000,Fw2XlLSvhDCRIl7z,279.000,q5GVJKHvqVwABnDf,280.000,BjjWVd8h3JWMBrnK,280.000,zyQbLrDbnVAAyE0h,286.000,OY9eVeUW8tGGPJFe,,
8,50,2026-04-05T12:40:47.347Z,306.000,9,202.000,MY8Sv42aXxDpCjC4,204.000,md4MdKOU6ZsQ//g0,210.000,SayB0+Vq1qyZnTIu,211.000,BjjWVd8h3JWMBrnK,238.000,OY9eVeUW8tGGPJFe,310.000,q5GVJKHvqVwABnDf,312.000,TiCg1GW9IStcOras,309.000,Fw2XlLSvhDCRIl7z,308.000,zyQbLrDbnVAAyE0h,,
8,51,2026-04-05T12:40:47.653Z,220.000,9,115.000,SayB0+Vq1qyZnTIu,204.000,MY8Sv42aXxDpCjC4,207.000,md4MdKOU6ZsQ//g0,213.000,zyQbLrDbnVAAyE0h,216.000,BjjWVd8h3JWMBrnK,218.000,q5GVJKHvqVwABnDf,220.000,TiCg1GW9IStcOras,227.000,Fw2XlLSvhDCRIl7z,228.000,OY9eVeUW8tGGPJFe,,
8,52,2026-04-05T12:40:47.873Z,231.000,9,192.000,MY8Sv42aXxDpCjC4,194.000,md4MdKOU6ZsQ//g0,198.000,zyQbLrDbnVAAyE0h,201.000,BjjWVd8h3JWMBrnK,202.000,SayB0+Vq1qyZnTIu,204.000,TiCg1GW9IStcOras,230.000,OY9eVeUW8tGGPJFe,298.000,q5GVJKHvqVwABnDf,299.000,Fw2XlLSvhDCRIl7z,,
8,53,2026-04-05T12:40:48.104Z,278.000,9,184.000,SayB0+Vq1qyZnTIu,207.000,MY8Sv42aXxDpCjC4,224.000,md4MdKOU6ZsQ//g0,276.000,zyQbLrDbnVAAyE0h,287.000,TiCg1GW9IStcOras,286.000,BjjWVd8h3JWMBrnK,284.000,q5GVJKHvqVwABnDf,290.000,Fw2XlLSvhDCRIl7z,293.000,OY9eVeUW8tGGPJFe,,
8,54,2026-04-05T12:40:48.382Z,215.000,9,199.000,MY8Sv42aXxDpCjC4,202.000,md4MdKOU6ZsQ//g0,204.000,zyQbLrDbnVAAyE0h,212.000,BjjWVd8h3JWMBrnK,212.000,SayB0+Vq1qyZnTIu,213.000,q5GVJKHvqVwABnDf,215.000,TiCg1GW9IStcOras,240.000,OY9eVeUW8tGGPJFe,304.000,Fw2XlLSvhDCRIl7z,,
8,55,2026-04-05T12:40:48.597Z,294.000,9,190.000,MY8Sv42aXxDpCjC4,195.000,md4MdKOU6ZsQ//g0,207.000,SayB0+Vq1qyZnTIu,230.000,OY9eVeUW8tGGPJFe,300.000,Fw2XlLSvhDCRIl7z,302.000,BjjWVd8h3JWMBrnK,299.000,TiCg1GW9IStcOras,298.000,q5GVJKHvqVwABnDf,297.000,zyQbLrDbnVAAyE0h,,
8,56,2026-04-05T12:40:48.891Z,248.000,9,145.000,SayB0+Vq1qyZnTIu,149.000,MY8Sv42aXxDpCjC4,191.000,md4MdKOU6ZsQ//g0,225.000,TiCg1GW9IStcOras,227.000,q5GVJKHvqVwABnDf,228.000,BjjWVd8h3JWMBrnK,248.000,OY9eVeUW8tGGPJFe,256.000,zyQbLrDbnVAAyE0h,253.000,Fw2XlLSvhDCRIl7z,,
8,57,2026-04-05T12:40:49.139Z,268.000,9,170.000,md4MdKOU6ZsQ//g0,188.000,BjjWVd8h3JWMBrnK,202.000,SayB0+Vq1qyZnTIu,204.000,zyQbLrDbnVAAyE0h,205.000,MY8Sv42aXxDpCjC4,222.000,Fw2XlLSvhDCRIl7z,276.000,TiCg1GW9IStcOras,279.000,q5GVJKHvqVwABnDf,277.000,OY9eVeUW8tGGPJFe,,
8,58,2026-04-05T12:40:49.407Z,250.000,9,149.000,SayB0+Vq1qyZnTIu,204.000,zyQbLrDbnVAAyE0h,205.000,MY8Sv42aXxDpCjC4,209.000,md4MdKOU6ZsQ//g0,222.000,q5GVJKHvqVwABnDf,225.000,TiCg1GW9IStcOras,250.000,BjjWVd8h3JWMBrnK,251.000,OY9eVeUW8tGGPJFe,259.000,Fw2XlLSvhDCRIl7z,,
8,59,2026-04-05T12:40:49.657Z,269.000,9,170.000,md4MdKOU6ZsQ//g0,181.000,SayB0+Vq1qyZnTIu,206.000,BjjWVd8h3JWMBrnK,209.000,MY8Sv42aXxDpCjC4,259.000,Fw2XlLSvhDCRIl7z,263.000,zyQbLrDbnVAAyE0h,278.000,TiCg1GW9IStcOras,279.000,q5GVJKHvqVwABnDf,277.000,OY9eVeUW8tGGPJFe,,
8,60,2026-04-05T12:40:49.926Z,249.000,9,146.000,SayB0+Vq1qyZnTIu,203.000,MY8Sv42aXxDpCjC4,206.000,md4MdKOU6ZsQ//g0,219.000,q5GVJKHvqVwABnDf,221.000,TiCg1GW9IStcOras,246.000,OY9eVeUW8tGGPJFe,248.000,BjjWVd8h3JWMBrnK,255.000,Fw2XlLSvhDCRIl7z,259.000,zyQbLrDbnVAAyE0h,,
8,61,2026-04-05T12:40:50.175Z,257.000,9,173.000,SayB0+Vq1qyZnTIu,178.000,TiCg1GW9IStcOras,185.000,md4MdKOU6ZsQ//g0,201.000,MY8Sv42aXxDpCjC4,204.000,BjjWVd8h3JWMBrnK,253.000,Fw2XlLSvhDCRIl7z,257.000,zyQbLrDbnVAAyE0h,275.000,q5GVJKHvqVwABnDf,285.000,OY9eVeUW8tGGPJFe,,
8,62,2026-04-05T12:40:50.432Z,305.000,9,202.000,SayB0+Vq1qyZnTIu,213.000,MY8Sv42aXxDpCjC4,215.000,md4MdKOU6ZsQ//g0,233.000,TiCg1GW9IStcOras,254.000,OY9eVeUW8tGGPJFe,261.000,BjjWVd8h3JWMBrnK,305.000,Fw2XlLSvhDCRIl7z,309.000,zyQbLrDbnVAAyE0h,329.000,q5GVJKHvqVwABnDf,,
8,63,2026-04-05T12:40:50.737Z,220.000,9,139.000,md4MdKOU6ZsQ//g0,157.000,SayB0+Vq1qyZnTIu,158.000,MY8Sv42aXxDpCjC4,161.000,BjjWVd8h3JWMBrnK,207.000,Fw2XlLSvhDCRIl7z,210.000,zyQbLrDbnVAAyE0h,233.000,q5GVJKHvqVwABnDf,243.000,TiCg1GW9IStcOras,250.000,OY9eVeUW8tGGPJFe,,
8,64,2026-04-05T12:40:50.957Z,298.000,9,193.000,SayB0+Vq1qyZnTIu,211.000,md4MdKOU6ZsQ//g0,217.000,q5GVJKHvqVwABnDf,221.000,MY8Sv42aXxDpCjC4,242.000,OY9eVeUW8tGGPJFe,251.000,BjjWVd8h3JWMBrnK,298.000,zyQbLrDbnVAAyE0h,299.000,Fw2XlLSvhDCRIl7z,509.000,TiCg1GW9IStcOras,,
8,65,2026-04-05T12:40:51.255Z,242.000,9,139.000,md4MdKOU6ZsQ//g0,155.000,BjjWVd8h3JWMBrnK,155.000,SayB0+Vq1qyZnTIu,206.000,zyQbLrDbnVAAyE0h,209.000,Fw2XlLSvhDCRIl7z,240.000,MY8Sv42aXxDpCjC4,259.000,q5GVJKHvqVwABnDf,246.000,TiCg1GW9IStcOras,248.000,OY9eVeUW8tGGPJFe,,
8,66,2026-04-05T12:40:51.497Z,242.000,9,137.000,SayB0+Vq1qyZnTIu,205.000,md4MdKOU6ZsQ//g0,207.000,MY8Sv42aXxDpCjC4,218.000,OY9eVeUW8tGGPJFe,228.000,BjjWVd8h3JWMBrnK,230.000,q5GVJKHvqVwABnDf,242.000,TiCg1GW9IStcOras,247.000,Fw2XlLSvhDCRIl7z,249.000,zyQbLrDbnVAAyE0h,,
8,67,2026-04-05T12:40:51.739Z,238.000,8,172.000,md4MdKOU6ZsQ//g0,181.000,SayB0+Vq1qyZnTIu,181.000,BjjWVd8h3JWMBrnK,192.000,q5GVJKHvqVwABnDf,205.000,TiCg1GW9IStcOras,234.000,zyQbLrDbnVAAyE0h,238.000,Fw2XlLSvhDCRIl7z,278.000,OY9eVeUW8tGGPJFe,,,,
8,68,2026-04-05T12:40:51.977Z,251.000,9,192.000,MY8Sv42aXxDpCjC4,201.000,SayB0+Vq1qyZnTIu,221.000,md4MdKOU6ZsQ//g0,299.000,zyQbLrDbnVAAyE0h,278.000,TiCg1GW9IStcOras,262.000,BjjWVd8h3JWMBrnK,269.000,OY9eVeUW8tGGPJFe,300.000,Fw2XlLSvhDCRIl7z,408.000,q5GVJKHvqVwABnDf,,
8,69,2026-04-05T12:40:52.228Z,257.000,9,159.000,SayB0+Vq1qyZnTIu,201.000,md4MdKOU6ZsQ//g0,203.000,MY8Sv42aXxDpCjC4,216.000,BjjWVd8h3JWMBrnK,233.000,TiCg1GW9IStcOras,243.000,q5GVJKHvqVwABnDf,257.000,zyQbLrDbnVAAyE0h,263.000,Fw2XlLSvhDCRIl7z,304.000,OY9eVeUW8tGGPJFe,,
8,70,2026-04-05T12:40:52.485Z,255.000,9,167.000,MY8Sv42aXxDpCjC4,192.000,q5GVJKHvqVwABnDf,206.000,SayB0+Vq1qyZnTIu,212.000,md4MdKOU6ZsQ//g0,213.000,Fw2XlLSvhDCRIl7z,269.000,BjjWVd8h3JWMBrnK,301.000,zyQbLrDbnVAAyE0h,300.000,TiCg1GW9IStcOras,274.000,OY9eVeUW8tGGPJFe,,
8,71,2026-04-05T12:40:52.740Z,304.000,9,202.000,md4MdKOU6ZsQ//g0,203.000,OY9eVeUW8tGGPJFe,208.000,MY8Sv42aXxDpCjC4,226.000,SayB0+Vq1qyZnTIu,258.000,zyQbLrDbnVAAyE0h,261.000,TiCg1GW9IStcOras,304.000,Fw2XlLSvhDCRIl7z,310.000,q5GVJKHvqVwABnDf,433.000,BjjWVd8h3JWMBrnK,,
8,72,2026-04-05T12:40:53.044Z,268.000,9,163.000,SayB0+Vq1qyZnTIu,208.000,md4MdKOU6ZsQ//g0,214.000,MY8Sv42aXxDpCjC4,228.000,OY9eVeUW8tGGPJFe,260.000,zyQbLrDbnVAAyE0h,267.000,TiCg1GW9IStcOras,268.000,q5GVJKHvqVwABnDf,274.000,Fw2XlLSvhDCRIl7z,292.000,BjjWVd8h3JWMBrnK,,
8,73,2026-04-05T12:40:53.312Z,248.000,9,150.000,OY9eVeUW8tGGPJFe,153.000,md4MdKOU6ZsQ//g0,199.000,zyQbLrDbnVAAyE0h,200.000,SayB0+Vq1qyZnTIu,205.000,q5GVJKHvqVwABnDf,219.000,MY8Sv42aXxDpCjC4,248.000,Fw2XlLSvhDCRIl7z,260.000,TiCg1GW9IStcOras,261.000,BjjWVd8h3JWMBrnK,,
8,74,2026-04-05T12:40:53.560Z,266.000,9,165.000,SayB0+Vq1qyZnTIu,213.000,MY8Sv42aXxDpCjC4,215.000,md4MdKOU6ZsQ//g0,249.000,OY9eVeUW8tGGPJFe,250.000,BjjWVd8h3JWMBrnK,263.000,zyQbLrDbnVAAyE0h,266.000,TiCg1GW9IStcOras,269.000,q5GVJKHvqVwABnDf,274.000,Fw2XlLSvhDCRIl7z,,
8,75,2026-04-05T12:40:53.826Z,257.000,9,158.000,MY8Sv42aXxDpCjC4,159.000,md4MdKOU6ZsQ//g0,186.000,OY9eVeUW8tGGPJFe,202.000,SayB0+Vq1qyZnTIu,250.000,Fw2XlLSvhDCRIl7z,304.000,zyQbLrDbnVAAyE0h,266.000,TiCg1GW9IStcOras,265.000,BjjWVd8h3JWMBrnK,267.000,q5GVJKHvqVwABnDf,,
8,76,2026-04-05T12:40:54.083Z,258.000,9,193.000,SayB0+Vq1qyZnTIu,201.000,Fw2XlLSvhDCRIl7z,203.000,MY8Sv42aXxDpCjC4,211.000,md4MdKOU6ZsQ//g0,252.000,TiCg1GW9IStcOras,255.000,zyQbLrDbnVAAyE0h,258.000,OY9eVeUW8tGGPJFe,296.000,BjjWVd8h3JWMBrnK,266.000,q5GVJKHvqVwABnDf,,
8,77,2026-04-05T12:40:54.341Z,256.000,9,178.000,MY8Sv42aXxDpCjC4,202.000,zyQbLrDbnVAAyE0h,213.000,SayB0+Vq1qyZnTIu,214.000,md4MdKOU6ZsQ//g0,226.000,OY9eVeUW8tGGPJFe,249.000,Fw2XlLSvhDCRIl7z,286.000,q5GVJKHvqVwABnDf,287.000,TiCg1GW9IStcOras,284.000,BjjWVd8h3JWMBrnK,,
8,78,2026-04-05T12:40:54.597Z,224.000,9,183.000,SayB0+Vq1qyZnTIu,205.000,md4MdKOU6ZsQ//g0,219.000,MY8Sv42aXxDpCjC4,289.000,BjjWVd8h3JWMBrnK,256.000,zyQbLrDbnVAAyE0h,271.000,q5GVJKHvqVwABnDf,266.000,TiCg1GW9IStcOras,285.000,OY9eVeUW8tGGPJFe,291.000,Fw2XlLSvhDCRIl7z,,
8,79,2026-04-05T12:40:54.821Z,282.000,9,194.000,md4MdKOU6ZsQ//g0,213.000,MY8Sv42aXxDpCjC4,237.000,SayB0+Vq1qyZnTIu,255.000,q5GVJKHvqVwABnDf,267.000,OY9eVeUW8tGGPJFe,280.000,BjjWVd8h3JWMBrnK,282.000,Fw2XlLSvhDCRIl7z,302.000,TiCg1GW9IStcOras,340.000,zyQbLrDbnVAAyE0h,,
8,80,2026-04-05T12:40:55.103Z,255.000,9,190.000,OY9eVeUW8tGGPJFe,204.000,SayB0+Vq1qyZnTIu,207.000,MY8Sv42aXxDpCjC4,214.000,md4MdKOU6ZsQ//g0,295.000,TiCg1GW9IStcOras,295.000,zyQbLrDbnVAAyE0h,294.000,q5GVJKHvqVwABnDf,307.000,Fw2XlLSvhDCRIl7z,309.000,BjjWVd8h3JWMBrnK,,
8,81,2026-04-05T12:40:55.358Z,257.000,9,175.000,md4MdKOU6ZsQ//g0,175.000,SayB0+Vq1qyZnTIu,225.000,MY8Sv42aXxDpCjC4,244.000,q5GVJKHvqVwABnDf,247.000,zyQbLrDbnVAAyE0h,249.000,OY9eVeUW8tGGPJFe,257.000,BjjWVd8h3JWMBrnK,258.000,Fw2XlLSvhDCRIl7z,286.000,TiCg1GW9IStcOras,,
8,82,2026-04-05T12:40:55.615Z,234.000,9,209.000,MY8Sv42aXxDpCjC4,209.000,SayB0+Vq1qyZnTIu,213.000,md4MdKOU6ZsQ//g0,313.000,TiCg1GW9IStcOras,310.000,q5GVJKHvqVwABnDf,319.000,zyQbLrDbnVAAyE0h,315.000,BjjWVd8h3JWMBrnK,297.000,OY9eVeUW8tGGPJFe,318.000,Fw2XlLSvhDCRIl7z,,
8,83,2026-04-05T12:40:55.849Z,284.000,9,192.000,md4MdKOU6ZsQ//g0,198.000,MY8Sv42aXxDpCjC4,247.000,SayB0+Vq1qyZnTIu,270.000,OY9eVeUW8tGGPJFe,282.000,q5GVJKHvqVwABnDf,283.000,Fw2XlLSvhDCRIl7z,284.000,TiCg1GW9IStcOras,285.000,zyQbLrDbnVAAyE0h,287.000,BjjWVd8h3JWMBrnK,,
8,84,2026-04-05T12:40:56.133Z,313.000,9,210.000,SayB0+Vq1qyZnTIu,211.000,md4MdKOU6ZsQ//g0,296.000,OY9eVeUW8tGGPJFe,311.000,q5GVJKHvqVwABnDf,311.000,Fw2XlLSvhDCRIl7z,312.000,BjjWVd8h3JWMBrnK,313.000,TiCg1GW9IStcOras,313.000,zyQbLrDbnVAAyE0h,324.000,MY8Sv42aXxDpCjC4,,
8,85,2026-04-05T12:40:56.446Z,223.000,8,189.000,OY9eVeUW8tGGPJFe,204.000,SayB0+Vq1qyZnTIu,307.000,BjjWVd8h3JWMBrnK,309.000,Fw2XlLSvhDCRIl7z,311.000,TiCg1GW9IStcOras,310.000,zyQbLrDbnVAAyE0h,305.000,q5GVJKHvqVwABnDf,236.000,md4MdKOU6ZsQ//g0,,,,
8,86,2026-04-05T12:40:56.669Z,291.000,9,194.000,MY8Sv42aXxDpCjC4,231.000,md4MdKOU6ZsQ//g0,250.000,SayB0+Vq1qyZnTIu,286.000,q5GVJKHvqVwABnDf,288.000,BjjWVd8h3JWMBrnK,289.000,zyQbLrDbnVAAyE0h,291.000,Fw2XlLSvhDCRIl7z,292.000,OY9eVeUW8tGGPJFe,319.000,TiCg1GW9IStcOras,,
8,87,2026-04-05T12:40:56.960Z,274.000,9,198.000,MY8Sv42aXxDpCjC4,204.000,SayB0+Vq1qyZnTIu,206.000,OY9eVeUW8tGGPJFe,208.000,Fw2XlLSvhDCRIl7z,210.000,md4MdKOU6ZsQ//g0,307.000,q5GVJKHvqVwABnDf,309.000,TiCg1GW9IStcOras,306.000,BjjWVd8h3JWMBrnK,412.000,zyQbLrDbnVAAyE0h,,
8,88,2026-04-05T12:40:57.234Z,273.000,9,199.000,md4MdKOU6ZsQ//g0,221.000,MY8Sv42aXxDpCjC4,237.000,SayB0+Vq1qyZnTIu,242.000,OY9eVeUW8tGGPJFe,243.000,Fw2XlLSvhDCRIl7z,244.000,zyQbLrDbnVAAyE0h,329.000,TiCg1GW9IStcOras,328.000,q5GVJKHvqVwABnDf,330.000,BjjWVd8h3JWMBrnK,,
8,89,2026-04-05T12:40:57.507Z,278.000,9,177.000,SayB0+Vq1qyZnTIu,179.000,md4MdKOU6ZsQ//g0,180.000,MY8Sv42aXxDpCjC4,275.000,OY9eVeUW8tGGPJFe,282.000,TiCg1GW9IStcOras,280.000,zyQbLrDbnVAAyE0h,281.000,BjjWVd8h3JWMBrnK,279.000,Fw2XlLSvhDCRIl7z,483.000,q5GVJKHvqVwABnDf,,
8,90,2026-04-05T12:40:57.785Z,305.000,9,199.000,MY8Sv42aXxDpCjC4,206.000,md4MdKOU6ZsQ//g0,206.000,SayB0+Vq1qyZnTIu,208.000,TiCg1GW9IStcOras,245.000,q5GVJKHvqVwABnDf,304.000,OY9eVeUW8tGGPJFe,309.000,BjjWVd8h3JWMBrnK,315.000,zyQbLrDbnVAAyE0h,310.000,Fw2XlLSvhDCRIl7z,,
8,91,2026-04-05T12:40:58.090Z,265.000,9,204.000,md4MdKOU6ZsQ//g0,205.000,SayB0+Vq1qyZnTIu,206.000,MY8Sv42aXxDpCjC4,213.000,TiCg1GW9IStcOras,222.000,BjjWVd8h3JWMBrnK,247.000,q5GVJKHvqVwABnDf,309.000,Fw2XlLSvhDCRIl7z,329.000,OY9eVeUW8tGGPJFe,315.000,zyQbLrDbnVAAyE0h,,
8,92,2026-04-05T12:40:58.355Z,294.000,9,190.000,SayB0+Vq1qyZnTIu,203.000,MY8Sv42aXxDpCjC4,213.000,md4MdKOU6ZsQ//g0,253.000,zyQbLrDbnVAAyE0h,257.000,TiCg1GW9IStcOras,288.000,q5GVJKHvqVwABnDf,294.000,Fw2XlLSvhDCRIl7z,295.000,BjjWVd8h3JWMBrnK,298.000,OY9eVeUW8tGGPJFe,,
8,93,2026-04-05T12:40:58.649Z,267.000,9,173.000,q5GVJKHvqVwABnDf,174.000,md4MdKOU6ZsQ//g0,202.000,SayB0+Vq1qyZnTIu,203.000,MY8Sv42aXxDpCjC4,209.000,OY9eVeUW8tGGPJFe,279.000,zyQbLrDbnVAAyE0h,279.000,BjjWVd8h3JWMBrnK,272.000,TiCg1GW9IStcOras,278.000,Fw2XlLSvhDCRIl7z,,
8,94,2026-04-05T12:40:58.916Z,263.000,9,200.000,SayB0+Vq1qyZnTIu,201.000,MY8Sv42aXxDpCjC4,210.000,md4MdKOU6ZsQ//g0,239.000,q5GVJKHvqVwABnDf,244.000,zyQbLrDbnVAAyE0h,261.000,BjjWVd8h3JWMBrnK,305.000,OY9eVeUW8tGGPJFe,308.000,Fw2XlLSvhDCRIl7z,306.000,TiCg1GW9IStcOras,,
8,95,2026-04-05T12:40:59.179Z,255.000,9,157.000,md4MdKOU6ZsQ//g0,187.000,SayB0+Vq1qyZnTIu,190.000,MY8Sv42aXxDpCjC4,249.000,OY9eVeUW8tGGPJFe,279.000,q5GVJKHvqVwABnDf,278.000,Fw2XlLSvhDCRIl7z,259.000,TiCg1GW9IStcOras,280.000,BjjWVd8h3JWMBrnK,279.000,zyQbLrDbnVAAyE0h,,
8,96,2026-04-05T12:40:59.434Z,259.000,9,179.000,MY8Sv42aXxDpCjC4,197.000,OY9eVeUW8tGGPJFe,202.000,md4MdKOU6ZsQ//g0,210.000,SayB0+Vq1qyZnTIu,231.000,q5GVJKHvqVwABnDf,243.000,zyQbLrDbnVAAyE0h,259.000,BjjWVd8h3JWMBrnK,288.000,TiCg1GW9IStcOras,287.000,Fw2XlLSvhDCRIl7z,,
8,97,2026-04-05T12:40:59.693Z,259.000,9,187.000,MY8Sv42aXxDpCjC4,190.000,SayB0+Vq1qyZnTIu,201.000,md4MdKOU6ZsQ//g0,264.000,OY9eVeUW8tGGPJFe,293.000,zyQbLrDbnVAAyE0h,288.000,TiCg1GW9IStcOras,275.000,Fw2XlLSvhDCRIl7z,307.000,BjjWVd8h3JWMBrnK,297.000,q5GVJKHvqVwABnDf,,
8,98,2026-04-05T12:40:59.952Z,281.000,9,173.000,MY8Sv42aXxDpCjC4,201.000,md4MdKOU6ZsQ//g0,212.000,OY9eVeUW8tGGPJFe,234.000,SayB0+Vq1qyZnTIu,241.000,zyQbLrDbnVAAyE0h,264.000,q5GVJKHvqVwABnDf,281.000,Fw2XlLSvhDCRIl7z,282.000,TiCg1GW9IStcOras,311.000,BjjWVd8h3JWMBrnK,,
8,99,2026-04-05T12:41:00.233Z,245.000,9,145.000,OY9eVeUW8tGGPJFe,147.000,md4MdKOU6ZsQ//g0,180.000,SayB0+Vq1qyZnTIu,198.000,MY8Sv42aXxDpCjC4,270.000,zyQbLrDbnVAAyE0h,252.000,TiCg1GW9IStcOras,255.000,BjjWVd8h3JWMBrnK,247.000,Fw2XlLSvhDCRIl7z,254.000,q5GVJKHvqVwABnDf,,
8,100,2026-04-05T12:41:00.478Z,263.000,9,189.000,q5GVJKHvqVwABnDf,190.000,md4MdKOU6ZsQ//g0,208.000,SayB0+Vq1qyZnTIu,241.000,zyQbLrDbnVAAyE0h,244.000,MY8Sv42aXxDpCjC4,245.000,TiCg1GW9IStcOras,262.000,BjjWVd8h3JWMBrnK,310.000,Fw2XlLSvhDCRIl7z,314.000,OY9eVeUW8tGGPJFe,,
8,101,2026-04-05T12:41:00.741Z,287.000,9,178.000,md4MdKOU6ZsQ//g0,217.000,SayB0+Vq1qyZnTIu,238.000,MY8Sv42aXxDpCjC4,252.000,Fw2XlLSvhDCRIl7z,310.000,BjjWVd8h3JWMBrnK,296.000,TiCg1GW9IStcOras,289.000,zyQbLrDbnVAAyE0h,326.000,OY9eVeUW8tGGPJFe,335.000,q5GVJKHvqVwABnDf,,
8,102,2026-04-05T12:41:01.028Z,267.000,9,196.000,zyQbLrDbnVAAyE0h,200.000,md4MdKOU6ZsQ//g0,206.000,BjjWVd8h3JWMBrnK,207.000,SayB0+Vq1qyZnTIu,232.000,MY8Sv42aXxDpCjC4,278.000,OY9eVeUW8tGGPJFe,276.000,q5GVJKHvqVwABnDf,275.000,Fw2XlLSvhDCRIl7z,308.000,TiCg1GW9IStcOras,,
8,103,2026-04-05T12:41:01.295Z,277.000,9,169.000,MY8Sv42aXxDpCjC4,212.000,md4MdKOU6ZsQ//g0,213.000,SayB0+Vq1qyZnTIu,248.000,zyQbLrDbnVAAyE0h,271.000,BjjWVd8h3JWMBrnK,275.000,TiCg1GW9IStcOras,277.000,Fw2XlLSvhDCRIl7z,277.000,OY9eVeUW8tGGPJFe,280.000,q5GVJKHvqVwABnDf,,
8,104,2026-04-05T12:41:01.572Z,198.000,9,164.000,zyQbLrDbnVAAyE0h,167.000,OY9eVeUW8tGGPJFe,170.000,md4MdKOU6ZsQ//g0,172.000,MY8Sv42aXxDpCjC4,173.000,q5GVJKHvqVwABnDf,176.000,BjjWVd8h3JWMBrnK,198.000,SayB0+Vq1qyZnTIu,245.000,TiCg1GW9IStcOras,274.000,Fw2XlLSvhDCRIl7z,,
8,105,2026-04-05T12:41:01.770Z,288.000,9,201.000,MY8Sv42aXxDpCjC4,253.000,SayB0+Vq1qyZnTIu,269.000,md4MdKOU6ZsQ//g0,278.000,OY9eVeUW8tGGPJFe,289.000,zyQbLrDbnVAAyE0h,312.000,q5GVJKHvqVwABnDf,309.000,BjjWVd8h3JWMBrnK,356.000,TiCg1GW9IStcOras,357.000,Fw2XlLSvhDCRIl7z,,
8,106,2026-04-05T12:41:02.058Z,297.000,9,205.000,md4MdKOU6ZsQ//g0,207.000,MY8Sv42aXxDpCjC4,217.000,q5GVJKHvqVwABnDf,225.000,Fw2XlLSvhDCRIl7z,229.000,SayB0+Vq1qyZnTIu,273.000,TiCg1GW9IStcOras,297.000,OY9eVeUW8tGGPJFe,312.000,zyQbLrDbnVAAyE0h,310.000,BjjWVd8h3JWMBrnK,,
8,107,2026-04-05T12:41:02.355Z,283.000,9,198.000,SayB0+Vq1qyZnTIu,206.000,md4MdKOU6ZsQ//g0,208.000,OY9eVeUW8tGGPJFe,212.000,MY8Sv42aXxDpCjC4,240.000,BjjWVd8h3JWMBrnK,241.000,q5GVJKHvqVwABnDf,283.000,TiCg1GW9IStcOras,301.000,Fw2XlLSvhDCRIl7z,307.000,zyQbLrDbnVAAyE0h,,
8,108,2026-04-05T12:41:02.638Z,246.000,9,137.000,OY9eVeUW8tGGPJFe,141.000,MY8Sv42aXxDpCjC4,151.000,q5GVJKHvqVwABnDf,175.000,zyQbLrDbnVAAyE0h,204.000,SayB0+Vq1qyZnTIu,225.000,md4MdKOU6ZsQ//g0,246.000,Fw2XlLSvhDCRIl7z,248.000,BjjWVd8h3JWMBrnK,249.000,TiCg1GW9IStcOras,,
8,109,2026-04-05T12:41:02.884Z,302.000,9,186.000,zyQbLrDbnVAAyE0h,196.000,SayB0+Vq1qyZnTIu,203.000,md4MdKOU6ZsQ//g0,226.000,q5GVJKHvqVwABnDf,265.000,TiCg1GW9IStcOras,287.000,Fw2XlLSvhDCRIl7z,302.000,BjjWVd8h3JWMBrnK,304.000,OY9eVeUW8tGGPJFe,307.000,MY8Sv42aXxDpCjC4,,
8,110,2026-04-05T12:41:03.186Z,252.000,9,170.000,TiCg1GW9IStcOras,190.000,SayB0+Vq1qyZnTIu,203.000,md4MdKOU6ZsQ//g0,204.000,MY8Sv42aXxDpCjC4,231.000,zyQbLrDbnVAAyE0h,244.000,BjjWVd8h3JWMBrnK,252.000,q5GVJKHvqVwABnDf,310.000,OY9eVeUW8tGGPJFe,294.000,Fw2XlLSvhDCRIl7z,,
8,111,2026-04-05T12:41:03.438Z,289.000,9,165.000,TiCg1GW9IStcOras,198.000,SayB0+Vq1qyZnTIu,212.000,MY8Sv42aXxDpCjC4,257.000,md4MdKOU6ZsQ//g0,268.000,OY9eVeUW8tGGPJFe,270.000,Fw2XlLSvhDCRIl7z,289.000,zyQbLrDbnVAAyE0h,305.000,q5GVJKHvqVwABnDf,302.000,BjjWVd8h3JWMBrnK,,
8,112,2026-04-05T12:41:03.727Z,225.000,9,186.000,SayB0+Vq1qyZnTIu,188.000,md4MdKOU6ZsQ//g0,208.000,zyQbLrDbnVAAyE0h,209.000,MY8Sv42aXxDpCjC4,218.000,BjjWVd8h3JWMBrnK,287.000,Fw2XlLSvhDCRIl7z,285.000,TiCg1GW9IStcOras,291.000,q5GVJKHvqVwABnDf,288.000,OY9eVeUW8tGGPJFe,,
8,113,2026-04-05T12:41:03.952Z,302.000,9,202.000,SayB0+Vq1qyZnTIu,204.000,MY8Sv42aXxDpCjC4,262.000,md4MdKOU6ZsQ//g0,264.000,TiCg1GW9IStcOras,273.000,q5GVJKHvqVwABnDf,289.000,zyQbLrDbnVAAyE0h,302.000,BjjWVd8h3JWMBrnK,319.000,Fw2XlLSvhDCRIl7z,320.000,OY9eVeUW8tGGPJFe,,
8,114,2026-04-05T12:41:04.254Z,332.000,8,189.000,SayB0+Vq1qyZnTIu,205.000,BjjWVd8h3JWMBrnK,208.000,MY8Sv42aXxDpCjC4,335.000,OY9eVeUW8tGGPJFe,338.000,q5GVJKHvqVwABnDf,337.000,Fw2XlLSvhDCRIl7z,336.000,TiCg1GW9IStcOras,334.000,zyQbLrDbnVAAyE0h,,,,
8,115,2026-04-05T12:41:04.586Z,191.000,9,89.000,MY8Sv42aXxDpCjC4,91.000,md4MdKOU6ZsQ//g0,153.000,q5GVJKHvqVwABnDf,163.000,SayB0+Vq1qyZnTIu,199.000,TiCg1GW9IStcOras,234.000,BjjWVd8h3JWMBrnK,198.000,Fw2XlLSvhDCRIl7z,200.000,OY9eVeUW8tGGPJFe,319.000,zyQbLrDbnVAAyE0h,,
8,116,2026-04-05T12:41:04.777Z,273.000,9,183.000,SayB0+Vq1qyZnTIu,202.000,MY8Sv42aXxDpCjC4,213.000,BjjWVd8h3JWMBrnK,222.000,md4MdKOU6ZsQ//g0,234.000,TiCg1GW9IStcOras,272.000,OY9eVeUW8tGGPJFe,273.000,q5GVJKHvqVwABnDf,286.000,zyQbLrDbnVAAyE0h,310.000,Fw2XlLSvhDCRIl7z,,
8,117,2026-04-05T12:41:05.050Z,258.000,9,203.000,SayB0+Vq1qyZnTIu,213.000,MY8Sv42aXxDpCjC4,218.000,md4MdKOU6ZsQ//g0,235.000,BjjWVd8h3JWMBrnK,305.000,OY9eVeUW8tGGPJFe,260.000,Fw2XlLSvhDCRIl7z,272.000,TiCg1GW9IStcOras,307.000,q5GVJKHvqVwABnDf,316.000,zyQbLrDbnVAAyE0h,,
8,118,2026-04-05T12:41:05.308Z,266.000,9,191.000,md4MdKOU6ZsQ//g0,192.000,SayB0+Vq1qyZnTIu,193.000,MY8Sv42aXxDpCjC4,205.000,BjjWVd8h3JWMBrnK,219.000,TiCg1GW9IStcOras,253.000,q5GVJKHvqVwABnDf,266.000,zyQbLrDbnVAAyE0h,304.000,Fw2XlLSvhDCRIl7z,311.000,OY9eVeUW8tGGPJFe,,
8,119,2026-04-05T12:41:05.574Z,248.000,9,154.000,MY8Sv42aXxDpCjC4,198.000,SayB0+Vq1qyZnTIu,201.000,md4MdKOU6ZsQ//g0,300.000,q5GVJKHvqVwABnDf,303.000,BjjWVd8h3JWMBrnK,302.000,TiCg1GW9IStcOras,249.000,Fw2XlLSvhDCRIl7z,294.000,OY9eVeUW8tGGPJFe,307.000,zyQbLrDbnVAAyE0h,,
8,120,2026-04-05T12:41:05.822Z,260.000,9,193.000,SayB0+Vq1qyZnTIu,196.000,md4MdKOU6ZsQ//g0,198.000,BjjWVd8h3JWMBrnK,203.000,MY8Sv42aXxDpCjC4,255.000,OY9eVeUW8tGGPJFe,259.000,TiCg1GW9IStcOras,260.000,q5GVJKHvqVwABnDf,266.000,zyQbLrDbnVAAyE0h,406.000,Fw2XlLSvhDCRIl7z,,
8,121,2026-04-05T12:41:06.082Z,252.000,9,160.000,MY8Sv42aXxDpCjC4,204.000,SayB0+Vq1qyZnTIu,234.000,md4MdKOU6ZsQ//g0,247.000,BjjWVd8h3JWMBrnK,309.000,q5GVJKHvqVwABnDf,307.000,TiCg1GW9IStcOras,301.000,OY9eVeUW8tGGPJFe,255.000,Fw2XlLSvhDCRIl7z,313.000,zyQbLrDbnVAAyE0h,,
8,122,2026-04-05T12:41:06.334Z,264.000,9,199.000,BjjWVd8h3JWMBrnK,203.000,md4MdKOU6ZsQ//g0,205.000,MY8Sv42aXxDpCjC4,207.000,Fw2XlLSvhDCRIl7z,208.000,SayB0+Vq1qyZnTIu,259.000,TiCg1GW9IStcOras,264.000,q5GVJKHvqVwABnDf,266.000,zyQbLrDbnVAAyE0h,311.000,OY9eVeUW8tGGPJFe,,
8,123,2026-04-05T12:41:06.598Z,251.000,9,204.000,SayB0+Vq1qyZnTIu,237.000,MY8Sv42aXxDpCjC4,243.000,md4MdKOU6ZsQ//g0,311.000,zyQbLrDbnVAAyE0h,308.000,q5GVJKHvqVwABnDf,297.000,OY9eVeUW8tGGPJFe,307.000,TiCg1GW9IStcOras,253.000,Fw2XlLSvhDCRIl7z,313.000,BjjWVd8h3JWMBrnK,,
8,124,2026-04-05T12:41:06.849Z,268.000,9,202.000,md4MdKOU6ZsQ//g0,207.000,MY8Sv42aXxDpCjC4,207.000,SayB0+Vq1qyZnTIu,209.000,Fw2XlLSvhDCRIl7z,260.000,q5GVJKHvqVwABnDf,261.000,TiCg1GW9IStcOras,268.000,zyQbLrDbnVAAyE0h,302.000,BjjWVd8h3JWMBrnK,448.000,OY9eVeUW8tGGPJFe,,
8,125,2026-04-05T12:41:07.117Z,308.000,9,203.000,SayB0+Vq1qyZnTIu,234.000,MY8Sv42aXxDpCjC4,242.000,md4MdKOU6ZsQ//g0,283.000,Fw2XlLSvhDCRIl7z,287.000,OY9eVeUW8tGGPJFe,299.000,q5GVJKHvqVwABnDf,307.000,TiCg1GW9IStcOras,310.000,zyQbLrDbnVAAyE0h,310.000,BjjWVd8h3JWMBrnK,,
8,126,2026-04-05T12:41:07.425Z,205.000,8,141.000,q5GVJKHvqVwABnDf,146.000,BjjWVd8h3JWMBrnK,151.000,MY8Sv42aXxDpCjC4,156.000,SayB0+Vq1qyZnTIu,182.000,Fw2XlLSvhDCRIl7z,185.000,OY9eVeUW8tGGPJFe,205.000,TiCg1GW9IStcOras,208.000,zyQbLrDbnVAAyE0h,,,,
8,127,2026-04-05T12:41:07.630Z,259.000,9,152.000,md4MdKOU6ZsQ//g0,205.000,SayB0+Vq1qyZnTIu,240.000,MY8Sv42aXxDpCjC4,266.000,TiCg1GW9IStcOras,264.000,Fw2XlLSvhDCRIl7z,265.000,BjjWVd8h3JWMBrnK,301.000,q5GVJKHvqVwABnDf,262.000,zyQbLrDbnVAAyE0h,285.000,OY9eVeUW8tGGPJFe,,
8,128,2026-04-05T12:41:07.889Z,216.000,8,193.000,SayB0+Vq1qyZnTIu,208.000,md4MdKOU6ZsQ//g0,258.000,TiCg1GW9IStcOras,300.000,q5GVJKHvqVwABnDf,302.000,BjjWVd8h3JWMBrnK,297.000,Fw2XlLSvhDCRIl7z,263.000,zyQbLrDbnVAAyE0h,238.000,OY9eVeUW8tGGPJFe,,,,
8,129,2026-04-05T12:41:08.105Z,300.000,9,190.000,MY8Sv42aXxDpCjC4,200.000,md4MdKOU6ZsQ//g0,227.000,SayB0+Vq1qyZnTIu,251.000,zyQbLrDbnVAAyE0h,290.000,BjjWVd8h3JWMBrnK,296.000,OY9eVeUW8tGGPJFe,300.000,Fw2XlLSvhDCRIl7z,301.000,TiCg1GW9IStcOras,332.000,q5GVJKHvqVwABnDf,,
8,130,2026-04-05T12:41:08.405Z,297.000,9,193.000,MY8Sv42aXxDpCjC4,196.000,md4MdKOU6ZsQ//g0,197.000,SayB0+Vq1qyZnTIu,231.000,OY9eVeUW8tGGPJFe,291.000,zyQbLrDbnVAAyE0h,295.000,TiCg1GW9IStcOras,304.000,Fw2XlLSvhDCRIl7z,303.000,q5GVJKHvqVwABnDf,302.000,BjjWVd8h3JWMBrnK,,
8,131,2026-04-05T12:41:08.702Z,261.000,9,200.000,zyQbLrDbnVAAyE0h,203.000,md4MdKOU6ZsQ//g0,205.000,SayB0+Vq1qyZnTIu,207.000,MY8Sv42aXxDpCjC4,227.000,q5GVJKHvqVwABnDf,241.000,OY9eVeUW8tGGPJFe,311.000,BjjWVd8h3JWMBrnK,311.000,Fw2XlLSvhDCRIl7z,308.000,TiCg1GW9IStcOras,,
8,132,2026-04-05T12:41:08.963Z,287.000,9,186.000,MY8Sv42aXxDpCjC4,186.000,SayB0+Vq1qyZnTIu,251.000,md4MdKOU6ZsQ//g0,256.000,BjjWVd8h3JWMBrnK,259.000,zyQbLrDbnVAAyE0h,274.000,q5GVJKHvqVwABnDf,287.000,OY9eVeUW8tGGPJFe,294.000,TiCg1GW9IStcOras,295.000,Fw2XlLSvhDCRIl7z,,
8,133,2026-04-05T12:41:09.250Z,243.000,9,171.000,md4MdKOU6ZsQ//g0,177.000,MY8Sv42aXxDpCjC4,180.000,zyQbLrDbnVAAyE0h,186.000,OY9eVeUW8tGGPJFe,191.000,SayB0+Vq1qyZnTIu,275.000,Fw2XlLSvhDCRIl7z,277.000,BjjWVd8h3JWMBrnK,278.000,TiCg1GW9IStcOras,279.000,q5GVJKHvqVwABnDf,,
8,134,2026-04-05T12:41:09.493Z,266.000,9,168.000,SayB0+Vq1qyZnTIu,182.000,MY8Sv42aXxDpCjC4,234.000,md4MdKOU6ZsQ//g0,277.000,zyQbLrDbnVAAyE0h,269.000,q5GVJKHvqVwABnDf,268.000,TiCg1GW9IStcOras,270.000,BjjWVd8h3JWMBrnK,272.000,Fw2XlLSvhDCRIl7z,272.000,OY9eVeUW8tGGPJFe,,
8,135,2026-04-05T12:41:09.759Z,278.000,9,173.000,md4MdKOU6ZsQ//g0,189.000,OY9eVeUW8tGGPJFe,197.000,TiCg1GW9IStcOras,201.000,q5GVJKHvqVwABnDf,207.000,MY8Sv42aXxDpCjC4,210.000,SayB0+Vq1qyZnTIu,285.000,BjjWVd8h3JWMBrnK,319.000,Fw2XlLSvhDCRIl7z,294.000,zyQbLrDbnVAAyE0h,,
8,136,2026-04-05T12:41:10.037Z,212.000,8,140.000,SayB0+Vq1qyZnTIu,200.000,md4MdKOU6ZsQ//g0,249.000,Fw2XlLSvhDCRIl7z,242.000,TiCg1GW9IStcOras,242.000,BjjWVd8h3JWMBrnK,246.000,zyQbLrDbnVAAyE0h,229.000,q5GVJKHvqVwABnDf,243.000,OY9eVeUW8tGGPJFe,,,,
8,137,2026-04-05T12:41:10.249Z,238.000,9,197.000,md4MdKOU6ZsQ//g0,205.000,q5GVJKHvqVwABnDf,209.000,MY8Sv42aXxDpCjC4,224.000,SayB0+Vq1qyZnTIu,235.000,TiCg1GW9IStcOras,237.000,BjjWVd8h3JWMBrnK,238.000,OY9eVeUW8tGGPJFe,240.000,zyQbLrDbnVAAyE0h,244.000,Fw2XlLSvhDCRIl7z,,
8,138,2026-04-05T12:41:10.487Z,277.000,9,206.000,MY8Sv42aXxDpCjC4,207.000,md4MdKOU6ZsQ//g0,225.000,SayB0+Vq1qyZnTIu,297.000,q5GVJKHvqVwABnDf,312.000,zyQbLrDbnVAAyE0h,307.000,TiCg1GW9IStcOras,313.000,Fw2XlLSvhDCRIl7z,310.000,BjjWVd8h3JWMBrnK,311.000,OY9eVeUW8tGGPJFe,,
8,139,2026-04-05T12:41:10.764Z,241.000,9,198.000,md4MdKOU6ZsQ//g0,200.000,MY8Sv42aXxDpCjC4,209.000,SayB0+Vq1qyZnTIu,228.000,q5GVJKHvqVwABnDf,238.000,TiCg1GW9IStcOras,239.000,OY9eVeUW8tGGPJFe,241.000,zyQbLrDbnVAAyE0h,242.000,BjjWVd8h3JWMBrnK,245.000,Fw2XlLSvhDCRIl7z,,
8,140,2026-04-05T12:41:11.005Z,307.000,9,203.000,SayB0+Vq1qyZnTIu,207.000,MY8Sv42aXxDpCjC4,232.000,md4MdKOU6ZsQ//g0,296.000,q5GVJKHvqVwABnDf,304.000,TiCg1GW9IStcOras,309.000,zyQbLrDbnVAAyE0h,306.000,BjjWVd8h3JWMBrnK,311.000,Fw2XlLSvhDCRIl7z,310.000,OY9eVeUW8tGGPJFe,,
8,141,2026-04-05T12:41:11.312Z,209.000,9,176.000,md4MdKOU6ZsQ//g0,195.000,q5GVJKHvqVwABnDf,202.000,TiCg1GW9IStcOras,204.000,zyQbLrDbnVAAyE0h,205.000,OY9eVeUW8tGGPJFe,205.000,SayB0+Vq1qyZnTIu,209.000,Fw2XlLSvhDCRIl7z,282.000,BjjWVd8h3JWMBrnK,286.000,MY8Sv42aXxDpCjC4,,
8,142,2026-04-05T12:41:11.521Z,285.000,8,201.000,SayB0+Vq1qyZnTIu,213.000,md4MdKOU6ZsQ//g0,302.000,TiCg1GW9IStcOras,306.000,BjjWVd8h3JWMBrnK,310.000,Fw2XlLSvhDCRIl7z,301.000,zyQbLrDbnVAAyE0h,295.000,q5GVJKHvqVwABnDf,305.000,OY9eVeUW8tGGPJFe,,,,
8,143,2026-04-05T12:41:11.806Z,254.000,9,150.000,MY8Sv42aXxDpCjC4,199.000,md4MdKOU6ZsQ//g0,214.000,SayB0+Vq1qyZnTIu,223.000,TiCg1GW9IStcOras,227.000,OY9eVeUW8tGGPJFe,230.000,Fw2XlLSvhDCRIl7z,305.000,q5GVJKHvqVwABnDf,306.000,zyQbLrDbnVAAyE0h,314.000,BjjWVd8h3JWMBrnK,,
8,144,2026-04-05T12:41:12.060Z,284.000,9,181.000,SayB0+Vq1qyZnTIu,238.000,MY8Sv42aXxDpCjC4,251.000,md4MdKOU6ZsQ//g0,266.000,BjjWVd8h3JWMBrnK,267.000,q5GVJKHvqVwABnDf,277.000,TiCg1GW9IStcOras,284.000,OY9eVeUW8tGGPJFe,290.000,zyQbLrDbnVAAyE0h,291.000,Fw2XlLSvhDCRIl7z,,
8,145,2026-04-05T12:41:12.344Z,247.000,9,113.000,Fw2XlLSvhDCRIl7z,128.000,zyQbLrDbnVAAyE0h,176.000,md4MdKOU6ZsQ//g0,187.000,BjjWVd8h3JWMBrnK,204.000,MY8Sv42aXxDpCjC4,205.000,SayB0+Vq1qyZnTIu,282.000,q5GVJKHvqVwABnDf,283.000,TiCg1GW9IStcOras,284.000,OY9eVeUW8tGGPJFe,,
8,146,2026-04-05T12:41:12.591Z,243.000,9,189.000,SayB0+Vq1qyZnTIu,193.000,MY8Sv42aXxDpCjC4,194.000,md4MdKOU6ZsQ//g0,270.000,TiCg1GW9IStcOras,273.000,OY9eVeUW8tGGPJFe,295.000,BjjWVd8h3JWMBrnK,320.000,Fw2XlLSvhDCRIl7z,249.000,q5GVJKHvqVwABnDf,296.000,zyQbLrDbnVAAyE0h,,
8,147,2026-04-05T12:41:12.834Z,272.000,9,156.000,MY8Sv42aXxDpCjC4,199.000,md4MdKOU6ZsQ//g0,227.000,SayB0+Vq1qyZnTIu,238.000,OY9eVeUW8tGGPJFe,259.000,zyQbLrDbnVAAyE0h,315.000,q5GVJKHvqVwABnDf,281.000,Fw2XlLSvhDCRIl7z,298.000,BjjWVd8h3JWMBrnK,333.000,TiCg1GW9IStcOras,,
8,148,2026-04-05T12:41:13.106Z,293.000,9,191.000,MY8Sv42aXxDpCjC4,193.000,zyQbLrDbnVAAyE0h,194.000,md4MdKOU6ZsQ//g0,214.000,SayB0+Vq1qyZnTIu,249.000,q5GVJKHvqVwABnDf,291.000,TiCg1GW9IStcOras,294.000,OY9eVeUW8tGGPJFe,333.000,BjjWVd8h3JWMBrnK,435.000,Fw2XlLSvhDCRIl7z,,
8,149,2026-04-05T12:41:13.399Z,246.000,8,201.000,SayB0+Vq1qyZnTIu,204.000,md4MdKOU6ZsQ//g0,204.000,TiCg1GW9IStcOras,206.000,OY9eVeUW8tGGPJFe,206.000,MY8Sv42aXxDpCjC4,212.000,zyQbLrDbnVAAyE0h,246.000,BjjWVd8h3JWMBrnK,266.000,q5GVJKHvqVwABnDf,,,,
8,150,2026-04-05T12:41:13.645Z,291.000,9,191.000,md4MdKOU6ZsQ//g0,210.000,MY8Sv42aXxDpCjC4,211.000,SayB0+Vq1qyZnTIu,237.000,Fw2XlLSvhDCRIl7z,306.000,BjjWVd8h3JWMBrnK,294.000,OY9eVeUW8tGGPJFe,305.000,zyQbLrDbnVAAyE0h,321.000,q5GVJKHvqVwABnDf,318.000,TiCg1GW9IStcOras,,
8,151,2026-04-05T12:41:13.936Z,236.000,9,159.000,SayB0+Vq1qyZnTIu,205.000,OY9eVeUW8tGGPJFe,224.000,md4MdKOU6ZsQ//g0,225.000,MY8Sv42aXxDpCjC4,245.000,TiCg1GW9IStcOras,255.000,Fw2XlLSvhDCRIl7z,245.000,q5GVJKHvqVwABnDf,270.000,BjjWVd8h3JWMBrnK,272.000,zyQbLrDbnVAAyE0h,,
8,152,2026-04-05T12:41:14.172Z,303.000,9,197.000,md4MdKOU6ZsQ//g0,213.000,SayB0+Vq1qyZnTIu,289.000,zyQbLrDbnVAAyE0h,294.000,BjjWVd8h3JWMBrnK,300.000,OY9eVeUW8tGGPJFe,308.000,q5GVJKHvqVwABnDf,307.000,Fw2XlLSvhDCRIl7z,305.000,TiCg1GW9IStcOras,334.000,MY8Sv42aXxDpCjC4,,
8,153,2026-04-05T12:41:14.475Z,240.000,9,194.000,SayB0+Vq1qyZnTIu,200.000,md4MdKOU6ZsQ//g0,203.000,OY9eVeUW8tGGPJFe,222.000,TiCg1GW9IStcOras,236.000,q5GVJKHvqVwABnDf,238.000,Fw2XlLSvhDCRIl7z,240.000,MY8Sv42aXxDpCjC4,295.000,zyQbLrDbnVAAyE0h,299.000,BjjWVd8h3JWMBrnK,,
8,154,2026-04-05T12:41:14.715Z,265.000,9,176.000,md4MdKOU6ZsQ//g0,183.000,SayB0+Vq1qyZnTIu,202.000,q5GVJKHvqVwABnDf,208.000,MY8Sv42aXxDpCjC4,238.000,Fw2XlLSvhDCRIl7z,264.000,zyQbLrDbnVAAyE0h,265.000,BjjWVd8h3JWMBrnK,285.000,OY9eVeUW8tGGPJFe,287.000,TiCg1GW9IStcOras,,
8,155,2026-04-05T12:41:14.980Z,209.000,8,154.000,MY8Sv42aXxDpCjC4,174.000,SayB0+Vq1qyZnTIu,177.000,Fw2XlLSvhDCRIl7z,203.000,zyQbLrDbnVAAyE0h,207.000,BjjWVd8h3JWMBrnK,250.000,q5GVJKHvqVwABnDf,224.000,OY9eVeUW8tGGPJFe,227.000,TiCg1GW9IStcOras,,,,
8,156,2026-04-05T12:41:15.189Z,257.000,9,203.000,SayB0+Vq1qyZnTIu,206.000,md4MdKOU6ZsQ//g0,222.000,OY9eVeUW8tGGPJFe,223.000,TiCg1GW9IStcOras,247.000,MY8Sv42aXxDpCjC4,303.000,zyQbLrDbnVAAyE0h,307.000,BjjWVd8h3JWMBrnK,313.000,q5GVJKHvqVwABnDf,306.000,Fw2XlLSvhDCRIl7z,,
8,157,2026-04-05T12:41:15.446Z,270.000,9,166.000,md4MdKOU6ZsQ//g0,193.000,SayB0+Vq1qyZnTIu,205.000,MY8Sv42aXxDpCjC4,254.000,Fw2XlLSvhDCRIl7z,259.000,BjjWVd8h3JWMBrnK,296.000,q5GVJKHvqVwABnDf,275.000,TiCg1GW9IStcOras,280.000,OY9eVeUW8tGGPJFe,299.000,zyQbLrDbnVAAyE0h,,
8,158,2026-04-05T12:41:15.716Z,279.000,9,176.000,MY8Sv42aXxDpCjC4,188.000,Fw2XlLSvhDCRIl7z,196.000,md4MdKOU6ZsQ//g0,211.000,SayB0+Vq1qyZnTIu,230.000,q5GVJKHvqVwABnDf,293.000,TiCg1GW9IStcOras,291.000,zyQbLrDbnVAAyE0h,292.000,BjjWVd8h3JWMBrnK,292.000,OY9eVeUW8tGGPJFe,,
8,159,2026-04-05T12:41:15.995Z,241.000,9,158.000,md4MdKOU6ZsQ//g0,158.000,SayB0+Vq1qyZnTIu,168.000,MY8Sv42aXxDpCjC4,224.000,zyQbLrDbnVAAyE0h,263.000,BjjWVd8h3JWMBrnK,244.000,TiCg1GW9IStcOras,245.000,Fw2XlLSvhDCRIl7z,265.000,OY9eVeUW8tGGPJFe,261.000,q5GVJKHvqVwABnDf,,
8,160,2026-04-05T12:41:16.236Z,244.000,9,169.000,MY8Sv42aXxDpCjC4,190.000,md4MdKOU6ZsQ//g0,207.000,SayB0+Vq1qyZnTIu,209.000,Fw2XlLSvhDCRIl7z,225.000,q5GVJKHvqVwABnDf,242.000,BjjWVd8h3JWMBrnK,278.000,TiCg1GW9IStcOras,294.000,zyQbLrDbnVAAyE0h,280.000,OY9eVeUW8tGGPJFe,,
8,161,2026-04-05T12:41:16.480Z,266.000,9,164.000,TiCg1GW9IStcOras,189.000,SayB0+Vq1qyZnTIu,193.000,OY9eVeUW8tGGPJFe,198.000,md4MdKOU6ZsQ//g0,199.000,MY8Sv42aXxDpCjC4,254.000,zyQbLrDbnVAAyE0h,296.000,BjjWVd8h3JWMBrnK,292.000,Fw2XlLSvhDCRIl7z,291.000,q5GVJKHvqVwABnDf,,
8,162,2026-04-05T12:41:16.746Z,280.000,9,175.000,MY8Sv42aXxDpCjC4,194.000,md4MdKOU6ZsQ//g0,194.000,SayB0+Vq1qyZnTIu,230.000,q5GVJKHvqVwABnDf,234.000,Fw2XlLSvhDCRIl7z,235.000,OY9eVeUW8tGGPJFe,284.000,TiCg1GW9IStcOras,283.000,BjjWVd8h3JWMBrnK,296.000,zyQbLrDbnVAAyE0h,,
8,163,2026-04-05T12:41:17.026Z,259.000,9,159.000,SayB0+Vq1qyZnTIu,167.000,MY8Sv42aXxDpCjC4,171.000,md4MdKOU6ZsQ//g0,184.000,TiCg1GW9IStcOras,222.000,zyQbLrDbnVAAyE0h,233.000,BjjWVd8h3JWMBrnK,259.000,q5GVJKHvqVwABnDf,264.000,Fw2XlLSvhDCRIl7z,266.000,OY9eVeUW8tGGPJFe,,
8,164,2026-04-05T12:41:17.285Z,258.000,9,152.000,MY8Sv42aXxDpCjC4,159.000,md4MdKOU6ZsQ//g0,180.000,SayB0+Vq1qyZnTIu,192.000,TiCg1GW9IStcOras,210.000,Fw2XlLSvhDCRIl7z,264.000,OY9eVeUW8tGGPJFe,307.000,q5GVJKHvqVwABnDf,263.000,zyQbLrDbnVAAyE0h,263.000,BjjWVd8h3JWMBrnK,,
8,165,2026-04-05T12:41:17.543Z,228.000,9,153.000,SayB0+Vq1qyZnTIu,166.000,MY8Sv42aXxDpCjC4,168.000,md4MdKOU6ZsQ//g0,220.000,zyQbLrDbnVAAyE0h,264.000,Fw2XlLSvhDCRIl7z,262.000,OY9eVeUW8tGGPJFe,234.000,BjjWVd8h3JWMBrnK,256.000,q5GVJKHvqVwABnDf,242.000,TiCg1GW9IStcOras,,
8,166,2026-04-05T12:41:17.771Z,252.000,9,181.000,MY8Sv42aXxDpCjC4,183.000,md4MdKOU6ZsQ//g0,208.000,SayB0+Vq1qyZnTIu,244.000,OY9eVeUW8tGGPJFe,290.000,TiCg1GW9IStcOras,291.000,BjjWVd8h3JWMBrnK,289.000,zyQbLrDbnVAAyE0h,288.000,q5GVJKHvqVwABnDf,283.000,Fw2XlLSvhDCRIl7z,,
8,167,2026-04-05T12:41:18.023Z,262.000,9,202.000,MY8Sv42aXxDpCjC4,204.000,md4MdKOU6ZsQ//g0,207.000,SayB0+Vq1qyZnTIu,267.000,BjjWVd8h3JWMBrnK,316.000,Fw2XlLSvhDCRIl7z,295.000,TiCg1GW9IStcOras,314.000,OY9eVeUW8tGGPJFe,312.000,q5GVJKHvqVwABnDf,266.000,zyQbLrDbnVAAyE0h,,
8,168,2026-04-05T12:41:18.285Z,259.000,9,181.000,MY8Sv42aXxDpCjC4,185.000,md4MdKOU6ZsQ//g0,208.000,SayB0+Vq1qyZnTIu,256.000,q5GVJKHvqVwABnDf,283.000,Fw2XlLSvhDCRIl7z,289.000,TiCg1GW9IStcOras,262.000,OY9eVeUW8tGGPJFe,302.000,zyQbLrDbnVAAyE0h,289.000,BjjWVd8h3JWMBrnK,,
8,169,2026-04-05T12:41:18.544Z,300.000,9,197.000,MY8Sv42aXxDpCjC4,199.000,SayB0+Vq1qyZnTIu,200.000,md4MdKOU6ZsQ//g0,204.000,q5GVJKHvqVwABnDf,255.000,Fw2XlLSvhDCRIl7z,261.000,zyQbLrDbnVAAyE0h,304.000,OY9eVeUW8tGGPJFe,302.000,TiCg1GW9IStcOras,302.000,BjjWVd8h3JWMBrnK,,
8,170,2026-04-05T12:41:18.844Z,270.000,9,166.000,SayB0+Vq1qyZnTIu,203.000,MY8Sv42aXxDpCjC4,205.000,md4MdKOU6ZsQ//g0,206.000,TiCg1GW9IStcOras,231.000,q5GVJKHvqVwABnDf,262.000,Fw2XlLSvhDCRIl7z,271.000,zyQbLrDbnVAAyE0h,275.000,OY9eVeUW8tGGPJFe,277.000,BjjWVd8h3JWMBrnK,,
8,171,2026-04-05T12:41:19.114Z,247.000,9,145.000,SayB0+Vq1qyZnTIu,164.000,q5GVJKHvqVwABnDf,174.000,md4MdKOU6ZsQ//g0,218.000,MY8Sv42aXxDpCjC4,242.000,BjjWVd8h3JWMBrnK,245.000,OY9eVeUW8tGGPJFe,247.000,TiCg1GW9IStcOras,283.000,zyQbLrDbnVAAyE0h,488.000,Fw2XlLSvhDCRIl7z,,
8,172,2026-04-05T12:41:19.361Z,268.000,9,171.000,md4MdKOU6ZsQ//g0,200.000,SayB0+Vq1qyZnTIu,202.000,TiCg1GW9IStcOras,204.000,MY8Sv42aXxDpCjC4,269.000,Fw2XlLSvhDCRIl7z,270.000,q5GVJKHvqVwABnDf,307.000,OY9eVeUW8tGGPJFe,273.000,zyQbLrDbnVAAyE0h,304.000,BjjWVd8h3JWMBrnK,,
8,173,2026-04-05T12:41:19.629Z,289.000,9,201.000,md4MdKOU6ZsQ//g0,203.000,MY8Sv42aXxDpCjC4,209.000,q5GVJKHvqVwABnDf,209.000,SayB0+Vq1qyZnTIu,248.000,TiCg1GW9IStcOras,308.000,zyQbLrDbnVAAyE0h,310.000,OY9eVeUW8tGGPJFe,309.000,BjjWVd8h3JWMBrnK,306.000,Fw2XlLSvhDCRIl7z,,
8,174,2026-04-05T12:41:19.918Z,259.000,9,133.000,q5GVJKHvqVwABnDf,163.000,TiCg1GW9IStcOras,191.000,MY8Sv42aXxDpCjC4,208.000,md4MdKOU6ZsQ//g0,221.000,SayB0+Vq1qyZnTIu,229.000,zyQbLrDbnVAAyE0h,259.000,BjjWVd8h3JWMBrnK,291.000,OY9eVeUW8tGGPJFe,298.000,Fw2XlLSvhDCRIl7z,,
8,175,2026-04-05T12:41:20.177Z,258.000,9,170.000,md4MdKOU6ZsQ//g0,184.000,q5GVJKHvqVwABnDf,203.000,MY8Sv42aXxDpCjC4,205.000,SayB0+Vq1qyZnTIu,212.000,TiCg1GW9IStcOras,280.000,zyQbLrDbnVAAyE0h,279.000,BjjWVd8h3JWMBrnK,269.000,Fw2XlLSvhDCRIl7z,278.000,OY9eVeUW8tGGPJFe,,
8,176,2026-04-05T12:41:20.435Z,290.000,9,185.000,SayB0+Vq1qyZnTIu,203.000,MY8Sv42aXxDpCjC4,207.000,md4MdKOU6ZsQ//g0,256.000,BjjWVd8h3JWMBrnK,257.000,zyQbLrDbnVAAyE0h,262.000,TiCg1GW9IStcOras,290.000,OY9eVeUW8tGGPJFe,294.000,Fw2XlLSvhDCRIl7z,297.000,q5GVJKHvqVwABnDf,,
8,177,2026-04-05T12:41:20.725Z,221.000,9,141.000,BjjWVd8h3JWMBrnK,163.000,q5GVJKHvqVwABnDf,172.000,SayB0+Vq1qyZnTIu,185.000,md4MdKOU6ZsQ//g0,205.000,OY9eVeUW8tGGPJFe,207.000,MY8Sv42aXxDpCjC4,275.000,zyQbLrDbnVAAyE0h,239.000,Fw2XlLSvhDCRIl7z,378.000,TiCg1GW9IStcOras,,
8,178,2026-04-05T12:41:20.946Z,277.000,9,173.000,zyQbLrDbnVAAyE0h,195.000,q5GVJKHvqVwABnDf,204.000,md4MdKOU6ZsQ//g0,207.000,TiCg1GW9IStcOras,264.000,BjjWVd8h3JWMBrnK,268.000,MY8Sv42aXxDpCjC4,276.000,SayB0+Vq1qyZnTIu,295.000,OY9eVeUW8tGGPJFe,313.000,Fw2XlLSvhDCRIl7z,,
8,179,2026-04-05T12:41:21.223Z,287.000,9,184.000,md4MdKOU6ZsQ//g0,193.000,BjjWVd8h3JWMBrnK,209.000,q5GVJKHvqVwABnDf,223.000,SayB0+Vq1qyZnTIu,253.000,Fw2XlLSvhDCRIl7z,286.000,MY8Sv42aXxDpCjC4,292.000,OY9eVeUW8tGGPJFe,291.000,zyQbLrDbnVAAyE0h,290.000,TiCg1GW9IStcOras,,
8,180,2026-04-05T12:41:21.510Z,260.000,9,168.000,SayB0+Vq1qyZnTIu,205.000,md4MdKOU6ZsQ//g0,211.000,MY8Sv42aXxDpCjC4,213.000,OY9eVeUW8tGGPJFe,244.000,zyQbLrDbnVAAyE0h,247.000,BjjWVd8h3JWMBrnK,260.000,TiCg1GW9IStcOras,273.000,Fw2XlLSvhDCRIl7z,272.000,q5GVJKHvqVwABnDf,,
8,181,2026-04-05T12:41:21.770Z,294.000,9,191.000,SayB0+Vq1qyZnTIu,206.000,TiCg1GW9IStcOras,208.000,md4MdKOU6ZsQ//g0,218.000,q5GVJKHvqVwABnDf,222.000,Fw2XlLSvhDCRIl7z,239.000,MY8Sv42aXxDpCjC4,294.000,BjjWVd8h3JWMBrnK,296.000,OY9eVeUW8tGGPJFe,296.000,zyQbLrDbnVAAyE0h,,
8,182,2026-04-05T12:41:22.064Z,258.000,9,166.000,SayB0+Vq1qyZnTIu,202.000,MY8Sv42aXxDpCjC4,205.000,BjjWVd8h3JWMBrnK,211.000,md4MdKOU6ZsQ//g0,249.000,OY9eVeUW8tGGPJFe,253.000,q5GVJKHvqVwABnDf,258.000,Fw2XlLSvhDCRIl7z,273.000,TiCg1GW9IStcOras,273.000,zyQbLrDbnVAAyE0h,,
8,183,2026-04-05T12:41:22.322Z,260.000,9,195.000,SayB0+Vq1qyZnTIu,201.000,q5GVJKHvqVwABnDf,203.000,MY8Sv42aXxDpCjC4,204.000,Fw2XlLSvhDCRIl7z,239.000,md4MdKOU6ZsQ//g0,259.000,zyQbLrDbnVAAyE0h,260.000,BjjWVd8h3JWMBrnK,264.000,TiCg1GW9IStcOras,298.000,OY9eVeUW8tGGPJFe,,
8,184,2026-04-05T12:41:22.582Z,254.000,9,203.000,SayB0+Vq1qyZnTIu,206.000,BjjWVd8h3JWMBrnK,207.000,MY8Sv42aXxDpCjC4,211.000,TiCg1GW9IStcOras,237.000,md4MdKOU6ZsQ//g0,251.000,q5GVJKHvqVwABnDf,254.000,Fw2XlLSvhDCRIl7z,308.000,zyQbLrDbnVAAyE0h,311.000,OY9eVeUW8tGGPJFe,,
8,185,2026-04-05T12:41:22.836Z,293.000,9,200.000,SayB0+Vq1qyZnTIu,207.000,Fw2XlLSvhDCRIl7z,213.000,md4MdKOU6ZsQ//g0,258.000,zyQbLrDbnVAAyE0h,260.000,MY8Sv42aXxDpCjC4,265.000,TiCg1GW9IStcOras,293.000,BjjWVd8h3JWMBrnK,303.000,OY9eVeUW8tGGPJFe,320.000,q5GVJKHvqVwABnDf,,
8,186,2026-04-05T12:41:23.129Z,236.000,9,175.000,SayB0+Vq1qyZnTIu,203.000,MY8Sv42aXxDpCjC4,206.000,BjjWVd8h3JWMBrnK,214.000,OY9eVeUW8tGGPJFe,227.000,md4MdKOU6ZsQ//g0,229.000,Fw2XlLSvhDCRIl7z,235.000,q5GVJKHvqVwABnDf,277.000,zyQbLrDbnVAAyE0h,282.000,TiCg1GW9IStcOras,,
8,187,2026-04-05T12:41:23.365Z,301.000,9,203.000,SayB0+Vq1qyZnTIu,204.000,md4MdKOU6ZsQ//g0,244.000,MY8Sv42aXxDpCjC4,250.000,zyQbLrDbnVAAyE0h,285.000,OY9eVeUW8tGGPJFe,288.000,TiCg1GW9IStcOras,301.000,Fw2XlLSvhDCRIl7z,326.000,BjjWVd8h3JWMBrnK,332.000,q5GVJKHvqVwABnDf,,
8,188,2026-04-05T12:41:23.666Z,255.000,9,191.000,OY9eVeUW8tGGPJFe,193.000,SayB0+Vq1qyZnTIu,197.000,MY8Sv42aXxDpCjC4,208.000,md4MdKOU6ZsQ//g0,209.000,Fw2XlLSvhDCRIl7z,334.000,BjjWVd8h3JWMBrnK,300.000,q5GVJKHvqVwABnDf,259.000,zyQbLrDbnVAAyE0h,296.000,TiCg1GW9IStcOras,,
8,189,2026-04-05T12:41:23.921Z,291.000,9,194.000,SayB0+Vq1qyZnTIu,236.000,MY8Sv42aXxDpCjC4,251.000,md4MdKOU6ZsQ//g0,273.000,OY9eVeUW8tGGPJFe,284.000,BjjWVd8h3JWMBrnK,289.000,q5GVJKHvqVwABnDf,299.000,TiCg1GW9IStcOras,300.000,zyQbLrDbnVAAyE0h,298.000,Fw2XlLSvhDCRIl7z,,
8,190,2026-04-05T12:41:24.212Z,253.000,9,181.000,SayB0+Vq1qyZnTIu,187.000,OY9eVeUW8tGGPJFe,193.000,MY8Sv42aXxDpCjC4,198.000,BjjWVd8h3JWMBrnK,211.000,Fw2XlLSvhDCRIl7z,241.000,zyQbLrDbnVAAyE0h,253.000,md4MdKOU6ZsQ//g0,266.000,TiCg1GW9IStcOras,401.000,q5GVJKHvqVwABnDf,,
8,191,2026-04-05T12:41:24.465Z,252.000,9,193.000,SayB0+Vq1qyZnTIu,220.000,TiCg1GW9IStcOras,222.000,MY8Sv42aXxDpCjC4,228.000,md4MdKOU6ZsQ//g0,250.000,q5GVJKHvqVwABnDf,251.000,BjjWVd8h3JWMBrnK,252.000,OY9eVeUW8tGGPJFe,298.000,zyQbLrDbnVAAyE0h,300.000,Fw2XlLSvhDCRIl7z,,
8,192,2026-04-05T12:41:24.717Z,281.000,9,203.000,SayB0+Vq1qyZnTIu,205.000,q5GVJKHvqVwABnDf,207.000,MY8Sv42aXxDpCjC4,210.000,md4MdKOU6ZsQ//g0,251.000,zyQbLrDbnVAAyE0h,275.000,Fw2XlLSvhDCRIl7z,281.000,TiCg1GW9IStcOras,306.000,OY9eVeUW8tGGPJFe,307.000,BjjWVd8h3JWMBrnK,,
8,193,2026-04-05T12:41:24.998Z,301.000,9,197.000,md4MdKOU6ZsQ//g0,205.000,SayB0+Vq1qyZnTIu,208.000,MY8Sv42aXxDpCjC4,237.000,q5GVJKHvqVwABnDf,277.000,zyQbLrDbnVAAyE0h,279.000,BjjWVd8h3JWMBrnK,301.000,Fw2XlLSvhDCRIl7z,310.000,TiCg1GW9IStcOras,314.000,OY9eVeUW8tGGPJFe,,
8,194,2026-04-05T12:41:25.299Z,252.000,9,189.000,md4MdKOU6ZsQ//g0,207.000,SayB0+Vq1qyZnTIu,212.000,MY8Sv42aXxDpCjC4,243.000,OY9eVeUW8tGGPJFe,245.000,q5GVJKHvqVwABnDf,295.000,Fw2XlLSvhDCRIl7z,293.000,TiCg1GW9IStcOras,288.000,BjjWVd8h3JWMBrnK,294.000,zyQbLrDbnVAAyE0h,,
8,195,2026-04-05T12:41:25.551Z,263.000,9,186.000,TiCg1GW9IStcOras,198.000,MY8Sv42aXxDpCjC4,199.000,md4MdKOU6ZsQ//g0,199.000,q5GVJKHvqVwABnDf,225.000,SayB0+Vq1qyZnTIu,241.000,BjjWVd8h3JWMBrnK,263.000,Fw2XlLSvhDCRIl7z,272.000,zyQbLrDbnVAAyE0h,304.000,OY9eVeUW8tGGPJFe,,
8,196,2026-04-05T12:41:25.814Z,284.000,9,218.000,md4MdKOU6ZsQ//g0,219.000,SayB0+Vq1qyZnTIu,232.000,TiCg1GW9IStcOras,243.000,MY8Sv42aXxDpCjC4,244.000,q5GVJKHvqVwABnDf,277.000,OY9eVeUW8tGGPJFe,284.000,BjjWVd8h3JWMBrnK,308.000,Fw2XlLSvhDCRIl7z,323.000,zyQbLrDbnVAAyE0h,,
8,197,2026-04-05T12:41:26.098Z,242.000,9,166.000,SayB0+Vq1qyZnTIu,205.000,BjjWVd8h3JWMBrnK,214.000,md4MdKOU6ZsQ//g0,224.000,MY8Sv42aXxDpCjC4,228.000,Fw2XlLSvhDCRIl7z,266.000,q5GVJKHvqVwABnDf,255.000,TiCg1GW9IStcOras,286.000,zyQbLrDbnVAAyE0h,288.000,OY9eVeUW8tGGPJFe,,
8,198,2026-04-05T12:41:26.340Z,309.000,9,207.000,SayB0+Vq1qyZnTIu,232.000,MY8Sv42aXxDpCjC4,233.000,md4MdKOU6ZsQ//g0,263.000,OY9eVeUW8tGGPJFe,284.000,BjjWVd8h3JWMBrnK,295.000,Fw2XlLSvhDCRIl7z,323.000,TiCg1GW9IStcOras,329.000,q5GVJKHvqVwABnDf,310.000,zyQbLrDbnVAAyE0h,,
8,199,2026-04-05T12:41:26.649Z,241.000,9,206.000,md4MdKOU6ZsQ//g0,206.000,SayB0+Vq1qyZnTIu,229.000,MY8Sv42aXxDpCjC4,295.000,Fw2XlLSvhDCRIl7z,309.000,TiCg1GW9IStcOras,263.000,OY9eVeUW8tGGPJFe,283.000,BjjWVd8h3JWMBrnK,310.000,q5GVJKHvqVwABnDf,312.000,zyQbLrDbnVAAyE0h,,
8,200,2026-04-05T12:41:26.890Z,315.000,9,199.000,MY8Sv42aXxDpCjC4,240.000,SayB0+Vq1qyZnTIu,270.000,md4MdKOU6ZsQ//g0,346.000,TiCg1GW9IStcOras,321.000,q5GVJKHvqVwABnDf,355.000,zyQbLrDbnVAAyE0h,344.000,BjjWVd8h3JWMBrnK,331.000,OY9eVeUW8tGGPJFe,347.000,Fw2XlLSvhDCRIl7z,,
8,201,2026-04-05T12:41:27.205Z,296.000,9,187.000,SayB0+Vq1qyZnTIu,193.000,MY8Sv42aXxDpCjC4,207.000,md4MdKOU6ZsQ//g0,290.000,zyQbLrDbnVAAyE0h,293.000,Fw2XlLSvhDCRIl7z,294.000,BjjWVd8h3JWMBrnK,296.000,OY9eVeUW8tGGPJFe,296.000,TiCg1GW9IStcOras,312.000,q5GVJKHvqVwABnDf,,
8,202,2026-04-05T12:41:27.501Z,308.000,9,201.000,md4MdKOU6ZsQ//g0,202.000,SayB0+Vq1qyZnTIu,213.000,MY8Sv42aXxDpCjC4,269.000,TiCg1GW9IStcOras,287.000,q5GVJKHvqVwABnDf,305.000,zyQbLrDbnVAAyE0h,308.000,Fw2XlLSvhDCRIl7z,309.000,OY9eVeUW8tGGPJFe,313.000,BjjWVd8h3JWMBrnK,,
8,203,2026-04-05T12:41:27.809Z,306.000,8,203.000,SayB0+Vq1qyZnTIu,204.000,md4MdKOU6ZsQ//g0,209.000,MY8Sv42aXxDpCjC4,266.000,TiCg1GW9IStcOras,285.000,q5GVJKHvqVwABnDf,305.000,BjjWVd8h3JWMBrnK,306.000,zyQbLrDbnVAAyE0h,307.000,OY9eVeUW8tGGPJFe,,,,
8,204,2026-04-05T12:41:28.115Z,289.000,9,182.000,SayB0+Vq1qyZnTIu,191.000,md4MdKOU6ZsQ//g0,208.000,MY8Sv42aXxDpCjC4,209.000,Fw2XlLSvhDCRIl7z,241.000,BjjWVd8h3JWMBrnK,269.000,TiCg1GW9IStcOras,289.000,q5GVJKHvqVwABnDf,290.000,zyQbLrDbnVAAyE0h,292.000,OY9eVeUW8tGGPJFe,,
8,205,2026-04-05T12:41:28.404Z,287.000,8,186.000,SayB0+Vq1qyZnTIu,222.000,MY8Sv42aXxDpCjC4,226.000,md4MdKOU6ZsQ//g0,231.000,Fw2XlLSvhDCRIl7z,247.000,q5GVJKHvqVwABnDf,262.000,BjjWVd8h3JWMBrnK,287.000,OY9eVeUW8tGGPJFe,290.000,TiCg1GW9IStcOras,,,,
8,206,2026-04-05T12:41:28.691Z,450.000,8,193.000,SayB0+Vq1qyZnTIu,204.000,MY8Sv42aXxDpCjC4,210.000,md4MdKOU6ZsQ//g0,400.000,BjjWVd8h3JWMBrnK,403.000,zyQbLrDbnVAAyE0h,449.000,OY9eVeUW8tGGPJFe,450.000,TiCg1GW9IStcOras,577.000,jIf2AEWi7y2xcK85,,,,
8,207,2026-04-05T12:41:29.141Z,307.000,7,105.000,q5GVJKHvqVwABnDf,204.000,SayB0+Vq1qyZnTIu,206.000,md4MdKOU6ZsQ//g0,208.000,MY8Sv42aXxDpCjC4,294.000,zyQbLrDbnVAAyE0h,305.000,Fw2XlLSvhDCRIl7z,306.000,OY9eVeUW8tGGPJFe,,,,,,
8,208,2026-04-05T12:41:29.448Z,522.000,8,191.000,MY8Sv42aXxDpCjC4,209.000,md4MdKOU6ZsQ//g0,237.000,SayB0+Vq1qyZnTIu,382.000,BjjWVd8h3JWMBrnK,459.000,Fw2XlLSvhDCRIl7z,506.000,TiCg1GW9IStcOras,522.000,OY9eVeUW8tGGPJFe,576.000,jIf2AEWi7y2xcK85,,,,
8,209,2026-04-05T12:41:29.970Z,468.000,8,104.000,q5GVJKHvqVwABnDf,190.000,SayB0+Vq1qyZnTIu,192.000,md4MdKOU6ZsQ//g0,210.000,MY8Sv42aXxDpCjC4,400.000,OY9eVeUW8tGGPJFe,410.000,Fw2XlLSvhDCRIl7z,571.000,BjjWVd8h3JWMBrnK,543.000,jIf2AEWi7y2xcK85,,,,
8,210,2026-04-05T12:41:30.438Z,570.000,8,138.000,MY8Sv42aXxDpCjC4,204.000,SayB0+Vq1qyZnTIu,208.000,md4MdKOU6ZsQ//g0,469.000,BjjWVd8h3JWMBrnK,492.000,OY9eVeUW8tGGPJFe,565.000,q5GVJKHvqVwABnDf,570.000,zyQbLrDbnVAAyE0h,573.000,jIf2AEWi7y2xcK85,,,,
8,211,2026-04-05T12:41:31.008Z,435.000,8,129.000,md4MdKOU6ZsQ//g0,201.000,SayB0+Vq1qyZnTIu,204.000,MY8Sv42aXxDpCjC4,334.000,BjjWVd8h3JWMBrnK,336.000,q5GVJKHvqVwABnDf,429.000,Fw2XlLSvhDCRIl7z,435.000,OY9eVeUW8tGGPJFe,524.000,jIf2AEWi7y2xcK85,,,,
8,212,2026-04-05T12:41:31.443Z,522.000,8,200.000,MY8Sv42aXxDpCjC4,200.000,SayB0+Vq1qyZnTIu,214.000,md4MdKOU6ZsQ//g0,499.000,q5GVJKHvqVwABnDf,505.000,zyQbLrDbnVAAyE0h,521.000,jIf2AEWi7y2xcK85,522.000,TiCg1GW9IStcOras,591.000,Fw2XlLSvhDCRIl7z,,,,
8,213,2026-04-05T12:41:31.965Z,612.000,8,213.000,md4MdKOU6ZsQ//g0,214.000,SayB0+Vq1qyZnTIu,276.000,MY8Sv42aXxDpCjC4,509.000,TiCg1GW9IStcOras,556.000,Fw2XlLSvhDCRIl7z,562.000,BjjWVd8h3JWMBrnK,612.000,jIf2AEWi7y2xcK85,614.000,OY9eVeUW8tGGPJFe,,,,
8,214,2026-04-05T12:41:32.577Z,533.000,8,208.000,SayB0+Vq1qyZnTIu,210.000,md4MdKOU6ZsQ//g0,232.000,MY8Sv42aXxDpCjC4,330.000,TiCg1GW9IStcOras,473.000,OY9eVeUW8tGGPJFe,522.000,jIf2AEWi7y2xcK85,533.000,q5GVJKHvqVwABnDf,545.000,zyQbLrDbnVAAyE0h,,,,
8,215,2026-04-05T12:41:33.110Z,566.000,8,175.000,md4MdKOU6ZsQ//g0,211.000,MY8Sv42aXxDpCjC4,211.000,SayB0+Vq1qyZnTIu,433.000,TiCg1GW9IStcOras,484.000,zyQbLrDbnVAAyE0h,510.000,BjjWVd8h3JWMBrnK,568.000,Fw2XlLSvhDCRIl7z,573.000,jIf2AEWi7y2xcK85,,,,
8,216,2026-04-05T12:41:33.676Z,651.000,7,208.000,md4MdKOU6ZsQ//g0,313.000,SayB0+Vq1qyZnTIu,317.000,MY8Sv42aXxDpCjC4,524.000,jIf2AEWi7y2xcK85,598.000,q5GVJKHvqVwABnDf,644.000,zyQbLrDbnVAAyE0h,754.000,Fw2XlLSvhDCRIl7z,,,,,,
8,217,2026-04-05T12:41:34.327Z,488.000,8,155.000,SayB0+Vq1qyZnTIu,205.000,MY8Sv42aXxDpCjC4,265.000,md4MdKOU6ZsQ//g0,372.000,OY9eVeUW8tGGPJFe,392.000,TiCg1GW9IStcOras,486.000,zyQbLrDbnVAAyE0h,488.000,BjjWVd8h3JWMBrnK,515.000,jIf2AEWi7y2xcK85,,,,
8,218,2026-04-05T12:41:34.815Z,890.000,7,109.000,md4MdKOU6ZsQ//g0,332.000,SayB0+Vq1qyZnTIu,334.000,MY8Sv42aXxDpCjC4,526.000,jIf2AEWi7y2xcK85,621.000,q5GVJKHvqVwABnDf,882.000,Fw2XlLSvhDCRIl7z,890.000,BjjWVd8h3JWMBrnK,,,,,,
8,219,2026-04-05T12:41:35.705Z,923.000,7,242.000,q5GVJKHvqVwABnDf,299.000,SayB0+Vq1qyZnTIu,301.000,MY8Sv42aXxDpCjC4,302.000,md4MdKOU6ZsQ//g0,617.000,jIf2AEWi7y2xcK85,909.000,TiCg1GW9IStcOras,923.000,OY9eVeUW8tGGPJFe,,,,,,
8,220,2026-04-05T12:41:36.628Z,721.000,7,192.000,MY8Sv42aXxDpCjC4,297.000,SayB0+Vq1qyZnTIu,300.000,md4MdKOU6ZsQ//g0,449.000,jIf2AEWi7y2xcK85,473.000,q5GVJKHvqVwABnDf,705.000,Fw2XlLSvhDCRIl7z,721.000,BjjWVd8h3JWMBrnK,,,,,,
8,221,2026-04-05T12:41:37.349Z,471.000,10,205.000,SayB0+Vq1qyZnTIu,208.000,MY8Sv42aXxDpCjC4,209.000,md4MdKOU6ZsQ//g0,447.000,jIf2AEWi7y2xcK85,467.000,OY9eVeUW8tGGPJFe,469.000,BjjWVd8h3JWMBrnK,471.000,zyQbLrDbnVAAyE0h,474.000,q5GVJKHvqVwABnDf,473.000,Fw2XlLSvhDCRIl7z,494.000,TiCg1GW9IStcOras
8,222,2026-04-05T12:41:37.820Z,764.000,7,300.000,SayB0+Vq1qyZnTIu,302.000,md4MdKOU6ZsQ//g0,302.000,MY8Sv42aXxDpCjC4,473.000,q5GVJKHvqVwABnDf,609.000,jIf2AEWi7y2xcK85,751.000,Fw2XlLSvhDCRIl7z,760.000,BjjWVd8h3JWMBrnK,,,,,,
8,223,2026-04-05T12:41:38.584Z,597.000,7,202.000,md4MdKOU6ZsQ//g0,202.000,SayB0+Vq1qyZnTIu,204.000,MY8Sv42aXxDpCjC4,233.000,OY9eVeUW8tGGPJFe,406.000,zyQbLrDbnVAAyE0h,518.000,q5GVJKHvqVwABnDf,597.000,jIf2AEWi7y2xcK85,,,,,,
8,224,2026-04-05T12:41:39.181Z,566.000,9,207.000,md4MdKOU6ZsQ//g0,386.000,SayB0+Vq1qyZnTIu,457.000,OY9eVeUW8tGGPJFe,514.000,BjjWVd8h3JWMBrnK,523.000,MY8Sv42aXxDpCjC4,562.000,TiCg1GW9IStcOras,566.000,Fw2XlLSvhDCRIl7z,606.000,zyQbLrDbnVAAyE0h,653.000,jIf2AEWi7y2xcK85,,
8,225,2026-04-05T12:41:39.747Z,1033.000,7,151.000,SayB0+Vq1qyZnTIu,205.000,md4MdKOU6ZsQ//g0,245.000,MY8Sv42aXxDpCjC4,601.000,jIf2AEWi7y2xcK85,609.000,q5GVJKHvqVwABnDf,1006.000,OY9eVeUW8tGGPJFe,1033.000,zyQbLrDbnVAAyE0h,,,,,,
8,226,2026-04-05T12:41:40.780Z,1007.000,7,203.000,md4MdKOU6ZsQ//g0,205.000,MY8Sv42aXxDpCjC4,207.000,SayB0+Vq1qyZnTIu,450.000,jIf2AEWi7y2xcK85,467.000,q5GVJKHvqVwABnDf,970.000,TiCg1GW9IStcOras,1007.000,OY9eVeUW8tGGPJFe,,,,,,
8,227,2026-04-05T12:41:41.787Z,1187.000,7,204.000,MY8Sv42aXxDpCjC4,295.000,SayB0+Vq1qyZnTIu,297.000,md4MdKOU6ZsQ//g0,450.000,jIf2AEWi7y2xcK85,470.000,q5GVJKHvqVwABnDf,1185.000,BjjWVd8h3JWMBrnK,1187.000,TiCg1GW9IStcOras,,,,,,
8,228,2026-04-05T12:41:42.974Z,1029.000,7,297.000,SayB0+Vq1qyZnTIu,300.000,MY8Sv42aXxDpCjC4,301.000,md4MdKOU6ZsQ//g0,474.000,q5GVJKHvqVwABnDf,605.000,jIf2AEWi7y2xcK85,1026.000,Fw2XlLSvhDCRIl7z,1029.000,BjjWVd8h3JWMBrnK,,,,,,
8,229,2026-04-05T12:41:44.003Z,989.000,7,239.000,q5GVJKHvqVwABnDf,299.000,SayB0+Vq1qyZnTIu,301.000,MY8Sv42aXxDpCjC4,302.000,md4MdKOU6ZsQ//g0,616.000,jIf2AEWi7y2xcK85,986.000,Fw2XlLSvhDCRIl7z,990.000,zyQbLrDbnVAAyE0h,,,,,,
8,230,2026-04-05T12:41:44.992Z,930.000,7,296.000,MY8Sv42aXxDpCjC4,297.000,md4MdKOU6ZsQ//g0,297.000,SayB0+Vq1qyZnTIu,481.000,q5GVJKHvqVwABnDf,607.000,jIf2AEWi7y2xcK85,928.000,BjjWVd8h3JWMBrnK,930.000,Fw2XlLSvhDCRIl7z,,,,,,
8,231,2026-04-05T12:41:45.922Z,1295.000,7,298.000,SayB0+Vq1qyZnTIu,301.000,md4MdKOU6ZsQ//g0,304.000,MY8Sv42aXxDpCjC4,474.000,q5GVJKHvqVwABnDf,547.000,jIf2AEWi7y2xcK85,1285.000,OY9eVeUW8tGGPJFe,1295.000,zyQbLrDbnVAAyE0h,,,,,,
8,232,2026-04-05T12:41:47.217Z,1244.000,7,331.000,SayB0+Vq1qyZnTIu,332.000,md4MdKOU6ZsQ//g0,334.000,MY8Sv42aXxDpCjC4,484.000,jIf2AEWi7y2xcK85,505.000,q5GVJKHvqVwABnDf,1241.000,Fw2XlLSvhDCRIl7z,1346.000,BjjWVd8h3JWMBrnK,,,,,,
8,233,2026-04-05T12:41:48.461Z,2055.000,7,295.000,md4MdKOU6ZsQ//g0,296.000,MY8Sv42aXxDpCjC4,298.000,SayB0+Vq1qyZnTIu,453.000,jIf2AEWi7y2xcK85,468.000,q5GVJKHvqVwABnDf,2048.000,BjjWVd8h3JWMBrnK,2157.000,Fw2XlLSvhDCRIl7z,,,,,,
8,234,2026-04-05T12:41:50.516Z,2321.000,7,234.000,q5GVJKHvqVwABnDf,297.000,MY8Sv42aXxDpCjC4,298.000,md4MdKOU6ZsQ//g0,299.000,SayB0+Vq1qyZnTIu,451.000,jIf2AEWi7y2xcK85,2316.000,BjjWVd8h3JWMBrnK,2321.000,TiCg1GW9IStcOras,,,,,,
8,235,2026-04-05T12:41:52.837Z,2197.000,7,297.000,SayB0+Vq1qyZnTIu,298.000,md4MdKOU6ZsQ//g0,299.000,MY8Sv42aXxDpCjC4,474.000,q5GVJKHvqVwABnDf,605.000,jIf2AEWi7y2xcK85,1278.000,zyQbLrDbnVAAyE0h,2197.000,OY9eVeUW8tGGPJFe,,,,,,
8,236,2026-04-05T12:41:55.034Z,2431.000,7,451.000,jIf2AEWi7y2xcK85,551.000,SayB0+Vq1qyZnTIu,593.000,md4MdKOU6ZsQ//g0,673.000,MY8Sv42aXxDpCjC4,1530.000,q5GVJKHvqVwABnDf,2308.000,zyQbLrDbnVAAyE0h,2431.000,Fw2XlLSvhDCRIl7z,,,,,,
8,237,2026-04-05T12:41:57.465Z,2847.000,7,491.000,jIf2AEWi7y2xcK85,662.000,SayB0+Vq1qyZnTIu,1687.000,MY8Sv42aXxDpCjC4,1724.000,md4MdKOU6ZsQ//g0,1741.000,zyQbLrDbnVAAyE0h,1749.000,q5GVJKHvqVwABnDf,2951.000,TiCg1GW9IStcOras,,,,,,
8,238,2026-04-05T12:42:00.312Z,4048.000,7,448.000,jIf2AEWi7y2xcK85,970.000,MY8Sv42aXxDpCjC4,1733.000,q5GVJKHvqVwABnDf,1742.000,md4MdKOU6ZsQ//g0,1770.000,SayB0+Vq1qyZnTIu,2966.000,Fw2XlLSvhDCRIl7z,4048.000,TiCg1GW9IStcOras,,,,,,
8,239,2026-04-05T12:42:04.360Z,4488.000,7,450.000,jIf2AEWi7y2xcK85,2603.000,MY8Sv42aXxDpCjC4,2630.000,md4MdKOU6ZsQ//g0,2639.000,q5GVJKHvqVwABnDf,2678.000,SayB0+Vq1qyZnTIu,4297.000,zyQbLrDbnVAAyE0h,4488.000,TiCg1GW9IStcOras,,,,,,
8,240,2026-04-05T12:42:08.848Z,5308.000,7,452.000,jIf2AEWi7y2xcK85,2211.000,SayB0+Vq1qyZnTIu,2299.000,md4MdKOU6ZsQ//g0,2354.000,MY8Sv42aXxDpCjC4,2371.000,q5GVJKHvqVwABnDf,4091.000,zyQbLrDbnVAAyE0h,5307.000,TiCg1GW9IStcOras,,,,,,
8,241,2026-04-05T12:42:14.156Z,7331.000,7,449.000,jIf2AEWi7y2xcK85,2194.000,md4MdKOU6ZsQ//g0,4329.000,q5GVJKHvqVwABnDf,4336.000,MY8Sv42aXxDpCjC4,4381.000,SayB0+Vq1qyZnTIu,6358.000,zyQbLrDbnVAAyE0h,7330.000,BjjWVd8h3JWMBrnK,,,,,,
8,242,2026-04-05T12:42:21.487Z,8388.000,7,446.000,jIf2AEWi7y2xcK85,5015.000,md4MdKOU6ZsQ//g0,5048.000,SayB0+Vq1qyZnTIu,5071.000,q5GVJKHvqVwABnDf,5113.000,MY8Sv42aXxDpCjC4,8362.000,TiCg1GW9IStcOras,8388.000,OY9eVeUW8tGGPJFe,,,,,,
8,243,2026-04-05T12:42:29.875Z,8344.000,7,446.000,jIf2AEWi7y2xcK85,3908.000,q5GVJKHvqVwABnDf,3917.000,md4MdKOU6ZsQ//g0,4887.000,SayB0+Vq1qyZnTIu,4897.000,MY8Sv42aXxDpCjC4,8343.000,TiCg1GW9IStcOras,8344.000,OY9eVeUW8tGGPJFe,,,,,,
8,244,2026-04-05T12:42:38.219Z,8358.000,7,555.000,jIf2AEWi7y2xcK85,5764.000,q5GVJKHvqVwABnDf,6550.000,SayB0+Vq1qyZnTIu,6553.000,md4MdKOU6ZsQ//g0,6683.000,MY8Sv42aXxDpCjC4,7910.000,zyQbLrDbnVAAyE0h,8358.000,Fw2XlLSvhDCRIl7z,,,,,,
8,245,2026-04-05T12:42:46.577Z,,1,447.000,jIf2AEWi7y2xcK85,,,,,,,,,,,,,,,,,,
9,1,2026-04-05T12:40:33.945Z,1405.000,7,590.000,q5GVJKHvqVwABnDf,1389.000,BjjWVd8h3JWMBrnK,5753.000,Fw2XlLSvhDCRIl7z,2052.000,zyQbLrDbnVAAyE0h,4296.000,TiCg1GW9IStcOras,3021.000,MY8Sv42aXxDpCjC4,1622.000,md4MdKOU6ZsQ//g0,,,,,,
9,2,2026-04-05T12:40:35.350Z,56.000,7,52.000,q5GVJKHvqVwABnDf,50.000,BjjWVd8h3JWMBrnK,51.000,md4MdKOU6ZsQ//g0,4351.000,Fw2XlLSvhDCRIl7z,2892.000,TiCg1GW9IStcOras,648.000,zyQbLrDbnVAAyE0h,1618.000,MY8Sv42aXxDpCjC4,,,,,,
9,3,2026-04-05T12:40:35.406Z,146.000,7,1.000,q5GVJKHvqVwABnDf,2.000,BjjWVd8h3JWMBrnK,144.000,md4MdKOU6ZsQ//g0,594.000,zyQbLrDbnVAAyE0h,2838.000,TiCg1GW9IStcOras,4296.000,Fw2XlLSvhDCRIl7z,1564.000,MY8Sv42aXxDpCjC4,,,,,,
9,4,2026-04-05T12:40:35.552Z,149.000,7,150.000,q5GVJKHvqVwABnDf,8.000,BjjWVd8h3JWMBrnK,3.000,md4MdKOU6ZsQ//g0,450.000,zyQbLrDbnVAAyE0h,4152.000,Fw2XlLSvhDCRIl7z,2693.000,TiCg1GW9IStcOras,1420.000,MY8Sv42aXxDpCjC4,,,,,,
9,5,2026-04-05T12:40:35.701Z,302.000,7,2.000,md4MdKOU6ZsQ//g0,242.000,q5GVJKHvqVwABnDf,241.000,BjjWVd8h3JWMBrnK,4004.000,Fw2XlLSvhDCRIl7z,1273.000,MY8Sv42aXxDpCjC4,2545.000,TiCg1GW9IStcOras,474.000,zyQbLrDbnVAAyE0h,,,,,,
9,6,2026-04-05T12:40:36.003Z,408.000,8,1.000,q5GVJKHvqVwABnDf,2.000,BjjWVd8h3JWMBrnK,3.000,md4MdKOU6ZsQ//g0,3.000,SayB0+Vq1qyZnTIu,3.000,zyQbLrDbnVAAyE0h,3704.000,Fw2XlLSvhDCRIl7z,973.000,MY8Sv42aXxDpCjC4,2245.000,TiCg1GW9IStcOras,,,,
9,7,2026-04-05T12:40:36.411Z,476.000,10,476.000,q5GVJKHvqVwABnDf,476.000,BjjWVd8h3JWMBrnK,172.000,SayB0+Vq1qyZnTIu,166.000,md4MdKOU6ZsQ//g0,476.000,zyQbLrDbnVAAyE0h,477.000,OY9eVeUW8tGGPJFe,1839.000,TiCg1GW9IStcOras,567.000,MY8Sv42aXxDpCjC4,382.000,jIf2AEWi7y2xcK85,3296.000,Fw2XlLSvhDCRIl7z
9,8,2026-04-05T12:40:36.887Z,3.000,9,3.000,md4MdKOU6ZsQ//g0,2.000,SayB0+Vq1qyZnTIu,4.000,BjjWVd8h3JWMBrnK,4.000,q5GVJKHvqVwABnDf,3.000,zyQbLrDbnVAAyE0h,3042.000,Fw2XlLSvhDCRIl7z,231.000,MY8Sv42aXxDpCjC4,4.000,OY9eVeUW8tGGPJFe,1585.000,TiCg1GW9IStcOras,,
9,9,2026-04-05T12:40:36.890Z,226.000,9,230.000,zyQbLrDbnVAAyE0h,226.000,q5GVJKHvqVwABnDf,236.000,BjjWVd8h3JWMBrnK,96.000,md4MdKOU6ZsQ//g0,90.000,SayB0+Vq1qyZnTIu,230.000,OY9eVeUW8tGGPJFe,231.000,MY8Sv42aXxDpCjC4,1583.000,TiCg1GW9IStcOras,3040.000,Fw2XlLSvhDCRIl7z,,
9,10,2026-04-05T12:40:37.116Z,464.000,8,466.000,q5GVJKHvqVwABnDf,468.000,zyQbLrDbnVAAyE0h,466.000,OY9eVeUW8tGGPJFe,698.000,BjjWVd8h3JWMBrnK,236.000,md4MdKOU6ZsQ//g0,469.000,MY8Sv42aXxDpCjC4,2816.000,Fw2XlLSvhDCRIl7z,1357.000,TiCg1GW9IStcOras,,,,
9,11,2026-04-05T12:40:37.580Z,7.000,9,156.000,q5GVJKHvqVwABnDf,303.000,BjjWVd8h3JWMBrnK,31.000,zyQbLrDbnVAAyE0h,153.000,OY9eVeUW8tGGPJFe,152.000,MY8Sv42aXxDpCjC4,158.000,SayB0+Vq1qyZnTIu,36.000,md4MdKOU6ZsQ//g0,2354.000,Fw2XlLSvhDCRIl7z,894.000,TiCg1GW9IStcOras,,
9,12,2026-04-05T12:40:37.587Z,262.000,8,264.000,SayB0+Vq1qyZnTIu,269.000,zyQbLrDbnVAAyE0h,263.000,q5GVJKHvqVwABnDf,155.000,BjjWVd8h3JWMBrnK,413.000,OY9eVeUW8tGGPJFe,266.000,MY8Sv42aXxDpCjC4,2349.000,Fw2XlLSvhDCRIl7z,888.000,TiCg1GW9IStcOras,,,,
9,13,2026-04-05T12:40:37.849Z,97.000,9,27.000,zyQbLrDbnVAAyE0h,76.000,MY8Sv42aXxDpCjC4,80.000,q5GVJKHvqVwABnDf,82.000,BjjWVd8h3JWMBrnK,88.000,OY9eVeUW8tGGPJFe,93.000,SayB0+Vq1qyZnTIu,96.000,md4MdKOU6ZsQ//g0,2089.000,Fw2XlLSvhDCRIl7z,804.000,TiCg1GW9IStcOras,,
9,14,2026-04-05T12:40:37.946Z,533.000,8,533.000,zyQbLrDbnVAAyE0h,463.000,md4MdKOU6ZsQ//g0,535.000,OY9eVeUW8tGGPJFe,464.000,MY8Sv42aXxDpCjC4,572.000,q5GVJKHvqVwABnDf,533.000,BjjWVd8h3JWMBrnK,1995.000,Fw2XlLSvhDCRIl7z,615.000,TiCg1GW9IStcOras,,,,
9,15,2026-04-05T12:40:38.479Z,33.000,9,2.000,zyQbLrDbnVAAyE0h,2.000,SayB0+Vq1qyZnTIu,2.000,md4MdKOU6ZsQ//g0,2.000,MY8Sv42aXxDpCjC4,2.000,TiCg1GW9IStcOras,31.000,BjjWVd8h3JWMBrnK,32.000,OY9eVeUW8tGGPJFe,35.000,q5GVJKHvqVwABnDf,1464.000,Fw2XlLSvhDCRIl7z,,
9,16,2026-04-05T12:40:38.512Z,257.000,9,244.000,MY8Sv42aXxDpCjC4,246.000,SayB0+Vq1qyZnTIu,247.000,q5GVJKHvqVwABnDf,253.000,TiCg1GW9IStcOras,254.000,zyQbLrDbnVAAyE0h,256.000,BjjWVd8h3JWMBrnK,257.000,md4MdKOU6ZsQ//g0,258.000,OY9eVeUW8tGGPJFe,1432.000,Fw2XlLSvhDCRIl7z,,
9,17,2026-04-05T12:40:38.769Z,252.000,9,215.000,q5GVJKHvqVwABnDf,227.000,MY8Sv42aXxDpCjC4,229.000,zyQbLrDbnVAAyE0h,230.000,OY9eVeUW8tGGPJFe,249.000,SayB0+Vq1qyZnTIu,250.000,md4MdKOU6ZsQ//g0,252.000,BjjWVd8h3JWMBrnK,647.000,TiCg1GW9IStcOras,1177.000,Fw2XlLSvhDCRIl7z,,
9,18,2026-04-05T12:40:39.021Z,631.000,10,632.000,TiCg1GW9IStcOras,733.000,md4MdKOU6ZsQ//g0,632.000,BjjWVd8h3JWMBrnK,631.000,OY9eVeUW8tGGPJFe,632.000,q5GVJKHvqVwABnDf,632.000,zyQbLrDbnVAAyE0h,631.000,SayB0+Vq1qyZnTIu,264.000,MY8Sv42aXxDpCjC4,468.000,jIf2AEWi7y2xcK85,927.000,Fw2XlLSvhDCRIl7z
9,19,2026-04-05T12:40:39.652Z,3.000,9,131.000,SayB0+Vq1qyZnTIu,134.000,MY8Sv42aXxDpCjC4,133.000,OY9eVeUW8tGGPJFe,287.000,zyQbLrDbnVAAyE0h,132.000,md4MdKOU6ZsQ//g0,146.000,TiCg1GW9IStcOras,128.000,BjjWVd8h3JWMBrnK,471.000,q5GVJKHvqVwABnDf,298.000,Fw2XlLSvhDCRIl7z,,
9,20,2026-04-05T12:40:39.655Z,145.000,9,132.000,SayB0+Vq1qyZnTIu,138.000,zyQbLrDbnVAAyE0h,140.000,OY9eVeUW8tGGPJFe,141.000,MY8Sv42aXxDpCjC4,142.000,q5GVJKHvqVwABnDf,144.000,TiCg1GW9IStcOras,145.000,BjjWVd8h3JWMBrnK,151.000,md4MdKOU6ZsQ//g0,343.000,Fw2XlLSvhDCRIl7z,,
9,21,2026-04-05T12:40:39.800Z,278.000,9,171.000,OY9eVeUW8tGGPJFe,270.000,BjjWVd8h3JWMBrnK,271.000,zyQbLrDbnVAAyE0h,272.000,TiCg1GW9IStcOras,274.000,Fw2XlLSvhDCRIl7z,275.000,q5GVJKHvqVwABnDf,278.000,SayB0+Vq1qyZnTIu,281.000,MY8Sv42aXxDpCjC4,284.000,md4MdKOU6ZsQ//g0,,
9,22,2026-04-05T12:40:40.078Z,265.000,9,176.000,MY8Sv42aXxDpCjC4,228.000,md4MdKOU6ZsQ//g0,244.000,SayB0+Vq1qyZnTIu,262.000,zyQbLrDbnVAAyE0h,263.000,Fw2XlLSvhDCRIl7z,264.000,BjjWVd8h3JWMBrnK,265.000,OY9eVeUW8tGGPJFe,266.000,q5GVJKHvqVwABnDf,267.000,TiCg1GW9IStcOras,,
9,23,2026-04-05T12:40:40.343Z,261.000,9,170.000,OY9eVeUW8tGGPJFe,210.000,SayB0+Vq1qyZnTIu,218.000,MY8Sv42aXxDpCjC4,249.000,TiCg1GW9IStcOras,250.000,md4MdKOU6ZsQ//g0,257.000,q5GVJKHvqVwABnDf,261.000,zyQbLrDbnVAAyE0h,262.000,Fw2XlLSvhDCRIl7z,263.000,BjjWVd8h3JWMBrnK,,
9,24,2026-04-05T12:40:40.604Z,225.000,9,177.000,md4MdKOU6ZsQ//g0,218.000,q5GVJKHvqVwABnDf,219.000,Fw2XlLSvhDCRIl7z,221.000,zyQbLrDbnVAAyE0h,222.000,OY9eVeUW8tGGPJFe,223.000,BjjWVd8h3JWMBrnK,224.000,TiCg1GW9IStcOras,462.000,MY8Sv42aXxDpCjC4,231.000,SayB0+Vq1qyZnTIu,,
9,25,2026-04-05T12:40:40.829Z,292.000,9,233.000,TiCg1GW9IStcOras,260.000,md4MdKOU6ZsQ//g0,263.000,q5GVJKHvqVwABnDf,268.000,MY8Sv42aXxDpCjC4,269.000,SayB0+Vq1qyZnTIu,279.000,Fw2XlLSvhDCRIl7z,292.000,OY9eVeUW8tGGPJFe,294.000,zyQbLrDbnVAAyE0h,297.000,BjjWVd8h3JWMBrnK,,
9,26,2026-04-05T12:40:41.121Z,249.000,9,203.000,SayB0+Vq1qyZnTIu,207.000,q5GVJKHvqVwABnDf,208.000,MY8Sv42aXxDpCjC4,223.000,md4MdKOU6ZsQ//g0,225.000,Fw2XlLSvhDCRIl7z,246.000,BjjWVd8h3JWMBrnK,249.000,OY9eVeUW8tGGPJFe,252.000,TiCg1GW9IStcOras,253.000,zyQbLrDbnVAAyE0h,,
9,27,2026-04-05T12:40:41.370Z,265.000,9,183.000,md4MdKOU6ZsQ//g0,215.000,Fw2XlLSvhDCRIl7z,229.000,BjjWVd8h3JWMBrnK,255.000,zyQbLrDbnVAAyE0h,256.000,MY8Sv42aXxDpCjC4,257.000,SayB0+Vq1qyZnTIu,567.000,TiCg1GW9IStcOras,266.000,q5GVJKHvqVwABnDf,415.000,OY9eVeUW8tGGPJFe,,
9,28,2026-04-05T12:40:41.635Z,224.000,9,131.000,TiCg1GW9IStcOras,156.000,MY8Sv42aXxDpCjC4,184.000,Fw2XlLSvhDCRIl7z,204.000,BjjWVd8h3JWMBrnK,216.000,SayB0+Vq1qyZnTIu,223.000,OY9eVeUW8tGGPJFe,224.000,q5GVJKHvqVwABnDf,227.000,md4MdKOU6ZsQ//g0,381.000,zyQbLrDbnVAAyE0h,,
9,29,2026-04-05T12:40:41.859Z,290.000,9,195.000,Fw2XlLSvhDCRIl7z,203.000,md4MdKOU6ZsQ//g0,212.000,BjjWVd8h3JWMBrnK,239.000,zyQbLrDbnVAAyE0h,241.000,MY8Sv42aXxDpCjC4,284.000,SayB0+Vq1qyZnTIu,290.000,OY9eVeUW8tGGPJFe,294.000,TiCg1GW9IStcOras,294.000,q5GVJKHvqVwABnDf,,
9,30,2026-04-05T12:40:42.149Z,229.000,9,185.000,zyQbLrDbnVAAyE0h,214.000,SayB0+Vq1qyZnTIu,222.000,TiCg1GW9IStcOras,225.000,BjjWVd8h3JWMBrnK,226.000,q5GVJKHvqVwABnDf,228.000,md4MdKOU6ZsQ//g0,229.000,Fw2XlLSvhDCRIl7z,231.000,MY8Sv42aXxDpCjC4,553.000,OY9eVeUW8tGGPJFe,,
9,31,2026-04-05T12:40:42.378Z,297.000,9,203.000,MY8Sv42aXxDpCjC4,292.000,TiCg1GW9IStcOras,293.000,OY9eVeUW8tGGPJFe,295.000,BjjWVd8h3JWMBrnK,296.000,q5GVJKHvqVwABnDf,296.000,Fw2XlLSvhDCRIl7z,297.000,SayB0+Vq1qyZnTIu,298.000,zyQbLrDbnVAAyE0h,301.000,md4MdKOU6ZsQ//g0,,
9,32,2026-04-05T12:40:42.675Z,255.000,9,199.000,md4MdKOU6ZsQ//g0,214.000,MY8Sv42aXxDpCjC4,250.000,OY9eVeUW8tGGPJFe,251.000,TiCg1GW9IStcOras,253.000,zyQbLrDbnVAAyE0h,254.000,q5GVJKHvqVwABnDf,255.000,Fw2XlLSvhDCRIl7z,256.000,SayB0+Vq1qyZnTIu,257.000,BjjWVd8h3JWMBrnK,,
9,33,2026-04-05T12:40:42.930Z,260.000,9,204.000,SayB0+Vq1qyZnTIu,238.000,TiCg1GW9IStcOras,254.000,BjjWVd8h3JWMBrnK,255.000,md4MdKOU6ZsQ//g0,257.000,OY9eVeUW8tGGPJFe,259.000,Fw2XlLSvhDCRIl7z,260.000,zyQbLrDbnVAAyE0h,261.000,q5GVJKHvqVwABnDf,263.000,MY8Sv42aXxDpCjC4,,
9,34,2026-04-05T12:40:43.190Z,269.000,9,214.000,TiCg1GW9IStcOras,248.000,MY8Sv42aXxDpCjC4,250.000,q5GVJKHvqVwABnDf,251.000,SayB0+Vq1qyZnTIu,253.000,OY9eVeUW8tGGPJFe,256.000,md4MdKOU6ZsQ//g0,268.000,zyQbLrDbnVAAyE0h,270.000,BjjWVd8h3JWMBrnK,271.000,Fw2XlLSvhDCRIl7z,,
9,35,2026-04-05T12:40:43.459Z,246.000,9,192.000,MY8Sv42aXxDpCjC4,195.000,md4MdKOU6ZsQ//g0,217.000,q5GVJKHvqVwABnDf,219.000,OY9eVeUW8tGGPJFe,241.000,Fw2XlLSvhDCRIl7z,245.000,zyQbLrDbnVAAyE0h,246.000,BjjWVd8h3JWMBrnK,249.000,TiCg1GW9IStcOras,256.000,SayB0+Vq1qyZnTIu,,
9,36,2026-04-05T12:40:43.705Z,229.000,9,164.000,TiCg1GW9IStcOras,205.000,OY9eVeUW8tGGPJFe,207.000,q5GVJKHvqVwABnDf,210.000,SayB0+Vq1qyZnTIu,213.000,MY8Sv42aXxDpCjC4,221.000,md4MdKOU6ZsQ//g0,229.000,Fw2XlLSvhDCRIl7z,558.000,BjjWVd8h3JWMBrnK,299.000,zyQbLrDbnVAAyE0h,,
9,37,2026-04-05T12:40:43.934Z,286.000,9,187.000,MY8Sv42aXxDpCjC4,210.000,OY9eVeUW8tGGPJFe,233.000,Fw2XlLSvhDCRIl7z,240.000,md4MdKOU6ZsQ//g0,259.000,BjjWVd8h3JWMBrnK,285.000,TiCg1GW9IStcOras,286.000,SayB0+Vq1qyZnTIu,441.000,zyQbLrDbnVAAyE0h,607.000,q5GVJKHvqVwABnDf,,
9,38,2026-04-05T12:40:44.220Z,302.000,9,178.000,md4MdKOU6ZsQ//g0,210.000,MY8Sv42aXxDpCjC4,211.000,SayB0+Vq1qyZnTIu,213.000,BjjWVd8h3JWMBrnK,300.000,TiCg1GW9IStcOras,302.000,Fw2XlLSvhDCRIl7z,302.000,OY9eVeUW8tGGPJFe,304.000,q5GVJKHvqVwABnDf,304.000,zyQbLrDbnVAAyE0h,,
9,39,2026-04-05T12:40:44.522Z,259.000,9,142.000,BjjWVd8h3JWMBrnK,183.000,md4MdKOU6ZsQ//g0,213.000,MY8Sv42aXxDpCjC4,225.000,SayB0+Vq1qyZnTIu,256.000,TiCg1GW9IStcOras,257.000,Fw2XlLSvhDCRIl7z,258.000,q5GVJKHvqVwABnDf,261.000,zyQbLrDbnVAAyE0h,262.000,OY9eVeUW8tGGPJFe,,
9,40,2026-04-05T12:40:44.781Z,264.000,9,230.000,SayB0+Vq1qyZnTIu,232.000,md4MdKOU6ZsQ//g0,257.000,MY8Sv42aXxDpCjC4,260.000,OY9eVeUW8tGGPJFe,261.000,TiCg1GW9IStcOras,262.000,BjjWVd8h3JWMBrnK,264.000,zyQbLrDbnVAAyE0h,265.000,Fw2XlLSvhDCRIl7z,267.000,q5GVJKHvqVwABnDf,,
9,41,2026-04-05T12:40:45.045Z,261.000,9,166.000,zyQbLrDbnVAAyE0h,234.000,TiCg1GW9IStcOras,252.000,OY9eVeUW8tGGPJFe,255.000,q5GVJKHvqVwABnDf,256.000,Fw2XlLSvhDCRIl7z,257.000,BjjWVd8h3JWMBrnK,260.000,md4MdKOU6ZsQ//g0,262.000,SayB0+Vq1qyZnTIu,263.000,MY8Sv42aXxDpCjC4,,
9,42,2026-04-05T12:40:45.306Z,260.000,9,195.000,MY8Sv42aXxDpCjC4,204.000,md4MdKOU6ZsQ//g0,226.000,SayB0+Vq1qyZnTIu,243.000,q5GVJKHvqVwABnDf,245.000,OY9eVeUW8tGGPJFe,257.000,zyQbLrDbnVAAyE0h,260.000,Fw2XlLSvhDCRIl7z,262.000,BjjWVd8h3JWMBrnK,263.000,TiCg1GW9IStcOras,,
9,43,2026-04-05T12:40:45.566Z,272.000,9,176.000,zyQbLrDbnVAAyE0h,220.000,OY9eVeUW8tGGPJFe,244.000,MY8Sv42aXxDpCjC4,251.000,Fw2XlLSvhDCRIl7z,255.000,md4MdKOU6ZsQ//g0,260.000,SayB0+Vq1qyZnTIu,272.000,BjjWVd8h3JWMBrnK,424.000,TiCg1GW9IStcOras,430.000,q5GVJKHvqVwABnDf,,
9,44,2026-04-05T12:40:45.838Z,245.000,9,141.000,zyQbLrDbnVAAyE0h,149.000,SayB0+Vq1qyZnTIu,183.000,OY9eVeUW8tGGPJFe,187.000,md4MdKOU6ZsQ//g0,232.000,BjjWVd8h3JWMBrnK,243.000,q5GVJKHvqVwABnDf,245.000,MY8Sv42aXxDpCjC4,246.000,TiCg1GW9IStcOras,248.000,Fw2XlLSvhDCRIl7z,,
9,45,2026-04-05T12:40:46.083Z,294.000,9,202.000,MY8Sv42aXxDpCjC4,216.000,SayB0+Vq1qyZnTIu,251.000,md4MdKOU6ZsQ//g0,291.000,zyQbLrDbnVAAyE0h,292.000,BjjWVd8h3JWMBrnK,293.000,Fw2XlLSvhDCRIl7z,294.000,OY9eVeUW8tGGPJFe,295.000,q5GVJKHvqVwABnDf,297.000,TiCg1GW9IStcOras,,
9,46,2026-04-05T12:40:46.377Z,251.000,9,215.000,MY8Sv42aXxDpCjC4,228.000,SayB0+Vq1qyZnTIu,233.000,md4MdKOU6ZsQ//g0,246.000,q5GVJKHvqVwABnDf,247.000,OY9eVeUW8tGGPJFe,249.000,BjjWVd8h3JWMBrnK,251.000,Fw2XlLSvhDCRIl7z,252.000,zyQbLrDbnVAAyE0h,253.000,TiCg1GW9IStcOras,,
9,47,2026-04-05T12:40:46.628Z,275.000,9,177.000,md4MdKOU6ZsQ//g0,270.000,zyQbLrDbnVAAyE0h,271.000,q5GVJKHvqVwABnDf,272.000,MY8Sv42aXxDpCjC4,273.000,OY9eVeUW8tGGPJFe,274.000,Fw2XlLSvhDCRIl7z,274.000,TiCg1GW9IStcOras,275.000,BjjWVd8h3JWMBrnK,281.000,SayB0+Vq1qyZnTIu,,
9,48,2026-04-05T12:40:46.903Z,289.000,9,211.000,md4MdKOU6ZsQ//g0,212.000,SayB0+Vq1qyZnTIu,243.000,TiCg1GW9IStcOras,247.000,zyQbLrDbnVAAyE0h,252.000,MY8Sv42aXxDpCjC4,287.000,q5GVJKHvqVwABnDf,289.000,OY9eVeUW8tGGPJFe,299.000,Fw2XlLSvhDCRIl7z,301.000,BjjWVd8h3JWMBrnK,,
9,49,2026-04-05T12:40:47.192Z,235.000,9,147.000,SayB0+Vq1qyZnTIu,171.000,MY8Sv42aXxDpCjC4,188.000,TiCg1GW9IStcOras,228.000,BjjWVd8h3JWMBrnK,230.000,md4MdKOU6ZsQ//g0,386.000,Fw2XlLSvhDCRIl7z,539.000,q5GVJKHvqVwABnDf,711.000,OY9eVeUW8tGGPJFe,472.000,zyQbLrDbnVAAyE0h,,
9,50,2026-04-05T12:40:47.427Z,284.000,9,199.000,md4MdKOU6ZsQ//g0,217.000,SayB0+Vq1qyZnTIu,231.000,OY9eVeUW8tGGPJFe,233.000,q5GVJKHvqVwABnDf,241.000,MY8Sv42aXxDpCjC4,264.000,Fw2XlLSvhDCRIl7z,284.000,BjjWVd8h3JWMBrnK,292.000,TiCg1GW9IStcOras,293.000,zyQbLrDbnVAAyE0h,,
9,51,2026-04-05T12:40:47.711Z,241.000,9,140.000,TiCg1GW9IStcOras,184.000,q5GVJKHvqVwABnDf,232.000,OY9eVeUW8tGGPJFe,235.000,Fw2XlLSvhDCRIl7z,237.000,zyQbLrDbnVAAyE0h,707.000,BjjWVd8h3JWMBrnK,471.000,SayB0+Vq1qyZnTIu,243.000,MY8Sv42aXxDpCjC4,245.000,md4MdKOU6ZsQ//g0,,
9,52,2026-04-05T12:40:47.952Z,282.000,9,190.000,MY8Sv42aXxDpCjC4,191.000,md4MdKOU6ZsQ//g0,227.000,zyQbLrDbnVAAyE0h,230.000,SayB0+Vq1qyZnTIu,233.000,BjjWVd8h3JWMBrnK,282.000,TiCg1GW9IStcOras,282.000,OY9eVeUW8tGGPJFe,283.000,q5GVJKHvqVwABnDf,285.000,Fw2XlLSvhDCRIl7z,,
9,53,2026-04-05T12:40:48.234Z,226.000,9,128.000,q5GVJKHvqVwABnDf,190.000,BjjWVd8h3JWMBrnK,215.000,MY8Sv42aXxDpCjC4,217.000,md4MdKOU6ZsQ//g0,222.000,SayB0+Vq1qyZnTIu,225.000,zyQbLrDbnVAAyE0h,226.000,Fw2XlLSvhDCRIl7z,227.000,OY9eVeUW8tGGPJFe,228.000,TiCg1GW9IStcOras,,
9,54,2026-04-05T12:40:48.460Z,293.000,9,196.000,BjjWVd8h3JWMBrnK,215.000,SayB0+Vq1qyZnTIu,222.000,MY8Sv42aXxDpCjC4,223.000,md4MdKOU6ZsQ//g0,290.000,Fw2XlLSvhDCRIl7z,292.000,zyQbLrDbnVAAyE0h,293.000,q5GVJKHvqVwABnDf,294.000,TiCg1GW9IStcOras,294.000,OY9eVeUW8tGGPJFe,,
9,55,2026-04-05T12:40:48.753Z,211.000,9,137.000,BjjWVd8h3JWMBrnK,156.000,MY8Sv42aXxDpCjC4,158.000,md4MdKOU6ZsQ//g0,195.000,SayB0+Vq1qyZnTIu,207.000,zyQbLrDbnVAAyE0h,208.000,q5GVJKHvqVwABnDf,211.000,OY9eVeUW8tGGPJFe,212.000,TiCg1GW9IStcOras,214.000,Fw2XlLSvhDCRIl7z,,
9,56,2026-04-05T12:40:48.964Z,253.000,9,162.000,BjjWVd8h3JWMBrnK,244.000,zyQbLrDbnVAAyE0h,245.000,OY9eVeUW8tGGPJFe,246.000,TiCg1GW9IStcOras,248.000,q5GVJKHvqVwABnDf,249.000,Fw2XlLSvhDCRIl7z,253.000,SayB0+Vq1qyZnTIu,254.000,MY8Sv42aXxDpCjC4,256.000,md4MdKOU6ZsQ//g0,,
9,57,2026-04-05T12:40:49.217Z,268.000,9,258.000,BjjWVd8h3JWMBrnK,262.000,TiCg1GW9IStcOras,263.000,zyQbLrDbnVAAyE0h,264.000,OY9eVeUW8tGGPJFe,265.000,Fw2XlLSvhDCRIl7z,266.000,MY8Sv42aXxDpCjC4,268.000,q5GVJKHvqVwABnDf,269.000,SayB0+Vq1qyZnTIu,507.000,md4MdKOU6ZsQ//g0,,
9,58,2026-04-05T12:40:49.485Z,249.000,9,203.000,MY8Sv42aXxDpCjC4,231.000,SayB0+Vq1qyZnTIu,235.000,TiCg1GW9IStcOras,245.000,BjjWVd8h3JWMBrnK,246.000,OY9eVeUW8tGGPJFe,247.000,q5GVJKHvqVwABnDf,249.000,zyQbLrDbnVAAyE0h,251.000,Fw2XlLSvhDCRIl7z,256.000,md4MdKOU6ZsQ//g0,,
9,59,2026-04-05T12:40:49.734Z,268.000,9,253.000,md4MdKOU6ZsQ//g0,260.000,MY8Sv42aXxDpCjC4,262.000,Fw2XlLSvhDCRIl7z,263.000,BjjWVd8h3JWMBrnK,264.000,zyQbLrDbnVAAyE0h,265.000,OY9eVeUW8tGGPJFe,268.000,TiCg1GW9IStcOras,269.000,q5GVJKHvqVwABnDf,271.000,SayB0+Vq1qyZnTIu,,
9,60,2026-04-05T12:40:50.002Z,246.000,9,174.000,SayB0+Vq1qyZnTIu,220.000,MY8Sv42aXxDpCjC4,235.000,OY9eVeUW8tGGPJFe,239.000,q5GVJKHvqVwABnDf,244.000,BjjWVd8h3JWMBrnK,245.000,TiCg1GW9IStcOras,246.000,Fw2XlLSvhDCRIl7z,249.000,zyQbLrDbnVAAyE0h,258.000,md4MdKOU6ZsQ//g0,,
9,61,2026-04-05T12:40:50.248Z,249.000,9,162.000,zyQbLrDbnVAAyE0h,169.000,TiCg1GW9IStcOras,199.000,md4MdKOU6ZsQ//g0,205.000,MY8Sv42aXxDpCjC4,226.000,q5GVJKHvqVwABnDf,235.000,SayB0+Vq1qyZnTIu,249.000,Fw2XlLSvhDCRIl7z,277.000,OY9eVeUW8tGGPJFe,279.000,BjjWVd8h3JWMBrnK,,
9,62,2026-04-05T12:40:50.497Z,436.000,9,238.000,TiCg1GW9IStcOras,259.000,md4MdKOU6ZsQ//g0,262.000,MY8Sv42aXxDpCjC4,293.000,SayB0+Vq1qyZnTIu,308.000,zyQbLrDbnVAAyE0h,310.000,OY9eVeUW8tGGPJFe,860.000,Fw2XlLSvhDCRIl7z,857.000,q5GVJKHvqVwABnDf,622.000,BjjWVd8h3JWMBrnK,,
9,63,2026-04-05T12:40:50.933Z,132.000,9,9.000,q5GVJKHvqVwABnDf,53.000,zyQbLrDbnVAAyE0h,66.000,BjjWVd8h3JWMBrnK,115.000,TiCg1GW9IStcOras,117.000,Fw2XlLSvhDCRIl7z,119.000,OY9eVeUW8tGGPJFe,132.000,md4MdKOU6ZsQ//g0,487.000,MY8Sv42aXxDpCjC4,337.000,SayB0+Vq1qyZnTIu,,
9,64,2026-04-05T12:40:51.065Z,270.000,9,117.000,q5GVJKHvqVwABnDf,186.000,SayB0+Vq1qyZnTIu,212.000,BjjWVd8h3JWMBrnK,257.000,zyQbLrDbnVAAyE0h,258.000,OY9eVeUW8tGGPJFe,269.000,md4MdKOU6ZsQ//g0,270.000,MY8Sv42aXxDpCjC4,288.000,TiCg1GW9IStcOras,526.000,Fw2XlLSvhDCRIl7z,,
9,65,2026-04-05T12:40:51.335Z,316.000,9,173.000,BjjWVd8h3JWMBrnK,188.000,md4MdKOU6ZsQ//g0,223.000,SayB0+Vq1qyZnTIu,230.000,OY9eVeUW8tGGPJFe,251.000,TiCg1GW9IStcOras,489.000,Fw2XlLSvhDCRIl7z,490.000,q5GVJKHvqVwABnDf,344.000,MY8Sv42aXxDpCjC4,491.000,zyQbLrDbnVAAyE0h,,
9,66,2026-04-05T12:40:51.651Z,177.000,9,134.000,BjjWVd8h3JWMBrnK,152.000,q5GVJKHvqVwABnDf,159.000,zyQbLrDbnVAAyE0h,159.000,OY9eVeUW8tGGPJFe,168.000,SayB0+Vq1qyZnTIu,171.000,TiCg1GW9IStcOras,177.000,md4MdKOU6ZsQ//g0,333.000,MY8Sv42aXxDpCjC4,410.000,Fw2XlLSvhDCRIl7z,,
9,67,2026-04-05T12:40:51.828Z,256.000,8,190.000,SayB0+Vq1qyZnTIu,192.000,md4MdKOU6ZsQ//g0,194.000,BjjWVd8h3JWMBrnK,214.000,q5GVJKHvqVwABnDf,224.000,TiCg1GW9IStcOras,254.000,zyQbLrDbnVAAyE0h,256.000,OY9eVeUW8tGGPJFe,276.000,Fw2XlLSvhDCRIl7z,,,,
9,68,2026-04-05T12:40:52.084Z,247.000,9,174.000,BjjWVd8h3JWMBrnK,203.000,TiCg1GW9IStcOras,208.000,MY8Sv42aXxDpCjC4,209.000,zyQbLrDbnVAAyE0h,211.000,md4MdKOU6ZsQ//g0,223.000,SayB0+Vq1qyZnTIu,247.000,OY9eVeUW8tGGPJFe,254.000,Fw2XlLSvhDCRIl7z,271.000,q5GVJKHvqVwABnDf,,
9,69,2026-04-05T12:40:52.331Z,262.000,9,154.000,SayB0+Vq1qyZnTIu,190.000,TiCg1GW9IStcOras,194.000,zyQbLrDbnVAAyE0h,239.000,md4MdKOU6ZsQ//g0,241.000,Fw2XlLSvhDCRIl7z,258.000,q5GVJKHvqVwABnDf,262.000,MY8Sv42aXxDpCjC4,264.000,OY9eVeUW8tGGPJFe,426.000,BjjWVd8h3JWMBrnK,,
9,70,2026-04-05T12:40:52.593Z,254.000,9,155.000,MY8Sv42aXxDpCjC4,181.000,md4MdKOU6ZsQ//g0,192.000,SayB0+Vq1qyZnTIu,212.000,Fw2XlLSvhDCRIl7z,226.000,q5GVJKHvqVwABnDf,236.000,OY9eVeUW8tGGPJFe,254.000,TiCg1GW9IStcOras,259.000,zyQbLrDbnVAAyE0h,464.000,BjjWVd8h3JWMBrnK,,
9,71,2026-04-05T12:40:52.847Z,284.000,9,199.000,md4MdKOU6ZsQ//g0,208.000,MY8Sv42aXxDpCjC4,214.000,OY9eVeUW8tGGPJFe,243.000,SayB0+Vq1qyZnTIu,266.000,q5GVJKHvqVwABnDf,267.000,Fw2XlLSvhDCRIl7z,268.000,zyQbLrDbnVAAyE0h,302.000,BjjWVd8h3JWMBrnK,519.000,TiCg1GW9IStcOras,,
9,72,2026-04-05T12:40:53.131Z,258.000,9,185.000,q5GVJKHvqVwABnDf,187.000,Fw2XlLSvhDCRIl7z,219.000,MY8Sv42aXxDpCjC4,248.000,OY9eVeUW8tGGPJFe,251.000,BjjWVd8h3JWMBrnK,253.000,zyQbLrDbnVAAyE0h,258.000,md4MdKOU6ZsQ//g0,276.000,SayB0+Vq1qyZnTIu,432.000,TiCg1GW9IStcOras,,
9,73,2026-04-05T12:40:53.389Z,281.000,9,138.000,OY9eVeUW8tGGPJFe,154.000,md4MdKOU6ZsQ//g0,167.000,Fw2XlLSvhDCRIl7z,229.000,BjjWVd8h3JWMBrnK,247.000,SayB0+Vq1qyZnTIu,248.000,zyQbLrDbnVAAyE0h,281.000,MY8Sv42aXxDpCjC4,299.000,TiCg1GW9IStcOras,437.000,q5GVJKHvqVwABnDf,,
9,74,2026-04-05T12:40:53.670Z,229.000,9,179.000,MY8Sv42aXxDpCjC4,181.000,md4MdKOU6ZsQ//g0,182.000,BjjWVd8h3JWMBrnK,189.000,SayB0+Vq1qyZnTIu,223.000,q5GVJKHvqVwABnDf,228.000,zyQbLrDbnVAAyE0h,229.000,OY9eVeUW8tGGPJFe,251.000,TiCg1GW9IStcOras,487.000,Fw2XlLSvhDCRIl7z,,
9,75,2026-04-05T12:40:53.899Z,280.000,9,224.000,md4MdKOU6ZsQ//g0,244.000,BjjWVd8h3JWMBrnK,254.000,q5GVJKHvqVwABnDf,256.000,TiCg1GW9IStcOras,257.000,MY8Sv42aXxDpCjC4,264.000,zyQbLrDbnVAAyE0h,279.000,SayB0+Vq1qyZnTIu,821.000,Fw2XlLSvhDCRIl7z,535.000,OY9eVeUW8tGGPJFe,,
9,76,2026-04-05T12:40:54.179Z,270.000,9,175.000,SayB0+Vq1qyZnTIu,223.000,zyQbLrDbnVAAyE0h,239.000,MY8Sv42aXxDpCjC4,243.000,md4MdKOU6ZsQ//g0,265.000,BjjWVd8h3JWMBrnK,268.000,Fw2XlLSvhDCRIl7z,970.000,TiCg1GW9IStcOras,737.000,q5GVJKHvqVwABnDf,736.000,OY9eVeUW8tGGPJFe,,
9,77,2026-04-05T12:40:54.449Z,272.000,9,266.000,MY8Sv42aXxDpCjC4,267.000,q5GVJKHvqVwABnDf,268.000,TiCg1GW9IStcOras,268.000,md4MdKOU6ZsQ//g0,269.000,zyQbLrDbnVAAyE0h,270.000,SayB0+Vq1qyZnTIu,271.000,Fw2XlLSvhDCRIl7z,272.000,OY9eVeUW8tGGPJFe,526.000,BjjWVd8h3JWMBrnK,,
9,78,2026-04-05T12:40:54.721Z,191.000,9,137.000,TiCg1GW9IStcOras,140.000,q5GVJKHvqVwABnDf,154.000,zyQbLrDbnVAAyE0h,167.000,md4MdKOU6ZsQ//g0,175.000,MY8Sv42aXxDpCjC4,177.000,SayB0+Vq1qyZnTIu,191.000,Fw2XlLSvhDCRIl7z,513.000,OY9eVeUW8tGGPJFe,360.000,BjjWVd8h3JWMBrnK,,
9,79,2026-04-05T12:40:54.912Z,271.000,9,170.000,BjjWVd8h3JWMBrnK,182.000,md4MdKOU6ZsQ//g0,198.000,MY8Sv42aXxDpCjC4,234.000,Fw2XlLSvhDCRIl7z,257.000,OY9eVeUW8tGGPJFe,267.000,TiCg1GW9IStcOras,271.000,SayB0+Vq1qyZnTIu,299.000,q5GVJKHvqVwABnDf,534.000,zyQbLrDbnVAAyE0h,,
9,80,2026-04-05T12:40:55.183Z,294.000,9,184.000,zyQbLrDbnVAAyE0h,210.000,SayB0+Vq1qyZnTIu,216.000,md4MdKOU6ZsQ//g0,220.000,OY9eVeUW8tGGPJFe,238.000,MY8Sv42aXxDpCjC4,260.000,q5GVJKHvqVwABnDf,294.000,Fw2XlLSvhDCRIl7z,295.000,TiCg1GW9IStcOras,310.000,BjjWVd8h3JWMBrnK,,
9,81,2026-04-05T12:40:55.477Z,252.000,9,178.000,md4MdKOU6ZsQ//g0,200.000,q5GVJKHvqVwABnDf,218.000,SayB0+Vq1qyZnTIu,528.000,OY9eVeUW8tGGPJFe,231.000,Fw2XlLSvhDCRIl7z,379.000,MY8Sv42aXxDpCjC4,378.000,BjjWVd8h3JWMBrnK,403.000,TiCg1GW9IStcOras,381.000,zyQbLrDbnVAAyE0h,,
9,82,2026-04-05T12:40:55.729Z,268.000,9,170.000,MY8Sv42aXxDpCjC4,172.000,SayB0+Vq1qyZnTIu,176.000,md4MdKOU6ZsQ//g0,184.000,q5GVJKHvqVwABnDf,234.000,BjjWVd8h3JWMBrnK,266.000,OY9eVeUW8tGGPJFe,267.000,Fw2XlLSvhDCRIl7z,308.000,TiCg1GW9IStcOras,706.000,zyQbLrDbnVAAyE0h,,
9,83,2026-04-05T12:40:55.997Z,225.000,9,136.000,md4MdKOU6ZsQ//g0,150.000,q5GVJKHvqVwABnDf,205.000,BjjWVd8h3JWMBrnK,209.000,MY8Sv42aXxDpCjC4,212.000,SayB0+Vq1qyZnTIu,222.000,Fw2XlLSvhDCRIl7z,225.000,OY9eVeUW8tGGPJFe,276.000,TiCg1GW9IStcOras,670.000,zyQbLrDbnVAAyE0h,,
9,84,2026-04-05T12:40:56.222Z,309.000,9,215.000,BjjWVd8h3JWMBrnK,218.000,md4MdKOU6ZsQ//g0,304.000,q5GVJKHvqVwABnDf,305.000,TiCg1GW9IStcOras,306.000,zyQbLrDbnVAAyE0h,307.000,Fw2XlLSvhDCRIl7z,309.000,SayB0+Vq1qyZnTIu,311.000,OY9eVeUW8tGGPJFe,467.000,MY8Sv42aXxDpCjC4,,
9,85,2026-04-05T12:40:56.531Z,292.000,8,206.000,TiCg1GW9IStcOras,213.000,zyQbLrDbnVAAyE0h,228.000,md4MdKOU6ZsQ//g0,258.000,Fw2XlLSvhDCRIl7z,267.000,OY9eVeUW8tGGPJFe,288.000,SayB0+Vq1qyZnTIu,445.000,BjjWVd8h3JWMBrnK,619.000,q5GVJKHvqVwABnDf,,,,
9,86,2026-04-05T12:40:56.823Z,272.000,9,173.000,MY8Sv42aXxDpCjC4,174.000,SayB0+Vq1qyZnTIu,203.000,Fw2XlLSvhDCRIl7z,221.000,OY9eVeUW8tGGPJFe,230.000,TiCg1GW9IStcOras,245.000,md4MdKOU6ZsQ//g0,272.000,q5GVJKHvqVwABnDf,608.000,BjjWVd8h3JWMBrnK,455.000,zyQbLrDbnVAAyE0h,,
9,87,2026-04-05T12:40:57.095Z,211.000,9,150.000,md4MdKOU6ZsQ//g0,152.000,zyQbLrDbnVAAyE0h,167.000,Fw2XlLSvhDCRIl7z,188.000,OY9eVeUW8tGGPJFe,198.000,TiCg1GW9IStcOras,204.000,MY8Sv42aXxDpCjC4,211.000,SayB0+Vq1qyZnTIu,235.000,q5GVJKHvqVwABnDf,281.000,BjjWVd8h3JWMBrnK,,
9,88,2026-04-05T12:40:57.306Z,318.000,9,191.000,Fw2XlLSvhDCRIl7z,245.000,md4MdKOU6ZsQ//g0,251.000,MY8Sv42aXxDpCjC4,252.000,SayB0+Vq1qyZnTIu,260.000,q5GVJKHvqVwABnDf,306.000,BjjWVd8h3JWMBrnK,456.000,OY9eVeUW8tGGPJFe,608.000,TiCg1GW9IStcOras,454.000,zyQbLrDbnVAAyE0h,,
9,89,2026-04-05T12:40:57.624Z,236.000,9,130.000,OY9eVeUW8tGGPJFe,139.000,MY8Sv42aXxDpCjC4,140.000,TiCg1GW9IStcOras,143.000,SayB0+Vq1qyZnTIu,175.000,md4MdKOU6ZsQ//g0,220.000,BjjWVd8h3JWMBrnK,236.000,Fw2XlLSvhDCRIl7z,519.000,zyQbLrDbnVAAyE0h,539.000,q5GVJKHvqVwABnDf,,
9,90,2026-04-05T12:40:57.860Z,296.000,9,209.000,MY8Sv42aXxDpCjC4,216.000,SayB0+Vq1qyZnTIu,217.000,BjjWVd8h3JWMBrnK,250.000,md4MdKOU6ZsQ//g0,280.000,TiCg1GW9IStcOras,281.000,q5GVJKHvqVwABnDf,296.000,zyQbLrDbnVAAyE0h,297.000,Fw2XlLSvhDCRIl7z,298.000,OY9eVeUW8tGGPJFe,,
9,91,2026-04-05T12:40:58.156Z,283.000,9,156.000,BjjWVd8h3JWMBrnK,218.000,TiCg1GW9IStcOras,222.000,MY8Sv42aXxDpCjC4,228.000,SayB0+Vq1qyZnTIu,251.000,Fw2XlLSvhDCRIl7z,263.000,md4MdKOU6ZsQ//g0,283.000,OY9eVeUW8tGGPJFe,348.000,q5GVJKHvqVwABnDf,584.000,zyQbLrDbnVAAyE0h,,
9,92,2026-04-05T12:40:58.439Z,280.000,9,212.000,zyQbLrDbnVAAyE0h,214.000,BjjWVd8h3JWMBrnK,216.000,SayB0+Vq1qyZnTIu,241.000,MY8Sv42aXxDpCjC4,252.000,OY9eVeUW8tGGPJFe,266.000,TiCg1GW9IStcOras,280.000,Fw2XlLSvhDCRIl7z,282.000,md4MdKOU6ZsQ//g0,297.000,q5GVJKHvqVwABnDf,,
9,93,2026-04-05T12:40:58.719Z,275.000,9,203.000,OY9eVeUW8tGGPJFe,215.000,MY8Sv42aXxDpCjC4,220.000,SayB0+Vq1qyZnTIu,227.000,md4MdKOU6ZsQ//g0,254.000,q5GVJKHvqVwABnDf,272.000,Fw2XlLSvhDCRIl7z,274.000,TiCg1GW9IStcOras,713.000,BjjWVd8h3JWMBrnK,559.000,zyQbLrDbnVAAyE0h,,
9,94,2026-04-05T12:40:58.994Z,296.000,9,200.000,SayB0+Vq1qyZnTIu,210.000,q5GVJKHvqVwABnDf,246.000,MY8Sv42aXxDpCjC4,255.000,BjjWVd8h3JWMBrnK,256.000,md4MdKOU6ZsQ//g0,292.000,OY9eVeUW8tGGPJFe,296.000,Fw2XlLSvhDCRIl7z,454.000,TiCg1GW9IStcOras,557.000,zyQbLrDbnVAAyE0h,,
9,95,2026-04-05T12:40:59.290Z,230.000,9,117.000,TiCg1GW9IStcOras,150.000,q5GVJKHvqVwABnDf,157.000,MY8Sv42aXxDpCjC4,220.000,BjjWVd8h3JWMBrnK,220.000,md4MdKOU6ZsQ//g0,221.000,SayB0+Vq1qyZnTIu,230.000,Fw2XlLSvhDCRIl7z,231.000,OY9eVeUW8tGGPJFe,495.000,zyQbLrDbnVAAyE0h,,
9,96,2026-04-05T12:40:59.520Z,268.000,9,193.000,md4MdKOU6ZsQ//g0,234.000,MY8Sv42aXxDpCjC4,259.000,q5GVJKHvqVwABnDf,261.000,OY9eVeUW8tGGPJFe,266.000,TiCg1GW9IStcOras,267.000,Fw2XlLSvhDCRIl7z,268.000,BjjWVd8h3JWMBrnK,288.000,SayB0+Vq1qyZnTIu,441.000,zyQbLrDbnVAAyE0h,,
9,97,2026-04-05T12:40:59.788Z,265.000,9,174.000,SayB0+Vq1qyZnTIu,216.000,MY8Sv42aXxDpCjC4,234.000,md4MdKOU6ZsQ//g0,237.000,TiCg1GW9IStcOras,253.000,zyQbLrDbnVAAyE0h,256.000,Fw2XlLSvhDCRIl7z,265.000,q5GVJKHvqVwABnDf,266.000,OY9eVeUW8tGGPJFe,492.000,BjjWVd8h3JWMBrnK,,
9,98,2026-04-05T12:41:00.053Z,245.000,9,164.000,MY8Sv42aXxDpCjC4,206.000,md4MdKOU6ZsQ//g0,207.000,TiCg1GW9IStcOras,216.000,SayB0+Vq1qyZnTIu,226.000,zyQbLrDbnVAAyE0h,242.000,OY9eVeUW8tGGPJFe,245.000,Fw2XlLSvhDCRIl7z,482.000,BjjWVd8h3JWMBrnK,714.000,q5GVJKHvqVwABnDf,,
9,99,2026-04-05T12:41:00.298Z,248.000,9,182.000,md4MdKOU6ZsQ//g0,196.000,BjjWVd8h3JWMBrnK,197.000,TiCg1GW9IStcOras,214.000,SayB0+Vq1qyZnTIu,228.000,MY8Sv42aXxDpCjC4,238.000,Fw2XlLSvhDCRIl7z,248.000,OY9eVeUW8tGGPJFe,743.000,q5GVJKHvqVwABnDf,511.000,zyQbLrDbnVAAyE0h,,
9,100,2026-04-05T12:41:00.546Z,299.000,9,203.000,TiCg1GW9IStcOras,219.000,SayB0+Vq1qyZnTIu,223.000,Fw2XlLSvhDCRIl7z,239.000,md4MdKOU6ZsQ//g0,261.000,OY9eVeUW8tGGPJFe,285.000,MY8Sv42aXxDpCjC4,299.000,q5GVJKHvqVwABnDf,331.000,BjjWVd8h3JWMBrnK,801.000,zyQbLrDbnVAAyE0h,,
9,101,2026-04-05T12:41:00.845Z,287.000,9,225.000,SayB0+Vq1qyZnTIu,234.000,q5GVJKHvqVwABnDf,243.000,md4MdKOU6ZsQ//g0,269.000,BjjWVd8h3JWMBrnK,284.000,OY9eVeUW8tGGPJFe,286.000,TiCg1GW9IStcOras,287.000,Fw2XlLSvhDCRIl7z,292.000,MY8Sv42aXxDpCjC4,588.000,zyQbLrDbnVAAyE0h,,
9,102,2026-04-05T12:41:01.132Z,298.000,9,145.000,OY9eVeUW8tGGPJFe,147.000,Fw2XlLSvhDCRIl7z,181.000,q5GVJKHvqVwABnDf,219.000,BjjWVd8h3JWMBrnK,235.000,md4MdKOU6ZsQ//g0,241.000,SayB0+Vq1qyZnTIu,297.000,TiCg1GW9IStcOras,553.000,MY8Sv42aXxDpCjC4,401.000,zyQbLrDbnVAAyE0h,,
9,103,2026-04-05T12:41:01.430Z,210.000,9,154.000,md4MdKOU6ZsQ//g0,160.000,SayB0+Vq1qyZnTIu,168.000,MY8Sv42aXxDpCjC4,206.000,Fw2XlLSvhDCRIl7z,207.000,q5GVJKHvqVwABnDf,208.000,BjjWVd8h3JWMBrnK,210.000,OY9eVeUW8tGGPJFe,232.000,TiCg1GW9IStcOras,466.000,zyQbLrDbnVAAyE0h,,
9,104,2026-04-05T12:41:01.640Z,263.000,9,180.000,BjjWVd8h3JWMBrnK,185.000,md4MdKOU6ZsQ//g0,209.000,SayB0+Vq1qyZnTIu,235.000,OY9eVeUW8tGGPJFe,561.000,q5GVJKHvqVwABnDf,407.000,TiCg1GW9IStcOras,408.000,MY8Sv42aXxDpCjC4,419.000,Fw2XlLSvhDCRIl7z,279.000,zyQbLrDbnVAAyE0h,,
9,105,2026-04-05T12:41:01.903Z,257.000,9,154.000,MY8Sv42aXxDpCjC4,205.000,OY9eVeUW8tGGPJFe,211.000,md4MdKOU6ZsQ//g0,225.000,TiCg1GW9IStcOras,248.000,zyQbLrDbnVAAyE0h,251.000,SayB0+Vq1qyZnTIu,257.000,Fw2XlLSvhDCRIl7z,559.000,BjjWVd8h3JWMBrnK,406.000,q5GVJKHvqVwABnDf,,
9,106,2026-04-05T12:41:02.160Z,289.000,9,183.000,MY8Sv42aXxDpCjC4,184.000,OY9eVeUW8tGGPJFe,202.000,q5GVJKHvqVwABnDf,205.000,TiCg1GW9IStcOras,231.000,md4MdKOU6ZsQ//g0,274.000,SayB0+Vq1qyZnTIu,289.000,Fw2XlLSvhDCRIl7z,561.000,BjjWVd8h3JWMBrnK,795.000,zyQbLrDbnVAAyE0h,,
9,107,2026-04-05T12:41:02.449Z,279.000,9,202.000,md4MdKOU6ZsQ//g0,203.000,MY8Sv42aXxDpCjC4,235.000,Fw2XlLSvhDCRIl7z,243.000,TiCg1GW9IStcOras,269.000,q5GVJKHvqVwABnDf,278.000,zyQbLrDbnVAAyE0h,279.000,OY9eVeUW8tGGPJFe,313.000,BjjWVd8h3JWMBrnK,552.000,SayB0+Vq1qyZnTIu,,
9,108,2026-04-05T12:41:02.728Z,270.000,9,189.000,OY9eVeUW8tGGPJFe,223.000,q5GVJKHvqVwABnDf,463.000,Fw2XlLSvhDCRIl7z,459.000,TiCg1GW9IStcOras,464.000,MY8Sv42aXxDpCjC4,240.000,SayB0+Vq1qyZnTIu,456.000,BjjWVd8h3JWMBrnK,396.000,md4MdKOU6ZsQ//g0,462.000,zyQbLrDbnVAAyE0h,,
9,109,2026-04-05T12:41:02.998Z,286.000,9,158.000,Fw2XlLSvhDCRIl7z,165.000,md4MdKOU6ZsQ//g0,191.000,q5GVJKHvqVwABnDf,236.000,BjjWVd8h3JWMBrnK,264.000,SayB0+Vq1qyZnTIu,283.000,MY8Sv42aXxDpCjC4,286.000,OY9eVeUW8tGGPJFe,757.000,TiCg1GW9IStcOras,523.000,zyQbLrDbnVAAyE0h,,
9,110,2026-04-05T12:41:03.284Z,280.000,9,116.000,TiCg1GW9IStcOras,178.000,SayB0+Vq1qyZnTIu,185.000,md4MdKOU6ZsQ//g0,186.000,BjjWVd8h3JWMBrnK,235.000,OY9eVeUW8tGGPJFe,278.000,Fw2XlLSvhDCRIl7z,280.000,zyQbLrDbnVAAyE0h,304.000,MY8Sv42aXxDpCjC4,517.000,q5GVJKHvqVwABnDf,,
9,111,2026-04-05T12:41:03.564Z,245.000,9,179.000,MY8Sv42aXxDpCjC4,205.000,SayB0+Vq1qyZnTIu,207.000,TiCg1GW9IStcOras,212.000,md4MdKOU6ZsQ//g0,235.000,zyQbLrDbnVAAyE0h,243.000,BjjWVd8h3JWMBrnK,245.000,Fw2XlLSvhDCRIl7z,246.000,q5GVJKHvqVwABnDf,249.000,OY9eVeUW8tGGPJFe,,
9,112,2026-04-05T12:41:03.809Z,246.000,9,192.000,q5GVJKHvqVwABnDf,201.000,BjjWVd8h3JWMBrnK,222.000,SayB0+Vq1qyZnTIu,223.000,md4MdKOU6ZsQ//g0,225.000,zyQbLrDbnVAAyE0h,241.000,MY8Sv42aXxDpCjC4,476.000,Fw2XlLSvhDCRIl7z,630.000,TiCg1GW9IStcOras,279.000,OY9eVeUW8tGGPJFe,,
9,113,2026-04-05T12:41:04.055Z,271.000,9,175.000,q5GVJKHvqVwABnDf,176.000,MY8Sv42aXxDpCjC4,179.000,SayB0+Vq1qyZnTIu,181.000,TiCg1GW9IStcOras,237.000,md4MdKOU6ZsQ//g0,271.000,OY9eVeUW8tGGPJFe,271.000,Fw2XlLSvhDCRIl7z,684.000,BjjWVd8h3JWMBrnK,778.000,zyQbLrDbnVAAyE0h,,
9,114,2026-04-05T12:41:04.326Z,414.000,8,409.000,SayB0+Vq1qyZnTIu,411.000,MY8Sv42aXxDpCjC4,412.000,Fw2XlLSvhDCRIl7z,412.000,TiCg1GW9IStcOras,413.000,q5GVJKHvqVwABnDf,414.000,OY9eVeUW8tGGPJFe,414.000,BjjWVd8h3JWMBrnK,652.000,zyQbLrDbnVAAyE0h,,,,
9,115,2026-04-05T12:41:04.740Z,137.000,9,86.000,q5GVJKHvqVwABnDf,97.000,SayB0+Vq1qyZnTIu,100.000,md4MdKOU6ZsQ//g0,109.000,MY8Sv42aXxDpCjC4,109.000,TiCg1GW9IStcOras,110.000,Fw2XlLSvhDCRIl7z,137.000,BjjWVd8h3JWMBrnK,183.000,OY9eVeUW8tGGPJFe,424.000,zyQbLrDbnVAAyE0h,,
9,116,2026-04-05T12:41:04.877Z,282.000,9,173.000,SayB0+Vq1qyZnTIu,182.000,q5GVJKHvqVwABnDf,237.000,BjjWVd8h3JWMBrnK,271.000,zyQbLrDbnVAAyE0h,424.000,md4MdKOU6ZsQ//g0,425.000,OY9eVeUW8tGGPJFe,426.000,MY8Sv42aXxDpCjC4,576.000,TiCg1GW9IStcOras,532.000,Fw2XlLSvhDCRIl7z,,
9,117,2026-04-05T12:41:05.159Z,273.000,9,188.000,BjjWVd8h3JWMBrnK,191.000,md4MdKOU6ZsQ//g0,194.000,SayB0+Vq1qyZnTIu,230.000,OY9eVeUW8tGGPJFe,246.000,TiCg1GW9IStcOras,271.000,Fw2XlLSvhDCRIl7z,273.000,zyQbLrDbnVAAyE0h,511.000,q5GVJKHvqVwABnDf,450.000,MY8Sv42aXxDpCjC4,,
9,118,2026-04-05T12:41:05.432Z,242.000,9,150.000,BjjWVd8h3JWMBrnK,158.000,MY8Sv42aXxDpCjC4,159.000,SayB0+Vq1qyZnTIu,208.000,TiCg1GW9IStcOras,225.000,md4MdKOU6ZsQ//g0,232.000,zyQbLrDbnVAAyE0h,242.000,q5GVJKHvqVwABnDf,244.000,Fw2XlLSvhDCRIl7z,252.000,OY9eVeUW8tGGPJFe,,
9,119,2026-04-05T12:41:05.674Z,245.000,9,184.000,md4MdKOU6ZsQ//g0,205.000,TiCg1GW9IStcOras,225.000,zyQbLrDbnVAAyE0h,226.000,MY8Sv42aXxDpCjC4,227.000,SayB0+Vq1qyZnTIu,390.000,BjjWVd8h3JWMBrnK,389.000,q5GVJKHvqVwABnDf,542.000,Fw2XlLSvhDCRIl7z,278.000,OY9eVeUW8tGGPJFe,,
9,120,2026-04-05T12:41:05.919Z,274.000,9,177.000,SayB0+Vq1qyZnTIu,194.000,TiCg1GW9IStcOras,214.000,zyQbLrDbnVAAyE0h,217.000,md4MdKOU6ZsQ//g0,267.000,BjjWVd8h3JWMBrnK,272.000,q5GVJKHvqVwABnDf,274.000,OY9eVeUW8tGGPJFe,279.000,Fw2XlLSvhDCRIl7z,495.000,MY8Sv42aXxDpCjC4,,
9,121,2026-04-05T12:41:06.193Z,269.000,9,175.000,SayB0+Vq1qyZnTIu,192.000,MY8Sv42aXxDpCjC4,193.000,zyQbLrDbnVAAyE0h,237.000,q5GVJKHvqVwABnDf,238.000,BjjWVd8h3JWMBrnK,239.000,Fw2XlLSvhDCRIl7z,268.000,TiCg1GW9IStcOras,269.000,OY9eVeUW8tGGPJFe,280.000,md4MdKOU6ZsQ//g0,,
9,122,2026-04-05T12:41:06.462Z,243.000,9,156.000,MY8Sv42aXxDpCjC4,163.000,md4MdKOU6ZsQ//g0,208.000,OY9eVeUW8tGGPJFe,209.000,Fw2XlLSvhDCRIl7z,211.000,SayB0+Vq1qyZnTIu,393.000,q5GVJKHvqVwABnDf,394.000,TiCg1GW9IStcOras,540.000,BjjWVd8h3JWMBrnK,528.000,zyQbLrDbnVAAyE0h,,
9,123,2026-04-05T12:41:06.705Z,287.000,9,207.000,MY8Sv42aXxDpCjC4,222.000,SayB0+Vq1qyZnTIu,230.000,md4MdKOU6ZsQ//g0,386.000,q5GVJKHvqVwABnDf,538.000,TiCg1GW9IStcOras,269.000,Fw2XlLSvhDCRIl7z,286.000,BjjWVd8h3JWMBrnK,387.000,OY9eVeUW8tGGPJFe,385.000,zyQbLrDbnVAAyE0h,,
9,124,2026-04-05T12:41:06.992Z,229.000,9,135.000,md4MdKOU6ZsQ//g0,142.000,BjjWVd8h3JWMBrnK,143.000,SayB0+Vq1qyZnTIu,148.000,Fw2XlLSvhDCRIl7z,154.000,MY8Sv42aXxDpCjC4,183.000,q5GVJKHvqVwABnDf,229.000,TiCg1GW9IStcOras,791.000,OY9eVeUW8tGGPJFe,468.000,zyQbLrDbnVAAyE0h,,
9,125,2026-04-05T12:41:07.221Z,273.000,9,196.000,TiCg1GW9IStcOras,205.000,MY8Sv42aXxDpCjC4,213.000,md4MdKOU6ZsQ//g0,218.000,SayB0+Vq1qyZnTIu,235.000,BjjWVd8h3JWMBrnK,272.000,q5GVJKHvqVwABnDf,273.000,Fw2XlLSvhDCRIl7z,278.000,OY9eVeUW8tGGPJFe,569.000,zyQbLrDbnVAAyE0h,,
9,126,2026-04-05T12:41:07.494Z,294.000,8,150.000,q5GVJKHvqVwABnDf,285.000,TiCg1GW9IStcOras,286.000,BjjWVd8h3JWMBrnK,288.000,SayB0+Vq1qyZnTIu,291.000,MY8Sv42aXxDpCjC4,598.000,OY9eVeUW8tGGPJFe,445.000,Fw2XlLSvhDCRIl7z,554.000,zyQbLrDbnVAAyE0h,,,,
9,127,2026-04-05T12:41:07.788Z,198.000,9,106.000,md4MdKOU6ZsQ//g0,126.000,SayB0+Vq1qyZnTIu,168.000,MY8Sv42aXxDpCjC4,170.000,BjjWVd8h3JWMBrnK,171.000,Fw2XlLSvhDCRIl7z,182.000,OY9eVeUW8tGGPJFe,198.000,TiCg1GW9IStcOras,471.000,zyQbLrDbnVAAyE0h,707.000,q5GVJKHvqVwABnDf,,
9,128,2026-04-05T12:41:07.986Z,268.000,8,137.000,TiCg1GW9IStcOras,179.000,BjjWVd8h3JWMBrnK,217.000,md4MdKOU6ZsQ//g0,218.000,OY9eVeUW8tGGPJFe,375.000,SayB0+Vq1qyZnTIu,526.000,zyQbLrDbnVAAyE0h,376.000,Fw2XlLSvhDCRIl7z,374.000,q5GVJKHvqVwABnDf,,,,
9,129,2026-04-05T12:41:08.254Z,217.000,9,128.000,md4MdKOU6ZsQ//g0,143.000,BjjWVd8h3JWMBrnK,155.000,SayB0+Vq1qyZnTIu,196.000,MY8Sv42aXxDpCjC4,212.000,zyQbLrDbnVAAyE0h,215.000,TiCg1GW9IStcOras,216.000,OY9eVeUW8tGGPJFe,217.000,Fw2XlLSvhDCRIl7z,463.000,q5GVJKHvqVwABnDf,,
9,130,2026-04-05T12:41:08.471Z,294.000,9,203.000,OY9eVeUW8tGGPJFe,216.000,md4MdKOU6ZsQ//g0,217.000,TiCg1GW9IStcOras,244.000,SayB0+Vq1qyZnTIu,247.000,zyQbLrDbnVAAyE0h,270.000,Fw2XlLSvhDCRIl7z,293.000,BjjWVd8h3JWMBrnK,297.000,MY8Sv42aXxDpCjC4,302.000,q5GVJKHvqVwABnDf,,
9,131,2026-04-05T12:41:08.765Z,274.000,9,189.000,zyQbLrDbnVAAyE0h,228.000,md4MdKOU6ZsQ//g0,250.000,OY9eVeUW8tGGPJFe,255.000,Fw2XlLSvhDCRIl7z,257.000,SayB0+Vq1qyZnTIu,264.000,q5GVJKHvqVwABnDf,274.000,MY8Sv42aXxDpCjC4,299.000,TiCg1GW9IStcOras,528.000,BjjWVd8h3JWMBrnK,,
9,132,2026-04-05T12:41:09.039Z,284.000,9,149.000,zyQbLrDbnVAAyE0h,188.000,MY8Sv42aXxDpCjC4,198.000,SayB0+Vq1qyZnTIu,199.000,BjjWVd8h3JWMBrnK,253.000,TiCg1GW9IStcOras,263.000,md4MdKOU6ZsQ//g0,284.000,Fw2XlLSvhDCRIl7z,290.000,OY9eVeUW8tGGPJFe,473.000,q5GVJKHvqVwABnDf,,
9,133,2026-04-05T12:41:09.323Z,273.000,9,170.000,Fw2XlLSvhDCRIl7z,197.000,SayB0+Vq1qyZnTIu,203.000,MY8Sv42aXxDpCjC4,226.000,md4MdKOU6ZsQ//g0,245.000,BjjWVd8h3JWMBrnK,270.000,TiCg1GW9IStcOras,273.000,q5GVJKHvqVwABnDf,446.000,OY9eVeUW8tGGPJFe,599.000,zyQbLrDbnVAAyE0h,,
9,134,2026-04-05T12:41:09.596Z,252.000,9,149.000,q5GVJKHvqVwABnDf,168.000,TiCg1GW9IStcOras,206.000,BjjWVd8h3JWMBrnK,208.000,md4MdKOU6ZsQ//g0,209.000,MY8Sv42aXxDpCjC4,228.000,SayB0+Vq1qyZnTIu,252.000,OY9eVeUW8tGGPJFe,400.000,zyQbLrDbnVAAyE0h,553.000,Fw2XlLSvhDCRIl7z,,
9,135,2026-04-05T12:41:09.848Z,281.000,9,129.000,q5GVJKHvqVwABnDf,164.000,md4MdKOU6ZsQ//g0,188.000,BjjWVd8h3JWMBrnK,194.000,MY8Sv42aXxDpCjC4,237.000,OY9eVeUW8tGGPJFe,247.000,TiCg1GW9IStcOras,281.000,SayB0+Vq1qyZnTIu,283.000,zyQbLrDbnVAAyE0h,608.000,Fw2XlLSvhDCRIl7z,,
9,136,2026-04-05T12:41:10.129Z,286.000,8,140.000,BjjWVd8h3JWMBrnK,155.000,SayB0+Vq1qyZnTIu,188.000,OY9eVeUW8tGGPJFe,199.000,TiCg1GW9IStcOras,220.000,q5GVJKHvqVwABnDf,235.000,zyQbLrDbnVAAyE0h,435.000,md4MdKOU6ZsQ//g0,560.000,Fw2XlLSvhDCRIl7z,,,,
9,137,2026-04-05T12:41:10.415Z,210.000,9,136.000,OY9eVeUW8tGGPJFe,147.000,TiCg1GW9IStcOras,148.000,MY8Sv42aXxDpCjC4,151.000,SayB0+Vq1qyZnTIu,154.000,md4MdKOU6ZsQ//g0,182.000,zyQbLrDbnVAAyE0h,332.000,BjjWVd8h3JWMBrnK,485.000,q5GVJKHvqVwABnDf,248.000,Fw2XlLSvhDCRIl7z,,
9,138,2026-04-05T12:41:10.625Z,244.000,9,153.000,BjjWVd8h3JWMBrnK,154.000,MY8Sv42aXxDpCjC4,156.000,md4MdKOU6ZsQ//g0,164.000,SayB0+Vq1qyZnTIu,208.000,zyQbLrDbnVAAyE0h,240.000,q5GVJKHvqVwABnDf,244.000,OY9eVeUW8tGGPJFe,394.000,TiCg1GW9IStcOras,547.000,Fw2XlLSvhDCRIl7z,,
9,139,2026-04-05T12:41:10.869Z,258.000,9,169.000,md4MdKOU6ZsQ//g0,193.000,SayB0+Vq1qyZnTIu,200.000,MY8Sv42aXxDpCjC4,201.000,zyQbLrDbnVAAyE0h,248.000,BjjWVd8h3JWMBrnK,249.000,TiCg1GW9IStcOras,258.000,OY9eVeUW8tGGPJFe,264.000,Fw2XlLSvhDCRIl7z,265.000,q5GVJKHvqVwABnDf,,
9,140,2026-04-05T12:41:11.127Z,253.000,9,176.000,zyQbLrDbnVAAyE0h,216.000,md4MdKOU6ZsQ//g0,240.000,OY9eVeUW8tGGPJFe,242.000,Fw2XlLSvhDCRIl7z,243.000,q5GVJKHvqVwABnDf,247.000,MY8Sv42aXxDpCjC4,253.000,SayB0+Vq1qyZnTIu,260.000,BjjWVd8h3JWMBrnK,264.000,TiCg1GW9IStcOras,,
9,141,2026-04-05T12:41:11.380Z,325.000,9,220.000,md4MdKOU6ZsQ//g0,223.000,Fw2XlLSvhDCRIl7z,250.000,q5GVJKHvqVwABnDf,421.000,OY9eVeUW8tGGPJFe,575.000,TiCg1GW9IStcOras,301.000,MY8Sv42aXxDpCjC4,420.000,SayB0+Vq1qyZnTIu,455.000,BjjWVd8h3JWMBrnK,422.000,zyQbLrDbnVAAyE0h,,
9,142,2026-04-05T12:41:11.705Z,248.000,8,104.000,md4MdKOU6ZsQ//g0,113.000,BjjWVd8h3JWMBrnK,137.000,Fw2XlLSvhDCRIl7z,154.000,SayB0+Vq1qyZnTIu,157.000,q5GVJKHvqVwABnDf,326.000,TiCg1GW9IStcOras,247.000,OY9eVeUW8tGGPJFe,481.000,zyQbLrDbnVAAyE0h,,,,
9,143,2026-04-05T12:41:11.953Z,234.000,9,121.000,Fw2XlLSvhDCRIl7z,122.000,OY9eVeUW8tGGPJFe,160.000,MY8Sv42aXxDpCjC4,164.000,md4MdKOU6ZsQ//g0,214.000,SayB0+Vq1qyZnTIu,393.000,q5GVJKHvqVwABnDf,501.000,BjjWVd8h3JWMBrnK,526.000,TiCg1GW9IStcOras,732.000,zyQbLrDbnVAAyE0h,,
9,144,2026-04-05T12:41:12.187Z,284.000,9,119.000,OY9eVeUW8tGGPJFe,133.000,SayB0+Vq1qyZnTIu,198.000,MY8Sv42aXxDpCjC4,500.000,BjjWVd8h3JWMBrnK,236.000,md4MdKOU6ZsQ//g0,502.000,TiCg1GW9IStcOras,504.000,zyQbLrDbnVAAyE0h,506.000,Fw2XlLSvhDCRIl7z,735.000,q5GVJKHvqVwABnDf,,
9,145,2026-04-05T12:41:12.471Z,197.000,9,94.000,Fw2XlLSvhDCRIl7z,155.000,SayB0+Vq1qyZnTIu,156.000,MY8Sv42aXxDpCjC4,179.000,OY9eVeUW8tGGPJFe,182.000,BjjWVd8h3JWMBrnK,195.000,md4MdKOU6ZsQ//g0,197.000,TiCg1GW9IStcOras,223.000,q5GVJKHvqVwABnDf,376.000,zyQbLrDbnVAAyE0h,,
9,146,2026-04-05T12:41:12.668Z,270.000,9,193.000,MY8Sv42aXxDpCjC4,214.000,md4MdKOU6ZsQ//g0,219.000,OY9eVeUW8tGGPJFe,223.000,BjjWVd8h3JWMBrnK,235.000,TiCg1GW9IStcOras,245.000,SayB0+Vq1qyZnTIu,270.000,zyQbLrDbnVAAyE0h,311.000,q5GVJKHvqVwABnDf,420.000,Fw2XlLSvhDCRIl7z,,
9,147,2026-04-05T12:41:12.938Z,300.000,9,154.000,MY8Sv42aXxDpCjC4,185.000,md4MdKOU6ZsQ//g0,201.000,TiCg1GW9IStcOras,237.000,zyQbLrDbnVAAyE0h,286.000,BjjWVd8h3JWMBrnK,556.000,OY9eVeUW8tGGPJFe,404.000,SayB0+Vq1qyZnTIu,404.000,Fw2XlLSvhDCRIl7z,403.000,q5GVJKHvqVwABnDf,,
9,148,2026-04-05T12:41:13.238Z,275.000,9,134.000,TiCg1GW9IStcOras,136.000,md4MdKOU6ZsQ//g0,159.000,SayB0+Vq1qyZnTIu,161.000,MY8Sv42aXxDpCjC4,173.000,zyQbLrDbnVAAyE0h,239.000,q5GVJKHvqVwABnDf,275.000,OY9eVeUW8tGGPJFe,278.000,BjjWVd8h3JWMBrnK,371.000,Fw2XlLSvhDCRIl7z,,
9,149,2026-04-05T12:41:13.513Z,281.000,8,168.000,md4MdKOU6ZsQ//g0,180.000,BjjWVd8h3JWMBrnK,188.000,OY9eVeUW8tGGPJFe,191.000,MY8Sv42aXxDpCjC4,192.000,SayB0+Vq1qyZnTIu,229.000,q5GVJKHvqVwABnDf,420.000,TiCg1GW9IStcOras,574.000,zyQbLrDbnVAAyE0h,,,,
9,150,2026-04-05T12:41:13.794Z,184.000,9,138.000,MY8Sv42aXxDpCjC4,140.000,OY9eVeUW8tGGPJFe,154.000,md4MdKOU6ZsQ//g0,155.000,SayB0+Vq1qyZnTIu,157.000,Fw2XlLSvhDCRIl7z,176.000,TiCg1GW9IStcOras,183.000,q5GVJKHvqVwABnDf,263.000,BjjWVd8h3JWMBrnK,669.000,zyQbLrDbnVAAyE0h,,
9,151,2026-04-05T12:41:13.978Z,309.000,9,193.000,OY9eVeUW8tGGPJFe,233.000,q5GVJKHvqVwABnDf,259.000,MY8Sv42aXxDpCjC4,266.000,md4MdKOU6ZsQ//g0,273.000,SayB0+Vq1qyZnTIu,292.000,TiCg1GW9IStcOras,309.000,BjjWVd8h3JWMBrnK,721.000,zyQbLrDbnVAAyE0h,722.000,Fw2XlLSvhDCRIl7z,,
9,152,2026-04-05T12:41:14.287Z,295.000,9,162.000,md4MdKOU6ZsQ//g0,183.000,SayB0+Vq1qyZnTIu,239.000,BjjWVd8h3JWMBrnK,245.000,OY9eVeUW8tGGPJFe,257.000,q5GVJKHvqVwABnDf,266.000,TiCg1GW9IStcOras,504.000,zyQbLrDbnVAAyE0h,739.000,Fw2XlLSvhDCRIl7z,415.000,MY8Sv42aXxDpCjC4,,
9,153,2026-04-05T12:41:14.582Z,259.000,9,94.000,q5GVJKHvqVwABnDf,179.000,md4MdKOU6ZsQ//g0,185.000,OY9eVeUW8tGGPJFe,197.000,SayB0+Vq1qyZnTIu,204.000,TiCg1GW9IStcOras,232.000,zyQbLrDbnVAAyE0h,259.000,BjjWVd8h3JWMBrnK,271.000,MY8Sv42aXxDpCjC4,426.000,Fw2XlLSvhDCRIl7z,,
9,154,2026-04-05T12:41:14.841Z,234.000,9,153.000,BjjWVd8h3JWMBrnK,162.000,OY9eVeUW8tGGPJFe,163.000,MY8Sv42aXxDpCjC4,212.000,zyQbLrDbnVAAyE0h,216.000,SayB0+Vq1qyZnTIu,221.000,md4MdKOU6ZsQ//g0,234.000,TiCg1GW9IStcOras,403.000,Fw2XlLSvhDCRIl7z,382.000,q5GVJKHvqVwABnDf,,
9,155,2026-04-05T12:41:15.075Z,231.000,8,152.000,BjjWVd8h3JWMBrnK,158.000,MY8Sv42aXxDpCjC4,163.000,OY9eVeUW8tGGPJFe,164.000,SayB0+Vq1qyZnTIu,177.000,TiCg1GW9IStcOras,495.000,zyQbLrDbnVAAyE0h,341.000,q5GVJKHvqVwABnDf,496.000,Fw2XlLSvhDCRIl7z,,,,
9,156,2026-04-05T12:41:15.306Z,260.000,9,165.000,OY9eVeUW8tGGPJFe,183.000,TiCg1GW9IStcOras,206.000,MY8Sv42aXxDpCjC4,219.000,zyQbLrDbnVAAyE0h,222.000,md4MdKOU6ZsQ//g0,237.000,SayB0+Vq1qyZnTIu,260.000,q5GVJKHvqVwABnDf,391.000,BjjWVd8h3JWMBrnK,280.000,Fw2XlLSvhDCRIl7z,,
9,157,2026-04-05T12:41:15.566Z,250.000,9,139.000,OY9eVeUW8tGGPJFe,152.000,SayB0+Vq1qyZnTIu,156.000,md4MdKOU6ZsQ//g0,237.000,BjjWVd8h3JWMBrnK,241.000,q5GVJKHvqVwABnDf,243.000,zyQbLrDbnVAAyE0h,250.000,TiCg1GW9IStcOras,253.000,Fw2XlLSvhDCRIl7z,293.000,MY8Sv42aXxDpCjC4,,
9,158,2026-04-05T12:41:15.816Z,245.000,9,197.000,MY8Sv42aXxDpCjC4,207.000,SayB0+Vq1qyZnTIu,208.000,zyQbLrDbnVAAyE0h,235.000,OY9eVeUW8tGGPJFe,238.000,Fw2XlLSvhDCRIl7z,244.000,q5GVJKHvqVwABnDf,245.000,BjjWVd8h3JWMBrnK,251.000,TiCg1GW9IStcOras,259.000,md4MdKOU6ZsQ//g0,,
9,159,2026-04-05T12:41:16.061Z,367.000,9,363.000,zyQbLrDbnVAAyE0h,364.000,md4MdKOU6ZsQ//g0,364.000,BjjWVd8h3JWMBrnK,365.000,Fw2XlLSvhDCRIl7z,365.000,q5GVJKHvqVwABnDf,366.000,MY8Sv42aXxDpCjC4,367.000,TiCg1GW9IStcOras,367.000,SayB0+Vq1qyZnTIu,369.000,OY9eVeUW8tGGPJFe,,
9,160,2026-04-05T12:41:16.428Z,201.000,9,92.000,Fw2XlLSvhDCRIl7z,94.000,SayB0+Vq1qyZnTIu,121.000,q5GVJKHvqVwABnDf,125.000,MY8Sv42aXxDpCjC4,130.000,md4MdKOU6ZsQ//g0,151.000,TiCg1GW9IStcOras,330.000,BjjWVd8h3JWMBrnK,437.000,OY9eVeUW8tGGPJFe,347.000,zyQbLrDbnVAAyE0h,,
9,161,2026-04-05T12:41:16.629Z,169.000,9,125.000,Fw2XlLSvhDCRIl7z,128.000,OY9eVeUW8tGGPJFe,142.000,MY8Sv42aXxDpCjC4,153.000,TiCg1GW9IStcOras,154.000,q5GVJKHvqVwABnDf,156.000,SayB0+Vq1qyZnTIu,169.000,md4MdKOU6ZsQ//g0,510.000,BjjWVd8h3JWMBrnK,354.000,zyQbLrDbnVAAyE0h,,
9,162,2026-04-05T12:41:16.798Z,306.000,9,191.000,Fw2XlLSvhDCRIl7z,218.000,SayB0+Vq1qyZnTIu,220.000,TiCg1GW9IStcOras,221.000,q5GVJKHvqVwABnDf,250.000,MY8Sv42aXxDpCjC4,303.000,BjjWVd8h3JWMBrnK,305.000,md4MdKOU6ZsQ//g0,543.000,OY9eVeUW8tGGPJFe,772.000,zyQbLrDbnVAAyE0h,,
9,163,2026-04-05T12:41:17.104Z,286.000,9,169.000,md4MdKOU6ZsQ//g0,218.000,SayB0+Vq1qyZnTIu,231.000,BjjWVd8h3JWMBrnK,242.000,OY9eVeUW8tGGPJFe,257.000,q5GVJKHvqVwABnDf,258.000,TiCg1GW9IStcOras,285.000,MY8Sv42aXxDpCjC4,731.000,zyQbLrDbnVAAyE0h,499.000,Fw2XlLSvhDCRIl7z,,
9,164,2026-04-05T12:41:17.390Z,250.000,9,152.000,MY8Sv42aXxDpCjC4,165.000,SayB0+Vq1qyZnTIu,190.000,md4MdKOU6ZsQ//g0,192.000,OY9eVeUW8tGGPJFe,215.000,TiCg1GW9IStcOras,221.000,BjjWVd8h3JWMBrnK,250.000,zyQbLrDbnVAAyE0h,545.000,Fw2XlLSvhDCRIl7z,391.000,q5GVJKHvqVwABnDf,,
9,165,2026-04-05T12:41:17.640Z,237.000,9,140.000,SayB0+Vq1qyZnTIu,172.000,MY8Sv42aXxDpCjC4,366.000,OY9eVeUW8tGGPJFe,231.000,BjjWVd8h3JWMBrnK,518.000,q5GVJKHvqVwABnDf,234.000,TiCg1GW9IStcOras,366.000,zyQbLrDbnVAAyE0h,364.000,md4MdKOU6ZsQ//g0,365.000,Fw2XlLSvhDCRIl7z,,
9,166,2026-04-05T12:41:17.877Z,248.000,9,151.000,MY8Sv42aXxDpCjC4,164.000,md4MdKOU6ZsQ//g0,198.000,TiCg1GW9IStcOras,212.000,SayB0+Vq1qyZnTIu,233.000,zyQbLrDbnVAAyE0h,246.000,OY9eVeUW8tGGPJFe,248.000,q5GVJKHvqVwABnDf,250.000,BjjWVd8h3JWMBrnK,282.000,Fw2XlLSvhDCRIl7z,,
9,167,2026-04-05T12:41:18.125Z,265.000,9,194.000,TiCg1GW9IStcOras,209.000,MY8Sv42aXxDpCjC4,223.000,md4MdKOU6ZsQ//g0,239.000,zyQbLrDbnVAAyE0h,253.000,BjjWVd8h3JWMBrnK,264.000,OY9eVeUW8tGGPJFe,265.000,q5GVJKHvqVwABnDf,267.000,Fw2XlLSvhDCRIl7z,271.000,SayB0+Vq1qyZnTIu,,
9,168,2026-04-05T12:41:18.390Z,249.000,9,180.000,SayB0+Vq1qyZnTIu,186.000,zyQbLrDbnVAAyE0h,196.000,MY8Sv42aXxDpCjC4,234.000,Fw2XlLSvhDCRIl7z,245.000,q5GVJKHvqVwABnDf,246.000,OY9eVeUW8tGGPJFe,249.000,BjjWVd8h3JWMBrnK,250.000,TiCg1GW9IStcOras,404.000,md4MdKOU6ZsQ//g0,,
9,169,2026-04-05T12:41:18.639Z,239.000,9,178.000,MY8Sv42aXxDpCjC4,181.000,md4MdKOU6ZsQ//g0,195.000,zyQbLrDbnVAAyE0h,219.000,q5GVJKHvqVwABnDf,222.000,OY9eVeUW8tGGPJFe,231.000,BjjWVd8h3JWMBrnK,239.000,SayB0+Vq1qyZnTIu,249.000,TiCg1GW9IStcOras,277.000,Fw2XlLSvhDCRIl7z,,
9,170,2026-04-05T12:41:18.878Z,397.000,9,245.000,TiCg1GW9IStcOras,250.000,q5GVJKHvqVwABnDf,254.000,md4MdKOU6ZsQ//g0,307.000,SayB0+Vq1qyZnTIu,334.000,BjjWVd8h3JWMBrnK,836.000,OY9eVeUW8tGGPJFe,397.000,MY8Sv42aXxDpCjC4,569.000,zyQbLrDbnVAAyE0h,568.000,Fw2XlLSvhDCRIl7z,,
9,171,2026-04-05T12:41:19.275Z,194.000,9,63.000,SayB0+Vq1qyZnTIu,88.000,q5GVJKHvqVwABnDf,156.000,MY8Sv42aXxDpCjC4,164.000,md4MdKOU6ZsQ//g0,172.000,BjjWVd8h3JWMBrnK,189.000,TiCg1GW9IStcOras,194.000,OY9eVeUW8tGGPJFe,666.000,zyQbLrDbnVAAyE0h,441.000,Fw2XlLSvhDCRIl7z,,
9,172,2026-04-05T12:41:19.469Z,262.000,9,242.000,q5GVJKHvqVwABnDf,243.000,MY8Sv42aXxDpCjC4,244.000,SayB0+Vq1qyZnTIu,246.000,md4MdKOU6ZsQ//g0,246.000,OY9eVeUW8tGGPJFe,247.000,TiCg1GW9IStcOras,262.000,BjjWVd8h3JWMBrnK,280.000,zyQbLrDbnVAAyE0h,432.000,Fw2XlLSvhDCRIl7z,,
9,173,2026-04-05T12:41:19.731Z,274.000,9,188.000,SayB0+Vq1qyZnTIu,198.000,MY8Sv42aXxDpCjC4,211.000,TiCg1GW9IStcOras,250.000,zyQbLrDbnVAAyE0h,269.000,q5GVJKHvqVwABnDf,273.000,BjjWVd8h3JWMBrnK,274.000,OY9eVeUW8tGGPJFe,298.000,Fw2XlLSvhDCRIl7z,534.000,md4MdKOU6ZsQ//g0,,
9,174,2026-04-05T12:41:20.005Z,258.000,9,175.000,TiCg1GW9IStcOras,202.000,md4MdKOU6ZsQ//g0,209.000,zyQbLrDbnVAAyE0h,232.000,MY8Sv42aXxDpCjC4,244.000,BjjWVd8h3JWMBrnK,250.000,SayB0+Vq1qyZnTIu,406.000,q5GVJKHvqVwABnDf,549.000,OY9eVeUW8tGGPJFe,766.000,Fw2XlLSvhDCRIl7z,,
9,175,2026-04-05T12:41:20.263Z,291.000,9,289.000,zyQbLrDbnVAAyE0h,285.000,SayB0+Vq1qyZnTIu,287.000,Fw2XlLSvhDCRIl7z,288.000,OY9eVeUW8tGGPJFe,289.000,md4MdKOU6ZsQ//g0,289.000,q5GVJKHvqVwABnDf,290.000,BjjWVd8h3JWMBrnK,296.000,MY8Sv42aXxDpCjC4,742.000,TiCg1GW9IStcOras,,
9,176,2026-04-05T12:41:20.554Z,203.000,9,125.000,zyQbLrDbnVAAyE0h,155.000,SayB0+Vq1qyZnTIu,161.000,MY8Sv42aXxDpCjC4,167.000,BjjWVd8h3JWMBrnK,170.000,md4MdKOU6ZsQ//g0,175.000,q5GVJKHvqVwABnDf,203.000,TiCg1GW9IStcOras,236.000,OY9eVeUW8tGGPJFe,239.000,Fw2XlLSvhDCRIl7z,,
9,177,2026-04-05T12:41:20.757Z,310.000,9,198.000,BjjWVd8h3JWMBrnK,218.000,SayB0+Vq1qyZnTIu,228.000,md4MdKOU6ZsQ//g0,247.000,q5GVJKHvqVwABnDf,265.000,MY8Sv42aXxDpCjC4,266.000,Fw2XlLSvhDCRIl7z,310.000,TiCg1GW9IStcOras,313.000,OY9eVeUW8tGGPJFe,712.000,zyQbLrDbnVAAyE0h,,
9,178,2026-04-05T12:41:21.067Z,274.000,9,170.000,q5GVJKHvqVwABnDf,225.000,md4MdKOU6ZsQ//g0,234.000,MY8Sv42aXxDpCjC4,249.000,BjjWVd8h3JWMBrnK,255.000,Fw2XlLSvhDCRIl7z,258.000,TiCg1GW9IStcOras,572.000,OY9eVeUW8tGGPJFe,416.000,zyQbLrDbnVAAyE0h,417.000,SayB0+Vq1qyZnTIu,,
9,179,2026-04-05T12:41:21.341Z,244.000,9,132.000,q5GVJKHvqVwABnDf,156.000,TiCg1GW9IStcOras,199.000,md4MdKOU6ZsQ//g0,210.000,BjjWVd8h3JWMBrnK,229.000,SayB0+Vq1qyZnTIu,233.000,OY9eVeUW8tGGPJFe,244.000,MY8Sv42aXxDpCjC4,487.000,zyQbLrDbnVAAyE0h,400.000,Fw2XlLSvhDCRIl7z,,
9,180,2026-04-05T12:41:21.585Z,267.000,9,154.000,TiCg1GW9IStcOras,170.000,SayB0+Vq1qyZnTIu,196.000,BjjWVd8h3JWMBrnK,206.000,md4MdKOU6ZsQ//g0,222.000,OY9eVeUW8tGGPJFe,265.000,q5GVJKHvqVwABnDf,267.000,zyQbLrDbnVAAyE0h,500.000,Fw2XlLSvhDCRIl7z,478.000,MY8Sv42aXxDpCjC4,,
9,181,2026-04-05T12:41:21.852Z,282.000,9,188.000,OY9eVeUW8tGGPJFe,204.000,TiCg1GW9IStcOras,214.000,SayB0+Vq1qyZnTIu,247.000,md4MdKOU6ZsQ//g0,274.000,BjjWVd8h3JWMBrnK,281.000,q5GVJKHvqVwABnDf,282.000,MY8Sv42aXxDpCjC4,294.000,Fw2XlLSvhDCRIl7z,531.000,zyQbLrDbnVAAyE0h,,
9,182,2026-04-05T12:41:22.134Z,272.000,9,244.000,SayB0+Vq1qyZnTIu,246.000,Fw2XlLSvhDCRIl7z,252.000,MY8Sv42aXxDpCjC4,268.000,zyQbLrDbnVAAyE0h,269.000,TiCg1GW9IStcOras,270.000,OY9eVeUW8tGGPJFe,272.000,md4MdKOU6ZsQ//g0,274.000,q5GVJKHvqVwABnDf,426.000,BjjWVd8h3JWMBrnK,,
9,183,2026-04-05T12:41:22.406Z,264.000,9,189.000,BjjWVd8h3JWMBrnK,194.000,MY8Sv42aXxDpCjC4,210.000,Fw2XlLSvhDCRIl7z,231.000,md4MdKOU6ZsQ//g0,241.000,q5GVJKHvqVwABnDf,244.000,OY9eVeUW8tGGPJFe,264.000,TiCg1GW9IStcOras,279.000,SayB0+Vq1qyZnTIu,433.000,zyQbLrDbnVAAyE0h,,
9,184,2026-04-05T12:41:22.670Z,289.000,9,192.000,SayB0+Vq1qyZnTIu,211.000,q5GVJKHvqVwABnDf,235.000,MY8Sv42aXxDpCjC4,286.000,TiCg1GW9IStcOras,287.000,BjjWVd8h3JWMBrnK,524.000,OY9eVeUW8tGGPJFe,525.000,Fw2XlLSvhDCRIl7z,314.000,md4MdKOU6ZsQ//g0,761.000,zyQbLrDbnVAAyE0h,,
9,185,2026-04-05T12:41:22.959Z,258.000,9,175.000,Fw2XlLSvhDCRIl7z,180.000,TiCg1GW9IStcOras,208.000,SayB0+Vq1qyZnTIu,215.000,md4MdKOU6ZsQ//g0,249.000,MY8Sv42aXxDpCjC4,253.000,OY9eVeUW8tGGPJFe,258.000,BjjWVd8h3JWMBrnK,511.000,zyQbLrDbnVAAyE0h,388.000,q5GVJKHvqVwABnDf,,
9,186,2026-04-05T12:41:23.217Z,259.000,9,213.000,BjjWVd8h3JWMBrnK,218.000,Fw2XlLSvhDCRIl7z,225.000,SayB0+Vq1qyZnTIu,229.000,MY8Sv42aXxDpCjC4,230.000,OY9eVeUW8tGGPJFe,244.000,TiCg1GW9IStcOras,259.000,q5GVJKHvqVwABnDf,279.000,zyQbLrDbnVAAyE0h,415.000,md4MdKOU6ZsQ//g0,,
9,187,2026-04-05T12:41:23.476Z,290.000,9,170.000,SayB0+Vq1qyZnTIu,202.000,md4MdKOU6ZsQ//g0,208.000,MY8Sv42aXxDpCjC4,255.000,zyQbLrDbnVAAyE0h,286.000,BjjWVd8h3JWMBrnK,287.000,OY9eVeUW8tGGPJFe,290.000,TiCg1GW9IStcOras,292.000,q5GVJKHvqVwABnDf,313.000,Fw2XlLSvhDCRIl7z,,
9,188,2026-04-05T12:41:23.766Z,278.000,9,147.000,OY9eVeUW8tGGPJFe,183.000,SayB0+Vq1qyZnTIu,221.000,md4MdKOU6ZsQ//g0,224.000,MY8Sv42aXxDpCjC4,276.000,zyQbLrDbnVAAyE0h,277.000,q5GVJKHvqVwABnDf,278.000,Fw2XlLSvhDCRIl7z,711.000,TiCg1GW9IStcOras,975.000,BjjWVd8h3JWMBrnK,,
9,189,2026-04-05T12:41:24.044Z,258.000,9,212.000,SayB0+Vq1qyZnTIu,215.000,Fw2XlLSvhDCRIl7z,254.000,OY9eVeUW8tGGPJFe,256.000,q5GVJKHvqVwABnDf,257.000,md4MdKOU6ZsQ//g0,258.000,zyQbLrDbnVAAyE0h,258.000,TiCg1GW9IStcOras,412.000,MY8Sv42aXxDpCjC4,319.000,BjjWVd8h3JWMBrnK,,
9,190,2026-04-05T12:41:24.302Z,272.000,9,173.000,BjjWVd8h3JWMBrnK,180.000,MY8Sv42aXxDpCjC4,193.000,Fw2XlLSvhDCRIl7z,239.000,md4MdKOU6ZsQ//g0,243.000,TiCg1GW9IStcOras,257.000,SayB0+Vq1qyZnTIu,567.000,OY9eVeUW8tGGPJFe,440.000,zyQbLrDbnVAAyE0h,535.000,q5GVJKHvqVwABnDf,,
9,191,2026-04-05T12:41:24.574Z,259.000,9,170.000,SayB0+Vq1qyZnTIu,179.000,q5GVJKHvqVwABnDf,181.000,OY9eVeUW8tGGPJFe,217.000,MY8Sv42aXxDpCjC4,256.000,Fw2XlLSvhDCRIl7z,257.000,TiCg1GW9IStcOras,259.000,BjjWVd8h3JWMBrnK,313.000,md4MdKOU6ZsQ//g0,497.000,zyQbLrDbnVAAyE0h,,
9,192,2026-04-05T12:41:24.833Z,253.000,9,152.000,q5GVJKHvqVwABnDf,178.000,Fw2XlLSvhDCRIl7z,210.000,SayB0+Vq1qyZnTIu,219.000,md4MdKOU6ZsQ//g0,232.000,MY8Sv42aXxDpCjC4,233.000,BjjWVd8h3JWMBrnK,253.000,OY9eVeUW8tGGPJFe,481.000,TiCg1GW9IStcOras,636.000,zyQbLrDbnVAAyE0h,,
9,193,2026-04-05T12:41:25.086Z,290.000,9,196.000,MY8Sv42aXxDpCjC4,215.000,BjjWVd8h3JWMBrnK,233.000,OY9eVeUW8tGGPJFe,264.000,SayB0+Vq1qyZnTIu,280.000,zyQbLrDbnVAAyE0h,287.000,TiCg1GW9IStcOras,290.000,q5GVJKHvqVwABnDf,291.000,md4MdKOU6ZsQ//g0,534.000,Fw2XlLSvhDCRIl7z,,
9,194,2026-04-05T12:41:25.376Z,282.000,9,186.000,md4MdKOU6ZsQ//g0,213.000,MY8Sv42aXxDpCjC4,240.000,SayB0+Vq1qyZnTIu,262.000,zyQbLrDbnVAAyE0h,269.000,BjjWVd8h3JWMBrnK,434.000,OY9eVeUW8tGGPJFe,435.000,TiCg1GW9IStcOras,433.000,Fw2XlLSvhDCRIl7z,588.000,q5GVJKHvqVwABnDf,,
9,195,2026-04-05T12:41:25.658Z,260.000,9,157.000,TiCg1GW9IStcOras,179.000,MY8Sv42aXxDpCjC4,196.000,SayB0+Vq1qyZnTIu,214.000,md4MdKOU6ZsQ//g0,246.000,Fw2XlLSvhDCRIl7z,259.000,q5GVJKHvqVwABnDf,260.000,BjjWVd8h3JWMBrnK,263.000,OY9eVeUW8tGGPJFe,817.000,zyQbLrDbnVAAyE0h,,
9,196,2026-04-05T12:41:25.918Z,264.000,9,222.000,Fw2XlLSvhDCRIl7z,229.000,MY8Sv42aXxDpCjC4,231.000,q5GVJKHvqVwABnDf,239.000,OY9eVeUW8tGGPJFe,247.000,SayB0+Vq1qyZnTIu,260.000,md4MdKOU6ZsQ//g0,264.000,TiCg1GW9IStcOras,433.000,BjjWVd8h3JWMBrnK,792.000,zyQbLrDbnVAAyE0h,,
9,197,2026-04-05T12:41:26.182Z,271.000,9,166.000,BjjWVd8h3JWMBrnK,193.000,Fw2XlLSvhDCRIl7z,205.000,q5GVJKHvqVwABnDf,217.000,MY8Sv42aXxDpCjC4,236.000,md4MdKOU6ZsQ//g0,238.000,SayB0+Vq1qyZnTIu,271.000,OY9eVeUW8tGGPJFe,272.000,TiCg1GW9IStcOras,766.000,zyQbLrDbnVAAyE0h,,
9,198,2026-04-05T12:41:26.453Z,294.000,9,172.000,SayB0+Vq1qyZnTIu,197.000,Fw2XlLSvhDCRIl7z,198.000,md4MdKOU6ZsQ//g0,262.000,BjjWVd8h3JWMBrnK,282.000,OY9eVeUW8tGGPJFe,290.000,q5GVJKHvqVwABnDf,293.000,TiCg1GW9IStcOras,529.000,zyQbLrDbnVAAyE0h,555.000,MY8Sv42aXxDpCjC4,,
9,199,2026-04-05T12:41:26.747Z,277.000,9,205.000,BjjWVd8h3JWMBrnK,207.000,md4MdKOU6ZsQ//g0,221.000,OY9eVeUW8tGGPJFe,225.000,SayB0+Vq1qyZnTIu,380.000,TiCg1GW9IStcOras,263.000,zyQbLrDbnVAAyE0h,277.000,q5GVJKHvqVwABnDf,531.000,MY8Sv42aXxDpCjC4,379.000,Fw2XlLSvhDCRIl7z,,
9,200,2026-04-05T12:41:27.024Z,275.000,9,182.000,MY8Sv42aXxDpCjC4,183.000,SayB0+Vq1qyZnTIu,216.000,zyQbLrDbnVAAyE0h,238.000,md4MdKOU6ZsQ//g0,255.000,BjjWVd8h3JWMBrnK,269.000,q5GVJKHvqVwABnDf,275.000,TiCg1GW9IStcOras,280.000,OY9eVeUW8tGGPJFe,291.000,Fw2XlLSvhDCRIl7z,,
9,201,2026-04-05T12:41:27.299Z,271.000,9,215.000,MY8Sv42aXxDpCjC4,257.000,SayB0+Vq1qyZnTIu,259.000,q5GVJKHvqVwABnDf,266.000,zyQbLrDbnVAAyE0h,266.000,BjjWVd8h3JWMBrnK,270.000,TiCg1GW9IStcOras,270.000,md4MdKOU6ZsQ//g0,271.000,Fw2XlLSvhDCRIl7z,595.000,OY9eVeUW8tGGPJFe,,
9,202,2026-04-05T12:41:27.570Z,322.000,9,244.000,TiCg1GW9IStcOras,252.000,MY8Sv42aXxDpCjC4,292.000,SayB0+Vq1qyZnTIu,304.000,md4MdKOU6ZsQ//g0,306.000,q5GVJKHvqVwABnDf,309.000,OY9eVeUW8tGGPJFe,322.000,BjjWVd8h3JWMBrnK,559.000,zyQbLrDbnVAAyE0h,790.000,Fw2XlLSvhDCRIl7z,,
9,203,2026-04-05T12:41:27.892Z,290.000,8,234.000,BjjWVd8h3JWMBrnK,234.000,MY8Sv42aXxDpCjC4,259.000,TiCg1GW9IStcOras,282.000,zyQbLrDbnVAAyE0h,288.000,md4MdKOU6ZsQ//g0,288.000,OY9eVeUW8tGGPJFe,289.000,q5GVJKHvqVwABnDf,318.000,SayB0+Vq1qyZnTIu,,,,
9,204,2026-04-05T12:41:28.182Z,303.000,9,219.000,SayB0+Vq1qyZnTIu,251.000,MY8Sv42aXxDpCjC4,269.000,BjjWVd8h3JWMBrnK,271.000,zyQbLrDbnVAAyE0h,291.000,OY9eVeUW8tGGPJFe,301.000,md4MdKOU6ZsQ//g0,303.000,Fw2XlLSvhDCRIl7z,538.000,q5GVJKHvqVwABnDf,771.000,TiCg1GW9IStcOras,,
9,205,2026-04-05T12:41:28.485Z,310.000,8,226.000,SayB0+Vq1qyZnTIu,235.000,Fw2XlLSvhDCRIl7z,243.000,q5GVJKHvqVwABnDf,253.000,MY8Sv42aXxDpCjC4,265.000,TiCg1GW9IStcOras,273.000,OY9eVeUW8tGGPJFe,310.000,md4MdKOU6ZsQ//g0,466.000,BjjWVd8h3JWMBrnK,,,,
9,206,2026-04-05T12:41:28.795Z,506.000,8,197.000,SayB0+Vq1qyZnTIu,252.000,MY8Sv42aXxDpCjC4,306.000,md4MdKOU6ZsQ//g0,395.000,jIf2AEWi7y2xcK85,409.000,OY9eVeUW8tGGPJFe,410.000,TiCg1GW9IStcOras,767.000,BjjWVd8h3JWMBrnK,578.000,zyQbLrDbnVAAyE0h,,,,
9,207,2026-04-05T12:41:29.301Z,291.000,7,124.000,md4MdKOU6ZsQ//g0,125.000,MY8Sv42aXxDpCjC4,127.000,SayB0+Vq1qyZnTIu,134.000,q5GVJKHvqVwABnDf,182.000,OY9eVeUW8tGGPJFe,432.000,zyQbLrDbnVAAyE0h,585.000,Fw2XlLSvhDCRIl7z,,,,,,
9,208,2026-04-05T12:41:29.592Z,516.000,8,140.000,md4MdKOU6ZsQ//g0,169.000,SayB0+Vq1qyZnTIu,228.000,MY8Sv42aXxDpCjC4,355.000,jIf2AEWi7y2xcK85,445.000,TiCg1GW9IStcOras,689.000,OY9eVeUW8tGGPJFe,925.000,BjjWVd8h3JWMBrnK,689.000,Fw2XlLSvhDCRIl7z,,,,
9,209,2026-04-05T12:41:30.108Z,394.000,8,30.000,q5GVJKHvqVwABnDf,129.000,md4MdKOU6ZsQ//g0,130.000,SayB0+Vq1qyZnTIu,146.000,MY8Sv42aXxDpCjC4,327.000,jIf2AEWi7y2xcK85,393.000,Fw2XlLSvhDCRIl7z,394.000,OY9eVeUW8tGGPJFe,396.000,BjjWVd8h3JWMBrnK,,,,
9,210,2026-04-05T12:41:30.502Z,573.000,8,216.000,SayB0+Vq1qyZnTIu,218.000,md4MdKOU6ZsQ//g0,256.000,MY8Sv42aXxDpCjC4,432.000,jIf2AEWi7y2xcK85,485.000,BjjWVd8h3JWMBrnK,534.000,OY9eVeUW8tGGPJFe,573.000,q5GVJKHvqVwABnDf,736.000,zyQbLrDbnVAAyE0h,,,,
9,211,2026-04-05T12:41:31.075Z,437.000,8,169.000,md4MdKOU6ZsQ//g0,320.000,MY8Sv42aXxDpCjC4,329.000,SayB0+Vq1qyZnTIu,371.000,BjjWVd8h3JWMBrnK,378.000,jIf2AEWi7y2xcK85,435.000,OY9eVeUW8tGGPJFe,437.000,q5GVJKHvqVwABnDf,438.000,Fw2XlLSvhDCRIl7z,,,,
9,212,2026-04-05T12:41:31.512Z,588.000,8,205.000,MY8Sv42aXxDpCjC4,207.000,SayB0+Vq1qyZnTIu,223.000,md4MdKOU6ZsQ//g0,376.000,jIf2AEWi7y2xcK85,496.000,q5GVJKHvqVwABnDf,964.000,zyQbLrDbnVAAyE0h,812.000,TiCg1GW9IStcOras,590.000,Fw2XlLSvhDCRIl7z,,,,
9,213,2026-04-05T12:41:32.100Z,545.000,8,154.000,md4MdKOU6ZsQ//g0,157.000,SayB0+Vq1qyZnTIu,305.000,MY8Sv42aXxDpCjC4,400.000,jIf2AEWi7y2xcK85,543.000,OY9eVeUW8tGGPJFe,545.000,Fw2XlLSvhDCRIl7z,545.000,TiCg1GW9IStcOras,547.000,BjjWVd8h3JWMBrnK,,,,
9,214,2026-04-05T12:41:32.645Z,545.000,8,314.000,md4MdKOU6ZsQ//g0,316.000,MY8Sv42aXxDpCjC4,318.000,SayB0+Vq1qyZnTIu,375.000,jIf2AEWi7y2xcK85,539.000,q5GVJKHvqVwABnDf,695.000,TiCg1GW9IStcOras,850.000,OY9eVeUW8tGGPJFe,842.000,zyQbLrDbnVAAyE0h,,,,
9,215,2026-04-05T12:41:33.190Z,554.000,8,171.000,md4MdKOU6ZsQ//g0,208.000,MY8Sv42aXxDpCjC4,210.000,SayB0+Vq1qyZnTIu,416.000,jIf2AEWi7y2xcK85,552.000,TiCg1GW9IStcOras,553.000,Fw2XlLSvhDCRIl7z,554.000,BjjWVd8h3JWMBrnK,718.000,zyQbLrDbnVAAyE0h,,,,
9,216,2026-04-05T12:41:33.744Z,663.000,7,322.000,md4MdKOU6ZsQ//g0,325.000,MY8Sv42aXxDpCjC4,326.000,SayB0+Vq1qyZnTIu,380.000,jIf2AEWi7y2xcK85,606.000,q5GVJKHvqVwABnDf,1123.000,Fw2XlLSvhDCRIl7z,889.000,zyQbLrDbnVAAyE0h,,,,,,
9,217,2026-04-05T12:41:34.407Z,475.000,8,188.000,SayB0+Vq1qyZnTIu,202.000,MY8Sv42aXxDpCjC4,307.000,md4MdKOU6ZsQ//g0,356.000,jIf2AEWi7y2xcK85,379.000,TiCg1GW9IStcOras,473.000,BjjWVd8h3JWMBrnK,475.000,OY9eVeUW8tGGPJFe,710.000,zyQbLrDbnVAAyE0h,,,,
9,218,2026-04-05T12:41:34.882Z,891.000,7,166.000,md4MdKOU6ZsQ//g0,344.000,MY8Sv42aXxDpCjC4,347.000,SayB0+Vq1qyZnTIu,382.000,jIf2AEWi7y2xcK85,641.000,q5GVJKHvqVwABnDf,882.000,Fw2XlLSvhDCRIl7z,1123.000,BjjWVd8h3JWMBrnK,,,,,,
9,219,2026-04-05T12:41:35.773Z,921.000,7,241.000,q5GVJKHvqVwABnDf,314.000,SayB0+Vq1qyZnTIu,318.000,MY8Sv42aXxDpCjC4,319.000,md4MdKOU6ZsQ//g0,471.000,jIf2AEWi7y2xcK85,908.000,TiCg1GW9IStcOras,921.000,OY9eVeUW8tGGPJFe,,,,,,
9,220,2026-04-05T12:41:36.694Z,720.000,7,240.000,jIf2AEWi7y2xcK85,317.000,md4MdKOU6ZsQ//g0,319.000,MY8Sv42aXxDpCjC4,332.000,SayB0+Vq1qyZnTIu,514.000,q5GVJKHvqVwABnDf,705.000,Fw2XlLSvhDCRIl7z,719.000,BjjWVd8h3JWMBrnK,,,,,,
9,221,2026-04-05T12:41:37.414Z,475.000,10,237.000,jIf2AEWi7y2xcK85,319.000,SayB0+Vq1qyZnTIu,322.000,md4MdKOU6ZsQ//g0,324.000,MY8Sv42aXxDpCjC4,470.000,zyQbLrDbnVAAyE0h,473.000,Fw2XlLSvhDCRIl7z,475.000,BjjWVd8h3JWMBrnK,476.000,OY9eVeUW8tGGPJFe,495.000,TiCg1GW9IStcOras,732.000,q5GVJKHvqVwABnDf
9,222,2026-04-05T12:41:37.889Z,757.000,7,312.000,SayB0+Vq1qyZnTIu,313.000,md4MdKOU6ZsQ//g0,316.000,MY8Sv42aXxDpCjC4,463.000,jIf2AEWi7y2xcK85,703.000,q5GVJKHvqVwABnDf,747.000,Fw2XlLSvhDCRIl7z,992.000,BjjWVd8h3JWMBrnK,,,,,,
9,223,2026-04-05T12:41:38.646Z,691.000,7,234.000,OY9eVeUW8tGGPJFe,315.000,MY8Sv42aXxDpCjC4,317.000,md4MdKOU6ZsQ//g0,325.000,SayB0+Vq1qyZnTIu,457.000,jIf2AEWi7y2xcK85,918.000,zyQbLrDbnVAAyE0h,767.000,q5GVJKHvqVwABnDf,,,,,,
9,224,2026-04-05T12:41:39.337Z,515.000,9,128.000,md4MdKOU6ZsQ//g0,308.000,SayB0+Vq1qyZnTIu,419.000,jIf2AEWi7y2xcK85,444.000,MY8Sv42aXxDpCjC4,480.000,TiCg1GW9IStcOras,790.000,OY9eVeUW8tGGPJFe,640.000,Fw2XlLSvhDCRIl7z,639.000,BjjWVd8h3JWMBrnK,839.000,zyQbLrDbnVAAyE0h,,
9,225,2026-04-05T12:41:39.852Z,993.000,7,130.000,SayB0+Vq1qyZnTIu,176.000,md4MdKOU6ZsQ//g0,236.000,MY8Sv42aXxDpCjC4,419.000,jIf2AEWi7y2xcK85,655.000,q5GVJKHvqVwABnDf,969.000,OY9eVeUW8tGGPJFe,1227.000,zyQbLrDbnVAAyE0h,,,,,,
9,226,2026-04-05T12:41:40.845Z,1009.000,7,237.000,jIf2AEWi7y2xcK85,316.000,MY8Sv42aXxDpCjC4,318.000,md4MdKOU6ZsQ//g0,320.000,SayB0+Vq1qyZnTIu,472.000,q5GVJKHvqVwABnDf,970.000,TiCg1GW9IStcOras,1237.000,OY9eVeUW8tGGPJFe,,,,,,
9,227,2026-04-05T12:41:41.854Z,1187.000,7,239.000,jIf2AEWi7y2xcK85,316.000,md4MdKOU6ZsQ//g0,329.000,MY8Sv42aXxDpCjC4,364.000,SayB0+Vq1qyZnTIu,470.000,q5GVJKHvqVwABnDf,1644.000,TiCg1GW9IStcOras,1876.000,BjjWVd8h3JWMBrnK,,,,,,
9,228,2026-04-05T12:41:43.041Z,1028.000,7,315.000,md4MdKOU6ZsQ//g0,316.000,MY8Sv42aXxDpCjC4,320.000,SayB0+Vq1qyZnTIu,460.000,jIf2AEWi7y2xcK85,586.000,q5GVJKHvqVwABnDf,1025.000,Fw2XlLSvhDCRIl7z,1453.000,BjjWVd8h3JWMBrnK,,,,,,
9,229,2026-04-05T12:41:44.069Z,988.000,7,240.000,q5GVJKHvqVwABnDf,315.000,SayB0+Vq1qyZnTIu,319.000,MY8Sv42aXxDpCjC4,372.000,md4MdKOU6ZsQ//g0,472.000,jIf2AEWi7y2xcK85,985.000,Fw2XlLSvhDCRIl7z,1434.000,zyQbLrDbnVAAyE0h,,,,,,
9,230,2026-04-05T12:41:45.057Z,934.000,7,314.000,md4MdKOU6ZsQ//g0,316.000,MY8Sv42aXxDpCjC4,321.000,SayB0+Vq1qyZnTIu,466.000,jIf2AEWi7y2xcK85,473.000,q5GVJKHvqVwABnDf,1398.000,BjjWVd8h3JWMBrnK,1165.000,Fw2XlLSvhDCRIl7z,,,,,,
9,231,2026-04-05T12:41:45.991Z,1326.000,7,315.000,SayB0+Vq1qyZnTIu,316.000,md4MdKOU6ZsQ//g0,318.000,MY8Sv42aXxDpCjC4,401.000,jIf2AEWi7y2xcK85,474.000,q5GVJKHvqVwABnDf,1325.000,OY9eVeUW8tGGPJFe,1326.000,zyQbLrDbnVAAyE0h,,,,,,
9,232,2026-04-05T12:41:47.317Z,1209.000,7,238.000,jIf2AEWi7y2xcK85,309.000,md4MdKOU6ZsQ//g0,310.000,SayB0+Vq1qyZnTIu,311.000,MY8Sv42aXxDpCjC4,472.000,q5GVJKHvqVwABnDf,1207.000,Fw2XlLSvhDCRIl7z,1209.000,BjjWVd8h3JWMBrnK,,,,,,
9,233,2026-04-05T12:41:48.526Z,2056.000,7,240.000,jIf2AEWi7y2xcK85,317.000,md4MdKOU6ZsQ//g0,322.000,SayB0+Vq1qyZnTIu,323.000,MY8Sv42aXxDpCjC4,475.000,q5GVJKHvqVwABnDf,2047.000,BjjWVd8h3JWMBrnK,2288.000,Fw2XlLSvhDCRIl7z,,,,,,
9,234,2026-04-05T12:41:50.582Z,2321.000,7,233.000,q5GVJKHvqVwABnDf,237.000,jIf2AEWi7y2xcK85,316.000,SayB0+Vq1qyZnTIu,317.000,md4MdKOU6ZsQ//g0,332.000,MY8Sv42aXxDpCjC4,2314.000,BjjWVd8h3JWMBrnK,2559.000,TiCg1GW9IStcOras,,,,,,
9,235,2026-04-05T12:41:52.903Z,2198.000,7,319.000,SayB0+Vq1qyZnTIu,320.000,MY8Sv42aXxDpCjC4,324.000,md4MdKOU6ZsQ//g0,462.000,jIf2AEWi7y2xcK85,474.000,q5GVJKHvqVwABnDf,1280.000,zyQbLrDbnVAAyE0h,2608.000,OY9eVeUW8tGGPJFe,,,,,,
9,236,2026-04-05T12:41:55.101Z,2431.000,7,238.000,jIf2AEWi7y2xcK85,562.000,SayB0+Vq1qyZnTIu,603.000,md4MdKOU6ZsQ//g0,681.000,MY8Sv42aXxDpCjC4,1529.000,q5GVJKHvqVwABnDf,2304.000,zyQbLrDbnVAAyE0h,2669.000,Fw2XlLSvhDCRIl7z,,,,,,
9,237,2026-04-05T12:41:57.532Z,2843.000,7,346.000,jIf2AEWi7y2xcK85,672.000,SayB0+Vq1qyZnTIu,1697.000,MY8Sv42aXxDpCjC4,1734.000,md4MdKOU6ZsQ//g0,1741.000,zyQbLrDbnVAAyE0h,1746.000,q5GVJKHvqVwABnDf,2842.000,TiCg1GW9IStcOras,,,,,,
9,238,2026-04-05T12:42:00.375Z,4052.000,7,236.000,jIf2AEWi7y2xcK85,985.000,MY8Sv42aXxDpCjC4,1734.000,q5GVJKHvqVwABnDf,1756.000,md4MdKOU6ZsQ//g0,1783.000,SayB0+Vq1qyZnTIu,2971.000,Fw2XlLSvhDCRIl7z,4287.000,TiCg1GW9IStcOras,,,,,,
9,239,2026-04-05T12:42:04.427Z,4487.000,7,239.000,jIf2AEWi7y2xcK85,2612.000,MY8Sv42aXxDpCjC4,2640.000,md4MdKOU6ZsQ//g0,2641.000,q5GVJKHvqVwABnDf,2688.000,SayB0+Vq1qyZnTIu,4308.000,zyQbLrDbnVAAyE0h,4721.000,TiCg1GW9IStcOras,,,,,,
9,240,2026-04-05T12:42:08.914Z,5309.000,7,276.000,jIf2AEWi7y2xcK85,2222.000,SayB0+Vq1qyZnTIu,2310.000,md4MdKOU6ZsQ//g0,2366.000,MY8Sv42aXxDpCjC4,2372.000,q5GVJKHvqVwABnDf,4091.000,zyQbLrDbnVAAyE0h,5308.000,TiCg1GW9IStcOras,,,,,,
9,241,2026-04-05T12:42:14.223Z,7327.000,7,240.000,jIf2AEWi7y2xcK85,2219.000,md4MdKOU6ZsQ//g0,4330.000,q5GVJKHvqVwABnDf,4345.000,MY8Sv42aXxDpCjC4,4392.000,SayB0+Vq1qyZnTIu,6359.000,zyQbLrDbnVAAyE0h,7327.000,BjjWVd8h3JWMBrnK,,,,,,
9,242,2026-04-05T12:42:21.550Z,8389.000,7,243.000,jIf2AEWi7y2xcK85,5030.000,md4MdKOU6ZsQ//g0,5064.000,SayB0+Vq1qyZnTIu,5073.000,q5GVJKHvqVwABnDf,5127.000,MY8Sv42aXxDpCjC4,8366.000,TiCg1GW9IStcOras,8388.000,OY9eVeUW8tGGPJFe,,,,,,
9,243,2026-04-05T12:42:29.939Z,8345.000,7,239.000,jIf2AEWi7y2xcK85,3910.000,q5GVJKHvqVwABnDf,3929.000,md4MdKOU6ZsQ//g0,4901.000,SayB0+Vq1qyZnTIu,4911.000,MY8Sv42aXxDpCjC4,8342.000,TiCg1GW9IStcOras,8344.000,OY9eVeUW8tGGPJFe,,,,,,
9,244,2026-04-05T12:42:38.284Z,8356.000,7,414.000,jIf2AEWi7y2xcK85,5765.000,q5GVJKHvqVwABnDf,6563.000,SayB0+Vq1qyZnTIu,6568.000,md4MdKOU6ZsQ//g0,6569.000,MY8Sv42aXxDpCjC4,7913.000,zyQbLrDbnVAAyE0h,8356.000,Fw2XlLSvhDCRIl7z,,,,,,
9,245,2026-04-05T12:42:46.640Z,,1,240.000,jIf2AEWi7y2xcK85,,,,,,,,,,,,,,,,,,
