Node_ID,Round,Round_Start_Time,Round_End_Time_ms,Certificate_Count,Certificate_1_Time_Delta_ms,Certificate_1_Origin,Certificate_2_Time_Delta_ms,Certificate_2_Origin,Certificate_3_Time_Delta_ms,Certificate_3_Origin,Certificate_4_Time_Delta_ms,Certificate_4_Origin,Certificate_5_Time_Delta_ms,Certificate_5_Origin,Certificate_6_Time_Delta_ms,Certificate_6_Origin,Certificate_7_Time_Delta_ms,Certificate_7_Origin,Certificate_8_Time_Delta_ms,Certificate_8_Origin,Certificate_9_Time_Delta_ms,Certificate_9_Origin,Certificate_10_Time_Delta_ms,Certificate_10_Origin
0,1,2026-04-04T03:44:41.036Z,13534.000,7,9666.000,paJnKwJCIWomDQ7+,9987.000,Sll6nHrnLkY5NagO,11132.000,A+kNn85ct36ofjNq,11464.000,UX236HAQ6dQkJJA8,12785.000,33+gWAbpjoJRZ9Ve,13448.000,fuUUF3zbWalPJsuT,13534.000,YPgdnkCaZf+ESVhT,,,,,,
0,2,2026-04-04T03:44:54.570Z,739.000,8,348.000,fuUUF3zbWalPJsuT,396.000,Sll6nHrnLkY5NagO,397.000,paJnKwJCIWomDQ7+,399.000,UX236HAQ6dQkJJA8,482.000,A+kNn85ct36ofjNq,511.000,33+gWAbpjoJRZ9Ve,739.000,YPgdnkCaZf+ESVhT,902.000,8rKJuyoE+tpRfqEu,,,,
0,3,2026-04-04T03:44:55.309Z,574.000,8,333.000,fuUUF3zbWalPJsuT,390.000,UX236HAQ6dQkJJA8,400.000,A+kNn85ct36ofjNq,410.000,paJnKwJCIWomDQ7+,411.000,Sll6nHrnLkY5NagO,522.000,33+gWAbpjoJRZ9Ve,574.000,YPgdnkCaZf+ESVhT,774.000,8rKJuyoE+tpRfqEu,,,,
0,4,2026-04-04T03:44:55.883Z,446.000,9,318.000,BcosK2TTWH7NwrQ6,395.000,33+gWAbpjoJRZ9Ve,400.000,fuUUF3zbWalPJsuT,437.000,A+kNn85ct36ofjNq,439.000,paJnKwJCIWomDQ7+,441.000,Sll6nHrnLkY5NagO,446.000,UX236HAQ6dQkJJA8,589.000,YPgdnkCaZf+ESVhT,715.000,8rKJuyoE+tpRfqEu,,
0,5,2026-04-04T03:44:56.329Z,406.000,10,325.000,fuUUF3zbWalPJsuT,398.000,UX236HAQ6dQkJJA8,399.000,BcosK2TTWH7NwrQ6,401.000,Sll6nHrnLkY5NagO,403.000,A+kNn85ct36ofjNq,404.000,33+gWAbpjoJRZ9Ve,406.000,paJnKwJCIWomDQ7+,512.000,YPgdnkCaZf+ESVhT,557.000,8rKJuyoE+tpRfqEu,803.000,zFvzCKHBUS+vrHz6
0,6,2026-04-04T03:44:56.735Z,420.000,10,336.000,fuUUF3zbWalPJsuT,403.000,33+gWAbpjoJRZ9Ve,404.000,BcosK2TTWH7NwrQ6,405.000,Sll6nHrnLkY5NagO,415.000,paJnKwJCIWomDQ7+,417.000,UX236HAQ6dQkJJA8,420.000,A+kNn85ct36ofjNq,441.000,YPgdnkCaZf+ESVhT,548.000,8rKJuyoE+tpRfqEu,793.000,zFvzCKHBUS+vrHz6
0,7,2026-04-04T03:44:57.155Z,396.000,9,326.000,fuUUF3zbWalPJsuT,367.000,YPgdnkCaZf+ESVhT,388.000,A+kNn85ct36ofjNq,390.000,paJnKwJCIWomDQ7+,393.000,Sll6nHrnLkY5NagO,395.000,BcosK2TTWH7NwrQ6,396.000,33+gWAbpjoJRZ9Ve,403.000,8rKJuyoE+tpRfqEu,408.000,UX236HAQ6dQkJJA8,,
0,8,2026-04-04T03:44:57.551Z,418.000,10,333.000,fuUUF3zbWalPJsuT,401.000,UX236HAQ6dQkJJA8,406.000,BcosK2TTWH7NwrQ6,407.000,paJnKwJCIWomDQ7+,412.000,YPgdnkCaZf+ESVhT,413.000,33+gWAbpjoJRZ9Ve,418.000,A+kNn85ct36ofjNq,422.000,Sll6nHrnLkY5NagO,479.000,zFvzCKHBUS+vrHz6,487.000,8rKJuyoE+tpRfqEu
0,9,2026-04-04T03:44:57.969Z,398.000,10,318.000,fuUUF3zbWalPJsuT,367.000,zFvzCKHBUS+vrHz6,390.000,Sll6nHrnLkY5NagO,392.000,BcosK2TTWH7NwrQ6,395.000,YPgdnkCaZf+ESVhT,397.000,UX236HAQ6dQkJJA8,398.000,A+kNn85ct36ofjNq,402.000,33+gWAbpjoJRZ9Ve,404.000,paJnKwJCIWomDQ7+,430.000,8rKJuyoE+tpRfqEu
0,10,2026-04-04T03:44:58.367Z,410.000,10,328.000,fuUUF3zbWalPJsuT,366.000,zFvzCKHBUS+vrHz6,404.000,YPgdnkCaZf+ESVhT,405.000,Sll6nHrnLkY5NagO,407.000,BcosK2TTWH7NwrQ6,408.000,UX236HAQ6dQkJJA8,409.000,paJnKwJCIWomDQ7+,411.000,33+gWAbpjoJRZ9Ve,413.000,A+kNn85ct36ofjNq,443.000,8rKJuyoE+tpRfqEu
0,11,2026-04-04T03:44:58.777Z,406.000,10,325.000,fuUUF3zbWalPJsuT,364.000,zFvzCKHBUS+vrHz6,395.000,YPgdnkCaZf+ESVhT,398.000,8rKJuyoE+tpRfqEu,400.000,A+kNn85ct36ofjNq,401.000,BcosK2TTWH7NwrQ6,406.000,paJnKwJCIWomDQ7+,407.000,UX236HAQ6dQkJJA8,410.000,Sll6nHrnLkY5NagO,411.000,33+gWAbpjoJRZ9Ve
0,12,2026-04-04T03:44:59.183Z,399.000,10,322.000,fuUUF3zbWalPJsuT,362.000,zFvzCKHBUS+vrHz6,393.000,BcosK2TTWH7NwrQ6,394.000,33+gWAbpjoJRZ9Ve,396.000,UX236HAQ6dQkJJA8,397.000,A+kNn85ct36ofjNq,399.000,YPgdnkCaZf+ESVhT,403.000,Sll6nHrnLkY5NagO,405.000,8rKJuyoE+tpRfqEu,410.000,paJnKwJCIWomDQ7+
0,13,2026-04-04T03:44:59.582Z,414.000,10,332.000,fuUUF3zbWalPJsuT,400.000,paJnKwJCIWomDQ7+,408.000,BcosK2TTWH7NwrQ6,409.000,Sll6nHrnLkY5NagO,410.000,YPgdnkCaZf+ESVhT,412.000,A+kNn85ct36ofjNq,413.000,8rKJuyoE+tpRfqEu,415.000,zFvzCKHBUS+vrHz6,416.000,33+gWAbpjoJRZ9Ve,421.000,UX236HAQ6dQkJJA8
0,14,2026-04-04T03:44:59.996Z,408.000,10,322.000,fuUUF3zbWalPJsuT,400.000,33+gWAbpjoJRZ9Ve,401.000,BcosK2TTWH7NwrQ6,404.000,YPgdnkCaZf+ESVhT,405.000,UX236HAQ6dQkJJA8,406.000,A+kNn85ct36ofjNq,408.000,paJnKwJCIWomDQ7+,411.000,8rKJuyoE+tpRfqEu,413.000,Sll6nHrnLkY5NagO,439.000,zFvzCKHBUS+vrHz6
0,15,2026-04-04T03:45:00.404Z,404.000,10,319.000,fuUUF3zbWalPJsuT,397.000,UX236HAQ6dQkJJA8,399.000,paJnKwJCIWomDQ7+,400.000,BcosK2TTWH7NwrQ6,401.000,33+gWAbpjoJRZ9Ve,402.000,8rKJuyoE+tpRfqEu,404.000,Sll6nHrnLkY5NagO,406.000,YPgdnkCaZf+ESVhT,410.000,A+kNn85ct36ofjNq,414.000,zFvzCKHBUS+vrHz6
0,16,2026-04-04T03:45:00.808Z,408.000,10,324.000,fuUUF3zbWalPJsuT,401.000,8rKJuyoE+tpRfqEu,402.000,paJnKwJCIWomDQ7+,404.000,33+gWAbpjoJRZ9Ve,405.000,Sll6nHrnLkY5NagO,407.000,BcosK2TTWH7NwrQ6,408.000,zFvzCKHBUS+vrHz6,409.000,UX236HAQ6dQkJJA8,411.000,A+kNn85ct36ofjNq,416.000,YPgdnkCaZf+ESVhT
0,17,2026-04-04T03:45:01.216Z,406.000,10,323.000,fuUUF3zbWalPJsuT,395.000,BcosK2TTWH7NwrQ6,397.000,paJnKwJCIWomDQ7+,398.000,zFvzCKHBUS+vrHz6,402.000,YPgdnkCaZf+ESVhT,404.000,33+gWAbpjoJRZ9Ve,406.000,A+kNn85ct36ofjNq,407.000,8rKJuyoE+tpRfqEu,408.000,Sll6nHrnLkY5NagO,411.000,UX236HAQ6dQkJJA8
0,18,2026-04-04T03:45:01.622Z,405.000,10,323.000,fuUUF3zbWalPJsuT,395.000,33+gWAbpjoJRZ9Ve,398.000,A+kNn85ct36ofjNq,399.000,BcosK2TTWH7NwrQ6,402.000,8rKJuyoE+tpRfqEu,404.000,paJnKwJCIWomDQ7+,405.000,Sll6nHrnLkY5NagO,408.000,UX236HAQ6dQkJJA8,409.000,zFvzCKHBUS+vrHz6,416.000,YPgdnkCaZf+ESVhT
0,19,2026-04-04T03:45:02.027Z,407.000,10,324.000,fuUUF3zbWalPJsuT,396.000,8rKJuyoE+tpRfqEu,401.000,A+kNn85ct36ofjNq,403.000,paJnKwJCIWomDQ7+,404.000,BcosK2TTWH7NwrQ6,406.000,Sll6nHrnLkY5NagO,407.000,zFvzCKHBUS+vrHz6,408.000,33+gWAbpjoJRZ9Ve,409.000,UX236HAQ6dQkJJA8,411.000,YPgdnkCaZf+ESVhT
0,20,2026-04-04T03:45:02.434Z,407.000,10,324.000,fuUUF3zbWalPJsuT,395.000,YPgdnkCaZf+ESVhT,401.000,UX236HAQ6dQkJJA8,402.000,zFvzCKHBUS+vrHz6,403.000,33+gWAbpjoJRZ9Ve,406.000,Sll6nHrnLkY5NagO,407.000,paJnKwJCIWomDQ7+,408.000,A+kNn85ct36ofjNq,410.000,8rKJuyoE+tpRfqEu,411.000,BcosK2TTWH7NwrQ6
0,21,2026-04-04T03:45:02.841Z,404.000,10,322.000,fuUUF3zbWalPJsuT,392.000,UX236HAQ6dQkJJA8,395.000,Sll6nHrnLkY5NagO,400.000,8rKJuyoE+tpRfqEu,402.000,zFvzCKHBUS+vrHz6,403.000,33+gWAbpjoJRZ9Ve,404.000,YPgdnkCaZf+ESVhT,406.000,BcosK2TTWH7NwrQ6,407.000,A+kNn85ct36ofjNq,408.000,paJnKwJCIWomDQ7+
0,22,2026-04-04T03:45:03.245Z,409.000,10,324.000,fuUUF3zbWalPJsuT,399.000,A+kNn85ct36ofjNq,400.000,BcosK2TTWH7NwrQ6,405.000,UX236HAQ6dQkJJA8,407.000,33+gWAbpjoJRZ9Ve,408.000,zFvzCKHBUS+vrHz6,409.000,YPgdnkCaZf+ESVhT,410.000,8rKJuyoE+tpRfqEu,412.000,Sll6nHrnLkY5NagO,413.000,paJnKwJCIWomDQ7+
0,23,2026-04-04T03:45:03.654Z,401.000,10,319.000,fuUUF3zbWalPJsuT,392.000,Sll6nHrnLkY5NagO,394.000,zFvzCKHBUS+vrHz6,397.000,paJnKwJCIWomDQ7+,398.000,33+gWAbpjoJRZ9Ve,399.000,BcosK2TTWH7NwrQ6,401.000,UX236HAQ6dQkJJA8,402.000,8rKJuyoE+tpRfqEu,403.000,YPgdnkCaZf+ESVhT,404.000,A+kNn85ct36ofjNq
0,24,2026-04-04T03:45:04.055Z,410.000,10,329.000,fuUUF3zbWalPJsuT,396.000,zFvzCKHBUS+vrHz6,404.000,8rKJuyoE+tpRfqEu,406.000,paJnKwJCIWomDQ7+,407.000,YPgdnkCaZf+ESVhT,408.000,33+gWAbpjoJRZ9Ve,410.000,BcosK2TTWH7NwrQ6,411.000,A+kNn85ct36ofjNq,412.000,UX236HAQ6dQkJJA8,415.000,Sll6nHrnLkY5NagO
0,25,2026-04-04T03:45:04.465Z,403.000,10,321.000,fuUUF3zbWalPJsuT,396.000,Sll6nHrnLkY5NagO,398.000,UX236HAQ6dQkJJA8,399.000,zFvzCKHBUS+vrHz6,400.000,33+gWAbpjoJRZ9Ve,401.000,A+kNn85ct36ofjNq,403.000,paJnKwJCIWomDQ7+,404.000,YPgdnkCaZf+ESVhT,405.000,BcosK2TTWH7NwrQ6,407.000,8rKJuyoE+tpRfqEu
0,26,2026-04-04T03:45:04.868Z,410.000,10,327.000,fuUUF3zbWalPJsuT,402.000,Sll6nHrnLkY5NagO,404.000,paJnKwJCIWomDQ7+,405.000,UX236HAQ6dQkJJA8,406.000,8rKJuyoE+tpRfqEu,408.000,A+kNn85ct36ofjNq,409.000,YPgdnkCaZf+ESVhT,412.000,33+gWAbpjoJRZ9Ve,414.000,zFvzCKHBUS+vrHz6,416.000,BcosK2TTWH7NwrQ6
0,27,2026-04-04T03:45:05.278Z,404.000,10,321.000,fuUUF3zbWalPJsuT,395.000,8rKJuyoE+tpRfqEu,397.000,BcosK2TTWH7NwrQ6,400.000,Sll6nHrnLkY5NagO,401.000,UX236HAQ6dQkJJA8,402.000,paJnKwJCIWomDQ7+,404.000,zFvzCKHBUS+vrHz6,405.000,A+kNn85ct36ofjNq,406.000,YPgdnkCaZf+ESVhT,407.000,33+gWAbpjoJRZ9Ve
0,28,2026-04-04T03:45:05.682Z,406.000,10,325.000,fuUUF3zbWalPJsuT,398.000,UX236HAQ6dQkJJA8,400.000,paJnKwJCIWomDQ7+,401.000,BcosK2TTWH7NwrQ6,403.000,8rKJuyoE+tpRfqEu,405.000,33+gWAbpjoJRZ9Ve,406.000,A+kNn85ct36ofjNq,407.000,YPgdnkCaZf+ESVhT,409.000,Sll6nHrnLkY5NagO,410.000,zFvzCKHBUS+vrHz6
0,29,2026-04-04T03:45:06.088Z,405.000,10,324.000,fuUUF3zbWalPJsuT,394.000,UX236HAQ6dQkJJA8,398.000,33+gWAbpjoJRZ9Ve,401.000,8rKJuyoE+tpRfqEu,402.000,BcosK2TTWH7NwrQ6,403.000,zFvzCKHBUS+vrHz6,405.000,paJnKwJCIWomDQ7+,406.000,A+kNn85ct36ofjNq,408.000,YPgdnkCaZf+ESVhT,410.000,Sll6nHrnLkY5NagO
0,30,2026-04-04T03:45:06.493Z,409.000,10,326.000,fuUUF3zbWalPJsuT,395.000,UX236HAQ6dQkJJA8,402.000,YPgdnkCaZf+ESVhT,403.000,paJnKwJCIWomDQ7+,406.000,33+gWAbpjoJRZ9Ve,407.000,A+kNn85ct36ofjNq,409.000,BcosK2TTWH7NwrQ6,410.000,Sll6nHrnLkY5NagO,411.000,zFvzCKHBUS+vrHz6,413.000,8rKJuyoE+tpRfqEu
0,31,2026-04-04T03:45:06.902Z,407.000,10,323.000,fuUUF3zbWalPJsuT,397.000,paJnKwJCIWomDQ7+,400.000,BcosK2TTWH7NwrQ6,401.000,33+gWAbpjoJRZ9Ve,402.000,A+kNn85ct36ofjNq,404.000,8rKJuyoE+tpRfqEu,406.000,YPgdnkCaZf+ESVhT,408.000,zFvzCKHBUS+vrHz6,410.000,Sll6nHrnLkY5NagO,411.000,UX236HAQ6dQkJJA8
0,32,2026-04-04T03:45:07.309Z,403.000,10,322.000,fuUUF3zbWalPJsuT,394.000,33+gWAbpjoJRZ9Ve,396.000,zFvzCKHBUS+vrHz6,398.000,8rKJuyoE+tpRfqEu,399.000,UX236HAQ6dQkJJA8,402.000,A+kNn85ct36ofjNq,403.000,paJnKwJCIWomDQ7+,404.000,BcosK2TTWH7NwrQ6,406.000,YPgdnkCaZf+ESVhT,410.000,Sll6nHrnLkY5NagO
0,33,2026-04-04T03:45:07.712Z,407.000,10,325.000,fuUUF3zbWalPJsuT,399.000,BcosK2TTWH7NwrQ6,402.000,33+gWAbpjoJRZ9Ve,403.000,8rKJuyoE+tpRfqEu,405.000,YPgdnkCaZf+ESVhT,406.000,UX236HAQ6dQkJJA8,407.000,A+kNn85ct36ofjNq,408.000,zFvzCKHBUS+vrHz6,410.000,Sll6nHrnLkY5NagO,411.000,paJnKwJCIWomDQ7+
0,34,2026-04-04T03:45:08.119Z,406.000,10,324.000,fuUUF3zbWalPJsuT,395.000,paJnKwJCIWomDQ7+,399.000,zFvzCKHBUS+vrHz6,402.000,YPgdnkCaZf+ESVhT,404.000,33+gWAbpjoJRZ9Ve,405.000,BcosK2TTWH7NwrQ6,406.000,A+kNn85ct36ofjNq,407.000,8rKJuyoE+tpRfqEu,410.000,Sll6nHrnLkY5NagO,412.000,UX236HAQ6dQkJJA8
0,35,2026-04-04T03:45:08.525Z,408.000,10,328.000,fuUUF3zbWalPJsuT,399.000,UX236HAQ6dQkJJA8,401.000,33+gWAbpjoJRZ9Ve,402.000,zFvzCKHBUS+vrHz6,403.000,8rKJuyoE+tpRfqEu,406.000,YPgdnkCaZf+ESVhT,408.000,Sll6nHrnLkY5NagO,411.000,BcosK2TTWH7NwrQ6,412.000,paJnKwJCIWomDQ7+,415.000,A+kNn85ct36ofjNq
0,36,2026-04-04T03:45:08.933Z,404.000,10,322.000,fuUUF3zbWalPJsuT,397.000,paJnKwJCIWomDQ7+,399.000,UX236HAQ6dQkJJA8,400.000,8rKJuyoE+tpRfqEu,402.000,33+gWAbpjoJRZ9Ve,403.000,A+kNn85ct36ofjNq,404.000,BcosK2TTWH7NwrQ6,405.000,YPgdnkCaZf+ESVhT,407.000,zFvzCKHBUS+vrHz6,408.000,Sll6nHrnLkY5NagO
0,37,2026-04-04T03:45:09.337Z,412.000,10,331.000,fuUUF3zbWalPJsuT,404.000,paJnKwJCIWomDQ7+,406.000,33+gWAbpjoJRZ9Ve,408.000,8rKJuyoE+tpRfqEu,409.000,A+kNn85ct36ofjNq,411.000,zFvzCKHBUS+vrHz6,412.000,Sll6nHrnLkY5NagO,413.000,BcosK2TTWH7NwrQ6,415.000,YPgdnkCaZf+ESVhT,416.000,UX236HAQ6dQkJJA8
0,38,2026-04-04T03:45:09.749Z,442.000,9,359.000,fuUUF3zbWalPJsuT,429.000,8rKJuyoE+tpRfqEu,433.000,33+gWAbpjoJRZ9Ve,439.000,BcosK2TTWH7NwrQ6,440.000,zFvzCKHBUS+vrHz6,441.000,A+kNn85ct36ofjNq,442.000,YPgdnkCaZf+ESVhT,443.000,paJnKwJCIWomDQ7+,445.000,UX236HAQ6dQkJJA8,,
0,39,2026-04-04T03:45:10.191Z,728.000,8,519.000,fuUUF3zbWalPJsuT,578.000,UX236HAQ6dQkJJA8,589.000,33+gWAbpjoJRZ9Ve,652.000,BcosK2TTWH7NwrQ6,662.000,Sll6nHrnLkY5NagO,705.000,A+kNn85ct36ofjNq,724.000,8rKJuyoE+tpRfqEu,797.000,YPgdnkCaZf+ESVhT,,,,
0,40,2026-04-04T03:45:10.919Z,,0,,,,,,,,,,,,,,,,,,,,
1,1,2026-04-04T03:44:42.542Z,12018.000,7,8161.000,paJnKwJCIWomDQ7+,8484.000,Sll6nHrnLkY5NagO,9625.000,A+kNn85ct36ofjNq,9959.000,UX236HAQ6dQkJJA8,11273.000,33+gWAbpjoJRZ9Ve,11982.000,fuUUF3zbWalPJsuT,12018.000,YPgdnkCaZf+ESVhT,,,,,,
1,2,2026-04-04T03:44:54.560Z,750.000,8,408.000,Sll6nHrnLkY5NagO,409.000,paJnKwJCIWomDQ7+,411.000,UX236HAQ6dQkJJA8,417.000,fuUUF3zbWalPJsuT,483.000,A+kNn85ct36ofjNq,524.000,33+gWAbpjoJRZ9Ve,750.000,YPgdnkCaZf+ESVhT,916.000,8rKJuyoE+tpRfqEu,,,,
1,3,2026-04-04T03:44:55.310Z,520.000,8,397.000,A+kNn85ct36ofjNq,399.000,fuUUF3zbWalPJsuT,401.000,Sll6nHrnLkY5NagO,404.000,paJnKwJCIWomDQ7+,406.000,UX236HAQ6dQkJJA8,497.000,YPgdnkCaZf+ESVhT,520.000,33+gWAbpjoJRZ9Ve,798.000,8rKJuyoE+tpRfqEu,,,,
1,4,2026-04-04T03:44:55.830Z,498.000,9,329.000,BcosK2TTWH7NwrQ6,423.000,33+gWAbpjoJRZ9Ve,490.000,paJnKwJCIWomDQ7+,493.000,Sll6nHrnLkY5NagO,494.000,A+kNn85ct36ofjNq,495.000,UX236HAQ6dQkJJA8,498.000,fuUUF3zbWalPJsuT,642.000,YPgdnkCaZf+ESVhT,767.000,8rKJuyoE+tpRfqEu,,
1,5,2026-04-04T03:44:56.328Z,408.000,10,323.000,BcosK2TTWH7NwrQ6,397.000,33+gWAbpjoJRZ9Ve,399.000,Sll6nHrnLkY5NagO,401.000,paJnKwJCIWomDQ7+,403.000,UX236HAQ6dQkJJA8,404.000,fuUUF3zbWalPJsuT,408.000,A+kNn85ct36ofjNq,505.000,YPgdnkCaZf+ESVhT,553.000,8rKJuyoE+tpRfqEu,799.000,zFvzCKHBUS+vrHz6
1,6,2026-04-04T03:44:56.736Z,411.000,10,330.000,BcosK2TTWH7NwrQ6,401.000,33+gWAbpjoJRZ9Ve,403.000,paJnKwJCIWomDQ7+,407.000,fuUUF3zbWalPJsuT,409.000,Sll6nHrnLkY5NagO,410.000,A+kNn85ct36ofjNq,411.000,UX236HAQ6dQkJJA8,443.000,YPgdnkCaZf+ESVhT,549.000,8rKJuyoE+tpRfqEu,793.000,zFvzCKHBUS+vrHz6
1,7,2026-04-04T03:44:57.147Z,408.000,9,328.000,BcosK2TTWH7NwrQ6,375.000,YPgdnkCaZf+ESVhT,402.000,Sll6nHrnLkY5NagO,404.000,33+gWAbpjoJRZ9Ve,406.000,paJnKwJCIWomDQ7+,407.000,A+kNn85ct36ofjNq,408.000,8rKJuyoE+tpRfqEu,408.000,UX236HAQ6dQkJJA8,411.000,fuUUF3zbWalPJsuT,,
1,8,2026-04-04T03:44:57.555Z,408.000,10,326.000,BcosK2TTWH7NwrQ6,398.000,fuUUF3zbWalPJsuT,401.000,UX236HAQ6dQkJJA8,403.000,YPgdnkCaZf+ESVhT,406.000,A+kNn85ct36ofjNq,407.000,33+gWAbpjoJRZ9Ve,408.000,paJnKwJCIWomDQ7+,411.000,Sll6nHrnLkY5NagO,466.000,zFvzCKHBUS+vrHz6,484.000,8rKJuyoE+tpRfqEu
1,9,2026-04-04T03:44:57.963Z,406.000,10,327.000,BcosK2TTWH7NwrQ6,374.000,zFvzCKHBUS+vrHz6,398.000,33+gWAbpjoJRZ9Ve,399.000,Sll6nHrnLkY5NagO,400.000,A+kNn85ct36ofjNq,402.000,paJnKwJCIWomDQ7+,406.000,YPgdnkCaZf+ESVhT,407.000,UX236HAQ6dQkJJA8,409.000,fuUUF3zbWalPJsuT,445.000,8rKJuyoE+tpRfqEu
1,10,2026-04-04T03:44:58.369Z,410.000,10,327.000,BcosK2TTWH7NwrQ6,395.000,YPgdnkCaZf+ESVhT,404.000,paJnKwJCIWomDQ7+,406.000,fuUUF3zbWalPJsuT,407.000,8rKJuyoE+tpRfqEu,408.000,UX236HAQ6dQkJJA8,410.000,33+gWAbpjoJRZ9Ve,411.000,A+kNn85ct36ofjNq,413.000,Sll6nHrnLkY5NagO,441.000,zFvzCKHBUS+vrHz6
1,11,2026-04-04T03:44:58.779Z,400.000,10,321.000,BcosK2TTWH7NwrQ6,364.000,zFvzCKHBUS+vrHz6,391.000,YPgdnkCaZf+ESVhT,395.000,UX236HAQ6dQkJJA8,397.000,fuUUF3zbWalPJsuT,398.000,33+gWAbpjoJRZ9Ve,400.000,paJnKwJCIWomDQ7+,401.000,A+kNn85ct36ofjNq,403.000,Sll6nHrnLkY5NagO,404.000,8rKJuyoE+tpRfqEu
1,12,2026-04-04T03:44:59.179Z,410.000,10,329.000,BcosK2TTWH7NwrQ6,364.000,zFvzCKHBUS+vrHz6,401.000,33+gWAbpjoJRZ9Ve,402.000,YPgdnkCaZf+ESVhT,405.000,paJnKwJCIWomDQ7+,407.000,Sll6nHrnLkY5NagO,410.000,A+kNn85ct36ofjNq,411.000,UX236HAQ6dQkJJA8,412.000,fuUUF3zbWalPJsuT,414.000,8rKJuyoE+tpRfqEu
1,13,2026-04-04T03:44:59.589Z,404.000,10,322.000,BcosK2TTWH7NwrQ6,393.000,A+kNn85ct36ofjNq,394.000,fuUUF3zbWalPJsuT,396.000,paJnKwJCIWomDQ7+,400.000,8rKJuyoE+tpRfqEu,402.000,Sll6nHrnLkY5NagO,403.000,YPgdnkCaZf+ESVhT,410.000,UX236HAQ6dQkJJA8,412.000,33+gWAbpjoJRZ9Ve,445.000,zFvzCKHBUS+vrHz6
1,14,2026-04-04T03:44:59.993Z,406.000,10,327.000,BcosK2TTWH7NwrQ6,393.000,Sll6nHrnLkY5NagO,399.000,33+gWAbpjoJRZ9Ve,401.000,fuUUF3zbWalPJsuT,402.000,YPgdnkCaZf+ESVhT,405.000,paJnKwJCIWomDQ7+,406.000,A+kNn85ct36ofjNq,407.000,UX236HAQ6dQkJJA8,410.000,8rKJuyoE+tpRfqEu,444.000,zFvzCKHBUS+vrHz6
1,15,2026-04-04T03:45:00.399Z,412.000,10,327.000,BcosK2TTWH7NwrQ6,393.000,YPgdnkCaZf+ESVhT,401.000,8rKJuyoE+tpRfqEu,402.000,33+gWAbpjoJRZ9Ve,404.000,UX236HAQ6dQkJJA8,410.000,Sll6nHrnLkY5NagO,412.000,paJnKwJCIWomDQ7+,413.000,A+kNn85ct36ofjNq,414.000,fuUUF3zbWalPJsuT,427.000,zFvzCKHBUS+vrHz6
1,16,2026-04-04T03:45:00.811Z,405.000,10,323.000,BcosK2TTWH7NwrQ6,396.000,fuUUF3zbWalPJsuT,397.000,paJnKwJCIWomDQ7+,400.000,UX236HAQ6dQkJJA8,402.000,A+kNn85ct36ofjNq,403.000,zFvzCKHBUS+vrHz6,405.000,8rKJuyoE+tpRfqEu,406.000,33+gWAbpjoJRZ9Ve,407.000,YPgdnkCaZf+ESVhT,408.000,Sll6nHrnLkY5NagO
1,17,2026-04-04T03:45:01.216Z,400.000,10,318.000,BcosK2TTWH7NwrQ6,393.000,8rKJuyoE+tpRfqEu,395.000,A+kNn85ct36ofjNq,396.000,zFvzCKHBUS+vrHz6,398.000,Sll6nHrnLkY5NagO,399.000,UX236HAQ6dQkJJA8,400.000,paJnKwJCIWomDQ7+,401.000,33+gWAbpjoJRZ9Ve,403.000,YPgdnkCaZf+ESVhT,409.000,fuUUF3zbWalPJsuT
1,18,2026-04-04T03:45:01.616Z,412.000,10,328.000,BcosK2TTWH7NwrQ6,399.000,33+gWAbpjoJRZ9Ve,404.000,Sll6nHrnLkY5NagO,406.000,fuUUF3zbWalPJsuT,407.000,A+kNn85ct36ofjNq,410.000,UX236HAQ6dQkJJA8,411.000,zFvzCKHBUS+vrHz6,413.000,8rKJuyoE+tpRfqEu,414.000,paJnKwJCIWomDQ7+,416.000,YPgdnkCaZf+ESVhT
1,19,2026-04-04T03:45:02.028Z,406.000,10,325.000,BcosK2TTWH7NwrQ6,399.000,fuUUF3zbWalPJsuT,401.000,paJnKwJCIWomDQ7+,402.000,A+kNn85ct36ofjNq,404.000,33+gWAbpjoJRZ9Ve,405.000,zFvzCKHBUS+vrHz6,406.000,8rKJuyoE+tpRfqEu,408.000,UX236HAQ6dQkJJA8,409.000,Sll6nHrnLkY5NagO,410.000,YPgdnkCaZf+ESVhT
1,20,2026-04-04T03:45:02.434Z,406.000,10,323.000,BcosK2TTWH7NwrQ6,397.000,YPgdnkCaZf+ESVhT,400.000,UX236HAQ6dQkJJA8,402.000,8rKJuyoE+tpRfqEu,403.000,zFvzCKHBUS+vrHz6,405.000,Sll6nHrnLkY5NagO,406.000,33+gWAbpjoJRZ9Ve,407.000,A+kNn85ct36ofjNq,409.000,fuUUF3zbWalPJsuT,418.000,paJnKwJCIWomDQ7+
1,21,2026-04-04T03:45:02.840Z,404.000,10,323.000,BcosK2TTWH7NwrQ6,395.000,UX236HAQ6dQkJJA8,397.000,YPgdnkCaZf+ESVhT,399.000,zFvzCKHBUS+vrHz6,401.000,Sll6nHrnLkY5NagO,403.000,33+gWAbpjoJRZ9Ve,404.000,8rKJuyoE+tpRfqEu,405.000,A+kNn85ct36ofjNq,406.000,fuUUF3zbWalPJsuT,411.000,paJnKwJCIWomDQ7+
1,22,2026-04-04T03:45:03.244Z,407.000,10,326.000,BcosK2TTWH7NwrQ6,392.000,A+kNn85ct36ofjNq,399.000,fuUUF3zbWalPJsuT,402.000,zFvzCKHBUS+vrHz6,404.000,33+gWAbpjoJRZ9Ve,406.000,UX236HAQ6dQkJJA8,407.000,paJnKwJCIWomDQ7+,410.000,YPgdnkCaZf+ESVhT,411.000,8rKJuyoE+tpRfqEu,412.000,Sll6nHrnLkY5NagO
1,23,2026-04-04T03:45:03.651Z,407.000,10,325.000,BcosK2TTWH7NwrQ6,395.000,Sll6nHrnLkY5NagO,397.000,UX236HAQ6dQkJJA8,402.000,33+gWAbpjoJRZ9Ve,404.000,YPgdnkCaZf+ESVhT,405.000,zFvzCKHBUS+vrHz6,407.000,paJnKwJCIWomDQ7+,408.000,8rKJuyoE+tpRfqEu,412.000,A+kNn85ct36ofjNq,414.000,fuUUF3zbWalPJsuT
1,24,2026-04-04T03:45:04.058Z,404.000,10,323.000,BcosK2TTWH7NwrQ6,394.000,8rKJuyoE+tpRfqEu,398.000,zFvzCKHBUS+vrHz6,400.000,Sll6nHrnLkY5NagO,401.000,A+kNn85ct36ofjNq,402.000,paJnKwJCIWomDQ7+,403.000,YPgdnkCaZf+ESVhT,405.000,UX236HAQ6dQkJJA8,406.000,fuUUF3zbWalPJsuT,407.000,33+gWAbpjoJRZ9Ve
1,25,2026-04-04T03:45:04.462Z,408.000,10,326.000,BcosK2TTWH7NwrQ6,401.000,YPgdnkCaZf+ESVhT,402.000,UX236HAQ6dQkJJA8,403.000,paJnKwJCIWomDQ7+,405.000,8rKJuyoE+tpRfqEu,406.000,33+gWAbpjoJRZ9Ve,408.000,A+kNn85ct36ofjNq,409.000,Sll6nHrnLkY5NagO,410.000,fuUUF3zbWalPJsuT,411.000,zFvzCKHBUS+vrHz6
1,26,2026-04-04T03:45:04.870Z,405.000,10,322.000,BcosK2TTWH7NwrQ6,394.000,UX236HAQ6dQkJJA8,399.000,33+gWAbpjoJRZ9Ve,401.000,A+kNn85ct36ofjNq,403.000,fuUUF3zbWalPJsuT,404.000,Sll6nHrnLkY5NagO,405.000,YPgdnkCaZf+ESVhT,407.000,8rKJuyoE+tpRfqEu,409.000,paJnKwJCIWomDQ7+,411.000,zFvzCKHBUS+vrHz6
1,27,2026-04-04T03:45:05.275Z,409.000,10,326.000,BcosK2TTWH7NwrQ6,402.000,A+kNn85ct36ofjNq,404.000,Sll6nHrnLkY5NagO,405.000,8rKJuyoE+tpRfqEu,406.000,zFvzCKHBUS+vrHz6,407.000,33+gWAbpjoJRZ9Ve,409.000,UX236HAQ6dQkJJA8,410.000,YPgdnkCaZf+ESVhT,411.000,paJnKwJCIWomDQ7+,413.000,fuUUF3zbWalPJsuT
1,28,2026-04-04T03:45:05.684Z,406.000,10,321.000,BcosK2TTWH7NwrQ6,392.000,33+gWAbpjoJRZ9Ve,400.000,A+kNn85ct36ofjNq,402.000,fuUUF3zbWalPJsuT,403.000,YPgdnkCaZf+ESVhT,405.000,UX236HAQ6dQkJJA8,406.000,zFvzCKHBUS+vrHz6,407.000,paJnKwJCIWomDQ7+,408.000,Sll6nHrnLkY5NagO,411.000,8rKJuyoE+tpRfqEu
1,29,2026-04-04T03:45:06.090Z,404.000,10,320.000,BcosK2TTWH7NwrQ6,391.000,A+kNn85ct36ofjNq,394.000,8rKJuyoE+tpRfqEu,400.000,fuUUF3zbWalPJsuT,401.000,YPgdnkCaZf+ESVhT,403.000,paJnKwJCIWomDQ7+,404.000,33+gWAbpjoJRZ9Ve,405.000,UX236HAQ6dQkJJA8,407.000,zFvzCKHBUS+vrHz6,409.000,Sll6nHrnLkY5NagO
1,30,2026-04-04T03:45:06.494Z,405.000,10,323.000,BcosK2TTWH7NwrQ6,397.000,33+gWAbpjoJRZ9Ve,399.000,Sll6nHrnLkY5NagO,400.000,paJnKwJCIWomDQ7+,402.000,fuUUF3zbWalPJsuT,403.000,A+kNn85ct36ofjNq,404.000,zFvzCKHBUS+vrHz6,406.000,YPgdnkCaZf+ESVhT,410.000,UX236HAQ6dQkJJA8,411.000,8rKJuyoE+tpRfqEu
1,31,2026-04-04T03:45:06.899Z,406.000,10,325.000,BcosK2TTWH7NwrQ6,397.000,33+gWAbpjoJRZ9Ve,400.000,fuUUF3zbWalPJsuT,402.000,A+kNn85ct36ofjNq,403.000,paJnKwJCIWomDQ7+,404.000,8rKJuyoE+tpRfqEu,405.000,zFvzCKHBUS+vrHz6,407.000,UX236HAQ6dQkJJA8,411.000,Sll6nHrnLkY5NagO,413.000,YPgdnkCaZf+ESVhT
1,32,2026-04-04T03:45:07.305Z,407.000,10,325.000,BcosK2TTWH7NwrQ6,398.000,A+kNn85ct36ofjNq,400.000,paJnKwJCIWomDQ7+,402.000,8rKJuyoE+tpRfqEu,404.000,UX236HAQ6dQkJJA8,405.000,zFvzCKHBUS+vrHz6,407.000,fuUUF3zbWalPJsuT,408.000,Sll6nHrnLkY5NagO,409.000,YPgdnkCaZf+ESVhT,410.000,33+gWAbpjoJRZ9Ve
1,33,2026-04-04T03:45:07.712Z,406.000,10,325.000,BcosK2TTWH7NwrQ6,397.000,33+gWAbpjoJRZ9Ve,399.000,8rKJuyoE+tpRfqEu,400.000,YPgdnkCaZf+ESVhT,403.000,UX236HAQ6dQkJJA8,404.000,Sll6nHrnLkY5NagO,406.000,fuUUF3zbWalPJsuT,408.000,zFvzCKHBUS+vrHz6,410.000,A+kNn85ct36ofjNq,412.000,paJnKwJCIWomDQ7+
1,34,2026-04-04T03:45:08.118Z,406.000,10,322.000,BcosK2TTWH7NwrQ6,397.000,33+gWAbpjoJRZ9Ve,399.000,zFvzCKHBUS+vrHz6,400.000,A+kNn85ct36ofjNq,401.000,YPgdnkCaZf+ESVhT,402.000,8rKJuyoE+tpRfqEu,406.000,Sll6nHrnLkY5NagO,409.000,fuUUF3zbWalPJsuT,410.000,UX236HAQ6dQkJJA8,411.000,paJnKwJCIWomDQ7+
1,35,2026-04-04T03:45:08.524Z,408.000,10,325.000,BcosK2TTWH7NwrQ6,400.000,fuUUF3zbWalPJsuT,401.000,33+gWAbpjoJRZ9Ve,402.000,A+kNn85ct36ofjNq,404.000,8rKJuyoE+tpRfqEu,405.000,paJnKwJCIWomDQ7+,408.000,UX236HAQ6dQkJJA8,410.000,Sll6nHrnLkY5NagO,411.000,YPgdnkCaZf+ESVhT,416.000,zFvzCKHBUS+vrHz6
1,36,2026-04-04T03:45:08.932Z,412.000,10,327.000,BcosK2TTWH7NwrQ6,398.000,fuUUF3zbWalPJsuT,402.000,zFvzCKHBUS+vrHz6,407.000,A+kNn85ct36ofjNq,409.000,paJnKwJCIWomDQ7+,410.000,Sll6nHrnLkY5NagO,411.000,8rKJuyoE+tpRfqEu,413.000,33+gWAbpjoJRZ9Ve,414.000,YPgdnkCaZf+ESVhT,415.000,UX236HAQ6dQkJJA8
1,37,2026-04-04T03:45:09.344Z,401.000,10,319.000,BcosK2TTWH7NwrQ6,388.000,fuUUF3zbWalPJsuT,395.000,8rKJuyoE+tpRfqEu,396.000,UX236HAQ6dQkJJA8,398.000,Sll6nHrnLkY5NagO,399.000,YPgdnkCaZf+ESVhT,400.000,33+gWAbpjoJRZ9Ve,402.000,zFvzCKHBUS+vrHz6,403.000,A+kNn85ct36ofjNq,405.000,paJnKwJCIWomDQ7+
1,38,2026-04-04T03:45:09.745Z,409.000,9,326.000,BcosK2TTWH7NwrQ6,399.000,A+kNn85ct36ofjNq,401.000,paJnKwJCIWomDQ7+,404.000,YPgdnkCaZf+ESVhT,405.000,33+gWAbpjoJRZ9Ve,407.000,zFvzCKHBUS+vrHz6,409.000,fuUUF3zbWalPJsuT,410.000,8rKJuyoE+tpRfqEu,412.000,UX236HAQ6dQkJJA8,,
1,39,2026-04-04T03:45:10.154Z,743.000,8,550.000,BcosK2TTWH7NwrQ6,609.000,UX236HAQ6dQkJJA8,621.000,fuUUF3zbWalPJsuT,685.000,8rKJuyoE+tpRfqEu,694.000,Sll6nHrnLkY5NagO,707.000,33+gWAbpjoJRZ9Ve,739.000,A+kNn85ct36ofjNq,832.000,YPgdnkCaZf+ESVhT,,,,
1,40,2026-04-04T03:45:10.897Z,,0,,,,,,,,,,,,,,,,,,,,
2,1,2026-04-04T03:44:44.003Z,10557.000,7,6702.000,paJnKwJCIWomDQ7+,6980.000,Sll6nHrnLkY5NagO,8160.000,A+kNn85ct36ofjNq,8492.000,UX236HAQ6dQkJJA8,9810.000,33+gWAbpjoJRZ9Ve,10522.000,fuUUF3zbWalPJsuT,10557.000,YPgdnkCaZf+ESVhT,,,,,,
2,2,2026-04-04T03:44:54.560Z,748.000,8,366.000,Sll6nHrnLkY5NagO,402.000,fuUUF3zbWalPJsuT,404.000,paJnKwJCIWomDQ7+,409.000,UX236HAQ6dQkJJA8,486.000,A+kNn85ct36ofjNq,520.000,33+gWAbpjoJRZ9Ve,748.000,YPgdnkCaZf+ESVhT,915.000,8rKJuyoE+tpRfqEu,,,,
2,3,2026-04-04T03:44:55.308Z,569.000,8,329.000,Sll6nHrnLkY5NagO,404.000,UX236HAQ6dQkJJA8,407.000,paJnKwJCIWomDQ7+,408.000,A+kNn85ct36ofjNq,410.000,fuUUF3zbWalPJsuT,523.000,33+gWAbpjoJRZ9Ve,568.000,YPgdnkCaZf+ESVhT,773.000,8rKJuyoE+tpRfqEu,,,,
2,4,2026-04-04T03:44:55.877Z,448.000,9,325.000,BcosK2TTWH7NwrQ6,400.000,33+gWAbpjoJRZ9Ve,404.000,Sll6nHrnLkY5NagO,443.000,A+kNn85ct36ofjNq,444.000,paJnKwJCIWomDQ7+,445.000,UX236HAQ6dQkJJA8,447.000,fuUUF3zbWalPJsuT,594.000,YPgdnkCaZf+ESVhT,716.000,8rKJuyoE+tpRfqEu,,
2,5,2026-04-04T03:44:56.325Z,413.000,10,330.000,Sll6nHrnLkY5NagO,401.000,paJnKwJCIWomDQ7+,402.000,fuUUF3zbWalPJsuT,404.000,UX236HAQ6dQkJJA8,407.000,33+gWAbpjoJRZ9Ve,412.000,BcosK2TTWH7NwrQ6,413.000,A+kNn85ct36ofjNq,507.000,YPgdnkCaZf+ESVhT,631.000,8rKJuyoE+tpRfqEu,800.000,zFvzCKHBUS+vrHz6
2,6,2026-04-04T03:44:56.738Z,409.000,10,323.000,Sll6nHrnLkY5NagO,401.000,UX236HAQ6dQkJJA8,402.000,BcosK2TTWH7NwrQ6,404.000,fuUUF3zbWalPJsuT,405.000,33+gWAbpjoJRZ9Ve,406.000,A+kNn85ct36ofjNq,408.000,paJnKwJCIWomDQ7+,441.000,YPgdnkCaZf+ESVhT,537.000,8rKJuyoE+tpRfqEu,810.000,zFvzCKHBUS+vrHz6
2,7,2026-04-04T03:44:57.147Z,410.000,9,330.000,Sll6nHrnLkY5NagO,396.000,A+kNn85ct36ofjNq,405.000,paJnKwJCIWomDQ7+,406.000,UX236HAQ6dQkJJA8,407.000,BcosK2TTWH7NwrQ6,408.000,YPgdnkCaZf+ESVhT,410.000,33+gWAbpjoJRZ9Ve,418.000,fuUUF3zbWalPJsuT,480.000,8rKJuyoE+tpRfqEu,,
2,8,2026-04-04T03:44:57.557Z,404.000,10,323.000,Sll6nHrnLkY5NagO,396.000,paJnKwJCIWomDQ7+,398.000,zFvzCKHBUS+vrHz6,400.000,A+kNn85ct36ofjNq,401.000,fuUUF3zbWalPJsuT,402.000,BcosK2TTWH7NwrQ6,403.000,33+gWAbpjoJRZ9Ve,405.000,UX236HAQ6dQkJJA8,406.000,YPgdnkCaZf+ESVhT,484.000,8rKJuyoE+tpRfqEu
2,9,2026-04-04T03:44:57.961Z,408.000,10,330.000,Sll6nHrnLkY5NagO,402.000,UX236HAQ6dQkJJA8,405.000,33+gWAbpjoJRZ9Ve,406.000,A+kNn85ct36ofjNq,407.000,paJnKwJCIWomDQ7+,407.000,BcosK2TTWH7NwrQ6,408.000,YPgdnkCaZf+ESVhT,414.000,fuUUF3zbWalPJsuT,435.000,8rKJuyoE+tpRfqEu,448.000,zFvzCKHBUS+vrHz6
2,10,2026-04-04T03:44:58.369Z,409.000,10,325.000,Sll6nHrnLkY5NagO,366.000,zFvzCKHBUS+vrHz6,399.000,paJnKwJCIWomDQ7+,405.000,UX236HAQ6dQkJJA8,406.000,YPgdnkCaZf+ESVhT,406.000,BcosK2TTWH7NwrQ6,409.000,33+gWAbpjoJRZ9Ve,410.000,fuUUF3zbWalPJsuT,411.000,A+kNn85ct36ofjNq,440.000,8rKJuyoE+tpRfqEu
2,11,2026-04-04T03:44:58.778Z,403.000,10,321.000,Sll6nHrnLkY5NagO,365.000,zFvzCKHBUS+vrHz6,396.000,YPgdnkCaZf+ESVhT,397.000,A+kNn85ct36ofjNq,398.000,paJnKwJCIWomDQ7+,401.000,UX236HAQ6dQkJJA8,403.000,33+gWAbpjoJRZ9Ve,404.000,8rKJuyoE+tpRfqEu,407.000,BcosK2TTWH7NwrQ6,412.000,fuUUF3zbWalPJsuT
2,12,2026-04-04T03:44:59.181Z,404.000,10,325.000,Sll6nHrnLkY5NagO,365.000,zFvzCKHBUS+vrHz6,393.000,YPgdnkCaZf+ESVhT,400.000,33+gWAbpjoJRZ9Ve,401.000,UX236HAQ6dQkJJA8,403.000,BcosK2TTWH7NwrQ6,404.000,8rKJuyoE+tpRfqEu,405.000,fuUUF3zbWalPJsuT,407.000,A+kNn85ct36ofjNq,412.000,paJnKwJCIWomDQ7+
2,13,2026-04-04T03:44:59.585Z,409.000,10,326.000,Sll6nHrnLkY5NagO,403.000,A+kNn85ct36ofjNq,404.000,UX236HAQ6dQkJJA8,405.000,8rKJuyoE+tpRfqEu,407.000,33+gWAbpjoJRZ9Ve,408.000,paJnKwJCIWomDQ7+,409.000,fuUUF3zbWalPJsuT,413.000,YPgdnkCaZf+ESVhT,414.000,zFvzCKHBUS+vrHz6,416.000,BcosK2TTWH7NwrQ6
2,14,2026-04-04T03:44:59.994Z,406.000,10,323.000,Sll6nHrnLkY5NagO,394.000,33+gWAbpjoJRZ9Ve,401.000,fuUUF3zbWalPJsuT,402.000,paJnKwJCIWomDQ7+,404.000,BcosK2TTWH7NwrQ6,405.000,8rKJuyoE+tpRfqEu,406.000,UX236HAQ6dQkJJA8,408.000,YPgdnkCaZf+ESVhT,411.000,A+kNn85ct36ofjNq,452.000,zFvzCKHBUS+vrHz6
2,15,2026-04-04T03:45:00.400Z,410.000,10,327.000,Sll6nHrnLkY5NagO,399.000,A+kNn85ct36ofjNq,401.000,8rKJuyoE+tpRfqEu,404.000,fuUUF3zbWalPJsuT,405.000,YPgdnkCaZf+ESVhT,406.000,UX236HAQ6dQkJJA8,409.000,BcosK2TTWH7NwrQ6,411.000,paJnKwJCIWomDQ7+,413.000,33+gWAbpjoJRZ9Ve,415.000,zFvzCKHBUS+vrHz6
2,16,2026-04-04T03:45:00.810Z,404.000,10,320.000,Sll6nHrnLkY5NagO,391.000,UX236HAQ6dQkJJA8,394.000,8rKJuyoE+tpRfqEu,400.000,fuUUF3zbWalPJsuT,401.000,zFvzCKHBUS+vrHz6,402.000,33+gWAbpjoJRZ9Ve,403.000,paJnKwJCIWomDQ7+,405.000,A+kNn85ct36ofjNq,406.000,BcosK2TTWH7NwrQ6,415.000,YPgdnkCaZf+ESVhT
2,17,2026-04-04T03:45:01.214Z,407.000,10,322.000,Sll6nHrnLkY5NagO,400.000,33+gWAbpjoJRZ9Ve,402.000,paJnKwJCIWomDQ7+,403.000,YPgdnkCaZf+ESVhT,404.000,zFvzCKHBUS+vrHz6,405.000,8rKJuyoE+tpRfqEu,407.000,BcosK2TTWH7NwrQ6,408.000,fuUUF3zbWalPJsuT,409.000,UX236HAQ6dQkJJA8,410.000,A+kNn85ct36ofjNq
2,18,2026-04-04T03:45:01.621Z,406.000,10,323.000,Sll6nHrnLkY5NagO,395.000,paJnKwJCIWomDQ7+,396.000,fuUUF3zbWalPJsuT,398.000,33+gWAbpjoJRZ9Ve,399.000,BcosK2TTWH7NwrQ6,404.000,8rKJuyoE+tpRfqEu,405.000,UX236HAQ6dQkJJA8,407.000,zFvzCKHBUS+vrHz6,410.000,YPgdnkCaZf+ESVhT,411.000,A+kNn85ct36ofjNq
2,19,2026-04-04T03:45:02.027Z,406.000,10,323.000,Sll6nHrnLkY5NagO,397.000,fuUUF3zbWalPJsuT,398.000,8rKJuyoE+tpRfqEu,402.000,A+kNn85ct36ofjNq,403.000,UX236HAQ6dQkJJA8,405.000,zFvzCKHBUS+vrHz6,406.000,BcosK2TTWH7NwrQ6,407.000,33+gWAbpjoJRZ9Ve,408.000,YPgdnkCaZf+ESVhT,410.000,paJnKwJCIWomDQ7+
2,20,2026-04-04T03:45:02.433Z,407.000,10,323.000,Sll6nHrnLkY5NagO,397.000,fuUUF3zbWalPJsuT,401.000,8rKJuyoE+tpRfqEu,403.000,YPgdnkCaZf+ESVhT,404.000,UX236HAQ6dQkJJA8,405.000,zFvzCKHBUS+vrHz6,406.000,BcosK2TTWH7NwrQ6,408.000,A+kNn85ct36ofjNq,409.000,paJnKwJCIWomDQ7+,410.000,33+gWAbpjoJRZ9Ve
2,21,2026-04-04T03:45:02.840Z,405.000,10,321.000,Sll6nHrnLkY5NagO,398.000,paJnKwJCIWomDQ7+,399.000,A+kNn85ct36ofjNq,401.000,YPgdnkCaZf+ESVhT,402.000,fuUUF3zbWalPJsuT,403.000,UX236HAQ6dQkJJA8,404.000,zFvzCKHBUS+vrHz6,406.000,8rKJuyoE+tpRfqEu,407.000,BcosK2TTWH7NwrQ6,408.000,33+gWAbpjoJRZ9Ve
2,22,2026-04-04T03:45:03.245Z,403.000,10,325.000,Sll6nHrnLkY5NagO,397.000,A+kNn85ct36ofjNq,398.000,paJnKwJCIWomDQ7+,399.000,BcosK2TTWH7NwrQ6,401.000,fuUUF3zbWalPJsuT,402.000,zFvzCKHBUS+vrHz6,403.000,UX236HAQ6dQkJJA8,407.000,8rKJuyoE+tpRfqEu,408.000,33+gWAbpjoJRZ9Ve,409.000,YPgdnkCaZf+ESVhT
2,23,2026-04-04T03:45:03.648Z,410.000,10,326.000,Sll6nHrnLkY5NagO,395.000,UX236HAQ6dQkJJA8,402.000,zFvzCKHBUS+vrHz6,405.000,paJnKwJCIWomDQ7+,407.000,fuUUF3zbWalPJsuT,408.000,8rKJuyoE+tpRfqEu,409.000,BcosK2TTWH7NwrQ6,411.000,A+kNn85ct36ofjNq,414.000,YPgdnkCaZf+ESVhT,415.000,33+gWAbpjoJRZ9Ve
2,24,2026-04-04T03:45:04.058Z,407.000,10,324.000,Sll6nHrnLkY5NagO,396.000,fuUUF3zbWalPJsuT,401.000,YPgdnkCaZf+ESVhT,403.000,33+gWAbpjoJRZ9Ve,404.000,UX236HAQ6dQkJJA8,405.000,BcosK2TTWH7NwrQ6,406.000,8rKJuyoE+tpRfqEu,408.000,zFvzCKHBUS+vrHz6,410.000,paJnKwJCIWomDQ7+,411.000,A+kNn85ct36ofjNq
2,25,2026-04-04T03:45:04.465Z,402.000,10,321.000,Sll6nHrnLkY5NagO,385.000,8rKJuyoE+tpRfqEu,390.000,UX236HAQ6dQkJJA8,396.000,paJnKwJCIWomDQ7+,399.000,BcosK2TTWH7NwrQ6,401.000,fuUUF3zbWalPJsuT,402.000,YPgdnkCaZf+ESVhT,403.000,A+kNn85ct36ofjNq,405.000,zFvzCKHBUS+vrHz6,406.000,33+gWAbpjoJRZ9Ve
2,26,2026-04-04T03:45:04.867Z,408.000,10,325.000,Sll6nHrnLkY5NagO,399.000,BcosK2TTWH7NwrQ6,402.000,33+gWAbpjoJRZ9Ve,403.000,fuUUF3zbWalPJsuT,405.000,YPgdnkCaZf+ESVhT,406.000,UX236HAQ6dQkJJA8,408.000,zFvzCKHBUS+vrHz6,409.000,8rKJuyoE+tpRfqEu,410.000,A+kNn85ct36ofjNq,412.000,paJnKwJCIWomDQ7+
2,27,2026-04-04T03:45:05.275Z,406.000,10,324.000,Sll6nHrnLkY5NagO,398.000,A+kNn85ct36ofjNq,399.000,8rKJuyoE+tpRfqEu,402.000,BcosK2TTWH7NwrQ6,404.000,fuUUF3zbWalPJsuT,405.000,33+gWAbpjoJRZ9Ve,406.000,paJnKwJCIWomDQ7+,407.000,YPgdnkCaZf+ESVhT,409.000,UX236HAQ6dQkJJA8,418.000,zFvzCKHBUS+vrHz6
2,28,2026-04-04T03:45:05.681Z,407.000,10,324.000,Sll6nHrnLkY5NagO,399.000,33+gWAbpjoJRZ9Ve,402.000,fuUUF3zbWalPJsuT,403.000,8rKJuyoE+tpRfqEu,405.000,UX236HAQ6dQkJJA8,406.000,paJnKwJCIWomDQ7+,407.000,zFvzCKHBUS+vrHz6,408.000,A+kNn85ct36ofjNq,410.000,YPgdnkCaZf+ESVhT,412.000,BcosK2TTWH7NwrQ6
2,29,2026-04-04T03:45:06.088Z,404.000,10,322.000,Sll6nHrnLkY5NagO,391.000,UX236HAQ6dQkJJA8,399.000,BcosK2TTWH7NwrQ6,400.000,zFvzCKHBUS+vrHz6,402.000,A+kNn85ct36ofjNq,403.000,paJnKwJCIWomDQ7+,404.000,YPgdnkCaZf+ESVhT,405.000,8rKJuyoE+tpRfqEu,407.000,fuUUF3zbWalPJsuT,408.000,33+gWAbpjoJRZ9Ve
2,30,2026-04-04T03:45:06.492Z,408.000,10,327.000,Sll6nHrnLkY5NagO,398.000,BcosK2TTWH7NwrQ6,400.000,33+gWAbpjoJRZ9Ve,401.000,8rKJuyoE+tpRfqEu,404.000,paJnKwJCIWomDQ7+,407.000,YPgdnkCaZf+ESVhT,408.000,zFvzCKHBUS+vrHz6,409.000,fuUUF3zbWalPJsuT,411.000,UX236HAQ6dQkJJA8,412.000,A+kNn85ct36ofjNq
2,31,2026-04-04T03:45:06.900Z,409.000,10,323.000,Sll6nHrnLkY5NagO,402.000,paJnKwJCIWomDQ7+,403.000,zFvzCKHBUS+vrHz6,405.000,8rKJuyoE+tpRfqEu,406.000,fuUUF3zbWalPJsuT,407.000,A+kNn85ct36ofjNq,408.000,33+gWAbpjoJRZ9Ve,410.000,BcosK2TTWH7NwrQ6,411.000,YPgdnkCaZf+ESVhT,412.000,UX236HAQ6dQkJJA8
2,32,2026-04-04T03:45:07.309Z,404.000,10,321.000,Sll6nHrnLkY5NagO,397.000,paJnKwJCIWomDQ7+,398.000,BcosK2TTWH7NwrQ6,400.000,A+kNn85ct36ofjNq,401.000,8rKJuyoE+tpRfqEu,402.000,33+gWAbpjoJRZ9Ve,403.000,fuUUF3zbWalPJsuT,405.000,YPgdnkCaZf+ESVhT,409.000,zFvzCKHBUS+vrHz6,413.000,UX236HAQ6dQkJJA8
2,33,2026-04-04T03:45:07.713Z,408.000,10,325.000,Sll6nHrnLkY5NagO,401.000,fuUUF3zbWalPJsuT,402.000,33+gWAbpjoJRZ9Ve,404.000,8rKJuyoE+tpRfqEu,405.000,paJnKwJCIWomDQ7+,406.000,zFvzCKHBUS+vrHz6,407.000,YPgdnkCaZf+ESVhT,409.000,A+kNn85ct36ofjNq,410.000,UX236HAQ6dQkJJA8,411.000,BcosK2TTWH7NwrQ6
2,34,2026-04-04T03:45:08.121Z,405.000,10,322.000,Sll6nHrnLkY5NagO,394.000,zFvzCKHBUS+vrHz6,396.000,YPgdnkCaZf+ESVhT,398.000,fuUUF3zbWalPJsuT,399.000,33+gWAbpjoJRZ9Ve,403.000,A+kNn85ct36ofjNq,405.000,UX236HAQ6dQkJJA8,406.000,BcosK2TTWH7NwrQ6,408.000,8rKJuyoE+tpRfqEu,409.000,paJnKwJCIWomDQ7+
2,35,2026-04-04T03:45:08.526Z,405.000,10,321.000,Sll6nHrnLkY5NagO,396.000,33+gWAbpjoJRZ9Ve,397.000,BcosK2TTWH7NwrQ6,401.000,A+kNn85ct36ofjNq,402.000,fuUUF3zbWalPJsuT,403.000,UX236HAQ6dQkJJA8,404.000,zFvzCKHBUS+vrHz6,406.000,paJnKwJCIWomDQ7+,407.000,YPgdnkCaZf+ESVhT,408.000,8rKJuyoE+tpRfqEu
2,36,2026-04-04T03:45:08.931Z,408.000,10,327.000,Sll6nHrnLkY5NagO,396.000,UX236HAQ6dQkJJA8,400.000,8rKJuyoE+tpRfqEu,402.000,BcosK2TTWH7NwrQ6,405.000,YPgdnkCaZf+ESVhT,407.000,paJnKwJCIWomDQ7+,408.000,fuUUF3zbWalPJsuT,409.000,33+gWAbpjoJRZ9Ve,411.000,zFvzCKHBUS+vrHz6,415.000,A+kNn85ct36ofjNq
2,37,2026-04-04T03:45:09.339Z,405.000,10,324.000,Sll6nHrnLkY5NagO,399.000,8rKJuyoE+tpRfqEu,400.000,A+kNn85ct36ofjNq,401.000,33+gWAbpjoJRZ9Ve,403.000,fuUUF3zbWalPJsuT,404.000,YPgdnkCaZf+ESVhT,405.000,zFvzCKHBUS+vrHz6,407.000,paJnKwJCIWomDQ7+,408.000,UX236HAQ6dQkJJA8,409.000,BcosK2TTWH7NwrQ6
2,38,2026-04-04T03:45:09.744Z,373.000,9,364.000,YPgdnkCaZf+ESVhT,367.000,paJnKwJCIWomDQ7+,368.000,A+kNn85ct36ofjNq,369.000,UX236HAQ6dQkJJA8,370.000,zFvzCKHBUS+vrHz6,371.000,33+gWAbpjoJRZ9Ve,373.000,8rKJuyoE+tpRfqEu,375.000,BcosK2TTWH7NwrQ6,411.000,fuUUF3zbWalPJsuT,,
2,39,2026-04-04T03:45:10.117Z,790.000,8,596.000,Sll6nHrnLkY5NagO,641.000,UX236HAQ6dQkJJA8,652.000,fuUUF3zbWalPJsuT,661.000,33+gWAbpjoJRZ9Ve,722.000,BcosK2TTWH7NwrQ6,763.000,A+kNn85ct36ofjNq,786.000,8rKJuyoE+tpRfqEu,811.000,YPgdnkCaZf+ESVhT,,,,
2,40,2026-04-04T03:45:10.907Z,,0,,,,,,,,,,,,,,,,,,,,
3,1,2026-04-04T03:44:45.494Z,9070.000,7,5210.000,paJnKwJCIWomDQ7+,5531.000,Sll6nHrnLkY5NagO,6674.000,A+kNn85ct36ofjNq,6962.000,UX236HAQ6dQkJJA8,8320.000,33+gWAbpjoJRZ9Ve,9034.000,fuUUF3zbWalPJsuT,9070.000,YPgdnkCaZf+ESVhT,,,,,,
3,2,2026-04-04T03:44:54.564Z,744.000,8,356.000,UX236HAQ6dQkJJA8,401.000,paJnKwJCIWomDQ7+,405.000,fuUUF3zbWalPJsuT,406.000,Sll6nHrnLkY5NagO,482.000,A+kNn85ct36ofjNq,523.000,33+gWAbpjoJRZ9Ve,743.000,YPgdnkCaZf+ESVhT,911.000,8rKJuyoE+tpRfqEu,,,,
3,3,2026-04-04T03:44:55.308Z,573.000,8,326.000,UX236HAQ6dQkJJA8,401.000,paJnKwJCIWomDQ7+,402.000,A+kNn85ct36ofjNq,407.000,Sll6nHrnLkY5NagO,408.000,fuUUF3zbWalPJsuT,525.000,33+gWAbpjoJRZ9Ve,572.000,YPgdnkCaZf+ESVhT,776.000,8rKJuyoE+tpRfqEu,,,,
3,4,2026-04-04T03:44:55.881Z,444.000,9,321.000,BcosK2TTWH7NwrQ6,398.000,33+gWAbpjoJRZ9Ve,403.000,UX236HAQ6dQkJJA8,439.000,paJnKwJCIWomDQ7+,440.000,A+kNn85ct36ofjNq,443.000,Sll6nHrnLkY5NagO,444.000,fuUUF3zbWalPJsuT,590.000,YPgdnkCaZf+ESVhT,714.000,8rKJuyoE+tpRfqEu,,
3,5,2026-04-04T03:44:56.325Z,416.000,10,329.000,UX236HAQ6dQkJJA8,395.000,Sll6nHrnLkY5NagO,397.000,fuUUF3zbWalPJsuT,401.000,BcosK2TTWH7NwrQ6,402.000,paJnKwJCIWomDQ7+,407.000,A+kNn85ct36ofjNq,416.000,33+gWAbpjoJRZ9Ve,506.000,YPgdnkCaZf+ESVhT,559.000,8rKJuyoE+tpRfqEu,802.000,zFvzCKHBUS+vrHz6
3,6,2026-04-04T03:44:56.741Z,414.000,10,327.000,UX236HAQ6dQkJJA8,397.000,BcosK2TTWH7NwrQ6,398.000,fuUUF3zbWalPJsuT,399.000,paJnKwJCIWomDQ7+,400.000,A+kNn85ct36ofjNq,407.000,Sll6nHrnLkY5NagO,413.000,33+gWAbpjoJRZ9Ve,443.000,YPgdnkCaZf+ESVhT,529.000,8rKJuyoE+tpRfqEu,786.000,zFvzCKHBUS+vrHz6
3,7,2026-04-04T03:44:57.155Z,402.000,9,322.000,UX236HAQ6dQkJJA8,369.000,YPgdnkCaZf+ESVhT,391.000,BcosK2TTWH7NwrQ6,392.000,A+kNn85ct36ofjNq,394.000,paJnKwJCIWomDQ7+,395.000,Sll6nHrnLkY5NagO,402.000,fuUUF3zbWalPJsuT,403.000,33+gWAbpjoJRZ9Ve,404.000,8rKJuyoE+tpRfqEu,,
3,8,2026-04-04T03:44:57.557Z,405.000,10,323.000,UX236HAQ6dQkJJA8,391.000,zFvzCKHBUS+vrHz6,393.000,fuUUF3zbWalPJsuT,401.000,Sll6nHrnLkY5NagO,403.000,33+gWAbpjoJRZ9Ve,404.000,paJnKwJCIWomDQ7+,405.000,BcosK2TTWH7NwrQ6,407.000,YPgdnkCaZf+ESVhT,408.000,A+kNn85ct36ofjNq,484.000,8rKJuyoE+tpRfqEu
3,9,2026-04-04T03:44:57.962Z,407.000,10,328.000,UX236HAQ6dQkJJA8,370.000,zFvzCKHBUS+vrHz6,399.000,33+gWAbpjoJRZ9Ve,400.000,A+kNn85ct36ofjNq,405.000,BcosK2TTWH7NwrQ6,406.000,Sll6nHrnLkY5NagO,407.000,YPgdnkCaZf+ESVhT,413.000,paJnKwJCIWomDQ7+,414.000,fuUUF3zbWalPJsuT,439.000,8rKJuyoE+tpRfqEu
3,10,2026-04-04T03:44:58.369Z,405.000,10,328.000,UX236HAQ6dQkJJA8,363.000,zFvzCKHBUS+vrHz6,393.000,Sll6nHrnLkY5NagO,398.000,YPgdnkCaZf+ESVhT,400.000,BcosK2TTWH7NwrQ6,403.000,A+kNn85ct36ofjNq,405.000,fuUUF3zbWalPJsuT,410.000,paJnKwJCIWomDQ7+,421.000,33+gWAbpjoJRZ9Ve,444.000,8rKJuyoE+tpRfqEu
3,11,2026-04-04T03:44:58.774Z,409.000,10,327.000,UX236HAQ6dQkJJA8,400.000,8rKJuyoE+tpRfqEu,401.000,A+kNn85ct36ofjNq,404.000,zFvzCKHBUS+vrHz6,405.000,fuUUF3zbWalPJsuT,407.000,33+gWAbpjoJRZ9Ve,409.000,YPgdnkCaZf+ESVhT,410.000,BcosK2TTWH7NwrQ6,411.000,Sll6nHrnLkY5NagO,413.000,paJnKwJCIWomDQ7+
3,12,2026-04-04T03:44:59.183Z,408.000,10,325.000,UX236HAQ6dQkJJA8,396.000,YPgdnkCaZf+ESVhT,398.000,33+gWAbpjoJRZ9Ve,401.000,zFvzCKHBUS+vrHz6,402.000,BcosK2TTWH7NwrQ6,404.000,A+kNn85ct36ofjNq,408.000,Sll6nHrnLkY5NagO,409.000,8rKJuyoE+tpRfqEu,411.000,paJnKwJCIWomDQ7+,412.000,fuUUF3zbWalPJsuT
3,13,2026-04-04T03:44:59.591Z,403.000,10,319.000,UX236HAQ6dQkJJA8,391.000,fuUUF3zbWalPJsuT,398.000,paJnKwJCIWomDQ7+,399.000,8rKJuyoE+tpRfqEu,400.000,A+kNn85ct36ofjNq,401.000,Sll6nHrnLkY5NagO,403.000,33+gWAbpjoJRZ9Ve,404.000,YPgdnkCaZf+ESVhT,405.000,BcosK2TTWH7NwrQ6,409.000,zFvzCKHBUS+vrHz6
3,14,2026-04-04T03:44:59.994Z,406.000,10,326.000,UX236HAQ6dQkJJA8,393.000,BcosK2TTWH7NwrQ6,400.000,33+gWAbpjoJRZ9Ve,401.000,Sll6nHrnLkY5NagO,402.000,fuUUF3zbWalPJsuT,403.000,A+kNn85ct36ofjNq,406.000,8rKJuyoE+tpRfqEu,407.000,paJnKwJCIWomDQ7+,413.000,YPgdnkCaZf+ESVhT,445.000,zFvzCKHBUS+vrHz6
3,15,2026-04-04T03:45:00.400Z,409.000,10,327.000,UX236HAQ6dQkJJA8,399.000,paJnKwJCIWomDQ7+,401.000,A+kNn85ct36ofjNq,402.000,8rKJuyoE+tpRfqEu,404.000,BcosK2TTWH7NwrQ6,405.000,YPgdnkCaZf+ESVhT,409.000,33+gWAbpjoJRZ9Ve,412.000,Sll6nHrnLkY5NagO,414.000,fuUUF3zbWalPJsuT,424.000,zFvzCKHBUS+vrHz6
3,16,2026-04-04T03:45:00.809Z,408.000,10,325.000,UX236HAQ6dQkJJA8,399.000,paJnKwJCIWomDQ7+,402.000,33+gWAbpjoJRZ9Ve,403.000,fuUUF3zbWalPJsuT,405.000,Sll6nHrnLkY5NagO,407.000,YPgdnkCaZf+ESVhT,408.000,BcosK2TTWH7NwrQ6,409.000,zFvzCKHBUS+vrHz6,411.000,8rKJuyoE+tpRfqEu,412.000,A+kNn85ct36ofjNq
3,17,2026-04-04T03:45:01.217Z,403.000,10,318.000,UX236HAQ6dQkJJA8,396.000,A+kNn85ct36ofjNq,397.000,8rKJuyoE+tpRfqEu,399.000,33+gWAbpjoJRZ9Ve,400.000,zFvzCKHBUS+vrHz6,401.000,paJnKwJCIWomDQ7+,402.000,fuUUF3zbWalPJsuT,404.000,BcosK2TTWH7NwrQ6,406.000,Sll6nHrnLkY5NagO,409.000,YPgdnkCaZf+ESVhT
3,18,2026-04-04T03:45:01.620Z,409.000,10,325.000,UX236HAQ6dQkJJA8,393.000,BcosK2TTWH7NwrQ6,399.000,fuUUF3zbWalPJsuT,401.000,Sll6nHrnLkY5NagO,402.000,zFvzCKHBUS+vrHz6,406.000,33+gWAbpjoJRZ9Ve,408.000,8rKJuyoE+tpRfqEu,412.000,YPgdnkCaZf+ESVhT,413.000,paJnKwJCIWomDQ7+,415.000,A+kNn85ct36ofjNq
3,19,2026-04-04T03:45:02.029Z,403.000,10,322.000,UX236HAQ6dQkJJA8,396.000,YPgdnkCaZf+ESVhT,398.000,Sll6nHrnLkY5NagO,399.000,8rKJuyoE+tpRfqEu,401.000,zFvzCKHBUS+vrHz6,402.000,paJnKwJCIWomDQ7+,403.000,A+kNn85ct36ofjNq,406.000,fuUUF3zbWalPJsuT,409.000,BcosK2TTWH7NwrQ6,410.000,33+gWAbpjoJRZ9Ve
3,20,2026-04-04T03:45:02.432Z,407.000,10,325.000,UX236HAQ6dQkJJA8,399.000,Sll6nHrnLkY5NagO,400.000,8rKJuyoE+tpRfqEu,403.000,YPgdnkCaZf+ESVhT,405.000,33+gWAbpjoJRZ9Ve,406.000,zFvzCKHBUS+vrHz6,407.000,BcosK2TTWH7NwrQ6,408.000,fuUUF3zbWalPJsuT,410.000,paJnKwJCIWomDQ7+,411.000,A+kNn85ct36ofjNq
3,21,2026-04-04T03:45:02.839Z,406.000,10,324.000,UX236HAQ6dQkJJA8,396.000,A+kNn85ct36ofjNq,399.000,33+gWAbpjoJRZ9Ve,402.000,YPgdnkCaZf+ESVhT,404.000,BcosK2TTWH7NwrQ6,405.000,Sll6nHrnLkY5NagO,406.000,8rKJuyoE+tpRfqEu,408.000,fuUUF3zbWalPJsuT,410.000,paJnKwJCIWomDQ7+,411.000,zFvzCKHBUS+vrHz6
3,22,2026-04-04T03:45:03.245Z,405.000,10,324.000,UX236HAQ6dQkJJA8,393.000,A+kNn85ct36ofjNq,400.000,8rKJuyoE+tpRfqEu,401.000,Sll6nHrnLkY5NagO,402.000,BcosK2TTWH7NwrQ6,404.000,YPgdnkCaZf+ESVhT,405.000,fuUUF3zbWalPJsuT,406.000,33+gWAbpjoJRZ9Ve,409.000,paJnKwJCIWomDQ7+,415.000,zFvzCKHBUS+vrHz6
3,23,2026-04-04T03:45:03.650Z,405.000,10,323.000,UX236HAQ6dQkJJA8,397.000,zFvzCKHBUS+vrHz6,398.000,fuUUF3zbWalPJsuT,400.000,Sll6nHrnLkY5NagO,403.000,8rKJuyoE+tpRfqEu,404.000,BcosK2TTWH7NwrQ6,405.000,A+kNn85ct36ofjNq,409.000,33+gWAbpjoJRZ9Ve,410.000,YPgdnkCaZf+ESVhT,411.000,paJnKwJCIWomDQ7+
3,24,2026-04-04T03:45:04.055Z,406.000,10,324.000,UX236HAQ6dQkJJA8,399.000,33+gWAbpjoJRZ9Ve,400.000,paJnKwJCIWomDQ7+,402.000,YPgdnkCaZf+ESVhT,404.000,zFvzCKHBUS+vrHz6,405.000,Sll6nHrnLkY5NagO,406.000,fuUUF3zbWalPJsuT,407.000,BcosK2TTWH7NwrQ6,410.000,A+kNn85ct36ofjNq,415.000,8rKJuyoE+tpRfqEu
3,25,2026-04-04T03:45:04.461Z,407.000,10,325.000,UX236HAQ6dQkJJA8,397.000,33+gWAbpjoJRZ9Ve,402.000,BcosK2TTWH7NwrQ6,403.000,8rKJuyoE+tpRfqEu,404.000,zFvzCKHBUS+vrHz6,405.000,paJnKwJCIWomDQ7+,407.000,YPgdnkCaZf+ESVhT,408.000,Sll6nHrnLkY5NagO,412.000,A+kNn85ct36ofjNq,414.000,fuUUF3zbWalPJsuT
3,26,2026-04-04T03:45:04.868Z,409.000,10,323.000,UX236HAQ6dQkJJA8,398.000,33+gWAbpjoJRZ9Ve,400.000,Sll6nHrnLkY5NagO,405.000,BcosK2TTWH7NwrQ6,406.000,zFvzCKHBUS+vrHz6,407.000,fuUUF3zbWalPJsuT,408.000,8rKJuyoE+tpRfqEu,410.000,YPgdnkCaZf+ESVhT,411.000,paJnKwJCIWomDQ7+,412.000,A+kNn85ct36ofjNq
3,27,2026-04-04T03:45:05.277Z,404.000,10,321.000,UX236HAQ6dQkJJA8,395.000,zFvzCKHBUS+vrHz6,398.000,Sll6nHrnLkY5NagO,400.000,BcosK2TTWH7NwrQ6,401.000,paJnKwJCIWomDQ7+,402.000,8rKJuyoE+tpRfqEu,404.000,fuUUF3zbWalPJsuT,405.000,33+gWAbpjoJRZ9Ve,406.000,YPgdnkCaZf+ESVhT,408.000,A+kNn85ct36ofjNq
3,28,2026-04-04T03:45:05.681Z,402.000,10,318.000,UX236HAQ6dQkJJA8,392.000,Sll6nHrnLkY5NagO,394.000,33+gWAbpjoJRZ9Ve,398.000,fuUUF3zbWalPJsuT,399.000,8rKJuyoE+tpRfqEu,401.000,A+kNn85ct36ofjNq,402.000,zFvzCKHBUS+vrHz6,407.000,YPgdnkCaZf+ESVhT,408.000,BcosK2TTWH7NwrQ6,414.000,paJnKwJCIWomDQ7+
3,29,2026-04-04T03:45:06.083Z,410.000,10,327.000,UX236HAQ6dQkJJA8,399.000,fuUUF3zbWalPJsuT,403.000,paJnKwJCIWomDQ7+,405.000,BcosK2TTWH7NwrQ6,406.000,8rKJuyoE+tpRfqEu,408.000,33+gWAbpjoJRZ9Ve,410.000,zFvzCKHBUS+vrHz6,412.000,A+kNn85ct36ofjNq,414.000,YPgdnkCaZf+ESVhT,415.000,Sll6nHrnLkY5NagO
3,30,2026-04-04T03:45:06.493Z,408.000,10,323.000,UX236HAQ6dQkJJA8,392.000,33+gWAbpjoJRZ9Ve,403.000,8rKJuyoE+tpRfqEu,404.000,zFvzCKHBUS+vrHz6,406.000,paJnKwJCIWomDQ7+,407.000,YPgdnkCaZf+ESVhT,408.000,fuUUF3zbWalPJsuT,409.000,Sll6nHrnLkY5NagO,411.000,BcosK2TTWH7NwrQ6,412.000,A+kNn85ct36ofjNq
3,31,2026-04-04T03:45:06.901Z,406.000,10,322.000,UX236HAQ6dQkJJA8,395.000,33+gWAbpjoJRZ9Ve,399.000,A+kNn85ct36ofjNq,400.000,paJnKwJCIWomDQ7+,401.000,YPgdnkCaZf+ESVhT,402.000,zFvzCKHBUS+vrHz6,406.000,8rKJuyoE+tpRfqEu,407.000,fuUUF3zbWalPJsuT,408.000,BcosK2TTWH7NwrQ6,409.000,Sll6nHrnLkY5NagO
3,32,2026-04-04T03:45:07.307Z,405.000,10,321.000,UX236HAQ6dQkJJA8,393.000,A+kNn85ct36ofjNq,400.000,BcosK2TTWH7NwrQ6,401.000,33+gWAbpjoJRZ9Ve,403.000,fuUUF3zbWalPJsuT,404.000,8rKJuyoE+tpRfqEu,405.000,zFvzCKHBUS+vrHz6,406.000,paJnKwJCIWomDQ7+,408.000,Sll6nHrnLkY5NagO,412.000,YPgdnkCaZf+ESVhT
3,33,2026-04-04T03:45:07.712Z,406.000,10,325.000,UX236HAQ6dQkJJA8,398.000,fuUUF3zbWalPJsuT,399.000,YPgdnkCaZf+ESVhT,401.000,BcosK2TTWH7NwrQ6,402.000,paJnKwJCIWomDQ7+,403.000,Sll6nHrnLkY5NagO,405.000,33+gWAbpjoJRZ9Ve,407.000,8rKJuyoE+tpRfqEu,408.000,A+kNn85ct36ofjNq,411.000,zFvzCKHBUS+vrHz6
3,34,2026-04-04T03:45:08.118Z,406.000,10,323.000,UX236HAQ6dQkJJA8,399.000,33+gWAbpjoJRZ9Ve,401.000,A+kNn85ct36ofjNq,402.000,paJnKwJCIWomDQ7+,403.000,fuUUF3zbWalPJsuT,405.000,YPgdnkCaZf+ESVhT,406.000,8rKJuyoE+tpRfqEu,407.000,Sll6nHrnLkY5NagO,408.000,BcosK2TTWH7NwrQ6,410.000,zFvzCKHBUS+vrHz6
3,35,2026-04-04T03:45:08.524Z,408.000,10,326.000,UX236HAQ6dQkJJA8,401.000,33+gWAbpjoJRZ9Ve,403.000,BcosK2TTWH7NwrQ6,404.000,zFvzCKHBUS+vrHz6,405.000,fuUUF3zbWalPJsuT,407.000,YPgdnkCaZf+ESVhT,408.000,A+kNn85ct36ofjNq,409.000,Sll6nHrnLkY5NagO,410.000,8rKJuyoE+tpRfqEu,412.000,paJnKwJCIWomDQ7+
3,36,2026-04-04T03:45:08.932Z,406.000,10,323.000,UX236HAQ6dQkJJA8,391.000,Sll6nHrnLkY5NagO,400.000,fuUUF3zbWalPJsuT,401.000,8rKJuyoE+tpRfqEu,403.000,A+kNn85ct36ofjNq,404.000,33+gWAbpjoJRZ9Ve,406.000,zFvzCKHBUS+vrHz6,407.000,BcosK2TTWH7NwrQ6,408.000,paJnKwJCIWomDQ7+,412.000,YPgdnkCaZf+ESVhT
3,37,2026-04-04T03:45:09.338Z,411.000,10,329.000,UX236HAQ6dQkJJA8,402.000,A+kNn85ct36ofjNq,403.000,fuUUF3zbWalPJsuT,407.000,BcosK2TTWH7NwrQ6,408.000,YPgdnkCaZf+ESVhT,410.000,33+gWAbpjoJRZ9Ve,411.000,8rKJuyoE+tpRfqEu,413.000,Sll6nHrnLkY5NagO,414.000,paJnKwJCIWomDQ7+,415.000,zFvzCKHBUS+vrHz6
3,38,2026-04-04T03:45:09.749Z,408.000,9,322.000,UX236HAQ6dQkJJA8,395.000,paJnKwJCIWomDQ7+,397.000,zFvzCKHBUS+vrHz6,400.000,YPgdnkCaZf+ESVhT,403.000,8rKJuyoE+tpRfqEu,407.000,fuUUF3zbWalPJsuT,408.000,A+kNn85ct36ofjNq,409.000,33+gWAbpjoJRZ9Ve,441.000,BcosK2TTWH7NwrQ6,,
3,39,2026-04-04T03:45:10.157Z,743.000,8,550.000,UX236HAQ6dQkJJA8,601.000,BcosK2TTWH7NwrQ6,608.000,fuUUF3zbWalPJsuT,612.000,Sll6nHrnLkY5NagO,681.000,8rKJuyoE+tpRfqEu,690.000,33+gWAbpjoJRZ9Ve,738.000,A+kNn85ct36ofjNq,862.000,YPgdnkCaZf+ESVhT,,,,
3,40,2026-04-04T03:45:10.900Z,,0,,,,,,,,,,,,,,,,,,,,
4,1,2026-04-04T03:44:46.972Z,7588.000,7,3690.000,paJnKwJCIWomDQ7+,4053.000,Sll6nHrnLkY5NagO,5197.000,A+kNn85ct36ofjNq,5525.000,UX236HAQ6dQkJJA8,6844.000,33+gWAbpjoJRZ9Ve,7555.000,fuUUF3zbWalPJsuT,7588.000,YPgdnkCaZf+ESVhT,,,,,,
4,2,2026-04-04T03:44:54.560Z,752.000,8,328.000,paJnKwJCIWomDQ7+,400.000,UX236HAQ6dQkJJA8,409.000,Sll6nHrnLkY5NagO,411.000,fuUUF3zbWalPJsuT,487.000,A+kNn85ct36ofjNq,523.000,33+gWAbpjoJRZ9Ve,752.000,YPgdnkCaZf+ESVhT,914.000,8rKJuyoE+tpRfqEu,,,,
4,3,2026-04-04T03:44:55.312Z,572.000,8,324.000,paJnKwJCIWomDQ7+,400.000,Sll6nHrnLkY5NagO,401.000,A+kNn85ct36ofjNq,405.000,fuUUF3zbWalPJsuT,407.000,UX236HAQ6dQkJJA8,521.000,33+gWAbpjoJRZ9Ve,572.000,YPgdnkCaZf+ESVhT,773.000,8rKJuyoE+tpRfqEu,,,,
4,4,2026-04-04T03:44:55.884Z,442.000,9,316.000,BcosK2TTWH7NwrQ6,393.000,33+gWAbpjoJRZ9Ve,395.000,paJnKwJCIWomDQ7+,438.000,A+kNn85ct36ofjNq,439.000,Sll6nHrnLkY5NagO,441.000,fuUUF3zbWalPJsuT,442.000,UX236HAQ6dQkJJA8,594.000,YPgdnkCaZf+ESVhT,709.000,8rKJuyoE+tpRfqEu,,
4,5,2026-04-04T03:44:56.326Z,413.000,10,331.000,paJnKwJCIWomDQ7+,401.000,UX236HAQ6dQkJJA8,406.000,fuUUF3zbWalPJsuT,408.000,BcosK2TTWH7NwrQ6,410.000,A+kNn85ct36ofjNq,412.000,Sll6nHrnLkY5NagO,413.000,33+gWAbpjoJRZ9Ve,511.000,YPgdnkCaZf+ESVhT,557.000,8rKJuyoE+tpRfqEu,800.000,zFvzCKHBUS+vrHz6
4,6,2026-04-04T03:44:56.739Z,409.000,10,326.000,paJnKwJCIWomDQ7+,395.000,33+gWAbpjoJRZ9Ve,397.000,fuUUF3zbWalPJsuT,400.000,A+kNn85ct36ofjNq,405.000,UX236HAQ6dQkJJA8,406.000,Sll6nHrnLkY5NagO,409.000,BcosK2TTWH7NwrQ6,443.000,YPgdnkCaZf+ESVhT,538.000,8rKJuyoE+tpRfqEu,789.000,zFvzCKHBUS+vrHz6
4,7,2026-04-04T03:44:57.148Z,410.000,9,329.000,paJnKwJCIWomDQ7+,377.000,YPgdnkCaZf+ESVhT,400.000,Sll6nHrnLkY5NagO,403.000,A+kNn85ct36ofjNq,405.000,fuUUF3zbWalPJsuT,406.000,BcosK2TTWH7NwrQ6,409.000,UX236HAQ6dQkJJA8,411.000,33+gWAbpjoJRZ9Ve,412.000,8rKJuyoE+tpRfqEu,,
4,8,2026-04-04T03:44:57.558Z,409.000,10,326.000,paJnKwJCIWomDQ7+,394.000,zFvzCKHBUS+vrHz6,399.000,33+gWAbpjoJRZ9Ve,400.000,UX236HAQ6dQkJJA8,401.000,fuUUF3zbWalPJsuT,408.000,YPgdnkCaZf+ESVhT,409.000,Sll6nHrnLkY5NagO,411.000,BcosK2TTWH7NwrQ6,418.000,A+kNn85ct36ofjNq,492.000,8rKJuyoE+tpRfqEu
4,9,2026-04-04T03:44:57.967Z,407.000,10,325.000,paJnKwJCIWomDQ7+,396.000,Sll6nHrnLkY5NagO,400.000,A+kNn85ct36ofjNq,403.000,33+gWAbpjoJRZ9Ve,404.000,YPgdnkCaZf+ESVhT,405.000,UX236HAQ6dQkJJA8,407.000,BcosK2TTWH7NwrQ6,410.000,fuUUF3zbWalPJsuT,439.000,8rKJuyoE+tpRfqEu,441.000,zFvzCKHBUS+vrHz6
4,10,2026-04-04T03:44:58.374Z,405.000,10,319.000,paJnKwJCIWomDQ7+,391.000,fuUUF3zbWalPJsuT,393.000,33+gWAbpjoJRZ9Ve,395.000,UX236HAQ6dQkJJA8,397.000,YPgdnkCaZf+ESVhT,399.000,Sll6nHrnLkY5NagO,404.000,A+kNn85ct36ofjNq,406.000,BcosK2TTWH7NwrQ6,435.000,8rKJuyoE+tpRfqEu,436.000,zFvzCKHBUS+vrHz6
4,11,2026-04-04T03:44:58.779Z,406.000,10,323.000,paJnKwJCIWomDQ7+,388.000,A+kNn85ct36ofjNq,392.000,YPgdnkCaZf+ESVhT,400.000,UX236HAQ6dQkJJA8,403.000,fuUUF3zbWalPJsuT,404.000,BcosK2TTWH7NwrQ6,406.000,8rKJuyoE+tpRfqEu,409.000,Sll6nHrnLkY5NagO,415.000,33+gWAbpjoJRZ9Ve,439.000,zFvzCKHBUS+vrHz6
4,12,2026-04-04T03:44:59.185Z,400.000,10,320.000,paJnKwJCIWomDQ7+,361.000,zFvzCKHBUS+vrHz6,395.000,UX236HAQ6dQkJJA8,396.000,fuUUF3zbWalPJsuT,397.000,Sll6nHrnLkY5NagO,399.000,YPgdnkCaZf+ESVhT,400.000,BcosK2TTWH7NwrQ6,402.000,8rKJuyoE+tpRfqEu,404.000,33+gWAbpjoJRZ9Ve,405.000,A+kNn85ct36ofjNq
4,13,2026-04-04T03:44:59.585Z,410.000,10,328.000,paJnKwJCIWomDQ7+,401.000,8rKJuyoE+tpRfqEu,402.000,33+gWAbpjoJRZ9Ve,403.000,A+kNn85ct36ofjNq,405.000,fuUUF3zbWalPJsuT,406.000,Sll6nHrnLkY5NagO,409.000,BcosK2TTWH7NwrQ6,411.000,YPgdnkCaZf+ESVhT,412.000,UX236HAQ6dQkJJA8,443.000,zFvzCKHBUS+vrHz6
4,14,2026-04-04T03:44:59.995Z,406.000,10,326.000,paJnKwJCIWomDQ7+,396.000,33+gWAbpjoJRZ9Ve,398.000,8rKJuyoE+tpRfqEu,399.000,BcosK2TTWH7NwrQ6,404.000,Sll6nHrnLkY5NagO,405.000,YPgdnkCaZf+ESVhT,406.000,A+kNn85ct36ofjNq,407.000,UX236HAQ6dQkJJA8,411.000,fuUUF3zbWalPJsuT,444.000,zFvzCKHBUS+vrHz6
4,15,2026-04-04T03:45:00.401Z,408.000,10,324.000,paJnKwJCIWomDQ7+,401.000,BcosK2TTWH7NwrQ6,403.000,33+gWAbpjoJRZ9Ve,404.000,8rKJuyoE+tpRfqEu,406.000,fuUUF3zbWalPJsuT,407.000,Sll6nHrnLkY5NagO,408.000,YPgdnkCaZf+ESVhT,409.000,UX236HAQ6dQkJJA8,411.000,zFvzCKHBUS+vrHz6,412.000,A+kNn85ct36ofjNq
4,16,2026-04-04T03:45:00.809Z,404.000,10,323.000,paJnKwJCIWomDQ7+,394.000,A+kNn85ct36ofjNq,396.000,BcosK2TTWH7NwrQ6,399.000,fuUUF3zbWalPJsuT,400.000,UX236HAQ6dQkJJA8,403.000,8rKJuyoE+tpRfqEu,404.000,33+gWAbpjoJRZ9Ve,407.000,YPgdnkCaZf+ESVhT,408.000,zFvzCKHBUS+vrHz6,409.000,Sll6nHrnLkY5NagO
4,17,2026-04-04T03:45:01.213Z,408.000,10,327.000,paJnKwJCIWomDQ7+,404.000,YPgdnkCaZf+ESVhT,405.000,zFvzCKHBUS+vrHz6,406.000,UX236HAQ6dQkJJA8,406.000,33+gWAbpjoJRZ9Ve,407.000,8rKJuyoE+tpRfqEu,408.000,Sll6nHrnLkY5NagO,408.000,fuUUF3zbWalPJsuT,409.000,BcosK2TTWH7NwrQ6,414.000,A+kNn85ct36ofjNq
4,18,2026-04-04T03:45:01.621Z,404.000,10,323.000,paJnKwJCIWomDQ7+,396.000,Sll6nHrnLkY5NagO,397.000,zFvzCKHBUS+vrHz6,400.000,YPgdnkCaZf+ESVhT,401.000,8rKJuyoE+tpRfqEu,403.000,33+gWAbpjoJRZ9Ve,404.000,BcosK2TTWH7NwrQ6,405.000,UX236HAQ6dQkJJA8,406.000,A+kNn85ct36ofjNq,408.000,fuUUF3zbWalPJsuT
4,19,2026-04-04T03:45:02.025Z,410.000,10,326.000,paJnKwJCIWomDQ7+,401.000,zFvzCKHBUS+vrHz6,402.000,8rKJuyoE+tpRfqEu,406.000,fuUUF3zbWalPJsuT,408.000,BcosK2TTWH7NwrQ6,409.000,33+gWAbpjoJRZ9Ve,410.000,YPgdnkCaZf+ESVhT,411.000,A+kNn85ct36ofjNq,413.000,Sll6nHrnLkY5NagO,414.000,UX236HAQ6dQkJJA8
4,20,2026-04-04T03:45:02.435Z,406.000,10,322.000,paJnKwJCIWomDQ7+,393.000,BcosK2TTWH7NwrQ6,396.000,Sll6nHrnLkY5NagO,397.000,YPgdnkCaZf+ESVhT,403.000,UX236HAQ6dQkJJA8,405.000,fuUUF3zbWalPJsuT,406.000,8rKJuyoE+tpRfqEu,407.000,zFvzCKHBUS+vrHz6,408.000,33+gWAbpjoJRZ9Ve,410.000,A+kNn85ct36ofjNq
4,21,2026-04-04T03:45:02.841Z,407.000,10,325.000,paJnKwJCIWomDQ7+,400.000,YPgdnkCaZf+ESVhT,402.000,33+gWAbpjoJRZ9Ve,403.000,fuUUF3zbWalPJsuT,404.000,BcosK2TTWH7NwrQ6,406.000,Sll6nHrnLkY5NagO,407.000,A+kNn85ct36ofjNq,409.000,8rKJuyoE+tpRfqEu,410.000,zFvzCKHBUS+vrHz6,414.000,UX236HAQ6dQkJJA8
4,22,2026-04-04T03:45:03.248Z,402.000,10,322.000,paJnKwJCIWomDQ7+,394.000,zFvzCKHBUS+vrHz6,395.000,8rKJuyoE+tpRfqEu,398.000,A+kNn85ct36ofjNq,399.000,BcosK2TTWH7NwrQ6,401.000,fuUUF3zbWalPJsuT,402.000,UX236HAQ6dQkJJA8,403.000,33+gWAbpjoJRZ9Ve,404.000,YPgdnkCaZf+ESVhT,410.000,Sll6nHrnLkY5NagO
4,23,2026-04-04T03:45:03.650Z,406.000,10,324.000,paJnKwJCIWomDQ7+,398.000,zFvzCKHBUS+vrHz6,401.000,8rKJuyoE+tpRfqEu,402.000,UX236HAQ6dQkJJA8,404.000,BcosK2TTWH7NwrQ6,405.000,33+gWAbpjoJRZ9Ve,406.000,fuUUF3zbWalPJsuT,407.000,Sll6nHrnLkY5NagO,409.000,YPgdnkCaZf+ESVhT,410.000,A+kNn85ct36ofjNq
4,24,2026-04-04T03:45:04.056Z,405.000,10,322.000,paJnKwJCIWomDQ7+,396.000,zFvzCKHBUS+vrHz6,398.000,YPgdnkCaZf+ESVhT,399.000,fuUUF3zbWalPJsuT,401.000,UX236HAQ6dQkJJA8,404.000,A+kNn85ct36ofjNq,405.000,Sll6nHrnLkY5NagO,407.000,33+gWAbpjoJRZ9Ve,408.000,BcosK2TTWH7NwrQ6,409.000,8rKJuyoE+tpRfqEu
4,25,2026-04-04T03:45:04.461Z,411.000,10,325.000,paJnKwJCIWomDQ7+,394.000,8rKJuyoE+tpRfqEu,402.000,UX236HAQ6dQkJJA8,407.000,fuUUF3zbWalPJsuT,408.000,33+gWAbpjoJRZ9Ve,409.000,BcosK2TTWH7NwrQ6,411.000,A+kNn85ct36ofjNq,412.000,Sll6nHrnLkY5NagO,413.000,YPgdnkCaZf+ESVhT,414.000,zFvzCKHBUS+vrHz6
4,26,2026-04-04T03:45:04.872Z,405.000,10,322.000,paJnKwJCIWomDQ7+,391.000,Sll6nHrnLkY5NagO,399.000,YPgdnkCaZf+ESVhT,401.000,BcosK2TTWH7NwrQ6,402.000,fuUUF3zbWalPJsuT,403.000,A+kNn85ct36ofjNq,404.000,8rKJuyoE+tpRfqEu,406.000,33+gWAbpjoJRZ9Ve,407.000,zFvzCKHBUS+vrHz6,408.000,UX236HAQ6dQkJJA8
4,27,2026-04-04T03:45:05.277Z,405.000,10,323.000,paJnKwJCIWomDQ7+,389.000,A+kNn85ct36ofjNq,390.000,8rKJuyoE+tpRfqEu,400.000,BcosK2TTWH7NwrQ6,401.000,fuUUF3zbWalPJsuT,403.000,Sll6nHrnLkY5NagO,405.000,zFvzCKHBUS+vrHz6,407.000,YPgdnkCaZf+ESVhT,408.000,UX236HAQ6dQkJJA8,409.000,33+gWAbpjoJRZ9Ve
4,28,2026-04-04T03:45:05.682Z,406.000,10,324.000,paJnKwJCIWomDQ7+,400.000,YPgdnkCaZf+ESVhT,401.000,8rKJuyoE+tpRfqEu,403.000,Sll6nHrnLkY5NagO,404.000,zFvzCKHBUS+vrHz6,405.000,UX236HAQ6dQkJJA8,406.000,33+gWAbpjoJRZ9Ve,408.000,fuUUF3zbWalPJsuT,409.000,A+kNn85ct36ofjNq,410.000,BcosK2TTWH7NwrQ6
4,29,2026-04-04T03:45:06.088Z,408.000,10,326.000,paJnKwJCIWomDQ7+,392.000,UX236HAQ6dQkJJA8,400.000,33+gWAbpjoJRZ9Ve,402.000,YPgdnkCaZf+ESVhT,405.000,fuUUF3zbWalPJsuT,407.000,8rKJuyoE+tpRfqEu,408.000,BcosK2TTWH7NwrQ6,412.000,Sll6nHrnLkY5NagO,414.000,A+kNn85ct36ofjNq,416.000,zFvzCKHBUS+vrHz6
4,30,2026-04-04T03:45:06.496Z,402.000,10,319.000,paJnKwJCIWomDQ7+,394.000,Sll6nHrnLkY5NagO,396.000,UX236HAQ6dQkJJA8,398.000,33+gWAbpjoJRZ9Ve,400.000,zFvzCKHBUS+vrHz6,401.000,A+kNn85ct36ofjNq,402.000,BcosK2TTWH7NwrQ6,403.000,fuUUF3zbWalPJsuT,405.000,8rKJuyoE+tpRfqEu,406.000,YPgdnkCaZf+ESVhT
4,31,2026-04-04T03:45:06.898Z,408.000,10,327.000,paJnKwJCIWomDQ7+,402.000,BcosK2TTWH7NwrQ6,403.000,fuUUF3zbWalPJsuT,404.000,zFvzCKHBUS+vrHz6,406.000,UX236HAQ6dQkJJA8,407.000,Sll6nHrnLkY5NagO,408.000,8rKJuyoE+tpRfqEu,410.000,33+gWAbpjoJRZ9Ve,411.000,YPgdnkCaZf+ESVhT,412.000,A+kNn85ct36ofjNq
4,32,2026-04-04T03:45:07.306Z,411.000,10,327.000,paJnKwJCIWomDQ7+,403.000,A+kNn85ct36ofjNq,405.000,YPgdnkCaZf+ESVhT,406.000,fuUUF3zbWalPJsuT,408.000,Sll6nHrnLkY5NagO,409.000,zFvzCKHBUS+vrHz6,411.000,UX236HAQ6dQkJJA8,412.000,8rKJuyoE+tpRfqEu,413.000,33+gWAbpjoJRZ9Ve,414.000,BcosK2TTWH7NwrQ6
4,33,2026-04-04T03:45:07.717Z,402.000,10,319.000,paJnKwJCIWomDQ7+,394.000,Sll6nHrnLkY5NagO,397.000,BcosK2TTWH7NwrQ6,398.000,YPgdnkCaZf+ESVhT,400.000,8rKJuyoE+tpRfqEu,401.000,fuUUF3zbWalPJsuT,402.000,UX236HAQ6dQkJJA8,404.000,zFvzCKHBUS+vrHz6,405.000,33+gWAbpjoJRZ9Ve,409.000,A+kNn85ct36ofjNq
4,34,2026-04-04T03:45:08.119Z,407.000,10,323.000,paJnKwJCIWomDQ7+,397.000,8rKJuyoE+tpRfqEu,399.000,zFvzCKHBUS+vrHz6,401.000,Sll6nHrnLkY5NagO,402.000,YPgdnkCaZf+ESVhT,405.000,33+gWAbpjoJRZ9Ve,407.000,fuUUF3zbWalPJsuT,408.000,BcosK2TTWH7NwrQ6,410.000,A+kNn85ct36ofjNq,411.000,UX236HAQ6dQkJJA8
4,35,2026-04-04T03:45:08.526Z,406.000,10,323.000,paJnKwJCIWomDQ7+,393.000,UX236HAQ6dQkJJA8,398.000,8rKJuyoE+tpRfqEu,399.000,zFvzCKHBUS+vrHz6,401.000,33+gWAbpjoJRZ9Ve,403.000,fuUUF3zbWalPJsuT,406.000,BcosK2TTWH7NwrQ6,409.000,YPgdnkCaZf+ESVhT,410.000,Sll6nHrnLkY5NagO,411.000,A+kNn85ct36ofjNq
4,36,2026-04-04T03:45:08.932Z,409.000,10,327.000,paJnKwJCIWomDQ7+,400.000,BcosK2TTWH7NwrQ6,401.000,33+gWAbpjoJRZ9Ve,405.000,UX236HAQ6dQkJJA8,406.000,8rKJuyoE+tpRfqEu,407.000,fuUUF3zbWalPJsuT,408.000,Sll6nHrnLkY5NagO,410.000,A+kNn85ct36ofjNq,411.000,YPgdnkCaZf+ESVhT,416.000,zFvzCKHBUS+vrHz6
4,37,2026-04-04T03:45:09.341Z,407.000,10,323.000,paJnKwJCIWomDQ7+,399.000,zFvzCKHBUS+vrHz6,401.000,fuUUF3zbWalPJsuT,402.000,YPgdnkCaZf+ESVhT,404.000,A+kNn85ct36ofjNq,405.000,8rKJuyoE+tpRfqEu,406.000,33+gWAbpjoJRZ9Ve,408.000,BcosK2TTWH7NwrQ6,409.000,UX236HAQ6dQkJJA8,410.000,Sll6nHrnLkY5NagO
4,38,2026-04-04T03:45:09.748Z,403.000,9,323.000,paJnKwJCIWomDQ7+,393.000,8rKJuyoE+tpRfqEu,397.000,zFvzCKHBUS+vrHz6,400.000,A+kNn85ct36ofjNq,401.000,33+gWAbpjoJRZ9Ve,402.000,YPgdnkCaZf+ESVhT,403.000,UX236HAQ6dQkJJA8,407.000,fuUUF3zbWalPJsuT,423.000,BcosK2TTWH7NwrQ6,,
4,39,2026-04-04T03:45:10.151Z,757.000,8,610.000,UX236HAQ6dQkJJA8,684.000,BcosK2TTWH7NwrQ6,690.000,Sll6nHrnLkY5NagO,697.000,33+gWAbpjoJRZ9Ve,706.000,fuUUF3zbWalPJsuT,739.000,A+kNn85ct36ofjNq,755.000,8rKJuyoE+tpRfqEu,769.000,YPgdnkCaZf+ESVhT,,,,
4,40,2026-04-04T03:45:10.908Z,,0,,,,,,,,,,,,,,,,,,,,
5,1,2026-04-04T03:44:48.431Z,6170.000,7,2271.000,paJnKwJCIWomDQ7+,2594.000,Sll6nHrnLkY5NagO,3693.000,A+kNn85ct36ofjNq,4069.000,UX236HAQ6dQkJJA8,5383.000,33+gWAbpjoJRZ9Ve,6127.000,YPgdnkCaZf+ESVhT,6170.000,fuUUF3zbWalPJsuT,,,,,,
5,2,2026-04-04T03:44:54.601Z,706.000,8,323.000,paJnKwJCIWomDQ7+,365.000,UX236HAQ6dQkJJA8,367.000,Sll6nHrnLkY5NagO,371.000,fuUUF3zbWalPJsuT,403.000,A+kNn85ct36ofjNq,484.000,33+gWAbpjoJRZ9Ve,706.000,YPgdnkCaZf+ESVhT,876.000,8rKJuyoE+tpRfqEu,,,,
5,3,2026-04-04T03:44:55.307Z,577.000,8,328.000,A+kNn85ct36ofjNq,398.000,fuUUF3zbWalPJsuT,403.000,UX236HAQ6dQkJJA8,404.000,Sll6nHrnLkY5NagO,413.000,paJnKwJCIWomDQ7+,525.000,33+gWAbpjoJRZ9Ve,576.000,YPgdnkCaZf+ESVhT,774.000,8rKJuyoE+tpRfqEu,,,,
5,4,2026-04-04T03:44:55.884Z,444.000,9,313.000,BcosK2TTWH7NwrQ6,392.000,33+gWAbpjoJRZ9Ve,396.000,A+kNn85ct36ofjNq,436.000,paJnKwJCIWomDQ7+,438.000,Sll6nHrnLkY5NagO,441.000,fuUUF3zbWalPJsuT,444.000,UX236HAQ6dQkJJA8,590.000,YPgdnkCaZf+ESVhT,714.000,8rKJuyoE+tpRfqEu,,
5,5,2026-04-04T03:44:56.328Z,412.000,10,328.000,A+kNn85ct36ofjNq,395.000,UX236HAQ6dQkJJA8,397.000,BcosK2TTWH7NwrQ6,400.000,33+gWAbpjoJRZ9Ve,401.000,fuUUF3zbWalPJsuT,405.000,paJnKwJCIWomDQ7+,411.000,Sll6nHrnLkY5NagO,504.000,YPgdnkCaZf+ESVhT,552.000,8rKJuyoE+tpRfqEu,794.000,zFvzCKHBUS+vrHz6
5,6,2026-04-04T03:44:56.740Z,406.000,10,326.000,A+kNn85ct36ofjNq,391.000,fuUUF3zbWalPJsuT,393.000,Sll6nHrnLkY5NagO,394.000,paJnKwJCIWomDQ7+,401.000,33+gWAbpjoJRZ9Ve,404.000,BcosK2TTWH7NwrQ6,406.000,UX236HAQ6dQkJJA8,443.000,YPgdnkCaZf+ESVhT,540.000,8rKJuyoE+tpRfqEu,782.000,zFvzCKHBUS+vrHz6
5,7,2026-04-04T03:44:57.146Z,412.000,9,333.000,A+kNn85ct36ofjNq,378.000,YPgdnkCaZf+ESVhT,394.000,Sll6nHrnLkY5NagO,405.000,paJnKwJCIWomDQ7+,409.000,33+gWAbpjoJRZ9Ve,411.000,8rKJuyoE+tpRfqEu,412.000,fuUUF3zbWalPJsuT,413.000,BcosK2TTWH7NwrQ6,414.000,UX236HAQ6dQkJJA8,,
5,8,2026-04-04T03:44:57.558Z,409.000,10,325.000,A+kNn85ct36ofjNq,396.000,fuUUF3zbWalPJsuT,397.000,Sll6nHrnLkY5NagO,400.000,UX236HAQ6dQkJJA8,403.000,BcosK2TTWH7NwrQ6,408.000,YPgdnkCaZf+ESVhT,409.000,paJnKwJCIWomDQ7+,411.000,33+gWAbpjoJRZ9Ve,476.000,zFvzCKHBUS+vrHz6,480.000,8rKJuyoE+tpRfqEu
5,9,2026-04-04T03:44:57.967Z,404.000,10,325.000,A+kNn85ct36ofjNq,365.000,zFvzCKHBUS+vrHz6,397.000,Sll6nHrnLkY5NagO,400.000,YPgdnkCaZf+ESVhT,402.000,UX236HAQ6dQkJJA8,403.000,BcosK2TTWH7NwrQ6,404.000,33+gWAbpjoJRZ9Ve,405.000,paJnKwJCIWomDQ7+,408.000,fuUUF3zbWalPJsuT,442.000,8rKJuyoE+tpRfqEu
5,10,2026-04-04T03:44:58.371Z,402.000,10,321.000,A+kNn85ct36ofjNq,365.000,zFvzCKHBUS+vrHz6,395.000,fuUUF3zbWalPJsuT,398.000,YPgdnkCaZf+ESVhT,400.000,Sll6nHrnLkY5NagO,401.000,BcosK2TTWH7NwrQ6,402.000,33+gWAbpjoJRZ9Ve,407.000,UX236HAQ6dQkJJA8,409.000,paJnKwJCIWomDQ7+,443.000,8rKJuyoE+tpRfqEu
5,11,2026-04-04T03:44:58.773Z,410.000,10,326.000,A+kNn85ct36ofjNq,402.000,8rKJuyoE+tpRfqEu,404.000,YPgdnkCaZf+ESVhT,405.000,zFvzCKHBUS+vrHz6,406.000,fuUUF3zbWalPJsuT,409.000,Sll6nHrnLkY5NagO,410.000,paJnKwJCIWomDQ7+,411.000,BcosK2TTWH7NwrQ6,413.000,33+gWAbpjoJRZ9Ve,414.000,UX236HAQ6dQkJJA8
5,12,2026-04-04T03:44:59.183Z,404.000,10,321.000,A+kNn85ct36ofjNq,362.000,zFvzCKHBUS+vrHz6,393.000,YPgdnkCaZf+ESVhT,400.000,UX236HAQ6dQkJJA8,401.000,33+gWAbpjoJRZ9Ve,402.000,fuUUF3zbWalPJsuT,403.000,BcosK2TTWH7NwrQ6,405.000,8rKJuyoE+tpRfqEu,406.000,Sll6nHrnLkY5NagO,410.000,paJnKwJCIWomDQ7+
5,13,2026-04-04T03:44:59.587Z,407.000,10,324.000,A+kNn85ct36ofjNq,394.000,fuUUF3zbWalPJsuT,400.000,8rKJuyoE+tpRfqEu,403.000,BcosK2TTWH7NwrQ6,404.000,YPgdnkCaZf+ESVhT,405.000,paJnKwJCIWomDQ7+,407.000,33+gWAbpjoJRZ9Ve,409.000,Sll6nHrnLkY5NagO,413.000,zFvzCKHBUS+vrHz6,415.000,UX236HAQ6dQkJJA8
5,14,2026-04-04T03:44:59.994Z,407.000,10,323.000,A+kNn85ct36ofjNq,396.000,BcosK2TTWH7NwrQ6,400.000,8rKJuyoE+tpRfqEu,402.000,Sll6nHrnLkY5NagO,403.000,paJnKwJCIWomDQ7+,404.000,33+gWAbpjoJRZ9Ve,407.000,YPgdnkCaZf+ESVhT,408.000,UX236HAQ6dQkJJA8,413.000,fuUUF3zbWalPJsuT,449.000,zFvzCKHBUS+vrHz6
5,15,2026-04-04T03:45:00.401Z,407.000,10,324.000,A+kNn85ct36ofjNq,400.000,UX236HAQ6dQkJJA8,401.000,YPgdnkCaZf+ESVhT,403.000,8rKJuyoE+tpRfqEu,404.000,BcosK2TTWH7NwrQ6,405.000,paJnKwJCIWomDQ7+,407.000,Sll6nHrnLkY5NagO,408.000,33+gWAbpjoJRZ9Ve,411.000,fuUUF3zbWalPJsuT,420.000,zFvzCKHBUS+vrHz6
5,16,2026-04-04T03:45:00.808Z,405.000,10,324.000,A+kNn85ct36ofjNq,396.000,33+gWAbpjoJRZ9Ve,397.000,zFvzCKHBUS+vrHz6,399.000,8rKJuyoE+tpRfqEu,403.000,fuUUF3zbWalPJsuT,404.000,Sll6nHrnLkY5NagO,405.000,BcosK2TTWH7NwrQ6,406.000,YPgdnkCaZf+ESVhT,408.000,paJnKwJCIWomDQ7+,410.000,UX236HAQ6dQkJJA8
5,17,2026-04-04T03:45:01.213Z,410.000,10,325.000,A+kNn85ct36ofjNq,398.000,BcosK2TTWH7NwrQ6,399.000,33+gWAbpjoJRZ9Ve,400.000,paJnKwJCIWomDQ7+,407.000,fuUUF3zbWalPJsuT,408.000,Sll6nHrnLkY5NagO,410.000,UX236HAQ6dQkJJA8,411.000,8rKJuyoE+tpRfqEu,412.000,zFvzCKHBUS+vrHz6,413.000,YPgdnkCaZf+ESVhT
5,18,2026-04-04T03:45:01.623Z,403.000,10,320.000,A+kNn85ct36ofjNq,396.000,zFvzCKHBUS+vrHz6,398.000,YPgdnkCaZf+ESVhT,399.000,BcosK2TTWH7NwrQ6,400.000,fuUUF3zbWalPJsuT,402.000,UX236HAQ6dQkJJA8,403.000,33+gWAbpjoJRZ9Ve,404.000,8rKJuyoE+tpRfqEu,406.000,paJnKwJCIWomDQ7+,408.000,Sll6nHrnLkY5NagO
5,19,2026-04-04T03:45:02.026Z,412.000,10,327.000,A+kNn85ct36ofjNq,398.000,YPgdnkCaZf+ESVhT,400.000,Sll6nHrnLkY5NagO,401.000,fuUUF3zbWalPJsuT,405.000,zFvzCKHBUS+vrHz6,408.000,paJnKwJCIWomDQ7+,412.000,8rKJuyoE+tpRfqEu,413.000,UX236HAQ6dQkJJA8,414.000,33+gWAbpjoJRZ9Ve,416.000,BcosK2TTWH7NwrQ6
5,20,2026-04-04T03:45:02.438Z,402.000,10,319.000,A+kNn85ct36ofjNq,393.000,Sll6nHrnLkY5NagO,394.000,UX236HAQ6dQkJJA8,398.000,YPgdnkCaZf+ESVhT,400.000,BcosK2TTWH7NwrQ6,401.000,8rKJuyoE+tpRfqEu,402.000,33+gWAbpjoJRZ9Ve,403.000,zFvzCKHBUS+vrHz6,405.000,paJnKwJCIWomDQ7+,406.000,fuUUF3zbWalPJsuT
5,21,2026-04-04T03:45:02.840Z,400.000,10,322.000,A+kNn85ct36ofjNq,394.000,YPgdnkCaZf+ESVhT,395.000,fuUUF3zbWalPJsuT,396.000,UX236HAQ6dQkJJA8,399.000,8rKJuyoE+tpRfqEu,399.000,33+gWAbpjoJRZ9Ve,400.000,BcosK2TTWH7NwrQ6,402.000,Sll6nHrnLkY5NagO,410.000,zFvzCKHBUS+vrHz6,411.000,paJnKwJCIWomDQ7+
5,22,2026-04-04T03:45:03.240Z,413.000,10,328.000,A+kNn85ct36ofjNq,399.000,BcosK2TTWH7NwrQ6,406.000,fuUUF3zbWalPJsuT,408.000,UX236HAQ6dQkJJA8,410.000,zFvzCKHBUS+vrHz6,411.000,33+gWAbpjoJRZ9Ve,413.000,Sll6nHrnLkY5NagO,414.000,paJnKwJCIWomDQ7+,415.000,8rKJuyoE+tpRfqEu,421.000,YPgdnkCaZf+ESVhT
5,23,2026-04-04T03:45:03.653Z,404.000,10,322.000,A+kNn85ct36ofjNq,397.000,Sll6nHrnLkY5NagO,398.000,zFvzCKHBUS+vrHz6,400.000,paJnKwJCIWomDQ7+,402.000,33+gWAbpjoJRZ9Ve,403.000,UX236HAQ6dQkJJA8,404.000,YPgdnkCaZf+ESVhT,405.000,BcosK2TTWH7NwrQ6,407.000,8rKJuyoE+tpRfqEu,410.000,fuUUF3zbWalPJsuT
5,24,2026-04-04T03:45:04.057Z,406.000,10,322.000,A+kNn85ct36ofjNq,392.000,YPgdnkCaZf+ESVhT,398.000,zFvzCKHBUS+vrHz6,399.000,paJnKwJCIWomDQ7+,402.000,UX236HAQ6dQkJJA8,404.000,BcosK2TTWH7NwrQ6,406.000,fuUUF3zbWalPJsuT,407.000,33+gWAbpjoJRZ9Ve,409.000,Sll6nHrnLkY5NagO,415.000,8rKJuyoE+tpRfqEu
5,25,2026-04-04T03:45:04.463Z,406.000,10,323.000,A+kNn85ct36ofjNq,396.000,8rKJuyoE+tpRfqEu,397.000,paJnKwJCIWomDQ7+,402.000,UX236HAQ6dQkJJA8,403.000,YPgdnkCaZf+ESVhT,405.000,zFvzCKHBUS+vrHz6,406.000,33+gWAbpjoJRZ9Ve,407.000,fuUUF3zbWalPJsuT,408.000,BcosK2TTWH7NwrQ6,411.000,Sll6nHrnLkY5NagO
5,26,2026-04-04T03:45:04.869Z,406.000,10,321.000,A+kNn85ct36ofjNq,400.000,fuUUF3zbWalPJsuT,401.000,zFvzCKHBUS+vrHz6,403.000,YPgdnkCaZf+ESVhT,404.000,BcosK2TTWH7NwrQ6,405.000,UX236HAQ6dQkJJA8,406.000,Sll6nHrnLkY5NagO,408.000,8rKJuyoE+tpRfqEu,409.000,33+gWAbpjoJRZ9Ve,411.000,paJnKwJCIWomDQ7+
5,27,2026-04-04T03:45:05.275Z,407.000,10,324.000,A+kNn85ct36ofjNq,401.000,33+gWAbpjoJRZ9Ve,402.000,YPgdnkCaZf+ESVhT,403.000,UX236HAQ6dQkJJA8,404.000,zFvzCKHBUS+vrHz6,406.000,8rKJuyoE+tpRfqEu,407.000,fuUUF3zbWalPJsuT,408.000,paJnKwJCIWomDQ7+,410.000,BcosK2TTWH7NwrQ6,411.000,Sll6nHrnLkY5NagO
5,28,2026-04-04T03:45:05.682Z,405.000,10,325.000,A+kNn85ct36ofjNq,398.000,33+gWAbpjoJRZ9Ve,400.000,UX236HAQ6dQkJJA8,401.000,Sll6nHrnLkY5NagO,402.000,fuUUF3zbWalPJsuT,403.000,YPgdnkCaZf+ESVhT,405.000,zFvzCKHBUS+vrHz6,406.000,BcosK2TTWH7NwrQ6,407.000,paJnKwJCIWomDQ7+,412.000,8rKJuyoE+tpRfqEu
5,29,2026-04-04T03:45:06.087Z,407.000,10,324.000,A+kNn85ct36ofjNq,401.000,zFvzCKHBUS+vrHz6,402.000,8rKJuyoE+tpRfqEu,403.000,UX236HAQ6dQkJJA8,405.000,BcosK2TTWH7NwrQ6,406.000,fuUUF3zbWalPJsuT,407.000,Sll6nHrnLkY5NagO,408.000,33+gWAbpjoJRZ9Ve,412.000,YPgdnkCaZf+ESVhT,413.000,paJnKwJCIWomDQ7+
5,30,2026-04-04T03:45:06.494Z,405.000,10,322.000,A+kNn85ct36ofjNq,396.000,33+gWAbpjoJRZ9Ve,399.000,UX236HAQ6dQkJJA8,401.000,zFvzCKHBUS+vrHz6,402.000,fuUUF3zbWalPJsuT,404.000,paJnKwJCIWomDQ7+,405.000,8rKJuyoE+tpRfqEu,406.000,Sll6nHrnLkY5NagO,407.000,YPgdnkCaZf+ESVhT,409.000,BcosK2TTWH7NwrQ6
5,31,2026-04-04T03:45:06.899Z,406.000,10,324.000,A+kNn85ct36ofjNq,397.000,YPgdnkCaZf+ESVhT,399.000,paJnKwJCIWomDQ7+,401.000,fuUUF3zbWalPJsuT,403.000,8rKJuyoE+tpRfqEu,404.000,BcosK2TTWH7NwrQ6,406.000,33+gWAbpjoJRZ9Ve,407.000,UX236HAQ6dQkJJA8,408.000,zFvzCKHBUS+vrHz6,409.000,Sll6nHrnLkY5NagO
5,32,2026-04-04T03:45:07.305Z,409.000,10,326.000,A+kNn85ct36ofjNq,396.000,8rKJuyoE+tpRfqEu,402.000,33+gWAbpjoJRZ9Ve,404.000,zFvzCKHBUS+vrHz6,406.000,BcosK2TTWH7NwrQ6,408.000,UX236HAQ6dQkJJA8,409.000,YPgdnkCaZf+ESVhT,410.000,paJnKwJCIWomDQ7+,412.000,fuUUF3zbWalPJsuT,413.000,Sll6nHrnLkY5NagO
5,33,2026-04-04T03:45:07.714Z,403.000,10,321.000,A+kNn85ct36ofjNq,394.000,BcosK2TTWH7NwrQ6,398.000,8rKJuyoE+tpRfqEu,400.000,Sll6nHrnLkY5NagO,401.000,33+gWAbpjoJRZ9Ve,402.000,fuUUF3zbWalPJsuT,403.000,zFvzCKHBUS+vrHz6,405.000,YPgdnkCaZf+ESVhT,406.000,UX236HAQ6dQkJJA8,410.000,paJnKwJCIWomDQ7+
5,34,2026-04-04T03:45:08.117Z,411.000,10,327.000,A+kNn85ct36ofjNq,397.000,33+gWAbpjoJRZ9Ve,399.000,YPgdnkCaZf+ESVhT,400.000,BcosK2TTWH7NwrQ6,407.000,UX236HAQ6dQkJJA8,410.000,8rKJuyoE+tpRfqEu,411.000,Sll6nHrnLkY5NagO,412.000,zFvzCKHBUS+vrHz6,413.000,fuUUF3zbWalPJsuT,416.000,paJnKwJCIWomDQ7+
5,35,2026-04-04T03:45:08.528Z,404.000,10,322.000,A+kNn85ct36ofjNq,394.000,fuUUF3zbWalPJsuT,396.000,zFvzCKHBUS+vrHz6,397.000,8rKJuyoE+tpRfqEu,401.000,BcosK2TTWH7NwrQ6,402.000,paJnKwJCIWomDQ7+,404.000,YPgdnkCaZf+ESVhT,405.000,UX236HAQ6dQkJJA8,406.000,Sll6nHrnLkY5NagO,407.000,33+gWAbpjoJRZ9Ve
5,36,2026-04-04T03:45:08.932Z,409.000,10,325.000,A+kNn85ct36ofjNq,401.000,paJnKwJCIWomDQ7+,404.000,YPgdnkCaZf+ESVhT,405.000,8rKJuyoE+tpRfqEu,407.000,fuUUF3zbWalPJsuT,408.000,33+gWAbpjoJRZ9Ve,409.000,zFvzCKHBUS+vrHz6,410.000,BcosK2TTWH7NwrQ6,412.000,UX236HAQ6dQkJJA8,413.000,Sll6nHrnLkY5NagO
5,37,2026-04-04T03:45:09.341Z,406.000,10,321.000,A+kNn85ct36ofjNq,391.000,fuUUF3zbWalPJsuT,394.000,33+gWAbpjoJRZ9Ve,398.000,zFvzCKHBUS+vrHz6,399.000,Sll6nHrnLkY5NagO,402.000,paJnKwJCIWomDQ7+,406.000,YPgdnkCaZf+ESVhT,407.000,8rKJuyoE+tpRfqEu,409.000,BcosK2TTWH7NwrQ6,410.000,UX236HAQ6dQkJJA8
5,38,2026-04-04T03:45:09.747Z,410.000,9,324.000,A+kNn85ct36ofjNq,395.000,33+gWAbpjoJRZ9Ve,396.000,8rKJuyoE+tpRfqEu,398.000,zFvzCKHBUS+vrHz6,398.000,paJnKwJCIWomDQ7+,406.000,fuUUF3zbWalPJsuT,410.000,UX236HAQ6dQkJJA8,411.000,YPgdnkCaZf+ESVhT,416.000,BcosK2TTWH7NwrQ6,,
5,39,2026-04-04T03:45:10.157Z,750.000,8,598.000,A+kNn85ct36ofjNq,630.000,33+gWAbpjoJRZ9Ve,640.000,UX236HAQ6dQkJJA8,684.000,BcosK2TTWH7NwrQ6,693.000,Sll6nHrnLkY5NagO,704.000,fuUUF3zbWalPJsuT,745.000,8rKJuyoE+tpRfqEu,828.000,YPgdnkCaZf+ESVhT,,,,
5,40,2026-04-04T03:45:10.907Z,,0,,,,,,,,,,,,,,,,,,,,
6,1,2026-04-04T03:44:50.081Z,4529.000,7,694.000,paJnKwJCIWomDQ7+,1021.000,Sll6nHrnLkY5NagO,2085.000,A+kNn85ct36ofjNq,2494.000,UX236HAQ6dQkJJA8,3692.000,33+gWAbpjoJRZ9Ve,4482.000,YPgdnkCaZf+ESVhT,4529.000,fuUUF3zbWalPJsuT,,,,,,
6,2,2026-04-04T03:44:54.610Z,698.000,8,318.000,paJnKwJCIWomDQ7+,353.000,fuUUF3zbWalPJsuT,428.000,UX236HAQ6dQkJJA8,432.000,33+gWAbpjoJRZ9Ve,437.000,Sll6nHrnLkY5NagO,438.000,A+kNn85ct36ofjNq,698.000,YPgdnkCaZf+ESVhT,865.000,8rKJuyoE+tpRfqEu,,,,
6,3,2026-04-04T03:44:55.308Z,565.000,8,399.000,UX236HAQ6dQkJJA8,407.000,paJnKwJCIWomDQ7+,408.000,Sll6nHrnLkY5NagO,413.000,A+kNn85ct36ofjNq,417.000,fuUUF3zbWalPJsuT,482.000,33+gWAbpjoJRZ9Ve,565.000,YPgdnkCaZf+ESVhT,774.000,8rKJuyoE+tpRfqEu,,,,
6,4,2026-04-04T03:44:55.873Z,454.000,9,327.000,BcosK2TTWH7NwrQ6,339.000,33+gWAbpjoJRZ9Ve,443.000,paJnKwJCIWomDQ7+,450.000,A+kNn85ct36ofjNq,451.000,Sll6nHrnLkY5NagO,453.000,fuUUF3zbWalPJsuT,454.000,UX236HAQ6dQkJJA8,598.000,YPgdnkCaZf+ESVhT,723.000,8rKJuyoE+tpRfqEu,,
6,5,2026-04-04T03:44:56.327Z,411.000,10,329.000,33+gWAbpjoJRZ9Ve,398.000,UX236HAQ6dQkJJA8,399.000,fuUUF3zbWalPJsuT,405.000,BcosK2TTWH7NwrQ6,406.000,paJnKwJCIWomDQ7+,407.000,Sll6nHrnLkY5NagO,411.000,A+kNn85ct36ofjNq,501.000,YPgdnkCaZf+ESVhT,554.000,8rKJuyoE+tpRfqEu,812.000,zFvzCKHBUS+vrHz6
6,6,2026-04-04T03:44:56.738Z,416.000,10,333.000,33+gWAbpjoJRZ9Ve,397.000,fuUUF3zbWalPJsuT,403.000,Sll6nHrnLkY5NagO,408.000,paJnKwJCIWomDQ7+,410.000,BcosK2TTWH7NwrQ6,412.000,A+kNn85ct36ofjNq,415.000,UX236HAQ6dQkJJA8,441.000,YPgdnkCaZf+ESVhT,538.000,8rKJuyoE+tpRfqEu,789.000,zFvzCKHBUS+vrHz6
6,7,2026-04-04T03:44:57.154Z,403.000,9,325.000,33+gWAbpjoJRZ9Ve,375.000,YPgdnkCaZf+ESVhT,393.000,A+kNn85ct36ofjNq,394.000,paJnKwJCIWomDQ7+,395.000,Sll6nHrnLkY5NagO,399.000,BcosK2TTWH7NwrQ6,403.000,UX236HAQ6dQkJJA8,404.000,8rKJuyoE+tpRfqEu,406.000,fuUUF3zbWalPJsuT,,
6,8,2026-04-04T03:44:57.557Z,407.000,10,327.000,33+gWAbpjoJRZ9Ve,391.000,zFvzCKHBUS+vrHz6,395.000,fuUUF3zbWalPJsuT,398.000,BcosK2TTWH7NwrQ6,403.000,Sll6nHrnLkY5NagO,406.000,A+kNn85ct36ofjNq,407.000,UX236HAQ6dQkJJA8,410.000,paJnKwJCIWomDQ7+,414.000,YPgdnkCaZf+ESVhT,485.000,8rKJuyoE+tpRfqEu
6,9,2026-04-04T03:44:57.964Z,405.000,10,326.000,33+gWAbpjoJRZ9Ve,371.000,zFvzCKHBUS+vrHz6,398.000,Sll6nHrnLkY5NagO,400.000,BcosK2TTWH7NwrQ6,403.000,fuUUF3zbWalPJsuT,404.000,paJnKwJCIWomDQ7+,405.000,YPgdnkCaZf+ESVhT,412.000,A+kNn85ct36ofjNq,413.000,UX236HAQ6dQkJJA8,448.000,8rKJuyoE+tpRfqEu
6,10,2026-04-04T03:44:58.369Z,407.000,10,325.000,33+gWAbpjoJRZ9Ve,398.000,Sll6nHrnLkY5NagO,399.000,YPgdnkCaZf+ESVhT,401.000,paJnKwJCIWomDQ7+,402.000,fuUUF3zbWalPJsuT,404.000,8rKJuyoE+tpRfqEu,407.000,UX236HAQ6dQkJJA8,409.000,A+kNn85ct36ofjNq,411.000,BcosK2TTWH7NwrQ6,445.000,zFvzCKHBUS+vrHz6
6,11,2026-04-04T03:44:58.776Z,404.000,10,323.000,33+gWAbpjoJRZ9Ve,363.000,zFvzCKHBUS+vrHz6,395.000,fuUUF3zbWalPJsuT,400.000,UX236HAQ6dQkJJA8,402.000,YPgdnkCaZf+ESVhT,403.000,Sll6nHrnLkY5NagO,404.000,A+kNn85ct36ofjNq,406.000,paJnKwJCIWomDQ7+,407.000,8rKJuyoE+tpRfqEu,408.000,BcosK2TTWH7NwrQ6
6,12,2026-04-04T03:44:59.180Z,408.000,10,325.000,33+gWAbpjoJRZ9Ve,400.000,YPgdnkCaZf+ESVhT,402.000,paJnKwJCIWomDQ7+,404.000,BcosK2TTWH7NwrQ6,405.000,A+kNn85ct36ofjNq,407.000,8rKJuyoE+tpRfqEu,408.000,Sll6nHrnLkY5NagO,409.000,UX236HAQ6dQkJJA8,413.000,fuUUF3zbWalPJsuT,414.000,zFvzCKHBUS+vrHz6
6,13,2026-04-04T03:44:59.588Z,402.000,10,323.000,33+gWAbpjoJRZ9Ve,395.000,fuUUF3zbWalPJsuT,396.000,Sll6nHrnLkY5NagO,397.000,BcosK2TTWH7NwrQ6,399.000,paJnKwJCIWomDQ7+,400.000,8rKJuyoE+tpRfqEu,402.000,A+kNn85ct36ofjNq,404.000,YPgdnkCaZf+ESVhT,411.000,UX236HAQ6dQkJJA8,443.000,zFvzCKHBUS+vrHz6
6,14,2026-04-04T03:44:59.990Z,411.000,10,329.000,33+gWAbpjoJRZ9Ve,400.000,BcosK2TTWH7NwrQ6,404.000,A+kNn85ct36ofjNq,406.000,paJnKwJCIWomDQ7+,408.000,Sll6nHrnLkY5NagO,409.000,YPgdnkCaZf+ESVhT,411.000,fuUUF3zbWalPJsuT,412.000,8rKJuyoE+tpRfqEu,415.000,UX236HAQ6dQkJJA8,445.000,zFvzCKHBUS+vrHz6
6,15,2026-04-04T03:45:00.401Z,404.000,10,322.000,33+gWAbpjoJRZ9Ve,396.000,UX236HAQ6dQkJJA8,399.000,BcosK2TTWH7NwrQ6,400.000,8rKJuyoE+tpRfqEu,402.000,fuUUF3zbWalPJsuT,403.000,YPgdnkCaZf+ESVhT,404.000,Sll6nHrnLkY5NagO,405.000,A+kNn85ct36ofjNq,409.000,paJnKwJCIWomDQ7+,420.000,zFvzCKHBUS+vrHz6
6,16,2026-04-04T03:45:00.805Z,409.000,10,326.000,33+gWAbpjoJRZ9Ve,401.000,UX236HAQ6dQkJJA8,404.000,zFvzCKHBUS+vrHz6,405.000,fuUUF3zbWalPJsuT,406.000,BcosK2TTWH7NwrQ6,408.000,A+kNn85ct36ofjNq,409.000,8rKJuyoE+tpRfqEu,410.000,paJnKwJCIWomDQ7+,414.000,YPgdnkCaZf+ESVhT,426.000,Sll6nHrnLkY5NagO
6,17,2026-04-04T03:45:01.214Z,404.000,10,323.000,33+gWAbpjoJRZ9Ve,396.000,A+kNn85ct36ofjNq,399.000,8rKJuyoE+tpRfqEu,400.000,paJnKwJCIWomDQ7+,402.000,zFvzCKHBUS+vrHz6,403.000,Sll6nHrnLkY5NagO,404.000,BcosK2TTWH7NwrQ6,407.000,fuUUF3zbWalPJsuT,408.000,YPgdnkCaZf+ESVhT,414.000,UX236HAQ6dQkJJA8
6,18,2026-04-04T03:45:01.618Z,411.000,10,326.000,33+gWAbpjoJRZ9Ve,401.000,A+kNn85ct36ofjNq,406.000,paJnKwJCIWomDQ7+,407.000,UX236HAQ6dQkJJA8,408.000,BcosK2TTWH7NwrQ6,410.000,YPgdnkCaZf+ESVhT,411.000,Sll6nHrnLkY5NagO,412.000,8rKJuyoE+tpRfqEu,413.000,fuUUF3zbWalPJsuT,415.000,zFvzCKHBUS+vrHz6
6,19,2026-04-04T03:45:02.029Z,407.000,10,321.000,33+gWAbpjoJRZ9Ve,389.000,YPgdnkCaZf+ESVhT,401.000,Sll6nHrnLkY5NagO,403.000,UX236HAQ6dQkJJA8,404.000,A+kNn85ct36ofjNq,405.000,zFvzCKHBUS+vrHz6,406.000,BcosK2TTWH7NwrQ6,408.000,fuUUF3zbWalPJsuT,409.000,8rKJuyoE+tpRfqEu,411.000,paJnKwJCIWomDQ7+
6,20,2026-04-04T03:45:02.436Z,402.000,10,319.000,33+gWAbpjoJRZ9Ve,396.000,Sll6nHrnLkY5NagO,397.000,fuUUF3zbWalPJsuT,399.000,zFvzCKHBUS+vrHz6,400.000,UX236HAQ6dQkJJA8,401.000,A+kNn85ct36ofjNq,402.000,YPgdnkCaZf+ESVhT,403.000,BcosK2TTWH7NwrQ6,405.000,8rKJuyoE+tpRfqEu,411.000,paJnKwJCIWomDQ7+
6,21,2026-04-04T03:45:02.838Z,409.000,10,327.000,33+gWAbpjoJRZ9Ve,403.000,A+kNn85ct36ofjNq,404.000,Sll6nHrnLkY5NagO,405.000,UX236HAQ6dQkJJA8,407.000,YPgdnkCaZf+ESVhT,408.000,fuUUF3zbWalPJsuT,409.000,zFvzCKHBUS+vrHz6,410.000,8rKJuyoE+tpRfqEu,412.000,paJnKwJCIWomDQ7+,413.000,BcosK2TTWH7NwrQ6
6,22,2026-04-04T03:45:03.247Z,403.000,10,321.000,33+gWAbpjoJRZ9Ve,388.000,A+kNn85ct36ofjNq,398.000,BcosK2TTWH7NwrQ6,400.000,paJnKwJCIWomDQ7+,401.000,fuUUF3zbWalPJsuT,402.000,Sll6nHrnLkY5NagO,403.000,8rKJuyoE+tpRfqEu,405.000,zFvzCKHBUS+vrHz6,406.000,UX236HAQ6dQkJJA8,409.000,YPgdnkCaZf+ESVhT
6,23,2026-04-04T03:45:03.650Z,406.000,10,323.000,33+gWAbpjoJRZ9Ve,392.000,Sll6nHrnLkY5NagO,396.000,UX236HAQ6dQkJJA8,400.000,8rKJuyoE+tpRfqEu,403.000,paJnKwJCIWomDQ7+,405.000,YPgdnkCaZf+ESVhT,406.000,zFvzCKHBUS+vrHz6,407.000,A+kNn85ct36ofjNq,409.000,BcosK2TTWH7NwrQ6,415.000,fuUUF3zbWalPJsuT
6,24,2026-04-04T03:45:04.056Z,407.000,10,326.000,33+gWAbpjoJRZ9Ve,397.000,zFvzCKHBUS+vrHz6,399.000,YPgdnkCaZf+ESVhT,401.000,fuUUF3zbWalPJsuT,403.000,UX236HAQ6dQkJJA8,404.000,BcosK2TTWH7NwrQ6,407.000,paJnKwJCIWomDQ7+,408.000,A+kNn85ct36ofjNq,409.000,Sll6nHrnLkY5NagO,412.000,8rKJuyoE+tpRfqEu
6,25,2026-04-04T03:45:04.463Z,407.000,10,323.000,33+gWAbpjoJRZ9Ve,393.000,UX236HAQ6dQkJJA8,403.000,zFvzCKHBUS+vrHz6,404.000,8rKJuyoE+tpRfqEu,405.000,Sll6nHrnLkY5NagO,406.000,BcosK2TTWH7NwrQ6,407.000,paJnKwJCIWomDQ7+,408.000,YPgdnkCaZf+ESVhT,410.000,fuUUF3zbWalPJsuT,417.000,A+kNn85ct36ofjNq
6,26,2026-04-04T03:45:04.870Z,406.000,10,322.000,33+gWAbpjoJRZ9Ve,398.000,8rKJuyoE+tpRfqEu,400.000,UX236HAQ6dQkJJA8,402.000,fuUUF3zbWalPJsuT,403.000,Sll6nHrnLkY5NagO,404.000,A+kNn85ct36ofjNq,406.000,zFvzCKHBUS+vrHz6,407.000,BcosK2TTWH7NwrQ6,408.000,paJnKwJCIWomDQ7+,409.000,YPgdnkCaZf+ESVhT
6,27,2026-04-04T03:45:05.276Z,403.000,10,320.000,33+gWAbpjoJRZ9Ve,396.000,A+kNn85ct36ofjNq,398.000,zFvzCKHBUS+vrHz6,400.000,fuUUF3zbWalPJsuT,401.000,Sll6nHrnLkY5NagO,402.000,YPgdnkCaZf+ESVhT,403.000,paJnKwJCIWomDQ7+,404.000,8rKJuyoE+tpRfqEu,407.000,BcosK2TTWH7NwrQ6,412.000,UX236HAQ6dQkJJA8
6,28,2026-04-04T03:45:05.679Z,407.000,10,325.000,33+gWAbpjoJRZ9Ve,400.000,Sll6nHrnLkY5NagO,401.000,paJnKwJCIWomDQ7+,403.000,8rKJuyoE+tpRfqEu,404.000,UX236HAQ6dQkJJA8,405.000,A+kNn85ct36ofjNq,406.000,zFvzCKHBUS+vrHz6,408.000,YPgdnkCaZf+ESVhT,409.000,BcosK2TTWH7NwrQ6,411.000,fuUUF3zbWalPJsuT
6,29,2026-04-04T03:45:06.086Z,406.000,10,324.000,33+gWAbpjoJRZ9Ve,399.000,zFvzCKHBUS+vrHz6,400.000,8rKJuyoE+tpRfqEu,401.000,YPgdnkCaZf+ESVhT,403.000,paJnKwJCIWomDQ7+,404.000,UX236HAQ6dQkJJA8,406.000,Sll6nHrnLkY5NagO,407.000,fuUUF3zbWalPJsuT,409.000,A+kNn85ct36ofjNq,413.000,BcosK2TTWH7NwrQ6
6,30,2026-04-04T03:45:06.492Z,409.000,10,323.000,33+gWAbpjoJRZ9Ve,402.000,paJnKwJCIWomDQ7+,403.000,zFvzCKHBUS+vrHz6,405.000,A+kNn85ct36ofjNq,406.000,8rKJuyoE+tpRfqEu,407.000,fuUUF3zbWalPJsuT,409.000,BcosK2TTWH7NwrQ6,410.000,Sll6nHrnLkY5NagO,411.000,UX236HAQ6dQkJJA8,412.000,YPgdnkCaZf+ESVhT
6,31,2026-04-04T03:45:06.901Z,405.000,10,323.000,33+gWAbpjoJRZ9Ve,397.000,BcosK2TTWH7NwrQ6,400.000,YPgdnkCaZf+ESVhT,401.000,zFvzCKHBUS+vrHz6,402.000,fuUUF3zbWalPJsuT,404.000,paJnKwJCIWomDQ7+,405.000,UX236HAQ6dQkJJA8,406.000,8rKJuyoE+tpRfqEu,407.000,A+kNn85ct36ofjNq,409.000,Sll6nHrnLkY5NagO
6,32,2026-04-04T03:45:07.306Z,405.000,10,323.000,33+gWAbpjoJRZ9Ve,396.000,BcosK2TTWH7NwrQ6,399.000,8rKJuyoE+tpRfqEu,400.000,A+kNn85ct36ofjNq,402.000,YPgdnkCaZf+ESVhT,403.000,Sll6nHrnLkY5NagO,405.000,UX236HAQ6dQkJJA8,406.000,fuUUF3zbWalPJsuT,407.000,paJnKwJCIWomDQ7+,410.000,zFvzCKHBUS+vrHz6
6,33,2026-04-04T03:45:07.711Z,406.000,10,326.000,33+gWAbpjoJRZ9Ve,398.000,YPgdnkCaZf+ESVhT,400.000,fuUUF3zbWalPJsuT,402.000,Sll6nHrnLkY5NagO,404.000,BcosK2TTWH7NwrQ6,405.000,zFvzCKHBUS+vrHz6,406.000,8rKJuyoE+tpRfqEu,408.000,paJnKwJCIWomDQ7+,409.000,UX236HAQ6dQkJJA8,411.000,A+kNn85ct36ofjNq
6,34,2026-04-04T03:45:08.117Z,408.000,10,325.000,33+gWAbpjoJRZ9Ve,401.000,UX236HAQ6dQkJJA8,402.000,zFvzCKHBUS+vrHz6,404.000,YPgdnkCaZf+ESVhT,405.000,paJnKwJCIWomDQ7+,406.000,A+kNn85ct36ofjNq,407.000,fuUUF3zbWalPJsuT,409.000,Sll6nHrnLkY5NagO,413.000,BcosK2TTWH7NwrQ6,417.000,8rKJuyoE+tpRfqEu
6,35,2026-04-04T03:45:08.525Z,407.000,10,324.000,33+gWAbpjoJRZ9Ve,395.000,BcosK2TTWH7NwrQ6,402.000,UX236HAQ6dQkJJA8,403.000,8rKJuyoE+tpRfqEu,404.000,paJnKwJCIWomDQ7+,405.000,A+kNn85ct36ofjNq,407.000,zFvzCKHBUS+vrHz6,408.000,YPgdnkCaZf+ESVhT,409.000,fuUUF3zbWalPJsuT,410.000,Sll6nHrnLkY5NagO
6,36,2026-04-04T03:45:08.932Z,407.000,10,326.000,33+gWAbpjoJRZ9Ve,396.000,8rKJuyoE+tpRfqEu,402.000,UX236HAQ6dQkJJA8,403.000,A+kNn85ct36ofjNq,405.000,fuUUF3zbWalPJsuT,406.000,paJnKwJCIWomDQ7+,407.000,zFvzCKHBUS+vrHz6,409.000,BcosK2TTWH7NwrQ6,410.000,YPgdnkCaZf+ESVhT,411.000,Sll6nHrnLkY5NagO
6,37,2026-04-04T03:45:09.339Z,409.000,10,324.000,33+gWAbpjoJRZ9Ve,394.000,fuUUF3zbWalPJsuT,401.000,8rKJuyoE+tpRfqEu,403.000,paJnKwJCIWomDQ7+,404.000,zFvzCKHBUS+vrHz6,407.000,YPgdnkCaZf+ESVhT,409.000,A+kNn85ct36ofjNq,410.000,UX236HAQ6dQkJJA8,411.000,Sll6nHrnLkY5NagO,412.000,BcosK2TTWH7NwrQ6
6,38,2026-04-04T03:45:09.748Z,406.000,9,325.000,33+gWAbpjoJRZ9Ve,396.000,YPgdnkCaZf+ESVhT,399.000,UX236HAQ6dQkJJA8,401.000,8rKJuyoE+tpRfqEu,402.000,zFvzCKHBUS+vrHz6,404.000,A+kNn85ct36ofjNq,406.000,paJnKwJCIWomDQ7+,408.000,fuUUF3zbWalPJsuT,442.000,BcosK2TTWH7NwrQ6,,
6,39,2026-04-04T03:45:10.154Z,755.000,8,564.000,33+gWAbpjoJRZ9Ve,605.000,UX236HAQ6dQkJJA8,618.000,fuUUF3zbWalPJsuT,668.000,A+kNn85ct36ofjNq,692.000,BcosK2TTWH7NwrQ6,706.000,Sll6nHrnLkY5NagO,750.000,8rKJuyoE+tpRfqEu,775.000,YPgdnkCaZf+ESVhT,,,,
6,40,2026-04-04T03:45:10.909Z,,0,,,,,,,,,,,,,,,,,,,,
7,1,2026-04-04T03:44:51.421Z,3559.000,7,818.000,A+kNn85ct36ofjNq,1079.000,UX236HAQ6dQkJJA8,2392.000,33+gWAbpjoJRZ9Ve,2496.000,paJnKwJCIWomDQ7+,3098.000,YPgdnkCaZf+ESVhT,3184.000,fuUUF3zbWalPJsuT,6004.000,Sll6nHrnLkY5NagO,,,,,,
7,2,2026-04-04T03:44:54.980Z,498.000,8,1.000,paJnKwJCIWomDQ7+,2.000,fuUUF3zbWalPJsuT,2.000,UX236HAQ6dQkJJA8,65.000,A+kNn85ct36ofjNq,103.000,33+gWAbpjoJRZ9Ve,286.000,YPgdnkCaZf+ESVhT,498.000,8rKJuyoE+tpRfqEu,2447.000,Sll6nHrnLkY5NagO,,,,
7,3,2026-04-04T03:44:55.478Z,604.000,8,232.000,A+kNn85ct36ofjNq,233.000,paJnKwJCIWomDQ7+,233.000,UX236HAQ6dQkJJA8,234.000,fuUUF3zbWalPJsuT,288.000,YPgdnkCaZf+ESVhT,361.000,33+gWAbpjoJRZ9Ve,604.000,8rKJuyoE+tpRfqEu,1951.000,Sll6nHrnLkY5NagO,,,,
7,4,2026-04-04T03:44:56.082Z,348.000,9,186.000,BcosK2TTWH7NwrQ6,186.000,33+gWAbpjoJRZ9Ve,238.000,paJnKwJCIWomDQ7+,239.000,A+kNn85ct36ofjNq,243.000,fuUUF3zbWalPJsuT,246.000,UX236HAQ6dQkJJA8,348.000,YPgdnkCaZf+ESVhT,513.000,8rKJuyoE+tpRfqEu,1348.000,Sll6nHrnLkY5NagO,,
7,5,2026-04-04T03:44:56.430Z,348.000,10,258.000,BcosK2TTWH7NwrQ6,263.000,fuUUF3zbWalPJsuT,265.000,33+gWAbpjoJRZ9Ve,267.000,A+kNn85ct36ofjNq,268.000,UX236HAQ6dQkJJA8,271.000,paJnKwJCIWomDQ7+,347.000,YPgdnkCaZf+ESVhT,450.000,8rKJuyoE+tpRfqEu,1002.000,Sll6nHrnLkY5NagO,696.000,zFvzCKHBUS+vrHz6
7,6,2026-04-04T03:44:56.778Z,375.000,10,292.000,YPgdnkCaZf+ESVhT,360.000,BcosK2TTWH7NwrQ6,362.000,fuUUF3zbWalPJsuT,363.000,A+kNn85ct36ofjNq,364.000,33+gWAbpjoJRZ9Ve,373.000,UX236HAQ6dQkJJA8,375.000,paJnKwJCIWomDQ7+,492.000,8rKJuyoE+tpRfqEu,775.000,Sll6nHrnLkY5NagO,751.000,zFvzCKHBUS+vrHz6
7,7,2026-04-04T03:44:57.153Z,407.000,9,330.000,YPgdnkCaZf+ESVhT,395.000,paJnKwJCIWomDQ7+,397.000,A+kNn85ct36ofjNq,402.000,BcosK2TTWH7NwrQ6,403.000,8rKJuyoE+tpRfqEu,404.000,33+gWAbpjoJRZ9Ve,406.000,fuUUF3zbWalPJsuT,415.000,UX236HAQ6dQkJJA8,438.000,Sll6nHrnLkY5NagO,,
7,8,2026-04-04T03:44:57.560Z,407.000,10,319.000,YPgdnkCaZf+ESVhT,391.000,fuUUF3zbWalPJsuT,395.000,BcosK2TTWH7NwrQ6,398.000,A+kNn85ct36ofjNq,401.000,Sll6nHrnLkY5NagO,403.000,UX236HAQ6dQkJJA8,407.000,33+gWAbpjoJRZ9Ve,408.000,paJnKwJCIWomDQ7+,460.000,zFvzCKHBUS+vrHz6,479.000,8rKJuyoE+tpRfqEu
7,9,2026-04-04T03:44:57.967Z,398.000,10,320.000,YPgdnkCaZf+ESVhT,364.000,zFvzCKHBUS+vrHz6,392.000,A+kNn85ct36ofjNq,394.000,UX236HAQ6dQkJJA8,395.000,BcosK2TTWH7NwrQ6,396.000,Sll6nHrnLkY5NagO,397.000,33+gWAbpjoJRZ9Ve,399.000,fuUUF3zbWalPJsuT,401.000,paJnKwJCIWomDQ7+,437.000,8rKJuyoE+tpRfqEu
7,10,2026-04-04T03:44:58.365Z,406.000,10,326.000,YPgdnkCaZf+ESVhT,371.000,zFvzCKHBUS+vrHz6,398.000,fuUUF3zbWalPJsuT,402.000,BcosK2TTWH7NwrQ6,404.000,paJnKwJCIWomDQ7+,405.000,UX236HAQ6dQkJJA8,406.000,33+gWAbpjoJRZ9Ve,408.000,Sll6nHrnLkY5NagO,409.000,A+kNn85ct36ofjNq,447.000,8rKJuyoE+tpRfqEu
7,11,2026-04-04T03:44:58.771Z,409.000,10,329.000,YPgdnkCaZf+ESVhT,368.000,zFvzCKHBUS+vrHz6,403.000,8rKJuyoE+tpRfqEu,405.000,UX236HAQ6dQkJJA8,406.000,A+kNn85ct36ofjNq,408.000,Sll6nHrnLkY5NagO,409.000,33+gWAbpjoJRZ9Ve,410.000,fuUUF3zbWalPJsuT,412.000,paJnKwJCIWomDQ7+,413.000,BcosK2TTWH7NwrQ6
7,12,2026-04-04T03:44:59.180Z,408.000,10,326.000,YPgdnkCaZf+ESVhT,399.000,Sll6nHrnLkY5NagO,400.000,BcosK2TTWH7NwrQ6,402.000,33+gWAbpjoJRZ9Ve,403.000,A+kNn85ct36ofjNq,404.000,paJnKwJCIWomDQ7+,408.000,UX236HAQ6dQkJJA8,409.000,zFvzCKHBUS+vrHz6,410.000,fuUUF3zbWalPJsuT,414.000,8rKJuyoE+tpRfqEu
7,13,2026-04-04T03:44:59.588Z,407.000,10,327.000,YPgdnkCaZf+ESVhT,393.000,Sll6nHrnLkY5NagO,398.000,paJnKwJCIWomDQ7+,401.000,fuUUF3zbWalPJsuT,404.000,BcosK2TTWH7NwrQ6,405.000,UX236HAQ6dQkJJA8,407.000,33+gWAbpjoJRZ9Ve,408.000,A+kNn85ct36ofjNq,409.000,8rKJuyoE+tpRfqEu,447.000,zFvzCKHBUS+vrHz6
7,14,2026-04-04T03:44:59.995Z,405.000,10,322.000,YPgdnkCaZf+ESVhT,397.000,BcosK2TTWH7NwrQ6,399.000,8rKJuyoE+tpRfqEu,401.000,33+gWAbpjoJRZ9Ve,402.000,UX236HAQ6dQkJJA8,403.000,Sll6nHrnLkY5NagO,405.000,A+kNn85ct36ofjNq,407.000,paJnKwJCIWomDQ7+,411.000,fuUUF3zbWalPJsuT,444.000,zFvzCKHBUS+vrHz6
7,15,2026-04-04T03:45:00.400Z,410.000,10,328.000,YPgdnkCaZf+ESVhT,400.000,BcosK2TTWH7NwrQ6,401.000,8rKJuyoE+tpRfqEu,403.000,UX236HAQ6dQkJJA8,407.000,paJnKwJCIWomDQ7+,409.000,Sll6nHrnLkY5NagO,410.000,33+gWAbpjoJRZ9Ve,411.000,fuUUF3zbWalPJsuT,413.000,A+kNn85ct36ofjNq,417.000,zFvzCKHBUS+vrHz6
7,16,2026-04-04T03:45:00.810Z,404.000,10,321.000,YPgdnkCaZf+ESVhT,397.000,33+gWAbpjoJRZ9Ve,398.000,A+kNn85ct36ofjNq,400.000,paJnKwJCIWomDQ7+,401.000,UX236HAQ6dQkJJA8,403.000,8rKJuyoE+tpRfqEu,404.000,zFvzCKHBUS+vrHz6,405.000,BcosK2TTWH7NwrQ6,406.000,fuUUF3zbWalPJsuT,408.000,Sll6nHrnLkY5NagO
7,17,2026-04-04T03:45:01.214Z,410.000,10,324.000,YPgdnkCaZf+ESVhT,403.000,UX236HAQ6dQkJJA8,404.000,33+gWAbpjoJRZ9Ve,406.000,Sll6nHrnLkY5NagO,407.000,8rKJuyoE+tpRfqEu,408.000,paJnKwJCIWomDQ7+,409.000,zFvzCKHBUS+vrHz6,411.000,A+kNn85ct36ofjNq,412.000,fuUUF3zbWalPJsuT,413.000,BcosK2TTWH7NwrQ6
7,18,2026-04-04T03:45:01.624Z,402.000,10,319.000,YPgdnkCaZf+ESVhT,393.000,8rKJuyoE+tpRfqEu,394.000,33+gWAbpjoJRZ9Ve,398.000,BcosK2TTWH7NwrQ6,399.000,paJnKwJCIWomDQ7+,400.000,A+kNn85ct36ofjNq,402.000,Sll6nHrnLkY5NagO,405.000,fuUUF3zbWalPJsuT,406.000,UX236HAQ6dQkJJA8,409.000,zFvzCKHBUS+vrHz6
7,19,2026-04-04T03:45:02.026Z,406.000,10,324.000,YPgdnkCaZf+ESVhT,396.000,fuUUF3zbWalPJsuT,399.000,33+gWAbpjoJRZ9Ve,400.000,BcosK2TTWH7NwrQ6,402.000,A+kNn85ct36ofjNq,404.000,UX236HAQ6dQkJJA8,406.000,paJnKwJCIWomDQ7+,407.000,Sll6nHrnLkY5NagO,408.000,8rKJuyoE+tpRfqEu,409.000,zFvzCKHBUS+vrHz6
7,20,2026-04-04T03:45:02.432Z,407.000,10,325.000,YPgdnkCaZf+ESVhT,397.000,paJnKwJCIWomDQ7+,400.000,Sll6nHrnLkY5NagO,403.000,33+gWAbpjoJRZ9Ve,404.000,A+kNn85ct36ofjNq,406.000,8rKJuyoE+tpRfqEu,407.000,UX236HAQ6dQkJJA8,409.000,BcosK2TTWH7NwrQ6,410.000,fuUUF3zbWalPJsuT,412.000,zFvzCKHBUS+vrHz6
7,21,2026-04-04T03:45:02.839Z,407.000,10,326.000,YPgdnkCaZf+ESVhT,400.000,8rKJuyoE+tpRfqEu,402.000,BcosK2TTWH7NwrQ6,404.000,UX236HAQ6dQkJJA8,405.000,zFvzCKHBUS+vrHz6,406.000,paJnKwJCIWomDQ7+,407.000,fuUUF3zbWalPJsuT,409.000,Sll6nHrnLkY5NagO,410.000,A+kNn85ct36ofjNq,416.000,33+gWAbpjoJRZ9Ve
7,22,2026-04-04T03:45:03.246Z,405.000,10,321.000,YPgdnkCaZf+ESVhT,394.000,zFvzCKHBUS+vrHz6,396.000,A+kNn85ct36ofjNq,398.000,fuUUF3zbWalPJsuT,399.000,UX236HAQ6dQkJJA8,404.000,paJnKwJCIWomDQ7+,405.000,33+gWAbpjoJRZ9Ve,406.000,BcosK2TTWH7NwrQ6,408.000,Sll6nHrnLkY5NagO,409.000,8rKJuyoE+tpRfqEu
7,23,2026-04-04T03:45:03.651Z,407.000,10,322.000,YPgdnkCaZf+ESVhT,396.000,zFvzCKHBUS+vrHz6,402.000,paJnKwJCIWomDQ7+,403.000,fuUUF3zbWalPJsuT,404.000,A+kNn85ct36ofjNq,405.000,BcosK2TTWH7NwrQ6,407.000,Sll6nHrnLkY5NagO,408.000,33+gWAbpjoJRZ9Ve,409.000,UX236HAQ6dQkJJA8,411.000,8rKJuyoE+tpRfqEu
7,24,2026-04-04T03:45:04.058Z,407.000,10,323.000,YPgdnkCaZf+ESVhT,390.000,paJnKwJCIWomDQ7+,396.000,fuUUF3zbWalPJsuT,402.000,8rKJuyoE+tpRfqEu,404.000,BcosK2TTWH7NwrQ6,405.000,zFvzCKHBUS+vrHz6,406.000,UX236HAQ6dQkJJA8,408.000,A+kNn85ct36ofjNq,410.000,Sll6nHrnLkY5NagO,411.000,33+gWAbpjoJRZ9Ve
7,25,2026-04-04T03:45:04.465Z,402.000,10,322.000,YPgdnkCaZf+ESVhT,396.000,UX236HAQ6dQkJJA8,397.000,8rKJuyoE+tpRfqEu,398.000,paJnKwJCIWomDQ7+,400.000,zFvzCKHBUS+vrHz6,401.000,33+gWAbpjoJRZ9Ve,402.000,BcosK2TTWH7NwrQ6,404.000,Sll6nHrnLkY5NagO,413.000,A+kNn85ct36ofjNq,414.000,fuUUF3zbWalPJsuT
7,26,2026-04-04T03:45:04.867Z,408.000,10,326.000,YPgdnkCaZf+ESVhT,397.000,Sll6nHrnLkY5NagO,402.000,zFvzCKHBUS+vrHz6,404.000,A+kNn85ct36ofjNq,405.000,8rKJuyoE+tpRfqEu,406.000,33+gWAbpjoJRZ9Ve,407.000,UX236HAQ6dQkJJA8,409.000,fuUUF3zbWalPJsuT,411.000,paJnKwJCIWomDQ7+,412.000,BcosK2TTWH7NwrQ6
7,27,2026-04-04T03:45:05.275Z,406.000,10,322.000,YPgdnkCaZf+ESVhT,395.000,zFvzCKHBUS+vrHz6,400.000,paJnKwJCIWomDQ7+,402.000,8rKJuyoE+tpRfqEu,404.000,Sll6nHrnLkY5NagO,405.000,BcosK2TTWH7NwrQ6,406.000,UX236HAQ6dQkJJA8,407.000,33+gWAbpjoJRZ9Ve,408.000,A+kNn85ct36ofjNq,410.000,fuUUF3zbWalPJsuT
7,28,2026-04-04T03:45:05.681Z,405.000,10,322.000,YPgdnkCaZf+ESVhT,392.000,8rKJuyoE+tpRfqEu,399.000,UX236HAQ6dQkJJA8,402.000,A+kNn85ct36ofjNq,404.000,33+gWAbpjoJRZ9Ve,405.000,Sll6nHrnLkY5NagO,405.000,zFvzCKHBUS+vrHz6,406.000,fuUUF3zbWalPJsuT,412.000,paJnKwJCIWomDQ7+,413.000,BcosK2TTWH7NwrQ6
7,29,2026-04-04T03:45:06.086Z,408.000,10,325.000,YPgdnkCaZf+ESVhT,400.000,BcosK2TTWH7NwrQ6,402.000,zFvzCKHBUS+vrHz6,404.000,A+kNn85ct36ofjNq,405.000,Sll6nHrnLkY5NagO,406.000,fuUUF3zbWalPJsuT,408.000,paJnKwJCIWomDQ7+,410.000,UX236HAQ6dQkJJA8,412.000,33+gWAbpjoJRZ9Ve,414.000,8rKJuyoE+tpRfqEu
7,30,2026-04-04T03:45:06.494Z,405.000,10,322.000,YPgdnkCaZf+ESVhT,398.000,zFvzCKHBUS+vrHz6,400.000,A+kNn85ct36ofjNq,401.000,8rKJuyoE+tpRfqEu,403.000,33+gWAbpjoJRZ9Ve,404.000,Sll6nHrnLkY5NagO,405.000,UX236HAQ6dQkJJA8,406.000,BcosK2TTWH7NwrQ6,408.000,fuUUF3zbWalPJsuT,411.000,paJnKwJCIWomDQ7+
7,31,2026-04-04T03:45:06.899Z,409.000,10,327.000,YPgdnkCaZf+ESVhT,401.000,BcosK2TTWH7NwrQ6,403.000,33+gWAbpjoJRZ9Ve,404.000,UX236HAQ6dQkJJA8,405.000,fuUUF3zbWalPJsuT,407.000,A+kNn85ct36ofjNq,409.000,paJnKwJCIWomDQ7+,411.000,8rKJuyoE+tpRfqEu,415.000,zFvzCKHBUS+vrHz6,417.000,Sll6nHrnLkY5NagO
7,32,2026-04-04T03:45:07.308Z,403.000,10,321.000,YPgdnkCaZf+ESVhT,393.000,paJnKwJCIWomDQ7+,396.000,UX236HAQ6dQkJJA8,397.000,A+kNn85ct36ofjNq,398.000,8rKJuyoE+tpRfqEu,400.000,fuUUF3zbWalPJsuT,403.000,33+gWAbpjoJRZ9Ve,404.000,zFvzCKHBUS+vrHz6,406.000,BcosK2TTWH7NwrQ6,407.000,Sll6nHrnLkY5NagO
7,33,2026-04-04T03:45:07.711Z,404.000,10,322.000,YPgdnkCaZf+ESVhT,394.000,UX236HAQ6dQkJJA8,399.000,A+kNn85ct36ofjNq,400.000,33+gWAbpjoJRZ9Ve,402.000,paJnKwJCIWomDQ7+,403.000,fuUUF3zbWalPJsuT,404.000,8rKJuyoE+tpRfqEu,405.000,BcosK2TTWH7NwrQ6,407.000,zFvzCKHBUS+vrHz6,408.000,Sll6nHrnLkY5NagO
7,34,2026-04-04T03:45:08.115Z,411.000,10,329.000,YPgdnkCaZf+ESVhT,400.000,8rKJuyoE+tpRfqEu,402.000,paJnKwJCIWomDQ7+,406.000,BcosK2TTWH7NwrQ6,407.000,33+gWAbpjoJRZ9Ve,409.000,A+kNn85ct36ofjNq,411.000,UX236HAQ6dQkJJA8,412.000,zFvzCKHBUS+vrHz6,414.000,fuUUF3zbWalPJsuT,416.000,Sll6nHrnLkY5NagO
7,35,2026-04-04T03:45:08.526Z,409.000,10,324.000,YPgdnkCaZf+ESVhT,393.000,8rKJuyoE+tpRfqEu,397.000,zFvzCKHBUS+vrHz6,399.000,UX236HAQ6dQkJJA8,403.000,paJnKwJCIWomDQ7+,407.000,fuUUF3zbWalPJsuT,408.000,33+gWAbpjoJRZ9Ve,410.000,Sll6nHrnLkY5NagO,411.000,A+kNn85ct36ofjNq,412.000,BcosK2TTWH7NwrQ6
7,36,2026-04-04T03:45:08.935Z,402.000,10,320.000,YPgdnkCaZf+ESVhT,394.000,UX236HAQ6dQkJJA8,395.000,8rKJuyoE+tpRfqEu,398.000,zFvzCKHBUS+vrHz6,399.000,paJnKwJCIWomDQ7+,401.000,fuUUF3zbWalPJsuT,402.000,BcosK2TTWH7NwrQ6,403.000,33+gWAbpjoJRZ9Ve,404.000,A+kNn85ct36ofjNq,406.000,Sll6nHrnLkY5NagO
7,37,2026-04-04T03:45:09.337Z,411.000,10,327.000,YPgdnkCaZf+ESVhT,398.000,paJnKwJCIWomDQ7+,404.000,UX236HAQ6dQkJJA8,406.000,33+gWAbpjoJRZ9Ve,408.000,8rKJuyoE+tpRfqEu,410.000,fuUUF3zbWalPJsuT,411.000,BcosK2TTWH7NwrQ6,412.000,Sll6nHrnLkY5NagO,414.000,A+kNn85ct36ofjNq,415.000,zFvzCKHBUS+vrHz6
7,38,2026-04-04T03:45:09.748Z,408.000,9,323.000,YPgdnkCaZf+ESVhT,402.000,UX236HAQ6dQkJJA8,403.000,paJnKwJCIWomDQ7+,405.000,zFvzCKHBUS+vrHz6,406.000,8rKJuyoE+tpRfqEu,407.000,fuUUF3zbWalPJsuT,408.000,A+kNn85ct36ofjNq,409.000,33+gWAbpjoJRZ9Ve,437.000,BcosK2TTWH7NwrQ6,,
7,39,2026-04-04T03:45:10.156Z,742.000,8,605.000,UX236HAQ6dQkJJA8,681.000,BcosK2TTWH7NwrQ6,688.000,Sll6nHrnLkY5NagO,694.000,YPgdnkCaZf+ESVhT,709.000,33+gWAbpjoJRZ9Ve,721.000,fuUUF3zbWalPJsuT,739.000,A+kNn85ct36ofjNq,756.000,8rKJuyoE+tpRfqEu,,,,
7,40,2026-04-04T03:45:10.898Z,,0,,,,,,,,,,,,,,,,,,,,
8,1,2026-04-04T03:44:52.864Z,2176.000,7,1022.000,33+gWAbpjoJRZ9Ve,1048.000,paJnKwJCIWomDQ7+,1679.000,fuUUF3zbWalPJsuT,1695.000,YPgdnkCaZf+ESVhT,4564.000,Sll6nHrnLkY5NagO,6039.000,UX236HAQ6dQkJJA8,2493.000,A+kNn85ct36ofjNq,,,,,,
8,2,2026-04-04T03:44:55.040Z,666.000,8,0.000,paJnKwJCIWomDQ7+,2.000,fuUUF3zbWalPJsuT,46.000,33+gWAbpjoJRZ9Ve,266.000,YPgdnkCaZf+ESVhT,392.000,A+kNn85ct36ofjNq,393.000,8rKJuyoE+tpRfqEu,2390.000,Sll6nHrnLkY5NagO,3865.000,UX236HAQ6dQkJJA8,,,,
8,3,2026-04-04T03:44:55.706Z,559.000,8,75.000,paJnKwJCIWomDQ7+,77.000,A+kNn85ct36ofjNq,77.000,fuUUF3zbWalPJsuT,100.000,YPgdnkCaZf+ESVhT,127.000,33+gWAbpjoJRZ9Ve,335.000,8rKJuyoE+tpRfqEu,1726.000,Sll6nHrnLkY5NagO,3201.000,UX236HAQ6dQkJJA8,,,,
8,4,2026-04-04T03:44:56.265Z,290.000,9,77.000,BcosK2TTWH7NwrQ6,79.000,33+gWAbpjoJRZ9Ve,80.000,A+kNn85ct36ofjNq,80.000,paJnKwJCIWomDQ7+,80.000,fuUUF3zbWalPJsuT,205.000,YPgdnkCaZf+ESVhT,290.000,8rKJuyoE+tpRfqEu,1169.000,Sll6nHrnLkY5NagO,2643.000,UX236HAQ6dQkJJA8,,
8,5,2026-04-04T03:44:56.555Z,321.000,10,319.000,33+gWAbpjoJRZ9Ve,320.000,BcosK2TTWH7NwrQ6,320.000,fuUUF3zbWalPJsuT,321.000,A+kNn85ct36ofjNq,321.000,paJnKwJCIWomDQ7+,321.000,YPgdnkCaZf+ESVhT,286.000,8rKJuyoE+tpRfqEu,2355.000,UX236HAQ6dQkJJA8,570.000,zFvzCKHBUS+vrHz6,880.000,Sll6nHrnLkY5NagO
8,6,2026-04-04T03:44:56.876Z,353.000,10,270.000,paJnKwJCIWomDQ7+,271.000,BcosK2TTWH7NwrQ6,271.000,A+kNn85ct36ofjNq,236.000,YPgdnkCaZf+ESVhT,272.000,fuUUF3zbWalPJsuT,272.000,33+gWAbpjoJRZ9Ve,352.000,8rKJuyoE+tpRfqEu,679.000,Sll6nHrnLkY5NagO,650.000,zFvzCKHBUS+vrHz6,2036.000,UX236HAQ6dQkJJA8
8,7,2026-04-04T03:44:57.229Z,408.000,9,288.000,8rKJuyoE+tpRfqEu,405.000,fuUUF3zbWalPJsuT,405.000,Sll6nHrnLkY5NagO,406.000,YPgdnkCaZf+ESVhT,408.000,A+kNn85ct36ofjNq,408.000,33+gWAbpjoJRZ9Ve,408.000,BcosK2TTWH7NwrQ6,408.000,paJnKwJCIWomDQ7+,1684.000,UX236HAQ6dQkJJA8,,
8,8,2026-04-04T03:44:57.637Z,364.000,10,280.000,YPgdnkCaZf+ESVhT,284.000,BcosK2TTWH7NwrQ6,285.000,fuUUF3zbWalPJsuT,287.000,A+kNn85ct36ofjNq,361.000,8rKJuyoE+tpRfqEu,363.000,33+gWAbpjoJRZ9Ve,364.000,paJnKwJCIWomDQ7+,369.000,Sll6nHrnLkY5NagO,393.000,zFvzCKHBUS+vrHz6,1337.000,UX236HAQ6dQkJJA8
8,9,2026-04-04T03:44:58.001Z,370.000,10,289.000,8rKJuyoE+tpRfqEu,361.000,BcosK2TTWH7NwrQ6,364.000,Sll6nHrnLkY5NagO,366.000,fuUUF3zbWalPJsuT,367.000,YPgdnkCaZf+ESVhT,368.000,33+gWAbpjoJRZ9Ve,370.000,paJnKwJCIWomDQ7+,374.000,A+kNn85ct36ofjNq,405.000,zFvzCKHBUS+vrHz6,979.000,UX236HAQ6dQkJJA8
8,10,2026-04-04T03:44:58.371Z,405.000,10,324.000,8rKJuyoE+tpRfqEu,394.000,fuUUF3zbWalPJsuT,395.000,A+kNn85ct36ofjNq,400.000,YPgdnkCaZf+ESVhT,401.000,BcosK2TTWH7NwrQ6,403.000,33+gWAbpjoJRZ9Ve,405.000,paJnKwJCIWomDQ7+,414.000,Sll6nHrnLkY5NagO,438.000,zFvzCKHBUS+vrHz6,611.000,UX236HAQ6dQkJJA8
8,11,2026-04-04T03:44:58.776Z,406.000,10,327.000,8rKJuyoE+tpRfqEu,367.000,zFvzCKHBUS+vrHz6,369.000,UX236HAQ6dQkJJA8,397.000,paJnKwJCIWomDQ7+,401.000,YPgdnkCaZf+ESVhT,405.000,33+gWAbpjoJRZ9Ve,406.000,BcosK2TTWH7NwrQ6,407.000,A+kNn85ct36ofjNq,408.000,fuUUF3zbWalPJsuT,415.000,Sll6nHrnLkY5NagO
8,12,2026-04-04T03:44:59.182Z,404.000,10,324.000,8rKJuyoE+tpRfqEu,361.000,zFvzCKHBUS+vrHz6,388.000,YPgdnkCaZf+ESVhT,398.000,BcosK2TTWH7NwrQ6,400.000,fuUUF3zbWalPJsuT,403.000,UX236HAQ6dQkJJA8,404.000,Sll6nHrnLkY5NagO,405.000,A+kNn85ct36ofjNq,407.000,paJnKwJCIWomDQ7+,408.000,33+gWAbpjoJRZ9Ve
8,13,2026-04-04T03:44:59.586Z,407.000,10,326.000,8rKJuyoE+tpRfqEu,391.000,A+kNn85ct36ofjNq,400.000,fuUUF3zbWalPJsuT,402.000,paJnKwJCIWomDQ7+,404.000,YPgdnkCaZf+ESVhT,405.000,33+gWAbpjoJRZ9Ve,407.000,zFvzCKHBUS+vrHz6,408.000,Sll6nHrnLkY5NagO,412.000,BcosK2TTWH7NwrQ6,414.000,UX236HAQ6dQkJJA8
8,14,2026-04-04T03:44:59.993Z,406.000,10,324.000,8rKJuyoE+tpRfqEu,394.000,paJnKwJCIWomDQ7+,399.000,BcosK2TTWH7NwrQ6,402.000,Sll6nHrnLkY5NagO,403.000,YPgdnkCaZf+ESVhT,404.000,A+kNn85ct36ofjNq,406.000,fuUUF3zbWalPJsuT,407.000,UX236HAQ6dQkJJA8,408.000,33+gWAbpjoJRZ9Ve,440.000,zFvzCKHBUS+vrHz6
8,15,2026-04-04T03:45:00.399Z,408.000,10,325.000,8rKJuyoE+tpRfqEu,398.000,33+gWAbpjoJRZ9Ve,401.000,BcosK2TTWH7NwrQ6,402.000,fuUUF3zbWalPJsuT,404.000,UX236HAQ6dQkJJA8,405.000,YPgdnkCaZf+ESVhT,408.000,A+kNn85ct36ofjNq,409.000,paJnKwJCIWomDQ7+,410.000,Sll6nHrnLkY5NagO,421.000,zFvzCKHBUS+vrHz6
8,16,2026-04-04T03:45:00.807Z,406.000,10,324.000,8rKJuyoE+tpRfqEu,391.000,BcosK2TTWH7NwrQ6,396.000,zFvzCKHBUS+vrHz6,400.000,33+gWAbpjoJRZ9Ve,402.000,Sll6nHrnLkY5NagO,404.000,A+kNn85ct36ofjNq,406.000,YPgdnkCaZf+ESVhT,408.000,paJnKwJCIWomDQ7+,409.000,UX236HAQ6dQkJJA8,410.000,fuUUF3zbWalPJsuT
8,17,2026-04-04T03:45:01.213Z,409.000,10,327.000,8rKJuyoE+tpRfqEu,398.000,YPgdnkCaZf+ESVhT,399.000,paJnKwJCIWomDQ7+,400.000,Sll6nHrnLkY5NagO,405.000,BcosK2TTWH7NwrQ6,407.000,zFvzCKHBUS+vrHz6,409.000,fuUUF3zbWalPJsuT,410.000,A+kNn85ct36ofjNq,414.000,UX236HAQ6dQkJJA8,415.000,33+gWAbpjoJRZ9Ve
8,18,2026-04-04T03:45:01.622Z,406.000,10,324.000,8rKJuyoE+tpRfqEu,398.000,paJnKwJCIWomDQ7+,401.000,33+gWAbpjoJRZ9Ve,402.000,fuUUF3zbWalPJsuT,403.000,zFvzCKHBUS+vrHz6,405.000,YPgdnkCaZf+ESVhT,406.000,A+kNn85ct36ofjNq,407.000,UX236HAQ6dQkJJA8,410.000,BcosK2TTWH7NwrQ6,411.000,Sll6nHrnLkY5NagO
8,19,2026-04-04T03:45:02.028Z,404.000,10,322.000,8rKJuyoE+tpRfqEu,394.000,zFvzCKHBUS+vrHz6,398.000,paJnKwJCIWomDQ7+,399.000,Sll6nHrnLkY5NagO,401.000,UX236HAQ6dQkJJA8,402.000,A+kNn85ct36ofjNq,403.000,BcosK2TTWH7NwrQ6,407.000,33+gWAbpjoJRZ9Ve,411.000,YPgdnkCaZf+ESVhT,412.000,fuUUF3zbWalPJsuT
8,20,2026-04-04T03:45:02.432Z,409.000,10,327.000,8rKJuyoE+tpRfqEu,398.000,UX236HAQ6dQkJJA8,403.000,YPgdnkCaZf+ESVhT,404.000,fuUUF3zbWalPJsuT,406.000,Sll6nHrnLkY5NagO,407.000,BcosK2TTWH7NwrQ6,408.000,33+gWAbpjoJRZ9Ve,410.000,A+kNn85ct36ofjNq,411.000,zFvzCKHBUS+vrHz6,412.000,paJnKwJCIWomDQ7+
8,21,2026-04-04T03:45:02.841Z,404.000,10,323.000,8rKJuyoE+tpRfqEu,397.000,BcosK2TTWH7NwrQ6,398.000,zFvzCKHBUS+vrHz6,400.000,fuUUF3zbWalPJsuT,402.000,paJnKwJCIWomDQ7+,403.000,YPgdnkCaZf+ESVhT,404.000,33+gWAbpjoJRZ9Ve,406.000,UX236HAQ6dQkJJA8,408.000,Sll6nHrnLkY5NagO,409.000,A+kNn85ct36ofjNq
8,22,2026-04-04T03:45:03.245Z,408.000,10,324.000,8rKJuyoE+tpRfqEu,397.000,A+kNn85ct36ofjNq,398.000,paJnKwJCIWomDQ7+,404.000,zFvzCKHBUS+vrHz6,405.000,Sll6nHrnLkY5NagO,406.000,BcosK2TTWH7NwrQ6,408.000,fuUUF3zbWalPJsuT,409.000,YPgdnkCaZf+ESVhT,410.000,UX236HAQ6dQkJJA8,411.000,33+gWAbpjoJRZ9Ve
8,23,2026-04-04T03:45:03.653Z,405.000,10,321.000,8rKJuyoE+tpRfqEu,394.000,paJnKwJCIWomDQ7+,396.000,YPgdnkCaZf+ESVhT,398.000,zFvzCKHBUS+vrHz6,400.000,33+gWAbpjoJRZ9Ve,401.000,Sll6nHrnLkY5NagO,405.000,A+kNn85ct36ofjNq,406.000,fuUUF3zbWalPJsuT,408.000,UX236HAQ6dQkJJA8,409.000,BcosK2TTWH7NwrQ6
8,24,2026-04-04T03:45:04.058Z,402.000,10,320.000,8rKJuyoE+tpRfqEu,392.000,paJnKwJCIWomDQ7+,396.000,fuUUF3zbWalPJsuT,397.000,zFvzCKHBUS+vrHz6,399.000,BcosK2TTWH7NwrQ6,400.000,Sll6nHrnLkY5NagO,402.000,A+kNn85ct36ofjNq,403.000,YPgdnkCaZf+ESVhT,404.000,33+gWAbpjoJRZ9Ve,408.000,UX236HAQ6dQkJJA8
8,25,2026-04-04T03:45:04.460Z,410.000,10,328.000,8rKJuyoE+tpRfqEu,402.000,paJnKwJCIWomDQ7+,405.000,33+gWAbpjoJRZ9Ve,406.000,fuUUF3zbWalPJsuT,408.000,UX236HAQ6dQkJJA8,409.000,YPgdnkCaZf+ESVhT,410.000,A+kNn85ct36ofjNq,412.000,zFvzCKHBUS+vrHz6,413.000,BcosK2TTWH7NwrQ6,414.000,Sll6nHrnLkY5NagO
8,26,2026-04-04T03:45:04.870Z,402.000,10,320.000,8rKJuyoE+tpRfqEu,395.000,YPgdnkCaZf+ESVhT,397.000,fuUUF3zbWalPJsuT,398.000,paJnKwJCIWomDQ7+,399.000,BcosK2TTWH7NwrQ6,401.000,UX236HAQ6dQkJJA8,402.000,zFvzCKHBUS+vrHz6,403.000,Sll6nHrnLkY5NagO,405.000,A+kNn85ct36ofjNq,406.000,33+gWAbpjoJRZ9Ve
8,27,2026-04-04T03:45:05.272Z,411.000,10,328.000,8rKJuyoE+tpRfqEu,399.000,fuUUF3zbWalPJsuT,403.000,paJnKwJCIWomDQ7+,406.000,zFvzCKHBUS+vrHz6,408.000,Sll6nHrnLkY5NagO,410.000,A+kNn85ct36ofjNq,411.000,YPgdnkCaZf+ESVhT,412.000,33+gWAbpjoJRZ9Ve,413.000,UX236HAQ6dQkJJA8,415.000,BcosK2TTWH7NwrQ6
8,28,2026-04-04T03:45:05.683Z,403.000,10,319.000,8rKJuyoE+tpRfqEu,394.000,zFvzCKHBUS+vrHz6,397.000,Sll6nHrnLkY5NagO,398.000,paJnKwJCIWomDQ7+,400.000,UX236HAQ6dQkJJA8,402.000,fuUUF3zbWalPJsuT,403.000,BcosK2TTWH7NwrQ6,404.000,33+gWAbpjoJRZ9Ve,406.000,A+kNn85ct36ofjNq,410.000,YPgdnkCaZf+ESVhT
8,29,2026-04-04T03:45:06.086Z,408.000,10,326.000,8rKJuyoE+tpRfqEu,399.000,fuUUF3zbWalPJsuT,400.000,zFvzCKHBUS+vrHz6,402.000,UX236HAQ6dQkJJA8,405.000,YPgdnkCaZf+ESVhT,407.000,paJnKwJCIWomDQ7+,408.000,A+kNn85ct36ofjNq,410.000,BcosK2TTWH7NwrQ6,411.000,33+gWAbpjoJRZ9Ve,412.000,Sll6nHrnLkY5NagO
8,30,2026-04-04T03:45:06.494Z,404.000,10,321.000,8rKJuyoE+tpRfqEu,392.000,Sll6nHrnLkY5NagO,395.000,UX236HAQ6dQkJJA8,400.000,33+gWAbpjoJRZ9Ve,401.000,fuUUF3zbWalPJsuT,403.000,BcosK2TTWH7NwrQ6,404.000,YPgdnkCaZf+ESVhT,406.000,zFvzCKHBUS+vrHz6,407.000,paJnKwJCIWomDQ7+,408.000,A+kNn85ct36ofjNq
8,31,2026-04-04T03:45:06.898Z,405.000,10,325.000,8rKJuyoE+tpRfqEu,395.000,paJnKwJCIWomDQ7+,399.000,YPgdnkCaZf+ESVhT,401.000,33+gWAbpjoJRZ9Ve,402.000,zFvzCKHBUS+vrHz6,403.000,fuUUF3zbWalPJsuT,405.000,Sll6nHrnLkY5NagO,406.000,UX236HAQ6dQkJJA8,407.000,BcosK2TTWH7NwrQ6,412.000,A+kNn85ct36ofjNq
8,32,2026-04-04T03:45:07.303Z,410.000,10,328.000,8rKJuyoE+tpRfqEu,405.000,33+gWAbpjoJRZ9Ve,406.000,BcosK2TTWH7NwrQ6,407.000,Sll6nHrnLkY5NagO,408.000,A+kNn85ct36ofjNq,409.000,fuUUF3zbWalPJsuT,410.000,UX236HAQ6dQkJJA8,410.000,YPgdnkCaZf+ESVhT,411.000,zFvzCKHBUS+vrHz6,417.000,paJnKwJCIWomDQ7+
8,33,2026-04-04T03:45:07.713Z,408.000,10,323.000,8rKJuyoE+tpRfqEu,397.000,UX236HAQ6dQkJJA8,403.000,A+kNn85ct36ofjNq,404.000,YPgdnkCaZf+ESVhT,405.000,fuUUF3zbWalPJsuT,407.000,33+gWAbpjoJRZ9Ve,408.000,Sll6nHrnLkY5NagO,409.000,zFvzCKHBUS+vrHz6,411.000,paJnKwJCIWomDQ7+,412.000,BcosK2TTWH7NwrQ6
8,34,2026-04-04T03:45:08.121Z,402.000,10,320.000,8rKJuyoE+tpRfqEu,391.000,YPgdnkCaZf+ESVhT,393.000,A+kNn85ct36ofjNq,394.000,fuUUF3zbWalPJsuT,398.000,zFvzCKHBUS+vrHz6,400.000,33+gWAbpjoJRZ9Ve,402.000,UX236HAQ6dQkJJA8,405.000,BcosK2TTWH7NwrQ6,406.000,paJnKwJCIWomDQ7+,408.000,Sll6nHrnLkY5NagO
8,35,2026-04-04T03:45:08.523Z,410.000,10,325.000,8rKJuyoE+tpRfqEu,401.000,A+kNn85ct36ofjNq,402.000,BcosK2TTWH7NwrQ6,406.000,fuUUF3zbWalPJsuT,407.000,UX236HAQ6dQkJJA8,408.000,Sll6nHrnLkY5NagO,410.000,paJnKwJCIWomDQ7+,411.000,YPgdnkCaZf+ESVhT,413.000,zFvzCKHBUS+vrHz6,416.000,33+gWAbpjoJRZ9Ve
8,36,2026-04-04T03:45:08.933Z,408.000,10,325.000,8rKJuyoE+tpRfqEu,401.000,Sll6nHrnLkY5NagO,403.000,33+gWAbpjoJRZ9Ve,404.000,BcosK2TTWH7NwrQ6,405.000,paJnKwJCIWomDQ7+,407.000,zFvzCKHBUS+vrHz6,408.000,YPgdnkCaZf+ESVhT,409.000,UX236HAQ6dQkJJA8,411.000,A+kNn85ct36ofjNq,412.000,fuUUF3zbWalPJsuT
8,37,2026-04-04T03:45:09.341Z,402.000,10,321.000,8rKJuyoE+tpRfqEu,395.000,fuUUF3zbWalPJsuT,397.000,zFvzCKHBUS+vrHz6,398.000,YPgdnkCaZf+ESVhT,399.000,paJnKwJCIWomDQ7+,401.000,UX236HAQ6dQkJJA8,402.000,Sll6nHrnLkY5NagO,404.000,BcosK2TTWH7NwrQ6,405.000,33+gWAbpjoJRZ9Ve,408.000,A+kNn85ct36ofjNq
8,38,2026-04-04T03:45:09.743Z,417.000,9,330.000,8rKJuyoE+tpRfqEu,402.000,zFvzCKHBUS+vrHz6,404.000,33+gWAbpjoJRZ9Ve,409.000,paJnKwJCIWomDQ7+,413.000,fuUUF3zbWalPJsuT,415.000,UX236HAQ6dQkJJA8,416.000,A+kNn85ct36ofjNq,418.000,YPgdnkCaZf+ESVhT,450.000,BcosK2TTWH7NwrQ6,,
8,39,2026-04-04T03:45:10.160Z,735.000,8,609.000,8rKJuyoE+tpRfqEu,623.000,33+gWAbpjoJRZ9Ve,683.000,BcosK2TTWH7NwrQ6,698.000,UX236HAQ6dQkJJA8,705.000,Sll6nHrnLkY5NagO,721.000,fuUUF3zbWalPJsuT,733.000,A+kNn85ct36ofjNq,753.000,YPgdnkCaZf+ESVhT,,,,
8,40,2026-04-04T03:45:10.895Z,,0,,,,,,,,,,,,,,,,,,,,
9,1,2026-04-04T03:44:54.334Z,748.000,7,199.000,fuUUF3zbWalPJsuT,6063.000,paJnKwJCIWomDQ7+,3085.000,Sll6nHrnLkY5NagO,4563.000,UX236HAQ6dQkJJA8,1027.000,A+kNn85ct36ofjNq,2681.000,33+gWAbpjoJRZ9Ve,799.000,YPgdnkCaZf+ESVhT,,,,,,
9,2,2026-04-04T03:44:55.082Z,563.000,8,0.000,fuUUF3zbWalPJsuT,243.000,YPgdnkCaZf+ESVhT,357.000,A+kNn85ct36ofjNq,452.000,8rKJuyoE+tpRfqEu,2339.000,Sll6nHrnLkY5NagO,5317.000,paJnKwJCIWomDQ7+,3817.000,UX236HAQ6dQkJJA8,1934.000,33+gWAbpjoJRZ9Ve,,,,
9,3,2026-04-04T03:44:55.645Z,643.000,8,74.000,A+kNn85ct36ofjNq,75.000,fuUUF3zbWalPJsuT,163.000,YPgdnkCaZf+ESVhT,444.000,8rKJuyoE+tpRfqEu,1373.000,33+gWAbpjoJRZ9Ve,4756.000,paJnKwJCIWomDQ7+,1778.000,Sll6nHrnLkY5NagO,3256.000,UX236HAQ6dQkJJA8,,,,
9,4,2026-04-04T03:44:56.288Z,365.000,9,77.000,BcosK2TTWH7NwrQ6,77.000,A+kNn85ct36ofjNq,78.000,fuUUF3zbWalPJsuT,186.000,YPgdnkCaZf+ESVhT,4115.000,paJnKwJCIWomDQ7+,1136.000,Sll6nHrnLkY5NagO,732.000,33+gWAbpjoJRZ9Ve,379.000,8rKJuyoE+tpRfqEu,2614.000,UX236HAQ6dQkJJA8,,
9,5,2026-04-04T03:44:56.653Z,432.000,10,79.000,BcosK2TTWH7NwrQ6,80.000,A+kNn85ct36ofjNq,81.000,fuUUF3zbWalPJsuT,166.000,YPgdnkCaZf+ESVhT,231.000,8rKJuyoE+tpRfqEu,516.000,33+gWAbpjoJRZ9Ve,432.000,zFvzCKHBUS+vrHz6,2251.000,UX236HAQ6dQkJJA8,773.000,Sll6nHrnLkY5NagO,3754.000,paJnKwJCIWomDQ7+
9,6,2026-04-04T03:44:57.085Z,400.000,10,167.000,YPgdnkCaZf+ESVhT,167.000,A+kNn85ct36ofjNq,168.000,BcosK2TTWH7NwrQ6,170.000,fuUUF3zbWalPJsuT,170.000,33+gWAbpjoJRZ9Ve,187.000,8rKJuyoE+tpRfqEu,400.000,zFvzCKHBUS+vrHz6,417.000,Sll6nHrnLkY5NagO,1821.000,UX236HAQ6dQkJJA8,3323.000,paJnKwJCIWomDQ7+
9,7,2026-04-04T03:44:57.485Z,139.000,9,104.000,A+kNn85ct36ofjNq,104.000,BcosK2TTWH7NwrQ6,104.000,YPgdnkCaZf+ESVhT,105.000,fuUUF3zbWalPJsuT,105.000,33+gWAbpjoJRZ9Ve,106.000,8rKJuyoE+tpRfqEu,138.000,Sll6nHrnLkY5NagO,2927.000,paJnKwJCIWomDQ7+,1423.000,UX236HAQ6dQkJJA8,,
9,8,2026-04-04T03:44:57.624Z,369.000,10,286.000,zFvzCKHBUS+vrHz6,362.000,YPgdnkCaZf+ESVhT,363.000,A+kNn85ct36ofjNq,365.000,BcosK2TTWH7NwrQ6,367.000,33+gWAbpjoJRZ9Ve,368.000,fuUUF3zbWalPJsuT,369.000,Sll6nHrnLkY5NagO,421.000,8rKJuyoE+tpRfqEu,2846.000,paJnKwJCIWomDQ7+,1349.000,UX236HAQ6dQkJJA8
9,9,2026-04-04T03:44:57.993Z,385.000,10,301.000,zFvzCKHBUS+vrHz6,373.000,33+gWAbpjoJRZ9Ve,375.000,BcosK2TTWH7NwrQ6,376.000,Sll6nHrnLkY5NagO,378.000,fuUUF3zbWalPJsuT,383.000,A+kNn85ct36ofjNq,385.000,YPgdnkCaZf+ESVhT,409.000,8rKJuyoE+tpRfqEu,2482.000,paJnKwJCIWomDQ7+,981.000,UX236HAQ6dQkJJA8
9,10,2026-04-04T03:44:58.378Z,400.000,10,316.000,zFvzCKHBUS+vrHz6,398.000,A+kNn85ct36ofjNq,401.000,YPgdnkCaZf+ESVhT,394.000,33+gWAbpjoJRZ9Ve,396.000,8rKJuyoE+tpRfqEu,397.000,fuUUF3zbWalPJsuT,398.000,BcosK2TTWH7NwrQ6,400.000,Sll6nHrnLkY5NagO,598.000,UX236HAQ6dQkJJA8,2099.000,paJnKwJCIWomDQ7+
9,11,2026-04-04T03:44:58.778Z,405.000,10,322.000,zFvzCKHBUS+vrHz6,397.000,UX236HAQ6dQkJJA8,399.000,YPgdnkCaZf+ESVhT,401.000,BcosK2TTWH7NwrQ6,402.000,A+kNn85ct36ofjNq,403.000,Sll6nHrnLkY5NagO,405.000,8rKJuyoE+tpRfqEu,406.000,fuUUF3zbWalPJsuT,407.000,33+gWAbpjoJRZ9Ve,1701.000,paJnKwJCIWomDQ7+
9,12,2026-04-04T03:44:59.183Z,410.000,10,321.000,zFvzCKHBUS+vrHz6,393.000,UX236HAQ6dQkJJA8,408.000,Sll6nHrnLkY5NagO,410.000,BcosK2TTWH7NwrQ6,410.000,8rKJuyoE+tpRfqEu,402.000,33+gWAbpjoJRZ9Ve,410.000,fuUUF3zbWalPJsuT,411.000,A+kNn85ct36ofjNq,406.000,YPgdnkCaZf+ESVhT,1298.000,paJnKwJCIWomDQ7+
9,13,2026-04-04T03:44:59.593Z,403.000,10,320.000,zFvzCKHBUS+vrHz6,391.000,8rKJuyoE+tpRfqEu,394.000,A+kNn85ct36ofjNq,396.000,fuUUF3zbWalPJsuT,398.000,BcosK2TTWH7NwrQ6,401.000,UX236HAQ6dQkJJA8,403.000,YPgdnkCaZf+ESVhT,404.000,33+gWAbpjoJRZ9Ve,405.000,Sll6nHrnLkY5NagO,889.000,paJnKwJCIWomDQ7+
9,14,2026-04-04T03:44:59.996Z,418.000,10,322.000,zFvzCKHBUS+vrHz6,394.000,33+gWAbpjoJRZ9Ve,399.000,Sll6nHrnLkY5NagO,408.000,YPgdnkCaZf+ESVhT,409.000,UX236HAQ6dQkJJA8,414.000,BcosK2TTWH7NwrQ6,417.000,8rKJuyoE+tpRfqEu,419.000,fuUUF3zbWalPJsuT,420.000,A+kNn85ct36ofjNq,489.000,paJnKwJCIWomDQ7+
9,15,2026-04-04T03:45:00.414Z,395.000,10,315.000,zFvzCKHBUS+vrHz6,387.000,A+kNn85ct36ofjNq,388.000,UX236HAQ6dQkJJA8,391.000,33+gWAbpjoJRZ9Ve,393.000,8rKJuyoE+tpRfqEu,394.000,YPgdnkCaZf+ESVhT,395.000,BcosK2TTWH7NwrQ6,396.000,fuUUF3zbWalPJsuT,399.000,Sll6nHrnLkY5NagO,416.000,paJnKwJCIWomDQ7+
9,16,2026-04-04T03:45:00.809Z,405.000,10,323.000,zFvzCKHBUS+vrHz6,396.000,33+gWAbpjoJRZ9Ve,398.000,8rKJuyoE+tpRfqEu,399.000,BcosK2TTWH7NwrQ6,400.000,fuUUF3zbWalPJsuT,403.000,UX236HAQ6dQkJJA8,404.000,YPgdnkCaZf+ESVhT,406.000,A+kNn85ct36ofjNq,410.000,paJnKwJCIWomDQ7+,413.000,Sll6nHrnLkY5NagO
9,17,2026-04-04T03:45:01.214Z,407.000,10,323.000,zFvzCKHBUS+vrHz6,397.000,paJnKwJCIWomDQ7+,401.000,A+kNn85ct36ofjNq,402.000,Sll6nHrnLkY5NagO,403.000,fuUUF3zbWalPJsuT,404.000,33+gWAbpjoJRZ9Ve,407.000,8rKJuyoE+tpRfqEu,408.000,UX236HAQ6dQkJJA8,409.000,BcosK2TTWH7NwrQ6,411.000,YPgdnkCaZf+ESVhT
9,18,2026-04-04T03:45:01.621Z,408.000,10,324.000,zFvzCKHBUS+vrHz6,397.000,BcosK2TTWH7NwrQ6,399.000,paJnKwJCIWomDQ7+,400.000,Sll6nHrnLkY5NagO,404.000,A+kNn85ct36ofjNq,406.000,fuUUF3zbWalPJsuT,407.000,33+gWAbpjoJRZ9Ve,409.000,8rKJuyoE+tpRfqEu,412.000,YPgdnkCaZf+ESVhT,414.000,UX236HAQ6dQkJJA8
9,19,2026-04-04T03:45:02.029Z,406.000,10,322.000,zFvzCKHBUS+vrHz6,395.000,paJnKwJCIWomDQ7+,400.000,BcosK2TTWH7NwrQ6,402.000,33+gWAbpjoJRZ9Ve,403.000,Sll6nHrnLkY5NagO,404.000,A+kNn85ct36ofjNq,405.000,YPgdnkCaZf+ESVhT,407.000,fuUUF3zbWalPJsuT,408.000,UX236HAQ6dQkJJA8,410.000,8rKJuyoE+tpRfqEu
9,20,2026-04-04T03:45:02.435Z,405.000,10,322.000,zFvzCKHBUS+vrHz6,393.000,Sll6nHrnLkY5NagO,396.000,8rKJuyoE+tpRfqEu,400.000,paJnKwJCIWomDQ7+,401.000,UX236HAQ6dQkJJA8,404.000,A+kNn85ct36ofjNq,405.000,BcosK2TTWH7NwrQ6,406.000,33+gWAbpjoJRZ9Ve,407.000,YPgdnkCaZf+ESVhT,409.000,fuUUF3zbWalPJsuT
9,21,2026-04-04T03:45:02.840Z,406.000,10,326.000,zFvzCKHBUS+vrHz6,399.000,BcosK2TTWH7NwrQ6,401.000,YPgdnkCaZf+ESVhT,402.000,8rKJuyoE+tpRfqEu,403.000,fuUUF3zbWalPJsuT,405.000,A+kNn85ct36ofjNq,406.000,UX236HAQ6dQkJJA8,409.000,33+gWAbpjoJRZ9Ve,411.000,Sll6nHrnLkY5NagO,413.000,paJnKwJCIWomDQ7+
9,22,2026-04-04T03:45:03.246Z,403.000,10,321.000,zFvzCKHBUS+vrHz6,397.000,UX236HAQ6dQkJJA8,398.000,33+gWAbpjoJRZ9Ve,399.000,A+kNn85ct36ofjNq,401.000,BcosK2TTWH7NwrQ6,402.000,8rKJuyoE+tpRfqEu,403.000,Sll6nHrnLkY5NagO,404.000,YPgdnkCaZf+ESVhT,410.000,fuUUF3zbWalPJsuT,414.000,paJnKwJCIWomDQ7+
9,23,2026-04-04T03:45:03.649Z,407.000,10,326.000,zFvzCKHBUS+vrHz6,394.000,UX236HAQ6dQkJJA8,398.000,Sll6nHrnLkY5NagO,402.000,8rKJuyoE+tpRfqEu,404.000,paJnKwJCIWomDQ7+,406.000,fuUUF3zbWalPJsuT,407.000,BcosK2TTWH7NwrQ6,410.000,33+gWAbpjoJRZ9Ve,414.000,YPgdnkCaZf+ESVhT,416.000,A+kNn85ct36ofjNq
9,24,2026-04-04T03:45:04.056Z,407.000,10,323.000,zFvzCKHBUS+vrHz6,397.000,fuUUF3zbWalPJsuT,401.000,A+kNn85ct36ofjNq,403.000,33+gWAbpjoJRZ9Ve,404.000,paJnKwJCIWomDQ7+,405.000,UX236HAQ6dQkJJA8,407.000,YPgdnkCaZf+ESVhT,408.000,Sll6nHrnLkY5NagO,409.000,8rKJuyoE+tpRfqEu,412.000,BcosK2TTWH7NwrQ6
9,25,2026-04-04T03:45:04.463Z,409.000,10,325.000,zFvzCKHBUS+vrHz6,396.000,8rKJuyoE+tpRfqEu,398.000,UX236HAQ6dQkJJA8,405.000,Sll6nHrnLkY5NagO,406.000,33+gWAbpjoJRZ9Ve,408.000,YPgdnkCaZf+ESVhT,409.000,A+kNn85ct36ofjNq,410.000,BcosK2TTWH7NwrQ6,411.000,fuUUF3zbWalPJsuT,413.000,paJnKwJCIWomDQ7+
9,26,2026-04-04T03:45:04.872Z,402.000,10,321.000,zFvzCKHBUS+vrHz6,393.000,YPgdnkCaZf+ESVhT,397.000,Sll6nHrnLkY5NagO,398.000,A+kNn85ct36ofjNq,399.000,UX236HAQ6dQkJJA8,401.000,33+gWAbpjoJRZ9Ve,402.000,8rKJuyoE+tpRfqEu,403.000,paJnKwJCIWomDQ7+,404.000,BcosK2TTWH7NwrQ6,406.000,fuUUF3zbWalPJsuT
9,27,2026-04-04T03:45:05.274Z,407.000,10,326.000,zFvzCKHBUS+vrHz6,395.000,YPgdnkCaZf+ESVhT,400.000,8rKJuyoE+tpRfqEu,402.000,BcosK2TTWH7NwrQ6,404.000,33+gWAbpjoJRZ9Ve,405.000,paJnKwJCIWomDQ7+,406.000,fuUUF3zbWalPJsuT,408.000,Sll6nHrnLkY5NagO,409.000,A+kNn85ct36ofjNq,413.000,UX236HAQ6dQkJJA8
9,28,2026-04-04T03:45:05.681Z,408.000,10,324.000,zFvzCKHBUS+vrHz6,402.000,8rKJuyoE+tpRfqEu,403.000,BcosK2TTWH7NwrQ6,404.000,33+gWAbpjoJRZ9Ve,406.000,YPgdnkCaZf+ESVhT,407.000,fuUUF3zbWalPJsuT,408.000,paJnKwJCIWomDQ7+,409.000,Sll6nHrnLkY5NagO,411.000,A+kNn85ct36ofjNq,412.000,UX236HAQ6dQkJJA8
9,29,2026-04-04T03:45:06.089Z,404.000,10,321.000,zFvzCKHBUS+vrHz6,386.000,8rKJuyoE+tpRfqEu,396.000,fuUUF3zbWalPJsuT,398.000,A+kNn85ct36ofjNq,401.000,UX236HAQ6dQkJJA8,402.000,33+gWAbpjoJRZ9Ve,403.000,YPgdnkCaZf+ESVhT,406.000,BcosK2TTWH7NwrQ6,408.000,paJnKwJCIWomDQ7+,411.000,Sll6nHrnLkY5NagO
9,30,2026-04-04T03:45:06.493Z,408.000,10,326.000,zFvzCKHBUS+vrHz6,396.000,BcosK2TTWH7NwrQ6,399.000,33+gWAbpjoJRZ9Ve,404.000,Sll6nHrnLkY5NagO,406.000,YPgdnkCaZf+ESVhT,407.000,A+kNn85ct36ofjNq,408.000,8rKJuyoE+tpRfqEu,414.000,paJnKwJCIWomDQ7+,417.000,UX236HAQ6dQkJJA8,421.000,fuUUF3zbWalPJsuT
9,31,2026-04-04T03:45:06.901Z,407.000,10,322.000,zFvzCKHBUS+vrHz6,400.000,paJnKwJCIWomDQ7+,401.000,UX236HAQ6dQkJJA8,403.000,fuUUF3zbWalPJsuT,404.000,YPgdnkCaZf+ESVhT,405.000,33+gWAbpjoJRZ9Ve,406.000,BcosK2TTWH7NwrQ6,408.000,8rKJuyoE+tpRfqEu,409.000,A+kNn85ct36ofjNq,414.000,Sll6nHrnLkY5NagO
9,32,2026-04-04T03:45:07.308Z,405.000,10,321.000,zFvzCKHBUS+vrHz6,398.000,Sll6nHrnLkY5NagO,400.000,33+gWAbpjoJRZ9Ve,401.000,YPgdnkCaZf+ESVhT,402.000,fuUUF3zbWalPJsuT,403.000,A+kNn85ct36ofjNq,405.000,paJnKwJCIWomDQ7+,406.000,UX236HAQ6dQkJJA8,407.000,8rKJuyoE+tpRfqEu,408.000,BcosK2TTWH7NwrQ6
9,33,2026-04-04T03:45:07.713Z,404.000,10,324.000,zFvzCKHBUS+vrHz6,394.000,UX236HAQ6dQkJJA8,396.000,Sll6nHrnLkY5NagO,398.000,8rKJuyoE+tpRfqEu,402.000,fuUUF3zbWalPJsuT,403.000,YPgdnkCaZf+ESVhT,404.000,A+kNn85ct36ofjNq,405.000,paJnKwJCIWomDQ7+,407.000,BcosK2TTWH7NwrQ6,408.000,33+gWAbpjoJRZ9Ve
9,34,2026-04-04T03:45:08.117Z,409.000,10,324.000,zFvzCKHBUS+vrHz6,402.000,BcosK2TTWH7NwrQ6,403.000,UX236HAQ6dQkJJA8,405.000,YPgdnkCaZf+ESVhT,406.000,fuUUF3zbWalPJsuT,407.000,Sll6nHrnLkY5NagO,409.000,8rKJuyoE+tpRfqEu,410.000,33+gWAbpjoJRZ9Ve,411.000,A+kNn85ct36ofjNq,412.000,paJnKwJCIWomDQ7+
9,35,2026-04-04T03:45:08.526Z,410.000,10,324.000,zFvzCKHBUS+vrHz6,398.000,fuUUF3zbWalPJsuT,400.000,UX236HAQ6dQkJJA8,405.000,8rKJuyoE+tpRfqEu,407.000,YPgdnkCaZf+ESVhT,408.000,A+kNn85ct36ofjNq,410.000,Sll6nHrnLkY5NagO,411.000,BcosK2TTWH7NwrQ6,412.000,paJnKwJCIWomDQ7+,413.000,33+gWAbpjoJRZ9Ve
9,36,2026-04-04T03:45:08.936Z,405.000,10,321.000,zFvzCKHBUS+vrHz6,391.000,paJnKwJCIWomDQ7+,396.000,Sll6nHrnLkY5NagO,400.000,BcosK2TTWH7NwrQ6,403.000,UX236HAQ6dQkJJA8,404.000,33+gWAbpjoJRZ9Ve,405.000,fuUUF3zbWalPJsuT,407.000,A+kNn85ct36ofjNq,408.000,8rKJuyoE+tpRfqEu,410.000,YPgdnkCaZf+ESVhT
9,37,2026-04-04T03:45:09.341Z,402.000,10,321.000,zFvzCKHBUS+vrHz6,392.000,fuUUF3zbWalPJsuT,395.000,YPgdnkCaZf+ESVhT,397.000,Sll6nHrnLkY5NagO,400.000,33+gWAbpjoJRZ9Ve,401.000,paJnKwJCIWomDQ7+,402.000,8rKJuyoE+tpRfqEu,403.000,UX236HAQ6dQkJJA8,408.000,BcosK2TTWH7NwrQ6,410.000,A+kNn85ct36ofjNq
9,38,2026-04-04T03:45:09.743Z,415.000,9,330.000,zFvzCKHBUS+vrHz6,407.000,A+kNn85ct36ofjNq,409.000,33+gWAbpjoJRZ9Ve,410.000,UX236HAQ6dQkJJA8,411.000,8rKJuyoE+tpRfqEu,412.000,paJnKwJCIWomDQ7+,415.000,BcosK2TTWH7NwrQ6,416.000,YPgdnkCaZf+ESVhT,418.000,fuUUF3zbWalPJsuT,,
9,39,2026-04-04T03:45:10.158Z,747.000,8,664.000,A+kNn85ct36ofjNq,682.000,BcosK2TTWH7NwrQ6,691.000,Sll6nHrnLkY5NagO,705.000,fuUUF3zbWalPJsuT,714.000,UX236HAQ6dQkJJA8,722.000,33+gWAbpjoJRZ9Ve,744.000,8rKJuyoE+tpRfqEu,758.000,YPgdnkCaZf+ESVhT,,,,
9,40,2026-04-04T03:45:10.905Z,,0,,,,,,,,,,,,,,,,,,,,
