Round,Node_0,Node_1,Node_2,Node_3,Node_4,Node_5,Node_6,Node_7,Node_8,Node_9
1,13188.000,11902.000,10454.000,8772.000,7374.000,6001.000,4565.000,3058.000,1564.000,130.000
2,10.000,9.000,8.000,8.000,8.000,9.000,8.000,53.000,54.000,56.000
3,52.000,53.000,54.000,54.000,54.000,52.000,54.000,50.000,51.000,50.000
4,53.000,53.000,53.000,55.000,53.000,55.000,53.000,52.000,51.000,50.000
5,52.000,52.000,52.000,52.000,52.000,54.000,53.000,50.000,90.000,52.000
6,55.000,55.000,54.000,53.000,54.000,52.000,54.000,51.000,10.000,59.000
7,50.000,51.000,51.000,50.000,52.000,50.000,51.000,46.000,50.000,36.000
8,49.000,48.000,50.000,49.000,48.000,49.000,48.000,52.000,52.000,52.000
9,50.000,51.000,50.000,51.000,50.000,51.000,50.000,52.000,51.000,51.000
10,54.000,53.000,52.000,53.000,53.000,52.000,54.000,50.000,52.000,50.000
11,51.000,50.000,51.000,50.000,50.000,51.000,50.000,52.000,50.000,51.000
12,49.000,51.000,50.000,50.000,50.000,50.000,49.000,50.000,51.000,52.000
13,51.000,51.000,51.000,51.000,52.000,51.000,52.000,52.000,51.000,50.000
14,49.000,50.000,50.000,50.000,51.000,51.000,50.000,51.000,50.000,51.000
15,52.000,52.000,52.000,52.000,52.000,52.000,51.000,51.000,51.000,52.000
16,52.000,50.000,51.000,51.000,51.000,51.000,52.000,60.000,58.000,55.000
17,50.000,51.000,53.000,52.000,51.000,51.000,56.000,14.000,40.000,44.000
18,47.000,50.000,49.000,49.000,49.000,49.000,45.000,46.000,52.000,53.000
19,53.000,52.000,51.000,52.000,53.000,52.000,53.000,51.000,52.000,50.000
20,52.000,53.000,53.000,52.000,51.000,52.000,51.000,52.000,50.000,52.000
21,50.000,50.000,50.000,50.000,47.000,50.000,50.000,51.000,52.000,51.000
22,51.000,53.000,51.000,52.000,53.000,51.000,52.000,52.000,50.000,50.000
23,52.000,49.000,51.000,51.000,52.000,52.000,50.000,50.000,51.000,51.000
24,50.000,52.000,51.000,50.000,52.000,51.000,52.000,50.000,51.000,51.000
25,50.000,51.000,51.000,51.000,48.000,51.000,50.000,51.000,51.000,51.000
26,53.000,51.000,53.000,52.000,55.000,52.000,53.000,51.000,52.000,52.000
27,49.000,50.000,50.000,51.000,50.000,50.000,50.000,51.000,52.000,50.000
28,54.000,53.000,51.000,52.000,52.000,52.000,52.000,51.000,51.000,52.000
29,50.000,50.000,51.000,50.000,50.000,51.000,51.000,51.000,51.000,51.000
30,52.000,51.000,52.000,51.000,52.000,50.000,51.000,50.000,50.000,50.000
31,51.000,51.000,49.000,50.000,50.000,51.000,51.000,52.000,52.000,51.000
32,49.000,51.000,52.000,52.000,51.000,51.000,50.000,51.000,51.000,52.000
33,53.000,52.000,51.000,52.000,52.000,53.000,52.000,50.000,51.000,51.000
34,51.000,50.000,50.000,51.000,52.000,50.000,51.000,52.000,53.000,51.000
35,51.000,49.000,53.000,51.000,48.000,52.000,52.000,51.000,49.000,55.000
36,50.000,52.000,50.000,50.000,50.000,50.000,50.000,52.000,55.000,43.000
37,50.000,52.000,51.000,51.000,49.000,50.000,51.000,51.000,48.000,51.000
38,53.000,50.000,51.000,51.000,54.000,51.000,51.000,52.000,52.000,52.000
39,52.000,51.000,52.000,53.000,51.000,53.000,52.000,49.000,52.000,51.000
40,50.000,51.000,50.000,50.000,50.000,50.000,50.000,52.000,52.000,53.000
41,54.000,51.000,52.000,52.000,53.000,53.000,52.000,53.000,51.000,48.000
42,48.000,49.000,48.000,48.000,48.000,48.000,49.000,49.000,50.000,54.000
43,52.000,51.000,52.000,51.000,52.000,51.000,51.000,50.000,52.000,52.000
44,48.000,49.000,52.000,53.000,52.000,52.000,52.000,54.000,52.000,50.000
45,54.000,54.000,52.000,51.000,50.000,53.000,52.000,131.000,100.000,107.000
46,50.000,50.000,48.000,49.000,52.000,48.000,48.000,15.000,24.000,16.000
47,54.000,53.000,55.000,53.000,51.000,53.000,54.000,20.000,24.000,28.000
48,47.000,48.000,48.000,49.000,48.000,49.000,49.000,32.000,14.000,15.000
49,49.000,50.000,51.000,51.000,52.000,52.000,51.000,52.000,49.000,51.000
50,55.000,53.000,53.000,52.000,52.000,50.000,51.000,51.000,60.000,55.000
51,50.000,49.000,50.000,51.000,49.000,51.000,51.000,52.000,46.000,48.000
52,52.000,53.000,52.000,51.000,53.000,51.000,51.000,52.000,52.000,51.000
53,52.000,49.000,51.000,52.000,49.000,52.000,52.000,51.000,50.000,52.000
54,50.000,52.000,51.000,51.000,53.000,51.000,51.000,50.000,52.000,51.000
55,51.000,50.000,51.000,51.000,50.000,52.000,51.000,51.000,52.000,51.000
56,51.000,50.000,51.000,51.000,55.000,51.000,51.000,52.000,51.000,51.000
57,52.000,51.000,50.000,51.000,51.000,50.000,51.000,51.000,50.000,51.000
58,50.000,51.000,52.000,51.000,51.000,52.000,50.000,50.000,51.000,51.000
59,52.000,53.000,50.000,52.000,51.000,50.000,52.000,51.000,53.000,51.000
60,51.000,53.000,52.000,50.000,53.000,52.000,51.000,52.000,48.000,51.000
61,50.000,47.000,50.000,51.000,49.000,49.000,51.000,51.000,56.000,54.000
62,52.000,52.000,51.000,51.000,51.000,52.000,51.000,50.000,47.000,49.000
63,51.000,52.000,53.000,51.000,52.000,52.000,51.000,50.000,52.000,49.000
64,48.000,49.000,46.000,51.000,50.000,50.000,51.000,53.000,51.000,52.000
65,54.000,53.000,56.000,52.000,51.000,53.000,51.000,51.000,52.000,53.000
66,49.000,50.000,50.000,50.000,51.000,49.000,51.000,51.000,50.000,50.000
67,54.000,50.000,52.000,51.000,50.000,51.000,51.000,50.000,49.000,51.000
68,49.000,51.000,50.000,51.000,52.000,51.000,51.000,52.000,52.000,51.000
69,54.000,52.000,51.000,51.000,53.000,51.000,51.000,50.000,52.000,52.000
70,52.000,51.000,52.000,51.000,49.000,52.000,51.000,51.000,51.000,50.000
71,51.000,53.000,50.000,52.000,49.000,51.000,52.000,53.000,50.000,51.000
72,50.000,49.000,52.000,50.000,49.000,50.000,50.000,50.000,54.000,52.000
73,52.000,53.000,50.000,52.000,52.000,52.000,52.000,52.000,50.000,49.000
74,50.000,50.000,51.000,51.000,50.000,51.000,51.000,50.000,49.000,52.000
75,51.000,53.000,48.000,51.000,54.000,52.000,51.000,52.000,53.000,51.000
76,50.000,50.000,49.000,50.000,49.000,50.000,50.000,50.000,51.000,52.000
77,51.000,51.000,52.000,52.000,51.000,51.000,52.000,52.000,50.000,51.000
78,50.000,51.000,52.000,52.000,55.000,51.000,51.000,50.000,109.000,155.000
79,52.000,50.000,50.000,49.000,50.000,50.000,50.000,50.000,71.000,30.000
80,49.000,51.000,50.000,51.000,51.000,51.000,52.000,52.000,16.000,20.000
81,51.000,51.000,51.000,51.000,51.000,51.000,51.000,52.000,21.000,24.000
82,51.000,50.000,51.000,51.000,51.000,51.000,50.000,50.000,35.000,19.000
83,51.000,51.000,48.000,49.000,49.000,49.000,49.000,49.000,49.000,48.000
84,51.000,50.000,51.000,52.000,51.000,51.000,51.000,51.000,51.000,51.000
85,52.000,51.000,52.000,51.000,51.000,52.000,52.000,51.000,51.000,51.000
86,51.000,54.000,51.000,50.000,51.000,51.000,50.000,51.000,51.000,56.000
87,51.000,50.000,51.000,52.000,51.000,52.000,52.000,51.000,52.000,50.000
88,51.000,49.000,50.000,50.000,51.000,50.000,51.000,51.000,51.000,47.000
89,51.000,52.000,53.000,53.000,52.000,50.000,51.000,51.000,51.000,51.000
90,51.000,52.000,50.000,50.000,50.000,51.000,51.000,51.000,50.000,54.000
91,51.000,52.000,51.000,51.000,51.000,51.000,50.000,51.000,52.000,50.000
92,51.000,49.000,51.000,51.000,51.000,51.000,51.000,51.000,50.000,51.000
93,51.000,50.000,51.000,51.000,51.000,52.000,51.000,48.000,51.000,48.000
94,51.000,52.000,52.000,50.000,51.000,50.000,52.000,54.000,52.000,51.000
95,51.000,51.000,51.000,52.000,52.000,52.000,51.000,52.000,51.000,52.000
96,50.000,50.000,50.000,50.000,50.000,50.000,51.000,50.000,50.000,60.000
97,52.000,53.000,52.000,53.000,52.000,52.000,50.000,52.000,51.000,45.000
98,51.000,54.000,51.000,50.000,50.000,50.000,51.000,50.000,51.000,49.000
99,51.000,51.000,51.000,50.000,51.000,51.000,51.000,51.000,51.000,54.000
100,51.000,51.000,50.000,52.000,52.000,51.000,51.000,51.000,51.000,49.000
101,51.000,51.000,53.000,52.000,51.000,52.000,51.000,51.000,52.000,52.000
102,52.000,51.000,50.000,50.000,50.000,51.000,52.000,51.000,51.000,51.000
103,50.000,49.000,52.000,51.000,52.000,51.000,51.000,51.000,51.000,48.000
104,52.000,54.000,52.000,52.000,52.000,51.000,53.000,52.000,51.000,60.000
105,52.000,52.000,51.000,51.000,51.000,54.000,50.000,52.000,52.000,44.000
106,52.000,52.000,50.000,53.000,52.000,50.000,52.000,52.000,52.000,148.000
107,52.000,51.000,54.000,50.000,51.000,52.000,51.000,52.000,52.000,12.000
108,51.000,52.000,50.000,53.000,52.000,52.000,53.000,51.000,52.000,23.000
109,51.000,50.000,50.000,50.000,50.000,50.000,50.000,50.000,51.000,25.000
110,52.000,53.000,53.000,53.000,53.000,52.000,53.000,53.000,52.000,52.000
111,52.000,51.000,50.000,50.000,51.000,51.000,51.000,50.000,51.000,48.000
112,49.000,51.000,51.000,51.000,51.000,50.000,50.000,51.000,50.000,58.000
113,51.000,50.000,56.000,50.000,51.000,52.000,51.000,52.000,52.000,47.000
114,50.000,51.000,45.000,48.000,50.000,50.000,49.000,49.000,49.000,52.000
115,53.000,51.000,52.000,49.000,51.000,51.000,54.000,52.000,55.000,51.000
116,51.000,53.000,55.000,54.000,53.000,52.000,51.000,52.000,50.000,52.000
117,51.000,49.000,53.000,50.000,51.000,52.000,51.000,51.000,50.000,50.000
118,50.000,51.000,49.000,48.000,49.000,49.000,49.000,49.000,50.000,51.000
119,52.000,51.000,53.000,53.000,52.000,52.000,52.000,52.000,51.000,51.000
120,50.000,50.000,51.000,50.000,50.000,50.000,51.000,51.000,51.000,51.000
121,50.000,53.000,49.000,52.000,51.000,51.000,50.000,51.000,51.000,52.000
122,53.000,51.000,53.000,50.000,52.000,52.000,52.000,52.000,51.000,48.000
123,50.000,50.000,50.000,54.000,50.000,51.000,51.000,50.000,51.000,53.000
124,52.000,51.000,52.000,48.000,52.000,52.000,51.000,52.000,51.000,52.000
125,52.000,53.000,52.000,53.000,51.000,52.000,52.000,51.000,52.000,50.000
126,50.000,50.000,51.000,49.000,51.000,49.000,50.000,51.000,51.000,52.000
127,51.000,50.000,49.000,52.000,49.000,51.000,50.000,50.000,50.000,51.000
128,51.000,51.000,52.000,52.000,52.000,52.000,53.000,53.000,52.000,50.000
129,52.000,52.000,51.000,49.000,50.000,52.000,51.000,50.000,50.000,52.000
130,50.000,51.000,51.000,56.000,51.000,50.000,50.000,51.000,52.000,51.000
131,52.000,53.000,54.000,50.000,51.000,52.000,53.000,52.000,51.000,53.000
132,50.000,50.000,47.000,50.000,51.000,50.000,50.000,50.000,51.000,51.000
133,47.000,50.000,51.000,53.000,49.000,50.000,50.000,51.000,50.000,48.000
134,53.000,53.000,53.000,50.000,51.000,53.000,52.000,53.000,53.000,54.000
135,51.000,50.000,50.000,48.000,50.000,50.000,51.000,50.000,51.000,52.000
136,50.000,51.000,51.000,54.000,54.000,52.000,52.000,52.000,50.000,51.000
137,54.000,51.000,51.000,51.000,49.000,49.000,50.000,49.000,51.000,49.000
138,48.000,50.000,51.000,49.000,50.000,52.000,51.000,52.000,51.000,51.000
139,53.000,52.000,51.000,54.000,52.000,51.000,51.000,51.000,52.000,52.000
140,51.000,52.000,52.000,54.000,53.000,52.000,52.000,52.000,52.000,50.000
141,52.000,50.000,50.000,50.000,49.000,49.000,49.000,49.000,50.000,51.000
142,51.000,52.000,53.000,51.000,54.000,53.000,53.000,53.000,52.000,51.000
143,52.000,50.000,50.000,52.000,50.000,51.000,51.000,51.000,51.000,50.000
144,50.000,51.000,50.000,50.000,50.000,50.000,50.000,51.000,49.000,51.000
145,52.000,52.000,52.000,52.000,51.000,53.000,52.000,51.000,53.000,53.000
146,50.000,51.000,50.000,50.000,53.000,50.000,50.000,51.000,50.000,48.000
147,52.000,50.000,53.000,51.000,51.000,51.000,52.000,52.000,52.000,51.000
148,51.000,51.000,50.000,52.000,51.000,50.000,51.000,50.000,50.000,53.000
149,52.000,53.000,51.000,51.000,50.000,53.000,51.000,52.000,52.000,51.000
150,51.000,51.000,53.000,50.000,53.000,50.000,52.000,51.000,51.000,52.000
151,51.000,51.000,49.000,52.000,48.000,50.000,49.000,50.000,50.000,49.000
152,51.000,49.000,51.000,51.000,54.000,53.000,52.000,50.000,51.000,51.000
153,53.000,53.000,51.000,51.000,48.000,52.000,52.000,53.000,52.000,49.000
154,49.000,50.000,52.000,50.000,52.000,50.000,50.000,50.000,51.000,50.000
155,51.000,50.000,50.000,51.000,55.000,49.000,50.000,50.000,51.000,65.000
156,52.000,54.000,52.000,54.000,52.000,54.000,53.000,52.000,51.000,38.000
157,51.000,50.000,51.000,50.000,50.000,50.000,50.000,51.000,51.000,55.000
158,49.000,50.000,50.000,49.000,52.000,49.000,51.000,51.000,50.000,50.000
159,52.000,52.000,51.000,53.000,51.000,52.000,52.000,53.000,52.000,52.000
160,52.000,51.000,52.000,50.000,50.000,49.000,51.000,50.000,50.000,50.000
161,51.000,54.000,51.000,53.000,53.000,52.000,52.000,51.000,53.000,51.000
162,51.000,41.000,51.000,49.000,51.000,47.000,50.000,51.000,50.000,52.000
163,51.000,58.000,52.000,53.000,51.000,52.000,51.000,52.000,52.000,50.000
164,51.000,51.000,51.000,50.000,51.000,51.000,52.000,50.000,50.000,51.000
165,52.000,51.000,51.000,51.000,50.000,51.000,51.000,51.000,52.000,51.000
166,50.000,52.000,52.000,50.000,52.000,51.000,51.000,51.000,50.000,52.000
167,51.000,51.000,50.000,52.000,52.000,50.000,51.000,52.000,52.000,52.000
168,51.000,50.000,51.000,50.000,50.000,53.000,51.000,51.000,51.000,51.000
169,51.000,51.000,51.000,53.000,50.000,51.000,50.000,50.000,51.000,51.000
170,52.000,51.000,54.000,50.000,51.000,51.000,52.000,51.000,50.000,49.000
171,51.000,51.000,49.000,51.000,51.000,57.000,51.000,51.000,51.000,50.000
172,50.000,51.000,49.000,52.000,52.000,44.000,51.000,51.000,52.000,50.000
173,50.000,51.000,51.000,49.000,50.000,53.000,50.000,51.000,50.000,60.000
174,52.000,52.000,51.000,52.000,52.000,50.000,52.000,51.000,53.000,45.000
175,48.000,51.000,52.000,52.000,51.000,53.000,51.000,51.000,51.000,49.000
176,50.000,51.000,50.000,49.000,50.000,50.000,50.000,51.000,50.000,52.000
177,50.000,50.000,51.000,51.000,52.000,52.000,53.000,51.000,51.000,56.000
178,52.000,52.000,51.000,52.000,50.000,51.000,49.000,51.000,51.000,47.000
179,50.000,50.000,51.000,51.000,51.000,52.000,51.000,51.000,51.000,50.000
180,52.000,51.000,51.000,50.000,51.000,52.000,52.000,51.000,51.000,52.000
181,51.000,52.000,52.000,52.000,52.000,51.000,53.000,51.000,54.000,53.000
182,50.000,51.000,50.000,51.000,50.000,51.000,48.000,51.000,49.000,48.000
183,54.000,51.000,52.000,52.000,52.000,51.000,53.000,51.000,51.000,52.000
184,51.000,52.000,51.000,50.000,51.000,51.000,50.000,51.000,50.000,51.000
185,49.000,49.000,50.000,51.000,50.000,52.000,50.000,53.000,51.000,51.000
186,51.000,51.000,52.000,51.000,51.000,50.000,51.000,50.000,51.000,51.000
187,52.000,52.000,51.000,52.000,53.000,52.000,52.000,51.000,52.000,51.000
188,52.000,51.000,51.000,50.000,51.000,51.000,52.000,51.000,51.000,53.000
189,50.000,51.000,51.000,52.000,50.000,51.000,52.000,51.000,51.000,50.000
190,50.000,51.000,52.000,50.000,51.000,51.000,50.000,50.000,51.000,49.000
191,53.000,51.000,58.000,52.000,52.000,51.000,51.000,51.000,51.000,55.000
192,49.000,51.000,43.000,51.000,49.000,51.000,50.000,52.000,51.000,50.000
193,51.000,51.000,51.000,52.000,51.000,51.000,51.000,51.000,50.000,49.000
194,52.000,51.000,52.000,50.000,52.000,51.000,52.000,51.000,51.000,51.000
195,52.000,50.000,50.000,52.000,47.000,50.000,50.000,50.000,51.000,50.000
196,51.000,51.000,51.000,49.000,55.000,52.000,51.000,51.000,51.000,55.000
197,49.000,52.000,52.000,52.000,51.000,51.000,49.000,52.000,52.000,49.000
198,53.000,51.000,50.000,51.000,53.000,51.000,51.000,52.000,51.000,50.000
199,50.000,52.000,52.000,51.000,50.000,52.000,53.000,51.000,52.000,53.000
200,51.000,51.000,51.000,51.000,51.000,50.000,49.000,51.000,51.000,50.000
201,51.000,50.000,50.000,52.000,50.000,52.000,52.000,51.000,50.000,50.000
202,50.000,51.000,51.000,50.000,51.000,50.000,50.000,51.000,51.000,51.000
203,53.000,51.000,52.000,51.000,52.000,51.000,52.000,50.000,52.000,50.000
204,50.000,51.000,51.000,52.000,51.000,52.000,48.000,52.000,51.000,52.000
205,52.000,51.000,50.000,49.000,50.000,50.000,56.000,50.000,50.000,50.000
206,50.000,51.000,52.000,51.000,52.000,51.000,52.000,51.000,51.000,54.000
207,53.000,51.000,51.000,53.000,50.000,52.000,50.000,51.000,51.000,50.000
208,54.000,51.000,51.000,50.000,51.000,50.000,46.000,52.000,51.000,52.000
209,51.000,52.000,52.000,52.000,52.000,51.000,54.000,50.000,52.000,49.000
210,52.000,51.000,51.000,51.000,51.000,52.000,53.000,52.000,51.000,53.000
211,50.000,50.000,51.000,50.000,52.000,50.000,50.000,50.000,51.000,51.000
212,51.000,52.000,51.000,51.000,51.000,52.000,53.000,52.000,51.000,48.000
213,52.000,51.000,52.000,51.000,51.000,51.000,51.000,52.000,51.000,55.000
214,50.000,51.000,49.000,53.000,50.000,50.000,51.000,51.000,51.000,50.000
215,51.000,51.000,51.000,49.000,51.000,51.000,52.000,50.000,51.000,49.000
216,51.000,51.000,53.000,52.000,52.000,52.000,50.000,51.000,51.000,52.000
217,52.000,51.000,49.000,52.000,51.000,51.000,51.000,51.000,51.000,53.000
218,53.000,51.000,52.000,51.000,51.000,51.000,51.000,51.000,50.000,49.000
219,49.000,51.000,51.000,57.000,50.000,51.000,51.000,51.000,53.000,49.000
220,52.000,51.000,51.000,41.000,52.000,51.000,50.000,47.000,50.000,57.000
221,49.000,51.000,51.000,51.000,51.000,51.000,52.000,49.000,51.000,45.000
222,52.000,51.000,51.000,53.000,51.000,52.000,51.000,55.000,51.000,58.000
223,50.000,52.000,51.000,48.000,50.000,51.000,51.000,52.000,52.000,48.000
224,51.000,50.000,51.000,52.000,51.000,51.000,51.000,53.000,50.000,51.000
225,52.000,53.000,51.000,52.000,51.000,51.000,51.000,52.000,52.000,51.000
226,52.000,50.000,52.000,50.000,52.000,50.000,50.000,51.000,50.000,50.000
227,51.000,51.000,51.000,52.000,51.000,52.000,52.000,50.000,52.000,49.000
228,50.000,51.000,50.000,49.000,51.000,51.000,51.000,50.000,51.000,51.000
229,50.000,51.000,53.000,55.000,51.000,51.000,51.000,50.000,51.000,60.000
230,52.000,51.000,49.000,48.000,51.000,51.000,52.000,53.000,51.000,45.000
231,49.000,51.000,52.000,50.000,51.000,51.000,50.000,50.000,51.000,51.000
232,53.000,51.000,51.000,51.000,52.000,51.000,52.000,50.000,51.000,50.000
233,51.000,51.000,52.000,56.000,54.000,51.000,51.000,51.000,51.000,51.000
234,51.000,51.000,49.000,51.000,48.000,51.000,51.000,52.000,51.000,51.000
235,52.000,52.000,53.000,51.000,50.000,51.000,51.000,50.000,51.000,53.000
236,51.000,50.000,50.000,51.000,51.000,51.000,53.000,51.000,51.000,50.000
237,47.000,51.000,52.000,51.000,52.000,51.000,51.000,52.000,51.000,50.000
238,50.000,52.000,50.000,51.000,50.000,51.000,49.000,50.000,52.000,49.000
239,52.000,50.000,51.000,51.000,52.000,51.000,52.000,55.000,50.000,56.000
240,54.000,51.000,51.000,51.000,51.000,51.000,51.000,50.000,51.000,49.000
241,51.000,51.000,51.000,51.000,51.000,51.000,50.000,50.000,52.000,51.000
242,51.000,51.000,52.000,51.000,51.000,52.000,51.000,52.000,51.000,51.000
243,53.000,52.000,51.000,52.000,50.000,50.000,52.000,50.000,50.000,125.000
244,50.000,49.000,50.000,50.000,51.000,51.000,50.000,51.000,51.000,16.000
245,50.000,52.000,52.000,50.000,50.000,51.000,50.000,50.000,50.000,19.000
246,50.000,50.000,48.000,50.000,51.000,49.000,49.000,50.000,50.000,38.000
247,50.000,51.000,51.000,52.000,51.000,51.000,51.000,51.000,48.000,53.000
248,52.000,51.000,51.000,50.000,50.000,51.000,52.000,51.000,51.000,50.000
249,50.000,51.000,51.000,51.000,53.000,51.000,51.000,51.000,51.000,51.000
250,53.000,50.000,51.000,52.000,50.000,51.000,51.000,52.000,52.000,52.000
251,50.000,52.000,51.000,51.000,51.000,51.000,51.000,50.000,54.000,51.000
252,50.000,51.000,51.000,50.000,51.000,51.000,51.000,51.000,51.000,50.000
253,53.000,50.000,51.000,51.000,51.000,52.000,51.000,52.000,51.000,52.000
254,50.000,51.000,51.000,51.000,51.000,50.000,51.000,50.000,50.000,50.000
255,51.000,52.000,52.000,52.000,52.000,51.000,52.000,52.000,47.000,52.000
256,51.000,51.000,51.000,50.000,51.000,51.000,50.000,50.000,52.000,50.000
257,47.000,50.000,50.000,51.000,50.000,51.000,51.000,51.000,51.000,51.000
258,54.000,52.000,51.000,52.000,51.000,51.000,52.000,52.000,51.000,52.000
259,53.000,55.000,52.000,51.000,52.000,52.000,51.000,51.000,53.000,51.000
260,51.000,47.000,52.000,52.000,51.000,52.000,51.000,51.000,50.000,51.000
261,51.000,52.000,50.000,50.000,51.000,51.000,52.000,51.000,51.000,52.000
262,52.000,51.000,51.000,51.000,52.000,51.000,51.000,52.000,51.000,52.000
263,51.000,52.000,53.000,53.000,51.000,52.000,52.000,52.000,56.000,52.000
264,51.000,51.000,51.000,51.000,51.000,51.000,51.000,51.000,51.000,51.000
265,51.000,51.000,51.000,50.000,51.000,50.000,52.000,51.000,48.000,50.000
266,51.000,51.000,50.000,52.000,51.000,52.000,51.000,51.000,54.000,52.000
267,47.000,51.000,52.000,51.000,53.000,51.000,49.000,51.000,51.000,51.000
268,50.000,51.000,51.000,51.000,49.000,51.000,52.000,51.000,51.000,51.000
269,56.000,51.000,51.000,51.000,51.000,51.000,51.000,51.000,51.000,51.000
270,51.000,52.000,51.000,51.000,51.000,51.000,51.000,52.000,51.000,51.000
271,52.000,50.000,51.000,51.000,51.000,52.000,51.000,50.000,51.000,51.000
272,51.000,52.000,51.000,51.000,51.000,51.000,52.000,51.000,51.000,51.000
273,52.000,50.000,52.000,51.000,51.000,50.000,49.000,51.000,50.000,51.000
274,50.000,52.000,50.000,51.000,51.000,51.000,52.000,51.000,52.000,51.000
275,51.000,50.000,51.000,51.000,52.000,51.000,50.000,51.000,51.000,51.000
276,50.000,51.000,51.000,51.000,50.000,56.000,51.000,51.000,50.000,51.000
277,52.000,51.000,51.000,52.000,51.000,47.000,52.000,51.000,52.000,51.000
278,50.000,51.000,51.000,50.000,52.000,50.000,51.000,51.000,51.000,51.000
279,52.000,51.000,51.000,51.000,51.000,52.000,51.000,51.000,51.000,51.000
280,51.000,52.000,51.000,51.000,50.000,50.000,51.000,51.000,51.000,51.000
281,49.000,50.000,50.000,51.000,52.000,51.000,50.000,51.000,51.000,51.000
282,53.000,51.000,53.000,51.000,50.000,52.000,52.000,51.000,51.000,51.000
283,51.000,51.000,51.000,52.000,52.000,51.000,51.000,51.000,51.000,51.000
284,51.000,52.000,51.000,50.000,51.000,50.000,51.000,51.000,51.000,52.000
285,52.000,51.000,50.000,52.000,51.000,52.000,51.000,51.000,51.000,50.000
286,51.000,50.000,51.000,50.000,51.000,51.000,52.000,51.000,51.000,49.000
287,49.000,51.000,51.000,51.000,51.000,51.000,51.000,50.000,52.000,52.000
288,52.000,51.000,51.000,52.000,51.000,50.000,50.000,52.000,49.000,52.000
289,51.000,51.000,52.000,50.000,52.000,52.000,52.000,52.000,53.000,52.000
290,52.000,52.000,50.000,52.000,50.000,51.000,50.000,51.000,51.000,51.000
291,50.000,51.000,52.000,51.000,50.000,51.000,52.000,51.000,51.000,51.000
292,51.000,52.000,51.000,51.000,52.000,52.000,51.000,51.000,51.000,51.000
293,52.000,50.000,50.000,51.000,52.000,51.000,52.000,51.000,51.000,51.000
294,51.000,54.000,54.000,57.000,52.000,56.000,52.000,53.000,51.000,51.000
295,51.000,52.000,50.000,48.000,52.000,46.000,50.000,51.000,51.000,54.000
296,53.000,50.000,52.000,49.000,51.000,51.000,52.000,50.000,52.000,50.000
297,49.000,51.000,52.000,52.000,50.000,55.000,50.000,51.000,52.000,55.000
298,53.000,50.000,51.000,52.000,51.000,49.000,51.000,51.000,50.000,49.000
299,50.000,52.000,50.000,50.000,51.000,49.000,51.000,52.000,51.000,50.000
300,51.000,50.000,51.000,50.000,50.000,54.000,50.000,50.000,52.000,50.000
301,50.000,50.000,50.000,53.000,53.000,50.000,52.000,51.000,51.000,52.000
302,53.000,54.000,51.000,53.000,50.000,50.000,53.000,52.000,52.000,52.000
303,50.000,51.000,52.000,48.000,53.000,46.000,49.000,52.000,49.000,50.000
304,51.000,49.000,51.000,51.000,49.000,54.000,79.000,52.000,52.000,50.000
305,51.000,51.000,51.000,51.000,52.000,56.000,23.000,49.000,54.000,52.000
306,50.000,51.000,49.000,52.000,50.000,45.000,52.000,50.000,48.000,50.000
307,49.000,52.000,53.000,50.000,54.000,54.000,51.000,52.000,52.000,53.000
308,51.000,49.000,50.000,52.000,52.000,51.000,50.000,51.000,52.000,49.000
309,50.000,53.000,53.000,50.000,49.000,48.000,52.000,56.000,51.000,51.000
310,53.000,53.000,52.000,51.000,48.000,54.000,51.000,48.000,50.000,51.000
311,48.000,50.000,49.000,52.000,55.000,50.000,51.000,50.000,52.000,52.000
312,51.000,51.000,54.000,51.000,49.000,53.000,54.000,53.000,52.000,54.000
313,53.000,50.000,56.000,51.000,51.000,49.000,51.000,49.000,51.000,50.000
314,50.000,54.000,43.000,52.000,56.000,52.000,49.000,54.000,49.000,50.000
315,51.000,49.000,51.000,50.000,46.000,51.000,51.000,49.000,51.000,52.000
316,52.000,53.000,51.000,51.000,54.000,51.000,51.000,53.000,54.000,50.000
317,53.000,51.000,50.000,53.000,52.000,52.000,50.000,50.000,47.000,51.000
318,47.000,51.000,52.000,49.000,50.000,52.000,51.000,50.000,53.000,55.000
319,56.000,50.000,51.000,54.000,50.000,50.000,51.000,50.000,50.000,47.000
320,51.000,49.000,53.000,51.000,52.000,51.000,51.000,51.000,51.000,50.000
321,50.000,53.000,49.000,48.000,49.000,51.000,52.000,50.000,51.000,52.000
322,51.000,54.000,52.000,52.000,50.000,51.000,51.000,53.000,52.000,50.000
323,48.000,47.000,53.000,51.000,51.000,52.000,53.000,53.000,49.000,52.000
324,53.000,51.000,49.000,50.000,51.000,50.000,48.000,48.000,52.000,51.000
325,51.000,50.000,52.000,51.000,52.000,52.000,52.000,51.000,52.000,50.000
326,50.000,52.000,49.000,51.000,50.000,53.000,52.000,53.000,51.000,53.000
327,50.000,50.000,52.000,51.000,51.000,50.000,50.000,49.000,50.000,49.000
328,55.000,51.000,51.000,51.000,51.000,51.000,50.000,51.000,52.000,53.000
329,51.000,51.000,50.000,51.000,51.000,49.000,51.000,51.000,51.000,50.000
330,50.000,51.000,53.000,52.000,51.000,51.000,51.000,51.000,50.000,51.000
331,53.000,52.000,51.000,50.000,51.000,51.000,53.000,51.000,50.000,51.000
332,48.000,58.000,52.000,52.000,52.000,51.000,49.000,51.000,52.000,50.000
333,49.000,41.000,44.000,49.000,50.000,47.000,51.000,51.000,52.000,55.000
334,52.000,51.000,55.000,53.000,52.000,55.000,52.000,52.000,51.000,48.000
335,53.000,53.000,53.000,51.000,55.000,53.000,51.000,52.000,51.000,51.000
336,49.000,52.000,50.000,51.000,48.000,51.000,51.000,53.000,51.000,51.000
337,51.000,51.000,53.000,52.000,49.000,51.000,55.000,49.000,52.000,54.000
338,53.000,52.000,50.000,50.000,54.000,50.000,48.000,52.000,51.000,50.000
339,49.000,50.000,53.000,57.000,49.000,54.000,52.000,52.000,50.000,51.000
340,52.000,53.000,49.000,46.000,50.000,48.000,49.000,50.000,51.000,49.000
341,51.000,53.000,50.000,56.000,51.000,52.000,52.000,51.000,50.000,52.000
342,53.000,47.000,55.000,46.000,53.000,54.000,87.000,49.000,52.000,55.000
343,57.000,53.000,50.000,52.000,48.000,47.000,23.000,52.000,56.000,47.000
344,42.000,53.000,49.000,51.000,54.000,46.000,43.000,58.000,47.000,55.000
345,53.000,48.000,54.000,50.000,50.000,96.000,51.000,45.000,50.000,45.000
346,54.000,52.000,107.000,51.000,52.000,19.000,52.000,57.000,52.000,55.000
347,52.000,51.000,21.000,51.000,51.000,43.000,50.000,46.000,51.000,49.000
348,51.000,50.000,22.000,49.000,53.000,51.000,52.000,49.000,51.000,52.000
349,49.000,49.000,50.000,51.000,48.000,49.000,48.000,49.000,50.000,48.000
350,54.000,54.000,87.000,53.000,53.000,53.000,55.000,53.000,52.000,54.000
351,49.000,51.000,25.000,53.000,74.000,51.000,48.000,50.000,68.000,50.000
352,52.000,50.000,43.000,48.000,27.000,51.000,52.000,51.000,34.000,67.000
353,49.000,51.000,49.000,50.000,51.000,51.000,50.000,50.000,50.000,33.000
354,50.000,50.000,52.000,51.000,50.000,50.000,51.000,52.000,51.000,52.000
355,52.000,54.000,51.000,52.000,51.000,53.000,51.000,51.000,52.000,53.000
356,51.000,50.000,52.000,52.000,51.000,49.000,52.000,51.000,50.000,50.000
357,53.000,52.000,51.000,52.000,51.000,52.000,51.000,52.000,52.000,50.000
358,51.000,51.000,51.000,48.000,53.000,51.000,51.000,52.000,50.000,51.000
359,49.000,49.000,51.000,52.000,51.000,53.000,51.000,49.000,54.000,51.000
360,51.000,52.000,50.000,51.000,50.000,50.000,52.000,52.000,49.000,51.000
361,52.000,51.000,54.000,50.000,51.000,52.000,51.000,52.000,52.000,51.000
362,53.000,53.000,50.000,53.000,54.000,52.000,51.000,51.000,51.000,53.000
363,50.000,49.000,51.000,50.000,50.000,48.000,51.000,49.000,51.000,50.000
364,50.000,53.000,51.000,52.000,49.000,52.000,52.000,53.000,51.000,52.000
365,54.000,51.000,52.000,56.000,54.000,56.000,54.000,55.000,55.000,53.000
366,50.000,49.000,49.000,48.000,49.000,47.000,49.000,48.000,47.000,48.000
367,55.000,52.000,52.000,50.000,51.000,50.000,51.000,49.000,52.000,53.000
368,50.000,56.000,51.000,50.000,52.000,51.000,50.000,53.000,51.000,51.000
369,47.000,48.000,51.000,52.000,52.000,51.000,51.000,50.000,51.000,50.000
370,49.000,49.000,51.000,51.000,49.000,51.000,51.000,51.000,49.000,56.000
371,54.000,49.000,50.000,49.000,51.000,54.000,50.000,54.000,54.000,47.000
372,52.000,52.000,52.000,53.000,51.000,54.000,52.000,48.000,53.000,51.000
373,49.000,50.000,49.000,52.000,54.000,46.000,52.000,51.000,48.000,51.000
374,52.000,52.000,54.000,52.000,50.000,52.000,50.000,51.000,53.000,51.000
375,48.000,48.000,50.000,50.000,50.000,51.000,51.000,52.000,52.000,51.000
376,52.000,51.000,50.000,49.000,53.000,50.000,50.000,51.000,51.000,53.000
377,53.000,53.000,52.000,54.000,49.000,52.000,53.000,50.000,49.000,48.000
378,52.000,56.000,53.000,49.000,52.000,50.000,51.000,51.000,82.000,52.000
379,51.000,62.000,83.000,51.000,50.000,52.000,51.000,52.000,22.000,77.000
380,49.000,36.000,22.000,50.000,50.000,51.000,51.000,60.000,48.000,24.000
381,81.000,54.000,49.000,91.000,54.000,94.000,53.000,43.000,53.000,53.000
382,31.000,57.000,57.000,22.000,61.000,22.000,57.000,59.000,58.000,60.000
383,40.000,41.000,40.000,40.000,36.000,33.000,40.000,39.000,40.000,39.000
384,53.000,50.000,50.000,50.000,51.000,56.000,51.000,48.000,49.000,50.000
385,49.000,53.000,52.000,53.000,51.000,46.000,51.000,53.000,53.000,52.000
386,51.000,49.000,51.000,49.000,51.000,51.000,51.000,51.000,50.000,50.000
387,52.000,52.000,52.000,53.000,51.000,52.000,52.000,52.000,55.000,53.000
388,52.000,52.000,52.000,51.000,52.000,53.000,52.000,52.000,49.000,51.000
389,54.000,50.000,51.000,50.000,50.000,48.000,49.000,51.000,50.000,50.000
390,46.000,51.000,50.000,51.000,51.000,53.000,52.000,52.000,51.000,51.000
391,53.000,52.000,52.000,53.000,53.000,51.000,52.000,50.000,54.000,52.000
392,52.000,52.000,53.000,51.000,51.000,53.000,51.000,52.000,56.000,53.000
393,49.000,50.000,48.000,50.000,50.000,48.000,49.000,49.000,44.000,49.000
394,52.000,51.000,53.000,52.000,53.000,52.000,53.000,52.000,52.000,52.000
395,49.000,50.000,49.000,50.000,50.000,52.000,55.000,53.000,51.000,53.000
396,52.000,51.000,51.000,51.000,49.000,50.000,46.000,48.000,49.000,48.000
397,52.000,52.000,52.000,51.000,52.000,52.000,52.000,52.000,52.000,52.000
398,50.000,51.000,50.000,51.000,53.000,50.000,50.000,50.000,53.000,50.000
399,54.000,52.000,52.000,52.000,49.000,53.000,52.000,52.000,50.000,51.000
400,49.000,50.000,51.000,51.000,51.000,49.000,51.000,51.000,51.000,51.000
401,51.000,52.000,52.000,52.000,52.000,53.000,51.000,52.000,52.000,52.000
402,52.000,52.000,51.000,51.000,52.000,53.000,52.000,52.000,52.000,52.000
403,51.000,51.000,52.000,52.000,51.000,50.000,51.000,52.000,50.000,53.000
404,52.000,51.000,51.000,50.000,53.000,50.000,52.000,52.000,51.000,51.000
405,51.000,51.000,52.000,52.000,49.000,51.000,51.000,51.000,51.000,50.000
406,53.000,53.000,52.000,55.000,53.000,54.000,53.000,51.000,53.000,52.000
407,50.000,50.000,50.000,47.000,51.000,49.000,50.000,50.000,50.000,49.000
408,52.000,52.000,52.000,53.000,52.000,51.000,51.000,54.000,52.000,53.000
409,48.000,49.000,51.000,48.000,50.000,49.000,50.000,48.000,51.000,49.000
410,54.000,52.000,50.000,53.000,52.000,54.000,52.000,51.000,52.000,52.000
411,48.000,49.000,49.000,51.000,49.000,48.000,49.000,53.000,48.000,50.000
412,52.000,53.000,52.000,49.000,51.000,51.000,52.000,49.000,51.000,51.000
413,54.000,52.000,53.000,54.000,53.000,54.000,53.000,54.000,53.000,52.000
414,49.000,50.000,50.000,50.000,52.000,50.000,49.000,48.000,50.000,51.000
415,50.000,51.000,51.000,50.000,49.000,49.000,52.000,52.000,51.000,52.000
416,51.000,51.000,51.000,51.000,51.000,52.000,51.000,51.000,53.000,51.000
417,53.000,51.000,53.000,52.000,51.000,55.000,52.000,51.000,52.000,51.000
418,55.000,55.000,83.000,55.000,55.000,54.000,63.000,54.000,53.000,92.000
419,49.000,48.000,19.000,49.000,53.000,74.000,41.000,51.000,50.000,23.000
420,49.000,51.000,51.000,49.000,46.000,24.000,49.000,49.000,49.000,38.000
421,50.000,49.000,48.000,50.000,50.000,49.000,47.000,50.000,49.000,49.000
422,52.000,52.000,52.000,52.000,51.000,53.000,53.000,50.000,51.000,52.000
423,53.000,53.000,52.000,52.000,53.000,51.000,53.000,55.000,57.000,53.000
424,48.000,49.000,49.000,49.000,48.000,50.000,49.000,49.000,45.000,49.000
425,51.000,51.000,52.000,52.000,53.000,51.000,51.000,48.000,51.000,52.000
426,51.000,51.000,52.000,50.000,49.000,52.000,51.000,52.000,52.000,51.000
427,52.000,52.000,51.000,53.000,52.000,51.000,52.000,52.000,52.000,51.000
428,51.000,51.000,51.000,50.000,51.000,51.000,52.000,53.000,51.000,51.000
429,51.000,51.000,50.000,51.000,50.000,51.000,51.000,51.000,50.000,52.000
430,51.000,50.000,51.000,51.000,53.000,51.000,50.000,50.000,50.000,48.000
431,52.000,53.000,52.000,52.000,51.000,52.000,51.000,52.000,53.000,53.000
432,52.000,51.000,52.000,51.000,51.000,52.000,51.000,50.000,51.000,51.000
433,49.000,52.000,50.000,51.000,50.000,50.000,51.000,52.000,51.000,51.000
434,51.000,51.000,51.000,51.000,51.000,50.000,51.000,49.000,51.000,50.000
435,50.000,48.000,50.000,50.000,50.000,51.000,51.000,53.000,50.000,51.000
436,53.000,53.000,52.000,52.000,53.000,52.000,52.000,51.000,53.000,52.000
437,50.000,51.000,51.000,50.000,50.000,50.000,51.000,49.000,48.000,49.000
438,51.000,51.000,51.000,52.000,52.000,52.000,50.000,54.000,53.000,53.000
439,53.000,52.000,52.000,52.000,52.000,52.000,52.000,50.000,52.000,53.000
440,51.000,51.000,52.000,52.000,53.000,51.000,52.000,51.000,51.000,51.000
441,51.000,50.000,50.000,50.000,49.000,51.000,50.000,52.000,51.000,49.000
442,50.000,51.000,52.000,53.000,52.000,50.000,53.000,50.000,50.000,54.000
443,52.000,52.000,51.000,49.000,50.000,52.000,49.000,50.000,52.000,52.000
444,51.000,52.000,51.000,52.000,52.000,52.000,52.000,55.000,53.000,50.000
445,50.000,49.000,50.000,50.000,51.000,50.000,51.000,47.000,48.000,50.000
446,51.000,51.000,51.000,51.000,51.000,51.000,52.000,53.000,51.000,49.000
447,51.000,52.000,51.000,51.000,51.000,51.000,50.000,52.000,52.000,51.000
448,52.000,50.000,51.000,51.000,51.000,51.000,51.000,51.000,51.000,52.000
449,50.000,50.000,52.000,50.000,51.000,50.000,50.000,48.000,53.000,51.000
450,52.000,53.000,50.000,51.000,51.000,51.000,51.000,52.000,48.000,50.000
451,52.000,54.000,53.000,54.000,52.000,53.000,52.000,54.000,53.000,53.000
452,50.000,48.000,50.000,50.000,51.000,51.000,53.000,48.000,53.000,54.000
453,52.000,52.000,52.000,51.000,50.000,51.000,50.000,53.000,49.000,49.000
454,50.000,51.000,51.000,52.000,52.000,51.000,51.000,50.000,51.000,50.000
455,53.000,54.000,52.000,51.000,51.000,53.000,51.000,52.000,52.000,52.000
456,51.000,48.000,51.000,51.000,51.000,50.000,51.000,51.000,51.000,52.000
457,52.000,53.000,52.000,53.000,53.000,52.000,53.000,54.000,52.000,51.000
458,51.000,50.000,49.000,77.000,49.000,77.000,49.000,49.000,50.000,50.000
459,50.000,52.000,52.000,24.000,52.000,25.000,52.000,51.000,52.000,66.000
460,52.000,59.000,54.000,63.000,53.000,51.000,52.000,54.000,51.000,38.000
461,50.000,42.000,48.000,38.000,48.000,50.000,51.000,59.000,50.000,63.000
462,57.000,56.000,55.000,56.000,55.000,56.000,55.000,45.000,56.000,43.000
463,44.000,44.000,46.000,45.000,46.000,45.000,44.000,45.000,45.000,45.000
464,44.000,45.000,46.000,45.000,47.000,45.000,47.000,45.000,46.000,46.000
465,43.000,41.000,40.000,41.000,40.000,42.000,40.000,41.000,40.000,40.000
466,23.000,24.000,24.000,24.000,25.000,24.000,25.000,25.000,25.000,24.000
467,45.000,45.000,44.000,44.000,43.000,44.000,43.000,43.000,44.000,45.000
468,43.000,42.000,43.000,43.000,45.000,41.000,45.000,45.000,45.000,45.000
469,40.000,42.000,42.000,43.000,41.000,45.000,41.000,41.000,40.000,40.000
470,24.000,25.000,24.000,23.000,24.000,23.000,24.000,23.000,24.000,24.000
471,46.000,45.000,45.000,46.000,45.000,46.000,45.000,46.000,76.000,45.000
472,50.000,50.000,50.000,50.000,48.000,48.000,49.000,49.000,24.000,50.000
473,44.000,43.000,42.000,43.000,45.000,44.000,44.000,44.000,38.000,43.000
474,42.000,44.000,44.000,42.000,42.000,41.000,42.000,44.000,43.000,44.000
475,43.000,42.000,43.000,43.000,44.000,44.000,43.000,41.000,41.000,41.000
476,27.000,27.000,28.000,28.000,27.000,27.000,27.000,28.000,28.000,28.000
477,49.000,55.000,48.000,48.000,49.000,69.000,51.000,50.000,49.000,61.000
478,46.000,40.000,47.000,45.000,45.000,26.000,61.000,55.000,46.000,33.000
479,55.000,54.000,54.000,57.000,58.000,60.000,39.000,44.000,56.000,55.000
480,47.000,47.000,47.000,45.000,44.000,41.000,46.000,48.000,46.000,46.000
481,47.000,49.000,47.000,50.000,49.000,50.000,49.000,48.000,48.000,50.000
482,48.000,46.000,47.000,45.000,45.000,46.000,45.000,46.000,44.000,45.000
483,44.000,46.000,46.000,44.000,46.000,44.000,46.000,44.000,47.000,46.000
484,44.000,43.000,42.000,45.000,43.000,44.000,43.000,44.000,44.000,42.000
485,27.000,27.000,27.000,27.000,25.000,27.000,27.000,26.000,26.000,28.000
486,44.000,44.000,44.000,44.000,46.000,45.000,44.000,44.000,44.000,44.000
487,43.000,43.000,44.000,44.000,44.000,43.000,44.000,45.000,43.000,44.000
488,40.000,40.000,39.000,39.000,39.000,39.000,39.000,38.000,41.000,37.000
489,27.000,26.000,27.000,27.000,27.000,27.000,25.000,27.000,26.000,29.000
490,43.000,43.000,44.000,43.000,43.000,43.000,45.000,44.000,43.000,42.000
491,45.000,45.000,44.000,44.000,44.000,44.000,46.000,44.000,44.000,45.000
492,44.000,44.000,44.000,44.000,45.000,44.000,43.000,45.000,46.000,46.000
493,45.000,46.000,46.000,47.000,47.000,47.000,45.000,46.000,46.000,43.000
494,27.000,27.000,28.000,27.000,26.000,27.000,27.000,27.000,27.000,29.000
495,43.000,42.000,41.000,42.000,42.000,42.000,44.000,43.000,43.000,43.000
496,44.000,45.000,45.000,45.000,45.000,44.000,44.000,43.000,42.000,44.000
497,39.000,40.000,40.000,39.000,40.000,40.000,40.000,40.000,41.000,38.000
498,27.000,26.000,26.000,26.000,25.000,26.000,24.000,26.000,26.000,27.000
499,44.000,44.000,43.000,45.000,46.000,45.000,58.000,62.000,47.000,56.000
500,73.000,50.000,53.000,63.000,64.000,64.000,40.000,35.000,51.000,42.000
501,26.000,51.000,49.000,37.000,35.000,36.000,48.000,49.000,47.000,47.000
502,52.000,53.000,52.000,52.000,53.000,52.000,52.000,51.000,75.000,52.000
503,50.000,48.000,49.000,48.000,50.000,50.000,50.000,49.000,27.000,50.000
504,50.000,49.000,50.000,51.000,49.000,50.000,50.000,51.000,50.000,50.000
505,53.000,53.000,51.000,50.000,52.000,52.000,52.000,51.000,51.000,51.000
506,50.000,51.000,52.000,52.000,50.000,50.000,50.000,52.000,51.000,51.000
507,52.000,51.000,52.000,51.000,52.000,53.000,52.000,52.000,53.000,52.000
508,49.000,52.000,50.000,51.000,51.000,50.000,50.000,49.000,49.000,51.000
509,51.000,49.000,51.000,50.000,49.000,49.000,51.000,50.000,50.000,49.000
510,52.000,52.000,51.000,51.000,52.000,52.000,51.000,51.000,52.000,52.000
511,52.000,53.000,52.000,53.000,54.000,52.000,56.000,53.000,53.000,53.000
512,52.000,51.000,51.000,51.000,49.000,52.000,48.000,51.000,50.000,50.000
513,49.000,50.000,49.000,49.000,50.000,49.000,50.000,49.000,51.000,50.000
514,51.000,50.000,52.000,51.000,51.000,51.000,51.000,52.000,50.000,53.000
515,52.000,51.000,50.000,51.000,52.000,52.000,51.000,51.000,51.000,50.000
516,51.000,51.000,51.000,51.000,51.000,51.000,51.000,52.000,54.000,52.000
517,52.000,52.000,52.000,53.000,52.000,51.000,52.000,52.000,49.000,51.000
518,51.000,51.000,51.000,53.000,51.000,51.000,52.000,51.000,51.000,51.000
519,52.000,51.000,52.000,51.000,52.000,53.000,51.000,52.000,53.000,52.000
520,52.000,51.000,51.000,50.000,50.000,50.000,50.000,50.000,50.000,51.000
521,47.000,50.000,50.000,50.000,48.000,48.000,49.000,49.000,49.000,48.000
522,54.000,53.000,52.000,51.000,54.000,54.000,53.000,52.000,52.000,52.000
523,51.000,51.000,51.000,52.000,52.000,51.000,52.000,52.000,52.000,52.000
524,50.000,52.000,53.000,51.000,51.000,51.000,51.000,54.000,51.000,51.000
525,50.000,51.000,50.000,53.000,50.000,51.000,50.000,50.000,52.000,52.000
526,51.000,50.000,51.000,51.000,51.000,52.000,53.000,49.000,51.000,51.000
527,52.000,51.000,51.000,52.000,51.000,50.000,49.000,51.000,52.000,50.000
528,54.000,51.000,52.000,51.000,52.000,52.000,52.000,51.000,51.000,52.000
529,49.000,52.000,50.000,50.000,50.000,50.000,51.000,51.000,50.000,50.000
530,51.000,51.000,52.000,51.000,53.000,52.000,52.000,52.000,52.000,52.000
531,52.000,51.000,50.000,52.000,50.000,51.000,50.000,51.000,51.000,51.000
532,51.000,50.000,51.000,51.000,51.000,50.000,53.000,51.000,51.000,51.000
533,51.000,51.000,53.000,53.000,53.000,52.000,50.000,51.000,51.000,53.000
534,50.000,54.000,50.000,48.000,50.000,52.000,51.000,52.000,51.000,50.000
535,51.000,49.000,53.000,53.000,51.000,51.000,51.000,51.000,51.000,51.000
536,51.000,52.000,50.000,51.000,51.000,51.000,51.000,50.000,52.000,51.000
537,50.000,51.000,50.000,50.000,50.000,50.000,50.000,51.000,49.000,50.000
538,52.000,53.000,53.000,52.000,52.000,52.000,52.000,52.000,53.000,52.000
539,53.000,52.000,50.000,51.000,52.000,51.000,52.000,52.000,51.000,52.000
540,50.000,49.000,51.000,52.000,51.000,55.000,53.000,53.000,86.000,53.000
541,52.000,48.000,73.000,48.000,51.000,47.000,49.000,51.000,24.000,48.000
542,52.000,54.000,32.000,53.000,51.000,73.000,51.000,51.000,45.000,69.000
543,52.000,53.000,58.000,73.000,57.000,31.000,80.000,51.000,50.000,36.000
544,46.000,45.000,39.000,26.000,43.000,47.000,21.000,46.000,48.000,47.000
545,51.000,50.000,51.000,51.000,54.000,51.000,49.000,51.000,50.000,50.000
546,51.000,55.000,52.000,52.000,48.000,52.000,52.000,60.000,51.000,52.000
547,49.000,46.000,46.000,47.000,46.000,47.000,47.000,39.000,48.000,48.000
548,51.000,53.000,52.000,52.000,52.000,52.000,52.000,52.000,51.000,51.000
549,71.000,49.000,51.000,50.000,50.000,50.000,51.000,50.000,51.000,50.000
550,31.000,51.000,51.000,51.000,51.000,51.000,51.000,51.000,51.000,52.000
551,47.000,48.000,47.000,48.000,49.000,48.000,47.000,46.000,48.000,47.000
552,42.000,42.000,41.000,41.000,41.000,39.000,41.000,43.000,41.000,41.000
553,43.000,42.000,42.000,42.000,43.000,45.000,43.000,43.000,43.000,43.000
554,43.000,44.000,46.000,45.000,44.000,44.000,45.000,44.000,44.000,44.000
555,35.000,32.000,33.000,34.000,34.000,34.000,33.000,34.000,33.000,34.000
556,44.000,46.000,44.000,44.000,44.000,44.000,44.000,42.000,45.000,44.000
557,38.000,38.000,40.000,38.000,38.000,37.000,38.000,41.000,38.000,38.000
558,44.000,44.000,42.000,43.000,45.000,45.000,45.000,43.000,44.000,44.000
559,44.000,46.000,46.000,47.000,45.000,46.000,45.000,46.000,46.000,44.000
560,34.000,32.000,33.000,32.000,32.000,32.000,33.000,32.000,31.000,34.000
561,45.000,45.000,45.000,45.000,44.000,45.000,45.000,44.000,46.000,45.000
562,37.000,37.000,37.000,37.000,39.000,35.000,36.000,38.000,37.000,37.000
563,45.000,45.000,43.000,45.000,44.000,47.000,45.000,45.000,45.000,45.000
564,43.000,44.000,46.000,45.000,45.000,44.000,45.000,44.000,44.000,43.000
565,34.000,32.000,33.000,32.000,33.000,33.000,35.000,33.000,34.000,35.000
566,45.000,46.000,45.000,46.000,43.000,45.000,43.000,45.000,44.000,45.000
567,38.000,38.000,38.000,37.000,39.000,37.000,39.000,38.000,38.000,38.000
568,44.000,45.000,44.000,43.000,45.000,45.000,43.000,44.000,44.000,44.000
569,44.000,45.000,45.000,47.000,45.000,46.000,45.000,46.000,46.000,45.000
570,34.000,31.000,33.000,33.000,34.000,33.000,34.000,33.000,34.000,34.000
571,44.000,46.000,44.000,44.000,42.000,44.000,43.000,43.000,43.000,43.000
572,39.000,38.000,39.000,38.000,39.000,37.000,39.000,39.000,38.000,38.000
573,43.000,44.000,44.000,42.000,45.000,46.000,44.000,43.000,44.000,44.000
574,45.000,46.000,45.000,48.000,45.000,44.000,45.000,46.000,45.000,44.000
575,33.000,30.000,32.000,32.000,31.000,32.000,32.000,32.000,32.000,34.000
576,44.000,46.000,44.000,44.000,43.000,44.000,44.000,45.000,44.000,44.000
577,40.000,39.000,40.000,40.000,42.000,39.000,41.000,39.000,40.000,40.000
578,44.000,44.000,42.000,42.000,46.000,46.000,43.000,44.000,44.000,44.000
579,44.000,45.000,46.000,47.000,43.000,44.000,45.000,45.000,47.000,44.000
580,33.000,31.000,32.000,31.000,32.000,33.000,32.000,32.000,30.000,33.000
581,44.000,46.000,45.000,45.000,43.000,44.000,44.000,43.000,45.000,44.000
582,39.000,38.000,39.000,39.000,41.000,38.000,39.000,41.000,39.000,40.000
583,43.000,44.000,43.000,42.000,42.000,44.000,43.000,43.000,43.000,43.000
584,46.000,46.000,46.000,49.000,46.000,45.000,47.000,71.000,45.000,43.000
585,43.000,42.000,43.000,40.000,42.000,43.000,42.000,21.000,44.000,44.000
586,34.000,67.000,34.000,35.000,33.000,34.000,34.000,30.000,33.000,57.000
587,50.000,11.000,44.000,44.000,48.000,44.000,56.000,47.000,46.000,29.000
588,41.000,45.000,46.000,46.000,44.000,46.000,34.000,44.000,45.000,39.000
589,46.000,48.000,45.000,53.000,53.000,47.000,53.000,45.000,46.000,46.000
590,46.000,46.000,49.000,39.000,39.000,46.000,39.000,47.000,46.000,45.000
591,29.000,29.000,28.000,29.000,29.000,29.000,30.000,29.000,29.000,30.000
592,38.000,39.000,39.000,39.000,40.000,39.000,37.000,39.000,40.000,39.000
593,45.000,45.000,44.000,43.000,43.000,45.000,46.000,44.000,43.000,44.000
594,45.000,45.000,43.000,46.000,46.000,44.000,45.000,45.000,45.000,45.000
595,44.000,44.000,47.000,45.000,44.000,45.000,45.000,45.000,45.000,45.000
596,35.000,34.000,34.000,34.000,35.000,34.000,34.000,33.000,33.000,34.000
597,37.000,36.000,36.000,37.000,36.000,37.000,35.000,38.000,38.000,37.000
598,43.000,45.000,43.000,42.000,43.000,43.000,44.000,43.000,43.000,43.000
599,47.000,47.000,46.000,49.000,48.000,48.000,48.000,47.000,47.000,48.000
600,53.000,51.000,52.000,51.000,52.000,51.000,52.000,52.000,53.000,52.000
601,50.000,51.000,51.000,51.000,51.000,52.000,51.000,51.000,50.000,51.000
602,52.000,51.000,52.000,52.000,51.000,50.000,51.000,52.000,52.000,51.000
603,50.000,51.000,51.000,51.000,51.000,52.000,51.000,50.000,50.000,52.000
604,51.000,51.000,50.000,50.000,50.000,50.000,51.000,51.000,51.000,51.000
605,44.000,44.000,46.000,45.000,45.000,45.000,44.000,45.000,45.000,41.000
606,31.000,33.000,31.000,32.000,31.000,31.000,31.000,29.000,31.000,33.000
607,39.000,37.000,39.000,38.000,39.000,39.000,38.000,40.000,38.000,39.000
608,39.000,41.000,41.000,41.000,41.000,41.000,42.000,42.000,41.000,40.000
609,51.000,50.000,48.000,49.000,49.000,49.000,50.000,49.000,50.000,50.000
610,50.000,51.000,51.000,51.000,51.000,50.000,50.000,50.000,50.000,50.000
611,53.000,50.000,53.000,53.000,52.000,54.000,52.000,53.000,53.000,54.000
612,51.000,52.000,49.000,50.000,51.000,50.000,51.000,52.000,50.000,50.000
613,51.000,52.000,52.000,51.000,51.000,50.000,51.000,49.000,53.000,51.000
614,53.000,51.000,50.000,50.000,52.000,51.000,51.000,52.000,50.000,50.000
615,49.000,50.000,52.000,53.000,50.000,52.000,51.000,51.000,51.000,52.000
616,52.000,51.000,51.000,50.000,51.000,51.000,52.000,51.000,51.000,51.000
617,50.000,51.000,50.000,51.000,50.000,50.000,49.000,50.000,50.000,50.000
618,50.000,52.000,51.000,50.000,52.000,51.000,51.000,52.000,51.000,51.000
619,52.000,49.000,51.000,51.000,50.000,50.000,51.000,51.000,53.000,51.000
620,52.000,52.000,52.000,53.000,53.000,54.000,53.000,53.000,52.000,54.000
621,52.000,54.000,51.000,50.000,51.000,50.000,51.000,50.000,49.000,49.000
622,51.000,49.000,51.000,51.000,51.000,51.000,51.000,50.000,51.000,52.000
623,49.000,51.000,51.000,51.000,52.000,52.000,51.000,51.000,51.000,50.000
624,53.000,50.000,52.000,53.000,50.000,51.000,52.000,52.000,52.000,55.000
625,51.000,52.000,51.000,50.000,51.000,51.000,51.000,51.000,51.000,48.000
626,51.000,50.000,51.000,50.000,51.000,51.000,51.000,51.000,51.000,51.000
627,50.000,51.000,52.000,52.000,51.000,51.000,50.000,50.000,50.000,51.000
628,54.000,55.000,53.000,53.000,54.000,81.000,75.000,54.000,54.000,68.000
629,51.000,50.000,51.000,51.000,60.000,23.000,30.000,50.000,51.000,37.000
630,55.000,69.000,55.000,53.000,47.000,56.000,55.000,59.000,59.000,56.000
631,49.000,36.000,49.000,51.000,48.000,48.000,49.000,46.000,46.000,47.000
632,49.000,57.000,49.000,60.000,49.000,49.000,50.000,49.000,47.000,49.000
633,48.000,39.000,49.000,38.000,49.000,48.000,46.000,48.000,50.000,49.000
634,50.000,51.000,48.000,50.000,46.000,49.000,49.000,48.000,49.000,51.000
635,48.000,48.000,50.000,47.000,49.000,50.000,50.000,50.000,49.000,47.000
636,51.000,50.000,51.000,52.000,51.000,50.000,50.000,51.000,50.000,50.000
637,38.000,35.000,35.000,33.000,35.000,35.000,35.000,35.000,36.000,36.000
638,29.000,32.000,31.000,33.000,33.000,32.000,32.000,32.000,31.000,30.000
639,43.000,43.000,43.000,42.000,43.000,43.000,42.000,43.000,42.000,44.000
640,44.000,45.000,45.000,45.000,44.000,44.000,45.000,43.000,46.000,45.000
641,50.000,50.000,51.000,51.000,53.000,50.000,51.000,51.000,51.000,50.000
642,48.000,49.000,49.000,48.000,48.000,50.000,48.000,49.000,49.000,49.000
643,37.000,35.000,36.000,37.000,35.000,34.000,35.000,38.000,35.000,36.000
644,30.000,31.000,30.000,30.000,30.000,32.000,32.000,30.000,30.000,30.000
645,45.000,45.000,43.000,44.000,45.000,44.000,44.000,43.000,43.000,45.000
646,45.000,45.000,46.000,45.000,44.000,46.000,46.000,44.000,47.000,45.000
647,52.000,51.000,52.000,52.000,51.000,51.000,52.000,52.000,51.000,51.000
648,51.000,52.000,51.000,52.000,52.000,52.000,51.000,51.000,52.000,52.000
649,50.000,51.000,51.000,50.000,51.000,52.000,50.000,51.000,50.000,50.000
650,48.000,47.000,49.000,50.000,49.000,47.000,49.000,50.000,51.000,49.000
651,38.000,38.000,37.000,36.000,37.000,37.000,37.000,37.000,35.000,38.000
652,31.000,31.000,30.000,31.000,31.000,30.000,31.000,30.000,30.000,29.000
653,42.000,42.000,40.000,41.000,42.000,42.000,42.000,42.000,43.000,43.000
654,45.000,46.000,76.000,45.000,44.000,45.000,46.000,46.000,44.000,44.000
655,49.000,49.000,21.000,50.000,50.000,50.000,54.000,49.000,50.000,50.000
656,51.000,51.000,50.000,51.000,52.000,49.000,45.000,64.000,51.000,51.000
657,43.000,42.000,44.000,43.000,42.000,44.000,43.000,30.000,42.000,43.000
658,30.000,29.000,29.000,30.000,30.000,31.000,30.000,30.000,31.000,30.000
659,41.000,42.000,41.000,41.000,41.000,42.000,41.000,40.000,40.000,41.000
660,50.000,58.000,50.000,50.000,50.000,48.000,50.000,49.000,49.000,49.000
661,41.000,34.000,41.000,42.000,42.000,42.000,42.000,43.000,43.000,42.000
662,37.000,35.000,36.000,35.000,36.000,37.000,35.000,36.000,36.000,37.000
663,44.000,44.000,45.000,45.000,44.000,44.000,45.000,45.000,45.000,44.000
664,34.000,35.000,35.000,33.000,33.000,33.000,33.000,33.000,33.000,36.000
665,48.000,48.000,47.000,48.000,49.000,48.000,49.000,47.000,47.000,45.000
666,48.000,43.000,43.000,43.000,41.000,43.000,42.000,48.000,44.000,43.000
667,43.000,57.000,47.000,48.000,59.000,46.000,48.000,44.000,48.000,50.000
668,38.000,30.000,37.000,38.000,28.000,41.000,38.000,38.000,38.000,36.000
669,38.000,37.000,39.000,38.000,38.000,37.000,38.000,38.000,38.000,38.000
670,41.000,41.000,40.000,49.000,41.000,41.000,41.000,41.000,40.000,41.000
671,50.000,50.000,51.000,42.000,50.000,50.000,50.000,50.000,51.000,50.000
672,50.000,50.000,51.000,50.000,49.000,50.000,50.000,50.000,49.000,50.000
673,45.000,48.000,46.000,48.000,50.000,48.000,48.000,48.000,49.000,47.000
674,51.000,52.000,53.000,50.000,50.000,51.000,51.000,51.000,51.000,52.000
675,52.000,50.000,51.000,53.000,51.000,52.000,52.000,52.000,52.000,51.000
676,51.000,52.000,51.000,51.000,51.000,51.000,51.000,52.000,50.000,52.000
677,53.000,51.000,53.000,51.000,53.000,51.000,54.000,50.000,52.000,52.000
678,50.000,51.000,50.000,51.000,50.000,51.000,49.000,52.000,53.000,50.000
679,52.000,51.000,51.000,52.000,52.000,51.000,51.000,50.000,51.000,52.000
680,52.000,52.000,51.000,52.000,52.000,52.000,51.000,52.000,48.000,51.000
681,50.000,52.000,51.000,51.000,51.000,51.000,51.000,51.000,53.000,52.000
682,53.000,51.000,53.000,50.000,50.000,51.000,51.000,49.000,50.000,51.000
683,51.000,50.000,50.000,52.000,53.000,51.000,52.000,52.000,51.000,50.000
684,51.000,51.000,50.000,50.000,49.000,51.000,50.000,51.000,50.000,51.000
685,51.000,52.000,52.000,53.000,51.000,53.000,52.000,52.000,52.000,52.000
686,50.000,50.000,51.000,50.000,51.000,49.000,51.000,50.000,51.000,50.000
687,52.000,51.000,49.000,50.000,52.000,51.000,51.000,50.000,51.000,51.000
688,50.000,50.000,52.000,51.000,50.000,52.000,50.000,51.000,52.000,51.000
689,51.000,52.000,52.000,52.000,51.000,50.000,52.000,52.000,51.000,52.000
690,51.000,52.000,51.000,50.000,51.000,52.000,51.000,53.000,52.000,50.000
691,52.000,51.000,52.000,53.000,52.000,52.000,52.000,51.000,51.000,53.000
692,51.000,52.000,51.000,51.000,51.000,51.000,51.000,51.000,51.000,51.000
693,50.000,50.000,51.000,50.000,52.000,50.000,51.000,50.000,51.000,50.000
694,51.000,51.000,50.000,51.000,50.000,51.000,50.000,52.000,51.000,51.000
695,51.000,51.000,52.000,51.000,51.000,51.000,51.000,51.000,52.000,51.000
696,53.000,52.000,52.000,52.000,52.000,52.000,53.000,51.000,50.000,52.000
697,51.000,51.000,51.000,51.000,51.000,51.000,50.000,51.000,50.000,52.000
698,52.000,50.000,50.000,51.000,52.000,51.000,52.000,51.000,51.000,50.000
699,50.000,53.000,52.000,52.000,50.000,52.000,52.000,53.000,52.000,52.000
700,53.000,51.000,51.000,51.000,51.000,51.000,50.000,53.000,52.000,51.000
701,49.000,51.000,51.000,51.000,51.000,51.000,51.000,48.000,52.000,51.000
702,50.000,49.000,50.000,50.000,51.000,49.000,50.000,51.000,49.000,50.000
703,51.000,52.000,51.000,51.000,50.000,52.000,52.000,51.000,52.000,52.000
704,54.000,51.000,52.000,52.000,51.000,51.000,51.000,54.000,52.000,50.000
705,50.000,51.000,51.000,51.000,51.000,52.000,51.000,49.000,51.000,52.000
706,52.000,52.000,52.000,52.000,52.000,51.000,51.000,51.000,51.000,51.000
707,50.000,49.000,49.000,49.000,49.000,49.000,51.000,51.000,50.000,50.000
708,50.000,52.000,51.000,52.000,52.000,53.000,50.000,50.000,51.000,52.000
709,52.000,52.000,52.000,51.000,52.000,51.000,52.000,51.000,51.000,51.000
710,51.000,50.000,51.000,51.000,51.000,51.000,51.000,51.000,52.000,51.000
711,51.000,52.000,52.000,51.000,52.000,51.000,51.000,51.000,50.000,51.000
712,55.000,53.000,54.000,55.000,81.000,82.000,55.000,58.000,55.000,54.000
713,47.000,49.000,47.000,88.000,22.000,22.000,51.000,49.000,50.000,49.000
714,51.000,55.000,52.000,21.000,66.000,51.000,48.000,47.000,85.000,51.000
715,51.000,48.000,50.000,41.000,36.000,52.000,51.000,51.000,23.000,50.000
716,57.000,47.000,55.000,46.000,48.000,45.000,47.000,60.000,41.000,48.000
717,45.000,54.000,48.000,65.000,52.000,55.000,55.000,43.000,53.000,54.000
718,44.000,43.000,43.000,36.000,45.000,42.000,43.000,43.000,44.000,45.000
719,44.000,44.000,44.000,41.000,44.000,44.000,42.000,43.000,43.000,42.000
720,24.000,26.000,26.000,26.000,25.000,26.000,27.000,27.000,27.000,25.000
721,43.000,41.000,41.000,42.000,41.000,42.000,42.000,39.000,40.000,43.000
722,43.000,43.000,42.000,43.000,43.000,42.000,42.000,46.000,43.000,43.000
723,43.000,44.000,45.000,43.000,45.000,44.000,44.000,42.000,44.000,44.000
724,46.000,45.000,44.000,46.000,45.000,46.000,46.000,45.000,45.000,44.000
725,31.000,30.000,31.000,29.000,29.000,29.000,30.000,30.000,30.000,29.000
726,42.000,43.000,43.000,44.000,42.000,44.000,43.000,42.000,44.000,45.000
727,43.000,43.000,45.000,42.000,45.000,42.000,43.000,44.000,43.000,43.000
728,45.000,45.000,43.000,45.000,44.000,45.000,43.000,45.000,44.000,44.000
729,47.000,47.000,46.000,48.000,47.000,47.000,48.000,47.000,46.000,47.000
730,27.000,28.000,29.000,28.000,29.000,28.000,29.000,28.000,29.000,28.000
731,43.000,41.000,42.000,41.000,40.000,42.000,41.000,40.000,41.000,43.000
732,41.000,42.000,40.000,41.000,42.000,41.000,41.000,43.000,42.000,40.000
733,46.000,47.000,47.000,47.000,47.000,46.000,45.000,47.000,47.000,47.000
734,46.000,47.000,45.000,46.000,46.000,47.000,48.000,46.000,45.000,48.000
735,27.000,26.000,29.000,28.000,29.000,28.000,28.000,28.000,28.000,24.000
736,44.000,42.000,42.000,42.000,39.000,42.000,42.000,42.000,43.000,44.000
737,42.000,42.000,43.000,42.000,45.000,42.000,43.000,42.000,42.000,42.000
738,41.000,42.000,40.000,41.000,41.000,41.000,41.000,42.000,41.000,41.000
739,26.000,27.000,28.000,27.000,26.000,27.000,26.000,26.000,27.000,26.000
740,44.000,43.000,43.000,43.000,42.000,43.000,43.000,42.000,43.000,44.000
741,41.000,42.000,41.000,42.000,43.000,42.000,42.000,43.000,42.000,42.000
742,42.000,41.000,42.000,41.000,41.000,41.000,41.000,41.000,41.000,41.000
743,27.000,27.000,27.000,27.000,28.000,27.000,28.000,27.000,27.000,26.000
744,44.000,44.000,44.000,45.000,43.000,45.000,44.000,43.000,44.000,46.000
745,41.000,42.000,44.000,40.000,41.000,42.000,42.000,43.000,41.000,40.000
746,40.000,41.000,37.000,42.000,42.000,39.000,40.000,41.000,41.000,42.000
747,27.000,26.000,27.000,26.000,26.000,27.000,27.000,26.000,27.000,25.000
748,47.000,46.000,48.000,47.000,47.000,47.000,47.000,46.000,47.000,48.000
749,44.000,46.000,44.000,43.000,45.000,44.000,44.000,45.000,44.000,44.000
750,45.000,44.000,45.000,47.000,45.000,46.000,46.000,45.000,45.000,46.000
751,43.000,41.000,42.000,41.000,41.000,41.000,40.000,42.000,42.000,41.000
752,26.000,27.000,25.000,25.000,26.000,26.000,27.000,26.000,26.000,26.000
753,44.000,44.000,44.000,45.000,45.000,44.000,43.000,44.000,44.000,44.000
754,42.000,44.000,43.000,43.000,42.000,42.000,43.000,42.000,42.000,42.000
755,42.000,40.000,41.000,41.000,41.000,42.000,41.000,42.000,41.000,42.000
756,25.000,24.000,26.000,26.000,26.000,26.000,26.000,26.000,26.000,24.000
757,45.000,47.000,45.000,44.000,45.000,45.000,46.000,45.000,47.000,47.000
758,39.000,41.000,40.000,41.000,40.000,40.000,40.000,40.000,39.000,40.000
759,45.000,42.000,41.000,43.000,43.000,43.000,42.000,43.000,42.000,44.000
760,37.000,36.000,39.000,37.000,37.000,37.000,37.000,53.000,37.000,36.000
761,35.000,36.000,36.000,36.000,35.000,35.000,36.000,18.000,36.000,60.000
762,50.000,50.000,51.000,49.000,50.000,51.000,51.000,51.000,50.000,26.000
763,41.000,41.000,40.000,41.000,44.000,40.000,38.000,41.000,41.000,40.000
764,41.000,41.000,41.000,41.000,38.000,41.000,42.000,41.000,41.000,41.000
765,28.000,28.000,28.000,28.000,29.000,30.000,29.000,28.000,28.000,29.000
766,41.000,41.000,41.000,42.000,41.000,39.000,41.000,41.000,41.000,41.000
767,44.000,45.000,44.000,44.000,44.000,44.000,43.000,44.000,44.000,44.000
768,38.000,37.000,38.000,38.000,38.000,39.000,39.000,39.000,37.000,38.000
769,31.000,30.000,30.000,29.000,30.000,30.000,30.000,29.000,31.000,30.000
770,42.000,43.000,43.000,43.000,42.000,42.000,43.000,43.000,43.000,42.000
771,43.000,43.000,43.000,44.000,44.000,44.000,42.000,43.000,44.000,44.000
772,37.000,37.000,38.000,37.000,37.000,36.000,38.000,37.000,35.000,36.000
773,30.000,30.000,29.000,29.000,29.000,30.000,30.000,30.000,31.000,30.000
774,43.000,44.000,43.000,43.000,43.000,44.000,43.000,45.000,45.000,44.000
775,43.000,43.000,42.000,43.000,43.000,42.000,43.000,41.000,41.000,42.000
776,37.000,36.000,37.000,38.000,37.000,38.000,37.000,37.000,36.000,37.000
777,31.000,31.000,31.000,30.000,31.000,30.000,30.000,31.000,32.000,33.000
778,43.000,43.000,43.000,43.000,43.000,42.000,43.000,42.000,43.000,41.000
779,43.000,42.000,43.000,43.000,43.000,44.000,43.000,44.000,43.000,43.000
780,37.000,38.000,36.000,37.000,38.000,37.000,38.000,37.000,37.000,37.000
781,30.000,30.000,32.000,31.000,29.000,30.000,30.000,30.000,30.000,30.000
782,43.000,43.000,43.000,42.000,43.000,43.000,42.000,43.000,43.000,43.000
783,43.000,45.000,43.000,43.000,45.000,44.000,44.000,43.000,43.000,43.000
784,42.000,39.000,39.000,40.000,38.000,38.000,39.000,40.000,39.000,40.000
785,26.000,28.000,28.000,28.000,28.000,29.000,28.000,28.000,29.000,28.000
786,42.000,41.000,43.000,43.000,42.000,42.000,42.000,44.000,42.000,42.000
787,42.000,43.000,42.000,42.000,43.000,43.000,43.000,40.000,43.000,43.000
788,38.000,38.000,39.000,38.000,38.000,38.000,38.000,39.000,37.000,38.000
789,30.000,30.000,29.000,30.000,30.000,30.000,30.000,30.000,30.000,30.000
790,43.000,43.000,44.000,42.000,43.000,43.000,43.000,43.000,44.000,43.000
791,42.000,42.000,42.000,43.000,42.000,42.000,42.000,42.000,42.000,43.000
792,39.000,38.000,37.000,39.000,39.000,38.000,39.000,39.000,37.000,38.000
793,30.000,31.000,31.000,30.000,30.000,30.000,30.000,30.000,32.000,30.000
794,41.000,43.000,42.000,41.000,43.000,42.000,42.000,41.000,41.000,41.000
795,43.000,41.000,43.000,43.000,41.000,43.000,43.000,43.000,43.000,43.000
796,40.000,39.000,37.000,39.000,39.000,39.000,38.000,39.000,38.000,39.000
797,29.000,29.000,30.000,30.000,30.000,28.000,30.000,29.000,30.000,30.000
798,41.000,40.000,42.000,41.000,41.000,43.000,40.000,43.000,41.000,40.000
799,43.000,44.000,43.000,42.000,43.000,42.000,44.000,41.000,43.000,44.000
800,40.000,40.000,39.000,42.000,39.000,40.000,40.000,40.000,39.000,39.000
801,29.000,27.000,30.000,27.000,32.000,29.000,28.000,29.000,30.000,31.000
802,42.000,44.000,41.000,42.000,40.000,42.000,42.000,42.000,42.000,40.000
803,43.000,42.000,44.000,43.000,42.000,43.000,44.000,44.000,43.000,43.000
804,41.000,42.000,39.000,41.000,41.000,41.000,41.000,40.000,40.000,41.000
805,27.000,27.000,29.000,27.000,28.000,27.000,27.000,27.000,28.000,28.000
806,43.000,42.000,42.000,43.000,42.000,43.000,42.000,42.000,42.000,42.000
807,44.000,44.000,45.000,44.000,45.000,44.000,44.000,45.000,45.000,44.000
808,41.000,42.000,40.000,41.000,40.000,41.000,41.000,41.000,40.000,41.000
809,25.000,24.000,26.000,26.000,26.000,25.000,26.000,26.000,27.000,26.000
810,64.000,44.000,43.000,41.000,42.000,66.000,44.000,75.000,42.000,42.000
811,45.000,66.000,66.000,78.000,74.000,42.000,65.000,33.000,66.000,67.000
812,35.000,34.000,34.000,23.000,27.000,38.000,34.000,33.000,35.000,41.000
813,43.000,44.000,44.000,45.000,44.000,42.000,43.000,46.000,43.000,37.000
814,41.000,41.000,39.000,40.000,40.000,40.000,42.000,40.000,41.000,40.000
815,44.000,45.000,46.000,46.000,46.000,45.000,45.000,45.000,45.000,45.000
816,34.000,32.000,33.000,32.000,31.000,33.000,32.000,33.000,33.000,33.000
817,35.000,34.000,35.000,34.000,36.000,34.000,34.000,35.000,37.000,36.000
818,41.000,41.000,39.000,41.000,39.000,42.000,41.000,41.000,37.000,39.000
819,43.000,45.000,46.000,45.000,46.000,43.000,45.000,44.000,46.000,44.000
820,34.000,33.000,33.000,33.000,32.000,34.000,32.000,33.000,33.000,34.000
821,36.000,35.000,35.000,36.000,35.000,35.000,35.000,36.000,37.000,36.000
822,40.000,42.000,41.000,40.000,43.000,41.000,43.000,41.000,38.000,41.000
823,43.000,44.000,46.000,45.000,44.000,44.000,44.000,43.000,45.000,42.000
824,35.000,33.000,33.000,34.000,32.000,33.000,34.000,34.000,34.000,35.000
825,35.000,35.000,35.000,34.000,36.000,35.000,35.000,35.000,35.000,35.000
826,39.000,40.000,38.000,40.000,40.000,41.000,39.000,39.000,39.000,39.000
827,45.000,47.000,46.000,45.000,45.000,45.000,45.000,46.000,46.000,45.000
828,35.000,33.000,35.000,34.000,33.000,34.000,35.000,34.000,34.000,35.000
829,35.000,34.000,35.000,36.000,37.000,35.000,34.000,35.000,35.000,36.000
830,39.000,39.000,39.000,39.000,38.000,39.000,39.000,39.000,38.000,38.000
831,43.000,45.000,44.000,44.000,44.000,44.000,45.000,45.000,45.000,44.000
832,37.000,37.000,35.000,34.000,35.000,36.000,34.000,35.000,37.000,36.000
833,34.000,31.000,36.000,35.000,34.000,33.000,34.000,34.000,33.000,34.000
834,40.000,41.000,38.000,39.000,41.000,41.000,40.000,40.000,38.000,40.000
835,42.000,44.000,45.000,45.000,44.000,44.000,45.000,44.000,46.000,43.000
836,39.000,37.000,36.000,36.000,36.000,37.000,37.000,37.000,37.000,38.000
837,32.000,32.000,33.000,33.000,34.000,32.000,33.000,33.000,32.000,33.000
838,41.000,42.000,40.000,42.000,41.000,42.000,41.000,40.000,40.000,40.000
839,42.000,43.000,44.000,43.000,43.000,42.000,43.000,43.000,44.000,42.000
840,39.000,38.000,37.000,37.000,36.000,38.000,38.000,38.000,38.000,39.000
841,31.000,30.000,32.000,32.000,33.000,31.000,31.000,32.000,31.000,31.000
842,41.000,42.000,40.000,40.000,41.000,41.000,41.000,40.000,40.000,41.000
843,42.000,43.000,44.000,44.000,43.000,44.000,43.000,43.000,44.000,43.000
844,39.000,38.000,38.000,38.000,36.000,37.000,38.000,38.000,38.000,38.000
845,34.000,33.000,34.000,34.000,35.000,34.000,32.000,34.000,34.000,34.000
846,49.000,48.000,49.000,48.000,50.000,49.000,50.000,49.000,49.000,49.000
847,39.000,40.000,37.000,40.000,39.000,39.000,40.000,39.000,39.000,39.000
848,43.000,45.000,47.000,44.000,43.000,44.000,43.000,44.000,44.000,44.000
849,41.000,39.000,38.000,37.000,38.000,38.000,39.000,39.000,39.000,39.000
850,35.000,33.000,34.000,36.000,37.000,35.000,34.000,34.000,34.000,34.000
851,48.000,50.000,50.000,50.000,49.000,50.000,50.000,50.000,50.000,50.000
852,51.000,52.000,51.000,51.000,51.000,52.000,51.000,52.000,52.000,52.000
853,55.000,73.000,67.000,53.000,55.000,55.000,56.000,53.000,54.000,55.000
854,57.000,39.000,44.000,70.000,57.000,56.000,65.000,58.000,57.000,57.000
855,47.000,47.000,47.000,36.000,46.000,47.000,39.000,47.000,49.000,47.000
856,50.000,48.000,50.000,50.000,50.000,50.000,49.000,48.000,48.000,52.000
857,44.000,50.000,45.000,44.000,45.000,45.000,46.000,49.000,46.000,43.000
858,34.000,29.000,33.000,33.000,33.000,32.000,32.000,31.000,33.000,32.000
859,38.000,39.000,39.000,39.000,38.000,40.000,39.000,44.000,38.000,39.000
860,40.000,40.000,40.000,40.000,41.000,42.000,39.000,36.000,40.000,48.000
861,50.000,48.000,48.000,46.000,48.000,45.000,49.000,47.000,47.000,39.000
862,49.000,52.000,51.000,52.000,51.000,52.000,51.000,51.000,52.000,52.000
863,51.000,49.000,51.000,50.000,51.000,51.000,51.000,53.000,50.000,51.000
864,40.000,40.000,39.000,41.000,39.000,39.000,39.000,37.000,38.000,39.000
865,37.000,37.000,38.000,38.000,38.000,38.000,39.000,38.000,40.000,36.000
866,33.000,33.000,33.000,33.000,33.000,34.000,35.000,35.000,33.000,35.000
867,45.000,45.000,44.000,46.000,45.000,44.000,43.000,43.000,45.000,45.000
868,49.000,50.000,51.000,48.000,49.000,49.000,49.000,47.000,49.000,49.000
869,52.000,52.000,51.000,53.000,52.000,52.000,51.000,52.000,52.000,52.000
870,51.000,51.000,51.000,49.000,50.000,50.000,51.000,50.000,50.000,50.000
871,53.000,53.000,53.000,52.000,54.000,54.000,51.000,54.000,54.000,54.000
872,49.000,50.000,51.000,50.000,49.000,48.000,51.000,49.000,48.000,49.000
873,51.000,50.000,49.000,52.000,51.000,52.000,50.000,53.000,52.000,51.000
874,53.000,53.000,52.000,51.000,52.000,51.000,52.000,50.000,51.000,52.000
875,50.000,50.000,51.000,51.000,50.000,51.000,51.000,51.000,51.000,50.000
876,51.000,51.000,51.000,51.000,51.000,51.000,51.000,50.000,51.000,51.000
877,51.000,53.000,52.000,51.000,52.000,51.000,53.000,52.000,51.000,51.000
878,53.000,50.000,53.000,52.000,52.000,53.000,50.000,53.000,53.000,53.000
879,51.000,51.000,49.000,50.000,51.000,51.000,51.000,52.000,50.000,51.000
880,50.000,50.000,52.000,50.000,50.000,50.000,51.000,50.000,51.000,50.000
881,52.000,51.000,50.000,52.000,52.000,52.000,53.000,52.000,51.000,51.000
882,50.000,52.000,51.000,51.000,51.000,50.000,49.000,51.000,51.000,52.000
883,53.000,53.000,52.000,53.000,53.000,53.000,52.000,51.000,53.000,52.000
884,50.000,50.000,51.000,50.000,50.000,51.000,51.000,52.000,51.000,51.000
885,53.000,52.000,51.000,52.000,52.000,52.000,52.000,51.000,52.000,52.000
886,50.000,51.000,51.000,52.000,51.000,50.000,50.000,51.000,50.000,50.000
887,50.000,51.000,52.000,51.000,50.000,51.000,53.000,50.000,51.000,51.000
888,52.000,51.000,50.000,52.000,52.000,51.000,51.000,52.000,52.000,52.000
889,51.000,51.000,50.000,49.000,50.000,52.000,50.000,51.000,50.000,50.000
890,51.000,51.000,54.000,52.000,51.000,51.000,51.000,51.000,52.000,52.000
891,53.000,51.000,49.000,52.000,52.000,50.000,50.000,50.000,52.000,51.000
892,49.000,51.000,51.000,50.000,50.000,51.000,54.000,50.000,49.000,50.000
893,53.000,53.000,53.000,52.000,54.000,53.000,51.000,56.000,53.000,53.000
894,50.000,50.000,50.000,50.000,48.000,49.000,48.000,47.000,50.000,50.000
895,51.000,50.000,50.000,52.000,52.000,52.000,53.000,52.000,51.000,51.000
896,52.000,52.000,51.000,50.000,52.000,51.000,52.000,53.000,52.000,52.000
897,48.000,50.000,50.000,52.000,49.000,51.000,50.000,50.000,49.000,50.000
898,52.000,50.000,80.000,91.000,52.000,50.000,49.000,49.000,51.000,52.000
899,56.000,68.000,28.000,19.000,86.000,56.000,58.000,56.000,75.000,54.000
900,47.000,35.000,48.000,43.000,20.000,46.000,49.000,48.000,28.000,49.000
901,48.000,49.000,48.000,55.000,46.000,49.000,46.000,56.000,47.000,47.000
902,51.000,52.000,51.000,46.000,50.000,52.000,51.000,44.000,51.000,51.000
903,43.000,43.000,44.000,43.000,45.000,44.000,44.000,43.000,47.000,44.000
904,41.000,37.000,38.000,39.000,38.000,38.000,39.000,40.000,37.000,38.000
905,40.000,41.000,42.000,40.000,40.000,41.000,40.000,40.000,41.000,41.000
906,33.000,35.000,33.000,34.000,33.000,33.000,34.000,34.000,34.000,33.000
907,49.000,49.000,49.000,49.000,49.000,49.000,48.000,48.000,47.000,49.000
908,43.000,44.000,44.000,43.000,43.000,44.000,44.000,44.000,45.000,44.000
909,38.000,39.000,38.000,41.000,40.000,39.000,39.000,38.000,38.000,39.000
910,41.000,38.000,40.000,39.000,40.000,40.000,40.000,41.000,41.000,40.000
911,32.000,33.000,31.000,31.000,32.000,32.000,32.000,33.000,33.000,32.000
912,50.000,50.000,50.000,49.000,49.000,49.000,50.000,48.000,46.000,50.000
913,44.000,45.000,45.000,45.000,45.000,45.000,44.000,44.000,46.000,44.000
914,38.000,38.000,39.000,39.000,39.000,39.000,39.000,39.000,40.000,39.000
915,43.000,41.000,43.000,42.000,42.000,42.000,42.000,43.000,42.000,43.000
916,30.000,31.000,29.000,29.000,30.000,30.000,29.000,30.000,29.000,29.000
917,49.000,49.000,49.000,50.000,49.000,49.000,48.000,48.000,50.000,49.000
918,46.000,46.000,46.000,46.000,45.000,46.000,48.000,46.000,46.000,46.000
919,47.000,49.000,49.000,48.000,51.000,48.000,48.000,50.000,48.000,48.000
920,40.000,40.000,40.000,40.000,38.000,41.000,40.000,38.000,39.000,40.000
921,45.000,41.000,43.000,43.000,43.000,42.000,43.000,44.000,44.000,43.000
922,28.000,31.000,28.000,30.000,29.000,29.000,29.000,28.000,30.000,29.000
923,45.000,44.000,45.000,43.000,45.000,45.000,44.000,46.000,44.000,44.000
924,47.000,48.000,48.000,49.000,48.000,48.000,49.000,48.000,48.000,49.000
925,40.000,40.000,39.000,40.000,40.000,40.000,40.000,39.000,39.000,40.000
926,43.000,41.000,42.000,41.000,41.000,41.000,42.000,42.000,42.000,41.000
927,29.000,30.000,29.000,29.000,29.000,29.000,30.000,30.000,30.000,29.000
928,44.000,45.000,45.000,45.000,44.000,45.000,44.000,44.000,44.000,45.000
929,43.000,42.000,42.000,42.000,43.000,40.000,41.000,42.000,42.000,42.000
930,38.000,37.000,39.000,40.000,39.000,40.000,39.000,38.000,38.000,38.000
931,27.000,29.000,27.000,26.000,27.000,28.000,28.000,28.000,28.000,28.000
932,45.000,45.000,44.000,45.000,44.000,45.000,44.000,45.000,45.000,45.000
933,40.000,39.000,38.000,38.000,40.000,38.000,39.000,38.000,38.000,38.000
934,41.000,40.000,44.000,43.000,42.000,43.000,42.000,43.000,43.000,43.000
935,28.000,29.000,29.000,29.000,30.000,29.000,28.000,29.000,29.000,29.000
936,51.000,52.000,50.000,51.000,50.000,51.000,50.000,51.000,49.000,50.000
937,51.000,51.000,51.000,51.000,50.000,50.000,51.000,50.000,51.000,51.000
938,46.000,46.000,45.000,45.000,45.000,46.000,47.000,45.000,46.000,45.000
939,36.000,36.000,37.000,36.000,37.000,35.000,36.000,36.000,36.000,37.000
940,45.000,43.000,45.000,45.000,45.000,46.000,46.000,45.000,45.000,45.000
941,30.000,31.000,30.000,30.000,30.000,29.000,29.000,30.000,30.000,29.000
942,48.000,48.000,47.000,45.000,47.000,48.000,49.000,48.000,48.000,49.000
943,46.000,46.000,76.000,49.000,46.000,46.000,45.000,47.000,46.000,46.000
944,46.000,45.000,15.000,46.000,47.000,55.000,46.000,45.000,46.000,46.000
945,60.000,59.000,60.000,58.000,59.000,50.000,64.000,69.000,61.000,86.000
946,40.000,42.000,42.000,42.000,41.000,40.000,36.000,31.000,40.000,25.000
947,43.000,43.000,42.000,52.000,43.000,44.000,42.000,43.000,43.000,30.000
948,45.000,43.000,46.000,35.000,44.000,45.000,45.000,45.000,44.000,46.000
949,28.000,30.000,28.000,27.000,29.000,28.000,29.000,28.000,28.000,29.000
950,44.000,45.000,45.000,46.000,46.000,45.000,44.000,45.000,45.000,44.000
951,39.000,38.000,38.000,38.000,36.000,38.000,38.000,38.000,38.000,40.000
952,44.000,43.000,44.000,44.000,44.000,44.000,45.000,44.000,44.000,42.000
953,52.000,51.000,51.000,52.000,52.000,52.000,51.000,52.000,52.000,52.000
954,50.000,51.000,51.000,51.000,51.000,51.000,51.000,50.000,51.000,51.000
955,53.000,52.000,54.000,52.000,52.000,52.000,52.000,53.000,52.000,52.000
956,51.000,51.000,50.000,52.000,51.000,51.000,51.000,51.000,51.000,51.000
957,51.000,51.000,52.000,51.000,51.000,51.000,52.000,51.000,52.000,52.000
958,50.000,51.000,49.000,50.000,52.000,51.000,51.000,52.000,50.000,50.000
959,53.000,51.000,52.000,51.000,50.000,52.000,51.000,51.000,51.000,53.000
960,51.000,52.000,51.000,52.000,52.000,51.000,51.000,52.000,52.000,50.000
961,52.000,51.000,52.000,52.000,52.000,53.000,53.000,51.000,52.000,51.000
962,50.000,51.000,53.000,50.000,51.000,49.000,51.000,51.000,52.000,53.000
963,52.000,52.000,50.000,52.000,51.000,52.000,50.000,50.000,50.000,50.000
964,50.000,51.000,51.000,51.000,51.000,51.000,51.000,51.000,50.000,51.000
965,51.000,50.000,49.000,50.000,51.000,50.000,51.000,51.000,51.000,50.000
966,51.000,51.000,53.000,51.000,51.000,51.000,50.000,51.000,51.000,52.000
967,53.000,52.000,52.000,53.000,51.000,54.000,53.000,52.000,53.000,52.000
968,51.000,51.000,50.000,50.000,52.000,51.000,51.000,52.000,51.000,51.000
969,51.000,52.000,52.000,51.000,52.000,51.000,51.000,50.000,51.000,51.000
970,52.000,53.000,52.000,53.000,52.000,51.000,52.000,53.000,53.000,51.000
971,53.000,50.000,51.000,51.000,50.000,50.000,52.000,50.000,50.000,52.000
972,50.000,52.000,51.000,52.000,52.000,53.000,52.000,55.000,52.000,52.000
973,51.000,54.000,51.000,52.000,52.000,52.000,51.000,49.000,51.000,50.000
974,51.000,49.000,49.000,50.000,49.000,49.000,50.000,51.000,52.000,53.000
975,51.000,51.000,53.000,52.000,52.000,51.000,50.000,51.000,50.000,48.000
976,50.000,52.000,52.000,50.000,51.000,52.000,52.000,52.000,50.000,50.000
977,52.000,49.000,50.000,51.000,51.000,51.000,51.000,50.000,52.000,52.000
978,51.000,53.000,51.000,52.000,52.000,51.000,52.000,51.000,51.000,52.000
979,51.000,50.000,49.000,50.000,50.000,51.000,51.000,50.000,51.000,50.000
980,51.000,52.000,53.000,51.000,51.000,51.000,50.000,52.000,51.000,51.000
981,50.000,50.000,48.000,50.000,50.000,50.000,51.000,50.000,50.000,53.000
982,51.000,52.000,53.000,52.000,52.000,51.000,50.000,51.000,51.000,51.000
983,51.000,49.000,82.000,50.000,51.000,51.000,51.000,51.000,51.000,49.000
984,54.000,53.000,25.000,56.000,52.000,82.000,54.000,53.000,54.000,53.000
985,51.000,77.000,49.000,50.000,61.000,24.000,51.000,52.000,51.000,52.000
986,51.000,28.000,51.000,50.000,45.000,51.000,52.000,65.000,50.000,52.000
987,52.000,49.000,51.000,50.000,47.000,49.000,50.000,36.000,51.000,63.000
988,52.000,53.000,53.000,54.000,54.000,54.000,53.000,72.000,54.000,41.000
989,49.000,50.000,51.000,50.000,52.000,49.000,51.000,32.000,50.000,50.000
990,51.000,50.000,51.000,52.000,49.000,51.000,51.000,54.000,50.000,51.000
991,52.000,52.000,51.000,50.000,51.000,52.000,52.000,48.000,52.000,51.000
992,50.000,50.000,51.000,51.000,51.000,53.000,49.000,51.000,51.000,51.000
993,53.000,53.000,53.000,52.000,52.000,50.000,52.000,52.000,52.000,51.000
994,50.000,52.000,50.000,52.000,52.000,51.000,51.000,50.000,51.000,51.000
995,50.000,47.000,50.000,49.000,49.000,49.000,51.000,49.000,49.000,51.000
996,52.000,50.000,51.000,50.000,51.000,53.000,50.000,50.000,52.000,52.000
997,51.000,53.000,52.000,51.000,53.000,50.000,52.000,54.000,51.000,51.000
998,53.000,51.000,49.000,53.000,49.000,51.000,50.000,52.000,51.000,54.000
999,49.000,51.000,54.000,52.000,52.000,52.000,52.000,51.000,49.000,50.000
1000,54.000,55.000,50.000,51.000,54.000,52.000,51.000,52.000,55.000,50.000
1001,48.000,47.000,52.000,50.000,45.000,48.000,50.000,,47.000,48.000
1002,53.000,53.000,50.000,52.000,55.000,53.000,54.000,,56.000,55.000
1003,50.000,51.000,52.000,50.000,50.000,49.000,52.000,,49.000,50.000
1004,51.000,50.000,50.000,51.000,51.000,53.000,47.000,,51.000,51.000
1005,51.000,52.000,51.000,51.000,51.000,50.000,53.000,,51.000,51.000
1006,52.000,53.000,52.000,52.000,52.000,52.000,52.000,,52.000,51.000
1007,50.000,49.000,50.000,50.000,51.000,51.000,50.000,,49.000,50.000
1008,51.000,53.000,51.000,50.000,51.000,51.000,51.000,,52.000,52.000
1009,51.000,49.000,51.000,53.000,51.000,51.000,50.000,,51.000,50.000
1010,51.000,52.000,51.000,50.000,50.000,50.000,52.000,,50.000,53.000
1011,53.000,51.000,52.000,53.000,52.000,53.000,51.000,,53.000,50.000
1012,49.000,49.000,48.000,48.000,50.000,50.000,51.000,,50.000,51.000
1013,51.000,53.000,53.000,52.000,52.000,53.000,51.000,,52.000,52.000
1014,51.000,51.000,50.000,52.000,52.000,50.000,52.000,,50.000,49.000
1015,49.000,52.000,50.000,51.000,50.000,50.000,51.000,,49.000,49.000
1016,53.000,50.000,51.000,50.000,50.000,51.000,50.000,,53.000,55.000
1017,52.000,50.000,51.000,51.000,51.000,51.000,51.000,,49.000,49.000
1018,50.000,52.000,51.000,52.000,52.000,52.000,51.000,,53.000,52.000
1019,53.000,54.000,54.000,53.000,53.000,53.000,52.000,,53.000,52.000
1020,52.000,49.000,51.000,49.000,49.000,49.000,51.000,,50.000,50.000
1021,49.000,51.000,49.000,51.000,51.000,50.000,50.000,,50.000,52.000
1022,51.000,51.000,89.000,52.000,51.000,52.000,52.000,,52.000,50.000
1023,52.000,52.000,20.000,51.000,52.000,52.000,51.000,,52.000,51.000
1024,50.000,50.000,46.000,50.000,50.000,50.000,64.000,,52.000,52.000
1025,50.000,52.000,51.000,51.000,51.000,52.000,38.000,,53.000,49.000
1026,57.000,54.000,60.000,55.000,56.000,54.000,60.000,,69.000,55.000
1027,48.000,48.000,43.000,49.000,48.000,49.000,42.000,,31.000,50.000
1028,50.000,52.000,51.000,51.000,51.000,51.000,51.000,,54.000,66.000
1029,51.000,54.000,54.000,51.000,51.000,51.000,55.000,,48.000,36.000
1030,51.000,55.000,49.000,51.000,51.000,95.000,48.000,,51.000,52.000
1031,50.000,46.000,51.000,51.000,51.000,24.000,53.000,,60.000,52.000
1032,52.000,51.000,52.000,52.000,52.000,35.000,51.000,,42.000,52.000
1033,51.000,48.000,48.000,50.000,50.000,54.000,50.000,,51.000,49.000
1034,52.000,53.000,54.000,51.000,52.000,46.000,51.000,,52.000,48.000
1035,50.000,51.000,52.000,51.000,51.000,53.000,51.000,,50.000,52.000
1036,52.000,50.000,49.000,52.000,50.000,48.000,51.000,,52.000,53.000
1037,52.000,53.000,52.000,52.000,53.000,56.000,53.000,,52.000,54.000
1038,50.000,50.000,48.000,50.000,50.000,49.000,50.000,,50.000,49.000
1039,51.000,51.000,53.000,51.000,52.000,53.000,50.000,,52.000,51.000
1040,51.000,52.000,50.000,51.000,50.000,49.000,52.000,,49.000,51.000
1041,50.000,51.000,54.000,51.000,51.000,52.000,51.000,,52.000,52.000
1042,51.000,51.000,51.000,52.000,52.000,53.000,51.000,,52.000,52.000
1043,54.000,52.000,54.000,52.000,52.000,50.000,52.000,,52.000,51.000
1044,50.000,51.000,47.000,50.000,50.000,52.000,51.000,,51.000,51.000
1045,53.000,52.000,53.000,51.000,51.000,51.000,51.000,,52.000,50.000
1046,50.000,50.000,50.000,52.000,52.000,50.000,52.000,,50.000,51.000
1047,53.000,51.000,52.000,52.000,52.000,51.000,51.000,,52.000,52.000
1048,50.000,51.000,51.000,50.000,50.000,52.000,51.000,,49.000,51.000
1049,50.000,51.000,51.000,51.000,51.000,51.000,51.000,,51.000,49.000
1050,52.000,51.000,51.000,52.000,52.000,51.000,52.000,,52.000,53.000
1051,52.000,51.000,51.000,51.000,52.000,48.000,51.000,,51.000,54.000
1052,50.000,49.000,51.000,49.000,48.000,58.000,51.000,,50.000,45.000
1053,53.000,51.000,50.000,53.000,53.000,47.000,52.000,,51.000,51.000
1054,50.000,50.000,52.000,52.000,50.000,51.000,52.000,,50.000,53.000
1055,51.000,54.000,52.000,50.000,53.000,52.000,50.000,,55.000,52.000
1056,51.000,51.000,51.000,51.000,51.000,51.000,49.000,,50.000,49.000
1057,49.000,51.000,48.000,50.000,49.000,71.000,51.000,,49.000,52.000
1058,53.000,49.000,54.000,55.000,52.000,30.000,51.000,,52.000,52.000
1059,48.000,76.000,47.000,47.000,50.000,56.000,52.000,,53.000,51.000
1060,53.000,30.000,54.000,53.000,61.000,48.000,52.000,,50.000,52.000
1061,57.000,49.000,51.000,48.000,41.000,48.000,69.000,,49.000,49.000
1062,45.000,55.000,89.000,52.000,51.000,50.000,30.000,,52.000,51.000
1063,49.000,46.000,18.000,50.000,50.000,51.000,60.000,,49.000,50.000
1064,52.000,51.000,46.000,51.000,51.000,51.000,42.000,,52.000,52.000
1065,51.000,50.000,50.000,51.000,52.000,52.000,50.000,,51.000,51.000
1066,50.000,52.000,51.000,50.000,50.000,50.000,52.000,,50.000,50.000
1067,52.000,50.000,50.000,52.000,51.000,51.000,50.000,,52.000,51.000
1068,50.000,52.000,52.000,51.000,51.000,51.000,51.000,,50.000,50.000
1069,52.000,51.000,52.000,51.000,51.000,51.000,51.000,,52.000,53.000
1070,52.000,52.000,51.000,53.000,53.000,51.000,53.000,,52.000,51.000
1071,49.000,50.000,51.000,49.000,49.000,52.000,50.000,,50.000,51.000
1072,52.000,51.000,51.000,51.000,51.000,51.000,50.000,,52.000,51.000
1073,51.000,52.000,50.000,52.000,52.000,51.000,52.000,,51.000,52.000
1074,53.000,52.000,52.000,52.000,52.000,51.000,52.000,,52.000,50.000
1075,50.000,50.000,51.000,51.000,51.000,51.000,51.000,,50.000,52.000
1076,51.000,51.000,50.000,50.000,50.000,51.000,50.000,,51.000,50.000
1077,50.000,51.000,51.000,51.000,51.000,51.000,51.000,,51.000,52.000
1078,52.000,52.000,52.000,53.000,53.000,52.000,51.000,,50.000,51.000
1079,52.000,50.000,51.000,50.000,50.000,50.000,52.000,,53.000,53.000
1080,51.000,52.000,53.000,52.000,52.000,53.000,52.000,,51.000,49.000
1081,51.000,50.000,50.000,51.000,51.000,50.000,52.000,,52.000,51.000
1082,52.000,54.000,51.000,50.000,49.000,51.000,50.000,,49.000,56.000
1083,50.000,48.000,51.000,51.000,54.000,51.000,50.000,,52.000,48.000
1084,51.000,54.000,50.000,52.000,50.000,52.000,52.000,,51.000,49.000
1085,51.000,49.000,52.000,51.000,50.000,51.000,50.000,,51.000,51.000
1086,52.000,52.000,52.000,51.000,54.000,51.000,52.000,,52.000,52.000
1087,49.000,50.000,49.000,50.000,48.000,51.000,50.000,,50.000,51.000
1088,52.000,51.000,52.000,51.000,51.000,51.000,52.000,,51.000,51.000
1089,52.000,52.000,55.000,52.000,52.000,50.000,51.000,,52.000,53.000
1090,50.000,51.000,46.000,54.000,50.000,51.000,51.000,,51.000,49.000
1091,51.000,48.000,52.000,47.000,51.000,51.000,51.000,,50.000,49.000
1092,51.000,52.000,50.000,50.000,51.000,51.000,50.000,,52.000,49.000
1093,51.000,50.000,51.000,54.000,51.000,52.000,51.000,,50.000,54.000
1094,52.000,54.000,53.000,50.000,52.000,51.000,52.000,,52.000,52.000
1095,49.000,51.000,51.000,50.000,50.000,50.000,50.000,,51.000,50.000
1096,53.000,51.000,51.000,52.000,52.000,52.000,52.000,,51.000,53.000
1097,50.000,50.000,50.000,50.000,50.000,50.000,50.000,,50.000,50.000
1098,51.000,51.000,78.000,52.000,51.000,50.000,51.000,,51.000,51.000
1099,50.000,50.000,23.000,49.000,50.000,51.000,50.000,,50.000,50.000
1100,49.000,48.000,49.000,50.000,50.000,49.000,51.000,,49.000,48.000
1101,82.000,73.000,69.000,72.000,69.000,69.000,68.000,,93.000,70.000
1102,27.000,36.000,39.000,37.000,39.000,40.000,68.000,,20.000,39.000
1103,45.000,61.000,46.000,45.000,46.000,44.000,20.000,,42.000,45.000
1104,47.000,32.000,47.000,46.000,46.000,48.000,43.000,,45.000,47.000
1105,45.000,45.000,45.000,45.000,46.000,45.000,44.000,,46.000,45.000
1106,32.000,30.000,32.000,32.000,32.000,32.000,34.000,,32.000,32.000
1107,32.000,35.000,33.000,34.000,34.000,33.000,34.000,,33.000,34.000
1108,49.000,48.000,48.000,47.000,48.000,49.000,47.000,,48.000,46.000
1109,47.000,47.000,47.000,49.000,46.000,46.000,47.000,,46.000,49.000
1110,45.000,45.000,45.000,43.000,44.000,45.000,44.000,,46.000,44.000
1111,30.000,29.000,30.000,31.000,31.000,30.000,31.000,,30.000,30.000
1112,37.000,38.000,37.000,35.000,38.000,37.000,38.000,,37.000,37.000
1113,45.000,45.000,45.000,47.000,46.000,45.000,44.000,,45.000,44.000
1114,48.000,48.000,48.000,48.000,46.000,49.000,48.000,,47.000,50.000
1115,45.000,45.000,45.000,44.000,44.000,45.000,44.000,,47.000,45.000
1116,30.000,31.000,31.000,32.000,32.000,30.000,32.000,,30.000,31.000
1117,35.000,35.000,34.000,35.000,34.000,36.000,35.000,,35.000,33.000
1118,46.000,45.000,46.000,44.000,45.000,45.000,45.000,,45.000,45.000
1119,50.000,50.000,50.000,50.000,50.000,49.000,50.000,,49.000,50.000
1120,52.000,51.000,51.000,51.000,51.000,51.000,50.000,,50.000,51.000
1121,50.000,51.000,50.000,51.000,51.000,51.000,51.000,,51.000,51.000
1122,51.000,51.000,52.000,52.000,52.000,51.000,52.000,,52.000,52.000
1123,52.000,51.000,51.000,51.000,51.000,52.000,51.000,,51.000,52.000
1124,50.000,52.000,51.000,51.000,51.000,50.000,51.000,,51.000,51.000
1125,52.000,51.000,51.000,51.000,51.000,52.000,51.000,,51.000,51.000
1126,50.000,51.000,51.000,51.000,51.000,51.000,51.000,,53.000,50.000
1127,52.000,51.000,52.000,52.000,52.000,52.000,52.000,,51.000,51.000
1128,51.000,51.000,51.000,50.000,50.000,50.000,51.000,,52.000,51.000
1129,52.000,51.000,51.000,52.000,53.000,51.000,51.000,,49.000,52.000
1130,50.000,51.000,52.000,51.000,50.000,51.000,51.000,,52.000,50.000
1131,51.000,50.000,49.000,51.000,50.000,50.000,51.000,,51.000,53.000
1132,51.000,50.000,50.000,49.000,51.000,52.000,50.000,,51.000,48.000
1133,52.000,54.000,54.000,53.000,52.000,52.000,53.000,,51.000,53.000
1134,52.000,52.000,52.000,52.000,53.000,51.000,52.000,,53.000,52.000
1135,51.000,50.000,51.000,51.000,51.000,52.000,51.000,,50.000,50.000
1136,51.000,52.000,50.000,52.000,51.000,51.000,51.000,,51.000,53.000
1137,51.000,51.000,50.000,50.000,51.000,50.000,50.000,,50.000,50.000
1138,51.000,50.000,51.000,51.000,51.000,51.000,52.000,,51.000,52.000
1139,52.000,79.000,52.000,51.000,50.000,52.000,51.000,,51.000,51.000
1140,49.000,24.000,51.000,51.000,51.000,49.000,50.000,,53.000,70.000
1141,57.000,56.000,57.000,56.000,80.000,106.000,71.000,,91.000,37.000
1142,50.000,50.000,59.000,50.000,27.000,19.000,35.000,,25.000,50.000
1143,48.000,49.000,38.000,48.000,47.000,31.000,54.000,,36.000,47.000
1144,41.000,40.000,42.000,41.000,42.000,42.000,34.000,,44.000,43.000
1145,44.000,42.000,45.000,43.000,43.000,42.000,46.000,,43.000,44.000
1146,41.000,43.000,39.000,41.000,40.000,42.000,40.000,,41.000,40.000
1147,29.000,27.000,28.000,30.000,30.000,30.000,29.000,,31.000,30.000
1148,49.000,50.000,50.000,49.000,50.000,47.000,49.000,,46.000,48.000
1149,41.000,41.000,40.000,41.000,40.000,41.000,40.000,,42.000,41.000
1150,45.000,44.000,45.000,44.000,44.000,44.000,46.000,,44.000,44.000
1151,40.000,41.000,42.000,41.000,40.000,41.000,42.000,,41.000,41.000
1152,30.000,30.000,29.000,32.000,32.000,30.000,31.000,,30.000,31.000
1153,47.000,47.000,47.000,45.000,46.000,48.000,45.000,,47.000,45.000
1154,44.000,43.000,43.000,43.000,43.000,42.000,41.000,,43.000,44.000
1155,41.000,41.000,43.000,42.000,42.000,43.000,42.000,,42.000,42.000
1156,42.000,43.000,42.000,42.000,41.000,41.000,43.000,,43.000,43.000
1157,29.000,29.000,30.000,31.000,30.000,30.000,31.000,,29.000,30.000
1158,50.000,51.000,49.000,48.000,50.000,49.000,48.000,,47.000,47.000
1159,42.000,41.000,42.000,42.000,43.000,43.000,42.000,,44.000,44.000
1160,42.000,41.000,41.000,42.000,41.000,41.000,42.000,,42.000,42.000
1161,43.000,44.000,45.000,44.000,42.000,44.000,44.000,,43.000,42.000
1162,29.000,28.000,27.000,27.000,30.000,27.000,28.000,,28.000,29.000
1163,47.000,48.000,48.000,48.000,46.000,49.000,48.000,,47.000,49.000
1164,42.000,42.000,42.000,42.000,44.000,41.000,40.000,,43.000,40.000
1165,44.000,43.000,43.000,44.000,43.000,44.000,45.000,,44.000,44.000
1166,42.000,43.000,43.000,42.000,45.000,43.000,43.000,,43.000,42.000
1167,29.000,28.000,28.000,28.000,26.000,27.000,28.000,,28.000,30.000
1168,49.000,50.000,50.000,50.000,49.000,51.000,49.000,,47.000,48.000
1169,51.000,52.000,51.000,50.000,51.000,50.000,51.000,,52.000,50.000
1170,50.000,51.000,50.000,52.000,51.000,50.000,50.000,,50.000,52.000
1171,42.000,41.000,43.000,42.000,43.000,42.000,41.000,,43.000,41.000
1172,44.000,43.000,44.000,44.000,43.000,45.000,47.000,,46.000,45.000
1173,43.000,43.000,42.000,42.000,41.000,43.000,42.000,,41.000,42.000
1174,28.000,27.000,28.000,28.000,30.000,28.000,28.000,,28.000,29.000
1175,48.000,49.000,47.000,50.000,47.000,47.000,47.000,,48.000,50.000
1176,41.000,43.000,42.000,40.000,42.000,42.000,41.000,,42.000,39.000
1177,46.000,43.000,45.000,45.000,45.000,45.000,46.000,,44.000,45.000
1178,43.000,45.000,44.000,43.000,42.000,44.000,43.000,,43.000,43.000
1179,25.000,25.000,23.000,27.000,28.000,24.000,26.000,,25.000,25.000
1180,49.000,50.000,51.000,47.000,48.000,51.000,49.000,,51.000,48.000
1181,51.000,50.000,51.000,51.000,51.000,50.000,51.000,,50.000,50.000
1182,43.000,44.000,43.000,43.000,42.000,43.000,41.000,,43.000,45.000
1183,44.000,40.000,43.000,44.000,44.000,43.000,45.000,,45.000,43.000
1184,44.000,47.000,45.000,45.000,43.000,45.000,45.000,,42.000,46.000
1185,27.000,26.000,27.000,27.000,29.000,27.000,27.000,,28.000,28.000
1186,49.000,49.000,48.000,48.000,48.000,49.000,48.000,,47.000,45.000
1187,53.000,52.000,52.000,52.000,52.000,52.000,52.000,,54.000,52.000
1188,50.000,51.000,51.000,51.000,51.000,50.000,52.000,,49.000,53.000
1189,51.000,51.000,50.000,51.000,51.000,51.000,49.000,,50.000,50.000
1190,52.000,51.000,52.000,51.000,51.000,51.000,52.000,,51.000,52.000
1191,49.000,51.000,51.000,51.000,51.000,52.000,51.000,,52.000,50.000
1192,52.000,51.000,52.000,51.000,51.000,51.000,52.000,,52.000,52.000
1193,53.000,53.000,52.000,88.000,53.000,53.000,52.000,,56.000,53.000
1194,52.000,53.000,55.000,20.000,52.000,50.000,52.000,,198.000,57.000
1195,47.000,47.000,44.000,46.000,48.000,49.000,48.000,,11.000,42.000
1196,54.000,53.000,54.000,83.000,77.000,53.000,53.000,,32.000,53.000
1197,52.000,50.000,52.000,21.000,25.000,53.000,51.000,,11.000,51.000
1198,49.000,52.000,48.000,49.000,51.000,48.000,63.000,,8.000,51.000
1199,51.000,51.000,52.000,52.000,53.000,52.000,38.000,,44.000,51.000
1200,52.000,52.000,52.000,51.000,71.000,50.000,53.000,,50.000,52.000
1201,54.000,54.000,54.000,54.000,34.000,70.000,59.000,,55.000,52.000
1202,49.000,49.000,49.000,55.000,49.000,34.000,41.000,,49.000,52.000
1203,51.000,50.000,50.000,45.000,56.000,51.000,54.000,,50.000,51.000
1204,50.000,51.000,52.000,51.000,46.000,51.000,50.000,,53.000,51.000
1205,51.000,53.000,51.000,52.000,49.000,51.000,52.000,,51.000,50.000
1206,53.000,52.000,51.000,52.000,55.000,51.000,51.000,,51.000,53.000
1207,49.000,48.000,51.000,49.000,49.000,55.000,50.000,,51.000,50.000
1208,52.000,53.000,52.000,52.000,51.000,47.000,52.000,,49.000,51.000
1209,51.000,51.000,51.000,50.000,52.000,52.000,51.000,,53.000,51.000
1210,52.000,51.000,55.000,53.000,52.000,53.000,52.000,,52.000,53.000
1211,52.000,52.000,49.000,51.000,51.000,51.000,52.000,,52.000,50.000
1212,51.000,51.000,51.000,51.000,55.000,54.000,54.000,,50.000,52.000
1213,50.000,51.000,50.000,51.000,51.000,49.000,47.000,,49.000,52.000
1214,52.000,53.000,51.000,51.000,49.000,50.000,52.000,,54.000,50.000
1215,51.000,50.000,52.000,51.000,50.000,51.000,51.000,,53.000,49.000
1216,50.000,47.000,51.000,50.000,52.000,51.000,49.000,,45.000,52.000
1217,52.000,52.000,50.000,53.000,50.000,51.000,52.000,,55.000,56.000
1218,48.000,52.000,51.000,50.000,49.000,50.000,51.000,,48.000,46.000
1219,54.000,51.000,51.000,52.000,52.000,51.000,52.000,,51.000,49.000
1220,50.000,51.000,50.000,50.000,51.000,52.000,50.000,,52.000,53.000
1221,52.000,52.000,58.000,54.000,53.000,67.000,53.000,,54.000,53.000
1222,49.000,48.000,44.000,45.000,61.000,32.000,49.000,,47.000,46.000
1223,52.000,54.000,52.000,54.000,39.000,54.000,51.000,,68.000,72.000
1224,48.000,47.000,48.000,48.000,48.000,48.000,57.000,,31.000,30.000
1225,45.000,47.000,45.000,45.000,46.000,46.000,37.000,,48.000,46.000
1226,34.000,33.000,33.000,34.000,32.000,33.000,37.000,,33.000,32.000
1227,41.000,40.000,41.000,40.000,41.000,40.000,36.000,,41.000,39.000
1228,37.000,36.000,36.000,37.000,36.000,36.000,37.000,,36.000,39.000
1229,43.000,45.000,44.000,43.000,45.000,45.000,44.000,,44.000,44.000
1230,32.000,31.000,33.000,33.000,32.000,31.000,32.000,,31.000,31.000
1231,43.000,43.000,43.000,43.000,43.000,42.000,43.000,,43.000,43.000
1232,37.000,37.000,36.000,36.000,36.000,38.000,35.000,,37.000,37.000
1233,40.000,40.000,41.000,41.000,41.000,41.000,42.000,,40.000,40.000
1234,34.000,34.000,34.000,33.000,32.000,33.000,34.000,,34.000,34.000
1235,43.000,43.000,43.000,43.000,44.000,42.000,43.000,,43.000,42.000
1236,34.000,35.000,35.000,35.000,35.000,36.000,34.000,,36.000,36.000
1237,45.000,44.000,43.000,45.000,45.000,45.000,45.000,,44.000,45.000
1238,44.000,43.000,45.000,44.000,43.000,43.000,44.000,,43.000,43.000
1239,38.000,40.000,39.000,38.000,39.000,39.000,38.000,,39.000,39.000
1240,44.000,43.000,43.000,44.000,44.000,43.000,44.000,,44.000,42.000
1241,36.000,37.000,37.000,36.000,38.000,37.000,36.000,,36.000,38.000
1242,42.000,41.000,40.000,42.000,40.000,41.000,42.000,,42.000,41.000
1243,32.000,32.000,32.000,31.000,31.000,32.000,31.000,,31.000,32.000
1244,44.000,44.000,45.000,44.000,44.000,43.000,44.000,,44.000,43.000
1245,38.000,37.000,37.000,38.000,38.000,39.000,38.000,,36.000,39.000
1246,39.000,40.000,40.000,39.000,40.000,39.000,41.000,,41.000,39.000
1247,34.000,34.000,34.000,34.000,32.000,34.000,33.000,,34.000,34.000
1248,44.000,42.000,42.000,44.000,44.000,41.000,42.000,,42.000,42.000
1249,32.000,36.000,38.000,34.000,36.000,38.000,35.000,,35.000,36.000
1250,43.000,41.000,40.000,42.000,40.000,40.000,41.000,,42.000,42.000
1251,34.000,34.000,33.000,33.000,33.000,34.000,35.000,,34.000,33.000
1252,43.000,43.000,43.000,44.000,45.000,42.000,43.000,,44.000,42.000
1253,32.000,34.000,34.000,33.000,34.000,36.000,34.000,,33.000,35.000
1254,44.000,42.000,42.000,43.000,41.000,41.000,41.000,,43.000,41.000
1255,35.000,35.000,35.000,34.000,34.000,35.000,35.000,,34.000,35.000
1256,40.000,41.000,41.000,41.000,43.000,43.000,43.000,,43.000,41.000
1257,36.000,35.000,35.000,35.000,34.000,33.000,34.000,,33.000,36.000
1258,44.000,43.000,43.000,43.000,45.000,45.000,42.000,,43.000,44.000
1259,33.000,34.000,33.000,34.000,31.000,32.000,34.000,,34.000,33.000
1260,43.000,44.000,45.000,44.000,46.000,42.000,45.000,,45.000,44.000
1261,34.000,32.000,32.000,33.000,32.000,35.000,33.000,,32.000,33.000
1262,42.000,45.000,44.000,43.000,43.000,44.000,42.000,,44.000,43.000
1263,53.000,50.000,51.000,51.000,53.000,48.000,51.000,,50.000,51.000
1264,46.000,47.000,50.000,48.000,46.000,49.000,49.000,,48.000,52.000
1265,35.000,36.000,32.000,35.000,34.000,36.000,34.000,,34.000,31.000
1266,46.000,44.000,46.000,45.000,47.000,43.000,46.000,,46.000,44.000
1267,32.000,33.000,32.000,32.000,31.000,34.000,30.000,,30.000,33.000
1268,44.000,44.000,44.000,45.000,44.000,44.000,46.000,,47.000,44.000
1269,51.000,50.000,50.000,49.000,51.000,50.000,50.000,,49.000,50.000
1270,34.000,34.000,33.000,34.000,33.000,34.000,35.000,,34.000,34.000
1271,44.000,44.000,45.000,45.000,45.000,43.000,43.000,,44.000,44.000
1272,34.000,35.000,34.000,34.000,34.000,35.000,34.000,,35.000,35.000
1273,41.000,41.000,42.000,42.000,41.000,42.000,41.000,,41.000,41.000
1274,35.000,34.000,34.000,33.000,33.000,34.000,35.000,,35.000,34.000
1275,44.000,45.000,45.000,45.000,46.000,44.000,44.000,,44.000,44.000
1276,90.000,50.000,71.000,51.000,51.000,50.000,51.000,,50.000,50.000
1277,17.000,72.000,38.000,58.000,62.000,60.000,59.000,,78.000,60.000
1278,45.000,31.000,45.000,44.000,40.000,43.000,43.000,,25.000,42.000
1279,39.000,37.000,36.000,38.000,47.000,39.000,40.000,,37.000,40.000
1280,41.000,43.000,40.000,41.000,33.000,41.000,40.000,,42.000,41.000
1281,49.000,48.000,50.000,50.000,49.000,50.000,49.000,,49.000,49.000
1282,48.000,48.000,49.000,46.000,47.000,47.000,47.000,,48.000,48.000
1283,38.000,38.000,39.000,40.000,40.000,39.000,39.000,,39.000,39.000
1284,42.000,42.000,41.000,42.000,41.000,42.000,42.000,,42.000,43.000
1285,34.000,35.000,35.000,35.000,35.000,34.000,34.000,,38.000,35.000
1286,46.000,45.000,43.000,44.000,44.000,45.000,46.000,,41.000,44.000
1287,52.000,50.000,51.000,50.000,53.000,50.000,51.000,,53.000,52.000
1288,48.000,50.000,51.000,50.000,47.000,50.000,49.000,,47.000,47.000
1289,51.000,51.000,51.000,51.000,51.000,51.000,51.000,,51.000,51.000
1290,51.000,51.000,51.000,52.000,52.000,51.000,51.000,,51.000,52.000
1291,52.000,52.000,52.000,51.000,52.000,53.000,52.000,,53.000,52.000
1292,51.000,51.000,51.000,51.000,51.000,51.000,51.000,,50.000,51.000
1293,52.000,52.000,51.000,52.000,51.000,51.000,52.000,,53.000,51.000
1294,50.000,50.000,51.000,51.000,51.000,50.000,50.000,,50.000,50.000
1295,52.000,51.000,52.000,51.000,51.000,52.000,52.000,,52.000,52.000
1296,50.000,52.000,51.000,51.000,52.000,51.000,51.000,,50.000,51.000
1297,54.000,52.000,52.000,52.000,51.000,52.000,52.000,,53.000,51.000
1298,49.000,50.000,50.000,51.000,50.000,50.000,50.000,,49.000,51.000
1299,52.000,52.000,51.000,53.000,53.000,52.000,52.000,,52.000,52.000
1300,51.000,51.000,52.000,50.000,52.000,52.000,52.000,,52.000,51.000
1301,50.000,49.000,51.000,50.000,49.000,50.000,52.000,,50.000,51.000
1302,51.000,53.000,51.000,51.000,51.000,52.000,49.000,,51.000,53.000
1303,53.000,51.000,51.000,51.000,52.000,51.000,51.000,,52.000,50.000
1304,50.000,52.000,51.000,52.000,52.000,53.000,51.000,,51.000,51.000
1305,51.000,51.000,51.000,50.000,50.000,48.000,52.000,,50.000,51.000
1306,50.000,50.000,50.000,52.000,53.000,50.000,51.000,,51.000,51.000
1307,51.000,51.000,51.000,50.000,48.000,52.000,49.000,,52.000,49.000
1308,51.000,51.000,51.000,52.000,51.000,54.000,52.000,,51.000,52.000
1309,53.000,52.000,51.000,51.000,53.000,50.000,52.000,,51.000,52.000
1310,51.000,50.000,51.000,50.000,50.000,50.000,50.000,,51.000,49.000
1311,50.000,52.000,52.000,52.000,51.000,51.000,52.000,,51.000,53.000
1312,52.000,51.000,52.000,51.000,51.000,52.000,51.000,,52.000,51.000
1313,51.000,51.000,50.000,51.000,53.000,50.000,52.000,,50.000,51.000
1314,53.000,56.000,51.000,53.000,52.000,53.000,52.000,,54.000,55.000
1315,63.000,53.000,66.000,94.000,55.000,56.000,54.000,,54.000,53.000
1316,41.000,76.000,41.000,21.000,81.000,49.000,51.000,,50.000,50.000
1317,49.000,25.000,51.000,41.000,22.000,50.000,50.000,,50.000,50.000
1318,50.000,56.000,49.000,48.000,45.000,49.000,48.000,,50.000,49.000
1319,54.000,44.000,53.000,53.000,54.000,53.000,53.000,,52.000,54.000
1320,51.000,49.000,50.000,52.000,50.000,49.000,51.000,,52.000,49.000
1321,48.000,50.000,48.000,49.000,51.000,51.000,48.000,,50.000,50.000
1322,53.000,51.000,53.000,52.000,51.000,52.000,51.000,,52.000,51.000
1323,51.000,52.000,52.000,51.000,51.000,50.000,53.000,,51.000,53.000
1324,51.000,52.000,51.000,52.000,52.000,53.000,53.000,,50.000,50.000
1325,50.000,50.000,52.000,51.000,50.000,50.000,49.000,,51.000,52.000
1326,51.000,51.000,52.000,51.000,50.000,50.000,52.000,,53.000,53.000
1327,51.000,51.000,50.000,53.000,50.000,51.000,50.000,,51.000,50.000
1328,51.000,53.000,52.000,49.000,53.000,52.000,52.000,,50.000,51.000
1329,53.000,50.000,51.000,51.000,52.000,52.000,52.000,,51.000,50.000
1330,52.000,53.000,52.000,52.000,52.000,52.000,52.000,,52.000,53.000
1331,51.000,51.000,49.000,51.000,51.000,51.000,52.000,,51.000,51.000
1332,51.000,51.000,55.000,52.000,51.000,52.000,51.000,,51.000,50.000
1333,51.000,52.000,48.000,49.000,52.000,50.000,50.000,,51.000,52.000
1334,52.000,51.000,52.000,51.000,50.000,52.000,52.000,,51.000,52.000
1335,50.000,51.000,51.000,53.000,51.000,51.000,50.000,,51.000,50.000
1336,51.000,50.000,50.000,50.000,51.000,51.000,51.000,,51.000,51.000
1337,48.000,50.000,49.000,50.000,51.000,47.000,51.000,,51.000,50.000
1338,54.000,50.000,53.000,52.000,51.000,53.000,48.000,,51.000,50.000
1339,50.000,53.000,50.000,51.000,51.000,52.000,52.000,,52.000,53.000
1340,52.000,51.000,53.000,50.000,51.000,51.000,52.000,,50.000,50.000
1341,50.000,52.000,52.000,50.000,51.000,50.000,52.000,,52.000,52.000
1342,53.000,51.000,51.000,52.000,51.000,51.000,51.000,,50.000,51.000
1343,50.000,50.000,50.000,53.000,51.000,53.000,51.000,,52.000,51.000
1344,51.000,52.000,50.000,50.000,51.000,50.000,53.000,,50.000,51.000
1345,51.000,49.000,49.000,51.000,50.000,51.000,50.000,,50.000,50.000
1346,50.000,52.000,53.000,52.000,51.000,53.000,51.000,,52.000,54.000
1347,53.000,53.000,52.000,51.000,53.000,51.000,50.000,,52.000,50.000
1348,50.000,47.000,49.000,53.000,50.000,49.000,52.000,,46.000,50.000
1349,49.000,53.000,54.000,50.000,51.000,52.000,51.000,,60.000,53.000
1350,55.000,52.000,49.000,52.000,53.000,53.000,54.000,,48.000,50.000
1351,50.000,50.000,52.000,48.000,49.000,50.000,49.000,,50.000,51.000
1352,51.000,55.000,52.000,52.000,52.000,51.000,52.000,,54.000,51.000
1353,50.000,47.000,50.000,52.000,51.000,49.000,50.000,,47.000,50.000
1354,51.000,51.000,51.000,50.000,51.000,51.000,50.000,,51.000,51.000
1355,52.000,51.000,51.000,50.000,51.000,52.000,51.000,,52.000,51.000
1356,50.000,51.000,51.000,52.000,50.000,51.000,51.000,,51.000,51.000
1357,51.000,51.000,51.000,51.000,52.000,52.000,52.000,,51.000,52.000
1358,54.000,54.000,53.000,53.000,53.000,53.000,51.000,,52.000,53.000
1359,50.000,50.000,51.000,51.000,50.000,50.000,52.000,,52.000,50.000
1360,105.000,52.000,49.000,51.000,51.000,52.000,51.000,,70.000,51.000
1361,16.000,52.000,52.000,49.000,52.000,51.000,52.000,,32.000,51.000
1362,33.000,52.000,53.000,53.000,52.000,51.000,75.000,,52.000,54.000
1363,49.000,49.000,49.000,51.000,50.000,49.000,24.000,,50.000,48.000
1364,70.000,52.000,52.000,50.000,51.000,54.000,53.000,,51.000,51.000
1365,35.000,49.000,50.000,52.000,51.000,48.000,49.000,,50.000,51.000
1366,51.000,50.000,53.000,49.000,51.000,50.000,53.000,,52.000,51.000
1367,52.000,53.000,53.000,55.000,52.000,53.000,50.000,,52.000,52.000
1368,49.000,50.000,49.000,49.000,50.000,50.000,52.000,,49.000,51.000
1369,51.000,51.000,51.000,51.000,51.000,52.000,51.000,,52.000,51.000
1370,52.000,52.000,88.000,50.000,51.000,51.000,50.000,,59.000,51.000
1371,55.000,53.000,21.000,52.000,52.000,53.000,52.000,,43.000,52.000
1372,49.000,51.000,46.000,72.000,53.000,52.000,58.000,,52.000,53.000
1373,46.000,47.000,45.000,27.000,46.000,46.000,41.000,,48.000,46.000
1374,54.000,53.000,55.000,54.000,64.000,53.000,54.000,,54.000,54.000
1375,51.000,50.000,46.000,57.000,37.000,48.000,48.000,,47.000,47.000
1376,50.000,52.000,53.000,45.000,53.000,55.000,53.000,,53.000,53.000
1377,54.000,53.000,55.000,55.000,60.000,55.000,54.000,,56.000,60.000
1378,50.000,50.000,50.000,48.000,45.000,49.000,48.000,,48.000,45.000
1379,52.000,51.000,51.000,52.000,49.000,59.000,52.000,,52.000,49.000
1380,49.000,52.000,49.000,51.000,52.000,42.000,51.000,,50.000,51.000
1381,51.000,50.000,53.000,50.000,51.000,51.000,50.000,,52.000,52.000
1382,51.000,50.000,51.000,51.000,50.000,49.000,51.000,,50.000,50.000
1383,54.000,60.000,52.000,52.000,53.000,55.000,56.000,,52.000,54.000
1384,70.000,46.000,67.000,51.000,52.000,50.000,50.000,,50.000,51.000
1385,32.000,57.000,36.000,51.000,52.000,52.000,50.000,,53.000,51.000
1386,50.000,44.000,50.000,50.000,49.000,51.000,51.000,,48.000,81.000
1387,60.000,51.000,54.000,66.000,52.000,50.000,52.000,,52.000,20.000
1388,45.000,52.000,49.000,38.000,51.000,51.000,51.000,,53.000,52.000
1389,46.000,48.000,49.000,47.000,49.000,51.000,55.000,,53.000,50.000
1390,52.000,51.000,52.000,51.000,51.000,52.000,46.000,,47.000,50.000
1391,50.000,51.000,50.000,51.000,51.000,48.000,49.000,,51.000,50.000
1392,53.000,52.000,52.000,52.000,53.000,53.000,52.000,,53.000,52.000
1393,50.000,51.000,50.000,50.000,49.000,51.000,51.000,,48.000,50.000
1394,51.000,51.000,52.000,52.000,51.000,50.000,51.000,,53.000,52.000
1395,50.000,51.000,50.000,50.000,51.000,51.000,51.000,,49.000,51.000
1396,53.000,51.000,54.000,52.000,52.000,53.000,52.000,,53.000,52.000
1397,51.000,53.000,50.000,52.000,51.000,50.000,51.000,,50.000,51.000
1398,49.000,47.000,49.000,49.000,49.000,49.000,50.000,,50.000,49.000
1399,51.000,53.000,51.000,52.000,56.000,52.000,52.000,,52.000,52.000
1400,52.000,51.000,52.000,51.000,48.000,52.000,50.000,,51.000,52.000
1401,51.000,51.000,51.000,51.000,51.000,50.000,51.000,,51.000,50.000
1402,53.000,54.000,53.000,54.000,52.000,53.000,52.000,,55.000,53.000
1403,49.000,48.000,48.000,48.000,49.000,49.000,51.000,,47.000,49.000
1404,53.000,52.000,53.000,52.000,53.000,52.000,50.000,,51.000,52.000
1405,50.000,52.000,50.000,51.000,50.000,51.000,51.000,,52.000,51.000
1406,50.000,49.000,51.000,50.000,50.000,51.000,52.000,,50.000,50.000
1407,52.000,51.000,52.000,52.000,52.000,51.000,50.000,,52.000,52.000
1408,53.000,55.000,53.000,53.000,53.000,54.000,53.000,,53.000,53.000
1409,49.000,49.000,49.000,49.000,50.000,48.000,51.000,,49.000,49.000
1410,51.000,51.000,51.000,51.000,51.000,53.000,50.000,,51.000,53.000
1411,53.000,51.000,51.000,51.000,52.000,50.000,51.000,,53.000,50.000
1412,49.000,51.000,51.000,50.000,50.000,52.000,53.000,,51.000,50.000
1413,52.000,51.000,51.000,52.000,52.000,51.000,49.000,,51.000,52.000
1414,50.000,55.000,52.000,51.000,50.000,50.000,52.000,,50.000,51.000
1415,54.000,49.000,51.000,52.000,52.000,52.000,52.000,,52.000,52.000
1416,50.000,50.000,51.000,51.000,51.000,51.000,51.000,,53.000,51.000
1417,50.000,50.000,51.000,50.000,51.000,51.000,52.000,,49.000,51.000
1418,52.000,53.000,51.000,52.000,51.000,51.000,50.000,,51.000,51.000
1419,50.000,48.000,50.000,51.000,50.000,47.000,50.000,,49.000,49.000
1420,53.000,55.000,54.000,57.000,55.000,56.000,54.000,,56.000,54.000
1421,50.000,48.000,50.000,46.000,49.000,48.000,50.000,,48.000,49.000
1422,50.000,48.000,50.000,51.000,51.000,51.000,49.000,,49.000,49.000
1423,50.000,54.000,51.000,51.000,50.000,52.000,53.000,,53.000,52.000
1424,53.000,53.000,53.000,54.000,53.000,52.000,52.000,,52.000,53.000
1425,50.000,50.000,49.000,50.000,49.000,52.000,48.000,,50.000,50.000
1426,51.000,51.000,52.000,50.000,51.000,49.000,52.000,,52.000,51.000
1427,53.000,53.000,54.000,52.000,53.000,52.000,53.000,,51.000,53.000
1428,51.000,47.000,49.000,50.000,49.000,51.000,51.000,,53.000,51.000
1429,49.000,52.000,49.000,50.000,51.000,50.000,50.000,,48.000,49.000
1430,51.000,51.000,51.000,50.000,51.000,91.000,51.000,,50.000,51.000
1431,55.000,90.000,56.000,56.000,54.000,16.000,85.000,,55.000,84.000
1432,50.000,20.000,48.000,51.000,52.000,51.000,22.000,,54.000,26.000
1433,55.000,50.000,56.000,57.000,54.000,65.000,56.000,,50.000,50.000
1434,46.000,45.000,46.000,43.000,45.000,34.000,42.000,,56.000,46.000
1435,50.000,51.000,50.000,48.000,49.000,50.000,49.000,,41.000,50.000
1436,49.000,49.000,49.000,50.000,49.000,49.000,50.000,,49.000,49.000
1437,52.000,53.000,53.000,53.000,52.000,52.000,52.000,,53.000,52.000
1438,52.000,51.000,50.000,50.000,51.000,52.000,50.000,,51.000,52.000
1439,51.000,52.000,53.000,52.000,51.000,51.000,52.000,,50.000,51.000
1440,50.000,49.000,49.000,51.000,53.000,50.000,50.000,,51.000,50.000
1441,51.000,51.000,50.000,51.000,48.000,50.000,51.000,,50.000,50.000
1442,49.000,50.000,50.000,50.000,50.000,50.000,50.000,,50.000,51.000
1443,52.000,51.000,52.000,51.000,52.000,52.000,52.000,,52.000,51.000
1444,52.000,52.000,52.000,51.000,52.000,52.000,52.000,,52.000,52.000
1445,51.000,51.000,51.000,51.000,50.000,51.000,51.000,,50.000,51.000
1446,52.000,52.000,52.000,52.000,53.000,52.000,51.000,,53.000,52.000
1447,51.000,52.000,51.000,50.000,50.000,51.000,52.000,,51.000,52.000
1448,51.000,51.000,51.000,52.000,52.000,51.000,51.000,,52.000,51.000
1449,51.000,50.000,52.000,51.000,51.000,51.000,51.000,,51.000,51.000
1450,51.000,51.000,48.000,51.000,50.000,52.000,49.000,,50.000,48.000
1451,50.000,51.000,54.000,50.000,51.000,51.000,53.000,,51.000,53.000
1452,51.000,52.000,50.000,52.000,53.000,56.000,51.000,,51.000,52.000
1453,54.000,52.000,52.000,52.000,52.000,47.000,52.000,,53.000,52.000
1454,51.000,50.000,52.000,51.000,50.000,50.000,50.000,,51.000,51.000
1455,51.000,52.000,52.000,51.000,51.000,52.000,52.000,,50.000,50.000
1456,53.000,49.000,48.000,50.000,50.000,50.000,50.000,,53.000,51.000
1457,47.000,52.000,57.000,56.000,51.000,52.000,51.000,,49.000,51.000
1458,51.000,50.000,47.000,46.000,51.000,49.000,50.000,,52.000,50.000
1459,50.000,51.000,49.000,51.000,50.000,51.000,52.000,,50.000,51.000
1460,50.000,50.000,49.000,50.000,50.000,50.000,49.000,,48.000,50.000
1461,53.000,51.000,53.000,53.000,52.000,52.000,53.000,,52.000,53.000
1462,52.000,54.000,53.000,53.000,52.000,52.000,52.000,,53.000,51.000
1463,51.000,49.000,50.000,50.000,52.000,51.000,51.000,,51.000,51.000
1464,51.000,53.000,51.000,51.000,50.000,51.000,50.000,,51.000,51.000
1465,52.000,51.000,52.000,52.000,52.000,52.000,52.000,,53.000,52.000
1466,49.000,51.000,49.000,52.000,51.000,50.000,51.000,,49.000,51.000
1467,53.000,51.000,53.000,50.000,53.000,52.000,51.000,,52.000,52.000
1468,52.000,52.000,51.000,51.000,51.000,52.000,52.000,,51.000,51.000
1469,52.000,52.000,69.000,52.000,53.000,51.000,51.000,,75.000,52.000
1470,53.000,110.000,36.000,53.000,52.000,54.000,54.000,,31.000,53.000
1471,47.000,17.000,51.000,48.000,49.000,46.000,48.000,,48.000,47.000
1472,55.000,27.000,49.000,53.000,52.000,52.000,53.000,,51.000,53.000
1473,46.000,47.000,49.000,49.000,47.000,50.000,47.000,,51.000,48.000
1474,45.000,45.000,44.000,44.000,45.000,43.000,45.000,,42.000,44.000
1475,32.000,32.000,32.000,32.000,33.000,33.000,33.000,,32.000,33.000
1476,35.000,34.000,33.000,35.000,35.000,34.000,33.000,,35.000,35.000
1477,43.000,43.000,46.000,43.000,44.000,43.000,43.000,,44.000,43.000
1478,51.000,51.000,49.000,50.000,49.000,52.000,51.000,,51.000,51.000
1479,49.000,51.000,51.000,49.000,49.000,50.000,52.000,,50.000,50.000
1480,52.000,49.000,51.000,52.000,51.000,50.000,50.000,,51.000,51.000
1481,42.000,45.000,42.000,45.000,46.000,44.000,42.000,,43.000,42.000
1482,34.000,33.000,35.000,33.000,32.000,34.000,35.000,,32.000,35.000
1483,35.000,35.000,34.000,34.000,36.000,35.000,35.000,,36.000,35.000
1484,42.000,42.000,44.000,43.000,43.000,42.000,43.000,,45.000,43.000
1485,50.000,50.000,50.000,49.000,49.000,50.000,48.000,,48.000,49.000
1486,44.000,43.000,45.000,44.000,44.000,44.000,45.000,,44.000,44.000
1487,34.000,35.000,33.000,35.000,34.000,34.000,35.000,,34.000,34.000
1488,34.000,34.000,32.000,34.000,34.000,34.000,32.000,,33.000,34.000
1489,42.000,43.000,45.000,43.000,44.000,43.000,44.000,,44.000,43.000
1490,44.000,43.000,43.000,44.000,43.000,44.000,44.000,,43.000,42.000
1491,33.000,34.000,33.000,32.000,32.000,32.000,32.000,,35.000,34.000
1492,36.000,35.000,34.000,36.000,35.000,36.000,36.000,,33.000,36.000
1493,40.000,41.000,42.000,40.000,41.000,41.000,42.000,,42.000,41.000
1494,43.000,43.000,44.000,45.000,44.000,43.000,43.000,,44.000,44.000
1495,35.000,34.000,34.000,35.000,36.000,34.000,34.000,,34.000,34.000
1496,36.000,37.000,34.000,34.000,34.000,36.000,35.000,,35.000,35.000
1497,42.000,41.000,41.000,42.000,42.000,41.000,41.000,,41.000,39.000
1498,41.000,42.000,44.000,42.000,42.000,43.000,42.000,,42.000,45.000
1499,35.000,34.000,35.000,34.000,36.000,34.000,36.000,,34.000,34.000
1500,37.000,36.000,35.000,36.000,35.000,37.000,36.000,,37.000,37.000
1501,37.000,38.000,40.000,39.000,39.000,37.000,40.000,,39.000,38.000
1502,46.000,46.000,44.000,45.000,44.000,46.000,43.000,,45.000,44.000
1503,35.000,35.000,35.000,35.000,35.000,35.000,34.000,,34.000,35.000
1504,35.000,35.000,34.000,34.000,35.000,36.000,36.000,,36.000,36.000
1505,39.000,40.000,41.000,39.000,40.000,38.000,42.000,,41.000,40.000
1506,43.000,41.000,42.000,44.000,42.000,42.000,40.000,,42.000,40.000
1507,33.000,34.000,34.000,33.000,33.000,34.000,33.000,,33.000,35.000
1508,40.000,40.000,38.000,40.000,39.000,40.000,40.000,,38.000,40.000
1509,37.000,37.000,39.000,37.000,39.000,37.000,38.000,,38.000,37.000
1510,44.000,43.000,43.000,44.000,43.000,44.000,43.000,,43.000,44.000
1511,33.000,34.000,34.000,33.000,33.000,33.000,34.000,,32.000,33.000
1512,41.000,42.000,39.000,42.000,42.000,42.000,41.000,,44.000,41.000
1513,38.000,37.000,39.000,36.000,37.000,36.000,37.000,,36.000,37.000
1514,42.000,42.000,42.000,42.000,41.000,42.000,41.000,,42.000,42.000
1515,32.000,34.000,32.000,33.000,33.000,31.000,33.000,,31.000,34.000
1516,44.000,43.000,43.000,44.000,44.000,46.000,44.000,,45.000,42.000
1517,36.000,33.000,35.000,34.000,34.000,35.000,34.000,,35.000,35.000
1518,42.000,44.000,43.000,43.000,43.000,43.000,43.000,,43.000,43.000
1519,34.000,34.000,35.000,34.000,34.000,32.000,35.000,,33.000,34.000
1520,41.000,40.000,40.000,42.000,42.000,43.000,41.000,,42.000,42.000
1521,37.000,37.000,37.000,35.000,35.000,36.000,35.000,,36.000,36.000
1522,40.000,41.000,42.000,42.000,42.000,41.000,42.000,,42.000,41.000
1523,33.000,34.000,32.000,33.000,33.000,32.000,33.000,,33.000,34.000
1524,43.000,41.000,42.000,43.000,43.000,45.000,43.000,,42.000,42.000
1525,36.000,37.000,37.000,35.000,35.000,35.000,36.000,,36.000,36.000
1526,41.000,42.000,41.000,45.000,43.000,42.000,42.000,,42.000,42.000
1527,34.000,32.000,34.000,31.000,33.000,32.000,33.000,,34.000,33.000
1528,43.000,44.000,42.000,43.000,44.000,45.000,43.000,,43.000,43.000
1529,37.000,38.000,38.000,37.000,36.000,37.000,37.000,,52.000,37.000
1530,39.000,40.000,40.000,40.000,41.000,40.000,40.000,,26.000,41.000
1531,34.000,33.000,35.000,34.000,33.000,32.000,34.000,,31.000,32.000
1532,44.000,42.000,42.000,43.000,43.000,44.000,42.000,,44.000,43.000
1533,36.000,37.000,36.000,36.000,36.000,34.000,36.000,,37.000,37.000
1534,41.000,42.000,42.000,41.000,41.000,43.000,42.000,,41.000,40.000
1535,35.000,34.000,35.000,35.000,53.000,34.000,34.000,,34.000,36.000
1536,41.000,40.000,40.000,40.000,23.000,43.000,42.000,,42.000,41.000
1537,34.000,44.000,35.000,34.000,35.000,32.000,35.000,,34.000,36.000
1538,43.000,34.000,42.000,44.000,50.000,44.000,41.000,,42.000,39.000
1539,57.000,36.000,36.000,34.000,27.000,34.000,37.000,,35.000,37.000
1540,21.000,43.000,43.000,44.000,43.000,45.000,43.000,,44.000,42.000
1541,36.000,36.000,36.000,37.000,37.000,35.000,36.000,,36.000,41.000
1542,47.000,47.000,47.000,45.000,48.000,47.000,45.000,,49.000,43.000
1543,48.000,47.000,51.000,51.000,50.000,50.000,49.000,,49.000,50.000
1544,51.000,53.000,50.000,54.000,49.000,50.000,54.000,,49.000,89.000
1545,54.000,51.000,52.000,50.000,52.000,53.000,52.000,,53.000,22.000
1546,49.000,51.000,50.000,49.000,50.000,51.000,48.000,,50.000,42.000
1547,50.000,50.000,49.000,49.000,52.000,52.000,52.000,,51.000,51.000
1548,52.000,53.000,52.000,50.000,49.000,49.000,51.000,,50.000,55.000
1549,50.000,49.000,66.000,52.000,50.000,52.000,52.000,,51.000,47.000
1550,52.000,53.000,35.000,53.000,54.000,51.000,51.000,,52.000,51.000
1551,50.000,50.000,51.000,49.000,52.000,49.000,50.000,,51.000,50.000
1552,52.000,51.000,52.000,54.000,47.000,52.000,52.000,,50.000,51.000
1553,52.000,52.000,52.000,49.000,53.000,52.000,51.000,,52.000,52.000
1554,49.000,49.000,49.000,52.000,51.000,50.000,58.000,,50.000,49.000
1555,54.000,55.000,55.000,52.000,53.000,54.000,45.000,,54.000,58.000
1556,46.000,43.000,44.000,45.000,45.000,44.000,45.000,,44.000,40.000
1557,51.000,53.000,51.000,52.000,51.000,52.000,52.000,,52.000,52.000
1558,53.000,54.000,55.000,54.000,54.000,53.000,54.000,,54.000,53.000
1559,50.000,48.000,49.000,51.000,50.000,50.000,49.000,,49.000,49.000
1560,54.000,53.000,52.000,50.000,53.000,55.000,52.000,,52.000,52.000
1561,49.000,51.000,51.000,58.000,50.000,48.000,51.000,,51.000,52.000
1562,54.000,67.000,53.000,47.000,52.000,53.000,53.000,,54.000,54.000
1563,48.000,36.000,50.000,49.000,50.000,50.000,49.000,,49.000,49.000
1564,41.000,36.000,36.000,36.000,37.000,36.000,36.000,,36.000,37.000
1565,38.000,43.000,42.000,42.000,41.000,42.000,43.000,,42.000,42.000
1566,41.000,38.000,39.000,39.000,41.000,39.000,38.000,,39.000,39.000
1567,43.000,43.000,43.000,42.000,42.000,45.000,44.000,,43.000,44.000
1568,43.000,50.000,46.000,47.000,45.000,44.000,45.000,,46.000,44.000
1569,35.000,29.000,34.000,33.000,33.000,34.000,33.000,,33.000,34.000
1570,38.000,39.000,37.000,39.000,39.000,38.000,39.000,,38.000,39.000
1571,36.000,36.000,40.000,38.000,37.000,37.000,37.000,,37.000,36.000
1572,48.000,45.000,42.000,43.000,45.000,45.000,45.000,,45.000,46.000
1573,33.000,35.000,34.000,35.000,34.000,34.000,34.000,,35.000,33.000
1574,36.000,36.000,38.000,37.000,37.000,37.000,38.000,,37.000,38.000
1575,38.000,39.000,37.000,38.000,38.000,38.000,37.000,,37.000,38.000
1576,44.000,43.000,46.000,44.000,44.000,44.000,45.000,,45.000,44.000
1577,33.000,34.000,33.000,34.000,34.000,35.000,33.000,,34.000,34.000
1578,40.000,40.000,39.000,40.000,39.000,38.000,39.000,,39.000,39.000
1579,37.000,36.000,37.000,36.000,37.000,37.000,38.000,,37.000,37.000
1580,43.000,43.000,43.000,43.000,43.000,43.000,42.000,,43.000,43.000
1581,35.000,34.000,34.000,34.000,34.000,34.000,35.000,,36.000,34.000
1582,38.000,39.000,38.000,40.000,39.000,39.000,38.000,,36.000,39.000
1583,37.000,38.000,37.000,36.000,35.000,37.000,37.000,,37.000,39.000
1584,45.000,44.000,45.000,44.000,46.000,44.000,44.000,,45.000,42.000
1585,34.000,34.000,36.000,35.000,35.000,34.000,35.000,,34.000,34.000
1586,36.000,36.000,34.000,35.000,35.000,36.000,36.000,,36.000,36.000
1587,38.000,40.000,40.000,40.000,39.000,40.000,39.000,,40.000,41.000
1588,45.000,44.000,43.000,44.000,45.000,44.000,44.000,,43.000,43.000
1589,34.000,34.000,36.000,35.000,35.000,34.000,34.000,,35.000,36.000
1590,36.000,36.000,35.000,35.000,37.000,36.000,36.000,,36.000,34.000
1591,39.000,38.000,37.000,39.000,36.000,38.000,39.000,,38.000,38.000
1592,45.000,45.000,46.000,44.000,45.000,45.000,45.000,,45.000,46.000
1593,37.000,34.000,36.000,35.000,35.000,35.000,34.000,,35.000,34.000
1594,34.000,37.000,35.000,37.000,37.000,37.000,37.000,,36.000,37.000
1595,37.000,38.000,37.000,38.000,38.000,37.000,39.000,,38.000,37.000
1596,47.000,46.000,47.000,46.000,46.000,47.000,46.000,,46.000,46.000
1597,51.000,51.000,49.000,52.000,50.000,52.000,50.000,,52.000,51.000
1598,52.000,52.000,54.000,51.000,53.000,51.000,53.000,,52.000,51.000
1599,50.000,49.000,49.000,50.000,49.000,49.000,50.000,,48.000,52.000
1600,52.000,53.000,53.000,52.000,55.000,53.000,50.000,,53.000,52.000
1601,51.000,52.000,51.000,52.000,51.000,52.000,53.000,,53.000,51.000
1602,52.000,51.000,52.000,51.000,50.000,50.000,50.000,,50.000,52.000
1603,51.000,51.000,51.000,51.000,51.000,54.000,53.000,,51.000,51.000
1604,51.000,50.000,50.000,50.000,50.000,47.000,50.000,,50.000,50.000
1605,49.000,53.000,51.000,52.000,52.000,52.000,51.000,,52.000,49.000
1606,50.000,47.000,50.000,49.000,49.000,49.000,49.000,,49.000,51.000
1607,52.000,52.000,52.000,52.000,52.000,53.000,52.000,,53.000,51.000
1608,51.000,53.000,51.000,75.000,50.000,51.000,52.000,,51.000,51.000
1609,52.000,52.000,53.000,29.000,59.000,54.000,51.000,,54.000,54.000
1610,51.000,50.000,50.000,58.000,44.000,48.000,51.000,,47.000,48.000
1611,68.000,52.000,51.000,44.000,59.000,52.000,52.000,,53.000,55.000
1612,33.000,50.000,51.000,49.000,44.000,50.000,49.000,,50.000,48.000
1613,50.000,49.000,48.000,50.000,50.000,50.000,51.000,,56.000,50.000
1614,52.000,53.000,54.000,53.000,52.000,53.000,52.000,,47.000,52.000
1615,51.000,51.000,50.000,50.000,51.000,50.000,51.000,,50.000,51.000
1616,52.000,52.000,52.000,52.000,51.000,52.000,51.000,,52.000,51.000
1617,50.000,51.000,51.000,50.000,51.000,51.000,50.000,,51.000,51.000
1618,52.000,51.000,52.000,52.000,51.000,51.000,52.000,,51.000,53.000
1619,50.000,51.000,50.000,52.000,52.000,52.000,51.000,,51.000,51.000
1620,51.000,51.000,52.000,50.000,50.000,50.000,51.000,,51.000,51.000
1621,51.000,50.000,50.000,51.000,50.000,50.000,51.000,,50.000,50.000
1622,51.000,52.000,51.000,51.000,52.000,54.000,52.000,,53.000,52.000
1623,52.000,52.000,52.000,52.000,52.000,50.000,51.000,,50.000,52.000
1624,50.000,50.000,50.000,50.000,51.000,50.000,50.000,,52.000,51.000
1625,51.000,51.000,52.000,51.000,50.000,53.000,51.000,,50.000,50.000
1626,52.000,51.000,51.000,51.000,52.000,50.000,53.000,,51.000,51.000
1627,52.000,51.000,52.000,52.000,51.000,52.000,51.000,,51.000,51.000
1628,49.000,51.000,51.000,51.000,51.000,50.000,50.000,,51.000,51.000
1629,52.000,51.000,52.000,50.000,50.000,50.000,53.000,,51.000,51.000
1630,50.000,51.000,48.000,51.000,51.000,51.000,48.000,,52.000,51.000
1631,55.000,52.000,53.000,53.000,53.000,53.000,52.000,,51.000,52.000
1632,51.000,51.000,51.000,50.000,51.000,51.000,51.000,,51.000,50.000
1633,49.000,53.000,50.000,51.000,51.000,50.000,51.000,,51.000,54.000
1634,53.000,50.000,53.000,51.000,52.000,52.000,52.000,,52.000,50.000
1635,51.000,51.000,51.000,52.000,51.000,52.000,51.000,,52.000,51.000
1636,51.000,52.000,51.000,52.000,51.000,51.000,51.000,,50.000,52.000
1637,51.000,47.000,49.000,47.000,48.000,47.000,49.000,,50.000,53.000
1638,51.000,53.000,52.000,52.000,53.000,54.000,54.000,,51.000,48.000
1639,50.000,52.000,52.000,53.000,51.000,51.000,50.000,,52.000,51.000
1640,53.000,52.000,52.000,51.000,52.000,52.000,52.000,,52.000,51.000
1641,51.000,50.000,50.000,52.000,51.000,50.000,51.000,,50.000,53.000
1642,50.000,51.000,51.000,51.000,51.000,51.000,50.000,,52.000,49.000
1643,52.000,51.000,50.000,51.000,51.000,51.000,51.000,,50.000,52.000
1644,50.000,51.000,52.000,51.000,52.000,51.000,52.000,,51.000,50.000
1645,87.000,50.000,50.000,72.000,87.000,51.000,51.000,,51.000,51.000
1646,18.000,55.000,55.000,32.000,23.000,54.000,52.000,,54.000,53.000
1647,51.000,57.000,50.000,56.000,44.000,51.000,52.000,,65.000,52.000
1648,51.000,46.000,51.000,45.000,61.000,50.000,71.000,,36.000,50.000
1649,50.000,48.000,53.000,50.000,40.000,49.000,29.000,,62.000,50.000
1650,50.000,48.000,45.000,47.000,48.000,49.000,51.000,,36.000,52.000
1651,52.000,51.000,52.000,52.000,49.000,51.000,49.000,,51.000,49.000
1652,48.000,51.000,50.000,53.000,51.000,53.000,52.000,,53.000,49.000
1653,51.000,51.000,52.000,49.000,,51.000,48.000,,49.000,50.000
1654,53.000,52.000,51.000,53.000,,48.000,52.000,,54.000,53.000
1655,49.000,51.000,51.000,50.000,,51.000,53.000,,49.000,50.000
1656,51.000,51.000,51.000,53.000,,52.000,51.000,,51.000,51.000
1657,52.000,53.000,51.000,52.000,,51.000,51.000,,52.000,51.000
1658,52.000,51.000,53.000,49.000,,53.000,53.000,,52.000,53.000
1659,51.000,48.000,49.000,51.000,,49.000,49.000,,49.000,49.000
1660,51.000,51.000,51.000,51.000,,51.000,50.000,,51.000,50.000
1661,50.000,52.000,51.000,51.000,,52.000,51.000,,54.000,52.000
1662,50.000,49.000,50.000,51.000,,49.000,52.000,,48.000,50.000
1663,52.000,53.000,52.000,51.000,,53.000,51.000,,52.000,52.000
1664,52.000,52.000,53.000,50.000,,52.000,51.000,,52.000,54.000
1665,52.000,51.000,50.000,53.000,,51.000,51.000,,51.000,49.000
1666,49.000,52.000,52.000,52.000,,51.000,52.000,,52.000,54.000
1667,52.000,51.000,50.000,51.000,,52.000,52.000,,50.000,50.000
1668,51.000,50.000,50.000,48.000,,50.000,50.000,,50.000,51.000
1669,50.000,51.000,51.000,52.000,,51.000,51.000,,52.000,51.000
1670,50.000,51.000,51.000,52.000,,50.000,50.000,,51.000,50.000
1671,51.000,52.000,50.000,51.000,,53.000,52.000,,51.000,52.000
1672,52.000,49.000,53.000,52.000,,49.000,51.000,,51.000,51.000
1673,51.000,51.000,50.000,52.000,,51.000,51.000,,51.000,51.000
1674,50.000,52.000,52.000,49.000,,51.000,51.000,,50.000,50.000
1675,52.000,51.000,51.000,50.000,,52.000,51.000,,52.000,53.000
1676,51.000,52.000,51.000,53.000,,51.000,52.000,,51.000,49.000
1677,50.000,49.000,52.000,50.000,,51.000,50.000,,50.000,50.000
1678,54.000,54.000,51.000,51.000,,51.000,52.000,,52.000,52.000
1679,49.000,50.000,50.000,51.000,,52.000,51.000,,50.000,51.000
1680,52.000,51.000,52.000,52.000,,50.000,51.000,,52.000,51.000
1681,51.000,52.000,53.000,53.000,,52.000,52.000,,52.000,53.000
1682,52.000,52.000,49.000,51.000,,54.000,51.000,,51.000,52.000
1683,52.000,51.000,52.000,50.000,,50.000,51.000,,54.000,51.000
1684,52.000,52.000,52.000,51.000,,53.000,53.000,,50.000,51.000
1685,50.000,50.000,51.000,50.000,,50.000,50.000,,50.000,52.000
1686,50.000,50.000,50.000,52.000,,50.000,50.000,,51.000,51.000
1687,50.000,52.000,52.000,51.000,,51.000,51.000,,51.000,50.000
1688,52.000,51.000,51.000,51.000,,51.000,52.000,,52.000,51.000
1689,50.000,49.000,50.000,51.000,,52.000,51.000,,51.000,52.000
1690,52.000,52.000,51.000,53.000,,50.000,50.000,,50.000,52.000
1691,50.000,50.000,51.000,49.000,,51.000,51.000,,51.000,50.000
1692,51.000,53.000,51.000,51.000,,51.000,51.000,,51.000,50.000
1693,52.000,51.000,51.000,51.000,,50.000,52.000,,51.000,52.000
1694,51.000,51.000,53.000,52.000,,53.000,51.000,,53.000,50.000
1695,52.000,51.000,49.000,50.000,,53.000,92.000,,49.000,52.000
1696,53.000,51.000,52.000,54.000,,48.000,15.000,,52.000,68.000
1697,49.000,50.000,51.000,49.000,,51.000,45.000,,50.000,33.000
1698,50.000,51.000,50.000,52.000,,50.000,51.000,,52.000,50.000
1699,52.000,51.000,52.000,51.000,,51.000,52.000,,51.000,51.000
1700,53.000,51.000,50.000,50.000,,52.000,51.000,,50.000,51.000
1701,51.000,52.000,56.000,53.000,,50.000,52.000,,52.000,55.000
1702,48.000,50.000,46.000,49.000,,52.000,50.000,,51.000,49.000
1703,57.000,55.000,63.000,54.000,,54.000,54.000,,54.000,54.000
1704,48.000,49.000,42.000,51.000,,50.000,50.000,,51.000,51.000
1705,51.000,51.000,52.000,46.000,,49.000,49.000,,49.000,47.000
1706,51.000,53.000,50.000,55.000,,52.000,53.000,,51.000,53.000
1707,51.000,50.000,51.000,50.000,,52.000,51.000,,51.000,51.000
1708,52.000,51.000,50.000,51.000,,50.000,51.000,,52.000,52.000
1709,52.000,49.000,50.000,52.000,,50.000,50.000,,51.000,49.000
1710,51.000,57.000,54.000,52.000,,54.000,52.000,,51.000,53.000
1711,51.000,49.000,50.000,51.000,,51.000,53.000,,51.000,52.000
1712,52.000,50.000,51.000,50.000,,49.000,49.000,,51.000,50.000
1713,51.000,50.000,51.000,52.000,,52.000,52.000,,51.000,55.000
1714,51.000,52.000,52.000,52.000,,52.000,51.000,,51.000,48.000
1715,50.000,51.000,50.000,50.000,,50.000,51.000,,51.000,50.000
1716,49.000,51.000,51.000,51.000,,50.000,49.000,,51.000,52.000
1717,52.000,51.000,51.000,51.000,,51.000,54.000,,51.000,48.000
1718,52.000,51.000,52.000,51.000,,53.000,51.000,,51.000,54.000
1719,50.000,48.000,51.000,51.000,,51.000,49.000,,51.000,50.000
1720,52.000,54.000,50.000,51.000,,51.000,52.000,,51.000,52.000
1721,50.000,52.000,53.000,73.000,,52.000,51.000,,52.000,53.000
1722,52.000,49.000,49.000,28.000,,50.000,52.000,,50.000,48.000
1723,49.000,51.000,51.000,62.000,,51.000,48.000,,50.000,53.000
1724,53.000,56.000,51.000,40.000,,50.000,50.000,,51.000,47.000
1725,48.000,44.000,49.000,49.000,,50.000,51.000,,50.000,49.000
1726,52.000,53.000,52.000,52.000,,52.000,52.000,,51.000,52.000
1727,51.000,53.000,51.000,51.000,,50.000,51.000,,51.000,51.000
1728,51.000,48.000,50.000,50.000,,50.000,50.000,,51.000,51.000
1729,52.000,52.000,53.000,54.000,,53.000,60.000,,53.000,52.000
1730,50.000,50.000,60.000,48.000,,49.000,48.000,,49.000,50.000
1731,50.000,51.000,40.000,51.000,,53.000,45.000,,52.000,51.000
1732,40.000,39.000,39.000,39.000,,38.000,40.000,,38.000,40.000
1733,44.000,44.000,45.000,44.000,,44.000,43.000,,44.000,44.000
1734,43.000,43.000,42.000,42.000,,43.000,44.000,,43.000,44.000
1735,30.000,29.000,30.000,31.000,,30.000,29.000,,29.000,28.000
1736,38.000,39.000,39.000,38.000,,39.000,39.000,,39.000,40.000
1737,43.000,42.000,40.000,42.000,,41.000,41.000,,42.000,42.000
1738,43.000,44.000,45.000,43.000,,45.000,44.000,,44.000,43.000
1739,28.000,28.000,29.000,30.000,,28.000,30.000,,29.000,29.000
1740,38.000,37.000,37.000,36.000,,36.000,38.000,,36.000,36.000
1741,43.000,44.000,45.000,45.000,,44.000,42.000,,45.000,45.000
1742,51.000,50.000,49.000,50.000,,51.000,50.000,,48.000,50.000
1743,46.000,47.000,46.000,45.000,,46.000,46.000,,48.000,46.000
1744,35.000,35.000,36.000,37.000,,35.000,34.000,,35.000,35.000
1745,42.000,42.000,42.000,41.000,,42.000,45.000,,42.000,42.000
1746,38.000,38.000,39.000,39.000,,39.000,37.000,,39.000,39.000
1747,44.000,45.000,44.000,44.000,,44.000,44.000,,44.000,44.000
1748,52.000,51.000,51.000,52.000,,52.000,52.000,,51.000,51.000
1749,52.000,53.000,52.000,51.000,,52.000,51.000,,53.000,52.000
1750,51.000,50.000,51.000,52.000,,50.000,52.000,,50.000,52.000
1751,52.000,52.000,53.000,51.000,,52.000,51.000,,52.000,51.000
1752,50.000,51.000,48.000,51.000,,50.000,50.000,,49.000,50.000
1753,50.000,51.000,51.000,50.000,,51.000,51.000,,51.000,51.000
1754,51.000,51.000,51.000,51.000,,50.000,51.000,,51.000,51.000
1755,53.000,52.000,53.000,53.000,,52.000,53.000,,55.000,53.000
1756,51.000,48.000,50.000,50.000,,51.000,50.000,,48.000,49.000
1757,54.000,53.000,52.000,52.000,,54.000,52.000,,53.000,52.000
1758,48.000,50.000,50.000,52.000,,50.000,50.000,,48.000,51.000
1759,53.000,53.000,52.000,53.000,,52.000,53.000,,54.000,51.000
1760,48.000,50.000,50.000,48.000,,49.000,49.000,,50.000,50.000
1761,54.000,54.000,51.000,54.000,,51.000,56.000,,53.000,55.000
1762,49.000,49.000,53.000,48.000,,74.000,47.000,,50.000,51.000
1763,50.000,50.000,51.000,51.000,,26.000,51.000,,49.000,48.000
1764,57.000,56.000,54.000,55.000,,58.000,56.000,,57.000,57.000
1765,57.000,52.000,52.000,54.000,,52.000,53.000,,55.000,51.000
1766,47.000,54.000,52.000,52.000,,51.000,51.000,,80.000,54.000
1767,50.000,48.000,50.000,49.000,,52.000,50.000,,23.000,48.000
1768,50.000,53.000,51.000,51.000,,49.000,49.000,,46.000,50.000
1769,53.000,48.000,51.000,50.000,,52.000,52.000,,54.000,51.000
1770,50.000,52.000,52.000,53.000,,52.000,51.000,,52.000,51.000
1771,51.000,54.000,52.000,51.000,,52.000,52.000,,51.000,52.000
1772,51.000,49.000,50.000,51.000,,51.000,50.000,,50.000,51.000
1773,52.000,52.000,53.000,53.000,,51.000,53.000,,52.000,52.000
1774,51.000,52.000,50.000,48.000,,50.000,50.000,,49.000,51.000
1775,51.000,51.000,51.000,51.000,,52.000,53.000,,52.000,50.000
1776,50.000,49.000,52.000,51.000,,53.000,48.000,,51.000,52.000
1777,50.000,51.000,50.000,51.000,,47.000,53.000,,52.000,50.000
1778,55.000,53.000,52.000,51.000,,52.000,51.000,,52.000,53.000
1779,50.000,50.000,50.000,51.000,,51.000,50.000,,50.000,50.000
1780,51.000,51.000,51.000,51.000,,52.000,51.000,,51.000,51.000
1781,48.000,50.000,51.000,51.000,,50.000,52.000,,49.000,50.000
1782,54.000,52.000,51.000,51.000,,51.000,52.000,,52.000,54.000
1783,50.000,52.000,51.000,54.000,,52.000,50.000,,50.000,49.000
1784,52.000,50.000,53.000,51.000,,51.000,50.000,,52.000,52.000
1785,52.000,52.000,49.000,51.000,,53.000,53.000,,53.000,51.000
1786,53.000,51.000,51.000,51.000,,48.000,52.000,,50.000,52.000
1787,50.000,51.000,52.000,51.000,,52.000,49.000,,51.000,50.000
1788,50.000,50.000,50.000,49.000,,53.000,51.000,,52.000,50.000
1789,51.000,52.000,52.000,53.000,,49.000,53.000,,50.000,52.000
1790,49.000,54.000,51.000,50.000,,51.000,50.000,,53.000,51.000
1791,53.000,47.000,50.000,52.000,,53.000,50.000,,51.000,50.000
1792,51.000,52.000,51.000,50.000,,49.000,52.000,,51.000,52.000
1793,49.000,52.000,53.000,51.000,,52.000,52.000,,51.000,51.000
1794,52.000,47.000,47.000,48.000,,51.000,49.000,,56.000,51.000
1795,52.000,49.000,50.000,54.000,,50.000,52.000,,41.000,50.000
1796,54.000,55.000,52.000,51.000,,52.000,49.000,,55.000,52.000
1797,48.000,50.000,51.000,52.000,,51.000,55.000,,49.000,51.000
1798,52.000,52.000,53.000,50.000,,51.000,51.000,,52.000,51.000
1799,52.000,50.000,54.000,52.000,,46.000,49.000,,53.000,52.000
1800,50.000,52.000,50.000,51.000,,61.000,54.000,,52.000,54.000
1801,51.000,48.000,50.000,51.000,,48.000,49.000,,48.000,48.000
1802,50.000,56.000,52.000,55.000,,69.000,52.000,,55.000,51.000
1803,50.000,49.000,87.000,48.000,,30.000,50.000,,86.000,51.000
1804,53.000,54.000,24.000,51.000,,61.000,54.000,,23.000,53.000
1805,51.000,50.000,44.000,50.000,,44.000,49.000,,41.000,49.000
1806,52.000,58.000,50.000,52.000,,52.000,52.000,,69.000,54.000
1807,63.000,44.000,45.000,49.000,,44.000,46.000,,33.000,47.000
1808,38.000,49.000,53.000,51.000,,52.000,54.000,,57.000,50.000
1809,50.000,48.000,50.000,52.000,,50.000,47.000,,44.000,49.000
1810,49.000,51.000,54.000,52.000,,52.000,51.000,,51.000,52.000
1811,49.000,51.000,54.000,50.000,,50.000,50.000,,52.000,50.000
1812,57.000,54.000,50.000,52.000,,54.000,55.000,,53.000,55.000
1813,49.000,52.000,52.000,49.000,,51.000,50.000,,50.000,52.000
1814,50.000,49.000,50.000,51.000,,50.000,50.000,,51.000,51.000
1815,48.000,49.000,49.000,51.000,,49.000,49.000,,51.000,48.000
1816,52.000,55.000,51.000,52.000,,53.000,56.000,,52.000,55.000
1817,52.000,49.000,52.000,51.000,,51.000,50.000,,50.000,50.000
1818,52.000,52.000,53.000,52.000,,54.000,52.000,,52.000,51.000
1819,51.000,50.000,49.000,49.000,,49.000,52.000,,51.000,51.000
1820,51.000,52.000,53.000,54.000,,51.000,49.000,,50.000,52.000
1821,53.000,51.000,51.000,51.000,,51.000,53.000,,52.000,53.000
1822,49.000,50.000,51.000,47.000,,50.000,52.000,,51.000,47.000
1823,56.000,50.000,49.000,54.000,,51.000,50.000,,50.000,52.000
1824,51.000,52.000,53.000,52.000,,51.000,51.000,,52.000,50.000
1825,50.000,52.000,52.000,50.000,,53.000,50.000,,51.000,51.000
1826,47.000,49.000,51.000,52.000,,48.000,54.000,,50.000,54.000
1827,51.000,53.000,51.000,51.000,,51.000,50.000,,52.000,52.000
1828,52.000,50.000,50.000,51.000,,52.000,50.000,,52.000,46.000
1829,52.000,56.000,50.000,52.000,,53.000,50.000,,51.000,55.000
1830,50.000,48.000,52.000,51.000,,51.000,55.000,,50.000,51.000
1831,48.000,48.000,45.000,49.000,,48.000,46.000,,51.000,50.000
1832,54.000,52.000,54.000,51.000,,52.000,53.000,,57.000,51.000
1833,49.000,52.000,51.000,52.000,,50.000,50.000,,41.000,50.000
1834,55.000,54.000,51.000,51.000,,54.000,53.000,,54.000,53.000
1835,50.000,51.000,55.000,51.000,,51.000,50.000,,49.000,51.000
1836,51.000,51.000,51.000,50.000,,52.000,52.000,,57.000,50.000
1837,50.000,48.000,49.000,52.000,,49.000,51.000,,49.000,52.000
1838,51.000,53.000,49.000,56.000,,52.000,51.000,,52.000,51.000
1839,53.000,51.000,53.000,48.000,,54.000,51.000,,50.000,53.000
1840,49.000,51.000,51.000,50.000,,52.000,49.000,,52.000,50.000
1841,54.000,53.000,55.000,51.000,,53.000,54.000,,52.000,51.000
1842,49.000,49.000,48.000,54.000,,51.000,51.000,,50.000,51.000
1843,52.000,52.000,49.000,49.000,,50.000,50.000,,51.000,50.000
1844,50.000,52.000,53.000,51.000,,50.000,55.000,,52.000,51.000
1845,51.000,53.000,52.000,51.000,,55.000,48.000,,50.000,52.000
1846,49.000,45.000,52.000,52.000,,46.000,52.000,,51.000,50.000
1847,54.000,52.000,52.000,54.000,,55.000,50.000,,52.000,55.000
1848,50.000,51.000,48.000,48.000,,49.000,51.000,,50.000,50.000
1849,52.000,53.000,51.000,50.000,,49.000,59.000,,52.000,47.000
1850,49.000,47.000,47.000,44.000,,48.000,44.000,,49.000,52.000
1851,53.000,53.000,58.000,55.000,,51.000,51.000,,52.000,51.000
1852,49.000,52.000,50.000,52.000,,51.000,51.000,,51.000,52.000
1853,54.000,54.000,49.000,53.000,,56.000,51.000,,52.000,51.000
1854,48.000,47.000,51.000,50.000,,53.000,50.000,,54.000,51.000
1855,52.000,52.000,47.000,50.000,,44.000,48.000,,47.000,50.000
1856,52.000,52.000,56.000,52.000,,53.000,52.000,,50.000,51.000
1857,50.000,50.000,48.000,51.000,,57.000,51.000,,51.000,51.000
1858,49.000,52.000,54.000,51.000,,41.000,52.000,,50.000,51.000
1859,54.000,49.000,49.000,51.000,,52.000,51.000,,52.000,51.000
1860,49.000,53.000,50.000,51.000,,52.000,52.000,,50.000,54.000
1861,50.000,51.000,53.000,51.000,,51.000,50.000,,52.000,47.000
1862,52.000,50.000,57.000,55.000,,51.000,51.000,,53.000,52.000
1863,51.000,52.000,45.000,49.000,,51.000,53.000,,52.000,51.000
1864,52.000,50.000,54.000,50.000,,53.000,50.000,,49.000,53.000
1865,49.000,48.000,47.000,47.000,,47.000,50.000,,49.000,49.000
1866,50.000,57.000,48.000,50.000,,51.000,49.000,,52.000,50.000
1867,52.000,47.000,52.000,59.000,,52.000,53.000,,51.000,52.000
1868,50.000,52.000,49.000,44.000,,49.000,50.000,,51.000,50.000
1869,51.000,49.000,53.000,54.000,,52.000,53.000,,51.000,54.000
1870,53.000,53.000,54.000,50.000,,53.000,52.000,,52.000,50.000
1871,49.000,50.000,50.000,51.000,,50.000,49.000,,49.000,50.000
1872,51.000,49.000,50.000,49.000,,50.000,51.000,,49.000,49.000
1873,50.000,49.000,48.000,50.000,,49.000,53.000,,53.000,47.000
1874,55.000,55.000,55.000,51.000,,54.000,48.000,,51.000,55.000
1875,52.000,52.000,49.000,54.000,,50.000,52.000,,48.000,52.000
1876,50.000,51.000,52.000,52.000,,53.000,51.000,,51.000,53.000
1877,53.000,54.000,54.000,51.000,,52.000,53.000,,57.000,51.000
1878,48.000,52.000,48.000,52.000,,50.000,50.000,,49.000,49.000
1879,52.000,50.000,54.000,50.000,,51.000,52.000,,50.000,52.000
1880,53.000,51.000,52.000,53.000,,52.000,51.000,,52.000,53.000
1881,51.000,50.000,49.000,50.000,,52.000,52.000,,51.000,49.000
1882,50.000,50.000,53.000,50.000,,51.000,50.000,,51.000,52.000
1883,53.000,52.000,51.000,51.000,,53.000,51.000,,83.000,51.000
1884,51.000,51.000,51.000,52.000,,51.000,51.000,,27.000,52.000
1885,51.000,49.000,51.000,51.000,,49.000,51.000,,44.000,50.000
1886,50.000,52.000,53.000,51.000,,52.000,51.000,,51.000,51.000
1887,51.000,53.000,51.000,51.000,,49.000,52.000,,53.000,52.000
1888,53.000,49.000,49.000,50.000,,53.000,50.000,,49.000,51.000
1889,47.000,50.000,52.000,53.000,,54.000,51.000,,51.000,57.000
1890,51.000,62.000,50.000,48.000,,48.000,51.000,,51.000,45.000
1891,52.000,49.000,52.000,53.000,,48.000,52.000,,52.000,52.000
1892,53.000,47.000,53.000,52.000,,56.000,52.000,,51.000,50.000
1893,48.000,50.000,49.000,71.000,,50.000,48.000,,53.000,51.000
1894,54.000,51.000,53.000,30.000,,51.000,52.000,,52.000,51.000
1895,47.000,49.000,46.000,51.000,,50.000,50.000,,45.000,48.000
1896,54.000,50.000,51.000,56.000,,50.000,50.000,,52.000,52.000
1897,50.000,50.000,51.000,42.000,,51.000,50.000,,48.000,50.000
1898,51.000,52.000,50.000,52.000,,51.000,51.000,,49.000,52.000
1899,51.000,52.000,52.000,51.000,,52.000,51.000,,51.000,52.000
1900,51.000,51.000,50.000,53.000,,52.000,53.000,,52.000,49.000
1901,51.000,49.000,51.000,48.000,,48.000,49.000,,55.000,50.000
1902,51.000,50.000,51.000,52.000,,52.000,50.000,,49.000,52.000
1903,51.000,53.000,52.000,51.000,,53.000,53.000,,52.000,52.000
1904,50.000,51.000,51.000,51.000,,49.000,52.000,,51.000,50.000
1905,50.000,50.000,48.000,50.000,,50.000,49.000,,51.000,50.000
1906,49.000,54.000,51.000,50.000,,50.000,51.000,,51.000,50.000
1907,55.000,50.000,50.000,52.000,,53.000,52.000,,51.000,53.000
1908,48.000,49.000,54.000,53.000,,50.000,51.000,,50.000,50.000
1909,53.000,54.000,52.000,52.000,,52.000,51.000,,51.000,52.000
1910,50.000,46.000,46.000,45.000,,50.000,50.000,,50.000,48.000
1911,51.000,52.000,54.000,53.000,,50.000,49.000,,49.000,52.000
1912,50.000,51.000,50.000,52.000,,51.000,53.000,,52.000,53.000
1913,51.000,51.000,50.000,53.000,,51.000,50.000,,51.000,50.000
1914,51.000,50.000,52.000,48.000,,51.000,51.000,,54.000,53.000
1915,52.000,54.000,53.000,53.000,,60.000,50.000,,51.000,49.000
1916,50.000,51.000,67.000,49.000,,43.000,51.000,,48.000,50.000
1917,52.000,49.000,33.000,53.000,,58.000,51.000,,51.000,59.000
1918,50.000,50.000,58.000,48.000,,42.000,50.000,,50.000,42.000
1919,51.000,52.000,44.000,52.000,,51.000,78.000,,52.000,51.000
1920,50.000,49.000,50.000,50.000,,50.000,24.000,,48.000,50.000
1921,30.000,30.000,32.000,29.000,,30.000,28.000,,32.000,32.000
1922,44.000,43.000,43.000,44.000,,45.000,46.000,,43.000,42.000
1923,54.000,54.000,53.000,53.000,,53.000,53.000,,55.000,54.000
1924,48.000,50.000,49.000,50.000,,49.000,49.000,,47.000,49.000
1925,51.000,52.000,51.000,51.000,,50.000,53.000,,51.000,50.000
1926,51.000,50.000,51.000,51.000,,56.000,50.000,,52.000,52.000
1927,53.000,50.000,51.000,52.000,,48.000,50.000,,52.000,52.000
1928,50.000,52.000,54.000,51.000,,51.000,53.000,,53.000,51.000
1929,53.000,54.000,51.000,54.000,,53.000,52.000,,51.000,53.000
1930,50.000,49.000,49.000,51.000,,49.000,51.000,,50.000,51.000
1931,51.000,50.000,51.000,51.000,,53.000,54.000,,50.000,51.000
1932,51.000,49.000,51.000,48.000,,48.000,50.000,,51.000,53.000
1933,50.000,50.000,50.000,50.000,,51.000,47.000,,50.000,47.000
1934,52.000,54.000,52.000,51.000,,52.000,51.000,,51.000,52.000
1935,50.000,50.000,51.000,52.000,,51.000,52.000,,51.000,49.000
1936,53.000,55.000,52.000,52.000,,53.000,51.000,,53.000,53.000
1937,50.000,49.000,50.000,51.000,,50.000,52.000,,50.000,51.000
1938,52.000,52.000,52.000,51.000,,52.000,51.000,,52.000,51.000
1939,50.000,52.000,51.000,51.000,,50.000,52.000,,50.000,50.000
1940,50.000,48.000,50.000,50.000,,49.000,47.000,,50.000,51.000
1941,52.000,53.000,52.000,52.000,,53.000,53.000,,52.000,53.000
1942,53.000,51.000,50.000,52.000,,51.000,52.000,,52.000,51.000
1943,50.000,51.000,53.000,50.000,,52.000,51.000,,50.000,52.000
1944,51.000,52.000,50.000,52.000,,51.000,51.000,,53.000,50.000
1945,51.000,51.000,52.000,51.000,,51.000,51.000,,50.000,51.000
1946,52.000,52.000,51.000,52.000,,51.000,52.000,,52.000,51.000
1947,51.000,55.000,51.000,52.000,,50.000,52.000,,52.000,52.000
1948,51.000,48.000,52.000,50.000,,52.000,52.000,,51.000,51.000
1949,50.000,48.000,49.000,49.000,,52.000,50.000,,49.000,48.000
1950,52.000,53.000,55.000,54.000,,52.000,50.000,,51.000,52.000
1951,52.000,51.000,49.000,51.000,,50.000,51.000,,54.000,54.000
1952,50.000,51.000,50.000,50.000,,52.000,51.000,,50.000,51.000
1953,50.000,50.000,52.000,51.000,,50.000,51.000,,50.000,50.000
1954,52.000,53.000,50.000,52.000,,49.000,52.000,,51.000,51.000
1955,52.000,50.000,54.000,51.000,,52.000,50.000,,53.000,52.000
1956,51.000,50.000,50.000,50.000,,53.000,52.000,,51.000,50.000
1957,54.000,52.000,50.000,51.000,,51.000,51.000,,49.000,52.000
1958,51.000,53.000,52.000,53.000,,54.000,53.000,,54.000,52.000
1959,50.000,51.000,52.000,51.000,,63.000,51.000,,51.000,53.000
1960,50.000,51.000,49.000,51.000,,38.000,49.000,,50.000,89.000
1961,51.000,76.000,50.000,50.000,,50.000,51.000,,52.000,21.000
1962,51.000,25.000,52.000,51.000,,49.000,51.000,,49.000,41.000
1963,61.000,49.000,49.000,49.000,,50.000,50.000,,50.000,48.000
1964,40.000,52.000,52.000,51.000,,51.000,51.000,,52.000,50.000
1965,49.000,48.000,51.000,51.000,,49.000,48.000,,49.000,52.000
1966,52.000,52.000,47.000,52.000,,51.000,51.000,,51.000,52.000
1967,50.000,50.000,55.000,49.000,,49.000,51.000,,52.000,49.000
1968,51.000,50.000,51.000,51.000,,54.000,52.000,,51.000,52.000
1969,52.000,51.000,51.000,52.000,,49.000,51.000,,53.000,50.000
1970,49.000,54.000,52.000,49.000,,51.000,53.000,,52.000,53.000
1971,52.000,52.000,50.000,51.000,,53.000,52.000,,49.000,52.000
1972,52.000,51.000,51.000,54.000,,52.000,51.000,,51.000,49.000
1973,50.000,49.000,53.000,52.000,,51.000,52.000,,52.000,51.000
1974,52.000,53.000,50.000,52.000,,51.000,49.000,,52.000,52.000
1975,49.000,50.000,51.000,49.000,,49.000,52.000,,49.000,49.000
1976,53.000,50.000,49.000,50.000,,52.000,50.000,,52.000,54.000
1977,50.000,52.000,54.000,52.000,,51.000,53.000,,51.000,50.000
1978,50.000,51.000,46.000,49.000,,50.000,50.000,,52.000,51.000
1979,54.000,50.000,54.000,54.000,,52.000,50.000,,49.000,51.000
1980,48.000,51.000,54.000,51.000,,51.000,52.000,,53.000,51.000
1981,56.000,53.000,49.000,51.000,,53.000,51.000,,49.000,53.000
1982,50.000,51.000,54.000,51.000,,50.000,54.000,,51.000,53.000
1983,51.000,52.000,49.000,53.000,,53.000,48.000,,51.000,47.000
1984,51.000,52.000,51.000,48.000,,50.000,51.000,,52.000,52.000
1985,49.000,50.000,50.000,51.000,,50.000,50.000,,50.000,50.000
1986,52.000,48.000,50.000,50.000,,50.000,52.000,,53.000,49.000
1987,52.000,52.000,51.000,51.000,,51.000,50.000,,51.000,54.000
1988,50.000,50.000,51.000,52.000,,53.000,51.000,,50.000,50.000
1989,51.000,52.000,52.000,52.000,,51.000,52.000,,50.000,52.000
1990,50.000,51.000,50.000,51.000,,50.000,51.000,,52.000,51.000
1991,51.000,51.000,49.000,51.000,,49.000,51.000,,51.000,47.000
1992,51.000,51.000,54.000,52.000,,53.000,51.000,,51.000,56.000
1993,52.000,53.000,51.000,51.000,,52.000,52.000,,52.000,50.000
1994,53.000,51.000,52.000,50.000,,52.000,52.000,,50.000,52.000
1995,50.000,51.000,52.000,52.000,,52.000,50.000,,52.000,51.000
1996,51.000,51.000,51.000,51.000,,52.000,51.000,,51.000,51.000
1997,54.000,52.000,50.000,51.000,,50.000,51.000,,51.000,52.000
1998,49.000,51.000,52.000,52.000,,50.000,52.000,,51.000,51.000
1999,51.000,50.000,51.000,51.000,,53.000,51.000,,52.000,53.000
2000,49.000,50.000,47.000,51.000,,50.000,50.000,,51.000,49.000
2001,51.000,51.000,52.000,51.000,,48.000,50.000,,49.000,50.000
2002,52.000,51.000,52.000,52.000,,54.000,52.000,,53.000,52.000
2003,52.000,52.000,52.000,50.000,,52.000,51.000,,51.000,50.000
2004,51.000,51.000,51.000,50.000,,50.000,51.000,,51.000,51.000
2005,51.000,51.000,51.000,51.000,,51.000,50.000,,52.000,51.000
2006,50.000,51.000,50.000,52.000,,53.000,51.000,,49.000,49.000
2007,51.000,51.000,78.000,52.000,,48.000,58.000,,53.000,53.000
2008,53.000,53.000,26.000,70.000,,51.000,46.000,,52.000,53.000
2009,50.000,50.000,51.000,31.000,,52.000,49.000,,49.000,48.000
2010,50.000,51.000,51.000,68.000,,51.000,51.000,,50.000,52.000
2011,51.000,50.000,50.000,34.000,,59.000,50.000,,50.000,50.000
2012,51.000,52.000,51.000,49.000,,43.000,53.000,,51.000,52.000
2013,50.000,50.000,51.000,52.000,,50.000,51.000,,52.000,51.000
2014,50.000,49.000,50.000,49.000,,49.000,50.000,,50.000,51.000
2015,51.000,76.000,50.000,50.000,,51.000,49.000,,49.000,49.000
2016,51.000,27.000,53.000,51.000,,51.000,51.000,,54.000,52.000
2017,52.000,51.000,49.000,51.000,,52.000,51.000,,48.000,49.000
2018,50.000,50.000,51.000,51.000,,50.000,51.000,,53.000,52.000
2019,51.000,52.000,51.000,54.000,,51.000,52.000,,49.000,52.000
2020,52.000,52.000,52.000,48.000,,51.000,51.000,,51.000,52.000
2021,50.000,49.000,51.000,50.000,,50.000,51.000,,55.000,49.000
2022,52.000,54.000,52.000,55.000,,53.000,53.000,,52.000,51.000
2023,53.000,51.000,52.000,51.000,,53.000,51.000,,49.000,53.000
2024,49.000,49.000,50.000,49.000,,49.000,50.000,,49.000,52.000
2025,52.000,52.000,51.000,53.000,,52.000,53.000,,51.000,49.000
2026,49.000,49.000,50.000,51.000,,50.000,50.000,,54.000,49.000
2027,55.000,55.000,53.000,52.000,,53.000,54.000,,50.000,54.000
2028,48.000,48.000,50.000,51.000,,49.000,48.000,,49.000,49.000
2029,53.000,51.000,52.000,50.000,,51.000,52.000,,51.000,54.000
2030,48.000,55.000,51.000,52.000,,53.000,51.000,,52.000,49.000
2031,54.000,50.000,54.000,51.000,,51.000,53.000,,52.000,53.000
2032,52.000,51.000,48.000,50.000,,51.000,48.000,,53.000,50.000
2033,51.000,50.000,50.000,51.000,,49.000,51.000,,49.000,49.000
2034,51.000,51.000,52.000,52.000,,53.000,51.000,,50.000,53.000
2035,51.000,52.000,53.000,50.000,,51.000,51.000,,52.000,52.000
2036,50.000,49.000,49.000,51.000,,50.000,51.000,,50.000,49.000
2037,50.000,50.000,50.000,50.000,,51.000,52.000,,53.000,50.000
2038,51.000,52.000,51.000,52.000,,51.000,50.000,,49.000,51.000
2039,53.000,53.000,53.000,51.000,,53.000,51.000,,53.000,53.000
2040,50.000,50.000,50.000,51.000,,50.000,51.000,,48.000,51.000
2041,51.000,51.000,51.000,51.000,,51.000,50.000,,53.000,51.000
2042,52.000,52.000,52.000,52.000,,64.000,53.000,,51.000,51.000
2043,50.000,59.000,50.000,51.000,,38.000,51.000,,52.000,50.000
2044,54.000,45.000,53.000,53.000,,54.000,54.000,,52.000,76.000
2045,56.000,51.000,52.000,51.000,,60.000,54.000,,51.000,30.000
2046,46.000,50.000,50.000,50.000,,41.000,46.000,,52.000,49.000
2047,51.000,51.000,75.000,51.000,,51.000,52.000,,51.000,52.000
2048,50.000,50.000,27.000,73.000,,50.000,63.000,,50.000,50.000
2049,76.000,53.000,51.000,30.000,,52.000,39.000,,50.000,55.000
2050,26.000,49.000,51.000,48.000,,51.000,66.000,,53.000,50.000
2051,51.000,52.000,51.000,52.000,,50.000,34.000,,51.000,70.000
2052,54.000,76.000,58.000,53.000,,56.000,54.000,,53.000,32.000
2053,50.000,27.000,47.000,60.000,,48.000,49.000,,49.000,60.000
2054,52.000,52.000,50.000,44.000,,52.000,53.000,,52.000,44.000
2055,50.000,50.000,51.000,48.000,,51.000,61.000,,51.000,47.000
2056,51.000,52.000,51.000,57.000,,51.000,41.000,,71.000,52.000
2057,50.000,49.000,51.000,47.000,,50.000,49.000,,29.000,52.000
2058,52.000,52.000,50.000,49.000,,51.000,56.000,,57.000,50.000
2059,51.000,52.000,52.000,52.000,,52.000,47.000,,46.000,56.000
2060,51.000,51.000,51.000,52.000,,51.000,51.000,,51.000,47.000
2061,51.000,50.000,51.000,52.000,,51.000,53.000,,51.000,49.000
2062,53.000,52.000,53.000,50.000,,51.000,51.000,,51.000,54.000
2063,50.000,53.000,50.000,52.000,,52.000,52.000,,54.000,50.000
2064,52.000,49.000,49.000,51.000,,74.000,51.000,,50.000,50.000
2065,49.000,50.000,53.000,50.000,,27.000,48.000,,52.000,50.000
2066,51.000,51.000,48.000,50.000,,50.000,49.000,,49.000,52.000
2067,51.000,52.000,54.000,51.000,,65.000,54.000,,51.000,50.000
2068,51.000,51.000,50.000,52.000,,38.000,51.000,,51.000,52.000
2069,52.000,52.000,51.000,51.000,,52.000,51.000,,68.000,52.000
2070,72.000,51.000,52.000,55.000,,53.000,57.000,,36.000,51.000
2071,32.000,61.000,54.000,49.000,,51.000,49.000,,52.000,55.000
2072,58.000,44.000,51.000,54.000,,52.000,52.000,,52.000,52.000
2073,44.000,50.000,51.000,52.000,,51.000,51.000,,51.000,50.000
2074,50.000,50.000,51.000,51.000,,54.000,50.000,,53.000,50.000
2075,55.000,51.000,51.000,48.000,,50.000,51.000,,48.000,52.000
2076,50.000,51.000,51.000,52.000,,49.000,51.000,,52.000,51.000
2077,50.000,53.000,50.000,51.000,,55.000,51.000,,54.000,52.000
2078,49.000,48.000,51.000,49.000,,46.000,49.000,,49.000,48.000
2079,50.000,49.000,49.000,51.000,,49.000,50.000,,47.000,53.000
2080,54.000,54.000,53.000,55.000,,54.000,54.000,,52.000,51.000
2081,52.000,52.000,52.000,50.000,,51.000,52.000,,53.000,52.000
2082,51.000,49.000,50.000,51.000,,52.000,50.000,,51.000,51.000
2083,49.000,50.000,50.000,49.000,,48.000,49.000,,49.000,50.000
2084,53.000,55.000,53.000,54.000,,54.000,55.000,,53.000,53.000
2085,50.000,51.000,51.000,50.000,,50.000,49.000,,54.000,53.000
2086,52.000,52.000,51.000,51.000,,52.000,51.000,,53.000,48.000
2087,51.000,52.000,52.000,51.000,,51.000,51.000,,46.000,50.000
2088,51.000,48.000,50.000,51.000,,51.000,52.000,,51.000,52.000
2089,51.000,52.000,52.000,51.000,,51.000,51.000,,51.000,51.000
2090,52.000,53.000,52.000,52.000,,52.000,53.000,,54.000,53.000
2091,52.000,49.000,51.000,51.000,,51.000,51.000,,52.000,50.000
2092,48.000,50.000,50.000,49.000,,48.000,49.000,,48.000,49.000
2093,53.000,52.000,50.000,52.000,,53.000,53.000,,51.000,53.000
2094,50.000,51.000,51.000,51.000,,51.000,50.000,,51.000,52.000
2095,52.000,52.000,52.000,51.000,,51.000,50.000,,51.000,50.000
2096,50.000,49.000,51.000,52.000,,49.000,50.000,,50.000,50.000
2097,51.000,52.000,50.000,51.000,,52.000,53.000,,53.000,52.000
2098,53.000,55.000,53.000,52.000,,53.000,52.000,,51.000,51.000
2099,50.000,50.000,50.000,51.000,,52.000,50.000,,50.000,54.000
2100,51.000,49.000,52.000,50.000,,49.000,51.000,,54.000,49.000
2101,51.000,49.000,50.000,52.000,,50.000,51.000,,51.000,50.000
2102,52.000,56.000,52.000,52.000,,57.000,52.000,,51.000,53.000
2103,53.000,48.000,50.000,53.000,,47.000,52.000,,49.000,48.000
2104,49.000,49.000,51.000,48.000,,53.000,49.000,,53.000,49.000
2105,50.000,49.000,53.000,50.000,,50.000,51.000,,50.000,50.000
2106,50.000,54.000,50.000,54.000,,53.000,51.000,,50.000,52.000
2107,53.000,52.000,51.000,48.000,,45.000,51.000,,53.000,54.000
2108,50.000,51.000,50.000,54.000,,51.000,52.000,,49.000,56.000
2109,52.000,51.000,52.000,49.000,,54.000,51.000,,54.000,47.000
2110,52.000,50.000,51.000,50.000,,51.000,51.000,,48.000,51.000
2111,51.000,55.000,55.000,54.000,,91.000,52.000,,52.000,54.000
2112,55.000,53.000,53.000,54.000,,17.000,54.000,,56.000,69.000
2113,79.000,91.000,44.000,44.000,,44.000,45.000,,44.000,28.000
2114,21.000,19.000,55.000,56.000,,54.000,54.000,,54.000,64.000
2115,47.000,37.000,47.000,62.000,,48.000,49.000,,50.000,38.000
2116,50.000,67.000,50.000,35.000,,49.000,51.000,,49.000,51.000
2117,51.000,36.000,52.000,50.000,,50.000,50.000,,50.000,51.000
2118,51.000,49.000,51.000,50.000,,52.000,52.000,,53.000,50.000
2119,51.000,51.000,50.000,51.000,,49.000,48.000,,51.000,52.000
2120,51.000,51.000,51.000,53.000,,54.000,54.000,,62.000,51.000
2121,54.000,50.000,51.000,48.000,,49.000,49.000,,39.000,51.000
2122,50.000,52.000,51.000,53.000,,53.000,51.000,,51.000,51.000
2123,49.000,50.000,50.000,53.000,,50.000,50.000,,52.000,51.000
2124,51.000,54.000,53.000,49.000,,51.000,54.000,,53.000,52.000
2125,52.000,49.000,50.000,52.000,,51.000,51.000,,48.000,50.000
2126,55.000,51.000,54.000,54.000,,51.000,50.000,,51.000,51.000
2127,47.000,51.000,49.000,51.000,,52.000,52.000,,52.000,53.000
2128,49.000,52.000,51.000,50.000,,51.000,49.000,,51.000,50.000
2129,55.000,50.000,51.000,51.000,,50.000,51.000,,52.000,52.000
2130,49.000,52.000,51.000,50.000,,52.000,54.000,,50.000,50.000
2131,50.000,52.000,52.000,51.000,,52.000,49.000,,54.000,52.000
2132,52.000,51.000,50.000,52.000,,50.000,52.000,,49.000,50.000
2133,52.000,52.000,51.000,51.000,,52.000,50.000,,51.000,54.000
2134,51.000,51.000,52.000,53.000,,50.000,58.000,,50.000,49.000
2135,50.000,49.000,53.000,51.000,,51.000,46.000,,52.000,50.000
2136,52.000,49.000,50.000,48.000,,50.000,51.000,,50.000,51.000
2137,51.000,54.000,50.000,52.000,,53.000,51.000,,51.000,51.000
2138,48.000,50.000,51.000,51.000,,50.000,51.000,,52.000,52.000
2139,54.000,51.000,51.000,51.000,,51.000,50.000,,50.000,51.000
2140,50.000,51.000,52.000,50.000,,50.000,52.000,,51.000,50.000
2141,52.000,51.000,49.000,50.000,,54.000,51.000,,54.000,52.000
2142,51.000,51.000,53.000,52.000,,50.000,50.000,,48.000,51.000
2143,51.000,55.000,52.000,52.000,,53.000,52.000,,53.000,52.000
2144,50.000,50.000,50.000,52.000,,50.000,52.000,,51.000,50.000
2145,54.000,52.000,51.000,51.000,,51.000,51.000,,51.000,52.000
2146,50.000,50.000,51.000,51.000,,51.000,51.000,,51.000,51.000
2147,50.000,51.000,52.000,52.000,,53.000,51.000,,50.000,52.000
2148,52.000,52.000,49.000,50.000,,49.000,51.000,,51.000,50.000
2149,51.000,51.000,52.000,52.000,,52.000,51.000,,52.000,51.000
2150,51.000,49.000,51.000,51.000,,52.000,53.000,,50.000,50.000
2151,51.000,52.000,51.000,51.000,,51.000,49.000,,53.000,52.000
2152,51.000,50.000,52.000,52.000,,52.000,53.000,,50.000,51.000
2153,51.000,54.000,51.000,50.000,,50.000,49.000,,52.000,52.000
2154,51.000,49.000,50.000,51.000,,51.000,53.000,,50.000,50.000
2155,53.000,54.000,55.000,53.000,,55.000,52.000,,53.000,89.000
2156,50.000,50.000,50.000,50.000,,51.000,52.000,,52.000,22.000
2157,54.000,51.000,50.000,52.000,,48.000,49.000,,50.000,72.000
2158,49.000,51.000,52.000,53.000,,51.000,57.000,,53.000,25.000
2159,53.000,53.000,53.000,50.000,,55.000,49.000,,50.000,53.000
2160,48.000,49.000,50.000,51.000,,49.000,49.000,,52.000,49.000
2161,56.000,53.000,52.000,51.000,,54.000,50.000,,51.000,50.000
2162,50.000,50.000,53.000,50.000,,44.000,50.000,,50.000,53.000
2163,49.000,53.000,49.000,52.000,,55.000,54.000,,53.000,50.000
2164,54.000,49.000,54.000,55.000,,53.000,51.000,,74.000,52.000
2165,52.000,51.000,50.000,48.000,,48.000,49.000,,28.000,49.000
2166,51.000,50.000,59.000,52.000,,52.000,53.000,,54.000,53.000
2167,50.000,52.000,42.000,48.000,,48.000,52.000,,48.000,51.000
2168,52.000,50.000,69.000,53.000,,52.000,50.000,,53.000,50.000
2169,52.000,53.000,31.000,52.000,,53.000,52.000,,50.000,53.000
2170,47.000,49.000,50.000,47.000,,49.000,49.000,,49.000,49.000
2171,48.000,51.000,51.000,54.000,,51.000,52.000,,51.000,50.000
2172,54.000,51.000,52.000,51.000,,52.000,50.000,,51.000,52.000
2173,47.000,50.000,51.000,50.000,,50.000,52.000,,51.000,50.000
2174,50.000,51.000,51.000,51.000,,50.000,46.000,,51.000,53.000
2175,55.000,50.000,51.000,49.000,,53.000,52.000,,51.000,50.000
2176,51.000,55.000,50.000,53.000,,52.000,54.000,,50.000,51.000
2177,52.000,50.000,53.000,51.000,,50.000,51.000,,51.000,52.000
2178,46.000,47.000,51.000,49.000,,51.000,50.000,,52.000,50.000
2179,56.000,56.000,50.000,54.000,,55.000,52.000,,52.000,51.000
2180,44.000,45.000,50.000,48.000,,46.000,45.000,,45.000,46.000
2181,55.000,54.000,50.000,51.000,,51.000,56.000,,54.000,55.000
2182,53.000,53.000,54.000,55.000,,53.000,54.000,,55.000,53.000
2183,50.000,53.000,50.000,51.000,,50.000,51.000,,51.000,52.000
2184,52.000,49.000,52.000,50.000,,51.000,50.000,,50.000,50.000
2185,52.000,52.000,52.000,53.000,,53.000,51.000,,51.000,51.000
2186,52.000,51.000,53.000,50.000,,50.000,51.000,,52.000,51.000
2187,52.000,53.000,49.000,53.000,,51.000,52.000,,51.000,53.000
2188,52.000,53.000,52.000,50.000,,53.000,52.000,,52.000,51.000
2189,49.000,50.000,50.000,52.000,,49.000,49.000,,50.000,51.000
2190,51.000,52.000,52.000,52.000,,51.000,53.000,,52.000,50.000
2191,49.000,51.000,51.000,48.000,,52.000,51.000,,51.000,55.000
2192,99.000,51.000,51.000,54.000,,55.000,51.000,,51.000,47.000
2193,19.000,51.000,110.000,51.000,,50.000,52.000,,52.000,52.000
2194,42.000,55.000,22.000,54.000,,62.000,55.000,,54.000,74.000
2195,60.000,52.000,26.000,52.000,,43.000,51.000,,52.000,33.000
2196,34.000,41.000,45.000,43.000,,44.000,43.000,,45.000,43.000
2197,62.000,50.000,47.000,47.000,,50.000,48.000,,46.000,82.000
2198,39.000,51.000,70.000,52.000,,50.000,53.000,,55.000,18.000
2199,47.000,47.000,31.000,50.000,,47.000,49.000,,45.000,48.000
2200,51.000,50.000,49.000,49.000,,50.000,48.000,,53.000,51.000
2201,52.000,51.000,51.000,54.000,,51.000,50.000,,49.000,51.000
2202,51.000,53.000,51.000,46.000,,53.000,70.000,,51.000,51.000
2203,52.000,49.000,52.000,54.000,,50.000,33.000,,50.000,52.000
2204,50.000,53.000,51.000,53.000,,52.000,55.000,,53.000,51.000
2205,50.000,53.000,53.000,51.000,,52.000,47.000,,53.000,51.000
2206,54.000,50.000,50.000,52.000,,50.000,55.000,,50.000,52.000
2207,53.000,53.000,53.000,50.000,,52.000,52.000,,52.000,85.000
2208,49.000,49.000,51.000,48.000,,52.000,48.000,,51.000,23.000
2209,51.000,51.000,49.000,53.000,,50.000,52.000,,53.000,45.000
2210,51.000,48.000,51.000,51.000,,51.000,50.000,,48.000,54.000
2211,50.000,54.000,51.000,50.000,,54.000,52.000,,51.000,47.000
2212,62.000,52.000,51.000,52.000,,49.000,51.000,,51.000,51.000
2213,42.000,50.000,51.000,51.000,,52.000,52.000,,51.000,52.000
2214,51.000,52.000,53.000,51.000,,49.000,51.000,,52.000,53.000
2215,52.000,52.000,57.000,52.000,,53.000,51.000,,51.000,49.000
2216,49.000,50.000,44.000,51.000,,50.000,50.000,,52.000,50.000
2217,51.000,50.000,49.000,49.000,,52.000,51.000,,50.000,54.000
2218,50.000,51.000,55.000,51.000,,49.000,49.000,,61.000,47.000
2219,55.000,54.000,48.000,53.000,,53.000,56.000,,41.000,65.000
2220,45.000,45.000,53.000,48.000,,48.000,46.000,,47.000,36.000
2221,62.000,53.000,48.000,50.000,,52.000,63.000,,52.000,52.000
2222,43.000,54.000,52.000,52.000,,52.000,39.000,,52.000,52.000
2223,52.000,49.000,56.000,52.000,,51.000,53.000,,52.000,52.000
2224,48.000,49.000,43.000,51.000,,53.000,48.000,,48.000,48.000
2225,52.000,53.000,53.000,51.000,,50.000,53.000,,52.000,52.000
2226,53.000,51.000,53.000,51.000,,51.000,53.000,,53.000,53.000
2227,51.000,52.000,50.000,51.000,,50.000,49.000,,50.000,51.000
2228,52.000,49.000,50.000,51.000,,51.000,52.000,,51.000,51.000
2229,48.000,53.000,51.000,52.000,,50.000,48.000,,49.000,49.000
2230,52.000,52.000,51.000,50.000,,52.000,53.000,,52.000,52.000
2231,51.000,50.000,52.000,51.000,,50.000,50.000,,52.000,51.000
2232,52.000,51.000,51.000,51.000,,52.000,52.000,,52.000,52.000
2233,51.000,51.000,52.000,51.000,,52.000,51.000,,51.000,52.000
2234,51.000,51.000,51.000,51.000,,52.000,51.000,,51.000,50.000
2235,50.000,50.000,50.000,51.000,,50.000,54.000,,52.000,52.000
2236,53.000,52.000,52.000,52.000,,52.000,49.000,,52.000,51.000
2237,49.000,50.000,49.000,50.000,,49.000,49.000,,48.000,49.000
2238,51.000,51.000,53.000,51.000,,51.000,51.000,,51.000,51.000
2239,51.000,50.000,51.000,51.000,,51.000,52.000,,51.000,51.000
2240,51.000,51.000,50.000,52.000,,51.000,51.000,,51.000,52.000
2241,51.000,51.000,51.000,50.000,,51.000,50.000,,50.000,50.000
2242,52.000,52.000,52.000,52.000,,52.000,53.000,,53.000,52.000
2243,51.000,53.000,51.000,51.000,,51.000,50.000,,51.000,51.000
2244,51.000,49.000,51.000,51.000,,51.000,52.000,,51.000,51.000
2245,51.000,51.000,51.000,52.000,,52.000,52.000,,51.000,51.000
2246,51.000,51.000,51.000,50.000,,50.000,50.000,,51.000,52.000
2247,51.000,55.000,51.000,52.000,,52.000,52.000,,51.000,51.000
2248,51.000,48.000,51.000,51.000,,50.000,51.000,,51.000,51.000
2249,51.000,52.000,51.000,50.000,,51.000,50.000,,51.000,51.000
2250,52.000,52.000,51.000,52.000,,52.000,52.000,,51.000,51.000
2251,50.000,50.000,51.000,50.000,,50.000,51.000,,52.000,51.000
2252,52.000,52.000,51.000,52.000,,49.000,51.000,,51.000,53.000
2253,51.000,52.000,52.000,52.000,,54.000,52.000,,53.000,50.000
2254,52.000,50.000,52.000,52.000,,51.000,52.000,,52.000,51.000
2255,51.000,52.000,50.000,49.000,,51.000,50.000,,48.000,53.000
2256,49.000,51.000,48.000,49.000,,52.000,55.000,,52.000,47.000
2257,53.000,51.000,53.000,51.000,,52.000,45.000,,53.000,50.000
2258,51.000,50.000,53.000,54.000,,50.000,53.000,,50.000,56.000
2259,51.000,52.000,50.000,52.000,,51.000,52.000,,53.000,50.000
2260,52.000,51.000,51.000,51.000,,53.000,51.000,,49.000,50.000
2261,51.000,51.000,52.000,52.000,,49.000,52.000,,51.000,51.000
2262,52.000,54.000,53.000,52.000,,55.000,53.000,,52.000,54.000
2263,51.000,50.000,51.000,51.000,,50.000,50.000,,51.000,52.000
2264,51.000,52.000,51.000,50.000,,51.000,51.000,,51.000,50.000
2265,51.000,52.000,50.000,51.000,,52.000,51.000,,51.000,91.000
2266,52.000,48.000,53.000,53.000,,50.000,52.000,,54.000,29.000
2267,50.000,51.000,49.000,50.000,,48.000,49.000,,49.000,33.000
2268,51.000,52.000,52.000,51.000,,53.000,51.000,,53.000,50.000
2269,51.000,51.000,51.000,65.000,,50.000,51.000,,48.000,52.000
2270,50.000,50.000,51.000,37.000,,51.000,52.000,,52.000,51.000
2271,52.000,53.000,50.000,50.000,,50.000,48.000,,49.000,51.000
2272,49.000,55.000,52.000,51.000,,52.000,52.000,,51.000,50.000
2273,52.000,46.000,48.000,51.000,,49.000,51.000,,51.000,50.000
2274,52.000,50.000,54.000,52.000,,52.000,52.000,,52.000,52.000
2275,49.000,53.000,52.000,52.000,,52.000,51.000,,51.000,52.000
2276,53.000,49.000,49.000,49.000,,51.000,53.000,,51.000,51.000
2277,51.000,51.000,52.000,54.000,,52.000,52.000,,51.000,51.000
2278,52.000,54.000,53.000,48.000,,50.000,50.000,,53.000,52.000
2279,50.000,48.000,49.000,53.000,,51.000,48.000,,49.000,50.000
2280,53.000,54.000,51.000,51.000,,51.000,52.000,,52.000,53.000
2281,50.000,49.000,52.000,52.000,,52.000,52.000,,51.000,52.000
2282,52.000,52.000,50.000,52.000,,50.000,52.000,,52.000,50.000
2283,49.000,50.000,51.000,49.000,,51.000,51.000,,49.000,52.000
2284,52.000,52.000,51.000,51.000,,52.000,51.000,,52.000,51.000
2285,53.000,51.000,52.000,52.000,,52.000,52.000,,52.000,51.000
2286,50.000,51.000,53.000,52.000,,51.000,50.000,,51.000,49.000
2287,50.000,50.000,48.000,50.000,,50.000,52.000,,50.000,52.000
2288,52.000,52.000,52.000,52.000,,51.000,49.000,,53.000,50.000
2289,50.000,51.000,49.000,47.000,,49.000,48.000,,49.000,51.000
2290,51.000,49.000,52.000,51.000,,53.000,55.000,,51.000,51.000
2291,51.000,54.000,50.000,53.000,,49.000,46.000,,51.000,51.000
2292,49.000,50.000,51.000,51.000,,53.000,56.000,,53.000,50.000
2293,53.000,49.000,54.000,50.000,,51.000,52.000,,50.000,55.000
2294,51.000,52.000,48.000,53.000,,48.000,49.000,,50.000,46.000
2295,51.000,51.000,53.000,51.000,,52.000,53.000,,48.000,51.000
2296,47.000,48.000,51.000,51.000,,50.000,49.000,,54.000,50.000
2297,52.000,53.000,49.000,50.000,,56.000,52.000,,51.000,52.000
2298,55.000,51.000,52.000,51.000,,49.000,50.000,,50.000,54.000
2299,51.000,53.000,52.000,51.000,,51.000,53.000,,54.000,51.000
2300,52.000,47.000,50.000,52.000,,48.000,51.000,,51.000,49.000
2301,48.000,56.000,51.000,50.000,,52.000,50.000,,50.000,52.000
2302,52.000,52.000,55.000,53.000,,55.000,53.000,,53.000,52.000
2303,57.000,50.000,51.000,50.000,,51.000,51.000,,49.000,53.000
2304,50.000,52.000,50.000,51.000,,54.000,51.000,,53.000,50.000
2305,50.000,54.000,52.000,55.000,,51.000,53.000,,51.000,53.000
2306,49.000,45.000,50.000,49.000,,51.000,51.000,,51.000,49.000
2307,51.000,55.000,51.000,50.000,,50.000,50.000,,51.000,51.000
2308,52.000,51.000,51.000,53.000,,51.000,53.000,,53.000,54.000
2309,52.000,51.000,51.000,48.000,,54.000,49.000,,48.000,52.000
2310,49.000,51.000,52.000,54.000,,49.000,52.000,,51.000,47.000
2311,51.000,51.000,51.000,50.000,,50.000,49.000,,51.000,50.000
2312,51.000,50.000,52.000,50.000,,48.000,50.000,,51.000,53.000
2313,51.000,52.000,49.000,51.000,,52.000,55.000,,53.000,51.000
2314,52.000,49.000,52.000,51.000,,50.000,50.000,,50.000,52.000
2315,49.000,50.000,50.000,51.000,,51.000,64.000,,49.000,79.000
2316,53.000,52.000,52.000,50.000,,52.000,36.000,,53.000,24.000
2317,47.000,49.000,48.000,49.000,,49.000,48.000,,48.000,45.000
2318,50.000,49.000,45.000,49.000,,47.000,49.000,,49.000,49.000
2319,51.000,51.000,55.000,52.000,,52.000,49.000,,52.000,52.000
2320,51.000,48.000,53.000,48.000,,49.000,55.000,,51.000,49.000
2321,51.000,57.000,50.000,52.000,,55.000,50.000,,50.000,53.000
2322,51.000,49.000,47.000,51.000,,48.000,51.000,,51.000,50.000
2323,52.000,50.000,55.000,52.000,,54.000,51.000,,52.000,52.000
2324,49.000,53.000,48.000,52.000,,50.000,51.000,,50.000,51.000
2325,54.000,52.000,53.000,54.000,,53.000,53.000,,53.000,52.000
2326,49.000,48.000,48.000,48.000,,48.000,49.000,,52.000,51.000
2327,52.000,78.000,53.000,49.000,,50.000,50.000,,48.000,49.000
2328,51.000,25.000,51.000,52.000,,54.000,53.000,,52.000,52.000
2329,47.000,46.000,50.000,49.000,,46.000,47.000,,48.000,48.000
2330,50.000,52.000,49.000,51.000,,51.000,51.000,,50.000,51.000
2331,53.000,52.000,51.000,52.000,,52.000,51.000,,52.000,51.000
2332,50.000,51.000,50.000,50.000,,52.000,51.000,,51.000,51.000
2333,52.000,51.000,52.000,51.000,,50.000,51.000,,50.000,51.000
2334,50.000,51.000,53.000,52.000,,51.000,52.000,,52.000,51.000
2335,52.000,52.000,48.000,49.000,,51.000,51.000,,51.000,52.000
2336,50.000,50.000,52.000,54.000,,51.000,50.000,,52.000,50.000
2337,53.000,51.000,54.000,50.000,,53.000,53.000,,48.000,52.000
2338,52.000,51.000,50.000,52.000,,50.000,49.000,,52.000,51.000
2339,50.000,55.000,52.000,52.000,,52.000,51.000,,53.000,51.000
2340,51.000,50.000,49.000,51.000,,51.000,53.000,,51.000,52.000
2341,51.000,50.000,52.000,50.000,,53.000,51.000,,53.000,51.000
2342,53.000,50.000,49.000,50.000,,51.000,52.000,,50.000,52.000
2343,49.000,52.000,51.000,51.000,,50.000,49.000,,51.000,49.000
2344,50.000,51.000,51.000,52.000,,51.000,52.000,,50.000,51.000
2345,52.000,50.000,52.000,51.000,,51.000,51.000,,53.000,51.000
2346,52.000,52.000,51.000,50.000,,53.000,51.000,,51.000,51.000
2347,50.000,51.000,51.000,52.000,,53.000,50.000,,49.000,51.000
2348,51.000,50.000,51.000,51.000,,47.000,52.000,,51.000,51.000
2349,51.000,52.000,51.000,50.000,,68.000,50.000,,51.000,51.000
2350,63.000,54.000,56.000,68.000,,36.000,55.000,,55.000,54.000
2351,40.000,50.000,48.000,34.000,,50.000,50.000,,62.000,50.000
2352,52.000,50.000,70.000,53.000,,52.000,51.000,,39.000,54.000
2353,49.000,50.000,30.000,50.000,,48.000,48.000,,48.000,58.000
2354,52.000,51.000,51.000,51.000,,51.000,52.000,,52.000,40.000
2355,52.000,52.000,52.000,53.000,,52.000,53.000,,53.000,70.000
2356,50.000,51.000,53.000,50.000,,51.000,52.000,,50.000,32.000
2357,52.000,51.000,51.000,52.000,,53.000,50.000,,51.000,52.000
2358,50.000,51.000,50.000,50.000,,50.000,61.000,,52.000,52.000
2359,52.000,50.000,50.000,50.000,,51.000,40.000,,50.000,50.000
2360,50.000,52.000,52.000,51.000,,51.000,51.000,,50.000,51.000
2361,51.000,50.000,50.000,51.000,,50.000,49.000,,52.000,51.000
2362,51.000,53.000,51.000,50.000,,51.000,53.000,,51.000,51.000
2363,53.000,50.000,52.000,53.000,,52.000,52.000,,52.000,51.000
2364,50.000,50.000,51.000,49.000,,53.000,50.000,,51.000,52.000
2365,51.000,53.000,52.000,53.000,,51.000,52.000,,53.000,52.000
2366,51.000,49.000,49.000,51.000,,48.000,50.000,,48.000,49.000
2367,52.000,53.000,53.000,52.000,,53.000,52.000,,54.000,53.000
2368,51.000,52.000,52.000,51.000,,53.000,54.000,,49.000,51.000
2369,49.000,50.000,49.000,53.000,,49.000,47.000,,52.000,51.000
2370,52.000,51.000,51.000,50.000,,51.000,52.000,,50.000,49.000
2371,52.000,52.000,53.000,51.000,,53.000,52.000,,73.000,52.000
2372,52.000,50.000,51.000,52.000,,51.000,52.000,,31.000,51.000
2373,50.000,53.000,51.000,50.000,,51.000,50.000,,48.000,53.000
2374,51.000,49.000,51.000,50.000,,50.000,51.000,,64.000,50.000
2375,50.000,52.000,52.000,51.000,,51.000,51.000,,39.000,51.000
2376,54.000,53.000,51.000,52.000,,53.000,53.000,,59.000,52.000
2377,51.000,51.000,51.000,51.000,,51.000,51.000,,44.000,51.000
2378,52.000,52.000,53.000,53.000,,54.000,52.000,,54.000,53.000
2379,51.000,51.000,72.000,52.000,,48.000,50.000,,51.000,50.000
2380,51.000,51.000,29.000,59.000,,52.000,52.000,,49.000,51.000
2381,50.000,50.000,52.000,41.000,,50.000,50.000,,50.000,50.000
2382,52.000,71.000,52.000,59.000,,53.000,62.000,,51.000,58.000
2383,49.000,30.000,49.000,42.000,,48.000,38.000,,51.000,44.000
2384,51.000,52.000,50.000,50.000,,50.000,52.000,,52.000,52.000
2385,50.000,50.000,51.000,53.000,,52.000,51.000,,49.000,50.000
2386,52.000,52.000,52.000,51.000,,52.000,53.000,,52.000,52.000
2387,52.000,51.000,52.000,52.000,,51.000,49.000,,51.000,50.000
2388,51.000,51.000,51.000,50.000,,51.000,52.000,,51.000,52.000
2389,50.000,50.000,50.000,51.000,,51.000,50.000,,50.000,50.000
2390,52.000,52.000,51.000,52.000,,52.000,52.000,,54.000,53.000
2391,52.000,52.000,52.000,52.000,,51.000,51.000,,51.000,50.000
2392,52.000,50.000,51.000,50.000,,51.000,51.000,,49.000,51.000
2393,51.000,52.000,51.000,52.000,,51.000,52.000,,52.000,51.000
2394,48.000,49.000,49.000,50.000,,50.000,49.000,,50.000,50.000
2395,51.000,52.000,53.000,50.000,,51.000,51.000,,53.000,51.000
2396,52.000,52.000,51.000,52.000,,52.000,53.000,,51.000,52.000
2397,51.000,51.000,52.000,52.000,,51.000,51.000,,49.000,52.000
2398,52.000,50.000,49.000,49.000,,51.000,50.000,,51.000,51.000
2399,50.000,51.000,53.000,52.000,,51.000,51.000,,51.000,50.000
2400,51.000,51.000,49.000,52.000,,51.000,52.000,,54.000,52.000
2401,54.000,54.000,54.000,52.000,,54.000,53.000,,51.000,53.000
2402,49.000,49.000,48.000,50.000,,49.000,50.000,,50.000,49.000
2403,54.000,53.000,54.000,54.000,,54.000,52.000,,53.000,53.000
2404,51.000,52.000,51.000,50.000,,50.000,51.000,,54.000,51.000
2405,50.000,49.000,52.000,50.000,,50.000,50.000,,47.000,50.000
2406,50.000,50.000,49.000,50.000,,50.000,50.000,,50.000,51.000
2407,52.000,52.000,51.000,52.000,,51.000,52.000,,52.000,51.000
2408,52.000,52.000,52.000,52.000,,52.000,51.000,,53.000,51.000
2409,50.000,50.000,52.000,50.000,,52.000,53.000,,47.000,52.000
2410,53.000,53.000,51.000,53.000,,52.000,50.000,,57.000,51.000
2411,50.000,49.000,51.000,49.000,,49.000,50.000,,49.000,49.000
2412,50.000,50.000,51.000,51.000,,51.000,50.000,,52.000,52.000
2413,53.000,54.000,52.000,52.000,,52.000,53.000,,51.000,51.000
2414,50.000,50.000,51.000,51.000,,51.000,51.000,,50.000,52.000
2415,51.000,52.000,51.000,52.000,,50.000,52.000,,51.000,51.000
2416,50.000,50.000,50.000,49.000,,51.000,50.000,,50.000,51.000
2417,52.000,53.000,51.000,52.000,,51.000,51.000,,52.000,52.000
2418,50.000,50.000,88.000,52.000,,52.000,52.000,,51.000,72.000
2419,55.000,56.000,20.000,55.000,,56.000,55.000,,82.000,34.000
2420,82.000,54.000,53.000,54.000,,53.000,71.000,,28.000,54.000
2421,19.000,32.000,29.000,30.000,,30.000,17.000,,30.000,30.000
2422,28.000,69.000,43.000,43.000,,42.000,38.000,,59.000,42.000
2423,46.000,19.000,48.000,47.000,,48.000,48.000,,30.000,47.000
2424,40.000,39.000,39.000,38.000,,40.000,39.000,,41.000,40.000
2425,39.000,45.000,41.000,42.000,,40.000,41.000,,40.000,42.000
2426,47.000,41.000,45.000,58.000,,45.000,46.000,,43.000,46.000
2427,37.000,37.000,37.000,25.000,,38.000,36.000,,38.000,35.000
2428,43.000,42.000,44.000,42.000,,44.000,43.000,,43.000,44.000
2429,38.000,38.000,37.000,38.000,,37.000,38.000,,39.000,39.000
2430,40.000,40.000,41.000,41.000,,40.000,40.000,,40.000,40.000
2431,46.000,47.000,46.000,46.000,,45.000,47.000,,45.000,45.000
2432,39.000,38.000,37.000,38.000,,39.000,38.000,,39.000,38.000
2433,41.000,42.000,43.000,42.000,,42.000,41.000,,41.000,42.000
2434,39.000,39.000,39.000,38.000,,39.000,40.000,,40.000,39.000
2435,38.000,38.000,37.000,38.000,,37.000,37.000,,37.000,38.000
2436,47.000,47.000,47.000,48.000,,47.000,47.000,,47.000,47.000
2437,39.000,37.000,37.000,37.000,,38.000,38.000,,38.000,37.000
2438,42.000,44.000,45.000,43.000,,43.000,44.000,,43.000,44.000
2439,41.000,41.000,39.000,39.000,,41.000,39.000,,41.000,40.000
2440,36.000,35.000,36.000,38.000,,36.000,36.000,,35.000,36.000
2441,46.000,46.000,48.000,47.000,,47.000,48.000,,47.000,47.000
2442,39.000,39.000,38.000,39.000,,38.000,38.000,,41.000,38.000
2443,43.000,44.000,44.000,44.000,,43.000,44.000,,41.000,42.000
2444,41.000,41.000,39.000,38.000,,41.000,40.000,,41.000,42.000
2445,35.000,35.000,35.000,37.000,,35.000,36.000,,35.000,35.000
2446,47.000,45.000,49.000,46.000,,47.000,46.000,,46.000,47.000
2447,41.000,41.000,39.000,40.000,,41.000,42.000,,41.000,40.000
2448,41.000,42.000,43.000,43.000,,42.000,39.000,,42.000,42.000
2449,44.000,43.000,43.000,41.000,,42.000,44.000,,43.000,43.000
2450,30.000,31.000,31.000,33.000,,32.000,32.000,,31.000,32.000
2451,47.000,47.000,46.000,46.000,,47.000,47.000,,46.000,47.000
2452,41.000,41.000,40.000,41.000,,40.000,40.000,,41.000,39.000
2453,42.000,43.000,44.000,42.000,,43.000,42.000,,43.000,42.000
2454,43.000,44.000,43.000,43.000,,44.000,44.000,,44.000,45.000
2455,32.000,29.000,30.000,31.000,,30.000,33.000,,30.000,29.000
2456,37.000,39.000,37.000,38.000,,38.000,35.000,,38.000,38.000
2457,41.000,40.000,42.000,41.000,,41.000,40.000,,41.000,41.000
2458,43.000,45.000,45.000,43.000,,43.000,46.000,,45.000,45.000
2459,32.000,31.000,30.000,33.000,,31.000,31.000,,30.000,31.000
2460,46.000,46.000,47.000,46.000,,47.000,46.000,,46.000,47.000
2461,44.000,43.000,42.000,44.000,,44.000,44.000,,45.000,43.000
2462,39.000,39.000,41.000,39.000,,39.000,38.000,,39.000,38.000
2463,45.000,46.000,45.000,43.000,,45.000,46.000,,46.000,47.000
2464,31.000,31.000,32.000,32.000,,30.000,30.000,,30.000,30.000
2465,44.000,47.000,46.000,47.000,,47.000,48.000,,47.000,48.000
2466,43.000,41.000,39.000,41.000,,42.000,40.000,,41.000,40.000
2467,42.000,41.000,42.000,41.000,,41.000,41.000,,41.000,41.000
2468,46.000,42.000,43.000,42.000,,43.000,44.000,,43.000,43.000
2469,29.000,32.000,36.000,34.000,,34.000,34.000,,33.000,34.000
2470,48.000,50.000,46.000,49.000,,49.000,48.000,,48.000,49.000
2471,50.000,50.000,49.000,50.000,,49.000,50.000,,51.000,48.000
2472,44.000,43.000,43.000,43.000,,43.000,42.000,,42.000,44.000
2473,38.000,38.000,38.000,37.000,,37.000,37.000,,38.000,37.000
2474,47.000,47.000,48.000,46.000,,47.000,48.000,,47.000,47.000
2475,51.000,50.000,51.000,51.000,,50.000,51.000,,51.000,51.000
2476,51.000,51.000,52.000,51.000,,51.000,50.000,,51.000,51.000
2477,39.000,42.000,37.000,42.000,,39.000,40.000,,39.000,40.000
2478,42.000,39.000,42.000,41.000,,41.000,41.000,,41.000,40.000
2479,47.000,49.000,49.000,48.000,,50.000,49.000,,49.000,49.000
2480,54.000,53.000,52.000,52.000,,51.000,56.000,,55.000,53.000
2481,49.000,49.000,50.000,50.000,,51.000,46.000,,46.000,50.000
2482,51.000,51.000,51.000,51.000,,51.000,51.000,,51.000,51.000
2483,57.000,51.000,51.000,51.000,,51.000,51.000,,51.000,50.000
2484,45.000,51.000,50.000,51.000,,50.000,51.000,,51.000,51.000
2485,56.000,66.000,53.000,51.000,,53.000,52.000,,52.000,53.000
2486,46.000,36.000,50.000,69.000,,50.000,50.000,,50.000,50.000
2487,42.000,42.000,40.000,23.000,,41.000,41.000,,52.000,41.000
2488,43.000,43.000,45.000,45.000,,42.000,43.000,,35.000,44.000
2489,48.000,45.000,47.000,44.000,,47.000,49.000,,49.000,48.000
2490,51.000,53.000,50.000,50.000,,52.000,52.000,,50.000,51.000
2491,50.000,50.000,51.000,54.000,,51.000,50.000,,50.000,52.000
2492,52.000,50.000,53.000,50.000,,52.000,52.000,,48.000,49.000
2493,51.000,52.000,50.000,52.000,,50.000,49.000,,52.000,51.000
2494,51.000,51.000,52.000,52.000,,52.000,50.000,,51.000,52.000
2495,50.000,53.000,51.000,51.000,,51.000,53.000,,52.000,52.000
2496,52.000,47.000,51.000,51.000,,49.000,50.000,,49.000,50.000
2497,50.000,55.000,50.000,52.000,,53.000,52.000,,53.000,51.000
2498,51.000,50.000,52.000,50.000,,51.000,54.000,,51.000,51.000
2499,52.000,50.000,49.000,51.000,,52.000,49.000,,51.000,51.000
2500,51.000,53.000,53.000,49.000,,51.000,50.000,,51.000,51.000
2501,50.000,52.000,51.000,53.000,,51.000,52.000,,51.000,53.000
2502,53.000,48.000,51.000,52.000,,51.000,50.000,,50.000,50.000
2503,52.000,53.000,50.000,51.000,,52.000,52.000,,52.000,51.000
2504,50.000,52.000,52.000,51.000,,52.000,52.000,,52.000,51.000
2505,50.000,49.000,50.000,50.000,,48.000,52.000,,50.000,53.000
2506,52.000,52.000,53.000,50.000,,54.000,48.000,,52.000,48.000
2507,50.000,48.000,50.000,52.000,,50.000,49.000,,48.000,51.000
2508,50.000,54.000,51.000,52.000,,51.000,53.000,,53.000,53.000
2509,55.000,53.000,53.000,51.000,,53.000,52.000,,54.000,49.000
2510,50.000,50.000,51.000,51.000,,50.000,51.000,,51.000,51.000
2511,51.000,51.000,51.000,52.000,,51.000,52.000,,51.000,52.000
2512,51.000,49.000,51.000,51.000,,50.000,50.000,,50.000,51.000
2513,51.000,53.000,49.000,49.000,,68.000,52.000,,54.000,51.000
2514,52.000,50.000,50.000,52.000,,35.000,50.000,,50.000,52.000
2515,72.000,53.000,66.000,51.000,,54.000,53.000,,53.000,54.000
2516,30.000,53.000,41.000,52.000,,52.000,51.000,,50.000,52.000
2517,52.000,50.000,50.000,51.000,,49.000,50.000,,51.000,49.000
2518,50.000,50.000,50.000,68.000,,51.000,52.000,,51.000,51.000
2519,50.000,50.000,52.000,35.000,,50.000,50.000,,48.000,50.000
2520,51.000,51.000,50.000,51.000,,51.000,52.000,,50.000,50.000
2521,52.000,54.000,51.000,51.000,,52.000,55.000,,54.000,50.000
2522,51.000,48.000,51.000,53.000,,50.000,47.000,,49.000,52.000
2523,51.000,53.000,52.000,48.000,,52.000,50.000,,53.000,52.000
2524,49.000,50.000,47.000,52.000,,49.000,52.000,,48.000,51.000
2525,54.000,51.000,55.000,50.000,,53.000,50.000,,54.000,51.000
2526,50.000,51.000,49.000,52.000,,50.000,52.000,,49.000,50.000
2527,50.000,50.000,52.000,50.000,,52.000,52.000,,51.000,51.000
2528,51.000,51.000,52.000,51.000,,50.000,50.000,,51.000,51.000
2529,51.000,52.000,50.000,50.000,,50.000,51.000,,51.000,51.000
2530,52.000,51.000,52.000,53.000,,52.000,51.000,,52.000,52.000
2531,51.000,54.000,50.000,50.000,,51.000,51.000,,51.000,50.000
2532,50.000,48.000,50.000,51.000,,51.000,49.000,,51.000,51.000
2533,49.000,49.000,52.000,51.000,,51.000,50.000,,49.000,52.000
2534,54.000,51.000,51.000,51.000,,51.000,53.000,,51.000,51.000
2535,50.000,53.000,53.000,55.000,,53.000,53.000,,54.000,51.000
2536,52.000,53.000,49.000,47.000,,49.000,48.000,,49.000,50.000
2537,51.000,51.000,51.000,53.000,,52.000,53.000,,52.000,52.000
2538,54.000,50.000,50.000,52.000,,50.000,50.000,,50.000,52.000
2539,47.000,48.000,52.000,50.000,,51.000,52.000,,51.000,51.000
2540,53.000,55.000,53.000,49.000,,52.000,52.000,,53.000,49.000
2541,50.000,48.000,50.000,52.000,,50.000,49.000,,50.000,51.000
2542,52.000,53.000,51.000,51.000,,52.000,51.000,,53.000,51.000
2543,50.000,49.000,51.000,51.000,,51.000,52.000,,50.000,53.000
2544,51.000,53.000,51.000,51.000,,50.000,52.000,,51.000,49.000
2545,52.000,51.000,50.000,50.000,,52.000,49.000,,51.000,59.000
2546,50.000,50.000,53.000,52.000,,50.000,53.000,,51.000,44.000
2547,52.000,53.000,51.000,53.000,,52.000,49.000,,52.000,52.000
2548,50.000,50.000,50.000,49.000,,51.000,51.000,,51.000,56.000
2549,50.000,48.000,50.000,53.000,,50.000,49.000,,50.000,47.000
2550,52.000,51.000,53.000,49.000,,51.000,52.000,,51.000,49.000
2551,51.000,54.000,50.000,52.000,,52.000,52.000,,51.000,51.000
2552,52.000,53.000,98.000,52.000,,51.000,54.000,,53.000,52.000
2553,53.000,52.000,23.000,53.000,,53.000,54.000,,52.000,52.000
2554,50.000,51.000,35.000,50.000,,52.000,49.000,,51.000,51.000
2555,52.000,56.000,51.000,50.000,,51.000,53.000,,52.000,53.000
2556,60.000,54.000,49.000,53.000,,51.000,49.000,,55.000,49.000
2557,43.000,42.000,50.000,50.000,,52.000,71.000,,50.000,51.000
2558,50.000,51.000,54.000,52.000,,50.000,32.000,,48.000,53.000
2559,52.000,53.000,52.000,57.000,,53.000,60.000,,51.000,54.000
2560,51.000,48.000,51.000,46.000,,49.000,42.000,,49.000,49.000
2561,51.000,52.000,49.000,54.000,,51.000,51.000,,55.000,50.000
2562,53.000,52.000,53.000,48.000,,52.000,53.000,,51.000,52.000
2563,50.000,55.000,51.000,51.000,,51.000,51.000,,52.000,51.000
2564,54.000,49.000,52.000,52.000,,54.000,49.000,,50.000,54.000
2565,48.000,52.000,50.000,51.000,,48.000,53.000,,52.000,48.000
2566,50.000,51.000,51.000,50.000,,51.000,50.000,,48.000,51.000
2567,52.000,51.000,50.000,50.000,,50.000,50.000,,52.000,51.000
2568,51.000,51.000,52.000,52.000,,54.000,56.000,,51.000,51.000
2569,54.000,52.000,55.000,50.000,,49.000,48.000,,51.000,52.000
2570,50.000,50.000,49.000,52.000,,52.000,50.000,,51.000,51.000
2571,49.000,51.000,51.000,51.000,,50.000,51.000,,51.000,51.000
2572,52.000,52.000,51.000,53.000,,52.000,51.000,,52.000,51.000
2573,49.000,51.000,53.000,49.000,,50.000,51.000,,50.000,50.000
2574,56.000,51.000,47.000,51.000,,52.000,52.000,,51.000,54.000
2575,46.000,50.000,51.000,51.000,,50.000,51.000,,50.000,45.000
2576,54.000,51.000,54.000,51.000,,53.000,51.000,,54.000,55.000
2577,50.000,52.000,50.000,51.000,,52.000,52.000,,51.000,52.000
2578,53.000,52.000,52.000,53.000,,51.000,50.000,,52.000,50.000
2579,51.000,50.000,51.000,50.000,,50.000,50.000,,49.000,52.000
2580,50.000,50.000,53.000,51.000,,87.000,53.000,,52.000,51.000
2581,53.000,53.000,53.000,54.000,,23.000,60.000,,57.000,53.000
2582,49.000,73.000,54.000,50.000,,44.000,42.000,,74.000,49.000
2583,52.000,30.000,74.000,50.000,,52.000,56.000,,23.000,52.000
2584,63.000,61.000,30.000,60.000,,58.000,55.000,,62.000,59.000
2585,41.000,41.000,55.000,45.000,,45.000,45.000,,43.000,53.000
2586,47.000,47.000,42.000,46.000,,45.000,48.000,,45.000,40.000
2587,46.000,48.000,40.000,47.000,,47.000,43.000,,46.000,44.000
2588,50.000,49.000,51.000,51.000,,52.000,51.000,,51.000,53.000
2589,51.000,50.000,50.000,49.000,,49.000,50.000,,50.000,48.000
2590,53.000,52.000,53.000,52.000,,52.000,52.000,,52.000,51.000
2591,50.000,53.000,51.000,54.000,,52.000,53.000,,52.000,52.000
2592,51.000,50.000,50.000,48.000,,51.000,50.000,,51.000,52.000
2593,53.000,52.000,53.000,52.000,,51.000,51.000,,51.000,52.000
2594,50.000,50.000,49.000,51.000,,51.000,51.000,,51.000,48.000
2595,53.000,52.000,53.000,52.000,,51.000,51.000,,51.000,53.000
2596,50.000,49.000,51.000,52.000,,50.000,52.000,,50.000,49.000
2597,49.000,52.000,50.000,51.000,,52.000,52.000,,52.000,51.000
2598,53.000,52.000,50.000,48.000,,50.000,51.000,,50.000,51.000
2599,52.000,51.000,54.000,55.000,,52.000,52.000,,52.000,52.000
2600,50.000,51.000,50.000,51.000,,51.000,52.000,,51.000,51.000
2601,52.000,50.000,52.000,51.000,,51.000,52.000,,51.000,54.000
2602,53.000,51.000,52.000,53.000,,51.000,51.000,,52.000,50.000
2603,51.000,52.000,51.000,49.000,,53.000,52.000,,51.000,50.000
2604,49.000,54.000,51.000,51.000,,53.000,49.000,,53.000,54.000
2605,52.000,52.000,52.000,53.000,,52.000,52.000,,52.000,51.000
2606,48.000,49.000,48.000,50.000,,47.000,50.000,,48.000,52.000
2607,54.000,48.000,50.000,51.000,,50.000,52.000,,50.000,50.000
2608,51.000,54.000,54.000,51.000,,54.000,51.000,,54.000,53.000
2609,52.000,52.000,52.000,50.000,,53.000,51.000,,52.000,50.000
2610,50.000,52.000,51.000,52.000,,50.000,50.000,,51.000,51.000
2611,52.000,49.000,50.000,51.000,,51.000,52.000,,51.000,51.000
2612,51.000,52.000,51.000,52.000,,52.000,53.000,,52.000,51.000
2613,53.000,53.000,53.000,51.000,,52.000,52.000,,50.000,50.000
2614,48.000,50.000,50.000,51.000,,49.000,48.000,,50.000,52.000
2615,53.000,50.000,52.000,50.000,,51.000,52.000,,52.000,51.000
2616,51.000,52.000,51.000,51.000,,53.000,50.000,,53.000,52.000
2617,51.000,52.000,51.000,52.000,,51.000,52.000,,50.000,51.000
2618,50.000,49.000,50.000,48.000,,48.000,50.000,,49.000,50.000
2619,50.000,53.000,52.000,53.000,,53.000,52.000,,53.000,51.000
2620,51.000,49.000,50.000,51.000,,49.000,51.000,,50.000,50.000
2621,53.000,53.000,52.000,52.000,,54.000,52.000,,53.000,52.000
2622,52.000,50.000,53.000,50.000,,48.000,50.000,,52.000,51.000
2623,49.000,52.000,50.000,51.000,,55.000,51.000,,50.000,52.000
2624,51.000,51.000,49.000,52.000,,49.000,50.000,,48.000,51.000
2625,49.000,49.000,52.000,50.000,,51.000,54.000,,52.000,50.000
2626,51.000,52.000,50.000,51.000,,52.000,70.000,,52.000,54.000
2627,53.000,52.000,52.000,52.000,,53.000,29.000,,52.000,51.000
2628,53.000,51.000,53.000,51.000,,47.000,49.000,,56.000,54.000
2629,50.000,48.000,50.000,51.000,,52.000,63.000,,46.000,47.000
2630,49.000,50.000,48.000,48.000,,50.000,41.000,,49.000,49.000
2631,51.000,51.000,52.000,50.000,,52.000,51.000,,51.000,53.000
2632,52.000,53.000,52.000,54.000,,52.000,52.000,,51.000,50.000
2633,50.000,61.000,50.000,52.000,,50.000,51.000,,51.000,50.000
2634,52.000,43.000,53.000,51.000,,51.000,50.000,,51.000,52.000
2635,51.000,49.000,49.000,51.000,,50.000,51.000,,51.000,51.000
2636,50.000,52.000,51.000,50.000,,66.000,50.000,,49.000,49.000
2637,53.000,51.000,51.000,51.000,,35.000,51.000,,52.000,52.000
2638,48.000,48.000,49.000,50.000,,50.000,49.000,,50.000,49.000
2639,49.000,53.000,52.000,51.000,,51.000,52.000,,51.000,53.000
2640,52.000,49.000,51.000,50.000,,51.000,50.000,,51.000,50.000
2641,51.000,52.000,50.000,50.000,,50.000,51.000,,50.000,50.000
2642,52.000,53.000,53.000,52.000,,54.000,53.000,,53.000,51.000
2643,51.000,47.000,48.000,48.000,,47.000,50.000,,48.000,51.000
2644,50.000,51.000,51.000,51.000,,52.000,51.000,,51.000,51.000
2645,51.000,52.000,52.000,52.000,,51.000,51.000,,52.000,51.000
2646,53.000,53.000,50.000,51.000,,52.000,50.000,,51.000,51.000
2647,50.000,50.000,52.000,51.000,,50.000,51.000,,51.000,52.000
2648,51.000,51.000,51.000,51.000,,51.000,52.000,,51.000,50.000
2649,52.000,50.000,51.000,52.000,,52.000,52.000,,52.000,52.000
2650,51.000,54.000,50.000,50.000,,51.000,51.000,,51.000,53.000
2651,50.000,49.000,53.000,53.000,,52.000,51.000,,52.000,48.000
2652,49.000,49.000,49.000,49.000,,49.000,51.000,,49.000,55.000
2653,52.000,52.000,52.000,54.000,,52.000,51.000,,52.000,46.000
2654,52.000,52.000,51.000,51.000,,52.000,50.000,,51.000,54.000
2655,52.000,51.000,52.000,51.000,,50.000,51.000,,52.000,48.000
2656,50.000,52.000,50.000,51.000,,52.000,52.000,,50.000,51.000
2657,52.000,52.000,52.000,51.000,,52.000,52.000,,53.000,52.000
2658,50.000,51.000,52.000,51.000,,51.000,50.000,,51.000,52.000
2659,51.000,51.000,51.000,51.000,,51.000,51.000,,53.000,51.000
2660,51.000,50.000,52.000,52.000,,52.000,52.000,,50.000,52.000
2661,52.000,52.000,51.000,51.000,,52.000,51.000,,51.000,51.000
2662,49.000,51.000,50.000,50.000,,49.000,51.000,,50.000,50.000
2663,51.000,50.000,52.000,51.000,,51.000,51.000,,52.000,52.000
2664,53.000,52.000,51.000,52.000,,52.000,51.000,,51.000,91.000
2665,52.000,52.000,51.000,52.000,,54.000,52.000,,52.000,21.000
2666,49.000,50.000,51.000,50.000,,48.000,52.000,,50.000,41.000
2667,54.000,53.000,60.000,53.000,,54.000,52.000,,53.000,72.000
2668,53.000,53.000,44.000,54.000,,50.000,51.000,,59.000,34.000
2669,50.000,50.000,61.000,47.000,,50.000,49.000,,42.000,49.000
2670,52.000,50.000,38.000,49.000,,49.000,50.000,,49.000,54.000
2671,52.000,51.000,52.000,52.000,,52.000,53.000,,52.000,50.000
2672,56.000,54.000,51.000,53.000,,52.000,50.000,,52.000,52.000
2673,48.000,45.000,51.000,52.000,,50.000,53.000,,50.000,51.000
2674,66.000,54.000,53.000,49.000,,53.000,51.000,,53.000,49.000
2675,31.000,49.000,50.000,50.000,,49.000,50.000,,49.000,49.000
2676,49.000,50.000,48.000,51.000,,49.000,49.000,,48.000,49.000
2677,52.000,51.000,50.000,51.000,,51.000,50.000,,52.000,52.000
2678,51.000,52.000,52.000,52.000,,52.000,51.000,,52.000,50.000
2679,51.000,49.000,52.000,49.000,,51.000,50.000,,50.000,52.000
2680,51.000,51.000,51.000,53.000,,50.000,52.000,,51.000,51.000
2681,52.000,52.000,53.000,54.000,,53.000,52.000,,52.000,51.000
2682,48.000,50.000,49.000,47.000,,49.000,50.000,,50.000,51.000
2683,51.000,51.000,52.000,52.000,,51.000,53.000,,51.000,52.000
2684,53.000,52.000,51.000,51.000,,52.000,49.000,,52.000,51.000
2685,51.000,51.000,51.000,49.000,,51.000,54.000,,51.000,52.000
2686,51.000,50.000,50.000,51.000,,50.000,47.000,,50.000,49.000
2687,54.000,53.000,52.000,53.000,,52.000,52.000,,52.000,52.000
2688,48.000,49.000,48.000,48.000,,51.000,51.000,,49.000,50.000
2689,50.000,51.000,53.000,52.000,,50.000,51.000,,52.000,52.000
2690,53.000,52.000,52.000,53.000,,53.000,53.000,,52.000,50.000
2691,49.000,51.000,51.000,50.000,,49.000,50.000,,50.000,51.000
2692,51.000,51.000,49.000,52.000,,52.000,52.000,,51.000,53.000
2693,53.000,49.000,51.000,50.000,,49.000,50.000,,50.000,49.000
2694,51.000,54.000,53.000,53.000,,55.000,54.000,,55.000,53.000
2695,52.000,50.000,50.000,51.000,,52.000,50.000,,51.000,51.000
2696,51.000,52.000,51.000,50.000,,48.000,51.000,,50.000,51.000
2697,51.000,54.000,54.000,53.000,,55.000,52.000,,55.000,51.000
2698,53.000,52.000,52.000,51.000,,51.000,52.000,,50.000,53.000
2699,50.000,50.000,49.000,49.000,,51.000,49.000,,51.000,51.000
2700,51.000,51.000,49.000,55.000,,49.000,52.000,,51.000,51.000
2701,51.000,50.000,54.000,49.000,,51.000,52.000,,53.000,50.000
2702,49.000,50.000,48.000,50.000,,51.000,49.000,,49.000,50.000
2703,55.000,53.000,55.000,55.000,,54.000,55.000,,53.000,63.000
2704,50.000,47.000,50.000,50.000,,53.000,49.000,,50.000,41.000
2705,56.000,56.000,52.000,50.000,,49.000,51.000,,53.000,52.000
2706,44.000,50.000,50.000,51.000,,49.000,52.000,,49.000,68.000
2707,57.000,65.000,52.000,50.000,,52.000,51.000,,51.000,34.000
2708,47.000,39.000,51.000,53.000,,51.000,51.000,,53.000,51.000
2709,49.000,46.000,52.000,49.000,,49.000,50.000,,48.000,50.000
2710,60.000,54.000,50.000,52.000,,60.000,70.000,,51.000,55.000
2711,42.000,48.000,48.000,56.000,,43.000,30.000,,60.000,45.000
2712,52.000,52.000,50.000,42.000,,53.000,52.000,,44.000,52.000
2713,50.000,53.000,54.000,71.000,,50.000,50.000,,58.000,51.000
2714,53.000,51.000,52.000,35.000,,55.000,54.000,,44.000,54.000
2715,50.000,52.000,51.000,51.000,,48.000,51.000,,52.000,49.000
2716,51.000,49.000,50.000,52.000,,48.000,49.000,,48.000,50.000
2717,51.000,53.000,52.000,50.000,,53.000,56.000,,51.000,51.000
2718,49.000,48.000,49.000,49.000,,50.000,43.000,,56.000,51.000
2719,52.000,53.000,53.000,53.000,,54.000,53.000,,47.000,52.000
2720,51.000,50.000,47.000,49.000,,49.000,53.000,,49.000,52.000
2721,52.000,50.000,55.000,52.000,,51.000,51.000,,51.000,49.000
2722,51.000,53.000,51.000,52.000,,52.000,48.000,,51.000,52.000
2723,52.000,53.000,52.000,52.000,,53.000,54.000,,52.000,52.000
2724,50.000,51.000,50.000,50.000,,46.000,50.000,,51.000,50.000
2725,51.000,49.000,51.000,49.000,,52.000,52.000,,51.000,51.000
2726,52.000,53.000,53.000,52.000,,51.000,50.000,,51.000,50.000
2727,49.000,49.000,48.000,51.000,,53.000,50.000,,51.000,51.000
2728,52.000,50.000,50.000,52.000,,50.000,51.000,,47.000,52.000
2729,52.000,53.000,54.000,49.000,,56.000,54.000,,54.000,51.000
2730,48.000,49.000,48.000,52.000,,46.000,47.000,,52.000,51.000
2731,51.000,52.000,50.000,51.000,,52.000,53.000,,50.000,51.000
2732,54.000,51.000,72.000,52.000,,53.000,54.000,,53.000,52.000
2733,51.000,51.000,36.000,51.000,,48.000,49.000,,58.000,51.000
2734,50.000,52.000,55.000,56.000,,53.000,54.000,,48.000,55.000
2735,52.000,51.000,45.000,60.000,,49.000,49.000,,49.000,57.000
2736,53.000,53.000,56.000,39.000,,54.000,73.000,,50.000,46.000
2737,50.000,50.000,46.000,61.000,,50.000,30.000,,50.000,61.000
2738,50.000,51.000,49.000,39.000,,49.000,51.000,,49.000,36.000
2739,49.000,48.000,50.000,50.000,,49.000,49.000,,50.000,51.000
2740,52.000,51.000,54.000,50.000,,51.000,48.000,,52.000,49.000
2741,50.000,52.000,47.000,50.000,,49.000,51.000,,49.000,51.000
2742,52.000,50.000,54.000,52.000,,52.000,51.000,,52.000,51.000
2743,51.000,50.000,51.000,53.000,,52.000,54.000,,51.000,52.000
2744,50.000,51.000,50.000,50.000,,51.000,50.000,,50.000,51.000
2745,52.000,52.000,52.000,50.000,,52.000,53.000,,53.000,51.000
2746,50.000,52.000,52.000,55.000,,51.000,50.000,,51.000,51.000
2747,52.000,52.000,50.000,50.000,,50.000,52.000,,50.000,54.000
2748,50.000,51.000,50.000,53.000,,52.000,49.000,,52.000,48.000
2749,54.000,51.000,54.000,49.000,,51.000,55.000,,51.000,52.000
2750,54.000,51.000,49.000,52.000,,51.000,50.000,,51.000,51.000
2751,48.000,51.000,48.000,49.000,,50.000,47.000,,50.000,52.000
2752,48.000,51.000,55.000,51.000,,52.000,54.000,,52.000,50.000
2753,54.000,49.000,51.000,52.000,,51.000,52.000,,51.000,51.000
2754,48.000,52.000,50.000,48.000,,50.000,50.000,,50.000,51.000
2755,54.000,53.000,51.000,54.000,,53.000,52.000,,53.000,52.000
2756,51.000,51.000,53.000,51.000,,51.000,50.000,,50.000,50.000
2757,50.000,51.000,49.000,52.000,,51.000,52.000,,52.000,51.000
2758,51.000,50.000,54.000,50.000,,52.000,51.000,,50.000,53.000
2759,50.000,51.000,46.000,50.000,,48.000,51.000,,50.000,48.000
2760,54.000,54.000,54.000,53.000,,56.000,54.000,,55.000,54.000
2761,51.000,49.000,52.000,51.000,,50.000,50.000,,49.000,50.000
2762,50.000,51.000,51.000,51.000,,52.000,48.000,,51.000,52.000
2763,50.000,50.000,52.000,50.000,,48.000,53.000,,56.000,50.000
2764,52.000,51.000,49.000,51.000,,54.000,50.000,,46.000,49.000
2765,51.000,51.000,51.000,52.000,,52.000,51.000,,53.000,52.000
2766,51.000,52.000,52.000,50.000,,51.000,52.000,,50.000,51.000
2767,54.000,51.000,51.000,51.000,,47.000,52.000,,51.000,53.000
2768,50.000,50.000,51.000,52.000,,54.000,52.000,,51.000,51.000
2769,49.000,50.000,50.000,50.000,,52.000,49.000,,49.000,49.000
2770,52.000,54.000,52.000,52.000,,50.000,51.000,,52.000,53.000
2771,53.000,51.000,52.000,53.000,,52.000,52.000,,53.000,51.000
2772,50.000,52.000,51.000,51.000,,51.000,49.000,,53.000,52.000
2773,49.000,49.000,48.000,49.000,,47.000,52.000,,49.000,49.000
2774,54.000,53.000,55.000,52.000,,56.000,52.000,,52.000,52.000
2775,50.000,52.000,49.000,53.000,,50.000,53.000,,53.000,51.000
2776,51.000,49.000,52.000,49.000,,51.000,49.000,,51.000,51.000
2777,49.000,51.000,50.000,49.000,,87.000,49.000,,48.000,49.000
2778,54.000,49.000,50.000,54.000,,18.000,51.000,,51.000,51.000
2779,46.000,49.000,50.000,46.000,,42.000,49.000,,49.000,49.000
2780,52.000,52.000,50.000,52.000,,74.000,51.000,,53.000,52.000
2781,51.000,51.000,50.000,50.000,,28.000,51.000,,50.000,50.000
2782,54.000,51.000,52.000,52.000,,53.000,52.000,,50.000,54.000
2783,50.000,53.000,53.000,53.000,,51.000,52.000,,51.000,50.000
2784,51.000,50.000,49.000,90.000,,51.000,52.000,,65.000,51.000
2785,49.000,52.000,52.000,15.000,,51.000,51.000,,38.000,53.000
2786,47.000,48.000,48.000,43.000,,48.000,72.000,,48.000,45.000
2787,51.000,49.000,51.000,50.000,,51.000,28.000,,50.000,50.000
2788,50.000,51.000,50.000,51.000,,50.000,46.000,,50.000,51.000
2789,48.000,47.000,47.000,46.000,,48.000,47.000,,48.000,47.000
2790,22.000,22.000,,23.000,,22.000,21.000,,21.000,22.000
2791,,,,,,,,,,
