Round,Node_0,Node_1,Node_2,Node_3,Node_4,Node_5,Node_6,Node_7,Node_8,Node_9
1,13406.000,11918.000,10456.000,8994.000,7497.000,6016.000,4514.000,3059.000,1586.000,101.000
2,13.000,13.000,16.000,11.000,15.000,14.000,12.000,51.000,53.000,53.000
3,52.000,54.000,48.000,53.000,50.000,52.000,53.000,53.000,52.000,51.000
4,54.000,52.000,53.000,54.000,54.000,51.000,53.000,50.000,52.000,53.000
5,50.000,51.000,51.000,51.000,50.000,51.000,51.000,52.000,51.000,50.000
6,53.000,52.000,53.000,53.000,53.000,53.000,53.000,51.000,50.000,46.000
7,51.000,51.000,51.000,50.000,51.000,51.000,50.000,51.000,51.000,53.000
8,51.000,51.000,51.000,51.000,50.000,51.000,51.000,51.000,50.000,52.000
9,50.000,50.000,50.000,50.000,50.000,50.000,51.000,52.000,53.000,51.000
10,52.000,52.000,52.000,52.000,52.000,52.000,51.000,51.000,51.000,50.000
11,51.000,51.000,51.000,51.000,52.000,51.000,51.000,51.000,50.000,51.000
12,50.000,50.000,51.000,51.000,50.000,51.000,51.000,49.000,52.000,51.000
13,51.000,51.000,50.000,50.000,51.000,50.000,51.000,51.000,53.000,52.000
14,52.000,53.000,49.000,51.000,50.000,51.000,50.000,52.000,50.000,51.000
15,51.000,50.000,54.000,52.000,53.000,52.000,53.000,52.000,50.000,51.000
16,52.000,52.000,52.000,52.000,51.000,52.000,52.000,35.000,34.000,48.000
17,48.000,50.000,46.000,49.000,49.000,48.000,49.000,29.000,30.000,51.000
18,48.000,50.000,52.000,51.000,51.000,52.000,52.000,50.000,51.000,51.000
19,50.000,51.000,48.000,51.000,50.000,50.000,49.000,51.000,52.000,49.000
20,52.000,52.000,53.000,52.000,53.000,53.000,52.000,53.000,50.000,52.000
21,51.000,51.000,52.000,52.000,52.000,51.000,51.000,50.000,51.000,50.000
22,51.000,51.000,50.000,49.000,50.000,50.000,50.000,52.000,51.000,51.000
23,50.000,50.000,52.000,51.000,50.000,51.000,51.000,49.000,52.000,50.000
24,51.000,51.000,49.000,48.000,51.000,51.000,51.000,52.000,51.000,51.000
25,51.000,51.000,53.000,51.000,51.000,51.000,53.000,51.000,51.000,53.000
26,51.000,52.000,51.000,52.000,52.000,51.000,50.000,52.000,52.000,49.000
27,53.000,52.000,52.000,54.000,51.000,52.000,51.000,51.000,49.000,54.000
28,50.000,50.000,49.000,50.000,50.000,50.000,51.000,51.000,52.000,52.000
29,51.000,50.000,52.000,51.000,51.000,51.000,50.000,52.000,53.000,51.000
30,50.000,52.000,50.000,51.000,52.000,51.000,52.000,50.000,50.000,88.000
31,51.000,51.000,52.000,51.000,51.000,51.000,51.000,50.000,50.000,15.000
32,52.000,50.000,52.000,51.000,50.000,51.000,51.000,51.000,52.000,48.000
33,50.000,52.000,50.000,52.000,52.000,51.000,52.000,51.000,50.000,52.000
34,51.000,51.000,50.000,51.000,51.000,51.000,49.000,51.000,52.000,51.000
35,53.000,52.000,51.000,52.000,52.000,51.000,52.000,51.000,50.000,50.000
36,54.000,50.000,55.000,50.000,51.000,51.000,53.000,51.000,51.000,94.000
37,48.000,47.000,48.000,51.000,50.000,51.000,51.000,50.000,51.000,16.000
38,50.000,50.000,51.000,51.000,51.000,52.000,49.000,52.000,52.000,43.000
39,53.000,54.000,51.000,51.000,51.000,50.000,53.000,51.000,51.000,52.000
40,52.000,53.000,51.000,51.000,51.000,53.000,51.000,49.000,50.000,48.000
41,50.000,53.000,51.000,52.000,52.000,51.000,51.000,49.000,52.000,51.000
42,49.000,50.000,50.000,51.000,51.000,50.000,50.000,50.000,51.000,51.000
43,53.000,50.000,53.000,52.000,50.000,51.000,51.000,54.000,51.000,53.000
44,50.000,52.000,49.000,50.000,52.000,52.000,51.000,52.000,52.000,50.000
45,50.000,50.000,53.000,50.000,50.000,49.000,51.000,52.000,132.000,100.000
46,53.000,51.000,50.000,52.000,52.000,52.000,51.000,100.000,28.000,20.000
47,51.000,52.000,51.000,50.000,52.000,51.000,51.000,16.000,21.000,35.000
48,49.000,50.000,50.000,51.000,50.000,51.000,51.000,35.000,20.000,48.000
49,51.000,51.000,51.000,51.000,51.000,51.000,50.000,51.000,51.000,50.000
50,51.000,52.000,54.000,51.000,50.000,51.000,52.000,51.000,49.000,19.000
51,52.000,51.000,48.000,52.000,52.000,52.000,51.000,52.000,52.000,52.000
52,52.000,51.000,52.000,50.000,51.000,50.000,51.000,51.000,49.000,49.000
53,51.000,46.000,50.000,52.000,51.000,52.000,51.000,50.000,52.000,50.000
54,51.000,48.000,51.000,50.000,50.000,49.000,50.000,50.000,55.000,54.000
55,50.000,53.000,51.000,51.000,51.000,51.000,52.000,52.000,46.000,43.000
56,49.000,50.000,51.000,50.000,52.000,52.000,50.000,51.000,50.000,49.000
57,56.000,52.000,51.000,51.000,51.000,51.000,52.000,51.000,52.000,51.000
58,50.000,50.000,53.000,52.000,51.000,51.000,50.000,51.000,51.000,54.000
59,51.000,52.000,50.000,51.000,51.000,51.000,52.000,51.000,51.000,49.000
60,51.000,51.000,51.000,51.000,52.000,51.000,50.000,51.000,50.000,54.000
61,52.000,52.000,49.000,51.000,49.000,51.000,51.000,51.000,51.000,48.000
62,50.000,50.000,52.000,51.000,51.000,51.000,52.000,51.000,52.000,51.000
63,51.000,51.000,52.000,51.000,51.000,51.000,50.000,50.000,50.000,50.000
64,51.000,50.000,53.000,52.000,50.000,51.000,45.000,52.000,52.000,52.000
65,52.000,52.000,53.000,50.000,52.000,51.000,57.000,51.000,51.000,58.000
66,51.000,52.000,50.000,51.000,52.000,51.000,51.000,51.000,51.000,45.000
67,54.000,50.000,51.000,52.000,52.000,51.000,52.000,51.000,51.000,49.000
68,50.000,53.000,52.000,51.000,50.000,51.000,51.000,51.000,51.000,52.000
69,51.000,50.000,52.000,51.000,51.000,51.000,51.000,51.000,53.000,52.000
70,50.000,53.000,50.000,50.000,51.000,52.000,51.000,51.000,49.000,51.000
71,52.000,49.000,50.000,51.000,50.000,50.000,51.000,51.000,51.000,51.000
72,50.000,52.000,52.000,52.000,52.000,52.000,51.000,51.000,51.000,51.000
73,52.000,50.000,50.000,50.000,50.000,50.000,50.000,51.000,50.000,50.000
74,49.000,52.000,49.000,52.000,51.000,51.000,52.000,51.000,145.000,141.000
75,49.000,52.000,48.000,49.000,50.000,49.000,48.000,51.000,18.000,56.000
76,57.000,52.000,54.000,55.000,53.000,54.000,55.000,53.000,20.000,18.000
77,48.000,49.000,48.000,49.000,51.000,50.000,50.000,50.000,24.000,15.000
78,51.000,50.000,51.000,51.000,50.000,51.000,51.000,50.000,49.000,29.000
79,52.000,56.000,52.000,51.000,52.000,52.000,51.000,52.000,52.000,48.000
80,49.000,44.000,49.000,51.000,50.000,50.000,50.000,50.000,51.000,55.000
81,53.000,57.000,53.000,52.000,52.000,52.000,53.000,53.000,52.000,47.000
82,50.000,52.000,50.000,50.000,51.000,50.000,50.000,50.000,49.000,53.000
83,52.000,52.000,50.000,51.000,51.000,51.000,51.000,50.000,52.000,53.000
84,52.000,51.000,54.000,53.000,52.000,53.000,52.000,54.000,51.000,47.000
85,52.000,51.000,50.000,50.000,51.000,51.000,51.000,50.000,51.000,52.000
86,51.000,51.000,51.000,52.000,51.000,45.000,51.000,50.000,52.000,50.000
87,51.000,52.000,54.000,50.000,51.000,56.000,51.000,51.000,50.000,53.000
88,50.000,49.000,50.000,51.000,51.000,51.000,51.000,53.000,52.000,49.000
89,51.000,52.000,49.000,51.000,51.000,51.000,51.000,49.000,51.000,51.000
90,51.000,46.000,51.000,51.000,51.000,51.000,51.000,51.000,51.000,52.000
91,50.000,54.000,51.000,50.000,50.000,51.000,51.000,51.000,50.000,53.000
92,52.000,54.000,51.000,52.000,52.000,52.000,52.000,53.000,52.000,49.000
93,51.000,52.000,53.000,51.000,51.000,52.000,51.000,50.000,52.000,51.000
94,50.000,49.000,51.000,52.000,51.000,50.000,50.000,52.000,49.000,52.000
95,52.000,51.000,51.000,50.000,51.000,51.000,52.000,51.000,52.000,49.000
96,51.000,52.000,51.000,52.000,51.000,51.000,51.000,50.000,52.000,52.000
97,52.000,51.000,52.000,51.000,52.000,51.000,51.000,52.000,50.000,52.000
98,50.000,51.000,50.000,50.000,51.000,51.000,52.000,51.000,52.000,51.000
99,52.000,52.000,50.000,52.000,51.000,51.000,51.000,50.000,51.000,50.000
100,51.000,51.000,51.000,53.000,51.000,52.000,50.000,53.000,52.000,52.000
101,50.000,50.000,53.000,49.000,51.000,50.000,51.000,49.000,51.000,51.000
102,51.000,50.000,50.000,50.000,50.000,51.000,51.000,51.000,50.000,51.000
103,52.000,52.000,52.000,48.000,52.000,51.000,51.000,51.000,51.000,149.000
104,50.000,50.000,52.000,52.000,50.000,50.000,51.000,51.000,51.000,25.000
105,51.000,51.000,49.000,49.000,51.000,51.000,51.000,51.000,50.000,21.000
106,51.000,51.000,51.000,51.000,52.000,52.000,51.000,51.000,52.000,13.000
107,51.000,51.000,52.000,52.000,50.000,54.000,51.000,53.000,51.000,49.000
108,51.000,51.000,49.000,50.000,51.000,48.000,51.000,49.000,51.000,48.000
109,51.000,51.000,51.000,52.000,51.000,51.000,50.000,52.000,50.000,58.000
110,52.000,51.000,52.000,51.000,52.000,51.000,53.000,51.000,52.000,45.000
111,50.000,51.000,51.000,50.000,51.000,51.000,50.000,50.000,50.000,51.000
112,51.000,52.000,53.000,54.000,51.000,52.000,51.000,53.000,53.000,51.000
113,51.000,50.000,50.000,50.000,51.000,50.000,52.000,50.000,50.000,50.000
114,52.000,52.000,52.000,50.000,51.000,51.000,51.000,51.000,51.000,53.000
115,51.000,52.000,52.000,54.000,52.000,52.000,52.000,55.000,52.000,52.000
116,51.000,49.000,47.000,51.000,50.000,50.000,50.000,47.000,50.000,50.000
117,50.000,52.000,53.000,51.000,51.000,51.000,51.000,51.000,52.000,51.000
118,52.000,53.000,53.000,49.000,53.000,52.000,52.000,52.000,51.000,51.000
119,51.000,51.000,51.000,55.000,49.000,51.000,50.000,51.000,51.000,53.000
120,52.000,50.000,50.000,52.000,52.000,52.000,51.000,51.000,51.000,49.000
121,52.000,51.000,52.000,50.000,51.000,50.000,51.000,52.000,51.000,53.000
122,50.000,51.000,50.000,52.000,51.000,51.000,52.000,50.000,52.000,50.000
123,50.000,51.000,52.000,51.000,52.000,52.000,52.000,51.000,51.000,51.000
124,52.000,52.000,51.000,51.000,50.000,50.000,51.000,51.000,50.000,51.000
125,51.000,50.000,52.000,51.000,52.000,51.000,50.000,50.000,51.000,50.000
126,51.000,51.000,48.000,50.000,50.000,51.000,51.000,52.000,52.000,53.000
127,51.000,51.000,53.000,52.000,51.000,52.000,51.000,51.000,51.000,51.000
128,51.000,51.000,50.000,51.000,53.000,51.000,51.000,51.000,51.000,50.000
129,51.000,51.000,51.000,50.000,49.000,51.000,51.000,51.000,51.000,50.000
130,51.000,51.000,53.000,52.000,53.000,51.000,51.000,51.000,51.000,53.000
131,51.000,51.000,51.000,46.000,50.000,51.000,50.000,51.000,51.000,50.000
132,51.000,51.000,52.000,54.000,47.000,51.000,52.000,51.000,51.000,50.000
133,62.000,52.000,48.000,53.000,52.000,51.000,51.000,51.000,51.000,51.000
134,41.000,50.000,53.000,51.000,50.000,51.000,51.000,51.000,51.000,51.000
135,50.000,51.000,50.000,51.000,50.000,51.000,51.000,51.000,50.000,51.000
136,51.000,51.000,55.000,50.000,54.000,51.000,51.000,52.000,52.000,53.000
137,51.000,51.000,51.000,52.000,51.000,51.000,51.000,50.000,51.000,51.000
138,51.000,51.000,50.000,50.000,52.000,51.000,51.000,51.000,51.000,51.000
139,50.000,51.000,52.000,51.000,52.000,50.000,52.000,51.000,51.000,50.000
140,51.000,51.000,50.000,52.000,48.000,52.000,50.000,52.000,51.000,52.000
141,51.000,52.000,51.000,51.000,49.000,51.000,51.000,50.000,51.000,50.000
142,52.000,50.000,51.000,51.000,50.000,51.000,52.000,51.000,51.000,51.000
143,50.000,51.000,53.000,50.000,53.000,51.000,50.000,51.000,50.000,53.000
144,52.000,51.000,49.000,51.000,51.000,51.000,51.000,52.000,52.000,49.000
145,51.000,52.000,52.000,52.000,51.000,51.000,51.000,51.000,51.000,51.000
146,51.000,51.000,51.000,50.000,51.000,51.000,52.000,50.000,51.000,51.000
147,51.000,50.000,51.000,52.000,53.000,51.000,50.000,51.000,51.000,51.000
148,51.000,51.000,50.000,50.000,49.000,51.000,50.000,51.000,51.000,51.000
149,51.000,51.000,52.000,51.000,52.000,51.000,52.000,52.000,51.000,51.000
150,50.000,51.000,51.000,51.000,52.000,51.000,51.000,51.000,51.000,52.000
151,52.000,51.000,50.000,52.000,49.000,51.000,52.000,51.000,52.000,50.000
152,51.000,51.000,52.000,51.000,52.000,50.000,50.000,51.000,50.000,51.000
153,52.000,52.000,52.000,52.000,50.000,52.000,52.000,51.000,52.000,52.000
154,50.000,51.000,50.000,51.000,52.000,50.000,50.000,50.000,50.000,51.000
155,50.000,50.000,50.000,50.000,52.000,51.000,50.000,52.000,50.000,50.000
156,52.000,51.000,50.000,50.000,52.000,51.000,51.000,49.000,52.000,50.000
157,52.000,51.000,52.000,52.000,52.000,51.000,51.000,51.000,51.000,50.000
158,50.000,51.000,51.000,50.000,51.000,51.000,51.000,52.000,51.000,54.000
159,51.000,51.000,51.000,52.000,51.000,51.000,51.000,52.000,51.000,50.000
160,50.000,51.000,52.000,50.000,48.000,51.000,51.000,49.000,51.000,50.000
161,52.000,58.000,50.000,51.000,51.000,51.000,52.000,52.000,51.000,51.000
162,50.000,45.000,51.000,51.000,50.000,52.000,51.000,51.000,51.000,51.000
163,50.000,50.000,52.000,51.000,52.000,51.000,51.000,51.000,51.000,53.000
164,53.000,51.000,50.000,52.000,52.000,51.000,51.000,52.000,51.000,51.000
165,51.000,51.000,51.000,51.000,52.000,51.000,51.000,51.000,51.000,51.000
166,50.000,51.000,51.000,51.000,50.000,51.000,51.000,50.000,50.000,49.000
167,51.000,51.000,51.000,50.000,52.000,51.000,52.000,52.000,56.000,52.000
168,51.000,51.000,51.000,52.000,50.000,50.000,50.000,50.000,47.000,50.000
169,52.000,52.000,52.000,50.000,53.000,52.000,51.000,52.000,52.000,52.000
170,50.000,50.000,50.000,52.000,51.000,51.000,51.000,50.000,49.000,51.000
171,52.000,52.000,51.000,51.000,49.000,51.000,51.000,51.000,52.000,51.000
172,50.000,50.000,52.000,50.000,52.000,51.000,51.000,51.000,51.000,51.000
173,52.000,52.000,51.000,52.000,52.000,52.000,51.000,53.000,52.000,53.000
174,52.000,51.000,52.000,52.000,52.000,51.000,52.000,51.000,52.000,50.000
175,52.000,51.000,51.000,51.000,52.000,51.000,51.000,51.000,50.000,52.000
176,50.000,51.000,51.000,51.000,49.000,52.000,51.000,51.000,51.000,51.000
177,51.000,51.000,51.000,51.000,51.000,50.000,51.000,51.000,51.000,50.000
178,51.000,52.000,50.000,52.000,52.000,51.000,52.000,52.000,51.000,54.000
179,52.000,50.000,52.000,50.000,52.000,50.000,51.000,50.000,51.000,48.000
180,50.000,51.000,51.000,51.000,50.000,52.000,51.000,51.000,52.000,51.000
181,51.000,52.000,51.000,51.000,51.000,51.000,51.000,51.000,51.000,51.000
182,51.000,51.000,50.000,51.000,50.000,50.000,50.000,51.000,50.000,52.000
183,52.000,50.000,52.000,51.000,52.000,52.000,51.000,51.000,51.000,51.000
184,51.000,52.000,51.000,52.000,51.000,51.000,52.000,51.000,52.000,50.000
185,50.000,51.000,51.000,50.000,51.000,51.000,50.000,51.000,51.000,54.000
186,52.000,51.000,51.000,52.000,51.000,51.000,51.000,52.000,51.000,49.000
187,51.000,51.000,51.000,51.000,51.000,51.000,52.000,50.000,51.000,50.000
188,51.000,51.000,51.000,51.000,52.000,52.000,51.000,52.000,51.000,53.000
189,51.000,51.000,51.000,50.000,50.000,51.000,51.000,50.000,50.000,50.000
190,50.000,51.000,52.000,51.000,53.000,51.000,51.000,52.000,51.000,52.000
191,51.000,52.000,58.000,51.000,49.000,51.000,51.000,51.000,51.000,51.000
192,52.000,51.000,43.000,51.000,50.000,50.000,51.000,51.000,52.000,50.000
193,51.000,51.000,51.000,52.000,53.000,52.000,52.000,52.000,51.000,52.000
194,52.000,51.000,53.000,52.000,51.000,51.000,50.000,50.000,52.000,50.000
195,50.000,51.000,50.000,51.000,51.000,52.000,51.000,51.000,51.000,51.000
196,51.000,52.000,52.000,51.000,51.000,51.000,51.000,52.000,51.000,60.000
197,51.000,50.000,51.000,50.000,51.000,51.000,52.000,51.000,51.000,43.000
198,52.000,52.000,50.000,51.000,52.000,51.000,51.000,51.000,51.000,52.000
199,51.000,50.000,52.000,52.000,50.000,50.000,51.000,50.000,51.000,51.000
200,51.000,52.000,51.000,51.000,53.000,52.000,52.000,51.000,51.000,50.000
201,51.000,51.000,50.000,51.000,50.000,51.000,55.000,51.000,51.000,51.000
202,51.000,50.000,51.000,52.000,51.000,50.000,46.000,52.000,51.000,51.000
203,51.000,51.000,51.000,50.000,51.000,52.000,51.000,51.000,51.000,51.000
204,51.000,52.000,51.000,52.000,51.000,51.000,51.000,52.000,52.000,52.000
205,51.000,51.000,52.000,52.000,51.000,51.000,49.000,50.000,50.000,51.000
206,52.000,51.000,51.000,49.000,51.000,51.000,50.000,50.000,51.000,49.000
207,51.000,50.000,52.000,51.000,51.000,51.000,55.000,51.000,51.000,52.000
208,51.000,52.000,50.000,51.000,51.000,51.000,50.000,52.000,52.000,51.000
209,51.000,52.000,52.000,52.000,51.000,52.000,52.000,53.000,51.000,55.000
210,50.000,50.000,50.000,50.000,51.000,50.000,48.000,48.000,51.000,46.000
211,52.000,51.000,51.000,51.000,51.000,52.000,53.000,53.000,51.000,53.000
212,51.000,51.000,52.000,51.000,52.000,52.000,52.000,51.000,51.000,52.000
213,51.000,52.000,51.000,52.000,51.000,50.000,51.000,51.000,51.000,51.000
214,51.000,51.000,50.000,51.000,50.000,51.000,52.000,50.000,51.000,50.000
215,51.000,51.000,52.000,50.000,51.000,51.000,51.000,52.000,51.000,52.000
216,51.000,51.000,51.000,53.000,52.000,51.000,51.000,51.000,51.000,51.000
217,51.000,51.000,50.000,50.000,51.000,51.000,50.000,51.000,51.000,50.000
218,51.000,50.000,51.000,51.000,51.000,51.000,51.000,50.000,51.000,51.000
219,51.000,51.000,52.000,49.000,51.000,51.000,51.000,52.000,51.000,51.000
220,51.000,51.000,50.000,53.000,51.000,51.000,50.000,48.000,51.000,55.000
221,51.000,52.000,51.000,51.000,50.000,51.000,51.000,50.000,51.000,46.000
222,51.000,50.000,53.000,50.000,52.000,51.000,52.000,53.000,52.000,53.000
223,51.000,51.000,49.000,51.000,50.000,51.000,51.000,49.000,50.000,50.000
224,51.000,51.000,52.000,52.000,52.000,51.000,51.000,54.000,51.000,51.000
225,52.000,52.000,51.000,51.000,51.000,51.000,51.000,51.000,53.000,51.000
226,51.000,51.000,52.000,51.000,51.000,51.000,52.000,51.000,50.000,51.000
227,51.000,52.000,51.000,51.000,51.000,51.000,50.000,49.000,51.000,52.000
228,51.000,50.000,50.000,51.000,51.000,51.000,51.000,50.000,50.000,50.000
229,51.000,51.000,52.000,51.000,51.000,52.000,51.000,52.000,52.000,52.000
230,50.000,51.000,50.000,51.000,51.000,50.000,51.000,51.000,51.000,55.000
231,56.000,51.000,51.000,51.000,51.000,51.000,52.000,51.000,51.000,46.000
232,46.000,51.000,51.000,51.000,52.000,51.000,50.000,53.000,50.000,51.000
233,50.000,51.000,51.000,51.000,51.000,51.000,51.000,49.000,51.000,53.000
234,53.000,51.000,51.000,51.000,50.000,51.000,52.000,52.000,52.000,50.000
235,51.000,51.000,52.000,51.000,52.000,51.000,51.000,51.000,51.000,51.000
236,51.000,51.000,50.000,51.000,50.000,51.000,51.000,51.000,51.000,53.000
237,50.000,50.000,51.000,51.000,51.000,51.000,51.000,52.000,50.000,48.000
238,53.000,52.000,51.000,52.000,52.000,52.000,51.000,53.000,52.000,154.000
239,51.000,52.000,54.000,52.000,51.000,52.000,52.000,53.000,52.000,20.000
240,52.000,52.000,51.000,51.000,52.000,51.000,52.000,50.000,51.000,18.000
241,52.000,52.000,51.000,52.000,53.000,53.000,51.000,52.000,53.000,21.000
242,51.000,50.000,50.000,51.000,49.000,49.000,51.000,51.000,50.000,46.000
243,51.000,51.000,51.000,51.000,52.000,51.000,51.000,51.000,51.000,51.000
244,50.000,50.000,50.000,50.000,50.000,51.000,50.000,49.000,51.000,49.000
245,51.000,52.000,52.000,52.000,52.000,52.000,52.000,53.000,52.000,52.000
246,52.000,51.000,51.000,51.000,51.000,51.000,52.000,52.000,51.000,52.000
247,49.000,51.000,54.000,51.000,50.000,50.000,50.000,49.000,50.000,49.000
248,53.000,52.000,51.000,52.000,54.000,53.000,52.000,51.000,52.000,53.000
249,50.000,50.000,49.000,50.000,57.000,50.000,50.000,51.000,50.000,50.000
250,53.000,53.000,51.000,52.000,44.000,51.000,51.000,52.000,52.000,52.000
251,49.000,50.000,51.000,50.000,51.000,52.000,51.000,50.000,50.000,50.000
252,51.000,49.000,49.000,50.000,49.000,50.000,50.000,52.000,50.000,51.000
253,51.000,52.000,53.000,52.000,51.000,50.000,52.000,50.000,52.000,50.000
254,50.000,51.000,49.000,50.000,51.000,51.000,49.000,51.000,50.000,51.000
255,51.000,51.000,52.000,51.000,51.000,51.000,52.000,51.000,52.000,51.000
256,51.000,52.000,51.000,51.000,51.000,51.000,51.000,52.000,51.000,51.000
257,52.000,50.000,51.000,51.000,51.000,51.000,51.000,51.000,50.000,51.000
258,51.000,52.000,51.000,51.000,51.000,52.000,51.000,49.000,52.000,51.000
259,51.000,57.000,51.000,52.000,51.000,51.000,51.000,52.000,51.000,52.000
260,51.000,44.000,51.000,50.000,51.000,50.000,51.000,51.000,47.000,50.000
261,51.000,51.000,52.000,51.000,51.000,51.000,51.000,52.000,53.000,51.000
262,51.000,52.000,51.000,51.000,51.000,52.000,51.000,51.000,53.000,51.000
263,52.000,50.000,50.000,51.000,51.000,51.000,52.000,50.000,50.000,51.000
264,50.000,51.000,52.000,52.000,51.000,51.000,50.000,52.000,51.000,51.000
265,51.000,52.000,51.000,51.000,51.000,51.000,52.000,52.000,52.000,52.000
266,52.000,50.000,50.000,51.000,52.000,51.000,51.000,50.000,51.000,51.000
267,50.000,53.000,51.000,51.000,50.000,51.000,52.000,51.000,50.000,51.000
268,53.000,50.000,53.000,51.000,52.000,52.000,51.000,51.000,53.000,51.000
269,51.000,52.000,51.000,51.000,51.000,51.000,51.000,52.000,50.000,51.000
270,51.000,50.000,50.000,52.000,51.000,51.000,51.000,51.000,51.000,51.000
271,51.000,52.000,51.000,50.000,51.000,51.000,51.000,50.000,52.000,51.000
272,50.000,50.000,52.000,52.000,51.000,51.000,50.000,53.000,51.000,51.000
273,52.000,52.000,51.000,51.000,52.000,51.000,52.000,51.000,52.000,52.000
274,50.000,50.000,51.000,50.000,50.000,51.000,51.000,49.000,49.000,50.000
275,51.000,51.000,51.000,52.000,51.000,51.000,50.000,52.000,52.000,51.000
276,51.000,51.000,51.000,51.000,52.000,51.000,51.000,51.000,51.000,52.000
277,50.000,51.000,50.000,51.000,50.000,51.000,52.000,52.000,51.000,47.000
278,52.000,52.000,52.000,52.000,52.000,51.000,51.000,50.000,51.000,56.000
279,53.000,51.000,51.000,51.000,51.000,51.000,51.000,52.000,51.000,48.000
280,50.000,51.000,51.000,51.000,52.000,51.000,51.000,51.000,52.000,51.000
281,52.000,51.000,51.000,51.000,50.000,52.000,52.000,51.000,50.000,50.000
282,51.000,51.000,51.000,51.000,51.000,51.000,50.000,53.000,52.000,52.000
283,50.000,50.000,51.000,51.000,51.000,51.000,52.000,50.000,50.000,50.000
284,52.000,53.000,51.000,51.000,51.000,51.000,51.000,50.000,52.000,53.000
285,51.000,51.000,51.000,52.000,52.000,51.000,51.000,51.000,51.000,52.000
286,51.000,50.000,51.000,50.000,50.000,51.000,52.000,52.000,52.000,48.000
287,51.000,51.000,51.000,52.000,52.000,51.000,50.000,51.000,51.000,50.000
288,51.000,52.000,52.000,51.000,51.000,51.000,51.000,51.000,51.000,52.000
289,51.000,51.000,57.000,50.000,52.000,51.000,52.000,51.000,51.000,51.000
290,51.000,52.000,44.000,52.000,50.000,51.000,50.000,50.000,50.000,51.000
291,52.000,49.000,52.000,52.000,51.000,51.000,51.000,51.000,51.000,52.000
292,49.000,52.000,51.000,49.000,51.000,51.000,52.000,51.000,51.000,50.000
293,52.000,52.000,51.000,51.000,51.000,51.000,51.000,53.000,52.000,52.000
294,51.000,50.000,51.000,52.000,51.000,51.000,50.000,51.000,50.000,51.000
295,52.000,53.000,51.000,51.000,52.000,52.000,51.000,50.000,51.000,53.000
296,50.000,49.000,51.000,50.000,51.000,51.000,52.000,50.000,52.000,51.000
297,51.000,51.000,51.000,52.000,50.000,51.000,50.000,52.000,50.000,50.000
298,51.000,51.000,53.000,51.000,51.000,51.000,51.000,51.000,52.000,52.000
299,51.000,52.000,49.000,53.000,51.000,51.000,51.000,51.000,53.000,50.000
300,52.000,51.000,52.000,50.000,52.000,53.000,52.000,51.000,51.000,53.000
301,51.000,48.000,52.000,53.000,51.000,50.000,53.000,52.000,49.000,50.000
302,54.000,52.000,50.000,48.000,51.000,52.000,49.000,52.000,52.000,50.000
303,50.000,53.000,51.000,50.000,51.000,50.000,52.000,52.000,51.000,51.000
304,49.000,52.000,51.000,53.000,51.000,52.000,56.000,51.000,52.000,59.000
305,52.000,49.000,51.000,51.000,51.000,52.000,45.000,49.000,53.000,53.000
306,51.000,53.000,52.000,51.000,52.000,49.000,53.000,52.000,50.000,49.000
307,50.000,52.000,50.000,58.000,51.000,51.000,52.000,50.000,52.000,46.000
308,51.000,48.000,51.000,43.000,51.000,55.000,49.000,50.000,47.000,51.000
309,51.000,54.000,58.000,53.000,51.000,54.000,57.000,52.000,52.000,53.000
310,53.000,49.000,44.000,50.000,51.000,46.000,47.000,51.000,53.000,51.000
311,48.000,52.000,53.000,51.000,51.000,50.000,50.000,53.000,50.000,50.000
312,51.000,51.000,51.000,51.000,51.000,53.000,52.000,50.000,50.000,54.000
313,54.000,51.000,49.000,51.000,51.000,48.000,51.000,52.000,52.000,49.000
314,51.000,50.000,51.000,51.000,51.000,51.000,51.000,49.000,50.000,50.000
315,52.000,52.000,51.000,51.000,51.000,52.000,52.000,52.000,51.000,52.000
316,49.000,51.000,51.000,52.000,51.000,52.000,49.000,50.000,51.000,50.000
317,51.000,52.000,52.000,51.000,53.000,51.000,51.000,52.000,52.000,52.000
318,51.000,51.000,52.000,51.000,52.000,51.000,51.000,51.000,55.000,48.000
319,52.000,52.000,51.000,52.000,49.000,51.000,55.000,52.000,50.000,55.000
320,52.000,52.000,52.000,51.000,52.000,50.000,50.000,50.000,49.000,51.000
321,50.000,50.000,54.000,50.000,51.000,54.000,51.000,52.000,50.000,50.000
322,51.000,51.000,47.000,55.000,54.000,49.000,51.000,51.000,54.000,53.000
323,52.000,51.000,52.000,48.000,48.000,52.000,49.000,52.000,51.000,51.000
324,50.000,50.000,51.000,51.000,52.000,53.000,52.000,54.000,53.000,51.000
325,51.000,54.000,50.000,51.000,51.000,48.000,51.000,51.000,47.000,52.000
326,52.000,50.000,55.000,51.000,50.000,52.000,53.000,50.000,51.000,49.000
327,52.000,50.000,48.000,52.000,51.000,50.000,52.000,49.000,51.000,53.000
328,50.000,51.000,51.000,49.000,57.000,53.000,50.000,52.000,51.000,50.000
329,56.000,51.000,51.000,52.000,48.000,54.000,49.000,50.000,54.000,52.000
330,44.000,50.000,50.000,47.000,43.000,44.000,54.000,48.000,47.000,48.000
331,52.000,53.000,50.000,57.000,52.000,53.000,52.000,53.000,53.000,53.000
332,53.000,51.000,50.000,49.000,55.000,51.000,46.000,48.000,52.000,52.000
333,55.000,51.000,52.000,54.000,53.000,53.000,53.000,53.000,52.000,53.000
334,47.000,52.000,53.000,49.000,50.000,52.000,51.000,48.000,48.000,52.000
335,50.000,49.000,52.000,50.000,51.000,51.000,49.000,53.000,53.000,47.000
336,55.000,50.000,51.000,51.000,50.000,49.000,52.000,53.000,49.000,50.000
337,47.000,51.000,49.000,85.000,51.000,50.000,50.000,51.000,52.000,51.000
338,45.000,51.000,51.000,21.000,52.000,50.000,53.000,51.000,52.000,49.000
339,56.000,52.000,53.000,48.000,51.000,55.000,49.000,51.000,50.000,53.000
340,53.000,48.000,50.000,50.000,51.000,49.000,54.000,52.000,51.000,52.000
341,48.000,54.000,52.000,51.000,52.000,50.000,48.000,50.000,51.000,50.000
342,50.000,50.000,50.000,52.000,49.000,51.000,51.000,53.000,52.000,51.000
343,54.000,53.000,51.000,51.000,53.000,52.000,53.000,50.000,51.000,51.000
344,48.000,51.000,53.000,51.000,53.000,49.000,51.000,50.000,53.000,55.000
345,90.000,52.000,48.000,50.000,48.000,54.000,52.000,52.000,51.000,49.000
346,20.000,50.000,69.000,49.000,50.000,50.000,51.000,52.000,65.000,49.000
347,45.000,48.000,33.000,51.000,85.000,80.000,48.000,49.000,33.000,51.000
348,52.000,52.000,51.000,52.000,23.000,20.000,51.000,55.000,51.000,51.000
349,47.000,51.000,50.000,49.000,44.000,49.000,50.000,46.000,50.000,51.000
350,51.000,52.000,51.000,52.000,50.000,52.000,52.000,50.000,51.000,49.000
351,50.000,50.000,52.000,51.000,56.000,51.000,51.000,51.000,53.000,53.000
352,52.000,51.000,50.000,56.000,47.000,52.000,50.000,53.000,49.000,50.000
353,55.000,51.000,51.000,52.000,58.000,51.000,52.000,50.000,53.000,56.000
354,51.000,52.000,51.000,46.000,46.000,54.000,53.000,52.000,54.000,50.000
355,46.000,50.000,54.000,52.000,52.000,49.000,52.000,50.000,50.000,58.000
356,52.000,51.000,48.000,52.000,55.000,52.000,48.000,52.000,48.000,41.000
357,52.000,55.000,53.000,50.000,46.000,52.000,51.000,51.000,52.000,52.000
358,54.000,50.000,50.000,50.000,54.000,50.000,51.000,51.000,53.000,53.000
359,50.000,49.000,51.000,51.000,48.000,48.000,50.000,50.000,48.000,48.000
360,49.000,52.000,51.000,51.000,47.000,52.000,53.000,55.000,49.000,50.000
361,52.000,49.000,50.000,50.000,49.000,53.000,50.000,47.000,52.000,53.000
362,51.000,52.000,53.000,51.000,55.000,48.000,50.000,51.000,51.000,48.000
363,53.000,50.000,51.000,52.000,52.000,50.000,51.000,52.000,53.000,54.000
364,51.000,52.000,51.000,51.000,52.000,51.000,52.000,51.000,53.000,51.000
365,50.000,53.000,51.000,52.000,51.000,54.000,52.000,53.000,49.000,50.000
366,50.000,49.000,51.000,50.000,50.000,53.000,51.000,50.000,52.000,52.000
367,84.000,52.000,51.000,51.000,52.000,47.000,50.000,89.000,50.000,71.000
368,18.000,50.000,51.000,71.000,49.000,53.000,53.000,14.000,50.000,31.000
369,49.000,51.000,51.000,32.000,55.000,51.000,50.000,49.000,52.000,64.000
370,55.000,50.000,52.000,64.000,49.000,51.000,51.000,55.000,54.000,39.000
371,51.000,54.000,53.000,39.000,68.000,52.000,53.000,48.000,48.000,49.000
372,50.000,49.000,49.000,54.000,33.000,50.000,49.000,53.000,50.000,51.000
373,51.000,50.000,48.000,46.000,55.000,51.000,50.000,48.000,50.000,51.000
374,51.000,50.000,51.000,50.000,44.000,50.000,50.000,50.000,52.000,51.000
375,50.000,51.000,53.000,54.000,52.000,54.000,51.000,53.000,50.000,49.000
376,53.000,53.000,48.000,48.000,51.000,48.000,53.000,49.000,51.000,52.000
377,52.000,50.000,55.000,52.000,52.000,51.000,52.000,55.000,52.000,52.000
378,49.000,53.000,50.000,52.000,49.000,51.000,47.000,47.000,49.000,49.000
379,51.000,49.000,50.000,54.000,52.000,49.000,52.000,51.000,52.000,52.000
380,50.000,50.000,51.000,46.000,52.000,55.000,52.000,52.000,51.000,52.000
381,51.000,52.000,50.000,51.000,50.000,48.000,51.000,50.000,51.000,50.000
382,52.000,50.000,51.000,51.000,52.000,53.000,51.000,51.000,51.000,52.000
383,50.000,51.000,52.000,51.000,50.000,50.000,50.000,51.000,51.000,50.000
384,51.000,52.000,51.000,52.000,52.000,52.000,52.000,51.000,51.000,51.000
385,55.000,50.000,51.000,50.000,51.000,51.000,50.000,52.000,51.000,51.000
386,48.000,53.000,50.000,52.000,50.000,50.000,51.000,51.000,53.000,51.000
387,52.000,52.000,52.000,52.000,51.000,51.000,52.000,52.000,49.000,51.000
388,50.000,48.000,51.000,50.000,51.000,50.000,51.000,47.000,51.000,51.000
389,53.000,54.000,50.000,51.000,56.000,52.000,51.000,53.000,51.000,51.000
390,48.000,48.000,51.000,47.000,43.000,48.000,52.000,47.000,50.000,50.000
391,49.000,51.000,52.000,54.000,53.000,58.000,49.000,53.000,52.000,51.000
392,54.000,54.000,51.000,53.000,51.000,46.000,51.000,52.000,51.000,52.000
393,51.000,57.000,52.000,51.000,53.000,55.000,51.000,53.000,57.000,56.000
394,51.000,42.000,50.000,50.000,54.000,49.000,54.000,51.000,46.000,47.000
395,51.000,52.000,50.000,51.000,48.000,50.000,49.000,55.000,50.000,52.000
396,50.000,53.000,54.000,51.000,52.000,53.000,52.000,47.000,52.000,49.000
397,51.000,49.000,48.000,52.000,50.000,49.000,49.000,48.000,51.000,51.000
398,49.000,86.000,51.000,95.000,49.000,51.000,51.000,51.000,50.000,51.000
399,54.000,26.000,53.000,23.000,54.000,52.000,52.000,54.000,65.000,52.000
400,100.000,39.000,49.000,33.000,47.000,49.000,46.000,52.000,37.000,49.000
401,18.000,72.000,53.000,70.000,55.000,162.000,56.000,51.000,51.000,54.000
402,36.000,32.000,50.000,33.000,50.000,18.000,50.000,49.000,51.000,50.000
403,53.000,51.000,52.000,51.000,72.000,14.000,52.000,51.000,52.000,51.000
404,51.000,53.000,52.000,53.000,32.000,15.000,53.000,53.000,52.000,53.000
405,51.000,49.000,49.000,48.000,49.000,49.000,49.000,49.000,49.000,48.000
406,47.000,53.000,51.000,52.000,54.000,49.000,52.000,52.000,58.000,52.000
407,50.000,49.000,50.000,49.000,46.000,50.000,50.000,49.000,44.000,49.000
408,51.000,50.000,50.000,51.000,53.000,51.000,50.000,51.000,50.000,51.000
409,51.000,50.000,52.000,51.000,49.000,51.000,52.000,51.000,51.000,51.000
410,50.000,52.000,50.000,51.000,50.000,51.000,49.000,51.000,51.000,50.000
411,52.000,50.000,51.000,52.000,52.000,53.000,52.000,55.000,51.000,80.000
412,51.000,52.000,51.000,51.000,53.000,51.000,51.000,48.000,52.000,24.000
413,51.000,52.000,54.000,55.000,50.000,56.000,51.000,52.000,51.000,51.000
414,51.000,50.000,49.000,47.000,54.000,45.000,50.000,51.000,51.000,52.000
415,51.000,51.000,51.000,52.000,48.000,51.000,52.000,53.000,51.000,54.000
416,51.000,51.000,51.000,50.000,51.000,53.000,50.000,48.000,50.000,47.000
417,51.000,51.000,52.000,51.000,52.000,49.000,52.000,52.000,51.000,50.000
418,51.000,51.000,51.000,51.000,49.000,57.000,50.000,50.000,52.000,52.000
419,51.000,53.000,52.000,51.000,52.000,45.000,51.000,52.000,51.000,51.000
420,51.000,49.000,47.000,50.000,53.000,51.000,53.000,49.000,49.000,49.000
421,49.000,51.000,50.000,52.000,49.000,50.000,51.000,51.000,54.000,53.000
422,54.000,51.000,54.000,55.000,51.000,53.000,52.000,52.000,51.000,52.000
423,51.000,52.000,50.000,48.000,52.000,50.000,51.000,51.000,54.000,50.000
424,51.000,53.000,52.000,52.000,52.000,52.000,51.000,53.000,49.000,55.000
425,51.000,50.000,51.000,49.000,50.000,50.000,53.000,49.000,50.000,47.000
426,54.000,50.000,51.000,52.000,51.000,52.000,52.000,54.000,51.000,71.000
427,48.000,50.000,50.000,50.000,50.000,50.000,46.000,48.000,50.000,31.000
428,73.000,53.000,92.000,52.000,51.000,51.000,51.000,52.000,51.000,65.000
429,31.000,51.000,16.000,95.000,54.000,64.000,71.000,52.000,52.000,39.000
430,51.000,85.000,48.000,21.000,56.000,40.000,33.000,51.000,51.000,51.000
431,52.000,21.000,66.000,39.000,49.000,54.000,52.000,53.000,54.000,53.000
432,49.000,46.000,35.000,59.000,46.000,45.000,61.000,47.000,48.000,48.000
433,50.000,50.000,51.000,41.000,51.000,51.000,37.000,55.000,57.000,48.000
434,50.000,53.000,50.000,50.000,49.000,52.000,52.000,47.000,43.000,53.000
435,51.000,50.000,52.000,53.000,52.000,51.000,51.000,52.000,53.000,51.000
436,52.000,51.000,50.000,50.000,49.000,51.000,51.000,51.000,50.000,51.000
437,51.000,51.000,50.000,53.000,53.000,54.000,51.000,51.000,51.000,53.000
438,50.000,51.000,54.000,50.000,50.000,49.000,51.000,48.000,52.000,50.000
439,52.000,50.000,47.000,50.000,50.000,51.000,51.000,50.000,50.000,52.000
440,51.000,52.000,52.000,50.000,53.000,49.000,50.000,52.000,54.000,50.000
441,52.000,50.000,53.000,53.000,52.000,54.000,53.000,52.000,50.000,54.000
442,52.000,52.000,50.000,49.000,49.000,50.000,52.000,51.000,49.000,48.000
443,49.000,50.000,51.000,51.000,53.000,74.000,50.000,52.000,52.000,50.000
444,51.000,52.000,51.000,52.000,52.000,28.000,52.000,54.000,52.000,52.000
445,73.000,51.000,52.000,52.000,50.000,51.000,50.000,49.000,50.000,50.000
446,28.000,51.000,49.000,63.000,52.000,50.000,76.000,50.000,51.000,53.000
447,53.000,51.000,68.000,38.000,50.000,50.000,25.000,51.000,51.000,50.000
448,51.000,51.000,36.000,54.000,51.000,53.000,52.000,52.000,54.000,51.000
449,49.000,78.000,50.000,47.000,48.000,50.000,50.000,50.000,46.000,50.000
450,49.000,22.000,47.000,48.000,50.000,47.000,48.000,46.000,58.000,48.000
451,51.000,49.000,53.000,58.000,92.000,53.000,61.000,52.000,42.000,81.000
452,69.000,53.000,52.000,46.000,19.000,52.000,43.000,54.000,53.000,23.000
453,29.000,45.000,45.000,45.000,37.000,45.000,45.000,45.000,59.000,45.000
454,41.000,42.000,42.000,42.000,42.000,40.000,41.000,41.000,27.000,43.000
455,47.000,47.000,44.000,51.000,47.000,48.000,47.000,47.000,57.000,45.000
456,46.000,44.000,48.000,41.000,46.000,49.000,45.000,49.000,35.000,46.000
457,37.000,43.000,27.000,29.000,37.000,24.000,29.000,24.000,28.000,28.000
458,35.000,29.000,44.000,43.000,34.000,45.000,43.000,53.000,44.000,44.000
459,44.000,51.000,45.000,44.000,45.000,44.000,45.000,37.000,44.000,43.000
460,41.000,35.000,40.000,42.000,41.000,41.000,41.000,50.000,42.000,42.000
461,36.000,39.000,36.000,34.000,35.000,35.000,35.000,25.000,35.000,35.000
462,41.000,36.000,40.000,40.000,41.000,39.000,40.000,41.000,39.000,41.000
463,42.000,44.000,44.000,44.000,42.000,45.000,44.000,43.000,45.000,43.000
464,52.000,52.000,52.000,52.000,51.000,52.000,52.000,53.000,52.000,52.000
465,51.000,51.000,51.000,51.000,51.000,50.000,50.000,49.000,51.000,51.000
466,51.000,51.000,51.000,51.000,51.000,52.000,51.000,52.000,51.000,51.000
467,51.000,51.000,51.000,51.000,51.000,51.000,51.000,51.000,51.000,51.000
468,51.000,51.000,51.000,52.000,51.000,51.000,51.000,51.000,51.000,52.000
469,44.000,42.000,42.000,42.000,46.000,42.000,43.000,42.000,43.000,40.000
470,42.000,44.000,43.000,44.000,44.000,45.000,44.000,45.000,44.000,46.000
471,36.000,36.000,37.000,36.000,35.000,35.000,36.000,35.000,35.000,35.000
472,38.000,37.000,37.000,37.000,37.000,36.000,37.000,36.000,37.000,37.000
473,45.000,46.000,47.000,46.000,44.000,48.000,45.000,48.000,46.000,47.000
474,53.000,52.000,51.000,51.000,52.000,52.000,52.000,51.000,52.000,52.000
475,48.000,50.000,49.000,50.000,49.000,48.000,51.000,49.000,50.000,49.000
476,52.000,51.000,51.000,51.000,52.000,52.000,50.000,52.000,50.000,51.000
477,51.000,51.000,52.000,51.000,51.000,52.000,51.000,51.000,52.000,51.000
478,53.000,53.000,53.000,53.000,52.000,53.000,52.000,52.000,53.000,54.000
479,49.000,49.000,49.000,50.000,50.000,48.000,51.000,50.000,49.000,48.000
480,52.000,52.000,52.000,51.000,52.000,52.000,52.000,52.000,52.000,52.000
481,49.000,50.000,50.000,50.000,50.000,50.000,51.000,50.000,49.000,51.000
482,46.000,45.000,46.000,45.000,47.000,45.000,45.000,48.000,46.000,45.000
483,46.000,45.000,46.000,46.000,47.000,46.000,45.000,43.000,46.000,45.000
484,48.000,49.000,48.000,51.000,48.000,50.000,49.000,50.000,51.000,51.000
485,52.000,52.000,52.000,52.000,52.000,52.000,53.000,52.000,51.000,51.000
486,53.000,52.000,50.000,50.000,52.000,51.000,51.000,51.000,50.000,51.000
487,50.000,50.000,54.000,51.000,50.000,51.000,51.000,51.000,52.000,52.000
488,49.000,51.000,49.000,50.000,50.000,50.000,51.000,49.000,49.000,50.000
489,51.000,53.000,52.000,53.000,53.000,52.000,52.000,53.000,53.000,51.000
490,52.000,50.000,52.000,50.000,51.000,51.000,52.000,51.000,50.000,51.000
491,52.000,52.000,48.000,51.000,51.000,51.000,49.000,51.000,52.000,51.000
492,51.000,50.000,52.000,51.000,51.000,53.000,51.000,51.000,51.000,52.000
493,52.000,50.000,51.000,51.000,51.000,48.000,51.000,51.000,51.000,51.000
494,51.000,68.000,51.000,52.000,52.000,52.000,51.000,51.000,51.000,50.000
495,51.000,37.000,50.000,50.000,49.000,51.000,52.000,51.000,50.000,53.000
496,49.000,50.000,50.000,59.000,51.000,50.000,49.000,50.000,50.000,48.000
497,54.000,51.000,52.000,45.000,65.000,52.000,53.000,52.000,53.000,53.000
498,49.000,52.000,74.000,50.000,41.000,52.000,52.000,52.000,53.000,52.000
499,53.000,52.000,32.000,52.000,50.000,52.000,51.000,52.000,51.000,51.000
500,50.000,50.000,51.000,51.000,50.000,51.000,50.000,51.000,50.000,50.000
501,50.000,52.000,51.000,51.000,51.000,50.000,51.000,50.000,51.000,51.000
502,54.000,51.000,49.000,51.000,51.000,52.000,51.000,52.000,52.000,52.000
503,50.000,51.000,52.000,51.000,52.000,51.000,51.000,51.000,51.000,50.000
504,53.000,51.000,51.000,51.000,51.000,51.000,51.000,51.000,51.000,51.000
505,49.000,50.000,51.000,51.000,50.000,51.000,51.000,51.000,50.000,50.000
506,55.000,52.000,52.000,52.000,51.000,51.000,53.000,51.000,52.000,52.000
507,49.000,52.000,51.000,50.000,52.000,51.000,50.000,51.000,51.000,51.000
508,49.000,50.000,51.000,51.000,51.000,51.000,50.000,51.000,51.000,50.000
509,52.000,51.000,52.000,52.000,51.000,51.000,52.000,51.000,52.000,52.000
510,51.000,51.000,50.000,51.000,51.000,51.000,51.000,52.000,51.000,51.000
511,51.000,52.000,52.000,51.000,53.000,52.000,51.000,50.000,52.000,51.000
512,51.000,52.000,51.000,51.000,50.000,51.000,52.000,52.000,51.000,52.000
513,52.000,53.000,51.000,52.000,51.000,52.000,52.000,52.000,51.000,52.000
514,51.000,49.000,50.000,51.000,50.000,50.000,50.000,50.000,50.000,50.000
515,52.000,50.000,50.000,51.000,53.000,51.000,53.000,52.000,51.000,53.000
516,49.000,52.000,52.000,50.000,50.000,51.000,49.000,51.000,51.000,51.000
517,54.000,51.000,50.000,52.000,51.000,51.000,51.000,50.000,51.000,52.000
518,49.000,50.000,51.000,50.000,51.000,51.000,51.000,51.000,51.000,50.000
519,52.000,52.000,54.000,53.000,53.000,53.000,53.000,53.000,53.000,52.000
520,51.000,49.000,51.000,50.000,50.000,50.000,50.000,50.000,49.000,50.000
521,54.000,85.000,52.000,54.000,53.000,53.000,53.000,95.000,67.000,53.000
522,53.000,25.000,67.000,69.000,55.000,55.000,56.000,22.000,41.000,55.000
523,49.000,75.000,38.000,35.000,51.000,49.000,47.000,40.000,49.000,50.000
524,58.000,22.000,69.000,49.000,47.000,50.000,50.000,50.000,50.000,48.000
525,44.000,50.000,31.000,51.000,51.000,50.000,51.000,51.000,51.000,51.000
526,49.000,54.000,51.000,50.000,51.000,51.000,51.000,51.000,50.000,51.000
527,52.000,49.000,52.000,52.000,51.000,52.000,51.000,52.000,53.000,52.000
528,51.000,53.000,52.000,51.000,51.000,50.000,51.000,51.000,50.000,50.000
529,52.000,52.000,50.000,52.000,51.000,52.000,51.000,50.000,52.000,54.000
530,53.000,52.000,51.000,52.000,51.000,52.000,54.000,51.000,50.000,49.000
531,50.000,49.000,52.000,50.000,52.000,50.000,49.000,51.000,52.000,51.000
532,50.000,51.000,49.000,52.000,51.000,53.000,53.000,51.000,50.000,51.000
533,51.000,52.000,53.000,51.000,52.000,51.000,50.000,53.000,53.000,52.000
534,55.000,51.000,51.000,51.000,51.000,51.000,52.000,50.000,51.000,52.000
535,48.000,51.000,51.000,50.000,51.000,51.000,50.000,51.000,50.000,50.000
536,54.000,52.000,51.000,52.000,51.000,51.000,52.000,54.000,53.000,51.000
537,50.000,50.000,52.000,50.000,53.000,50.000,51.000,49.000,50.000,51.000
538,50.000,51.000,50.000,51.000,51.000,52.000,51.000,52.000,52.000,51.000
539,50.000,51.000,54.000,51.000,48.000,50.000,49.000,50.000,50.000,51.000
540,52.000,51.000,49.000,52.000,52.000,51.000,52.000,50.000,51.000,52.000
541,51.000,51.000,50.000,51.000,51.000,52.000,52.000,51.000,52.000,51.000
542,51.000,51.000,52.000,51.000,51.000,50.000,50.000,52.000,50.000,51.000
543,49.000,52.000,51.000,51.000,51.000,51.000,51.000,50.000,51.000,50.000
544,50.000,50.000,50.000,50.000,50.000,51.000,50.000,51.000,50.000,52.000
545,50.000,52.000,58.000,52.000,51.000,52.000,51.000,51.000,52.000,51.000
546,54.000,49.000,45.000,50.000,51.000,50.000,52.000,51.000,50.000,50.000
547,51.000,52.000,51.000,52.000,52.000,52.000,51.000,51.000,53.000,53.000
548,54.000,52.000,50.000,51.000,51.000,50.000,52.000,51.000,50.000,50.000
549,45.000,50.000,51.000,51.000,51.000,51.000,52.000,52.000,51.000,52.000
550,53.000,52.000,56.000,51.000,51.000,52.000,49.000,51.000,54.000,50.000
551,52.000,51.000,48.000,53.000,51.000,53.000,54.000,55.000,48.000,51.000
552,53.000,50.000,51.000,50.000,52.000,50.000,50.000,48.000,60.000,53.000
553,51.000,50.000,49.000,50.000,50.000,50.000,50.000,53.000,43.000,50.000
554,52.000,51.000,51.000,53.000,53.000,53.000,51.000,49.000,60.000,51.000
555,62.000,55.000,51.000,50.000,51.000,51.000,53.000,51.000,43.000,52.000
556,43.000,59.000,52.000,50.000,60.000,49.000,49.000,50.000,50.000,49.000
557,46.000,41.000,52.000,51.000,41.000,51.000,51.000,51.000,50.000,53.000
558,51.000,52.000,49.000,53.000,51.000,50.000,51.000,49.000,50.000,48.000
559,47.000,51.000,48.000,49.000,47.000,50.000,50.000,53.000,49.000,52.000
560,54.000,48.000,52.000,51.000,52.000,51.000,51.000,49.000,54.000,52.000
561,48.000,54.000,52.000,50.000,49.000,49.000,50.000,51.000,49.000,49.000
562,53.000,48.000,49.000,52.000,52.000,51.000,52.000,54.000,54.000,53.000
563,53.000,54.000,52.000,51.000,51.000,54.000,51.000,49.000,50.000,50.000
564,51.000,50.000,54.000,53.000,55.000,52.000,53.000,52.000,53.000,51.000
565,48.000,53.000,49.000,49.000,48.000,49.000,50.000,51.000,50.000,48.000
566,52.000,50.000,54.000,52.000,52.000,52.000,51.000,50.000,51.000,53.000
567,54.000,54.000,49.000,51.000,51.000,51.000,52.000,51.000,51.000,51.000
568,48.000,49.000,52.000,51.000,51.000,54.000,51.000,53.000,52.000,53.000
569,54.000,50.000,53.000,52.000,52.000,50.000,54.000,51.000,51.000,51.000
570,51.000,53.000,50.000,52.000,52.000,49.000,47.000,50.000,50.000,51.000
571,51.000,49.000,52.000,50.000,51.000,53.000,53.000,52.000,52.000,51.000
572,49.000,51.000,50.000,50.000,51.000,50.000,49.000,50.000,50.000,51.000
573,53.000,48.000,50.000,51.000,51.000,52.000,51.000,51.000,51.000,51.000
574,48.000,53.000,51.000,51.000,51.000,50.000,51.000,50.000,52.000,51.000
575,55.000,50.000,52.000,54.000,52.000,52.000,51.000,54.000,50.000,53.000
576,48.000,53.000,48.000,50.000,50.000,50.000,52.000,49.000,51.000,49.000
577,57.000,51.000,53.000,52.000,53.000,52.000,51.000,53.000,52.000,55.000
578,47.000,52.000,53.000,51.000,50.000,52.000,53.000,51.000,51.000,49.000
579,54.000,48.000,51.000,48.000,53.000,105.000,51.000,51.000,51.000,89.000
580,51.000,53.000,52.000,53.000,51.000,25.000,51.000,52.000,54.000,25.000
581,53.000,54.000,51.000,65.000,53.000,26.000,55.000,53.000,51.000,41.000
582,110.000,106.000,65.000,50.000,63.000,63.000,62.000,63.000,64.000,77.000
583,22.000,25.000,42.000,46.000,43.000,42.000,44.000,45.000,43.000,30.000
584,25.000,27.000,51.000,49.000,51.000,52.000,53.000,67.000,51.000,61.000
585,60.000,66.000,50.000,48.000,49.000,49.000,45.000,31.000,49.000,39.000
586,38.000,33.000,48.000,51.000,49.000,61.000,49.000,50.000,50.000,49.000
587,45.000,47.000,47.000,47.000,47.000,35.000,47.000,47.000,46.000,52.000
588,31.000,27.000,32.000,27.000,28.000,28.000,28.000,36.000,28.000,23.000
589,45.000,49.000,43.000,45.000,46.000,47.000,45.000,37.000,46.000,45.000
590,49.000,47.000,51.000,52.000,51.000,52.000,53.000,52.000,50.000,51.000
591,51.000,50.000,50.000,50.000,78.000,49.000,49.000,48.000,52.000,50.000
592,51.000,52.000,51.000,52.000,29.000,50.000,52.000,53.000,50.000,52.000
593,51.000,50.000,51.000,50.000,44.000,51.000,49.000,48.000,50.000,50.000
594,50.000,52.000,50.000,51.000,52.000,51.000,52.000,51.000,50.000,51.000
595,51.000,51.000,51.000,50.000,49.000,50.000,50.000,51.000,51.000,50.000
596,53.000,51.000,51.000,52.000,52.000,52.000,51.000,51.000,53.000,52.000
597,50.000,50.000,52.000,52.000,51.000,51.000,52.000,51.000,52.000,51.000
598,51.000,50.000,51.000,50.000,70.000,51.000,51.000,52.000,49.000,52.000
599,52.000,53.000,53.000,51.000,34.000,51.000,51.000,50.000,52.000,52.000
600,50.000,51.000,51.000,52.000,50.000,52.000,54.000,52.000,52.000,50.000
601,52.000,53.000,49.000,51.000,51.000,51.000,50.000,51.000,50.000,51.000
602,54.000,51.000,52.000,51.000,51.000,51.000,49.000,51.000,51.000,51.000
603,45.000,48.000,51.000,50.000,51.000,50.000,53.000,49.000,51.000,50.000
604,52.000,52.000,50.000,52.000,51.000,51.000,51.000,53.000,52.000,52.000
605,53.000,52.000,53.000,52.000,53.000,54.000,51.000,53.000,51.000,53.000
606,52.000,50.000,50.000,51.000,50.000,48.000,51.000,50.000,51.000,51.000
607,48.000,52.000,52.000,50.000,50.000,52.000,51.000,50.000,53.000,49.000
608,53.000,52.000,52.000,51.000,52.000,52.000,50.000,51.000,49.000,51.000
609,54.000,53.000,53.000,55.000,64.000,54.000,56.000,56.000,55.000,55.000
610,73.000,50.000,50.000,49.000,40.000,48.000,47.000,75.000,49.000,49.000
611,30.000,70.000,99.000,53.000,57.000,55.000,54.000,28.000,52.000,72.000
612,68.000,40.000,19.000,57.000,52.000,56.000,57.000,55.000,71.000,39.000
613,33.000,45.000,36.000,55.000,45.000,52.000,44.000,46.000,31.000,51.000
614,50.000,50.000,48.000,40.000,50.000,43.000,50.000,51.000,51.000,44.000
615,50.000,48.000,50.000,49.000,49.000,50.000,50.000,47.000,49.000,50.000
616,51.000,52.000,52.000,51.000,52.000,50.000,50.000,51.000,51.000,49.000
617,52.000,51.000,52.000,53.000,52.000,54.000,53.000,52.000,52.000,53.000
618,50.000,51.000,50.000,50.000,49.000,50.000,50.000,51.000,50.000,50.000
619,51.000,50.000,52.000,51.000,53.000,50.000,51.000,51.000,52.000,51.000
620,51.000,51.000,50.000,50.000,49.000,50.000,51.000,52.000,50.000,50.000
621,52.000,52.000,52.000,53.000,52.000,52.000,52.000,52.000,52.000,53.000
622,51.000,51.000,51.000,51.000,50.000,51.000,51.000,50.000,51.000,50.000
623,51.000,51.000,52.000,51.000,52.000,52.000,53.000,53.000,51.000,52.000
624,52.000,51.000,51.000,51.000,51.000,52.000,50.000,51.000,52.000,51.000
625,50.000,52.000,50.000,51.000,50.000,51.000,50.000,49.000,50.000,51.000
626,52.000,50.000,53.000,51.000,54.000,49.000,51.000,52.000,52.000,50.000
627,51.000,52.000,50.000,54.000,50.000,53.000,54.000,50.000,52.000,53.000
628,50.000,52.000,51.000,49.000,50.000,49.000,50.000,51.000,49.000,50.000
629,52.000,53.000,51.000,52.000,51.000,54.000,50.000,53.000,52.000,54.000
630,53.000,50.000,53.000,52.000,53.000,51.000,53.000,52.000,54.000,50.000
631,52.000,53.000,51.000,52.000,54.000,53.000,52.000,52.000,51.000,54.000
632,50.000,49.000,53.000,49.000,48.000,50.000,51.000,50.000,50.000,51.000
633,51.000,50.000,48.000,52.000,50.000,50.000,50.000,52.000,51.000,48.000
634,51.000,53.000,52.000,50.000,51.000,51.000,50.000,49.000,52.000,52.000
635,51.000,51.000,51.000,52.000,55.000,51.000,52.000,51.000,49.000,51.000
636,51.000,49.000,52.000,50.000,50.000,51.000,51.000,51.000,52.000,50.000
637,52.000,53.000,50.000,54.000,52.000,52.000,52.000,53.000,52.000,53.000
638,50.000,53.000,53.000,49.000,52.000,50.000,50.000,50.000,50.000,51.000
639,52.000,49.000,49.000,51.000,48.000,50.000,51.000,50.000,51.000,49.000
640,50.000,51.000,49.000,50.000,52.000,52.000,50.000,52.000,50.000,52.000
641,51.000,52.000,52.000,52.000,52.000,50.000,52.000,53.000,54.000,50.000
642,54.000,53.000,57.000,91.000,52.000,54.000,53.000,52.000,51.000,54.000
643,52.000,54.000,63.000,19.000,51.000,73.000,84.000,54.000,54.000,54.000
644,50.000,47.000,37.000,45.000,51.000,29.000,25.000,49.000,49.000,48.000
645,40.000,41.000,40.000,40.000,40.000,41.000,32.000,39.000,40.000,40.000
646,35.000,37.000,36.000,36.000,37.000,37.000,53.000,37.000,36.000,37.000
647,41.000,39.000,40.000,41.000,40.000,39.000,25.000,40.000,40.000,38.000
648,48.000,48.000,49.000,48.000,53.000,49.000,49.000,48.000,46.000,49.000
649,40.000,41.000,39.000,39.000,35.000,41.000,39.000,41.000,41.000,40.000
650,39.000,38.000,39.000,41.000,40.000,37.000,39.000,41.000,40.000,40.000
651,36.000,37.000,37.000,35.000,35.000,37.000,37.000,34.000,37.000,36.000
652,39.000,40.000,39.000,39.000,40.000,40.000,41.000,38.000,36.000,39.000
653,40.000,38.000,39.000,39.000,39.000,38.000,37.000,40.000,42.000,39.000
654,37.000,38.000,37.000,38.000,37.000,38.000,37.000,37.000,37.000,37.000
655,40.000,40.000,41.000,41.000,41.000,40.000,41.000,42.000,41.000,41.000
656,36.000,35.000,36.000,36.000,36.000,38.000,35.000,35.000,34.000,36.000
657,41.000,40.000,40.000,38.000,39.000,37.000,39.000,39.000,40.000,40.000
658,36.000,37.000,36.000,38.000,37.000,38.000,38.000,37.000,38.000,36.000
659,40.000,41.000,41.000,40.000,40.000,40.000,41.000,41.000,41.000,41.000
660,36.000,35.000,36.000,36.000,36.000,35.000,35.000,36.000,34.000,35.000
661,40.000,40.000,39.000,42.000,40.000,40.000,40.000,40.000,41.000,41.000
662,38.000,39.000,38.000,35.000,38.000,38.000,38.000,37.000,38.000,38.000
663,40.000,41.000,42.000,43.000,41.000,42.000,41.000,42.000,41.000,41.000
664,35.000,34.000,34.000,33.000,34.000,34.000,35.000,34.000,33.000,34.000
665,41.000,40.000,44.000,40.000,41.000,40.000,43.000,40.000,42.000,40.000
666,38.000,40.000,34.000,38.000,37.000,37.000,35.000,40.000,38.000,38.000
667,40.000,40.000,42.000,42.000,42.000,43.000,41.000,40.000,42.000,42.000
668,35.000,33.000,33.000,34.000,33.000,33.000,34.000,34.000,31.000,33.000
669,41.000,41.000,41.000,38.000,41.000,39.000,40.000,38.000,42.000,39.000
670,36.000,36.000,37.000,41.000,37.000,38.000,37.000,38.000,36.000,39.000
671,41.000,43.000,41.000,40.000,43.000,43.000,42.000,43.000,43.000,42.000
672,38.000,35.000,36.000,36.000,35.000,36.000,38.000,35.000,35.000,35.000
673,39.000,40.000,40.000,39.000,39.000,39.000,38.000,41.000,41.000,40.000
674,37.000,37.000,36.000,38.000,38.000,37.000,39.000,37.000,37.000,37.000
675,42.000,44.000,43.000,43.000,43.000,43.000,41.000,42.000,43.000,43.000
676,51.000,50.000,52.000,50.000,50.000,51.000,51.000,51.000,51.000,51.000
677,39.000,87.000,36.000,38.000,38.000,39.000,37.000,39.000,37.000,37.000
678,59.000,17.000,50.000,48.000,49.000,47.000,48.000,47.000,49.000,49.000
679,39.000,32.000,49.000,97.000,49.000,50.000,51.000,50.000,49.000,49.000
680,66.000,53.000,53.000,19.000,53.000,66.000,68.000,53.000,53.000,67.000
681,39.000,52.000,52.000,38.000,52.000,39.000,37.000,71.000,53.000,39.000
682,50.000,49.000,48.000,63.000,50.000,49.000,48.000,30.000,51.000,50.000
683,50.000,51.000,51.000,38.000,51.000,51.000,52.000,51.000,50.000,50.000
684,51.000,51.000,51.000,56.000,51.000,51.000,51.000,52.000,50.000,51.000
685,50.000,51.000,50.000,47.000,49.000,49.000,51.000,48.000,49.000,50.000
686,52.000,52.000,53.000,51.000,52.000,52.000,52.000,52.000,53.000,52.000
687,49.000,51.000,49.000,51.000,49.000,50.000,50.000,50.000,50.000,52.000
688,54.000,51.000,54.000,51.000,54.000,53.000,52.000,53.000,52.000,52.000
689,51.000,52.000,52.000,51.000,51.000,52.000,51.000,52.000,53.000,49.000
690,51.000,51.000,50.000,51.000,52.000,51.000,52.000,52.000,51.000,52.000
691,50.000,51.000,51.000,49.000,50.000,51.000,51.000,49.000,50.000,48.000
692,51.000,50.000,51.000,54.000,52.000,50.000,51.000,51.000,53.000,54.000
693,52.000,52.000,51.000,50.000,50.000,51.000,50.000,52.000,49.000,50.000
694,51.000,51.000,51.000,51.000,52.000,52.000,51.000,52.000,53.000,52.000
695,50.000,50.000,53.000,50.000,50.000,51.000,51.000,50.000,49.000,51.000
696,52.000,52.000,50.000,52.000,53.000,51.000,52.000,51.000,51.000,51.000
697,51.000,49.000,49.000,53.000,50.000,50.000,52.000,51.000,52.000,52.000
698,51.000,52.000,52.000,52.000,51.000,53.000,52.000,50.000,50.000,51.000
699,51.000,51.000,53.000,49.000,51.000,50.000,48.000,52.000,53.000,49.000
700,52.000,52.000,50.000,51.000,51.000,51.000,52.000,51.000,50.000,52.000
701,49.000,51.000,50.000,50.000,51.000,51.000,50.000,50.000,49.000,53.000
702,52.000,51.000,52.000,52.000,52.000,52.000,53.000,52.000,53.000,51.000
703,52.000,52.000,51.000,52.000,53.000,50.000,51.000,52.000,52.000,51.000
704,50.000,50.000,51.000,48.000,50.000,51.000,51.000,51.000,51.000,50.000
705,52.000,51.000,52.000,54.000,50.000,50.000,49.000,51.000,51.000,49.000
706,50.000,51.000,50.000,52.000,51.000,53.000,52.000,51.000,50.000,54.000
707,51.000,51.000,52.000,50.000,50.000,51.000,51.000,51.000,51.000,48.000
708,52.000,51.000,50.000,51.000,51.000,51.000,51.000,51.000,51.000,52.000
709,51.000,51.000,51.000,51.000,52.000,51.000,51.000,51.000,51.000,51.000
710,51.000,51.000,52.000,51.000,51.000,51.000,51.000,51.000,50.000,51.000
711,52.000,51.000,48.000,51.000,52.000,52.000,51.000,51.000,52.000,53.000
712,51.000,52.000,53.000,53.000,50.000,53.000,52.000,52.000,51.000,52.000
713,51.000,50.000,50.000,49.000,53.000,49.000,52.000,51.000,53.000,51.000
714,50.000,51.000,54.000,49.000,49.000,49.000,49.000,51.000,50.000,50.000
715,50.000,51.000,50.000,52.000,51.000,52.000,69.000,49.000,48.000,50.000
716,52.000,52.000,51.000,54.000,51.000,53.000,34.000,52.000,52.000,53.000
717,51.000,50.000,50.000,49.000,52.000,50.000,50.000,51.000,51.000,50.000
718,53.000,77.000,52.000,51.000,51.000,52.000,52.000,53.000,53.000,52.000
719,48.000,25.000,49.000,50.000,49.000,49.000,49.000,49.000,49.000,49.000
720,51.000,51.000,51.000,57.000,51.000,51.000,51.000,51.000,52.000,84.000
721,61.000,55.000,57.000,49.000,56.000,56.000,56.000,55.000,54.000,25.000
722,45.000,50.000,64.000,50.000,49.000,55.000,50.000,50.000,49.000,48.000
723,65.000,51.000,37.000,51.000,51.000,45.000,51.000,53.000,52.000,49.000
724,30.000,46.000,45.000,47.000,48.000,46.000,45.000,44.000,48.000,47.000
725,52.000,51.000,51.000,52.000,50.000,54.000,52.000,51.000,52.000,52.000
726,50.000,51.000,51.000,50.000,51.000,48.000,52.000,51.000,50.000,51.000
727,51.000,50.000,52.000,50.000,50.000,50.000,49.000,50.000,49.000,49.000
728,52.000,55.000,51.000,53.000,53.000,55.000,55.000,54.000,54.000,55.000
729,50.000,48.000,51.000,49.000,49.000,48.000,47.000,49.000,49.000,48.000
730,52.000,51.000,51.000,51.000,52.000,51.000,52.000,51.000,51.000,52.000
731,52.000,54.000,52.000,52.000,52.000,53.000,52.000,53.000,85.000,52.000
732,61.000,54.000,55.000,56.000,56.000,55.000,56.000,54.000,25.000,67.000
733,39.000,43.000,43.000,72.000,41.000,43.000,42.000,44.000,40.000,31.000
734,43.000,43.000,43.000,25.000,44.000,43.000,44.000,43.000,42.000,43.000
735,60.000,45.000,44.000,35.000,45.000,46.000,45.000,45.000,47.000,45.000
736,36.000,64.000,51.000,50.000,51.000,50.000,50.000,50.000,51.000,51.000
737,52.000,40.000,52.000,73.000,53.000,53.000,63.000,53.000,52.000,52.000
738,49.000,52.000,51.000,28.000,49.000,48.000,39.000,64.000,49.000,50.000
739,50.000,47.000,50.000,49.000,51.000,51.000,50.000,36.000,50.000,50.000
740,26.000,25.000,26.000,27.000,24.000,25.000,26.000,24.000,26.000,25.000
741,42.000,42.000,42.000,42.000,41.000,42.000,42.000,43.000,42.000,42.000
742,40.000,42.000,42.000,41.000,42.000,42.000,41.000,41.000,40.000,42.000
743,46.000,46.000,45.000,47.000,48.000,46.000,47.000,47.000,49.000,46.000
744,51.000,49.000,49.000,49.000,49.000,49.000,49.000,50.000,48.000,50.000
745,39.000,40.000,41.000,40.000,40.000,39.000,39.000,39.000,40.000,39.000
746,30.000,31.000,31.000,32.000,31.000,32.000,32.000,32.000,32.000,32.000
747,49.000,48.000,47.000,47.000,45.000,48.000,47.000,47.000,46.000,47.000
748,41.000,40.000,42.000,41.000,45.000,41.000,42.000,41.000,41.000,42.000
749,47.000,48.000,47.000,48.000,47.000,47.000,47.000,47.000,49.000,46.000
750,51.000,51.000,50.000,53.000,51.000,51.000,51.000,51.000,50.000,51.000
751,51.000,51.000,52.000,48.000,49.000,51.000,51.000,51.000,52.000,51.000
752,52.000,53.000,52.000,55.000,53.000,53.000,52.000,52.000,50.000,54.000
753,51.000,51.000,51.000,48.000,50.000,50.000,50.000,51.000,52.000,49.000
754,51.000,49.000,48.000,49.000,50.000,50.000,51.000,50.000,49.000,51.000
755,51.000,51.000,52.000,51.000,52.000,51.000,51.000,51.000,52.000,51.000
756,51.000,51.000,51.000,53.000,51.000,52.000,51.000,51.000,51.000,50.000
757,51.000,51.000,52.000,49.000,50.000,50.000,51.000,51.000,51.000,51.000
758,52.000,52.000,51.000,52.000,52.000,53.000,52.000,52.000,52.000,53.000
759,50.000,50.000,49.000,50.000,50.000,49.000,50.000,50.000,50.000,49.000
760,52.000,52.000,52.000,51.000,52.000,52.000,51.000,51.000,51.000,52.000
761,50.000,50.000,51.000,51.000,50.000,50.000,51.000,51.000,51.000,50.000
762,51.000,50.000,51.000,51.000,51.000,51.000,51.000,51.000,51.000,51.000
763,51.000,52.000,51.000,51.000,51.000,50.000,50.000,50.000,50.000,51.000
764,43.000,43.000,43.000,45.000,45.000,43.000,44.000,43.000,44.000,43.000
765,26.000,28.000,29.000,27.000,27.000,29.000,29.000,28.000,28.000,27.000
766,48.000,46.000,46.000,47.000,44.000,46.000,45.000,47.000,47.000,48.000
767,43.000,41.000,43.000,42.000,44.000,43.000,41.000,43.000,40.000,42.000
768,45.000,50.000,47.000,48.000,48.000,48.000,49.000,47.000,51.000,47.000
769,55.000,54.000,52.000,53.000,53.000,51.000,52.000,52.000,51.000,53.000
770,50.000,49.000,51.000,51.000,50.000,51.000,51.000,51.000,50.000,50.000
771,49.000,49.000,50.000,48.000,49.000,51.000,54.000,49.000,49.000,50.000
772,53.000,50.000,51.000,51.000,51.000,52.000,49.000,52.000,55.000,51.000
773,50.000,54.000,52.000,51.000,54.000,51.000,50.000,52.000,49.000,54.000
774,50.000,65.000,49.000,53.000,48.000,49.000,50.000,50.000,50.000,48.000
775,50.000,34.000,51.000,48.000,49.000,50.000,50.000,50.000,67.000,50.000
776,51.000,50.000,48.000,61.000,51.000,50.000,58.000,50.000,33.000,65.000
777,28.000,28.000,30.000,22.000,29.000,29.000,20.000,29.000,28.000,15.000
778,62.000,45.000,41.000,38.000,39.000,42.000,43.000,41.000,41.000,43.000
779,29.000,46.000,50.000,49.000,51.000,49.000,48.000,51.000,50.000,47.000
780,47.000,49.000,48.000,48.000,49.000,48.000,48.000,47.000,48.000,48.000
781,48.000,45.000,48.000,47.000,46.000,45.000,46.000,46.000,45.000,46.000
782,46.000,47.000,46.000,46.000,53.000,49.000,48.000,47.000,47.000,47.000
783,44.000,45.000,44.000,45.000,39.000,42.000,44.000,44.000,46.000,44.000
784,23.000,25.000,23.000,24.000,26.000,26.000,24.000,25.000,24.000,25.000
785,45.000,44.000,45.000,44.000,42.000,44.000,43.000,45.000,46.000,44.000
786,49.000,49.000,49.000,47.000,49.000,48.000,49.000,48.000,48.000,49.000
787,47.000,45.000,45.000,47.000,46.000,46.000,47.000,45.000,44.000,45.000
788,50.000,49.000,51.000,50.000,50.000,50.000,50.000,50.000,50.000,50.000
789,43.000,45.000,44.000,44.000,43.000,42.000,43.000,44.000,44.000,44.000
790,24.000,23.000,22.000,23.000,23.000,25.000,23.000,23.000,24.000,25.000
791,44.000,43.000,44.000,43.000,44.000,43.000,43.000,43.000,43.000,42.000
792,43.000,44.000,45.000,47.000,44.000,45.000,46.000,45.000,44.000,44.000
793,51.000,50.000,49.000,49.000,51.000,50.000,50.000,50.000,50.000,51.000
794,48.000,49.000,48.000,48.000,50.000,48.000,48.000,50.000,49.000,48.000
795,47.000,46.000,47.000,47.000,44.000,45.000,46.000,44.000,46.000,45.000
796,22.000,23.000,23.000,21.000,23.000,24.000,22.000,23.000,29.000,23.000
797,45.000,45.000,45.000,44.000,46.000,45.000,45.000,46.000,39.000,45.000
798,49.000,50.000,50.000,52.000,49.000,49.000,51.000,50.000,50.000,51.000
799,51.000,50.000,50.000,49.000,52.000,51.000,50.000,49.000,50.000,51.000
800,54.000,54.000,54.000,53.000,50.000,54.000,52.000,54.000,53.000,52.000
801,49.000,50.000,49.000,49.000,51.000,50.000,50.000,49.000,50.000,49.000
802,51.000,50.000,51.000,51.000,50.000,50.000,50.000,51.000,51.000,51.000
803,51.000,52.000,52.000,55.000,53.000,52.000,51.000,52.000,51.000,52.000
804,55.000,50.000,50.000,48.000,50.000,50.000,52.000,50.000,51.000,51.000
805,45.000,50.000,50.000,51.000,52.000,50.000,49.000,50.000,49.000,49.000
806,47.000,45.000,47.000,67.000,57.000,48.000,90.000,92.000,46.000,47.000
807,58.000,60.000,58.000,38.000,44.000,57.000,23.000,22.000,60.000,58.000
808,45.000,47.000,44.000,43.000,60.000,64.000,38.000,35.000,44.000,44.000
809,53.000,50.000,54.000,56.000,38.000,33.000,69.000,62.000,70.000,53.000
810,47.000,46.000,46.000,45.000,48.000,48.000,31.000,38.000,31.000,48.000
811,47.000,48.000,47.000,46.000,46.000,45.000,47.000,47.000,46.000,46.000
812,48.000,49.000,48.000,49.000,49.000,49.000,49.000,49.000,49.000,51.000
813,36.000,35.000,37.000,35.000,36.000,36.000,35.000,35.000,35.000,34.000
814,27.000,28.000,27.000,29.000,28.000,28.000,27.000,28.000,27.000,27.000
815,45.000,43.000,45.000,44.000,44.000,43.000,46.000,43.000,46.000,45.000
816,47.000,51.000,46.000,47.000,49.000,47.000,47.000,48.000,47.000,47.000
817,38.000,37.000,40.000,39.000,37.000,40.000,38.000,39.000,38.000,39.000
818,31.000,30.000,30.000,32.000,31.000,31.000,31.000,30.000,31.000,29.000
819,41.000,40.000,42.000,39.000,42.000,38.000,40.000,39.000,41.000,41.000
820,47.000,50.000,46.000,47.000,45.000,49.000,48.000,48.000,49.000,48.000
821,47.000,45.000,47.000,47.000,48.000,46.000,47.000,47.000,46.000,47.000
822,51.000,51.000,49.000,50.000,51.000,51.000,50.000,52.000,49.000,50.000
823,39.000,40.000,42.000,41.000,40.000,41.000,40.000,40.000,39.000,40.000
824,33.000,31.000,31.000,32.000,29.000,32.000,32.000,32.000,33.000,32.000
825,38.000,40.000,39.000,39.000,41.000,38.000,38.000,37.000,38.000,42.000
826,47.000,46.000,46.000,47.000,47.000,47.000,47.000,47.000,49.000,44.000
827,48.000,48.000,48.000,48.000,48.000,48.000,48.000,49.000,48.000,48.000
828,39.000,40.000,41.000,39.000,38.000,40.000,40.000,40.000,37.000,40.000
829,30.000,28.000,30.000,30.000,29.000,29.000,30.000,29.000,31.000,29.000
830,40.000,44.000,38.000,42.000,44.000,40.000,42.000,40.000,40.000,41.000
831,47.000,46.000,48.000,46.000,45.000,47.000,45.000,47.000,48.000,47.000
832,48.000,46.000,49.000,48.000,46.000,48.000,48.000,48.000,47.000,47.000
833,36.000,35.000,34.000,32.000,38.000,36.000,36.000,36.000,35.000,36.000
834,29.000,30.000,30.000,33.000,29.000,29.000,27.000,29.000,30.000,29.000
835,42.000,43.000,43.000,41.000,42.000,42.000,44.000,42.000,42.000,44.000
836,51.000,50.000,50.000,50.000,50.000,50.000,50.000,50.000,50.000,48.000
837,46.000,47.000,44.000,47.000,46.000,47.000,47.000,48.000,47.000,48.000
838,51.000,49.000,51.000,50.000,51.000,52.000,50.000,50.000,50.000,50.000
839,39.000,39.000,40.000,37.000,38.000,38.000,38.000,38.000,38.000,38.000
840,28.000,27.000,28.000,29.000,28.000,28.000,27.000,28.000,29.000,28.000
841,42.000,43.000,42.000,43.000,43.000,43.000,44.000,42.000,41.000,43.000
842,52.000,50.000,51.000,51.000,51.000,51.000,52.000,53.000,53.000,51.000
843,51.000,52.000,53.000,52.000,52.000,51.000,52.000,50.000,51.000,52.000
844,51.000,53.000,50.000,50.000,50.000,51.000,50.000,51.000,51.000,50.000
845,52.000,50.000,52.000,53.000,52.000,53.000,53.000,51.000,51.000,52.000
846,49.000,51.000,50.000,51.000,51.000,49.000,49.000,50.000,51.000,50.000
847,50.000,50.000,50.000,48.000,52.000,51.000,50.000,51.000,50.000,51.000
848,54.000,51.000,53.000,53.000,50.000,52.000,53.000,52.000,52.000,51.000
849,51.000,51.000,51.000,51.000,51.000,51.000,50.000,52.000,51.000,52.000
850,50.000,52.000,50.000,51.000,51.000,50.000,51.000,50.000,51.000,51.000
851,52.000,52.000,53.000,53.000,53.000,54.000,54.000,54.000,52.000,53.000
852,51.000,50.000,51.000,49.000,50.000,49.000,49.000,49.000,50.000,50.000
853,52.000,52.000,51.000,52.000,51.000,52.000,51.000,51.000,51.000,59.000
854,50.000,57.000,51.000,51.000,51.000,51.000,51.000,51.000,51.000,43.000
855,55.000,49.000,54.000,54.000,55.000,53.000,56.000,56.000,73.000,55.000
856,49.000,71.000,50.000,51.000,51.000,51.000,48.000,49.000,32.000,49.000
857,53.000,32.000,53.000,52.000,52.000,63.000,57.000,53.000,54.000,53.000
858,51.000,51.000,51.000,56.000,50.000,39.000,47.000,52.000,51.000,51.000
859,59.000,59.000,48.000,44.000,48.000,48.000,48.000,46.000,53.000,48.000
860,40.000,39.000,50.000,49.000,51.000,51.000,51.000,53.000,45.000,50.000
861,45.000,46.000,47.000,47.000,60.000,47.000,46.000,45.000,46.000,47.000
862,31.000,30.000,29.000,30.000,18.000,31.000,30.000,30.000,30.000,30.000
863,35.000,37.000,36.000,35.000,33.000,35.000,34.000,36.000,35.000,36.000
864,46.000,44.000,61.000,46.000,46.000,49.000,47.000,46.000,46.000,44.000
865,40.000,45.000,24.000,39.000,44.000,37.000,40.000,40.000,62.000,41.000
866,43.000,37.000,43.000,42.000,40.000,42.000,43.000,41.000,21.000,42.000
867,58.000,30.000,30.000,31.000,28.000,30.000,30.000,32.000,30.000,29.000
868,20.000,64.000,49.000,88.000,60.000,48.000,47.000,48.000,48.000,50.000
869,53.000,39.000,53.000,23.000,42.000,54.000,54.000,53.000,53.000,53.000
870,54.000,62.000,50.000,42.000,51.000,50.000,50.000,50.000,51.000,51.000
871,44.000,36.000,49.000,47.000,60.000,48.000,64.000,48.000,48.000,48.000
872,51.000,49.000,48.000,49.000,36.000,49.000,33.000,49.000,48.000,48.000
873,44.000,46.000,46.000,48.000,49.000,46.000,47.000,46.000,48.000,47.000
874,50.000,49.000,69.000,48.000,47.000,50.000,49.000,48.000,47.000,49.000
875,48.000,48.000,26.000,47.000,47.000,47.000,47.000,49.000,48.000,47.000
876,33.000,33.000,35.000,33.000,32.000,33.000,33.000,33.000,34.000,33.000
877,38.000,37.000,43.000,38.000,39.000,39.000,37.000,38.000,37.000,38.000
878,44.000,44.000,39.000,44.000,43.000,42.000,44.000,42.000,43.000,43.000
879,48.000,48.000,46.000,46.000,48.000,48.000,49.000,49.000,49.000,49.000
880,49.000,49.000,50.000,50.000,50.000,53.000,49.000,50.000,52.000,49.000
881,52.000,53.000,52.000,52.000,53.000,50.000,53.000,53.000,50.000,53.000
882,52.000,52.000,53.000,51.000,51.000,50.000,51.000,51.000,53.000,51.000
883,50.000,50.000,49.000,51.000,51.000,51.000,51.000,50.000,49.000,50.000
884,51.000,51.000,51.000,51.000,50.000,52.000,50.000,51.000,51.000,51.000
885,50.000,50.000,52.000,50.000,51.000,49.000,51.000,50.000,50.000,50.000
886,51.000,51.000,50.000,51.000,50.000,51.000,51.000,52.000,51.000,52.000
887,51.000,50.000,50.000,51.000,51.000,51.000,50.000,50.000,51.000,50.000
888,51.000,52.000,52.000,51.000,51.000,51.000,52.000,54.000,51.000,52.000
889,52.000,52.000,53.000,53.000,52.000,51.000,52.000,48.000,52.000,51.000
890,50.000,50.000,49.000,49.000,51.000,51.000,50.000,51.000,50.000,50.000
891,52.000,52.000,54.000,54.000,52.000,52.000,52.000,52.000,53.000,53.000
892,51.000,52.000,49.000,50.000,50.000,55.000,50.000,51.000,53.000,50.000
893,51.000,51.000,51.000,51.000,51.000,46.000,51.000,52.000,48.000,52.000
894,51.000,49.000,52.000,54.000,51.000,54.000,51.000,51.000,50.000,50.000
895,52.000,51.000,50.000,48.000,54.000,49.000,52.000,50.000,52.000,51.000
896,50.000,52.000,49.000,51.000,47.000,51.000,52.000,50.000,49.000,50.000
897,51.000,51.000,52.000,51.000,52.000,51.000,50.000,52.000,52.000,52.000
898,51.000,51.000,51.000,52.000,52.000,52.000,51.000,51.000,52.000,52.000
899,53.000,51.000,56.000,50.000,51.000,50.000,51.000,52.000,56.000,50.000
900,48.000,53.000,47.000,53.000,53.000,53.000,52.000,50.000,49.000,52.000
901,51.000,49.000,51.000,50.000,48.000,49.000,49.000,51.000,48.000,50.000
902,52.000,51.000,52.000,51.000,51.000,51.000,52.000,52.000,51.000,52.000
903,51.000,51.000,51.000,51.000,52.000,51.000,51.000,51.000,51.000,51.000
904,51.000,51.000,52.000,52.000,51.000,51.000,51.000,51.000,52.000,51.000
905,52.000,52.000,50.000,50.000,51.000,53.000,52.000,51.000,51.000,51.000
906,51.000,51.000,52.000,52.000,52.000,50.000,51.000,51.000,99.000,51.000
907,104.000,52.000,51.000,51.000,51.000,52.000,52.000,51.000,21.000,52.000
908,11.000,50.000,50.000,49.000,51.000,50.000,49.000,50.000,32.000,51.000
909,37.000,51.000,51.000,52.000,50.000,51.000,51.000,53.000,62.000,50.000
910,79.000,51.000,77.000,50.000,56.000,51.000,52.000,65.000,41.000,51.000
911,20.000,47.000,20.000,51.000,43.000,48.000,48.000,31.000,47.000,48.000
912,35.000,37.000,38.000,34.000,36.000,37.000,35.000,38.000,37.000,36.000
913,38.000,35.000,37.000,37.000,37.000,35.000,37.000,36.000,36.000,37.000
914,39.000,40.000,38.000,38.000,38.000,37.000,38.000,39.000,39.000,38.000
915,41.000,42.000,42.000,43.000,42.000,50.000,42.000,40.000,41.000,42.000
916,53.000,52.000,51.000,50.000,52.000,46.000,53.000,52.000,53.000,52.000
917,36.000,36.000,39.000,37.000,36.000,36.000,36.000,38.000,36.000,36.000
918,35.000,34.000,34.000,35.000,37.000,36.000,35.000,36.000,35.000,36.000
919,38.000,39.000,37.000,38.000,38.000,36.000,38.000,37.000,38.000,38.000
920,43.000,44.000,43.000,41.000,41.000,44.000,42.000,42.000,43.000,42.000
921,36.000,35.000,36.000,38.000,37.000,36.000,37.000,37.000,36.000,36.000
922,37.000,36.000,38.000,37.000,38.000,39.000,37.000,38.000,37.000,38.000
923,37.000,38.000,36.000,38.000,36.000,34.000,37.000,36.000,37.000,37.000
924,45.000,45.000,44.000,44.000,45.000,46.000,45.000,45.000,45.000,44.000
925,35.000,36.000,38.000,37.000,35.000,36.000,36.000,36.000,36.000,36.000
926,37.000,34.000,35.000,35.000,36.000,36.000,36.000,36.000,35.000,36.000
927,37.000,39.000,37.000,38.000,38.000,36.000,37.000,37.000,38.000,38.000
928,45.000,45.000,44.000,43.000,44.000,46.000,44.000,43.000,45.000,44.000
929,34.000,35.000,36.000,38.000,35.000,35.000,36.000,37.000,37.000,35.000
930,38.000,36.000,37.000,35.000,37.000,37.000,37.000,37.000,35.000,37.000
931,36.000,38.000,37.000,38.000,37.000,35.000,37.000,37.000,36.000,37.000
932,44.000,44.000,43.000,41.000,44.000,46.000,42.000,46.000,44.000,44.000
933,33.000,33.000,35.000,36.000,34.000,33.000,35.000,31.000,34.000,36.000
934,40.000,38.000,38.000,39.000,39.000,40.000,39.000,40.000,39.000,36.000
935,38.000,39.000,38.000,37.000,37.000,36.000,37.000,37.000,37.000,38.000
936,45.000,44.000,43.000,44.000,45.000,45.000,45.000,43.000,45.000,44.000
937,32.000,34.000,37.000,34.000,33.000,34.000,35.000,35.000,34.000,34.000
938,39.000,36.000,35.000,38.000,38.000,38.000,36.000,38.000,37.000,38.000
939,38.000,40.000,40.000,39.000,39.000,37.000,39.000,38.000,39.000,39.000
940,43.000,44.000,43.000,42.000,44.000,46.000,43.000,43.000,44.000,44.000
941,35.000,33.000,34.000,37.000,33.000,35.000,34.000,34.000,33.000,33.000
942,37.000,37.000,38.000,37.000,38.000,36.000,38.000,41.000,40.000,38.000
943,41.000,40.000,40.000,38.000,39.000,37.000,39.000,36.000,37.000,39.000
944,40.000,42.000,39.000,42.000,88.000,44.000,42.000,42.000,42.000,42.000
945,52.000,58.000,51.000,51.000,22.000,98.000,52.000,51.000,52.000,51.000
946,55.000,49.000,57.000,54.000,38.000,16.000,64.000,55.000,66.000,67.000
947,49.000,50.000,67.000,50.000,59.000,40.000,40.000,50.000,38.000,38.000
948,52.000,51.000,34.000,52.000,43.000,52.000,52.000,53.000,52.000,51.000
949,47.000,49.000,49.000,46.000,48.000,47.000,48.000,45.000,47.000,47.000
950,51.000,50.000,51.000,53.000,53.000,53.000,52.000,51.000,53.000,53.000
951,53.000,52.000,52.000,54.000,50.000,50.000,53.000,52.000,51.000,51.000
952,51.000,50.000,50.000,49.000,50.000,52.000,49.000,50.000,50.000,50.000
953,50.000,52.000,50.000,51.000,51.000,52.000,50.000,51.000,51.000,53.000
954,52.000,51.000,51.000,50.000,52.000,51.000,53.000,52.000,52.000,50.000
955,50.000,51.000,52.000,52.000,51.000,49.000,49.000,51.000,50.000,51.000
956,53.000,51.000,51.000,50.000,50.000,53.000,52.000,52.000,51.000,52.000
957,48.000,51.000,51.000,50.000,52.000,52.000,51.000,51.000,51.000,50.000
958,53.000,52.000,53.000,55.000,51.000,51.000,53.000,51.000,52.000,52.000
959,50.000,50.000,48.000,49.000,51.000,51.000,48.000,50.000,51.000,49.000
960,51.000,51.000,52.000,52.000,51.000,50.000,55.000,52.000,53.000,51.000
961,52.000,51.000,51.000,52.000,50.000,50.000,47.000,50.000,49.000,52.000
962,52.000,52.000,52.000,49.000,53.000,52.000,54.000,53.000,52.000,51.000
963,51.000,52.000,53.000,54.000,52.000,51.000,52.000,50.000,50.000,52.000
964,52.000,48.000,51.000,49.000,51.000,52.000,47.000,50.000,52.000,51.000
965,48.000,52.000,50.000,51.000,51.000,51.000,51.000,52.000,,51.000
966,52.000,52.000,49.000,51.000,49.000,50.000,53.000,50.000,,52.000
967,51.000,50.000,53.000,52.000,52.000,51.000,50.000,52.000,,50.000
968,52.000,51.000,50.000,55.000,53.000,50.000,52.000,51.000,,51.000
969,50.000,52.000,50.000,47.000,49.000,51.000,50.000,50.000,,51.000
970,51.000,50.000,51.000,50.000,50.000,50.000,52.000,51.000,,51.000
971,51.000,52.000,50.000,52.000,52.000,54.000,51.000,51.000,,52.000
972,51.000,51.000,53.000,50.000,50.000,51.000,51.000,51.000,,51.000
973,50.000,51.000,51.000,52.000,52.000,51.000,51.000,52.000,,50.000
974,53.000,51.000,51.000,48.000,51.000,51.000,51.000,53.000,,51.000
975,52.000,52.000,52.000,54.000,50.000,52.000,52.000,52.000,,53.000
976,50.000,51.000,51.000,51.000,51.000,51.000,50.000,51.000,,50.000
977,51.000,50.000,51.000,51.000,52.000,50.000,51.000,49.000,,51.000
978,51.000,51.000,50.000,51.000,50.000,49.000,51.000,52.000,,51.000
979,51.000,55.000,53.000,50.000,52.000,54.000,52.000,51.000,,52.000
980,52.000,48.000,50.000,54.000,50.000,50.000,52.000,53.000,,51.000
981,51.000,52.000,52.000,49.000,52.000,51.000,51.000,50.000,,51.000
982,50.000,48.000,50.000,52.000,52.000,50.000,49.000,48.000,,50.000
983,51.000,53.000,51.000,48.000,48.000,54.000,52.000,54.000,,52.000
984,53.000,56.000,52.000,55.000,55.000,51.000,54.000,54.000,,77.000
985,49.000,46.000,50.000,48.000,50.000,50.000,49.000,48.000,,24.000
986,58.000,53.000,53.000,53.000,51.000,65.000,53.000,52.000,,51.000
987,51.000,59.000,58.000,58.000,59.000,43.000,63.000,85.000,,66.000
988,46.000,44.000,77.000,45.000,45.000,46.000,38.000,18.000,,39.000
989,53.000,65.000,20.000,54.000,52.000,53.000,52.000,51.000,,52.000
990,49.000,37.000,50.000,49.000,49.000,50.000,50.000,49.000,,50.000
991,56.000,51.000,51.000,51.000,52.000,53.000,52.000,53.000,,52.000
992,47.000,50.000,50.000,49.000,49.000,56.000,50.000,66.000,,49.000
993,53.000,54.000,54.000,55.000,75.000,46.000,54.000,39.000,,54.000
994,64.000,49.000,55.000,49.000,28.000,49.000,63.000,49.000,,54.000
995,34.000,49.000,43.000,49.000,49.000,50.000,35.000,62.000,,44.000
996,45.000,63.000,46.000,46.000,46.000,46.000,45.000,33.000,,45.000
997,30.000,11.000,29.000,29.000,30.000,28.000,29.000,28.000,,30.000
998,48.000,46.000,47.000,48.000,47.000,47.000,48.000,50.000,,50.000
999,51.000,53.000,52.000,52.000,56.000,53.000,53.000,50.000,,50.000
1000,49.000,50.000,49.000,48.000,43.000,48.000,47.000,49.000,,49.000
1001,55.000,53.000,52.000,53.000,55.000,54.000,53.000,53.000,,52.000
1002,48.000,48.000,51.000,61.000,72.000,49.000,51.000,50.000,,49.000
1003,52.000,52.000,52.000,41.000,33.000,53.000,52.000,52.000,,53.000
1004,51.000,51.000,51.000,51.000,51.000,50.000,50.000,50.000,,51.000
1005,51.000,51.000,51.000,59.000,48.000,52.000,50.000,51.000,,51.000
1006,51.000,51.000,51.000,43.000,50.000,51.000,52.000,52.000,,51.000
1007,51.000,51.000,51.000,53.000,52.000,50.000,51.000,51.000,,51.000
1008,49.000,50.000,50.000,48.000,50.000,51.000,50.000,50.000,,50.000
1009,54.000,52.000,52.000,53.000,52.000,52.000,53.000,52.000,,52.000
1010,51.000,55.000,52.000,51.000,51.000,52.000,52.000,52.000,,52.000
1011,53.000,48.000,51.000,52.000,52.000,50.000,50.000,52.000,,51.000
1012,49.000,51.000,50.000,49.000,51.000,52.000,51.000,49.000,,50.000
1013,51.000,51.000,52.000,52.000,50.000,52.000,51.000,51.000,,52.000
1014,52.000,52.000,52.000,52.000,52.000,51.000,52.000,55.000,,52.000
1015,51.000,52.000,51.000,51.000,50.000,51.000,53.000,49.000,,51.000
1016,52.000,51.000,51.000,51.000,52.000,53.000,52.000,52.000,,52.000
1017,51.000,52.000,52.000,52.000,51.000,50.000,49.000,50.000,,51.000
1018,49.000,50.000,50.000,51.000,51.000,50.000,51.000,51.000,,50.000
1019,54.000,52.000,52.000,52.000,52.000,51.000,52.000,52.000,,52.000
1020,50.000,50.000,50.000,49.000,51.000,51.000,50.000,50.000,,50.000
1021,52.000,53.000,51.000,52.000,50.000,53.000,51.000,52.000,,52.000
1022,51.000,52.000,52.000,52.000,53.000,50.000,51.000,52.000,,51.000
1023,52.000,48.000,50.000,50.000,49.000,53.000,52.000,49.000,,51.000
1024,49.000,51.000,52.000,52.000,52.000,50.000,50.000,53.000,,51.000
1025,51.000,52.000,50.000,49.000,50.000,47.000,50.000,48.000,,50.000
1026,51.000,50.000,52.000,51.000,52.000,51.000,51.000,52.000,,51.000
1027,52.000,51.000,50.000,51.000,50.000,52.000,53.000,49.000,,52.000
1028,52.000,51.000,52.000,52.000,53.000,51.000,51.000,54.000,,53.000
1029,50.000,52.000,51.000,51.000,51.000,52.000,52.000,51.000,,49.000
1030,52.000,52.000,54.000,52.000,52.000,52.000,54.000,52.000,,52.000
1031,50.000,51.000,48.000,50.000,51.000,50.000,47.000,50.000,,50.000
1032,50.000,50.000,51.000,52.000,51.000,49.000,50.000,52.000,,50.000
1033,52.000,51.000,52.000,50.000,51.000,53.000,53.000,52.000,,52.000
1034,52.000,52.000,52.000,53.000,96.000,53.000,50.000,50.000,,52.000
1035,51.000,52.000,50.000,51.000,25.000,51.000,51.000,51.000,,52.000
1036,51.000,51.000,52.000,59.000,33.000,52.000,52.000,52.000,,51.000
1037,50.000,58.000,50.000,42.000,49.000,49.000,50.000,49.000,,50.000
1038,53.000,44.000,53.000,52.000,54.000,53.000,53.000,53.000,,52.000
1039,51.000,52.000,51.000,52.000,63.000,50.000,64.000,54.000,,52.000
1040,52.000,51.000,52.000,52.000,39.000,53.000,39.000,50.000,,53.000
1041,50.000,51.000,49.000,50.000,51.000,48.000,52.000,50.000,,49.000
1042,52.000,52.000,53.000,52.000,51.000,54.000,50.000,52.000,,52.000
1043,49.000,50.000,51.000,50.000,54.000,49.000,52.000,49.000,,51.000
1044,53.000,52.000,50.000,51.000,48.000,51.000,50.000,52.000,,50.000
1045,50.000,49.000,51.000,51.000,51.000,49.000,50.000,50.000,,51.000
1046,51.000,52.000,51.000,51.000,52.000,53.000,52.000,53.000,,51.000
1047,53.000,52.000,52.000,52.000,52.000,52.000,51.000,50.000,,52.000
1048,52.000,51.000,52.000,52.000,50.000,53.000,53.000,53.000,,52.000
1049,49.000,50.000,49.000,49.000,50.000,48.000,49.000,49.000,,49.000
1050,52.000,51.000,52.000,52.000,52.000,54.000,51.000,52.000,,52.000
1051,50.000,51.000,51.000,51.000,51.000,50.000,50.000,50.000,,51.000
1052,53.000,53.000,52.000,52.000,51.000,53.000,53.000,53.000,,52.000
1053,49.000,49.000,50.000,49.000,51.000,49.000,51.000,49.000,,49.000
1054,53.000,52.000,52.000,53.000,52.000,52.000,52.000,54.000,,52.000
1055,50.000,51.000,51.000,51.000,51.000,50.000,49.000,49.000,,52.000
1056,50.000,49.000,50.000,50.000,51.000,51.000,52.000,50.000,,50.000
1057,50.000,51.000,50.000,51.000,49.000,51.000,51.000,50.000,,52.000
1058,53.000,54.000,53.000,52.000,54.000,51.000,51.000,54.000,,51.000
1059,52.000,51.000,52.000,52.000,50.000,53.000,53.000,52.000,,52.000
1060,51.000,51.000,51.000,51.000,53.000,50.000,49.000,51.000,,51.000
1061,50.000,49.000,49.000,50.000,51.000,50.000,51.000,50.000,,49.000
1062,50.000,52.000,52.000,52.000,50.000,53.000,51.000,53.000,,52.000
1063,52.000,52.000,51.000,52.000,49.000,52.000,50.000,49.000,,51.000
1064,99.000,53.000,54.000,52.000,90.000,51.000,54.000,53.000,,53.000
1065,21.000,53.000,52.000,52.000,22.000,53.000,53.000,53.000,,53.000
1066,30.000,43.000,42.000,42.000,38.000,44.000,44.000,47.000,,44.000
1067,50.000,52.000,59.000,54.000,51.000,50.000,50.000,45.000,,49.000
1068,46.000,47.000,38.000,44.000,46.000,45.000,47.000,47.000,,47.000
1069,48.000,46.000,48.000,48.000,48.000,48.000,47.000,47.000,,49.000
1070,50.000,53.000,52.000,51.000,51.000,51.000,51.000,51.000,,50.000
1071,51.000,51.000,51.000,51.000,50.000,51.000,52.000,51.000,,51.000
1072,51.000,51.000,51.000,51.000,51.000,52.000,51.000,51.000,,51.000
1073,52.000,51.000,52.000,99.000,52.000,51.000,51.000,52.000,,52.000
1074,51.000,52.000,51.000,21.000,51.000,51.000,51.000,51.000,,51.000
1075,52.000,50.000,52.000,35.000,49.000,50.000,53.000,50.000,,52.000
1076,50.000,52.000,51.000,49.000,52.000,52.000,49.000,52.000,,50.000
1077,53.000,52.000,51.000,54.000,52.000,51.000,52.000,51.000,,52.000
1078,48.000,49.000,50.000,48.000,50.000,50.000,51.000,50.000,,48.000
1079,52.000,52.000,52.000,54.000,52.000,53.000,52.000,52.000,,54.000
1080,52.000,53.000,53.000,51.000,51.000,51.000,52.000,52.000,,50.000
1081,50.000,50.000,52.000,51.000,51.000,51.000,51.000,50.000,,55.000
1082,53.000,55.000,50.000,52.000,52.000,52.000,52.000,53.000,,50.000
1083,51.000,48.000,50.000,52.000,52.000,51.000,50.000,51.000,,51.000
1084,53.000,53.000,50.000,50.000,49.000,50.000,50.000,50.000,,50.000
1085,50.000,49.000,53.000,52.000,53.000,52.000,50.000,52.000,,52.000
1086,53.000,53.000,49.000,48.000,49.000,50.000,50.000,51.000,,49.000
1087,51.000,47.000,55.000,52.000,52.000,52.000,56.000,51.000,,56.000
1088,47.000,52.000,47.000,52.000,50.000,50.000,49.000,50.000,,48.000
1089,51.000,51.000,53.000,51.000,51.000,51.000,51.000,51.000,,48.000
1090,53.000,51.000,51.000,52.000,53.000,54.000,51.000,51.000,,53.000
1091,49.000,52.000,51.000,50.000,50.000,49.000,51.000,52.000,,52.000
1092,52.000,51.000,50.000,49.000,51.000,52.000,51.000,51.000,,49.000
1093,50.000,50.000,52.000,52.000,51.000,49.000,51.000,53.000,,53.000
1094,54.000,52.000,51.000,51.000,51.000,54.000,52.000,53.000,,51.000
1095,51.000,51.000,51.000,52.000,54.000,52.000,52.000,49.000,,52.000
1096,52.000,49.000,51.000,52.000,51.000,50.000,52.000,52.000,,50.000
1097,51.000,54.000,54.000,53.000,54.000,53.000,49.000,52.000,,52.000
1098,51.000,50.000,48.000,49.000,49.000,49.000,51.000,50.000,,50.000
1099,51.000,52.000,51.000,53.000,51.000,52.000,51.000,51.000,,52.000
1100,50.000,50.000,52.000,48.000,51.000,50.000,53.000,49.000,,51.000
1101,51.000,51.000,51.000,53.000,48.000,52.000,49.000,53.000,,51.000
1102,51.000,51.000,50.000,50.000,55.000,51.000,51.000,52.000,,51.000
1103,52.000,52.000,52.000,50.000,50.000,51.000,51.000,51.000,,51.000
1104,51.000,51.000,50.000,52.000,52.000,51.000,52.000,51.000,,51.000
1105,50.000,74.000,52.000,76.000,50.000,50.000,50.000,49.000,,51.000
1106,53.000,26.000,52.000,28.000,52.000,54.000,55.000,52.000,,74.000
1107,48.000,52.000,49.000,48.000,48.000,49.000,46.000,49.000,,27.000
1108,51.000,63.000,53.000,55.000,52.000,102.000,51.000,53.000,,69.000
1109,53.000,39.000,83.000,47.000,53.000,15.000,54.000,53.000,,36.000
1110,51.000,50.000,21.000,51.000,50.000,54.000,92.000,68.000,,53.000
1111,52.000,53.000,48.000,54.000,52.000,33.000,13.000,32.000,,48.000
1112,51.000,51.000,50.000,51.000,49.000,50.000,43.000,48.000,,49.000
1113,48.000,49.000,50.000,47.000,49.000,50.000,51.000,65.000,,50.000
1114,55.000,53.000,52.000,53.000,53.000,53.000,80.000,39.000,,53.000
1115,46.000,50.000,52.000,53.000,49.000,48.000,22.000,49.000,,52.000
1116,50.000,50.000,49.000,47.000,65.000,51.000,51.000,51.000,,48.000
1117,53.000,52.000,52.000,53.000,36.000,51.000,51.000,52.000,,53.000
1118,52.000,51.000,52.000,51.000,52.000,52.000,51.000,50.000,,50.000
1119,53.000,51.000,53.000,50.000,51.000,50.000,51.000,51.000,,53.000
1120,47.000,50.000,48.000,53.000,50.000,53.000,50.000,51.000,,51.000
1121,53.000,50.000,51.000,49.000,51.000,50.000,53.000,54.000,,49.000
1122,52.000,53.000,53.000,55.000,53.000,53.000,51.000,51.000,,73.000
1123,51.000,51.000,74.000,95.000,52.000,53.000,53.000,51.000,,30.000
1124,53.000,67.000,29.000,21.000,55.000,53.000,53.000,97.000,,62.000
1125,55.000,40.000,53.000,37.000,51.000,51.000,53.000,21.000,,44.000
1126,44.000,45.000,49.000,51.000,46.000,49.000,45.000,39.000,,50.000
1127,56.000,57.000,52.000,52.000,57.000,58.000,62.000,52.000,,59.000
1128,49.000,47.000,51.000,51.000,58.000,55.000,46.000,52.000,,43.000
1129,63.000,53.000,50.000,61.000,42.000,41.000,50.000,48.000,,51.000
1130,38.000,51.000,52.000,39.000,51.000,51.000,54.000,52.000,,50.000
1131,52.000,51.000,50.000,51.000,63.000,51.000,55.000,50.000,,51.000
1132,48.000,49.000,49.000,51.000,38.000,50.000,42.000,51.000,,49.000
1133,53.000,52.000,54.000,51.000,55.000,52.000,51.000,50.000,,52.000
1134,52.000,52.000,49.000,50.000,49.000,50.000,51.000,53.000,,51.000
1135,49.000,50.000,50.000,51.000,52.000,54.000,53.000,52.000,,51.000
1136,51.000,51.000,52.000,51.000,49.000,48.000,52.000,48.000,,51.000
1137,52.000,51.000,53.000,52.000,52.000,51.000,50.000,51.000,,51.000
1138,50.000,49.000,49.000,49.000,50.000,51.000,50.000,52.000,,50.000
1139,52.000,52.000,51.000,52.000,52.000,51.000,51.000,52.000,,52.000
1140,52.000,52.000,51.000,52.000,50.000,51.000,51.000,50.000,,51.000
1141,51.000,51.000,52.000,50.000,50.000,51.000,50.000,51.000,,51.000
1142,52.000,51.000,50.000,51.000,52.000,53.000,52.000,50.000,,52.000
1143,51.000,52.000,52.000,52.000,50.000,50.000,51.000,51.000,,51.000
1144,50.000,51.000,51.000,52.000,57.000,51.000,52.000,52.000,,53.000
1145,51.000,50.000,50.000,50.000,46.000,48.000,49.000,50.000,,49.000
1146,52.000,51.000,51.000,53.000,49.000,52.000,50.000,51.000,,50.000
1147,50.000,51.000,52.000,49.000,52.000,51.000,57.000,53.000,,55.000
1148,51.000,52.000,52.000,52.000,52.000,53.000,46.000,49.000,,49.000
1149,52.000,51.000,50.000,50.000,51.000,50.000,52.000,53.000,,50.000
1150,51.000,50.000,51.000,51.000,51.000,52.000,53.000,54.000,,51.000
1151,50.000,51.000,51.000,51.000,51.000,50.000,50.000,47.000,,51.000
1152,64.000,79.000,64.000,66.000,86.000,77.000,65.000,63.000,,65.000
1153,40.000,25.000,40.000,38.000,23.000,27.000,38.000,40.000,,38.000
1154,54.000,48.000,48.000,51.000,43.000,59.000,47.000,49.000,,49.000
1155,45.000,56.000,50.000,48.000,54.000,40.000,52.000,50.000,,50.000
1156,53.000,49.000,92.000,54.000,51.000,55.000,54.000,63.000,,60.000
1157,52.000,52.000,25.000,52.000,52.000,51.000,52.000,42.000,,46.000
1158,51.000,49.000,38.000,48.000,50.000,49.000,49.000,51.000,,49.000
1159,51.000,52.000,64.000,53.000,52.000,54.000,55.000,58.000,,54.000
1160,51.000,51.000,39.000,51.000,50.000,50.000,49.000,46.000,,50.000
1161,51.000,51.000,52.000,51.000,51.000,50.000,50.000,50.000,,50.000
1162,51.000,52.000,51.000,51.000,51.000,54.000,54.000,51.000,,52.000
1163,50.000,49.000,51.000,50.000,51.000,48.000,47.000,50.000,,49.000
1164,51.000,52.000,52.000,55.000,50.000,51.000,52.000,51.000,,53.000
1165,52.000,51.000,51.000,51.000,54.000,53.000,53.000,52.000,,50.000
1166,51.000,51.000,49.000,47.000,48.000,50.000,50.000,51.000,,53.000
1167,51.000,51.000,51.000,53.000,51.000,50.000,51.000,54.000,,50.000
1168,50.000,52.000,51.000,50.000,53.000,51.000,49.000,46.000,,51.000
1169,52.000,50.000,51.000,50.000,50.000,51.000,52.000,53.000,,51.000
1170,51.000,51.000,51.000,51.000,51.000,50.000,51.000,50.000,,52.000
1171,50.000,50.000,50.000,50.000,49.000,52.000,51.000,51.000,,49.000
1172,53.000,53.000,53.000,53.000,53.000,52.000,51.000,52.000,,52.000
1173,49.000,49.000,50.000,49.000,50.000,49.000,54.000,53.000,,51.000
1174,51.000,53.000,52.000,53.000,53.000,55.000,49.000,52.000,,50.000
1175,52.000,51.000,52.000,50.000,49.000,47.000,49.000,46.000,,52.000
1176,49.000,53.000,50.000,52.000,51.000,57.000,51.000,53.000,,52.000
1177,53.000,48.000,53.000,49.000,54.000,46.000,52.000,51.000,,51.000
1178,57.000,53.000,50.000,53.000,51.000,54.000,54.000,52.000,,51.000
1179,47.000,51.000,50.000,52.000,50.000,49.000,50.000,51.000,,50.000
1180,50.000,48.000,53.000,50.000,50.000,52.000,51.000,51.000,,51.000
1181,54.000,53.000,51.000,52.000,53.000,50.000,51.000,51.000,,51.000
1182,50.000,50.000,51.000,52.000,52.000,51.000,53.000,52.000,,52.000
1183,51.000,51.000,50.000,51.000,55.000,52.000,52.000,50.000,,52.000
1184,50.000,53.000,53.000,51.000,100.000,51.000,49.000,54.000,,52.000
1185,52.000,73.000,51.000,53.000,22.000,51.000,51.000,51.000,,60.000
1186,52.000,31.000,50.000,51.000,28.000,53.000,69.000,72.000,,43.000
1187,48.000,47.000,50.000,52.000,70.000,65.000,31.000,26.000,,47.000
1188,59.000,51.000,59.000,46.000,28.000,34.000,50.000,50.000,,50.000
1189,43.000,50.000,43.000,52.000,51.000,50.000,49.000,50.000,,51.000
1190,49.000,49.000,49.000,46.000,50.000,49.000,50.000,48.000,,51.000
1191,51.000,53.000,52.000,55.000,49.000,52.000,51.000,52.000,,52.000
1192,52.000,51.000,50.000,50.000,51.000,51.000,51.000,51.000,,51.000
1193,49.000,50.000,51.000,53.000,51.000,50.000,51.000,52.000,,51.000
1194,49.000,49.000,50.000,48.000,50.000,50.000,50.000,49.000,,49.000
1195,54.000,52.000,53.000,53.000,51.000,53.000,51.000,51.000,,50.000
1196,48.000,51.000,52.000,50.000,51.000,51.000,51.000,52.000,,54.000
1197,53.000,52.000,50.000,50.000,52.000,51.000,52.000,51.000,,51.000
1198,51.000,49.000,52.000,52.000,50.000,50.000,50.000,51.000,,50.000
1199,53.000,52.000,51.000,52.000,51.000,50.000,52.000,51.000,,52.000
1200,55.000,54.000,47.000,52.000,52.000,51.000,52.000,51.000,,50.000
1201,44.000,51.000,54.000,48.000,51.000,54.000,50.000,52.000,,54.000
1202,53.000,56.000,52.000,53.000,51.000,49.000,51.000,49.000,,48.000
1203,52.000,45.000,48.000,50.000,51.000,50.000,51.000,52.000,,55.000
1204,49.000,49.000,54.000,52.000,51.000,52.000,51.000,51.000,,49.000
1205,55.000,56.000,50.000,51.000,51.000,51.000,51.000,52.000,,50.000
1206,48.000,51.000,50.000,50.000,50.000,50.000,51.000,49.000,,50.000
1207,50.000,51.000,53.000,50.000,51.000,51.000,51.000,51.000,,53.000
1208,51.000,48.000,49.000,50.000,52.000,51.000,51.000,53.000,,47.000
1209,49.000,49.000,51.000,52.000,50.000,51.000,50.000,49.000,,53.000
1210,53.000,55.000,48.000,53.000,51.000,53.000,51.000,53.000,,52.000
1211,49.000,50.000,55.000,49.000,51.000,49.000,52.000,50.000,,51.000
1212,54.000,51.000,51.000,53.000,52.000,52.000,52.000,51.000,,51.000
1213,50.000,53.000,52.000,51.000,52.000,51.000,51.000,52.000,,50.000
1214,49.000,50.000,49.000,51.000,50.000,54.000,52.000,51.000,,52.000
1215,55.000,50.000,52.000,51.000,53.000,50.000,52.000,55.000,,51.000
1216,52.000,52.000,52.000,51.000,53.000,52.000,52.000,51.000,,51.000
1217,50.000,51.000,50.000,52.000,50.000,51.000,51.000,50.000,,51.000
1218,53.000,52.000,52.000,50.000,51.000,50.000,49.000,49.000,,53.000
1219,48.000,51.000,50.000,50.000,52.000,50.000,51.000,49.000,,48.000
1220,52.000,50.000,50.000,53.000,49.000,50.000,54.000,54.000,,52.000
1221,50.000,51.000,52.000,50.000,51.000,55.000,52.000,52.000,,51.000
1222,50.000,51.000,50.000,51.000,52.000,52.000,48.000,51.000,,51.000
1223,53.000,50.000,52.000,51.000,50.000,48.000,75.000,51.000,,51.000
1224,51.000,52.000,51.000,54.000,51.000,52.000,27.000,53.000,,51.000
1225,47.000,49.000,48.000,46.000,50.000,49.000,48.000,49.000,,66.000
1226,55.000,53.000,80.000,53.000,54.000,54.000,60.000,69.000,,36.000
1227,48.000,50.000,28.000,48.000,48.000,47.000,42.000,29.000,,48.000
1228,50.000,49.000,44.000,50.000,50.000,50.000,51.000,51.000,,80.000
1229,59.000,60.000,60.000,82.000,59.000,60.000,58.000,64.000,,30.000
1230,43.000,42.000,41.000,20.000,43.000,42.000,43.000,37.000,,42.000
1231,41.000,39.000,42.000,42.000,42.000,40.000,41.000,41.000,,42.000
1232,48.000,49.000,47.000,45.000,46.000,48.000,47.000,48.000,,47.000
1233,48.000,49.000,49.000,53.000,47.000,48.000,49.000,48.000,,49.000
1234,38.000,37.000,38.000,35.000,39.000,38.000,37.000,38.000,,37.000
1235,29.000,30.000,30.000,29.000,29.000,30.000,30.000,30.000,,30.000
1236,42.000,41.000,42.000,43.000,42.000,41.000,42.000,42.000,,42.000
1237,44.000,45.000,44.000,45.000,44.000,44.000,44.000,43.000,,44.000
1238,38.000,36.000,36.000,36.000,37.000,38.000,37.000,38.000,,37.000
1239,30.000,32.000,31.000,30.000,31.000,31.000,31.000,31.000,,30.000
1240,42.000,38.000,41.000,41.000,40.000,40.000,40.000,40.000,,41.000
1241,42.000,45.000,44.000,44.000,44.000,43.000,45.000,43.000,,45.000
1242,39.000,40.000,37.000,40.000,39.000,40.000,37.000,39.000,,38.000
1243,31.000,30.000,33.000,31.000,31.000,31.000,33.000,32.000,,31.000
1244,41.000,40.000,39.000,38.000,40.000,39.000,39.000,39.000,,39.000
1245,46.000,46.000,46.000,46.000,46.000,47.000,46.000,47.000,,47.000
1246,40.000,40.000,39.000,40.000,40.000,39.000,39.000,41.000,,41.000
1247,30.000,29.000,31.000,30.000,29.000,29.000,32.000,28.000,,28.000
1248,38.000,40.000,37.000,37.000,38.000,38.000,38.000,39.000,,37.000
1249,44.000,43.000,97.000,44.000,45.000,46.000,45.000,44.000,,45.000
1250,50.000,51.000,19.000,52.000,48.000,52.000,51.000,50.000,,52.000
1251,49.000,50.000,30.000,62.000,51.000,48.000,49.000,49.000,,68.000
1252,48.000,47.000,47.000,36.000,50.000,71.000,47.000,48.000,,28.000
1253,51.000,51.000,51.000,50.000,50.000,28.000,50.000,50.000,,51.000
1254,52.000,51.000,51.000,51.000,51.000,51.000,54.000,52.000,,51.000
1255,43.000,45.000,44.000,45.000,45.000,45.000,42.000,45.000,,43.000
1256,22.000,21.000,22.000,21.000,22.000,21.000,29.000,22.000,,23.000
1257,44.000,51.000,43.000,44.000,44.000,42.000,36.000,46.000,,46.000
1258,49.000,42.000,60.000,50.000,47.000,53.000,52.000,47.000,,47.000
1259,53.000,51.000,43.000,49.000,55.000,49.000,48.000,51.000,,51.000
1260,50.000,61.000,50.000,53.000,50.000,51.000,52.000,51.000,,52.000
1261,50.000,41.000,51.000,49.000,61.000,51.000,50.000,52.000,,51.000
1262,51.000,51.000,51.000,54.000,40.000,51.000,50.000,50.000,,50.000
1263,50.000,52.000,51.000,50.000,51.000,52.000,51.000,52.000,,52.000
1264,52.000,51.000,50.000,50.000,51.000,50.000,53.000,52.000,,51.000
1265,52.000,51.000,52.000,52.000,51.000,51.000,50.000,51.000,,51.000
1266,49.000,50.000,50.000,50.000,51.000,52.000,52.000,50.000,,51.000
1267,53.000,52.000,52.000,52.000,51.000,51.000,52.000,51.000,,51.000
1268,50.000,50.000,50.000,50.000,52.000,51.000,49.000,53.000,,50.000
1269,53.000,52.000,52.000,51.000,52.000,50.000,51.000,50.000,,53.000
1270,49.000,51.000,50.000,49.000,51.000,53.000,50.000,50.000,,50.000
1271,102.000,50.000,51.000,53.000,47.000,48.000,51.000,50.000,,50.000
1272,22.000,54.000,53.000,53.000,55.000,52.000,55.000,54.000,,54.000
1273,34.000,70.000,52.000,53.000,54.000,52.000,53.000,53.000,,50.000
1274,52.000,33.000,52.000,52.000,51.000,54.000,51.000,51.000,,54.000
1275,57.000,52.000,52.000,51.000,53.000,53.000,51.000,51.000,,52.000
1276,45.000,48.000,51.000,51.000,50.000,52.000,63.000,50.000,,50.000
1277,52.000,56.000,52.000,49.000,52.000,54.000,40.000,53.000,,52.000
1278,47.000,46.000,46.000,49.000,58.000,43.000,57.000,47.000,,47.000
1279,55.000,55.000,56.000,55.000,42.000,54.000,45.000,66.000,,54.000
1280,51.000,51.000,50.000,51.000,50.000,53.000,50.000,40.000,,53.000
1281,49.000,51.000,65.000,57.000,52.000,50.000,52.000,51.000,,50.000
1282,52.000,49.000,36.000,45.000,51.000,49.000,51.000,49.000,,49.000
1283,50.000,51.000,52.000,51.000,50.000,51.000,50.000,53.000,,51.000
1284,52.000,51.000,51.000,51.000,51.000,52.000,51.000,50.000,,52.000
1285,53.000,53.000,52.000,52.000,52.000,52.000,52.000,51.000,,52.000
1286,49.000,51.000,51.000,50.000,52.000,51.000,53.000,52.000,,51.000
1287,53.000,50.000,50.000,52.000,49.000,50.000,50.000,51.000,,50.000
1288,49.000,50.000,51.000,50.000,51.000,50.000,50.000,50.000,,51.000
1289,50.000,51.000,50.000,51.000,51.000,53.000,50.000,52.000,,51.000
1290,53.000,52.000,54.000,52.000,52.000,51.000,51.000,51.000,,51.000
1291,51.000,51.000,50.000,50.000,51.000,50.000,52.000,53.000,,54.000
1292,50.000,51.000,50.000,52.000,50.000,51.000,51.000,48.000,,48.000
1293,51.000,51.000,50.000,51.000,51.000,51.000,51.000,52.000,,51.000
1294,51.000,51.000,52.000,50.000,51.000,51.000,52.000,52.000,,51.000
1295,52.000,52.000,52.000,52.000,54.000,52.000,52.000,51.000,,53.000
1296,52.000,53.000,53.000,52.000,52.000,53.000,52.000,52.000,,53.000
1297,51.000,50.000,49.000,49.000,51.000,48.000,47.000,48.000,,47.000
1298,49.000,49.000,50.000,52.000,47.000,51.000,53.000,51.000,,52.000
1299,52.000,52.000,52.000,52.000,53.000,52.000,50.000,53.000,,52.000
1300,54.000,51.000,53.000,51.000,51.000,51.000,53.000,51.000,,50.000
1301,48.000,50.000,48.000,49.000,49.000,49.000,50.000,50.000,,51.000
1302,50.000,50.000,50.000,51.000,49.000,51.000,49.000,47.000,,50.000
1303,51.000,52.000,52.000,50.000,54.000,52.000,53.000,53.000,,53.000
1304,51.000,52.000,52.000,52.000,52.000,52.000,51.000,52.000,,50.000
1305,50.000,50.000,50.000,50.000,49.000,50.000,49.000,51.000,,50.000
1306,52.000,52.000,52.000,52.000,53.000,52.000,53.000,51.000,,52.000
1307,51.000,51.000,51.000,52.000,52.000,50.000,51.000,52.000,,51.000
1308,53.000,51.000,51.000,51.000,49.000,52.000,51.000,49.000,,53.000
1309,53.000,55.000,54.000,54.000,54.000,52.000,53.000,57.000,,63.000
1310,52.000,49.000,51.000,51.000,51.000,52.000,54.000,49.000,,39.000
1311,50.000,52.000,52.000,49.000,52.000,52.000,49.000,51.000,,58.000
1312,50.000,51.000,52.000,52.000,50.000,52.000,51.000,55.000,,45.000
1313,74.000,51.000,49.000,51.000,52.000,51.000,51.000,48.000,,52.000
1314,28.000,49.000,50.000,50.000,49.000,51.000,48.000,51.000,,48.000
1315,50.000,50.000,51.000,50.000,52.000,47.000,51.000,51.000,,52.000
1316,53.000,54.000,52.000,52.000,52.000,53.000,53.000,50.000,,53.000
1317,48.000,50.000,50.000,52.000,51.000,49.000,49.000,51.000,,49.000
1318,48.000,49.000,49.000,52.000,48.000,49.000,49.000,50.000,,50.000
1319,55.000,53.000,53.000,49.000,53.000,54.000,54.000,53.000,,53.000
1320,49.000,49.000,50.000,50.000,48.000,49.000,49.000,50.000,,51.000
1321,50.000,53.000,51.000,53.000,51.000,52.000,51.000,51.000,,49.000
1322,53.000,50.000,51.000,49.000,52.000,52.000,52.000,51.000,,52.000
1323,49.000,53.000,53.000,54.000,50.000,49.000,49.000,51.000,,51.000
1324,51.000,48.000,49.000,47.000,50.000,51.000,52.000,51.000,,50.000
1325,51.000,52.000,50.000,53.000,51.000,51.000,50.000,49.000,,51.000
1326,51.000,51.000,52.000,50.000,51.000,51.000,52.000,52.000,,51.000
1327,52.000,51.000,50.000,51.000,52.000,51.000,51.000,51.000,,51.000
1328,50.000,50.000,51.000,51.000,50.000,51.000,50.000,51.000,,50.000
1329,50.000,52.000,52.000,50.000,51.000,50.000,51.000,50.000,,51.000
1330,52.000,50.000,50.000,54.000,51.000,52.000,51.000,52.000,,52.000
1331,50.000,52.000,51.000,52.000,50.000,50.000,51.000,51.000,,49.000
1332,52.000,50.000,52.000,49.000,52.000,52.000,51.000,51.000,,53.000
1333,52.000,52.000,52.000,51.000,52.000,52.000,52.000,51.000,,52.000
1334,49.000,51.000,50.000,51.000,50.000,50.000,51.000,51.000,,50.000
1335,51.000,51.000,51.000,51.000,51.000,50.000,50.000,50.000,,50.000
1336,53.000,53.000,51.000,52.000,52.000,53.000,52.000,52.000,,52.000
1337,50.000,50.000,51.000,52.000,50.000,51.000,51.000,51.000,,51.000
1338,50.000,50.000,50.000,48.000,51.000,49.000,51.000,50.000,,51.000
1339,53.000,51.000,52.000,52.000,52.000,52.000,51.000,52.000,,51.000
1340,51.000,51.000,51.000,52.000,51.000,53.000,51.000,51.000,,51.000
1341,50.000,51.000,50.000,49.000,51.000,50.000,52.000,51.000,,51.000
1342,53.000,51.000,52.000,51.000,52.000,53.000,51.000,53.000,,52.000
1343,49.000,50.000,51.000,53.000,50.000,49.000,50.000,50.000,,51.000
1344,55.000,53.000,52.000,50.000,52.000,52.000,53.000,51.000,,50.000
1345,49.000,50.000,53.000,50.000,52.000,52.000,50.000,51.000,,52.000
1346,52.000,51.000,49.000,50.000,51.000,48.000,51.000,53.000,,51.000
1347,51.000,54.000,53.000,54.000,52.000,55.000,52.000,49.000,,53.000
1348,52.000,66.000,50.000,53.000,50.000,51.000,51.000,52.000,,52.000
1349,56.000,36.000,53.000,52.000,54.000,53.000,53.000,56.000,,51.000
1350,46.000,54.000,77.000,52.000,49.000,63.000,50.000,48.000,,50.000
1351,57.000,52.000,24.000,50.000,53.000,38.000,52.000,51.000,,51.000
1352,46.000,48.000,54.000,51.000,51.000,49.000,50.000,51.000,,50.000
1353,57.000,53.000,73.000,49.000,53.000,52.000,51.000,55.000,,51.000
1354,47.000,49.000,27.000,71.000,52.000,51.000,51.000,48.000,,51.000
1355,48.000,51.000,50.000,31.000,49.000,50.000,51.000,51.000,,50.000
1356,52.000,52.000,53.000,51.000,49.000,52.000,52.000,49.000,,52.000
1357,51.000,51.000,50.000,57.000,51.000,51.000,51.000,53.000,,51.000
1358,50.000,51.000,51.000,47.000,50.000,50.000,50.000,52.000,,51.000
1359,52.000,53.000,52.000,53.000,52.000,52.000,52.000,49.000,,52.000
1360,52.000,51.000,51.000,52.000,51.000,52.000,51.000,52.000,,54.000
1361,50.000,50.000,51.000,50.000,51.000,51.000,51.000,51.000,,48.000
1362,51.000,50.000,52.000,50.000,51.000,51.000,51.000,52.000,,54.000
1363,52.000,51.000,53.000,52.000,53.000,52.000,52.000,51.000,,50.000
1364,51.000,52.000,48.000,52.000,49.000,50.000,51.000,51.000,,50.000
1365,50.000,53.000,51.000,50.000,51.000,52.000,50.000,51.000,,51.000
1366,52.000,49.000,52.000,54.000,51.000,51.000,51.000,51.000,,52.000
1367,49.000,51.000,51.000,50.000,51.000,49.000,50.000,51.000,,50.000
1368,52.000,50.000,50.000,45.000,51.000,51.000,52.000,51.000,,53.000
1369,51.000,51.000,51.000,54.000,50.000,51.000,51.000,51.000,,51.000
1370,51.000,53.000,52.000,50.000,52.000,51.000,52.000,51.000,,54.000
1371,55.000,50.000,53.000,54.000,54.000,56.000,55.000,50.000,,50.000
1372,47.000,52.000,49.000,51.000,48.000,47.000,50.000,52.000,,82.000
1373,54.000,54.000,53.000,53.000,54.000,54.000,53.000,55.000,,22.000
1374,52.000,47.000,50.000,48.000,52.000,52.000,50.000,48.000,,48.000
1375,49.000,57.000,49.000,50.000,49.000,50.000,49.000,51.000,,51.000
1376,52.000,45.000,52.000,53.000,51.000,52.000,51.000,50.000,,51.000
1377,52.000,51.000,53.000,60.000,52.000,50.000,52.000,50.000,,51.000
1378,48.000,51.000,48.000,39.000,49.000,49.000,49.000,52.000,,49.000
1379,51.000,53.000,51.000,58.000,51.000,53.000,53.000,51.000,,52.000
1380,50.000,48.000,52.000,45.000,53.000,50.000,49.000,80.000,,52.000
1381,54.000,52.000,51.000,51.000,53.000,52.000,53.000,21.000,,50.000
1382,52.000,52.000,52.000,52.000,51.000,52.000,52.000,52.000,,52.000
1383,63.000,51.000,51.000,52.000,51.000,51.000,51.000,51.000,,52.000
1384,37.000,50.000,50.000,50.000,60.000,50.000,50.000,51.000,,49.000
1385,51.000,50.000,51.000,52.000,40.000,51.000,50.000,50.000,,51.000
1386,53.000,53.000,52.000,50.000,56.000,52.000,52.000,51.000,,52.000
1387,51.000,49.000,50.000,53.000,46.000,50.000,52.000,72.000,,50.000
1388,51.000,53.000,52.000,51.000,53.000,51.000,51.000,31.000,,53.000
1389,49.000,50.000,51.000,50.000,48.000,51.000,50.000,51.000,,49.000
1390,53.000,52.000,51.000,50.000,68.000,52.000,51.000,58.000,,52.000
1391,52.000,51.000,51.000,52.000,37.000,51.000,52.000,44.000,,52.000
1392,51.000,79.000,50.000,50.000,50.000,51.000,50.000,53.000,,49.000
1393,51.000,24.000,52.000,52.000,52.000,53.000,52.000,62.000,,54.000
1394,69.000,54.000,54.000,53.000,58.000,52.000,54.000,41.000,,53.000
1395,33.000,48.000,73.000,50.000,46.000,48.000,49.000,50.000,,47.000
1396,51.000,51.000,28.000,51.000,49.000,52.000,66.000,53.000,,51.000
1397,51.000,54.000,66.000,57.000,52.000,53.000,37.000,53.000,,53.000
1398,54.000,50.000,38.000,48.000,54.000,51.000,52.000,51.000,,63.000
1399,48.000,49.000,49.000,53.000,51.000,51.000,52.000,49.000,,39.000
1400,50.000,52.000,50.000,46.000,47.000,50.000,47.000,49.000,,50.000
1401,53.000,51.000,52.000,51.000,52.000,50.000,56.000,49.000,,52.000
1402,51.000,50.000,50.000,51.000,50.000,51.000,48.000,52.000,,50.000
1403,53.000,53.000,52.000,53.000,53.000,52.000,51.000,53.000,,52.000
1404,51.000,51.000,51.000,50.000,51.000,51.000,51.000,50.000,,51.000
1405,52.000,53.000,51.000,51.000,50.000,51.000,50.000,52.000,,51.000
1406,49.000,49.000,52.000,51.000,52.000,51.000,51.000,51.000,,53.000
1407,52.000,51.000,51.000,52.000,52.000,53.000,53.000,51.000,,54.000
1408,53.000,52.000,53.000,52.000,52.000,52.000,53.000,53.000,,50.000
1409,50.000,50.000,49.000,51.000,50.000,55.000,48.000,48.000,,48.000
1410,53.000,52.000,52.000,52.000,51.000,47.000,54.000,56.000,,55.000
1411,49.000,52.000,50.000,49.000,51.000,50.000,49.000,47.000,,48.000
1412,47.000,49.000,49.000,49.000,50.000,48.000,49.000,50.000,,50.000
1413,53.000,51.000,53.000,52.000,52.000,53.000,53.000,52.000,,52.000
1414,52.000,53.000,52.000,53.000,53.000,52.000,52.000,52.000,,52.000
1415,51.000,50.000,52.000,50.000,50.000,52.000,50.000,51.000,,50.000
1416,51.000,52.000,51.000,53.000,52.000,51.000,51.000,54.000,,53.000
1417,54.000,52.000,52.000,50.000,49.000,54.000,53.000,49.000,,53.000
1418,53.000,50.000,49.000,53.000,51.000,47.000,54.000,46.000,,52.000
1419,45.000,52.000,48.000,49.000,48.000,47.000,46.000,54.000,,47.000
1420,47.000,51.000,53.000,47.000,51.000,53.000,51.000,50.000,,51.000
1421,57.000,50.000,52.000,55.000,56.000,52.000,52.000,53.000,,52.000
1422,50.000,50.000,52.000,51.000,49.000,51.000,51.000,53.000,,50.000
1423,51.000,53.000,50.000,52.000,51.000,52.000,50.000,49.000,,51.000
1424,50.000,51.000,52.000,51.000,51.000,52.000,51.000,52.000,,51.000
1425,53.000,50.000,50.000,51.000,52.000,51.000,52.000,50.000,,51.000
1426,51.000,50.000,51.000,51.000,49.000,51.000,53.000,51.000,,47.000
1427,57.000,52.000,51.000,50.000,52.000,52.000,48.000,49.000,,54.000
1428,45.000,53.000,52.000,104.000,53.000,50.000,96.000,54.000,,52.000
1429,97.000,63.000,88.000,19.000,64.000,65.000,22.000,66.000,,65.000
1430,19.000,42.000,21.000,36.000,45.000,42.000,41.000,41.000,,42.000
1431,43.000,48.000,48.000,50.000,47.000,50.000,69.000,50.000,,49.000
1432,49.000,52.000,95.000,50.000,50.000,72.000,33.000,50.000,,50.000
1433,52.000,54.000,24.000,54.000,54.000,31.000,53.000,55.000,,54.000
1434,50.000,51.000,36.000,48.000,50.000,51.000,47.000,47.000,,51.000
1435,48.000,48.000,50.000,53.000,49.000,47.000,49.000,50.000,,50.000
1436,53.000,55.000,53.000,50.000,51.000,53.000,54.000,54.000,,55.000
1437,49.000,48.000,49.000,51.000,49.000,49.000,48.000,48.000,,47.000
1438,53.000,52.000,50.000,51.000,53.000,53.000,53.000,53.000,,56.000
1439,48.000,50.000,52.000,52.000,48.000,48.000,49.000,48.000,,47.000
1440,54.000,52.000,54.000,54.000,53.000,53.000,53.000,53.000,,51.000
1441,51.000,51.000,49.000,46.000,51.000,51.000,51.000,51.000,,51.000
1442,48.000,47.000,49.000,51.000,49.000,48.000,48.000,49.000,,53.000
1443,52.000,53.000,52.000,54.000,52.000,53.000,52.000,51.000,,54.000
1444,51.000,53.000,51.000,51.000,51.000,50.000,51.000,51.000,,47.000
1445,51.000,52.000,54.000,51.000,51.000,52.000,52.000,52.000,,49.000
1446,49.000,51.000,47.000,51.000,49.000,50.000,48.000,49.000,,50.000
1447,52.000,47.000,53.000,49.000,52.000,50.000,52.000,51.000,,49.000
1448,51.000,54.000,51.000,52.000,51.000,52.000,51.000,52.000,,54.000
1449,54.000,52.000,52.000,55.000,54.000,53.000,54.000,53.000,,53.000
1450,48.000,51.000,49.000,44.000,48.000,48.000,48.000,48.000,,47.000
1451,49.000,49.000,51.000,46.000,48.000,49.000,48.000,49.000,,52.000
1452,52.000,51.000,48.000,56.000,53.000,52.000,53.000,53.000,,52.000
1453,51.000,49.000,53.000,52.000,51.000,52.000,51.000,51.000,,47.000
1454,51.000,53.000,51.000,53.000,51.000,51.000,52.000,51.000,,52.000
1455,51.000,50.000,47.000,50.000,51.000,51.000,50.000,51.000,,53.000
1456,51.000,47.000,54.000,50.000,50.000,50.000,50.000,50.000,,48.000
1457,51.000,53.000,50.000,50.000,52.000,51.000,52.000,51.000,,52.000
1458,51.000,52.000,52.000,52.000,50.000,51.000,51.000,56.000,,51.000
1459,54.000,52.000,50.000,51.000,53.000,52.000,54.000,52.000,,53.000
1460,49.000,51.000,52.000,51.000,50.000,51.000,53.000,51.000,,51.000
1461,54.000,51.000,50.000,50.000,54.000,55.000,49.000,51.000,,51.000
1462,52.000,50.000,52.000,52.000,51.000,50.000,53.000,50.000,,50.000
1463,50.000,53.000,52.000,51.000,51.000,51.000,51.000,52.000,,52.000
1464,50.000,51.000,49.000,49.000,51.000,49.000,51.000,50.000,,51.000
1465,52.000,50.000,52.000,49.000,54.000,55.000,51.000,49.000,,50.000
1466,51.000,54.000,51.000,56.000,50.000,51.000,52.000,52.000,,53.000
1467,49.000,50.000,51.000,54.000,47.000,51.000,51.000,49.000,,50.000
1468,51.000,88.000,53.000,49.000,56.000,51.000,51.000,55.000,,50.000
1469,52.000,18.000,50.000,50.000,51.000,49.000,66.000,52.000,,54.000
1470,52.000,44.000,49.000,48.000,50.000,48.000,33.000,48.000,,45.000
1471,47.000,48.000,50.000,51.000,47.000,50.000,50.000,49.000,,50.000
1472,53.000,57.000,53.000,52.000,55.000,52.000,61.000,50.000,,83.000
1473,50.000,50.000,79.000,49.000,50.000,50.000,45.000,50.000,,20.000
1474,53.000,50.000,28.000,54.000,66.000,53.000,52.000,53.000,,54.000
1475,50.000,51.000,42.000,48.000,33.000,50.000,47.000,50.000,,51.000
1476,50.000,49.000,52.000,86.000,51.000,51.000,52.000,51.000,,49.000
1477,50.000,51.000,54.000,19.000,49.000,50.000,51.000,50.000,,54.000
1478,50.000,48.000,47.000,48.000,51.000,51.000,51.000,50.000,,47.000
1479,52.000,51.000,52.000,51.000,52.000,51.000,49.000,51.000,,53.000
1480,52.000,53.000,53.000,51.000,51.000,52.000,50.000,53.000,,50.000
1481,51.000,51.000,51.000,51.000,52.000,52.000,52.000,51.000,,50.000
1482,51.000,51.000,50.000,53.000,51.000,50.000,50.000,51.000,,51.000
1483,49.000,51.000,50.000,50.000,49.000,49.000,51.000,49.000,,52.000
1484,52.000,52.000,52.000,51.000,51.000,51.000,52.000,51.000,,52.000
1485,51.000,51.000,50.000,51.000,52.000,52.000,52.000,52.000,,52.000
1486,51.000,51.000,52.000,50.000,50.000,51.000,50.000,50.000,,48.000
1487,52.000,50.000,51.000,52.000,53.000,53.000,52.000,54.000,,53.000
1488,50.000,52.000,51.000,50.000,50.000,50.000,52.000,50.000,,50.000
1489,51.000,51.000,51.000,51.000,50.000,50.000,49.000,50.000,,49.000
1490,51.000,52.000,51.000,52.000,52.000,51.000,53.000,51.000,,52.000
1491,51.000,49.000,51.000,50.000,50.000,51.000,50.000,51.000,,50.000
1492,51.000,52.000,51.000,50.000,52.000,51.000,52.000,51.000,,52.000
1493,52.000,51.000,51.000,52.000,52.000,52.000,49.000,52.000,,52.000
1494,52.000,51.000,52.000,52.000,54.000,53.000,53.000,52.000,,52.000
1495,50.000,52.000,51.000,52.000,56.000,54.000,51.000,50.000,,54.000
1496,51.000,51.000,51.000,52.000,43.000,49.000,53.000,52.000,,50.000
1497,51.000,51.000,51.000,49.000,51.000,51.000,50.000,54.000,,49.000
1498,51.000,50.000,51.000,89.000,51.000,58.000,49.000,49.000,,79.000
1499,55.000,54.000,53.000,18.000,54.000,48.000,54.000,52.000,,26.000
1500,46.000,48.000,66.000,45.000,51.000,44.000,47.000,47.000,,47.000
1501,51.000,50.000,32.000,51.000,48.000,51.000,54.000,50.000,,50.000
1502,51.000,76.000,51.000,51.000,51.000,50.000,45.000,53.000,,50.000
1503,55.000,27.000,52.000,51.000,52.000,53.000,52.000,51.000,,72.000
1504,48.000,50.000,51.000,79.000,52.000,58.000,54.000,51.000,,34.000
1505,53.000,52.000,55.000,24.000,51.000,47.000,51.000,84.000,,66.000
1506,49.000,51.000,61.000,51.000,50.000,48.000,50.000,20.000,,35.000
1507,53.000,51.000,37.000,63.000,52.000,52.000,52.000,51.000,,54.000
1508,49.000,50.000,50.000,39.000,49.000,49.000,50.000,50.000,,48.000
1509,49.000,45.000,46.000,45.000,46.000,45.000,45.000,45.000,,45.000
1510,45.000,48.000,48.000,48.000,50.000,51.000,48.000,47.000,,47.000
1511,57.000,48.000,49.000,49.000,47.000,47.000,50.000,52.000,,57.000
1512,44.000,52.000,52.000,51.000,51.000,52.000,51.000,57.000,,44.000
1513,50.000,50.000,50.000,51.000,51.000,50.000,52.000,44.000,,51.000
1514,52.000,52.000,51.000,61.000,52.000,52.000,50.000,51.000,,65.000
1515,59.000,55.000,52.000,44.000,53.000,54.000,53.000,56.000,,40.000
1516,42.000,45.000,49.000,47.000,47.000,47.000,48.000,51.000,,47.000
1517,53.000,52.000,53.000,52.000,51.000,51.000,51.000,45.000,,52.000
1518,41.000,45.000,43.000,43.000,42.000,44.000,43.000,44.000,,42.000
1519,20.000,21.000,22.000,22.000,31.000,22.000,23.000,21.000,,22.000
1520,51.000,54.000,48.000,50.000,42.000,50.000,47.000,50.000,,48.000
1521,50.000,45.000,50.000,50.000,50.000,49.000,52.000,50.000,,50.000
1522,48.000,50.000,48.000,47.000,48.000,48.000,48.000,47.000,,50.000
1523,48.000,45.000,47.000,48.000,48.000,48.000,47.000,49.000,,48.000
1524,46.000,47.000,47.000,47.000,47.000,46.000,47.000,46.000,,47.000
1525,44.000,43.000,43.000,41.000,40.000,42.000,42.000,43.000,,41.000
1526,25.000,28.000,27.000,28.000,30.000,28.000,27.000,28.000,,28.000
1527,47.000,45.000,45.000,45.000,45.000,45.000,46.000,44.000,,46.000
1528,49.000,49.000,50.000,50.000,49.000,50.000,48.000,50.000,,49.000
1529,51.000,52.000,51.000,51.000,51.000,51.000,52.000,51.000,,50.000
1530,49.000,49.000,49.000,49.000,49.000,49.000,50.000,48.000,,50.000
1531,46.000,45.000,45.000,45.000,45.000,46.000,45.000,47.000,,48.000
1532,51.000,53.000,50.000,52.000,51.000,52.000,50.000,50.000,,48.000
1533,48.000,45.000,50.000,48.000,49.000,46.000,50.000,48.000,,49.000
1534,42.000,42.000,40.000,40.000,39.000,40.000,40.000,42.000,,40.000
1535,26.000,27.000,27.000,28.000,28.000,26.000,26.000,27.000,,28.000
1536,49.000,49.000,49.000,48.000,49.000,50.000,51.000,48.000,,48.000
1537,47.000,47.000,47.000,48.000,48.000,47.000,45.000,47.000,,46.000
1538,48.000,48.000,48.000,47.000,48.000,50.000,49.000,47.000,,50.000
1539,48.000,47.000,47.000,47.000,46.000,46.000,45.000,48.000,,46.000
1540,47.000,47.000,48.000,49.000,49.000,49.000,50.000,49.000,,49.000
1541,52.000,51.000,51.000,51.000,51.000,50.000,52.000,51.000,,51.000
1542,48.000,49.000,51.000,50.000,50.000,49.000,49.000,49.000,,50.000
1543,45.000,46.000,43.000,43.000,42.000,45.000,44.000,44.000,,43.000
1544,22.000,22.000,23.000,23.000,26.000,23.000,22.000,23.000,,23.000
1545,47.000,46.000,46.000,46.000,45.000,46.000,46.000,46.000,,48.000
1546,47.000,48.000,48.000,48.000,47.000,48.000,49.000,46.000,,46.000
1547,46.000,48.000,48.000,49.000,48.000,49.000,48.000,50.000,,48.000
1548,50.000,45.000,47.000,46.000,47.000,46.000,46.000,47.000,,47.000
1549,45.000,49.000,46.000,45.000,44.000,46.000,46.000,46.000,,46.000
1550,22.000,19.000,20.000,20.000,23.000,20.000,22.000,21.000,,21.000
1551,47.000,50.000,49.000,50.000,48.000,49.000,46.000,48.000,,46.000
1552,52.000,77.000,51.000,51.000,51.000,51.000,51.000,51.000,,51.000
1553,45.000,21.000,45.000,45.000,45.000,45.000,47.000,44.000,,47.000
1554,47.000,45.000,47.000,46.000,48.000,48.000,48.000,48.000,,47.000
1555,49.000,50.000,48.000,50.000,48.000,48.000,48.000,49.000,,49.000
1556,51.000,48.000,50.000,50.000,47.000,50.000,50.000,48.000,,48.000
1557,48.000,50.000,50.000,64.000,51.000,49.000,49.000,74.000,,70.000
1558,52.000,52.000,53.000,38.000,52.000,52.000,53.000,29.000,,34.000
1559,57.000,50.000,49.000,50.000,50.000,50.000,49.000,51.000,,51.000
1560,44.000,50.000,51.000,49.000,50.000,50.000,50.000,50.000,,49.000
1561,49.000,50.000,58.000,50.000,50.000,50.000,50.000,49.000,,50.000
1562,29.000,30.000,22.000,30.000,30.000,31.000,30.000,28.000,,28.000
1563,43.000,42.000,41.000,43.000,43.000,40.000,42.000,44.000,,44.000
1564,47.000,48.000,48.000,48.000,48.000,49.000,48.000,48.000,,48.000
1565,38.000,39.000,37.000,37.000,37.000,37.000,38.000,37.000,,38.000
1566,47.000,46.000,48.000,48.000,47.000,47.000,47.000,47.000,,46.000
1567,51.000,50.000,50.000,50.000,50.000,51.000,50.000,51.000,,51.000
1568,27.000,27.000,28.000,27.000,28.000,27.000,28.000,27.000,,27.000
1569,45.000,46.000,44.000,46.000,45.000,45.000,45.000,45.000,,45.000
1570,48.000,49.000,49.000,48.000,49.000,49.000,48.000,49.000,,49.000
1571,38.000,39.000,37.000,38.000,37.000,37.000,38.000,37.000,,37.000
1572,46.000,44.000,46.000,45.000,46.000,46.000,46.000,46.000,,46.000
1573,30.000,30.000,30.000,31.000,30.000,30.000,29.000,29.000,,30.000
1574,44.000,44.000,45.000,45.000,44.000,43.000,45.000,45.000,,44.000
1575,46.000,46.000,46.000,45.000,47.000,48.000,46.000,47.000,,46.000
1576,37.000,36.000,36.000,37.000,37.000,36.000,37.000,36.000,,38.000
1577,46.000,47.000,46.000,46.000,45.000,46.000,46.000,46.000,,45.000
1578,28.000,28.000,28.000,28.000,28.000,29.000,28.000,28.000,,28.000
1579,46.000,47.000,47.000,45.000,47.000,45.000,46.000,47.000,,47.000
1580,49.000,48.000,48.000,49.000,49.000,49.000,49.000,48.000,,49.000
1581,50.000,50.000,50.000,50.000,49.000,50.000,48.000,50.000,,50.000
1582,40.000,41.000,40.000,40.000,40.000,40.000,42.000,40.000,,39.000
1583,43.000,42.000,44.000,44.000,43.000,43.000,43.000,44.000,,43.000
1584,52.000,52.000,51.000,51.000,52.000,52.000,52.000,51.000,,51.000
1585,52.000,54.000,52.000,54.000,52.000,52.000,53.000,52.000,,53.000
1586,50.000,49.000,51.000,49.000,50.000,50.000,49.000,50.000,,50.000
1587,52.000,52.000,54.000,52.000,52.000,52.000,52.000,52.000,,52.000
1588,52.000,52.000,51.000,54.000,51.000,52.000,54.000,52.000,,53.000
1589,52.000,52.000,52.000,51.000,51.000,52.000,50.000,51.000,,51.000
1590,53.000,49.000,53.000,50.000,53.000,52.000,53.000,53.000,,53.000
1591,50.000,51.000,48.000,50.000,50.000,49.000,48.000,50.000,,48.000
1592,52.000,53.000,53.000,52.000,52.000,53.000,52.000,51.000,,53.000
1593,51.000,52.000,51.000,51.000,51.000,52.000,52.000,53.000,,51.000
1594,52.000,49.000,48.000,50.000,54.000,51.000,52.000,51.000,,51.000
1595,50.000,52.000,53.000,53.000,50.000,51.000,50.000,51.000,,52.000
1596,50.000,51.000,52.000,51.000,50.000,52.000,51.000,51.000,,51.000
1597,53.000,52.000,51.000,52.000,53.000,52.000,52.000,53.000,,52.000
1598,50.000,49.000,83.000,50.000,51.000,91.000,50.000,50.000,,50.000
1599,53.000,55.000,22.000,53.000,54.000,14.000,61.000,54.000,,53.000
1600,44.000,43.000,42.000,43.000,43.000,40.000,36.000,42.000,,43.000
1601,28.000,29.000,32.000,30.000,29.000,30.000,29.000,31.000,,30.000
1602,46.000,45.000,44.000,46.000,46.000,53.000,44.000,44.000,,44.000
1603,51.000,52.000,51.000,51.000,50.000,42.000,53.000,53.000,,50.000
1604,48.000,50.000,74.000,51.000,49.000,50.000,50.000,48.000,,50.000
1605,87.000,51.000,26.000,48.000,51.000,52.000,49.000,51.000,,52.000
1606,17.000,51.000,52.000,53.000,52.000,51.000,51.000,52.000,,52.000
1607,41.000,42.000,42.000,41.000,41.000,42.000,43.000,40.000,,42.000
1608,43.000,43.000,41.000,45.000,44.000,43.000,44.000,47.000,,44.000
1609,51.000,54.000,54.000,52.000,51.000,51.000,53.000,49.000,,52.000
1610,51.000,50.000,50.000,50.000,50.000,51.000,48.000,50.000,,51.000
1611,51.000,51.000,51.000,52.000,51.000,51.000,53.000,52.000,,51.000
1612,52.000,50.000,50.000,49.000,51.000,51.000,51.000,51.000,,49.000
1613,50.000,52.000,52.000,52.000,51.000,51.000,51.000,51.000,,51.000
1614,52.000,51.000,50.000,48.000,50.000,51.000,50.000,51.000,,50.000
1615,49.000,49.000,53.000,50.000,51.000,50.000,50.000,50.000,,51.000
1616,53.000,53.000,51.000,56.000,53.000,52.000,54.000,53.000,,55.000
1617,50.000,51.000,51.000,49.000,50.000,51.000,50.000,49.000,,48.000
1618,52.000,51.000,50.000,51.000,51.000,51.000,51.000,52.000,,52.000
1619,52.000,52.000,53.000,53.000,52.000,52.000,53.000,52.000,,52.000
1620,50.000,50.000,51.000,50.000,51.000,50.000,50.000,51.000,,52.000
1621,52.000,51.000,50.000,52.000,50.000,51.000,51.000,51.000,,50.000
1622,50.000,51.000,51.000,50.000,51.000,51.000,50.000,50.000,,49.000
1623,53.000,52.000,54.000,52.000,52.000,52.000,55.000,53.000,,54.000
1624,50.000,53.000,49.000,49.000,51.000,51.000,49.000,51.000,,54.000
1625,51.000,49.000,53.000,53.000,52.000,51.000,50.000,51.000,,48.000
1626,50.000,90.000,48.000,51.000,49.000,50.000,48.000,49.000,,47.000
1627,53.000,23.000,57.000,56.000,54.000,54.000,57.000,57.000,,74.000
1628,50.000,40.000,51.000,52.000,49.000,51.000,53.000,48.000,,34.000
1629,53.000,57.000,51.000,55.000,55.000,52.000,49.000,111.000,,50.000
1630,79.000,75.000,75.000,72.000,79.000,85.000,90.000,22.000,,79.000
1631,25.000,27.000,26.000,22.000,28.000,23.000,24.000,28.000,,27.000
1632,49.000,46.000,50.000,53.000,47.000,44.000,38.000,43.000,,48.000
1633,54.000,54.000,54.000,56.000,52.000,52.000,53.000,54.000,,51.000
1634,47.000,49.000,51.000,48.000,50.000,50.000,50.000,48.000,,51.000
1635,49.000,49.000,46.000,45.000,46.000,49.000,51.000,51.000,,49.000
1636,52.000,52.000,52.000,52.000,51.000,51.000,50.000,50.000,,51.000
1637,55.000,51.000,50.000,51.000,52.000,52.000,51.000,52.000,,52.000
1638,50.000,51.000,51.000,49.000,50.000,50.000,50.000,50.000,,51.000
1639,48.000,51.000,51.000,54.000,52.000,52.000,56.000,52.000,,52.000
1640,51.000,49.000,52.000,50.000,51.000,53.000,43.000,49.000,,48.000
1641,50.000,53.000,50.000,48.000,50.000,51.000,53.000,53.000,,52.000
1642,52.000,52.000,52.000,54.000,52.000,49.000,53.000,47.000,,50.000
1643,55.000,49.000,52.000,52.000,55.000,56.000,53.000,55.000,,54.000
1644,49.000,53.000,50.000,50.000,48.000,49.000,75.000,51.000,,51.000
1645,52.000,86.000,54.000,51.000,53.000,51.000,26.000,52.000,,49.000
1646,49.000,23.000,47.000,50.000,51.000,53.000,57.000,49.000,,53.000
1647,52.000,63.000,55.000,51.000,52.000,50.000,44.000,54.000,,48.000
1648,52.000,31.000,47.000,53.000,49.000,50.000,50.000,70.000,,53.000
1649,50.000,55.000,61.000,49.000,51.000,50.000,51.000,29.000,,50.000
1650,50.000,46.000,40.000,49.000,51.000,68.000,50.000,52.000,,51.000
1651,50.000,50.000,61.000,52.000,60.000,32.000,50.000,48.000,,50.000
1652,50.000,50.000,40.000,51.000,39.000,63.000,51.000,53.000,,50.000
1653,55.000,52.000,61.000,52.000,52.000,40.000,53.000,56.000,,53.000
1654,49.000,50.000,40.000,49.000,50.000,50.000,49.000,44.000,,49.000
1655,43.000,43.000,43.000,43.000,45.000,43.000,43.000,43.000,,42.000
1656,39.000,40.000,40.000,40.000,39.000,41.000,38.000,39.000,,41.000
1657,37.000,36.000,35.000,36.000,36.000,35.000,37.000,37.000,,36.000
1658,35.000,38.000,38.000,37.000,37.000,36.000,37.000,37.000,,37.000
1659,49.000,47.000,48.000,49.000,47.000,49.000,49.000,48.000,,48.000
1660,44.000,43.000,43.000,43.000,44.000,43.000,43.000,45.000,,44.000
1661,41.000,41.000,40.000,40.000,41.000,41.000,39.000,38.000,,40.000
1662,35.000,35.000,36.000,35.000,35.000,35.000,37.000,36.000,,35.000
1663,38.000,37.000,40.000,37.000,39.000,37.000,37.000,37.000,,38.000
1664,48.000,48.000,47.000,50.000,48.000,51.000,50.000,50.000,,49.000
1665,43.000,44.000,42.000,43.000,43.000,41.000,42.000,42.000,,44.000
1666,39.000,39.000,40.000,39.000,40.000,39.000,38.000,39.000,,38.000
1667,36.000,36.000,36.000,36.000,34.000,37.000,37.000,36.000,,36.000
1668,38.000,37.000,36.000,36.000,38.000,36.000,36.000,37.000,,36.000
1669,48.000,48.000,51.000,50.000,49.000,51.000,50.000,50.000,,50.000
1670,52.000,51.000,49.000,51.000,51.000,50.000,52.000,50.000,,51.000
1671,42.000,44.000,43.000,42.000,43.000,42.000,42.000,43.000,,42.000
1672,40.000,40.000,40.000,41.000,39.000,40.000,38.000,40.000,,40.000
1673,35.000,34.000,36.000,34.000,36.000,35.000,37.000,37.000,,35.000
1674,38.000,38.000,36.000,37.000,35.000,38.000,37.000,35.000,,36.000
1675,46.000,47.000,49.000,49.000,51.000,48.000,49.000,49.000,,50.000
1676,45.000,45.000,44.000,44.000,44.000,44.000,44.000,44.000,,44.000
1677,41.000,41.000,40.000,40.000,40.000,41.000,41.000,39.000,,42.000
1678,35.000,36.000,36.000,36.000,35.000,35.000,34.000,37.000,,34.000
1679,36.000,36.000,36.000,36.000,35.000,36.000,37.000,38.000,,36.000
1680,50.000,47.000,49.000,49.000,50.000,49.000,48.000,47.000,,49.000
1681,44.000,45.000,44.000,45.000,44.000,44.000,44.000,44.000,,45.000
1682,41.000,41.000,41.000,41.000,41.000,41.000,41.000,40.000,,40.000
1683,34.000,36.000,35.000,34.000,37.000,35.000,36.000,36.000,,36.000
1684,66.000,35.000,35.000,35.000,34.000,35.000,34.000,35.000,,34.000
1685,21.000,49.000,79.000,51.000,51.000,68.000,100.000,51.000,,50.000
1686,66.000,59.000,28.000,89.000,57.000,40.000,23.000,57.000,,58.000
1687,38.000,46.000,49.000,27.000,48.000,51.000,35.000,54.000,,47.000
1688,48.000,51.000,49.000,38.000,48.000,45.000,58.000,43.000,,50.000
1689,53.000,52.000,54.000,66.000,52.000,52.000,43.000,53.000,,54.000
1690,49.000,48.000,49.000,36.000,48.000,50.000,51.000,49.000,,47.000
1691,50.000,52.000,50.000,51.000,50.000,50.000,49.000,51.000,,51.000
1692,54.000,53.000,53.000,52.000,55.000,54.000,53.000,52.000,,52.000
1693,50.000,50.000,49.000,52.000,50.000,49.000,51.000,51.000,,51.000
1694,50.000,51.000,52.000,52.000,49.000,51.000,50.000,52.000,,51.000
1695,52.000,51.000,51.000,52.000,53.000,52.000,52.000,50.000,,52.000
1696,51.000,54.000,52.000,49.000,51.000,51.000,52.000,52.000,,52.000
1697,50.000,49.000,51.000,50.000,50.000,50.000,49.000,53.000,,51.000
1698,53.000,54.000,51.000,50.000,51.000,50.000,51.000,48.000,,50.000
1699,50.000,48.000,50.000,52.000,51.000,52.000,50.000,51.000,,51.000
1700,51.000,53.000,51.000,51.000,50.000,50.000,51.000,54.000,,50.000
1701,53.000,49.000,52.000,56.000,54.000,54.000,52.000,49.000,,52.000
1702,47.000,50.000,49.000,43.000,48.000,48.000,52.000,50.000,,50.000
1703,52.000,53.000,53.000,54.000,51.000,51.000,49.000,51.000,,52.000
1704,51.000,48.000,51.000,50.000,51.000,52.000,53.000,50.000,,50.000
1705,52.000,49.000,50.000,52.000,51.000,50.000,50.000,54.000,,50.000
1706,50.000,55.000,51.000,51.000,52.000,51.000,51.000,48.000,,51.000
1707,52.000,51.000,51.000,50.000,51.000,51.000,51.000,52.000,,53.000
1708,51.000,51.000,50.000,52.000,50.000,52.000,51.000,51.000,,51.000
1709,49.000,50.000,49.000,48.000,50.000,49.000,49.000,49.000,,48.000
1710,51.000,49.000,51.000,51.000,51.000,51.000,49.000,50.000,,51.000
1711,52.000,51.000,52.000,52.000,51.000,51.000,53.000,51.000,,52.000
1712,51.000,53.000,51.000,53.000,51.000,51.000,50.000,51.000,,49.000
1713,52.000,50.000,51.000,51.000,51.000,57.000,52.000,52.000,,53.000
1714,49.000,50.000,51.000,50.000,54.000,47.000,53.000,51.000,,52.000
1715,56.000,52.000,53.000,53.000,51.000,53.000,51.000,53.000,,53.000
1716,50.000,51.000,51.000,49.000,53.000,53.000,50.000,53.000,,53.000
1717,50.000,51.000,51.000,51.000,50.000,47.000,52.000,48.000,,48.000
1718,52.000,54.000,51.000,51.000,49.000,53.000,51.000,53.000,,50.000
1719,52.000,48.000,51.000,52.000,52.000,51.000,50.000,51.000,,54.000
1720,50.000,52.000,51.000,51.000,52.000,51.000,53.000,50.000,,49.000
1721,52.000,52.000,52.000,52.000,51.000,53.000,52.000,53.000,,52.000
1722,51.000,51.000,50.000,52.000,50.000,49.000,50.000,53.000,,52.000
1723,51.000,51.000,54.000,51.000,54.000,53.000,53.000,49.000,,51.000
1724,52.000,50.000,50.000,50.000,51.000,51.000,49.000,50.000,,50.000
1725,49.000,51.000,50.000,51.000,49.000,50.000,65.000,51.000,,51.000
1726,51.000,49.000,49.000,49.000,50.000,47.000,35.000,48.000,,48.000
1727,48.000,49.000,49.000,49.000,49.000,51.000,87.000,50.000,,50.000
1728,71.000,99.000,55.000,56.000,54.000,55.000,22.000,55.000,,55.000
1729,28.000,21.000,46.000,44.000,48.000,45.000,41.000,46.000,,46.000
1730,46.000,27.000,46.000,48.000,45.000,46.000,45.000,45.000,,44.000
1731,47.000,45.000,45.000,44.000,45.000,45.000,46.000,76.000,,46.000
1732,56.000,58.000,63.000,57.000,76.000,57.000,57.000,27.000,,77.000
1733,44.000,45.000,36.000,43.000,25.000,44.000,43.000,43.000,,24.000
1734,39.000,40.000,41.000,41.000,40.000,39.000,40.000,83.000,,41.000
1735,43.000,43.000,69.000,43.000,42.000,44.000,44.000,21.000,,42.000
1736,45.000,44.000,22.000,45.000,47.000,44.000,44.000,24.000,,46.000
1737,38.000,38.000,35.000,36.000,37.000,38.000,38.000,39.000,,37.000
1738,46.000,45.000,47.000,68.000,46.000,46.000,45.000,45.000,,45.000
1739,47.000,46.000,46.000,25.000,46.000,47.000,47.000,46.000,,47.000
1740,36.000,38.000,35.000,38.000,39.000,36.000,37.000,37.000,,39.000
1741,45.000,45.000,46.000,46.000,42.000,45.000,49.000,45.000,,43.000
1742,48.000,49.000,48.000,46.000,48.000,49.000,45.000,48.000,,49.000
1743,35.000,34.000,35.000,35.000,36.000,35.000,34.000,35.000,,35.000
1744,41.000,39.000,40.000,41.000,40.000,40.000,40.000,41.000,,40.000
1745,38.000,39.000,37.000,37.000,41.000,36.000,38.000,37.000,,36.000
1746,42.000,44.000,43.000,44.000,41.000,44.000,47.000,45.000,,43.000
1747,52.000,49.000,50.000,48.000,47.000,50.000,45.000,47.000,,50.000
1748,50.000,51.000,51.000,53.000,51.000,51.000,52.000,52.000,,51.000
1749,49.000,50.000,50.000,49.000,50.000,51.000,50.000,50.000,,52.000
1750,51.000,51.000,51.000,49.000,54.000,50.000,51.000,52.000,,51.000
1751,52.000,51.000,52.000,52.000,50.000,52.000,51.000,50.000,,50.000
1752,35.000,36.000,36.000,38.000,36.000,36.000,36.000,36.000,,36.000
1753,42.000,41.000,41.000,42.000,42.000,41.000,42.000,43.000,,42.000
1754,37.000,39.000,38.000,36.000,37.000,38.000,38.000,37.000,,37.000
1755,42.000,40.000,39.000,42.000,41.000,39.000,41.000,40.000,,40.000
1756,49.000,49.000,50.000,47.000,48.000,50.000,48.000,49.000,,49.000
1757,50.000,50.000,50.000,52.000,51.000,50.000,50.000,51.000,,50.000
1758,52.000,81.000,53.000,52.000,52.000,52.000,52.000,51.000,,98.000
1759,51.000,28.000,51.000,51.000,51.000,52.000,52.000,71.000,,19.000
1760,51.000,44.000,49.000,48.000,50.000,50.000,49.000,30.000,,39.000
1761,36.000,37.000,39.000,40.000,37.000,38.000,38.000,38.000,,36.000
1762,42.000,41.000,41.000,41.000,41.000,40.000,39.000,41.000,,40.000
1763,34.000,35.000,34.000,33.000,34.000,35.000,35.000,34.000,,35.000
1764,43.000,44.000,43.000,44.000,46.000,44.000,46.000,44.000,,44.000
1765,33.000,34.000,34.000,34.000,35.000,34.000,33.000,35.000,,34.000
1766,41.000,40.000,41.000,41.000,38.000,41.000,39.000,39.000,,40.000
1767,33.000,34.000,34.000,33.000,34.000,31.000,35.000,34.000,,34.000
1768,44.000,42.000,44.000,44.000,43.000,48.000,43.000,44.000,,43.000
1769,37.000,37.000,36.000,36.000,36.000,34.000,36.000,36.000,,37.000
1770,40.000,41.000,40.000,40.000,40.000,40.000,39.000,40.000,,39.000
1771,34.000,34.000,34.000,34.000,35.000,33.000,36.000,34.000,,35.000
1772,43.000,43.000,43.000,44.000,44.000,44.000,43.000,45.000,,43.000
1773,33.000,33.000,32.000,33.000,32.000,32.000,33.000,31.000,,34.000
1774,44.000,43.000,44.000,42.000,42.000,44.000,42.000,43.000,,42.000
1775,32.000,32.000,32.000,32.000,33.000,31.000,34.000,32.000,,32.000
1776,45.000,45.000,45.000,46.000,47.000,46.000,44.000,46.000,,46.000
1777,32.000,33.000,32.000,34.000,32.000,32.000,34.000,33.000,,33.000
1778,45.000,44.000,45.000,43.000,43.000,45.000,42.000,44.000,,44.000
1779,36.000,36.000,35.000,37.000,36.000,35.000,38.000,36.000,,35.000
1780,42.000,42.000,43.000,40.000,42.000,43.000,41.000,42.000,,42.000
1781,32.000,33.000,32.000,34.000,34.000,32.000,34.000,33.000,,34.000
1782,43.000,42.000,42.000,42.000,41.000,42.000,40.000,41.000,,42.000
1783,32.000,33.000,33.000,33.000,34.000,33.000,34.000,33.000,,33.000
1784,44.000,44.000,44.000,43.000,43.000,45.000,44.000,44.000,,44.000
1785,34.000,35.000,34.000,35.000,35.000,33.000,34.000,34.000,,33.000
1786,44.000,43.000,43.000,42.000,41.000,43.000,41.000,43.000,,43.000
1787,32.000,31.000,33.000,33.000,33.000,32.000,34.000,33.000,,33.000
1788,45.000,44.000,43.000,45.000,46.000,45.000,45.000,43.000,,43.000
1789,34.000,36.000,37.000,35.000,34.000,36.000,35.000,36.000,,39.000
1790,43.000,62.000,41.000,41.000,42.000,43.000,40.000,42.000,,39.000
1791,47.000,24.000,44.000,44.000,43.000,52.000,46.000,42.000,,44.000
1792,34.000,37.000,37.000,37.000,37.000,28.000,45.000,41.000,,36.000
1793,47.000,49.000,48.000,48.000,49.000,51.000,39.000,45.000,,49.000
1794,50.000,48.000,51.000,51.000,48.000,46.000,50.000,56.000,,48.000
1795,48.000,47.000,47.000,48.000,50.000,48.000,48.000,42.000,,50.000
1796,51.000,52.000,51.000,50.000,50.000,51.000,60.000,51.000,,52.000
1797,51.000,50.000,50.000,50.000,50.000,51.000,43.000,52.000,,50.000
1798,51.000,50.000,52.000,51.000,51.000,51.000,50.000,50.000,,51.000
1799,52.000,74.000,52.000,53.000,53.000,54.000,53.000,53.000,,50.000
1800,50.000,29.000,51.000,51.000,50.000,49.000,51.000,50.000,,52.000
1801,54.000,54.000,53.000,52.000,53.000,53.000,52.000,53.000,,52.000
1802,49.000,48.000,49.000,50.000,51.000,49.000,50.000,49.000,,51.000
1803,53.000,52.000,53.000,51.000,51.000,52.000,51.000,52.000,,50.000
1804,50.000,52.000,51.000,52.000,51.000,52.000,53.000,52.000,,52.000
1805,52.000,51.000,52.000,52.000,52.000,54.000,52.000,51.000,,53.000
1806,52.000,52.000,52.000,53.000,50.000,50.000,49.000,54.000,,52.000
1807,51.000,52.000,50.000,48.000,50.000,49.000,51.000,49.000,,52.000
1808,51.000,52.000,51.000,54.000,52.000,52.000,52.000,51.000,,48.000
1809,51.000,50.000,51.000,48.000,52.000,51.000,51.000,51.000,,52.000
1810,51.000,52.000,53.000,51.000,52.000,52.000,52.000,52.000,,51.000
1811,53.000,73.000,50.000,52.000,51.000,52.000,51.000,51.000,,53.000
1812,48.000,29.000,49.000,51.000,48.000,47.000,49.000,49.000,,49.000
1813,51.000,55.000,51.000,50.000,51.000,92.000,51.000,66.000,,51.000
1814,75.000,54.000,59.000,60.000,60.000,22.000,76.000,44.000,,71.000
1815,29.000,45.000,45.000,43.000,44.000,42.000,27.000,52.000,,31.000
1816,55.000,52.000,53.000,53.000,57.000,53.000,61.000,46.000,,54.000
1817,45.000,48.000,47.000,48.000,44.000,48.000,41.000,48.000,,48.000
1818,51.000,52.000,51.000,63.000,50.000,50.000,51.000,51.000,,74.000
1819,48.000,49.000,48.000,40.000,49.000,48.000,48.000,49.000,,25.000
1820,53.000,53.000,53.000,50.000,53.000,53.000,54.000,52.000,,53.000
1821,52.000,54.000,51.000,52.000,50.000,51.000,51.000,53.000,,52.000
1822,53.000,47.000,52.000,50.000,52.000,52.000,51.000,50.000,,50.000
1823,49.000,52.000,50.000,51.000,51.000,50.000,50.000,50.000,,50.000
1824,51.000,50.000,50.000,52.000,50.000,50.000,51.000,51.000,,50.000
1825,52.000,54.000,52.000,53.000,52.000,52.000,53.000,51.000,,55.000
1826,49.000,49.000,51.000,49.000,50.000,51.000,51.000,53.000,,51.000
1827,53.000,55.000,51.000,52.000,52.000,51.000,51.000,51.000,,51.000
1828,49.000,47.000,51.000,50.000,50.000,51.000,51.000,50.000,,50.000
1829,51.000,52.000,51.000,50.000,52.000,52.000,51.000,51.000,,53.000
1830,53.000,51.000,52.000,51.000,53.000,51.000,50.000,51.000,,50.000
1831,50.000,50.000,51.000,54.000,50.000,52.000,51.000,51.000,,52.000
1832,50.000,53.000,51.000,51.000,50.000,49.000,51.000,52.000,,50.000
1833,52.000,49.000,50.000,49.000,50.000,51.000,51.000,50.000,,51.000
1834,52.000,52.000,52.000,51.000,53.000,52.000,51.000,52.000,,52.000
1835,51.000,49.000,51.000,51.000,50.000,50.000,52.000,50.000,,50.000
1836,52.000,52.000,53.000,53.000,54.000,54.000,51.000,53.000,,52.000
1837,48.000,50.000,48.000,48.000,48.000,48.000,50.000,49.000,,49.000
1838,52.000,52.000,52.000,53.000,51.000,52.000,51.000,52.000,,53.000
1839,50.000,50.000,51.000,50.000,51.000,51.000,51.000,50.000,,52.000
1840,54.000,53.000,52.000,50.000,53.000,52.000,52.000,52.000,,51.000
1841,51.000,51.000,50.000,54.000,50.000,50.000,51.000,51.000,,49.000
1842,50.000,49.000,52.000,52.000,51.000,51.000,51.000,51.000,,52.000
1843,54.000,55.000,53.000,52.000,54.000,55.000,53.000,53.000,,53.000
1844,49.000,49.000,51.000,49.000,50.000,49.000,50.000,51.000,,49.000
1845,51.000,53.000,51.000,53.000,50.000,50.000,50.000,49.000,,50.000
1846,50.000,51.000,51.000,49.000,51.000,53.000,54.000,52.000,,52.000
1847,55.000,51.000,53.000,52.000,58.000,52.000,51.000,53.000,,53.000
1848,48.000,50.000,49.000,51.000,45.000,50.000,49.000,49.000,,52.000
1849,51.000,51.000,52.000,50.000,50.000,52.000,51.000,51.000,,50.000
1850,52.000,50.000,50.000,52.000,52.000,50.000,52.000,52.000,,50.000
1851,52.000,53.000,53.000,51.000,54.000,53.000,52.000,52.000,,51.000
1852,51.000,51.000,52.000,52.000,51.000,52.000,50.000,51.000,,49.000
1853,53.000,56.000,52.000,52.000,51.000,51.000,53.000,52.000,,57.000
1854,50.000,46.000,49.000,50.000,51.000,50.000,50.000,52.000,,47.000
1855,50.000,54.000,49.000,51.000,51.000,50.000,50.000,49.000,,50.000
1856,51.000,50.000,53.000,50.000,51.000,51.000,52.000,52.000,,52.000
1857,51.000,48.000,50.000,53.000,49.000,50.000,50.000,49.000,,52.000
1858,51.000,52.000,50.000,49.000,52.000,52.000,51.000,51.000,,49.000
1859,50.000,50.000,51.000,51.000,50.000,51.000,50.000,50.000,,51.000
1860,53.000,52.000,53.000,52.000,52.000,52.000,52.000,53.000,,53.000
1861,50.000,52.000,50.000,52.000,52.000,50.000,51.000,51.000,,50.000
1862,50.000,49.000,50.000,51.000,51.000,50.000,51.000,51.000,,51.000
1863,53.000,52.000,53.000,76.000,52.000,53.000,53.000,51.000,,62.000
1864,51.000,53.000,88.000,26.000,198.000,61.000,51.000,53.000,,42.000
1865,51.000,50.000,14.000,50.000,11.000,41.000,62.000,51.000,,52.000
1866,48.000,48.000,48.000,85.000,11.000,48.000,35.000,47.000,,47.000
1867,84.000,96.000,82.000,45.000,13.000,82.000,92.000,83.000,,82.000
1868,21.000,21.000,23.000,25.000,20.000,23.000,24.000,22.000,,23.000
1869,49.000,38.000,48.000,49.000,49.000,48.000,38.000,50.000,,49.000
1870,45.000,63.000,46.000,44.000,47.000,46.000,47.000,44.000,,45.000
1871,46.000,28.000,46.000,46.000,45.000,46.000,45.000,46.000,,46.000
1872,48.000,47.000,47.000,48.000,48.000,47.000,48.000,47.000,,48.000
1873,48.000,48.000,48.000,48.000,48.000,48.000,48.000,49.000,,48.000
1874,50.000,49.000,50.000,48.000,50.000,50.000,50.000,49.000,,49.000
1875,50.000,51.000,51.000,51.000,51.000,51.000,51.000,52.000,,52.000
1876,51.000,53.000,51.000,51.000,51.000,55.000,51.000,51.000,,51.000
1877,54.000,55.000,54.000,54.000,53.000,51.000,54.000,51.000,,51.000
1878,52.000,50.000,50.000,51.000,51.000,50.000,51.000,51.000,,55.000
1879,51.000,50.000,53.000,53.000,52.000,51.000,52.000,53.000,,48.000
1880,51.000,51.000,51.000,51.000,50.000,50.000,50.000,52.000,,50.000
1881,50.000,50.000,49.000,50.000,50.000,51.000,50.000,50.000,,51.000
1882,51.000,54.000,51.000,53.000,52.000,51.000,52.000,51.000,,51.000
1883,52.000,49.000,51.000,49.000,50.000,51.000,51.000,51.000,,50.000
1884,54.000,52.000,52.000,53.000,52.000,52.000,51.000,52.000,,53.000
1885,49.000,51.000,52.000,51.000,53.000,52.000,52.000,51.000,,54.000
1886,50.000,51.000,50.000,47.000,49.000,50.000,51.000,51.000,,51.000
1887,51.000,52.000,52.000,54.000,52.000,53.000,52.000,51.000,,49.000
1888,53.000,51.000,52.000,51.000,52.000,51.000,50.000,51.000,,52.000
1889,49.000,50.000,52.000,49.000,50.000,51.000,50.000,52.000,,52.000
1890,50.000,50.000,50.000,51.000,51.000,52.000,53.000,51.000,,51.000
1891,53.000,52.000,51.000,51.000,53.000,51.000,51.000,50.000,,52.000
1892,53.000,54.000,74.000,57.000,53.000,53.000,53.000,53.000,,51.000
1893,48.000,47.000,28.000,45.000,81.000,49.000,48.000,49.000,,49.000
1894,52.000,52.000,51.000,52.000,18.000,50.000,51.000,51.000,,51.000
1895,50.000,52.000,52.000,51.000,52.000,52.000,52.000,52.000,,52.000
1896,53.000,51.000,50.000,51.000,51.000,51.000,51.000,51.000,,52.000
1897,52.000,53.000,54.000,54.000,53.000,52.000,52.000,51.000,,51.000
1898,49.000,49.000,50.000,49.000,49.000,49.000,51.000,53.000,,50.000
1899,52.000,51.000,51.000,51.000,51.000,51.000,50.000,50.000,,51.000
1900,51.000,52.000,51.000,52.000,51.000,52.000,50.000,50.000,,51.000
1901,50.000,52.000,51.000,51.000,50.000,50.000,54.000,54.000,,50.000
1902,51.000,49.000,51.000,50.000,52.000,52.000,50.000,49.000,,55.000
1903,53.000,52.000,51.000,50.000,50.000,49.000,51.000,52.000,,50.000
1904,50.000,49.000,50.000,53.000,51.000,51.000,50.000,50.000,,49.000
1905,51.000,51.000,52.000,52.000,52.000,53.000,51.000,51.000,,52.000
1906,51.000,53.000,51.000,50.000,52.000,51.000,52.000,52.000,,50.000
1907,52.000,51.000,51.000,51.000,50.000,52.000,51.000,50.000,,53.000
1908,51.000,51.000,52.000,52.000,53.000,52.000,51.000,51.000,,50.000
1909,50.000,51.000,51.000,50.000,49.000,49.000,52.000,51.000,,52.000
1910,51.000,51.000,50.000,53.000,51.000,51.000,50.000,52.000,,48.000
1911,51.000,51.000,51.000,50.000,51.000,51.000,50.000,74.000,,52.000
1912,52.000,53.000,51.000,51.000,52.000,52.000,52.000,28.000,,51.000
1913,51.000,49.000,51.000,52.000,50.000,50.000,51.000,51.000,,52.000
1914,50.000,54.000,52.000,51.000,51.000,50.000,49.000,61.000,,49.000
1915,54.000,51.000,65.000,54.000,57.000,55.000,56.000,42.000,,56.000
1916,49.000,48.000,36.000,48.000,47.000,49.000,48.000,48.000,,50.000
1917,50.000,51.000,59.000,50.000,90.000,51.000,50.000,52.000,,46.000
1918,54.000,54.000,46.000,54.000,29.000,53.000,64.000,53.000,,56.000
1919,50.000,48.000,50.000,49.000,34.000,50.000,39.000,50.000,,49.000
1920,54.000,51.000,50.000,51.000,49.000,50.000,50.000,51.000,,49.000
1921,49.000,51.000,52.000,51.000,56.000,52.000,52.000,49.000,,55.000
1922,51.000,53.000,51.000,54.000,50.000,52.000,53.000,53.000,,51.000
1923,51.000,51.000,52.000,49.000,51.000,51.000,53.000,53.000,,50.000
1924,49.000,50.000,49.000,51.000,49.000,51.000,49.000,49.000,,49.000
1925,53.000,52.000,53.000,58.000,52.000,51.000,51.000,50.000,,53.000
1926,50.000,51.000,49.000,46.000,51.000,51.000,50.000,52.000,,50.000
1927,51.000,50.000,52.000,48.000,51.000,50.000,51.000,52.000,,51.000
1928,52.000,52.000,52.000,53.000,52.000,52.000,53.000,51.000,,53.000
1929,51.000,50.000,50.000,50.000,50.000,50.000,49.000,50.000,,50.000
1930,52.000,54.000,53.000,53.000,54.000,57.000,52.000,54.000,,54.000
1931,52.000,51.000,51.000,64.000,50.000,48.000,52.000,50.000,,49.000
1932,49.000,50.000,50.000,37.000,50.000,50.000,50.000,49.000,,51.000
1933,50.000,49.000,49.000,48.000,50.000,59.000,49.000,49.000,,50.000
1934,54.000,59.000,70.000,56.000,57.000,,54.000,55.000,,53.000
1935,68.000,44.000,33.000,52.000,47.000,,48.000,51.000,,49.000
1936,28.000,47.000,58.000,44.000,46.000,,49.000,47.000,,50.000
1937,51.000,50.000,40.000,51.000,50.000,,52.000,64.000,,50.000
1938,51.000,54.000,52.000,52.000,53.000,,50.000,38.000,,51.000
1939,50.000,49.000,50.000,50.000,48.000,,50.000,50.000,,50.000
1940,47.000,47.000,47.000,47.000,47.000,,48.000,47.000,,48.000
1941,40.000,39.000,38.000,39.000,40.000,,39.000,40.000,,39.000
1942,35.000,36.000,37.000,34.000,35.000,,37.000,35.000,,34.000
1943,38.000,38.000,41.000,39.000,38.000,,39.000,38.000,,39.000
1944,46.000,45.000,43.000,47.000,46.000,,43.000,46.000,,46.000
1945,48.000,49.000,48.000,47.000,48.000,,48.000,48.000,,47.000
1946,38.000,38.000,39.000,39.000,39.000,,39.000,39.000,,40.000
1947,36.000,36.000,35.000,35.000,35.000,,34.000,35.000,,35.000
1948,35.000,36.000,36.000,36.000,35.000,,38.000,35.000,,36.000
1949,46.000,45.000,45.000,45.000,46.000,,45.000,46.000,,45.000
1950,50.000,50.000,50.000,50.000,49.000,,49.000,49.000,,50.000
1951,37.000,37.000,38.000,38.000,39.000,,39.000,39.000,,39.000
1952,36.000,36.000,34.000,34.000,35.000,,33.000,35.000,,34.000
1953,35.000,35.000,36.000,37.000,36.000,,37.000,37.000,,36.000
1954,48.000,48.000,47.000,48.000,47.000,,48.000,45.000,,48.000
1955,49.000,49.000,49.000,49.000,49.000,,50.000,50.000,,48.000
1956,50.000,50.000,50.000,49.000,50.000,,49.000,50.000,,49.000
1957,52.000,52.000,52.000,52.000,51.000,,52.000,53.000,,53.000
1958,41.000,42.000,42.000,43.000,43.000,,41.000,42.000,,42.000
1959,32.000,31.000,31.000,30.000,32.000,,32.000,30.000,,31.000
1960,36.000,36.000,35.000,36.000,35.000,,36.000,36.000,,35.000
1961,45.000,48.000,46.000,46.000,46.000,,47.000,48.000,,45.000
1962,50.000,46.000,50.000,48.000,49.000,,49.000,47.000,,52.000
1963,41.000,43.000,43.000,43.000,42.000,,41.000,42.000,,40.000
1964,32.000,30.000,31.000,31.000,31.000,,30.000,33.000,,33.000
1965,38.000,39.000,37.000,38.000,39.000,,38.000,36.000,,39.000
1966,44.000,44.000,43.000,44.000,42.000,,45.000,44.000,,42.000
1967,49.000,49.000,51.000,50.000,50.000,,50.000,51.000,,50.000
1968,51.000,51.000,51.000,50.000,51.000,,49.000,48.000,,50.000
1969,43.000,44.000,44.000,44.000,44.000,,44.000,45.000,,44.000
1970,31.000,30.000,32.000,30.000,30.000,,31.000,31.000,,30.000
1971,36.000,37.000,34.000,36.000,37.000,,35.000,35.000,,36.000
1972,46.000,46.000,45.000,46.000,46.000,,46.000,45.000,,46.000
1973,51.000,50.000,52.000,51.000,52.000,,51.000,52.000,,51.000
1974,51.000,50.000,52.000,51.000,51.000,,53.000,53.000,,49.000
1975,50.000,50.000,48.000,49.000,47.000,,48.000,47.000,,51.000
1976,42.000,44.000,44.000,44.000,45.000,,44.000,44.000,,44.000
1977,33.000,31.000,32.000,31.000,32.000,,30.000,31.000,,31.000
1978,36.000,36.000,35.000,37.000,36.000,,37.000,37.000,,38.000
1979,43.000,44.000,44.000,43.000,44.000,,44.000,43.000,,43.000
1980,50.000,49.000,51.000,50.000,48.000,,49.000,50.000,,49.000
1981,42.000,44.000,42.000,42.000,43.000,,44.000,42.000,,44.000
1982,35.000,34.000,35.000,34.000,35.000,,33.000,35.000,,33.000
1983,32.000,32.000,32.000,33.000,32.000,,32.000,32.000,,31.000
1984,45.000,45.000,44.000,46.000,47.000,,46.000,45.000,,47.000
1985,52.000,52.000,54.000,52.000,53.000,,53.000,54.000,,52.000
1986,53.000,50.000,49.000,50.000,48.000,,49.000,50.000,,50.000
1987,53.000,55.000,56.000,54.000,54.000,,54.000,53.000,,54.000
1988,48.000,48.000,47.000,51.000,49.000,,49.000,49.000,,50.000
1989,51.000,52.000,50.000,51.000,50.000,,53.000,52.000,,51.000
1990,52.000,51.000,51.000,50.000,55.000,,49.000,50.000,,50.000
1991,51.000,52.000,52.000,52.000,48.000,,53.000,51.000,,52.000
1992,52.000,50.000,51.000,50.000,51.000,,51.000,50.000,,85.000
1993,48.000,51.000,50.000,50.000,52.000,,49.000,52.000,,15.000
1994,54.000,52.000,53.000,53.000,50.000,,53.000,50.000,,52.000
1995,55.000,76.000,98.000,55.000,56.000,,58.000,58.000,,55.000
1996,68.000,33.000,21.000,54.000,74.000,,51.000,53.000,,56.000
1997,32.000,47.000,38.000,46.000,28.000,,51.000,49.000,,45.000
1998,51.000,60.000,73.000,50.000,50.000,,46.000,49.000,,51.000
1999,47.000,37.000,24.000,48.000,58.000,,51.000,48.000,,48.000
2000,48.000,50.000,48.000,49.000,38.000,,45.000,47.000,,49.000
2001,31.000,30.000,30.000,29.000,30.000,,31.000,31.000,,30.000
2002,42.000,43.000,46.000,44.000,45.000,,44.000,44.000,,44.000
2003,51.000,50.000,49.000,52.000,49.000,,51.000,53.000,,51.000
2004,52.000,54.000,50.000,53.000,54.000,,52.000,50.000,,53.000
2005,52.000,50.000,53.000,52.000,51.000,,52.000,52.000,,51.000
2006,50.000,52.000,50.000,48.000,49.000,,49.000,49.000,,50.000
2007,51.000,51.000,51.000,53.000,53.000,,52.000,53.000,,52.000
2008,51.000,51.000,51.000,50.000,52.000,,50.000,50.000,,51.000
2009,51.000,50.000,54.000,52.000,49.000,,52.000,51.000,,51.000
2010,52.000,54.000,51.000,53.000,52.000,,55.000,52.000,,51.000
2011,52.000,50.000,51.000,49.000,52.000,,48.000,54.000,,51.000
2012,49.000,49.000,50.000,50.000,48.000,,82.000,46.000,,49.000
2013,51.000,52.000,53.000,52.000,52.000,,21.000,52.000,,50.000
2014,52.000,52.000,51.000,51.000,51.000,,50.000,51.000,,54.000
2015,51.000,50.000,51.000,50.000,52.000,,50.000,52.000,,51.000
2016,55.000,53.000,50.000,53.000,51.000,,51.000,53.000,,52.000
2017,47.000,49.000,51.000,51.000,51.000,,51.000,48.000,,49.000
2018,51.000,51.000,52.000,50.000,52.000,,50.000,53.000,,52.000
2019,54.000,53.000,52.000,49.000,52.000,,53.000,50.000,,53.000
2020,51.000,51.000,49.000,54.000,50.000,,51.000,53.000,,50.000
2021,54.000,53.000,55.000,52.000,53.000,,56.000,52.000,,54.000
2022,52.000,52.000,52.000,53.000,53.000,,51.000,52.000,,51.000
2023,49.000,53.000,50.000,51.000,51.000,,50.000,52.000,,51.000
2024,56.000,50.000,55.000,51.000,51.000,,53.000,51.000,,51.000
2025,46.000,51.000,48.000,49.000,48.000,,49.000,50.000,,50.000
2026,52.000,50.000,52.000,55.000,52.000,,52.000,51.000,,54.000
2027,48.000,47.000,49.000,45.000,50.000,,53.000,52.000,,48.000
2028,51.000,52.000,52.000,55.000,50.000,,48.000,49.000,,49.000
2029,51.000,54.000,47.000,51.000,50.000,,49.000,52.000,,53.000
2030,51.000,49.000,54.000,48.000,52.000,,53.000,51.000,,52.000
2031,51.000,53.000,52.000,50.000,50.000,,50.000,54.000,,51.000
2032,49.000,49.000,52.000,55.000,50.000,,51.000,47.000,,51.000
2033,55.000,53.000,48.000,51.000,55.000,,50.000,52.000,,51.000
2034,48.000,51.000,51.000,51.000,47.000,,51.000,52.000,,49.000
2035,53.000,49.000,53.000,50.000,53.000,,53.000,48.000,,52.000
2036,49.000,52.000,49.000,52.000,49.000,,49.000,51.000,,50.000
2037,52.000,48.000,54.000,51.000,52.000,,54.000,51.000,,49.000
2038,50.000,53.000,49.000,48.000,50.000,,48.000,51.000,,51.000
2039,52.000,49.000,52.000,54.000,52.000,,52.000,51.000,,54.000
2040,51.000,53.000,50.000,51.000,51.000,,51.000,51.000,,51.000
2041,51.000,49.000,53.000,51.000,52.000,,52.000,52.000,,52.000
2042,50.000,53.000,48.000,51.000,49.000,,49.000,50.000,,50.000
2043,51.000,51.000,51.000,51.000,52.000,,53.000,51.000,,51.000
2044,55.000,50.000,55.000,50.000,51.000,,49.000,53.000,,52.000
2045,49.000,53.000,48.000,52.000,53.000,,54.000,53.000,,51.000
2046,50.000,52.000,51.000,50.000,49.000,,50.000,49.000,,51.000
2047,52.000,49.000,52.000,55.000,52.000,,50.000,52.000,,51.000
2048,52.000,52.000,50.000,49.000,51.000,,51.000,49.000,,51.000
2049,51.000,51.000,76.000,49.000,53.000,,51.000,66.000,,50.000
2050,52.000,51.000,24.000,52.000,50.000,,52.000,36.000,,51.000
2051,50.000,50.000,51.000,57.000,50.000,,49.000,50.000,,50.000
2052,51.000,50.000,49.000,43.000,50.000,,48.000,50.000,,50.000
2053,49.000,50.000,53.000,60.000,49.000,,52.000,50.000,,50.000
2054,50.000,52.000,49.000,43.000,56.000,,52.000,52.000,,53.000
2055,54.000,53.000,53.000,51.000,50.000,,49.000,52.000,,52.000
2056,52.000,49.000,50.000,48.000,50.000,,68.000,50.000,,50.000
2057,49.000,53.000,52.000,53.000,80.000,,38.000,53.000,,52.000
2058,65.000,36.000,37.000,38.000,19.000,,48.000,36.000,,37.000
2059,21.000,47.000,48.000,49.000,40.000,,36.000,50.000,,48.000
2060,51.000,51.000,86.000,50.000,48.000,,49.000,50.000,,49.000
2061,52.000,104.000,15.000,51.000,52.000,,53.000,50.000,,52.000
2062,51.000,20.000,52.000,51.000,52.000,,51.000,52.000,,50.000
2063,52.000,32.000,52.000,52.000,51.000,,52.000,52.000,,52.000
2064,50.000,51.000,52.000,51.000,54.000,,51.000,51.000,,57.000
2065,51.000,60.000,63.000,51.000,48.000,,50.000,59.000,,46.000
2066,52.000,43.000,40.000,52.000,53.000,,53.000,42.000,,52.000
2067,55.000,51.000,50.000,51.000,51.000,,51.000,51.000,,51.000
2068,46.000,57.000,49.000,49.000,49.000,,50.000,51.000,,49.000
2069,50.000,42.000,50.000,50.000,49.000,,51.000,50.000,,50.000
2070,47.000,47.000,47.000,48.000,47.000,,46.000,48.000,,47.000
2071,40.000,40.000,39.000,39.000,40.000,,44.000,39.000,,40.000
2072,46.000,47.000,48.000,46.000,47.000,,43.000,47.000,,47.000
2073,29.000,28.000,30.000,31.000,30.000,,29.000,29.000,,30.000
2074,42.000,43.000,41.000,41.000,41.000,,41.000,41.000,,40.000
2075,45.000,49.000,46.000,47.000,46.000,,47.000,47.000,,47.000
2076,41.000,36.000,38.000,39.000,38.000,,39.000,39.000,,38.000
2077,28.000,27.000,30.000,28.000,30.000,,28.000,29.000,,30.000
2078,39.000,42.000,39.000,39.000,39.000,,40.000,38.000,,39.000
2079,45.000,47.000,46.000,46.000,46.000,,47.000,47.000,,46.000
2080,40.000,37.000,39.000,38.000,39.000,,39.000,40.000,,39.000
2081,25.000,24.000,25.000,27.000,26.000,,24.000,24.000,,26.000
2082,43.000,44.000,43.000,42.000,43.000,,43.000,44.000,,42.000
2083,47.000,48.000,47.000,47.000,47.000,,47.000,48.000,,47.000
2084,42.000,40.000,41.000,42.000,40.000,,44.000,40.000,,42.000
2085,46.000,47.000,47.000,48.000,47.000,,43.000,45.000,,47.000
2086,30.000,28.000,29.000,28.000,30.000,,30.000,30.000,,29.000
2087,42.000,43.000,43.000,42.000,43.000,,43.000,42.000,,42.000
2088,44.000,44.000,44.000,45.000,44.000,,45.000,45.000,,46.000
2089,42.000,43.000,42.000,42.000,41.000,,41.000,44.000,,41.000
2090,46.000,45.000,46.000,47.000,46.000,,45.000,44.000,,46.000
2091,27.000,27.000,27.000,26.000,28.000,,28.000,28.000,,27.000
2092,43.000,44.000,44.000,43.000,43.000,,43.000,42.000,,42.000
2093,47.000,46.000,45.000,47.000,46.000,,47.000,47.000,,49.000
2094,50.000,53.000,51.000,52.000,51.000,,49.000,51.000,,52.000
2095,50.000,50.000,51.000,48.000,50.000,,51.000,50.000,,49.000
2096,40.000,40.000,39.000,39.000,40.000,,43.000,41.000,,40.000
2097,49.000,48.000,49.000,50.000,49.000,,46.000,48.000,,47.000
2098,31.000,29.000,31.000,31.000,31.000,,31.000,30.000,,31.000
2099,41.000,43.000,41.000,41.000,42.000,,41.000,40.000,,42.000
2100,47.000,46.000,47.000,46.000,46.000,,47.000,47.000,,46.000
2101,49.000,50.000,50.000,49.000,51.000,,50.000,50.000,,51.000
2102,50.000,48.000,48.000,49.000,46.000,,48.000,49.000,,47.000
2103,45.000,45.000,45.000,44.000,46.000,,45.000,45.000,,45.000
2104,45.000,46.000,47.000,48.000,47.000,,44.000,46.000,,46.000
2105,50.000,50.000,49.000,50.000,50.000,,52.000,50.000,,51.000
2106,53.000,52.000,52.000,51.000,51.000,,51.000,51.000,,51.000
2107,51.000,51.000,51.000,52.000,53.000,,52.000,52.000,,51.000
2108,51.000,51.000,51.000,51.000,49.000,,51.000,51.000,,51.000
2109,53.000,53.000,52.000,51.000,54.000,,51.000,53.000,,55.000
2110,49.000,49.000,50.000,49.000,49.000,,51.000,49.000,,48.000
2111,52.000,51.000,52.000,52.000,52.000,,52.000,53.000,,51.000
2112,51.000,51.000,51.000,52.000,51.000,,49.000,50.000,,51.000
2113,52.000,52.000,53.000,50.000,53.000,,52.000,51.000,,52.000
2114,49.000,50.000,48.000,51.000,47.000,,48.000,49.000,,49.000
2115,52.000,53.000,53.000,51.000,53.000,,54.000,55.000,,53.000
2116,51.000,66.000,50.000,52.000,52.000,,49.000,49.000,,50.000
2117,51.000,34.000,51.000,51.000,50.000,,52.000,51.000,,51.000
2118,53.000,52.000,53.000,51.000,51.000,,53.000,52.000,,54.000
2119,51.000,63.000,52.000,53.000,54.000,,52.000,53.000,,51.000
2120,48.000,40.000,48.000,48.000,49.000,,51.000,51.000,,51.000
2121,52.000,51.000,52.000,53.000,52.000,,53.000,52.000,,49.000
2122,52.000,51.000,51.000,50.000,50.000,,50.000,48.000,,51.000
2123,52.000,54.000,53.000,53.000,52.000,,50.000,53.000,,52.000
2124,50.000,48.000,50.000,51.000,51.000,,52.000,50.000,,51.000
2125,54.000,55.000,54.000,55.000,54.000,,54.000,55.000,,64.000
2126,50.000,49.000,50.000,49.000,50.000,,48.000,49.000,,40.000
2127,50.000,52.000,49.000,50.000,49.000,,51.000,49.000,,50.000
2128,52.000,51.000,52.000,55.000,81.000,,52.000,52.000,,52.000
2129,51.000,52.000,52.000,46.000,25.000,,53.000,53.000,,56.000
2130,47.000,48.000,48.000,49.000,46.000,,48.000,48.000,,44.000
2131,52.000,49.000,50.000,53.000,52.000,,51.000,50.000,,50.000
2132,52.000,50.000,52.000,51.000,48.000,,53.000,52.000,,53.000
2133,49.000,52.000,51.000,52.000,51.000,,49.000,50.000,,50.000
2134,51.000,51.000,51.000,51.000,52.000,,53.000,54.000,,51.000
2135,51.000,50.000,50.000,47.000,51.000,,49.000,47.000,,50.000
2136,52.000,52.000,51.000,54.000,52.000,,53.000,52.000,,50.000
2137,51.000,56.000,52.000,52.000,51.000,,50.000,52.000,,53.000
2138,51.000,47.000,51.000,51.000,51.000,,50.000,51.000,,51.000
2139,50.000,52.000,50.000,50.000,51.000,,50.000,50.000,,49.000
2140,54.000,51.000,51.000,51.000,51.000,,53.000,52.000,,54.000
2141,48.000,50.000,52.000,51.000,51.000,,50.000,52.000,,50.000
2142,54.000,52.000,53.000,53.000,52.000,,52.000,51.000,,52.000
2143,50.000,50.000,51.000,51.000,52.000,,56.000,52.000,,51.000
2144,53.000,54.000,52.000,51.000,51.000,,48.000,51.000,,52.000
2145,50.000,50.000,50.000,51.000,51.000,,67.000,50.000,,51.000
2146,52.000,50.000,52.000,51.000,52.000,,37.000,53.000,,53.000
2147,51.000,50.000,50.000,51.000,51.000,,48.000,50.000,,51.000
2148,51.000,53.000,52.000,55.000,52.000,,51.000,52.000,,51.000
2149,51.000,52.000,49.000,47.000,49.000,,50.000,50.000,,50.000
2150,51.000,52.000,54.000,52.000,53.000,,52.000,51.000,,50.000
2151,50.000,48.000,51.000,50.000,50.000,,51.000,50.000,,51.000
2152,55.000,57.000,53.000,54.000,63.000,,53.000,58.000,,54.000
2153,49.000,46.000,49.000,51.000,42.000,,52.000,49.000,,49.000
2154,50.000,56.000,50.000,50.000,50.000,,50.000,48.000,,56.000
2155,51.000,45.000,50.000,54.000,47.000,,50.000,51.000,,47.000
2156,50.000,54.000,51.000,45.000,51.000,,52.000,52.000,,50.000
2157,53.000,52.000,51.000,53.000,54.000,,51.000,51.000,,52.000
2158,50.000,52.000,51.000,48.000,50.000,,51.000,50.000,,47.000
2159,50.000,50.000,52.000,55.000,52.000,,55.000,51.000,,55.000
2160,53.000,53.000,50.000,52.000,52.000,,46.000,51.000,,53.000
2161,50.000,50.000,52.000,50.000,51.000,,51.000,52.000,,49.000
2162,51.000,51.000,51.000,51.000,52.000,,51.000,50.000,,50.000
2163,51.000,50.000,51.000,48.000,50.000,,52.000,51.000,,51.000
2164,53.000,52.000,53.000,54.000,51.000,,51.000,52.000,,51.000
2165,47.000,50.000,47.000,47.000,50.000,,51.000,50.000,,51.000
2166,56.000,49.000,51.000,54.000,51.000,,51.000,53.000,,54.000
2167,50.000,55.000,54.000,52.000,53.000,,51.000,52.000,,48.000
2168,51.000,49.000,51.000,51.000,52.000,,50.000,49.000,,50.000
2169,51.000,51.000,52.000,52.000,50.000,,51.000,51.000,,53.000
2170,51.000,52.000,52.000,51.000,51.000,,54.000,53.000,,52.000
2171,51.000,47.000,49.000,50.000,54.000,,49.000,49.000,,49.000
2172,52.000,54.000,51.000,54.000,47.000,,51.000,48.000,,52.000
2173,49.000,53.000,51.000,49.000,52.000,,52.000,52.000,,50.000
2174,57.000,51.000,54.000,55.000,54.000,,54.000,80.000,,55.000
2175,47.000,51.000,51.000,50.000,49.000,,51.000,27.000,,50.000
2176,51.000,86.000,50.000,48.000,50.000,,48.000,49.000,,50.000
2177,50.000,23.000,50.000,91.000,50.000,,51.000,54.000,,50.000
2178,50.000,42.000,52.000,21.000,52.000,,49.000,47.000,,51.000
2179,51.000,50.000,49.000,39.000,49.000,,50.000,50.000,,50.000
2180,49.000,48.000,50.000,51.000,50.000,,51.000,51.000,,51.000
2181,52.000,54.000,52.000,50.000,50.000,,51.000,51.000,,49.000
2182,51.000,51.000,51.000,52.000,52.000,,52.000,51.000,,54.000
2183,54.000,51.000,52.000,53.000,51.000,,51.000,52.000,,51.000
2184,49.000,52.000,48.000,48.000,50.000,,50.000,49.000,,49.000
2185,51.000,49.000,51.000,51.000,49.000,,52.000,51.000,,53.000
2186,52.000,51.000,52.000,51.000,51.000,,51.000,51.000,,51.000
2187,49.000,50.000,51.000,51.000,103.000,,49.000,74.000,,49.000
2188,52.000,51.000,52.000,51.000,19.000,,53.000,28.000,,51.000
2189,51.000,54.000,86.000,51.000,34.000,,52.000,50.000,,51.000
2190,52.000,48.000,19.000,53.000,103.000,,53.000,53.000,,52.000
2191,51.000,52.000,48.000,51.000,23.000,,47.000,63.000,,51.000
2192,68.000,86.000,90.000,67.000,43.000,,74.000,56.000,,69.000
2193,36.000,18.000,14.000,36.000,41.000,,31.000,37.000,,35.000
2194,49.000,50.000,50.000,51.000,46.000,,59.000,50.000,,50.000
2195,48.000,50.000,48.000,47.000,48.000,,40.000,48.000,,49.000
2196,50.000,50.000,51.000,51.000,51.000,,56.000,51.000,,66.000
2197,52.000,51.000,51.000,58.000,66.000,,46.000,50.000,,35.000
2198,54.000,52.000,54.000,47.000,39.000,,52.000,53.000,,62.000
2199,49.000,48.000,50.000,49.000,50.000,,50.000,50.000,,42.000
2200,51.000,51.000,49.000,51.000,51.000,,51.000,50.000,,51.000
2201,54.000,52.000,54.000,52.000,52.000,,52.000,52.000,,51.000
2202,48.000,51.000,49.000,51.000,50.000,,50.000,51.000,,50.000
2203,52.000,51.000,52.000,52.000,50.000,,51.000,52.000,,51.000
2204,52.000,55.000,52.000,51.000,53.000,,51.000,51.000,,53.000
2205,52.000,49.000,51.000,51.000,51.000,,53.000,52.000,,51.000
2206,49.000,50.000,50.000,49.000,49.000,,48.000,49.000,,50.000
2207,51.000,51.000,51.000,52.000,52.000,,54.000,52.000,,51.000
2208,52.000,52.000,51.000,51.000,51.000,,52.000,51.000,,50.000
2209,50.000,50.000,51.000,53.000,51.000,,51.000,51.000,,52.000
2210,53.000,52.000,52.000,49.000,53.000,,51.000,54.000,,52.000
2211,50.000,52.000,51.000,52.000,51.000,,49.000,51.000,,51.000
2212,51.000,50.000,50.000,50.000,50.000,,53.000,52.000,,50.000
2213,51.000,52.000,50.000,52.000,52.000,,50.000,47.000,,51.000
2214,52.000,49.000,51.000,53.000,50.000,,51.000,52.000,,52.000
2215,50.000,52.000,52.000,48.000,51.000,,54.000,50.000,,50.000
2216,51.000,55.000,51.000,51.000,52.000,,46.000,53.000,,53.000
2217,50.000,47.000,51.000,50.000,50.000,,53.000,49.000,,48.000
2218,53.000,53.000,53.000,54.000,52.000,,51.000,54.000,,57.000
2219,50.000,52.000,50.000,49.000,50.000,,54.000,49.000,,46.000
2220,50.000,49.000,50.000,51.000,51.000,,49.000,50.000,,54.000
2221,54.000,53.000,53.000,53.000,54.000,,52.000,53.000,,51.000
2222,48.000,51.000,49.000,50.000,50.000,,49.000,50.000,,51.000
2223,51.000,51.000,51.000,52.000,50.000,,53.000,51.000,,48.000
2224,52.000,52.000,52.000,51.000,51.000,,50.000,52.000,,53.000
2225,55.000,49.000,50.000,51.000,50.000,,51.000,51.000,,51.000
2226,48.000,50.000,53.000,51.000,53.000,,50.000,52.000,,51.000
2227,50.000,52.000,49.000,50.000,52.000,,51.000,49.000,,50.000
2228,50.000,52.000,51.000,51.000,48.000,,53.000,51.000,,51.000
2229,52.000,50.000,52.000,52.000,52.000,,50.000,51.000,,52.000
2230,51.000,52.000,51.000,50.000,50.000,,49.000,52.000,,50.000
2231,52.000,50.000,50.000,52.000,52.000,,52.000,50.000,,51.000
2232,49.000,50.000,52.000,52.000,52.000,,53.000,55.000,,54.000
2233,53.000,51.000,50.000,50.000,49.000,,49.000,46.000,,49.000
2234,53.000,52.000,51.000,51.000,52.000,,51.000,52.000,,51.000
2235,47.000,54.000,52.000,50.000,50.000,,51.000,51.000,,50.000
2236,53.000,46.000,50.000,52.000,52.000,,52.000,51.000,,51.000
2237,53.000,54.000,65.000,55.000,54.000,,53.000,69.000,,54.000
2238,48.000,53.000,39.000,48.000,49.000,,51.000,35.000,,48.000
2239,52.000,47.000,50.000,49.000,49.000,,49.000,49.000,,51.000
2240,53.000,56.000,51.000,53.000,53.000,,54.000,52.000,,52.000
2241,49.000,47.000,51.000,50.000,50.000,,80.000,50.000,,50.000
2242,52.000,54.000,52.000,53.000,53.000,,23.000,53.000,,56.000
2243,46.000,45.000,47.000,46.000,48.000,,45.000,46.000,,44.000
2244,50.000,51.000,50.000,74.000,47.000,,48.000,48.000,,48.000
2245,42.000,40.000,42.000,16.000,42.000,,41.000,44.000,,43.000
2246,34.000,36.000,35.000,36.000,36.000,,37.000,35.000,,35.000
2247,40.000,39.000,38.000,39.000,38.000,,37.000,39.000,,39.000
2248,43.000,43.000,44.000,44.000,46.000,,43.000,44.000,,43.000
2249,46.000,48.000,46.000,45.000,47.000,,46.000,45.000,,48.000
2250,50.000,48.000,50.000,50.000,47.000,,51.000,49.000,,47.000
2251,31.000,31.000,31.000,30.000,31.000,,31.000,32.000,,32.000
2252,47.000,48.000,47.000,48.000,46.000,,47.000,48.000,,48.000
2253,38.000,37.000,37.000,37.000,39.000,,38.000,37.000,,37.000
2254,42.000,41.000,43.000,43.000,42.000,,41.000,42.000,,44.000
2255,50.000,50.000,49.000,50.000,49.000,,50.000,49.000,,46.000
2256,48.000,49.000,49.000,48.000,49.000,,51.000,49.000,,50.000
2257,51.000,51.000,51.000,52.000,50.000,,49.000,49.000,,51.000
2258,36.000,36.000,36.000,35.000,36.000,,34.000,38.000,,36.000
2259,41.000,41.000,41.000,41.000,43.000,,43.000,41.000,,42.000
2260,33.000,32.000,31.000,31.000,30.000,,31.000,33.000,,31.000
2261,44.000,44.000,46.000,45.000,46.000,,46.000,45.000,,45.000
2262,50.000,51.000,50.000,52.000,50.000,,50.000,50.000,,51.000
2263,34.000,34.000,35.000,34.000,35.000,,33.000,33.000,,34.000
2264,41.000,42.000,41.000,40.000,41.000,,43.000,43.000,,41.000
2265,35.000,35.000,34.000,36.000,34.000,,35.000,33.000,,34.000
2266,43.000,42.000,44.000,43.000,43.000,,45.000,44.000,,44.000
2267,51.000,51.000,50.000,50.000,50.000,,48.000,49.000,,50.000
2268,31.000,31.000,31.000,31.000,32.000,,63.000,32.000,,32.000
2269,47.000,49.000,49.000,49.000,46.000,,18.000,48.000,,48.000
2270,55.000,82.000,52.000,53.000,55.000,,51.000,54.000,,53.000
2271,50.000,21.000,57.000,52.000,51.000,,50.000,50.000,,50.000
2272,52.000,50.000,45.000,88.000,50.000,,52.000,54.000,,53.000
2273,53.000,60.000,53.000,22.000,54.000,,56.000,51.000,,51.000
2274,46.000,40.000,47.000,40.000,46.000,,44.000,46.000,,47.000
2275,51.000,51.000,50.000,49.000,51.000,,50.000,50.000,,51.000
2276,43.000,43.000,44.000,44.000,44.000,,44.000,44.000,,44.000
2277,39.000,38.000,38.000,39.000,38.000,,38.000,38.000,,38.000
2278,47.000,48.000,47.000,45.000,46.000,,46.000,46.000,,45.000
2279,29.000,32.000,28.000,31.000,34.000,,31.000,32.000,,29.000
2280,48.000,43.000,48.000,47.000,45.000,,46.000,45.000,,47.000
2281,50.000,52.000,52.000,50.000,51.000,,52.000,53.000,,54.000
2282,52.000,51.000,50.000,51.000,49.000,,49.000,49.000,,51.000
2283,50.000,51.000,52.000,51.000,51.000,,51.000,52.000,,49.000
2284,49.000,51.000,50.000,50.000,52.000,,51.000,50.000,,51.000
2285,53.000,51.000,51.000,53.000,49.000,,53.000,52.000,,52.000
2286,50.000,53.000,52.000,52.000,54.000,,52.000,53.000,,52.000
2287,50.000,50.000,50.000,50.000,49.000,,50.000,49.000,,49.000
2288,53.000,52.000,52.000,51.000,53.000,,52.000,53.000,,53.000
2289,53.000,50.000,51.000,54.000,52.000,,51.000,50.000,,51.000
2290,47.000,50.000,50.000,48.000,48.000,,49.000,50.000,,50.000
2291,52.000,52.000,52.000,52.000,52.000,,52.000,52.000,,52.000
2292,52.000,52.000,51.000,51.000,51.000,,51.000,52.000,,51.000
2293,52.000,50.000,51.000,51.000,51.000,,52.000,49.000,,49.000
2294,52.000,52.000,52.000,52.000,52.000,,54.000,52.000,,54.000
2295,50.000,51.000,50.000,48.000,51.000,,48.000,51.000,,49.000
2296,52.000,51.000,51.000,51.000,51.000,,51.000,51.000,,53.000
2297,50.000,49.000,50.000,51.000,50.000,,50.000,50.000,,49.000
2298,53.000,54.000,53.000,54.000,54.000,,55.000,53.000,,51.000
2299,51.000,52.000,52.000,52.000,50.000,,49.000,52.000,,54.000
2300,52.000,51.000,51.000,51.000,51.000,,51.000,51.000,,50.000
2301,49.000,50.000,52.000,51.000,52.000,,51.000,53.000,,52.000
2302,57.000,57.000,52.000,53.000,52.000,,78.000,75.000,,53.000
2303,48.000,48.000,49.000,51.000,54.000,,30.000,27.000,,48.000
2304,47.000,51.000,52.000,51.000,45.000,,45.000,50.000,,52.000
2305,54.000,51.000,49.000,49.000,52.000,,52.000,49.000,,51.000
2306,50.000,51.000,53.000,52.000,49.000,,50.000,52.000,,50.000
2307,51.000,48.000,50.000,52.000,53.000,,52.000,51.000,,51.000
2308,52.000,50.000,50.000,50.000,51.000,,51.000,51.000,,51.000
2309,51.000,54.000,53.000,50.000,52.000,,51.000,51.000,,52.000
2310,51.000,50.000,50.000,52.000,51.000,,51.000,50.000,,51.000
2311,52.000,50.000,50.000,51.000,52.000,,53.000,52.000,,51.000
2312,51.000,50.000,52.000,50.000,50.000,,49.000,51.000,,53.000
2313,49.000,51.000,51.000,53.000,54.000,,51.000,53.000,,48.000
2314,52.000,54.000,53.000,51.000,50.000,,54.000,51.000,,53.000
2315,50.000,53.000,49.000,49.000,52.000,,52.000,50.000,,49.000
2316,54.000,50.000,52.000,53.000,51.000,,50.000,51.000,,52.000
2317,48.000,47.000,50.000,51.000,49.000,,49.000,52.000,,52.000
2318,53.000,56.000,54.000,52.000,53.000,,52.000,52.000,,52.000
2319,50.000,49.000,49.000,51.000,51.000,,52.000,51.000,,48.000
2320,52.000,53.000,52.000,51.000,50.000,,51.000,50.000,,56.000
2321,51.000,50.000,50.000,51.000,51.000,,49.000,51.000,,49.000
2322,51.000,51.000,51.000,50.000,53.000,,51.000,51.000,,51.000
2323,52.000,53.000,55.000,53.000,52.000,,53.000,53.000,,53.000
2324,49.000,51.000,56.000,50.000,64.000,,54.000,52.000,,52.000
2325,50.000,50.000,46.000,51.000,36.000,,48.000,51.000,,47.000
2326,52.000,51.000,48.000,51.000,51.000,,53.000,49.000,,53.000
2327,55.000,48.000,50.000,50.000,50.000,,47.000,64.000,,50.000
2328,50.000,56.000,55.000,53.000,53.000,,53.000,38.000,,53.000
2329,50.000,51.000,51.000,53.000,51.000,,68.000,56.000,,50.000
2330,51.000,60.000,51.000,58.000,52.000,,35.000,48.000,,53.000
2331,52.000,41.000,50.000,41.000,49.000,,50.000,49.000,,48.000
2332,52.000,51.000,51.000,51.000,52.000,,52.000,51.000,,64.000
2333,63.000,50.000,51.000,51.000,49.000,,49.000,51.000,,39.000
2334,38.000,50.000,51.000,51.000,52.000,,52.000,51.000,,51.000
2335,67.000,52.000,52.000,57.000,50.000,,52.000,52.000,,53.000
2336,35.000,50.000,47.000,45.000,51.000,,49.000,50.000,,48.000
2337,51.000,52.000,51.000,50.000,52.000,,51.000,51.000,,52.000
2338,51.000,51.000,52.000,53.000,52.000,,51.000,50.000,,53.000
2339,59.000,51.000,50.000,49.000,50.000,,51.000,52.000,,49.000
2340,44.000,50.000,53.000,50.000,50.000,,53.000,53.000,,51.000
2341,52.000,53.000,51.000,52.000,54.000,,50.000,49.000,,52.000
2342,49.000,51.000,51.000,52.000,50.000,,52.000,52.000,,53.000
2343,63.000,50.000,50.000,48.000,52.000,,50.000,50.000,,47.000
2344,38.000,51.000,50.000,50.000,47.000,,51.000,49.000,,48.000
2345,49.000,49.000,51.000,51.000,50.000,,48.000,50.000,,52.000
2346,91.000,49.000,50.000,52.000,52.000,,50.000,51.000,,51.000
2347,19.000,53.000,55.000,54.000,52.000,,55.000,54.000,,54.000
2348,43.000,51.000,46.000,48.000,48.000,,48.000,47.000,,48.000
2349,89.000,53.000,55.000,53.000,54.000,,54.000,54.000,,54.000
2350,19.000,49.000,51.000,52.000,49.000,,50.000,51.000,,50.000
2351,44.000,53.000,49.000,49.000,51.000,,49.000,49.000,,49.000
2352,53.000,50.000,51.000,52.000,52.000,,52.000,52.000,,52.000
2353,49.000,50.000,50.000,49.000,49.000,,49.000,51.000,,48.000
2354,51.000,52.000,51.000,52.000,52.000,,53.000,51.000,,52.000
2355,50.000,50.000,50.000,50.000,50.000,,50.000,50.000,,50.000
2356,54.000,51.000,52.000,54.000,57.000,,52.000,53.000,,52.000
2357,51.000,53.000,52.000,50.000,49.000,,54.000,50.000,,54.000
2358,54.000,51.000,55.000,53.000,51.000,,50.000,94.000,,53.000
2359,50.000,52.000,50.000,51.000,50.000,,50.000,21.000,,51.000
2360,51.000,51.000,49.000,51.000,50.000,,50.000,38.000,,49.000
2361,51.000,50.000,101.000,50.000,52.000,,84.000,53.000,,52.000
2362,52.000,52.000,12.000,52.000,52.000,,21.000,53.000,,53.000
2363,50.000,51.000,42.000,53.000,49.000,,51.000,49.000,,48.000
2364,51.000,48.000,62.000,50.000,57.000,,48.000,50.000,,51.000
2365,51.000,53.000,38.000,48.000,46.000,,54.000,51.000,,52.000
2366,50.000,50.000,51.000,52.000,51.000,,48.000,52.000,,48.000
2367,50.000,51.000,50.000,50.000,50.000,,52.000,50.000,,53.000
2368,50.000,50.000,51.000,50.000,50.000,,49.000,51.000,,50.000
2369,51.000,52.000,52.000,51.000,51.000,,51.000,49.000,,52.000
2370,53.000,51.000,50.000,52.000,53.000,,52.000,52.000,,51.000
2371,48.000,50.000,52.000,51.000,50.000,,51.000,52.000,,50.000
2372,53.000,49.000,51.000,50.000,51.000,,51.000,51.000,,52.000
2373,53.000,54.000,51.000,51.000,52.000,,51.000,50.000,,51.000
2374,48.000,52.000,51.000,52.000,51.000,,52.000,52.000,,51.000
2375,52.000,50.000,51.000,51.000,51.000,,50.000,51.000,,51.000
2376,51.000,51.000,52.000,51.000,51.000,,51.000,51.000,,50.000
2377,49.000,51.000,50.000,49.000,51.000,,50.000,50.000,,50.000
2378,52.000,50.000,52.000,52.000,50.000,,53.000,52.000,,53.000
2379,51.000,52.000,51.000,52.000,53.000,,51.000,51.000,,50.000
2380,52.000,51.000,50.000,50.000,49.000,,49.000,50.000,,50.000
2381,51.000,50.000,52.000,52.000,51.000,,54.000,52.000,,54.000
2382,52.000,52.000,50.000,51.000,52.000,,50.000,51.000,,52.000
2383,51.000,52.000,51.000,52.000,51.000,,51.000,52.000,,48.000
2384,52.000,51.000,52.000,50.000,51.000,,52.000,52.000,,51.000
2385,51.000,51.000,51.000,52.000,51.000,,51.000,50.000,,54.000
2386,50.000,50.000,53.000,51.000,53.000,,51.000,52.000,,51.000
2387,50.000,52.000,49.000,51.000,47.000,,50.000,50.000,,49.000
2388,52.000,50.000,52.000,51.000,52.000,,51.000,51.000,,52.000
2389,52.000,50.000,51.000,50.000,50.000,,51.000,52.000,,51.000
2390,48.000,52.000,49.000,51.000,96.000,,52.000,49.000,,50.000
2391,52.000,53.000,53.000,52.000,24.000,,50.000,51.000,,52.000
2392,49.000,46.000,49.000,46.000,31.000,,48.000,48.000,,47.000
2393,56.000,55.000,55.000,58.000,56.000,,71.000,57.000,,74.000
2394,47.000,50.000,48.000,49.000,61.000,,34.000,50.000,,32.000
2395,51.000,49.000,49.000,48.000,37.000,,49.000,50.000,,48.000
2396,50.000,49.000,48.000,50.000,48.000,,50.000,49.000,,49.000
2397,48.000,48.000,49.000,48.000,50.000,,47.000,43.000,,48.000
2398,46.000,48.000,47.000,47.000,47.000,,47.000,49.000,,47.000
2399,41.000,41.000,41.000,41.000,41.000,,40.000,43.000,,43.000
2400,24.000,24.000,24.000,24.000,26.000,,25.000,22.000,,25.000
2401,46.000,44.000,44.000,44.000,43.000,,45.000,44.000,,42.000
2402,49.000,50.000,51.000,50.000,49.000,,49.000,51.000,,50.000
2403,49.000,48.000,47.000,49.000,49.000,,49.000,46.000,,48.000
2404,51.000,52.000,53.000,50.000,51.000,,51.000,54.000,,52.000
2405,50.000,51.000,51.000,52.000,51.000,,52.000,51.000,,50.000
2406,51.000,52.000,50.000,50.000,52.000,,52.000,49.000,,52.000
2407,51.000,49.000,51.000,51.000,52.000,,49.000,50.000,,51.000
2408,51.000,51.000,51.000,53.000,49.000,,51.000,52.000,,49.000
2409,51.000,88.000,51.000,49.000,51.000,,52.000,51.000,,53.000
2410,52.000,25.000,52.000,54.000,52.000,,52.000,55.000,,53.000
2411,48.000,39.000,49.000,48.000,49.000,,48.000,48.000,,49.000
2412,54.000,53.000,53.000,53.000,53.000,,52.000,50.000,,51.000
2413,49.000,51.000,50.000,51.000,51.000,,52.000,51.000,,51.000
2414,52.000,51.000,51.000,50.000,50.000,,50.000,52.000,,51.000
2415,50.000,51.000,50.000,51.000,50.000,,50.000,50.000,,49.000
2416,54.000,53.000,53.000,52.000,55.000,,54.000,51.000,,52.000
2417,53.000,51.000,51.000,52.000,51.000,,51.000,53.000,,53.000
2418,48.000,49.000,51.000,80.000,49.000,,50.000,50.000,,49.000
2419,51.000,51.000,51.000,20.000,51.000,,51.000,51.000,,52.000
2420,49.000,49.000,48.000,49.000,48.000,,48.000,50.000,,48.000
2421,50.000,51.000,50.000,50.000,51.000,,51.000,50.000,,50.000
2422,56.000,54.000,56.000,55.000,77.000,,54.000,53.000,,56.000
2423,53.000,53.000,53.000,53.000,31.000,,72.000,63.000,,54.000
2424,60.000,49.000,47.000,50.000,48.000,,31.000,41.000,,48.000
2425,39.000,51.000,53.000,51.000,52.000,,51.000,51.000,,53.000
2426,51.000,53.000,51.000,51.000,51.000,,51.000,51.000,,52.000
2427,69.000,51.000,53.000,55.000,54.000,,54.000,53.000,,50.000
2428,33.000,53.000,49.000,47.000,49.000,,48.000,48.000,,50.000
2429,53.000,48.000,53.000,54.000,52.000,,52.000,52.000,,51.000
2430,52.000,52.000,50.000,52.000,50.000,,52.000,51.000,,51.000
2431,49.000,50.000,51.000,47.000,50.000,,50.000,51.000,,51.000
2432,52.000,52.000,50.000,49.000,51.000,,51.000,50.000,,50.000
2433,48.000,48.000,50.000,51.000,50.000,,52.000,52.000,,52.000
2434,52.000,52.000,51.000,53.000,52.000,,50.000,51.000,,50.000
2435,52.000,51.000,52.000,52.000,51.000,,52.000,51.000,,50.000
2436,49.000,51.000,50.000,49.000,50.000,,49.000,52.000,,52.000
2437,49.000,50.000,50.000,51.000,50.000,,50.000,49.000,,51.000
2438,52.000,51.000,52.000,50.000,51.000,,50.000,52.000,,50.000
2439,52.000,50.000,50.000,51.000,54.000,,51.000,52.000,,50.000
2440,52.000,53.000,51.000,52.000,49.000,,53.000,50.000,,53.000
2441,49.000,50.000,51.000,50.000,50.000,,49.000,52.000,,49.000
2442,52.000,51.000,52.000,52.000,53.000,,52.000,51.000,,53.000
2443,49.000,50.000,50.000,50.000,49.000,,50.000,49.000,,49.000
2444,51.000,52.000,52.000,52.000,51.000,,52.000,51.000,,52.000
2445,54.000,52.000,53.000,51.000,53.000,,52.000,52.000,,52.000
2446,50.000,51.000,50.000,51.000,52.000,,51.000,50.000,,50.000
2447,51.000,50.000,73.000,50.000,65.000,,53.000,54.000,,52.000
2448,52.000,51.000,27.000,51.000,34.000,,48.000,48.000,,50.000
2449,50.000,53.000,52.000,52.000,63.000,,52.000,56.000,,53.000
2450,53.000,51.000,52.000,52.000,42.000,,53.000,49.000,,52.000
2451,52.000,51.000,52.000,52.000,51.000,,51.000,52.000,,51.000
2452,50.000,52.000,51.000,51.000,56.000,,50.000,56.000,,58.000
2453,51.000,51.000,50.000,52.000,46.000,,53.000,45.000,,43.000
2454,52.000,53.000,54.000,52.000,52.000,,52.000,52.000,,53.000
2455,51.000,52.000,49.000,56.000,53.000,,51.000,51.000,,52.000
2456,56.000,54.000,52.000,46.000,50.000,,49.000,52.000,,50.000
2457,47.000,49.000,51.000,92.000,51.000,,52.000,52.000,,52.000
2458,51.000,48.000,51.000,24.000,53.000,,51.000,50.000,,49.000
2459,52.000,51.000,52.000,37.000,49.000,,52.000,51.000,,52.000
2460,58.000,53.000,53.000,53.000,54.000,,52.000,56.000,,56.000
2461,44.000,55.000,48.000,50.000,50.000,,50.000,47.000,,48.000
2462,52.000,49.000,52.000,52.000,51.000,,52.000,51.000,,51.000
2463,50.000,51.000,53.000,51.000,54.000,,54.000,51.000,,51.000
2464,51.000,48.000,50.000,51.000,50.000,,51.000,50.000,,51.000
2465,50.000,52.000,51.000,50.000,49.000,,47.000,52.000,,53.000
2466,51.000,50.000,51.000,51.000,50.000,,51.000,51.000,,50.000
2467,51.000,52.000,51.000,50.000,50.000,,50.000,51.000,,51.000
2468,47.000,47.000,48.000,48.000,49.000,,49.000,49.000,,47.000
2469,53.000,55.000,52.000,53.000,54.000,,53.000,52.000,,54.000
2470,50.000,51.000,51.000,52.000,50.000,,51.000,51.000,,49.000
2471,55.000,51.000,52.000,53.000,51.000,,51.000,52.000,,57.000
2472,51.000,50.000,50.000,55.000,56.000,,53.000,50.000,,49.000
2473,51.000,54.000,53.000,48.000,50.000,,51.000,55.000,,48.000
2474,51.000,50.000,49.000,55.000,49.000,,52.000,50.000,,49.000
2475,52.000,50.000,51.000,84.000,50.000,,50.000,49.000,,54.000
2476,51.000,55.000,52.000,28.000,52.000,,53.000,56.000,,51.000
2477,51.000,47.000,51.000,36.000,51.000,,49.000,48.000,,50.000
2478,52.000,75.000,52.000,51.000,51.000,,52.000,51.000,,52.000
2479,50.000,28.000,50.000,51.000,51.000,,50.000,50.000,,51.000
2480,55.000,52.000,54.000,52.000,52.000,,54.000,84.000,,53.000
2481,48.000,68.000,50.000,49.000,54.000,,51.000,24.000,,50.000
2482,57.000,34.000,53.000,54.000,48.000,,50.000,45.000,,52.000
2483,47.000,52.000,53.000,49.000,53.000,,52.000,52.000,,52.000
2484,50.000,51.000,49.000,53.000,50.000,,50.000,52.000,,50.000
2485,51.000,55.000,50.000,52.000,53.000,,51.000,52.000,,83.000
2486,51.000,46.000,49.000,50.000,48.000,,51.000,49.000,,21.000
2487,48.000,50.000,50.000,49.000,75.000,,49.000,49.000,,47.000
2488,54.000,49.000,53.000,54.000,28.000,,54.000,54.000,,54.000
2489,50.000,53.000,49.000,51.000,49.000,,50.000,49.000,,48.000
2490,52.000,56.000,53.000,51.000,53.000,,51.000,53.000,,53.000
2491,58.000,48.000,50.000,50.000,50.000,,51.000,51.000,,50.000
2492,44.000,50.000,50.000,51.000,51.000,,51.000,51.000,,52.000
2493,53.000,53.000,52.000,50.000,52.000,,51.000,53.000,,51.000
2494,50.000,53.000,52.000,52.000,51.000,,52.000,52.000,,52.000
2495,51.000,51.000,52.000,50.000,52.000,,53.000,52.000,,51.000
2496,50.000,46.000,49.000,53.000,52.000,,49.000,46.000,,52.000
2497,53.000,53.000,54.000,52.000,53.000,,50.000,52.000,,50.000
2498,50.000,51.000,50.000,50.000,47.000,,54.000,52.000,,50.000
2499,50.000,51.000,50.000,51.000,55.000,,49.000,51.000,,52.000
2500,53.000,50.000,51.000,51.000,47.000,,51.000,50.000,,52.000
2501,49.000,52.000,50.000,51.000,50.000,,50.000,51.000,,47.000
2502,52.000,52.000,52.000,53.000,52.000,,52.000,52.000,,53.000
2503,51.000,51.000,52.000,49.000,51.000,,52.000,51.000,,53.000
2504,51.000,52.000,53.000,50.000,51.000,,51.000,51.000,,50.000
2505,53.000,50.000,48.000,54.000,52.000,,51.000,51.000,,52.000
2506,50.000,50.000,51.000,48.000,50.000,,52.000,51.000,,48.000
2507,50.000,52.000,51.000,54.000,52.000,,49.000,50.000,,51.000
2508,51.000,50.000,54.000,49.000,52.000,,52.000,52.000,,53.000
2509,51.000,55.000,49.000,49.000,53.000,,53.000,52.000,,49.000
2510,51.000,47.000,52.000,56.000,49.000,,49.000,53.000,,56.000
2511,53.000,54.000,84.000,50.000,54.000,,51.000,53.000,,51.000
2512,51.000,49.000,21.000,49.000,49.000,,52.000,49.000,,50.000
2513,54.000,52.000,49.000,50.000,63.000,,54.000,53.000,,53.000
2514,88.000,49.000,51.000,54.000,39.000,,47.000,60.000,,48.000
2515,32.000,58.000,58.000,91.000,55.000,,57.000,43.000,,57.000
2516,32.000,46.000,45.000,22.000,49.000,,50.000,49.000,,52.000
2517,47.000,50.000,51.000,39.000,50.000,,47.000,48.000,,45.000
2518,53.000,51.000,49.000,50.000,52.000,,51.000,51.000,,50.000
2519,53.000,56.000,53.000,53.000,50.000,,53.000,53.000,,52.000
2520,49.000,45.000,51.000,49.000,49.000,,49.000,49.000,,50.000
2521,51.000,51.000,51.000,52.000,51.000,,50.000,50.000,,52.000
2522,52.000,53.000,50.000,52.000,53.000,,53.000,53.000,,53.000
2523,50.000,50.000,52.000,49.000,50.000,,51.000,49.000,,49.000
2524,51.000,53.000,50.000,52.000,51.000,,50.000,53.000,,50.000
2525,51.000,49.000,52.000,51.000,50.000,,51.000,50.000,,50.000
2526,50.000,51.000,50.000,51.000,52.000,,53.000,51.000,,52.000
2527,55.000,52.000,51.000,50.000,52.000,,49.000,53.000,,51.000
2528,48.000,50.000,52.000,52.000,50.000,,52.000,52.000,,52.000
2529,51.000,51.000,49.000,50.000,50.000,,50.000,48.000,,50.000
2530,52.000,52.000,53.000,52.000,52.000,,53.000,53.000,,52.000
2531,51.000,50.000,50.000,52.000,51.000,,47.000,49.000,,51.000
2532,54.000,52.000,52.000,53.000,53.000,,53.000,52.000,,53.000
2533,46.000,53.000,50.000,48.000,48.000,,51.000,50.000,,50.000
2534,55.000,50.000,53.000,52.000,53.000,,52.000,52.000,,51.000
2535,49.000,51.000,48.000,50.000,49.000,,55.000,50.000,,50.000
2536,49.000,52.000,53.000,54.000,53.000,,46.000,53.000,,52.000
2537,53.000,49.000,50.000,49.000,50.000,,51.000,51.000,,50.000
2538,50.000,50.000,51.000,50.000,51.000,,50.000,48.000,,50.000
2539,51.000,53.000,52.000,53.000,50.000,,52.000,53.000,,52.000
2540,53.000,78.000,52.000,51.000,52.000,,52.000,52.000,,52.000
2541,52.000,25.000,53.000,52.000,52.000,,53.000,51.000,,52.000
2542,100.000,51.000,90.000,49.000,50.000,,72.000,50.000,,50.000
2543,24.000,52.000,20.000,54.000,53.000,,30.000,53.000,,53.000
2544,29.000,51.000,44.000,50.000,50.000,,50.000,50.000,,59.000
2545,49.000,51.000,49.000,53.000,53.000,,51.000,52.000,,42.000
2546,50.000,50.000,50.000,47.000,49.000,,53.000,50.000,,49.000
2547,52.000,52.000,53.000,53.000,51.000,,48.000,52.000,,53.000
2548,51.000,48.000,49.000,47.000,51.000,,52.000,53.000,,53.000
2549,52.000,52.000,51.000,53.000,51.000,,49.000,47.000,,49.000
2550,50.000,51.000,52.000,52.000,50.000,,52.000,51.000,,50.000
2551,49.000,51.000,48.000,49.000,53.000,,50.000,50.000,,50.000
2552,56.000,48.000,52.000,52.000,50.000,,53.000,52.000,,54.000
2553,50.000,50.000,50.000,54.000,49.000,,50.000,48.000,,53.000
2554,50.000,54.000,54.000,51.000,53.000,,52.000,53.000,,47.000
2555,54.000,50.000,50.000,51.000,50.000,,53.000,51.000,,51.000
2556,51.000,52.000,52.000,47.000,52.000,,48.000,50.000,,51.000
2557,49.000,50.000,48.000,49.000,52.000,,51.000,51.000,,51.000
2558,48.000,50.000,52.000,51.000,50.000,,50.000,55.000,,51.000
2559,51.000,51.000,51.000,53.000,49.000,,51.000,49.000,,52.000
2560,52.000,52.000,51.000,53.000,53.000,,54.000,49.000,,50.000
2561,50.000,52.000,52.000,49.000,49.000,,48.000,55.000,,49.000
2562,54.000,53.000,51.000,53.000,53.000,,52.000,49.000,,53.000
2563,49.000,51.000,52.000,50.000,51.000,,51.000,54.000,,51.000
2564,51.000,52.000,51.000,52.000,52.000,,51.000,53.000,,51.000
2565,54.000,52.000,54.000,52.000,53.000,,52.000,47.000,,54.000
2566,50.000,50.000,48.000,49.000,48.000,,52.000,54.000,,48.000
2567,50.000,52.000,53.000,51.000,52.000,,52.000,52.000,,53.000
2568,54.000,52.000,52.000,53.000,52.000,,50.000,50.000,,52.000
2569,49.000,49.000,49.000,50.000,55.000,,51.000,52.000,,53.000
2570,51.000,51.000,51.000,52.000,50.000,,56.000,52.000,,49.000
2571,51.000,52.000,51.000,51.000,48.000,,51.000,54.000,,52.000
2572,52.000,49.000,50.000,49.000,49.000,,82.000,43.000,,76.000
2573,50.000,51.000,53.000,72.000,53.000,,23.000,51.000,,24.000
2574,48.000,50.000,48.000,29.000,50.000,,40.000,50.000,,48.000
2575,54.000,53.000,56.000,53.000,51.000,,55.000,54.000,,54.000
2576,51.000,51.000,49.000,52.000,50.000,,51.000,50.000,,57.000
2577,51.000,50.000,52.000,50.000,78.000,,50.000,51.000,,46.000
2578,52.000,53.000,51.000,53.000,28.000,,52.000,51.000,,51.000
2579,48.000,50.000,49.000,47.000,47.000,,48.000,49.000,,48.000
2580,49.000,47.000,49.000,52.000,52.000,,49.000,52.000,,51.000
2581,54.000,55.000,51.000,51.000,60.000,,51.000,49.000,,50.000
2582,53.000,54.000,53.000,51.000,43.000,,53.000,54.000,,57.000
2583,49.000,47.000,51.000,53.000,52.000,,51.000,50.000,,47.000
2584,50.000,52.000,51.000,48.000,48.000,,51.000,50.000,,50.000
2585,52.000,52.000,51.000,52.000,53.000,,54.000,57.000,,55.000
2586,49.000,48.000,50.000,52.000,52.000,,49.000,44.000,,48.000
2587,53.000,56.000,51.000,49.000,49.000,,50.000,52.000,,49.000
2588,50.000,50.000,50.000,51.000,51.000,,51.000,50.000,,50.000
2589,52.000,49.000,53.000,52.000,50.000,,51.000,52.000,,54.000
2590,53.000,52.000,50.000,50.000,53.000,,52.000,51.000,,51.000
2591,48.000,49.000,52.000,53.000,49.000,,51.000,52.000,,51.000
2592,50.000,49.000,50.000,49.000,50.000,,47.000,83.000,,50.000
2593,53.000,51.000,49.000,50.000,50.000,,55.000,25.000,,51.000
2594,46.000,50.000,49.000,48.000,49.000,,45.000,41.000,,48.000
2595,49.000,47.000,49.000,50.000,49.000,,50.000,49.000,,49.000
2596,51.000,51.000,49.000,49.000,50.000,,52.000,48.000,,50.000
2597,49.000,48.000,50.000,50.000,48.000,,46.000,50.000,,46.000
2598,34.000,35.000,35.000,34.000,36.000,,36.000,33.000,,37.000
2599,32.000,32.000,34.000,33.000,31.000,,32.000,35.000,,33.000
2600,42.000,99.000,39.000,44.000,44.000,,44.000,42.000,,41.000
2601,51.000,20.000,51.000,48.000,49.000,,47.000,50.000,,51.000
2602,46.000,20.000,48.000,47.000,47.000,,48.000,47.000,,46.000
2603,49.000,50.000,49.000,50.000,49.000,,49.000,49.000,,48.000
2604,42.000,39.000,39.000,39.000,41.000,,40.000,38.000,,41.000
2605,40.000,44.000,60.000,43.000,42.000,,43.000,45.000,,44.000
2606,50.000,47.000,33.000,51.000,50.000,,50.000,49.000,,49.000
2607,37.000,43.000,36.000,48.000,34.000,,36.000,36.000,,37.000
2608,39.000,33.000,40.000,26.000,40.000,,39.000,39.000,,39.000
2609,39.000,40.000,37.000,48.000,40.000,,41.000,41.000,,38.000
2610,38.000,38.000,41.000,31.000,40.000,,38.000,38.000,,40.000
2611,38.000,37.000,37.000,41.000,34.000,,36.000,36.000,,36.000
2612,53.000,41.000,40.000,36.000,42.000,,41.000,40.000,,40.000
2613,35.000,47.000,48.000,47.000,49.000,,47.000,48.000,,47.000
2614,53.000,50.000,49.000,49.000,48.000,,51.000,49.000,,49.000
2615,49.000,53.000,53.000,52.000,52.000,,52.000,53.000,,53.000
2616,51.000,51.000,50.000,51.000,52.000,,49.000,52.000,,50.000
2617,50.000,50.000,51.000,53.000,51.000,,50.000,50.000,,52.000
2618,46.000,41.000,39.000,39.000,39.000,,41.000,40.000,,41.000
2619,35.000,40.000,44.000,41.000,42.000,,42.000,41.000,,42.000
2620,25.000,28.000,24.000,25.000,28.000,,24.000,28.000,,28.000
2621,47.000,45.000,49.000,47.000,44.000,,48.000,45.000,,42.000
2622,39.000,41.000,37.000,39.000,40.000,,40.000,41.000,,43.000
2623,44.000,41.000,44.000,44.000,42.000,,43.000,41.000,,41.000
2624,34.000,35.000,34.000,33.000,33.000,,33.000,34.000,,35.000
2625,40.000,41.000,43.000,42.000,44.000,,42.000,42.000,,42.000
2626,77.000,49.000,46.000,49.000,47.000,,49.000,47.000,,45.000
2627,23.000,50.000,53.000,51.000,50.000,,50.000,53.000,,51.000
2628,51.000,50.000,49.000,50.000,51.000,,52.000,48.000,,49.000
2629,51.000,51.000,51.000,51.000,51.000,,51.000,51.000,,52.000
2630,50.000,52.000,53.000,52.000,51.000,,51.000,52.000,,51.000
2631,52.000,51.000,49.000,52.000,51.000,,50.000,52.000,,51.000
2632,54.000,53.000,54.000,51.000,54.000,,54.000,53.000,,56.000
2633,49.000,50.000,49.000,49.000,49.000,,49.000,49.000,,47.000
2634,51.000,51.000,51.000,52.000,51.000,,51.000,51.000,,52.000
2635,51.000,51.000,52.000,52.000,52.000,,51.000,51.000,,51.000
2636,53.000,51.000,51.000,51.000,52.000,,51.000,51.000,,53.000
2637,52.000,54.000,80.000,53.000,51.000,,54.000,53.000,,52.000
2638,52.000,51.000,24.000,51.000,52.000,,53.000,90.000,,52.000
2639,51.000,52.000,53.000,53.000,52.000,,50.000,25.000,,51.000
2640,50.000,48.000,54.000,48.000,51.000,,49.000,37.000,,47.000
2641,52.000,55.000,47.000,52.000,50.000,,52.000,77.000,,55.000
2642,51.000,48.000,53.000,53.000,55.000,,50.000,27.000,,52.000
2643,47.000,50.000,46.000,47.000,46.000,,51.000,49.000,,47.000
2644,54.000,51.000,53.000,51.000,52.000,,51.000,51.000,,51.000
2645,51.000,52.000,51.000,54.000,51.000,,50.000,53.000,,53.000
2646,51.000,51.000,50.000,50.000,50.000,,53.000,49.000,,50.000
2647,51.000,50.000,51.000,50.000,52.000,,49.000,53.000,,52.000
2648,50.000,52.000,51.000,53.000,52.000,,54.000,50.000,,51.000
2649,52.000,52.000,52.000,50.000,52.000,,50.000,52.000,,52.000
2650,51.000,51.000,51.000,53.000,51.000,,49.000,51.000,,51.000
2651,51.000,53.000,50.000,50.000,49.000,,50.000,50.000,,51.000
2652,51.000,49.000,52.000,50.000,52.000,,52.000,52.000,,50.000
2653,52.000,51.000,50.000,51.000,50.000,,52.000,51.000,,51.000
2654,51.000,51.000,53.000,52.000,52.000,,52.000,51.000,,51.000
2655,52.000,52.000,51.000,51.000,51.000,,51.000,52.000,,52.000
2656,51.000,50.000,50.000,51.000,51.000,,51.000,50.000,,52.000
2657,51.000,52.000,53.000,52.000,52.000,,52.000,52.000,,53.000
2658,52.000,51.000,50.000,50.000,50.000,,49.000,51.000,,47.000
2659,49.000,50.000,51.000,51.000,51.000,,52.000,50.000,,53.000
2660,52.000,52.000,51.000,52.000,52.000,,50.000,52.000,,50.000
2661,52.000,52.000,52.000,52.000,52.000,,75.000,54.000,,53.000
2662,48.000,51.000,50.000,49.000,49.000,,29.000,48.000,,48.000
2663,53.000,50.000,52.000,51.000,54.000,,51.000,51.000,,52.000
2664,52.000,51.000,53.000,52.000,49.000,,54.000,53.000,,51.000
2665,51.000,52.000,50.000,50.000,50.000,,50.000,49.000,,50.000
2666,52.000,50.000,50.000,51.000,52.000,,50.000,52.000,,54.000
2667,50.000,53.000,49.000,51.000,51.000,,51.000,50.000,,51.000
2668,48.000,50.000,51.000,53.000,53.000,,50.000,53.000,,100.000
2669,53.000,52.000,54.000,51.000,50.000,,51.000,50.000,,15.000
2670,52.000,52.000,51.000,52.000,53.000,,52.000,54.000,,40.000
2671,53.000,51.000,52.000,52.000,51.000,,53.000,50.000,,70.000
2672,47.000,49.000,48.000,49.000,50.000,,48.000,49.000,,30.000
2673,35.000,32.000,34.000,33.000,32.000,,34.000,34.000,,33.000
2674,38.000,39.000,39.000,36.000,38.000,,38.000,37.000,,37.000
2675,48.000,49.000,47.000,51.000,49.000,,49.000,50.000,,50.000
2676,48.000,47.000,47.000,46.000,46.000,,47.000,46.000,,47.000
2677,39.000,39.000,40.000,40.000,39.000,,39.000,39.000,,38.000
2678,30.000,29.000,30.000,29.000,31.000,,31.000,30.000,,31.000
2679,42.000,43.000,43.000,42.000,41.000,,40.000,42.000,,41.000
2680,49.000,49.000,48.000,49.000,49.000,,50.000,49.000,,49.000
2681,49.000,50.000,49.000,51.000,51.000,,49.000,50.000,,53.000
2682,52.000,51.000,51.000,51.000,51.000,,51.000,52.000,,49.000
2683,51.000,51.000,52.000,50.000,51.000,,52.000,50.000,,50.000
2684,51.000,50.000,51.000,51.000,51.000,,51.000,52.000,,51.000
2685,52.000,51.000,52.000,52.000,50.000,,51.000,53.000,,53.000
2686,51.000,53.000,50.000,51.000,52.000,,51.000,51.000,,50.000
2687,50.000,50.000,52.000,50.000,50.000,,51.000,49.000,,51.000
2688,53.000,53.000,51.000,55.000,53.000,,52.000,51.000,,53.000
2689,51.000,51.000,52.000,50.000,51.000,,52.000,53.000,,51.000
2690,49.000,48.000,49.000,49.000,50.000,,50.000,50.000,,49.000
2691,53.000,55.000,57.000,94.000,53.000,,55.000,52.000,,51.000
2692,52.000,52.000,47.000,22.000,54.000,,49.000,55.000,,52.000
2693,49.000,50.000,49.000,38.000,48.000,,50.000,45.000,,51.000
2694,53.000,50.000,52.000,50.000,52.000,,51.000,54.000,,51.000
2695,52.000,54.000,52.000,51.000,51.000,,51.000,50.000,,52.000
2696,49.000,48.000,48.000,52.000,48.000,,51.000,50.000,,52.000
2697,50.000,50.000,51.000,51.000,52.000,,50.000,50.000,,49.000
2698,49.000,49.000,50.000,47.000,49.000,,49.000,50.000,,49.000
2699,53.000,52.000,52.000,52.000,52.000,,52.000,52.000,,52.000
2700,51.000,51.000,51.000,50.000,50.000,,50.000,49.000,,52.000
2701,50.000,51.000,51.000,51.000,51.000,,82.000,52.000,,49.000
2702,53.000,54.000,53.000,54.000,55.000,,24.000,53.000,,54.000
2703,73.000,48.000,50.000,49.000,47.000,,48.000,52.000,,49.000
2704,26.000,50.000,50.000,50.000,51.000,,50.000,47.000,,51.000
2705,55.000,55.000,54.000,56.000,90.000,,55.000,54.000,,53.000
2706,50.000,51.000,50.000,52.000,23.000,,51.000,52.000,,49.000
2707,49.000,48.000,49.000,46.000,40.000,,49.000,49.000,,51.000
2708,49.000,50.000,50.000,50.000,96.000,,49.000,49.000,,50.000
2709,53.000,52.000,53.000,52.000,24.000,,51.000,53.000,,57.000
2710,49.000,49.000,49.000,49.000,31.000,,50.000,48.000,,45.000
2711,39.000,39.000,38.000,39.000,41.000,,39.000,39.000,,36.000
2712,46.000,48.000,47.000,48.000,47.000,,46.000,48.000,,50.000
2713,51.000,51.000,51.000,53.000,50.000,,51.000,51.000,,51.000
2714,51.000,50.000,53.000,50.000,50.000,,52.000,51.000,,50.000
2715,53.000,52.000,51.000,53.000,54.000,,55.000,52.000,,53.000
2716,52.000,52.000,51.000,51.000,52.000,,49.000,52.000,,63.000
2717,52.000,52.000,52.000,51.000,51.000,,52.000,53.000,,42.000
2718,51.000,51.000,50.000,51.000,50.000,,49.000,50.000,,49.000
2719,50.000,52.000,51.000,51.000,53.000,,51.000,49.000,,50.000
2720,55.000,89.000,56.000,53.000,52.000,,58.000,56.000,,62.000
2721,54.000,24.000,53.000,52.000,53.000,,48.000,51.000,,43.000
2722,46.000,40.000,44.000,48.000,47.000,,50.000,47.000,,51.000
2723,48.000,52.000,54.000,52.000,51.000,,50.000,51.000,,51.000
2724,52.000,49.000,51.000,50.000,51.000,,52.000,51.000,,49.000
2725,50.000,51.000,50.000,51.000,50.000,,50.000,52.000,,51.000
2726,51.000,51.000,52.000,52.000,51.000,,51.000,50.000,,53.000
2727,54.000,53.000,51.000,52.000,53.000,,51.000,55.000,,51.000
2728,51.000,51.000,51.000,51.000,51.000,,51.000,49.000,,51.000
2729,51.000,49.000,53.000,50.000,50.000,,52.000,50.000,,50.000
2730,85.000,51.000,48.000,52.000,51.000,,50.000,51.000,,50.000
2731,15.000,50.000,52.000,49.000,50.000,,51.000,51.000,,51.000
2732,51.000,51.000,49.000,50.000,76.000,,50.000,49.000,,50.000
2733,44.000,44.000,44.000,44.000,31.000,,44.000,44.000,,43.000
2734,41.000,42.000,40.000,41.000,27.000,,40.000,40.000,,42.000
2735,42.000,41.000,43.000,42.000,44.000,,43.000,43.000,,43.000
2736,29.000,29.000,29.000,29.000,28.000,,28.000,29.000,,28.000
2737,41.000,41.000,41.000,41.000,41.000,,43.000,41.000,,41.000
2738,40.000,40.000,40.000,42.000,40.000,,39.000,58.000,,41.000
2739,50.000,50.000,50.000,61.000,49.000,,50.000,32.000,,49.000
2740,41.000,42.000,42.000,29.000,43.000,,41.000,43.000,,42.000
2741,34.000,33.000,33.000,33.000,72.000,,33.000,32.000,,33.000
2742,50.000,50.000,51.000,52.000,20.000,,51.000,50.000,,62.000
2743,49.000,50.000,47.000,47.000,41.000,,49.000,50.000,,40.000
2744,52.000,51.000,53.000,52.000,51.000,,50.000,51.000,,49.000
2745,47.000,47.000,47.000,49.000,75.000,,49.000,48.000,,47.000
2746,56.000,55.000,54.000,53.000,26.000,,55.000,54.000,,66.000
2747,50.000,49.000,50.000,50.000,51.000,,67.000,49.000,,39.000
2748,52.000,55.000,51.000,51.000,53.000,,38.000,56.000,,63.000
2749,47.000,47.000,50.000,49.000,61.000,,60.000,45.000,,37.000
2750,51.000,50.000,51.000,51.000,37.000,,36.000,50.000,,51.000
2751,46.000,47.000,47.000,47.000,53.000,,46.000,48.000,,48.000
2752,51.000,48.000,49.000,49.000,43.000,,49.000,49.000,,48.000
2753,39.000,41.000,41.000,39.000,41.000,,41.000,41.000,,41.000
2754,33.000,34.000,33.000,34.000,34.000,,31.000,33.000,,33.000
2755,43.000,42.000,41.000,44.000,41.000,,44.000,42.000,,43.000
2756,45.000,45.000,47.000,43.000,44.000,,45.000,44.000,,45.000
2757,48.000,47.000,47.000,50.000,50.000,,50.000,50.000,,49.000
2758,47.000,47.000,47.000,46.000,46.000,,45.000,46.000,,45.000
2759,41.000,41.000,42.000,41.000,41.000,,42.000,41.000,,41.000
2760,33.000,34.000,33.000,33.000,34.000,,32.000,33.000,,34.000
2761,39.000,39.000,37.000,40.000,38.000,,40.000,39.000,,39.000
2762,46.000,46.000,47.000,45.000,46.000,,46.000,45.000,,45.000
2763,46.000,44.000,44.000,44.000,44.000,,45.000,45.000,,46.000
2764,37.000,62.000,40.000,61.000,40.000,,39.000,39.000,,38.000
2765,38.000,15.000,37.000,16.000,37.000,,37.000,38.000,,38.000
2766,37.000,36.000,37.000,37.000,37.000,,39.000,37.000,,38.000
2767,,,,,,,,,,
