Node_ID,Round,Round_Start_Time,Round_End_Time_ms,Certificate_Count,Certificate_1_Time_Delta_ms,Certificate_1_Origin,Certificate_2_Time_Delta_ms,Certificate_2_Origin,Certificate_3_Time_Delta_ms,Certificate_3_Origin,Certificate_4_Time_Delta_ms,Certificate_4_Origin,Certificate_5_Time_Delta_ms,Certificate_5_Origin,Certificate_6_Time_Delta_ms,Certificate_6_Origin,Certificate_7_Time_Delta_ms,Certificate_7_Origin,Certificate_8_Time_Delta_ms,Certificate_8_Origin,Certificate_9_Time_Delta_ms,Certificate_9_Origin,Certificate_10_Time_Delta_ms,Certificate_10_Origin
0,1,2026-03-25T14:24:04.482Z,13162.000,7,9368.000,obTLIQc2u6K1oipM,9695.000,02xuA6TviChey6nJ,10833.000,Kxg/hrv/euEuhbOE,11102.000,MwfJUdRQPbSNr9Io,12380.000,2iset8PVX4jSTSEH,13123.000,YHloJXirCx60SFnV,13162.000,Do8hC1pw172W9xvw,,,,,,
0,2,2026-03-25T14:24:17.644Z,214.000,7,83.000,YHloJXirCx60SFnV,105.000,MwfJUdRQPbSNr9Io,107.000,02xuA6TviChey6nJ,109.000,obTLIQc2u6K1oipM,110.000,Kxg/hrv/euEuhbOE,168.000,2iset8PVX4jSTSEH,214.000,Do8hC1pw172W9xvw,,,,,,
0,3,2026-03-25T14:24:17.858Z,237.000,7,64.000,YHloJXirCx60SFnV,102.000,obTLIQc2u6K1oipM,104.000,MwfJUdRQPbSNr9Io,106.000,02xuA6TviChey6nJ,110.000,Kxg/hrv/euEuhbOE,162.000,2iset8PVX4jSTSEH,237.000,Do8hC1pw172W9xvw,,,,,,
0,4,2026-03-25T14:24:18.095Z,206.000,7,84.000,YHloJXirCx60SFnV,90.000,obTLIQc2u6K1oipM,100.000,02xuA6TviChey6nJ,116.000,Kxg/hrv/euEuhbOE,117.000,MwfJUdRQPbSNr9Io,178.000,2iset8PVX4jSTSEH,206.000,Do8hC1pw172W9xvw,,,,,,
0,5,2026-03-25T14:24:18.301Z,216.000,8,82.000,YHloJXirCx60SFnV,105.000,obTLIQc2u6K1oipM,111.000,Kxg/hrv/euEuhbOE,116.000,MwfJUdRQPbSNr9Io,117.000,2iset8PVX4jSTSEH,124.000,02xuA6TviChey6nJ,216.000,Do8hC1pw172W9xvw,305.000,2N4uTfQs/yo3mBYi,,,,
0,6,2026-03-25T14:24:18.517Z,166.000,8,64.000,YHloJXirCx60SFnV,82.000,obTLIQc2u6K1oipM,86.000,Kxg/hrv/euEuhbOE,94.000,2iset8PVX4jSTSEH,103.000,02xuA6TviChey6nJ,118.000,MwfJUdRQPbSNr9Io,166.000,Do8hC1pw172W9xvw,234.000,2N4uTfQs/yo3mBYi,,,,
0,7,2026-03-25T14:24:18.683Z,234.000,8,101.000,YHloJXirCx60SFnV,131.000,Kxg/hrv/euEuhbOE,137.000,02xuA6TviChey6nJ,150.000,MwfJUdRQPbSNr9Io,163.000,obTLIQc2u6K1oipM,181.000,2iset8PVX4jSTSEH,233.000,Do8hC1pw172W9xvw,253.000,2N4uTfQs/yo3mBYi,,,,
0,8,2026-03-25T14:24:18.917Z,171.000,9,55.000,YHloJXirCx60SFnV,86.000,obTLIQc2u6K1oipM,93.000,MwfJUdRQPbSNr9Io,98.000,02xuA6TviChey6nJ,100.000,Kxg/hrv/euEuhbOE,104.000,2iset8PVX4jSTSEH,171.000,Nsmpq/og5cO95HwJ,179.000,Do8hC1pw172W9xvw,230.000,2N4uTfQs/yo3mBYi,,
0,9,2026-03-25T14:24:19.088Z,152.000,9,104.000,YHloJXirCx60SFnV,123.000,2iset8PVX4jSTSEH,125.000,Kxg/hrv/euEuhbOE,127.000,MwfJUdRQPbSNr9Io,129.000,obTLIQc2u6K1oipM,150.000,Nsmpq/og5cO95HwJ,152.000,02xuA6TviChey6nJ,189.000,Do8hC1pw172W9xvw,245.000,2N4uTfQs/yo3mBYi,,
0,10,2026-03-25T14:24:19.240Z,179.000,9,134.000,YHloJXirCx60SFnV,169.000,Nsmpq/og5cO95HwJ,171.000,Kxg/hrv/euEuhbOE,173.000,02xuA6TviChey6nJ,174.000,MwfJUdRQPbSNr9Io,178.000,obTLIQc2u6K1oipM,179.000,2iset8PVX4jSTSEH,247.000,Do8hC1pw172W9xvw,308.000,2N4uTfQs/yo3mBYi,,
0,11,2026-03-25T14:24:19.419Z,228.000,9,167.000,YHloJXirCx60SFnV,186.000,2iset8PVX4jSTSEH,188.000,Kxg/hrv/euEuhbOE,193.000,MwfJUdRQPbSNr9Io,201.000,obTLIQc2u6K1oipM,209.000,Nsmpq/og5cO95HwJ,228.000,02xuA6TviChey6nJ,271.000,Do8hC1pw172W9xvw,332.000,2N4uTfQs/yo3mBYi,,
0,12,2026-03-25T14:24:19.647Z,188.000,9,145.000,YHloJXirCx60SFnV,169.000,MwfJUdRQPbSNr9Io,171.000,obTLIQc2u6K1oipM,175.000,02xuA6TviChey6nJ,176.000,Nsmpq/og5cO95HwJ,178.000,Kxg/hrv/euEuhbOE,188.000,2iset8PVX4jSTSEH,243.000,Do8hC1pw172W9xvw,275.000,2N4uTfQs/yo3mBYi,,
0,13,2026-03-25T14:24:19.835Z,198.000,9,151.000,YHloJXirCx60SFnV,172.000,obTLIQc2u6K1oipM,179.000,MwfJUdRQPbSNr9Io,184.000,02xuA6TviChey6nJ,187.000,2iset8PVX4jSTSEH,192.000,Kxg/hrv/euEuhbOE,198.000,Nsmpq/og5cO95HwJ,249.000,Do8hC1pw172W9xvw,308.000,2N4uTfQs/yo3mBYi,,
0,14,2026-03-25T14:24:20.033Z,203.000,9,156.000,YHloJXirCx60SFnV,180.000,2iset8PVX4jSTSEH,187.000,MwfJUdRQPbSNr9Io,189.000,obTLIQc2u6K1oipM,199.000,02xuA6TviChey6nJ,201.000,Kxg/hrv/euEuhbOE,203.000,Nsmpq/og5cO95HwJ,258.000,Do8hC1pw172W9xvw,296.000,2N4uTfQs/yo3mBYi,,
0,15,2026-03-25T14:24:20.236Z,214.000,10,155.000,YHloJXirCx60SFnV,191.000,Kxg/hrv/euEuhbOE,194.000,02xuA6TviChey6nJ,195.000,obTLIQc2u6K1oipM,196.000,MwfJUdRQPbSNr9Io,198.000,Nsmpq/og5cO95HwJ,214.000,2iset8PVX4jSTSEH,255.000,Do8hC1pw172W9xvw,300.000,2N4uTfQs/yo3mBYi,375.000,uT1RCshO88YMpxwE
0,16,2026-03-25T14:24:20.450Z,187.000,10,143.000,YHloJXirCx60SFnV,169.000,Nsmpq/og5cO95HwJ,176.000,2iset8PVX4jSTSEH,178.000,obTLIQc2u6K1oipM,180.000,MwfJUdRQPbSNr9Io,185.000,Kxg/hrv/euEuhbOE,186.000,02xuA6TviChey6nJ,230.000,Do8hC1pw172W9xvw,288.000,uT1RCshO88YMpxwE,291.000,2N4uTfQs/yo3mBYi
0,17,2026-03-25T14:24:20.637Z,197.000,10,152.000,YHloJXirCx60SFnV,168.000,obTLIQc2u6K1oipM,182.000,Kxg/hrv/euEuhbOE,186.000,MwfJUdRQPbSNr9Io,189.000,02xuA6TviChey6nJ,190.000,2iset8PVX4jSTSEH,197.000,Nsmpq/og5cO95HwJ,248.000,Do8hC1pw172W9xvw,290.000,2N4uTfQs/yo3mBYi,292.000,uT1RCshO88YMpxwE
0,18,2026-03-25T14:24:20.834Z,237.000,10,165.000,YHloJXirCx60SFnV,179.000,MwfJUdRQPbSNr9Io,192.000,Nsmpq/og5cO95HwJ,194.000,obTLIQc2u6K1oipM,197.000,2iset8PVX4jSTSEH,205.000,Kxg/hrv/euEuhbOE,237.000,02xuA6TviChey6nJ,248.000,Do8hC1pw172W9xvw,281.000,2N4uTfQs/yo3mBYi,285.000,uT1RCshO88YMpxwE
0,19,2026-03-25T14:24:21.071Z,165.000,10,122.000,YHloJXirCx60SFnV,145.000,MwfJUdRQPbSNr9Io,153.000,Kxg/hrv/euEuhbOE,160.000,Nsmpq/og5cO95HwJ,162.000,2iset8PVX4jSTSEH,164.000,obTLIQc2u6K1oipM,165.000,02xuA6TviChey6nJ,217.000,Do8hC1pw172W9xvw,252.000,2N4uTfQs/yo3mBYi,257.000,uT1RCshO88YMpxwE
0,20,2026-03-25T14:24:21.236Z,198.000,10,156.000,YHloJXirCx60SFnV,177.000,MwfJUdRQPbSNr9Io,179.000,obTLIQc2u6K1oipM,184.000,2iset8PVX4jSTSEH,195.000,Nsmpq/og5cO95HwJ,197.000,02xuA6TviChey6nJ,198.000,Kxg/hrv/euEuhbOE,257.000,Do8hC1pw172W9xvw,296.000,2N4uTfQs/yo3mBYi,318.000,uT1RCshO88YMpxwE
0,21,2026-03-25T14:24:21.434Z,221.000,10,166.000,YHloJXirCx60SFnV,178.000,obTLIQc2u6K1oipM,188.000,Kxg/hrv/euEuhbOE,203.000,02xuA6TviChey6nJ,204.000,2iset8PVX4jSTSEH,210.000,Nsmpq/og5cO95HwJ,220.000,MwfJUdRQPbSNr9Io,256.000,Do8hC1pw172W9xvw,286.000,2N4uTfQs/yo3mBYi,306.000,uT1RCshO88YMpxwE
0,22,2026-03-25T14:24:21.655Z,193.000,10,139.000,YHloJXirCx60SFnV,169.000,Kxg/hrv/euEuhbOE,174.000,obTLIQc2u6K1oipM,175.000,2iset8PVX4jSTSEH,177.000,MwfJUdRQPbSNr9Io,187.000,Nsmpq/og5cO95HwJ,193.000,02xuA6TviChey6nJ,238.000,Do8hC1pw172W9xvw,273.000,2N4uTfQs/yo3mBYi,295.000,uT1RCshO88YMpxwE
0,23,2026-03-25T14:24:21.848Z,200.000,10,146.000,YHloJXirCx60SFnV,180.000,MwfJUdRQPbSNr9Io,181.000,Nsmpq/og5cO95HwJ,183.000,Kxg/hrv/euEuhbOE,190.000,02xuA6TviChey6nJ,197.000,obTLIQc2u6K1oipM,199.000,2iset8PVX4jSTSEH,246.000,Do8hC1pw172W9xvw,277.000,2N4uTfQs/yo3mBYi,308.000,uT1RCshO88YMpxwE
0,24,2026-03-25T14:24:22.048Z,205.000,9,154.000,YHloJXirCx60SFnV,179.000,obTLIQc2u6K1oipM,180.000,Kxg/hrv/euEuhbOE,196.000,MwfJUdRQPbSNr9Io,197.000,2iset8PVX4jSTSEH,202.000,Nsmpq/og5cO95HwJ,205.000,02xuA6TviChey6nJ,256.000,Do8hC1pw172W9xvw,301.000,uT1RCshO88YMpxwE,,
0,25,2026-03-25T14:24:22.253Z,182.000,10,73.000,2N4uTfQs/yo3mBYi,144.000,YHloJXirCx60SFnV,168.000,obTLIQc2u6K1oipM,175.000,2iset8PVX4jSTSEH,176.000,02xuA6TviChey6nJ,181.000,Nsmpq/og5cO95HwJ,182.000,MwfJUdRQPbSNr9Io,193.000,Kxg/hrv/euEuhbOE,240.000,Do8hC1pw172W9xvw,281.000,uT1RCshO88YMpxwE
0,26,2026-03-25T14:24:22.435Z,207.000,9,97.000,2N4uTfQs/yo3mBYi,160.000,YHloJXirCx60SFnV,195.000,obTLIQc2u6K1oipM,197.000,02xuA6TviChey6nJ,198.000,Nsmpq/og5cO95HwJ,284.000,Kxg/hrv/euEuhbOE,318.000,2iset8PVX4jSTSEH,277.000,MwfJUdRQPbSNr9Io,323.000,uT1RCshO88YMpxwE,,
0,27,2026-03-25T14:24:22.642Z,188.000,9,60.000,Do8hC1pw172W9xvw,84.000,2N4uTfQs/yo3mBYi,148.000,YHloJXirCx60SFnV,175.000,obTLIQc2u6K1oipM,177.000,Nsmpq/og5cO95HwJ,183.000,MwfJUdRQPbSNr9Io,188.000,Kxg/hrv/euEuhbOE,191.000,2iset8PVX4jSTSEH,261.000,02xuA6TviChey6nJ,,
0,28,2026-03-25T14:24:22.830Z,211.000,10,70.000,Do8hC1pw172W9xvw,112.000,uT1RCshO88YMpxwE,120.000,2N4uTfQs/yo3mBYi,163.000,YHloJXirCx60SFnV,201.000,Nsmpq/og5cO95HwJ,203.000,obTLIQc2u6K1oipM,211.000,Kxg/hrv/euEuhbOE,213.000,MwfJUdRQPbSNr9Io,217.000,2iset8PVX4jSTSEH,257.000,02xuA6TviChey6nJ
0,29,2026-03-25T14:24:23.041Z,198.000,10,60.000,Do8hC1pw172W9xvw,92.000,2N4uTfQs/yo3mBYi,123.000,uT1RCshO88YMpxwE,161.000,YHloJXirCx60SFnV,167.000,Kxg/hrv/euEuhbOE,190.000,obTLIQc2u6K1oipM,198.000,02xuA6TviChey6nJ,199.000,MwfJUdRQPbSNr9Io,200.000,2iset8PVX4jSTSEH,204.000,Nsmpq/og5cO95HwJ
0,30,2026-03-25T14:24:23.239Z,208.000,10,69.000,Do8hC1pw172W9xvw,93.000,2N4uTfQs/yo3mBYi,162.000,uT1RCshO88YMpxwE,168.000,YHloJXirCx60SFnV,201.000,obTLIQc2u6K1oipM,206.000,MwfJUdRQPbSNr9Io,208.000,Kxg/hrv/euEuhbOE,214.000,02xuA6TviChey6nJ,215.000,2iset8PVX4jSTSEH,216.000,Nsmpq/og5cO95HwJ
0,31,2026-03-25T14:24:23.447Z,198.000,10,70.000,Do8hC1pw172W9xvw,82.000,2N4uTfQs/yo3mBYi,94.000,uT1RCshO88YMpxwE,152.000,YHloJXirCx60SFnV,181.000,2iset8PVX4jSTSEH,192.000,obTLIQc2u6K1oipM,198.000,Kxg/hrv/euEuhbOE,294.000,Nsmpq/og5cO95HwJ,255.000,02xuA6TviChey6nJ,256.000,MwfJUdRQPbSNr9Io
0,32,2026-03-25T14:24:23.645Z,196.000,10,65.000,Do8hC1pw172W9xvw,88.000,2N4uTfQs/yo3mBYi,113.000,uT1RCshO88YMpxwE,159.000,YHloJXirCx60SFnV,180.000,02xuA6TviChey6nJ,193.000,MwfJUdRQPbSNr9Io,196.000,Kxg/hrv/euEuhbOE,204.000,obTLIQc2u6K1oipM,207.000,2iset8PVX4jSTSEH,210.000,Nsmpq/og5cO95HwJ
0,33,2026-03-25T14:24:23.841Z,196.000,10,60.000,Do8hC1pw172W9xvw,93.000,2N4uTfQs/yo3mBYi,116.000,uT1RCshO88YMpxwE,160.000,YHloJXirCx60SFnV,189.000,MwfJUdRQPbSNr9Io,190.000,obTLIQc2u6K1oipM,195.000,Kxg/hrv/euEuhbOE,199.000,2iset8PVX4jSTSEH,208.000,Nsmpq/og5cO95HwJ,214.000,02xuA6TviChey6nJ
0,34,2026-03-25T14:24:24.037Z,208.000,10,60.000,Do8hC1pw172W9xvw,86.000,uT1RCshO88YMpxwE,115.000,2N4uTfQs/yo3mBYi,184.000,YHloJXirCx60SFnV,189.000,obTLIQc2u6K1oipM,204.000,MwfJUdRQPbSNr9Io,208.000,Kxg/hrv/euEuhbOE,211.000,2iset8PVX4jSTSEH,225.000,02xuA6TviChey6nJ,257.000,Nsmpq/og5cO95HwJ
0,35,2026-03-25T14:24:24.245Z,211.000,10,58.000,Do8hC1pw172W9xvw,88.000,uT1RCshO88YMpxwE,95.000,2N4uTfQs/yo3mBYi,163.000,YHloJXirCx60SFnV,206.000,obTLIQc2u6K1oipM,210.000,02xuA6TviChey6nJ,211.000,2iset8PVX4jSTSEH,299.000,Nsmpq/og5cO95HwJ,219.000,Kxg/hrv/euEuhbOE,257.000,MwfJUdRQPbSNr9Io
0,36,2026-03-25T14:24:24.456Z,199.000,10,56.000,Do8hC1pw172W9xvw,62.000,uT1RCshO88YMpxwE,73.000,2N4uTfQs/yo3mBYi,160.000,YHloJXirCx60SFnV,181.000,MwfJUdRQPbSNr9Io,192.000,Kxg/hrv/euEuhbOE,265.000,obTLIQc2u6K1oipM,201.000,Nsmpq/og5cO95HwJ,224.000,02xuA6TviChey6nJ,230.000,2iset8PVX4jSTSEH
0,37,2026-03-25T14:24:24.655Z,195.000,10,57.000,Do8hC1pw172W9xvw,82.000,2N4uTfQs/yo3mBYi,86.000,uT1RCshO88YMpxwE,155.000,YHloJXirCx60SFnV,187.000,Nsmpq/og5cO95HwJ,189.000,obTLIQc2u6K1oipM,195.000,Kxg/hrv/euEuhbOE,197.000,MwfJUdRQPbSNr9Io,201.000,2iset8PVX4jSTSEH,206.000,02xuA6TviChey6nJ
0,38,2026-03-25T14:24:24.850Z,200.000,10,57.000,Do8hC1pw172W9xvw,88.000,2N4uTfQs/yo3mBYi,127.000,uT1RCshO88YMpxwE,168.000,YHloJXirCx60SFnV,189.000,2iset8PVX4jSTSEH,199.000,MwfJUdRQPbSNr9Io,200.000,02xuA6TviChey6nJ,202.000,Nsmpq/og5cO95HwJ,206.000,Kxg/hrv/euEuhbOE,220.000,obTLIQc2u6K1oipM
0,39,2026-03-25T14:24:25.050Z,207.000,10,61.000,Do8hC1pw172W9xvw,78.000,uT1RCshO88YMpxwE,93.000,2N4uTfQs/yo3mBYi,162.000,YHloJXirCx60SFnV,195.000,2iset8PVX4jSTSEH,197.000,obTLIQc2u6K1oipM,207.000,Kxg/hrv/euEuhbOE,208.000,02xuA6TviChey6nJ,212.000,MwfJUdRQPbSNr9Io,254.000,Nsmpq/og5cO95HwJ
0,40,2026-03-25T14:24:25.257Z,195.000,10,53.000,Do8hC1pw172W9xvw,96.000,2N4uTfQs/yo3mBYi,116.000,uT1RCshO88YMpxwE,158.000,YHloJXirCx60SFnV,181.000,obTLIQc2u6K1oipM,188.000,2iset8PVX4jSTSEH,195.000,02xuA6TviChey6nJ,197.000,Nsmpq/og5cO95HwJ,203.000,MwfJUdRQPbSNr9Io,215.000,Kxg/hrv/euEuhbOE
0,41,2026-03-25T14:24:25.452Z,193.000,10,64.000,Do8hC1pw172W9xvw,94.000,2N4uTfQs/yo3mBYi,113.000,uT1RCshO88YMpxwE,159.000,YHloJXirCx60SFnV,188.000,MwfJUdRQPbSNr9Io,191.000,Kxg/hrv/euEuhbOE,193.000,obTLIQc2u6K1oipM,194.000,2iset8PVX4jSTSEH,202.000,Nsmpq/og5cO95HwJ,206.000,02xuA6TviChey6nJ
0,42,2026-03-25T14:24:25.645Z,204.000,10,73.000,Do8hC1pw172W9xvw,93.000,2N4uTfQs/yo3mBYi,134.000,uT1RCshO88YMpxwE,168.000,YHloJXirCx60SFnV,192.000,2iset8PVX4jSTSEH,203.000,Nsmpq/og5cO95HwJ,204.000,obTLIQc2u6K1oipM,209.000,MwfJUdRQPbSNr9Io,210.000,Kxg/hrv/euEuhbOE,220.000,02xuA6TviChey6nJ
0,43,2026-03-25T14:24:25.849Z,210.000,10,58.000,Do8hC1pw172W9xvw,106.000,2N4uTfQs/yo3mBYi,123.000,uT1RCshO88YMpxwE,169.000,YHloJXirCx60SFnV,198.000,obTLIQc2u6K1oipM,206.000,2iset8PVX4jSTSEH,210.000,MwfJUdRQPbSNr9Io,213.000,Kxg/hrv/euEuhbOE,216.000,02xuA6TviChey6nJ,219.000,Nsmpq/og5cO95HwJ
0,44,2026-03-25T14:24:26.059Z,193.000,10,65.000,Do8hC1pw172W9xvw,84.000,2N4uTfQs/yo3mBYi,112.000,uT1RCshO88YMpxwE,158.000,YHloJXirCx60SFnV,186.000,MwfJUdRQPbSNr9Io,192.000,obTLIQc2u6K1oipM,193.000,Nsmpq/og5cO95HwJ,199.000,2iset8PVX4jSTSEH,251.000,02xuA6TviChey6nJ,284.000,Kxg/hrv/euEuhbOE
0,45,2026-03-25T14:24:26.252Z,209.000,10,67.000,Do8hC1pw172W9xvw,89.000,uT1RCshO88YMpxwE,97.000,2N4uTfQs/yo3mBYi,166.000,YHloJXirCx60SFnV,198.000,obTLIQc2u6K1oipM,203.000,Nsmpq/og5cO95HwJ,208.000,Kxg/hrv/euEuhbOE,219.000,02xuA6TviChey6nJ,222.000,MwfJUdRQPbSNr9Io,255.000,2iset8PVX4jSTSEH
0,46,2026-03-25T14:24:26.461Z,194.000,10,51.000,Do8hC1pw172W9xvw,74.000,uT1RCshO88YMpxwE,88.000,2N4uTfQs/yo3mBYi,161.000,YHloJXirCx60SFnV,178.000,02xuA6TviChey6nJ,189.000,obTLIQc2u6K1oipM,194.000,2iset8PVX4jSTSEH,195.000,Nsmpq/og5cO95HwJ,196.000,Kxg/hrv/euEuhbOE,205.000,MwfJUdRQPbSNr9Io
0,47,2026-03-25T14:24:26.655Z,209.000,10,72.000,Do8hC1pw172W9xvw,95.000,uT1RCshO88YMpxwE,100.000,2N4uTfQs/yo3mBYi,178.000,YHloJXirCx60SFnV,199.000,obTLIQc2u6K1oipM,204.000,02xuA6TviChey6nJ,209.000,MwfJUdRQPbSNr9Io,214.000,Nsmpq/og5cO95HwJ,223.000,2iset8PVX4jSTSEH,227.000,Kxg/hrv/euEuhbOE
0,48,2026-03-25T14:24:26.864Z,195.000,10,57.000,Do8hC1pw172W9xvw,91.000,2N4uTfQs/yo3mBYi,96.000,uT1RCshO88YMpxwE,158.000,YHloJXirCx60SFnV,183.000,obTLIQc2u6K1oipM,188.000,02xuA6TviChey6nJ,195.000,Nsmpq/og5cO95HwJ,196.000,Kxg/hrv/euEuhbOE,202.000,MwfJUdRQPbSNr9Io,217.000,2iset8PVX4jSTSEH
0,49,2026-03-25T14:24:27.059Z,211.000,10,67.000,Do8hC1pw172W9xvw,97.000,2N4uTfQs/yo3mBYi,108.000,uT1RCshO88YMpxwE,171.000,YHloJXirCx60SFnV,202.000,Nsmpq/og5cO95HwJ,206.000,MwfJUdRQPbSNr9Io,211.000,2iset8PVX4jSTSEH,214.000,Kxg/hrv/euEuhbOE,217.000,obTLIQc2u6K1oipM,218.000,02xuA6TviChey6nJ
0,50,2026-03-25T14:24:27.270Z,196.000,10,60.000,Do8hC1pw172W9xvw,74.000,uT1RCshO88YMpxwE,91.000,2N4uTfQs/yo3mBYi,163.000,YHloJXirCx60SFnV,175.000,obTLIQc2u6K1oipM,190.000,MwfJUdRQPbSNr9Io,196.000,2iset8PVX4jSTSEH,203.000,Nsmpq/og5cO95HwJ,203.000,02xuA6TviChey6nJ,236.000,Kxg/hrv/euEuhbOE
0,51,2026-03-25T14:24:27.466Z,212.000,10,68.000,Do8hC1pw172W9xvw,84.000,uT1RCshO88YMpxwE,96.000,2N4uTfQs/yo3mBYi,170.000,YHloJXirCx60SFnV,200.000,Kxg/hrv/euEuhbOE,206.000,MwfJUdRQPbSNr9Io,212.000,02xuA6TviChey6nJ,214.000,2iset8PVX4jSTSEH,218.000,obTLIQc2u6K1oipM,246.000,Nsmpq/og5cO95HwJ
0,52,2026-03-25T14:24:27.678Z,192.000,10,39.000,Do8hC1pw172W9xvw,87.000,uT1RCshO88YMpxwE,89.000,2N4uTfQs/yo3mBYi,148.000,YHloJXirCx60SFnV,189.000,Kxg/hrv/euEuhbOE,190.000,2iset8PVX4jSTSEH,191.000,obTLIQc2u6K1oipM,194.000,MwfJUdRQPbSNr9Io,196.000,Nsmpq/og5cO95HwJ,205.000,02xuA6TviChey6nJ
0,53,2026-03-25T14:24:27.870Z,212.000,10,55.000,Do8hC1pw172W9xvw,84.000,2N4uTfQs/yo3mBYi,97.000,uT1RCshO88YMpxwE,161.000,obTLIQc2u6K1oipM,176.000,YHloJXirCx60SFnV,188.000,Nsmpq/og5cO95HwJ,256.000,2iset8PVX4jSTSEH,292.000,Kxg/hrv/euEuhbOE,221.000,MwfJUdRQPbSNr9Io,228.000,02xuA6TviChey6nJ
0,54,2026-03-25T14:24:28.082Z,191.000,10,40.000,Do8hC1pw172W9xvw,65.000,uT1RCshO88YMpxwE,85.000,2N4uTfQs/yo3mBYi,154.000,YHloJXirCx60SFnV,175.000,2iset8PVX4jSTSEH,178.000,obTLIQc2u6K1oipM,191.000,Kxg/hrv/euEuhbOE,297.000,MwfJUdRQPbSNr9Io,239.000,02xuA6TviChey6nJ,220.000,Nsmpq/og5cO95HwJ
0,55,2026-03-25T14:24:28.273Z,193.000,10,47.000,Do8hC1pw172W9xvw,79.000,uT1RCshO88YMpxwE,104.000,2N4uTfQs/yo3mBYi,151.000,YHloJXirCx60SFnV,166.000,obTLIQc2u6K1oipM,191.000,2iset8PVX4jSTSEH,193.000,02xuA6TviChey6nJ,200.000,MwfJUdRQPbSNr9Io,201.000,Kxg/hrv/euEuhbOE,208.000,Nsmpq/og5cO95HwJ
0,56,2026-03-25T14:24:28.466Z,193.000,10,53.000,Do8hC1pw172W9xvw,91.000,uT1RCshO88YMpxwE,101.000,2N4uTfQs/yo3mBYi,177.000,YHloJXirCx60SFnV,184.000,obTLIQc2u6K1oipM,186.000,2iset8PVX4jSTSEH,193.000,02xuA6TviChey6nJ,204.000,MwfJUdRQPbSNr9Io,301.000,Kxg/hrv/euEuhbOE,264.000,Nsmpq/og5cO95HwJ
0,57,2026-03-25T14:24:28.659Z,200.000,10,75.000,Do8hC1pw172W9xvw,99.000,uT1RCshO88YMpxwE,106.000,2N4uTfQs/yo3mBYi,181.000,YHloJXirCx60SFnV,192.000,2iset8PVX4jSTSEH,193.000,Nsmpq/og5cO95HwJ,200.000,MwfJUdRQPbSNr9Io,215.000,Kxg/hrv/euEuhbOE,217.000,02xuA6TviChey6nJ,227.000,obTLIQc2u6K1oipM
0,58,2026-03-25T14:24:28.859Z,212.000,10,73.000,Do8hC1pw172W9xvw,108.000,uT1RCshO88YMpxwE,109.000,2N4uTfQs/yo3mBYi,179.000,YHloJXirCx60SFnV,200.000,obTLIQc2u6K1oipM,211.000,2iset8PVX4jSTSEH,212.000,Nsmpq/og5cO95HwJ,219.000,MwfJUdRQPbSNr9Io,220.000,02xuA6TviChey6nJ,278.000,Kxg/hrv/euEuhbOE
0,59,2026-03-25T14:24:29.071Z,203.000,10,69.000,Do8hC1pw172W9xvw,83.000,uT1RCshO88YMpxwE,102.000,2N4uTfQs/yo3mBYi,167.000,YHloJXirCx60SFnV,193.000,2iset8PVX4jSTSEH,200.000,obTLIQc2u6K1oipM,203.000,Kxg/hrv/euEuhbOE,211.000,MwfJUdRQPbSNr9Io,214.000,Nsmpq/og5cO95HwJ,228.000,02xuA6TviChey6nJ
0,60,2026-03-25T14:24:29.274Z,201.000,10,61.000,Do8hC1pw172W9xvw,91.000,uT1RCshO88YMpxwE,105.000,2N4uTfQs/yo3mBYi,163.000,YHloJXirCx60SFnV,181.000,2iset8PVX4jSTSEH,196.000,02xuA6TviChey6nJ,201.000,obTLIQc2u6K1oipM,210.000,Nsmpq/og5cO95HwJ,214.000,Kxg/hrv/euEuhbOE,263.000,MwfJUdRQPbSNr9Io
0,61,2026-03-25T14:24:29.475Z,201.000,10,74.000,Do8hC1pw172W9xvw,76.000,uT1RCshO88YMpxwE,103.000,2N4uTfQs/yo3mBYi,162.000,YHloJXirCx60SFnV,198.000,obTLIQc2u6K1oipM,199.000,MwfJUdRQPbSNr9Io,200.000,Nsmpq/og5cO95HwJ,202.000,2iset8PVX4jSTSEH,216.000,Kxg/hrv/euEuhbOE,218.000,02xuA6TviChey6nJ
0,62,2026-03-25T14:24:29.676Z,195.000,10,65.000,Do8hC1pw172W9xvw,86.000,uT1RCshO88YMpxwE,94.000,2N4uTfQs/yo3mBYi,155.000,obTLIQc2u6K1oipM,171.000,YHloJXirCx60SFnV,188.000,MwfJUdRQPbSNr9Io,195.000,2iset8PVX4jSTSEH,203.000,Nsmpq/og5cO95HwJ,210.000,02xuA6TviChey6nJ,211.000,Kxg/hrv/euEuhbOE
0,63,2026-03-25T14:24:29.871Z,208.000,10,70.000,Do8hC1pw172W9xvw,93.000,uT1RCshO88YMpxwE,99.000,2N4uTfQs/yo3mBYi,172.000,obTLIQc2u6K1oipM,180.000,YHloJXirCx60SFnV,188.000,02xuA6TviChey6nJ,208.000,2iset8PVX4jSTSEH,215.000,Nsmpq/og5cO95HwJ,221.000,Kxg/hrv/euEuhbOE,223.000,MwfJUdRQPbSNr9Io
0,64,2026-03-25T14:24:30.079Z,191.000,10,62.000,Do8hC1pw172W9xvw,86.000,uT1RCshO88YMpxwE,96.000,2N4uTfQs/yo3mBYi,162.000,YHloJXirCx60SFnV,186.000,Kxg/hrv/euEuhbOE,189.000,2iset8PVX4jSTSEH,191.000,obTLIQc2u6K1oipM,199.000,02xuA6TviChey6nJ,206.000,Nsmpq/og5cO95HwJ,211.000,MwfJUdRQPbSNr9Io
0,65,2026-03-25T14:24:30.270Z,206.000,10,88.000,Do8hC1pw172W9xvw,111.000,2N4uTfQs/yo3mBYi,127.000,uT1RCshO88YMpxwE,170.000,YHloJXirCx60SFnV,191.000,Nsmpq/og5cO95HwJ,205.000,MwfJUdRQPbSNr9Io,206.000,obTLIQc2u6K1oipM,214.000,2iset8PVX4jSTSEH,218.000,Kxg/hrv/euEuhbOE,249.000,02xuA6TviChey6nJ
0,66,2026-03-25T14:24:30.476Z,202.000,10,71.000,Do8hC1pw172W9xvw,101.000,2N4uTfQs/yo3mBYi,153.000,uT1RCshO88YMpxwE,174.000,YHloJXirCx60SFnV,185.000,obTLIQc2u6K1oipM,200.000,MwfJUdRQPbSNr9Io,202.000,Nsmpq/og5cO95HwJ,216.000,Kxg/hrv/euEuhbOE,217.000,02xuA6TviChey6nJ,250.000,2iset8PVX4jSTSEH
0,67,2026-03-25T14:24:30.678Z,210.000,10,69.000,Do8hC1pw172W9xvw,91.000,uT1RCshO88YMpxwE,98.000,2N4uTfQs/yo3mBYi,168.000,YHloJXirCx60SFnV,195.000,Nsmpq/og5cO95HwJ,197.000,obTLIQc2u6K1oipM,209.000,Kxg/hrv/euEuhbOE,213.000,MwfJUdRQPbSNr9Io,267.000,2iset8PVX4jSTSEH,314.000,02xuA6TviChey6nJ
0,68,2026-03-25T14:24:30.888Z,187.000,10,49.000,Do8hC1pw172W9xvw,77.000,uT1RCshO88YMpxwE,90.000,2N4uTfQs/yo3mBYi,151.000,YHloJXirCx60SFnV,181.000,obTLIQc2u6K1oipM,186.000,02xuA6TviChey6nJ,187.000,2iset8PVX4jSTSEH,194.000,Nsmpq/og5cO95HwJ,200.000,Kxg/hrv/euEuhbOE,202.000,MwfJUdRQPbSNr9Io
0,69,2026-03-25T14:24:31.075Z,206.000,10,73.000,Do8hC1pw172W9xvw,94.000,uT1RCshO88YMpxwE,108.000,2N4uTfQs/yo3mBYi,168.000,YHloJXirCx60SFnV,200.000,MwfJUdRQPbSNr9Io,205.000,Kxg/hrv/euEuhbOE,206.000,Nsmpq/og5cO95HwJ,207.000,obTLIQc2u6K1oipM,219.000,2iset8PVX4jSTSEH,224.000,02xuA6TviChey6nJ
0,70,2026-03-25T14:24:31.281Z,212.000,10,75.000,Do8hC1pw172W9xvw,84.000,uT1RCshO88YMpxwE,111.000,2N4uTfQs/yo3mBYi,164.000,YHloJXirCx60SFnV,189.000,MwfJUdRQPbSNr9Io,205.000,Nsmpq/og5cO95HwJ,211.000,Kxg/hrv/euEuhbOE,213.000,obTLIQc2u6K1oipM,219.000,02xuA6TviChey6nJ,269.000,2iset8PVX4jSTSEH
0,71,2026-03-25T14:24:31.493Z,200.000,10,67.000,Do8hC1pw172W9xvw,76.000,uT1RCshO88YMpxwE,95.000,2N4uTfQs/yo3mBYi,159.000,YHloJXirCx60SFnV,176.000,Kxg/hrv/euEuhbOE,190.000,MwfJUdRQPbSNr9Io,200.000,obTLIQc2u6K1oipM,203.000,Nsmpq/og5cO95HwJ,204.000,2iset8PVX4jSTSEH,219.000,02xuA6TviChey6nJ
0,72,2026-03-25T14:24:31.693Z,200.000,10,68.000,Do8hC1pw172W9xvw,86.000,2N4uTfQs/yo3mBYi,87.000,uT1RCshO88YMpxwE,161.000,YHloJXirCx60SFnV,187.000,obTLIQc2u6K1oipM,193.000,Kxg/hrv/euEuhbOE,200.000,02xuA6TviChey6nJ,202.000,Nsmpq/og5cO95HwJ,203.000,2iset8PVX4jSTSEH,218.000,MwfJUdRQPbSNr9Io
0,73,2026-03-25T14:24:31.893Z,189.000,10,71.000,Do8hC1pw172W9xvw,73.000,uT1RCshO88YMpxwE,100.000,2N4uTfQs/yo3mBYi,163.000,YHloJXirCx60SFnV,169.000,02xuA6TviChey6nJ,187.000,obTLIQc2u6K1oipM,189.000,Kxg/hrv/euEuhbOE,197.000,Nsmpq/og5cO95HwJ,204.000,2iset8PVX4jSTSEH,206.000,MwfJUdRQPbSNr9Io
0,74,2026-03-25T14:24:32.082Z,218.000,10,68.000,Do8hC1pw172W9xvw,84.000,uT1RCshO88YMpxwE,109.000,2N4uTfQs/yo3mBYi,177.000,YHloJXirCx60SFnV,199.000,obTLIQc2u6K1oipM,201.000,2iset8PVX4jSTSEH,218.000,02xuA6TviChey6nJ,219.000,Nsmpq/og5cO95HwJ,266.000,MwfJUdRQPbSNr9Io,304.000,Kxg/hrv/euEuhbOE
0,75,2026-03-25T14:24:32.300Z,196.000,10,58.000,Do8hC1pw172W9xvw,74.000,uT1RCshO88YMpxwE,89.000,2N4uTfQs/yo3mBYi,155.000,YHloJXirCx60SFnV,187.000,obTLIQc2u6K1oipM,195.000,2iset8PVX4jSTSEH,196.000,MwfJUdRQPbSNr9Io,202.000,Nsmpq/og5cO95HwJ,204.000,02xuA6TviChey6nJ,209.000,Kxg/hrv/euEuhbOE
0,76,2026-03-25T14:24:32.496Z,203.000,10,65.000,Do8hC1pw172W9xvw,79.000,uT1RCshO88YMpxwE,85.000,2N4uTfQs/yo3mBYi,158.000,YHloJXirCx60SFnV,194.000,obTLIQc2u6K1oipM,199.000,MwfJUdRQPbSNr9Io,203.000,Kxg/hrv/euEuhbOE,206.000,02xuA6TviChey6nJ,207.000,2iset8PVX4jSTSEH,249.000,Nsmpq/og5cO95HwJ
0,77,2026-03-25T14:24:32.699Z,192.000,10,51.000,Do8hC1pw172W9xvw,84.000,uT1RCshO88YMpxwE,85.000,2N4uTfQs/yo3mBYi,153.000,YHloJXirCx60SFnV,181.000,Kxg/hrv/euEuhbOE,183.000,obTLIQc2u6K1oipM,192.000,MwfJUdRQPbSNr9Io,193.000,Nsmpq/og5cO95HwJ,202.000,02xuA6TviChey6nJ,218.000,2iset8PVX4jSTSEH
0,78,2026-03-25T14:24:32.891Z,209.000,10,85.000,uT1RCshO88YMpxwE,86.000,Do8hC1pw172W9xvw,97.000,2N4uTfQs/yo3mBYi,173.000,YHloJXirCx60SFnV,203.000,MwfJUdRQPbSNr9Io,207.000,Kxg/hrv/euEuhbOE,209.000,obTLIQc2u6K1oipM,213.000,2iset8PVX4jSTSEH,213.000,Nsmpq/og5cO95HwJ,258.000,02xuA6TviChey6nJ
0,79,2026-03-25T14:24:33.100Z,193.000,10,61.000,Do8hC1pw172W9xvw,85.000,uT1RCshO88YMpxwE,94.000,2N4uTfQs/yo3mBYi,155.000,YHloJXirCx60SFnV,183.000,obTLIQc2u6K1oipM,190.000,Nsmpq/og5cO95HwJ,193.000,MwfJUdRQPbSNr9Io,195.000,2iset8PVX4jSTSEH,251.000,02xuA6TviChey6nJ,282.000,Kxg/hrv/euEuhbOE
0,80,2026-03-25T14:24:33.293Z,195.000,10,75.000,Do8hC1pw172W9xvw,87.000,uT1RCshO88YMpxwE,105.000,2N4uTfQs/yo3mBYi,172.000,YHloJXirCx60SFnV,178.000,2iset8PVX4jSTSEH,191.000,obTLIQc2u6K1oipM,195.000,Nsmpq/og5cO95HwJ,208.000,MwfJUdRQPbSNr9Io,215.000,Kxg/hrv/euEuhbOE,228.000,02xuA6TviChey6nJ
0,81,2026-03-25T14:24:33.488Z,201.000,10,62.000,Do8hC1pw172W9xvw,85.000,uT1RCshO88YMpxwE,117.000,2N4uTfQs/yo3mBYi,171.000,YHloJXirCx60SFnV,187.000,obTLIQc2u6K1oipM,200.000,Nsmpq/og5cO95HwJ,201.000,2iset8PVX4jSTSEH,204.000,Kxg/hrv/euEuhbOE,205.000,MwfJUdRQPbSNr9Io,227.000,02xuA6TviChey6nJ
0,82,2026-03-25T14:24:33.689Z,196.000,10,76.000,Do8hC1pw172W9xvw,91.000,uT1RCshO88YMpxwE,106.000,2N4uTfQs/yo3mBYi,186.000,MwfJUdRQPbSNr9Io,187.000,YHloJXirCx60SFnV,190.000,obTLIQc2u6K1oipM,196.000,Nsmpq/og5cO95HwJ,210.000,Kxg/hrv/euEuhbOE,222.000,2iset8PVX4jSTSEH,229.000,02xuA6TviChey6nJ
0,83,2026-03-25T14:24:33.885Z,208.000,10,75.000,Do8hC1pw172W9xvw,104.000,uT1RCshO88YMpxwE,127.000,2N4uTfQs/yo3mBYi,179.000,YHloJXirCx60SFnV,195.000,MwfJUdRQPbSNr9Io,204.000,2iset8PVX4jSTSEH,208.000,obTLIQc2u6K1oipM,209.000,02xuA6TviChey6nJ,214.000,Kxg/hrv/euEuhbOE,220.000,Nsmpq/og5cO95HwJ
0,84,2026-03-25T14:24:34.093Z,213.000,10,71.000,Do8hC1pw172W9xvw,92.000,uT1RCshO88YMpxwE,115.000,2N4uTfQs/yo3mBYi,182.000,YHloJXirCx60SFnV,194.000,obTLIQc2u6K1oipM,204.000,MwfJUdRQPbSNr9Io,213.000,2iset8PVX4jSTSEH,219.000,Nsmpq/og5cO95HwJ,227.000,02xuA6TviChey6nJ,230.000,Kxg/hrv/euEuhbOE
0,85,2026-03-25T14:24:34.306Z,185.000,10,53.000,Do8hC1pw172W9xvw,82.000,uT1RCshO88YMpxwE,94.000,2N4uTfQs/yo3mBYi,167.000,MwfJUdRQPbSNr9Io,177.000,obTLIQc2u6K1oipM,180.000,YHloJXirCx60SFnV,185.000,Kxg/hrv/euEuhbOE,198.000,02xuA6TviChey6nJ,208.000,Nsmpq/og5cO95HwJ,210.000,2iset8PVX4jSTSEH
0,86,2026-03-25T14:24:34.491Z,206.000,10,72.000,Do8hC1pw172W9xvw,105.000,uT1RCshO88YMpxwE,110.000,2N4uTfQs/yo3mBYi,185.000,YHloJXirCx60SFnV,195.000,MwfJUdRQPbSNr9Io,196.000,2iset8PVX4jSTSEH,206.000,02xuA6TviChey6nJ,207.000,obTLIQc2u6K1oipM,209.000,Kxg/hrv/euEuhbOE,221.000,Nsmpq/og5cO95HwJ
0,87,2026-03-25T14:24:34.697Z,215.000,10,82.000,Do8hC1pw172W9xvw,95.000,uT1RCshO88YMpxwE,110.000,2N4uTfQs/yo3mBYi,178.000,YHloJXirCx60SFnV,187.000,obTLIQc2u6K1oipM,205.000,Nsmpq/og5cO95HwJ,215.000,MwfJUdRQPbSNr9Io,217.000,2iset8PVX4jSTSEH,226.000,02xuA6TviChey6nJ,227.000,Kxg/hrv/euEuhbOE
0,88,2026-03-25T14:24:34.912Z,199.000,10,61.000,Do8hC1pw172W9xvw,71.000,uT1RCshO88YMpxwE,102.000,2N4uTfQs/yo3mBYi,164.000,YHloJXirCx60SFnV,184.000,02xuA6TviChey6nJ,193.000,obTLIQc2u6K1oipM,199.000,2iset8PVX4jSTSEH,199.000,MwfJUdRQPbSNr9Io,215.000,Kxg/hrv/euEuhbOE,225.000,Nsmpq/og5cO95HwJ
0,89,2026-03-25T14:24:35.111Z,193.000,10,67.000,Do8hC1pw172W9xvw,77.000,uT1RCshO88YMpxwE,110.000,2N4uTfQs/yo3mBYi,160.000,YHloJXirCx60SFnV,173.000,obTLIQc2u6K1oipM,189.000,Nsmpq/og5cO95HwJ,193.000,Kxg/hrv/euEuhbOE,197.000,MwfJUdRQPbSNr9Io,212.000,2iset8PVX4jSTSEH,219.000,02xuA6TviChey6nJ
0,90,2026-03-25T14:24:35.304Z,205.000,10,68.000,Do8hC1pw172W9xvw,93.000,2N4uTfQs/yo3mBYi,99.000,uT1RCshO88YMpxwE,167.000,YHloJXirCx60SFnV,194.000,obTLIQc2u6K1oipM,204.000,MwfJUdRQPbSNr9Io,205.000,2iset8PVX4jSTSEH,206.000,02xuA6TviChey6nJ,210.000,Kxg/hrv/euEuhbOE,226.000,Nsmpq/og5cO95HwJ
0,91,2026-03-25T14:24:35.509Z,206.000,10,69.000,Do8hC1pw172W9xvw,92.000,uT1RCshO88YMpxwE,100.000,2N4uTfQs/yo3mBYi,179.000,obTLIQc2u6K1oipM,186.000,MwfJUdRQPbSNr9Io,194.000,YHloJXirCx60SFnV,206.000,Nsmpq/og5cO95HwJ,207.000,02xuA6TviChey6nJ,209.000,Kxg/hrv/euEuhbOE,246.000,2iset8PVX4jSTSEH
0,92,2026-03-25T14:24:35.715Z,199.000,10,90.000,2N4uTfQs/yo3mBYi,91.000,uT1RCshO88YMpxwE,167.000,obTLIQc2u6K1oipM,169.000,Do8hC1pw172W9xvw,175.000,YHloJXirCx60SFnV,198.000,2iset8PVX4jSTSEH,199.000,Nsmpq/og5cO95HwJ,203.000,MwfJUdRQPbSNr9Io,212.000,02xuA6TviChey6nJ,222.000,Kxg/hrv/euEuhbOE
0,93,2026-03-25T14:24:35.914Z,203.000,10,80.000,uT1RCshO88YMpxwE,107.000,2N4uTfQs/yo3mBYi,173.000,YHloJXirCx60SFnV,175.000,obTLIQc2u6K1oipM,176.000,Do8hC1pw172W9xvw,196.000,Kxg/hrv/euEuhbOE,203.000,Nsmpq/og5cO95HwJ,209.000,02xuA6TviChey6nJ,218.000,MwfJUdRQPbSNr9Io,225.000,2iset8PVX4jSTSEH
0,94,2026-03-25T14:24:36.117Z,201.000,10,76.000,uT1RCshO88YMpxwE,92.000,2N4uTfQs/yo3mBYi,168.000,obTLIQc2u6K1oipM,169.000,YHloJXirCx60SFnV,175.000,Do8hC1pw172W9xvw,198.000,Kxg/hrv/euEuhbOE,201.000,Nsmpq/og5cO95HwJ,209.000,MwfJUdRQPbSNr9Io,212.000,02xuA6TviChey6nJ,215.000,2iset8PVX4jSTSEH
0,95,2026-03-25T14:24:36.318Z,206.000,10,77.000,uT1RCshO88YMpxwE,97.000,2N4uTfQs/yo3mBYi,154.000,Do8hC1pw172W9xvw,186.000,YHloJXirCx60SFnV,192.000,obTLIQc2u6K1oipM,201.000,Nsmpq/og5cO95HwJ,205.000,Kxg/hrv/euEuhbOE,213.000,MwfJUdRQPbSNr9Io,217.000,2iset8PVX4jSTSEH,232.000,02xuA6TviChey6nJ
0,96,2026-03-25T14:24:36.524Z,201.000,10,83.000,uT1RCshO88YMpxwE,107.000,2N4uTfQs/yo3mBYi,141.000,Do8hC1pw172W9xvw,173.000,YHloJXirCx60SFnV,177.000,obTLIQc2u6K1oipM,195.000,Kxg/hrv/euEuhbOE,201.000,02xuA6TviChey6nJ,205.000,MwfJUdRQPbSNr9Io,207.000,2iset8PVX4jSTSEH,208.000,Nsmpq/og5cO95HwJ
0,97,2026-03-25T14:24:36.725Z,189.000,10,84.000,uT1RCshO88YMpxwE,114.000,2N4uTfQs/yo3mBYi,161.000,Do8hC1pw172W9xvw,165.000,YHloJXirCx60SFnV,178.000,obTLIQc2u6K1oipM,182.000,Kxg/hrv/euEuhbOE,188.000,MwfJUdRQPbSNr9Io,192.000,Nsmpq/og5cO95HwJ,205.000,02xuA6TviChey6nJ,208.000,2iset8PVX4jSTSEH
0,98,2026-03-25T14:24:36.914Z,218.000,10,100.000,uT1RCshO88YMpxwE,106.000,2N4uTfQs/yo3mBYi,174.000,Do8hC1pw172W9xvw,191.000,obTLIQc2u6K1oipM,207.000,MwfJUdRQPbSNr9Io,208.000,YHloJXirCx60SFnV,217.000,Kxg/hrv/euEuhbOE,218.000,2iset8PVX4jSTSEH,224.000,02xuA6TviChey6nJ,244.000,Nsmpq/og5cO95HwJ
0,99,2026-03-25T14:24:37.132Z,198.000,10,92.000,2N4uTfQs/yo3mBYi,94.000,uT1RCshO88YMpxwE,161.000,Do8hC1pw172W9xvw,169.000,obTLIQc2u6K1oipM,184.000,MwfJUdRQPbSNr9Io,197.000,YHloJXirCx60SFnV,198.000,02xuA6TviChey6nJ,206.000,2iset8PVX4jSTSEH,219.000,Kxg/hrv/euEuhbOE,221.000,Nsmpq/og5cO95HwJ
0,100,2026-03-25T14:24:37.330Z,201.000,10,91.000,2N4uTfQs/yo3mBYi,97.000,uT1RCshO88YMpxwE,143.000,Do8hC1pw172W9xvw,187.000,MwfJUdRQPbSNr9Io,187.000,YHloJXirCx60SFnV,200.000,obTLIQc2u6K1oipM,201.000,Nsmpq/og5cO95HwJ,207.000,02xuA6TviChey6nJ,212.000,2iset8PVX4jSTSEH,232.000,Kxg/hrv/euEuhbOE
0,101,2026-03-25T14:24:37.531Z,199.000,10,90.000,2N4uTfQs/yo3mBYi,91.000,uT1RCshO88YMpxwE,144.000,Do8hC1pw172W9xvw,176.000,MwfJUdRQPbSNr9Io,182.000,YHloJXirCx60SFnV,187.000,obTLIQc2u6K1oipM,199.000,Nsmpq/og5cO95HwJ,203.000,02xuA6TviChey6nJ,215.000,Kxg/hrv/euEuhbOE,216.000,2iset8PVX4jSTSEH
0,102,2026-03-25T14:24:37.730Z,198.000,10,83.000,uT1RCshO88YMpxwE,95.000,2N4uTfQs/yo3mBYi,153.000,Do8hC1pw172W9xvw,179.000,MwfJUdRQPbSNr9Io,189.000,Nsmpq/og5cO95HwJ,194.000,Kxg/hrv/euEuhbOE,198.000,obTLIQc2u6K1oipM,200.000,YHloJXirCx60SFnV,206.000,2iset8PVX4jSTSEH,217.000,02xuA6TviChey6nJ
0,103,2026-03-25T14:24:37.928Z,203.000,10,93.000,uT1RCshO88YMpxwE,98.000,2N4uTfQs/yo3mBYi,158.000,Do8hC1pw172W9xvw,182.000,MwfJUdRQPbSNr9Io,193.000,obTLIQc2u6K1oipM,201.000,YHloJXirCx60SFnV,202.000,Nsmpq/og5cO95HwJ,214.000,2iset8PVX4jSTSEH,225.000,Kxg/hrv/euEuhbOE,242.000,02xuA6TviChey6nJ
0,104,2026-03-25T14:24:38.131Z,210.000,10,93.000,2N4uTfQs/yo3mBYi,96.000,uT1RCshO88YMpxwE,163.000,Do8hC1pw172W9xvw,184.000,MwfJUdRQPbSNr9Io,188.000,obTLIQc2u6K1oipM,209.000,YHloJXirCx60SFnV,210.000,Nsmpq/og5cO95HwJ,226.000,2iset8PVX4jSTSEH,232.000,Kxg/hrv/euEuhbOE,241.000,02xuA6TviChey6nJ
0,105,2026-03-25T14:24:38.341Z,218.000,10,78.000,2N4uTfQs/yo3mBYi,85.000,uT1RCshO88YMpxwE,182.000,obTLIQc2u6K1oipM,186.000,MwfJUdRQPbSNr9Io,202.000,2iset8PVX4jSTSEH,206.000,Nsmpq/og5cO95HwJ,218.000,Kxg/hrv/euEuhbOE,238.000,02xuA6TviChey6nJ,251.000,YHloJXirCx60SFnV,294.000,Do8hC1pw172W9xvw
0,106,2026-03-25T14:24:38.559Z,202.000,10,74.000,uT1RCshO88YMpxwE,75.000,2N4uTfQs/yo3mBYi,154.000,MwfJUdRQPbSNr9Io,159.000,YHloJXirCx60SFnV,201.000,obTLIQc2u6K1oipM,202.000,Nsmpq/og5cO95HwJ,202.000,Kxg/hrv/euEuhbOE,205.000,2iset8PVX4jSTSEH,209.000,Do8hC1pw172W9xvw,222.000,02xuA6TviChey6nJ
0,107,2026-03-25T14:24:38.761Z,184.000,10,67.000,uT1RCshO88YMpxwE,68.000,2N4uTfQs/yo3mBYi,114.000,Do8hC1pw172W9xvw,155.000,MwfJUdRQPbSNr9Io,156.000,obTLIQc2u6K1oipM,175.000,YHloJXirCx60SFnV,184.000,Nsmpq/og5cO95HwJ,193.000,2iset8PVX4jSTSEH,206.000,Kxg/hrv/euEuhbOE,218.000,02xuA6TviChey6nJ
0,108,2026-03-25T14:24:38.945Z,193.000,10,79.000,2N4uTfQs/yo3mBYi,90.000,uT1RCshO88YMpxwE,141.000,Do8hC1pw172W9xvw,162.000,MwfJUdRQPbSNr9Io,182.000,obTLIQc2u6K1oipM,186.000,Nsmpq/og5cO95HwJ,192.000,2iset8PVX4jSTSEH,197.000,YHloJXirCx60SFnV,238.000,Kxg/hrv/euEuhbOE,247.000,02xuA6TviChey6nJ
0,109,2026-03-25T14:24:39.138Z,218.000,10,88.000,2N4uTfQs/yo3mBYi,105.000,uT1RCshO88YMpxwE,141.000,Do8hC1pw172W9xvw,174.000,MwfJUdRQPbSNr9Io,193.000,obTLIQc2u6K1oipM,201.000,Nsmpq/og5cO95HwJ,218.000,Kxg/hrv/euEuhbOE,219.000,YHloJXirCx60SFnV,223.000,2iset8PVX4jSTSEH,257.000,02xuA6TviChey6nJ
0,110,2026-03-25T14:24:39.356Z,191.000,10,74.000,2N4uTfQs/yo3mBYi,87.000,uT1RCshO88YMpxwE,139.000,Do8hC1pw172W9xvw,171.000,obTLIQc2u6K1oipM,174.000,MwfJUdRQPbSNr9Io,187.000,YHloJXirCx60SFnV,191.000,Nsmpq/og5cO95HwJ,217.000,02xuA6TviChey6nJ,220.000,Kxg/hrv/euEuhbOE,257.000,2iset8PVX4jSTSEH
0,111,2026-03-25T14:24:39.547Z,204.000,10,79.000,uT1RCshO88YMpxwE,104.000,2N4uTfQs/yo3mBYi,130.000,Do8hC1pw172W9xvw,179.000,YHloJXirCx60SFnV,182.000,MwfJUdRQPbSNr9Io,185.000,obTLIQc2u6K1oipM,204.000,Nsmpq/og5cO95HwJ,215.000,Kxg/hrv/euEuhbOE,238.000,2iset8PVX4jSTSEH,242.000,02xuA6TviChey6nJ
0,112,2026-03-25T14:24:39.751Z,195.000,10,89.000,uT1RCshO88YMpxwE,115.000,2N4uTfQs/yo3mBYi,142.000,Do8hC1pw172W9xvw,163.000,MwfJUdRQPbSNr9Io,176.000,YHloJXirCx60SFnV,182.000,obTLIQc2u6K1oipM,195.000,Nsmpq/og5cO95HwJ,200.000,Kxg/hrv/euEuhbOE,234.000,2iset8PVX4jSTSEH,235.000,02xuA6TviChey6nJ
0,113,2026-03-25T14:24:39.946Z,197.000,10,96.000,2N4uTfQs/yo3mBYi,100.000,uT1RCshO88YMpxwE,138.000,Do8hC1pw172W9xvw,172.000,MwfJUdRQPbSNr9Io,186.000,obTLIQc2u6K1oipM,188.000,YHloJXirCx60SFnV,197.000,Kxg/hrv/euEuhbOE,206.000,Nsmpq/og5cO95HwJ,236.000,2iset8PVX4jSTSEH,319.000,02xuA6TviChey6nJ
0,114,2026-03-25T14:24:40.143Z,217.000,10,95.000,uT1RCshO88YMpxwE,117.000,2N4uTfQs/yo3mBYi,141.000,Do8hC1pw172W9xvw,188.000,MwfJUdRQPbSNr9Io,199.000,obTLIQc2u6K1oipM,199.000,YHloJXirCx60SFnV,216.000,Nsmpq/og5cO95HwJ,245.000,2iset8PVX4jSTSEH,269.000,Kxg/hrv/euEuhbOE,270.000,02xuA6TviChey6nJ
0,115,2026-03-25T14:24:40.360Z,198.000,10,95.000,uT1RCshO88YMpxwE,97.000,2N4uTfQs/yo3mBYi,124.000,Do8hC1pw172W9xvw,158.000,Nsmpq/og5cO95HwJ,167.000,YHloJXirCx60SFnV,179.000,obTLIQc2u6K1oipM,197.000,MwfJUdRQPbSNr9Io,218.000,Kxg/hrv/euEuhbOE,233.000,2iset8PVX4jSTSEH,234.000,02xuA6TviChey6nJ
0,116,2026-03-25T14:24:40.558Z,184.000,10,76.000,uT1RCshO88YMpxwE,102.000,2N4uTfQs/yo3mBYi,124.000,Do8hC1pw172W9xvw,155.000,MwfJUdRQPbSNr9Io,177.000,obTLIQc2u6K1oipM,177.000,YHloJXirCx60SFnV,184.000,Nsmpq/og5cO95HwJ,219.000,Kxg/hrv/euEuhbOE,228.000,2iset8PVX4jSTSEH,238.000,02xuA6TviChey6nJ
0,117,2026-03-25T14:24:40.742Z,220.000,10,102.000,uT1RCshO88YMpxwE,127.000,2N4uTfQs/yo3mBYi,165.000,MwfJUdRQPbSNr9Io,186.000,YHloJXirCx60SFnV,189.000,obTLIQc2u6K1oipM,214.000,Do8hC1pw172W9xvw,219.000,Nsmpq/og5cO95HwJ,233.000,Kxg/hrv/euEuhbOE,250.000,2iset8PVX4jSTSEH,257.000,02xuA6TviChey6nJ
0,118,2026-03-25T14:24:40.962Z,200.000,10,99.000,uT1RCshO88YMpxwE,102.000,2N4uTfQs/yo3mBYi,137.000,Do8hC1pw172W9xvw,175.000,YHloJXirCx60SFnV,183.000,MwfJUdRQPbSNr9Io,188.000,Nsmpq/og5cO95HwJ,200.000,obTLIQc2u6K1oipM,218.000,Kxg/hrv/euEuhbOE,219.000,2iset8PVX4jSTSEH,241.000,02xuA6TviChey6nJ
0,119,2026-03-25T14:24:41.162Z,209.000,10,73.000,uT1RCshO88YMpxwE,98.000,2N4uTfQs/yo3mBYi,135.000,Do8hC1pw172W9xvw,181.000,obTLIQc2u6K1oipM,199.000,YHloJXirCx60SFnV,201.000,MwfJUdRQPbSNr9Io,209.000,Nsmpq/og5cO95HwJ,215.000,Kxg/hrv/euEuhbOE,242.000,02xuA6TviChey6nJ,244.000,2iset8PVX4jSTSEH
0,120,2026-03-25T14:24:41.371Z,185.000,10,75.000,uT1RCshO88YMpxwE,88.000,2N4uTfQs/yo3mBYi,128.000,Do8hC1pw172W9xvw,160.000,obTLIQc2u6K1oipM,168.000,YHloJXirCx60SFnV,170.000,MwfJUdRQPbSNr9Io,185.000,Nsmpq/og5cO95HwJ,198.000,Kxg/hrv/euEuhbOE,219.000,2iset8PVX4jSTSEH,236.000,02xuA6TviChey6nJ
0,121,2026-03-25T14:24:41.556Z,217.000,10,110.000,uT1RCshO88YMpxwE,116.000,2N4uTfQs/yo3mBYi,151.000,Do8hC1pw172W9xvw,169.000,MwfJUdRQPbSNr9Io,179.000,obTLIQc2u6K1oipM,194.000,Nsmpq/og5cO95HwJ,217.000,Kxg/hrv/euEuhbOE,223.000,YHloJXirCx60SFnV,238.000,2iset8PVX4jSTSEH,274.000,02xuA6TviChey6nJ
0,122,2026-03-25T14:24:41.773Z,200.000,10,87.000,uT1RCshO88YMpxwE,100.000,2N4uTfQs/yo3mBYi,120.000,Do8hC1pw172W9xvw,160.000,YHloJXirCx60SFnV,161.000,obTLIQc2u6K1oipM,168.000,MwfJUdRQPbSNr9Io,200.000,Kxg/hrv/euEuhbOE,205.000,Nsmpq/og5cO95HwJ,218.000,2iset8PVX4jSTSEH,219.000,02xuA6TviChey6nJ
0,123,2026-03-25T14:24:41.973Z,189.000,10,75.000,uT1RCshO88YMpxwE,91.000,2N4uTfQs/yo3mBYi,121.000,Do8hC1pw172W9xvw,164.000,YHloJXirCx60SFnV,166.000,obTLIQc2u6K1oipM,187.000,Nsmpq/og5cO95HwJ,189.000,MwfJUdRQPbSNr9Io,198.000,Kxg/hrv/euEuhbOE,223.000,2iset8PVX4jSTSEH,231.000,02xuA6TviChey6nJ
0,124,2026-03-25T14:24:42.162Z,222.000,10,98.000,uT1RCshO88YMpxwE,105.000,2N4uTfQs/yo3mBYi,157.000,Do8hC1pw172W9xvw,201.000,obTLIQc2u6K1oipM,207.000,YHloJXirCx60SFnV,218.000,MwfJUdRQPbSNr9Io,222.000,02xuA6TviChey6nJ,230.000,Kxg/hrv/euEuhbOE,259.000,Nsmpq/og5cO95HwJ,329.000,2iset8PVX4jSTSEH
0,125,2026-03-25T14:24:42.384Z,202.000,9,81.000,2N4uTfQs/yo3mBYi,95.000,uT1RCshO88YMpxwE,123.000,Do8hC1pw172W9xvw,162.000,obTLIQc2u6K1oipM,166.000,MwfJUdRQPbSNr9Io,174.000,YHloJXirCx60SFnV,201.000,Kxg/hrv/euEuhbOE,204.000,Nsmpq/og5cO95HwJ,226.000,02xuA6TviChey6nJ,,
0,126,2026-03-25T14:24:42.586Z,181.000,10,75.000,2iset8PVX4jSTSEH,78.000,uT1RCshO88YMpxwE,95.000,2N4uTfQs/yo3mBYi,151.000,YHloJXirCx60SFnV,158.000,MwfJUdRQPbSNr9Io,172.000,obTLIQc2u6K1oipM,181.000,Kxg/hrv/euEuhbOE,188.000,Do8hC1pw172W9xvw,204.000,02xuA6TviChey6nJ,222.000,Nsmpq/og5cO95HwJ
0,127,2026-03-25T14:24:42.767Z,196.000,10,93.000,2N4uTfQs/yo3mBYi,96.000,uT1RCshO88YMpxwE,107.000,2iset8PVX4jSTSEH,169.000,MwfJUdRQPbSNr9Io,173.000,YHloJXirCx60SFnV,175.000,obTLIQc2u6K1oipM,196.000,Do8hC1pw172W9xvw,217.000,Kxg/hrv/euEuhbOE,246.000,02xuA6TviChey6nJ,272.000,Nsmpq/og5cO95HwJ
0,128,2026-03-25T14:24:42.963Z,206.000,10,97.000,2iset8PVX4jSTSEH,107.000,uT1RCshO88YMpxwE,114.000,2N4uTfQs/yo3mBYi,144.000,Do8hC1pw172W9xvw,166.000,YHloJXirCx60SFnV,183.000,obTLIQc2u6K1oipM,206.000,MwfJUdRQPbSNr9Io,220.000,Kxg/hrv/euEuhbOE,236.000,02xuA6TviChey6nJ,242.000,Nsmpq/og5cO95HwJ
0,129,2026-03-25T14:24:43.169Z,195.000,10,102.000,uT1RCshO88YMpxwE,108.000,2N4uTfQs/yo3mBYi,112.000,2iset8PVX4jSTSEH,138.000,Do8hC1pw172W9xvw,175.000,YHloJXirCx60SFnV,186.000,MwfJUdRQPbSNr9Io,195.000,obTLIQc2u6K1oipM,215.000,Kxg/hrv/euEuhbOE,240.000,02xuA6TviChey6nJ,241.000,Nsmpq/og5cO95HwJ
0,130,2026-03-25T14:24:43.364Z,213.000,10,118.000,uT1RCshO88YMpxwE,131.000,2N4uTfQs/yo3mBYi,147.000,2iset8PVX4jSTSEH,156.000,Do8hC1pw172W9xvw,181.000,MwfJUdRQPbSNr9Io,212.000,YHloJXirCx60SFnV,213.000,obTLIQc2u6K1oipM,235.000,02xuA6TviChey6nJ,251.000,Kxg/hrv/euEuhbOE,270.000,Nsmpq/og5cO95HwJ
0,131,2026-03-25T14:24:43.577Z,189.000,10,102.000,uT1RCshO88YMpxwE,106.000,2iset8PVX4jSTSEH,118.000,2N4uTfQs/yo3mBYi,144.000,Do8hC1pw172W9xvw,181.000,obTLIQc2u6K1oipM,182.000,MwfJUdRQPbSNr9Io,188.000,YHloJXirCx60SFnV,212.000,02xuA6TviChey6nJ,220.000,Nsmpq/og5cO95HwJ,227.000,Kxg/hrv/euEuhbOE
0,132,2026-03-25T14:24:43.766Z,200.000,10,116.000,uT1RCshO88YMpxwE,121.000,2N4uTfQs/yo3mBYi,131.000,2iset8PVX4jSTSEH,154.000,Do8hC1pw172W9xvw,194.000,YHloJXirCx60SFnV,198.000,MwfJUdRQPbSNr9Io,199.000,obTLIQc2u6K1oipM,236.000,02xuA6TviChey6nJ,238.000,Nsmpq/og5cO95HwJ,247.000,Kxg/hrv/euEuhbOE
0,133,2026-03-25T14:24:43.966Z,193.000,10,122.000,2N4uTfQs/yo3mBYi,124.000,2iset8PVX4jSTSEH,125.000,uT1RCshO88YMpxwE,145.000,Do8hC1pw172W9xvw,181.000,MwfJUdRQPbSNr9Io,188.000,obTLIQc2u6K1oipM,193.000,YHloJXirCx60SFnV,224.000,Kxg/hrv/euEuhbOE,239.000,02xuA6TviChey6nJ,263.000,Nsmpq/og5cO95HwJ
0,134,2026-03-25T14:24:44.159Z,220.000,10,125.000,2N4uTfQs/yo3mBYi,142.000,uT1RCshO88YMpxwE,147.000,2iset8PVX4jSTSEH,154.000,Do8hC1pw172W9xvw,194.000,YHloJXirCx60SFnV,219.000,obTLIQc2u6K1oipM,220.000,MwfJUdRQPbSNr9Io,230.000,Kxg/hrv/euEuhbOE,273.000,Nsmpq/og5cO95HwJ,347.000,02xuA6TviChey6nJ
0,135,2026-03-25T14:24:44.379Z,213.000,9,100.000,2N4uTfQs/yo3mBYi,109.000,2iset8PVX4jSTSEH,111.000,uT1RCshO88YMpxwE,138.000,Do8hC1pw172W9xvw,174.000,YHloJXirCx60SFnV,175.000,obTLIQc2u6K1oipM,213.000,MwfJUdRQPbSNr9Io,225.000,Kxg/hrv/euEuhbOE,239.000,Nsmpq/og5cO95HwJ,,
0,136,2026-03-25T14:24:44.592Z,174.000,10,96.000,uT1RCshO88YMpxwE,97.000,02xuA6TviChey6nJ,100.000,2iset8PVX4jSTSEH,117.000,2N4uTfQs/yo3mBYi,152.000,Do8hC1pw172W9xvw,160.000,YHloJXirCx60SFnV,174.000,obTLIQc2u6K1oipM,193.000,MwfJUdRQPbSNr9Io,203.000,Kxg/hrv/euEuhbOE,239.000,Nsmpq/og5cO95HwJ
0,137,2026-03-25T14:24:44.766Z,224.000,10,123.000,02xuA6TviChey6nJ,126.000,2N4uTfQs/yo3mBYi,128.000,uT1RCshO88YMpxwE,135.000,2iset8PVX4jSTSEH,144.000,Do8hC1pw172W9xvw,179.000,YHloJXirCx60SFnV,224.000,Kxg/hrv/euEuhbOE,225.000,obTLIQc2u6K1oipM,225.000,MwfJUdRQPbSNr9Io,271.000,Nsmpq/og5cO95HwJ
0,138,2026-03-25T14:24:44.990Z,179.000,10,105.000,2iset8PVX4jSTSEH,109.000,uT1RCshO88YMpxwE,118.000,2N4uTfQs/yo3mBYi,135.000,Do8hC1pw172W9xvw,152.000,02xuA6TviChey6nJ,177.000,obTLIQc2u6K1oipM,178.000,MwfJUdRQPbSNr9Io,182.000,YHloJXirCx60SFnV,220.000,Kxg/hrv/euEuhbOE,239.000,Nsmpq/og5cO95HwJ
0,139,2026-03-25T14:24:45.169Z,192.000,10,107.000,02xuA6TviChey6nJ,117.000,2iset8PVX4jSTSEH,119.000,2N4uTfQs/yo3mBYi,132.000,uT1RCshO88YMpxwE,138.000,Do8hC1pw172W9xvw,190.000,obTLIQc2u6K1oipM,192.000,MwfJUdRQPbSNr9Io,197.000,YHloJXirCx60SFnV,228.000,Nsmpq/og5cO95HwJ,241.000,Kxg/hrv/euEuhbOE
0,140,2026-03-25T14:24:45.361Z,209.000,10,121.000,02xuA6TviChey6nJ,124.000,2N4uTfQs/yo3mBYi,143.000,2iset8PVX4jSTSEH,146.000,uT1RCshO88YMpxwE,162.000,Do8hC1pw172W9xvw,202.000,YHloJXirCx60SFnV,209.000,obTLIQc2u6K1oipM,210.000,MwfJUdRQPbSNr9Io,227.000,Kxg/hrv/euEuhbOE,280.000,Nsmpq/og5cO95HwJ
0,141,2026-03-25T14:24:45.570Z,200.000,10,123.000,2N4uTfQs/yo3mBYi,129.000,02xuA6TviChey6nJ,130.000,uT1RCshO88YMpxwE,132.000,2iset8PVX4jSTSEH,154.000,Do8hC1pw172W9xvw,196.000,YHloJXirCx60SFnV,200.000,obTLIQc2u6K1oipM,210.000,MwfJUdRQPbSNr9Io,228.000,Kxg/hrv/euEuhbOE,245.000,Nsmpq/og5cO95HwJ
0,142,2026-03-25T14:24:45.770Z,208.000,10,118.000,02xuA6TviChey6nJ,138.000,2iset8PVX4jSTSEH,139.000,uT1RCshO88YMpxwE,143.000,2N4uTfQs/yo3mBYi,152.000,Do8hC1pw172W9xvw,188.000,YHloJXirCx60SFnV,208.000,obTLIQc2u6K1oipM,212.000,MwfJUdRQPbSNr9Io,231.000,Kxg/hrv/euEuhbOE,289.000,Nsmpq/og5cO95HwJ
0,143,2026-03-25T14:24:45.978Z,205.000,9,124.000,2iset8PVX4jSTSEH,127.000,uT1RCshO88YMpxwE,128.000,02xuA6TviChey6nJ,130.000,2N4uTfQs/yo3mBYi,141.000,Do8hC1pw172W9xvw,202.000,YHloJXirCx60SFnV,205.000,MwfJUdRQPbSNr9Io,223.000,obTLIQc2u6K1oipM,233.000,Kxg/hrv/euEuhbOE,,
0,144,2026-03-25T14:24:46.183Z,166.000,10,62.000,Nsmpq/og5cO95HwJ,117.000,uT1RCshO88YMpxwE,120.000,2iset8PVX4jSTSEH,124.000,2N4uTfQs/yo3mBYi,125.000,02xuA6TviChey6nJ,143.000,Do8hC1pw172W9xvw,165.000,YHloJXirCx60SFnV,184.000,obTLIQc2u6K1oipM,214.000,Kxg/hrv/euEuhbOE,215.000,MwfJUdRQPbSNr9Io
0,145,2026-03-25T14:24:46.349Z,227.000,10,93.000,Nsmpq/og5cO95HwJ,146.000,2N4uTfQs/yo3mBYi,147.000,02xuA6TviChey6nJ,154.000,2iset8PVX4jSTSEH,160.000,uT1RCshO88YMpxwE,198.000,Do8hC1pw172W9xvw,226.000,obTLIQc2u6K1oipM,231.000,MwfJUdRQPbSNr9Io,264.000,YHloJXirCx60SFnV,265.000,Kxg/hrv/euEuhbOE
0,146,2026-03-25T14:24:46.576Z,205.000,10,122.000,uT1RCshO88YMpxwE,124.000,2N4uTfQs/yo3mBYi,128.000,Nsmpq/og5cO95HwJ,137.000,02xuA6TviChey6nJ,149.000,2iset8PVX4jSTSEH,194.000,YHloJXirCx60SFnV,205.000,obTLIQc2u6K1oipM,208.000,MwfJUdRQPbSNr9Io,222.000,Kxg/hrv/euEuhbOE,231.000,Do8hC1pw172W9xvw
0,147,2026-03-25T14:24:46.781Z,196.000,10,88.000,Nsmpq/og5cO95HwJ,103.000,02xuA6TviChey6nJ,117.000,2iset8PVX4jSTSEH,122.000,2N4uTfQs/yo3mBYi,141.000,uT1RCshO88YMpxwE,195.000,YHloJXirCx60SFnV,196.000,obTLIQc2u6K1oipM,213.000,MwfJUdRQPbSNr9Io,227.000,Kxg/hrv/euEuhbOE,325.000,Do8hC1pw172W9xvw
0,148,2026-03-25T14:24:46.977Z,195.000,10,92.000,Nsmpq/og5cO95HwJ,132.000,2iset8PVX4jSTSEH,137.000,02xuA6TviChey6nJ,139.000,uT1RCshO88YMpxwE,139.000,2N4uTfQs/yo3mBYi,182.000,YHloJXirCx60SFnV,195.000,obTLIQc2u6K1oipM,202.000,Do8hC1pw172W9xvw,218.000,Kxg/hrv/euEuhbOE,223.000,MwfJUdRQPbSNr9Io
0,149,2026-03-25T14:24:47.172Z,226.000,10,111.000,Nsmpq/og5cO95HwJ,118.000,02xuA6TviChey6nJ,136.000,uT1RCshO88YMpxwE,144.000,2iset8PVX4jSTSEH,161.000,2N4uTfQs/yo3mBYi,197.000,YHloJXirCx60SFnV,226.000,Do8hC1pw172W9xvw,237.000,MwfJUdRQPbSNr9Io,287.000,Kxg/hrv/euEuhbOE,257.000,obTLIQc2u6K1oipM
0,150,2026-03-25T14:24:47.398Z,194.000,10,66.000,Nsmpq/og5cO95HwJ,108.000,02xuA6TviChey6nJ,113.000,uT1RCshO88YMpxwE,120.000,2iset8PVX4jSTSEH,147.000,2N4uTfQs/yo3mBYi,164.000,YHloJXirCx60SFnV,194.000,MwfJUdRQPbSNr9Io,200.000,Do8hC1pw172W9xvw,206.000,obTLIQc2u6K1oipM,222.000,Kxg/hrv/euEuhbOE
0,151,2026-03-25T14:24:47.592Z,188.000,10,83.000,Nsmpq/og5cO95HwJ,108.000,02xuA6TviChey6nJ,119.000,2N4uTfQs/yo3mBYi,125.000,2iset8PVX4jSTSEH,147.000,uT1RCshO88YMpxwE,183.000,YHloJXirCx60SFnV,188.000,obTLIQc2u6K1oipM,202.000,Do8hC1pw172W9xvw,226.000,MwfJUdRQPbSNr9Io,238.000,Kxg/hrv/euEuhbOE
0,152,2026-03-25T14:24:47.780Z,218.000,10,100.000,Nsmpq/og5cO95HwJ,116.000,02xuA6TviChey6nJ,128.000,2N4uTfQs/yo3mBYi,139.000,2iset8PVX4jSTSEH,149.000,uT1RCshO88YMpxwE,181.000,YHloJXirCx60SFnV,218.000,Do8hC1pw172W9xvw,219.000,Kxg/hrv/euEuhbOE,222.000,MwfJUdRQPbSNr9Io,233.000,obTLIQc2u6K1oipM
0,153,2026-03-25T14:24:47.998Z,202.000,10,100.000,02xuA6TviChey6nJ,116.000,2N4uTfQs/yo3mBYi,116.000,Nsmpq/og5cO95HwJ,126.000,2iset8PVX4jSTSEH,132.000,uT1RCshO88YMpxwE,170.000,YHloJXirCx60SFnV,201.000,obTLIQc2u6K1oipM,203.000,MwfJUdRQPbSNr9Io,207.000,Do8hC1pw172W9xvw,217.000,Kxg/hrv/euEuhbOE
0,154,2026-03-25T14:24:48.200Z,189.000,10,94.000,Nsmpq/og5cO95HwJ,97.000,02xuA6TviChey6nJ,116.000,2N4uTfQs/yo3mBYi,120.000,uT1RCshO88YMpxwE,144.000,2iset8PVX4jSTSEH,181.000,YHloJXirCx60SFnV,188.000,Kxg/hrv/euEuhbOE,207.000,obTLIQc2u6K1oipM,212.000,MwfJUdRQPbSNr9Io,215.000,Do8hC1pw172W9xvw
0,155,2026-03-25T14:24:48.389Z,188.000,10,104.000,Nsmpq/og5cO95HwJ,115.000,02xuA6TviChey6nJ,120.000,2N4uTfQs/yo3mBYi,124.000,2iset8PVX4jSTSEH,136.000,uT1RCshO88YMpxwE,178.000,obTLIQc2u6K1oipM,188.000,YHloJXirCx60SFnV,222.000,MwfJUdRQPbSNr9Io,236.000,Do8hC1pw172W9xvw,237.000,Kxg/hrv/euEuhbOE
0,156,2026-03-25T14:24:48.577Z,205.000,10,110.000,Nsmpq/og5cO95HwJ,133.000,02xuA6TviChey6nJ,138.000,2iset8PVX4jSTSEH,140.000,2N4uTfQs/yo3mBYi,153.000,uT1RCshO88YMpxwE,201.000,YHloJXirCx60SFnV,205.000,MwfJUdRQPbSNr9Io,212.000,Kxg/hrv/euEuhbOE,233.000,Do8hC1pw172W9xvw,266.000,obTLIQc2u6K1oipM
0,157,2026-03-25T14:24:48.782Z,203.000,10,122.000,Nsmpq/og5cO95HwJ,125.000,02xuA6TviChey6nJ,142.000,2iset8PVX4jSTSEH,145.000,2N4uTfQs/yo3mBYi,148.000,uT1RCshO88YMpxwE,198.000,YHloJXirCx60SFnV,203.000,MwfJUdRQPbSNr9Io,214.000,Do8hC1pw172W9xvw,230.000,Kxg/hrv/euEuhbOE,273.000,obTLIQc2u6K1oipM
0,158,2026-03-25T14:24:48.985Z,201.000,10,117.000,Nsmpq/og5cO95HwJ,119.000,02xuA6TviChey6nJ,122.000,2N4uTfQs/yo3mBYi,129.000,2iset8PVX4jSTSEH,160.000,uT1RCshO88YMpxwE,195.000,Do8hC1pw172W9xvw,201.000,MwfJUdRQPbSNr9Io,205.000,YHloJXirCx60SFnV,251.000,Kxg/hrv/euEuhbOE,256.000,obTLIQc2u6K1oipM
0,159,2026-03-25T14:24:49.186Z,202.000,10,118.000,02xuA6TviChey6nJ,125.000,Nsmpq/og5cO95HwJ,142.000,2N4uTfQs/yo3mBYi,146.000,uT1RCshO88YMpxwE,151.000,2iset8PVX4jSTSEH,199.000,Do8hC1pw172W9xvw,202.000,MwfJUdRQPbSNr9Io,203.000,YHloJXirCx60SFnV,214.000,Kxg/hrv/euEuhbOE,254.000,obTLIQc2u6K1oipM
0,160,2026-03-25T14:24:49.388Z,215.000,10,114.000,02xuA6TviChey6nJ,117.000,Nsmpq/og5cO95HwJ,138.000,2iset8PVX4jSTSEH,146.000,2N4uTfQs/yo3mBYi,150.000,uT1RCshO88YMpxwE,189.000,YHloJXirCx60SFnV,215.000,MwfJUdRQPbSNr9Io,222.000,Do8hC1pw172W9xvw,223.000,Kxg/hrv/euEuhbOE,273.000,obTLIQc2u6K1oipM
0,161,2026-03-25T14:24:49.603Z,202.000,10,85.000,Nsmpq/og5cO95HwJ,124.000,2N4uTfQs/yo3mBYi,133.000,uT1RCshO88YMpxwE,135.000,2iset8PVX4jSTSEH,185.000,YHloJXirCx60SFnV,199.000,Do8hC1pw172W9xvw,202.000,MwfJUdRQPbSNr9Io,227.000,02xuA6TviChey6nJ,231.000,Kxg/hrv/euEuhbOE,271.000,obTLIQc2u6K1oipM
0,162,2026-03-25T14:24:49.805Z,201.000,10,106.000,Nsmpq/og5cO95HwJ,116.000,2N4uTfQs/yo3mBYi,128.000,2iset8PVX4jSTSEH,131.000,uT1RCshO88YMpxwE,140.000,02xuA6TviChey6nJ,172.000,YHloJXirCx60SFnV,201.000,MwfJUdRQPbSNr9Io,218.000,Kxg/hrv/euEuhbOE,220.000,Do8hC1pw172W9xvw,258.000,obTLIQc2u6K1oipM
0,163,2026-03-25T14:24:50.006Z,190.000,10,119.000,2iset8PVX4jSTSEH,124.000,Nsmpq/og5cO95HwJ,143.000,02xuA6TviChey6nJ,146.000,uT1RCshO88YMpxwE,158.000,2N4uTfQs/yo3mBYi,185.000,YHloJXirCx60SFnV,190.000,MwfJUdRQPbSNr9Io,204.000,Do8hC1pw172W9xvw,228.000,Kxg/hrv/euEuhbOE,255.000,obTLIQc2u6K1oipM
0,164,2026-03-25T14:24:50.196Z,201.000,10,105.000,Nsmpq/og5cO95HwJ,113.000,02xuA6TviChey6nJ,140.000,2iset8PVX4jSTSEH,149.000,uT1RCshO88YMpxwE,156.000,2N4uTfQs/yo3mBYi,193.000,YHloJXirCx60SFnV,201.000,MwfJUdRQPbSNr9Io,213.000,Do8hC1pw172W9xvw,223.000,Kxg/hrv/euEuhbOE,254.000,obTLIQc2u6K1oipM
0,165,2026-03-25T14:24:50.397Z,210.000,10,132.000,Nsmpq/og5cO95HwJ,135.000,02xuA6TviChey6nJ,137.000,2iset8PVX4jSTSEH,153.000,uT1RCshO88YMpxwE,170.000,2N4uTfQs/yo3mBYi,192.000,YHloJXirCx60SFnV,210.000,MwfJUdRQPbSNr9Io,236.000,Kxg/hrv/euEuhbOE,244.000,Do8hC1pw172W9xvw,256.000,obTLIQc2u6K1oipM
0,166,2026-03-25T14:24:50.607Z,194.000,10,102.000,Nsmpq/og5cO95HwJ,121.000,02xuA6TviChey6nJ,134.000,2iset8PVX4jSTSEH,138.000,uT1RCshO88YMpxwE,164.000,2N4uTfQs/yo3mBYi,180.000,YHloJXirCx60SFnV,194.000,MwfJUdRQPbSNr9Io,229.000,Do8hC1pw172W9xvw,230.000,Kxg/hrv/euEuhbOE,241.000,obTLIQc2u6K1oipM
0,167,2026-03-25T14:24:50.801Z,206.000,10,119.000,02xuA6TviChey6nJ,131.000,Nsmpq/og5cO95HwJ,142.000,uT1RCshO88YMpxwE,162.000,2iset8PVX4jSTSEH,189.000,2N4uTfQs/yo3mBYi,198.000,YHloJXirCx60SFnV,205.000,Do8hC1pw172W9xvw,208.000,MwfJUdRQPbSNr9Io,237.000,Kxg/hrv/euEuhbOE,263.000,obTLIQc2u6K1oipM
0,168,2026-03-25T14:24:51.007Z,189.000,10,95.000,02xuA6TviChey6nJ,96.000,Nsmpq/og5cO95HwJ,139.000,2iset8PVX4jSTSEH,140.000,uT1RCshO88YMpxwE,158.000,2N4uTfQs/yo3mBYi,181.000,YHloJXirCx60SFnV,189.000,MwfJUdRQPbSNr9Io,217.000,Do8hC1pw172W9xvw,230.000,Kxg/hrv/euEuhbOE,248.000,obTLIQc2u6K1oipM
0,169,2026-03-25T14:24:51.196Z,218.000,10,115.000,02xuA6TviChey6nJ,117.000,Nsmpq/og5cO95HwJ,135.000,2iset8PVX4jSTSEH,156.000,uT1RCshO88YMpxwE,168.000,2N4uTfQs/yo3mBYi,190.000,YHloJXirCx60SFnV,218.000,MwfJUdRQPbSNr9Io,234.000,Do8hC1pw172W9xvw,235.000,Kxg/hrv/euEuhbOE,268.000,obTLIQc2u6K1oipM
0,170,2026-03-25T14:24:51.414Z,190.000,10,89.000,Nsmpq/og5cO95HwJ,108.000,02xuA6TviChey6nJ,118.000,2iset8PVX4jSTSEH,131.000,uT1RCshO88YMpxwE,152.000,2N4uTfQs/yo3mBYi,182.000,Do8hC1pw172W9xvw,190.000,YHloJXirCx60SFnV,195.000,MwfJUdRQPbSNr9Io,231.000,Kxg/hrv/euEuhbOE,260.000,obTLIQc2u6K1oipM
0,171,2026-03-25T14:24:51.604Z,188.000,10,110.000,Nsmpq/og5cO95HwJ,113.000,02xuA6TviChey6nJ,135.000,2iset8PVX4jSTSEH,155.000,uT1RCshO88YMpxwE,172.000,2N4uTfQs/yo3mBYi,184.000,YHloJXirCx60SFnV,188.000,MwfJUdRQPbSNr9Io,232.000,Do8hC1pw172W9xvw,246.000,Kxg/hrv/euEuhbOE,252.000,obTLIQc2u6K1oipM
0,172,2026-03-25T14:24:51.792Z,212.000,10,153.000,Nsmpq/og5cO95HwJ,154.000,02xuA6TviChey6nJ,155.000,uT1RCshO88YMpxwE,156.000,2iset8PVX4jSTSEH,201.000,MwfJUdRQPbSNr9Io,211.000,Do8hC1pw172W9xvw,212.000,2N4uTfQs/yo3mBYi,249.000,YHloJXirCx60SFnV,253.000,Kxg/hrv/euEuhbOE,272.000,obTLIQc2u6K1oipM
0,173,2026-03-25T14:24:52.004Z,204.000,10,108.000,Nsmpq/og5cO95HwJ,127.000,2iset8PVX4jSTSEH,132.000,02xuA6TviChey6nJ,151.000,uT1RCshO88YMpxwE,186.000,Do8hC1pw172W9xvw,188.000,MwfJUdRQPbSNr9Io,204.000,2N4uTfQs/yo3mBYi,222.000,YHloJXirCx60SFnV,247.000,obTLIQc2u6K1oipM,250.000,Kxg/hrv/euEuhbOE
0,174,2026-03-25T14:24:52.208Z,204.000,10,96.000,Nsmpq/og5cO95HwJ,115.000,02xuA6TviChey6nJ,135.000,2iset8PVX4jSTSEH,146.000,uT1RCshO88YMpxwE,181.000,MwfJUdRQPbSNr9Io,198.000,YHloJXirCx60SFnV,204.000,2N4uTfQs/yo3mBYi,220.000,Do8hC1pw172W9xvw,248.000,Kxg/hrv/euEuhbOE,257.000,obTLIQc2u6K1oipM
0,175,2026-03-25T14:24:52.412Z,206.000,10,99.000,Nsmpq/og5cO95HwJ,120.000,02xuA6TviChey6nJ,132.000,2iset8PVX4jSTSEH,139.000,uT1RCshO88YMpxwE,155.000,2N4uTfQs/yo3mBYi,194.000,YHloJXirCx60SFnV,206.000,MwfJUdRQPbSNr9Io,215.000,Do8hC1pw172W9xvw,225.000,Kxg/hrv/euEuhbOE,278.000,obTLIQc2u6K1oipM
0,176,2026-03-25T14:24:52.618Z,184.000,10,97.000,Nsmpq/og5cO95HwJ,110.000,02xuA6TviChey6nJ,120.000,2iset8PVX4jSTSEH,129.000,uT1RCshO88YMpxwE,166.000,2N4uTfQs/yo3mBYi,180.000,MwfJUdRQPbSNr9Io,184.000,YHloJXirCx60SFnV,191.000,Do8hC1pw172W9xvw,208.000,Kxg/hrv/euEuhbOE,258.000,obTLIQc2u6K1oipM
0,177,2026-03-25T14:24:52.802Z,213.000,10,127.000,Nsmpq/og5cO95HwJ,134.000,2iset8PVX4jSTSEH,138.000,02xuA6TviChey6nJ,164.000,uT1RCshO88YMpxwE,174.000,2N4uTfQs/yo3mBYi,202.000,Do8hC1pw172W9xvw,213.000,MwfJUdRQPbSNr9Io,246.000,Kxg/hrv/euEuhbOE,246.000,YHloJXirCx60SFnV,283.000,obTLIQc2u6K1oipM
0,178,2026-03-25T14:24:53.015Z,201.000,10,128.000,2iset8PVX4jSTSEH,135.000,02xuA6TviChey6nJ,153.000,uT1RCshO88YMpxwE,153.000,Nsmpq/og5cO95HwJ,161.000,2N4uTfQs/yo3mBYi,192.000,Do8hC1pw172W9xvw,201.000,MwfJUdRQPbSNr9Io,236.000,YHloJXirCx60SFnV,245.000,Kxg/hrv/euEuhbOE,367.000,obTLIQc2u6K1oipM
0,179,2026-03-25T14:24:53.216Z,207.000,10,124.000,02xuA6TviChey6nJ,137.000,Nsmpq/og5cO95HwJ,138.000,uT1RCshO88YMpxwE,145.000,2iset8PVX4jSTSEH,201.000,2N4uTfQs/yo3mBYi,201.000,MwfJUdRQPbSNr9Io,207.000,YHloJXirCx60SFnV,229.000,Do8hC1pw172W9xvw,240.000,Kxg/hrv/euEuhbOE,280.000,obTLIQc2u6K1oipM
0,180,2026-03-25T14:24:53.423Z,225.000,10,108.000,02xuA6TviChey6nJ,129.000,2iset8PVX4jSTSEH,134.000,Nsmpq/og5cO95HwJ,180.000,MwfJUdRQPbSNr9Io,182.000,2N4uTfQs/yo3mBYi,187.000,Do8hC1pw172W9xvw,225.000,uT1RCshO88YMpxwE,228.000,YHloJXirCx60SFnV,247.000,Kxg/hrv/euEuhbOE,291.000,obTLIQc2u6K1oipM
0,181,2026-03-25T14:24:53.648Z,191.000,10,98.000,02xuA6TviChey6nJ,102.000,2iset8PVX4jSTSEH,103.000,Nsmpq/og5cO95HwJ,129.000,2N4uTfQs/yo3mBYi,166.000,MwfJUdRQPbSNr9Io,182.000,uT1RCshO88YMpxwE,191.000,YHloJXirCx60SFnV,204.000,Do8hC1pw172W9xvw,237.000,obTLIQc2u6K1oipM,250.000,Kxg/hrv/euEuhbOE
0,182,2026-03-25T14:24:53.839Z,202.000,10,93.000,02xuA6TviChey6nJ,108.000,Nsmpq/og5cO95HwJ,109.000,2iset8PVX4jSTSEH,156.000,2N4uTfQs/yo3mBYi,175.000,MwfJUdRQPbSNr9Io,199.000,uT1RCshO88YMpxwE,202.000,Do8hC1pw172W9xvw,207.000,YHloJXirCx60SFnV,238.000,Kxg/hrv/euEuhbOE,254.000,obTLIQc2u6K1oipM
0,183,2026-03-25T14:24:54.041Z,193.000,10,107.000,2iset8PVX4jSTSEH,110.000,Nsmpq/og5cO95HwJ,124.000,02xuA6TviChey6nJ,167.000,2N4uTfQs/yo3mBYi,169.000,MwfJUdRQPbSNr9Io,184.000,uT1RCshO88YMpxwE,193.000,YHloJXirCx60SFnV,222.000,Do8hC1pw172W9xvw,228.000,Kxg/hrv/euEuhbOE,353.000,obTLIQc2u6K1oipM
0,184,2026-03-25T14:24:54.234Z,214.000,10,115.000,Nsmpq/og5cO95HwJ,125.000,02xuA6TviChey6nJ,130.000,2iset8PVX4jSTSEH,169.000,2N4uTfQs/yo3mBYi,201.000,MwfJUdRQPbSNr9Io,209.000,YHloJXirCx60SFnV,214.000,Do8hC1pw172W9xvw,227.000,uT1RCshO88YMpxwE,238.000,Kxg/hrv/euEuhbOE,301.000,obTLIQc2u6K1oipM
0,185,2026-03-25T14:24:54.448Z,181.000,10,99.000,2iset8PVX4jSTSEH,105.000,Nsmpq/og5cO95HwJ,114.000,02xuA6TviChey6nJ,164.000,2N4uTfQs/yo3mBYi,166.000,MwfJUdRQPbSNr9Io,168.000,Do8hC1pw172W9xvw,181.000,YHloJXirCx60SFnV,202.000,uT1RCshO88YMpxwE,219.000,Kxg/hrv/euEuhbOE,255.000,obTLIQc2u6K1oipM
0,186,2026-03-25T14:24:54.629Z,219.000,10,128.000,Nsmpq/og5cO95HwJ,128.000,2iset8PVX4jSTSEH,129.000,02xuA6TviChey6nJ,150.000,2N4uTfQs/yo3mBYi,188.000,MwfJUdRQPbSNr9Io,197.000,YHloJXirCx60SFnV,219.000,uT1RCshO88YMpxwE,221.000,Do8hC1pw172W9xvw,235.000,Kxg/hrv/euEuhbOE,258.000,obTLIQc2u6K1oipM
0,187,2026-03-25T14:24:54.848Z,230.000,10,112.000,2iset8PVX4jSTSEH,208.000,02xuA6TviChey6nJ,209.000,Nsmpq/og5cO95HwJ,211.000,2N4uTfQs/yo3mBYi,213.000,MwfJUdRQPbSNr9Io,219.000,Kxg/hrv/euEuhbOE,230.000,Do8hC1pw172W9xvw,254.000,obTLIQc2u6K1oipM,255.000,uT1RCshO88YMpxwE,314.000,YHloJXirCx60SFnV
0,188,2026-03-25T14:24:55.078Z,170.000,10,91.000,2iset8PVX4jSTSEH,101.000,02xuA6TviChey6nJ,102.000,2N4uTfQs/yo3mBYi,140.000,Nsmpq/og5cO95HwJ,145.000,MwfJUdRQPbSNr9Io,155.000,Do8hC1pw172W9xvw,170.000,Kxg/hrv/euEuhbOE,175.000,uT1RCshO88YMpxwE,224.000,obTLIQc2u6K1oipM,251.000,YHloJXirCx60SFnV
0,189,2026-03-25T14:24:55.248Z,190.000,10,107.000,Nsmpq/og5cO95HwJ,124.000,2iset8PVX4jSTSEH,132.000,02xuA6TviChey6nJ,140.000,2N4uTfQs/yo3mBYi,170.000,Do8hC1pw172W9xvw,173.000,MwfJUdRQPbSNr9Io,190.000,uT1RCshO88YMpxwE,205.000,Kxg/hrv/euEuhbOE,247.000,YHloJXirCx60SFnV,257.000,obTLIQc2u6K1oipM
0,190,2026-03-25T14:24:55.438Z,228.000,10,123.000,2iset8PVX4jSTSEH,128.000,Nsmpq/og5cO95HwJ,136.000,02xuA6TviChey6nJ,172.000,MwfJUdRQPbSNr9Io,181.000,2N4uTfQs/yo3mBYi,190.000,Do8hC1pw172W9xvw,228.000,Kxg/hrv/euEuhbOE,253.000,obTLIQc2u6K1oipM,272.000,uT1RCshO88YMpxwE,278.000,YHloJXirCx60SFnV
0,191,2026-03-25T14:24:55.666Z,193.000,10,107.000,2iset8PVX4jSTSEH,119.000,Nsmpq/og5cO95HwJ,120.000,02xuA6TviChey6nJ,133.000,2N4uTfQs/yo3mBYi,155.000,Do8hC1pw172W9xvw,180.000,MwfJUdRQPbSNr9Io,193.000,uT1RCshO88YMpxwE,234.000,YHloJXirCx60SFnV,238.000,obTLIQc2u6K1oipM,268.000,Kxg/hrv/euEuhbOE
0,192,2026-03-25T14:24:55.859Z,217.000,10,113.000,2iset8PVX4jSTSEH,114.000,02xuA6TviChey6nJ,121.000,Nsmpq/og5cO95HwJ,129.000,2N4uTfQs/yo3mBYi,171.000,MwfJUdRQPbSNr9Io,172.000,Do8hC1pw172W9xvw,217.000,YHloJXirCx60SFnV,219.000,uT1RCshO88YMpxwE,239.000,obTLIQc2u6K1oipM,274.000,Kxg/hrv/euEuhbOE
0,193,2026-03-25T14:24:56.076Z,197.000,10,89.000,Nsmpq/og5cO95HwJ,89.000,2iset8PVX4jSTSEH,96.000,02xuA6TviChey6nJ,144.000,MwfJUdRQPbSNr9Io,150.000,2N4uTfQs/yo3mBYi,158.000,Do8hC1pw172W9xvw,196.000,uT1RCshO88YMpxwE,200.000,YHloJXirCx60SFnV,240.000,obTLIQc2u6K1oipM,247.000,Kxg/hrv/euEuhbOE
0,194,2026-03-25T14:24:56.273Z,203.000,10,87.000,2iset8PVX4jSTSEH,101.000,Nsmpq/og5cO95HwJ,116.000,02xuA6TviChey6nJ,119.000,2N4uTfQs/yo3mBYi,151.000,MwfJUdRQPbSNr9Io,177.000,uT1RCshO88YMpxwE,203.000,YHloJXirCx60SFnV,213.000,Do8hC1pw172W9xvw,256.000,obTLIQc2u6K1oipM,256.000,Kxg/hrv/euEuhbOE
0,195,2026-03-25T14:24:56.476Z,232.000,10,86.000,Nsmpq/og5cO95HwJ,93.000,2iset8PVX4jSTSEH,108.000,02xuA6TviChey6nJ,142.000,MwfJUdRQPbSNr9Io,149.000,2N4uTfQs/yo3mBYi,205.000,uT1RCshO88YMpxwE,231.000,YHloJXirCx60SFnV,235.000,obTLIQc2u6K1oipM,264.000,Kxg/hrv/euEuhbOE,275.000,Do8hC1pw172W9xvw
0,196,2026-03-25T14:24:56.708Z,144.000,10,68.000,02xuA6TviChey6nJ,69.000,2iset8PVX4jSTSEH,82.000,Nsmpq/og5cO95HwJ,110.000,MwfJUdRQPbSNr9Io,132.000,2N4uTfQs/yo3mBYi,139.000,YHloJXirCx60SFnV,144.000,uT1RCshO88YMpxwE,194.000,obTLIQc2u6K1oipM,214.000,Do8hC1pw172W9xvw,225.000,Kxg/hrv/euEuhbOE
0,197,2026-03-25T14:24:56.852Z,216.000,10,134.000,Nsmpq/og5cO95HwJ,136.000,02xuA6TviChey6nJ,143.000,2iset8PVX4jSTSEH,160.000,2N4uTfQs/yo3mBYi,174.000,MwfJUdRQPbSNr9Io,195.000,uT1RCshO88YMpxwE,216.000,YHloJXirCx60SFnV,256.000,obTLIQc2u6K1oipM,266.000,Kxg/hrv/euEuhbOE,283.000,Do8hC1pw172W9xvw
0,198,2026-03-25T14:24:57.068Z,219.000,10,105.000,02xuA6TviChey6nJ,109.000,Nsmpq/og5cO95HwJ,134.000,2N4uTfQs/yo3mBYi,148.000,2iset8PVX4jSTSEH,169.000,MwfJUdRQPbSNr9Io,191.000,uT1RCshO88YMpxwE,219.000,YHloJXirCx60SFnV,255.000,Do8hC1pw172W9xvw,258.000,Kxg/hrv/euEuhbOE,335.000,obTLIQc2u6K1oipM
0,199,2026-03-25T14:24:57.287Z,168.000,10,125.000,YHloJXirCx60SFnV,129.000,02xuA6TviChey6nJ,129.000,Nsmpq/og5cO95HwJ,132.000,MwfJUdRQPbSNr9Io,133.000,2N4uTfQs/yo3mBYi,166.000,2iset8PVX4jSTSEH,168.000,uT1RCshO88YMpxwE,205.000,obTLIQc2u6K1oipM,240.000,Do8hC1pw172W9xvw,248.000,Kxg/hrv/euEuhbOE
0,200,2026-03-25T14:24:57.455Z,220.000,10,135.000,YHloJXirCx60SFnV,152.000,2N4uTfQs/yo3mBYi,153.000,02xuA6TviChey6nJ,154.000,Nsmpq/og5cO95HwJ,154.000,MwfJUdRQPbSNr9Io,192.000,2iset8PVX4jSTSEH,220.000,uT1RCshO88YMpxwE,237.000,obTLIQc2u6K1oipM,270.000,Kxg/hrv/euEuhbOE,292.000,Do8hC1pw172W9xvw
0,201,2026-03-25T14:24:57.675Z,214.000,10,106.000,YHloJXirCx60SFnV,141.000,Nsmpq/og5cO95HwJ,147.000,02xuA6TviChey6nJ,147.000,2N4uTfQs/yo3mBYi,149.000,MwfJUdRQPbSNr9Io,154.000,2iset8PVX4jSTSEH,214.000,uT1RCshO88YMpxwE,220.000,obTLIQc2u6K1oipM,244.000,Kxg/hrv/euEuhbOE,251.000,Do8hC1pw172W9xvw
0,202,2026-03-25T14:24:57.889Z,173.000,9,80.000,YHloJXirCx60SFnV,126.000,Nsmpq/og5cO95HwJ,130.000,02xuA6TviChey6nJ,132.000,2iset8PVX4jSTSEH,134.000,2N4uTfQs/yo3mBYi,142.000,MwfJUdRQPbSNr9Io,173.000,uT1RCshO88YMpxwE,197.000,obTLIQc2u6K1oipM,279.000,Do8hC1pw172W9xvw,,
0,203,2026-03-25T14:24:58.062Z,171.000,9,66.000,YHloJXirCx60SFnV,94.000,Kxg/hrv/euEuhbOE,127.000,Nsmpq/og5cO95HwJ,145.000,02xuA6TviChey6nJ,150.000,2N4uTfQs/yo3mBYi,161.000,2iset8PVX4jSTSEH,171.000,MwfJUdRQPbSNr9Io,195.000,uT1RCshO88YMpxwE,222.000,obTLIQc2u6K1oipM,,
0,204,2026-03-25T14:24:58.233Z,201.000,10,91.000,Do8hC1pw172W9xvw,116.000,Kxg/hrv/euEuhbOE,135.000,YHloJXirCx60SFnV,170.000,02xuA6TviChey6nJ,177.000,Nsmpq/og5cO95HwJ,192.000,2iset8PVX4jSTSEH,201.000,2N4uTfQs/yo3mBYi,216.000,MwfJUdRQPbSNr9Io,230.000,uT1RCshO88YMpxwE,263.000,obTLIQc2u6K1oipM
0,205,2026-03-25T14:24:58.434Z,202.000,10,121.000,YHloJXirCx60SFnV,140.000,Kxg/hrv/euEuhbOE,143.000,Do8hC1pw172W9xvw,160.000,Nsmpq/og5cO95HwJ,160.000,02xuA6TviChey6nJ,198.000,2iset8PVX4jSTSEH,202.000,MwfJUdRQPbSNr9Io,214.000,2N4uTfQs/yo3mBYi,219.000,uT1RCshO88YMpxwE,444.000,obTLIQc2u6K1oipM
0,206,2026-03-25T14:24:58.636Z,195.000,9,103.000,Do8hC1pw172W9xvw,136.000,Kxg/hrv/euEuhbOE,159.000,02xuA6TviChey6nJ,160.000,Nsmpq/og5cO95HwJ,167.000,2N4uTfQs/yo3mBYi,192.000,MwfJUdRQPbSNr9Io,195.000,YHloJXirCx60SFnV,217.000,2iset8PVX4jSTSEH,239.000,uT1RCshO88YMpxwE,,
0,207,2026-03-25T14:24:58.831Z,201.000,10,84.000,Do8hC1pw172W9xvw,101.000,Kxg/hrv/euEuhbOE,131.000,YHloJXirCx60SFnV,152.000,Nsmpq/og5cO95HwJ,170.000,02xuA6TviChey6nJ,189.000,2N4uTfQs/yo3mBYi,201.000,MwfJUdRQPbSNr9Io,211.000,2iset8PVX4jSTSEH,225.000,obTLIQc2u6K1oipM,277.000,uT1RCshO88YMpxwE
0,208,2026-03-25T14:24:59.032Z,212.000,10,92.000,Do8hC1pw172W9xvw,100.000,YHloJXirCx60SFnV,134.000,Kxg/hrv/euEuhbOE,164.000,Nsmpq/og5cO95HwJ,188.000,02xuA6TviChey6nJ,191.000,2iset8PVX4jSTSEH,212.000,MwfJUdRQPbSNr9Io,223.000,obTLIQc2u6K1oipM,270.000,2N4uTfQs/yo3mBYi,272.000,uT1RCshO88YMpxwE
0,209,2026-03-25T14:24:59.244Z,207.000,10,94.000,YHloJXirCx60SFnV,129.000,Kxg/hrv/euEuhbOE,146.000,Do8hC1pw172W9xvw,164.000,02xuA6TviChey6nJ,171.000,Nsmpq/og5cO95HwJ,184.000,2iset8PVX4jSTSEH,207.000,MwfJUdRQPbSNr9Io,210.000,2N4uTfQs/yo3mBYi,215.000,obTLIQc2u6K1oipM,224.000,uT1RCshO88YMpxwE
0,210,2026-03-25T14:24:59.451Z,184.000,10,79.000,YHloJXirCx60SFnV,88.000,Do8hC1pw172W9xvw,101.000,Kxg/hrv/euEuhbOE,157.000,Nsmpq/og5cO95HwJ,165.000,02xuA6TviChey6nJ,169.000,2N4uTfQs/yo3mBYi,184.000,2iset8PVX4jSTSEH,197.000,MwfJUdRQPbSNr9Io,216.000,obTLIQc2u6K1oipM,240.000,uT1RCshO88YMpxwE
0,211,2026-03-25T14:24:59.635Z,217.000,10,97.000,YHloJXirCx60SFnV,120.000,Kxg/hrv/euEuhbOE,126.000,Do8hC1pw172W9xvw,168.000,02xuA6TviChey6nJ,174.000,Nsmpq/og5cO95HwJ,210.000,2N4uTfQs/yo3mBYi,217.000,2iset8PVX4jSTSEH,218.000,MwfJUdRQPbSNr9Io,230.000,obTLIQc2u6K1oipM,284.000,uT1RCshO88YMpxwE
0,212,2026-03-25T14:24:59.852Z,216.000,8,86.000,Do8hC1pw172W9xvw,119.000,Kxg/hrv/euEuhbOE,124.000,YHloJXirCx60SFnV,163.000,Nsmpq/og5cO95HwJ,199.000,obTLIQc2u6K1oipM,207.000,2iset8PVX4jSTSEH,216.000,MwfJUdRQPbSNr9Io,300.000,02xuA6TviChey6nJ,,,,
0,213,2026-03-25T14:25:00.068Z,253.000,7,64.000,YHloJXirCx60SFnV,98.000,Kxg/hrv/euEuhbOE,161.000,02xuA6TviChey6nJ,175.000,2iset8PVX4jSTSEH,182.000,obTLIQc2u6K1oipM,228.000,uT1RCshO88YMpxwE,252.000,Do8hC1pw172W9xvw,,,,,,
0,214,2026-03-25T14:25:00.321Z,188.000,10,58.000,YHloJXirCx60SFnV,88.000,Kxg/hrv/euEuhbOE,93.000,02xuA6TviChey6nJ,141.000,2iset8PVX4jSTSEH,171.000,Do8hC1pw172W9xvw,178.000,MwfJUdRQPbSNr9Io,188.000,uT1RCshO88YMpxwE,198.000,obTLIQc2u6K1oipM,226.000,Nsmpq/og5cO95HwJ,241.000,2N4uTfQs/yo3mBYi
0,215,2026-03-25T14:25:00.509Z,150.000,10,72.000,YHloJXirCx60SFnV,103.000,Kxg/hrv/euEuhbOE,114.000,Do8hC1pw172W9xvw,133.000,2N4uTfQs/yo3mBYi,138.000,02xuA6TviChey6nJ,144.000,2iset8PVX4jSTSEH,150.000,Nsmpq/og5cO95HwJ,156.000,obTLIQc2u6K1oipM,157.000,MwfJUdRQPbSNr9Io,213.000,uT1RCshO88YMpxwE
0,216,2026-03-25T14:25:00.659Z,209.000,8,70.000,YHloJXirCx60SFnV,136.000,Nsmpq/og5cO95HwJ,160.000,Do8hC1pw172W9xvw,185.000,2iset8PVX4jSTSEH,188.000,Kxg/hrv/euEuhbOE,206.000,MwfJUdRQPbSNr9Io,209.000,obTLIQc2u6K1oipM,213.000,02xuA6TviChey6nJ,,,,
0,217,2026-03-25T14:25:00.868Z,233.000,8,177.000,obTLIQc2u6K1oipM,183.000,02xuA6TviChey6nJ,188.000,2iset8PVX4jSTSEH,189.000,MwfJUdRQPbSNr9Io,192.000,YHloJXirCx60SFnV,194.000,Do8hC1pw172W9xvw,233.000,uT1RCshO88YMpxwE,235.000,Kxg/hrv/euEuhbOE,,,,
0,218,2026-03-25T14:25:01.101Z,257.000,9,50.000,YHloJXirCx60SFnV,124.000,02xuA6TviChey6nJ,160.000,2iset8PVX4jSTSEH,198.000,Kxg/hrv/euEuhbOE,247.000,obTLIQc2u6K1oipM,251.000,Do8hC1pw172W9xvw,257.000,MwfJUdRQPbSNr9Io,266.000,Nsmpq/og5cO95HwJ,269.000,uT1RCshO88YMpxwE,,
0,219,2026-03-25T14:25:01.358Z,127.000,10,50.000,YHloJXirCx60SFnV,91.000,02xuA6TviChey6nJ,106.000,2N4uTfQs/yo3mBYi,109.000,MwfJUdRQPbSNr9Io,118.000,obTLIQc2u6K1oipM,124.000,Nsmpq/og5cO95HwJ,127.000,Kxg/hrv/euEuhbOE,135.000,2iset8PVX4jSTSEH,136.000,Do8hC1pw172W9xvw,195.000,uT1RCshO88YMpxwE
0,220,2026-03-25T14:25:01.485Z,593.000,9,135.000,YHloJXirCx60SFnV,140.000,Do8hC1pw172W9xvw,164.000,Nsmpq/og5cO95HwJ,203.000,obTLIQc2u6K1oipM,223.000,Kxg/hrv/euEuhbOE,255.000,uT1RCshO88YMpxwE,593.000,2iset8PVX4jSTSEH,594.000,MwfJUdRQPbSNr9Io,614.000,02xuA6TviChey6nJ,,
0,221,2026-03-25T14:25:02.078Z,323.000,10,89.000,YHloJXirCx60SFnV,96.000,2iset8PVX4jSTSEH,127.000,Kxg/hrv/euEuhbOE,145.000,02xuA6TviChey6nJ,318.000,uT1RCshO88YMpxwE,319.000,Do8hC1pw172W9xvw,323.000,MwfJUdRQPbSNr9Io,330.000,obTLIQc2u6K1oipM,331.000,Nsmpq/og5cO95HwJ,331.000,2N4uTfQs/yo3mBYi
0,222,2026-03-25T14:25:02.401Z,168.000,7,66.000,YHloJXirCx60SFnV,99.000,Kxg/hrv/euEuhbOE,102.000,2iset8PVX4jSTSEH,109.000,obTLIQc2u6K1oipM,112.000,Do8hC1pw172W9xvw,115.000,Nsmpq/og5cO95HwJ,168.000,MwfJUdRQPbSNr9Io,,,,,,
0,223,2026-03-25T14:25:02.569Z,741.000,7,106.000,YHloJXirCx60SFnV,124.000,Nsmpq/og5cO95HwJ,127.000,Do8hC1pw172W9xvw,202.000,2iset8PVX4jSTSEH,466.000,Kxg/hrv/euEuhbOE,705.000,MwfJUdRQPbSNr9Io,741.000,02xuA6TviChey6nJ,,,,,,
0,224,2026-03-25T14:25:03.310Z,854.000,7,84.000,02xuA6TviChey6nJ,89.000,YHloJXirCx60SFnV,111.000,Nsmpq/og5cO95HwJ,121.000,2iset8PVX4jSTSEH,194.000,obTLIQc2u6K1oipM,251.000,Do8hC1pw172W9xvw,854.000,uT1RCshO88YMpxwE,,,,,,
0,225,2026-03-25T14:25:04.164Z,815.000,8,60.000,YHloJXirCx60SFnV,152.000,02xuA6TviChey6nJ,203.000,obTLIQc2u6K1oipM,735.000,2iset8PVX4jSTSEH,745.000,Kxg/hrv/euEuhbOE,813.000,uT1RCshO88YMpxwE,815.000,Do8hC1pw172W9xvw,816.000,Nsmpq/og5cO95HwJ,,,,
0,226,2026-03-25T14:25:04.979Z,1215.000,10,95.000,Kxg/hrv/euEuhbOE,103.000,YHloJXirCx60SFnV,147.000,02xuA6TviChey6nJ,829.000,2iset8PVX4jSTSEH,1093.000,Do8hC1pw172W9xvw,1107.000,obTLIQc2u6K1oipM,1215.000,2N4uTfQs/yo3mBYi,1218.000,MwfJUdRQPbSNr9Io,1226.000,Nsmpq/og5cO95HwJ,1231.000,uT1RCshO88YMpxwE
0,227,2026-03-25T14:25:06.194Z,1103.000,9,69.000,YHloJXirCx60SFnV,721.000,Kxg/hrv/euEuhbOE,789.000,2iset8PVX4jSTSEH,864.000,02xuA6TviChey6nJ,1044.000,Do8hC1pw172W9xvw,1096.000,uT1RCshO88YMpxwE,1103.000,MwfJUdRQPbSNr9Io,1107.000,obTLIQc2u6K1oipM,1114.000,Nsmpq/og5cO95HwJ,,
0,228,2026-03-25T14:25:07.297Z,1131.000,7,88.000,YHloJXirCx60SFnV,817.000,2iset8PVX4jSTSEH,891.000,Kxg/hrv/euEuhbOE,1044.000,Nsmpq/og5cO95HwJ,1045.000,MwfJUdRQPbSNr9Io,1050.000,Do8hC1pw172W9xvw,1131.000,02xuA6TviChey6nJ,,,,,,
0,229,2026-03-25T14:25:08.428Z,1362.000,7,58.000,YHloJXirCx60SFnV,426.000,2iset8PVX4jSTSEH,757.000,Do8hC1pw172W9xvw,829.000,Nsmpq/og5cO95HwJ,885.000,02xuA6TviChey6nJ,1353.000,MwfJUdRQPbSNr9Io,1362.000,obTLIQc2u6K1oipM,,,,,,
0,230,2026-03-25T14:25:09.790Z,1401.000,7,85.000,YHloJXirCx60SFnV,423.000,Do8hC1pw172W9xvw,703.000,Kxg/hrv/euEuhbOE,1390.000,obTLIQc2u6K1oipM,1392.000,MwfJUdRQPbSNr9Io,1395.000,02xuA6TviChey6nJ,1401.000,2iset8PVX4jSTSEH,,,,,,
0,231,2026-03-25T14:25:11.191Z,1965.000,8,83.000,YHloJXirCx60SFnV,111.000,obTLIQc2u6K1oipM,1116.000,02xuA6TviChey6nJ,1658.000,2iset8PVX4jSTSEH,1877.000,Nsmpq/og5cO95HwJ,1951.000,Do8hC1pw172W9xvw,1965.000,uT1RCshO88YMpxwE,1969.000,2N4uTfQs/yo3mBYi,,,,
0,232,2026-03-25T14:25:13.156Z,2114.000,10,69.000,YHloJXirCx60SFnV,1760.000,02xuA6TviChey6nJ,1812.000,Nsmpq/og5cO95HwJ,1829.000,2iset8PVX4jSTSEH,1959.000,Do8hC1pw172W9xvw,1961.000,Kxg/hrv/euEuhbOE,2114.000,uT1RCshO88YMpxwE,2130.000,2N4uTfQs/yo3mBYi,2131.000,MwfJUdRQPbSNr9Io,2134.000,obTLIQc2u6K1oipM
0,233,2026-03-25T14:25:15.270Z,2062.000,7,67.000,YHloJXirCx60SFnV,1767.000,uT1RCshO88YMpxwE,1768.000,Nsmpq/og5cO95HwJ,1778.000,02xuA6TviChey6nJ,1904.000,obTLIQc2u6K1oipM,2061.000,MwfJUdRQPbSNr9Io,2062.000,Do8hC1pw172W9xvw,,,,,,
0,234,2026-03-25T14:25:17.332Z,2773.000,9,69.000,YHloJXirCx60SFnV,1852.000,2iset8PVX4jSTSEH,1935.000,02xuA6TviChey6nJ,2399.000,Nsmpq/og5cO95HwJ,2407.000,obTLIQc2u6K1oipM,2764.000,Kxg/hrv/euEuhbOE,2773.000,uT1RCshO88YMpxwE,2780.000,MwfJUdRQPbSNr9Io,2781.000,Do8hC1pw172W9xvw,,
0,235,2026-03-25T14:25:20.105Z,2822.000,7,83.000,YHloJXirCx60SFnV,1916.000,Kxg/hrv/euEuhbOE,2631.000,uT1RCshO88YMpxwE,2698.000,2iset8PVX4jSTSEH,2786.000,obTLIQc2u6K1oipM,2791.000,02xuA6TviChey6nJ,2822.000,Nsmpq/og5cO95HwJ,,,,,,
0,236,2026-03-25T14:25:22.927Z,3783.000,9,64.000,YHloJXirCx60SFnV,2581.000,Nsmpq/og5cO95HwJ,3485.000,obTLIQc2u6K1oipM,3496.000,2iset8PVX4jSTSEH,3646.000,Kxg/hrv/euEuhbOE,3721.000,uT1RCshO88YMpxwE,3783.000,Do8hC1pw172W9xvw,3790.000,02xuA6TviChey6nJ,3794.000,MwfJUdRQPbSNr9Io,,
0,237,2026-03-25T14:25:26.710Z,4872.000,8,100.000,YHloJXirCx60SFnV,3874.000,2iset8PVX4jSTSEH,3935.000,obTLIQc2u6K1oipM,4027.000,02xuA6TviChey6nJ,4183.000,MwfJUdRQPbSNr9Io,4855.000,Do8hC1pw172W9xvw,4872.000,uT1RCshO88YMpxwE,4877.000,Kxg/hrv/euEuhbOE,,,,
0,238,2026-03-25T14:25:31.582Z,6193.000,7,91.000,YHloJXirCx60SFnV,5372.000,Kxg/hrv/euEuhbOE,5676.000,Nsmpq/og5cO95HwJ,5683.000,2iset8PVX4jSTSEH,5884.000,obTLIQc2u6K1oipM,6052.000,02xuA6TviChey6nJ,6193.000,MwfJUdRQPbSNr9Io,,,,,,
0,239,2026-03-25T14:25:37.775Z,6724.000,8,91.000,YHloJXirCx60SFnV,5734.000,MwfJUdRQPbSNr9Io,5968.000,obTLIQc2u6K1oipM,6428.000,uT1RCshO88YMpxwE,6564.000,Do8hC1pw172W9xvw,6655.000,02xuA6TviChey6nJ,6724.000,Nsmpq/og5cO95HwJ,6726.000,2iset8PVX4jSTSEH,,,,
0,240,2026-03-25T14:25:44.499Z,6389.000,8,91.000,YHloJXirCx60SFnV,5862.000,2iset8PVX4jSTSEH,6161.000,Nsmpq/og5cO95HwJ,6244.000,uT1RCshO88YMpxwE,6251.000,Kxg/hrv/euEuhbOE,6257.000,02xuA6TviChey6nJ,6389.000,Do8hC1pw172W9xvw,6404.000,obTLIQc2u6K1oipM,,,,
0,241,2026-03-25T14:25:50.888Z,6804.000,9,104.000,YHloJXirCx60SFnV,5693.000,Kxg/hrv/euEuhbOE,6200.000,Do8hC1pw172W9xvw,6210.000,02xuA6TviChey6nJ,6478.000,MwfJUdRQPbSNr9Io,6804.000,uT1RCshO88YMpxwE,6804.000,obTLIQc2u6K1oipM,6808.000,Nsmpq/og5cO95HwJ,6816.000,2N4uTfQs/yo3mBYi,,
0,242,2026-03-25T14:25:57.692Z,6379.000,7,87.000,YHloJXirCx60SFnV,5764.000,02xuA6TviChey6nJ,5964.000,2iset8PVX4jSTSEH,6197.000,obTLIQc2u6K1oipM,6217.000,Nsmpq/og5cO95HwJ,6368.000,MwfJUdRQPbSNr9Io,6379.000,Do8hC1pw172W9xvw,,,,,,
0,243,2026-03-25T14:26:04.071Z,6115.000,7,94.000,YHloJXirCx60SFnV,5698.000,02xuA6TviChey6nJ,5729.000,Nsmpq/og5cO95HwJ,6103.000,2iset8PVX4jSTSEH,6104.000,Do8hC1pw172W9xvw,6114.000,obTLIQc2u6K1oipM,6115.000,MwfJUdRQPbSNr9Io,,,,,,
0,244,2026-03-25T14:26:10.186Z,6690.000,10,83.000,YHloJXirCx60SFnV,5755.000,MwfJUdRQPbSNr9Io,5850.000,Do8hC1pw172W9xvw,5856.000,2iset8PVX4jSTSEH,6268.000,Nsmpq/og5cO95HwJ,6568.000,obTLIQc2u6K1oipM,6689.000,uT1RCshO88YMpxwE,6692.000,Kxg/hrv/euEuhbOE,6696.000,2N4uTfQs/yo3mBYi,6708.000,02xuA6TviChey6nJ
0,245,2026-03-25T14:26:16.876Z,6175.000,7,92.000,YHloJXirCx60SFnV,5343.000,MwfJUdRQPbSNr9Io,5927.000,2iset8PVX4jSTSEH,5990.000,uT1RCshO88YMpxwE,6027.000,Nsmpq/og5cO95HwJ,6090.000,Kxg/hrv/euEuhbOE,6175.000,Do8hC1pw172W9xvw,,,,,,
0,246,2026-03-25T14:26:23.051Z,6462.000,8,92.000,YHloJXirCx60SFnV,5932.000,Nsmpq/og5cO95HwJ,5985.000,Kxg/hrv/euEuhbOE,6195.000,Do8hC1pw172W9xvw,6256.000,uT1RCshO88YMpxwE,6461.000,obTLIQc2u6K1oipM,6462.000,2iset8PVX4jSTSEH,6466.000,2N4uTfQs/yo3mBYi,,,,
0,247,2026-03-25T14:26:29.513Z,,1,100.000,YHloJXirCx60SFnV,,,,,,,,,,,,,,,,,,
1,1,2026-03-25T14:24:05.944Z,11709.000,7,7908.000,obTLIQc2u6K1oipM,8238.000,02xuA6TviChey6nJ,9365.000,Kxg/hrv/euEuhbOE,9627.000,MwfJUdRQPbSNr9Io,10918.000,2iset8PVX4jSTSEH,11673.000,YHloJXirCx60SFnV,11709.000,Do8hC1pw172W9xvw,,,,,,
1,2,2026-03-25T14:24:17.653Z,204.000,7,94.000,obTLIQc2u6K1oipM,96.000,YHloJXirCx60SFnV,99.000,Kxg/hrv/euEuhbOE,103.000,02xuA6TviChey6nJ,114.000,MwfJUdRQPbSNr9Io,161.000,2iset8PVX4jSTSEH,204.000,Do8hC1pw172W9xvw,,,,,,
1,3,2026-03-25T14:24:17.857Z,239.000,7,98.000,YHloJXirCx60SFnV,108.000,Kxg/hrv/euEuhbOE,111.000,MwfJUdRQPbSNr9Io,113.000,02xuA6TviChey6nJ,115.000,obTLIQc2u6K1oipM,159.000,2iset8PVX4jSTSEH,239.000,Do8hC1pw172W9xvw,,,,,,
1,4,2026-03-25T14:24:18.096Z,212.000,7,103.000,MwfJUdRQPbSNr9Io,104.000,02xuA6TviChey6nJ,106.000,obTLIQc2u6K1oipM,109.000,Kxg/hrv/euEuhbOE,115.000,YHloJXirCx60SFnV,184.000,2iset8PVX4jSTSEH,212.000,Do8hC1pw172W9xvw,,,,,,
1,5,2026-03-25T14:24:18.308Z,191.000,8,91.000,MwfJUdRQPbSNr9Io,97.000,Kxg/hrv/euEuhbOE,103.000,2iset8PVX4jSTSEH,120.000,obTLIQc2u6K1oipM,121.000,02xuA6TviChey6nJ,123.000,YHloJXirCx60SFnV,191.000,Do8hC1pw172W9xvw,309.000,2N4uTfQs/yo3mBYi,,,,
1,6,2026-03-25T14:24:18.499Z,179.000,8,90.000,obTLIQc2u6K1oipM,109.000,2iset8PVX4jSTSEH,110.000,Kxg/hrv/euEuhbOE,112.000,YHloJXirCx60SFnV,120.000,02xuA6TviChey6nJ,121.000,MwfJUdRQPbSNr9Io,179.000,Do8hC1pw172W9xvw,261.000,2N4uTfQs/yo3mBYi,,,,
1,7,2026-03-25T14:24:18.678Z,205.000,8,120.000,02xuA6TviChey6nJ,123.000,MwfJUdRQPbSNr9Io,143.000,Kxg/hrv/euEuhbOE,144.000,obTLIQc2u6K1oipM,150.000,YHloJXirCx60SFnV,187.000,2iset8PVX4jSTSEH,205.000,Do8hC1pw172W9xvw,262.000,2N4uTfQs/yo3mBYi,,,,
1,8,2026-03-25T14:24:18.883Z,188.000,9,125.000,obTLIQc2u6K1oipM,131.000,MwfJUdRQPbSNr9Io,136.000,Kxg/hrv/euEuhbOE,142.000,2iset8PVX4jSTSEH,151.000,02xuA6TviChey6nJ,153.000,YHloJXirCx60SFnV,188.000,Nsmpq/og5cO95HwJ,227.000,Do8hC1pw172W9xvw,289.000,2N4uTfQs/yo3mBYi,,
1,9,2026-03-25T14:24:19.071Z,152.000,9,114.000,Nsmpq/og5cO95HwJ,134.000,obTLIQc2u6K1oipM,145.000,MwfJUdRQPbSNr9Io,147.000,YHloJXirCx60SFnV,148.000,02xuA6TviChey6nJ,150.000,2iset8PVX4jSTSEH,152.000,Kxg/hrv/euEuhbOE,203.000,Do8hC1pw172W9xvw,269.000,2N4uTfQs/yo3mBYi,,
1,10,2026-03-25T14:24:19.223Z,204.000,9,161.000,Nsmpq/og5cO95HwJ,183.000,2iset8PVX4jSTSEH,185.000,obTLIQc2u6K1oipM,188.000,MwfJUdRQPbSNr9Io,199.000,02xuA6TviChey6nJ,201.000,YHloJXirCx60SFnV,204.000,Kxg/hrv/euEuhbOE,262.000,Do8hC1pw172W9xvw,333.000,2N4uTfQs/yo3mBYi,,
1,11,2026-03-25T14:24:19.427Z,209.000,9,165.000,Nsmpq/og5cO95HwJ,177.000,obTLIQc2u6K1oipM,180.000,02xuA6TviChey6nJ,187.000,MwfJUdRQPbSNr9Io,189.000,2iset8PVX4jSTSEH,194.000,Kxg/hrv/euEuhbOE,209.000,YHloJXirCx60SFnV,260.000,Do8hC1pw172W9xvw,327.000,2N4uTfQs/yo3mBYi,,
1,12,2026-03-25T14:24:19.636Z,203.000,9,153.000,Nsmpq/og5cO95HwJ,182.000,obTLIQc2u6K1oipM,184.000,2iset8PVX4jSTSEH,186.000,Kxg/hrv/euEuhbOE,189.000,02xuA6TviChey6nJ,193.000,MwfJUdRQPbSNr9Io,203.000,YHloJXirCx60SFnV,256.000,Do8hC1pw172W9xvw,318.000,2N4uTfQs/yo3mBYi,,
1,13,2026-03-25T14:24:19.839Z,190.000,9,150.000,Nsmpq/og5cO95HwJ,172.000,obTLIQc2u6K1oipM,176.000,MwfJUdRQPbSNr9Io,179.000,Kxg/hrv/euEuhbOE,185.000,2iset8PVX4jSTSEH,187.000,02xuA6TviChey6nJ,189.000,YHloJXirCx60SFnV,239.000,Do8hC1pw172W9xvw,295.000,2N4uTfQs/yo3mBYi,,
1,14,2026-03-25T14:24:20.029Z,213.000,9,162.000,Nsmpq/og5cO95HwJ,185.000,Kxg/hrv/euEuhbOE,189.000,MwfJUdRQPbSNr9Io,191.000,YHloJXirCx60SFnV,201.000,02xuA6TviChey6nJ,209.000,2iset8PVX4jSTSEH,213.000,obTLIQc2u6K1oipM,261.000,Do8hC1pw172W9xvw,300.000,2N4uTfQs/yo3mBYi,,
1,15,2026-03-25T14:24:20.242Z,193.000,10,157.000,Nsmpq/og5cO95HwJ,173.000,obTLIQc2u6K1oipM,181.000,YHloJXirCx60SFnV,182.000,Kxg/hrv/euEuhbOE,184.000,MwfJUdRQPbSNr9Io,191.000,2iset8PVX4jSTSEH,193.000,02xuA6TviChey6nJ,245.000,Do8hC1pw172W9xvw,292.000,2N4uTfQs/yo3mBYi,362.000,uT1RCshO88YMpxwE
1,16,2026-03-25T14:24:20.435Z,200.000,10,152.000,Nsmpq/og5cO95HwJ,180.000,2iset8PVX4jSTSEH,191.000,obTLIQc2u6K1oipM,192.000,YHloJXirCx60SFnV,193.000,02xuA6TviChey6nJ,195.000,MwfJUdRQPbSNr9Io,200.000,Kxg/hrv/euEuhbOE,248.000,Do8hC1pw172W9xvw,303.000,2N4uTfQs/yo3mBYi,337.000,uT1RCshO88YMpxwE
1,17,2026-03-25T14:24:20.635Z,209.000,10,150.000,Nsmpq/og5cO95HwJ,172.000,YHloJXirCx60SFnV,177.000,MwfJUdRQPbSNr9Io,181.000,2iset8PVX4jSTSEH,183.000,obTLIQc2u6K1oipM,196.000,Kxg/hrv/euEuhbOE,209.000,02xuA6TviChey6nJ,239.000,Do8hC1pw172W9xvw,280.000,uT1RCshO88YMpxwE,296.000,2N4uTfQs/yo3mBYi
1,18,2026-03-25T14:24:20.844Z,202.000,10,151.000,Nsmpq/og5cO95HwJ,171.000,2iset8PVX4jSTSEH,176.000,02xuA6TviChey6nJ,180.000,Kxg/hrv/euEuhbOE,181.000,obTLIQc2u6K1oipM,184.000,MwfJUdRQPbSNr9Io,202.000,YHloJXirCx60SFnV,248.000,Do8hC1pw172W9xvw,273.000,2N4uTfQs/yo3mBYi,278.000,uT1RCshO88YMpxwE
1,19,2026-03-25T14:24:21.046Z,203.000,10,155.000,Nsmpq/og5cO95HwJ,178.000,obTLIQc2u6K1oipM,180.000,2iset8PVX4jSTSEH,186.000,Kxg/hrv/euEuhbOE,190.000,MwfJUdRQPbSNr9Io,192.000,YHloJXirCx60SFnV,203.000,02xuA6TviChey6nJ,239.000,Do8hC1pw172W9xvw,275.000,2N4uTfQs/yo3mBYi,289.000,uT1RCshO88YMpxwE
1,20,2026-03-25T14:24:21.249Z,196.000,10,147.000,Nsmpq/og5cO95HwJ,181.000,obTLIQc2u6K1oipM,184.000,2iset8PVX4jSTSEH,186.000,MwfJUdRQPbSNr9Io,188.000,Kxg/hrv/euEuhbOE,193.000,02xuA6TviChey6nJ,196.000,YHloJXirCx60SFnV,238.000,Do8hC1pw172W9xvw,274.000,2N4uTfQs/yo3mBYi,306.000,uT1RCshO88YMpxwE
1,21,2026-03-25T14:24:21.445Z,207.000,10,155.000,Nsmpq/og5cO95HwJ,173.000,obTLIQc2u6K1oipM,184.000,Kxg/hrv/euEuhbOE,185.000,MwfJUdRQPbSNr9Io,187.000,YHloJXirCx60SFnV,196.000,02xuA6TviChey6nJ,206.000,2iset8PVX4jSTSEH,247.000,Do8hC1pw172W9xvw,272.000,2N4uTfQs/yo3mBYi,299.000,uT1RCshO88YMpxwE
1,22,2026-03-25T14:24:21.652Z,186.000,10,148.000,Nsmpq/og5cO95HwJ,168.000,Kxg/hrv/euEuhbOE,175.000,YHloJXirCx60SFnV,178.000,obTLIQc2u6K1oipM,180.000,02xuA6TviChey6nJ,185.000,2iset8PVX4jSTSEH,186.000,MwfJUdRQPbSNr9Io,239.000,Do8hC1pw172W9xvw,271.000,2N4uTfQs/yo3mBYi,297.000,uT1RCshO88YMpxwE
1,23,2026-03-25T14:24:21.838Z,200.000,10,156.000,Nsmpq/og5cO95HwJ,181.000,MwfJUdRQPbSNr9Io,186.000,obTLIQc2u6K1oipM,187.000,YHloJXirCx60SFnV,193.000,2iset8PVX4jSTSEH,196.000,Kxg/hrv/euEuhbOE,200.000,02xuA6TviChey6nJ,260.000,Do8hC1pw172W9xvw,284.000,2N4uTfQs/yo3mBYi,317.000,uT1RCshO88YMpxwE
1,24,2026-03-25T14:24:22.038Z,236.000,9,160.000,Nsmpq/og5cO95HwJ,182.000,Kxg/hrv/euEuhbOE,191.000,MwfJUdRQPbSNr9Io,192.000,obTLIQc2u6K1oipM,198.000,02xuA6TviChey6nJ,214.000,2iset8PVX4jSTSEH,236.000,YHloJXirCx60SFnV,261.000,Do8hC1pw172W9xvw,307.000,uT1RCshO88YMpxwE,,
1,25,2026-03-25T14:24:22.274Z,177.000,10,42.000,2N4uTfQs/yo3mBYi,124.000,Nsmpq/og5cO95HwJ,153.000,MwfJUdRQPbSNr9Io,163.000,Kxg/hrv/euEuhbOE,164.000,obTLIQc2u6K1oipM,169.000,02xuA6TviChey6nJ,176.000,YHloJXirCx60SFnV,186.000,2iset8PVX4jSTSEH,209.000,Do8hC1pw172W9xvw,275.000,uT1RCshO88YMpxwE
1,26,2026-03-25T14:24:22.451Z,188.000,9,65.000,2N4uTfQs/yo3mBYi,139.000,Nsmpq/og5cO95HwJ,162.000,02xuA6TviChey6nJ,163.000,2iset8PVX4jSTSEH,183.000,obTLIQc2u6K1oipM,185.000,Kxg/hrv/euEuhbOE,187.000,YHloJXirCx60SFnV,266.000,MwfJUdRQPbSNr9Io,273.000,uT1RCshO88YMpxwE,,
1,27,2026-03-25T14:24:22.639Z,202.000,9,59.000,Do8hC1pw172W9xvw,81.000,2N4uTfQs/yo3mBYi,159.000,Nsmpq/og5cO95HwJ,186.000,obTLIQc2u6K1oipM,190.000,MwfJUdRQPbSNr9Io,193.000,02xuA6TviChey6nJ,202.000,2iset8PVX4jSTSEH,206.000,YHloJXirCx60SFnV,214.000,Kxg/hrv/euEuhbOE,,
1,28,2026-03-25T14:24:22.841Z,199.000,10,58.000,Do8hC1pw172W9xvw,94.000,uT1RCshO88YMpxwE,100.000,2N4uTfQs/yo3mBYi,169.000,Nsmpq/og5cO95HwJ,183.000,02xuA6TviChey6nJ,189.000,Kxg/hrv/euEuhbOE,199.000,MwfJUdRQPbSNr9Io,201.000,obTLIQc2u6K1oipM,209.000,YHloJXirCx60SFnV,256.000,2iset8PVX4jSTSEH
1,29,2026-03-25T14:24:23.040Z,196.000,10,66.000,Do8hC1pw172W9xvw,86.000,2N4uTfQs/yo3mBYi,93.000,uT1RCshO88YMpxwE,157.000,Nsmpq/og5cO95HwJ,188.000,02xuA6TviChey6nJ,189.000,obTLIQc2u6K1oipM,196.000,YHloJXirCx60SFnV,197.000,2iset8PVX4jSTSEH,199.000,Kxg/hrv/euEuhbOE,211.000,MwfJUdRQPbSNr9Io
1,30,2026-03-25T14:24:23.236Z,213.000,10,73.000,Do8hC1pw172W9xvw,91.000,2N4uTfQs/yo3mBYi,128.000,uT1RCshO88YMpxwE,169.000,Nsmpq/og5cO95HwJ,196.000,obTLIQc2u6K1oipM,199.000,2iset8PVX4jSTSEH,212.000,YHloJXirCx60SFnV,217.000,MwfJUdRQPbSNr9Io,219.000,Kxg/hrv/euEuhbOE,223.000,02xuA6TviChey6nJ
1,31,2026-03-25T14:24:23.449Z,182.000,10,49.000,Do8hC1pw172W9xvw,76.000,2N4uTfQs/yo3mBYi,77.000,uT1RCshO88YMpxwE,147.000,Nsmpq/og5cO95HwJ,177.000,2iset8PVX4jSTSEH,181.000,02xuA6TviChey6nJ,182.000,MwfJUdRQPbSNr9Io,194.000,Kxg/hrv/euEuhbOE,196.000,obTLIQc2u6K1oipM,248.000,YHloJXirCx60SFnV
1,32,2026-03-25T14:24:23.631Z,204.000,10,70.000,Do8hC1pw172W9xvw,93.000,uT1RCshO88YMpxwE,114.000,2N4uTfQs/yo3mBYi,168.000,Nsmpq/og5cO95HwJ,197.000,Kxg/hrv/euEuhbOE,202.000,obTLIQc2u6K1oipM,204.000,YHloJXirCx60SFnV,205.000,MwfJUdRQPbSNr9Io,220.000,02xuA6TviChey6nJ,264.000,2iset8PVX4jSTSEH
1,33,2026-03-25T14:24:23.835Z,217.000,10,67.000,Do8hC1pw172W9xvw,89.000,uT1RCshO88YMpxwE,102.000,2N4uTfQs/yo3mBYi,173.000,Nsmpq/og5cO95HwJ,198.000,obTLIQc2u6K1oipM,216.000,MwfJUdRQPbSNr9Io,217.000,2iset8PVX4jSTSEH,220.000,YHloJXirCx60SFnV,249.000,Kxg/hrv/euEuhbOE,227.000,02xuA6TviChey6nJ
1,34,2026-03-25T14:24:24.052Z,197.000,10,57.000,Do8hC1pw172W9xvw,75.000,uT1RCshO88YMpxwE,91.000,2N4uTfQs/yo3mBYi,150.000,Nsmpq/og5cO95HwJ,187.000,obTLIQc2u6K1oipM,191.000,Kxg/hrv/euEuhbOE,197.000,02xuA6TviChey6nJ,198.000,2iset8PVX4jSTSEH,205.000,YHloJXirCx60SFnV,210.000,MwfJUdRQPbSNr9Io
1,35,2026-03-25T14:24:24.249Z,194.000,10,63.000,Do8hC1pw172W9xvw,80.000,uT1RCshO88YMpxwE,85.000,2N4uTfQs/yo3mBYi,152.000,Nsmpq/og5cO95HwJ,183.000,obTLIQc2u6K1oipM,192.000,Kxg/hrv/euEuhbOE,194.000,YHloJXirCx60SFnV,206.000,02xuA6TviChey6nJ,260.000,MwfJUdRQPbSNr9Io,304.000,2iset8PVX4jSTSEH
1,36,2026-03-25T14:24:24.443Z,208.000,10,77.000,Do8hC1pw172W9xvw,82.000,uT1RCshO88YMpxwE,91.000,2N4uTfQs/yo3mBYi,168.000,Nsmpq/og5cO95HwJ,202.000,Kxg/hrv/euEuhbOE,206.000,02xuA6TviChey6nJ,208.000,2iset8PVX4jSTSEH,210.000,obTLIQc2u6K1oipM,211.000,MwfJUdRQPbSNr9Io,265.000,YHloJXirCx60SFnV
1,37,2026-03-25T14:24:24.651Z,205.000,10,69.000,Do8hC1pw172W9xvw,80.000,uT1RCshO88YMpxwE,92.000,2N4uTfQs/yo3mBYi,161.000,Nsmpq/og5cO95HwJ,193.000,2iset8PVX4jSTSEH,202.000,YHloJXirCx60SFnV,205.000,Kxg/hrv/euEuhbOE,206.000,obTLIQc2u6K1oipM,207.000,MwfJUdRQPbSNr9Io,217.000,02xuA6TviChey6nJ
1,38,2026-03-25T14:24:24.856Z,187.000,10,45.000,Do8hC1pw172W9xvw,76.000,2N4uTfQs/yo3mBYi,80.000,uT1RCshO88YMpxwE,148.000,Nsmpq/og5cO95HwJ,173.000,2iset8PVX4jSTSEH,185.000,YHloJXirCx60SFnV,187.000,obTLIQc2u6K1oipM,191.000,Kxg/hrv/euEuhbOE,203.000,MwfJUdRQPbSNr9Io,251.000,02xuA6TviChey6nJ
1,39,2026-03-25T14:24:25.043Z,202.000,10,72.000,Do8hC1pw172W9xvw,87.000,uT1RCshO88YMpxwE,100.000,2N4uTfQs/yo3mBYi,165.000,Nsmpq/og5cO95HwJ,195.000,obTLIQc2u6K1oipM,201.000,02xuA6TviChey6nJ,202.000,2iset8PVX4jSTSEH,215.000,Kxg/hrv/euEuhbOE,225.000,MwfJUdRQPbSNr9Io,249.000,YHloJXirCx60SFnV
1,40,2026-03-25T14:24:25.245Z,200.000,10,65.000,Do8hC1pw172W9xvw,96.000,uT1RCshO88YMpxwE,101.000,2N4uTfQs/yo3mBYi,165.000,Nsmpq/og5cO95HwJ,187.000,obTLIQc2u6K1oipM,195.000,2iset8PVX4jSTSEH,200.000,02xuA6TviChey6nJ,208.000,MwfJUdRQPbSNr9Io,210.000,YHloJXirCx60SFnV,212.000,Kxg/hrv/euEuhbOE
1,41,2026-03-25T14:24:25.445Z,208.000,10,68.000,Do8hC1pw172W9xvw,97.000,uT1RCshO88YMpxwE,102.000,2N4uTfQs/yo3mBYi,168.000,Nsmpq/og5cO95HwJ,202.000,02xuA6TviChey6nJ,203.000,Kxg/hrv/euEuhbOE,208.000,2iset8PVX4jSTSEH,211.000,obTLIQc2u6K1oipM,215.000,MwfJUdRQPbSNr9Io,264.000,YHloJXirCx60SFnV
1,42,2026-03-25T14:24:25.653Z,195.000,10,57.000,Do8hC1pw172W9xvw,91.000,uT1RCshO88YMpxwE,98.000,2N4uTfQs/yo3mBYi,158.000,Nsmpq/og5cO95HwJ,186.000,obTLIQc2u6K1oipM,188.000,2iset8PVX4jSTSEH,194.000,YHloJXirCx60SFnV,198.000,MwfJUdRQPbSNr9Io,201.000,02xuA6TviChey6nJ,205.000,Kxg/hrv/euEuhbOE
1,43,2026-03-25T14:24:25.848Z,197.000,10,58.000,Do8hC1pw172W9xvw,89.000,uT1RCshO88YMpxwE,96.000,2N4uTfQs/yo3mBYi,158.000,Nsmpq/og5cO95HwJ,191.000,2iset8PVX4jSTSEH,194.000,Kxg/hrv/euEuhbOE,197.000,obTLIQc2u6K1oipM,202.000,YHloJXirCx60SFnV,219.000,02xuA6TviChey6nJ,222.000,MwfJUdRQPbSNr9Io
1,44,2026-03-25T14:24:26.045Z,209.000,10,79.000,Do8hC1pw172W9xvw,98.000,uT1RCshO88YMpxwE,110.000,2N4uTfQs/yo3mBYi,173.000,Nsmpq/og5cO95HwJ,193.000,obTLIQc2u6K1oipM,201.000,2iset8PVX4jSTSEH,208.000,02xuA6TviChey6nJ,210.000,Kxg/hrv/euEuhbOE,212.000,MwfJUdRQPbSNr9Io,236.000,YHloJXirCx60SFnV
1,45,2026-03-25T14:24:26.254Z,204.000,10,61.000,Do8hC1pw172W9xvw,89.000,uT1RCshO88YMpxwE,101.000,2N4uTfQs/yo3mBYi,163.000,Nsmpq/og5cO95HwJ,193.000,YHloJXirCx60SFnV,199.000,Kxg/hrv/euEuhbOE,204.000,2iset8PVX4jSTSEH,208.000,MwfJUdRQPbSNr9Io,211.000,obTLIQc2u6K1oipM,216.000,02xuA6TviChey6nJ
1,46,2026-03-25T14:24:26.458Z,205.000,10,64.000,Do8hC1pw172W9xvw,78.000,uT1RCshO88YMpxwE,100.000,2N4uTfQs/yo3mBYi,161.000,Nsmpq/og5cO95HwJ,172.000,obTLIQc2u6K1oipM,201.000,2iset8PVX4jSTSEH,205.000,MwfJUdRQPbSNr9Io,236.000,02xuA6TviChey6nJ,217.000,YHloJXirCx60SFnV,221.000,Kxg/hrv/euEuhbOE
1,47,2026-03-25T14:24:26.663Z,200.000,10,59.000,Do8hC1pw172W9xvw,84.000,uT1RCshO88YMpxwE,89.000,2N4uTfQs/yo3mBYi,156.000,Nsmpq/og5cO95HwJ,188.000,obTLIQc2u6K1oipM,199.000,MwfJUdRQPbSNr9Io,200.000,2iset8PVX4jSTSEH,201.000,02xuA6TviChey6nJ,207.000,Kxg/hrv/euEuhbOE,209.000,YHloJXirCx60SFnV
1,48,2026-03-25T14:24:26.863Z,208.000,10,65.000,Do8hC1pw172W9xvw,86.000,2N4uTfQs/yo3mBYi,89.000,uT1RCshO88YMpxwE,168.000,Nsmpq/og5cO95HwJ,199.000,obTLIQc2u6K1oipM,201.000,Kxg/hrv/euEuhbOE,207.000,YHloJXirCx60SFnV,210.000,2iset8PVX4jSTSEH,244.000,02xuA6TviChey6nJ,221.000,MwfJUdRQPbSNr9Io
1,49,2026-03-25T14:24:27.071Z,191.000,10,46.000,Do8hC1pw172W9xvw,80.000,uT1RCshO88YMpxwE,84.000,2N4uTfQs/yo3mBYi,148.000,Nsmpq/og5cO95HwJ,171.000,02xuA6TviChey6nJ,186.000,Kxg/hrv/euEuhbOE,191.000,obTLIQc2u6K1oipM,194.000,2iset8PVX4jSTSEH,199.000,MwfJUdRQPbSNr9Io,219.000,YHloJXirCx60SFnV
1,50,2026-03-25T14:24:27.262Z,192.000,10,59.000,Do8hC1pw172W9xvw,74.000,uT1RCshO88YMpxwE,107.000,2N4uTfQs/yo3mBYi,154.000,Nsmpq/og5cO95HwJ,180.000,obTLIQc2u6K1oipM,185.000,Kxg/hrv/euEuhbOE,192.000,2iset8PVX4jSTSEH,200.000,02xuA6TviChey6nJ,211.000,MwfJUdRQPbSNr9Io,217.000,YHloJXirCx60SFnV
1,51,2026-03-25T14:24:27.454Z,209.000,10,77.000,Do8hC1pw172W9xvw,92.000,uT1RCshO88YMpxwE,110.000,2N4uTfQs/yo3mBYi,168.000,Nsmpq/og5cO95HwJ,206.000,02xuA6TviChey6nJ,207.000,2iset8PVX4jSTSEH,209.000,obTLIQc2u6K1oipM,210.000,MwfJUdRQPbSNr9Io,211.000,YHloJXirCx60SFnV,277.000,Kxg/hrv/euEuhbOE
1,52,2026-03-25T14:24:27.663Z,212.000,10,57.000,Do8hC1pw172W9xvw,80.000,uT1RCshO88YMpxwE,89.000,2N4uTfQs/yo3mBYi,165.000,Nsmpq/og5cO95HwJ,193.000,obTLIQc2u6K1oipM,202.000,MwfJUdRQPbSNr9Io,212.000,02xuA6TviChey6nJ,257.000,2iset8PVX4jSTSEH,301.000,YHloJXirCx60SFnV,219.000,Kxg/hrv/euEuhbOE
1,53,2026-03-25T14:24:27.875Z,188.000,10,58.000,Do8hC1pw172W9xvw,77.000,2N4uTfQs/yo3mBYi,82.000,uT1RCshO88YMpxwE,142.000,Nsmpq/og5cO95HwJ,167.000,2iset8PVX4jSTSEH,169.000,obTLIQc2u6K1oipM,188.000,YHloJXirCx60SFnV,197.000,MwfJUdRQPbSNr9Io,200.000,Kxg/hrv/euEuhbOE,212.000,02xuA6TviChey6nJ
1,54,2026-03-25T14:24:28.063Z,206.000,10,66.000,Do8hC1pw172W9xvw,81.000,uT1RCshO88YMpxwE,107.000,2N4uTfQs/yo3mBYi,172.000,Nsmpq/og5cO95HwJ,185.000,Kxg/hrv/euEuhbOE,204.000,MwfJUdRQPbSNr9Io,206.000,obTLIQc2u6K1oipM,295.000,2iset8PVX4jSTSEH,215.000,YHloJXirCx60SFnV,261.000,02xuA6TviChey6nJ
1,55,2026-03-25T14:24:28.269Z,199.000,10,59.000,Do8hC1pw172W9xvw,80.000,uT1RCshO88YMpxwE,92.000,2N4uTfQs/yo3mBYi,158.000,Nsmpq/og5cO95HwJ,189.000,YHloJXirCx60SFnV,196.000,obTLIQc2u6K1oipM,199.000,Kxg/hrv/euEuhbOE,209.000,2iset8PVX4jSTSEH,211.000,MwfJUdRQPbSNr9Io,218.000,02xuA6TviChey6nJ
1,56,2026-03-25T14:24:28.468Z,208.000,10,61.000,Do8hC1pw172W9xvw,72.000,uT1RCshO88YMpxwE,95.000,2N4uTfQs/yo3mBYi,161.000,Nsmpq/og5cO95HwJ,195.000,Kxg/hrv/euEuhbOE,204.000,obTLIQc2u6K1oipM,208.000,MwfJUdRQPbSNr9Io,210.000,02xuA6TviChey6nJ,212.000,2iset8PVX4jSTSEH,215.000,YHloJXirCx60SFnV
1,57,2026-03-25T14:24:28.676Z,201.000,10,64.000,Do8hC1pw172W9xvw,76.000,uT1RCshO88YMpxwE,101.000,2N4uTfQs/yo3mBYi,151.000,Nsmpq/og5cO95HwJ,183.000,obTLIQc2u6K1oipM,189.000,2iset8PVX4jSTSEH,201.000,Kxg/hrv/euEuhbOE,203.000,MwfJUdRQPbSNr9Io,204.000,YHloJXirCx60SFnV,210.000,02xuA6TviChey6nJ
1,58,2026-03-25T14:24:28.877Z,196.000,10,54.000,Do8hC1pw172W9xvw,86.000,uT1RCshO88YMpxwE,95.000,2N4uTfQs/yo3mBYi,157.000,Nsmpq/og5cO95HwJ,183.000,Kxg/hrv/euEuhbOE,193.000,obTLIQc2u6K1oipM,196.000,YHloJXirCx60SFnV,199.000,2iset8PVX4jSTSEH,207.000,MwfJUdRQPbSNr9Io,261.000,02xuA6TviChey6nJ
1,59,2026-03-25T14:24:29.073Z,198.000,10,64.000,Do8hC1pw172W9xvw,78.000,uT1RCshO88YMpxwE,97.000,2N4uTfQs/yo3mBYi,159.000,Nsmpq/og5cO95HwJ,180.000,obTLIQc2u6K1oipM,187.000,02xuA6TviChey6nJ,198.000,Kxg/hrv/euEuhbOE,208.000,YHloJXirCx60SFnV,209.000,2iset8PVX4jSTSEH,256.000,MwfJUdRQPbSNr9Io
1,60,2026-03-25T14:24:29.271Z,207.000,10,65.000,Do8hC1pw172W9xvw,85.000,uT1RCshO88YMpxwE,105.000,2N4uTfQs/yo3mBYi,169.000,Nsmpq/og5cO95HwJ,192.000,Kxg/hrv/euEuhbOE,205.000,2iset8PVX4jSTSEH,207.000,obTLIQc2u6K1oipM,208.000,MwfJUdRQPbSNr9Io,211.000,YHloJXirCx60SFnV,219.000,02xuA6TviChey6nJ
1,61,2026-03-25T14:24:29.478Z,204.000,10,66.000,Do8hC1pw172W9xvw,69.000,uT1RCshO88YMpxwE,94.000,2N4uTfQs/yo3mBYi,162.000,Nsmpq/og5cO95HwJ,185.000,MwfJUdRQPbSNr9Io,198.000,obTLIQc2u6K1oipM,204.000,Kxg/hrv/euEuhbOE,209.000,2iset8PVX4jSTSEH,212.000,YHloJXirCx60SFnV,217.000,02xuA6TviChey6nJ
1,62,2026-03-25T14:24:29.682Z,191.000,10,70.000,uT1RCshO88YMpxwE,71.000,Do8hC1pw172W9xvw,101.000,2N4uTfQs/yo3mBYi,160.000,Nsmpq/og5cO95HwJ,164.000,obTLIQc2u6K1oipM,180.000,2iset8PVX4jSTSEH,191.000,Kxg/hrv/euEuhbOE,209.000,02xuA6TviChey6nJ,214.000,YHloJXirCx60SFnV,248.000,MwfJUdRQPbSNr9Io
1,63,2026-03-25T14:24:29.873Z,212.000,10,61.000,Do8hC1pw172W9xvw,79.000,uT1RCshO88YMpxwE,110.000,2N4uTfQs/yo3mBYi,164.000,Nsmpq/og5cO95HwJ,197.000,obTLIQc2u6K1oipM,210.000,2iset8PVX4jSTSEH,212.000,YHloJXirCx60SFnV,216.000,MwfJUdRQPbSNr9Io,219.000,Kxg/hrv/euEuhbOE,224.000,02xuA6TviChey6nJ
1,64,2026-03-25T14:24:30.085Z,201.000,10,58.000,Do8hC1pw172W9xvw,93.000,uT1RCshO88YMpxwE,101.000,2N4uTfQs/yo3mBYi,162.000,Nsmpq/og5cO95HwJ,193.000,obTLIQc2u6K1oipM,194.000,02xuA6TviChey6nJ,201.000,Kxg/hrv/euEuhbOE,259.000,YHloJXirCx60SFnV,211.000,2iset8PVX4jSTSEH,308.000,MwfJUdRQPbSNr9Io
1,65,2026-03-25T14:24:30.286Z,189.000,10,61.000,Do8hC1pw172W9xvw,69.000,uT1RCshO88YMpxwE,87.000,2N4uTfQs/yo3mBYi,153.000,Nsmpq/og5cO95HwJ,169.000,Kxg/hrv/euEuhbOE,187.000,obTLIQc2u6K1oipM,189.000,2iset8PVX4jSTSEH,207.000,MwfJUdRQPbSNr9Io,209.000,02xuA6TviChey6nJ,211.000,YHloJXirCx60SFnV
1,66,2026-03-25T14:24:30.475Z,200.000,10,67.000,Do8hC1pw172W9xvw,106.000,2N4uTfQs/yo3mBYi,119.000,uT1RCshO88YMpxwE,164.000,Nsmpq/og5cO95HwJ,189.000,obTLIQc2u6K1oipM,194.000,02xuA6TviChey6nJ,200.000,2iset8PVX4jSTSEH,216.000,YHloJXirCx60SFnV,218.000,MwfJUdRQPbSNr9Io,267.000,Kxg/hrv/euEuhbOE
1,67,2026-03-25T14:24:30.675Z,206.000,10,62.000,Do8hC1pw172W9xvw,88.000,uT1RCshO88YMpxwE,103.000,2N4uTfQs/yo3mBYi,166.000,Nsmpq/og5cO95HwJ,195.000,obTLIQc2u6K1oipM,202.000,MwfJUdRQPbSNr9Io,206.000,YHloJXirCx60SFnV,214.000,2iset8PVX4jSTSEH,224.000,Kxg/hrv/euEuhbOE,229.000,02xuA6TviChey6nJ
1,68,2026-03-25T14:24:30.881Z,204.000,10,59.000,Do8hC1pw172W9xvw,82.000,uT1RCshO88YMpxwE,97.000,2N4uTfQs/yo3mBYi,164.000,Nsmpq/og5cO95HwJ,190.000,02xuA6TviChey6nJ,199.000,Kxg/hrv/euEuhbOE,204.000,MwfJUdRQPbSNr9Io,208.000,YHloJXirCx60SFnV,209.000,2iset8PVX4jSTSEH,220.000,obTLIQc2u6K1oipM
1,69,2026-03-25T14:24:31.085Z,216.000,10,57.000,Do8hC1pw172W9xvw,88.000,2N4uTfQs/yo3mBYi,90.000,uT1RCshO88YMpxwE,171.000,Nsmpq/og5cO95HwJ,200.000,2iset8PVX4jSTSEH,201.000,obTLIQc2u6K1oipM,216.000,Kxg/hrv/euEuhbOE,217.000,MwfJUdRQPbSNr9Io,218.000,YHloJXirCx60SFnV,222.000,02xuA6TviChey6nJ
1,70,2026-03-25T14:24:31.301Z,183.000,10,46.000,Do8hC1pw172W9xvw,58.000,uT1RCshO88YMpxwE,88.000,2N4uTfQs/yo3mBYi,147.000,Nsmpq/og5cO95HwJ,178.000,obTLIQc2u6K1oipM,179.000,02xuA6TviChey6nJ,183.000,Kxg/hrv/euEuhbOE,189.000,MwfJUdRQPbSNr9Io,195.000,YHloJXirCx60SFnV,200.000,2iset8PVX4jSTSEH
1,71,2026-03-25T14:24:31.484Z,208.000,10,82.000,Do8hC1pw172W9xvw,88.000,uT1RCshO88YMpxwE,109.000,2N4uTfQs/yo3mBYi,169.000,Nsmpq/og5cO95HwJ,201.000,Kxg/hrv/euEuhbOE,207.000,MwfJUdRQPbSNr9Io,208.000,YHloJXirCx60SFnV,212.000,obTLIQc2u6K1oipM,216.000,2iset8PVX4jSTSEH,221.000,02xuA6TviChey6nJ
1,72,2026-03-25T14:24:31.692Z,194.000,10,65.000,Do8hC1pw172W9xvw,80.000,uT1RCshO88YMpxwE,87.000,2N4uTfQs/yo3mBYi,158.000,Nsmpq/og5cO95HwJ,190.000,Kxg/hrv/euEuhbOE,192.000,obTLIQc2u6K1oipM,194.000,YHloJXirCx60SFnV,202.000,2iset8PVX4jSTSEH,207.000,MwfJUdRQPbSNr9Io,230.000,02xuA6TviChey6nJ
1,73,2026-03-25T14:24:31.886Z,203.000,10,67.000,Do8hC1pw172W9xvw,91.000,uT1RCshO88YMpxwE,98.000,2N4uTfQs/yo3mBYi,163.000,Nsmpq/og5cO95HwJ,178.000,02xuA6TviChey6nJ,196.000,2iset8PVX4jSTSEH,202.000,obTLIQc2u6K1oipM,207.000,MwfJUdRQPbSNr9Io,212.000,YHloJXirCx60SFnV,215.000,Kxg/hrv/euEuhbOE
1,74,2026-03-25T14:24:32.089Z,200.000,10,57.000,Do8hC1pw172W9xvw,76.000,uT1RCshO88YMpxwE,100.000,2N4uTfQs/yo3mBYi,166.000,Nsmpq/og5cO95HwJ,197.000,obTLIQc2u6K1oipM,198.000,2iset8PVX4jSTSEH,200.000,MwfJUdRQPbSNr9Io,202.000,YHloJXirCx60SFnV,207.000,Kxg/hrv/euEuhbOE,219.000,02xuA6TviChey6nJ
1,75,2026-03-25T14:24:32.289Z,189.000,10,71.000,Do8hC1pw172W9xvw,93.000,uT1RCshO88YMpxwE,94.000,2N4uTfQs/yo3mBYi,160.000,Nsmpq/og5cO95HwJ,184.000,obTLIQc2u6K1oipM,188.000,YHloJXirCx60SFnV,189.000,Kxg/hrv/euEuhbOE,199.000,2iset8PVX4jSTSEH,205.000,02xuA6TviChey6nJ,212.000,MwfJUdRQPbSNr9Io
1,76,2026-03-25T14:24:32.478Z,217.000,10,77.000,Do8hC1pw172W9xvw,115.000,uT1RCshO88YMpxwE,117.000,2N4uTfQs/yo3mBYi,180.000,Nsmpq/og5cO95HwJ,206.000,obTLIQc2u6K1oipM,209.000,2iset8PVX4jSTSEH,217.000,YHloJXirCx60SFnV,221.000,MwfJUdRQPbSNr9Io,224.000,02xuA6TviChey6nJ,271.000,Kxg/hrv/euEuhbOE
1,77,2026-03-25T14:24:32.695Z,196.000,10,63.000,Do8hC1pw172W9xvw,87.000,uT1RCshO88YMpxwE,104.000,2N4uTfQs/yo3mBYi,158.000,Nsmpq/og5cO95HwJ,190.000,02xuA6TviChey6nJ,191.000,obTLIQc2u6K1oipM,196.000,Kxg/hrv/euEuhbOE,198.000,MwfJUdRQPbSNr9Io,213.000,YHloJXirCx60SFnV,263.000,2iset8PVX4jSTSEH
1,78,2026-03-25T14:24:32.891Z,210.000,10,78.000,Do8hC1pw172W9xvw,84.000,uT1RCshO88YMpxwE,112.000,2N4uTfQs/yo3mBYi,173.000,Nsmpq/og5cO95HwJ,186.000,obTLIQc2u6K1oipM,201.000,2iset8PVX4jSTSEH,210.000,YHloJXirCx60SFnV,216.000,MwfJUdRQPbSNr9Io,269.000,02xuA6TviChey6nJ,309.000,Kxg/hrv/euEuhbOE
1,79,2026-03-25T14:24:33.101Z,197.000,10,69.000,Do8hC1pw172W9xvw,79.000,uT1RCshO88YMpxwE,101.000,2N4uTfQs/yo3mBYi,158.000,Nsmpq/og5cO95HwJ,176.000,obTLIQc2u6K1oipM,191.000,2iset8PVX4jSTSEH,197.000,MwfJUdRQPbSNr9Io,210.000,02xuA6TviChey6nJ,216.000,Kxg/hrv/euEuhbOE,232.000,YHloJXirCx60SFnV
1,80,2026-03-25T14:24:33.298Z,197.000,10,56.000,Do8hC1pw172W9xvw,74.000,uT1RCshO88YMpxwE,88.000,2N4uTfQs/yo3mBYi,166.000,Nsmpq/og5cO95HwJ,173.000,Kxg/hrv/euEuhbOE,185.000,MwfJUdRQPbSNr9Io,197.000,obTLIQc2u6K1oipM,198.000,2iset8PVX4jSTSEH,206.000,02xuA6TviChey6nJ,213.000,YHloJXirCx60SFnV
1,81,2026-03-25T14:24:33.495Z,188.000,10,66.000,Do8hC1pw172W9xvw,93.000,uT1RCshO88YMpxwE,95.000,2N4uTfQs/yo3mBYi,178.000,Nsmpq/og5cO95HwJ,182.000,MwfJUdRQPbSNr9Io,185.000,obTLIQc2u6K1oipM,188.000,Kxg/hrv/euEuhbOE,209.000,02xuA6TviChey6nJ,263.000,2iset8PVX4jSTSEH,307.000,YHloJXirCx60SFnV
1,82,2026-03-25T14:24:33.683Z,201.000,10,83.000,Do8hC1pw172W9xvw,107.000,uT1RCshO88YMpxwE,108.000,2N4uTfQs/yo3mBYi,182.000,Nsmpq/og5cO95HwJ,198.000,Kxg/hrv/euEuhbOE,199.000,obTLIQc2u6K1oipM,200.000,MwfJUdRQPbSNr9Io,213.000,YHloJXirCx60SFnV,225.000,02xuA6TviChey6nJ,240.000,2iset8PVX4jSTSEH
1,83,2026-03-25T14:24:33.884Z,201.000,10,85.000,Do8hC1pw172W9xvw,105.000,uT1RCshO88YMpxwE,113.000,2N4uTfQs/yo3mBYi,197.000,MwfJUdRQPbSNr9Io,198.000,Nsmpq/og5cO95HwJ,199.000,Kxg/hrv/euEuhbOE,201.000,02xuA6TviChey6nJ,213.000,obTLIQc2u6K1oipM,216.000,2iset8PVX4jSTSEH,230.000,YHloJXirCx60SFnV
1,84,2026-03-25T14:24:34.085Z,206.000,10,91.000,Do8hC1pw172W9xvw,96.000,uT1RCshO88YMpxwE,124.000,2N4uTfQs/yo3mBYi,195.000,MwfJUdRQPbSNr9Io,199.000,Kxg/hrv/euEuhbOE,200.000,Nsmpq/og5cO95HwJ,206.000,obTLIQc2u6K1oipM,227.000,YHloJXirCx60SFnV,237.000,02xuA6TviChey6nJ,262.000,2iset8PVX4jSTSEH
1,85,2026-03-25T14:24:34.291Z,197.000,10,74.000,Do8hC1pw172W9xvw,99.000,uT1RCshO88YMpxwE,123.000,2N4uTfQs/yo3mBYi,177.000,Nsmpq/og5cO95HwJ,184.000,MwfJUdRQPbSNr9Io,196.000,obTLIQc2u6K1oipM,197.000,Kxg/hrv/euEuhbOE,219.000,2iset8PVX4jSTSEH,220.000,YHloJXirCx60SFnV,222.000,02xuA6TviChey6nJ
1,86,2026-03-25T14:24:34.488Z,206.000,10,82.000,Do8hC1pw172W9xvw,111.000,uT1RCshO88YMpxwE,114.000,2N4uTfQs/yo3mBYi,185.000,Nsmpq/og5cO95HwJ,196.000,Kxg/hrv/euEuhbOE,204.000,MwfJUdRQPbSNr9Io,206.000,2iset8PVX4jSTSEH,212.000,obTLIQc2u6K1oipM,228.000,02xuA6TviChey6nJ,241.000,YHloJXirCx60SFnV
1,87,2026-03-25T14:24:34.694Z,203.000,10,82.000,Do8hC1pw172W9xvw,99.000,uT1RCshO88YMpxwE,106.000,2N4uTfQs/yo3mBYi,184.000,Nsmpq/og5cO95HwJ,187.000,Kxg/hrv/euEuhbOE,192.000,obTLIQc2u6K1oipM,203.000,MwfJUdRQPbSNr9Io,204.000,2iset8PVX4jSTSEH,219.000,02xuA6TviChey6nJ,221.000,YHloJXirCx60SFnV
1,88,2026-03-25T14:24:34.897Z,209.000,10,68.000,Do8hC1pw172W9xvw,101.000,uT1RCshO88YMpxwE,116.000,2N4uTfQs/yo3mBYi,183.000,Kxg/hrv/euEuhbOE,191.000,MwfJUdRQPbSNr9Io,193.000,Nsmpq/og5cO95HwJ,209.000,obTLIQc2u6K1oipM,222.000,YHloJXirCx60SFnV,224.000,2iset8PVX4jSTSEH,271.000,02xuA6TviChey6nJ
1,89,2026-03-25T14:24:35.106Z,190.000,10,76.000,Do8hC1pw172W9xvw,97.000,uT1RCshO88YMpxwE,100.000,2N4uTfQs/yo3mBYi,171.000,Kxg/hrv/euEuhbOE,174.000,Nsmpq/og5cO95HwJ,185.000,MwfJUdRQPbSNr9Io,190.000,2iset8PVX4jSTSEH,202.000,YHloJXirCx60SFnV,208.000,02xuA6TviChey6nJ,209.000,obTLIQc2u6K1oipM
1,90,2026-03-25T14:24:35.296Z,201.000,10,87.000,Do8hC1pw172W9xvw,100.000,uT1RCshO88YMpxwE,119.000,2N4uTfQs/yo3mBYi,194.000,Kxg/hrv/euEuhbOE,197.000,Nsmpq/og5cO95HwJ,200.000,MwfJUdRQPbSNr9Io,201.000,2iset8PVX4jSTSEH,226.000,obTLIQc2u6K1oipM,228.000,YHloJXirCx60SFnV,230.000,02xuA6TviChey6nJ
1,91,2026-03-25T14:24:35.497Z,230.000,10,84.000,Do8hC1pw172W9xvw,111.000,uT1RCshO88YMpxwE,123.000,2N4uTfQs/yo3mBYi,189.000,Nsmpq/og5cO95HwJ,200.000,MwfJUdRQPbSNr9Io,221.000,obTLIQc2u6K1oipM,229.000,02xuA6TviChey6nJ,234.000,YHloJXirCx60SFnV,236.000,2iset8PVX4jSTSEH,239.000,Kxg/hrv/euEuhbOE
1,92,2026-03-25T14:24:35.727Z,203.000,10,81.000,uT1RCshO88YMpxwE,94.000,2N4uTfQs/yo3mBYi,165.000,Nsmpq/og5cO95HwJ,173.000,MwfJUdRQPbSNr9Io,197.000,2iset8PVX4jSTSEH,200.000,Do8hC1pw172W9xvw,202.000,obTLIQc2u6K1oipM,205.000,Kxg/hrv/euEuhbOE,207.000,02xuA6TviChey6nJ,212.000,YHloJXirCx60SFnV
1,93,2026-03-25T14:24:35.930Z,183.000,10,68.000,uT1RCshO88YMpxwE,82.000,2N4uTfQs/yo3mBYi,142.000,Nsmpq/og5cO95HwJ,160.000,Do8hC1pw172W9xvw,171.000,MwfJUdRQPbSNr9Io,175.000,obTLIQc2u6K1oipM,183.000,YHloJXirCx60SFnV,189.000,Kxg/hrv/euEuhbOE,191.000,02xuA6TviChey6nJ,200.000,2iset8PVX4jSTSEH
1,94,2026-03-25T14:24:36.113Z,208.000,10,82.000,uT1RCshO88YMpxwE,100.000,2N4uTfQs/yo3mBYi,159.000,Nsmpq/og5cO95HwJ,193.000,MwfJUdRQPbSNr9Io,200.000,Do8hC1pw172W9xvw,204.000,YHloJXirCx60SFnV,208.000,obTLIQc2u6K1oipM,215.000,2iset8PVX4jSTSEH,217.000,Kxg/hrv/euEuhbOE,217.000,02xuA6TviChey6nJ
1,95,2026-03-25T14:24:36.321Z,196.000,10,79.000,uT1RCshO88YMpxwE,86.000,2N4uTfQs/yo3mBYi,155.000,Do8hC1pw172W9xvw,165.000,Nsmpq/og5cO95HwJ,180.000,MwfJUdRQPbSNr9Io,181.000,Kxg/hrv/euEuhbOE,195.000,2iset8PVX4jSTSEH,203.000,obTLIQc2u6K1oipM,204.000,YHloJXirCx60SFnV,210.000,02xuA6TviChey6nJ
1,96,2026-03-25T14:24:36.517Z,213.000,10,92.000,uT1RCshO88YMpxwE,105.000,2N4uTfQs/yo3mBYi,170.000,Do8hC1pw172W9xvw,179.000,Nsmpq/og5cO95HwJ,187.000,MwfJUdRQPbSNr9Io,194.000,Kxg/hrv/euEuhbOE,212.000,2iset8PVX4jSTSEH,234.000,02xuA6TviChey6nJ,235.000,obTLIQc2u6K1oipM,236.000,YHloJXirCx60SFnV
1,97,2026-03-25T14:24:36.730Z,193.000,10,69.000,uT1RCshO88YMpxwE,85.000,2N4uTfQs/yo3mBYi,146.000,Do8hC1pw172W9xvw,163.000,Kxg/hrv/euEuhbOE,170.000,MwfJUdRQPbSNr9Io,171.000,Nsmpq/og5cO95HwJ,193.000,YHloJXirCx60SFnV,198.000,2iset8PVX4jSTSEH,202.000,02xuA6TviChey6nJ,204.000,obTLIQc2u6K1oipM
1,98,2026-03-25T14:24:36.923Z,199.000,10,88.000,2N4uTfQs/yo3mBYi,90.000,uT1RCshO88YMpxwE,178.000,Kxg/hrv/euEuhbOE,179.000,MwfJUdRQPbSNr9Io,183.000,Nsmpq/og5cO95HwJ,192.000,Do8hC1pw172W9xvw,199.000,obTLIQc2u6K1oipM,212.000,02xuA6TviChey6nJ,215.000,2iset8PVX4jSTSEH,219.000,YHloJXirCx60SFnV
1,99,2026-03-25T14:24:37.122Z,208.000,10,93.000,2N4uTfQs/yo3mBYi,102.000,uT1RCshO88YMpxwE,174.000,Nsmpq/og5cO95HwJ,191.000,MwfJUdRQPbSNr9Io,196.000,Do8hC1pw172W9xvw,207.000,2iset8PVX4jSTSEH,208.000,02xuA6TviChey6nJ,209.000,obTLIQc2u6K1oipM,230.000,YHloJXirCx60SFnV,242.000,Kxg/hrv/euEuhbOE
1,100,2026-03-25T14:24:37.330Z,200.000,10,90.000,2N4uTfQs/yo3mBYi,95.000,uT1RCshO88YMpxwE,146.000,Do8hC1pw172W9xvw,164.000,Nsmpq/og5cO95HwJ,190.000,MwfJUdRQPbSNr9Io,198.000,02xuA6TviChey6nJ,200.000,obTLIQc2u6K1oipM,202.000,2iset8PVX4jSTSEH,214.000,Kxg/hrv/euEuhbOE,221.000,YHloJXirCx60SFnV
1,101,2026-03-25T14:24:37.530Z,200.000,10,89.000,2N4uTfQs/yo3mBYi,99.000,uT1RCshO88YMpxwE,147.000,Do8hC1pw172W9xvw,155.000,Nsmpq/og5cO95HwJ,188.000,02xuA6TviChey6nJ,196.000,MwfJUdRQPbSNr9Io,200.000,YHloJXirCx60SFnV,202.000,2iset8PVX4jSTSEH,204.000,obTLIQc2u6K1oipM,213.000,Kxg/hrv/euEuhbOE
1,102,2026-03-25T14:24:37.730Z,204.000,10,92.000,uT1RCshO88YMpxwE,95.000,2N4uTfQs/yo3mBYi,142.000,Do8hC1pw172W9xvw,167.000,Nsmpq/og5cO95HwJ,186.000,MwfJUdRQPbSNr9Io,203.000,obTLIQc2u6K1oipM,204.000,Kxg/hrv/euEuhbOE,217.000,YHloJXirCx60SFnV,223.000,2iset8PVX4jSTSEH,233.000,02xuA6TviChey6nJ
1,103,2026-03-25T14:24:37.934Z,210.000,10,90.000,2N4uTfQs/yo3mBYi,103.000,uT1RCshO88YMpxwE,160.000,Do8hC1pw172W9xvw,171.000,Nsmpq/og5cO95HwJ,181.000,MwfJUdRQPbSNr9Io,194.000,Kxg/hrv/euEuhbOE,210.000,02xuA6TviChey6nJ,211.000,YHloJXirCx60SFnV,214.000,2iset8PVX4jSTSEH,232.000,obTLIQc2u6K1oipM
1,104,2026-03-25T14:24:38.144Z,201.000,10,87.000,uT1RCshO88YMpxwE,90.000,2N4uTfQs/yo3mBYi,133.000,Nsmpq/og5cO95HwJ,163.000,Do8hC1pw172W9xvw,170.000,MwfJUdRQPbSNr9Io,191.000,2iset8PVX4jSTSEH,200.000,obTLIQc2u6K1oipM,213.000,YHloJXirCx60SFnV,217.000,Kxg/hrv/euEuhbOE,224.000,02xuA6TviChey6nJ
1,105,2026-03-25T14:24:38.345Z,210.000,10,83.000,2N4uTfQs/yo3mBYi,89.000,uT1RCshO88YMpxwE,150.000,Nsmpq/og5cO95HwJ,172.000,MwfJUdRQPbSNr9Io,186.000,obTLIQc2u6K1oipM,205.000,Kxg/hrv/euEuhbOE,210.000,2iset8PVX4jSTSEH,262.000,02xuA6TviChey6nJ,263.000,Do8hC1pw172W9xvw,267.000,YHloJXirCx60SFnV
1,106,2026-03-25T14:24:38.555Z,188.000,10,94.000,2N4uTfQs/yo3mBYi,97.000,uT1RCshO88YMpxwE,152.000,Nsmpq/og5cO95HwJ,169.000,MwfJUdRQPbSNr9Io,182.000,obTLIQc2u6K1oipM,186.000,Do8hC1pw172W9xvw,187.000,YHloJXirCx60SFnV,205.000,2iset8PVX4jSTSEH,223.000,Kxg/hrv/euEuhbOE,224.000,02xuA6TviChey6nJ
1,107,2026-03-25T14:24:38.743Z,202.000,10,77.000,2N4uTfQs/yo3mBYi,92.000,uT1RCshO88YMpxwE,135.000,Do8hC1pw172W9xvw,171.000,Nsmpq/og5cO95HwJ,186.000,MwfJUdRQPbSNr9Io,200.000,obTLIQc2u6K1oipM,202.000,2iset8PVX4jSTSEH,217.000,YHloJXirCx60SFnV,217.000,Kxg/hrv/euEuhbOE,223.000,02xuA6TviChey6nJ
1,108,2026-03-25T14:24:38.945Z,210.000,10,79.000,2N4uTfQs/yo3mBYi,89.000,uT1RCshO88YMpxwE,136.000,Do8hC1pw172W9xvw,168.000,MwfJUdRQPbSNr9Io,168.000,Nsmpq/og5cO95HwJ,204.000,Kxg/hrv/euEuhbOE,210.000,2iset8PVX4jSTSEH,215.000,obTLIQc2u6K1oipM,218.000,YHloJXirCx60SFnV,220.000,02xuA6TviChey6nJ
1,109,2026-03-25T14:24:39.155Z,186.000,10,78.000,uT1RCshO88YMpxwE,83.000,2N4uTfQs/yo3mBYi,128.000,Do8hC1pw172W9xvw,155.000,MwfJUdRQPbSNr9Io,157.000,Nsmpq/og5cO95HwJ,182.000,2iset8PVX4jSTSEH,186.000,obTLIQc2u6K1oipM,195.000,Kxg/hrv/euEuhbOE,206.000,02xuA6TviChey6nJ,219.000,YHloJXirCx60SFnV
1,110,2026-03-25T14:24:39.341Z,219.000,10,89.000,2N4uTfQs/yo3mBYi,95.000,uT1RCshO88YMpxwE,151.000,Do8hC1pw172W9xvw,175.000,MwfJUdRQPbSNr9Io,181.000,Nsmpq/og5cO95HwJ,218.000,obTLIQc2u6K1oipM,219.000,Kxg/hrv/euEuhbOE,229.000,YHloJXirCx60SFnV,249.000,02xuA6TviChey6nJ,251.000,2iset8PVX4jSTSEH
1,111,2026-03-25T14:24:39.560Z,196.000,10,68.000,uT1RCshO88YMpxwE,93.000,2N4uTfQs/yo3mBYi,122.000,Do8hC1pw172W9xvw,144.000,Nsmpq/og5cO95HwJ,161.000,MwfJUdRQPbSNr9Io,190.000,obTLIQc2u6K1oipM,195.000,YHloJXirCx60SFnV,210.000,Kxg/hrv/euEuhbOE,228.000,2iset8PVX4jSTSEH,239.000,02xuA6TviChey6nJ
1,112,2026-03-25T14:24:39.756Z,209.000,10,79.000,uT1RCshO88YMpxwE,101.000,2N4uTfQs/yo3mBYi,132.000,Do8hC1pw172W9xvw,150.000,Nsmpq/og5cO95HwJ,154.000,MwfJUdRQPbSNr9Io,186.000,obTLIQc2u6K1oipM,209.000,YHloJXirCx60SFnV,221.000,Kxg/hrv/euEuhbOE,226.000,2iset8PVX4jSTSEH,235.000,02xuA6TviChey6nJ
1,113,2026-03-25T14:24:39.965Z,220.000,10,82.000,2N4uTfQs/yo3mBYi,83.000,uT1RCshO88YMpxwE,120.000,Do8hC1pw172W9xvw,144.000,Nsmpq/og5cO95HwJ,156.000,MwfJUdRQPbSNr9Io,192.000,obTLIQc2u6K1oipM,195.000,YHloJXirCx60SFnV,221.000,Kxg/hrv/euEuhbOE,222.000,2iset8PVX4jSTSEH,300.000,02xuA6TviChey6nJ
1,114,2026-03-25T14:24:40.185Z,166.000,10,61.000,uT1RCshO88YMpxwE,75.000,2N4uTfQs/yo3mBYi,99.000,Do8hC1pw172W9xvw,123.000,Nsmpq/og5cO95HwJ,152.000,Kxg/hrv/euEuhbOE,155.000,MwfJUdRQPbSNr9Io,166.000,obTLIQc2u6K1oipM,185.000,YHloJXirCx60SFnV,206.000,2iset8PVX4jSTSEH,223.000,02xuA6TviChey6nJ
1,115,2026-03-25T14:24:40.351Z,194.000,10,97.000,uT1RCshO88YMpxwE,111.000,2N4uTfQs/yo3mBYi,141.000,Nsmpq/og5cO95HwJ,168.000,Do8hC1pw172W9xvw,191.000,MwfJUdRQPbSNr9Io,192.000,YHloJXirCx60SFnV,194.000,obTLIQc2u6K1oipM,197.000,Kxg/hrv/euEuhbOE,244.000,02xuA6TviChey6nJ,245.000,2iset8PVX4jSTSEH
1,116,2026-03-25T14:24:40.545Z,214.000,10,105.000,uT1RCshO88YMpxwE,112.000,2N4uTfQs/yo3mBYi,153.000,Do8hC1pw172W9xvw,180.000,MwfJUdRQPbSNr9Io,181.000,Nsmpq/og5cO95HwJ,202.000,obTLIQc2u6K1oipM,214.000,YHloJXirCx60SFnV,221.000,Kxg/hrv/euEuhbOE,225.000,02xuA6TviChey6nJ,244.000,2iset8PVX4jSTSEH
1,117,2026-03-25T14:24:40.759Z,200.000,10,80.000,uT1RCshO88YMpxwE,102.000,2N4uTfQs/yo3mBYi,156.000,MwfJUdRQPbSNr9Io,157.000,Nsmpq/og5cO95HwJ,174.000,obTLIQc2u6K1oipM,175.000,Do8hC1pw172W9xvw,200.000,YHloJXirCx60SFnV,234.000,Kxg/hrv/euEuhbOE,235.000,2iset8PVX4jSTSEH,243.000,02xuA6TviChey6nJ
1,118,2026-03-25T14:24:40.959Z,201.000,10,92.000,uT1RCshO88YMpxwE,104.000,2N4uTfQs/yo3mBYi,136.000,Do8hC1pw172W9xvw,164.000,Nsmpq/og5cO95HwJ,177.000,MwfJUdRQPbSNr9Io,200.000,YHloJXirCx60SFnV,201.000,obTLIQc2u6K1oipM,205.000,Kxg/hrv/euEuhbOE,219.000,2iset8PVX4jSTSEH,239.000,02xuA6TviChey6nJ
1,119,2026-03-25T14:24:41.160Z,218.000,10,84.000,uT1RCshO88YMpxwE,98.000,2N4uTfQs/yo3mBYi,130.000,Do8hC1pw172W9xvw,174.000,Nsmpq/og5cO95HwJ,180.000,MwfJUdRQPbSNr9Io,217.000,obTLIQc2u6K1oipM,218.000,YHloJXirCx60SFnV,223.000,Kxg/hrv/euEuhbOE,239.000,02xuA6TviChey6nJ,251.000,2iset8PVX4jSTSEH
1,120,2026-03-25T14:24:41.378Z,198.000,10,79.000,uT1RCshO88YMpxwE,80.000,2N4uTfQs/yo3mBYi,117.000,Do8hC1pw172W9xvw,155.000,MwfJUdRQPbSNr9Io,156.000,Nsmpq/og5cO95HwJ,181.000,YHloJXirCx60SFnV,198.000,obTLIQc2u6K1oipM,209.000,Kxg/hrv/euEuhbOE,223.000,02xuA6TviChey6nJ,224.000,2iset8PVX4jSTSEH
1,121,2026-03-25T14:24:41.576Z,205.000,10,70.000,uT1RCshO88YMpxwE,91.000,2N4uTfQs/yo3mBYi,132.000,Do8hC1pw172W9xvw,135.000,Nsmpq/og5cO95HwJ,152.000,MwfJUdRQPbSNr9Io,177.000,obTLIQc2u6K1oipM,205.000,Kxg/hrv/euEuhbOE,215.000,02xuA6TviChey6nJ,218.000,YHloJXirCx60SFnV,219.000,2iset8PVX4jSTSEH
1,122,2026-03-25T14:24:41.781Z,191.000,10,75.000,uT1RCshO88YMpxwE,89.000,2N4uTfQs/yo3mBYi,117.000,Do8hC1pw172W9xvw,150.000,Nsmpq/og5cO95HwJ,157.000,MwfJUdRQPbSNr9Io,172.000,Kxg/hrv/euEuhbOE,191.000,obTLIQc2u6K1oipM,195.000,YHloJXirCx60SFnV,210.000,2iset8PVX4jSTSEH,215.000,02xuA6TviChey6nJ
1,123,2026-03-25T14:24:41.972Z,340.000,10,72.000,uT1RCshO88YMpxwE,89.000,2N4uTfQs/yo3mBYi,141.000,Do8hC1pw172W9xvw,150.000,Nsmpq/og5cO95HwJ,176.000,MwfJUdRQPbSNr9Io,339.000,YHloJXirCx60SFnV,340.000,obTLIQc2u6K1oipM,341.000,Kxg/hrv/euEuhbOE,342.000,2iset8PVX4jSTSEH,344.000,02xuA6TviChey6nJ
1,124,2026-03-25T14:24:42.312Z,78.000,10,7.000,2N4uTfQs/yo3mBYi,8.000,uT1RCshO88YMpxwE,11.000,Do8hC1pw172W9xvw,58.000,Nsmpq/og5cO95HwJ,60.000,MwfJUdRQPbSNr9Io,69.000,02xuA6TviChey6nJ,77.000,YHloJXirCx60SFnV,88.000,Kxg/hrv/euEuhbOE,92.000,obTLIQc2u6K1oipM,188.000,2iset8PVX4jSTSEH
1,125,2026-03-25T14:24:42.390Z,181.000,9,80.000,2N4uTfQs/yo3mBYi,82.000,uT1RCshO88YMpxwE,116.000,Do8hC1pw172W9xvw,153.000,Kxg/hrv/euEuhbOE,161.000,obTLIQc2u6K1oipM,164.000,MwfJUdRQPbSNr9Io,181.000,Nsmpq/og5cO95HwJ,209.000,02xuA6TviChey6nJ,215.000,YHloJXirCx60SFnV,,
1,126,2026-03-25T14:24:42.571Z,183.000,10,89.000,2iset8PVX4jSTSEH,100.000,uT1RCshO88YMpxwE,106.000,2N4uTfQs/yo3mBYi,160.000,Do8hC1pw172W9xvw,172.000,MwfJUdRQPbSNr9Io,181.000,obTLIQc2u6K1oipM,182.000,YHloJXirCx60SFnV,183.000,Kxg/hrv/euEuhbOE,213.000,Nsmpq/og5cO95HwJ,226.000,02xuA6TviChey6nJ
1,127,2026-03-25T14:24:42.754Z,253.000,10,109.000,uT1RCshO88YMpxwE,113.000,2N4uTfQs/yo3mBYi,114.000,2iset8PVX4jSTSEH,177.000,MwfJUdRQPbSNr9Io,192.000,obTLIQc2u6K1oipM,195.000,Do8hC1pw172W9xvw,253.000,Kxg/hrv/euEuhbOE,254.000,Nsmpq/og5cO95HwJ,255.000,YHloJXirCx60SFnV,284.000,02xuA6TviChey6nJ
1,128,2026-03-25T14:24:43.007Z,146.000,10,67.000,2iset8PVX4jSTSEH,70.000,2N4uTfQs/yo3mBYi,76.000,uT1RCshO88YMpxwE,92.000,Do8hC1pw172W9xvw,132.000,MwfJUdRQPbSNr9Io,135.000,obTLIQc2u6K1oipM,146.000,YHloJXirCx60SFnV,151.000,Kxg/hrv/euEuhbOE,167.000,Nsmpq/og5cO95HwJ,205.000,02xuA6TviChey6nJ
1,129,2026-03-25T14:24:43.153Z,208.000,10,123.000,2N4uTfQs/yo3mBYi,124.000,uT1RCshO88YMpxwE,126.000,2iset8PVX4jSTSEH,146.000,Do8hC1pw172W9xvw,196.000,obTLIQc2u6K1oipM,206.000,MwfJUdRQPbSNr9Io,208.000,Kxg/hrv/euEuhbOE,212.000,YHloJXirCx60SFnV,238.000,Nsmpq/og5cO95HwJ,265.000,02xuA6TviChey6nJ
1,130,2026-03-25T14:24:43.361Z,195.000,10,121.000,2N4uTfQs/yo3mBYi,128.000,uT1RCshO88YMpxwE,129.000,2iset8PVX4jSTSEH,158.000,Do8hC1pw172W9xvw,182.000,MwfJUdRQPbSNr9Io,194.000,obTLIQc2u6K1oipM,195.000,Kxg/hrv/euEuhbOE,235.000,YHloJXirCx60SFnV,236.000,Nsmpq/og5cO95HwJ,243.000,02xuA6TviChey6nJ
1,131,2026-03-25T14:24:43.556Z,200.000,10,140.000,2N4uTfQs/yo3mBYi,142.000,2iset8PVX4jSTSEH,144.000,uT1RCshO88YMpxwE,162.000,Do8hC1pw172W9xvw,193.000,Kxg/hrv/euEuhbOE,194.000,obTLIQc2u6K1oipM,200.000,MwfJUdRQPbSNr9Io,225.000,Nsmpq/og5cO95HwJ,253.000,02xuA6TviChey6nJ,262.000,YHloJXirCx60SFnV
1,132,2026-03-25T14:24:43.756Z,219.000,10,132.000,uT1RCshO88YMpxwE,139.000,2N4uTfQs/yo3mBYi,149.000,2iset8PVX4jSTSEH,171.000,Do8hC1pw172W9xvw,201.000,obTLIQc2u6K1oipM,210.000,MwfJUdRQPbSNr9Io,219.000,Nsmpq/og5cO95HwJ,242.000,Kxg/hrv/euEuhbOE,267.000,YHloJXirCx60SFnV,276.000,02xuA6TviChey6nJ
1,133,2026-03-25T14:24:43.975Z,197.000,10,109.000,2iset8PVX4jSTSEH,112.000,uT1RCshO88YMpxwE,113.000,2N4uTfQs/yo3mBYi,138.000,Do8hC1pw172W9xvw,173.000,MwfJUdRQPbSNr9Io,186.000,obTLIQc2u6K1oipM,196.000,Kxg/hrv/euEuhbOE,203.000,YHloJXirCx60SFnV,234.000,Nsmpq/og5cO95HwJ,273.000,02xuA6TviChey6nJ
1,134,2026-03-25T14:24:44.172Z,201.000,10,113.000,2N4uTfQs/yo3mBYi,124.000,2iset8PVX4jSTSEH,139.000,uT1RCshO88YMpxwE,142.000,Do8hC1pw172W9xvw,191.000,MwfJUdRQPbSNr9Io,192.000,obTLIQc2u6K1oipM,201.000,Kxg/hrv/euEuhbOE,220.000,YHloJXirCx60SFnV,236.000,Nsmpq/og5cO95HwJ,339.000,02xuA6TviChey6nJ
1,135,2026-03-25T14:24:44.373Z,198.000,9,109.000,2N4uTfQs/yo3mBYi,120.000,uT1RCshO88YMpxwE,123.000,2iset8PVX4jSTSEH,145.000,Do8hC1pw172W9xvw,186.000,obTLIQc2u6K1oipM,193.000,MwfJUdRQPbSNr9Io,198.000,Kxg/hrv/euEuhbOE,212.000,YHloJXirCx60SFnV,229.000,Nsmpq/og5cO95HwJ,,
1,136,2026-03-25T14:24:44.571Z,195.000,10,107.000,2N4uTfQs/yo3mBYi,109.000,02xuA6TviChey6nJ,114.000,2iset8PVX4jSTSEH,140.000,uT1RCshO88YMpxwE,181.000,Do8hC1pw172W9xvw,193.000,obTLIQc2u6K1oipM,195.000,Kxg/hrv/euEuhbOE,197.000,YHloJXirCx60SFnV,200.000,MwfJUdRQPbSNr9Io,235.000,Nsmpq/og5cO95HwJ
1,137,2026-03-25T14:24:44.766Z,203.000,10,118.000,02xuA6TviChey6nJ,120.000,2iset8PVX4jSTSEH,126.000,2N4uTfQs/yo3mBYi,126.000,uT1RCshO88YMpxwE,149.000,Do8hC1pw172W9xvw,198.000,Kxg/hrv/euEuhbOE,203.000,YHloJXirCx60SFnV,204.000,obTLIQc2u6K1oipM,248.000,MwfJUdRQPbSNr9Io,249.000,Nsmpq/og5cO95HwJ
1,138,2026-03-25T14:24:44.969Z,205.000,10,123.000,2iset8PVX4jSTSEH,129.000,uT1RCshO88YMpxwE,131.000,2N4uTfQs/yo3mBYi,156.000,Do8hC1pw172W9xvw,163.000,02xuA6TviChey6nJ,203.000,MwfJUdRQPbSNr9Io,205.000,Kxg/hrv/euEuhbOE,206.000,obTLIQc2u6K1oipM,226.000,YHloJXirCx60SFnV,238.000,Nsmpq/og5cO95HwJ
1,139,2026-03-25T14:24:45.174Z,194.000,10,101.000,02xuA6TviChey6nJ,116.000,2N4uTfQs/yo3mBYi,119.000,2iset8PVX4jSTSEH,126.000,uT1RCshO88YMpxwE,131.000,Do8hC1pw172W9xvw,188.000,obTLIQc2u6K1oipM,194.000,Kxg/hrv/euEuhbOE,197.000,MwfJUdRQPbSNr9Io,207.000,Nsmpq/og5cO95HwJ,250.000,YHloJXirCx60SFnV
1,140,2026-03-25T14:24:45.368Z,211.000,10,109.000,02xuA6TviChey6nJ,125.000,2N4uTfQs/yo3mBYi,131.000,uT1RCshO88YMpxwE,138.000,2iset8PVX4jSTSEH,153.000,Do8hC1pw172W9xvw,199.000,obTLIQc2u6K1oipM,211.000,Kxg/hrv/euEuhbOE,212.000,MwfJUdRQPbSNr9Io,223.000,YHloJXirCx60SFnV,250.000,Nsmpq/og5cO95HwJ
1,141,2026-03-25T14:24:45.579Z,194.000,10,116.000,02xuA6TviChey6nJ,118.000,uT1RCshO88YMpxwE,119.000,2N4uTfQs/yo3mBYi,122.000,2iset8PVX4jSTSEH,143.000,Do8hC1pw172W9xvw,190.000,MwfJUdRQPbSNr9Io,194.000,obTLIQc2u6K1oipM,203.000,Kxg/hrv/euEuhbOE,213.000,Nsmpq/og5cO95HwJ,257.000,YHloJXirCx60SFnV
1,142,2026-03-25T14:24:45.773Z,208.000,10,120.000,02xuA6TviChey6nJ,129.000,uT1RCshO88YMpxwE,131.000,2N4uTfQs/yo3mBYi,146.000,2iset8PVX4jSTSEH,146.000,Do8hC1pw172W9xvw,206.000,MwfJUdRQPbSNr9Io,208.000,obTLIQc2u6K1oipM,209.000,YHloJXirCx60SFnV,222.000,Kxg/hrv/euEuhbOE,256.000,Nsmpq/og5cO95HwJ
1,143,2026-03-25T14:24:45.981Z,195.000,9,118.000,2iset8PVX4jSTSEH,120.000,02xuA6TviChey6nJ,135.000,2N4uTfQs/yo3mBYi,146.000,Do8hC1pw172W9xvw,159.000,uT1RCshO88YMpxwE,193.000,MwfJUdRQPbSNr9Io,194.000,YHloJXirCx60SFnV,197.000,Kxg/hrv/euEuhbOE,201.000,obTLIQc2u6K1oipM,,
1,144,2026-03-25T14:24:46.176Z,191.000,10,56.000,Nsmpq/og5cO95HwJ,121.000,2iset8PVX4jSTSEH,130.000,2N4uTfQs/yo3mBYi,131.000,02xuA6TviChey6nJ,135.000,uT1RCshO88YMpxwE,161.000,Do8hC1pw172W9xvw,191.000,YHloJXirCx60SFnV,197.000,obTLIQc2u6K1oipM,202.000,Kxg/hrv/euEuhbOE,217.000,MwfJUdRQPbSNr9Io
1,145,2026-03-25T14:24:46.367Z,229.000,10,57.000,Nsmpq/og5cO95HwJ,219.000,2iset8PVX4jSTSEH,221.000,2N4uTfQs/yo3mBYi,223.000,uT1RCshO88YMpxwE,225.000,02xuA6TviChey6nJ,227.000,Do8hC1pw172W9xvw,229.000,obTLIQc2u6K1oipM,231.000,Kxg/hrv/euEuhbOE,234.000,MwfJUdRQPbSNr9Io,267.000,YHloJXirCx60SFnV
1,146,2026-03-25T14:24:46.596Z,178.000,10,88.000,Nsmpq/og5cO95HwJ,117.000,02xuA6TviChey6nJ,140.000,2N4uTfQs/yo3mBYi,142.000,uT1RCshO88YMpxwE,153.000,2iset8PVX4jSTSEH,169.000,MwfJUdRQPbSNr9Io,178.000,obTLIQc2u6K1oipM,183.000,Kxg/hrv/euEuhbOE,190.000,YHloJXirCx60SFnV,197.000,Do8hC1pw172W9xvw
1,147,2026-03-25T14:24:46.774Z,207.000,10,72.000,Nsmpq/og5cO95HwJ,126.000,2iset8PVX4jSTSEH,144.000,2N4uTfQs/yo3mBYi,146.000,02xuA6TviChey6nJ,149.000,uT1RCshO88YMpxwE,202.000,Do8hC1pw172W9xvw,207.000,obTLIQc2u6K1oipM,210.000,MwfJUdRQPbSNr9Io,220.000,Kxg/hrv/euEuhbOE,222.000,YHloJXirCx60SFnV
1,148,2026-03-25T14:24:46.981Z,199.000,10,65.000,Nsmpq/og5cO95HwJ,128.000,2N4uTfQs/yo3mBYi,132.000,uT1RCshO88YMpxwE,134.000,02xuA6TviChey6nJ,145.000,2iset8PVX4jSTSEH,193.000,Kxg/hrv/euEuhbOE,199.000,MwfJUdRQPbSNr9Io,199.000,YHloJXirCx60SFnV,203.000,Do8hC1pw172W9xvw,212.000,obTLIQc2u6K1oipM
1,149,2026-03-25T14:24:47.180Z,193.000,10,62.000,Nsmpq/og5cO95HwJ,117.000,02xuA6TviChey6nJ,138.000,2iset8PVX4jSTSEH,139.000,uT1RCshO88YMpxwE,140.000,2N4uTfQs/yo3mBYi,192.000,Do8hC1pw172W9xvw,193.000,Kxg/hrv/euEuhbOE,200.000,obTLIQc2u6K1oipM,202.000,MwfJUdRQPbSNr9Io,205.000,YHloJXirCx60SFnV
1,150,2026-03-25T14:24:47.373Z,206.000,10,78.000,Nsmpq/og5cO95HwJ,161.000,2N4uTfQs/yo3mBYi,162.000,02xuA6TviChey6nJ,197.000,2iset8PVX4jSTSEH,202.000,obTLIQc2u6K1oipM,204.000,uT1RCshO88YMpxwE,205.000,MwfJUdRQPbSNr9Io,207.000,Kxg/hrv/euEuhbOE,209.000,YHloJXirCx60SFnV,219.000,Do8hC1pw172W9xvw
1,151,2026-03-25T14:24:47.579Z,200.000,10,70.000,Nsmpq/og5cO95HwJ,142.000,uT1RCshO88YMpxwE,146.000,2iset8PVX4jSTSEH,147.000,02xuA6TviChey6nJ,170.000,2N4uTfQs/yo3mBYi,197.000,obTLIQc2u6K1oipM,200.000,Do8hC1pw172W9xvw,212.000,Kxg/hrv/euEuhbOE,215.000,YHloJXirCx60SFnV,236.000,MwfJUdRQPbSNr9Io
1,152,2026-03-25T14:24:47.779Z,240.000,10,80.000,Nsmpq/og5cO95HwJ,140.000,2N4uTfQs/yo3mBYi,155.000,02xuA6TviChey6nJ,162.000,uT1RCshO88YMpxwE,173.000,2iset8PVX4jSTSEH,207.000,YHloJXirCx60SFnV,210.000,obTLIQc2u6K1oipM,241.000,MwfJUdRQPbSNr9Io,244.000,Do8hC1pw172W9xvw,245.000,Kxg/hrv/euEuhbOE
1,153,2026-03-25T14:24:48.019Z,178.000,10,71.000,Nsmpq/og5cO95HwJ,141.000,uT1RCshO88YMpxwE,142.000,2N4uTfQs/yo3mBYi,145.000,02xuA6TviChey6nJ,162.000,MwfJUdRQPbSNr9Io,163.000,YHloJXirCx60SFnV,178.000,Do8hC1pw172W9xvw,182.000,obTLIQc2u6K1oipM,185.000,2iset8PVX4jSTSEH,187.000,Kxg/hrv/euEuhbOE
1,154,2026-03-25T14:24:48.197Z,187.000,10,71.000,Nsmpq/og5cO95HwJ,127.000,2N4uTfQs/yo3mBYi,129.000,uT1RCshO88YMpxwE,133.000,02xuA6TviChey6nJ,143.000,2iset8PVX4jSTSEH,171.000,Kxg/hrv/euEuhbOE,186.000,MwfJUdRQPbSNr9Io,187.000,obTLIQc2u6K1oipM,197.000,Do8hC1pw172W9xvw,201.000,YHloJXirCx60SFnV
1,155,2026-03-25T14:24:48.384Z,210.000,10,86.000,Nsmpq/og5cO95HwJ,149.000,02xuA6TviChey6nJ,161.000,2N4uTfQs/yo3mBYi,162.000,2iset8PVX4jSTSEH,178.000,uT1RCshO88YMpxwE,202.000,obTLIQc2u6K1oipM,210.000,YHloJXirCx60SFnV,213.000,Kxg/hrv/euEuhbOE,214.000,MwfJUdRQPbSNr9Io,218.000,Do8hC1pw172W9xvw
1,156,2026-03-25T14:24:48.594Z,199.000,10,76.000,Nsmpq/og5cO95HwJ,144.000,02xuA6TviChey6nJ,145.000,2N4uTfQs/yo3mBYi,156.000,uT1RCshO88YMpxwE,163.000,2iset8PVX4jSTSEH,195.000,MwfJUdRQPbSNr9Io,199.000,Kxg/hrv/euEuhbOE,202.000,YHloJXirCx60SFnV,206.000,Do8hC1pw172W9xvw,252.000,obTLIQc2u6K1oipM
1,157,2026-03-25T14:24:48.793Z,192.000,10,91.000,Nsmpq/og5cO95HwJ,132.000,2iset8PVX4jSTSEH,133.000,02xuA6TviChey6nJ,142.000,2N4uTfQs/yo3mBYi,146.000,uT1RCshO88YMpxwE,187.000,Do8hC1pw172W9xvw,192.000,Kxg/hrv/euEuhbOE,208.000,YHloJXirCx60SFnV,230.000,MwfJUdRQPbSNr9Io,244.000,obTLIQc2u6K1oipM
1,158,2026-03-25T14:24:48.985Z,212.000,10,92.000,Nsmpq/og5cO95HwJ,150.000,2N4uTfQs/yo3mBYi,153.000,2iset8PVX4jSTSEH,154.000,02xuA6TviChey6nJ,167.000,uT1RCshO88YMpxwE,194.000,Do8hC1pw172W9xvw,212.000,Kxg/hrv/euEuhbOE,229.000,YHloJXirCx60SFnV,231.000,MwfJUdRQPbSNr9Io,262.000,obTLIQc2u6K1oipM
1,159,2026-03-25T14:24:49.197Z,195.000,10,89.000,Nsmpq/og5cO95HwJ,135.000,02xuA6TviChey6nJ,140.000,2N4uTfQs/yo3mBYi,145.000,2iset8PVX4jSTSEH,166.000,uT1RCshO88YMpxwE,190.000,Kxg/hrv/euEuhbOE,195.000,Do8hC1pw172W9xvw,215.000,YHloJXirCx60SFnV,245.000,obTLIQc2u6K1oipM,249.000,MwfJUdRQPbSNr9Io
1,160,2026-03-25T14:24:49.392Z,197.000,10,92.000,Nsmpq/og5cO95HwJ,138.000,02xuA6TviChey6nJ,152.000,2iset8PVX4jSTSEH,156.000,uT1RCshO88YMpxwE,165.000,2N4uTfQs/yo3mBYi,191.000,Do8hC1pw172W9xvw,197.000,Kxg/hrv/euEuhbOE,209.000,YHloJXirCx60SFnV,231.000,MwfJUdRQPbSNr9Io,254.000,obTLIQc2u6K1oipM
1,161,2026-03-25T14:24:49.589Z,218.000,10,83.000,Nsmpq/og5cO95HwJ,149.000,uT1RCshO88YMpxwE,176.000,2N4uTfQs/yo3mBYi,181.000,2iset8PVX4jSTSEH,204.000,Kxg/hrv/euEuhbOE,215.000,Do8hC1pw172W9xvw,218.000,YHloJXirCx60SFnV,238.000,MwfJUdRQPbSNr9Io,242.000,02xuA6TviChey6nJ,276.000,obTLIQc2u6K1oipM
1,162,2026-03-25T14:24:49.807Z,190.000,10,83.000,Nsmpq/og5cO95HwJ,134.000,2N4uTfQs/yo3mBYi,141.000,02xuA6TviChey6nJ,152.000,uT1RCshO88YMpxwE,154.000,2iset8PVX4jSTSEH,185.000,MwfJUdRQPbSNr9Io,190.000,YHloJXirCx60SFnV,199.000,Do8hC1pw172W9xvw,199.000,Kxg/hrv/euEuhbOE,266.000,obTLIQc2u6K1oipM
1,163,2026-03-25T14:24:49.997Z,203.000,10,114.000,Nsmpq/og5cO95HwJ,133.000,2iset8PVX4jSTSEH,160.000,02xuA6TviChey6nJ,163.000,uT1RCshO88YMpxwE,183.000,2N4uTfQs/yo3mBYi,197.000,MwfJUdRQPbSNr9Io,203.000,Do8hC1pw172W9xvw,212.000,Kxg/hrv/euEuhbOE,217.000,YHloJXirCx60SFnV,253.000,obTLIQc2u6K1oipM
1,164,2026-03-25T14:24:50.200Z,206.000,10,81.000,Nsmpq/og5cO95HwJ,128.000,2iset8PVX4jSTSEH,155.000,02xuA6TviChey6nJ,161.000,uT1RCshO88YMpxwE,164.000,2N4uTfQs/yo3mBYi,187.000,Do8hC1pw172W9xvw,205.000,Kxg/hrv/euEuhbOE,208.000,MwfJUdRQPbSNr9Io,216.000,YHloJXirCx60SFnV,257.000,obTLIQc2u6K1oipM
1,165,2026-03-25T14:24:50.406Z,196.000,10,84.000,Nsmpq/og5cO95HwJ,145.000,2iset8PVX4jSTSEH,147.000,uT1RCshO88YMpxwE,153.000,2N4uTfQs/yo3mBYi,156.000,02xuA6TviChey6nJ,187.000,MwfJUdRQPbSNr9Io,196.000,YHloJXirCx60SFnV,198.000,Kxg/hrv/euEuhbOE,229.000,Do8hC1pw172W9xvw,254.000,obTLIQc2u6K1oipM
1,166,2026-03-25T14:24:50.602Z,203.000,10,85.000,Nsmpq/og5cO95HwJ,154.000,02xuA6TviChey6nJ,165.000,uT1RCshO88YMpxwE,167.000,2iset8PVX4jSTSEH,168.000,2N4uTfQs/yo3mBYi,195.000,MwfJUdRQPbSNr9Io,203.000,Kxg/hrv/euEuhbOE,207.000,YHloJXirCx60SFnV,210.000,Do8hC1pw172W9xvw,259.000,obTLIQc2u6K1oipM
1,167,2026-03-25T14:24:50.805Z,216.000,10,105.000,Nsmpq/og5cO95HwJ,143.000,02xuA6TviChey6nJ,159.000,uT1RCshO88YMpxwE,160.000,2iset8PVX4jSTSEH,180.000,2N4uTfQs/yo3mBYi,214.000,Kxg/hrv/euEuhbOE,216.000,YHloJXirCx60SFnV,217.000,Do8hC1pw172W9xvw,220.000,MwfJUdRQPbSNr9Io,268.000,obTLIQc2u6K1oipM
1,168,2026-03-25T14:24:51.021Z,170.000,10,65.000,Nsmpq/og5cO95HwJ,120.000,02xuA6TviChey6nJ,137.000,uT1RCshO88YMpxwE,146.000,2iset8PVX4jSTSEH,159.000,2N4uTfQs/yo3mBYi,167.000,Kxg/hrv/euEuhbOE,170.000,MwfJUdRQPbSNr9Io,183.000,YHloJXirCx60SFnV,195.000,Do8hC1pw172W9xvw,230.000,obTLIQc2u6K1oipM
1,169,2026-03-25T14:24:51.191Z,218.000,10,92.000,Nsmpq/og5cO95HwJ,133.000,02xuA6TviChey6nJ,164.000,2N4uTfQs/yo3mBYi,180.000,uT1RCshO88YMpxwE,194.000,2iset8PVX4jSTSEH,214.000,Do8hC1pw172W9xvw,218.000,Kxg/hrv/euEuhbOE,220.000,YHloJXirCx60SFnV,224.000,MwfJUdRQPbSNr9Io,275.000,obTLIQc2u6K1oipM
1,170,2026-03-25T14:24:51.409Z,191.000,10,75.000,Nsmpq/og5cO95HwJ,147.000,02xuA6TviChey6nJ,155.000,2N4uTfQs/yo3mBYi,159.000,2iset8PVX4jSTSEH,171.000,uT1RCshO88YMpxwE,184.000,Do8hC1pw172W9xvw,191.000,MwfJUdRQPbSNr9Io,201.000,Kxg/hrv/euEuhbOE,221.000,YHloJXirCx60SFnV,246.000,obTLIQc2u6K1oipM
1,171,2026-03-25T14:24:51.600Z,205.000,10,93.000,Nsmpq/og5cO95HwJ,125.000,02xuA6TviChey6nJ,172.000,2iset8PVX4jSTSEH,178.000,2N4uTfQs/yo3mBYi,186.000,MwfJUdRQPbSNr9Io,190.000,uT1RCshO88YMpxwE,205.000,YHloJXirCx60SFnV,218.000,Do8hC1pw172W9xvw,226.000,Kxg/hrv/euEuhbOE,253.000,obTLIQc2u6K1oipM
1,172,2026-03-25T14:24:51.805Z,198.000,10,79.000,Nsmpq/og5cO95HwJ,131.000,02xuA6TviChey6nJ,144.000,uT1RCshO88YMpxwE,164.000,2iset8PVX4jSTSEH,177.000,MwfJUdRQPbSNr9Io,189.000,Do8hC1pw172W9xvw,198.000,2N4uTfQs/yo3mBYi,201.000,Kxg/hrv/euEuhbOE,255.000,YHloJXirCx60SFnV,263.000,obTLIQc2u6K1oipM
1,173,2026-03-25T14:24:52.003Z,201.000,10,91.000,Nsmpq/og5cO95HwJ,123.000,02xuA6TviChey6nJ,147.000,2iset8PVX4jSTSEH,176.000,uT1RCshO88YMpxwE,196.000,2N4uTfQs/yo3mBYi,199.000,MwfJUdRQPbSNr9Io,201.000,Do8hC1pw172W9xvw,203.000,Kxg/hrv/euEuhbOE,246.000,YHloJXirCx60SFnV,264.000,obTLIQc2u6K1oipM
1,174,2026-03-25T14:24:52.204Z,217.000,10,82.000,Nsmpq/og5cO95HwJ,165.000,02xuA6TviChey6nJ,174.000,uT1RCshO88YMpxwE,176.000,2iset8PVX4jSTSEH,191.000,MwfJUdRQPbSNr9Io,199.000,2N4uTfQs/yo3mBYi,216.000,Do8hC1pw172W9xvw,223.000,Kxg/hrv/euEuhbOE,230.000,YHloJXirCx60SFnV,260.000,obTLIQc2u6K1oipM
1,175,2026-03-25T14:24:52.421Z,192.000,10,68.000,Nsmpq/og5cO95HwJ,127.000,02xuA6TviChey6nJ,144.000,2iset8PVX4jSTSEH,146.000,2N4uTfQs/yo3mBYi,154.000,uT1RCshO88YMpxwE,191.000,MwfJUdRQPbSNr9Io,192.000,Kxg/hrv/euEuhbOE,196.000,YHloJXirCx60SFnV,197.000,Do8hC1pw172W9xvw,262.000,obTLIQc2u6K1oipM
1,176,2026-03-25T14:24:52.613Z,192.000,10,85.000,Nsmpq/og5cO95HwJ,127.000,02xuA6TviChey6nJ,163.000,uT1RCshO88YMpxwE,170.000,2iset8PVX4jSTSEH,172.000,2N4uTfQs/yo3mBYi,175.000,MwfJUdRQPbSNr9Io,192.000,Kxg/hrv/euEuhbOE,198.000,Do8hC1pw172W9xvw,215.000,YHloJXirCx60SFnV,256.000,obTLIQc2u6K1oipM
1,177,2026-03-25T14:24:52.805Z,203.000,10,85.000,Nsmpq/og5cO95HwJ,134.000,02xuA6TviChey6nJ,167.000,uT1RCshO88YMpxwE,168.000,2iset8PVX4jSTSEH,170.000,2N4uTfQs/yo3mBYi,201.000,MwfJUdRQPbSNr9Io,203.000,Do8hC1pw172W9xvw,211.000,Kxg/hrv/euEuhbOE,273.000,YHloJXirCx60SFnV,274.000,obTLIQc2u6K1oipM
1,178,2026-03-25T14:24:53.008Z,222.000,10,120.000,Nsmpq/og5cO95HwJ,157.000,02xuA6TviChey6nJ,167.000,2iset8PVX4jSTSEH,189.000,uT1RCshO88YMpxwE,200.000,2N4uTfQs/yo3mBYi,213.000,Do8hC1pw172W9xvw,222.000,MwfJUdRQPbSNr9Io,223.000,Kxg/hrv/euEuhbOE,260.000,YHloJXirCx60SFnV,375.000,obTLIQc2u6K1oipM
1,179,2026-03-25T14:24:53.230Z,200.000,10,108.000,Nsmpq/og5cO95HwJ,147.000,02xuA6TviChey6nJ,163.000,uT1RCshO88YMpxwE,165.000,2iset8PVX4jSTSEH,183.000,2N4uTfQs/yo3mBYi,186.000,MwfJUdRQPbSNr9Io,200.000,Do8hC1pw172W9xvw,207.000,Kxg/hrv/euEuhbOE,215.000,YHloJXirCx60SFnV,253.000,obTLIQc2u6K1oipM
1,180,2026-03-25T14:24:53.430Z,224.000,10,106.000,Nsmpq/og5cO95HwJ,136.000,02xuA6TviChey6nJ,162.000,2iset8PVX4jSTSEH,174.000,Do8hC1pw172W9xvw,177.000,MwfJUdRQPbSNr9Io,188.000,2N4uTfQs/yo3mBYi,224.000,Kxg/hrv/euEuhbOE,228.000,uT1RCshO88YMpxwE,234.000,YHloJXirCx60SFnV,247.000,obTLIQc2u6K1oipM
1,181,2026-03-25T14:24:53.654Z,174.000,10,77.000,Nsmpq/og5cO95HwJ,113.000,02xuA6TviChey6nJ,117.000,2iset8PVX4jSTSEH,168.000,2N4uTfQs/yo3mBYi,169.000,Do8hC1pw172W9xvw,170.000,MwfJUdRQPbSNr9Io,174.000,uT1RCshO88YMpxwE,183.000,Kxg/hrv/euEuhbOE,201.000,YHloJXirCx60SFnV,237.000,obTLIQc2u6K1oipM
1,182,2026-03-25T14:24:53.828Z,208.000,10,94.000,Nsmpq/og5cO95HwJ,131.000,2iset8PVX4jSTSEH,146.000,02xuA6TviChey6nJ,169.000,2N4uTfQs/yo3mBYi,189.000,MwfJUdRQPbSNr9Io,195.000,Do8hC1pw172W9xvw,207.000,uT1RCshO88YMpxwE,222.000,Kxg/hrv/euEuhbOE,228.000,YHloJXirCx60SFnV,255.000,obTLIQc2u6K1oipM
1,183,2026-03-25T14:24:54.036Z,201.000,10,97.000,Nsmpq/og5cO95HwJ,137.000,2iset8PVX4jSTSEH,154.000,02xuA6TviChey6nJ,176.000,2N4uTfQs/yo3mBYi,182.000,MwfJUdRQPbSNr9Io,197.000,Do8hC1pw172W9xvw,201.000,uT1RCshO88YMpxwE,213.000,Kxg/hrv/euEuhbOE,216.000,YHloJXirCx60SFnV,354.000,obTLIQc2u6K1oipM
1,184,2026-03-25T14:24:54.237Z,216.000,10,99.000,Nsmpq/og5cO95HwJ,145.000,02xuA6TviChey6nJ,155.000,2iset8PVX4jSTSEH,173.000,2N4uTfQs/yo3mBYi,193.000,MwfJUdRQPbSNr9Io,209.000,Do8hC1pw172W9xvw,215.000,YHloJXirCx60SFnV,219.000,uT1RCshO88YMpxwE,230.000,Kxg/hrv/euEuhbOE,293.000,obTLIQc2u6K1oipM
1,185,2026-03-25T14:24:54.453Z,197.000,10,79.000,Nsmpq/og5cO95HwJ,108.000,2iset8PVX4jSTSEH,151.000,02xuA6TviChey6nJ,159.000,2N4uTfQs/yo3mBYi,162.000,MwfJUdRQPbSNr9Io,193.000,Do8hC1pw172W9xvw,197.000,Kxg/hrv/euEuhbOE,198.000,YHloJXirCx60SFnV,202.000,uT1RCshO88YMpxwE,245.000,obTLIQc2u6K1oipM
1,186,2026-03-25T14:24:54.650Z,188.000,10,84.000,Nsmpq/og5cO95HwJ,109.000,2iset8PVX4jSTSEH,141.000,02xuA6TviChey6nJ,167.000,2N4uTfQs/yo3mBYi,177.000,MwfJUdRQPbSNr9Io,179.000,Do8hC1pw172W9xvw,188.000,YHloJXirCx60SFnV,205.000,uT1RCshO88YMpxwE,226.000,Kxg/hrv/euEuhbOE,238.000,obTLIQc2u6K1oipM
1,187,2026-03-25T14:24:54.838Z,210.000,10,102.000,Nsmpq/og5cO95HwJ,138.000,2iset8PVX4jSTSEH,145.000,02xuA6TviChey6nJ,149.000,2N4uTfQs/yo3mBYi,180.000,Do8hC1pw172W9xvw,183.000,MwfJUdRQPbSNr9Io,209.000,uT1RCshO88YMpxwE,214.000,Kxg/hrv/euEuhbOE,267.000,obTLIQc2u6K1oipM,355.000,YHloJXirCx60SFnV
1,188,2026-03-25T14:24:55.048Z,211.000,10,95.000,Nsmpq/og5cO95HwJ,194.000,2iset8PVX4jSTSEH,197.000,Do8hC1pw172W9xvw,198.000,02xuA6TviChey6nJ,199.000,MwfJUdRQPbSNr9Io,201.000,2N4uTfQs/yo3mBYi,211.000,uT1RCshO88YMpxwE,231.000,Kxg/hrv/euEuhbOE,237.000,obTLIQc2u6K1oipM,319.000,YHloJXirCx60SFnV
1,189,2026-03-25T14:24:55.259Z,183.000,10,78.000,Nsmpq/og5cO95HwJ,111.000,02xuA6TviChey6nJ,145.000,2iset8PVX4jSTSEH,154.000,Do8hC1pw172W9xvw,158.000,MwfJUdRQPbSNr9Io,159.000,2N4uTfQs/yo3mBYi,183.000,uT1RCshO88YMpxwE,198.000,Kxg/hrv/euEuhbOE,216.000,obTLIQc2u6K1oipM,265.000,YHloJXirCx60SFnV
1,190,2026-03-25T14:24:55.442Z,231.000,10,102.000,Nsmpq/og5cO95HwJ,147.000,2iset8PVX4jSTSEH,182.000,02xuA6TviChey6nJ,184.000,MwfJUdRQPbSNr9Io,185.000,2N4uTfQs/yo3mBYi,198.000,Do8hC1pw172W9xvw,231.000,Kxg/hrv/euEuhbOE,247.000,obTLIQc2u6K1oipM,264.000,uT1RCshO88YMpxwE,300.000,YHloJXirCx60SFnV
1,191,2026-03-25T14:24:55.673Z,187.000,10,90.000,Nsmpq/og5cO95HwJ,106.000,2iset8PVX4jSTSEH,127.000,02xuA6TviChey6nJ,130.000,2N4uTfQs/yo3mBYi,166.000,MwfJUdRQPbSNr9Io,178.000,uT1RCshO88YMpxwE,187.000,Do8hC1pw172W9xvw,229.000,obTLIQc2u6K1oipM,242.000,Kxg/hrv/euEuhbOE,260.000,YHloJXirCx60SFnV
1,192,2026-03-25T14:24:55.860Z,223.000,10,104.000,Nsmpq/og5cO95HwJ,143.000,02xuA6TviChey6nJ,147.000,2iset8PVX4jSTSEH,168.000,2N4uTfQs/yo3mBYi,172.000,Do8hC1pw172W9xvw,174.000,MwfJUdRQPbSNr9Io,222.000,obTLIQc2u6K1oipM,224.000,uT1RCshO88YMpxwE,235.000,YHloJXirCx60SFnV,268.000,Kxg/hrv/euEuhbOE
1,193,2026-03-25T14:24:56.083Z,182.000,10,65.000,Nsmpq/og5cO95HwJ,109.000,2iset8PVX4jSTSEH,119.000,02xuA6TviChey6nJ,138.000,MwfJUdRQPbSNr9Io,147.000,Do8hC1pw172W9xvw,157.000,2N4uTfQs/yo3mBYi,182.000,uT1RCshO88YMpxwE,208.000,YHloJXirCx60SFnV,215.000,obTLIQc2u6K1oipM,229.000,Kxg/hrv/euEuhbOE
1,194,2026-03-25T14:24:56.265Z,185.000,10,83.000,Nsmpq/og5cO95HwJ,131.000,2iset8PVX4jSTSEH,163.000,02xuA6TviChey6nJ,170.000,MwfJUdRQPbSNr9Io,173.000,2N4uTfQs/yo3mBYi,183.000,Do8hC1pw172W9xvw,184.000,uT1RCshO88YMpxwE,221.000,obTLIQc2u6K1oipM,235.000,YHloJXirCx60SFnV,250.000,Kxg/hrv/euEuhbOE
1,195,2026-03-25T14:24:56.450Z,238.000,10,98.000,Nsmpq/og5cO95HwJ,130.000,2iset8PVX4jSTSEH,152.000,02xuA6TviChey6nJ,167.000,2N4uTfQs/yo3mBYi,173.000,MwfJUdRQPbSNr9Io,230.000,uT1RCshO88YMpxwE,238.000,obTLIQc2u6K1oipM,269.000,Kxg/hrv/euEuhbOE,274.000,Do8hC1pw172W9xvw,276.000,YHloJXirCx60SFnV
1,196,2026-03-25T14:24:56.688Z,179.000,10,71.000,Nsmpq/og5cO95HwJ,108.000,02xuA6TviChey6nJ,116.000,2iset8PVX4jSTSEH,142.000,2N4uTfQs/yo3mBYi,143.000,MwfJUdRQPbSNr9Io,151.000,uT1RCshO88YMpxwE,178.000,YHloJXirCx60SFnV,214.000,obTLIQc2u6K1oipM,227.000,Do8hC1pw172W9xvw,242.000,Kxg/hrv/euEuhbOE
1,197,2026-03-25T14:24:56.867Z,221.000,10,97.000,Nsmpq/og5cO95HwJ,126.000,2iset8PVX4jSTSEH,141.000,02xuA6TviChey6nJ,161.000,MwfJUdRQPbSNr9Io,176.000,2N4uTfQs/yo3mBYi,195.000,uT1RCshO88YMpxwE,220.000,obTLIQc2u6K1oipM,221.000,YHloJXirCx60SFnV,250.000,Kxg/hrv/euEuhbOE,260.000,Do8hC1pw172W9xvw
1,198,2026-03-25T14:24:57.088Z,204.000,10,72.000,Nsmpq/og5cO95HwJ,122.000,02xuA6TviChey6nJ,129.000,2N4uTfQs/yo3mBYi,151.000,MwfJUdRQPbSNr9Io,154.000,2iset8PVX4jSTSEH,175.000,uT1RCshO88YMpxwE,204.000,obTLIQc2u6K1oipM,223.000,YHloJXirCx60SFnV,232.000,Kxg/hrv/euEuhbOE,233.000,Do8hC1pw172W9xvw
1,199,2026-03-25T14:24:57.292Z,169.000,10,78.000,Nsmpq/og5cO95HwJ,128.000,02xuA6TviChey6nJ,131.000,2iset8PVX4jSTSEH,135.000,2N4uTfQs/yo3mBYi,143.000,YHloJXirCx60SFnV,166.000,uT1RCshO88YMpxwE,169.000,MwfJUdRQPbSNr9Io,202.000,obTLIQc2u6K1oipM,237.000,Do8hC1pw172W9xvw,241.000,Kxg/hrv/euEuhbOE
1,200,2026-03-25T14:24:57.461Z,222.000,10,96.000,Nsmpq/og5cO95HwJ,118.000,02xuA6TviChey6nJ,149.000,YHloJXirCx60SFnV,154.000,MwfJUdRQPbSNr9Io,174.000,2N4uTfQs/yo3mBYi,175.000,2iset8PVX4jSTSEH,222.000,uT1RCshO88YMpxwE,238.000,obTLIQc2u6K1oipM,270.000,Kxg/hrv/euEuhbOE,293.000,Do8hC1pw172W9xvw
1,201,2026-03-25T14:24:57.683Z,197.000,10,73.000,Nsmpq/og5cO95HwJ,126.000,YHloJXirCx60SFnV,131.000,02xuA6TviChey6nJ,143.000,2N4uTfQs/yo3mBYi,159.000,MwfJUdRQPbSNr9Io,160.000,2iset8PVX4jSTSEH,197.000,uT1RCshO88YMpxwE,211.000,obTLIQc2u6K1oipM,225.000,Kxg/hrv/euEuhbOE,234.000,Do8hC1pw172W9xvw
1,202,2026-03-25T14:24:57.880Z,185.000,9,81.000,Nsmpq/og5cO95HwJ,107.000,YHloJXirCx60SFnV,140.000,2iset8PVX4jSTSEH,143.000,2N4uTfQs/yo3mBYi,155.000,02xuA6TviChey6nJ,158.000,MwfJUdRQPbSNr9Io,185.000,uT1RCshO88YMpxwE,207.000,obTLIQc2u6K1oipM,244.000,Do8hC1pw172W9xvw,,
1,203,2026-03-25T14:24:58.065Z,170.000,9,61.000,Kxg/hrv/euEuhbOE,83.000,Nsmpq/og5cO95HwJ,108.000,YHloJXirCx60SFnV,145.000,02xuA6TviChey6nJ,161.000,2iset8PVX4jSTSEH,163.000,2N4uTfQs/yo3mBYi,170.000,MwfJUdRQPbSNr9Io,188.000,uT1RCshO88YMpxwE,222.000,obTLIQc2u6K1oipM,,
1,204,2026-03-25T14:24:58.235Z,211.000,10,84.000,Do8hC1pw172W9xvw,94.000,Kxg/hrv/euEuhbOE,132.000,Nsmpq/og5cO95HwJ,155.000,YHloJXirCx60SFnV,156.000,02xuA6TviChey6nJ,196.000,2iset8PVX4jSTSEH,210.000,MwfJUdRQPbSNr9Io,217.000,2N4uTfQs/yo3mBYi,228.000,uT1RCshO88YMpxwE,273.000,obTLIQc2u6K1oipM
1,205,2026-03-25T14:24:58.446Z,187.000,10,72.000,Do8hC1pw172W9xvw,86.000,Kxg/hrv/euEuhbOE,124.000,Nsmpq/og5cO95HwJ,139.000,YHloJXirCx60SFnV,173.000,2iset8PVX4jSTSEH,181.000,MwfJUdRQPbSNr9Io,187.000,02xuA6TviChey6nJ,199.000,2N4uTfQs/yo3mBYi,220.000,uT1RCshO88YMpxwE,418.000,obTLIQc2u6K1oipM
1,206,2026-03-25T14:24:58.633Z,221.000,9,86.000,Do8hC1pw172W9xvw,114.000,Kxg/hrv/euEuhbOE,139.000,Nsmpq/og5cO95HwJ,180.000,02xuA6TviChey6nJ,198.000,2N4uTfQs/yo3mBYi,202.000,MwfJUdRQPbSNr9Io,221.000,2iset8PVX4jSTSEH,228.000,YHloJXirCx60SFnV,237.000,uT1RCshO88YMpxwE,,
1,207,2026-03-25T14:24:58.854Z,184.000,10,61.000,Do8hC1pw172W9xvw,77.000,Kxg/hrv/euEuhbOE,107.000,Nsmpq/og5cO95HwJ,146.000,02xuA6TviChey6nJ,148.000,YHloJXirCx60SFnV,182.000,MwfJUdRQPbSNr9Io,184.000,2N4uTfQs/yo3mBYi,197.000,2iset8PVX4jSTSEH,204.000,obTLIQc2u6K1oipM,262.000,uT1RCshO88YMpxwE
1,208,2026-03-25T14:24:59.038Z,208.000,10,91.000,Do8hC1pw172W9xvw,113.000,Kxg/hrv/euEuhbOE,115.000,YHloJXirCx60SFnV,137.000,Nsmpq/og5cO95HwJ,187.000,2iset8PVX4jSTSEH,193.000,02xuA6TviChey6nJ,208.000,obTLIQc2u6K1oipM,233.000,MwfJUdRQPbSNr9Io,265.000,2N4uTfQs/yo3mBYi,275.000,uT1RCshO88YMpxwE
1,209,2026-03-25T14:24:59.246Z,210.000,10,88.000,Kxg/hrv/euEuhbOE,114.000,YHloJXirCx60SFnV,123.000,Nsmpq/og5cO95HwJ,145.000,Do8hC1pw172W9xvw,178.000,02xuA6TviChey6nJ,209.000,MwfJUdRQPbSNr9Io,210.000,2iset8PVX4jSTSEH,214.000,2N4uTfQs/yo3mBYi,220.000,uT1RCshO88YMpxwE,231.000,obTLIQc2u6K1oipM
1,210,2026-03-25T14:24:59.456Z,189.000,10,80.000,Do8hC1pw172W9xvw,95.000,Kxg/hrv/euEuhbOE,110.000,YHloJXirCx60SFnV,136.000,Nsmpq/og5cO95HwJ,170.000,2N4uTfQs/yo3mBYi,174.000,2iset8PVX4jSTSEH,189.000,MwfJUdRQPbSNr9Io,191.000,02xuA6TviChey6nJ,219.000,obTLIQc2u6K1oipM,228.000,uT1RCshO88YMpxwE
1,211,2026-03-25T14:24:59.645Z,211.000,10,95.000,YHloJXirCx60SFnV,97.000,Kxg/hrv/euEuhbOE,112.000,Do8hC1pw172W9xvw,137.000,Nsmpq/og5cO95HwJ,177.000,02xuA6TviChey6nJ,199.000,2N4uTfQs/yo3mBYi,211.000,2iset8PVX4jSTSEH,216.000,MwfJUdRQPbSNr9Io,217.000,obTLIQc2u6K1oipM,263.000,uT1RCshO88YMpxwE
1,212,2026-03-25T14:24:59.856Z,204.000,8,82.000,Do8hC1pw172W9xvw,121.000,Nsmpq/og5cO95HwJ,137.000,Kxg/hrv/euEuhbOE,187.000,YHloJXirCx60SFnV,198.000,obTLIQc2u6K1oipM,199.000,2iset8PVX4jSTSEH,204.000,MwfJUdRQPbSNr9Io,283.000,02xuA6TviChey6nJ,,,,
1,213,2026-03-25T14:25:00.060Z,255.000,7,78.000,Kxg/hrv/euEuhbOE,90.000,YHloJXirCx60SFnV,176.000,2iset8PVX4jSTSEH,177.000,02xuA6TviChey6nJ,185.000,obTLIQc2u6K1oipM,227.000,uT1RCshO88YMpxwE,255.000,Do8hC1pw172W9xvw,,,,,,
1,214,2026-03-25T14:25:00.315Z,197.000,10,82.000,YHloJXirCx60SFnV,83.000,02xuA6TviChey6nJ,85.000,Kxg/hrv/euEuhbOE,138.000,2iset8PVX4jSTSEH,168.000,Do8hC1pw172W9xvw,187.000,MwfJUdRQPbSNr9Io,197.000,uT1RCshO88YMpxwE,207.000,Nsmpq/og5cO95HwJ,213.000,obTLIQc2u6K1oipM,246.000,2N4uTfQs/yo3mBYi
1,215,2026-03-25T14:25:00.512Z,168.000,10,102.000,YHloJXirCx60SFnV,117.000,Kxg/hrv/euEuhbOE,126.000,Nsmpq/og5cO95HwJ,131.000,Do8hC1pw172W9xvw,142.000,02xuA6TviChey6nJ,148.000,2iset8PVX4jSTSEH,168.000,2N4uTfQs/yo3mBYi,170.000,MwfJUdRQPbSNr9Io,175.000,obTLIQc2u6K1oipM,205.000,uT1RCshO88YMpxwE
1,216,2026-03-25T14:25:00.680Z,189.000,8,95.000,Nsmpq/og5cO95HwJ,106.000,YHloJXirCx60SFnV,129.000,Do8hC1pw172W9xvw,175.000,Kxg/hrv/euEuhbOE,182.000,obTLIQc2u6K1oipM,184.000,02xuA6TviChey6nJ,189.000,MwfJUdRQPbSNr9Io,203.000,2iset8PVX4jSTSEH,,,,
1,217,2026-03-25T14:25:00.869Z,213.000,8,177.000,02xuA6TviChey6nJ,185.000,MwfJUdRQPbSNr9Io,190.000,Do8hC1pw172W9xvw,196.000,2iset8PVX4jSTSEH,199.000,Kxg/hrv/euEuhbOE,208.000,obTLIQc2u6K1oipM,213.000,YHloJXirCx60SFnV,231.000,uT1RCshO88YMpxwE,,,,
1,218,2026-03-25T14:25:01.082Z,267.000,9,95.000,YHloJXirCx60SFnV,116.000,02xuA6TviChey6nJ,181.000,2iset8PVX4jSTSEH,215.000,Kxg/hrv/euEuhbOE,259.000,Nsmpq/og5cO95HwJ,262.000,Do8hC1pw172W9xvw,267.000,MwfJUdRQPbSNr9Io,270.000,obTLIQc2u6K1oipM,287.000,uT1RCshO88YMpxwE,,
1,219,2026-03-25T14:25:01.349Z,129.000,10,74.000,YHloJXirCx60SFnV,109.000,2iset8PVX4jSTSEH,113.000,Nsmpq/og5cO95HwJ,116.000,2N4uTfQs/yo3mBYi,118.000,MwfJUdRQPbSNr9Io,126.000,02xuA6TviChey6nJ,129.000,obTLIQc2u6K1oipM,146.000,Do8hC1pw172W9xvw,160.000,Kxg/hrv/euEuhbOE,206.000,uT1RCshO88YMpxwE
1,220,2026-03-25T14:25:01.478Z,602.000,9,145.000,Nsmpq/og5cO95HwJ,188.000,Do8hC1pw172W9xvw,207.000,YHloJXirCx60SFnV,212.000,obTLIQc2u6K1oipM,219.000,Kxg/hrv/euEuhbOE,266.000,uT1RCshO88YMpxwE,602.000,MwfJUdRQPbSNr9Io,604.000,2iset8PVX4jSTSEH,615.000,02xuA6TviChey6nJ,,
1,221,2026-03-25T14:25:02.080Z,318.000,10,103.000,Kxg/hrv/euEuhbOE,104.000,2iset8PVX4jSTSEH,105.000,YHloJXirCx60SFnV,146.000,02xuA6TviChey6nJ,303.000,Nsmpq/og5cO95HwJ,308.000,MwfJUdRQPbSNr9Io,318.000,uT1RCshO88YMpxwE,325.000,Do8hC1pw172W9xvw,328.000,obTLIQc2u6K1oipM,331.000,2N4uTfQs/yo3mBYi
1,222,2026-03-25T14:25:02.398Z,179.000,7,85.000,YHloJXirCx60SFnV,98.000,Nsmpq/og5cO95HwJ,100.000,2iset8PVX4jSTSEH,113.000,Do8hC1pw172W9xvw,114.000,obTLIQc2u6K1oipM,122.000,Kxg/hrv/euEuhbOE,179.000,MwfJUdRQPbSNr9Io,,,,,,
1,223,2026-03-25T14:25:02.577Z,728.000,7,90.000,Nsmpq/og5cO95HwJ,125.000,Do8hC1pw172W9xvw,138.000,YHloJXirCx60SFnV,187.000,2iset8PVX4jSTSEH,471.000,Kxg/hrv/euEuhbOE,691.000,MwfJUdRQPbSNr9Io,728.000,02xuA6TviChey6nJ,,,,,,
1,224,2026-03-25T14:25:03.305Z,856.000,7,73.000,Nsmpq/og5cO95HwJ,93.000,2iset8PVX4jSTSEH,113.000,02xuA6TviChey6nJ,117.000,YHloJXirCx60SFnV,202.000,obTLIQc2u6K1oipM,267.000,Do8hC1pw172W9xvw,856.000,uT1RCshO88YMpxwE,,,,,,
1,225,2026-03-25T14:25:04.161Z,817.000,8,89.000,YHloJXirCx60SFnV,158.000,02xuA6TviChey6nJ,219.000,obTLIQc2u6K1oipM,739.000,Kxg/hrv/euEuhbOE,751.000,2iset8PVX4jSTSEH,796.000,Nsmpq/og5cO95HwJ,817.000,uT1RCshO88YMpxwE,833.000,Do8hC1pw172W9xvw,,,,
1,226,2026-03-25T14:25:04.978Z,1201.000,10,94.000,Kxg/hrv/euEuhbOE,129.000,YHloJXirCx60SFnV,156.000,02xuA6TviChey6nJ,821.000,2iset8PVX4jSTSEH,1090.000,Do8hC1pw172W9xvw,1108.000,obTLIQc2u6K1oipM,1201.000,Nsmpq/og5cO95HwJ,1211.000,MwfJUdRQPbSNr9Io,1216.000,2N4uTfQs/yo3mBYi,1224.000,uT1RCshO88YMpxwE
1,227,2026-03-25T14:25:06.179Z,1114.000,9,112.000,YHloJXirCx60SFnV,741.000,Kxg/hrv/euEuhbOE,806.000,2iset8PVX4jSTSEH,866.000,02xuA6TviChey6nJ,1049.000,Do8hC1pw172W9xvw,1102.000,Nsmpq/og5cO95HwJ,1114.000,uT1RCshO88YMpxwE,1121.000,obTLIQc2u6K1oipM,1125.000,MwfJUdRQPbSNr9Io,,
1,228,2026-03-25T14:25:07.293Z,1119.000,7,114.000,YHloJXirCx60SFnV,835.000,2iset8PVX4jSTSEH,897.000,Kxg/hrv/euEuhbOE,1032.000,Nsmpq/og5cO95HwJ,1043.000,MwfJUdRQPbSNr9Io,1054.000,Do8hC1pw172W9xvw,1119.000,02xuA6TviChey6nJ,,,,,,
1,229,2026-03-25T14:25:08.412Z,1372.000,7,93.000,YHloJXirCx60SFnV,456.000,2iset8PVX4jSTSEH,777.000,Do8hC1pw172W9xvw,825.000,Nsmpq/og5cO95HwJ,908.000,02xuA6TviChey6nJ,1367.000,MwfJUdRQPbSNr9Io,1372.000,obTLIQc2u6K1oipM,,,,,,
1,230,2026-03-25T14:25:09.784Z,1405.000,7,119.000,YHloJXirCx60SFnV,417.000,Do8hC1pw172W9xvw,713.000,Kxg/hrv/euEuhbOE,1401.000,2iset8PVX4jSTSEH,1402.000,02xuA6TviChey6nJ,1404.000,obTLIQc2u6K1oipM,1404.000,MwfJUdRQPbSNr9Io,,,,,,
1,231,2026-03-25T14:25:11.189Z,1962.000,8,112.000,YHloJXirCx60SFnV,124.000,obTLIQc2u6K1oipM,1119.000,02xuA6TviChey6nJ,1657.000,2iset8PVX4jSTSEH,1865.000,Nsmpq/og5cO95HwJ,1959.000,Do8hC1pw172W9xvw,1962.000,uT1RCshO88YMpxwE,1976.000,2N4uTfQs/yo3mBYi,,,,
1,232,2026-03-25T14:25:13.151Z,2118.000,10,107.000,YHloJXirCx60SFnV,1763.000,02xuA6TviChey6nJ,1798.000,Nsmpq/og5cO95HwJ,1832.000,2iset8PVX4jSTSEH,1959.000,Kxg/hrv/euEuhbOE,1964.000,Do8hC1pw172W9xvw,2118.000,uT1RCshO88YMpxwE,2122.000,MwfJUdRQPbSNr9Io,2135.000,obTLIQc2u6K1oipM,2136.000,2N4uTfQs/yo3mBYi
1,233,2026-03-25T14:25:15.269Z,2066.000,7,93.000,YHloJXirCx60SFnV,1738.000,Nsmpq/og5cO95HwJ,1761.000,uT1RCshO88YMpxwE,1771.000,02xuA6TviChey6nJ,1894.000,obTLIQc2u6K1oipM,2062.000,Do8hC1pw172W9xvw,2066.000,MwfJUdRQPbSNr9Io,,,,,,
1,234,2026-03-25T14:25:17.335Z,2767.000,9,88.000,YHloJXirCx60SFnV,1847.000,2iset8PVX4jSTSEH,1936.000,02xuA6TviChey6nJ,2385.000,Nsmpq/og5cO95HwJ,2400.000,obTLIQc2u6K1oipM,2765.000,uT1RCshO88YMpxwE,2767.000,Kxg/hrv/euEuhbOE,2768.000,Do8hC1pw172W9xvw,2773.000,MwfJUdRQPbSNr9Io,,
1,235,2026-03-25T14:25:20.102Z,2798.000,7,117.000,YHloJXirCx60SFnV,1918.000,Kxg/hrv/euEuhbOE,2635.000,uT1RCshO88YMpxwE,2701.000,2iset8PVX4jSTSEH,2787.000,02xuA6TviChey6nJ,2791.000,obTLIQc2u6K1oipM,2798.000,Nsmpq/og5cO95HwJ,,,,,,
1,236,2026-03-25T14:25:22.900Z,3804.000,9,108.000,YHloJXirCx60SFnV,2579.000,Nsmpq/og5cO95HwJ,3513.000,obTLIQc2u6K1oipM,3520.000,2iset8PVX4jSTSEH,3667.000,Kxg/hrv/euEuhbOE,3749.000,uT1RCshO88YMpxwE,3803.000,02xuA6TviChey6nJ,3808.000,MwfJUdRQPbSNr9Io,3818.000,Do8hC1pw172W9xvw,,
1,237,2026-03-25T14:25:26.704Z,4874.000,8,134.000,YHloJXirCx60SFnV,3868.000,2iset8PVX4jSTSEH,3936.000,obTLIQc2u6K1oipM,4032.000,02xuA6TviChey6nJ,4196.000,MwfJUdRQPbSNr9Io,4874.000,Do8hC1pw172W9xvw,4874.000,uT1RCshO88YMpxwE,4876.000,Kxg/hrv/euEuhbOE,,,,
1,238,2026-03-25T14:25:31.578Z,6205.000,7,120.000,YHloJXirCx60SFnV,5373.000,Kxg/hrv/euEuhbOE,5656.000,Nsmpq/og5cO95HwJ,5691.000,2iset8PVX4jSTSEH,5883.000,obTLIQc2u6K1oipM,6043.000,02xuA6TviChey6nJ,6205.000,MwfJUdRQPbSNr9Io,,,,,,
1,239,2026-03-25T14:25:37.783Z,6692.000,8,111.000,YHloJXirCx60SFnV,5718.000,MwfJUdRQPbSNr9Io,5964.000,obTLIQc2u6K1oipM,6424.000,uT1RCshO88YMpxwE,6557.000,Do8hC1pw172W9xvw,6647.000,02xuA6TviChey6nJ,6692.000,Nsmpq/og5cO95HwJ,6719.000,2iset8PVX4jSTSEH,,,,
1,240,2026-03-25T14:25:44.475Z,6422.000,8,144.000,YHloJXirCx60SFnV,5896.000,2iset8PVX4jSTSEH,6163.000,Nsmpq/og5cO95HwJ,6266.000,Kxg/hrv/euEuhbOE,6268.000,uT1RCshO88YMpxwE,6276.000,02xuA6TviChey6nJ,6510.000,Do8hC1pw172W9xvw,6432.000,obTLIQc2u6K1oipM,,,,
1,241,2026-03-25T14:25:50.897Z,6794.000,9,121.000,YHloJXirCx60SFnV,5683.000,Kxg/hrv/euEuhbOE,6194.000,Do8hC1pw172W9xvw,6201.000,02xuA6TviChey6nJ,6472.000,MwfJUdRQPbSNr9Io,6769.000,Nsmpq/og5cO95HwJ,6794.000,2N4uTfQs/yo3mBYi,6798.000,uT1RCshO88YMpxwE,6798.000,obTLIQc2u6K1oipM,,
1,242,2026-03-25T14:25:57.691Z,6383.000,7,122.000,YHloJXirCx60SFnV,5781.000,02xuA6TviChey6nJ,5975.000,2iset8PVX4jSTSEH,6193.000,Nsmpq/og5cO95HwJ,6195.000,obTLIQc2u6K1oipM,6381.000,MwfJUdRQPbSNr9Io,6383.000,Do8hC1pw172W9xvw,,,,,,
1,243,2026-03-25T14:26:04.074Z,6116.000,7,124.000,YHloJXirCx60SFnV,5701.000,Nsmpq/og5cO95HwJ,5707.000,02xuA6TviChey6nJ,6091.000,2iset8PVX4jSTSEH,6099.000,Do8hC1pw172W9xvw,6105.000,obTLIQc2u6K1oipM,6116.000,MwfJUdRQPbSNr9Io,,,,,,
1,244,2026-03-25T14:26:10.190Z,6684.000,10,109.000,YHloJXirCx60SFnV,5757.000,MwfJUdRQPbSNr9Io,5847.000,2iset8PVX4jSTSEH,5852.000,Do8hC1pw172W9xvw,6242.000,Nsmpq/og5cO95HwJ,6570.000,obTLIQc2u6K1oipM,6684.000,2N4uTfQs/yo3mBYi,6686.000,02xuA6TviChey6nJ,6692.000,Kxg/hrv/euEuhbOE,6695.000,uT1RCshO88YMpxwE
1,245,2026-03-25T14:26:16.874Z,6181.000,7,122.000,YHloJXirCx60SFnV,5355.000,MwfJUdRQPbSNr9Io,5927.000,2iset8PVX4jSTSEH,5993.000,uT1RCshO88YMpxwE,6000.000,Nsmpq/og5cO95HwJ,6099.000,Kxg/hrv/euEuhbOE,6181.000,Do8hC1pw172W9xvw,,,,,,
1,246,2026-03-25T14:26:23.055Z,6465.000,8,116.000,YHloJXirCx60SFnV,5902.000,Nsmpq/og5cO95HwJ,5984.000,Kxg/hrv/euEuhbOE,6189.000,Do8hC1pw172W9xvw,6251.000,uT1RCshO88YMpxwE,6454.000,obTLIQc2u6K1oipM,6465.000,2iset8PVX4jSTSEH,6465.000,2N4uTfQs/yo3mBYi,,,,
1,247,2026-03-25T14:26:29.520Z,,1,125.000,YHloJXirCx60SFnV,,,,,,,,,,,,,,,,,,
2,1,2026-03-25T14:24:07.451Z,10196.000,7,6404.000,obTLIQc2u6K1oipM,6705.000,02xuA6TviChey6nJ,7861.000,Kxg/hrv/euEuhbOE,8124.000,MwfJUdRQPbSNr9Io,9419.000,2iset8PVX4jSTSEH,10175.000,YHloJXirCx60SFnV,10196.000,Do8hC1pw172W9xvw,,,,,,
2,2,2026-03-25T14:24:17.647Z,222.000,7,82.000,02xuA6TviChey6nJ,92.000,MwfJUdRQPbSNr9Io,100.000,obTLIQc2u6K1oipM,109.000,YHloJXirCx60SFnV,117.000,Kxg/hrv/euEuhbOE,173.000,2iset8PVX4jSTSEH,314.000,Do8hC1pw172W9xvw,,,,,,
2,3,2026-03-25T14:24:17.869Z,222.000,7,72.000,02xuA6TviChey6nJ,95.000,YHloJXirCx60SFnV,99.000,MwfJUdRQPbSNr9Io,107.000,Kxg/hrv/euEuhbOE,123.000,obTLIQc2u6K1oipM,150.000,2iset8PVX4jSTSEH,222.000,Do8hC1pw172W9xvw,,,,,,
2,4,2026-03-25T14:24:18.091Z,216.000,7,86.000,02xuA6TviChey6nJ,105.000,obTLIQc2u6K1oipM,107.000,YHloJXirCx60SFnV,110.000,MwfJUdRQPbSNr9Io,127.000,Kxg/hrv/euEuhbOE,181.000,2iset8PVX4jSTSEH,216.000,Do8hC1pw172W9xvw,,,,,,
2,5,2026-03-25T14:24:18.307Z,207.000,8,80.000,02xuA6TviChey6nJ,94.000,MwfJUdRQPbSNr9Io,101.000,obTLIQc2u6K1oipM,110.000,Kxg/hrv/euEuhbOE,114.000,2iset8PVX4jSTSEH,125.000,YHloJXirCx60SFnV,207.000,Do8hC1pw172W9xvw,312.000,2N4uTfQs/yo3mBYi,,,,
2,6,2026-03-25T14:24:18.514Z,164.000,8,62.000,02xuA6TviChey6nJ,77.000,Kxg/hrv/euEuhbOE,92.000,YHloJXirCx60SFnV,102.000,obTLIQc2u6K1oipM,104.000,MwfJUdRQPbSNr9Io,107.000,2iset8PVX4jSTSEH,164.000,Do8hC1pw172W9xvw,227.000,2N4uTfQs/yo3mBYi,,,,
2,7,2026-03-25T14:24:18.678Z,237.000,8,103.000,02xuA6TviChey6nJ,134.000,Kxg/hrv/euEuhbOE,135.000,MwfJUdRQPbSNr9Io,138.000,obTLIQc2u6K1oipM,142.000,YHloJXirCx60SFnV,172.000,2iset8PVX4jSTSEH,237.000,Do8hC1pw172W9xvw,275.000,2N4uTfQs/yo3mBYi,,,,
2,8,2026-03-25T14:24:18.915Z,172.000,9,69.000,02xuA6TviChey6nJ,81.000,MwfJUdRQPbSNr9Io,92.000,Kxg/hrv/euEuhbOE,94.000,obTLIQc2u6K1oipM,104.000,YHloJXirCx60SFnV,117.000,2iset8PVX4jSTSEH,172.000,Do8hC1pw172W9xvw,180.000,Nsmpq/og5cO95HwJ,224.000,2N4uTfQs/yo3mBYi,,
2,9,2026-03-25T14:24:19.087Z,142.000,9,96.000,02xuA6TviChey6nJ,115.000,obTLIQc2u6K1oipM,119.000,Kxg/hrv/euEuhbOE,120.000,Nsmpq/og5cO95HwJ,126.000,YHloJXirCx60SFnV,132.000,MwfJUdRQPbSNr9Io,142.000,2iset8PVX4jSTSEH,194.000,Do8hC1pw172W9xvw,269.000,2N4uTfQs/yo3mBYi,,
2,10,2026-03-25T14:24:19.229Z,202.000,9,155.000,02xuA6TviChey6nJ,164.000,YHloJXirCx60SFnV,169.000,Nsmpq/og5cO95HwJ,181.000,obTLIQc2u6K1oipM,195.000,MwfJUdRQPbSNr9Io,196.000,2iset8PVX4jSTSEH,202.000,Kxg/hrv/euEuhbOE,252.000,Do8hC1pw172W9xvw,324.000,2N4uTfQs/yo3mBYi,,
2,11,2026-03-25T14:24:19.431Z,211.000,9,151.000,02xuA6TviChey6nJ,183.000,Kxg/hrv/euEuhbOE,189.000,YHloJXirCx60SFnV,190.000,MwfJUdRQPbSNr9Io,191.000,Nsmpq/og5cO95HwJ,196.000,obTLIQc2u6K1oipM,211.000,2iset8PVX4jSTSEH,264.000,Do8hC1pw172W9xvw,326.000,2N4uTfQs/yo3mBYi,,
2,12,2026-03-25T14:24:19.642Z,195.000,9,154.000,02xuA6TviChey6nJ,169.000,2iset8PVX4jSTSEH,172.000,YHloJXirCx60SFnV,187.000,Kxg/hrv/euEuhbOE,189.000,obTLIQc2u6K1oipM,192.000,Nsmpq/og5cO95HwJ,195.000,MwfJUdRQPbSNr9Io,243.000,Do8hC1pw172W9xvw,290.000,2N4uTfQs/yo3mBYi,,
2,13,2026-03-25T14:24:19.837Z,194.000,9,156.000,02xuA6TviChey6nJ,173.000,2iset8PVX4jSTSEH,177.000,Kxg/hrv/euEuhbOE,184.000,obTLIQc2u6K1oipM,186.000,Nsmpq/og5cO95HwJ,187.000,YHloJXirCx60SFnV,194.000,MwfJUdRQPbSNr9Io,250.000,Do8hC1pw172W9xvw,297.000,2N4uTfQs/yo3mBYi,,
2,14,2026-03-25T14:24:20.031Z,196.000,9,153.000,02xuA6TviChey6nJ,182.000,MwfJUdRQPbSNr9Io,183.000,YHloJXirCx60SFnV,185.000,Kxg/hrv/euEuhbOE,193.000,Nsmpq/og5cO95HwJ,194.000,2iset8PVX4jSTSEH,195.000,obTLIQc2u6K1oipM,262.000,Do8hC1pw172W9xvw,295.000,2N4uTfQs/yo3mBYi,,
2,15,2026-03-25T14:24:20.227Z,209.000,10,161.000,02xuA6TviChey6nJ,187.000,2iset8PVX4jSTSEH,188.000,YHloJXirCx60SFnV,189.000,obTLIQc2u6K1oipM,196.000,Nsmpq/og5cO95HwJ,201.000,MwfJUdRQPbSNr9Io,209.000,Kxg/hrv/euEuhbOE,263.000,Do8hC1pw172W9xvw,317.000,2N4uTfQs/yo3mBYi,418.000,uT1RCshO88YMpxwE
2,16,2026-03-25T14:24:20.436Z,198.000,10,149.000,02xuA6TviChey6nJ,176.000,Nsmpq/og5cO95HwJ,179.000,Kxg/hrv/euEuhbOE,187.000,obTLIQc2u6K1oipM,190.000,YHloJXirCx60SFnV,197.000,MwfJUdRQPbSNr9Io,198.000,2iset8PVX4jSTSEH,269.000,Do8hC1pw172W9xvw,302.000,2N4uTfQs/yo3mBYi,305.000,uT1RCshO88YMpxwE
2,17,2026-03-25T14:24:20.634Z,204.000,10,147.000,02xuA6TviChey6nJ,179.000,obTLIQc2u6K1oipM,182.000,2iset8PVX4jSTSEH,187.000,Kxg/hrv/euEuhbOE,189.000,Nsmpq/og5cO95HwJ,200.000,MwfJUdRQPbSNr9Io,204.000,YHloJXirCx60SFnV,246.000,Do8hC1pw172W9xvw,281.000,2N4uTfQs/yo3mBYi,309.000,uT1RCshO88YMpxwE
2,18,2026-03-25T14:24:20.838Z,204.000,10,151.000,02xuA6TviChey6nJ,175.000,MwfJUdRQPbSNr9Io,185.000,Kxg/hrv/euEuhbOE,187.000,Nsmpq/og5cO95HwJ,188.000,obTLIQc2u6K1oipM,193.000,2iset8PVX4jSTSEH,204.000,YHloJXirCx60SFnV,252.000,Do8hC1pw172W9xvw,285.000,uT1RCshO88YMpxwE,291.000,2N4uTfQs/yo3mBYi
2,19,2026-03-25T14:24:21.042Z,198.000,10,147.000,02xuA6TviChey6nJ,175.000,MwfJUdRQPbSNr9Io,181.000,obTLIQc2u6K1oipM,183.000,2iset8PVX4jSTSEH,186.000,Nsmpq/og5cO95HwJ,195.000,Kxg/hrv/euEuhbOE,198.000,YHloJXirCx60SFnV,244.000,Do8hC1pw172W9xvw,266.000,2N4uTfQs/yo3mBYi,283.000,uT1RCshO88YMpxwE
2,20,2026-03-25T14:24:21.240Z,208.000,10,153.000,02xuA6TviChey6nJ,180.000,2iset8PVX4jSTSEH,186.000,obTLIQc2u6K1oipM,191.000,MwfJUdRQPbSNr9Io,192.000,Kxg/hrv/euEuhbOE,198.000,YHloJXirCx60SFnV,208.000,Nsmpq/og5cO95HwJ,244.000,Do8hC1pw172W9xvw,273.000,2N4uTfQs/yo3mBYi,307.000,uT1RCshO88YMpxwE
2,21,2026-03-25T14:24:21.448Z,202.000,10,149.000,02xuA6TviChey6nJ,172.000,2iset8PVX4jSTSEH,175.000,Kxg/hrv/euEuhbOE,181.000,Nsmpq/og5cO95HwJ,196.000,YHloJXirCx60SFnV,197.000,MwfJUdRQPbSNr9Io,202.000,obTLIQc2u6K1oipM,241.000,Do8hC1pw172W9xvw,271.000,2N4uTfQs/yo3mBYi,318.000,uT1RCshO88YMpxwE
2,22,2026-03-25T14:24:21.650Z,194.000,10,148.000,02xuA6TviChey6nJ,161.000,2iset8PVX4jSTSEH,175.000,MwfJUdRQPbSNr9Io,183.000,obTLIQc2u6K1oipM,184.000,Kxg/hrv/euEuhbOE,188.000,Nsmpq/og5cO95HwJ,194.000,YHloJXirCx60SFnV,240.000,Do8hC1pw172W9xvw,287.000,2N4uTfQs/yo3mBYi,296.000,uT1RCshO88YMpxwE
2,23,2026-03-25T14:24:21.844Z,210.000,10,156.000,02xuA6TviChey6nJ,168.000,Kxg/hrv/euEuhbOE,171.000,YHloJXirCx60SFnV,174.000,2iset8PVX4jSTSEH,175.000,obTLIQc2u6K1oipM,200.000,MwfJUdRQPbSNr9Io,209.000,Nsmpq/og5cO95HwJ,249.000,Do8hC1pw172W9xvw,282.000,2N4uTfQs/yo3mBYi,310.000,uT1RCshO88YMpxwE
2,24,2026-03-25T14:24:22.054Z,210.000,9,142.000,02xuA6TviChey6nJ,168.000,obTLIQc2u6K1oipM,181.000,2iset8PVX4jSTSEH,183.000,YHloJXirCx60SFnV,192.000,MwfJUdRQPbSNr9Io,195.000,Kxg/hrv/euEuhbOE,210.000,Nsmpq/og5cO95HwJ,241.000,Do8hC1pw172W9xvw,299.000,uT1RCshO88YMpxwE,,
2,25,2026-03-25T14:24:22.264Z,174.000,10,63.000,2N4uTfQs/yo3mBYi,133.000,02xuA6TviChey6nJ,143.000,2iset8PVX4jSTSEH,149.000,obTLIQc2u6K1oipM,164.000,MwfJUdRQPbSNr9Io,173.000,YHloJXirCx60SFnV,174.000,Nsmpq/og5cO95HwJ,187.000,Kxg/hrv/euEuhbOE,207.000,Do8hC1pw172W9xvw,284.000,uT1RCshO88YMpxwE
2,26,2026-03-25T14:24:22.438Z,201.000,9,91.000,2N4uTfQs/yo3mBYi,154.000,02xuA6TviChey6nJ,186.000,Nsmpq/og5cO95HwJ,194.000,YHloJXirCx60SFnV,196.000,obTLIQc2u6K1oipM,198.000,MwfJUdRQPbSNr9Io,200.000,2iset8PVX4jSTSEH,203.000,Kxg/hrv/euEuhbOE,296.000,uT1RCshO88YMpxwE,,
2,27,2026-03-25T14:24:22.639Z,206.000,9,61.000,Do8hC1pw172W9xvw,79.000,2N4uTfQs/yo3mBYi,164.000,02xuA6TviChey6nJ,187.000,Nsmpq/og5cO95HwJ,191.000,obTLIQc2u6K1oipM,285.000,MwfJUdRQPbSNr9Io,318.000,YHloJXirCx60SFnV,214.000,Kxg/hrv/euEuhbOE,220.000,2iset8PVX4jSTSEH,,
2,28,2026-03-25T14:24:22.845Z,192.000,10,58.000,Do8hC1pw172W9xvw,93.000,2N4uTfQs/yo3mBYi,94.000,uT1RCshO88YMpxwE,151.000,02xuA6TviChey6nJ,185.000,YHloJXirCx60SFnV,186.000,obTLIQc2u6K1oipM,192.000,MwfJUdRQPbSNr9Io,194.000,Nsmpq/og5cO95HwJ,200.000,2iset8PVX4jSTSEH,207.000,Kxg/hrv/euEuhbOE
2,29,2026-03-25T14:24:23.037Z,212.000,10,70.000,Do8hC1pw172W9xvw,90.000,uT1RCshO88YMpxwE,102.000,2N4uTfQs/yo3mBYi,171.000,02xuA6TviChey6nJ,207.000,obTLIQc2u6K1oipM,209.000,Nsmpq/og5cO95HwJ,211.000,2iset8PVX4jSTSEH,213.000,MwfJUdRQPbSNr9Io,296.000,YHloJXirCx60SFnV,266.000,Kxg/hrv/euEuhbOE
2,30,2026-03-25T14:24:23.249Z,197.000,10,45.000,Do8hC1pw172W9xvw,74.000,2N4uTfQs/yo3mBYi,117.000,uT1RCshO88YMpxwE,159.000,02xuA6TviChey6nJ,181.000,obTLIQc2u6K1oipM,191.000,Nsmpq/og5cO95HwJ,197.000,2iset8PVX4jSTSEH,199.000,YHloJXirCx60SFnV,206.000,MwfJUdRQPbSNr9Io,216.000,Kxg/hrv/euEuhbOE
2,31,2026-03-25T14:24:23.446Z,188.000,10,51.000,Do8hC1pw172W9xvw,75.000,2N4uTfQs/yo3mBYi,87.000,uT1RCshO88YMpxwE,150.000,02xuA6TviChey6nJ,183.000,Nsmpq/og5cO95HwJ,185.000,obTLIQc2u6K1oipM,187.000,YHloJXirCx60SFnV,198.000,Kxg/hrv/euEuhbOE,204.000,MwfJUdRQPbSNr9Io,208.000,2iset8PVX4jSTSEH
2,32,2026-03-25T14:24:23.634Z,204.000,10,60.000,Do8hC1pw172W9xvw,92.000,uT1RCshO88YMpxwE,100.000,2N4uTfQs/yo3mBYi,165.000,02xuA6TviChey6nJ,186.000,obTLIQc2u6K1oipM,197.000,MwfJUdRQPbSNr9Io,204.000,Kxg/hrv/euEuhbOE,215.000,Nsmpq/og5cO95HwJ,216.000,YHloJXirCx60SFnV,222.000,2iset8PVX4jSTSEH
2,33,2026-03-25T14:24:23.838Z,204.000,10,72.000,Do8hC1pw172W9xvw,82.000,uT1RCshO88YMpxwE,96.000,2N4uTfQs/yo3mBYi,169.000,02xuA6TviChey6nJ,179.000,2iset8PVX4jSTSEH,192.000,obTLIQc2u6K1oipM,204.000,MwfJUdRQPbSNr9Io,205.000,Nsmpq/og5cO95HwJ,207.000,Kxg/hrv/euEuhbOE,251.000,YHloJXirCx60SFnV
2,34,2026-03-25T14:24:24.042Z,209.000,10,69.000,Do8hC1pw172W9xvw,84.000,uT1RCshO88YMpxwE,102.000,2N4uTfQs/yo3mBYi,165.000,02xuA6TviChey6nJ,202.000,obTLIQc2u6K1oipM,204.000,MwfJUdRQPbSNr9Io,209.000,Kxg/hrv/euEuhbOE,211.000,2iset8PVX4jSTSEH,273.000,Nsmpq/og5cO95HwJ,224.000,YHloJXirCx60SFnV
2,35,2026-03-25T14:24:24.251Z,204.000,10,54.000,Do8hC1pw172W9xvw,87.000,2N4uTfQs/yo3mBYi,88.000,uT1RCshO88YMpxwE,156.000,02xuA6TviChey6nJ,189.000,obTLIQc2u6K1oipM,201.000,Nsmpq/og5cO95HwJ,204.000,YHloJXirCx60SFnV,206.000,Kxg/hrv/euEuhbOE,242.000,MwfJUdRQPbSNr9Io,294.000,2iset8PVX4jSTSEH
2,36,2026-03-25T14:24:24.455Z,193.000,10,51.000,Do8hC1pw172W9xvw,71.000,uT1RCshO88YMpxwE,72.000,2N4uTfQs/yo3mBYi,153.000,02xuA6TviChey6nJ,183.000,obTLIQc2u6K1oipM,188.000,Nsmpq/og5cO95HwJ,192.000,Kxg/hrv/euEuhbOE,202.000,MwfJUdRQPbSNr9Io,205.000,2iset8PVX4jSTSEH,211.000,YHloJXirCx60SFnV
2,37,2026-03-25T14:24:24.648Z,207.000,10,68.000,Do8hC1pw172W9xvw,76.000,uT1RCshO88YMpxwE,91.000,2N4uTfQs/yo3mBYi,165.000,02xuA6TviChey6nJ,205.000,2iset8PVX4jSTSEH,206.000,YHloJXirCx60SFnV,207.000,Nsmpq/og5cO95HwJ,209.000,MwfJUdRQPbSNr9Io,265.000,obTLIQc2u6K1oipM,230.000,Kxg/hrv/euEuhbOE
2,38,2026-03-25T14:24:24.855Z,188.000,10,55.000,Do8hC1pw172W9xvw,73.000,uT1RCshO88YMpxwE,81.000,2N4uTfQs/yo3mBYi,155.000,02xuA6TviChey6nJ,167.000,MwfJUdRQPbSNr9Io,187.000,Kxg/hrv/euEuhbOE,188.000,2iset8PVX4jSTSEH,190.000,obTLIQc2u6K1oipM,195.000,Nsmpq/og5cO95HwJ,240.000,YHloJXirCx60SFnV
2,39,2026-03-25T14:24:25.043Z,205.000,10,73.000,Do8hC1pw172W9xvw,86.000,uT1RCshO88YMpxwE,92.000,2N4uTfQs/yo3mBYi,170.000,02xuA6TviChey6nJ,202.000,MwfJUdRQPbSNr9Io,203.000,2iset8PVX4jSTSEH,205.000,obTLIQc2u6K1oipM,245.000,YHloJXirCx60SFnV,280.000,Nsmpq/og5cO95HwJ,246.000,Kxg/hrv/euEuhbOE
2,40,2026-03-25T14:24:25.248Z,207.000,10,64.000,Do8hC1pw172W9xvw,90.000,uT1RCshO88YMpxwE,102.000,2N4uTfQs/yo3mBYi,162.000,02xuA6TviChey6nJ,201.000,obTLIQc2u6K1oipM,205.000,YHloJXirCx60SFnV,207.000,Kxg/hrv/euEuhbOE,216.000,Nsmpq/og5cO95HwJ,255.000,2iset8PVX4jSTSEH,232.000,MwfJUdRQPbSNr9Io
2,41,2026-03-25T14:24:25.455Z,199.000,10,50.000,Do8hC1pw172W9xvw,88.000,2N4uTfQs/yo3mBYi,94.000,uT1RCshO88YMpxwE,159.000,02xuA6TviChey6nJ,188.000,obTLIQc2u6K1oipM,197.000,MwfJUdRQPbSNr9Io,199.000,Kxg/hrv/euEuhbOE,202.000,YHloJXirCx60SFnV,205.000,Nsmpq/og5cO95HwJ,209.000,2iset8PVX4jSTSEH
2,42,2026-03-25T14:24:25.654Z,202.000,10,61.000,Do8hC1pw172W9xvw,87.000,uT1RCshO88YMpxwE,90.000,2N4uTfQs/yo3mBYi,161.000,02xuA6TviChey6nJ,173.000,obTLIQc2u6K1oipM,198.000,YHloJXirCx60SFnV,202.000,Nsmpq/og5cO95HwJ,203.000,2iset8PVX4jSTSEH,204.000,MwfJUdRQPbSNr9Io,211.000,Kxg/hrv/euEuhbOE
2,43,2026-03-25T14:24:25.856Z,202.000,10,51.000,Do8hC1pw172W9xvw,87.000,2N4uTfQs/yo3mBYi,88.000,uT1RCshO88YMpxwE,155.000,02xuA6TviChey6nJ,182.000,Kxg/hrv/euEuhbOE,183.000,obTLIQc2u6K1oipM,202.000,2iset8PVX4jSTSEH,204.000,MwfJUdRQPbSNr9Io,207.000,YHloJXirCx60SFnV,244.000,Nsmpq/og5cO95HwJ
2,44,2026-03-25T14:24:26.058Z,195.000,10,68.000,Do8hC1pw172W9xvw,83.000,2N4uTfQs/yo3mBYi,89.000,uT1RCshO88YMpxwE,151.000,02xuA6TviChey6nJ,173.000,obTLIQc2u6K1oipM,184.000,Nsmpq/og5cO95HwJ,195.000,2iset8PVX4jSTSEH,197.000,YHloJXirCx60SFnV,208.000,MwfJUdRQPbSNr9Io,244.000,Kxg/hrv/euEuhbOE
2,45,2026-03-25T14:24:26.253Z,205.000,10,60.000,Do8hC1pw172W9xvw,81.000,uT1RCshO88YMpxwE,107.000,2N4uTfQs/yo3mBYi,169.000,02xuA6TviChey6nJ,174.000,obTLIQc2u6K1oipM,187.000,2iset8PVX4jSTSEH,205.000,Kxg/hrv/euEuhbOE,207.000,YHloJXirCx60SFnV,209.000,Nsmpq/og5cO95HwJ,226.000,MwfJUdRQPbSNr9Io
2,46,2026-03-25T14:24:26.458Z,201.000,10,72.000,Do8hC1pw172W9xvw,73.000,uT1RCshO88YMpxwE,84.000,2N4uTfQs/yo3mBYi,155.000,02xuA6TviChey6nJ,186.000,obTLIQc2u6K1oipM,188.000,Kxg/hrv/euEuhbOE,201.000,2iset8PVX4jSTSEH,202.000,Nsmpq/og5cO95HwJ,208.000,MwfJUdRQPbSNr9Io,233.000,YHloJXirCx60SFnV
2,47,2026-03-25T14:24:26.659Z,195.000,10,65.000,Do8hC1pw172W9xvw,83.000,uT1RCshO88YMpxwE,86.000,2N4uTfQs/yo3mBYi,157.000,02xuA6TviChey6nJ,189.000,2iset8PVX4jSTSEH,194.000,obTLIQc2u6K1oipM,195.000,MwfJUdRQPbSNr9Io,197.000,Kxg/hrv/euEuhbOE,199.000,Nsmpq/og5cO95HwJ,200.000,YHloJXirCx60SFnV
2,48,2026-03-25T14:24:26.854Z,202.000,10,83.000,uT1RCshO88YMpxwE,84.000,Do8hC1pw172W9xvw,100.000,2N4uTfQs/yo3mBYi,165.000,02xuA6TviChey6nJ,195.000,obTLIQc2u6K1oipM,197.000,MwfJUdRQPbSNr9Io,202.000,Kxg/hrv/euEuhbOE,203.000,YHloJXirCx60SFnV,205.000,Nsmpq/og5cO95HwJ,210.000,2iset8PVX4jSTSEH
2,49,2026-03-25T14:24:27.056Z,211.000,10,72.000,Do8hC1pw172W9xvw,90.000,2N4uTfQs/yo3mBYi,96.000,uT1RCshO88YMpxwE,171.000,02xuA6TviChey6nJ,184.000,Nsmpq/og5cO95HwJ,202.000,obTLIQc2u6K1oipM,210.000,MwfJUdRQPbSNr9Io,215.000,2iset8PVX4jSTSEH,220.000,YHloJXirCx60SFnV,260.000,Kxg/hrv/euEuhbOE
2,50,2026-03-25T14:24:27.267Z,194.000,10,62.000,Do8hC1pw172W9xvw,76.000,uT1RCshO88YMpxwE,91.000,2N4uTfQs/yo3mBYi,154.000,02xuA6TviChey6nJ,178.000,MwfJUdRQPbSNr9Io,192.000,2iset8PVX4jSTSEH,194.000,Nsmpq/og5cO95HwJ,206.000,Kxg/hrv/euEuhbOE,211.000,YHloJXirCx60SFnV,213.000,obTLIQc2u6K1oipM
2,51,2026-03-25T14:24:27.461Z,207.000,10,63.000,Do8hC1pw172W9xvw,81.000,uT1RCshO88YMpxwE,100.000,2N4uTfQs/yo3mBYi,161.000,02xuA6TviChey6nJ,188.000,2iset8PVX4jSTSEH,197.000,obTLIQc2u6K1oipM,207.000,Nsmpq/og5cO95HwJ,216.000,Kxg/hrv/euEuhbOE,221.000,YHloJXirCx60SFnV,231.000,MwfJUdRQPbSNr9Io
2,52,2026-03-25T14:24:27.668Z,198.000,10,57.000,Do8hC1pw172W9xvw,66.000,uT1RCshO88YMpxwE,103.000,2N4uTfQs/yo3mBYi,159.000,02xuA6TviChey6nJ,191.000,Nsmpq/og5cO95HwJ,192.000,2iset8PVX4jSTSEH,198.000,YHloJXirCx60SFnV,199.000,obTLIQc2u6K1oipM,241.000,MwfJUdRQPbSNr9Io,223.000,Kxg/hrv/euEuhbOE
2,53,2026-03-25T14:24:27.866Z,204.000,10,65.000,Do8hC1pw172W9xvw,84.000,uT1RCshO88YMpxwE,96.000,2N4uTfQs/yo3mBYi,168.000,02xuA6TviChey6nJ,172.000,obTLIQc2u6K1oipM,196.000,Nsmpq/og5cO95HwJ,203.000,YHloJXirCx60SFnV,205.000,2iset8PVX4jSTSEH,211.000,Kxg/hrv/euEuhbOE,224.000,MwfJUdRQPbSNr9Io
2,54,2026-03-25T14:24:28.070Z,201.000,10,65.000,Do8hC1pw172W9xvw,81.000,uT1RCshO88YMpxwE,100.000,2N4uTfQs/yo3mBYi,161.000,02xuA6TviChey6nJ,193.000,obTLIQc2u6K1oipM,199.000,Kxg/hrv/euEuhbOE,201.000,YHloJXirCx60SFnV,202.000,2iset8PVX4jSTSEH,203.000,MwfJUdRQPbSNr9Io,217.000,Nsmpq/og5cO95HwJ
2,55,2026-03-25T14:24:28.271Z,204.000,10,51.000,Do8hC1pw172W9xvw,81.000,uT1RCshO88YMpxwE,96.000,2N4uTfQs/yo3mBYi,164.000,02xuA6TviChey6nJ,188.000,obTLIQc2u6K1oipM,199.000,2iset8PVX4jSTSEH,204.000,MwfJUdRQPbSNr9Io,205.000,Kxg/hrv/euEuhbOE,207.000,YHloJXirCx60SFnV,286.000,Nsmpq/og5cO95HwJ
2,56,2026-03-25T14:24:28.475Z,188.000,10,51.000,Do8hC1pw172W9xvw,83.000,uT1RCshO88YMpxwE,88.000,2N4uTfQs/yo3mBYi,160.000,02xuA6TviChey6nJ,182.000,obTLIQc2u6K1oipM,185.000,Nsmpq/og5cO95HwJ,188.000,YHloJXirCx60SFnV,201.000,MwfJUdRQPbSNr9Io,238.000,2iset8PVX4jSTSEH,294.000,Kxg/hrv/euEuhbOE
2,57,2026-03-25T14:24:28.663Z,208.000,10,71.000,Do8hC1pw172W9xvw,89.000,uT1RCshO88YMpxwE,104.000,2N4uTfQs/yo3mBYi,172.000,02xuA6TviChey6nJ,203.000,Kxg/hrv/euEuhbOE,206.000,2iset8PVX4jSTSEH,208.000,obTLIQc2u6K1oipM,211.000,MwfJUdRQPbSNr9Io,222.000,YHloJXirCx60SFnV,250.000,Nsmpq/og5cO95HwJ
2,58,2026-03-25T14:24:28.871Z,198.000,10,62.000,Do8hC1pw172W9xvw,86.000,uT1RCshO88YMpxwE,98.000,2N4uTfQs/yo3mBYi,165.000,02xuA6TviChey6nJ,187.000,Nsmpq/og5cO95HwJ,194.000,Kxg/hrv/euEuhbOE,197.000,MwfJUdRQPbSNr9Io,209.000,2iset8PVX4jSTSEH,210.000,YHloJXirCx60SFnV,222.000,obTLIQc2u6K1oipM
2,59,2026-03-25T14:24:29.069Z,207.000,10,55.000,Do8hC1pw172W9xvw,82.000,uT1RCshO88YMpxwE,100.000,2N4uTfQs/yo3mBYi,165.000,02xuA6TviChey6nJ,190.000,2iset8PVX4jSTSEH,204.000,Kxg/hrv/euEuhbOE,206.000,obTLIQc2u6K1oipM,208.000,Nsmpq/og5cO95HwJ,218.000,MwfJUdRQPbSNr9Io,220.000,YHloJXirCx60SFnV
2,60,2026-03-25T14:24:29.276Z,203.000,10,63.000,Do8hC1pw172W9xvw,75.000,uT1RCshO88YMpxwE,98.000,2N4uTfQs/yo3mBYi,159.000,02xuA6TviChey6nJ,181.000,MwfJUdRQPbSNr9Io,200.000,2iset8PVX4jSTSEH,202.000,Kxg/hrv/euEuhbOE,204.000,obTLIQc2u6K1oipM,213.000,Nsmpq/og5cO95HwJ,215.000,YHloJXirCx60SFnV
2,61,2026-03-25T14:24:29.479Z,200.000,10,70.000,Do8hC1pw172W9xvw,76.000,uT1RCshO88YMpxwE,91.000,2N4uTfQs/yo3mBYi,157.000,02xuA6TviChey6nJ,189.000,obTLIQc2u6K1oipM,196.000,MwfJUdRQPbSNr9Io,200.000,2iset8PVX4jSTSEH,207.000,Kxg/hrv/euEuhbOE,208.000,YHloJXirCx60SFnV,211.000,Nsmpq/og5cO95HwJ
2,62,2026-03-25T14:24:29.679Z,195.000,10,61.000,Do8hC1pw172W9xvw,81.000,uT1RCshO88YMpxwE,92.000,2N4uTfQs/yo3mBYi,146.000,obTLIQc2u6K1oipM,161.000,02xuA6TviChey6nJ,186.000,Kxg/hrv/euEuhbOE,195.000,YHloJXirCx60SFnV,208.000,MwfJUdRQPbSNr9Io,295.000,Nsmpq/og5cO95HwJ,256.000,2iset8PVX4jSTSEH
2,63,2026-03-25T14:24:29.874Z,213.000,10,66.000,Do8hC1pw172W9xvw,86.000,uT1RCshO88YMpxwE,101.000,2N4uTfQs/yo3mBYi,171.000,02xuA6TviChey6nJ,202.000,2iset8PVX4jSTSEH,211.000,MwfJUdRQPbSNr9Io,213.000,Kxg/hrv/euEuhbOE,215.000,obTLIQc2u6K1oipM,216.000,YHloJXirCx60SFnV,223.000,Nsmpq/og5cO95HwJ
2,64,2026-03-25T14:24:30.087Z,191.000,10,44.000,Do8hC1pw172W9xvw,85.000,2N4uTfQs/yo3mBYi,91.000,uT1RCshO88YMpxwE,156.000,02xuA6TviChey6nJ,174.000,obTLIQc2u6K1oipM,186.000,Kxg/hrv/euEuhbOE,191.000,MwfJUdRQPbSNr9Io,199.000,Nsmpq/og5cO95HwJ,200.000,2iset8PVX4jSTSEH,215.000,YHloJXirCx60SFnV
2,65,2026-03-25T14:24:30.278Z,203.000,10,71.000,Do8hC1pw172W9xvw,84.000,uT1RCshO88YMpxwE,96.000,2N4uTfQs/yo3mBYi,161.000,02xuA6TviChey6nJ,200.000,MwfJUdRQPbSNr9Io,201.000,Nsmpq/og5cO95HwJ,202.000,Kxg/hrv/euEuhbOE,204.000,YHloJXirCx60SFnV,205.000,obTLIQc2u6K1oipM,217.000,2iset8PVX4jSTSEH
2,66,2026-03-25T14:24:30.481Z,200.000,10,70.000,Do8hC1pw172W9xvw,108.000,2N4uTfQs/yo3mBYi,117.000,uT1RCshO88YMpxwE,162.000,02xuA6TviChey6nJ,185.000,obTLIQc2u6K1oipM,186.000,2iset8PVX4jSTSEH,200.000,Nsmpq/og5cO95HwJ,206.000,YHloJXirCx60SFnV,307.000,MwfJUdRQPbSNr9Io,259.000,Kxg/hrv/euEuhbOE
2,67,2026-03-25T14:24:30.681Z,206.000,10,57.000,Do8hC1pw172W9xvw,85.000,uT1RCshO88YMpxwE,96.000,2N4uTfQs/yo3mBYi,160.000,02xuA6TviChey6nJ,190.000,obTLIQc2u6K1oipM,202.000,Nsmpq/og5cO95HwJ,206.000,YHloJXirCx60SFnV,208.000,Kxg/hrv/euEuhbOE,213.000,2iset8PVX4jSTSEH,229.000,MwfJUdRQPbSNr9Io
2,68,2026-03-25T14:24:30.887Z,197.000,10,56.000,Do8hC1pw172W9xvw,84.000,uT1RCshO88YMpxwE,89.000,2N4uTfQs/yo3mBYi,158.000,02xuA6TviChey6nJ,193.000,MwfJUdRQPbSNr9Io,196.000,Nsmpq/og5cO95HwJ,197.000,YHloJXirCx60SFnV,203.000,obTLIQc2u6K1oipM,209.000,2iset8PVX4jSTSEH,213.000,Kxg/hrv/euEuhbOE
2,69,2026-03-25T14:24:31.084Z,194.000,10,61.000,Do8hC1pw172W9xvw,82.000,uT1RCshO88YMpxwE,97.000,2N4uTfQs/yo3mBYi,158.000,02xuA6TviChey6nJ,189.000,Kxg/hrv/euEuhbOE,192.000,2iset8PVX4jSTSEH,194.000,Nsmpq/og5cO95HwJ,195.000,obTLIQc2u6K1oipM,208.000,YHloJXirCx60SFnV,217.000,MwfJUdRQPbSNr9Io
2,70,2026-03-25T14:24:31.278Z,196.000,10,72.000,Do8hC1pw172W9xvw,97.000,uT1RCshO88YMpxwE,101.000,2N4uTfQs/yo3mBYi,170.000,02xuA6TviChey6nJ,186.000,obTLIQc2u6K1oipM,195.000,MwfJUdRQPbSNr9Io,196.000,2iset8PVX4jSTSEH,197.000,Kxg/hrv/euEuhbOE,207.000,YHloJXirCx60SFnV,223.000,Nsmpq/og5cO95HwJ
2,71,2026-03-25T14:24:31.474Z,216.000,10,73.000,Do8hC1pw172W9xvw,104.000,uT1RCshO88YMpxwE,111.000,2N4uTfQs/yo3mBYi,174.000,02xuA6TviChey6nJ,203.000,YHloJXirCx60SFnV,204.000,Kxg/hrv/euEuhbOE,216.000,2iset8PVX4jSTSEH,218.000,MwfJUdRQPbSNr9Io,220.000,obTLIQc2u6K1oipM,226.000,Nsmpq/og5cO95HwJ
2,72,2026-03-25T14:24:31.690Z,202.000,10,63.000,Do8hC1pw172W9xvw,85.000,uT1RCshO88YMpxwE,92.000,2N4uTfQs/yo3mBYi,166.000,02xuA6TviChey6nJ,181.000,obTLIQc2u6K1oipM,190.000,2iset8PVX4jSTSEH,202.000,Nsmpq/og5cO95HwJ,203.000,MwfJUdRQPbSNr9Io,209.000,YHloJXirCx60SFnV,257.000,Kxg/hrv/euEuhbOE
2,73,2026-03-25T14:24:31.892Z,198.000,10,59.000,Do8hC1pw172W9xvw,71.000,uT1RCshO88YMpxwE,94.000,2N4uTfQs/yo3mBYi,150.000,02xuA6TviChey6nJ,183.000,Kxg/hrv/euEuhbOE,191.000,obTLIQc2u6K1oipM,198.000,Nsmpq/og5cO95HwJ,204.000,YHloJXirCx60SFnV,205.000,MwfJUdRQPbSNr9Io,207.000,2iset8PVX4jSTSEH
2,74,2026-03-25T14:24:32.090Z,210.000,10,70.000,Do8hC1pw172W9xvw,76.000,uT1RCshO88YMpxwE,102.000,2N4uTfQs/yo3mBYi,165.000,02xuA6TviChey6nJ,189.000,2iset8PVX4jSTSEH,204.000,Nsmpq/og5cO95HwJ,210.000,obTLIQc2u6K1oipM,211.000,YHloJXirCx60SFnV,212.000,Kxg/hrv/euEuhbOE,215.000,MwfJUdRQPbSNr9Io
2,75,2026-03-25T14:24:32.300Z,197.000,10,66.000,Do8hC1pw172W9xvw,73.000,uT1RCshO88YMpxwE,81.000,2N4uTfQs/yo3mBYi,154.000,02xuA6TviChey6nJ,186.000,2iset8PVX4jSTSEH,189.000,obTLIQc2u6K1oipM,196.000,MwfJUdRQPbSNr9Io,200.000,Kxg/hrv/euEuhbOE,204.000,Nsmpq/og5cO95HwJ,217.000,YHloJXirCx60SFnV
2,76,2026-03-25T14:24:32.497Z,203.000,10,53.000,Do8hC1pw172W9xvw,85.000,uT1RCshO88YMpxwE,93.000,2N4uTfQs/yo3mBYi,161.000,02xuA6TviChey6nJ,188.000,Nsmpq/og5cO95HwJ,193.000,MwfJUdRQPbSNr9Io,203.000,Kxg/hrv/euEuhbOE,208.000,2iset8PVX4jSTSEH,209.000,obTLIQc2u6K1oipM,273.000,YHloJXirCx60SFnV
2,77,2026-03-25T14:24:32.700Z,197.000,10,57.000,Do8hC1pw172W9xvw,80.000,uT1RCshO88YMpxwE,95.000,2N4uTfQs/yo3mBYi,147.000,02xuA6TviChey6nJ,177.000,obTLIQc2u6K1oipM,185.000,Nsmpq/og5cO95HwJ,197.000,2iset8PVX4jSTSEH,213.000,MwfJUdRQPbSNr9Io,218.000,Kxg/hrv/euEuhbOE,258.000,YHloJXirCx60SFnV
2,78,2026-03-25T14:24:32.897Z,202.000,10,72.000,uT1RCshO88YMpxwE,76.000,Do8hC1pw172W9xvw,101.000,2N4uTfQs/yo3mBYi,159.000,02xuA6TviChey6nJ,178.000,obTLIQc2u6K1oipM,196.000,MwfJUdRQPbSNr9Io,202.000,Kxg/hrv/euEuhbOE,203.000,2iset8PVX4jSTSEH,208.000,Nsmpq/og5cO95HwJ,210.000,YHloJXirCx60SFnV
2,79,2026-03-25T14:24:33.099Z,201.000,10,63.000,Do8hC1pw172W9xvw,76.000,uT1RCshO88YMpxwE,97.000,2N4uTfQs/yo3mBYi,158.000,02xuA6TviChey6nJ,186.000,Nsmpq/og5cO95HwJ,199.000,Kxg/hrv/euEuhbOE,201.000,YHloJXirCx60SFnV,202.000,obTLIQc2u6K1oipM,208.000,2iset8PVX4jSTSEH,209.000,MwfJUdRQPbSNr9Io
2,80,2026-03-25T14:24:33.300Z,188.000,10,57.000,Do8hC1pw172W9xvw,83.000,uT1RCshO88YMpxwE,88.000,2N4uTfQs/yo3mBYi,162.000,02xuA6TviChey6nJ,181.000,obTLIQc2u6K1oipM,183.000,2iset8PVX4jSTSEH,188.000,Nsmpq/og5cO95HwJ,201.000,YHloJXirCx60SFnV,210.000,MwfJUdRQPbSNr9Io,211.000,Kxg/hrv/euEuhbOE
2,81,2026-03-25T14:24:33.488Z,210.000,10,81.000,Do8hC1pw172W9xvw,91.000,uT1RCshO88YMpxwE,101.000,2N4uTfQs/yo3mBYi,176.000,02xuA6TviChey6nJ,191.000,obTLIQc2u6K1oipM,208.000,Nsmpq/og5cO95HwJ,210.000,2iset8PVX4jSTSEH,211.000,Kxg/hrv/euEuhbOE,213.000,YHloJXirCx60SFnV,218.000,MwfJUdRQPbSNr9Io
2,82,2026-03-25T14:24:33.698Z,197.000,10,56.000,Do8hC1pw172W9xvw,79.000,uT1RCshO88YMpxwE,108.000,2N4uTfQs/yo3mBYi,166.000,02xuA6TviChey6nJ,190.000,obTLIQc2u6K1oipM,192.000,Nsmpq/og5cO95HwJ,197.000,MwfJUdRQPbSNr9Io,205.000,2iset8PVX4jSTSEH,218.000,Kxg/hrv/euEuhbOE,236.000,YHloJXirCx60SFnV
2,83,2026-03-25T14:24:33.895Z,214.000,10,75.000,Do8hC1pw172W9xvw,91.000,uT1RCshO88YMpxwE,105.000,2N4uTfQs/yo3mBYi,169.000,02xuA6TviChey6nJ,206.000,obTLIQc2u6K1oipM,210.000,YHloJXirCx60SFnV,213.000,Kxg/hrv/euEuhbOE,214.000,MwfJUdRQPbSNr9Io,217.000,2iset8PVX4jSTSEH,244.000,Nsmpq/og5cO95HwJ
2,84,2026-03-25T14:24:34.109Z,201.000,10,66.000,Do8hC1pw172W9xvw,78.000,uT1RCshO88YMpxwE,86.000,2N4uTfQs/yo3mBYi,161.000,02xuA6TviChey6nJ,183.000,Kxg/hrv/euEuhbOE,200.000,MwfJUdRQPbSNr9Io,201.000,YHloJXirCx60SFnV,204.000,2iset8PVX4jSTSEH,207.000,Nsmpq/og5cO95HwJ,209.000,obTLIQc2u6K1oipM
2,85,2026-03-25T14:24:34.310Z,204.000,10,60.000,Do8hC1pw172W9xvw,71.000,uT1RCshO88YMpxwE,89.000,2N4uTfQs/yo3mBYi,165.000,02xuA6TviChey6nJ,196.000,2iset8PVX4jSTSEH,202.000,Kxg/hrv/euEuhbOE,204.000,obTLIQc2u6K1oipM,205.000,YHloJXirCx60SFnV,209.000,MwfJUdRQPbSNr9Io,258.000,Nsmpq/og5cO95HwJ
2,86,2026-03-25T14:24:34.514Z,194.000,10,54.000,Do8hC1pw172W9xvw,87.000,uT1RCshO88YMpxwE,90.000,2N4uTfQs/yo3mBYi,150.000,02xuA6TviChey6nJ,175.000,Kxg/hrv/euEuhbOE,184.000,Nsmpq/og5cO95HwJ,194.000,MwfJUdRQPbSNr9Io,198.000,obTLIQc2u6K1oipM,206.000,2iset8PVX4jSTSEH,221.000,YHloJXirCx60SFnV
2,87,2026-03-25T14:24:34.708Z,199.000,10,60.000,Do8hC1pw172W9xvw,82.000,uT1RCshO88YMpxwE,91.000,2N4uTfQs/yo3mBYi,162.000,02xuA6TviChey6nJ,189.000,MwfJUdRQPbSNr9Io,198.000,Kxg/hrv/euEuhbOE,199.000,2iset8PVX4jSTSEH,200.000,obTLIQc2u6K1oipM,211.000,Nsmpq/og5cO95HwJ,225.000,YHloJXirCx60SFnV
2,88,2026-03-25T14:24:34.907Z,206.000,10,68.000,Do8hC1pw172W9xvw,94.000,uT1RCshO88YMpxwE,105.000,2N4uTfQs/yo3mBYi,163.000,02xuA6TviChey6nJ,192.000,MwfJUdRQPbSNr9Io,193.000,Kxg/hrv/euEuhbOE,205.000,2iset8PVX4jSTSEH,210.000,Nsmpq/og5cO95HwJ,212.000,obTLIQc2u6K1oipM,217.000,YHloJXirCx60SFnV
2,89,2026-03-25T14:24:35.113Z,199.000,10,72.000,Do8hC1pw172W9xvw,79.000,uT1RCshO88YMpxwE,91.000,2N4uTfQs/yo3mBYi,157.000,02xuA6TviChey6nJ,192.000,2iset8PVX4jSTSEH,194.000,obTLIQc2u6K1oipM,198.000,Kxg/hrv/euEuhbOE,201.000,Nsmpq/og5cO95HwJ,212.000,MwfJUdRQPbSNr9Io,223.000,YHloJXirCx60SFnV
2,90,2026-03-25T14:24:35.312Z,205.000,10,64.000,Do8hC1pw172W9xvw,78.000,uT1RCshO88YMpxwE,97.000,2N4uTfQs/yo3mBYi,165.000,02xuA6TviChey6nJ,189.000,Kxg/hrv/euEuhbOE,193.000,obTLIQc2u6K1oipM,205.000,2iset8PVX4jSTSEH,211.000,MwfJUdRQPbSNr9Io,213.000,Nsmpq/og5cO95HwJ,261.000,YHloJXirCx60SFnV
2,91,2026-03-25T14:24:35.517Z,203.000,10,74.000,Do8hC1pw172W9xvw,91.000,2N4uTfQs/yo3mBYi,92.000,uT1RCshO88YMpxwE,159.000,02xuA6TviChey6nJ,185.000,MwfJUdRQPbSNr9Io,187.000,Kxg/hrv/euEuhbOE,203.000,Nsmpq/og5cO95HwJ,213.000,YHloJXirCx60SFnV,217.000,2iset8PVX4jSTSEH,218.000,obTLIQc2u6K1oipM
2,92,2026-03-25T14:24:35.720Z,193.000,10,95.000,2N4uTfQs/yo3mBYi,103.000,uT1RCshO88YMpxwE,156.000,obTLIQc2u6K1oipM,157.000,02xuA6TviChey6nJ,187.000,Do8hC1pw172W9xvw,190.000,Kxg/hrv/euEuhbOE,193.000,YHloJXirCx60SFnV,194.000,2iset8PVX4jSTSEH,213.000,Nsmpq/og5cO95HwJ,225.000,MwfJUdRQPbSNr9Io
2,93,2026-03-25T14:24:35.913Z,221.000,10,80.000,uT1RCshO88YMpxwE,111.000,2N4uTfQs/yo3mBYi,168.000,obTLIQc2u6K1oipM,179.000,Do8hC1pw172W9xvw,191.000,02xuA6TviChey6nJ,199.000,MwfJUdRQPbSNr9Io,221.000,YHloJXirCx60SFnV,223.000,Nsmpq/og5cO95HwJ,237.000,2iset8PVX4jSTSEH,241.000,Kxg/hrv/euEuhbOE
2,94,2026-03-25T14:24:36.134Z,197.000,10,68.000,uT1RCshO88YMpxwE,74.000,2N4uTfQs/yo3mBYi,149.000,02xuA6TviChey6nJ,186.000,Do8hC1pw172W9xvw,193.000,MwfJUdRQPbSNr9Io,196.000,YHloJXirCx60SFnV,197.000,obTLIQc2u6K1oipM,199.000,Nsmpq/og5cO95HwJ,208.000,2iset8PVX4jSTSEH,210.000,Kxg/hrv/euEuhbOE
2,95,2026-03-25T14:24:36.331Z,195.000,10,67.000,uT1RCshO88YMpxwE,71.000,2N4uTfQs/yo3mBYi,142.000,Do8hC1pw172W9xvw,157.000,02xuA6TviChey6nJ,182.000,MwfJUdRQPbSNr9Io,193.000,Kxg/hrv/euEuhbOE,195.000,Nsmpq/og5cO95HwJ,204.000,2iset8PVX4jSTSEH,206.000,obTLIQc2u6K1oipM,207.000,YHloJXirCx60SFnV
2,96,2026-03-25T14:24:36.526Z,199.000,10,88.000,uT1RCshO88YMpxwE,89.000,2N4uTfQs/yo3mBYi,132.000,Do8hC1pw172W9xvw,158.000,02xuA6TviChey6nJ,186.000,Nsmpq/og5cO95HwJ,192.000,2iset8PVX4jSTSEH,198.000,MwfJUdRQPbSNr9Io,204.000,Kxg/hrv/euEuhbOE,213.000,obTLIQc2u6K1oipM,230.000,YHloJXirCx60SFnV
2,97,2026-03-25T14:24:36.725Z,203.000,10,74.000,uT1RCshO88YMpxwE,91.000,2N4uTfQs/yo3mBYi,143.000,Do8hC1pw172W9xvw,168.000,02xuA6TviChey6nJ,193.000,Nsmpq/og5cO95HwJ,197.000,MwfJUdRQPbSNr9Io,203.000,obTLIQc2u6K1oipM,210.000,2iset8PVX4jSTSEH,220.000,YHloJXirCx60SFnV,227.000,Kxg/hrv/euEuhbOE
2,98,2026-03-25T14:24:36.928Z,196.000,10,89.000,2N4uTfQs/yo3mBYi,92.000,uT1RCshO88YMpxwE,152.000,Do8hC1pw172W9xvw,167.000,02xuA6TviChey6nJ,172.000,Kxg/hrv/euEuhbOE,192.000,MwfJUdRQPbSNr9Io,196.000,obTLIQc2u6K1oipM,207.000,Nsmpq/og5cO95HwJ,212.000,YHloJXirCx60SFnV,215.000,2iset8PVX4jSTSEH
2,99,2026-03-25T14:24:37.124Z,225.000,10,94.000,2N4uTfQs/yo3mBYi,106.000,uT1RCshO88YMpxwE,160.000,Do8hC1pw172W9xvw,180.000,02xuA6TviChey6nJ,198.000,MwfJUdRQPbSNr9Io,204.000,obTLIQc2u6K1oipM,225.000,2iset8PVX4jSTSEH,227.000,Kxg/hrv/euEuhbOE,228.000,YHloJXirCx60SFnV,230.000,Nsmpq/og5cO95HwJ
2,100,2026-03-25T14:24:37.349Z,185.000,10,64.000,2N4uTfQs/yo3mBYi,73.000,uT1RCshO88YMpxwE,116.000,Do8hC1pw172W9xvw,151.000,02xuA6TviChey6nJ,157.000,2iset8PVX4jSTSEH,169.000,MwfJUdRQPbSNr9Io,185.000,YHloJXirCx60SFnV,200.000,Nsmpq/og5cO95HwJ,201.000,Kxg/hrv/euEuhbOE,206.000,obTLIQc2u6K1oipM
2,101,2026-03-25T14:24:37.534Z,209.000,10,81.000,uT1RCshO88YMpxwE,94.000,2N4uTfQs/yo3mBYi,153.000,Do8hC1pw172W9xvw,155.000,02xuA6TviChey6nJ,207.000,Nsmpq/og5cO95HwJ,208.000,MwfJUdRQPbSNr9Io,209.000,2iset8PVX4jSTSEH,210.000,obTLIQc2u6K1oipM,210.000,YHloJXirCx60SFnV,211.000,Kxg/hrv/euEuhbOE
2,102,2026-03-25T14:24:37.743Z,199.000,10,80.000,2N4uTfQs/yo3mBYi,84.000,uT1RCshO88YMpxwE,128.000,Do8hC1pw172W9xvw,166.000,02xuA6TviChey6nJ,185.000,Kxg/hrv/euEuhbOE,195.000,MwfJUdRQPbSNr9Io,199.000,obTLIQc2u6K1oipM,209.000,Nsmpq/og5cO95HwJ,214.000,2iset8PVX4jSTSEH,221.000,YHloJXirCx60SFnV
2,103,2026-03-25T14:24:37.942Z,200.000,10,96.000,uT1RCshO88YMpxwE,102.000,2N4uTfQs/yo3mBYi,144.000,Do8hC1pw172W9xvw,170.000,MwfJUdRQPbSNr9Io,173.000,02xuA6TviChey6nJ,192.000,Nsmpq/og5cO95HwJ,200.000,obTLIQc2u6K1oipM,204.000,YHloJXirCx60SFnV,205.000,Kxg/hrv/euEuhbOE,213.000,2iset8PVX4jSTSEH
2,104,2026-03-25T14:24:38.142Z,195.000,10,79.000,2N4uTfQs/yo3mBYi,90.000,uT1RCshO88YMpxwE,151.000,Do8hC1pw172W9xvw,164.000,Nsmpq/og5cO95HwJ,171.000,MwfJUdRQPbSNr9Io,174.000,obTLIQc2u6K1oipM,194.000,2iset8PVX4jSTSEH,203.000,02xuA6TviChey6nJ,237.000,Kxg/hrv/euEuhbOE,248.000,YHloJXirCx60SFnV
2,105,2026-03-25T14:24:38.337Z,217.000,10,91.000,2N4uTfQs/yo3mBYi,107.000,uT1RCshO88YMpxwE,181.000,Nsmpq/og5cO95HwJ,182.000,obTLIQc2u6K1oipM,192.000,2iset8PVX4jSTSEH,194.000,MwfJUdRQPbSNr9Io,217.000,02xuA6TviChey6nJ,229.000,Kxg/hrv/euEuhbOE,275.000,YHloJXirCx60SFnV,296.000,Do8hC1pw172W9xvw
2,106,2026-03-25T14:24:38.554Z,192.000,10,77.000,uT1RCshO88YMpxwE,88.000,2N4uTfQs/yo3mBYi,153.000,MwfJUdRQPbSNr9Io,162.000,Do8hC1pw172W9xvw,173.000,Nsmpq/og5cO95HwJ,179.000,obTLIQc2u6K1oipM,192.000,YHloJXirCx60SFnV,202.000,02xuA6TviChey6nJ,206.000,Kxg/hrv/euEuhbOE,237.000,2iset8PVX4jSTSEH
2,107,2026-03-25T14:24:38.746Z,183.000,10,83.000,2N4uTfQs/yo3mBYi,100.000,uT1RCshO88YMpxwE,139.000,Do8hC1pw172W9xvw,175.000,obTLIQc2u6K1oipM,179.000,MwfJUdRQPbSNr9Io,181.000,02xuA6TviChey6nJ,183.000,Nsmpq/og5cO95HwJ,210.000,YHloJXirCx60SFnV,213.000,Kxg/hrv/euEuhbOE,217.000,2iset8PVX4jSTSEH
2,108,2026-03-25T14:24:38.929Z,225.000,10,101.000,uT1RCshO88YMpxwE,102.000,2N4uTfQs/yo3mBYi,150.000,Do8hC1pw172W9xvw,192.000,MwfJUdRQPbSNr9Io,202.000,2iset8PVX4jSTSEH,207.000,Nsmpq/og5cO95HwJ,225.000,02xuA6TviChey6nJ,228.000,obTLIQc2u6K1oipM,242.000,Kxg/hrv/euEuhbOE,267.000,YHloJXirCx60SFnV
2,109,2026-03-25T14:24:39.154Z,224.000,10,82.000,2N4uTfQs/yo3mBYi,85.000,uT1RCshO88YMpxwE,130.000,Do8hC1pw172W9xvw,160.000,MwfJUdRQPbSNr9Io,184.000,02xuA6TviChey6nJ,208.000,2iset8PVX4jSTSEH,306.000,obTLIQc2u6K1oipM,347.000,Nsmpq/og5cO95HwJ,232.000,YHloJXirCx60SFnV,243.000,Kxg/hrv/euEuhbOE
2,110,2026-03-25T14:24:39.378Z,164.000,10,38.000,2N4uTfQs/yo3mBYi,70.000,uT1RCshO88YMpxwE,105.000,Do8hC1pw172W9xvw,139.000,MwfJUdRQPbSNr9Io,150.000,obTLIQc2u6K1oipM,160.000,Nsmpq/og5cO95HwJ,164.000,Kxg/hrv/euEuhbOE,172.000,02xuA6TviChey6nJ,207.000,YHloJXirCx60SFnV,221.000,2iset8PVX4jSTSEH
2,111,2026-03-25T14:24:39.542Z,213.000,10,84.000,uT1RCshO88YMpxwE,109.000,2N4uTfQs/yo3mBYi,137.000,Do8hC1pw172W9xvw,184.000,obTLIQc2u6K1oipM,185.000,MwfJUdRQPbSNr9Io,186.000,Nsmpq/og5cO95HwJ,212.000,YHloJXirCx60SFnV,224.000,02xuA6TviChey6nJ,252.000,Kxg/hrv/euEuhbOE,271.000,2iset8PVX4jSTSEH
2,112,2026-03-25T14:24:39.755Z,186.000,10,73.000,uT1RCshO88YMpxwE,97.000,2N4uTfQs/yo3mBYi,135.000,Do8hC1pw172W9xvw,162.000,MwfJUdRQPbSNr9Io,165.000,obTLIQc2u6K1oipM,178.000,Nsmpq/og5cO95HwJ,186.000,Kxg/hrv/euEuhbOE,194.000,YHloJXirCx60SFnV,210.000,02xuA6TviChey6nJ,248.000,2iset8PVX4jSTSEH
2,113,2026-03-25T14:24:39.941Z,303.000,10,104.000,uT1RCshO88YMpxwE,111.000,2N4uTfQs/yo3mBYi,154.000,Do8hC1pw172W9xvw,176.000,MwfJUdRQPbSNr9Io,183.000,obTLIQc2u6K1oipM,302.000,Kxg/hrv/euEuhbOE,303.000,02xuA6TviChey6nJ,307.000,Nsmpq/og5cO95HwJ,309.000,YHloJXirCx60SFnV,312.000,2iset8PVX4jSTSEH
2,114,2026-03-25T14:24:40.244Z,105.000,10,11.000,uT1RCshO88YMpxwE,13.000,2N4uTfQs/yo3mBYi,44.000,Do8hC1pw172W9xvw,88.000,Nsmpq/og5cO95HwJ,89.000,MwfJUdRQPbSNr9Io,91.000,obTLIQc2u6K1oipM,104.000,Kxg/hrv/euEuhbOE,128.000,02xuA6TviChey6nJ,133.000,2iset8PVX4jSTSEH,164.000,YHloJXirCx60SFnV
2,115,2026-03-25T14:24:40.349Z,189.000,10,106.000,uT1RCshO88YMpxwE,108.000,2N4uTfQs/yo3mBYi,142.000,Do8hC1pw172W9xvw,168.000,Nsmpq/og5cO95HwJ,181.000,Kxg/hrv/euEuhbOE,184.000,obTLIQc2u6K1oipM,189.000,MwfJUdRQPbSNr9Io,205.000,YHloJXirCx60SFnV,226.000,02xuA6TviChey6nJ,264.000,2iset8PVX4jSTSEH
2,116,2026-03-25T14:24:40.538Z,221.000,10,95.000,uT1RCshO88YMpxwE,129.000,2N4uTfQs/yo3mBYi,147.000,Do8hC1pw172W9xvw,176.000,MwfJUdRQPbSNr9Io,190.000,obTLIQc2u6K1oipM,218.000,02xuA6TviChey6nJ,221.000,YHloJXirCx60SFnV,238.000,Nsmpq/og5cO95HwJ,250.000,Kxg/hrv/euEuhbOE,264.000,2iset8PVX4jSTSEH
2,117,2026-03-25T14:24:40.759Z,191.000,10,70.000,uT1RCshO88YMpxwE,118.000,2N4uTfQs/yo3mBYi,156.000,Do8hC1pw172W9xvw,159.000,MwfJUdRQPbSNr9Io,171.000,obTLIQc2u6K1oipM,188.000,YHloJXirCx60SFnV,191.000,Nsmpq/og5cO95HwJ,217.000,02xuA6TviChey6nJ,225.000,2iset8PVX4jSTSEH,254.000,Kxg/hrv/euEuhbOE
2,118,2026-03-25T14:24:40.950Z,213.000,10,102.000,uT1RCshO88YMpxwE,113.000,2N4uTfQs/yo3mBYi,147.000,Do8hC1pw172W9xvw,192.000,Kxg/hrv/euEuhbOE,194.000,obTLIQc2u6K1oipM,197.000,Nsmpq/og5cO95HwJ,213.000,YHloJXirCx60SFnV,222.000,MwfJUdRQPbSNr9Io,228.000,2iset8PVX4jSTSEH,229.000,02xuA6TviChey6nJ
2,119,2026-03-25T14:24:41.163Z,217.000,10,80.000,uT1RCshO88YMpxwE,94.000,2N4uTfQs/yo3mBYi,132.000,Do8hC1pw172W9xvw,180.000,Kxg/hrv/euEuhbOE,182.000,Nsmpq/og5cO95HwJ,183.000,obTLIQc2u6K1oipM,217.000,YHloJXirCx60SFnV,218.000,02xuA6TviChey6nJ,248.000,2iset8PVX4jSTSEH,320.000,MwfJUdRQPbSNr9Io
2,120,2026-03-25T14:24:41.380Z,169.000,10,67.000,uT1RCshO88YMpxwE,85.000,2N4uTfQs/yo3mBYi,120.000,Do8hC1pw172W9xvw,151.000,obTLIQc2u6K1oipM,163.000,MwfJUdRQPbSNr9Io,164.000,Kxg/hrv/euEuhbOE,169.000,Nsmpq/og5cO95HwJ,189.000,YHloJXirCx60SFnV,202.000,02xuA6TviChey6nJ,218.000,2iset8PVX4jSTSEH
2,121,2026-03-25T14:24:41.549Z,201.000,10,112.000,2N4uTfQs/yo3mBYi,114.000,uT1RCshO88YMpxwE,165.000,Do8hC1pw172W9xvw,180.000,MwfJUdRQPbSNr9Io,195.000,Nsmpq/og5cO95HwJ,197.000,obTLIQc2u6K1oipM,201.000,Kxg/hrv/euEuhbOE,224.000,02xuA6TviChey6nJ,240.000,YHloJXirCx60SFnV,321.000,2iset8PVX4jSTSEH
2,122,2026-03-25T14:24:41.750Z,209.000,10,119.000,uT1RCshO88YMpxwE,148.000,Do8hC1pw172W9xvw,158.000,2N4uTfQs/yo3mBYi,185.000,obTLIQc2u6K1oipM,191.000,Kxg/hrv/euEuhbOE,192.000,YHloJXirCx60SFnV,208.000,Nsmpq/og5cO95HwJ,222.000,02xuA6TviChey6nJ,231.000,MwfJUdRQPbSNr9Io,299.000,2iset8PVX4jSTSEH
2,123,2026-03-25T14:24:41.959Z,193.000,10,83.000,uT1RCshO88YMpxwE,107.000,2N4uTfQs/yo3mBYi,147.000,Do8hC1pw172W9xvw,179.000,Nsmpq/og5cO95HwJ,179.000,obTLIQc2u6K1oipM,184.000,Kxg/hrv/euEuhbOE,193.000,MwfJUdRQPbSNr9Io,208.000,YHloJXirCx60SFnV,226.000,02xuA6TviChey6nJ,266.000,2iset8PVX4jSTSEH
2,124,2026-03-25T14:24:42.152Z,239.000,10,110.000,uT1RCshO88YMpxwE,115.000,2N4uTfQs/yo3mBYi,161.000,Do8hC1pw172W9xvw,207.000,02xuA6TviChey6nJ,217.000,obTLIQc2u6K1oipM,235.000,Kxg/hrv/euEuhbOE,239.000,MwfJUdRQPbSNr9Io,253.000,Nsmpq/og5cO95HwJ,296.000,YHloJXirCx60SFnV,337.000,2iset8PVX4jSTSEH
2,125,2026-03-25T14:24:42.391Z,192.000,9,67.000,2N4uTfQs/yo3mBYi,79.000,uT1RCshO88YMpxwE,112.000,Do8hC1pw172W9xvw,156.000,Kxg/hrv/euEuhbOE,162.000,obTLIQc2u6K1oipM,166.000,MwfJUdRQPbSNr9Io,192.000,02xuA6TviChey6nJ,304.000,YHloJXirCx60SFnV,241.000,Nsmpq/og5cO95HwJ,,
2,126,2026-03-25T14:24:42.583Z,180.000,10,82.000,2iset8PVX4jSTSEH,90.000,uT1RCshO88YMpxwE,97.000,2N4uTfQs/yo3mBYi,150.000,Do8hC1pw172W9xvw,169.000,MwfJUdRQPbSNr9Io,173.000,YHloJXirCx60SFnV,180.000,obTLIQc2u6K1oipM,191.000,02xuA6TviChey6nJ,220.000,Kxg/hrv/euEuhbOE,235.000,Nsmpq/og5cO95HwJ
2,127,2026-03-25T14:24:42.763Z,197.000,10,102.000,uT1RCshO88YMpxwE,103.000,2N4uTfQs/yo3mBYi,105.000,2iset8PVX4jSTSEH,172.000,Do8hC1pw172W9xvw,179.000,MwfJUdRQPbSNr9Io,191.000,obTLIQc2u6K1oipM,197.000,YHloJXirCx60SFnV,203.000,Kxg/hrv/euEuhbOE,226.000,02xuA6TviChey6nJ,267.000,Nsmpq/og5cO95HwJ
2,128,2026-03-25T14:24:42.960Z,209.000,10,113.000,2N4uTfQs/yo3mBYi,115.000,2iset8PVX4jSTSEH,116.000,uT1RCshO88YMpxwE,142.000,Do8hC1pw172W9xvw,193.000,obTLIQc2u6K1oipM,199.000,YHloJXirCx60SFnV,209.000,MwfJUdRQPbSNr9Io,211.000,Kxg/hrv/euEuhbOE,224.000,02xuA6TviChey6nJ,259.000,Nsmpq/og5cO95HwJ
2,129,2026-03-25T14:24:43.169Z,190.000,10,106.000,2N4uTfQs/yo3mBYi,109.000,uT1RCshO88YMpxwE,111.000,2iset8PVX4jSTSEH,122.000,Do8hC1pw172W9xvw,180.000,Kxg/hrv/euEuhbOE,185.000,MwfJUdRQPbSNr9Io,190.000,obTLIQc2u6K1oipM,199.000,YHloJXirCx60SFnV,227.000,02xuA6TviChey6nJ,260.000,Nsmpq/og5cO95HwJ
2,130,2026-03-25T14:24:43.359Z,212.000,10,126.000,2N4uTfQs/yo3mBYi,127.000,uT1RCshO88YMpxwE,145.000,2iset8PVX4jSTSEH,165.000,Do8hC1pw172W9xvw,187.000,MwfJUdRQPbSNr9Io,206.000,obTLIQc2u6K1oipM,211.000,Kxg/hrv/euEuhbOE,217.000,02xuA6TviChey6nJ,251.000,YHloJXirCx60SFnV,262.000,Nsmpq/og5cO95HwJ
2,131,2026-03-25T14:24:43.571Z,196.000,10,100.000,uT1RCshO88YMpxwE,107.000,2iset8PVX4jSTSEH,117.000,2N4uTfQs/yo3mBYi,141.000,Do8hC1pw172W9xvw,181.000,obTLIQc2u6K1oipM,188.000,Kxg/hrv/euEuhbOE,196.000,02xuA6TviChey6nJ,223.000,MwfJUdRQPbSNr9Io,239.000,YHloJXirCx60SFnV,254.000,Nsmpq/og5cO95HwJ
2,132,2026-03-25T14:24:43.767Z,221.000,10,114.000,uT1RCshO88YMpxwE,129.000,2N4uTfQs/yo3mBYi,131.000,2iset8PVX4jSTSEH,151.000,Do8hC1pw172W9xvw,188.000,obTLIQc2u6K1oipM,201.000,02xuA6TviChey6nJ,221.000,YHloJXirCx60SFnV,242.000,Kxg/hrv/euEuhbOE,244.000,MwfJUdRQPbSNr9Io,264.000,Nsmpq/og5cO95HwJ
2,133,2026-03-25T14:24:43.988Z,174.000,10,93.000,uT1RCshO88YMpxwE,98.000,2N4uTfQs/yo3mBYi,105.000,2iset8PVX4jSTSEH,122.000,Do8hC1pw172W9xvw,161.000,MwfJUdRQPbSNr9Io,165.000,obTLIQc2u6K1oipM,174.000,Kxg/hrv/euEuhbOE,201.000,02xuA6TviChey6nJ,237.000,YHloJXirCx60SFnV,250.000,Nsmpq/og5cO95HwJ
2,134,2026-03-25T14:24:44.162Z,258.000,10,242.000,2N4uTfQs/yo3mBYi,247.000,MwfJUdRQPbSNr9Io,249.000,Kxg/hrv/euEuhbOE,251.000,YHloJXirCx60SFnV,254.000,uT1RCshO88YMpxwE,257.000,Do8hC1pw172W9xvw,258.000,2iset8PVX4jSTSEH,259.000,obTLIQc2u6K1oipM,281.000,Nsmpq/og5cO95HwJ,294.000,02xuA6TviChey6nJ
2,135,2026-03-25T14:24:44.420Z,150.000,9,108.000,2iset8PVX4jSTSEH,110.000,uT1RCshO88YMpxwE,112.000,2N4uTfQs/yo3mBYi,145.000,MwfJUdRQPbSNr9Io,146.000,obTLIQc2u6K1oipM,148.000,Kxg/hrv/euEuhbOE,150.000,YHloJXirCx60SFnV,151.000,Do8hC1pw172W9xvw,203.000,Nsmpq/og5cO95HwJ,,
2,136,2026-03-25T14:24:44.570Z,204.000,10,94.000,02xuA6TviChey6nJ,133.000,uT1RCshO88YMpxwE,138.000,2iset8PVX4jSTSEH,149.000,2N4uTfQs/yo3mBYi,184.000,Do8hC1pw172W9xvw,200.000,MwfJUdRQPbSNr9Io,204.000,Kxg/hrv/euEuhbOE,208.000,obTLIQc2u6K1oipM,209.000,YHloJXirCx60SFnV,257.000,Nsmpq/og5cO95HwJ
2,137,2026-03-25T14:24:44.774Z,191.000,10,93.000,02xuA6TviChey6nJ,146.000,2N4uTfQs/yo3mBYi,148.000,2iset8PVX4jSTSEH,152.000,uT1RCshO88YMpxwE,156.000,Do8hC1pw172W9xvw,189.000,Kxg/hrv/euEuhbOE,190.000,MwfJUdRQPbSNr9Io,192.000,obTLIQc2u6K1oipM,200.000,YHloJXirCx60SFnV,264.000,Nsmpq/og5cO95HwJ
2,138,2026-03-25T14:24:44.965Z,207.000,10,153.000,02xuA6TviChey6nJ,155.000,2N4uTfQs/yo3mBYi,192.000,Do8hC1pw172W9xvw,199.000,2iset8PVX4jSTSEH,202.000,uT1RCshO88YMpxwE,204.000,obTLIQc2u6K1oipM,206.000,MwfJUdRQPbSNr9Io,213.000,Kxg/hrv/euEuhbOE,219.000,YHloJXirCx60SFnV,251.000,Nsmpq/og5cO95HwJ
2,139,2026-03-25T14:24:45.172Z,191.000,10,85.000,02xuA6TviChey6nJ,120.000,2iset8PVX4jSTSEH,143.000,uT1RCshO88YMpxwE,145.000,2N4uTfQs/yo3mBYi,171.000,Do8hC1pw172W9xvw,185.000,obTLIQc2u6K1oipM,190.000,MwfJUdRQPbSNr9Io,199.000,Kxg/hrv/euEuhbOE,214.000,YHloJXirCx60SFnV,222.000,Nsmpq/og5cO95HwJ
2,140,2026-03-25T14:24:45.363Z,211.000,10,97.000,02xuA6TviChey6nJ,163.000,uT1RCshO88YMpxwE,167.000,2N4uTfQs/yo3mBYi,175.000,2iset8PVX4jSTSEH,178.000,Do8hC1pw172W9xvw,209.000,obTLIQc2u6K1oipM,211.000,Kxg/hrv/euEuhbOE,213.000,MwfJUdRQPbSNr9Io,226.000,YHloJXirCx60SFnV,289.000,Nsmpq/og5cO95HwJ
2,141,2026-03-25T14:24:45.574Z,201.000,10,107.000,02xuA6TviChey6nJ,142.000,2iset8PVX4jSTSEH,152.000,2N4uTfQs/yo3mBYi,161.000,uT1RCshO88YMpxwE,181.000,Do8hC1pw172W9xvw,188.000,obTLIQc2u6K1oipM,201.000,MwfJUdRQPbSNr9Io,203.000,Kxg/hrv/euEuhbOE,211.000,YHloJXirCx60SFnV,240.000,Nsmpq/og5cO95HwJ
2,142,2026-03-25T14:24:45.775Z,204.000,10,90.000,02xuA6TviChey6nJ,152.000,Do8hC1pw172W9xvw,157.000,uT1RCshO88YMpxwE,159.000,2N4uTfQs/yo3mBYi,167.000,2iset8PVX4jSTSEH,202.000,YHloJXirCx60SFnV,204.000,Kxg/hrv/euEuhbOE,205.000,MwfJUdRQPbSNr9Io,210.000,obTLIQc2u6K1oipM,270.000,Nsmpq/og5cO95HwJ
2,143,2026-03-25T14:24:45.979Z,192.000,9,98.000,02xuA6TviChey6nJ,137.000,uT1RCshO88YMpxwE,145.000,2iset8PVX4jSTSEH,146.000,2N4uTfQs/yo3mBYi,186.000,Do8hC1pw172W9xvw,187.000,MwfJUdRQPbSNr9Io,192.000,YHloJXirCx60SFnV,194.000,obTLIQc2u6K1oipM,197.000,Kxg/hrv/euEuhbOE,,
2,144,2026-03-25T14:24:46.171Z,196.000,10,89.000,Nsmpq/og5cO95HwJ,115.000,02xuA6TviChey6nJ,158.000,2N4uTfQs/yo3mBYi,161.000,Do8hC1pw172W9xvw,173.000,2iset8PVX4jSTSEH,175.000,uT1RCshO88YMpxwE,195.000,YHloJXirCx60SFnV,199.000,obTLIQc2u6K1oipM,206.000,Kxg/hrv/euEuhbOE,215.000,MwfJUdRQPbSNr9Io
2,145,2026-03-25T14:24:46.367Z,200.000,10,74.000,Nsmpq/og5cO95HwJ,109.000,02xuA6TviChey6nJ,128.000,2N4uTfQs/yo3mBYi,151.000,uT1RCshO88YMpxwE,175.000,2iset8PVX4jSTSEH,176.000,Do8hC1pw172W9xvw,199.000,Kxg/hrv/euEuhbOE,212.000,MwfJUdRQPbSNr9Io,212.000,obTLIQc2u6K1oipM,274.000,YHloJXirCx60SFnV
2,146,2026-03-25T14:24:46.567Z,206.000,10,125.000,02xuA6TviChey6nJ,144.000,uT1RCshO88YMpxwE,150.000,Nsmpq/og5cO95HwJ,171.000,2iset8PVX4jSTSEH,180.000,2N4uTfQs/yo3mBYi,204.000,Do8hC1pw172W9xvw,206.000,Kxg/hrv/euEuhbOE,215.000,MwfJUdRQPbSNr9Io,216.000,obTLIQc2u6K1oipM,218.000,YHloJXirCx60SFnV
2,147,2026-03-25T14:24:46.773Z,210.000,10,92.000,02xuA6TviChey6nJ,95.000,Nsmpq/og5cO95HwJ,155.000,2N4uTfQs/yo3mBYi,164.000,2iset8PVX4jSTSEH,170.000,uT1RCshO88YMpxwE,208.000,obTLIQc2u6K1oipM,210.000,Do8hC1pw172W9xvw,213.000,Kxg/hrv/euEuhbOE,218.000,YHloJXirCx60SFnV,219.000,MwfJUdRQPbSNr9Io
2,148,2026-03-25T14:24:46.983Z,196.000,10,83.000,Nsmpq/og5cO95HwJ,112.000,02xuA6TviChey6nJ,151.000,uT1RCshO88YMpxwE,157.000,2N4uTfQs/yo3mBYi,170.000,2iset8PVX4jSTSEH,182.000,Kxg/hrv/euEuhbOE,196.000,obTLIQc2u6K1oipM,197.000,Do8hC1pw172W9xvw,199.000,MwfJUdRQPbSNr9Io,201.000,YHloJXirCx60SFnV
2,149,2026-03-25T14:24:47.179Z,201.000,10,90.000,02xuA6TviChey6nJ,92.000,Nsmpq/og5cO95HwJ,124.000,uT1RCshO88YMpxwE,150.000,2N4uTfQs/yo3mBYi,165.000,2iset8PVX4jSTSEH,199.000,Kxg/hrv/euEuhbOE,200.000,Do8hC1pw172W9xvw,203.000,obTLIQc2u6K1oipM,207.000,MwfJUdRQPbSNr9Io,209.000,YHloJXirCx60SFnV
2,150,2026-03-25T14:24:47.380Z,196.000,10,100.000,Nsmpq/og5cO95HwJ,110.000,02xuA6TviChey6nJ,141.000,2N4uTfQs/yo3mBYi,164.000,uT1RCshO88YMpxwE,167.000,2iset8PVX4jSTSEH,195.000,Kxg/hrv/euEuhbOE,196.000,obTLIQc2u6K1oipM,198.000,YHloJXirCx60SFnV,208.000,MwfJUdRQPbSNr9Io,221.000,Do8hC1pw172W9xvw
2,151,2026-03-25T14:24:47.576Z,209.000,10,98.000,02xuA6TviChey6nJ,133.000,Nsmpq/og5cO95HwJ,141.000,2N4uTfQs/yo3mBYi,170.000,2iset8PVX4jSTSEH,193.000,uT1RCshO88YMpxwE,207.000,obTLIQc2u6K1oipM,209.000,Do8hC1pw172W9xvw,211.000,Kxg/hrv/euEuhbOE,217.000,YHloJXirCx60SFnV,248.000,MwfJUdRQPbSNr9Io
2,152,2026-03-25T14:24:47.785Z,199.000,10,98.000,Nsmpq/og5cO95HwJ,101.000,02xuA6TviChey6nJ,144.000,2N4uTfQs/yo3mBYi,147.000,uT1RCshO88YMpxwE,157.000,2iset8PVX4jSTSEH,197.000,Do8hC1pw172W9xvw,199.000,obTLIQc2u6K1oipM,200.000,YHloJXirCx60SFnV,202.000,MwfJUdRQPbSNr9Io,223.000,Kxg/hrv/euEuhbOE
2,153,2026-03-25T14:24:47.984Z,197.000,10,92.000,02xuA6TviChey6nJ,154.000,2N4uTfQs/yo3mBYi,157.000,2iset8PVX4jSTSEH,159.000,Nsmpq/og5cO95HwJ,172.000,uT1RCshO88YMpxwE,195.000,Do8hC1pw172W9xvw,197.000,MwfJUdRQPbSNr9Io,198.000,Kxg/hrv/euEuhbOE,208.000,YHloJXirCx60SFnV,209.000,obTLIQc2u6K1oipM
2,154,2026-03-25T14:24:48.181Z,203.000,10,100.000,02xuA6TviChey6nJ,138.000,Nsmpq/og5cO95HwJ,161.000,2N4uTfQs/yo3mBYi,165.000,uT1RCshO88YMpxwE,166.000,2iset8PVX4jSTSEH,196.000,Kxg/hrv/euEuhbOE,203.000,Do8hC1pw172W9xvw,205.000,obTLIQc2u6K1oipM,213.000,MwfJUdRQPbSNr9Io,220.000,YHloJXirCx60SFnV
2,155,2026-03-25T14:24:48.384Z,202.000,10,98.000,02xuA6TviChey6nJ,145.000,Nsmpq/og5cO95HwJ,164.000,2N4uTfQs/yo3mBYi,172.000,2iset8PVX4jSTSEH,191.000,uT1RCshO88YMpxwE,194.000,obTLIQc2u6K1oipM,202.000,Do8hC1pw172W9xvw,211.000,MwfJUdRQPbSNr9Io,212.000,Kxg/hrv/euEuhbOE,218.000,YHloJXirCx60SFnV
2,156,2026-03-25T14:24:48.586Z,206.000,10,96.000,02xuA6TviChey6nJ,121.000,Nsmpq/og5cO95HwJ,164.000,2iset8PVX4jSTSEH,166.000,uT1RCshO88YMpxwE,189.000,2N4uTfQs/yo3mBYi,202.000,Kxg/hrv/euEuhbOE,206.000,MwfJUdRQPbSNr9Io,209.000,Do8hC1pw172W9xvw,212.000,YHloJXirCx60SFnV,254.000,obTLIQc2u6K1oipM
2,157,2026-03-25T14:24:48.792Z,219.000,10,92.000,02xuA6TviChey6nJ,122.000,Nsmpq/og5cO95HwJ,153.000,2N4uTfQs/yo3mBYi,156.000,2iset8PVX4jSTSEH,173.000,uT1RCshO88YMpxwE,187.000,Do8hC1pw172W9xvw,219.000,MwfJUdRQPbSNr9Io,221.000,Kxg/hrv/euEuhbOE,221.000,YHloJXirCx60SFnV,259.000,obTLIQc2u6K1oipM
2,158,2026-03-25T14:24:49.011Z,181.000,10,73.000,02xuA6TviChey6nJ,103.000,Nsmpq/og5cO95HwJ,132.000,2iset8PVX4jSTSEH,142.000,2N4uTfQs/yo3mBYi,156.000,uT1RCshO88YMpxwE,169.000,Do8hC1pw172W9xvw,181.000,MwfJUdRQPbSNr9Io,186.000,Kxg/hrv/euEuhbOE,201.000,YHloJXirCx60SFnV,232.000,obTLIQc2u6K1oipM
2,159,2026-03-25T14:24:49.192Z,197.000,10,95.000,02xuA6TviChey6nJ,140.000,2iset8PVX4jSTSEH,141.000,Nsmpq/og5cO95HwJ,152.000,2N4uTfQs/yo3mBYi,153.000,uT1RCshO88YMpxwE,196.000,Kxg/hrv/euEuhbOE,197.000,Do8hC1pw172W9xvw,206.000,MwfJUdRQPbSNr9Io,224.000,YHloJXirCx60SFnV,255.000,obTLIQc2u6K1oipM
2,160,2026-03-25T14:24:49.389Z,203.000,10,98.000,02xuA6TviChey6nJ,141.000,2N4uTfQs/yo3mBYi,143.000,Nsmpq/og5cO95HwJ,155.000,uT1RCshO88YMpxwE,161.000,2iset8PVX4jSTSEH,202.000,YHloJXirCx60SFnV,203.000,Kxg/hrv/euEuhbOE,208.000,Do8hC1pw172W9xvw,227.000,MwfJUdRQPbSNr9Io,254.000,obTLIQc2u6K1oipM
2,161,2026-03-25T14:24:49.592Z,222.000,10,210.000,02xuA6TviChey6nJ,215.000,uT1RCshO88YMpxwE,216.000,Do8hC1pw172W9xvw,218.000,MwfJUdRQPbSNr9Io,220.000,Nsmpq/og5cO95HwJ,221.000,2iset8PVX4jSTSEH,222.000,2N4uTfQs/yo3mBYi,252.000,YHloJXirCx60SFnV,254.000,Kxg/hrv/euEuhbOE,275.000,obTLIQc2u6K1oipM
2,162,2026-03-25T14:24:49.814Z,183.000,10,89.000,Nsmpq/og5cO95HwJ,114.000,02xuA6TviChey6nJ,147.000,2iset8PVX4jSTSEH,151.000,uT1RCshO88YMpxwE,156.000,2N4uTfQs/yo3mBYi,177.000,YHloJXirCx60SFnV,182.000,Do8hC1pw172W9xvw,194.000,Kxg/hrv/euEuhbOE,205.000,MwfJUdRQPbSNr9Io,239.000,obTLIQc2u6K1oipM
2,163,2026-03-25T14:24:49.997Z,209.000,10,96.000,02xuA6TviChey6nJ,137.000,Nsmpq/og5cO95HwJ,145.000,2iset8PVX4jSTSEH,167.000,uT1RCshO88YMpxwE,198.000,MwfJUdRQPbSNr9Io,200.000,2N4uTfQs/yo3mBYi,209.000,Do8hC1pw172W9xvw,211.000,Kxg/hrv/euEuhbOE,214.000,YHloJXirCx60SFnV,262.000,obTLIQc2u6K1oipM
2,164,2026-03-25T14:24:50.206Z,199.000,10,85.000,02xuA6TviChey6nJ,124.000,Nsmpq/og5cO95HwJ,158.000,2iset8PVX4jSTSEH,165.000,2N4uTfQs/yo3mBYi,187.000,uT1RCshO88YMpxwE,189.000,Do8hC1pw172W9xvw,199.000,Kxg/hrv/euEuhbOE,200.000,MwfJUdRQPbSNr9Io,203.000,YHloJXirCx60SFnV,236.000,obTLIQc2u6K1oipM
2,165,2026-03-25T14:24:50.405Z,199.000,10,91.000,02xuA6TviChey6nJ,132.000,uT1RCshO88YMpxwE,133.000,Nsmpq/og5cO95HwJ,148.000,2iset8PVX4jSTSEH,163.000,2N4uTfQs/yo3mBYi,198.000,YHloJXirCx60SFnV,199.000,MwfJUdRQPbSNr9Io,221.000,Kxg/hrv/euEuhbOE,241.000,Do8hC1pw172W9xvw,250.000,obTLIQc2u6K1oipM
2,166,2026-03-25T14:24:50.604Z,200.000,10,93.000,02xuA6TviChey6nJ,119.000,Nsmpq/og5cO95HwJ,149.000,2iset8PVX4jSTSEH,153.000,uT1RCshO88YMpxwE,183.000,2N4uTfQs/yo3mBYi,199.000,YHloJXirCx60SFnV,200.000,MwfJUdRQPbSNr9Io,201.000,Do8hC1pw172W9xvw,202.000,Kxg/hrv/euEuhbOE,248.000,obTLIQc2u6K1oipM
2,167,2026-03-25T14:24:50.804Z,220.000,10,94.000,02xuA6TviChey6nJ,129.000,Nsmpq/og5cO95HwJ,162.000,uT1RCshO88YMpxwE,171.000,2iset8PVX4jSTSEH,183.000,2N4uTfQs/yo3mBYi,209.000,Do8hC1pw172W9xvw,220.000,YHloJXirCx60SFnV,223.000,MwfJUdRQPbSNr9Io,225.000,Kxg/hrv/euEuhbOE,261.000,obTLIQc2u6K1oipM
2,168,2026-03-25T14:24:51.024Z,181.000,10,73.000,02xuA6TviChey6nJ,117.000,2iset8PVX4jSTSEH,118.000,Nsmpq/og5cO95HwJ,151.000,uT1RCshO88YMpxwE,154.000,2N4uTfQs/yo3mBYi,175.000,MwfJUdRQPbSNr9Io,180.000,Kxg/hrv/euEuhbOE,187.000,Do8hC1pw172W9xvw,194.000,YHloJXirCx60SFnV,219.000,obTLIQc2u6K1oipM
2,169,2026-03-25T14:24:51.205Z,199.000,10,87.000,02xuA6TviChey6nJ,130.000,Nsmpq/og5cO95HwJ,153.000,2iset8PVX4jSTSEH,179.000,uT1RCshO88YMpxwE,180.000,2N4uTfQs/yo3mBYi,181.000,Do8hC1pw172W9xvw,199.000,YHloJXirCx60SFnV,204.000,Kxg/hrv/euEuhbOE,212.000,MwfJUdRQPbSNr9Io,265.000,obTLIQc2u6K1oipM
2,170,2026-03-25T14:24:51.404Z,199.000,10,97.000,02xuA6TviChey6nJ,105.000,Nsmpq/og5cO95HwJ,142.000,2iset8PVX4jSTSEH,167.000,uT1RCshO88YMpxwE,192.000,2N4uTfQs/yo3mBYi,193.000,Do8hC1pw172W9xvw,199.000,MwfJUdRQPbSNr9Io,213.000,Kxg/hrv/euEuhbOE,220.000,YHloJXirCx60SFnV,245.000,obTLIQc2u6K1oipM
2,171,2026-03-25T14:24:51.603Z,208.000,10,98.000,02xuA6TviChey6nJ,133.000,Nsmpq/og5cO95HwJ,155.000,2iset8PVX4jSTSEH,159.000,uT1RCshO88YMpxwE,177.000,2N4uTfQs/yo3mBYi,191.000,MwfJUdRQPbSNr9Io,208.000,YHloJXirCx60SFnV,224.000,Kxg/hrv/euEuhbOE,227.000,Do8hC1pw172W9xvw,244.000,obTLIQc2u6K1oipM
2,172,2026-03-25T14:24:51.811Z,195.000,10,98.000,02xuA6TviChey6nJ,132.000,Nsmpq/og5cO95HwJ,147.000,uT1RCshO88YMpxwE,153.000,2iset8PVX4jSTSEH,173.000,MwfJUdRQPbSNr9Io,179.000,Do8hC1pw172W9xvw,194.000,Kxg/hrv/euEuhbOE,195.000,2N4uTfQs/yo3mBYi,249.000,obTLIQc2u6K1oipM,249.000,YHloJXirCx60SFnV
2,173,2026-03-25T14:24:52.006Z,197.000,10,95.000,02xuA6TviChey6nJ,149.000,Nsmpq/og5cO95HwJ,156.000,uT1RCshO88YMpxwE,162.000,2iset8PVX4jSTSEH,184.000,MwfJUdRQPbSNr9Io,193.000,Do8hC1pw172W9xvw,197.000,Kxg/hrv/euEuhbOE,200.000,2N4uTfQs/yo3mBYi,247.000,YHloJXirCx60SFnV,263.000,obTLIQc2u6K1oipM
2,174,2026-03-25T14:24:52.203Z,214.000,10,99.000,Nsmpq/og5cO95HwJ,100.000,02xuA6TviChey6nJ,167.000,2iset8PVX4jSTSEH,192.000,uT1RCshO88YMpxwE,201.000,MwfJUdRQPbSNr9Io,205.000,Do8hC1pw172W9xvw,214.000,2N4uTfQs/yo3mBYi,215.000,Kxg/hrv/euEuhbOE,224.000,YHloJXirCx60SFnV,261.000,obTLIQc2u6K1oipM
2,175,2026-03-25T14:24:52.417Z,191.000,10,88.000,02xuA6TviChey6nJ,106.000,Nsmpq/og5cO95HwJ,153.000,uT1RCshO88YMpxwE,154.000,2iset8PVX4jSTSEH,176.000,2N4uTfQs/yo3mBYi,187.000,Do8hC1pw172W9xvw,191.000,MwfJUdRQPbSNr9Io,203.000,Kxg/hrv/euEuhbOE,214.000,YHloJXirCx60SFnV,259.000,obTLIQc2u6K1oipM
2,176,2026-03-25T14:24:52.608Z,207.000,10,102.000,02xuA6TviChey6nJ,141.000,Nsmpq/og5cO95HwJ,154.000,uT1RCshO88YMpxwE,177.000,2N4uTfQs/yo3mBYi,184.000,MwfJUdRQPbSNr9Io,185.000,2iset8PVX4jSTSEH,207.000,Kxg/hrv/euEuhbOE,211.000,Do8hC1pw172W9xvw,211.000,YHloJXirCx60SFnV,257.000,obTLIQc2u6K1oipM
2,177,2026-03-25T14:24:52.815Z,195.000,10,99.000,02xuA6TviChey6nJ,147.000,Nsmpq/og5cO95HwJ,157.000,2iset8PVX4jSTSEH,163.000,2N4uTfQs/yo3mBYi,167.000,uT1RCshO88YMpxwE,193.000,Do8hC1pw172W9xvw,195.000,MwfJUdRQPbSNr9Io,206.000,Kxg/hrv/euEuhbOE,253.000,YHloJXirCx60SFnV,256.000,obTLIQc2u6K1oipM
2,178,2026-03-25T14:24:53.010Z,222.000,10,115.000,02xuA6TviChey6nJ,154.000,2N4uTfQs/yo3mBYi,167.000,2iset8PVX4jSTSEH,169.000,Nsmpq/og5cO95HwJ,174.000,uT1RCshO88YMpxwE,203.000,Do8hC1pw172W9xvw,221.000,MwfJUdRQPbSNr9Io,225.000,Kxg/hrv/euEuhbOE,266.000,YHloJXirCx60SFnV,373.000,obTLIQc2u6K1oipM
2,179,2026-03-25T14:24:53.232Z,189.000,10,86.000,02xuA6TviChey6nJ,135.000,Nsmpq/og5cO95HwJ,142.000,2iset8PVX4jSTSEH,165.000,uT1RCshO88YMpxwE,182.000,2N4uTfQs/yo3mBYi,187.000,MwfJUdRQPbSNr9Io,189.000,Do8hC1pw172W9xvw,207.000,Kxg/hrv/euEuhbOE,214.000,YHloJXirCx60SFnV,251.000,obTLIQc2u6K1oipM
2,180,2026-03-25T14:24:53.421Z,212.000,10,91.000,02xuA6TviChey6nJ,156.000,2iset8PVX4jSTSEH,168.000,Nsmpq/og5cO95HwJ,185.000,MwfJUdRQPbSNr9Io,188.000,Do8hC1pw172W9xvw,192.000,2N4uTfQs/yo3mBYi,212.000,Kxg/hrv/euEuhbOE,230.000,uT1RCshO88YMpxwE,244.000,obTLIQc2u6K1oipM,249.000,YHloJXirCx60SFnV
2,181,2026-03-25T14:24:53.633Z,197.000,10,88.000,02xuA6TviChey6nJ,139.000,2N4uTfQs/yo3mBYi,146.000,2iset8PVX4jSTSEH,148.000,Nsmpq/og5cO95HwJ,186.000,uT1RCshO88YMpxwE,192.000,MwfJUdRQPbSNr9Io,197.000,Do8hC1pw172W9xvw,208.000,Kxg/hrv/euEuhbOE,236.000,YHloJXirCx60SFnV,246.000,obTLIQc2u6K1oipM
2,182,2026-03-25T14:24:53.830Z,211.000,10,80.000,02xuA6TviChey6nJ,137.000,Nsmpq/og5cO95HwJ,151.000,2N4uTfQs/yo3mBYi,155.000,2iset8PVX4jSTSEH,189.000,MwfJUdRQPbSNr9Io,191.000,Do8hC1pw172W9xvw,211.000,uT1RCshO88YMpxwE,221.000,Kxg/hrv/euEuhbOE,264.000,obTLIQc2u6K1oipM,265.000,YHloJXirCx60SFnV
2,183,2026-03-25T14:24:54.041Z,197.000,10,94.000,02xuA6TviChey6nJ,128.000,Nsmpq/og5cO95HwJ,134.000,2iset8PVX4jSTSEH,180.000,2N4uTfQs/yo3mBYi,190.000,Do8hC1pw172W9xvw,195.000,MwfJUdRQPbSNr9Io,197.000,uT1RCshO88YMpxwE,213.000,Kxg/hrv/euEuhbOE,217.000,YHloJXirCx60SFnV,388.000,obTLIQc2u6K1oipM
2,184,2026-03-25T14:24:54.238Z,216.000,10,102.000,02xuA6TviChey6nJ,115.000,Nsmpq/og5cO95HwJ,163.000,2iset8PVX4jSTSEH,185.000,2N4uTfQs/yo3mBYi,198.000,Do8hC1pw172W9xvw,200.000,MwfJUdRQPbSNr9Io,216.000,uT1RCshO88YMpxwE,221.000,YHloJXirCx60SFnV,222.000,Kxg/hrv/euEuhbOE,288.000,obTLIQc2u6K1oipM
2,185,2026-03-25T14:24:54.454Z,189.000,10,88.000,02xuA6TviChey6nJ,111.000,2iset8PVX4jSTSEH,136.000,Nsmpq/og5cO95HwJ,162.000,MwfJUdRQPbSNr9Io,162.000,Do8hC1pw172W9xvw,166.000,2N4uTfQs/yo3mBYi,189.000,YHloJXirCx60SFnV,190.000,uT1RCshO88YMpxwE,200.000,Kxg/hrv/euEuhbOE,244.000,obTLIQc2u6K1oipM
2,186,2026-03-25T14:24:54.643Z,205.000,10,98.000,02xuA6TviChey6nJ,117.000,Nsmpq/og5cO95HwJ,146.000,2iset8PVX4jSTSEH,150.000,2N4uTfQs/yo3mBYi,184.000,MwfJUdRQPbSNr9Io,188.000,Do8hC1pw172W9xvw,205.000,YHloJXirCx60SFnV,210.000,uT1RCshO88YMpxwE,222.000,Kxg/hrv/euEuhbOE,247.000,obTLIQc2u6K1oipM
2,187,2026-03-25T14:24:54.848Z,197.000,10,95.000,02xuA6TviChey6nJ,140.000,Nsmpq/og5cO95HwJ,150.000,2iset8PVX4jSTSEH,159.000,2N4uTfQs/yo3mBYi,173.000,Do8hC1pw172W9xvw,176.000,MwfJUdRQPbSNr9Io,197.000,uT1RCshO88YMpxwE,199.000,Kxg/hrv/euEuhbOE,249.000,obTLIQc2u6K1oipM,360.000,YHloJXirCx60SFnV
2,188,2026-03-25T14:24:55.045Z,218.000,10,100.000,02xuA6TviChey6nJ,140.000,2iset8PVX4jSTSEH,153.000,2N4uTfQs/yo3mBYi,170.000,MwfJUdRQPbSNr9Io,173.000,Nsmpq/og5cO95HwJ,181.000,Do8hC1pw172W9xvw,218.000,uT1RCshO88YMpxwE,223.000,Kxg/hrv/euEuhbOE,252.000,obTLIQc2u6K1oipM,341.000,YHloJXirCx60SFnV
2,189,2026-03-25T14:24:55.263Z,176.000,10,85.000,02xuA6TviChey6nJ,102.000,Nsmpq/og5cO95HwJ,127.000,2iset8PVX4jSTSEH,153.000,2N4uTfQs/yo3mBYi,158.000,MwfJUdRQPbSNr9Io,164.000,Do8hC1pw172W9xvw,176.000,uT1RCshO88YMpxwE,190.000,Kxg/hrv/euEuhbOE,205.000,obTLIQc2u6K1oipM,251.000,YHloJXirCx60SFnV
2,190,2026-03-25T14:24:55.439Z,230.000,10,112.000,02xuA6TviChey6nJ,139.000,Nsmpq/og5cO95HwJ,168.000,2iset8PVX4jSTSEH,180.000,MwfJUdRQPbSNr9Io,194.000,2N4uTfQs/yo3mBYi,199.000,Do8hC1pw172W9xvw,230.000,Kxg/hrv/euEuhbOE,249.000,obTLIQc2u6K1oipM,269.000,uT1RCshO88YMpxwE,306.000,YHloJXirCx60SFnV
2,191,2026-03-25T14:24:55.669Z,191.000,10,94.000,02xuA6TviChey6nJ,116.000,Nsmpq/og5cO95HwJ,119.000,2iset8PVX4jSTSEH,138.000,2N4uTfQs/yo3mBYi,180.000,MwfJUdRQPbSNr9Io,182.000,Do8hC1pw172W9xvw,191.000,uT1RCshO88YMpxwE,228.000,obTLIQc2u6K1oipM,247.000,Kxg/hrv/euEuhbOE,260.000,YHloJXirCx60SFnV
2,192,2026-03-25T14:24:55.860Z,215.000,10,96.000,02xuA6TviChey6nJ,127.000,2iset8PVX4jSTSEH,138.000,2N4uTfQs/yo3mBYi,143.000,Nsmpq/og5cO95HwJ,174.000,Do8hC1pw172W9xvw,177.000,MwfJUdRQPbSNr9Io,215.000,uT1RCshO88YMpxwE,224.000,obTLIQc2u6K1oipM,238.000,YHloJXirCx60SFnV,280.000,Kxg/hrv/euEuhbOE
2,193,2026-03-25T14:24:56.075Z,192.000,10,76.000,02xuA6TviChey6nJ,119.000,2iset8PVX4jSTSEH,129.000,Nsmpq/og5cO95HwJ,154.000,2N4uTfQs/yo3mBYi,157.000,MwfJUdRQPbSNr9Io,164.000,Do8hC1pw172W9xvw,192.000,uT1RCshO88YMpxwE,218.000,obTLIQc2u6K1oipM,219.000,YHloJXirCx60SFnV,234.000,Kxg/hrv/euEuhbOE
2,194,2026-03-25T14:24:56.267Z,192.000,10,96.000,02xuA6TviChey6nJ,128.000,Nsmpq/og5cO95HwJ,137.000,2iset8PVX4jSTSEH,160.000,2N4uTfQs/yo3mBYi,170.000,MwfJUdRQPbSNr9Io,177.000,uT1RCshO88YMpxwE,192.000,Do8hC1pw172W9xvw,221.000,obTLIQc2u6K1oipM,222.000,YHloJXirCx60SFnV,252.000,Kxg/hrv/euEuhbOE
2,195,2026-03-25T14:24:56.459Z,235.000,10,98.000,02xuA6TviChey6nJ,123.000,Nsmpq/og5cO95HwJ,146.000,2iset8PVX4jSTSEH,167.000,MwfJUdRQPbSNr9Io,170.000,2N4uTfQs/yo3mBYi,221.000,uT1RCshO88YMpxwE,235.000,obTLIQc2u6K1oipM,265.000,YHloJXirCx60SFnV,268.000,Kxg/hrv/euEuhbOE,269.000,Do8hC1pw172W9xvw
2,196,2026-03-25T14:24:56.694Z,180.000,10,62.000,02xuA6TviChey6nJ,96.000,Nsmpq/og5cO95HwJ,98.000,2iset8PVX4jSTSEH,137.000,2N4uTfQs/yo3mBYi,146.000,MwfJUdRQPbSNr9Io,155.000,uT1RCshO88YMpxwE,180.000,YHloJXirCx60SFnV,197.000,obTLIQc2u6K1oipM,235.000,Do8hC1pw172W9xvw,239.000,Kxg/hrv/euEuhbOE
2,197,2026-03-25T14:24:56.874Z,214.000,10,86.000,02xuA6TviChey6nJ,111.000,Nsmpq/og5cO95HwJ,128.000,2iset8PVX4jSTSEH,150.000,2N4uTfQs/yo3mBYi,166.000,MwfJUdRQPbSNr9Io,184.000,uT1RCshO88YMpxwE,214.000,obTLIQc2u6K1oipM,217.000,YHloJXirCx60SFnV,250.000,Kxg/hrv/euEuhbOE,255.000,Do8hC1pw172W9xvw
2,198,2026-03-25T14:24:57.088Z,198.000,10,76.000,02xuA6TviChey6nJ,116.000,Nsmpq/og5cO95HwJ,135.000,2N4uTfQs/yo3mBYi,152.000,2iset8PVX4jSTSEH,156.000,MwfJUdRQPbSNr9Io,173.000,uT1RCshO88YMpxwE,198.000,obTLIQc2u6K1oipM,221.000,YHloJXirCx60SFnV,233.000,Kxg/hrv/euEuhbOE,237.000,Do8hC1pw172W9xvw
2,199,2026-03-25T14:24:57.286Z,175.000,10,81.000,02xuA6TviChey6nJ,102.000,Nsmpq/og5cO95HwJ,132.000,MwfJUdRQPbSNr9Io,149.000,2N4uTfQs/yo3mBYi,150.000,2iset8PVX4jSTSEH,172.000,uT1RCshO88YMpxwE,175.000,YHloJXirCx60SFnV,211.000,obTLIQc2u6K1oipM,239.000,Kxg/hrv/euEuhbOE,244.000,Do8hC1pw172W9xvw
2,200,2026-03-25T14:24:57.461Z,214.000,10,97.000,02xuA6TviChey6nJ,134.000,Nsmpq/og5cO95HwJ,147.000,YHloJXirCx60SFnV,167.000,2iset8PVX4jSTSEH,182.000,2N4uTfQs/yo3mBYi,188.000,MwfJUdRQPbSNr9Io,214.000,uT1RCshO88YMpxwE,229.000,obTLIQc2u6K1oipM,277.000,Kxg/hrv/euEuhbOE,284.000,Do8hC1pw172W9xvw
2,201,2026-03-25T14:24:57.675Z,197.000,10,107.000,02xuA6TviChey6nJ,113.000,Nsmpq/og5cO95HwJ,133.000,YHloJXirCx60SFnV,151.000,2iset8PVX4jSTSEH,169.000,2N4uTfQs/yo3mBYi,170.000,MwfJUdRQPbSNr9Io,197.000,uT1RCshO88YMpxwE,218.000,obTLIQc2u6K1oipM,238.000,Kxg/hrv/euEuhbOE,242.000,Do8hC1pw172W9xvw
2,202,2026-03-25T14:24:57.872Z,180.000,9,95.000,02xuA6TviChey6nJ,119.000,Nsmpq/og5cO95HwJ,120.000,YHloJXirCx60SFnV,153.000,MwfJUdRQPbSNr9Io,163.000,2iset8PVX4jSTSEH,170.000,2N4uTfQs/yo3mBYi,180.000,uT1RCshO88YMpxwE,215.000,obTLIQc2u6K1oipM,258.000,Do8hC1pw172W9xvw,,
2,203,2026-03-25T14:24:58.052Z,193.000,9,81.000,Kxg/hrv/euEuhbOE,99.000,YHloJXirCx60SFnV,120.000,02xuA6TviChey6nJ,123.000,Nsmpq/og5cO95HwJ,157.000,2N4uTfQs/yo3mBYi,189.000,2iset8PVX4jSTSEH,193.000,MwfJUdRQPbSNr9Io,222.000,uT1RCshO88YMpxwE,233.000,obTLIQc2u6K1oipM,,
2,204,2026-03-25T14:24:58.245Z,195.000,10,78.000,Do8hC1pw172W9xvw,86.000,Kxg/hrv/euEuhbOE,120.000,02xuA6TviChey6nJ,149.000,YHloJXirCx60SFnV,177.000,Nsmpq/og5cO95HwJ,194.000,2iset8PVX4jSTSEH,195.000,2N4uTfQs/yo3mBYi,204.000,MwfJUdRQPbSNr9Io,220.000,uT1RCshO88YMpxwE,255.000,obTLIQc2u6K1oipM
2,205,2026-03-25T14:24:58.440Z,202.000,10,88.000,Do8hC1pw172W9xvw,96.000,Kxg/hrv/euEuhbOE,130.000,YHloJXirCx60SFnV,133.000,02xuA6TviChey6nJ,161.000,Nsmpq/og5cO95HwJ,186.000,2iset8PVX4jSTSEH,202.000,2N4uTfQs/yo3mBYi,207.000,uT1RCshO88YMpxwE,209.000,MwfJUdRQPbSNr9Io,436.000,obTLIQc2u6K1oipM
2,206,2026-03-25T14:24:58.642Z,211.000,9,77.000,Do8hC1pw172W9xvw,98.000,Kxg/hrv/euEuhbOE,141.000,02xuA6TviChey6nJ,168.000,Nsmpq/og5cO95HwJ,177.000,2N4uTfQs/yo3mBYi,207.000,MwfJUdRQPbSNr9Io,211.000,2iset8PVX4jSTSEH,212.000,YHloJXirCx60SFnV,235.000,uT1RCshO88YMpxwE,,
2,207,2026-03-25T14:24:58.853Z,193.000,10,71.000,Do8hC1pw172W9xvw,84.000,Kxg/hrv/euEuhbOE,124.000,02xuA6TviChey6nJ,152.000,YHloJXirCx60SFnV,166.000,Nsmpq/og5cO95HwJ,188.000,obTLIQc2u6K1oipM,193.000,2iset8PVX4jSTSEH,196.000,MwfJUdRQPbSNr9Io,199.000,2N4uTfQs/yo3mBYi,261.000,uT1RCshO88YMpxwE
2,208,2026-03-25T14:24:59.046Z,195.000,10,77.000,Do8hC1pw172W9xvw,103.000,Kxg/hrv/euEuhbOE,112.000,YHloJXirCx60SFnV,153.000,Nsmpq/og5cO95HwJ,156.000,02xuA6TviChey6nJ,176.000,2iset8PVX4jSTSEH,195.000,MwfJUdRQPbSNr9Io,199.000,obTLIQc2u6K1oipM,253.000,2N4uTfQs/yo3mBYi,259.000,uT1RCshO88YMpxwE
2,209,2026-03-25T14:24:59.241Z,207.000,10,86.000,Kxg/hrv/euEuhbOE,113.000,YHloJXirCx60SFnV,141.000,02xuA6TviChey6nJ,162.000,Nsmpq/og5cO95HwJ,174.000,Do8hC1pw172W9xvw,191.000,2iset8PVX4jSTSEH,207.000,MwfJUdRQPbSNr9Io,228.000,2N4uTfQs/yo3mBYi,229.000,uT1RCshO88YMpxwE,237.000,obTLIQc2u6K1oipM
2,210,2026-03-25T14:24:59.448Z,191.000,10,85.000,Do8hC1pw172W9xvw,101.000,Kxg/hrv/euEuhbOE,101.000,YHloJXirCx60SFnV,134.000,02xuA6TviChey6nJ,190.000,Nsmpq/og5cO95HwJ,191.000,2N4uTfQs/yo3mBYi,191.000,2iset8PVX4jSTSEH,207.000,MwfJUdRQPbSNr9Io,217.000,obTLIQc2u6K1oipM,238.000,uT1RCshO88YMpxwE
2,211,2026-03-25T14:24:59.639Z,211.000,10,92.000,Kxg/hrv/euEuhbOE,108.000,YHloJXirCx60SFnV,113.000,Do8hC1pw172W9xvw,142.000,02xuA6TviChey6nJ,158.000,Nsmpq/og5cO95HwJ,207.000,2N4uTfQs/yo3mBYi,211.000,MwfJUdRQPbSNr9Io,219.000,2iset8PVX4jSTSEH,226.000,obTLIQc2u6K1oipM,271.000,uT1RCshO88YMpxwE
2,212,2026-03-25T14:24:59.850Z,210.000,8,84.000,Do8hC1pw172W9xvw,122.000,Kxg/hrv/euEuhbOE,176.000,Nsmpq/og5cO95HwJ,184.000,YHloJXirCx60SFnV,197.000,obTLIQc2u6K1oipM,198.000,2iset8PVX4jSTSEH,210.000,MwfJUdRQPbSNr9Io,274.000,02xuA6TviChey6nJ,,,,
2,213,2026-03-25T14:25:00.060Z,253.000,7,78.000,Kxg/hrv/euEuhbOE,106.000,YHloJXirCx60SFnV,158.000,02xuA6TviChey6nJ,198.000,obTLIQc2u6K1oipM,217.000,2iset8PVX4jSTSEH,240.000,uT1RCshO88YMpxwE,253.000,Do8hC1pw172W9xvw,,,,,,
2,214,2026-03-25T14:25:00.313Z,200.000,10,66.000,02xuA6TviChey6nJ,96.000,Kxg/hrv/euEuhbOE,120.000,YHloJXirCx60SFnV,149.000,2iset8PVX4jSTSEH,178.000,Do8hC1pw172W9xvw,192.000,MwfJUdRQPbSNr9Io,200.000,uT1RCshO88YMpxwE,211.000,obTLIQc2u6K1oipM,230.000,Nsmpq/og5cO95HwJ,244.000,2N4uTfQs/yo3mBYi
2,215,2026-03-25T14:25:00.513Z,146.000,10,96.000,YHloJXirCx60SFnV,105.000,Do8hC1pw172W9xvw,111.000,Kxg/hrv/euEuhbOE,118.000,02xuA6TviChey6nJ,144.000,MwfJUdRQPbSNr9Io,145.000,Nsmpq/og5cO95HwJ,146.000,2iset8PVX4jSTSEH,181.000,obTLIQc2u6K1oipM,185.000,2N4uTfQs/yo3mBYi,206.000,uT1RCshO88YMpxwE
2,216,2026-03-25T14:25:00.659Z,205.000,8,83.000,YHloJXirCx60SFnV,142.000,Nsmpq/og5cO95HwJ,151.000,Do8hC1pw172W9xvw,183.000,Kxg/hrv/euEuhbOE,185.000,02xuA6TviChey6nJ,194.000,2iset8PVX4jSTSEH,205.000,MwfJUdRQPbSNr9Io,206.000,obTLIQc2u6K1oipM,,,,
2,217,2026-03-25T14:25:00.864Z,219.000,8,170.000,02xuA6TviChey6nJ,191.000,2iset8PVX4jSTSEH,196.000,MwfJUdRQPbSNr9Io,199.000,Do8hC1pw172W9xvw,210.000,Kxg/hrv/euEuhbOE,215.000,obTLIQc2u6K1oipM,218.000,YHloJXirCx60SFnV,240.000,uT1RCshO88YMpxwE,,,,
2,218,2026-03-25T14:25:01.083Z,273.000,9,91.000,02xuA6TviChey6nJ,93.000,YHloJXirCx60SFnV,175.000,2iset8PVX4jSTSEH,216.000,Kxg/hrv/euEuhbOE,263.000,MwfJUdRQPbSNr9Io,270.000,Nsmpq/og5cO95HwJ,273.000,obTLIQc2u6K1oipM,281.000,Do8hC1pw172W9xvw,289.000,uT1RCshO88YMpxwE,,
2,219,2026-03-25T14:25:01.356Z,128.000,10,72.000,02xuA6TviChey6nJ,108.000,YHloJXirCx60SFnV,118.000,2N4uTfQs/yo3mBYi,121.000,MwfJUdRQPbSNr9Io,125.000,Kxg/hrv/euEuhbOE,127.000,Nsmpq/og5cO95HwJ,128.000,obTLIQc2u6K1oipM,133.000,2iset8PVX4jSTSEH,141.000,Do8hC1pw172W9xvw,200.000,uT1RCshO88YMpxwE
2,220,2026-03-25T14:25:01.484Z,587.000,9,145.000,Do8hC1pw172W9xvw,154.000,Nsmpq/og5cO95HwJ,177.000,obTLIQc2u6K1oipM,188.000,YHloJXirCx60SFnV,213.000,Kxg/hrv/euEuhbOE,264.000,uT1RCshO88YMpxwE,587.000,02xuA6TviChey6nJ,588.000,MwfJUdRQPbSNr9Io,603.000,2iset8PVX4jSTSEH,,
2,221,2026-03-25T14:25:02.071Z,322.000,10,101.000,Kxg/hrv/euEuhbOE,110.000,2iset8PVX4jSTSEH,124.000,YHloJXirCx60SFnV,135.000,02xuA6TviChey6nJ,317.000,MwfJUdRQPbSNr9Io,322.000,obTLIQc2u6K1oipM,322.000,uT1RCshO88YMpxwE,332.000,2N4uTfQs/yo3mBYi,334.000,Do8hC1pw172W9xvw,339.000,Nsmpq/og5cO95HwJ
2,222,2026-03-25T14:25:02.393Z,181.000,7,96.000,YHloJXirCx60SFnV,104.000,2iset8PVX4jSTSEH,108.000,Kxg/hrv/euEuhbOE,116.000,Do8hC1pw172W9xvw,118.000,obTLIQc2u6K1oipM,120.000,Nsmpq/og5cO95HwJ,181.000,MwfJUdRQPbSNr9Io,,,,,,
2,223,2026-03-25T14:25:02.574Z,714.000,7,103.000,Do8hC1pw172W9xvw,115.000,Nsmpq/og5cO95HwJ,119.000,YHloJXirCx60SFnV,161.000,2iset8PVX4jSTSEH,462.000,Kxg/hrv/euEuhbOE,699.000,MwfJUdRQPbSNr9Io,714.000,02xuA6TviChey6nJ,,,,,,
2,224,2026-03-25T14:25:03.288Z,871.000,7,93.000,02xuA6TviChey6nJ,128.000,Nsmpq/og5cO95HwJ,139.000,2iset8PVX4jSTSEH,144.000,YHloJXirCx60SFnV,216.000,obTLIQc2u6K1oipM,267.000,Do8hC1pw172W9xvw,870.000,uT1RCshO88YMpxwE,,,,,,
2,225,2026-03-25T14:25:04.159Z,865.000,8,85.000,YHloJXirCx60SFnV,133.000,02xuA6TviChey6nJ,211.000,obTLIQc2u6K1oipM,752.000,Kxg/hrv/euEuhbOE,753.000,2iset8PVX4jSTSEH,814.000,Do8hC1pw172W9xvw,819.000,Nsmpq/og5cO95HwJ,866.000,uT1RCshO88YMpxwE,,,,
2,226,2026-03-25T14:25:05.024Z,1174.000,10,51.000,Kxg/hrv/euEuhbOE,78.000,YHloJXirCx60SFnV,79.000,02xuA6TviChey6nJ,784.000,2iset8PVX4jSTSEH,1043.000,Do8hC1pw172W9xvw,1055.000,obTLIQc2u6K1oipM,1174.000,2N4uTfQs/yo3mBYi,1176.000,uT1RCshO88YMpxwE,1179.000,Nsmpq/og5cO95HwJ,1184.000,MwfJUdRQPbSNr9Io
2,227,2026-03-25T14:25:06.198Z,1096.000,9,95.000,YHloJXirCx60SFnV,715.000,Kxg/hrv/euEuhbOE,791.000,2iset8PVX4jSTSEH,833.000,02xuA6TviChey6nJ,1025.000,Do8hC1pw172W9xvw,1092.000,obTLIQc2u6K1oipM,1096.000,uT1RCshO88YMpxwE,1103.000,MwfJUdRQPbSNr9Io,1105.000,Nsmpq/og5cO95HwJ,,
2,228,2026-03-25T14:25:07.294Z,1104.000,7,115.000,YHloJXirCx60SFnV,831.000,2iset8PVX4jSTSEH,910.000,Kxg/hrv/euEuhbOE,1054.000,Nsmpq/og5cO95HwJ,1055.000,MwfJUdRQPbSNr9Io,1056.000,Do8hC1pw172W9xvw,1103.000,02xuA6TviChey6nJ,,,,,,
2,229,2026-03-25T14:25:08.398Z,1392.000,7,116.000,YHloJXirCx60SFnV,469.000,2iset8PVX4jSTSEH,783.000,Do8hC1pw172W9xvw,866.000,Nsmpq/og5cO95HwJ,904.000,02xuA6TviChey6nJ,1385.000,MwfJUdRQPbSNr9Io,1392.000,obTLIQc2u6K1oipM,,,,,,
2,230,2026-03-25T14:25:09.790Z,1401.000,7,110.000,YHloJXirCx60SFnV,414.000,Do8hC1pw172W9xvw,715.000,Kxg/hrv/euEuhbOE,1371.000,02xuA6TviChey6nJ,1397.000,MwfJUdRQPbSNr9Io,1398.000,obTLIQc2u6K1oipM,1401.000,2iset8PVX4jSTSEH,,,,,,
2,231,2026-03-25T14:25:11.191Z,1971.000,8,108.000,YHloJXirCx60SFnV,116.000,obTLIQc2u6K1oipM,1095.000,02xuA6TviChey6nJ,1662.000,2iset8PVX4jSTSEH,1887.000,Nsmpq/og5cO95HwJ,1962.000,Do8hC1pw172W9xvw,1971.000,uT1RCshO88YMpxwE,1980.000,2N4uTfQs/yo3mBYi,,,,
2,232,2026-03-25T14:25:13.162Z,2115.000,10,89.000,YHloJXirCx60SFnV,1726.000,02xuA6TviChey6nJ,1812.000,Nsmpq/og5cO95HwJ,1832.000,2iset8PVX4jSTSEH,1949.000,Kxg/hrv/euEuhbOE,1958.000,Do8hC1pw172W9xvw,2114.000,uT1RCshO88YMpxwE,2119.000,obTLIQc2u6K1oipM,2123.000,2N4uTfQs/yo3mBYi,2125.000,MwfJUdRQPbSNr9Io
2,233,2026-03-25T14:25:15.277Z,2063.000,7,85.000,YHloJXirCx60SFnV,1745.000,02xuA6TviChey6nJ,1753.000,uT1RCshO88YMpxwE,1753.000,Nsmpq/og5cO95HwJ,1886.000,obTLIQc2u6K1oipM,2053.000,MwfJUdRQPbSNr9Io,2063.000,Do8hC1pw172W9xvw,,,,,,
2,234,2026-03-25T14:25:17.340Z,2765.000,9,84.000,YHloJXirCx60SFnV,1847.000,2iset8PVX4jSTSEH,1905.000,02xuA6TviChey6nJ,2398.000,obTLIQc2u6K1oipM,2403.000,Nsmpq/og5cO95HwJ,2764.000,Kxg/hrv/euEuhbOE,2765.000,uT1RCshO88YMpxwE,2767.000,Do8hC1pw172W9xvw,2768.000,MwfJUdRQPbSNr9Io,,
2,235,2026-03-25T14:25:20.105Z,2827.000,7,107.000,YHloJXirCx60SFnV,1912.000,Kxg/hrv/euEuhbOE,2636.000,uT1RCshO88YMpxwE,2702.000,2iset8PVX4jSTSEH,2766.000,02xuA6TviChey6nJ,2782.000,obTLIQc2u6K1oipM,2826.000,Nsmpq/og5cO95HwJ,,,,,,
2,236,2026-03-25T14:25:22.932Z,3756.000,9,86.000,YHloJXirCx60SFnV,2559.000,Nsmpq/og5cO95HwJ,3481.000,obTLIQc2u6K1oipM,3483.000,2iset8PVX4jSTSEH,3638.000,Kxg/hrv/euEuhbOE,3709.000,uT1RCshO88YMpxwE,3756.000,02xuA6TviChey6nJ,3781.000,MwfJUdRQPbSNr9Io,3791.000,Do8hC1pw172W9xvw,,
2,237,2026-03-25T14:25:26.688Z,4896.000,8,147.000,YHloJXirCx60SFnV,3896.000,2iset8PVX4jSTSEH,3967.000,obTLIQc2u6K1oipM,4035.000,02xuA6TviChey6nJ,4207.000,MwfJUdRQPbSNr9Io,4874.000,Do8hC1pw172W9xvw,4896.000,uT1RCshO88YMpxwE,4909.000,Kxg/hrv/euEuhbOE,,,,
2,238,2026-03-25T14:25:31.584Z,6201.000,7,111.000,YHloJXirCx60SFnV,5350.000,Kxg/hrv/euEuhbOE,5747.000,2iset8PVX4jSTSEH,5748.000,Nsmpq/og5cO95HwJ,5871.000,obTLIQc2u6K1oipM,6027.000,02xuA6TviChey6nJ,6201.000,MwfJUdRQPbSNr9Io,,,,,,
2,239,2026-03-25T14:25:37.785Z,6712.000,8,109.000,YHloJXirCx60SFnV,5708.000,MwfJUdRQPbSNr9Io,5960.000,obTLIQc2u6K1oipM,6417.000,uT1RCshO88YMpxwE,6559.000,Do8hC1pw172W9xvw,6631.000,02xuA6TviChey6nJ,6712.000,Nsmpq/og5cO95HwJ,6719.000,2iset8PVX4jSTSEH,,,,
2,240,2026-03-25T14:25:44.497Z,6389.000,8,123.000,YHloJXirCx60SFnV,5872.000,2iset8PVX4jSTSEH,6163.000,Nsmpq/og5cO95HwJ,6237.000,02xuA6TviChey6nJ,6242.000,Kxg/hrv/euEuhbOE,6244.000,uT1RCshO88YMpxwE,6388.000,Do8hC1pw172W9xvw,6407.000,obTLIQc2u6K1oipM,,,,
2,241,2026-03-25T14:25:50.886Z,6809.000,9,132.000,YHloJXirCx60SFnV,5697.000,Kxg/hrv/euEuhbOE,6193.000,02xuA6TviChey6nJ,6211.000,Do8hC1pw172W9xvw,6486.000,MwfJUdRQPbSNr9Io,6807.000,obTLIQc2u6K1oipM,6809.000,2N4uTfQs/yo3mBYi,6809.000,Nsmpq/og5cO95HwJ,6811.000,uT1RCshO88YMpxwE,,
2,242,2026-03-25T14:25:57.695Z,6392.000,7,111.000,YHloJXirCx60SFnV,5751.000,02xuA6TviChey6nJ,5971.000,2iset8PVX4jSTSEH,6191.000,obTLIQc2u6K1oipM,6202.000,Nsmpq/og5cO95HwJ,6391.000,Do8hC1pw172W9xvw,6392.000,MwfJUdRQPbSNr9Io,,,,,,
2,243,2026-03-25T14:26:04.087Z,6104.000,7,102.000,YHloJXirCx60SFnV,5673.000,02xuA6TviChey6nJ,5708.000,Nsmpq/og5cO95HwJ,6082.000,2iset8PVX4jSTSEH,6089.000,Do8hC1pw172W9xvw,6099.000,obTLIQc2u6K1oipM,6104.000,MwfJUdRQPbSNr9Io,,,,,,
2,244,2026-03-25T14:26:10.191Z,6671.000,10,105.000,YHloJXirCx60SFnV,5751.000,MwfJUdRQPbSNr9Io,5841.000,2iset8PVX4jSTSEH,5854.000,Do8hC1pw172W9xvw,6256.000,Nsmpq/og5cO95HwJ,6560.000,obTLIQc2u6K1oipM,6670.000,02xuA6TviChey6nJ,6682.000,uT1RCshO88YMpxwE,6683.000,Kxg/hrv/euEuhbOE,6689.000,2N4uTfQs/yo3mBYi
2,245,2026-03-25T14:26:16.862Z,6182.000,7,134.000,YHloJXirCx60SFnV,5364.000,MwfJUdRQPbSNr9Io,5936.000,2iset8PVX4jSTSEH,5998.000,uT1RCshO88YMpxwE,6034.000,Nsmpq/og5cO95HwJ,6113.000,Kxg/hrv/euEuhbOE,6182.000,Do8hC1pw172W9xvw,,,,,,
2,246,2026-03-25T14:26:23.044Z,6471.000,8,130.000,YHloJXirCx60SFnV,5941.000,Nsmpq/og5cO95HwJ,5999.000,Kxg/hrv/euEuhbOE,6201.000,Do8hC1pw172W9xvw,6262.000,uT1RCshO88YMpxwE,6455.000,obTLIQc2u6K1oipM,6471.000,2N4uTfQs/yo3mBYi,6479.000,2iset8PVX4jSTSEH,,,,
2,247,2026-03-25T14:26:29.515Z,,1,129.000,YHloJXirCx60SFnV,,,,,,,,,,,,,,,,,,
3,1,2026-03-25T14:24:08.875Z,8761.000,7,4978.000,obTLIQc2u6K1oipM,5301.000,02xuA6TviChey6nJ,6440.000,Kxg/hrv/euEuhbOE,6676.000,MwfJUdRQPbSNr9Io,7992.000,2iset8PVX4jSTSEH,8753.000,YHloJXirCx60SFnV,8761.000,Do8hC1pw172W9xvw,,,,,,
3,2,2026-03-25T14:24:17.636Z,225.000,7,90.000,MwfJUdRQPbSNr9Io,110.000,02xuA6TviChey6nJ,118.000,obTLIQc2u6K1oipM,127.000,Kxg/hrv/euEuhbOE,134.000,YHloJXirCx60SFnV,195.000,2iset8PVX4jSTSEH,225.000,Do8hC1pw172W9xvw,,,,,,
3,3,2026-03-25T14:24:17.861Z,235.000,7,73.000,MwfJUdRQPbSNr9Io,89.000,obTLIQc2u6K1oipM,92.000,YHloJXirCx60SFnV,113.000,Kxg/hrv/euEuhbOE,117.000,02xuA6TviChey6nJ,158.000,2iset8PVX4jSTSEH,235.000,Do8hC1pw172W9xvw,,,,,,
3,4,2026-03-25T14:24:18.096Z,204.000,7,70.000,MwfJUdRQPbSNr9Io,88.000,obTLIQc2u6K1oipM,101.000,Kxg/hrv/euEuhbOE,105.000,YHloJXirCx60SFnV,107.000,02xuA6TviChey6nJ,181.000,2iset8PVX4jSTSEH,204.000,Do8hC1pw172W9xvw,,,,,,
3,5,2026-03-25T14:24:18.300Z,209.000,8,82.000,MwfJUdRQPbSNr9Io,109.000,YHloJXirCx60SFnV,112.000,Kxg/hrv/euEuhbOE,117.000,2iset8PVX4jSTSEH,122.000,02xuA6TviChey6nJ,136.000,obTLIQc2u6K1oipM,209.000,Do8hC1pw172W9xvw,348.000,2N4uTfQs/yo3mBYi,,,,
3,6,2026-03-25T14:24:18.509Z,156.000,8,67.000,MwfJUdRQPbSNr9Io,84.000,obTLIQc2u6K1oipM,86.000,2iset8PVX4jSTSEH,95.000,02xuA6TviChey6nJ,106.000,YHloJXirCx60SFnV,113.000,Kxg/hrv/euEuhbOE,156.000,Do8hC1pw172W9xvw,248.000,2N4uTfQs/yo3mBYi,,,,
3,7,2026-03-25T14:24:18.665Z,242.000,8,120.000,MwfJUdRQPbSNr9Io,141.000,Kxg/hrv/euEuhbOE,154.000,YHloJXirCx60SFnV,160.000,02xuA6TviChey6nJ,168.000,obTLIQc2u6K1oipM,190.000,2iset8PVX4jSTSEH,241.000,Do8hC1pw172W9xvw,271.000,2N4uTfQs/yo3mBYi,,,,
3,8,2026-03-25T14:24:18.907Z,179.000,9,71.000,MwfJUdRQPbSNr9Io,96.000,obTLIQc2u6K1oipM,99.000,YHloJXirCx60SFnV,109.000,Kxg/hrv/euEuhbOE,113.000,02xuA6TviChey6nJ,119.000,2iset8PVX4jSTSEH,179.000,Nsmpq/og5cO95HwJ,182.000,Do8hC1pw172W9xvw,238.000,2N4uTfQs/yo3mBYi,,
3,9,2026-03-25T14:24:19.086Z,141.000,9,97.000,MwfJUdRQPbSNr9Io,120.000,Kxg/hrv/euEuhbOE,121.000,obTLIQc2u6K1oipM,124.000,02xuA6TviChey6nJ,126.000,Nsmpq/og5cO95HwJ,131.000,2iset8PVX4jSTSEH,141.000,YHloJXirCx60SFnV,194.000,Do8hC1pw172W9xvw,259.000,2N4uTfQs/yo3mBYi,,
3,10,2026-03-25T14:24:19.227Z,197.000,9,160.000,MwfJUdRQPbSNr9Io,179.000,obTLIQc2u6K1oipM,188.000,YHloJXirCx60SFnV,190.000,2iset8PVX4jSTSEH,191.000,Kxg/hrv/euEuhbOE,196.000,02xuA6TviChey6nJ,197.000,Nsmpq/og5cO95HwJ,263.000,Do8hC1pw172W9xvw,320.000,2N4uTfQs/yo3mBYi,,
3,11,2026-03-25T14:24:19.424Z,206.000,9,169.000,MwfJUdRQPbSNr9Io,189.000,obTLIQc2u6K1oipM,190.000,02xuA6TviChey6nJ,191.000,Kxg/hrv/euEuhbOE,193.000,Nsmpq/og5cO95HwJ,204.000,YHloJXirCx60SFnV,206.000,2iset8PVX4jSTSEH,267.000,Do8hC1pw172W9xvw,321.000,2N4uTfQs/yo3mBYi,,
3,12,2026-03-25T14:24:19.630Z,208.000,9,157.000,MwfJUdRQPbSNr9Io,186.000,02xuA6TviChey6nJ,193.000,Kxg/hrv/euEuhbOE,198.000,2iset8PVX4jSTSEH,199.000,Nsmpq/og5cO95HwJ,201.000,obTLIQc2u6K1oipM,208.000,YHloJXirCx60SFnV,260.000,Do8hC1pw172W9xvw,283.000,2N4uTfQs/yo3mBYi,,
3,13,2026-03-25T14:24:19.838Z,187.000,9,150.000,MwfJUdRQPbSNr9Io,169.000,Kxg/hrv/euEuhbOE,171.000,2iset8PVX4jSTSEH,180.000,02xuA6TviChey6nJ,184.000,Nsmpq/og5cO95HwJ,186.000,YHloJXirCx60SFnV,187.000,obTLIQc2u6K1oipM,241.000,Do8hC1pw172W9xvw,291.000,2N4uTfQs/yo3mBYi,,
3,14,2026-03-25T14:24:20.025Z,214.000,9,170.000,MwfJUdRQPbSNr9Io,192.000,YHloJXirCx60SFnV,196.000,Nsmpq/og5cO95HwJ,205.000,obTLIQc2u6K1oipM,206.000,2iset8PVX4jSTSEH,207.000,Kxg/hrv/euEuhbOE,214.000,02xuA6TviChey6nJ,279.000,Do8hC1pw172W9xvw,301.000,2N4uTfQs/yo3mBYi,,
3,15,2026-03-25T14:24:20.239Z,206.000,10,155.000,MwfJUdRQPbSNr9Io,168.000,2iset8PVX4jSTSEH,179.000,obTLIQc2u6K1oipM,182.000,02xuA6TviChey6nJ,185.000,Kxg/hrv/euEuhbOE,186.000,YHloJXirCx60SFnV,205.000,Nsmpq/og5cO95HwJ,251.000,Do8hC1pw172W9xvw,297.000,2N4uTfQs/yo3mBYi,358.000,uT1RCshO88YMpxwE
3,16,2026-03-25T14:24:20.445Z,185.000,10,142.000,MwfJUdRQPbSNr9Io,174.000,YHloJXirCx60SFnV,175.000,02xuA6TviChey6nJ,178.000,2iset8PVX4jSTSEH,179.000,obTLIQc2u6K1oipM,183.000,Kxg/hrv/euEuhbOE,184.000,Nsmpq/og5cO95HwJ,237.000,Do8hC1pw172W9xvw,286.000,2N4uTfQs/yo3mBYi,302.000,uT1RCshO88YMpxwE
3,17,2026-03-25T14:24:20.630Z,210.000,10,152.000,MwfJUdRQPbSNr9Io,183.000,YHloJXirCx60SFnV,184.000,obTLIQc2u6K1oipM,189.000,02xuA6TviChey6nJ,190.000,Nsmpq/og5cO95HwJ,192.000,Kxg/hrv/euEuhbOE,210.000,2iset8PVX4jSTSEH,250.000,Do8hC1pw172W9xvw,279.000,uT1RCshO88YMpxwE,290.000,2N4uTfQs/yo3mBYi
3,18,2026-03-25T14:24:20.840Z,192.000,10,147.000,MwfJUdRQPbSNr9Io,176.000,02xuA6TviChey6nJ,177.000,obTLIQc2u6K1oipM,184.000,Kxg/hrv/euEuhbOE,186.000,YHloJXirCx60SFnV,188.000,2iset8PVX4jSTSEH,191.000,Nsmpq/og5cO95HwJ,250.000,Do8hC1pw172W9xvw,281.000,2N4uTfQs/yo3mBYi,289.000,uT1RCshO88YMpxwE
3,19,2026-03-25T14:24:21.032Z,212.000,10,161.000,MwfJUdRQPbSNr9Io,180.000,02xuA6TviChey6nJ,184.000,obTLIQc2u6K1oipM,191.000,Nsmpq/og5cO95HwJ,195.000,Kxg/hrv/euEuhbOE,205.000,2iset8PVX4jSTSEH,212.000,YHloJXirCx60SFnV,256.000,Do8hC1pw172W9xvw,290.000,2N4uTfQs/yo3mBYi,292.000,uT1RCshO88YMpxwE
3,20,2026-03-25T14:24:21.244Z,199.000,10,145.000,MwfJUdRQPbSNr9Io,166.000,2iset8PVX4jSTSEH,168.000,02xuA6TviChey6nJ,174.000,obTLIQc2u6K1oipM,181.000,Nsmpq/og5cO95HwJ,191.000,Kxg/hrv/euEuhbOE,199.000,YHloJXirCx60SFnV,248.000,Do8hC1pw172W9xvw,279.000,2N4uTfQs/yo3mBYi,311.000,uT1RCshO88YMpxwE
3,21,2026-03-25T14:24:21.443Z,201.000,10,155.000,MwfJUdRQPbSNr9Io,173.000,YHloJXirCx60SFnV,187.000,2iset8PVX4jSTSEH,196.000,02xuA6TviChey6nJ,197.000,Kxg/hrv/euEuhbOE,199.000,obTLIQc2u6K1oipM,201.000,Nsmpq/og5cO95HwJ,250.000,Do8hC1pw172W9xvw,280.000,2N4uTfQs/yo3mBYi,292.000,uT1RCshO88YMpxwE
3,22,2026-03-25T14:24:21.644Z,208.000,10,161.000,MwfJUdRQPbSNr9Io,174.000,obTLIQc2u6K1oipM,181.000,Kxg/hrv/euEuhbOE,195.000,Nsmpq/og5cO95HwJ,204.000,YHloJXirCx60SFnV,207.000,2iset8PVX4jSTSEH,208.000,02xuA6TviChey6nJ,248.000,Do8hC1pw172W9xvw,284.000,2N4uTfQs/yo3mBYi,299.000,uT1RCshO88YMpxwE
3,23,2026-03-25T14:24:21.852Z,195.000,10,142.000,MwfJUdRQPbSNr9Io,169.000,obTLIQc2u6K1oipM,172.000,YHloJXirCx60SFnV,174.000,Nsmpq/og5cO95HwJ,178.000,2iset8PVX4jSTSEH,192.000,02xuA6TviChey6nJ,195.000,Kxg/hrv/euEuhbOE,242.000,Do8hC1pw172W9xvw,300.000,uT1RCshO88YMpxwE,309.000,2N4uTfQs/yo3mBYi
3,24,2026-03-25T14:24:22.047Z,202.000,9,155.000,MwfJUdRQPbSNr9Io,174.000,Kxg/hrv/euEuhbOE,182.000,02xuA6TviChey6nJ,186.000,YHloJXirCx60SFnV,187.000,obTLIQc2u6K1oipM,189.000,2iset8PVX4jSTSEH,202.000,Nsmpq/og5cO95HwJ,257.000,Do8hC1pw172W9xvw,300.000,uT1RCshO88YMpxwE,,
3,25,2026-03-25T14:24:22.249Z,183.000,10,74.000,2N4uTfQs/yo3mBYi,137.000,MwfJUdRQPbSNr9Io,171.000,obTLIQc2u6K1oipM,173.000,02xuA6TviChey6nJ,176.000,2iset8PVX4jSTSEH,178.000,Kxg/hrv/euEuhbOE,183.000,YHloJXirCx60SFnV,201.000,Nsmpq/og5cO95HwJ,237.000,Do8hC1pw172W9xvw,295.000,uT1RCshO88YMpxwE
3,26,2026-03-25T14:24:22.432Z,210.000,9,92.000,2N4uTfQs/yo3mBYi,158.000,MwfJUdRQPbSNr9Io,193.000,2iset8PVX4jSTSEH,199.000,Kxg/hrv/euEuhbOE,204.000,obTLIQc2u6K1oipM,206.000,Nsmpq/og5cO95HwJ,209.000,YHloJXirCx60SFnV,298.000,02xuA6TviChey6nJ,294.000,uT1RCshO88YMpxwE,,
3,27,2026-03-25T14:24:22.642Z,206.000,9,46.000,Do8hC1pw172W9xvw,87.000,2N4uTfQs/yo3mBYi,163.000,MwfJUdRQPbSNr9Io,166.000,YHloJXirCx60SFnV,193.000,obTLIQc2u6K1oipM,195.000,02xuA6TviChey6nJ,206.000,Kxg/hrv/euEuhbOE,210.000,Nsmpq/og5cO95HwJ,211.000,2iset8PVX4jSTSEH,,
3,28,2026-03-25T14:24:22.848Z,187.000,10,51.000,Do8hC1pw172W9xvw,93.000,uT1RCshO88YMpxwE,95.000,2N4uTfQs/yo3mBYi,148.000,MwfJUdRQPbSNr9Io,178.000,Kxg/hrv/euEuhbOE,179.000,02xuA6TviChey6nJ,187.000,obTLIQc2u6K1oipM,194.000,Nsmpq/og5cO95HwJ,197.000,YHloJXirCx60SFnV,248.000,2iset8PVX4jSTSEH
3,29,2026-03-25T14:24:23.035Z,201.000,10,68.000,Do8hC1pw172W9xvw,89.000,uT1RCshO88YMpxwE,98.000,2N4uTfQs/yo3mBYi,167.000,MwfJUdRQPbSNr9Io,185.000,YHloJXirCx60SFnV,196.000,2iset8PVX4jSTSEH,201.000,Kxg/hrv/euEuhbOE,205.000,obTLIQc2u6K1oipM,281.000,02xuA6TviChey6nJ,249.000,Nsmpq/og5cO95HwJ
3,30,2026-03-25T14:24:23.236Z,199.000,10,66.000,Do8hC1pw172W9xvw,99.000,2N4uTfQs/yo3mBYi,123.000,uT1RCshO88YMpxwE,162.000,MwfJUdRQPbSNr9Io,195.000,2iset8PVX4jSTSEH,198.000,YHloJXirCx60SFnV,199.000,Kxg/hrv/euEuhbOE,201.000,obTLIQc2u6K1oipM,202.000,Nsmpq/og5cO95HwJ,204.000,02xuA6TviChey6nJ
3,31,2026-03-25T14:24:23.435Z,197.000,10,63.000,Do8hC1pw172W9xvw,94.000,2N4uTfQs/yo3mBYi,101.000,uT1RCshO88YMpxwE,160.000,MwfJUdRQPbSNr9Io,183.000,YHloJXirCx60SFnV,189.000,02xuA6TviChey6nJ,197.000,obTLIQc2u6K1oipM,200.000,2iset8PVX4jSTSEH,202.000,Kxg/hrv/euEuhbOE,238.000,Nsmpq/og5cO95HwJ
3,32,2026-03-25T14:24:23.632Z,208.000,10,69.000,Do8hC1pw172W9xvw,97.000,uT1RCshO88YMpxwE,109.000,2N4uTfQs/yo3mBYi,174.000,MwfJUdRQPbSNr9Io,193.000,Kxg/hrv/euEuhbOE,201.000,2iset8PVX4jSTSEH,208.000,Nsmpq/og5cO95HwJ,209.000,YHloJXirCx60SFnV,261.000,obTLIQc2u6K1oipM,234.000,02xuA6TviChey6nJ
3,33,2026-03-25T14:24:23.840Z,210.000,10,62.000,Do8hC1pw172W9xvw,82.000,uT1RCshO88YMpxwE,97.000,2N4uTfQs/yo3mBYi,162.000,MwfJUdRQPbSNr9Io,190.000,Nsmpq/og5cO95HwJ,208.000,YHloJXirCx60SFnV,210.000,2iset8PVX4jSTSEH,211.000,obTLIQc2u6K1oipM,213.000,02xuA6TviChey6nJ,250.000,Kxg/hrv/euEuhbOE
3,34,2026-03-25T14:24:24.050Z,194.000,10,56.000,Do8hC1pw172W9xvw,78.000,uT1RCshO88YMpxwE,90.000,2N4uTfQs/yo3mBYi,151.000,MwfJUdRQPbSNr9Io,188.000,obTLIQc2u6K1oipM,190.000,2iset8PVX4jSTSEH,194.000,02xuA6TviChey6nJ,195.000,YHloJXirCx60SFnV,197.000,Kxg/hrv/euEuhbOE,200.000,Nsmpq/og5cO95HwJ
3,35,2026-03-25T14:24:24.244Z,192.000,10,66.000,Do8hC1pw172W9xvw,84.000,uT1RCshO88YMpxwE,101.000,2N4uTfQs/yo3mBYi,162.000,MwfJUdRQPbSNr9Io,184.000,Kxg/hrv/euEuhbOE,187.000,02xuA6TviChey6nJ,192.000,Nsmpq/og5cO95HwJ,201.000,2iset8PVX4jSTSEH,203.000,obTLIQc2u6K1oipM,215.000,YHloJXirCx60SFnV
3,36,2026-03-25T14:24:24.436Z,215.000,10,71.000,Do8hC1pw172W9xvw,87.000,uT1RCshO88YMpxwE,104.000,2N4uTfQs/yo3mBYi,175.000,MwfJUdRQPbSNr9Io,202.000,obTLIQc2u6K1oipM,207.000,Nsmpq/og5cO95HwJ,215.000,2iset8PVX4jSTSEH,216.000,02xuA6TviChey6nJ,218.000,YHloJXirCx60SFnV,231.000,Kxg/hrv/euEuhbOE
3,37,2026-03-25T14:24:24.651Z,197.000,10,73.000,Do8hC1pw172W9xvw,86.000,uT1RCshO88YMpxwE,91.000,2N4uTfQs/yo3mBYi,156.000,MwfJUdRQPbSNr9Io,179.000,YHloJXirCx60SFnV,196.000,02xuA6TviChey6nJ,197.000,obTLIQc2u6K1oipM,200.000,2iset8PVX4jSTSEH,205.000,Nsmpq/og5cO95HwJ,223.000,Kxg/hrv/euEuhbOE
3,38,2026-03-25T14:24:24.848Z,198.000,10,62.000,Do8hC1pw172W9xvw,86.000,uT1RCshO88YMpxwE,88.000,2N4uTfQs/yo3mBYi,151.000,MwfJUdRQPbSNr9Io,182.000,Nsmpq/og5cO95HwJ,187.000,obTLIQc2u6K1oipM,198.000,2iset8PVX4jSTSEH,250.000,YHloJXirCx60SFnV,298.000,02xuA6TviChey6nJ,224.000,Kxg/hrv/euEuhbOE
3,39,2026-03-25T14:24:25.046Z,211.000,10,64.000,Do8hC1pw172W9xvw,81.000,uT1RCshO88YMpxwE,96.000,2N4uTfQs/yo3mBYi,170.000,MwfJUdRQPbSNr9Io,201.000,Kxg/hrv/euEuhbOE,206.000,Nsmpq/og5cO95HwJ,211.000,2iset8PVX4jSTSEH,219.000,obTLIQc2u6K1oipM,269.000,YHloJXirCx60SFnV,225.000,02xuA6TviChey6nJ
3,40,2026-03-25T14:24:25.257Z,204.000,10,63.000,Do8hC1pw172W9xvw,76.000,uT1RCshO88YMpxwE,93.000,2N4uTfQs/yo3mBYi,158.000,MwfJUdRQPbSNr9Io,193.000,2iset8PVX4jSTSEH,196.000,obTLIQc2u6K1oipM,204.000,YHloJXirCx60SFnV,210.000,02xuA6TviChey6nJ,214.000,Kxg/hrv/euEuhbOE,217.000,Nsmpq/og5cO95HwJ
3,41,2026-03-25T14:24:25.461Z,195.000,10,53.000,Do8hC1pw172W9xvw,78.000,uT1RCshO88YMpxwE,91.000,2N4uTfQs/yo3mBYi,151.000,MwfJUdRQPbSNr9Io,173.000,2iset8PVX4jSTSEH,176.000,obTLIQc2u6K1oipM,195.000,Nsmpq/og5cO95HwJ,201.000,02xuA6TviChey6nJ,274.000,YHloJXirCx60SFnV,235.000,Kxg/hrv/euEuhbOE
3,42,2026-03-25T14:24:25.656Z,202.000,10,68.000,Do8hC1pw172W9xvw,73.000,uT1RCshO88YMpxwE,95.000,2N4uTfQs/yo3mBYi,163.000,MwfJUdRQPbSNr9Io,196.000,Kxg/hrv/euEuhbOE,238.000,YHloJXirCx60SFnV,249.000,obTLIQc2u6K1oipM,272.000,2iset8PVX4jSTSEH,216.000,Nsmpq/og5cO95HwJ,221.000,02xuA6TviChey6nJ
3,43,2026-03-25T14:24:25.858Z,201.000,10,45.000,Do8hC1pw172W9xvw,85.000,uT1RCshO88YMpxwE,89.000,2N4uTfQs/yo3mBYi,155.000,MwfJUdRQPbSNr9Io,183.000,obTLIQc2u6K1oipM,184.000,Kxg/hrv/euEuhbOE,201.000,2iset8PVX4jSTSEH,205.000,Nsmpq/og5cO95HwJ,211.000,YHloJXirCx60SFnV,250.000,02xuA6TviChey6nJ
3,44,2026-03-25T14:24:26.059Z,197.000,10,63.000,Do8hC1pw172W9xvw,87.000,uT1RCshO88YMpxwE,90.000,2N4uTfQs/yo3mBYi,159.000,MwfJUdRQPbSNr9Io,182.000,obTLIQc2u6K1oipM,192.000,2iset8PVX4jSTSEH,196.000,Nsmpq/og5cO95HwJ,199.000,Kxg/hrv/euEuhbOE,200.000,02xuA6TviChey6nJ,215.000,YHloJXirCx60SFnV
3,45,2026-03-25T14:24:26.256Z,205.000,10,62.000,Do8hC1pw172W9xvw,74.000,uT1RCshO88YMpxwE,95.000,2N4uTfQs/yo3mBYi,157.000,MwfJUdRQPbSNr9Io,188.000,Nsmpq/og5cO95HwJ,198.000,YHloJXirCx60SFnV,204.000,02xuA6TviChey6nJ,206.000,obTLIQc2u6K1oipM,210.000,2iset8PVX4jSTSEH,212.000,Kxg/hrv/euEuhbOE
3,46,2026-03-25T14:24:26.461Z,195.000,10,52.000,Do8hC1pw172W9xvw,78.000,uT1RCshO88YMpxwE,97.000,2N4uTfQs/yo3mBYi,149.000,MwfJUdRQPbSNr9Io,186.000,Kxg/hrv/euEuhbOE,187.000,Nsmpq/og5cO95HwJ,195.000,2iset8PVX4jSTSEH,200.000,obTLIQc2u6K1oipM,201.000,02xuA6TviChey6nJ,220.000,YHloJXirCx60SFnV
3,47,2026-03-25T14:24:26.656Z,200.000,10,59.000,Do8hC1pw172W9xvw,95.000,uT1RCshO88YMpxwE,110.000,2N4uTfQs/yo3mBYi,167.000,MwfJUdRQPbSNr9Io,186.000,Nsmpq/og5cO95HwJ,198.000,Kxg/hrv/euEuhbOE,200.000,obTLIQc2u6K1oipM,205.000,YHloJXirCx60SFnV,211.000,2iset8PVX4jSTSEH,220.000,02xuA6TviChey6nJ
3,48,2026-03-25T14:24:26.856Z,200.000,10,72.000,Do8hC1pw172W9xvw,85.000,uT1RCshO88YMpxwE,88.000,2N4uTfQs/yo3mBYi,170.000,MwfJUdRQPbSNr9Io,188.000,obTLIQc2u6K1oipM,193.000,YHloJXirCx60SFnV,200.000,Kxg/hrv/euEuhbOE,209.000,02xuA6TviChey6nJ,214.000,2iset8PVX4jSTSEH,217.000,Nsmpq/og5cO95HwJ
3,49,2026-03-25T14:24:27.056Z,209.000,10,69.000,Do8hC1pw172W9xvw,87.000,uT1RCshO88YMpxwE,99.000,2N4uTfQs/yo3mBYi,169.000,MwfJUdRQPbSNr9Io,187.000,Kxg/hrv/euEuhbOE,196.000,2iset8PVX4jSTSEH,209.000,obTLIQc2u6K1oipM,215.000,Nsmpq/og5cO95HwJ,219.000,02xuA6TviChey6nJ,231.000,YHloJXirCx60SFnV
3,50,2026-03-25T14:24:27.265Z,194.000,10,52.000,Do8hC1pw172W9xvw,74.000,uT1RCshO88YMpxwE,95.000,2N4uTfQs/yo3mBYi,155.000,MwfJUdRQPbSNr9Io,171.000,Nsmpq/og5cO95HwJ,193.000,02xuA6TviChey6nJ,194.000,obTLIQc2u6K1oipM,210.000,2iset8PVX4jSTSEH,214.000,YHloJXirCx60SFnV,221.000,Kxg/hrv/euEuhbOE
3,51,2026-03-25T14:24:27.459Z,208.000,10,77.000,Do8hC1pw172W9xvw,92.000,uT1RCshO88YMpxwE,109.000,2N4uTfQs/yo3mBYi,169.000,MwfJUdRQPbSNr9Io,182.000,obTLIQc2u6K1oipM,196.000,Kxg/hrv/euEuhbOE,208.000,YHloJXirCx60SFnV,209.000,02xuA6TviChey6nJ,211.000,2iset8PVX4jSTSEH,215.000,Nsmpq/og5cO95HwJ
3,52,2026-03-25T14:24:27.667Z,203.000,10,60.000,Do8hC1pw172W9xvw,76.000,uT1RCshO88YMpxwE,89.000,2N4uTfQs/yo3mBYi,161.000,MwfJUdRQPbSNr9Io,195.000,Kxg/hrv/euEuhbOE,196.000,YHloJXirCx60SFnV,203.000,obTLIQc2u6K1oipM,204.000,Nsmpq/og5cO95HwJ,206.000,02xuA6TviChey6nJ,265.000,2iset8PVX4jSTSEH
3,53,2026-03-25T14:24:27.870Z,187.000,10,59.000,Do8hC1pw172W9xvw,88.000,2N4uTfQs/yo3mBYi,107.000,uT1RCshO88YMpxwE,152.000,MwfJUdRQPbSNr9Io,180.000,Kxg/hrv/euEuhbOE,182.000,obTLIQc2u6K1oipM,187.000,2iset8PVX4jSTSEH,197.000,Nsmpq/og5cO95HwJ,213.000,YHloJXirCx60SFnV,227.000,02xuA6TviChey6nJ
3,54,2026-03-25T14:24:28.057Z,219.000,10,64.000,Do8hC1pw172W9xvw,87.000,uT1RCshO88YMpxwE,103.000,2N4uTfQs/yo3mBYi,171.000,MwfJUdRQPbSNr9Io,205.000,02xuA6TviChey6nJ,211.000,Kxg/hrv/euEuhbOE,218.000,obTLIQc2u6K1oipM,221.000,2iset8PVX4jSTSEH,224.000,Nsmpq/og5cO95HwJ,249.000,YHloJXirCx60SFnV
3,55,2026-03-25T14:24:28.276Z,196.000,10,56.000,Do8hC1pw172W9xvw,76.000,uT1RCshO88YMpxwE,86.000,2N4uTfQs/yo3mBYi,148.000,MwfJUdRQPbSNr9Io,185.000,obTLIQc2u6K1oipM,193.000,02xuA6TviChey6nJ,196.000,Kxg/hrv/euEuhbOE,200.000,Nsmpq/og5cO95HwJ,201.000,2iset8PVX4jSTSEH,208.000,YHloJXirCx60SFnV
3,56,2026-03-25T14:24:28.472Z,204.000,10,60.000,Do8hC1pw172W9xvw,76.000,uT1RCshO88YMpxwE,99.000,2N4uTfQs/yo3mBYi,161.000,MwfJUdRQPbSNr9Io,181.000,obTLIQc2u6K1oipM,182.000,Kxg/hrv/euEuhbOE,204.000,YHloJXirCx60SFnV,206.000,02xuA6TviChey6nJ,207.000,2iset8PVX4jSTSEH,252.000,Nsmpq/og5cO95HwJ
3,57,2026-03-25T14:24:28.676Z,198.000,10,52.000,Do8hC1pw172W9xvw,81.000,uT1RCshO88YMpxwE,88.000,2N4uTfQs/yo3mBYi,159.000,MwfJUdRQPbSNr9Io,170.000,Kxg/hrv/euEuhbOE,171.000,obTLIQc2u6K1oipM,198.000,YHloJXirCx60SFnV,205.000,Nsmpq/og5cO95HwJ,210.000,2iset8PVX4jSTSEH,251.000,02xuA6TviChey6nJ
3,58,2026-03-25T14:24:28.874Z,194.000,10,58.000,Do8hC1pw172W9xvw,85.000,uT1RCshO88YMpxwE,95.000,2N4uTfQs/yo3mBYi,158.000,MwfJUdRQPbSNr9Io,177.000,2iset8PVX4jSTSEH,180.000,obTLIQc2u6K1oipM,193.000,Nsmpq/og5cO95HwJ,196.000,Kxg/hrv/euEuhbOE,212.000,YHloJXirCx60SFnV,255.000,02xuA6TviChey6nJ
3,59,2026-03-25T14:24:29.068Z,212.000,10,71.000,Do8hC1pw172W9xvw,99.000,uT1RCshO88YMpxwE,104.000,2N4uTfQs/yo3mBYi,162.000,MwfJUdRQPbSNr9Io,198.000,YHloJXirCx60SFnV,211.000,2iset8PVX4jSTSEH,212.000,obTLIQc2u6K1oipM,213.000,Nsmpq/og5cO95HwJ,217.000,02xuA6TviChey6nJ,219.000,Kxg/hrv/euEuhbOE
3,60,2026-03-25T14:24:29.280Z,197.000,10,66.000,Do8hC1pw172W9xvw,77.000,uT1RCshO88YMpxwE,96.000,2N4uTfQs/yo3mBYi,160.000,MwfJUdRQPbSNr9Io,191.000,Kxg/hrv/euEuhbOE,196.000,obTLIQc2u6K1oipM,197.000,2iset8PVX4jSTSEH,211.000,02xuA6TviChey6nJ,247.000,YHloJXirCx60SFnV,222.000,Nsmpq/og5cO95HwJ
3,61,2026-03-25T14:24:29.477Z,205.000,10,64.000,Do8hC1pw172W9xvw,66.000,uT1RCshO88YMpxwE,103.000,2N4uTfQs/yo3mBYi,166.000,MwfJUdRQPbSNr9Io,191.000,obTLIQc2u6K1oipM,200.000,02xuA6TviChey6nJ,205.000,YHloJXirCx60SFnV,206.000,Kxg/hrv/euEuhbOE,207.000,2iset8PVX4jSTSEH,219.000,Nsmpq/og5cO95HwJ
3,62,2026-03-25T14:24:29.682Z,195.000,10,58.000,Do8hC1pw172W9xvw,78.000,uT1RCshO88YMpxwE,93.000,2N4uTfQs/yo3mBYi,145.000,obTLIQc2u6K1oipM,148.000,MwfJUdRQPbSNr9Io,192.000,YHloJXirCx60SFnV,194.000,Kxg/hrv/euEuhbOE,200.000,Nsmpq/og5cO95HwJ,202.000,2iset8PVX4jSTSEH,211.000,02xuA6TviChey6nJ
3,63,2026-03-25T14:24:29.877Z,195.000,10,53.000,Do8hC1pw172W9xvw,80.000,uT1RCshO88YMpxwE,96.000,2N4uTfQs/yo3mBYi,165.000,MwfJUdRQPbSNr9Io,189.000,Kxg/hrv/euEuhbOE,192.000,2iset8PVX4jSTSEH,195.000,obTLIQc2u6K1oipM,197.000,02xuA6TviChey6nJ,202.000,YHloJXirCx60SFnV,205.000,Nsmpq/og5cO95HwJ
3,64,2026-03-25T14:24:30.072Z,212.000,10,63.000,Do8hC1pw172W9xvw,102.000,uT1RCshO88YMpxwE,119.000,2N4uTfQs/yo3mBYi,170.000,MwfJUdRQPbSNr9Io,196.000,Kxg/hrv/euEuhbOE,207.000,YHloJXirCx60SFnV,212.000,2iset8PVX4jSTSEH,217.000,obTLIQc2u6K1oipM,223.000,02xuA6TviChey6nJ,228.000,Nsmpq/og5cO95HwJ
3,65,2026-03-25T14:24:30.284Z,200.000,10,65.000,Do8hC1pw172W9xvw,78.000,uT1RCshO88YMpxwE,94.000,2N4uTfQs/yo3mBYi,163.000,MwfJUdRQPbSNr9Io,184.000,02xuA6TviChey6nJ,199.000,obTLIQc2u6K1oipM,200.000,Kxg/hrv/euEuhbOE,205.000,2iset8PVX4jSTSEH,213.000,YHloJXirCx60SFnV,259.000,Nsmpq/og5cO95HwJ
3,66,2026-03-25T14:24:30.484Z,207.000,10,62.000,Do8hC1pw172W9xvw,88.000,2N4uTfQs/yo3mBYi,108.000,uT1RCshO88YMpxwE,162.000,MwfJUdRQPbSNr9Io,186.000,obTLIQc2u6K1oipM,205.000,02xuA6TviChey6nJ,207.000,YHloJXirCx60SFnV,209.000,Kxg/hrv/euEuhbOE,210.000,Nsmpq/og5cO95HwJ,213.000,2iset8PVX4jSTSEH
3,67,2026-03-25T14:24:30.691Z,198.000,10,57.000,Do8hC1pw172W9xvw,74.000,uT1RCshO88YMpxwE,97.000,2N4uTfQs/yo3mBYi,156.000,MwfJUdRQPbSNr9Io,187.000,2iset8PVX4jSTSEH,193.000,obTLIQc2u6K1oipM,198.000,Nsmpq/og5cO95HwJ,199.000,02xuA6TviChey6nJ,206.000,YHloJXirCx60SFnV,208.000,Kxg/hrv/euEuhbOE
3,68,2026-03-25T14:24:30.889Z,177.000,10,63.000,Do8hC1pw172W9xvw,68.000,uT1RCshO88YMpxwE,86.000,2N4uTfQs/yo3mBYi,158.000,MwfJUdRQPbSNr9Io,174.000,YHloJXirCx60SFnV,176.000,obTLIQc2u6K1oipM,177.000,02xuA6TviChey6nJ,186.000,Nsmpq/og5cO95HwJ,208.000,Kxg/hrv/euEuhbOE,213.000,2iset8PVX4jSTSEH
3,69,2026-03-25T14:24:31.066Z,216.000,10,81.000,Do8hC1pw172W9xvw,96.000,uT1RCshO88YMpxwE,114.000,2N4uTfQs/yo3mBYi,180.000,MwfJUdRQPbSNr9Io,213.000,Kxg/hrv/euEuhbOE,214.000,2iset8PVX4jSTSEH,216.000,Nsmpq/og5cO95HwJ,217.000,02xuA6TviChey6nJ,220.000,YHloJXirCx60SFnV,237.000,obTLIQc2u6K1oipM
3,70,2026-03-25T14:24:31.282Z,197.000,10,69.000,Do8hC1pw172W9xvw,81.000,uT1RCshO88YMpxwE,100.000,2N4uTfQs/yo3mBYi,160.000,MwfJUdRQPbSNr9Io,185.000,obTLIQc2u6K1oipM,192.000,Nsmpq/og5cO95HwJ,197.000,YHloJXirCx60SFnV,206.000,02xuA6TviChey6nJ,207.000,2iset8PVX4jSTSEH,211.000,Kxg/hrv/euEuhbOE
3,71,2026-03-25T14:24:31.479Z,209.000,10,61.000,Do8hC1pw172W9xvw,96.000,uT1RCshO88YMpxwE,112.000,2N4uTfQs/yo3mBYi,168.000,MwfJUdRQPbSNr9Io,187.000,Nsmpq/og5cO95HwJ,207.000,YHloJXirCx60SFnV,209.000,02xuA6TviChey6nJ,210.000,2iset8PVX4jSTSEH,214.000,obTLIQc2u6K1oipM,216.000,Kxg/hrv/euEuhbOE
3,72,2026-03-25T14:24:31.688Z,196.000,10,70.000,Do8hC1pw172W9xvw,90.000,2N4uTfQs/yo3mBYi,91.000,uT1RCshO88YMpxwE,156.000,MwfJUdRQPbSNr9Io,187.000,obTLIQc2u6K1oipM,194.000,Kxg/hrv/euEuhbOE,196.000,02xuA6TviChey6nJ,215.000,Nsmpq/og5cO95HwJ,222.000,2iset8PVX4jSTSEH,223.000,YHloJXirCx60SFnV
3,73,2026-03-25T14:24:31.884Z,212.000,10,61.000,Do8hC1pw172W9xvw,99.000,uT1RCshO88YMpxwE,102.000,2N4uTfQs/yo3mBYi,166.000,MwfJUdRQPbSNr9Io,206.000,Kxg/hrv/euEuhbOE,210.000,2iset8PVX4jSTSEH,212.000,obTLIQc2u6K1oipM,214.000,02xuA6TviChey6nJ,215.000,Nsmpq/og5cO95HwJ,223.000,YHloJXirCx60SFnV
3,74,2026-03-25T14:24:32.096Z,200.000,10,54.000,Do8hC1pw172W9xvw,75.000,uT1RCshO88YMpxwE,94.000,2N4uTfQs/yo3mBYi,155.000,MwfJUdRQPbSNr9Io,196.000,Nsmpq/og5cO95HwJ,197.000,obTLIQc2u6K1oipM,200.000,Kxg/hrv/euEuhbOE,205.000,2iset8PVX4jSTSEH,207.000,02xuA6TviChey6nJ,232.000,YHloJXirCx60SFnV
3,75,2026-03-25T14:24:32.296Z,208.000,10,60.000,Do8hC1pw172W9xvw,74.000,uT1RCshO88YMpxwE,101.000,2N4uTfQs/yo3mBYi,160.000,MwfJUdRQPbSNr9Io,192.000,YHloJXirCx60SFnV,195.000,2iset8PVX4jSTSEH,208.000,Nsmpq/og5cO95HwJ,214.000,Kxg/hrv/euEuhbOE,262.000,obTLIQc2u6K1oipM,222.000,02xuA6TviChey6nJ
3,76,2026-03-25T14:24:32.504Z,190.000,10,45.000,Do8hC1pw172W9xvw,68.000,uT1RCshO88YMpxwE,95.000,2N4uTfQs/yo3mBYi,142.000,MwfJUdRQPbSNr9Io,174.000,Nsmpq/og5cO95HwJ,182.000,obTLIQc2u6K1oipM,189.000,Kxg/hrv/euEuhbOE,192.000,2iset8PVX4jSTSEH,211.000,02xuA6TviChey6nJ,212.000,YHloJXirCx60SFnV
3,77,2026-03-25T14:24:32.694Z,191.000,10,54.000,Do8hC1pw172W9xvw,86.000,uT1RCshO88YMpxwE,92.000,2N4uTfQs/yo3mBYi,168.000,MwfJUdRQPbSNr9Io,183.000,obTLIQc2u6K1oipM,189.000,Nsmpq/og5cO95HwJ,191.000,YHloJXirCx60SFnV,204.000,Kxg/hrv/euEuhbOE,213.000,02xuA6TviChey6nJ,291.000,2iset8PVX4jSTSEH
3,78,2026-03-25T14:24:32.885Z,202.000,10,81.000,Do8hC1pw172W9xvw,88.000,uT1RCshO88YMpxwE,111.000,2N4uTfQs/yo3mBYi,177.000,MwfJUdRQPbSNr9Io,194.000,02xuA6TviChey6nJ,196.000,obTLIQc2u6K1oipM,202.000,Nsmpq/og5cO95HwJ,208.000,YHloJXirCx60SFnV,225.000,2iset8PVX4jSTSEH,273.000,Kxg/hrv/euEuhbOE
3,79,2026-03-25T14:24:33.087Z,209.000,10,80.000,Do8hC1pw172W9xvw,100.000,uT1RCshO88YMpxwE,102.000,2N4uTfQs/yo3mBYi,178.000,MwfJUdRQPbSNr9Io,181.000,2iset8PVX4jSTSEH,203.000,Nsmpq/og5cO95HwJ,208.000,Kxg/hrv/euEuhbOE,210.000,obTLIQc2u6K1oipM,221.000,02xuA6TviChey6nJ,224.000,YHloJXirCx60SFnV
3,80,2026-03-25T14:24:33.296Z,201.000,10,72.000,Do8hC1pw172W9xvw,91.000,uT1RCshO88YMpxwE,92.000,2N4uTfQs/yo3mBYi,170.000,MwfJUdRQPbSNr9Io,198.000,Nsmpq/og5cO95HwJ,200.000,Kxg/hrv/euEuhbOE,201.000,2iset8PVX4jSTSEH,203.000,YHloJXirCx60SFnV,206.000,obTLIQc2u6K1oipM,223.000,02xuA6TviChey6nJ
3,81,2026-03-25T14:24:33.497Z,196.000,10,73.000,uT1RCshO88YMpxwE,77.000,Do8hC1pw172W9xvw,100.000,2N4uTfQs/yo3mBYi,161.000,MwfJUdRQPbSNr9Io,186.000,2iset8PVX4jSTSEH,189.000,obTLIQc2u6K1oipM,196.000,Nsmpq/og5cO95HwJ,211.000,Kxg/hrv/euEuhbOE,213.000,YHloJXirCx60SFnV,215.000,02xuA6TviChey6nJ
3,82,2026-03-25T14:24:33.693Z,210.000,10,75.000,Do8hC1pw172W9xvw,87.000,uT1RCshO88YMpxwE,97.000,2N4uTfQs/yo3mBYi,166.000,MwfJUdRQPbSNr9Io,194.000,obTLIQc2u6K1oipM,207.000,Nsmpq/og5cO95HwJ,209.000,2iset8PVX4jSTSEH,215.000,02xuA6TviChey6nJ,218.000,Kxg/hrv/euEuhbOE,219.000,YHloJXirCx60SFnV
3,83,2026-03-25T14:24:33.903Z,203.000,10,63.000,Do8hC1pw172W9xvw,78.000,uT1RCshO88YMpxwE,95.000,2N4uTfQs/yo3mBYi,160.000,MwfJUdRQPbSNr9Io,190.000,YHloJXirCx60SFnV,198.000,obTLIQc2u6K1oipM,202.000,2iset8PVX4jSTSEH,208.000,02xuA6TviChey6nJ,242.000,Kxg/hrv/euEuhbOE,221.000,Nsmpq/og5cO95HwJ
3,84,2026-03-25T14:24:34.106Z,198.000,10,64.000,Do8hC1pw172W9xvw,78.000,uT1RCshO88YMpxwE,97.000,2N4uTfQs/yo3mBYi,160.000,MwfJUdRQPbSNr9Io,186.000,02xuA6TviChey6nJ,190.000,2iset8PVX4jSTSEH,197.000,Kxg/hrv/euEuhbOE,199.000,Nsmpq/og5cO95HwJ,201.000,obTLIQc2u6K1oipM,209.000,YHloJXirCx60SFnV
3,85,2026-03-25T14:24:34.304Z,197.000,10,59.000,Do8hC1pw172W9xvw,84.000,2N4uTfQs/yo3mBYi,86.000,uT1RCshO88YMpxwE,153.000,MwfJUdRQPbSNr9Io,172.000,Kxg/hrv/euEuhbOE,179.000,obTLIQc2u6K1oipM,197.000,YHloJXirCx60SFnV,206.000,2iset8PVX4jSTSEH,211.000,Nsmpq/og5cO95HwJ,218.000,02xuA6TviChey6nJ
3,86,2026-03-25T14:24:34.501Z,207.000,10,77.000,Do8hC1pw172W9xvw,79.000,uT1RCshO88YMpxwE,100.000,2N4uTfQs/yo3mBYi,165.000,MwfJUdRQPbSNr9Io,194.000,obTLIQc2u6K1oipM,202.000,Nsmpq/og5cO95HwJ,207.000,02xuA6TviChey6nJ,209.000,2iset8PVX4jSTSEH,225.000,YHloJXirCx60SFnV,226.000,Kxg/hrv/euEuhbOE
3,87,2026-03-25T14:24:34.708Z,198.000,10,54.000,Do8hC1pw172W9xvw,94.000,2N4uTfQs/yo3mBYi,96.000,uT1RCshO88YMpxwE,161.000,MwfJUdRQPbSNr9Io,187.000,obTLIQc2u6K1oipM,197.000,2iset8PVX4jSTSEH,198.000,02xuA6TviChey6nJ,199.000,Nsmpq/og5cO95HwJ,201.000,YHloJXirCx60SFnV,205.000,Kxg/hrv/euEuhbOE
3,88,2026-03-25T14:24:34.906Z,204.000,10,64.000,Do8hC1pw172W9xvw,89.000,uT1RCshO88YMpxwE,100.000,2N4uTfQs/yo3mBYi,165.000,MwfJUdRQPbSNr9Io,189.000,obTLIQc2u6K1oipM,202.000,2iset8PVX4jSTSEH,204.000,YHloJXirCx60SFnV,205.000,Nsmpq/og5cO95HwJ,212.000,02xuA6TviChey6nJ,215.000,Kxg/hrv/euEuhbOE
3,89,2026-03-25T14:24:35.110Z,200.000,10,67.000,Do8hC1pw172W9xvw,80.000,uT1RCshO88YMpxwE,100.000,2N4uTfQs/yo3mBYi,157.000,MwfJUdRQPbSNr9Io,190.000,obTLIQc2u6K1oipM,197.000,2iset8PVX4jSTSEH,200.000,Nsmpq/og5cO95HwJ,204.000,YHloJXirCx60SFnV,208.000,Kxg/hrv/euEuhbOE,215.000,02xuA6TviChey6nJ
3,90,2026-03-25T14:24:35.310Z,208.000,10,65.000,Do8hC1pw172W9xvw,82.000,uT1RCshO88YMpxwE,102.000,2N4uTfQs/yo3mBYi,166.000,MwfJUdRQPbSNr9Io,200.000,02xuA6TviChey6nJ,203.000,obTLIQc2u6K1oipM,207.000,2iset8PVX4jSTSEH,211.000,Nsmpq/og5cO95HwJ,213.000,Kxg/hrv/euEuhbOE,224.000,YHloJXirCx60SFnV
3,91,2026-03-25T14:24:35.518Z,187.000,10,68.000,Do8hC1pw172W9xvw,84.000,uT1RCshO88YMpxwE,97.000,2N4uTfQs/yo3mBYi,156.000,MwfJUdRQPbSNr9Io,184.000,obTLIQc2u6K1oipM,186.000,Kxg/hrv/euEuhbOE,187.000,Nsmpq/og5cO95HwJ,191.000,02xuA6TviChey6nJ,205.000,2iset8PVX4jSTSEH,219.000,YHloJXirCx60SFnV
3,92,2026-03-25T14:24:35.705Z,215.000,10,94.000,uT1RCshO88YMpxwE,106.000,2N4uTfQs/yo3mBYi,171.000,MwfJUdRQPbSNr9Io,200.000,Do8hC1pw172W9xvw,213.000,Nsmpq/og5cO95HwJ,214.000,YHloJXirCx60SFnV,215.000,Kxg/hrv/euEuhbOE,218.000,obTLIQc2u6K1oipM,223.000,2iset8PVX4jSTSEH,235.000,02xuA6TviChey6nJ
3,93,2026-03-25T14:24:35.920Z,213.000,10,72.000,uT1RCshO88YMpxwE,86.000,2N4uTfQs/yo3mBYi,160.000,MwfJUdRQPbSNr9Io,183.000,Kxg/hrv/euEuhbOE,199.000,obTLIQc2u6K1oipM,201.000,Nsmpq/og5cO95HwJ,204.000,Do8hC1pw172W9xvw,214.000,02xuA6TviChey6nJ,215.000,2iset8PVX4jSTSEH,216.000,YHloJXirCx60SFnV
3,94,2026-03-25T14:24:36.133Z,182.000,10,64.000,uT1RCshO88YMpxwE,86.000,2N4uTfQs/yo3mBYi,145.000,MwfJUdRQPbSNr9Io,159.000,Do8hC1pw172W9xvw,175.000,Nsmpq/og5cO95HwJ,178.000,obTLIQc2u6K1oipM,182.000,2iset8PVX4jSTSEH,199.000,02xuA6TviChey6nJ,211.000,YHloJXirCx60SFnV,214.000,Kxg/hrv/euEuhbOE
3,95,2026-03-25T14:24:36.315Z,204.000,10,85.000,uT1RCshO88YMpxwE,95.000,2N4uTfQs/yo3mBYi,150.000,Do8hC1pw172W9xvw,166.000,MwfJUdRQPbSNr9Io,190.000,2iset8PVX4jSTSEH,193.000,02xuA6TviChey6nJ,204.000,Kxg/hrv/euEuhbOE,207.000,Nsmpq/og5cO95HwJ,210.000,YHloJXirCx60SFnV,218.000,obTLIQc2u6K1oipM
3,96,2026-03-25T14:24:36.519Z,207.000,10,81.000,2N4uTfQs/yo3mBYi,89.000,uT1RCshO88YMpxwE,151.000,Do8hC1pw172W9xvw,168.000,MwfJUdRQPbSNr9Io,201.000,Nsmpq/og5cO95HwJ,202.000,02xuA6TviChey6nJ,207.000,Kxg/hrv/euEuhbOE,211.000,2iset8PVX4jSTSEH,213.000,YHloJXirCx60SFnV,226.000,obTLIQc2u6K1oipM
3,97,2026-03-25T14:24:36.726Z,201.000,10,71.000,uT1RCshO88YMpxwE,89.000,2N4uTfQs/yo3mBYi,146.000,Do8hC1pw172W9xvw,164.000,MwfJUdRQPbSNr9Io,187.000,Nsmpq/og5cO95HwJ,196.000,YHloJXirCx60SFnV,201.000,Kxg/hrv/euEuhbOE,203.000,obTLIQc2u6K1oipM,206.000,02xuA6TviChey6nJ,212.000,2iset8PVX4jSTSEH
3,98,2026-03-25T14:24:36.927Z,207.000,10,88.000,2N4uTfQs/yo3mBYi,97.000,uT1RCshO88YMpxwE,153.000,Do8hC1pw172W9xvw,160.000,MwfJUdRQPbSNr9Io,197.000,Kxg/hrv/euEuhbOE,198.000,obTLIQc2u6K1oipM,206.000,Nsmpq/og5cO95HwJ,209.000,02xuA6TviChey6nJ,213.000,YHloJXirCx60SFnV,225.000,2iset8PVX4jSTSEH
3,99,2026-03-25T14:24:37.134Z,197.000,10,84.000,2N4uTfQs/yo3mBYi,86.000,uT1RCshO88YMpxwE,153.000,Do8hC1pw172W9xvw,157.000,MwfJUdRQPbSNr9Io,187.000,2iset8PVX4jSTSEH,193.000,02xuA6TviChey6nJ,197.000,obTLIQc2u6K1oipM,206.000,Kxg/hrv/euEuhbOE,215.000,YHloJXirCx60SFnV,221.000,Nsmpq/og5cO95HwJ
3,100,2026-03-25T14:24:37.331Z,205.000,10,92.000,2N4uTfQs/yo3mBYi,96.000,uT1RCshO88YMpxwE,145.000,Do8hC1pw172W9xvw,166.000,MwfJUdRQPbSNr9Io,189.000,02xuA6TviChey6nJ,195.000,obTLIQc2u6K1oipM,205.000,YHloJXirCx60SFnV,207.000,Nsmpq/og5cO95HwJ,209.000,Kxg/hrv/euEuhbOE,224.000,2iset8PVX4jSTSEH
3,101,2026-03-25T14:24:37.536Z,201.000,10,79.000,2N4uTfQs/yo3mBYi,87.000,uT1RCshO88YMpxwE,155.000,MwfJUdRQPbSNr9Io,183.000,Do8hC1pw172W9xvw,191.000,02xuA6TviChey6nJ,195.000,obTLIQc2u6K1oipM,200.000,2iset8PVX4jSTSEH,202.000,YHloJXirCx60SFnV,215.000,Nsmpq/og5cO95HwJ,224.000,Kxg/hrv/euEuhbOE
3,102,2026-03-25T14:24:37.737Z,195.000,10,71.000,2N4uTfQs/yo3mBYi,81.000,uT1RCshO88YMpxwE,154.000,MwfJUdRQPbSNr9Io,171.000,Do8hC1pw172W9xvw,191.000,2iset8PVX4jSTSEH,193.000,obTLIQc2u6K1oipM,195.000,Nsmpq/og5cO95HwJ,211.000,Kxg/hrv/euEuhbOE,217.000,YHloJXirCx60SFnV,222.000,02xuA6TviChey6nJ
3,103,2026-03-25T14:24:37.932Z,209.000,10,87.000,2N4uTfQs/yo3mBYi,106.000,uT1RCshO88YMpxwE,163.000,MwfJUdRQPbSNr9Io,180.000,Do8hC1pw172W9xvw,197.000,Nsmpq/og5cO95HwJ,199.000,obTLIQc2u6K1oipM,209.000,02xuA6TviChey6nJ,222.000,YHloJXirCx60SFnV,226.000,Kxg/hrv/euEuhbOE,232.000,2iset8PVX4jSTSEH
3,104,2026-03-25T14:24:38.141Z,186.000,10,85.000,2N4uTfQs/yo3mBYi,95.000,uT1RCshO88YMpxwE,151.000,MwfJUdRQPbSNr9Io,158.000,Do8hC1pw172W9xvw,168.000,Nsmpq/og5cO95HwJ,169.000,obTLIQc2u6K1oipM,186.000,2iset8PVX4jSTSEH,216.000,02xuA6TviChey6nJ,235.000,YHloJXirCx60SFnV,246.000,Kxg/hrv/euEuhbOE
3,105,2026-03-25T14:24:38.327Z,242.000,10,109.000,2N4uTfQs/yo3mBYi,111.000,uT1RCshO88YMpxwE,178.000,MwfJUdRQPbSNr9Io,197.000,Nsmpq/og5cO95HwJ,211.000,obTLIQc2u6K1oipM,232.000,2iset8PVX4jSTSEH,242.000,Kxg/hrv/euEuhbOE,252.000,02xuA6TviChey6nJ,262.000,Do8hC1pw172W9xvw,291.000,YHloJXirCx60SFnV
3,106,2026-03-25T14:24:38.569Z,181.000,10,70.000,2N4uTfQs/yo3mBYi,76.000,uT1RCshO88YMpxwE,125.000,MwfJUdRQPbSNr9Io,151.000,Do8hC1pw172W9xvw,163.000,Nsmpq/og5cO95HwJ,166.000,YHloJXirCx60SFnV,181.000,2iset8PVX4jSTSEH,188.000,Kxg/hrv/euEuhbOE,190.000,obTLIQc2u6K1oipM,201.000,02xuA6TviChey6nJ
3,107,2026-03-25T14:24:38.750Z,206.000,10,75.000,2N4uTfQs/yo3mBYi,101.000,uT1RCshO88YMpxwE,148.000,Do8hC1pw172W9xvw,150.000,MwfJUdRQPbSNr9Io,190.000,2iset8PVX4jSTSEH,191.000,Nsmpq/og5cO95HwJ,206.000,Kxg/hrv/euEuhbOE,208.000,YHloJXirCx60SFnV,214.000,obTLIQc2u6K1oipM,215.000,02xuA6TviChey6nJ
3,108,2026-03-25T14:24:38.956Z,195.000,10,70.000,2N4uTfQs/yo3mBYi,76.000,uT1RCshO88YMpxwE,139.000,Do8hC1pw172W9xvw,139.000,MwfJUdRQPbSNr9Io,186.000,obTLIQc2u6K1oipM,189.000,Nsmpq/og5cO95HwJ,195.000,Kxg/hrv/euEuhbOE,204.000,YHloJXirCx60SFnV,206.000,2iset8PVX4jSTSEH,218.000,02xuA6TviChey6nJ
3,109,2026-03-25T14:24:39.151Z,201.000,10,78.000,uT1RCshO88YMpxwE,85.000,2N4uTfQs/yo3mBYi,137.000,Do8hC1pw172W9xvw,139.000,MwfJUdRQPbSNr9Io,172.000,2iset8PVX4jSTSEH,181.000,Nsmpq/og5cO95HwJ,201.000,obTLIQc2u6K1oipM,202.000,02xuA6TviChey6nJ,212.000,Kxg/hrv/euEuhbOE,227.000,YHloJXirCx60SFnV
3,110,2026-03-25T14:24:39.352Z,204.000,10,83.000,2N4uTfQs/yo3mBYi,93.000,uT1RCshO88YMpxwE,127.000,Do8hC1pw172W9xvw,154.000,MwfJUdRQPbSNr9Io,187.000,Nsmpq/og5cO95HwJ,201.000,obTLIQc2u6K1oipM,204.000,Kxg/hrv/euEuhbOE,216.000,02xuA6TviChey6nJ,218.000,YHloJXirCx60SFnV,243.000,2iset8PVX4jSTSEH
3,111,2026-03-25T14:24:39.556Z,210.000,10,72.000,uT1RCshO88YMpxwE,98.000,2N4uTfQs/yo3mBYi,127.000,Do8hC1pw172W9xvw,151.000,MwfJUdRQPbSNr9Io,170.000,Nsmpq/og5cO95HwJ,173.000,obTLIQc2u6K1oipM,210.000,YHloJXirCx60SFnV,218.000,Kxg/hrv/euEuhbOE,234.000,2iset8PVX4jSTSEH,235.000,02xuA6TviChey6nJ
3,112,2026-03-25T14:24:39.766Z,204.000,10,70.000,uT1RCshO88YMpxwE,89.000,2N4uTfQs/yo3mBYi,121.000,MwfJUdRQPbSNr9Io,129.000,Do8hC1pw172W9xvw,165.000,Nsmpq/og5cO95HwJ,192.000,obTLIQc2u6K1oipM,204.000,YHloJXirCx60SFnV,214.000,2iset8PVX4jSTSEH,215.000,Kxg/hrv/euEuhbOE,221.000,02xuA6TviChey6nJ
3,113,2026-03-25T14:24:39.970Z,186.000,10,57.000,uT1RCshO88YMpxwE,73.000,2N4uTfQs/yo3mBYi,111.000,Do8hC1pw172W9xvw,128.000,MwfJUdRQPbSNr9Io,168.000,Nsmpq/og5cO95HwJ,182.000,obTLIQc2u6K1oipM,186.000,YHloJXirCx60SFnV,205.000,Kxg/hrv/euEuhbOE,221.000,2iset8PVX4jSTSEH,294.000,02xuA6TviChey6nJ
3,114,2026-03-25T14:24:40.156Z,210.000,10,90.000,uT1RCshO88YMpxwE,111.000,2N4uTfQs/yo3mBYi,123.000,Do8hC1pw172W9xvw,154.000,MwfJUdRQPbSNr9Io,185.000,Nsmpq/og5cO95HwJ,192.000,obTLIQc2u6K1oipM,209.000,YHloJXirCx60SFnV,211.000,Kxg/hrv/euEuhbOE,235.000,2iset8PVX4jSTSEH,237.000,02xuA6TviChey6nJ
3,115,2026-03-25T14:24:40.366Z,200.000,10,88.000,2N4uTfQs/yo3mBYi,92.000,uT1RCshO88YMpxwE,118.000,Do8hC1pw172W9xvw,150.000,MwfJUdRQPbSNr9Io,152.000,Nsmpq/og5cO95HwJ,197.000,obTLIQc2u6K1oipM,200.000,YHloJXirCx60SFnV,209.000,Kxg/hrv/euEuhbOE,230.000,2iset8PVX4jSTSEH,233.000,02xuA6TviChey6nJ
3,116,2026-03-25T14:24:40.566Z,185.000,10,69.000,uT1RCshO88YMpxwE,90.000,2N4uTfQs/yo3mBYi,112.000,Do8hC1pw172W9xvw,126.000,MwfJUdRQPbSNr9Io,170.000,obTLIQc2u6K1oipM,184.000,YHloJXirCx60SFnV,185.000,Nsmpq/og5cO95HwJ,202.000,Kxg/hrv/euEuhbOE,217.000,02xuA6TviChey6nJ,218.000,2iset8PVX4jSTSEH
3,117,2026-03-25T14:24:40.751Z,215.000,10,85.000,uT1RCshO88YMpxwE,107.000,2N4uTfQs/yo3mBYi,141.000,MwfJUdRQPbSNr9Io,173.000,Do8hC1pw172W9xvw,197.000,YHloJXirCx60SFnV,199.000,Nsmpq/og5cO95HwJ,215.000,Kxg/hrv/euEuhbOE,227.000,obTLIQc2u6K1oipM,240.000,02xuA6TviChey6nJ,251.000,2iset8PVX4jSTSEH
3,118,2026-03-25T14:24:40.966Z,205.000,10,87.000,uT1RCshO88YMpxwE,96.000,2N4uTfQs/yo3mBYi,124.000,Do8hC1pw172W9xvw,153.000,MwfJUdRQPbSNr9Io,190.000,obTLIQc2u6K1oipM,196.000,Kxg/hrv/euEuhbOE,205.000,2iset8PVX4jSTSEH,206.000,YHloJXirCx60SFnV,217.000,Nsmpq/og5cO95HwJ,229.000,02xuA6TviChey6nJ
3,119,2026-03-25T14:24:41.171Z,208.000,10,73.000,uT1RCshO88YMpxwE,101.000,2N4uTfQs/yo3mBYi,130.000,Do8hC1pw172W9xvw,156.000,MwfJUdRQPbSNr9Io,190.000,Kxg/hrv/euEuhbOE,203.000,Nsmpq/og5cO95HwJ,207.000,YHloJXirCx60SFnV,215.000,obTLIQc2u6K1oipM,225.000,02xuA6TviChey6nJ,245.000,2iset8PVX4jSTSEH
3,120,2026-03-25T14:24:41.379Z,189.000,10,79.000,uT1RCshO88YMpxwE,83.000,2N4uTfQs/yo3mBYi,117.000,Do8hC1pw172W9xvw,142.000,MwfJUdRQPbSNr9Io,177.000,Nsmpq/og5cO95HwJ,179.000,obTLIQc2u6K1oipM,188.000,YHloJXirCx60SFnV,190.000,Kxg/hrv/euEuhbOE,214.000,2iset8PVX4jSTSEH,224.000,02xuA6TviChey6nJ
3,121,2026-03-25T14:24:41.568Z,208.000,10,80.000,uT1RCshO88YMpxwE,98.000,2N4uTfQs/yo3mBYi,135.000,MwfJUdRQPbSNr9Io,178.000,Do8hC1pw172W9xvw,200.000,Nsmpq/og5cO95HwJ,202.000,Kxg/hrv/euEuhbOE,207.000,obTLIQc2u6K1oipM,223.000,2iset8PVX4jSTSEH,228.000,YHloJXirCx60SFnV,231.000,02xuA6TviChey6nJ
3,122,2026-03-25T14:24:41.776Z,199.000,10,66.000,uT1RCshO88YMpxwE,89.000,2N4uTfQs/yo3mBYi,116.000,Do8hC1pw172W9xvw,141.000,MwfJUdRQPbSNr9Io,166.000,obTLIQc2u6K1oipM,195.000,Nsmpq/og5cO95HwJ,199.000,YHloJXirCx60SFnV,202.000,Kxg/hrv/euEuhbOE,218.000,2iset8PVX4jSTSEH,223.000,02xuA6TviChey6nJ
3,123,2026-03-25T14:24:41.975Z,196.000,10,69.000,uT1RCshO88YMpxwE,94.000,2N4uTfQs/yo3mBYi,124.000,Do8hC1pw172W9xvw,157.000,MwfJUdRQPbSNr9Io,176.000,Kxg/hrv/euEuhbOE,188.000,YHloJXirCx60SFnV,196.000,obTLIQc2u6K1oipM,202.000,Nsmpq/og5cO95HwJ,226.000,02xuA6TviChey6nJ,227.000,2iset8PVX4jSTSEH
3,124,2026-03-25T14:24:42.171Z,217.000,10,88.000,uT1RCshO88YMpxwE,91.000,2N4uTfQs/yo3mBYi,149.000,Do8hC1pw172W9xvw,180.000,MwfJUdRQPbSNr9Io,204.000,02xuA6TviChey6nJ,205.000,obTLIQc2u6K1oipM,217.000,Kxg/hrv/euEuhbOE,223.000,YHloJXirCx60SFnV,251.000,Nsmpq/og5cO95HwJ,326.000,2iset8PVX4jSTSEH
3,125,2026-03-25T14:24:42.388Z,203.000,9,83.000,2N4uTfQs/yo3mBYi,84.000,uT1RCshO88YMpxwE,124.000,Do8hC1pw172W9xvw,142.000,MwfJUdRQPbSNr9Io,179.000,obTLIQc2u6K1oipM,201.000,YHloJXirCx60SFnV,203.000,Kxg/hrv/euEuhbOE,204.000,Nsmpq/og5cO95HwJ,230.000,02xuA6TviChey6nJ,,
3,126,2026-03-25T14:24:42.591Z,191.000,10,72.000,uT1RCshO88YMpxwE,73.000,2iset8PVX4jSTSEH,92.000,2N4uTfQs/yo3mBYi,129.000,MwfJUdRQPbSNr9Io,142.000,Do8hC1pw172W9xvw,188.000,Kxg/hrv/euEuhbOE,191.000,obTLIQc2u6K1oipM,193.000,YHloJXirCx60SFnV,203.000,02xuA6TviChey6nJ,215.000,Nsmpq/og5cO95HwJ
3,127,2026-03-25T14:24:42.782Z,194.000,10,88.000,uT1RCshO88YMpxwE,88.000,2iset8PVX4jSTSEH,89.000,2N4uTfQs/yo3mBYi,133.000,MwfJUdRQPbSNr9Io,168.000,Do8hC1pw172W9xvw,173.000,YHloJXirCx60SFnV,194.000,obTLIQc2u6K1oipM,203.000,Kxg/hrv/euEuhbOE,227.000,02xuA6TviChey6nJ,246.000,Nsmpq/og5cO95HwJ
3,128,2026-03-25T14:24:42.976Z,201.000,10,93.000,2N4uTfQs/yo3mBYi,94.000,2iset8PVX4jSTSEH,103.000,uT1RCshO88YMpxwE,122.000,Do8hC1pw172W9xvw,145.000,MwfJUdRQPbSNr9Io,188.000,obTLIQc2u6K1oipM,201.000,YHloJXirCx60SFnV,214.000,Kxg/hrv/euEuhbOE,218.000,Nsmpq/og5cO95HwJ,224.000,02xuA6TviChey6nJ
3,129,2026-03-25T14:24:43.177Z,210.000,10,87.000,uT1RCshO88YMpxwE,106.000,2N4uTfQs/yo3mBYi,108.000,2iset8PVX4jSTSEH,124.000,Do8hC1pw172W9xvw,152.000,MwfJUdRQPbSNr9Io,201.000,obTLIQc2u6K1oipM,210.000,Kxg/hrv/euEuhbOE,216.000,YHloJXirCx60SFnV,229.000,Nsmpq/og5cO95HwJ,237.000,02xuA6TviChey6nJ
3,130,2026-03-25T14:24:43.387Z,183.000,10,92.000,uT1RCshO88YMpxwE,94.000,2N4uTfQs/yo3mBYi,117.000,2iset8PVX4jSTSEH,124.000,Do8hC1pw172W9xvw,136.000,MwfJUdRQPbSNr9Io,174.000,obTLIQc2u6K1oipM,183.000,Kxg/hrv/euEuhbOE,203.000,YHloJXirCx60SFnV,223.000,02xuA6TviChey6nJ,234.000,Nsmpq/og5cO95HwJ
3,131,2026-03-25T14:24:43.570Z,212.000,10,111.000,uT1RCshO88YMpxwE,116.000,2iset8PVX4jSTSEH,125.000,2N4uTfQs/yo3mBYi,146.000,Do8hC1pw172W9xvw,166.000,MwfJUdRQPbSNr9Io,196.000,obTLIQc2u6K1oipM,212.000,YHloJXirCx60SFnV,218.000,02xuA6TviChey6nJ,228.000,Kxg/hrv/euEuhbOE,241.000,Nsmpq/og5cO95HwJ
3,132,2026-03-25T14:24:43.782Z,208.000,10,100.000,uT1RCshO88YMpxwE,111.000,2N4uTfQs/yo3mBYi,118.000,2iset8PVX4jSTSEH,141.000,Do8hC1pw172W9xvw,163.000,MwfJUdRQPbSNr9Io,196.000,02xuA6TviChey6nJ,208.000,obTLIQc2u6K1oipM,209.000,YHloJXirCx60SFnV,213.000,Nsmpq/og5cO95HwJ,221.000,Kxg/hrv/euEuhbOE
3,133,2026-03-25T14:24:43.990Z,200.000,10,86.000,2N4uTfQs/yo3mBYi,93.000,uT1RCshO88YMpxwE,96.000,2iset8PVX4jSTSEH,120.000,Do8hC1pw172W9xvw,141.000,MwfJUdRQPbSNr9Io,199.000,YHloJXirCx60SFnV,200.000,obTLIQc2u6K1oipM,201.000,Kxg/hrv/euEuhbOE,225.000,02xuA6TviChey6nJ,238.000,Nsmpq/og5cO95HwJ
3,134,2026-03-25T14:24:44.190Z,205.000,10,88.000,2N4uTfQs/yo3mBYi,104.000,2iset8PVX4jSTSEH,106.000,uT1RCshO88YMpxwE,113.000,Do8hC1pw172W9xvw,158.000,MwfJUdRQPbSNr9Io,201.000,obTLIQc2u6K1oipM,205.000,Kxg/hrv/euEuhbOE,209.000,YHloJXirCx60SFnV,238.000,Nsmpq/og5cO95HwJ,313.000,02xuA6TviChey6nJ
3,135,2026-03-25T14:24:44.395Z,188.000,9,89.000,2N4uTfQs/yo3mBYi,96.000,uT1RCshO88YMpxwE,98.000,2iset8PVX4jSTSEH,120.000,Do8hC1pw172W9xvw,148.000,MwfJUdRQPbSNr9Io,165.000,obTLIQc2u6K1oipM,188.000,Kxg/hrv/euEuhbOE,193.000,YHloJXirCx60SFnV,239.000,Nsmpq/og5cO95HwJ,,
3,136,2026-03-25T14:24:44.583Z,200.000,10,101.000,2N4uTfQs/yo3mBYi,105.000,02xuA6TviChey6nJ,114.000,2iset8PVX4jSTSEH,117.000,uT1RCshO88YMpxwE,162.000,MwfJUdRQPbSNr9Io,167.000,Do8hC1pw172W9xvw,200.000,YHloJXirCx60SFnV,204.000,Kxg/hrv/euEuhbOE,207.000,obTLIQc2u6K1oipM,247.000,Nsmpq/og5cO95HwJ
3,137,2026-03-25T14:24:44.783Z,211.000,10,98.000,2N4uTfQs/yo3mBYi,104.000,02xuA6TviChey6nJ,111.000,2iset8PVX4jSTSEH,113.000,uT1RCshO88YMpxwE,124.000,Do8hC1pw172W9xvw,163.000,MwfJUdRQPbSNr9Io,211.000,obTLIQc2u6K1oipM,212.000,YHloJXirCx60SFnV,219.000,Kxg/hrv/euEuhbOE,257.000,Nsmpq/og5cO95HwJ
3,138,2026-03-25T14:24:44.994Z,186.000,10,103.000,2iset8PVX4jSTSEH,116.000,uT1RCshO88YMpxwE,118.000,2N4uTfQs/yo3mBYi,123.000,Do8hC1pw172W9xvw,146.000,02xuA6TviChey6nJ,158.000,MwfJUdRQPbSNr9Io,185.000,obTLIQc2u6K1oipM,191.000,YHloJXirCx60SFnV,205.000,Kxg/hrv/euEuhbOE,235.000,Nsmpq/og5cO95HwJ
3,139,2026-03-25T14:24:45.180Z,194.000,10,92.000,02xuA6TviChey6nJ,105.000,2N4uTfQs/yo3mBYi,113.000,2iset8PVX4jSTSEH,119.000,uT1RCshO88YMpxwE,143.000,Do8hC1pw172W9xvw,159.000,MwfJUdRQPbSNr9Io,194.000,obTLIQc2u6K1oipM,206.000,Kxg/hrv/euEuhbOE,214.000,YHloJXirCx60SFnV,224.000,Nsmpq/og5cO95HwJ
3,140,2026-03-25T14:24:45.374Z,215.000,10,102.000,02xuA6TviChey6nJ,128.000,2N4uTfQs/yo3mBYi,132.000,2iset8PVX4jSTSEH,135.000,uT1RCshO88YMpxwE,143.000,Do8hC1pw172W9xvw,177.000,MwfJUdRQPbSNr9Io,215.000,YHloJXirCx60SFnV,216.000,obTLIQc2u6K1oipM,224.000,Kxg/hrv/euEuhbOE,261.000,Nsmpq/og5cO95HwJ
3,141,2026-03-25T14:24:45.589Z,199.000,10,106.000,2N4uTfQs/yo3mBYi,109.000,02xuA6TviChey6nJ,112.000,2iset8PVX4jSTSEH,118.000,uT1RCshO88YMpxwE,138.000,Do8hC1pw172W9xvw,164.000,MwfJUdRQPbSNr9Io,199.000,obTLIQc2u6K1oipM,207.000,YHloJXirCx60SFnV,219.000,Kxg/hrv/euEuhbOE,229.000,Nsmpq/og5cO95HwJ
3,142,2026-03-25T14:24:45.788Z,207.000,10,93.000,02xuA6TviChey6nJ,119.000,2iset8PVX4jSTSEH,124.000,2N4uTfQs/yo3mBYi,130.000,uT1RCshO88YMpxwE,134.000,Do8hC1pw172W9xvw,171.000,MwfJUdRQPbSNr9Io,207.000,Kxg/hrv/euEuhbOE,207.000,YHloJXirCx60SFnV,212.000,obTLIQc2u6K1oipM,264.000,Nsmpq/og5cO95HwJ
3,143,2026-03-25T14:24:45.995Z,171.000,9,102.000,2iset8PVX4jSTSEH,105.000,02xuA6TviChey6nJ,110.000,uT1RCshO88YMpxwE,119.000,2N4uTfQs/yo3mBYi,133.000,Do8hC1pw172W9xvw,151.000,MwfJUdRQPbSNr9Io,171.000,obTLIQc2u6K1oipM,191.000,YHloJXirCx60SFnV,209.000,Kxg/hrv/euEuhbOE,,
3,144,2026-03-25T14:24:46.166Z,202.000,10,89.000,Nsmpq/og5cO95HwJ,132.000,2N4uTfQs/yo3mBYi,140.000,02xuA6TviChey6nJ,142.000,2iset8PVX4jSTSEH,146.000,uT1RCshO88YMpxwE,172.000,Do8hC1pw172W9xvw,201.000,MwfJUdRQPbSNr9Io,228.000,obTLIQc2u6K1oipM,236.000,YHloJXirCx60SFnV,248.000,Kxg/hrv/euEuhbOE
3,145,2026-03-25T14:24:46.368Z,212.000,10,69.000,Nsmpq/og5cO95HwJ,126.000,02xuA6TviChey6nJ,134.000,2N4uTfQs/yo3mBYi,141.000,2iset8PVX4jSTSEH,148.000,uT1RCshO88YMpxwE,190.000,MwfJUdRQPbSNr9Io,211.000,Do8hC1pw172W9xvw,220.000,obTLIQc2u6K1oipM,247.000,Kxg/hrv/euEuhbOE,265.000,YHloJXirCx60SFnV
3,146,2026-03-25T14:24:46.580Z,215.000,10,121.000,Nsmpq/og5cO95HwJ,123.000,uT1RCshO88YMpxwE,125.000,2N4uTfQs/yo3mBYi,137.000,2iset8PVX4jSTSEH,139.000,02xuA6TviChey6nJ,181.000,MwfJUdRQPbSNr9Io,215.000,YHloJXirCx60SFnV,224.000,Do8hC1pw172W9xvw,226.000,Kxg/hrv/euEuhbOE,234.000,obTLIQc2u6K1oipM
3,147,2026-03-25T14:24:46.795Z,212.000,10,68.000,Nsmpq/og5cO95HwJ,81.000,02xuA6TviChey6nJ,106.000,2N4uTfQs/yo3mBYi,113.000,2iset8PVX4jSTSEH,133.000,uT1RCshO88YMpxwE,171.000,MwfJUdRQPbSNr9Io,212.000,Do8hC1pw172W9xvw,217.000,Kxg/hrv/euEuhbOE,218.000,YHloJXirCx60SFnV,295.000,obTLIQc2u6K1oipM
3,148,2026-03-25T14:24:47.007Z,184.000,10,59.000,Nsmpq/og5cO95HwJ,96.000,2iset8PVX4jSTSEH,106.000,2N4uTfQs/yo3mBYi,106.000,uT1RCshO88YMpxwE,115.000,02xuA6TviChey6nJ,157.000,MwfJUdRQPbSNr9Io,184.000,Do8hC1pw172W9xvw,189.000,YHloJXirCx60SFnV,203.000,obTLIQc2u6K1oipM,210.000,Kxg/hrv/euEuhbOE
3,149,2026-03-25T14:24:47.191Z,187.000,10,85.000,Nsmpq/og5cO95HwJ,90.000,02xuA6TviChey6nJ,102.000,2N4uTfQs/yo3mBYi,112.000,2iset8PVX4jSTSEH,120.000,uT1RCshO88YMpxwE,167.000,MwfJUdRQPbSNr9Io,187.000,Kxg/hrv/euEuhbOE,199.000,Do8hC1pw172W9xvw,210.000,YHloJXirCx60SFnV,211.000,obTLIQc2u6K1oipM
3,150,2026-03-25T14:24:47.378Z,224.000,10,87.000,Nsmpq/og5cO95HwJ,134.000,2iset8PVX4jSTSEH,136.000,02xuA6TviChey6nJ,140.000,uT1RCshO88YMpxwE,142.000,2N4uTfQs/yo3mBYi,188.000,MwfJUdRQPbSNr9Io,224.000,Kxg/hrv/euEuhbOE,227.000,YHloJXirCx60SFnV,233.000,Do8hC1pw172W9xvw,236.000,obTLIQc2u6K1oipM
3,151,2026-03-25T14:24:47.602Z,193.000,10,63.000,Nsmpq/og5cO95HwJ,91.000,02xuA6TviChey6nJ,109.000,2N4uTfQs/yo3mBYi,115.000,2iset8PVX4jSTSEH,126.000,uT1RCshO88YMpxwE,192.000,Do8hC1pw172W9xvw,193.000,MwfJUdRQPbSNr9Io,233.000,YHloJXirCx60SFnV,270.000,obTLIQc2u6K1oipM,246.000,Kxg/hrv/euEuhbOE
3,152,2026-03-25T14:24:47.795Z,202.000,10,81.000,Nsmpq/og5cO95HwJ,107.000,02xuA6TviChey6nJ,111.000,2iset8PVX4jSTSEH,125.000,2N4uTfQs/yo3mBYi,131.000,uT1RCshO88YMpxwE,175.000,MwfJUdRQPbSNr9Io,202.000,Do8hC1pw172W9xvw,216.000,obTLIQc2u6K1oipM,218.000,Kxg/hrv/euEuhbOE,228.000,YHloJXirCx60SFnV
3,153,2026-03-25T14:24:47.997Z,209.000,10,102.000,02xuA6TviChey6nJ,112.000,2iset8PVX4jSTSEH,115.000,Nsmpq/og5cO95HwJ,117.000,2N4uTfQs/yo3mBYi,135.000,uT1RCshO88YMpxwE,168.000,MwfJUdRQPbSNr9Io,209.000,Do8hC1pw172W9xvw,211.000,Kxg/hrv/euEuhbOE,212.000,obTLIQc2u6K1oipM,216.000,YHloJXirCx60SFnV
3,154,2026-03-25T14:24:48.206Z,200.000,10,89.000,Nsmpq/og5cO95HwJ,99.000,02xuA6TviChey6nJ,101.000,2N4uTfQs/yo3mBYi,122.000,uT1RCshO88YMpxwE,129.000,2iset8PVX4jSTSEH,159.000,MwfJUdRQPbSNr9Io,200.000,obTLIQc2u6K1oipM,205.000,Do8hC1pw172W9xvw,213.000,YHloJXirCx60SFnV,214.000,Kxg/hrv/euEuhbOE
3,155,2026-03-25T14:24:48.406Z,209.000,10,81.000,Nsmpq/og5cO95HwJ,96.000,02xuA6TviChey6nJ,103.000,2N4uTfQs/yo3mBYi,120.000,2iset8PVX4jSTSEH,135.000,uT1RCshO88YMpxwE,165.000,MwfJUdRQPbSNr9Io,209.000,YHloJXirCx60SFnV,210.000,obTLIQc2u6K1oipM,215.000,Do8hC1pw172W9xvw,218.000,Kxg/hrv/euEuhbOE
3,156,2026-03-25T14:24:48.615Z,186.000,10,76.000,Nsmpq/og5cO95HwJ,95.000,02xuA6TviChey6nJ,104.000,2iset8PVX4jSTSEH,106.000,2N4uTfQs/yo3mBYi,123.000,uT1RCshO88YMpxwE,153.000,MwfJUdRQPbSNr9Io,186.000,Do8hC1pw172W9xvw,193.000,Kxg/hrv/euEuhbOE,203.000,YHloJXirCx60SFnV,253.000,obTLIQc2u6K1oipM
3,157,2026-03-25T14:24:48.801Z,191.000,10,105.000,02xuA6TviChey6nJ,112.000,2iset8PVX4jSTSEH,114.000,Nsmpq/og5cO95HwJ,117.000,2N4uTfQs/yo3mBYi,129.000,uT1RCshO88YMpxwE,162.000,MwfJUdRQPbSNr9Io,191.000,Kxg/hrv/euEuhbOE,203.000,YHloJXirCx60SFnV,220.000,Do8hC1pw172W9xvw,247.000,obTLIQc2u6K1oipM
3,158,2026-03-25T14:24:48.992Z,215.000,10,103.000,Nsmpq/og5cO95HwJ,115.000,2N4uTfQs/yo3mBYi,119.000,02xuA6TviChey6nJ,124.000,2iset8PVX4jSTSEH,149.000,uT1RCshO88YMpxwE,173.000,MwfJUdRQPbSNr9Io,215.000,Do8hC1pw172W9xvw,216.000,Kxg/hrv/euEuhbOE,225.000,YHloJXirCx60SFnV,254.000,obTLIQc2u6K1oipM
3,159,2026-03-25T14:24:49.207Z,204.000,10,92.000,02xuA6TviChey6nJ,104.000,Nsmpq/og5cO95HwJ,160.000,2iset8PVX4jSTSEH,161.000,2N4uTfQs/yo3mBYi,164.000,uT1RCshO88YMpxwE,167.000,MwfJUdRQPbSNr9Io,204.000,Kxg/hrv/euEuhbOE,215.000,YHloJXirCx60SFnV,217.000,Do8hC1pw172W9xvw,233.000,obTLIQc2u6K1oipM
3,160,2026-03-25T14:24:49.411Z,200.000,10,92.000,Nsmpq/og5cO95HwJ,110.000,2iset8PVX4jSTSEH,112.000,02xuA6TviChey6nJ,118.000,2N4uTfQs/yo3mBYi,126.000,uT1RCshO88YMpxwE,164.000,MwfJUdRQPbSNr9Io,199.000,Do8hC1pw172W9xvw,208.000,Kxg/hrv/euEuhbOE,211.000,YHloJXirCx60SFnV,233.000,obTLIQc2u6K1oipM
3,161,2026-03-25T14:24:49.611Z,212.000,10,89.000,Nsmpq/og5cO95HwJ,113.000,2N4uTfQs/yo3mBYi,121.000,2iset8PVX4jSTSEH,133.000,uT1RCshO88YMpxwE,166.000,MwfJUdRQPbSNr9Io,195.000,Do8hC1pw172W9xvw,211.000,02xuA6TviChey6nJ,217.000,Kxg/hrv/euEuhbOE,218.000,YHloJXirCx60SFnV,262.000,obTLIQc2u6K1oipM
3,162,2026-03-25T14:24:49.823Z,189.000,10,94.000,Nsmpq/og5cO95HwJ,101.000,2N4uTfQs/yo3mBYi,108.000,2iset8PVX4jSTSEH,123.000,uT1RCshO88YMpxwE,127.000,02xuA6TviChey6nJ,149.000,MwfJUdRQPbSNr9Io,189.000,Do8hC1pw172W9xvw,204.000,Kxg/hrv/euEuhbOE,207.000,YHloJXirCx60SFnV,234.000,obTLIQc2u6K1oipM
3,163,2026-03-25T14:24:50.012Z,210.000,10,111.000,2iset8PVX4jSTSEH,114.000,02xuA6TviChey6nJ,116.000,Nsmpq/og5cO95HwJ,137.000,uT1RCshO88YMpxwE,158.000,2N4uTfQs/yo3mBYi,166.000,MwfJUdRQPbSNr9Io,210.000,YHloJXirCx60SFnV,211.000,Do8hC1pw172W9xvw,241.000,Kxg/hrv/euEuhbOE,249.000,obTLIQc2u6K1oipM
3,164,2026-03-25T14:24:50.222Z,187.000,10,77.000,Nsmpq/og5cO95HwJ,93.000,02xuA6TviChey6nJ,110.000,2iset8PVX4jSTSEH,125.000,uT1RCshO88YMpxwE,135.000,2N4uTfQs/yo3mBYi,163.000,MwfJUdRQPbSNr9Io,187.000,Do8hC1pw172W9xvw,200.000,Kxg/hrv/euEuhbOE,225.000,YHloJXirCx60SFnV,228.000,obTLIQc2u6K1oipM
3,165,2026-03-25T14:24:50.409Z,207.000,10,103.000,Nsmpq/og5cO95HwJ,116.000,02xuA6TviChey6nJ,120.000,2iset8PVX4jSTSEH,125.000,uT1RCshO88YMpxwE,159.000,2N4uTfQs/yo3mBYi,171.000,MwfJUdRQPbSNr9Io,207.000,YHloJXirCx60SFnV,212.000,Kxg/hrv/euEuhbOE,244.000,obTLIQc2u6K1oipM,245.000,Do8hC1pw172W9xvw
3,166,2026-03-25T14:24:50.616Z,218.000,10,85.000,Nsmpq/og5cO95HwJ,101.000,02xuA6TviChey6nJ,115.000,2iset8PVX4jSTSEH,125.000,uT1RCshO88YMpxwE,163.000,MwfJUdRQPbSNr9Io,215.000,2N4uTfQs/yo3mBYi,218.000,Do8hC1pw172W9xvw,227.000,Kxg/hrv/euEuhbOE,239.000,YHloJXirCx60SFnV,242.000,obTLIQc2u6K1oipM
3,167,2026-03-25T14:24:50.834Z,180.000,10,87.000,02xuA6TviChey6nJ,93.000,Nsmpq/og5cO95HwJ,119.000,uT1RCshO88YMpxwE,126.000,2iset8PVX4jSTSEH,144.000,2N4uTfQs/yo3mBYi,162.000,MwfJUdRQPbSNr9Io,180.000,Do8hC1pw172W9xvw,206.000,Kxg/hrv/euEuhbOE,210.000,YHloJXirCx60SFnV,238.000,obTLIQc2u6K1oipM
3,168,2026-03-25T14:24:51.014Z,209.000,10,97.000,Nsmpq/og5cO95HwJ,109.000,02xuA6TviChey6nJ,121.000,2iset8PVX4jSTSEH,127.000,uT1RCshO88YMpxwE,163.000,MwfJUdRQPbSNr9Io,181.000,2N4uTfQs/yo3mBYi,209.000,Do8hC1pw172W9xvw,212.000,YHloJXirCx60SFnV,218.000,Kxg/hrv/euEuhbOE,226.000,obTLIQc2u6K1oipM
3,169,2026-03-25T14:24:51.223Z,207.000,10,78.000,Nsmpq/og5cO95HwJ,97.000,02xuA6TviChey6nJ,103.000,2iset8PVX4jSTSEH,123.000,uT1RCshO88YMpxwE,135.000,2N4uTfQs/yo3mBYi,166.000,MwfJUdRQPbSNr9Io,207.000,Kxg/hrv/euEuhbOE,210.000,YHloJXirCx60SFnV,220.000,Do8hC1pw172W9xvw,243.000,obTLIQc2u6K1oipM
3,170,2026-03-25T14:24:51.430Z,183.000,10,76.000,Nsmpq/og5cO95HwJ,89.000,02xuA6TviChey6nJ,99.000,2iset8PVX4jSTSEH,104.000,uT1RCshO88YMpxwE,139.000,2N4uTfQs/yo3mBYi,150.000,MwfJUdRQPbSNr9Io,183.000,Do8hC1pw172W9xvw,197.000,Kxg/hrv/euEuhbOE,211.000,YHloJXirCx60SFnV,223.000,obTLIQc2u6K1oipM
3,171,2026-03-25T14:24:51.613Z,203.000,10,99.000,Nsmpq/og5cO95HwJ,110.000,02xuA6TviChey6nJ,126.000,2iset8PVX4jSTSEH,147.000,uT1RCshO88YMpxwE,154.000,MwfJUdRQPbSNr9Io,165.000,2N4uTfQs/yo3mBYi,203.000,Kxg/hrv/euEuhbOE,204.000,Do8hC1pw172W9xvw,225.000,YHloJXirCx60SFnV,246.000,obTLIQc2u6K1oipM
3,172,2026-03-25T14:24:51.816Z,196.000,10,90.000,Nsmpq/og5cO95HwJ,112.000,02xuA6TviChey6nJ,115.000,2iset8PVX4jSTSEH,144.000,uT1RCshO88YMpxwE,152.000,MwfJUdRQPbSNr9Io,184.000,2N4uTfQs/yo3mBYi,196.000,Kxg/hrv/euEuhbOE,221.000,Do8hC1pw172W9xvw,242.000,obTLIQc2u6K1oipM,248.000,YHloJXirCx60SFnV
3,173,2026-03-25T14:24:52.012Z,220.000,10,102.000,Nsmpq/og5cO95HwJ,112.000,02xuA6TviChey6nJ,121.000,2iset8PVX4jSTSEH,150.000,uT1RCshO88YMpxwE,168.000,MwfJUdRQPbSNr9Io,199.000,2N4uTfQs/yo3mBYi,220.000,Do8hC1pw172W9xvw,230.000,YHloJXirCx60SFnV,241.000,obTLIQc2u6K1oipM,352.000,Kxg/hrv/euEuhbOE
3,174,2026-03-25T14:24:52.232Z,203.000,10,80.000,Nsmpq/og5cO95HwJ,88.000,02xuA6TviChey6nJ,112.000,2iset8PVX4jSTSEH,121.000,uT1RCshO88YMpxwE,144.000,MwfJUdRQPbSNr9Io,176.000,2N4uTfQs/yo3mBYi,202.000,Do8hC1pw172W9xvw,213.000,Kxg/hrv/euEuhbOE,217.000,YHloJXirCx60SFnV,227.000,obTLIQc2u6K1oipM
3,175,2026-03-25T14:24:52.435Z,198.000,10,87.000,Nsmpq/og5cO95HwJ,100.000,02xuA6TviChey6nJ,116.000,2iset8PVX4jSTSEH,120.000,uT1RCshO88YMpxwE,130.000,2N4uTfQs/yo3mBYi,154.000,MwfJUdRQPbSNr9Io,198.000,Do8hC1pw172W9xvw,200.000,YHloJXirCx60SFnV,214.000,Kxg/hrv/euEuhbOE,247.000,obTLIQc2u6K1oipM
3,176,2026-03-25T14:24:52.633Z,198.000,10,96.000,Nsmpq/og5cO95HwJ,102.000,02xuA6TviChey6nJ,108.000,2iset8PVX4jSTSEH,116.000,uT1RCshO88YMpxwE,139.000,MwfJUdRQPbSNr9Io,163.000,2N4uTfQs/yo3mBYi,198.000,Kxg/hrv/euEuhbOE,209.000,Do8hC1pw172W9xvw,212.000,YHloJXirCx60SFnV,232.000,obTLIQc2u6K1oipM
3,177,2026-03-25T14:24:52.831Z,194.000,10,89.000,Nsmpq/og5cO95HwJ,111.000,02xuA6TviChey6nJ,117.000,2iset8PVX4jSTSEH,135.000,uT1RCshO88YMpxwE,157.000,2N4uTfQs/yo3mBYi,161.000,MwfJUdRQPbSNr9Io,194.000,Do8hC1pw172W9xvw,221.000,Kxg/hrv/euEuhbOE,237.000,obTLIQc2u6K1oipM,243.000,YHloJXirCx60SFnV
3,178,2026-03-25T14:24:53.025Z,229.000,10,120.000,2iset8PVX4jSTSEH,122.000,02xuA6TviChey6nJ,124.000,Nsmpq/og5cO95HwJ,143.000,uT1RCshO88YMpxwE,147.000,2N4uTfQs/yo3mBYi,182.000,MwfJUdRQPbSNr9Io,229.000,Do8hC1pw172W9xvw,247.000,YHloJXirCx60SFnV,258.000,Kxg/hrv/euEuhbOE,365.000,obTLIQc2u6K1oipM
3,179,2026-03-25T14:24:53.254Z,190.000,10,85.000,02xuA6TviChey6nJ,102.000,uT1RCshO88YMpxwE,103.000,2iset8PVX4jSTSEH,110.000,Nsmpq/og5cO95HwJ,141.000,MwfJUdRQPbSNr9Io,165.000,2N4uTfQs/yo3mBYi,190.000,Do8hC1pw172W9xvw,196.000,YHloJXirCx60SFnV,198.000,Kxg/hrv/euEuhbOE,222.000,obTLIQc2u6K1oipM
3,180,2026-03-25T14:24:53.444Z,198.000,10,82.000,02xuA6TviChey6nJ,101.000,2iset8PVX4jSTSEH,119.000,Nsmpq/og5cO95HwJ,137.000,MwfJUdRQPbSNr9Io,162.000,2N4uTfQs/yo3mBYi,189.000,Do8hC1pw172W9xvw,198.000,uT1RCshO88YMpxwE,207.000,Kxg/hrv/euEuhbOE,223.000,obTLIQc2u6K1oipM,227.000,YHloJXirCx60SFnV
3,181,2026-03-25T14:24:53.642Z,205.000,10,105.000,02xuA6TviChey6nJ,111.000,Nsmpq/og5cO95HwJ,117.000,2iset8PVX4jSTSEH,124.000,2N4uTfQs/yo3mBYi,160.000,MwfJUdRQPbSNr9Io,202.000,Kxg/hrv/euEuhbOE,205.000,Do8hC1pw172W9xvw,211.000,uT1RCshO88YMpxwE,239.000,YHloJXirCx60SFnV,240.000,obTLIQc2u6K1oipM
3,182,2026-03-25T14:24:53.847Z,210.000,10,87.000,02xuA6TviChey6nJ,101.000,Nsmpq/og5cO95HwJ,103.000,2iset8PVX4jSTSEH,137.000,2N4uTfQs/yo3mBYi,151.000,MwfJUdRQPbSNr9Io,201.000,uT1RCshO88YMpxwE,210.000,YHloJXirCx60SFnV,219.000,Kxg/hrv/euEuhbOE,225.000,obTLIQc2u6K1oipM,226.000,Do8hC1pw172W9xvw
3,183,2026-03-25T14:24:54.057Z,196.000,10,95.000,2iset8PVX4jSTSEH,97.000,02xuA6TviChey6nJ,103.000,Nsmpq/og5cO95HwJ,133.000,MwfJUdRQPbSNr9Io,161.000,2N4uTfQs/yo3mBYi,185.000,Kxg/hrv/euEuhbOE,196.000,Do8hC1pw172W9xvw,213.000,uT1RCshO88YMpxwE,214.000,YHloJXirCx60SFnV,337.000,obTLIQc2u6K1oipM
3,184,2026-03-25T14:24:54.253Z,215.000,10,105.000,02xuA6TviChey6nJ,109.000,Nsmpq/og5cO95HwJ,110.000,2iset8PVX4jSTSEH,157.000,MwfJUdRQPbSNr9Io,179.000,2N4uTfQs/yo3mBYi,184.000,Do8hC1pw172W9xvw,215.000,YHloJXirCx60SFnV,219.000,uT1RCshO88YMpxwE,235.000,Kxg/hrv/euEuhbOE,282.000,obTLIQc2u6K1oipM
3,185,2026-03-25T14:24:54.468Z,176.000,10,83.000,2iset8PVX4jSTSEH,85.000,02xuA6TviChey6nJ,90.000,Nsmpq/og5cO95HwJ,129.000,MwfJUdRQPbSNr9Io,142.000,2N4uTfQs/yo3mBYi,167.000,Do8hC1pw172W9xvw,176.000,uT1RCshO88YMpxwE,192.000,YHloJXirCx60SFnV,193.000,Kxg/hrv/euEuhbOE,241.000,obTLIQc2u6K1oipM
3,186,2026-03-25T14:24:54.644Z,214.000,10,102.000,2iset8PVX4jSTSEH,113.000,Nsmpq/og5cO95HwJ,127.000,02xuA6TviChey6nJ,136.000,2N4uTfQs/yo3mBYi,156.000,MwfJUdRQPbSNr9Io,209.000,Do8hC1pw172W9xvw,214.000,YHloJXirCx60SFnV,224.000,uT1RCshO88YMpxwE,225.000,Kxg/hrv/euEuhbOE,257.000,obTLIQc2u6K1oipM
3,187,2026-03-25T14:24:54.858Z,199.000,10,95.000,02xuA6TviChey6nJ,97.000,2iset8PVX4jSTSEH,108.000,Nsmpq/og5cO95HwJ,110.000,2N4uTfQs/yo3mBYi,143.000,MwfJUdRQPbSNr9Io,181.000,Do8hC1pw172W9xvw,198.000,uT1RCshO88YMpxwE,216.000,Kxg/hrv/euEuhbOE,246.000,obTLIQc2u6K1oipM,351.000,YHloJXirCx60SFnV
3,188,2026-03-25T14:24:55.057Z,203.000,10,95.000,2iset8PVX4jSTSEH,103.000,Nsmpq/og5cO95HwJ,108.000,02xuA6TviChey6nJ,131.000,2N4uTfQs/yo3mBYi,142.000,MwfJUdRQPbSNr9Io,181.000,Do8hC1pw172W9xvw,203.000,uT1RCshO88YMpxwE,232.000,obTLIQc2u6K1oipM,240.000,Kxg/hrv/euEuhbOE,298.000,YHloJXirCx60SFnV
3,189,2026-03-25T14:24:55.260Z,193.000,10,99.000,Nsmpq/og5cO95HwJ,100.000,02xuA6TviChey6nJ,103.000,2iset8PVX4jSTSEH,124.000,2N4uTfQs/yo3mBYi,139.000,MwfJUdRQPbSNr9Io,181.000,Do8hC1pw172W9xvw,192.000,Kxg/hrv/euEuhbOE,195.000,uT1RCshO88YMpxwE,220.000,obTLIQc2u6K1oipM,255.000,YHloJXirCx60SFnV
3,190,2026-03-25T14:24:55.453Z,230.000,10,100.000,Nsmpq/og5cO95HwJ,119.000,2iset8PVX4jSTSEH,123.000,02xuA6TviChey6nJ,140.000,MwfJUdRQPbSNr9Io,170.000,2N4uTfQs/yo3mBYi,206.000,Do8hC1pw172W9xvw,230.000,Kxg/hrv/euEuhbOE,246.000,obTLIQc2u6K1oipM,249.000,uT1RCshO88YMpxwE,291.000,YHloJXirCx60SFnV
3,191,2026-03-25T14:24:55.683Z,196.000,10,79.000,2iset8PVX4jSTSEH,95.000,02xuA6TviChey6nJ,112.000,Nsmpq/og5cO95HwJ,113.000,2N4uTfQs/yo3mBYi,138.000,MwfJUdRQPbSNr9Io,171.000,Do8hC1pw172W9xvw,196.000,uT1RCshO88YMpxwE,208.000,obTLIQc2u6K1oipM,241.000,YHloJXirCx60SFnV,261.000,Kxg/hrv/euEuhbOE
3,192,2026-03-25T14:24:55.879Z,197.000,10,91.000,02xuA6TviChey6nJ,97.000,2iset8PVX4jSTSEH,100.000,Nsmpq/og5cO95HwJ,109.000,2N4uTfQs/yo3mBYi,135.000,MwfJUdRQPbSNr9Io,180.000,Do8hC1pw172W9xvw,197.000,uT1RCshO88YMpxwE,207.000,obTLIQc2u6K1oipM,232.000,YHloJXirCx60SFnV,260.000,Kxg/hrv/euEuhbOE
3,193,2026-03-25T14:24:56.076Z,191.000,10,88.000,Nsmpq/og5cO95HwJ,88.000,2iset8PVX4jSTSEH,89.000,02xuA6TviChey6nJ,130.000,MwfJUdRQPbSNr9Io,138.000,2N4uTfQs/yo3mBYi,174.000,Do8hC1pw172W9xvw,191.000,uT1RCshO88YMpxwE,208.000,obTLIQc2u6K1oipM,217.000,YHloJXirCx60SFnV,247.000,Kxg/hrv/euEuhbOE
3,194,2026-03-25T14:24:56.267Z,199.000,10,105.000,2iset8PVX4jSTSEH,109.000,Nsmpq/og5cO95HwJ,115.000,02xuA6TviChey6nJ,117.000,2N4uTfQs/yo3mBYi,142.000,MwfJUdRQPbSNr9Io,186.000,uT1RCshO88YMpxwE,199.000,Do8hC1pw172W9xvw,224.000,obTLIQc2u6K1oipM,226.000,YHloJXirCx60SFnV,255.000,Kxg/hrv/euEuhbOE
3,195,2026-03-25T14:24:56.466Z,237.000,10,99.000,2iset8PVX4jSTSEH,101.000,Nsmpq/og5cO95HwJ,122.000,02xuA6TviChey6nJ,135.000,MwfJUdRQPbSNr9Io,160.000,2N4uTfQs/yo3mBYi,215.000,uT1RCshO88YMpxwE,236.000,obTLIQc2u6K1oipM,254.000,Kxg/hrv/euEuhbOE,257.000,YHloJXirCx60SFnV,284.000,Do8hC1pw172W9xvw
3,196,2026-03-25T14:24:56.703Z,172.000,10,72.000,Nsmpq/og5cO95HwJ,73.000,02xuA6TviChey6nJ,84.000,2iset8PVX4jSTSEH,105.000,MwfJUdRQPbSNr9Io,131.000,2N4uTfQs/yo3mBYi,166.000,YHloJXirCx60SFnV,171.000,uT1RCshO88YMpxwE,193.000,obTLIQc2u6K1oipM,217.000,Do8hC1pw172W9xvw,232.000,Kxg/hrv/euEuhbOE
3,197,2026-03-25T14:24:56.875Z,205.000,10,102.000,02xuA6TviChey6nJ,111.000,Nsmpq/og5cO95HwJ,124.000,2iset8PVX4jSTSEH,132.000,MwfJUdRQPbSNr9Io,133.000,2N4uTfQs/yo3mBYi,191.000,uT1RCshO88YMpxwE,205.000,obTLIQc2u6K1oipM,219.000,YHloJXirCx60SFnV,245.000,Kxg/hrv/euEuhbOE,255.000,Do8hC1pw172W9xvw
3,198,2026-03-25T14:24:57.080Z,210.000,10,91.000,Nsmpq/og5cO95HwJ,122.000,02xuA6TviChey6nJ,124.000,2N4uTfQs/yo3mBYi,128.000,MwfJUdRQPbSNr9Io,176.000,2iset8PVX4jSTSEH,184.000,uT1RCshO88YMpxwE,210.000,obTLIQc2u6K1oipM,227.000,YHloJXirCx60SFnV,240.000,Do8hC1pw172W9xvw,267.000,Kxg/hrv/euEuhbOE
3,199,2026-03-25T14:24:57.290Z,199.000,10,99.000,02xuA6TviChey6nJ,104.000,Nsmpq/og5cO95HwJ,105.000,MwfJUdRQPbSNr9Io,163.000,YHloJXirCx60SFnV,165.000,2N4uTfQs/yo3mBYi,167.000,2iset8PVX4jSTSEH,199.000,uT1RCshO88YMpxwE,211.000,obTLIQc2u6K1oipM,243.000,Do8hC1pw172W9xvw,247.000,Kxg/hrv/euEuhbOE
3,200,2026-03-25T14:24:57.489Z,225.000,10,87.000,Nsmpq/og5cO95HwJ,88.000,02xuA6TviChey6nJ,111.000,MwfJUdRQPbSNr9Io,127.000,2N4uTfQs/yo3mBYi,141.000,YHloJXirCx60SFnV,155.000,2iset8PVX4jSTSEH,225.000,obTLIQc2u6K1oipM,239.000,uT1RCshO88YMpxwE,246.000,Kxg/hrv/euEuhbOE,258.000,Do8hC1pw172W9xvw
3,201,2026-03-25T14:24:57.714Z,155.000,10,60.000,Nsmpq/og5cO95HwJ,85.000,MwfJUdRQPbSNr9Io,88.000,02xuA6TviChey6nJ,111.000,YHloJXirCx60SFnV,115.000,2iset8PVX4jSTSEH,136.000,2N4uTfQs/yo3mBYi,155.000,uT1RCshO88YMpxwE,177.000,obTLIQc2u6K1oipM,203.000,Do8hC1pw172W9xvw,208.000,Kxg/hrv/euEuhbOE
3,202,2026-03-25T14:24:57.869Z,203.000,9,116.000,Nsmpq/og5cO95HwJ,117.000,YHloJXirCx60SFnV,139.000,02xuA6TviChey6nJ,139.000,MwfJUdRQPbSNr9Io,173.000,2N4uTfQs/yo3mBYi,187.000,2iset8PVX4jSTSEH,203.000,uT1RCshO88YMpxwE,226.000,obTLIQc2u6K1oipM,253.000,Do8hC1pw172W9xvw,,
3,203,2026-03-25T14:24:58.072Z,167.000,9,65.000,Kxg/hrv/euEuhbOE,105.000,YHloJXirCx60SFnV,106.000,Nsmpq/og5cO95HwJ,118.000,02xuA6TviChey6nJ,124.000,2N4uTfQs/yo3mBYi,136.000,MwfJUdRQPbSNr9Io,166.000,2iset8PVX4jSTSEH,203.000,uT1RCshO88YMpxwE,225.000,obTLIQc2u6K1oipM,,
3,204,2026-03-25T14:24:58.239Z,192.000,10,84.000,Do8hC1pw172W9xvw,94.000,Kxg/hrv/euEuhbOE,148.000,02xuA6TviChey6nJ,149.000,Nsmpq/og5cO95HwJ,153.000,YHloJXirCx60SFnV,187.000,MwfJUdRQPbSNr9Io,192.000,2iset8PVX4jSTSEH,194.000,2N4uTfQs/yo3mBYi,237.000,uT1RCshO88YMpxwE,256.000,obTLIQc2u6K1oipM
3,205,2026-03-25T14:24:58.431Z,208.000,10,90.000,Do8hC1pw172W9xvw,114.000,Kxg/hrv/euEuhbOE,143.000,YHloJXirCx60SFnV,152.000,Nsmpq/og5cO95HwJ,162.000,02xuA6TviChey6nJ,176.000,MwfJUdRQPbSNr9Io,208.000,2N4uTfQs/yo3mBYi,220.000,2iset8PVX4jSTSEH,234.000,uT1RCshO88YMpxwE,425.000,obTLIQc2u6K1oipM
3,206,2026-03-25T14:24:58.639Z,202.000,9,80.000,Do8hC1pw172W9xvw,102.000,Kxg/hrv/euEuhbOE,152.000,Nsmpq/og5cO95HwJ,164.000,02xuA6TviChey6nJ,170.000,MwfJUdRQPbSNr9Io,199.000,2N4uTfQs/yo3mBYi,202.000,2iset8PVX4jSTSEH,221.000,YHloJXirCx60SFnV,237.000,uT1RCshO88YMpxwE,,
3,207,2026-03-25T14:24:58.841Z,211.000,10,78.000,Do8hC1pw172W9xvw,92.000,Kxg/hrv/euEuhbOE,138.000,Nsmpq/og5cO95HwJ,149.000,YHloJXirCx60SFnV,157.000,02xuA6TviChey6nJ,173.000,MwfJUdRQPbSNr9Io,211.000,2iset8PVX4jSTSEH,220.000,2N4uTfQs/yo3mBYi,234.000,obTLIQc2u6K1oipM,261.000,uT1RCshO88YMpxwE
3,208,2026-03-25T14:24:59.052Z,214.000,10,75.000,Do8hC1pw172W9xvw,106.000,YHloJXirCx60SFnV,107.000,Kxg/hrv/euEuhbOE,150.000,Nsmpq/og5cO95HwJ,167.000,MwfJUdRQPbSNr9Io,208.000,2iset8PVX4jSTSEH,214.000,obTLIQc2u6K1oipM,227.000,02xuA6TviChey6nJ,249.000,2N4uTfQs/yo3mBYi,252.000,uT1RCshO88YMpxwE
3,209,2026-03-25T14:24:59.266Z,161.000,10,71.000,Kxg/hrv/euEuhbOE,95.000,YHloJXirCx60SFnV,97.000,Do8hC1pw172W9xvw,129.000,Nsmpq/og5cO95HwJ,134.000,02xuA6TviChey6nJ,157.000,2iset8PVX4jSTSEH,160.000,MwfJUdRQPbSNr9Io,197.000,2N4uTfQs/yo3mBYi,210.000,obTLIQc2u6K1oipM,223.000,uT1RCshO88YMpxwE
3,210,2026-03-25T14:24:59.427Z,209.000,10,106.000,Do8hC1pw172W9xvw,116.000,Kxg/hrv/euEuhbOE,123.000,YHloJXirCx60SFnV,178.000,02xuA6TviChey6nJ,187.000,Nsmpq/og5cO95HwJ,199.000,MwfJUdRQPbSNr9Io,209.000,2N4uTfQs/yo3mBYi,212.000,2iset8PVX4jSTSEH,240.000,obTLIQc2u6K1oipM,270.000,uT1RCshO88YMpxwE
3,211,2026-03-25T14:24:59.636Z,213.000,10,99.000,Kxg/hrv/euEuhbOE,114.000,Do8hC1pw172W9xvw,119.000,YHloJXirCx60SFnV,166.000,02xuA6TviChey6nJ,169.000,Nsmpq/og5cO95HwJ,195.000,MwfJUdRQPbSNr9Io,213.000,2N4uTfQs/yo3mBYi,236.000,obTLIQc2u6K1oipM,251.000,2iset8PVX4jSTSEH,284.000,uT1RCshO88YMpxwE
3,212,2026-03-25T14:24:59.849Z,257.000,8,86.000,Do8hC1pw172W9xvw,120.000,Kxg/hrv/euEuhbOE,152.000,Nsmpq/og5cO95HwJ,155.000,YHloJXirCx60SFnV,193.000,MwfJUdRQPbSNr9Io,357.000,obTLIQc2u6K1oipM,322.000,2iset8PVX4jSTSEH,302.000,02xuA6TviChey6nJ,,,,
3,213,2026-03-25T14:25:00.106Z,207.000,7,38.000,Kxg/hrv/euEuhbOE,56.000,YHloJXirCx60SFnV,128.000,02xuA6TviChey6nJ,142.000,2iset8PVX4jSTSEH,144.000,obTLIQc2u6K1oipM,196.000,uT1RCshO88YMpxwE,207.000,Do8hC1pw172W9xvw,,,,,,
3,214,2026-03-25T14:25:00.313Z,205.000,10,80.000,YHloJXirCx60SFnV,81.000,Kxg/hrv/euEuhbOE,126.000,02xuA6TviChey6nJ,140.000,2iset8PVX4jSTSEH,170.000,MwfJUdRQPbSNr9Io,182.000,Do8hC1pw172W9xvw,205.000,obTLIQc2u6K1oipM,210.000,uT1RCshO88YMpxwE,230.000,Nsmpq/og5cO95HwJ,248.000,2N4uTfQs/yo3mBYi
3,215,2026-03-25T14:25:00.518Z,149.000,10,82.000,YHloJXirCx60SFnV,85.000,Kxg/hrv/euEuhbOE,95.000,Do8hC1pw172W9xvw,123.000,MwfJUdRQPbSNr9Io,134.000,Nsmpq/og5cO95HwJ,148.000,02xuA6TviChey6nJ,149.000,obTLIQc2u6K1oipM,151.000,2iset8PVX4jSTSEH,158.000,2N4uTfQs/yo3mBYi,195.000,uT1RCshO88YMpxwE
3,216,2026-03-25T14:25:00.667Z,214.000,8,124.000,YHloJXirCx60SFnV,125.000,Nsmpq/og5cO95HwJ,142.000,Do8hC1pw172W9xvw,177.000,MwfJUdRQPbSNr9Io,180.000,Kxg/hrv/euEuhbOE,212.000,02xuA6TviChey6nJ,214.000,2iset8PVX4jSTSEH,215.000,obTLIQc2u6K1oipM,,,,
3,217,2026-03-25T14:25:00.881Z,203.000,8,156.000,MwfJUdRQPbSNr9Io,175.000,02xuA6TviChey6nJ,177.000,2iset8PVX4jSTSEH,181.000,Do8hC1pw172W9xvw,187.000,Kxg/hrv/euEuhbOE,202.000,YHloJXirCx60SFnV,203.000,obTLIQc2u6K1oipM,218.000,uT1RCshO88YMpxwE,,,,
3,218,2026-03-25T14:25:01.084Z,270.000,9,92.000,YHloJXirCx60SFnV,108.000,02xuA6TviChey6nJ,164.000,2iset8PVX4jSTSEH,210.000,Kxg/hrv/euEuhbOE,245.000,MwfJUdRQPbSNr9Io,256.000,obTLIQc2u6K1oipM,270.000,Do8hC1pw172W9xvw,272.000,Nsmpq/og5cO95HwJ,290.000,uT1RCshO88YMpxwE,,
3,219,2026-03-25T14:25:01.354Z,131.000,10,71.000,YHloJXirCx60SFnV,92.000,MwfJUdRQPbSNr9Io,98.000,2iset8PVX4jSTSEH,102.000,02xuA6TviChey6nJ,110.000,2N4uTfQs/yo3mBYi,129.000,Nsmpq/og5cO95HwJ,130.000,Kxg/hrv/euEuhbOE,133.000,Do8hC1pw172W9xvw,142.000,obTLIQc2u6K1oipM,207.000,uT1RCshO88YMpxwE
3,220,2026-03-25T14:25:01.485Z,570.000,9,138.000,Do8hC1pw172W9xvw,161.000,Nsmpq/og5cO95HwJ,193.000,obTLIQc2u6K1oipM,198.000,YHloJXirCx60SFnV,237.000,Kxg/hrv/euEuhbOE,257.000,uT1RCshO88YMpxwE,570.000,MwfJUdRQPbSNr9Io,599.000,2iset8PVX4jSTSEH,608.000,02xuA6TviChey6nJ,,
3,221,2026-03-25T14:25:02.055Z,347.000,10,129.000,Kxg/hrv/euEuhbOE,131.000,2iset8PVX4jSTSEH,134.000,YHloJXirCx60SFnV,165.000,02xuA6TviChey6nJ,317.000,MwfJUdRQPbSNr9Io,335.000,uT1RCshO88YMpxwE,347.000,Do8hC1pw172W9xvw,349.000,Nsmpq/og5cO95HwJ,358.000,2N4uTfQs/yo3mBYi,361.000,obTLIQc2u6K1oipM
3,222,2026-03-25T14:25:02.402Z,244.000,7,82.000,YHloJXirCx60SFnV,94.000,2iset8PVX4jSTSEH,114.000,obTLIQc2u6K1oipM,116.000,Nsmpq/og5cO95HwJ,138.000,Kxg/hrv/euEuhbOE,144.000,Do8hC1pw172W9xvw,152.000,MwfJUdRQPbSNr9Io,,,,,,
3,223,2026-03-25T14:25:02.646Z,663.000,7,44.000,Do8hC1pw172W9xvw,46.000,Nsmpq/og5cO95HwJ,53.000,YHloJXirCx60SFnV,119.000,2iset8PVX4jSTSEH,396.000,Kxg/hrv/euEuhbOE,604.000,MwfJUdRQPbSNr9Io,663.000,02xuA6TviChey6nJ,,,,,,
3,224,2026-03-25T14:25:03.309Z,861.000,7,87.000,2iset8PVX4jSTSEH,99.000,02xuA6TviChey6nJ,115.000,Nsmpq/og5cO95HwJ,116.000,YHloJXirCx60SFnV,197.000,obTLIQc2u6K1oipM,255.000,Do8hC1pw172W9xvw,860.000,uT1RCshO88YMpxwE,,,,,,
3,225,2026-03-25T14:25:04.170Z,804.000,8,75.000,YHloJXirCx60SFnV,146.000,02xuA6TviChey6nJ,205.000,obTLIQc2u6K1oipM,738.000,2iset8PVX4jSTSEH,738.000,Kxg/hrv/euEuhbOE,804.000,Nsmpq/og5cO95HwJ,804.000,uT1RCshO88YMpxwE,819.000,Do8hC1pw172W9xvw,,,,
3,226,2026-03-25T14:25:04.974Z,1206.000,10,101.000,Kxg/hrv/euEuhbOE,137.000,YHloJXirCx60SFnV,149.000,02xuA6TviChey6nJ,827.000,2iset8PVX4jSTSEH,1086.000,Do8hC1pw172W9xvw,1110.000,obTLIQc2u6K1oipM,1205.000,MwfJUdRQPbSNr9Io,1227.000,2N4uTfQs/yo3mBYi,1233.000,Nsmpq/og5cO95HwJ,1245.000,uT1RCshO88YMpxwE
3,227,2026-03-25T14:25:06.180Z,1106.000,9,102.000,YHloJXirCx60SFnV,733.000,Kxg/hrv/euEuhbOE,807.000,2iset8PVX4jSTSEH,874.000,02xuA6TviChey6nJ,1051.000,Do8hC1pw172W9xvw,1097.000,uT1RCshO88YMpxwE,1106.000,MwfJUdRQPbSNr9Io,1124.000,obTLIQc2u6K1oipM,1134.000,Nsmpq/og5cO95HwJ,,
3,228,2026-03-25T14:25:07.286Z,1140.000,7,118.000,YHloJXirCx60SFnV,835.000,2iset8PVX4jSTSEH,902.000,Kxg/hrv/euEuhbOE,1036.000,MwfJUdRQPbSNr9Io,1058.000,Nsmpq/og5cO95HwJ,1064.000,Do8hC1pw172W9xvw,1224.000,02xuA6TviChey6nJ,,,,,,
3,229,2026-03-25T14:25:08.426Z,1346.000,7,71.000,YHloJXirCx60SFnV,452.000,2iset8PVX4jSTSEH,755.000,Do8hC1pw172W9xvw,831.000,Nsmpq/og5cO95HwJ,896.000,02xuA6TviChey6nJ,1333.000,MwfJUdRQPbSNr9Io,1346.000,obTLIQc2u6K1oipM,,,,,,
3,230,2026-03-25T14:25:09.772Z,1411.000,7,126.000,YHloJXirCx60SFnV,430.000,Do8hC1pw172W9xvw,720.000,Kxg/hrv/euEuhbOE,1390.000,MwfJUdRQPbSNr9Io,1406.000,obTLIQc2u6K1oipM,1407.000,02xuA6TviChey6nJ,1410.000,2iset8PVX4jSTSEH,,,,,,
3,231,2026-03-25T14:25:11.183Z,1972.000,8,114.000,YHloJXirCx60SFnV,124.000,obTLIQc2u6K1oipM,1133.000,02xuA6TviChey6nJ,1663.000,2iset8PVX4jSTSEH,1887.000,Nsmpq/og5cO95HwJ,1970.000,2N4uTfQs/yo3mBYi,1972.000,Do8hC1pw172W9xvw,1975.000,uT1RCshO88YMpxwE,,,,
3,232,2026-03-25T14:25:13.155Z,2108.000,10,89.000,YHloJXirCx60SFnV,1752.000,02xuA6TviChey6nJ,1817.000,Nsmpq/og5cO95HwJ,1831.000,2iset8PVX4jSTSEH,1960.000,Kxg/hrv/euEuhbOE,1969.000,Do8hC1pw172W9xvw,2108.000,MwfJUdRQPbSNr9Io,2120.000,uT1RCshO88YMpxwE,2121.000,obTLIQc2u6K1oipM,2136.000,2N4uTfQs/yo3mBYi
3,233,2026-03-25T14:25:15.263Z,2068.000,7,100.000,YHloJXirCx60SFnV,1767.000,Nsmpq/og5cO95HwJ,1771.000,uT1RCshO88YMpxwE,1783.000,02xuA6TviChey6nJ,1897.000,obTLIQc2u6K1oipM,2046.000,MwfJUdRQPbSNr9Io,2068.000,Do8hC1pw172W9xvw,,,,,,
3,234,2026-03-25T14:25:17.331Z,2767.000,9,99.000,YHloJXirCx60SFnV,1863.000,2iset8PVX4jSTSEH,1934.000,02xuA6TviChey6nJ,2405.000,obTLIQc2u6K1oipM,2416.000,Nsmpq/og5cO95HwJ,2756.000,MwfJUdRQPbSNr9Io,2766.000,uT1RCshO88YMpxwE,2769.000,Do8hC1pw172W9xvw,2775.000,Kxg/hrv/euEuhbOE,,
3,235,2026-03-25T14:25:20.098Z,2825.000,7,114.000,YHloJXirCx60SFnV,1918.000,Kxg/hrv/euEuhbOE,2645.000,uT1RCshO88YMpxwE,2712.000,2iset8PVX4jSTSEH,2792.000,obTLIQc2u6K1oipM,2794.000,02xuA6TviChey6nJ,2825.000,Nsmpq/og5cO95HwJ,,,,,,
3,236,2026-03-25T14:25:22.923Z,3772.000,9,93.000,YHloJXirCx60SFnV,2580.000,Nsmpq/og5cO95HwJ,3484.000,obTLIQc2u6K1oipM,3500.000,2iset8PVX4jSTSEH,3651.000,Kxg/hrv/euEuhbOE,3724.000,uT1RCshO88YMpxwE,3771.000,MwfJUdRQPbSNr9Io,3792.000,02xuA6TviChey6nJ,3794.000,Do8hC1pw172W9xvw,,
3,237,2026-03-25T14:25:26.695Z,4891.000,8,142.000,YHloJXirCx60SFnV,3877.000,2iset8PVX4jSTSEH,3952.000,obTLIQc2u6K1oipM,4043.000,02xuA6TviChey6nJ,4179.000,MwfJUdRQPbSNr9Io,4878.000,Do8hC1pw172W9xvw,4891.000,uT1RCshO88YMpxwE,4895.000,Kxg/hrv/euEuhbOE,,,,
3,238,2026-03-25T14:25:31.586Z,6176.000,7,111.000,YHloJXirCx60SFnV,5366.000,Kxg/hrv/euEuhbOE,5673.000,Nsmpq/og5cO95HwJ,5680.000,2iset8PVX4jSTSEH,5872.000,obTLIQc2u6K1oipM,6045.000,02xuA6TviChey6nJ,6175.000,MwfJUdRQPbSNr9Io,,,,,,
3,239,2026-03-25T14:25:37.762Z,6736.000,8,132.000,YHloJXirCx60SFnV,5715.000,MwfJUdRQPbSNr9Io,5978.000,obTLIQc2u6K1oipM,6438.000,uT1RCshO88YMpxwE,6584.000,Do8hC1pw172W9xvw,6676.000,02xuA6TviChey6nJ,6736.000,Nsmpq/og5cO95HwJ,6745.000,2iset8PVX4jSTSEH,,,,
3,240,2026-03-25T14:25:44.498Z,6392.000,8,117.000,YHloJXirCx60SFnV,5864.000,2iset8PVX4jSTSEH,6165.000,Nsmpq/og5cO95HwJ,6243.000,Kxg/hrv/euEuhbOE,6250.000,uT1RCshO88YMpxwE,6255.000,02xuA6TviChey6nJ,6391.000,Do8hC1pw172W9xvw,6411.000,obTLIQc2u6K1oipM,,,,
3,241,2026-03-25T14:25:50.890Z,6799.000,9,138.000,YHloJXirCx60SFnV,5687.000,Kxg/hrv/euEuhbOE,6202.000,Do8hC1pw172W9xvw,6207.000,02xuA6TviChey6nJ,6457.000,MwfJUdRQPbSNr9Io,6798.000,obTLIQc2u6K1oipM,6799.000,Nsmpq/og5cO95HwJ,6801.000,2N4uTfQs/yo3mBYi,6852.000,uT1RCshO88YMpxwE,,
3,242,2026-03-25T14:25:57.689Z,6371.000,7,117.000,YHloJXirCx60SFnV,5774.000,02xuA6TviChey6nJ,5986.000,2iset8PVX4jSTSEH,6190.000,obTLIQc2u6K1oipM,6215.000,Nsmpq/og5cO95HwJ,6359.000,MwfJUdRQPbSNr9Io,6371.000,Do8hC1pw172W9xvw,,,,,,
3,243,2026-03-25T14:26:04.060Z,6123.000,7,131.000,YHloJXirCx60SFnV,5723.000,02xuA6TviChey6nJ,5730.000,Nsmpq/og5cO95HwJ,6109.000,MwfJUdRQPbSNr9Io,6114.000,2iset8PVX4jSTSEH,6122.000,Do8hC1pw172W9xvw,6123.000,obTLIQc2u6K1oipM,,,,,,
3,244,2026-03-25T14:26:10.183Z,6697.000,10,117.000,YHloJXirCx60SFnV,5736.000,MwfJUdRQPbSNr9Io,5862.000,2iset8PVX4jSTSEH,5870.000,Do8hC1pw172W9xvw,6268.000,Nsmpq/og5cO95HwJ,6581.000,obTLIQc2u6K1oipM,6697.000,2N4uTfQs/yo3mBYi,6699.000,Kxg/hrv/euEuhbOE,6701.000,02xuA6TviChey6nJ,6705.000,uT1RCshO88YMpxwE
3,245,2026-03-25T14:26:16.880Z,6175.000,7,118.000,YHloJXirCx60SFnV,5328.000,MwfJUdRQPbSNr9Io,5926.000,2iset8PVX4jSTSEH,5982.000,uT1RCshO88YMpxwE,6024.000,Nsmpq/og5cO95HwJ,6083.000,Kxg/hrv/euEuhbOE,6234.000,Do8hC1pw172W9xvw,,,,,,
3,246,2026-03-25T14:26:23.055Z,6454.000,8,117.000,YHloJXirCx60SFnV,5932.000,Nsmpq/og5cO95HwJ,5982.000,Kxg/hrv/euEuhbOE,6192.000,Do8hC1pw172W9xvw,6254.000,uT1RCshO88YMpxwE,6445.000,obTLIQc2u6K1oipM,6454.000,2N4uTfQs/yo3mBYi,6459.000,2iset8PVX4jSTSEH,,,,
3,247,2026-03-25T14:26:29.509Z,,1,128.000,YHloJXirCx60SFnV,,,,,,,,,,,,,,,,,,
4,1,2026-03-25T14:24:10.358Z,7285.000,7,3474.000,obTLIQc2u6K1oipM,3827.000,02xuA6TviChey6nJ,4959.000,Kxg/hrv/euEuhbOE,5208.000,MwfJUdRQPbSNr9Io,6497.000,2iset8PVX4jSTSEH,7274.000,YHloJXirCx60SFnV,7285.000,Do8hC1pw172W9xvw,,,,,,
4,2,2026-03-25T14:24:17.643Z,208.000,7,74.000,obTLIQc2u6K1oipM,99.000,YHloJXirCx60SFnV,106.000,02xuA6TviChey6nJ,114.000,MwfJUdRQPbSNr9Io,123.000,Kxg/hrv/euEuhbOE,181.000,2iset8PVX4jSTSEH,208.000,Do8hC1pw172W9xvw,,,,,,
4,3,2026-03-25T14:24:17.851Z,240.000,7,79.000,obTLIQc2u6K1oipM,114.000,YHloJXirCx60SFnV,116.000,MwfJUdRQPbSNr9Io,117.000,Kxg/hrv/euEuhbOE,119.000,02xuA6TviChey6nJ,170.000,2iset8PVX4jSTSEH,240.000,Do8hC1pw172W9xvw,,,,,,
4,4,2026-03-25T14:24:18.091Z,214.000,7,74.000,obTLIQc2u6K1oipM,99.000,Kxg/hrv/euEuhbOE,114.000,02xuA6TviChey6nJ,116.000,YHloJXirCx60SFnV,117.000,MwfJUdRQPbSNr9Io,179.000,2iset8PVX4jSTSEH,213.000,Do8hC1pw172W9xvw,,,,,,
4,5,2026-03-25T14:24:18.305Z,197.000,8,75.000,obTLIQc2u6K1oipM,102.000,YHloJXirCx60SFnV,109.000,02xuA6TviChey6nJ,112.000,Kxg/hrv/euEuhbOE,117.000,2iset8PVX4jSTSEH,129.000,MwfJUdRQPbSNr9Io,197.000,Do8hC1pw172W9xvw,309.000,2N4uTfQs/yo3mBYi,,,,
4,6,2026-03-25T14:24:18.502Z,173.000,8,70.000,obTLIQc2u6K1oipM,99.000,YHloJXirCx60SFnV,101.000,02xuA6TviChey6nJ,102.000,MwfJUdRQPbSNr9Io,111.000,2iset8PVX4jSTSEH,136.000,Kxg/hrv/euEuhbOE,173.000,Do8hC1pw172W9xvw,253.000,2N4uTfQs/yo3mBYi,,,,
4,7,2026-03-25T14:24:18.675Z,220.000,8,111.000,obTLIQc2u6K1oipM,134.000,MwfJUdRQPbSNr9Io,146.000,Kxg/hrv/euEuhbOE,157.000,YHloJXirCx60SFnV,166.000,02xuA6TviChey6nJ,174.000,2iset8PVX4jSTSEH,220.000,Do8hC1pw172W9xvw,270.000,2N4uTfQs/yo3mBYi,,,,
4,8,2026-03-25T14:24:18.895Z,194.000,9,89.000,obTLIQc2u6K1oipM,102.000,MwfJUdRQPbSNr9Io,105.000,YHloJXirCx60SFnV,121.000,Kxg/hrv/euEuhbOE,125.000,02xuA6TviChey6nJ,137.000,2iset8PVX4jSTSEH,194.000,Nsmpq/og5cO95HwJ,200.000,Do8hC1pw172W9xvw,262.000,2N4uTfQs/yo3mBYi,,
4,9,2026-03-25T14:24:19.089Z,149.000,9,100.000,obTLIQc2u6K1oipM,124.000,2iset8PVX4jSTSEH,129.000,Nsmpq/og5cO95HwJ,131.000,YHloJXirCx60SFnV,140.000,MwfJUdRQPbSNr9Io,148.000,02xuA6TviChey6nJ,149.000,Kxg/hrv/euEuhbOE,194.000,Do8hC1pw172W9xvw,251.000,2N4uTfQs/yo3mBYi,,
4,10,2026-03-25T14:24:19.238Z,193.000,9,147.000,obTLIQc2u6K1oipM,177.000,Kxg/hrv/euEuhbOE,179.000,MwfJUdRQPbSNr9Io,180.000,Nsmpq/og5cO95HwJ,181.000,02xuA6TviChey6nJ,182.000,YHloJXirCx60SFnV,193.000,2iset8PVX4jSTSEH,248.000,Do8hC1pw172W9xvw,312.000,2N4uTfQs/yo3mBYi,,
4,11,2026-03-25T14:24:19.431Z,204.000,9,156.000,obTLIQc2u6K1oipM,179.000,2iset8PVX4jSTSEH,186.000,Kxg/hrv/euEuhbOE,188.000,MwfJUdRQPbSNr9Io,191.000,YHloJXirCx60SFnV,194.000,Nsmpq/og5cO95HwJ,204.000,02xuA6TviChey6nJ,269.000,Do8hC1pw172W9xvw,320.000,2N4uTfQs/yo3mBYi,,
4,12,2026-03-25T14:24:19.635Z,229.000,9,161.000,obTLIQc2u6K1oipM,172.000,2iset8PVX4jSTSEH,174.000,MwfJUdRQPbSNr9Io,192.000,02xuA6TviChey6nJ,194.000,Kxg/hrv/euEuhbOE,202.000,Nsmpq/og5cO95HwJ,229.000,YHloJXirCx60SFnV,249.000,Do8hC1pw172W9xvw,309.000,2N4uTfQs/yo3mBYi,,
4,13,2026-03-25T14:24:19.864Z,171.000,9,127.000,obTLIQc2u6K1oipM,144.000,Kxg/hrv/euEuhbOE,146.000,2iset8PVX4jSTSEH,150.000,MwfJUdRQPbSNr9Io,153.000,Nsmpq/og5cO95HwJ,167.000,02xuA6TviChey6nJ,170.000,YHloJXirCx60SFnV,228.000,Do8hC1pw172W9xvw,272.000,2N4uTfQs/yo3mBYi,,
4,14,2026-03-25T14:24:20.035Z,212.000,9,162.000,obTLIQc2u6K1oipM,179.000,Kxg/hrv/euEuhbOE,181.000,Nsmpq/og5cO95HwJ,190.000,MwfJUdRQPbSNr9Io,198.000,2iset8PVX4jSTSEH,206.000,02xuA6TviChey6nJ,212.000,YHloJXirCx60SFnV,255.000,Do8hC1pw172W9xvw,293.000,2N4uTfQs/yo3mBYi,,
4,15,2026-03-25T14:24:20.247Z,189.000,10,146.000,obTLIQc2u6K1oipM,168.000,Kxg/hrv/euEuhbOE,170.000,Nsmpq/og5cO95HwJ,175.000,MwfJUdRQPbSNr9Io,183.000,YHloJXirCx60SFnV,188.000,2iset8PVX4jSTSEH,189.000,02xuA6TviChey6nJ,232.000,Do8hC1pw172W9xvw,292.000,2N4uTfQs/yo3mBYi,361.000,uT1RCshO88YMpxwE
4,16,2026-03-25T14:24:20.436Z,213.000,10,163.000,obTLIQc2u6K1oipM,180.000,2iset8PVX4jSTSEH,187.000,Nsmpq/og5cO95HwJ,191.000,YHloJXirCx60SFnV,199.000,MwfJUdRQPbSNr9Io,211.000,02xuA6TviChey6nJ,213.000,Kxg/hrv/euEuhbOE,253.000,Do8hC1pw172W9xvw,303.000,2N4uTfQs/yo3mBYi,306.000,uT1RCshO88YMpxwE
4,17,2026-03-25T14:24:20.649Z,190.000,10,139.000,obTLIQc2u6K1oipM,157.000,Nsmpq/og5cO95HwJ,163.000,02xuA6TviChey6nJ,165.000,2iset8PVX4jSTSEH,167.000,Kxg/hrv/euEuhbOE,178.000,MwfJUdRQPbSNr9Io,190.000,YHloJXirCx60SFnV,232.000,Do8hC1pw172W9xvw,278.000,2N4uTfQs/yo3mBYi,280.000,uT1RCshO88YMpxwE
4,18,2026-03-25T14:24:20.839Z,201.000,10,152.000,obTLIQc2u6K1oipM,167.000,MwfJUdRQPbSNr9Io,171.000,02xuA6TviChey6nJ,193.000,Nsmpq/og5cO95HwJ,198.000,2iset8PVX4jSTSEH,199.000,Kxg/hrv/euEuhbOE,201.000,YHloJXirCx60SFnV,249.000,Do8hC1pw172W9xvw,282.000,2N4uTfQs/yo3mBYi,287.000,uT1RCshO88YMpxwE
4,19,2026-03-25T14:24:21.040Z,213.000,10,159.000,obTLIQc2u6K1oipM,178.000,MwfJUdRQPbSNr9Io,187.000,2iset8PVX4jSTSEH,190.000,Kxg/hrv/euEuhbOE,191.000,YHloJXirCx60SFnV,200.000,Nsmpq/og5cO95HwJ,213.000,02xuA6TviChey6nJ,251.000,Do8hC1pw172W9xvw,281.000,2N4uTfQs/yo3mBYi,291.000,uT1RCshO88YMpxwE
4,20,2026-03-25T14:24:21.253Z,209.000,10,146.000,obTLIQc2u6K1oipM,168.000,YHloJXirCx60SFnV,171.000,Kxg/hrv/euEuhbOE,184.000,2iset8PVX4jSTSEH,189.000,MwfJUdRQPbSNr9Io,203.000,02xuA6TviChey6nJ,209.000,Nsmpq/og5cO95HwJ,238.000,Do8hC1pw172W9xvw,264.000,2N4uTfQs/yo3mBYi,306.000,uT1RCshO88YMpxwE
4,21,2026-03-25T14:24:21.462Z,196.000,10,133.000,obTLIQc2u6K1oipM,163.000,Kxg/hrv/euEuhbOE,165.000,2iset8PVX4jSTSEH,169.000,MwfJUdRQPbSNr9Io,185.000,Nsmpq/og5cO95HwJ,192.000,02xuA6TviChey6nJ,196.000,YHloJXirCx60SFnV,229.000,Do8hC1pw172W9xvw,263.000,2N4uTfQs/yo3mBYi,267.000,uT1RCshO88YMpxwE
4,22,2026-03-25T14:24:21.658Z,190.000,10,147.000,obTLIQc2u6K1oipM,165.000,Kxg/hrv/euEuhbOE,167.000,2iset8PVX4jSTSEH,175.000,MwfJUdRQPbSNr9Io,184.000,Nsmpq/og5cO95HwJ,188.000,YHloJXirCx60SFnV,190.000,02xuA6TviChey6nJ,245.000,Do8hC1pw172W9xvw,264.000,2N4uTfQs/yo3mBYi,293.000,uT1RCshO88YMpxwE
4,23,2026-03-25T14:24:21.848Z,210.000,10,156.000,obTLIQc2u6K1oipM,177.000,Nsmpq/og5cO95HwJ,192.000,YHloJXirCx60SFnV,197.000,MwfJUdRQPbSNr9Io,198.000,2iset8PVX4jSTSEH,204.000,Kxg/hrv/euEuhbOE,210.000,02xuA6TviChey6nJ,241.000,Do8hC1pw172W9xvw,271.000,2N4uTfQs/yo3mBYi,313.000,uT1RCshO88YMpxwE
4,24,2026-03-25T14:24:22.058Z,192.000,9,143.000,obTLIQc2u6K1oipM,172.000,Kxg/hrv/euEuhbOE,175.000,2iset8PVX4jSTSEH,178.000,MwfJUdRQPbSNr9Io,179.000,02xuA6TviChey6nJ,188.000,Nsmpq/og5cO95HwJ,192.000,YHloJXirCx60SFnV,235.000,Do8hC1pw172W9xvw,299.000,uT1RCshO88YMpxwE,,
4,25,2026-03-25T14:24:22.250Z,198.000,10,89.000,2N4uTfQs/yo3mBYi,153.000,obTLIQc2u6K1oipM,181.000,Nsmpq/og5cO95HwJ,185.000,Kxg/hrv/euEuhbOE,187.000,2iset8PVX4jSTSEH,194.000,YHloJXirCx60SFnV,198.000,MwfJUdRQPbSNr9Io,206.000,02xuA6TviChey6nJ,255.000,Do8hC1pw172W9xvw,291.000,uT1RCshO88YMpxwE
4,26,2026-03-25T14:24:22.448Z,200.000,9,69.000,2N4uTfQs/yo3mBYi,163.000,obTLIQc2u6K1oipM,189.000,2iset8PVX4jSTSEH,190.000,MwfJUdRQPbSNr9Io,197.000,02xuA6TviChey6nJ,198.000,YHloJXirCx60SFnV,199.000,Kxg/hrv/euEuhbOE,265.000,Nsmpq/og5cO95HwJ,284.000,uT1RCshO88YMpxwE,,
4,27,2026-03-25T14:24:22.648Z,192.000,9,43.000,Do8hC1pw172W9xvw,82.000,2N4uTfQs/yo3mBYi,147.000,obTLIQc2u6K1oipM,168.000,2iset8PVX4jSTSEH,179.000,Nsmpq/og5cO95HwJ,183.000,MwfJUdRQPbSNr9Io,192.000,Kxg/hrv/euEuhbOE,194.000,YHloJXirCx60SFnV,243.000,02xuA6TviChey6nJ,,
4,28,2026-03-25T14:24:22.840Z,201.000,10,68.000,Do8hC1pw172W9xvw,96.000,2N4uTfQs/yo3mBYi,132.000,uT1RCshO88YMpxwE,158.000,obTLIQc2u6K1oipM,178.000,2iset8PVX4jSTSEH,195.000,Nsmpq/og5cO95HwJ,201.000,02xuA6TviChey6nJ,203.000,MwfJUdRQPbSNr9Io,204.000,YHloJXirCx60SFnV,209.000,Kxg/hrv/euEuhbOE
4,29,2026-03-25T14:24:23.041Z,192.000,10,62.000,Do8hC1pw172W9xvw,83.000,2N4uTfQs/yo3mBYi,87.000,uT1RCshO88YMpxwE,162.000,obTLIQc2u6K1oipM,188.000,Kxg/hrv/euEuhbOE,190.000,2iset8PVX4jSTSEH,192.000,YHloJXirCx60SFnV,199.000,MwfJUdRQPbSNr9Io,206.000,Nsmpq/og5cO95HwJ,248.000,02xuA6TviChey6nJ
4,30,2026-03-25T14:24:23.233Z,205.000,10,67.000,Do8hC1pw172W9xvw,98.000,2N4uTfQs/yo3mBYi,162.000,uT1RCshO88YMpxwE,168.000,obTLIQc2u6K1oipM,199.000,MwfJUdRQPbSNr9Io,201.000,02xuA6TviChey6nJ,204.000,Nsmpq/og5cO95HwJ,206.000,2iset8PVX4jSTSEH,214.000,Kxg/hrv/euEuhbOE,268.000,YHloJXirCx60SFnV
4,31,2026-03-25T14:24:23.438Z,204.000,10,68.000,Do8hC1pw172W9xvw,87.000,2N4uTfQs/yo3mBYi,96.000,uT1RCshO88YMpxwE,168.000,obTLIQc2u6K1oipM,193.000,MwfJUdRQPbSNr9Io,202.000,YHloJXirCx60SFnV,204.000,Kxg/hrv/euEuhbOE,211.000,Nsmpq/og5cO95HwJ,214.000,2iset8PVX4jSTSEH,254.000,02xuA6TviChey6nJ
4,32,2026-03-25T14:24:23.642Z,205.000,10,64.000,Do8hC1pw172W9xvw,79.000,uT1RCshO88YMpxwE,106.000,2N4uTfQs/yo3mBYi,162.000,obTLIQc2u6K1oipM,186.000,2iset8PVX4jSTSEH,200.000,Kxg/hrv/euEuhbOE,205.000,02xuA6TviChey6nJ,212.000,MwfJUdRQPbSNr9Io,214.000,YHloJXirCx60SFnV,215.000,Nsmpq/og5cO95HwJ
4,33,2026-03-25T14:24:23.847Z,198.000,10,60.000,Do8hC1pw172W9xvw,75.000,uT1RCshO88YMpxwE,90.000,2N4uTfQs/yo3mBYi,155.000,obTLIQc2u6K1oipM,184.000,Nsmpq/og5cO95HwJ,186.000,MwfJUdRQPbSNr9Io,198.000,2iset8PVX4jSTSEH,202.000,Kxg/hrv/euEuhbOE,207.000,YHloJXirCx60SFnV,211.000,02xuA6TviChey6nJ
4,34,2026-03-25T14:24:24.045Z,199.000,10,64.000,Do8hC1pw172W9xvw,87.000,uT1RCshO88YMpxwE,96.000,2N4uTfQs/yo3mBYi,154.000,obTLIQc2u6K1oipM,180.000,Kxg/hrv/euEuhbOE,184.000,MwfJUdRQPbSNr9Io,199.000,Nsmpq/og5cO95HwJ,202.000,YHloJXirCx60SFnV,213.000,02xuA6TviChey6nJ,215.000,2iset8PVX4jSTSEH
4,35,2026-03-25T14:24:24.244Z,202.000,10,62.000,Do8hC1pw172W9xvw,87.000,uT1RCshO88YMpxwE,99.000,2N4uTfQs/yo3mBYi,161.000,obTLIQc2u6K1oipM,194.000,MwfJUdRQPbSNr9Io,196.000,2iset8PVX4jSTSEH,202.000,Nsmpq/og5cO95HwJ,203.000,Kxg/hrv/euEuhbOE,211.000,02xuA6TviChey6nJ,233.000,YHloJXirCx60SFnV
4,36,2026-03-25T14:24:24.446Z,209.000,10,68.000,Do8hC1pw172W9xvw,82.000,2N4uTfQs/yo3mBYi,93.000,uT1RCshO88YMpxwE,162.000,obTLIQc2u6K1oipM,178.000,Nsmpq/og5cO95HwJ,202.000,Kxg/hrv/euEuhbOE,209.000,2iset8PVX4jSTSEH,210.000,MwfJUdRQPbSNr9Io,211.000,YHloJXirCx60SFnV,251.000,02xuA6TviChey6nJ
4,37,2026-03-25T14:24:24.655Z,204.000,10,54.000,Do8hC1pw172W9xvw,76.000,uT1RCshO88YMpxwE,83.000,2N4uTfQs/yo3mBYi,154.000,obTLIQc2u6K1oipM,177.000,Nsmpq/og5cO95HwJ,193.000,Kxg/hrv/euEuhbOE,204.000,2iset8PVX4jSTSEH,267.000,MwfJUdRQPbSNr9Io,207.000,02xuA6TviChey6nJ,301.000,YHloJXirCx60SFnV
4,38,2026-03-25T14:24:24.859Z,186.000,10,57.000,Do8hC1pw172W9xvw,70.000,uT1RCshO88YMpxwE,80.000,2N4uTfQs/yo3mBYi,152.000,obTLIQc2u6K1oipM,175.000,02xuA6TviChey6nJ,184.000,MwfJUdRQPbSNr9Io,186.000,2iset8PVX4jSTSEH,187.000,Nsmpq/og5cO95HwJ,199.000,YHloJXirCx60SFnV,202.000,Kxg/hrv/euEuhbOE
4,39,2026-03-25T14:24:25.045Z,211.000,10,55.000,Do8hC1pw172W9xvw,82.000,uT1RCshO88YMpxwE,92.000,2N4uTfQs/yo3mBYi,167.000,obTLIQc2u6K1oipM,208.000,02xuA6TviChey6nJ,210.000,Nsmpq/og5cO95HwJ,211.000,YHloJXirCx60SFnV,215.000,MwfJUdRQPbSNr9Io,245.000,Kxg/hrv/euEuhbOE,219.000,2iset8PVX4jSTSEH
4,40,2026-03-25T14:24:25.256Z,200.000,10,58.000,Do8hC1pw172W9xvw,83.000,uT1RCshO88YMpxwE,98.000,2N4uTfQs/yo3mBYi,156.000,obTLIQc2u6K1oipM,186.000,MwfJUdRQPbSNr9Io,193.000,2iset8PVX4jSTSEH,200.000,Kxg/hrv/euEuhbOE,205.000,Nsmpq/og5cO95HwJ,214.000,YHloJXirCx60SFnV,261.000,02xuA6TviChey6nJ
4,41,2026-03-25T14:24:25.456Z,201.000,10,67.000,Do8hC1pw172W9xvw,93.000,uT1RCshO88YMpxwE,103.000,2N4uTfQs/yo3mBYi,155.000,obTLIQc2u6K1oipM,189.000,MwfJUdRQPbSNr9Io,192.000,Nsmpq/og5cO95HwJ,201.000,Kxg/hrv/euEuhbOE,202.000,YHloJXirCx60SFnV,204.000,02xuA6TviChey6nJ,212.000,2iset8PVX4jSTSEH
4,42,2026-03-25T14:24:25.657Z,191.000,10,55.000,Do8hC1pw172W9xvw,76.000,uT1RCshO88YMpxwE,84.000,2N4uTfQs/yo3mBYi,152.000,obTLIQc2u6K1oipM,181.000,2iset8PVX4jSTSEH,187.000,Kxg/hrv/euEuhbOE,191.000,Nsmpq/og5cO95HwJ,242.000,YHloJXirCx60SFnV,209.000,MwfJUdRQPbSNr9Io,213.000,02xuA6TviChey6nJ
4,43,2026-03-25T14:24:25.848Z,197.000,10,64.000,Do8hC1pw172W9xvw,81.000,uT1RCshO88YMpxwE,84.000,2N4uTfQs/yo3mBYi,169.000,obTLIQc2u6K1oipM,187.000,2iset8PVX4jSTSEH,190.000,Nsmpq/og5cO95HwJ,197.000,Kxg/hrv/euEuhbOE,203.000,MwfJUdRQPbSNr9Io,271.000,02xuA6TviChey6nJ,315.000,YHloJXirCx60SFnV
4,44,2026-03-25T14:24:26.045Z,204.000,10,79.000,Do8hC1pw172W9xvw,102.000,uT1RCshO88YMpxwE,104.000,2N4uTfQs/yo3mBYi,166.000,obTLIQc2u6K1oipM,189.000,Nsmpq/og5cO95HwJ,193.000,MwfJUdRQPbSNr9Io,204.000,2iset8PVX4jSTSEH,206.000,YHloJXirCx60SFnV,207.000,Kxg/hrv/euEuhbOE,210.000,02xuA6TviChey6nJ
4,45,2026-03-25T14:24:26.249Z,206.000,10,69.000,Do8hC1pw172W9xvw,90.000,uT1RCshO88YMpxwE,99.000,2N4uTfQs/yo3mBYi,160.000,obTLIQc2u6K1oipM,204.000,Kxg/hrv/euEuhbOE,205.000,Nsmpq/og5cO95HwJ,206.000,2iset8PVX4jSTSEH,208.000,YHloJXirCx60SFnV,210.000,MwfJUdRQPbSNr9Io,218.000,02xuA6TviChey6nJ
4,46,2026-03-25T14:24:26.455Z,200.000,10,63.000,Do8hC1pw172W9xvw,70.000,uT1RCshO88YMpxwE,102.000,2N4uTfQs/yo3mBYi,159.000,obTLIQc2u6K1oipM,197.000,YHloJXirCx60SFnV,199.000,MwfJUdRQPbSNr9Io,200.000,Nsmpq/og5cO95HwJ,202.000,Kxg/hrv/euEuhbOE,290.000,2iset8PVX4jSTSEH,250.000,02xuA6TviChey6nJ
4,47,2026-03-25T14:24:26.655Z,207.000,10,74.000,Do8hC1pw172W9xvw,88.000,uT1RCshO88YMpxwE,100.000,2N4uTfQs/yo3mBYi,168.000,obTLIQc2u6K1oipM,187.000,MwfJUdRQPbSNr9Io,191.000,02xuA6TviChey6nJ,207.000,2iset8PVX4jSTSEH,212.000,YHloJXirCx60SFnV,214.000,Nsmpq/og5cO95HwJ,215.000,Kxg/hrv/euEuhbOE
4,48,2026-03-25T14:24:26.862Z,192.000,10,56.000,Do8hC1pw172W9xvw,98.000,2N4uTfQs/yo3mBYi,105.000,uT1RCshO88YMpxwE,150.000,obTLIQc2u6K1oipM,184.000,MwfJUdRQPbSNr9Io,189.000,02xuA6TviChey6nJ,191.000,Nsmpq/og5cO95HwJ,204.000,Kxg/hrv/euEuhbOE,205.000,YHloJXirCx60SFnV,211.000,2iset8PVX4jSTSEH
4,49,2026-03-25T14:24:27.054Z,217.000,10,69.000,Do8hC1pw172W9xvw,88.000,2N4uTfQs/yo3mBYi,91.000,uT1RCshO88YMpxwE,173.000,obTLIQc2u6K1oipM,200.000,Kxg/hrv/euEuhbOE,213.000,2iset8PVX4jSTSEH,216.000,MwfJUdRQPbSNr9Io,266.000,Nsmpq/og5cO95HwJ,234.000,02xuA6TviChey6nJ,236.000,YHloJXirCx60SFnV
4,50,2026-03-25T14:24:27.271Z,191.000,10,54.000,Do8hC1pw172W9xvw,71.000,uT1RCshO88YMpxwE,90.000,2N4uTfQs/yo3mBYi,149.000,obTLIQc2u6K1oipM,186.000,Kxg/hrv/euEuhbOE,189.000,02xuA6TviChey6nJ,191.000,2iset8PVX4jSTSEH,194.000,YHloJXirCx60SFnV,198.000,Nsmpq/og5cO95HwJ,199.000,MwfJUdRQPbSNr9Io
4,51,2026-03-25T14:24:27.462Z,210.000,10,67.000,Do8hC1pw172W9xvw,91.000,uT1RCshO88YMpxwE,100.000,2N4uTfQs/yo3mBYi,163.000,obTLIQc2u6K1oipM,195.000,Kxg/hrv/euEuhbOE,204.000,MwfJUdRQPbSNr9Io,210.000,Nsmpq/og5cO95HwJ,212.000,02xuA6TviChey6nJ,221.000,2iset8PVX4jSTSEH,229.000,YHloJXirCx60SFnV
4,52,2026-03-25T14:24:27.672Z,199.000,10,57.000,Do8hC1pw172W9xvw,77.000,uT1RCshO88YMpxwE,90.000,2N4uTfQs/yo3mBYi,164.000,obTLIQc2u6K1oipM,190.000,2iset8PVX4jSTSEH,197.000,YHloJXirCx60SFnV,198.000,MwfJUdRQPbSNr9Io,206.000,Kxg/hrv/euEuhbOE,207.000,Nsmpq/og5cO95HwJ,210.000,02xuA6TviChey6nJ
4,53,2026-03-25T14:24:27.871Z,194.000,10,51.000,Do8hC1pw172W9xvw,70.000,uT1RCshO88YMpxwE,78.000,2N4uTfQs/yo3mBYi,143.000,obTLIQc2u6K1oipM,169.000,Kxg/hrv/euEuhbOE,189.000,02xuA6TviChey6nJ,194.000,2iset8PVX4jSTSEH,197.000,YHloJXirCx60SFnV,202.000,Nsmpq/og5cO95HwJ,220.000,MwfJUdRQPbSNr9Io
4,54,2026-03-25T14:24:28.065Z,207.000,10,62.000,Do8hC1pw172W9xvw,89.000,uT1RCshO88YMpxwE,102.000,2N4uTfQs/yo3mBYi,173.000,obTLIQc2u6K1oipM,189.000,MwfJUdRQPbSNr9Io,206.000,02xuA6TviChey6nJ,207.000,Nsmpq/og5cO95HwJ,215.000,Kxg/hrv/euEuhbOE,271.000,2iset8PVX4jSTSEH,225.000,YHloJXirCx60SFnV
4,55,2026-03-25T14:24:28.272Z,195.000,10,58.000,Do8hC1pw172W9xvw,77.000,uT1RCshO88YMpxwE,94.000,2N4uTfQs/yo3mBYi,158.000,obTLIQc2u6K1oipM,188.000,2iset8PVX4jSTSEH,190.000,MwfJUdRQPbSNr9Io,195.000,Kxg/hrv/euEuhbOE,197.000,02xuA6TviChey6nJ,217.000,YHloJXirCx60SFnV,256.000,Nsmpq/og5cO95HwJ
4,56,2026-03-25T14:24:28.467Z,206.000,10,59.000,Do8hC1pw172W9xvw,75.000,uT1RCshO88YMpxwE,98.000,2N4uTfQs/yo3mBYi,169.000,obTLIQc2u6K1oipM,200.000,2iset8PVX4jSTSEH,202.000,Nsmpq/og5cO95HwJ,206.000,MwfJUdRQPbSNr9Io,211.000,Kxg/hrv/euEuhbOE,215.000,YHloJXirCx60SFnV,221.000,02xuA6TviChey6nJ
4,57,2026-03-25T14:24:28.673Z,196.000,10,62.000,Do8hC1pw172W9xvw,85.000,uT1RCshO88YMpxwE,91.000,2N4uTfQs/yo3mBYi,152.000,obTLIQc2u6K1oipM,188.000,Nsmpq/og5cO95HwJ,190.000,YHloJXirCx60SFnV,196.000,MwfJUdRQPbSNr9Io,197.000,2iset8PVX4jSTSEH,198.000,02xuA6TviChey6nJ,213.000,Kxg/hrv/euEuhbOE
4,58,2026-03-25T14:24:28.869Z,200.000,10,68.000,Do8hC1pw172W9xvw,94.000,uT1RCshO88YMpxwE,102.000,2N4uTfQs/yo3mBYi,167.000,obTLIQc2u6K1oipM,196.000,Nsmpq/og5cO95HwJ,198.000,02xuA6TviChey6nJ,200.000,MwfJUdRQPbSNr9Io,204.000,2iset8PVX4jSTSEH,207.000,Kxg/hrv/euEuhbOE,209.000,YHloJXirCx60SFnV
4,59,2026-03-25T14:24:29.069Z,203.000,10,69.000,Do8hC1pw172W9xvw,94.000,uT1RCshO88YMpxwE,101.000,2N4uTfQs/yo3mBYi,162.000,obTLIQc2u6K1oipM,195.000,2iset8PVX4jSTSEH,197.000,Nsmpq/og5cO95HwJ,202.000,YHloJXirCx60SFnV,218.000,MwfJUdRQPbSNr9Io,220.000,Kxg/hrv/euEuhbOE,221.000,02xuA6TviChey6nJ
4,60,2026-03-25T14:24:29.272Z,212.000,10,71.000,Do8hC1pw172W9xvw,99.000,uT1RCshO88YMpxwE,100.000,2N4uTfQs/yo3mBYi,167.000,obTLIQc2u6K1oipM,195.000,Kxg/hrv/euEuhbOE,206.000,02xuA6TviChey6nJ,212.000,MwfJUdRQPbSNr9Io,214.000,Nsmpq/og5cO95HwJ,218.000,2iset8PVX4jSTSEH,268.000,YHloJXirCx60SFnV
4,61,2026-03-25T14:24:29.484Z,200.000,10,59.000,Do8hC1pw172W9xvw,67.000,uT1RCshO88YMpxwE,70.000,2N4uTfQs/yo3mBYi,158.000,obTLIQc2u6K1oipM,191.000,YHloJXirCx60SFnV,197.000,02xuA6TviChey6nJ,200.000,2iset8PVX4jSTSEH,204.000,Nsmpq/og5cO95HwJ,205.000,Kxg/hrv/euEuhbOE,209.000,MwfJUdRQPbSNr9Io
4,62,2026-03-25T14:24:29.684Z,180.000,10,59.000,Do8hC1pw172W9xvw,75.000,uT1RCshO88YMpxwE,91.000,2N4uTfQs/yo3mBYi,127.000,obTLIQc2u6K1oipM,173.000,MwfJUdRQPbSNr9Io,174.000,Kxg/hrv/euEuhbOE,180.000,2iset8PVX4jSTSEH,186.000,02xuA6TviChey6nJ,192.000,Nsmpq/og5cO95HwJ,195.000,YHloJXirCx60SFnV
4,63,2026-03-25T14:24:29.864Z,208.000,10,88.000,Do8hC1pw172W9xvw,91.000,uT1RCshO88YMpxwE,107.000,2N4uTfQs/yo3mBYi,164.000,obTLIQc2u6K1oipM,199.000,02xuA6TviChey6nJ,204.000,2iset8PVX4jSTSEH,208.000,Kxg/hrv/euEuhbOE,211.000,Nsmpq/og5cO95HwJ,215.000,MwfJUdRQPbSNr9Io,229.000,YHloJXirCx60SFnV
4,64,2026-03-25T14:24:30.072Z,204.000,10,68.000,Do8hC1pw172W9xvw,104.000,2N4uTfQs/yo3mBYi,106.000,uT1RCshO88YMpxwE,163.000,obTLIQc2u6K1oipM,196.000,Kxg/hrv/euEuhbOE,197.000,2iset8PVX4jSTSEH,204.000,MwfJUdRQPbSNr9Io,205.000,02xuA6TviChey6nJ,206.000,YHloJXirCx60SFnV,227.000,Nsmpq/og5cO95HwJ
4,65,2026-03-25T14:24:30.276Z,212.000,10,71.000,Do8hC1pw172W9xvw,75.000,uT1RCshO88YMpxwE,101.000,2N4uTfQs/yo3mBYi,166.000,obTLIQc2u6K1oipM,200.000,02xuA6TviChey6nJ,206.000,Kxg/hrv/euEuhbOE,211.000,MwfJUdRQPbSNr9Io,214.000,YHloJXirCx60SFnV,215.000,Nsmpq/og5cO95HwJ,218.000,2iset8PVX4jSTSEH
4,66,2026-03-25T14:24:30.488Z,195.000,10,56.000,Do8hC1pw172W9xvw,88.000,2N4uTfQs/yo3mBYi,108.000,uT1RCshO88YMpxwE,155.000,obTLIQc2u6K1oipM,191.000,MwfJUdRQPbSNr9Io,193.000,02xuA6TviChey6nJ,195.000,Nsmpq/og5cO95HwJ,197.000,Kxg/hrv/euEuhbOE,213.000,YHloJXirCx60SFnV,238.000,2iset8PVX4jSTSEH
4,67,2026-03-25T14:24:30.683Z,206.000,10,63.000,Do8hC1pw172W9xvw,83.000,uT1RCshO88YMpxwE,96.000,2N4uTfQs/yo3mBYi,168.000,obTLIQc2u6K1oipM,203.000,Kxg/hrv/euEuhbOE,205.000,MwfJUdRQPbSNr9Io,206.000,2iset8PVX4jSTSEH,207.000,YHloJXirCx60SFnV,209.000,Nsmpq/og5cO95HwJ,262.000,02xuA6TviChey6nJ
4,68,2026-03-25T14:24:30.889Z,203.000,10,43.000,Do8hC1pw172W9xvw,76.000,uT1RCshO88YMpxwE,87.000,2N4uTfQs/yo3mBYi,153.000,obTLIQc2u6K1oipM,188.000,2iset8PVX4jSTSEH,192.000,Kxg/hrv/euEuhbOE,203.000,YHloJXirCx60SFnV,204.000,Nsmpq/og5cO95HwJ,226.000,02xuA6TviChey6nJ,228.000,MwfJUdRQPbSNr9Io
4,69,2026-03-25T14:24:31.092Z,191.000,10,48.000,Do8hC1pw172W9xvw,76.000,uT1RCshO88YMpxwE,89.000,2N4uTfQs/yo3mBYi,163.000,obTLIQc2u6K1oipM,175.000,2iset8PVX4jSTSEH,181.000,MwfJUdRQPbSNr9Io,190.000,Nsmpq/og5cO95HwJ,194.000,Kxg/hrv/euEuhbOE,212.000,YHloJXirCx60SFnV,254.000,02xuA6TviChey6nJ
4,70,2026-03-25T14:24:31.283Z,206.000,10,66.000,Do8hC1pw172W9xvw,94.000,uT1RCshO88YMpxwE,98.000,2N4uTfQs/yo3mBYi,161.000,obTLIQc2u6K1oipM,197.000,2iset8PVX4jSTSEH,202.000,Nsmpq/og5cO95HwJ,206.000,Kxg/hrv/euEuhbOE,213.000,YHloJXirCx60SFnV,217.000,MwfJUdRQPbSNr9Io,228.000,02xuA6TviChey6nJ
4,71,2026-03-25T14:24:31.489Z,196.000,10,68.000,Do8hC1pw172W9xvw,79.000,uT1RCshO88YMpxwE,92.000,2N4uTfQs/yo3mBYi,156.000,obTLIQc2u6K1oipM,175.000,2iset8PVX4jSTSEH,187.000,Kxg/hrv/euEuhbOE,195.000,Nsmpq/og5cO95HwJ,208.000,MwfJUdRQPbSNr9Io,211.000,YHloJXirCx60SFnV,215.000,02xuA6TviChey6nJ
4,72,2026-03-25T14:24:31.685Z,209.000,10,69.000,Do8hC1pw172W9xvw,88.000,2N4uTfQs/yo3mBYi,90.000,uT1RCshO88YMpxwE,166.000,obTLIQc2u6K1oipM,197.000,Kxg/hrv/euEuhbOE,205.000,Nsmpq/og5cO95HwJ,209.000,02xuA6TviChey6nJ,217.000,MwfJUdRQPbSNr9Io,218.000,2iset8PVX4jSTSEH,299.000,YHloJXirCx60SFnV
4,73,2026-03-25T14:24:31.894Z,201.000,10,63.000,Do8hC1pw172W9xvw,85.000,uT1RCshO88YMpxwE,94.000,2N4uTfQs/yo3mBYi,155.000,obTLIQc2u6K1oipM,169.000,2iset8PVX4jSTSEH,199.000,Kxg/hrv/euEuhbOE,201.000,02xuA6TviChey6nJ,204.000,Nsmpq/og5cO95HwJ,207.000,MwfJUdRQPbSNr9Io,215.000,YHloJXirCx60SFnV
4,74,2026-03-25T14:24:32.095Z,199.000,10,60.000,Do8hC1pw172W9xvw,68.000,uT1RCshO88YMpxwE,92.000,2N4uTfQs/yo3mBYi,160.000,obTLIQc2u6K1oipM,196.000,02xuA6TviChey6nJ,198.000,YHloJXirCx60SFnV,199.000,2iset8PVX4jSTSEH,203.000,Nsmpq/og5cO95HwJ,261.000,MwfJUdRQPbSNr9Io,308.000,Kxg/hrv/euEuhbOE
4,75,2026-03-25T14:24:32.294Z,202.000,10,66.000,Do8hC1pw172W9xvw,73.000,uT1RCshO88YMpxwE,97.000,2N4uTfQs/yo3mBYi,157.000,obTLIQc2u6K1oipM,188.000,Nsmpq/og5cO95HwJ,198.000,MwfJUdRQPbSNr9Io,202.000,Kxg/hrv/euEuhbOE,205.000,2iset8PVX4jSTSEH,207.000,YHloJXirCx60SFnV,228.000,02xuA6TviChey6nJ
4,76,2026-03-25T14:24:32.496Z,202.000,10,64.000,Do8hC1pw172W9xvw,75.000,uT1RCshO88YMpxwE,96.000,2N4uTfQs/yo3mBYi,166.000,obTLIQc2u6K1oipM,183.000,2iset8PVX4jSTSEH,200.000,Kxg/hrv/euEuhbOE,202.000,Nsmpq/og5cO95HwJ,209.000,02xuA6TviChey6nJ,213.000,MwfJUdRQPbSNr9Io,214.000,YHloJXirCx60SFnV
4,77,2026-03-25T14:24:32.698Z,197.000,10,72.000,Do8hC1pw172W9xvw,93.000,uT1RCshO88YMpxwE,96.000,2N4uTfQs/yo3mBYi,156.000,obTLIQc2u6K1oipM,188.000,2iset8PVX4jSTSEH,194.000,02xuA6TviChey6nJ,197.000,Nsmpq/og5cO95HwJ,201.000,Kxg/hrv/euEuhbOE,204.000,MwfJUdRQPbSNr9Io,209.000,YHloJXirCx60SFnV
4,78,2026-03-25T14:24:32.895Z,199.000,10,67.000,Do8hC1pw172W9xvw,92.000,uT1RCshO88YMpxwE,95.000,2N4uTfQs/yo3mBYi,160.000,obTLIQc2u6K1oipM,193.000,Nsmpq/og5cO95HwJ,197.000,Kxg/hrv/euEuhbOE,199.000,2iset8PVX4jSTSEH,206.000,02xuA6TviChey6nJ,209.000,MwfJUdRQPbSNr9Io,227.000,YHloJXirCx60SFnV
4,79,2026-03-25T14:24:33.094Z,204.000,10,72.000,Do8hC1pw172W9xvw,84.000,uT1RCshO88YMpxwE,94.000,2N4uTfQs/yo3mBYi,161.000,obTLIQc2u6K1oipM,191.000,MwfJUdRQPbSNr9Io,203.000,Nsmpq/og5cO95HwJ,204.000,2iset8PVX4jSTSEH,205.000,YHloJXirCx60SFnV,214.000,02xuA6TviChey6nJ,268.000,Kxg/hrv/euEuhbOE
4,80,2026-03-25T14:24:33.298Z,204.000,10,76.000,Do8hC1pw172W9xvw,82.000,uT1RCshO88YMpxwE,97.000,2N4uTfQs/yo3mBYi,167.000,obTLIQc2u6K1oipM,187.000,Kxg/hrv/euEuhbOE,199.000,MwfJUdRQPbSNr9Io,204.000,YHloJXirCx60SFnV,205.000,02xuA6TviChey6nJ,209.000,Nsmpq/og5cO95HwJ,211.000,2iset8PVX4jSTSEH
4,81,2026-03-25T14:24:33.502Z,201.000,10,47.000,Do8hC1pw172W9xvw,79.000,uT1RCshO88YMpxwE,92.000,2N4uTfQs/yo3mBYi,159.000,obTLIQc2u6K1oipM,180.000,2iset8PVX4jSTSEH,188.000,02xuA6TviChey6nJ,201.000,Nsmpq/og5cO95HwJ,203.000,YHloJXirCx60SFnV,208.000,Kxg/hrv/euEuhbOE,256.000,MwfJUdRQPbSNr9Io
4,82,2026-03-25T14:24:33.703Z,196.000,10,63.000,Do8hC1pw172W9xvw,82.000,uT1RCshO88YMpxwE,108.000,2N4uTfQs/yo3mBYi,157.000,obTLIQc2u6K1oipM,178.000,Kxg/hrv/euEuhbOE,188.000,2iset8PVX4jSTSEH,196.000,02xuA6TviChey6nJ,202.000,MwfJUdRQPbSNr9Io,212.000,Nsmpq/og5cO95HwJ,218.000,YHloJXirCx60SFnV
4,83,2026-03-25T14:24:33.899Z,205.000,10,67.000,Do8hC1pw172W9xvw,87.000,uT1RCshO88YMpxwE,101.000,2N4uTfQs/yo3mBYi,171.000,obTLIQc2u6K1oipM,190.000,2iset8PVX4jSTSEH,192.000,02xuA6TviChey6nJ,205.000,Kxg/hrv/euEuhbOE,206.000,Nsmpq/og5cO95HwJ,209.000,MwfJUdRQPbSNr9Io,216.000,YHloJXirCx60SFnV
4,84,2026-03-25T14:24:34.104Z,202.000,10,64.000,Do8hC1pw172W9xvw,70.000,uT1RCshO88YMpxwE,106.000,2N4uTfQs/yo3mBYi,161.000,obTLIQc2u6K1oipM,178.000,2iset8PVX4jSTSEH,199.000,YHloJXirCx60SFnV,202.000,Kxg/hrv/euEuhbOE,207.000,MwfJUdRQPbSNr9Io,210.000,Nsmpq/og5cO95HwJ,218.000,02xuA6TviChey6nJ
4,85,2026-03-25T14:24:34.306Z,192.000,10,63.000,Do8hC1pw172W9xvw,82.000,2N4uTfQs/yo3mBYi,86.000,uT1RCshO88YMpxwE,154.000,obTLIQc2u6K1oipM,181.000,Nsmpq/og5cO95HwJ,188.000,MwfJUdRQPbSNr9Io,192.000,02xuA6TviChey6nJ,193.000,2iset8PVX4jSTSEH,194.000,Kxg/hrv/euEuhbOE,202.000,YHloJXirCx60SFnV
4,86,2026-03-25T14:24:34.498Z,216.000,10,62.000,Do8hC1pw172W9xvw,100.000,uT1RCshO88YMpxwE,102.000,2N4uTfQs/yo3mBYi,176.000,obTLIQc2u6K1oipM,211.000,02xuA6TviChey6nJ,215.000,YHloJXirCx60SFnV,216.000,Kxg/hrv/euEuhbOE,219.000,Nsmpq/og5cO95HwJ,221.000,MwfJUdRQPbSNr9Io,224.000,2iset8PVX4jSTSEH
4,87,2026-03-25T14:24:34.714Z,199.000,10,62.000,Do8hC1pw172W9xvw,79.000,uT1RCshO88YMpxwE,90.000,2N4uTfQs/yo3mBYi,151.000,obTLIQc2u6K1oipM,181.000,2iset8PVX4jSTSEH,191.000,02xuA6TviChey6nJ,199.000,YHloJXirCx60SFnV,206.000,MwfJUdRQPbSNr9Io,256.000,Kxg/hrv/euEuhbOE,231.000,Nsmpq/og5cO95HwJ
4,88,2026-03-25T14:24:34.913Z,210.000,10,63.000,Do8hC1pw172W9xvw,67.000,uT1RCshO88YMpxwE,103.000,2N4uTfQs/yo3mBYi,166.000,obTLIQc2u6K1oipM,189.000,MwfJUdRQPbSNr9Io,205.000,02xuA6TviChey6nJ,210.000,Kxg/hrv/euEuhbOE,213.000,2iset8PVX4jSTSEH,216.000,Nsmpq/og5cO95HwJ,218.000,YHloJXirCx60SFnV
4,89,2026-03-25T14:24:35.123Z,192.000,10,50.000,Do8hC1pw172W9xvw,69.000,uT1RCshO88YMpxwE,78.000,2N4uTfQs/yo3mBYi,141.000,obTLIQc2u6K1oipM,189.000,2iset8PVX4jSTSEH,191.000,02xuA6TviChey6nJ,192.000,Nsmpq/og5cO95HwJ,193.000,MwfJUdRQPbSNr9Io,195.000,Kxg/hrv/euEuhbOE,196.000,YHloJXirCx60SFnV
4,90,2026-03-25T14:24:35.315Z,202.000,10,54.000,Do8hC1pw172W9xvw,90.000,uT1RCshO88YMpxwE,101.000,2N4uTfQs/yo3mBYi,160.000,obTLIQc2u6K1oipM,188.000,MwfJUdRQPbSNr9Io,199.000,02xuA6TviChey6nJ,201.000,YHloJXirCx60SFnV,208.000,Kxg/hrv/euEuhbOE,255.000,2iset8PVX4jSTSEH,214.000,Nsmpq/og5cO95HwJ
4,91,2026-03-25T14:24:35.517Z,201.000,10,61.000,Do8hC1pw172W9xvw,91.000,uT1RCshO88YMpxwE,92.000,2N4uTfQs/yo3mBYi,151.000,obTLIQc2u6K1oipM,183.000,02xuA6TviChey6nJ,189.000,Kxg/hrv/euEuhbOE,200.000,Nsmpq/og5cO95HwJ,204.000,YHloJXirCx60SFnV,207.000,MwfJUdRQPbSNr9Io,245.000,2iset8PVX4jSTSEH
4,92,2026-03-25T14:24:35.718Z,196.000,10,88.000,2N4uTfQs/yo3mBYi,91.000,uT1RCshO88YMpxwE,135.000,obTLIQc2u6K1oipM,177.000,Do8hC1pw172W9xvw,188.000,Nsmpq/og5cO95HwJ,193.000,02xuA6TviChey6nJ,196.000,MwfJUdRQPbSNr9Io,199.000,Kxg/hrv/euEuhbOE,206.000,YHloJXirCx60SFnV,217.000,2iset8PVX4jSTSEH
4,93,2026-03-25T14:24:35.914Z,216.000,10,76.000,uT1RCshO88YMpxwE,94.000,2N4uTfQs/yo3mBYi,152.000,obTLIQc2u6K1oipM,177.000,Nsmpq/og5cO95HwJ,184.000,Do8hC1pw172W9xvw,195.000,YHloJXirCx60SFnV,216.000,2iset8PVX4jSTSEH,220.000,MwfJUdRQPbSNr9Io,222.000,02xuA6TviChey6nJ,223.000,Kxg/hrv/euEuhbOE
4,94,2026-03-25T14:24:36.130Z,188.000,10,64.000,uT1RCshO88YMpxwE,81.000,2N4uTfQs/yo3mBYi,132.000,obTLIQc2u6K1oipM,166.000,Do8hC1pw172W9xvw,177.000,Nsmpq/og5cO95HwJ,185.000,Kxg/hrv/euEuhbOE,188.000,2iset8PVX4jSTSEH,202.000,MwfJUdRQPbSNr9Io,213.000,02xuA6TviChey6nJ,225.000,YHloJXirCx60SFnV
4,95,2026-03-25T14:24:36.318Z,199.000,10,111.000,2N4uTfQs/yo3mBYi,113.000,uT1RCshO88YMpxwE,153.000,Do8hC1pw172W9xvw,170.000,obTLIQc2u6K1oipM,190.000,MwfJUdRQPbSNr9Io,196.000,Kxg/hrv/euEuhbOE,199.000,02xuA6TviChey6nJ,212.000,Nsmpq/og5cO95HwJ,214.000,YHloJXirCx60SFnV,241.000,2iset8PVX4jSTSEH
4,96,2026-03-25T14:24:36.517Z,200.000,10,87.000,uT1RCshO88YMpxwE,91.000,2N4uTfQs/yo3mBYi,148.000,Do8hC1pw172W9xvw,167.000,obTLIQc2u6K1oipM,186.000,2iset8PVX4jSTSEH,196.000,02xuA6TviChey6nJ,199.000,Nsmpq/og5cO95HwJ,202.000,Kxg/hrv/euEuhbOE,216.000,YHloJXirCx60SFnV,218.000,MwfJUdRQPbSNr9Io
4,97,2026-03-25T14:24:36.717Z,202.000,10,93.000,uT1RCshO88YMpxwE,94.000,2N4uTfQs/yo3mBYi,168.000,obTLIQc2u6K1oipM,174.000,Do8hC1pw172W9xvw,188.000,Kxg/hrv/euEuhbOE,200.000,MwfJUdRQPbSNr9Io,202.000,02xuA6TviChey6nJ,205.000,Nsmpq/og5cO95HwJ,214.000,YHloJXirCx60SFnV,215.000,2iset8PVX4jSTSEH
4,98,2026-03-25T14:24:36.919Z,202.000,10,86.000,uT1RCshO88YMpxwE,95.000,2N4uTfQs/yo3mBYi,157.000,Do8hC1pw172W9xvw,162.000,obTLIQc2u6K1oipM,192.000,Kxg/hrv/euEuhbOE,200.000,MwfJUdRQPbSNr9Io,202.000,Nsmpq/og5cO95HwJ,222.000,YHloJXirCx60SFnV,223.000,02xuA6TviChey6nJ,226.000,2iset8PVX4jSTSEH
4,99,2026-03-25T14:24:37.121Z,220.000,10,100.000,2N4uTfQs/yo3mBYi,102.000,uT1RCshO88YMpxwE,160.000,Do8hC1pw172W9xvw,171.000,obTLIQc2u6K1oipM,203.000,MwfJUdRQPbSNr9Io,208.000,02xuA6TviChey6nJ,220.000,2iset8PVX4jSTSEH,226.000,YHloJXirCx60SFnV,231.000,Nsmpq/og5cO95HwJ,244.000,Kxg/hrv/euEuhbOE
4,100,2026-03-25T14:24:37.341Z,200.000,10,82.000,2N4uTfQs/yo3mBYi,85.000,uT1RCshO88YMpxwE,126.000,Do8hC1pw172W9xvw,163.000,obTLIQc2u6K1oipM,193.000,MwfJUdRQPbSNr9Io,197.000,02xuA6TviChey6nJ,200.000,2iset8PVX4jSTSEH,201.000,Nsmpq/og5cO95HwJ,203.000,YHloJXirCx60SFnV,213.000,Kxg/hrv/euEuhbOE
4,101,2026-03-25T14:24:37.541Z,188.000,10,72.000,2N4uTfQs/yo3mBYi,81.000,uT1RCshO88YMpxwE,140.000,Do8hC1pw172W9xvw,152.000,obTLIQc2u6K1oipM,177.000,2iset8PVX4jSTSEH,181.000,Nsmpq/og5cO95HwJ,188.000,MwfJUdRQPbSNr9Io,189.000,02xuA6TviChey6nJ,197.000,YHloJXirCx60SFnV,202.000,Kxg/hrv/euEuhbOE
4,102,2026-03-25T14:24:37.729Z,207.000,10,92.000,2N4uTfQs/yo3mBYi,105.000,uT1RCshO88YMpxwE,143.000,Do8hC1pw172W9xvw,175.000,obTLIQc2u6K1oipM,199.000,Nsmpq/og5cO95HwJ,204.000,02xuA6TviChey6nJ,207.000,2iset8PVX4jSTSEH,218.000,MwfJUdRQPbSNr9Io,220.000,Kxg/hrv/euEuhbOE,224.000,YHloJXirCx60SFnV
4,103,2026-03-25T14:24:37.936Z,210.000,10,89.000,2N4uTfQs/yo3mBYi,93.000,uT1RCshO88YMpxwE,151.000,Do8hC1pw172W9xvw,167.000,obTLIQc2u6K1oipM,195.000,Nsmpq/og5cO95HwJ,202.000,MwfJUdRQPbSNr9Io,210.000,Kxg/hrv/euEuhbOE,211.000,2iset8PVX4jSTSEH,213.000,YHloJXirCx60SFnV,255.000,02xuA6TviChey6nJ
4,104,2026-03-25T14:24:38.146Z,191.000,10,76.000,uT1RCshO88YMpxwE,82.000,2N4uTfQs/yo3mBYi,136.000,Do8hC1pw172W9xvw,154.000,obTLIQc2u6K1oipM,182.000,MwfJUdRQPbSNr9Io,188.000,2iset8PVX4jSTSEH,191.000,Nsmpq/og5cO95HwJ,210.000,YHloJXirCx60SFnV,224.000,02xuA6TviChey6nJ,232.000,Kxg/hrv/euEuhbOE
4,105,2026-03-25T14:24:38.337Z,226.000,10,92.000,uT1RCshO88YMpxwE,107.000,2N4uTfQs/yo3mBYi,156.000,obTLIQc2u6K1oipM,186.000,Nsmpq/og5cO95HwJ,193.000,2iset8PVX4jSTSEH,209.000,MwfJUdRQPbSNr9Io,226.000,Kxg/hrv/euEuhbOE,242.000,02xuA6TviChey6nJ,267.000,Do8hC1pw172W9xvw,278.000,YHloJXirCx60SFnV
4,106,2026-03-25T14:24:38.563Z,192.000,10,75.000,uT1RCshO88YMpxwE,90.000,2N4uTfQs/yo3mBYi,147.000,obTLIQc2u6K1oipM,157.000,Do8hC1pw172W9xvw,174.000,Nsmpq/og5cO95HwJ,184.000,MwfJUdRQPbSNr9Io,192.000,YHloJXirCx60SFnV,202.000,Kxg/hrv/euEuhbOE,205.000,2iset8PVX4jSTSEH,209.000,02xuA6TviChey6nJ
4,107,2026-03-25T14:24:38.755Z,182.000,10,77.000,uT1RCshO88YMpxwE,83.000,2N4uTfQs/yo3mBYi,129.000,Do8hC1pw172W9xvw,139.000,obTLIQc2u6K1oipM,167.000,MwfJUdRQPbSNr9Io,176.000,2iset8PVX4jSTSEH,182.000,Nsmpq/og5cO95HwJ,193.000,Kxg/hrv/euEuhbOE,198.000,YHloJXirCx60SFnV,203.000,02xuA6TviChey6nJ
4,108,2026-03-25T14:24:38.937Z,219.000,10,86.000,2N4uTfQs/yo3mBYi,103.000,uT1RCshO88YMpxwE,151.000,Do8hC1pw172W9xvw,169.000,obTLIQc2u6K1oipM,186.000,Nsmpq/og5cO95HwJ,197.000,MwfJUdRQPbSNr9Io,219.000,2iset8PVX4jSTSEH,221.000,YHloJXirCx60SFnV,229.000,Kxg/hrv/euEuhbOE,237.000,02xuA6TviChey6nJ
4,109,2026-03-25T14:24:39.156Z,196.000,10,72.000,2N4uTfQs/yo3mBYi,77.000,uT1RCshO88YMpxwE,121.000,Do8hC1pw172W9xvw,163.000,obTLIQc2u6K1oipM,177.000,Nsmpq/og5cO95HwJ,195.000,MwfJUdRQPbSNr9Io,196.000,2iset8PVX4jSTSEH,205.000,Kxg/hrv/euEuhbOE,214.000,YHloJXirCx60SFnV,238.000,02xuA6TviChey6nJ
4,110,2026-03-25T14:24:39.352Z,209.000,10,83.000,2N4uTfQs/yo3mBYi,89.000,uT1RCshO88YMpxwE,124.000,Do8hC1pw172W9xvw,157.000,obTLIQc2u6K1oipM,181.000,MwfJUdRQPbSNr9Io,194.000,Kxg/hrv/euEuhbOE,209.000,Nsmpq/og5cO95HwJ,212.000,YHloJXirCx60SFnV,214.000,2iset8PVX4jSTSEH,227.000,02xuA6TviChey6nJ
4,111,2026-03-25T14:24:39.561Z,191.000,10,75.000,uT1RCshO88YMpxwE,98.000,2N4uTfQs/yo3mBYi,112.000,Do8hC1pw172W9xvw,145.000,obTLIQc2u6K1oipM,180.000,Nsmpq/og5cO95HwJ,188.000,MwfJUdRQPbSNr9Io,191.000,YHloJXirCx60SFnV,204.000,Kxg/hrv/euEuhbOE,217.000,2iset8PVX4jSTSEH,233.000,02xuA6TviChey6nJ
4,112,2026-03-25T14:24:39.752Z,192.000,10,87.000,uT1RCshO88YMpxwE,114.000,2N4uTfQs/yo3mBYi,134.000,Do8hC1pw172W9xvw,154.000,obTLIQc2u6K1oipM,165.000,MwfJUdRQPbSNr9Io,182.000,Nsmpq/og5cO95HwJ,192.000,YHloJXirCx60SFnV,218.000,Kxg/hrv/euEuhbOE,236.000,02xuA6TviChey6nJ,237.000,2iset8PVX4jSTSEH
4,113,2026-03-25T14:24:39.944Z,217.000,10,94.000,uT1RCshO88YMpxwE,109.000,2N4uTfQs/yo3mBYi,144.000,Do8hC1pw172W9xvw,163.000,obTLIQc2u6K1oipM,209.000,Nsmpq/og5cO95HwJ,213.000,MwfJUdRQPbSNr9Io,217.000,YHloJXirCx60SFnV,227.000,2iset8PVX4jSTSEH,231.000,Kxg/hrv/euEuhbOE,321.000,02xuA6TviChey6nJ
4,114,2026-03-25T14:24:40.161Z,194.000,10,81.000,uT1RCshO88YMpxwE,88.000,2N4uTfQs/yo3mBYi,118.000,Do8hC1pw172W9xvw,149.000,obTLIQc2u6K1oipM,182.000,Nsmpq/og5cO95HwJ,191.000,MwfJUdRQPbSNr9Io,194.000,Kxg/hrv/euEuhbOE,205.000,YHloJXirCx60SFnV,231.000,2iset8PVX4jSTSEH,240.000,02xuA6TviChey6nJ
4,115,2026-03-25T14:24:40.355Z,203.000,10,98.000,uT1RCshO88YMpxwE,105.000,2N4uTfQs/yo3mBYi,137.000,Do8hC1pw172W9xvw,161.000,obTLIQc2u6K1oipM,167.000,Nsmpq/og5cO95HwJ,196.000,YHloJXirCx60SFnV,203.000,MwfJUdRQPbSNr9Io,205.000,Kxg/hrv/euEuhbOE,239.000,2iset8PVX4jSTSEH,254.000,02xuA6TviChey6nJ
4,116,2026-03-25T14:24:40.558Z,197.000,10,84.000,uT1RCshO88YMpxwE,102.000,2N4uTfQs/yo3mBYi,132.000,Do8hC1pw172W9xvw,153.000,obTLIQc2u6K1oipM,185.000,Nsmpq/og5cO95HwJ,187.000,MwfJUdRQPbSNr9Io,197.000,YHloJXirCx60SFnV,198.000,Kxg/hrv/euEuhbOE,220.000,02xuA6TviChey6nJ,231.000,2iset8PVX4jSTSEH
4,117,2026-03-25T14:24:40.755Z,210.000,10,92.000,uT1RCshO88YMpxwE,111.000,2N4uTfQs/yo3mBYi,153.000,Do8hC1pw172W9xvw,154.000,obTLIQc2u6K1oipM,190.000,MwfJUdRQPbSNr9Io,199.000,YHloJXirCx60SFnV,210.000,Nsmpq/og5cO95HwJ,213.000,Kxg/hrv/euEuhbOE,236.000,02xuA6TviChey6nJ,241.000,2iset8PVX4jSTSEH
4,118,2026-03-25T14:24:40.965Z,215.000,10,90.000,uT1RCshO88YMpxwE,99.000,2N4uTfQs/yo3mBYi,142.000,Do8hC1pw172W9xvw,156.000,obTLIQc2u6K1oipM,178.000,MwfJUdRQPbSNr9Io,198.000,Nsmpq/og5cO95HwJ,215.000,YHloJXirCx60SFnV,222.000,2iset8PVX4jSTSEH,230.000,Kxg/hrv/euEuhbOE,243.000,02xuA6TviChey6nJ
4,119,2026-03-25T14:24:41.180Z,193.000,10,61.000,uT1RCshO88YMpxwE,79.000,2N4uTfQs/yo3mBYi,120.000,Do8hC1pw172W9xvw,141.000,obTLIQc2u6K1oipM,185.000,MwfJUdRQPbSNr9Io,186.000,Nsmpq/og5cO95HwJ,193.000,Kxg/hrv/euEuhbOE,201.000,YHloJXirCx60SFnV,214.000,02xuA6TviChey6nJ,239.000,2iset8PVX4jSTSEH
4,120,2026-03-25T14:24:41.373Z,202.000,10,78.000,uT1RCshO88YMpxwE,82.000,2N4uTfQs/yo3mBYi,117.000,Do8hC1pw172W9xvw,141.000,obTLIQc2u6K1oipM,169.000,MwfJUdRQPbSNr9Io,185.000,YHloJXirCx60SFnV,202.000,Nsmpq/og5cO95HwJ,217.000,2iset8PVX4jSTSEH,223.000,Kxg/hrv/euEuhbOE,232.000,02xuA6TviChey6nJ
4,121,2026-03-25T14:24:41.575Z,206.000,10,79.000,uT1RCshO88YMpxwE,94.000,2N4uTfQs/yo3mBYi,135.000,Do8hC1pw172W9xvw,146.000,obTLIQc2u6K1oipM,165.000,MwfJUdRQPbSNr9Io,196.000,Nsmpq/og5cO95HwJ,205.000,Kxg/hrv/euEuhbOE,215.000,2iset8PVX4jSTSEH,219.000,02xuA6TviChey6nJ,227.000,YHloJXirCx60SFnV
4,122,2026-03-25T14:24:41.781Z,180.000,10,75.000,uT1RCshO88YMpxwE,89.000,2N4uTfQs/yo3mBYi,109.000,Do8hC1pw172W9xvw,133.000,obTLIQc2u6K1oipM,165.000,Kxg/hrv/euEuhbOE,170.000,Nsmpq/og5cO95HwJ,179.000,MwfJUdRQPbSNr9Io,181.000,YHloJXirCx60SFnV,216.000,2iset8PVX4jSTSEH,218.000,02xuA6TviChey6nJ
4,123,2026-03-25T14:24:41.961Z,205.000,10,92.000,uT1RCshO88YMpxwE,104.000,2N4uTfQs/yo3mBYi,141.000,Do8hC1pw172W9xvw,154.000,obTLIQc2u6K1oipM,202.000,MwfJUdRQPbSNr9Io,203.000,Kxg/hrv/euEuhbOE,205.000,Nsmpq/og5cO95HwJ,217.000,YHloJXirCx60SFnV,237.000,2iset8PVX4jSTSEH,240.000,02xuA6TviChey6nJ
4,124,2026-03-25T14:24:42.166Z,231.000,10,91.000,uT1RCshO88YMpxwE,105.000,2N4uTfQs/yo3mBYi,150.000,Do8hC1pw172W9xvw,180.000,obTLIQc2u6K1oipM,210.000,MwfJUdRQPbSNr9Io,224.000,YHloJXirCx60SFnV,231.000,02xuA6TviChey6nJ,241.000,Kxg/hrv/euEuhbOE,258.000,Nsmpq/og5cO95HwJ,336.000,2iset8PVX4jSTSEH
4,125,2026-03-25T14:24:42.397Z,181.000,9,69.000,2N4uTfQs/yo3mBYi,78.000,uT1RCshO88YMpxwE,113.000,Do8hC1pw172W9xvw,131.000,obTLIQc2u6K1oipM,148.000,MwfJUdRQPbSNr9Io,168.000,Kxg/hrv/euEuhbOE,181.000,YHloJXirCx60SFnV,204.000,Nsmpq/og5cO95HwJ,213.000,02xuA6TviChey6nJ,,
4,126,2026-03-25T14:24:42.578Z,198.000,10,84.000,uT1RCshO88YMpxwE,85.000,2iset8PVX4jSTSEH,103.000,2N4uTfQs/yo3mBYi,147.000,Do8hC1pw172W9xvw,156.000,obTLIQc2u6K1oipM,195.000,YHloJXirCx60SFnV,198.000,MwfJUdRQPbSNr9Io,206.000,Kxg/hrv/euEuhbOE,220.000,02xuA6TviChey6nJ,227.000,Nsmpq/og5cO95HwJ
4,127,2026-03-25T14:24:42.776Z,202.000,10,95.000,uT1RCshO88YMpxwE,98.000,2iset8PVX4jSTSEH,99.000,2N4uTfQs/yo3mBYi,150.000,obTLIQc2u6K1oipM,191.000,YHloJXirCx60SFnV,194.000,Do8hC1pw172W9xvw,202.000,Kxg/hrv/euEuhbOE,211.000,MwfJUdRQPbSNr9Io,235.000,02xuA6TviChey6nJ,250.000,Nsmpq/og5cO95HwJ
4,128,2026-03-25T14:24:42.978Z,200.000,10,90.000,2iset8PVX4jSTSEH,93.000,uT1RCshO88YMpxwE,103.000,2N4uTfQs/yo3mBYi,127.000,Do8hC1pw172W9xvw,145.000,obTLIQc2u6K1oipM,198.000,MwfJUdRQPbSNr9Io,200.000,Kxg/hrv/euEuhbOE,201.000,YHloJXirCx60SFnV,214.000,Nsmpq/og5cO95HwJ,230.000,02xuA6TviChey6nJ
4,129,2026-03-25T14:24:43.178Z,199.000,10,95.000,uT1RCshO88YMpxwE,96.000,2N4uTfQs/yo3mBYi,108.000,2iset8PVX4jSTSEH,125.000,Do8hC1pw172W9xvw,154.000,obTLIQc2u6K1oipM,183.000,Kxg/hrv/euEuhbOE,199.000,MwfJUdRQPbSNr9Io,210.000,YHloJXirCx60SFnV,233.000,02xuA6TviChey6nJ,242.000,Nsmpq/og5cO95HwJ
4,130,2026-03-25T14:24:43.377Z,214.000,10,97.000,2N4uTfQs/yo3mBYi,115.000,uT1RCshO88YMpxwE,126.000,2iset8PVX4jSTSEH,143.000,Do8hC1pw172W9xvw,159.000,obTLIQc2u6K1oipM,196.000,Kxg/hrv/euEuhbOE,214.000,MwfJUdRQPbSNr9Io,217.000,YHloJXirCx60SFnV,232.000,02xuA6TviChey6nJ,243.000,Nsmpq/og5cO95HwJ
4,131,2026-03-25T14:24:43.591Z,173.000,10,95.000,2N4uTfQs/yo3mBYi,99.000,2iset8PVX4jSTSEH,101.000,uT1RCshO88YMpxwE,130.000,Do8hC1pw172W9xvw,142.000,obTLIQc2u6K1oipM,170.000,Kxg/hrv/euEuhbOE,173.000,MwfJUdRQPbSNr9Io,194.000,YHloJXirCx60SFnV,201.000,Nsmpq/og5cO95HwJ,220.000,02xuA6TviChey6nJ
4,132,2026-03-25T14:24:43.764Z,217.000,10,119.000,uT1RCshO88YMpxwE,122.000,2N4uTfQs/yo3mBYi,136.000,2iset8PVX4jSTSEH,159.000,Do8hC1pw172W9xvw,172.000,obTLIQc2u6K1oipM,215.000,YHloJXirCx60SFnV,217.000,MwfJUdRQPbSNr9Io,238.000,Nsmpq/og5cO95HwJ,240.000,02xuA6TviChey6nJ,257.000,Kxg/hrv/euEuhbOE
4,133,2026-03-25T14:24:43.981Z,212.000,10,104.000,uT1RCshO88YMpxwE,106.000,2N4uTfQs/yo3mBYi,110.000,2iset8PVX4jSTSEH,124.000,Do8hC1pw172W9xvw,155.000,obTLIQc2u6K1oipM,188.000,MwfJUdRQPbSNr9Io,211.000,YHloJXirCx60SFnV,217.000,Kxg/hrv/euEuhbOE,233.000,02xuA6TviChey6nJ,239.000,Nsmpq/og5cO95HwJ
4,134,2026-03-25T14:24:44.193Z,206.000,10,96.000,2N4uTfQs/yo3mBYi,103.000,2iset8PVX4jSTSEH,108.000,uT1RCshO88YMpxwE,114.000,Do8hC1pw172W9xvw,157.000,obTLIQc2u6K1oipM,175.000,MwfJUdRQPbSNr9Io,205.000,Kxg/hrv/euEuhbOE,213.000,YHloJXirCx60SFnV,240.000,Nsmpq/og5cO95HwJ,309.000,02xuA6TviChey6nJ
4,135,2026-03-25T14:24:44.399Z,188.000,9,89.000,2N4uTfQs/yo3mBYi,91.000,2iset8PVX4jSTSEH,93.000,uT1RCshO88YMpxwE,113.000,Do8hC1pw172W9xvw,141.000,obTLIQc2u6K1oipM,187.000,Kxg/hrv/euEuhbOE,188.000,MwfJUdRQPbSNr9Io,203.000,YHloJXirCx60SFnV,226.000,Nsmpq/og5cO95HwJ,,
4,136,2026-03-25T14:24:44.587Z,180.000,10,92.000,02xuA6TviChey6nJ,97.000,2N4uTfQs/yo3mBYi,109.000,2iset8PVX4jSTSEH,111.000,uT1RCshO88YMpxwE,158.000,Do8hC1pw172W9xvw,159.000,obTLIQc2u6K1oipM,180.000,MwfJUdRQPbSNr9Io,197.000,YHloJXirCx60SFnV,205.000,Kxg/hrv/euEuhbOE,244.000,Nsmpq/og5cO95HwJ
4,137,2026-03-25T14:24:44.767Z,215.000,10,118.000,02xuA6TviChey6nJ,120.000,uT1RCshO88YMpxwE,124.000,2iset8PVX4jSTSEH,130.000,2N4uTfQs/yo3mBYi,140.000,Do8hC1pw172W9xvw,178.000,obTLIQc2u6K1oipM,215.000,Kxg/hrv/euEuhbOE,217.000,MwfJUdRQPbSNr9Io,228.000,YHloJXirCx60SFnV,263.000,Nsmpq/og5cO95HwJ
4,138,2026-03-25T14:24:44.982Z,193.000,10,122.000,uT1RCshO88YMpxwE,125.000,2iset8PVX4jSTSEH,127.000,2N4uTfQs/yo3mBYi,138.000,Do8hC1pw172W9xvw,151.000,02xuA6TviChey6nJ,166.000,obTLIQc2u6K1oipM,193.000,MwfJUdRQPbSNr9Io,220.000,YHloJXirCx60SFnV,224.000,Kxg/hrv/euEuhbOE,255.000,Nsmpq/og5cO95HwJ
4,139,2026-03-25T14:24:45.175Z,208.000,10,106.000,02xuA6TviChey6nJ,113.000,2N4uTfQs/yo3mBYi,124.000,2iset8PVX4jSTSEH,136.000,uT1RCshO88YMpxwE,139.000,Do8hC1pw172W9xvw,166.000,obTLIQc2u6K1oipM,207.000,MwfJUdRQPbSNr9Io,211.000,YHloJXirCx60SFnV,223.000,Kxg/hrv/euEuhbOE,249.000,Nsmpq/og5cO95HwJ
4,140,2026-03-25T14:24:45.383Z,201.000,10,105.000,02xuA6TviChey6nJ,114.000,uT1RCshO88YMpxwE,117.000,2N4uTfQs/yo3mBYi,126.000,2iset8PVX4jSTSEH,137.000,Do8hC1pw172W9xvw,163.000,obTLIQc2u6K1oipM,201.000,YHloJXirCx60SFnV,203.000,MwfJUdRQPbSNr9Io,224.000,Kxg/hrv/euEuhbOE,250.000,Nsmpq/og5cO95HwJ
4,141,2026-03-25T14:24:45.584Z,203.000,10,109.000,2N4uTfQs/yo3mBYi,114.000,02xuA6TviChey6nJ,119.000,uT1RCshO88YMpxwE,126.000,2iset8PVX4jSTSEH,140.000,Do8hC1pw172W9xvw,166.000,obTLIQc2u6K1oipM,202.000,MwfJUdRQPbSNr9Io,207.000,YHloJXirCx60SFnV,232.000,Kxg/hrv/euEuhbOE,234.000,Nsmpq/og5cO95HwJ
4,142,2026-03-25T14:24:45.787Z,201.000,10,108.000,02xuA6TviChey6nJ,113.000,2N4uTfQs/yo3mBYi,117.000,uT1RCshO88YMpxwE,132.000,Do8hC1pw172W9xvw,133.000,2iset8PVX4jSTSEH,166.000,obTLIQc2u6K1oipM,201.000,Kxg/hrv/euEuhbOE,202.000,MwfJUdRQPbSNr9Io,207.000,YHloJXirCx60SFnV,261.000,Nsmpq/og5cO95HwJ
4,143,2026-03-25T14:24:45.988Z,197.000,9,116.000,2iset8PVX4jSTSEH,120.000,02xuA6TviChey6nJ,130.000,2N4uTfQs/yo3mBYi,132.000,uT1RCshO88YMpxwE,141.000,Do8hC1pw172W9xvw,163.000,obTLIQc2u6K1oipM,197.000,MwfJUdRQPbSNr9Io,294.000,YHloJXirCx60SFnV,223.000,Kxg/hrv/euEuhbOE,,
4,144,2026-03-25T14:24:46.185Z,167.000,10,66.000,Nsmpq/og5cO95HwJ,109.000,2N4uTfQs/yo3mBYi,122.000,2iset8PVX4jSTSEH,126.000,02xuA6TviChey6nJ,127.000,uT1RCshO88YMpxwE,152.000,Do8hC1pw172W9xvw,167.000,obTLIQc2u6K1oipM,210.000,MwfJUdRQPbSNr9Io,269.000,YHloJXirCx60SFnV,228.000,Kxg/hrv/euEuhbOE
4,145,2026-03-25T14:24:46.352Z,201.000,10,89.000,Nsmpq/og5cO95HwJ,146.000,uT1RCshO88YMpxwE,148.000,02xuA6TviChey6nJ,149.000,2N4uTfQs/yo3mBYi,164.000,2iset8PVX4jSTSEH,188.000,Do8hC1pw172W9xvw,201.000,obTLIQc2u6K1oipM,226.000,Kxg/hrv/euEuhbOE,240.000,MwfJUdRQPbSNr9Io,286.000,YHloJXirCx60SFnV
4,146,2026-03-25T14:24:46.553Z,239.000,10,150.000,uT1RCshO88YMpxwE,154.000,Nsmpq/og5cO95HwJ,160.000,2N4uTfQs/yo3mBYi,163.000,02xuA6TviChey6nJ,173.000,2iset8PVX4jSTSEH,206.000,obTLIQc2u6K1oipM,238.000,MwfJUdRQPbSNr9Io,240.000,YHloJXirCx60SFnV,243.000,Do8hC1pw172W9xvw,248.000,Kxg/hrv/euEuhbOE
4,147,2026-03-25T14:24:46.792Z,197.000,10,74.000,Nsmpq/og5cO95HwJ,97.000,02xuA6TviChey6nJ,108.000,2iset8PVX4jSTSEH,117.000,2N4uTfQs/yo3mBYi,137.000,uT1RCshO88YMpxwE,164.000,obTLIQc2u6K1oipM,197.000,MwfJUdRQPbSNr9Io,198.000,Do8hC1pw172W9xvw,212.000,YHloJXirCx60SFnV,217.000,Kxg/hrv/euEuhbOE
4,148,2026-03-25T14:24:46.989Z,206.000,10,84.000,Nsmpq/og5cO95HwJ,115.000,2N4uTfQs/yo3mBYi,128.000,2iset8PVX4jSTSEH,129.000,uT1RCshO88YMpxwE,131.000,02xuA6TviChey6nJ,169.000,obTLIQc2u6K1oipM,205.000,Kxg/hrv/euEuhbOE,214.000,MwfJUdRQPbSNr9Io,222.000,YHloJXirCx60SFnV,227.000,Do8hC1pw172W9xvw
4,149,2026-03-25T14:24:47.195Z,196.000,10,61.000,Nsmpq/og5cO95HwJ,90.000,02xuA6TviChey6nJ,110.000,uT1RCshO88YMpxwE,116.000,2N4uTfQs/yo3mBYi,117.000,2iset8PVX4jSTSEH,161.000,obTLIQc2u6K1oipM,196.000,MwfJUdRQPbSNr9Io,205.000,Do8hC1pw172W9xvw,206.000,YHloJXirCx60SFnV,274.000,Kxg/hrv/euEuhbOE
4,150,2026-03-25T14:24:47.391Z,194.000,10,73.000,Nsmpq/og5cO95HwJ,113.000,02xuA6TviChey6nJ,121.000,uT1RCshO88YMpxwE,128.000,2N4uTfQs/yo3mBYi,129.000,2iset8PVX4jSTSEH,166.000,obTLIQc2u6K1oipM,194.000,YHloJXirCx60SFnV,202.000,Do8hC1pw172W9xvw,222.000,MwfJUdRQPbSNr9Io,224.000,Kxg/hrv/euEuhbOE
4,151,2026-03-25T14:24:47.585Z,199.000,10,83.000,Nsmpq/og5cO95HwJ,108.000,02xuA6TviChey6nJ,123.000,2N4uTfQs/yo3mBYi,125.000,2iset8PVX4jSTSEH,140.000,uT1RCshO88YMpxwE,172.000,obTLIQc2u6K1oipM,199.000,Do8hC1pw172W9xvw,206.000,Kxg/hrv/euEuhbOE,225.000,YHloJXirCx60SFnV,231.000,MwfJUdRQPbSNr9Io
4,152,2026-03-25T14:24:47.784Z,196.000,10,97.000,Nsmpq/og5cO95HwJ,131.000,02xuA6TviChey6nJ,133.000,2N4uTfQs/yo3mBYi,140.000,uT1RCshO88YMpxwE,145.000,2iset8PVX4jSTSEH,182.000,obTLIQc2u6K1oipM,196.000,YHloJXirCx60SFnV,209.000,MwfJUdRQPbSNr9Io,219.000,Do8hC1pw172W9xvw,254.000,Kxg/hrv/euEuhbOE
4,153,2026-03-25T14:24:47.980Z,204.000,10,114.000,02xuA6TviChey6nJ,125.000,2N4uTfQs/yo3mBYi,130.000,Nsmpq/og5cO95HwJ,136.000,2iset8PVX4jSTSEH,148.000,uT1RCshO88YMpxwE,193.000,obTLIQc2u6K1oipM,203.000,MwfJUdRQPbSNr9Io,228.000,YHloJXirCx60SFnV,232.000,Kxg/hrv/euEuhbOE,233.000,Do8hC1pw172W9xvw
4,154,2026-03-25T14:24:48.184Z,211.000,10,104.000,Nsmpq/og5cO95HwJ,114.000,02xuA6TviChey6nJ,123.000,2N4uTfQs/yo3mBYi,150.000,uT1RCshO88YMpxwE,152.000,2iset8PVX4jSTSEH,180.000,obTLIQc2u6K1oipM,211.000,Do8hC1pw172W9xvw,219.000,MwfJUdRQPbSNr9Io,241.000,Kxg/hrv/euEuhbOE,242.000,YHloJXirCx60SFnV
4,155,2026-03-25T14:24:48.395Z,199.000,10,98.000,Nsmpq/og5cO95HwJ,110.000,02xuA6TviChey6nJ,116.000,2N4uTfQs/yo3mBYi,125.000,2iset8PVX4jSTSEH,129.000,uT1RCshO88YMpxwE,164.000,obTLIQc2u6K1oipM,199.000,MwfJUdRQPbSNr9Io,206.000,YHloJXirCx60SFnV,216.000,Do8hC1pw172W9xvw,239.000,Kxg/hrv/euEuhbOE
4,156,2026-03-25T14:24:48.594Z,194.000,10,102.000,Nsmpq/og5cO95HwJ,173.000,02xuA6TviChey6nJ,177.000,uT1RCshO88YMpxwE,179.000,2iset8PVX4jSTSEH,180.000,2N4uTfQs/yo3mBYi,192.000,MwfJUdRQPbSNr9Io,194.000,YHloJXirCx60SFnV,201.000,Do8hC1pw172W9xvw,211.000,Kxg/hrv/euEuhbOE,226.000,obTLIQc2u6K1oipM
4,157,2026-03-25T14:24:48.788Z,191.000,10,104.000,Nsmpq/og5cO95HwJ,110.000,02xuA6TviChey6nJ,131.000,2N4uTfQs/yo3mBYi,141.000,2iset8PVX4jSTSEH,142.000,uT1RCshO88YMpxwE,186.000,MwfJUdRQPbSNr9Io,191.000,Do8hC1pw172W9xvw,199.000,Kxg/hrv/euEuhbOE,220.000,YHloJXirCx60SFnV,233.000,obTLIQc2u6K1oipM
4,158,2026-03-25T14:24:48.979Z,212.000,10,119.000,Nsmpq/og5cO95HwJ,131.000,2N4uTfQs/yo3mBYi,144.000,2iset8PVX4jSTSEH,156.000,02xuA6TviChey6nJ,167.000,uT1RCshO88YMpxwE,210.000,Do8hC1pw172W9xvw,212.000,MwfJUdRQPbSNr9Io,213.000,Kxg/hrv/euEuhbOE,247.000,obTLIQc2u6K1oipM,277.000,YHloJXirCx60SFnV
4,159,2026-03-25T14:24:49.191Z,203.000,10,111.000,Nsmpq/og5cO95HwJ,117.000,02xuA6TviChey6nJ,126.000,2N4uTfQs/yo3mBYi,139.000,2iset8PVX4jSTSEH,149.000,uT1RCshO88YMpxwE,198.000,Kxg/hrv/euEuhbOE,203.000,Do8hC1pw172W9xvw,204.000,MwfJUdRQPbSNr9Io,222.000,YHloJXirCx60SFnV,233.000,obTLIQc2u6K1oipM
4,160,2026-03-25T14:24:49.394Z,199.000,10,110.000,02xuA6TviChey6nJ,115.000,Nsmpq/og5cO95HwJ,121.000,2iset8PVX4jSTSEH,143.000,2N4uTfQs/yo3mBYi,144.000,uT1RCshO88YMpxwE,190.000,Kxg/hrv/euEuhbOE,199.000,Do8hC1pw172W9xvw,202.000,MwfJUdRQPbSNr9Io,217.000,YHloJXirCx60SFnV,235.000,obTLIQc2u6K1oipM
4,161,2026-03-25T14:24:49.593Z,212.000,10,93.000,Nsmpq/og5cO95HwJ,133.000,2iset8PVX4jSTSEH,141.000,2N4uTfQs/yo3mBYi,147.000,uT1RCshO88YMpxwE,197.000,Kxg/hrv/euEuhbOE,209.000,Do8hC1pw172W9xvw,211.000,MwfJUdRQPbSNr9Io,221.000,YHloJXirCx60SFnV,231.000,02xuA6TviChey6nJ,253.000,obTLIQc2u6K1oipM
4,162,2026-03-25T14:24:49.805Z,193.000,10,110.000,Nsmpq/og5cO95HwJ,121.000,2N4uTfQs/yo3mBYi,129.000,2iset8PVX4jSTSEH,136.000,02xuA6TviChey6nJ,139.000,uT1RCshO88YMpxwE,186.000,MwfJUdRQPbSNr9Io,193.000,Kxg/hrv/euEuhbOE,195.000,YHloJXirCx60SFnV,231.000,Do8hC1pw172W9xvw,232.000,obTLIQc2u6K1oipM
4,163,2026-03-25T14:24:49.998Z,204.000,10,118.000,02xuA6TviChey6nJ,130.000,2iset8PVX4jSTSEH,131.000,Nsmpq/og5cO95HwJ,157.000,uT1RCshO88YMpxwE,168.000,2N4uTfQs/yo3mBYi,197.000,MwfJUdRQPbSNr9Io,204.000,Do8hC1pw172W9xvw,215.000,YHloJXirCx60SFnV,227.000,Kxg/hrv/euEuhbOE,238.000,obTLIQc2u6K1oipM
4,164,2026-03-25T14:24:50.202Z,204.000,10,105.000,Nsmpq/og5cO95HwJ,123.000,02xuA6TviChey6nJ,124.000,2iset8PVX4jSTSEH,151.000,uT1RCshO88YMpxwE,159.000,2N4uTfQs/yo3mBYi,187.000,Do8hC1pw172W9xvw,204.000,Kxg/hrv/euEuhbOE,207.000,YHloJXirCx60SFnV,211.000,MwfJUdRQPbSNr9Io,225.000,obTLIQc2u6K1oipM
4,165,2026-03-25T14:24:50.406Z,204.000,10,102.000,Nsmpq/og5cO95HwJ,108.000,02xuA6TviChey6nJ,120.000,2iset8PVX4jSTSEH,129.000,uT1RCshO88YMpxwE,163.000,2N4uTfQs/yo3mBYi,201.000,YHloJXirCx60SFnV,204.000,Kxg/hrv/euEuhbOE,209.000,MwfJUdRQPbSNr9Io,229.000,obTLIQc2u6K1oipM,269.000,Do8hC1pw172W9xvw
4,166,2026-03-25T14:24:50.610Z,189.000,10,96.000,Nsmpq/og5cO95HwJ,104.000,02xuA6TviChey6nJ,117.000,2iset8PVX4jSTSEH,143.000,uT1RCshO88YMpxwE,167.000,2N4uTfQs/yo3mBYi,187.000,Kxg/hrv/euEuhbOE,189.000,Do8hC1pw172W9xvw,194.000,MwfJUdRQPbSNr9Io,201.000,YHloJXirCx60SFnV,220.000,obTLIQc2u6K1oipM
4,167,2026-03-25T14:24:50.799Z,217.000,10,129.000,02xuA6TviChey6nJ,132.000,Nsmpq/og5cO95HwJ,156.000,uT1RCshO88YMpxwE,160.000,2iset8PVX4jSTSEH,180.000,2N4uTfQs/yo3mBYi,214.000,Do8hC1pw172W9xvw,217.000,MwfJUdRQPbSNr9Io,225.000,YHloJXirCx60SFnV,228.000,Kxg/hrv/euEuhbOE,246.000,obTLIQc2u6K1oipM
4,168,2026-03-25T14:24:51.016Z,186.000,10,94.000,Nsmpq/og5cO95HwJ,107.000,02xuA6TviChey6nJ,118.000,2iset8PVX4jSTSEH,128.000,uT1RCshO88YMpxwE,156.000,2N4uTfQs/yo3mBYi,180.000,Kxg/hrv/euEuhbOE,186.000,MwfJUdRQPbSNr9Io,194.000,YHloJXirCx60SFnV,200.000,Do8hC1pw172W9xvw,214.000,obTLIQc2u6K1oipM
4,169,2026-03-25T14:24:51.202Z,201.000,10,116.000,02xuA6TviChey6nJ,128.000,Nsmpq/og5cO95HwJ,134.000,2iset8PVX4jSTSEH,149.000,uT1RCshO88YMpxwE,153.000,2N4uTfQs/yo3mBYi,197.000,Kxg/hrv/euEuhbOE,201.000,Do8hC1pw172W9xvw,205.000,YHloJXirCx60SFnV,209.000,MwfJUdRQPbSNr9Io,240.000,obTLIQc2u6K1oipM
4,170,2026-03-25T14:24:51.403Z,199.000,10,119.000,Nsmpq/og5cO95HwJ,119.000,02xuA6TviChey6nJ,121.000,2iset8PVX4jSTSEH,138.000,uT1RCshO88YMpxwE,164.000,2N4uTfQs/yo3mBYi,189.000,Do8hC1pw172W9xvw,199.000,MwfJUdRQPbSNr9Io,209.000,Kxg/hrv/euEuhbOE,226.000,YHloJXirCx60SFnV,231.000,obTLIQc2u6K1oipM
4,171,2026-03-25T14:24:51.602Z,208.000,10,114.000,02xuA6TviChey6nJ,120.000,Nsmpq/og5cO95HwJ,137.000,2iset8PVX4jSTSEH,162.000,uT1RCshO88YMpxwE,165.000,2N4uTfQs/yo3mBYi,178.000,MwfJUdRQPbSNr9Io,208.000,YHloJXirCx60SFnV,213.000,Do8hC1pw172W9xvw,234.000,obTLIQc2u6K1oipM,271.000,Kxg/hrv/euEuhbOE
4,172,2026-03-25T14:24:51.810Z,191.000,10,95.000,Nsmpq/og5cO95HwJ,120.000,2iset8PVX4jSTSEH,128.000,02xuA6TviChey6nJ,144.000,uT1RCshO88YMpxwE,179.000,MwfJUdRQPbSNr9Io,186.000,2N4uTfQs/yo3mBYi,191.000,Do8hC1pw172W9xvw,200.000,Kxg/hrv/euEuhbOE,225.000,obTLIQc2u6K1oipM,266.000,YHloJXirCx60SFnV
4,173,2026-03-25T14:24:52.001Z,208.000,10,107.000,Nsmpq/og5cO95HwJ,128.000,02xuA6TviChey6nJ,131.000,2iset8PVX4jSTSEH,158.000,uT1RCshO88YMpxwE,191.000,2N4uTfQs/yo3mBYi,192.000,Do8hC1pw172W9xvw,207.000,MwfJUdRQPbSNr9Io,210.000,Kxg/hrv/euEuhbOE,237.000,obTLIQc2u6K1oipM,261.000,YHloJXirCx60SFnV
4,174,2026-03-25T14:24:52.209Z,206.000,10,112.000,Nsmpq/og5cO95HwJ,119.000,02xuA6TviChey6nJ,142.000,2iset8PVX4jSTSEH,145.000,uT1RCshO88YMpxwE,188.000,2N4uTfQs/yo3mBYi,196.000,MwfJUdRQPbSNr9Io,205.000,Do8hC1pw172W9xvw,207.000,Kxg/hrv/euEuhbOE,220.000,YHloJXirCx60SFnV,230.000,obTLIQc2u6K1oipM
4,175,2026-03-25T14:24:52.415Z,199.000,10,104.000,Nsmpq/og5cO95HwJ,113.000,02xuA6TviChey6nJ,125.000,2iset8PVX4jSTSEH,145.000,2N4uTfQs/yo3mBYi,147.000,uT1RCshO88YMpxwE,197.000,MwfJUdRQPbSNr9Io,198.000,Do8hC1pw172W9xvw,207.000,Kxg/hrv/euEuhbOE,209.000,YHloJXirCx60SFnV,241.000,obTLIQc2u6K1oipM
4,176,2026-03-25T14:24:52.614Z,203.000,10,105.000,Nsmpq/og5cO95HwJ,112.000,02xuA6TviChey6nJ,120.000,2iset8PVX4jSTSEH,143.000,uT1RCshO88YMpxwE,171.000,2N4uTfQs/yo3mBYi,177.000,MwfJUdRQPbSNr9Io,203.000,Do8hC1pw172W9xvw,207.000,YHloJXirCx60SFnV,212.000,Kxg/hrv/euEuhbOE,232.000,obTLIQc2u6K1oipM
4,177,2026-03-25T14:24:52.817Z,199.000,10,114.000,Nsmpq/og5cO95HwJ,118.000,02xuA6TviChey6nJ,121.000,2iset8PVX4jSTSEH,142.000,uT1RCshO88YMpxwE,157.000,2N4uTfQs/yo3mBYi,191.000,Do8hC1pw172W9xvw,199.000,MwfJUdRQPbSNr9Io,207.000,Kxg/hrv/euEuhbOE,235.000,obTLIQc2u6K1oipM,288.000,YHloJXirCx60SFnV
4,178,2026-03-25T14:24:53.016Z,346.000,10,123.000,02xuA6TviChey6nJ,134.000,2iset8PVX4jSTSEH,141.000,Nsmpq/og5cO95HwJ,156.000,uT1RCshO88YMpxwE,161.000,2N4uTfQs/yo3mBYi,201.000,Do8hC1pw172W9xvw,209.000,MwfJUdRQPbSNr9Io,347.000,Kxg/hrv/euEuhbOE,348.000,obTLIQc2u6K1oipM,349.000,YHloJXirCx60SFnV
4,179,2026-03-25T14:24:53.362Z,71.000,10,7.000,02xuA6TviChey6nJ,8.000,2iset8PVX4jSTSEH,10.000,uT1RCshO88YMpxwE,11.000,Nsmpq/og5cO95HwJ,50.000,MwfJUdRQPbSNr9Io,56.000,2N4uTfQs/yo3mBYi,70.000,Do8hC1pw172W9xvw,75.000,Kxg/hrv/euEuhbOE,79.000,YHloJXirCx60SFnV,103.000,obTLIQc2u6K1oipM
4,180,2026-03-25T14:24:53.433Z,213.000,10,92.000,02xuA6TviChey6nJ,119.000,2iset8PVX4jSTSEH,136.000,Nsmpq/og5cO95HwJ,161.000,MwfJUdRQPbSNr9Io,168.000,Do8hC1pw172W9xvw,172.000,2N4uTfQs/yo3mBYi,213.000,obTLIQc2u6K1oipM,217.000,Kxg/hrv/euEuhbOE,241.000,YHloJXirCx60SFnV,252.000,uT1RCshO88YMpxwE
4,181,2026-03-25T14:24:53.646Z,180.000,10,95.000,02xuA6TviChey6nJ,103.000,2iset8PVX4jSTSEH,106.000,Nsmpq/og5cO95HwJ,129.000,2N4uTfQs/yo3mBYi,172.000,MwfJUdRQPbSNr9Io,175.000,uT1RCshO88YMpxwE,180.000,Do8hC1pw172W9xvw,184.000,Kxg/hrv/euEuhbOE,216.000,obTLIQc2u6K1oipM,237.000,YHloJXirCx60SFnV
4,182,2026-03-25T14:24:53.826Z,215.000,10,114.000,Nsmpq/og5cO95HwJ,121.000,02xuA6TviChey6nJ,133.000,2iset8PVX4jSTSEH,163.000,2N4uTfQs/yo3mBYi,195.000,Do8hC1pw172W9xvw,197.000,MwfJUdRQPbSNr9Io,215.000,uT1RCshO88YMpxwE,224.000,Kxg/hrv/euEuhbOE,231.000,obTLIQc2u6K1oipM,241.000,YHloJXirCx60SFnV
4,183,2026-03-25T14:24:54.041Z,201.000,10,113.000,2iset8PVX4jSTSEH,119.000,Nsmpq/og5cO95HwJ,120.000,02xuA6TviChey6nJ,163.000,2N4uTfQs/yo3mBYi,172.000,MwfJUdRQPbSNr9Io,184.000,Do8hC1pw172W9xvw,201.000,uT1RCshO88YMpxwE,205.000,Kxg/hrv/euEuhbOE,338.000,obTLIQc2u6K1oipM,413.000,YHloJXirCx60SFnV
4,184,2026-03-25T14:24:54.242Z,220.000,10,144.000,2iset8PVX4jSTSEH,170.000,Nsmpq/og5cO95HwJ,173.000,02xuA6TviChey6nJ,182.000,2N4uTfQs/yo3mBYi,194.000,MwfJUdRQPbSNr9Io,200.000,Do8hC1pw172W9xvw,220.000,uT1RCshO88YMpxwE,222.000,YHloJXirCx60SFnV,227.000,Kxg/hrv/euEuhbOE,265.000,obTLIQc2u6K1oipM
4,185,2026-03-25T14:24:54.462Z,185.000,10,91.000,Nsmpq/og5cO95HwJ,117.000,02xuA6TviChey6nJ,134.000,2iset8PVX4jSTSEH,150.000,2N4uTfQs/yo3mBYi,153.000,Do8hC1pw172W9xvw,154.000,MwfJUdRQPbSNr9Io,185.000,YHloJXirCx60SFnV,187.000,Kxg/hrv/euEuhbOE,188.000,uT1RCshO88YMpxwE,215.000,obTLIQc2u6K1oipM
4,186,2026-03-25T14:24:54.647Z,197.000,10,107.000,2iset8PVX4jSTSEH,115.000,02xuA6TviChey6nJ,116.000,Nsmpq/og5cO95HwJ,140.000,2N4uTfQs/yo3mBYi,172.000,MwfJUdRQPbSNr9Io,176.000,Do8hC1pw172W9xvw,197.000,uT1RCshO88YMpxwE,207.000,YHloJXirCx60SFnV,223.000,obTLIQc2u6K1oipM,262.000,Kxg/hrv/euEuhbOE
4,187,2026-03-25T14:24:54.844Z,199.000,10,108.000,Nsmpq/og5cO95HwJ,110.000,2iset8PVX4jSTSEH,120.000,02xuA6TviChey6nJ,152.000,2N4uTfQs/yo3mBYi,176.000,Do8hC1pw172W9xvw,178.000,MwfJUdRQPbSNr9Io,199.000,uT1RCshO88YMpxwE,201.000,Kxg/hrv/euEuhbOE,235.000,obTLIQc2u6K1oipM,338.000,YHloJXirCx60SFnV
4,188,2026-03-25T14:24:55.043Z,216.000,10,114.000,2iset8PVX4jSTSEH,122.000,Nsmpq/og5cO95HwJ,124.000,02xuA6TviChey6nJ,140.000,2N4uTfQs/yo3mBYi,176.000,MwfJUdRQPbSNr9Io,187.000,Do8hC1pw172W9xvw,216.000,Kxg/hrv/euEuhbOE,219.000,uT1RCshO88YMpxwE,231.000,obTLIQc2u6K1oipM,310.000,YHloJXirCx60SFnV
4,189,2026-03-25T14:24:55.259Z,183.000,10,97.000,Nsmpq/og5cO95HwJ,110.000,2iset8PVX4jSTSEH,111.000,02xuA6TviChey6nJ,126.000,2N4uTfQs/yo3mBYi,147.000,Do8hC1pw172W9xvw,161.000,MwfJUdRQPbSNr9Io,183.000,uT1RCshO88YMpxwE,192.000,Kxg/hrv/euEuhbOE,195.000,obTLIQc2u6K1oipM,284.000,YHloJXirCx60SFnV
4,190,2026-03-25T14:24:55.442Z,223.000,10,127.000,2iset8PVX4jSTSEH,129.000,02xuA6TviChey6nJ,130.000,Nsmpq/og5cO95HwJ,172.000,MwfJUdRQPbSNr9Io,178.000,Do8hC1pw172W9xvw,179.000,2N4uTfQs/yo3mBYi,223.000,Kxg/hrv/euEuhbOE,223.000,obTLIQc2u6K1oipM,260.000,uT1RCshO88YMpxwE,320.000,YHloJXirCx60SFnV
4,191,2026-03-25T14:24:55.665Z,196.000,10,107.000,2iset8PVX4jSTSEH,120.000,Nsmpq/og5cO95HwJ,122.000,02xuA6TviChey6nJ,143.000,2N4uTfQs/yo3mBYi,148.000,Do8hC1pw172W9xvw,166.000,MwfJUdRQPbSNr9Io,196.000,uT1RCshO88YMpxwE,208.000,obTLIQc2u6K1oipM,271.000,Kxg/hrv/euEuhbOE,303.000,YHloJXirCx60SFnV
4,192,2026-03-25T14:24:55.861Z,205.000,10,116.000,2iset8PVX4jSTSEH,117.000,02xuA6TviChey6nJ,125.000,Nsmpq/og5cO95HwJ,139.000,2N4uTfQs/yo3mBYi,176.000,Do8hC1pw172W9xvw,181.000,MwfJUdRQPbSNr9Io,205.000,uT1RCshO88YMpxwE,208.000,obTLIQc2u6K1oipM,253.000,YHloJXirCx60SFnV,286.000,Kxg/hrv/euEuhbOE
4,193,2026-03-25T14:24:56.066Z,205.000,10,94.000,Nsmpq/og5cO95HwJ,100.000,2iset8PVX4jSTSEH,101.000,02xuA6TviChey6nJ,144.000,2N4uTfQs/yo3mBYi,164.000,MwfJUdRQPbSNr9Io,165.000,Do8hC1pw172W9xvw,205.000,uT1RCshO88YMpxwE,206.000,obTLIQc2u6K1oipM,227.000,YHloJXirCx60SFnV,284.000,Kxg/hrv/euEuhbOE
4,194,2026-03-25T14:24:56.271Z,172.000,10,94.000,Nsmpq/og5cO95HwJ,96.000,2iset8PVX4jSTSEH,107.000,02xuA6TviChey6nJ,122.000,2N4uTfQs/yo3mBYi,165.000,MwfJUdRQPbSNr9Io,169.000,Do8hC1pw172W9xvw,172.000,uT1RCshO88YMpxwE,199.000,obTLIQc2u6K1oipM,235.000,YHloJXirCx60SFnV,272.000,Kxg/hrv/euEuhbOE
4,195,2026-03-25T14:24:56.443Z,243.000,10,123.000,Nsmpq/og5cO95HwJ,125.000,2iset8PVX4jSTSEH,135.000,02xuA6TviChey6nJ,174.000,MwfJUdRQPbSNr9Io,182.000,2N4uTfQs/yo3mBYi,223.000,obTLIQc2u6K1oipM,243.000,uT1RCshO88YMpxwE,289.000,YHloJXirCx60SFnV,295.000,Kxg/hrv/euEuhbOE,311.000,Do8hC1pw172W9xvw
4,196,2026-03-25T14:24:56.686Z,181.000,10,94.000,02xuA6TviChey6nJ,103.000,2iset8PVX4jSTSEH,106.000,Nsmpq/og5cO95HwJ,147.000,MwfJUdRQPbSNr9Io,150.000,2N4uTfQs/yo3mBYi,170.000,uT1RCshO88YMpxwE,181.000,YHloJXirCx60SFnV,190.000,obTLIQc2u6K1oipM,237.000,Do8hC1pw172W9xvw,245.000,Kxg/hrv/euEuhbOE
4,197,2026-03-25T14:24:56.867Z,195.000,10,112.000,Nsmpq/og5cO95HwJ,120.000,02xuA6TviChey6nJ,147.000,2iset8PVX4jSTSEH,148.000,2N4uTfQs/yo3mBYi,160.000,MwfJUdRQPbSNr9Io,193.000,obTLIQc2u6K1oipM,195.000,uT1RCshO88YMpxwE,228.000,YHloJXirCx60SFnV,257.000,Kxg/hrv/euEuhbOE,277.000,Do8hC1pw172W9xvw
4,198,2026-03-25T14:24:57.062Z,205.000,10,124.000,02xuA6TviChey6nJ,125.000,Nsmpq/og5cO95HwJ,142.000,2N4uTfQs/yo3mBYi,154.000,2iset8PVX4jSTSEH,179.000,MwfJUdRQPbSNr9Io,200.000,uT1RCshO88YMpxwE,204.000,obTLIQc2u6K1oipM,256.000,YHloJXirCx60SFnV,258.000,Do8hC1pw172W9xvw,290.000,Kxg/hrv/euEuhbOE
4,199,2026-03-25T14:24:57.267Z,184.000,10,118.000,Nsmpq/og5cO95HwJ,121.000,02xuA6TviChey6nJ,154.000,MwfJUdRQPbSNr9Io,160.000,2iset8PVX4jSTSEH,165.000,2N4uTfQs/yo3mBYi,173.000,YHloJXirCx60SFnV,184.000,uT1RCshO88YMpxwE,207.000,obTLIQc2u6K1oipM,274.000,Do8hC1pw172W9xvw,287.000,Kxg/hrv/euEuhbOE
4,200,2026-03-25T14:24:57.451Z,220.000,10,127.000,02xuA6TviChey6nJ,133.000,Nsmpq/og5cO95HwJ,153.000,2N4uTfQs/yo3mBYi,162.000,YHloJXirCx60SFnV,165.000,MwfJUdRQPbSNr9Io,171.000,2iset8PVX4jSTSEH,220.000,obTLIQc2u6K1oipM,233.000,uT1RCshO88YMpxwE,288.000,Do8hC1pw172W9xvw,289.000,Kxg/hrv/euEuhbOE
4,201,2026-03-25T14:24:57.671Z,198.000,10,114.000,Nsmpq/og5cO95HwJ,129.000,YHloJXirCx60SFnV,130.000,02xuA6TviChey6nJ,147.000,MwfJUdRQPbSNr9Io,149.000,2N4uTfQs/yo3mBYi,164.000,2iset8PVX4jSTSEH,197.000,obTLIQc2u6K1oipM,210.000,uT1RCshO88YMpxwE,266.000,Kxg/hrv/euEuhbOE,275.000,Do8hC1pw172W9xvw
4,202,2026-03-25T14:24:57.869Z,194.000,9,112.000,Nsmpq/og5cO95HwJ,117.000,02xuA6TviChey6nJ,129.000,YHloJXirCx60SFnV,147.000,2N4uTfQs/yo3mBYi,157.000,MwfJUdRQPbSNr9Io,158.000,2iset8PVX4jSTSEH,194.000,uT1RCshO88YMpxwE,201.000,obTLIQc2u6K1oipM,276.000,Do8hC1pw172W9xvw,,
4,203,2026-03-25T14:24:58.063Z,165.000,9,77.000,Kxg/hrv/euEuhbOE,89.000,YHloJXirCx60SFnV,103.000,Nsmpq/og5cO95HwJ,133.000,02xuA6TviChey6nJ,138.000,2N4uTfQs/yo3mBYi,163.000,MwfJUdRQPbSNr9Io,165.000,2iset8PVX4jSTSEH,205.000,obTLIQc2u6K1oipM,206.000,uT1RCshO88YMpxwE,,
4,204,2026-03-25T14:24:58.228Z,214.000,10,134.000,Kxg/hrv/euEuhbOE,135.000,Do8hC1pw172W9xvw,158.000,02xuA6TviChey6nJ,163.000,Nsmpq/og5cO95HwJ,165.000,YHloJXirCx60SFnV,208.000,2N4uTfQs/yo3mBYi,214.000,2iset8PVX4jSTSEH,221.000,MwfJUdRQPbSNr9Io,243.000,uT1RCshO88YMpxwE,252.000,obTLIQc2u6K1oipM
4,205,2026-03-25T14:24:58.442Z,321.000,10,110.000,Do8hC1pw172W9xvw,113.000,Kxg/hrv/euEuhbOE,139.000,YHloJXirCx60SFnV,152.000,Nsmpq/og5cO95HwJ,153.000,02xuA6TviChey6nJ,178.000,2iset8PVX4jSTSEH,182.000,MwfJUdRQPbSNr9Io,321.000,2N4uTfQs/yo3mBYi,326.000,uT1RCshO88YMpxwE,372.000,obTLIQc2u6K1oipM
4,206,2026-03-25T14:24:58.763Z,92.000,9,6.000,Do8hC1pw172W9xvw,10.000,Kxg/hrv/euEuhbOE,42.000,Nsmpq/og5cO95HwJ,52.000,02xuA6TviChey6nJ,55.000,2N4uTfQs/yo3mBYi,79.000,2iset8PVX4jSTSEH,92.000,YHloJXirCx60SFnV,108.000,MwfJUdRQPbSNr9Io,110.000,uT1RCshO88YMpxwE,,
4,207,2026-03-25T14:24:58.855Z,176.000,10,65.000,Kxg/hrv/euEuhbOE,92.000,Do8hC1pw172W9xvw,126.000,YHloJXirCx60SFnV,127.000,Nsmpq/og5cO95HwJ,144.000,02xuA6TviChey6nJ,171.000,obTLIQc2u6K1oipM,176.000,2N4uTfQs/yo3mBYi,188.000,2iset8PVX4jSTSEH,208.000,MwfJUdRQPbSNr9Io,253.000,uT1RCshO88YMpxwE
4,208,2026-03-25T14:24:59.031Z,220.000,10,96.000,Do8hC1pw172W9xvw,124.000,YHloJXirCx60SFnV,125.000,Kxg/hrv/euEuhbOE,163.000,Nsmpq/og5cO95HwJ,189.000,obTLIQc2u6K1oipM,206.000,2iset8PVX4jSTSEH,220.000,MwfJUdRQPbSNr9Io,226.000,02xuA6TviChey6nJ,267.000,2N4uTfQs/yo3mBYi,273.000,uT1RCshO88YMpxwE
4,209,2026-03-25T14:24:59.251Z,203.000,10,85.000,Kxg/hrv/euEuhbOE,107.000,Do8hC1pw172W9xvw,109.000,YHloJXirCx60SFnV,134.000,Nsmpq/og5cO95HwJ,163.000,02xuA6TviChey6nJ,175.000,2iset8PVX4jSTSEH,203.000,obTLIQc2u6K1oipM,217.000,MwfJUdRQPbSNr9Io,244.000,2N4uTfQs/yo3mBYi,256.000,uT1RCshO88YMpxwE
4,210,2026-03-25T14:24:59.454Z,188.000,10,78.000,Do8hC1pw172W9xvw,98.000,Kxg/hrv/euEuhbOE,100.000,YHloJXirCx60SFnV,156.000,02xuA6TviChey6nJ,158.000,Nsmpq/og5cO95HwJ,185.000,2N4uTfQs/yo3mBYi,188.000,2iset8PVX4jSTSEH,195.000,obTLIQc2u6K1oipM,223.000,MwfJUdRQPbSNr9Io,233.000,uT1RCshO88YMpxwE
4,211,2026-03-25T14:24:59.642Z,231.000,10,89.000,Kxg/hrv/euEuhbOE,112.000,Do8hC1pw172W9xvw,121.000,YHloJXirCx60SFnV,155.000,02xuA6TviChey6nJ,162.000,Nsmpq/og5cO95HwJ,202.000,obTLIQc2u6K1oipM,230.000,MwfJUdRQPbSNr9Io,244.000,2iset8PVX4jSTSEH,322.000,2N4uTfQs/yo3mBYi,276.000,uT1RCshO88YMpxwE
4,212,2026-03-25T14:24:59.873Z,185.000,8,75.000,Do8hC1pw172W9xvw,96.000,Kxg/hrv/euEuhbOE,121.000,Nsmpq/og5cO95HwJ,128.000,YHloJXirCx60SFnV,150.000,obTLIQc2u6K1oipM,183.000,2iset8PVX4jSTSEH,185.000,MwfJUdRQPbSNr9Io,261.000,02xuA6TviChey6nJ,,,,
4,213,2026-03-25T14:25:00.058Z,261.000,7,77.000,Kxg/hrv/euEuhbOE,85.000,YHloJXirCx60SFnV,164.000,obTLIQc2u6K1oipM,196.000,02xuA6TviChey6nJ,221.000,2iset8PVX4jSTSEH,240.000,uT1RCshO88YMpxwE,261.000,Do8hC1pw172W9xvw,,,,,,
4,214,2026-03-25T14:25:00.319Z,181.000,10,72.000,02xuA6TviChey6nJ,79.000,Kxg/hrv/euEuhbOE,85.000,YHloJXirCx60SFnV,127.000,2iset8PVX4jSTSEH,168.000,Do8hC1pw172W9xvw,178.000,obTLIQc2u6K1oipM,181.000,MwfJUdRQPbSNr9Io,204.000,uT1RCshO88YMpxwE,219.000,Nsmpq/og5cO95HwJ,236.000,2N4uTfQs/yo3mBYi
4,215,2026-03-25T14:25:00.500Z,164.000,10,96.000,Do8hC1pw172W9xvw,98.000,Kxg/hrv/euEuhbOE,104.000,YHloJXirCx60SFnV,141.000,obTLIQc2u6K1oipM,152.000,02xuA6TviChey6nJ,156.000,2N4uTfQs/yo3mBYi,164.000,2iset8PVX4jSTSEH,177.000,MwfJUdRQPbSNr9Io,188.000,Nsmpq/og5cO95HwJ,215.000,uT1RCshO88YMpxwE
4,216,2026-03-25T14:25:00.664Z,216.000,8,90.000,YHloJXirCx60SFnV,134.000,Nsmpq/og5cO95HwJ,141.000,Do8hC1pw172W9xvw,180.000,obTLIQc2u6K1oipM,212.000,MwfJUdRQPbSNr9Io,213.000,2iset8PVX4jSTSEH,216.000,Kxg/hrv/euEuhbOE,220.000,02xuA6TviChey6nJ,,,,
4,217,2026-03-25T14:25:00.880Z,211.000,8,147.000,obTLIQc2u6K1oipM,173.000,Do8hC1pw172W9xvw,178.000,02xuA6TviChey6nJ,194.000,Kxg/hrv/euEuhbOE,197.000,MwfJUdRQPbSNr9Io,209.000,2iset8PVX4jSTSEH,211.000,YHloJXirCx60SFnV,224.000,uT1RCshO88YMpxwE,,,,
4,218,2026-03-25T14:25:01.091Z,262.000,9,90.000,YHloJXirCx60SFnV,99.000,02xuA6TviChey6nJ,159.000,2iset8PVX4jSTSEH,199.000,Kxg/hrv/euEuhbOE,236.000,obTLIQc2u6K1oipM,258.000,MwfJUdRQPbSNr9Io,262.000,Do8hC1pw172W9xvw,272.000,Nsmpq/og5cO95HwJ,275.000,uT1RCshO88YMpxwE,,
4,219,2026-03-25T14:25:01.353Z,134.000,10,75.000,YHloJXirCx60SFnV,91.000,02xuA6TviChey6nJ,104.000,2iset8PVX4jSTSEH,106.000,obTLIQc2u6K1oipM,113.000,2N4uTfQs/yo3mBYi,127.000,MwfJUdRQPbSNr9Io,133.000,Do8hC1pw172W9xvw,143.000,Kxg/hrv/euEuhbOE,144.000,Nsmpq/og5cO95HwJ,207.000,uT1RCshO88YMpxwE
4,220,2026-03-25T14:25:01.487Z,589.000,9,136.000,Do8hC1pw172W9xvw,153.000,obTLIQc2u6K1oipM,160.000,YHloJXirCx60SFnV,161.000,Nsmpq/og5cO95HwJ,217.000,Kxg/hrv/euEuhbOE,260.000,uT1RCshO88YMpxwE,589.000,MwfJUdRQPbSNr9Io,602.000,2iset8PVX4jSTSEH,603.000,02xuA6TviChey6nJ,,
4,221,2026-03-25T14:25:02.076Z,323.000,10,98.000,2iset8PVX4jSTSEH,100.000,Kxg/hrv/euEuhbOE,108.000,YHloJXirCx60SFnV,188.000,02xuA6TviChey6nJ,308.000,uT1RCshO88YMpxwE,310.000,obTLIQc2u6K1oipM,323.000,MwfJUdRQPbSNr9Io,328.000,Do8hC1pw172W9xvw,329.000,Nsmpq/og5cO95HwJ,331.000,2N4uTfQs/yo3mBYi
4,222,2026-03-25T14:25:02.399Z,170.000,7,91.000,YHloJXirCx60SFnV,93.000,2iset8PVX4jSTSEH,93.000,obTLIQc2u6K1oipM,119.000,Do8hC1pw172W9xvw,133.000,Nsmpq/og5cO95HwJ,134.000,Kxg/hrv/euEuhbOE,170.000,MwfJUdRQPbSNr9Io,,,,,,
4,223,2026-03-25T14:25:02.569Z,737.000,7,117.000,Do8hC1pw172W9xvw,120.000,Nsmpq/og5cO95HwJ,170.000,YHloJXirCx60SFnV,181.000,2iset8PVX4jSTSEH,483.000,Kxg/hrv/euEuhbOE,689.000,MwfJUdRQPbSNr9Io,737.000,02xuA6TviChey6nJ,,,,,,
4,224,2026-03-25T14:25:03.306Z,854.000,7,88.000,Nsmpq/og5cO95HwJ,91.000,2iset8PVX4jSTSEH,115.000,YHloJXirCx60SFnV,127.000,02xuA6TviChey6nJ,182.000,obTLIQc2u6K1oipM,253.000,Do8hC1pw172W9xvw,853.000,uT1RCshO88YMpxwE,,,,,,
4,225,2026-03-25T14:25:04.160Z,819.000,8,98.000,YHloJXirCx60SFnV,156.000,02xuA6TviChey6nJ,194.000,obTLIQc2u6K1oipM,745.000,Kxg/hrv/euEuhbOE,749.000,2iset8PVX4jSTSEH,813.000,Nsmpq/og5cO95HwJ,819.000,uT1RCshO88YMpxwE,820.000,Do8hC1pw172W9xvw,,,,
4,226,2026-03-25T14:25:04.979Z,1218.000,10,98.000,Kxg/hrv/euEuhbOE,122.000,YHloJXirCx60SFnV,145.000,02xuA6TviChey6nJ,825.000,2iset8PVX4jSTSEH,1081.000,obTLIQc2u6K1oipM,1084.000,Do8hC1pw172W9xvw,1218.000,MwfJUdRQPbSNr9Io,1218.000,2N4uTfQs/yo3mBYi,1222.000,uT1RCshO88YMpxwE,1225.000,Nsmpq/og5cO95HwJ
4,227,2026-03-25T14:25:06.197Z,1097.000,9,89.000,YHloJXirCx60SFnV,715.000,Kxg/hrv/euEuhbOE,790.000,2iset8PVX4jSTSEH,844.000,02xuA6TviChey6nJ,1039.000,Do8hC1pw172W9xvw,1081.000,obTLIQc2u6K1oipM,1097.000,uT1RCshO88YMpxwE,1108.000,Nsmpq/og5cO95HwJ,1115.000,MwfJUdRQPbSNr9Io,,
4,228,2026-03-25T14:25:07.294Z,1123.000,7,111.000,YHloJXirCx60SFnV,823.000,2iset8PVX4jSTSEH,901.000,Kxg/hrv/euEuhbOE,1051.000,Do8hC1pw172W9xvw,1052.000,MwfJUdRQPbSNr9Io,1058.000,Nsmpq/og5cO95HwJ,1123.000,02xuA6TviChey6nJ,,,,,,
4,229,2026-03-25T14:25:08.417Z,1361.000,7,94.000,YHloJXirCx60SFnV,455.000,2iset8PVX4jSTSEH,769.000,Do8hC1pw172W9xvw,840.000,Nsmpq/og5cO95HwJ,905.000,02xuA6TviChey6nJ,1347.000,obTLIQc2u6K1oipM,1361.000,MwfJUdRQPbSNr9Io,,,,,,
4,230,2026-03-25T14:25:09.778Z,1410.000,7,122.000,YHloJXirCx60SFnV,422.000,Do8hC1pw172W9xvw,721.000,Kxg/hrv/euEuhbOE,1388.000,obTLIQc2u6K1oipM,1396.000,MwfJUdRQPbSNr9Io,1408.000,2iset8PVX4jSTSEH,1410.000,02xuA6TviChey6nJ,,,,,,
4,231,2026-03-25T14:25:11.188Z,1967.000,8,100.000,obTLIQc2u6K1oipM,110.000,YHloJXirCx60SFnV,1129.000,02xuA6TviChey6nJ,1755.000,2iset8PVX4jSTSEH,1890.000,Nsmpq/og5cO95HwJ,1954.000,Do8hC1pw172W9xvw,1967.000,uT1RCshO88YMpxwE,1973.000,2N4uTfQs/yo3mBYi,,,,
4,232,2026-03-25T14:25:13.155Z,2109.000,10,91.000,YHloJXirCx60SFnV,1762.000,02xuA6TviChey6nJ,1814.000,Nsmpq/og5cO95HwJ,1830.000,2iset8PVX4jSTSEH,1955.000,Do8hC1pw172W9xvw,1956.000,Kxg/hrv/euEuhbOE,2109.000,obTLIQc2u6K1oipM,2124.000,uT1RCshO88YMpxwE,2128.000,2N4uTfQs/yo3mBYi,2130.000,MwfJUdRQPbSNr9Io
4,233,2026-03-25T14:25:15.264Z,2072.000,7,100.000,YHloJXirCx60SFnV,1760.000,Nsmpq/og5cO95HwJ,1768.000,uT1RCshO88YMpxwE,1779.000,02xuA6TviChey6nJ,1879.000,obTLIQc2u6K1oipM,2063.000,Do8hC1pw172W9xvw,2071.000,MwfJUdRQPbSNr9Io,,,,,,
4,234,2026-03-25T14:25:17.336Z,2768.000,9,89.000,YHloJXirCx60SFnV,1861.000,2iset8PVX4jSTSEH,1923.000,02xuA6TviChey6nJ,2379.000,obTLIQc2u6K1oipM,2402.000,Nsmpq/og5cO95HwJ,2760.000,Kxg/hrv/euEuhbOE,2768.000,Do8hC1pw172W9xvw,2772.000,MwfJUdRQPbSNr9Io,2777.000,uT1RCshO88YMpxwE,,
4,235,2026-03-25T14:25:20.104Z,2825.000,7,105.000,YHloJXirCx60SFnV,1914.000,Kxg/hrv/euEuhbOE,2634.000,uT1RCshO88YMpxwE,2702.000,2iset8PVX4jSTSEH,2764.000,obTLIQc2u6K1oipM,2794.000,02xuA6TviChey6nJ,2825.000,Nsmpq/og5cO95HwJ,,,,,,
4,236,2026-03-25T14:25:22.929Z,3781.000,9,90.000,YHloJXirCx60SFnV,2570.000,Nsmpq/og5cO95HwJ,3462.000,obTLIQc2u6K1oipM,3491.000,2iset8PVX4jSTSEH,3641.000,Kxg/hrv/euEuhbOE,3700.000,uT1RCshO88YMpxwE,3781.000,Do8hC1pw172W9xvw,3784.000,02xuA6TviChey6nJ,3785.000,MwfJUdRQPbSNr9Io,,
4,237,2026-03-25T14:25:26.710Z,4873.000,8,124.000,YHloJXirCx60SFnV,3865.000,2iset8PVX4jSTSEH,3912.000,obTLIQc2u6K1oipM,4074.000,02xuA6TviChey6nJ,4183.000,MwfJUdRQPbSNr9Io,4868.000,Do8hC1pw172W9xvw,4873.000,uT1RCshO88YMpxwE,4880.000,Kxg/hrv/euEuhbOE,,,,
4,238,2026-03-25T14:25:31.583Z,6201.000,7,117.000,YHloJXirCx60SFnV,5357.000,Kxg/hrv/euEuhbOE,5677.000,Nsmpq/og5cO95HwJ,5684.000,2iset8PVX4jSTSEH,5862.000,obTLIQc2u6K1oipM,6052.000,02xuA6TviChey6nJ,6201.000,MwfJUdRQPbSNr9Io,,,,,,
4,239,2026-03-25T14:25:37.784Z,6710.000,8,110.000,YHloJXirCx60SFnV,5709.000,MwfJUdRQPbSNr9Io,5943.000,obTLIQc2u6K1oipM,6410.000,uT1RCshO88YMpxwE,6563.000,Do8hC1pw172W9xvw,6648.000,02xuA6TviChey6nJ,6710.000,Nsmpq/og5cO95HwJ,6728.000,2iset8PVX4jSTSEH,,,,
4,240,2026-03-25T14:25:44.494Z,6389.000,8,124.000,YHloJXirCx60SFnV,5878.000,2iset8PVX4jSTSEH,6171.000,Nsmpq/og5cO95HwJ,6255.000,Kxg/hrv/euEuhbOE,6256.000,uT1RCshO88YMpxwE,6267.000,02xuA6TviChey6nJ,6389.000,obTLIQc2u6K1oipM,6390.000,Do8hC1pw172W9xvw,,,,
4,241,2026-03-25T14:25:50.883Z,6806.000,9,134.000,YHloJXirCx60SFnV,5694.000,Kxg/hrv/euEuhbOE,6208.000,Do8hC1pw172W9xvw,6220.000,02xuA6TviChey6nJ,6483.000,MwfJUdRQPbSNr9Io,6792.000,obTLIQc2u6K1oipM,6806.000,2N4uTfQs/yo3mBYi,6808.000,Nsmpq/og5cO95HwJ,6811.000,uT1RCshO88YMpxwE,,
4,242,2026-03-25T14:25:57.689Z,6380.000,7,117.000,YHloJXirCx60SFnV,5774.000,02xuA6TviChey6nJ,5972.000,2iset8PVX4jSTSEH,6177.000,obTLIQc2u6K1oipM,6220.000,Nsmpq/og5cO95HwJ,6376.000,Do8hC1pw172W9xvw,6380.000,MwfJUdRQPbSNr9Io,,,,,,
4,243,2026-03-25T14:26:04.069Z,6123.000,7,121.000,YHloJXirCx60SFnV,5714.000,02xuA6TviChey6nJ,5729.000,Nsmpq/og5cO95HwJ,6094.000,obTLIQc2u6K1oipM,6097.000,2iset8PVX4jSTSEH,6113.000,MwfJUdRQPbSNr9Io,6123.000,Do8hC1pw172W9xvw,,,,,,
4,244,2026-03-25T14:26:10.192Z,6684.000,10,101.000,YHloJXirCx60SFnV,5739.000,MwfJUdRQPbSNr9Io,5843.000,2iset8PVX4jSTSEH,5850.000,Do8hC1pw172W9xvw,6263.000,Nsmpq/og5cO95HwJ,6544.000,obTLIQc2u6K1oipM,6683.000,Kxg/hrv/euEuhbOE,6688.000,02xuA6TviChey6nJ,6689.000,2N4uTfQs/yo3mBYi,6691.000,uT1RCshO88YMpxwE
4,245,2026-03-25T14:26:16.876Z,6175.000,7,123.000,YHloJXirCx60SFnV,5349.000,MwfJUdRQPbSNr9Io,5918.000,2iset8PVX4jSTSEH,5992.000,uT1RCshO88YMpxwE,6019.000,Nsmpq/og5cO95HwJ,6102.000,Kxg/hrv/euEuhbOE,6175.000,Do8hC1pw172W9xvw,,,,,,
4,246,2026-03-25T14:26:23.051Z,6465.000,8,119.000,YHloJXirCx60SFnV,5927.000,Nsmpq/og5cO95HwJ,5985.000,Kxg/hrv/euEuhbOE,6198.000,Do8hC1pw172W9xvw,6245.000,uT1RCshO88YMpxwE,6433.000,obTLIQc2u6K1oipM,6465.000,2iset8PVX4jSTSEH,6473.000,2N4uTfQs/yo3mBYi,,,,
4,247,2026-03-25T14:26:29.516Z,,1,123.000,YHloJXirCx60SFnV,,,,,,,,,,,,,,,,,,
5,1,2026-03-25T14:24:11.844Z,5807.000,7,2011.000,obTLIQc2u6K1oipM,2366.000,02xuA6TviChey6nJ,3446.000,Kxg/hrv/euEuhbOE,3725.000,MwfJUdRQPbSNr9Io,5025.000,2iset8PVX4jSTSEH,5801.000,Do8hC1pw172W9xvw,5807.000,YHloJXirCx60SFnV,,,,,,
5,2,2026-03-25T14:24:17.651Z,203.000,7,79.000,Kxg/hrv/euEuhbOE,89.000,obTLIQc2u6K1oipM,90.000,MwfJUdRQPbSNr9Io,108.000,02xuA6TviChey6nJ,123.000,YHloJXirCx60SFnV,176.000,2iset8PVX4jSTSEH,203.000,Do8hC1pw172W9xvw,,,,,,
5,3,2026-03-25T14:24:17.854Z,243.000,7,95.000,Kxg/hrv/euEuhbOE,110.000,obTLIQc2u6K1oipM,113.000,YHloJXirCx60SFnV,115.000,MwfJUdRQPbSNr9Io,135.000,02xuA6TviChey6nJ,171.000,2iset8PVX4jSTSEH,243.000,Do8hC1pw172W9xvw,,,,,,
5,4,2026-03-25T14:24:18.097Z,210.000,7,60.000,Kxg/hrv/euEuhbOE,87.000,MwfJUdRQPbSNr9Io,99.000,YHloJXirCx60SFnV,102.000,obTLIQc2u6K1oipM,111.000,02xuA6TviChey6nJ,177.000,2iset8PVX4jSTSEH,210.000,Do8hC1pw172W9xvw,,,,,,
5,5,2026-03-25T14:24:18.307Z,198.000,8,81.000,Kxg/hrv/euEuhbOE,101.000,obTLIQc2u6K1oipM,102.000,02xuA6TviChey6nJ,104.000,MwfJUdRQPbSNr9Io,107.000,YHloJXirCx60SFnV,117.000,2iset8PVX4jSTSEH,198.000,Do8hC1pw172W9xvw,309.000,2N4uTfQs/yo3mBYi,,,,
5,6,2026-03-25T14:24:18.505Z,170.000,8,68.000,Kxg/hrv/euEuhbOE,91.000,2iset8PVX4jSTSEH,105.000,MwfJUdRQPbSNr9Io,106.000,obTLIQc2u6K1oipM,107.000,YHloJXirCx60SFnV,120.000,02xuA6TviChey6nJ,170.000,Do8hC1pw172W9xvw,241.000,2N4uTfQs/yo3mBYi,,,,
5,7,2026-03-25T14:24:18.675Z,233.000,8,115.000,Kxg/hrv/euEuhbOE,130.000,obTLIQc2u6K1oipM,142.000,02xuA6TviChey6nJ,144.000,MwfJUdRQPbSNr9Io,160.000,YHloJXirCx60SFnV,189.000,2iset8PVX4jSTSEH,233.000,Do8hC1pw172W9xvw,266.000,2N4uTfQs/yo3mBYi,,,,
5,8,2026-03-25T14:24:18.908Z,179.000,9,73.000,Kxg/hrv/euEuhbOE,86.000,MwfJUdRQPbSNr9Io,106.000,obTLIQc2u6K1oipM,111.000,02xuA6TviChey6nJ,125.000,YHloJXirCx60SFnV,128.000,2iset8PVX4jSTSEH,179.000,Do8hC1pw172W9xvw,191.000,Nsmpq/og5cO95HwJ,232.000,2N4uTfQs/yo3mBYi,,
5,9,2026-03-25T14:24:19.087Z,156.000,9,99.000,Kxg/hrv/euEuhbOE,125.000,Nsmpq/og5cO95HwJ,127.000,2iset8PVX4jSTSEH,134.000,YHloJXirCx60SFnV,135.000,obTLIQc2u6K1oipM,144.000,02xuA6TviChey6nJ,156.000,MwfJUdRQPbSNr9Io,199.000,Do8hC1pw172W9xvw,249.000,2N4uTfQs/yo3mBYi,,
5,10,2026-03-25T14:24:19.243Z,193.000,9,150.000,Kxg/hrv/euEuhbOE,169.000,MwfJUdRQPbSNr9Io,170.000,obTLIQc2u6K1oipM,172.000,Nsmpq/og5cO95HwJ,185.000,YHloJXirCx60SFnV,190.000,2iset8PVX4jSTSEH,192.000,02xuA6TviChey6nJ,241.000,Do8hC1pw172W9xvw,315.000,2N4uTfQs/yo3mBYi,,
5,11,2026-03-25T14:24:19.436Z,203.000,9,153.000,Kxg/hrv/euEuhbOE,173.000,2iset8PVX4jSTSEH,174.000,obTLIQc2u6K1oipM,177.000,YHloJXirCx60SFnV,183.000,02xuA6TviChey6nJ,190.000,MwfJUdRQPbSNr9Io,203.000,Nsmpq/og5cO95HwJ,257.000,Do8hC1pw172W9xvw,311.000,2N4uTfQs/yo3mBYi,,
5,12,2026-03-25T14:24:19.639Z,201.000,9,158.000,Kxg/hrv/euEuhbOE,172.000,obTLIQc2u6K1oipM,174.000,2iset8PVX4jSTSEH,186.000,02xuA6TviChey6nJ,190.000,Nsmpq/og5cO95HwJ,195.000,YHloJXirCx60SFnV,201.000,MwfJUdRQPbSNr9Io,258.000,Do8hC1pw172W9xvw,324.000,2N4uTfQs/yo3mBYi,,
5,13,2026-03-25T14:24:19.840Z,200.000,9,152.000,Kxg/hrv/euEuhbOE,170.000,obTLIQc2u6K1oipM,177.000,MwfJUdRQPbSNr9Io,183.000,YHloJXirCx60SFnV,184.000,2iset8PVX4jSTSEH,192.000,02xuA6TviChey6nJ,200.000,Nsmpq/og5cO95HwJ,240.000,Do8hC1pw172W9xvw,298.000,2N4uTfQs/yo3mBYi,,
5,14,2026-03-25T14:24:20.040Z,195.000,9,149.000,Kxg/hrv/euEuhbOE,176.000,YHloJXirCx60SFnV,178.000,Nsmpq/og5cO95HwJ,179.000,MwfJUdRQPbSNr9Io,181.000,2iset8PVX4jSTSEH,192.000,obTLIQc2u6K1oipM,195.000,02xuA6TviChey6nJ,256.000,Do8hC1pw172W9xvw,292.000,2N4uTfQs/yo3mBYi,,
5,15,2026-03-25T14:24:20.235Z,202.000,10,159.000,Kxg/hrv/euEuhbOE,176.000,obTLIQc2u6K1oipM,185.000,YHloJXirCx60SFnV,191.000,MwfJUdRQPbSNr9Io,195.000,2iset8PVX4jSTSEH,198.000,Nsmpq/og5cO95HwJ,202.000,02xuA6TviChey6nJ,248.000,Do8hC1pw172W9xvw,310.000,2N4uTfQs/yo3mBYi,368.000,uT1RCshO88YMpxwE
5,16,2026-03-25T14:24:20.437Z,207.000,10,153.000,Kxg/hrv/euEuhbOE,181.000,Nsmpq/og5cO95HwJ,192.000,MwfJUdRQPbSNr9Io,194.000,YHloJXirCx60SFnV,196.000,obTLIQc2u6K1oipM,206.000,2iset8PVX4jSTSEH,207.000,02xuA6TviChey6nJ,246.000,Do8hC1pw172W9xvw,298.000,2N4uTfQs/yo3mBYi,308.000,uT1RCshO88YMpxwE
5,17,2026-03-25T14:24:20.644Z,193.000,10,145.000,Kxg/hrv/euEuhbOE,181.000,YHloJXirCx60SFnV,183.000,2iset8PVX4jSTSEH,189.000,MwfJUdRQPbSNr9Io,190.000,obTLIQc2u6K1oipM,191.000,Nsmpq/og5cO95HwJ,193.000,02xuA6TviChey6nJ,242.000,Do8hC1pw172W9xvw,274.000,uT1RCshO88YMpxwE,284.000,2N4uTfQs/yo3mBYi
5,18,2026-03-25T14:24:20.837Z,210.000,10,162.000,Kxg/hrv/euEuhbOE,189.000,YHloJXirCx60SFnV,193.000,2iset8PVX4jSTSEH,199.000,Nsmpq/og5cO95HwJ,201.000,MwfJUdRQPbSNr9Io,207.000,obTLIQc2u6K1oipM,210.000,02xuA6TviChey6nJ,250.000,Do8hC1pw172W9xvw,292.000,2N4uTfQs/yo3mBYi,298.000,uT1RCshO88YMpxwE
5,19,2026-03-25T14:24:21.047Z,192.000,10,139.000,Kxg/hrv/euEuhbOE,165.000,MwfJUdRQPbSNr9Io,175.000,2iset8PVX4jSTSEH,183.000,YHloJXirCx60SFnV,185.000,02xuA6TviChey6nJ,187.000,Nsmpq/og5cO95HwJ,192.000,obTLIQc2u6K1oipM,241.000,Do8hC1pw172W9xvw,281.000,2N4uTfQs/yo3mBYi,287.000,uT1RCshO88YMpxwE
5,20,2026-03-25T14:24:21.239Z,206.000,10,161.000,Kxg/hrv/euEuhbOE,174.000,MwfJUdRQPbSNr9Io,180.000,obTLIQc2u6K1oipM,191.000,YHloJXirCx60SFnV,201.000,2iset8PVX4jSTSEH,204.000,02xuA6TviChey6nJ,206.000,Nsmpq/og5cO95HwJ,249.000,Do8hC1pw172W9xvw,290.000,2N4uTfQs/yo3mBYi,314.000,uT1RCshO88YMpxwE
5,21,2026-03-25T14:24:21.445Z,218.000,10,161.000,Kxg/hrv/euEuhbOE,175.000,obTLIQc2u6K1oipM,189.000,Nsmpq/og5cO95HwJ,191.000,2iset8PVX4jSTSEH,201.000,YHloJXirCx60SFnV,205.000,MwfJUdRQPbSNr9Io,218.000,02xuA6TviChey6nJ,245.000,Do8hC1pw172W9xvw,280.000,2N4uTfQs/yo3mBYi,294.000,uT1RCshO88YMpxwE
5,22,2026-03-25T14:24:21.663Z,181.000,10,138.000,Kxg/hrv/euEuhbOE,154.000,YHloJXirCx60SFnV,160.000,obTLIQc2u6K1oipM,170.000,2iset8PVX4jSTSEH,173.000,Nsmpq/og5cO95HwJ,174.000,02xuA6TviChey6nJ,180.000,MwfJUdRQPbSNr9Io,228.000,Do8hC1pw172W9xvw,265.000,2N4uTfQs/yo3mBYi,289.000,uT1RCshO88YMpxwE
5,23,2026-03-25T14:24:21.844Z,214.000,10,154.000,Kxg/hrv/euEuhbOE,178.000,obTLIQc2u6K1oipM,191.000,2iset8PVX4jSTSEH,193.000,Nsmpq/og5cO95HwJ,195.000,MwfJUdRQPbSNr9Io,198.000,YHloJXirCx60SFnV,214.000,02xuA6TviChey6nJ,250.000,Do8hC1pw172W9xvw,297.000,2N4uTfQs/yo3mBYi,310.000,uT1RCshO88YMpxwE
5,24,2026-03-25T14:24:22.058Z,189.000,9,138.000,Kxg/hrv/euEuhbOE,156.000,obTLIQc2u6K1oipM,166.000,2iset8PVX4jSTSEH,171.000,MwfJUdRQPbSNr9Io,173.000,02xuA6TviChey6nJ,187.000,Nsmpq/og5cO95HwJ,189.000,YHloJXirCx60SFnV,240.000,Do8hC1pw172W9xvw,292.000,uT1RCshO88YMpxwE,,
5,25,2026-03-25T14:24:22.247Z,204.000,10,78.000,2N4uTfQs/yo3mBYi,149.000,Kxg/hrv/euEuhbOE,176.000,MwfJUdRQPbSNr9Io,178.000,Nsmpq/og5cO95HwJ,180.000,02xuA6TviChey6nJ,189.000,2iset8PVX4jSTSEH,203.000,obTLIQc2u6K1oipM,207.000,YHloJXirCx60SFnV,246.000,Do8hC1pw172W9xvw,297.000,uT1RCshO88YMpxwE
5,26,2026-03-25T14:24:22.451Z,187.000,9,78.000,2N4uTfQs/yo3mBYi,137.000,Kxg/hrv/euEuhbOE,170.000,YHloJXirCx60SFnV,182.000,02xuA6TviChey6nJ,183.000,obTLIQc2u6K1oipM,274.000,MwfJUdRQPbSNr9Io,295.000,2iset8PVX4jSTSEH,261.000,Nsmpq/og5cO95HwJ,273.000,uT1RCshO88YMpxwE,,
5,27,2026-03-25T14:24:22.638Z,203.000,9,46.000,Do8hC1pw172W9xvw,89.000,2N4uTfQs/yo3mBYi,162.000,Kxg/hrv/euEuhbOE,176.000,obTLIQc2u6K1oipM,194.000,02xuA6TviChey6nJ,201.000,MwfJUdRQPbSNr9Io,203.000,2iset8PVX4jSTSEH,205.000,YHloJXirCx60SFnV,248.000,Nsmpq/og5cO95HwJ,,
5,28,2026-03-25T14:24:22.841Z,197.000,10,60.000,Do8hC1pw172W9xvw,99.000,2N4uTfQs/yo3mBYi,103.000,uT1RCshO88YMpxwE,157.000,Kxg/hrv/euEuhbOE,194.000,obTLIQc2u6K1oipM,195.000,Nsmpq/og5cO95HwJ,196.000,2iset8PVX4jSTSEH,199.000,MwfJUdRQPbSNr9Io,204.000,02xuA6TviChey6nJ,207.000,YHloJXirCx60SFnV
5,29,2026-03-25T14:24:23.038Z,207.000,10,64.000,Do8hC1pw172W9xvw,95.000,2N4uTfQs/yo3mBYi,98.000,uT1RCshO88YMpxwE,167.000,Kxg/hrv/euEuhbOE,194.000,MwfJUdRQPbSNr9Io,203.000,Nsmpq/og5cO95HwJ,206.000,obTLIQc2u6K1oipM,208.000,02xuA6TviChey6nJ,209.000,YHloJXirCx60SFnV,216.000,2iset8PVX4jSTSEH
5,30,2026-03-25T14:24:23.245Z,198.000,10,61.000,Do8hC1pw172W9xvw,95.000,2N4uTfQs/yo3mBYi,118.000,uT1RCshO88YMpxwE,158.000,Kxg/hrv/euEuhbOE,188.000,YHloJXirCx60SFnV,196.000,02xuA6TviChey6nJ,198.000,2iset8PVX4jSTSEH,205.000,MwfJUdRQPbSNr9Io,214.000,obTLIQc2u6K1oipM,221.000,Nsmpq/og5cO95HwJ
5,31,2026-03-25T14:24:23.443Z,201.000,10,54.000,Do8hC1pw172W9xvw,91.000,uT1RCshO88YMpxwE,98.000,2N4uTfQs/yo3mBYi,162.000,Kxg/hrv/euEuhbOE,189.000,obTLIQc2u6K1oipM,195.000,Nsmpq/og5cO95HwJ,201.000,02xuA6TviChey6nJ,205.000,MwfJUdRQPbSNr9Io,208.000,2iset8PVX4jSTSEH,250.000,YHloJXirCx60SFnV
5,32,2026-03-25T14:24:23.644Z,205.000,10,57.000,Do8hC1pw172W9xvw,90.000,uT1RCshO88YMpxwE,101.000,2N4uTfQs/yo3mBYi,163.000,Kxg/hrv/euEuhbOE,186.000,Nsmpq/og5cO95HwJ,196.000,obTLIQc2u6K1oipM,205.000,MwfJUdRQPbSNr9Io,257.000,2iset8PVX4jSTSEH,216.000,02xuA6TviChey6nJ,310.000,YHloJXirCx60SFnV
5,33,2026-03-25T14:24:23.849Z,194.000,10,55.000,Do8hC1pw172W9xvw,82.000,uT1RCshO88YMpxwE,96.000,2N4uTfQs/yo3mBYi,152.000,Kxg/hrv/euEuhbOE,191.000,MwfJUdRQPbSNr9Io,192.000,obTLIQc2u6K1oipM,194.000,02xuA6TviChey6nJ,195.000,2iset8PVX4jSTSEH,199.000,Nsmpq/og5cO95HwJ,200.000,YHloJXirCx60SFnV
5,34,2026-03-25T14:24:24.043Z,195.000,10,57.000,Do8hC1pw172W9xvw,82.000,uT1RCshO88YMpxwE,105.000,2N4uTfQs/yo3mBYi,159.000,Kxg/hrv/euEuhbOE,187.000,2iset8PVX4jSTSEH,192.000,MwfJUdRQPbSNr9Io,195.000,obTLIQc2u6K1oipM,210.000,Nsmpq/og5cO95HwJ,219.000,02xuA6TviChey6nJ,229.000,YHloJXirCx60SFnV
5,35,2026-03-25T14:24:24.238Z,211.000,10,75.000,Do8hC1pw172W9xvw,87.000,uT1RCshO88YMpxwE,96.000,2N4uTfQs/yo3mBYi,170.000,Kxg/hrv/euEuhbOE,198.000,2iset8PVX4jSTSEH,207.000,MwfJUdRQPbSNr9Io,211.000,obTLIQc2u6K1oipM,220.000,02xuA6TviChey6nJ,263.000,YHloJXirCx60SFnV,300.000,Nsmpq/og5cO95HwJ
5,36,2026-03-25T14:24:24.449Z,203.000,10,55.000,Do8hC1pw172W9xvw,78.000,uT1RCshO88YMpxwE,96.000,2N4uTfQs/yo3mBYi,166.000,Kxg/hrv/euEuhbOE,190.000,Nsmpq/og5cO95HwJ,192.000,obTLIQc2u6K1oipM,203.000,2iset8PVX4jSTSEH,204.000,YHloJXirCx60SFnV,208.000,MwfJUdRQPbSNr9Io,209.000,02xuA6TviChey6nJ
5,37,2026-03-25T14:24:24.652Z,207.000,10,63.000,Do8hC1pw172W9xvw,73.000,uT1RCshO88YMpxwE,91.000,2N4uTfQs/yo3mBYi,157.000,Kxg/hrv/euEuhbOE,175.000,Nsmpq/og5cO95HwJ,198.000,obTLIQc2u6K1oipM,207.000,2iset8PVX4jSTSEH,208.000,MwfJUdRQPbSNr9Io,210.000,YHloJXirCx60SFnV,221.000,02xuA6TviChey6nJ
5,38,2026-03-25T14:24:24.859Z,197.000,10,56.000,Do8hC1pw172W9xvw,73.000,uT1RCshO88YMpxwE,77.000,2N4uTfQs/yo3mBYi,152.000,Kxg/hrv/euEuhbOE,173.000,obTLIQc2u6K1oipM,193.000,2iset8PVX4jSTSEH,247.000,MwfJUdRQPbSNr9Io,254.000,Nsmpq/og5cO95HwJ,255.000,YHloJXirCx60SFnV,285.000,02xuA6TviChey6nJ
5,39,2026-03-25T14:24:25.056Z,193.000,10,55.000,Do8hC1pw172W9xvw,83.000,2N4uTfQs/yo3mBYi,84.000,uT1RCshO88YMpxwE,151.000,Kxg/hrv/euEuhbOE,188.000,Nsmpq/og5cO95HwJ,191.000,obTLIQc2u6K1oipM,193.000,YHloJXirCx60SFnV,197.000,MwfJUdRQPbSNr9Io,199.000,02xuA6TviChey6nJ,210.000,2iset8PVX4jSTSEH
5,40,2026-03-25T14:24:25.249Z,214.000,10,69.000,Do8hC1pw172W9xvw,78.000,uT1RCshO88YMpxwE,106.000,2N4uTfQs/yo3mBYi,169.000,obTLIQc2u6K1oipM,171.000,Kxg/hrv/euEuhbOE,210.000,02xuA6TviChey6nJ,214.000,2iset8PVX4jSTSEH,216.000,MwfJUdRQPbSNr9Io,221.000,Nsmpq/og5cO95HwJ,254.000,YHloJXirCx60SFnV
5,41,2026-03-25T14:24:25.463Z,189.000,10,56.000,Do8hC1pw172W9xvw,72.000,uT1RCshO88YMpxwE,85.000,2N4uTfQs/yo3mBYi,148.000,Kxg/hrv/euEuhbOE,174.000,Nsmpq/og5cO95HwJ,184.000,02xuA6TviChey6nJ,189.000,2iset8PVX4jSTSEH,200.000,obTLIQc2u6K1oipM,243.000,MwfJUdRQPbSNr9Io,279.000,YHloJXirCx60SFnV
5,42,2026-03-25T14:24:25.652Z,199.000,10,68.000,Do8hC1pw172W9xvw,84.000,uT1RCshO88YMpxwE,94.000,2N4uTfQs/yo3mBYi,162.000,Kxg/hrv/euEuhbOE,188.000,obTLIQc2u6K1oipM,196.000,MwfJUdRQPbSNr9Io,199.000,YHloJXirCx60SFnV,201.000,Nsmpq/og5cO95HwJ,207.000,02xuA6TviChey6nJ,280.000,2iset8PVX4jSTSEH
5,43,2026-03-25T14:24:25.851Z,205.000,10,63.000,Do8hC1pw172W9xvw,88.000,uT1RCshO88YMpxwE,89.000,2N4uTfQs/yo3mBYi,165.000,Kxg/hrv/euEuhbOE,197.000,obTLIQc2u6K1oipM,200.000,2iset8PVX4jSTSEH,205.000,02xuA6TviChey6nJ,211.000,Nsmpq/og5cO95HwJ,219.000,MwfJUdRQPbSNr9Io,248.000,YHloJXirCx60SFnV
5,44,2026-03-25T14:24:26.056Z,198.000,10,66.000,Do8hC1pw172W9xvw,81.000,uT1RCshO88YMpxwE,96.000,2N4uTfQs/yo3mBYi,159.000,Kxg/hrv/euEuhbOE,179.000,obTLIQc2u6K1oipM,196.000,YHloJXirCx60SFnV,198.000,MwfJUdRQPbSNr9Io,204.000,2iset8PVX4jSTSEH,209.000,02xuA6TviChey6nJ,217.000,Nsmpq/og5cO95HwJ
5,45,2026-03-25T14:24:26.254Z,205.000,10,70.000,Do8hC1pw172W9xvw,95.000,uT1RCshO88YMpxwE,106.000,2N4uTfQs/yo3mBYi,167.000,Kxg/hrv/euEuhbOE,180.000,obTLIQc2u6K1oipM,195.000,02xuA6TviChey6nJ,204.000,MwfJUdRQPbSNr9Io,206.000,YHloJXirCx60SFnV,224.000,Nsmpq/og5cO95HwJ,225.000,2iset8PVX4jSTSEH
5,46,2026-03-25T14:24:26.459Z,201.000,10,58.000,Do8hC1pw172W9xvw,66.000,uT1RCshO88YMpxwE,100.000,2N4uTfQs/yo3mBYi,161.000,Kxg/hrv/euEuhbOE,170.000,02xuA6TviChey6nJ,194.000,MwfJUdRQPbSNr9Io,201.000,obTLIQc2u6K1oipM,208.000,2iset8PVX4jSTSEH,210.000,Nsmpq/og5cO95HwJ,215.000,YHloJXirCx60SFnV
5,47,2026-03-25T14:24:26.660Z,203.000,10,66.000,Do8hC1pw172W9xvw,95.000,2N4uTfQs/yo3mBYi,99.000,uT1RCshO88YMpxwE,170.000,Kxg/hrv/euEuhbOE,181.000,obTLIQc2u6K1oipM,187.000,Nsmpq/og5cO95HwJ,203.000,YHloJXirCx60SFnV,209.000,02xuA6TviChey6nJ,215.000,MwfJUdRQPbSNr9Io,289.000,2iset8PVX4jSTSEH
5,48,2026-03-25T14:24:26.863Z,191.000,10,64.000,Do8hC1pw172W9xvw,80.000,uT1RCshO88YMpxwE,100.000,2N4uTfQs/yo3mBYi,162.000,Kxg/hrv/euEuhbOE,182.000,obTLIQc2u6K1oipM,185.000,02xuA6TviChey6nJ,191.000,Nsmpq/og5cO95HwJ,198.000,MwfJUdRQPbSNr9Io,200.000,YHloJXirCx60SFnV,209.000,2iset8PVX4jSTSEH
5,49,2026-03-25T14:24:27.054Z,209.000,10,77.000,Do8hC1pw172W9xvw,105.000,2N4uTfQs/yo3mBYi,106.000,uT1RCshO88YMpxwE,170.000,Kxg/hrv/euEuhbOE,206.000,2iset8PVX4jSTSEH,207.000,MwfJUdRQPbSNr9Io,209.000,obTLIQc2u6K1oipM,210.000,02xuA6TviChey6nJ,222.000,Nsmpq/og5cO95HwJ,227.000,YHloJXirCx60SFnV
5,50,2026-03-25T14:24:27.263Z,207.000,10,56.000,Do8hC1pw172W9xvw,73.000,uT1RCshO88YMpxwE,101.000,2N4uTfQs/yo3mBYi,160.000,Kxg/hrv/euEuhbOE,193.000,MwfJUdRQPbSNr9Io,196.000,obTLIQc2u6K1oipM,207.000,2iset8PVX4jSTSEH,210.000,YHloJXirCx60SFnV,246.000,02xuA6TviChey6nJ,275.000,Nsmpq/og5cO95HwJ
5,51,2026-03-25T14:24:27.470Z,196.000,10,50.000,Do8hC1pw172W9xvw,78.000,uT1RCshO88YMpxwE,93.000,2N4uTfQs/yo3mBYi,157.000,Kxg/hrv/euEuhbOE,188.000,Nsmpq/og5cO95HwJ,194.000,2iset8PVX4jSTSEH,196.000,MwfJUdRQPbSNr9Io,199.000,obTLIQc2u6K1oipM,202.000,02xuA6TviChey6nJ,205.000,YHloJXirCx60SFnV
5,52,2026-03-25T14:24:27.666Z,201.000,10,57.000,Do8hC1pw172W9xvw,80.000,uT1RCshO88YMpxwE,105.000,2N4uTfQs/yo3mBYi,161.000,Kxg/hrv/euEuhbOE,185.000,obTLIQc2u6K1oipM,193.000,Nsmpq/og5cO95HwJ,201.000,YHloJXirCx60SFnV,204.000,2iset8PVX4jSTSEH,207.000,MwfJUdRQPbSNr9Io,287.000,02xuA6TviChey6nJ
5,53,2026-03-25T14:24:27.867Z,190.000,10,65.000,Do8hC1pw172W9xvw,78.000,uT1RCshO88YMpxwE,90.000,2N4uTfQs/yo3mBYi,154.000,Kxg/hrv/euEuhbOE,180.000,MwfJUdRQPbSNr9Io,186.000,2iset8PVX4jSTSEH,189.000,obTLIQc2u6K1oipM,203.000,02xuA6TviChey6nJ,206.000,Nsmpq/og5cO95HwJ,212.000,YHloJXirCx60SFnV
5,54,2026-03-25T14:24:28.057Z,216.000,10,79.000,Do8hC1pw172W9xvw,87.000,uT1RCshO88YMpxwE,112.000,2N4uTfQs/yo3mBYi,172.000,Kxg/hrv/euEuhbOE,209.000,Nsmpq/og5cO95HwJ,211.000,02xuA6TviChey6nJ,216.000,obTLIQc2u6K1oipM,303.000,MwfJUdRQPbSNr9Io,259.000,2iset8PVX4jSTSEH,232.000,YHloJXirCx60SFnV
5,55,2026-03-25T14:24:28.273Z,205.000,10,53.000,Do8hC1pw172W9xvw,77.000,uT1RCshO88YMpxwE,91.000,2N4uTfQs/yo3mBYi,164.000,Kxg/hrv/euEuhbOE,190.000,obTLIQc2u6K1oipM,194.000,Nsmpq/og5cO95HwJ,205.000,MwfJUdRQPbSNr9Io,207.000,2iset8PVX4jSTSEH,211.000,YHloJXirCx60SFnV,213.000,02xuA6TviChey6nJ
5,56,2026-03-25T14:24:28.478Z,186.000,10,54.000,Do8hC1pw172W9xvw,77.000,uT1RCshO88YMpxwE,94.000,2N4uTfQs/yo3mBYi,147.000,Kxg/hrv/euEuhbOE,182.000,2iset8PVX4jSTSEH,184.000,Nsmpq/og5cO95HwJ,186.000,obTLIQc2u6K1oipM,188.000,02xuA6TviChey6nJ,199.000,MwfJUdRQPbSNr9Io,205.000,YHloJXirCx60SFnV
5,57,2026-03-25T14:24:28.664Z,208.000,10,71.000,Do8hC1pw172W9xvw,92.000,uT1RCshO88YMpxwE,108.000,2N4uTfQs/yo3mBYi,168.000,Kxg/hrv/euEuhbOE,202.000,obTLIQc2u6K1oipM,206.000,2iset8PVX4jSTSEH,208.000,MwfJUdRQPbSNr9Io,209.000,Nsmpq/og5cO95HwJ,210.000,02xuA6TviChey6nJ,214.000,YHloJXirCx60SFnV
5,58,2026-03-25T14:24:28.872Z,209.000,10,56.000,Do8hC1pw172W9xvw,91.000,2N4uTfQs/yo3mBYi,94.000,uT1RCshO88YMpxwE,165.000,Kxg/hrv/euEuhbOE,188.000,obTLIQc2u6K1oipM,196.000,2iset8PVX4jSTSEH,208.000,Nsmpq/og5cO95HwJ,211.000,MwfJUdRQPbSNr9Io,217.000,02xuA6TviChey6nJ,230.000,YHloJXirCx60SFnV
5,59,2026-03-25T14:24:29.081Z,193.000,10,51.000,Do8hC1pw172W9xvw,76.000,uT1RCshO88YMpxwE,85.000,2N4uTfQs/yo3mBYi,155.000,Kxg/hrv/euEuhbOE,174.000,obTLIQc2u6K1oipM,180.000,YHloJXirCx60SFnV,193.000,Nsmpq/og5cO95HwJ,201.000,2iset8PVX4jSTSEH,207.000,02xuA6TviChey6nJ,209.000,MwfJUdRQPbSNr9Io
5,60,2026-03-25T14:24:29.274Z,191.000,10,74.000,Do8hC1pw172W9xvw,87.000,uT1RCshO88YMpxwE,110.000,2N4uTfQs/yo3mBYi,166.000,Kxg/hrv/euEuhbOE,179.000,02xuA6TviChey6nJ,189.000,YHloJXirCx60SFnV,191.000,obTLIQc2u6K1oipM,198.000,MwfJUdRQPbSNr9Io,209.000,Nsmpq/og5cO95HwJ,258.000,2iset8PVX4jSTSEH
5,61,2026-03-25T14:24:29.465Z,220.000,10,78.000,Do8hC1pw172W9xvw,84.000,uT1RCshO88YMpxwE,106.000,2N4uTfQs/yo3mBYi,175.000,Kxg/hrv/euEuhbOE,192.000,2iset8PVX4jSTSEH,214.000,obTLIQc2u6K1oipM,220.000,Nsmpq/og5cO95HwJ,226.000,YHloJXirCx60SFnV,267.000,02xuA6TviChey6nJ,306.000,MwfJUdRQPbSNr9Io
5,62,2026-03-25T14:24:29.685Z,192.000,10,52.000,Do8hC1pw172W9xvw,74.000,uT1RCshO88YMpxwE,88.000,2N4uTfQs/yo3mBYi,150.000,Kxg/hrv/euEuhbOE,189.000,obTLIQc2u6K1oipM,190.000,02xuA6TviChey6nJ,192.000,MwfJUdRQPbSNr9Io,197.000,Nsmpq/og5cO95HwJ,198.000,2iset8PVX4jSTSEH,205.000,YHloJXirCx60SFnV
5,63,2026-03-25T14:24:29.877Z,206.000,10,69.000,Do8hC1pw172W9xvw,86.000,uT1RCshO88YMpxwE,99.000,2N4uTfQs/yo3mBYi,160.000,Kxg/hrv/euEuhbOE,178.000,obTLIQc2u6K1oipM,202.000,02xuA6TviChey6nJ,205.000,2iset8PVX4jSTSEH,210.000,YHloJXirCx60SFnV,212.000,Nsmpq/og5cO95HwJ,218.000,MwfJUdRQPbSNr9Io
5,64,2026-03-25T14:24:30.083Z,203.000,10,52.000,Do8hC1pw172W9xvw,83.000,2N4uTfQs/yo3mBYi,90.000,uT1RCshO88YMpxwE,161.000,Kxg/hrv/euEuhbOE,174.000,obTLIQc2u6K1oipM,180.000,YHloJXirCx60SFnV,203.000,Nsmpq/og5cO95HwJ,207.000,02xuA6TviChey6nJ,211.000,2iset8PVX4jSTSEH,213.000,MwfJUdRQPbSNr9Io
5,65,2026-03-25T14:24:30.286Z,196.000,10,68.000,Do8hC1pw172W9xvw,71.000,uT1RCshO88YMpxwE,89.000,2N4uTfQs/yo3mBYi,146.000,Kxg/hrv/euEuhbOE,180.000,2iset8PVX4jSTSEH,181.000,MwfJUdRQPbSNr9Io,196.000,02xuA6TviChey6nJ,198.000,obTLIQc2u6K1oipM,203.000,Nsmpq/og5cO95HwJ,214.000,YHloJXirCx60SFnV
5,66,2026-03-25T14:24:30.482Z,198.000,10,64.000,Do8hC1pw172W9xvw,91.000,2N4uTfQs/yo3mBYi,115.000,uT1RCshO88YMpxwE,165.000,Kxg/hrv/euEuhbOE,187.000,2iset8PVX4jSTSEH,196.000,obTLIQc2u6K1oipM,198.000,Nsmpq/og5cO95HwJ,204.000,YHloJXirCx60SFnV,210.000,MwfJUdRQPbSNr9Io,216.000,02xuA6TviChey6nJ
5,67,2026-03-25T14:24:30.680Z,205.000,10,61.000,Do8hC1pw172W9xvw,78.000,uT1RCshO88YMpxwE,91.000,2N4uTfQs/yo3mBYi,167.000,Kxg/hrv/euEuhbOE,190.000,Nsmpq/og5cO95HwJ,195.000,obTLIQc2u6K1oipM,205.000,MwfJUdRQPbSNr9Io,217.000,2iset8PVX4jSTSEH,219.000,YHloJXirCx60SFnV,221.000,02xuA6TviChey6nJ
5,68,2026-03-25T14:24:30.885Z,198.000,10,64.000,Do8hC1pw172W9xvw,73.000,uT1RCshO88YMpxwE,103.000,2N4uTfQs/yo3mBYi,161.000,Kxg/hrv/euEuhbOE,178.000,obTLIQc2u6K1oipM,189.000,MwfJUdRQPbSNr9Io,198.000,2iset8PVX4jSTSEH,201.000,Nsmpq/og5cO95HwJ,218.000,02xuA6TviChey6nJ,219.000,YHloJXirCx60SFnV
5,69,2026-03-25T14:24:31.083Z,207.000,10,63.000,Do8hC1pw172W9xvw,83.000,uT1RCshO88YMpxwE,99.000,2N4uTfQs/yo3mBYi,166.000,Kxg/hrv/euEuhbOE,198.000,Nsmpq/og5cO95HwJ,201.000,obTLIQc2u6K1oipM,207.000,2iset8PVX4jSTSEH,210.000,YHloJXirCx60SFnV,219.000,MwfJUdRQPbSNr9Io,259.000,02xuA6TviChey6nJ
5,70,2026-03-25T14:24:31.290Z,198.000,10,64.000,Do8hC1pw172W9xvw,72.000,uT1RCshO88YMpxwE,91.000,2N4uTfQs/yo3mBYi,163.000,Kxg/hrv/euEuhbOE,172.000,MwfJUdRQPbSNr9Io,190.000,obTLIQc2u6K1oipM,198.000,2iset8PVX4jSTSEH,203.000,Nsmpq/og5cO95HwJ,218.000,02xuA6TviChey6nJ,220.000,YHloJXirCx60SFnV
5,71,2026-03-25T14:24:31.488Z,202.000,10,77.000,Do8hC1pw172W9xvw,96.000,uT1RCshO88YMpxwE,100.000,2N4uTfQs/yo3mBYi,160.000,Kxg/hrv/euEuhbOE,194.000,obTLIQc2u6K1oipM,200.000,02xuA6TviChey6nJ,202.000,2iset8PVX4jSTSEH,203.000,YHloJXirCx60SFnV,206.000,MwfJUdRQPbSNr9Io,207.000,Nsmpq/og5cO95HwJ
5,72,2026-03-25T14:24:31.690Z,200.000,10,68.000,Do8hC1pw172W9xvw,83.000,uT1RCshO88YMpxwE,90.000,2N4uTfQs/yo3mBYi,163.000,Kxg/hrv/euEuhbOE,183.000,obTLIQc2u6K1oipM,198.000,MwfJUdRQPbSNr9Io,200.000,02xuA6TviChey6nJ,210.000,Nsmpq/og5cO95HwJ,215.000,2iset8PVX4jSTSEH,234.000,YHloJXirCx60SFnV
5,73,2026-03-25T14:24:31.890Z,202.000,10,61.000,Do8hC1pw172W9xvw,78.000,uT1RCshO88YMpxwE,101.000,2N4uTfQs/yo3mBYi,165.000,Kxg/hrv/euEuhbOE,175.000,02xuA6TviChey6nJ,197.000,Nsmpq/og5cO95HwJ,202.000,obTLIQc2u6K1oipM,204.000,2iset8PVX4jSTSEH,206.000,MwfJUdRQPbSNr9Io,221.000,YHloJXirCx60SFnV
5,74,2026-03-25T14:24:32.092Z,208.000,10,52.000,Do8hC1pw172W9xvw,81.000,uT1RCshO88YMpxwE,93.000,2N4uTfQs/yo3mBYi,165.000,Kxg/hrv/euEuhbOE,184.000,Nsmpq/og5cO95HwJ,206.000,YHloJXirCx60SFnV,208.000,2iset8PVX4jSTSEH,209.000,02xuA6TviChey6nJ,210.000,obTLIQc2u6K1oipM,237.000,MwfJUdRQPbSNr9Io
5,75,2026-03-25T14:24:32.300Z,194.000,10,63.000,Do8hC1pw172W9xvw,77.000,uT1RCshO88YMpxwE,86.000,2N4uTfQs/yo3mBYi,166.000,Kxg/hrv/euEuhbOE,186.000,02xuA6TviChey6nJ,190.000,obTLIQc2u6K1oipM,194.000,MwfJUdRQPbSNr9Io,204.000,YHloJXirCx60SFnV,210.000,2iset8PVX4jSTSEH,213.000,Nsmpq/og5cO95HwJ
5,76,2026-03-25T14:24:32.494Z,186.000,10,62.000,Do8hC1pw172W9xvw,79.000,uT1RCshO88YMpxwE,108.000,2N4uTfQs/yo3mBYi,157.000,Kxg/hrv/euEuhbOE,179.000,Nsmpq/og5cO95HwJ,181.000,2iset8PVX4jSTSEH,185.000,MwfJUdRQPbSNr9Io,190.000,obTLIQc2u6K1oipM,213.000,02xuA6TviChey6nJ,216.000,YHloJXirCx60SFnV
5,77,2026-03-25T14:24:32.680Z,224.000,10,81.000,Do8hC1pw172W9xvw,116.000,uT1RCshO88YMpxwE,117.000,2N4uTfQs/yo3mBYi,181.000,Kxg/hrv/euEuhbOE,186.000,02xuA6TviChey6nJ,214.000,MwfJUdRQPbSNr9Io,224.000,Nsmpq/og5cO95HwJ,226.000,YHloJXirCx60SFnV,230.000,obTLIQc2u6K1oipM,271.000,2iset8PVX4jSTSEH
5,78,2026-03-25T14:24:32.904Z,197.000,10,55.000,Do8hC1pw172W9xvw,70.000,uT1RCshO88YMpxwE,93.000,2N4uTfQs/yo3mBYi,153.000,Kxg/hrv/euEuhbOE,194.000,YHloJXirCx60SFnV,195.000,2iset8PVX4jSTSEH,197.000,Nsmpq/og5cO95HwJ,204.000,MwfJUdRQPbSNr9Io,216.000,02xuA6TviChey6nJ,263.000,obTLIQc2u6K1oipM
5,79,2026-03-25T14:24:33.101Z,200.000,10,70.000,Do8hC1pw172W9xvw,84.000,uT1RCshO88YMpxwE,93.000,2N4uTfQs/yo3mBYi,162.000,Kxg/hrv/euEuhbOE,179.000,obTLIQc2u6K1oipM,186.000,YHloJXirCx60SFnV,200.000,MwfJUdRQPbSNr9Io,201.000,2iset8PVX4jSTSEH,213.000,02xuA6TviChey6nJ,221.000,Nsmpq/og5cO95HwJ
5,80,2026-03-25T14:24:33.301Z,193.000,10,67.000,Do8hC1pw172W9xvw,90.000,uT1RCshO88YMpxwE,99.000,2N4uTfQs/yo3mBYi,157.000,Kxg/hrv/euEuhbOE,184.000,2iset8PVX4jSTSEH,188.000,obTLIQc2u6K1oipM,193.000,02xuA6TviChey6nJ,206.000,YHloJXirCx60SFnV,207.000,Nsmpq/og5cO95HwJ,210.000,MwfJUdRQPbSNr9Io
5,81,2026-03-25T14:24:33.494Z,206.000,10,68.000,Do8hC1pw172W9xvw,80.000,uT1RCshO88YMpxwE,109.000,2N4uTfQs/yo3mBYi,170.000,Kxg/hrv/euEuhbOE,199.000,Nsmpq/og5cO95HwJ,204.000,MwfJUdRQPbSNr9Io,206.000,obTLIQc2u6K1oipM,217.000,02xuA6TviChey6nJ,269.000,2iset8PVX4jSTSEH,309.000,YHloJXirCx60SFnV
5,82,2026-03-25T14:24:33.700Z,195.000,10,65.000,Do8hC1pw172W9xvw,88.000,uT1RCshO88YMpxwE,100.000,2N4uTfQs/yo3mBYi,158.000,Kxg/hrv/euEuhbOE,188.000,MwfJUdRQPbSNr9Io,189.000,YHloJXirCx60SFnV,195.000,2iset8PVX4jSTSEH,204.000,Nsmpq/og5cO95HwJ,210.000,obTLIQc2u6K1oipM,211.000,02xuA6TviChey6nJ
5,83,2026-03-25T14:24:33.895Z,207.000,10,76.000,Do8hC1pw172W9xvw,101.000,uT1RCshO88YMpxwE,113.000,2N4uTfQs/yo3mBYi,167.000,Kxg/hrv/euEuhbOE,194.000,2iset8PVX4jSTSEH,203.000,Nsmpq/og5cO95HwJ,207.000,obTLIQc2u6K1oipM,209.000,YHloJXirCx60SFnV,218.000,02xuA6TviChey6nJ,269.000,MwfJUdRQPbSNr9Io
5,84,2026-03-25T14:24:34.102Z,203.000,10,65.000,Do8hC1pw172W9xvw,84.000,uT1RCshO88YMpxwE,106.000,2N4uTfQs/yo3mBYi,161.000,Kxg/hrv/euEuhbOE,186.000,MwfJUdRQPbSNr9Io,197.000,2iset8PVX4jSTSEH,203.000,obTLIQc2u6K1oipM,206.000,02xuA6TviChey6nJ,222.000,Nsmpq/og5cO95HwJ,232.000,YHloJXirCx60SFnV
5,85,2026-03-25T14:24:34.305Z,198.000,10,69.000,Do8hC1pw172W9xvw,95.000,2N4uTfQs/yo3mBYi,99.000,uT1RCshO88YMpxwE,159.000,Kxg/hrv/euEuhbOE,182.000,MwfJUdRQPbSNr9Io,189.000,obTLIQc2u6K1oipM,198.000,02xuA6TviChey6nJ,200.000,2iset8PVX4jSTSEH,203.000,Nsmpq/og5cO95HwJ,242.000,YHloJXirCx60SFnV
5,86,2026-03-25T14:24:34.503Z,209.000,10,65.000,Do8hC1pw172W9xvw,86.000,uT1RCshO88YMpxwE,108.000,2N4uTfQs/yo3mBYi,162.000,Kxg/hrv/euEuhbOE,191.000,2iset8PVX4jSTSEH,199.000,obTLIQc2u6K1oipM,209.000,02xuA6TviChey6nJ,210.000,MwfJUdRQPbSNr9Io,213.000,Nsmpq/og5cO95HwJ,335.000,YHloJXirCx60SFnV
5,87,2026-03-25T14:24:34.712Z,201.000,10,57.000,Do8hC1pw172W9xvw,86.000,uT1RCshO88YMpxwE,97.000,2N4uTfQs/yo3mBYi,154.000,Kxg/hrv/euEuhbOE,179.000,Nsmpq/og5cO95HwJ,195.000,obTLIQc2u6K1oipM,201.000,02xuA6TviChey6nJ,202.000,YHloJXirCx60SFnV,207.000,MwfJUdRQPbSNr9Io,223.000,2iset8PVX4jSTSEH
5,88,2026-03-25T14:24:34.913Z,194.000,10,60.000,Do8hC1pw172W9xvw,83.000,uT1RCshO88YMpxwE,105.000,2N4uTfQs/yo3mBYi,153.000,Kxg/hrv/euEuhbOE,188.000,obTLIQc2u6K1oipM,190.000,YHloJXirCx60SFnV,193.000,2iset8PVX4jSTSEH,207.000,MwfJUdRQPbSNr9Io,208.000,02xuA6TviChey6nJ,209.000,Nsmpq/og5cO95HwJ
5,89,2026-03-25T14:24:35.107Z,200.000,10,76.000,Do8hC1pw172W9xvw,94.000,uT1RCshO88YMpxwE,100.000,2N4uTfQs/yo3mBYi,160.000,Kxg/hrv/euEuhbOE,187.000,MwfJUdRQPbSNr9Io,199.000,2iset8PVX4jSTSEH,200.000,Nsmpq/og5cO95HwJ,203.000,02xuA6TviChey6nJ,211.000,obTLIQc2u6K1oipM,225.000,YHloJXirCx60SFnV
5,90,2026-03-25T14:24:35.307Z,198.000,10,73.000,Do8hC1pw172W9xvw,93.000,uT1RCshO88YMpxwE,106.000,2N4uTfQs/yo3mBYi,168.000,Kxg/hrv/euEuhbOE,197.000,obTLIQc2u6K1oipM,198.000,MwfJUdRQPbSNr9Io,198.000,YHloJXirCx60SFnV,215.000,2iset8PVX4jSTSEH,220.000,Nsmpq/og5cO95HwJ,270.000,02xuA6TviChey6nJ
5,91,2026-03-25T14:24:35.505Z,219.000,10,73.000,Do8hC1pw172W9xvw,96.000,uT1RCshO88YMpxwE,103.000,2N4uTfQs/yo3mBYi,178.000,Kxg/hrv/euEuhbOE,200.000,MwfJUdRQPbSNr9Io,205.000,obTLIQc2u6K1oipM,219.000,02xuA6TviChey6nJ,223.000,2iset8PVX4jSTSEH,224.000,Nsmpq/og5cO95HwJ,239.000,YHloJXirCx60SFnV
5,92,2026-03-25T14:24:35.724Z,191.000,10,82.000,uT1RCshO88YMpxwE,89.000,2N4uTfQs/yo3mBYi,154.000,obTLIQc2u6K1oipM,154.000,Kxg/hrv/euEuhbOE,182.000,Do8hC1pw172W9xvw,190.000,2iset8PVX4jSTSEH,191.000,MwfJUdRQPbSNr9Io,192.000,Nsmpq/og5cO95HwJ,201.000,02xuA6TviChey6nJ,205.000,YHloJXirCx60SFnV
5,93,2026-03-25T14:24:35.915Z,217.000,10,79.000,uT1RCshO88YMpxwE,103.000,2N4uTfQs/yo3mBYi,164.000,Kxg/hrv/euEuhbOE,195.000,Do8hC1pw172W9xvw,199.000,obTLIQc2u6K1oipM,208.000,YHloJXirCx60SFnV,217.000,Nsmpq/og5cO95HwJ,217.000,MwfJUdRQPbSNr9Io,218.000,2iset8PVX4jSTSEH,223.000,02xuA6TviChey6nJ
5,94,2026-03-25T14:24:36.132Z,185.000,10,68.000,uT1RCshO88YMpxwE,81.000,2N4uTfQs/yo3mBYi,142.000,Kxg/hrv/euEuhbOE,161.000,obTLIQc2u6K1oipM,162.000,Do8hC1pw172W9xvw,177.000,MwfJUdRQPbSNr9Io,185.000,YHloJXirCx60SFnV,190.000,02xuA6TviChey6nJ,191.000,2iset8PVX4jSTSEH,193.000,Nsmpq/og5cO95HwJ
5,95,2026-03-25T14:24:36.317Z,211.000,10,86.000,uT1RCshO88YMpxwE,99.000,2N4uTfQs/yo3mBYi,161.000,Kxg/hrv/euEuhbOE,199.000,Do8hC1pw172W9xvw,199.000,MwfJUdRQPbSNr9Io,201.000,Nsmpq/og5cO95HwJ,210.000,02xuA6TviChey6nJ,219.000,obTLIQc2u6K1oipM,222.000,2iset8PVX4jSTSEH,240.000,YHloJXirCx60SFnV
5,96,2026-03-25T14:24:36.528Z,190.000,10,83.000,uT1RCshO88YMpxwE,85.000,2N4uTfQs/yo3mBYi,130.000,Do8hC1pw172W9xvw,160.000,Kxg/hrv/euEuhbOE,182.000,Nsmpq/og5cO95HwJ,185.000,02xuA6TviChey6nJ,190.000,2iset8PVX4jSTSEH,207.000,MwfJUdRQPbSNr9Io,208.000,YHloJXirCx60SFnV,228.000,obTLIQc2u6K1oipM
5,97,2026-03-25T14:24:36.718Z,202.000,10,89.000,uT1RCshO88YMpxwE,90.000,2N4uTfQs/yo3mBYi,160.000,Kxg/hrv/euEuhbOE,196.000,Do8hC1pw172W9xvw,198.000,Nsmpq/og5cO95HwJ,200.000,MwfJUdRQPbSNr9Io,202.000,02xuA6TviChey6nJ,210.000,YHloJXirCx60SFnV,228.000,obTLIQc2u6K1oipM,335.000,2iset8PVX4jSTSEH
5,98,2026-03-25T14:24:36.920Z,207.000,10,96.000,uT1RCshO88YMpxwE,104.000,2N4uTfQs/yo3mBYi,160.000,Kxg/hrv/euEuhbOE,197.000,Do8hC1pw172W9xvw,199.000,02xuA6TviChey6nJ,203.000,MwfJUdRQPbSNr9Io,207.000,Nsmpq/og5cO95HwJ,223.000,YHloJXirCx60SFnV,228.000,obTLIQc2u6K1oipM,238.000,2iset8PVX4jSTSEH
5,99,2026-03-25T14:24:37.127Z,212.000,10,90.000,2N4uTfQs/yo3mBYi,124.000,uT1RCshO88YMpxwE,155.000,Do8hC1pw172W9xvw,177.000,Kxg/hrv/euEuhbOE,194.000,MwfJUdRQPbSNr9Io,202.000,02xuA6TviChey6nJ,212.000,obTLIQc2u6K1oipM,223.000,2iset8PVX4jSTSEH,243.000,Nsmpq/og5cO95HwJ,247.000,YHloJXirCx60SFnV
5,100,2026-03-25T14:24:37.339Z,203.000,10,70.000,2N4uTfQs/yo3mBYi,86.000,uT1RCshO88YMpxwE,135.000,Do8hC1pw172W9xvw,170.000,2iset8PVX4jSTSEH,181.000,Kxg/hrv/euEuhbOE,192.000,MwfJUdRQPbSNr9Io,203.000,obTLIQc2u6K1oipM,218.000,02xuA6TviChey6nJ,225.000,Nsmpq/og5cO95HwJ,227.000,YHloJXirCx60SFnV
5,101,2026-03-25T14:24:37.542Z,169.000,10,85.000,2N4uTfQs/yo3mBYi,86.000,uT1RCshO88YMpxwE,134.000,Do8hC1pw172W9xvw,163.000,Kxg/hrv/euEuhbOE,166.000,Nsmpq/og5cO95HwJ,168.000,02xuA6TviChey6nJ,169.000,2iset8PVX4jSTSEH,179.000,YHloJXirCx60SFnV,200.000,MwfJUdRQPbSNr9Io,205.000,obTLIQc2u6K1oipM
5,102,2026-03-25T14:24:37.711Z,224.000,10,112.000,2N4uTfQs/yo3mBYi,113.000,uT1RCshO88YMpxwE,163.000,Do8hC1pw172W9xvw,190.000,Kxg/hrv/euEuhbOE,203.000,MwfJUdRQPbSNr9Io,211.000,Nsmpq/og5cO95HwJ,224.000,obTLIQc2u6K1oipM,231.000,2iset8PVX4jSTSEH,242.000,02xuA6TviChey6nJ,244.000,YHloJXirCx60SFnV
5,103,2026-03-25T14:24:37.935Z,209.000,10,80.000,2N4uTfQs/yo3mBYi,97.000,uT1RCshO88YMpxwE,146.000,Do8hC1pw172W9xvw,170.000,Kxg/hrv/euEuhbOE,184.000,Nsmpq/og5cO95HwJ,203.000,obTLIQc2u6K1oipM,209.000,2iset8PVX4jSTSEH,210.000,MwfJUdRQPbSNr9Io,218.000,YHloJXirCx60SFnV,235.000,02xuA6TviChey6nJ
5,104,2026-03-25T14:24:38.144Z,206.000,10,73.000,2N4uTfQs/yo3mBYi,85.000,uT1RCshO88YMpxwE,184.000,Do8hC1pw172W9xvw,186.000,Nsmpq/og5cO95HwJ,187.000,Kxg/hrv/euEuhbOE,197.000,MwfJUdRQPbSNr9Io,205.000,2iset8PVX4jSTSEH,214.000,obTLIQc2u6K1oipM,231.000,02xuA6TviChey6nJ,237.000,YHloJXirCx60SFnV
5,105,2026-03-25T14:24:38.350Z,203.000,10,80.000,uT1RCshO88YMpxwE,86.000,2N4uTfQs/yo3mBYi,164.000,Kxg/hrv/euEuhbOE,167.000,Nsmpq/og5cO95HwJ,188.000,2iset8PVX4jSTSEH,199.000,obTLIQc2u6K1oipM,202.000,MwfJUdRQPbSNr9Io,226.000,02xuA6TviChey6nJ,259.000,YHloJXirCx60SFnV,282.000,Do8hC1pw172W9xvw
5,106,2026-03-25T14:24:38.553Z,200.000,10,81.000,uT1RCshO88YMpxwE,89.000,2N4uTfQs/yo3mBYi,152.000,MwfJUdRQPbSNr9Io,162.000,Kxg/hrv/euEuhbOE,172.000,Nsmpq/og5cO95HwJ,187.000,2iset8PVX4jSTSEH,200.000,obTLIQc2u6K1oipM,202.000,YHloJXirCx60SFnV,203.000,Do8hC1pw172W9xvw,225.000,02xuA6TviChey6nJ
5,107,2026-03-25T14:24:38.753Z,184.000,10,82.000,uT1RCshO88YMpxwE,89.000,2N4uTfQs/yo3mBYi,130.000,Do8hC1pw172W9xvw,157.000,Kxg/hrv/euEuhbOE,170.000,MwfJUdRQPbSNr9Io,183.000,2iset8PVX4jSTSEH,183.000,Nsmpq/og5cO95HwJ,192.000,obTLIQc2u6K1oipM,201.000,YHloJXirCx60SFnV,242.000,02xuA6TviChey6nJ
5,108,2026-03-25T14:24:38.937Z,223.000,10,86.000,2N4uTfQs/yo3mBYi,103.000,uT1RCshO88YMpxwE,147.000,Do8hC1pw172W9xvw,187.000,MwfJUdRQPbSNr9Io,191.000,Kxg/hrv/euEuhbOE,217.000,obTLIQc2u6K1oipM,223.000,YHloJXirCx60SFnV,230.000,Nsmpq/og5cO95HwJ,234.000,2iset8PVX4jSTSEH,238.000,02xuA6TviChey6nJ
5,109,2026-03-25T14:24:39.160Z,192.000,10,74.000,uT1RCshO88YMpxwE,77.000,2N4uTfQs/yo3mBYi,120.000,Do8hC1pw172W9xvw,149.000,MwfJUdRQPbSNr9Io,169.000,Kxg/hrv/euEuhbOE,182.000,2iset8PVX4jSTSEH,192.000,obTLIQc2u6K1oipM,213.000,Nsmpq/og5cO95HwJ,219.000,YHloJXirCx60SFnV,229.000,02xuA6TviChey6nJ
5,110,2026-03-25T14:24:39.352Z,207.000,10,79.000,2N4uTfQs/yo3mBYi,94.000,uT1RCshO88YMpxwE,130.000,Do8hC1pw172W9xvw,168.000,Kxg/hrv/euEuhbOE,184.000,MwfJUdRQPbSNr9Io,194.000,Nsmpq/og5cO95HwJ,206.000,obTLIQc2u6K1oipM,216.000,YHloJXirCx60SFnV,236.000,2iset8PVX4jSTSEH,242.000,02xuA6TviChey6nJ
5,111,2026-03-25T14:24:39.559Z,223.000,10,74.000,uT1RCshO88YMpxwE,105.000,2N4uTfQs/yo3mBYi,123.000,Do8hC1pw172W9xvw,159.000,Kxg/hrv/euEuhbOE,165.000,Nsmpq/og5cO95HwJ,178.000,MwfJUdRQPbSNr9Io,223.000,YHloJXirCx60SFnV,224.000,obTLIQc2u6K1oipM,228.000,02xuA6TviChey6nJ,263.000,2iset8PVX4jSTSEH
5,112,2026-03-25T14:24:39.782Z,185.000,10,51.000,uT1RCshO88YMpxwE,83.000,2N4uTfQs/yo3mBYi,119.000,Do8hC1pw172W9xvw,135.000,MwfJUdRQPbSNr9Io,139.000,Kxg/hrv/euEuhbOE,152.000,Nsmpq/og5cO95HwJ,185.000,obTLIQc2u6K1oipM,189.000,YHloJXirCx60SFnV,205.000,2iset8PVX4jSTSEH,213.000,02xuA6TviChey6nJ
5,113,2026-03-25T14:24:39.967Z,192.000,10,66.000,uT1RCshO88YMpxwE,84.000,2N4uTfQs/yo3mBYi,121.000,Do8hC1pw172W9xvw,155.000,Kxg/hrv/euEuhbOE,157.000,MwfJUdRQPbSNr9Io,161.000,Nsmpq/og5cO95HwJ,192.000,obTLIQc2u6K1oipM,203.000,YHloJXirCx60SFnV,233.000,2iset8PVX4jSTSEH,303.000,02xuA6TviChey6nJ
5,114,2026-03-25T14:24:40.159Z,208.000,10,84.000,uT1RCshO88YMpxwE,106.000,2N4uTfQs/yo3mBYi,127.000,Do8hC1pw172W9xvw,163.000,Kxg/hrv/euEuhbOE,175.000,MwfJUdRQPbSNr9Io,189.000,obTLIQc2u6K1oipM,208.000,YHloJXirCx60SFnV,211.000,Nsmpq/og5cO95HwJ,229.000,02xuA6TviChey6nJ,237.000,2iset8PVX4jSTSEH
5,115,2026-03-25T14:24:40.367Z,183.000,10,85.000,uT1RCshO88YMpxwE,99.000,2N4uTfQs/yo3mBYi,129.000,Do8hC1pw172W9xvw,141.000,Nsmpq/og5cO95HwJ,146.000,Kxg/hrv/euEuhbOE,178.000,obTLIQc2u6K1oipM,183.000,YHloJXirCx60SFnV,186.000,MwfJUdRQPbSNr9Io,232.000,2iset8PVX4jSTSEH,234.000,02xuA6TviChey6nJ
5,116,2026-03-25T14:24:40.550Z,205.000,10,90.000,uT1RCshO88YMpxwE,110.000,2N4uTfQs/yo3mBYi,136.000,Do8hC1pw172W9xvw,167.000,MwfJUdRQPbSNr9Io,172.000,Kxg/hrv/euEuhbOE,197.000,Nsmpq/og5cO95HwJ,204.000,YHloJXirCx60SFnV,209.000,obTLIQc2u6K1oipM,242.000,2iset8PVX4jSTSEH,246.000,02xuA6TviChey6nJ
5,117,2026-03-25T14:24:40.755Z,236.000,10,83.000,uT1RCshO88YMpxwE,103.000,2N4uTfQs/yo3mBYi,194.000,Do8hC1pw172W9xvw,197.000,MwfJUdRQPbSNr9Io,197.000,Kxg/hrv/euEuhbOE,229.000,obTLIQc2u6K1oipM,236.000,Nsmpq/og5cO95HwJ,238.000,YHloJXirCx60SFnV,253.000,2iset8PVX4jSTSEH,294.000,02xuA6TviChey6nJ
5,118,2026-03-25T14:24:40.991Z,176.000,10,59.000,uT1RCshO88YMpxwE,72.000,2N4uTfQs/yo3mBYi,115.000,Do8hC1pw172W9xvw,128.000,Kxg/hrv/euEuhbOE,168.000,Nsmpq/og5cO95HwJ,169.000,obTLIQc2u6K1oipM,176.000,YHloJXirCx60SFnV,186.000,MwfJUdRQPbSNr9Io,206.000,2iset8PVX4jSTSEH,213.000,02xuA6TviChey6nJ
5,119,2026-03-25T14:24:41.167Z,202.000,10,77.000,uT1RCshO88YMpxwE,96.000,2N4uTfQs/yo3mBYi,143.000,Do8hC1pw172W9xvw,161.000,Kxg/hrv/euEuhbOE,186.000,MwfJUdRQPbSNr9Io,201.000,obTLIQc2u6K1oipM,202.000,Nsmpq/og5cO95HwJ,216.000,YHloJXirCx60SFnV,239.000,02xuA6TviChey6nJ,241.000,2iset8PVX4jSTSEH
5,120,2026-03-25T14:24:41.369Z,200.000,10,83.000,uT1RCshO88YMpxwE,106.000,2N4uTfQs/yo3mBYi,126.000,Do8hC1pw172W9xvw,155.000,Kxg/hrv/euEuhbOE,182.000,MwfJUdRQPbSNr9Io,198.000,YHloJXirCx60SFnV,200.000,Nsmpq/og5cO95HwJ,202.000,obTLIQc2u6K1oipM,230.000,2iset8PVX4jSTSEH,235.000,02xuA6TviChey6nJ
5,121,2026-03-25T14:24:41.569Z,202.000,10,84.000,uT1RCshO88YMpxwE,93.000,2N4uTfQs/yo3mBYi,138.000,Do8hC1pw172W9xvw,161.000,MwfJUdRQPbSNr9Io,166.000,Kxg/hrv/euEuhbOE,167.000,Nsmpq/og5cO95HwJ,202.000,obTLIQc2u6K1oipM,229.000,2iset8PVX4jSTSEH,237.000,02xuA6TviChey6nJ,239.000,YHloJXirCx60SFnV
5,122,2026-03-25T14:24:41.771Z,190.000,10,90.000,2N4uTfQs/yo3mBYi,92.000,uT1RCshO88YMpxwE,118.000,Do8hC1pw172W9xvw,150.000,Kxg/hrv/euEuhbOE,164.000,MwfJUdRQPbSNr9Io,189.000,YHloJXirCx60SFnV,190.000,Nsmpq/og5cO95HwJ,191.000,obTLIQc2u6K1oipM,230.000,02xuA6TviChey6nJ,234.000,2iset8PVX4jSTSEH
5,123,2026-03-25T14:24:41.961Z,203.000,10,94.000,uT1RCshO88YMpxwE,103.000,2N4uTfQs/yo3mBYi,145.000,Do8hC1pw172W9xvw,161.000,Kxg/hrv/euEuhbOE,195.000,obTLIQc2u6K1oipM,201.000,YHloJXirCx60SFnV,203.000,MwfJUdRQPbSNr9Io,218.000,Nsmpq/og5cO95HwJ,241.000,02xuA6TviChey6nJ,250.000,2iset8PVX4jSTSEH
5,124,2026-03-25T14:24:42.164Z,227.000,10,96.000,uT1RCshO88YMpxwE,106.000,2N4uTfQs/yo3mBYi,155.000,Do8hC1pw172W9xvw,206.000,Kxg/hrv/euEuhbOE,212.000,MwfJUdRQPbSNr9Io,223.000,obTLIQc2u6K1oipM,227.000,YHloJXirCx60SFnV,240.000,02xuA6TviChey6nJ,264.000,Nsmpq/og5cO95HwJ,319.000,2iset8PVX4jSTSEH
5,125,2026-03-25T14:24:42.391Z,199.000,9,58.000,2N4uTfQs/yo3mBYi,85.000,uT1RCshO88YMpxwE,111.000,Do8hC1pw172W9xvw,137.000,Kxg/hrv/euEuhbOE,182.000,MwfJUdRQPbSNr9Io,191.000,YHloJXirCx60SFnV,199.000,obTLIQc2u6K1oipM,205.000,Nsmpq/og5cO95HwJ,212.000,02xuA6TviChey6nJ,,
5,126,2026-03-25T14:24:42.590Z,174.000,10,74.000,2iset8PVX4jSTSEH,76.000,2N4uTfQs/yo3mBYi,82.000,uT1RCshO88YMpxwE,140.000,Kxg/hrv/euEuhbOE,145.000,Do8hC1pw172W9xvw,171.000,obTLIQc2u6K1oipM,173.000,MwfJUdRQPbSNr9Io,183.000,YHloJXirCx60SFnV,211.000,Nsmpq/og5cO95HwJ,225.000,02xuA6TviChey6nJ
5,127,2026-03-25T14:24:42.764Z,208.000,10,105.000,2N4uTfQs/yo3mBYi,110.000,2iset8PVX4jSTSEH,113.000,uT1RCshO88YMpxwE,170.000,Kxg/hrv/euEuhbOE,173.000,MwfJUdRQPbSNr9Io,182.000,Do8hC1pw172W9xvw,208.000,obTLIQc2u6K1oipM,224.000,YHloJXirCx60SFnV,241.000,02xuA6TviChey6nJ,261.000,Nsmpq/og5cO95HwJ
5,128,2026-03-25T14:24:42.972Z,202.000,10,97.000,2N4uTfQs/yo3mBYi,99.000,2iset8PVX4jSTSEH,100.000,uT1RCshO88YMpxwE,141.000,Do8hC1pw172W9xvw,169.000,Kxg/hrv/euEuhbOE,171.000,MwfJUdRQPbSNr9Io,202.000,YHloJXirCx60SFnV,213.000,obTLIQc2u6K1oipM,234.000,02xuA6TviChey6nJ,243.000,Nsmpq/og5cO95HwJ
5,129,2026-03-25T14:24:43.174Z,205.000,10,100.000,uT1RCshO88YMpxwE,106.000,2N4uTfQs/yo3mBYi,108.000,2iset8PVX4jSTSEH,138.000,Do8hC1pw172W9xvw,159.000,Kxg/hrv/euEuhbOE,195.000,obTLIQc2u6K1oipM,204.000,YHloJXirCx60SFnV,225.000,MwfJUdRQPbSNr9Io,240.000,Nsmpq/og5cO95HwJ,242.000,02xuA6TviChey6nJ
5,130,2026-03-25T14:24:43.379Z,210.000,10,98.000,uT1RCshO88YMpxwE,100.000,2N4uTfQs/yo3mBYi,130.000,2iset8PVX4jSTSEH,141.000,Do8hC1pw172W9xvw,161.000,Kxg/hrv/euEuhbOE,164.000,MwfJUdRQPbSNr9Io,210.000,obTLIQc2u6K1oipM,220.000,YHloJXirCx60SFnV,223.000,02xuA6TviChey6nJ,235.000,Nsmpq/og5cO95HwJ
5,131,2026-03-25T14:24:43.589Z,194.000,10,96.000,uT1RCshO88YMpxwE,97.000,2iset8PVX4jSTSEH,101.000,2N4uTfQs/yo3mBYi,119.000,Do8hC1pw172W9xvw,147.000,Kxg/hrv/euEuhbOE,190.000,MwfJUdRQPbSNr9Io,194.000,YHloJXirCx60SFnV,201.000,02xuA6TviChey6nJ,315.000,obTLIQc2u6K1oipM,316.000,Nsmpq/og5cO95HwJ
5,132,2026-03-25T14:24:43.783Z,201.000,10,129.000,uT1RCshO88YMpxwE,134.000,2N4uTfQs/yo3mBYi,137.000,2iset8PVX4jSTSEH,142.000,Do8hC1pw172W9xvw,174.000,Kxg/hrv/euEuhbOE,194.000,MwfJUdRQPbSNr9Io,201.000,YHloJXirCx60SFnV,213.000,obTLIQc2u6K1oipM,234.000,02xuA6TviChey6nJ,237.000,Nsmpq/og5cO95HwJ
5,133,2026-03-25T14:24:43.984Z,206.000,10,98.000,2N4uTfQs/yo3mBYi,105.000,uT1RCshO88YMpxwE,111.000,2iset8PVX4jSTSEH,130.000,Do8hC1pw172W9xvw,160.000,Kxg/hrv/euEuhbOE,171.000,MwfJUdRQPbSNr9Io,205.000,obTLIQc2u6K1oipM,219.000,YHloJXirCx60SFnV,234.000,02xuA6TviChey6nJ,252.000,Nsmpq/og5cO95HwJ
5,134,2026-03-25T14:24:44.190Z,188.000,10,94.000,2N4uTfQs/yo3mBYi,109.000,2iset8PVX4jSTSEH,124.000,uT1RCshO88YMpxwE,129.000,Do8hC1pw172W9xvw,157.000,Kxg/hrv/euEuhbOE,186.000,MwfJUdRQPbSNr9Io,187.000,obTLIQc2u6K1oipM,199.000,YHloJXirCx60SFnV,247.000,Nsmpq/og5cO95HwJ,308.000,02xuA6TviChey6nJ
5,135,2026-03-25T14:24:44.378Z,215.000,9,109.000,2N4uTfQs/yo3mBYi,115.000,2iset8PVX4jSTSEH,121.000,uT1RCshO88YMpxwE,145.000,Do8hC1pw172W9xvw,167.000,Kxg/hrv/euEuhbOE,209.000,YHloJXirCx60SFnV,215.000,MwfJUdRQPbSNr9Io,216.000,obTLIQc2u6K1oipM,245.000,Nsmpq/og5cO95HwJ,,
5,136,2026-03-25T14:24:44.593Z,174.000,10,90.000,02xuA6TviChey6nJ,91.000,2N4uTfQs/yo3mBYi,92.000,uT1RCshO88YMpxwE,108.000,2iset8PVX4jSTSEH,151.000,Kxg/hrv/euEuhbOE,160.000,Do8hC1pw172W9xvw,174.000,MwfJUdRQPbSNr9Io,182.000,obTLIQc2u6K1oipM,215.000,YHloJXirCx60SFnV,240.000,Nsmpq/og5cO95HwJ
5,137,2026-03-25T14:24:44.767Z,211.000,10,118.000,uT1RCshO88YMpxwE,121.000,02xuA6TviChey6nJ,128.000,2N4uTfQs/yo3mBYi,134.000,2iset8PVX4jSTSEH,142.000,Do8hC1pw172W9xvw,181.000,Kxg/hrv/euEuhbOE,211.000,YHloJXirCx60SFnV,225.000,obTLIQc2u6K1oipM,228.000,MwfJUdRQPbSNr9Io,262.000,Nsmpq/og5cO95HwJ
5,138,2026-03-25T14:24:44.978Z,199.000,10,112.000,uT1RCshO88YMpxwE,128.000,2N4uTfQs/yo3mBYi,129.000,2iset8PVX4jSTSEH,146.000,Do8hC1pw172W9xvw,161.000,02xuA6TviChey6nJ,172.000,Kxg/hrv/euEuhbOE,199.000,MwfJUdRQPbSNr9Io,215.000,YHloJXirCx60SFnV,222.000,obTLIQc2u6K1oipM,250.000,Nsmpq/og5cO95HwJ
5,139,2026-03-25T14:24:45.177Z,183.000,10,97.000,02xuA6TviChey6nJ,113.000,2N4uTfQs/yo3mBYi,117.000,2iset8PVX4jSTSEH,133.000,Do8hC1pw172W9xvw,137.000,uT1RCshO88YMpxwE,173.000,Kxg/hrv/euEuhbOE,183.000,MwfJUdRQPbSNr9Io,212.000,YHloJXirCx60SFnV,219.000,obTLIQc2u6K1oipM,238.000,Nsmpq/og5cO95HwJ
5,140,2026-03-25T14:24:45.360Z,226.000,10,129.000,2N4uTfQs/yo3mBYi,140.000,02xuA6TviChey6nJ,148.000,uT1RCshO88YMpxwE,148.000,2iset8PVX4jSTSEH,164.000,Do8hC1pw172W9xvw,198.000,Kxg/hrv/euEuhbOE,226.000,obTLIQc2u6K1oipM,234.000,MwfJUdRQPbSNr9Io,248.000,YHloJXirCx60SFnV,282.000,Nsmpq/og5cO95HwJ
5,141,2026-03-25T14:24:45.586Z,195.000,10,109.000,uT1RCshO88YMpxwE,110.000,2N4uTfQs/yo3mBYi,113.000,02xuA6TviChey6nJ,122.000,2iset8PVX4jSTSEH,142.000,Do8hC1pw172W9xvw,169.000,Kxg/hrv/euEuhbOE,195.000,MwfJUdRQPbSNr9Io,210.000,obTLIQc2u6K1oipM,224.000,Nsmpq/og5cO95HwJ,227.000,YHloJXirCx60SFnV
5,142,2026-03-25T14:24:45.781Z,227.000,10,97.000,02xuA6TviChey6nJ,125.000,2N4uTfQs/yo3mBYi,129.000,uT1RCshO88YMpxwE,131.000,2iset8PVX4jSTSEH,144.000,Do8hC1pw172W9xvw,183.000,Kxg/hrv/euEuhbOE,227.000,MwfJUdRQPbSNr9Io,228.000,obTLIQc2u6K1oipM,231.000,YHloJXirCx60SFnV,269.000,Nsmpq/og5cO95HwJ
5,143,2026-03-25T14:24:46.008Z,160.000,9,89.000,02xuA6TviChey6nJ,94.000,2iset8PVX4jSTSEH,98.000,2N4uTfQs/yo3mBYi,106.000,uT1RCshO88YMpxwE,111.000,Do8hC1pw172W9xvw,146.000,Kxg/hrv/euEuhbOE,160.000,MwfJUdRQPbSNr9Io,185.000,obTLIQc2u6K1oipM,190.000,YHloJXirCx60SFnV,,
5,144,2026-03-25T14:24:46.168Z,190.000,10,88.000,Nsmpq/og5cO95HwJ,129.000,2iset8PVX4jSTSEH,135.000,2N4uTfQs/yo3mBYi,137.000,02xuA6TviChey6nJ,144.000,uT1RCshO88YMpxwE,162.000,Do8hC1pw172W9xvw,189.000,Kxg/hrv/euEuhbOE,223.000,MwfJUdRQPbSNr9Io,230.000,YHloJXirCx60SFnV,235.000,obTLIQc2u6K1oipM
5,145,2026-03-25T14:24:46.358Z,236.000,10,87.000,Nsmpq/og5cO95HwJ,144.000,02xuA6TviChey6nJ,145.000,2N4uTfQs/yo3mBYi,148.000,uT1RCshO88YMpxwE,158.000,2iset8PVX4jSTSEH,186.000,Do8hC1pw172W9xvw,201.000,Kxg/hrv/euEuhbOE,237.000,MwfJUdRQPbSNr9Io,246.000,obTLIQc2u6K1oipM,274.000,YHloJXirCx60SFnV
5,146,2026-03-25T14:24:46.594Z,200.000,10,111.000,uT1RCshO88YMpxwE,113.000,Nsmpq/og5cO95HwJ,118.000,2N4uTfQs/yo3mBYi,125.000,02xuA6TviChey6nJ,127.000,2iset8PVX4jSTSEH,163.000,Kxg/hrv/euEuhbOE,200.000,MwfJUdRQPbSNr9Io,203.000,obTLIQc2u6K1oipM,204.000,YHloJXirCx60SFnV,205.000,Do8hC1pw172W9xvw
5,147,2026-03-25T14:24:46.794Z,198.000,10,68.000,Nsmpq/og5cO95HwJ,95.000,02xuA6TviChey6nJ,116.000,2iset8PVX4jSTSEH,118.000,2N4uTfQs/yo3mBYi,121.000,uT1RCshO88YMpxwE,171.000,Kxg/hrv/euEuhbOE,198.000,Do8hC1pw172W9xvw,212.000,YHloJXirCx60SFnV,214.000,obTLIQc2u6K1oipM,237.000,MwfJUdRQPbSNr9Io
5,148,2026-03-25T14:24:46.992Z,195.000,10,70.000,Nsmpq/og5cO95HwJ,109.000,2N4uTfQs/yo3mBYi,118.000,2iset8PVX4jSTSEH,120.000,uT1RCshO88YMpxwE,137.000,02xuA6TviChey6nJ,164.000,Kxg/hrv/euEuhbOE,195.000,YHloJXirCx60SFnV,212.000,Do8hC1pw172W9xvw,219.000,obTLIQc2u6K1oipM,224.000,MwfJUdRQPbSNr9Io
5,149,2026-03-25T14:24:47.187Z,205.000,10,83.000,Nsmpq/og5cO95HwJ,108.000,02xuA6TviChey6nJ,117.000,2iset8PVX4jSTSEH,118.000,2N4uTfQs/yo3mBYi,119.000,uT1RCshO88YMpxwE,174.000,Kxg/hrv/euEuhbOE,205.000,YHloJXirCx60SFnV,222.000,Do8hC1pw172W9xvw,223.000,MwfJUdRQPbSNr9Io,226.000,obTLIQc2u6K1oipM
5,150,2026-03-25T14:24:47.392Z,198.000,10,78.000,Nsmpq/og5cO95HwJ,119.000,02xuA6TviChey6nJ,122.000,2iset8PVX4jSTSEH,124.000,2N4uTfQs/yo3mBYi,140.000,uT1RCshO88YMpxwE,170.000,Kxg/hrv/euEuhbOE,198.000,YHloJXirCx60SFnV,215.000,obTLIQc2u6K1oipM,217.000,Do8hC1pw172W9xvw,226.000,MwfJUdRQPbSNr9Io
5,151,2026-03-25T14:24:47.590Z,211.000,10,80.000,Nsmpq/og5cO95HwJ,105.000,02xuA6TviChey6nJ,118.000,2N4uTfQs/yo3mBYi,135.000,2iset8PVX4jSTSEH,146.000,uT1RCshO88YMpxwE,176.000,Kxg/hrv/euEuhbOE,211.000,Do8hC1pw172W9xvw,218.000,YHloJXirCx60SFnV,220.000,MwfJUdRQPbSNr9Io,227.000,obTLIQc2u6K1oipM
5,152,2026-03-25T14:24:47.801Z,222.000,10,73.000,Nsmpq/og5cO95HwJ,96.000,02xuA6TviChey6nJ,109.000,2iset8PVX4jSTSEH,113.000,2N4uTfQs/yo3mBYi,133.000,uT1RCshO88YMpxwE,186.000,Kxg/hrv/euEuhbOE,222.000,obTLIQc2u6K1oipM,226.000,YHloJXirCx60SFnV,228.000,Do8hC1pw172W9xvw,232.000,MwfJUdRQPbSNr9Io
5,153,2026-03-25T14:24:48.023Z,170.000,10,76.000,02xuA6TviChey6nJ,80.000,Nsmpq/og5cO95HwJ,96.000,2iset8PVX4jSTSEH,97.000,2N4uTfQs/yo3mBYi,106.000,uT1RCshO88YMpxwE,149.000,Kxg/hrv/euEuhbOE,170.000,MwfJUdRQPbSNr9Io,179.000,Do8hC1pw172W9xvw,185.000,obTLIQc2u6K1oipM,193.000,YHloJXirCx60SFnV
5,154,2026-03-25T14:24:48.193Z,206.000,10,100.000,02xuA6TviChey6nJ,110.000,Nsmpq/og5cO95HwJ,111.000,2N4uTfQs/yo3mBYi,137.000,uT1RCshO88YMpxwE,150.000,2iset8PVX4jSTSEH,172.000,Kxg/hrv/euEuhbOE,206.000,MwfJUdRQPbSNr9Io,209.000,Do8hC1pw172W9xvw,218.000,YHloJXirCx60SFnV,230.000,obTLIQc2u6K1oipM
5,155,2026-03-25T14:24:48.399Z,197.000,10,104.000,Nsmpq/og5cO95HwJ,104.000,02xuA6TviChey6nJ,106.000,2N4uTfQs/yo3mBYi,129.000,2iset8PVX4jSTSEH,133.000,uT1RCshO88YMpxwE,179.000,Kxg/hrv/euEuhbOE,197.000,MwfJUdRQPbSNr9Io,199.000,Do8hC1pw172W9xvw,208.000,YHloJXirCx60SFnV,213.000,obTLIQc2u6K1oipM
5,156,2026-03-25T14:24:48.596Z,185.000,10,100.000,Nsmpq/og5cO95HwJ,104.000,02xuA6TviChey6nJ,120.000,2iset8PVX4jSTSEH,125.000,2N4uTfQs/yo3mBYi,139.000,uT1RCshO88YMpxwE,177.000,Kxg/hrv/euEuhbOE,185.000,MwfJUdRQPbSNr9Io,219.000,Do8hC1pw172W9xvw,219.000,YHloJXirCx60SFnV,273.000,obTLIQc2u6K1oipM
5,157,2026-03-25T14:24:48.781Z,207.000,10,117.000,Nsmpq/og5cO95HwJ,121.000,02xuA6TviChey6nJ,135.000,2N4uTfQs/yo3mBYi,138.000,2iset8PVX4jSTSEH,158.000,uT1RCshO88YMpxwE,184.000,Kxg/hrv/euEuhbOE,207.000,MwfJUdRQPbSNr9Io,226.000,YHloJXirCx60SFnV,232.000,Do8hC1pw172W9xvw,261.000,obTLIQc2u6K1oipM
5,158,2026-03-25T14:24:48.988Z,224.000,10,109.000,02xuA6TviChey6nJ,120.000,Nsmpq/og5cO95HwJ,134.000,2N4uTfQs/yo3mBYi,142.000,2iset8PVX4jSTSEH,154.000,uT1RCshO88YMpxwE,184.000,Kxg/hrv/euEuhbOE,224.000,YHloJXirCx60SFnV,228.000,MwfJUdRQPbSNr9Io,234.000,Do8hC1pw172W9xvw,267.000,obTLIQc2u6K1oipM
5,159,2026-03-25T14:24:49.212Z,193.000,10,90.000,Nsmpq/og5cO95HwJ,99.000,02xuA6TviChey6nJ,114.000,2iset8PVX4jSTSEH,115.000,2N4uTfQs/yo3mBYi,126.000,uT1RCshO88YMpxwE,156.000,Kxg/hrv/euEuhbOE,193.000,Do8hC1pw172W9xvw,207.000,MwfJUdRQPbSNr9Io,210.000,YHloJXirCx60SFnV,231.000,obTLIQc2u6K1oipM
5,160,2026-03-25T14:24:49.405Z,200.000,10,108.000,Nsmpq/og5cO95HwJ,115.000,02xuA6TviChey6nJ,120.000,2iset8PVX4jSTSEH,123.000,2N4uTfQs/yo3mBYi,136.000,uT1RCshO88YMpxwE,165.000,Kxg/hrv/euEuhbOE,200.000,MwfJUdRQPbSNr9Io,206.000,YHloJXirCx60SFnV,217.000,Do8hC1pw172W9xvw,245.000,obTLIQc2u6K1oipM
5,161,2026-03-25T14:24:49.605Z,206.000,10,90.000,Nsmpq/og5cO95HwJ,116.000,2iset8PVX4jSTSEH,123.000,2N4uTfQs/yo3mBYi,134.000,uT1RCshO88YMpxwE,166.000,Kxg/hrv/euEuhbOE,202.000,Do8hC1pw172W9xvw,206.000,MwfJUdRQPbSNr9Io,217.000,YHloJXirCx60SFnV,222.000,02xuA6TviChey6nJ,265.000,obTLIQc2u6K1oipM
5,162,2026-03-25T14:24:49.811Z,206.000,10,94.000,Nsmpq/og5cO95HwJ,114.000,2N4uTfQs/yo3mBYi,129.000,2iset8PVX4jSTSEH,133.000,uT1RCshO88YMpxwE,138.000,02xuA6TviChey6nJ,173.000,Kxg/hrv/euEuhbOE,206.000,MwfJUdRQPbSNr9Io,211.000,Do8hC1pw172W9xvw,215.000,YHloJXirCx60SFnV,249.000,obTLIQc2u6K1oipM
5,163,2026-03-25T14:24:50.017Z,175.000,10,108.000,02xuA6TviChey6nJ,111.000,2iset8PVX4jSTSEH,120.000,Nsmpq/og5cO95HwJ,129.000,uT1RCshO88YMpxwE,143.000,2N4uTfQs/yo3mBYi,175.000,Do8hC1pw172W9xvw,175.000,Kxg/hrv/euEuhbOE,192.000,MwfJUdRQPbSNr9Io,213.000,YHloJXirCx60SFnV,238.000,obTLIQc2u6K1oipM
5,164,2026-03-25T14:24:50.192Z,215.000,10,121.000,Nsmpq/og5cO95HwJ,122.000,02xuA6TviChey6nJ,150.000,2iset8PVX4jSTSEH,152.000,uT1RCshO88YMpxwE,168.000,2N4uTfQs/yo3mBYi,188.000,Kxg/hrv/euEuhbOE,215.000,MwfJUdRQPbSNr9Io,226.000,Do8hC1pw172W9xvw,233.000,YHloJXirCx60SFnV,263.000,obTLIQc2u6K1oipM
5,165,2026-03-25T14:24:50.407Z,200.000,10,101.000,Nsmpq/og5cO95HwJ,111.000,02xuA6TviChey6nJ,115.000,2iset8PVX4jSTSEH,136.000,uT1RCshO88YMpxwE,167.000,2N4uTfQs/yo3mBYi,181.000,Kxg/hrv/euEuhbOE,200.000,MwfJUdRQPbSNr9Io,242.000,YHloJXirCx60SFnV,244.000,Do8hC1pw172W9xvw,247.000,obTLIQc2u6K1oipM
5,166,2026-03-25T14:24:50.607Z,209.000,10,88.000,Nsmpq/og5cO95HwJ,108.000,02xuA6TviChey6nJ,136.000,2iset8PVX4jSTSEH,144.000,uT1RCshO88YMpxwE,174.000,2N4uTfQs/yo3mBYi,175.000,Kxg/hrv/euEuhbOE,208.000,MwfJUdRQPbSNr9Io,210.000,Do8hC1pw172W9xvw,223.000,YHloJXirCx60SFnV,293.000,obTLIQc2u6K1oipM
5,167,2026-03-25T14:24:50.816Z,201.000,10,119.000,02xuA6TviChey6nJ,137.000,Nsmpq/og5cO95HwJ,142.000,uT1RCshO88YMpxwE,144.000,2iset8PVX4jSTSEH,169.000,2N4uTfQs/yo3mBYi,185.000,Kxg/hrv/euEuhbOE,201.000,MwfJUdRQPbSNr9Io,206.000,Do8hC1pw172W9xvw,226.000,YHloJXirCx60SFnV,249.000,obTLIQc2u6K1oipM
5,168,2026-03-25T14:24:51.017Z,198.000,10,88.000,Nsmpq/og5cO95HwJ,100.000,02xuA6TviChey6nJ,117.000,2iset8PVX4jSTSEH,128.000,uT1RCshO88YMpxwE,162.000,2N4uTfQs/yo3mBYi,163.000,Kxg/hrv/euEuhbOE,198.000,Do8hC1pw172W9xvw,215.000,MwfJUdRQPbSNr9Io,226.000,YHloJXirCx60SFnV,252.000,obTLIQc2u6K1oipM
5,169,2026-03-25T14:24:51.215Z,216.000,10,93.000,Nsmpq/og5cO95HwJ,119.000,02xuA6TviChey6nJ,126.000,2iset8PVX4jSTSEH,137.000,uT1RCshO88YMpxwE,143.000,2N4uTfQs/yo3mBYi,172.000,Kxg/hrv/euEuhbOE,215.000,MwfJUdRQPbSNr9Io,220.000,Do8hC1pw172W9xvw,227.000,YHloJXirCx60SFnV,255.000,obTLIQc2u6K1oipM
5,170,2026-03-25T14:24:51.431Z,208.000,10,75.000,Nsmpq/og5cO95HwJ,94.000,02xuA6TviChey6nJ,100.000,2iset8PVX4jSTSEH,112.000,uT1RCshO88YMpxwE,140.000,2N4uTfQs/yo3mBYi,162.000,Kxg/hrv/euEuhbOE,208.000,Do8hC1pw172W9xvw,209.000,MwfJUdRQPbSNr9Io,221.000,YHloJXirCx60SFnV,233.000,obTLIQc2u6K1oipM
5,171,2026-03-25T14:24:51.639Z,166.000,10,78.000,Nsmpq/og5cO95HwJ,89.000,02xuA6TviChey6nJ,102.000,2iset8PVX4jSTSEH,125.000,uT1RCshO88YMpxwE,142.000,2N4uTfQs/yo3mBYi,152.000,MwfJUdRQPbSNr9Io,165.000,Kxg/hrv/euEuhbOE,193.000,Do8hC1pw172W9xvw,208.000,YHloJXirCx60SFnV,215.000,obTLIQc2u6K1oipM
5,172,2026-03-25T14:24:51.805Z,198.000,10,99.000,Nsmpq/og5cO95HwJ,135.000,2iset8PVX4jSTSEH,143.000,02xuA6TviChey6nJ,146.000,uT1RCshO88YMpxwE,184.000,Kxg/hrv/euEuhbOE,193.000,2N4uTfQs/yo3mBYi,198.000,Do8hC1pw172W9xvw,217.000,MwfJUdRQPbSNr9Io,254.000,YHloJXirCx60SFnV,256.000,obTLIQc2u6K1oipM
5,173,2026-03-25T14:24:52.003Z,215.000,10,118.000,02xuA6TviChey6nJ,122.000,Nsmpq/og5cO95HwJ,136.000,2iset8PVX4jSTSEH,156.000,uT1RCshO88YMpxwE,185.000,Kxg/hrv/euEuhbOE,188.000,2N4uTfQs/yo3mBYi,215.000,MwfJUdRQPbSNr9Io,223.000,Do8hC1pw172W9xvw,260.000,YHloJXirCx60SFnV,267.000,obTLIQc2u6K1oipM
5,174,2026-03-25T14:24:52.218Z,209.000,10,90.000,Nsmpq/og5cO95HwJ,107.000,02xuA6TviChey6nJ,132.000,2iset8PVX4jSTSEH,139.000,uT1RCshO88YMpxwE,180.000,Kxg/hrv/euEuhbOE,183.000,2N4uTfQs/yo3mBYi,209.000,MwfJUdRQPbSNr9Io,230.000,Do8hC1pw172W9xvw,234.000,YHloJXirCx60SFnV,246.000,obTLIQc2u6K1oipM
5,175,2026-03-25T14:24:52.427Z,192.000,10,86.000,Nsmpq/og5cO95HwJ,98.000,02xuA6TviChey6nJ,117.000,2iset8PVX4jSTSEH,128.000,uT1RCshO88YMpxwE,141.000,2N4uTfQs/yo3mBYi,166.000,Kxg/hrv/euEuhbOE,192.000,MwfJUdRQPbSNr9Io,216.000,Do8hC1pw172W9xvw,226.000,YHloJXirCx60SFnV,251.000,obTLIQc2u6K1oipM
5,176,2026-03-25T14:24:52.619Z,176.000,10,104.000,Nsmpq/og5cO95HwJ,122.000,2iset8PVX4jSTSEH,126.000,02xuA6TviChey6nJ,133.000,uT1RCshO88YMpxwE,161.000,2N4uTfQs/yo3mBYi,168.000,MwfJUdRQPbSNr9Io,176.000,Kxg/hrv/euEuhbOE,209.000,Do8hC1pw172W9xvw,233.000,YHloJXirCx60SFnV,253.000,obTLIQc2u6K1oipM
5,177,2026-03-25T14:24:52.795Z,210.000,10,122.000,Nsmpq/og5cO95HwJ,136.000,02xuA6TviChey6nJ,145.000,2iset8PVX4jSTSEH,169.000,uT1RCshO88YMpxwE,178.000,2N4uTfQs/yo3mBYi,199.000,Kxg/hrv/euEuhbOE,209.000,Do8hC1pw172W9xvw,244.000,MwfJUdRQPbSNr9Io,285.000,YHloJXirCx60SFnV,287.000,obTLIQc2u6K1oipM
5,178,2026-03-25T14:24:53.005Z,241.000,10,134.000,02xuA6TviChey6nJ,163.000,uT1RCshO88YMpxwE,165.000,Nsmpq/og5cO95HwJ,166.000,2iset8PVX4jSTSEH,171.000,2N4uTfQs/yo3mBYi,210.000,Kxg/hrv/euEuhbOE,241.000,Do8hC1pw172W9xvw,247.000,MwfJUdRQPbSNr9Io,275.000,YHloJXirCx60SFnV,371.000,obTLIQc2u6K1oipM
5,179,2026-03-25T14:24:53.246Z,185.000,10,97.000,02xuA6TviChey6nJ,108.000,uT1RCshO88YMpxwE,110.000,2iset8PVX4jSTSEH,119.000,Nsmpq/og5cO95HwJ,169.000,Kxg/hrv/euEuhbOE,181.000,Do8hC1pw172W9xvw,185.000,MwfJUdRQPbSNr9Io,196.000,2N4uTfQs/yo3mBYi,207.000,YHloJXirCx60SFnV,290.000,obTLIQc2u6K1oipM
5,180,2026-03-25T14:24:53.431Z,191.000,10,105.000,02xuA6TviChey6nJ,123.000,2iset8PVX4jSTSEH,131.000,Nsmpq/og5cO95HwJ,175.000,MwfJUdRQPbSNr9Io,180.000,2N4uTfQs/yo3mBYi,181.000,Do8hC1pw172W9xvw,191.000,Kxg/hrv/euEuhbOE,220.000,uT1RCshO88YMpxwE,233.000,YHloJXirCx60SFnV,237.000,obTLIQc2u6K1oipM
5,181,2026-03-25T14:24:53.622Z,209.000,10,119.000,Nsmpq/og5cO95HwJ,128.000,02xuA6TviChey6nJ,141.000,2iset8PVX4jSTSEH,150.000,2N4uTfQs/yo3mBYi,196.000,MwfJUdRQPbSNr9Io,197.000,Kxg/hrv/euEuhbOE,208.000,Do8hC1pw172W9xvw,236.000,YHloJXirCx60SFnV,236.000,uT1RCshO88YMpxwE,274.000,obTLIQc2u6K1oipM
5,182,2026-03-25T14:24:53.831Z,199.000,10,107.000,02xuA6TviChey6nJ,122.000,Nsmpq/og5cO95HwJ,126.000,2iset8PVX4jSTSEH,161.000,2N4uTfQs/yo3mBYi,189.000,Do8hC1pw172W9xvw,193.000,MwfJUdRQPbSNr9Io,199.000,Kxg/hrv/euEuhbOE,214.000,uT1RCshO88YMpxwE,234.000,YHloJXirCx60SFnV,268.000,obTLIQc2u6K1oipM
5,183,2026-03-25T14:24:54.030Z,195.000,10,124.000,2iset8PVX4jSTSEH,130.000,Nsmpq/og5cO95HwJ,130.000,02xuA6TviChey6nJ,180.000,MwfJUdRQPbSNr9Io,181.000,2N4uTfQs/yo3mBYi,186.000,Do8hC1pw172W9xvw,195.000,Kxg/hrv/euEuhbOE,217.000,YHloJXirCx60SFnV,239.000,uT1RCshO88YMpxwE,373.000,obTLIQc2u6K1oipM
5,184,2026-03-25T14:24:54.225Z,243.000,10,136.000,Nsmpq/og5cO95HwJ,137.000,02xuA6TviChey6nJ,142.000,2iset8PVX4jSTSEH,185.000,2N4uTfQs/yo3mBYi,206.000,MwfJUdRQPbSNr9Io,217.000,Kxg/hrv/euEuhbOE,243.000,Do8hC1pw172W9xvw,259.000,uT1RCshO88YMpxwE,354.000,YHloJXirCx60SFnV,311.000,obTLIQc2u6K1oipM
5,185,2026-03-25T14:24:54.468Z,167.000,10,81.000,2iset8PVX4jSTSEH,87.000,Nsmpq/og5cO95HwJ,100.000,02xuA6TviChey6nJ,138.000,2N4uTfQs/yo3mBYi,149.000,Do8hC1pw172W9xvw,153.000,MwfJUdRQPbSNr9Io,167.000,Kxg/hrv/euEuhbOE,211.000,YHloJXirCx60SFnV,228.000,uT1RCshO88YMpxwE,229.000,obTLIQc2u6K1oipM
5,186,2026-03-25T14:24:54.635Z,215.000,10,119.000,Nsmpq/og5cO95HwJ,120.000,2iset8PVX4jSTSEH,131.000,02xuA6TviChey6nJ,145.000,2N4uTfQs/yo3mBYi,182.000,Do8hC1pw172W9xvw,190.000,MwfJUdRQPbSNr9Io,215.000,Kxg/hrv/euEuhbOE,233.000,YHloJXirCx60SFnV,260.000,uT1RCshO88YMpxwE,288.000,obTLIQc2u6K1oipM
5,187,2026-03-25T14:24:54.850Z,180.000,10,106.000,Nsmpq/og5cO95HwJ,109.000,2iset8PVX4jSTSEH,112.000,02xuA6TviChey6nJ,142.000,2N4uTfQs/yo3mBYi,164.000,Do8hC1pw172W9xvw,168.000,MwfJUdRQPbSNr9Io,180.000,Kxg/hrv/euEuhbOE,216.000,uT1RCshO88YMpxwE,257.000,obTLIQc2u6K1oipM,338.000,YHloJXirCx60SFnV
5,188,2026-03-25T14:24:55.030Z,211.000,10,133.000,Nsmpq/og5cO95HwJ,134.000,2iset8PVX4jSTSEH,142.000,02xuA6TviChey6nJ,164.000,2N4uTfQs/yo3mBYi,193.000,MwfJUdRQPbSNr9Io,210.000,Do8hC1pw172W9xvw,211.000,Kxg/hrv/euEuhbOE,244.000,uT1RCshO88YMpxwE,301.000,obTLIQc2u6K1oipM,327.000,YHloJXirCx60SFnV
5,189,2026-03-25T14:24:55.241Z,197.000,10,110.000,Nsmpq/og5cO95HwJ,121.000,02xuA6TviChey6nJ,134.000,2iset8PVX4jSTSEH,143.000,2N4uTfQs/yo3mBYi,168.000,Do8hC1pw172W9xvw,185.000,MwfJUdRQPbSNr9Io,197.000,Kxg/hrv/euEuhbOE,240.000,uT1RCshO88YMpxwE,282.000,obTLIQc2u6K1oipM,290.000,YHloJXirCx60SFnV
5,190,2026-03-25T14:24:55.438Z,206.000,10,121.000,Nsmpq/og5cO95HwJ,125.000,2iset8PVX4jSTSEH,128.000,02xuA6TviChey6nJ,174.000,MwfJUdRQPbSNr9Io,182.000,2N4uTfQs/yo3mBYi,190.000,Do8hC1pw172W9xvw,205.000,Kxg/hrv/euEuhbOE,243.000,obTLIQc2u6K1oipM,270.000,uT1RCshO88YMpxwE,297.000,YHloJXirCx60SFnV
5,191,2026-03-25T14:24:55.644Z,245.000,10,204.000,02xuA6TviChey6nJ,211.000,Nsmpq/og5cO95HwJ,212.000,2iset8PVX4jSTSEH,214.000,MwfJUdRQPbSNr9Io,216.000,2N4uTfQs/yo3mBYi,220.000,Do8hC1pw172W9xvw,244.000,uT1RCshO88YMpxwE,251.000,Kxg/hrv/euEuhbOE,275.000,YHloJXirCx60SFnV,297.000,obTLIQc2u6K1oipM
5,192,2026-03-25T14:24:55.889Z,180.000,10,88.000,02xuA6TviChey6nJ,118.000,Nsmpq/og5cO95HwJ,130.000,2N4uTfQs/yo3mBYi,133.000,2iset8PVX4jSTSEH,146.000,MwfJUdRQPbSNr9Io,147.000,Do8hC1pw172W9xvw,179.000,uT1RCshO88YMpxwE,197.000,obTLIQc2u6K1oipM,220.000,YHloJXirCx60SFnV,228.000,Kxg/hrv/euEuhbOE
5,193,2026-03-25T14:24:56.069Z,203.000,10,101.000,02xuA6TviChey6nJ,102.000,2iset8PVX4jSTSEH,124.000,Nsmpq/og5cO95HwJ,151.000,2N4uTfQs/yo3mBYi,161.000,MwfJUdRQPbSNr9Io,191.000,Do8hC1pw172W9xvw,203.000,uT1RCshO88YMpxwE,223.000,obTLIQc2u6K1oipM,229.000,Kxg/hrv/euEuhbOE,234.000,YHloJXirCx60SFnV
5,194,2026-03-25T14:24:56.272Z,177.000,10,91.000,2iset8PVX4jSTSEH,104.000,Nsmpq/og5cO95HwJ,116.000,02xuA6TviChey6nJ,122.000,2N4uTfQs/yo3mBYi,158.000,MwfJUdRQPbSNr9Io,169.000,uT1RCshO88YMpxwE,177.000,Do8hC1pw172W9xvw,225.000,obTLIQc2u6K1oipM,228.000,Kxg/hrv/euEuhbOE,233.000,YHloJXirCx60SFnV
5,195,2026-03-25T14:24:56.449Z,236.000,10,120.000,2iset8PVX4jSTSEH,123.000,02xuA6TviChey6nJ,128.000,Nsmpq/og5cO95HwJ,174.000,2N4uTfQs/yo3mBYi,176.000,MwfJUdRQPbSNr9Io,234.000,uT1RCshO88YMpxwE,236.000,obTLIQc2u6K1oipM,253.000,Kxg/hrv/euEuhbOE,301.000,YHloJXirCx60SFnV,312.000,Do8hC1pw172W9xvw
5,196,2026-03-25T14:24:56.685Z,188.000,10,88.000,02xuA6TviChey6nJ,98.000,2iset8PVX4jSTSEH,107.000,Nsmpq/og5cO95HwJ,142.000,MwfJUdRQPbSNr9Io,155.000,2N4uTfQs/yo3mBYi,164.000,uT1RCshO88YMpxwE,188.000,YHloJXirCx60SFnV,208.000,obTLIQc2u6K1oipM,227.000,Kxg/hrv/euEuhbOE,259.000,Do8hC1pw172W9xvw
5,197,2026-03-25T14:24:56.873Z,209.000,10,109.000,02xuA6TviChey6nJ,110.000,Nsmpq/og5cO95HwJ,126.000,2iset8PVX4jSTSEH,133.000,2N4uTfQs/yo3mBYi,161.000,MwfJUdRQPbSNr9Io,193.000,uT1RCshO88YMpxwE,209.000,obTLIQc2u6K1oipM,229.000,Kxg/hrv/euEuhbOE,256.000,YHloJXirCx60SFnV,260.000,Do8hC1pw172W9xvw
5,198,2026-03-25T14:24:57.082Z,212.000,10,94.000,02xuA6TviChey6nJ,109.000,Nsmpq/og5cO95HwJ,118.000,2N4uTfQs/yo3mBYi,148.000,MwfJUdRQPbSNr9Io,158.000,2iset8PVX4jSTSEH,190.000,uT1RCshO88YMpxwE,212.000,obTLIQc2u6K1oipM,222.000,Kxg/hrv/euEuhbOE,243.000,YHloJXirCx60SFnV,255.000,Do8hC1pw172W9xvw
5,199,2026-03-25T14:24:57.294Z,168.000,10,95.000,02xuA6TviChey6nJ,102.000,Nsmpq/og5cO95HwJ,125.000,MwfJUdRQPbSNr9Io,130.000,2N4uTfQs/yo3mBYi,134.000,2iset8PVX4jSTSEH,139.000,YHloJXirCx60SFnV,168.000,uT1RCshO88YMpxwE,208.000,obTLIQc2u6K1oipM,216.000,Kxg/hrv/euEuhbOE,259.000,Do8hC1pw172W9xvw
5,200,2026-03-25T14:24:57.462Z,209.000,10,110.000,Nsmpq/og5cO95HwJ,114.000,02xuA6TviChey6nJ,144.000,2N4uTfQs/yo3mBYi,153.000,YHloJXirCx60SFnV,163.000,MwfJUdRQPbSNr9Io,164.000,2iset8PVX4jSTSEH,209.000,uT1RCshO88YMpxwE,227.000,obTLIQc2u6K1oipM,251.000,Kxg/hrv/euEuhbOE,289.000,Do8hC1pw172W9xvw
5,201,2026-03-25T14:24:57.671Z,204.000,10,108.000,Nsmpq/og5cO95HwJ,130.000,YHloJXirCx60SFnV,140.000,02xuA6TviChey6nJ,142.000,2N4uTfQs/yo3mBYi,147.000,MwfJUdRQPbSNr9Io,163.000,2iset8PVX4jSTSEH,204.000,uT1RCshO88YMpxwE,218.000,obTLIQc2u6K1oipM,227.000,Kxg/hrv/euEuhbOE,278.000,Do8hC1pw172W9xvw
5,202,2026-03-25T14:24:57.875Z,182.000,9,104.000,Nsmpq/og5cO95HwJ,131.000,YHloJXirCx60SFnV,138.000,2iset8PVX4jSTSEH,141.000,02xuA6TviChey6nJ,151.000,2N4uTfQs/yo3mBYi,164.000,MwfJUdRQPbSNr9Io,182.000,uT1RCshO88YMpxwE,216.000,obTLIQc2u6K1oipM,264.000,Do8hC1pw172W9xvw,,
5,203,2026-03-25T14:24:58.057Z,176.000,9,48.000,Kxg/hrv/euEuhbOE,101.000,YHloJXirCx60SFnV,110.000,Nsmpq/og5cO95HwJ,147.000,2N4uTfQs/yo3mBYi,147.000,02xuA6TviChey6nJ,174.000,MwfJUdRQPbSNr9Io,176.000,2iset8PVX4jSTSEH,204.000,uT1RCshO88YMpxwE,233.000,obTLIQc2u6K1oipM,,
5,204,2026-03-25T14:24:58.233Z,204.000,10,73.000,Kxg/hrv/euEuhbOE,121.000,Do8hC1pw172W9xvw,156.000,02xuA6TviChey6nJ,157.000,YHloJXirCx60SFnV,157.000,Nsmpq/og5cO95HwJ,198.000,2iset8PVX4jSTSEH,204.000,2N4uTfQs/yo3mBYi,210.000,MwfJUdRQPbSNr9Io,237.000,uT1RCshO88YMpxwE,256.000,obTLIQc2u6K1oipM
5,205,2026-03-25T14:24:58.437Z,191.000,10,84.000,Kxg/hrv/euEuhbOE,117.000,Do8hC1pw172W9xvw,141.000,YHloJXirCx60SFnV,157.000,02xuA6TviChey6nJ,158.000,Nsmpq/og5cO95HwJ,188.000,MwfJUdRQPbSNr9Io,190.000,2iset8PVX4jSTSEH,205.000,2N4uTfQs/yo3mBYi,226.000,uT1RCshO88YMpxwE,441.000,obTLIQc2u6K1oipM
5,206,2026-03-25T14:24:58.628Z,223.000,9,94.000,Kxg/hrv/euEuhbOE,106.000,Do8hC1pw172W9xvw,169.000,Nsmpq/og5cO95HwJ,181.000,02xuA6TviChey6nJ,189.000,2N4uTfQs/yo3mBYi,206.000,MwfJUdRQPbSNr9Io,223.000,YHloJXirCx60SFnV,224.000,2iset8PVX4jSTSEH,248.000,uT1RCshO88YMpxwE,,
5,207,2026-03-25T14:24:58.851Z,188.000,10,58.000,Kxg/hrv/euEuhbOE,109.000,Do8hC1pw172W9xvw,133.000,Nsmpq/og5cO95HwJ,141.000,YHloJXirCx60SFnV,147.000,02xuA6TviChey6nJ,177.000,2N4uTfQs/yo3mBYi,188.000,MwfJUdRQPbSNr9Io,191.000,2iset8PVX4jSTSEH,196.000,obTLIQc2u6K1oipM,267.000,uT1RCshO88YMpxwE
5,208,2026-03-25T14:24:59.039Z,209.000,10,95.000,Kxg/hrv/euEuhbOE,98.000,Do8hC1pw172W9xvw,140.000,YHloJXirCx60SFnV,165.000,Nsmpq/og5cO95HwJ,186.000,2iset8PVX4jSTSEH,189.000,02xuA6TviChey6nJ,209.000,obTLIQc2u6K1oipM,210.000,MwfJUdRQPbSNr9Io,265.000,2N4uTfQs/yo3mBYi,318.000,uT1RCshO88YMpxwE
5,209,2026-03-25T14:24:59.248Z,210.000,10,67.000,Kxg/hrv/euEuhbOE,112.000,Do8hC1pw172W9xvw,134.000,YHloJXirCx60SFnV,152.000,02xuA6TviChey6nJ,153.000,Nsmpq/og5cO95HwJ,175.000,2iset8PVX4jSTSEH,210.000,MwfJUdRQPbSNr9Io,212.000,2N4uTfQs/yo3mBYi,222.000,uT1RCshO88YMpxwE,225.000,obTLIQc2u6K1oipM
5,210,2026-03-25T14:24:59.458Z,176.000,10,68.000,Kxg/hrv/euEuhbOE,112.000,Do8hC1pw172W9xvw,124.000,YHloJXirCx60SFnV,145.000,Nsmpq/og5cO95HwJ,147.000,02xuA6TviChey6nJ,166.000,2N4uTfQs/yo3mBYi,176.000,2iset8PVX4jSTSEH,188.000,MwfJUdRQPbSNr9Io,219.000,obTLIQc2u6K1oipM,221.000,uT1RCshO88YMpxwE
5,211,2026-03-25T14:24:59.634Z,224.000,10,82.000,Kxg/hrv/euEuhbOE,118.000,Do8hC1pw172W9xvw,154.000,YHloJXirCx60SFnV,167.000,02xuA6TviChey6nJ,178.000,Nsmpq/og5cO95HwJ,215.000,2N4uTfQs/yo3mBYi,224.000,MwfJUdRQPbSNr9Io,236.000,obTLIQc2u6K1oipM,254.000,2iset8PVX4jSTSEH,322.000,uT1RCshO88YMpxwE
5,212,2026-03-25T14:24:59.858Z,211.000,8,67.000,Do8hC1pw172W9xvw,94.000,Kxg/hrv/euEuhbOE,139.000,Nsmpq/og5cO95HwJ,141.000,YHloJXirCx60SFnV,190.000,obTLIQc2u6K1oipM,200.000,2iset8PVX4jSTSEH,210.000,MwfJUdRQPbSNr9Io,294.000,02xuA6TviChey6nJ,,,,
5,213,2026-03-25T14:25:00.069Z,247.000,7,46.000,Kxg/hrv/euEuhbOE,108.000,YHloJXirCx60SFnV,168.000,02xuA6TviChey6nJ,170.000,2iset8PVX4jSTSEH,175.000,obTLIQc2u6K1oipM,228.000,uT1RCshO88YMpxwE,247.000,Do8hC1pw172W9xvw,,,,,,
5,214,2026-03-25T14:25:00.316Z,201.000,10,62.000,Kxg/hrv/euEuhbOE,109.000,YHloJXirCx60SFnV,124.000,02xuA6TviChey6nJ,147.000,2iset8PVX4jSTSEH,173.000,Do8hC1pw172W9xvw,187.000,MwfJUdRQPbSNr9Io,201.000,uT1RCshO88YMpxwE,201.000,obTLIQc2u6K1oipM,221.000,Nsmpq/og5cO95HwJ,259.000,2N4uTfQs/yo3mBYi
5,215,2026-03-25T14:25:00.517Z,140.000,10,66.000,Kxg/hrv/euEuhbOE,87.000,YHloJXirCx60SFnV,88.000,Do8hC1pw172W9xvw,132.000,2N4uTfQs/yo3mBYi,136.000,2iset8PVX4jSTSEH,139.000,02xuA6TviChey6nJ,140.000,Nsmpq/og5cO95HwJ,145.000,MwfJUdRQPbSNr9Io,147.000,obTLIQc2u6K1oipM,205.000,uT1RCshO88YMpxwE
5,216,2026-03-25T14:25:00.657Z,337.000,8,94.000,YHloJXirCx60SFnV,137.000,Nsmpq/og5cO95HwJ,149.000,Do8hC1pw172W9xvw,173.000,Kxg/hrv/euEuhbOE,334.000,2iset8PVX4jSTSEH,336.000,02xuA6TviChey6nJ,337.000,MwfJUdRQPbSNr9Io,340.000,obTLIQc2u6K1oipM,,,,
5,217,2026-03-25T14:25:00.994Z,110.000,8,51.000,Kxg/hrv/euEuhbOE,58.000,MwfJUdRQPbSNr9Io,67.000,Do8hC1pw172W9xvw,85.000,obTLIQc2u6K1oipM,86.000,02xuA6TviChey6nJ,100.000,YHloJXirCx60SFnV,110.000,2iset8PVX4jSTSEH,111.000,uT1RCshO88YMpxwE,,,,
5,218,2026-03-25T14:25:01.104Z,254.000,9,66.000,YHloJXirCx60SFnV,91.000,02xuA6TviChey6nJ,167.000,Kxg/hrv/euEuhbOE,172.000,2iset8PVX4jSTSEH,245.000,MwfJUdRQPbSNr9Io,250.000,obTLIQc2u6K1oipM,254.000,Do8hC1pw172W9xvw,259.000,Nsmpq/og5cO95HwJ,274.000,uT1RCshO88YMpxwE,,
5,219,2026-03-25T14:25:01.358Z,134.000,10,73.000,YHloJXirCx60SFnV,91.000,02xuA6TviChey6nJ,94.000,2iset8PVX4jSTSEH,111.000,Kxg/hrv/euEuhbOE,127.000,obTLIQc2u6K1oipM,130.000,2N4uTfQs/yo3mBYi,134.000,Do8hC1pw172W9xvw,146.000,Nsmpq/og5cO95HwJ,147.000,MwfJUdRQPbSNr9Io,206.000,uT1RCshO88YMpxwE
5,220,2026-03-25T14:25:01.492Z,595.000,9,142.000,Do8hC1pw172W9xvw,152.000,Nsmpq/og5cO95HwJ,153.000,YHloJXirCx60SFnV,165.000,obTLIQc2u6K1oipM,184.000,Kxg/hrv/euEuhbOE,257.000,uT1RCshO88YMpxwE,662.000,MwfJUdRQPbSNr9Io,600.000,02xuA6TviChey6nJ,600.000,2iset8PVX4jSTSEH,,
5,221,2026-03-25T14:25:02.087Z,318.000,10,67.000,Kxg/hrv/euEuhbOE,105.000,YHloJXirCx60SFnV,126.000,2iset8PVX4jSTSEH,139.000,02xuA6TviChey6nJ,306.000,uT1RCshO88YMpxwE,307.000,MwfJUdRQPbSNr9Io,318.000,Nsmpq/og5cO95HwJ,325.000,2N4uTfQs/yo3mBYi,407.000,obTLIQc2u6K1oipM,328.000,Do8hC1pw172W9xvw
5,222,2026-03-25T14:25:02.405Z,173.000,7,77.000,Kxg/hrv/euEuhbOE,86.000,YHloJXirCx60SFnV,88.000,2iset8PVX4jSTSEH,103.000,obTLIQc2u6K1oipM,106.000,Do8hC1pw172W9xvw,121.000,Nsmpq/og5cO95HwJ,173.000,MwfJUdRQPbSNr9Io,,,,,,
5,223,2026-03-25T14:25:02.578Z,736.000,7,103.000,Nsmpq/og5cO95HwJ,105.000,Do8hC1pw172W9xvw,160.000,YHloJXirCx60SFnV,162.000,2iset8PVX4jSTSEH,449.000,Kxg/hrv/euEuhbOE,700.000,MwfJUdRQPbSNr9Io,735.000,02xuA6TviChey6nJ,,,,,,
5,224,2026-03-25T14:25:03.314Z,849.000,7,84.000,2iset8PVX4jSTSEH,87.000,02xuA6TviChey6nJ,100.000,Nsmpq/og5cO95HwJ,114.000,YHloJXirCx60SFnV,197.000,obTLIQc2u6K1oipM,255.000,Do8hC1pw172W9xvw,849.000,uT1RCshO88YMpxwE,,,,,,
5,225,2026-03-25T14:25:04.163Z,819.000,8,83.000,YHloJXirCx60SFnV,149.000,02xuA6TviChey6nJ,224.000,obTLIQc2u6K1oipM,723.000,Kxg/hrv/euEuhbOE,747.000,2iset8PVX4jSTSEH,806.000,Do8hC1pw172W9xvw,819.000,uT1RCshO88YMpxwE,937.000,Nsmpq/og5cO95HwJ,,,,
5,226,2026-03-25T14:25:04.982Z,1215.000,10,72.000,Kxg/hrv/euEuhbOE,122.000,YHloJXirCx60SFnV,148.000,02xuA6TviChey6nJ,838.000,2iset8PVX4jSTSEH,1095.000,Do8hC1pw172W9xvw,1099.000,obTLIQc2u6K1oipM,1215.000,Nsmpq/og5cO95HwJ,1218.000,2N4uTfQs/yo3mBYi,1221.000,uT1RCshO88YMpxwE,1236.000,MwfJUdRQPbSNr9Io
5,227,2026-03-25T14:25:06.197Z,1100.000,9,96.000,YHloJXirCx60SFnV,703.000,Kxg/hrv/euEuhbOE,784.000,2iset8PVX4jSTSEH,852.000,02xuA6TviChey6nJ,1033.000,Do8hC1pw172W9xvw,1099.000,Nsmpq/og5cO95HwJ,1100.000,uT1RCshO88YMpxwE,1105.000,MwfJUdRQPbSNr9Io,1146.000,obTLIQc2u6K1oipM,,
5,228,2026-03-25T14:25:07.297Z,1125.000,7,107.000,YHloJXirCx60SFnV,822.000,2iset8PVX4jSTSEH,873.000,Kxg/hrv/euEuhbOE,1044.000,Do8hC1pw172W9xvw,1046.000,Nsmpq/og5cO95HwJ,1050.000,MwfJUdRQPbSNr9Io,1125.000,02xuA6TviChey6nJ,,,,,,
5,229,2026-03-25T14:25:08.422Z,1367.000,7,89.000,YHloJXirCx60SFnV,452.000,2iset8PVX4jSTSEH,757.000,Do8hC1pw172W9xvw,846.000,Nsmpq/og5cO95HwJ,901.000,02xuA6TviChey6nJ,1366.000,MwfJUdRQPbSNr9Io,1367.000,obTLIQc2u6K1oipM,,,,,,
5,230,2026-03-25T14:25:09.789Z,1407.000,7,106.000,YHloJXirCx60SFnV,418.000,Do8hC1pw172W9xvw,690.000,Kxg/hrv/euEuhbOE,1399.000,MwfJUdRQPbSNr9Io,1400.000,obTLIQc2u6K1oipM,1402.000,2iset8PVX4jSTSEH,1407.000,02xuA6TviChey6nJ,,,,,,
5,231,2026-03-25T14:25:11.196Z,1959.000,8,103.000,YHloJXirCx60SFnV,109.000,obTLIQc2u6K1oipM,1114.000,02xuA6TviChey6nJ,1649.000,2iset8PVX4jSTSEH,1874.000,Nsmpq/og5cO95HwJ,1955.000,Do8hC1pw172W9xvw,1959.000,2N4uTfQs/yo3mBYi,1963.000,uT1RCshO88YMpxwE,,,,
5,232,2026-03-25T14:25:13.155Z,2124.000,10,94.000,YHloJXirCx60SFnV,1761.000,02xuA6TviChey6nJ,1810.000,Nsmpq/og5cO95HwJ,1835.000,2iset8PVX4jSTSEH,1938.000,Kxg/hrv/euEuhbOE,1969.000,Do8hC1pw172W9xvw,2124.000,uT1RCshO88YMpxwE,2129.000,obTLIQc2u6K1oipM,2132.000,2N4uTfQs/yo3mBYi,2133.000,MwfJUdRQPbSNr9Io
5,233,2026-03-25T14:25:15.279Z,2056.000,7,82.000,YHloJXirCx60SFnV,1753.000,Nsmpq/og5cO95HwJ,1758.000,uT1RCshO88YMpxwE,1773.000,02xuA6TviChey6nJ,1889.000,obTLIQc2u6K1oipM,2048.000,MwfJUdRQPbSNr9Io,2056.000,Do8hC1pw172W9xvw,,,,,,
5,234,2026-03-25T14:25:17.335Z,2766.000,9,87.000,YHloJXirCx60SFnV,1846.000,2iset8PVX4jSTSEH,1933.000,02xuA6TviChey6nJ,2401.000,obTLIQc2u6K1oipM,2404.000,Nsmpq/og5cO95HwJ,2746.000,Kxg/hrv/euEuhbOE,2766.000,Do8hC1pw172W9xvw,2767.000,uT1RCshO88YMpxwE,2784.000,MwfJUdRQPbSNr9Io,,
5,235,2026-03-25T14:25:20.101Z,2816.000,7,112.000,YHloJXirCx60SFnV,1899.000,Kxg/hrv/euEuhbOE,2643.000,uT1RCshO88YMpxwE,2715.000,2iset8PVX4jSTSEH,2786.000,obTLIQc2u6K1oipM,2796.000,02xuA6TviChey6nJ,2816.000,Nsmpq/og5cO95HwJ,,,,,,
5,236,2026-03-25T14:25:22.917Z,3845.000,9,99.000,YHloJXirCx60SFnV,2572.000,Nsmpq/og5cO95HwJ,3486.000,obTLIQc2u6K1oipM,3502.000,2iset8PVX4jSTSEH,3635.000,Kxg/hrv/euEuhbOE,3730.000,uT1RCshO88YMpxwE,3784.000,02xuA6TviChey6nJ,3845.000,MwfJUdRQPbSNr9Io,3847.000,Do8hC1pw172W9xvw,,
5,237,2026-03-25T14:25:26.762Z,4816.000,8,75.000,YHloJXirCx60SFnV,3807.000,2iset8PVX4jSTSEH,3878.000,obTLIQc2u6K1oipM,3988.000,02xuA6TviChey6nJ,4135.000,MwfJUdRQPbSNr9Io,4804.000,Kxg/hrv/euEuhbOE,4816.000,Do8hC1pw172W9xvw,4829.000,uT1RCshO88YMpxwE,,,,
5,238,2026-03-25T14:25:31.578Z,6206.000,7,118.000,YHloJXirCx60SFnV,5343.000,Kxg/hrv/euEuhbOE,5687.000,Nsmpq/og5cO95HwJ,5687.000,2iset8PVX4jSTSEH,5891.000,obTLIQc2u6K1oipM,6053.000,02xuA6TviChey6nJ,6206.000,MwfJUdRQPbSNr9Io,,,,,,
5,239,2026-03-25T14:25:37.784Z,6714.000,8,112.000,YHloJXirCx60SFnV,5714.000,MwfJUdRQPbSNr9Io,5969.000,obTLIQc2u6K1oipM,6411.000,uT1RCshO88YMpxwE,6567.000,Do8hC1pw172W9xvw,6657.000,02xuA6TviChey6nJ,6714.000,Nsmpq/og5cO95HwJ,6721.000,2iset8PVX4jSTSEH,,,,
5,240,2026-03-25T14:25:44.498Z,6389.000,8,121.000,YHloJXirCx60SFnV,5873.000,2iset8PVX4jSTSEH,6167.000,Nsmpq/og5cO95HwJ,6224.000,Kxg/hrv/euEuhbOE,6239.000,uT1RCshO88YMpxwE,6261.000,02xuA6TviChey6nJ,6389.000,Do8hC1pw172W9xvw,6401.000,obTLIQc2u6K1oipM,,,,
5,241,2026-03-25T14:25:50.887Z,6810.000,9,133.000,YHloJXirCx60SFnV,5675.000,Kxg/hrv/euEuhbOE,6205.000,02xuA6TviChey6nJ,6207.000,Do8hC1pw172W9xvw,6487.000,MwfJUdRQPbSNr9Io,6804.000,Nsmpq/og5cO95HwJ,6810.000,obTLIQc2u6K1oipM,6812.000,2N4uTfQs/yo3mBYi,6815.000,uT1RCshO88YMpxwE,,
5,242,2026-03-25T14:25:57.697Z,6372.000,7,109.000,YHloJXirCx60SFnV,5771.000,02xuA6TviChey6nJ,5969.000,2iset8PVX4jSTSEH,6188.000,obTLIQc2u6K1oipM,6209.000,Nsmpq/og5cO95HwJ,6368.000,Do8hC1pw172W9xvw,6372.000,MwfJUdRQPbSNr9Io,,,,,,
5,243,2026-03-25T14:26:04.069Z,6123.000,7,120.000,YHloJXirCx60SFnV,5715.000,02xuA6TviChey6nJ,5736.000,Nsmpq/og5cO95HwJ,6102.000,2iset8PVX4jSTSEH,6115.000,obTLIQc2u6K1oipM,6122.000,MwfJUdRQPbSNr9Io,6123.000,Do8hC1pw172W9xvw,,,,,,
5,244,2026-03-25T14:26:10.192Z,6665.000,10,101.000,YHloJXirCx60SFnV,5751.000,MwfJUdRQPbSNr9Io,5849.000,2iset8PVX4jSTSEH,5851.000,Do8hC1pw172W9xvw,6270.000,Nsmpq/og5cO95HwJ,6562.000,obTLIQc2u6K1oipM,6665.000,Kxg/hrv/euEuhbOE,6688.000,2N4uTfQs/yo3mBYi,6738.000,uT1RCshO88YMpxwE,6695.000,02xuA6TviChey6nJ
5,245,2026-03-25T14:26:16.857Z,6190.000,7,135.000,YHloJXirCx60SFnV,5373.000,MwfJUdRQPbSNr9Io,5950.000,2iset8PVX4jSTSEH,6005.000,uT1RCshO88YMpxwE,6045.000,Nsmpq/og5cO95HwJ,6098.000,Kxg/hrv/euEuhbOE,6190.000,Do8hC1pw172W9xvw,,,,,,
5,246,2026-03-25T14:26:23.047Z,6469.000,8,124.000,YHloJXirCx60SFnV,5931.000,Nsmpq/og5cO95HwJ,5972.000,Kxg/hrv/euEuhbOE,6202.000,Do8hC1pw172W9xvw,6260.000,uT1RCshO88YMpxwE,6454.000,obTLIQc2u6K1oipM,6469.000,2N4uTfQs/yo3mBYi,6478.000,2iset8PVX4jSTSEH,,,,
5,247,2026-03-25T14:26:29.516Z,,1,122.000,YHloJXirCx60SFnV,,,,,,,,,,,,,,,,,,
6,1,2026-03-25T14:24:13.386Z,4258.000,7,468.000,obTLIQc2u6K1oipM,793.000,02xuA6TviChey6nJ,1930.000,Kxg/hrv/euEuhbOE,2201.000,MwfJUdRQPbSNr9Io,3459.000,2iset8PVX4jSTSEH,4243.000,YHloJXirCx60SFnV,4258.000,Do8hC1pw172W9xvw,,,,,,
6,2,2026-03-25T14:24:17.644Z,213.000,7,101.000,02xuA6TviChey6nJ,102.000,Kxg/hrv/euEuhbOE,103.000,YHloJXirCx60SFnV,104.000,obTLIQc2u6K1oipM,106.000,MwfJUdRQPbSNr9Io,152.000,2iset8PVX4jSTSEH,212.000,Do8hC1pw172W9xvw,,,,,,
6,3,2026-03-25T14:24:17.857Z,243.000,7,84.000,obTLIQc2u6K1oipM,102.000,YHloJXirCx60SFnV,114.000,Kxg/hrv/euEuhbOE,115.000,MwfJUdRQPbSNr9Io,131.000,02xuA6TviChey6nJ,141.000,2iset8PVX4jSTSEH,243.000,Do8hC1pw172W9xvw,,,,,,
6,4,2026-03-25T14:24:18.100Z,204.000,7,87.000,Kxg/hrv/euEuhbOE,95.000,02xuA6TviChey6nJ,96.000,obTLIQc2u6K1oipM,99.000,YHloJXirCx60SFnV,107.000,MwfJUdRQPbSNr9Io,154.000,2iset8PVX4jSTSEH,204.000,Do8hC1pw172W9xvw,,,,,,
6,5,2026-03-25T14:24:18.304Z,202.000,8,93.000,2iset8PVX4jSTSEH,100.000,obTLIQc2u6K1oipM,102.000,MwfJUdRQPbSNr9Io,107.000,Kxg/hrv/euEuhbOE,109.000,YHloJXirCx60SFnV,115.000,02xuA6TviChey6nJ,202.000,Do8hC1pw172W9xvw,312.000,2N4uTfQs/yo3mBYi,,,,
6,6,2026-03-25T14:24:18.506Z,171.000,8,73.000,2iset8PVX4jSTSEH,79.000,obTLIQc2u6K1oipM,98.000,MwfJUdRQPbSNr9Io,106.000,Kxg/hrv/euEuhbOE,120.000,02xuA6TviChey6nJ,121.000,YHloJXirCx60SFnV,171.000,Do8hC1pw172W9xvw,240.000,2N4uTfQs/yo3mBYi,,,,
6,7,2026-03-25T14:24:18.677Z,211.000,8,138.000,02xuA6TviChey6nJ,140.000,MwfJUdRQPbSNr9Io,145.000,YHloJXirCx60SFnV,146.000,Kxg/hrv/euEuhbOE,153.000,obTLIQc2u6K1oipM,162.000,2iset8PVX4jSTSEH,211.000,Do8hC1pw172W9xvw,266.000,2N4uTfQs/yo3mBYi,,,,
6,8,2026-03-25T14:24:18.888Z,208.000,9,114.000,Kxg/hrv/euEuhbOE,118.000,2iset8PVX4jSTSEH,121.000,MwfJUdRQPbSNr9Io,123.000,obTLIQc2u6K1oipM,141.000,02xuA6TviChey6nJ,147.000,YHloJXirCx60SFnV,208.000,Do8hC1pw172W9xvw,233.000,Nsmpq/og5cO95HwJ,243.000,2N4uTfQs/yo3mBYi,,
6,9,2026-03-25T14:24:19.096Z,131.000,9,94.000,2iset8PVX4jSTSEH,111.000,Nsmpq/og5cO95HwJ,114.000,02xuA6TviChey6nJ,115.000,obTLIQc2u6K1oipM,123.000,Kxg/hrv/euEuhbOE,128.000,YHloJXirCx60SFnV,130.000,MwfJUdRQPbSNr9Io,189.000,Do8hC1pw172W9xvw,247.000,2N4uTfQs/yo3mBYi,,
6,10,2026-03-25T14:24:19.227Z,201.000,9,160.000,2iset8PVX4jSTSEH,180.000,02xuA6TviChey6nJ,181.000,obTLIQc2u6K1oipM,185.000,YHloJXirCx60SFnV,193.000,MwfJUdRQPbSNr9Io,199.000,Nsmpq/og5cO95HwJ,201.000,Kxg/hrv/euEuhbOE,251.000,Do8hC1pw172W9xvw,326.000,2N4uTfQs/yo3mBYi,,
6,11,2026-03-25T14:24:19.428Z,211.000,9,163.000,2iset8PVX4jSTSEH,180.000,obTLIQc2u6K1oipM,193.000,MwfJUdRQPbSNr9Io,194.000,Nsmpq/og5cO95HwJ,199.000,02xuA6TviChey6nJ,205.000,Kxg/hrv/euEuhbOE,211.000,YHloJXirCx60SFnV,261.000,Do8hC1pw172W9xvw,315.000,2N4uTfQs/yo3mBYi,,
6,12,2026-03-25T14:24:19.639Z,191.000,9,151.000,2iset8PVX4jSTSEH,175.000,Nsmpq/og5cO95HwJ,177.000,Kxg/hrv/euEuhbOE,180.000,obTLIQc2u6K1oipM,181.000,MwfJUdRQPbSNr9Io,184.000,02xuA6TviChey6nJ,191.000,YHloJXirCx60SFnV,253.000,Do8hC1pw172W9xvw,296.000,2N4uTfQs/yo3mBYi,,
6,13,2026-03-25T14:24:19.830Z,216.000,9,163.000,2iset8PVX4jSTSEH,177.000,02xuA6TviChey6nJ,186.000,obTLIQc2u6K1oipM,193.000,Kxg/hrv/euEuhbOE,197.000,MwfJUdRQPbSNr9Io,199.000,YHloJXirCx60SFnV,216.000,Nsmpq/og5cO95HwJ,252.000,Do8hC1pw172W9xvw,313.000,2N4uTfQs/yo3mBYi,,
6,14,2026-03-25T14:24:20.046Z,188.000,9,145.000,2iset8PVX4jSTSEH,164.000,02xuA6TviChey6nJ,168.000,Nsmpq/og5cO95HwJ,169.000,MwfJUdRQPbSNr9Io,178.000,obTLIQc2u6K1oipM,180.000,YHloJXirCx60SFnV,188.000,Kxg/hrv/euEuhbOE,254.000,Do8hC1pw172W9xvw,276.000,2N4uTfQs/yo3mBYi,,
6,15,2026-03-25T14:24:20.234Z,212.000,10,164.000,2iset8PVX4jSTSEH,170.000,02xuA6TviChey6nJ,191.000,Nsmpq/og5cO95HwJ,196.000,Kxg/hrv/euEuhbOE,201.000,YHloJXirCx60SFnV,207.000,obTLIQc2u6K1oipM,212.000,MwfJUdRQPbSNr9Io,258.000,Do8hC1pw172W9xvw,307.000,2N4uTfQs/yo3mBYi,363.000,uT1RCshO88YMpxwE
6,16,2026-03-25T14:24:20.446Z,194.000,10,145.000,2iset8PVX4jSTSEH,175.000,obTLIQc2u6K1oipM,176.000,02xuA6TviChey6nJ,181.000,YHloJXirCx60SFnV,182.000,Nsmpq/og5cO95HwJ,187.000,MwfJUdRQPbSNr9Io,194.000,Kxg/hrv/euEuhbOE,242.000,Do8hC1pw172W9xvw,289.000,2N4uTfQs/yo3mBYi,296.000,uT1RCshO88YMpxwE
6,17,2026-03-25T14:24:20.640Z,215.000,10,159.000,2iset8PVX4jSTSEH,175.000,obTLIQc2u6K1oipM,177.000,Nsmpq/og5cO95HwJ,188.000,02xuA6TviChey6nJ,189.000,Kxg/hrv/euEuhbOE,193.000,MwfJUdRQPbSNr9Io,215.000,YHloJXirCx60SFnV,231.000,Do8hC1pw172W9xvw,284.000,uT1RCshO88YMpxwE,289.000,2N4uTfQs/yo3mBYi
6,18,2026-03-25T14:24:20.855Z,191.000,10,143.000,2iset8PVX4jSTSEH,161.000,obTLIQc2u6K1oipM,165.000,Kxg/hrv/euEuhbOE,173.000,YHloJXirCx60SFnV,183.000,MwfJUdRQPbSNr9Io,185.000,Nsmpq/og5cO95HwJ,191.000,02xuA6TviChey6nJ,243.000,Do8hC1pw172W9xvw,271.000,uT1RCshO88YMpxwE,272.000,2N4uTfQs/yo3mBYi
6,19,2026-03-25T14:24:21.046Z,198.000,10,145.000,2iset8PVX4jSTSEH,168.000,Kxg/hrv/euEuhbOE,174.000,YHloJXirCx60SFnV,181.000,obTLIQc2u6K1oipM,184.000,02xuA6TviChey6nJ,185.000,MwfJUdRQPbSNr9Io,198.000,Nsmpq/og5cO95HwJ,234.000,Do8hC1pw172W9xvw,274.000,2N4uTfQs/yo3mBYi,292.000,uT1RCshO88YMpxwE
6,20,2026-03-25T14:24:21.244Z,193.000,10,153.000,2iset8PVX4jSTSEH,176.000,MwfJUdRQPbSNr9Io,178.000,Nsmpq/og5cO95HwJ,180.000,obTLIQc2u6K1oipM,187.000,YHloJXirCx60SFnV,190.000,02xuA6TviChey6nJ,193.000,Kxg/hrv/euEuhbOE,241.000,Do8hC1pw172W9xvw,279.000,2N4uTfQs/yo3mBYi,308.000,uT1RCshO88YMpxwE
6,21,2026-03-25T14:24:21.437Z,216.000,10,163.000,2iset8PVX4jSTSEH,178.000,obTLIQc2u6K1oipM,185.000,Nsmpq/og5cO95HwJ,198.000,Kxg/hrv/euEuhbOE,204.000,MwfJUdRQPbSNr9Io,206.000,YHloJXirCx60SFnV,216.000,02xuA6TviChey6nJ,260.000,Do8hC1pw172W9xvw,286.000,2N4uTfQs/yo3mBYi,316.000,uT1RCshO88YMpxwE
6,22,2026-03-25T14:24:21.653Z,195.000,10,138.000,2iset8PVX4jSTSEH,160.000,Nsmpq/og5cO95HwJ,167.000,obTLIQc2u6K1oipM,177.000,YHloJXirCx60SFnV,180.000,02xuA6TviChey6nJ,181.000,MwfJUdRQPbSNr9Io,195.000,Kxg/hrv/euEuhbOE,240.000,Do8hC1pw172W9xvw,267.000,2N4uTfQs/yo3mBYi,290.000,uT1RCshO88YMpxwE
6,23,2026-03-25T14:24:21.848Z,199.000,10,155.000,2iset8PVX4jSTSEH,177.000,obTLIQc2u6K1oipM,181.000,02xuA6TviChey6nJ,182.000,Nsmpq/og5cO95HwJ,188.000,Kxg/hrv/euEuhbOE,192.000,YHloJXirCx60SFnV,199.000,MwfJUdRQPbSNr9Io,238.000,Do8hC1pw172W9xvw,277.000,2N4uTfQs/yo3mBYi,313.000,uT1RCshO88YMpxwE
6,24,2026-03-25T14:24:22.047Z,213.000,9,143.000,2iset8PVX4jSTSEH,169.000,Kxg/hrv/euEuhbOE,174.000,obTLIQc2u6K1oipM,176.000,MwfJUdRQPbSNr9Io,180.000,YHloJXirCx60SFnV,188.000,Nsmpq/og5cO95HwJ,213.000,02xuA6TviChey6nJ,248.000,Do8hC1pw172W9xvw,303.000,uT1RCshO88YMpxwE,,
6,25,2026-03-25T14:24:22.260Z,188.000,10,53.000,2N4uTfQs/yo3mBYi,131.000,2iset8PVX4jSTSEH,165.000,02xuA6TviChey6nJ,166.000,YHloJXirCx60SFnV,167.000,obTLIQc2u6K1oipM,174.000,Nsmpq/og5cO95HwJ,188.000,MwfJUdRQPbSNr9Io,191.000,Kxg/hrv/euEuhbOE,218.000,Do8hC1pw172W9xvw,279.000,uT1RCshO88YMpxwE
6,26,2026-03-25T14:24:22.448Z,191.000,9,79.000,2N4uTfQs/yo3mBYi,141.000,2iset8PVX4jSTSEH,178.000,Kxg/hrv/euEuhbOE,184.000,MwfJUdRQPbSNr9Io,187.000,YHloJXirCx60SFnV,188.000,Nsmpq/og5cO95HwJ,191.000,obTLIQc2u6K1oipM,279.000,02xuA6TviChey6nJ,270.000,uT1RCshO88YMpxwE,,
6,27,2026-03-25T14:24:22.639Z,207.000,9,65.000,Do8hC1pw172W9xvw,73.000,2N4uTfQs/yo3mBYi,162.000,2iset8PVX4jSTSEH,198.000,obTLIQc2u6K1oipM,201.000,YHloJXirCx60SFnV,204.000,02xuA6TviChey6nJ,207.000,Kxg/hrv/euEuhbOE,208.000,Nsmpq/og5cO95HwJ,214.000,MwfJUdRQPbSNr9Io,,
6,28,2026-03-25T14:24:22.846Z,194.000,10,63.000,Do8hC1pw172W9xvw,95.000,uT1RCshO88YMpxwE,99.000,2N4uTfQs/yo3mBYi,151.000,2iset8PVX4jSTSEH,184.000,Kxg/hrv/euEuhbOE,190.000,obTLIQc2u6K1oipM,194.000,MwfJUdRQPbSNr9Io,196.000,Nsmpq/og5cO95HwJ,197.000,02xuA6TviChey6nJ,229.000,YHloJXirCx60SFnV
6,29,2026-03-25T14:24:23.040Z,202.000,10,62.000,Do8hC1pw172W9xvw,83.000,uT1RCshO88YMpxwE,93.000,2N4uTfQs/yo3mBYi,160.000,2iset8PVX4jSTSEH,195.000,MwfJUdRQPbSNr9Io,199.000,Kxg/hrv/euEuhbOE,202.000,obTLIQc2u6K1oipM,208.000,02xuA6TviChey6nJ,210.000,Nsmpq/og5cO95HwJ,211.000,YHloJXirCx60SFnV
6,30,2026-03-25T14:24:23.242Z,198.000,10,67.000,Do8hC1pw172W9xvw,98.000,2N4uTfQs/yo3mBYi,122.000,uT1RCshO88YMpxwE,158.000,2iset8PVX4jSTSEH,192.000,obTLIQc2u6K1oipM,193.000,Kxg/hrv/euEuhbOE,198.000,Nsmpq/og5cO95HwJ,199.000,MwfJUdRQPbSNr9Io,211.000,02xuA6TviChey6nJ,243.000,YHloJXirCx60SFnV
6,31,2026-03-25T14:24:23.440Z,202.000,10,60.000,Do8hC1pw172W9xvw,94.000,2N4uTfQs/yo3mBYi,95.000,uT1RCshO88YMpxwE,162.000,2iset8PVX4jSTSEH,176.000,obTLIQc2u6K1oipM,184.000,YHloJXirCx60SFnV,202.000,MwfJUdRQPbSNr9Io,203.000,Nsmpq/og5cO95HwJ,219.000,Kxg/hrv/euEuhbOE,249.000,02xuA6TviChey6nJ
6,32,2026-03-25T14:24:23.642Z,203.000,10,48.000,Do8hC1pw172W9xvw,79.000,uT1RCshO88YMpxwE,90.000,2N4uTfQs/yo3mBYi,157.000,2iset8PVX4jSTSEH,189.000,Nsmpq/og5cO95HwJ,197.000,02xuA6TviChey6nJ,202.000,Kxg/hrv/euEuhbOE,204.000,obTLIQc2u6K1oipM,215.000,MwfJUdRQPbSNr9Io,232.000,YHloJXirCx60SFnV
6,33,2026-03-25T14:24:23.845Z,195.000,10,53.000,Do8hC1pw172W9xvw,72.000,uT1RCshO88YMpxwE,85.000,2N4uTfQs/yo3mBYi,152.000,2iset8PVX4jSTSEH,184.000,obTLIQc2u6K1oipM,188.000,MwfJUdRQPbSNr9Io,195.000,Nsmpq/og5cO95HwJ,202.000,YHloJXirCx60SFnV,214.000,02xuA6TviChey6nJ,253.000,Kxg/hrv/euEuhbOE
6,34,2026-03-25T14:24:24.040Z,211.000,10,60.000,Do8hC1pw172W9xvw,89.000,uT1RCshO88YMpxwE,95.000,2N4uTfQs/yo3mBYi,164.000,2iset8PVX4jSTSEH,190.000,obTLIQc2u6K1oipM,244.000,Kxg/hrv/euEuhbOE,211.000,MwfJUdRQPbSNr9Io,216.000,YHloJXirCx60SFnV,220.000,02xuA6TviChey6nJ,288.000,Nsmpq/og5cO95HwJ
6,35,2026-03-25T14:24:24.251Z,186.000,10,59.000,Do8hC1pw172W9xvw,69.000,uT1RCshO88YMpxwE,90.000,2N4uTfQs/yo3mBYi,152.000,2iset8PVX4jSTSEH,178.000,02xuA6TviChey6nJ,184.000,obTLIQc2u6K1oipM,185.000,Nsmpq/og5cO95HwJ,195.000,Kxg/hrv/euEuhbOE,206.000,YHloJXirCx60SFnV,211.000,MwfJUdRQPbSNr9Io
6,36,2026-03-25T14:24:24.437Z,213.000,10,75.000,Do8hC1pw172W9xvw,88.000,uT1RCshO88YMpxwE,99.000,2N4uTfQs/yo3mBYi,174.000,2iset8PVX4jSTSEH,201.000,obTLIQc2u6K1oipM,210.000,MwfJUdRQPbSNr9Io,213.000,Nsmpq/og5cO95HwJ,216.000,YHloJXirCx60SFnV,219.000,02xuA6TviChey6nJ,225.000,Kxg/hrv/euEuhbOE
6,37,2026-03-25T14:24:24.650Z,200.000,10,61.000,Do8hC1pw172W9xvw,76.000,uT1RCshO88YMpxwE,85.000,2N4uTfQs/yo3mBYi,157.000,2iset8PVX4jSTSEH,183.000,obTLIQc2u6K1oipM,190.000,02xuA6TviChey6nJ,200.000,YHloJXirCx60SFnV,204.000,MwfJUdRQPbSNr9Io,205.000,Nsmpq/og5cO95HwJ,215.000,Kxg/hrv/euEuhbOE
6,38,2026-03-25T14:24:24.850Z,201.000,10,65.000,Do8hC1pw172W9xvw,77.000,uT1RCshO88YMpxwE,96.000,2N4uTfQs/yo3mBYi,163.000,2iset8PVX4jSTSEH,189.000,obTLIQc2u6K1oipM,190.000,Kxg/hrv/euEuhbOE,201.000,MwfJUdRQPbSNr9Io,205.000,02xuA6TviChey6nJ,206.000,Nsmpq/og5cO95HwJ,210.000,YHloJXirCx60SFnV
6,39,2026-03-25T14:24:25.051Z,203.000,10,62.000,Do8hC1pw172W9xvw,70.000,uT1RCshO88YMpxwE,95.000,2N4uTfQs/yo3mBYi,158.000,2iset8PVX4jSTSEH,193.000,Nsmpq/og5cO95HwJ,194.000,obTLIQc2u6K1oipM,203.000,MwfJUdRQPbSNr9Io,294.000,Kxg/hrv/euEuhbOE,249.000,YHloJXirCx60SFnV,216.000,02xuA6TviChey6nJ
6,40,2026-03-25T14:24:25.254Z,197.000,10,54.000,Do8hC1pw172W9xvw,88.000,2N4uTfQs/yo3mBYi,90.000,uT1RCshO88YMpxwE,163.000,2iset8PVX4jSTSEH,187.000,Nsmpq/og5cO95HwJ,188.000,obTLIQc2u6K1oipM,197.000,YHloJXirCx60SFnV,199.000,Kxg/hrv/euEuhbOE,203.000,02xuA6TviChey6nJ,210.000,MwfJUdRQPbSNr9Io
6,41,2026-03-25T14:24:25.451Z,209.000,10,72.000,Do8hC1pw172W9xvw,87.000,2N4uTfQs/yo3mBYi,98.000,uT1RCshO88YMpxwE,166.000,2iset8PVX4jSTSEH,196.000,obTLIQc2u6K1oipM,203.000,Kxg/hrv/euEuhbOE,209.000,Nsmpq/og5cO95HwJ,211.000,YHloJXirCx60SFnV,212.000,MwfJUdRQPbSNr9Io,224.000,02xuA6TviChey6nJ
6,42,2026-03-25T14:24:25.660Z,190.000,10,51.000,Do8hC1pw172W9xvw,79.000,uT1RCshO88YMpxwE,89.000,2N4uTfQs/yo3mBYi,156.000,2iset8PVX4jSTSEH,178.000,obTLIQc2u6K1oipM,186.000,02xuA6TviChey6nJ,190.000,MwfJUdRQPbSNr9Io,194.000,YHloJXirCx60SFnV,197.000,Kxg/hrv/euEuhbOE,200.000,Nsmpq/og5cO95HwJ
6,43,2026-03-25T14:24:25.850Z,213.000,10,63.000,Do8hC1pw172W9xvw,92.000,uT1RCshO88YMpxwE,96.000,2N4uTfQs/yo3mBYi,168.000,2iset8PVX4jSTSEH,183.000,obTLIQc2u6K1oipM,210.000,Kxg/hrv/euEuhbOE,212.000,Nsmpq/og5cO95HwJ,214.000,MwfJUdRQPbSNr9Io,215.000,02xuA6TviChey6nJ,264.000,YHloJXirCx60SFnV
6,44,2026-03-25T14:24:26.063Z,183.000,10,57.000,Do8hC1pw172W9xvw,81.000,2N4uTfQs/yo3mBYi,83.000,uT1RCshO88YMpxwE,147.000,2iset8PVX4jSTSEH,170.000,02xuA6TviChey6nJ,178.000,obTLIQc2u6K1oipM,183.000,MwfJUdRQPbSNr9Io,189.000,YHloJXirCx60SFnV,202.000,Nsmpq/og5cO95HwJ,206.000,Kxg/hrv/euEuhbOE
6,45,2026-03-25T14:24:26.246Z,210.000,10,72.000,Do8hC1pw172W9xvw,101.000,uT1RCshO88YMpxwE,106.000,2N4uTfQs/yo3mBYi,168.000,2iset8PVX4jSTSEH,204.000,obTLIQc2u6K1oipM,205.000,Nsmpq/og5cO95HwJ,210.000,Kxg/hrv/euEuhbOE,212.000,MwfJUdRQPbSNr9Io,229.000,02xuA6TviChey6nJ,285.000,YHloJXirCx60SFnV
6,46,2026-03-25T14:24:26.456Z,201.000,10,61.000,Do8hC1pw172W9xvw,73.000,uT1RCshO88YMpxwE,101.000,2N4uTfQs/yo3mBYi,168.000,2iset8PVX4jSTSEH,181.000,MwfJUdRQPbSNr9Io,195.000,Kxg/hrv/euEuhbOE,201.000,obTLIQc2u6K1oipM,212.000,YHloJXirCx60SFnV,216.000,Nsmpq/og5cO95HwJ,260.000,02xuA6TviChey6nJ
6,47,2026-03-25T14:24:26.657Z,207.000,10,57.000,Do8hC1pw172W9xvw,87.000,uT1RCshO88YMpxwE,97.000,2N4uTfQs/yo3mBYi,165.000,2iset8PVX4jSTSEH,183.000,obTLIQc2u6K1oipM,203.000,Kxg/hrv/euEuhbOE,206.000,02xuA6TviChey6nJ,254.000,Nsmpq/og5cO95HwJ,227.000,MwfJUdRQPbSNr9Io,230.000,YHloJXirCx60SFnV
6,48,2026-03-25T14:24:26.864Z,201.000,10,59.000,Do8hC1pw172W9xvw,74.000,uT1RCshO88YMpxwE,88.000,2N4uTfQs/yo3mBYi,155.000,2iset8PVX4jSTSEH,191.000,02xuA6TviChey6nJ,193.000,Nsmpq/og5cO95HwJ,201.000,Kxg/hrv/euEuhbOE,204.000,obTLIQc2u6K1oipM,205.000,MwfJUdRQPbSNr9Io,220.000,YHloJXirCx60SFnV
6,49,2026-03-25T14:24:27.065Z,198.000,10,59.000,Do8hC1pw172W9xvw,86.000,uT1RCshO88YMpxwE,88.000,2N4uTfQs/yo3mBYi,156.000,2iset8PVX4jSTSEH,185.000,Nsmpq/og5cO95HwJ,187.000,obTLIQc2u6K1oipM,198.000,YHloJXirCx60SFnV,203.000,Kxg/hrv/euEuhbOE,208.000,MwfJUdRQPbSNr9Io,211.000,02xuA6TviChey6nJ
6,50,2026-03-25T14:24:27.263Z,193.000,10,71.000,Do8hC1pw172W9xvw,77.000,uT1RCshO88YMpxwE,107.000,2N4uTfQs/yo3mBYi,165.000,2iset8PVX4jSTSEH,184.000,obTLIQc2u6K1oipM,189.000,MwfJUdRQPbSNr9Io,193.000,02xuA6TviChey6nJ,199.000,YHloJXirCx60SFnV,207.000,Nsmpq/og5cO95HwJ,212.000,Kxg/hrv/euEuhbOE
6,51,2026-03-25T14:24:27.456Z,211.000,10,74.000,Do8hC1pw172W9xvw,91.000,uT1RCshO88YMpxwE,111.000,2N4uTfQs/yo3mBYi,168.000,2iset8PVX4jSTSEH,200.000,MwfJUdRQPbSNr9Io,209.000,Kxg/hrv/euEuhbOE,211.000,02xuA6TviChey6nJ,211.000,obTLIQc2u6K1oipM,217.000,Nsmpq/og5cO95HwJ,221.000,YHloJXirCx60SFnV
6,52,2026-03-25T14:24:27.667Z,207.000,10,61.000,Do8hC1pw172W9xvw,74.000,uT1RCshO88YMpxwE,104.000,2N4uTfQs/yo3mBYi,157.000,2iset8PVX4jSTSEH,201.000,Kxg/hrv/euEuhbOE,206.000,obTLIQc2u6K1oipM,207.000,Nsmpq/og5cO95HwJ,207.000,YHloJXirCx60SFnV,212.000,MwfJUdRQPbSNr9Io,216.000,02xuA6TviChey6nJ
6,53,2026-03-25T14:24:27.874Z,194.000,10,58.000,Do8hC1pw172W9xvw,68.000,uT1RCshO88YMpxwE,84.000,2N4uTfQs/yo3mBYi,150.000,2iset8PVX4jSTSEH,175.000,MwfJUdRQPbSNr9Io,176.000,Nsmpq/og5cO95HwJ,194.000,Kxg/hrv/euEuhbOE,198.000,YHloJXirCx60SFnV,199.000,obTLIQc2u6K1oipM,204.000,02xuA6TviChey6nJ
6,54,2026-03-25T14:24:28.068Z,203.000,10,68.000,Do8hC1pw172W9xvw,86.000,uT1RCshO88YMpxwE,100.000,2N4uTfQs/yo3mBYi,162.000,2iset8PVX4jSTSEH,192.000,Kxg/hrv/euEuhbOE,199.000,obTLIQc2u6K1oipM,202.000,YHloJXirCx60SFnV,211.000,Nsmpq/og5cO95HwJ,214.000,MwfJUdRQPbSNr9Io,215.000,02xuA6TviChey6nJ
6,55,2026-03-25T14:24:28.271Z,204.000,10,56.000,Do8hC1pw172W9xvw,80.000,uT1RCshO88YMpxwE,94.000,2N4uTfQs/yo3mBYi,170.000,2iset8PVX4jSTSEH,197.000,MwfJUdRQPbSNr9Io,203.000,Kxg/hrv/euEuhbOE,204.000,obTLIQc2u6K1oipM,206.000,Nsmpq/og5cO95HwJ,211.000,YHloJXirCx60SFnV,213.000,02xuA6TviChey6nJ
6,56,2026-03-25T14:24:28.475Z,197.000,10,59.000,Do8hC1pw172W9xvw,74.000,uT1RCshO88YMpxwE,98.000,2N4uTfQs/yo3mBYi,158.000,2iset8PVX4jSTSEH,192.000,MwfJUdRQPbSNr9Io,193.000,obTLIQc2u6K1oipM,197.000,YHloJXirCx60SFnV,199.000,Kxg/hrv/euEuhbOE,201.000,Nsmpq/og5cO95HwJ,209.000,02xuA6TviChey6nJ
6,57,2026-03-25T14:24:28.672Z,203.000,10,50.000,Do8hC1pw172W9xvw,91.000,uT1RCshO88YMpxwE,106.000,2N4uTfQs/yo3mBYi,160.000,2iset8PVX4jSTSEH,189.000,MwfJUdRQPbSNr9Io,190.000,obTLIQc2u6K1oipM,203.000,Nsmpq/og5cO95HwJ,205.000,02xuA6TviChey6nJ,211.000,YHloJXirCx60SFnV,219.000,Kxg/hrv/euEuhbOE
6,58,2026-03-25T14:24:28.875Z,198.000,10,57.000,Do8hC1pw172W9xvw,86.000,uT1RCshO88YMpxwE,96.000,2N4uTfQs/yo3mBYi,161.000,2iset8PVX4jSTSEH,180.000,obTLIQc2u6K1oipM,197.000,YHloJXirCx60SFnV,198.000,MwfJUdRQPbSNr9Io,203.000,Nsmpq/og5cO95HwJ,207.000,Kxg/hrv/euEuhbOE,209.000,02xuA6TviChey6nJ
6,59,2026-03-25T14:24:29.073Z,205.000,10,60.000,Do8hC1pw172W9xvw,86.000,uT1RCshO88YMpxwE,101.000,2N4uTfQs/yo3mBYi,163.000,2iset8PVX4jSTSEH,196.000,Nsmpq/og5cO95HwJ,203.000,obTLIQc2u6K1oipM,205.000,MwfJUdRQPbSNr9Io,206.000,Kxg/hrv/euEuhbOE,213.000,YHloJXirCx60SFnV,225.000,02xuA6TviChey6nJ
6,60,2026-03-25T14:24:29.278Z,189.000,10,62.000,Do8hC1pw172W9xvw,84.000,uT1RCshO88YMpxwE,95.000,2N4uTfQs/yo3mBYi,153.000,2iset8PVX4jSTSEH,178.000,obTLIQc2u6K1oipM,184.000,YHloJXirCx60SFnV,189.000,Nsmpq/og5cO95HwJ,198.000,Kxg/hrv/euEuhbOE,199.000,MwfJUdRQPbSNr9Io,203.000,02xuA6TviChey6nJ
6,61,2026-03-25T14:24:29.467Z,211.000,10,77.000,Do8hC1pw172W9xvw,106.000,uT1RCshO88YMpxwE,107.000,2N4uTfQs/yo3mBYi,164.000,2iset8PVX4jSTSEH,193.000,Kxg/hrv/euEuhbOE,210.000,MwfJUdRQPbSNr9Io,211.000,YHloJXirCx60SFnV,212.000,obTLIQc2u6K1oipM,214.000,Nsmpq/og5cO95HwJ,276.000,02xuA6TviChey6nJ
6,62,2026-03-25T14:24:29.678Z,199.000,10,58.000,Do8hC1pw172W9xvw,91.000,uT1RCshO88YMpxwE,102.000,2N4uTfQs/yo3mBYi,158.000,obTLIQc2u6K1oipM,162.000,2iset8PVX4jSTSEH,175.000,MwfJUdRQPbSNr9Io,199.000,Nsmpq/og5cO95HwJ,202.000,YHloJXirCx60SFnV,216.000,Kxg/hrv/euEuhbOE,217.000,02xuA6TviChey6nJ
6,63,2026-03-25T14:24:29.877Z,210.000,10,53.000,Do8hC1pw172W9xvw,81.000,uT1RCshO88YMpxwE,100.000,2N4uTfQs/yo3mBYi,162.000,2iset8PVX4jSTSEH,199.000,02xuA6TviChey6nJ,200.000,Nsmpq/og5cO95HwJ,210.000,MwfJUdRQPbSNr9Io,213.000,Kxg/hrv/euEuhbOE,214.000,obTLIQc2u6K1oipM,219.000,YHloJXirCx60SFnV
6,64,2026-03-25T14:24:30.087Z,198.000,10,51.000,Do8hC1pw172W9xvw,85.000,2N4uTfQs/yo3mBYi,90.000,uT1RCshO88YMpxwE,160.000,2iset8PVX4jSTSEH,188.000,Kxg/hrv/euEuhbOE,189.000,02xuA6TviChey6nJ,197.000,Nsmpq/og5cO95HwJ,204.000,obTLIQc2u6K1oipM,242.000,YHloJXirCx60SFnV,277.000,MwfJUdRQPbSNr9Io
6,65,2026-03-25T14:24:30.285Z,199.000,10,60.000,Do8hC1pw172W9xvw,80.000,uT1RCshO88YMpxwE,92.000,2N4uTfQs/yo3mBYi,158.000,2iset8PVX4jSTSEH,192.000,MwfJUdRQPbSNr9Io,197.000,Kxg/hrv/euEuhbOE,198.000,obTLIQc2u6K1oipM,200.000,YHloJXirCx60SFnV,206.000,Nsmpq/og5cO95HwJ,247.000,02xuA6TviChey6nJ
6,66,2026-03-25T14:24:30.484Z,202.000,10,60.000,Do8hC1pw172W9xvw,89.000,2N4uTfQs/yo3mBYi,110.000,uT1RCshO88YMpxwE,161.000,2iset8PVX4jSTSEH,189.000,Nsmpq/og5cO95HwJ,197.000,YHloJXirCx60SFnV,202.000,obTLIQc2u6K1oipM,210.000,02xuA6TviChey6nJ,306.000,MwfJUdRQPbSNr9Io,255.000,Kxg/hrv/euEuhbOE
6,67,2026-03-25T14:24:30.686Z,203.000,10,60.000,Do8hC1pw172W9xvw,86.000,uT1RCshO88YMpxwE,96.000,2N4uTfQs/yo3mBYi,153.000,2iset8PVX4jSTSEH,181.000,obTLIQc2u6K1oipM,198.000,02xuA6TviChey6nJ,203.000,MwfJUdRQPbSNr9Io,204.000,Nsmpq/og5cO95HwJ,269.000,Kxg/hrv/euEuhbOE,232.000,YHloJXirCx60SFnV
6,68,2026-03-25T14:24:30.889Z,187.000,10,63.000,Do8hC1pw172W9xvw,70.000,uT1RCshO88YMpxwE,86.000,2N4uTfQs/yo3mBYi,155.000,2iset8PVX4jSTSEH,182.000,YHloJXirCx60SFnV,186.000,Kxg/hrv/euEuhbOE,187.000,obTLIQc2u6K1oipM,190.000,02xuA6TviChey6nJ,202.000,Nsmpq/og5cO95HwJ,206.000,MwfJUdRQPbSNr9Io
6,69,2026-03-25T14:24:31.076Z,217.000,10,67.000,Do8hC1pw172W9xvw,89.000,uT1RCshO88YMpxwE,119.000,2N4uTfQs/yo3mBYi,174.000,2iset8PVX4jSTSEH,196.000,obTLIQc2u6K1oipM,206.000,YHloJXirCx60SFnV,217.000,Kxg/hrv/euEuhbOE,264.000,Nsmpq/og5cO95HwJ,299.000,02xuA6TviChey6nJ,236.000,MwfJUdRQPbSNr9Io
6,70,2026-03-25T14:24:31.293Z,194.000,10,54.000,Do8hC1pw172W9xvw,71.000,uT1RCshO88YMpxwE,92.000,2N4uTfQs/yo3mBYi,150.000,2iset8PVX4jSTSEH,189.000,Kxg/hrv/euEuhbOE,193.000,Nsmpq/og5cO95HwJ,194.000,obTLIQc2u6K1oipM,200.000,YHloJXirCx60SFnV,208.000,02xuA6TviChey6nJ,210.000,MwfJUdRQPbSNr9Io
6,71,2026-03-25T14:24:31.487Z,206.000,10,68.000,Do8hC1pw172W9xvw,87.000,uT1RCshO88YMpxwE,98.000,2N4uTfQs/yo3mBYi,166.000,2iset8PVX4jSTSEH,191.000,obTLIQc2u6K1oipM,204.000,Nsmpq/og5cO95HwJ,205.000,MwfJUdRQPbSNr9Io,207.000,02xuA6TviChey6nJ,213.000,YHloJXirCx60SFnV,278.000,Kxg/hrv/euEuhbOE
6,72,2026-03-25T14:24:31.693Z,201.000,10,61.000,Do8hC1pw172W9xvw,75.000,uT1RCshO88YMpxwE,80.000,2N4uTfQs/yo3mBYi,156.000,2iset8PVX4jSTSEH,181.000,Nsmpq/og5cO95HwJ,195.000,Kxg/hrv/euEuhbOE,201.000,obTLIQc2u6K1oipM,203.000,YHloJXirCx60SFnV,205.000,MwfJUdRQPbSNr9Io,216.000,02xuA6TviChey6nJ
6,73,2026-03-25T14:24:31.894Z,199.000,10,62.000,Do8hC1pw172W9xvw,88.000,uT1RCshO88YMpxwE,98.000,2N4uTfQs/yo3mBYi,153.000,2iset8PVX4jSTSEH,180.000,YHloJXirCx60SFnV,185.000,MwfJUdRQPbSNr9Io,198.000,Nsmpq/og5cO95HwJ,200.000,obTLIQc2u6K1oipM,204.000,02xuA6TviChey6nJ,224.000,Kxg/hrv/euEuhbOE
6,74,2026-03-25T14:24:32.093Z,198.000,10,61.000,Do8hC1pw172W9xvw,76.000,uT1RCshO88YMpxwE,97.000,2N4uTfQs/yo3mBYi,158.000,2iset8PVX4jSTSEH,186.000,obTLIQc2u6K1oipM,190.000,YHloJXirCx60SFnV,198.000,MwfJUdRQPbSNr9Io,206.000,Kxg/hrv/euEuhbOE,215.000,Nsmpq/og5cO95HwJ,220.000,02xuA6TviChey6nJ
6,75,2026-03-25T14:24:32.291Z,207.000,10,72.000,Do8hC1pw172W9xvw,84.000,uT1RCshO88YMpxwE,99.000,2N4uTfQs/yo3mBYi,166.000,2iset8PVX4jSTSEH,181.000,obTLIQc2u6K1oipM,195.000,YHloJXirCx60SFnV,207.000,MwfJUdRQPbSNr9Io,211.000,Kxg/hrv/euEuhbOE,250.000,Nsmpq/og5cO95HwJ,216.000,02xuA6TviChey6nJ
6,76,2026-03-25T14:24:32.498Z,204.000,10,51.000,Do8hC1pw172W9xvw,77.000,uT1RCshO88YMpxwE,101.000,2N4uTfQs/yo3mBYi,163.000,2iset8PVX4jSTSEH,169.000,MwfJUdRQPbSNr9Io,186.000,obTLIQc2u6K1oipM,204.000,Kxg/hrv/euEuhbOE,206.000,YHloJXirCx60SFnV,208.000,02xuA6TviChey6nJ,209.000,Nsmpq/og5cO95HwJ
6,77,2026-03-25T14:24:32.702Z,195.000,10,49.000,Do8hC1pw172W9xvw,85.000,2N4uTfQs/yo3mBYi,86.000,uT1RCshO88YMpxwE,149.000,2iset8PVX4jSTSEH,179.000,MwfJUdRQPbSNr9Io,192.000,Nsmpq/og5cO95HwJ,195.000,obTLIQc2u6K1oipM,202.000,02xuA6TviChey6nJ,203.000,YHloJXirCx60SFnV,213.000,Kxg/hrv/euEuhbOE
6,78,2026-03-25T14:24:32.897Z,197.000,10,64.000,Do8hC1pw172W9xvw,84.000,uT1RCshO88YMpxwE,102.000,2N4uTfQs/yo3mBYi,157.000,2iset8PVX4jSTSEH,179.000,obTLIQc2u6K1oipM,189.000,MwfJUdRQPbSNr9Io,197.000,02xuA6TviChey6nJ,199.000,YHloJXirCx60SFnV,204.000,Kxg/hrv/euEuhbOE,213.000,Nsmpq/og5cO95HwJ
6,79,2026-03-25T14:24:33.094Z,199.000,10,71.000,Do8hC1pw172W9xvw,78.000,uT1RCshO88YMpxwE,93.000,2N4uTfQs/yo3mBYi,155.000,2iset8PVX4jSTSEH,192.000,Nsmpq/og5cO95HwJ,197.000,obTLIQc2u6K1oipM,199.000,YHloJXirCx60SFnV,200.000,Kxg/hrv/euEuhbOE,201.000,02xuA6TviChey6nJ,201.000,MwfJUdRQPbSNr9Io
6,80,2026-03-25T14:24:33.293Z,203.000,10,73.000,Do8hC1pw172W9xvw,93.000,uT1RCshO88YMpxwE,94.000,2N4uTfQs/yo3mBYi,160.000,2iset8PVX4jSTSEH,185.000,02xuA6TviChey6nJ,201.000,MwfJUdRQPbSNr9Io,203.000,obTLIQc2u6K1oipM,206.000,Kxg/hrv/euEuhbOE,211.000,Nsmpq/og5cO95HwJ,230.000,YHloJXirCx60SFnV
6,81,2026-03-25T14:24:33.496Z,203.000,10,64.000,Do8hC1pw172W9xvw,89.000,uT1RCshO88YMpxwE,95.000,2N4uTfQs/yo3mBYi,167.000,2iset8PVX4jSTSEH,193.000,Nsmpq/og5cO95HwJ,195.000,obTLIQc2u6K1oipM,203.000,02xuA6TviChey6nJ,206.000,YHloJXirCx60SFnV,208.000,Kxg/hrv/euEuhbOE,262.000,MwfJUdRQPbSNr9Io
6,82,2026-03-25T14:24:33.699Z,200.000,10,57.000,Do8hC1pw172W9xvw,81.000,uT1RCshO88YMpxwE,87.000,2N4uTfQs/yo3mBYi,162.000,2iset8PVX4jSTSEH,178.000,obTLIQc2u6K1oipM,194.000,Nsmpq/og5cO95HwJ,200.000,YHloJXirCx60SFnV,201.000,MwfJUdRQPbSNr9Io,207.000,Kxg/hrv/euEuhbOE,219.000,02xuA6TviChey6nJ
6,83,2026-03-25T14:24:33.899Z,214.000,10,66.000,Do8hC1pw172W9xvw,94.000,2N4uTfQs/yo3mBYi,98.000,uT1RCshO88YMpxwE,163.000,2iset8PVX4jSTSEH,194.000,obTLIQc2u6K1oipM,212.000,Kxg/hrv/euEuhbOE,214.000,MwfJUdRQPbSNr9Io,216.000,YHloJXirCx60SFnV,217.000,Nsmpq/og5cO95HwJ,227.000,02xuA6TviChey6nJ
6,84,2026-03-25T14:24:34.113Z,196.000,10,55.000,Do8hC1pw172W9xvw,79.000,uT1RCshO88YMpxwE,91.000,2N4uTfQs/yo3mBYi,153.000,2iset8PVX4jSTSEH,186.000,Kxg/hrv/euEuhbOE,188.000,obTLIQc2u6K1oipM,196.000,02xuA6TviChey6nJ,202.000,Nsmpq/og5cO95HwJ,206.000,YHloJXirCx60SFnV,208.000,MwfJUdRQPbSNr9Io
6,85,2026-03-25T14:24:34.309Z,194.000,10,62.000,Do8hC1pw172W9xvw,79.000,uT1RCshO88YMpxwE,85.000,2N4uTfQs/yo3mBYi,155.000,2iset8PVX4jSTSEH,177.000,obTLIQc2u6K1oipM,191.000,MwfJUdRQPbSNr9Io,194.000,02xuA6TviChey6nJ,199.000,Kxg/hrv/euEuhbOE,202.000,YHloJXirCx60SFnV,210.000,Nsmpq/og5cO95HwJ
6,86,2026-03-25T14:24:34.503Z,202.000,10,73.000,Do8hC1pw172W9xvw,87.000,uT1RCshO88YMpxwE,92.000,2N4uTfQs/yo3mBYi,161.000,2iset8PVX4jSTSEH,196.000,Nsmpq/og5cO95HwJ,197.000,obTLIQc2u6K1oipM,202.000,02xuA6TviChey6nJ,203.000,Kxg/hrv/euEuhbOE,209.000,MwfJUdRQPbSNr9Io,227.000,YHloJXirCx60SFnV
6,87,2026-03-25T14:24:34.705Z,215.000,10,64.000,Do8hC1pw172W9xvw,86.000,uT1RCshO88YMpxwE,107.000,2N4uTfQs/yo3mBYi,168.000,2iset8PVX4jSTSEH,183.000,MwfJUdRQPbSNr9Io,201.000,obTLIQc2u6K1oipM,215.000,Kxg/hrv/euEuhbOE,218.000,Nsmpq/og5cO95HwJ,224.000,YHloJXirCx60SFnV,260.000,02xuA6TviChey6nJ
6,88,2026-03-25T14:24:34.920Z,194.000,10,47.000,Do8hC1pw172W9xvw,66.000,uT1RCshO88YMpxwE,93.000,2N4uTfQs/yo3mBYi,153.000,2iset8PVX4jSTSEH,172.000,obTLIQc2u6K1oipM,176.000,Kxg/hrv/euEuhbOE,194.000,MwfJUdRQPbSNr9Io,202.000,02xuA6TviChey6nJ,210.000,Nsmpq/og5cO95HwJ,253.000,YHloJXirCx60SFnV
6,89,2026-03-25T14:24:35.114Z,200.000,10,62.000,Do8hC1pw172W9xvw,70.000,uT1RCshO88YMpxwE,90.000,2N4uTfQs/yo3mBYi,160.000,2iset8PVX4jSTSEH,178.000,obTLIQc2u6K1oipM,198.000,YHloJXirCx60SFnV,200.000,Kxg/hrv/euEuhbOE,202.000,02xuA6TviChey6nJ,203.000,Nsmpq/og5cO95HwJ,211.000,MwfJUdRQPbSNr9Io
6,90,2026-03-25T14:24:35.314Z,310.000,10,53.000,Do8hC1pw172W9xvw,81.000,uT1RCshO88YMpxwE,94.000,2N4uTfQs/yo3mBYi,161.000,2iset8PVX4jSTSEH,186.000,obTLIQc2u6K1oipM,195.000,Kxg/hrv/euEuhbOE,310.000,02xuA6TviChey6nJ,311.000,MwfJUdRQPbSNr9Io,313.000,Nsmpq/og5cO95HwJ,354.000,YHloJXirCx60SFnV
6,91,2026-03-25T14:24:35.624Z,89.000,10,6.000,Do8hC1pw172W9xvw,22.000,uT1RCshO88YMpxwE,39.000,2N4uTfQs/yo3mBYi,63.000,2iset8PVX4jSTSEH,70.000,obTLIQc2u6K1oipM,82.000,MwfJUdRQPbSNr9Io,89.000,Kxg/hrv/euEuhbOE,101.000,Nsmpq/og5cO95HwJ,103.000,YHloJXirCx60SFnV,104.000,02xuA6TviChey6nJ
6,92,2026-03-25T14:24:35.713Z,198.000,10,94.000,2N4uTfQs/yo3mBYi,105.000,uT1RCshO88YMpxwE,166.000,obTLIQc2u6K1oipM,179.000,2iset8PVX4jSTSEH,189.000,02xuA6TviChey6nJ,197.000,YHloJXirCx60SFnV,198.000,Nsmpq/og5cO95HwJ,203.000,Kxg/hrv/euEuhbOE,210.000,Do8hC1pw172W9xvw,224.000,MwfJUdRQPbSNr9Io
6,93,2026-03-25T14:24:35.911Z,216.000,10,99.000,2N4uTfQs/yo3mBYi,127.000,uT1RCshO88YMpxwE,178.000,2iset8PVX4jSTSEH,189.000,Kxg/hrv/euEuhbOE,192.000,Nsmpq/og5cO95HwJ,212.000,obTLIQc2u6K1oipM,216.000,MwfJUdRQPbSNr9Io,228.000,Do8hC1pw172W9xvw,231.000,02xuA6TviChey6nJ,235.000,YHloJXirCx60SFnV
6,94,2026-03-25T14:24:36.127Z,185.000,10,76.000,uT1RCshO88YMpxwE,80.000,2N4uTfQs/yo3mBYi,155.000,obTLIQc2u6K1oipM,159.000,2iset8PVX4jSTSEH,165.000,Do8hC1pw172W9xvw,182.000,Nsmpq/og5cO95HwJ,185.000,MwfJUdRQPbSNr9Io,187.000,02xuA6TviChey6nJ,193.000,YHloJXirCx60SFnV,199.000,Kxg/hrv/euEuhbOE
6,95,2026-03-25T14:24:36.312Z,210.000,10,90.000,uT1RCshO88YMpxwE,96.000,2N4uTfQs/yo3mBYi,162.000,Do8hC1pw172W9xvw,182.000,2iset8PVX4jSTSEH,187.000,Kxg/hrv/euEuhbOE,206.000,Nsmpq/og5cO95HwJ,210.000,MwfJUdRQPbSNr9Io,212.000,obTLIQc2u6K1oipM,215.000,02xuA6TviChey6nJ,235.000,YHloJXirCx60SFnV
6,96,2026-03-25T14:24:36.522Z,195.000,10,88.000,uT1RCshO88YMpxwE,95.000,2N4uTfQs/yo3mBYi,147.000,Do8hC1pw172W9xvw,159.000,2iset8PVX4jSTSEH,186.000,Nsmpq/og5cO95HwJ,190.000,YHloJXirCx60SFnV,195.000,Kxg/hrv/euEuhbOE,197.000,obTLIQc2u6K1oipM,198.000,MwfJUdRQPbSNr9Io,209.000,02xuA6TviChey6nJ
6,97,2026-03-25T14:24:36.717Z,213.000,10,83.000,uT1RCshO88YMpxwE,91.000,2N4uTfQs/yo3mBYi,171.000,Do8hC1pw172W9xvw,183.000,2iset8PVX4jSTSEH,202.000,Nsmpq/og5cO95HwJ,203.000,MwfJUdRQPbSNr9Io,213.000,obTLIQc2u6K1oipM,217.000,Kxg/hrv/euEuhbOE,218.000,YHloJXirCx60SFnV,235.000,02xuA6TviChey6nJ
6,98,2026-03-25T14:24:36.930Z,213.000,10,87.000,uT1RCshO88YMpxwE,89.000,2N4uTfQs/yo3mBYi,154.000,Do8hC1pw172W9xvw,167.000,2iset8PVX4jSTSEH,185.000,Kxg/hrv/euEuhbOE,188.000,Nsmpq/og5cO95HwJ,213.000,obTLIQc2u6K1oipM,214.000,YHloJXirCx60SFnV,232.000,MwfJUdRQPbSNr9Io,233.000,02xuA6TviChey6nJ
6,99,2026-03-25T14:24:37.143Z,193.000,10,74.000,uT1RCshO88YMpxwE,79.000,2N4uTfQs/yo3mBYi,143.000,Do8hC1pw172W9xvw,151.000,2iset8PVX4jSTSEH,162.000,MwfJUdRQPbSNr9Io,192.000,obTLIQc2u6K1oipM,193.000,02xuA6TviChey6nJ,206.000,YHloJXirCx60SFnV,207.000,Kxg/hrv/euEuhbOE,218.000,Nsmpq/og5cO95HwJ
6,100,2026-03-25T14:24:37.336Z,189.000,10,85.000,2N4uTfQs/yo3mBYi,92.000,uT1RCshO88YMpxwE,141.000,Do8hC1pw172W9xvw,151.000,2iset8PVX4jSTSEH,183.000,MwfJUdRQPbSNr9Io,188.000,obTLIQc2u6K1oipM,189.000,YHloJXirCx60SFnV,194.000,Nsmpq/og5cO95HwJ,205.000,02xuA6TviChey6nJ,217.000,Kxg/hrv/euEuhbOE
6,101,2026-03-25T14:24:37.525Z,208.000,10,95.000,2N4uTfQs/yo3mBYi,105.000,uT1RCshO88YMpxwE,149.000,Do8hC1pw172W9xvw,162.000,2iset8PVX4jSTSEH,203.000,02xuA6TviChey6nJ,206.000,obTLIQc2u6K1oipM,208.000,YHloJXirCx60SFnV,209.000,Nsmpq/og5cO95HwJ,235.000,MwfJUdRQPbSNr9Io,242.000,Kxg/hrv/euEuhbOE
6,102,2026-03-25T14:24:37.733Z,209.000,10,93.000,2N4uTfQs/yo3mBYi,94.000,uT1RCshO88YMpxwE,146.000,Do8hC1pw172W9xvw,170.000,2iset8PVX4jSTSEH,200.000,02xuA6TviChey6nJ,208.000,obTLIQc2u6K1oipM,209.000,Kxg/hrv/euEuhbOE,210.000,MwfJUdRQPbSNr9Io,220.000,YHloJXirCx60SFnV,221.000,Nsmpq/og5cO95HwJ
6,103,2026-03-25T14:24:37.942Z,200.000,10,87.000,2N4uTfQs/yo3mBYi,90.000,uT1RCshO88YMpxwE,148.000,Do8hC1pw172W9xvw,162.000,2iset8PVX4jSTSEH,174.000,MwfJUdRQPbSNr9Io,193.000,Nsmpq/og5cO95HwJ,200.000,02xuA6TviChey6nJ,208.000,YHloJXirCx60SFnV,213.000,Kxg/hrv/euEuhbOE,226.000,obTLIQc2u6K1oipM
6,104,2026-03-25T14:24:38.142Z,200.000,10,82.000,2N4uTfQs/yo3mBYi,83.000,uT1RCshO88YMpxwE,145.000,Nsmpq/og5cO95HwJ,155.000,Do8hC1pw172W9xvw,170.000,2iset8PVX4jSTSEH,181.000,MwfJUdRQPbSNr9Io,200.000,obTLIQc2u6K1oipM,223.000,02xuA6TviChey6nJ,225.000,YHloJXirCx60SFnV,240.000,Kxg/hrv/euEuhbOE
6,105,2026-03-25T14:24:38.342Z,219.000,10,90.000,uT1RCshO88YMpxwE,94.000,2N4uTfQs/yo3mBYi,157.000,2iset8PVX4jSTSEH,188.000,MwfJUdRQPbSNr9Io,193.000,Nsmpq/og5cO95HwJ,195.000,obTLIQc2u6K1oipM,219.000,Kxg/hrv/euEuhbOE,229.000,02xuA6TviChey6nJ,244.000,Do8hC1pw172W9xvw,265.000,YHloJXirCx60SFnV
6,106,2026-03-25T14:24:38.561Z,202.000,10,79.000,uT1RCshO88YMpxwE,125.000,2N4uTfQs/yo3mBYi,161.000,2iset8PVX4jSTSEH,169.000,MwfJUdRQPbSNr9Io,171.000,Do8hC1pw172W9xvw,199.000,Kxg/hrv/euEuhbOE,202.000,YHloJXirCx60SFnV,210.000,Nsmpq/og5cO95HwJ,213.000,obTLIQc2u6K1oipM,217.000,02xuA6TviChey6nJ
6,107,2026-03-25T14:24:38.763Z,184.000,10,65.000,uT1RCshO88YMpxwE,67.000,2N4uTfQs/yo3mBYi,127.000,Do8hC1pw172W9xvw,135.000,2iset8PVX4jSTSEH,170.000,Nsmpq/og5cO95HwJ,179.000,Kxg/hrv/euEuhbOE,184.000,02xuA6TviChey6nJ,186.000,obTLIQc2u6K1oipM,189.000,YHloJXirCx60SFnV,196.000,MwfJUdRQPbSNr9Io
6,108,2026-03-25T14:24:38.947Z,210.000,10,68.000,2N4uTfQs/yo3mBYi,91.000,uT1RCshO88YMpxwE,134.000,Do8hC1pw172W9xvw,158.000,2iset8PVX4jSTSEH,185.000,MwfJUdRQPbSNr9Io,199.000,Nsmpq/og5cO95HwJ,209.000,Kxg/hrv/euEuhbOE,211.000,YHloJXirCx60SFnV,212.000,obTLIQc2u6K1oipM,213.000,02xuA6TviChey6nJ
6,109,2026-03-25T14:24:39.157Z,195.000,10,76.000,uT1RCshO88YMpxwE,83.000,2N4uTfQs/yo3mBYi,122.000,Do8hC1pw172W9xvw,154.000,2iset8PVX4jSTSEH,177.000,obTLIQc2u6K1oipM,192.000,Nsmpq/og5cO95HwJ,195.000,MwfJUdRQPbSNr9Io,209.000,Kxg/hrv/euEuhbOE,233.000,YHloJXirCx60SFnV,235.000,02xuA6TviChey6nJ
6,110,2026-03-25T14:24:39.352Z,223.000,10,69.000,2N4uTfQs/yo3mBYi,136.000,uT1RCshO88YMpxwE,138.000,Do8hC1pw172W9xvw,178.000,MwfJUdRQPbSNr9Io,188.000,2iset8PVX4jSTSEH,220.000,Nsmpq/og5cO95HwJ,223.000,Kxg/hrv/euEuhbOE,225.000,YHloJXirCx60SFnV,228.000,obTLIQc2u6K1oipM,230.000,02xuA6TviChey6nJ
6,111,2026-03-25T14:24:39.575Z,166.000,10,47.000,uT1RCshO88YMpxwE,80.000,2N4uTfQs/yo3mBYi,110.000,Do8hC1pw172W9xvw,148.000,MwfJUdRQPbSNr9Io,152.000,Nsmpq/og5cO95HwJ,153.000,obTLIQc2u6K1oipM,166.000,Kxg/hrv/euEuhbOE,177.000,YHloJXirCx60SFnV,189.000,2iset8PVX4jSTSEH,207.000,02xuA6TviChey6nJ
6,112,2026-03-25T14:24:39.741Z,202.000,10,100.000,uT1RCshO88YMpxwE,110.000,2N4uTfQs/yo3mBYi,152.000,Do8hC1pw172W9xvw,164.000,MwfJUdRQPbSNr9Io,180.000,obTLIQc2u6K1oipM,182.000,Nsmpq/og5cO95HwJ,202.000,YHloJXirCx60SFnV,211.000,Kxg/hrv/euEuhbOE,220.000,2iset8PVX4jSTSEH,259.000,02xuA6TviChey6nJ
6,113,2026-03-25T14:24:39.943Z,198.000,10,96.000,uT1RCshO88YMpxwE,104.000,2N4uTfQs/yo3mBYi,134.000,Do8hC1pw172W9xvw,177.000,obTLIQc2u6K1oipM,178.000,MwfJUdRQPbSNr9Io,186.000,Nsmpq/og5cO95HwJ,197.000,Kxg/hrv/euEuhbOE,207.000,YHloJXirCx60SFnV,216.000,2iset8PVX4jSTSEH,321.000,02xuA6TviChey6nJ
6,114,2026-03-25T14:24:40.141Z,203.000,10,95.000,uT1RCshO88YMpxwE,124.000,2N4uTfQs/yo3mBYi,159.000,Do8hC1pw172W9xvw,184.000,obTLIQc2u6K1oipM,193.000,Nsmpq/og5cO95HwJ,198.000,MwfJUdRQPbSNr9Io,203.000,Kxg/hrv/euEuhbOE,226.000,2iset8PVX4jSTSEH,260.000,YHloJXirCx60SFnV,262.000,02xuA6TviChey6nJ
6,115,2026-03-25T14:24:40.344Z,195.000,10,108.000,uT1RCshO88YMpxwE,123.000,2N4uTfQs/yo3mBYi,149.000,Do8hC1pw172W9xvw,175.000,Nsmpq/og5cO95HwJ,190.000,Kxg/hrv/euEuhbOE,192.000,YHloJXirCx60SFnV,195.000,obTLIQc2u6K1oipM,202.000,MwfJUdRQPbSNr9Io,229.000,2iset8PVX4jSTSEH,251.000,02xuA6TviChey6nJ
6,116,2026-03-25T14:24:40.539Z,213.000,10,97.000,uT1RCshO88YMpxwE,135.000,2N4uTfQs/yo3mBYi,139.000,Do8hC1pw172W9xvw,175.000,MwfJUdRQPbSNr9Io,205.000,obTLIQc2u6K1oipM,208.000,Kxg/hrv/euEuhbOE,212.000,Nsmpq/og5cO95HwJ,216.000,YHloJXirCx60SFnV,221.000,2iset8PVX4jSTSEH,254.000,02xuA6TviChey6nJ
6,117,2026-03-25T14:24:40.752Z,198.000,10,84.000,uT1RCshO88YMpxwE,112.000,2N4uTfQs/yo3mBYi,166.000,Do8hC1pw172W9xvw,172.000,MwfJUdRQPbSNr9Io,179.000,obTLIQc2u6K1oipM,186.000,Nsmpq/og5cO95HwJ,198.000,YHloJXirCx60SFnV,217.000,Kxg/hrv/euEuhbOE,219.000,2iset8PVX4jSTSEH,243.000,02xuA6TviChey6nJ
6,118,2026-03-25T14:24:40.950Z,227.000,10,93.000,uT1RCshO88YMpxwE,115.000,2N4uTfQs/yo3mBYi,151.000,Do8hC1pw172W9xvw,191.000,obTLIQc2u6K1oipM,192.000,Kxg/hrv/euEuhbOE,195.000,2iset8PVX4jSTSEH,227.000,MwfJUdRQPbSNr9Io,229.000,Nsmpq/og5cO95HwJ,238.000,YHloJXirCx60SFnV,249.000,02xuA6TviChey6nJ
6,119,2026-03-25T14:24:41.177Z,182.000,10,59.000,uT1RCshO88YMpxwE,85.000,2N4uTfQs/yo3mBYi,111.000,Do8hC1pw172W9xvw,161.000,obTLIQc2u6K1oipM,168.000,Kxg/hrv/euEuhbOE,169.000,MwfJUdRQPbSNr9Io,182.000,Nsmpq/og5cO95HwJ,207.000,2iset8PVX4jSTSEH,225.000,YHloJXirCx60SFnV,230.000,02xuA6TviChey6nJ
6,120,2026-03-25T14:24:41.359Z,197.000,10,96.000,2N4uTfQs/yo3mBYi,100.000,uT1RCshO88YMpxwE,130.000,Do8hC1pw172W9xvw,178.000,obTLIQc2u6K1oipM,185.000,Kxg/hrv/euEuhbOE,191.000,MwfJUdRQPbSNr9Io,197.000,Nsmpq/og5cO95HwJ,216.000,2iset8PVX4jSTSEH,247.000,02xuA6TviChey6nJ,254.000,YHloJXirCx60SFnV
6,121,2026-03-25T14:24:41.556Z,209.000,10,100.000,uT1RCshO88YMpxwE,110.000,2N4uTfQs/yo3mBYi,146.000,Do8hC1pw172W9xvw,170.000,MwfJUdRQPbSNr9Io,180.000,Nsmpq/og5cO95HwJ,183.000,obTLIQc2u6K1oipM,208.000,Kxg/hrv/euEuhbOE,215.000,2iset8PVX4jSTSEH,253.000,02xuA6TviChey6nJ,262.000,YHloJXirCx60SFnV
6,122,2026-03-25T14:24:41.765Z,185.000,10,85.000,uT1RCshO88YMpxwE,102.000,2N4uTfQs/yo3mBYi,136.000,Do8hC1pw172W9xvw,165.000,obTLIQc2u6K1oipM,167.000,MwfJUdRQPbSNr9Io,178.000,Kxg/hrv/euEuhbOE,184.000,Nsmpq/og5cO95HwJ,190.000,YHloJXirCx60SFnV,211.000,2iset8PVX4jSTSEH,243.000,02xuA6TviChey6nJ
6,123,2026-03-25T14:24:41.950Z,206.000,10,108.000,uT1RCshO88YMpxwE,119.000,2N4uTfQs/yo3mBYi,158.000,Do8hC1pw172W9xvw,185.000,Nsmpq/og5cO95HwJ,188.000,Kxg/hrv/euEuhbOE,194.000,obTLIQc2u6K1oipM,206.000,MwfJUdRQPbSNr9Io,227.000,2iset8PVX4jSTSEH,236.000,YHloJXirCx60SFnV,259.000,02xuA6TviChey6nJ
6,124,2026-03-25T14:24:42.156Z,247.000,10,233.000,2N4uTfQs/yo3mBYi,237.000,Do8hC1pw172W9xvw,239.000,uT1RCshO88YMpxwE,242.000,Kxg/hrv/euEuhbOE,244.000,MwfJUdRQPbSNr9Io,245.000,YHloJXirCx60SFnV,247.000,obTLIQc2u6K1oipM,260.000,02xuA6TviChey6nJ,278.000,Nsmpq/og5cO95HwJ,301.000,2iset8PVX4jSTSEH
6,125,2026-03-25T14:24:42.403Z,177.000,9,87.000,uT1RCshO88YMpxwE,100.000,2N4uTfQs/yo3mBYi,124.000,Do8hC1pw172W9xvw,145.000,Kxg/hrv/euEuhbOE,146.000,obTLIQc2u6K1oipM,147.000,MwfJUdRQPbSNr9Io,177.000,YHloJXirCx60SFnV,199.000,02xuA6TviChey6nJ,200.000,Nsmpq/og5cO95HwJ,,
6,126,2026-03-25T14:24:42.580Z,174.000,10,59.000,2iset8PVX4jSTSEH,99.000,2N4uTfQs/yo3mBYi,122.000,uT1RCshO88YMpxwE,156.000,MwfJUdRQPbSNr9Io,157.000,Do8hC1pw172W9xvw,166.000,Kxg/hrv/euEuhbOE,174.000,YHloJXirCx60SFnV,175.000,obTLIQc2u6K1oipM,212.000,02xuA6TviChey6nJ,229.000,Nsmpq/og5cO95HwJ
6,127,2026-03-25T14:24:42.754Z,202.000,10,96.000,2iset8PVX4jSTSEH,116.000,2N4uTfQs/yo3mBYi,145.000,uT1RCshO88YMpxwE,180.000,MwfJUdRQPbSNr9Io,189.000,Do8hC1pw172W9xvw,196.000,obTLIQc2u6K1oipM,202.000,Kxg/hrv/euEuhbOE,209.000,YHloJXirCx60SFnV,255.000,02xuA6TviChey6nJ,271.000,Nsmpq/og5cO95HwJ
6,128,2026-03-25T14:24:42.956Z,197.000,10,93.000,2iset8PVX4jSTSEH,131.000,2N4uTfQs/yo3mBYi,148.000,uT1RCshO88YMpxwE,150.000,Do8hC1pw172W9xvw,177.000,MwfJUdRQPbSNr9Io,193.000,obTLIQc2u6K1oipM,197.000,YHloJXirCx60SFnV,203.000,Kxg/hrv/euEuhbOE,257.000,Nsmpq/og5cO95HwJ,259.000,02xuA6TviChey6nJ
6,129,2026-03-25T14:24:43.153Z,205.000,10,105.000,2iset8PVX4jSTSEH,132.000,2N4uTfQs/yo3mBYi,138.000,uT1RCshO88YMpxwE,150.000,Do8hC1pw172W9xvw,202.000,MwfJUdRQPbSNr9Io,203.000,Kxg/hrv/euEuhbOE,205.000,obTLIQc2u6K1oipM,214.000,YHloJXirCx60SFnV,261.000,Nsmpq/og5cO95HwJ,265.000,02xuA6TviChey6nJ
6,130,2026-03-25T14:24:43.358Z,203.000,10,123.000,2iset8PVX4jSTSEH,167.000,Do8hC1pw172W9xvw,174.000,uT1RCshO88YMpxwE,178.000,2N4uTfQs/yo3mBYi,186.000,MwfJUdRQPbSNr9Io,200.000,obTLIQc2u6K1oipM,203.000,Kxg/hrv/euEuhbOE,229.000,02xuA6TviChey6nJ,243.000,YHloJXirCx60SFnV,253.000,Nsmpq/og5cO95HwJ
6,131,2026-03-25T14:24:43.561Z,199.000,10,104.000,2iset8PVX4jSTSEH,151.000,2N4uTfQs/yo3mBYi,164.000,uT1RCshO88YMpxwE,175.000,Do8hC1pw172W9xvw,188.000,obTLIQc2u6K1oipM,194.000,Kxg/hrv/euEuhbOE,199.000,MwfJUdRQPbSNr9Io,224.000,02xuA6TviChey6nJ,233.000,YHloJXirCx60SFnV,240.000,Nsmpq/og5cO95HwJ
6,132,2026-03-25T14:24:43.760Z,216.000,10,120.000,2iset8PVX4jSTSEH,131.000,uT1RCshO88YMpxwE,170.000,2N4uTfQs/yo3mBYi,185.000,Do8hC1pw172W9xvw,197.000,MwfJUdRQPbSNr9Io,215.000,YHloJXirCx60SFnV,216.000,obTLIQc2u6K1oipM,228.000,Nsmpq/og5cO95HwJ,231.000,02xuA6TviChey6nJ,234.000,Kxg/hrv/euEuhbOE
6,133,2026-03-25T14:24:43.976Z,190.000,10,93.000,2iset8PVX4jSTSEH,108.000,2N4uTfQs/yo3mBYi,110.000,uT1RCshO88YMpxwE,171.000,Do8hC1pw172W9xvw,173.000,MwfJUdRQPbSNr9Io,188.000,obTLIQc2u6K1oipM,190.000,Kxg/hrv/euEuhbOE,201.000,YHloJXirCx60SFnV,231.000,02xuA6TviChey6nJ,257.000,Nsmpq/og5cO95HwJ
6,134,2026-03-25T14:24:44.166Z,206.000,10,113.000,2iset8PVX4jSTSEH,151.000,uT1RCshO88YMpxwE,157.000,2N4uTfQs/yo3mBYi,194.000,Do8hC1pw172W9xvw,196.000,Kxg/hrv/euEuhbOE,199.000,MwfJUdRQPbSNr9Io,206.000,obTLIQc2u6K1oipM,213.000,YHloJXirCx60SFnV,261.000,Nsmpq/og5cO95HwJ,346.000,02xuA6TviChey6nJ
6,135,2026-03-25T14:24:44.372Z,191.000,9,98.000,2iset8PVX4jSTSEH,112.000,2N4uTfQs/yo3mBYi,148.000,Do8hC1pw172W9xvw,158.000,uT1RCshO88YMpxwE,186.000,obTLIQc2u6K1oipM,189.000,Kxg/hrv/euEuhbOE,191.000,MwfJUdRQPbSNr9Io,193.000,YHloJXirCx60SFnV,245.000,Nsmpq/og5cO95HwJ,,
6,136,2026-03-25T14:24:44.563Z,198.000,10,110.000,2iset8PVX4jSTSEH,123.000,02xuA6TviChey6nJ,153.000,2N4uTfQs/yo3mBYi,162.000,uT1RCshO88YMpxwE,189.000,obTLIQc2u6K1oipM,193.000,Do8hC1pw172W9xvw,198.000,Kxg/hrv/euEuhbOE,200.000,YHloJXirCx60SFnV,201.000,MwfJUdRQPbSNr9Io,260.000,Nsmpq/og5cO95HwJ
6,137,2026-03-25T14:24:44.761Z,210.000,10,109.000,2iset8PVX4jSTSEH,144.000,uT1RCshO88YMpxwE,147.000,02xuA6TviChey6nJ,162.000,2N4uTfQs/yo3mBYi,187.000,Do8hC1pw172W9xvw,208.000,YHloJXirCx60SFnV,210.000,Kxg/hrv/euEuhbOE,211.000,obTLIQc2u6K1oipM,220.000,MwfJUdRQPbSNr9Io,275.000,Nsmpq/og5cO95HwJ
6,138,2026-03-25T14:24:44.971Z,197.000,10,103.000,2iset8PVX4jSTSEH,158.000,uT1RCshO88YMpxwE,167.000,Do8hC1pw172W9xvw,168.000,2N4uTfQs/yo3mBYi,170.000,02xuA6TviChey6nJ,195.000,MwfJUdRQPbSNr9Io,197.000,obTLIQc2u6K1oipM,201.000,Kxg/hrv/euEuhbOE,220.000,YHloJXirCx60SFnV,259.000,Nsmpq/og5cO95HwJ
6,139,2026-03-25T14:24:45.168Z,201.000,10,100.000,2iset8PVX4jSTSEH,139.000,02xuA6TviChey6nJ,158.000,2N4uTfQs/yo3mBYi,167.000,uT1RCshO88YMpxwE,181.000,Do8hC1pw172W9xvw,198.000,obTLIQc2u6K1oipM,201.000,MwfJUdRQPbSNr9Io,210.000,Kxg/hrv/euEuhbOE,219.000,YHloJXirCx60SFnV,226.000,Nsmpq/og5cO95HwJ
6,140,2026-03-25T14:24:45.369Z,206.000,10,115.000,2iset8PVX4jSTSEH,148.000,2N4uTfQs/yo3mBYi,156.000,02xuA6TviChey6nJ,170.000,uT1RCshO88YMpxwE,185.000,Do8hC1pw172W9xvw,204.000,MwfJUdRQPbSNr9Io,206.000,obTLIQc2u6K1oipM,210.000,YHloJXirCx60SFnV,214.000,Kxg/hrv/euEuhbOE,271.000,Nsmpq/og5cO95HwJ
6,141,2026-03-25T14:24:45.575Z,198.000,10,109.000,2iset8PVX4jSTSEH,129.000,02xuA6TviChey6nJ,132.000,2N4uTfQs/yo3mBYi,138.000,uT1RCshO88YMpxwE,184.000,Do8hC1pw172W9xvw,195.000,obTLIQc2u6K1oipM,197.000,Kxg/hrv/euEuhbOE,199.000,MwfJUdRQPbSNr9Io,212.000,YHloJXirCx60SFnV,236.000,Nsmpq/og5cO95HwJ
6,142,2026-03-25T14:24:45.773Z,208.000,10,113.000,2iset8PVX4jSTSEH,137.000,02xuA6TviChey6nJ,157.000,uT1RCshO88YMpxwE,172.000,2N4uTfQs/yo3mBYi,177.000,Do8hC1pw172W9xvw,202.000,obTLIQc2u6K1oipM,208.000,YHloJXirCx60SFnV,211.000,Kxg/hrv/euEuhbOE,223.000,MwfJUdRQPbSNr9Io,274.000,Nsmpq/og5cO95HwJ
6,143,2026-03-25T14:24:45.981Z,196.000,9,97.000,2iset8PVX4jSTSEH,143.000,uT1RCshO88YMpxwE,156.000,02xuA6TviChey6nJ,157.000,2N4uTfQs/yo3mBYi,171.000,Do8hC1pw172W9xvw,183.000,MwfJUdRQPbSNr9Io,196.000,Kxg/hrv/euEuhbOE,198.000,obTLIQc2u6K1oipM,293.000,YHloJXirCx60SFnV,,
6,144,2026-03-25T14:24:46.177Z,190.000,10,84.000,Nsmpq/og5cO95HwJ,103.000,2iset8PVX4jSTSEH,135.000,02xuA6TviChey6nJ,151.000,2N4uTfQs/yo3mBYi,164.000,uT1RCshO88YMpxwE,170.000,Do8hC1pw172W9xvw,190.000,YHloJXirCx60SFnV,192.000,Kxg/hrv/euEuhbOE,197.000,obTLIQc2u6K1oipM,203.000,MwfJUdRQPbSNr9Io
6,145,2026-03-25T14:24:46.367Z,204.000,10,75.000,Nsmpq/og5cO95HwJ,116.000,2iset8PVX4jSTSEH,137.000,2N4uTfQs/yo3mBYi,164.000,02xuA6TviChey6nJ,168.000,uT1RCshO88YMpxwE,180.000,Do8hC1pw172W9xvw,203.000,MwfJUdRQPbSNr9Io,211.000,obTLIQc2u6K1oipM,212.000,Kxg/hrv/euEuhbOE,272.000,YHloJXirCx60SFnV
6,146,2026-03-25T14:24:46.571Z,223.000,10,126.000,2iset8PVX4jSTSEH,131.000,Nsmpq/og5cO95HwJ,148.000,2N4uTfQs/yo3mBYi,153.000,02xuA6TviChey6nJ,171.000,uT1RCshO88YMpxwE,208.000,Kxg/hrv/euEuhbOE,211.000,obTLIQc2u6K1oipM,224.000,MwfJUdRQPbSNr9Io,225.000,Do8hC1pw172W9xvw,227.000,YHloJXirCx60SFnV
6,147,2026-03-25T14:24:46.794Z,193.000,10,64.000,Nsmpq/og5cO95HwJ,91.000,2iset8PVX4jSTSEH,106.000,02xuA6TviChey6nJ,133.000,uT1RCshO88YMpxwE,155.000,2N4uTfQs/yo3mBYi,175.000,obTLIQc2u6K1oipM,193.000,Kxg/hrv/euEuhbOE,194.000,YHloJXirCx60SFnV,196.000,Do8hC1pw172W9xvw,200.000,MwfJUdRQPbSNr9Io
6,148,2026-03-25T14:24:46.987Z,194.000,10,78.000,Nsmpq/og5cO95HwJ,103.000,2iset8PVX4jSTSEH,130.000,02xuA6TviChey6nJ,139.000,2N4uTfQs/yo3mBYi,141.000,uT1RCshO88YMpxwE,187.000,Kxg/hrv/euEuhbOE,194.000,MwfJUdRQPbSNr9Io,195.000,YHloJXirCx60SFnV,200.000,obTLIQc2u6K1oipM,200.000,Do8hC1pw172W9xvw
6,149,2026-03-25T14:24:47.181Z,196.000,10,75.000,Nsmpq/og5cO95HwJ,107.000,02xuA6TviChey6nJ,111.000,2iset8PVX4jSTSEH,146.000,2N4uTfQs/yo3mBYi,150.000,uT1RCshO88YMpxwE,184.000,MwfJUdRQPbSNr9Io,196.000,obTLIQc2u6K1oipM,198.000,Kxg/hrv/euEuhbOE,201.000,Do8hC1pw172W9xvw,206.000,YHloJXirCx60SFnV
6,150,2026-03-25T14:24:47.377Z,201.000,10,107.000,Nsmpq/og5cO95HwJ,117.000,2iset8PVX4jSTSEH,136.000,uT1RCshO88YMpxwE,147.000,02xuA6TviChey6nJ,151.000,2N4uTfQs/yo3mBYi,199.000,obTLIQc2u6K1oipM,201.000,YHloJXirCx60SFnV,206.000,MwfJUdRQPbSNr9Io,210.000,Do8hC1pw172W9xvw,214.000,Kxg/hrv/euEuhbOE
6,151,2026-03-25T14:24:47.578Z,204.000,10,92.000,Nsmpq/og5cO95HwJ,120.000,2iset8PVX4jSTSEH,121.000,02xuA6TviChey6nJ,159.000,2N4uTfQs/yo3mBYi,199.000,Do8hC1pw172W9xvw,203.000,Kxg/hrv/euEuhbOE,204.000,obTLIQc2u6K1oipM,224.000,YHloJXirCx60SFnV,231.000,uT1RCshO88YMpxwE,242.000,MwfJUdRQPbSNr9Io
6,152,2026-03-25T14:24:47.782Z,203.000,10,100.000,Nsmpq/og5cO95HwJ,113.000,2iset8PVX4jSTSEH,155.000,2N4uTfQs/yo3mBYi,159.000,02xuA6TviChey6nJ,169.000,uT1RCshO88YMpxwE,197.000,YHloJXirCx60SFnV,203.000,Do8hC1pw172W9xvw,205.000,MwfJUdRQPbSNr9Io,207.000,obTLIQc2u6K1oipM,220.000,Kxg/hrv/euEuhbOE
6,153,2026-03-25T14:24:47.985Z,203.000,10,112.000,2iset8PVX4jSTSEH,121.000,02xuA6TviChey6nJ,154.000,uT1RCshO88YMpxwE,155.000,Nsmpq/og5cO95HwJ,157.000,2N4uTfQs/yo3mBYi,198.000,Do8hC1pw172W9xvw,203.000,YHloJXirCx60SFnV,204.000,MwfJUdRQPbSNr9Io,206.000,obTLIQc2u6K1oipM,209.000,Kxg/hrv/euEuhbOE
6,154,2026-03-25T14:24:48.188Z,203.000,10,128.000,2N4uTfQs/yo3mBYi,130.000,2iset8PVX4jSTSEH,133.000,Nsmpq/og5cO95HwJ,150.000,uT1RCshO88YMpxwE,175.000,02xuA6TviChey6nJ,199.000,obTLIQc2u6K1oipM,203.000,Kxg/hrv/euEuhbOE,212.000,MwfJUdRQPbSNr9Io,221.000,YHloJXirCx60SFnV,223.000,Do8hC1pw172W9xvw
6,155,2026-03-25T14:24:48.391Z,199.000,10,91.000,Nsmpq/og5cO95HwJ,105.000,2iset8PVX4jSTSEH,127.000,02xuA6TviChey6nJ,151.000,2N4uTfQs/yo3mBYi,174.000,uT1RCshO88YMpxwE,193.000,obTLIQc2u6K1oipM,199.000,Do8hC1pw172W9xvw,200.000,MwfJUdRQPbSNr9Io,206.000,YHloJXirCx60SFnV,208.000,Kxg/hrv/euEuhbOE
6,156,2026-03-25T14:24:48.590Z,205.000,10,93.000,Nsmpq/og5cO95HwJ,107.000,2iset8PVX4jSTSEH,134.000,02xuA6TviChey6nJ,144.000,2N4uTfQs/yo3mBYi,183.000,uT1RCshO88YMpxwE,203.000,Do8hC1pw172W9xvw,204.000,Kxg/hrv/euEuhbOE,206.000,YHloJXirCx60SFnV,209.000,MwfJUdRQPbSNr9Io,247.000,obTLIQc2u6K1oipM
6,157,2026-03-25T14:24:48.795Z,185.000,10,102.000,2iset8PVX4jSTSEH,110.000,Nsmpq/og5cO95HwJ,121.000,02xuA6TviChey6nJ,144.000,2N4uTfQs/yo3mBYi,178.000,uT1RCshO88YMpxwE,182.000,MwfJUdRQPbSNr9Io,185.000,Do8hC1pw172W9xvw,191.000,Kxg/hrv/euEuhbOE,202.000,YHloJXirCx60SFnV,252.000,obTLIQc2u6K1oipM
6,158,2026-03-25T14:24:48.980Z,207.000,10,115.000,2iset8PVX4jSTSEH,120.000,Nsmpq/og5cO95HwJ,143.000,02xuA6TviChey6nJ,173.000,2N4uTfQs/yo3mBYi,190.000,uT1RCshO88YMpxwE,200.000,Do8hC1pw172W9xvw,207.000,MwfJUdRQPbSNr9Io,209.000,Kxg/hrv/euEuhbOE,230.000,YHloJXirCx60SFnV,268.000,obTLIQc2u6K1oipM
6,159,2026-03-25T14:24:49.187Z,200.000,10,121.000,02xuA6TviChey6nJ,127.000,2iset8PVX4jSTSEH,159.000,Nsmpq/og5cO95HwJ,172.000,uT1RCshO88YMpxwE,185.000,2N4uTfQs/yo3mBYi,193.000,Kxg/hrv/euEuhbOE,200.000,MwfJUdRQPbSNr9Io,224.000,YHloJXirCx60SFnV,230.000,Do8hC1pw172W9xvw,262.000,obTLIQc2u6K1oipM
6,160,2026-03-25T14:24:49.387Z,205.000,10,116.000,2iset8PVX4jSTSEH,148.000,02xuA6TviChey6nJ,151.000,Nsmpq/og5cO95HwJ,155.000,2N4uTfQs/yo3mBYi,178.000,uT1RCshO88YMpxwE,197.000,Kxg/hrv/euEuhbOE,205.000,MwfJUdRQPbSNr9Io,207.000,Do8hC1pw172W9xvw,213.000,YHloJXirCx60SFnV,269.000,obTLIQc2u6K1oipM
6,161,2026-03-25T14:24:49.592Z,206.000,10,102.000,Nsmpq/og5cO95HwJ,112.000,2iset8PVX4jSTSEH,148.000,2N4uTfQs/yo3mBYi,179.000,uT1RCshO88YMpxwE,204.000,Kxg/hrv/euEuhbOE,205.000,Do8hC1pw172W9xvw,206.000,MwfJUdRQPbSNr9Io,247.000,YHloJXirCx60SFnV,248.000,02xuA6TviChey6nJ,274.000,obTLIQc2u6K1oipM
6,162,2026-03-25T14:24:49.798Z,197.000,10,109.000,Nsmpq/og5cO95HwJ,114.000,2iset8PVX4jSTSEH,151.000,2N4uTfQs/yo3mBYi,157.000,uT1RCshO88YMpxwE,170.000,02xuA6TviChey6nJ,193.000,YHloJXirCx60SFnV,197.000,MwfJUdRQPbSNr9Io,197.000,Kxg/hrv/euEuhbOE,205.000,Do8hC1pw172W9xvw,268.000,obTLIQc2u6K1oipM
6,163,2026-03-25T14:24:49.995Z,209.000,10,112.000,2iset8PVX4jSTSEH,126.000,02xuA6TviChey6nJ,130.000,Nsmpq/og5cO95HwJ,155.000,uT1RCshO88YMpxwE,204.000,MwfJUdRQPbSNr9Io,207.000,Do8hC1pw172W9xvw,209.000,2N4uTfQs/yo3mBYi,222.000,Kxg/hrv/euEuhbOE,226.000,YHloJXirCx60SFnV,264.000,obTLIQc2u6K1oipM
6,164,2026-03-25T14:24:50.204Z,195.000,10,91.000,Nsmpq/og5cO95HwJ,107.000,2iset8PVX4jSTSEH,146.000,02xuA6TviChey6nJ,174.000,uT1RCshO88YMpxwE,185.000,2N4uTfQs/yo3mBYi,187.000,Do8hC1pw172W9xvw,195.000,MwfJUdRQPbSNr9Io,197.000,Kxg/hrv/euEuhbOE,208.000,YHloJXirCx60SFnV,230.000,obTLIQc2u6K1oipM
6,165,2026-03-25T14:24:50.399Z,212.000,10,106.000,2iset8PVX4jSTSEH,169.000,02xuA6TviChey6nJ,170.000,uT1RCshO88YMpxwE,173.000,Nsmpq/og5cO95HwJ,195.000,MwfJUdRQPbSNr9Io,209.000,YHloJXirCx60SFnV,212.000,2N4uTfQs/yo3mBYi,213.000,Kxg/hrv/euEuhbOE,252.000,Do8hC1pw172W9xvw,263.000,obTLIQc2u6K1oipM
6,166,2026-03-25T14:24:50.611Z,193.000,10,94.000,Nsmpq/og5cO95HwJ,99.000,2iset8PVX4jSTSEH,153.000,02xuA6TviChey6nJ,172.000,uT1RCshO88YMpxwE,174.000,2N4uTfQs/yo3mBYi,191.000,MwfJUdRQPbSNr9Io,193.000,Kxg/hrv/euEuhbOE,194.000,YHloJXirCx60SFnV,195.000,Do8hC1pw172W9xvw,241.000,obTLIQc2u6K1oipM
6,167,2026-03-25T14:24:50.804Z,219.000,10,132.000,2iset8PVX4jSTSEH,161.000,02xuA6TviChey6nJ,167.000,Nsmpq/og5cO95HwJ,179.000,uT1RCshO88YMpxwE,208.000,MwfJUdRQPbSNr9Io,210.000,2N4uTfQs/yo3mBYi,218.000,YHloJXirCx60SFnV,220.000,Kxg/hrv/euEuhbOE,223.000,Do8hC1pw172W9xvw,266.000,obTLIQc2u6K1oipM
6,168,2026-03-25T14:24:51.023Z,177.000,10,87.000,Nsmpq/og5cO95HwJ,90.000,2iset8PVX4jSTSEH,135.000,02xuA6TviChey6nJ,147.000,uT1RCshO88YMpxwE,165.000,2N4uTfQs/yo3mBYi,175.000,Do8hC1pw172W9xvw,176.000,Kxg/hrv/euEuhbOE,181.000,MwfJUdRQPbSNr9Io,185.000,YHloJXirCx60SFnV,224.000,obTLIQc2u6K1oipM
6,169,2026-03-25T14:24:51.200Z,205.000,10,100.000,Nsmpq/og5cO95HwJ,110.000,2iset8PVX4jSTSEH,147.000,02xuA6TviChey6nJ,176.000,uT1RCshO88YMpxwE,195.000,2N4uTfQs/yo3mBYi,203.000,Do8hC1pw172W9xvw,205.000,MwfJUdRQPbSNr9Io,206.000,YHloJXirCx60SFnV,209.000,Kxg/hrv/euEuhbOE,258.000,obTLIQc2u6K1oipM
6,170,2026-03-25T14:24:51.405Z,194.000,10,102.000,Nsmpq/og5cO95HwJ,106.000,2iset8PVX4jSTSEH,148.000,02xuA6TviChey6nJ,157.000,2N4uTfQs/yo3mBYi,179.000,uT1RCshO88YMpxwE,188.000,Do8hC1pw172W9xvw,193.000,MwfJUdRQPbSNr9Io,212.000,Kxg/hrv/euEuhbOE,227.000,YHloJXirCx60SFnV,260.000,obTLIQc2u6K1oipM
6,171,2026-03-25T14:24:51.599Z,210.000,10,110.000,Nsmpq/og5cO95HwJ,118.000,02xuA6TviChey6nJ,119.000,2iset8PVX4jSTSEH,181.000,uT1RCshO88YMpxwE,182.000,2N4uTfQs/yo3mBYi,208.000,MwfJUdRQPbSNr9Io,209.000,YHloJXirCx60SFnV,221.000,Do8hC1pw172W9xvw,225.000,Kxg/hrv/euEuhbOE,255.000,obTLIQc2u6K1oipM
6,172,2026-03-25T14:24:51.809Z,194.000,10,89.000,Nsmpq/og5cO95HwJ,102.000,2iset8PVX4jSTSEH,130.000,02xuA6TviChey6nJ,138.000,uT1RCshO88YMpxwE,181.000,MwfJUdRQPbSNr9Io,183.000,2N4uTfQs/yo3mBYi,193.000,Do8hC1pw172W9xvw,195.000,Kxg/hrv/euEuhbOE,238.000,obTLIQc2u6K1oipM,257.000,YHloJXirCx60SFnV
6,173,2026-03-25T14:24:52.003Z,209.000,10,109.000,2iset8PVX4jSTSEH,146.000,02xuA6TviChey6nJ,156.000,Nsmpq/og5cO95HwJ,180.000,uT1RCshO88YMpxwE,195.000,Do8hC1pw172W9xvw,208.000,2N4uTfQs/yo3mBYi,209.000,Kxg/hrv/euEuhbOE,214.000,MwfJUdRQPbSNr9Io,239.000,YHloJXirCx60SFnV,264.000,obTLIQc2u6K1oipM
6,174,2026-03-25T14:24:52.212Z,206.000,10,101.000,Nsmpq/og5cO95HwJ,110.000,02xuA6TviChey6nJ,113.000,2iset8PVX4jSTSEH,160.000,uT1RCshO88YMpxwE,189.000,MwfJUdRQPbSNr9Io,204.000,2N4uTfQs/yo3mBYi,206.000,Do8hC1pw172W9xvw,207.000,YHloJXirCx60SFnV,213.000,Kxg/hrv/euEuhbOE,259.000,obTLIQc2u6K1oipM
6,175,2026-03-25T14:24:52.418Z,194.000,10,85.000,Nsmpq/og5cO95HwJ,104.000,2iset8PVX4jSTSEH,139.000,02xuA6TviChey6nJ,161.000,uT1RCshO88YMpxwE,185.000,MwfJUdRQPbSNr9Io,191.000,2N4uTfQs/yo3mBYi,194.000,Kxg/hrv/euEuhbOE,197.000,Do8hC1pw172W9xvw,212.000,YHloJXirCx60SFnV,258.000,obTLIQc2u6K1oipM
6,176,2026-03-25T14:24:52.612Z,203.000,10,107.000,Nsmpq/og5cO95HwJ,108.000,2iset8PVX4jSTSEH,153.000,02xuA6TviChey6nJ,172.000,uT1RCshO88YMpxwE,187.000,MwfJUdRQPbSNr9Io,189.000,2N4uTfQs/yo3mBYi,203.000,Kxg/hrv/euEuhbOE,208.000,Do8hC1pw172W9xvw,212.000,YHloJXirCx60SFnV,252.000,obTLIQc2u6K1oipM
6,177,2026-03-25T14:24:52.815Z,203.000,10,94.000,Nsmpq/og5cO95HwJ,103.000,2iset8PVX4jSTSEH,154.000,02xuA6TviChey6nJ,166.000,2N4uTfQs/yo3mBYi,174.000,uT1RCshO88YMpxwE,186.000,Do8hC1pw172W9xvw,203.000,Kxg/hrv/euEuhbOE,203.000,MwfJUdRQPbSNr9Io,252.000,obTLIQc2u6K1oipM,261.000,YHloJXirCx60SFnV
6,178,2026-03-25T14:24:53.018Z,206.000,10,106.000,2iset8PVX4jSTSEH,134.000,02xuA6TviChey6nJ,158.000,2N4uTfQs/yo3mBYi,164.000,Nsmpq/og5cO95HwJ,168.000,uT1RCshO88YMpxwE,196.000,Do8hC1pw172W9xvw,206.000,MwfJUdRQPbSNr9Io,219.000,Kxg/hrv/euEuhbOE,260.000,YHloJXirCx60SFnV,364.000,obTLIQc2u6K1oipM
6,179,2026-03-25T14:24:53.224Z,203.000,10,111.000,2iset8PVX4jSTSEH,127.000,02xuA6TviChey6nJ,142.000,Nsmpq/og5cO95HwJ,157.000,uT1RCshO88YMpxwE,181.000,2N4uTfQs/yo3mBYi,192.000,MwfJUdRQPbSNr9Io,202.000,Do8hC1pw172W9xvw,211.000,Kxg/hrv/euEuhbOE,220.000,YHloJXirCx60SFnV,253.000,obTLIQc2u6K1oipM
6,180,2026-03-25T14:24:53.427Z,215.000,10,100.000,2iset8PVX4jSTSEH,146.000,02xuA6TviChey6nJ,150.000,Nsmpq/og5cO95HwJ,180.000,MwfJUdRQPbSNr9Io,187.000,Do8hC1pw172W9xvw,188.000,2N4uTfQs/yo3mBYi,215.000,Kxg/hrv/euEuhbOE,226.000,uT1RCshO88YMpxwE,246.000,obTLIQc2u6K1oipM,248.000,YHloJXirCx60SFnV
6,181,2026-03-25T14:24:53.642Z,193.000,10,90.000,2iset8PVX4jSTSEH,129.000,02xuA6TviChey6nJ,134.000,Nsmpq/og5cO95HwJ,177.000,2N4uTfQs/yo3mBYi,189.000,MwfJUdRQPbSNr9Io,191.000,uT1RCshO88YMpxwE,193.000,Do8hC1pw172W9xvw,198.000,Kxg/hrv/euEuhbOE,224.000,YHloJXirCx60SFnV,242.000,obTLIQc2u6K1oipM
6,182,2026-03-25T14:24:53.835Z,213.000,10,94.000,02xuA6TviChey6nJ,98.000,2iset8PVX4jSTSEH,120.000,Nsmpq/og5cO95HwJ,166.000,2N4uTfQs/yo3mBYi,179.000,MwfJUdRQPbSNr9Io,186.000,Do8hC1pw172W9xvw,213.000,uT1RCshO88YMpxwE,214.000,Kxg/hrv/euEuhbOE,236.000,YHloJXirCx60SFnV,244.000,obTLIQc2u6K1oipM
6,183,2026-03-25T14:24:54.048Z,186.000,10,84.000,2iset8PVX4jSTSEH,120.000,02xuA6TviChey6nJ,141.000,Nsmpq/og5cO95HwJ,149.000,2N4uTfQs/yo3mBYi,169.000,Do8hC1pw172W9xvw,170.000,MwfJUdRQPbSNr9Io,185.000,uT1RCshO88YMpxwE,194.000,Kxg/hrv/euEuhbOE,211.000,YHloJXirCx60SFnV,379.000,obTLIQc2u6K1oipM
6,184,2026-03-25T14:24:54.234Z,217.000,10,106.000,2iset8PVX4jSTSEH,129.000,Nsmpq/og5cO95HwJ,161.000,02xuA6TviChey6nJ,190.000,2N4uTfQs/yo3mBYi,196.000,MwfJUdRQPbSNr9Io,215.000,uT1RCshO88YMpxwE,217.000,Do8hC1pw172W9xvw,222.000,Kxg/hrv/euEuhbOE,229.000,YHloJXirCx60SFnV,303.000,obTLIQc2u6K1oipM
6,185,2026-03-25T14:24:54.451Z,202.000,10,77.000,2iset8PVX4jSTSEH,100.000,Nsmpq/og5cO95HwJ,117.000,02xuA6TviChey6nJ,155.000,2N4uTfQs/yo3mBYi,156.000,Do8hC1pw172W9xvw,165.000,MwfJUdRQPbSNr9Io,202.000,Kxg/hrv/euEuhbOE,203.000,YHloJXirCx60SFnV,205.000,uT1RCshO88YMpxwE,244.000,obTLIQc2u6K1oipM
6,186,2026-03-25T14:24:54.653Z,191.000,10,74.000,2iset8PVX4jSTSEH,110.000,Nsmpq/og5cO95HwJ,126.000,02xuA6TviChey6nJ,163.000,MwfJUdRQPbSNr9Io,173.000,2N4uTfQs/yo3mBYi,174.000,Do8hC1pw172W9xvw,191.000,uT1RCshO88YMpxwE,197.000,YHloJXirCx60SFnV,212.000,Kxg/hrv/euEuhbOE,233.000,obTLIQc2u6K1oipM
6,187,2026-03-25T14:24:54.844Z,211.000,10,91.000,2iset8PVX4jSTSEH,143.000,Nsmpq/og5cO95HwJ,150.000,2N4uTfQs/yo3mBYi,158.000,02xuA6TviChey6nJ,178.000,MwfJUdRQPbSNr9Io,182.000,Do8hC1pw172W9xvw,211.000,Kxg/hrv/euEuhbOE,214.000,uT1RCshO88YMpxwE,256.000,obTLIQc2u6K1oipM,354.000,YHloJXirCx60SFnV
6,188,2026-03-25T14:24:55.055Z,202.000,10,81.000,2iset8PVX4jSTSEH,121.000,Nsmpq/og5cO95HwJ,153.000,2N4uTfQs/yo3mBYi,155.000,02xuA6TviChey6nJ,168.000,MwfJUdRQPbSNr9Io,175.000,Do8hC1pw172W9xvw,202.000,uT1RCshO88YMpxwE,206.000,Kxg/hrv/euEuhbOE,241.000,obTLIQc2u6K1oipM,322.000,YHloJXirCx60SFnV
6,189,2026-03-25T14:24:55.257Z,185.000,10,91.000,2iset8PVX4jSTSEH,130.000,Nsmpq/og5cO95HwJ,141.000,02xuA6TviChey6nJ,156.000,2N4uTfQs/yo3mBYi,160.000,Do8hC1pw172W9xvw,168.000,MwfJUdRQPbSNr9Io,184.000,uT1RCshO88YMpxwE,203.000,Kxg/hrv/euEuhbOE,208.000,obTLIQc2u6K1oipM,257.000,YHloJXirCx60SFnV
6,190,2026-03-25T14:24:55.442Z,227.000,10,102.000,2iset8PVX4jSTSEH,138.000,02xuA6TviChey6nJ,164.000,Nsmpq/og5cO95HwJ,176.000,2N4uTfQs/yo3mBYi,183.000,Do8hC1pw172W9xvw,195.000,MwfJUdRQPbSNr9Io,227.000,Kxg/hrv/euEuhbOE,246.000,obTLIQc2u6K1oipM,267.000,uT1RCshO88YMpxwE,314.000,YHloJXirCx60SFnV
6,191,2026-03-25T14:24:55.669Z,199.000,10,76.000,2iset8PVX4jSTSEH,115.000,Nsmpq/og5cO95HwJ,138.000,02xuA6TviChey6nJ,153.000,2N4uTfQs/yo3mBYi,157.000,Do8hC1pw172W9xvw,167.000,MwfJUdRQPbSNr9Io,199.000,uT1RCshO88YMpxwE,230.000,obTLIQc2u6K1oipM,245.000,Kxg/hrv/euEuhbOE,249.000,YHloJXirCx60SFnV
6,192,2026-03-25T14:24:55.868Z,210.000,10,81.000,2iset8PVX4jSTSEH,139.000,2N4uTfQs/yo3mBYi,141.000,Nsmpq/og5cO95HwJ,143.000,02xuA6TviChey6nJ,167.000,MwfJUdRQPbSNr9Io,179.000,Do8hC1pw172W9xvw,209.000,uT1RCshO88YMpxwE,216.000,obTLIQc2u6K1oipM,231.000,YHloJXirCx60SFnV,271.000,Kxg/hrv/euEuhbOE
6,193,2026-03-25T14:24:56.078Z,191.000,10,68.000,2iset8PVX4jSTSEH,117.000,Nsmpq/og5cO95HwJ,130.000,02xuA6TviChey6nJ,139.000,2N4uTfQs/yo3mBYi,148.000,Do8hC1pw172W9xvw,149.000,MwfJUdRQPbSNr9Io,191.000,uT1RCshO88YMpxwE,215.000,YHloJXirCx60SFnV,219.000,obTLIQc2u6K1oipM,230.000,Kxg/hrv/euEuhbOE
6,194,2026-03-25T14:24:56.269Z,178.000,10,76.000,2iset8PVX4jSTSEH,112.000,Nsmpq/og5cO95HwJ,129.000,2N4uTfQs/yo3mBYi,144.000,02xuA6TviChey6nJ,168.000,MwfJUdRQPbSNr9Io,176.000,uT1RCshO88YMpxwE,178.000,Do8hC1pw172W9xvw,228.000,obTLIQc2u6K1oipM,230.000,YHloJXirCx60SFnV,252.000,Kxg/hrv/euEuhbOE
6,195,2026-03-25T14:24:56.447Z,246.000,10,98.000,2iset8PVX4jSTSEH,162.000,Nsmpq/og5cO95HwJ,169.000,02xuA6TviChey6nJ,184.000,2N4uTfQs/yo3mBYi,191.000,MwfJUdRQPbSNr9Io,237.000,obTLIQc2u6K1oipM,246.000,uT1RCshO88YMpxwE,274.000,Kxg/hrv/euEuhbOE,277.000,YHloJXirCx60SFnV,281.000,Do8hC1pw172W9xvw
6,196,2026-03-25T14:24:56.693Z,170.000,10,68.000,2iset8PVX4jSTSEH,90.000,Nsmpq/og5cO95HwJ,108.000,02xuA6TviChey6nJ,135.000,MwfJUdRQPbSNr9Io,141.000,2N4uTfQs/yo3mBYi,156.000,uT1RCshO88YMpxwE,170.000,YHloJXirCx60SFnV,204.000,obTLIQc2u6K1oipM,234.000,Do8hC1pw172W9xvw,239.000,Kxg/hrv/euEuhbOE
6,197,2026-03-25T14:24:56.863Z,278.000,10,109.000,2iset8PVX4jSTSEH,139.000,Nsmpq/og5cO95HwJ,160.000,2N4uTfQs/yo3mBYi,165.000,MwfJUdRQPbSNr9Io,170.000,02xuA6TviChey6nJ,199.000,uT1RCshO88YMpxwE,278.000,obTLIQc2u6K1oipM,279.000,YHloJXirCx60SFnV,283.000,Do8hC1pw172W9xvw,284.000,Kxg/hrv/euEuhbOE
6,198,2026-03-25T14:24:57.141Z,150.000,10,50.000,2iset8PVX4jSTSEH,74.000,Nsmpq/og5cO95HwJ,86.000,2N4uTfQs/yo3mBYi,88.000,02xuA6TviChey6nJ,138.000,uT1RCshO88YMpxwE,141.000,MwfJUdRQPbSNr9Io,150.000,obTLIQc2u6K1oipM,178.000,YHloJXirCx60SFnV,184.000,Kxg/hrv/euEuhbOE,191.000,Do8hC1pw172W9xvw
6,199,2026-03-25T14:24:57.291Z,194.000,10,97.000,Nsmpq/og5cO95HwJ,102.000,02xuA6TviChey6nJ,112.000,2iset8PVX4jSTSEH,136.000,2N4uTfQs/yo3mBYi,148.000,YHloJXirCx60SFnV,159.000,MwfJUdRQPbSNr9Io,193.000,uT1RCshO88YMpxwE,211.000,obTLIQc2u6K1oipM,239.000,Do8hC1pw172W9xvw,243.000,Kxg/hrv/euEuhbOE
6,200,2026-03-25T14:24:57.485Z,185.000,10,90.000,Nsmpq/og5cO95HwJ,94.000,02xuA6TviChey6nJ,123.000,YHloJXirCx60SFnV,125.000,2iset8PVX4jSTSEH,156.000,MwfJUdRQPbSNr9Io,175.000,2N4uTfQs/yo3mBYi,184.000,uT1RCshO88YMpxwE,204.000,obTLIQc2u6K1oipM,255.000,Kxg/hrv/euEuhbOE,258.000,Do8hC1pw172W9xvw
6,201,2026-03-25T14:24:57.670Z,215.000,10,108.000,Nsmpq/og5cO95HwJ,131.000,YHloJXirCx60SFnV,133.000,02xuA6TviChey6nJ,139.000,2iset8PVX4jSTSEH,147.000,2N4uTfQs/yo3mBYi,179.000,MwfJUdRQPbSNr9Io,215.000,uT1RCshO88YMpxwE,229.000,obTLIQc2u6K1oipM,252.000,Do8hC1pw172W9xvw,255.000,Kxg/hrv/euEuhbOE
6,202,2026-03-25T14:24:57.885Z,188.000,9,102.000,Nsmpq/og5cO95HwJ,104.000,02xuA6TviChey6nJ,111.000,YHloJXirCx60SFnV,112.000,2iset8PVX4jSTSEH,144.000,2N4uTfQs/yo3mBYi,153.000,MwfJUdRQPbSNr9Io,188.000,uT1RCshO88YMpxwE,204.000,obTLIQc2u6K1oipM,257.000,Do8hC1pw172W9xvw,,
6,203,2026-03-25T14:24:58.073Z,171.000,9,57.000,Kxg/hrv/euEuhbOE,97.000,Nsmpq/og5cO95HwJ,117.000,YHloJXirCx60SFnV,122.000,02xuA6TviChey6nJ,123.000,2N4uTfQs/yo3mBYi,135.000,2iset8PVX4jSTSEH,171.000,MwfJUdRQPbSNr9Io,214.000,obTLIQc2u6K1oipM,224.000,uT1RCshO88YMpxwE,,
6,204,2026-03-25T14:24:58.244Z,204.000,10,75.000,Do8hC1pw172W9xvw,98.000,Kxg/hrv/euEuhbOE,135.000,YHloJXirCx60SFnV,136.000,02xuA6TviChey6nJ,151.000,Nsmpq/og5cO95HwJ,163.000,2iset8PVX4jSTSEH,204.000,MwfJUdRQPbSNr9Io,206.000,2N4uTfQs/yo3mBYi,244.000,uT1RCshO88YMpxwE,264.000,obTLIQc2u6K1oipM
6,205,2026-03-25T14:24:58.448Z,198.000,10,79.000,Do8hC1pw172W9xvw,99.000,Kxg/hrv/euEuhbOE,132.000,YHloJXirCx60SFnV,154.000,2iset8PVX4jSTSEH,181.000,Nsmpq/og5cO95HwJ,185.000,02xuA6TviChey6nJ,198.000,2N4uTfQs/yo3mBYi,208.000,MwfJUdRQPbSNr9Io,232.000,uT1RCshO88YMpxwE,410.000,obTLIQc2u6K1oipM
6,206,2026-03-25T14:24:58.646Z,206.000,9,72.000,Do8hC1pw172W9xvw,90.000,Kxg/hrv/euEuhbOE,148.000,Nsmpq/og5cO95HwJ,163.000,02xuA6TviChey6nJ,175.000,2N4uTfQs/yo3mBYi,181.000,2iset8PVX4jSTSEH,206.000,MwfJUdRQPbSNr9Io,210.000,YHloJXirCx60SFnV,234.000,uT1RCshO88YMpxwE,,
6,207,2026-03-25T14:24:58.852Z,187.000,10,71.000,Do8hC1pw172W9xvw,81.000,Kxg/hrv/euEuhbOE,129.000,Nsmpq/og5cO95HwJ,136.000,YHloJXirCx60SFnV,148.000,02xuA6TviChey6nJ,171.000,2iset8PVX4jSTSEH,187.000,2N4uTfQs/yo3mBYi,211.000,obTLIQc2u6K1oipM,223.000,MwfJUdRQPbSNr9Io,270.000,uT1RCshO88YMpxwE
6,208,2026-03-25T14:24:59.039Z,225.000,10,88.000,Do8hC1pw172W9xvw,119.000,YHloJXirCx60SFnV,123.000,Kxg/hrv/euEuhbOE,159.000,Nsmpq/og5cO95HwJ,166.000,2iset8PVX4jSTSEH,200.000,02xuA6TviChey6nJ,225.000,MwfJUdRQPbSNr9Io,226.000,obTLIQc2u6K1oipM,263.000,2N4uTfQs/yo3mBYi,268.000,uT1RCshO88YMpxwE
6,209,2026-03-25T14:24:59.264Z,200.000,10,70.000,Kxg/hrv/euEuhbOE,87.000,Do8hC1pw172W9xvw,101.000,YHloJXirCx60SFnV,123.000,Nsmpq/og5cO95HwJ,139.000,2iset8PVX4jSTSEH,192.000,02xuA6TviChey6nJ,200.000,2N4uTfQs/yo3mBYi,212.000,MwfJUdRQPbSNr9Io,220.000,uT1RCshO88YMpxwE,230.000,obTLIQc2u6K1oipM
6,210,2026-03-25T14:24:59.464Z,183.000,10,99.000,Do8hC1pw172W9xvw,101.000,Kxg/hrv/euEuhbOE,102.000,YHloJXirCx60SFnV,146.000,02xuA6TviChey6nJ,150.000,2iset8PVX4jSTSEH,181.000,2N4uTfQs/yo3mBYi,183.000,Nsmpq/og5cO95HwJ,203.000,MwfJUdRQPbSNr9Io,204.000,obTLIQc2u6K1oipM,222.000,uT1RCshO88YMpxwE
6,211,2026-03-25T14:24:59.647Z,219.000,10,90.000,Kxg/hrv/euEuhbOE,102.000,YHloJXirCx60SFnV,113.000,Do8hC1pw172W9xvw,147.000,Nsmpq/og5cO95HwJ,158.000,02xuA6TviChey6nJ,185.000,2iset8PVX4jSTSEH,219.000,obTLIQc2u6K1oipM,220.000,2N4uTfQs/yo3mBYi,232.000,MwfJUdRQPbSNr9Io,262.000,uT1RCshO88YMpxwE
6,212,2026-03-25T14:24:59.866Z,225.000,8,62.000,Do8hC1pw172W9xvw,100.000,Kxg/hrv/euEuhbOE,134.000,Nsmpq/og5cO95HwJ,160.000,YHloJXirCx60SFnV,166.000,2iset8PVX4jSTSEH,196.000,obTLIQc2u6K1oipM,258.000,MwfJUdRQPbSNr9Io,284.000,02xuA6TviChey6nJ,,,,
6,213,2026-03-25T14:25:00.091Z,215.000,7,41.000,Kxg/hrv/euEuhbOE,58.000,YHloJXirCx60SFnV,120.000,2iset8PVX4jSTSEH,176.000,02xuA6TviChey6nJ,181.000,obTLIQc2u6K1oipM,206.000,uT1RCshO88YMpxwE,215.000,Do8hC1pw172W9xvw,,,,,,
6,214,2026-03-25T14:25:00.306Z,204.000,10,85.000,YHloJXirCx60SFnV,94.000,Kxg/hrv/euEuhbOE,100.000,02xuA6TviChey6nJ,129.000,2iset8PVX4jSTSEH,185.000,Do8hC1pw172W9xvw,202.000,uT1RCshO88YMpxwE,204.000,MwfJUdRQPbSNr9Io,217.000,obTLIQc2u6K1oipM,236.000,Nsmpq/og5cO95HwJ,254.000,2N4uTfQs/yo3mBYi
6,215,2026-03-25T14:25:00.510Z,156.000,10,94.000,YHloJXirCx60SFnV,101.000,Do8hC1pw172W9xvw,127.000,2iset8PVX4jSTSEH,138.000,Kxg/hrv/euEuhbOE,144.000,02xuA6TviChey6nJ,148.000,Nsmpq/og5cO95HwJ,156.000,2N4uTfQs/yo3mBYi,166.000,MwfJUdRQPbSNr9Io,174.000,obTLIQc2u6K1oipM,207.000,uT1RCshO88YMpxwE
6,216,2026-03-25T14:25:00.666Z,197.000,8,83.000,YHloJXirCx60SFnV,130.000,Nsmpq/og5cO95HwJ,164.000,2iset8PVX4jSTSEH,173.000,Do8hC1pw172W9xvw,181.000,Kxg/hrv/euEuhbOE,193.000,02xuA6TviChey6nJ,197.000,MwfJUdRQPbSNr9Io,202.000,obTLIQc2u6K1oipM,,,,
6,217,2026-03-25T14:25:00.863Z,233.000,8,175.000,2iset8PVX4jSTSEH,193.000,Do8hC1pw172W9xvw,202.000,Kxg/hrv/euEuhbOE,203.000,02xuA6TviChey6nJ,215.000,obTLIQc2u6K1oipM,222.000,YHloJXirCx60SFnV,233.000,MwfJUdRQPbSNr9Io,249.000,uT1RCshO88YMpxwE,,,,
6,218,2026-03-25T14:25:01.096Z,261.000,9,87.000,YHloJXirCx60SFnV,105.000,02xuA6TviChey6nJ,134.000,2iset8PVX4jSTSEH,200.000,Kxg/hrv/euEuhbOE,252.000,Do8hC1pw172W9xvw,259.000,MwfJUdRQPbSNr9Io,261.000,obTLIQc2u6K1oipM,269.000,Nsmpq/og5cO95HwJ,276.000,uT1RCshO88YMpxwE,,
6,219,2026-03-25T14:25:01.357Z,126.000,10,75.000,2iset8PVX4jSTSEH,96.000,2N4uTfQs/yo3mBYi,100.000,YHloJXirCx60SFnV,102.000,02xuA6TviChey6nJ,118.000,MwfJUdRQPbSNr9Io,122.000,obTLIQc2u6K1oipM,126.000,Nsmpq/og5cO95HwJ,132.000,Do8hC1pw172W9xvw,144.000,Kxg/hrv/euEuhbOE,192.000,uT1RCshO88YMpxwE
6,220,2026-03-25T14:25:01.483Z,579.000,9,146.000,Do8hC1pw172W9xvw,161.000,Nsmpq/og5cO95HwJ,183.000,obTLIQc2u6K1oipM,195.000,YHloJXirCx60SFnV,212.000,Kxg/hrv/euEuhbOE,261.000,uT1RCshO88YMpxwE,579.000,2iset8PVX4jSTSEH,587.000,MwfJUdRQPbSNr9Io,602.000,02xuA6TviChey6nJ,,
6,221,2026-03-25T14:25:02.062Z,337.000,10,97.000,2iset8PVX4jSTSEH,130.000,YHloJXirCx60SFnV,142.000,Kxg/hrv/euEuhbOE,157.000,02xuA6TviChey6nJ,326.000,uT1RCshO88YMpxwE,329.000,MwfJUdRQPbSNr9Io,337.000,Do8hC1pw172W9xvw,340.000,obTLIQc2u6K1oipM,342.000,Nsmpq/og5cO95HwJ,345.000,2N4uTfQs/yo3mBYi
6,222,2026-03-25T14:25:02.399Z,265.000,7,74.000,2iset8PVX4jSTSEH,88.000,YHloJXirCx60SFnV,106.000,Kxg/hrv/euEuhbOE,113.000,obTLIQc2u6K1oipM,123.000,Do8hC1pw172W9xvw,132.000,Nsmpq/og5cO95HwJ,308.000,MwfJUdRQPbSNr9Io,,,,,,
6,223,2026-03-25T14:25:02.664Z,654.000,7,17.000,Do8hC1pw172W9xvw,25.000,Nsmpq/og5cO95HwJ,27.000,YHloJXirCx60SFnV,55.000,2iset8PVX4jSTSEH,378.000,Kxg/hrv/euEuhbOE,608.000,MwfJUdRQPbSNr9Io,653.000,02xuA6TviChey6nJ,,,,,,
6,224,2026-03-25T14:25:03.318Z,836.000,7,59.000,2iset8PVX4jSTSEH,82.000,02xuA6TviChey6nJ,86.000,Nsmpq/og5cO95HwJ,113.000,YHloJXirCx60SFnV,193.000,obTLIQc2u6K1oipM,251.000,Do8hC1pw172W9xvw,835.000,uT1RCshO88YMpxwE,,,,,,
6,225,2026-03-25T14:25:04.154Z,827.000,8,98.000,YHloJXirCx60SFnV,163.000,02xuA6TviChey6nJ,227.000,obTLIQc2u6K1oipM,732.000,2iset8PVX4jSTSEH,754.000,Kxg/hrv/euEuhbOE,822.000,uT1RCshO88YMpxwE,827.000,Do8hC1pw172W9xvw,941.000,Nsmpq/og5cO95HwJ,,,,
6,226,2026-03-25T14:25:04.981Z,1215.000,10,85.000,Kxg/hrv/euEuhbOE,126.000,YHloJXirCx60SFnV,142.000,02xuA6TviChey6nJ,798.000,2iset8PVX4jSTSEH,1097.000,Do8hC1pw172W9xvw,1100.000,obTLIQc2u6K1oipM,1215.000,2N4uTfQs/yo3mBYi,1218.000,Nsmpq/og5cO95HwJ,1222.000,MwfJUdRQPbSNr9Io,1226.000,uT1RCshO88YMpxwE
6,227,2026-03-25T14:25:06.196Z,1101.000,9,91.000,YHloJXirCx60SFnV,718.000,Kxg/hrv/euEuhbOE,769.000,2iset8PVX4jSTSEH,852.000,02xuA6TviChey6nJ,1030.000,Do8hC1pw172W9xvw,1094.000,uT1RCshO88YMpxwE,1101.000,Nsmpq/og5cO95HwJ,1103.000,MwfJUdRQPbSNr9Io,1104.000,obTLIQc2u6K1oipM,,
6,228,2026-03-25T14:25:07.297Z,1113.000,7,110.000,YHloJXirCx60SFnV,802.000,2iset8PVX4jSTSEH,892.000,Kxg/hrv/euEuhbOE,1041.000,Nsmpq/og5cO95HwJ,1045.000,MwfJUdRQPbSNr9Io,1045.000,Do8hC1pw172W9xvw,1113.000,02xuA6TviChey6nJ,,,,,,
6,229,2026-03-25T14:25:08.410Z,1369.000,7,110.000,YHloJXirCx60SFnV,437.000,2iset8PVX4jSTSEH,768.000,Do8hC1pw172W9xvw,843.000,Nsmpq/og5cO95HwJ,915.000,02xuA6TviChey6nJ,1363.000,MwfJUdRQPbSNr9Io,1369.000,obTLIQc2u6K1oipM,,,,,,
6,230,2026-03-25T14:25:09.779Z,1410.000,7,128.000,YHloJXirCx60SFnV,415.000,Do8hC1pw172W9xvw,720.000,Kxg/hrv/euEuhbOE,1384.000,2iset8PVX4jSTSEH,1406.000,MwfJUdRQPbSNr9Io,1409.000,02xuA6TviChey6nJ,1410.000,obTLIQc2u6K1oipM,,,,,,
6,231,2026-03-25T14:25:11.189Z,1960.000,8,107.000,YHloJXirCx60SFnV,122.000,obTLIQc2u6K1oipM,1117.000,02xuA6TviChey6nJ,1638.000,2iset8PVX4jSTSEH,1888.000,Nsmpq/og5cO95HwJ,1950.000,Do8hC1pw172W9xvw,1960.000,uT1RCshO88YMpxwE,1978.000,2N4uTfQs/yo3mBYi,,,,
6,232,2026-03-25T14:25:13.149Z,2124.000,10,123.000,YHloJXirCx60SFnV,1759.000,02xuA6TviChey6nJ,1813.000,2iset8PVX4jSTSEH,1824.000,Nsmpq/og5cO95HwJ,1965.000,Kxg/hrv/euEuhbOE,1969.000,Do8hC1pw172W9xvw,2124.000,uT1RCshO88YMpxwE,2130.000,MwfJUdRQPbSNr9Io,2136.000,2N4uTfQs/yo3mBYi,2142.000,obTLIQc2u6K1oipM
6,233,2026-03-25T14:25:15.273Z,2060.000,7,93.000,YHloJXirCx60SFnV,1751.000,Nsmpq/og5cO95HwJ,1760.000,uT1RCshO88YMpxwE,1768.000,02xuA6TviChey6nJ,1889.000,obTLIQc2u6K1oipM,2059.000,MwfJUdRQPbSNr9Io,2059.000,Do8hC1pw172W9xvw,,,,,,
6,234,2026-03-25T14:25:17.333Z,2775.000,9,99.000,YHloJXirCx60SFnV,1831.000,2iset8PVX4jSTSEH,1971.000,02xuA6TviChey6nJ,2395.000,obTLIQc2u6K1oipM,2408.000,Nsmpq/og5cO95HwJ,2772.000,Do8hC1pw172W9xvw,2775.000,uT1RCshO88YMpxwE,2776.000,MwfJUdRQPbSNr9Io,2777.000,Kxg/hrv/euEuhbOE,,
6,235,2026-03-25T14:25:20.108Z,2815.000,7,103.000,YHloJXirCx60SFnV,1915.000,Kxg/hrv/euEuhbOE,2629.000,uT1RCshO88YMpxwE,2679.000,2iset8PVX4jSTSEH,2778.000,02xuA6TviChey6nJ,2782.000,obTLIQc2u6K1oipM,2815.000,Nsmpq/og5cO95HwJ,,,,,,
6,236,2026-03-25T14:25:22.923Z,3794.000,9,87.000,YHloJXirCx60SFnV,2572.000,Nsmpq/og5cO95HwJ,3474.000,2iset8PVX4jSTSEH,3490.000,obTLIQc2u6K1oipM,3649.000,Kxg/hrv/euEuhbOE,3724.000,uT1RCshO88YMpxwE,3794.000,Do8hC1pw172W9xvw,3795.000,02xuA6TviChey6nJ,3802.000,MwfJUdRQPbSNr9Io,,
6,237,2026-03-25T14:25:26.717Z,4871.000,8,121.000,YHloJXirCx60SFnV,3840.000,2iset8PVX4jSTSEH,3928.000,obTLIQc2u6K1oipM,4026.000,02xuA6TviChey6nJ,4171.000,MwfJUdRQPbSNr9Io,4851.000,Do8hC1pw172W9xvw,4871.000,uT1RCshO88YMpxwE,4873.000,Kxg/hrv/euEuhbOE,,,,
6,238,2026-03-25T14:25:31.588Z,6192.000,7,115.000,YHloJXirCx60SFnV,5359.000,Kxg/hrv/euEuhbOE,5655.000,2iset8PVX4jSTSEH,5666.000,Nsmpq/og5cO95HwJ,5881.000,obTLIQc2u6K1oipM,6037.000,02xuA6TviChey6nJ,6192.000,MwfJUdRQPbSNr9Io,,,,,,
6,239,2026-03-25T14:25:37.780Z,6700.000,8,111.000,YHloJXirCx60SFnV,5721.000,MwfJUdRQPbSNr9Io,5962.000,obTLIQc2u6K1oipM,6419.000,uT1RCshO88YMpxwE,6562.000,Do8hC1pw172W9xvw,6656.000,02xuA6TviChey6nJ,6700.000,2iset8PVX4jSTSEH,6718.000,Nsmpq/og5cO95HwJ,,,,
6,240,2026-03-25T14:25:44.480Z,6417.000,8,138.000,YHloJXirCx60SFnV,5866.000,2iset8PVX4jSTSEH,6184.000,Nsmpq/og5cO95HwJ,6262.000,Kxg/hrv/euEuhbOE,6266.000,uT1RCshO88YMpxwE,6272.000,02xuA6TviChey6nJ,6417.000,Do8hC1pw172W9xvw,6430.000,obTLIQc2u6K1oipM,,,,
6,241,2026-03-25T14:25:50.897Z,6794.000,9,122.000,YHloJXirCx60SFnV,5685.000,Kxg/hrv/euEuhbOE,6199.000,Do8hC1pw172W9xvw,6207.000,02xuA6TviChey6nJ,6474.000,MwfJUdRQPbSNr9Io,6794.000,uT1RCshO88YMpxwE,6794.000,Nsmpq/og5cO95HwJ,6798.000,2N4uTfQs/yo3mBYi,6800.000,obTLIQc2u6K1oipM,,
6,242,2026-03-25T14:25:57.691Z,6383.000,7,112.000,YHloJXirCx60SFnV,5782.000,02xuA6TviChey6nJ,5951.000,2iset8PVX4jSTSEH,6201.000,obTLIQc2u6K1oipM,6219.000,Nsmpq/og5cO95HwJ,6379.000,Do8hC1pw172W9xvw,6383.000,MwfJUdRQPbSNr9Io,,,,,,
6,243,2026-03-25T14:26:04.074Z,6120.000,7,118.000,YHloJXirCx60SFnV,5708.000,02xuA6TviChey6nJ,5734.000,Nsmpq/og5cO95HwJ,6077.000,2iset8PVX4jSTSEH,6108.000,Do8hC1pw172W9xvw,6111.000,MwfJUdRQPbSNr9Io,6119.000,obTLIQc2u6K1oipM,,,,,,
6,244,2026-03-25T14:26:10.194Z,6683.000,10,100.000,YHloJXirCx60SFnV,5825.000,2iset8PVX4jSTSEH,5825.000,MwfJUdRQPbSNr9Io,5849.000,Do8hC1pw172W9xvw,6268.000,Nsmpq/og5cO95HwJ,6559.000,obTLIQc2u6K1oipM,6683.000,uT1RCshO88YMpxwE,6684.000,2N4uTfQs/yo3mBYi,6685.000,Kxg/hrv/euEuhbOE,6693.000,02xuA6TviChey6nJ
6,245,2026-03-25T14:26:16.877Z,6166.000,7,117.000,YHloJXirCx60SFnV,5351.000,MwfJUdRQPbSNr9Io,5906.000,2iset8PVX4jSTSEH,5984.000,uT1RCshO88YMpxwE,6022.000,Nsmpq/og5cO95HwJ,6099.000,Kxg/hrv/euEuhbOE,6166.000,Do8hC1pw172W9xvw,,,,,,
6,246,2026-03-25T14:26:23.043Z,6461.000,8,127.000,YHloJXirCx60SFnV,5942.000,Nsmpq/og5cO95HwJ,5993.000,Kxg/hrv/euEuhbOE,6206.000,Do8hC1pw172W9xvw,6263.000,uT1RCshO88YMpxwE,6454.000,2iset8PVX4jSTSEH,6461.000,obTLIQc2u6K1oipM,6467.000,2N4uTfQs/yo3mBYi,,,,
6,247,2026-03-25T14:26:29.504Z,,1,141.000,YHloJXirCx60SFnV,,,,,,,,,,,,,,,,,,
7,1,2026-03-25T14:24:14.812Z,2936.000,7,537.000,Kxg/hrv/euEuhbOE,768.000,MwfJUdRQPbSNr9Io,2067.000,2iset8PVX4jSTSEH,2173.000,obTLIQc2u6K1oipM,2814.000,Do8hC1pw172W9xvw,2823.000,YHloJXirCx60SFnV,5754.000,02xuA6TviChey6nJ,,,,,,
7,2,2026-03-25T14:24:17.748Z,219.000,7,0.000,obTLIQc2u6K1oipM,0.000,MwfJUdRQPbSNr9Io,3.000,Kxg/hrv/euEuhbOE,19.000,YHloJXirCx60SFnV,81.000,2iset8PVX4jSTSEH,88.000,Do8hC1pw172W9xvw,2824.000,02xuA6TviChey6nJ,,,,,,
7,3,2026-03-25T14:24:17.967Z,227.000,7,1.000,YHloJXirCx60SFnV,2.000,MwfJUdRQPbSNr9Io,2.000,obTLIQc2u6K1oipM,2.000,Kxg/hrv/euEuhbOE,54.000,2iset8PVX4jSTSEH,109.000,Do8hC1pw172W9xvw,2607.000,02xuA6TviChey6nJ,,,,,,
7,4,2026-03-25T14:24:18.194Z,175.000,7,2.000,Kxg/hrv/euEuhbOE,3.000,obTLIQc2u6K1oipM,3.000,MwfJUdRQPbSNr9Io,5.000,YHloJXirCx60SFnV,92.000,Do8hC1pw172W9xvw,100.000,2iset8PVX4jSTSEH,2381.000,02xuA6TviChey6nJ,,,,,,
7,5,2026-03-25T14:24:18.369Z,183.000,8,26.000,MwfJUdRQPbSNr9Io,30.000,obTLIQc2u6K1oipM,41.000,Kxg/hrv/euEuhbOE,42.000,YHloJXirCx60SFnV,47.000,2iset8PVX4jSTSEH,118.000,Do8hC1pw172W9xvw,2208.000,02xuA6TviChey6nJ,248.000,2N4uTfQs/yo3mBYi,,,,
7,6,2026-03-25T14:24:18.552Z,200.000,8,38.000,obTLIQc2u6K1oipM,41.000,Kxg/hrv/euEuhbOE,48.000,2iset8PVX4jSTSEH,49.000,MwfJUdRQPbSNr9Io,51.000,YHloJXirCx60SFnV,104.000,Do8hC1pw172W9xvw,200.000,2N4uTfQs/yo3mBYi,2027.000,02xuA6TviChey6nJ,,,,
7,7,2026-03-25T14:24:18.752Z,200.000,8,62.000,YHloJXirCx60SFnV,62.000,Kxg/hrv/euEuhbOE,64.000,obTLIQc2u6K1oipM,62.000,MwfJUdRQPbSNr9Io,106.000,Do8hC1pw172W9xvw,132.000,2iset8PVX4jSTSEH,200.000,2N4uTfQs/yo3mBYi,1829.000,02xuA6TviChey6nJ,,,,
7,8,2026-03-25T14:24:18.952Z,157.000,9,45.000,YHloJXirCx60SFnV,49.000,MwfJUdRQPbSNr9Io,55.000,obTLIQc2u6K1oipM,58.000,Kxg/hrv/euEuhbOE,75.000,2iset8PVX4jSTSEH,116.000,Do8hC1pw172W9xvw,157.000,Nsmpq/og5cO95HwJ,194.000,2N4uTfQs/yo3mBYi,1646.000,02xuA6TviChey6nJ,,
7,9,2026-03-25T14:24:19.109Z,148.000,9,93.000,2iset8PVX4jSTSEH,96.000,Kxg/hrv/euEuhbOE,98.000,YHloJXirCx60SFnV,101.000,MwfJUdRQPbSNr9Io,103.000,Nsmpq/og5cO95HwJ,104.000,obTLIQc2u6K1oipM,148.000,Do8hC1pw172W9xvw,229.000,2N4uTfQs/yo3mBYi,1497.000,02xuA6TviChey6nJ,,
7,10,2026-03-25T14:24:19.257Z,204.000,9,138.000,YHloJXirCx60SFnV,149.000,Nsmpq/og5cO95HwJ,152.000,MwfJUdRQPbSNr9Io,153.000,Kxg/hrv/euEuhbOE,154.000,obTLIQc2u6K1oipM,162.000,2iset8PVX4jSTSEH,204.000,Do8hC1pw172W9xvw,296.000,2N4uTfQs/yo3mBYi,1351.000,02xuA6TviChey6nJ,,
7,11,2026-03-25T14:24:19.461Z,206.000,9,148.000,obTLIQc2u6K1oipM,152.000,YHloJXirCx60SFnV,154.000,Nsmpq/og5cO95HwJ,157.000,MwfJUdRQPbSNr9Io,158.000,Kxg/hrv/euEuhbOE,168.000,2iset8PVX4jSTSEH,205.000,Do8hC1pw172W9xvw,280.000,2N4uTfQs/yo3mBYi,1149.000,02xuA6TviChey6nJ,,
7,12,2026-03-25T14:24:19.667Z,204.000,9,137.000,MwfJUdRQPbSNr9Io,141.000,YHloJXirCx60SFnV,144.000,Nsmpq/og5cO95HwJ,146.000,2iset8PVX4jSTSEH,154.000,Kxg/hrv/euEuhbOE,157.000,obTLIQc2u6K1oipM,204.000,Do8hC1pw172W9xvw,273.000,2N4uTfQs/yo3mBYi,944.000,02xuA6TviChey6nJ,,
7,13,2026-03-25T14:24:19.871Z,190.000,9,137.000,obTLIQc2u6K1oipM,139.000,MwfJUdRQPbSNr9Io,140.000,YHloJXirCx60SFnV,144.000,Nsmpq/og5cO95HwJ,149.000,2iset8PVX4jSTSEH,151.000,Kxg/hrv/euEuhbOE,190.000,Do8hC1pw172W9xvw,270.000,2N4uTfQs/yo3mBYi,743.000,02xuA6TviChey6nJ,,
7,14,2026-03-25T14:24:20.061Z,211.000,9,139.000,Nsmpq/og5cO95HwJ,148.000,2iset8PVX4jSTSEH,151.000,YHloJXirCx60SFnV,153.000,Kxg/hrv/euEuhbOE,154.000,MwfJUdRQPbSNr9Io,158.000,obTLIQc2u6K1oipM,211.000,Do8hC1pw172W9xvw,266.000,2N4uTfQs/yo3mBYi,555.000,02xuA6TviChey6nJ,,
7,15,2026-03-25T14:24:20.272Z,193.000,10,139.000,obTLIQc2u6K1oipM,140.000,Kxg/hrv/euEuhbOE,142.000,YHloJXirCx60SFnV,146.000,2iset8PVX4jSTSEH,150.000,MwfJUdRQPbSNr9Io,154.000,Nsmpq/og5cO95HwJ,193.000,Do8hC1pw172W9xvw,271.000,2N4uTfQs/yo3mBYi,345.000,02xuA6TviChey6nJ,332.000,uT1RCshO88YMpxwE
7,16,2026-03-25T14:24:20.465Z,175.000,10,154.000,Kxg/hrv/euEuhbOE,155.000,MwfJUdRQPbSNr9Io,157.000,2iset8PVX4jSTSEH,158.000,Nsmpq/og5cO95HwJ,159.000,YHloJXirCx60SFnV,161.000,obTLIQc2u6K1oipM,175.000,02xuA6TviChey6nJ,198.000,Do8hC1pw172W9xvw,270.000,2N4uTfQs/yo3mBYi,283.000,uT1RCshO88YMpxwE
7,17,2026-03-25T14:24:20.640Z,179.000,10,164.000,02xuA6TviChey6nJ,168.000,obTLIQc2u6K1oipM,169.000,Nsmpq/og5cO95HwJ,172.000,MwfJUdRQPbSNr9Io,173.000,Kxg/hrv/euEuhbOE,175.000,YHloJXirCx60SFnV,179.000,2iset8PVX4jSTSEH,219.000,Do8hC1pw172W9xvw,289.000,2N4uTfQs/yo3mBYi,312.000,uT1RCshO88YMpxwE
7,18,2026-03-25T14:24:20.819Z,203.000,10,193.000,MwfJUdRQPbSNr9Io,194.000,obTLIQc2u6K1oipM,198.000,Nsmpq/og5cO95HwJ,200.000,Kxg/hrv/euEuhbOE,201.000,02xuA6TviChey6nJ,202.000,YHloJXirCx60SFnV,203.000,2iset8PVX4jSTSEH,250.000,Do8hC1pw172W9xvw,319.000,uT1RCshO88YMpxwE,325.000,2N4uTfQs/yo3mBYi
7,19,2026-03-25T14:24:21.022Z,199.000,10,178.000,Kxg/hrv/euEuhbOE,184.000,YHloJXirCx60SFnV,191.000,MwfJUdRQPbSNr9Io,194.000,Nsmpq/og5cO95HwJ,196.000,2iset8PVX4jSTSEH,198.000,02xuA6TviChey6nJ,199.000,obTLIQc2u6K1oipM,241.000,Do8hC1pw172W9xvw,320.000,2N4uTfQs/yo3mBYi,323.000,uT1RCshO88YMpxwE
7,20,2026-03-25T14:24:21.221Z,207.000,10,195.000,MwfJUdRQPbSNr9Io,197.000,02xuA6TviChey6nJ,199.000,Nsmpq/og5cO95HwJ,200.000,YHloJXirCx60SFnV,201.000,2iset8PVX4jSTSEH,204.000,obTLIQc2u6K1oipM,207.000,Kxg/hrv/euEuhbOE,245.000,Do8hC1pw172W9xvw,324.000,uT1RCshO88YMpxwE,339.000,2N4uTfQs/yo3mBYi
7,21,2026-03-25T14:24:21.428Z,203.000,10,184.000,02xuA6TviChey6nJ,192.000,Nsmpq/og5cO95HwJ,193.000,obTLIQc2u6K1oipM,195.000,YHloJXirCx60SFnV,196.000,MwfJUdRQPbSNr9Io,200.000,Kxg/hrv/euEuhbOE,203.000,2iset8PVX4jSTSEH,241.000,Do8hC1pw172W9xvw,300.000,2N4uTfQs/yo3mBYi,302.000,uT1RCshO88YMpxwE
7,22,2026-03-25T14:24:21.631Z,206.000,10,183.000,2iset8PVX4jSTSEH,188.000,02xuA6TviChey6nJ,190.000,Kxg/hrv/euEuhbOE,194.000,YHloJXirCx60SFnV,198.000,Nsmpq/og5cO95HwJ,204.000,obTLIQc2u6K1oipM,206.000,MwfJUdRQPbSNr9Io,242.000,Do8hC1pw172W9xvw,295.000,2N4uTfQs/yo3mBYi,334.000,uT1RCshO88YMpxwE
7,23,2026-03-25T14:24:21.837Z,197.000,10,176.000,Nsmpq/og5cO95HwJ,179.000,YHloJXirCx60SFnV,181.000,MwfJUdRQPbSNr9Io,184.000,Kxg/hrv/euEuhbOE,188.000,02xuA6TviChey6nJ,195.000,obTLIQc2u6K1oipM,197.000,2iset8PVX4jSTSEH,234.000,Do8hC1pw172W9xvw,316.000,uT1RCshO88YMpxwE,320.000,2N4uTfQs/yo3mBYi
7,24,2026-03-25T14:24:22.034Z,196.000,9,176.000,2iset8PVX4jSTSEH,180.000,02xuA6TviChey6nJ,181.000,obTLIQc2u6K1oipM,183.000,MwfJUdRQPbSNr9Io,186.000,Kxg/hrv/euEuhbOE,190.000,Nsmpq/og5cO95HwJ,196.000,YHloJXirCx60SFnV,240.000,Do8hC1pw172W9xvw,315.000,uT1RCshO88YMpxwE,,
7,25,2026-03-25T14:24:22.230Z,193.000,10,107.000,2N4uTfQs/yo3mBYi,174.000,MwfJUdRQPbSNr9Io,183.000,2iset8PVX4jSTSEH,184.000,YHloJXirCx60SFnV,187.000,Kxg/hrv/euEuhbOE,192.000,02xuA6TviChey6nJ,193.000,obTLIQc2u6K1oipM,197.000,Nsmpq/og5cO95HwJ,234.000,Do8hC1pw172W9xvw,317.000,uT1RCshO88YMpxwE
7,26,2026-03-25T14:24:22.423Z,194.000,9,110.000,2N4uTfQs/yo3mBYi,179.000,2iset8PVX4jSTSEH,180.000,02xuA6TviChey6nJ,183.000,Nsmpq/og5cO95HwJ,190.000,Kxg/hrv/euEuhbOE,191.000,MwfJUdRQPbSNr9Io,194.000,YHloJXirCx60SFnV,220.000,obTLIQc2u6K1oipM,343.000,uT1RCshO88YMpxwE,,
7,27,2026-03-25T14:24:22.617Z,209.000,9,57.000,Do8hC1pw172W9xvw,127.000,2N4uTfQs/yo3mBYi,194.000,YHloJXirCx60SFnV,197.000,Nsmpq/og5cO95HwJ,200.000,obTLIQc2u6K1oipM,206.000,02xuA6TviChey6nJ,209.000,MwfJUdRQPbSNr9Io,210.000,Kxg/hrv/euEuhbOE,213.000,2iset8PVX4jSTSEH,,
7,28,2026-03-25T14:24:22.826Z,192.000,10,55.000,Do8hC1pw172W9xvw,121.000,uT1RCshO88YMpxwE,130.000,2N4uTfQs/yo3mBYi,183.000,YHloJXirCx60SFnV,184.000,MwfJUdRQPbSNr9Io,188.000,02xuA6TviChey6nJ,192.000,2iset8PVX4jSTSEH,194.000,Kxg/hrv/euEuhbOE,196.000,obTLIQc2u6K1oipM,214.000,Nsmpq/og5cO95HwJ
7,29,2026-03-25T14:24:23.018Z,209.000,10,62.000,Do8hC1pw172W9xvw,124.000,2N4uTfQs/yo3mBYi,140.000,uT1RCshO88YMpxwE,203.000,Nsmpq/og5cO95HwJ,206.000,02xuA6TviChey6nJ,208.000,YHloJXirCx60SFnV,209.000,Kxg/hrv/euEuhbOE,210.000,MwfJUdRQPbSNr9Io,214.000,obTLIQc2u6K1oipM,216.000,2iset8PVX4jSTSEH
7,30,2026-03-25T14:24:23.227Z,198.000,10,55.000,Do8hC1pw172W9xvw,138.000,2N4uTfQs/yo3mBYi,176.000,uT1RCshO88YMpxwE,189.000,MwfJUdRQPbSNr9Io,194.000,obTLIQc2u6K1oipM,195.000,2iset8PVX4jSTSEH,197.000,YHloJXirCx60SFnV,201.000,Kxg/hrv/euEuhbOE,206.000,Nsmpq/og5cO95HwJ,208.000,02xuA6TviChey6nJ
7,31,2026-03-25T14:24:23.425Z,195.000,10,54.000,Do8hC1pw172W9xvw,107.000,uT1RCshO88YMpxwE,140.000,2N4uTfQs/yo3mBYi,187.000,Nsmpq/og5cO95HwJ,191.000,02xuA6TviChey6nJ,193.000,MwfJUdRQPbSNr9Io,195.000,YHloJXirCx60SFnV,197.000,obTLIQc2u6K1oipM,198.000,Kxg/hrv/euEuhbOE,209.000,2iset8PVX4jSTSEH
7,32,2026-03-25T14:24:23.620Z,205.000,10,63.000,Do8hC1pw172W9xvw,136.000,2N4uTfQs/yo3mBYi,137.000,uT1RCshO88YMpxwE,196.000,YHloJXirCx60SFnV,202.000,2iset8PVX4jSTSEH,203.000,obTLIQc2u6K1oipM,205.000,Kxg/hrv/euEuhbOE,209.000,MwfJUdRQPbSNr9Io,210.000,02xuA6TviChey6nJ,212.000,Nsmpq/og5cO95HwJ
7,33,2026-03-25T14:24:23.825Z,198.000,10,58.000,Do8hC1pw172W9xvw,118.000,2N4uTfQs/yo3mBYi,130.000,uT1RCshO88YMpxwE,190.000,Kxg/hrv/euEuhbOE,194.000,MwfJUdRQPbSNr9Io,196.000,2iset8PVX4jSTSEH,198.000,YHloJXirCx60SFnV,205.000,obTLIQc2u6K1oipM,207.000,02xuA6TviChey6nJ,212.000,Nsmpq/og5cO95HwJ
7,34,2026-03-25T14:24:24.023Z,203.000,10,58.000,Do8hC1pw172W9xvw,108.000,uT1RCshO88YMpxwE,129.000,2N4uTfQs/yo3mBYi,193.000,Nsmpq/og5cO95HwJ,194.000,Kxg/hrv/euEuhbOE,201.000,obTLIQc2u6K1oipM,203.000,2iset8PVX4jSTSEH,205.000,MwfJUdRQPbSNr9Io,206.000,02xuA6TviChey6nJ,216.000,YHloJXirCx60SFnV
7,35,2026-03-25T14:24:24.226Z,200.000,10,63.000,Do8hC1pw172W9xvw,146.000,2N4uTfQs/yo3mBYi,148.000,uT1RCshO88YMpxwE,190.000,2iset8PVX4jSTSEH,196.000,YHloJXirCx60SFnV,199.000,MwfJUdRQPbSNr9Io,200.000,Nsmpq/og5cO95HwJ,201.000,obTLIQc2u6K1oipM,205.000,Kxg/hrv/euEuhbOE,207.000,02xuA6TviChey6nJ
7,36,2026-03-25T14:24:24.426Z,207.000,10,62.000,Do8hC1pw172W9xvw,104.000,uT1RCshO88YMpxwE,138.000,2N4uTfQs/yo3mBYi,196.000,02xuA6TviChey6nJ,198.000,YHloJXirCx60SFnV,199.000,obTLIQc2u6K1oipM,207.000,2iset8PVX4jSTSEH,208.000,Nsmpq/og5cO95HwJ,212.000,Kxg/hrv/euEuhbOE,213.000,MwfJUdRQPbSNr9Io
7,37,2026-03-25T14:24:24.633Z,197.000,10,61.000,Do8hC1pw172W9xvw,91.000,uT1RCshO88YMpxwE,137.000,2N4uTfQs/yo3mBYi,193.000,MwfJUdRQPbSNr9Io,195.000,obTLIQc2u6K1oipM,196.000,YHloJXirCx60SFnV,197.000,2iset8PVX4jSTSEH,198.000,Nsmpq/og5cO95HwJ,200.000,Kxg/hrv/euEuhbOE,211.000,02xuA6TviChey6nJ
7,38,2026-03-25T14:24:24.830Z,203.000,10,59.000,Do8hC1pw172W9xvw,139.000,uT1RCshO88YMpxwE,141.000,2N4uTfQs/yo3mBYi,184.000,MwfJUdRQPbSNr9Io,200.000,Nsmpq/og5cO95HwJ,202.000,02xuA6TviChey6nJ,203.000,YHloJXirCx60SFnV,204.000,Kxg/hrv/euEuhbOE,205.000,obTLIQc2u6K1oipM,211.000,2iset8PVX4jSTSEH
7,39,2026-03-25T14:24:25.033Z,193.000,10,57.000,Do8hC1pw172W9xvw,130.000,uT1RCshO88YMpxwE,132.000,2N4uTfQs/yo3mBYi,186.000,obTLIQc2u6K1oipM,188.000,Nsmpq/og5cO95HwJ,192.000,YHloJXirCx60SFnV,193.000,Kxg/hrv/euEuhbOE,195.000,2iset8PVX4jSTSEH,196.000,MwfJUdRQPbSNr9Io,202.000,02xuA6TviChey6nJ
7,40,2026-03-25T14:24:25.226Z,209.000,10,67.000,Do8hC1pw172W9xvw,130.000,2N4uTfQs/yo3mBYi,154.000,uT1RCshO88YMpxwE,193.000,obTLIQc2u6K1oipM,197.000,02xuA6TviChey6nJ,203.000,YHloJXirCx60SFnV,209.000,2iset8PVX4jSTSEH,211.000,Nsmpq/og5cO95HwJ,213.000,MwfJUdRQPbSNr9Io,219.000,Kxg/hrv/euEuhbOE
7,41,2026-03-25T14:24:25.435Z,198.000,10,55.000,Do8hC1pw172W9xvw,131.000,uT1RCshO88YMpxwE,136.000,2N4uTfQs/yo3mBYi,190.000,MwfJUdRQPbSNr9Io,193.000,Kxg/hrv/euEuhbOE,194.000,obTLIQc2u6K1oipM,198.000,YHloJXirCx60SFnV,204.000,Nsmpq/og5cO95HwJ,207.000,2iset8PVX4jSTSEH,211.000,02xuA6TviChey6nJ
7,42,2026-03-25T14:24:25.633Z,200.000,10,59.000,Do8hC1pw172W9xvw,116.000,2N4uTfQs/yo3mBYi,138.000,uT1RCshO88YMpxwE,191.000,obTLIQc2u6K1oipM,197.000,Kxg/hrv/euEuhbOE,198.000,YHloJXirCx60SFnV,200.000,2iset8PVX4jSTSEH,201.000,Nsmpq/og5cO95HwJ,204.000,02xuA6TviChey6nJ,207.000,MwfJUdRQPbSNr9Io
7,43,2026-03-25T14:24:25.833Z,203.000,10,60.000,Do8hC1pw172W9xvw,110.000,uT1RCshO88YMpxwE,132.000,2N4uTfQs/yo3mBYi,198.000,Nsmpq/og5cO95HwJ,200.000,YHloJXirCx60SFnV,201.000,02xuA6TviChey6nJ,203.000,Kxg/hrv/euEuhbOE,205.000,MwfJUdRQPbSNr9Io,207.000,obTLIQc2u6K1oipM,208.000,2iset8PVX4jSTSEH
7,44,2026-03-25T14:24:26.036Z,202.000,10,63.000,Do8hC1pw172W9xvw,119.000,2N4uTfQs/yo3mBYi,148.000,uT1RCshO88YMpxwE,187.000,obTLIQc2u6K1oipM,192.000,02xuA6TviChey6nJ,198.000,2iset8PVX4jSTSEH,202.000,Kxg/hrv/euEuhbOE,204.000,MwfJUdRQPbSNr9Io,205.000,YHloJXirCx60SFnV,211.000,Nsmpq/og5cO95HwJ
7,45,2026-03-25T14:24:26.238Z,200.000,10,56.000,Do8hC1pw172W9xvw,130.000,2N4uTfQs/yo3mBYi,135.000,uT1RCshO88YMpxwE,194.000,2iset8PVX4jSTSEH,195.000,YHloJXirCx60SFnV,196.000,obTLIQc2u6K1oipM,200.000,Nsmpq/og5cO95HwJ,205.000,MwfJUdRQPbSNr9Io,210.000,Kxg/hrv/euEuhbOE,215.000,02xuA6TviChey6nJ
7,46,2026-03-25T14:24:26.438Z,205.000,10,60.000,Do8hC1pw172W9xvw,101.000,uT1RCshO88YMpxwE,140.000,2N4uTfQs/yo3mBYi,199.000,02xuA6TviChey6nJ,202.000,obTLIQc2u6K1oipM,204.000,MwfJUdRQPbSNr9Io,205.000,2iset8PVX4jSTSEH,206.000,Nsmpq/og5cO95HwJ,208.000,YHloJXirCx60SFnV,209.000,Kxg/hrv/euEuhbOE
7,47,2026-03-25T14:24:26.643Z,204.000,10,56.000,Do8hC1pw172W9xvw,121.000,2N4uTfQs/yo3mBYi,138.000,uT1RCshO88YMpxwE,196.000,Nsmpq/og5cO95HwJ,198.000,02xuA6TviChey6nJ,200.000,obTLIQc2u6K1oipM,204.000,2iset8PVX4jSTSEH,209.000,MwfJUdRQPbSNr9Io,211.000,Kxg/hrv/euEuhbOE,218.000,YHloJXirCx60SFnV
7,48,2026-03-25T14:24:26.847Z,196.000,10,55.000,Do8hC1pw172W9xvw,130.000,2N4uTfQs/yo3mBYi,144.000,uT1RCshO88YMpxwE,188.000,02xuA6TviChey6nJ,190.000,obTLIQc2u6K1oipM,193.000,YHloJXirCx60SFnV,196.000,Kxg/hrv/euEuhbOE,199.000,2iset8PVX4jSTSEH,204.000,MwfJUdRQPbSNr9Io,205.000,Nsmpq/og5cO95HwJ
7,49,2026-03-25T14:24:27.043Z,202.000,10,60.000,Do8hC1pw172W9xvw,126.000,2N4uTfQs/yo3mBYi,156.000,uT1RCshO88YMpxwE,196.000,Nsmpq/og5cO95HwJ,200.000,2iset8PVX4jSTSEH,201.000,Kxg/hrv/euEuhbOE,202.000,obTLIQc2u6K1oipM,209.000,MwfJUdRQPbSNr9Io,212.000,YHloJXirCx60SFnV,214.000,02xuA6TviChey6nJ
7,50,2026-03-25T14:24:27.245Z,197.000,10,58.000,Do8hC1pw172W9xvw,125.000,2N4uTfQs/yo3mBYi,135.000,uT1RCshO88YMpxwE,193.000,Nsmpq/og5cO95HwJ,194.000,MwfJUdRQPbSNr9Io,196.000,02xuA6TviChey6nJ,197.000,Kxg/hrv/euEuhbOE,200.000,2iset8PVX4jSTSEH,201.000,obTLIQc2u6K1oipM,203.000,YHloJXirCx60SFnV
7,51,2026-03-25T14:24:27.442Z,207.000,10,68.000,Do8hC1pw172W9xvw,124.000,2N4uTfQs/yo3mBYi,160.000,uT1RCshO88YMpxwE,203.000,MwfJUdRQPbSNr9Io,204.000,Kxg/hrv/euEuhbOE,206.000,2iset8PVX4jSTSEH,207.000,Nsmpq/og5cO95HwJ,208.000,02xuA6TviChey6nJ,209.000,obTLIQc2u6K1oipM,216.000,YHloJXirCx60SFnV
7,52,2026-03-25T14:24:27.649Z,202.000,10,54.000,Do8hC1pw172W9xvw,119.000,2N4uTfQs/yo3mBYi,132.000,uT1RCshO88YMpxwE,192.000,YHloJXirCx60SFnV,196.000,02xuA6TviChey6nJ,197.000,MwfJUdRQPbSNr9Io,202.000,2iset8PVX4jSTSEH,203.000,obTLIQc2u6K1oipM,204.000,Kxg/hrv/euEuhbOE,207.000,Nsmpq/og5cO95HwJ
7,53,2026-03-25T14:24:27.851Z,198.000,10,57.000,Do8hC1pw172W9xvw,129.000,uT1RCshO88YMpxwE,141.000,2N4uTfQs/yo3mBYi,186.000,obTLIQc2u6K1oipM,187.000,Kxg/hrv/euEuhbOE,192.000,Nsmpq/og5cO95HwJ,198.000,2iset8PVX4jSTSEH,199.000,MwfJUdRQPbSNr9Io,212.000,02xuA6TviChey6nJ,214.000,YHloJXirCx60SFnV
7,54,2026-03-25T14:24:28.049Z,204.000,10,60.000,Do8hC1pw172W9xvw,127.000,2N4uTfQs/yo3mBYi,132.000,uT1RCshO88YMpxwE,193.000,02xuA6TviChey6nJ,201.000,MwfJUdRQPbSNr9Io,203.000,Kxg/hrv/euEuhbOE,204.000,2iset8PVX4jSTSEH,205.000,Nsmpq/og5cO95HwJ,207.000,obTLIQc2u6K1oipM,209.000,YHloJXirCx60SFnV
7,55,2026-03-25T14:24:28.253Z,202.000,10,55.000,Do8hC1pw172W9xvw,113.000,uT1RCshO88YMpxwE,133.000,2N4uTfQs/yo3mBYi,193.000,MwfJUdRQPbSNr9Io,195.000,YHloJXirCx60SFnV,198.000,Nsmpq/og5cO95HwJ,202.000,obTLIQc2u6K1oipM,203.000,Kxg/hrv/euEuhbOE,205.000,02xuA6TviChey6nJ,213.000,2iset8PVX4jSTSEH
7,56,2026-03-25T14:24:28.455Z,200.000,10,52.000,Do8hC1pw172W9xvw,92.000,uT1RCshO88YMpxwE,142.000,2N4uTfQs/yo3mBYi,189.000,Kxg/hrv/euEuhbOE,193.000,Nsmpq/og5cO95HwJ,198.000,2iset8PVX4jSTSEH,200.000,MwfJUdRQPbSNr9Io,202.000,02xuA6TviChey6nJ,209.000,obTLIQc2u6K1oipM,217.000,YHloJXirCx60SFnV
7,57,2026-03-25T14:24:28.655Z,197.000,10,56.000,Do8hC1pw172W9xvw,125.000,2N4uTfQs/yo3mBYi,187.000,uT1RCshO88YMpxwE,189.000,Nsmpq/og5cO95HwJ,192.000,02xuA6TviChey6nJ,195.000,obTLIQc2u6K1oipM,197.000,Kxg/hrv/euEuhbOE,200.000,2iset8PVX4jSTSEH,203.000,MwfJUdRQPbSNr9Io,205.000,YHloJXirCx60SFnV
7,58,2026-03-25T14:24:28.852Z,204.000,10,55.000,Do8hC1pw172W9xvw,153.000,2N4uTfQs/yo3mBYi,155.000,uT1RCshO88YMpxwE,191.000,Kxg/hrv/euEuhbOE,199.000,02xuA6TviChey6nJ,203.000,Nsmpq/og5cO95HwJ,203.000,MwfJUdRQPbSNr9Io,205.000,2iset8PVX4jSTSEH,211.000,obTLIQc2u6K1oipM,216.000,YHloJXirCx60SFnV
7,59,2026-03-25T14:24:29.056Z,200.000,10,61.000,Do8hC1pw172W9xvw,142.000,2N4uTfQs/yo3mBYi,145.000,uT1RCshO88YMpxwE,185.000,MwfJUdRQPbSNr9Io,194.000,Nsmpq/og5cO95HwJ,197.000,obTLIQc2u6K1oipM,200.000,2iset8PVX4jSTSEH,205.000,Kxg/hrv/euEuhbOE,206.000,YHloJXirCx60SFnV,208.000,02xuA6TviChey6nJ
7,60,2026-03-25T14:24:29.256Z,201.000,10,62.000,Do8hC1pw172W9xvw,128.000,uT1RCshO88YMpxwE,135.000,2N4uTfQs/yo3mBYi,187.000,2iset8PVX4jSTSEH,198.000,02xuA6TviChey6nJ,200.000,MwfJUdRQPbSNr9Io,201.000,YHloJXirCx60SFnV,204.000,Kxg/hrv/euEuhbOE,207.000,obTLIQc2u6K1oipM,210.000,Nsmpq/og5cO95HwJ
7,61,2026-03-25T14:24:29.457Z,205.000,10,66.000,Do8hC1pw172W9xvw,98.000,uT1RCshO88YMpxwE,106.000,2N4uTfQs/yo3mBYi,198.000,YHloJXirCx60SFnV,202.000,02xuA6TviChey6nJ,203.000,MwfJUdRQPbSNr9Io,205.000,obTLIQc2u6K1oipM,206.000,Kxg/hrv/euEuhbOE,207.000,2iset8PVX4jSTSEH,210.000,Nsmpq/og5cO95HwJ
7,62,2026-03-25T14:24:29.662Z,195.000,10,59.000,Do8hC1pw172W9xvw,106.000,uT1RCshO88YMpxwE,140.000,2N4uTfQs/yo3mBYi,166.000,obTLIQc2u6K1oipM,183.000,MwfJUdRQPbSNr9Io,194.000,Nsmpq/og5cO95HwJ,195.000,2iset8PVX4jSTSEH,196.000,Kxg/hrv/euEuhbOE,200.000,02xuA6TviChey6nJ,211.000,YHloJXirCx60SFnV
7,63,2026-03-25T14:24:29.857Z,206.000,10,64.000,Do8hC1pw172W9xvw,134.000,uT1RCshO88YMpxwE,141.000,2N4uTfQs/yo3mBYi,196.000,obTLIQc2u6K1oipM,198.000,Nsmpq/og5cO95HwJ,204.000,2iset8PVX4jSTSEH,206.000,Kxg/hrv/euEuhbOE,214.000,02xuA6TviChey6nJ,216.000,MwfJUdRQPbSNr9Io,221.000,YHloJXirCx60SFnV
7,64,2026-03-25T14:24:30.063Z,200.000,10,53.000,Do8hC1pw172W9xvw,116.000,uT1RCshO88YMpxwE,122.000,2N4uTfQs/yo3mBYi,196.000,02xuA6TviChey6nJ,197.000,obTLIQc2u6K1oipM,198.000,MwfJUdRQPbSNr9Io,200.000,YHloJXirCx60SFnV,201.000,Kxg/hrv/euEuhbOE,207.000,Nsmpq/og5cO95HwJ,208.000,2iset8PVX4jSTSEH
7,65,2026-03-25T14:24:30.263Z,200.000,10,63.000,Do8hC1pw172W9xvw,102.000,uT1RCshO88YMpxwE,128.000,2N4uTfQs/yo3mBYi,186.000,Kxg/hrv/euEuhbOE,197.000,02xuA6TviChey6nJ,198.000,Nsmpq/og5cO95HwJ,200.000,obTLIQc2u6K1oipM,201.000,YHloJXirCx60SFnV,208.000,2iset8PVX4jSTSEH,211.000,MwfJUdRQPbSNr9Io
7,66,2026-03-25T14:24:30.463Z,203.000,10,60.000,Do8hC1pw172W9xvw,121.000,2N4uTfQs/yo3mBYi,126.000,uT1RCshO88YMpxwE,196.000,obTLIQc2u6K1oipM,199.000,MwfJUdRQPbSNr9Io,200.000,2iset8PVX4jSTSEH,203.000,Kxg/hrv/euEuhbOE,205.000,Nsmpq/og5cO95HwJ,206.000,YHloJXirCx60SFnV,207.000,02xuA6TviChey6nJ
7,67,2026-03-25T14:24:30.666Z,202.000,10,57.000,Do8hC1pw172W9xvw,132.000,uT1RCshO88YMpxwE,144.000,2N4uTfQs/yo3mBYi,191.000,2iset8PVX4jSTSEH,197.000,Nsmpq/og5cO95HwJ,199.000,Kxg/hrv/euEuhbOE,202.000,02xuA6TviChey6nJ,206.000,YHloJXirCx60SFnV,208.000,MwfJUdRQPbSNr9Io,210.000,obTLIQc2u6K1oipM
7,68,2026-03-25T14:24:30.868Z,199.000,10,55.000,Do8hC1pw172W9xvw,138.000,2N4uTfQs/yo3mBYi,140.000,uT1RCshO88YMpxwE,191.000,Nsmpq/og5cO95HwJ,193.000,Kxg/hrv/euEuhbOE,196.000,YHloJXirCx60SFnV,199.000,2iset8PVX4jSTSEH,200.000,obTLIQc2u6K1oipM,203.000,02xuA6TviChey6nJ,207.000,MwfJUdRQPbSNr9Io
7,69,2026-03-25T14:24:31.067Z,207.000,10,59.000,Do8hC1pw172W9xvw,118.000,uT1RCshO88YMpxwE,155.000,2N4uTfQs/yo3mBYi,198.000,02xuA6TviChey6nJ,199.000,Nsmpq/og5cO95HwJ,201.000,YHloJXirCx60SFnV,207.000,Kxg/hrv/euEuhbOE,210.000,obTLIQc2u6K1oipM,212.000,MwfJUdRQPbSNr9Io,215.000,2iset8PVX4jSTSEH
7,70,2026-03-25T14:24:31.274Z,188.000,10,57.000,Do8hC1pw172W9xvw,99.000,uT1RCshO88YMpxwE,129.000,2N4uTfQs/yo3mBYi,184.000,MwfJUdRQPbSNr9Io,186.000,obTLIQc2u6K1oipM,187.000,2iset8PVX4jSTSEH,188.000,YHloJXirCx60SFnV,190.000,Nsmpq/og5cO95HwJ,194.000,02xuA6TviChey6nJ,196.000,Kxg/hrv/euEuhbOE
7,71,2026-03-25T14:24:31.462Z,210.000,10,69.000,Do8hC1pw172W9xvw,144.000,uT1RCshO88YMpxwE,148.000,2N4uTfQs/yo3mBYi,204.000,Kxg/hrv/euEuhbOE,207.000,MwfJUdRQPbSNr9Io,208.000,YHloJXirCx60SFnV,209.000,obTLIQc2u6K1oipM,213.000,Nsmpq/og5cO95HwJ,218.000,02xuA6TviChey6nJ,227.000,2iset8PVX4jSTSEH
7,72,2026-03-25T14:24:31.672Z,198.000,10,62.000,Do8hC1pw172W9xvw,138.000,2N4uTfQs/yo3mBYi,158.000,uT1RCshO88YMpxwE,190.000,Kxg/hrv/euEuhbOE,191.000,MwfJUdRQPbSNr9Io,195.000,Nsmpq/og5cO95HwJ,198.000,2iset8PVX4jSTSEH,200.000,YHloJXirCx60SFnV,207.000,obTLIQc2u6K1oipM,208.000,02xuA6TviChey6nJ
7,73,2026-03-25T14:24:31.870Z,203.000,10,61.000,Do8hC1pw172W9xvw,146.000,uT1RCshO88YMpxwE,148.000,2N4uTfQs/yo3mBYi,197.000,MwfJUdRQPbSNr9Io,198.000,Nsmpq/og5cO95HwJ,201.000,02xuA6TviChey6nJ,202.000,2iset8PVX4jSTSEH,205.000,obTLIQc2u6K1oipM,206.000,Kxg/hrv/euEuhbOE,208.000,YHloJXirCx60SFnV
7,74,2026-03-25T14:24:32.073Z,205.000,10,54.000,Do8hC1pw172W9xvw,130.000,uT1RCshO88YMpxwE,136.000,2N4uTfQs/yo3mBYi,195.000,2iset8PVX4jSTSEH,201.000,Kxg/hrv/euEuhbOE,202.000,obTLIQc2u6K1oipM,205.000,MwfJUdRQPbSNr9Io,207.000,Nsmpq/og5cO95HwJ,209.000,YHloJXirCx60SFnV,210.000,02xuA6TviChey6nJ
7,75,2026-03-25T14:24:32.278Z,197.000,10,62.000,Do8hC1pw172W9xvw,114.000,uT1RCshO88YMpxwE,135.000,2N4uTfQs/yo3mBYi,188.000,obTLIQc2u6K1oipM,191.000,Nsmpq/og5cO95HwJ,194.000,MwfJUdRQPbSNr9Io,197.000,2iset8PVX4jSTSEH,199.000,YHloJXirCx60SFnV,201.000,02xuA6TviChey6nJ,207.000,Kxg/hrv/euEuhbOE
7,76,2026-03-25T14:24:32.475Z,203.000,10,55.000,Do8hC1pw172W9xvw,125.000,uT1RCshO88YMpxwE,134.000,2N4uTfQs/yo3mBYi,189.000,MwfJUdRQPbSNr9Io,198.000,YHloJXirCx60SFnV,199.000,Nsmpq/og5cO95HwJ,203.000,Kxg/hrv/euEuhbOE,207.000,02xuA6TviChey6nJ,209.000,obTLIQc2u6K1oipM,211.000,2iset8PVX4jSTSEH
7,77,2026-03-25T14:24:32.678Z,197.000,10,55.000,Do8hC1pw172W9xvw,124.000,2N4uTfQs/yo3mBYi,125.000,uT1RCshO88YMpxwE,189.000,2iset8PVX4jSTSEH,194.000,Nsmpq/og5cO95HwJ,196.000,02xuA6TviChey6nJ,197.000,YHloJXirCx60SFnV,199.000,Kxg/hrv/euEuhbOE,200.000,obTLIQc2u6K1oipM,216.000,MwfJUdRQPbSNr9Io
7,78,2026-03-25T14:24:32.875Z,206.000,10,69.000,Do8hC1pw172W9xvw,140.000,uT1RCshO88YMpxwE,144.000,2N4uTfQs/yo3mBYi,194.000,02xuA6TviChey6nJ,204.000,Kxg/hrv/euEuhbOE,205.000,2iset8PVX4jSTSEH,206.000,obTLIQc2u6K1oipM,211.000,MwfJUdRQPbSNr9Io,212.000,YHloJXirCx60SFnV,213.000,Nsmpq/og5cO95HwJ
7,79,2026-03-25T14:24:33.081Z,199.000,10,60.000,Do8hC1pw172W9xvw,118.000,2N4uTfQs/yo3mBYi,127.000,uT1RCshO88YMpxwE,191.000,02xuA6TviChey6nJ,194.000,Kxg/hrv/euEuhbOE,197.000,obTLIQc2u6K1oipM,199.000,Nsmpq/og5cO95HwJ,200.000,2iset8PVX4jSTSEH,201.000,YHloJXirCx60SFnV,206.000,MwfJUdRQPbSNr9Io
7,80,2026-03-25T14:24:33.280Z,208.000,10,64.000,Do8hC1pw172W9xvw,128.000,uT1RCshO88YMpxwE,153.000,2N4uTfQs/yo3mBYi,183.000,2iset8PVX4jSTSEH,198.000,Kxg/hrv/euEuhbOE,200.000,MwfJUdRQPbSNr9Io,207.000,obTLIQc2u6K1oipM,209.000,Nsmpq/og5cO95HwJ,210.000,02xuA6TviChey6nJ,211.000,YHloJXirCx60SFnV
7,81,2026-03-25T14:24:33.488Z,202.000,10,48.000,Do8hC1pw172W9xvw,130.000,2N4uTfQs/yo3mBYi,135.000,uT1RCshO88YMpxwE,180.000,MwfJUdRQPbSNr9Io,190.000,YHloJXirCx60SFnV,194.000,obTLIQc2u6K1oipM,201.000,2iset8PVX4jSTSEH,203.000,Nsmpq/og5cO95HwJ,204.000,02xuA6TviChey6nJ,205.000,Kxg/hrv/euEuhbOE
7,82,2026-03-25T14:24:33.690Z,196.000,10,52.000,Do8hC1pw172W9xvw,124.000,uT1RCshO88YMpxwE,127.000,2N4uTfQs/yo3mBYi,185.000,Kxg/hrv/euEuhbOE,186.000,2iset8PVX4jSTSEH,187.000,obTLIQc2u6K1oipM,196.000,MwfJUdRQPbSNr9Io,198.000,02xuA6TviChey6nJ,199.000,Nsmpq/og5cO95HwJ,209.000,YHloJXirCx60SFnV
7,83,2026-03-25T14:24:33.886Z,200.000,10,57.000,Do8hC1pw172W9xvw,123.000,uT1RCshO88YMpxwE,129.000,2N4uTfQs/yo3mBYi,190.000,MwfJUdRQPbSNr9Io,192.000,YHloJXirCx60SFnV,198.000,Kxg/hrv/euEuhbOE,200.000,obTLIQc2u6K1oipM,202.000,02xuA6TviChey6nJ,205.000,2iset8PVX4jSTSEH,216.000,Nsmpq/og5cO95HwJ
7,84,2026-03-25T14:24:34.086Z,202.000,10,62.000,Do8hC1pw172W9xvw,123.000,uT1RCshO88YMpxwE,153.000,2N4uTfQs/yo3mBYi,193.000,MwfJUdRQPbSNr9Io,200.000,Kxg/hrv/euEuhbOE,201.000,obTLIQc2u6K1oipM,202.000,2iset8PVX4jSTSEH,211.000,02xuA6TviChey6nJ,215.000,YHloJXirCx60SFnV,223.000,Nsmpq/og5cO95HwJ
7,85,2026-03-25T14:24:34.288Z,196.000,10,59.000,Do8hC1pw172W9xvw,135.000,2N4uTfQs/yo3mBYi,150.000,uT1RCshO88YMpxwE,193.000,MwfJUdRQPbSNr9Io,193.000,Kxg/hrv/euEuhbOE,195.000,Nsmpq/og5cO95HwJ,196.000,obTLIQc2u6K1oipM,202.000,2iset8PVX4jSTSEH,209.000,02xuA6TviChey6nJ,223.000,YHloJXirCx60SFnV
7,86,2026-03-25T14:24:34.484Z,209.000,10,61.000,Do8hC1pw172W9xvw,109.000,uT1RCshO88YMpxwE,137.000,2N4uTfQs/yo3mBYi,195.000,Kxg/hrv/euEuhbOE,201.000,02xuA6TviChey6nJ,206.000,MwfJUdRQPbSNr9Io,209.000,Nsmpq/og5cO95HwJ,210.000,2iset8PVX4jSTSEH,211.000,YHloJXirCx60SFnV,214.000,obTLIQc2u6K1oipM
7,87,2026-03-25T14:24:34.693Z,199.000,10,53.000,Do8hC1pw172W9xvw,112.000,2N4uTfQs/yo3mBYi,134.000,uT1RCshO88YMpxwE,186.000,obTLIQc2u6K1oipM,189.000,MwfJUdRQPbSNr9Io,198.000,02xuA6TviChey6nJ,199.000,Kxg/hrv/euEuhbOE,200.000,Nsmpq/og5cO95HwJ,201.000,YHloJXirCx60SFnV,203.000,2iset8PVX4jSTSEH
7,88,2026-03-25T14:24:34.892Z,199.000,10,59.000,Do8hC1pw172W9xvw,99.000,uT1RCshO88YMpxwE,155.000,2N4uTfQs/yo3mBYi,190.000,Kxg/hrv/euEuhbOE,193.000,YHloJXirCx60SFnV,194.000,02xuA6TviChey6nJ,199.000,MwfJUdRQPbSNr9Io,202.000,2iset8PVX4jSTSEH,211.000,obTLIQc2u6K1oipM,221.000,Nsmpq/og5cO95HwJ
7,89,2026-03-25T14:24:35.091Z,204.000,10,66.000,Do8hC1pw172W9xvw,103.000,uT1RCshO88YMpxwE,130.000,2N4uTfQs/yo3mBYi,186.000,obTLIQc2u6K1oipM,191.000,MwfJUdRQPbSNr9Io,192.000,Kxg/hrv/euEuhbOE,204.000,02xuA6TviChey6nJ,206.000,2iset8PVX4jSTSEH,208.000,YHloJXirCx60SFnV,209.000,Nsmpq/og5cO95HwJ
7,90,2026-03-25T14:24:35.295Z,205.000,10,58.000,Do8hC1pw172W9xvw,123.000,uT1RCshO88YMpxwE,146.000,2N4uTfQs/yo3mBYi,197.000,MwfJUdRQPbSNr9Io,199.000,2iset8PVX4jSTSEH,204.000,YHloJXirCx60SFnV,205.000,02xuA6TviChey6nJ,206.000,Kxg/hrv/euEuhbOE,210.000,obTLIQc2u6K1oipM,218.000,Nsmpq/og5cO95HwJ
7,91,2026-03-25T14:24:35.500Z,294.000,10,63.000,Do8hC1pw172W9xvw,135.000,uT1RCshO88YMpxwE,151.000,2N4uTfQs/yo3mBYi,194.000,obTLIQc2u6K1oipM,198.000,MwfJUdRQPbSNr9Io,202.000,02xuA6TviChey6nJ,203.000,Nsmpq/og5cO95HwJ,296.000,YHloJXirCx60SFnV,298.000,2iset8PVX4jSTSEH,388.000,Kxg/hrv/euEuhbOE
7,92,2026-03-25T14:24:35.794Z,123.000,10,30.000,2N4uTfQs/yo3mBYi,34.000,uT1RCshO88YMpxwE,74.000,Do8hC1pw172W9xvw,108.000,obTLIQc2u6K1oipM,117.000,MwfJUdRQPbSNr9Io,122.000,2iset8PVX4jSTSEH,123.000,Kxg/hrv/euEuhbOE,124.000,Nsmpq/og5cO95HwJ,129.000,YHloJXirCx60SFnV,142.000,02xuA6TviChey6nJ
7,93,2026-03-25T14:24:35.917Z,201.000,10,91.000,uT1RCshO88YMpxwE,109.000,2N4uTfQs/yo3mBYi,151.000,Do8hC1pw172W9xvw,191.000,obTLIQc2u6K1oipM,193.000,Kxg/hrv/euEuhbOE,196.000,MwfJUdRQPbSNr9Io,201.000,2iset8PVX4jSTSEH,206.000,02xuA6TviChey6nJ,224.000,Nsmpq/og5cO95HwJ,229.000,YHloJXirCx60SFnV
7,94,2026-03-25T14:24:36.118Z,196.000,10,85.000,uT1RCshO88YMpxwE,99.000,2N4uTfQs/yo3mBYi,152.000,Do8hC1pw172W9xvw,182.000,YHloJXirCx60SFnV,187.000,Nsmpq/og5cO95HwJ,195.000,obTLIQc2u6K1oipM,196.000,02xuA6TviChey6nJ,200.000,MwfJUdRQPbSNr9Io,207.000,Kxg/hrv/euEuhbOE,216.000,2iset8PVX4jSTSEH
7,95,2026-03-25T14:24:36.314Z,206.000,10,84.000,uT1RCshO88YMpxwE,91.000,2N4uTfQs/yo3mBYi,135.000,Do8hC1pw172W9xvw,201.000,Kxg/hrv/euEuhbOE,202.000,MwfJUdRQPbSNr9Io,203.000,02xuA6TviChey6nJ,206.000,2iset8PVX4jSTSEH,209.000,Nsmpq/og5cO95HwJ,218.000,YHloJXirCx60SFnV,224.000,obTLIQc2u6K1oipM
7,96,2026-03-25T14:24:36.520Z,201.000,10,88.000,uT1RCshO88YMpxwE,96.000,2N4uTfQs/yo3mBYi,121.000,Do8hC1pw172W9xvw,192.000,Kxg/hrv/euEuhbOE,197.000,obTLIQc2u6K1oipM,199.000,Nsmpq/og5cO95HwJ,201.000,MwfJUdRQPbSNr9Io,212.000,YHloJXirCx60SFnV,214.000,02xuA6TviChey6nJ,224.000,2iset8PVX4jSTSEH
7,97,2026-03-25T14:24:36.721Z,197.000,10,90.000,uT1RCshO88YMpxwE,97.000,2N4uTfQs/yo3mBYi,137.000,Do8hC1pw172W9xvw,192.000,Kxg/hrv/euEuhbOE,194.000,YHloJXirCx60SFnV,196.000,Nsmpq/og5cO95HwJ,197.000,MwfJUdRQPbSNr9Io,199.000,obTLIQc2u6K1oipM,204.000,2iset8PVX4jSTSEH,206.000,02xuA6TviChey6nJ
7,98,2026-03-25T14:24:36.918Z,211.000,10,102.000,uT1RCshO88YMpxwE,111.000,2N4uTfQs/yo3mBYi,144.000,Do8hC1pw172W9xvw,201.000,02xuA6TviChey6nJ,207.000,obTLIQc2u6K1oipM,209.000,Kxg/hrv/euEuhbOE,211.000,MwfJUdRQPbSNr9Io,213.000,2iset8PVX4jSTSEH,214.000,Nsmpq/og5cO95HwJ,231.000,YHloJXirCx60SFnV
7,99,2026-03-25T14:24:37.129Z,214.000,10,83.000,2N4uTfQs/yo3mBYi,98.000,uT1RCshO88YMpxwE,134.000,Do8hC1pw172W9xvw,181.000,MwfJUdRQPbSNr9Io,193.000,2iset8PVX4jSTSEH,213.000,02xuA6TviChey6nJ,214.000,obTLIQc2u6K1oipM,217.000,Nsmpq/og5cO95HwJ,222.000,YHloJXirCx60SFnV,226.000,Kxg/hrv/euEuhbOE
7,100,2026-03-25T14:24:37.343Z,187.000,10,75.000,2N4uTfQs/yo3mBYi,83.000,uT1RCshO88YMpxwE,109.000,Do8hC1pw172W9xvw,180.000,Nsmpq/og5cO95HwJ,184.000,2iset8PVX4jSTSEH,185.000,02xuA6TviChey6nJ,187.000,MwfJUdRQPbSNr9Io,195.000,YHloJXirCx60SFnV,196.000,obTLIQc2u6K1oipM,202.000,Kxg/hrv/euEuhbOE
7,101,2026-03-25T14:24:37.530Z,200.000,10,88.000,2N4uTfQs/yo3mBYi,101.000,uT1RCshO88YMpxwE,127.000,Do8hC1pw172W9xvw,179.000,Nsmpq/og5cO95HwJ,180.000,02xuA6TviChey6nJ,193.000,2iset8PVX4jSTSEH,200.000,MwfJUdRQPbSNr9Io,201.000,Kxg/hrv/euEuhbOE,202.000,YHloJXirCx60SFnV,212.000,obTLIQc2u6K1oipM
7,102,2026-03-25T14:24:37.730Z,197.000,10,83.000,2N4uTfQs/yo3mBYi,104.000,uT1RCshO88YMpxwE,126.000,Do8hC1pw172W9xvw,191.000,Nsmpq/og5cO95HwJ,193.000,2iset8PVX4jSTSEH,195.000,obTLIQc2u6K1oipM,196.000,Kxg/hrv/euEuhbOE,199.000,02xuA6TviChey6nJ,204.000,MwfJUdRQPbSNr9Io,219.000,YHloJXirCx60SFnV
7,103,2026-03-25T14:24:37.927Z,213.000,10,95.000,2N4uTfQs/yo3mBYi,102.000,uT1RCshO88YMpxwE,145.000,Do8hC1pw172W9xvw,201.000,Nsmpq/og5cO95HwJ,205.000,obTLIQc2u6K1oipM,212.000,MwfJUdRQPbSNr9Io,213.000,02xuA6TviChey6nJ,215.000,Kxg/hrv/euEuhbOE,220.000,2iset8PVX4jSTSEH,235.000,YHloJXirCx60SFnV
7,104,2026-03-25T14:24:38.140Z,212.000,10,75.000,2N4uTfQs/yo3mBYi,90.000,uT1RCshO88YMpxwE,133.000,Do8hC1pw172W9xvw,187.000,Nsmpq/og5cO95HwJ,191.000,MwfJUdRQPbSNr9Io,192.000,obTLIQc2u6K1oipM,212.000,Kxg/hrv/euEuhbOE,216.000,2iset8PVX4jSTSEH,220.000,YHloJXirCx60SFnV,221.000,02xuA6TviChey6nJ
7,105,2026-03-25T14:24:38.352Z,228.000,10,216.000,Kxg/hrv/euEuhbOE,218.000,2N4uTfQs/yo3mBYi,220.000,uT1RCshO88YMpxwE,222.000,Do8hC1pw172W9xvw,224.000,Nsmpq/og5cO95HwJ,226.000,obTLIQc2u6K1oipM,228.000,2iset8PVX4jSTSEH,230.000,MwfJUdRQPbSNr9Io,237.000,02xuA6TviChey6nJ,255.000,YHloJXirCx60SFnV
7,106,2026-03-25T14:24:38.580Z,165.000,10,55.000,uT1RCshO88YMpxwE,78.000,2N4uTfQs/yo3mBYi,116.000,Do8hC1pw172W9xvw,147.000,YHloJXirCx60SFnV,152.000,Kxg/hrv/euEuhbOE,160.000,obTLIQc2u6K1oipM,165.000,MwfJUdRQPbSNr9Io,173.000,Nsmpq/og5cO95HwJ,179.000,2iset8PVX4jSTSEH,190.000,02xuA6TviChey6nJ
7,107,2026-03-25T14:24:38.745Z,190.000,10,81.000,2N4uTfQs/yo3mBYi,115.000,Do8hC1pw172W9xvw,119.000,uT1RCshO88YMpxwE,169.000,obTLIQc2u6K1oipM,174.000,2iset8PVX4jSTSEH,180.000,Kxg/hrv/euEuhbOE,190.000,02xuA6TviChey6nJ,191.000,Nsmpq/og5cO95HwJ,201.000,MwfJUdRQPbSNr9Io,207.000,YHloJXirCx60SFnV
7,108,2026-03-25T14:24:38.935Z,215.000,10,90.000,2N4uTfQs/yo3mBYi,107.000,uT1RCshO88YMpxwE,127.000,Do8hC1pw172W9xvw,196.000,obTLIQc2u6K1oipM,203.000,MwfJUdRQPbSNr9Io,204.000,2iset8PVX4jSTSEH,215.000,Kxg/hrv/euEuhbOE,217.000,Nsmpq/og5cO95HwJ,219.000,YHloJXirCx60SFnV,244.000,02xuA6TviChey6nJ
7,109,2026-03-25T14:24:39.150Z,201.000,10,81.000,2N4uTfQs/yo3mBYi,86.000,uT1RCshO88YMpxwE,110.000,Do8hC1pw172W9xvw,168.000,MwfJUdRQPbSNr9Io,186.000,Nsmpq/og5cO95HwJ,196.000,obTLIQc2u6K1oipM,201.000,Kxg/hrv/euEuhbOE,204.000,2iset8PVX4jSTSEH,220.000,02xuA6TviChey6nJ,229.000,YHloJXirCx60SFnV
7,110,2026-03-25T14:24:39.351Z,199.000,10,81.000,2N4uTfQs/yo3mBYi,85.000,uT1RCshO88YMpxwE,111.000,Do8hC1pw172W9xvw,178.000,MwfJUdRQPbSNr9Io,187.000,obTLIQc2u6K1oipM,195.000,Kxg/hrv/euEuhbOE,199.000,Nsmpq/og5cO95HwJ,213.000,YHloJXirCx60SFnV,214.000,02xuA6TviChey6nJ,232.000,2iset8PVX4jSTSEH
7,111,2026-03-25T14:24:39.550Z,186.000,10,81.000,uT1RCshO88YMpxwE,102.000,2N4uTfQs/yo3mBYi,108.000,Do8hC1pw172W9xvw,172.000,obTLIQc2u6K1oipM,183.000,Kxg/hrv/euEuhbOE,184.000,Nsmpq/og5cO95HwJ,186.000,MwfJUdRQPbSNr9Io,205.000,YHloJXirCx60SFnV,237.000,2iset8PVX4jSTSEH,240.000,02xuA6TviChey6nJ
7,112,2026-03-25T14:24:39.736Z,217.000,10,99.000,uT1RCshO88YMpxwE,118.000,2N4uTfQs/yo3mBYi,133.000,Do8hC1pw172W9xvw,202.000,obTLIQc2u6K1oipM,207.000,Nsmpq/og5cO95HwJ,209.000,YHloJXirCx60SFnV,216.000,MwfJUdRQPbSNr9Io,228.000,Kxg/hrv/euEuhbOE,243.000,02xuA6TviChey6nJ,246.000,2iset8PVX4jSTSEH
7,113,2026-03-25T14:24:39.953Z,201.000,10,80.000,uT1RCshO88YMpxwE,105.000,Do8hC1pw172W9xvw,106.000,2N4uTfQs/yo3mBYi,192.000,MwfJUdRQPbSNr9Io,193.000,Kxg/hrv/euEuhbOE,196.000,obTLIQc2u6K1oipM,201.000,YHloJXirCx60SFnV,202.000,Nsmpq/og5cO95HwJ,226.000,2iset8PVX4jSTSEH,320.000,02xuA6TviChey6nJ
7,114,2026-03-25T14:24:40.154Z,211.000,10,96.000,uT1RCshO88YMpxwE,108.000,Do8hC1pw172W9xvw,116.000,2N4uTfQs/yo3mBYi,190.000,Nsmpq/og5cO95HwJ,192.000,MwfJUdRQPbSNr9Io,194.000,Kxg/hrv/euEuhbOE,211.000,YHloJXirCx60SFnV,216.000,obTLIQc2u6K1oipM,240.000,2iset8PVX4jSTSEH,246.000,02xuA6TviChey6nJ
7,115,2026-03-25T14:24:40.365Z,192.000,10,90.000,uT1RCshO88YMpxwE,92.000,2N4uTfQs/yo3mBYi,106.000,Do8hC1pw172W9xvw,182.000,MwfJUdRQPbSNr9Io,185.000,Nsmpq/og5cO95HwJ,189.000,obTLIQc2u6K1oipM,192.000,YHloJXirCx60SFnV,199.000,Kxg/hrv/euEuhbOE,224.000,2iset8PVX4jSTSEH,228.000,02xuA6TviChey6nJ
7,116,2026-03-25T14:24:40.557Z,199.000,10,89.000,uT1RCshO88YMpxwE,106.000,Do8hC1pw172W9xvw,110.000,2N4uTfQs/yo3mBYi,183.000,MwfJUdRQPbSNr9Io,192.000,YHloJXirCx60SFnV,197.000,obTLIQc2u6K1oipM,199.000,Kxg/hrv/euEuhbOE,205.000,Nsmpq/og5cO95HwJ,221.000,02xuA6TviChey6nJ,235.000,2iset8PVX4jSTSEH
7,117,2026-03-25T14:24:40.756Z,198.000,10,78.000,uT1RCshO88YMpxwE,98.000,2N4uTfQs/yo3mBYi,133.000,Do8hC1pw172W9xvw,193.000,Nsmpq/og5cO95HwJ,194.000,YHloJXirCx60SFnV,196.000,obTLIQc2u6K1oipM,197.000,MwfJUdRQPbSNr9Io,215.000,Kxg/hrv/euEuhbOE,232.000,2iset8PVX4jSTSEH,241.000,02xuA6TviChey6nJ
7,118,2026-03-25T14:24:40.954Z,206.000,10,96.000,uT1RCshO88YMpxwE,106.000,2N4uTfQs/yo3mBYi,120.000,Do8hC1pw172W9xvw,179.000,Kxg/hrv/euEuhbOE,195.000,MwfJUdRQPbSNr9Io,202.000,obTLIQc2u6K1oipM,206.000,Nsmpq/og5cO95HwJ,210.000,YHloJXirCx60SFnV,217.000,2iset8PVX4jSTSEH,244.000,02xuA6TviChey6nJ
7,119,2026-03-25T14:24:41.160Z,204.000,10,78.000,uT1RCshO88YMpxwE,99.000,2N4uTfQs/yo3mBYi,115.000,Do8hC1pw172W9xvw,183.000,obTLIQc2u6K1oipM,184.000,MwfJUdRQPbSNr9Io,192.000,Kxg/hrv/euEuhbOE,203.000,Nsmpq/og5cO95HwJ,228.000,YHloJXirCx60SFnV,241.000,02xuA6TviChey6nJ,248.000,2iset8PVX4jSTSEH
7,120,2026-03-25T14:24:41.364Z,193.000,10,94.000,uT1RCshO88YMpxwE,95.000,2N4uTfQs/yo3mBYi,112.000,Do8hC1pw172W9xvw,184.000,Kxg/hrv/euEuhbOE,185.000,MwfJUdRQPbSNr9Io,188.000,Nsmpq/og5cO95HwJ,193.000,obTLIQc2u6K1oipM,203.000,YHloJXirCx60SFnV,237.000,2iset8PVX4jSTSEH,239.000,02xuA6TviChey6nJ
7,121,2026-03-25T14:24:41.557Z,220.000,10,85.000,uT1RCshO88YMpxwE,101.000,2N4uTfQs/yo3mBYi,131.000,Do8hC1pw172W9xvw,180.000,MwfJUdRQPbSNr9Io,192.000,Nsmpq/og5cO95HwJ,205.000,Kxg/hrv/euEuhbOE,220.000,obTLIQc2u6K1oipM,228.000,2iset8PVX4jSTSEH,236.000,02xuA6TviChey6nJ,252.000,YHloJXirCx60SFnV
7,122,2026-03-25T14:24:41.777Z,182.000,10,88.000,2N4uTfQs/yo3mBYi,91.000,uT1RCshO88YMpxwE,97.000,Do8hC1pw172W9xvw,159.000,MwfJUdRQPbSNr9Io,162.000,obTLIQc2u6K1oipM,177.000,Kxg/hrv/euEuhbOE,182.000,YHloJXirCx60SFnV,190.000,Nsmpq/og5cO95HwJ,215.000,02xuA6TviChey6nJ,223.000,2iset8PVX4jSTSEH
7,123,2026-03-25T14:24:41.959Z,204.000,10,93.000,uT1RCshO88YMpxwE,109.000,2N4uTfQs/yo3mBYi,124.000,Do8hC1pw172W9xvw,180.000,obTLIQc2u6K1oipM,193.000,MwfJUdRQPbSNr9Io,198.000,Nsmpq/og5cO95HwJ,204.000,Kxg/hrv/euEuhbOE,211.000,YHloJXirCx60SFnV,233.000,2iset8PVX4jSTSEH,254.000,02xuA6TviChey6nJ
7,124,2026-03-25T14:24:42.163Z,219.000,10,98.000,uT1RCshO88YMpxwE,101.000,2N4uTfQs/yo3mBYi,138.000,Do8hC1pw172W9xvw,208.000,MwfJUdRQPbSNr9Io,215.000,obTLIQc2u6K1oipM,218.000,Kxg/hrv/euEuhbOE,219.000,02xuA6TviChey6nJ,253.000,YHloJXirCx60SFnV,254.000,Nsmpq/og5cO95HwJ,334.000,2iset8PVX4jSTSEH
7,125,2026-03-25T14:24:42.382Z,195.000,9,83.000,2N4uTfQs/yo3mBYi,88.000,uT1RCshO88YMpxwE,103.000,Do8hC1pw172W9xvw,169.000,obTLIQc2u6K1oipM,171.000,Kxg/hrv/euEuhbOE,175.000,MwfJUdRQPbSNr9Io,195.000,YHloJXirCx60SFnV,206.000,Nsmpq/og5cO95HwJ,224.000,02xuA6TviChey6nJ,,
7,126,2026-03-25T14:24:42.577Z,189.000,10,82.000,2iset8PVX4jSTSEH,98.000,uT1RCshO88YMpxwE,105.000,2N4uTfQs/yo3mBYi,133.000,Do8hC1pw172W9xvw,178.000,obTLIQc2u6K1oipM,187.000,YHloJXirCx60SFnV,189.000,MwfJUdRQPbSNr9Io,197.000,Kxg/hrv/euEuhbOE,222.000,02xuA6TviChey6nJ,269.000,Nsmpq/og5cO95HwJ
7,127,2026-03-25T14:24:42.766Z,245.000,10,94.000,uT1RCshO88YMpxwE,103.000,2iset8PVX4jSTSEH,117.000,2N4uTfQs/yo3mBYi,154.000,Do8hC1pw172W9xvw,243.000,YHloJXirCx60SFnV,244.000,obTLIQc2u6K1oipM,244.000,MwfJUdRQPbSNr9Io,245.000,Kxg/hrv/euEuhbOE,249.000,02xuA6TviChey6nJ,258.000,Nsmpq/og5cO95HwJ
7,128,2026-03-25T14:24:43.011Z,145.000,10,61.000,2iset8PVX4jSTSEH,65.000,2N4uTfQs/yo3mBYi,71.000,uT1RCshO88YMpxwE,73.000,Do8hC1pw172W9xvw,137.000,YHloJXirCx60SFnV,142.000,MwfJUdRQPbSNr9Io,145.000,obTLIQc2u6K1oipM,157.000,Kxg/hrv/euEuhbOE,185.000,Nsmpq/og5cO95HwJ,198.000,02xuA6TviChey6nJ
7,129,2026-03-25T14:24:43.156Z,208.000,10,113.000,2N4uTfQs/yo3mBYi,116.000,uT1RCshO88YMpxwE,123.000,Do8hC1pw172W9xvw,128.000,2iset8PVX4jSTSEH,199.000,obTLIQc2u6K1oipM,205.000,Kxg/hrv/euEuhbOE,208.000,MwfJUdRQPbSNr9Io,215.000,YHloJXirCx60SFnV,259.000,Nsmpq/og5cO95HwJ,266.000,02xuA6TviChey6nJ
7,130,2026-03-25T14:24:43.364Z,221.000,10,132.000,uT1RCshO88YMpxwE,133.000,2N4uTfQs/yo3mBYi,133.000,Do8hC1pw172W9xvw,139.000,2iset8PVX4jSTSEH,211.000,MwfJUdRQPbSNr9Io,217.000,obTLIQc2u6K1oipM,221.000,Kxg/hrv/euEuhbOE,234.000,YHloJXirCx60SFnV,239.000,02xuA6TviChey6nJ,269.000,Nsmpq/og5cO95HwJ
7,131,2026-03-25T14:24:43.585Z,193.000,10,91.000,uT1RCshO88YMpxwE,98.000,2N4uTfQs/yo3mBYi,102.000,2iset8PVX4jSTSEH,109.000,Do8hC1pw172W9xvw,169.000,obTLIQc2u6K1oipM,174.000,Kxg/hrv/euEuhbOE,193.000,MwfJUdRQPbSNr9Io,194.000,YHloJXirCx60SFnV,204.000,02xuA6TviChey6nJ,221.000,Nsmpq/og5cO95HwJ
7,132,2026-03-25T14:24:43.778Z,201.000,10,98.000,uT1RCshO88YMpxwE,117.000,2N4uTfQs/yo3mBYi,121.000,Do8hC1pw172W9xvw,168.000,2iset8PVX4jSTSEH,192.000,MwfJUdRQPbSNr9Io,193.000,obTLIQc2u6K1oipM,201.000,Kxg/hrv/euEuhbOE,202.000,YHloJXirCx60SFnV,218.000,Nsmpq/og5cO95HwJ,219.000,02xuA6TviChey6nJ
7,133,2026-03-25T14:24:43.979Z,197.000,10,103.000,2N4uTfQs/yo3mBYi,107.000,uT1RCshO88YMpxwE,111.000,Do8hC1pw172W9xvw,133.000,2iset8PVX4jSTSEH,183.000,Kxg/hrv/euEuhbOE,186.000,obTLIQc2u6K1oipM,197.000,YHloJXirCx60SFnV,200.000,MwfJUdRQPbSNr9Io,225.000,02xuA6TviChey6nJ,256.000,Nsmpq/og5cO95HwJ
7,134,2026-03-25T14:24:44.176Z,199.000,10,107.000,2N4uTfQs/yo3mBYi,111.000,Do8hC1pw172W9xvw,153.000,2iset8PVX4jSTSEH,158.000,uT1RCshO88YMpxwE,195.000,obTLIQc2u6K1oipM,196.000,Kxg/hrv/euEuhbOE,199.000,YHloJXirCx60SFnV,221.000,MwfJUdRQPbSNr9Io,249.000,Nsmpq/og5cO95HwJ,299.000,02xuA6TviChey6nJ
7,135,2026-03-25T14:24:44.375Z,198.000,9,116.000,2N4uTfQs/yo3mBYi,118.000,2iset8PVX4jSTSEH,120.000,Do8hC1pw172W9xvw,142.000,uT1RCshO88YMpxwE,194.000,Kxg/hrv/euEuhbOE,198.000,MwfJUdRQPbSNr9Io,198.000,YHloJXirCx60SFnV,201.000,obTLIQc2u6K1oipM,257.000,Nsmpq/og5cO95HwJ,,
7,136,2026-03-25T14:24:44.573Z,201.000,10,110.000,02xuA6TviChey6nJ,116.000,uT1RCshO88YMpxwE,122.000,2N4uTfQs/yo3mBYi,133.000,2iset8PVX4jSTSEH,155.000,Do8hC1pw172W9xvw,198.000,obTLIQc2u6K1oipM,201.000,YHloJXirCx60SFnV,207.000,MwfJUdRQPbSNr9Io,210.000,Kxg/hrv/euEuhbOE,240.000,Nsmpq/og5cO95HwJ
7,137,2026-03-25T14:24:44.774Z,186.000,10,119.000,02xuA6TviChey6nJ,119.000,Do8hC1pw172W9xvw,121.000,2iset8PVX4jSTSEH,121.000,uT1RCshO88YMpxwE,163.000,2N4uTfQs/yo3mBYi,182.000,YHloJXirCx60SFnV,186.000,obTLIQc2u6K1oipM,191.000,Kxg/hrv/euEuhbOE,195.000,MwfJUdRQPbSNr9Io,271.000,Nsmpq/og5cO95HwJ
7,138,2026-03-25T14:24:44.960Z,211.000,10,134.000,Do8hC1pw172W9xvw,142.000,2iset8PVX4jSTSEH,174.000,02xuA6TviChey6nJ,180.000,uT1RCshO88YMpxwE,186.000,2N4uTfQs/yo3mBYi,205.000,obTLIQc2u6K1oipM,210.000,Kxg/hrv/euEuhbOE,212.000,MwfJUdRQPbSNr9Io,231.000,YHloJXirCx60SFnV,274.000,Nsmpq/og5cO95HwJ
7,139,2026-03-25T14:24:45.171Z,201.000,10,113.000,02xuA6TviChey6nJ,119.000,2iset8PVX4jSTSEH,120.000,2N4uTfQs/yo3mBYi,122.000,Do8hC1pw172W9xvw,164.000,uT1RCshO88YMpxwE,197.000,obTLIQc2u6K1oipM,200.000,MwfJUdRQPbSNr9Io,201.000,Kxg/hrv/euEuhbOE,221.000,YHloJXirCx60SFnV,227.000,Nsmpq/og5cO95HwJ
7,140,2026-03-25T14:24:45.372Z,212.000,10,113.000,02xuA6TviChey6nJ,125.000,uT1RCshO88YMpxwE,128.000,Do8hC1pw172W9xvw,140.000,2N4uTfQs/yo3mBYi,169.000,2iset8PVX4jSTSEH,209.000,Kxg/hrv/euEuhbOE,212.000,YHloJXirCx60SFnV,225.000,obTLIQc2u6K1oipM,227.000,MwfJUdRQPbSNr9Io,269.000,Nsmpq/og5cO95HwJ
7,141,2026-03-25T14:24:45.584Z,206.000,10,110.000,02xuA6TviChey6nJ,111.000,2N4uTfQs/yo3mBYi,112.000,uT1RCshO88YMpxwE,122.000,Do8hC1pw172W9xvw,147.000,2iset8PVX4jSTSEH,197.000,obTLIQc2u6K1oipM,206.000,MwfJUdRQPbSNr9Io,209.000,YHloJXirCx60SFnV,221.000,Nsmpq/og5cO95HwJ,222.000,Kxg/hrv/euEuhbOE
7,142,2026-03-25T14:24:45.790Z,189.000,10,99.000,02xuA6TviChey6nJ,109.000,Do8hC1pw172W9xvw,114.000,2N4uTfQs/yo3mBYi,144.000,uT1RCshO88YMpxwE,152.000,2iset8PVX4jSTSEH,180.000,obTLIQc2u6K1oipM,189.000,Kxg/hrv/euEuhbOE,201.000,YHloJXirCx60SFnV,201.000,MwfJUdRQPbSNr9Io,255.000,Nsmpq/og5cO95HwJ
7,143,2026-03-25T14:24:45.979Z,199.000,9,118.000,2iset8PVX4jSTSEH,121.000,02xuA6TviChey6nJ,124.000,Do8hC1pw172W9xvw,131.000,uT1RCshO88YMpxwE,168.000,2N4uTfQs/yo3mBYi,196.000,YHloJXirCx60SFnV,199.000,Kxg/hrv/euEuhbOE,211.000,obTLIQc2u6K1oipM,305.000,MwfJUdRQPbSNr9Io,,
7,144,2026-03-25T14:24:46.178Z,205.000,10,74.000,Nsmpq/og5cO95HwJ,116.000,2N4uTfQs/yo3mBYi,127.000,2iset8PVX4jSTSEH,131.000,Do8hC1pw172W9xvw,159.000,uT1RCshO88YMpxwE,181.000,02xuA6TviChey6nJ,205.000,YHloJXirCx60SFnV,207.000,obTLIQc2u6K1oipM,219.000,MwfJUdRQPbSNr9Io,225.000,Kxg/hrv/euEuhbOE
7,145,2026-03-25T14:24:46.383Z,195.000,10,61.000,Nsmpq/og5cO95HwJ,107.000,02xuA6TviChey6nJ,120.000,2N4uTfQs/yo3mBYi,129.000,uT1RCshO88YMpxwE,141.000,Do8hC1pw172W9xvw,151.000,2iset8PVX4jSTSEH,194.000,MwfJUdRQPbSNr9Io,202.000,obTLIQc2u6K1oipM,215.000,Kxg/hrv/euEuhbOE,251.000,YHloJXirCx60SFnV
7,146,2026-03-25T14:24:46.578Z,215.000,10,136.000,02xuA6TviChey6nJ,151.000,2iset8PVX4jSTSEH,153.000,Nsmpq/og5cO95HwJ,157.000,2N4uTfQs/yo3mBYi,159.000,uT1RCshO88YMpxwE,182.000,Do8hC1pw172W9xvw,215.000,MwfJUdRQPbSNr9Io,216.000,YHloJXirCx60SFnV,224.000,obTLIQc2u6K1oipM,236.000,Kxg/hrv/euEuhbOE
7,147,2026-03-25T14:24:46.793Z,189.000,10,74.000,Nsmpq/og5cO95HwJ,93.000,02xuA6TviChey6nJ,116.000,2N4uTfQs/yo3mBYi,118.000,2iset8PVX4jSTSEH,137.000,uT1RCshO88YMpxwE,169.000,Do8hC1pw172W9xvw,189.000,MwfJUdRQPbSNr9Io,191.000,obTLIQc2u6K1oipM,209.000,YHloJXirCx60SFnV,218.000,Kxg/hrv/euEuhbOE
7,148,2026-03-25T14:24:46.982Z,194.000,10,85.000,Nsmpq/og5cO95HwJ,123.000,2N4uTfQs/yo3mBYi,141.000,02xuA6TviChey6nJ,142.000,2iset8PVX4jSTSEH,148.000,uT1RCshO88YMpxwE,177.000,Do8hC1pw172W9xvw,194.000,Kxg/hrv/euEuhbOE,212.000,MwfJUdRQPbSNr9Io,214.000,YHloJXirCx60SFnV,228.000,obTLIQc2u6K1oipM
7,149,2026-03-25T14:24:47.176Z,208.000,10,88.000,Nsmpq/og5cO95HwJ,114.000,02xuA6TviChey6nJ,163.000,2N4uTfQs/yo3mBYi,165.000,uT1RCshO88YMpxwE,166.000,2iset8PVX4jSTSEH,179.000,Do8hC1pw172W9xvw,207.000,MwfJUdRQPbSNr9Io,223.000,YHloJXirCx60SFnV,237.000,Kxg/hrv/euEuhbOE,239.000,obTLIQc2u6K1oipM
7,150,2026-03-25T14:24:47.384Z,201.000,10,86.000,Nsmpq/og5cO95HwJ,122.000,uT1RCshO88YMpxwE,125.000,02xuA6TviChey6nJ,129.000,2iset8PVX4jSTSEH,140.000,2N4uTfQs/yo3mBYi,181.000,Do8hC1pw172W9xvw,200.000,MwfJUdRQPbSNr9Io,205.000,YHloJXirCx60SFnV,227.000,obTLIQc2u6K1oipM,232.000,Kxg/hrv/euEuhbOE
7,151,2026-03-25T14:24:47.585Z,197.000,10,89.000,Nsmpq/og5cO95HwJ,112.000,02xuA6TviChey6nJ,125.000,2N4uTfQs/yo3mBYi,140.000,uT1RCshO88YMpxwE,141.000,2iset8PVX4jSTSEH,174.000,Do8hC1pw172W9xvw,197.000,obTLIQc2u6K1oipM,204.000,Kxg/hrv/euEuhbOE,217.000,YHloJXirCx60SFnV,234.000,MwfJUdRQPbSNr9Io
7,152,2026-03-25T14:24:47.782Z,214.000,10,94.000,Nsmpq/og5cO95HwJ,120.000,02xuA6TviChey6nJ,137.000,2N4uTfQs/yo3mBYi,140.000,2iset8PVX4jSTSEH,148.000,uT1RCshO88YMpxwE,185.000,Do8hC1pw172W9xvw,214.000,MwfJUdRQPbSNr9Io,220.000,YHloJXirCx60SFnV,240.000,Kxg/hrv/euEuhbOE,241.000,obTLIQc2u6K1oipM
7,153,2026-03-25T14:24:47.996Z,196.000,10,110.000,02xuA6TviChey6nJ,112.000,2N4uTfQs/yo3mBYi,120.000,2iset8PVX4jSTSEH,123.000,Nsmpq/og5cO95HwJ,135.000,uT1RCshO88YMpxwE,165.000,Do8hC1pw172W9xvw,191.000,MwfJUdRQPbSNr9Io,211.000,obTLIQc2u6K1oipM,216.000,Kxg/hrv/euEuhbOE,224.000,YHloJXirCx60SFnV
7,154,2026-03-25T14:24:48.192Z,197.000,10,98.000,Nsmpq/og5cO95HwJ,101.000,02xuA6TviChey6nJ,117.000,2N4uTfQs/yo3mBYi,127.000,uT1RCshO88YMpxwE,151.000,2iset8PVX4jSTSEH,175.000,Do8hC1pw172W9xvw,197.000,MwfJUdRQPbSNr9Io,213.000,obTLIQc2u6K1oipM,223.000,Kxg/hrv/euEuhbOE,228.000,YHloJXirCx60SFnV
7,155,2026-03-25T14:24:48.389Z,200.000,10,100.000,Nsmpq/og5cO95HwJ,112.000,02xuA6TviChey6nJ,130.000,2iset8PVX4jSTSEH,131.000,uT1RCshO88YMpxwE,135.000,2N4uTfQs/yo3mBYi,181.000,Do8hC1pw172W9xvw,200.000,obTLIQc2u6K1oipM,207.000,MwfJUdRQPbSNr9Io,215.000,YHloJXirCx60SFnV,226.000,Kxg/hrv/euEuhbOE
7,156,2026-03-25T14:24:48.589Z,212.000,10,102.000,Nsmpq/og5cO95HwJ,110.000,02xuA6TviChey6nJ,120.000,2N4uTfQs/yo3mBYi,131.000,2iset8PVX4jSTSEH,152.000,uT1RCshO88YMpxwE,186.000,Do8hC1pw172W9xvw,212.000,MwfJUdRQPbSNr9Io,230.000,Kxg/hrv/euEuhbOE,241.000,YHloJXirCx60SFnV,255.000,obTLIQc2u6K1oipM
7,157,2026-03-25T14:24:48.801Z,200.000,10,101.000,Nsmpq/og5cO95HwJ,103.000,02xuA6TviChey6nJ,113.000,2N4uTfQs/yo3mBYi,126.000,2iset8PVX4jSTSEH,145.000,uT1RCshO88YMpxwE,159.000,Do8hC1pw172W9xvw,200.000,Kxg/hrv/euEuhbOE,201.000,MwfJUdRQPbSNr9Io,233.000,YHloJXirCx60SFnV,244.000,obTLIQc2u6K1oipM
7,158,2026-03-25T14:24:49.001Z,201.000,10,90.000,Nsmpq/og5cO95HwJ,102.000,02xuA6TviChey6nJ,107.000,2N4uTfQs/yo3mBYi,111.000,2iset8PVX4jSTSEH,139.000,uT1RCshO88YMpxwE,160.000,Do8hC1pw172W9xvw,201.000,MwfJUdRQPbSNr9Io,219.000,Kxg/hrv/euEuhbOE,222.000,YHloJXirCx60SFnV,241.000,obTLIQc2u6K1oipM
7,159,2026-03-25T14:24:49.202Z,211.000,10,100.000,Nsmpq/og5cO95HwJ,101.000,02xuA6TviChey6nJ,120.000,2N4uTfQs/yo3mBYi,132.000,uT1RCshO88YMpxwE,137.000,2iset8PVX4jSTSEH,167.000,Do8hC1pw172W9xvw,210.000,YHloJXirCx60SFnV,212.000,Kxg/hrv/euEuhbOE,222.000,MwfJUdRQPbSNr9Io,239.000,obTLIQc2u6K1oipM
7,160,2026-03-25T14:24:49.413Z,185.000,10,87.000,Nsmpq/og5cO95HwJ,92.000,02xuA6TviChey6nJ,112.000,2N4uTfQs/yo3mBYi,114.000,2iset8PVX4jSTSEH,120.000,uT1RCshO88YMpxwE,154.000,Do8hC1pw172W9xvw,185.000,MwfJUdRQPbSNr9Io,216.000,YHloJXirCx60SFnV,220.000,Kxg/hrv/euEuhbOE,237.000,obTLIQc2u6K1oipM
7,161,2026-03-25T14:24:49.598Z,223.000,10,97.000,Nsmpq/og5cO95HwJ,130.000,2iset8PVX4jSTSEH,133.000,uT1RCshO88YMpxwE,136.000,2N4uTfQs/yo3mBYi,185.000,Do8hC1pw172W9xvw,206.000,MwfJUdRQPbSNr9Io,223.000,02xuA6TviChey6nJ,225.000,YHloJXirCx60SFnV,244.000,Kxg/hrv/euEuhbOE,274.000,obTLIQc2u6K1oipM
7,162,2026-03-25T14:24:49.821Z,201.000,10,92.000,Nsmpq/og5cO95HwJ,107.000,2N4uTfQs/yo3mBYi,115.000,uT1RCshO88YMpxwE,121.000,2iset8PVX4jSTSEH,132.000,02xuA6TviChey6nJ,159.000,Do8hC1pw172W9xvw,201.000,MwfJUdRQPbSNr9Io,214.000,YHloJXirCx60SFnV,227.000,Kxg/hrv/euEuhbOE,234.000,obTLIQc2u6K1oipM
7,163,2026-03-25T14:24:50.022Z,192.000,10,89.000,02xuA6TviChey6nJ,104.000,Nsmpq/og5cO95HwJ,106.000,2iset8PVX4jSTSEH,114.000,uT1RCshO88YMpxwE,140.000,2N4uTfQs/yo3mBYi,156.000,Do8hC1pw172W9xvw,192.000,MwfJUdRQPbSNr9Io,206.000,YHloJXirCx60SFnV,212.000,Kxg/hrv/euEuhbOE,251.000,obTLIQc2u6K1oipM
7,164,2026-03-25T14:24:50.214Z,191.000,10,90.000,Nsmpq/og5cO95HwJ,97.000,02xuA6TviChey6nJ,118.000,2iset8PVX4jSTSEH,130.000,uT1RCshO88YMpxwE,144.000,2N4uTfQs/yo3mBYi,159.000,Do8hC1pw172W9xvw,191.000,MwfJUdRQPbSNr9Io,209.000,Kxg/hrv/euEuhbOE,222.000,YHloJXirCx60SFnV,235.000,obTLIQc2u6K1oipM
7,165,2026-03-25T14:24:50.405Z,221.000,10,103.000,Nsmpq/og5cO95HwJ,115.000,02xuA6TviChey6nJ,121.000,2iset8PVX4jSTSEH,137.000,uT1RCshO88YMpxwE,164.000,2N4uTfQs/yo3mBYi,219.000,Do8hC1pw172W9xvw,221.000,MwfJUdRQPbSNr9Io,256.000,obTLIQc2u6K1oipM,298.000,YHloJXirCx60SFnV,267.000,Kxg/hrv/euEuhbOE
7,166,2026-03-25T14:24:50.626Z,198.000,10,80.000,Nsmpq/og5cO95HwJ,101.000,02xuA6TviChey6nJ,109.000,2iset8PVX4jSTSEH,119.000,uT1RCshO88YMpxwE,154.000,Do8hC1pw172W9xvw,187.000,MwfJUdRQPbSNr9Io,197.000,2N4uTfQs/yo3mBYi,200.000,YHloJXirCx60SFnV,222.000,Kxg/hrv/euEuhbOE,224.000,obTLIQc2u6K1oipM
7,167,2026-03-25T14:24:50.824Z,190.000,10,96.000,02xuA6TviChey6nJ,119.000,Nsmpq/og5cO95HwJ,123.000,uT1RCshO88YMpxwE,130.000,2iset8PVX4jSTSEH,164.000,Do8hC1pw172W9xvw,166.000,2N4uTfQs/yo3mBYi,190.000,MwfJUdRQPbSNr9Io,202.000,YHloJXirCx60SFnV,206.000,Kxg/hrv/euEuhbOE,238.000,obTLIQc2u6K1oipM
7,168,2026-03-25T14:24:51.014Z,192.000,10,86.000,Nsmpq/og5cO95HwJ,108.000,02xuA6TviChey6nJ,121.000,2iset8PVX4jSTSEH,129.000,uT1RCshO88YMpxwE,169.000,2N4uTfQs/yo3mBYi,176.000,Do8hC1pw172W9xvw,192.000,MwfJUdRQPbSNr9Io,224.000,YHloJXirCx60SFnV,235.000,Kxg/hrv/euEuhbOE,240.000,obTLIQc2u6K1oipM
7,169,2026-03-25T14:24:51.206Z,203.000,10,104.000,Nsmpq/og5cO95HwJ,112.000,02xuA6TviChey6nJ,131.000,2iset8PVX4jSTSEH,144.000,uT1RCshO88YMpxwE,148.000,2N4uTfQs/yo3mBYi,176.000,Do8hC1pw172W9xvw,203.000,YHloJXirCx60SFnV,212.000,MwfJUdRQPbSNr9Io,252.000,Kxg/hrv/euEuhbOE,267.000,obTLIQc2u6K1oipM
7,170,2026-03-25T14:24:51.409Z,200.000,10,102.000,Nsmpq/og5cO95HwJ,121.000,02xuA6TviChey6nJ,125.000,2iset8PVX4jSTSEH,134.000,uT1RCshO88YMpxwE,155.000,2N4uTfQs/yo3mBYi,164.000,Do8hC1pw172W9xvw,200.000,MwfJUdRQPbSNr9Io,222.000,Kxg/hrv/euEuhbOE,241.000,YHloJXirCx60SFnV,250.000,obTLIQc2u6K1oipM
7,171,2026-03-25T14:24:51.609Z,205.000,10,104.000,Nsmpq/og5cO95HwJ,117.000,02xuA6TviChey6nJ,131.000,2iset8PVX4jSTSEH,155.000,uT1RCshO88YMpxwE,169.000,2N4uTfQs/yo3mBYi,188.000,Do8hC1pw172W9xvw,205.000,YHloJXirCx60SFnV,233.000,Kxg/hrv/euEuhbOE,234.000,MwfJUdRQPbSNr9Io,243.000,obTLIQc2u6K1oipM
7,172,2026-03-25T14:24:51.814Z,207.000,10,94.000,Nsmpq/og5cO95HwJ,115.000,02xuA6TviChey6nJ,122.000,2iset8PVX4jSTSEH,134.000,uT1RCshO88YMpxwE,165.000,Do8hC1pw172W9xvw,202.000,2N4uTfQs/yo3mBYi,207.000,MwfJUdRQPbSNr9Io,220.000,Kxg/hrv/euEuhbOE,242.000,obTLIQc2u6K1oipM,296.000,YHloJXirCx60SFnV
7,173,2026-03-25T14:24:52.021Z,185.000,10,94.000,02xuA6TviChey6nJ,100.000,Nsmpq/og5cO95HwJ,112.000,2iset8PVX4jSTSEH,136.000,uT1RCshO88YMpxwE,153.000,Do8hC1pw172W9xvw,181.000,MwfJUdRQPbSNr9Io,185.000,2N4uTfQs/yo3mBYi,224.000,Kxg/hrv/euEuhbOE,228.000,YHloJXirCx60SFnV,251.000,obTLIQc2u6K1oipM
7,174,2026-03-25T14:24:52.206Z,222.000,10,98.000,Nsmpq/og5cO95HwJ,124.000,02xuA6TviChey6nJ,143.000,2iset8PVX4jSTSEH,145.000,uT1RCshO88YMpxwE,187.000,Do8hC1pw172W9xvw,216.000,MwfJUdRQPbSNr9Io,222.000,Kxg/hrv/euEuhbOE,222.000,2N4uTfQs/yo3mBYi,239.000,YHloJXirCx60SFnV,259.000,obTLIQc2u6K1oipM
7,175,2026-03-25T14:24:52.428Z,190.000,10,83.000,Nsmpq/og5cO95HwJ,102.000,02xuA6TviChey6nJ,115.000,2iset8PVX4jSTSEH,120.000,uT1RCshO88YMpxwE,126.000,2N4uTfQs/yo3mBYi,162.000,Do8hC1pw172W9xvw,190.000,MwfJUdRQPbSNr9Io,221.000,Kxg/hrv/euEuhbOE,222.000,YHloJXirCx60SFnV,255.000,obTLIQc2u6K1oipM
7,176,2026-03-25T14:24:52.618Z,203.000,10,104.000,Nsmpq/og5cO95HwJ,106.000,02xuA6TviChey6nJ,124.000,2iset8PVX4jSTSEH,136.000,uT1RCshO88YMpxwE,160.000,2N4uTfQs/yo3mBYi,178.000,Do8hC1pw172W9xvw,202.000,MwfJUdRQPbSNr9Io,226.000,Kxg/hrv/euEuhbOE,228.000,YHloJXirCx60SFnV,250.000,obTLIQc2u6K1oipM
7,177,2026-03-25T14:24:52.821Z,197.000,10,93.000,Nsmpq/og5cO95HwJ,114.000,2iset8PVX4jSTSEH,115.000,02xuA6TviChey6nJ,139.000,uT1RCshO88YMpxwE,150.000,2N4uTfQs/yo3mBYi,160.000,Do8hC1pw172W9xvw,197.000,MwfJUdRQPbSNr9Io,221.000,Kxg/hrv/euEuhbOE,248.000,YHloJXirCx60SFnV,256.000,obTLIQc2u6K1oipM
7,178,2026-03-25T14:24:53.018Z,208.000,10,121.000,2iset8PVX4jSTSEH,127.000,02xuA6TviChey6nJ,131.000,Nsmpq/og5cO95HwJ,153.000,uT1RCshO88YMpxwE,155.000,2N4uTfQs/yo3mBYi,173.000,Do8hC1pw172W9xvw,208.000,MwfJUdRQPbSNr9Io,258.000,YHloJXirCx60SFnV,260.000,Kxg/hrv/euEuhbOE,374.000,obTLIQc2u6K1oipM
7,179,2026-03-25T14:24:53.226Z,222.000,10,116.000,02xuA6TviChey6nJ,124.000,uT1RCshO88YMpxwE,139.000,2iset8PVX4jSTSEH,140.000,Nsmpq/og5cO95HwJ,179.000,Do8hC1pw172W9xvw,202.000,MwfJUdRQPbSNr9Io,222.000,2N4uTfQs/yo3mBYi,232.000,YHloJXirCx60SFnV,236.000,Kxg/hrv/euEuhbOE,268.000,obTLIQc2u6K1oipM
7,180,2026-03-25T14:24:53.448Z,187.000,10,94.000,02xuA6TviChey6nJ,99.000,2iset8PVX4jSTSEH,110.000,Nsmpq/og5cO95HwJ,141.000,Do8hC1pw172W9xvw,184.000,Kxg/hrv/euEuhbOE,185.000,2N4uTfQs/yo3mBYi,187.000,MwfJUdRQPbSNr9Io,210.000,uT1RCshO88YMpxwE,225.000,YHloJXirCx60SFnV,252.000,obTLIQc2u6K1oipM
7,181,2026-03-25T14:24:53.635Z,221.000,10,108.000,02xuA6TviChey6nJ,112.000,2iset8PVX4jSTSEH,122.000,Nsmpq/og5cO95HwJ,141.000,2N4uTfQs/yo3mBYi,171.000,Do8hC1pw172W9xvw,210.000,MwfJUdRQPbSNr9Io,221.000,YHloJXirCx60SFnV,222.000,Kxg/hrv/euEuhbOE,222.000,uT1RCshO88YMpxwE,248.000,obTLIQc2u6K1oipM
7,182,2026-03-25T14:24:53.856Z,194.000,10,79.000,02xuA6TviChey6nJ,93.000,Nsmpq/og5cO95HwJ,99.000,2iset8PVX4jSTSEH,121.000,2N4uTfQs/yo3mBYi,143.000,Do8hC1pw172W9xvw,183.000,MwfJUdRQPbSNr9Io,194.000,Kxg/hrv/euEuhbOE,200.000,uT1RCshO88YMpxwE,208.000,YHloJXirCx60SFnV,211.000,obTLIQc2u6K1oipM
7,183,2026-03-25T14:24:54.050Z,215.000,10,96.000,2iset8PVX4jSTSEH,99.000,Nsmpq/og5cO95HwJ,102.000,02xuA6TviChey6nJ,155.000,2N4uTfQs/yo3mBYi,157.000,Do8hC1pw172W9xvw,192.000,MwfJUdRQPbSNr9Io,215.000,YHloJXirCx60SFnV,220.000,uT1RCshO88YMpxwE,222.000,Kxg/hrv/euEuhbOE,356.000,obTLIQc2u6K1oipM
7,184,2026-03-25T14:24:54.265Z,197.000,10,92.000,02xuA6TviChey6nJ,96.000,2iset8PVX4jSTSEH,101.000,Nsmpq/og5cO95HwJ,155.000,2N4uTfQs/yo3mBYi,157.000,Do8hC1pw172W9xvw,169.000,MwfJUdRQPbSNr9Io,197.000,uT1RCshO88YMpxwE,207.000,Kxg/hrv/euEuhbOE,215.000,YHloJXirCx60SFnV,255.000,obTLIQc2u6K1oipM
7,185,2026-03-25T14:24:54.462Z,202.000,10,91.000,2iset8PVX4jSTSEH,93.000,Nsmpq/og5cO95HwJ,103.000,02xuA6TviChey6nJ,131.000,Do8hC1pw172W9xvw,169.000,2N4uTfQs/yo3mBYi,170.000,MwfJUdRQPbSNr9Io,202.000,Kxg/hrv/euEuhbOE,203.000,uT1RCshO88YMpxwE,206.000,YHloJXirCx60SFnV,242.000,obTLIQc2u6K1oipM
7,186,2026-03-25T14:24:54.664Z,216.000,10,89.000,2iset8PVX4jSTSEH,110.000,Nsmpq/og5cO95HwJ,111.000,02xuA6TviChey6nJ,114.000,2N4uTfQs/yo3mBYi,138.000,Do8hC1pw172W9xvw,171.000,MwfJUdRQPbSNr9Io,216.000,Kxg/hrv/euEuhbOE,218.000,YHloJXirCx60SFnV,219.000,uT1RCshO88YMpxwE,230.000,obTLIQc2u6K1oipM
7,187,2026-03-25T14:24:54.880Z,186.000,10,74.000,2iset8PVX4jSTSEH,79.000,Nsmpq/og5cO95HwJ,86.000,02xuA6TviChey6nJ,109.000,2N4uTfQs/yo3mBYi,118.000,Do8hC1pw172W9xvw,144.000,MwfJUdRQPbSNr9Io,186.000,Kxg/hrv/euEuhbOE,193.000,uT1RCshO88YMpxwE,225.000,obTLIQc2u6K1oipM,300.000,YHloJXirCx60SFnV
7,188,2026-03-25T14:24:55.066Z,199.000,10,81.000,2iset8PVX4jSTSEH,103.000,Nsmpq/og5cO95HwJ,106.000,02xuA6TviChey6nJ,129.000,2N4uTfQs/yo3mBYi,144.000,Do8hC1pw172W9xvw,191.000,MwfJUdRQPbSNr9Io,199.000,uT1RCshO88YMpxwE,213.000,Kxg/hrv/euEuhbOE,222.000,obTLIQc2u6K1oipM,285.000,YHloJXirCx60SFnV
7,189,2026-03-25T14:24:55.265Z,196.000,10,84.000,Nsmpq/og5cO95HwJ,101.000,2iset8PVX4jSTSEH,102.000,02xuA6TviChey6nJ,122.000,2N4uTfQs/yo3mBYi,127.000,Do8hC1pw172W9xvw,158.000,MwfJUdRQPbSNr9Io,195.000,uT1RCshO88YMpxwE,196.000,Kxg/hrv/euEuhbOE,204.000,obTLIQc2u6K1oipM,251.000,YHloJXirCx60SFnV
7,190,2026-03-25T14:24:55.461Z,198.000,10,104.000,Nsmpq/og5cO95HwJ,109.000,2iset8PVX4jSTSEH,114.000,02xuA6TviChey6nJ,143.000,Do8hC1pw172W9xvw,166.000,MwfJUdRQPbSNr9Io,169.000,2N4uTfQs/yo3mBYi,198.000,Kxg/hrv/euEuhbOE,222.000,obTLIQc2u6K1oipM,292.000,uT1RCshO88YMpxwE,293.000,YHloJXirCx60SFnV
7,191,2026-03-25T14:24:55.659Z,225.000,10,107.000,2iset8PVX4jSTSEH,123.000,02xuA6TviChey6nJ,138.000,Nsmpq/og5cO95HwJ,146.000,Do8hC1pw172W9xvw,186.000,2N4uTfQs/yo3mBYi,188.000,MwfJUdRQPbSNr9Io,224.000,uT1RCshO88YMpxwE,241.000,obTLIQc2u6K1oipM,255.000,YHloJXirCx60SFnV,289.000,Kxg/hrv/euEuhbOE
7,192,2026-03-25T14:24:55.884Z,207.000,10,90.000,02xuA6TviChey6nJ,92.000,2iset8PVX4jSTSEH,95.000,Nsmpq/og5cO95HwJ,110.000,2N4uTfQs/yo3mBYi,128.000,Do8hC1pw172W9xvw,179.000,MwfJUdRQPbSNr9Io,207.000,YHloJXirCx60SFnV,223.000,uT1RCshO88YMpxwE,226.000,obTLIQc2u6K1oipM,254.000,Kxg/hrv/euEuhbOE
7,193,2026-03-25T14:24:56.091Z,188.000,10,80.000,02xuA6TviChey6nJ,83.000,Nsmpq/og5cO95HwJ,102.000,2iset8PVX4jSTSEH,123.000,Do8hC1pw172W9xvw,138.000,2N4uTfQs/yo3mBYi,158.000,MwfJUdRQPbSNr9Io,188.000,uT1RCshO88YMpxwE,207.000,YHloJXirCx60SFnV,208.000,obTLIQc2u6K1oipM,226.000,Kxg/hrv/euEuhbOE
7,194,2026-03-25T14:24:56.279Z,198.000,10,95.000,2iset8PVX4jSTSEH,104.000,Nsmpq/og5cO95HwJ,104.000,02xuA6TviChey6nJ,112.000,2N4uTfQs/yo3mBYi,148.000,Do8hC1pw172W9xvw,159.000,MwfJUdRQPbSNr9Io,198.000,uT1RCshO88YMpxwE,217.000,obTLIQc2u6K1oipM,226.000,YHloJXirCx60SFnV,369.000,Kxg/hrv/euEuhbOE
7,195,2026-03-25T14:24:56.477Z,226.000,10,167.000,02xuA6TviChey6nJ,168.000,2iset8PVX4jSTSEH,170.000,Nsmpq/og5cO95HwJ,177.000,2N4uTfQs/yo3mBYi,182.000,MwfJUdRQPbSNr9Io,217.000,uT1RCshO88YMpxwE,226.000,Do8hC1pw172W9xvw,246.000,YHloJXirCx60SFnV,289.000,obTLIQc2u6K1oipM,274.000,Kxg/hrv/euEuhbOE
7,196,2026-03-25T14:24:56.703Z,172.000,10,84.000,Nsmpq/og5cO95HwJ,86.000,2iset8PVX4jSTSEH,87.000,02xuA6TviChey6nJ,128.000,2N4uTfQs/yo3mBYi,129.000,MwfJUdRQPbSNr9Io,143.000,uT1RCshO88YMpxwE,171.000,YHloJXirCx60SFnV,192.000,obTLIQc2u6K1oipM,200.000,Do8hC1pw172W9xvw,250.000,Kxg/hrv/euEuhbOE
7,197,2026-03-25T14:24:56.875Z,213.000,10,110.000,02xuA6TviChey6nJ,121.000,2iset8PVX4jSTSEH,123.000,2N4uTfQs/yo3mBYi,144.000,Nsmpq/og5cO95HwJ,167.000,MwfJUdRQPbSNr9Io,185.000,uT1RCshO88YMpxwE,213.000,YHloJXirCx60SFnV,215.000,obTLIQc2u6K1oipM,230.000,Do8hC1pw172W9xvw,287.000,Kxg/hrv/euEuhbOE
7,198,2026-03-25T14:24:57.088Z,202.000,10,90.000,02xuA6TviChey6nJ,96.000,Nsmpq/og5cO95HwJ,113.000,2N4uTfQs/yo3mBYi,128.000,2iset8PVX4jSTSEH,141.000,MwfJUdRQPbSNr9Io,173.000,uT1RCshO88YMpxwE,202.000,obTLIQc2u6K1oipM,214.000,Do8hC1pw172W9xvw,231.000,YHloJXirCx60SFnV,283.000,Kxg/hrv/euEuhbOE
7,199,2026-03-25T14:24:57.290Z,168.000,10,99.000,Nsmpq/og5cO95HwJ,101.000,02xuA6TviChey6nJ,128.000,MwfJUdRQPbSNr9Io,137.000,2N4uTfQs/yo3mBYi,139.000,2iset8PVX4jSTSEH,153.000,YHloJXirCx60SFnV,167.000,uT1RCshO88YMpxwE,205.000,obTLIQc2u6K1oipM,217.000,Do8hC1pw172W9xvw,276.000,Kxg/hrv/euEuhbOE
7,200,2026-03-25T14:24:57.458Z,217.000,10,117.000,Nsmpq/og5cO95HwJ,123.000,02xuA6TviChey6nJ,150.000,2N4uTfQs/yo3mBYi,152.000,YHloJXirCx60SFnV,158.000,MwfJUdRQPbSNr9Io,167.000,2iset8PVX4jSTSEH,217.000,uT1RCshO88YMpxwE,228.000,obTLIQc2u6K1oipM,266.000,Do8hC1pw172W9xvw,308.000,Kxg/hrv/euEuhbOE
7,201,2026-03-25T14:24:57.675Z,196.000,10,98.000,Nsmpq/og5cO95HwJ,129.000,YHloJXirCx60SFnV,135.000,02xuA6TviChey6nJ,139.000,2iset8PVX4jSTSEH,143.000,MwfJUdRQPbSNr9Io,148.000,2N4uTfQs/yo3mBYi,196.000,uT1RCshO88YMpxwE,211.000,obTLIQc2u6K1oipM,225.000,Do8hC1pw172W9xvw,248.000,Kxg/hrv/euEuhbOE
7,202,2026-03-25T14:24:57.871Z,199.000,9,108.000,Nsmpq/og5cO95HwJ,116.000,02xuA6TviChey6nJ,116.000,YHloJXirCx60SFnV,150.000,2N4uTfQs/yo3mBYi,154.000,2iset8PVX4jSTSEH,161.000,MwfJUdRQPbSNr9Io,198.000,uT1RCshO88YMpxwE,215.000,obTLIQc2u6K1oipM,236.000,Do8hC1pw172W9xvw,,
7,203,2026-03-25T14:24:58.070Z,157.000,9,81.000,Kxg/hrv/euEuhbOE,96.000,Nsmpq/og5cO95HwJ,107.000,YHloJXirCx60SFnV,127.000,2N4uTfQs/yo3mBYi,130.000,02xuA6TviChey6nJ,155.000,MwfJUdRQPbSNr9Io,157.000,2iset8PVX4jSTSEH,203.000,uT1RCshO88YMpxwE,213.000,obTLIQc2u6K1oipM,,
7,204,2026-03-25T14:24:58.227Z,221.000,10,77.000,Do8hC1pw172W9xvw,137.000,Kxg/hrv/euEuhbOE,145.000,02xuA6TviChey6nJ,164.000,Nsmpq/og5cO95HwJ,167.000,YHloJXirCx60SFnV,198.000,2iset8PVX4jSTSEH,221.000,2N4uTfQs/yo3mBYi,221.000,MwfJUdRQPbSNr9Io,233.000,uT1RCshO88YMpxwE,267.000,obTLIQc2u6K1oipM
7,205,2026-03-25T14:24:58.448Z,182.000,10,57.000,Do8hC1pw172W9xvw,101.000,Kxg/hrv/euEuhbOE,124.000,YHloJXirCx60SFnV,137.000,Nsmpq/og5cO95HwJ,142.000,02xuA6TviChey6nJ,181.000,MwfJUdRQPbSNr9Io,182.000,2iset8PVX4jSTSEH,186.000,2N4uTfQs/yo3mBYi,202.000,uT1RCshO88YMpxwE,431.000,obTLIQc2u6K1oipM
7,206,2026-03-25T14:24:58.630Z,213.000,9,70.000,Do8hC1pw172W9xvw,118.000,Kxg/hrv/euEuhbOE,153.000,Nsmpq/og5cO95HwJ,178.000,02xuA6TviChey6nJ,189.000,2N4uTfQs/yo3mBYi,202.000,MwfJUdRQPbSNr9Io,213.000,YHloJXirCx60SFnV,223.000,2iset8PVX4jSTSEH,235.000,uT1RCshO88YMpxwE,,
7,207,2026-03-25T14:24:58.843Z,203.000,10,59.000,Do8hC1pw172W9xvw,128.000,Kxg/hrv/euEuhbOE,141.000,Nsmpq/og5cO95HwJ,144.000,YHloJXirCx60SFnV,164.000,02xuA6TviChey6nJ,187.000,2N4uTfQs/yo3mBYi,203.000,MwfJUdRQPbSNr9Io,209.000,obTLIQc2u6K1oipM,214.000,2iset8PVX4jSTSEH,268.000,uT1RCshO88YMpxwE
7,208,2026-03-25T14:24:59.046Z,190.000,10,60.000,Do8hC1pw172W9xvw,120.000,YHloJXirCx60SFnV,126.000,Kxg/hrv/euEuhbOE,149.000,Nsmpq/og5cO95HwJ,174.000,2iset8PVX4jSTSEH,176.000,02xuA6TviChey6nJ,189.000,MwfJUdRQPbSNr9Io,196.000,obTLIQc2u6K1oipM,287.000,2N4uTfQs/yo3mBYi,300.000,uT1RCshO88YMpxwE
7,209,2026-03-25T14:24:59.236Z,211.000,10,96.000,Kxg/hrv/euEuhbOE,111.000,Do8hC1pw172W9xvw,152.000,Nsmpq/og5cO95HwJ,154.000,YHloJXirCx60SFnV,168.000,02xuA6TviChey6nJ,191.000,2iset8PVX4jSTSEH,210.000,MwfJUdRQPbSNr9Io,228.000,2N4uTfQs/yo3mBYi,231.000,uT1RCshO88YMpxwE,242.000,obTLIQc2u6K1oipM
7,210,2026-03-25T14:24:59.447Z,187.000,10,69.000,Do8hC1pw172W9xvw,119.000,Kxg/hrv/euEuhbOE,128.000,YHloJXirCx60SFnV,162.000,02xuA6TviChey6nJ,167.000,Nsmpq/og5cO95HwJ,178.000,2N4uTfQs/yo3mBYi,186.000,2iset8PVX4jSTSEH,201.000,MwfJUdRQPbSNr9Io,227.000,obTLIQc2u6K1oipM,247.000,uT1RCshO88YMpxwE
7,211,2026-03-25T14:24:59.634Z,212.000,10,97.000,Do8hC1pw172W9xvw,132.000,Kxg/hrv/euEuhbOE,162.000,YHloJXirCx60SFnV,168.000,Nsmpq/og5cO95HwJ,173.000,02xuA6TviChey6nJ,205.000,2N4uTfQs/yo3mBYi,211.000,MwfJUdRQPbSNr9Io,238.000,obTLIQc2u6K1oipM,242.000,2iset8PVX4jSTSEH,305.000,uT1RCshO88YMpxwE
7,212,2026-03-25T14:24:59.846Z,216.000,8,65.000,Do8hC1pw172W9xvw,124.000,Kxg/hrv/euEuhbOE,159.000,Nsmpq/og5cO95HwJ,160.000,YHloJXirCx60SFnV,202.000,obTLIQc2u6K1oipM,210.000,2iset8PVX4jSTSEH,216.000,MwfJUdRQPbSNr9Io,294.000,02xuA6TviChey6nJ,,,,
7,213,2026-03-25T14:25:00.062Z,231.000,7,72.000,Kxg/hrv/euEuhbOE,99.000,YHloJXirCx60SFnV,172.000,02xuA6TviChey6nJ,173.000,2iset8PVX4jSTSEH,183.000,obTLIQc2u6K1oipM,230.000,uT1RCshO88YMpxwE,231.000,Do8hC1pw172W9xvw,,,,,,
7,214,2026-03-25T14:25:00.293Z,220.000,10,106.000,YHloJXirCx60SFnV,109.000,02xuA6TviChey6nJ,113.000,Kxg/hrv/euEuhbOE,159.000,2iset8PVX4jSTSEH,177.000,Do8hC1pw172W9xvw,211.000,MwfJUdRQPbSNr9Io,219.000,uT1RCshO88YMpxwE,229.000,obTLIQc2u6K1oipM,254.000,Nsmpq/og5cO95HwJ,272.000,2N4uTfQs/yo3mBYi
7,215,2026-03-25T14:25:00.513Z,147.000,10,68.000,Do8hC1pw172W9xvw,89.000,YHloJXirCx60SFnV,116.000,Kxg/hrv/euEuhbOE,143.000,Nsmpq/og5cO95HwJ,145.000,2N4uTfQs/yo3mBYi,146.000,MwfJUdRQPbSNr9Io,146.000,02xuA6TviChey6nJ,150.000,obTLIQc2u6K1oipM,152.000,2iset8PVX4jSTSEH,208.000,uT1RCshO88YMpxwE
7,216,2026-03-25T14:25:00.660Z,207.000,8,126.000,Do8hC1pw172W9xvw,141.000,YHloJXirCx60SFnV,168.000,Nsmpq/og5cO95HwJ,184.000,Kxg/hrv/euEuhbOE,201.000,2iset8PVX4jSTSEH,204.000,obTLIQc2u6K1oipM,207.000,MwfJUdRQPbSNr9Io,215.000,02xuA6TviChey6nJ,,,,
7,217,2026-03-25T14:25:00.867Z,220.000,8,172.000,Do8hC1pw172W9xvw,186.000,02xuA6TviChey6nJ,192.000,MwfJUdRQPbSNr9Io,196.000,2iset8PVX4jSTSEH,198.000,Kxg/hrv/euEuhbOE,210.000,obTLIQc2u6K1oipM,220.000,YHloJXirCx60SFnV,241.000,uT1RCshO88YMpxwE,,,,
7,218,2026-03-25T14:25:01.087Z,270.000,9,90.000,YHloJXirCx60SFnV,107.000,02xuA6TviChey6nJ,159.000,2iset8PVX4jSTSEH,201.000,Kxg/hrv/euEuhbOE,245.000,Do8hC1pw172W9xvw,259.000,obTLIQc2u6K1oipM,269.000,MwfJUdRQPbSNr9Io,278.000,Nsmpq/og5cO95HwJ,291.000,uT1RCshO88YMpxwE,,
7,219,2026-03-25T14:25:01.357Z,128.000,10,69.000,YHloJXirCx60SFnV,90.000,02xuA6TviChey6nJ,96.000,2iset8PVX4jSTSEH,109.000,2N4uTfQs/yo3mBYi,113.000,Do8hC1pw172W9xvw,125.000,obTLIQc2u6K1oipM,128.000,MwfJUdRQPbSNr9Io,130.000,Nsmpq/og5cO95HwJ,150.000,Kxg/hrv/euEuhbOE,199.000,uT1RCshO88YMpxwE
7,220,2026-03-25T14:25:01.485Z,585.000,9,119.000,Do8hC1pw172W9xvw,166.000,YHloJXirCx60SFnV,197.000,obTLIQc2u6K1oipM,212.000,Kxg/hrv/euEuhbOE,230.000,Nsmpq/og5cO95HwJ,257.000,uT1RCshO88YMpxwE,585.000,MwfJUdRQPbSNr9Io,600.000,2iset8PVX4jSTSEH,603.000,02xuA6TviChey6nJ,,
7,221,2026-03-25T14:25:02.070Z,334.000,10,101.000,Kxg/hrv/euEuhbOE,118.000,2iset8PVX4jSTSEH,127.000,YHloJXirCx60SFnV,161.000,02xuA6TviChey6nJ,310.000,Do8hC1pw172W9xvw,324.000,uT1RCshO88YMpxwE,333.000,obTLIQc2u6K1oipM,334.000,MwfJUdRQPbSNr9Io,336.000,Nsmpq/og5cO95HwJ,347.000,2N4uTfQs/yo3mBYi
7,222,2026-03-25T14:25:02.404Z,169.000,7,87.000,YHloJXirCx60SFnV,89.000,Do8hC1pw172W9xvw,96.000,2iset8PVX4jSTSEH,115.000,obTLIQc2u6K1oipM,117.000,Nsmpq/og5cO95HwJ,122.000,Kxg/hrv/euEuhbOE,169.000,MwfJUdRQPbSNr9Io,,,,,,
7,223,2026-03-25T14:25:02.573Z,733.000,7,90.000,Do8hC1pw172W9xvw,123.000,YHloJXirCx60SFnV,130.000,Nsmpq/og5cO95HwJ,201.000,2iset8PVX4jSTSEH,478.000,Kxg/hrv/euEuhbOE,694.000,MwfJUdRQPbSNr9Io,733.000,02xuA6TviChey6nJ,,,,,,
7,224,2026-03-25T14:25:03.306Z,857.000,7,91.000,02xuA6TviChey6nJ,94.000,2iset8PVX4jSTSEH,94.000,Nsmpq/og5cO95HwJ,120.000,YHloJXirCx60SFnV,219.000,obTLIQc2u6K1oipM,235.000,Do8hC1pw172W9xvw,857.000,uT1RCshO88YMpxwE,,,,,,
7,225,2026-03-25T14:25:04.163Z,812.000,8,90.000,YHloJXirCx60SFnV,158.000,02xuA6TviChey6nJ,214.000,obTLIQc2u6K1oipM,738.000,Kxg/hrv/euEuhbOE,747.000,2iset8PVX4jSTSEH,793.000,Do8hC1pw172W9xvw,812.000,uT1RCshO88YMpxwE,896.000,Nsmpq/og5cO95HwJ,,,,
7,226,2026-03-25T14:25:04.975Z,1222.000,10,92.000,Kxg/hrv/euEuhbOE,128.000,YHloJXirCx60SFnV,146.000,02xuA6TviChey6nJ,828.000,2iset8PVX4jSTSEH,1073.000,Do8hC1pw172W9xvw,1111.000,obTLIQc2u6K1oipM,1222.000,Nsmpq/og5cO95HwJ,1226.000,2N4uTfQs/yo3mBYi,1227.000,MwfJUdRQPbSNr9Io,1228.000,uT1RCshO88YMpxwE
7,227,2026-03-25T14:25:06.197Z,1097.000,9,89.000,YHloJXirCx60SFnV,725.000,Kxg/hrv/euEuhbOE,787.000,2iset8PVX4jSTSEH,854.000,02xuA6TviChey6nJ,1013.000,Do8hC1pw172W9xvw,1094.000,uT1RCshO88YMpxwE,1097.000,MwfJUdRQPbSNr9Io,1099.000,Nsmpq/og5cO95HwJ,1105.000,obTLIQc2u6K1oipM,,
7,228,2026-03-25T14:25:07.294Z,1120.000,7,109.000,YHloJXirCx60SFnV,830.000,2iset8PVX4jSTSEH,899.000,Kxg/hrv/euEuhbOE,1031.000,Do8hC1pw172W9xvw,1048.000,MwfJUdRQPbSNr9Io,1049.000,Nsmpq/og5cO95HwJ,1120.000,02xuA6TviChey6nJ,,,,,,
7,229,2026-03-25T14:25:08.414Z,1375.000,7,93.000,YHloJXirCx60SFnV,453.000,2iset8PVX4jSTSEH,748.000,Do8hC1pw172W9xvw,848.000,Nsmpq/og5cO95HwJ,907.000,02xuA6TviChey6nJ,1366.000,MwfJUdRQPbSNr9Io,1375.000,obTLIQc2u6K1oipM,,,,,,
7,230,2026-03-25T14:25:09.789Z,1400.000,7,111.000,YHloJXirCx60SFnV,392.000,Do8hC1pw172W9xvw,716.000,Kxg/hrv/euEuhbOE,1386.000,MwfJUdRQPbSNr9Io,1393.000,2iset8PVX4jSTSEH,1395.000,02xuA6TviChey6nJ,1400.000,obTLIQc2u6K1oipM,,,,,,
7,231,2026-03-25T14:25:11.189Z,1967.000,8,101.000,YHloJXirCx60SFnV,107.000,obTLIQc2u6K1oipM,1122.000,02xuA6TviChey6nJ,1666.000,2iset8PVX4jSTSEH,1884.000,Nsmpq/og5cO95HwJ,1938.000,Do8hC1pw172W9xvw,1967.000,2N4uTfQs/yo3mBYi,1968.000,uT1RCshO88YMpxwE,,,,
7,232,2026-03-25T14:25:13.156Z,2119.000,10,91.000,YHloJXirCx60SFnV,1750.000,02xuA6TviChey6nJ,1815.000,Nsmpq/og5cO95HwJ,1821.000,2iset8PVX4jSTSEH,1941.000,Do8hC1pw172W9xvw,1955.000,Kxg/hrv/euEuhbOE,2119.000,uT1RCshO88YMpxwE,2120.000,2N4uTfQs/yo3mBYi,2121.000,MwfJUdRQPbSNr9Io,2128.000,obTLIQc2u6K1oipM
7,233,2026-03-25T14:25:15.275Z,2055.000,7,90.000,YHloJXirCx60SFnV,1754.000,Nsmpq/og5cO95HwJ,1760.000,uT1RCshO88YMpxwE,1766.000,02xuA6TviChey6nJ,1885.000,obTLIQc2u6K1oipM,2037.000,Do8hC1pw172W9xvw,2055.000,MwfJUdRQPbSNr9Io,,,,,,
7,234,2026-03-25T14:25:17.330Z,2775.000,9,95.000,YHloJXirCx60SFnV,1843.000,2iset8PVX4jSTSEH,1937.000,02xuA6TviChey6nJ,2394.000,obTLIQc2u6K1oipM,2404.000,Nsmpq/og5cO95HwJ,2755.000,Do8hC1pw172W9xvw,2775.000,Kxg/hrv/euEuhbOE,2777.000,MwfJUdRQPbSNr9Io,2780.000,uT1RCshO88YMpxwE,,
7,235,2026-03-25T14:25:20.105Z,2817.000,7,110.000,YHloJXirCx60SFnV,1925.000,Kxg/hrv/euEuhbOE,2639.000,uT1RCshO88YMpxwE,2696.000,2iset8PVX4jSTSEH,2786.000,obTLIQc2u6K1oipM,2790.000,02xuA6TviChey6nJ,2817.000,Nsmpq/og5cO95HwJ,,,,,,
7,236,2026-03-25T14:25:22.922Z,3775.000,9,94.000,YHloJXirCx60SFnV,2573.000,Nsmpq/og5cO95HwJ,3488.000,obTLIQc2u6K1oipM,3494.000,2iset8PVX4jSTSEH,3653.000,Kxg/hrv/euEuhbOE,3724.000,uT1RCshO88YMpxwE,3775.000,Do8hC1pw172W9xvw,3789.000,MwfJUdRQPbSNr9Io,3797.000,02xuA6TviChey6nJ,,
7,237,2026-03-25T14:25:26.697Z,4886.000,8,140.000,YHloJXirCx60SFnV,3883.000,2iset8PVX4jSTSEH,3949.000,obTLIQc2u6K1oipM,4049.000,02xuA6TviChey6nJ,4193.000,MwfJUdRQPbSNr9Io,4855.000,Do8hC1pw172W9xvw,4886.000,uT1RCshO88YMpxwE,4889.000,Kxg/hrv/euEuhbOE,,,,
7,238,2026-03-25T14:25:31.583Z,6208.000,7,113.000,YHloJXirCx60SFnV,5363.000,Kxg/hrv/euEuhbOE,5677.000,Nsmpq/og5cO95HwJ,5679.000,2iset8PVX4jSTSEH,5884.000,obTLIQc2u6K1oipM,6048.000,02xuA6TviChey6nJ,6208.000,MwfJUdRQPbSNr9Io,,,,,,
7,239,2026-03-25T14:25:37.791Z,6705.000,8,102.000,YHloJXirCx60SFnV,5709.000,MwfJUdRQPbSNr9Io,5958.000,obTLIQc2u6K1oipM,6405.000,uT1RCshO88YMpxwE,6533.000,Do8hC1pw172W9xvw,6644.000,02xuA6TviChey6nJ,6705.000,2iset8PVX4jSTSEH,6707.000,Nsmpq/og5cO95HwJ,,,,
7,240,2026-03-25T14:25:44.496Z,6374.000,8,125.000,YHloJXirCx60SFnV,5873.000,2iset8PVX4jSTSEH,6164.000,Nsmpq/og5cO95HwJ,6241.000,uT1RCshO88YMpxwE,6242.000,Kxg/hrv/euEuhbOE,6254.000,02xuA6TviChey6nJ,6374.000,Do8hC1pw172W9xvw,6408.000,obTLIQc2u6K1oipM,,,,
7,241,2026-03-25T14:25:50.870Z,6821.000,9,155.000,YHloJXirCx60SFnV,5714.000,Kxg/hrv/euEuhbOE,6202.000,Do8hC1pw172W9xvw,6224.000,02xuA6TviChey6nJ,6499.000,MwfJUdRQPbSNr9Io,6814.000,Nsmpq/og5cO95HwJ,6821.000,uT1RCshO88YMpxwE,6823.000,2N4uTfQs/yo3mBYi,6826.000,obTLIQc2u6K1oipM,,
7,242,2026-03-25T14:25:57.691Z,6374.000,7,115.000,YHloJXirCx60SFnV,5784.000,02xuA6TviChey6nJ,5965.000,2iset8PVX4jSTSEH,6200.000,obTLIQc2u6K1oipM,6219.000,Nsmpq/og5cO95HwJ,6353.000,Do8hC1pw172W9xvw,6374.000,MwfJUdRQPbSNr9Io,,,,,,
7,243,2026-03-25T14:26:04.065Z,6128.000,7,128.000,YHloJXirCx60SFnV,5719.000,02xuA6TviChey6nJ,5735.000,Nsmpq/og5cO95HwJ,6097.000,Do8hC1pw172W9xvw,6114.000,2iset8PVX4jSTSEH,6125.000,obTLIQc2u6K1oipM,6128.000,MwfJUdRQPbSNr9Io,,,,,,
7,244,2026-03-25T14:26:10.193Z,6680.000,10,109.000,YHloJXirCx60SFnV,5748.000,MwfJUdRQPbSNr9Io,5831.000,Do8hC1pw172W9xvw,5849.000,2iset8PVX4jSTSEH,6263.000,Nsmpq/og5cO95HwJ,6568.000,obTLIQc2u6K1oipM,6680.000,uT1RCshO88YMpxwE,6681.000,02xuA6TviChey6nJ,6683.000,Kxg/hrv/euEuhbOE,6694.000,2N4uTfQs/yo3mBYi
7,245,2026-03-25T14:26:16.873Z,6157.000,7,131.000,YHloJXirCx60SFnV,5357.000,MwfJUdRQPbSNr9Io,5936.000,2iset8PVX4jSTSEH,5985.000,uT1RCshO88YMpxwE,6027.000,Nsmpq/og5cO95HwJ,6097.000,Kxg/hrv/euEuhbOE,6156.000,Do8hC1pw172W9xvw,,,,,,
7,246,2026-03-25T14:26:23.030Z,6485.000,8,144.000,YHloJXirCx60SFnV,5946.000,Nsmpq/og5cO95HwJ,6005.000,Kxg/hrv/euEuhbOE,6197.000,Do8hC1pw172W9xvw,6269.000,uT1RCshO88YMpxwE,6464.000,obTLIQc2u6K1oipM,6485.000,2N4uTfQs/yo3mBYi,6497.000,2iset8PVX4jSTSEH,,,,
7,247,2026-03-25T14:26:29.515Z,,1,128.000,YHloJXirCx60SFnV,,,,,,,,,,,,,,,,,,
8,1,2026-03-25T14:24:16.252Z,1512.000,7,637.000,2iset8PVX4jSTSEH,779.000,obTLIQc2u6K1oipM,1392.000,Do8hC1pw172W9xvw,1487.000,YHloJXirCx60SFnV,2261.000,Kxg/hrv/euEuhbOE,4319.000,02xuA6TviChey6nJ,5743.000,MwfJUdRQPbSNr9Io,,,,,,
8,2,2026-03-25T14:24:17.764Z,234.000,7,0.000,obTLIQc2u6K1oipM,0.000,YHloJXirCx60SFnV,88.000,2iset8PVX4jSTSEH,94.000,Do8hC1pw172W9xvw,751.000,Kxg/hrv/euEuhbOE,2814.000,02xuA6TviChey6nJ,4234.000,MwfJUdRQPbSNr9Io,,,,,,
8,3,2026-03-25T14:24:17.998Z,218.000,7,0.000,YHloJXirCx60SFnV,1.000,obTLIQc2u6K1oipM,25.000,2iset8PVX4jSTSEH,101.000,Do8hC1pw172W9xvw,4002.000,MwfJUdRQPbSNr9Io,518.000,Kxg/hrv/euEuhbOE,2581.000,02xuA6TviChey6nJ,,,,,,
8,4,2026-03-25T14:24:18.216Z,220.000,7,0.000,obTLIQc2u6K1oipM,1.000,YHloJXirCx60SFnV,79.000,2iset8PVX4jSTSEH,99.000,Do8hC1pw172W9xvw,302.000,Kxg/hrv/euEuhbOE,3786.000,MwfJUdRQPbSNr9Io,2365.000,02xuA6TviChey6nJ,,,,,,
8,5,2026-03-25T14:24:18.436Z,160.000,8,1.000,obTLIQc2u6K1oipM,2.000,YHloJXirCx60SFnV,2.000,2iset8PVX4jSTSEH,88.000,Do8hC1pw172W9xvw,142.000,Kxg/hrv/euEuhbOE,3568.000,MwfJUdRQPbSNr9Io,159.000,2N4uTfQs/yo3mBYi,2147.000,02xuA6TviChey6nJ,,,,
8,6,2026-03-25T14:24:18.596Z,187.000,8,24.000,Kxg/hrv/euEuhbOE,24.000,obTLIQc2u6K1oipM,25.000,YHloJXirCx60SFnV,26.000,2iset8PVX4jSTSEH,85.000,Do8hC1pw172W9xvw,131.000,2N4uTfQs/yo3mBYi,1989.000,02xuA6TviChey6nJ,3410.000,MwfJUdRQPbSNr9Io,,,,
8,7,2026-03-25T14:24:18.783Z,195.000,8,38.000,obTLIQc2u6K1oipM,38.000,YHloJXirCx60SFnV,40.000,Kxg/hrv/euEuhbOE,82.000,2iset8PVX4jSTSEH,88.000,Do8hC1pw172W9xvw,137.000,2N4uTfQs/yo3mBYi,3224.000,MwfJUdRQPbSNr9Io,1803.000,02xuA6TviChey6nJ,,,,
8,8,2026-03-25T14:24:18.978Z,141.000,9,50.000,Kxg/hrv/euEuhbOE,50.000,obTLIQc2u6K1oipM,50.000,YHloJXirCx60SFnV,52.000,2iset8PVX4jSTSEH,108.000,Do8hC1pw172W9xvw,120.000,Nsmpq/og5cO95HwJ,141.000,2N4uTfQs/yo3mBYi,3036.000,MwfJUdRQPbSNr9Io,1624.000,02xuA6TviChey6nJ,,
8,9,2026-03-25T14:24:19.119Z,197.000,9,107.000,obTLIQc2u6K1oipM,107.000,YHloJXirCx60SFnV,107.000,2iset8PVX4jSTSEH,107.000,Kxg/hrv/euEuhbOE,116.000,Nsmpq/og5cO95HwJ,159.000,Do8hC1pw172W9xvw,197.000,2N4uTfQs/yo3mBYi,1485.000,02xuA6TviChey6nJ,2916.000,MwfJUdRQPbSNr9Io,,
8,10,2026-03-25T14:24:19.316Z,215.000,9,100.000,YHloJXirCx60SFnV,101.000,obTLIQc2u6K1oipM,101.000,Kxg/hrv/euEuhbOE,103.000,2iset8PVX4jSTSEH,126.000,Nsmpq/og5cO95HwJ,168.000,Do8hC1pw172W9xvw,215.000,2N4uTfQs/yo3mBYi,1290.000,02xuA6TviChey6nJ,2721.000,MwfJUdRQPbSNr9Io,,
8,11,2026-03-25T14:24:19.531Z,197.000,9,101.000,YHloJXirCx60SFnV,103.000,obTLIQc2u6K1oipM,103.000,Kxg/hrv/euEuhbOE,103.000,2iset8PVX4jSTSEH,104.000,Nsmpq/og5cO95HwJ,156.000,Do8hC1pw172W9xvw,197.000,2N4uTfQs/yo3mBYi,2508.000,MwfJUdRQPbSNr9Io,1076.000,02xuA6TviChey6nJ,,
8,12,2026-03-25T14:24:19.728Z,176.000,9,126.000,2iset8PVX4jSTSEH,126.000,Nsmpq/og5cO95HwJ,127.000,Kxg/hrv/euEuhbOE,127.000,obTLIQc2u6K1oipM,128.000,YHloJXirCx60SFnV,168.000,Do8hC1pw172W9xvw,176.000,2N4uTfQs/yo3mBYi,2312.000,MwfJUdRQPbSNr9Io,881.000,02xuA6TviChey6nJ,,
8,13,2026-03-25T14:24:19.904Z,214.000,9,116.000,Nsmpq/og5cO95HwJ,116.000,Kxg/hrv/euEuhbOE,118.000,obTLIQc2u6K1oipM,118.000,YHloJXirCx60SFnV,115.000,2iset8PVX4jSTSEH,174.000,Do8hC1pw172W9xvw,214.000,2N4uTfQs/yo3mBYi,707.000,02xuA6TviChey6nJ,2138.000,MwfJUdRQPbSNr9Io,,
8,14,2026-03-25T14:24:20.118Z,191.000,9,95.000,YHloJXirCx60SFnV,95.000,2iset8PVX4jSTSEH,96.000,Kxg/hrv/euEuhbOE,100.000,Nsmpq/og5cO95HwJ,108.000,obTLIQc2u6K1oipM,181.000,Do8hC1pw172W9xvw,191.000,2N4uTfQs/yo3mBYi,495.000,02xuA6TviChey6nJ,1926.000,MwfJUdRQPbSNr9Io,,
8,15,2026-03-25T14:24:20.309Z,210.000,10,109.000,obTLIQc2u6K1oipM,111.000,Kxg/hrv/euEuhbOE,112.000,YHloJXirCx60SFnV,110.000,Nsmpq/og5cO95HwJ,115.000,2iset8PVX4jSTSEH,168.000,Do8hC1pw172W9xvw,210.000,2N4uTfQs/yo3mBYi,305.000,02xuA6TviChey6nJ,309.000,uT1RCshO88YMpxwE,1736.000,MwfJUdRQPbSNr9Io
8,16,2026-03-25T14:24:20.519Z,167.000,10,104.000,Nsmpq/og5cO95HwJ,106.000,02xuA6TviChey6nJ,108.000,Kxg/hrv/euEuhbOE,109.000,2iset8PVX4jSTSEH,104.000,YHloJXirCx60SFnV,106.000,obTLIQc2u6K1oipM,167.000,Do8hC1pw172W9xvw,197.000,2N4uTfQs/yo3mBYi,227.000,uT1RCshO88YMpxwE,1528.000,MwfJUdRQPbSNr9Io
8,17,2026-03-25T14:24:20.686Z,195.000,10,115.000,Nsmpq/og5cO95HwJ,118.000,YHloJXirCx60SFnV,120.000,02xuA6TviChey6nJ,124.000,Kxg/hrv/euEuhbOE,134.000,2iset8PVX4jSTSEH,138.000,obTLIQc2u6K1oipM,195.000,Do8hC1pw172W9xvw,213.000,uT1RCshO88YMpxwE,221.000,2N4uTfQs/yo3mBYi,1363.000,MwfJUdRQPbSNr9Io
8,18,2026-03-25T14:24:20.881Z,211.000,10,130.000,Kxg/hrv/euEuhbOE,131.000,obTLIQc2u6K1oipM,132.000,02xuA6TviChey6nJ,133.000,Nsmpq/og5cO95HwJ,142.000,YHloJXirCx60SFnV,143.000,2iset8PVX4jSTSEH,211.000,Do8hC1pw172W9xvw,221.000,2N4uTfQs/yo3mBYi,278.000,uT1RCshO88YMpxwE,1170.000,MwfJUdRQPbSNr9Io
8,19,2026-03-25T14:24:21.092Z,192.000,10,113.000,Kxg/hrv/euEuhbOE,120.000,YHloJXirCx60SFnV,122.000,02xuA6TviChey6nJ,126.000,Nsmpq/og5cO95HwJ,128.000,2iset8PVX4jSTSEH,132.000,obTLIQc2u6K1oipM,192.000,Do8hC1pw172W9xvw,208.000,2N4uTfQs/yo3mBYi,243.000,uT1RCshO88YMpxwE,960.000,MwfJUdRQPbSNr9Io
8,20,2026-03-25T14:24:21.284Z,194.000,10,130.000,YHloJXirCx60SFnV,133.000,02xuA6TviChey6nJ,137.000,2iset8PVX4jSTSEH,138.000,Kxg/hrv/euEuhbOE,141.000,Nsmpq/og5cO95HwJ,146.000,obTLIQc2u6K1oipM,194.000,Do8hC1pw172W9xvw,217.000,2N4uTfQs/yo3mBYi,268.000,uT1RCshO88YMpxwE,770.000,MwfJUdRQPbSNr9Io
8,21,2026-03-25T14:24:21.478Z,217.000,10,138.000,02xuA6TviChey6nJ,144.000,Nsmpq/og5cO95HwJ,145.000,obTLIQc2u6K1oipM,147.000,YHloJXirCx60SFnV,149.000,Kxg/hrv/euEuhbOE,150.000,2iset8PVX4jSTSEH,217.000,Do8hC1pw172W9xvw,223.000,2N4uTfQs/yo3mBYi,264.000,uT1RCshO88YMpxwE,578.000,MwfJUdRQPbSNr9Io
8,22,2026-03-25T14:24:21.695Z,207.000,10,119.000,2iset8PVX4jSTSEH,121.000,YHloJXirCx60SFnV,123.000,02xuA6TviChey6nJ,125.000,Kxg/hrv/euEuhbOE,128.000,obTLIQc2u6K1oipM,133.000,Nsmpq/og5cO95HwJ,207.000,Do8hC1pw172W9xvw,207.000,2N4uTfQs/yo3mBYi,254.000,uT1RCshO88YMpxwE,363.000,MwfJUdRQPbSNr9Io
8,23,2026-03-25T14:24:21.902Z,158.000,10,110.000,Kxg/hrv/euEuhbOE,115.000,Nsmpq/og5cO95HwJ,116.000,02xuA6TviChey6nJ,118.000,YHloJXirCx60SFnV,123.000,2iset8PVX4jSTSEH,124.000,obTLIQc2u6K1oipM,158.000,MwfJUdRQPbSNr9Io,193.000,Do8hC1pw172W9xvw,203.000,2N4uTfQs/yo3mBYi,260.000,uT1RCshO88YMpxwE
8,24,2026-03-25T14:24:22.060Z,168.000,9,152.000,2iset8PVX4jSTSEH,158.000,Kxg/hrv/euEuhbOE,160.000,YHloJXirCx60SFnV,162.000,MwfJUdRQPbSNr9Io,164.000,Nsmpq/og5cO95HwJ,166.000,obTLIQc2u6K1oipM,168.000,02xuA6TviChey6nJ,234.000,Do8hC1pw172W9xvw,288.000,uT1RCshO88YMpxwE,,
8,25,2026-03-25T14:24:22.228Z,199.000,10,73.000,2N4uTfQs/yo3mBYi,174.000,2iset8PVX4jSTSEH,187.000,02xuA6TviChey6nJ,190.000,Kxg/hrv/euEuhbOE,196.000,Nsmpq/og5cO95HwJ,198.000,YHloJXirCx60SFnV,199.000,obTLIQc2u6K1oipM,213.000,MwfJUdRQPbSNr9Io,259.000,Do8hC1pw172W9xvw,323.000,uT1RCshO88YMpxwE
8,26,2026-03-25T14:24:22.427Z,200.000,9,77.000,2N4uTfQs/yo3mBYi,174.000,Kxg/hrv/euEuhbOE,177.000,2iset8PVX4jSTSEH,183.000,Nsmpq/og5cO95HwJ,192.000,YHloJXirCx60SFnV,197.000,02xuA6TviChey6nJ,200.000,MwfJUdRQPbSNr9Io,204.000,obTLIQc2u6K1oipM,326.000,uT1RCshO88YMpxwE,,
8,27,2026-03-25T14:24:22.627Z,192.000,9,65.000,Do8hC1pw172W9xvw,74.000,2N4uTfQs/yo3mBYi,183.000,Kxg/hrv/euEuhbOE,188.000,obTLIQc2u6K1oipM,189.000,Nsmpq/og5cO95HwJ,190.000,MwfJUdRQPbSNr9Io,191.000,YHloJXirCx60SFnV,195.000,02xuA6TviChey6nJ,200.000,2iset8PVX4jSTSEH,,
8,28,2026-03-25T14:24:22.819Z,204.000,10,80.000,Do8hC1pw172W9xvw,98.000,2N4uTfQs/yo3mBYi,119.000,uT1RCshO88YMpxwE,193.000,Kxg/hrv/euEuhbOE,194.000,YHloJXirCx60SFnV,202.000,02xuA6TviChey6nJ,204.000,2iset8PVX4jSTSEH,205.000,MwfJUdRQPbSNr9Io,208.000,obTLIQc2u6K1oipM,210.000,Nsmpq/og5cO95HwJ
8,29,2026-03-25T14:24:23.023Z,203.000,10,85.000,Do8hC1pw172W9xvw,87.000,2N4uTfQs/yo3mBYi,141.000,uT1RCshO88YMpxwE,198.000,Nsmpq/og5cO95HwJ,200.000,YHloJXirCx60SFnV,201.000,Kxg/hrv/euEuhbOE,202.000,obTLIQc2u6K1oipM,204.000,2iset8PVX4jSTSEH,205.000,MwfJUdRQPbSNr9Io,207.000,02xuA6TviChey6nJ
8,30,2026-03-25T14:24:23.226Z,200.000,10,80.000,Do8hC1pw172W9xvw,84.000,2N4uTfQs/yo3mBYi,178.000,uT1RCshO88YMpxwE,193.000,Kxg/hrv/euEuhbOE,195.000,2iset8PVX4jSTSEH,196.000,MwfJUdRQPbSNr9Io,200.000,obTLIQc2u6K1oipM,206.000,Nsmpq/og5cO95HwJ,208.000,YHloJXirCx60SFnV,212.000,02xuA6TviChey6nJ
8,31,2026-03-25T14:24:23.426Z,200.000,10,81.000,Do8hC1pw172W9xvw,82.000,2N4uTfQs/yo3mBYi,114.000,uT1RCshO88YMpxwE,190.000,Nsmpq/og5cO95HwJ,192.000,MwfJUdRQPbSNr9Io,194.000,02xuA6TviChey6nJ,200.000,Kxg/hrv/euEuhbOE,201.000,2iset8PVX4jSTSEH,202.000,YHloJXirCx60SFnV,211.000,obTLIQc2u6K1oipM
8,32,2026-03-25T14:24:23.626Z,198.000,10,77.000,Do8hC1pw172W9xvw,93.000,2N4uTfQs/yo3mBYi,130.000,uT1RCshO88YMpxwE,194.000,Nsmpq/og5cO95HwJ,195.000,obTLIQc2u6K1oipM,197.000,MwfJUdRQPbSNr9Io,198.000,02xuA6TviChey6nJ,199.000,Kxg/hrv/euEuhbOE,201.000,2iset8PVX4jSTSEH,202.000,YHloJXirCx60SFnV
8,33,2026-03-25T14:24:23.824Z,204.000,10,80.000,Do8hC1pw172W9xvw,91.000,2N4uTfQs/yo3mBYi,100.000,uT1RCshO88YMpxwE,191.000,YHloJXirCx60SFnV,196.000,obTLIQc2u6K1oipM,198.000,2iset8PVX4jSTSEH,204.000,Kxg/hrv/euEuhbOE,205.000,Nsmpq/og5cO95HwJ,207.000,MwfJUdRQPbSNr9Io,209.000,02xuA6TviChey6nJ
8,34,2026-03-25T14:24:24.028Z,196.000,10,72.000,Do8hC1pw172W9xvw,88.000,2N4uTfQs/yo3mBYi,104.000,uT1RCshO88YMpxwE,191.000,Kxg/hrv/euEuhbOE,193.000,MwfJUdRQPbSNr9Io,194.000,obTLIQc2u6K1oipM,196.000,02xuA6TviChey6nJ,197.000,Nsmpq/og5cO95HwJ,204.000,2iset8PVX4jSTSEH,223.000,YHloJXirCx60SFnV
8,35,2026-03-25T14:24:24.224Z,206.000,10,83.000,Do8hC1pw172W9xvw,92.000,2N4uTfQs/yo3mBYi,122.000,uT1RCshO88YMpxwE,195.000,Kxg/hrv/euEuhbOE,196.000,2iset8PVX4jSTSEH,199.000,Nsmpq/og5cO95HwJ,206.000,obTLIQc2u6K1oipM,207.000,02xuA6TviChey6nJ,208.000,YHloJXirCx60SFnV,209.000,MwfJUdRQPbSNr9Io
8,36,2026-03-25T14:24:24.430Z,202.000,10,80.000,2N4uTfQs/yo3mBYi,87.000,Do8hC1pw172W9xvw,100.000,uT1RCshO88YMpxwE,196.000,obTLIQc2u6K1oipM,197.000,2iset8PVX4jSTSEH,201.000,Nsmpq/og5cO95HwJ,202.000,MwfJUdRQPbSNr9Io,204.000,02xuA6TviChey6nJ,205.000,YHloJXirCx60SFnV,208.000,Kxg/hrv/euEuhbOE
8,37,2026-03-25T14:24:24.632Z,196.000,10,86.000,2N4uTfQs/yo3mBYi,89.000,Do8hC1pw172W9xvw,142.000,uT1RCshO88YMpxwE,191.000,obTLIQc2u6K1oipM,193.000,Kxg/hrv/euEuhbOE,194.000,2iset8PVX4jSTSEH,195.000,Nsmpq/og5cO95HwJ,197.000,MwfJUdRQPbSNr9Io,201.000,YHloJXirCx60SFnV,206.000,02xuA6TviChey6nJ
8,38,2026-03-25T14:24:24.828Z,205.000,10,87.000,2N4uTfQs/yo3mBYi,96.000,Do8hC1pw172W9xvw,143.000,uT1RCshO88YMpxwE,197.000,Nsmpq/og5cO95HwJ,202.000,obTLIQc2u6K1oipM,203.000,YHloJXirCx60SFnV,204.000,MwfJUdRQPbSNr9Io,206.000,02xuA6TviChey6nJ,207.000,2iset8PVX4jSTSEH,208.000,Kxg/hrv/euEuhbOE
8,39,2026-03-25T14:24:25.033Z,198.000,10,86.000,Do8hC1pw172W9xvw,87.000,2N4uTfQs/yo3mBYi,127.000,uT1RCshO88YMpxwE,194.000,Nsmpq/og5cO95HwJ,195.000,2iset8PVX4jSTSEH,196.000,Kxg/hrv/euEuhbOE,198.000,YHloJXirCx60SFnV,199.000,02xuA6TviChey6nJ,204.000,obTLIQc2u6K1oipM,207.000,MwfJUdRQPbSNr9Io
8,40,2026-03-25T14:24:25.231Z,206.000,10,81.000,Do8hC1pw172W9xvw,94.000,2N4uTfQs/yo3mBYi,144.000,uT1RCshO88YMpxwE,195.000,02xuA6TviChey6nJ,197.000,obTLIQc2u6K1oipM,199.000,Nsmpq/og5cO95HwJ,206.000,Kxg/hrv/euEuhbOE,208.000,2iset8PVX4jSTSEH,209.000,YHloJXirCx60SFnV,213.000,MwfJUdRQPbSNr9Io
8,41,2026-03-25T14:24:25.437Z,197.000,10,70.000,Do8hC1pw172W9xvw,86.000,2N4uTfQs/yo3mBYi,130.000,uT1RCshO88YMpxwE,192.000,YHloJXirCx60SFnV,194.000,Kxg/hrv/euEuhbOE,196.000,MwfJUdRQPbSNr9Io,197.000,2iset8PVX4jSTSEH,198.000,02xuA6TviChey6nJ,199.000,obTLIQc2u6K1oipM,202.000,Nsmpq/og5cO95HwJ
8,42,2026-03-25T14:24:25.634Z,201.000,10,84.000,Do8hC1pw172W9xvw,90.000,2N4uTfQs/yo3mBYi,94.000,uT1RCshO88YMpxwE,192.000,2iset8PVX4jSTSEH,194.000,obTLIQc2u6K1oipM,198.000,YHloJXirCx60SFnV,201.000,Nsmpq/og5cO95HwJ,203.000,Kxg/hrv/euEuhbOE,205.000,02xuA6TviChey6nJ,210.000,MwfJUdRQPbSNr9Io
8,43,2026-03-25T14:24:25.835Z,202.000,10,78.000,Do8hC1pw172W9xvw,88.000,2N4uTfQs/yo3mBYi,134.000,uT1RCshO88YMpxwE,188.000,Nsmpq/og5cO95HwJ,199.000,YHloJXirCx60SFnV,201.000,obTLIQc2u6K1oipM,202.000,Kxg/hrv/euEuhbOE,205.000,02xuA6TviChey6nJ,206.000,MwfJUdRQPbSNr9Io,207.000,2iset8PVX4jSTSEH
8,44,2026-03-25T14:24:26.037Z,200.000,10,87.000,Do8hC1pw172W9xvw,91.000,2N4uTfQs/yo3mBYi,144.000,uT1RCshO88YMpxwE,192.000,Kxg/hrv/euEuhbOE,197.000,02xuA6TviChey6nJ,199.000,MwfJUdRQPbSNr9Io,200.000,YHloJXirCx60SFnV,201.000,Nsmpq/og5cO95HwJ,203.000,2iset8PVX4jSTSEH,204.000,obTLIQc2u6K1oipM
8,45,2026-03-25T14:24:26.237Z,203.000,10,89.000,Do8hC1pw172W9xvw,93.000,2N4uTfQs/yo3mBYi,115.000,uT1RCshO88YMpxwE,188.000,obTLIQc2u6K1oipM,199.000,Nsmpq/og5cO95HwJ,200.000,YHloJXirCx60SFnV,203.000,2iset8PVX4jSTSEH,205.000,MwfJUdRQPbSNr9Io,208.000,Kxg/hrv/euEuhbOE,211.000,02xuA6TviChey6nJ
8,46,2026-03-25T14:24:26.440Z,198.000,10,88.000,Do8hC1pw172W9xvw,93.000,2N4uTfQs/yo3mBYi,100.000,uT1RCshO88YMpxwE,191.000,MwfJUdRQPbSNr9Io,194.000,Nsmpq/og5cO95HwJ,197.000,02xuA6TviChey6nJ,198.000,obTLIQc2u6K1oipM,201.000,2iset8PVX4jSTSEH,202.000,Kxg/hrv/euEuhbOE,204.000,YHloJXirCx60SFnV
8,47,2026-03-25T14:24:26.638Z,208.000,10,78.000,Do8hC1pw172W9xvw,94.000,2N4uTfQs/yo3mBYi,125.000,uT1RCshO88YMpxwE,198.000,Nsmpq/og5cO95HwJ,199.000,obTLIQc2u6K1oipM,204.000,2iset8PVX4jSTSEH,208.000,MwfJUdRQPbSNr9Io,209.000,02xuA6TviChey6nJ,215.000,Kxg/hrv/euEuhbOE,219.000,YHloJXirCx60SFnV
8,48,2026-03-25T14:24:26.846Z,198.000,10,76.000,Do8hC1pw172W9xvw,83.000,2N4uTfQs/yo3mBYi,108.000,uT1RCshO88YMpxwE,187.000,obTLIQc2u6K1oipM,194.000,02xuA6TviChey6nJ,196.000,YHloJXirCx60SFnV,198.000,2iset8PVX4jSTSEH,204.000,MwfJUdRQPbSNr9Io,210.000,Kxg/hrv/euEuhbOE,214.000,Nsmpq/og5cO95HwJ
8,49,2026-03-25T14:24:27.044Z,202.000,10,85.000,Do8hC1pw172W9xvw,88.000,2N4uTfQs/yo3mBYi,148.000,uT1RCshO88YMpxwE,193.000,Nsmpq/og5cO95HwJ,198.000,2iset8PVX4jSTSEH,200.000,MwfJUdRQPbSNr9Io,201.000,obTLIQc2u6K1oipM,205.000,02xuA6TviChey6nJ,206.000,Kxg/hrv/euEuhbOE,215.000,YHloJXirCx60SFnV
8,50,2026-03-25T14:24:27.246Z,201.000,10,74.000,Do8hC1pw172W9xvw,96.000,2N4uTfQs/yo3mBYi,100.000,uT1RCshO88YMpxwE,186.000,MwfJUdRQPbSNr9Io,191.000,obTLIQc2u6K1oipM,194.000,Nsmpq/og5cO95HwJ,200.000,Kxg/hrv/euEuhbOE,202.000,2iset8PVX4jSTSEH,207.000,02xuA6TviChey6nJ,209.000,YHloJXirCx60SFnV
8,51,2026-03-25T14:24:27.447Z,201.000,10,86.000,Do8hC1pw172W9xvw,95.000,2N4uTfQs/yo3mBYi,129.000,uT1RCshO88YMpxwE,197.000,Kxg/hrv/euEuhbOE,198.000,Nsmpq/og5cO95HwJ,199.000,obTLIQc2u6K1oipM,200.000,02xuA6TviChey6nJ,204.000,2iset8PVX4jSTSEH,209.000,YHloJXirCx60SFnV,210.000,MwfJUdRQPbSNr9Io
8,52,2026-03-25T14:24:27.648Z,195.000,10,81.000,Do8hC1pw172W9xvw,94.000,2N4uTfQs/yo3mBYi,112.000,uT1RCshO88YMpxwE,191.000,MwfJUdRQPbSNr9Io,193.000,02xuA6TviChey6nJ,194.000,Kxg/hrv/euEuhbOE,195.000,2iset8PVX4jSTSEH,197.000,YHloJXirCx60SFnV,204.000,Nsmpq/og5cO95HwJ,209.000,obTLIQc2u6K1oipM
8,53,2026-03-25T14:24:27.843Z,207.000,10,80.000,Do8hC1pw172W9xvw,92.000,2N4uTfQs/yo3mBYi,109.000,uT1RCshO88YMpxwE,191.000,obTLIQc2u6K1oipM,204.000,Kxg/hrv/euEuhbOE,206.000,Nsmpq/og5cO95HwJ,207.000,2iset8PVX4jSTSEH,209.000,MwfJUdRQPbSNr9Io,213.000,02xuA6TviChey6nJ,227.000,YHloJXirCx60SFnV
8,54,2026-03-25T14:24:28.050Z,207.000,10,76.000,Do8hC1pw172W9xvw,94.000,2N4uTfQs/yo3mBYi,132.000,uT1RCshO88YMpxwE,193.000,MwfJUdRQPbSNr9Io,197.000,Kxg/hrv/euEuhbOE,201.000,02xuA6TviChey6nJ,207.000,2iset8PVX4jSTSEH,208.000,obTLIQc2u6K1oipM,211.000,Nsmpq/og5cO95HwJ,212.000,YHloJXirCx60SFnV
8,55,2026-03-25T14:24:28.257Z,197.000,10,85.000,2N4uTfQs/yo3mBYi,87.000,Do8hC1pw172W9xvw,113.000,uT1RCshO88YMpxwE,189.000,MwfJUdRQPbSNr9Io,191.000,YHloJXirCx60SFnV,195.000,Nsmpq/og5cO95HwJ,196.000,obTLIQc2u6K1oipM,198.000,02xuA6TviChey6nJ,199.000,2iset8PVX4jSTSEH,202.000,Kxg/hrv/euEuhbOE
8,56,2026-03-25T14:24:28.454Z,202.000,10,77.000,Do8hC1pw172W9xvw,91.000,2N4uTfQs/yo3mBYi,96.000,uT1RCshO88YMpxwE,197.000,MwfJUdRQPbSNr9Io,198.000,Kxg/hrv/euEuhbOE,200.000,2iset8PVX4jSTSEH,202.000,02xuA6TviChey6nJ,203.000,obTLIQc2u6K1oipM,204.000,Nsmpq/og5cO95HwJ,217.000,YHloJXirCx60SFnV
8,57,2026-03-25T14:24:28.656Z,199.000,10,71.000,Do8hC1pw172W9xvw,91.000,2N4uTfQs/yo3mBYi,134.000,uT1RCshO88YMpxwE,191.000,Nsmpq/og5cO95HwJ,193.000,2iset8PVX4jSTSEH,197.000,obTLIQc2u6K1oipM,198.000,Kxg/hrv/euEuhbOE,201.000,02xuA6TviChey6nJ,207.000,YHloJXirCx60SFnV,208.000,MwfJUdRQPbSNr9Io
8,58,2026-03-25T14:24:28.855Z,204.000,10,72.000,Do8hC1pw172W9xvw,94.000,2N4uTfQs/yo3mBYi,150.000,uT1RCshO88YMpxwE,194.000,MwfJUdRQPbSNr9Io,201.000,obTLIQc2u6K1oipM,203.000,YHloJXirCx60SFnV,204.000,2iset8PVX4jSTSEH,205.000,Nsmpq/og5cO95HwJ,207.000,02xuA6TviChey6nJ,209.000,Kxg/hrv/euEuhbOE
8,59,2026-03-25T14:24:29.059Z,196.000,10,82.000,Do8hC1pw172W9xvw,90.000,2N4uTfQs/yo3mBYi,103.000,uT1RCshO88YMpxwE,191.000,MwfJUdRQPbSNr9Io,192.000,obTLIQc2u6K1oipM,194.000,02xuA6TviChey6nJ,196.000,Nsmpq/og5cO95HwJ,197.000,Kxg/hrv/euEuhbOE,204.000,2iset8PVX4jSTSEH,205.000,YHloJXirCx60SFnV
8,60,2026-03-25T14:24:29.255Z,203.000,10,88.000,Do8hC1pw172W9xvw,99.000,2N4uTfQs/yo3mBYi,136.000,uT1RCshO88YMpxwE,196.000,2iset8PVX4jSTSEH,200.000,obTLIQc2u6K1oipM,202.000,02xuA6TviChey6nJ,203.000,Nsmpq/og5cO95HwJ,204.000,MwfJUdRQPbSNr9Io,209.000,Kxg/hrv/euEuhbOE,211.000,YHloJXirCx60SFnV
8,61,2026-03-25T14:24:29.458Z,201.000,10,80.000,Do8hC1pw172W9xvw,92.000,2N4uTfQs/yo3mBYi,105.000,uT1RCshO88YMpxwE,186.000,2iset8PVX4jSTSEH,198.000,02xuA6TviChey6nJ,200.000,MwfJUdRQPbSNr9Io,201.000,obTLIQc2u6K1oipM,202.000,Kxg/hrv/euEuhbOE,203.000,YHloJXirCx60SFnV,205.000,Nsmpq/og5cO95HwJ
8,62,2026-03-25T14:24:29.659Z,199.000,10,83.000,Do8hC1pw172W9xvw,93.000,2N4uTfQs/yo3mBYi,132.000,uT1RCshO88YMpxwE,175.000,obTLIQc2u6K1oipM,197.000,2iset8PVX4jSTSEH,198.000,MwfJUdRQPbSNr9Io,199.000,Kxg/hrv/euEuhbOE,205.000,Nsmpq/og5cO95HwJ,206.000,YHloJXirCx60SFnV,209.000,02xuA6TviChey6nJ
8,63,2026-03-25T14:24:29.858Z,206.000,10,91.000,Do8hC1pw172W9xvw,95.000,2N4uTfQs/yo3mBYi,131.000,uT1RCshO88YMpxwE,191.000,obTLIQc2u6K1oipM,199.000,Nsmpq/og5cO95HwJ,201.000,2iset8PVX4jSTSEH,206.000,Kxg/hrv/euEuhbOE,207.000,02xuA6TviChey6nJ,208.000,MwfJUdRQPbSNr9Io,214.000,YHloJXirCx60SFnV
8,64,2026-03-25T14:24:30.064Z,204.000,10,71.000,Do8hC1pw172W9xvw,84.000,2N4uTfQs/yo3mBYi,123.000,uT1RCshO88YMpxwE,190.000,obTLIQc2u6K1oipM,195.000,02xuA6TviChey6nJ,199.000,Kxg/hrv/euEuhbOE,204.000,MwfJUdRQPbSNr9Io,206.000,Nsmpq/og5cO95HwJ,207.000,YHloJXirCx60SFnV,209.000,2iset8PVX4jSTSEH
8,65,2026-03-25T14:24:30.268Z,197.000,10,85.000,Do8hC1pw172W9xvw,87.000,2N4uTfQs/yo3mBYi,125.000,uT1RCshO88YMpxwE,177.000,Kxg/hrv/euEuhbOE,183.000,Nsmpq/og5cO95HwJ,193.000,YHloJXirCx60SFnV,197.000,obTLIQc2u6K1oipM,198.000,02xuA6TviChey6nJ,202.000,2iset8PVX4jSTSEH,209.000,MwfJUdRQPbSNr9Io
8,66,2026-03-25T14:24:30.465Z,205.000,10,82.000,Do8hC1pw172W9xvw,89.000,2N4uTfQs/yo3mBYi,133.000,uT1RCshO88YMpxwE,193.000,Nsmpq/og5cO95HwJ,200.000,obTLIQc2u6K1oipM,203.000,02xuA6TviChey6nJ,204.000,2iset8PVX4jSTSEH,206.000,Kxg/hrv/euEuhbOE,208.000,YHloJXirCx60SFnV,213.000,MwfJUdRQPbSNr9Io
8,67,2026-03-25T14:24:30.670Z,198.000,10,74.000,Do8hC1pw172W9xvw,83.000,2N4uTfQs/yo3mBYi,146.000,uT1RCshO88YMpxwE,188.000,Nsmpq/og5cO95HwJ,190.000,2iset8PVX4jSTSEH,196.000,02xuA6TviChey6nJ,198.000,Kxg/hrv/euEuhbOE,199.000,obTLIQc2u6K1oipM,202.000,YHloJXirCx60SFnV,202.000,MwfJUdRQPbSNr9Io
8,68,2026-03-25T14:24:30.868Z,198.000,10,75.000,Do8hC1pw172W9xvw,88.000,2N4uTfQs/yo3mBYi,105.000,uT1RCshO88YMpxwE,193.000,obTLIQc2u6K1oipM,194.000,Nsmpq/og5cO95HwJ,197.000,Kxg/hrv/euEuhbOE,198.000,2iset8PVX4jSTSEH,199.000,YHloJXirCx60SFnV,203.000,MwfJUdRQPbSNr9Io,204.000,02xuA6TviChey6nJ
8,69,2026-03-25T14:24:31.066Z,207.000,10,78.000,Do8hC1pw172W9xvw,94.000,2N4uTfQs/yo3mBYi,135.000,uT1RCshO88YMpxwE,199.000,02xuA6TviChey6nJ,201.000,YHloJXirCx60SFnV,203.000,2iset8PVX4jSTSEH,207.000,Nsmpq/og5cO95HwJ,208.000,Kxg/hrv/euEuhbOE,210.000,MwfJUdRQPbSNr9Io,213.000,obTLIQc2u6K1oipM
8,70,2026-03-25T14:24:31.273Z,194.000,10,86.000,Do8hC1pw172W9xvw,86.000,2N4uTfQs/yo3mBYi,117.000,uT1RCshO88YMpxwE,185.000,YHloJXirCx60SFnV,187.000,2iset8PVX4jSTSEH,192.000,MwfJUdRQPbSNr9Io,194.000,obTLIQc2u6K1oipM,195.000,Nsmpq/og5cO95HwJ,196.000,Kxg/hrv/euEuhbOE,197.000,02xuA6TviChey6nJ
8,71,2026-03-25T14:24:31.467Z,203.000,10,78.000,Do8hC1pw172W9xvw,98.000,2N4uTfQs/yo3mBYi,133.000,uT1RCshO88YMpxwE,199.000,02xuA6TviChey6nJ,200.000,MwfJUdRQPbSNr9Io,201.000,YHloJXirCx60SFnV,203.000,obTLIQc2u6K1oipM,204.000,Kxg/hrv/euEuhbOE,213.000,Nsmpq/og5cO95HwJ,215.000,2iset8PVX4jSTSEH
8,72,2026-03-25T14:24:31.670Z,210.000,10,86.000,2N4uTfQs/yo3mBYi,93.000,Do8hC1pw172W9xvw,139.000,uT1RCshO88YMpxwE,199.000,Kxg/hrv/euEuhbOE,204.000,Nsmpq/og5cO95HwJ,208.000,2iset8PVX4jSTSEH,210.000,YHloJXirCx60SFnV,212.000,MwfJUdRQPbSNr9Io,214.000,obTLIQc2u6K1oipM,220.000,02xuA6TviChey6nJ
8,73,2026-03-25T14:24:31.880Z,192.000,10,82.000,Do8hC1pw172W9xvw,87.000,2N4uTfQs/yo3mBYi,104.000,uT1RCshO88YMpxwE,186.000,02xuA6TviChey6nJ,188.000,obTLIQc2u6K1oipM,189.000,Kxg/hrv/euEuhbOE,192.000,2iset8PVX4jSTSEH,194.000,Nsmpq/og5cO95HwJ,195.000,MwfJUdRQPbSNr9Io,196.000,YHloJXirCx60SFnV
8,74,2026-03-25T14:24:32.072Z,205.000,10,79.000,Do8hC1pw172W9xvw,95.000,uT1RCshO88YMpxwE,96.000,2N4uTfQs/yo3mBYi,201.000,Nsmpq/og5cO95HwJ,202.000,MwfJUdRQPbSNr9Io,203.000,2iset8PVX4jSTSEH,205.000,02xuA6TviChey6nJ,206.000,YHloJXirCx60SFnV,207.000,Kxg/hrv/euEuhbOE,208.000,obTLIQc2u6K1oipM
8,75,2026-03-25T14:24:32.277Z,199.000,10,89.000,Do8hC1pw172W9xvw,90.000,2N4uTfQs/yo3mBYi,96.000,uT1RCshO88YMpxwE,191.000,Nsmpq/og5cO95HwJ,195.000,YHloJXirCx60SFnV,197.000,obTLIQc2u6K1oipM,199.000,MwfJUdRQPbSNr9Io,200.000,02xuA6TviChey6nJ,209.000,Kxg/hrv/euEuhbOE,214.000,2iset8PVX4jSTSEH
8,76,2026-03-25T14:24:32.476Z,198.000,10,66.000,Do8hC1pw172W9xvw,96.000,2N4uTfQs/yo3mBYi,138.000,uT1RCshO88YMpxwE,192.000,YHloJXirCx60SFnV,196.000,2iset8PVX4jSTSEH,197.000,MwfJUdRQPbSNr9Io,198.000,02xuA6TviChey6nJ,200.000,Nsmpq/og5cO95HwJ,201.000,Kxg/hrv/euEuhbOE,205.000,obTLIQc2u6K1oipM
8,77,2026-03-25T14:24:32.674Z,204.000,10,89.000,Do8hC1pw172W9xvw,95.000,2N4uTfQs/yo3mBYi,134.000,uT1RCshO88YMpxwE,193.000,02xuA6TviChey6nJ,201.000,obTLIQc2u6K1oipM,202.000,YHloJXirCx60SFnV,204.000,2iset8PVX4jSTSEH,209.000,Nsmpq/og5cO95HwJ,210.000,MwfJUdRQPbSNr9Io,212.000,Kxg/hrv/euEuhbOE
8,78,2026-03-25T14:24:32.878Z,202.000,10,88.000,Do8hC1pw172W9xvw,95.000,2N4uTfQs/yo3mBYi,151.000,uT1RCshO88YMpxwE,197.000,Kxg/hrv/euEuhbOE,198.000,obTLIQc2u6K1oipM,201.000,MwfJUdRQPbSNr9Io,202.000,YHloJXirCx60SFnV,203.000,2iset8PVX4jSTSEH,205.000,02xuA6TviChey6nJ,208.000,Nsmpq/og5cO95HwJ
8,79,2026-03-25T14:24:33.080Z,199.000,10,82.000,Do8hC1pw172W9xvw,90.000,2N4uTfQs/yo3mBYi,129.000,uT1RCshO88YMpxwE,190.000,2iset8PVX4jSTSEH,193.000,Nsmpq/og5cO95HwJ,196.000,02xuA6TviChey6nJ,199.000,YHloJXirCx60SFnV,202.000,obTLIQc2u6K1oipM,205.000,Kxg/hrv/euEuhbOE,207.000,MwfJUdRQPbSNr9Io
8,80,2026-03-25T14:24:33.279Z,204.000,10,86.000,Do8hC1pw172W9xvw,90.000,2N4uTfQs/yo3mBYi,145.000,uT1RCshO88YMpxwE,189.000,2iset8PVX4jSTSEH,200.000,02xuA6TviChey6nJ,202.000,Nsmpq/og5cO95HwJ,204.000,Kxg/hrv/euEuhbOE,205.000,MwfJUdRQPbSNr9Io,209.000,YHloJXirCx60SFnV,210.000,obTLIQc2u6K1oipM
8,81,2026-03-25T14:24:33.483Z,199.000,10,69.000,Do8hC1pw172W9xvw,85.000,2N4uTfQs/yo3mBYi,140.000,uT1RCshO88YMpxwE,189.000,obTLIQc2u6K1oipM,194.000,Kxg/hrv/euEuhbOE,195.000,MwfJUdRQPbSNr9Io,199.000,YHloJXirCx60SFnV,205.000,2iset8PVX4jSTSEH,207.000,02xuA6TviChey6nJ,214.000,Nsmpq/og5cO95HwJ
8,82,2026-03-25T14:24:33.682Z,199.000,10,79.000,Do8hC1pw172W9xvw,93.000,2N4uTfQs/yo3mBYi,114.000,uT1RCshO88YMpxwE,188.000,Kxg/hrv/euEuhbOE,192.000,MwfJUdRQPbSNr9Io,198.000,Nsmpq/og5cO95HwJ,199.000,obTLIQc2u6K1oipM,205.000,2iset8PVX4jSTSEH,207.000,02xuA6TviChey6nJ,213.000,YHloJXirCx60SFnV
8,83,2026-03-25T14:24:33.881Z,204.000,10,87.000,Do8hC1pw172W9xvw,99.000,2N4uTfQs/yo3mBYi,125.000,uT1RCshO88YMpxwE,194.000,Kxg/hrv/euEuhbOE,201.000,2iset8PVX4jSTSEH,202.000,obTLIQc2u6K1oipM,204.000,YHloJXirCx60SFnV,205.000,MwfJUdRQPbSNr9Io,207.000,02xuA6TviChey6nJ,217.000,Nsmpq/og5cO95HwJ
8,84,2026-03-25T14:24:34.085Z,203.000,10,74.000,Do8hC1pw172W9xvw,96.000,2N4uTfQs/yo3mBYi,162.000,uT1RCshO88YMpxwE,199.000,Kxg/hrv/euEuhbOE,200.000,obTLIQc2u6K1oipM,202.000,YHloJXirCx60SFnV,203.000,02xuA6TviChey6nJ,208.000,2iset8PVX4jSTSEH,210.000,MwfJUdRQPbSNr9Io,225.000,Nsmpq/og5cO95HwJ
8,85,2026-03-25T14:24:34.288Z,196.000,10,80.000,Do8hC1pw172W9xvw,88.000,2N4uTfQs/yo3mBYi,141.000,uT1RCshO88YMpxwE,188.000,Kxg/hrv/euEuhbOE,193.000,obTLIQc2u6K1oipM,194.000,MwfJUdRQPbSNr9Io,196.000,2iset8PVX4jSTSEH,200.000,02xuA6TviChey6nJ,207.000,Nsmpq/og5cO95HwJ,217.000,YHloJXirCx60SFnV
8,86,2026-03-25T14:24:34.484Z,209.000,10,76.000,Do8hC1pw172W9xvw,94.000,2N4uTfQs/yo3mBYi,137.000,uT1RCshO88YMpxwE,195.000,02xuA6TviChey6nJ,206.000,MwfJUdRQPbSNr9Io,208.000,2iset8PVX4jSTSEH,209.000,Kxg/hrv/euEuhbOE,215.000,Nsmpq/og5cO95HwJ,218.000,obTLIQc2u6K1oipM,219.000,YHloJXirCx60SFnV
8,87,2026-03-25T14:24:34.693Z,203.000,10,73.000,Do8hC1pw172W9xvw,90.000,2N4uTfQs/yo3mBYi,104.000,uT1RCshO88YMpxwE,195.000,Kxg/hrv/euEuhbOE,198.000,02xuA6TviChey6nJ,200.000,Nsmpq/og5cO95HwJ,203.000,MwfJUdRQPbSNr9Io,204.000,obTLIQc2u6K1oipM,205.000,2iset8PVX4jSTSEH,207.000,YHloJXirCx60SFnV
8,88,2026-03-25T14:24:34.896Z,201.000,10,68.000,Do8hC1pw172W9xvw,90.000,uT1RCshO88YMpxwE,95.000,2N4uTfQs/yo3mBYi,185.000,Kxg/hrv/euEuhbOE,195.000,2iset8PVX4jSTSEH,196.000,MwfJUdRQPbSNr9Io,201.000,02xuA6TviChey6nJ,203.000,obTLIQc2u6K1oipM,207.000,YHloJXirCx60SFnV,224.000,Nsmpq/og5cO95HwJ
8,89,2026-03-25T14:24:35.097Z,195.000,10,86.000,2N4uTfQs/yo3mBYi,90.000,Do8hC1pw172W9xvw,93.000,uT1RCshO88YMpxwE,182.000,YHloJXirCx60SFnV,187.000,Kxg/hrv/euEuhbOE,194.000,02xuA6TviChey6nJ,195.000,MwfJUdRQPbSNr9Io,197.000,obTLIQc2u6K1oipM,198.000,2iset8PVX4jSTSEH,210.000,Nsmpq/og5cO95HwJ
8,90,2026-03-25T14:24:35.292Z,206.000,10,89.000,Do8hC1pw172W9xvw,94.000,2N4uTfQs/yo3mBYi,136.000,uT1RCshO88YMpxwE,200.000,2iset8PVX4jSTSEH,203.000,Kxg/hrv/euEuhbOE,205.000,YHloJXirCx60SFnV,206.000,obTLIQc2u6K1oipM,210.000,MwfJUdRQPbSNr9Io,215.000,02xuA6TviChey6nJ,227.000,Nsmpq/og5cO95HwJ
8,91,2026-03-25T14:24:35.498Z,211.000,10,85.000,Do8hC1pw172W9xvw,92.000,2N4uTfQs/yo3mBYi,139.000,uT1RCshO88YMpxwE,191.000,obTLIQc2u6K1oipM,201.000,02xuA6TviChey6nJ,203.000,MwfJUdRQPbSNr9Io,210.000,Nsmpq/og5cO95HwJ,212.000,Kxg/hrv/euEuhbOE,232.000,2iset8PVX4jSTSEH,236.000,YHloJXirCx60SFnV
8,92,2026-03-25T14:24:35.709Z,200.000,10,76.000,2N4uTfQs/yo3mBYi,148.000,uT1RCshO88YMpxwE,167.000,obTLIQc2u6K1oipM,179.000,Kxg/hrv/euEuhbOE,191.000,02xuA6TviChey6nJ,195.000,MwfJUdRQPbSNr9Io,200.000,Nsmpq/og5cO95HwJ,201.000,YHloJXirCx60SFnV,203.000,Do8hC1pw172W9xvw,215.000,2iset8PVX4jSTSEH
8,93,2026-03-25T14:24:35.909Z,195.000,10,84.000,2N4uTfQs/yo3mBYi,93.000,uT1RCshO88YMpxwE,182.000,obTLIQc2u6K1oipM,183.000,Do8hC1pw172W9xvw,192.000,Kxg/hrv/euEuhbOE,193.000,MwfJUdRQPbSNr9Io,194.000,YHloJXirCx60SFnV,196.000,Nsmpq/og5cO95HwJ,200.000,2iset8PVX4jSTSEH,210.000,02xuA6TviChey6nJ
8,94,2026-03-25T14:24:36.104Z,203.000,10,86.000,2N4uTfQs/yo3mBYi,98.000,uT1RCshO88YMpxwE,177.000,obTLIQc2u6K1oipM,182.000,Kxg/hrv/euEuhbOE,189.000,Nsmpq/og5cO95HwJ,190.000,Do8hC1pw172W9xvw,202.000,02xuA6TviChey6nJ,204.000,MwfJUdRQPbSNr9Io,205.000,2iset8PVX4jSTSEH,206.000,YHloJXirCx60SFnV
8,95,2026-03-25T14:24:36.307Z,205.000,10,79.000,2N4uTfQs/yo3mBYi,127.000,uT1RCshO88YMpxwE,170.000,Do8hC1pw172W9xvw,182.000,Kxg/hrv/euEuhbOE,191.000,MwfJUdRQPbSNr9Io,203.000,obTLIQc2u6K1oipM,204.000,02xuA6TviChey6nJ,206.000,Nsmpq/og5cO95HwJ,212.000,2iset8PVX4jSTSEH,219.000,YHloJXirCx60SFnV
8,96,2026-03-25T14:24:36.512Z,198.000,10,81.000,2N4uTfQs/yo3mBYi,135.000,uT1RCshO88YMpxwE,169.000,Do8hC1pw172W9xvw,189.000,02xuA6TviChey6nJ,195.000,obTLIQc2u6K1oipM,197.000,MwfJUdRQPbSNr9Io,198.000,2iset8PVX4jSTSEH,200.000,YHloJXirCx60SFnV,203.000,Nsmpq/og5cO95HwJ,205.000,Kxg/hrv/euEuhbOE
8,97,2026-03-25T14:24:36.710Z,205.000,10,82.000,2N4uTfQs/yo3mBYi,96.000,uT1RCshO88YMpxwE,169.000,Do8hC1pw172W9xvw,189.000,Kxg/hrv/euEuhbOE,202.000,MwfJUdRQPbSNr9Io,203.000,2iset8PVX4jSTSEH,204.000,Nsmpq/og5cO95HwJ,205.000,obTLIQc2u6K1oipM,207.000,YHloJXirCx60SFnV,211.000,02xuA6TviChey6nJ
8,98,2026-03-25T14:24:36.915Z,203.000,10,83.000,2N4uTfQs/yo3mBYi,150.000,uT1RCshO88YMpxwE,164.000,Do8hC1pw172W9xvw,187.000,obTLIQc2u6K1oipM,193.000,Kxg/hrv/euEuhbOE,195.000,MwfJUdRQPbSNr9Io,203.000,02xuA6TviChey6nJ,207.000,2iset8PVX4jSTSEH,214.000,Nsmpq/og5cO95HwJ,232.000,YHloJXirCx60SFnV
8,99,2026-03-25T14:24:37.118Z,202.000,10,79.000,2N4uTfQs/yo3mBYi,140.000,uT1RCshO88YMpxwE,172.000,Do8hC1pw172W9xvw,183.000,obTLIQc2u6K1oipM,190.000,MwfJUdRQPbSNr9Io,200.000,02xuA6TviChey6nJ,202.000,2iset8PVX4jSTSEH,203.000,Nsmpq/og5cO95HwJ,206.000,Kxg/hrv/euEuhbOE,229.000,YHloJXirCx60SFnV
8,100,2026-03-25T14:24:37.320Z,203.000,10,75.000,2N4uTfQs/yo3mBYi,146.000,Do8hC1pw172W9xvw,157.000,uT1RCshO88YMpxwE,190.000,2iset8PVX4jSTSEH,194.000,Nsmpq/og5cO95HwJ,197.000,obTLIQc2u6K1oipM,203.000,02xuA6TviChey6nJ,205.000,MwfJUdRQPbSNr9Io,218.000,Kxg/hrv/euEuhbOE,224.000,YHloJXirCx60SFnV
8,101,2026-03-25T14:24:37.523Z,186.000,10,74.000,2N4uTfQs/yo3mBYi,127.000,uT1RCshO88YMpxwE,161.000,Do8hC1pw172W9xvw,182.000,02xuA6TviChey6nJ,183.000,MwfJUdRQPbSNr9Io,184.000,Nsmpq/og5cO95HwJ,186.000,2iset8PVX4jSTSEH,192.000,obTLIQc2u6K1oipM,202.000,Kxg/hrv/euEuhbOE,207.000,YHloJXirCx60SFnV
8,102,2026-03-25T14:24:37.709Z,214.000,10,88.000,2N4uTfQs/yo3mBYi,156.000,uT1RCshO88YMpxwE,164.000,Do8hC1pw172W9xvw,193.000,MwfJUdRQPbSNr9Io,205.000,2iset8PVX4jSTSEH,212.000,Kxg/hrv/euEuhbOE,213.000,Nsmpq/og5cO95HwJ,217.000,obTLIQc2u6K1oipM,229.000,02xuA6TviChey6nJ,243.000,YHloJXirCx60SFnV
8,103,2026-03-25T14:24:37.923Z,203.000,10,82.000,2N4uTfQs/yo3mBYi,113.000,uT1RCshO88YMpxwE,175.000,Do8hC1pw172W9xvw,194.000,MwfJUdRQPbSNr9Io,200.000,2iset8PVX4jSTSEH,202.000,obTLIQc2u6K1oipM,203.000,Kxg/hrv/euEuhbOE,206.000,Nsmpq/og5cO95HwJ,218.000,02xuA6TviChey6nJ,229.000,YHloJXirCx60SFnV
8,104,2026-03-25T14:24:38.126Z,213.000,10,76.000,2N4uTfQs/yo3mBYi,110.000,uT1RCshO88YMpxwE,164.000,Do8hC1pw172W9xvw,174.000,Nsmpq/og5cO95HwJ,185.000,MwfJUdRQPbSNr9Io,195.000,obTLIQc2u6K1oipM,213.000,2iset8PVX4jSTSEH,230.000,Kxg/hrv/euEuhbOE,240.000,02xuA6TviChey6nJ,242.000,YHloJXirCx60SFnV
8,105,2026-03-25T14:24:38.339Z,197.000,10,69.000,2N4uTfQs/yo3mBYi,114.000,uT1RCshO88YMpxwE,171.000,obTLIQc2u6K1oipM,181.000,2iset8PVX4jSTSEH,184.000,Nsmpq/og5cO95HwJ,186.000,MwfJUdRQPbSNr9Io,197.000,Kxg/hrv/euEuhbOE,234.000,02xuA6TviChey6nJ,262.000,Do8hC1pw172W9xvw,299.000,YHloJXirCx60SFnV
8,106,2026-03-25T14:24:38.536Z,195.000,10,85.000,2N4uTfQs/yo3mBYi,135.000,uT1RCshO88YMpxwE,180.000,MwfJUdRQPbSNr9Io,181.000,Do8hC1pw172W9xvw,192.000,Nsmpq/og5cO95HwJ,193.000,obTLIQc2u6K1oipM,195.000,Kxg/hrv/euEuhbOE,209.000,YHloJXirCx60SFnV,218.000,2iset8PVX4jSTSEH,241.000,02xuA6TviChey6nJ
8,107,2026-03-25T14:24:38.731Z,205.000,10,79.000,2N4uTfQs/yo3mBYi,137.000,uT1RCshO88YMpxwE,161.000,Do8hC1pw172W9xvw,173.000,obTLIQc2u6K1oipM,186.000,MwfJUdRQPbSNr9Io,188.000,2iset8PVX4jSTSEH,205.000,Kxg/hrv/euEuhbOE,207.000,Nsmpq/og5cO95HwJ,218.000,YHloJXirCx60SFnV,223.000,02xuA6TviChey6nJ
8,108,2026-03-25T14:24:38.936Z,198.000,10,68.000,2N4uTfQs/yo3mBYi,132.000,uT1RCshO88YMpxwE,163.000,Do8hC1pw172W9xvw,188.000,2iset8PVX4jSTSEH,190.000,MwfJUdRQPbSNr9Io,197.000,Nsmpq/og5cO95HwJ,198.000,obTLIQc2u6K1oipM,205.000,Kxg/hrv/euEuhbOE,223.000,YHloJXirCx60SFnV,240.000,02xuA6TviChey6nJ
8,109,2026-03-25T14:24:39.134Z,204.000,10,75.000,2N4uTfQs/yo3mBYi,107.000,uT1RCshO88YMpxwE,159.000,Do8hC1pw172W9xvw,182.000,MwfJUdRQPbSNr9Io,197.000,Nsmpq/og5cO95HwJ,199.000,2iset8PVX4jSTSEH,204.000,obTLIQc2u6K1oipM,220.000,Kxg/hrv/euEuhbOE,223.000,02xuA6TviChey6nJ,238.000,YHloJXirCx60SFnV
8,110,2026-03-25T14:24:39.338Z,246.000,10,68.000,2N4uTfQs/yo3mBYi,127.000,uT1RCshO88YMpxwE,147.000,Do8hC1pw172W9xvw,184.000,MwfJUdRQPbSNr9Io,195.000,obTLIQc2u6K1oipM,200.000,Kxg/hrv/euEuhbOE,204.000,Nsmpq/og5cO95HwJ,247.000,2iset8PVX4jSTSEH,249.000,02xuA6TviChey6nJ,250.000,YHloJXirCx60SFnV
8,111,2026-03-25T14:24:39.584Z,153.000,10,46.000,2N4uTfQs/yo3mBYi,51.000,uT1RCshO88YMpxwE,123.000,Do8hC1pw172W9xvw,134.000,obTLIQc2u6K1oipM,142.000,Nsmpq/og5cO95HwJ,145.000,MwfJUdRQPbSNr9Io,153.000,Kxg/hrv/euEuhbOE,161.000,YHloJXirCx60SFnV,198.000,2iset8PVX4jSTSEH,202.000,02xuA6TviChey6nJ
8,112,2026-03-25T14:24:39.737Z,202.000,10,94.000,2N4uTfQs/yo3mBYi,100.000,uT1RCshO88YMpxwE,167.000,Do8hC1pw172W9xvw,168.000,MwfJUdRQPbSNr9Io,191.000,Nsmpq/og5cO95HwJ,192.000,obTLIQc2u6K1oipM,202.000,Kxg/hrv/euEuhbOE,210.000,YHloJXirCx60SFnV,241.000,02xuA6TviChey6nJ,258.000,2iset8PVX4jSTSEH
8,113,2026-03-25T14:24:39.939Z,204.000,10,92.000,2N4uTfQs/yo3mBYi,137.000,uT1RCshO88YMpxwE,162.000,Do8hC1pw172W9xvw,180.000,MwfJUdRQPbSNr9Io,187.000,Nsmpq/og5cO95HwJ,192.000,obTLIQc2u6K1oipM,204.000,Kxg/hrv/euEuhbOE,217.000,YHloJXirCx60SFnV,240.000,2iset8PVX4jSTSEH,323.000,02xuA6TviChey6nJ
8,114,2026-03-25T14:24:40.143Z,195.000,10,96.000,2N4uTfQs/yo3mBYi,111.000,uT1RCshO88YMpxwE,181.000,Do8hC1pw172W9xvw,187.000,MwfJUdRQPbSNr9Io,189.000,obTLIQc2u6K1oipM,192.000,Nsmpq/og5cO95HwJ,195.000,Kxg/hrv/euEuhbOE,229.000,YHloJXirCx60SFnV,250.000,2iset8PVX4jSTSEH,252.000,02xuA6TviChey6nJ
8,115,2026-03-25T14:24:40.338Z,204.000,10,98.000,2N4uTfQs/yo3mBYi,147.000,uT1RCshO88YMpxwE,166.000,Do8hC1pw172W9xvw,193.000,Kxg/hrv/euEuhbOE,195.000,MwfJUdRQPbSNr9Io,202.000,Nsmpq/og5cO95HwJ,204.000,obTLIQc2u6K1oipM,222.000,YHloJXirCx60SFnV,257.000,02xuA6TviChey6nJ,262.000,2iset8PVX4jSTSEH
8,116,2026-03-25T14:24:40.542Z,202.000,10,92.000,uT1RCshO88YMpxwE,95.000,2N4uTfQs/yo3mBYi,164.000,Do8hC1pw172W9xvw,177.000,MwfJUdRQPbSNr9Io,194.000,obTLIQc2u6K1oipM,200.000,Nsmpq/og5cO95HwJ,201.000,YHloJXirCx60SFnV,208.000,Kxg/hrv/euEuhbOE,231.000,02xuA6TviChey6nJ,246.000,2iset8PVX4jSTSEH
8,117,2026-03-25T14:24:40.744Z,206.000,10,96.000,2N4uTfQs/yo3mBYi,144.000,uT1RCshO88YMpxwE,168.000,Do8hC1pw172W9xvw,182.000,MwfJUdRQPbSNr9Io,189.000,obTLIQc2u6K1oipM,196.000,Nsmpq/og5cO95HwJ,206.000,YHloJXirCx60SFnV,227.000,Kxg/hrv/euEuhbOE,247.000,2iset8PVX4jSTSEH,263.000,02xuA6TviChey6nJ
8,118,2026-03-25T14:24:40.950Z,198.000,10,93.000,2N4uTfQs/yo3mBYi,132.000,uT1RCshO88YMpxwE,185.000,Do8hC1pw172W9xvw,187.000,Kxg/hrv/euEuhbOE,194.000,Nsmpq/og5cO95HwJ,196.000,obTLIQc2u6K1oipM,198.000,MwfJUdRQPbSNr9Io,205.000,YHloJXirCx60SFnV,212.000,2iset8PVX4jSTSEH,246.000,02xuA6TviChey6nJ
8,119,2026-03-25T14:24:41.148Z,207.000,10,88.000,uT1RCshO88YMpxwE,89.000,2N4uTfQs/yo3mBYi,179.000,Do8hC1pw172W9xvw,190.000,obTLIQc2u6K1oipM,201.000,Nsmpq/og5cO95HwJ,203.000,Kxg/hrv/euEuhbOE,207.000,MwfJUdRQPbSNr9Io,236.000,YHloJXirCx60SFnV,255.000,02xuA6TviChey6nJ,258.000,2iset8PVX4jSTSEH
8,120,2026-03-25T14:24:41.355Z,196.000,10,84.000,2N4uTfQs/yo3mBYi,137.000,uT1RCshO88YMpxwE,161.000,Do8hC1pw172W9xvw,182.000,MwfJUdRQPbSNr9Io,186.000,obTLIQc2u6K1oipM,192.000,Nsmpq/og5cO95HwJ,196.000,Kxg/hrv/euEuhbOE,223.000,YHloJXirCx60SFnV,233.000,2iset8PVX4jSTSEH,239.000,02xuA6TviChey6nJ
8,121,2026-03-25T14:24:41.551Z,207.000,10,92.000,2N4uTfQs/yo3mBYi,118.000,uT1RCshO88YMpxwE,171.000,Do8hC1pw172W9xvw,176.000,Nsmpq/og5cO95HwJ,181.000,MwfJUdRQPbSNr9Io,195.000,obTLIQc2u6K1oipM,207.000,Kxg/hrv/euEuhbOE,237.000,02xuA6TviChey6nJ,249.000,2iset8PVX4jSTSEH,253.000,YHloJXirCx60SFnV
8,122,2026-03-25T14:24:41.758Z,186.000,10,87.000,2N4uTfQs/yo3mBYi,131.000,uT1RCshO88YMpxwE,162.000,Do8hC1pw172W9xvw,173.000,obTLIQc2u6K1oipM,179.000,Kxg/hrv/euEuhbOE,180.000,MwfJUdRQPbSNr9Io,186.000,Nsmpq/og5cO95HwJ,200.000,YHloJXirCx60SFnV,236.000,2iset8PVX4jSTSEH,237.000,02xuA6TviChey6nJ
8,123,2026-03-25T14:24:41.944Z,223.000,10,100.000,2N4uTfQs/yo3mBYi,110.000,uT1RCshO88YMpxwE,176.000,Do8hC1pw172W9xvw,219.000,obTLIQc2u6K1oipM,220.000,MwfJUdRQPbSNr9Io,221.000,Kxg/hrv/euEuhbOE,223.000,Nsmpq/og5cO95HwJ,224.000,YHloJXirCx60SFnV,251.000,2iset8PVX4jSTSEH,265.000,02xuA6TviChey6nJ
8,124,2026-03-25T14:24:42.167Z,220.000,10,76.000,2N4uTfQs/yo3mBYi,110.000,uT1RCshO88YMpxwE,165.000,Do8hC1pw172W9xvw,201.000,obTLIQc2u6K1oipM,202.000,MwfJUdRQPbSNr9Io,214.000,Kxg/hrv/euEuhbOE,220.000,02xuA6TviChey6nJ,233.000,Nsmpq/og5cO95HwJ,235.000,YHloJXirCx60SFnV,311.000,2iset8PVX4jSTSEH
8,125,2026-03-25T14:24:42.387Z,192.000,9,57.000,2N4uTfQs/yo3mBYi,103.000,uT1RCshO88YMpxwE,134.000,Do8hC1pw172W9xvw,155.000,obTLIQc2u6K1oipM,168.000,Kxg/hrv/euEuhbOE,169.000,MwfJUdRQPbSNr9Io,192.000,YHloJXirCx60SFnV,218.000,Nsmpq/og5cO95HwJ,223.000,02xuA6TviChey6nJ,,
8,126,2026-03-25T14:24:42.579Z,178.000,10,74.000,2N4uTfQs/yo3mBYi,97.000,uT1RCshO88YMpxwE,116.000,2iset8PVX4jSTSEH,155.000,Do8hC1pw172W9xvw,156.000,MwfJUdRQPbSNr9Io,170.000,obTLIQc2u6K1oipM,178.000,YHloJXirCx60SFnV,179.000,Kxg/hrv/euEuhbOE,216.000,02xuA6TviChey6nJ,221.000,Nsmpq/og5cO95HwJ
8,127,2026-03-25T14:24:42.757Z,205.000,10,85.000,2N4uTfQs/yo3mBYi,143.000,2iset8PVX4jSTSEH,145.000,uT1RCshO88YMpxwE,175.000,MwfJUdRQPbSNr9Io,180.000,Do8hC1pw172W9xvw,197.000,obTLIQc2u6K1oipM,205.000,Kxg/hrv/euEuhbOE,210.000,YHloJXirCx60SFnV,247.000,02xuA6TviChey6nJ,275.000,Nsmpq/og5cO95HwJ
8,128,2026-03-25T14:24:42.962Z,198.000,10,91.000,2N4uTfQs/yo3mBYi,126.000,2iset8PVX4jSTSEH,129.000,uT1RCshO88YMpxwE,178.000,Do8hC1pw172W9xvw,182.000,obTLIQc2u6K1oipM,186.000,MwfJUdRQPbSNr9Io,198.000,YHloJXirCx60SFnV,207.000,Kxg/hrv/euEuhbOE,248.000,02xuA6TviChey6nJ,250.000,Nsmpq/og5cO95HwJ
8,129,2026-03-25T14:24:43.160Z,194.000,10,94.000,2N4uTfQs/yo3mBYi,126.000,2iset8PVX4jSTSEH,132.000,uT1RCshO88YMpxwE,175.000,Do8hC1pw172W9xvw,188.000,Kxg/hrv/euEuhbOE,192.000,obTLIQc2u6K1oipM,194.000,MwfJUdRQPbSNr9Io,207.000,YHloJXirCx60SFnV,252.000,Nsmpq/og5cO95HwJ,263.000,02xuA6TviChey6nJ
8,130,2026-03-25T14:24:43.354Z,213.000,10,107.000,2N4uTfQs/yo3mBYi,146.000,uT1RCshO88YMpxwE,161.000,Do8hC1pw172W9xvw,180.000,2iset8PVX4jSTSEH,188.000,MwfJUdRQPbSNr9Io,200.000,Kxg/hrv/euEuhbOE,213.000,obTLIQc2u6K1oipM,239.000,02xuA6TviChey6nJ,240.000,YHloJXirCx60SFnV,265.000,Nsmpq/og5cO95HwJ
8,131,2026-03-25T14:24:43.567Z,192.000,10,97.000,2N4uTfQs/yo3mBYi,145.000,2iset8PVX4jSTSEH,163.000,uT1RCshO88YMpxwE,182.000,Do8hC1pw172W9xvw,186.000,MwfJUdRQPbSNr9Io,191.000,obTLIQc2u6K1oipM,192.000,Kxg/hrv/euEuhbOE,216.000,YHloJXirCx60SFnV,226.000,02xuA6TviChey6nJ,231.000,Nsmpq/og5cO95HwJ
8,132,2026-03-25T14:24:43.759Z,227.000,10,112.000,2N4uTfQs/yo3mBYi,155.000,uT1RCshO88YMpxwE,174.000,2iset8PVX4jSTSEH,177.000,Do8hC1pw172W9xvw,188.000,obTLIQc2u6K1oipM,212.000,MwfJUdRQPbSNr9Io,227.000,Kxg/hrv/euEuhbOE,229.000,YHloJXirCx60SFnV,233.000,02xuA6TviChey6nJ,238.000,Nsmpq/og5cO95HwJ
8,133,2026-03-25T14:24:43.986Z,179.000,10,75.000,2N4uTfQs/yo3mBYi,106.000,uT1RCshO88YMpxwE,128.000,2iset8PVX4jSTSEH,135.000,Do8hC1pw172W9xvw,174.000,obTLIQc2u6K1oipM,175.000,MwfJUdRQPbSNr9Io,179.000,Kxg/hrv/euEuhbOE,193.000,YHloJXirCx60SFnV,224.000,02xuA6TviChey6nJ,244.000,Nsmpq/og5cO95HwJ
8,134,2026-03-25T14:24:44.165Z,210.000,10,96.000,2N4uTfQs/yo3mBYi,143.000,2iset8PVX4jSTSEH,161.000,uT1RCshO88YMpxwE,168.000,Do8hC1pw172W9xvw,201.000,MwfJUdRQPbSNr9Io,206.000,Kxg/hrv/euEuhbOE,209.000,YHloJXirCx60SFnV,215.000,obTLIQc2u6K1oipM,261.000,Nsmpq/og5cO95HwJ,342.000,02xuA6TviChey6nJ
8,135,2026-03-25T14:24:44.375Z,195.000,9,86.000,2N4uTfQs/yo3mBYi,129.000,uT1RCshO88YMpxwE,142.000,2iset8PVX4jSTSEH,181.000,Do8hC1pw172W9xvw,190.000,Kxg/hrv/euEuhbOE,192.000,MwfJUdRQPbSNr9Io,195.000,obTLIQc2u6K1oipM,205.000,YHloJXirCx60SFnV,248.000,Nsmpq/og5cO95HwJ,,
8,136,2026-03-25T14:24:44.570Z,197.000,10,97.000,2N4uTfQs/yo3mBYi,128.000,02xuA6TviChey6nJ,150.000,uT1RCshO88YMpxwE,165.000,2iset8PVX4jSTSEH,183.000,Do8hC1pw172W9xvw,195.000,MwfJUdRQPbSNr9Io,197.000,obTLIQc2u6K1oipM,200.000,Kxg/hrv/euEuhbOE,203.000,YHloJXirCx60SFnV,255.000,Nsmpq/og5cO95HwJ
8,137,2026-03-25T14:24:44.767Z,199.000,10,105.000,2N4uTfQs/yo3mBYi,127.000,uT1RCshO88YMpxwE,148.000,02xuA6TviChey6nJ,157.000,2iset8PVX4jSTSEH,178.000,Do8hC1pw172W9xvw,196.000,obTLIQc2u6K1oipM,199.000,Kxg/hrv/euEuhbOE,207.000,YHloJXirCx60SFnV,211.000,MwfJUdRQPbSNr9Io,264.000,Nsmpq/og5cO95HwJ
8,138,2026-03-25T14:24:44.966Z,244.000,10,122.000,2N4uTfQs/yo3mBYi,166.000,uT1RCshO88YMpxwE,170.000,Do8hC1pw172W9xvw,178.000,02xuA6TviChey6nJ,179.000,2iset8PVX4jSTSEH,205.000,obTLIQc2u6K1oipM,243.000,Kxg/hrv/euEuhbOE,245.000,MwfJUdRQPbSNr9Io,246.000,YHloJXirCx60SFnV,258.000,Nsmpq/og5cO95HwJ
8,139,2026-03-25T14:24:45.210Z,158.000,10,56.000,2N4uTfQs/yo3mBYi,95.000,2iset8PVX4jSTSEH,98.000,02xuA6TviChey6nJ,141.000,uT1RCshO88YMpxwE,142.000,Do8hC1pw172W9xvw,153.000,obTLIQc2u6K1oipM,158.000,MwfJUdRQPbSNr9Io,162.000,Kxg/hrv/euEuhbOE,188.000,YHloJXirCx60SFnV,198.000,Nsmpq/og5cO95HwJ
8,140,2026-03-25T14:24:45.368Z,204.000,10,104.000,2N4uTfQs/yo3mBYi,144.000,02xuA6TviChey6nJ,156.000,2iset8PVX4jSTSEH,161.000,uT1RCshO88YMpxwE,179.000,Do8hC1pw172W9xvw,199.000,obTLIQc2u6K1oipM,204.000,Kxg/hrv/euEuhbOE,206.000,MwfJUdRQPbSNr9Io,217.000,YHloJXirCx60SFnV,276.000,Nsmpq/og5cO95HwJ
8,141,2026-03-25T14:24:45.572Z,202.000,10,102.000,2N4uTfQs/yo3mBYi,148.000,2iset8PVX4jSTSEH,158.000,uT1RCshO88YMpxwE,160.000,02xuA6TviChey6nJ,161.000,Do8hC1pw172W9xvw,198.000,Kxg/hrv/euEuhbOE,202.000,obTLIQc2u6K1oipM,203.000,MwfJUdRQPbSNr9Io,217.000,YHloJXirCx60SFnV,243.000,Nsmpq/og5cO95HwJ
8,142,2026-03-25T14:24:45.774Z,206.000,10,106.000,2N4uTfQs/yo3mBYi,142.000,02xuA6TviChey6nJ,156.000,uT1RCshO88YMpxwE,159.000,2iset8PVX4jSTSEH,183.000,Do8hC1pw172W9xvw,203.000,obTLIQc2u6K1oipM,205.000,Kxg/hrv/euEuhbOE,207.000,YHloJXirCx60SFnV,208.000,MwfJUdRQPbSNr9Io,275.000,Nsmpq/og5cO95HwJ
8,143,2026-03-25T14:24:45.980Z,187.000,9,109.000,2N4uTfQs/yo3mBYi,130.000,02xuA6TviChey6nJ,150.000,2iset8PVX4jSTSEH,153.000,uT1RCshO88YMpxwE,173.000,Do8hC1pw172W9xvw,182.000,YHloJXirCx60SFnV,186.000,obTLIQc2u6K1oipM,189.000,Kxg/hrv/euEuhbOE,191.000,MwfJUdRQPbSNr9Io,,
8,144,2026-03-25T14:24:46.167Z,198.000,10,74.000,Nsmpq/og5cO95HwJ,113.000,2N4uTfQs/yo3mBYi,166.000,02xuA6TviChey6nJ,168.000,2iset8PVX4jSTSEH,188.000,Do8hC1pw172W9xvw,189.000,uT1RCshO88YMpxwE,198.000,YHloJXirCx60SFnV,208.000,obTLIQc2u6K1oipM,210.000,Kxg/hrv/euEuhbOE,224.000,MwfJUdRQPbSNr9Io
8,145,2026-03-25T14:24:46.365Z,213.000,10,81.000,Nsmpq/og5cO95HwJ,112.000,2N4uTfQs/yo3mBYi,141.000,2iset8PVX4jSTSEH,148.000,02xuA6TviChey6nJ,186.000,uT1RCshO88YMpxwE,189.000,Do8hC1pw172W9xvw,212.000,Kxg/hrv/euEuhbOE,220.000,obTLIQc2u6K1oipM,222.000,MwfJUdRQPbSNr9Io,269.000,YHloJXirCx60SFnV
8,146,2026-03-25T14:24:46.578Z,200.000,10,112.000,2N4uTfQs/yo3mBYi,138.000,Nsmpq/og5cO95HwJ,140.000,02xuA6TviChey6nJ,150.000,2iset8PVX4jSTSEH,169.000,uT1RCshO88YMpxwE,193.000,MwfJUdRQPbSNr9Io,200.000,obTLIQc2u6K1oipM,202.000,Kxg/hrv/euEuhbOE,213.000,YHloJXirCx60SFnV,219.000,Do8hC1pw172W9xvw
8,147,2026-03-25T14:24:46.778Z,207.000,10,94.000,Nsmpq/og5cO95HwJ,108.000,02xuA6TviChey6nJ,109.000,2N4uTfQs/yo3mBYi,136.000,2iset8PVX4jSTSEH,188.000,uT1RCshO88YMpxwE,189.000,obTLIQc2u6K1oipM,207.000,Do8hC1pw172W9xvw,209.000,Kxg/hrv/euEuhbOE,211.000,MwfJUdRQPbSNr9Io,216.000,YHloJXirCx60SFnV
8,148,2026-03-25T14:24:46.985Z,193.000,10,80.000,Nsmpq/og5cO95HwJ,100.000,2N4uTfQs/yo3mBYi,151.000,02xuA6TviChey6nJ,152.000,2iset8PVX4jSTSEH,154.000,uT1RCshO88YMpxwE,185.000,Kxg/hrv/euEuhbOE,192.000,YHloJXirCx60SFnV,194.000,Do8hC1pw172W9xvw,198.000,MwfJUdRQPbSNr9Io,202.000,obTLIQc2u6K1oipM
8,149,2026-03-25T14:24:47.178Z,202.000,10,84.000,Nsmpq/og5cO95HwJ,103.000,2N4uTfQs/yo3mBYi,142.000,02xuA6TviChey6nJ,157.000,2iset8PVX4jSTSEH,176.000,uT1RCshO88YMpxwE,200.000,obTLIQc2u6K1oipM,202.000,YHloJXirCx60SFnV,204.000,Do8hC1pw172W9xvw,206.000,MwfJUdRQPbSNr9Io,208.000,Kxg/hrv/euEuhbOE
8,150,2026-03-25T14:24:47.380Z,201.000,10,95.000,Nsmpq/og5cO95HwJ,121.000,2N4uTfQs/yo3mBYi,151.000,02xuA6TviChey6nJ,159.000,2iset8PVX4jSTSEH,170.000,uT1RCshO88YMpxwE,194.000,Kxg/hrv/euEuhbOE,200.000,obTLIQc2u6K1oipM,202.000,MwfJUdRQPbSNr9Io,207.000,Do8hC1pw172W9xvw,234.000,YHloJXirCx60SFnV
8,151,2026-03-25T14:24:47.581Z,200.000,10,81.000,Nsmpq/og5cO95HwJ,109.000,2N4uTfQs/yo3mBYi,154.000,uT1RCshO88YMpxwE,156.000,02xuA6TviChey6nJ,160.000,2iset8PVX4jSTSEH,197.000,Kxg/hrv/euEuhbOE,199.000,obTLIQc2u6K1oipM,203.000,Do8hC1pw172W9xvw,210.000,YHloJXirCx60SFnV,235.000,MwfJUdRQPbSNr9Io
8,152,2026-03-25T14:24:47.781Z,203.000,10,96.000,Nsmpq/og5cO95HwJ,113.000,2N4uTfQs/yo3mBYi,147.000,02xuA6TviChey6nJ,152.000,uT1RCshO88YMpxwE,175.000,2iset8PVX4jSTSEH,202.000,Do8hC1pw172W9xvw,203.000,obTLIQc2u6K1oipM,212.000,YHloJXirCx60SFnV,214.000,Kxg/hrv/euEuhbOE,222.000,MwfJUdRQPbSNr9Io
8,153,2026-03-25T14:24:47.984Z,204.000,10,105.000,2N4uTfQs/yo3mBYi,147.000,2iset8PVX4jSTSEH,148.000,02xuA6TviChey6nJ,152.000,Nsmpq/og5cO95HwJ,187.000,uT1RCshO88YMpxwE,199.000,Do8hC1pw172W9xvw,204.000,YHloJXirCx60SFnV,208.000,MwfJUdRQPbSNr9Io,212.000,Kxg/hrv/euEuhbOE,214.000,obTLIQc2u6K1oipM
8,154,2026-03-25T14:24:48.188Z,197.000,10,98.000,Nsmpq/og5cO95HwJ,99.000,2N4uTfQs/yo3mBYi,147.000,02xuA6TviChey6nJ,151.000,2iset8PVX4jSTSEH,173.000,uT1RCshO88YMpxwE,192.000,obTLIQc2u6K1oipM,197.000,Do8hC1pw172W9xvw,201.000,MwfJUdRQPbSNr9Io,202.000,Kxg/hrv/euEuhbOE,215.000,YHloJXirCx60SFnV
8,155,2026-03-25T14:24:48.385Z,209.000,10,106.000,2N4uTfQs/yo3mBYi,137.000,Nsmpq/og5cO95HwJ,143.000,02xuA6TviChey6nJ,146.000,uT1RCshO88YMpxwE,152.000,2iset8PVX4jSTSEH,195.000,obTLIQc2u6K1oipM,209.000,MwfJUdRQPbSNr9Io,212.000,Do8hC1pw172W9xvw,223.000,YHloJXirCx60SFnV,225.000,Kxg/hrv/euEuhbOE
8,156,2026-03-25T14:24:48.594Z,200.000,10,101.000,2N4uTfQs/yo3mBYi,126.000,Nsmpq/og5cO95HwJ,150.000,02xuA6TviChey6nJ,170.000,2iset8PVX4jSTSEH,183.000,uT1RCshO88YMpxwE,198.000,Kxg/hrv/euEuhbOE,200.000,MwfJUdRQPbSNr9Io,201.000,Do8hC1pw172W9xvw,204.000,YHloJXirCx60SFnV,256.000,obTLIQc2u6K1oipM
8,157,2026-03-25T14:24:48.794Z,187.000,10,101.000,2N4uTfQs/yo3mBYi,128.000,Nsmpq/og5cO95HwJ,147.000,02xuA6TviChey6nJ,150.000,2iset8PVX4jSTSEH,168.000,uT1RCshO88YMpxwE,183.000,Do8hC1pw172W9xvw,186.000,Kxg/hrv/euEuhbOE,192.000,MwfJUdRQPbSNr9Io,204.000,YHloJXirCx60SFnV,249.000,obTLIQc2u6K1oipM
8,158,2026-03-25T14:24:48.981Z,211.000,10,110.000,2N4uTfQs/yo3mBYi,118.000,Nsmpq/og5cO95HwJ,135.000,2iset8PVX4jSTSEH,146.000,02xuA6TviChey6nJ,176.000,uT1RCshO88YMpxwE,198.000,Do8hC1pw172W9xvw,210.000,MwfJUdRQPbSNr9Io,212.000,Kxg/hrv/euEuhbOE,229.000,YHloJXirCx60SFnV,257.000,obTLIQc2u6K1oipM
8,159,2026-03-25T14:24:49.192Z,203.000,10,107.000,2N4uTfQs/yo3mBYi,111.000,Nsmpq/og5cO95HwJ,133.000,02xuA6TviChey6nJ,163.000,2iset8PVX4jSTSEH,164.000,uT1RCshO88YMpxwE,190.000,Do8hC1pw172W9xvw,203.000,Kxg/hrv/euEuhbOE,210.000,MwfJUdRQPbSNr9Io,210.000,YHloJXirCx60SFnV,253.000,obTLIQc2u6K1oipM
8,160,2026-03-25T14:24:49.395Z,194.000,10,108.000,2N4uTfQs/yo3mBYi,118.000,02xuA6TviChey6nJ,146.000,Nsmpq/og5cO95HwJ,162.000,uT1RCshO88YMpxwE,167.000,2iset8PVX4jSTSEH,193.000,MwfJUdRQPbSNr9Io,194.000,Kxg/hrv/euEuhbOE,197.000,Do8hC1pw172W9xvw,201.000,YHloJXirCx60SFnV,258.000,obTLIQc2u6K1oipM
8,161,2026-03-25T14:24:49.589Z,214.000,10,106.000,Nsmpq/og5cO95HwJ,116.000,2N4uTfQs/yo3mBYi,163.000,2iset8PVX4jSTSEH,172.000,uT1RCshO88YMpxwE,206.000,Kxg/hrv/euEuhbOE,208.000,Do8hC1pw172W9xvw,214.000,MwfJUdRQPbSNr9Io,229.000,YHloJXirCx60SFnV,234.000,02xuA6TviChey6nJ,279.000,obTLIQc2u6K1oipM
8,162,2026-03-25T14:24:49.803Z,194.000,10,101.000,2N4uTfQs/yo3mBYi,119.000,Nsmpq/og5cO95HwJ,141.000,02xuA6TviChey6nJ,159.000,2iset8PVX4jSTSEH,166.000,uT1RCshO88YMpxwE,182.000,MwfJUdRQPbSNr9Io,193.000,YHloJXirCx60SFnV,198.000,Kxg/hrv/euEuhbOE,204.000,Do8hC1pw172W9xvw,285.000,obTLIQc2u6K1oipM
8,163,2026-03-25T14:24:49.997Z,216.000,10,129.000,2iset8PVX4jSTSEH,141.000,02xuA6TviChey6nJ,146.000,2N4uTfQs/yo3mBYi,177.000,Nsmpq/og5cO95HwJ,181.000,uT1RCshO88YMpxwE,210.000,Do8hC1pw172W9xvw,216.000,MwfJUdRQPbSNr9Io,224.000,Kxg/hrv/euEuhbOE,232.000,YHloJXirCx60SFnV,255.000,obTLIQc2u6K1oipM
8,164,2026-03-25T14:24:50.213Z,195.000,10,91.000,Nsmpq/og5cO95HwJ,103.000,02xuA6TviChey6nJ,124.000,2iset8PVX4jSTSEH,126.000,2N4uTfQs/yo3mBYi,169.000,uT1RCshO88YMpxwE,187.000,MwfJUdRQPbSNr9Io,195.000,Do8hC1pw172W9xvw,200.000,Kxg/hrv/euEuhbOE,206.000,YHloJXirCx60SFnV,241.000,obTLIQc2u6K1oipM
8,165,2026-03-25T14:24:50.408Z,215.000,10,105.000,Nsmpq/og5cO95HwJ,116.000,2iset8PVX4jSTSEH,118.000,02xuA6TviChey6nJ,137.000,2N4uTfQs/yo3mBYi,170.000,uT1RCshO88YMpxwE,214.000,YHloJXirCx60SFnV,215.000,Kxg/hrv/euEuhbOE,218.000,MwfJUdRQPbSNr9Io,233.000,Do8hC1pw172W9xvw,252.000,obTLIQc2u6K1oipM
8,166,2026-03-25T14:24:50.623Z,189.000,10,87.000,Nsmpq/og5cO95HwJ,89.000,02xuA6TviChey6nJ,109.000,2iset8PVX4jSTSEH,134.000,2N4uTfQs/yo3mBYi,138.000,uT1RCshO88YMpxwE,171.000,Do8hC1pw172W9xvw,189.000,YHloJXirCx60SFnV,191.000,Kxg/hrv/euEuhbOE,192.000,MwfJUdRQPbSNr9Io,234.000,obTLIQc2u6K1oipM
8,167,2026-03-25T14:24:50.812Z,211.000,10,105.000,02xuA6TviChey6nJ,120.000,Nsmpq/og5cO95HwJ,137.000,uT1RCshO88YMpxwE,141.000,2iset8PVX4jSTSEH,152.000,2N4uTfQs/yo3mBYi,202.000,MwfJUdRQPbSNr9Io,211.000,YHloJXirCx60SFnV,215.000,Do8hC1pw172W9xvw,224.000,Kxg/hrv/euEuhbOE,255.000,obTLIQc2u6K1oipM
8,168,2026-03-25T14:24:51.023Z,199.000,10,92.000,Nsmpq/og5cO95HwJ,104.000,02xuA6TviChey6nJ,113.000,2iset8PVX4jSTSEH,132.000,2N4uTfQs/yo3mBYi,155.000,uT1RCshO88YMpxwE,187.000,Kxg/hrv/euEuhbOE,199.000,Do8hC1pw172W9xvw,208.000,MwfJUdRQPbSNr9Io,213.000,YHloJXirCx60SFnV,227.000,obTLIQc2u6K1oipM
8,169,2026-03-25T14:24:51.222Z,193.000,10,76.000,Nsmpq/og5cO95HwJ,81.000,02xuA6TviChey6nJ,109.000,2iset8PVX4jSTSEH,120.000,2N4uTfQs/yo3mBYi,179.000,uT1RCshO88YMpxwE,184.000,MwfJUdRQPbSNr9Io,193.000,YHloJXirCx60SFnV,201.000,Kxg/hrv/euEuhbOE,212.000,Do8hC1pw172W9xvw,236.000,obTLIQc2u6K1oipM
8,170,2026-03-25T14:24:51.415Z,196.000,10,92.000,Nsmpq/og5cO95HwJ,104.000,02xuA6TviChey6nJ,126.000,2iset8PVX4jSTSEH,130.000,2N4uTfQs/yo3mBYi,173.000,uT1RCshO88YMpxwE,177.000,MwfJUdRQPbSNr9Io,196.000,Do8hC1pw172W9xvw,224.000,YHloJXirCx60SFnV,226.000,Kxg/hrv/euEuhbOE,247.000,obTLIQc2u6K1oipM
8,171,2026-03-25T14:24:51.611Z,206.000,10,106.000,Nsmpq/og5cO95HwJ,109.000,02xuA6TviChey6nJ,124.000,2iset8PVX4jSTSEH,144.000,2N4uTfQs/yo3mBYi,189.000,MwfJUdRQPbSNr9Io,194.000,uT1RCshO88YMpxwE,206.000,YHloJXirCx60SFnV,217.000,Do8hC1pw172W9xvw,224.000,Kxg/hrv/euEuhbOE,250.000,obTLIQc2u6K1oipM
8,172,2026-03-25T14:24:51.817Z,211.000,10,83.000,Nsmpq/og5cO95HwJ,111.000,02xuA6TviChey6nJ,117.000,uT1RCshO88YMpxwE,121.000,2iset8PVX4jSTSEH,163.000,2N4uTfQs/yo3mBYi,209.000,MwfJUdRQPbSNr9Io,211.000,Do8hC1pw172W9xvw,224.000,Kxg/hrv/euEuhbOE,243.000,obTLIQc2u6K1oipM,249.000,YHloJXirCx60SFnV
8,173,2026-03-25T14:24:52.028Z,198.000,10,87.000,Nsmpq/og5cO95HwJ,93.000,02xuA6TviChey6nJ,102.000,2iset8PVX4jSTSEH,124.000,uT1RCshO88YMpxwE,149.000,2N4uTfQs/yo3mBYi,193.000,Do8hC1pw172W9xvw,198.000,MwfJUdRQPbSNr9Io,200.000,Kxg/hrv/euEuhbOE,221.000,YHloJXirCx60SFnV,227.000,obTLIQc2u6K1oipM
8,174,2026-03-25T14:24:52.226Z,206.000,10,72.000,Nsmpq/og5cO95HwJ,115.000,02xuA6TviChey6nJ,122.000,2iset8PVX4jSTSEH,125.000,uT1RCshO88YMpxwE,159.000,2N4uTfQs/yo3mBYi,188.000,Do8hC1pw172W9xvw,206.000,MwfJUdRQPbSNr9Io,209.000,YHloJXirCx60SFnV,212.000,Kxg/hrv/euEuhbOE,229.000,obTLIQc2u6K1oipM
8,175,2026-03-25T14:24:52.432Z,187.000,10,81.000,Nsmpq/og5cO95HwJ,94.000,02xuA6TviChey6nJ,106.000,2iset8PVX4jSTSEH,114.000,2N4uTfQs/yo3mBYi,122.000,uT1RCshO88YMpxwE,181.000,MwfJUdRQPbSNr9Io,187.000,Do8hC1pw172W9xvw,192.000,Kxg/hrv/euEuhbOE,196.000,YHloJXirCx60SFnV,249.000,obTLIQc2u6K1oipM
8,176,2026-03-25T14:24:52.619Z,209.000,10,101.000,Nsmpq/og5cO95HwJ,110.000,2iset8PVX4jSTSEH,115.000,02xuA6TviChey6nJ,141.000,2N4uTfQs/yo3mBYi,169.000,uT1RCshO88YMpxwE,202.000,Do8hC1pw172W9xvw,209.000,YHloJXirCx60SFnV,215.000,Kxg/hrv/euEuhbOE,216.000,MwfJUdRQPbSNr9Io,263.000,obTLIQc2u6K1oipM
8,177,2026-03-25T14:24:52.828Z,201.000,10,89.000,Nsmpq/og5cO95HwJ,108.000,02xuA6TviChey6nJ,114.000,2iset8PVX4jSTSEH,128.000,2N4uTfQs/yo3mBYi,149.000,uT1RCshO88YMpxwE,193.000,Kxg/hrv/euEuhbOE,200.000,MwfJUdRQPbSNr9Io,212.000,Do8hC1pw172W9xvw,241.000,YHloJXirCx60SFnV,245.000,obTLIQc2u6K1oipM
8,178,2026-03-25T14:24:53.029Z,194.000,10,114.000,2iset8PVX4jSTSEH,123.000,02xuA6TviChey6nJ,125.000,Nsmpq/og5cO95HwJ,126.000,2N4uTfQs/yo3mBYi,166.000,uT1RCshO88YMpxwE,177.000,Do8hC1pw172W9xvw,194.000,MwfJUdRQPbSNr9Io,203.000,Kxg/hrv/euEuhbOE,247.000,YHloJXirCx60SFnV,357.000,obTLIQc2u6K1oipM
8,179,2026-03-25T14:24:53.223Z,210.000,10,118.000,02xuA6TviChey6nJ,130.000,2iset8PVX4jSTSEH,131.000,uT1RCshO88YMpxwE,140.000,Nsmpq/og5cO95HwJ,170.000,2N4uTfQs/yo3mBYi,208.000,MwfJUdRQPbSNr9Io,209.000,Do8hC1pw172W9xvw,214.000,Kxg/hrv/euEuhbOE,228.000,YHloJXirCx60SFnV,253.000,obTLIQc2u6K1oipM
8,180,2026-03-25T14:24:53.433Z,212.000,10,101.000,02xuA6TviChey6nJ,121.000,2iset8PVX4jSTSEH,128.000,Nsmpq/og5cO95HwJ,156.000,2N4uTfQs/yo3mBYi,188.000,Do8hC1pw172W9xvw,211.000,uT1RCshO88YMpxwE,212.000,MwfJUdRQPbSNr9Io,224.000,Kxg/hrv/euEuhbOE,236.000,YHloJXirCx60SFnV,237.000,obTLIQc2u6K1oipM
8,181,2026-03-25T14:24:53.645Z,192.000,10,93.000,02xuA6TviChey6nJ,108.000,Nsmpq/og5cO95HwJ,109.000,2N4uTfQs/yo3mBYi,115.000,2iset8PVX4jSTSEH,176.000,uT1RCshO88YMpxwE,179.000,MwfJUdRQPbSNr9Io,192.000,Kxg/hrv/euEuhbOE,197.000,Do8hC1pw172W9xvw,215.000,YHloJXirCx60SFnV,248.000,obTLIQc2u6K1oipM
8,182,2026-03-25T14:24:53.837Z,206.000,10,90.000,02xuA6TviChey6nJ,108.000,Nsmpq/og5cO95HwJ,125.000,2N4uTfQs/yo3mBYi,128.000,2iset8PVX4jSTSEH,184.000,Do8hC1pw172W9xvw,194.000,MwfJUdRQPbSNr9Io,205.000,Kxg/hrv/euEuhbOE,219.000,uT1RCshO88YMpxwE,226.000,YHloJXirCx60SFnV,236.000,obTLIQc2u6K1oipM
8,183,2026-03-25T14:24:54.043Z,206.000,10,105.000,2iset8PVX4jSTSEH,113.000,Nsmpq/og5cO95HwJ,144.000,2N4uTfQs/yo3mBYi,150.000,02xuA6TviChey6nJ,185.000,Do8hC1pw172W9xvw,204.000,YHloJXirCx60SFnV,205.000,Kxg/hrv/euEuhbOE,207.000,MwfJUdRQPbSNr9Io,231.000,uT1RCshO88YMpxwE,362.000,obTLIQc2u6K1oipM
8,184,2026-03-25T14:24:54.249Z,210.000,10,97.000,Nsmpq/og5cO95HwJ,110.000,02xuA6TviChey6nJ,119.000,2iset8PVX4jSTSEH,139.000,2N4uTfQs/yo3mBYi,187.000,MwfJUdRQPbSNr9Io,198.000,Do8hC1pw172W9xvw,210.000,uT1RCshO88YMpxwE,212.000,Kxg/hrv/euEuhbOE,214.000,YHloJXirCx60SFnV,275.000,obTLIQc2u6K1oipM
8,185,2026-03-25T14:24:54.459Z,188.000,10,86.000,2iset8PVX4jSTSEH,101.000,Nsmpq/og5cO95HwJ,132.000,2N4uTfQs/yo3mBYi,140.000,02xuA6TviChey6nJ,181.000,MwfJUdRQPbSNr9Io,186.000,uT1RCshO88YMpxwE,188.000,YHloJXirCx60SFnV,190.000,Kxg/hrv/euEuhbOE,196.000,Do8hC1pw172W9xvw,245.000,obTLIQc2u6K1oipM
8,186,2026-03-25T14:24:54.647Z,207.000,10,98.000,2iset8PVX4jSTSEH,114.000,Nsmpq/og5cO95HwJ,114.000,2N4uTfQs/yo3mBYi,118.000,02xuA6TviChey6nJ,204.000,YHloJXirCx60SFnV,206.000,uT1RCshO88YMpxwE,207.000,MwfJUdRQPbSNr9Io,208.000,Do8hC1pw172W9xvw,229.000,Kxg/hrv/euEuhbOE,252.000,obTLIQc2u6K1oipM
8,187,2026-03-25T14:24:54.854Z,197.000,10,105.000,2iset8PVX4jSTSEH,107.000,Nsmpq/og5cO95HwJ,108.000,2N4uTfQs/yo3mBYi,132.000,02xuA6TviChey6nJ,187.000,Do8hC1pw172W9xvw,195.000,Kxg/hrv/euEuhbOE,197.000,uT1RCshO88YMpxwE,199.000,MwfJUdRQPbSNr9Io,242.000,obTLIQc2u6K1oipM,344.000,YHloJXirCx60SFnV
8,188,2026-03-25T14:24:55.051Z,205.000,10,105.000,2iset8PVX4jSTSEH,110.000,Nsmpq/og5cO95HwJ,114.000,2N4uTfQs/yo3mBYi,128.000,02xuA6TviChey6nJ,180.000,Do8hC1pw172W9xvw,182.000,MwfJUdRQPbSNr9Io,205.000,uT1RCshO88YMpxwE,219.000,Kxg/hrv/euEuhbOE,243.000,obTLIQc2u6K1oipM,308.000,YHloJXirCx60SFnV
8,189,2026-03-25T14:24:55.256Z,188.000,10,105.000,Nsmpq/og5cO95HwJ,110.000,2N4uTfQs/yo3mBYi,113.000,2iset8PVX4jSTSEH,156.000,02xuA6TviChey6nJ,172.000,MwfJUdRQPbSNr9Io,181.000,Do8hC1pw172W9xvw,188.000,uT1RCshO88YMpxwE,197.000,Kxg/hrv/euEuhbOE,221.000,obTLIQc2u6K1oipM,260.000,YHloJXirCx60SFnV
8,190,2026-03-25T14:24:55.444Z,226.000,10,114.000,Nsmpq/og5cO95HwJ,125.000,2iset8PVX4jSTSEH,127.000,02xuA6TviChey6nJ,155.000,2N4uTfQs/yo3mBYi,194.000,Do8hC1pw172W9xvw,209.000,MwfJUdRQPbSNr9Io,225.000,Kxg/hrv/euEuhbOE,241.000,obTLIQc2u6K1oipM,261.000,uT1RCshO88YMpxwE,296.000,YHloJXirCx60SFnV
8,191,2026-03-25T14:24:55.670Z,198.000,10,96.000,2iset8PVX4jSTSEH,114.000,2N4uTfQs/yo3mBYi,124.000,02xuA6TviChey6nJ,155.000,Nsmpq/og5cO95HwJ,172.000,MwfJUdRQPbSNr9Io,183.000,uT1RCshO88YMpxwE,198.000,Do8hC1pw172W9xvw,221.000,obTLIQc2u6K1oipM,248.000,YHloJXirCx60SFnV,254.000,Kxg/hrv/euEuhbOE
8,192,2026-03-25T14:24:55.868Z,211.000,10,99.000,2iset8PVX4jSTSEH,100.000,2N4uTfQs/yo3mBYi,136.000,02xuA6TviChey6nJ,148.000,Nsmpq/og5cO95HwJ,170.000,MwfJUdRQPbSNr9Io,182.000,Do8hC1pw172W9xvw,211.000,uT1RCshO88YMpxwE,221.000,obTLIQc2u6K1oipM,233.000,YHloJXirCx60SFnV,275.000,Kxg/hrv/euEuhbOE
8,193,2026-03-25T14:24:56.079Z,196.000,10,79.000,2iset8PVX4jSTSEH,90.000,Nsmpq/og5cO95HwJ,107.000,02xuA6TviChey6nJ,119.000,2N4uTfQs/yo3mBYi,151.000,Do8hC1pw172W9xvw,165.000,MwfJUdRQPbSNr9Io,196.000,uT1RCshO88YMpxwE,215.000,obTLIQc2u6K1oipM,224.000,YHloJXirCx60SFnV,242.000,Kxg/hrv/euEuhbOE
8,194,2026-03-25T14:24:56.275Z,173.000,10,87.000,Nsmpq/og5cO95HwJ,95.000,2iset8PVX4jSTSEH,96.000,2N4uTfQs/yo3mBYi,138.000,02xuA6TviChey6nJ,170.000,MwfJUdRQPbSNr9Io,171.000,Do8hC1pw172W9xvw,173.000,uT1RCshO88YMpxwE,214.000,obTLIQc2u6K1oipM,218.000,YHloJXirCx60SFnV,259.000,Kxg/hrv/euEuhbOE
8,195,2026-03-25T14:24:56.448Z,247.000,10,114.000,2iset8PVX4jSTSEH,124.000,Nsmpq/og5cO95HwJ,126.000,02xuA6TviChey6nJ,157.000,2N4uTfQs/yo3mBYi,190.000,MwfJUdRQPbSNr9Io,225.000,uT1RCshO88YMpxwE,247.000,obTLIQc2u6K1oipM,277.000,Kxg/hrv/euEuhbOE,285.000,YHloJXirCx60SFnV,301.000,Do8hC1pw172W9xvw
8,196,2026-03-25T14:24:56.695Z,179.000,10,83.000,02xuA6TviChey6nJ,85.000,Nsmpq/og5cO95HwJ,87.000,2iset8PVX4jSTSEH,118.000,2N4uTfQs/yo3mBYi,152.000,uT1RCshO88YMpxwE,172.000,MwfJUdRQPbSNr9Io,179.000,YHloJXirCx60SFnV,190.000,obTLIQc2u6K1oipM,221.000,Do8hC1pw172W9xvw,237.000,Kxg/hrv/euEuhbOE
8,197,2026-03-25T14:24:56.874Z,202.000,10,107.000,02xuA6TviChey6nJ,107.000,2N4uTfQs/yo3mBYi,135.000,2iset8PVX4jSTSEH,143.000,Nsmpq/og5cO95HwJ,188.000,uT1RCshO88YMpxwE,190.000,MwfJUdRQPbSNr9Io,201.000,obTLIQc2u6K1oipM,214.000,YHloJXirCx60SFnV,250.000,Do8hC1pw172W9xvw,257.000,Kxg/hrv/euEuhbOE
8,198,2026-03-25T14:24:57.076Z,212.000,10,101.000,2N4uTfQs/yo3mBYi,109.000,Nsmpq/og5cO95HwJ,140.000,02xuA6TviChey6nJ,152.000,2iset8PVX4jSTSEH,169.000,MwfJUdRQPbSNr9Io,187.000,uT1RCshO88YMpxwE,212.000,obTLIQc2u6K1oipM,228.000,YHloJXirCx60SFnV,247.000,Do8hC1pw172W9xvw,251.000,Kxg/hrv/euEuhbOE
8,199,2026-03-25T14:24:57.288Z,169.000,10,97.000,02xuA6TviChey6nJ,99.000,Nsmpq/og5cO95HwJ,120.000,2N4uTfQs/yo3mBYi,135.000,MwfJUdRQPbSNr9Io,141.000,YHloJXirCx60SFnV,156.000,2iset8PVX4jSTSEH,169.000,uT1RCshO88YMpxwE,210.000,obTLIQc2u6K1oipM,237.000,Kxg/hrv/euEuhbOE,243.000,Do8hC1pw172W9xvw
8,200,2026-03-25T14:24:57.457Z,215.000,10,122.000,02xuA6TviChey6nJ,126.000,Nsmpq/og5cO95HwJ,131.000,2N4uTfQs/yo3mBYi,153.000,YHloJXirCx60SFnV,186.000,2iset8PVX4jSTSEH,198.000,MwfJUdRQPbSNr9Io,215.000,uT1RCshO88YMpxwE,238.000,obTLIQc2u6K1oipM,276.000,Kxg/hrv/euEuhbOE,285.000,Do8hC1pw172W9xvw
8,201,2026-03-25T14:24:57.672Z,213.000,10,109.000,Nsmpq/og5cO95HwJ,132.000,2N4uTfQs/yo3mBYi,138.000,02xuA6TviChey6nJ,149.000,YHloJXirCx60SFnV,176.000,2iset8PVX4jSTSEH,180.000,MwfJUdRQPbSNr9Io,213.000,obTLIQc2u6K1oipM,215.000,uT1RCshO88YMpxwE,243.000,Do8hC1pw172W9xvw,248.000,Kxg/hrv/euEuhbOE
8,202,2026-03-25T14:24:57.885Z,180.000,9,103.000,Nsmpq/og5cO95HwJ,105.000,02xuA6TviChey6nJ,108.000,YHloJXirCx60SFnV,115.000,2N4uTfQs/yo3mBYi,161.000,2iset8PVX4jSTSEH,178.000,MwfJUdRQPbSNr9Io,180.000,uT1RCshO88YMpxwE,211.000,obTLIQc2u6K1oipM,248.000,Do8hC1pw172W9xvw,,
8,203,2026-03-25T14:24:58.065Z,186.000,9,54.000,Kxg/hrv/euEuhbOE,114.000,Nsmpq/og5cO95HwJ,116.000,2N4uTfQs/yo3mBYi,129.000,YHloJXirCx60SFnV,151.000,02xuA6TviChey6nJ,180.000,MwfJUdRQPbSNr9Io,186.000,2iset8PVX4jSTSEH,196.000,uT1RCshO88YMpxwE,224.000,obTLIQc2u6K1oipM,,
8,204,2026-03-25T14:24:58.251Z,180.000,10,77.000,Kxg/hrv/euEuhbOE,80.000,Do8hC1pw172W9xvw,126.000,02xuA6TviChey6nJ,139.000,Nsmpq/og5cO95HwJ,165.000,2N4uTfQs/yo3mBYi,176.000,YHloJXirCx60SFnV,180.000,2iset8PVX4jSTSEH,208.000,MwfJUdRQPbSNr9Io,223.000,uT1RCshO88YMpxwE,240.000,obTLIQc2u6K1oipM
8,205,2026-03-25T14:24:58.431Z,196.000,10,92.000,Do8hC1pw172W9xvw,106.000,Kxg/hrv/euEuhbOE,145.000,YHloJXirCx60SFnV,162.000,Nsmpq/og5cO95HwJ,169.000,02xuA6TviChey6nJ,190.000,2N4uTfQs/yo3mBYi,195.000,2iset8PVX4jSTSEH,229.000,uT1RCshO88YMpxwE,232.000,MwfJUdRQPbSNr9Io,459.000,obTLIQc2u6K1oipM
8,206,2026-03-25T14:24:58.627Z,221.000,9,91.000,Do8hC1pw172W9xvw,120.000,Kxg/hrv/euEuhbOE,166.000,2N4uTfQs/yo3mBYi,167.000,Nsmpq/og5cO95HwJ,190.000,02xuA6TviChey6nJ,202.000,MwfJUdRQPbSNr9Io,221.000,2iset8PVX4jSTSEH,228.000,YHloJXirCx60SFnV,252.000,uT1RCshO88YMpxwE,,
8,207,2026-03-25T14:24:58.848Z,208.000,10,67.000,Do8hC1pw172W9xvw,78.000,Kxg/hrv/euEuhbOE,135.000,Nsmpq/og5cO95HwJ,155.000,YHloJXirCx60SFnV,156.000,2N4uTfQs/yo3mBYi,176.000,02xuA6TviChey6nJ,207.000,2iset8PVX4jSTSEH,214.000,MwfJUdRQPbSNr9Io,221.000,obTLIQc2u6K1oipM,265.000,uT1RCshO88YMpxwE
8,208,2026-03-25T14:24:59.056Z,192.000,10,73.000,Do8hC1pw172W9xvw,102.000,Kxg/hrv/euEuhbOE,127.000,YHloJXirCx60SFnV,139.000,Nsmpq/og5cO95HwJ,169.000,02xuA6TviChey6nJ,174.000,2iset8PVX4jSTSEH,192.000,MwfJUdRQPbSNr9Io,215.000,obTLIQc2u6K1oipM,224.000,2N4uTfQs/yo3mBYi,237.000,uT1RCshO88YMpxwE
8,209,2026-03-25T14:24:59.248Z,190.000,10,91.000,Kxg/hrv/euEuhbOE,115.000,YHloJXirCx60SFnV,121.000,Do8hC1pw172W9xvw,143.000,Nsmpq/og5cO95HwJ,149.000,02xuA6TviChey6nJ,177.000,2iset8PVX4jSTSEH,190.000,2N4uTfQs/yo3mBYi,224.000,uT1RCshO88YMpxwE,270.000,MwfJUdRQPbSNr9Io,235.000,obTLIQc2u6K1oipM
8,210,2026-03-25T14:24:59.438Z,203.000,10,99.000,Do8hC1pw172W9xvw,113.000,YHloJXirCx60SFnV,135.000,Kxg/hrv/euEuhbOE,167.000,2N4uTfQs/yo3mBYi,176.000,02xuA6TviChey6nJ,187.000,Nsmpq/og5cO95HwJ,203.000,2iset8PVX4jSTSEH,234.000,MwfJUdRQPbSNr9Io,236.000,obTLIQc2u6K1oipM,243.000,uT1RCshO88YMpxwE
8,211,2026-03-25T14:24:59.641Z,227.000,10,98.000,Kxg/hrv/euEuhbOE,113.000,Do8hC1pw172W9xvw,115.000,YHloJXirCx60SFnV,162.000,Nsmpq/og5cO95HwJ,163.000,02xuA6TviChey6nJ,184.000,2N4uTfQs/yo3mBYi,227.000,MwfJUdRQPbSNr9Io,231.000,obTLIQc2u6K1oipM,245.000,2iset8PVX4jSTSEH,278.000,uT1RCshO88YMpxwE
8,212,2026-03-25T14:24:59.868Z,197.000,8,59.000,Do8hC1pw172W9xvw,109.000,Kxg/hrv/euEuhbOE,123.000,YHloJXirCx60SFnV,132.000,Nsmpq/og5cO95HwJ,176.000,obTLIQc2u6K1oipM,192.000,2iset8PVX4jSTSEH,197.000,MwfJUdRQPbSNr9Io,276.000,02xuA6TviChey6nJ,,,,
8,213,2026-03-25T14:25:00.065Z,257.000,7,61.000,Kxg/hrv/euEuhbOE,99.000,YHloJXirCx60SFnV,171.000,2iset8PVX4jSTSEH,177.000,02xuA6TviChey6nJ,180.000,obTLIQc2u6K1oipM,236.000,uT1RCshO88YMpxwE,256.000,Do8hC1pw172W9xvw,,,,,,
8,214,2026-03-25T14:25:00.322Z,191.000,10,82.000,YHloJXirCx60SFnV,85.000,Kxg/hrv/euEuhbOE,90.000,02xuA6TviChey6nJ,133.000,2iset8PVX4jSTSEH,176.000,Do8hC1pw172W9xvw,190.000,MwfJUdRQPbSNr9Io,191.000,uT1RCshO88YMpxwE,197.000,obTLIQc2u6K1oipM,215.000,2N4uTfQs/yo3mBYi,221.000,Nsmpq/og5cO95HwJ
8,215,2026-03-25T14:25:00.513Z,149.000,10,87.000,Kxg/hrv/euEuhbOE,89.000,Do8hC1pw172W9xvw,103.000,YHloJXirCx60SFnV,118.000,2N4uTfQs/yo3mBYi,139.000,2iset8PVX4jSTSEH,147.000,Nsmpq/og5cO95HwJ,148.000,02xuA6TviChey6nJ,153.000,obTLIQc2u6K1oipM,162.000,MwfJUdRQPbSNr9Io,198.000,uT1RCshO88YMpxwE
8,216,2026-03-25T14:25:00.662Z,213.000,8,132.000,YHloJXirCx60SFnV,133.000,Nsmpq/og5cO95HwJ,146.000,Do8hC1pw172W9xvw,186.000,Kxg/hrv/euEuhbOE,201.000,obTLIQc2u6K1oipM,212.000,MwfJUdRQPbSNr9Io,213.000,2iset8PVX4jSTSEH,218.000,02xuA6TviChey6nJ,,,,
8,217,2026-03-25T14:25:00.875Z,213.000,8,180.000,2iset8PVX4jSTSEH,181.000,02xuA6TviChey6nJ,191.000,Kxg/hrv/euEuhbOE,195.000,obTLIQc2u6K1oipM,196.000,Do8hC1pw172W9xvw,211.000,YHloJXirCx60SFnV,213.000,MwfJUdRQPbSNr9Io,220.000,uT1RCshO88YMpxwE,,,,
8,218,2026-03-25T14:25:01.088Z,270.000,9,86.000,YHloJXirCx60SFnV,111.000,02xuA6TviChey6nJ,169.000,2iset8PVX4jSTSEH,204.000,Kxg/hrv/euEuhbOE,256.000,MwfJUdRQPbSNr9Io,262.000,Do8hC1pw172W9xvw,269.000,obTLIQc2u6K1oipM,271.000,Nsmpq/og5cO95HwJ,279.000,uT1RCshO88YMpxwE,,
8,219,2026-03-25T14:25:01.358Z,131.000,10,72.000,YHloJXirCx60SFnV,87.000,2N4uTfQs/yo3mBYi,92.000,02xuA6TviChey6nJ,97.000,2iset8PVX4jSTSEH,124.000,Nsmpq/og5cO95HwJ,125.000,MwfJUdRQPbSNr9Io,131.000,obTLIQc2u6K1oipM,132.000,Kxg/hrv/euEuhbOE,133.000,Do8hC1pw172W9xvw,207.000,uT1RCshO88YMpxwE
8,220,2026-03-25T14:25:01.489Z,579.000,9,136.000,Do8hC1pw172W9xvw,153.000,Nsmpq/og5cO95HwJ,174.000,obTLIQc2u6K1oipM,191.000,YHloJXirCx60SFnV,211.000,Kxg/hrv/euEuhbOE,254.000,uT1RCshO88YMpxwE,579.000,MwfJUdRQPbSNr9Io,592.000,2iset8PVX4jSTSEH,597.000,02xuA6TviChey6nJ,,
8,221,2026-03-25T14:25:02.068Z,323.000,10,102.000,Kxg/hrv/euEuhbOE,116.000,2iset8PVX4jSTSEH,121.000,YHloJXirCx60SFnV,156.000,02xuA6TviChey6nJ,321.000,MwfJUdRQPbSNr9Io,322.000,2N4uTfQs/yo3mBYi,323.000,uT1RCshO88YMpxwE,331.000,Do8hC1pw172W9xvw,339.000,obTLIQc2u6K1oipM,340.000,Nsmpq/og5cO95HwJ
8,222,2026-03-25T14:25:02.391Z,185.000,7,103.000,YHloJXirCx60SFnV,108.000,2iset8PVX4jSTSEH,116.000,obTLIQc2u6K1oipM,122.000,Nsmpq/og5cO95HwJ,126.000,Kxg/hrv/euEuhbOE,129.000,Do8hC1pw172W9xvw,185.000,MwfJUdRQPbSNr9Io,,,,,,
8,223,2026-03-25T14:25:02.576Z,729.000,7,111.000,Do8hC1pw172W9xvw,116.000,Nsmpq/og5cO95HwJ,133.000,YHloJXirCx60SFnV,172.000,2iset8PVX4jSTSEH,471.000,Kxg/hrv/euEuhbOE,690.000,MwfJUdRQPbSNr9Io,729.000,02xuA6TviChey6nJ,,,,,,
8,224,2026-03-25T14:25:03.305Z,860.000,7,92.000,2iset8PVX4jSTSEH,104.000,02xuA6TviChey6nJ,107.000,Nsmpq/og5cO95HwJ,117.000,YHloJXirCx60SFnV,197.000,obTLIQc2u6K1oipM,261.000,Do8hC1pw172W9xvw,860.000,uT1RCshO88YMpxwE,,,,,,
8,225,2026-03-25T14:25:04.165Z,823.000,8,84.000,YHloJXirCx60SFnV,140.000,02xuA6TviChey6nJ,217.000,obTLIQc2u6K1oipM,740.000,Kxg/hrv/euEuhbOE,744.000,2iset8PVX4jSTSEH,811.000,Nsmpq/og5cO95HwJ,823.000,uT1RCshO88YMpxwE,830.000,Do8hC1pw172W9xvw,,,,
8,226,2026-03-25T14:25:04.988Z,1189.000,10,86.000,Kxg/hrv/euEuhbOE,119.000,YHloJXirCx60SFnV,135.000,02xuA6TviChey6nJ,807.000,2iset8PVX4jSTSEH,1078.000,Do8hC1pw172W9xvw,1081.000,obTLIQc2u6K1oipM,1189.000,2N4uTfQs/yo3mBYi,1211.000,MwfJUdRQPbSNr9Io,1214.000,Nsmpq/og5cO95HwJ,1226.000,uT1RCshO88YMpxwE
8,227,2026-03-25T14:25:06.177Z,1117.000,9,106.000,YHloJXirCx60SFnV,747.000,Kxg/hrv/euEuhbOE,810.000,2iset8PVX4jSTSEH,879.000,02xuA6TviChey6nJ,1049.000,Do8hC1pw172W9xvw,1113.000,uT1RCshO88YMpxwE,1117.000,obTLIQc2u6K1oipM,1274.000,MwfJUdRQPbSNr9Io,1142.000,Nsmpq/og5cO95HwJ,,
8,228,2026-03-25T14:25:07.294Z,1127.000,7,120.000,YHloJXirCx60SFnV,830.000,2iset8PVX4jSTSEH,892.000,Kxg/hrv/euEuhbOE,1048.000,Do8hC1pw172W9xvw,1054.000,MwfJUdRQPbSNr9Io,1055.000,Nsmpq/og5cO95HwJ,1127.000,02xuA6TviChey6nJ,,,,,,
8,229,2026-03-25T14:25:08.421Z,1368.000,7,90.000,YHloJXirCx60SFnV,451.000,2iset8PVX4jSTSEH,759.000,Do8hC1pw172W9xvw,845.000,Nsmpq/og5cO95HwJ,896.000,02xuA6TviChey6nJ,1362.000,MwfJUdRQPbSNr9Io,1368.000,obTLIQc2u6K1oipM,,,,,,
8,230,2026-03-25T14:25:09.789Z,1398.000,7,106.000,YHloJXirCx60SFnV,420.000,Do8hC1pw172W9xvw,714.000,Kxg/hrv/euEuhbOE,1393.000,MwfJUdRQPbSNr9Io,1396.000,obTLIQc2u6K1oipM,1398.000,02xuA6TviChey6nJ,1398.000,2iset8PVX4jSTSEH,,,,,,
8,231,2026-03-25T14:25:11.187Z,1962.000,8,112.000,obTLIQc2u6K1oipM,117.000,YHloJXirCx60SFnV,1113.000,02xuA6TviChey6nJ,1665.000,2iset8PVX4jSTSEH,1879.000,Nsmpq/og5cO95HwJ,1954.000,2N4uTfQs/yo3mBYi,1962.000,Do8hC1pw172W9xvw,1969.000,uT1RCshO88YMpxwE,,,,
8,232,2026-03-25T14:25:13.149Z,2116.000,10,114.000,YHloJXirCx60SFnV,1754.000,02xuA6TviChey6nJ,1823.000,Nsmpq/og5cO95HwJ,1837.000,2iset8PVX4jSTSEH,1963.000,Kxg/hrv/euEuhbOE,1979.000,Do8hC1pw172W9xvw,2116.000,2N4uTfQs/yo3mBYi,2129.000,obTLIQc2u6K1oipM,2131.000,MwfJUdRQPbSNr9Io,2133.000,uT1RCshO88YMpxwE
8,233,2026-03-25T14:25:15.265Z,2071.000,7,99.000,YHloJXirCx60SFnV,1761.000,Nsmpq/og5cO95HwJ,1770.000,02xuA6TviChey6nJ,1773.000,uT1RCshO88YMpxwE,1902.000,obTLIQc2u6K1oipM,2071.000,Do8hC1pw172W9xvw,2071.000,MwfJUdRQPbSNr9Io,,,,,,
8,234,2026-03-25T14:25:17.336Z,2770.000,9,93.000,YHloJXirCx60SFnV,1849.000,2iset8PVX4jSTSEH,1929.000,02xuA6TviChey6nJ,2403.000,obTLIQc2u6K1oipM,2408.000,Nsmpq/og5cO95HwJ,2765.000,Kxg/hrv/euEuhbOE,2770.000,Do8hC1pw172W9xvw,2780.000,MwfJUdRQPbSNr9Io,2786.000,uT1RCshO88YMpxwE,,
8,235,2026-03-25T14:25:20.106Z,2823.000,7,110.000,YHloJXirCx60SFnV,1911.000,Kxg/hrv/euEuhbOE,2630.000,uT1RCshO88YMpxwE,2700.000,2iset8PVX4jSTSEH,2781.000,obTLIQc2u6K1oipM,2789.000,02xuA6TviChey6nJ,2823.000,Nsmpq/og5cO95HwJ,,,,,,
8,236,2026-03-25T14:25:22.929Z,3777.000,9,87.000,YHloJXirCx60SFnV,2572.000,Nsmpq/og5cO95HwJ,3490.000,2iset8PVX4jSTSEH,3495.000,obTLIQc2u6K1oipM,3638.000,Kxg/hrv/euEuhbOE,3708.000,uT1RCshO88YMpxwE,3777.000,02xuA6TviChey6nJ,3783.000,Do8hC1pw172W9xvw,3801.000,MwfJUdRQPbSNr9Io,,
8,237,2026-03-25T14:25:26.706Z,4876.000,8,136.000,YHloJXirCx60SFnV,3863.000,2iset8PVX4jSTSEH,3936.000,obTLIQc2u6K1oipM,4031.000,02xuA6TviChey6nJ,4191.000,MwfJUdRQPbSNr9Io,4873.000,Do8hC1pw172W9xvw,4875.000,uT1RCshO88YMpxwE,4879.000,Kxg/hrv/euEuhbOE,,,,
8,238,2026-03-25T14:25:31.582Z,6201.000,7,120.000,YHloJXirCx60SFnV,5358.000,Kxg/hrv/euEuhbOE,5676.000,Nsmpq/og5cO95HwJ,5681.000,2iset8PVX4jSTSEH,5888.000,obTLIQc2u6K1oipM,6053.000,02xuA6TviChey6nJ,6200.000,MwfJUdRQPbSNr9Io,,,,,,
8,239,2026-03-25T14:25:37.783Z,6717.000,8,113.000,YHloJXirCx60SFnV,5714.000,MwfJUdRQPbSNr9Io,5967.000,obTLIQc2u6K1oipM,6413.000,uT1RCshO88YMpxwE,6567.000,Do8hC1pw172W9xvw,6652.000,02xuA6TviChey6nJ,6717.000,Nsmpq/og5cO95HwJ,6718.000,2iset8PVX4jSTSEH,,,,
8,240,2026-03-25T14:25:44.500Z,6383.000,8,118.000,YHloJXirCx60SFnV,5858.000,2iset8PVX4jSTSEH,6162.000,Nsmpq/og5cO95HwJ,6240.000,uT1RCshO88YMpxwE,6245.000,Kxg/hrv/euEuhbOE,6270.000,02xuA6TviChey6nJ,6383.000,Do8hC1pw172W9xvw,6408.000,obTLIQc2u6K1oipM,,,,
8,241,2026-03-25T14:25:50.883Z,6805.000,9,137.000,YHloJXirCx60SFnV,5700.000,Kxg/hrv/euEuhbOE,6212.000,Do8hC1pw172W9xvw,6217.000,02xuA6TviChey6nJ,6484.000,MwfJUdRQPbSNr9Io,6789.000,2N4uTfQs/yo3mBYi,6805.000,uT1RCshO88YMpxwE,6811.000,Nsmpq/og5cO95HwJ,6812.000,obTLIQc2u6K1oipM,,
8,242,2026-03-25T14:25:57.688Z,6389.000,7,125.000,YHloJXirCx60SFnV,5785.000,02xuA6TviChey6nJ,5978.000,2iset8PVX4jSTSEH,6201.000,obTLIQc2u6K1oipM,6223.000,Nsmpq/og5cO95HwJ,6379.000,Do8hC1pw172W9xvw,6389.000,MwfJUdRQPbSNr9Io,,,,,,
8,243,2026-03-25T14:26:04.077Z,6117.000,7,115.000,YHloJXirCx60SFnV,5706.000,02xuA6TviChey6nJ,5717.000,Nsmpq/og5cO95HwJ,6094.000,2iset8PVX4jSTSEH,6100.000,Do8hC1pw172W9xvw,6103.000,obTLIQc2u6K1oipM,6117.000,MwfJUdRQPbSNr9Io,,,,,,
8,244,2026-03-25T14:26:10.194Z,6663.000,10,105.000,YHloJXirCx60SFnV,5751.000,MwfJUdRQPbSNr9Io,5846.000,Do8hC1pw172W9xvw,5849.000,2iset8PVX4jSTSEH,6260.000,Nsmpq/og5cO95HwJ,6558.000,obTLIQc2u6K1oipM,6663.000,2N4uTfQs/yo3mBYi,6682.000,uT1RCshO88YMpxwE,6683.000,Kxg/hrv/euEuhbOE,6700.000,02xuA6TviChey6nJ
8,245,2026-03-25T14:26:16.857Z,6193.000,7,137.000,YHloJXirCx60SFnV,5376.000,MwfJUdRQPbSNr9Io,5945.000,2iset8PVX4jSTSEH,6010.000,uT1RCshO88YMpxwE,6045.000,Nsmpq/og5cO95HwJ,6108.000,Kxg/hrv/euEuhbOE,6193.000,Do8hC1pw172W9xvw,,,,,,
8,246,2026-03-25T14:26:23.050Z,6454.000,8,120.000,YHloJXirCx60SFnV,5937.000,Nsmpq/og5cO95HwJ,5988.000,Kxg/hrv/euEuhbOE,6194.000,Do8hC1pw172W9xvw,6259.000,uT1RCshO88YMpxwE,6446.000,2N4uTfQs/yo3mBYi,6453.000,obTLIQc2u6K1oipM,6466.000,2iset8PVX4jSTSEH,,,,
8,247,2026-03-25T14:26:29.504Z,,1,135.000,YHloJXirCx60SFnV,,,,,,,,,,,,,,,,,,
9,1,2026-03-25T14:24:17.725Z,468.000,7,5717.000,obTLIQc2u6K1oipM,777.000,Kxg/hrv/euEuhbOE,464.000,YHloJXirCx60SFnV,2823.000,02xuA6TviChey6nJ,4237.000,MwfJUdRQPbSNr9Io,551.000,Do8hC1pw172W9xvw,2341.000,2iset8PVX4jSTSEH,,,,,,
9,2,2026-03-25T14:24:18.193Z,24.000,7,5262.000,obTLIQc2u6K1oipM,86.000,Do8hC1pw172W9xvw,3.000,YHloJXirCx60SFnV,310.000,Kxg/hrv/euEuhbOE,1886.000,2iset8PVX4jSTSEH,2357.000,02xuA6TviChey6nJ,3774.000,MwfJUdRQPbSNr9Io,,,,,,
9,3,2026-03-25T14:24:18.217Z,100.000,7,64.000,YHloJXirCx60SFnV,5240.000,obTLIQc2u6K1oipM,3751.000,MwfJUdRQPbSNr9Io,95.000,Do8hC1pw172W9xvw,286.000,Kxg/hrv/euEuhbOE,1864.000,2iset8PVX4jSTSEH,2338.000,02xuA6TviChey6nJ,,,,,,
9,4,2026-03-25T14:24:18.317Z,266.000,7,0.000,Do8hC1pw172W9xvw,230.000,Kxg/hrv/euEuhbOE,5142.000,obTLIQc2u6K1oipM,3653.000,MwfJUdRQPbSNr9Io,2239.000,02xuA6TviChey6nJ,1766.000,2iset8PVX4jSTSEH,266.000,YHloJXirCx60SFnV,,,,,,
9,5,2026-03-25T14:24:18.583Z,82.000,8,66.000,Do8hC1pw172W9xvw,79.000,Kxg/hrv/euEuhbOE,35.000,2N4uTfQs/yo3mBYi,4877.000,obTLIQc2u6K1oipM,3389.000,MwfJUdRQPbSNr9Io,1975.000,02xuA6TviChey6nJ,82.000,YHloJXirCx60SFnV,1502.000,2iset8PVX4jSTSEH,,,,
9,6,2026-03-25T14:24:18.665Z,152.000,8,24.000,Kxg/hrv/euEuhbOE,39.000,Do8hC1pw172W9xvw,84.000,2N4uTfQs/yo3mBYi,1895.000,02xuA6TviChey6nJ,150.000,YHloJXirCx60SFnV,1422.000,2iset8PVX4jSTSEH,3308.000,MwfJUdRQPbSNr9Io,4797.000,obTLIQc2u6K1oipM,,,,
9,7,2026-03-25T14:24:18.817Z,168.000,8,33.000,Kxg/hrv/euEuhbOE,76.000,Do8hC1pw172W9xvw,127.000,2N4uTfQs/yo3mBYi,3158.000,MwfJUdRQPbSNr9Io,4647.000,obTLIQc2u6K1oipM,1271.000,2iset8PVX4jSTSEH,167.000,YHloJXirCx60SFnV,1745.000,02xuA6TviChey6nJ,,,,
9,8,2026-03-25T14:24:18.985Z,206.000,9,20.000,Kxg/hrv/euEuhbOE,109.000,Do8hC1pw172W9xvw,130.000,Nsmpq/og5cO95HwJ,152.000,2N4uTfQs/yo3mBYi,1115.000,2iset8PVX4jSTSEH,4488.000,obTLIQc2u6K1oipM,2998.000,MwfJUdRQPbSNr9Io,207.000,YHloJXirCx60SFnV,1586.000,02xuA6TviChey6nJ,,
9,9,2026-03-25T14:24:19.191Z,233.000,9,30.000,Kxg/hrv/euEuhbOE,31.000,Nsmpq/og5cO95HwJ,114.000,Do8hC1pw172W9xvw,134.000,2N4uTfQs/yo3mBYi,1382.000,02xuA6TviChey6nJ,911.000,2iset8PVX4jSTSEH,232.000,YHloJXirCx60SFnV,4283.000,obTLIQc2u6K1oipM,2794.000,MwfJUdRQPbSNr9Io,,
9,10,2026-03-25T14:24:19.424Z,151.000,9,8.000,Nsmpq/og5cO95HwJ,9.000,Kxg/hrv/euEuhbOE,71.000,Do8hC1pw172W9xvw,122.000,2N4uTfQs/yo3mBYi,147.000,YHloJXirCx60SFnV,679.000,2iset8PVX4jSTSEH,1151.000,02xuA6TviChey6nJ,4058.000,obTLIQc2u6K1oipM,2566.000,MwfJUdRQPbSNr9Io,,
9,11,2026-03-25T14:24:19.575Z,234.000,9,30.000,Kxg/hrv/euEuhbOE,47.000,Nsmpq/og5cO95HwJ,151.000,Do8hC1pw172W9xvw,174.000,2N4uTfQs/yo3mBYi,530.000,2iset8PVX4jSTSEH,2420.000,MwfJUdRQPbSNr9Io,3908.000,obTLIQc2u6K1oipM,1002.000,02xuA6TviChey6nJ,269.000,YHloJXirCx60SFnV,,
9,12,2026-03-25T14:24:19.809Z,185.000,9,36.000,Nsmpq/og5cO95HwJ,36.000,Kxg/hrv/euEuhbOE,103.000,Do8hC1pw172W9xvw,124.000,2N4uTfQs/yo3mBYi,2188.000,MwfJUdRQPbSNr9Io,10631.000,YHloJXirCx60SFnV,3676.000,obTLIQc2u6K1oipM,770.000,02xuA6TviChey6nJ,298.000,2iset8PVX4jSTSEH,,
9,13,2026-03-25T14:24:19.994Z,220.000,9,29.000,Nsmpq/og5cO95HwJ,30.000,Kxg/hrv/euEuhbOE,97.000,Do8hC1pw172W9xvw,115.000,2iset8PVX4jSTSEH,146.000,2N4uTfQs/yo3mBYi,587.000,02xuA6TviChey6nJ,3493.000,obTLIQc2u6K1oipM,10449.000,YHloJXirCx60SFnV,2005.000,MwfJUdRQPbSNr9Io,,
9,14,2026-03-25T14:24:20.214Z,175.000,9,35.000,Kxg/hrv/euEuhbOE,37.000,2iset8PVX4jSTSEH,37.000,Nsmpq/og5cO95HwJ,107.000,Do8hC1pw172W9xvw,143.000,2N4uTfQs/yo3mBYi,3274.000,obTLIQc2u6K1oipM,368.000,02xuA6TviChey6nJ,10231.000,YHloJXirCx60SFnV,1793.000,MwfJUdRQPbSNr9Io,,
9,15,2026-03-25T14:24:20.389Z,196.000,10,30.000,Kxg/hrv/euEuhbOE,31.000,Nsmpq/og5cO95HwJ,33.000,2iset8PVX4jSTSEH,132.000,Do8hC1pw172W9xvw,163.000,2N4uTfQs/yo3mBYi,200.000,02xuA6TviChey6nJ,196.000,uT1RCshO88YMpxwE,10058.000,YHloJXirCx60SFnV,3101.000,obTLIQc2u6K1oipM,1620.000,MwfJUdRQPbSNr9Io
9,16,2026-03-25T14:24:20.585Z,146.000,10,34.000,Kxg/hrv/euEuhbOE,35.000,2iset8PVX4jSTSEH,35.000,02xuA6TviChey6nJ,36.000,Nsmpq/og5cO95HwJ,108.000,Do8hC1pw172W9xvw,138.000,uT1RCshO88YMpxwE,146.000,2N4uTfQs/yo3mBYi,1426.000,MwfJUdRQPbSNr9Io,2907.000,obTLIQc2u6K1oipM,9863.000,YHloJXirCx60SFnV
9,17,2026-03-25T14:24:20.731Z,213.000,10,108.000,02xuA6TviChey6nJ,109.000,Nsmpq/og5cO95HwJ,110.000,Kxg/hrv/euEuhbOE,110.000,2iset8PVX4jSTSEH,152.000,uT1RCshO88YMpxwE,153.000,Do8hC1pw172W9xvw,212.000,2N4uTfQs/yo3mBYi,1282.000,MwfJUdRQPbSNr9Io,2763.000,obTLIQc2u6K1oipM,9719.000,YHloJXirCx60SFnV
9,18,2026-03-25T14:24:20.944Z,202.000,10,68.000,02xuA6TviChey6nJ,76.000,Nsmpq/og5cO95HwJ,78.000,2iset8PVX4jSTSEH,79.000,Kxg/hrv/euEuhbOE,164.000,uT1RCshO88YMpxwE,180.000,Do8hC1pw172W9xvw,202.000,2N4uTfQs/yo3mBYi,9508.000,YHloJXirCx60SFnV,1070.000,MwfJUdRQPbSNr9Io,2551.000,obTLIQc2u6K1oipM
9,19,2026-03-25T14:24:21.146Z,197.000,10,96.000,02xuA6TviChey6nJ,98.000,Kxg/hrv/euEuhbOE,98.000,2iset8PVX4jSTSEH,98.000,Nsmpq/og5cO95HwJ,163.000,uT1RCshO88YMpxwE,183.000,Do8hC1pw172W9xvw,197.000,2N4uTfQs/yo3mBYi,9334.000,YHloJXirCx60SFnV,2353.000,obTLIQc2u6K1oipM,870.000,MwfJUdRQPbSNr9Io
9,20,2026-03-25T14:24:21.343Z,202.000,10,81.000,02xuA6TviChey6nJ,83.000,Kxg/hrv/euEuhbOE,83.000,Nsmpq/og5cO95HwJ,85.000,2iset8PVX4jSTSEH,150.000,Do8hC1pw172W9xvw,188.000,uT1RCshO88YMpxwE,202.000,2N4uTfQs/yo3mBYi,2158.000,obTLIQc2u6K1oipM,675.000,MwfJUdRQPbSNr9Io,9138.000,YHloJXirCx60SFnV
9,21,2026-03-25T14:24:21.545Z,204.000,10,133.000,02xuA6TviChey6nJ,133.000,Nsmpq/og5cO95HwJ,135.000,2iset8PVX4jSTSEH,135.000,Kxg/hrv/euEuhbOE,157.000,uT1RCshO88YMpxwE,180.000,Do8hC1pw172W9xvw,204.000,2N4uTfQs/yo3mBYi,475.000,MwfJUdRQPbSNr9Io,1958.000,obTLIQc2u6K1oipM,8938.000,YHloJXirCx60SFnV
9,22,2026-03-25T14:24:21.749Z,181.000,10,94.000,Nsmpq/og5cO95HwJ,95.000,2iset8PVX4jSTSEH,96.000,Kxg/hrv/euEuhbOE,96.000,02xuA6TviChey6nJ,170.000,Do8hC1pw172W9xvw,180.000,uT1RCshO88YMpxwE,181.000,2N4uTfQs/yo3mBYi,1755.000,obTLIQc2u6K1oipM,273.000,MwfJUdRQPbSNr9Io,8736.000,YHloJXirCx60SFnV
9,23,2026-03-25T14:24:21.930Z,201.000,10,105.000,Nsmpq/og5cO95HwJ,106.000,02xuA6TviChey6nJ,107.000,Kxg/hrv/euEuhbOE,107.000,2iset8PVX4jSTSEH,174.000,MwfJUdRQPbSNr9Io,190.000,Do8hC1pw172W9xvw,201.000,uT1RCshO88YMpxwE,238.000,2N4uTfQs/yo3mBYi,8557.000,YHloJXirCx60SFnV,1576.000,obTLIQc2u6K1oipM
9,24,2026-03-25T14:24:22.131Z,200.000,9,106.000,2iset8PVX4jSTSEH,106.000,Kxg/hrv/euEuhbOE,108.000,MwfJUdRQPbSNr9Io,108.000,Nsmpq/og5cO95HwJ,108.000,02xuA6TviChey6nJ,194.000,uT1RCshO88YMpxwE,8358.000,YHloJXirCx60SFnV,203.000,Do8hC1pw172W9xvw,1377.000,obTLIQc2u6K1oipM,,
9,25,2026-03-25T14:24:22.331Z,151.000,10,39.000,2N4uTfQs/yo3mBYi,72.000,MwfJUdRQPbSNr9Io,85.000,2iset8PVX4jSTSEH,87.000,02xuA6TviChey6nJ,92.000,Nsmpq/og5cO95HwJ,97.000,Kxg/hrv/euEuhbOE,151.000,Do8hC1pw172W9xvw,187.000,uT1RCshO88YMpxwE,1179.000,obTLIQc2u6K1oipM,8159.000,YHloJXirCx60SFnV
9,26,2026-03-25T14:24:22.482Z,201.000,9,83.000,2N4uTfQs/yo3mBYi,121.000,Kxg/hrv/euEuhbOE,123.000,2iset8PVX4jSTSEH,127.000,02xuA6TviChey6nJ,132.000,MwfJUdRQPbSNr9Io,136.000,Nsmpq/og5cO95HwJ,8010.000,YHloJXirCx60SFnV,222.000,uT1RCshO88YMpxwE,1030.000,obTLIQc2u6K1oipM,,
9,27,2026-03-25T14:24:22.683Z,153.000,9,45.000,Do8hC1pw172W9xvw,75.000,2N4uTfQs/yo3mBYi,147.000,Kxg/hrv/euEuhbOE,148.000,2iset8PVX4jSTSEH,149.000,Nsmpq/og5cO95HwJ,149.000,02xuA6TviChey6nJ,153.000,MwfJUdRQPbSNr9Io,833.000,obTLIQc2u6K1oipM,7811.000,YHloJXirCx60SFnV,,
9,28,2026-03-25T14:24:22.836Z,190.000,10,83.000,uT1RCshO88YMpxwE,115.000,Do8hC1pw172W9xvw,118.000,2N4uTfQs/yo3mBYi,179.000,02xuA6TviChey6nJ,181.000,Kxg/hrv/euEuhbOE,186.000,MwfJUdRQPbSNr9Io,190.000,2iset8PVX4jSTSEH,198.000,Nsmpq/og5cO95HwJ,7660.000,YHloJXirCx60SFnV,681.000,obTLIQc2u6K1oipM
9,29,2026-03-25T14:24:23.026Z,226.000,10,80.000,uT1RCshO88YMpxwE,81.000,Do8hC1pw172W9xvw,140.000,2N4uTfQs/yo3mBYi,194.000,Nsmpq/og5cO95HwJ,225.000,MwfJUdRQPbSNr9Io,270.000,Kxg/hrv/euEuhbOE,225.000,2iset8PVX4jSTSEH,269.000,02xuA6TviChey6nJ,493.000,obTLIQc2u6K1oipM,7472.000,YHloJXirCx60SFnV
9,30,2026-03-25T14:24:23.252Z,179.000,10,86.000,Do8hC1pw172W9xvw,89.000,uT1RCshO88YMpxwE,99.000,2N4uTfQs/yo3mBYi,164.000,2iset8PVX4jSTSEH,175.000,Nsmpq/og5cO95HwJ,178.000,02xuA6TviChey6nJ,179.000,MwfJUdRQPbSNr9Io,192.000,Kxg/hrv/euEuhbOE,7248.000,YHloJXirCx60SFnV,297.000,obTLIQc2u6K1oipM
9,31,2026-03-25T14:24:23.431Z,199.000,10,82.000,uT1RCshO88YMpxwE,104.000,Do8hC1pw172W9xvw,114.000,2N4uTfQs/yo3mBYi,183.000,MwfJUdRQPbSNr9Io,189.000,Nsmpq/og5cO95HwJ,192.000,02xuA6TviChey6nJ,198.000,Kxg/hrv/euEuhbOE,200.000,obTLIQc2u6K1oipM,201.000,2iset8PVX4jSTSEH,7070.000,YHloJXirCx60SFnV
9,32,2026-03-25T14:24:23.630Z,195.000,10,71.000,uT1RCshO88YMpxwE,105.000,Do8hC1pw172W9xvw,128.000,2N4uTfQs/yo3mBYi,171.000,Nsmpq/og5cO95HwJ,189.000,MwfJUdRQPbSNr9Io,193.000,obTLIQc2u6K1oipM,195.000,02xuA6TviChey6nJ,197.000,2iset8PVX4jSTSEH,200.000,Kxg/hrv/euEuhbOE,6873.000,YHloJXirCx60SFnV
9,33,2026-03-25T14:24:23.825Z,211.000,10,79.000,uT1RCshO88YMpxwE,122.000,Do8hC1pw172W9xvw,123.000,2N4uTfQs/yo3mBYi,193.000,2iset8PVX4jSTSEH,200.000,MwfJUdRQPbSNr9Io,203.000,Kxg/hrv/euEuhbOE,210.000,02xuA6TviChey6nJ,212.000,obTLIQc2u6K1oipM,213.000,Nsmpq/og5cO95HwJ,6680.000,YHloJXirCx60SFnV
9,34,2026-03-25T14:24:24.036Z,192.000,10,70.000,uT1RCshO88YMpxwE,86.000,Do8hC1pw172W9xvw,135.000,2N4uTfQs/yo3mBYi,184.000,Nsmpq/og5cO95HwJ,187.000,Kxg/hrv/euEuhbOE,188.000,obTLIQc2u6K1oipM,192.000,2iset8PVX4jSTSEH,194.000,02xuA6TviChey6nJ,195.000,MwfJUdRQPbSNr9Io,6471.000,YHloJXirCx60SFnV
9,35,2026-03-25T14:24:24.228Z,202.000,10,77.000,uT1RCshO88YMpxwE,119.000,Do8hC1pw172W9xvw,129.000,2N4uTfQs/yo3mBYi,195.000,Nsmpq/og5cO95HwJ,197.000,02xuA6TviChey6nJ,199.000,Kxg/hrv/euEuhbOE,202.000,obTLIQc2u6K1oipM,208.000,MwfJUdRQPbSNr9Io,214.000,2iset8PVX4jSTSEH,6281.000,YHloJXirCx60SFnV
9,36,2026-03-25T14:24:24.430Z,198.000,10,77.000,uT1RCshO88YMpxwE,171.000,Do8hC1pw172W9xvw,150.000,2N4uTfQs/yo3mBYi,189.000,02xuA6TviChey6nJ,196.000,obTLIQc2u6K1oipM,197.000,Nsmpq/og5cO95HwJ,198.000,MwfJUdRQPbSNr9Io,203.000,2iset8PVX4jSTSEH,204.000,Kxg/hrv/euEuhbOE,6081.000,YHloJXirCx60SFnV
9,37,2026-03-25T14:24:24.628Z,203.000,10,79.000,uT1RCshO88YMpxwE,126.000,Do8hC1pw172W9xvw,151.000,2N4uTfQs/yo3mBYi,197.000,Kxg/hrv/euEuhbOE,199.000,MwfJUdRQPbSNr9Io,200.000,2iset8PVX4jSTSEH,203.000,obTLIQc2u6K1oipM,207.000,02xuA6TviChey6nJ,217.000,Nsmpq/og5cO95HwJ,5885.000,YHloJXirCx60SFnV
9,38,2026-03-25T14:24:24.831Z,200.000,10,80.000,uT1RCshO88YMpxwE,117.000,Do8hC1pw172W9xvw,144.000,2N4uTfQs/yo3mBYi,189.000,Nsmpq/og5cO95HwJ,190.000,MwfJUdRQPbSNr9Io,197.000,2iset8PVX4jSTSEH,200.000,02xuA6TviChey6nJ,202.000,Kxg/hrv/euEuhbOE,213.000,obTLIQc2u6K1oipM,5692.000,YHloJXirCx60SFnV
9,39,2026-03-25T14:24:25.031Z,205.000,10,74.000,uT1RCshO88YMpxwE,127.000,Do8hC1pw172W9xvw,155.000,2N4uTfQs/yo3mBYi,199.000,obTLIQc2u6K1oipM,200.000,Nsmpq/og5cO95HwJ,203.000,Kxg/hrv/euEuhbOE,205.000,2iset8PVX4jSTSEH,212.000,02xuA6TviChey6nJ,217.000,MwfJUdRQPbSNr9Io,5494.000,YHloJXirCx60SFnV
9,40,2026-03-25T14:24:25.236Z,202.000,10,81.000,uT1RCshO88YMpxwE,88.000,Do8hC1pw172W9xvw,133.000,2N4uTfQs/yo3mBYi,194.000,MwfJUdRQPbSNr9Io,195.000,Nsmpq/og5cO95HwJ,199.000,obTLIQc2u6K1oipM,202.000,02xuA6TviChey6nJ,204.000,2iset8PVX4jSTSEH,211.000,Kxg/hrv/euEuhbOE,5290.000,YHloJXirCx60SFnV
9,41,2026-03-25T14:24:25.438Z,195.000,10,84.000,uT1RCshO88YMpxwE,85.000,Do8hC1pw172W9xvw,136.000,2N4uTfQs/yo3mBYi,185.000,MwfJUdRQPbSNr9Io,192.000,obTLIQc2u6K1oipM,194.000,Kxg/hrv/euEuhbOE,195.000,2iset8PVX4jSTSEH,201.000,02xuA6TviChey6nJ,203.000,Nsmpq/og5cO95HwJ,5090.000,YHloJXirCx60SFnV
9,42,2026-03-25T14:24:25.633Z,204.000,10,77.000,uT1RCshO88YMpxwE,105.000,Do8hC1pw172W9xvw,108.000,2N4uTfQs/yo3mBYi,194.000,Nsmpq/og5cO95HwJ,199.000,obTLIQc2u6K1oipM,203.000,Kxg/hrv/euEuhbOE,204.000,2iset8PVX4jSTSEH,205.000,MwfJUdRQPbSNr9Io,206.000,02xuA6TviChey6nJ,4897.000,YHloJXirCx60SFnV
9,43,2026-03-25T14:24:25.837Z,205.000,10,79.000,uT1RCshO88YMpxwE,113.000,2N4uTfQs/yo3mBYi,130.000,Do8hC1pw172W9xvw,186.000,Nsmpq/og5cO95HwJ,187.000,02xuA6TviChey6nJ,195.000,obTLIQc2u6K1oipM,205.000,Kxg/hrv/euEuhbOE,207.000,2iset8PVX4jSTSEH,208.000,MwfJUdRQPbSNr9Io,4694.000,YHloJXirCx60SFnV
9,44,2026-03-25T14:24:26.042Z,195.000,10,79.000,uT1RCshO88YMpxwE,106.000,Do8hC1pw172W9xvw,146.000,2N4uTfQs/yo3mBYi,191.000,02xuA6TviChey6nJ,192.000,Kxg/hrv/euEuhbOE,194.000,obTLIQc2u6K1oipM,195.000,2iset8PVX4jSTSEH,205.000,MwfJUdRQPbSNr9Io,210.000,Nsmpq/og5cO95HwJ,4491.000,YHloJXirCx60SFnV
9,45,2026-03-25T14:24:26.237Z,203.000,10,78.000,Do8hC1pw172W9xvw,86.000,uT1RCshO88YMpxwE,130.000,2N4uTfQs/yo3mBYi,194.000,obTLIQc2u6K1oipM,195.000,2iset8PVX4jSTSEH,199.000,Nsmpq/og5cO95HwJ,203.000,MwfJUdRQPbSNr9Io,206.000,02xuA6TviChey6nJ,209.000,Kxg/hrv/euEuhbOE,4298.000,YHloJXirCx60SFnV
9,46,2026-03-25T14:24:26.440Z,200.000,10,74.000,uT1RCshO88YMpxwE,115.000,Do8hC1pw172W9xvw,151.000,2N4uTfQs/yo3mBYi,190.000,obTLIQc2u6K1oipM,194.000,MwfJUdRQPbSNr9Io,198.000,Nsmpq/og5cO95HwJ,199.000,02xuA6TviChey6nJ,203.000,2iset8PVX4jSTSEH,208.000,Kxg/hrv/euEuhbOE,4096.000,YHloJXirCx60SFnV
9,47,2026-03-25T14:24:26.640Z,210.000,10,83.000,uT1RCshO88YMpxwE,126.000,Do8hC1pw172W9xvw,155.000,2N4uTfQs/yo3mBYi,197.000,02xuA6TviChey6nJ,225.000,obTLIQc2u6K1oipM,205.000,Nsmpq/og5cO95HwJ,208.000,Kxg/hrv/euEuhbOE,210.000,2iset8PVX4jSTSEH,212.000,MwfJUdRQPbSNr9Io,3898.000,YHloJXirCx60SFnV
9,48,2026-03-25T14:24:26.850Z,197.000,10,68.000,Do8hC1pw172W9xvw,69.000,uT1RCshO88YMpxwE,139.000,2N4uTfQs/yo3mBYi,183.000,obTLIQc2u6K1oipM,188.000,2iset8PVX4jSTSEH,196.000,MwfJUdRQPbSNr9Io,197.000,Kxg/hrv/euEuhbOE,198.000,02xuA6TviChey6nJ,201.000,Nsmpq/og5cO95HwJ,3690.000,YHloJXirCx60SFnV
9,49,2026-03-25T14:24:27.047Z,202.000,10,80.000,uT1RCshO88YMpxwE,107.000,Do8hC1pw172W9xvw,148.000,2N4uTfQs/yo3mBYi,191.000,MwfJUdRQPbSNr9Io,192.000,2iset8PVX4jSTSEH,197.000,Nsmpq/og5cO95HwJ,202.000,02xuA6TviChey6nJ,204.000,Kxg/hrv/euEuhbOE,205.000,obTLIQc2u6K1oipM,3495.000,YHloJXirCx60SFnV
9,50,2026-03-25T14:24:27.249Z,193.000,10,71.000,uT1RCshO88YMpxwE,98.000,Do8hC1pw172W9xvw,146.000,2N4uTfQs/yo3mBYi,187.000,02xuA6TviChey6nJ,190.000,MwfJUdRQPbSNr9Io,191.000,Nsmpq/og5cO95HwJ,193.000,obTLIQc2u6K1oipM,201.000,2iset8PVX4jSTSEH,202.000,Kxg/hrv/euEuhbOE,3294.000,YHloJXirCx60SFnV
9,51,2026-03-25T14:24:27.442Z,206.000,10,82.000,uT1RCshO88YMpxwE,124.000,Do8hC1pw172W9xvw,143.000,2N4uTfQs/yo3mBYi,199.000,Kxg/hrv/euEuhbOE,202.000,Nsmpq/og5cO95HwJ,203.000,2iset8PVX4jSTSEH,205.000,obTLIQc2u6K1oipM,207.000,02xuA6TviChey6nJ,216.000,MwfJUdRQPbSNr9Io,3103.000,YHloJXirCx60SFnV
9,52,2026-03-25T14:24:27.648Z,204.000,10,72.000,uT1RCshO88YMpxwE,86.000,Do8hC1pw172W9xvw,156.000,2N4uTfQs/yo3mBYi,191.000,2iset8PVX4jSTSEH,193.000,Kxg/hrv/euEuhbOE,234.000,MwfJUdRQPbSNr9Io,202.000,02xuA6TviChey6nJ,204.000,Nsmpq/og5cO95HwJ,206.000,obTLIQc2u6K1oipM,2899.000,YHloJXirCx60SFnV
9,53,2026-03-25T14:24:27.852Z,194.000,10,74.000,uT1RCshO88YMpxwE,127.000,Do8hC1pw172W9xvw,129.000,2N4uTfQs/yo3mBYi,182.000,obTLIQc2u6K1oipM,184.000,Kxg/hrv/euEuhbOE,189.000,Nsmpq/og5cO95HwJ,194.000,MwfJUdRQPbSNr9Io,195.000,2iset8PVX4jSTSEH,202.000,02xuA6TviChey6nJ,2697.000,YHloJXirCx60SFnV
9,54,2026-03-25T14:24:28.046Z,212.000,10,78.000,uT1RCshO88YMpxwE,118.000,Do8hC1pw172W9xvw,180.000,2N4uTfQs/yo3mBYi,197.000,MwfJUdRQPbSNr9Io,209.000,02xuA6TviChey6nJ,210.000,2iset8PVX4jSTSEH,211.000,Nsmpq/og5cO95HwJ,213.000,Kxg/hrv/euEuhbOE,214.000,obTLIQc2u6K1oipM,2504.000,YHloJXirCx60SFnV
9,55,2026-03-25T14:24:28.258Z,197.000,10,70.000,uT1RCshO88YMpxwE,83.000,Do8hC1pw172W9xvw,138.000,2N4uTfQs/yo3mBYi,190.000,Nsmpq/og5cO95HwJ,192.000,Kxg/hrv/euEuhbOE,196.000,MwfJUdRQPbSNr9Io,197.000,obTLIQc2u6K1oipM,203.000,02xuA6TviChey6nJ,211.000,2iset8PVX4jSTSEH,2294.000,YHloJXirCx60SFnV
9,56,2026-03-25T14:24:28.455Z,200.000,10,73.000,uT1RCshO88YMpxwE,114.000,Do8hC1pw172W9xvw,155.000,2N4uTfQs/yo3mBYi,187.000,Kxg/hrv/euEuhbOE,197.000,Nsmpq/og5cO95HwJ,199.000,2iset8PVX4jSTSEH,200.000,MwfJUdRQPbSNr9Io,204.000,obTLIQc2u6K1oipM,212.000,02xuA6TviChey6nJ,2099.000,YHloJXirCx60SFnV
9,57,2026-03-25T14:24:28.655Z,199.000,10,73.000,Do8hC1pw172W9xvw,80.000,uT1RCshO88YMpxwE,144.000,2N4uTfQs/yo3mBYi,190.000,obTLIQc2u6K1oipM,195.000,02xuA6TviChey6nJ,196.000,2iset8PVX4jSTSEH,199.000,Kxg/hrv/euEuhbOE,201.000,Nsmpq/og5cO95HwJ,207.000,MwfJUdRQPbSNr9Io,1901.000,YHloJXirCx60SFnV
9,58,2026-03-25T14:24:28.854Z,210.000,10,85.000,uT1RCshO88YMpxwE,86.000,Do8hC1pw172W9xvw,152.000,2N4uTfQs/yo3mBYi,206.000,Kxg/hrv/euEuhbOE,208.000,Nsmpq/og5cO95HwJ,209.000,MwfJUdRQPbSNr9Io,210.000,02xuA6TviChey6nJ,211.000,obTLIQc2u6K1oipM,213.000,2iset8PVX4jSTSEH,1703.000,YHloJXirCx60SFnV
9,59,2026-03-25T14:24:29.064Z,190.000,10,71.000,uT1RCshO88YMpxwE,111.000,2N4uTfQs/yo3mBYi,111.000,Do8hC1pw172W9xvw,181.000,Nsmpq/og5cO95HwJ,187.000,2iset8PVX4jSTSEH,188.000,Kxg/hrv/euEuhbOE,190.000,MwfJUdRQPbSNr9Io,191.000,02xuA6TviChey6nJ,192.000,obTLIQc2u6K1oipM,1495.000,YHloJXirCx60SFnV
9,60,2026-03-25T14:24:29.254Z,207.000,10,84.000,uT1RCshO88YMpxwE,124.000,Do8hC1pw172W9xvw,153.000,2N4uTfQs/yo3mBYi,198.000,2iset8PVX4jSTSEH,204.000,obTLIQc2u6K1oipM,205.000,MwfJUdRQPbSNr9Io,207.000,02xuA6TviChey6nJ,209.000,Kxg/hrv/euEuhbOE,217.000,Nsmpq/og5cO95HwJ,1307.000,YHloJXirCx60SFnV
9,61,2026-03-25T14:24:29.461Z,201.000,10,71.000,uT1RCshO88YMpxwE,111.000,Do8hC1pw172W9xvw,144.000,2N4uTfQs/yo3mBYi,194.000,Nsmpq/og5cO95HwJ,196.000,02xuA6TviChey6nJ,197.000,2iset8PVX4jSTSEH,201.000,obTLIQc2u6K1oipM,203.000,Kxg/hrv/euEuhbOE,211.000,MwfJUdRQPbSNr9Io,1102.000,YHloJXirCx60SFnV
9,62,2026-03-25T14:24:29.662Z,197.000,10,75.000,uT1RCshO88YMpxwE,112.000,Do8hC1pw172W9xvw,124.000,2N4uTfQs/yo3mBYi,164.000,obTLIQc2u6K1oipM,190.000,02xuA6TviChey6nJ,191.000,MwfJUdRQPbSNr9Io,197.000,2iset8PVX4jSTSEH,203.000,Kxg/hrv/euEuhbOE,205.000,Nsmpq/og5cO95HwJ,902.000,YHloJXirCx60SFnV
9,63,2026-03-25T14:24:29.859Z,208.000,10,79.000,uT1RCshO88YMpxwE,83.000,Do8hC1pw172W9xvw,138.000,2N4uTfQs/yo3mBYi,189.000,obTLIQc2u6K1oipM,198.000,Kxg/hrv/euEuhbOE,205.000,Nsmpq/og5cO95HwJ,208.000,2iset8PVX4jSTSEH,209.000,MwfJUdRQPbSNr9Io,211.000,02xuA6TviChey6nJ,708.000,YHloJXirCx60SFnV
9,64,2026-03-25T14:24:30.067Z,197.000,10,67.000,Do8hC1pw172W9xvw,87.000,uT1RCshO88YMpxwE,135.000,2N4uTfQs/yo3mBYi,185.000,02xuA6TviChey6nJ,187.000,MwfJUdRQPbSNr9Io,193.000,obTLIQc2u6K1oipM,197.000,Kxg/hrv/euEuhbOE,205.000,Nsmpq/og5cO95HwJ,209.000,2iset8PVX4jSTSEH,502.000,YHloJXirCx60SFnV
9,65,2026-03-25T14:24:30.264Z,194.000,10,75.000,uT1RCshO88YMpxwE,109.000,Do8hC1pw172W9xvw,145.000,2N4uTfQs/yo3mBYi,190.000,Kxg/hrv/euEuhbOE,191.000,02xuA6TviChey6nJ,193.000,Nsmpq/og5cO95HwJ,194.000,obTLIQc2u6K1oipM,196.000,2iset8PVX4jSTSEH,206.000,MwfJUdRQPbSNr9Io,307.000,YHloJXirCx60SFnV
9,66,2026-03-25T14:24:30.458Z,214.000,10,113.000,uT1RCshO88YMpxwE,117.000,Do8hC1pw172W9xvw,133.000,2N4uTfQs/yo3mBYi,197.000,Nsmpq/og5cO95HwJ,211.000,obTLIQc2u6K1oipM,212.000,MwfJUdRQPbSNr9Io,214.000,YHloJXirCx60SFnV,217.000,02xuA6TviChey6nJ,221.000,Kxg/hrv/euEuhbOE,226.000,2iset8PVX4jSTSEH
9,67,2026-03-25T14:24:30.672Z,197.000,10,73.000,uT1RCshO88YMpxwE,84.000,Do8hC1pw172W9xvw,102.000,2N4uTfQs/yo3mBYi,185.000,02xuA6TviChey6nJ,191.000,Kxg/hrv/euEuhbOE,193.000,2iset8PVX4jSTSEH,197.000,Nsmpq/og5cO95HwJ,199.000,obTLIQc2u6K1oipM,200.000,MwfJUdRQPbSNr9Io,210.000,YHloJXirCx60SFnV
9,68,2026-03-25T14:24:30.869Z,195.000,10,71.000,uT1RCshO88YMpxwE,101.000,Do8hC1pw172W9xvw,138.000,2N4uTfQs/yo3mBYi,186.000,YHloJXirCx60SFnV,188.000,Kxg/hrv/euEuhbOE,191.000,Nsmpq/og5cO95HwJ,195.000,02xuA6TviChey6nJ,196.000,2iset8PVX4jSTSEH,199.000,obTLIQc2u6K1oipM,200.000,MwfJUdRQPbSNr9Io
9,69,2026-03-25T14:24:31.064Z,204.000,10,84.000,uT1RCshO88YMpxwE,130.000,Do8hC1pw172W9xvw,132.000,2N4uTfQs/yo3mBYi,197.000,YHloJXirCx60SFnV,199.000,MwfJUdRQPbSNr9Io,200.000,2iset8PVX4jSTSEH,203.000,Kxg/hrv/euEuhbOE,205.000,02xuA6TviChey6nJ,213.000,obTLIQc2u6K1oipM,215.000,Nsmpq/og5cO95HwJ
9,70,2026-03-25T14:24:31.268Z,196.000,10,75.000,uT1RCshO88YMpxwE,79.000,Do8hC1pw172W9xvw,123.000,2N4uTfQs/yo3mBYi,192.000,MwfJUdRQPbSNr9Io,193.000,obTLIQc2u6K1oipM,194.000,Nsmpq/og5cO95HwJ,196.000,2iset8PVX4jSTSEH,201.000,YHloJXirCx60SFnV,203.000,02xuA6TviChey6nJ,204.000,Kxg/hrv/euEuhbOE
9,71,2026-03-25T14:24:31.464Z,210.000,10,88.000,uT1RCshO88YMpxwE,97.000,Do8hC1pw172W9xvw,147.000,2N4uTfQs/yo3mBYi,197.000,02xuA6TviChey6nJ,205.000,Kxg/hrv/euEuhbOE,208.000,YHloJXirCx60SFnV,210.000,obTLIQc2u6K1oipM,211.000,MwfJUdRQPbSNr9Io,212.000,2iset8PVX4jSTSEH,216.000,Nsmpq/og5cO95HwJ
9,72,2026-03-25T14:24:31.674Z,200.000,10,77.000,uT1RCshO88YMpxwE,110.000,Do8hC1pw172W9xvw,131.000,2N4uTfQs/yo3mBYi,191.000,YHloJXirCx60SFnV,196.000,2iset8PVX4jSTSEH,197.000,Nsmpq/og5cO95HwJ,200.000,MwfJUdRQPbSNr9Io,201.000,obTLIQc2u6K1oipM,205.000,Kxg/hrv/euEuhbOE,209.000,02xuA6TviChey6nJ
9,73,2026-03-25T14:24:31.874Z,196.000,10,73.000,uT1RCshO88YMpxwE,116.000,Do8hC1pw172W9xvw,134.000,2N4uTfQs/yo3mBYi,184.000,Nsmpq/og5cO95HwJ,187.000,obTLIQc2u6K1oipM,195.000,MwfJUdRQPbSNr9Io,196.000,2iset8PVX4jSTSEH,196.000,02xuA6TviChey6nJ,201.000,Kxg/hrv/euEuhbOE,210.000,YHloJXirCx60SFnV
9,74,2026-03-25T14:24:32.070Z,208.000,10,76.000,uT1RCshO88YMpxwE,77.000,Do8hC1pw172W9xvw,159.000,2N4uTfQs/yo3mBYi,201.000,2iset8PVX4jSTSEH,202.000,02xuA6TviChey6nJ,205.000,obTLIQc2u6K1oipM,208.000,MwfJUdRQPbSNr9Io,209.000,Kxg/hrv/euEuhbOE,211.000,Nsmpq/og5cO95HwJ,212.000,YHloJXirCx60SFnV
9,75,2026-03-25T14:24:32.278Z,198.000,10,72.000,uT1RCshO88YMpxwE,78.000,Do8hC1pw172W9xvw,150.000,2N4uTfQs/yo3mBYi,188.000,Nsmpq/og5cO95HwJ,193.000,YHloJXirCx60SFnV,195.000,02xuA6TviChey6nJ,197.000,obTLIQc2u6K1oipM,202.000,MwfJUdRQPbSNr9Io,204.000,2iset8PVX4jSTSEH,221.000,Kxg/hrv/euEuhbOE
9,76,2026-03-25T14:24:32.476Z,198.000,10,78.000,Do8hC1pw172W9xvw,78.000,uT1RCshO88YMpxwE,152.000,2N4uTfQs/yo3mBYi,193.000,MwfJUdRQPbSNr9Io,196.000,obTLIQc2u6K1oipM,197.000,02xuA6TviChey6nJ,198.000,Kxg/hrv/euEuhbOE,202.000,Nsmpq/og5cO95HwJ,205.000,YHloJXirCx60SFnV,208.000,2iset8PVX4jSTSEH
9,77,2026-03-25T14:24:32.674Z,205.000,10,79.000,Do8hC1pw172W9xvw,89.000,uT1RCshO88YMpxwE,150.000,2N4uTfQs/yo3mBYi,188.000,02xuA6TviChey6nJ,192.000,YHloJXirCx60SFnV,199.000,2iset8PVX4jSTSEH,205.000,obTLIQc2u6K1oipM,207.000,Nsmpq/og5cO95HwJ,212.000,Kxg/hrv/euEuhbOE,213.000,MwfJUdRQPbSNr9Io
9,78,2026-03-25T14:24:32.879Z,201.000,10,79.000,uT1RCshO88YMpxwE,131.000,Do8hC1pw172W9xvw,148.000,2N4uTfQs/yo3mBYi,192.000,2iset8PVX4jSTSEH,193.000,Kxg/hrv/euEuhbOE,199.000,02xuA6TviChey6nJ,201.000,obTLIQc2u6K1oipM,204.000,YHloJXirCx60SFnV,210.000,MwfJUdRQPbSNr9Io,215.000,Nsmpq/og5cO95HwJ
9,79,2026-03-25T14:24:33.080Z,197.000,10,76.000,uT1RCshO88YMpxwE,78.000,Do8hC1pw172W9xvw,141.000,2N4uTfQs/yo3mBYi,190.000,YHloJXirCx60SFnV,193.000,2iset8PVX4jSTSEH,195.000,obTLIQc2u6K1oipM,197.000,02xuA6TviChey6nJ,200.000,Kxg/hrv/euEuhbOE,201.000,Nsmpq/og5cO95HwJ,209.000,MwfJUdRQPbSNr9Io
9,80,2026-03-25T14:24:33.277Z,210.000,10,82.000,uT1RCshO88YMpxwE,112.000,2N4uTfQs/yo3mBYi,126.000,Do8hC1pw172W9xvw,194.000,2iset8PVX4jSTSEH,198.000,Kxg/hrv/euEuhbOE,208.000,Nsmpq/og5cO95HwJ,209.000,02xuA6TviChey6nJ,211.000,MwfJUdRQPbSNr9Io,216.000,YHloJXirCx60SFnV,217.000,obTLIQc2u6K1oipM
9,81,2026-03-25T14:24:33.487Z,199.000,10,73.000,uT1RCshO88YMpxwE,81.000,Do8hC1pw172W9xvw,159.000,2N4uTfQs/yo3mBYi,185.000,YHloJXirCx60SFnV,191.000,2iset8PVX4jSTSEH,197.000,obTLIQc2u6K1oipM,199.000,02xuA6TviChey6nJ,201.000,MwfJUdRQPbSNr9Io,203.000,Kxg/hrv/euEuhbOE,204.000,Nsmpq/og5cO95HwJ
9,82,2026-03-25T14:24:33.686Z,198.000,10,77.000,uT1RCshO88YMpxwE,86.000,Do8hC1pw172W9xvw,147.000,2N4uTfQs/yo3mBYi,188.000,obTLIQc2u6K1oipM,193.000,02xuA6TviChey6nJ,195.000,MwfJUdRQPbSNr9Io,198.000,Kxg/hrv/euEuhbOE,200.000,Nsmpq/og5cO95HwJ,201.000,2iset8PVX4jSTSEH,208.000,YHloJXirCx60SFnV
9,83,2026-03-25T14:24:33.884Z,200.000,10,83.000,Do8hC1pw172W9xvw,85.000,uT1RCshO88YMpxwE,144.000,2N4uTfQs/yo3mBYi,192.000,2iset8PVX4jSTSEH,194.000,Kxg/hrv/euEuhbOE,198.000,MwfJUdRQPbSNr9Io,200.000,02xuA6TviChey6nJ,209.000,obTLIQc2u6K1oipM,214.000,YHloJXirCx60SFnV,229.000,Nsmpq/og5cO95HwJ
9,84,2026-03-25T14:24:34.084Z,208.000,10,79.000,uT1RCshO88YMpxwE,85.000,Do8hC1pw172W9xvw,141.000,2N4uTfQs/yo3mBYi,198.000,obTLIQc2u6K1oipM,203.000,Kxg/hrv/euEuhbOE,204.000,MwfJUdRQPbSNr9Io,208.000,2iset8PVX4jSTSEH,212.000,02xuA6TviChey6nJ,213.000,YHloJXirCx60SFnV,225.000,Nsmpq/og5cO95HwJ
9,85,2026-03-25T14:24:34.292Z,200.000,10,75.000,uT1RCshO88YMpxwE,77.000,Do8hC1pw172W9xvw,133.000,2N4uTfQs/yo3mBYi,182.000,MwfJUdRQPbSNr9Io,197.000,2iset8PVX4jSTSEH,198.000,obTLIQc2u6K1oipM,200.000,Nsmpq/og5cO95HwJ,202.000,Kxg/hrv/euEuhbOE,211.000,02xuA6TviChey6nJ,230.000,YHloJXirCx60SFnV
9,86,2026-03-25T14:24:34.492Z,199.000,10,79.000,uT1RCshO88YMpxwE,82.000,Do8hC1pw172W9xvw,146.000,2N4uTfQs/yo3mBYi,188.000,02xuA6TviChey6nJ,189.000,MwfJUdRQPbSNr9Io,192.000,2iset8PVX4jSTSEH,199.000,YHloJXirCx60SFnV,204.000,obTLIQc2u6K1oipM,206.000,Kxg/hrv/euEuhbOE,207.000,Nsmpq/og5cO95HwJ
9,87,2026-03-25T14:24:34.691Z,208.000,10,74.000,Do8hC1pw172W9xvw,82.000,uT1RCshO88YMpxwE,118.000,2N4uTfQs/yo3mBYi,194.000,MwfJUdRQPbSNr9Io,196.000,Kxg/hrv/euEuhbOE,197.000,obTLIQc2u6K1oipM,208.000,02xuA6TviChey6nJ,210.000,2iset8PVX4jSTSEH,213.000,YHloJXirCx60SFnV,215.000,Nsmpq/og5cO95HwJ
9,88,2026-03-25T14:24:34.899Z,196.000,10,70.000,Do8hC1pw172W9xvw,72.000,uT1RCshO88YMpxwE,143.000,2N4uTfQs/yo3mBYi,190.000,02xuA6TviChey6nJ,192.000,Kxg/hrv/euEuhbOE,194.000,2iset8PVX4jSTSEH,196.000,YHloJXirCx60SFnV,200.000,MwfJUdRQPbSNr9Io,210.000,obTLIQc2u6K1oipM,220.000,Nsmpq/og5cO95HwJ
9,89,2026-03-25T14:24:35.095Z,199.000,10,73.000,uT1RCshO88YMpxwE,112.000,Do8hC1pw172W9xvw,137.000,2N4uTfQs/yo3mBYi,191.000,Kxg/hrv/euEuhbOE,193.000,obTLIQc2u6K1oipM,197.000,YHloJXirCx60SFnV,198.000,MwfJUdRQPbSNr9Io,205.000,02xuA6TviChey6nJ,206.000,2iset8PVX4jSTSEH,208.000,Nsmpq/og5cO95HwJ
9,90,2026-03-25T14:24:35.294Z,210.000,10,80.000,uT1RCshO88YMpxwE,87.000,Do8hC1pw172W9xvw,153.000,2N4uTfQs/yo3mBYi,195.000,YHloJXirCx60SFnV,197.000,2iset8PVX4jSTSEH,203.000,MwfJUdRQPbSNr9Io,210.000,obTLIQc2u6K1oipM,212.000,Kxg/hrv/euEuhbOE,214.000,02xuA6TviChey6nJ,224.000,Nsmpq/og5cO95HwJ
9,91,2026-03-25T14:24:35.504Z,194.000,10,77.000,uT1RCshO88YMpxwE,84.000,Do8hC1pw172W9xvw,125.000,2N4uTfQs/yo3mBYi,182.000,obTLIQc2u6K1oipM,191.000,02xuA6TviChey6nJ,193.000,Kxg/hrv/euEuhbOE,194.000,MwfJUdRQPbSNr9Io,208.000,Nsmpq/og5cO95HwJ,229.000,YHloJXirCx60SFnV,232.000,2iset8PVX4jSTSEH
9,92,2026-03-25T14:24:35.698Z,205.000,10,90.000,uT1RCshO88YMpxwE,132.000,2N4uTfQs/yo3mBYi,179.000,obTLIQc2u6K1oipM,191.000,02xuA6TviChey6nJ,199.000,Kxg/hrv/euEuhbOE,201.000,Do8hC1pw172W9xvw,205.000,MwfJUdRQPbSNr9Io,208.000,YHloJXirCx60SFnV,220.000,2iset8PVX4jSTSEH,221.000,Nsmpq/og5cO95HwJ
9,93,2026-03-25T14:24:35.903Z,206.000,10,71.000,uT1RCshO88YMpxwE,149.000,2N4uTfQs/yo3mBYi,182.000,obTLIQc2u6K1oipM,187.000,Do8hC1pw172W9xvw,191.000,MwfJUdRQPbSNr9Io,197.000,Nsmpq/og5cO95HwJ,206.000,Kxg/hrv/euEuhbOE,207.000,YHloJXirCx60SFnV,212.000,2iset8PVX4jSTSEH,229.000,02xuA6TviChey6nJ
9,94,2026-03-25T14:24:36.109Z,194.000,10,69.000,uT1RCshO88YMpxwE,142.000,2N4uTfQs/yo3mBYi,175.000,obTLIQc2u6K1oipM,177.000,Nsmpq/og5cO95HwJ,186.000,Do8hC1pw172W9xvw,193.000,02xuA6TviChey6nJ,194.000,MwfJUdRQPbSNr9Io,195.000,Kxg/hrv/euEuhbOE,197.000,YHloJXirCx60SFnV,207.000,2iset8PVX4jSTSEH
9,95,2026-03-25T14:24:36.303Z,204.000,10,71.000,uT1RCshO88YMpxwE,110.000,2N4uTfQs/yo3mBYi,164.000,Do8hC1pw172W9xvw,195.000,Kxg/hrv/euEuhbOE,199.000,MwfJUdRQPbSNr9Io,202.000,Nsmpq/og5cO95HwJ,203.000,obTLIQc2u6K1oipM,207.000,02xuA6TviChey6nJ,215.000,2iset8PVX4jSTSEH,228.000,YHloJXirCx60SFnV
9,96,2026-03-25T14:24:36.507Z,198.000,10,79.000,uT1RCshO88YMpxwE,140.000,2N4uTfQs/yo3mBYi,147.000,Do8hC1pw172W9xvw,188.000,02xuA6TviChey6nJ,190.000,MwfJUdRQPbSNr9Io,191.000,2iset8PVX4jSTSEH,198.000,obTLIQc2u6K1oipM,203.000,Kxg/hrv/euEuhbOE,210.000,Nsmpq/og5cO95HwJ,212.000,YHloJXirCx60SFnV
9,97,2026-03-25T14:24:36.705Z,214.000,10,76.000,uT1RCshO88YMpxwE,161.000,2N4uTfQs/yo3mBYi,169.000,Do8hC1pw172W9xvw,195.000,Kxg/hrv/euEuhbOE,201.000,YHloJXirCx60SFnV,202.000,obTLIQc2u6K1oipM,213.000,02xuA6TviChey6nJ,219.000,Nsmpq/og5cO95HwJ,221.000,MwfJUdRQPbSNr9Io,227.000,2iset8PVX4jSTSEH
9,98,2026-03-25T14:24:36.919Z,195.000,10,77.000,uT1RCshO88YMpxwE,118.000,2N4uTfQs/yo3mBYi,164.000,Do8hC1pw172W9xvw,183.000,obTLIQc2u6K1oipM,185.000,Kxg/hrv/euEuhbOE,190.000,2iset8PVX4jSTSEH,195.000,MwfJUdRQPbSNr9Io,204.000,02xuA6TviChey6nJ,212.000,Nsmpq/og5cO95HwJ,227.000,YHloJXirCx60SFnV
9,99,2026-03-25T14:24:37.114Z,203.000,10,88.000,uT1RCshO88YMpxwE,144.000,2N4uTfQs/yo3mBYi,163.000,Do8hC1pw172W9xvw,195.000,MwfJUdRQPbSNr9Io,197.000,Nsmpq/og5cO95HwJ,202.000,Kxg/hrv/euEuhbOE,203.000,obTLIQc2u6K1oipM,204.000,2iset8PVX4jSTSEH,220.000,02xuA6TviChey6nJ,238.000,YHloJXirCx60SFnV
9,100,2026-03-25T14:24:37.317Z,204.000,10,82.000,uT1RCshO88YMpxwE,136.000,2N4uTfQs/yo3mBYi,154.000,Do8hC1pw172W9xvw,194.000,2iset8PVX4jSTSEH,197.000,Nsmpq/og5cO95HwJ,201.000,02xuA6TviChey6nJ,204.000,MwfJUdRQPbSNr9Io,215.000,obTLIQc2u6K1oipM,225.000,YHloJXirCx60SFnV,227.000,Kxg/hrv/euEuhbOE
9,101,2026-03-25T14:24:37.521Z,198.000,10,81.000,uT1RCshO88YMpxwE,138.000,2N4uTfQs/yo3mBYi,167.000,Do8hC1pw172W9xvw,183.000,2iset8PVX4jSTSEH,186.000,Nsmpq/og5cO95HwJ,194.000,02xuA6TviChey6nJ,197.000,obTLIQc2u6K1oipM,199.000,MwfJUdRQPbSNr9Io,208.000,Kxg/hrv/euEuhbOE,213.000,YHloJXirCx60SFnV
9,102,2026-03-25T14:24:37.719Z,204.000,10,82.000,uT1RCshO88YMpxwE,103.000,2N4uTfQs/yo3mBYi,185.000,Do8hC1pw172W9xvw,195.000,MwfJUdRQPbSNr9Io,196.000,Kxg/hrv/euEuhbOE,198.000,2iset8PVX4jSTSEH,204.000,Nsmpq/og5cO95HwJ,215.000,obTLIQc2u6K1oipM,220.000,02xuA6TviChey6nJ,224.000,YHloJXirCx60SFnV
9,103,2026-03-25T14:24:37.923Z,204.000,10,87.000,uT1RCshO88YMpxwE,155.000,2N4uTfQs/yo3mBYi,167.000,Do8hC1pw172W9xvw,180.000,MwfJUdRQPbSNr9Io,197.000,obTLIQc2u6K1oipM,203.000,Nsmpq/og5cO95HwJ,204.000,2iset8PVX4jSTSEH,207.000,Kxg/hrv/euEuhbOE,218.000,02xuA6TviChey6nJ,231.000,YHloJXirCx60SFnV
9,104,2026-03-25T14:24:38.127Z,205.000,10,79.000,uT1RCshO88YMpxwE,101.000,2N4uTfQs/yo3mBYi,172.000,Do8hC1pw172W9xvw,175.000,Nsmpq/og5cO95HwJ,188.000,MwfJUdRQPbSNr9Io,194.000,obTLIQc2u6K1oipM,205.000,2iset8PVX4jSTSEH,231.000,02xuA6TviChey6nJ,233.000,Kxg/hrv/euEuhbOE,237.000,YHloJXirCx60SFnV
9,105,2026-03-25T14:24:38.332Z,205.000,10,76.000,uT1RCshO88YMpxwE,127.000,2N4uTfQs/yo3mBYi,183.000,obTLIQc2u6K1oipM,184.000,2iset8PVX4jSTSEH,191.000,Nsmpq/og5cO95HwJ,200.000,MwfJUdRQPbSNr9Io,205.000,Kxg/hrv/euEuhbOE,242.000,02xuA6TviChey6nJ,267.000,Do8hC1pw172W9xvw,307.000,YHloJXirCx60SFnV
9,106,2026-03-25T14:24:38.537Z,203.000,10,79.000,uT1RCshO88YMpxwE,131.000,2N4uTfQs/yo3mBYi,181.000,Do8hC1pw172W9xvw,185.000,MwfJUdRQPbSNr9Io,197.000,obTLIQc2u6K1oipM,198.000,Nsmpq/og5cO95HwJ,202.000,YHloJXirCx60SFnV,204.000,2iset8PVX4jSTSEH,206.000,Kxg/hrv/euEuhbOE,239.000,02xuA6TviChey6nJ
9,107,2026-03-25T14:24:38.740Z,193.000,10,73.000,uT1RCshO88YMpxwE,100.000,2N4uTfQs/yo3mBYi,174.000,MwfJUdRQPbSNr9Io,177.000,Do8hC1pw172W9xvw,183.000,obTLIQc2u6K1oipM,187.000,2iset8PVX4jSTSEH,192.000,Kxg/hrv/euEuhbOE,198.000,Nsmpq/og5cO95HwJ,210.000,02xuA6TviChey6nJ,224.000,YHloJXirCx60SFnV
9,108,2026-03-25T14:24:38.933Z,205.000,10,79.000,uT1RCshO88YMpxwE,109.000,2N4uTfQs/yo3mBYi,147.000,Do8hC1pw172W9xvw,189.000,MwfJUdRQPbSNr9Io,190.000,2iset8PVX4jSTSEH,192.000,obTLIQc2u6K1oipM,205.000,Nsmpq/og5cO95HwJ,217.000,Kxg/hrv/euEuhbOE,232.000,YHloJXirCx60SFnV,233.000,02xuA6TviChey6nJ
9,109,2026-03-25T14:24:39.138Z,205.000,10,75.000,uT1RCshO88YMpxwE,116.000,2N4uTfQs/yo3mBYi,135.000,Do8hC1pw172W9xvw,180.000,MwfJUdRQPbSNr9Io,193.000,2iset8PVX4jSTSEH,197.000,Nsmpq/og5cO95HwJ,205.000,obTLIQc2u6K1oipM,219.000,Kxg/hrv/euEuhbOE,220.000,02xuA6TviChey6nJ,238.000,YHloJXirCx60SFnV
9,110,2026-03-25T14:24:39.343Z,204.000,10,79.000,uT1RCshO88YMpxwE,137.000,2N4uTfQs/yo3mBYi,162.000,Do8hC1pw172W9xvw,176.000,obTLIQc2u6K1oipM,182.000,MwfJUdRQPbSNr9Io,198.000,Kxg/hrv/euEuhbOE,204.000,Nsmpq/og5cO95HwJ,217.000,2iset8PVX4jSTSEH,225.000,02xuA6TviChey6nJ,229.000,YHloJXirCx60SFnV
9,111,2026-03-25T14:24:39.547Z,198.000,10,63.000,uT1RCshO88YMpxwE,137.000,2N4uTfQs/yo3mBYi,163.000,Do8hC1pw172W9xvw,179.000,obTLIQc2u6K1oipM,183.000,Nsmpq/og5cO95HwJ,193.000,MwfJUdRQPbSNr9Io,198.000,YHloJXirCx60SFnV,200.000,Kxg/hrv/euEuhbOE,237.000,2iset8PVX4jSTSEH,245.000,02xuA6TviChey6nJ
9,112,2026-03-25T14:24:39.745Z,196.000,10,68.000,uT1RCshO88YMpxwE,140.000,2N4uTfQs/yo3mBYi,149.000,Do8hC1pw172W9xvw,165.000,MwfJUdRQPbSNr9Io,174.000,Nsmpq/og5cO95HwJ,182.000,obTLIQc2u6K1oipM,196.000,YHloJXirCx60SFnV,197.000,Kxg/hrv/euEuhbOE,241.000,2iset8PVX4jSTSEH,243.000,02xuA6TviChey6nJ
9,113,2026-03-25T14:24:39.941Z,225.000,10,72.000,uT1RCshO88YMpxwE,129.000,2N4uTfQs/yo3mBYi,133.000,Do8hC1pw172W9xvw,221.000,MwfJUdRQPbSNr9Io,222.000,YHloJXirCx60SFnV,223.000,Nsmpq/og5cO95HwJ,225.000,obTLIQc2u6K1oipM,226.000,Kxg/hrv/euEuhbOE,241.000,2iset8PVX4jSTSEH,330.000,02xuA6TviChey6nJ
9,114,2026-03-25T14:24:40.166Z,174.000,10,53.000,uT1RCshO88YMpxwE,112.000,Do8hC1pw172W9xvw,118.000,2N4uTfQs/yo3mBYi,162.000,obTLIQc2u6K1oipM,164.000,Nsmpq/og5cO95HwJ,166.000,MwfJUdRQPbSNr9Io,174.000,Kxg/hrv/euEuhbOE,195.000,YHloJXirCx60SFnV,218.000,2iset8PVX4jSTSEH,230.000,02xuA6TviChey6nJ
9,115,2026-03-25T14:24:40.340Z,209.000,10,90.000,uT1RCshO88YMpxwE,158.000,2N4uTfQs/yo3mBYi,161.000,Do8hC1pw172W9xvw,171.000,Nsmpq/og5cO95HwJ,200.000,Kxg/hrv/euEuhbOE,203.000,obTLIQc2u6K1oipM,209.000,YHloJXirCx60SFnV,210.000,MwfJUdRQPbSNr9Io,247.000,2iset8PVX4jSTSEH,260.000,02xuA6TviChey6nJ
9,116,2026-03-25T14:24:40.549Z,201.000,10,68.000,uT1RCshO88YMpxwE,132.000,Do8hC1pw172W9xvw,157.000,2N4uTfQs/yo3mBYi,177.000,MwfJUdRQPbSNr9Io,181.000,obTLIQc2u6K1oipM,197.000,Kxg/hrv/euEuhbOE,201.000,Nsmpq/og5cO95HwJ,210.000,YHloJXirCx60SFnV,226.000,02xuA6TviChey6nJ,230.000,2iset8PVX4jSTSEH
9,117,2026-03-25T14:24:40.750Z,213.000,10,68.000,uT1RCshO88YMpxwE,152.000,2N4uTfQs/yo3mBYi,160.000,Do8hC1pw172W9xvw,165.000,MwfJUdRQPbSNr9Io,185.000,obTLIQc2u6K1oipM,190.000,Nsmpq/og5cO95HwJ,213.000,YHloJXirCx60SFnV,231.000,Kxg/hrv/euEuhbOE,241.000,2iset8PVX4jSTSEH,247.000,02xuA6TviChey6nJ
9,118,2026-03-25T14:24:40.963Z,179.000,10,68.000,uT1RCshO88YMpxwE,121.000,2N4uTfQs/yo3mBYi,145.000,Do8hC1pw172W9xvw,175.000,Kxg/hrv/euEuhbOE,176.000,obTLIQc2u6K1oipM,178.000,Nsmpq/og5cO95HwJ,179.000,MwfJUdRQPbSNr9Io,199.000,YHloJXirCx60SFnV,208.000,2iset8PVX4jSTSEH,239.000,02xuA6TviChey6nJ
9,119,2026-03-25T14:24:41.142Z,221.000,10,79.000,uT1RCshO88YMpxwE,140.000,2N4uTfQs/yo3mBYi,157.000,Do8hC1pw172W9xvw,217.000,Nsmpq/og5cO95HwJ,218.000,obTLIQc2u6K1oipM,219.000,Kxg/hrv/euEuhbOE,221.000,MwfJUdRQPbSNr9Io,239.000,YHloJXirCx60SFnV,258.000,2iset8PVX4jSTSEH,272.000,02xuA6TviChey6nJ
9,120,2026-03-25T14:24:41.363Z,199.000,10,68.000,uT1RCshO88YMpxwE,102.000,2N4uTfQs/yo3mBYi,154.000,Do8hC1pw172W9xvw,170.000,obTLIQc2u6K1oipM,174.000,MwfJUdRQPbSNr9Io,178.000,Kxg/hrv/euEuhbOE,199.000,Nsmpq/og5cO95HwJ,203.000,YHloJXirCx60SFnV,239.000,2iset8PVX4jSTSEH,245.000,02xuA6TviChey6nJ
9,121,2026-03-25T14:24:41.562Z,195.000,10,68.000,uT1RCshO88YMpxwE,155.000,Do8hC1pw172W9xvw,158.000,MwfJUdRQPbSNr9Io,166.000,Nsmpq/og5cO95HwJ,173.000,2N4uTfQs/yo3mBYi,175.000,obTLIQc2u6K1oipM,195.000,Kxg/hrv/euEuhbOE,230.000,02xuA6TviChey6nJ,233.000,YHloJXirCx60SFnV,234.000,2iset8PVX4jSTSEH
9,122,2026-03-25T14:24:41.757Z,191.000,10,78.000,uT1RCshO88YMpxwE,145.000,Do8hC1pw172W9xvw,148.000,2N4uTfQs/yo3mBYi,174.000,obTLIQc2u6K1oipM,182.000,MwfJUdRQPbSNr9Io,188.000,Nsmpq/og5cO95HwJ,191.000,Kxg/hrv/euEuhbOE,202.000,YHloJXirCx60SFnV,235.000,02xuA6TviChey6nJ,242.000,2iset8PVX4jSTSEH
9,123,2026-03-25T14:24:41.948Z,206.000,10,82.000,uT1RCshO88YMpxwE,131.000,2N4uTfQs/yo3mBYi,169.000,Do8hC1pw172W9xvw,195.000,obTLIQc2u6K1oipM,200.000,Nsmpq/og5cO95HwJ,203.000,MwfJUdRQPbSNr9Io,206.000,Kxg/hrv/euEuhbOE,212.000,YHloJXirCx60SFnV,253.000,02xuA6TviChey6nJ,254.000,2iset8PVX4jSTSEH
9,124,2026-03-25T14:24:42.154Z,240.000,10,83.000,uT1RCshO88YMpxwE,136.000,2N4uTfQs/yo3mBYi,176.000,Do8hC1pw172W9xvw,205.000,obTLIQc2u6K1oipM,224.000,MwfJUdRQPbSNr9Io,237.000,02xuA6TviChey6nJ,240.000,YHloJXirCx60SFnV,241.000,Kxg/hrv/euEuhbOE,252.000,Nsmpq/og5cO95HwJ,333.000,2iset8PVX4jSTSEH
9,125,2026-03-25T14:24:42.394Z,189.000,9,56.000,uT1RCshO88YMpxwE,82.000,2N4uTfQs/yo3mBYi,119.000,Do8hC1pw172W9xvw,156.000,Kxg/hrv/euEuhbOE,158.000,MwfJUdRQPbSNr9Io,159.000,obTLIQc2u6K1oipM,189.000,YHloJXirCx60SFnV,191.000,Nsmpq/og5cO95HwJ,214.000,02xuA6TviChey6nJ,,
9,126,2026-03-25T14:24:42.583Z,170.000,10,63.000,uT1RCshO88YMpxwE,110.000,2iset8PVX4jSTSEH,138.000,2N4uTfQs/yo3mBYi,149.000,Do8hC1pw172W9xvw,161.000,MwfJUdRQPbSNr9Io,169.000,YHloJXirCx60SFnV,170.000,Kxg/hrv/euEuhbOE,171.000,obTLIQc2u6K1oipM,216.000,02xuA6TviChey6nJ,220.000,Nsmpq/og5cO95HwJ
9,127,2026-03-25T14:24:42.753Z,200.000,10,95.000,uT1RCshO88YMpxwE,117.000,2N4uTfQs/yo3mBYi,145.000,2iset8PVX4jSTSEH,180.000,MwfJUdRQPbSNr9Io,194.000,Do8hC1pw172W9xvw,196.000,obTLIQc2u6K1oipM,200.000,Kxg/hrv/euEuhbOE,209.000,YHloJXirCx60SFnV,259.000,02xuA6TviChey6nJ,280.000,Nsmpq/og5cO95HwJ
9,128,2026-03-25T14:24:42.953Z,195.000,10,100.000,uT1RCshO88YMpxwE,137.000,2N4uTfQs/yo3mBYi,146.000,2iset8PVX4jSTSEH,168.000,Do8hC1pw172W9xvw,181.000,YHloJXirCx60SFnV,186.000,obTLIQc2u6K1oipM,195.000,MwfJUdRQPbSNr9Io,205.000,Kxg/hrv/euEuhbOE,249.000,Nsmpq/og5cO95HwJ,253.000,02xuA6TviChey6nJ
9,129,2026-03-25T14:24:43.148Z,212.000,10,101.000,uT1RCshO88YMpxwE,139.000,2N4uTfQs/yo3mBYi,178.000,Do8hC1pw172W9xvw,179.000,2iset8PVX4jSTSEH,200.000,MwfJUdRQPbSNr9Io,202.000,obTLIQc2u6K1oipM,212.000,Kxg/hrv/euEuhbOE,215.000,YHloJXirCx60SFnV,267.000,Nsmpq/og5cO95HwJ,276.000,02xuA6TviChey6nJ
9,130,2026-03-25T14:24:43.360Z,201.000,10,102.000,uT1RCshO88YMpxwE,158.000,Do8hC1pw172W9xvw,159.000,2N4uTfQs/yo3mBYi,178.000,2iset8PVX4jSTSEH,188.000,MwfJUdRQPbSNr9Io,196.000,Kxg/hrv/euEuhbOE,201.000,obTLIQc2u6K1oipM,236.000,YHloJXirCx60SFnV,245.000,02xuA6TviChey6nJ,258.000,Nsmpq/og5cO95HwJ
9,131,2026-03-25T14:24:43.561Z,197.000,10,102.000,uT1RCshO88YMpxwE,135.000,2iset8PVX4jSTSEH,151.000,2N4uTfQs/yo3mBYi,161.000,Do8hC1pw172W9xvw,191.000,MwfJUdRQPbSNr9Io,195.000,obTLIQc2u6K1oipM,197.000,Kxg/hrv/euEuhbOE,229.000,02xuA6TviChey6nJ,235.000,YHloJXirCx60SFnV,251.000,Nsmpq/og5cO95HwJ
9,132,2026-03-25T14:24:43.758Z,225.000,10,105.000,uT1RCshO88YMpxwE,158.000,2iset8PVX4jSTSEH,178.000,2N4uTfQs/yo3mBYi,187.000,Do8hC1pw172W9xvw,194.000,obTLIQc2u6K1oipM,207.000,MwfJUdRQPbSNr9Io,225.000,YHloJXirCx60SFnV,228.000,02xuA6TviChey6nJ,242.000,Nsmpq/og5cO95HwJ,255.000,Kxg/hrv/euEuhbOE
9,133,2026-03-25T14:24:43.983Z,187.000,10,84.000,uT1RCshO88YMpxwE,115.000,2N4uTfQs/yo3mBYi,126.000,2iset8PVX4jSTSEH,136.000,Do8hC1pw172W9xvw,169.000,MwfJUdRQPbSNr9Io,178.000,obTLIQc2u6K1oipM,187.000,Kxg/hrv/euEuhbOE,206.000,YHloJXirCx60SFnV,229.000,02xuA6TviChey6nJ,255.000,Nsmpq/og5cO95HwJ
9,134,2026-03-25T14:24:44.170Z,203.000,10,114.000,uT1RCshO88YMpxwE,130.000,2N4uTfQs/yo3mBYi,145.000,Do8hC1pw172W9xvw,169.000,2iset8PVX4jSTSEH,198.000,obTLIQc2u6K1oipM,199.000,Kxg/hrv/euEuhbOE,202.000,MwfJUdRQPbSNr9Io,204.000,YHloJXirCx60SFnV,253.000,Nsmpq/og5cO95HwJ,336.000,02xuA6TviChey6nJ
9,135,2026-03-25T14:24:44.373Z,194.000,9,97.000,uT1RCshO88YMpxwE,139.000,2N4uTfQs/yo3mBYi,162.000,2iset8PVX4jSTSEH,172.000,Do8hC1pw172W9xvw,191.000,MwfJUdRQPbSNr9Io,192.000,obTLIQc2u6K1oipM,193.000,Kxg/hrv/euEuhbOE,199.000,YHloJXirCx60SFnV,251.000,Nsmpq/og5cO95HwJ,,
9,136,2026-03-25T14:24:44.567Z,194.000,10,101.000,uT1RCshO88YMpxwE,157.000,2iset8PVX4jSTSEH,158.000,2N4uTfQs/yo3mBYi,159.000,02xuA6TviChey6nJ,188.000,Do8hC1pw172W9xvw,189.000,obTLIQc2u6K1oipM,194.000,MwfJUdRQPbSNr9Io,197.000,Kxg/hrv/euEuhbOE,199.000,YHloJXirCx60SFnV,259.000,Nsmpq/og5cO95HwJ
9,137,2026-03-25T14:24:44.761Z,206.000,10,107.000,uT1RCshO88YMpxwE,134.000,2iset8PVX4jSTSEH,144.000,02xuA6TviChey6nJ,158.000,2N4uTfQs/yo3mBYi,168.000,Do8hC1pw172W9xvw,202.000,MwfJUdRQPbSNr9Io,206.000,Kxg/hrv/euEuhbOE,208.000,YHloJXirCx60SFnV,212.000,obTLIQc2u6K1oipM,272.000,Nsmpq/og5cO95HwJ
9,138,2026-03-25T14:24:44.967Z,206.000,10,113.000,uT1RCshO88YMpxwE,158.000,Do8hC1pw172W9xvw,170.000,2iset8PVX4jSTSEH,174.000,2N4uTfQs/yo3mBYi,175.000,02xuA6TviChey6nJ,198.000,obTLIQc2u6K1oipM,206.000,MwfJUdRQPbSNr9Io,210.000,Kxg/hrv/euEuhbOE,228.000,YHloJXirCx60SFnV,272.000,Nsmpq/og5cO95HwJ
9,139,2026-03-25T14:24:45.173Z,194.000,10,109.000,uT1RCshO88YMpxwE,116.000,2iset8PVX4jSTSEH,118.000,2N4uTfQs/yo3mBYi,146.000,02xuA6TviChey6nJ,178.000,Do8hC1pw172W9xvw,190.000,MwfJUdRQPbSNr9Io,194.000,obTLIQc2u6K1oipM,202.000,Kxg/hrv/euEuhbOE,214.000,YHloJXirCx60SFnV,234.000,Nsmpq/og5cO95HwJ
9,140,2026-03-25T14:24:45.367Z,204.000,10,112.000,uT1RCshO88YMpxwE,155.000,2N4uTfQs/yo3mBYi,158.000,02xuA6TviChey6nJ,180.000,2iset8PVX4jSTSEH,184.000,Do8hC1pw172W9xvw,200.000,MwfJUdRQPbSNr9Io,203.000,obTLIQc2u6K1oipM,209.000,Kxg/hrv/euEuhbOE,226.000,YHloJXirCx60SFnV,281.000,Nsmpq/og5cO95HwJ
9,141,2026-03-25T14:24:45.571Z,207.000,10,108.000,uT1RCshO88YMpxwE,133.000,02xuA6TviChey6nJ,151.000,2N4uTfQs/yo3mBYi,166.000,Do8hC1pw172W9xvw,174.000,2iset8PVX4jSTSEH,201.000,MwfJUdRQPbSNr9Io,207.000,obTLIQc2u6K1oipM,208.000,Kxg/hrv/euEuhbOE,212.000,YHloJXirCx60SFnV,251.000,Nsmpq/og5cO95HwJ
9,142,2026-03-25T14:24:45.778Z,198.000,10,104.000,uT1RCshO88YMpxwE,108.000,02xuA6TviChey6nJ,143.000,2iset8PVX4jSTSEH,152.000,2N4uTfQs/yo3mBYi,175.000,Do8hC1pw172W9xvw,195.000,obTLIQc2u6K1oipM,198.000,YHloJXirCx60SFnV,204.000,MwfJUdRQPbSNr9Io,209.000,Kxg/hrv/euEuhbOE,271.000,Nsmpq/og5cO95HwJ
9,143,2026-03-25T14:24:45.976Z,201.000,9,112.000,uT1RCshO88YMpxwE,127.000,2iset8PVX4jSTSEH,149.000,02xuA6TviChey6nJ,164.000,2N4uTfQs/yo3mBYi,171.000,Do8hC1pw172W9xvw,187.000,MwfJUdRQPbSNr9Io,190.000,YHloJXirCx60SFnV,202.000,obTLIQc2u6K1oipM,203.000,Kxg/hrv/euEuhbOE,,
9,144,2026-03-25T14:24:46.177Z,192.000,10,80.000,Nsmpq/og5cO95HwJ,111.000,uT1RCshO88YMpxwE,134.000,2N4uTfQs/yo3mBYi,148.000,2iset8PVX4jSTSEH,151.000,02xuA6TviChey6nJ,177.000,Do8hC1pw172W9xvw,192.000,YHloJXirCx60SFnV,193.000,obTLIQc2u6K1oipM,199.000,Kxg/hrv/euEuhbOE,214.000,MwfJUdRQPbSNr9Io
9,145,2026-03-25T14:24:46.369Z,201.000,10,83.000,Nsmpq/og5cO95HwJ,118.000,uT1RCshO88YMpxwE,160.000,02xuA6TviChey6nJ,166.000,2N4uTfQs/yo3mBYi,186.000,Do8hC1pw172W9xvw,191.000,2iset8PVX4jSTSEH,201.000,obTLIQc2u6K1oipM,203.000,MwfJUdRQPbSNr9Io,211.000,Kxg/hrv/euEuhbOE,270.000,YHloJXirCx60SFnV
9,146,2026-03-25T14:24:46.570Z,209.000,10,115.000,uT1RCshO88YMpxwE,135.000,Nsmpq/og5cO95HwJ,154.000,2iset8PVX4jSTSEH,157.000,02xuA6TviChey6nJ,164.000,2N4uTfQs/yo3mBYi,207.000,obTLIQc2u6K1oipM,209.000,Kxg/hrv/euEuhbOE,210.000,MwfJUdRQPbSNr9Io,221.000,YHloJXirCx60SFnV,222.000,Do8hC1pw172W9xvw
9,147,2026-03-25T14:24:46.779Z,198.000,10,85.000,Nsmpq/og5cO95HwJ,105.000,02xuA6TviChey6nJ,127.000,uT1RCshO88YMpxwE,159.000,2iset8PVX4jSTSEH,169.000,2N4uTfQs/yo3mBYi,191.000,obTLIQc2u6K1oipM,197.000,Do8hC1pw172W9xvw,208.000,MwfJUdRQPbSNr9Io,210.000,YHloJXirCx60SFnV,212.000,Kxg/hrv/euEuhbOE
9,148,2026-03-25T14:24:46.977Z,207.000,10,94.000,Nsmpq/og5cO95HwJ,115.000,uT1RCshO88YMpxwE,141.000,2N4uTfQs/yo3mBYi,149.000,2iset8PVX4jSTSEH,160.000,02xuA6TviChey6nJ,193.000,Kxg/hrv/euEuhbOE,207.000,YHloJXirCx60SFnV,208.000,obTLIQc2u6K1oipM,209.000,Do8hC1pw172W9xvw,211.000,MwfJUdRQPbSNr9Io
9,149,2026-03-25T14:24:47.184Z,194.000,10,73.000,Nsmpq/og5cO95HwJ,103.000,uT1RCshO88YMpxwE,132.000,2iset8PVX4jSTSEH,142.000,2N4uTfQs/yo3mBYi,160.000,02xuA6TviChey6nJ,192.000,obTLIQc2u6K1oipM,194.000,Do8hC1pw172W9xvw,197.000,Kxg/hrv/euEuhbOE,200.000,MwfJUdRQPbSNr9Io,249.000,YHloJXirCx60SFnV
9,150,2026-03-25T14:24:47.378Z,203.000,10,90.000,Nsmpq/og5cO95HwJ,111.000,uT1RCshO88YMpxwE,154.000,2N4uTfQs/yo3mBYi,182.000,02xuA6TviChey6nJ,183.000,2iset8PVX4jSTSEH,202.000,obTLIQc2u6K1oipM,203.000,Kxg/hrv/euEuhbOE,212.000,MwfJUdRQPbSNr9Io,214.000,Do8hC1pw172W9xvw,216.000,YHloJXirCx60SFnV
9,151,2026-03-25T14:24:47.581Z,200.000,10,97.000,Nsmpq/og5cO95HwJ,114.000,02xuA6TviChey6nJ,123.000,uT1RCshO88YMpxwE,154.000,2N4uTfQs/yo3mBYi,177.000,2iset8PVX4jSTSEH,199.000,obTLIQc2u6K1oipM,200.000,Do8hC1pw172W9xvw,213.000,Kxg/hrv/euEuhbOE,214.000,YHloJXirCx60SFnV,232.000,MwfJUdRQPbSNr9Io
9,152,2026-03-25T14:24:47.781Z,213.000,10,109.000,Nsmpq/og5cO95HwJ,125.000,02xuA6TviChey6nJ,126.000,uT1RCshO88YMpxwE,156.000,2N4uTfQs/yo3mBYi,174.000,2iset8PVX4jSTSEH,202.000,obTLIQc2u6K1oipM,213.000,MwfJUdRQPbSNr9Io,214.000,Do8hC1pw172W9xvw,221.000,YHloJXirCx60SFnV,232.000,Kxg/hrv/euEuhbOE
9,153,2026-03-25T14:24:47.994Z,194.000,10,99.000,02xuA6TviChey6nJ,106.000,Nsmpq/og5cO95HwJ,113.000,uT1RCshO88YMpxwE,136.000,2iset8PVX4jSTSEH,144.000,2N4uTfQs/yo3mBYi,190.000,MwfJUdRQPbSNr9Io,194.000,Do8hC1pw172W9xvw,195.000,obTLIQc2u6K1oipM,205.000,YHloJXirCx60SFnV,206.000,Kxg/hrv/euEuhbOE
9,154,2026-03-25T14:24:48.188Z,201.000,10,96.000,Nsmpq/og5cO95HwJ,108.000,02xuA6TviChey6nJ,116.000,uT1RCshO88YMpxwE,135.000,2N4uTfQs/yo3mBYi,190.000,obTLIQc2u6K1oipM,198.000,2iset8PVX4jSTSEH,201.000,Do8hC1pw172W9xvw,203.000,MwfJUdRQPbSNr9Io,207.000,Kxg/hrv/euEuhbOE,209.000,YHloJXirCx60SFnV
9,155,2026-03-25T14:24:48.389Z,206.000,10,106.000,Nsmpq/og5cO95HwJ,117.000,02xuA6TviChey6nJ,119.000,uT1RCshO88YMpxwE,134.000,2N4uTfQs/yo3mBYi,144.000,2iset8PVX4jSTSEH,187.000,obTLIQc2u6K1oipM,206.000,Kxg/hrv/euEuhbOE,210.000,MwfJUdRQPbSNr9Io,222.000,YHloJXirCx60SFnV,224.000,Do8hC1pw172W9xvw
9,156,2026-03-25T14:24:48.595Z,203.000,10,100.000,Nsmpq/og5cO95HwJ,108.000,02xuA6TviChey6nJ,120.000,uT1RCshO88YMpxwE,128.000,2N4uTfQs/yo3mBYi,154.000,2iset8PVX4jSTSEH,201.000,MwfJUdRQPbSNr9Io,203.000,Kxg/hrv/euEuhbOE,204.000,YHloJXirCx60SFnV,206.000,Do8hC1pw172W9xvw,249.000,obTLIQc2u6K1oipM
9,157,2026-03-25T14:24:48.798Z,200.000,10,101.000,02xuA6TviChey6nJ,106.000,Nsmpq/og5cO95HwJ,113.000,uT1RCshO88YMpxwE,142.000,2iset8PVX4jSTSEH,146.000,2N4uTfQs/yo3mBYi,180.000,MwfJUdRQPbSNr9Io,200.000,Do8hC1pw172W9xvw,203.000,YHloJXirCx60SFnV,218.000,Kxg/hrv/euEuhbOE,242.000,obTLIQc2u6K1oipM
9,158,2026-03-25T14:24:48.998Z,194.000,10,108.000,Nsmpq/og5cO95HwJ,109.000,02xuA6TviChey6nJ,118.000,2N4uTfQs/yo3mBYi,120.000,uT1RCshO88YMpxwE,151.000,2iset8PVX4jSTSEH,191.000,Do8hC1pw172W9xvw,193.000,MwfJUdRQPbSNr9Io,203.000,Kxg/hrv/euEuhbOE,212.000,YHloJXirCx60SFnV,252.000,obTLIQc2u6K1oipM
9,159,2026-03-25T14:24:49.192Z,193.000,10,116.000,Nsmpq/og5cO95HwJ,117.000,02xuA6TviChey6nJ,123.000,uT1RCshO88YMpxwE,137.000,2iset8PVX4jSTSEH,162.000,2N4uTfQs/yo3mBYi,192.000,Do8hC1pw172W9xvw,193.000,Kxg/hrv/euEuhbOE,199.000,MwfJUdRQPbSNr9Io,217.000,YHloJXirCx60SFnV,260.000,obTLIQc2u6K1oipM
9,160,2026-03-25T14:24:49.385Z,212.000,10,115.000,02xuA6TviChey6nJ,124.000,Nsmpq/og5cO95HwJ,131.000,uT1RCshO88YMpxwE,160.000,2N4uTfQs/yo3mBYi,181.000,2iset8PVX4jSTSEH,207.000,Do8hC1pw172W9xvw,212.000,Kxg/hrv/euEuhbOE,213.000,MwfJUdRQPbSNr9Io,220.000,YHloJXirCx60SFnV,257.000,obTLIQc2u6K1oipM
9,161,2026-03-25T14:24:49.597Z,209.000,10,89.000,Nsmpq/og5cO95HwJ,123.000,uT1RCshO88YMpxwE,163.000,2N4uTfQs/yo3mBYi,173.000,2iset8PVX4jSTSEH,203.000,Kxg/hrv/euEuhbOE,204.000,MwfJUdRQPbSNr9Io,209.000,Do8hC1pw172W9xvw,217.000,YHloJXirCx60SFnV,228.000,02xuA6TviChey6nJ,268.000,obTLIQc2u6K1oipM
9,162,2026-03-25T14:24:49.806Z,196.000,10,113.000,Nsmpq/og5cO95HwJ,114.000,uT1RCshO88YMpxwE,133.000,2iset8PVX4jSTSEH,143.000,2N4uTfQs/yo3mBYi,150.000,02xuA6TviChey6nJ,192.000,Kxg/hrv/euEuhbOE,195.000,YHloJXirCx60SFnV,197.000,MwfJUdRQPbSNr9Io,199.000,Do8hC1pw172W9xvw,253.000,obTLIQc2u6K1oipM
9,163,2026-03-25T14:24:50.002Z,207.000,10,108.000,02xuA6TviChey6nJ,122.000,uT1RCshO88YMpxwE,136.000,Nsmpq/og5cO95HwJ,189.000,2iset8PVX4jSTSEH,199.000,MwfJUdRQPbSNr9Io,204.000,Do8hC1pw172W9xvw,206.000,2N4uTfQs/yo3mBYi,209.000,YHloJXirCx60SFnV,211.000,Kxg/hrv/euEuhbOE,260.000,obTLIQc2u6K1oipM
9,164,2026-03-25T14:24:50.209Z,199.000,10,90.000,Nsmpq/og5cO95HwJ,101.000,02xuA6TviChey6nJ,112.000,uT1RCshO88YMpxwE,144.000,2iset8PVX4jSTSEH,189.000,Do8hC1pw172W9xvw,191.000,2N4uTfQs/yo3mBYi,199.000,Kxg/hrv/euEuhbOE,200.000,YHloJXirCx60SFnV,226.000,MwfJUdRQPbSNr9Io,241.000,obTLIQc2u6K1oipM
9,165,2026-03-25T14:24:50.408Z,197.000,10,104.000,Nsmpq/og5cO95HwJ,107.000,uT1RCshO88YMpxwE,110.000,02xuA6TviChey6nJ,136.000,2iset8PVX4jSTSEH,181.000,2N4uTfQs/yo3mBYi,193.000,MwfJUdRQPbSNr9Io,197.000,Kxg/hrv/euEuhbOE,206.000,YHloJXirCx60SFnV,231.000,Do8hC1pw172W9xvw,249.000,obTLIQc2u6K1oipM
9,166,2026-03-25T14:24:50.605Z,205.000,10,102.000,Nsmpq/og5cO95HwJ,103.000,02xuA6TviChey6nJ,120.000,uT1RCshO88YMpxwE,141.000,2iset8PVX4jSTSEH,187.000,2N4uTfQs/yo3mBYi,194.000,Do8hC1pw172W9xvw,205.000,MwfJUdRQPbSNr9Io,209.000,YHloJXirCx60SFnV,210.000,Kxg/hrv/euEuhbOE,242.000,obTLIQc2u6K1oipM
9,167,2026-03-25T14:24:50.810Z,203.000,10,113.000,02xuA6TviChey6nJ,117.000,uT1RCshO88YMpxwE,127.000,Nsmpq/og5cO95HwJ,177.000,2N4uTfQs/yo3mBYi,182.000,2iset8PVX4jSTSEH,201.000,Do8hC1pw172W9xvw,203.000,MwfJUdRQPbSNr9Io,210.000,YHloJXirCx60SFnV,215.000,Kxg/hrv/euEuhbOE,251.000,obTLIQc2u6K1oipM
9,168,2026-03-25T14:24:51.013Z,197.000,10,104.000,02xuA6TviChey6nJ,106.000,Nsmpq/og5cO95HwJ,110.000,uT1RCshO88YMpxwE,185.000,2iset8PVX4jSTSEH,189.000,Kxg/hrv/euEuhbOE,191.000,YHloJXirCx60SFnV,197.000,MwfJUdRQPbSNr9Io,198.000,2N4uTfQs/yo3mBYi,206.000,Do8hC1pw172W9xvw,238.000,obTLIQc2u6K1oipM
9,169,2026-03-25T14:24:51.210Z,198.000,10,96.000,Nsmpq/og5cO95HwJ,102.000,02xuA6TviChey6nJ,118.000,uT1RCshO88YMpxwE,163.000,2iset8PVX4jSTSEH,181.000,2N4uTfQs/yo3mBYi,195.000,Do8hC1pw172W9xvw,198.000,YHloJXirCx60SFnV,200.000,Kxg/hrv/euEuhbOE,207.000,MwfJUdRQPbSNr9Io,253.000,obTLIQc2u6K1oipM
9,170,2026-03-25T14:24:51.408Z,201.000,10,88.000,Nsmpq/og5cO95HwJ,114.000,uT1RCshO88YMpxwE,137.000,2iset8PVX4jSTSEH,142.000,02xuA6TviChey6nJ,184.000,2N4uTfQs/yo3mBYi,193.000,Do8hC1pw172W9xvw,201.000,MwfJUdRQPbSNr9Io,208.000,Kxg/hrv/euEuhbOE,225.000,YHloJXirCx60SFnV,240.000,obTLIQc2u6K1oipM
9,171,2026-03-25T14:24:51.609Z,206.000,10,101.000,Nsmpq/og5cO95HwJ,121.000,02xuA6TviChey6nJ,130.000,uT1RCshO88YMpxwE,159.000,2iset8PVX4jSTSEH,186.000,2N4uTfQs/yo3mBYi,203.000,YHloJXirCx60SFnV,206.000,Do8hC1pw172W9xvw,219.000,MwfJUdRQPbSNr9Io,222.000,Kxg/hrv/euEuhbOE,255.000,obTLIQc2u6K1oipM
9,172,2026-03-25T14:24:51.815Z,190.000,10,94.000,Nsmpq/og5cO95HwJ,108.000,uT1RCshO88YMpxwE,138.000,2iset8PVX4jSTSEH,153.000,02xuA6TviChey6nJ,185.000,2N4uTfQs/yo3mBYi,188.000,Kxg/hrv/euEuhbOE,190.000,Do8hC1pw172W9xvw,205.000,MwfJUdRQPbSNr9Io,246.000,obTLIQc2u6K1oipM,250.000,YHloJXirCx60SFnV
9,173,2026-03-25T14:24:52.005Z,215.000,10,112.000,02xuA6TviChey6nJ,113.000,Nsmpq/og5cO95HwJ,126.000,uT1RCshO88YMpxwE,162.000,2iset8PVX4jSTSEH,200.000,2N4uTfQs/yo3mBYi,204.000,Do8hC1pw172W9xvw,214.000,Kxg/hrv/euEuhbOE,231.000,MwfJUdRQPbSNr9Io,242.000,YHloJXirCx60SFnV,257.000,obTLIQc2u6K1oipM
9,174,2026-03-25T14:24:52.220Z,196.000,10,90.000,Nsmpq/og5cO95HwJ,104.000,02xuA6TviChey6nJ,110.000,uT1RCshO88YMpxwE,161.000,2iset8PVX4jSTSEH,185.000,2N4uTfQs/yo3mBYi,194.000,MwfJUdRQPbSNr9Io,196.000,Do8hC1pw172W9xvw,201.000,Kxg/hrv/euEuhbOE,210.000,YHloJXirCx60SFnV,238.000,obTLIQc2u6K1oipM
9,175,2026-03-25T14:24:52.416Z,198.000,10,103.000,Nsmpq/og5cO95HwJ,113.000,02xuA6TviChey6nJ,117.000,uT1RCshO88YMpxwE,161.000,2iset8PVX4jSTSEH,167.000,2N4uTfQs/yo3mBYi,195.000,Do8hC1pw172W9xvw,197.000,Kxg/hrv/euEuhbOE,198.000,MwfJUdRQPbSNr9Io,217.000,YHloJXirCx60SFnV,261.000,obTLIQc2u6K1oipM
9,176,2026-03-25T14:24:52.614Z,194.000,10,107.000,Nsmpq/og5cO95HwJ,116.000,uT1RCshO88YMpxwE,117.000,02xuA6TviChey6nJ,149.000,2iset8PVX4jSTSEH,166.000,2N4uTfQs/yo3mBYi,192.000,MwfJUdRQPbSNr9Io,194.000,Kxg/hrv/euEuhbOE,208.000,YHloJXirCx60SFnV,209.000,Do8hC1pw172W9xvw,253.000,obTLIQc2u6K1oipM
9,177,2026-03-25T14:24:52.808Z,205.000,10,103.000,Nsmpq/og5cO95HwJ,131.000,uT1RCshO88YMpxwE,161.000,02xuA6TviChey6nJ,163.000,2iset8PVX4jSTSEH,199.000,Do8hC1pw172W9xvw,203.000,MwfJUdRQPbSNr9Io,205.000,Kxg/hrv/euEuhbOE,208.000,2N4uTfQs/yo3mBYi,258.000,YHloJXirCx60SFnV,263.000,obTLIQc2u6K1oipM
9,178,2026-03-25T14:24:53.013Z,209.000,10,132.000,uT1RCshO88YMpxwE,157.000,2iset8PVX4jSTSEH,160.000,02xuA6TviChey6nJ,178.000,Nsmpq/og5cO95HwJ,201.000,Do8hC1pw172W9xvw,202.000,2N4uTfQs/yo3mBYi,209.000,MwfJUdRQPbSNr9Io,222.000,Kxg/hrv/euEuhbOE,256.000,YHloJXirCx60SFnV,376.000,obTLIQc2u6K1oipM
9,179,2026-03-25T14:24:53.222Z,324.000,10,106.000,02xuA6TviChey6nJ,113.000,uT1RCshO88YMpxwE,152.000,2iset8PVX4jSTSEH,164.000,Nsmpq/og5cO95HwJ,193.000,MwfJUdRQPbSNr9Io,319.000,Do8hC1pw172W9xvw,324.000,YHloJXirCx60SFnV,379.000,2N4uTfQs/yo3mBYi,331.000,Kxg/hrv/euEuhbOE,334.000,obTLIQc2u6K1oipM
9,180,2026-03-25T14:24:53.546Z,105.000,10,52.000,2iset8PVX4jSTSEH,54.000,02xuA6TviChey6nJ,56.000,Nsmpq/og5cO95HwJ,73.000,2N4uTfQs/yo3mBYi,80.000,uT1RCshO88YMpxwE,103.000,Do8hC1pw172W9xvw,105.000,MwfJUdRQPbSNr9Io,123.000,YHloJXirCx60SFnV,165.000,obTLIQc2u6K1oipM,195.000,Kxg/hrv/euEuhbOE
9,181,2026-03-25T14:24:53.651Z,196.000,10,91.000,02xuA6TviChey6nJ,99.000,Nsmpq/og5cO95HwJ,114.000,2iset8PVX4jSTSEH,139.000,2N4uTfQs/yo3mBYi,154.000,uT1RCshO88YMpxwE,194.000,MwfJUdRQPbSNr9Io,195.000,Do8hC1pw172W9xvw,208.000,Kxg/hrv/euEuhbOE,236.000,obTLIQc2u6K1oipM,243.000,YHloJXirCx60SFnV
9,182,2026-03-25T14:24:53.847Z,203.000,10,87.000,02xuA6TviChey6nJ,92.000,Nsmpq/og5cO95HwJ,102.000,2iset8PVX4jSTSEH,144.000,2N4uTfQs/yo3mBYi,170.000,uT1RCshO88YMpxwE,202.000,Do8hC1pw172W9xvw,203.000,MwfJUdRQPbSNr9Io,220.000,YHloJXirCx60SFnV,230.000,Kxg/hrv/euEuhbOE,242.000,obTLIQc2u6K1oipM
9,183,2026-03-25T14:24:54.050Z,197.000,10,117.000,2iset8PVX4jSTSEH,121.000,Nsmpq/og5cO95HwJ,122.000,02xuA6TviChey6nJ,158.000,MwfJUdRQPbSNr9Io,164.000,2N4uTfQs/yo3mBYi,165.000,uT1RCshO88YMpxwE,197.000,Do8hC1pw172W9xvw,203.000,Kxg/hrv/euEuhbOE,216.000,YHloJXirCx60SFnV,353.000,obTLIQc2u6K1oipM
9,184,2026-03-25T14:24:54.247Z,217.000,10,111.000,2iset8PVX4jSTSEH,117.000,02xuA6TviChey6nJ,121.000,Nsmpq/og5cO95HwJ,163.000,2N4uTfQs/yo3mBYi,188.000,MwfJUdRQPbSNr9Io,191.000,uT1RCshO88YMpxwE,217.000,YHloJXirCx60SFnV,232.000,Do8hC1pw172W9xvw,244.000,Kxg/hrv/euEuhbOE,277.000,obTLIQc2u6K1oipM
9,185,2026-03-25T14:24:54.464Z,166.000,10,89.000,2iset8PVX4jSTSEH,91.000,Nsmpq/og5cO95HwJ,96.000,02xuA6TviChey6nJ,152.000,2N4uTfQs/yo3mBYi,160.000,MwfJUdRQPbSNr9Io,163.000,Do8hC1pw172W9xvw,166.000,uT1RCshO88YMpxwE,194.000,YHloJXirCx60SFnV,210.000,Kxg/hrv/euEuhbOE,238.000,obTLIQc2u6K1oipM
9,186,2026-03-25T14:24:54.630Z,200.000,10,123.000,2iset8PVX4jSTSEH,126.000,02xuA6TviChey6nJ,129.000,Nsmpq/og5cO95HwJ,148.000,2N4uTfQs/yo3mBYi,184.000,MwfJUdRQPbSNr9Io,198.000,Do8hC1pw172W9xvw,200.000,uT1RCshO88YMpxwE,235.000,YHloJXirCx60SFnV,259.000,Kxg/hrv/euEuhbOE,276.000,obTLIQc2u6K1oipM
9,187,2026-03-25T14:24:54.830Z,198.000,10,125.000,2iset8PVX4jSTSEH,133.000,Nsmpq/og5cO95HwJ,138.000,02xuA6TviChey6nJ,149.000,2N4uTfQs/yo3mBYi,188.000,MwfJUdRQPbSNr9Io,189.000,Do8hC1pw172W9xvw,197.000,uT1RCshO88YMpxwE,231.000,Kxg/hrv/euEuhbOE,265.000,obTLIQc2u6K1oipM,364.000,YHloJXirCx60SFnV
9,188,2026-03-25T14:24:55.028Z,208.000,10,119.000,2iset8PVX4jSTSEH,132.000,Nsmpq/og5cO95HwJ,139.000,02xuA6TviChey6nJ,164.000,2N4uTfQs/yo3mBYi,200.000,MwfJUdRQPbSNr9Io,207.000,Do8hC1pw172W9xvw,208.000,uT1RCshO88YMpxwE,254.000,Kxg/hrv/euEuhbOE,260.000,obTLIQc2u6K1oipM,323.000,YHloJXirCx60SFnV
9,189,2026-03-25T14:24:55.236Z,191.000,10,133.000,Nsmpq/og5cO95HwJ,135.000,02xuA6TviChey6nJ,139.000,2iset8PVX4jSTSEH,150.000,2N4uTfQs/yo3mBYi,174.000,Do8hC1pw172W9xvw,184.000,uT1RCshO88YMpxwE,191.000,MwfJUdRQPbSNr9Io,236.000,Kxg/hrv/euEuhbOE,264.000,YHloJXirCx60SFnV,282.000,obTLIQc2u6K1oipM
9,190,2026-03-25T14:24:55.427Z,260.000,10,140.000,02xuA6TviChey6nJ,141.000,Nsmpq/og5cO95HwJ,145.000,2iset8PVX4jSTSEH,257.000,Do8hC1pw172W9xvw,259.000,2N4uTfQs/yo3mBYi,259.000,uT1RCshO88YMpxwE,260.000,MwfJUdRQPbSNr9Io,288.000,obTLIQc2u6K1oipM,336.000,Kxg/hrv/euEuhbOE,346.000,YHloJXirCx60SFnV
9,191,2026-03-25T14:24:55.687Z,203.000,10,82.000,2iset8PVX4jSTSEH,94.000,02xuA6TviChey6nJ,101.000,Nsmpq/og5cO95HwJ,145.000,2N4uTfQs/yo3mBYi,147.000,uT1RCshO88YMpxwE,155.000,MwfJUdRQPbSNr9Io,202.000,obTLIQc2u6K1oipM,213.000,Do8hC1pw172W9xvw,233.000,YHloJXirCx60SFnV,274.000,Kxg/hrv/euEuhbOE
9,192,2026-03-25T14:24:55.890Z,162.000,10,86.000,02xuA6TviChey6nJ,88.000,2iset8PVX4jSTSEH,106.000,Nsmpq/og5cO95HwJ,108.000,2N4uTfQs/yo3mBYi,146.000,Do8hC1pw172W9xvw,150.000,MwfJUdRQPbSNr9Io,162.000,uT1RCshO88YMpxwE,225.000,obTLIQc2u6K1oipM,246.000,Kxg/hrv/euEuhbOE,255.000,YHloJXirCx60SFnV
9,193,2026-03-25T14:24:56.052Z,202.000,10,119.000,2iset8PVX4jSTSEH,126.000,Nsmpq/og5cO95HwJ,128.000,02xuA6TviChey6nJ,167.000,2N4uTfQs/yo3mBYi,175.000,MwfJUdRQPbSNr9Io,182.000,Do8hC1pw172W9xvw,201.000,uT1RCshO88YMpxwE,255.000,obTLIQc2u6K1oipM,256.000,YHloJXirCx60SFnV,258.000,Kxg/hrv/euEuhbOE
9,194,2026-03-25T14:24:56.254Z,195.000,10,114.000,Nsmpq/og5cO95HwJ,116.000,2iset8PVX4jSTSEH,126.000,02xuA6TviChey6nJ,133.000,2N4uTfQs/yo3mBYi,166.000,MwfJUdRQPbSNr9Io,170.000,uT1RCshO88YMpxwE,195.000,Do8hC1pw172W9xvw,242.000,YHloJXirCx60SFnV,248.000,obTLIQc2u6K1oipM,260.000,Kxg/hrv/euEuhbOE
9,195,2026-03-25T14:24:56.449Z,274.000,10,111.000,2iset8PVX4jSTSEH,118.000,Nsmpq/og5cO95HwJ,138.000,02xuA6TviChey6nJ,174.000,2N4uTfQs/yo3mBYi,175.000,MwfJUdRQPbSNr9Io,212.000,uT1RCshO88YMpxwE,297.000,obTLIQc2u6K1oipM,291.000,YHloJXirCx60SFnV,294.000,Kxg/hrv/euEuhbOE,306.000,Do8hC1pw172W9xvw
9,196,2026-03-25T14:24:56.723Z,197.000,10,50.000,02xuA6TviChey6nJ,55.000,Nsmpq/og5cO95HwJ,60.000,2iset8PVX4jSTSEH,103.000,uT1RCshO88YMpxwE,110.000,MwfJUdRQPbSNr9Io,150.000,2N4uTfQs/yo3mBYi,197.000,Do8hC1pw172W9xvw,198.000,obTLIQc2u6K1oipM,199.000,YHloJXirCx60SFnV,220.000,Kxg/hrv/euEuhbOE
9,197,2026-03-25T14:24:56.920Z,193.000,10,63.000,02xuA6TviChey6nJ,64.000,Nsmpq/og5cO95HwJ,69.000,2iset8PVX4jSTSEH,85.000,2N4uTfQs/yo3mBYi,103.000,MwfJUdRQPbSNr9Io,117.000,uT1RCshO88YMpxwE,193.000,YHloJXirCx60SFnV,203.000,Do8hC1pw172W9xvw,239.000,obTLIQc2u6K1oipM,209.000,Kxg/hrv/euEuhbOE
9,198,2026-03-25T14:24:57.113Z,202.000,10,70.000,02xuA6TviChey6nJ,73.000,Nsmpq/og5cO95HwJ,90.000,2N4uTfQs/yo3mBYi,98.000,2iset8PVX4jSTSEH,121.000,MwfJUdRQPbSNr9Io,131.000,uT1RCshO88YMpxwE,202.000,YHloJXirCx60SFnV,210.000,Do8hC1pw172W9xvw,257.000,obTLIQc2u6K1oipM,222.000,Kxg/hrv/euEuhbOE
9,199,2026-03-25T14:24:57.315Z,165.000,10,79.000,Nsmpq/og5cO95HwJ,80.000,02xuA6TviChey6nJ,103.000,MwfJUdRQPbSNr9Io,111.000,2iset8PVX4jSTSEH,120.000,uT1RCshO88YMpxwE,152.000,2N4uTfQs/yo3mBYi,164.000,YHloJXirCx60SFnV,202.000,obTLIQc2u6K1oipM,204.000,Kxg/hrv/euEuhbOE,214.000,Do8hC1pw172W9xvw
9,200,2026-03-25T14:24:57.480Z,174.000,10,103.000,Nsmpq/og5cO95HwJ,106.000,02xuA6TviChey6nJ,132.000,YHloJXirCx60SFnV,134.000,2N4uTfQs/yo3mBYi,143.000,MwfJUdRQPbSNr9Io,156.000,2iset8PVX4jSTSEH,174.000,uT1RCshO88YMpxwE,206.000,obTLIQc2u6K1oipM,253.000,Kxg/hrv/euEuhbOE,266.000,Do8hC1pw172W9xvw
9,201,2026-03-25T14:24:57.654Z,205.000,10,128.000,Nsmpq/og5cO95HwJ,146.000,YHloJXirCx60SFnV,166.000,MwfJUdRQPbSNr9Io,167.000,02xuA6TviChey6nJ,173.000,2iset8PVX4jSTSEH,176.000,2N4uTfQs/yo3mBYi,205.000,uT1RCshO88YMpxwE,260.000,obTLIQc2u6K1oipM,263.000,Kxg/hrv/euEuhbOE,272.000,Do8hC1pw172W9xvw
9,202,2026-03-25T14:24:57.859Z,182.000,9,116.000,Nsmpq/og5cO95HwJ,127.000,02xuA6TviChey6nJ,141.000,YHloJXirCx60SFnV,164.000,2N4uTfQs/yo3mBYi,167.000,2iset8PVX4jSTSEH,181.000,MwfJUdRQPbSNr9Io,181.000,uT1RCshO88YMpxwE,265.000,Do8hC1pw172W9xvw,275.000,obTLIQc2u6K1oipM,,
9,203,2026-03-25T14:24:58.041Z,189.000,9,91.000,Kxg/hrv/euEuhbOE,132.000,Nsmpq/og5cO95HwJ,135.000,YHloJXirCx60SFnV,156.000,02xuA6TviChey6nJ,163.000,2N4uTfQs/yo3mBYi,186.000,2iset8PVX4jSTSEH,189.000,MwfJUdRQPbSNr9Io,200.000,uT1RCshO88YMpxwE,270.000,obTLIQc2u6K1oipM,,
9,204,2026-03-25T14:24:58.230Z,214.000,10,89.000,Do8hC1pw172W9xvw,102.000,Kxg/hrv/euEuhbOE,152.000,02xuA6TviChey6nJ,162.000,Nsmpq/og5cO95HwJ,169.000,YHloJXirCx60SFnV,197.000,2iset8PVX4jSTSEH,213.000,uT1RCshO88YMpxwE,224.000,MwfJUdRQPbSNr9Io,269.000,2N4uTfQs/yo3mBYi,274.000,obTLIQc2u6K1oipM
9,205,2026-03-25T14:24:58.444Z,189.000,10,85.000,Do8hC1pw172W9xvw,103.000,Kxg/hrv/euEuhbOE,128.000,YHloJXirCx60SFnV,144.000,02xuA6TviChey6nJ,152.000,Nsmpq/og5cO95HwJ,185.000,2iset8PVX4jSTSEH,189.000,MwfJUdRQPbSNr9Io,195.000,uT1RCshO88YMpxwE,240.000,2N4uTfQs/yo3mBYi,387.000,obTLIQc2u6K1oipM
9,206,2026-03-25T14:24:58.633Z,207.000,9,93.000,Do8hC1pw172W9xvw,112.000,Kxg/hrv/euEuhbOE,166.000,02xuA6TviChey6nJ,168.000,Nsmpq/og5cO95HwJ,182.000,2N4uTfQs/yo3mBYi,192.000,MwfJUdRQPbSNr9Io,207.000,2iset8PVX4jSTSEH,215.000,uT1RCshO88YMpxwE,236.000,YHloJXirCx60SFnV,,
9,207,2026-03-25T14:24:58.840Z,203.000,10,78.000,Do8hC1pw172W9xvw,84.000,Kxg/hrv/euEuhbOE,145.000,Nsmpq/og5cO95HwJ,150.000,YHloJXirCx60SFnV,155.000,02xuA6TviChey6nJ,188.000,2N4uTfQs/yo3mBYi,202.000,MwfJUdRQPbSNr9Io,255.000,2iset8PVX4jSTSEH,256.000,uT1RCshO88YMpxwE,259.000,obTLIQc2u6K1oipM
9,208,2026-03-25T14:24:59.043Z,197.000,10,96.000,Do8hC1pw172W9xvw,112.000,YHloJXirCx60SFnV,113.000,Kxg/hrv/euEuhbOE,157.000,Nsmpq/og5cO95HwJ,178.000,02xuA6TviChey6nJ,181.000,2iset8PVX4jSTSEH,197.000,obTLIQc2u6K1oipM,202.000,MwfJUdRQPbSNr9Io,244.000,uT1RCshO88YMpxwE,260.000,2N4uTfQs/yo3mBYi
9,209,2026-03-25T14:24:59.240Z,213.000,10,103.000,Kxg/hrv/euEuhbOE,126.000,YHloJXirCx60SFnV,130.000,Do8hC1pw172W9xvw,153.000,Nsmpq/og5cO95HwJ,170.000,02xuA6TviChey6nJ,186.000,2iset8PVX4jSTSEH,213.000,uT1RCshO88YMpxwE,223.000,MwfJUdRQPbSNr9Io,234.000,obTLIQc2u6K1oipM,262.000,2N4uTfQs/yo3mBYi
9,210,2026-03-25T14:24:59.453Z,183.000,10,82.000,Do8hC1pw172W9xvw,98.000,YHloJXirCx60SFnV,125.000,Kxg/hrv/euEuhbOE,154.000,02xuA6TviChey6nJ,159.000,Nsmpq/og5cO95HwJ,176.000,2N4uTfQs/yo3mBYi,183.000,2iset8PVX4jSTSEH,192.000,MwfJUdRQPbSNr9Io,212.000,uT1RCshO88YMpxwE,215.000,obTLIQc2u6K1oipM
9,211,2026-03-25T14:24:59.636Z,220.000,10,103.000,Kxg/hrv/euEuhbOE,119.000,YHloJXirCx60SFnV,126.000,Do8hC1pw172W9xvw,168.000,02xuA6TviChey6nJ,169.000,Nsmpq/og5cO95HwJ,213.000,2N4uTfQs/yo3mBYi,220.000,MwfJUdRQPbSNr9Io,258.000,uT1RCshO88YMpxwE,260.000,obTLIQc2u6K1oipM,265.000,2iset8PVX4jSTSEH
9,212,2026-03-25T14:24:59.856Z,208.000,8,79.000,Do8hC1pw172W9xvw,119.000,Kxg/hrv/euEuhbOE,146.000,YHloJXirCx60SFnV,154.000,Nsmpq/og5cO95HwJ,189.000,obTLIQc2u6K1oipM,205.000,MwfJUdRQPbSNr9Io,207.000,2iset8PVX4jSTSEH,281.000,02xuA6TviChey6nJ,,,,
9,213,2026-03-25T14:25:00.064Z,256.000,7,75.000,Kxg/hrv/euEuhbOE,93.000,YHloJXirCx60SFnV,170.000,02xuA6TviChey6nJ,174.000,2iset8PVX4jSTSEH,175.000,obTLIQc2u6K1oipM,208.000,uT1RCshO88YMpxwE,255.000,Do8hC1pw172W9xvw,,,,,,
9,214,2026-03-25T14:25:00.320Z,181.000,10,79.000,YHloJXirCx60SFnV,88.000,Kxg/hrv/euEuhbOE,137.000,02xuA6TviChey6nJ,144.000,2iset8PVX4jSTSEH,171.000,Do8hC1pw172W9xvw,173.000,uT1RCshO88YMpxwE,181.000,MwfJUdRQPbSNr9Io,198.000,obTLIQc2u6K1oipM,230.000,Nsmpq/og5cO95HwJ,240.000,2N4uTfQs/yo3mBYi
9,215,2026-03-25T14:25:00.501Z,165.000,10,97.000,YHloJXirCx60SFnV,106.000,Do8hC1pw172W9xvw,110.000,Kxg/hrv/euEuhbOE,151.000,2N4uTfQs/yo3mBYi,156.000,obTLIQc2u6K1oipM,158.000,2iset8PVX4jSTSEH,165.000,Nsmpq/og5cO95HwJ,192.000,02xuA6TviChey6nJ,195.000,MwfJUdRQPbSNr9Io,196.000,uT1RCshO88YMpxwE
9,216,2026-03-25T14:25:00.666Z,218.000,8,122.000,YHloJXirCx60SFnV,133.000,Nsmpq/og5cO95HwJ,138.000,Do8hC1pw172W9xvw,175.000,Kxg/hrv/euEuhbOE,200.000,MwfJUdRQPbSNr9Io,201.000,obTLIQc2u6K1oipM,218.000,2iset8PVX4jSTSEH,237.000,02xuA6TviChey6nJ,,,,
9,217,2026-03-25T14:25:00.884Z,205.000,8,169.000,MwfJUdRQPbSNr9Io,171.000,2iset8PVX4jSTSEH,178.000,Do8hC1pw172W9xvw,195.000,02xuA6TviChey6nJ,197.000,obTLIQc2u6K1oipM,197.000,uT1RCshO88YMpxwE,204.000,YHloJXirCx60SFnV,215.000,Kxg/hrv/euEuhbOE,,,,
9,218,2026-03-25T14:25:01.089Z,264.000,9,84.000,YHloJXirCx60SFnV,97.000,02xuA6TviChey6nJ,164.000,2iset8PVX4jSTSEH,215.000,Kxg/hrv/euEuhbOE,258.000,MwfJUdRQPbSNr9Io,260.000,uT1RCshO88YMpxwE,264.000,obTLIQc2u6K1oipM,265.000,Nsmpq/og5cO95HwJ,270.000,Do8hC1pw172W9xvw,,
9,219,2026-03-25T14:25:01.353Z,159.000,10,71.000,YHloJXirCx60SFnV,96.000,02xuA6TviChey6nJ,109.000,2iset8PVX4jSTSEH,112.000,MwfJUdRQPbSNr9Io,145.000,obTLIQc2u6K1oipM,146.000,Kxg/hrv/euEuhbOE,159.000,2N4uTfQs/yo3mBYi,164.000,Nsmpq/og5cO95HwJ,172.000,Do8hC1pw172W9xvw,184.000,uT1RCshO88YMpxwE
9,220,2026-03-25T14:25:01.512Z,567.000,9,117.000,Do8hC1pw172W9xvw,131.000,Nsmpq/og5cO95HwJ,141.000,YHloJXirCx60SFnV,150.000,obTLIQc2u6K1oipM,189.000,Kxg/hrv/euEuhbOE,212.000,uT1RCshO88YMpxwE,567.000,MwfJUdRQPbSNr9Io,578.000,2iset8PVX4jSTSEH,584.000,02xuA6TviChey6nJ,,
9,221,2026-03-25T14:25:02.079Z,317.000,10,96.000,Kxg/hrv/euEuhbOE,98.000,2iset8PVX4jSTSEH,118.000,YHloJXirCx60SFnV,146.000,02xuA6TviChey6nJ,295.000,uT1RCshO88YMpxwE,316.000,MwfJUdRQPbSNr9Io,317.000,Do8hC1pw172W9xvw,326.000,obTLIQc2u6K1oipM,332.000,2N4uTfQs/yo3mBYi,338.000,Nsmpq/og5cO95HwJ
9,222,2026-03-25T14:25:02.396Z,179.000,7,88.000,YHloJXirCx60SFnV,105.000,2iset8PVX4jSTSEH,113.000,Do8hC1pw172W9xvw,116.000,Kxg/hrv/euEuhbOE,120.000,obTLIQc2u6K1oipM,123.000,Nsmpq/og5cO95HwJ,179.000,MwfJUdRQPbSNr9Io,,,,,,
9,223,2026-03-25T14:25:02.575Z,729.000,7,107.000,Do8hC1pw172W9xvw,121.000,Nsmpq/og5cO95HwJ,128.000,YHloJXirCx60SFnV,160.000,2iset8PVX4jSTSEH,467.000,Kxg/hrv/euEuhbOE,693.000,MwfJUdRQPbSNr9Io,729.000,02xuA6TviChey6nJ,,,,,,
9,224,2026-03-25T14:25:03.304Z,835.000,7,90.000,02xuA6TviChey6nJ,91.000,2iset8PVX4jSTSEH,105.000,Nsmpq/og5cO95HwJ,121.000,YHloJXirCx60SFnV,212.000,obTLIQc2u6K1oipM,265.000,Do8hC1pw172W9xvw,835.000,uT1RCshO88YMpxwE,,,,,,
9,225,2026-03-25T14:25:04.139Z,844.000,8,108.000,YHloJXirCx60SFnV,171.000,02xuA6TviChey6nJ,231.000,obTLIQc2u6K1oipM,763.000,2iset8PVX4jSTSEH,767.000,Kxg/hrv/euEuhbOE,819.000,uT1RCshO88YMpxwE,844.000,Do8hC1pw172W9xvw,902.000,Nsmpq/og5cO95HwJ,,,,
9,226,2026-03-25T14:25:04.983Z,1202.000,10,86.000,Kxg/hrv/euEuhbOE,130.000,YHloJXirCx60SFnV,145.000,02xuA6TviChey6nJ,818.000,2iset8PVX4jSTSEH,1078.000,Do8hC1pw172W9xvw,1103.000,obTLIQc2u6K1oipM,1202.000,uT1RCshO88YMpxwE,1214.000,2N4uTfQs/yo3mBYi,1217.000,Nsmpq/og5cO95HwJ,1219.000,MwfJUdRQPbSNr9Io
9,227,2026-03-25T14:25:06.185Z,1117.000,9,101.000,YHloJXirCx60SFnV,727.000,Kxg/hrv/euEuhbOE,798.000,2iset8PVX4jSTSEH,872.000,02xuA6TviChey6nJ,1050.000,Do8hC1pw172W9xvw,1087.000,uT1RCshO88YMpxwE,1117.000,obTLIQc2u6K1oipM,1119.000,MwfJUdRQPbSNr9Io,1120.000,Nsmpq/og5cO95HwJ,,
9,228,2026-03-25T14:25:07.302Z,1110.000,7,106.000,YHloJXirCx60SFnV,819.000,2iset8PVX4jSTSEH,884.000,Kxg/hrv/euEuhbOE,1039.000,MwfJUdRQPbSNr9Io,1040.000,Do8hC1pw172W9xvw,1052.000,Nsmpq/og5cO95HwJ,1110.000,02xuA6TviChey6nJ,,,,,,
9,229,2026-03-25T14:25:08.412Z,1372.000,7,92.000,YHloJXirCx60SFnV,458.000,2iset8PVX4jSTSEH,766.000,Do8hC1pw172W9xvw,846.000,Nsmpq/og5cO95HwJ,910.000,02xuA6TviChey6nJ,1366.000,MwfJUdRQPbSNr9Io,1372.000,obTLIQc2u6K1oipM,,,,,,
9,230,2026-03-25T14:25:09.784Z,1406.000,7,113.000,YHloJXirCx60SFnV,426.000,Do8hC1pw172W9xvw,720.000,Kxg/hrv/euEuhbOE,1398.000,MwfJUdRQPbSNr9Io,1403.000,obTLIQc2u6K1oipM,1406.000,2iset8PVX4jSTSEH,1406.000,02xuA6TviChey6nJ,,,,,,
9,231,2026-03-25T14:25:11.190Z,1952.000,8,110.000,YHloJXirCx60SFnV,120.000,obTLIQc2u6K1oipM,1132.000,02xuA6TviChey6nJ,1669.000,2iset8PVX4jSTSEH,1884.000,Nsmpq/og5cO95HwJ,1942.000,uT1RCshO88YMpxwE,1952.000,Do8hC1pw172W9xvw,1975.000,2N4uTfQs/yo3mBYi,,,,
9,232,2026-03-25T14:25:13.142Z,2111.000,10,123.000,YHloJXirCx60SFnV,1767.000,02xuA6TviChey6nJ,1824.000,Nsmpq/og5cO95HwJ,1831.000,2iset8PVX4jSTSEH,1969.000,Kxg/hrv/euEuhbOE,1986.000,Do8hC1pw172W9xvw,2111.000,uT1RCshO88YMpxwE,2131.000,MwfJUdRQPbSNr9Io,2140.000,obTLIQc2u6K1oipM,2146.000,2N4uTfQs/yo3mBYi
9,233,2026-03-25T14:25:15.253Z,2083.000,7,107.000,YHloJXirCx60SFnV,1762.000,uT1RCshO88YMpxwE,1787.000,02xuA6TviChey6nJ,1793.000,Nsmpq/og5cO95HwJ,1912.000,obTLIQc2u6K1oipM,2075.000,MwfJUdRQPbSNr9Io,2083.000,Do8hC1pw172W9xvw,,,,,,
9,234,2026-03-25T14:25:17.336Z,2763.000,9,89.000,YHloJXirCx60SFnV,1847.000,2iset8PVX4jSTSEH,1925.000,02xuA6TviChey6nJ,2405.000,Nsmpq/og5cO95HwJ,2405.000,obTLIQc2u6K1oipM,2750.000,uT1RCshO88YMpxwE,2763.000,Kxg/hrv/euEuhbOE,2770.000,Do8hC1pw172W9xvw,2775.000,MwfJUdRQPbSNr9Io,,
9,235,2026-03-25T14:25:20.099Z,2825.000,7,122.000,YHloJXirCx60SFnV,1923.000,Kxg/hrv/euEuhbOE,2619.000,uT1RCshO88YMpxwE,2719.000,2iset8PVX4jSTSEH,2790.000,obTLIQc2u6K1oipM,2795.000,02xuA6TviChey6nJ,2825.000,Nsmpq/og5cO95HwJ,,,,,,
9,236,2026-03-25T14:25:22.924Z,3784.000,9,86.000,YHloJXirCx60SFnV,2568.000,Nsmpq/og5cO95HwJ,3488.000,obTLIQc2u6K1oipM,3505.000,2iset8PVX4jSTSEH,3644.000,Kxg/hrv/euEuhbOE,3699.000,uT1RCshO88YMpxwE,3784.000,02xuA6TviChey6nJ,3792.000,MwfJUdRQPbSNr9Io,3793.000,Do8hC1pw172W9xvw,,
9,237,2026-03-25T14:25:26.708Z,4868.000,8,134.000,YHloJXirCx60SFnV,3877.000,2iset8PVX4jSTSEH,3937.000,obTLIQc2u6K1oipM,4028.000,02xuA6TviChey6nJ,4193.000,MwfJUdRQPbSNr9Io,4854.000,uT1RCshO88YMpxwE,4868.000,Do8hC1pw172W9xvw,4875.000,Kxg/hrv/euEuhbOE,,,,
9,238,2026-03-25T14:25:31.576Z,6206.000,7,123.000,YHloJXirCx60SFnV,5368.000,Kxg/hrv/euEuhbOE,5680.000,Nsmpq/og5cO95HwJ,5700.000,2iset8PVX4jSTSEH,5893.000,obTLIQc2u6K1oipM,6054.000,02xuA6TviChey6nJ,6206.000,MwfJUdRQPbSNr9Io,,,,,,
9,239,2026-03-25T14:25:37.782Z,6718.000,8,111.000,YHloJXirCx60SFnV,5710.000,MwfJUdRQPbSNr9Io,5959.000,obTLIQc2u6K1oipM,6399.000,uT1RCshO88YMpxwE,6562.000,Do8hC1pw172W9xvw,6652.000,02xuA6TviChey6nJ,6718.000,Nsmpq/og5cO95HwJ,6730.000,2iset8PVX4jSTSEH,,,,
9,240,2026-03-25T14:25:44.500Z,6384.000,8,114.000,YHloJXirCx60SFnV,5862.000,2iset8PVX4jSTSEH,6170.000,Nsmpq/og5cO95HwJ,6223.000,uT1RCshO88YMpxwE,6242.000,Kxg/hrv/euEuhbOE,6257.000,02xuA6TviChey6nJ,6384.000,Do8hC1pw172W9xvw,6407.000,obTLIQc2u6K1oipM,,,,
9,241,2026-03-25T14:25:50.884Z,6802.000,9,134.000,YHloJXirCx60SFnV,5702.000,Kxg/hrv/euEuhbOE,6218.000,Do8hC1pw172W9xvw,6222.000,02xuA6TviChey6nJ,6487.000,MwfJUdRQPbSNr9Io,6789.000,uT1RCshO88YMpxwE,6802.000,Nsmpq/og5cO95HwJ,6807.000,2N4uTfQs/yo3mBYi,6819.000,obTLIQc2u6K1oipM,,
9,242,2026-03-25T14:25:57.686Z,6381.000,7,121.000,YHloJXirCx60SFnV,5779.000,02xuA6TviChey6nJ,5984.000,2iset8PVX4jSTSEH,6213.000,obTLIQc2u6K1oipM,6221.000,Nsmpq/og5cO95HwJ,6374.000,Do8hC1pw172W9xvw,6380.000,MwfJUdRQPbSNr9Io,,,,,,
9,243,2026-03-25T14:26:04.067Z,6125.000,7,124.000,YHloJXirCx60SFnV,5721.000,02xuA6TviChey6nJ,5739.000,Nsmpq/og5cO95HwJ,6109.000,2iset8PVX4jSTSEH,6115.000,Do8hC1pw172W9xvw,6117.000,obTLIQc2u6K1oipM,6125.000,MwfJUdRQPbSNr9Io,,,,,,
9,244,2026-03-25T14:26:10.192Z,6669.000,10,109.000,YHloJXirCx60SFnV,5752.000,MwfJUdRQPbSNr9Io,5847.000,2iset8PVX4jSTSEH,5857.000,Do8hC1pw172W9xvw,6269.000,Nsmpq/og5cO95HwJ,6566.000,obTLIQc2u6K1oipM,6668.000,uT1RCshO88YMpxwE,6672.000,Kxg/hrv/euEuhbOE,6681.000,2N4uTfQs/yo3mBYi,6690.000,02xuA6TviChey6nJ
9,245,2026-03-25T14:26:16.861Z,6190.000,7,136.000,YHloJXirCx60SFnV,5356.000,MwfJUdRQPbSNr9Io,5949.000,2iset8PVX4jSTSEH,5983.000,uT1RCshO88YMpxwE,6034.000,Nsmpq/og5cO95HwJ,6111.000,Kxg/hrv/euEuhbOE,6190.000,Do8hC1pw172W9xvw,,,,,,
9,246,2026-03-25T14:26:23.051Z,6469.000,8,121.000,YHloJXirCx60SFnV,5927.000,Nsmpq/og5cO95HwJ,5996.000,Kxg/hrv/euEuhbOE,6190.000,Do8hC1pw172W9xvw,6234.000,uT1RCshO88YMpxwE,6466.000,obTLIQc2u6K1oipM,6469.000,2N4uTfQs/yo3mBYi,6470.000,2iset8PVX4jSTSEH,,,,
9,247,2026-03-25T14:26:29.520Z,,1,120.000,YHloJXirCx60SFnV,,,,,,,,,,,,,,,,,,
