Node_ID,Round,Round_Start_Time,Round_End_Time_ms,Certificate_Count,Certificate_1_Time_Delta_ms,Certificate_1_Origin,Certificate_2_Time_Delta_ms,Certificate_2_Origin,Certificate_3_Time_Delta_ms,Certificate_3_Origin,Certificate_4_Time_Delta_ms,Certificate_4_Origin,Certificate_5_Time_Delta_ms,Certificate_5_Origin,Certificate_6_Time_Delta_ms,Certificate_6_Origin,Certificate_7_Time_Delta_ms,Certificate_7_Origin,Certificate_8_Time_Delta_ms,Certificate_8_Origin,Certificate_9_Time_Delta_ms,Certificate_9_Origin,Certificate_10_Time_Delta_ms,Certificate_10_Origin
0,1,2026-04-05T09:35:02.805Z,12810.000,7,9122.000,nbm0/St8w4GUlGA4,9363.000,jwNdRfwvt/DA6PNq,10555.000,Cr1IDgtoIwjHadzo,10848.000,UfIL2xPYUWA3pa2i,12134.000,uHgM+VdJzX93m/5O,12810.000,3ro8QLJh0yyykLyV,12810.000,0vdW+g6toC/h3nqI,,,,,,
0,2,2026-04-05T09:35:15.615Z,10.000,7,3.000,3ro8QLJh0yyykLyV,4.000,uHgM+VdJzX93m/5O,6.000,jwNdRfwvt/DA6PNq,6.000,UfIL2xPYUWA3pa2i,7.000,nbm0/St8w4GUlGA4,8.000,Cr1IDgtoIwjHadzo,10.000,0vdW+g6toC/h3nqI,,,,,,
0,3,2026-04-05T09:35:15.625Z,208.000,7,197.000,3ro8QLJh0yyykLyV,198.000,jwNdRfwvt/DA6PNq,199.000,UfIL2xPYUWA3pa2i,201.000,uHgM+VdJzX93m/5O,202.000,Cr1IDgtoIwjHadzo,202.000,nbm0/St8w4GUlGA4,207.000,0vdW+g6toC/h3nqI,,,,,,
0,4,2026-04-05T09:35:15.833Z,200.000,7,189.000,3ro8QLJh0yyykLyV,192.000,nbm0/St8w4GUlGA4,193.000,jwNdRfwvt/DA6PNq,195.000,Cr1IDgtoIwjHadzo,197.000,UfIL2xPYUWA3pa2i,199.000,uHgM+VdJzX93m/5O,200.000,0vdW+g6toC/h3nqI,,,,,,
0,5,2026-04-05T09:35:16.033Z,202.000,7,189.000,3ro8QLJh0yyykLyV,194.000,jwNdRfwvt/DA6PNq,195.000,nbm0/St8w4GUlGA4,197.000,UfIL2xPYUWA3pa2i,198.000,Cr1IDgtoIwjHadzo,201.000,uHgM+VdJzX93m/5O,202.000,0vdW+g6toC/h3nqI,,,,,,
0,6,2026-04-05T09:35:16.235Z,201.000,8,191.000,3ro8QLJh0yyykLyV,193.000,Cr1IDgtoIwjHadzo,194.000,jwNdRfwvt/DA6PNq,195.000,nbm0/St8w4GUlGA4,197.000,UfIL2xPYUWA3pa2i,200.000,uHgM+VdJzX93m/5O,201.000,0vdW+g6toC/h3nqI,336.000,h4OQZ7bMhp0Pbd5V,,,,
0,7,2026-04-05T09:35:16.436Z,201.000,8,192.000,3ro8QLJh0yyykLyV,193.000,jwNdRfwvt/DA6PNq,195.000,nbm0/St8w4GUlGA4,196.000,UfIL2xPYUWA3pa2i,197.000,Cr1IDgtoIwjHadzo,200.000,h4OQZ7bMhp0Pbd5V,201.000,uHgM+VdJzX93m/5O,203.000,0vdW+g6toC/h3nqI,,,,
0,8,2026-04-05T09:35:16.637Z,201.000,8,191.000,3ro8QLJh0yyykLyV,193.000,Cr1IDgtoIwjHadzo,195.000,UfIL2xPYUWA3pa2i,196.000,nbm0/St8w4GUlGA4,198.000,jwNdRfwvt/DA6PNq,200.000,uHgM+VdJzX93m/5O,201.000,0vdW+g6toC/h3nqI,202.000,h4OQZ7bMhp0Pbd5V,,,,
0,9,2026-04-05T09:35:16.838Z,202.000,9,189.000,3ro8QLJh0yyykLyV,192.000,UfIL2xPYUWA3pa2i,193.000,uHgM+VdJzX93m/5O,194.000,nbm0/St8w4GUlGA4,194.000,Cr1IDgtoIwjHadzo,195.000,jwNdRfwvt/DA6PNq,202.000,0vdW+g6toC/h3nqI,204.000,h4OQZ7bMhp0Pbd5V,241.000,WYac+BcEaEqjcD+O,,
0,10,2026-04-05T09:35:17.040Z,196.000,9,188.000,3ro8QLJh0yyykLyV,191.000,UfIL2xPYUWA3pa2i,192.000,uHgM+VdJzX93m/5O,193.000,WYac+BcEaEqjcD+O,194.000,jwNdRfwvt/DA6PNq,195.000,Cr1IDgtoIwjHadzo,196.000,nbm0/St8w4GUlGA4,201.000,h4OQZ7bMhp0Pbd5V,202.000,0vdW+g6toC/h3nqI,,
0,11,2026-04-05T09:35:17.236Z,200.000,9,192.000,3ro8QLJh0yyykLyV,196.000,UfIL2xPYUWA3pa2i,197.000,WYac+BcEaEqjcD+O,198.000,jwNdRfwvt/DA6PNq,198.000,nbm0/St8w4GUlGA4,199.000,uHgM+VdJzX93m/5O,200.000,Cr1IDgtoIwjHadzo,206.000,0vdW+g6toC/h3nqI,208.000,h4OQZ7bMhp0Pbd5V,,
0,12,2026-04-05T09:35:17.436Z,202.000,9,193.000,3ro8QLJh0yyykLyV,195.000,uHgM+VdJzX93m/5O,199.000,nbm0/St8w4GUlGA4,200.000,UfIL2xPYUWA3pa2i,201.000,WYac+BcEaEqjcD+O,201.000,jwNdRfwvt/DA6PNq,202.000,Cr1IDgtoIwjHadzo,205.000,h4OQZ7bMhp0Pbd5V,208.000,0vdW+g6toC/h3nqI,,
0,13,2026-04-05T09:35:17.638Z,202.000,9,193.000,3ro8QLJh0yyykLyV,194.000,uHgM+VdJzX93m/5O,196.000,jwNdRfwvt/DA6PNq,198.000,nbm0/St8w4GUlGA4,200.000,WYac+BcEaEqjcD+O,201.000,UfIL2xPYUWA3pa2i,202.000,Cr1IDgtoIwjHadzo,207.000,0vdW+g6toC/h3nqI,209.000,h4OQZ7bMhp0Pbd5V,,
0,14,2026-04-05T09:35:17.840Z,202.000,9,193.000,3ro8QLJh0yyykLyV,193.000,uHgM+VdJzX93m/5O,196.000,jwNdRfwvt/DA6PNq,199.000,nbm0/St8w4GUlGA4,200.000,WYac+BcEaEqjcD+O,201.000,UfIL2xPYUWA3pa2i,202.000,Cr1IDgtoIwjHadzo,204.000,0vdW+g6toC/h3nqI,205.000,h4OQZ7bMhp0Pbd5V,,
0,15,2026-04-05T09:35:18.042Z,202.000,9,194.000,3ro8QLJh0yyykLyV,196.000,uHgM+VdJzX93m/5O,197.000,nbm0/St8w4GUlGA4,198.000,jwNdRfwvt/DA6PNq,200.000,WYac+BcEaEqjcD+O,201.000,UfIL2xPYUWA3pa2i,202.000,Cr1IDgtoIwjHadzo,204.000,0vdW+g6toC/h3nqI,207.000,h4OQZ7bMhp0Pbd5V,,
0,16,2026-04-05T09:35:18.244Z,198.000,10,191.000,uHgM+VdJzX93m/5O,192.000,3ro8QLJh0yyykLyV,192.000,Cr1IDgtoIwjHadzo,194.000,jwNdRfwvt/DA6PNq,196.000,0vdW+g6toC/h3nqI,197.000,UfIL2xPYUWA3pa2i,198.000,WYac+BcEaEqjcD+O,199.000,nbm0/St8w4GUlGA4,207.000,h4OQZ7bMhp0Pbd5V,355.000,Jg+7wzPVXO3fl6hF
0,17,2026-04-05T09:35:18.442Z,204.000,10,195.000,uHgM+VdJzX93m/5O,197.000,3ro8QLJh0yyykLyV,198.000,WYac+BcEaEqjcD+O,200.000,jwNdRfwvt/DA6PNq,201.000,nbm0/St8w4GUlGA4,202.000,UfIL2xPYUWA3pa2i,204.000,Cr1IDgtoIwjHadzo,206.000,0vdW+g6toC/h3nqI,211.000,h4OQZ7bMhp0Pbd5V,313.000,Jg+7wzPVXO3fl6hF
0,18,2026-04-05T09:35:18.646Z,202.000,10,193.000,uHgM+VdJzX93m/5O,196.000,WYac+BcEaEqjcD+O,196.000,3ro8QLJh0yyykLyV,198.000,Cr1IDgtoIwjHadzo,199.000,nbm0/St8w4GUlGA4,200.000,UfIL2xPYUWA3pa2i,202.000,0vdW+g6toC/h3nqI,203.000,jwNdRfwvt/DA6PNq,207.000,h4OQZ7bMhp0Pbd5V,311.000,Jg+7wzPVXO3fl6hF
0,19,2026-04-05T09:35:18.848Z,200.000,10,193.000,3ro8QLJh0yyykLyV,194.000,WYac+BcEaEqjcD+O,195.000,uHgM+VdJzX93m/5O,197.000,UfIL2xPYUWA3pa2i,198.000,Cr1IDgtoIwjHadzo,199.000,jwNdRfwvt/DA6PNq,200.000,nbm0/St8w4GUlGA4,202.000,0vdW+g6toC/h3nqI,207.000,h4OQZ7bMhp0Pbd5V,310.000,Jg+7wzPVXO3fl6hF
0,20,2026-04-05T09:35:19.048Z,201.000,10,193.000,3ro8QLJh0yyykLyV,195.000,uHgM+VdJzX93m/5O,196.000,WYac+BcEaEqjcD+O,198.000,UfIL2xPYUWA3pa2i,199.000,nbm0/St8w4GUlGA4,200.000,Cr1IDgtoIwjHadzo,201.000,jwNdRfwvt/DA6PNq,203.000,0vdW+g6toC/h3nqI,208.000,h4OQZ7bMhp0Pbd5V,312.000,Jg+7wzPVXO3fl6hF
0,21,2026-04-05T09:35:19.249Z,202.000,10,194.000,3ro8QLJh0yyykLyV,195.000,WYac+BcEaEqjcD+O,197.000,nbm0/St8w4GUlGA4,198.000,uHgM+VdJzX93m/5O,199.000,UfIL2xPYUWA3pa2i,200.000,jwNdRfwvt/DA6PNq,202.000,Cr1IDgtoIwjHadzo,203.000,0vdW+g6toC/h3nqI,208.000,h4OQZ7bMhp0Pbd5V,312.000,Jg+7wzPVXO3fl6hF
0,22,2026-04-05T09:35:19.451Z,200.000,10,191.000,WYac+BcEaEqjcD+O,193.000,UfIL2xPYUWA3pa2i,194.000,3ro8QLJh0yyykLyV,195.000,jwNdRfwvt/DA6PNq,197.000,uHgM+VdJzX93m/5O,198.000,Cr1IDgtoIwjHadzo,200.000,nbm0/St8w4GUlGA4,201.000,0vdW+g6toC/h3nqI,207.000,h4OQZ7bMhp0Pbd5V,311.000,Jg+7wzPVXO3fl6hF
0,23,2026-04-05T09:35:19.651Z,201.000,10,192.000,3ro8QLJh0yyykLyV,194.000,UfIL2xPYUWA3pa2i,195.000,WYac+BcEaEqjcD+O,196.000,nbm0/St8w4GUlGA4,197.000,jwNdRfwvt/DA6PNq,198.000,uHgM+VdJzX93m/5O,200.000,Cr1IDgtoIwjHadzo,202.000,0vdW+g6toC/h3nqI,207.000,h4OQZ7bMhp0Pbd5V,312.000,Jg+7wzPVXO3fl6hF
0,24,2026-04-05T09:35:19.852Z,201.000,9,192.000,UfIL2xPYUWA3pa2i,194.000,jwNdRfwvt/DA6PNq,194.000,3ro8QLJh0yyykLyV,196.000,nbm0/St8w4GUlGA4,198.000,WYac+BcEaEqjcD+O,199.000,Cr1IDgtoIwjHadzo,200.000,uHgM+VdJzX93m/5O,202.000,h4OQZ7bMhp0Pbd5V,204.000,0vdW+g6toC/h3nqI,,
0,25,2026-04-05T09:35:20.053Z,201.000,10,111.000,Jg+7wzPVXO3fl6hF,193.000,UfIL2xPYUWA3pa2i,195.000,jwNdRfwvt/DA6PNq,195.000,3ro8QLJh0yyykLyV,197.000,uHgM+VdJzX93m/5O,199.000,nbm0/St8w4GUlGA4,200.000,WYac+BcEaEqjcD+O,202.000,Cr1IDgtoIwjHadzo,203.000,0vdW+g6toC/h3nqI,207.000,h4OQZ7bMhp0Pbd5V
0,26,2026-04-05T09:35:20.254Z,202.000,10,112.000,Jg+7wzPVXO3fl6hF,193.000,3ro8QLJh0yyykLyV,194.000,UfIL2xPYUWA3pa2i,197.000,jwNdRfwvt/DA6PNq,198.000,Cr1IDgtoIwjHadzo,200.000,uHgM+VdJzX93m/5O,202.000,nbm0/St8w4GUlGA4,203.000,WYac+BcEaEqjcD+O,204.000,0vdW+g6toC/h3nqI,206.000,h4OQZ7bMhp0Pbd5V
0,27,2026-04-05T09:35:20.456Z,199.000,10,112.000,Jg+7wzPVXO3fl6hF,191.000,3ro8QLJh0yyykLyV,194.000,jwNdRfwvt/DA6PNq,195.000,UfIL2xPYUWA3pa2i,197.000,Cr1IDgtoIwjHadzo,198.000,uHgM+VdJzX93m/5O,199.000,nbm0/St8w4GUlGA4,201.000,WYac+BcEaEqjcD+O,202.000,0vdW+g6toC/h3nqI,206.000,h4OQZ7bMhp0Pbd5V
0,28,2026-04-05T09:35:20.655Z,203.000,10,114.000,Jg+7wzPVXO3fl6hF,193.000,3ro8QLJh0yyykLyV,197.000,UfIL2xPYUWA3pa2i,198.000,jwNdRfwvt/DA6PNq,199.000,nbm0/St8w4GUlGA4,200.000,WYac+BcEaEqjcD+O,203.000,Cr1IDgtoIwjHadzo,204.000,uHgM+VdJzX93m/5O,205.000,0vdW+g6toC/h3nqI,208.000,h4OQZ7bMhp0Pbd5V
0,29,2026-04-05T09:35:20.858Z,200.000,10,112.000,Jg+7wzPVXO3fl6hF,193.000,3ro8QLJh0yyykLyV,195.000,WYac+BcEaEqjcD+O,196.000,UfIL2xPYUWA3pa2i,198.000,jwNdRfwvt/DA6PNq,199.000,nbm0/St8w4GUlGA4,200.000,Cr1IDgtoIwjHadzo,202.000,uHgM+VdJzX93m/5O,203.000,0vdW+g6toC/h3nqI,206.000,h4OQZ7bMhp0Pbd5V
0,30,2026-04-05T09:35:21.058Z,202.000,10,113.000,Jg+7wzPVXO3fl6hF,194.000,3ro8QLJh0yyykLyV,196.000,jwNdRfwvt/DA6PNq,197.000,WYac+BcEaEqjcD+O,199.000,nbm0/St8w4GUlGA4,200.000,uHgM+VdJzX93m/5O,202.000,Cr1IDgtoIwjHadzo,204.000,UfIL2xPYUWA3pa2i,205.000,0vdW+g6toC/h3nqI,208.000,h4OQZ7bMhp0Pbd5V
0,31,2026-04-05T09:35:21.260Z,200.000,10,112.000,Jg+7wzPVXO3fl6hF,193.000,3ro8QLJh0yyykLyV,195.000,jwNdRfwvt/DA6PNq,197.000,nbm0/St8w4GUlGA4,198.000,uHgM+VdJzX93m/5O,199.000,WYac+BcEaEqjcD+O,200.000,Cr1IDgtoIwjHadzo,202.000,UfIL2xPYUWA3pa2i,203.000,0vdW+g6toC/h3nqI,205.000,h4OQZ7bMhp0Pbd5V
0,32,2026-04-05T09:35:21.460Z,202.000,10,129.000,Jg+7wzPVXO3fl6hF,194.000,3ro8QLJh0yyykLyV,196.000,nbm0/St8w4GUlGA4,197.000,UfIL2xPYUWA3pa2i,200.000,0vdW+g6toC/h3nqI,201.000,jwNdRfwvt/DA6PNq,202.000,uHgM+VdJzX93m/5O,203.000,Cr1IDgtoIwjHadzo,205.000,WYac+BcEaEqjcD+O,207.000,h4OQZ7bMhp0Pbd5V
0,33,2026-04-05T09:35:21.662Z,200.000,10,112.000,Jg+7wzPVXO3fl6hF,193.000,3ro8QLJh0yyykLyV,195.000,UfIL2xPYUWA3pa2i,196.000,jwNdRfwvt/DA6PNq,197.000,nbm0/St8w4GUlGA4,199.000,uHgM+VdJzX93m/5O,200.000,WYac+BcEaEqjcD+O,202.000,Cr1IDgtoIwjHadzo,203.000,0vdW+g6toC/h3nqI,206.000,h4OQZ7bMhp0Pbd5V
0,34,2026-04-05T09:35:21.862Z,203.000,10,114.000,Jg+7wzPVXO3fl6hF,191.000,3ro8QLJh0yyykLyV,197.000,UfIL2xPYUWA3pa2i,198.000,jwNdRfwvt/DA6PNq,199.000,WYac+BcEaEqjcD+O,201.000,uHgM+VdJzX93m/5O,202.000,Cr1IDgtoIwjHadzo,204.000,nbm0/St8w4GUlGA4,205.000,0vdW+g6toC/h3nqI,206.000,h4OQZ7bMhp0Pbd5V
0,35,2026-04-05T09:35:22.065Z,198.000,10,112.000,Jg+7wzPVXO3fl6hF,188.000,3ro8QLJh0yyykLyV,193.000,nbm0/St8w4GUlGA4,195.000,UfIL2xPYUWA3pa2i,196.000,Cr1IDgtoIwjHadzo,197.000,WYac+BcEaEqjcD+O,198.000,uHgM+VdJzX93m/5O,200.000,0vdW+g6toC/h3nqI,201.000,jwNdRfwvt/DA6PNq,205.000,h4OQZ7bMhp0Pbd5V
0,36,2026-04-05T09:35:22.263Z,203.000,10,115.000,Jg+7wzPVXO3fl6hF,195.000,3ro8QLJh0yyykLyV,198.000,nbm0/St8w4GUlGA4,199.000,uHgM+VdJzX93m/5O,200.000,jwNdRfwvt/DA6PNq,202.000,UfIL2xPYUWA3pa2i,203.000,Cr1IDgtoIwjHadzo,204.000,WYac+BcEaEqjcD+O,206.000,0vdW+g6toC/h3nqI,209.000,h4OQZ7bMhp0Pbd5V
0,37,2026-04-05T09:35:22.466Z,202.000,10,113.000,Jg+7wzPVXO3fl6hF,193.000,3ro8QLJh0yyykLyV,196.000,WYac+BcEaEqjcD+O,197.000,nbm0/St8w4GUlGA4,199.000,jwNdRfwvt/DA6PNq,200.000,uHgM+VdJzX93m/5O,201.000,UfIL2xPYUWA3pa2i,203.000,Cr1IDgtoIwjHadzo,205.000,0vdW+g6toC/h3nqI,206.000,h4OQZ7bMhp0Pbd5V
0,38,2026-04-05T09:35:22.668Z,200.000,10,112.000,Jg+7wzPVXO3fl6hF,193.000,3ro8QLJh0yyykLyV,194.000,jwNdRfwvt/DA6PNq,196.000,nbm0/St8w4GUlGA4,197.000,uHgM+VdJzX93m/5O,198.000,Cr1IDgtoIwjHadzo,200.000,UfIL2xPYUWA3pa2i,201.000,WYac+BcEaEqjcD+O,202.000,0vdW+g6toC/h3nqI,206.000,h4OQZ7bMhp0Pbd5V
0,39,2026-04-05T09:35:22.868Z,200.000,10,113.000,Jg+7wzPVXO3fl6hF,192.000,3ro8QLJh0yyykLyV,194.000,jwNdRfwvt/DA6PNq,196.000,nbm0/St8w4GUlGA4,197.000,uHgM+VdJzX93m/5O,199.000,UfIL2xPYUWA3pa2i,200.000,WYac+BcEaEqjcD+O,201.000,Cr1IDgtoIwjHadzo,205.000,0vdW+g6toC/h3nqI,206.000,h4OQZ7bMhp0Pbd5V
0,40,2026-04-05T09:35:23.068Z,204.000,10,115.000,Jg+7wzPVXO3fl6hF,196.000,nbm0/St8w4GUlGA4,197.000,jwNdRfwvt/DA6PNq,198.000,3ro8QLJh0yyykLyV,200.000,uHgM+VdJzX93m/5O,202.000,UfIL2xPYUWA3pa2i,204.000,Cr1IDgtoIwjHadzo,205.000,WYac+BcEaEqjcD+O,206.000,0vdW+g6toC/h3nqI,207.000,h4OQZ7bMhp0Pbd5V
0,41,2026-04-05T09:35:23.272Z,199.000,10,112.000,Jg+7wzPVXO3fl6hF,190.000,nbm0/St8w4GUlGA4,193.000,3ro8QLJh0yyykLyV,195.000,WYac+BcEaEqjcD+O,197.000,Cr1IDgtoIwjHadzo,198.000,UfIL2xPYUWA3pa2i,199.000,uHgM+VdJzX93m/5O,200.000,jwNdRfwvt/DA6PNq,202.000,0vdW+g6toC/h3nqI,206.000,h4OQZ7bMhp0Pbd5V
0,42,2026-04-05T09:35:23.471Z,201.000,10,113.000,Jg+7wzPVXO3fl6hF,193.000,nbm0/St8w4GUlGA4,194.000,jwNdRfwvt/DA6PNq,196.000,3ro8QLJh0yyykLyV,197.000,Cr1IDgtoIwjHadzo,200.000,WYac+BcEaEqjcD+O,201.000,UfIL2xPYUWA3pa2i,202.000,uHgM+VdJzX93m/5O,204.000,0vdW+g6toC/h3nqI,206.000,h4OQZ7bMhp0Pbd5V
0,43,2026-04-05T09:35:23.672Z,201.000,10,113.000,Jg+7wzPVXO3fl6hF,193.000,nbm0/St8w4GUlGA4,196.000,uHgM+VdJzX93m/5O,197.000,jwNdRfwvt/DA6PNq,198.000,3ro8QLJh0yyykLyV,200.000,UfIL2xPYUWA3pa2i,201.000,WYac+BcEaEqjcD+O,202.000,Cr1IDgtoIwjHadzo,204.000,0vdW+g6toC/h3nqI,206.000,h4OQZ7bMhp0Pbd5V
0,44,2026-04-05T09:35:23.873Z,200.000,10,114.000,Jg+7wzPVXO3fl6hF,193.000,3ro8QLJh0yyykLyV,195.000,nbm0/St8w4GUlGA4,196.000,Cr1IDgtoIwjHadzo,198.000,jwNdRfwvt/DA6PNq,199.000,uHgM+VdJzX93m/5O,200.000,WYac+BcEaEqjcD+O,201.000,UfIL2xPYUWA3pa2i,203.000,0vdW+g6toC/h3nqI,206.000,h4OQZ7bMhp0Pbd5V
0,45,2026-04-05T09:35:24.073Z,202.000,10,115.000,Jg+7wzPVXO3fl6hF,195.000,3ro8QLJh0yyykLyV,196.000,jwNdRfwvt/DA6PNq,197.000,uHgM+VdJzX93m/5O,199.000,nbm0/St8w4GUlGA4,200.000,Cr1IDgtoIwjHadzo,202.000,UfIL2xPYUWA3pa2i,203.000,WYac+BcEaEqjcD+O,205.000,0vdW+g6toC/h3nqI,207.000,h4OQZ7bMhp0Pbd5V
0,46,2026-04-05T09:35:24.275Z,202.000,10,114.000,Jg+7wzPVXO3fl6hF,195.000,3ro8QLJh0yyykLyV,196.000,nbm0/St8w4GUlGA4,198.000,Cr1IDgtoIwjHadzo,200.000,UfIL2xPYUWA3pa2i,201.000,jwNdRfwvt/DA6PNq,202.000,WYac+BcEaEqjcD+O,203.000,uHgM+VdJzX93m/5O,205.000,0vdW+g6toC/h3nqI,206.000,h4OQZ7bMhp0Pbd5V
0,47,2026-04-05T09:35:24.477Z,203.000,10,113.000,Jg+7wzPVXO3fl6hF,195.000,3ro8QLJh0yyykLyV,196.000,Cr1IDgtoIwjHadzo,198.000,WYac+BcEaEqjcD+O,200.000,jwNdRfwvt/DA6PNq,202.000,nbm0/St8w4GUlGA4,203.000,UfIL2xPYUWA3pa2i,204.000,uHgM+VdJzX93m/5O,206.000,0vdW+g6toC/h3nqI,207.000,h4OQZ7bMhp0Pbd5V
0,48,2026-04-05T09:35:24.680Z,199.000,10,112.000,Jg+7wzPVXO3fl6hF,190.000,Cr1IDgtoIwjHadzo,192.000,3ro8QLJh0yyykLyV,195.000,nbm0/St8w4GUlGA4,196.000,WYac+BcEaEqjcD+O,197.000,jwNdRfwvt/DA6PNq,199.000,UfIL2xPYUWA3pa2i,200.000,uHgM+VdJzX93m/5O,201.000,0vdW+g6toC/h3nqI,204.000,h4OQZ7bMhp0Pbd5V
0,49,2026-04-05T09:35:24.879Z,201.000,10,115.000,Jg+7wzPVXO3fl6hF,193.000,3ro8QLJh0yyykLyV,195.000,Cr1IDgtoIwjHadzo,196.000,UfIL2xPYUWA3pa2i,199.000,jwNdRfwvt/DA6PNq,200.000,WYac+BcEaEqjcD+O,201.000,uHgM+VdJzX93m/5O,202.000,nbm0/St8w4GUlGA4,204.000,0vdW+g6toC/h3nqI,206.000,h4OQZ7bMhp0Pbd5V
0,50,2026-04-05T09:35:25.080Z,201.000,10,115.000,Jg+7wzPVXO3fl6hF,193.000,3ro8QLJh0yyykLyV,196.000,Cr1IDgtoIwjHadzo,197.000,uHgM+VdJzX93m/5O,198.000,UfIL2xPYUWA3pa2i,199.000,nbm0/St8w4GUlGA4,201.000,jwNdRfwvt/DA6PNq,202.000,WYac+BcEaEqjcD+O,204.000,0vdW+g6toC/h3nqI,206.000,h4OQZ7bMhp0Pbd5V
0,51,2026-04-05T09:35:25.281Z,202.000,10,115.000,Jg+7wzPVXO3fl6hF,191.000,3ro8QLJh0yyykLyV,195.000,Cr1IDgtoIwjHadzo,197.000,nbm0/St8w4GUlGA4,199.000,WYac+BcEaEqjcD+O,200.000,uHgM+VdJzX93m/5O,202.000,jwNdRfwvt/DA6PNq,203.000,0vdW+g6toC/h3nqI,204.000,UfIL2xPYUWA3pa2i,206.000,h4OQZ7bMhp0Pbd5V
0,52,2026-04-05T09:35:25.483Z,200.000,10,114.000,Jg+7wzPVXO3fl6hF,191.000,3ro8QLJh0yyykLyV,194.000,uHgM+VdJzX93m/5O,196.000,jwNdRfwvt/DA6PNq,198.000,Cr1IDgtoIwjHadzo,199.000,nbm0/St8w4GUlGA4,200.000,UfIL2xPYUWA3pa2i,201.000,WYac+BcEaEqjcD+O,203.000,0vdW+g6toC/h3nqI,205.000,h4OQZ7bMhp0Pbd5V
0,53,2026-04-05T09:35:25.683Z,201.000,10,115.000,Jg+7wzPVXO3fl6hF,192.000,3ro8QLJh0yyykLyV,195.000,nbm0/St8w4GUlGA4,197.000,jwNdRfwvt/DA6PNq,198.000,Cr1IDgtoIwjHadzo,199.000,UfIL2xPYUWA3pa2i,200.000,uHgM+VdJzX93m/5O,202.000,WYac+BcEaEqjcD+O,203.000,0vdW+g6toC/h3nqI,206.000,h4OQZ7bMhp0Pbd5V
0,54,2026-04-05T09:35:25.884Z,201.000,10,115.000,Jg+7wzPVXO3fl6hF,193.000,3ro8QLJh0yyykLyV,195.000,uHgM+VdJzX93m/5O,196.000,nbm0/St8w4GUlGA4,197.000,jwNdRfwvt/DA6PNq,199.000,Cr1IDgtoIwjHadzo,201.000,UfIL2xPYUWA3pa2i,202.000,WYac+BcEaEqjcD+O,203.000,0vdW+g6toC/h3nqI,206.000,h4OQZ7bMhp0Pbd5V
0,55,2026-04-05T09:35:26.085Z,201.000,10,114.000,Jg+7wzPVXO3fl6hF,193.000,3ro8QLJh0yyykLyV,195.000,uHgM+VdJzX93m/5O,196.000,jwNdRfwvt/DA6PNq,198.000,nbm0/St8w4GUlGA4,199.000,UfIL2xPYUWA3pa2i,201.000,WYac+BcEaEqjcD+O,202.000,Cr1IDgtoIwjHadzo,203.000,0vdW+g6toC/h3nqI,206.000,h4OQZ7bMhp0Pbd5V
0,56,2026-04-05T09:35:26.286Z,202.000,10,115.000,Jg+7wzPVXO3fl6hF,192.000,3ro8QLJh0yyykLyV,195.000,uHgM+VdJzX93m/5O,197.000,jwNdRfwvt/DA6PNq,199.000,UfIL2xPYUWA3pa2i,200.000,Cr1IDgtoIwjHadzo,201.000,WYac+BcEaEqjcD+O,203.000,nbm0/St8w4GUlGA4,204.000,0vdW+g6toC/h3nqI,205.000,h4OQZ7bMhp0Pbd5V
0,57,2026-04-05T09:35:26.488Z,199.000,10,114.000,Jg+7wzPVXO3fl6hF,191.000,3ro8QLJh0yyykLyV,194.000,uHgM+VdJzX93m/5O,195.000,nbm0/St8w4GUlGA4,197.000,jwNdRfwvt/DA6PNq,198.000,Cr1IDgtoIwjHadzo,199.000,WYac+BcEaEqjcD+O,201.000,0vdW+g6toC/h3nqI,202.000,UfIL2xPYUWA3pa2i,206.000,h4OQZ7bMhp0Pbd5V
0,58,2026-04-05T09:35:26.687Z,202.000,10,115.000,Jg+7wzPVXO3fl6hF,194.000,3ro8QLJh0yyykLyV,196.000,jwNdRfwvt/DA6PNq,198.000,UfIL2xPYUWA3pa2i,199.000,WYac+BcEaEqjcD+O,200.000,uHgM+VdJzX93m/5O,201.000,0vdW+g6toC/h3nqI,203.000,Cr1IDgtoIwjHadzo,204.000,nbm0/St8w4GUlGA4,208.000,h4OQZ7bMhp0Pbd5V
0,59,2026-04-05T09:35:26.889Z,201.000,10,115.000,Jg+7wzPVXO3fl6hF,193.000,3ro8QLJh0yyykLyV,195.000,Cr1IDgtoIwjHadzo,197.000,WYac+BcEaEqjcD+O,198.000,UfIL2xPYUWA3pa2i,199.000,jwNdRfwvt/DA6PNq,201.000,nbm0/St8w4GUlGA4,202.000,uHgM+VdJzX93m/5O,203.000,0vdW+g6toC/h3nqI,207.000,h4OQZ7bMhp0Pbd5V
0,60,2026-04-05T09:35:27.090Z,202.000,10,116.000,Jg+7wzPVXO3fl6hF,195.000,3ro8QLJh0yyykLyV,197.000,UfIL2xPYUWA3pa2i,199.000,WYac+BcEaEqjcD+O,200.000,jwNdRfwvt/DA6PNq,201.000,0vdW+g6toC/h3nqI,202.000,nbm0/St8w4GUlGA4,204.000,Cr1IDgtoIwjHadzo,205.000,uHgM+VdJzX93m/5O,208.000,h4OQZ7bMhp0Pbd5V
0,61,2026-04-05T09:35:27.292Z,200.000,10,115.000,Jg+7wzPVXO3fl6hF,193.000,3ro8QLJh0yyykLyV,195.000,UfIL2xPYUWA3pa2i,196.000,WYac+BcEaEqjcD+O,198.000,Cr1IDgtoIwjHadzo,199.000,0vdW+g6toC/h3nqI,200.000,nbm0/St8w4GUlGA4,202.000,uHgM+VdJzX93m/5O,203.000,jwNdRfwvt/DA6PNq,207.000,h4OQZ7bMhp0Pbd5V
0,62,2026-04-05T09:35:27.492Z,202.000,10,116.000,Jg+7wzPVXO3fl6hF,195.000,3ro8QLJh0yyykLyV,197.000,0vdW+g6toC/h3nqI,198.000,UfIL2xPYUWA3pa2i,199.000,uHgM+VdJzX93m/5O,201.000,jwNdRfwvt/DA6PNq,202.000,Cr1IDgtoIwjHadzo,203.000,nbm0/St8w4GUlGA4,204.000,WYac+BcEaEqjcD+O,208.000,h4OQZ7bMhp0Pbd5V
0,63,2026-04-05T09:35:27.694Z,200.000,10,116.000,Jg+7wzPVXO3fl6hF,194.000,UfIL2xPYUWA3pa2i,196.000,WYac+BcEaEqjcD+O,196.000,3ro8QLJh0yyykLyV,197.000,0vdW+g6toC/h3nqI,199.000,jwNdRfwvt/DA6PNq,200.000,uHgM+VdJzX93m/5O,202.000,nbm0/St8w4GUlGA4,203.000,Cr1IDgtoIwjHadzo,206.000,h4OQZ7bMhp0Pbd5V
0,64,2026-04-05T09:35:27.894Z,203.000,10,118.000,Jg+7wzPVXO3fl6hF,196.000,0vdW+g6toC/h3nqI,197.000,3ro8QLJh0yyykLyV,199.000,uHgM+VdJzX93m/5O,200.000,UfIL2xPYUWA3pa2i,201.000,WYac+BcEaEqjcD+O,203.000,nbm0/St8w4GUlGA4,204.000,jwNdRfwvt/DA6PNq,205.000,Cr1IDgtoIwjHadzo,207.000,h4OQZ7bMhp0Pbd5V
0,65,2026-04-05T09:35:28.097Z,199.000,10,116.000,Jg+7wzPVXO3fl6hF,192.000,WYac+BcEaEqjcD+O,193.000,3ro8QLJh0yyykLyV,195.000,UfIL2xPYUWA3pa2i,196.000,0vdW+g6toC/h3nqI,198.000,jwNdRfwvt/DA6PNq,199.000,nbm0/St8w4GUlGA4,200.000,uHgM+VdJzX93m/5O,202.000,Cr1IDgtoIwjHadzo,205.000,h4OQZ7bMhp0Pbd5V
0,66,2026-04-05T09:35:28.296Z,202.000,10,118.000,Jg+7wzPVXO3fl6hF,194.000,3ro8QLJh0yyykLyV,196.000,jwNdRfwvt/DA6PNq,198.000,0vdW+g6toC/h3nqI,199.000,WYac+BcEaEqjcD+O,201.000,Cr1IDgtoIwjHadzo,202.000,nbm0/St8w4GUlGA4,203.000,uHgM+VdJzX93m/5O,204.000,UfIL2xPYUWA3pa2i,208.000,h4OQZ7bMhp0Pbd5V
0,67,2026-04-05T09:35:28.498Z,202.000,10,117.000,Jg+7wzPVXO3fl6hF,193.000,3ro8QLJh0yyykLyV,196.000,jwNdRfwvt/DA6PNq,198.000,nbm0/St8w4GUlGA4,199.000,0vdW+g6toC/h3nqI,201.000,WYac+BcEaEqjcD+O,202.000,uHgM+VdJzX93m/5O,203.000,UfIL2xPYUWA3pa2i,204.000,Cr1IDgtoIwjHadzo,207.000,h4OQZ7bMhp0Pbd5V
0,68,2026-04-05T09:35:28.700Z,200.000,10,116.000,Jg+7wzPVXO3fl6hF,192.000,nbm0/St8w4GUlGA4,194.000,3ro8QLJh0yyykLyV,196.000,jwNdRfwvt/DA6PNq,197.000,Cr1IDgtoIwjHadzo,199.000,WYac+BcEaEqjcD+O,200.000,0vdW+g6toC/h3nqI,201.000,UfIL2xPYUWA3pa2i,202.000,uHgM+VdJzX93m/5O,205.000,h4OQZ7bMhp0Pbd5V
0,69,2026-04-05T09:35:28.900Z,200.000,10,118.000,Jg+7wzPVXO3fl6hF,193.000,jwNdRfwvt/DA6PNq,194.000,3ro8QLJh0yyykLyV,196.000,nbm0/St8w4GUlGA4,198.000,Cr1IDgtoIwjHadzo,199.000,UfIL2xPYUWA3pa2i,200.000,0vdW+g6toC/h3nqI,202.000,WYac+BcEaEqjcD+O,204.000,uHgM+VdJzX93m/5O,205.000,h4OQZ7bMhp0Pbd5V
0,70,2026-04-05T09:35:29.100Z,201.000,10,120.000,Jg+7wzPVXO3fl6hF,195.000,nbm0/St8w4GUlGA4,196.000,3ro8QLJh0yyykLyV,198.000,UfIL2xPYUWA3pa2i,199.000,Cr1IDgtoIwjHadzo,200.000,0vdW+g6toC/h3nqI,201.000,WYac+BcEaEqjcD+O,203.000,uHgM+VdJzX93m/5O,204.000,jwNdRfwvt/DA6PNq,208.000,h4OQZ7bMhp0Pbd5V
0,71,2026-04-05T09:35:29.301Z,203.000,10,119.000,Jg+7wzPVXO3fl6hF,197.000,nbm0/St8w4GUlGA4,197.000,3ro8QLJh0yyykLyV,199.000,jwNdRfwvt/DA6PNq,200.000,WYac+BcEaEqjcD+O,202.000,UfIL2xPYUWA3pa2i,203.000,uHgM+VdJzX93m/5O,205.000,Cr1IDgtoIwjHadzo,207.000,0vdW+g6toC/h3nqI,208.000,h4OQZ7bMhp0Pbd5V
0,72,2026-04-05T09:35:29.504Z,201.000,10,118.000,Jg+7wzPVXO3fl6hF,194.000,nbm0/St8w4GUlGA4,195.000,3ro8QLJh0yyykLyV,197.000,uHgM+VdJzX93m/5O,198.000,Cr1IDgtoIwjHadzo,200.000,jwNdRfwvt/DA6PNq,201.000,UfIL2xPYUWA3pa2i,202.000,0vdW+g6toC/h3nqI,204.000,WYac+BcEaEqjcD+O,206.000,h4OQZ7bMhp0Pbd5V
0,73,2026-04-05T09:35:29.705Z,200.000,10,118.000,Jg+7wzPVXO3fl6hF,193.000,3ro8QLJh0yyykLyV,195.000,0vdW+g6toC/h3nqI,196.000,nbm0/St8w4GUlGA4,198.000,jwNdRfwvt/DA6PNq,199.000,WYac+BcEaEqjcD+O,200.000,Cr1IDgtoIwjHadzo,202.000,UfIL2xPYUWA3pa2i,203.000,uHgM+VdJzX93m/5O,207.000,h4OQZ7bMhp0Pbd5V
0,74,2026-04-05T09:35:29.905Z,202.000,10,120.000,Jg+7wzPVXO3fl6hF,195.000,3ro8QLJh0yyykLyV,197.000,nbm0/St8w4GUlGA4,198.000,uHgM+VdJzX93m/5O,200.000,jwNdRfwvt/DA6PNq,201.000,Cr1IDgtoIwjHadzo,202.000,UfIL2xPYUWA3pa2i,203.000,WYac+BcEaEqjcD+O,204.000,0vdW+g6toC/h3nqI,209.000,h4OQZ7bMhp0Pbd5V
0,75,2026-04-05T09:35:30.107Z,202.000,10,119.000,Jg+7wzPVXO3fl6hF,194.000,3ro8QLJh0yyykLyV,196.000,0vdW+g6toC/h3nqI,198.000,jwNdRfwvt/DA6PNq,199.000,nbm0/St8w4GUlGA4,200.000,uHgM+VdJzX93m/5O,201.000,UfIL2xPYUWA3pa2i,203.000,Cr1IDgtoIwjHadzo,205.000,WYac+BcEaEqjcD+O,207.000,h4OQZ7bMhp0Pbd5V
0,76,2026-04-05T09:35:30.309Z,201.000,10,118.000,Jg+7wzPVXO3fl6hF,193.000,3ro8QLJh0yyykLyV,195.000,jwNdRfwvt/DA6PNq,197.000,Cr1IDgtoIwjHadzo,198.000,uHgM+VdJzX93m/5O,199.000,UfIL2xPYUWA3pa2i,200.000,0vdW+g6toC/h3nqI,202.000,nbm0/St8w4GUlGA4,203.000,WYac+BcEaEqjcD+O,207.000,h4OQZ7bMhp0Pbd5V
0,77,2026-04-05T09:35:30.510Z,200.000,10,117.000,Jg+7wzPVXO3fl6hF,193.000,jwNdRfwvt/DA6PNq,194.000,3ro8QLJh0yyykLyV,196.000,uHgM+VdJzX93m/5O,197.000,nbm0/St8w4GUlGA4,199.000,0vdW+g6toC/h3nqI,200.000,UfIL2xPYUWA3pa2i,201.000,WYac+BcEaEqjcD+O,202.000,Cr1IDgtoIwjHadzo,206.000,h4OQZ7bMhp0Pbd5V
0,78,2026-04-05T09:35:30.710Z,202.000,10,119.000,Jg+7wzPVXO3fl6hF,195.000,3ro8QLJh0yyykLyV,197.000,UfIL2xPYUWA3pa2i,198.000,WYac+BcEaEqjcD+O,199.000,uHgM+VdJzX93m/5O,200.000,0vdW+g6toC/h3nqI,202.000,Cr1IDgtoIwjHadzo,203.000,nbm0/St8w4GUlGA4,205.000,jwNdRfwvt/DA6PNq,208.000,h4OQZ7bMhp0Pbd5V
0,79,2026-04-05T09:35:30.912Z,201.000,10,118.000,Jg+7wzPVXO3fl6hF,193.000,3ro8QLJh0yyykLyV,195.000,uHgM+VdJzX93m/5O,197.000,0vdW+g6toC/h3nqI,198.000,WYac+BcEaEqjcD+O,199.000,nbm0/St8w4GUlGA4,201.000,Cr1IDgtoIwjHadzo,202.000,jwNdRfwvt/DA6PNq,203.000,UfIL2xPYUWA3pa2i,207.000,h4OQZ7bMhp0Pbd5V
0,80,2026-04-05T09:35:31.113Z,202.000,10,118.000,Jg+7wzPVXO3fl6hF,194.000,3ro8QLJh0yyykLyV,196.000,jwNdRfwvt/DA6PNq,198.000,uHgM+VdJzX93m/5O,199.000,nbm0/St8w4GUlGA4,200.000,Cr1IDgtoIwjHadzo,201.000,UfIL2xPYUWA3pa2i,203.000,0vdW+g6toC/h3nqI,205.000,WYac+BcEaEqjcD+O,208.000,h4OQZ7bMhp0Pbd5V
0,81,2026-04-05T09:35:31.315Z,206.000,10,118.000,Jg+7wzPVXO3fl6hF,192.000,3ro8QLJh0yyykLyV,195.000,0vdW+g6toC/h3nqI,200.000,UfIL2xPYUWA3pa2i,203.000,uHgM+VdJzX93m/5O,205.000,nbm0/St8w4GUlGA4,206.000,jwNdRfwvt/DA6PNq,208.000,Cr1IDgtoIwjHadzo,209.000,WYac+BcEaEqjcD+O,210.000,h4OQZ7bMhp0Pbd5V
0,82,2026-04-05T09:35:31.521Z,200.000,10,123.000,Jg+7wzPVXO3fl6hF,187.000,3ro8QLJh0yyykLyV,193.000,UfIL2xPYUWA3pa2i,194.000,0vdW+g6toC/h3nqI,196.000,nbm0/St8w4GUlGA4,197.000,uHgM+VdJzX93m/5O,199.000,Cr1IDgtoIwjHadzo,201.000,jwNdRfwvt/DA6PNq,203.000,WYac+BcEaEqjcD+O,204.000,h4OQZ7bMhp0Pbd5V
0,83,2026-04-05T09:35:31.721Z,200.000,10,115.000,Jg+7wzPVXO3fl6hF,190.000,3ro8QLJh0yyykLyV,194.000,uHgM+VdJzX93m/5O,195.000,jwNdRfwvt/DA6PNq,196.000,0vdW+g6toC/h3nqI,198.000,UfIL2xPYUWA3pa2i,200.000,WYac+BcEaEqjcD+O,202.000,Cr1IDgtoIwjHadzo,204.000,nbm0/St8w4GUlGA4,212.000,h4OQZ7bMhp0Pbd5V
0,84,2026-04-05T09:35:31.921Z,203.000,10,117.000,Jg+7wzPVXO3fl6hF,195.000,3ro8QLJh0yyykLyV,196.000,jwNdRfwvt/DA6PNq,199.000,uHgM+VdJzX93m/5O,200.000,Cr1IDgtoIwjHadzo,202.000,UfIL2xPYUWA3pa2i,203.000,0vdW+g6toC/h3nqI,204.000,nbm0/St8w4GUlGA4,206.000,WYac+BcEaEqjcD+O,208.000,h4OQZ7bMhp0Pbd5V
0,85,2026-04-05T09:35:32.124Z,195.000,10,114.000,Jg+7wzPVXO3fl6hF,187.000,3ro8QLJh0yyykLyV,189.000,Cr1IDgtoIwjHadzo,190.000,uHgM+VdJzX93m/5O,192.000,nbm0/St8w4GUlGA4,193.000,WYac+BcEaEqjcD+O,195.000,0vdW+g6toC/h3nqI,196.000,jwNdRfwvt/DA6PNq,197.000,UfIL2xPYUWA3pa2i,201.000,h4OQZ7bMhp0Pbd5V
0,86,2026-04-05T09:35:32.319Z,203.000,10,121.000,Jg+7wzPVXO3fl6hF,196.000,Cr1IDgtoIwjHadzo,197.000,3ro8QLJh0yyykLyV,199.000,jwNdRfwvt/DA6PNq,200.000,WYac+BcEaEqjcD+O,201.000,UfIL2xPYUWA3pa2i,202.000,0vdW+g6toC/h3nqI,205.000,nbm0/St8w4GUlGA4,207.000,uHgM+VdJzX93m/5O,208.000,h4OQZ7bMhp0Pbd5V
0,87,2026-04-05T09:35:32.522Z,201.000,10,120.000,Jg+7wzPVXO3fl6hF,193.000,3ro8QLJh0yyykLyV,195.000,WYac+BcEaEqjcD+O,197.000,UfIL2xPYUWA3pa2i,197.000,Cr1IDgtoIwjHadzo,199.000,jwNdRfwvt/DA6PNq,201.000,0vdW+g6toC/h3nqI,202.000,nbm0/St8w4GUlGA4,204.000,h4OQZ7bMhp0Pbd5V,232.000,uHgM+VdJzX93m/5O
0,88,2026-04-05T09:35:32.723Z,204.000,10,120.000,Jg+7wzPVXO3fl6hF,196.000,3ro8QLJh0yyykLyV,197.000,UfIL2xPYUWA3pa2i,200.000,WYac+BcEaEqjcD+O,201.000,jwNdRfwvt/DA6PNq,203.000,0vdW+g6toC/h3nqI,204.000,uHgM+VdJzX93m/5O,205.000,nbm0/St8w4GUlGA4,206.000,Cr1IDgtoIwjHadzo,208.000,h4OQZ7bMhp0Pbd5V
0,89,2026-04-05T09:35:32.927Z,203.000,10,118.000,Jg+7wzPVXO3fl6hF,193.000,WYac+BcEaEqjcD+O,194.000,3ro8QLJh0yyykLyV,199.000,0vdW+g6toC/h3nqI,200.000,nbm0/St8w4GUlGA4,202.000,UfIL2xPYUWA3pa2i,203.000,jwNdRfwvt/DA6PNq,204.000,uHgM+VdJzX93m/5O,205.000,Cr1IDgtoIwjHadzo,207.000,h4OQZ7bMhp0Pbd5V
0,90,2026-04-05T09:35:33.130Z,198.000,10,117.000,Jg+7wzPVXO3fl6hF,189.000,uHgM+VdJzX93m/5O,191.000,3ro8QLJh0yyykLyV,193.000,UfIL2xPYUWA3pa2i,194.000,0vdW+g6toC/h3nqI,196.000,jwNdRfwvt/DA6PNq,197.000,Cr1IDgtoIwjHadzo,199.000,nbm0/St8w4GUlGA4,200.000,WYac+BcEaEqjcD+O,201.000,h4OQZ7bMhp0Pbd5V
0,91,2026-04-05T09:35:33.328Z,202.000,10,139.000,Jg+7wzPVXO3fl6hF,192.000,jwNdRfwvt/DA6PNq,195.000,3ro8QLJh0yyykLyV,196.000,0vdW+g6toC/h3nqI,199.000,uHgM+VdJzX93m/5O,200.000,WYac+BcEaEqjcD+O,202.000,Cr1IDgtoIwjHadzo,203.000,UfIL2xPYUWA3pa2i,205.000,nbm0/St8w4GUlGA4,206.000,h4OQZ7bMhp0Pbd5V
0,92,2026-04-05T09:35:33.530Z,193.000,10,132.000,Jg+7wzPVXO3fl6hF,186.000,0vdW+g6toC/h3nqI,187.000,UfIL2xPYUWA3pa2i,188.000,Cr1IDgtoIwjHadzo,189.000,nbm0/St8w4GUlGA4,191.000,WYac+BcEaEqjcD+O,193.000,jwNdRfwvt/DA6PNq,196.000,3ro8QLJh0yyykLyV,196.000,uHgM+VdJzX93m/5O,210.000,h4OQZ7bMhp0Pbd5V
0,93,2026-04-05T09:35:33.723Z,206.000,10,141.000,Jg+7wzPVXO3fl6hF,197.000,0vdW+g6toC/h3nqI,200.000,3ro8QLJh0yyykLyV,201.000,Cr1IDgtoIwjHadzo,203.000,WYac+BcEaEqjcD+O,205.000,jwNdRfwvt/DA6PNq,206.000,nbm0/St8w4GUlGA4,207.000,h4OQZ7bMhp0Pbd5V,210.000,UfIL2xPYUWA3pa2i,289.000,uHgM+VdJzX93m/5O
0,94,2026-04-05T09:35:33.929Z,238.000,10,135.000,Jg+7wzPVXO3fl6hF,229.000,3ro8QLJh0yyykLyV,231.000,uHgM+VdJzX93m/5O,234.000,0vdW+g6toC/h3nqI,236.000,WYac+BcEaEqjcD+O,237.000,h4OQZ7bMhp0Pbd5V,238.000,jwNdRfwvt/DA6PNq,292.000,UfIL2xPYUWA3pa2i,293.000,Cr1IDgtoIwjHadzo,404.000,nbm0/St8w4GUlGA4
0,95,2026-04-05T09:35:34.167Z,164.000,9,100.000,Jg+7wzPVXO3fl6hF,154.000,UfIL2xPYUWA3pa2i,156.000,jwNdRfwvt/DA6PNq,159.000,WYac+BcEaEqjcD+O,160.000,uHgM+VdJzX93m/5O,161.000,0vdW+g6toC/h3nqI,163.000,Cr1IDgtoIwjHadzo,168.000,h4OQZ7bMhp0Pbd5V,204.000,nbm0/St8w4GUlGA4,,
0,96,2026-04-05T09:35:34.331Z,202.000,9,21.000,3ro8QLJh0yyykLyV,135.000,Jg+7wzPVXO3fl6hF,192.000,uHgM+VdJzX93m/5O,193.000,UfIL2xPYUWA3pa2i,194.000,0vdW+g6toC/h3nqI,195.000,jwNdRfwvt/DA6PNq,202.000,h4OQZ7bMhp0Pbd5V,203.000,WYac+BcEaEqjcD+O,204.000,Cr1IDgtoIwjHadzo,,
0,97,2026-04-05T09:35:34.533Z,208.000,10,10.000,nbm0/St8w4GUlGA4,23.000,3ro8QLJh0yyykLyV,192.000,0vdW+g6toC/h3nqI,201.000,uHgM+VdJzX93m/5O,204.000,UfIL2xPYUWA3pa2i,206.000,WYac+BcEaEqjcD+O,208.000,h4OQZ7bMhp0Pbd5V,218.000,Jg+7wzPVXO3fl6hF,222.000,Cr1IDgtoIwjHadzo,242.000,jwNdRfwvt/DA6PNq
0,98,2026-04-05T09:35:34.741Z,191.000,8,8.000,nbm0/St8w4GUlGA4,18.000,3ro8QLJh0yyykLyV,185.000,uHgM+VdJzX93m/5O,186.000,0vdW+g6toC/h3nqI,189.000,UfIL2xPYUWA3pa2i,190.000,WYac+BcEaEqjcD+O,191.000,jwNdRfwvt/DA6PNq,193.000,h4OQZ7bMhp0Pbd5V,,,,
0,99,2026-04-05T09:35:34.932Z,200.000,10,6.000,Jg+7wzPVXO3fl6hF,11.000,Cr1IDgtoIwjHadzo,27.000,3ro8QLJh0yyykLyV,107.000,nbm0/St8w4GUlGA4,195.000,0vdW+g6toC/h3nqI,196.000,uHgM+VdJzX93m/5O,200.000,WYac+BcEaEqjcD+O,201.000,h4OQZ7bMhp0Pbd5V,205.000,UfIL2xPYUWA3pa2i,210.000,jwNdRfwvt/DA6PNq
0,100,2026-04-05T09:35:35.132Z,198.000,10,7.000,Jg+7wzPVXO3fl6hF,15.000,Cr1IDgtoIwjHadzo,28.000,3ro8QLJh0yyykLyV,102.000,nbm0/St8w4GUlGA4,195.000,uHgM+VdJzX93m/5O,196.000,0vdW+g6toC/h3nqI,198.000,UfIL2xPYUWA3pa2i,201.000,WYac+BcEaEqjcD+O,204.000,jwNdRfwvt/DA6PNq,207.000,h4OQZ7bMhp0Pbd5V
0,101,2026-04-05T09:35:35.330Z,232.000,10,10.000,Jg+7wzPVXO3fl6hF,19.000,Cr1IDgtoIwjHadzo,30.000,3ro8QLJh0yyykLyV,230.000,nbm0/St8w4GUlGA4,230.000,uHgM+VdJzX93m/5O,231.000,WYac+BcEaEqjcD+O,231.000,h4OQZ7bMhp0Pbd5V,236.000,UfIL2xPYUWA3pa2i,238.000,0vdW+g6toC/h3nqI,260.000,jwNdRfwvt/DA6PNq
0,102,2026-04-05T09:35:35.562Z,169.000,9,5.000,3ro8QLJh0yyykLyV,9.000,Cr1IDgtoIwjHadzo,24.000,Jg+7wzPVXO3fl6hF,74.000,nbm0/St8w4GUlGA4,166.000,0vdW+g6toC/h3nqI,167.000,uHgM+VdJzX93m/5O,169.000,WYac+BcEaEqjcD+O,172.000,jwNdRfwvt/DA6PNq,173.000,h4OQZ7bMhp0Pbd5V,,
0,103,2026-04-05T09:35:35.731Z,199.000,10,24.000,UfIL2xPYUWA3pa2i,35.000,3ro8QLJh0yyykLyV,36.000,Cr1IDgtoIwjHadzo,51.000,Jg+7wzPVXO3fl6hF,107.000,nbm0/St8w4GUlGA4,198.000,0vdW+g6toC/h3nqI,199.000,jwNdRfwvt/DA6PNq,199.000,WYac+BcEaEqjcD+O,200.000,uHgM+VdJzX93m/5O,206.000,h4OQZ7bMhp0Pbd5V
0,104,2026-04-05T09:35:35.930Z,206.000,10,27.000,UfIL2xPYUWA3pa2i,37.000,3ro8QLJh0yyykLyV,41.000,Cr1IDgtoIwjHadzo,52.000,Jg+7wzPVXO3fl6hF,108.000,nbm0/St8w4GUlGA4,203.000,jwNdRfwvt/DA6PNq,206.000,WYac+BcEaEqjcD+O,207.000,h4OQZ7bMhp0Pbd5V,210.000,0vdW+g6toC/h3nqI,477.000,uHgM+VdJzX93m/5O
0,105,2026-04-05T09:35:36.136Z,199.000,9,22.000,UfIL2xPYUWA3pa2i,35.000,3ro8QLJh0yyykLyV,36.000,Cr1IDgtoIwjHadzo,48.000,Jg+7wzPVXO3fl6hF,105.000,nbm0/St8w4GUlGA4,197.000,0vdW+g6toC/h3nqI,199.000,jwNdRfwvt/DA6PNq,201.000,h4OQZ7bMhp0Pbd5V,205.000,WYac+BcEaEqjcD+O,,
0,106,2026-04-05T09:35:36.335Z,201.000,9,27.000,UfIL2xPYUWA3pa2i,38.000,Cr1IDgtoIwjHadzo,40.000,3ro8QLJh0yyykLyV,51.000,Jg+7wzPVXO3fl6hF,106.000,nbm0/St8w4GUlGA4,197.000,WYac+BcEaEqjcD+O,201.000,0vdW+g6toC/h3nqI,203.000,jwNdRfwvt/DA6PNq,205.000,h4OQZ7bMhp0Pbd5V,,
0,107,2026-04-05T09:35:36.536Z,200.000,10,23.000,UfIL2xPYUWA3pa2i,36.000,Cr1IDgtoIwjHadzo,41.000,3ro8QLJh0yyykLyV,45.000,uHgM+VdJzX93m/5O,51.000,Jg+7wzPVXO3fl6hF,107.000,nbm0/St8w4GUlGA4,200.000,jwNdRfwvt/DA6PNq,210.000,h4OQZ7bMhp0Pbd5V,213.000,WYac+BcEaEqjcD+O,231.000,0vdW+g6toC/h3nqI
0,108,2026-04-05T09:35:36.736Z,200.000,9,25.000,UfIL2xPYUWA3pa2i,38.000,3ro8QLJh0yyykLyV,46.000,uHgM+VdJzX93m/5O,52.000,Jg+7wzPVXO3fl6hF,109.000,nbm0/St8w4GUlGA4,125.000,Cr1IDgtoIwjHadzo,200.000,jwNdRfwvt/DA6PNq,201.000,WYac+BcEaEqjcD+O,273.000,h4OQZ7bMhp0Pbd5V,,
0,109,2026-04-05T09:35:36.936Z,111.000,7,27.000,UfIL2xPYUWA3pa2i,28.000,0vdW+g6toC/h3nqI,39.000,3ro8QLJh0yyykLyV,47.000,uHgM+VdJzX93m/5O,53.000,Jg+7wzPVXO3fl6hF,110.000,nbm0/St8w4GUlGA4,111.000,Cr1IDgtoIwjHadzo,,,,,,
0,110,2026-04-05T09:35:37.047Z,136.000,7,90.000,jwNdRfwvt/DA6PNq,92.000,WYac+BcEaEqjcD+O,95.000,h4OQZ7bMhp0Pbd5V,116.000,0vdW+g6toC/h3nqI,119.000,UfIL2xPYUWA3pa2i,129.000,3ro8QLJh0yyykLyV,135.000,uHgM+VdJzX93m/5O,,,,,,
0,111,2026-04-05T09:35:37.183Z,181.000,9,8.000,Jg+7wzPVXO3fl6hF,63.000,nbm0/St8w4GUlGA4,64.000,Cr1IDgtoIwjHadzo,155.000,WYac+BcEaEqjcD+O,158.000,jwNdRfwvt/DA6PNq,160.000,h4OQZ7bMhp0Pbd5V,181.000,0vdW+g6toC/h3nqI,182.000,UfIL2xPYUWA3pa2i,316.000,uHgM+VdJzX93m/5O,,
0,112,2026-04-05T09:35:37.364Z,202.000,9,12.000,3ro8QLJh0yyykLyV,27.000,Jg+7wzPVXO3fl6hF,85.000,Cr1IDgtoIwjHadzo,86.000,nbm0/St8w4GUlGA4,176.000,jwNdRfwvt/DA6PNq,179.000,h4OQZ7bMhp0Pbd5V,202.000,0vdW+g6toC/h3nqI,208.000,UfIL2xPYUWA3pa2i,244.000,WYac+BcEaEqjcD+O,,
0,113,2026-04-05T09:35:37.566Z,203.000,9,12.000,3ro8QLJh0yyykLyV,28.000,Jg+7wzPVXO3fl6hF,82.000,nbm0/St8w4GUlGA4,85.000,Cr1IDgtoIwjHadzo,122.000,uHgM+VdJzX93m/5O,177.000,jwNdRfwvt/DA6PNq,203.000,UfIL2xPYUWA3pa2i,204.000,h4OQZ7bMhp0Pbd5V,212.000,0vdW+g6toC/h3nqI,,
0,114,2026-04-05T09:35:37.769Z,175.000,8,11.000,3ro8QLJh0yyykLyV,23.000,WYac+BcEaEqjcD+O,27.000,Jg+7wzPVXO3fl6hF,80.000,nbm0/St8w4GUlGA4,83.000,Cr1IDgtoIwjHadzo,120.000,uHgM+VdJzX93m/5O,174.000,jwNdRfwvt/DA6PNq,175.000,h4OQZ7bMhp0Pbd5V,,,,
0,115,2026-04-05T09:35:37.944Z,109.000,7,25.000,UfIL2xPYUWA3pa2i,27.000,0vdW+g6toC/h3nqI,36.000,3ro8QLJh0yyykLyV,50.000,WYac+BcEaEqjcD+O,53.000,Jg+7wzPVXO3fl6hF,107.000,nbm0/St8w4GUlGA4,109.000,Cr1IDgtoIwjHadzo,,,,,,
0,116,2026-04-05T09:35:38.053Z,145.000,8,37.000,uHgM+VdJzX93m/5O,92.000,h4OQZ7bMhp0Pbd5V,93.000,jwNdRfwvt/DA6PNq,117.000,UfIL2xPYUWA3pa2i,120.000,0vdW+g6toC/h3nqI,130.000,3ro8QLJh0yyykLyV,145.000,Jg+7wzPVXO3fl6hF,148.000,WYac+BcEaEqjcD+O,,,,
0,117,2026-04-05T09:35:38.198Z,185.000,8,54.000,Cr1IDgtoIwjHadzo,129.000,uHgM+VdJzX93m/5O,129.000,nbm0/St8w4GUlGA4,147.000,h4OQZ7bMhp0Pbd5V,173.000,UfIL2xPYUWA3pa2i,177.000,0vdW+g6toC/h3nqI,185.000,3ro8QLJh0yyykLyV,244.000,jwNdRfwvt/DA6PNq,,,,
0,118,2026-04-05T09:35:38.383Z,165.000,7,13.000,WYac+BcEaEqjcD+O,18.000,Jg+7wzPVXO3fl6hF,70.000,Cr1IDgtoIwjHadzo,93.000,nbm0/St8w4GUlGA4,109.000,uHgM+VdJzX93m/5O,164.000,h4OQZ7bMhp0Pbd5V,165.000,jwNdRfwvt/DA6PNq,,,,,,
0,119,2026-04-05T09:35:38.548Z,147.000,8,24.000,UfIL2xPYUWA3pa2i,42.000,3ro8QLJh0yyykLyV,50.000,WYac+BcEaEqjcD+O,80.000,Jg+7wzPVXO3fl6hF,106.000,Cr1IDgtoIwjHadzo,129.000,nbm0/St8w4GUlGA4,146.000,uHgM+VdJzX93m/5O,169.000,0vdW+g6toC/h3nqI,,,,
0,120,2026-04-05T09:35:38.695Z,107.000,7,54.000,jwNdRfwvt/DA6PNq,55.000,h4OQZ7bMhp0Pbd5V,79.000,0vdW+g6toC/h3nqI,81.000,UfIL2xPYUWA3pa2i,92.000,3ro8QLJh0yyykLyV,103.000,WYac+BcEaEqjcD+O,107.000,Jg+7wzPVXO3fl6hF,,,,,,
0,121,2026-04-05T09:35:38.802Z,189.000,8,54.000,Cr1IDgtoIwjHadzo,75.000,nbm0/St8w4GUlGA4,94.000,uHgM+VdJzX93m/5O,148.000,jwNdRfwvt/DA6PNq,175.000,0vdW+g6toC/h3nqI,184.000,UfIL2xPYUWA3pa2i,189.000,3ro8QLJh0yyykLyV,236.000,h4OQZ7bMhp0Pbd5V,,,,
0,122,2026-04-05T09:35:38.991Z,162.000,7,8.000,WYac+BcEaEqjcD+O,14.000,Jg+7wzPVXO3fl6hF,67.000,Cr1IDgtoIwjHadzo,86.000,nbm0/St8w4GUlGA4,105.000,uHgM+VdJzX93m/5O,161.000,jwNdRfwvt/DA6PNq,162.000,h4OQZ7bMhp0Pbd5V,,,,,,
0,123,2026-04-05T09:35:39.153Z,133.000,7,25.000,0vdW+g6toC/h3nqI,26.000,UfIL2xPYUWA3pa2i,35.000,3ro8QLJh0yyykLyV,48.000,WYac+BcEaEqjcD+O,51.000,Jg+7wzPVXO3fl6hF,107.000,Cr1IDgtoIwjHadzo,133.000,nbm0/St8w4GUlGA4,,,,,,
0,124,2026-04-05T09:35:39.286Z,116.000,8,11.000,uHgM+VdJzX93m/5O,65.000,jwNdRfwvt/DA6PNq,68.000,h4OQZ7bMhp0Pbd5V,92.000,UfIL2xPYUWA3pa2i,94.000,0vdW+g6toC/h3nqI,104.000,3ro8QLJh0yyykLyV,116.000,WYac+BcEaEqjcD+O,121.000,Jg+7wzPVXO3fl6hF,,,,
0,125,2026-04-05T09:35:39.402Z,180.000,7,62.000,Cr1IDgtoIwjHadzo,79.000,nbm0/St8w4GUlGA4,96.000,uHgM+VdJzX93m/5O,151.000,jwNdRfwvt/DA6PNq,154.000,h4OQZ7bMhp0Pbd5V,177.000,0vdW+g6toC/h3nqI,180.000,UfIL2xPYUWA3pa2i,,,,,,
0,126,2026-04-05T09:35:39.582Z,172.000,8,9.000,3ro8QLJh0yyykLyV,22.000,WYac+BcEaEqjcD+O,27.000,Jg+7wzPVXO3fl6hF,81.000,Cr1IDgtoIwjHadzo,98.000,nbm0/St8w4GUlGA4,116.000,uHgM+VdJzX93m/5O,172.000,jwNdRfwvt/DA6PNq,347.000,h4OQZ7bMhp0Pbd5V,,,,
0,127,2026-04-05T09:35:39.754Z,126.000,7,26.000,0vdW+g6toC/h3nqI,28.000,UfIL2xPYUWA3pa2i,38.000,3ro8QLJh0yyykLyV,51.000,WYac+BcEaEqjcD+O,56.000,Jg+7wzPVXO3fl6hF,109.000,Cr1IDgtoIwjHadzo,126.000,nbm0/St8w4GUlGA4,,,,,,
0,128,2026-04-05T09:35:39.880Z,125.000,7,19.000,uHgM+VdJzX93m/5O,75.000,h4OQZ7bMhp0Pbd5V,76.000,jwNdRfwvt/DA6PNq,100.000,0vdW+g6toC/h3nqI,106.000,UfIL2xPYUWA3pa2i,113.000,3ro8QLJh0yyykLyV,124.000,WYac+BcEaEqjcD+O,,,,,,
0,129,2026-04-05T09:35:40.005Z,177.000,8,4.000,Jg+7wzPVXO3fl6hF,60.000,Cr1IDgtoIwjHadzo,77.000,nbm0/St8w4GUlGA4,96.000,uHgM+VdJzX93m/5O,153.000,jwNdRfwvt/DA6PNq,155.000,h4OQZ7bMhp0Pbd5V,177.000,UfIL2xPYUWA3pa2i,177.000,0vdW+g6toC/h3nqI,,,,
0,130,2026-04-05T09:35:40.182Z,179.000,8,13.000,3ro8QLJh0yyykLyV,26.000,WYac+BcEaEqjcD+O,31.000,Jg+7wzPVXO3fl6hF,83.000,Cr1IDgtoIwjHadzo,102.000,nbm0/St8w4GUlGA4,122.000,uHgM+VdJzX93m/5O,179.000,h4OQZ7bMhp0Pbd5V,208.000,jwNdRfwvt/DA6PNq,,,,
0,131,2026-04-05T09:35:40.361Z,127.000,7,23.000,0vdW+g6toC/h3nqI,25.000,UfIL2xPYUWA3pa2i,34.000,3ro8QLJh0yyykLyV,51.000,Jg+7wzPVXO3fl6hF,56.000,WYac+BcEaEqjcD+O,104.000,Cr1IDgtoIwjHadzo,126.000,nbm0/St8w4GUlGA4,,,,,,
0,132,2026-04-05T09:35:40.488Z,122.000,8,17.000,uHgM+VdJzX93m/5O,71.000,jwNdRfwvt/DA6PNq,76.000,h4OQZ7bMhp0Pbd5V,98.000,UfIL2xPYUWA3pa2i,99.000,0vdW+g6toC/h3nqI,109.000,3ro8QLJh0yyykLyV,122.000,WYac+BcEaEqjcD+O,126.000,Jg+7wzPVXO3fl6hF,,,,
0,133,2026-04-05T09:35:40.610Z,184.000,7,57.000,Cr1IDgtoIwjHadzo,79.000,nbm0/St8w4GUlGA4,96.000,uHgM+VdJzX93m/5O,149.000,jwNdRfwvt/DA6PNq,153.000,h4OQZ7bMhp0Pbd5V,178.000,UfIL2xPYUWA3pa2i,184.000,0vdW+g6toC/h3nqI,,,,,,
0,134,2026-04-05T09:35:40.794Z,165.000,7,4.000,3ro8QLJh0yyykLyV,16.000,WYac+BcEaEqjcD+O,21.000,Jg+7wzPVXO3fl6hF,75.000,Cr1IDgtoIwjHadzo,94.000,nbm0/St8w4GUlGA4,113.000,uHgM+VdJzX93m/5O,165.000,jwNdRfwvt/DA6PNq,,,,,,
0,135,2026-04-05T09:35:40.959Z,112.000,7,4.000,h4OQZ7bMhp0Pbd5V,30.000,UfIL2xPYUWA3pa2i,34.000,0vdW+g6toC/h3nqI,40.000,3ro8QLJh0yyykLyV,54.000,WYac+BcEaEqjcD+O,58.000,Jg+7wzPVXO3fl6hF,112.000,Cr1IDgtoIwjHadzo,,,,,,
0,136,2026-04-05T09:35:41.071Z,163.000,9,22.000,nbm0/St8w4GUlGA4,37.000,uHgM+VdJzX93m/5O,90.000,jwNdRfwvt/DA6PNq,95.000,h4OQZ7bMhp0Pbd5V,151.000,UfIL2xPYUWA3pa2i,151.000,3ro8QLJh0yyykLyV,155.000,Jg+7wzPVXO3fl6hF,182.000,WYac+BcEaEqjcD+O,201.000,0vdW+g6toC/h3nqI,,
0,137,2026-04-05T09:35:41.234Z,198.000,8,47.000,Cr1IDgtoIwjHadzo,59.000,nbm0/St8w4GUlGA4,77.000,uHgM+VdJzX93m/5O,130.000,jwNdRfwvt/DA6PNq,133.000,h4OQZ7bMhp0Pbd5V,157.000,UfIL2xPYUWA3pa2i,197.000,3ro8QLJh0yyykLyV,200.000,Jg+7wzPVXO3fl6hF,,,,
0,138,2026-04-05T09:35:41.432Z,144.000,7,8.000,WYac+BcEaEqjcD+O,27.000,0vdW+g6toC/h3nqI,42.000,Cr1IDgtoIwjHadzo,61.000,nbm0/St8w4GUlGA4,82.000,uHgM+VdJzX93m/5O,134.000,jwNdRfwvt/DA6PNq,144.000,h4OQZ7bMhp0Pbd5V,,,,,,
0,139,2026-04-05T09:35:41.576Z,118.000,7,17.000,UfIL2xPYUWA3pa2i,28.000,3ro8QLJh0yyykLyV,50.000,Jg+7wzPVXO3fl6hF,65.000,WYac+BcEaEqjcD+O,82.000,0vdW+g6toC/h3nqI,99.000,Cr1IDgtoIwjHadzo,118.000,nbm0/St8w4GUlGA4,,,,,,
0,140,2026-04-05T09:35:41.694Z,148.000,7,18.000,uHgM+VdJzX93m/5O,75.000,jwNdRfwvt/DA6PNq,78.000,h4OQZ7bMhp0Pbd5V,100.000,UfIL2xPYUWA3pa2i,112.000,3ro8QLJh0yyykLyV,135.000,Jg+7wzPVXO3fl6hF,148.000,WYac+BcEaEqjcD+O,,,,,,
0,141,2026-04-05T09:35:41.842Z,165.000,8,18.000,0vdW+g6toC/h3nqI,32.000,Cr1IDgtoIwjHadzo,54.000,nbm0/St8w4GUlGA4,72.000,uHgM+VdJzX93m/5O,133.000,jwNdRfwvt/DA6PNq,154.000,UfIL2xPYUWA3pa2i,165.000,3ro8QLJh0yyykLyV,241.000,h4OQZ7bMhp0Pbd5V,,,,
0,142,2026-04-05T09:35:42.007Z,164.000,8,26.000,Jg+7wzPVXO3fl6hF,55.000,0vdW+g6toC/h3nqI,57.000,WYac+BcEaEqjcD+O,69.000,Cr1IDgtoIwjHadzo,92.000,nbm0/St8w4GUlGA4,107.000,uHgM+VdJzX93m/5O,164.000,h4OQZ7bMhp0Pbd5V,172.000,jwNdRfwvt/DA6PNq,,,,
0,143,2026-04-05T09:35:42.171Z,128.000,7,27.000,UfIL2xPYUWA3pa2i,39.000,3ro8QLJh0yyykLyV,53.000,Jg+7wzPVXO3fl6hF,75.000,WYac+BcEaEqjcD+O,92.000,0vdW+g6toC/h3nqI,119.000,Cr1IDgtoIwjHadzo,128.000,nbm0/St8w4GUlGA4,,,,,,
0,144,2026-04-05T09:35:42.299Z,148.000,8,17.000,uHgM+VdJzX93m/5O,77.000,jwNdRfwvt/DA6PNq,82.000,h4OQZ7bMhp0Pbd5V,100.000,UfIL2xPYUWA3pa2i,112.000,3ro8QLJh0yyykLyV,125.000,Jg+7wzPVXO3fl6hF,148.000,WYac+BcEaEqjcD+O,213.000,Cr1IDgtoIwjHadzo,,,,
0,145,2026-04-05T09:35:42.447Z,165.000,7,16.000,0vdW+g6toC/h3nqI,54.000,nbm0/St8w4GUlGA4,76.000,uHgM+VdJzX93m/5O,127.000,h4OQZ7bMhp0Pbd5V,139.000,jwNdRfwvt/DA6PNq,155.000,UfIL2xPYUWA3pa2i,165.000,3ro8QLJh0yyykLyV,,,,,,
0,146,2026-04-05T09:35:42.612Z,168.000,8,13.000,Jg+7wzPVXO3fl6hF,36.000,WYac+BcEaEqjcD+O,73.000,0vdW+g6toC/h3nqI,84.000,Cr1IDgtoIwjHadzo,106.000,uHgM+VdJzX93m/5O,163.000,h4OQZ7bMhp0Pbd5V,168.000,jwNdRfwvt/DA6PNq,202.000,nbm0/St8w4GUlGA4,,,,
0,147,2026-04-05T09:35:42.780Z,140.000,8,22.000,UfIL2xPYUWA3pa2i,34.000,3ro8QLJh0yyykLyV,46.000,Jg+7wzPVXO3fl6hF,69.000,WYac+BcEaEqjcD+O,102.000,0vdW+g6toC/h3nqI,116.000,Cr1IDgtoIwjHadzo,139.000,uHgM+VdJzX93m/5O,258.000,nbm0/St8w4GUlGA4,,,,
0,148,2026-04-05T09:35:42.920Z,162.000,7,85.000,h4OQZ7bMhp0Pbd5V,86.000,UfIL2xPYUWA3pa2i,91.000,jwNdRfwvt/DA6PNq,96.000,3ro8QLJh0yyykLyV,108.000,Jg+7wzPVXO3fl6hF,131.000,WYac+BcEaEqjcD+O,162.000,0vdW+g6toC/h3nqI,,,,,,
0,149,2026-04-05T09:35:43.082Z,143.000,7,29.000,Cr1IDgtoIwjHadzo,57.000,uHgM+VdJzX93m/5O,106.000,h4OQZ7bMhp0Pbd5V,123.000,UfIL2xPYUWA3pa2i,126.000,jwNdRfwvt/DA6PNq,134.000,3ro8QLJh0yyykLyV,142.000,nbm0/St8w4GUlGA4,,,,,,
0,150,2026-04-05T09:35:43.225Z,180.000,7,4.000,Jg+7wzPVXO3fl6hF,27.000,WYac+BcEaEqjcD+O,57.000,0vdW+g6toC/h3nqI,86.000,Cr1IDgtoIwjHadzo,114.000,uHgM+VdJzX93m/5O,159.000,h4OQZ7bMhp0Pbd5V,180.000,UfIL2xPYUWA3pa2i,,,,,,
0,151,2026-04-05T09:35:43.405Z,110.000,7,3.000,jwNdRfwvt/DA6PNq,10.000,3ro8QLJh0yyykLyV,19.000,nbm0/St8w4GUlGA4,24.000,Jg+7wzPVXO3fl6hF,48.000,WYac+BcEaEqjcD+O,79.000,0vdW+g6toC/h3nqI,110.000,Cr1IDgtoIwjHadzo,,,,,,
0,152,2026-04-05T09:35:43.515Z,117.000,7,26.000,uHgM+VdJzX93m/5O,72.000,h4OQZ7bMhp0Pbd5V,90.000,UfIL2xPYUWA3pa2i,93.000,jwNdRfwvt/DA6PNq,101.000,3ro8QLJh0yyykLyV,112.000,nbm0/St8w4GUlGA4,117.000,Jg+7wzPVXO3fl6hF,,,,,,
0,153,2026-04-05T09:35:43.632Z,178.000,7,22.000,WYac+BcEaEqjcD+O,54.000,0vdW+g6toC/h3nqI,85.000,Cr1IDgtoIwjHadzo,110.000,uHgM+VdJzX93m/5O,154.000,h4OQZ7bMhp0Pbd5V,174.000,UfIL2xPYUWA3pa2i,178.000,jwNdRfwvt/DA6PNq,,,,,,
0,154,2026-04-05T09:35:43.810Z,133.000,7,18.000,nbm0/St8w4GUlGA4,22.000,3ro8QLJh0yyykLyV,24.000,Jg+7wzPVXO3fl6hF,46.000,WYac+BcEaEqjcD+O,77.000,0vdW+g6toC/h3nqI,105.000,Cr1IDgtoIwjHadzo,133.000,uHgM+VdJzX93m/5O,,,,,,
0,155,2026-04-05T09:35:43.943Z,113.000,7,45.000,h4OQZ7bMhp0Pbd5V,66.000,UfIL2xPYUWA3pa2i,75.000,3ro8QLJh0yyykLyV,83.000,jwNdRfwvt/DA6PNq,86.000,nbm0/St8w4GUlGA4,93.000,Jg+7wzPVXO3fl6hF,113.000,WYac+BcEaEqjcD+O,,,,,,
0,156,2026-04-05T09:35:44.056Z,173.000,8,33.000,0vdW+g6toC/h3nqI,60.000,Cr1IDgtoIwjHadzo,89.000,uHgM+VdJzX93m/5O,133.000,h4OQZ7bMhp0Pbd5V,156.000,UfIL2xPYUWA3pa2i,160.000,jwNdRfwvt/DA6PNq,172.000,3ro8QLJh0yyykLyV,176.000,nbm0/St8w4GUlGA4,,,,
0,157,2026-04-05T09:35:44.229Z,185.000,8,9.000,Jg+7wzPVXO3fl6hF,30.000,WYac+BcEaEqjcD+O,62.000,0vdW+g6toC/h3nqI,89.000,Cr1IDgtoIwjHadzo,119.000,uHgM+VdJzX93m/5O,162.000,h4OQZ7bMhp0Pbd5V,185.000,UfIL2xPYUWA3pa2i,186.000,jwNdRfwvt/DA6PNq,,,,
0,158,2026-04-05T09:35:44.414Z,135.000,7,19.000,nbm0/St8w4GUlGA4,21.000,3ro8QLJh0yyykLyV,26.000,Jg+7wzPVXO3fl6hF,45.000,WYac+BcEaEqjcD+O,77.000,0vdW+g6toC/h3nqI,105.000,Cr1IDgtoIwjHadzo,135.000,uHgM+VdJzX93m/5O,,,,,,
0,159,2026-04-05T09:35:44.549Z,112.000,7,44.000,h4OQZ7bMhp0Pbd5V,67.000,UfIL2xPYUWA3pa2i,75.000,3ro8QLJh0yyykLyV,77.000,jwNdRfwvt/DA6PNq,84.000,nbm0/St8w4GUlGA4,90.000,Jg+7wzPVXO3fl6hF,112.000,WYac+BcEaEqjcD+O,,,,,,
0,160,2026-04-05T09:35:44.661Z,166.000,7,31.000,0vdW+g6toC/h3nqI,57.000,Cr1IDgtoIwjHadzo,116.000,uHgM+VdJzX93m/5O,132.000,h4OQZ7bMhp0Pbd5V,155.000,jwNdRfwvt/DA6PNq,159.000,UfIL2xPYUWA3pa2i,166.000,3ro8QLJh0yyykLyV,,,,,,
0,161,2026-04-05T09:35:44.827Z,168.000,7,10.000,nbm0/St8w4GUlGA4,14.000,Jg+7wzPVXO3fl6hF,33.000,WYac+BcEaEqjcD+O,69.000,0vdW+g6toC/h3nqI,95.000,Cr1IDgtoIwjHadzo,124.000,uHgM+VdJzX93m/5O,168.000,h4OQZ7bMhp0Pbd5V,,,,,,
0,162,2026-04-05T09:35:44.995Z,138.000,8,27.000,jwNdRfwvt/DA6PNq,28.000,UfIL2xPYUWA3pa2i,34.000,3ro8QLJh0yyykLyV,50.000,Jg+7wzPVXO3fl6hF,68.000,WYac+BcEaEqjcD+O,99.000,0vdW+g6toC/h3nqI,138.000,nbm0/St8w4GUlGA4,165.000,Cr1IDgtoIwjHadzo,,,,
0,163,2026-04-05T09:35:45.133Z,131.000,7,21.000,uHgM+VdJzX93m/5O,63.000,h4OQZ7bMhp0Pbd5V,85.000,UfIL2xPYUWA3pa2i,86.000,jwNdRfwvt/DA6PNq,103.000,3ro8QLJh0yyykLyV,114.000,Jg+7wzPVXO3fl6hF,131.000,WYac+BcEaEqjcD+O,,,,,,
0,164,2026-04-05T09:35:45.264Z,158.000,7,33.000,0vdW+g6toC/h3nqI,61.000,Cr1IDgtoIwjHadzo,64.000,nbm0/St8w4GUlGA4,90.000,uHgM+VdJzX93m/5O,135.000,h4OQZ7bMhp0Pbd5V,156.000,jwNdRfwvt/DA6PNq,158.000,UfIL2xPYUWA3pa2i,,,,,,
0,165,2026-04-05T09:35:45.422Z,131.000,7,8.000,3ro8QLJh0yyykLyV,25.000,Jg+7wzPVXO3fl6hF,45.000,WYac+BcEaEqjcD+O,73.000,0vdW+g6toC/h3nqI,106.000,nbm0/St8w4GUlGA4,126.000,Cr1IDgtoIwjHadzo,131.000,uHgM+VdJzX93m/5O,,,,,,
0,166,2026-04-05T09:35:45.553Z,175.000,9,46.000,h4OQZ7bMhp0Pbd5V,71.000,UfIL2xPYUWA3pa2i,79.000,3ro8QLJh0yyykLyV,101.000,Jg+7wzPVXO3fl6hF,115.000,WYac+BcEaEqjcD+O,145.000,0vdW+g6toC/h3nqI,175.000,nbm0/St8w4GUlGA4,178.000,Cr1IDgtoIwjHadzo,228.000,jwNdRfwvt/DA6PNq,,
0,167,2026-04-05T09:35:45.728Z,157.000,8,30.000,uHgM+VdJzX93m/5O,72.000,h4OQZ7bMhp0Pbd5V,150.000,UfIL2xPYUWA3pa2i,151.000,jwNdRfwvt/DA6PNq,154.000,3ro8QLJh0yyykLyV,156.000,Jg+7wzPVXO3fl6hF,157.000,WYac+BcEaEqjcD+O,200.000,0vdW+g6toC/h3nqI,,,,
0,168,2026-04-05T09:35:45.885Z,149.000,7,47.000,nbm0/St8w4GUlGA4,53.000,Cr1IDgtoIwjHadzo,74.000,uHgM+VdJzX93m/5O,118.000,h4OQZ7bMhp0Pbd5V,137.000,UfIL2xPYUWA3pa2i,141.000,jwNdRfwvt/DA6PNq,149.000,3ro8QLJh0yyykLyV,,,,,,
0,169,2026-04-05T09:35:46.034Z,170.000,7,19.000,Jg+7wzPVXO3fl6hF,37.000,WYac+BcEaEqjcD+O,67.000,0vdW+g6toC/h3nqI,97.000,nbm0/St8w4GUlGA4,106.000,Cr1IDgtoIwjHadzo,123.000,uHgM+VdJzX93m/5O,170.000,h4OQZ7bMhp0Pbd5V,,,,,,
0,170,2026-04-05T09:35:46.204Z,131.000,8,21.000,jwNdRfwvt/DA6PNq,24.000,UfIL2xPYUWA3pa2i,30.000,3ro8QLJh0yyykLyV,49.000,Jg+7wzPVXO3fl6hF,68.000,WYac+BcEaEqjcD+O,98.000,0vdW+g6toC/h3nqI,131.000,nbm0/St8w4GUlGA4,145.000,Cr1IDgtoIwjHadzo,,,,
0,171,2026-04-05T09:35:46.335Z,141.000,7,25.000,uHgM+VdJzX93m/5O,69.000,h4OQZ7bMhp0Pbd5V,89.000,UfIL2xPYUWA3pa2i,101.000,3ro8QLJh0yyykLyV,122.000,Jg+7wzPVXO3fl6hF,138.000,WYac+BcEaEqjcD+O,141.000,jwNdRfwvt/DA6PNq,,,,,,
0,172,2026-04-05T09:35:46.476Z,162.000,7,28.000,0vdW+g6toC/h3nqI,57.000,nbm0/St8w4GUlGA4,60.000,Cr1IDgtoIwjHadzo,85.000,uHgM+VdJzX93m/5O,130.000,h4OQZ7bMhp0Pbd5V,151.000,UfIL2xPYUWA3pa2i,162.000,3ro8QLJh0yyykLyV,,,,,,
0,173,2026-04-05T09:35:46.638Z,123.000,7,20.000,Jg+7wzPVXO3fl6hF,27.000,jwNdRfwvt/DA6PNq,36.000,WYac+BcEaEqjcD+O,96.000,nbm0/St8w4GUlGA4,101.000,0vdW+g6toC/h3nqI,104.000,Cr1IDgtoIwjHadzo,123.000,uHgM+VdJzX93m/5O,,,,,,
0,174,2026-04-05T09:35:46.761Z,147.000,9,65.000,h4OQZ7bMhp0Pbd5V,73.000,UfIL2xPYUWA3pa2i,78.000,3ro8QLJh0yyykLyV,98.000,Jg+7wzPVXO3fl6hF,123.000,WYac+BcEaEqjcD+O,145.000,0vdW+g6toC/h3nqI,146.000,jwNdRfwvt/DA6PNq,190.000,nbm0/St8w4GUlGA4,229.000,Cr1IDgtoIwjHadzo,,
0,175,2026-04-05T09:35:46.908Z,197.000,8,54.000,uHgM+VdJzX93m/5O,122.000,UfIL2xPYUWA3pa2i,123.000,h4OQZ7bMhp0Pbd5V,131.000,3ro8QLJh0yyykLyV,151.000,Jg+7wzPVXO3fl6hF,168.000,WYac+BcEaEqjcD+O,197.000,jwNdRfwvt/DA6PNq,198.000,0vdW+g6toC/h3nqI,,,,
0,176,2026-04-05T09:35:47.105Z,158.000,7,30.000,nbm0/St8w4GUlGA4,33.000,Cr1IDgtoIwjHadzo,58.000,uHgM+VdJzX93m/5O,123.000,h4OQZ7bMhp0Pbd5V,126.000,UfIL2xPYUWA3pa2i,134.000,3ro8QLJh0yyykLyV,157.000,Jg+7wzPVXO3fl6hF,,,,,,
0,177,2026-04-05T09:35:47.263Z,168.000,8,15.000,WYac+BcEaEqjcD+O,41.000,jwNdRfwvt/DA6PNq,43.000,0vdW+g6toC/h3nqI,74.000,nbm0/St8w4GUlGA4,77.000,Cr1IDgtoIwjHadzo,101.000,uHgM+VdJzX93m/5O,168.000,h4OQZ7bMhp0Pbd5V,169.000,UfIL2xPYUWA3pa2i,,,,
0,178,2026-04-05T09:35:47.431Z,109.000,7,10.000,3ro8QLJh0yyykLyV,33.000,Jg+7wzPVXO3fl6hF,49.000,WYac+BcEaEqjcD+O,76.000,jwNdRfwvt/DA6PNq,77.000,0vdW+g6toC/h3nqI,107.000,nbm0/St8w4GUlGA4,109.000,Cr1IDgtoIwjHadzo,,,,,,
0,179,2026-04-05T09:35:47.540Z,170.000,8,25.000,uHgM+VdJzX93m/5O,91.000,h4OQZ7bMhp0Pbd5V,92.000,UfIL2xPYUWA3pa2i,102.000,3ro8QLJh0yyykLyV,123.000,Jg+7wzPVXO3fl6hF,140.000,WYac+BcEaEqjcD+O,169.000,0vdW+g6toC/h3nqI,172.000,jwNdRfwvt/DA6PNq,,,,
0,180,2026-04-05T09:35:47.710Z,153.000,7,29.000,nbm0/St8w4GUlGA4,32.000,Cr1IDgtoIwjHadzo,56.000,uHgM+VdJzX93m/5O,124.000,h4OQZ7bMhp0Pbd5V,127.000,UfIL2xPYUWA3pa2i,132.000,3ro8QLJh0yyykLyV,153.000,Jg+7wzPVXO3fl6hF,,,,,,
0,181,2026-04-05T09:35:47.863Z,172.000,8,17.000,WYac+BcEaEqjcD+O,47.000,jwNdRfwvt/DA6PNq,48.000,0vdW+g6toC/h3nqI,78.000,nbm0/St8w4GUlGA4,79.000,Cr1IDgtoIwjHadzo,106.000,uHgM+VdJzX93m/5O,171.000,h4OQZ7bMhp0Pbd5V,173.000,UfIL2xPYUWA3pa2i,,,,
0,182,2026-04-05T09:35:48.035Z,108.000,7,9.000,3ro8QLJh0yyykLyV,32.000,Jg+7wzPVXO3fl6hF,47.000,WYac+BcEaEqjcD+O,76.000,jwNdRfwvt/DA6PNq,78.000,0vdW+g6toC/h3nqI,106.000,nbm0/St8w4GUlGA4,108.000,Cr1IDgtoIwjHadzo,,,,,,
0,183,2026-04-05T09:35:48.143Z,168.000,8,28.000,uHgM+VdJzX93m/5O,93.000,h4OQZ7bMhp0Pbd5V,96.000,UfIL2xPYUWA3pa2i,102.000,3ro8QLJh0yyykLyV,123.000,Jg+7wzPVXO3fl6hF,141.000,WYac+BcEaEqjcD+O,168.000,jwNdRfwvt/DA6PNq,171.000,0vdW+g6toC/h3nqI,,,,
0,184,2026-04-05T09:35:48.311Z,158.000,7,31.000,nbm0/St8w4GUlGA4,37.000,Cr1IDgtoIwjHadzo,59.000,uHgM+VdJzX93m/5O,125.000,h4OQZ7bMhp0Pbd5V,132.000,UfIL2xPYUWA3pa2i,136.000,3ro8QLJh0yyykLyV,158.000,Jg+7wzPVXO3fl6hF,,,,,,
0,185,2026-04-05T09:35:48.469Z,169.000,8,16.000,WYac+BcEaEqjcD+O,45.000,0vdW+g6toC/h3nqI,46.000,jwNdRfwvt/DA6PNq,75.000,nbm0/St8w4GUlGA4,78.000,Cr1IDgtoIwjHadzo,104.000,uHgM+VdJzX93m/5O,168.000,UfIL2xPYUWA3pa2i,171.000,h4OQZ7bMhp0Pbd5V,,,,
0,186,2026-04-05T09:35:48.638Z,109.000,7,11.000,3ro8QLJh0yyykLyV,30.000,Jg+7wzPVXO3fl6hF,48.000,WYac+BcEaEqjcD+O,76.000,0vdW+g6toC/h3nqI,85.000,jwNdRfwvt/DA6PNq,107.000,nbm0/St8w4GUlGA4,109.000,Cr1IDgtoIwjHadzo,,,,,,
0,187,2026-04-05T09:35:48.747Z,179.000,8,92.000,UfIL2xPYUWA3pa2i,95.000,h4OQZ7bMhp0Pbd5V,98.000,uHgM+VdJzX93m/5O,103.000,3ro8QLJh0yyykLyV,131.000,Jg+7wzPVXO3fl6hF,141.000,WYac+BcEaEqjcD+O,179.000,jwNdRfwvt/DA6PNq,197.000,0vdW+g6toC/h3nqI,,,,
0,188,2026-04-05T09:35:48.926Z,145.000,7,23.000,Cr1IDgtoIwjHadzo,128.000,nbm0/St8w4GUlGA4,131.000,uHgM+VdJzX93m/5O,133.000,h4OQZ7bMhp0Pbd5V,135.000,UfIL2xPYUWA3pa2i,136.000,3ro8QLJh0yyykLyV,145.000,Jg+7wzPVXO3fl6hF,,,,,,
0,189,2026-04-05T09:35:49.071Z,177.000,8,17.000,WYac+BcEaEqjcD+O,60.000,0vdW+g6toC/h3nqI,64.000,jwNdRfwvt/DA6PNq,78.000,Cr1IDgtoIwjHadzo,81.000,nbm0/St8w4GUlGA4,107.000,uHgM+VdJzX93m/5O,177.000,h4OQZ7bMhp0Pbd5V,177.000,UfIL2xPYUWA3pa2i,,,,
0,190,2026-04-05T09:35:49.248Z,102.000,7,8.000,3ro8QLJh0yyykLyV,24.000,Jg+7wzPVXO3fl6hF,41.000,WYac+BcEaEqjcD+O,69.000,0vdW+g6toC/h3nqI,81.000,jwNdRfwvt/DA6PNq,100.000,Cr1IDgtoIwjHadzo,101.000,nbm0/St8w4GUlGA4,,,,,,
0,191,2026-04-05T09:35:49.350Z,169.000,8,28.000,uHgM+VdJzX93m/5O,93.000,UfIL2xPYUWA3pa2i,93.000,h4OQZ7bMhp0Pbd5V,106.000,3ro8QLJh0yyykLyV,123.000,Jg+7wzPVXO3fl6hF,141.000,WYac+BcEaEqjcD+O,169.000,0vdW+g6toC/h3nqI,225.000,jwNdRfwvt/DA6PNq,,,,
0,192,2026-04-05T09:35:49.519Z,156.000,7,32.000,Cr1IDgtoIwjHadzo,34.000,nbm0/St8w4GUlGA4,61.000,uHgM+VdJzX93m/5O,124.000,UfIL2xPYUWA3pa2i,126.000,h4OQZ7bMhp0Pbd5V,140.000,3ro8QLJh0yyykLyV,156.000,Jg+7wzPVXO3fl6hF,,,,,,
0,193,2026-04-05T09:35:49.675Z,169.000,8,19.000,WYac+BcEaEqjcD+O,47.000,0vdW+g6toC/h3nqI,59.000,jwNdRfwvt/DA6PNq,76.000,nbm0/St8w4GUlGA4,107.000,uHgM+VdJzX93m/5O,152.000,Cr1IDgtoIwjHadzo,169.000,h4OQZ7bMhp0Pbd5V,170.000,UfIL2xPYUWA3pa2i,,,,
0,194,2026-04-05T09:35:49.844Z,111.000,7,17.000,3ro8QLJh0yyykLyV,36.000,Jg+7wzPVXO3fl6hF,49.000,WYac+BcEaEqjcD+O,78.000,0vdW+g6toC/h3nqI,85.000,jwNdRfwvt/DA6PNq,110.000,nbm0/St8w4GUlGA4,111.000,Cr1IDgtoIwjHadzo,,,,,,
0,195,2026-04-05T09:35:49.955Z,169.000,7,28.000,uHgM+VdJzX93m/5O,91.000,h4OQZ7bMhp0Pbd5V,92.000,UfIL2xPYUWA3pa2i,108.000,3ro8QLJh0yyykLyV,124.000,Jg+7wzPVXO3fl6hF,140.000,WYac+BcEaEqjcD+O,169.000,0vdW+g6toC/h3nqI,,,,,,
0,196,2026-04-05T09:35:50.124Z,141.000,7,6.000,jwNdRfwvt/DA6PNq,32.000,Cr1IDgtoIwjHadzo,34.000,nbm0/St8w4GUlGA4,59.000,uHgM+VdJzX93m/5O,122.000,h4OQZ7bMhp0Pbd5V,124.000,UfIL2xPYUWA3pa2i,141.000,3ro8QLJh0yyykLyV,,,,,,
0,197,2026-04-05T09:35:50.265Z,135.000,7,13.000,Jg+7wzPVXO3fl6hF,31.000,WYac+BcEaEqjcD+O,64.000,0vdW+g6toC/h3nqI,65.000,jwNdRfwvt/DA6PNq,90.000,nbm0/St8w4GUlGA4,92.000,Cr1IDgtoIwjHadzo,135.000,uHgM+VdJzX93m/5O,,,,,,
0,198,2026-04-05T09:35:50.400Z,132.000,7,48.000,h4OQZ7bMhp0Pbd5V,49.000,UfIL2xPYUWA3pa2i,66.000,3ro8QLJh0yyykLyV,80.000,Jg+7wzPVXO3fl6hF,98.000,WYac+BcEaEqjcD+O,125.000,0vdW+g6toC/h3nqI,132.000,jwNdRfwvt/DA6PNq,,,,,,
0,199,2026-04-05T09:35:50.532Z,150.000,7,26.000,Cr1IDgtoIwjHadzo,28.000,nbm0/St8w4GUlGA4,54.000,uHgM+VdJzX93m/5O,117.000,UfIL2xPYUWA3pa2i,117.000,h4OQZ7bMhp0Pbd5V,134.000,3ro8QLJh0yyykLyV,150.000,Jg+7wzPVXO3fl6hF,,,,,,
0,200,2026-04-05T09:35:50.682Z,168.000,8,18.000,WYac+BcEaEqjcD+O,44.000,0vdW+g6toC/h3nqI,49.000,jwNdRfwvt/DA6PNq,74.000,nbm0/St8w4GUlGA4,76.000,Cr1IDgtoIwjHadzo,106.000,uHgM+VdJzX93m/5O,168.000,h4OQZ7bMhp0Pbd5V,169.000,UfIL2xPYUWA3pa2i,,,,
0,201,2026-04-05T09:35:50.850Z,119.000,7,17.000,3ro8QLJh0yyykLyV,31.000,Jg+7wzPVXO3fl6hF,52.000,WYac+BcEaEqjcD+O,76.000,0vdW+g6toC/h3nqI,82.000,jwNdRfwvt/DA6PNq,108.000,Cr1IDgtoIwjHadzo,118.000,nbm0/St8w4GUlGA4,,,,,,
0,202,2026-04-05T09:35:50.969Z,159.000,7,19.000,uHgM+VdJzX93m/5O,82.000,h4OQZ7bMhp0Pbd5V,84.000,UfIL2xPYUWA3pa2i,99.000,3ro8QLJh0yyykLyV,113.000,Jg+7wzPVXO3fl6hF,133.000,WYac+BcEaEqjcD+O,159.000,0vdW+g6toC/h3nqI,,,,,,
0,203,2026-04-05T09:35:51.128Z,141.000,7,5.000,jwNdRfwvt/DA6PNq,30.000,Cr1IDgtoIwjHadzo,40.000,nbm0/St8w4GUlGA4,61.000,uHgM+VdJzX93m/5O,125.000,UfIL2xPYUWA3pa2i,126.000,h4OQZ7bMhp0Pbd5V,141.000,3ro8QLJh0yyykLyV,,,,,,
0,204,2026-04-05T09:35:51.269Z,121.000,7,15.000,Jg+7wzPVXO3fl6hF,34.000,WYac+BcEaEqjcD+O,59.000,0vdW+g6toC/h3nqI,65.000,jwNdRfwvt/DA6PNq,92.000,Cr1IDgtoIwjHadzo,99.000,nbm0/St8w4GUlGA4,121.000,uHgM+VdJzX93m/5O,,,,,,
0,205,2026-04-05T09:35:51.390Z,146.000,7,64.000,h4OQZ7bMhp0Pbd5V,66.000,UfIL2xPYUWA3pa2i,92.000,3ro8QLJh0yyykLyV,96.000,Jg+7wzPVXO3fl6hF,117.000,WYac+BcEaEqjcD+O,140.000,0vdW+g6toC/h3nqI,146.000,jwNdRfwvt/DA6PNq,,,,,,
0,206,2026-04-05T09:35:51.536Z,152.000,7,26.000,Cr1IDgtoIwjHadzo,34.000,nbm0/St8w4GUlGA4,56.000,uHgM+VdJzX93m/5O,119.000,h4OQZ7bMhp0Pbd5V,120.000,UfIL2xPYUWA3pa2i,147.000,3ro8QLJh0yyykLyV,151.000,Jg+7wzPVXO3fl6hF,,,,,,
0,207,2026-04-05T09:35:51.688Z,168.000,8,18.000,WYac+BcEaEqjcD+O,44.000,0vdW+g6toC/h3nqI,48.000,jwNdRfwvt/DA6PNq,75.000,Cr1IDgtoIwjHadzo,83.000,nbm0/St8w4GUlGA4,107.000,uHgM+VdJzX93m/5O,168.000,h4OQZ7bMhp0Pbd5V,170.000,UfIL2xPYUWA3pa2i,,,,
0,208,2026-04-05T09:35:51.856Z,116.000,7,18.000,3ro8QLJh0yyykLyV,31.000,Jg+7wzPVXO3fl6hF,54.000,WYac+BcEaEqjcD+O,78.000,0vdW+g6toC/h3nqI,82.000,jwNdRfwvt/DA6PNq,108.000,Cr1IDgtoIwjHadzo,116.000,nbm0/St8w4GUlGA4,,,,,,
0,209,2026-04-05T09:35:51.972Z,163.000,7,24.000,uHgM+VdJzX93m/5O,87.000,UfIL2xPYUWA3pa2i,88.000,h4OQZ7bMhp0Pbd5V,103.000,3ro8QLJh0yyykLyV,117.000,Jg+7wzPVXO3fl6hF,138.000,WYac+BcEaEqjcD+O,163.000,0vdW+g6toC/h3nqI,,,,,,
0,210,2026-04-05T09:35:52.135Z,141.000,7,5.000,jwNdRfwvt/DA6PNq,30.000,Cr1IDgtoIwjHadzo,38.000,nbm0/St8w4GUlGA4,62.000,uHgM+VdJzX93m/5O,124.000,UfIL2xPYUWA3pa2i,126.000,h4OQZ7bMhp0Pbd5V,141.000,3ro8QLJh0yyykLyV,,,,,,
0,211,2026-04-05T09:35:52.276Z,122.000,7,15.000,Jg+7wzPVXO3fl6hF,36.000,WYac+BcEaEqjcD+O,60.000,0vdW+g6toC/h3nqI,94.000,Cr1IDgtoIwjHadzo,98.000,nbm0/St8w4GUlGA4,103.000,jwNdRfwvt/DA6PNq,122.000,uHgM+VdJzX93m/5O,,,,,,
0,212,2026-04-05T09:35:52.398Z,143.000,7,62.000,h4OQZ7bMhp0Pbd5V,63.000,UfIL2xPYUWA3pa2i,83.000,3ro8QLJh0yyykLyV,94.000,Jg+7wzPVXO3fl6hF,114.000,WYac+BcEaEqjcD+O,140.000,0vdW+g6toC/h3nqI,143.000,jwNdRfwvt/DA6PNq,,,,,,
0,213,2026-04-05T09:35:52.541Z,164.000,7,27.000,Cr1IDgtoIwjHadzo,35.000,nbm0/St8w4GUlGA4,60.000,uHgM+VdJzX93m/5O,122.000,h4OQZ7bMhp0Pbd5V,123.000,UfIL2xPYUWA3pa2i,140.000,3ro8QLJh0yyykLyV,164.000,Jg+7wzPVXO3fl6hF,,,,,,
0,214,2026-04-05T09:35:52.705Z,161.000,8,8.000,WYac+BcEaEqjcD+O,35.000,0vdW+g6toC/h3nqI,39.000,jwNdRfwvt/DA6PNq,65.000,Cr1IDgtoIwjHadzo,74.000,nbm0/St8w4GUlGA4,97.000,uHgM+VdJzX93m/5O,160.000,UfIL2xPYUWA3pa2i,161.000,h4OQZ7bMhp0Pbd5V,,,,
0,215,2026-04-05T09:35:52.866Z,122.000,7,13.000,3ro8QLJh0yyykLyV,39.000,Jg+7wzPVXO3fl6hF,48.000,WYac+BcEaEqjcD+O,74.000,0vdW+g6toC/h3nqI,79.000,jwNdRfwvt/DA6PNq,105.000,Cr1IDgtoIwjHadzo,118.000,nbm0/St8w4GUlGA4,,,,,,
0,216,2026-04-05T09:35:52.988Z,159.000,8,15.000,uHgM+VdJzX93m/5O,78.000,UfIL2xPYUWA3pa2i,80.000,h4OQZ7bMhp0Pbd5V,96.000,3ro8QLJh0yyykLyV,117.000,Jg+7wzPVXO3fl6hF,132.000,WYac+BcEaEqjcD+O,159.000,jwNdRfwvt/DA6PNq,241.000,0vdW+g6toC/h3nqI,,,,
0,217,2026-04-05T09:35:53.147Z,160.000,7,24.000,Cr1IDgtoIwjHadzo,33.000,nbm0/St8w4GUlGA4,55.000,uHgM+VdJzX93m/5O,118.000,h4OQZ7bMhp0Pbd5V,120.000,UfIL2xPYUWA3pa2i,137.000,3ro8QLJh0yyykLyV,159.000,Jg+7wzPVXO3fl6hF,,,,,,
0,218,2026-04-05T09:35:53.307Z,161.000,8,11.000,WYac+BcEaEqjcD+O,40.000,jwNdRfwvt/DA6PNq,69.000,Cr1IDgtoIwjHadzo,75.000,nbm0/St8w4GUlGA4,98.000,uHgM+VdJzX93m/5O,114.000,0vdW+g6toC/h3nqI,161.000,UfIL2xPYUWA3pa2i,169.000,h4OQZ7bMhp0Pbd5V,,,,
0,219,2026-04-05T09:35:53.468Z,139.000,7,16.000,3ro8QLJh0yyykLyV,41.000,Jg+7wzPVXO3fl6hF,48.000,WYac+BcEaEqjcD+O,82.000,jwNdRfwvt/DA6PNq,115.000,nbm0/St8w4GUlGA4,117.000,Cr1IDgtoIwjHadzo,139.000,uHgM+VdJzX93m/5O,,,,,,
0,220,2026-04-05T09:35:53.607Z,143.000,7,17.000,0vdW+g6toC/h3nqI,62.000,h4OQZ7bMhp0Pbd5V,63.000,UfIL2xPYUWA3pa2i,77.000,3ro8QLJh0yyykLyV,104.000,Jg+7wzPVXO3fl6hF,112.000,WYac+BcEaEqjcD+O,143.000,jwNdRfwvt/DA6PNq,,,,,,
0,221,2026-04-05T09:35:53.750Z,136.000,7,28.000,Cr1IDgtoIwjHadzo,34.000,nbm0/St8w4GUlGA4,60.000,uHgM+VdJzX93m/5O,74.000,0vdW+g6toC/h3nqI,119.000,h4OQZ7bMhp0Pbd5V,120.000,UfIL2xPYUWA3pa2i,136.000,3ro8QLJh0yyykLyV,,,,,,
0,222,2026-04-05T09:35:53.886Z,140.000,7,28.000,Jg+7wzPVXO3fl6hF,36.000,WYac+BcEaEqjcD+O,66.000,jwNdRfwvt/DA6PNq,89.000,Cr1IDgtoIwjHadzo,98.000,nbm0/St8w4GUlGA4,123.000,uHgM+VdJzX93m/5O,140.000,0vdW+g6toC/h3nqI,,,,,,
0,223,2026-04-05T09:35:54.026Z,153.000,7,44.000,UfIL2xPYUWA3pa2i,45.000,h4OQZ7bMhp0Pbd5V,60.000,3ro8QLJh0yyykLyV,86.000,Jg+7wzPVXO3fl6hF,102.000,WYac+BcEaEqjcD+O,126.000,jwNdRfwvt/DA6PNq,153.000,Cr1IDgtoIwjHadzo,,,,,,
0,224,2026-04-05T09:35:54.179Z,135.000,7,6.000,nbm0/St8w4GUlGA4,30.000,uHgM+VdJzX93m/5O,48.000,0vdW+g6toC/h3nqI,93.000,UfIL2xPYUWA3pa2i,93.000,h4OQZ7bMhp0Pbd5V,109.000,3ro8QLJh0yyykLyV,135.000,Jg+7wzPVXO3fl6hF,,,,,,
0,225,2026-04-05T09:35:54.314Z,160.000,8,9.000,WYac+BcEaEqjcD+O,42.000,jwNdRfwvt/DA6PNq,65.000,Cr1IDgtoIwjHadzo,73.000,nbm0/St8w4GUlGA4,99.000,uHgM+VdJzX93m/5O,121.000,0vdW+g6toC/h3nqI,160.000,UfIL2xPYUWA3pa2i,163.000,h4OQZ7bMhp0Pbd5V,,,,
0,226,2026-04-05T09:35:54.474Z,181.000,8,15.000,3ro8QLJh0yyykLyV,42.000,Jg+7wzPVXO3fl6hF,50.000,WYac+BcEaEqjcD+O,97.000,jwNdRfwvt/DA6PNq,115.000,nbm0/St8w4GUlGA4,138.000,uHgM+VdJzX93m/5O,181.000,0vdW+g6toC/h3nqI,182.000,Cr1IDgtoIwjHadzo,,,,
0,227,2026-04-05T09:35:54.655Z,124.000,7,19.000,UfIL2xPYUWA3pa2i,20.000,h4OQZ7bMhp0Pbd5V,35.000,3ro8QLJh0yyykLyV,62.000,Jg+7wzPVXO3fl6hF,69.000,WYac+BcEaEqjcD+O,114.000,jwNdRfwvt/DA6PNq,124.000,Cr1IDgtoIwjHadzo,,,,,,
0,228,2026-04-05T09:35:54.779Z,138.000,7,11.000,nbm0/St8w4GUlGA4,51.000,0vdW+g6toC/h3nqI,63.000,uHgM+VdJzX93m/5O,95.000,h4OQZ7bMhp0Pbd5V,97.000,UfIL2xPYUWA3pa2i,111.000,3ro8QLJh0yyykLyV,138.000,Jg+7wzPVXO3fl6hF,,,,,,
0,229,2026-04-05T09:35:54.917Z,159.000,8,9.000,WYac+BcEaEqjcD+O,54.000,jwNdRfwvt/DA6PNq,65.000,Cr1IDgtoIwjHadzo,73.000,nbm0/St8w4GUlGA4,97.000,uHgM+VdJzX93m/5O,115.000,0vdW+g6toC/h3nqI,159.000,UfIL2xPYUWA3pa2i,160.000,h4OQZ7bMhp0Pbd5V,,,,
0,230,2026-04-05T09:35:55.076Z,140.000,7,16.000,3ro8QLJh0yyykLyV,44.000,Jg+7wzPVXO3fl6hF,58.000,WYac+BcEaEqjcD+O,96.000,jwNdRfwvt/DA6PNq,108.000,Cr1IDgtoIwjHadzo,115.000,nbm0/St8w4GUlGA4,140.000,uHgM+VdJzX93m/5O,,,,,,
0,231,2026-04-05T09:35:55.216Z,157.000,8,16.000,0vdW+g6toC/h3nqI,63.000,h4OQZ7bMhp0Pbd5V,66.000,UfIL2xPYUWA3pa2i,78.000,3ro8QLJh0yyykLyV,104.000,Jg+7wzPVXO3fl6hF,112.000,WYac+BcEaEqjcD+O,157.000,jwNdRfwvt/DA6PNq,213.000,uHgM+VdJzX93m/5O,,,,
0,232,2026-04-05T09:35:55.373Z,149.000,7,10.000,Cr1IDgtoIwjHadzo,19.000,nbm0/St8w4GUlGA4,59.000,0vdW+g6toC/h3nqI,106.000,h4OQZ7bMhp0Pbd5V,117.000,UfIL2xPYUWA3pa2i,122.000,3ro8QLJh0yyykLyV,149.000,Jg+7wzPVXO3fl6hF,,,,,,
0,233,2026-04-05T09:35:55.522Z,157.000,8,7.000,WYac+BcEaEqjcD+O,51.000,jwNdRfwvt/DA6PNq,64.000,Cr1IDgtoIwjHadzo,71.000,nbm0/St8w4GUlGA4,107.000,uHgM+VdJzX93m/5O,112.000,0vdW+g6toC/h3nqI,157.000,h4OQZ7bMhp0Pbd5V,168.000,UfIL2xPYUWA3pa2i,,,,
0,234,2026-04-05T09:35:55.679Z,151.000,7,17.000,3ro8QLJh0yyykLyV,45.000,Jg+7wzPVXO3fl6hF,53.000,WYac+BcEaEqjcD+O,98.000,jwNdRfwvt/DA6PNq,109.000,Cr1IDgtoIwjHadzo,114.000,nbm0/St8w4GUlGA4,151.000,uHgM+VdJzX93m/5O,,,,,,
0,235,2026-04-05T09:35:55.830Z,147.000,7,6.000,0vdW+g6toC/h3nqI,49.000,h4OQZ7bMhp0Pbd5V,52.000,UfIL2xPYUWA3pa2i,67.000,3ro8QLJh0yyykLyV,94.000,Jg+7wzPVXO3fl6hF,103.000,WYac+BcEaEqjcD+O,147.000,jwNdRfwvt/DA6PNq,,,,,,
0,236,2026-04-05T09:35:55.977Z,121.000,7,12.000,Cr1IDgtoIwjHadzo,18.000,nbm0/St8w4GUlGA4,54.000,uHgM+VdJzX93m/5O,60.000,0vdW+g6toC/h3nqI,105.000,UfIL2xPYUWA3pa2i,110.000,h4OQZ7bMhp0Pbd5V,121.000,3ro8QLJh0yyykLyV,,,,,,
0,237,2026-04-05T09:35:56.098Z,140.000,7,27.000,Jg+7wzPVXO3fl6hF,36.000,WYac+BcEaEqjcD+O,91.000,jwNdRfwvt/DA6PNq,93.000,Cr1IDgtoIwjHadzo,99.000,nbm0/St8w4GUlGA4,136.000,uHgM+VdJzX93m/5O,140.000,0vdW+g6toC/h3nqI,,,,,,
0,238,2026-04-05T09:35:56.238Z,153.000,7,44.000,UfIL2xPYUWA3pa2i,48.000,h4OQZ7bMhp0Pbd5V,62.000,3ro8QLJh0yyykLyV,95.000,Jg+7wzPVXO3fl6hF,98.000,WYac+BcEaEqjcD+O,143.000,jwNdRfwvt/DA6PNq,153.000,Cr1IDgtoIwjHadzo,,,,,,
0,239,2026-04-05T09:35:56.391Z,144.000,8,5.000,nbm0/St8w4GUlGA4,42.000,uHgM+VdJzX93m/5O,48.000,0vdW+g6toC/h3nqI,92.000,UfIL2xPYUWA3pa2i,95.000,h4OQZ7bMhp0Pbd5V,110.000,3ro8QLJh0yyykLyV,144.000,Jg+7wzPVXO3fl6hF,145.000,WYac+BcEaEqjcD+O,,,,
0,240,2026-04-05T09:35:56.535Z,157.000,7,48.000,jwNdRfwvt/DA6PNq,57.000,Cr1IDgtoIwjHadzo,63.000,nbm0/St8w4GUlGA4,100.000,uHgM+VdJzX93m/5O,107.000,0vdW+g6toC/h3nqI,156.000,h4OQZ7bMhp0Pbd5V,157.000,UfIL2xPYUWA3pa2i,,,,,,
0,241,2026-04-05T09:35:56.692Z,145.000,7,10.000,3ro8QLJh0yyykLyV,45.000,Jg+7wzPVXO3fl6hF,46.000,WYac+BcEaEqjcD+O,92.000,jwNdRfwvt/DA6PNq,102.000,Cr1IDgtoIwjHadzo,109.000,nbm0/St8w4GUlGA4,144.000,uHgM+VdJzX93m/5O,,,,,,
0,242,2026-04-05T09:35:56.837Z,149.000,7,7.000,0vdW+g6toC/h3nqI,49.000,h4OQZ7bMhp0Pbd5V,53.000,UfIL2xPYUWA3pa2i,69.000,3ro8QLJh0yyykLyV,102.000,Jg+7wzPVXO3fl6hF,103.000,WYac+BcEaEqjcD+O,149.000,jwNdRfwvt/DA6PNq,,,,,,
0,243,2026-04-05T09:35:56.986Z,122.000,7,9.000,Cr1IDgtoIwjHadzo,17.000,nbm0/St8w4GUlGA4,51.000,uHgM+VdJzX93m/5O,60.000,0vdW+g6toC/h3nqI,102.000,UfIL2xPYUWA3pa2i,105.000,h4OQZ7bMhp0Pbd5V,122.000,3ro8QLJh0yyykLyV,,,,,,
0,244,2026-04-05T09:35:57.108Z,161.000,7,31.000,WYac+BcEaEqjcD+O,33.000,Jg+7wzPVXO3fl6hF,79.000,jwNdRfwvt/DA6PNq,88.000,Cr1IDgtoIwjHadzo,96.000,nbm0/St8w4GUlGA4,147.000,0vdW+g6toC/h3nqI,161.000,uHgM+VdJzX93m/5O,,,,,,
0,245,2026-04-05T09:35:57.269Z,129.000,7,21.000,UfIL2xPYUWA3pa2i,24.000,h4OQZ7bMhp0Pbd5V,39.000,3ro8QLJh0yyykLyV,71.000,Jg+7wzPVXO3fl6hF,73.000,WYac+BcEaEqjcD+O,118.000,jwNdRfwvt/DA6PNq,129.000,Cr1IDgtoIwjHadzo,,,,,,
0,246,2026-04-05T09:35:57.398Z,144.000,8,8.000,nbm0/St8w4GUlGA4,51.000,0vdW+g6toC/h3nqI,68.000,uHgM+VdJzX93m/5O,93.000,UfIL2xPYUWA3pa2i,94.000,h4OQZ7bMhp0Pbd5V,112.000,3ro8QLJh0yyykLyV,144.000,Jg+7wzPVXO3fl6hF,145.000,WYac+BcEaEqjcD+O,,,,
0,247,2026-04-05T09:35:57.542Z,152.000,7,47.000,jwNdRfwvt/DA6PNq,57.000,Cr1IDgtoIwjHadzo,66.000,nbm0/St8w4GUlGA4,118.000,0vdW+g6toC/h3nqI,125.000,uHgM+VdJzX93m/5O,149.000,UfIL2xPYUWA3pa2i,152.000,h4OQZ7bMhp0Pbd5V,,,,,,
0,248,2026-04-05T09:35:57.694Z,199.000,10,18.000,3ro8QLJh0yyykLyV,48.000,WYac+BcEaEqjcD+O,50.000,Jg+7wzPVXO3fl6hF,96.000,jwNdRfwvt/DA6PNq,107.000,Cr1IDgtoIwjHadzo,175.000,uHgM+VdJzX93m/5O,199.000,UfIL2xPYUWA3pa2i,201.000,h4OQZ7bMhp0Pbd5V,247.000,nbm0/St8w4GUlGA4,331.000,0vdW+g6toC/h3nqI
0,249,2026-04-05T09:35:57.893Z,176.000,7,20.000,3ro8QLJh0yyykLyV,77.000,WYac+BcEaEqjcD+O,88.000,Jg+7wzPVXO3fl6hF,106.000,jwNdRfwvt/DA6PNq,110.000,Cr1IDgtoIwjHadzo,117.000,nbm0/St8w4GUlGA4,176.000,uHgM+VdJzX93m/5O,,,,,,
0,250,2026-04-05T09:35:58.069Z,132.000,8,25.000,UfIL2xPYUWA3pa2i,25.000,h4OQZ7bMhp0Pbd5V,44.000,3ro8QLJh0yyykLyV,77.000,Jg+7wzPVXO3fl6hF,78.000,WYac+BcEaEqjcD+O,123.000,jwNdRfwvt/DA6PNq,131.000,0vdW+g6toC/h3nqI,135.000,Cr1IDgtoIwjHadzo,,,,
0,251,2026-04-05T09:35:58.201Z,146.000,7,14.000,nbm0/St8w4GUlGA4,70.000,uHgM+VdJzX93m/5O,94.000,h4OQZ7bMhp0Pbd5V,95.000,UfIL2xPYUWA3pa2i,113.000,3ro8QLJh0yyykLyV,145.000,WYac+BcEaEqjcD+O,146.000,Jg+7wzPVXO3fl6hF,,,,,,
0,252,2026-04-05T09:35:58.347Z,169.000,8,46.000,jwNdRfwvt/DA6PNq,53.000,0vdW+g6toC/h3nqI,60.000,Cr1IDgtoIwjHadzo,65.000,nbm0/St8w4GUlGA4,128.000,uHgM+VdJzX93m/5O,150.000,UfIL2xPYUWA3pa2i,169.000,3ro8QLJh0yyykLyV,176.000,h4OQZ7bMhp0Pbd5V,,,,
0,253,2026-04-05T09:35:58.516Z,157.000,7,31.000,WYac+BcEaEqjcD+O,32.000,Jg+7wzPVXO3fl6hF,77.000,jwNdRfwvt/DA6PNq,88.000,0vdW+g6toC/h3nqI,92.000,Cr1IDgtoIwjHadzo,98.000,nbm0/St8w4GUlGA4,157.000,uHgM+VdJzX93m/5O,,,,,,
0,254,2026-04-05T09:35:58.673Z,130.000,7,24.000,UfIL2xPYUWA3pa2i,27.000,h4OQZ7bMhp0Pbd5V,44.000,3ro8QLJh0yyykLyV,76.000,WYac+BcEaEqjcD+O,77.000,Jg+7wzPVXO3fl6hF,122.000,jwNdRfwvt/DA6PNq,130.000,0vdW+g6toC/h3nqI,,,,,,
0,255,2026-04-05T09:35:58.803Z,146.000,8,6.000,Cr1IDgtoIwjHadzo,10.000,nbm0/St8w4GUlGA4,70.000,uHgM+VdJzX93m/5O,94.000,h4OQZ7bMhp0Pbd5V,95.000,UfIL2xPYUWA3pa2i,114.000,3ro8QLJh0yyykLyV,146.000,WYac+BcEaEqjcD+O,147.000,Jg+7wzPVXO3fl6hF,,,,
0,256,2026-04-05T09:35:58.949Z,154.000,7,46.000,jwNdRfwvt/DA6PNq,55.000,0vdW+g6toC/h3nqI,60.000,Cr1IDgtoIwjHadzo,66.000,nbm0/St8w4GUlGA4,126.000,uHgM+VdJzX93m/5O,152.000,h4OQZ7bMhp0Pbd5V,154.000,UfIL2xPYUWA3pa2i,,,,,,
0,257,2026-04-05T09:35:59.103Z,112.000,7,15.000,3ro8QLJh0yyykLyV,47.000,Jg+7wzPVXO3fl6hF,50.000,WYac+BcEaEqjcD+O,95.000,jwNdRfwvt/DA6PNq,101.000,0vdW+g6toC/h3nqI,107.000,Cr1IDgtoIwjHadzo,112.000,nbm0/St8w4GUlGA4,,,,,,
0,258,2026-04-05T09:35:59.215Z,185.000,7,61.000,uHgM+VdJzX93m/5O,84.000,h4OQZ7bMhp0Pbd5V,87.000,UfIL2xPYUWA3pa2i,105.000,3ro8QLJh0yyykLyV,139.000,WYac+BcEaEqjcD+O,141.000,Jg+7wzPVXO3fl6hF,184.000,jwNdRfwvt/DA6PNq,,,,,,
0,259,2026-04-05T09:35:59.400Z,120.000,7,7.000,0vdW+g6toC/h3nqI,11.000,Cr1IDgtoIwjHadzo,16.000,nbm0/St8w4GUlGA4,78.000,uHgM+VdJzX93m/5O,101.000,h4OQZ7bMhp0Pbd5V,103.000,UfIL2xPYUWA3pa2i,120.000,3ro8QLJh0yyykLyV,,,,,,
0,260,2026-04-05T09:35:59.520Z,183.000,7,32.000,WYac+BcEaEqjcD+O,33.000,Jg+7wzPVXO3fl6hF,91.000,0vdW+g6toC/h3nqI,97.000,nbm0/St8w4GUlGA4,160.000,Cr1IDgtoIwjHadzo,163.000,jwNdRfwvt/DA6PNq,183.000,UfIL2xPYUWA3pa2i,,,,,,
0,261,2026-04-05T09:35:59.703Z,385.000,7,18.000,3ro8QLJh0yyykLyV,115.000,nbm0/St8w4GUlGA4,140.000,Cr1IDgtoIwjHadzo,199.000,UfIL2xPYUWA3pa2i,378.000,Jg+7wzPVXO3fl6hF,381.000,WYac+BcEaEqjcD+O,385.000,0vdW+g6toC/h3nqI,,,,,,
0,262,2026-04-05T09:36:00.088Z,107.000,10,4.000,3ro8QLJh0yyykLyV,19.000,UfIL2xPYUWA3pa2i,57.000,nbm0/St8w4GUlGA4,91.000,0vdW+g6toC/h3nqI,102.000,Jg+7wzPVXO3fl6hF,104.000,jwNdRfwvt/DA6PNq,107.000,uHgM+VdJzX93m/5O,110.000,h4OQZ7bMhp0Pbd5V,112.000,Cr1IDgtoIwjHadzo,162.000,WYac+BcEaEqjcD+O
0,263,2026-04-05T09:36:00.195Z,108.000,9,97.000,0vdW+g6toC/h3nqI,97.000,3ro8QLJh0yyykLyV,102.000,nbm0/St8w4GUlGA4,103.000,Cr1IDgtoIwjHadzo,105.000,jwNdRfwvt/DA6PNq,106.000,uHgM+VdJzX93m/5O,108.000,Jg+7wzPVXO3fl6hF,114.000,h4OQZ7bMhp0Pbd5V,117.000,UfIL2xPYUWA3pa2i,,
0,264,2026-04-05T09:36:00.303Z,202.000,9,140.000,WYac+BcEaEqjcD+O,191.000,3ro8QLJh0yyykLyV,196.000,0vdW+g6toC/h3nqI,197.000,nbm0/St8w4GUlGA4,199.000,uHgM+VdJzX93m/5O,201.000,jwNdRfwvt/DA6PNq,202.000,Cr1IDgtoIwjHadzo,205.000,Jg+7wzPVXO3fl6hF,213.000,h4OQZ7bMhp0Pbd5V,,
0,265,2026-04-05T09:36:00.505Z,560.000,7,4.000,UfIL2xPYUWA3pa2i,189.000,3ro8QLJh0yyykLyV,191.000,nbm0/St8w4GUlGA4,194.000,Cr1IDgtoIwjHadzo,559.000,WYac+BcEaEqjcD+O,559.000,h4OQZ7bMhp0Pbd5V,560.000,uHgM+VdJzX93m/5O,,,,,,
0,266,2026-04-05T09:36:01.065Z,16.000,10,4.000,UfIL2xPYUWA3pa2i,4.000,nbm0/St8w4GUlGA4,5.000,Cr1IDgtoIwjHadzo,5.000,uHgM+VdJzX93m/5O,7.000,3ro8QLJh0yyykLyV,14.000,0vdW+g6toC/h3nqI,16.000,jwNdRfwvt/DA6PNq,18.000,h4OQZ7bMhp0Pbd5V,23.000,Jg+7wzPVXO3fl6hF,25.000,WYac+BcEaEqjcD+O
0,267,2026-04-05T09:36:01.081Z,123.000,9,113.000,uHgM+VdJzX93m/5O,114.000,jwNdRfwvt/DA6PNq,116.000,nbm0/St8w4GUlGA4,119.000,UfIL2xPYUWA3pa2i,120.000,Cr1IDgtoIwjHadzo,122.000,h4OQZ7bMhp0Pbd5V,123.000,0vdW+g6toC/h3nqI,125.000,WYac+BcEaEqjcD+O,129.000,Jg+7wzPVXO3fl6hF,,
0,268,2026-04-05T09:36:01.204Z,205.000,10,66.000,3ro8QLJh0yyykLyV,192.000,Cr1IDgtoIwjHadzo,195.000,uHgM+VdJzX93m/5O,195.000,UfIL2xPYUWA3pa2i,196.000,nbm0/St8w4GUlGA4,202.000,Jg+7wzPVXO3fl6hF,204.000,h4OQZ7bMhp0Pbd5V,206.000,0vdW+g6toC/h3nqI,208.000,WYac+BcEaEqjcD+O,210.000,jwNdRfwvt/DA6PNq
0,269,2026-04-05T09:36:01.409Z,597.000,8,61.000,3ro8QLJh0yyykLyV,191.000,nbm0/St8w4GUlGA4,192.000,UfIL2xPYUWA3pa2i,194.000,Cr1IDgtoIwjHadzo,585.000,h4OQZ7bMhp0Pbd5V,590.000,jwNdRfwvt/DA6PNq,596.000,uHgM+VdJzX93m/5O,605.000,WYac+BcEaEqjcD+O,,,,
0,270,2026-04-05T09:36:02.006Z,113.000,10,4.000,nbm0/St8w4GUlGA4,5.000,3ro8QLJh0yyykLyV,20.000,Cr1IDgtoIwjHadzo,85.000,UfIL2xPYUWA3pa2i,108.000,Jg+7wzPVXO3fl6hF,110.000,jwNdRfwvt/DA6PNq,113.000,h4OQZ7bMhp0Pbd5V,114.000,0vdW+g6toC/h3nqI,119.000,uHgM+VdJzX93m/5O,124.000,WYac+BcEaEqjcD+O
0,271,2026-04-05T09:36:02.119Z,102.000,9,94.000,0vdW+g6toC/h3nqI,95.000,uHgM+VdJzX93m/5O,95.000,3ro8QLJh0yyykLyV,96.000,Jg+7wzPVXO3fl6hF,101.000,jwNdRfwvt/DA6PNq,101.000,Cr1IDgtoIwjHadzo,102.000,h4OQZ7bMhp0Pbd5V,104.000,nbm0/St8w4GUlGA4,110.000,WYac+BcEaEqjcD+O,,
0,272,2026-04-05T09:36:02.221Z,594.000,7,60.000,UfIL2xPYUWA3pa2i,194.000,3ro8QLJh0yyykLyV,196.000,nbm0/St8w4GUlGA4,198.000,Cr1IDgtoIwjHadzo,589.000,uHgM+VdJzX93m/5O,592.000,jwNdRfwvt/DA6PNq,594.000,h4OQZ7bMhp0Pbd5V,,,,,,
0,273,2026-04-05T09:36:02.815Z,102.000,10,4.000,UfIL2xPYUWA3pa2i,5.000,Cr1IDgtoIwjHadzo,5.000,3ro8QLJh0yyykLyV,9.000,nbm0/St8w4GUlGA4,92.000,h4OQZ7bMhp0Pbd5V,97.000,jwNdRfwvt/DA6PNq,102.000,uHgM+VdJzX93m/5O,104.000,Jg+7wzPVXO3fl6hF,105.000,0vdW+g6toC/h3nqI,107.000,WYac+BcEaEqjcD+O
0,274,2026-04-05T09:36:02.917Z,108.000,10,103.000,Cr1IDgtoIwjHadzo,104.000,uHgM+VdJzX93m/5O,104.000,3ro8QLJh0yyykLyV,105.000,nbm0/St8w4GUlGA4,106.000,0vdW+g6toC/h3nqI,108.000,WYac+BcEaEqjcD+O,108.000,UfIL2xPYUWA3pa2i,111.000,jwNdRfwvt/DA6PNq,114.000,h4OQZ7bMhp0Pbd5V,115.000,Jg+7wzPVXO3fl6hF
0,275,2026-04-05T09:36:03.025Z,767.000,7,197.000,3ro8QLJh0yyykLyV,198.000,nbm0/St8w4GUlGA4,200.000,UfIL2xPYUWA3pa2i,203.000,h4OQZ7bMhp0Pbd5V,206.000,Cr1IDgtoIwjHadzo,765.000,WYac+BcEaEqjcD+O,767.000,uHgM+VdJzX93m/5O,,,,,,
0,276,2026-04-05T09:36:03.792Z,334.000,7,3.000,3ro8QLJh0yyykLyV,6.000,UfIL2xPYUWA3pa2i,21.000,Cr1IDgtoIwjHadzo,22.000,h4OQZ7bMhp0Pbd5V,325.000,0vdW+g6toC/h3nqI,328.000,nbm0/St8w4GUlGA4,333.000,uHgM+VdJzX93m/5O,,,,,,
0,277,2026-04-05T09:36:04.126Z,634.000,7,45.000,nbm0/St8w4GUlGA4,81.000,Cr1IDgtoIwjHadzo,82.000,UfIL2xPYUWA3pa2i,87.000,3ro8QLJh0yyykLyV,630.000,uHgM+VdJzX93m/5O,632.000,Jg+7wzPVXO3fl6hF,634.000,h4OQZ7bMhp0Pbd5V,,,,,,
0,278,2026-04-05T09:36:04.760Z,323.000,7,152.000,jwNdRfwvt/DA6PNq,153.000,h4OQZ7bMhp0Pbd5V,153.000,UfIL2xPYUWA3pa2i,154.000,Cr1IDgtoIwjHadzo,154.000,3ro8QLJh0yyykLyV,231.000,Jg+7wzPVXO3fl6hF,323.000,WYac+BcEaEqjcD+O,,,,,,
0,279,2026-04-05T09:36:05.083Z,861.000,7,26.000,Cr1IDgtoIwjHadzo,27.000,3ro8QLJh0yyykLyV,145.000,nbm0/St8w4GUlGA4,496.000,UfIL2xPYUWA3pa2i,852.000,uHgM+VdJzX93m/5O,853.000,Jg+7wzPVXO3fl6hF,860.000,h4OQZ7bMhp0Pbd5V,,,,,,
0,280,2026-04-05T09:36:05.944Z,767.000,7,7.000,UfIL2xPYUWA3pa2i,40.000,h4OQZ7bMhp0Pbd5V,91.000,Cr1IDgtoIwjHadzo,360.000,uHgM+VdJzX93m/5O,362.000,0vdW+g6toC/h3nqI,757.000,3ro8QLJh0yyykLyV,767.000,nbm0/St8w4GUlGA4,,,,,,
0,281,2026-04-05T09:36:06.711Z,413.000,7,117.000,Cr1IDgtoIwjHadzo,130.000,UfIL2xPYUWA3pa2i,211.000,nbm0/St8w4GUlGA4,245.000,3ro8QLJh0yyykLyV,393.000,h4OQZ7bMhp0Pbd5V,409.000,jwNdRfwvt/DA6PNq,413.000,uHgM+VdJzX93m/5O,,,,,,
0,282,2026-04-05T09:36:07.124Z,891.000,7,717.000,nbm0/St8w4GUlGA4,726.000,h4OQZ7bMhp0Pbd5V,769.000,UfIL2xPYUWA3pa2i,772.000,Cr1IDgtoIwjHadzo,838.000,jwNdRfwvt/DA6PNq,842.000,3ro8QLJh0yyykLyV,891.000,WYac+BcEaEqjcD+O,,,,,,
0,283,2026-04-05T09:36:08.015Z,1013.000,7,5.000,Cr1IDgtoIwjHadzo,5.000,UfIL2xPYUWA3pa2i,8.000,nbm0/St8w4GUlGA4,843.000,h4OQZ7bMhp0Pbd5V,953.000,jwNdRfwvt/DA6PNq,1012.000,WYac+BcEaEqjcD+O,1013.000,3ro8QLJh0yyykLyV,,,,,,
0,284,2026-04-05T09:36:09.028Z,957.000,7,9.000,nbm0/St8w4GUlGA4,112.000,Cr1IDgtoIwjHadzo,141.000,UfIL2xPYUWA3pa2i,862.000,jwNdRfwvt/DA6PNq,922.000,h4OQZ7bMhp0Pbd5V,955.000,uHgM+VdJzX93m/5O,957.000,Jg+7wzPVXO3fl6hF,,,,,,
0,285,2026-04-05T09:36:09.985Z,940.000,9,117.000,nbm0/St8w4GUlGA4,768.000,UfIL2xPYUWA3pa2i,770.000,Cr1IDgtoIwjHadzo,939.000,uHgM+VdJzX93m/5O,940.000,Jg+7wzPVXO3fl6hF,940.000,jwNdRfwvt/DA6PNq,940.000,3ro8QLJh0yyykLyV,941.000,WYac+BcEaEqjcD+O,943.000,0vdW+g6toC/h3nqI,,
0,286,2026-04-05T09:36:10.925Z,1019.000,8,880.000,nbm0/St8w4GUlGA4,922.000,UfIL2xPYUWA3pa2i,950.000,jwNdRfwvt/DA6PNq,979.000,uHgM+VdJzX93m/5O,989.000,Jg+7wzPVXO3fl6hF,997.000,WYac+BcEaEqjcD+O,1018.000,0vdW+g6toC/h3nqI,1042.000,Cr1IDgtoIwjHadzo,,,,
0,287,2026-04-05T09:36:11.944Z,1024.000,7,537.000,UfIL2xPYUWA3pa2i,756.000,nbm0/St8w4GUlGA4,800.000,Cr1IDgtoIwjHadzo,987.000,uHgM+VdJzX93m/5O,1006.000,jwNdRfwvt/DA6PNq,1013.000,Jg+7wzPVXO3fl6hF,1024.000,0vdW+g6toC/h3nqI,,,,,,
0,288,2026-04-05T09:36:12.968Z,1026.000,7,449.000,3ro8QLJh0yyykLyV,928.000,nbm0/St8w4GUlGA4,929.000,Cr1IDgtoIwjHadzo,952.000,UfIL2xPYUWA3pa2i,1016.000,Jg+7wzPVXO3fl6hF,1024.000,uHgM+VdJzX93m/5O,1026.000,jwNdRfwvt/DA6PNq,,,,,,
0,289,2026-04-05T09:36:13.994Z,1596.000,8,863.000,nbm0/St8w4GUlGA4,921.000,Cr1IDgtoIwjHadzo,932.000,UfIL2xPYUWA3pa2i,1348.000,Jg+7wzPVXO3fl6hF,1389.000,0vdW+g6toC/h3nqI,1413.000,WYac+BcEaEqjcD+O,1596.000,h4OQZ7bMhp0Pbd5V,1634.000,jwNdRfwvt/DA6PNq,,,,
0,290,2026-04-05T09:36:15.590Z,1518.000,7,679.000,WYac+BcEaEqjcD+O,1061.000,0vdW+g6toC/h3nqI,1230.000,jwNdRfwvt/DA6PNq,1258.000,3ro8QLJh0yyykLyV,1332.000,h4OQZ7bMhp0Pbd5V,1485.000,uHgM+VdJzX93m/5O,1518.000,nbm0/St8w4GUlGA4,,,,,,
0,291,2026-04-05T09:36:17.108Z,1912.000,7,829.000,nbm0/St8w4GUlGA4,1028.000,h4OQZ7bMhp0Pbd5V,1078.000,UfIL2xPYUWA3pa2i,1440.000,Jg+7wzPVXO3fl6hF,1837.000,Cr1IDgtoIwjHadzo,1851.000,0vdW+g6toC/h3nqI,1912.000,jwNdRfwvt/DA6PNq,,,,,,
0,292,2026-04-05T09:36:19.020Z,2659.000,7,1730.000,h4OQZ7bMhp0Pbd5V,1811.000,3ro8QLJh0yyykLyV,1945.000,Cr1IDgtoIwjHadzo,2561.000,Jg+7wzPVXO3fl6hF,2613.000,0vdW+g6toC/h3nqI,2641.000,jwNdRfwvt/DA6PNq,2659.000,uHgM+VdJzX93m/5O,,,,,,
0,293,2026-04-05T09:36:21.679Z,2766.000,7,2437.000,3ro8QLJh0yyykLyV,2446.000,Jg+7wzPVXO3fl6hF,2484.000,UfIL2xPYUWA3pa2i,2494.000,h4OQZ7bMhp0Pbd5V,2497.000,nbm0/St8w4GUlGA4,2760.000,jwNdRfwvt/DA6PNq,2766.000,WYac+BcEaEqjcD+O,,,,,,
0,294,2026-04-05T09:36:24.445Z,3416.000,7,3007.000,jwNdRfwvt/DA6PNq,3012.000,Jg+7wzPVXO3fl6hF,3034.000,3ro8QLJh0yyykLyV,3101.000,Cr1IDgtoIwjHadzo,3106.000,UfIL2xPYUWA3pa2i,3408.000,h4OQZ7bMhp0Pbd5V,3416.000,nbm0/St8w4GUlGA4,,,,,,
0,295,2026-04-05T09:36:27.861Z,3902.000,7,3096.000,UfIL2xPYUWA3pa2i,3121.000,h4OQZ7bMhp0Pbd5V,3217.000,nbm0/St8w4GUlGA4,3685.000,jwNdRfwvt/DA6PNq,3781.000,uHgM+VdJzX93m/5O,3797.000,3ro8QLJh0yyykLyV,3902.000,Cr1IDgtoIwjHadzo,,,,,,
0,296,2026-04-05T09:36:31.763Z,5225.000,7,3603.000,nbm0/St8w4GUlGA4,4300.000,jwNdRfwvt/DA6PNq,4386.000,3ro8QLJh0yyykLyV,4446.000,uHgM+VdJzX93m/5O,4533.000,UfIL2xPYUWA3pa2i,4584.000,h4OQZ7bMhp0Pbd5V,5225.000,Jg+7wzPVXO3fl6hF,,,,,,
0,297,2026-04-05T09:36:36.988Z,5806.000,7,5479.000,0vdW+g6toC/h3nqI,5505.000,jwNdRfwvt/DA6PNq,5510.000,Cr1IDgtoIwjHadzo,5568.000,UfIL2xPYUWA3pa2i,5582.000,nbm0/St8w4GUlGA4,5803.000,3ro8QLJh0yyykLyV,5806.000,h4OQZ7bMhp0Pbd5V,,,,,,
0,298,2026-04-05T09:36:42.794Z,6958.000,7,5546.000,UfIL2xPYUWA3pa2i,6358.000,nbm0/St8w4GUlGA4,6620.000,jwNdRfwvt/DA6PNq,6681.000,h4OQZ7bMhp0Pbd5V,6750.000,3ro8QLJh0yyykLyV,6910.000,WYac+BcEaEqjcD+O,6957.000,0vdW+g6toC/h3nqI,,,,,,
0,299,2026-04-05T09:36:49.752Z,8217.000,7,7178.000,WYac+BcEaEqjcD+O,7874.000,0vdW+g6toC/h3nqI,7933.000,Cr1IDgtoIwjHadzo,7961.000,UfIL2xPYUWA3pa2i,8041.000,3ro8QLJh0yyykLyV,8049.000,nbm0/St8w4GUlGA4,8217.000,uHgM+VdJzX93m/5O,,,,,,
0,300,2026-04-05T09:36:57.969Z,8161.000,7,8109.000,nbm0/St8w4GUlGA4,8123.000,0vdW+g6toC/h3nqI,8132.000,WYac+BcEaEqjcD+O,8141.000,uHgM+VdJzX93m/5O,8152.000,h4OQZ7bMhp0Pbd5V,8159.000,UfIL2xPYUWA3pa2i,8160.000,3ro8QLJh0yyykLyV,,,,,,
0,301,2026-04-05T09:37:06.130Z,8525.000,7,7318.000,Cr1IDgtoIwjHadzo,8406.000,WYac+BcEaEqjcD+O,8420.000,jwNdRfwvt/DA6PNq,8447.000,uHgM+VdJzX93m/5O,8448.000,Jg+7wzPVXO3fl6hF,8513.000,3ro8QLJh0yyykLyV,8525.000,UfIL2xPYUWA3pa2i,,,,,,
0,302,2026-04-05T09:37:14.655Z,7765.000,7,6837.000,Cr1IDgtoIwjHadzo,6855.000,Jg+7wzPVXO3fl6hF,6913.000,UfIL2xPYUWA3pa2i,7506.000,uHgM+VdJzX93m/5O,7717.000,WYac+BcEaEqjcD+O,7741.000,jwNdRfwvt/DA6PNq,7764.000,h4OQZ7bMhp0Pbd5V,,,,,,
0,303,2026-04-05T09:37:22.420Z,8153.000,7,7112.000,Cr1IDgtoIwjHadzo,7127.000,UfIL2xPYUWA3pa2i,7397.000,uHgM+VdJzX93m/5O,7473.000,WYac+BcEaEqjcD+O,7551.000,nbm0/St8w4GUlGA4,7598.000,jwNdRfwvt/DA6PNq,8153.000,3ro8QLJh0yyykLyV,,,,,,
0,304,2026-04-05T09:37:30.573Z,,0,,,,,,,,,,,,,,,,,,,,
1,1,2026-04-05T09:35:04.262Z,11354.000,7,7665.000,nbm0/St8w4GUlGA4,7905.000,jwNdRfwvt/DA6PNq,9097.000,Cr1IDgtoIwjHadzo,9391.000,UfIL2xPYUWA3pa2i,10676.000,uHgM+VdJzX93m/5O,11354.000,0vdW+g6toC/h3nqI,11354.000,3ro8QLJh0yyykLyV,,,,,,
1,2,2026-04-05T09:35:15.616Z,10.000,7,4.000,3ro8QLJh0yyykLyV,6.000,uHgM+VdJzX93m/5O,6.000,jwNdRfwvt/DA6PNq,7.000,UfIL2xPYUWA3pa2i,8.000,nbm0/St8w4GUlGA4,8.000,Cr1IDgtoIwjHadzo,10.000,0vdW+g6toC/h3nqI,,,,,,
1,3,2026-04-05T09:35:15.626Z,206.000,7,197.000,jwNdRfwvt/DA6PNq,197.000,UfIL2xPYUWA3pa2i,198.000,3ro8QLJh0yyykLyV,200.000,uHgM+VdJzX93m/5O,201.000,Cr1IDgtoIwjHadzo,202.000,nbm0/St8w4GUlGA4,206.000,0vdW+g6toC/h3nqI,,,,,,
1,4,2026-04-05T09:35:15.832Z,202.000,7,192.000,3ro8QLJh0yyykLyV,194.000,nbm0/St8w4GUlGA4,195.000,jwNdRfwvt/DA6PNq,197.000,Cr1IDgtoIwjHadzo,199.000,UfIL2xPYUWA3pa2i,200.000,uHgM+VdJzX93m/5O,201.000,0vdW+g6toC/h3nqI,,,,,,
1,5,2026-04-05T09:35:16.034Z,201.000,7,191.000,3ro8QLJh0yyykLyV,194.000,jwNdRfwvt/DA6PNq,195.000,nbm0/St8w4GUlGA4,196.000,UfIL2xPYUWA3pa2i,197.000,Cr1IDgtoIwjHadzo,200.000,uHgM+VdJzX93m/5O,201.000,0vdW+g6toC/h3nqI,,,,,,
1,6,2026-04-05T09:35:16.235Z,203.000,8,194.000,Cr1IDgtoIwjHadzo,195.000,jwNdRfwvt/DA6PNq,196.000,3ro8QLJh0yyykLyV,198.000,nbm0/St8w4GUlGA4,199.000,UfIL2xPYUWA3pa2i,201.000,uHgM+VdJzX93m/5O,202.000,0vdW+g6toC/h3nqI,337.000,h4OQZ7bMhp0Pbd5V,,,,
1,7,2026-04-05T09:35:16.438Z,200.000,8,191.000,jwNdRfwvt/DA6PNq,192.000,UfIL2xPYUWA3pa2i,193.000,nbm0/St8w4GUlGA4,195.000,Cr1IDgtoIwjHadzo,197.000,3ro8QLJh0yyykLyV,198.000,h4OQZ7bMhp0Pbd5V,199.000,uHgM+VdJzX93m/5O,201.000,0vdW+g6toC/h3nqI,,,,
1,8,2026-04-05T09:35:16.638Z,200.000,8,192.000,Cr1IDgtoIwjHadzo,193.000,UfIL2xPYUWA3pa2i,194.000,nbm0/St8w4GUlGA4,195.000,3ro8QLJh0yyykLyV,196.000,jwNdRfwvt/DA6PNq,199.000,uHgM+VdJzX93m/5O,200.000,0vdW+g6toC/h3nqI,201.000,h4OQZ7bMhp0Pbd5V,,,,
1,9,2026-04-05T09:35:16.838Z,202.000,9,192.000,3ro8QLJh0yyykLyV,194.000,UfIL2xPYUWA3pa2i,196.000,uHgM+VdJzX93m/5O,197.000,nbm0/St8w4GUlGA4,198.000,Cr1IDgtoIwjHadzo,199.000,jwNdRfwvt/DA6PNq,202.000,0vdW+g6toC/h3nqI,204.000,h4OQZ7bMhp0Pbd5V,240.000,WYac+BcEaEqjcD+O,,
1,10,2026-04-05T09:35:17.040Z,201.000,9,192.000,3ro8QLJh0yyykLyV,192.000,WYac+BcEaEqjcD+O,195.000,UfIL2xPYUWA3pa2i,196.000,uHgM+VdJzX93m/5O,197.000,jwNdRfwvt/DA6PNq,199.000,nbm0/St8w4GUlGA4,201.000,Cr1IDgtoIwjHadzo,202.000,h4OQZ7bMhp0Pbd5V,204.000,0vdW+g6toC/h3nqI,,
1,11,2026-04-05T09:35:17.241Z,200.000,9,191.000,3ro8QLJh0yyykLyV,192.000,WYac+BcEaEqjcD+O,194.000,UfIL2xPYUWA3pa2i,196.000,jwNdRfwvt/DA6PNq,197.000,nbm0/St8w4GUlGA4,198.000,Cr1IDgtoIwjHadzo,200.000,uHgM+VdJzX93m/5O,202.000,0vdW+g6toC/h3nqI,204.000,h4OQZ7bMhp0Pbd5V,,
1,12,2026-04-05T09:35:17.441Z,203.000,9,193.000,3ro8QLJh0yyykLyV,194.000,uHgM+VdJzX93m/5O,195.000,WYac+BcEaEqjcD+O,198.000,nbm0/St8w4GUlGA4,200.000,UfIL2xPYUWA3pa2i,201.000,jwNdRfwvt/DA6PNq,202.000,Cr1IDgtoIwjHadzo,204.000,h4OQZ7bMhp0Pbd5V,205.000,0vdW+g6toC/h3nqI,,
1,13,2026-04-05T09:35:17.644Z,199.000,9,190.000,3ro8QLJh0yyykLyV,192.000,uHgM+VdJzX93m/5O,193.000,WYac+BcEaEqjcD+O,195.000,jwNdRfwvt/DA6PNq,196.000,nbm0/St8w4GUlGA4,197.000,UfIL2xPYUWA3pa2i,199.000,Cr1IDgtoIwjHadzo,202.000,0vdW+g6toC/h3nqI,203.000,h4OQZ7bMhp0Pbd5V,,
1,14,2026-04-05T09:35:17.843Z,202.000,9,193.000,uHgM+VdJzX93m/5O,195.000,3ro8QLJh0yyykLyV,195.000,WYac+BcEaEqjcD+O,197.000,jwNdRfwvt/DA6PNq,199.000,nbm0/St8w4GUlGA4,200.000,UfIL2xPYUWA3pa2i,202.000,Cr1IDgtoIwjHadzo,203.000,0vdW+g6toC/h3nqI,204.000,h4OQZ7bMhp0Pbd5V,,
1,15,2026-04-05T09:35:18.045Z,201.000,9,192.000,uHgM+VdJzX93m/5O,193.000,WYac+BcEaEqjcD+O,195.000,3ro8QLJh0yyykLyV,196.000,nbm0/St8w4GUlGA4,197.000,jwNdRfwvt/DA6PNq,199.000,UfIL2xPYUWA3pa2i,201.000,Cr1IDgtoIwjHadzo,203.000,0vdW+g6toC/h3nqI,204.000,h4OQZ7bMhp0Pbd5V,,
1,16,2026-04-05T09:35:18.246Z,201.000,10,192.000,uHgM+VdJzX93m/5O,194.000,Cr1IDgtoIwjHadzo,195.000,3ro8QLJh0yyykLyV,196.000,WYac+BcEaEqjcD+O,198.000,jwNdRfwvt/DA6PNq,200.000,0vdW+g6toC/h3nqI,201.000,UfIL2xPYUWA3pa2i,202.000,nbm0/St8w4GUlGA4,205.000,h4OQZ7bMhp0Pbd5V,352.000,Jg+7wzPVXO3fl6hF
1,17,2026-04-05T09:35:18.447Z,197.000,10,188.000,uHgM+VdJzX93m/5O,189.000,WYac+BcEaEqjcD+O,193.000,jwNdRfwvt/DA6PNq,194.000,nbm0/St8w4GUlGA4,195.000,UfIL2xPYUWA3pa2i,196.000,3ro8QLJh0yyykLyV,197.000,Cr1IDgtoIwjHadzo,198.000,0vdW+g6toC/h3nqI,205.000,h4OQZ7bMhp0Pbd5V,308.000,Jg+7wzPVXO3fl6hF
1,18,2026-04-05T09:35:18.644Z,202.000,10,193.000,WYac+BcEaEqjcD+O,194.000,uHgM+VdJzX93m/5O,197.000,Cr1IDgtoIwjHadzo,199.000,3ro8QLJh0yyykLyV,200.000,nbm0/St8w4GUlGA4,201.000,UfIL2xPYUWA3pa2i,202.000,0vdW+g6toC/h3nqI,203.000,jwNdRfwvt/DA6PNq,209.000,h4OQZ7bMhp0Pbd5V,314.000,Jg+7wzPVXO3fl6hF
1,19,2026-04-05T09:35:18.846Z,200.000,10,193.000,WYac+BcEaEqjcD+O,195.000,uHgM+VdJzX93m/5O,195.000,UfIL2xPYUWA3pa2i,196.000,Cr1IDgtoIwjHadzo,197.000,3ro8QLJh0yyykLyV,199.000,jwNdRfwvt/DA6PNq,200.000,nbm0/St8w4GUlGA4,202.000,0vdW+g6toC/h3nqI,209.000,h4OQZ7bMhp0Pbd5V,312.000,Jg+7wzPVXO3fl6hF
1,20,2026-04-05T09:35:19.046Z,203.000,10,195.000,WYac+BcEaEqjcD+O,197.000,uHgM+VdJzX93m/5O,198.000,3ro8QLJh0yyykLyV,199.000,UfIL2xPYUWA3pa2i,201.000,nbm0/St8w4GUlGA4,202.000,Cr1IDgtoIwjHadzo,203.000,jwNdRfwvt/DA6PNq,205.000,0vdW+g6toC/h3nqI,210.000,h4OQZ7bMhp0Pbd5V,314.000,Jg+7wzPVXO3fl6hF
1,21,2026-04-05T09:35:19.249Z,200.000,10,192.000,WYac+BcEaEqjcD+O,194.000,nbm0/St8w4GUlGA4,195.000,uHgM+VdJzX93m/5O,196.000,UfIL2xPYUWA3pa2i,197.000,3ro8QLJh0yyykLyV,198.000,jwNdRfwvt/DA6PNq,200.000,Cr1IDgtoIwjHadzo,203.000,0vdW+g6toC/h3nqI,208.000,h4OQZ7bMhp0Pbd5V,312.000,Jg+7wzPVXO3fl6hF
1,22,2026-04-05T09:35:19.449Z,202.000,10,192.000,WYac+BcEaEqjcD+O,193.000,UfIL2xPYUWA3pa2i,195.000,jwNdRfwvt/DA6PNq,196.000,uHgM+VdJzX93m/5O,198.000,3ro8QLJh0yyykLyV,199.000,Cr1IDgtoIwjHadzo,201.000,nbm0/St8w4GUlGA4,204.000,0vdW+g6toC/h3nqI,209.000,h4OQZ7bMhp0Pbd5V,313.000,Jg+7wzPVXO3fl6hF
1,23,2026-04-05T09:35:19.651Z,203.000,10,193.000,WYac+BcEaEqjcD+O,195.000,3ro8QLJh0yyykLyV,197.000,UfIL2xPYUWA3pa2i,198.000,nbm0/St8w4GUlGA4,199.000,jwNdRfwvt/DA6PNq,201.000,uHgM+VdJzX93m/5O,203.000,Cr1IDgtoIwjHadzo,204.000,0vdW+g6toC/h3nqI,207.000,h4OQZ7bMhp0Pbd5V,313.000,Jg+7wzPVXO3fl6hF
1,24,2026-04-05T09:35:19.854Z,201.000,9,192.000,UfIL2xPYUWA3pa2i,193.000,WYac+BcEaEqjcD+O,195.000,jwNdRfwvt/DA6PNq,197.000,3ro8QLJh0yyykLyV,198.000,nbm0/St8w4GUlGA4,200.000,Cr1IDgtoIwjHadzo,201.000,uHgM+VdJzX93m/5O,202.000,h4OQZ7bMhp0Pbd5V,203.000,0vdW+g6toC/h3nqI,,
1,25,2026-04-05T09:35:20.055Z,200.000,10,109.000,Jg+7wzPVXO3fl6hF,193.000,UfIL2xPYUWA3pa2i,194.000,WYac+BcEaEqjcD+O,196.000,jwNdRfwvt/DA6PNq,197.000,uHgM+VdJzX93m/5O,199.000,nbm0/St8w4GUlGA4,200.000,3ro8QLJh0yyykLyV,202.000,Cr1IDgtoIwjHadzo,203.000,0vdW+g6toC/h3nqI,205.000,h4OQZ7bMhp0Pbd5V
1,26,2026-04-05T09:35:20.255Z,201.000,10,111.000,Jg+7wzPVXO3fl6hF,192.000,UfIL2xPYUWA3pa2i,194.000,jwNdRfwvt/DA6PNq,196.000,WYac+BcEaEqjcD+O,198.000,3ro8QLJh0yyykLyV,199.000,Cr1IDgtoIwjHadzo,201.000,uHgM+VdJzX93m/5O,202.000,nbm0/St8w4GUlGA4,204.000,0vdW+g6toC/h3nqI,206.000,h4OQZ7bMhp0Pbd5V
1,27,2026-04-05T09:35:20.456Z,200.000,10,112.000,Jg+7wzPVXO3fl6hF,194.000,jwNdRfwvt/DA6PNq,196.000,3ro8QLJh0yyykLyV,197.000,UfIL2xPYUWA3pa2i,197.000,WYac+BcEaEqjcD+O,199.000,Cr1IDgtoIwjHadzo,200.000,uHgM+VdJzX93m/5O,202.000,nbm0/St8w4GUlGA4,204.000,0vdW+g6toC/h3nqI,206.000,h4OQZ7bMhp0Pbd5V
1,28,2026-04-05T09:35:20.656Z,202.000,10,113.000,Jg+7wzPVXO3fl6hF,194.000,UfIL2xPYUWA3pa2i,196.000,WYac+BcEaEqjcD+O,197.000,3ro8QLJh0yyykLyV,198.000,jwNdRfwvt/DA6PNq,200.000,nbm0/St8w4GUlGA4,202.000,Cr1IDgtoIwjHadzo,203.000,uHgM+VdJzX93m/5O,204.000,0vdW+g6toC/h3nqI,207.000,h4OQZ7bMhp0Pbd5V
1,29,2026-04-05T09:35:20.858Z,198.000,10,112.000,Jg+7wzPVXO3fl6hF,192.000,WYac+BcEaEqjcD+O,194.000,3ro8QLJh0yyykLyV,195.000,UfIL2xPYUWA3pa2i,196.000,jwNdRfwvt/DA6PNq,197.000,nbm0/St8w4GUlGA4,198.000,Cr1IDgtoIwjHadzo,200.000,uHgM+VdJzX93m/5O,201.000,0vdW+g6toC/h3nqI,206.000,h4OQZ7bMhp0Pbd5V
1,30,2026-04-05T09:35:21.056Z,202.000,10,115.000,Jg+7wzPVXO3fl6hF,196.000,WYac+BcEaEqjcD+O,197.000,jwNdRfwvt/DA6PNq,198.000,3ro8QLJh0yyykLyV,199.000,nbm0/St8w4GUlGA4,200.000,uHgM+VdJzX93m/5O,202.000,Cr1IDgtoIwjHadzo,203.000,UfIL2xPYUWA3pa2i,205.000,0vdW+g6toC/h3nqI,211.000,h4OQZ7bMhp0Pbd5V
1,31,2026-04-05T09:35:21.258Z,203.000,10,114.000,Jg+7wzPVXO3fl6hF,195.000,WYac+BcEaEqjcD+O,197.000,jwNdRfwvt/DA6PNq,199.000,nbm0/St8w4GUlGA4,200.000,uHgM+VdJzX93m/5O,201.000,Cr1IDgtoIwjHadzo,202.000,3ro8QLJh0yyykLyV,204.000,UfIL2xPYUWA3pa2i,205.000,0vdW+g6toC/h3nqI,207.000,h4OQZ7bMhp0Pbd5V
1,32,2026-04-05T09:35:21.461Z,202.000,10,128.000,Jg+7wzPVXO3fl6hF,194.000,nbm0/St8w4GUlGA4,195.000,UfIL2xPYUWA3pa2i,197.000,WYac+BcEaEqjcD+O,199.000,3ro8QLJh0yyykLyV,201.000,jwNdRfwvt/DA6PNq,202.000,0vdW+g6toC/h3nqI,203.000,uHgM+VdJzX93m/5O,205.000,Cr1IDgtoIwjHadzo,206.000,h4OQZ7bMhp0Pbd5V
1,33,2026-04-05T09:35:21.663Z,200.000,10,112.000,Jg+7wzPVXO3fl6hF,193.000,WYac+BcEaEqjcD+O,194.000,jwNdRfwvt/DA6PNq,195.000,UfIL2xPYUWA3pa2i,197.000,nbm0/St8w4GUlGA4,198.000,uHgM+VdJzX93m/5O,199.000,3ro8QLJh0yyykLyV,201.000,Cr1IDgtoIwjHadzo,203.000,0vdW+g6toC/h3nqI,205.000,h4OQZ7bMhp0Pbd5V
1,34,2026-04-05T09:35:21.863Z,201.000,10,113.000,Jg+7wzPVXO3fl6hF,193.000,WYac+BcEaEqjcD+O,195.000,3ro8QLJh0yyykLyV,197.000,UfIL2xPYUWA3pa2i,198.000,jwNdRfwvt/DA6PNq,200.000,Cr1IDgtoIwjHadzo,201.000,uHgM+VdJzX93m/5O,202.000,nbm0/St8w4GUlGA4,204.000,0vdW+g6toC/h3nqI,205.000,h4OQZ7bMhp0Pbd5V
1,35,2026-04-05T09:35:22.064Z,201.000,10,113.000,Jg+7wzPVXO3fl6hF,193.000,3ro8QLJh0yyykLyV,195.000,WYac+BcEaEqjcD+O,197.000,nbm0/St8w4GUlGA4,199.000,UfIL2xPYUWA3pa2i,200.000,Cr1IDgtoIwjHadzo,201.000,uHgM+VdJzX93m/5O,202.000,0vdW+g6toC/h3nqI,204.000,jwNdRfwvt/DA6PNq,207.000,h4OQZ7bMhp0Pbd5V
1,36,2026-04-05T09:35:22.265Z,201.000,10,113.000,Jg+7wzPVXO3fl6hF,194.000,WYac+BcEaEqjcD+O,196.000,nbm0/St8w4GUlGA4,197.000,uHgM+VdJzX93m/5O,198.000,jwNdRfwvt/DA6PNq,200.000,3ro8QLJh0yyykLyV,201.000,UfIL2xPYUWA3pa2i,202.000,Cr1IDgtoIwjHadzo,204.000,0vdW+g6toC/h3nqI,207.000,h4OQZ7bMhp0Pbd5V
1,37,2026-04-05T09:35:22.466Z,201.000,10,113.000,Jg+7wzPVXO3fl6hF,193.000,WYac+BcEaEqjcD+O,196.000,nbm0/St8w4GUlGA4,197.000,jwNdRfwvt/DA6PNq,198.000,uHgM+VdJzX93m/5O,200.000,3ro8QLJh0yyykLyV,201.000,UfIL2xPYUWA3pa2i,202.000,Cr1IDgtoIwjHadzo,204.000,0vdW+g6toC/h3nqI,207.000,h4OQZ7bMhp0Pbd5V
1,38,2026-04-05T09:35:22.667Z,201.000,10,113.000,Jg+7wzPVXO3fl6hF,194.000,WYac+BcEaEqjcD+O,196.000,jwNdRfwvt/DA6PNq,197.000,nbm0/St8w4GUlGA4,198.000,uHgM+VdJzX93m/5O,200.000,Cr1IDgtoIwjHadzo,201.000,UfIL2xPYUWA3pa2i,202.000,3ro8QLJh0yyykLyV,203.000,0vdW+g6toC/h3nqI,207.000,h4OQZ7bMhp0Pbd5V
1,39,2026-04-05T09:35:22.868Z,201.000,10,114.000,Jg+7wzPVXO3fl6hF,194.000,jwNdRfwvt/DA6PNq,194.000,WYac+BcEaEqjcD+O,197.000,3ro8QLJh0yyykLyV,199.000,nbm0/St8w4GUlGA4,200.000,uHgM+VdJzX93m/5O,201.000,UfIL2xPYUWA3pa2i,202.000,Cr1IDgtoIwjHadzo,205.000,0vdW+g6toC/h3nqI,206.000,h4OQZ7bMhp0Pbd5V
1,40,2026-04-05T09:35:23.069Z,202.000,10,114.000,Jg+7wzPVXO3fl6hF,195.000,nbm0/St8w4GUlGA4,196.000,jwNdRfwvt/DA6PNq,197.000,WYac+BcEaEqjcD+O,199.000,uHgM+VdJzX93m/5O,201.000,UfIL2xPYUWA3pa2i,202.000,Cr1IDgtoIwjHadzo,203.000,3ro8QLJh0yyykLyV,204.000,0vdW+g6toC/h3nqI,206.000,h4OQZ7bMhp0Pbd5V
1,41,2026-04-05T09:35:23.271Z,200.000,10,113.000,Jg+7wzPVXO3fl6hF,191.000,nbm0/St8w4GUlGA4,194.000,WYac+BcEaEqjcD+O,196.000,Cr1IDgtoIwjHadzo,198.000,UfIL2xPYUWA3pa2i,199.000,uHgM+VdJzX93m/5O,200.000,jwNdRfwvt/DA6PNq,201.000,3ro8QLJh0yyykLyV,202.000,0vdW+g6toC/h3nqI,207.000,h4OQZ7bMhp0Pbd5V
1,42,2026-04-05T09:35:23.471Z,202.000,10,114.000,Jg+7wzPVXO3fl6hF,193.000,nbm0/St8w4GUlGA4,195.000,jwNdRfwvt/DA6PNq,196.000,WYac+BcEaEqjcD+O,199.000,Cr1IDgtoIwjHadzo,201.000,3ro8QLJh0yyykLyV,202.000,UfIL2xPYUWA3pa2i,203.000,uHgM+VdJzX93m/5O,204.000,0vdW+g6toC/h3nqI,206.000,h4OQZ7bMhp0Pbd5V
1,43,2026-04-05T09:35:23.673Z,200.000,10,113.000,Jg+7wzPVXO3fl6hF,192.000,nbm0/St8w4GUlGA4,194.000,WYac+BcEaEqjcD+O,196.000,uHgM+VdJzX93m/5O,198.000,jwNdRfwvt/DA6PNq,199.000,UfIL2xPYUWA3pa2i,200.000,Cr1IDgtoIwjHadzo,202.000,0vdW+g6toC/h3nqI,203.000,3ro8QLJh0yyykLyV,206.000,h4OQZ7bMhp0Pbd5V
1,44,2026-04-05T09:35:23.873Z,201.000,10,114.000,Jg+7wzPVXO3fl6hF,194.000,nbm0/St8w4GUlGA4,195.000,WYac+BcEaEqjcD+O,197.000,3ro8QLJh0yyykLyV,198.000,Cr1IDgtoIwjHadzo,199.000,jwNdRfwvt/DA6PNq,201.000,uHgM+VdJzX93m/5O,202.000,UfIL2xPYUWA3pa2i,204.000,0vdW+g6toC/h3nqI,206.000,h4OQZ7bMhp0Pbd5V
1,45,2026-04-05T09:35:24.074Z,201.000,10,114.000,Jg+7wzPVXO3fl6hF,194.000,WYac+BcEaEqjcD+O,196.000,jwNdRfwvt/DA6PNq,197.000,uHgM+VdJzX93m/5O,198.000,nbm0/St8w4GUlGA4,200.000,Cr1IDgtoIwjHadzo,201.000,UfIL2xPYUWA3pa2i,202.000,3ro8QLJh0yyykLyV,204.000,0vdW+g6toC/h3nqI,206.000,h4OQZ7bMhp0Pbd5V
1,46,2026-04-05T09:35:24.275Z,203.000,10,114.000,Jg+7wzPVXO3fl6hF,195.000,WYac+BcEaEqjcD+O,196.000,nbm0/St8w4GUlGA4,198.000,Cr1IDgtoIwjHadzo,200.000,UfIL2xPYUWA3pa2i,201.000,jwNdRfwvt/DA6PNq,202.000,3ro8QLJh0yyykLyV,204.000,uHgM+VdJzX93m/5O,205.000,0vdW+g6toC/h3nqI,207.000,h4OQZ7bMhp0Pbd5V
1,47,2026-04-05T09:35:24.478Z,200.000,10,112.000,Jg+7wzPVXO3fl6hF,191.000,WYac+BcEaEqjcD+O,194.000,Cr1IDgtoIwjHadzo,196.000,jwNdRfwvt/DA6PNq,198.000,nbm0/St8w4GUlGA4,199.000,UfIL2xPYUWA3pa2i,200.000,3ro8QLJh0yyykLyV,202.000,uHgM+VdJzX93m/5O,203.000,0vdW+g6toC/h3nqI,204.000,h4OQZ7bMhp0Pbd5V
1,48,2026-04-05T09:35:24.678Z,201.000,10,114.000,Jg+7wzPVXO3fl6hF,192.000,Cr1IDgtoIwjHadzo,194.000,WYac+BcEaEqjcD+O,197.000,3ro8QLJh0yyykLyV,198.000,nbm0/St8w4GUlGA4,200.000,jwNdRfwvt/DA6PNq,201.000,UfIL2xPYUWA3pa2i,202.000,uHgM+VdJzX93m/5O,203.000,0vdW+g6toC/h3nqI,206.000,h4OQZ7bMhp0Pbd5V
1,49,2026-04-05T09:35:24.879Z,202.000,10,115.000,Jg+7wzPVXO3fl6hF,193.000,Cr1IDgtoIwjHadzo,195.000,WYac+BcEaEqjcD+O,197.000,3ro8QLJh0yyykLyV,199.000,UfIL2xPYUWA3pa2i,201.000,jwNdRfwvt/DA6PNq,202.000,uHgM+VdJzX93m/5O,203.000,nbm0/St8w4GUlGA4,204.000,0vdW+g6toC/h3nqI,206.000,h4OQZ7bMhp0Pbd5V
1,50,2026-04-05T09:35:25.081Z,201.000,10,114.000,Jg+7wzPVXO3fl6hF,194.000,WYac+BcEaEqjcD+O,195.000,Cr1IDgtoIwjHadzo,197.000,uHgM+VdJzX93m/5O,198.000,nbm0/St8w4GUlGA4,199.000,UfIL2xPYUWA3pa2i,200.000,3ro8QLJh0yyykLyV,202.000,jwNdRfwvt/DA6PNq,204.000,0vdW+g6toC/h3nqI,205.000,h4OQZ7bMhp0Pbd5V
1,51,2026-04-05T09:35:25.282Z,201.000,10,114.000,Jg+7wzPVXO3fl6hF,193.000,WYac+BcEaEqjcD+O,195.000,3ro8QLJh0yyykLyV,196.000,Cr1IDgtoIwjHadzo,197.000,nbm0/St8w4GUlGA4,199.000,uHgM+VdJzX93m/5O,200.000,jwNdRfwvt/DA6PNq,202.000,0vdW+g6toC/h3nqI,203.000,UfIL2xPYUWA3pa2i,205.000,h4OQZ7bMhp0Pbd5V
1,52,2026-04-05T09:35:25.483Z,200.000,10,114.000,Jg+7wzPVXO3fl6hF,193.000,uHgM+VdJzX93m/5O,195.000,3ro8QLJh0yyykLyV,195.000,WYac+BcEaEqjcD+O,198.000,jwNdRfwvt/DA6PNq,199.000,Cr1IDgtoIwjHadzo,200.000,nbm0/St8w4GUlGA4,202.000,UfIL2xPYUWA3pa2i,203.000,0vdW+g6toC/h3nqI,205.000,h4OQZ7bMhp0Pbd5V
1,53,2026-04-05T09:35:25.683Z,202.000,10,115.000,Jg+7wzPVXO3fl6hF,193.000,nbm0/St8w4GUlGA4,195.000,WYac+BcEaEqjcD+O,197.000,3ro8QLJh0yyykLyV,199.000,jwNdRfwvt/DA6PNq,201.000,Cr1IDgtoIwjHadzo,202.000,UfIL2xPYUWA3pa2i,203.000,uHgM+VdJzX93m/5O,204.000,0vdW+g6toC/h3nqI,206.000,h4OQZ7bMhp0Pbd5V
1,54,2026-04-05T09:35:25.885Z,201.000,10,114.000,Jg+7wzPVXO3fl6hF,193.000,WYac+BcEaEqjcD+O,195.000,uHgM+VdJzX93m/5O,197.000,3ro8QLJh0yyykLyV,198.000,jwNdRfwvt/DA6PNq,199.000,nbm0/St8w4GUlGA4,201.000,UfIL2xPYUWA3pa2i,202.000,Cr1IDgtoIwjHadzo,203.000,0vdW+g6toC/h3nqI,205.000,h4OQZ7bMhp0Pbd5V
1,55,2026-04-05T09:35:26.086Z,201.000,10,113.000,Jg+7wzPVXO3fl6hF,194.000,uHgM+VdJzX93m/5O,195.000,WYac+BcEaEqjcD+O,196.000,jwNdRfwvt/DA6PNq,198.000,3ro8QLJh0yyykLyV,199.000,nbm0/St8w4GUlGA4,201.000,UfIL2xPYUWA3pa2i,202.000,Cr1IDgtoIwjHadzo,203.000,0vdW+g6toC/h3nqI,205.000,h4OQZ7bMhp0Pbd5V
1,56,2026-04-05T09:35:26.287Z,202.000,10,114.000,Jg+7wzPVXO3fl6hF,193.000,uHgM+VdJzX93m/5O,195.000,WYac+BcEaEqjcD+O,197.000,3ro8QLJh0yyykLyV,198.000,jwNdRfwvt/DA6PNq,200.000,UfIL2xPYUWA3pa2i,202.000,Cr1IDgtoIwjHadzo,203.000,nbm0/St8w4GUlGA4,204.000,0vdW+g6toC/h3nqI,206.000,h4OQZ7bMhp0Pbd5V
1,57,2026-04-05T09:35:26.489Z,200.000,10,113.000,Jg+7wzPVXO3fl6hF,192.000,uHgM+VdJzX93m/5O,194.000,WYac+BcEaEqjcD+O,196.000,3ro8QLJh0yyykLyV,197.000,nbm0/St8w4GUlGA4,198.000,jwNdRfwvt/DA6PNq,200.000,Cr1IDgtoIwjHadzo,202.000,0vdW+g6toC/h3nqI,203.000,UfIL2xPYUWA3pa2i,205.000,h4OQZ7bMhp0Pbd5V
1,58,2026-04-05T09:35:26.689Z,200.000,10,114.000,Jg+7wzPVXO3fl6hF,193.000,WYac+BcEaEqjcD+O,195.000,jwNdRfwvt/DA6PNq,196.000,3ro8QLJh0yyykLyV,197.000,UfIL2xPYUWA3pa2i,198.000,uHgM+VdJzX93m/5O,200.000,0vdW+g6toC/h3nqI,201.000,Cr1IDgtoIwjHadzo,202.000,nbm0/St8w4GUlGA4,206.000,h4OQZ7bMhp0Pbd5V
1,59,2026-04-05T09:35:26.889Z,201.000,10,116.000,Jg+7wzPVXO3fl6hF,194.000,WYac+BcEaEqjcD+O,196.000,Cr1IDgtoIwjHadzo,197.000,3ro8QLJh0yyykLyV,199.000,jwNdRfwvt/DA6PNq,200.000,UfIL2xPYUWA3pa2i,201.000,nbm0/St8w4GUlGA4,202.000,uHgM+VdJzX93m/5O,204.000,0vdW+g6toC/h3nqI,207.000,h4OQZ7bMhp0Pbd5V
1,60,2026-04-05T09:35:27.090Z,201.000,10,116.000,Jg+7wzPVXO3fl6hF,194.000,WYac+BcEaEqjcD+O,196.000,UfIL2xPYUWA3pa2i,198.000,0vdW+g6toC/h3nqI,199.000,nbm0/St8w4GUlGA4,200.000,jwNdRfwvt/DA6PNq,201.000,Cr1IDgtoIwjHadzo,202.000,uHgM+VdJzX93m/5O,204.000,3ro8QLJh0yyykLyV,208.000,h4OQZ7bMhp0Pbd5V
1,61,2026-04-05T09:35:27.291Z,202.000,10,116.000,Jg+7wzPVXO3fl6hF,194.000,WYac+BcEaEqjcD+O,197.000,UfIL2xPYUWA3pa2i,198.000,3ro8QLJh0yyykLyV,199.000,nbm0/St8w4GUlGA4,200.000,Cr1IDgtoIwjHadzo,201.000,0vdW+g6toC/h3nqI,203.000,uHgM+VdJzX93m/5O,204.000,jwNdRfwvt/DA6PNq,208.000,h4OQZ7bMhp0Pbd5V
1,62,2026-04-05T09:35:27.493Z,202.000,10,116.000,Jg+7wzPVXO3fl6hF,195.000,WYac+BcEaEqjcD+O,197.000,0vdW+g6toC/h3nqI,198.000,uHgM+VdJzX93m/5O,199.000,UfIL2xPYUWA3pa2i,201.000,jwNdRfwvt/DA6PNq,202.000,Cr1IDgtoIwjHadzo,203.000,3ro8QLJh0yyykLyV,204.000,nbm0/St8w4GUlGA4,207.000,h4OQZ7bMhp0Pbd5V
1,63,2026-04-05T09:35:27.695Z,200.000,10,115.000,Jg+7wzPVXO3fl6hF,192.000,WYac+BcEaEqjcD+O,194.000,UfIL2xPYUWA3pa2i,196.000,0vdW+g6toC/h3nqI,197.000,jwNdRfwvt/DA6PNq,198.000,uHgM+VdJzX93m/5O,199.000,nbm0/St8w4GUlGA4,201.000,Cr1IDgtoIwjHadzo,202.000,3ro8QLJh0yyykLyV,206.000,h4OQZ7bMhp0Pbd5V
1,64,2026-04-05T09:35:27.895Z,201.000,10,117.000,Jg+7wzPVXO3fl6hF,193.000,WYac+BcEaEqjcD+O,196.000,0vdW+g6toC/h3nqI,197.000,uHgM+VdJzX93m/5O,198.000,UfIL2xPYUWA3pa2i,199.000,nbm0/St8w4GUlGA4,201.000,jwNdRfwvt/DA6PNq,202.000,Cr1IDgtoIwjHadzo,204.000,3ro8QLJh0yyykLyV,206.000,h4OQZ7bMhp0Pbd5V
1,65,2026-04-05T09:35:28.096Z,200.000,10,117.000,Jg+7wzPVXO3fl6hF,189.000,WYac+BcEaEqjcD+O,195.000,UfIL2xPYUWA3pa2i,196.000,0vdW+g6toC/h3nqI,197.000,3ro8QLJh0yyykLyV,199.000,jwNdRfwvt/DA6PNq,200.000,uHgM+VdJzX93m/5O,201.000,nbm0/St8w4GUlGA4,202.000,Cr1IDgtoIwjHadzo,206.000,h4OQZ7bMhp0Pbd5V
1,66,2026-04-05T09:35:28.296Z,202.000,10,118.000,Jg+7wzPVXO3fl6hF,195.000,WYac+BcEaEqjcD+O,196.000,jwNdRfwvt/DA6PNq,198.000,0vdW+g6toC/h3nqI,199.000,3ro8QLJh0yyykLyV,200.000,Cr1IDgtoIwjHadzo,202.000,nbm0/St8w4GUlGA4,203.000,uHgM+VdJzX93m/5O,204.000,UfIL2xPYUWA3pa2i,208.000,h4OQZ7bMhp0Pbd5V
1,67,2026-04-05T09:35:28.498Z,201.000,10,117.000,Jg+7wzPVXO3fl6hF,194.000,WYac+BcEaEqjcD+O,196.000,jwNdRfwvt/DA6PNq,197.000,nbm0/St8w4GUlGA4,199.000,3ro8QLJh0yyykLyV,200.000,0vdW+g6toC/h3nqI,201.000,uHgM+VdJzX93m/5O,203.000,UfIL2xPYUWA3pa2i,204.000,Cr1IDgtoIwjHadzo,207.000,h4OQZ7bMhp0Pbd5V
1,68,2026-04-05T09:35:28.699Z,201.000,10,118.000,Jg+7wzPVXO3fl6hF,194.000,nbm0/St8w4GUlGA4,195.000,WYac+BcEaEqjcD+O,197.000,jwNdRfwvt/DA6PNq,198.000,Cr1IDgtoIwjHadzo,200.000,0vdW+g6toC/h3nqI,201.000,3ro8QLJh0yyykLyV,202.000,UfIL2xPYUWA3pa2i,203.000,uHgM+VdJzX93m/5O,206.000,h4OQZ7bMhp0Pbd5V
1,69,2026-04-05T09:35:28.900Z,201.000,10,118.000,Jg+7wzPVXO3fl6hF,194.000,jwNdRfwvt/DA6PNq,195.000,WYac+BcEaEqjcD+O,197.000,nbm0/St8w4GUlGA4,198.000,Cr1IDgtoIwjHadzo,200.000,0vdW+g6toC/h3nqI,201.000,UfIL2xPYUWA3pa2i,202.000,3ro8QLJh0yyykLyV,204.000,uHgM+VdJzX93m/5O,205.000,h4OQZ7bMhp0Pbd5V
1,70,2026-04-05T09:35:29.101Z,201.000,10,119.000,Jg+7wzPVXO3fl6hF,194.000,nbm0/St8w4GUlGA4,195.000,WYac+BcEaEqjcD+O,197.000,3ro8QLJh0yyykLyV,198.000,Cr1IDgtoIwjHadzo,200.000,0vdW+g6toC/h3nqI,201.000,UfIL2xPYUWA3pa2i,202.000,uHgM+VdJzX93m/5O,203.000,jwNdRfwvt/DA6PNq,207.000,h4OQZ7bMhp0Pbd5V
1,71,2026-04-05T09:35:29.302Z,202.000,10,118.000,Jg+7wzPVXO3fl6hF,194.000,WYac+BcEaEqjcD+O,196.000,nbm0/St8w4GUlGA4,197.000,jwNdRfwvt/DA6PNq,198.000,UfIL2xPYUWA3pa2i,200.000,uHgM+VdJzX93m/5O,202.000,3ro8QLJh0yyykLyV,203.000,Cr1IDgtoIwjHadzo,204.000,0vdW+g6toC/h3nqI,205.000,h4OQZ7bMhp0Pbd5V
1,72,2026-04-05T09:35:29.504Z,201.000,10,118.000,Jg+7wzPVXO3fl6hF,193.000,nbm0/St8w4GUlGA4,195.000,WYac+BcEaEqjcD+O,197.000,uHgM+VdJzX93m/5O,199.000,Cr1IDgtoIwjHadzo,200.000,jwNdRfwvt/DA6PNq,201.000,UfIL2xPYUWA3pa2i,202.000,0vdW+g6toC/h3nqI,204.000,3ro8QLJh0yyykLyV,205.000,h4OQZ7bMhp0Pbd5V
1,73,2026-04-05T09:35:29.705Z,202.000,10,118.000,Jg+7wzPVXO3fl6hF,194.000,WYac+BcEaEqjcD+O,196.000,3ro8QLJh0yyykLyV,197.000,0vdW+g6toC/h3nqI,199.000,nbm0/St8w4GUlGA4,200.000,jwNdRfwvt/DA6PNq,201.000,Cr1IDgtoIwjHadzo,203.000,UfIL2xPYUWA3pa2i,204.000,uHgM+VdJzX93m/5O,207.000,h4OQZ7bMhp0Pbd5V
1,74,2026-04-05T09:35:29.907Z,200.000,10,118.000,Jg+7wzPVXO3fl6hF,193.000,WYac+BcEaEqjcD+O,195.000,nbm0/St8w4GUlGA4,196.000,uHgM+VdJzX93m/5O,198.000,Cr1IDgtoIwjHadzo,199.000,jwNdRfwvt/DA6PNq,200.000,UfIL2xPYUWA3pa2i,202.000,3ro8QLJh0yyykLyV,203.000,0vdW+g6toC/h3nqI,207.000,h4OQZ7bMhp0Pbd5V
1,75,2026-04-05T09:35:30.107Z,203.000,10,119.000,Jg+7wzPVXO3fl6hF,195.000,0vdW+g6toC/h3nqI,196.000,WYac+BcEaEqjcD+O,198.000,jwNdRfwvt/DA6PNq,200.000,nbm0/St8w4GUlGA4,201.000,uHgM+VdJzX93m/5O,202.000,UfIL2xPYUWA3pa2i,204.000,3ro8QLJh0yyykLyV,205.000,Cr1IDgtoIwjHadzo,207.000,h4OQZ7bMhp0Pbd5V
1,76,2026-04-05T09:35:30.310Z,199.000,10,118.000,Jg+7wzPVXO3fl6hF,192.000,WYac+BcEaEqjcD+O,194.000,jwNdRfwvt/DA6PNq,195.000,nbm0/St8w4GUlGA4,197.000,Cr1IDgtoIwjHadzo,198.000,uHgM+VdJzX93m/5O,199.000,UfIL2xPYUWA3pa2i,201.000,3ro8QLJh0yyykLyV,202.000,0vdW+g6toC/h3nqI,206.000,h4OQZ7bMhp0Pbd5V
1,77,2026-04-05T09:35:30.509Z,202.000,10,119.000,Jg+7wzPVXO3fl6hF,194.000,jwNdRfwvt/DA6PNq,196.000,WYac+BcEaEqjcD+O,198.000,uHgM+VdJzX93m/5O,199.000,3ro8QLJh0yyykLyV,200.000,0vdW+g6toC/h3nqI,201.000,UfIL2xPYUWA3pa2i,203.000,nbm0/St8w4GUlGA4,204.000,Cr1IDgtoIwjHadzo,207.000,h4OQZ7bMhp0Pbd5V
1,78,2026-04-05T09:35:30.711Z,201.000,10,118.000,Jg+7wzPVXO3fl6hF,193.000,WYac+BcEaEqjcD+O,195.000,UfIL2xPYUWA3pa2i,197.000,uHgM+VdJzX93m/5O,198.000,Cr1IDgtoIwjHadzo,199.000,0vdW+g6toC/h3nqI,200.000,nbm0/St8w4GUlGA4,202.000,3ro8QLJh0yyykLyV,204.000,jwNdRfwvt/DA6PNq,207.000,h4OQZ7bMhp0Pbd5V
1,79,2026-04-05T09:35:30.912Z,201.000,10,118.000,Jg+7wzPVXO3fl6hF,194.000,WYac+BcEaEqjcD+O,196.000,3ro8QLJh0yyykLyV,197.000,uHgM+VdJzX93m/5O,198.000,0vdW+g6toC/h3nqI,200.000,nbm0/St8w4GUlGA4,201.000,Cr1IDgtoIwjHadzo,202.000,jwNdRfwvt/DA6PNq,203.000,UfIL2xPYUWA3pa2i,207.000,h4OQZ7bMhp0Pbd5V
1,80,2026-04-05T09:35:31.113Z,206.000,10,119.000,Jg+7wzPVXO3fl6hF,196.000,WYac+BcEaEqjcD+O,198.000,jwNdRfwvt/DA6PNq,200.000,uHgM+VdJzX93m/5O,201.000,nbm0/St8w4GUlGA4,203.000,Cr1IDgtoIwjHadzo,205.000,UfIL2xPYUWA3pa2i,208.000,3ro8QLJh0yyykLyV,209.000,0vdW+g6toC/h3nqI,211.000,h4OQZ7bMhp0Pbd5V
1,81,2026-04-05T09:35:31.319Z,209.000,10,114.000,Jg+7wzPVXO3fl6hF,192.000,0vdW+g6toC/h3nqI,195.000,WYac+BcEaEqjcD+O,200.000,3ro8QLJh0yyykLyV,202.000,UfIL2xPYUWA3pa2i,206.000,uHgM+VdJzX93m/5O,208.000,jwNdRfwvt/DA6PNq,211.000,nbm0/St8w4GUlGA4,213.000,Cr1IDgtoIwjHadzo,215.000,h4OQZ7bMhp0Pbd5V
1,82,2026-04-05T09:35:31.528Z,195.000,10,116.000,Jg+7wzPVXO3fl6hF,185.000,3ro8QLJh0yyykLyV,187.000,UfIL2xPYUWA3pa2i,188.000,0vdW+g6toC/h3nqI,189.000,WYac+BcEaEqjcD+O,191.000,nbm0/St8w4GUlGA4,195.000,uHgM+VdJzX93m/5O,199.000,Cr1IDgtoIwjHadzo,200.000,jwNdRfwvt/DA6PNq,202.000,h4OQZ7bMhp0Pbd5V
1,83,2026-04-05T09:35:31.723Z,203.000,10,113.000,Jg+7wzPVXO3fl6hF,192.000,uHgM+VdJzX93m/5O,193.000,WYac+BcEaEqjcD+O,196.000,jwNdRfwvt/DA6PNq,199.000,0vdW+g6toC/h3nqI,200.000,3ro8QLJh0yyykLyV,202.000,UfIL2xPYUWA3pa2i,204.000,Cr1IDgtoIwjHadzo,205.000,nbm0/St8w4GUlGA4,210.000,h4OQZ7bMhp0Pbd5V
1,84,2026-04-05T09:35:31.926Z,199.000,10,113.000,Jg+7wzPVXO3fl6hF,189.000,jwNdRfwvt/DA6PNq,192.000,WYac+BcEaEqjcD+O,194.000,uHgM+VdJzX93m/5O,195.000,Cr1IDgtoIwjHadzo,197.000,UfIL2xPYUWA3pa2i,199.000,0vdW+g6toC/h3nqI,200.000,nbm0/St8w4GUlGA4,201.000,3ro8QLJh0yyykLyV,203.000,h4OQZ7bMhp0Pbd5V
1,85,2026-04-05T09:35:32.125Z,195.000,10,114.000,Jg+7wzPVXO3fl6hF,188.000,WYac+BcEaEqjcD+O,189.000,Cr1IDgtoIwjHadzo,191.000,uHgM+VdJzX93m/5O,192.000,3ro8QLJh0yyykLyV,194.000,nbm0/St8w4GUlGA4,195.000,0vdW+g6toC/h3nqI,196.000,jwNdRfwvt/DA6PNq,197.000,UfIL2xPYUWA3pa2i,200.000,h4OQZ7bMhp0Pbd5V
1,86,2026-04-05T09:35:32.320Z,202.000,10,120.000,Jg+7wzPVXO3fl6hF,194.000,WYac+BcEaEqjcD+O,197.000,Cr1IDgtoIwjHadzo,198.000,jwNdRfwvt/DA6PNq,199.000,UfIL2xPYUWA3pa2i,201.000,0vdW+g6toC/h3nqI,202.000,nbm0/St8w4GUlGA4,203.000,uHgM+VdJzX93m/5O,204.000,3ro8QLJh0yyykLyV,206.000,h4OQZ7bMhp0Pbd5V
1,87,2026-04-05T09:35:32.522Z,195.000,10,121.000,Jg+7wzPVXO3fl6hF,189.000,WYac+BcEaEqjcD+O,193.000,UfIL2xPYUWA3pa2i,193.000,Cr1IDgtoIwjHadzo,194.000,jwNdRfwvt/DA6PNq,195.000,3ro8QLJh0yyykLyV,195.000,0vdW+g6toC/h3nqI,197.000,nbm0/St8w4GUlGA4,201.000,h4OQZ7bMhp0Pbd5V,232.000,uHgM+VdJzX93m/5O
1,88,2026-04-05T09:35:32.717Z,208.000,10,128.000,Jg+7wzPVXO3fl6hF,199.000,WYac+BcEaEqjcD+O,203.000,UfIL2xPYUWA3pa2i,204.000,jwNdRfwvt/DA6PNq,206.000,0vdW+g6toC/h3nqI,207.000,uHgM+VdJzX93m/5O,208.000,3ro8QLJh0yyykLyV,210.000,nbm0/St8w4GUlGA4,212.000,Cr1IDgtoIwjHadzo,214.000,h4OQZ7bMhp0Pbd5V
1,89,2026-04-05T09:35:32.925Z,199.000,10,120.000,Jg+7wzPVXO3fl6hF,189.000,WYac+BcEaEqjcD+O,195.000,0vdW+g6toC/h3nqI,196.000,nbm0/St8w4GUlGA4,197.000,UfIL2xPYUWA3pa2i,198.000,jwNdRfwvt/DA6PNq,199.000,uHgM+VdJzX93m/5O,200.000,3ro8QLJh0yyykLyV,201.000,Cr1IDgtoIwjHadzo,204.000,h4OQZ7bMhp0Pbd5V
1,90,2026-04-05T09:35:33.124Z,208.000,10,124.000,Jg+7wzPVXO3fl6hF,198.000,uHgM+VdJzX93m/5O,200.000,UfIL2xPYUWA3pa2i,201.000,0vdW+g6toC/h3nqI,203.000,WYac+BcEaEqjcD+O,205.000,jwNdRfwvt/DA6PNq,207.000,3ro8QLJh0yyykLyV,209.000,Cr1IDgtoIwjHadzo,211.000,nbm0/St8w4GUlGA4,212.000,h4OQZ7bMhp0Pbd5V
1,91,2026-04-05T09:35:33.332Z,194.000,10,135.000,Jg+7wzPVXO3fl6hF,187.000,jwNdRfwvt/DA6PNq,189.000,0vdW+g6toC/h3nqI,189.000,WYac+BcEaEqjcD+O,192.000,uHgM+VdJzX93m/5O,193.000,3ro8QLJh0yyykLyV,194.000,Cr1IDgtoIwjHadzo,197.000,UfIL2xPYUWA3pa2i,198.000,nbm0/St8w4GUlGA4,201.000,h4OQZ7bMhp0Pbd5V
1,92,2026-04-05T09:35:33.526Z,199.000,10,136.000,Jg+7wzPVXO3fl6hF,192.000,0vdW+g6toC/h3nqI,193.000,UfIL2xPYUWA3pa2i,194.000,Cr1IDgtoIwjHadzo,195.000,WYac+BcEaEqjcD+O,197.000,nbm0/St8w4GUlGA4,199.000,jwNdRfwvt/DA6PNq,200.000,uHgM+VdJzX93m/5O,201.000,3ro8QLJh0yyykLyV,214.000,h4OQZ7bMhp0Pbd5V
1,93,2026-04-05T09:35:33.725Z,203.000,10,140.000,Jg+7wzPVXO3fl6hF,194.000,0vdW+g6toC/h3nqI,196.000,WYac+BcEaEqjcD+O,198.000,Cr1IDgtoIwjHadzo,200.000,jwNdRfwvt/DA6PNq,201.000,3ro8QLJh0yyykLyV,202.000,nbm0/St8w4GUlGA4,205.000,h4OQZ7bMhp0Pbd5V,208.000,UfIL2xPYUWA3pa2i,288.000,uHgM+VdJzX93m/5O
1,94,2026-04-05T09:35:33.928Z,235.000,10,158.000,Jg+7wzPVXO3fl6hF,227.000,uHgM+VdJzX93m/5O,228.000,WYac+BcEaEqjcD+O,229.000,0vdW+g6toC/h3nqI,232.000,3ro8QLJh0yyykLyV,233.000,h4OQZ7bMhp0Pbd5V,235.000,jwNdRfwvt/DA6PNq,293.000,UfIL2xPYUWA3pa2i,294.000,Cr1IDgtoIwjHadzo,406.000,nbm0/St8w4GUlGA4
1,95,2026-04-05T09:35:34.163Z,168.000,9,103.000,Jg+7wzPVXO3fl6hF,158.000,UfIL2xPYUWA3pa2i,160.000,jwNdRfwvt/DA6PNq,162.000,WYac+BcEaEqjcD+O,163.000,uHgM+VdJzX93m/5O,164.000,0vdW+g6toC/h3nqI,168.000,Cr1IDgtoIwjHadzo,172.000,h4OQZ7bMhp0Pbd5V,209.000,nbm0/St8w4GUlGA4,,
1,96,2026-04-05T09:35:34.331Z,202.000,9,23.000,3ro8QLJh0yyykLyV,135.000,Jg+7wzPVXO3fl6hF,193.000,uHgM+VdJzX93m/5O,194.000,UfIL2xPYUWA3pa2i,196.000,0vdW+g6toC/h3nqI,198.000,jwNdRfwvt/DA6PNq,202.000,WYac+BcEaEqjcD+O,204.000,h4OQZ7bMhp0Pbd5V,205.000,Cr1IDgtoIwjHadzo,,
1,97,2026-04-05T09:35:34.533Z,212.000,10,11.000,nbm0/St8w4GUlGA4,25.000,3ro8QLJh0yyykLyV,202.000,0vdW+g6toC/h3nqI,204.000,WYac+BcEaEqjcD+O,206.000,uHgM+VdJzX93m/5O,209.000,UfIL2xPYUWA3pa2i,212.000,h4OQZ7bMhp0Pbd5V,219.000,Jg+7wzPVXO3fl6hF,222.000,Cr1IDgtoIwjHadzo,242.000,jwNdRfwvt/DA6PNq
1,98,2026-04-05T09:35:34.745Z,190.000,8,4.000,nbm0/St8w4GUlGA4,17.000,3ro8QLJh0yyykLyV,182.000,uHgM+VdJzX93m/5O,184.000,WYac+BcEaEqjcD+O,186.000,0vdW+g6toC/h3nqI,188.000,UfIL2xPYUWA3pa2i,190.000,jwNdRfwvt/DA6PNq,191.000,h4OQZ7bMhp0Pbd5V,,,,
1,99,2026-04-05T09:35:34.935Z,195.000,10,3.000,Jg+7wzPVXO3fl6hF,8.000,Cr1IDgtoIwjHadzo,26.000,3ro8QLJh0yyykLyV,103.000,nbm0/St8w4GUlGA4,192.000,0vdW+g6toC/h3nqI,194.000,uHgM+VdJzX93m/5O,195.000,WYac+BcEaEqjcD+O,198.000,h4OQZ7bMhp0Pbd5V,201.000,UfIL2xPYUWA3pa2i,207.000,jwNdRfwvt/DA6PNq
1,100,2026-04-05T09:35:35.130Z,200.000,10,10.000,Jg+7wzPVXO3fl6hF,17.000,Cr1IDgtoIwjHadzo,31.000,3ro8QLJh0yyykLyV,104.000,nbm0/St8w4GUlGA4,196.000,uHgM+VdJzX93m/5O,198.000,0vdW+g6toC/h3nqI,200.000,UfIL2xPYUWA3pa2i,202.000,WYac+BcEaEqjcD+O,206.000,jwNdRfwvt/DA6PNq,209.000,h4OQZ7bMhp0Pbd5V
1,101,2026-04-05T09:35:35.330Z,232.000,10,10.000,Jg+7wzPVXO3fl6hF,19.000,Cr1IDgtoIwjHadzo,31.000,3ro8QLJh0yyykLyV,225.000,nbm0/St8w4GUlGA4,226.000,WYac+BcEaEqjcD+O,228.000,uHgM+VdJzX93m/5O,231.000,h4OQZ7bMhp0Pbd5V,236.000,UfIL2xPYUWA3pa2i,238.000,0vdW+g6toC/h3nqI,261.000,jwNdRfwvt/DA6PNq
1,102,2026-04-05T09:35:35.562Z,169.000,9,8.000,3ro8QLJh0yyykLyV,10.000,Cr1IDgtoIwjHadzo,25.000,Jg+7wzPVXO3fl6hF,74.000,nbm0/St8w4GUlGA4,166.000,WYac+BcEaEqjcD+O,167.000,0vdW+g6toC/h3nqI,169.000,uHgM+VdJzX93m/5O,172.000,jwNdRfwvt/DA6PNq,174.000,h4OQZ7bMhp0Pbd5V,,
1,103,2026-04-05T09:35:35.731Z,201.000,10,25.000,UfIL2xPYUWA3pa2i,36.000,3ro8QLJh0yyykLyV,37.000,Cr1IDgtoIwjHadzo,51.000,Jg+7wzPVXO3fl6hF,107.000,nbm0/St8w4GUlGA4,199.000,WYac+BcEaEqjcD+O,201.000,0vdW+g6toC/h3nqI,202.000,jwNdRfwvt/DA6PNq,204.000,uHgM+VdJzX93m/5O,207.000,h4OQZ7bMhp0Pbd5V
1,104,2026-04-05T09:35:35.932Z,203.000,10,26.000,UfIL2xPYUWA3pa2i,37.000,3ro8QLJh0yyykLyV,39.000,Cr1IDgtoIwjHadzo,50.000,Jg+7wzPVXO3fl6hF,106.000,nbm0/St8w4GUlGA4,200.000,jwNdRfwvt/DA6PNq,202.000,WYac+BcEaEqjcD+O,204.000,h4OQZ7bMhp0Pbd5V,208.000,0vdW+g6toC/h3nqI,475.000,uHgM+VdJzX93m/5O
1,105,2026-04-05T09:35:36.135Z,201.000,9,24.000,UfIL2xPYUWA3pa2i,37.000,Cr1IDgtoIwjHadzo,38.000,3ro8QLJh0yyykLyV,49.000,Jg+7wzPVXO3fl6hF,106.000,nbm0/St8w4GUlGA4,199.000,0vdW+g6toC/h3nqI,200.000,jwNdRfwvt/DA6PNq,203.000,h4OQZ7bMhp0Pbd5V,204.000,WYac+BcEaEqjcD+O,,
1,106,2026-04-05T09:35:36.336Z,200.000,9,26.000,UfIL2xPYUWA3pa2i,36.000,Cr1IDgtoIwjHadzo,41.000,3ro8QLJh0yyykLyV,49.000,Jg+7wzPVXO3fl6hF,105.000,nbm0/St8w4GUlGA4,195.000,WYac+BcEaEqjcD+O,200.000,0vdW+g6toC/h3nqI,201.000,jwNdRfwvt/DA6PNq,202.000,h4OQZ7bMhp0Pbd5V,,
1,107,2026-04-05T09:35:36.536Z,199.000,10,23.000,UfIL2xPYUWA3pa2i,37.000,Cr1IDgtoIwjHadzo,42.000,3ro8QLJh0yyykLyV,45.000,uHgM+VdJzX93m/5O,51.000,Jg+7wzPVXO3fl6hF,107.000,nbm0/St8w4GUlGA4,199.000,jwNdRfwvt/DA6PNq,210.000,h4OQZ7bMhp0Pbd5V,212.000,WYac+BcEaEqjcD+O,231.000,0vdW+g6toC/h3nqI
1,108,2026-04-05T09:35:36.735Z,201.000,9,26.000,UfIL2xPYUWA3pa2i,40.000,3ro8QLJh0yyykLyV,47.000,uHgM+VdJzX93m/5O,53.000,Jg+7wzPVXO3fl6hF,109.000,nbm0/St8w4GUlGA4,126.000,Cr1IDgtoIwjHadzo,200.000,WYac+BcEaEqjcD+O,202.000,jwNdRfwvt/DA6PNq,274.000,h4OQZ7bMhp0Pbd5V,,
1,109,2026-04-05T09:35:36.936Z,111.000,7,27.000,UfIL2xPYUWA3pa2i,28.000,0vdW+g6toC/h3nqI,40.000,3ro8QLJh0yyykLyV,47.000,uHgM+VdJzX93m/5O,64.000,Jg+7wzPVXO3fl6hF,110.000,nbm0/St8w4GUlGA4,111.000,Cr1IDgtoIwjHadzo,,,,,,
1,110,2026-04-05T09:35:37.047Z,135.000,7,90.000,WYac+BcEaEqjcD+O,91.000,jwNdRfwvt/DA6PNq,95.000,h4OQZ7bMhp0Pbd5V,118.000,0vdW+g6toC/h3nqI,120.000,UfIL2xPYUWA3pa2i,130.000,3ro8QLJh0yyykLyV,135.000,uHgM+VdJzX93m/5O,,,,,,
1,111,2026-04-05T09:35:37.182Z,183.000,9,9.000,Jg+7wzPVXO3fl6hF,63.000,nbm0/St8w4GUlGA4,64.000,Cr1IDgtoIwjHadzo,155.000,WYac+BcEaEqjcD+O,157.000,jwNdRfwvt/DA6PNq,161.000,h4OQZ7bMhp0Pbd5V,183.000,0vdW+g6toC/h3nqI,184.000,UfIL2xPYUWA3pa2i,317.000,uHgM+VdJzX93m/5O,,
1,112,2026-04-05T09:35:37.365Z,232.000,9,13.000,3ro8QLJh0yyykLyV,27.000,Jg+7wzPVXO3fl6hF,84.000,Cr1IDgtoIwjHadzo,86.000,nbm0/St8w4GUlGA4,226.000,jwNdRfwvt/DA6PNq,227.000,h4OQZ7bMhp0Pbd5V,232.000,0vdW+g6toC/h3nqI,234.000,UfIL2xPYUWA3pa2i,241.000,WYac+BcEaEqjcD+O,,
1,113,2026-04-05T09:35:37.597Z,172.000,9,6.000,3ro8QLJh0yyykLyV,12.000,Jg+7wzPVXO3fl6hF,51.000,nbm0/St8w4GUlGA4,54.000,Cr1IDgtoIwjHadzo,91.000,uHgM+VdJzX93m/5O,158.000,jwNdRfwvt/DA6PNq,172.000,UfIL2xPYUWA3pa2i,174.000,h4OQZ7bMhp0Pbd5V,181.000,0vdW+g6toC/h3nqI,,
1,114,2026-04-05T09:35:37.769Z,175.000,8,13.000,3ro8QLJh0yyykLyV,22.000,WYac+BcEaEqjcD+O,27.000,Jg+7wzPVXO3fl6hF,80.000,nbm0/St8w4GUlGA4,83.000,Cr1IDgtoIwjHadzo,119.000,uHgM+VdJzX93m/5O,174.000,jwNdRfwvt/DA6PNq,176.000,h4OQZ7bMhp0Pbd5V,,,,
1,115,2026-04-05T09:35:37.944Z,109.000,7,25.000,UfIL2xPYUWA3pa2i,27.000,0vdW+g6toC/h3nqI,38.000,3ro8QLJh0yyykLyV,48.000,WYac+BcEaEqjcD+O,54.000,Jg+7wzPVXO3fl6hF,107.000,nbm0/St8w4GUlGA4,109.000,Cr1IDgtoIwjHadzo,,,,,,
1,116,2026-04-05T09:35:38.053Z,147.000,8,37.000,uHgM+VdJzX93m/5O,92.000,h4OQZ7bMhp0Pbd5V,93.000,jwNdRfwvt/DA6PNq,117.000,UfIL2xPYUWA3pa2i,119.000,0vdW+g6toC/h3nqI,132.000,3ro8QLJh0yyykLyV,147.000,WYac+BcEaEqjcD+O,150.000,Jg+7wzPVXO3fl6hF,,,,
1,117,2026-04-05T09:35:38.200Z,184.000,8,53.000,Cr1IDgtoIwjHadzo,92.000,uHgM+VdJzX93m/5O,94.000,nbm0/St8w4GUlGA4,176.000,h4OQZ7bMhp0Pbd5V,179.000,UfIL2xPYUWA3pa2i,180.000,0vdW+g6toC/h3nqI,184.000,3ro8QLJh0yyykLyV,243.000,jwNdRfwvt/DA6PNq,,,,
1,118,2026-04-05T09:35:38.384Z,164.000,7,10.000,WYac+BcEaEqjcD+O,17.000,Jg+7wzPVXO3fl6hF,70.000,Cr1IDgtoIwjHadzo,91.000,nbm0/St8w4GUlGA4,108.000,uHgM+VdJzX93m/5O,163.000,h4OQZ7bMhp0Pbd5V,164.000,jwNdRfwvt/DA6PNq,,,,,,
1,119,2026-04-05T09:35:38.548Z,147.000,8,26.000,UfIL2xPYUWA3pa2i,43.000,3ro8QLJh0yyykLyV,49.000,WYac+BcEaEqjcD+O,81.000,Jg+7wzPVXO3fl6hF,106.000,Cr1IDgtoIwjHadzo,129.000,nbm0/St8w4GUlGA4,146.000,uHgM+VdJzX93m/5O,169.000,0vdW+g6toC/h3nqI,,,,
1,120,2026-04-05T09:35:38.695Z,107.000,7,54.000,jwNdRfwvt/DA6PNq,55.000,h4OQZ7bMhp0Pbd5V,80.000,0vdW+g6toC/h3nqI,81.000,UfIL2xPYUWA3pa2i,93.000,3ro8QLJh0yyykLyV,102.000,WYac+BcEaEqjcD+O,107.000,Jg+7wzPVXO3fl6hF,,,,,,
1,121,2026-04-05T09:35:38.802Z,190.000,8,54.000,Cr1IDgtoIwjHadzo,75.000,nbm0/St8w4GUlGA4,95.000,uHgM+VdJzX93m/5O,148.000,jwNdRfwvt/DA6PNq,175.000,0vdW+g6toC/h3nqI,185.000,UfIL2xPYUWA3pa2i,190.000,3ro8QLJh0yyykLyV,237.000,h4OQZ7bMhp0Pbd5V,,,,
1,122,2026-04-05T09:35:38.992Z,162.000,7,6.000,WYac+BcEaEqjcD+O,13.000,Jg+7wzPVXO3fl6hF,66.000,Cr1IDgtoIwjHadzo,87.000,nbm0/St8w4GUlGA4,104.000,uHgM+VdJzX93m/5O,160.000,jwNdRfwvt/DA6PNq,162.000,h4OQZ7bMhp0Pbd5V,,,,,,
1,123,2026-04-05T09:35:39.154Z,133.000,7,23.000,0vdW+g6toC/h3nqI,25.000,UfIL2xPYUWA3pa2i,36.000,3ro8QLJh0yyykLyV,45.000,WYac+BcEaEqjcD+O,51.000,Jg+7wzPVXO3fl6hF,107.000,Cr1IDgtoIwjHadzo,132.000,nbm0/St8w4GUlGA4,,,,,,
1,124,2026-04-05T09:35:39.287Z,114.000,8,10.000,uHgM+VdJzX93m/5O,66.000,jwNdRfwvt/DA6PNq,68.000,h4OQZ7bMhp0Pbd5V,91.000,UfIL2xPYUWA3pa2i,93.000,0vdW+g6toC/h3nqI,104.000,3ro8QLJh0yyykLyV,114.000,WYac+BcEaEqjcD+O,120.000,Jg+7wzPVXO3fl6hF,,,,
1,125,2026-04-05T09:35:39.401Z,181.000,7,62.000,Cr1IDgtoIwjHadzo,79.000,nbm0/St8w4GUlGA4,97.000,uHgM+VdJzX93m/5O,152.000,jwNdRfwvt/DA6PNq,156.000,h4OQZ7bMhp0Pbd5V,178.000,0vdW+g6toC/h3nqI,181.000,UfIL2xPYUWA3pa2i,,,,,,
1,126,2026-04-05T09:35:39.582Z,173.000,8,10.000,3ro8QLJh0yyykLyV,21.000,WYac+BcEaEqjcD+O,29.000,Jg+7wzPVXO3fl6hF,81.000,Cr1IDgtoIwjHadzo,98.000,nbm0/St8w4GUlGA4,116.000,uHgM+VdJzX93m/5O,173.000,jwNdRfwvt/DA6PNq,348.000,h4OQZ7bMhp0Pbd5V,,,,
1,127,2026-04-05T09:35:39.755Z,126.000,7,25.000,0vdW+g6toC/h3nqI,28.000,UfIL2xPYUWA3pa2i,38.000,3ro8QLJh0yyykLyV,49.000,WYac+BcEaEqjcD+O,56.000,Jg+7wzPVXO3fl6hF,109.000,Cr1IDgtoIwjHadzo,126.000,nbm0/St8w4GUlGA4,,,,,,
1,128,2026-04-05T09:35:39.881Z,123.000,7,19.000,uHgM+VdJzX93m/5O,74.000,h4OQZ7bMhp0Pbd5V,76.000,jwNdRfwvt/DA6PNq,100.000,0vdW+g6toC/h3nqI,105.000,UfIL2xPYUWA3pa2i,113.000,3ro8QLJh0yyykLyV,123.000,WYac+BcEaEqjcD+O,,,,,,
1,129,2026-04-05T09:35:40.004Z,180.000,8,6.000,Jg+7wzPVXO3fl6hF,60.000,Cr1IDgtoIwjHadzo,78.000,nbm0/St8w4GUlGA4,98.000,uHgM+VdJzX93m/5O,155.000,h4OQZ7bMhp0Pbd5V,156.000,jwNdRfwvt/DA6PNq,180.000,UfIL2xPYUWA3pa2i,182.000,0vdW+g6toC/h3nqI,,,,
1,130,2026-04-05T09:35:40.184Z,217.000,8,12.000,3ro8QLJh0yyykLyV,23.000,WYac+BcEaEqjcD+O,30.000,Jg+7wzPVXO3fl6hF,81.000,Cr1IDgtoIwjHadzo,100.000,nbm0/St8w4GUlGA4,122.000,uHgM+VdJzX93m/5O,178.000,h4OQZ7bMhp0Pbd5V,226.000,jwNdRfwvt/DA6PNq,,,,
1,131,2026-04-05T09:35:40.401Z,86.000,7,4.000,0vdW+g6toC/h3nqI,6.000,UfIL2xPYUWA3pa2i,11.000,3ro8QLJh0yyykLyV,15.000,WYac+BcEaEqjcD+O,17.000,Jg+7wzPVXO3fl6hF,66.000,Cr1IDgtoIwjHadzo,86.000,nbm0/St8w4GUlGA4,,,,,,
1,132,2026-04-05T09:35:40.487Z,122.000,8,18.000,uHgM+VdJzX93m/5O,73.000,jwNdRfwvt/DA6PNq,77.000,h4OQZ7bMhp0Pbd5V,99.000,UfIL2xPYUWA3pa2i,100.000,0vdW+g6toC/h3nqI,112.000,3ro8QLJh0yyykLyV,122.000,WYac+BcEaEqjcD+O,127.000,Jg+7wzPVXO3fl6hF,,,,
1,133,2026-04-05T09:35:40.609Z,185.000,7,58.000,Cr1IDgtoIwjHadzo,80.000,nbm0/St8w4GUlGA4,98.000,uHgM+VdJzX93m/5O,151.000,jwNdRfwvt/DA6PNq,157.000,h4OQZ7bMhp0Pbd5V,180.000,UfIL2xPYUWA3pa2i,185.000,0vdW+g6toC/h3nqI,,,,,,
1,134,2026-04-05T09:35:40.794Z,166.000,7,6.000,3ro8QLJh0yyykLyV,16.000,WYac+BcEaEqjcD+O,21.000,Jg+7wzPVXO3fl6hF,74.000,Cr1IDgtoIwjHadzo,94.000,nbm0/St8w4GUlGA4,127.000,uHgM+VdJzX93m/5O,165.000,jwNdRfwvt/DA6PNq,,,,,,
1,135,2026-04-05T09:35:40.960Z,274.000,7,3.000,h4OQZ7bMhp0Pbd5V,29.000,UfIL2xPYUWA3pa2i,33.000,0vdW+g6toC/h3nqI,40.000,3ro8QLJh0yyykLyV,51.000,WYac+BcEaEqjcD+O,57.000,Jg+7wzPVXO3fl6hF,274.000,Cr1IDgtoIwjHadzo,,,,,,
1,136,2026-04-05T09:35:41.234Z,17.000,9,3.000,nbm0/St8w4GUlGA4,5.000,uHgM+VdJzX93m/5O,6.000,jwNdRfwvt/DA6PNq,8.000,h4OQZ7bMhp0Pbd5V,12.000,UfIL2xPYUWA3pa2i,14.000,3ro8QLJh0yyykLyV,16.000,Jg+7wzPVXO3fl6hF,18.000,WYac+BcEaEqjcD+O,51.000,0vdW+g6toC/h3nqI,,
1,137,2026-04-05T09:35:41.251Z,168.000,8,36.000,Cr1IDgtoIwjHadzo,42.000,nbm0/St8w4GUlGA4,61.000,uHgM+VdJzX93m/5O,113.000,jwNdRfwvt/DA6PNq,118.000,h4OQZ7bMhp0Pbd5V,141.000,UfIL2xPYUWA3pa2i,168.000,Jg+7wzPVXO3fl6hF,182.000,3ro8QLJh0yyykLyV,,,,
1,138,2026-04-05T09:35:41.419Z,158.000,7,20.000,WYac+BcEaEqjcD+O,39.000,0vdW+g6toC/h3nqI,55.000,Cr1IDgtoIwjHadzo,75.000,nbm0/St8w4GUlGA4,95.000,uHgM+VdJzX93m/5O,147.000,jwNdRfwvt/DA6PNq,158.000,h4OQZ7bMhp0Pbd5V,,,,,,
1,139,2026-04-05T09:35:41.577Z,118.000,7,16.000,UfIL2xPYUWA3pa2i,29.000,3ro8QLJh0yyykLyV,49.000,Jg+7wzPVXO3fl6hF,63.000,WYac+BcEaEqjcD+O,81.000,0vdW+g6toC/h3nqI,98.000,Cr1IDgtoIwjHadzo,118.000,nbm0/St8w4GUlGA4,,,,,,
1,140,2026-04-05T09:35:41.695Z,146.000,7,16.000,uHgM+VdJzX93m/5O,74.000,jwNdRfwvt/DA6PNq,77.000,h4OQZ7bMhp0Pbd5V,99.000,UfIL2xPYUWA3pa2i,113.000,3ro8QLJh0yyykLyV,135.000,Jg+7wzPVXO3fl6hF,146.000,WYac+BcEaEqjcD+O,,,,,,
1,141,2026-04-05T09:35:41.841Z,168.000,8,19.000,0vdW+g6toC/h3nqI,33.000,Cr1IDgtoIwjHadzo,55.000,nbm0/St8w4GUlGA4,74.000,uHgM+VdJzX93m/5O,134.000,jwNdRfwvt/DA6PNq,156.000,UfIL2xPYUWA3pa2i,168.000,3ro8QLJh0yyykLyV,242.000,h4OQZ7bMhp0Pbd5V,,,,
1,142,2026-04-05T09:35:42.009Z,162.000,8,24.000,Jg+7wzPVXO3fl6hF,53.000,WYac+BcEaEqjcD+O,55.000,0vdW+g6toC/h3nqI,67.000,Cr1IDgtoIwjHadzo,90.000,nbm0/St8w4GUlGA4,105.000,uHgM+VdJzX93m/5O,162.000,h4OQZ7bMhp0Pbd5V,169.000,jwNdRfwvt/DA6PNq,,,,
1,143,2026-04-05T09:35:42.171Z,129.000,7,27.000,UfIL2xPYUWA3pa2i,41.000,3ro8QLJh0yyykLyV,53.000,Jg+7wzPVXO3fl6hF,73.000,WYac+BcEaEqjcD+O,93.000,0vdW+g6toC/h3nqI,119.000,Cr1IDgtoIwjHadzo,129.000,nbm0/St8w4GUlGA4,,,,,,
1,144,2026-04-05T09:35:42.300Z,146.000,8,15.000,uHgM+VdJzX93m/5O,77.000,jwNdRfwvt/DA6PNq,81.000,h4OQZ7bMhp0Pbd5V,99.000,UfIL2xPYUWA3pa2i,113.000,3ro8QLJh0yyykLyV,124.000,Jg+7wzPVXO3fl6hF,146.000,WYac+BcEaEqjcD+O,214.000,Cr1IDgtoIwjHadzo,,,,
1,145,2026-04-05T09:35:42.446Z,169.000,7,18.000,0vdW+g6toC/h3nqI,56.000,nbm0/St8w4GUlGA4,77.000,uHgM+VdJzX93m/5O,128.000,h4OQZ7bMhp0Pbd5V,140.000,jwNdRfwvt/DA6PNq,156.000,UfIL2xPYUWA3pa2i,168.000,3ro8QLJh0yyykLyV,,,,,,
1,146,2026-04-05T09:35:42.615Z,166.000,8,10.000,Jg+7wzPVXO3fl6hF,31.000,WYac+BcEaEqjcD+O,70.000,0vdW+g6toC/h3nqI,81.000,Cr1IDgtoIwjHadzo,105.000,uHgM+VdJzX93m/5O,160.000,h4OQZ7bMhp0Pbd5V,166.000,jwNdRfwvt/DA6PNq,199.000,nbm0/St8w4GUlGA4,,,,
1,147,2026-04-05T09:35:42.781Z,139.000,8,22.000,UfIL2xPYUWA3pa2i,35.000,3ro8QLJh0yyykLyV,45.000,Jg+7wzPVXO3fl6hF,67.000,WYac+BcEaEqjcD+O,101.000,0vdW+g6toC/h3nqI,115.000,Cr1IDgtoIwjHadzo,139.000,uHgM+VdJzX93m/5O,257.000,nbm0/St8w4GUlGA4,,,,
1,148,2026-04-05T09:35:42.920Z,163.000,7,85.000,h4OQZ7bMhp0Pbd5V,87.000,UfIL2xPYUWA3pa2i,90.000,jwNdRfwvt/DA6PNq,97.000,3ro8QLJh0yyykLyV,108.000,Jg+7wzPVXO3fl6hF,130.000,WYac+BcEaEqjcD+O,163.000,0vdW+g6toC/h3nqI,,,,,,
1,149,2026-04-05T09:35:43.083Z,141.000,7,30.000,Cr1IDgtoIwjHadzo,56.000,uHgM+VdJzX93m/5O,105.000,h4OQZ7bMhp0Pbd5V,121.000,UfIL2xPYUWA3pa2i,125.000,jwNdRfwvt/DA6PNq,134.000,3ro8QLJh0yyykLyV,141.000,nbm0/St8w4GUlGA4,,,,,,
1,150,2026-04-05T09:35:43.224Z,182.000,7,5.000,Jg+7wzPVXO3fl6hF,27.000,WYac+BcEaEqjcD+O,59.000,0vdW+g6toC/h3nqI,88.000,Cr1IDgtoIwjHadzo,115.000,uHgM+VdJzX93m/5O,161.000,h4OQZ7bMhp0Pbd5V,182.000,UfIL2xPYUWA3pa2i,,,,,,
1,151,2026-04-05T09:35:43.406Z,110.000,7,3.000,jwNdRfwvt/DA6PNq,11.000,3ro8QLJh0yyykLyV,19.000,nbm0/St8w4GUlGA4,24.000,Jg+7wzPVXO3fl6hF,46.000,WYac+BcEaEqjcD+O,78.000,0vdW+g6toC/h3nqI,110.000,Cr1IDgtoIwjHadzo,,,,,,
1,152,2026-04-05T09:35:43.516Z,117.000,7,26.000,uHgM+VdJzX93m/5O,71.000,h4OQZ7bMhp0Pbd5V,89.000,UfIL2xPYUWA3pa2i,93.000,jwNdRfwvt/DA6PNq,101.000,3ro8QLJh0yyykLyV,111.000,nbm0/St8w4GUlGA4,117.000,Jg+7wzPVXO3fl6hF,,,,,,
1,153,2026-04-05T09:35:43.633Z,178.000,7,20.000,WYac+BcEaEqjcD+O,54.000,0vdW+g6toC/h3nqI,84.000,Cr1IDgtoIwjHadzo,110.000,uHgM+VdJzX93m/5O,154.000,h4OQZ7bMhp0Pbd5V,175.000,UfIL2xPYUWA3pa2i,178.000,jwNdRfwvt/DA6PNq,,,,,,
1,154,2026-04-05T09:35:43.811Z,133.000,7,19.000,nbm0/St8w4GUlGA4,24.000,3ro8QLJh0yyykLyV,26.000,Jg+7wzPVXO3fl6hF,45.000,WYac+BcEaEqjcD+O,76.000,0vdW+g6toC/h3nqI,104.000,Cr1IDgtoIwjHadzo,133.000,uHgM+VdJzX93m/5O,,,,,,
1,155,2026-04-05T09:35:43.944Z,111.000,7,44.000,h4OQZ7bMhp0Pbd5V,66.000,UfIL2xPYUWA3pa2i,76.000,3ro8QLJh0yyykLyV,82.000,jwNdRfwvt/DA6PNq,85.000,nbm0/St8w4GUlGA4,92.000,Jg+7wzPVXO3fl6hF,111.000,WYac+BcEaEqjcD+O,,,,,,
1,156,2026-04-05T09:35:44.055Z,177.000,8,34.000,0vdW+g6toC/h3nqI,61.000,Cr1IDgtoIwjHadzo,90.000,uHgM+VdJzX93m/5O,134.000,h4OQZ7bMhp0Pbd5V,157.000,UfIL2xPYUWA3pa2i,162.000,jwNdRfwvt/DA6PNq,177.000,3ro8QLJh0yyykLyV,179.000,nbm0/St8w4GUlGA4,,,,
1,157,2026-04-05T09:35:44.232Z,183.000,8,5.000,Jg+7wzPVXO3fl6hF,25.000,WYac+BcEaEqjcD+O,59.000,0vdW+g6toC/h3nqI,87.000,Cr1IDgtoIwjHadzo,116.000,uHgM+VdJzX93m/5O,159.000,h4OQZ7bMhp0Pbd5V,183.000,UfIL2xPYUWA3pa2i,185.000,jwNdRfwvt/DA6PNq,,,,
1,158,2026-04-05T09:35:44.415Z,134.000,7,18.000,nbm0/St8w4GUlGA4,21.000,3ro8QLJh0yyykLyV,25.000,Jg+7wzPVXO3fl6hF,42.000,WYac+BcEaEqjcD+O,76.000,0vdW+g6toC/h3nqI,104.000,Cr1IDgtoIwjHadzo,134.000,uHgM+VdJzX93m/5O,,,,,,
1,159,2026-04-05T09:35:44.549Z,111.000,7,44.000,h4OQZ7bMhp0Pbd5V,68.000,UfIL2xPYUWA3pa2i,77.000,3ro8QLJh0yyykLyV,79.000,jwNdRfwvt/DA6PNq,85.000,nbm0/St8w4GUlGA4,90.000,Jg+7wzPVXO3fl6hF,111.000,WYac+BcEaEqjcD+O,,,,,,
1,160,2026-04-05T09:35:44.660Z,170.000,7,32.000,0vdW+g6toC/h3nqI,59.000,Cr1IDgtoIwjHadzo,118.000,uHgM+VdJzX93m/5O,133.000,h4OQZ7bMhp0Pbd5V,157.000,jwNdRfwvt/DA6PNq,161.000,UfIL2xPYUWA3pa2i,169.000,3ro8QLJh0yyykLyV,,,,,,
1,161,2026-04-05T09:35:44.830Z,165.000,7,7.000,nbm0/St8w4GUlGA4,11.000,Jg+7wzPVXO3fl6hF,29.000,WYac+BcEaEqjcD+O,66.000,0vdW+g6toC/h3nqI,91.000,Cr1IDgtoIwjHadzo,121.000,uHgM+VdJzX93m/5O,165.000,h4OQZ7bMhp0Pbd5V,,,,,,
1,162,2026-04-05T09:35:44.995Z,138.000,8,27.000,jwNdRfwvt/DA6PNq,28.000,UfIL2xPYUWA3pa2i,35.000,3ro8QLJh0yyykLyV,51.000,Jg+7wzPVXO3fl6hF,66.000,WYac+BcEaEqjcD+O,100.000,0vdW+g6toC/h3nqI,138.000,nbm0/St8w4GUlGA4,166.000,Cr1IDgtoIwjHadzo,,,,
1,163,2026-04-05T09:35:45.133Z,130.000,7,21.000,uHgM+VdJzX93m/5O,64.000,h4OQZ7bMhp0Pbd5V,85.000,UfIL2xPYUWA3pa2i,86.000,jwNdRfwvt/DA6PNq,106.000,3ro8QLJh0yyykLyV,114.000,Jg+7wzPVXO3fl6hF,130.000,WYac+BcEaEqjcD+O,,,,,,
1,164,2026-04-05T09:35:45.263Z,159.000,7,33.000,0vdW+g6toC/h3nqI,63.000,Cr1IDgtoIwjHadzo,66.000,nbm0/St8w4GUlGA4,92.000,uHgM+VdJzX93m/5O,136.000,h4OQZ7bMhp0Pbd5V,157.000,jwNdRfwvt/DA6PNq,159.000,UfIL2xPYUWA3pa2i,,,,,,
1,165,2026-04-05T09:35:45.422Z,132.000,7,9.000,3ro8QLJh0yyykLyV,25.000,Jg+7wzPVXO3fl6hF,45.000,WYac+BcEaEqjcD+O,73.000,0vdW+g6toC/h3nqI,105.000,nbm0/St8w4GUlGA4,127.000,Cr1IDgtoIwjHadzo,131.000,uHgM+VdJzX93m/5O,,,,,,
1,166,2026-04-05T09:35:45.554Z,174.000,9,45.000,h4OQZ7bMhp0Pbd5V,70.000,UfIL2xPYUWA3pa2i,79.000,3ro8QLJh0yyykLyV,100.000,Jg+7wzPVXO3fl6hF,112.000,WYac+BcEaEqjcD+O,144.000,0vdW+g6toC/h3nqI,174.000,nbm0/St8w4GUlGA4,177.000,Cr1IDgtoIwjHadzo,227.000,jwNdRfwvt/DA6PNq,,
1,167,2026-04-05T09:35:45.728Z,156.000,8,31.000,uHgM+VdJzX93m/5O,73.000,h4OQZ7bMhp0Pbd5V,94.000,UfIL2xPYUWA3pa2i,98.000,jwNdRfwvt/DA6PNq,154.000,Jg+7wzPVXO3fl6hF,155.000,WYac+BcEaEqjcD+O,156.000,3ro8QLJh0yyykLyV,201.000,0vdW+g6toC/h3nqI,,,,
1,168,2026-04-05T09:35:45.884Z,151.000,7,48.000,nbm0/St8w4GUlGA4,54.000,Cr1IDgtoIwjHadzo,75.000,uHgM+VdJzX93m/5O,137.000,h4OQZ7bMhp0Pbd5V,140.000,UfIL2xPYUWA3pa2i,142.000,jwNdRfwvt/DA6PNq,151.000,3ro8QLJh0yyykLyV,,,,,,
1,169,2026-04-05T09:35:46.035Z,170.000,7,18.000,Jg+7wzPVXO3fl6hF,35.000,WYac+BcEaEqjcD+O,65.000,0vdW+g6toC/h3nqI,96.000,nbm0/St8w4GUlGA4,105.000,Cr1IDgtoIwjHadzo,122.000,uHgM+VdJzX93m/5O,170.000,h4OQZ7bMhp0Pbd5V,,,,,,
1,170,2026-04-05T09:35:46.205Z,130.000,8,21.000,jwNdRfwvt/DA6PNq,24.000,UfIL2xPYUWA3pa2i,31.000,3ro8QLJh0yyykLyV,49.000,Jg+7wzPVXO3fl6hF,66.000,WYac+BcEaEqjcD+O,98.000,0vdW+g6toC/h3nqI,130.000,nbm0/St8w4GUlGA4,144.000,Cr1IDgtoIwjHadzo,,,,
1,171,2026-04-05T09:35:46.335Z,141.000,7,26.000,uHgM+VdJzX93m/5O,70.000,h4OQZ7bMhp0Pbd5V,89.000,UfIL2xPYUWA3pa2i,103.000,3ro8QLJh0yyykLyV,122.000,Jg+7wzPVXO3fl6hF,137.000,WYac+BcEaEqjcD+O,141.000,jwNdRfwvt/DA6PNq,,,,,,
1,172,2026-04-05T09:35:46.476Z,163.000,7,27.000,0vdW+g6toC/h3nqI,57.000,nbm0/St8w4GUlGA4,60.000,Cr1IDgtoIwjHadzo,85.000,uHgM+VdJzX93m/5O,131.000,h4OQZ7bMhp0Pbd5V,151.000,UfIL2xPYUWA3pa2i,163.000,3ro8QLJh0yyykLyV,,,,,,
1,173,2026-04-05T09:35:46.639Z,123.000,7,19.000,Jg+7wzPVXO3fl6hF,27.000,jwNdRfwvt/DA6PNq,34.000,WYac+BcEaEqjcD+O,95.000,nbm0/St8w4GUlGA4,100.000,0vdW+g6toC/h3nqI,103.000,Cr1IDgtoIwjHadzo,123.000,uHgM+VdJzX93m/5O,,,,,,
1,174,2026-04-05T09:35:46.762Z,146.000,9,64.000,h4OQZ7bMhp0Pbd5V,72.000,UfIL2xPYUWA3pa2i,79.000,3ro8QLJh0yyykLyV,97.000,Jg+7wzPVXO3fl6hF,120.000,WYac+BcEaEqjcD+O,144.000,0vdW+g6toC/h3nqI,146.000,jwNdRfwvt/DA6PNq,189.000,nbm0/St8w4GUlGA4,228.000,Cr1IDgtoIwjHadzo,,
1,175,2026-04-05T09:35:46.908Z,196.000,8,54.000,uHgM+VdJzX93m/5O,122.000,UfIL2xPYUWA3pa2i,124.000,h4OQZ7bMhp0Pbd5V,133.000,3ro8QLJh0yyykLyV,151.000,Jg+7wzPVXO3fl6hF,167.000,WYac+BcEaEqjcD+O,196.000,jwNdRfwvt/DA6PNq,197.000,0vdW+g6toC/h3nqI,,,,
1,176,2026-04-05T09:35:47.104Z,159.000,7,32.000,nbm0/St8w4GUlGA4,35.000,Cr1IDgtoIwjHadzo,60.000,uHgM+VdJzX93m/5O,125.000,h4OQZ7bMhp0Pbd5V,128.000,UfIL2xPYUWA3pa2i,136.000,3ro8QLJh0yyykLyV,159.000,Jg+7wzPVXO3fl6hF,,,,,,
1,177,2026-04-05T09:35:47.263Z,168.000,8,14.000,WYac+BcEaEqjcD+O,42.000,jwNdRfwvt/DA6PNq,44.000,0vdW+g6toC/h3nqI,74.000,nbm0/St8w4GUlGA4,77.000,Cr1IDgtoIwjHadzo,101.000,uHgM+VdJzX93m/5O,168.000,h4OQZ7bMhp0Pbd5V,169.000,UfIL2xPYUWA3pa2i,,,,
1,178,2026-04-05T09:35:47.431Z,109.000,7,11.000,3ro8QLJh0yyykLyV,32.000,Jg+7wzPVXO3fl6hF,48.000,WYac+BcEaEqjcD+O,76.000,jwNdRfwvt/DA6PNq,77.000,0vdW+g6toC/h3nqI,107.000,nbm0/St8w4GUlGA4,109.000,Cr1IDgtoIwjHadzo,,,,,,
1,179,2026-04-05T09:35:47.540Z,169.000,8,25.000,uHgM+VdJzX93m/5O,93.000,h4OQZ7bMhp0Pbd5V,94.000,UfIL2xPYUWA3pa2i,103.000,3ro8QLJh0yyykLyV,123.000,Jg+7wzPVXO3fl6hF,139.000,WYac+BcEaEqjcD+O,169.000,0vdW+g6toC/h3nqI,171.000,jwNdRfwvt/DA6PNq,,,,
1,180,2026-04-05T09:35:47.709Z,154.000,7,31.000,nbm0/St8w4GUlGA4,33.000,Cr1IDgtoIwjHadzo,58.000,uHgM+VdJzX93m/5O,125.000,h4OQZ7bMhp0Pbd5V,128.000,UfIL2xPYUWA3pa2i,135.000,3ro8QLJh0yyykLyV,154.000,Jg+7wzPVXO3fl6hF,,,,,,
1,181,2026-04-05T09:35:47.863Z,173.000,8,17.000,WYac+BcEaEqjcD+O,46.000,jwNdRfwvt/DA6PNq,48.000,0vdW+g6toC/h3nqI,78.000,nbm0/St8w4GUlGA4,79.000,Cr1IDgtoIwjHadzo,106.000,uHgM+VdJzX93m/5O,173.000,h4OQZ7bMhp0Pbd5V,174.000,UfIL2xPYUWA3pa2i,,,,
1,182,2026-04-05T09:35:48.036Z,108.000,7,10.000,3ro8QLJh0yyykLyV,32.000,Jg+7wzPVXO3fl6hF,45.000,WYac+BcEaEqjcD+O,75.000,jwNdRfwvt/DA6PNq,77.000,0vdW+g6toC/h3nqI,106.000,nbm0/St8w4GUlGA4,108.000,Cr1IDgtoIwjHadzo,,,,,,
1,183,2026-04-05T09:35:48.144Z,168.000,8,27.000,uHgM+VdJzX93m/5O,92.000,h4OQZ7bMhp0Pbd5V,95.000,UfIL2xPYUWA3pa2i,103.000,3ro8QLJh0yyykLyV,123.000,Jg+7wzPVXO3fl6hF,138.000,WYac+BcEaEqjcD+O,168.000,jwNdRfwvt/DA6PNq,171.000,0vdW+g6toC/h3nqI,,,,
1,184,2026-04-05T09:35:48.312Z,157.000,7,31.000,nbm0/St8w4GUlGA4,37.000,Cr1IDgtoIwjHadzo,59.000,uHgM+VdJzX93m/5O,124.000,h4OQZ7bMhp0Pbd5V,131.000,UfIL2xPYUWA3pa2i,137.000,3ro8QLJh0yyykLyV,157.000,Jg+7wzPVXO3fl6hF,,,,,,
1,185,2026-04-05T09:35:48.469Z,169.000,8,14.000,WYac+BcEaEqjcD+O,45.000,0vdW+g6toC/h3nqI,48.000,jwNdRfwvt/DA6PNq,75.000,nbm0/St8w4GUlGA4,78.000,Cr1IDgtoIwjHadzo,103.000,uHgM+VdJzX93m/5O,168.000,UfIL2xPYUWA3pa2i,170.000,h4OQZ7bMhp0Pbd5V,,,,
1,186,2026-04-05T09:35:48.638Z,110.000,7,13.000,3ro8QLJh0yyykLyV,30.000,Jg+7wzPVXO3fl6hF,47.000,WYac+BcEaEqjcD+O,77.000,0vdW+g6toC/h3nqI,85.000,jwNdRfwvt/DA6PNq,107.000,nbm0/St8w4GUlGA4,109.000,Cr1IDgtoIwjHadzo,,,,,,
1,187,2026-04-05T09:35:48.748Z,178.000,8,91.000,UfIL2xPYUWA3pa2i,94.000,h4OQZ7bMhp0Pbd5V,97.000,uHgM+VdJzX93m/5O,104.000,3ro8QLJh0yyykLyV,130.000,Jg+7wzPVXO3fl6hF,138.000,WYac+BcEaEqjcD+O,178.000,jwNdRfwvt/DA6PNq,197.000,0vdW+g6toC/h3nqI,,,,
1,188,2026-04-05T09:35:48.926Z,145.000,7,24.000,nbm0/St8w4GUlGA4,26.000,Cr1IDgtoIwjHadzo,66.000,uHgM+VdJzX93m/5O,115.000,h4OQZ7bMhp0Pbd5V,117.000,UfIL2xPYUWA3pa2i,138.000,3ro8QLJh0yyykLyV,145.000,Jg+7wzPVXO3fl6hF,,,,,,
1,189,2026-04-05T09:35:49.071Z,171.000,8,17.000,WYac+BcEaEqjcD+O,59.000,0vdW+g6toC/h3nqI,63.000,jwNdRfwvt/DA6PNq,78.000,Cr1IDgtoIwjHadzo,79.000,nbm0/St8w4GUlGA4,108.000,uHgM+VdJzX93m/5O,171.000,h4OQZ7bMhp0Pbd5V,172.000,UfIL2xPYUWA3pa2i,,,,
1,190,2026-04-05T09:35:49.242Z,108.000,7,15.000,3ro8QLJh0yyykLyV,30.000,Jg+7wzPVXO3fl6hF,46.000,WYac+BcEaEqjcD+O,74.000,0vdW+g6toC/h3nqI,87.000,jwNdRfwvt/DA6PNq,106.000,Cr1IDgtoIwjHadzo,108.000,nbm0/St8w4GUlGA4,,,,,,
1,191,2026-04-05T09:35:49.350Z,170.000,8,28.000,uHgM+VdJzX93m/5O,93.000,UfIL2xPYUWA3pa2i,93.000,h4OQZ7bMhp0Pbd5V,107.000,3ro8QLJh0yyykLyV,124.000,Jg+7wzPVXO3fl6hF,140.000,WYac+BcEaEqjcD+O,169.000,0vdW+g6toC/h3nqI,225.000,jwNdRfwvt/DA6PNq,,,,
1,192,2026-04-05T09:35:49.520Z,154.000,7,31.000,Cr1IDgtoIwjHadzo,32.000,nbm0/St8w4GUlGA4,60.000,uHgM+VdJzX93m/5O,123.000,UfIL2xPYUWA3pa2i,124.000,h4OQZ7bMhp0Pbd5V,141.000,3ro8QLJh0yyykLyV,154.000,Jg+7wzPVXO3fl6hF,,,,,,
1,193,2026-04-05T09:35:49.674Z,171.000,8,18.000,WYac+BcEaEqjcD+O,48.000,0vdW+g6toC/h3nqI,60.000,jwNdRfwvt/DA6PNq,77.000,nbm0/St8w4GUlGA4,108.000,uHgM+VdJzX93m/5O,154.000,Cr1IDgtoIwjHadzo,171.000,h4OQZ7bMhp0Pbd5V,172.000,UfIL2xPYUWA3pa2i,,,,
1,194,2026-04-05T09:35:49.845Z,110.000,7,26.000,3ro8QLJh0yyykLyV,36.000,Jg+7wzPVXO3fl6hF,47.000,WYac+BcEaEqjcD+O,77.000,0vdW+g6toC/h3nqI,84.000,jwNdRfwvt/DA6PNq,109.000,nbm0/St8w4GUlGA4,110.000,Cr1IDgtoIwjHadzo,,,,,,
1,195,2026-04-05T09:35:49.955Z,168.000,7,28.000,uHgM+VdJzX93m/5O,91.000,h4OQZ7bMhp0Pbd5V,93.000,UfIL2xPYUWA3pa2i,109.000,3ro8QLJh0yyykLyV,124.000,Jg+7wzPVXO3fl6hF,139.000,WYac+BcEaEqjcD+O,168.000,0vdW+g6toC/h3nqI,,,,,,
1,196,2026-04-05T09:35:50.123Z,144.000,7,5.000,jwNdRfwvt/DA6PNq,32.000,Cr1IDgtoIwjHadzo,33.000,nbm0/St8w4GUlGA4,95.000,uHgM+VdJzX93m/5O,124.000,h4OQZ7bMhp0Pbd5V,125.000,UfIL2xPYUWA3pa2i,143.000,3ro8QLJh0yyykLyV,,,,,,
1,197,2026-04-05T09:35:50.267Z,118.000,7,10.000,Jg+7wzPVXO3fl6hF,27.000,WYac+BcEaEqjcD+O,62.000,0vdW+g6toC/h3nqI,63.000,jwNdRfwvt/DA6PNq,89.000,nbm0/St8w4GUlGA4,91.000,Cr1IDgtoIwjHadzo,118.000,uHgM+VdJzX93m/5O,,,,,,
1,198,2026-04-05T09:35:50.385Z,147.000,7,63.000,h4OQZ7bMhp0Pbd5V,64.000,UfIL2xPYUWA3pa2i,83.000,3ro8QLJh0yyykLyV,101.000,Jg+7wzPVXO3fl6hF,111.000,WYac+BcEaEqjcD+O,139.000,0vdW+g6toC/h3nqI,146.000,jwNdRfwvt/DA6PNq,,,,,,
1,199,2026-04-05T09:35:50.532Z,151.000,7,26.000,Cr1IDgtoIwjHadzo,29.000,nbm0/St8w4GUlGA4,55.000,uHgM+VdJzX93m/5O,136.000,UfIL2xPYUWA3pa2i,137.000,h4OQZ7bMhp0Pbd5V,139.000,3ro8QLJh0yyykLyV,150.000,Jg+7wzPVXO3fl6hF,,,,,,
1,200,2026-04-05T09:35:50.683Z,168.000,8,17.000,WYac+BcEaEqjcD+O,43.000,0vdW+g6toC/h3nqI,48.000,jwNdRfwvt/DA6PNq,76.000,nbm0/St8w4GUlGA4,77.000,Cr1IDgtoIwjHadzo,105.000,uHgM+VdJzX93m/5O,167.000,UfIL2xPYUWA3pa2i,169.000,h4OQZ7bMhp0Pbd5V,,,,
1,201,2026-04-05T09:35:50.851Z,118.000,7,18.000,3ro8QLJh0yyykLyV,31.000,Jg+7wzPVXO3fl6hF,48.000,WYac+BcEaEqjcD+O,77.000,0vdW+g6toC/h3nqI,82.000,jwNdRfwvt/DA6PNq,108.000,Cr1IDgtoIwjHadzo,118.000,nbm0/St8w4GUlGA4,,,,,,
1,202,2026-04-05T09:35:50.969Z,159.000,7,19.000,uHgM+VdJzX93m/5O,84.000,h4OQZ7bMhp0Pbd5V,86.000,UfIL2xPYUWA3pa2i,100.000,3ro8QLJh0yyykLyV,113.000,Jg+7wzPVXO3fl6hF,132.000,WYac+BcEaEqjcD+O,159.000,0vdW+g6toC/h3nqI,,,,,,
1,203,2026-04-05T09:35:51.128Z,143.000,7,5.000,jwNdRfwvt/DA6PNq,30.000,Cr1IDgtoIwjHadzo,41.000,nbm0/St8w4GUlGA4,61.000,uHgM+VdJzX93m/5O,126.000,UfIL2xPYUWA3pa2i,128.000,h4OQZ7bMhp0Pbd5V,143.000,3ro8QLJh0yyykLyV,,,,,,
1,204,2026-04-05T09:35:51.271Z,120.000,7,14.000,Jg+7wzPVXO3fl6hF,31.000,WYac+BcEaEqjcD+O,58.000,0vdW+g6toC/h3nqI,63.000,jwNdRfwvt/DA6PNq,90.000,Cr1IDgtoIwjHadzo,98.000,nbm0/St8w4GUlGA4,120.000,uHgM+VdJzX93m/5O,,,,,,
1,205,2026-04-05T09:35:51.391Z,145.000,7,63.000,h4OQZ7bMhp0Pbd5V,65.000,UfIL2xPYUWA3pa2i,93.000,3ro8QLJh0yyykLyV,96.000,Jg+7wzPVXO3fl6hF,115.000,WYac+BcEaEqjcD+O,140.000,0vdW+g6toC/h3nqI,145.000,jwNdRfwvt/DA6PNq,,,,,,
1,206,2026-04-05T09:35:51.536Z,151.000,7,27.000,Cr1IDgtoIwjHadzo,37.000,nbm0/St8w4GUlGA4,57.000,uHgM+VdJzX93m/5O,120.000,h4OQZ7bMhp0Pbd5V,123.000,UfIL2xPYUWA3pa2i,149.000,3ro8QLJh0yyykLyV,151.000,Jg+7wzPVXO3fl6hF,,,,,,
1,207,2026-04-05T09:35:51.687Z,171.000,8,18.000,WYac+BcEaEqjcD+O,46.000,0vdW+g6toC/h3nqI,49.000,jwNdRfwvt/DA6PNq,77.000,Cr1IDgtoIwjHadzo,84.000,nbm0/St8w4GUlGA4,108.000,uHgM+VdJzX93m/5O,171.000,h4OQZ7bMhp0Pbd5V,173.000,UfIL2xPYUWA3pa2i,,,,
1,208,2026-04-05T09:35:51.858Z,114.000,7,18.000,3ro8QLJh0yyykLyV,30.000,Jg+7wzPVXO3fl6hF,50.000,WYac+BcEaEqjcD+O,76.000,0vdW+g6toC/h3nqI,80.000,jwNdRfwvt/DA6PNq,107.000,Cr1IDgtoIwjHadzo,114.000,nbm0/St8w4GUlGA4,,,,,,
1,209,2026-04-05T09:35:51.972Z,163.000,7,25.000,uHgM+VdJzX93m/5O,88.000,UfIL2xPYUWA3pa2i,89.000,h4OQZ7bMhp0Pbd5V,105.000,3ro8QLJh0yyykLyV,117.000,Jg+7wzPVXO3fl6hF,137.000,WYac+BcEaEqjcD+O,163.000,0vdW+g6toC/h3nqI,,,,,,
1,210,2026-04-05T09:35:52.135Z,143.000,7,5.000,jwNdRfwvt/DA6PNq,30.000,Cr1IDgtoIwjHadzo,39.000,nbm0/St8w4GUlGA4,62.000,uHgM+VdJzX93m/5O,125.000,UfIL2xPYUWA3pa2i,127.000,h4OQZ7bMhp0Pbd5V,143.000,3ro8QLJh0yyykLyV,,,,,,
1,211,2026-04-05T09:35:52.278Z,121.000,7,14.000,Jg+7wzPVXO3fl6hF,33.000,WYac+BcEaEqjcD+O,59.000,0vdW+g6toC/h3nqI,93.000,Cr1IDgtoIwjHadzo,96.000,nbm0/St8w4GUlGA4,102.000,jwNdRfwvt/DA6PNq,121.000,uHgM+VdJzX93m/5O,,,,,,
1,212,2026-04-05T09:35:52.399Z,143.000,7,62.000,h4OQZ7bMhp0Pbd5V,64.000,UfIL2xPYUWA3pa2i,84.000,3ro8QLJh0yyykLyV,94.000,Jg+7wzPVXO3fl6hF,113.000,WYac+BcEaEqjcD+O,139.000,0vdW+g6toC/h3nqI,143.000,jwNdRfwvt/DA6PNq,,,,,,
1,213,2026-04-05T09:35:52.542Z,163.000,7,26.000,Cr1IDgtoIwjHadzo,34.000,nbm0/St8w4GUlGA4,59.000,uHgM+VdJzX93m/5O,121.000,h4OQZ7bMhp0Pbd5V,123.000,UfIL2xPYUWA3pa2i,142.000,3ro8QLJh0yyykLyV,163.000,Jg+7wzPVXO3fl6hF,,,,,,
1,214,2026-04-05T09:35:52.705Z,163.000,8,7.000,WYac+BcEaEqjcD+O,35.000,0vdW+g6toC/h3nqI,39.000,jwNdRfwvt/DA6PNq,65.000,Cr1IDgtoIwjHadzo,74.000,nbm0/St8w4GUlGA4,98.000,uHgM+VdJzX93m/5O,163.000,UfIL2xPYUWA3pa2i,164.000,h4OQZ7bMhp0Pbd5V,,,,
1,215,2026-04-05T09:35:52.868Z,116.000,7,13.000,3ro8QLJh0yyykLyV,37.000,Jg+7wzPVXO3fl6hF,45.000,WYac+BcEaEqjcD+O,72.000,0vdW+g6toC/h3nqI,78.000,jwNdRfwvt/DA6PNq,103.000,Cr1IDgtoIwjHadzo,115.000,nbm0/St8w4GUlGA4,,,,,,
1,216,2026-04-05T09:35:52.984Z,163.000,8,18.000,uHgM+VdJzX93m/5O,83.000,UfIL2xPYUWA3pa2i,84.000,h4OQZ7bMhp0Pbd5V,102.000,3ro8QLJh0yyykLyV,121.000,Jg+7wzPVXO3fl6hF,135.000,WYac+BcEaEqjcD+O,163.000,jwNdRfwvt/DA6PNq,246.000,0vdW+g6toC/h3nqI,,,,
1,217,2026-04-05T09:35:53.147Z,161.000,7,24.000,Cr1IDgtoIwjHadzo,34.000,nbm0/St8w4GUlGA4,56.000,uHgM+VdJzX93m/5O,119.000,h4OQZ7bMhp0Pbd5V,120.000,UfIL2xPYUWA3pa2i,139.000,3ro8QLJh0yyykLyV,161.000,Jg+7wzPVXO3fl6hF,,,,,,
1,218,2026-04-05T09:35:53.308Z,160.000,8,9.000,WYac+BcEaEqjcD+O,40.000,jwNdRfwvt/DA6PNq,67.000,Cr1IDgtoIwjHadzo,73.000,nbm0/St8w4GUlGA4,97.000,uHgM+VdJzX93m/5O,114.000,0vdW+g6toC/h3nqI,160.000,UfIL2xPYUWA3pa2i,168.000,h4OQZ7bMhp0Pbd5V,,,,
1,219,2026-04-05T09:35:53.468Z,218.000,7,17.000,3ro8QLJh0yyykLyV,42.000,Jg+7wzPVXO3fl6hF,47.000,WYac+BcEaEqjcD+O,211.000,jwNdRfwvt/DA6PNq,214.000,nbm0/St8w4GUlGA4,216.000,Cr1IDgtoIwjHadzo,218.000,uHgM+VdJzX93m/5O,,,,,,
1,220,2026-04-05T09:35:53.686Z,65.000,7,2.000,0vdW+g6toC/h3nqI,5.000,h4OQZ7bMhp0Pbd5V,6.000,UfIL2xPYUWA3pa2i,9.000,3ro8QLJh0yyykLyV,25.000,Jg+7wzPVXO3fl6hF,32.000,WYac+BcEaEqjcD+O,65.000,jwNdRfwvt/DA6PNq,,,,,,
1,221,2026-04-05T09:35:53.751Z,136.000,7,25.000,Cr1IDgtoIwjHadzo,33.000,nbm0/St8w4GUlGA4,59.000,uHgM+VdJzX93m/5O,74.000,0vdW+g6toC/h3nqI,118.000,h4OQZ7bMhp0Pbd5V,120.000,UfIL2xPYUWA3pa2i,136.000,3ro8QLJh0yyykLyV,,,,,,
1,222,2026-04-05T09:35:53.887Z,139.000,7,26.000,Jg+7wzPVXO3fl6hF,34.000,WYac+BcEaEqjcD+O,64.000,jwNdRfwvt/DA6PNq,88.000,Cr1IDgtoIwjHadzo,97.000,nbm0/St8w4GUlGA4,121.000,uHgM+VdJzX93m/5O,139.000,0vdW+g6toC/h3nqI,,,,,,
1,223,2026-04-05T09:35:54.026Z,154.000,7,44.000,UfIL2xPYUWA3pa2i,45.000,h4OQZ7bMhp0Pbd5V,62.000,3ro8QLJh0yyykLyV,87.000,Jg+7wzPVXO3fl6hF,100.000,WYac+BcEaEqjcD+O,128.000,jwNdRfwvt/DA6PNq,154.000,Cr1IDgtoIwjHadzo,,,,,,
1,224,2026-04-05T09:35:54.180Z,135.000,7,5.000,nbm0/St8w4GUlGA4,31.000,uHgM+VdJzX93m/5O,47.000,0vdW+g6toC/h3nqI,92.000,UfIL2xPYUWA3pa2i,93.000,h4OQZ7bMhp0Pbd5V,109.000,3ro8QLJh0yyykLyV,135.000,Jg+7wzPVXO3fl6hF,,,,,,
1,225,2026-04-05T09:35:54.315Z,188.000,8,7.000,WYac+BcEaEqjcD+O,41.000,jwNdRfwvt/DA6PNq,64.000,Cr1IDgtoIwjHadzo,72.000,nbm0/St8w4GUlGA4,98.000,uHgM+VdJzX93m/5O,120.000,0vdW+g6toC/h3nqI,188.000,UfIL2xPYUWA3pa2i,190.000,h4OQZ7bMhp0Pbd5V,,,,
1,226,2026-04-05T09:35:54.503Z,127.000,8,4.000,3ro8QLJh0yyykLyV,12.000,Jg+7wzPVXO3fl6hF,19.000,WYac+BcEaEqjcD+O,69.000,jwNdRfwvt/DA6PNq,86.000,nbm0/St8w4GUlGA4,112.000,uHgM+VdJzX93m/5O,127.000,0vdW+g6toC/h3nqI,137.000,Cr1IDgtoIwjHadzo,,,,
1,227,2026-04-05T09:35:54.630Z,150.000,7,44.000,UfIL2xPYUWA3pa2i,45.000,h4OQZ7bMhp0Pbd5V,61.000,3ro8QLJh0yyykLyV,87.000,Jg+7wzPVXO3fl6hF,93.000,WYac+BcEaEqjcD+O,139.000,jwNdRfwvt/DA6PNq,149.000,Cr1IDgtoIwjHadzo,,,,,,
1,228,2026-04-05T09:35:54.780Z,138.000,7,10.000,nbm0/St8w4GUlGA4,50.000,0vdW+g6toC/h3nqI,63.000,uHgM+VdJzX93m/5O,95.000,h4OQZ7bMhp0Pbd5V,98.000,UfIL2xPYUWA3pa2i,112.000,3ro8QLJh0yyykLyV,138.000,Jg+7wzPVXO3fl6hF,,,,,,
1,229,2026-04-05T09:35:54.918Z,158.000,8,8.000,WYac+BcEaEqjcD+O,55.000,jwNdRfwvt/DA6PNq,66.000,Cr1IDgtoIwjHadzo,73.000,nbm0/St8w4GUlGA4,97.000,uHgM+VdJzX93m/5O,112.000,0vdW+g6toC/h3nqI,158.000,UfIL2xPYUWA3pa2i,160.000,h4OQZ7bMhp0Pbd5V,,,,
1,230,2026-04-05T09:35:55.076Z,141.000,7,18.000,3ro8QLJh0yyykLyV,44.000,Jg+7wzPVXO3fl6hF,58.000,WYac+BcEaEqjcD+O,96.000,jwNdRfwvt/DA6PNq,108.000,Cr1IDgtoIwjHadzo,116.000,nbm0/St8w4GUlGA4,141.000,uHgM+VdJzX93m/5O,,,,,,
1,231,2026-04-05T09:35:55.217Z,157.000,8,15.000,0vdW+g6toC/h3nqI,62.000,h4OQZ7bMhp0Pbd5V,66.000,UfIL2xPYUWA3pa2i,81.000,3ro8QLJh0yyykLyV,104.000,Jg+7wzPVXO3fl6hF,111.000,WYac+BcEaEqjcD+O,157.000,jwNdRfwvt/DA6PNq,213.000,uHgM+VdJzX93m/5O,,,,
1,232,2026-04-05T09:35:55.374Z,148.000,7,10.000,Cr1IDgtoIwjHadzo,18.000,nbm0/St8w4GUlGA4,59.000,0vdW+g6toC/h3nqI,105.000,h4OQZ7bMhp0Pbd5V,116.000,UfIL2xPYUWA3pa2i,123.000,3ro8QLJh0yyykLyV,148.000,Jg+7wzPVXO3fl6hF,,,,,,
1,233,2026-04-05T09:35:55.522Z,158.000,8,6.000,WYac+BcEaEqjcD+O,52.000,jwNdRfwvt/DA6PNq,64.000,Cr1IDgtoIwjHadzo,71.000,nbm0/St8w4GUlGA4,107.000,uHgM+VdJzX93m/5O,113.000,0vdW+g6toC/h3nqI,157.000,h4OQZ7bMhp0Pbd5V,168.000,UfIL2xPYUWA3pa2i,,,,
1,234,2026-04-05T09:35:55.680Z,151.000,7,17.000,3ro8QLJh0yyykLyV,45.000,Jg+7wzPVXO3fl6hF,51.000,WYac+BcEaEqjcD+O,97.000,jwNdRfwvt/DA6PNq,108.000,Cr1IDgtoIwjHadzo,114.000,nbm0/St8w4GUlGA4,151.000,uHgM+VdJzX93m/5O,,,,,,
1,235,2026-04-05T09:35:55.831Z,147.000,7,6.000,0vdW+g6toC/h3nqI,49.000,h4OQZ7bMhp0Pbd5V,52.000,UfIL2xPYUWA3pa2i,68.000,3ro8QLJh0yyykLyV,93.000,Jg+7wzPVXO3fl6hF,101.000,WYac+BcEaEqjcD+O,146.000,jwNdRfwvt/DA6PNq,,,,,,
1,236,2026-04-05T09:35:55.978Z,121.000,7,11.000,Cr1IDgtoIwjHadzo,17.000,nbm0/St8w4GUlGA4,54.000,uHgM+VdJzX93m/5O,59.000,0vdW+g6toC/h3nqI,104.000,UfIL2xPYUWA3pa2i,110.000,h4OQZ7bMhp0Pbd5V,121.000,3ro8QLJh0yyykLyV,,,,,,
1,237,2026-04-05T09:35:56.099Z,140.000,7,25.000,Jg+7wzPVXO3fl6hF,34.000,WYac+BcEaEqjcD+O,90.000,jwNdRfwvt/DA6PNq,92.000,Cr1IDgtoIwjHadzo,98.000,nbm0/St8w4GUlGA4,135.000,uHgM+VdJzX93m/5O,139.000,0vdW+g6toC/h3nqI,,,,,,
1,238,2026-04-05T09:35:56.239Z,152.000,7,44.000,UfIL2xPYUWA3pa2i,46.000,h4OQZ7bMhp0Pbd5V,63.000,3ro8QLJh0yyykLyV,95.000,Jg+7wzPVXO3fl6hF,96.000,WYac+BcEaEqjcD+O,142.000,jwNdRfwvt/DA6PNq,152.000,Cr1IDgtoIwjHadzo,,,,,,
1,239,2026-04-05T09:35:56.391Z,145.000,8,6.000,nbm0/St8w4GUlGA4,43.000,uHgM+VdJzX93m/5O,49.000,0vdW+g6toC/h3nqI,93.000,UfIL2xPYUWA3pa2i,95.000,h4OQZ7bMhp0Pbd5V,111.000,3ro8QLJh0yyykLyV,145.000,WYac+BcEaEqjcD+O,146.000,Jg+7wzPVXO3fl6hF,,,,
1,240,2026-04-05T09:35:56.536Z,151.000,7,46.000,jwNdRfwvt/DA6PNq,57.000,Cr1IDgtoIwjHadzo,64.000,nbm0/St8w4GUlGA4,99.000,uHgM+VdJzX93m/5O,106.000,0vdW+g6toC/h3nqI,150.000,UfIL2xPYUWA3pa2i,151.000,h4OQZ7bMhp0Pbd5V,,,,,,
1,241,2026-04-05T09:35:56.687Z,150.000,7,17.000,3ro8QLJh0yyykLyV,50.000,WYac+BcEaEqjcD+O,51.000,Jg+7wzPVXO3fl6hF,97.000,jwNdRfwvt/DA6PNq,108.000,Cr1IDgtoIwjHadzo,115.000,nbm0/St8w4GUlGA4,150.000,uHgM+VdJzX93m/5O,,,,,,
1,242,2026-04-05T09:35:56.837Z,150.000,7,7.000,0vdW+g6toC/h3nqI,49.000,h4OQZ7bMhp0Pbd5V,53.000,UfIL2xPYUWA3pa2i,70.000,3ro8QLJh0yyykLyV,101.000,WYac+BcEaEqjcD+O,103.000,Jg+7wzPVXO3fl6hF,150.000,jwNdRfwvt/DA6PNq,,,,,,
1,243,2026-04-05T09:35:56.987Z,122.000,7,8.000,Cr1IDgtoIwjHadzo,17.000,nbm0/St8w4GUlGA4,50.000,uHgM+VdJzX93m/5O,59.000,0vdW+g6toC/h3nqI,101.000,UfIL2xPYUWA3pa2i,104.000,h4OQZ7bMhp0Pbd5V,121.000,3ro8QLJh0yyykLyV,,,,,,
1,244,2026-04-05T09:35:57.109Z,159.000,7,29.000,WYac+BcEaEqjcD+O,30.000,Jg+7wzPVXO3fl6hF,77.000,jwNdRfwvt/DA6PNq,87.000,Cr1IDgtoIwjHadzo,94.000,nbm0/St8w4GUlGA4,146.000,0vdW+g6toC/h3nqI,159.000,uHgM+VdJzX93m/5O,,,,,,
1,245,2026-04-05T09:35:57.268Z,130.000,7,21.000,UfIL2xPYUWA3pa2i,25.000,h4OQZ7bMhp0Pbd5V,42.000,3ro8QLJh0yyykLyV,73.000,Jg+7wzPVXO3fl6hF,73.000,WYac+BcEaEqjcD+O,119.000,jwNdRfwvt/DA6PNq,130.000,Cr1IDgtoIwjHadzo,,,,,,
1,246,2026-04-05T09:35:57.398Z,144.000,8,7.000,nbm0/St8w4GUlGA4,51.000,0vdW+g6toC/h3nqI,69.000,uHgM+VdJzX93m/5O,93.000,UfIL2xPYUWA3pa2i,94.000,h4OQZ7bMhp0Pbd5V,114.000,3ro8QLJh0yyykLyV,144.000,WYac+BcEaEqjcD+O,145.000,Jg+7wzPVXO3fl6hF,,,,
1,247,2026-04-05T09:35:57.542Z,151.000,7,47.000,jwNdRfwvt/DA6PNq,57.000,Cr1IDgtoIwjHadzo,66.000,nbm0/St8w4GUlGA4,106.000,0vdW+g6toC/h3nqI,124.000,uHgM+VdJzX93m/5O,148.000,UfIL2xPYUWA3pa2i,150.000,h4OQZ7bMhp0Pbd5V,,,,,,
1,248,2026-04-05T09:35:57.693Z,200.000,10,20.000,3ro8QLJh0yyykLyV,48.000,WYac+BcEaEqjcD+O,50.000,Jg+7wzPVXO3fl6hF,95.000,jwNdRfwvt/DA6PNq,108.000,Cr1IDgtoIwjHadzo,175.000,uHgM+VdJzX93m/5O,200.000,UfIL2xPYUWA3pa2i,230.000,h4OQZ7bMhp0Pbd5V,248.000,nbm0/St8w4GUlGA4,333.000,0vdW+g6toC/h3nqI
1,249,2026-04-05T09:35:57.893Z,177.000,7,32.000,3ro8QLJh0yyykLyV,75.000,WYac+BcEaEqjcD+O,89.000,Jg+7wzPVXO3fl6hF,106.000,jwNdRfwvt/DA6PNq,110.000,Cr1IDgtoIwjHadzo,117.000,nbm0/St8w4GUlGA4,177.000,uHgM+VdJzX93m/5O,,,,,,
1,250,2026-04-05T09:35:58.070Z,131.000,8,25.000,UfIL2xPYUWA3pa2i,26.000,h4OQZ7bMhp0Pbd5V,45.000,3ro8QLJh0yyykLyV,75.000,WYac+BcEaEqjcD+O,76.000,Jg+7wzPVXO3fl6hF,122.000,jwNdRfwvt/DA6PNq,130.000,0vdW+g6toC/h3nqI,135.000,Cr1IDgtoIwjHadzo,,,,
1,251,2026-04-05T09:35:58.201Z,147.000,7,14.000,nbm0/St8w4GUlGA4,71.000,uHgM+VdJzX93m/5O,94.000,h4OQZ7bMhp0Pbd5V,95.000,UfIL2xPYUWA3pa2i,115.000,3ro8QLJh0yyykLyV,144.000,WYac+BcEaEqjcD+O,147.000,Jg+7wzPVXO3fl6hF,,,,,,
1,252,2026-04-05T09:35:58.348Z,170.000,8,46.000,jwNdRfwvt/DA6PNq,52.000,0vdW+g6toC/h3nqI,59.000,Cr1IDgtoIwjHadzo,66.000,nbm0/St8w4GUlGA4,128.000,uHgM+VdJzX93m/5O,149.000,UfIL2xPYUWA3pa2i,170.000,3ro8QLJh0yyykLyV,175.000,h4OQZ7bMhp0Pbd5V,,,,
1,253,2026-04-05T09:35:58.518Z,156.000,7,28.000,WYac+BcEaEqjcD+O,30.000,Jg+7wzPVXO3fl6hF,75.000,jwNdRfwvt/DA6PNq,85.000,0vdW+g6toC/h3nqI,89.000,Cr1IDgtoIwjHadzo,96.000,nbm0/St8w4GUlGA4,156.000,uHgM+VdJzX93m/5O,,,,,,
1,254,2026-04-05T09:35:58.674Z,130.000,7,23.000,UfIL2xPYUWA3pa2i,25.000,h4OQZ7bMhp0Pbd5V,45.000,3ro8QLJh0yyykLyV,74.000,WYac+BcEaEqjcD+O,76.000,Jg+7wzPVXO3fl6hF,121.000,jwNdRfwvt/DA6PNq,130.000,0vdW+g6toC/h3nqI,,,,,,
1,255,2026-04-05T09:35:58.804Z,144.000,8,6.000,Cr1IDgtoIwjHadzo,10.000,nbm0/St8w4GUlGA4,70.000,uHgM+VdJzX93m/5O,94.000,h4OQZ7bMhp0Pbd5V,96.000,UfIL2xPYUWA3pa2i,114.000,3ro8QLJh0yyykLyV,144.000,WYac+BcEaEqjcD+O,147.000,Jg+7wzPVXO3fl6hF,,,,
1,256,2026-04-05T09:35:58.948Z,156.000,7,48.000,jwNdRfwvt/DA6PNq,57.000,0vdW+g6toC/h3nqI,63.000,Cr1IDgtoIwjHadzo,67.000,nbm0/St8w4GUlGA4,127.000,uHgM+VdJzX93m/5O,154.000,h4OQZ7bMhp0Pbd5V,155.000,UfIL2xPYUWA3pa2i,,,,,,
1,257,2026-04-05T09:35:59.104Z,112.000,7,16.000,3ro8QLJh0yyykLyV,47.000,Jg+7wzPVXO3fl6hF,48.000,WYac+BcEaEqjcD+O,94.000,jwNdRfwvt/DA6PNq,101.000,0vdW+g6toC/h3nqI,107.000,Cr1IDgtoIwjHadzo,112.000,nbm0/St8w4GUlGA4,,,,,,
1,258,2026-04-05T09:35:59.216Z,184.000,7,61.000,uHgM+VdJzX93m/5O,86.000,h4OQZ7bMhp0Pbd5V,88.000,UfIL2xPYUWA3pa2i,105.000,3ro8QLJh0yyykLyV,136.000,WYac+BcEaEqjcD+O,139.000,Jg+7wzPVXO3fl6hF,184.000,jwNdRfwvt/DA6PNq,,,,,,
1,259,2026-04-05T09:35:59.400Z,120.000,7,8.000,0vdW+g6toC/h3nqI,12.000,Cr1IDgtoIwjHadzo,17.000,nbm0/St8w4GUlGA4,78.000,uHgM+VdJzX93m/5O,102.000,h4OQZ7bMhp0Pbd5V,103.000,UfIL2xPYUWA3pa2i,120.000,3ro8QLJh0yyykLyV,,,,,,
1,260,2026-04-05T09:35:59.520Z,185.000,7,31.000,WYac+BcEaEqjcD+O,33.000,Jg+7wzPVXO3fl6hF,91.000,0vdW+g6toC/h3nqI,98.000,nbm0/St8w4GUlGA4,160.000,Cr1IDgtoIwjHadzo,164.000,jwNdRfwvt/DA6PNq,184.000,UfIL2xPYUWA3pa2i,,,,,,
1,261,2026-04-05T09:35:59.705Z,534.000,7,18.000,3ro8QLJh0yyykLyV,114.000,nbm0/St8w4GUlGA4,139.000,Cr1IDgtoIwjHadzo,198.000,UfIL2xPYUWA3pa2i,375.000,Jg+7wzPVXO3fl6hF,379.000,WYac+BcEaEqjcD+O,383.000,0vdW+g6toC/h3nqI,,,,,,
1,262,2026-04-05T09:36:00.239Z,6.000,10,3.000,3ro8QLJh0yyykLyV,4.000,UfIL2xPYUWA3pa2i,4.000,nbm0/St8w4GUlGA4,5.000,0vdW+g6toC/h3nqI,5.000,Jg+7wzPVXO3fl6hF,6.000,jwNdRfwvt/DA6PNq,6.000,uHgM+VdJzX93m/5O,7.000,h4OQZ7bMhp0Pbd5V,9.000,Cr1IDgtoIwjHadzo,10.000,WYac+BcEaEqjcD+O
1,263,2026-04-05T09:36:00.245Z,59.000,9,47.000,0vdW+g6toC/h3nqI,49.000,3ro8QLJh0yyykLyV,52.000,nbm0/St8w4GUlGA4,53.000,Cr1IDgtoIwjHadzo,55.000,jwNdRfwvt/DA6PNq,57.000,uHgM+VdJzX93m/5O,59.000,Jg+7wzPVXO3fl6hF,65.000,h4OQZ7bMhp0Pbd5V,67.000,UfIL2xPYUWA3pa2i,,
1,264,2026-04-05T09:36:00.304Z,201.000,9,138.000,WYac+BcEaEqjcD+O,193.000,0vdW+g6toC/h3nqI,194.000,3ro8QLJh0yyykLyV,196.000,nbm0/St8w4GUlGA4,198.000,uHgM+VdJzX93m/5O,199.000,jwNdRfwvt/DA6PNq,201.000,Cr1IDgtoIwjHadzo,206.000,Jg+7wzPVXO3fl6hF,213.000,h4OQZ7bMhp0Pbd5V,,
1,265,2026-04-05T09:36:00.505Z,485.000,7,6.000,UfIL2xPYUWA3pa2i,245.000,nbm0/St8w4GUlGA4,246.000,3ro8QLJh0yyykLyV,246.000,Cr1IDgtoIwjHadzo,473.000,WYac+BcEaEqjcD+O,477.000,h4OQZ7bMhp0Pbd5V,485.000,uHgM+VdJzX93m/5O,,,,,,
1,266,2026-04-05T09:36:00.990Z,92.000,10,10.000,UfIL2xPYUWA3pa2i,12.000,nbm0/St8w4GUlGA4,14.000,Cr1IDgtoIwjHadzo,76.000,uHgM+VdJzX93m/5O,83.000,3ro8QLJh0yyykLyV,90.000,0vdW+g6toC/h3nqI,92.000,jwNdRfwvt/DA6PNq,94.000,h4OQZ7bMhp0Pbd5V,99.000,Jg+7wzPVXO3fl6hF,99.000,WYac+BcEaEqjcD+O
1,267,2026-04-05T09:36:01.082Z,127.000,9,117.000,uHgM+VdJzX93m/5O,119.000,jwNdRfwvt/DA6PNq,121.000,nbm0/St8w4GUlGA4,123.000,UfIL2xPYUWA3pa2i,124.000,WYac+BcEaEqjcD+O,125.000,Cr1IDgtoIwjHadzo,127.000,h4OQZ7bMhp0Pbd5V,128.000,0vdW+g6toC/h3nqI,129.000,Jg+7wzPVXO3fl6hF,,
1,268,2026-04-05T09:36:01.209Z,203.000,10,62.000,3ro8QLJh0yyykLyV,194.000,Cr1IDgtoIwjHadzo,197.000,uHgM+VdJzX93m/5O,199.000,UfIL2xPYUWA3pa2i,201.000,nbm0/St8w4GUlGA4,202.000,WYac+BcEaEqjcD+O,203.000,Jg+7wzPVXO3fl6hF,204.000,h4OQZ7bMhp0Pbd5V,206.000,0vdW+g6toC/h3nqI,207.000,jwNdRfwvt/DA6PNq
1,269,2026-04-05T09:36:01.412Z,602.000,8,61.000,3ro8QLJh0yyykLyV,187.000,nbm0/St8w4GUlGA4,188.000,UfIL2xPYUWA3pa2i,192.000,Cr1IDgtoIwjHadzo,582.000,h4OQZ7bMhp0Pbd5V,587.000,jwNdRfwvt/DA6PNq,602.000,WYac+BcEaEqjcD+O,603.000,uHgM+VdJzX93m/5O,,,,
1,270,2026-04-05T09:36:02.014Z,107.000,10,4.000,nbm0/St8w4GUlGA4,5.000,3ro8QLJh0yyykLyV,12.000,Cr1IDgtoIwjHadzo,78.000,UfIL2xPYUWA3pa2i,101.000,Jg+7wzPVXO3fl6hF,103.000,jwNdRfwvt/DA6PNq,106.000,h4OQZ7bMhp0Pbd5V,107.000,0vdW+g6toC/h3nqI,113.000,uHgM+VdJzX93m/5O,115.000,WYac+BcEaEqjcD+O
1,271,2026-04-05T09:36:02.121Z,107.000,9,98.000,0vdW+g6toC/h3nqI,99.000,uHgM+VdJzX93m/5O,101.000,Jg+7wzPVXO3fl6hF,102.000,3ro8QLJh0yyykLyV,105.000,jwNdRfwvt/DA6PNq,106.000,Cr1IDgtoIwjHadzo,107.000,h4OQZ7bMhp0Pbd5V,108.000,WYac+BcEaEqjcD+O,109.000,nbm0/St8w4GUlGA4,,
1,272,2026-04-05T09:36:02.228Z,587.000,7,54.000,UfIL2xPYUWA3pa2i,188.000,nbm0/St8w4GUlGA4,188.000,Cr1IDgtoIwjHadzo,189.000,3ro8QLJh0yyykLyV,582.000,uHgM+VdJzX93m/5O,585.000,jwNdRfwvt/DA6PNq,587.000,h4OQZ7bMhp0Pbd5V,,,,,,
1,273,2026-04-05T09:36:02.815Z,103.000,10,4.000,UfIL2xPYUWA3pa2i,5.000,Cr1IDgtoIwjHadzo,6.000,3ro8QLJh0yyykLyV,10.000,nbm0/St8w4GUlGA4,93.000,h4OQZ7bMhp0Pbd5V,97.000,jwNdRfwvt/DA6PNq,103.000,uHgM+VdJzX93m/5O,105.000,Jg+7wzPVXO3fl6hF,106.000,0vdW+g6toC/h3nqI,107.000,WYac+BcEaEqjcD+O
1,274,2026-04-05T09:36:02.918Z,115.000,10,106.000,WYac+BcEaEqjcD+O,107.000,Cr1IDgtoIwjHadzo,109.000,uHgM+VdJzX93m/5O,111.000,3ro8QLJh0yyykLyV,112.000,nbm0/St8w4GUlGA4,113.000,0vdW+g6toC/h3nqI,115.000,UfIL2xPYUWA3pa2i,116.000,jwNdRfwvt/DA6PNq,117.000,h4OQZ7bMhp0Pbd5V,118.000,Jg+7wzPVXO3fl6hF
1,275,2026-04-05T09:36:03.033Z,759.000,7,189.000,nbm0/St8w4GUlGA4,190.000,3ro8QLJh0yyykLyV,192.000,UfIL2xPYUWA3pa2i,195.000,h4OQZ7bMhp0Pbd5V,198.000,Cr1IDgtoIwjHadzo,757.000,WYac+BcEaEqjcD+O,759.000,uHgM+VdJzX93m/5O,,,,,,
1,276,2026-04-05T09:36:03.792Z,334.000,7,4.000,3ro8QLJh0yyykLyV,5.000,UfIL2xPYUWA3pa2i,21.000,Cr1IDgtoIwjHadzo,22.000,h4OQZ7bMhp0Pbd5V,325.000,0vdW+g6toC/h3nqI,328.000,nbm0/St8w4GUlGA4,334.000,uHgM+VdJzX93m/5O,,,,,,
1,277,2026-04-05T09:36:04.126Z,634.000,7,46.000,nbm0/St8w4GUlGA4,83.000,Cr1IDgtoIwjHadzo,86.000,UfIL2xPYUWA3pa2i,89.000,3ro8QLJh0yyykLyV,630.000,uHgM+VdJzX93m/5O,633.000,Jg+7wzPVXO3fl6hF,634.000,h4OQZ7bMhp0Pbd5V,,,,,,
1,278,2026-04-05T09:36:04.760Z,432.000,7,6.000,jwNdRfwvt/DA6PNq,13.000,h4OQZ7bMhp0Pbd5V,16.000,UfIL2xPYUWA3pa2i,109.000,Cr1IDgtoIwjHadzo,156.000,3ro8QLJh0yyykLyV,231.000,Jg+7wzPVXO3fl6hF,432.000,WYac+BcEaEqjcD+O,,,,,,
1,279,2026-04-05T09:36:05.192Z,752.000,7,3.000,Cr1IDgtoIwjHadzo,4.000,3ro8QLJh0yyykLyV,37.000,nbm0/St8w4GUlGA4,387.000,UfIL2xPYUWA3pa2i,743.000,uHgM+VdJzX93m/5O,744.000,Jg+7wzPVXO3fl6hF,752.000,h4OQZ7bMhp0Pbd5V,,,,,,
1,280,2026-04-05T09:36:05.944Z,768.000,7,7.000,UfIL2xPYUWA3pa2i,41.000,h4OQZ7bMhp0Pbd5V,91.000,Cr1IDgtoIwjHadzo,360.000,uHgM+VdJzX93m/5O,362.000,0vdW+g6toC/h3nqI,758.000,3ro8QLJh0yyykLyV,768.000,nbm0/St8w4GUlGA4,,,,,,
1,281,2026-04-05T09:36:06.712Z,412.000,7,117.000,Cr1IDgtoIwjHadzo,129.000,UfIL2xPYUWA3pa2i,210.000,nbm0/St8w4GUlGA4,246.000,3ro8QLJh0yyykLyV,393.000,h4OQZ7bMhp0Pbd5V,408.000,jwNdRfwvt/DA6PNq,412.000,uHgM+VdJzX93m/5O,,,,,,
1,282,2026-04-05T09:36:07.124Z,890.000,7,717.000,nbm0/St8w4GUlGA4,727.000,h4OQZ7bMhp0Pbd5V,769.000,UfIL2xPYUWA3pa2i,773.000,Cr1IDgtoIwjHadzo,838.000,jwNdRfwvt/DA6PNq,843.000,3ro8QLJh0yyykLyV,890.000,WYac+BcEaEqjcD+O,,,,,,
1,283,2026-04-05T09:36:08.014Z,1015.000,7,6.000,Cr1IDgtoIwjHadzo,6.000,UfIL2xPYUWA3pa2i,10.000,nbm0/St8w4GUlGA4,844.000,h4OQZ7bMhp0Pbd5V,954.000,jwNdRfwvt/DA6PNq,1012.000,WYac+BcEaEqjcD+O,1015.000,3ro8QLJh0yyykLyV,,,,,,
1,284,2026-04-05T09:36:09.029Z,956.000,7,9.000,nbm0/St8w4GUlGA4,112.000,Cr1IDgtoIwjHadzo,141.000,UfIL2xPYUWA3pa2i,861.000,jwNdRfwvt/DA6PNq,921.000,h4OQZ7bMhp0Pbd5V,954.000,uHgM+VdJzX93m/5O,956.000,Jg+7wzPVXO3fl6hF,,,,,,
1,285,2026-04-05T09:36:09.985Z,938.000,9,117.000,nbm0/St8w4GUlGA4,768.000,UfIL2xPYUWA3pa2i,771.000,Cr1IDgtoIwjHadzo,866.000,uHgM+VdJzX93m/5O,879.000,Jg+7wzPVXO3fl6hF,881.000,jwNdRfwvt/DA6PNq,938.000,WYac+BcEaEqjcD+O,939.000,0vdW+g6toC/h3nqI,943.000,3ro8QLJh0yyykLyV,,
1,286,2026-04-05T09:36:10.923Z,1020.000,8,883.000,nbm0/St8w4GUlGA4,924.000,UfIL2xPYUWA3pa2i,953.000,jwNdRfwvt/DA6PNq,981.000,uHgM+VdJzX93m/5O,991.000,Jg+7wzPVXO3fl6hF,997.000,WYac+BcEaEqjcD+O,1020.000,0vdW+g6toC/h3nqI,1045.000,Cr1IDgtoIwjHadzo,,,,
1,287,2026-04-05T09:36:11.943Z,1025.000,7,538.000,UfIL2xPYUWA3pa2i,758.000,nbm0/St8w4GUlGA4,801.000,Cr1IDgtoIwjHadzo,988.000,uHgM+VdJzX93m/5O,1007.000,jwNdRfwvt/DA6PNq,1014.000,Jg+7wzPVXO3fl6hF,1025.000,0vdW+g6toC/h3nqI,,,,,,
1,288,2026-04-05T09:36:12.968Z,1026.000,7,450.000,3ro8QLJh0yyykLyV,929.000,nbm0/St8w4GUlGA4,930.000,Cr1IDgtoIwjHadzo,952.000,UfIL2xPYUWA3pa2i,1016.000,Jg+7wzPVXO3fl6hF,1023.000,uHgM+VdJzX93m/5O,1026.000,jwNdRfwvt/DA6PNq,,,,,,
1,289,2026-04-05T09:36:13.994Z,1597.000,8,863.000,nbm0/St8w4GUlGA4,921.000,Cr1IDgtoIwjHadzo,932.000,UfIL2xPYUWA3pa2i,1349.000,Jg+7wzPVXO3fl6hF,1389.000,0vdW+g6toC/h3nqI,1412.000,WYac+BcEaEqjcD+O,1596.000,h4OQZ7bMhp0Pbd5V,1634.000,jwNdRfwvt/DA6PNq,,,,
1,290,2026-04-05T09:36:15.591Z,1518.000,7,678.000,WYac+BcEaEqjcD+O,1061.000,0vdW+g6toC/h3nqI,1230.000,jwNdRfwvt/DA6PNq,1258.000,3ro8QLJh0yyykLyV,1332.000,h4OQZ7bMhp0Pbd5V,1484.000,uHgM+VdJzX93m/5O,1518.000,nbm0/St8w4GUlGA4,,,,,,
1,291,2026-04-05T09:36:17.109Z,1911.000,7,829.000,nbm0/St8w4GUlGA4,1027.000,h4OQZ7bMhp0Pbd5V,1077.000,UfIL2xPYUWA3pa2i,1439.000,Jg+7wzPVXO3fl6hF,1836.000,Cr1IDgtoIwjHadzo,1850.000,0vdW+g6toC/h3nqI,1911.000,jwNdRfwvt/DA6PNq,,,,,,
1,292,2026-04-05T09:36:19.020Z,2660.000,7,1730.000,h4OQZ7bMhp0Pbd5V,1812.000,3ro8QLJh0yyykLyV,1945.000,Cr1IDgtoIwjHadzo,2561.000,Jg+7wzPVXO3fl6hF,2614.000,0vdW+g6toC/h3nqI,2651.000,jwNdRfwvt/DA6PNq,2660.000,uHgM+VdJzX93m/5O,,,,,,
1,293,2026-04-05T09:36:21.680Z,2764.000,7,2437.000,3ro8QLJh0yyykLyV,2445.000,Jg+7wzPVXO3fl6hF,2483.000,UfIL2xPYUWA3pa2i,2493.000,h4OQZ7bMhp0Pbd5V,2496.000,nbm0/St8w4GUlGA4,2759.000,jwNdRfwvt/DA6PNq,2764.000,WYac+BcEaEqjcD+O,,,,,,
1,294,2026-04-05T09:36:24.444Z,3416.000,7,3009.000,jwNdRfwvt/DA6PNq,3013.000,Jg+7wzPVXO3fl6hF,3036.000,3ro8QLJh0yyykLyV,3102.000,Cr1IDgtoIwjHadzo,3107.000,UfIL2xPYUWA3pa2i,3409.000,h4OQZ7bMhp0Pbd5V,3416.000,nbm0/St8w4GUlGA4,,,,,,
1,295,2026-04-05T09:36:27.860Z,3903.000,7,3097.000,UfIL2xPYUWA3pa2i,3122.000,h4OQZ7bMhp0Pbd5V,3218.000,nbm0/St8w4GUlGA4,3686.000,jwNdRfwvt/DA6PNq,3782.000,uHgM+VdJzX93m/5O,3799.000,3ro8QLJh0yyykLyV,3903.000,Cr1IDgtoIwjHadzo,,,,,,
1,296,2026-04-05T09:36:31.763Z,5280.000,7,3603.000,nbm0/St8w4GUlGA4,4300.000,jwNdRfwvt/DA6PNq,4387.000,3ro8QLJh0yyykLyV,4446.000,uHgM+VdJzX93m/5O,4533.000,UfIL2xPYUWA3pa2i,4584.000,h4OQZ7bMhp0Pbd5V,5226.000,Jg+7wzPVXO3fl6hF,,,,,,
1,297,2026-04-05T09:36:37.043Z,5751.000,7,5425.000,0vdW+g6toC/h3nqI,5450.000,jwNdRfwvt/DA6PNq,5455.000,Cr1IDgtoIwjHadzo,5513.000,UfIL2xPYUWA3pa2i,5527.000,nbm0/St8w4GUlGA4,5749.000,3ro8QLJh0yyykLyV,5751.000,h4OQZ7bMhp0Pbd5V,,,,,,
1,298,2026-04-05T09:36:42.794Z,6958.000,7,5546.000,UfIL2xPYUWA3pa2i,6359.000,nbm0/St8w4GUlGA4,6620.000,jwNdRfwvt/DA6PNq,6682.000,h4OQZ7bMhp0Pbd5V,6751.000,3ro8QLJh0yyykLyV,6909.000,WYac+BcEaEqjcD+O,6958.000,0vdW+g6toC/h3nqI,,,,,,
1,299,2026-04-05T09:36:49.752Z,8217.000,7,7178.000,WYac+BcEaEqjcD+O,7875.000,0vdW+g6toC/h3nqI,7933.000,Cr1IDgtoIwjHadzo,7961.000,UfIL2xPYUWA3pa2i,8042.000,3ro8QLJh0yyykLyV,8049.000,nbm0/St8w4GUlGA4,8217.000,uHgM+VdJzX93m/5O,,,,,,
1,300,2026-04-05T09:36:57.969Z,8162.000,7,8109.000,nbm0/St8w4GUlGA4,8123.000,0vdW+g6toC/h3nqI,8131.000,WYac+BcEaEqjcD+O,8141.000,uHgM+VdJzX93m/5O,8152.000,h4OQZ7bMhp0Pbd5V,8160.000,UfIL2xPYUWA3pa2i,8161.000,3ro8QLJh0yyykLyV,,,,,,
1,301,2026-04-05T09:37:06.131Z,8524.000,7,7318.000,Cr1IDgtoIwjHadzo,8404.000,WYac+BcEaEqjcD+O,8419.000,jwNdRfwvt/DA6PNq,8446.000,uHgM+VdJzX93m/5O,8448.000,Jg+7wzPVXO3fl6hF,8513.000,3ro8QLJh0yyykLyV,8524.000,UfIL2xPYUWA3pa2i,,,,,,
1,302,2026-04-05T09:37:14.655Z,7765.000,7,6837.000,Cr1IDgtoIwjHadzo,6855.000,Jg+7wzPVXO3fl6hF,6914.000,UfIL2xPYUWA3pa2i,7505.000,uHgM+VdJzX93m/5O,7717.000,WYac+BcEaEqjcD+O,7741.000,jwNdRfwvt/DA6PNq,7764.000,h4OQZ7bMhp0Pbd5V,,,,,,
1,303,2026-04-05T09:37:22.420Z,8155.000,7,7112.000,Cr1IDgtoIwjHadzo,7127.000,UfIL2xPYUWA3pa2i,7397.000,uHgM+VdJzX93m/5O,7472.000,WYac+BcEaEqjcD+O,7551.000,nbm0/St8w4GUlGA4,7600.000,jwNdRfwvt/DA6PNq,8154.000,3ro8QLJh0yyykLyV,,,,,,
1,304,2026-04-05T09:37:30.575Z,,0,,,,,,,,,,,,,,,,,,,,
2,1,2026-04-05T09:35:05.758Z,9858.000,7,6170.000,nbm0/St8w4GUlGA4,6409.000,jwNdRfwvt/DA6PNq,7601.000,Cr1IDgtoIwjHadzo,7895.000,UfIL2xPYUWA3pa2i,9181.000,uHgM+VdJzX93m/5O,9857.000,0vdW+g6toC/h3nqI,9858.000,3ro8QLJh0yyykLyV,,,,,,
2,2,2026-04-05T09:35:15.616Z,7.000,7,3.000,3ro8QLJh0yyykLyV,3.000,jwNdRfwvt/DA6PNq,4.000,uHgM+VdJzX93m/5O,4.000,UfIL2xPYUWA3pa2i,6.000,nbm0/St8w4GUlGA4,7.000,Cr1IDgtoIwjHadzo,7.000,0vdW+g6toC/h3nqI,,,,,,
2,3,2026-04-05T09:35:15.623Z,210.000,7,198.000,jwNdRfwvt/DA6PNq,200.000,UfIL2xPYUWA3pa2i,202.000,3ro8QLJh0yyykLyV,204.000,uHgM+VdJzX93m/5O,205.000,Cr1IDgtoIwjHadzo,206.000,nbm0/St8w4GUlGA4,210.000,0vdW+g6toC/h3nqI,,,,,,
2,4,2026-04-05T09:35:15.833Z,201.000,7,191.000,jwNdRfwvt/DA6PNq,193.000,3ro8QLJh0yyykLyV,195.000,nbm0/St8w4GUlGA4,196.000,Cr1IDgtoIwjHadzo,198.000,UfIL2xPYUWA3pa2i,199.000,uHgM+VdJzX93m/5O,201.000,0vdW+g6toC/h3nqI,,,,,,
2,5,2026-04-05T09:35:16.034Z,202.000,7,191.000,3ro8QLJh0yyykLyV,192.000,jwNdRfwvt/DA6PNq,194.000,nbm0/St8w4GUlGA4,195.000,UfIL2xPYUWA3pa2i,196.000,Cr1IDgtoIwjHadzo,200.000,uHgM+VdJzX93m/5O,202.000,0vdW+g6toC/h3nqI,,,,,,
2,6,2026-04-05T09:35:16.236Z,201.000,8,190.000,jwNdRfwvt/DA6PNq,192.000,Cr1IDgtoIwjHadzo,193.000,3ro8QLJh0yyykLyV,195.000,nbm0/St8w4GUlGA4,196.000,UfIL2xPYUWA3pa2i,200.000,uHgM+VdJzX93m/5O,201.000,0vdW+g6toC/h3nqI,336.000,h4OQZ7bMhp0Pbd5V,,,,
2,7,2026-04-05T09:35:16.437Z,201.000,8,190.000,jwNdRfwvt/DA6PNq,192.000,nbm0/St8w4GUlGA4,193.000,UfIL2xPYUWA3pa2i,195.000,Cr1IDgtoIwjHadzo,197.000,3ro8QLJh0yyykLyV,199.000,h4OQZ7bMhp0Pbd5V,201.000,uHgM+VdJzX93m/5O,202.000,0vdW+g6toC/h3nqI,,,,
2,8,2026-04-05T09:35:16.638Z,200.000,8,191.000,jwNdRfwvt/DA6PNq,192.000,Cr1IDgtoIwjHadzo,194.000,UfIL2xPYUWA3pa2i,195.000,nbm0/St8w4GUlGA4,196.000,3ro8QLJh0yyykLyV,199.000,uHgM+VdJzX93m/5O,200.000,h4OQZ7bMhp0Pbd5V,201.000,0vdW+g6toC/h3nqI,,,,
2,9,2026-04-05T09:35:16.838Z,203.000,9,192.000,3ro8QLJh0yyykLyV,194.000,jwNdRfwvt/DA6PNq,196.000,UfIL2xPYUWA3pa2i,197.000,uHgM+VdJzX93m/5O,198.000,nbm0/St8w4GUlGA4,200.000,Cr1IDgtoIwjHadzo,203.000,0vdW+g6toC/h3nqI,204.000,h4OQZ7bMhp0Pbd5V,241.000,WYac+BcEaEqjcD+O,,
2,10,2026-04-05T09:35:17.041Z,199.000,9,190.000,3ro8QLJh0yyykLyV,192.000,jwNdRfwvt/DA6PNq,193.000,UfIL2xPYUWA3pa2i,194.000,uHgM+VdJzX93m/5O,196.000,WYac+BcEaEqjcD+O,198.000,Cr1IDgtoIwjHadzo,199.000,nbm0/St8w4GUlGA4,200.000,h4OQZ7bMhp0Pbd5V,202.000,0vdW+g6toC/h3nqI,,
2,11,2026-04-05T09:35:17.240Z,201.000,9,192.000,3ro8QLJh0yyykLyV,194.000,jwNdRfwvt/DA6PNq,195.000,UfIL2xPYUWA3pa2i,196.000,WYac+BcEaEqjcD+O,197.000,nbm0/St8w4GUlGA4,199.000,uHgM+VdJzX93m/5O,201.000,Cr1IDgtoIwjHadzo,203.000,0vdW+g6toC/h3nqI,205.000,h4OQZ7bMhp0Pbd5V,,
2,12,2026-04-05T09:35:17.441Z,202.000,9,192.000,3ro8QLJh0yyykLyV,194.000,uHgM+VdJzX93m/5O,196.000,jwNdRfwvt/DA6PNq,197.000,nbm0/St8w4GUlGA4,199.000,UfIL2xPYUWA3pa2i,200.000,WYac+BcEaEqjcD+O,201.000,Cr1IDgtoIwjHadzo,203.000,h4OQZ7bMhp0Pbd5V,204.000,0vdW+g6toC/h3nqI,,
2,13,2026-04-05T09:35:17.643Z,200.000,9,191.000,jwNdRfwvt/DA6PNq,192.000,3ro8QLJh0yyykLyV,193.000,uHgM+VdJzX93m/5O,196.000,nbm0/St8w4GUlGA4,197.000,WYac+BcEaEqjcD+O,198.000,UfIL2xPYUWA3pa2i,199.000,Cr1IDgtoIwjHadzo,203.000,0vdW+g6toC/h3nqI,204.000,h4OQZ7bMhp0Pbd5V,,
2,14,2026-04-05T09:35:17.843Z,202.000,9,192.000,jwNdRfwvt/DA6PNq,194.000,uHgM+VdJzX93m/5O,196.000,3ro8QLJh0yyykLyV,198.000,WYac+BcEaEqjcD+O,199.000,nbm0/St8w4GUlGA4,200.000,Cr1IDgtoIwjHadzo,201.000,UfIL2xPYUWA3pa2i,203.000,0vdW+g6toC/h3nqI,204.000,h4OQZ7bMhp0Pbd5V,,
2,15,2026-04-05T09:35:18.045Z,201.000,9,192.000,jwNdRfwvt/DA6PNq,195.000,uHgM+VdJzX93m/5O,196.000,3ro8QLJh0yyykLyV,197.000,nbm0/St8w4GUlGA4,199.000,WYac+BcEaEqjcD+O,200.000,UfIL2xPYUWA3pa2i,201.000,Cr1IDgtoIwjHadzo,203.000,0vdW+g6toC/h3nqI,205.000,h4OQZ7bMhp0Pbd5V,,
2,16,2026-04-05T09:35:18.246Z,202.000,10,192.000,jwNdRfwvt/DA6PNq,194.000,uHgM+VdJzX93m/5O,196.000,Cr1IDgtoIwjHadzo,197.000,3ro8QLJh0yyykLyV,199.000,0vdW+g6toC/h3nqI,200.000,UfIL2xPYUWA3pa2i,202.000,WYac+BcEaEqjcD+O,203.000,nbm0/St8w4GUlGA4,205.000,h4OQZ7bMhp0Pbd5V,353.000,Jg+7wzPVXO3fl6hF
2,17,2026-04-05T09:35:18.448Z,200.000,10,190.000,uHgM+VdJzX93m/5O,191.000,jwNdRfwvt/DA6PNq,193.000,WYac+BcEaEqjcD+O,195.000,nbm0/St8w4GUlGA4,196.000,3ro8QLJh0yyykLyV,197.000,UfIL2xPYUWA3pa2i,200.000,Cr1IDgtoIwjHadzo,201.000,0vdW+g6toC/h3nqI,205.000,h4OQZ7bMhp0Pbd5V,307.000,Jg+7wzPVXO3fl6hF
2,18,2026-04-05T09:35:18.648Z,202.000,10,193.000,uHgM+VdJzX93m/5O,195.000,WYac+BcEaEqjcD+O,196.000,jwNdRfwvt/DA6PNq,198.000,Cr1IDgtoIwjHadzo,199.000,3ro8QLJh0yyykLyV,200.000,nbm0/St8w4GUlGA4,201.000,UfIL2xPYUWA3pa2i,203.000,0vdW+g6toC/h3nqI,205.000,h4OQZ7bMhp0Pbd5V,310.000,Jg+7wzPVXO3fl6hF
2,19,2026-04-05T09:35:18.850Z,199.000,10,191.000,jwNdRfwvt/DA6PNq,193.000,WYac+BcEaEqjcD+O,194.000,uHgM+VdJzX93m/5O,195.000,UfIL2xPYUWA3pa2i,197.000,Cr1IDgtoIwjHadzo,198.000,3ro8QLJh0yyykLyV,199.000,nbm0/St8w4GUlGA4,201.000,0vdW+g6toC/h3nqI,205.000,h4OQZ7bMhp0Pbd5V,309.000,Jg+7wzPVXO3fl6hF
2,20,2026-04-05T09:35:19.049Z,202.000,10,194.000,jwNdRfwvt/DA6PNq,196.000,uHgM+VdJzX93m/5O,197.000,3ro8QLJh0yyykLyV,199.000,WYac+BcEaEqjcD+O,200.000,UfIL2xPYUWA3pa2i,201.000,nbm0/St8w4GUlGA4,202.000,Cr1IDgtoIwjHadzo,204.000,0vdW+g6toC/h3nqI,208.000,h4OQZ7bMhp0Pbd5V,311.000,Jg+7wzPVXO3fl6hF
2,21,2026-04-05T09:35:19.251Z,203.000,10,193.000,jwNdRfwvt/DA6PNq,195.000,WYac+BcEaEqjcD+O,196.000,nbm0/St8w4GUlGA4,198.000,UfIL2xPYUWA3pa2i,199.000,uHgM+VdJzX93m/5O,200.000,3ro8QLJh0yyykLyV,202.000,Cr1IDgtoIwjHadzo,204.000,0vdW+g6toC/h3nqI,206.000,h4OQZ7bMhp0Pbd5V,310.000,Jg+7wzPVXO3fl6hF
2,22,2026-04-05T09:35:19.454Z,199.000,10,189.000,jwNdRfwvt/DA6PNq,191.000,WYac+BcEaEqjcD+O,193.000,UfIL2xPYUWA3pa2i,194.000,uHgM+VdJzX93m/5O,195.000,3ro8QLJh0yyykLyV,197.000,Cr1IDgtoIwjHadzo,199.000,nbm0/St8w4GUlGA4,200.000,0vdW+g6toC/h3nqI,205.000,h4OQZ7bMhp0Pbd5V,308.000,Jg+7wzPVXO3fl6hF
2,23,2026-04-05T09:35:19.653Z,201.000,10,192.000,jwNdRfwvt/DA6PNq,194.000,3ro8QLJh0yyykLyV,195.000,UfIL2xPYUWA3pa2i,196.000,WYac+BcEaEqjcD+O,197.000,nbm0/St8w4GUlGA4,199.000,uHgM+VdJzX93m/5O,201.000,Cr1IDgtoIwjHadzo,202.000,0vdW+g6toC/h3nqI,205.000,h4OQZ7bMhp0Pbd5V,311.000,Jg+7wzPVXO3fl6hF
2,24,2026-04-05T09:35:19.854Z,197.000,9,190.000,jwNdRfwvt/DA6PNq,191.000,UfIL2xPYUWA3pa2i,194.000,3ro8QLJh0yyykLyV,195.000,WYac+BcEaEqjcD+O,195.000,nbm0/St8w4GUlGA4,196.000,Cr1IDgtoIwjHadzo,197.000,uHgM+VdJzX93m/5O,200.000,h4OQZ7bMhp0Pbd5V,201.000,0vdW+g6toC/h3nqI,,
2,25,2026-04-05T09:35:20.051Z,200.000,10,114.000,Jg+7wzPVXO3fl6hF,194.000,jwNdRfwvt/DA6PNq,196.000,UfIL2xPYUWA3pa2i,196.000,uHgM+VdJzX93m/5O,197.000,nbm0/St8w4GUlGA4,198.000,3ro8QLJh0yyykLyV,200.000,WYac+BcEaEqjcD+O,201.000,Cr1IDgtoIwjHadzo,202.000,0vdW+g6toC/h3nqI,209.000,h4OQZ7bMhp0Pbd5V
2,26,2026-04-05T09:35:20.251Z,204.000,10,115.000,Jg+7wzPVXO3fl6hF,195.000,jwNdRfwvt/DA6PNq,197.000,UfIL2xPYUWA3pa2i,199.000,3ro8QLJh0yyykLyV,201.000,Cr1IDgtoIwjHadzo,203.000,uHgM+VdJzX93m/5O,204.000,nbm0/St8w4GUlGA4,205.000,WYac+BcEaEqjcD+O,207.000,0vdW+g6toC/h3nqI,209.000,h4OQZ7bMhp0Pbd5V
2,27,2026-04-05T09:35:20.455Z,197.000,10,113.000,Jg+7wzPVXO3fl6hF,192.000,jwNdRfwvt/DA6PNq,193.000,3ro8QLJh0yyykLyV,194.000,UfIL2xPYUWA3pa2i,194.000,Cr1IDgtoIwjHadzo,195.000,uHgM+VdJzX93m/5O,197.000,nbm0/St8w4GUlGA4,199.000,WYac+BcEaEqjcD+O,203.000,0vdW+g6toC/h3nqI,207.000,h4OQZ7bMhp0Pbd5V
2,28,2026-04-05T09:35:20.652Z,202.000,10,117.000,Jg+7wzPVXO3fl6hF,197.000,jwNdRfwvt/DA6PNq,198.000,UfIL2xPYUWA3pa2i,199.000,3ro8QLJh0yyykLyV,200.000,nbm0/St8w4GUlGA4,201.000,WYac+BcEaEqjcD+O,202.000,Cr1IDgtoIwjHadzo,202.000,uHgM+VdJzX93m/5O,203.000,0vdW+g6toC/h3nqI,211.000,h4OQZ7bMhp0Pbd5V
2,29,2026-04-05T09:35:20.854Z,204.000,10,115.000,Jg+7wzPVXO3fl6hF,197.000,jwNdRfwvt/DA6PNq,199.000,WYac+BcEaEqjcD+O,201.000,3ro8QLJh0yyykLyV,202.000,UfIL2xPYUWA3pa2i,203.000,nbm0/St8w4GUlGA4,204.000,Cr1IDgtoIwjHadzo,205.000,uHgM+VdJzX93m/5O,207.000,0vdW+g6toC/h3nqI,211.000,h4OQZ7bMhp0Pbd5V
2,30,2026-04-05T09:35:21.058Z,202.000,10,113.000,Jg+7wzPVXO3fl6hF,194.000,jwNdRfwvt/DA6PNq,196.000,3ro8QLJh0yyykLyV,198.000,WYac+BcEaEqjcD+O,199.000,nbm0/St8w4GUlGA4,200.000,uHgM+VdJzX93m/5O,202.000,Cr1IDgtoIwjHadzo,203.000,UfIL2xPYUWA3pa2i,205.000,0vdW+g6toC/h3nqI,209.000,h4OQZ7bMhp0Pbd5V
2,31,2026-04-05T09:35:21.260Z,200.000,10,112.000,Jg+7wzPVXO3fl6hF,192.000,jwNdRfwvt/DA6PNq,195.000,nbm0/St8w4GUlGA4,196.000,uHgM+VdJzX93m/5O,197.000,WYac+BcEaEqjcD+O,198.000,Cr1IDgtoIwjHadzo,200.000,3ro8QLJh0yyykLyV,201.000,UfIL2xPYUWA3pa2i,203.000,0vdW+g6toC/h3nqI,205.000,h4OQZ7bMhp0Pbd5V
2,32,2026-04-05T09:35:21.460Z,203.000,10,129.000,Jg+7wzPVXO3fl6hF,195.000,nbm0/St8w4GUlGA4,197.000,UfIL2xPYUWA3pa2i,198.000,jwNdRfwvt/DA6PNq,200.000,3ro8QLJh0yyykLyV,202.000,0vdW+g6toC/h3nqI,203.000,Cr1IDgtoIwjHadzo,205.000,uHgM+VdJzX93m/5O,206.000,WYac+BcEaEqjcD+O,207.000,h4OQZ7bMhp0Pbd5V
2,33,2026-04-05T09:35:21.663Z,200.000,10,112.000,Jg+7wzPVXO3fl6hF,191.000,jwNdRfwvt/DA6PNq,195.000,UfIL2xPYUWA3pa2i,196.000,nbm0/St8w4GUlGA4,198.000,uHgM+VdJzX93m/5O,199.000,3ro8QLJh0yyykLyV,200.000,WYac+BcEaEqjcD+O,202.000,Cr1IDgtoIwjHadzo,203.000,0vdW+g6toC/h3nqI,205.000,h4OQZ7bMhp0Pbd5V
2,34,2026-04-05T09:35:21.863Z,202.000,10,113.000,Jg+7wzPVXO3fl6hF,193.000,jwNdRfwvt/DA6PNq,196.000,3ro8QLJh0yyykLyV,197.000,UfIL2xPYUWA3pa2i,198.000,WYac+BcEaEqjcD+O,200.000,uHgM+VdJzX93m/5O,202.000,Cr1IDgtoIwjHadzo,203.000,nbm0/St8w4GUlGA4,204.000,0vdW+g6toC/h3nqI,205.000,h4OQZ7bMhp0Pbd5V
2,35,2026-04-05T09:35:22.065Z,200.000,10,112.000,Jg+7wzPVXO3fl6hF,192.000,3ro8QLJh0yyykLyV,194.000,nbm0/St8w4GUlGA4,195.000,jwNdRfwvt/DA6PNq,197.000,UfIL2xPYUWA3pa2i,199.000,Cr1IDgtoIwjHadzo,200.000,WYac+BcEaEqjcD+O,202.000,uHgM+VdJzX93m/5O,203.000,0vdW+g6toC/h3nqI,206.000,h4OQZ7bMhp0Pbd5V
2,36,2026-04-05T09:35:22.265Z,201.000,10,113.000,Jg+7wzPVXO3fl6hF,193.000,jwNdRfwvt/DA6PNq,196.000,nbm0/St8w4GUlGA4,197.000,uHgM+VdJzX93m/5O,198.000,3ro8QLJh0yyykLyV,199.000,UfIL2xPYUWA3pa2i,201.000,Cr1IDgtoIwjHadzo,202.000,WYac+BcEaEqjcD+O,204.000,0vdW+g6toC/h3nqI,207.000,h4OQZ7bMhp0Pbd5V
2,37,2026-04-05T09:35:22.466Z,201.000,10,113.000,Jg+7wzPVXO3fl6hF,193.000,jwNdRfwvt/DA6PNq,196.000,WYac+BcEaEqjcD+O,197.000,nbm0/St8w4GUlGA4,199.000,uHgM+VdJzX93m/5O,200.000,3ro8QLJh0yyykLyV,201.000,UfIL2xPYUWA3pa2i,202.000,Cr1IDgtoIwjHadzo,204.000,0vdW+g6toC/h3nqI,207.000,h4OQZ7bMhp0Pbd5V
2,38,2026-04-05T09:35:22.667Z,201.000,10,114.000,Jg+7wzPVXO3fl6hF,193.000,jwNdRfwvt/DA6PNq,195.000,nbm0/St8w4GUlGA4,197.000,uHgM+VdJzX93m/5O,198.000,Cr1IDgtoIwjHadzo,199.000,UfIL2xPYUWA3pa2i,201.000,WYac+BcEaEqjcD+O,202.000,3ro8QLJh0yyykLyV,203.000,0vdW+g6toC/h3nqI,207.000,h4OQZ7bMhp0Pbd5V
2,39,2026-04-05T09:35:22.868Z,201.000,10,114.000,Jg+7wzPVXO3fl6hF,190.000,jwNdRfwvt/DA6PNq,196.000,3ro8QLJh0yyykLyV,197.000,nbm0/St8w4GUlGA4,198.000,uHgM+VdJzX93m/5O,199.000,UfIL2xPYUWA3pa2i,201.000,WYac+BcEaEqjcD+O,202.000,Cr1IDgtoIwjHadzo,205.000,0vdW+g6toC/h3nqI,206.000,h4OQZ7bMhp0Pbd5V
2,40,2026-04-05T09:35:23.069Z,202.000,10,114.000,Jg+7wzPVXO3fl6hF,191.000,jwNdRfwvt/DA6PNq,196.000,nbm0/St8w4GUlGA4,197.000,uHgM+VdJzX93m/5O,199.000,UfIL2xPYUWA3pa2i,200.000,Cr1IDgtoIwjHadzo,202.000,WYac+BcEaEqjcD+O,203.000,3ro8QLJh0yyykLyV,204.000,0vdW+g6toC/h3nqI,207.000,h4OQZ7bMhp0Pbd5V
2,41,2026-04-05T09:35:23.271Z,202.000,10,113.000,Jg+7wzPVXO3fl6hF,192.000,nbm0/St8w4GUlGA4,194.000,jwNdRfwvt/DA6PNq,197.000,WYac+BcEaEqjcD+O,199.000,Cr1IDgtoIwjHadzo,200.000,uHgM+VdJzX93m/5O,201.000,UfIL2xPYUWA3pa2i,203.000,3ro8QLJh0yyykLyV,204.000,0vdW+g6toC/h3nqI,207.000,h4OQZ7bMhp0Pbd5V
2,42,2026-04-05T09:35:23.473Z,201.000,10,112.000,Jg+7wzPVXO3fl6hF,188.000,jwNdRfwvt/DA6PNq,194.000,nbm0/St8w4GUlGA4,196.000,Cr1IDgtoIwjHadzo,198.000,3ro8QLJh0yyykLyV,199.000,WYac+BcEaEqjcD+O,201.000,UfIL2xPYUWA3pa2i,202.000,uHgM+VdJzX93m/5O,203.000,0vdW+g6toC/h3nqI,205.000,h4OQZ7bMhp0Pbd5V
2,43,2026-04-05T09:35:23.674Z,199.000,10,112.000,Jg+7wzPVXO3fl6hF,191.000,jwNdRfwvt/DA6PNq,192.000,nbm0/St8w4GUlGA4,195.000,uHgM+VdJzX93m/5O,196.000,UfIL2xPYUWA3pa2i,198.000,WYac+BcEaEqjcD+O,199.000,Cr1IDgtoIwjHadzo,201.000,0vdW+g6toC/h3nqI,202.000,3ro8QLJh0yyykLyV,205.000,h4OQZ7bMhp0Pbd5V
2,44,2026-04-05T09:35:23.873Z,201.000,10,114.000,Jg+7wzPVXO3fl6hF,193.000,jwNdRfwvt/DA6PNq,196.000,nbm0/St8w4GUlGA4,197.000,3ro8QLJh0yyykLyV,198.000,Cr1IDgtoIwjHadzo,200.000,uHgM+VdJzX93m/5O,201.000,WYac+BcEaEqjcD+O,203.000,UfIL2xPYUWA3pa2i,204.000,0vdW+g6toC/h3nqI,206.000,h4OQZ7bMhp0Pbd5V
2,45,2026-04-05T09:35:24.074Z,201.000,10,114.000,Jg+7wzPVXO3fl6hF,192.000,jwNdRfwvt/DA6PNq,195.000,uHgM+VdJzX93m/5O,197.000,nbm0/St8w4GUlGA4,198.000,Cr1IDgtoIwjHadzo,199.000,UfIL2xPYUWA3pa2i,201.000,3ro8QLJh0yyykLyV,202.000,WYac+BcEaEqjcD+O,204.000,0vdW+g6toC/h3nqI,207.000,h4OQZ7bMhp0Pbd5V
2,46,2026-04-05T09:35:24.275Z,202.000,10,114.000,Jg+7wzPVXO3fl6hF,195.000,jwNdRfwvt/DA6PNq,196.000,nbm0/St8w4GUlGA4,198.000,Cr1IDgtoIwjHadzo,200.000,UfIL2xPYUWA3pa2i,201.000,WYac+BcEaEqjcD+O,202.000,3ro8QLJh0yyykLyV,203.000,uHgM+VdJzX93m/5O,205.000,0vdW+g6toC/h3nqI,207.000,h4OQZ7bMhp0Pbd5V
2,47,2026-04-05T09:35:24.477Z,201.000,10,113.000,Jg+7wzPVXO3fl6hF,193.000,Cr1IDgtoIwjHadzo,194.000,jwNdRfwvt/DA6PNq,196.000,WYac+BcEaEqjcD+O,198.000,nbm0/St8w4GUlGA4,199.000,UfIL2xPYUWA3pa2i,201.000,3ro8QLJh0yyykLyV,202.000,uHgM+VdJzX93m/5O,204.000,0vdW+g6toC/h3nqI,206.000,h4OQZ7bMhp0Pbd5V
2,48,2026-04-05T09:35:24.678Z,201.000,10,114.000,Jg+7wzPVXO3fl6hF,192.000,Cr1IDgtoIwjHadzo,195.000,jwNdRfwvt/DA6PNq,197.000,3ro8QLJh0yyykLyV,199.000,nbm0/St8w4GUlGA4,200.000,WYac+BcEaEqjcD+O,201.000,UfIL2xPYUWA3pa2i,202.000,uHgM+VdJzX93m/5O,204.000,0vdW+g6toC/h3nqI,206.000,h4OQZ7bMhp0Pbd5V
2,49,2026-04-05T09:35:24.879Z,202.000,10,115.000,Jg+7wzPVXO3fl6hF,194.000,jwNdRfwvt/DA6PNq,196.000,Cr1IDgtoIwjHadzo,197.000,3ro8QLJh0yyykLyV,198.000,UfIL2xPYUWA3pa2i,200.000,WYac+BcEaEqjcD+O,202.000,uHgM+VdJzX93m/5O,203.000,nbm0/St8w4GUlGA4,204.000,0vdW+g6toC/h3nqI,206.000,h4OQZ7bMhp0Pbd5V
2,50,2026-04-05T09:35:25.081Z,201.000,10,114.000,Jg+7wzPVXO3fl6hF,192.000,jwNdRfwvt/DA6PNq,195.000,Cr1IDgtoIwjHadzo,197.000,uHgM+VdJzX93m/5O,198.000,nbm0/St8w4GUlGA4,200.000,UfIL2xPYUWA3pa2i,201.000,3ro8QLJh0yyykLyV,202.000,WYac+BcEaEqjcD+O,204.000,0vdW+g6toC/h3nqI,206.000,h4OQZ7bMhp0Pbd5V
2,51,2026-04-05T09:35:25.282Z,201.000,10,114.000,Jg+7wzPVXO3fl6hF,193.000,jwNdRfwvt/DA6PNq,195.000,3ro8QLJh0yyykLyV,197.000,Cr1IDgtoIwjHadzo,198.000,nbm0/St8w4GUlGA4,200.000,WYac+BcEaEqjcD+O,201.000,uHgM+VdJzX93m/5O,202.000,0vdW+g6toC/h3nqI,204.000,UfIL2xPYUWA3pa2i,205.000,h4OQZ7bMhp0Pbd5V
2,52,2026-04-05T09:35:25.483Z,201.000,10,114.000,Jg+7wzPVXO3fl6hF,192.000,jwNdRfwvt/DA6PNq,196.000,uHgM+VdJzX93m/5O,197.000,3ro8QLJh0yyykLyV,199.000,nbm0/St8w4GUlGA4,200.000,Cr1IDgtoIwjHadzo,201.000,UfIL2xPYUWA3pa2i,202.000,WYac+BcEaEqjcD+O,204.000,0vdW+g6toC/h3nqI,205.000,h4OQZ7bMhp0Pbd5V
2,53,2026-04-05T09:35:25.684Z,201.000,10,114.000,Jg+7wzPVXO3fl6hF,193.000,jwNdRfwvt/DA6PNq,195.000,nbm0/St8w4GUlGA4,196.000,3ro8QLJh0yyykLyV,198.000,Cr1IDgtoIwjHadzo,199.000,UfIL2xPYUWA3pa2i,201.000,uHgM+VdJzX93m/5O,202.000,WYac+BcEaEqjcD+O,203.000,0vdW+g6toC/h3nqI,205.000,h4OQZ7bMhp0Pbd5V
2,54,2026-04-05T09:35:25.885Z,201.000,10,114.000,Jg+7wzPVXO3fl6hF,193.000,jwNdRfwvt/DA6PNq,194.000,uHgM+VdJzX93m/5O,196.000,3ro8QLJh0yyykLyV,197.000,nbm0/St8w4GUlGA4,199.000,Cr1IDgtoIwjHadzo,201.000,UfIL2xPYUWA3pa2i,202.000,WYac+BcEaEqjcD+O,203.000,0vdW+g6toC/h3nqI,205.000,h4OQZ7bMhp0Pbd5V
2,55,2026-04-05T09:35:26.086Z,200.000,10,114.000,Jg+7wzPVXO3fl6hF,192.000,jwNdRfwvt/DA6PNq,194.000,uHgM+VdJzX93m/5O,196.000,3ro8QLJh0yyykLyV,197.000,nbm0/St8w4GUlGA4,199.000,UfIL2xPYUWA3pa2i,200.000,WYac+BcEaEqjcD+O,201.000,Cr1IDgtoIwjHadzo,203.000,0vdW+g6toC/h3nqI,205.000,h4OQZ7bMhp0Pbd5V
2,56,2026-04-05T09:35:26.286Z,202.000,10,115.000,Jg+7wzPVXO3fl6hF,193.000,jwNdRfwvt/DA6PNq,196.000,uHgM+VdJzX93m/5O,197.000,3ro8QLJh0yyykLyV,199.000,UfIL2xPYUWA3pa2i,201.000,Cr1IDgtoIwjHadzo,202.000,WYac+BcEaEqjcD+O,203.000,0vdW+g6toC/h3nqI,204.000,nbm0/St8w4GUlGA4,206.000,h4OQZ7bMhp0Pbd5V
2,57,2026-04-05T09:35:26.488Z,200.000,10,114.000,Jg+7wzPVXO3fl6hF,192.000,jwNdRfwvt/DA6PNq,195.000,uHgM+VdJzX93m/5O,196.000,3ro8QLJh0yyykLyV,198.000,nbm0/St8w4GUlGA4,199.000,Cr1IDgtoIwjHadzo,200.000,WYac+BcEaEqjcD+O,202.000,0vdW+g6toC/h3nqI,203.000,UfIL2xPYUWA3pa2i,206.000,h4OQZ7bMhp0Pbd5V
2,58,2026-04-05T09:35:26.688Z,201.000,10,115.000,Jg+7wzPVXO3fl6hF,191.000,jwNdRfwvt/DA6PNq,196.000,3ro8QLJh0yyykLyV,197.000,UfIL2xPYUWA3pa2i,199.000,WYac+BcEaEqjcD+O,200.000,uHgM+VdJzX93m/5O,201.000,0vdW+g6toC/h3nqI,202.000,Cr1IDgtoIwjHadzo,203.000,nbm0/St8w4GUlGA4,207.000,h4OQZ7bMhp0Pbd5V
2,59,2026-04-05T09:35:26.889Z,201.000,10,116.000,Jg+7wzPVXO3fl6hF,194.000,jwNdRfwvt/DA6PNq,196.000,Cr1IDgtoIwjHadzo,197.000,3ro8QLJh0yyykLyV,199.000,WYac+BcEaEqjcD+O,200.000,UfIL2xPYUWA3pa2i,201.000,nbm0/St8w4GUlGA4,202.000,uHgM+VdJzX93m/5O,204.000,0vdW+g6toC/h3nqI,208.000,h4OQZ7bMhp0Pbd5V
2,60,2026-04-05T09:35:27.090Z,202.000,10,116.000,Jg+7wzPVXO3fl6hF,195.000,jwNdRfwvt/DA6PNq,196.000,UfIL2xPYUWA3pa2i,198.000,WYac+BcEaEqjcD+O,199.000,0vdW+g6toC/h3nqI,200.000,nbm0/St8w4GUlGA4,201.000,Cr1IDgtoIwjHadzo,203.000,uHgM+VdJzX93m/5O,204.000,3ro8QLJh0yyykLyV,208.000,h4OQZ7bMhp0Pbd5V
2,61,2026-04-05T09:35:27.292Z,201.000,10,115.000,Jg+7wzPVXO3fl6hF,194.000,jwNdRfwvt/DA6PNq,196.000,UfIL2xPYUWA3pa2i,197.000,3ro8QLJh0yyykLyV,199.000,WYac+BcEaEqjcD+O,200.000,nbm0/St8w4GUlGA4,201.000,0vdW+g6toC/h3nqI,202.000,Cr1IDgtoIwjHadzo,204.000,uHgM+VdJzX93m/5O,207.000,h4OQZ7bMhp0Pbd5V
2,62,2026-04-05T09:35:27.493Z,203.000,10,116.000,Jg+7wzPVXO3fl6hF,194.000,jwNdRfwvt/DA6PNq,196.000,0vdW+g6toC/h3nqI,198.000,UfIL2xPYUWA3pa2i,200.000,uHgM+VdJzX93m/5O,201.000,Cr1IDgtoIwjHadzo,203.000,3ro8QLJh0yyykLyV,204.000,nbm0/St8w4GUlGA4,205.000,WYac+BcEaEqjcD+O,207.000,h4OQZ7bMhp0Pbd5V
2,63,2026-04-05T09:35:27.696Z,199.000,10,115.000,Jg+7wzPVXO3fl6hF,192.000,jwNdRfwvt/DA6PNq,194.000,UfIL2xPYUWA3pa2i,195.000,WYac+BcEaEqjcD+O,196.000,0vdW+g6toC/h3nqI,197.000,uHgM+VdJzX93m/5O,199.000,nbm0/St8w4GUlGA4,200.000,Cr1IDgtoIwjHadzo,201.000,3ro8QLJh0yyykLyV,205.000,h4OQZ7bMhp0Pbd5V
2,64,2026-04-05T09:35:27.895Z,201.000,10,117.000,Jg+7wzPVXO3fl6hF,194.000,jwNdRfwvt/DA6PNq,196.000,0vdW+g6toC/h3nqI,197.000,uHgM+VdJzX93m/5O,199.000,UfIL2xPYUWA3pa2i,200.000,WYac+BcEaEqjcD+O,201.000,nbm0/St8w4GUlGA4,202.000,Cr1IDgtoIwjHadzo,204.000,3ro8QLJh0yyykLyV,206.000,h4OQZ7bMhp0Pbd5V
2,65,2026-04-05T09:35:28.096Z,201.000,10,117.000,Jg+7wzPVXO3fl6hF,193.000,WYac+BcEaEqjcD+O,195.000,jwNdRfwvt/DA6PNq,197.000,UfIL2xPYUWA3pa2i,198.000,0vdW+g6toC/h3nqI,199.000,3ro8QLJh0yyykLyV,201.000,uHgM+VdJzX93m/5O,202.000,nbm0/St8w4GUlGA4,203.000,Cr1IDgtoIwjHadzo,206.000,h4OQZ7bMhp0Pbd5V
2,66,2026-04-05T09:35:28.297Z,201.000,10,117.000,Jg+7wzPVXO3fl6hF,193.000,jwNdRfwvt/DA6PNq,195.000,0vdW+g6toC/h3nqI,197.000,WYac+BcEaEqjcD+O,198.000,3ro8QLJh0yyykLyV,199.000,Cr1IDgtoIwjHadzo,200.000,nbm0/St8w4GUlGA4,202.000,uHgM+VdJzX93m/5O,203.000,UfIL2xPYUWA3pa2i,207.000,h4OQZ7bMhp0Pbd5V
2,67,2026-04-05T09:35:28.498Z,201.000,10,117.000,Jg+7wzPVXO3fl6hF,192.000,jwNdRfwvt/DA6PNq,196.000,nbm0/St8w4GUlGA4,197.000,3ro8QLJh0yyykLyV,199.000,0vdW+g6toC/h3nqI,200.000,WYac+BcEaEqjcD+O,201.000,uHgM+VdJzX93m/5O,202.000,UfIL2xPYUWA3pa2i,203.000,Cr1IDgtoIwjHadzo,207.000,h4OQZ7bMhp0Pbd5V
2,68,2026-04-05T09:35:28.699Z,201.000,10,118.000,Jg+7wzPVXO3fl6hF,194.000,jwNdRfwvt/DA6PNq,196.000,nbm0/St8w4GUlGA4,197.000,Cr1IDgtoIwjHadzo,199.000,WYac+BcEaEqjcD+O,200.000,0vdW+g6toC/h3nqI,201.000,3ro8QLJh0yyykLyV,202.000,UfIL2xPYUWA3pa2i,203.000,uHgM+VdJzX93m/5O,207.000,h4OQZ7bMhp0Pbd5V
2,69,2026-04-05T09:35:28.900Z,202.000,10,119.000,Jg+7wzPVXO3fl6hF,191.000,jwNdRfwvt/DA6PNq,197.000,nbm0/St8w4GUlGA4,198.000,Cr1IDgtoIwjHadzo,199.000,UfIL2xPYUWA3pa2i,201.000,0vdW+g6toC/h3nqI,202.000,3ro8QLJh0yyykLyV,203.000,WYac+BcEaEqjcD+O,205.000,uHgM+VdJzX93m/5O,206.000,h4OQZ7bMhp0Pbd5V
2,70,2026-04-05T09:35:29.102Z,201.000,10,118.000,Jg+7wzPVXO3fl6hF,193.000,nbm0/St8w4GUlGA4,195.000,jwNdRfwvt/DA6PNq,197.000,3ro8QLJh0yyykLyV,198.000,Cr1IDgtoIwjHadzo,199.000,UfIL2xPYUWA3pa2i,201.000,WYac+BcEaEqjcD+O,202.000,0vdW+g6toC/h3nqI,203.000,uHgM+VdJzX93m/5O,206.000,h4OQZ7bMhp0Pbd5V
2,71,2026-04-05T09:35:29.303Z,202.000,10,118.000,Jg+7wzPVXO3fl6hF,192.000,jwNdRfwvt/DA6PNq,195.000,nbm0/St8w4GUlGA4,197.000,WYac+BcEaEqjcD+O,198.000,UfIL2xPYUWA3pa2i,199.000,uHgM+VdJzX93m/5O,201.000,3ro8QLJh0yyykLyV,203.000,Cr1IDgtoIwjHadzo,204.000,0vdW+g6toC/h3nqI,205.000,h4OQZ7bMhp0Pbd5V
2,72,2026-04-05T09:35:29.505Z,200.000,10,117.000,Jg+7wzPVXO3fl6hF,192.000,nbm0/St8w4GUlGA4,193.000,jwNdRfwvt/DA6PNq,195.000,uHgM+VdJzX93m/5O,197.000,Cr1IDgtoIwjHadzo,198.000,UfIL2xPYUWA3pa2i,199.000,0vdW+g6toC/h3nqI,201.000,3ro8QLJh0yyykLyV,203.000,WYac+BcEaEqjcD+O,204.000,h4OQZ7bMhp0Pbd5V
2,73,2026-04-05T09:35:29.705Z,201.000,10,118.000,Jg+7wzPVXO3fl6hF,194.000,jwNdRfwvt/DA6PNq,196.000,3ro8QLJh0yyykLyV,197.000,nbm0/St8w4GUlGA4,198.000,0vdW+g6toC/h3nqI,199.000,Cr1IDgtoIwjHadzo,201.000,UfIL2xPYUWA3pa2i,202.000,WYac+BcEaEqjcD+O,203.000,uHgM+VdJzX93m/5O,208.000,h4OQZ7bMhp0Pbd5V
2,74,2026-04-05T09:35:29.906Z,201.000,10,119.000,Jg+7wzPVXO3fl6hF,194.000,jwNdRfwvt/DA6PNq,196.000,uHgM+VdJzX93m/5O,197.000,nbm0/St8w4GUlGA4,198.000,Cr1IDgtoIwjHadzo,200.000,UfIL2xPYUWA3pa2i,201.000,WYac+BcEaEqjcD+O,202.000,3ro8QLJh0yyykLyV,203.000,0vdW+g6toC/h3nqI,208.000,h4OQZ7bMhp0Pbd5V
2,75,2026-04-05T09:35:30.107Z,201.000,10,119.000,Jg+7wzPVXO3fl6hF,194.000,jwNdRfwvt/DA6PNq,196.000,0vdW+g6toC/h3nqI,197.000,nbm0/St8w4GUlGA4,198.000,uHgM+VdJzX93m/5O,200.000,UfIL2xPYUWA3pa2i,201.000,3ro8QLJh0yyykLyV,202.000,Cr1IDgtoIwjHadzo,204.000,WYac+BcEaEqjcD+O,208.000,h4OQZ7bMhp0Pbd5V
2,76,2026-04-05T09:35:30.308Z,202.000,10,120.000,Jg+7wzPVXO3fl6hF,194.000,jwNdRfwvt/DA6PNq,196.000,UfIL2xPYUWA3pa2i,198.000,Cr1IDgtoIwjHadzo,199.000,uHgM+VdJzX93m/5O,200.000,0vdW+g6toC/h3nqI,202.000,WYac+BcEaEqjcD+O,203.000,nbm0/St8w4GUlGA4,204.000,3ro8QLJh0yyykLyV,208.000,h4OQZ7bMhp0Pbd5V
2,77,2026-04-05T09:35:30.510Z,201.000,10,118.000,Jg+7wzPVXO3fl6hF,189.000,jwNdRfwvt/DA6PNq,195.000,uHgM+VdJzX93m/5O,197.000,3ro8QLJh0yyykLyV,198.000,0vdW+g6toC/h3nqI,200.000,UfIL2xPYUWA3pa2i,201.000,Cr1IDgtoIwjHadzo,202.000,WYac+BcEaEqjcD+O,203.000,nbm0/St8w4GUlGA4,207.000,h4OQZ7bMhp0Pbd5V
2,78,2026-04-05T09:35:30.711Z,202.000,10,118.000,Jg+7wzPVXO3fl6hF,195.000,jwNdRfwvt/DA6PNq,197.000,UfIL2xPYUWA3pa2i,198.000,uHgM+VdJzX93m/5O,200.000,0vdW+g6toC/h3nqI,201.000,WYac+BcEaEqjcD+O,202.000,Cr1IDgtoIwjHadzo,203.000,nbm0/St8w4GUlGA4,205.000,3ro8QLJh0yyykLyV,207.000,h4OQZ7bMhp0Pbd5V
2,79,2026-04-05T09:35:30.913Z,200.000,10,117.000,Jg+7wzPVXO3fl6hF,193.000,jwNdRfwvt/DA6PNq,195.000,3ro8QLJh0yyykLyV,196.000,0vdW+g6toC/h3nqI,198.000,uHgM+VdJzX93m/5O,199.000,nbm0/St8w4GUlGA4,200.000,WYac+BcEaEqjcD+O,201.000,Cr1IDgtoIwjHadzo,203.000,UfIL2xPYUWA3pa2i,206.000,h4OQZ7bMhp0Pbd5V
2,80,2026-04-05T09:35:31.113Z,201.000,10,119.000,Jg+7wzPVXO3fl6hF,194.000,jwNdRfwvt/DA6PNq,196.000,uHgM+VdJzX93m/5O,197.000,nbm0/St8w4GUlGA4,198.000,Cr1IDgtoIwjHadzo,199.000,UfIL2xPYUWA3pa2i,201.000,3ro8QLJh0yyykLyV,202.000,0vdW+g6toC/h3nqI,204.000,WYac+BcEaEqjcD+O,208.000,h4OQZ7bMhp0Pbd5V
2,81,2026-04-05T09:35:31.314Z,207.000,10,119.000,Jg+7wzPVXO3fl6hF,196.000,0vdW+g6toC/h3nqI,197.000,3ro8QLJh0yyykLyV,200.000,jwNdRfwvt/DA6PNq,202.000,UfIL2xPYUWA3pa2i,205.000,uHgM+VdJzX93m/5O,207.000,nbm0/St8w4GUlGA4,209.000,Cr1IDgtoIwjHadzo,211.000,WYac+BcEaEqjcD+O,212.000,h4OQZ7bMhp0Pbd5V
2,82,2026-04-05T09:35:31.521Z,205.000,10,123.000,Jg+7wzPVXO3fl6hF,193.000,jwNdRfwvt/DA6PNq,197.000,3ro8QLJh0yyykLyV,199.000,UfIL2xPYUWA3pa2i,201.000,0vdW+g6toC/h3nqI,203.000,nbm0/St8w4GUlGA4,204.000,uHgM+VdJzX93m/5O,206.000,Cr1IDgtoIwjHadzo,207.000,WYac+BcEaEqjcD+O,208.000,h4OQZ7bMhp0Pbd5V
2,83,2026-04-05T09:35:31.726Z,197.000,10,110.000,Jg+7wzPVXO3fl6hF,183.000,jwNdRfwvt/DA6PNq,189.000,uHgM+VdJzX93m/5O,192.000,0vdW+g6toC/h3nqI,193.000,3ro8QLJh0yyykLyV,195.000,UfIL2xPYUWA3pa2i,196.000,WYac+BcEaEqjcD+O,198.000,Cr1IDgtoIwjHadzo,199.000,nbm0/St8w4GUlGA4,208.000,h4OQZ7bMhp0Pbd5V
2,84,2026-04-05T09:35:31.923Z,200.000,10,116.000,Jg+7wzPVXO3fl6hF,187.000,jwNdRfwvt/DA6PNq,194.000,Cr1IDgtoIwjHadzo,196.000,uHgM+VdJzX93m/5O,197.000,UfIL2xPYUWA3pa2i,198.000,0vdW+g6toC/h3nqI,199.000,nbm0/St8w4GUlGA4,201.000,3ro8QLJh0yyykLyV,202.000,WYac+BcEaEqjcD+O,206.000,h4OQZ7bMhp0Pbd5V
2,85,2026-04-05T09:35:32.123Z,196.000,10,117.000,Jg+7wzPVXO3fl6hF,189.000,Cr1IDgtoIwjHadzo,191.000,uHgM+VdJzX93m/5O,192.000,jwNdRfwvt/DA6PNq,193.000,3ro8QLJh0yyykLyV,194.000,nbm0/St8w4GUlGA4,196.000,WYac+BcEaEqjcD+O,197.000,0vdW+g6toC/h3nqI,199.000,UfIL2xPYUWA3pa2i,202.000,h4OQZ7bMhp0Pbd5V
2,86,2026-04-05T09:35:32.319Z,202.000,10,122.000,Jg+7wzPVXO3fl6hF,195.000,jwNdRfwvt/DA6PNq,198.000,Cr1IDgtoIwjHadzo,199.000,WYac+BcEaEqjcD+O,200.000,UfIL2xPYUWA3pa2i,201.000,0vdW+g6toC/h3nqI,202.000,nbm0/St8w4GUlGA4,203.000,uHgM+VdJzX93m/5O,204.000,3ro8QLJh0yyykLyV,206.000,h4OQZ7bMhp0Pbd5V
2,87,2026-04-05T09:35:32.521Z,201.000,10,122.000,Jg+7wzPVXO3fl6hF,194.000,WYac+BcEaEqjcD+O,194.000,jwNdRfwvt/DA6PNq,196.000,UfIL2xPYUWA3pa2i,198.000,Cr1IDgtoIwjHadzo,199.000,3ro8QLJh0yyykLyV,201.000,0vdW+g6toC/h3nqI,202.000,nbm0/St8w4GUlGA4,203.000,h4OQZ7bMhp0Pbd5V,233.000,uHgM+VdJzX93m/5O
2,88,2026-04-05T09:35:32.722Z,204.000,10,122.000,Jg+7wzPVXO3fl6hF,196.000,jwNdRfwvt/DA6PNq,198.000,UfIL2xPYUWA3pa2i,200.000,WYac+BcEaEqjcD+O,201.000,0vdW+g6toC/h3nqI,203.000,uHgM+VdJzX93m/5O,204.000,3ro8QLJh0yyykLyV,205.000,nbm0/St8w4GUlGA4,207.000,Cr1IDgtoIwjHadzo,209.000,h4OQZ7bMhp0Pbd5V
2,89,2026-04-05T09:35:32.926Z,201.000,10,119.000,Jg+7wzPVXO3fl6hF,192.000,WYac+BcEaEqjcD+O,194.000,jwNdRfwvt/DA6PNq,197.000,0vdW+g6toC/h3nqI,198.000,nbm0/St8w4GUlGA4,200.000,UfIL2xPYUWA3pa2i,201.000,uHgM+VdJzX93m/5O,202.000,3ro8QLJh0yyykLyV,203.000,Cr1IDgtoIwjHadzo,205.000,h4OQZ7bMhp0Pbd5V
2,90,2026-04-05T09:35:33.127Z,201.000,10,121.000,Jg+7wzPVXO3fl6hF,194.000,uHgM+VdJzX93m/5O,194.000,jwNdRfwvt/DA6PNq,197.000,UfIL2xPYUWA3pa2i,198.000,0vdW+g6toC/h3nqI,200.000,Cr1IDgtoIwjHadzo,201.000,3ro8QLJh0yyykLyV,202.000,nbm0/St8w4GUlGA4,203.000,WYac+BcEaEqjcD+O,205.000,h4OQZ7bMhp0Pbd5V
2,91,2026-04-05T09:35:33.328Z,199.000,10,139.000,Jg+7wzPVXO3fl6hF,188.000,jwNdRfwvt/DA6PNq,193.000,0vdW+g6toC/h3nqI,195.000,uHgM+VdJzX93m/5O,196.000,WYac+BcEaEqjcD+O,198.000,3ro8QLJh0yyykLyV,199.000,Cr1IDgtoIwjHadzo,202.000,nbm0/St8w4GUlGA4,203.000,UfIL2xPYUWA3pa2i,206.000,h4OQZ7bMhp0Pbd5V
2,92,2026-04-05T09:35:33.527Z,203.000,10,136.000,Jg+7wzPVXO3fl6hF,193.000,0vdW+g6toC/h3nqI,196.000,jwNdRfwvt/DA6PNq,197.000,UfIL2xPYUWA3pa2i,199.000,Cr1IDgtoIwjHadzo,201.000,nbm0/St8w4GUlGA4,203.000,WYac+BcEaEqjcD+O,204.000,3ro8QLJh0yyykLyV,206.000,uHgM+VdJzX93m/5O,214.000,h4OQZ7bMhp0Pbd5V
2,93,2026-04-05T09:35:33.730Z,199.000,10,135.000,Jg+7wzPVXO3fl6hF,192.000,0vdW+g6toC/h3nqI,192.000,jwNdRfwvt/DA6PNq,194.000,Cr1IDgtoIwjHadzo,196.000,WYac+BcEaEqjcD+O,197.000,3ro8QLJh0yyykLyV,199.000,nbm0/St8w4GUlGA4,200.000,h4OQZ7bMhp0Pbd5V,203.000,UfIL2xPYUWA3pa2i,283.000,uHgM+VdJzX93m/5O
2,94,2026-04-05T09:35:33.929Z,235.000,10,135.000,Jg+7wzPVXO3fl6hF,226.000,uHgM+VdJzX93m/5O,229.000,0vdW+g6toC/h3nqI,232.000,WYac+BcEaEqjcD+O,232.000,jwNdRfwvt/DA6PNq,234.000,3ro8QLJh0yyykLyV,235.000,h4OQZ7bMhp0Pbd5V,292.000,UfIL2xPYUWA3pa2i,294.000,Cr1IDgtoIwjHadzo,405.000,nbm0/St8w4GUlGA4
2,95,2026-04-05T09:35:34.164Z,167.000,9,103.000,Jg+7wzPVXO3fl6hF,155.000,jwNdRfwvt/DA6PNq,156.000,UfIL2xPYUWA3pa2i,161.000,WYac+BcEaEqjcD+O,162.000,uHgM+VdJzX93m/5O,163.000,0vdW+g6toC/h3nqI,167.000,Cr1IDgtoIwjHadzo,171.000,h4OQZ7bMhp0Pbd5V,209.000,nbm0/St8w4GUlGA4,,
2,96,2026-04-05T09:35:34.331Z,203.000,9,23.000,3ro8QLJh0yyykLyV,136.000,Jg+7wzPVXO3fl6hF,192.000,jwNdRfwvt/DA6PNq,195.000,uHgM+VdJzX93m/5O,196.000,UfIL2xPYUWA3pa2i,198.000,0vdW+g6toC/h3nqI,202.000,h4OQZ7bMhp0Pbd5V,204.000,WYac+BcEaEqjcD+O,206.000,Cr1IDgtoIwjHadzo,,
2,97,2026-04-05T09:35:34.534Z,246.000,10,10.000,nbm0/St8w4GUlGA4,23.000,3ro8QLJh0yyykLyV,237.000,0vdW+g6toC/h3nqI,240.000,jwNdRfwvt/DA6PNq,242.000,uHgM+VdJzX93m/5O,244.000,UfIL2xPYUWA3pa2i,245.000,WYac+BcEaEqjcD+O,247.000,h4OQZ7bMhp0Pbd5V,251.000,Jg+7wzPVXO3fl6hF,252.000,Cr1IDgtoIwjHadzo
2,98,2026-04-05T09:35:34.780Z,152.000,8,3.000,nbm0/St8w4GUlGA4,8.000,3ro8QLJh0yyykLyV,145.000,uHgM+VdJzX93m/5O,147.000,0vdW+g6toC/h3nqI,149.000,jwNdRfwvt/DA6PNq,151.000,UfIL2xPYUWA3pa2i,152.000,WYac+BcEaEqjcD+O,154.000,h4OQZ7bMhp0Pbd5V,,,,
2,99,2026-04-05T09:35:34.932Z,199.000,10,6.000,Jg+7wzPVXO3fl6hF,11.000,Cr1IDgtoIwjHadzo,30.000,3ro8QLJh0yyykLyV,107.000,nbm0/St8w4GUlGA4,194.000,0vdW+g6toC/h3nqI,196.000,uHgM+VdJzX93m/5O,199.000,h4OQZ7bMhp0Pbd5V,200.000,WYac+BcEaEqjcD+O,207.000,UfIL2xPYUWA3pa2i,208.000,jwNdRfwvt/DA6PNq
2,100,2026-04-05T09:35:35.131Z,200.000,10,12.000,Jg+7wzPVXO3fl6hF,16.000,Cr1IDgtoIwjHadzo,30.000,3ro8QLJh0yyykLyV,104.000,nbm0/St8w4GUlGA4,196.000,uHgM+VdJzX93m/5O,197.000,0vdW+g6toC/h3nqI,200.000,UfIL2xPYUWA3pa2i,203.000,WYac+BcEaEqjcD+O,204.000,jwNdRfwvt/DA6PNq,210.000,h4OQZ7bMhp0Pbd5V
2,101,2026-04-05T09:35:35.331Z,261.000,10,12.000,Jg+7wzPVXO3fl6hF,18.000,Cr1IDgtoIwjHadzo,32.000,3ro8QLJh0yyykLyV,224.000,nbm0/St8w4GUlGA4,227.000,uHgM+VdJzX93m/5O,258.000,jwNdRfwvt/DA6PNq,260.000,WYac+BcEaEqjcD+O,262.000,h4OQZ7bMhp0Pbd5V,264.000,UfIL2xPYUWA3pa2i,266.000,0vdW+g6toC/h3nqI
2,102,2026-04-05T09:35:35.592Z,141.000,9,6.000,3ro8QLJh0yyykLyV,7.000,Cr1IDgtoIwjHadzo,9.000,Jg+7wzPVXO3fl6hF,44.000,nbm0/St8w4GUlGA4,138.000,0vdW+g6toC/h3nqI,140.000,uHgM+VdJzX93m/5O,141.000,jwNdRfwvt/DA6PNq,142.000,WYac+BcEaEqjcD+O,145.000,h4OQZ7bMhp0Pbd5V,,
2,103,2026-04-05T09:35:35.733Z,198.000,10,23.000,UfIL2xPYUWA3pa2i,34.000,3ro8QLJh0yyykLyV,35.000,Cr1IDgtoIwjHadzo,49.000,Jg+7wzPVXO3fl6hF,106.000,nbm0/St8w4GUlGA4,197.000,jwNdRfwvt/DA6PNq,198.000,0vdW+g6toC/h3nqI,200.000,WYac+BcEaEqjcD+O,202.000,uHgM+VdJzX93m/5O,205.000,h4OQZ7bMhp0Pbd5V
2,104,2026-04-05T09:35:35.931Z,205.000,10,26.000,UfIL2xPYUWA3pa2i,39.000,3ro8QLJh0yyykLyV,41.000,Cr1IDgtoIwjHadzo,51.000,Jg+7wzPVXO3fl6hF,107.000,nbm0/St8w4GUlGA4,200.000,jwNdRfwvt/DA6PNq,205.000,WYac+BcEaEqjcD+O,206.000,h4OQZ7bMhp0Pbd5V,209.000,0vdW+g6toC/h3nqI,476.000,uHgM+VdJzX93m/5O
2,105,2026-04-05T09:35:36.136Z,198.000,9,22.000,UfIL2xPYUWA3pa2i,36.000,Cr1IDgtoIwjHadzo,38.000,3ro8QLJh0yyykLyV,48.000,Jg+7wzPVXO3fl6hF,105.000,nbm0/St8w4GUlGA4,197.000,0vdW+g6toC/h3nqI,198.000,jwNdRfwvt/DA6PNq,202.000,h4OQZ7bMhp0Pbd5V,205.000,WYac+BcEaEqjcD+O,,
2,106,2026-04-05T09:35:36.334Z,201.000,9,28.000,UfIL2xPYUWA3pa2i,38.000,Cr1IDgtoIwjHadzo,43.000,3ro8QLJh0yyykLyV,52.000,Jg+7wzPVXO3fl6hF,108.000,nbm0/St8w4GUlGA4,199.000,WYac+BcEaEqjcD+O,201.000,0vdW+g6toC/h3nqI,201.000,jwNdRfwvt/DA6PNq,204.000,h4OQZ7bMhp0Pbd5V,,
2,107,2026-04-05T09:35:36.535Z,199.000,10,23.000,UfIL2xPYUWA3pa2i,37.000,Cr1IDgtoIwjHadzo,44.000,3ro8QLJh0yyykLyV,46.000,uHgM+VdJzX93m/5O,52.000,Jg+7wzPVXO3fl6hF,108.000,nbm0/St8w4GUlGA4,199.000,jwNdRfwvt/DA6PNq,212.000,h4OQZ7bMhp0Pbd5V,214.000,WYac+BcEaEqjcD+O,232.000,0vdW+g6toC/h3nqI
2,108,2026-04-05T09:35:36.734Z,201.000,9,27.000,UfIL2xPYUWA3pa2i,42.000,3ro8QLJh0yyykLyV,48.000,uHgM+VdJzX93m/5O,53.000,Jg+7wzPVXO3fl6hF,111.000,nbm0/St8w4GUlGA4,128.000,Cr1IDgtoIwjHadzo,200.000,jwNdRfwvt/DA6PNq,203.000,WYac+BcEaEqjcD+O,275.000,h4OQZ7bMhp0Pbd5V,,
2,109,2026-04-05T09:35:36.935Z,112.000,7,28.000,UfIL2xPYUWA3pa2i,29.000,0vdW+g6toC/h3nqI,41.000,3ro8QLJh0yyykLyV,48.000,uHgM+VdJzX93m/5O,55.000,Jg+7wzPVXO3fl6hF,111.000,nbm0/St8w4GUlGA4,112.000,Cr1IDgtoIwjHadzo,,,,,,
2,110,2026-04-05T09:35:37.047Z,136.000,7,89.000,jwNdRfwvt/DA6PNq,93.000,WYac+BcEaEqjcD+O,95.000,h4OQZ7bMhp0Pbd5V,117.000,0vdW+g6toC/h3nqI,119.000,UfIL2xPYUWA3pa2i,130.000,3ro8QLJh0yyykLyV,136.000,uHgM+VdJzX93m/5O,,,,,,
2,111,2026-04-05T09:35:37.183Z,181.000,9,8.000,Jg+7wzPVXO3fl6hF,63.000,nbm0/St8w4GUlGA4,63.000,Cr1IDgtoIwjHadzo,154.000,jwNdRfwvt/DA6PNq,156.000,WYac+BcEaEqjcD+O,160.000,h4OQZ7bMhp0Pbd5V,181.000,0vdW+g6toC/h3nqI,182.000,UfIL2xPYUWA3pa2i,316.000,uHgM+VdJzX93m/5O,,
2,112,2026-04-05T09:35:37.364Z,203.000,9,14.000,3ro8QLJh0yyykLyV,28.000,Jg+7wzPVXO3fl6hF,85.000,Cr1IDgtoIwjHadzo,86.000,nbm0/St8w4GUlGA4,175.000,jwNdRfwvt/DA6PNq,179.000,h4OQZ7bMhp0Pbd5V,202.000,0vdW+g6toC/h3nqI,208.000,UfIL2xPYUWA3pa2i,243.000,WYac+BcEaEqjcD+O,,
2,113,2026-04-05T09:35:37.567Z,202.000,9,13.000,3ro8QLJh0yyykLyV,27.000,Jg+7wzPVXO3fl6hF,81.000,nbm0/St8w4GUlGA4,84.000,Cr1IDgtoIwjHadzo,121.000,uHgM+VdJzX93m/5O,175.000,jwNdRfwvt/DA6PNq,202.000,UfIL2xPYUWA3pa2i,204.000,h4OQZ7bMhp0Pbd5V,212.000,0vdW+g6toC/h3nqI,,
2,114,2026-04-05T09:35:37.769Z,174.000,8,13.000,3ro8QLJh0yyykLyV,23.000,WYac+BcEaEqjcD+O,27.000,Jg+7wzPVXO3fl6hF,80.000,nbm0/St8w4GUlGA4,84.000,Cr1IDgtoIwjHadzo,121.000,uHgM+VdJzX93m/5O,174.000,jwNdRfwvt/DA6PNq,175.000,h4OQZ7bMhp0Pbd5V,,,,
2,115,2026-04-05T09:35:37.943Z,111.000,7,26.000,UfIL2xPYUWA3pa2i,28.000,0vdW+g6toC/h3nqI,39.000,3ro8QLJh0yyykLyV,50.000,WYac+BcEaEqjcD+O,54.000,Jg+7wzPVXO3fl6hF,109.000,nbm0/St8w4GUlGA4,110.000,Cr1IDgtoIwjHadzo,,,,,,
2,116,2026-04-05T09:35:38.054Z,145.000,8,36.000,uHgM+VdJzX93m/5O,90.000,jwNdRfwvt/DA6PNq,91.000,h4OQZ7bMhp0Pbd5V,116.000,UfIL2xPYUWA3pa2i,119.000,0vdW+g6toC/h3nqI,131.000,3ro8QLJh0yyykLyV,145.000,Jg+7wzPVXO3fl6hF,147.000,WYac+BcEaEqjcD+O,,,,
2,117,2026-04-05T09:35:38.199Z,248.000,8,54.000,Cr1IDgtoIwjHadzo,92.000,uHgM+VdJzX93m/5O,94.000,nbm0/St8w4GUlGA4,242.000,h4OQZ7bMhp0Pbd5V,242.000,jwNdRfwvt/DA6PNq,246.000,UfIL2xPYUWA3pa2i,247.000,0vdW+g6toC/h3nqI,250.000,3ro8QLJh0yyykLyV,,,,
2,118,2026-04-05T09:35:38.447Z,101.000,7,4.000,WYac+BcEaEqjcD+O,6.000,Jg+7wzPVXO3fl6hF,8.000,Cr1IDgtoIwjHadzo,31.000,nbm0/St8w4GUlGA4,45.000,uHgM+VdJzX93m/5O,100.000,jwNdRfwvt/DA6PNq,101.000,h4OQZ7bMhp0Pbd5V,,,,,,
2,119,2026-04-05T09:35:38.548Z,147.000,8,25.000,UfIL2xPYUWA3pa2i,43.000,3ro8QLJh0yyykLyV,50.000,WYac+BcEaEqjcD+O,81.000,Jg+7wzPVXO3fl6hF,106.000,Cr1IDgtoIwjHadzo,129.000,nbm0/St8w4GUlGA4,147.000,uHgM+VdJzX93m/5O,169.000,0vdW+g6toC/h3nqI,,,,
2,120,2026-04-05T09:35:38.695Z,107.000,7,52.000,jwNdRfwvt/DA6PNq,55.000,h4OQZ7bMhp0Pbd5V,80.000,0vdW+g6toC/h3nqI,81.000,UfIL2xPYUWA3pa2i,93.000,3ro8QLJh0yyykLyV,103.000,WYac+BcEaEqjcD+O,107.000,Jg+7wzPVXO3fl6hF,,,,,,
2,121,2026-04-05T09:35:38.802Z,191.000,8,55.000,Cr1IDgtoIwjHadzo,75.000,nbm0/St8w4GUlGA4,94.000,uHgM+VdJzX93m/5O,147.000,jwNdRfwvt/DA6PNq,175.000,0vdW+g6toC/h3nqI,185.000,UfIL2xPYUWA3pa2i,191.000,3ro8QLJh0yyykLyV,236.000,h4OQZ7bMhp0Pbd5V,,,,
2,122,2026-04-05T09:35:38.993Z,160.000,7,6.000,WYac+BcEaEqjcD+O,15.000,Jg+7wzPVXO3fl6hF,65.000,Cr1IDgtoIwjHadzo,85.000,nbm0/St8w4GUlGA4,104.000,uHgM+VdJzX93m/5O,157.000,jwNdRfwvt/DA6PNq,160.000,h4OQZ7bMhp0Pbd5V,,,,,,
2,123,2026-04-05T09:35:39.153Z,155.000,7,24.000,0vdW+g6toC/h3nqI,26.000,UfIL2xPYUWA3pa2i,36.000,3ro8QLJh0yyykLyV,47.000,WYac+BcEaEqjcD+O,51.000,Jg+7wzPVXO3fl6hF,108.000,Cr1IDgtoIwjHadzo,155.000,nbm0/St8w4GUlGA4,,,,,,
2,124,2026-04-05T09:35:39.308Z,95.000,8,2.000,uHgM+VdJzX93m/5O,42.000,jwNdRfwvt/DA6PNq,46.000,h4OQZ7bMhp0Pbd5V,70.000,UfIL2xPYUWA3pa2i,73.000,0vdW+g6toC/h3nqI,83.000,3ro8QLJh0yyykLyV,95.000,WYac+BcEaEqjcD+O,99.000,Jg+7wzPVXO3fl6hF,,,,
2,125,2026-04-05T09:35:39.403Z,178.000,7,59.000,Cr1IDgtoIwjHadzo,77.000,nbm0/St8w4GUlGA4,94.000,uHgM+VdJzX93m/5O,149.000,jwNdRfwvt/DA6PNq,153.000,h4OQZ7bMhp0Pbd5V,175.000,0vdW+g6toC/h3nqI,178.000,UfIL2xPYUWA3pa2i,,,,,,
2,126,2026-04-05T09:35:39.581Z,172.000,8,11.000,3ro8QLJh0yyykLyV,23.000,WYac+BcEaEqjcD+O,29.000,Jg+7wzPVXO3fl6hF,81.000,Cr1IDgtoIwjHadzo,98.000,nbm0/St8w4GUlGA4,117.000,uHgM+VdJzX93m/5O,172.000,jwNdRfwvt/DA6PNq,348.000,h4OQZ7bMhp0Pbd5V,,,,
2,127,2026-04-05T09:35:39.753Z,128.000,7,27.000,0vdW+g6toC/h3nqI,30.000,UfIL2xPYUWA3pa2i,40.000,3ro8QLJh0yyykLyV,51.000,WYac+BcEaEqjcD+O,57.000,Jg+7wzPVXO3fl6hF,110.000,Cr1IDgtoIwjHadzo,128.000,nbm0/St8w4GUlGA4,,,,,,
2,128,2026-04-05T09:35:39.881Z,124.000,7,18.000,uHgM+VdJzX93m/5O,75.000,jwNdRfwvt/DA6PNq,77.000,h4OQZ7bMhp0Pbd5V,100.000,0vdW+g6toC/h3nqI,106.000,UfIL2xPYUWA3pa2i,113.000,3ro8QLJh0yyykLyV,124.000,WYac+BcEaEqjcD+O,,,,,,
2,129,2026-04-05T09:35:40.005Z,177.000,8,5.000,Jg+7wzPVXO3fl6hF,59.000,Cr1IDgtoIwjHadzo,77.000,nbm0/St8w4GUlGA4,97.000,uHgM+VdJzX93m/5O,151.000,jwNdRfwvt/DA6PNq,153.000,h4OQZ7bMhp0Pbd5V,177.000,UfIL2xPYUWA3pa2i,179.000,0vdW+g6toC/h3nqI,,,,
2,130,2026-04-05T09:35:40.182Z,208.000,8,14.000,3ro8QLJh0yyykLyV,26.000,WYac+BcEaEqjcD+O,32.000,Jg+7wzPVXO3fl6hF,84.000,Cr1IDgtoIwjHadzo,102.000,nbm0/St8w4GUlGA4,123.000,uHgM+VdJzX93m/5O,208.000,jwNdRfwvt/DA6PNq,209.000,h4OQZ7bMhp0Pbd5V,,,,
2,131,2026-04-05T09:35:40.390Z,98.000,7,3.000,0vdW+g6toC/h3nqI,3.000,UfIL2xPYUWA3pa2i,7.000,3ro8QLJh0yyykLyV,23.000,Jg+7wzPVXO3fl6hF,27.000,WYac+BcEaEqjcD+O,77.000,Cr1IDgtoIwjHadzo,98.000,nbm0/St8w4GUlGA4,,,,,,
2,132,2026-04-05T09:35:40.488Z,123.000,8,17.000,uHgM+VdJzX93m/5O,70.000,jwNdRfwvt/DA6PNq,75.000,h4OQZ7bMhp0Pbd5V,98.000,UfIL2xPYUWA3pa2i,99.000,0vdW+g6toC/h3nqI,111.000,3ro8QLJh0yyykLyV,123.000,WYac+BcEaEqjcD+O,127.000,Jg+7wzPVXO3fl6hF,,,,
2,133,2026-04-05T09:35:40.611Z,184.000,7,56.000,Cr1IDgtoIwjHadzo,78.000,nbm0/St8w4GUlGA4,95.000,uHgM+VdJzX93m/5O,147.000,jwNdRfwvt/DA6PNq,154.000,h4OQZ7bMhp0Pbd5V,177.000,UfIL2xPYUWA3pa2i,184.000,0vdW+g6toC/h3nqI,,,,,,
2,134,2026-04-05T09:35:40.795Z,163.000,7,5.000,3ro8QLJh0yyykLyV,17.000,WYac+BcEaEqjcD+O,20.000,Jg+7wzPVXO3fl6hF,74.000,Cr1IDgtoIwjHadzo,93.000,nbm0/St8w4GUlGA4,112.000,uHgM+VdJzX93m/5O,163.000,jwNdRfwvt/DA6PNq,,,,,,
2,135,2026-04-05T09:35:40.958Z,113.000,7,5.000,h4OQZ7bMhp0Pbd5V,31.000,UfIL2xPYUWA3pa2i,35.000,0vdW+g6toC/h3nqI,42.000,3ro8QLJh0yyykLyV,54.000,WYac+BcEaEqjcD+O,58.000,Jg+7wzPVXO3fl6hF,113.000,Cr1IDgtoIwjHadzo,,,,,,
2,136,2026-04-05T09:35:41.071Z,156.000,9,19.000,nbm0/St8w4GUlGA4,38.000,uHgM+VdJzX93m/5O,89.000,jwNdRfwvt/DA6PNq,95.000,h4OQZ7bMhp0Pbd5V,151.000,UfIL2xPYUWA3pa2i,153.000,3ro8QLJh0yyykLyV,156.000,Jg+7wzPVXO3fl6hF,183.000,WYac+BcEaEqjcD+O,201.000,0vdW+g6toC/h3nqI,,
2,137,2026-04-05T09:35:41.227Z,192.000,8,54.000,Cr1IDgtoIwjHadzo,66.000,nbm0/St8w4GUlGA4,85.000,uHgM+VdJzX93m/5O,136.000,jwNdRfwvt/DA6PNq,141.000,h4OQZ7bMhp0Pbd5V,165.000,UfIL2xPYUWA3pa2i,192.000,Jg+7wzPVXO3fl6hF,206.000,3ro8QLJh0yyykLyV,,,,
2,138,2026-04-05T09:35:41.419Z,158.000,7,21.000,WYac+BcEaEqjcD+O,40.000,0vdW+g6toC/h3nqI,55.000,Cr1IDgtoIwjHadzo,82.000,nbm0/St8w4GUlGA4,95.000,uHgM+VdJzX93m/5O,146.000,jwNdRfwvt/DA6PNq,158.000,h4OQZ7bMhp0Pbd5V,,,,,,
2,139,2026-04-05T09:35:41.577Z,118.000,7,16.000,UfIL2xPYUWA3pa2i,29.000,3ro8QLJh0yyykLyV,49.000,Jg+7wzPVXO3fl6hF,65.000,WYac+BcEaEqjcD+O,82.000,0vdW+g6toC/h3nqI,98.000,Cr1IDgtoIwjHadzo,118.000,nbm0/St8w4GUlGA4,,,,,,
2,140,2026-04-05T09:35:41.695Z,147.000,7,17.000,uHgM+VdJzX93m/5O,73.000,jwNdRfwvt/DA6PNq,77.000,h4OQZ7bMhp0Pbd5V,99.000,UfIL2xPYUWA3pa2i,112.000,3ro8QLJh0yyykLyV,133.000,Jg+7wzPVXO3fl6hF,147.000,WYac+BcEaEqjcD+O,,,,,,
2,141,2026-04-05T09:35:41.842Z,167.000,8,17.000,0vdW+g6toC/h3nqI,31.000,Cr1IDgtoIwjHadzo,54.000,nbm0/St8w4GUlGA4,72.000,uHgM+VdJzX93m/5O,132.000,jwNdRfwvt/DA6PNq,155.000,UfIL2xPYUWA3pa2i,167.000,3ro8QLJh0yyykLyV,240.000,h4OQZ7bMhp0Pbd5V,,,,
2,142,2026-04-05T09:35:42.009Z,165.000,8,24.000,Jg+7wzPVXO3fl6hF,54.000,WYac+BcEaEqjcD+O,55.000,0vdW+g6toC/h3nqI,67.000,Cr1IDgtoIwjHadzo,90.000,nbm0/St8w4GUlGA4,105.000,uHgM+VdJzX93m/5O,165.000,h4OQZ7bMhp0Pbd5V,169.000,jwNdRfwvt/DA6PNq,,,,
2,143,2026-04-05T09:35:42.174Z,126.000,7,25.000,UfIL2xPYUWA3pa2i,39.000,3ro8QLJh0yyykLyV,50.000,Jg+7wzPVXO3fl6hF,72.000,WYac+BcEaEqjcD+O,89.000,0vdW+g6toC/h3nqI,117.000,Cr1IDgtoIwjHadzo,126.000,nbm0/St8w4GUlGA4,,,,,,
2,144,2026-04-05T09:35:42.300Z,148.000,8,22.000,uHgM+VdJzX93m/5O,75.000,jwNdRfwvt/DA6PNq,81.000,h4OQZ7bMhp0Pbd5V,100.000,UfIL2xPYUWA3pa2i,113.000,3ro8QLJh0yyykLyV,125.000,Jg+7wzPVXO3fl6hF,148.000,WYac+BcEaEqjcD+O,213.000,Cr1IDgtoIwjHadzo,,,,
2,145,2026-04-05T09:35:42.448Z,165.000,7,16.000,0vdW+g6toC/h3nqI,55.000,nbm0/St8w4GUlGA4,75.000,uHgM+VdJzX93m/5O,126.000,h4OQZ7bMhp0Pbd5V,137.000,jwNdRfwvt/DA6PNq,154.000,UfIL2xPYUWA3pa2i,165.000,3ro8QLJh0yyykLyV,,,,,,
2,146,2026-04-05T09:35:42.613Z,166.000,8,12.000,Jg+7wzPVXO3fl6hF,35.000,WYac+BcEaEqjcD+O,72.000,0vdW+g6toC/h3nqI,82.000,Cr1IDgtoIwjHadzo,106.000,uHgM+VdJzX93m/5O,163.000,h4OQZ7bMhp0Pbd5V,166.000,jwNdRfwvt/DA6PNq,200.000,nbm0/St8w4GUlGA4,,,,
2,147,2026-04-05T09:35:42.779Z,140.000,8,24.000,UfIL2xPYUWA3pa2i,37.000,3ro8QLJh0yyykLyV,47.000,Jg+7wzPVXO3fl6hF,70.000,WYac+BcEaEqjcD+O,103.000,0vdW+g6toC/h3nqI,117.000,Cr1IDgtoIwjHadzo,140.000,uHgM+VdJzX93m/5O,259.000,nbm0/St8w4GUlGA4,,,,
2,148,2026-04-05T09:35:42.919Z,164.000,7,87.000,h4OQZ7bMhp0Pbd5V,89.000,UfIL2xPYUWA3pa2i,90.000,jwNdRfwvt/DA6PNq,98.000,3ro8QLJh0yyykLyV,109.000,Jg+7wzPVXO3fl6hF,132.000,WYac+BcEaEqjcD+O,164.000,0vdW+g6toC/h3nqI,,,,,,
2,149,2026-04-05T09:35:43.083Z,141.000,7,29.000,Cr1IDgtoIwjHadzo,55.000,uHgM+VdJzX93m/5O,105.000,h4OQZ7bMhp0Pbd5V,121.000,UfIL2xPYUWA3pa2i,124.000,jwNdRfwvt/DA6PNq,134.000,3ro8QLJh0yyykLyV,141.000,nbm0/St8w4GUlGA4,,,,,,
2,150,2026-04-05T09:35:43.224Z,181.000,7,5.000,Jg+7wzPVXO3fl6hF,28.000,WYac+BcEaEqjcD+O,58.000,0vdW+g6toC/h3nqI,88.000,Cr1IDgtoIwjHadzo,115.000,uHgM+VdJzX93m/5O,160.000,h4OQZ7bMhp0Pbd5V,181.000,UfIL2xPYUWA3pa2i,,,,,,
2,151,2026-04-05T09:35:43.405Z,110.000,7,2.000,jwNdRfwvt/DA6PNq,11.000,3ro8QLJh0yyykLyV,20.000,nbm0/St8w4GUlGA4,24.000,Jg+7wzPVXO3fl6hF,48.000,WYac+BcEaEqjcD+O,79.000,0vdW+g6toC/h3nqI,110.000,Cr1IDgtoIwjHadzo,,,,,,
2,152,2026-04-05T09:35:43.515Z,118.000,7,26.000,uHgM+VdJzX93m/5O,72.000,h4OQZ7bMhp0Pbd5V,90.000,UfIL2xPYUWA3pa2i,93.000,jwNdRfwvt/DA6PNq,102.000,3ro8QLJh0yyykLyV,112.000,nbm0/St8w4GUlGA4,118.000,Jg+7wzPVXO3fl6hF,,,,,,
2,153,2026-04-05T09:35:43.633Z,177.000,7,22.000,WYac+BcEaEqjcD+O,52.000,0vdW+g6toC/h3nqI,82.000,Cr1IDgtoIwjHadzo,110.000,uHgM+VdJzX93m/5O,153.000,h4OQZ7bMhp0Pbd5V,173.000,UfIL2xPYUWA3pa2i,176.000,jwNdRfwvt/DA6PNq,,,,,,
2,154,2026-04-05T09:35:43.810Z,133.000,7,18.000,nbm0/St8w4GUlGA4,23.000,3ro8QLJh0yyykLyV,24.000,Jg+7wzPVXO3fl6hF,47.000,WYac+BcEaEqjcD+O,77.000,0vdW+g6toC/h3nqI,104.000,Cr1IDgtoIwjHadzo,133.000,uHgM+VdJzX93m/5O,,,,,,
2,155,2026-04-05T09:35:43.943Z,115.000,7,45.000,h4OQZ7bMhp0Pbd5V,66.000,UfIL2xPYUWA3pa2i,76.000,3ro8QLJh0yyykLyV,82.000,jwNdRfwvt/DA6PNq,86.000,nbm0/St8w4GUlGA4,93.000,Jg+7wzPVXO3fl6hF,115.000,WYac+BcEaEqjcD+O,,,,,,
2,156,2026-04-05T09:35:44.058Z,173.000,8,32.000,0vdW+g6toC/h3nqI,58.000,Cr1IDgtoIwjHadzo,87.000,uHgM+VdJzX93m/5O,131.000,h4OQZ7bMhp0Pbd5V,154.000,UfIL2xPYUWA3pa2i,157.000,jwNdRfwvt/DA6PNq,173.000,3ro8QLJh0yyykLyV,174.000,nbm0/St8w4GUlGA4,,,,
2,157,2026-04-05T09:35:44.231Z,183.000,8,6.000,Jg+7wzPVXO3fl6hF,28.000,WYac+BcEaEqjcD+O,60.000,0vdW+g6toC/h3nqI,87.000,Cr1IDgtoIwjHadzo,117.000,uHgM+VdJzX93m/5O,160.000,h4OQZ7bMhp0Pbd5V,183.000,jwNdRfwvt/DA6PNq,184.000,UfIL2xPYUWA3pa2i,,,,
2,158,2026-04-05T09:35:44.414Z,135.000,7,19.000,nbm0/St8w4GUlGA4,23.000,3ro8QLJh0yyykLyV,26.000,Jg+7wzPVXO3fl6hF,45.000,WYac+BcEaEqjcD+O,77.000,0vdW+g6toC/h3nqI,105.000,Cr1IDgtoIwjHadzo,135.000,uHgM+VdJzX93m/5O,,,,,,
2,159,2026-04-05T09:35:44.549Z,112.000,7,44.000,h4OQZ7bMhp0Pbd5V,68.000,UfIL2xPYUWA3pa2i,77.000,jwNdRfwvt/DA6PNq,78.000,3ro8QLJh0yyykLyV,84.000,nbm0/St8w4GUlGA4,90.000,Jg+7wzPVXO3fl6hF,112.000,WYac+BcEaEqjcD+O,,,,,,
2,160,2026-04-05T09:35:44.661Z,167.000,7,32.000,0vdW+g6toC/h3nqI,58.000,Cr1IDgtoIwjHadzo,117.000,uHgM+VdJzX93m/5O,132.000,h4OQZ7bMhp0Pbd5V,154.000,jwNdRfwvt/DA6PNq,159.000,UfIL2xPYUWA3pa2i,167.000,3ro8QLJh0yyykLyV,,,,,,
2,161,2026-04-05T09:35:44.828Z,167.000,7,8.000,nbm0/St8w4GUlGA4,13.000,Jg+7wzPVXO3fl6hF,33.000,WYac+BcEaEqjcD+O,68.000,0vdW+g6toC/h3nqI,93.000,Cr1IDgtoIwjHadzo,123.000,uHgM+VdJzX93m/5O,167.000,h4OQZ7bMhp0Pbd5V,,,,,,
2,162,2026-04-05T09:35:44.995Z,138.000,8,26.000,jwNdRfwvt/DA6PNq,28.000,UfIL2xPYUWA3pa2i,36.000,3ro8QLJh0yyykLyV,51.000,Jg+7wzPVXO3fl6hF,67.000,WYac+BcEaEqjcD+O,100.000,0vdW+g6toC/h3nqI,138.000,nbm0/St8w4GUlGA4,167.000,Cr1IDgtoIwjHadzo,,,,
2,163,2026-04-05T09:35:45.133Z,131.000,7,23.000,uHgM+VdJzX93m/5O,64.000,h4OQZ7bMhp0Pbd5V,85.000,jwNdRfwvt/DA6PNq,86.000,UfIL2xPYUWA3pa2i,105.000,3ro8QLJh0yyykLyV,113.000,Jg+7wzPVXO3fl6hF,131.000,WYac+BcEaEqjcD+O,,,,,,
2,164,2026-04-05T09:35:45.264Z,158.000,7,31.000,0vdW+g6toC/h3nqI,61.000,Cr1IDgtoIwjHadzo,65.000,nbm0/St8w4GUlGA4,91.000,uHgM+VdJzX93m/5O,134.000,h4OQZ7bMhp0Pbd5V,155.000,jwNdRfwvt/DA6PNq,158.000,UfIL2xPYUWA3pa2i,,,,,,
2,165,2026-04-05T09:35:45.422Z,132.000,7,10.000,3ro8QLJh0yyykLyV,26.000,Jg+7wzPVXO3fl6hF,46.000,WYac+BcEaEqjcD+O,74.000,0vdW+g6toC/h3nqI,106.000,nbm0/St8w4GUlGA4,127.000,Cr1IDgtoIwjHadzo,132.000,uHgM+VdJzX93m/5O,,,,,,
2,166,2026-04-05T09:35:45.554Z,236.000,9,45.000,h4OQZ7bMhp0Pbd5V,225.000,UfIL2xPYUWA3pa2i,226.000,jwNdRfwvt/DA6PNq,228.000,3ro8QLJh0yyykLyV,232.000,Jg+7wzPVXO3fl6hF,234.000,WYac+BcEaEqjcD+O,236.000,0vdW+g6toC/h3nqI,239.000,nbm0/St8w4GUlGA4,240.000,Cr1IDgtoIwjHadzo,,
2,167,2026-04-05T09:35:45.790Z,102.000,8,6.000,uHgM+VdJzX93m/5O,12.000,h4OQZ7bMhp0Pbd5V,31.000,UfIL2xPYUWA3pa2i,34.000,jwNdRfwvt/DA6PNq,99.000,Jg+7wzPVXO3fl6hF,101.000,3ro8QLJh0yyykLyV,102.000,WYac+BcEaEqjcD+O,140.000,0vdW+g6toC/h3nqI,,,,
2,168,2026-04-05T09:35:45.892Z,144.000,7,40.000,nbm0/St8w4GUlGA4,47.000,Cr1IDgtoIwjHadzo,68.000,uHgM+VdJzX93m/5O,112.000,h4OQZ7bMhp0Pbd5V,131.000,UfIL2xPYUWA3pa2i,133.000,jwNdRfwvt/DA6PNq,144.000,3ro8QLJh0yyykLyV,,,,,,
2,169,2026-04-05T09:35:46.036Z,169.000,7,18.000,Jg+7wzPVXO3fl6hF,37.000,WYac+BcEaEqjcD+O,66.000,0vdW+g6toC/h3nqI,95.000,nbm0/St8w4GUlGA4,104.000,Cr1IDgtoIwjHadzo,121.000,uHgM+VdJzX93m/5O,168.000,h4OQZ7bMhp0Pbd5V,,,,,,
2,170,2026-04-05T09:35:46.205Z,130.000,8,20.000,jwNdRfwvt/DA6PNq,24.000,UfIL2xPYUWA3pa2i,31.000,3ro8QLJh0yyykLyV,49.000,Jg+7wzPVXO3fl6hF,68.000,WYac+BcEaEqjcD+O,98.000,0vdW+g6toC/h3nqI,130.000,nbm0/St8w4GUlGA4,258.000,Cr1IDgtoIwjHadzo,,,,
2,171,2026-04-05T09:35:46.335Z,142.000,7,130.000,uHgM+VdJzX93m/5O,132.000,h4OQZ7bMhp0Pbd5V,134.000,UfIL2xPYUWA3pa2i,136.000,3ro8QLJh0yyykLyV,138.000,Jg+7wzPVXO3fl6hF,140.000,jwNdRfwvt/DA6PNq,142.000,WYac+BcEaEqjcD+O,,,,,,
2,172,2026-04-05T09:35:46.477Z,163.000,7,27.000,0vdW+g6toC/h3nqI,56.000,nbm0/St8w4GUlGA4,59.000,Cr1IDgtoIwjHadzo,84.000,uHgM+VdJzX93m/5O,129.000,h4OQZ7bMhp0Pbd5V,151.000,UfIL2xPYUWA3pa2i,162.000,3ro8QLJh0yyykLyV,,,,,,
2,173,2026-04-05T09:35:46.640Z,121.000,7,19.000,Jg+7wzPVXO3fl6hF,25.000,jwNdRfwvt/DA6PNq,35.000,WYac+BcEaEqjcD+O,94.000,nbm0/St8w4GUlGA4,100.000,0vdW+g6toC/h3nqI,103.000,Cr1IDgtoIwjHadzo,121.000,uHgM+VdJzX93m/5O,,,,,,
2,174,2026-04-05T09:35:46.761Z,147.000,9,65.000,h4OQZ7bMhp0Pbd5V,72.000,UfIL2xPYUWA3pa2i,80.000,3ro8QLJh0yyykLyV,141.000,Jg+7wzPVXO3fl6hF,143.000,WYac+BcEaEqjcD+O,145.000,jwNdRfwvt/DA6PNq,147.000,0vdW+g6toC/h3nqI,191.000,nbm0/St8w4GUlGA4,229.000,Cr1IDgtoIwjHadzo,,
2,175,2026-04-05T09:35:46.908Z,195.000,8,54.000,uHgM+VdJzX93m/5O,123.000,UfIL2xPYUWA3pa2i,123.000,h4OQZ7bMhp0Pbd5V,132.000,3ro8QLJh0yyykLyV,151.000,Jg+7wzPVXO3fl6hF,168.000,WYac+BcEaEqjcD+O,195.000,jwNdRfwvt/DA6PNq,198.000,0vdW+g6toC/h3nqI,,,,
2,176,2026-04-05T09:35:47.103Z,160.000,7,33.000,nbm0/St8w4GUlGA4,35.000,Cr1IDgtoIwjHadzo,61.000,uHgM+VdJzX93m/5O,126.000,h4OQZ7bMhp0Pbd5V,128.000,UfIL2xPYUWA3pa2i,137.000,3ro8QLJh0yyykLyV,160.000,Jg+7wzPVXO3fl6hF,,,,,,
2,177,2026-04-05T09:35:47.263Z,167.000,8,14.000,WYac+BcEaEqjcD+O,41.000,jwNdRfwvt/DA6PNq,44.000,0vdW+g6toC/h3nqI,73.000,nbm0/St8w4GUlGA4,76.000,Cr1IDgtoIwjHadzo,100.000,uHgM+VdJzX93m/5O,167.000,h4OQZ7bMhp0Pbd5V,169.000,UfIL2xPYUWA3pa2i,,,,
2,178,2026-04-05T09:35:47.430Z,109.000,7,12.000,3ro8QLJh0yyykLyV,32.000,Jg+7wzPVXO3fl6hF,51.000,WYac+BcEaEqjcD+O,76.000,jwNdRfwvt/DA6PNq,77.000,0vdW+g6toC/h3nqI,108.000,nbm0/St8w4GUlGA4,109.000,Cr1IDgtoIwjHadzo,,,,,,
2,179,2026-04-05T09:35:47.539Z,170.000,8,26.000,uHgM+VdJzX93m/5O,92.000,h4OQZ7bMhp0Pbd5V,94.000,UfIL2xPYUWA3pa2i,104.000,3ro8QLJh0yyykLyV,123.000,Jg+7wzPVXO3fl6hF,141.000,WYac+BcEaEqjcD+O,170.000,jwNdRfwvt/DA6PNq,171.000,0vdW+g6toC/h3nqI,,,,
2,180,2026-04-05T09:35:47.709Z,155.000,7,30.000,nbm0/St8w4GUlGA4,33.000,Cr1IDgtoIwjHadzo,58.000,uHgM+VdJzX93m/5O,125.000,h4OQZ7bMhp0Pbd5V,128.000,UfIL2xPYUWA3pa2i,135.000,3ro8QLJh0yyykLyV,154.000,Jg+7wzPVXO3fl6hF,,,,,,
2,181,2026-04-05T09:35:47.864Z,170.000,8,17.000,WYac+BcEaEqjcD+O,44.000,jwNdRfwvt/DA6PNq,45.000,0vdW+g6toC/h3nqI,77.000,nbm0/St8w4GUlGA4,79.000,Cr1IDgtoIwjHadzo,105.000,uHgM+VdJzX93m/5O,170.000,h4OQZ7bMhp0Pbd5V,171.000,UfIL2xPYUWA3pa2i,,,,
2,182,2026-04-05T09:35:48.034Z,109.000,7,11.000,3ro8QLJh0yyykLyV,34.000,Jg+7wzPVXO3fl6hF,48.000,WYac+BcEaEqjcD+O,75.000,jwNdRfwvt/DA6PNq,78.000,0vdW+g6toC/h3nqI,108.000,nbm0/St8w4GUlGA4,109.000,Cr1IDgtoIwjHadzo,,,,,,
2,183,2026-04-05T09:35:48.143Z,167.000,8,28.000,uHgM+VdJzX93m/5O,92.000,h4OQZ7bMhp0Pbd5V,96.000,UfIL2xPYUWA3pa2i,104.000,3ro8QLJh0yyykLyV,123.000,Jg+7wzPVXO3fl6hF,141.000,WYac+BcEaEqjcD+O,167.000,jwNdRfwvt/DA6PNq,172.000,0vdW+g6toC/h3nqI,,,,
2,184,2026-04-05T09:35:48.310Z,160.000,7,33.000,nbm0/St8w4GUlGA4,39.000,Cr1IDgtoIwjHadzo,62.000,uHgM+VdJzX93m/5O,126.000,h4OQZ7bMhp0Pbd5V,133.000,UfIL2xPYUWA3pa2i,139.000,3ro8QLJh0yyykLyV,160.000,Jg+7wzPVXO3fl6hF,,,,,,
2,185,2026-04-05T09:35:48.470Z,168.000,8,15.000,WYac+BcEaEqjcD+O,43.000,jwNdRfwvt/DA6PNq,46.000,0vdW+g6toC/h3nqI,74.000,nbm0/St8w4GUlGA4,77.000,Cr1IDgtoIwjHadzo,103.000,uHgM+VdJzX93m/5O,168.000,UfIL2xPYUWA3pa2i,169.000,h4OQZ7bMhp0Pbd5V,,,,
2,186,2026-04-05T09:35:48.638Z,110.000,7,13.000,3ro8QLJh0yyykLyV,80.000,Jg+7wzPVXO3fl6hF,82.000,WYac+BcEaEqjcD+O,83.000,0vdW+g6toC/h3nqI,84.000,jwNdRfwvt/DA6PNq,106.000,nbm0/St8w4GUlGA4,110.000,Cr1IDgtoIwjHadzo,,,,,,
2,187,2026-04-05T09:35:48.748Z,177.000,8,93.000,UfIL2xPYUWA3pa2i,96.000,h4OQZ7bMhp0Pbd5V,97.000,uHgM+VdJzX93m/5O,104.000,3ro8QLJh0yyykLyV,130.000,Jg+7wzPVXO3fl6hF,140.000,WYac+BcEaEqjcD+O,177.000,jwNdRfwvt/DA6PNq,197.000,0vdW+g6toC/h3nqI,,,,
2,188,2026-04-05T09:35:48.925Z,147.000,7,24.000,nbm0/St8w4GUlGA4,26.000,Cr1IDgtoIwjHadzo,66.000,uHgM+VdJzX93m/5O,116.000,h4OQZ7bMhp0Pbd5V,118.000,UfIL2xPYUWA3pa2i,140.000,3ro8QLJh0yyykLyV,147.000,Jg+7wzPVXO3fl6hF,,,,,,
2,189,2026-04-05T09:35:49.072Z,195.000,8,17.000,WYac+BcEaEqjcD+O,58.000,0vdW+g6toC/h3nqI,61.000,jwNdRfwvt/DA6PNq,76.000,Cr1IDgtoIwjHadzo,77.000,nbm0/St8w4GUlGA4,106.000,uHgM+VdJzX93m/5O,195.000,h4OQZ7bMhp0Pbd5V,196.000,UfIL2xPYUWA3pa2i,,,,
2,190,2026-04-05T09:35:49.267Z,84.000,7,2.000,3ro8QLJh0yyykLyV,5.000,Jg+7wzPVXO3fl6hF,22.000,WYac+BcEaEqjcD+O,50.000,0vdW+g6toC/h3nqI,61.000,jwNdRfwvt/DA6PNq,81.000,Cr1IDgtoIwjHadzo,84.000,nbm0/St8w4GUlGA4,,,,,,
2,191,2026-04-05T09:35:49.351Z,216.000,8,27.000,uHgM+VdJzX93m/5O,207.000,UfIL2xPYUWA3pa2i,208.000,h4OQZ7bMhp0Pbd5V,210.000,3ro8QLJh0yyykLyV,212.000,Jg+7wzPVXO3fl6hF,214.000,WYac+BcEaEqjcD+O,216.000,0vdW+g6toC/h3nqI,223.000,jwNdRfwvt/DA6PNq,,,,
2,192,2026-04-05T09:35:49.567Z,108.000,7,3.000,Cr1IDgtoIwjHadzo,5.000,nbm0/St8w4GUlGA4,13.000,uHgM+VdJzX93m/5O,76.000,UfIL2xPYUWA3pa2i,77.000,h4OQZ7bMhp0Pbd5V,94.000,3ro8QLJh0yyykLyV,107.000,Jg+7wzPVXO3fl6hF,,,,,,
2,193,2026-04-05T09:35:49.675Z,170.000,8,19.000,WYac+BcEaEqjcD+O,47.000,0vdW+g6toC/h3nqI,58.000,jwNdRfwvt/DA6PNq,77.000,nbm0/St8w4GUlGA4,107.000,uHgM+VdJzX93m/5O,153.000,Cr1IDgtoIwjHadzo,169.000,h4OQZ7bMhp0Pbd5V,171.000,UfIL2xPYUWA3pa2i,,,,
2,194,2026-04-05T09:35:49.845Z,111.000,7,17.000,3ro8QLJh0yyykLyV,35.000,Jg+7wzPVXO3fl6hF,49.000,WYac+BcEaEqjcD+O,78.000,0vdW+g6toC/h3nqI,83.000,jwNdRfwvt/DA6PNq,109.000,nbm0/St8w4GUlGA4,110.000,Cr1IDgtoIwjHadzo,,,,,,
2,195,2026-04-05T09:35:49.956Z,167.000,7,27.000,uHgM+VdJzX93m/5O,90.000,h4OQZ7bMhp0Pbd5V,92.000,UfIL2xPYUWA3pa2i,109.000,3ro8QLJh0yyykLyV,123.000,Jg+7wzPVXO3fl6hF,140.000,WYac+BcEaEqjcD+O,167.000,0vdW+g6toC/h3nqI,,,,,,
2,196,2026-04-05T09:35:50.123Z,144.000,7,5.000,jwNdRfwvt/DA6PNq,32.000,Cr1IDgtoIwjHadzo,33.000,nbm0/St8w4GUlGA4,60.000,uHgM+VdJzX93m/5O,123.000,h4OQZ7bMhp0Pbd5V,124.000,UfIL2xPYUWA3pa2i,144.000,3ro8QLJh0yyykLyV,,,,,,
2,197,2026-04-05T09:35:50.267Z,132.000,7,12.000,Jg+7wzPVXO3fl6hF,28.000,WYac+BcEaEqjcD+O,62.000,jwNdRfwvt/DA6PNq,64.000,0vdW+g6toC/h3nqI,129.000,nbm0/St8w4GUlGA4,131.000,Cr1IDgtoIwjHadzo,132.000,uHgM+VdJzX93m/5O,,,,,,
2,198,2026-04-05T09:35:50.399Z,132.000,7,49.000,h4OQZ7bMhp0Pbd5V,50.000,UfIL2xPYUWA3pa2i,70.000,3ro8QLJh0yyykLyV,81.000,Jg+7wzPVXO3fl6hF,99.000,WYac+BcEaEqjcD+O,126.000,0vdW+g6toC/h3nqI,132.000,jwNdRfwvt/DA6PNq,,,,,,
2,199,2026-04-05T09:35:50.531Z,151.000,7,26.000,Cr1IDgtoIwjHadzo,29.000,nbm0/St8w4GUlGA4,55.000,uHgM+VdJzX93m/5O,118.000,UfIL2xPYUWA3pa2i,119.000,h4OQZ7bMhp0Pbd5V,135.000,3ro8QLJh0yyykLyV,151.000,Jg+7wzPVXO3fl6hF,,,,,,
2,200,2026-04-05T09:35:50.682Z,169.000,8,18.000,WYac+BcEaEqjcD+O,43.000,0vdW+g6toC/h3nqI,48.000,jwNdRfwvt/DA6PNq,75.000,nbm0/St8w4GUlGA4,77.000,Cr1IDgtoIwjHadzo,105.000,uHgM+VdJzX93m/5O,169.000,UfIL2xPYUWA3pa2i,169.000,h4OQZ7bMhp0Pbd5V,,,,
2,201,2026-04-05T09:35:50.851Z,117.000,7,17.000,3ro8QLJh0yyykLyV,31.000,Jg+7wzPVXO3fl6hF,49.000,WYac+BcEaEqjcD+O,75.000,0vdW+g6toC/h3nqI,81.000,jwNdRfwvt/DA6PNq,107.000,Cr1IDgtoIwjHadzo,117.000,nbm0/St8w4GUlGA4,,,,,,
2,202,2026-04-05T09:35:50.968Z,159.000,7,20.000,uHgM+VdJzX93m/5O,83.000,h4OQZ7bMhp0Pbd5V,85.000,UfIL2xPYUWA3pa2i,101.000,3ro8QLJh0yyykLyV,114.000,Jg+7wzPVXO3fl6hF,134.000,WYac+BcEaEqjcD+O,159.000,0vdW+g6toC/h3nqI,,,,,,
2,203,2026-04-05T09:35:51.127Z,143.000,7,5.000,jwNdRfwvt/DA6PNq,31.000,Cr1IDgtoIwjHadzo,42.000,nbm0/St8w4GUlGA4,62.000,uHgM+VdJzX93m/5O,127.000,UfIL2xPYUWA3pa2i,128.000,h4OQZ7bMhp0Pbd5V,143.000,3ro8QLJh0yyykLyV,,,,,,
2,204,2026-04-05T09:35:51.270Z,121.000,7,15.000,Jg+7wzPVXO3fl6hF,33.000,WYac+BcEaEqjcD+O,58.000,0vdW+g6toC/h3nqI,63.000,jwNdRfwvt/DA6PNq,91.000,Cr1IDgtoIwjHadzo,99.000,nbm0/St8w4GUlGA4,121.000,uHgM+VdJzX93m/5O,,,,,,
2,205,2026-04-05T09:35:51.391Z,144.000,7,63.000,h4OQZ7bMhp0Pbd5V,64.000,UfIL2xPYUWA3pa2i,92.000,3ro8QLJh0yyykLyV,95.000,Jg+7wzPVXO3fl6hF,115.000,WYac+BcEaEqjcD+O,140.000,0vdW+g6toC/h3nqI,144.000,jwNdRfwvt/DA6PNq,,,,,,
2,206,2026-04-05T09:35:51.535Z,153.000,7,27.000,Cr1IDgtoIwjHadzo,35.000,nbm0/St8w4GUlGA4,58.000,uHgM+VdJzX93m/5O,119.000,h4OQZ7bMhp0Pbd5V,122.000,UfIL2xPYUWA3pa2i,149.000,3ro8QLJh0yyykLyV,153.000,Jg+7wzPVXO3fl6hF,,,,,,
2,207,2026-04-05T09:35:51.688Z,168.000,8,18.000,WYac+BcEaEqjcD+O,45.000,0vdW+g6toC/h3nqI,47.000,jwNdRfwvt/DA6PNq,74.000,Cr1IDgtoIwjHadzo,83.000,nbm0/St8w4GUlGA4,107.000,uHgM+VdJzX93m/5O,168.000,h4OQZ7bMhp0Pbd5V,169.000,UfIL2xPYUWA3pa2i,,,,
2,208,2026-04-05T09:35:51.856Z,117.000,7,19.000,3ro8QLJh0yyykLyV,31.000,Jg+7wzPVXO3fl6hF,53.000,WYac+BcEaEqjcD+O,79.000,0vdW+g6toC/h3nqI,81.000,jwNdRfwvt/DA6PNq,110.000,Cr1IDgtoIwjHadzo,117.000,nbm0/St8w4GUlGA4,,,,,,
2,209,2026-04-05T09:35:51.973Z,162.000,7,24.000,uHgM+VdJzX93m/5O,87.000,UfIL2xPYUWA3pa2i,88.000,h4OQZ7bMhp0Pbd5V,104.000,3ro8QLJh0yyykLyV,117.000,Jg+7wzPVXO3fl6hF,138.000,WYac+BcEaEqjcD+O,162.000,0vdW+g6toC/h3nqI,,,,,,
2,210,2026-04-05T09:35:52.135Z,143.000,7,4.000,jwNdRfwvt/DA6PNq,31.000,Cr1IDgtoIwjHadzo,39.000,nbm0/St8w4GUlGA4,62.000,uHgM+VdJzX93m/5O,125.000,UfIL2xPYUWA3pa2i,128.000,h4OQZ7bMhp0Pbd5V,142.000,3ro8QLJh0yyykLyV,,,,,,
2,211,2026-04-05T09:35:52.278Z,120.000,7,14.000,Jg+7wzPVXO3fl6hF,35.000,WYac+BcEaEqjcD+O,58.000,0vdW+g6toC/h3nqI,101.000,jwNdRfwvt/DA6PNq,102.000,Cr1IDgtoIwjHadzo,103.000,nbm0/St8w4GUlGA4,120.000,uHgM+VdJzX93m/5O,,,,,,
2,212,2026-04-05T09:35:52.398Z,143.000,7,63.000,h4OQZ7bMhp0Pbd5V,63.000,UfIL2xPYUWA3pa2i,84.000,3ro8QLJh0yyykLyV,94.000,Jg+7wzPVXO3fl6hF,115.000,WYac+BcEaEqjcD+O,139.000,0vdW+g6toC/h3nqI,143.000,jwNdRfwvt/DA6PNq,,,,,,
2,213,2026-04-05T09:35:52.541Z,163.000,7,27.000,Cr1IDgtoIwjHadzo,35.000,nbm0/St8w4GUlGA4,61.000,uHgM+VdJzX93m/5O,122.000,h4OQZ7bMhp0Pbd5V,122.000,UfIL2xPYUWA3pa2i,142.000,3ro8QLJh0yyykLyV,163.000,Jg+7wzPVXO3fl6hF,,,,,,
2,214,2026-04-05T09:35:52.704Z,161.000,8,10.000,WYac+BcEaEqjcD+O,36.000,0vdW+g6toC/h3nqI,39.000,jwNdRfwvt/DA6PNq,66.000,Cr1IDgtoIwjHadzo,75.000,nbm0/St8w4GUlGA4,98.000,uHgM+VdJzX93m/5O,161.000,UfIL2xPYUWA3pa2i,162.000,h4OQZ7bMhp0Pbd5V,,,,
2,215,2026-04-05T09:35:52.865Z,120.000,7,16.000,3ro8QLJh0yyykLyV,40.000,Jg+7wzPVXO3fl6hF,51.000,WYac+BcEaEqjcD+O,75.000,0vdW+g6toC/h3nqI,80.000,jwNdRfwvt/DA6PNq,107.000,Cr1IDgtoIwjHadzo,119.000,nbm0/St8w4GUlGA4,,,,,,
2,216,2026-04-05T09:35:52.985Z,161.000,8,18.000,uHgM+VdJzX93m/5O,82.000,UfIL2xPYUWA3pa2i,84.000,h4OQZ7bMhp0Pbd5V,101.000,3ro8QLJh0yyykLyV,120.000,Jg+7wzPVXO3fl6hF,136.000,WYac+BcEaEqjcD+O,161.000,jwNdRfwvt/DA6PNq,245.000,0vdW+g6toC/h3nqI,,,,
2,217,2026-04-05T09:35:53.146Z,163.000,7,25.000,Cr1IDgtoIwjHadzo,35.000,nbm0/St8w4GUlGA4,56.000,uHgM+VdJzX93m/5O,120.000,h4OQZ7bMhp0Pbd5V,121.000,UfIL2xPYUWA3pa2i,141.000,3ro8QLJh0yyykLyV,163.000,Jg+7wzPVXO3fl6hF,,,,,,
2,218,2026-04-05T09:35:53.309Z,161.000,8,9.000,WYac+BcEaEqjcD+O,37.000,jwNdRfwvt/DA6PNq,66.000,Cr1IDgtoIwjHadzo,73.000,nbm0/St8w4GUlGA4,97.000,uHgM+VdJzX93m/5O,113.000,0vdW+g6toC/h3nqI,160.000,UfIL2xPYUWA3pa2i,167.000,h4OQZ7bMhp0Pbd5V,,,,
2,219,2026-04-05T09:35:53.470Z,137.000,7,15.000,3ro8QLJh0yyykLyV,40.000,Jg+7wzPVXO3fl6hF,46.000,WYac+BcEaEqjcD+O,79.000,jwNdRfwvt/DA6PNq,113.000,nbm0/St8w4GUlGA4,116.000,Cr1IDgtoIwjHadzo,137.000,uHgM+VdJzX93m/5O,,,,,,
2,220,2026-04-05T09:35:53.607Z,143.000,7,18.000,0vdW+g6toC/h3nqI,63.000,h4OQZ7bMhp0Pbd5V,66.000,UfIL2xPYUWA3pa2i,79.000,3ro8QLJh0yyykLyV,104.000,Jg+7wzPVXO3fl6hF,112.000,WYac+BcEaEqjcD+O,143.000,jwNdRfwvt/DA6PNq,,,,,,
2,221,2026-04-05T09:35:53.750Z,138.000,7,27.000,Cr1IDgtoIwjHadzo,35.000,nbm0/St8w4GUlGA4,60.000,uHgM+VdJzX93m/5O,74.000,0vdW+g6toC/h3nqI,120.000,h4OQZ7bMhp0Pbd5V,121.000,UfIL2xPYUWA3pa2i,138.000,3ro8QLJh0yyykLyV,,,,,,
2,222,2026-04-05T09:35:53.888Z,138.000,7,26.000,Jg+7wzPVXO3fl6hF,36.000,WYac+BcEaEqjcD+O,63.000,jwNdRfwvt/DA6PNq,87.000,Cr1IDgtoIwjHadzo,96.000,nbm0/St8w4GUlGA4,120.000,uHgM+VdJzX93m/5O,138.000,0vdW+g6toC/h3nqI,,,,,,
2,223,2026-04-05T09:35:54.026Z,153.000,7,43.000,UfIL2xPYUWA3pa2i,44.000,h4OQZ7bMhp0Pbd5V,61.000,3ro8QLJh0yyykLyV,86.000,Jg+7wzPVXO3fl6hF,102.000,WYac+BcEaEqjcD+O,126.000,jwNdRfwvt/DA6PNq,153.000,Cr1IDgtoIwjHadzo,,,,,,
2,224,2026-04-05T09:35:54.179Z,135.000,7,6.000,nbm0/St8w4GUlGA4,31.000,uHgM+VdJzX93m/5O,48.000,0vdW+g6toC/h3nqI,93.000,UfIL2xPYUWA3pa2i,94.000,h4OQZ7bMhp0Pbd5V,110.000,3ro8QLJh0yyykLyV,135.000,Jg+7wzPVXO3fl6hF,,,,,,
2,225,2026-04-05T09:35:54.314Z,161.000,8,10.000,WYac+BcEaEqjcD+O,41.000,jwNdRfwvt/DA6PNq,65.000,Cr1IDgtoIwjHadzo,73.000,nbm0/St8w4GUlGA4,99.000,uHgM+VdJzX93m/5O,121.000,0vdW+g6toC/h3nqI,161.000,UfIL2xPYUWA3pa2i,164.000,h4OQZ7bMhp0Pbd5V,,,,
2,226,2026-04-05T09:35:54.475Z,155.000,8,16.000,3ro8QLJh0yyykLyV,41.000,Jg+7wzPVXO3fl6hF,49.000,WYac+BcEaEqjcD+O,95.000,jwNdRfwvt/DA6PNq,114.000,nbm0/St8w4GUlGA4,139.000,uHgM+VdJzX93m/5O,155.000,0vdW+g6toC/h3nqI,166.000,Cr1IDgtoIwjHadzo,,,,
2,227,2026-04-05T09:35:54.630Z,149.000,7,44.000,UfIL2xPYUWA3pa2i,45.000,h4OQZ7bMhp0Pbd5V,61.000,3ro8QLJh0yyykLyV,87.000,Jg+7wzPVXO3fl6hF,94.000,WYac+BcEaEqjcD+O,139.000,jwNdRfwvt/DA6PNq,149.000,Cr1IDgtoIwjHadzo,,,,,,
2,228,2026-04-05T09:35:54.779Z,139.000,7,10.000,nbm0/St8w4GUlGA4,51.000,0vdW+g6toC/h3nqI,64.000,uHgM+VdJzX93m/5O,96.000,h4OQZ7bMhp0Pbd5V,96.000,UfIL2xPYUWA3pa2i,112.000,3ro8QLJh0yyykLyV,139.000,Jg+7wzPVXO3fl6hF,,,,,,
2,229,2026-04-05T09:35:54.918Z,158.000,8,8.000,WYac+BcEaEqjcD+O,53.000,jwNdRfwvt/DA6PNq,65.000,Cr1IDgtoIwjHadzo,72.000,nbm0/St8w4GUlGA4,96.000,uHgM+VdJzX93m/5O,112.000,0vdW+g6toC/h3nqI,158.000,UfIL2xPYUWA3pa2i,159.000,h4OQZ7bMhp0Pbd5V,,,,
2,230,2026-04-05T09:35:55.076Z,141.000,7,18.000,3ro8QLJh0yyykLyV,44.000,Jg+7wzPVXO3fl6hF,58.000,WYac+BcEaEqjcD+O,95.000,jwNdRfwvt/DA6PNq,108.000,Cr1IDgtoIwjHadzo,115.000,nbm0/St8w4GUlGA4,141.000,uHgM+VdJzX93m/5O,,,,,,
2,231,2026-04-05T09:35:55.217Z,156.000,8,15.000,0vdW+g6toC/h3nqI,61.000,h4OQZ7bMhp0Pbd5V,65.000,UfIL2xPYUWA3pa2i,78.000,3ro8QLJh0yyykLyV,103.000,Jg+7wzPVXO3fl6hF,112.000,WYac+BcEaEqjcD+O,156.000,jwNdRfwvt/DA6PNq,213.000,uHgM+VdJzX93m/5O,,,,
2,232,2026-04-05T09:35:55.373Z,151.000,7,12.000,Cr1IDgtoIwjHadzo,19.000,nbm0/St8w4GUlGA4,60.000,0vdW+g6toC/h3nqI,146.000,h4OQZ7bMhp0Pbd5V,148.000,UfIL2xPYUWA3pa2i,149.000,3ro8QLJh0yyykLyV,151.000,Jg+7wzPVXO3fl6hF,,,,,,
2,233,2026-04-05T09:35:55.524Z,156.000,8,5.000,WYac+BcEaEqjcD+O,49.000,jwNdRfwvt/DA6PNq,61.000,Cr1IDgtoIwjHadzo,70.000,nbm0/St8w4GUlGA4,106.000,uHgM+VdJzX93m/5O,111.000,0vdW+g6toC/h3nqI,155.000,h4OQZ7bMhp0Pbd5V,166.000,UfIL2xPYUWA3pa2i,,,,
2,234,2026-04-05T09:35:55.680Z,150.000,7,18.000,3ro8QLJh0yyykLyV,46.000,Jg+7wzPVXO3fl6hF,53.000,WYac+BcEaEqjcD+O,96.000,jwNdRfwvt/DA6PNq,107.000,Cr1IDgtoIwjHadzo,114.000,nbm0/St8w4GUlGA4,150.000,uHgM+VdJzX93m/5O,,,,,,
2,235,2026-04-05T09:35:55.830Z,147.000,7,6.000,0vdW+g6toC/h3nqI,49.000,h4OQZ7bMhp0Pbd5V,52.000,UfIL2xPYUWA3pa2i,69.000,3ro8QLJh0yyykLyV,94.000,Jg+7wzPVXO3fl6hF,103.000,WYac+BcEaEqjcD+O,147.000,jwNdRfwvt/DA6PNq,,,,,,
2,236,2026-04-05T09:35:55.977Z,124.000,7,13.000,Cr1IDgtoIwjHadzo,19.000,nbm0/St8w4GUlGA4,55.000,uHgM+VdJzX93m/5O,61.000,0vdW+g6toC/h3nqI,106.000,UfIL2xPYUWA3pa2i,111.000,h4OQZ7bMhp0Pbd5V,124.000,3ro8QLJh0yyykLyV,,,,,,
2,237,2026-04-05T09:35:56.101Z,138.000,7,24.000,Jg+7wzPVXO3fl6hF,33.000,WYac+BcEaEqjcD+O,87.000,jwNdRfwvt/DA6PNq,90.000,Cr1IDgtoIwjHadzo,97.000,nbm0/St8w4GUlGA4,133.000,uHgM+VdJzX93m/5O,138.000,0vdW+g6toC/h3nqI,,,,,,
2,238,2026-04-05T09:35:56.239Z,153.000,7,44.000,UfIL2xPYUWA3pa2i,46.000,h4OQZ7bMhp0Pbd5V,62.000,3ro8QLJh0yyykLyV,95.000,Jg+7wzPVXO3fl6hF,98.000,WYac+BcEaEqjcD+O,141.000,jwNdRfwvt/DA6PNq,152.000,Cr1IDgtoIwjHadzo,,,,,,
2,239,2026-04-05T09:35:56.392Z,144.000,8,5.000,nbm0/St8w4GUlGA4,42.000,uHgM+VdJzX93m/5O,48.000,0vdW+g6toC/h3nqI,92.000,UfIL2xPYUWA3pa2i,94.000,h4OQZ7bMhp0Pbd5V,133.000,3ro8QLJh0yyykLyV,144.000,Jg+7wzPVXO3fl6hF,145.000,WYac+BcEaEqjcD+O,,,,
2,240,2026-04-05T09:35:56.536Z,152.000,7,45.000,jwNdRfwvt/DA6PNq,57.000,Cr1IDgtoIwjHadzo,64.000,nbm0/St8w4GUlGA4,109.000,uHgM+VdJzX93m/5O,111.000,0vdW+g6toC/h3nqI,150.000,UfIL2xPYUWA3pa2i,152.000,h4OQZ7bMhp0Pbd5V,,,,,,
2,241,2026-04-05T09:35:56.688Z,149.000,7,16.000,3ro8QLJh0yyykLyV,49.000,Jg+7wzPVXO3fl6hF,50.000,WYac+BcEaEqjcD+O,95.000,jwNdRfwvt/DA6PNq,107.000,Cr1IDgtoIwjHadzo,113.000,nbm0/St8w4GUlGA4,149.000,uHgM+VdJzX93m/5O,,,,,,
2,242,2026-04-05T09:35:56.837Z,149.000,7,6.000,0vdW+g6toC/h3nqI,50.000,h4OQZ7bMhp0Pbd5V,54.000,UfIL2xPYUWA3pa2i,71.000,3ro8QLJh0yyykLyV,101.000,Jg+7wzPVXO3fl6hF,102.000,WYac+BcEaEqjcD+O,148.000,jwNdRfwvt/DA6PNq,,,,,,
2,243,2026-04-05T09:35:56.986Z,124.000,7,10.000,Cr1IDgtoIwjHadzo,18.000,nbm0/St8w4GUlGA4,52.000,uHgM+VdJzX93m/5O,60.000,0vdW+g6toC/h3nqI,103.000,UfIL2xPYUWA3pa2i,106.000,h4OQZ7bMhp0Pbd5V,123.000,3ro8QLJh0yyykLyV,,,,,,
2,244,2026-04-05T09:35:57.110Z,159.000,7,29.000,WYac+BcEaEqjcD+O,29.000,Jg+7wzPVXO3fl6hF,76.000,jwNdRfwvt/DA6PNq,87.000,Cr1IDgtoIwjHadzo,94.000,nbm0/St8w4GUlGA4,145.000,0vdW+g6toC/h3nqI,158.000,uHgM+VdJzX93m/5O,,,,,,
2,245,2026-04-05T09:35:57.269Z,130.000,7,21.000,UfIL2xPYUWA3pa2i,24.000,h4OQZ7bMhp0Pbd5V,41.000,3ro8QLJh0yyykLyV,71.000,Jg+7wzPVXO3fl6hF,74.000,WYac+BcEaEqjcD+O,117.000,jwNdRfwvt/DA6PNq,129.000,Cr1IDgtoIwjHadzo,,,,,,
2,246,2026-04-05T09:35:57.399Z,143.000,8,6.000,nbm0/St8w4GUlGA4,50.000,0vdW+g6toC/h3nqI,66.000,uHgM+VdJzX93m/5O,92.000,UfIL2xPYUWA3pa2i,93.000,h4OQZ7bMhp0Pbd5V,112.000,3ro8QLJh0yyykLyV,143.000,Jg+7wzPVXO3fl6hF,145.000,WYac+BcEaEqjcD+O,,,,
2,247,2026-04-05T09:35:57.542Z,152.000,7,46.000,jwNdRfwvt/DA6PNq,57.000,Cr1IDgtoIwjHadzo,65.000,nbm0/St8w4GUlGA4,106.000,0vdW+g6toC/h3nqI,125.000,uHgM+VdJzX93m/5O,149.000,UfIL2xPYUWA3pa2i,151.000,h4OQZ7bMhp0Pbd5V,,,,,,
2,248,2026-04-05T09:35:57.694Z,200.000,10,20.000,3ro8QLJh0yyykLyV,49.000,WYac+BcEaEqjcD+O,50.000,Jg+7wzPVXO3fl6hF,94.000,jwNdRfwvt/DA6PNq,107.000,Cr1IDgtoIwjHadzo,175.000,uHgM+VdJzX93m/5O,199.000,UfIL2xPYUWA3pa2i,200.000,h4OQZ7bMhp0Pbd5V,247.000,nbm0/St8w4GUlGA4,333.000,0vdW+g6toC/h3nqI
2,249,2026-04-05T09:35:57.894Z,176.000,7,21.000,3ro8QLJh0yyykLyV,76.000,WYac+BcEaEqjcD+O,87.000,Jg+7wzPVXO3fl6hF,104.000,jwNdRfwvt/DA6PNq,110.000,Cr1IDgtoIwjHadzo,116.000,nbm0/St8w4GUlGA4,176.000,uHgM+VdJzX93m/5O,,,,,,
2,250,2026-04-05T09:35:58.070Z,132.000,8,24.000,UfIL2xPYUWA3pa2i,25.000,h4OQZ7bMhp0Pbd5V,45.000,3ro8QLJh0yyykLyV,76.000,Jg+7wzPVXO3fl6hF,78.000,WYac+BcEaEqjcD+O,121.000,jwNdRfwvt/DA6PNq,132.000,0vdW+g6toC/h3nqI,134.000,Cr1IDgtoIwjHadzo,,,,
2,251,2026-04-05T09:35:58.202Z,146.000,7,13.000,nbm0/St8w4GUlGA4,70.000,uHgM+VdJzX93m/5O,93.000,h4OQZ7bMhp0Pbd5V,94.000,UfIL2xPYUWA3pa2i,115.000,3ro8QLJh0yyykLyV,144.000,WYac+BcEaEqjcD+O,146.000,Jg+7wzPVXO3fl6hF,,,,,,
2,252,2026-04-05T09:35:58.348Z,170.000,8,44.000,jwNdRfwvt/DA6PNq,53.000,0vdW+g6toC/h3nqI,59.000,Cr1IDgtoIwjHadzo,65.000,nbm0/St8w4GUlGA4,128.000,uHgM+VdJzX93m/5O,149.000,UfIL2xPYUWA3pa2i,170.000,3ro8QLJh0yyykLyV,175.000,h4OQZ7bMhp0Pbd5V,,,,
2,253,2026-04-05T09:35:58.518Z,155.000,7,29.000,WYac+BcEaEqjcD+O,32.000,Jg+7wzPVXO3fl6hF,74.000,jwNdRfwvt/DA6PNq,85.000,0vdW+g6toC/h3nqI,90.000,Cr1IDgtoIwjHadzo,98.000,nbm0/St8w4GUlGA4,155.000,uHgM+VdJzX93m/5O,,,,,,
2,254,2026-04-05T09:35:58.673Z,131.000,7,25.000,UfIL2xPYUWA3pa2i,27.000,h4OQZ7bMhp0Pbd5V,45.000,3ro8QLJh0yyykLyV,76.000,WYac+BcEaEqjcD+O,77.000,Jg+7wzPVXO3fl6hF,121.000,jwNdRfwvt/DA6PNq,131.000,0vdW+g6toC/h3nqI,,,,,,
2,255,2026-04-05T09:35:58.804Z,145.000,8,4.000,Cr1IDgtoIwjHadzo,10.000,nbm0/St8w4GUlGA4,70.000,uHgM+VdJzX93m/5O,93.000,h4OQZ7bMhp0Pbd5V,95.000,UfIL2xPYUWA3pa2i,114.000,3ro8QLJh0yyykLyV,145.000,WYac+BcEaEqjcD+O,147.000,Jg+7wzPVXO3fl6hF,,,,
2,256,2026-04-05T09:35:58.949Z,152.000,7,46.000,jwNdRfwvt/DA6PNq,55.000,0vdW+g6toC/h3nqI,60.000,Cr1IDgtoIwjHadzo,66.000,nbm0/St8w4GUlGA4,126.000,uHgM+VdJzX93m/5O,151.000,h4OQZ7bMhp0Pbd5V,151.000,UfIL2xPYUWA3pa2i,,,,,,
2,257,2026-04-05T09:35:59.101Z,115.000,7,19.000,3ro8QLJh0yyykLyV,49.000,Jg+7wzPVXO3fl6hF,52.000,WYac+BcEaEqjcD+O,97.000,jwNdRfwvt/DA6PNq,103.000,0vdW+g6toC/h3nqI,109.000,Cr1IDgtoIwjHadzo,115.000,nbm0/St8w4GUlGA4,,,,,,
2,258,2026-04-05T09:35:59.216Z,183.000,7,60.000,uHgM+VdJzX93m/5O,84.000,h4OQZ7bMhp0Pbd5V,87.000,UfIL2xPYUWA3pa2i,105.000,3ro8QLJh0yyykLyV,136.000,Jg+7wzPVXO3fl6hF,137.000,WYac+BcEaEqjcD+O,182.000,jwNdRfwvt/DA6PNq,,,,,,
2,259,2026-04-05T09:35:59.399Z,122.000,7,8.000,0vdW+g6toC/h3nqI,13.000,Cr1IDgtoIwjHadzo,18.000,nbm0/St8w4GUlGA4,78.000,uHgM+VdJzX93m/5O,102.000,h4OQZ7bMhp0Pbd5V,104.000,UfIL2xPYUWA3pa2i,121.000,3ro8QLJh0yyykLyV,,,,,,
2,260,2026-04-05T09:35:59.521Z,182.000,7,156.000,WYac+BcEaEqjcD+O,157.000,Jg+7wzPVXO3fl6hF,159.000,0vdW+g6toC/h3nqI,160.000,nbm0/St8w4GUlGA4,162.000,jwNdRfwvt/DA6PNq,164.000,Cr1IDgtoIwjHadzo,182.000,UfIL2xPYUWA3pa2i,,,,,,
2,261,2026-04-05T09:35:59.703Z,386.000,7,19.000,3ro8QLJh0yyykLyV,116.000,nbm0/St8w4GUlGA4,140.000,Cr1IDgtoIwjHadzo,201.000,UfIL2xPYUWA3pa2i,378.000,Jg+7wzPVXO3fl6hF,382.000,WYac+BcEaEqjcD+O,386.000,0vdW+g6toC/h3nqI,,,,,,
2,262,2026-04-05T09:36:00.089Z,107.000,10,6.000,3ro8QLJh0yyykLyV,17.000,UfIL2xPYUWA3pa2i,57.000,nbm0/St8w4GUlGA4,91.000,0vdW+g6toC/h3nqI,102.000,Jg+7wzPVXO3fl6hF,103.000,jwNdRfwvt/DA6PNq,106.000,uHgM+VdJzX93m/5O,111.000,h4OQZ7bMhp0Pbd5V,112.000,Cr1IDgtoIwjHadzo,162.000,WYac+BcEaEqjcD+O
2,263,2026-04-05T09:36:00.196Z,109.000,9,98.000,0vdW+g6toC/h3nqI,102.000,3ro8QLJh0yyykLyV,103.000,jwNdRfwvt/DA6PNq,105.000,nbm0/St8w4GUlGA4,107.000,Cr1IDgtoIwjHadzo,108.000,uHgM+VdJzX93m/5O,109.000,Jg+7wzPVXO3fl6hF,114.000,h4OQZ7bMhp0Pbd5V,116.000,UfIL2xPYUWA3pa2i,,
2,264,2026-04-05T09:36:00.305Z,198.000,9,139.000,WYac+BcEaEqjcD+O,193.000,0vdW+g6toC/h3nqI,194.000,3ro8QLJh0yyykLyV,195.000,nbm0/St8w4GUlGA4,196.000,jwNdRfwvt/DA6PNq,197.000,uHgM+VdJzX93m/5O,198.000,Cr1IDgtoIwjHadzo,203.000,Jg+7wzPVXO3fl6hF,212.000,h4OQZ7bMhp0Pbd5V,,
2,265,2026-04-05T09:36:00.503Z,486.000,7,6.000,UfIL2xPYUWA3pa2i,194.000,nbm0/St8w4GUlGA4,195.000,3ro8QLJh0yyykLyV,197.000,Cr1IDgtoIwjHadzo,476.000,WYac+BcEaEqjcD+O,478.000,h4OQZ7bMhp0Pbd5V,486.000,uHgM+VdJzX93m/5O,,,,,,
2,266,2026-04-05T09:36:00.989Z,92.000,10,6.000,UfIL2xPYUWA3pa2i,8.000,nbm0/St8w4GUlGA4,9.000,Cr1IDgtoIwjHadzo,77.000,uHgM+VdJzX93m/5O,84.000,3ro8QLJh0yyykLyV,91.000,0vdW+g6toC/h3nqI,91.000,jwNdRfwvt/DA6PNq,94.000,h4OQZ7bMhp0Pbd5V,99.000,Jg+7wzPVXO3fl6hF,101.000,WYac+BcEaEqjcD+O
2,267,2026-04-05T09:36:01.081Z,123.000,9,112.000,jwNdRfwvt/DA6PNq,114.000,uHgM+VdJzX93m/5O,117.000,nbm0/St8w4GUlGA4,119.000,UfIL2xPYUWA3pa2i,120.000,Cr1IDgtoIwjHadzo,122.000,h4OQZ7bMhp0Pbd5V,123.000,0vdW+g6toC/h3nqI,126.000,WYac+BcEaEqjcD+O,129.000,Jg+7wzPVXO3fl6hF,,
2,268,2026-04-05T09:36:01.204Z,205.000,10,67.000,3ro8QLJh0yyykLyV,195.000,Cr1IDgtoIwjHadzo,196.000,uHgM+VdJzX93m/5O,197.000,UfIL2xPYUWA3pa2i,200.000,nbm0/St8w4GUlGA4,203.000,Jg+7wzPVXO3fl6hF,204.000,h4OQZ7bMhp0Pbd5V,206.000,0vdW+g6toC/h3nqI,208.000,WYac+BcEaEqjcD+O,209.000,jwNdRfwvt/DA6PNq
2,269,2026-04-05T09:36:01.409Z,598.000,8,63.000,3ro8QLJh0yyykLyV,192.000,nbm0/St8w4GUlGA4,193.000,UfIL2xPYUWA3pa2i,195.000,Cr1IDgtoIwjHadzo,585.000,h4OQZ7bMhp0Pbd5V,589.000,jwNdRfwvt/DA6PNq,597.000,uHgM+VdJzX93m/5O,606.000,WYac+BcEaEqjcD+O,,,,
2,270,2026-04-05T09:36:02.007Z,114.000,10,6.000,nbm0/St8w4GUlGA4,8.000,3ro8QLJh0yyykLyV,19.000,Cr1IDgtoIwjHadzo,85.000,UfIL2xPYUWA3pa2i,108.000,Jg+7wzPVXO3fl6hF,109.000,jwNdRfwvt/DA6PNq,113.000,h4OQZ7bMhp0Pbd5V,115.000,0vdW+g6toC/h3nqI,120.000,uHgM+VdJzX93m/5O,124.000,WYac+BcEaEqjcD+O
2,271,2026-04-05T09:36:02.121Z,105.000,9,96.000,0vdW+g6toC/h3nqI,98.000,uHgM+VdJzX93m/5O,98.000,jwNdRfwvt/DA6PNq,100.000,Jg+7wzPVXO3fl6hF,101.000,3ro8QLJh0yyykLyV,103.000,Cr1IDgtoIwjHadzo,104.000,h4OQZ7bMhp0Pbd5V,106.000,nbm0/St8w4GUlGA4,110.000,WYac+BcEaEqjcD+O,,
2,272,2026-04-05T09:36:02.226Z,589.000,7,56.000,UfIL2xPYUWA3pa2i,191.000,nbm0/St8w4GUlGA4,192.000,Cr1IDgtoIwjHadzo,193.000,3ro8QLJh0yyykLyV,584.000,uHgM+VdJzX93m/5O,587.000,jwNdRfwvt/DA6PNq,589.000,h4OQZ7bMhp0Pbd5V,,,,,,
2,273,2026-04-05T09:36:02.815Z,102.000,10,6.000,UfIL2xPYUWA3pa2i,7.000,Cr1IDgtoIwjHadzo,8.000,3ro8QLJh0yyykLyV,10.000,nbm0/St8w4GUlGA4,92.000,h4OQZ7bMhp0Pbd5V,96.000,jwNdRfwvt/DA6PNq,102.000,uHgM+VdJzX93m/5O,104.000,Jg+7wzPVXO3fl6hF,106.000,0vdW+g6toC/h3nqI,108.000,WYac+BcEaEqjcD+O
2,274,2026-04-05T09:36:02.917Z,114.000,10,105.000,Cr1IDgtoIwjHadzo,106.000,uHgM+VdJzX93m/5O,108.000,3ro8QLJh0yyykLyV,110.000,nbm0/St8w4GUlGA4,110.000,jwNdRfwvt/DA6PNq,112.000,0vdW+g6toC/h3nqI,113.000,WYac+BcEaEqjcD+O,115.000,UfIL2xPYUWA3pa2i,116.000,h4OQZ7bMhp0Pbd5V,117.000,Jg+7wzPVXO3fl6hF
2,275,2026-04-05T09:36:03.031Z,762.000,7,192.000,nbm0/St8w4GUlGA4,193.000,3ro8QLJh0yyykLyV,194.000,UfIL2xPYUWA3pa2i,197.000,h4OQZ7bMhp0Pbd5V,200.000,Cr1IDgtoIwjHadzo,760.000,WYac+BcEaEqjcD+O,761.000,uHgM+VdJzX93m/5O,,,,,,
2,276,2026-04-05T09:36:03.793Z,333.000,7,3.000,3ro8QLJh0yyykLyV,4.000,UfIL2xPYUWA3pa2i,20.000,Cr1IDgtoIwjHadzo,21.000,h4OQZ7bMhp0Pbd5V,324.000,0vdW+g6toC/h3nqI,328.000,nbm0/St8w4GUlGA4,333.000,uHgM+VdJzX93m/5O,,,,,,
2,277,2026-04-05T09:36:04.126Z,635.000,7,46.000,nbm0/St8w4GUlGA4,82.000,Cr1IDgtoIwjHadzo,83.000,UfIL2xPYUWA3pa2i,88.000,3ro8QLJh0yyykLyV,631.000,uHgM+VdJzX93m/5O,633.000,Jg+7wzPVXO3fl6hF,635.000,h4OQZ7bMhp0Pbd5V,,,,,,
2,278,2026-04-05T09:36:04.761Z,322.000,7,4.000,jwNdRfwvt/DA6PNq,12.000,h4OQZ7bMhp0Pbd5V,15.000,UfIL2xPYUWA3pa2i,110.000,Cr1IDgtoIwjHadzo,155.000,3ro8QLJh0yyykLyV,230.000,Jg+7wzPVXO3fl6hF,322.000,WYac+BcEaEqjcD+O,,,,,,
2,279,2026-04-05T09:36:05.083Z,862.000,7,137.000,Cr1IDgtoIwjHadzo,139.000,3ro8QLJh0yyykLyV,146.000,nbm0/St8w4GUlGA4,496.000,UfIL2xPYUWA3pa2i,852.000,uHgM+VdJzX93m/5O,854.000,Jg+7wzPVXO3fl6hF,861.000,h4OQZ7bMhp0Pbd5V,,,,,,
2,280,2026-04-05T09:36:05.945Z,767.000,7,9.000,UfIL2xPYUWA3pa2i,40.000,h4OQZ7bMhp0Pbd5V,91.000,Cr1IDgtoIwjHadzo,360.000,uHgM+VdJzX93m/5O,362.000,0vdW+g6toC/h3nqI,758.000,3ro8QLJh0yyykLyV,767.000,nbm0/St8w4GUlGA4,,,,,,
2,281,2026-04-05T09:36:06.712Z,412.000,7,116.000,Cr1IDgtoIwjHadzo,129.000,UfIL2xPYUWA3pa2i,210.000,nbm0/St8w4GUlGA4,246.000,3ro8QLJh0yyykLyV,393.000,h4OQZ7bMhp0Pbd5V,408.000,jwNdRfwvt/DA6PNq,412.000,uHgM+VdJzX93m/5O,,,,,,
2,282,2026-04-05T09:36:07.124Z,891.000,7,717.000,nbm0/St8w4GUlGA4,727.000,h4OQZ7bMhp0Pbd5V,770.000,UfIL2xPYUWA3pa2i,773.000,Cr1IDgtoIwjHadzo,838.000,jwNdRfwvt/DA6PNq,843.000,3ro8QLJh0yyykLyV,891.000,WYac+BcEaEqjcD+O,,,,,,
2,283,2026-04-05T09:36:08.015Z,1014.000,7,5.000,Cr1IDgtoIwjHadzo,6.000,UfIL2xPYUWA3pa2i,9.000,nbm0/St8w4GUlGA4,843.000,h4OQZ7bMhp0Pbd5V,953.000,jwNdRfwvt/DA6PNq,1012.000,WYac+BcEaEqjcD+O,1014.000,3ro8QLJh0yyykLyV,,,,,,
2,284,2026-04-05T09:36:09.029Z,957.000,7,8.000,nbm0/St8w4GUlGA4,111.000,Cr1IDgtoIwjHadzo,141.000,UfIL2xPYUWA3pa2i,861.000,jwNdRfwvt/DA6PNq,922.000,h4OQZ7bMhp0Pbd5V,954.000,uHgM+VdJzX93m/5O,957.000,Jg+7wzPVXO3fl6hF,,,,,,
2,285,2026-04-05T09:36:09.986Z,938.000,9,117.000,nbm0/St8w4GUlGA4,767.000,UfIL2xPYUWA3pa2i,770.000,Cr1IDgtoIwjHadzo,865.000,uHgM+VdJzX93m/5O,878.000,Jg+7wzPVXO3fl6hF,879.000,jwNdRfwvt/DA6PNq,938.000,WYac+BcEaEqjcD+O,941.000,0vdW+g6toC/h3nqI,945.000,3ro8QLJh0yyykLyV,,
2,286,2026-04-05T09:36:10.924Z,1019.000,8,882.000,nbm0/St8w4GUlGA4,923.000,UfIL2xPYUWA3pa2i,951.000,jwNdRfwvt/DA6PNq,980.000,uHgM+VdJzX93m/5O,990.000,Jg+7wzPVXO3fl6hF,998.000,WYac+BcEaEqjcD+O,1019.000,0vdW+g6toC/h3nqI,1044.000,Cr1IDgtoIwjHadzo,,,,
2,287,2026-04-05T09:36:11.943Z,1025.000,7,538.000,UfIL2xPYUWA3pa2i,758.000,nbm0/St8w4GUlGA4,801.000,Cr1IDgtoIwjHadzo,988.000,uHgM+VdJzX93m/5O,1007.000,jwNdRfwvt/DA6PNq,1014.000,Jg+7wzPVXO3fl6hF,1025.000,0vdW+g6toC/h3nqI,,,,,,
2,288,2026-04-05T09:36:12.968Z,1025.000,7,450.000,3ro8QLJh0yyykLyV,929.000,nbm0/St8w4GUlGA4,929.000,Cr1IDgtoIwjHadzo,952.000,UfIL2xPYUWA3pa2i,1016.000,Jg+7wzPVXO3fl6hF,1024.000,uHgM+VdJzX93m/5O,1025.000,jwNdRfwvt/DA6PNq,,,,,,
2,289,2026-04-05T09:36:13.993Z,1634.000,8,864.000,nbm0/St8w4GUlGA4,922.000,Cr1IDgtoIwjHadzo,933.000,UfIL2xPYUWA3pa2i,1350.000,Jg+7wzPVXO3fl6hF,1391.000,0vdW+g6toC/h3nqI,1415.000,WYac+BcEaEqjcD+O,1634.000,jwNdRfwvt/DA6PNq,1635.000,h4OQZ7bMhp0Pbd5V,,,,
2,290,2026-04-05T09:36:15.627Z,1484.000,7,643.000,WYac+BcEaEqjcD+O,1026.000,0vdW+g6toC/h3nqI,1193.000,jwNdRfwvt/DA6PNq,1222.000,3ro8QLJh0yyykLyV,1296.000,h4OQZ7bMhp0Pbd5V,1449.000,uHgM+VdJzX93m/5O,1488.000,nbm0/St8w4GUlGA4,,,,,,
2,291,2026-04-05T09:36:17.111Z,1908.000,7,827.000,nbm0/St8w4GUlGA4,1026.000,h4OQZ7bMhp0Pbd5V,1075.000,UfIL2xPYUWA3pa2i,1437.000,Jg+7wzPVXO3fl6hF,1834.000,Cr1IDgtoIwjHadzo,1849.000,0vdW+g6toC/h3nqI,1908.000,jwNdRfwvt/DA6PNq,,,,,,
2,292,2026-04-05T09:36:19.019Z,2661.000,7,1732.000,h4OQZ7bMhp0Pbd5V,1813.000,3ro8QLJh0yyykLyV,1946.000,Cr1IDgtoIwjHadzo,2562.000,Jg+7wzPVXO3fl6hF,2615.000,0vdW+g6toC/h3nqI,2642.000,jwNdRfwvt/DA6PNq,2661.000,uHgM+VdJzX93m/5O,,,,,,
2,293,2026-04-05T09:36:21.680Z,2805.000,7,2437.000,3ro8QLJh0yyykLyV,2445.000,Jg+7wzPVXO3fl6hF,2483.000,UfIL2xPYUWA3pa2i,2493.000,h4OQZ7bMhp0Pbd5V,2496.000,nbm0/St8w4GUlGA4,2759.000,jwNdRfwvt/DA6PNq,2765.000,WYac+BcEaEqjcD+O,,,,,,
2,294,2026-04-05T09:36:24.485Z,3376.000,7,2967.000,jwNdRfwvt/DA6PNq,2972.000,Jg+7wzPVXO3fl6hF,2995.000,3ro8QLJh0yyykLyV,3061.000,Cr1IDgtoIwjHadzo,3068.000,UfIL2xPYUWA3pa2i,3369.000,h4OQZ7bMhp0Pbd5V,3376.000,nbm0/St8w4GUlGA4,,,,,,
2,295,2026-04-05T09:36:27.861Z,3902.000,7,3097.000,UfIL2xPYUWA3pa2i,3121.000,h4OQZ7bMhp0Pbd5V,3217.000,nbm0/St8w4GUlGA4,3684.000,jwNdRfwvt/DA6PNq,3781.000,uHgM+VdJzX93m/5O,3798.000,3ro8QLJh0yyykLyV,3902.000,Cr1IDgtoIwjHadzo,,,,,,
2,296,2026-04-05T09:36:31.763Z,5226.000,7,3603.000,nbm0/St8w4GUlGA4,4299.000,jwNdRfwvt/DA6PNq,4387.000,3ro8QLJh0yyykLyV,4446.000,uHgM+VdJzX93m/5O,4533.000,UfIL2xPYUWA3pa2i,4584.000,h4OQZ7bMhp0Pbd5V,5226.000,Jg+7wzPVXO3fl6hF,,,,,,
2,297,2026-04-05T09:36:36.989Z,5805.000,7,5479.000,0vdW+g6toC/h3nqI,5503.000,jwNdRfwvt/DA6PNq,5510.000,Cr1IDgtoIwjHadzo,5568.000,UfIL2xPYUWA3pa2i,5581.000,nbm0/St8w4GUlGA4,5803.000,3ro8QLJh0yyykLyV,5805.000,h4OQZ7bMhp0Pbd5V,,,,,,
2,298,2026-04-05T09:36:42.794Z,6958.000,7,5546.000,UfIL2xPYUWA3pa2i,6359.000,nbm0/St8w4GUlGA4,6620.000,jwNdRfwvt/DA6PNq,6682.000,h4OQZ7bMhp0Pbd5V,6751.000,3ro8QLJh0yyykLyV,6910.000,WYac+BcEaEqjcD+O,6957.000,0vdW+g6toC/h3nqI,,,,,,
2,299,2026-04-05T09:36:49.752Z,8217.000,7,7179.000,WYac+BcEaEqjcD+O,7875.000,0vdW+g6toC/h3nqI,7933.000,Cr1IDgtoIwjHadzo,7961.000,UfIL2xPYUWA3pa2i,8042.000,3ro8QLJh0yyykLyV,8049.000,nbm0/St8w4GUlGA4,8217.000,uHgM+VdJzX93m/5O,,,,,,
2,300,2026-04-05T09:36:57.969Z,8162.000,7,8109.000,nbm0/St8w4GUlGA4,8123.000,0vdW+g6toC/h3nqI,8132.000,WYac+BcEaEqjcD+O,8141.000,uHgM+VdJzX93m/5O,8153.000,h4OQZ7bMhp0Pbd5V,8160.000,UfIL2xPYUWA3pa2i,8161.000,3ro8QLJh0yyykLyV,,,,,,
2,301,2026-04-05T09:37:06.131Z,8524.000,7,7318.000,Cr1IDgtoIwjHadzo,8405.000,WYac+BcEaEqjcD+O,8418.000,jwNdRfwvt/DA6PNq,8447.000,uHgM+VdJzX93m/5O,8448.000,Jg+7wzPVXO3fl6hF,8513.000,3ro8QLJh0yyykLyV,8524.000,UfIL2xPYUWA3pa2i,,,,,,
2,302,2026-04-05T09:37:14.655Z,7765.000,7,6837.000,Cr1IDgtoIwjHadzo,6855.000,Jg+7wzPVXO3fl6hF,6913.000,UfIL2xPYUWA3pa2i,7505.000,uHgM+VdJzX93m/5O,7717.000,WYac+BcEaEqjcD+O,7741.000,jwNdRfwvt/DA6PNq,7765.000,h4OQZ7bMhp0Pbd5V,,,,,,
2,303,2026-04-05T09:37:22.420Z,8154.000,7,7112.000,Cr1IDgtoIwjHadzo,7127.000,UfIL2xPYUWA3pa2i,7397.000,uHgM+VdJzX93m/5O,7473.000,WYac+BcEaEqjcD+O,7551.000,nbm0/St8w4GUlGA4,7598.000,jwNdRfwvt/DA6PNq,8154.000,3ro8QLJh0yyykLyV,,,,,,
2,304,2026-04-05T09:37:30.574Z,,0,,,,,,,,,,,,,,,,,,,,
3,1,2026-04-05T09:35:07.245Z,8371.000,7,4682.000,nbm0/St8w4GUlGA4,4922.000,jwNdRfwvt/DA6PNq,6114.000,Cr1IDgtoIwjHadzo,6407.000,UfIL2xPYUWA3pa2i,7693.000,uHgM+VdJzX93m/5O,8370.000,0vdW+g6toC/h3nqI,8371.000,3ro8QLJh0yyykLyV,,,,,,
3,2,2026-04-05T09:35:15.616Z,10.000,7,3.000,3ro8QLJh0yyykLyV,3.000,UfIL2xPYUWA3pa2i,5.000,uHgM+VdJzX93m/5O,6.000,jwNdRfwvt/DA6PNq,7.000,Cr1IDgtoIwjHadzo,8.000,nbm0/St8w4GUlGA4,10.000,0vdW+g6toC/h3nqI,,,,,,
3,3,2026-04-05T09:35:15.626Z,206.000,7,195.000,jwNdRfwvt/DA6PNq,196.000,UfIL2xPYUWA3pa2i,197.000,3ro8QLJh0yyykLyV,199.000,uHgM+VdJzX93m/5O,201.000,Cr1IDgtoIwjHadzo,202.000,nbm0/St8w4GUlGA4,206.000,0vdW+g6toC/h3nqI,,,,,,
3,4,2026-04-05T09:35:15.832Z,202.000,7,193.000,3ro8QLJh0yyykLyV,194.000,UfIL2xPYUWA3pa2i,196.000,nbm0/St8w4GUlGA4,197.000,jwNdRfwvt/DA6PNq,199.000,Cr1IDgtoIwjHadzo,200.000,uHgM+VdJzX93m/5O,202.000,0vdW+g6toC/h3nqI,,,,,,
3,5,2026-04-05T09:35:16.034Z,202.000,7,191.000,3ro8QLJh0yyykLyV,193.000,UfIL2xPYUWA3pa2i,195.000,jwNdRfwvt/DA6PNq,197.000,nbm0/St8w4GUlGA4,198.000,Cr1IDgtoIwjHadzo,200.000,uHgM+VdJzX93m/5O,202.000,0vdW+g6toC/h3nqI,,,,,,
3,6,2026-04-05T09:35:16.236Z,201.000,8,190.000,UfIL2xPYUWA3pa2i,193.000,Cr1IDgtoIwjHadzo,194.000,jwNdRfwvt/DA6PNq,195.000,3ro8QLJh0yyykLyV,197.000,nbm0/St8w4GUlGA4,199.000,uHgM+VdJzX93m/5O,201.000,0vdW+g6toC/h3nqI,336.000,h4OQZ7bMhp0Pbd5V,,,,
3,7,2026-04-05T09:35:16.437Z,201.000,8,190.000,UfIL2xPYUWA3pa2i,193.000,jwNdRfwvt/DA6PNq,194.000,nbm0/St8w4GUlGA4,195.000,Cr1IDgtoIwjHadzo,197.000,3ro8QLJh0yyykLyV,199.000,h4OQZ7bMhp0Pbd5V,200.000,uHgM+VdJzX93m/5O,202.000,0vdW+g6toC/h3nqI,,,,
3,8,2026-04-05T09:35:16.638Z,200.000,8,190.000,UfIL2xPYUWA3pa2i,192.000,Cr1IDgtoIwjHadzo,194.000,nbm0/St8w4GUlGA4,195.000,3ro8QLJh0yyykLyV,197.000,jwNdRfwvt/DA6PNq,199.000,uHgM+VdJzX93m/5O,200.000,0vdW+g6toC/h3nqI,201.000,h4OQZ7bMhp0Pbd5V,,,,
3,9,2026-04-05T09:35:16.838Z,202.000,9,192.000,UfIL2xPYUWA3pa2i,193.000,3ro8QLJh0yyykLyV,195.000,uHgM+VdJzX93m/5O,197.000,nbm0/St8w4GUlGA4,198.000,Cr1IDgtoIwjHadzo,199.000,jwNdRfwvt/DA6PNq,202.000,0vdW+g6toC/h3nqI,204.000,h4OQZ7bMhp0Pbd5V,241.000,WYac+BcEaEqjcD+O,,
3,10,2026-04-05T09:35:17.040Z,200.000,9,191.000,UfIL2xPYUWA3pa2i,192.000,3ro8QLJh0yyykLyV,194.000,uHgM+VdJzX93m/5O,196.000,WYac+BcEaEqjcD+O,197.000,jwNdRfwvt/DA6PNq,199.000,nbm0/St8w4GUlGA4,200.000,Cr1IDgtoIwjHadzo,201.000,h4OQZ7bMhp0Pbd5V,203.000,0vdW+g6toC/h3nqI,,
3,11,2026-04-05T09:35:17.240Z,200.000,9,192.000,UfIL2xPYUWA3pa2i,193.000,3ro8QLJh0yyykLyV,195.000,WYac+BcEaEqjcD+O,196.000,jwNdRfwvt/DA6PNq,198.000,nbm0/St8w4GUlGA4,199.000,uHgM+VdJzX93m/5O,200.000,Cr1IDgtoIwjHadzo,203.000,0vdW+g6toC/h3nqI,205.000,h4OQZ7bMhp0Pbd5V,,
3,12,2026-04-05T09:35:17.440Z,203.000,9,193.000,3ro8QLJh0yyykLyV,195.000,uHgM+VdJzX93m/5O,196.000,UfIL2xPYUWA3pa2i,198.000,nbm0/St8w4GUlGA4,200.000,WYac+BcEaEqjcD+O,201.000,jwNdRfwvt/DA6PNq,202.000,Cr1IDgtoIwjHadzo,204.000,h4OQZ7bMhp0Pbd5V,205.000,0vdW+g6toC/h3nqI,,
3,13,2026-04-05T09:35:17.643Z,200.000,9,192.000,3ro8QLJh0yyykLyV,193.000,uHgM+VdJzX93m/5O,194.000,UfIL2xPYUWA3pa2i,196.000,jwNdRfwvt/DA6PNq,197.000,nbm0/St8w4GUlGA4,198.000,WYac+BcEaEqjcD+O,200.000,Cr1IDgtoIwjHadzo,203.000,0vdW+g6toC/h3nqI,204.000,h4OQZ7bMhp0Pbd5V,,
3,14,2026-04-05T09:35:17.843Z,202.000,9,192.000,uHgM+VdJzX93m/5O,194.000,3ro8QLJh0yyykLyV,196.000,UfIL2xPYUWA3pa2i,197.000,jwNdRfwvt/DA6PNq,199.000,WYac+BcEaEqjcD+O,200.000,nbm0/St8w4GUlGA4,202.000,Cr1IDgtoIwjHadzo,203.000,0vdW+g6toC/h3nqI,204.000,h4OQZ7bMhp0Pbd5V,,
3,15,2026-04-05T09:35:18.045Z,200.000,9,193.000,uHgM+VdJzX93m/5O,193.000,UfIL2xPYUWA3pa2i,195.000,3ro8QLJh0yyykLyV,196.000,nbm0/St8w4GUlGA4,197.000,jwNdRfwvt/DA6PNq,199.000,WYac+BcEaEqjcD+O,200.000,Cr1IDgtoIwjHadzo,202.000,0vdW+g6toC/h3nqI,204.000,h4OQZ7bMhp0Pbd5V,,
3,16,2026-04-05T09:35:18.245Z,202.000,10,193.000,uHgM+VdJzX93m/5O,195.000,Cr1IDgtoIwjHadzo,195.000,UfIL2xPYUWA3pa2i,197.000,3ro8QLJh0yyykLyV,198.000,jwNdRfwvt/DA6PNq,200.000,0vdW+g6toC/h3nqI,202.000,WYac+BcEaEqjcD+O,203.000,nbm0/St8w4GUlGA4,206.000,h4OQZ7bMhp0Pbd5V,354.000,Jg+7wzPVXO3fl6hF
3,17,2026-04-05T09:35:18.447Z,200.000,10,191.000,uHgM+VdJzX93m/5O,192.000,UfIL2xPYUWA3pa2i,194.000,WYac+BcEaEqjcD+O,195.000,nbm0/St8w4GUlGA4,197.000,3ro8QLJh0yyykLyV,198.000,jwNdRfwvt/DA6PNq,200.000,Cr1IDgtoIwjHadzo,201.000,0vdW+g6toC/h3nqI,206.000,h4OQZ7bMhp0Pbd5V,308.000,Jg+7wzPVXO3fl6hF
3,18,2026-04-05T09:35:18.647Z,201.000,10,192.000,uHgM+VdJzX93m/5O,195.000,WYac+BcEaEqjcD+O,196.000,UfIL2xPYUWA3pa2i,197.000,Cr1IDgtoIwjHadzo,199.000,3ro8QLJh0yyykLyV,200.000,nbm0/St8w4GUlGA4,201.000,0vdW+g6toC/h3nqI,203.000,jwNdRfwvt/DA6PNq,206.000,h4OQZ7bMhp0Pbd5V,310.000,Jg+7wzPVXO3fl6hF
3,19,2026-04-05T09:35:18.848Z,201.000,10,192.000,UfIL2xPYUWA3pa2i,194.000,WYac+BcEaEqjcD+O,196.000,uHgM+VdJzX93m/5O,197.000,Cr1IDgtoIwjHadzo,199.000,3ro8QLJh0yyykLyV,200.000,jwNdRfwvt/DA6PNq,201.000,nbm0/St8w4GUlGA4,203.000,0vdW+g6toC/h3nqI,207.000,h4OQZ7bMhp0Pbd5V,311.000,Jg+7wzPVXO3fl6hF
3,20,2026-04-05T09:35:19.049Z,202.000,10,193.000,UfIL2xPYUWA3pa2i,195.000,uHgM+VdJzX93m/5O,196.000,3ro8QLJh0yyykLyV,198.000,WYac+BcEaEqjcD+O,199.000,Cr1IDgtoIwjHadzo,200.000,nbm0/St8w4GUlGA4,201.000,jwNdRfwvt/DA6PNq,203.000,0vdW+g6toC/h3nqI,207.000,h4OQZ7bMhp0Pbd5V,311.000,Jg+7wzPVXO3fl6hF
3,21,2026-04-05T09:35:19.251Z,201.000,10,191.000,UfIL2xPYUWA3pa2i,194.000,WYac+BcEaEqjcD+O,195.000,nbm0/St8w4GUlGA4,196.000,uHgM+VdJzX93m/5O,198.000,3ro8QLJh0yyykLyV,199.000,jwNdRfwvt/DA6PNq,201.000,Cr1IDgtoIwjHadzo,202.000,0vdW+g6toC/h3nqI,206.000,h4OQZ7bMhp0Pbd5V,310.000,Jg+7wzPVXO3fl6hF
3,22,2026-04-05T09:35:19.452Z,199.000,10,189.000,UfIL2xPYUWA3pa2i,191.000,WYac+BcEaEqjcD+O,193.000,jwNdRfwvt/DA6PNq,195.000,uHgM+VdJzX93m/5O,196.000,3ro8QLJh0yyykLyV,197.000,Cr1IDgtoIwjHadzo,199.000,nbm0/St8w4GUlGA4,200.000,0vdW+g6toC/h3nqI,206.000,h4OQZ7bMhp0Pbd5V,310.000,Jg+7wzPVXO3fl6hF
3,23,2026-04-05T09:35:19.651Z,202.000,10,192.000,UfIL2xPYUWA3pa2i,194.000,3ro8QLJh0yyykLyV,196.000,WYac+BcEaEqjcD+O,197.000,nbm0/St8w4GUlGA4,198.000,jwNdRfwvt/DA6PNq,199.000,uHgM+VdJzX93m/5O,202.000,Cr1IDgtoIwjHadzo,203.000,0vdW+g6toC/h3nqI,207.000,h4OQZ7bMhp0Pbd5V,312.000,Jg+7wzPVXO3fl6hF
3,24,2026-04-05T09:35:19.853Z,200.000,9,189.000,UfIL2xPYUWA3pa2i,193.000,jwNdRfwvt/DA6PNq,195.000,3ro8QLJh0yyykLyV,197.000,nbm0/St8w4GUlGA4,198.000,WYac+BcEaEqjcD+O,199.000,Cr1IDgtoIwjHadzo,200.000,uHgM+VdJzX93m/5O,201.000,h4OQZ7bMhp0Pbd5V,202.000,0vdW+g6toC/h3nqI,,
3,25,2026-04-05T09:35:20.053Z,201.000,10,111.000,Jg+7wzPVXO3fl6hF,191.000,UfIL2xPYUWA3pa2i,195.000,jwNdRfwvt/DA6PNq,196.000,uHgM+VdJzX93m/5O,197.000,nbm0/St8w4GUlGA4,198.000,3ro8QLJh0yyykLyV,200.000,WYac+BcEaEqjcD+O,202.000,Cr1IDgtoIwjHadzo,203.000,0vdW+g6toC/h3nqI,207.000,h4OQZ7bMhp0Pbd5V
3,26,2026-04-05T09:35:20.254Z,199.000,10,112.000,Jg+7wzPVXO3fl6hF,190.000,UfIL2xPYUWA3pa2i,193.000,jwNdRfwvt/DA6PNq,195.000,3ro8QLJh0yyykLyV,196.000,Cr1IDgtoIwjHadzo,198.000,uHgM+VdJzX93m/5O,199.000,nbm0/St8w4GUlGA4,200.000,WYac+BcEaEqjcD+O,201.000,0vdW+g6toC/h3nqI,207.000,h4OQZ7bMhp0Pbd5V
3,27,2026-04-05T09:35:20.453Z,203.000,10,115.000,Jg+7wzPVXO3fl6hF,195.000,UfIL2xPYUWA3pa2i,198.000,jwNdRfwvt/DA6PNq,199.000,3ro8QLJh0yyykLyV,201.000,Cr1IDgtoIwjHadzo,202.000,uHgM+VdJzX93m/5O,203.000,nbm0/St8w4GUlGA4,205.000,WYac+BcEaEqjcD+O,207.000,0vdW+g6toC/h3nqI,209.000,h4OQZ7bMhp0Pbd5V
3,28,2026-04-05T09:35:20.656Z,198.000,10,113.000,Jg+7wzPVXO3fl6hF,191.000,UfIL2xPYUWA3pa2i,193.000,3ro8QLJh0yyykLyV,194.000,jwNdRfwvt/DA6PNq,195.000,nbm0/St8w4GUlGA4,197.000,WYac+BcEaEqjcD+O,198.000,Cr1IDgtoIwjHadzo,198.000,uHgM+VdJzX93m/5O,199.000,0vdW+g6toC/h3nqI,207.000,h4OQZ7bMhp0Pbd5V
3,29,2026-04-05T09:35:20.854Z,205.000,10,116.000,Jg+7wzPVXO3fl6hF,197.000,UfIL2xPYUWA3pa2i,199.000,WYac+BcEaEqjcD+O,201.000,3ro8QLJh0yyykLyV,202.000,jwNdRfwvt/DA6PNq,203.000,nbm0/St8w4GUlGA4,205.000,Cr1IDgtoIwjHadzo,206.000,uHgM+VdJzX93m/5O,208.000,0vdW+g6toC/h3nqI,210.000,h4OQZ7bMhp0Pbd5V
3,30,2026-04-05T09:35:21.059Z,201.000,10,112.000,Jg+7wzPVXO3fl6hF,194.000,UfIL2xPYUWA3pa2i,196.000,jwNdRfwvt/DA6PNq,197.000,3ro8QLJh0yyykLyV,199.000,WYac+BcEaEqjcD+O,200.000,nbm0/St8w4GUlGA4,201.000,uHgM+VdJzX93m/5O,203.000,Cr1IDgtoIwjHadzo,204.000,0vdW+g6toC/h3nqI,208.000,h4OQZ7bMhp0Pbd5V
3,31,2026-04-05T09:35:21.260Z,201.000,10,112.000,Jg+7wzPVXO3fl6hF,194.000,jwNdRfwvt/DA6PNq,195.000,UfIL2xPYUWA3pa2i,196.000,nbm0/St8w4GUlGA4,198.000,uHgM+VdJzX93m/5O,199.000,WYac+BcEaEqjcD+O,201.000,Cr1IDgtoIwjHadzo,202.000,3ro8QLJh0yyykLyV,204.000,0vdW+g6toC/h3nqI,205.000,h4OQZ7bMhp0Pbd5V
3,32,2026-04-05T09:35:21.461Z,199.000,10,128.000,Jg+7wzPVXO3fl6hF,190.000,UfIL2xPYUWA3pa2i,192.000,nbm0/St8w4GUlGA4,195.000,3ro8QLJh0yyykLyV,197.000,0vdW+g6toC/h3nqI,198.000,jwNdRfwvt/DA6PNq,199.000,uHgM+VdJzX93m/5O,200.000,Cr1IDgtoIwjHadzo,201.000,WYac+BcEaEqjcD+O,206.000,h4OQZ7bMhp0Pbd5V
3,33,2026-04-05T09:35:21.660Z,198.000,10,114.000,Jg+7wzPVXO3fl6hF,193.000,UfIL2xPYUWA3pa2i,194.000,jwNdRfwvt/DA6PNq,195.000,nbm0/St8w4GUlGA4,196.000,uHgM+VdJzX93m/5O,197.000,3ro8QLJh0yyykLyV,198.000,WYac+BcEaEqjcD+O,199.000,Cr1IDgtoIwjHadzo,200.000,0vdW+g6toC/h3nqI,208.000,h4OQZ7bMhp0Pbd5V
3,34,2026-04-05T09:35:21.858Z,204.000,10,117.000,Jg+7wzPVXO3fl6hF,197.000,UfIL2xPYUWA3pa2i,199.000,3ro8QLJh0yyykLyV,200.000,jwNdRfwvt/DA6PNq,201.000,WYac+BcEaEqjcD+O,203.000,Cr1IDgtoIwjHadzo,204.000,uHgM+VdJzX93m/5O,205.000,nbm0/St8w4GUlGA4,206.000,0vdW+g6toC/h3nqI,207.000,h4OQZ7bMhp0Pbd5V
3,35,2026-04-05T09:35:22.062Z,201.000,10,115.000,Jg+7wzPVXO3fl6hF,194.000,3ro8QLJh0yyykLyV,196.000,UfIL2xPYUWA3pa2i,197.000,nbm0/St8w4GUlGA4,198.000,Cr1IDgtoIwjHadzo,200.000,WYac+BcEaEqjcD+O,201.000,uHgM+VdJzX93m/5O,201.000,0vdW+g6toC/h3nqI,203.000,jwNdRfwvt/DA6PNq,208.000,h4OQZ7bMhp0Pbd5V
3,36,2026-04-05T09:35:22.263Z,203.000,10,115.000,Jg+7wzPVXO3fl6hF,196.000,UfIL2xPYUWA3pa2i,197.000,nbm0/St8w4GUlGA4,199.000,uHgM+VdJzX93m/5O,200.000,jwNdRfwvt/DA6PNq,201.000,3ro8QLJh0yyykLyV,202.000,Cr1IDgtoIwjHadzo,204.000,WYac+BcEaEqjcD+O,206.000,0vdW+g6toC/h3nqI,209.000,h4OQZ7bMhp0Pbd5V
3,37,2026-04-05T09:35:22.466Z,201.000,10,113.000,Jg+7wzPVXO3fl6hF,194.000,UfIL2xPYUWA3pa2i,196.000,nbm0/St8w4GUlGA4,197.000,WYac+BcEaEqjcD+O,198.000,jwNdRfwvt/DA6PNq,200.000,uHgM+VdJzX93m/5O,201.000,3ro8QLJh0yyykLyV,202.000,Cr1IDgtoIwjHadzo,204.000,0vdW+g6toC/h3nqI,207.000,h4OQZ7bMhp0Pbd5V
3,38,2026-04-05T09:35:22.667Z,201.000,10,113.000,Jg+7wzPVXO3fl6hF,194.000,UfIL2xPYUWA3pa2i,196.000,jwNdRfwvt/DA6PNq,197.000,nbm0/St8w4GUlGA4,198.000,uHgM+VdJzX93m/5O,199.000,Cr1IDgtoIwjHadzo,201.000,WYac+BcEaEqjcD+O,202.000,3ro8QLJh0yyykLyV,203.000,0vdW+g6toC/h3nqI,207.000,h4OQZ7bMhp0Pbd5V
3,39,2026-04-05T09:35:22.868Z,201.000,10,114.000,Jg+7wzPVXO3fl6hF,194.000,jwNdRfwvt/DA6PNq,194.000,UfIL2xPYUWA3pa2i,197.000,3ro8QLJh0yyykLyV,198.000,nbm0/St8w4GUlGA4,200.000,uHgM+VdJzX93m/5O,201.000,WYac+BcEaEqjcD+O,202.000,Cr1IDgtoIwjHadzo,205.000,0vdW+g6toC/h3nqI,206.000,h4OQZ7bMhp0Pbd5V
3,40,2026-04-05T09:35:23.069Z,202.000,10,114.000,Jg+7wzPVXO3fl6hF,195.000,nbm0/St8w4GUlGA4,195.000,UfIL2xPYUWA3pa2i,197.000,jwNdRfwvt/DA6PNq,198.000,uHgM+VdJzX93m/5O,200.000,Cr1IDgtoIwjHadzo,201.000,WYac+BcEaEqjcD+O,203.000,3ro8QLJh0yyykLyV,204.000,0vdW+g6toC/h3nqI,206.000,h4OQZ7bMhp0Pbd5V
3,41,2026-04-05T09:35:23.271Z,200.000,10,113.000,Jg+7wzPVXO3fl6hF,191.000,nbm0/St8w4GUlGA4,194.000,UfIL2xPYUWA3pa2i,197.000,WYac+BcEaEqjcD+O,198.000,Cr1IDgtoIwjHadzo,199.000,uHgM+VdJzX93m/5O,200.000,jwNdRfwvt/DA6PNq,201.000,3ro8QLJh0yyykLyV,203.000,0vdW+g6toC/h3nqI,207.000,h4OQZ7bMhp0Pbd5V
3,42,2026-04-05T09:35:23.471Z,202.000,10,114.000,Jg+7wzPVXO3fl6hF,193.000,nbm0/St8w4GUlGA4,194.000,jwNdRfwvt/DA6PNq,196.000,UfIL2xPYUWA3pa2i,198.000,Cr1IDgtoIwjHadzo,200.000,3ro8QLJh0yyykLyV,201.000,WYac+BcEaEqjcD+O,203.000,uHgM+VdJzX93m/5O,204.000,0vdW+g6toC/h3nqI,206.000,h4OQZ7bMhp0Pbd5V
3,43,2026-04-05T09:35:23.673Z,200.000,10,113.000,Jg+7wzPVXO3fl6hF,192.000,nbm0/St8w4GUlGA4,194.000,UfIL2xPYUWA3pa2i,196.000,uHgM+VdJzX93m/5O,197.000,jwNdRfwvt/DA6PNq,199.000,WYac+BcEaEqjcD+O,200.000,Cr1IDgtoIwjHadzo,202.000,0vdW+g6toC/h3nqI,203.000,3ro8QLJh0yyykLyV,206.000,h4OQZ7bMhp0Pbd5V
3,44,2026-04-05T09:35:23.873Z,201.000,10,114.000,Jg+7wzPVXO3fl6hF,194.000,nbm0/St8w4GUlGA4,195.000,UfIL2xPYUWA3pa2i,197.000,3ro8QLJh0yyykLyV,198.000,jwNdRfwvt/DA6PNq,199.000,Cr1IDgtoIwjHadzo,201.000,uHgM+VdJzX93m/5O,202.000,WYac+BcEaEqjcD+O,204.000,0vdW+g6toC/h3nqI,206.000,h4OQZ7bMhp0Pbd5V
3,45,2026-04-05T09:35:24.074Z,201.000,10,114.000,Jg+7wzPVXO3fl6hF,194.000,UfIL2xPYUWA3pa2i,196.000,jwNdRfwvt/DA6PNq,197.000,uHgM+VdJzX93m/5O,198.000,nbm0/St8w4GUlGA4,199.000,Cr1IDgtoIwjHadzo,201.000,3ro8QLJh0yyykLyV,202.000,WYac+BcEaEqjcD+O,204.000,0vdW+g6toC/h3nqI,206.000,h4OQZ7bMhp0Pbd5V
3,46,2026-04-05T09:35:24.275Z,202.000,10,114.000,Jg+7wzPVXO3fl6hF,194.000,UfIL2xPYUWA3pa2i,196.000,nbm0/St8w4GUlGA4,197.000,Cr1IDgtoIwjHadzo,199.000,jwNdRfwvt/DA6PNq,201.000,WYac+BcEaEqjcD+O,202.000,3ro8QLJh0yyykLyV,203.000,uHgM+VdJzX93m/5O,204.000,0vdW+g6toC/h3nqI,207.000,h4OQZ7bMhp0Pbd5V
3,47,2026-04-05T09:35:24.477Z,201.000,10,113.000,Jg+7wzPVXO3fl6hF,193.000,Cr1IDgtoIwjHadzo,194.000,UfIL2xPYUWA3pa2i,196.000,WYac+BcEaEqjcD+O,197.000,jwNdRfwvt/DA6PNq,199.000,nbm0/St8w4GUlGA4,201.000,3ro8QLJh0yyykLyV,202.000,uHgM+VdJzX93m/5O,203.000,0vdW+g6toC/h3nqI,206.000,h4OQZ7bMhp0Pbd5V
3,48,2026-04-05T09:35:24.678Z,201.000,10,114.000,Jg+7wzPVXO3fl6hF,192.000,Cr1IDgtoIwjHadzo,195.000,UfIL2xPYUWA3pa2i,197.000,3ro8QLJh0yyykLyV,199.000,nbm0/St8w4GUlGA4,200.000,WYac+BcEaEqjcD+O,201.000,jwNdRfwvt/DA6PNq,202.000,uHgM+VdJzX93m/5O,204.000,0vdW+g6toC/h3nqI,206.000,h4OQZ7bMhp0Pbd5V
3,49,2026-04-05T09:35:24.879Z,201.000,10,115.000,Jg+7wzPVXO3fl6hF,194.000,UfIL2xPYUWA3pa2i,195.000,Cr1IDgtoIwjHadzo,197.000,3ro8QLJh0yyykLyV,199.000,jwNdRfwvt/DA6PNq,200.000,WYac+BcEaEqjcD+O,201.000,uHgM+VdJzX93m/5O,202.000,nbm0/St8w4GUlGA4,204.000,0vdW+g6toC/h3nqI,206.000,h4OQZ7bMhp0Pbd5V
3,50,2026-04-05T09:35:25.080Z,201.000,10,115.000,Jg+7wzPVXO3fl6hF,193.000,UfIL2xPYUWA3pa2i,196.000,Cr1IDgtoIwjHadzo,197.000,uHgM+VdJzX93m/5O,198.000,nbm0/St8w4GUlGA4,199.000,3ro8QLJh0yyykLyV,201.000,jwNdRfwvt/DA6PNq,202.000,WYac+BcEaEqjcD+O,204.000,0vdW+g6toC/h3nqI,206.000,h4OQZ7bMhp0Pbd5V
3,51,2026-04-05T09:35:25.281Z,201.000,10,115.000,Jg+7wzPVXO3fl6hF,193.000,3ro8QLJh0yyykLyV,195.000,Cr1IDgtoIwjHadzo,196.000,UfIL2xPYUWA3pa2i,197.000,nbm0/St8w4GUlGA4,200.000,WYac+BcEaEqjcD+O,201.000,uHgM+VdJzX93m/5O,202.000,jwNdRfwvt/DA6PNq,204.000,0vdW+g6toC/h3nqI,206.000,h4OQZ7bMhp0Pbd5V
3,52,2026-04-05T09:35:25.482Z,202.000,10,115.000,Jg+7wzPVXO3fl6hF,194.000,UfIL2xPYUWA3pa2i,196.000,uHgM+VdJzX93m/5O,197.000,3ro8QLJh0yyykLyV,199.000,jwNdRfwvt/DA6PNq,201.000,Cr1IDgtoIwjHadzo,202.000,nbm0/St8w4GUlGA4,203.000,WYac+BcEaEqjcD+O,204.000,0vdW+g6toC/h3nqI,206.000,h4OQZ7bMhp0Pbd5V
3,53,2026-04-05T09:35:25.684Z,201.000,10,114.000,Jg+7wzPVXO3fl6hF,192.000,nbm0/St8w4GUlGA4,194.000,UfIL2xPYUWA3pa2i,196.000,3ro8QLJh0yyykLyV,198.000,jwNdRfwvt/DA6PNq,199.000,Cr1IDgtoIwjHadzo,200.000,uHgM+VdJzX93m/5O,202.000,WYac+BcEaEqjcD+O,203.000,0vdW+g6toC/h3nqI,205.000,h4OQZ7bMhp0Pbd5V
3,54,2026-04-05T09:35:25.885Z,201.000,10,114.000,Jg+7wzPVXO3fl6hF,193.000,UfIL2xPYUWA3pa2i,194.000,uHgM+VdJzX93m/5O,196.000,3ro8QLJh0yyykLyV,197.000,jwNdRfwvt/DA6PNq,199.000,nbm0/St8w4GUlGA4,201.000,Cr1IDgtoIwjHadzo,202.000,WYac+BcEaEqjcD+O,203.000,0vdW+g6toC/h3nqI,205.000,h4OQZ7bMhp0Pbd5V
3,55,2026-04-05T09:35:26.086Z,201.000,10,114.000,Jg+7wzPVXO3fl6hF,193.000,uHgM+VdJzX93m/5O,194.000,UfIL2xPYUWA3pa2i,196.000,jwNdRfwvt/DA6PNq,197.000,3ro8QLJh0yyykLyV,199.000,nbm0/St8w4GUlGA4,200.000,WYac+BcEaEqjcD+O,202.000,Cr1IDgtoIwjHadzo,203.000,0vdW+g6toC/h3nqI,205.000,h4OQZ7bMhp0Pbd5V
3,56,2026-04-05T09:35:26.287Z,201.000,10,114.000,Jg+7wzPVXO3fl6hF,193.000,uHgM+VdJzX93m/5O,194.000,UfIL2xPYUWA3pa2i,196.000,3ro8QLJh0yyykLyV,197.000,jwNdRfwvt/DA6PNq,199.000,Cr1IDgtoIwjHadzo,200.000,WYac+BcEaEqjcD+O,202.000,0vdW+g6toC/h3nqI,203.000,nbm0/St8w4GUlGA4,205.000,h4OQZ7bMhp0Pbd5V
3,57,2026-04-05T09:35:26.488Z,200.000,10,114.000,Jg+7wzPVXO3fl6hF,193.000,uHgM+VdJzX93m/5O,194.000,3ro8QLJh0yyykLyV,196.000,nbm0/St8w4GUlGA4,197.000,UfIL2xPYUWA3pa2i,198.000,jwNdRfwvt/DA6PNq,200.000,Cr1IDgtoIwjHadzo,201.000,WYac+BcEaEqjcD+O,203.000,0vdW+g6toC/h3nqI,206.000,h4OQZ7bMhp0Pbd5V
3,58,2026-04-05T09:35:26.688Z,201.000,10,115.000,Jg+7wzPVXO3fl6hF,194.000,UfIL2xPYUWA3pa2i,196.000,jwNdRfwvt/DA6PNq,197.000,3ro8QLJh0yyykLyV,198.000,WYac+BcEaEqjcD+O,200.000,uHgM+VdJzX93m/5O,201.000,0vdW+g6toC/h3nqI,202.000,Cr1IDgtoIwjHadzo,203.000,nbm0/St8w4GUlGA4,207.000,h4OQZ7bMhp0Pbd5V
3,59,2026-04-05T09:35:26.889Z,201.000,10,115.000,Jg+7wzPVXO3fl6hF,194.000,UfIL2xPYUWA3pa2i,196.000,Cr1IDgtoIwjHadzo,197.000,3ro8QLJh0yyykLyV,199.000,WYac+BcEaEqjcD+O,200.000,jwNdRfwvt/DA6PNq,201.000,nbm0/St8w4GUlGA4,202.000,uHgM+VdJzX93m/5O,203.000,0vdW+g6toC/h3nqI,207.000,h4OQZ7bMhp0Pbd5V
3,60,2026-04-05T09:35:27.090Z,201.000,10,116.000,Jg+7wzPVXO3fl6hF,194.000,UfIL2xPYUWA3pa2i,196.000,WYac+BcEaEqjcD+O,197.000,0vdW+g6toC/h3nqI,199.000,nbm0/St8w4GUlGA4,200.000,jwNdRfwvt/DA6PNq,201.000,Cr1IDgtoIwjHadzo,202.000,uHgM+VdJzX93m/5O,204.000,3ro8QLJh0yyykLyV,208.000,h4OQZ7bMhp0Pbd5V
3,61,2026-04-05T09:35:27.291Z,202.000,10,116.000,Jg+7wzPVXO3fl6hF,194.000,UfIL2xPYUWA3pa2i,197.000,3ro8QLJh0yyykLyV,198.000,WYac+BcEaEqjcD+O,199.000,nbm0/St8w4GUlGA4,201.000,0vdW+g6toC/h3nqI,202.000,Cr1IDgtoIwjHadzo,203.000,uHgM+VdJzX93m/5O,204.000,jwNdRfwvt/DA6PNq,208.000,h4OQZ7bMhp0Pbd5V
3,62,2026-04-05T09:35:27.493Z,201.000,10,116.000,Jg+7wzPVXO3fl6hF,193.000,UfIL2xPYUWA3pa2i,195.000,0vdW+g6toC/h3nqI,197.000,uHgM+VdJzX93m/5O,198.000,jwNdRfwvt/DA6PNq,199.000,Cr1IDgtoIwjHadzo,200.000,3ro8QLJh0yyykLyV,202.000,nbm0/St8w4GUlGA4,203.000,WYac+BcEaEqjcD+O,207.000,h4OQZ7bMhp0Pbd5V
3,63,2026-04-05T09:35:27.694Z,200.000,10,116.000,Jg+7wzPVXO3fl6hF,192.000,UfIL2xPYUWA3pa2i,195.000,WYac+BcEaEqjcD+O,196.000,0vdW+g6toC/h3nqI,198.000,jwNdRfwvt/DA6PNq,199.000,uHgM+VdJzX93m/5O,200.000,nbm0/St8w4GUlGA4,201.000,Cr1IDgtoIwjHadzo,203.000,3ro8QLJh0yyykLyV,207.000,h4OQZ7bMhp0Pbd5V
3,64,2026-04-05T09:35:27.894Z,202.000,10,118.000,Jg+7wzPVXO3fl6hF,194.000,UfIL2xPYUWA3pa2i,196.000,0vdW+g6toC/h3nqI,198.000,uHgM+VdJzX93m/5O,199.000,nbm0/St8w4GUlGA4,200.000,WYac+BcEaEqjcD+O,202.000,jwNdRfwvt/DA6PNq,203.000,Cr1IDgtoIwjHadzo,205.000,3ro8QLJh0yyykLyV,207.000,h4OQZ7bMhp0Pbd5V
3,65,2026-04-05T09:35:28.096Z,201.000,10,117.000,Jg+7wzPVXO3fl6hF,193.000,UfIL2xPYUWA3pa2i,196.000,WYac+BcEaEqjcD+O,197.000,0vdW+g6toC/h3nqI,198.000,3ro8QLJh0yyykLyV,199.000,jwNdRfwvt/DA6PNq,201.000,uHgM+VdJzX93m/5O,202.000,nbm0/St8w4GUlGA4,203.000,Cr1IDgtoIwjHadzo,206.000,h4OQZ7bMhp0Pbd5V
3,66,2026-04-05T09:35:28.297Z,201.000,10,117.000,Jg+7wzPVXO3fl6hF,194.000,UfIL2xPYUWA3pa2i,196.000,jwNdRfwvt/DA6PNq,197.000,0vdW+g6toC/h3nqI,199.000,WYac+BcEaEqjcD+O,200.000,3ro8QLJh0yyykLyV,201.000,Cr1IDgtoIwjHadzo,202.000,nbm0/St8w4GUlGA4,204.000,uHgM+VdJzX93m/5O,207.000,h4OQZ7bMhp0Pbd5V
3,67,2026-04-05T09:35:28.498Z,201.000,10,117.000,Jg+7wzPVXO3fl6hF,195.000,jwNdRfwvt/DA6PNq,196.000,nbm0/St8w4GUlGA4,197.000,UfIL2xPYUWA3pa2i,199.000,0vdW+g6toC/h3nqI,200.000,3ro8QLJh0yyykLyV,201.000,WYac+BcEaEqjcD+O,203.000,uHgM+VdJzX93m/5O,204.000,Cr1IDgtoIwjHadzo,207.000,h4OQZ7bMhp0Pbd5V
3,68,2026-04-05T09:35:28.699Z,202.000,10,118.000,Jg+7wzPVXO3fl6hF,194.000,nbm0/St8w4GUlGA4,196.000,UfIL2xPYUWA3pa2i,198.000,jwNdRfwvt/DA6PNq,199.000,Cr1IDgtoIwjHadzo,200.000,0vdW+g6toC/h3nqI,201.000,WYac+BcEaEqjcD+O,203.000,3ro8QLJh0yyykLyV,204.000,uHgM+VdJzX93m/5O,206.000,h4OQZ7bMhp0Pbd5V
3,69,2026-04-05T09:35:28.901Z,200.000,10,117.000,Jg+7wzPVXO3fl6hF,193.000,UfIL2xPYUWA3pa2i,195.000,jwNdRfwvt/DA6PNq,196.000,nbm0/St8w4GUlGA4,197.000,Cr1IDgtoIwjHadzo,199.000,0vdW+g6toC/h3nqI,200.000,3ro8QLJh0yyykLyV,201.000,WYac+BcEaEqjcD+O,203.000,uHgM+VdJzX93m/5O,204.000,h4OQZ7bMhp0Pbd5V
3,70,2026-04-05T09:35:29.101Z,201.000,10,119.000,Jg+7wzPVXO3fl6hF,193.000,nbm0/St8w4GUlGA4,195.000,UfIL2xPYUWA3pa2i,197.000,3ro8QLJh0yyykLyV,198.000,Cr1IDgtoIwjHadzo,199.000,0vdW+g6toC/h3nqI,201.000,WYac+BcEaEqjcD+O,202.000,uHgM+VdJzX93m/5O,203.000,jwNdRfwvt/DA6PNq,207.000,h4OQZ7bMhp0Pbd5V
3,71,2026-04-05T09:35:29.302Z,202.000,10,118.000,Jg+7wzPVXO3fl6hF,194.000,UfIL2xPYUWA3pa2i,196.000,nbm0/St8w4GUlGA4,197.000,jwNdRfwvt/DA6PNq,198.000,WYac+BcEaEqjcD+O,200.000,uHgM+VdJzX93m/5O,202.000,3ro8QLJh0yyykLyV,203.000,Cr1IDgtoIwjHadzo,204.000,0vdW+g6toC/h3nqI,205.000,h4OQZ7bMhp0Pbd5V
3,72,2026-04-05T09:35:29.504Z,200.000,10,118.000,Jg+7wzPVXO3fl6hF,193.000,nbm0/St8w4GUlGA4,194.000,UfIL2xPYUWA3pa2i,196.000,uHgM+VdJzX93m/5O,198.000,Cr1IDgtoIwjHadzo,199.000,jwNdRfwvt/DA6PNq,200.000,0vdW+g6toC/h3nqI,201.000,3ro8QLJh0yyykLyV,203.000,WYac+BcEaEqjcD+O,205.000,h4OQZ7bMhp0Pbd5V
3,73,2026-04-05T09:35:29.704Z,202.000,10,119.000,Jg+7wzPVXO3fl6hF,195.000,UfIL2xPYUWA3pa2i,197.000,3ro8QLJh0yyykLyV,198.000,nbm0/St8w4GUlGA4,199.000,0vdW+g6toC/h3nqI,201.000,jwNdRfwvt/DA6PNq,202.000,Cr1IDgtoIwjHadzo,203.000,WYac+BcEaEqjcD+O,204.000,uHgM+VdJzX93m/5O,208.000,h4OQZ7bMhp0Pbd5V
3,74,2026-04-05T09:35:29.906Z,201.000,10,119.000,Jg+7wzPVXO3fl6hF,194.000,UfIL2xPYUWA3pa2i,196.000,nbm0/St8w4GUlGA4,197.000,Cr1IDgtoIwjHadzo,198.000,uHgM+VdJzX93m/5O,200.000,jwNdRfwvt/DA6PNq,201.000,WYac+BcEaEqjcD+O,202.000,3ro8QLJh0yyykLyV,203.000,0vdW+g6toC/h3nqI,208.000,h4OQZ7bMhp0Pbd5V
3,75,2026-04-05T09:35:30.107Z,201.000,10,119.000,Jg+7wzPVXO3fl6hF,194.000,UfIL2xPYUWA3pa2i,196.000,0vdW+g6toC/h3nqI,197.000,jwNdRfwvt/DA6PNq,199.000,nbm0/St8w4GUlGA4,200.000,uHgM+VdJzX93m/5O,201.000,3ro8QLJh0yyykLyV,202.000,Cr1IDgtoIwjHadzo,204.000,WYac+BcEaEqjcD+O,207.000,h4OQZ7bMhp0Pbd5V
3,76,2026-04-05T09:35:30.308Z,201.000,10,120.000,Jg+7wzPVXO3fl6hF,194.000,UfIL2xPYUWA3pa2i,196.000,jwNdRfwvt/DA6PNq,197.000,Cr1IDgtoIwjHadzo,199.000,uHgM+VdJzX93m/5O,200.000,0vdW+g6toC/h3nqI,201.000,WYac+BcEaEqjcD+O,202.000,nbm0/St8w4GUlGA4,203.000,3ro8QLJh0yyykLyV,208.000,h4OQZ7bMhp0Pbd5V
3,77,2026-04-05T09:35:30.509Z,201.000,10,119.000,Jg+7wzPVXO3fl6hF,194.000,jwNdRfwvt/DA6PNq,195.000,UfIL2xPYUWA3pa2i,198.000,uHgM+VdJzX93m/5O,199.000,3ro8QLJh0yyykLyV,200.000,0vdW+g6toC/h3nqI,201.000,Cr1IDgtoIwjHadzo,203.000,nbm0/St8w4GUlGA4,204.000,WYac+BcEaEqjcD+O,207.000,h4OQZ7bMhp0Pbd5V
3,78,2026-04-05T09:35:30.710Z,201.000,10,119.000,Jg+7wzPVXO3fl6hF,194.000,UfIL2xPYUWA3pa2i,196.000,uHgM+VdJzX93m/5O,197.000,WYac+BcEaEqjcD+O,199.000,0vdW+g6toC/h3nqI,200.000,Cr1IDgtoIwjHadzo,201.000,nbm0/St8w4GUlGA4,202.000,3ro8QLJh0yyykLyV,204.000,jwNdRfwvt/DA6PNq,208.000,h4OQZ7bMhp0Pbd5V
3,79,2026-04-05T09:35:30.911Z,202.000,10,119.000,Jg+7wzPVXO3fl6hF,195.000,UfIL2xPYUWA3pa2i,197.000,3ro8QLJh0yyykLyV,198.000,uHgM+VdJzX93m/5O,200.000,0vdW+g6toC/h3nqI,201.000,WYac+BcEaEqjcD+O,202.000,nbm0/St8w4GUlGA4,203.000,jwNdRfwvt/DA6PNq,204.000,Cr1IDgtoIwjHadzo,208.000,h4OQZ7bMhp0Pbd5V
3,80,2026-04-05T09:35:31.113Z,202.000,10,119.000,Jg+7wzPVXO3fl6hF,194.000,UfIL2xPYUWA3pa2i,196.000,jwNdRfwvt/DA6PNq,198.000,nbm0/St8w4GUlGA4,199.000,uHgM+VdJzX93m/5O,200.000,Cr1IDgtoIwjHadzo,202.000,3ro8QLJh0yyykLyV,204.000,0vdW+g6toC/h3nqI,207.000,WYac+BcEaEqjcD+O,209.000,h4OQZ7bMhp0Pbd5V
3,81,2026-04-05T09:35:31.315Z,202.000,10,118.000,Jg+7wzPVXO3fl6hF,194.000,0vdW+g6toC/h3nqI,195.000,UfIL2xPYUWA3pa2i,197.000,3ro8QLJh0yyykLyV,199.000,uHgM+VdJzX93m/5O,200.000,nbm0/St8w4GUlGA4,202.000,jwNdRfwvt/DA6PNq,203.000,Cr1IDgtoIwjHadzo,204.000,WYac+BcEaEqjcD+O,205.000,h4OQZ7bMhp0Pbd5V
3,82,2026-04-05T09:35:31.517Z,202.000,10,126.000,Jg+7wzPVXO3fl6hF,192.000,UfIL2xPYUWA3pa2i,196.000,3ro8QLJh0yyykLyV,198.000,0vdW+g6toC/h3nqI,200.000,nbm0/St8w4GUlGA4,201.000,uHgM+VdJzX93m/5O,202.000,Cr1IDgtoIwjHadzo,203.000,jwNdRfwvt/DA6PNq,204.000,WYac+BcEaEqjcD+O,205.000,h4OQZ7bMhp0Pbd5V
3,83,2026-04-05T09:35:31.719Z,201.000,10,117.000,Jg+7wzPVXO3fl6hF,193.000,uHgM+VdJzX93m/5O,195.000,jwNdRfwvt/DA6PNq,196.000,UfIL2xPYUWA3pa2i,197.000,0vdW+g6toC/h3nqI,199.000,3ro8QLJh0yyykLyV,201.000,WYac+BcEaEqjcD+O,203.000,Cr1IDgtoIwjHadzo,205.000,nbm0/St8w4GUlGA4,214.000,h4OQZ7bMhp0Pbd5V
3,84,2026-04-05T09:35:31.920Z,204.000,10,119.000,Jg+7wzPVXO3fl6hF,193.000,UfIL2xPYUWA3pa2i,195.000,jwNdRfwvt/DA6PNq,197.000,uHgM+VdJzX93m/5O,198.000,Cr1IDgtoIwjHadzo,201.000,0vdW+g6toC/h3nqI,204.000,nbm0/St8w4GUlGA4,206.000,3ro8QLJh0yyykLyV,207.000,WYac+BcEaEqjcD+O,210.000,h4OQZ7bMhp0Pbd5V
3,85,2026-04-05T09:35:32.124Z,202.000,10,115.000,Jg+7wzPVXO3fl6hF,191.000,Cr1IDgtoIwjHadzo,193.000,uHgM+VdJzX93m/5O,195.000,3ro8QLJh0yyykLyV,195.000,UfIL2xPYUWA3pa2i,198.000,nbm0/St8w4GUlGA4,202.000,WYac+BcEaEqjcD+O,204.000,0vdW+g6toC/h3nqI,205.000,jwNdRfwvt/DA6PNq,206.000,h4OQZ7bMhp0Pbd5V
3,86,2026-04-05T09:35:32.326Z,194.000,10,115.000,Jg+7wzPVXO3fl6hF,188.000,UfIL2xPYUWA3pa2i,191.000,Cr1IDgtoIwjHadzo,192.000,jwNdRfwvt/DA6PNq,192.000,WYac+BcEaEqjcD+O,193.000,0vdW+g6toC/h3nqI,194.000,nbm0/St8w4GUlGA4,195.000,uHgM+VdJzX93m/5O,196.000,3ro8QLJh0yyykLyV,197.000,h4OQZ7bMhp0Pbd5V
3,87,2026-04-05T09:35:32.520Z,199.000,10,123.000,Jg+7wzPVXO3fl6hF,193.000,UfIL2xPYUWA3pa2i,195.000,WYac+BcEaEqjcD+O,196.000,Cr1IDgtoIwjHadzo,197.000,jwNdRfwvt/DA6PNq,198.000,3ro8QLJh0yyykLyV,199.000,0vdW+g6toC/h3nqI,201.000,nbm0/St8w4GUlGA4,203.000,h4OQZ7bMhp0Pbd5V,234.000,uHgM+VdJzX93m/5O
3,88,2026-04-05T09:35:32.719Z,207.000,10,125.000,Jg+7wzPVXO3fl6hF,196.000,UfIL2xPYUWA3pa2i,202.000,WYac+BcEaEqjcD+O,203.000,0vdW+g6toC/h3nqI,204.000,jwNdRfwvt/DA6PNq,206.000,uHgM+VdJzX93m/5O,207.000,3ro8QLJh0yyykLyV,208.000,nbm0/St8w4GUlGA4,210.000,Cr1IDgtoIwjHadzo,212.000,h4OQZ7bMhp0Pbd5V
3,89,2026-04-05T09:35:32.926Z,202.000,10,119.000,Jg+7wzPVXO3fl6hF,193.000,UfIL2xPYUWA3pa2i,196.000,WYac+BcEaEqjcD+O,198.000,0vdW+g6toC/h3nqI,200.000,nbm0/St8w4GUlGA4,201.000,jwNdRfwvt/DA6PNq,202.000,uHgM+VdJzX93m/5O,204.000,3ro8QLJh0yyykLyV,205.000,Cr1IDgtoIwjHadzo,206.000,h4OQZ7bMhp0Pbd5V
3,90,2026-04-05T09:35:33.128Z,198.000,10,120.000,Jg+7wzPVXO3fl6hF,189.000,UfIL2xPYUWA3pa2i,191.000,uHgM+VdJzX93m/5O,193.000,0vdW+g6toC/h3nqI,195.000,jwNdRfwvt/DA6PNq,196.000,Cr1IDgtoIwjHadzo,198.000,3ro8QLJh0yyykLyV,199.000,nbm0/St8w4GUlGA4,200.000,WYac+BcEaEqjcD+O,203.000,h4OQZ7bMhp0Pbd5V
3,91,2026-04-05T09:35:33.326Z,207.000,10,142.000,Jg+7wzPVXO3fl6hF,198.000,jwNdRfwvt/DA6PNq,200.000,0vdW+g6toC/h3nqI,202.000,UfIL2xPYUWA3pa2i,204.000,uHgM+VdJzX93m/5O,205.000,WYac+BcEaEqjcD+O,207.000,Cr1IDgtoIwjHadzo,208.000,3ro8QLJh0yyykLyV,210.000,nbm0/St8w4GUlGA4,211.000,h4OQZ7bMhp0Pbd5V
3,92,2026-04-05T09:35:33.533Z,191.000,10,129.000,Jg+7wzPVXO3fl6hF,184.000,UfIL2xPYUWA3pa2i,185.000,0vdW+g6toC/h3nqI,187.000,Cr1IDgtoIwjHadzo,188.000,nbm0/St8w4GUlGA4,189.000,WYac+BcEaEqjcD+O,190.000,jwNdRfwvt/DA6PNq,194.000,3ro8QLJh0yyykLyV,195.000,uHgM+VdJzX93m/5O,207.000,h4OQZ7bMhp0Pbd5V
3,93,2026-04-05T09:35:33.724Z,214.000,10,141.000,Jg+7wzPVXO3fl6hF,205.000,0vdW+g6toC/h3nqI,207.000,UfIL2xPYUWA3pa2i,209.000,Cr1IDgtoIwjHadzo,211.000,WYac+BcEaEqjcD+O,213.000,jwNdRfwvt/DA6PNq,214.000,3ro8QLJh0yyykLyV,215.000,nbm0/St8w4GUlGA4,216.000,h4OQZ7bMhp0Pbd5V,289.000,uHgM+VdJzX93m/5O
3,94,2026-04-05T09:35:33.938Z,297.000,10,126.000,Jg+7wzPVXO3fl6hF,282.000,UfIL2xPYUWA3pa2i,288.000,uHgM+VdJzX93m/5O,291.000,0vdW+g6toC/h3nqI,293.000,WYac+BcEaEqjcD+O,295.000,3ro8QLJh0yyykLyV,297.000,h4OQZ7bMhp0Pbd5V,298.000,jwNdRfwvt/DA6PNq,299.000,Cr1IDgtoIwjHadzo,396.000,nbm0/St8w4GUlGA4
3,95,2026-04-05T09:35:34.235Z,95.000,9,31.000,Jg+7wzPVXO3fl6hF,84.000,UfIL2xPYUWA3pa2i,85.000,jwNdRfwvt/DA6PNq,90.000,WYac+BcEaEqjcD+O,91.000,uHgM+VdJzX93m/5O,92.000,0vdW+g6toC/h3nqI,95.000,Cr1IDgtoIwjHadzo,100.000,h4OQZ7bMhp0Pbd5V,137.000,nbm0/St8w4GUlGA4,,
3,96,2026-04-05T09:35:34.330Z,205.000,9,23.000,3ro8QLJh0yyykLyV,137.000,Jg+7wzPVXO3fl6hF,192.000,UfIL2xPYUWA3pa2i,197.000,uHgM+VdJzX93m/5O,199.000,0vdW+g6toC/h3nqI,202.000,jwNdRfwvt/DA6PNq,205.000,h4OQZ7bMhp0Pbd5V,208.000,WYac+BcEaEqjcD+O,210.000,Cr1IDgtoIwjHadzo,,
3,97,2026-04-05T09:35:34.535Z,205.000,10,9.000,nbm0/St8w4GUlGA4,22.000,3ro8QLJh0yyykLyV,190.000,0vdW+g6toC/h3nqI,200.000,uHgM+VdJzX93m/5O,200.000,UfIL2xPYUWA3pa2i,204.000,WYac+BcEaEqjcD+O,205.000,h4OQZ7bMhp0Pbd5V,216.000,Jg+7wzPVXO3fl6hF,219.000,Cr1IDgtoIwjHadzo,239.000,jwNdRfwvt/DA6PNq
3,98,2026-04-05T09:35:34.740Z,193.000,8,9.000,nbm0/St8w4GUlGA4,20.000,3ro8QLJh0yyykLyV,187.000,uHgM+VdJzX93m/5O,189.000,UfIL2xPYUWA3pa2i,190.000,0vdW+g6toC/h3nqI,192.000,WYac+BcEaEqjcD+O,193.000,jwNdRfwvt/DA6PNq,194.000,h4OQZ7bMhp0Pbd5V,,,,
3,99,2026-04-05T09:35:34.933Z,198.000,10,4.000,Jg+7wzPVXO3fl6hF,10.000,Cr1IDgtoIwjHadzo,28.000,3ro8QLJh0yyykLyV,106.000,nbm0/St8w4GUlGA4,194.000,0vdW+g6toC/h3nqI,196.000,uHgM+VdJzX93m/5O,198.000,WYac+BcEaEqjcD+O,199.000,h4OQZ7bMhp0Pbd5V,202.000,UfIL2xPYUWA3pa2i,211.000,jwNdRfwvt/DA6PNq
3,100,2026-04-05T09:35:35.131Z,201.000,10,10.000,Jg+7wzPVXO3fl6hF,17.000,Cr1IDgtoIwjHadzo,30.000,3ro8QLJh0yyykLyV,103.000,nbm0/St8w4GUlGA4,197.000,uHgM+VdJzX93m/5O,198.000,UfIL2xPYUWA3pa2i,201.000,0vdW+g6toC/h3nqI,204.000,WYac+BcEaEqjcD+O,206.000,jwNdRfwvt/DA6PNq,208.000,h4OQZ7bMhp0Pbd5V
3,101,2026-04-05T09:35:35.332Z,231.000,10,8.000,Jg+7wzPVXO3fl6hF,18.000,Cr1IDgtoIwjHadzo,30.000,3ro8QLJh0yyykLyV,225.000,nbm0/St8w4GUlGA4,227.000,uHgM+VdJzX93m/5O,229.000,WYac+BcEaEqjcD+O,231.000,UfIL2xPYUWA3pa2i,233.000,h4OQZ7bMhp0Pbd5V,236.000,0vdW+g6toC/h3nqI,258.000,jwNdRfwvt/DA6PNq
3,102,2026-04-05T09:35:35.563Z,168.000,9,7.000,3ro8QLJh0yyykLyV,9.000,Cr1IDgtoIwjHadzo,24.000,Jg+7wzPVXO3fl6hF,74.000,nbm0/St8w4GUlGA4,165.000,0vdW+g6toC/h3nqI,167.000,uHgM+VdJzX93m/5O,168.000,WYac+BcEaEqjcD+O,171.000,jwNdRfwvt/DA6PNq,173.000,h4OQZ7bMhp0Pbd5V,,
3,103,2026-04-05T09:35:35.731Z,201.000,10,23.000,UfIL2xPYUWA3pa2i,36.000,3ro8QLJh0yyykLyV,37.000,Cr1IDgtoIwjHadzo,52.000,Jg+7wzPVXO3fl6hF,108.000,nbm0/St8w4GUlGA4,199.000,0vdW+g6toC/h3nqI,201.000,jwNdRfwvt/DA6PNq,202.000,WYac+BcEaEqjcD+O,204.000,uHgM+VdJzX93m/5O,207.000,h4OQZ7bMhp0Pbd5V
3,104,2026-04-05T09:35:35.932Z,204.000,10,24.000,UfIL2xPYUWA3pa2i,37.000,3ro8QLJh0yyykLyV,39.000,Cr1IDgtoIwjHadzo,50.000,Jg+7wzPVXO3fl6hF,106.000,nbm0/St8w4GUlGA4,200.000,jwNdRfwvt/DA6PNq,204.000,WYac+BcEaEqjcD+O,205.000,h4OQZ7bMhp0Pbd5V,208.000,0vdW+g6toC/h3nqI,475.000,uHgM+VdJzX93m/5O
3,105,2026-04-05T09:35:36.136Z,199.000,9,21.000,UfIL2xPYUWA3pa2i,36.000,Cr1IDgtoIwjHadzo,38.000,3ro8QLJh0yyykLyV,48.000,Jg+7wzPVXO3fl6hF,105.000,nbm0/St8w4GUlGA4,197.000,0vdW+g6toC/h3nqI,199.000,jwNdRfwvt/DA6PNq,201.000,h4OQZ7bMhp0Pbd5V,206.000,WYac+BcEaEqjcD+O,,
3,106,2026-04-05T09:35:36.335Z,200.000,9,25.000,UfIL2xPYUWA3pa2i,38.000,Cr1IDgtoIwjHadzo,42.000,3ro8QLJh0yyykLyV,52.000,Jg+7wzPVXO3fl6hF,106.000,nbm0/St8w4GUlGA4,198.000,WYac+BcEaEqjcD+O,200.000,0vdW+g6toC/h3nqI,201.000,jwNdRfwvt/DA6PNq,202.000,h4OQZ7bMhp0Pbd5V,,
3,107,2026-04-05T09:35:36.535Z,200.000,10,22.000,UfIL2xPYUWA3pa2i,39.000,Cr1IDgtoIwjHadzo,44.000,3ro8QLJh0yyykLyV,46.000,uHgM+VdJzX93m/5O,52.000,Jg+7wzPVXO3fl6hF,108.000,nbm0/St8w4GUlGA4,200.000,jwNdRfwvt/DA6PNq,212.000,h4OQZ7bMhp0Pbd5V,214.000,WYac+BcEaEqjcD+O,232.000,0vdW+g6toC/h3nqI
3,108,2026-04-05T09:35:36.735Z,201.000,9,25.000,UfIL2xPYUWA3pa2i,41.000,3ro8QLJh0yyykLyV,47.000,uHgM+VdJzX93m/5O,53.000,Jg+7wzPVXO3fl6hF,110.000,nbm0/St8w4GUlGA4,125.000,Cr1IDgtoIwjHadzo,201.000,jwNdRfwvt/DA6PNq,202.000,WYac+BcEaEqjcD+O,275.000,h4OQZ7bMhp0Pbd5V,,
3,109,2026-04-05T09:35:36.936Z,112.000,7,26.000,UfIL2xPYUWA3pa2i,29.000,0vdW+g6toC/h3nqI,41.000,3ro8QLJh0yyykLyV,47.000,uHgM+VdJzX93m/5O,54.000,Jg+7wzPVXO3fl6hF,110.000,nbm0/St8w4GUlGA4,111.000,Cr1IDgtoIwjHadzo,,,,,,
3,110,2026-04-05T09:35:37.048Z,135.000,7,89.000,jwNdRfwvt/DA6PNq,91.000,WYac+BcEaEqjcD+O,94.000,h4OQZ7bMhp0Pbd5V,116.000,UfIL2xPYUWA3pa2i,118.000,0vdW+g6toC/h3nqI,129.000,3ro8QLJh0yyykLyV,135.000,uHgM+VdJzX93m/5O,,,,,,
3,111,2026-04-05T09:35:37.183Z,182.000,9,8.000,Jg+7wzPVXO3fl6hF,62.000,nbm0/St8w4GUlGA4,63.000,Cr1IDgtoIwjHadzo,154.000,WYac+BcEaEqjcD+O,156.000,jwNdRfwvt/DA6PNq,160.000,h4OQZ7bMhp0Pbd5V,182.000,UfIL2xPYUWA3pa2i,183.000,0vdW+g6toC/h3nqI,317.000,uHgM+VdJzX93m/5O,,
3,112,2026-04-05T09:35:37.365Z,203.000,9,13.000,3ro8QLJh0yyykLyV,27.000,Jg+7wzPVXO3fl6hF,84.000,Cr1IDgtoIwjHadzo,86.000,nbm0/St8w4GUlGA4,175.000,jwNdRfwvt/DA6PNq,178.000,h4OQZ7bMhp0Pbd5V,202.000,0vdW+g6toC/h3nqI,206.000,UfIL2xPYUWA3pa2i,243.000,WYac+BcEaEqjcD+O,,
3,113,2026-04-05T09:35:37.568Z,200.000,9,12.000,3ro8QLJh0yyykLyV,26.000,Jg+7wzPVXO3fl6hF,80.000,nbm0/St8w4GUlGA4,83.000,Cr1IDgtoIwjHadzo,120.000,uHgM+VdJzX93m/5O,175.000,jwNdRfwvt/DA6PNq,200.000,UfIL2xPYUWA3pa2i,202.000,h4OQZ7bMhp0Pbd5V,210.000,0vdW+g6toC/h3nqI,,
3,114,2026-04-05T09:35:37.768Z,176.000,8,14.000,3ro8QLJh0yyykLyV,24.000,WYac+BcEaEqjcD+O,28.000,Jg+7wzPVXO3fl6hF,82.000,nbm0/St8w4GUlGA4,84.000,Cr1IDgtoIwjHadzo,121.000,uHgM+VdJzX93m/5O,176.000,jwNdRfwvt/DA6PNq,177.000,h4OQZ7bMhp0Pbd5V,,,,
3,115,2026-04-05T09:35:37.944Z,109.000,7,24.000,UfIL2xPYUWA3pa2i,27.000,0vdW+g6toC/h3nqI,38.000,3ro8QLJh0yyykLyV,49.000,WYac+BcEaEqjcD+O,54.000,Jg+7wzPVXO3fl6hF,107.000,nbm0/St8w4GUlGA4,109.000,Cr1IDgtoIwjHadzo,,,,,,
3,116,2026-04-05T09:35:38.053Z,146.000,8,68.000,uHgM+VdJzX93m/5O,92.000,h4OQZ7bMhp0Pbd5V,93.000,jwNdRfwvt/DA6PNq,116.000,UfIL2xPYUWA3pa2i,120.000,0vdW+g6toC/h3nqI,131.000,3ro8QLJh0yyykLyV,145.000,Jg+7wzPVXO3fl6hF,148.000,WYac+BcEaEqjcD+O,,,,
3,117,2026-04-05T09:35:38.199Z,186.000,8,54.000,Cr1IDgtoIwjHadzo,92.000,uHgM+VdJzX93m/5O,94.000,nbm0/St8w4GUlGA4,148.000,h4OQZ7bMhp0Pbd5V,171.000,UfIL2xPYUWA3pa2i,177.000,0vdW+g6toC/h3nqI,186.000,3ro8QLJh0yyykLyV,243.000,jwNdRfwvt/DA6PNq,,,,
3,118,2026-04-05T09:35:38.385Z,162.000,7,11.000,WYac+BcEaEqjcD+O,16.000,Jg+7wzPVXO3fl6hF,68.000,Cr1IDgtoIwjHadzo,91.000,nbm0/St8w4GUlGA4,118.000,uHgM+VdJzX93m/5O,161.000,h4OQZ7bMhp0Pbd5V,162.000,jwNdRfwvt/DA6PNq,,,,,,
3,119,2026-04-05T09:35:38.547Z,148.000,8,24.000,UfIL2xPYUWA3pa2i,44.000,3ro8QLJh0yyykLyV,51.000,WYac+BcEaEqjcD+O,83.000,Jg+7wzPVXO3fl6hF,108.000,Cr1IDgtoIwjHadzo,130.000,nbm0/St8w4GUlGA4,148.000,uHgM+VdJzX93m/5O,170.000,0vdW+g6toC/h3nqI,,,,
3,120,2026-04-05T09:35:38.695Z,108.000,7,54.000,jwNdRfwvt/DA6PNq,55.000,h4OQZ7bMhp0Pbd5V,80.000,0vdW+g6toC/h3nqI,80.000,UfIL2xPYUWA3pa2i,93.000,3ro8QLJh0yyykLyV,103.000,WYac+BcEaEqjcD+O,108.000,Jg+7wzPVXO3fl6hF,,,,,,
3,121,2026-04-05T09:35:38.803Z,189.000,8,54.000,Cr1IDgtoIwjHadzo,74.000,nbm0/St8w4GUlGA4,93.000,uHgM+VdJzX93m/5O,147.000,jwNdRfwvt/DA6PNq,174.000,0vdW+g6toC/h3nqI,182.000,UfIL2xPYUWA3pa2i,189.000,3ro8QLJh0yyykLyV,235.000,h4OQZ7bMhp0Pbd5V,,,,
3,122,2026-04-05T09:35:38.992Z,160.000,7,7.000,WYac+BcEaEqjcD+O,13.000,Jg+7wzPVXO3fl6hF,66.000,Cr1IDgtoIwjHadzo,86.000,nbm0/St8w4GUlGA4,104.000,uHgM+VdJzX93m/5O,159.000,jwNdRfwvt/DA6PNq,160.000,h4OQZ7bMhp0Pbd5V,,,,,,
3,123,2026-04-05T09:35:39.152Z,134.000,7,25.000,0vdW+g6toC/h3nqI,26.000,UfIL2xPYUWA3pa2i,37.000,3ro8QLJh0yyykLyV,48.000,WYac+BcEaEqjcD+O,52.000,Jg+7wzPVXO3fl6hF,108.000,Cr1IDgtoIwjHadzo,134.000,nbm0/St8w4GUlGA4,,,,,,
3,124,2026-04-05T09:35:39.286Z,117.000,8,10.000,uHgM+VdJzX93m/5O,65.000,jwNdRfwvt/DA6PNq,69.000,h4OQZ7bMhp0Pbd5V,91.000,UfIL2xPYUWA3pa2i,95.000,0vdW+g6toC/h3nqI,105.000,3ro8QLJh0yyykLyV,117.000,WYac+BcEaEqjcD+O,121.000,Jg+7wzPVXO3fl6hF,,,,
3,125,2026-04-05T09:35:39.403Z,178.000,7,61.000,Cr1IDgtoIwjHadzo,78.000,nbm0/St8w4GUlGA4,95.000,uHgM+VdJzX93m/5O,150.000,jwNdRfwvt/DA6PNq,153.000,h4OQZ7bMhp0Pbd5V,176.000,0vdW+g6toC/h3nqI,178.000,UfIL2xPYUWA3pa2i,,,,,,
3,126,2026-04-05T09:35:39.581Z,174.000,8,11.000,3ro8QLJh0yyykLyV,24.000,WYac+BcEaEqjcD+O,29.000,Jg+7wzPVXO3fl6hF,82.000,Cr1IDgtoIwjHadzo,99.000,nbm0/St8w4GUlGA4,117.000,uHgM+VdJzX93m/5O,174.000,jwNdRfwvt/DA6PNq,348.000,h4OQZ7bMhp0Pbd5V,,,,
3,127,2026-04-05T09:35:39.755Z,131.000,7,25.000,0vdW+g6toC/h3nqI,26.000,UfIL2xPYUWA3pa2i,38.000,3ro8QLJh0yyykLyV,50.000,WYac+BcEaEqjcD+O,57.000,Jg+7wzPVXO3fl6hF,109.000,Cr1IDgtoIwjHadzo,131.000,nbm0/St8w4GUlGA4,,,,,,
3,128,2026-04-05T09:35:39.886Z,120.000,7,14.000,uHgM+VdJzX93m/5O,69.000,h4OQZ7bMhp0Pbd5V,71.000,jwNdRfwvt/DA6PNq,96.000,0vdW+g6toC/h3nqI,99.000,UfIL2xPYUWA3pa2i,108.000,3ro8QLJh0yyykLyV,120.000,WYac+BcEaEqjcD+O,,,,,,
3,129,2026-04-05T09:35:40.006Z,175.000,8,5.000,Jg+7wzPVXO3fl6hF,57.000,Cr1IDgtoIwjHadzo,75.000,nbm0/St8w4GUlGA4,95.000,uHgM+VdJzX93m/5O,151.000,h4OQZ7bMhp0Pbd5V,152.000,jwNdRfwvt/DA6PNq,175.000,UfIL2xPYUWA3pa2i,177.000,0vdW+g6toC/h3nqI,,,,
3,130,2026-04-05T09:35:40.181Z,182.000,8,15.000,3ro8QLJh0yyykLyV,28.000,WYac+BcEaEqjcD+O,33.000,Jg+7wzPVXO3fl6hF,84.000,Cr1IDgtoIwjHadzo,103.000,nbm0/St8w4GUlGA4,124.000,uHgM+VdJzX93m/5O,182.000,h4OQZ7bMhp0Pbd5V,210.000,jwNdRfwvt/DA6PNq,,,,
3,131,2026-04-05T09:35:40.363Z,125.000,7,21.000,0vdW+g6toC/h3nqI,22.000,UfIL2xPYUWA3pa2i,34.000,3ro8QLJh0yyykLyV,50.000,Jg+7wzPVXO3fl6hF,55.000,WYac+BcEaEqjcD+O,103.000,Cr1IDgtoIwjHadzo,125.000,nbm0/St8w4GUlGA4,,,,,,
3,132,2026-04-05T09:35:40.488Z,123.000,8,17.000,uHgM+VdJzX93m/5O,73.000,jwNdRfwvt/DA6PNq,75.000,h4OQZ7bMhp0Pbd5V,96.000,UfIL2xPYUWA3pa2i,100.000,0vdW+g6toC/h3nqI,110.000,3ro8QLJh0yyykLyV,122.000,WYac+BcEaEqjcD+O,126.000,Jg+7wzPVXO3fl6hF,,,,
3,133,2026-04-05T09:35:40.611Z,184.000,7,56.000,Cr1IDgtoIwjHadzo,78.000,nbm0/St8w4GUlGA4,96.000,uHgM+VdJzX93m/5O,149.000,jwNdRfwvt/DA6PNq,153.000,h4OQZ7bMhp0Pbd5V,176.000,UfIL2xPYUWA3pa2i,184.000,0vdW+g6toC/h3nqI,,,,,,
3,134,2026-04-05T09:35:40.795Z,165.000,7,4.000,3ro8QLJh0yyykLyV,16.000,WYac+BcEaEqjcD+O,20.000,Jg+7wzPVXO3fl6hF,74.000,Cr1IDgtoIwjHadzo,93.000,nbm0/St8w4GUlGA4,113.000,uHgM+VdJzX93m/5O,165.000,jwNdRfwvt/DA6PNq,,,,,,
3,135,2026-04-05T09:35:40.960Z,112.000,7,3.000,h4OQZ7bMhp0Pbd5V,28.000,UfIL2xPYUWA3pa2i,33.000,0vdW+g6toC/h3nqI,40.000,3ro8QLJh0yyykLyV,57.000,WYac+BcEaEqjcD+O,60.000,Jg+7wzPVXO3fl6hF,111.000,Cr1IDgtoIwjHadzo,,,,,,
3,136,2026-04-05T09:35:41.072Z,155.000,9,18.000,nbm0/St8w4GUlGA4,36.000,uHgM+VdJzX93m/5O,89.000,jwNdRfwvt/DA6PNq,93.000,h4OQZ7bMhp0Pbd5V,149.000,UfIL2xPYUWA3pa2i,152.000,3ro8QLJh0yyykLyV,155.000,Jg+7wzPVXO3fl6hF,181.000,WYac+BcEaEqjcD+O,200.000,0vdW+g6toC/h3nqI,,
3,137,2026-04-05T09:35:41.227Z,192.000,8,56.000,Cr1IDgtoIwjHadzo,66.000,nbm0/St8w4GUlGA4,85.000,uHgM+VdJzX93m/5O,137.000,jwNdRfwvt/DA6PNq,140.000,h4OQZ7bMhp0Pbd5V,163.000,UfIL2xPYUWA3pa2i,192.000,Jg+7wzPVXO3fl6hF,206.000,3ro8QLJh0yyykLyV,,,,
3,138,2026-04-05T09:35:41.419Z,158.000,7,21.000,WYac+BcEaEqjcD+O,39.000,0vdW+g6toC/h3nqI,56.000,Cr1IDgtoIwjHadzo,75.000,nbm0/St8w4GUlGA4,95.000,uHgM+VdJzX93m/5O,147.000,jwNdRfwvt/DA6PNq,158.000,h4OQZ7bMhp0Pbd5V,,,,,,
3,139,2026-04-05T09:35:41.577Z,129.000,7,14.000,UfIL2xPYUWA3pa2i,29.000,3ro8QLJh0yyykLyV,49.000,Jg+7wzPVXO3fl6hF,65.000,WYac+BcEaEqjcD+O,82.000,0vdW+g6toC/h3nqI,98.000,Cr1IDgtoIwjHadzo,129.000,nbm0/St8w4GUlGA4,,,,,,
3,140,2026-04-05T09:35:41.706Z,136.000,7,6.000,uHgM+VdJzX93m/5O,63.000,jwNdRfwvt/DA6PNq,66.000,h4OQZ7bMhp0Pbd5V,87.000,UfIL2xPYUWA3pa2i,102.000,3ro8QLJh0yyykLyV,123.000,Jg+7wzPVXO3fl6hF,136.000,WYac+BcEaEqjcD+O,,,,,,
3,141,2026-04-05T09:35:41.842Z,166.000,8,18.000,0vdW+g6toC/h3nqI,31.000,Cr1IDgtoIwjHadzo,53.000,nbm0/St8w4GUlGA4,72.000,uHgM+VdJzX93m/5O,132.000,jwNdRfwvt/DA6PNq,153.000,UfIL2xPYUWA3pa2i,166.000,3ro8QLJh0yyykLyV,241.000,h4OQZ7bMhp0Pbd5V,,,,
3,142,2026-04-05T09:35:42.008Z,163.000,8,24.000,Jg+7wzPVXO3fl6hF,55.000,WYac+BcEaEqjcD+O,57.000,0vdW+g6toC/h3nqI,68.000,Cr1IDgtoIwjHadzo,91.000,nbm0/St8w4GUlGA4,107.000,uHgM+VdJzX93m/5O,163.000,h4OQZ7bMhp0Pbd5V,171.000,jwNdRfwvt/DA6PNq,,,,
3,143,2026-04-05T09:35:42.171Z,134.000,7,26.000,UfIL2xPYUWA3pa2i,41.000,3ro8QLJh0yyykLyV,53.000,Jg+7wzPVXO3fl6hF,75.000,WYac+BcEaEqjcD+O,93.000,0vdW+g6toC/h3nqI,121.000,Cr1IDgtoIwjHadzo,134.000,nbm0/St8w4GUlGA4,,,,,,
3,144,2026-04-05T09:35:42.305Z,142.000,8,10.000,uHgM+VdJzX93m/5O,71.000,jwNdRfwvt/DA6PNq,76.000,h4OQZ7bMhp0Pbd5V,93.000,UfIL2xPYUWA3pa2i,108.000,3ro8QLJh0yyykLyV,120.000,Jg+7wzPVXO3fl6hF,142.000,WYac+BcEaEqjcD+O,208.000,Cr1IDgtoIwjHadzo,,,,
3,145,2026-04-05T09:35:42.447Z,168.000,7,17.000,0vdW+g6toC/h3nqI,55.000,nbm0/St8w4GUlGA4,77.000,uHgM+VdJzX93m/5O,126.000,h4OQZ7bMhp0Pbd5V,139.000,jwNdRfwvt/DA6PNq,154.000,UfIL2xPYUWA3pa2i,168.000,3ro8QLJh0yyykLyV,,,,,,
3,146,2026-04-05T09:35:42.615Z,165.000,8,10.000,Jg+7wzPVXO3fl6hF,33.000,WYac+BcEaEqjcD+O,69.000,0vdW+g6toC/h3nqI,80.000,Cr1IDgtoIwjHadzo,103.000,uHgM+VdJzX93m/5O,160.000,h4OQZ7bMhp0Pbd5V,165.000,jwNdRfwvt/DA6PNq,198.000,nbm0/St8w4GUlGA4,,,,
3,147,2026-04-05T09:35:42.780Z,141.000,8,21.000,UfIL2xPYUWA3pa2i,35.000,3ro8QLJh0yyykLyV,46.000,Jg+7wzPVXO3fl6hF,69.000,WYac+BcEaEqjcD+O,102.000,0vdW+g6toC/h3nqI,116.000,Cr1IDgtoIwjHadzo,141.000,uHgM+VdJzX93m/5O,258.000,nbm0/St8w4GUlGA4,,,,
3,148,2026-04-05T09:35:42.921Z,162.000,7,84.000,h4OQZ7bMhp0Pbd5V,84.000,UfIL2xPYUWA3pa2i,89.000,jwNdRfwvt/DA6PNq,96.000,3ro8QLJh0yyykLyV,107.000,Jg+7wzPVXO3fl6hF,130.000,WYac+BcEaEqjcD+O,162.000,0vdW+g6toC/h3nqI,,,,,,
3,149,2026-04-05T09:35:43.083Z,142.000,7,29.000,Cr1IDgtoIwjHadzo,56.000,uHgM+VdJzX93m/5O,105.000,h4OQZ7bMhp0Pbd5V,120.000,UfIL2xPYUWA3pa2i,126.000,jwNdRfwvt/DA6PNq,135.000,3ro8QLJh0yyykLyV,142.000,nbm0/St8w4GUlGA4,,,,,,
3,150,2026-04-05T09:35:43.225Z,179.000,7,4.000,Jg+7wzPVXO3fl6hF,28.000,WYac+BcEaEqjcD+O,58.000,0vdW+g6toC/h3nqI,87.000,Cr1IDgtoIwjHadzo,115.000,uHgM+VdJzX93m/5O,160.000,h4OQZ7bMhp0Pbd5V,179.000,UfIL2xPYUWA3pa2i,,,,,,
3,151,2026-04-05T09:35:43.404Z,112.000,7,5.000,jwNdRfwvt/DA6PNq,13.000,3ro8QLJh0yyykLyV,21.000,nbm0/St8w4GUlGA4,26.000,Jg+7wzPVXO3fl6hF,50.000,WYac+BcEaEqjcD+O,80.000,0vdW+g6toC/h3nqI,112.000,Cr1IDgtoIwjHadzo,,,,,,
3,152,2026-04-05T09:35:43.516Z,117.000,7,25.000,uHgM+VdJzX93m/5O,72.000,h4OQZ7bMhp0Pbd5V,88.000,UfIL2xPYUWA3pa2i,93.000,jwNdRfwvt/DA6PNq,101.000,3ro8QLJh0yyykLyV,111.000,nbm0/St8w4GUlGA4,116.000,Jg+7wzPVXO3fl6hF,,,,,,
3,153,2026-04-05T09:35:43.633Z,178.000,7,21.000,WYac+BcEaEqjcD+O,54.000,0vdW+g6toC/h3nqI,84.000,Cr1IDgtoIwjHadzo,110.000,uHgM+VdJzX93m/5O,154.000,h4OQZ7bMhp0Pbd5V,172.000,UfIL2xPYUWA3pa2i,178.000,jwNdRfwvt/DA6PNq,,,,,,
3,154,2026-04-05T09:35:43.811Z,133.000,7,17.000,nbm0/St8w4GUlGA4,23.000,3ro8QLJh0yyykLyV,24.000,Jg+7wzPVXO3fl6hF,46.000,WYac+BcEaEqjcD+O,76.000,0vdW+g6toC/h3nqI,104.000,Cr1IDgtoIwjHadzo,133.000,uHgM+VdJzX93m/5O,,,,,,
3,155,2026-04-05T09:35:43.944Z,113.000,7,44.000,h4OQZ7bMhp0Pbd5V,64.000,UfIL2xPYUWA3pa2i,76.000,3ro8QLJh0yyykLyV,82.000,jwNdRfwvt/DA6PNq,85.000,nbm0/St8w4GUlGA4,92.000,Jg+7wzPVXO3fl6hF,113.000,WYac+BcEaEqjcD+O,,,,,,
3,156,2026-04-05T09:35:44.057Z,174.000,8,32.000,0vdW+g6toC/h3nqI,59.000,Cr1IDgtoIwjHadzo,88.000,uHgM+VdJzX93m/5O,132.000,h4OQZ7bMhp0Pbd5V,153.000,UfIL2xPYUWA3pa2i,159.000,jwNdRfwvt/DA6PNq,174.000,3ro8QLJh0yyykLyV,175.000,nbm0/St8w4GUlGA4,,,,
3,157,2026-04-05T09:35:44.231Z,182.000,8,6.000,Jg+7wzPVXO3fl6hF,27.000,WYac+BcEaEqjcD+O,59.000,0vdW+g6toC/h3nqI,87.000,Cr1IDgtoIwjHadzo,117.000,uHgM+VdJzX93m/5O,160.000,h4OQZ7bMhp0Pbd5V,182.000,UfIL2xPYUWA3pa2i,187.000,jwNdRfwvt/DA6PNq,,,,
3,158,2026-04-05T09:35:44.413Z,137.000,7,20.000,nbm0/St8w4GUlGA4,24.000,3ro8QLJh0yyykLyV,27.000,Jg+7wzPVXO3fl6hF,45.000,WYac+BcEaEqjcD+O,78.000,0vdW+g6toC/h3nqI,106.000,Cr1IDgtoIwjHadzo,137.000,uHgM+VdJzX93m/5O,,,,,,
3,159,2026-04-05T09:35:44.550Z,111.000,7,43.000,h4OQZ7bMhp0Pbd5V,65.000,UfIL2xPYUWA3pa2i,77.000,3ro8QLJh0yyykLyV,80.000,jwNdRfwvt/DA6PNq,84.000,nbm0/St8w4GUlGA4,89.000,Jg+7wzPVXO3fl6hF,111.000,WYac+BcEaEqjcD+O,,,,,,
3,160,2026-04-05T09:35:44.661Z,167.000,7,31.000,0vdW+g6toC/h3nqI,58.000,Cr1IDgtoIwjHadzo,117.000,uHgM+VdJzX93m/5O,132.000,h4OQZ7bMhp0Pbd5V,155.000,jwNdRfwvt/DA6PNq,158.000,UfIL2xPYUWA3pa2i,167.000,3ro8QLJh0yyykLyV,,,,,,
3,161,2026-04-05T09:35:44.828Z,167.000,7,8.000,nbm0/St8w4GUlGA4,13.000,Jg+7wzPVXO3fl6hF,32.000,WYac+BcEaEqjcD+O,67.000,0vdW+g6toC/h3nqI,92.000,Cr1IDgtoIwjHadzo,122.000,uHgM+VdJzX93m/5O,167.000,h4OQZ7bMhp0Pbd5V,,,,,,
3,162,2026-04-05T09:35:44.995Z,138.000,8,26.000,UfIL2xPYUWA3pa2i,27.000,jwNdRfwvt/DA6PNq,36.000,3ro8QLJh0yyykLyV,51.000,Jg+7wzPVXO3fl6hF,68.000,WYac+BcEaEqjcD+O,100.000,0vdW+g6toC/h3nqI,138.000,nbm0/St8w4GUlGA4,166.000,Cr1IDgtoIwjHadzo,,,,
3,163,2026-04-05T09:35:45.133Z,132.000,7,21.000,uHgM+VdJzX93m/5O,63.000,h4OQZ7bMhp0Pbd5V,84.000,UfIL2xPYUWA3pa2i,86.000,jwNdRfwvt/DA6PNq,105.000,3ro8QLJh0yyykLyV,114.000,Jg+7wzPVXO3fl6hF,131.000,WYac+BcEaEqjcD+O,,,,,,
3,164,2026-04-05T09:35:45.265Z,158.000,7,31.000,0vdW+g6toC/h3nqI,60.000,Cr1IDgtoIwjHadzo,64.000,nbm0/St8w4GUlGA4,89.000,uHgM+VdJzX93m/5O,147.000,h4OQZ7bMhp0Pbd5V,155.000,UfIL2xPYUWA3pa2i,158.000,jwNdRfwvt/DA6PNq,,,,,,
3,165,2026-04-05T09:35:45.423Z,131.000,7,9.000,3ro8QLJh0yyykLyV,26.000,Jg+7wzPVXO3fl6hF,45.000,WYac+BcEaEqjcD+O,73.000,0vdW+g6toC/h3nqI,105.000,nbm0/St8w4GUlGA4,127.000,Cr1IDgtoIwjHadzo,131.000,uHgM+VdJzX93m/5O,,,,,,
3,166,2026-04-05T09:35:45.554Z,174.000,9,45.000,h4OQZ7bMhp0Pbd5V,69.000,UfIL2xPYUWA3pa2i,79.000,3ro8QLJh0yyykLyV,119.000,Jg+7wzPVXO3fl6hF,120.000,WYac+BcEaEqjcD+O,143.000,0vdW+g6toC/h3nqI,173.000,nbm0/St8w4GUlGA4,176.000,Cr1IDgtoIwjHadzo,227.000,jwNdRfwvt/DA6PNq,,
3,167,2026-04-05T09:35:45.728Z,157.000,8,30.000,uHgM+VdJzX93m/5O,72.000,h4OQZ7bMhp0Pbd5V,91.000,UfIL2xPYUWA3pa2i,97.000,jwNdRfwvt/DA6PNq,154.000,Jg+7wzPVXO3fl6hF,156.000,WYac+BcEaEqjcD+O,157.000,3ro8QLJh0yyykLyV,200.000,0vdW+g6toC/h3nqI,,,,
3,168,2026-04-05T09:35:45.885Z,151.000,7,47.000,nbm0/St8w4GUlGA4,53.000,Cr1IDgtoIwjHadzo,74.000,uHgM+VdJzX93m/5O,118.000,h4OQZ7bMhp0Pbd5V,136.000,UfIL2xPYUWA3pa2i,141.000,jwNdRfwvt/DA6PNq,150.000,3ro8QLJh0yyykLyV,,,,,,
3,169,2026-04-05T09:35:46.036Z,169.000,7,18.000,Jg+7wzPVXO3fl6hF,36.000,WYac+BcEaEqjcD+O,65.000,0vdW+g6toC/h3nqI,96.000,nbm0/St8w4GUlGA4,104.000,Cr1IDgtoIwjHadzo,121.000,uHgM+VdJzX93m/5O,168.000,h4OQZ7bMhp0Pbd5V,,,,,,
3,170,2026-04-05T09:35:46.205Z,129.000,8,21.000,jwNdRfwvt/DA6PNq,22.000,UfIL2xPYUWA3pa2i,31.000,3ro8QLJh0yyykLyV,49.000,Jg+7wzPVXO3fl6hF,68.000,WYac+BcEaEqjcD+O,98.000,0vdW+g6toC/h3nqI,129.000,nbm0/St8w4GUlGA4,143.000,Cr1IDgtoIwjHadzo,,,,
3,171,2026-04-05T09:35:46.334Z,142.000,7,26.000,uHgM+VdJzX93m/5O,71.000,h4OQZ7bMhp0Pbd5V,89.000,UfIL2xPYUWA3pa2i,103.000,3ro8QLJh0yyykLyV,123.000,Jg+7wzPVXO3fl6hF,139.000,WYac+BcEaEqjcD+O,142.000,jwNdRfwvt/DA6PNq,,,,,,
3,172,2026-04-05T09:35:46.476Z,163.000,7,28.000,0vdW+g6toC/h3nqI,57.000,nbm0/St8w4GUlGA4,60.000,Cr1IDgtoIwjHadzo,84.000,uHgM+VdJzX93m/5O,130.000,h4OQZ7bMhp0Pbd5V,150.000,UfIL2xPYUWA3pa2i,163.000,3ro8QLJh0yyykLyV,,,,,,
3,173,2026-04-05T09:35:46.639Z,123.000,7,21.000,Jg+7wzPVXO3fl6hF,27.000,jwNdRfwvt/DA6PNq,35.000,WYac+BcEaEqjcD+O,95.000,nbm0/St8w4GUlGA4,100.000,0vdW+g6toC/h3nqI,104.000,Cr1IDgtoIwjHadzo,123.000,uHgM+VdJzX93m/5O,,,,,,
3,174,2026-04-05T09:35:46.762Z,243.000,9,64.000,h4OQZ7bMhp0Pbd5V,70.000,UfIL2xPYUWA3pa2i,79.000,3ro8QLJh0yyykLyV,98.000,Jg+7wzPVXO3fl6hF,239.000,WYac+BcEaEqjcD+O,241.000,0vdW+g6toC/h3nqI,242.000,jwNdRfwvt/DA6PNq,244.000,nbm0/St8w4GUlGA4,248.000,Cr1IDgtoIwjHadzo,,
3,175,2026-04-05T09:35:47.005Z,99.000,8,3.000,uHgM+VdJzX93m/5O,24.000,UfIL2xPYUWA3pa2i,28.000,h4OQZ7bMhp0Pbd5V,36.000,3ro8QLJh0yyykLyV,54.000,Jg+7wzPVXO3fl6hF,71.000,WYac+BcEaEqjcD+O,99.000,jwNdRfwvt/DA6PNq,100.000,0vdW+g6toC/h3nqI,,,,
3,176,2026-04-05T09:35:47.104Z,159.000,7,31.000,nbm0/St8w4GUlGA4,35.000,Cr1IDgtoIwjHadzo,60.000,uHgM+VdJzX93m/5O,125.000,h4OQZ7bMhp0Pbd5V,127.000,UfIL2xPYUWA3pa2i,136.000,3ro8QLJh0yyykLyV,159.000,Jg+7wzPVXO3fl6hF,,,,,,
3,177,2026-04-05T09:35:47.263Z,168.000,8,15.000,WYac+BcEaEqjcD+O,42.000,jwNdRfwvt/DA6PNq,45.000,0vdW+g6toC/h3nqI,74.000,nbm0/St8w4GUlGA4,77.000,Cr1IDgtoIwjHadzo,102.000,uHgM+VdJzX93m/5O,168.000,UfIL2xPYUWA3pa2i,170.000,h4OQZ7bMhp0Pbd5V,,,,
3,178,2026-04-05T09:35:47.431Z,108.000,7,11.000,3ro8QLJh0yyykLyV,32.000,Jg+7wzPVXO3fl6hF,50.000,WYac+BcEaEqjcD+O,76.000,jwNdRfwvt/DA6PNq,77.000,0vdW+g6toC/h3nqI,107.000,nbm0/St8w4GUlGA4,108.000,Cr1IDgtoIwjHadzo,,,,,,
3,179,2026-04-05T09:35:47.539Z,171.000,8,26.000,uHgM+VdJzX93m/5O,92.000,UfIL2xPYUWA3pa2i,93.000,h4OQZ7bMhp0Pbd5V,104.000,3ro8QLJh0yyykLyV,125.000,Jg+7wzPVXO3fl6hF,142.000,WYac+BcEaEqjcD+O,170.000,0vdW+g6toC/h3nqI,173.000,jwNdRfwvt/DA6PNq,,,,
3,180,2026-04-05T09:35:47.710Z,155.000,7,30.000,nbm0/St8w4GUlGA4,33.000,Cr1IDgtoIwjHadzo,58.000,uHgM+VdJzX93m/5O,125.000,h4OQZ7bMhp0Pbd5V,126.000,UfIL2xPYUWA3pa2i,134.000,3ro8QLJh0yyykLyV,154.000,Jg+7wzPVXO3fl6hF,,,,,,
3,181,2026-04-05T09:35:47.865Z,169.000,8,16.000,WYac+BcEaEqjcD+O,46.000,jwNdRfwvt/DA6PNq,48.000,0vdW+g6toC/h3nqI,76.000,nbm0/St8w4GUlGA4,77.000,Cr1IDgtoIwjHadzo,104.000,uHgM+VdJzX93m/5O,169.000,UfIL2xPYUWA3pa2i,171.000,h4OQZ7bMhp0Pbd5V,,,,
3,182,2026-04-05T09:35:48.034Z,110.000,7,12.000,3ro8QLJh0yyykLyV,34.000,Jg+7wzPVXO3fl6hF,48.000,WYac+BcEaEqjcD+O,76.000,jwNdRfwvt/DA6PNq,78.000,0vdW+g6toC/h3nqI,108.000,nbm0/St8w4GUlGA4,110.000,Cr1IDgtoIwjHadzo,,,,,,
3,183,2026-04-05T09:35:48.144Z,169.000,8,27.000,uHgM+VdJzX93m/5O,93.000,h4OQZ7bMhp0Pbd5V,93.000,UfIL2xPYUWA3pa2i,103.000,3ro8QLJh0yyykLyV,122.000,Jg+7wzPVXO3fl6hF,140.000,WYac+BcEaEqjcD+O,169.000,jwNdRfwvt/DA6PNq,172.000,0vdW+g6toC/h3nqI,,,,
3,184,2026-04-05T09:35:48.313Z,156.000,7,30.000,nbm0/St8w4GUlGA4,36.000,Cr1IDgtoIwjHadzo,58.000,uHgM+VdJzX93m/5O,123.000,h4OQZ7bMhp0Pbd5V,129.000,UfIL2xPYUWA3pa2i,136.000,3ro8QLJh0yyykLyV,156.000,Jg+7wzPVXO3fl6hF,,,,,,
3,185,2026-04-05T09:35:48.469Z,167.000,8,16.000,WYac+BcEaEqjcD+O,45.000,0vdW+g6toC/h3nqI,48.000,jwNdRfwvt/DA6PNq,75.000,nbm0/St8w4GUlGA4,78.000,Cr1IDgtoIwjHadzo,110.000,uHgM+VdJzX93m/5O,167.000,UfIL2xPYUWA3pa2i,170.000,h4OQZ7bMhp0Pbd5V,,,,
3,186,2026-04-05T09:35:48.636Z,111.000,7,14.000,3ro8QLJh0yyykLyV,31.000,Jg+7wzPVXO3fl6hF,49.000,WYac+BcEaEqjcD+O,78.000,0vdW+g6toC/h3nqI,86.000,jwNdRfwvt/DA6PNq,108.000,nbm0/St8w4GUlGA4,111.000,Cr1IDgtoIwjHadzo,,,,,,
3,187,2026-04-05T09:35:48.747Z,179.000,8,91.000,UfIL2xPYUWA3pa2i,94.000,h4OQZ7bMhp0Pbd5V,98.000,uHgM+VdJzX93m/5O,104.000,3ro8QLJh0yyykLyV,131.000,Jg+7wzPVXO3fl6hF,141.000,WYac+BcEaEqjcD+O,179.000,jwNdRfwvt/DA6PNq,197.000,0vdW+g6toC/h3nqI,,,,
3,188,2026-04-05T09:35:48.926Z,145.000,7,24.000,nbm0/St8w4GUlGA4,26.000,Cr1IDgtoIwjHadzo,65.000,uHgM+VdJzX93m/5O,115.000,h4OQZ7bMhp0Pbd5V,115.000,UfIL2xPYUWA3pa2i,138.000,3ro8QLJh0yyykLyV,145.000,Jg+7wzPVXO3fl6hF,,,,,,
3,189,2026-04-05T09:35:49.071Z,171.000,8,18.000,WYac+BcEaEqjcD+O,59.000,0vdW+g6toC/h3nqI,63.000,jwNdRfwvt/DA6PNq,78.000,Cr1IDgtoIwjHadzo,79.000,nbm0/St8w4GUlGA4,109.000,uHgM+VdJzX93m/5O,171.000,UfIL2xPYUWA3pa2i,173.000,h4OQZ7bMhp0Pbd5V,,,,
3,190,2026-04-05T09:35:49.242Z,109.000,7,16.000,3ro8QLJh0yyykLyV,31.000,Jg+7wzPVXO3fl6hF,47.000,WYac+BcEaEqjcD+O,75.000,0vdW+g6toC/h3nqI,87.000,jwNdRfwvt/DA6PNq,107.000,Cr1IDgtoIwjHadzo,108.000,nbm0/St8w4GUlGA4,,,,,,
3,191,2026-04-05T09:35:49.351Z,169.000,8,28.000,uHgM+VdJzX93m/5O,91.000,UfIL2xPYUWA3pa2i,92.000,h4OQZ7bMhp0Pbd5V,106.000,3ro8QLJh0yyykLyV,122.000,Jg+7wzPVXO3fl6hF,140.000,WYac+BcEaEqjcD+O,168.000,0vdW+g6toC/h3nqI,256.000,jwNdRfwvt/DA6PNq,,,,
3,192,2026-04-05T09:35:49.520Z,153.000,7,30.000,Cr1IDgtoIwjHadzo,31.000,nbm0/St8w4GUlGA4,89.000,uHgM+VdJzX93m/5O,122.000,UfIL2xPYUWA3pa2i,124.000,h4OQZ7bMhp0Pbd5V,140.000,3ro8QLJh0yyykLyV,153.000,Jg+7wzPVXO3fl6hF,,,,,,
3,193,2026-04-05T09:35:49.673Z,172.000,8,20.000,WYac+BcEaEqjcD+O,48.000,0vdW+g6toC/h3nqI,61.000,jwNdRfwvt/DA6PNq,78.000,nbm0/St8w4GUlGA4,109.000,uHgM+VdJzX93m/5O,155.000,Cr1IDgtoIwjHadzo,172.000,UfIL2xPYUWA3pa2i,174.000,h4OQZ7bMhp0Pbd5V,,,,
3,194,2026-04-05T09:35:49.845Z,112.000,7,18.000,3ro8QLJh0yyykLyV,36.000,Jg+7wzPVXO3fl6hF,48.000,WYac+BcEaEqjcD+O,77.000,0vdW+g6toC/h3nqI,84.000,jwNdRfwvt/DA6PNq,110.000,nbm0/St8w4GUlGA4,111.000,Cr1IDgtoIwjHadzo,,,,,,
3,195,2026-04-05T09:35:49.957Z,166.000,7,26.000,uHgM+VdJzX93m/5O,89.000,UfIL2xPYUWA3pa2i,91.000,h4OQZ7bMhp0Pbd5V,107.000,3ro8QLJh0yyykLyV,122.000,Jg+7wzPVXO3fl6hF,138.000,WYac+BcEaEqjcD+O,166.000,0vdW+g6toC/h3nqI,,,,,,
3,196,2026-04-05T09:35:50.123Z,143.000,7,5.000,jwNdRfwvt/DA6PNq,36.000,Cr1IDgtoIwjHadzo,38.000,nbm0/St8w4GUlGA4,60.000,uHgM+VdJzX93m/5O,123.000,UfIL2xPYUWA3pa2i,126.000,h4OQZ7bMhp0Pbd5V,143.000,3ro8QLJh0yyykLyV,,,,,,
3,197,2026-04-05T09:35:50.266Z,119.000,7,12.000,Jg+7wzPVXO3fl6hF,29.000,WYac+BcEaEqjcD+O,62.000,0vdW+g6toC/h3nqI,64.000,jwNdRfwvt/DA6PNq,88.000,nbm0/St8w4GUlGA4,90.000,Cr1IDgtoIwjHadzo,119.000,uHgM+VdJzX93m/5O,,,,,,
3,198,2026-04-05T09:35:50.385Z,147.000,7,63.000,UfIL2xPYUWA3pa2i,65.000,h4OQZ7bMhp0Pbd5V,82.000,3ro8QLJh0yyykLyV,95.000,Jg+7wzPVXO3fl6hF,113.000,WYac+BcEaEqjcD+O,139.000,0vdW+g6toC/h3nqI,146.000,jwNdRfwvt/DA6PNq,,,,,,
3,199,2026-04-05T09:35:50.532Z,151.000,7,27.000,Cr1IDgtoIwjHadzo,29.000,nbm0/St8w4GUlGA4,55.000,uHgM+VdJzX93m/5O,116.000,UfIL2xPYUWA3pa2i,118.000,h4OQZ7bMhp0Pbd5V,136.000,3ro8QLJh0yyykLyV,150.000,Jg+7wzPVXO3fl6hF,,,,,,
3,200,2026-04-05T09:35:50.683Z,167.000,8,18.000,WYac+BcEaEqjcD+O,43.000,0vdW+g6toC/h3nqI,48.000,jwNdRfwvt/DA6PNq,75.000,nbm0/St8w4GUlGA4,78.000,Cr1IDgtoIwjHadzo,114.000,uHgM+VdJzX93m/5O,167.000,UfIL2xPYUWA3pa2i,169.000,h4OQZ7bMhp0Pbd5V,,,,
3,201,2026-04-05T09:35:50.850Z,118.000,7,19.000,3ro8QLJh0yyykLyV,32.000,Jg+7wzPVXO3fl6hF,51.000,WYac+BcEaEqjcD+O,77.000,0vdW+g6toC/h3nqI,83.000,jwNdRfwvt/DA6PNq,109.000,Cr1IDgtoIwjHadzo,118.000,nbm0/St8w4GUlGA4,,,,,,
3,202,2026-04-05T09:35:50.968Z,159.000,7,20.000,uHgM+VdJzX93m/5O,84.000,h4OQZ7bMhp0Pbd5V,84.000,UfIL2xPYUWA3pa2i,101.000,3ro8QLJh0yyykLyV,114.000,Jg+7wzPVXO3fl6hF,133.000,WYac+BcEaEqjcD+O,159.000,0vdW+g6toC/h3nqI,,,,,,
3,203,2026-04-05T09:35:51.127Z,144.000,7,5.000,jwNdRfwvt/DA6PNq,30.000,Cr1IDgtoIwjHadzo,41.000,nbm0/St8w4GUlGA4,62.000,uHgM+VdJzX93m/5O,126.000,UfIL2xPYUWA3pa2i,128.000,h4OQZ7bMhp0Pbd5V,144.000,3ro8QLJh0yyykLyV,,,,,,
3,204,2026-04-05T09:35:51.271Z,120.000,7,14.000,Jg+7wzPVXO3fl6hF,32.000,WYac+BcEaEqjcD+O,58.000,0vdW+g6toC/h3nqI,63.000,jwNdRfwvt/DA6PNq,90.000,Cr1IDgtoIwjHadzo,98.000,nbm0/St8w4GUlGA4,120.000,uHgM+VdJzX93m/5O,,,,,,
3,205,2026-04-05T09:35:51.391Z,145.000,7,63.000,UfIL2xPYUWA3pa2i,65.000,h4OQZ7bMhp0Pbd5V,93.000,3ro8QLJh0yyykLyV,95.000,Jg+7wzPVXO3fl6hF,116.000,WYac+BcEaEqjcD+O,140.000,0vdW+g6toC/h3nqI,145.000,jwNdRfwvt/DA6PNq,,,,,,
3,206,2026-04-05T09:35:51.536Z,152.000,7,26.000,Cr1IDgtoIwjHadzo,35.000,nbm0/St8w4GUlGA4,57.000,uHgM+VdJzX93m/5O,119.000,h4OQZ7bMhp0Pbd5V,120.000,UfIL2xPYUWA3pa2i,149.000,3ro8QLJh0yyykLyV,151.000,Jg+7wzPVXO3fl6hF,,,,,,
3,207,2026-04-05T09:35:51.688Z,169.000,8,18.000,WYac+BcEaEqjcD+O,45.000,0vdW+g6toC/h3nqI,48.000,jwNdRfwvt/DA6PNq,75.000,Cr1IDgtoIwjHadzo,83.000,nbm0/St8w4GUlGA4,107.000,uHgM+VdJzX93m/5O,169.000,UfIL2xPYUWA3pa2i,171.000,h4OQZ7bMhp0Pbd5V,,,,
3,208,2026-04-05T09:35:51.857Z,115.000,7,19.000,3ro8QLJh0yyykLyV,31.000,Jg+7wzPVXO3fl6hF,53.000,WYac+BcEaEqjcD+O,77.000,0vdW+g6toC/h3nqI,81.000,jwNdRfwvt/DA6PNq,108.000,Cr1IDgtoIwjHadzo,115.000,nbm0/St8w4GUlGA4,,,,,,
3,209,2026-04-05T09:35:51.972Z,163.000,7,24.000,uHgM+VdJzX93m/5O,86.000,UfIL2xPYUWA3pa2i,88.000,h4OQZ7bMhp0Pbd5V,105.000,3ro8QLJh0yyykLyV,117.000,Jg+7wzPVXO3fl6hF,138.000,WYac+BcEaEqjcD+O,162.000,0vdW+g6toC/h3nqI,,,,,,
3,210,2026-04-05T09:35:52.135Z,142.000,7,5.000,jwNdRfwvt/DA6PNq,30.000,Cr1IDgtoIwjHadzo,39.000,nbm0/St8w4GUlGA4,62.000,uHgM+VdJzX93m/5O,123.000,UfIL2xPYUWA3pa2i,126.000,h4OQZ7bMhp0Pbd5V,142.000,3ro8QLJh0yyykLyV,,,,,,
3,211,2026-04-05T09:35:52.277Z,122.000,7,15.000,Jg+7wzPVXO3fl6hF,35.000,WYac+BcEaEqjcD+O,59.000,0vdW+g6toC/h3nqI,94.000,Cr1IDgtoIwjHadzo,97.000,nbm0/St8w4GUlGA4,103.000,jwNdRfwvt/DA6PNq,122.000,uHgM+VdJzX93m/5O,,,,,,
3,212,2026-04-05T09:35:52.399Z,143.000,7,61.000,UfIL2xPYUWA3pa2i,62.000,h4OQZ7bMhp0Pbd5V,83.000,3ro8QLJh0yyykLyV,94.000,Jg+7wzPVXO3fl6hF,114.000,WYac+BcEaEqjcD+O,139.000,0vdW+g6toC/h3nqI,143.000,jwNdRfwvt/DA6PNq,,,,,,
3,213,2026-04-05T09:35:52.542Z,163.000,7,26.000,Cr1IDgtoIwjHadzo,34.000,nbm0/St8w4GUlGA4,58.000,uHgM+VdJzX93m/5O,120.000,UfIL2xPYUWA3pa2i,122.000,h4OQZ7bMhp0Pbd5V,141.000,3ro8QLJh0yyykLyV,163.000,Jg+7wzPVXO3fl6hF,,,,,,
3,214,2026-04-05T09:35:52.705Z,160.000,8,8.000,WYac+BcEaEqjcD+O,35.000,0vdW+g6toC/h3nqI,39.000,jwNdRfwvt/DA6PNq,65.000,Cr1IDgtoIwjHadzo,74.000,nbm0/St8w4GUlGA4,97.000,uHgM+VdJzX93m/5O,159.000,UfIL2xPYUWA3pa2i,161.000,h4OQZ7bMhp0Pbd5V,,,,
3,215,2026-04-05T09:35:52.865Z,146.000,7,16.000,3ro8QLJh0yyykLyV,44.000,Jg+7wzPVXO3fl6hF,50.000,WYac+BcEaEqjcD+O,75.000,0vdW+g6toC/h3nqI,81.000,jwNdRfwvt/DA6PNq,143.000,Cr1IDgtoIwjHadzo,146.000,nbm0/St8w4GUlGA4,,,,,,
3,216,2026-04-05T09:35:53.011Z,136.000,8,2.000,uHgM+VdJzX93m/5O,54.000,UfIL2xPYUWA3pa2i,58.000,h4OQZ7bMhp0Pbd5V,75.000,3ro8QLJh0yyykLyV,94.000,Jg+7wzPVXO3fl6hF,109.000,WYac+BcEaEqjcD+O,136.000,jwNdRfwvt/DA6PNq,218.000,0vdW+g6toC/h3nqI,,,,
3,217,2026-04-05T09:35:53.147Z,161.000,7,25.000,Cr1IDgtoIwjHadzo,34.000,nbm0/St8w4GUlGA4,55.000,uHgM+VdJzX93m/5O,118.000,h4OQZ7bMhp0Pbd5V,119.000,UfIL2xPYUWA3pa2i,160.000,3ro8QLJh0yyykLyV,161.000,Jg+7wzPVXO3fl6hF,,,,,,
3,218,2026-04-05T09:35:53.308Z,159.000,8,9.000,WYac+BcEaEqjcD+O,39.000,jwNdRfwvt/DA6PNq,67.000,Cr1IDgtoIwjHadzo,73.000,nbm0/St8w4GUlGA4,97.000,uHgM+VdJzX93m/5O,113.000,0vdW+g6toC/h3nqI,159.000,UfIL2xPYUWA3pa2i,168.000,h4OQZ7bMhp0Pbd5V,,,,
3,219,2026-04-05T09:35:53.467Z,140.000,7,18.000,3ro8QLJh0yyykLyV,43.000,Jg+7wzPVXO3fl6hF,49.000,WYac+BcEaEqjcD+O,83.000,jwNdRfwvt/DA6PNq,116.000,nbm0/St8w4GUlGA4,118.000,Cr1IDgtoIwjHadzo,140.000,uHgM+VdJzX93m/5O,,,,,,
3,220,2026-04-05T09:35:53.607Z,145.000,7,18.000,0vdW+g6toC/h3nqI,62.000,UfIL2xPYUWA3pa2i,63.000,h4OQZ7bMhp0Pbd5V,79.000,3ro8QLJh0yyykLyV,105.000,Jg+7wzPVXO3fl6hF,112.000,WYac+BcEaEqjcD+O,144.000,jwNdRfwvt/DA6PNq,,,,,,
3,221,2026-04-05T09:35:53.752Z,137.000,7,26.000,Cr1IDgtoIwjHadzo,32.000,nbm0/St8w4GUlGA4,57.000,uHgM+VdJzX93m/5O,72.000,0vdW+g6toC/h3nqI,118.000,UfIL2xPYUWA3pa2i,119.000,h4OQZ7bMhp0Pbd5V,137.000,3ro8QLJh0yyykLyV,,,,,,
3,222,2026-04-05T09:35:53.889Z,137.000,7,25.000,Jg+7wzPVXO3fl6hF,33.000,WYac+BcEaEqjcD+O,64.000,jwNdRfwvt/DA6PNq,88.000,Cr1IDgtoIwjHadzo,97.000,nbm0/St8w4GUlGA4,119.000,uHgM+VdJzX93m/5O,137.000,0vdW+g6toC/h3nqI,,,,,,
3,223,2026-04-05T09:35:54.026Z,153.000,7,43.000,UfIL2xPYUWA3pa2i,44.000,h4OQZ7bMhp0Pbd5V,61.000,3ro8QLJh0yyykLyV,86.000,Jg+7wzPVXO3fl6hF,101.000,WYac+BcEaEqjcD+O,126.000,jwNdRfwvt/DA6PNq,153.000,Cr1IDgtoIwjHadzo,,,,,,
3,224,2026-04-05T09:35:54.179Z,136.000,7,6.000,nbm0/St8w4GUlGA4,31.000,uHgM+VdJzX93m/5O,48.000,0vdW+g6toC/h3nqI,91.000,UfIL2xPYUWA3pa2i,93.000,h4OQZ7bMhp0Pbd5V,110.000,3ro8QLJh0yyykLyV,136.000,Jg+7wzPVXO3fl6hF,,,,,,
3,225,2026-04-05T09:35:54.315Z,159.000,8,9.000,WYac+BcEaEqjcD+O,41.000,jwNdRfwvt/DA6PNq,64.000,Cr1IDgtoIwjHadzo,72.000,nbm0/St8w4GUlGA4,99.000,uHgM+VdJzX93m/5O,121.000,0vdW+g6toC/h3nqI,158.000,UfIL2xPYUWA3pa2i,163.000,h4OQZ7bMhp0Pbd5V,,,,
3,226,2026-04-05T09:35:54.474Z,156.000,8,17.000,3ro8QLJh0yyykLyV,42.000,Jg+7wzPVXO3fl6hF,51.000,WYac+BcEaEqjcD+O,97.000,jwNdRfwvt/DA6PNq,115.000,nbm0/St8w4GUlGA4,140.000,uHgM+VdJzX93m/5O,156.000,0vdW+g6toC/h3nqI,166.000,Cr1IDgtoIwjHadzo,,,,
3,227,2026-04-05T09:35:54.630Z,150.000,7,43.000,UfIL2xPYUWA3pa2i,47.000,h4OQZ7bMhp0Pbd5V,61.000,3ro8QLJh0yyykLyV,87.000,Jg+7wzPVXO3fl6hF,95.000,WYac+BcEaEqjcD+O,140.000,jwNdRfwvt/DA6PNq,149.000,Cr1IDgtoIwjHadzo,,,,,,
3,228,2026-04-05T09:35:54.780Z,138.000,7,10.000,nbm0/St8w4GUlGA4,50.000,0vdW+g6toC/h3nqI,63.000,uHgM+VdJzX93m/5O,94.000,UfIL2xPYUWA3pa2i,96.000,h4OQZ7bMhp0Pbd5V,112.000,3ro8QLJh0yyykLyV,138.000,Jg+7wzPVXO3fl6hF,,,,,,
3,229,2026-04-05T09:35:54.918Z,157.000,8,8.000,WYac+BcEaEqjcD+O,53.000,jwNdRfwvt/DA6PNq,64.000,Cr1IDgtoIwjHadzo,72.000,nbm0/St8w4GUlGA4,96.000,uHgM+VdJzX93m/5O,112.000,0vdW+g6toC/h3nqI,156.000,UfIL2xPYUWA3pa2i,158.000,h4OQZ7bMhp0Pbd5V,,,,
3,230,2026-04-05T09:35:55.075Z,141.000,7,19.000,3ro8QLJh0yyykLyV,45.000,Jg+7wzPVXO3fl6hF,60.000,WYac+BcEaEqjcD+O,97.000,jwNdRfwvt/DA6PNq,109.000,Cr1IDgtoIwjHadzo,116.000,nbm0/St8w4GUlGA4,141.000,uHgM+VdJzX93m/5O,,,,,,
3,231,2026-04-05T09:35:55.216Z,158.000,8,15.000,0vdW+g6toC/h3nqI,62.000,h4OQZ7bMhp0Pbd5V,65.000,UfIL2xPYUWA3pa2i,80.000,3ro8QLJh0yyykLyV,104.000,Jg+7wzPVXO3fl6hF,113.000,WYac+BcEaEqjcD+O,158.000,jwNdRfwvt/DA6PNq,214.000,uHgM+VdJzX93m/5O,,,,
3,232,2026-04-05T09:35:55.374Z,148.000,7,10.000,Cr1IDgtoIwjHadzo,19.000,nbm0/St8w4GUlGA4,59.000,0vdW+g6toC/h3nqI,105.000,h4OQZ7bMhp0Pbd5V,114.000,UfIL2xPYUWA3pa2i,123.000,3ro8QLJh0yyykLyV,148.000,Jg+7wzPVXO3fl6hF,,,,,,
3,233,2026-04-05T09:35:55.522Z,157.000,8,8.000,WYac+BcEaEqjcD+O,52.000,jwNdRfwvt/DA6PNq,64.000,Cr1IDgtoIwjHadzo,71.000,nbm0/St8w4GUlGA4,108.000,uHgM+VdJzX93m/5O,113.000,0vdW+g6toC/h3nqI,157.000,h4OQZ7bMhp0Pbd5V,167.000,UfIL2xPYUWA3pa2i,,,,
3,234,2026-04-05T09:35:55.679Z,152.000,7,19.000,3ro8QLJh0yyykLyV,46.000,Jg+7wzPVXO3fl6hF,54.000,WYac+BcEaEqjcD+O,98.000,jwNdRfwvt/DA6PNq,109.000,Cr1IDgtoIwjHadzo,115.000,nbm0/St8w4GUlGA4,152.000,uHgM+VdJzX93m/5O,,,,,,
3,235,2026-04-05T09:35:55.831Z,147.000,7,6.000,0vdW+g6toC/h3nqI,49.000,h4OQZ7bMhp0Pbd5V,51.000,UfIL2xPYUWA3pa2i,68.000,3ro8QLJh0yyykLyV,93.000,Jg+7wzPVXO3fl6hF,102.000,WYac+BcEaEqjcD+O,147.000,jwNdRfwvt/DA6PNq,,,,,,
3,236,2026-04-05T09:35:55.978Z,122.000,7,12.000,Cr1IDgtoIwjHadzo,17.000,nbm0/St8w4GUlGA4,54.000,uHgM+VdJzX93m/5O,60.000,0vdW+g6toC/h3nqI,104.000,UfIL2xPYUWA3pa2i,110.000,h4OQZ7bMhp0Pbd5V,122.000,3ro8QLJh0yyykLyV,,,,,,
3,237,2026-04-05T09:35:56.100Z,138.000,7,25.000,Jg+7wzPVXO3fl6hF,34.000,WYac+BcEaEqjcD+O,88.000,jwNdRfwvt/DA6PNq,90.000,Cr1IDgtoIwjHadzo,97.000,nbm0/St8w4GUlGA4,133.000,uHgM+VdJzX93m/5O,138.000,0vdW+g6toC/h3nqI,,,,,,
3,238,2026-04-05T09:35:56.238Z,153.000,7,43.000,UfIL2xPYUWA3pa2i,46.000,h4OQZ7bMhp0Pbd5V,63.000,3ro8QLJh0yyykLyV,95.000,Jg+7wzPVXO3fl6hF,98.000,WYac+BcEaEqjcD+O,142.000,jwNdRfwvt/DA6PNq,152.000,Cr1IDgtoIwjHadzo,,,,,,
3,239,2026-04-05T09:35:56.391Z,147.000,8,6.000,nbm0/St8w4GUlGA4,43.000,uHgM+VdJzX93m/5O,48.000,0vdW+g6toC/h3nqI,91.000,UfIL2xPYUWA3pa2i,95.000,h4OQZ7bMhp0Pbd5V,112.000,3ro8QLJh0yyykLyV,146.000,Jg+7wzPVXO3fl6hF,149.000,WYac+BcEaEqjcD+O,,,,
3,240,2026-04-05T09:35:56.538Z,149.000,7,44.000,jwNdRfwvt/DA6PNq,55.000,Cr1IDgtoIwjHadzo,61.000,nbm0/St8w4GUlGA4,97.000,uHgM+VdJzX93m/5O,104.000,0vdW+g6toC/h3nqI,147.000,UfIL2xPYUWA3pa2i,148.000,h4OQZ7bMhp0Pbd5V,,,,,,
3,241,2026-04-05T09:35:56.687Z,150.000,7,18.000,3ro8QLJh0yyykLyV,50.000,Jg+7wzPVXO3fl6hF,52.000,WYac+BcEaEqjcD+O,97.000,jwNdRfwvt/DA6PNq,108.000,Cr1IDgtoIwjHadzo,115.000,nbm0/St8w4GUlGA4,150.000,uHgM+VdJzX93m/5O,,,,,,
3,242,2026-04-05T09:35:56.837Z,150.000,7,7.000,0vdW+g6toC/h3nqI,51.000,h4OQZ7bMhp0Pbd5V,52.000,UfIL2xPYUWA3pa2i,71.000,3ro8QLJh0yyykLyV,102.000,Jg+7wzPVXO3fl6hF,103.000,WYac+BcEaEqjcD+O,150.000,jwNdRfwvt/DA6PNq,,,,,,
3,243,2026-04-05T09:35:56.987Z,122.000,7,9.000,Cr1IDgtoIwjHadzo,17.000,nbm0/St8w4GUlGA4,51.000,uHgM+VdJzX93m/5O,59.000,0vdW+g6toC/h3nqI,100.000,UfIL2xPYUWA3pa2i,105.000,h4OQZ7bMhp0Pbd5V,122.000,3ro8QLJh0yyykLyV,,,,,,
3,244,2026-04-05T09:35:57.109Z,159.000,7,30.000,WYac+BcEaEqjcD+O,32.000,Jg+7wzPVXO3fl6hF,78.000,jwNdRfwvt/DA6PNq,87.000,Cr1IDgtoIwjHadzo,95.000,nbm0/St8w4GUlGA4,146.000,0vdW+g6toC/h3nqI,159.000,uHgM+VdJzX93m/5O,,,,,,
3,245,2026-04-05T09:35:57.268Z,129.000,7,20.000,UfIL2xPYUWA3pa2i,25.000,h4OQZ7bMhp0Pbd5V,41.000,3ro8QLJh0yyykLyV,71.000,Jg+7wzPVXO3fl6hF,75.000,WYac+BcEaEqjcD+O,119.000,jwNdRfwvt/DA6PNq,129.000,Cr1IDgtoIwjHadzo,,,,,,
3,246,2026-04-05T09:35:57.397Z,145.000,8,7.000,nbm0/St8w4GUlGA4,51.000,0vdW+g6toC/h3nqI,68.000,uHgM+VdJzX93m/5O,93.000,UfIL2xPYUWA3pa2i,95.000,h4OQZ7bMhp0Pbd5V,113.000,3ro8QLJh0yyykLyV,145.000,Jg+7wzPVXO3fl6hF,146.000,WYac+BcEaEqjcD+O,,,,
3,247,2026-04-05T09:35:57.542Z,152.000,7,47.000,jwNdRfwvt/DA6PNq,57.000,Cr1IDgtoIwjHadzo,66.000,nbm0/St8w4GUlGA4,106.000,0vdW+g6toC/h3nqI,125.000,uHgM+VdJzX93m/5O,147.000,UfIL2xPYUWA3pa2i,152.000,h4OQZ7bMhp0Pbd5V,,,,,,
3,248,2026-04-05T09:35:57.694Z,198.000,10,20.000,3ro8QLJh0yyykLyV,48.000,WYac+BcEaEqjcD+O,50.000,Jg+7wzPVXO3fl6hF,95.000,jwNdRfwvt/DA6PNq,108.000,Cr1IDgtoIwjHadzo,175.000,uHgM+VdJzX93m/5O,198.000,UfIL2xPYUWA3pa2i,200.000,h4OQZ7bMhp0Pbd5V,247.000,nbm0/St8w4GUlGA4,332.000,0vdW+g6toC/h3nqI
3,249,2026-04-05T09:35:57.892Z,177.000,7,22.000,3ro8QLJh0yyykLyV,78.000,WYac+BcEaEqjcD+O,90.000,Jg+7wzPVXO3fl6hF,108.000,jwNdRfwvt/DA6PNq,112.000,Cr1IDgtoIwjHadzo,119.000,nbm0/St8w4GUlGA4,177.000,uHgM+VdJzX93m/5O,,,,,,
3,250,2026-04-05T09:35:58.069Z,131.000,8,24.000,UfIL2xPYUWA3pa2i,26.000,h4OQZ7bMhp0Pbd5V,45.000,3ro8QLJh0yyykLyV,76.000,Jg+7wzPVXO3fl6hF,77.000,WYac+BcEaEqjcD+O,122.000,jwNdRfwvt/DA6PNq,131.000,0vdW+g6toC/h3nqI,135.000,Cr1IDgtoIwjHadzo,,,,
3,251,2026-04-05T09:35:58.200Z,148.000,7,14.000,nbm0/St8w4GUlGA4,72.000,uHgM+VdJzX93m/5O,94.000,UfIL2xPYUWA3pa2i,97.000,h4OQZ7bMhp0Pbd5V,116.000,3ro8QLJh0yyykLyV,146.000,WYac+BcEaEqjcD+O,148.000,Jg+7wzPVXO3fl6hF,,,,,,
3,252,2026-04-05T09:35:58.348Z,170.000,8,45.000,jwNdRfwvt/DA6PNq,53.000,0vdW+g6toC/h3nqI,59.000,Cr1IDgtoIwjHadzo,65.000,nbm0/St8w4GUlGA4,128.000,uHgM+VdJzX93m/5O,147.000,UfIL2xPYUWA3pa2i,170.000,3ro8QLJh0yyykLyV,175.000,h4OQZ7bMhp0Pbd5V,,,,
3,253,2026-04-05T09:35:58.518Z,155.000,7,29.000,WYac+BcEaEqjcD+O,31.000,Jg+7wzPVXO3fl6hF,76.000,jwNdRfwvt/DA6PNq,85.000,0vdW+g6toC/h3nqI,89.000,Cr1IDgtoIwjHadzo,96.000,nbm0/St8w4GUlGA4,155.000,uHgM+VdJzX93m/5O,,,,,,
3,254,2026-04-05T09:35:58.673Z,132.000,7,23.000,UfIL2xPYUWA3pa2i,27.000,h4OQZ7bMhp0Pbd5V,46.000,3ro8QLJh0yyykLyV,76.000,WYac+BcEaEqjcD+O,77.000,Jg+7wzPVXO3fl6hF,122.000,jwNdRfwvt/DA6PNq,131.000,0vdW+g6toC/h3nqI,,,,,,
3,255,2026-04-05T09:35:58.805Z,144.000,8,6.000,Cr1IDgtoIwjHadzo,9.000,nbm0/St8w4GUlGA4,68.000,uHgM+VdJzX93m/5O,92.000,h4OQZ7bMhp0Pbd5V,93.000,UfIL2xPYUWA3pa2i,113.000,3ro8QLJh0yyykLyV,144.000,WYac+BcEaEqjcD+O,145.000,Jg+7wzPVXO3fl6hF,,,,
3,256,2026-04-05T09:35:58.949Z,152.000,7,47.000,jwNdRfwvt/DA6PNq,57.000,0vdW+g6toC/h3nqI,61.000,Cr1IDgtoIwjHadzo,67.000,nbm0/St8w4GUlGA4,126.000,uHgM+VdJzX93m/5O,150.000,UfIL2xPYUWA3pa2i,152.000,h4OQZ7bMhp0Pbd5V,,,,,,
3,257,2026-04-05T09:35:59.101Z,115.000,7,20.000,3ro8QLJh0yyykLyV,49.000,Jg+7wzPVXO3fl6hF,53.000,WYac+BcEaEqjcD+O,98.000,jwNdRfwvt/DA6PNq,104.000,0vdW+g6toC/h3nqI,110.000,Cr1IDgtoIwjHadzo,115.000,nbm0/St8w4GUlGA4,,,,,,
3,258,2026-04-05T09:35:59.216Z,184.000,7,61.000,uHgM+VdJzX93m/5O,86.000,UfIL2xPYUWA3pa2i,87.000,h4OQZ7bMhp0Pbd5V,105.000,3ro8QLJh0yyykLyV,137.000,Jg+7wzPVXO3fl6hF,138.000,WYac+BcEaEqjcD+O,184.000,jwNdRfwvt/DA6PNq,,,,,,
3,259,2026-04-05T09:35:59.400Z,122.000,7,8.000,0vdW+g6toC/h3nqI,12.000,Cr1IDgtoIwjHadzo,17.000,nbm0/St8w4GUlGA4,78.000,uHgM+VdJzX93m/5O,102.000,UfIL2xPYUWA3pa2i,103.000,h4OQZ7bMhp0Pbd5V,122.000,3ro8QLJh0yyykLyV,,,,,,
3,260,2026-04-05T09:35:59.522Z,181.000,7,31.000,WYac+BcEaEqjcD+O,32.000,Jg+7wzPVXO3fl6hF,88.000,0vdW+g6toC/h3nqI,96.000,nbm0/St8w4GUlGA4,159.000,Cr1IDgtoIwjHadzo,162.000,jwNdRfwvt/DA6PNq,181.000,UfIL2xPYUWA3pa2i,,,,,,
3,261,2026-04-05T09:35:59.703Z,387.000,7,20.000,3ro8QLJh0yyykLyV,116.000,nbm0/St8w4GUlGA4,142.000,Cr1IDgtoIwjHadzo,199.000,UfIL2xPYUWA3pa2i,378.000,Jg+7wzPVXO3fl6hF,382.000,WYac+BcEaEqjcD+O,386.000,0vdW+g6toC/h3nqI,,,,,,
3,262,2026-04-05T09:36:00.090Z,106.000,10,6.000,3ro8QLJh0yyykLyV,15.000,UfIL2xPYUWA3pa2i,56.000,nbm0/St8w4GUlGA4,90.000,0vdW+g6toC/h3nqI,101.000,Jg+7wzPVXO3fl6hF,103.000,jwNdRfwvt/DA6PNq,105.000,uHgM+VdJzX93m/5O,109.000,h4OQZ7bMhp0Pbd5V,111.000,Cr1IDgtoIwjHadzo,162.000,WYac+BcEaEqjcD+O
3,263,2026-04-05T09:36:00.196Z,111.000,9,97.000,0vdW+g6toC/h3nqI,102.000,3ro8QLJh0yyykLyV,103.000,nbm0/St8w4GUlGA4,105.000,Cr1IDgtoIwjHadzo,106.000,jwNdRfwvt/DA6PNq,108.000,uHgM+VdJzX93m/5O,110.000,Jg+7wzPVXO3fl6hF,114.000,UfIL2xPYUWA3pa2i,116.000,h4OQZ7bMhp0Pbd5V,,
3,264,2026-04-05T09:36:00.307Z,195.000,9,136.000,WYac+BcEaEqjcD+O,188.000,0vdW+g6toC/h3nqI,188.000,3ro8QLJh0yyykLyV,189.000,nbm0/St8w4GUlGA4,191.000,uHgM+VdJzX93m/5O,194.000,jwNdRfwvt/DA6PNq,195.000,Cr1IDgtoIwjHadzo,200.000,Jg+7wzPVXO3fl6hF,209.000,h4OQZ7bMhp0Pbd5V,,
3,265,2026-04-05T09:36:00.502Z,487.000,7,5.000,UfIL2xPYUWA3pa2i,193.000,nbm0/St8w4GUlGA4,194.000,3ro8QLJh0yyykLyV,197.000,Cr1IDgtoIwjHadzo,477.000,WYac+BcEaEqjcD+O,479.000,h4OQZ7bMhp0Pbd5V,487.000,uHgM+VdJzX93m/5O,,,,,,
3,266,2026-04-05T09:36:00.989Z,93.000,10,3.000,UfIL2xPYUWA3pa2i,6.000,nbm0/St8w4GUlGA4,7.000,Cr1IDgtoIwjHadzo,77.000,uHgM+VdJzX93m/5O,84.000,3ro8QLJh0yyykLyV,90.000,0vdW+g6toC/h3nqI,93.000,jwNdRfwvt/DA6PNq,95.000,h4OQZ7bMhp0Pbd5V,100.000,Jg+7wzPVXO3fl6hF,102.000,WYac+BcEaEqjcD+O
3,267,2026-04-05T09:36:01.082Z,122.000,9,116.000,uHgM+VdJzX93m/5O,117.000,jwNdRfwvt/DA6PNq,117.000,UfIL2xPYUWA3pa2i,118.000,nbm0/St8w4GUlGA4,119.000,Cr1IDgtoIwjHadzo,121.000,h4OQZ7bMhp0Pbd5V,122.000,0vdW+g6toC/h3nqI,124.000,WYac+BcEaEqjcD+O,129.000,Jg+7wzPVXO3fl6hF,,
3,268,2026-04-05T09:36:01.204Z,206.000,10,67.000,3ro8QLJh0yyykLyV,195.000,UfIL2xPYUWA3pa2i,196.000,Cr1IDgtoIwjHadzo,198.000,uHgM+VdJzX93m/5O,199.000,nbm0/St8w4GUlGA4,203.000,Jg+7wzPVXO3fl6hF,206.000,h4OQZ7bMhp0Pbd5V,208.000,0vdW+g6toC/h3nqI,210.000,WYac+BcEaEqjcD+O,212.000,jwNdRfwvt/DA6PNq
3,269,2026-04-05T09:36:01.410Z,668.000,8,61.000,3ro8QLJh0yyykLyV,186.000,UfIL2xPYUWA3pa2i,187.000,nbm0/St8w4GUlGA4,193.000,Cr1IDgtoIwjHadzo,665.000,h4OQZ7bMhp0Pbd5V,666.000,jwNdRfwvt/DA6PNq,667.000,uHgM+VdJzX93m/5O,677.000,WYac+BcEaEqjcD+O,,,,
3,270,2026-04-05T09:36:02.078Z,43.000,10,6.000,nbm0/St8w4GUlGA4,8.000,3ro8QLJh0yyykLyV,11.000,Cr1IDgtoIwjHadzo,12.000,UfIL2xPYUWA3pa2i,36.000,Jg+7wzPVXO3fl6hF,38.000,jwNdRfwvt/DA6PNq,42.000,h4OQZ7bMhp0Pbd5V,43.000,0vdW+g6toC/h3nqI,48.000,uHgM+VdJzX93m/5O,53.000,WYac+BcEaEqjcD+O
3,271,2026-04-05T09:36:02.121Z,100.000,9,93.000,0vdW+g6toC/h3nqI,94.000,uHgM+VdJzX93m/5O,95.000,Jg+7wzPVXO3fl6hF,96.000,3ro8QLJh0yyykLyV,99.000,jwNdRfwvt/DA6PNq,99.000,Cr1IDgtoIwjHadzo,100.000,h4OQZ7bMhp0Pbd5V,102.000,nbm0/St8w4GUlGA4,108.000,WYac+BcEaEqjcD+O,,
3,272,2026-04-05T09:36:02.221Z,594.000,7,59.000,UfIL2xPYUWA3pa2i,195.000,nbm0/St8w4GUlGA4,195.000,Cr1IDgtoIwjHadzo,196.000,3ro8QLJh0yyykLyV,589.000,uHgM+VdJzX93m/5O,592.000,jwNdRfwvt/DA6PNq,594.000,h4OQZ7bMhp0Pbd5V,,,,,,
3,273,2026-04-05T09:36:02.815Z,103.000,10,4.000,UfIL2xPYUWA3pa2i,5.000,Cr1IDgtoIwjHadzo,6.000,3ro8QLJh0yyykLyV,10.000,nbm0/St8w4GUlGA4,93.000,h4OQZ7bMhp0Pbd5V,98.000,jwNdRfwvt/DA6PNq,103.000,uHgM+VdJzX93m/5O,105.000,Jg+7wzPVXO3fl6hF,107.000,0vdW+g6toC/h3nqI,109.000,WYac+BcEaEqjcD+O
3,274,2026-04-05T09:36:02.918Z,112.000,10,107.000,UfIL2xPYUWA3pa2i,107.000,Cr1IDgtoIwjHadzo,108.000,uHgM+VdJzX93m/5O,109.000,3ro8QLJh0yyykLyV,109.000,nbm0/St8w4GUlGA4,111.000,0vdW+g6toC/h3nqI,111.000,WYac+BcEaEqjcD+O,112.000,jwNdRfwvt/DA6PNq,114.000,h4OQZ7bMhp0Pbd5V,115.000,Jg+7wzPVXO3fl6hF
3,275,2026-04-05T09:36:03.030Z,762.000,7,194.000,UfIL2xPYUWA3pa2i,195.000,nbm0/St8w4GUlGA4,197.000,3ro8QLJh0yyykLyV,199.000,h4OQZ7bMhp0Pbd5V,202.000,Cr1IDgtoIwjHadzo,761.000,WYac+BcEaEqjcD+O,762.000,uHgM+VdJzX93m/5O,,,,,,
3,276,2026-04-05T09:36:03.792Z,334.000,7,4.000,UfIL2xPYUWA3pa2i,6.000,3ro8QLJh0yyykLyV,21.000,Cr1IDgtoIwjHadzo,22.000,h4OQZ7bMhp0Pbd5V,325.000,0vdW+g6toC/h3nqI,329.000,nbm0/St8w4GUlGA4,334.000,uHgM+VdJzX93m/5O,,,,,,
3,277,2026-04-05T09:36:04.126Z,634.000,7,46.000,nbm0/St8w4GUlGA4,81.000,Cr1IDgtoIwjHadzo,82.000,UfIL2xPYUWA3pa2i,88.000,3ro8QLJh0yyykLyV,630.000,uHgM+VdJzX93m/5O,632.000,Jg+7wzPVXO3fl6hF,634.000,h4OQZ7bMhp0Pbd5V,,,,,,
3,278,2026-04-05T09:36:04.760Z,323.000,7,6.000,jwNdRfwvt/DA6PNq,13.000,h4OQZ7bMhp0Pbd5V,15.000,UfIL2xPYUWA3pa2i,110.000,Cr1IDgtoIwjHadzo,155.000,3ro8QLJh0yyykLyV,230.000,Jg+7wzPVXO3fl6hF,323.000,WYac+BcEaEqjcD+O,,,,,,
3,279,2026-04-05T09:36:05.083Z,861.000,7,26.000,Cr1IDgtoIwjHadzo,28.000,3ro8QLJh0yyykLyV,146.000,nbm0/St8w4GUlGA4,495.000,UfIL2xPYUWA3pa2i,852.000,uHgM+VdJzX93m/5O,853.000,Jg+7wzPVXO3fl6hF,861.000,h4OQZ7bMhp0Pbd5V,,,,,,
3,280,2026-04-05T09:36:05.944Z,768.000,7,6.000,UfIL2xPYUWA3pa2i,41.000,h4OQZ7bMhp0Pbd5V,92.000,Cr1IDgtoIwjHadzo,360.000,uHgM+VdJzX93m/5O,362.000,0vdW+g6toC/h3nqI,758.000,3ro8QLJh0yyykLyV,768.000,nbm0/St8w4GUlGA4,,,,,,
3,281,2026-04-05T09:36:06.712Z,412.000,7,117.000,Cr1IDgtoIwjHadzo,128.000,UfIL2xPYUWA3pa2i,211.000,nbm0/St8w4GUlGA4,247.000,3ro8QLJh0yyykLyV,392.000,h4OQZ7bMhp0Pbd5V,408.000,jwNdRfwvt/DA6PNq,412.000,uHgM+VdJzX93m/5O,,,,,,
3,282,2026-04-05T09:36:07.124Z,891.000,7,717.000,nbm0/St8w4GUlGA4,727.000,h4OQZ7bMhp0Pbd5V,769.000,UfIL2xPYUWA3pa2i,773.000,Cr1IDgtoIwjHadzo,838.000,jwNdRfwvt/DA6PNq,843.000,3ro8QLJh0yyykLyV,891.000,WYac+BcEaEqjcD+O,,,,,,
3,283,2026-04-05T09:36:08.015Z,1014.000,7,5.000,UfIL2xPYUWA3pa2i,5.000,Cr1IDgtoIwjHadzo,9.000,nbm0/St8w4GUlGA4,843.000,h4OQZ7bMhp0Pbd5V,953.000,jwNdRfwvt/DA6PNq,1012.000,WYac+BcEaEqjcD+O,1014.000,3ro8QLJh0yyykLyV,,,,,,
3,284,2026-04-05T09:36:09.029Z,957.000,7,8.000,nbm0/St8w4GUlGA4,112.000,Cr1IDgtoIwjHadzo,140.000,UfIL2xPYUWA3pa2i,861.000,jwNdRfwvt/DA6PNq,922.000,h4OQZ7bMhp0Pbd5V,954.000,uHgM+VdJzX93m/5O,956.000,Jg+7wzPVXO3fl6hF,,,,,,
3,285,2026-04-05T09:36:09.986Z,938.000,9,116.000,nbm0/St8w4GUlGA4,766.000,UfIL2xPYUWA3pa2i,770.000,Cr1IDgtoIwjHadzo,865.000,uHgM+VdJzX93m/5O,878.000,Jg+7wzPVXO3fl6hF,880.000,jwNdRfwvt/DA6PNq,937.000,WYac+BcEaEqjcD+O,939.000,0vdW+g6toC/h3nqI,942.000,3ro8QLJh0yyykLyV,,
3,286,2026-04-05T09:36:10.924Z,1019.000,8,881.000,nbm0/St8w4GUlGA4,922.000,UfIL2xPYUWA3pa2i,952.000,jwNdRfwvt/DA6PNq,980.000,uHgM+VdJzX93m/5O,990.000,Jg+7wzPVXO3fl6hF,997.000,WYac+BcEaEqjcD+O,1019.000,0vdW+g6toC/h3nqI,1043.000,Cr1IDgtoIwjHadzo,,,,
3,287,2026-04-05T09:36:11.943Z,1025.000,7,537.000,UfIL2xPYUWA3pa2i,757.000,nbm0/St8w4GUlGA4,801.000,Cr1IDgtoIwjHadzo,988.000,uHgM+VdJzX93m/5O,1007.000,jwNdRfwvt/DA6PNq,1014.000,Jg+7wzPVXO3fl6hF,1025.000,0vdW+g6toC/h3nqI,,,,,,
3,288,2026-04-05T09:36:12.968Z,1026.000,7,450.000,3ro8QLJh0yyykLyV,928.000,nbm0/St8w4GUlGA4,929.000,Cr1IDgtoIwjHadzo,951.000,UfIL2xPYUWA3pa2i,1016.000,Jg+7wzPVXO3fl6hF,1023.000,uHgM+VdJzX93m/5O,1026.000,jwNdRfwvt/DA6PNq,,,,,,
3,289,2026-04-05T09:36:13.994Z,1596.000,8,863.000,nbm0/St8w4GUlGA4,921.000,Cr1IDgtoIwjHadzo,931.000,UfIL2xPYUWA3pa2i,1349.000,Jg+7wzPVXO3fl6hF,1389.000,0vdW+g6toC/h3nqI,1414.000,WYac+BcEaEqjcD+O,1596.000,h4OQZ7bMhp0Pbd5V,1634.000,jwNdRfwvt/DA6PNq,,,,
3,290,2026-04-05T09:36:15.590Z,1519.000,7,680.000,WYac+BcEaEqjcD+O,1062.000,0vdW+g6toC/h3nqI,1231.000,jwNdRfwvt/DA6PNq,1259.000,3ro8QLJh0yyykLyV,1333.000,h4OQZ7bMhp0Pbd5V,1485.000,uHgM+VdJzX93m/5O,1519.000,nbm0/St8w4GUlGA4,,,,,,
3,291,2026-04-05T09:36:17.109Z,1911.000,7,829.000,nbm0/St8w4GUlGA4,1027.000,h4OQZ7bMhp0Pbd5V,1076.000,UfIL2xPYUWA3pa2i,1439.000,Jg+7wzPVXO3fl6hF,1836.000,Cr1IDgtoIwjHadzo,1850.000,0vdW+g6toC/h3nqI,1911.000,jwNdRfwvt/DA6PNq,,,,,,
3,292,2026-04-05T09:36:19.020Z,2660.000,7,1730.000,h4OQZ7bMhp0Pbd5V,1812.000,3ro8QLJh0yyykLyV,1945.000,Cr1IDgtoIwjHadzo,2561.000,Jg+7wzPVXO3fl6hF,2614.000,0vdW+g6toC/h3nqI,2641.000,jwNdRfwvt/DA6PNq,2660.000,uHgM+VdJzX93m/5O,,,,,,
3,293,2026-04-05T09:36:21.680Z,2765.000,7,2437.000,3ro8QLJh0yyykLyV,2446.000,Jg+7wzPVXO3fl6hF,2482.000,UfIL2xPYUWA3pa2i,2493.000,h4OQZ7bMhp0Pbd5V,2496.000,nbm0/St8w4GUlGA4,2759.000,jwNdRfwvt/DA6PNq,2765.000,WYac+BcEaEqjcD+O,,,,,,
3,294,2026-04-05T09:36:24.445Z,3415.000,7,3007.000,jwNdRfwvt/DA6PNq,3012.000,Jg+7wzPVXO3fl6hF,3035.000,3ro8QLJh0yyykLyV,3101.000,Cr1IDgtoIwjHadzo,3106.000,UfIL2xPYUWA3pa2i,3408.000,h4OQZ7bMhp0Pbd5V,3415.000,nbm0/St8w4GUlGA4,,,,,,
3,295,2026-04-05T09:36:27.860Z,3903.000,7,3096.000,UfIL2xPYUWA3pa2i,3122.000,h4OQZ7bMhp0Pbd5V,3218.000,nbm0/St8w4GUlGA4,3686.000,jwNdRfwvt/DA6PNq,3782.000,uHgM+VdJzX93m/5O,3799.000,3ro8QLJh0yyykLyV,3903.000,Cr1IDgtoIwjHadzo,,,,,,
3,296,2026-04-05T09:36:31.763Z,5225.000,7,3603.000,nbm0/St8w4GUlGA4,4300.000,jwNdRfwvt/DA6PNq,4387.000,3ro8QLJh0yyykLyV,4446.000,uHgM+VdJzX93m/5O,4532.000,UfIL2xPYUWA3pa2i,4584.000,h4OQZ7bMhp0Pbd5V,5225.000,Jg+7wzPVXO3fl6hF,,,,,,
3,297,2026-04-05T09:36:36.988Z,5806.000,7,5480.000,0vdW+g6toC/h3nqI,5505.000,jwNdRfwvt/DA6PNq,5510.000,Cr1IDgtoIwjHadzo,5568.000,UfIL2xPYUWA3pa2i,5582.000,nbm0/St8w4GUlGA4,5804.000,3ro8QLJh0yyykLyV,5806.000,h4OQZ7bMhp0Pbd5V,,,,,,
3,298,2026-04-05T09:36:42.794Z,6957.000,7,5546.000,UfIL2xPYUWA3pa2i,6359.000,nbm0/St8w4GUlGA4,6620.000,jwNdRfwvt/DA6PNq,6681.000,h4OQZ7bMhp0Pbd5V,6751.000,3ro8QLJh0yyykLyV,6910.000,WYac+BcEaEqjcD+O,6957.000,0vdW+g6toC/h3nqI,,,,,,
3,299,2026-04-05T09:36:49.751Z,8218.000,7,7179.000,WYac+BcEaEqjcD+O,7875.000,0vdW+g6toC/h3nqI,7934.000,Cr1IDgtoIwjHadzo,7961.000,UfIL2xPYUWA3pa2i,8043.000,3ro8QLJh0yyykLyV,8050.000,nbm0/St8w4GUlGA4,8218.000,uHgM+VdJzX93m/5O,,,,,,
3,300,2026-04-05T09:36:57.969Z,8161.000,7,8109.000,nbm0/St8w4GUlGA4,8123.000,0vdW+g6toC/h3nqI,8132.000,WYac+BcEaEqjcD+O,8141.000,uHgM+VdJzX93m/5O,8152.000,h4OQZ7bMhp0Pbd5V,8159.000,UfIL2xPYUWA3pa2i,8161.000,3ro8QLJh0yyykLyV,,,,,,
3,301,2026-04-05T09:37:06.130Z,8524.000,7,7319.000,Cr1IDgtoIwjHadzo,8406.000,WYac+BcEaEqjcD+O,8420.000,jwNdRfwvt/DA6PNq,8447.000,uHgM+VdJzX93m/5O,8449.000,Jg+7wzPVXO3fl6hF,8514.000,3ro8QLJh0yyykLyV,8524.000,UfIL2xPYUWA3pa2i,,,,,,
3,302,2026-04-05T09:37:14.654Z,7766.000,7,6838.000,Cr1IDgtoIwjHadzo,6856.000,Jg+7wzPVXO3fl6hF,6913.000,UfIL2xPYUWA3pa2i,7506.000,uHgM+VdJzX93m/5O,7718.000,WYac+BcEaEqjcD+O,7743.000,jwNdRfwvt/DA6PNq,7765.000,h4OQZ7bMhp0Pbd5V,,,,,,
3,303,2026-04-05T09:37:22.420Z,8154.000,7,7112.000,Cr1IDgtoIwjHadzo,7126.000,UfIL2xPYUWA3pa2i,7397.000,uHgM+VdJzX93m/5O,7473.000,WYac+BcEaEqjcD+O,7551.000,nbm0/St8w4GUlGA4,7598.000,jwNdRfwvt/DA6PNq,8154.000,3ro8QLJh0yyykLyV,,,,,,
3,304,2026-04-05T09:37:30.574Z,,0,,,,,,,,,,,,,,,,,,,,
4,1,2026-04-05T09:35:08.720Z,6896.000,7,3207.000,nbm0/St8w4GUlGA4,3447.000,jwNdRfwvt/DA6PNq,4639.000,Cr1IDgtoIwjHadzo,4933.000,UfIL2xPYUWA3pa2i,6218.000,uHgM+VdJzX93m/5O,6895.000,0vdW+g6toC/h3nqI,6896.000,3ro8QLJh0yyykLyV,,,,,,
4,2,2026-04-05T09:35:15.616Z,7.000,7,3.000,3ro8QLJh0yyykLyV,3.000,uHgM+VdJzX93m/5O,4.000,nbm0/St8w4GUlGA4,4.000,jwNdRfwvt/DA6PNq,5.000,UfIL2xPYUWA3pa2i,5.000,Cr1IDgtoIwjHadzo,7.000,0vdW+g6toC/h3nqI,,,,,,
4,3,2026-04-05T09:35:15.623Z,209.000,7,200.000,nbm0/St8w4GUlGA4,201.000,jwNdRfwvt/DA6PNq,202.000,UfIL2xPYUWA3pa2i,203.000,3ro8QLJh0yyykLyV,205.000,uHgM+VdJzX93m/5O,206.000,Cr1IDgtoIwjHadzo,209.000,0vdW+g6toC/h3nqI,,,,,,
4,4,2026-04-05T09:35:15.832Z,202.000,7,192.000,nbm0/St8w4GUlGA4,193.000,3ro8QLJh0yyykLyV,195.000,jwNdRfwvt/DA6PNq,197.000,Cr1IDgtoIwjHadzo,199.000,UfIL2xPYUWA3pa2i,200.000,uHgM+VdJzX93m/5O,202.000,0vdW+g6toC/h3nqI,,,,,,
4,5,2026-04-05T09:35:16.034Z,202.000,7,192.000,3ro8QLJh0yyykLyV,192.000,nbm0/St8w4GUlGA4,194.000,jwNdRfwvt/DA6PNq,196.000,UfIL2xPYUWA3pa2i,197.000,Cr1IDgtoIwjHadzo,200.000,uHgM+VdJzX93m/5O,201.000,0vdW+g6toC/h3nqI,,,,,,
4,6,2026-04-05T09:35:16.236Z,201.000,8,190.000,nbm0/St8w4GUlGA4,193.000,Cr1IDgtoIwjHadzo,194.000,jwNdRfwvt/DA6PNq,195.000,3ro8QLJh0yyykLyV,196.000,UfIL2xPYUWA3pa2i,199.000,uHgM+VdJzX93m/5O,201.000,0vdW+g6toC/h3nqI,336.000,h4OQZ7bMhp0Pbd5V,,,,
4,7,2026-04-05T09:35:16.437Z,200.000,8,190.000,nbm0/St8w4GUlGA4,193.000,jwNdRfwvt/DA6PNq,194.000,UfIL2xPYUWA3pa2i,195.000,Cr1IDgtoIwjHadzo,198.000,3ro8QLJh0yyykLyV,199.000,h4OQZ7bMhp0Pbd5V,200.000,uHgM+VdJzX93m/5O,202.000,0vdW+g6toC/h3nqI,,,,
4,8,2026-04-05T09:35:16.637Z,201.000,8,191.000,nbm0/St8w4GUlGA4,193.000,Cr1IDgtoIwjHadzo,195.000,UfIL2xPYUWA3pa2i,196.000,3ro8QLJh0yyykLyV,198.000,jwNdRfwvt/DA6PNq,200.000,uHgM+VdJzX93m/5O,201.000,h4OQZ7bMhp0Pbd5V,202.000,0vdW+g6toC/h3nqI,,,,
4,9,2026-04-05T09:35:16.838Z,203.000,9,192.000,3ro8QLJh0yyykLyV,193.000,nbm0/St8w4GUlGA4,195.000,UfIL2xPYUWA3pa2i,197.000,uHgM+VdJzX93m/5O,198.000,Cr1IDgtoIwjHadzo,199.000,jwNdRfwvt/DA6PNq,202.000,0vdW+g6toC/h3nqI,204.000,h4OQZ7bMhp0Pbd5V,241.000,WYac+BcEaEqjcD+O,,
4,10,2026-04-05T09:35:17.041Z,200.000,9,190.000,3ro8QLJh0yyykLyV,192.000,nbm0/St8w4GUlGA4,194.000,UfIL2xPYUWA3pa2i,195.000,uHgM+VdJzX93m/5O,196.000,WYac+BcEaEqjcD+O,198.000,jwNdRfwvt/DA6PNq,199.000,Cr1IDgtoIwjHadzo,201.000,h4OQZ7bMhp0Pbd5V,202.000,0vdW+g6toC/h3nqI,,
4,11,2026-04-05T09:35:17.241Z,201.000,9,191.000,3ro8QLJh0yyykLyV,193.000,nbm0/St8w4GUlGA4,194.000,UfIL2xPYUWA3pa2i,196.000,WYac+BcEaEqjcD+O,197.000,jwNdRfwvt/DA6PNq,199.000,Cr1IDgtoIwjHadzo,200.000,uHgM+VdJzX93m/5O,202.000,0vdW+g6toC/h3nqI,204.000,h4OQZ7bMhp0Pbd5V,,
4,12,2026-04-05T09:35:17.442Z,201.000,9,191.000,3ro8QLJh0yyykLyV,192.000,nbm0/St8w4GUlGA4,194.000,uHgM+VdJzX93m/5O,197.000,UfIL2xPYUWA3pa2i,198.000,WYac+BcEaEqjcD+O,200.000,jwNdRfwvt/DA6PNq,201.000,Cr1IDgtoIwjHadzo,202.000,h4OQZ7bMhp0Pbd5V,203.000,0vdW+g6toC/h3nqI,,
4,13,2026-04-05T09:35:17.643Z,201.000,9,191.000,nbm0/St8w4GUlGA4,193.000,3ro8QLJh0yyykLyV,194.000,uHgM+VdJzX93m/5O,197.000,jwNdRfwvt/DA6PNq,198.000,WYac+BcEaEqjcD+O,199.000,UfIL2xPYUWA3pa2i,201.000,Cr1IDgtoIwjHadzo,203.000,0vdW+g6toC/h3nqI,204.000,h4OQZ7bMhp0Pbd5V,,
4,14,2026-04-05T09:35:17.844Z,201.000,9,192.000,uHgM+VdJzX93m/5O,194.000,3ro8QLJh0yyykLyV,195.000,nbm0/St8w4GUlGA4,196.000,jwNdRfwvt/DA6PNq,198.000,UfIL2xPYUWA3pa2i,199.000,WYac+BcEaEqjcD+O,201.000,Cr1IDgtoIwjHadzo,202.000,0vdW+g6toC/h3nqI,203.000,h4OQZ7bMhp0Pbd5V,,
4,15,2026-04-05T09:35:18.045Z,201.000,9,191.000,nbm0/St8w4GUlGA4,194.000,uHgM+VdJzX93m/5O,196.000,3ro8QLJh0yyykLyV,197.000,jwNdRfwvt/DA6PNq,198.000,WYac+BcEaEqjcD+O,200.000,UfIL2xPYUWA3pa2i,201.000,Cr1IDgtoIwjHadzo,203.000,0vdW+g6toC/h3nqI,205.000,h4OQZ7bMhp0Pbd5V,,
4,16,2026-04-05T09:35:18.246Z,202.000,10,193.000,uHgM+VdJzX93m/5O,194.000,Cr1IDgtoIwjHadzo,196.000,3ro8QLJh0yyykLyV,197.000,nbm0/St8w4GUlGA4,199.000,jwNdRfwvt/DA6PNq,201.000,0vdW+g6toC/h3nqI,202.000,UfIL2xPYUWA3pa2i,203.000,WYac+BcEaEqjcD+O,205.000,h4OQZ7bMhp0Pbd5V,353.000,Jg+7wzPVXO3fl6hF
4,17,2026-04-05T09:35:18.448Z,200.000,10,190.000,uHgM+VdJzX93m/5O,191.000,nbm0/St8w4GUlGA4,193.000,WYac+BcEaEqjcD+O,195.000,jwNdRfwvt/DA6PNq,196.000,UfIL2xPYUWA3pa2i,197.000,3ro8QLJh0yyykLyV,200.000,Cr1IDgtoIwjHadzo,201.000,0vdW+g6toC/h3nqI,205.000,h4OQZ7bMhp0Pbd5V,307.000,Jg+7wzPVXO3fl6hF
4,18,2026-04-05T09:35:18.648Z,201.000,10,191.000,uHgM+VdJzX93m/5O,193.000,WYac+BcEaEqjcD+O,195.000,nbm0/St8w4GUlGA4,197.000,Cr1IDgtoIwjHadzo,198.000,3ro8QLJh0yyykLyV,199.000,UfIL2xPYUWA3pa2i,201.000,0vdW+g6toC/h3nqI,202.000,jwNdRfwvt/DA6PNq,205.000,h4OQZ7bMhp0Pbd5V,309.000,Jg+7wzPVXO3fl6hF
4,19,2026-04-05T09:35:18.849Z,200.000,10,192.000,nbm0/St8w4GUlGA4,194.000,WYac+BcEaEqjcD+O,195.000,uHgM+VdJzX93m/5O,196.000,UfIL2xPYUWA3pa2i,198.000,Cr1IDgtoIwjHadzo,199.000,jwNdRfwvt/DA6PNq,200.000,3ro8QLJh0yyykLyV,202.000,0vdW+g6toC/h3nqI,206.000,h4OQZ7bMhp0Pbd5V,310.000,Jg+7wzPVXO3fl6hF
4,20,2026-04-05T09:35:19.049Z,202.000,10,193.000,nbm0/St8w4GUlGA4,195.000,uHgM+VdJzX93m/5O,196.000,3ro8QLJh0yyykLyV,197.000,WYac+BcEaEqjcD+O,199.000,UfIL2xPYUWA3pa2i,200.000,Cr1IDgtoIwjHadzo,201.000,jwNdRfwvt/DA6PNq,204.000,0vdW+g6toC/h3nqI,208.000,h4OQZ7bMhp0Pbd5V,311.000,Jg+7wzPVXO3fl6hF
4,21,2026-04-05T09:35:19.251Z,201.000,10,191.000,nbm0/St8w4GUlGA4,193.000,WYac+BcEaEqjcD+O,195.000,UfIL2xPYUWA3pa2i,196.000,uHgM+VdJzX93m/5O,197.000,3ro8QLJh0yyykLyV,199.000,jwNdRfwvt/DA6PNq,200.000,Cr1IDgtoIwjHadzo,202.000,0vdW+g6toC/h3nqI,206.000,h4OQZ7bMhp0Pbd5V,310.000,Jg+7wzPVXO3fl6hF
4,22,2026-04-05T09:35:19.452Z,201.000,10,192.000,WYac+BcEaEqjcD+O,194.000,UfIL2xPYUWA3pa2i,195.000,nbm0/St8w4GUlGA4,197.000,jwNdRfwvt/DA6PNq,198.000,uHgM+VdJzX93m/5O,200.000,3ro8QLJh0yyykLyV,201.000,Cr1IDgtoIwjHadzo,203.000,0vdW+g6toC/h3nqI,206.000,h4OQZ7bMhp0Pbd5V,310.000,Jg+7wzPVXO3fl6hF
4,23,2026-04-05T09:35:19.653Z,201.000,10,192.000,nbm0/St8w4GUlGA4,193.000,3ro8QLJh0yyykLyV,195.000,UfIL2xPYUWA3pa2i,196.000,WYac+BcEaEqjcD+O,198.000,jwNdRfwvt/DA6PNq,199.000,uHgM+VdJzX93m/5O,201.000,Cr1IDgtoIwjHadzo,202.000,0vdW+g6toC/h3nqI,205.000,h4OQZ7bMhp0Pbd5V,311.000,Jg+7wzPVXO3fl6hF
4,24,2026-04-05T09:35:19.854Z,201.000,9,191.000,UfIL2xPYUWA3pa2i,193.000,nbm0/St8w4GUlGA4,195.000,jwNdRfwvt/DA6PNq,197.000,3ro8QLJh0yyykLyV,199.000,WYac+BcEaEqjcD+O,200.000,Cr1IDgtoIwjHadzo,201.000,uHgM+VdJzX93m/5O,202.000,h4OQZ7bMhp0Pbd5V,204.000,0vdW+g6toC/h3nqI,,
4,25,2026-04-05T09:35:20.055Z,201.000,10,109.000,Jg+7wzPVXO3fl6hF,192.000,nbm0/St8w4GUlGA4,194.000,UfIL2xPYUWA3pa2i,196.000,jwNdRfwvt/DA6PNq,197.000,uHgM+VdJzX93m/5O,198.000,3ro8QLJh0yyykLyV,200.000,WYac+BcEaEqjcD+O,202.000,Cr1IDgtoIwjHadzo,203.000,0vdW+g6toC/h3nqI,205.000,h4OQZ7bMhp0Pbd5V
4,26,2026-04-05T09:35:20.256Z,200.000,10,110.000,Jg+7wzPVXO3fl6hF,191.000,UfIL2xPYUWA3pa2i,194.000,jwNdRfwvt/DA6PNq,195.000,nbm0/St8w4GUlGA4,197.000,3ro8QLJh0yyykLyV,198.000,Cr1IDgtoIwjHadzo,200.000,uHgM+VdJzX93m/5O,201.000,WYac+BcEaEqjcD+O,202.000,0vdW+g6toC/h3nqI,205.000,h4OQZ7bMhp0Pbd5V
4,27,2026-04-05T09:35:20.456Z,200.000,10,112.000,Jg+7wzPVXO3fl6hF,193.000,nbm0/St8w4GUlGA4,195.000,jwNdRfwvt/DA6PNq,196.000,3ro8QLJh0yyykLyV,198.000,UfIL2xPYUWA3pa2i,199.000,Cr1IDgtoIwjHadzo,200.000,uHgM+VdJzX93m/5O,202.000,WYac+BcEaEqjcD+O,204.000,0vdW+g6toC/h3nqI,206.000,h4OQZ7bMhp0Pbd5V
4,28,2026-04-05T09:35:20.656Z,201.000,10,113.000,Jg+7wzPVXO3fl6hF,193.000,nbm0/St8w4GUlGA4,196.000,UfIL2xPYUWA3pa2i,197.000,3ro8QLJh0yyykLyV,199.000,jwNdRfwvt/DA6PNq,200.000,WYac+BcEaEqjcD+O,201.000,Cr1IDgtoIwjHadzo,203.000,uHgM+VdJzX93m/5O,205.000,0vdW+g6toC/h3nqI,207.000,h4OQZ7bMhp0Pbd5V
4,29,2026-04-05T09:35:20.857Z,202.000,10,113.000,Jg+7wzPVXO3fl6hF,195.000,nbm0/St8w4GUlGA4,196.000,WYac+BcEaEqjcD+O,198.000,3ro8QLJh0yyykLyV,199.000,UfIL2xPYUWA3pa2i,200.000,jwNdRfwvt/DA6PNq,201.000,Cr1IDgtoIwjHadzo,203.000,uHgM+VdJzX93m/5O,205.000,0vdW+g6toC/h3nqI,207.000,h4OQZ7bMhp0Pbd5V
4,30,2026-04-05T09:35:21.059Z,202.000,10,112.000,Jg+7wzPVXO3fl6hF,193.000,nbm0/St8w4GUlGA4,196.000,jwNdRfwvt/DA6PNq,197.000,3ro8QLJh0yyykLyV,198.000,WYac+BcEaEqjcD+O,200.000,uHgM+VdJzX93m/5O,202.000,Cr1IDgtoIwjHadzo,203.000,UfIL2xPYUWA3pa2i,204.000,0vdW+g6toC/h3nqI,208.000,h4OQZ7bMhp0Pbd5V
4,31,2026-04-05T09:35:21.261Z,199.000,10,111.000,Jg+7wzPVXO3fl6hF,191.000,nbm0/St8w4GUlGA4,194.000,jwNdRfwvt/DA6PNq,195.000,uHgM+VdJzX93m/5O,197.000,WYac+BcEaEqjcD+O,198.000,Cr1IDgtoIwjHadzo,199.000,3ro8QLJh0yyykLyV,201.000,UfIL2xPYUWA3pa2i,203.000,0vdW+g6toC/h3nqI,204.000,h4OQZ7bMhp0Pbd5V
4,32,2026-04-05T09:35:21.460Z,203.000,10,129.000,Jg+7wzPVXO3fl6hF,191.000,nbm0/St8w4GUlGA4,197.000,UfIL2xPYUWA3pa2i,199.000,3ro8QLJh0yyykLyV,200.000,0vdW+g6toC/h3nqI,202.000,jwNdRfwvt/DA6PNq,203.000,uHgM+VdJzX93m/5O,204.000,Cr1IDgtoIwjHadzo,205.000,WYac+BcEaEqjcD+O,207.000,h4OQZ7bMhp0Pbd5V
4,33,2026-04-05T09:35:21.663Z,200.000,10,111.000,Jg+7wzPVXO3fl6hF,192.000,nbm0/St8w4GUlGA4,194.000,UfIL2xPYUWA3pa2i,196.000,jwNdRfwvt/DA6PNq,197.000,uHgM+VdJzX93m/5O,198.000,3ro8QLJh0yyykLyV,199.000,WYac+BcEaEqjcD+O,201.000,Cr1IDgtoIwjHadzo,202.000,0vdW+g6toC/h3nqI,205.000,h4OQZ7bMhp0Pbd5V
4,34,2026-04-05T09:35:21.863Z,201.000,10,113.000,Jg+7wzPVXO3fl6hF,194.000,3ro8QLJh0yyykLyV,195.000,nbm0/St8w4GUlGA4,197.000,UfIL2xPYUWA3pa2i,198.000,jwNdRfwvt/DA6PNq,199.000,WYac+BcEaEqjcD+O,201.000,uHgM+VdJzX93m/5O,203.000,Cr1IDgtoIwjHadzo,204.000,0vdW+g6toC/h3nqI,205.000,h4OQZ7bMhp0Pbd5V
4,35,2026-04-05T09:35:22.064Z,201.000,10,113.000,Jg+7wzPVXO3fl6hF,192.000,nbm0/St8w4GUlGA4,195.000,3ro8QLJh0yyykLyV,197.000,UfIL2xPYUWA3pa2i,199.000,Cr1IDgtoIwjHadzo,200.000,WYac+BcEaEqjcD+O,201.000,uHgM+VdJzX93m/5O,202.000,0vdW+g6toC/h3nqI,203.000,jwNdRfwvt/DA6PNq,207.000,h4OQZ7bMhp0Pbd5V
4,36,2026-04-05T09:35:22.265Z,200.000,10,113.000,Jg+7wzPVXO3fl6hF,192.000,nbm0/St8w4GUlGA4,195.000,uHgM+VdJzX93m/5O,196.000,jwNdRfwvt/DA6PNq,198.000,3ro8QLJh0yyykLyV,199.000,Cr1IDgtoIwjHadzo,200.000,UfIL2xPYUWA3pa2i,202.000,WYac+BcEaEqjcD+O,204.000,0vdW+g6toC/h3nqI,207.000,h4OQZ7bMhp0Pbd5V
4,37,2026-04-05T09:35:22.465Z,202.000,10,114.000,Jg+7wzPVXO3fl6hF,194.000,nbm0/St8w4GUlGA4,197.000,WYac+BcEaEqjcD+O,198.000,jwNdRfwvt/DA6PNq,199.000,uHgM+VdJzX93m/5O,201.000,3ro8QLJh0yyykLyV,202.000,UfIL2xPYUWA3pa2i,204.000,Cr1IDgtoIwjHadzo,206.000,0vdW+g6toC/h3nqI,208.000,h4OQZ7bMhp0Pbd5V
4,38,2026-04-05T09:35:22.667Z,201.000,10,113.000,Jg+7wzPVXO3fl6hF,193.000,nbm0/St8w4GUlGA4,196.000,jwNdRfwvt/DA6PNq,197.000,uHgM+VdJzX93m/5O,198.000,Cr1IDgtoIwjHadzo,199.000,UfIL2xPYUWA3pa2i,201.000,3ro8QLJh0yyykLyV,202.000,WYac+BcEaEqjcD+O,203.000,0vdW+g6toC/h3nqI,207.000,h4OQZ7bMhp0Pbd5V
4,39,2026-04-05T09:35:22.868Z,197.000,10,113.000,Jg+7wzPVXO3fl6hF,191.000,jwNdRfwvt/DA6PNq,193.000,nbm0/St8w4GUlGA4,194.000,3ro8QLJh0yyykLyV,195.000,uHgM+VdJzX93m/5O,196.000,UfIL2xPYUWA3pa2i,196.000,WYac+BcEaEqjcD+O,197.000,Cr1IDgtoIwjHadzo,204.000,0vdW+g6toC/h3nqI,206.000,h4OQZ7bMhp0Pbd5V
4,40,2026-04-05T09:35:23.065Z,202.000,10,118.000,Jg+7wzPVXO3fl6hF,195.000,nbm0/St8w4GUlGA4,196.000,jwNdRfwvt/DA6PNq,198.000,uHgM+VdJzX93m/5O,200.000,UfIL2xPYUWA3pa2i,201.000,Cr1IDgtoIwjHadzo,202.000,WYac+BcEaEqjcD+O,203.000,3ro8QLJh0yyykLyV,204.000,0vdW+g6toC/h3nqI,210.000,h4OQZ7bMhp0Pbd5V
4,41,2026-04-05T09:35:23.267Z,201.000,10,116.000,Jg+7wzPVXO3fl6hF,191.000,nbm0/St8w4GUlGA4,198.000,WYac+BcEaEqjcD+O,199.000,Cr1IDgtoIwjHadzo,199.000,UfIL2xPYUWA3pa2i,200.000,uHgM+VdJzX93m/5O,200.000,jwNdRfwvt/DA6PNq,201.000,3ro8QLJh0yyykLyV,202.000,0vdW+g6toC/h3nqI,210.000,h4OQZ7bMhp0Pbd5V
4,42,2026-04-05T09:35:23.468Z,202.000,10,117.000,Jg+7wzPVXO3fl6hF,193.000,nbm0/St8w4GUlGA4,194.000,jwNdRfwvt/DA6PNq,197.000,Cr1IDgtoIwjHadzo,200.000,3ro8QLJh0yyykLyV,201.000,WYac+BcEaEqjcD+O,202.000,UfIL2xPYUWA3pa2i,203.000,uHgM+VdJzX93m/5O,204.000,0vdW+g6toC/h3nqI,209.000,h4OQZ7bMhp0Pbd5V
4,43,2026-04-05T09:35:23.670Z,199.000,10,115.000,Jg+7wzPVXO3fl6hF,192.000,nbm0/St8w4GUlGA4,195.000,uHgM+VdJzX93m/5O,196.000,jwNdRfwvt/DA6PNq,198.000,UfIL2xPYUWA3pa2i,199.000,WYac+BcEaEqjcD+O,199.000,Cr1IDgtoIwjHadzo,200.000,0vdW+g6toC/h3nqI,201.000,3ro8QLJh0yyykLyV,208.000,h4OQZ7bMhp0Pbd5V
4,44,2026-04-05T09:35:23.869Z,205.000,10,118.000,Jg+7wzPVXO3fl6hF,195.000,nbm0/St8w4GUlGA4,200.000,3ro8QLJh0yyykLyV,201.000,jwNdRfwvt/DA6PNq,202.000,Cr1IDgtoIwjHadzo,204.000,uHgM+VdJzX93m/5O,205.000,WYac+BcEaEqjcD+O,206.000,UfIL2xPYUWA3pa2i,208.000,0vdW+g6toC/h3nqI,210.000,h4OQZ7bMhp0Pbd5V
4,45,2026-04-05T09:35:24.074Z,201.000,10,114.000,Jg+7wzPVXO3fl6hF,193.000,nbm0/St8w4GUlGA4,196.000,jwNdRfwvt/DA6PNq,197.000,uHgM+VdJzX93m/5O,198.000,Cr1IDgtoIwjHadzo,199.000,UfIL2xPYUWA3pa2i,201.000,3ro8QLJh0yyykLyV,202.000,WYac+BcEaEqjcD+O,204.000,0vdW+g6toC/h3nqI,207.000,h4OQZ7bMhp0Pbd5V
4,46,2026-04-05T09:35:24.275Z,199.000,10,114.000,Jg+7wzPVXO3fl6hF,192.000,nbm0/St8w4GUlGA4,194.000,Cr1IDgtoIwjHadzo,196.000,UfIL2xPYUWA3pa2i,196.000,jwNdRfwvt/DA6PNq,198.000,WYac+BcEaEqjcD+O,199.000,3ro8QLJh0yyykLyV,200.000,uHgM+VdJzX93m/5O,201.000,0vdW+g6toC/h3nqI,206.000,h4OQZ7bMhp0Pbd5V
4,47,2026-04-05T09:35:24.474Z,204.000,10,116.000,Jg+7wzPVXO3fl6hF,196.000,Cr1IDgtoIwjHadzo,197.000,nbm0/St8w4GUlGA4,200.000,WYac+BcEaEqjcD+O,201.000,jwNdRfwvt/DA6PNq,203.000,UfIL2xPYUWA3pa2i,204.000,3ro8QLJh0yyykLyV,206.000,uHgM+VdJzX93m/5O,207.000,0vdW+g6toC/h3nqI,208.000,h4OQZ7bMhp0Pbd5V
4,48,2026-04-05T09:35:24.678Z,201.000,10,114.000,Jg+7wzPVXO3fl6hF,192.000,Cr1IDgtoIwjHadzo,194.000,nbm0/St8w4GUlGA4,197.000,3ro8QLJh0yyykLyV,198.000,WYac+BcEaEqjcD+O,199.000,jwNdRfwvt/DA6PNq,200.000,UfIL2xPYUWA3pa2i,202.000,uHgM+VdJzX93m/5O,203.000,0vdW+g6toC/h3nqI,206.000,h4OQZ7bMhp0Pbd5V
4,49,2026-04-05T09:35:24.879Z,202.000,10,115.000,Jg+7wzPVXO3fl6hF,194.000,Cr1IDgtoIwjHadzo,195.000,nbm0/St8w4GUlGA4,197.000,3ro8QLJh0yyykLyV,199.000,UfIL2xPYUWA3pa2i,200.000,jwNdRfwvt/DA6PNq,202.000,uHgM+VdJzX93m/5O,203.000,WYac+BcEaEqjcD+O,204.000,0vdW+g6toC/h3nqI,206.000,h4OQZ7bMhp0Pbd5V
4,50,2026-04-05T09:35:25.081Z,200.000,10,114.000,Jg+7wzPVXO3fl6hF,192.000,nbm0/St8w4GUlGA4,195.000,Cr1IDgtoIwjHadzo,196.000,uHgM+VdJzX93m/5O,197.000,UfIL2xPYUWA3pa2i,198.000,3ro8QLJh0yyykLyV,200.000,jwNdRfwvt/DA6PNq,201.000,WYac+BcEaEqjcD+O,203.000,0vdW+g6toC/h3nqI,205.000,h4OQZ7bMhp0Pbd5V
4,51,2026-04-05T09:35:25.281Z,202.000,10,115.000,Jg+7wzPVXO3fl6hF,193.000,nbm0/St8w4GUlGA4,196.000,3ro8QLJh0yyykLyV,197.000,Cr1IDgtoIwjHadzo,199.000,WYac+BcEaEqjcD+O,200.000,uHgM+VdJzX93m/5O,202.000,jwNdRfwvt/DA6PNq,203.000,0vdW+g6toC/h3nqI,204.000,UfIL2xPYUWA3pa2i,206.000,h4OQZ7bMhp0Pbd5V
4,52,2026-04-05T09:35:25.483Z,201.000,10,114.000,Jg+7wzPVXO3fl6hF,193.000,nbm0/St8w4GUlGA4,195.000,uHgM+VdJzX93m/5O,196.000,3ro8QLJh0yyykLyV,198.000,jwNdRfwvt/DA6PNq,199.000,Cr1IDgtoIwjHadzo,201.000,UfIL2xPYUWA3pa2i,202.000,WYac+BcEaEqjcD+O,203.000,0vdW+g6toC/h3nqI,205.000,h4OQZ7bMhp0Pbd5V
4,53,2026-04-05T09:35:25.684Z,200.000,10,114.000,Jg+7wzPVXO3fl6hF,189.000,nbm0/St8w4GUlGA4,194.000,3ro8QLJh0yyykLyV,196.000,jwNdRfwvt/DA6PNq,197.000,Cr1IDgtoIwjHadzo,199.000,UfIL2xPYUWA3pa2i,200.000,uHgM+VdJzX93m/5O,201.000,WYac+BcEaEqjcD+O,203.000,0vdW+g6toC/h3nqI,205.000,h4OQZ7bMhp0Pbd5V
4,54,2026-04-05T09:35:25.884Z,201.000,10,115.000,Jg+7wzPVXO3fl6hF,193.000,nbm0/St8w4GUlGA4,195.000,uHgM+VdJzX93m/5O,197.000,3ro8QLJh0yyykLyV,198.000,jwNdRfwvt/DA6PNq,199.000,UfIL2xPYUWA3pa2i,201.000,Cr1IDgtoIwjHadzo,202.000,WYac+BcEaEqjcD+O,204.000,0vdW+g6toC/h3nqI,206.000,h4OQZ7bMhp0Pbd5V
4,55,2026-04-05T09:35:26.085Z,201.000,10,115.000,Jg+7wzPVXO3fl6hF,193.000,nbm0/St8w4GUlGA4,195.000,uHgM+VdJzX93m/5O,197.000,jwNdRfwvt/DA6PNq,198.000,3ro8QLJh0yyykLyV,200.000,UfIL2xPYUWA3pa2i,201.000,WYac+BcEaEqjcD+O,202.000,Cr1IDgtoIwjHadzo,203.000,0vdW+g6toC/h3nqI,206.000,h4OQZ7bMhp0Pbd5V
4,56,2026-04-05T09:35:26.286Z,202.000,10,115.000,Jg+7wzPVXO3fl6hF,194.000,uHgM+VdJzX93m/5O,196.000,3ro8QLJh0yyykLyV,196.000,nbm0/St8w4GUlGA4,198.000,jwNdRfwvt/DA6PNq,200.000,UfIL2xPYUWA3pa2i,202.000,Cr1IDgtoIwjHadzo,203.000,WYac+BcEaEqjcD+O,204.000,0vdW+g6toC/h3nqI,206.000,h4OQZ7bMhp0Pbd5V
4,57,2026-04-05T09:35:26.488Z,200.000,10,114.000,Jg+7wzPVXO3fl6hF,191.000,nbm0/St8w4GUlGA4,195.000,uHgM+VdJzX93m/5O,196.000,3ro8QLJh0yyykLyV,197.000,jwNdRfwvt/DA6PNq,199.000,Cr1IDgtoIwjHadzo,200.000,WYac+BcEaEqjcD+O,202.000,0vdW+g6toC/h3nqI,203.000,UfIL2xPYUWA3pa2i,206.000,h4OQZ7bMhp0Pbd5V
4,58,2026-04-05T09:35:26.688Z,201.000,10,115.000,Jg+7wzPVXO3fl6hF,195.000,jwNdRfwvt/DA6PNq,196.000,nbm0/St8w4GUlGA4,197.000,3ro8QLJh0yyykLyV,199.000,UfIL2xPYUWA3pa2i,200.000,WYac+BcEaEqjcD+O,201.000,uHgM+VdJzX93m/5O,203.000,0vdW+g6toC/h3nqI,204.000,Cr1IDgtoIwjHadzo,207.000,h4OQZ7bMhp0Pbd5V
4,59,2026-04-05T09:35:26.889Z,202.000,10,116.000,Jg+7wzPVXO3fl6hF,195.000,nbm0/St8w4GUlGA4,196.000,Cr1IDgtoIwjHadzo,198.000,3ro8QLJh0yyykLyV,199.000,WYac+BcEaEqjcD+O,201.000,jwNdRfwvt/DA6PNq,202.000,UfIL2xPYUWA3pa2i,203.000,uHgM+VdJzX93m/5O,204.000,0vdW+g6toC/h3nqI,207.000,h4OQZ7bMhp0Pbd5V
4,60,2026-04-05T09:35:27.091Z,201.000,10,115.000,Jg+7wzPVXO3fl6hF,193.000,nbm0/St8w4GUlGA4,195.000,UfIL2xPYUWA3pa2i,197.000,WYac+BcEaEqjcD+O,198.000,0vdW+g6toC/h3nqI,199.000,Cr1IDgtoIwjHadzo,201.000,jwNdRfwvt/DA6PNq,202.000,uHgM+VdJzX93m/5O,203.000,3ro8QLJh0yyykLyV,207.000,h4OQZ7bMhp0Pbd5V
4,61,2026-04-05T09:35:27.292Z,201.000,10,115.000,Jg+7wzPVXO3fl6hF,193.000,nbm0/St8w4GUlGA4,196.000,UfIL2xPYUWA3pa2i,197.000,3ro8QLJh0yyykLyV,198.000,WYac+BcEaEqjcD+O,199.000,Cr1IDgtoIwjHadzo,201.000,0vdW+g6toC/h3nqI,202.000,uHgM+VdJzX93m/5O,203.000,jwNdRfwvt/DA6PNq,207.000,h4OQZ7bMhp0Pbd5V
4,62,2026-04-05T09:35:27.493Z,202.000,10,116.000,Jg+7wzPVXO3fl6hF,195.000,nbm0/St8w4GUlGA4,197.000,0vdW+g6toC/h3nqI,198.000,uHgM+VdJzX93m/5O,199.000,UfIL2xPYUWA3pa2i,200.000,jwNdRfwvt/DA6PNq,202.000,Cr1IDgtoIwjHadzo,203.000,3ro8QLJh0yyykLyV,204.000,WYac+BcEaEqjcD+O,207.000,h4OQZ7bMhp0Pbd5V
4,63,2026-04-05T09:35:27.695Z,201.000,10,115.000,Jg+7wzPVXO3fl6hF,193.000,nbm0/St8w4GUlGA4,195.000,UfIL2xPYUWA3pa2i,196.000,WYac+BcEaEqjcD+O,198.000,0vdW+g6toC/h3nqI,199.000,uHgM+VdJzX93m/5O,200.000,jwNdRfwvt/DA6PNq,202.000,Cr1IDgtoIwjHadzo,203.000,3ro8QLJh0yyykLyV,206.000,h4OQZ7bMhp0Pbd5V
4,64,2026-04-05T09:35:27.896Z,200.000,10,116.000,Jg+7wzPVXO3fl6hF,192.000,nbm0/St8w4GUlGA4,195.000,0vdW+g6toC/h3nqI,196.000,uHgM+VdJzX93m/5O,197.000,UfIL2xPYUWA3pa2i,198.000,WYac+BcEaEqjcD+O,200.000,jwNdRfwvt/DA6PNq,201.000,Cr1IDgtoIwjHadzo,203.000,3ro8QLJh0yyykLyV,205.000,h4OQZ7bMhp0Pbd5V
4,65,2026-04-05T09:35:28.096Z,201.000,10,117.000,Jg+7wzPVXO3fl6hF,193.000,WYac+BcEaEqjcD+O,195.000,nbm0/St8w4GUlGA4,197.000,UfIL2xPYUWA3pa2i,198.000,0vdW+g6toC/h3nqI,199.000,3ro8QLJh0yyykLyV,201.000,jwNdRfwvt/DA6PNq,202.000,uHgM+VdJzX93m/5O,203.000,Cr1IDgtoIwjHadzo,206.000,h4OQZ7bMhp0Pbd5V
4,66,2026-04-05T09:35:28.297Z,201.000,10,117.000,Jg+7wzPVXO3fl6hF,194.000,nbm0/St8w4GUlGA4,196.000,jwNdRfwvt/DA6PNq,197.000,0vdW+g6toC/h3nqI,198.000,WYac+BcEaEqjcD+O,200.000,Cr1IDgtoIwjHadzo,201.000,3ro8QLJh0yyykLyV,202.000,uHgM+VdJzX93m/5O,203.000,UfIL2xPYUWA3pa2i,207.000,h4OQZ7bMhp0Pbd5V
4,67,2026-04-05T09:35:28.498Z,201.000,10,117.000,Jg+7wzPVXO3fl6hF,192.000,nbm0/St8w4GUlGA4,196.000,jwNdRfwvt/DA6PNq,197.000,3ro8QLJh0yyykLyV,198.000,0vdW+g6toC/h3nqI,200.000,WYac+BcEaEqjcD+O,201.000,uHgM+VdJzX93m/5O,202.000,UfIL2xPYUWA3pa2i,203.000,Cr1IDgtoIwjHadzo,207.000,h4OQZ7bMhp0Pbd5V
4,68,2026-04-05T09:35:28.699Z,200.000,10,118.000,Jg+7wzPVXO3fl6hF,190.000,nbm0/St8w4GUlGA4,194.000,jwNdRfwvt/DA6PNq,196.000,Cr1IDgtoIwjHadzo,197.000,WYac+BcEaEqjcD+O,199.000,0vdW+g6toC/h3nqI,200.000,3ro8QLJh0yyykLyV,201.000,UfIL2xPYUWA3pa2i,202.000,uHgM+VdJzX93m/5O,207.000,h4OQZ7bMhp0Pbd5V
4,69,2026-04-05T09:35:28.899Z,202.000,10,119.000,Jg+7wzPVXO3fl6hF,193.000,nbm0/St8w4GUlGA4,196.000,jwNdRfwvt/DA6PNq,198.000,Cr1IDgtoIwjHadzo,199.000,0vdW+g6toC/h3nqI,200.000,UfIL2xPYUWA3pa2i,201.000,3ro8QLJh0yyykLyV,203.000,WYac+BcEaEqjcD+O,204.000,uHgM+VdJzX93m/5O,206.000,h4OQZ7bMhp0Pbd5V
4,70,2026-04-05T09:35:29.101Z,201.000,10,119.000,Jg+7wzPVXO3fl6hF,189.000,nbm0/St8w4GUlGA4,196.000,3ro8QLJh0yyykLyV,198.000,Cr1IDgtoIwjHadzo,199.000,UfIL2xPYUWA3pa2i,200.000,0vdW+g6toC/h3nqI,201.000,WYac+BcEaEqjcD+O,203.000,uHgM+VdJzX93m/5O,204.000,jwNdRfwvt/DA6PNq,207.000,h4OQZ7bMhp0Pbd5V
4,71,2026-04-05T09:35:29.302Z,202.000,10,118.000,Jg+7wzPVXO3fl6hF,192.000,nbm0/St8w4GUlGA4,196.000,jwNdRfwvt/DA6PNq,197.000,WYac+BcEaEqjcD+O,198.000,UfIL2xPYUWA3pa2i,199.000,uHgM+VdJzX93m/5O,202.000,3ro8QLJh0yyykLyV,203.000,Cr1IDgtoIwjHadzo,204.000,0vdW+g6toC/h3nqI,205.000,h4OQZ7bMhp0Pbd5V
4,72,2026-04-05T09:35:29.504Z,201.000,10,118.000,Jg+7wzPVXO3fl6hF,188.000,nbm0/St8w4GUlGA4,195.000,uHgM+VdJzX93m/5O,196.000,jwNdRfwvt/DA6PNq,198.000,Cr1IDgtoIwjHadzo,199.000,UfIL2xPYUWA3pa2i,200.000,0vdW+g6toC/h3nqI,202.000,3ro8QLJh0yyykLyV,204.000,WYac+BcEaEqjcD+O,205.000,h4OQZ7bMhp0Pbd5V
4,73,2026-04-05T09:35:29.705Z,201.000,10,118.000,Jg+7wzPVXO3fl6hF,193.000,nbm0/St8w4GUlGA4,195.000,3ro8QLJh0yyykLyV,197.000,0vdW+g6toC/h3nqI,198.000,jwNdRfwvt/DA6PNq,199.000,Cr1IDgtoIwjHadzo,200.000,WYac+BcEaEqjcD+O,202.000,UfIL2xPYUWA3pa2i,203.000,uHgM+VdJzX93m/5O,207.000,h4OQZ7bMhp0Pbd5V
4,74,2026-04-05T09:35:29.906Z,201.000,10,119.000,Jg+7wzPVXO3fl6hF,193.000,nbm0/St8w4GUlGA4,196.000,Cr1IDgtoIwjHadzo,197.000,uHgM+VdJzX93m/5O,198.000,jwNdRfwvt/DA6PNq,199.000,UfIL2xPYUWA3pa2i,201.000,WYac+BcEaEqjcD+O,202.000,3ro8QLJh0yyykLyV,203.000,0vdW+g6toC/h3nqI,208.000,h4OQZ7bMhp0Pbd5V
4,75,2026-04-05T09:35:30.107Z,201.000,10,119.000,Jg+7wzPVXO3fl6hF,194.000,nbm0/St8w4GUlGA4,196.000,0vdW+g6toC/h3nqI,197.000,jwNdRfwvt/DA6PNq,198.000,uHgM+VdJzX93m/5O,200.000,UfIL2xPYUWA3pa2i,201.000,3ro8QLJh0yyykLyV,202.000,Cr1IDgtoIwjHadzo,204.000,WYac+BcEaEqjcD+O,207.000,h4OQZ7bMhp0Pbd5V
4,76,2026-04-05T09:35:30.308Z,201.000,10,120.000,Jg+7wzPVXO3fl6hF,194.000,nbm0/St8w4GUlGA4,196.000,jwNdRfwvt/DA6PNq,197.000,UfIL2xPYUWA3pa2i,199.000,Cr1IDgtoIwjHadzo,200.000,uHgM+VdJzX93m/5O,201.000,0vdW+g6toC/h3nqI,202.000,WYac+BcEaEqjcD+O,203.000,3ro8QLJh0yyykLyV,208.000,h4OQZ7bMhp0Pbd5V
4,77,2026-04-05T09:35:30.509Z,201.000,10,119.000,Jg+7wzPVXO3fl6hF,194.000,jwNdRfwvt/DA6PNq,196.000,nbm0/St8w4GUlGA4,198.000,uHgM+VdJzX93m/5O,199.000,3ro8QLJh0yyykLyV,200.000,0vdW+g6toC/h3nqI,201.000,Cr1IDgtoIwjHadzo,203.000,WYac+BcEaEqjcD+O,204.000,UfIL2xPYUWA3pa2i,207.000,h4OQZ7bMhp0Pbd5V
4,78,2026-04-05T09:35:30.710Z,202.000,10,119.000,Jg+7wzPVXO3fl6hF,195.000,nbm0/St8w4GUlGA4,197.000,UfIL2xPYUWA3pa2i,198.000,uHgM+VdJzX93m/5O,199.000,0vdW+g6toC/h3nqI,200.000,WYac+BcEaEqjcD+O,202.000,Cr1IDgtoIwjHadzo,203.000,3ro8QLJh0yyykLyV,205.000,jwNdRfwvt/DA6PNq,208.000,h4OQZ7bMhp0Pbd5V
4,79,2026-04-05T09:35:30.912Z,201.000,10,118.000,Jg+7wzPVXO3fl6hF,194.000,nbm0/St8w4GUlGA4,196.000,3ro8QLJh0yyykLyV,197.000,uHgM+VdJzX93m/5O,198.000,0vdW+g6toC/h3nqI,200.000,WYac+BcEaEqjcD+O,201.000,Cr1IDgtoIwjHadzo,202.000,jwNdRfwvt/DA6PNq,204.000,UfIL2xPYUWA3pa2i,207.000,h4OQZ7bMhp0Pbd5V
4,80,2026-04-05T09:35:31.113Z,203.000,10,119.000,Jg+7wzPVXO3fl6hF,194.000,nbm0/St8w4GUlGA4,197.000,jwNdRfwvt/DA6PNq,199.000,uHgM+VdJzX93m/5O,200.000,Cr1IDgtoIwjHadzo,201.000,UfIL2xPYUWA3pa2i,202.000,3ro8QLJh0yyykLyV,204.000,0vdW+g6toC/h3nqI,206.000,WYac+BcEaEqjcD+O,208.000,h4OQZ7bMhp0Pbd5V
4,81,2026-04-05T09:35:31.316Z,204.000,10,117.000,Jg+7wzPVXO3fl6hF,194.000,0vdW+g6toC/h3nqI,197.000,3ro8QLJh0yyykLyV,197.000,nbm0/St8w4GUlGA4,200.000,UfIL2xPYUWA3pa2i,202.000,uHgM+VdJzX93m/5O,204.000,jwNdRfwvt/DA6PNq,205.000,Cr1IDgtoIwjHadzo,206.000,WYac+BcEaEqjcD+O,207.000,h4OQZ7bMhp0Pbd5V
4,82,2026-04-05T09:35:31.520Z,201.000,10,124.000,Jg+7wzPVXO3fl6hF,190.000,nbm0/St8w4GUlGA4,195.000,UfIL2xPYUWA3pa2i,196.000,0vdW+g6toC/h3nqI,198.000,3ro8QLJh0yyykLyV,200.000,uHgM+VdJzX93m/5O,201.000,Cr1IDgtoIwjHadzo,202.000,jwNdRfwvt/DA6PNq,203.000,WYac+BcEaEqjcD+O,205.000,h4OQZ7bMhp0Pbd5V
4,83,2026-04-05T09:35:31.721Z,201.000,10,115.000,Jg+7wzPVXO3fl6hF,192.000,uHgM+VdJzX93m/5O,194.000,jwNdRfwvt/DA6PNq,196.000,0vdW+g6toC/h3nqI,197.000,3ro8QLJh0yyykLyV,198.000,nbm0/St8w4GUlGA4,201.000,UfIL2xPYUWA3pa2i,203.000,WYac+BcEaEqjcD+O,204.000,Cr1IDgtoIwjHadzo,212.000,h4OQZ7bMhp0Pbd5V
4,84,2026-04-05T09:35:31.922Z,202.000,10,117.000,Jg+7wzPVXO3fl6hF,192.000,jwNdRfwvt/DA6PNq,194.000,nbm0/St8w4GUlGA4,196.000,uHgM+VdJzX93m/5O,197.000,Cr1IDgtoIwjHadzo,199.000,UfIL2xPYUWA3pa2i,201.000,0vdW+g6toC/h3nqI,203.000,3ro8QLJh0yyykLyV,205.000,WYac+BcEaEqjcD+O,207.000,h4OQZ7bMhp0Pbd5V
4,85,2026-04-05T09:35:32.124Z,194.000,10,115.000,Jg+7wzPVXO3fl6hF,187.000,Cr1IDgtoIwjHadzo,188.000,nbm0/St8w4GUlGA4,189.000,uHgM+VdJzX93m/5O,191.000,3ro8QLJh0yyykLyV,193.000,WYac+BcEaEqjcD+O,194.000,0vdW+g6toC/h3nqI,195.000,jwNdRfwvt/DA6PNq,196.000,UfIL2xPYUWA3pa2i,201.000,h4OQZ7bMhp0Pbd5V
4,86,2026-04-05T09:35:32.318Z,206.000,10,122.000,Jg+7wzPVXO3fl6hF,198.000,nbm0/St8w4GUlGA4,201.000,Cr1IDgtoIwjHadzo,202.000,jwNdRfwvt/DA6PNq,203.000,WYac+BcEaEqjcD+O,204.000,UfIL2xPYUWA3pa2i,206.000,0vdW+g6toC/h3nqI,208.000,uHgM+VdJzX93m/5O,210.000,3ro8QLJh0yyykLyV,211.000,h4OQZ7bMhp0Pbd5V
4,87,2026-04-05T09:35:32.524Z,199.000,10,119.000,Jg+7wzPVXO3fl6hF,191.000,WYac+BcEaEqjcD+O,193.000,UfIL2xPYUWA3pa2i,194.000,nbm0/St8w4GUlGA4,196.000,Cr1IDgtoIwjHadzo,198.000,jwNdRfwvt/DA6PNq,199.000,3ro8QLJh0yyykLyV,200.000,0vdW+g6toC/h3nqI,201.000,h4OQZ7bMhp0Pbd5V,229.000,uHgM+VdJzX93m/5O
4,88,2026-04-05T09:35:32.723Z,205.000,10,121.000,Jg+7wzPVXO3fl6hF,198.000,UfIL2xPYUWA3pa2i,199.000,nbm0/St8w4GUlGA4,200.000,WYac+BcEaEqjcD+O,202.000,jwNdRfwvt/DA6PNq,203.000,0vdW+g6toC/h3nqI,204.000,uHgM+VdJzX93m/5O,206.000,3ro8QLJh0yyykLyV,207.000,Cr1IDgtoIwjHadzo,208.000,h4OQZ7bMhp0Pbd5V
4,89,2026-04-05T09:35:32.928Z,198.000,10,118.000,Jg+7wzPVXO3fl6hF,190.000,WYac+BcEaEqjcD+O,191.000,nbm0/St8w4GUlGA4,194.000,0vdW+g6toC/h3nqI,195.000,UfIL2xPYUWA3pa2i,196.000,jwNdRfwvt/DA6PNq,197.000,uHgM+VdJzX93m/5O,199.000,3ro8QLJh0yyykLyV,200.000,Cr1IDgtoIwjHadzo,202.000,h4OQZ7bMhp0Pbd5V
4,90,2026-04-05T09:35:33.126Z,202.000,10,122.000,Jg+7wzPVXO3fl6hF,194.000,uHgM+VdJzX93m/5O,197.000,UfIL2xPYUWA3pa2i,198.000,0vdW+g6toC/h3nqI,199.000,nbm0/St8w4GUlGA4,201.000,jwNdRfwvt/DA6PNq,202.000,Cr1IDgtoIwjHadzo,203.000,3ro8QLJh0yyykLyV,204.000,WYac+BcEaEqjcD+O,206.000,h4OQZ7bMhp0Pbd5V
4,91,2026-04-05T09:35:33.328Z,200.000,10,139.000,Jg+7wzPVXO3fl6hF,190.000,jwNdRfwvt/DA6PNq,192.000,0vdW+g6toC/h3nqI,195.000,uHgM+VdJzX93m/5O,197.000,WYac+BcEaEqjcD+O,198.000,Cr1IDgtoIwjHadzo,200.000,3ro8QLJh0yyykLyV,200.000,nbm0/St8w4GUlGA4,202.000,UfIL2xPYUWA3pa2i,206.000,h4OQZ7bMhp0Pbd5V
4,92,2026-04-05T09:35:33.528Z,195.000,10,134.000,Jg+7wzPVXO3fl6hF,188.000,0vdW+g6toC/h3nqI,189.000,UfIL2xPYUWA3pa2i,190.000,Cr1IDgtoIwjHadzo,191.000,nbm0/St8w4GUlGA4,194.000,WYac+BcEaEqjcD+O,195.000,jwNdRfwvt/DA6PNq,199.000,uHgM+VdJzX93m/5O,199.000,3ro8QLJh0yyykLyV,212.000,h4OQZ7bMhp0Pbd5V
4,93,2026-04-05T09:35:33.723Z,204.000,10,142.000,Jg+7wzPVXO3fl6hF,198.000,0vdW+g6toC/h3nqI,200.000,Cr1IDgtoIwjHadzo,201.000,WYac+BcEaEqjcD+O,202.000,jwNdRfwvt/DA6PNq,203.000,nbm0/St8w4GUlGA4,204.000,3ro8QLJh0yyykLyV,207.000,h4OQZ7bMhp0Pbd5V,210.000,UfIL2xPYUWA3pa2i,290.000,uHgM+VdJzX93m/5O
4,94,2026-04-05T09:35:33.927Z,413.000,10,137.000,Jg+7wzPVXO3fl6hF,405.000,nbm0/St8w4GUlGA4,407.000,uHgM+VdJzX93m/5O,409.000,0vdW+g6toC/h3nqI,410.000,WYac+BcEaEqjcD+O,411.000,3ro8QLJh0yyykLyV,413.000,h4OQZ7bMhp0Pbd5V,414.000,jwNdRfwvt/DA6PNq,416.000,UfIL2xPYUWA3pa2i,417.000,Cr1IDgtoIwjHadzo
4,95,2026-04-05T09:35:34.340Z,26.000,9,6.000,Jg+7wzPVXO3fl6hF,12.000,UfIL2xPYUWA3pa2i,17.000,jwNdRfwvt/DA6PNq,19.000,WYac+BcEaEqjcD+O,21.000,uHgM+VdJzX93m/5O,23.000,0vdW+g6toC/h3nqI,25.000,Cr1IDgtoIwjHadzo,28.000,h4OQZ7bMhp0Pbd5V,31.000,nbm0/St8w4GUlGA4,,
4,96,2026-04-05T09:35:34.366Z,167.000,9,10.000,3ro8QLJh0yyykLyV,100.000,Jg+7wzPVXO3fl6hF,156.000,uHgM+VdJzX93m/5O,157.000,UfIL2xPYUWA3pa2i,158.000,0vdW+g6toC/h3nqI,159.000,jwNdRfwvt/DA6PNq,167.000,h4OQZ7bMhp0Pbd5V,168.000,WYac+BcEaEqjcD+O,169.000,Cr1IDgtoIwjHadzo,,
4,97,2026-04-05T09:35:34.533Z,208.000,10,9.000,nbm0/St8w4GUlGA4,24.000,3ro8QLJh0yyykLyV,192.000,0vdW+g6toC/h3nqI,202.000,uHgM+VdJzX93m/5O,203.000,UfIL2xPYUWA3pa2i,206.000,WYac+BcEaEqjcD+O,207.000,h4OQZ7bMhp0Pbd5V,218.000,Jg+7wzPVXO3fl6hF,222.000,Cr1IDgtoIwjHadzo,241.000,jwNdRfwvt/DA6PNq
4,98,2026-04-05T09:35:34.741Z,288.000,8,7.000,nbm0/St8w4GUlGA4,19.000,3ro8QLJh0yyykLyV,285.000,uHgM+VdJzX93m/5O,286.000,0vdW+g6toC/h3nqI,287.000,UfIL2xPYUWA3pa2i,288.000,WYac+BcEaEqjcD+O,288.000,jwNdRfwvt/DA6PNq,289.000,h4OQZ7bMhp0Pbd5V,,,,
4,99,2026-04-05T09:35:35.029Z,102.000,10,2.000,Jg+7wzPVXO3fl6hF,5.000,Cr1IDgtoIwjHadzo,7.000,3ro8QLJh0yyykLyV,9.000,nbm0/St8w4GUlGA4,97.000,0vdW+g6toC/h3nqI,99.000,uHgM+VdJzX93m/5O,102.000,WYac+BcEaEqjcD+O,103.000,h4OQZ7bMhp0Pbd5V,107.000,UfIL2xPYUWA3pa2i,113.000,jwNdRfwvt/DA6PNq
4,100,2026-04-05T09:35:35.131Z,199.000,10,9.000,Jg+7wzPVXO3fl6hF,17.000,Cr1IDgtoIwjHadzo,30.000,3ro8QLJh0yyykLyV,102.000,nbm0/St8w4GUlGA4,195.000,uHgM+VdJzX93m/5O,195.000,0vdW+g6toC/h3nqI,199.000,UfIL2xPYUWA3pa2i,202.000,WYac+BcEaEqjcD+O,206.000,jwNdRfwvt/DA6PNq,208.000,h4OQZ7bMhp0Pbd5V
4,101,2026-04-05T09:35:35.330Z,236.000,10,10.000,Jg+7wzPVXO3fl6hF,18.000,Cr1IDgtoIwjHadzo,32.000,3ro8QLJh0yyykLyV,223.000,nbm0/St8w4GUlGA4,231.000,uHgM+VdJzX93m/5O,235.000,WYac+BcEaEqjcD+O,236.000,h4OQZ7bMhp0Pbd5V,239.000,UfIL2xPYUWA3pa2i,241.000,0vdW+g6toC/h3nqI,260.000,jwNdRfwvt/DA6PNq
4,102,2026-04-05T09:35:35.566Z,165.000,9,6.000,3ro8QLJh0yyykLyV,8.000,Cr1IDgtoIwjHadzo,21.000,Jg+7wzPVXO3fl6hF,69.000,nbm0/St8w4GUlGA4,163.000,0vdW+g6toC/h3nqI,164.000,uHgM+VdJzX93m/5O,165.000,WYac+BcEaEqjcD+O,168.000,jwNdRfwvt/DA6PNq,170.000,h4OQZ7bMhp0Pbd5V,,
4,103,2026-04-05T09:35:35.731Z,200.000,10,92.000,UfIL2xPYUWA3pa2i,96.000,3ro8QLJh0yyykLyV,98.000,Cr1IDgtoIwjHadzo,100.000,Jg+7wzPVXO3fl6hF,106.000,nbm0/St8w4GUlGA4,199.000,0vdW+g6toC/h3nqI,200.000,jwNdRfwvt/DA6PNq,201.000,WYac+BcEaEqjcD+O,202.000,uHgM+VdJzX93m/5O,206.000,h4OQZ7bMhp0Pbd5V
4,104,2026-04-05T09:35:35.931Z,205.000,10,26.000,UfIL2xPYUWA3pa2i,37.000,3ro8QLJh0yyykLyV,40.000,Cr1IDgtoIwjHadzo,50.000,Jg+7wzPVXO3fl6hF,106.000,nbm0/St8w4GUlGA4,202.000,jwNdRfwvt/DA6PNq,205.000,WYac+BcEaEqjcD+O,206.000,h4OQZ7bMhp0Pbd5V,209.000,0vdW+g6toC/h3nqI,476.000,uHgM+VdJzX93m/5O
4,105,2026-04-05T09:35:36.136Z,199.000,9,24.000,UfIL2xPYUWA3pa2i,36.000,Cr1IDgtoIwjHadzo,38.000,3ro8QLJh0yyykLyV,48.000,Jg+7wzPVXO3fl6hF,104.000,nbm0/St8w4GUlGA4,197.000,0vdW+g6toC/h3nqI,199.000,jwNdRfwvt/DA6PNq,202.000,h4OQZ7bMhp0Pbd5V,204.000,WYac+BcEaEqjcD+O,,
4,106,2026-04-05T09:35:36.335Z,199.000,9,26.000,UfIL2xPYUWA3pa2i,36.000,Cr1IDgtoIwjHadzo,41.000,3ro8QLJh0yyykLyV,50.000,Jg+7wzPVXO3fl6hF,105.000,nbm0/St8w4GUlGA4,197.000,WYac+BcEaEqjcD+O,199.000,0vdW+g6toC/h3nqI,202.000,jwNdRfwvt/DA6PNq,203.000,h4OQZ7bMhp0Pbd5V,,
4,107,2026-04-05T09:35:36.534Z,201.000,10,25.000,UfIL2xPYUWA3pa2i,39.000,Cr1IDgtoIwjHadzo,45.000,3ro8QLJh0yyykLyV,47.000,uHgM+VdJzX93m/5O,53.000,Jg+7wzPVXO3fl6hF,108.000,nbm0/St8w4GUlGA4,201.000,jwNdRfwvt/DA6PNq,213.000,h4OQZ7bMhp0Pbd5V,215.000,WYac+BcEaEqjcD+O,233.000,0vdW+g6toC/h3nqI
4,108,2026-04-05T09:35:36.735Z,201.000,9,27.000,UfIL2xPYUWA3pa2i,40.000,3ro8QLJh0yyykLyV,47.000,uHgM+VdJzX93m/5O,53.000,Jg+7wzPVXO3fl6hF,108.000,nbm0/St8w4GUlGA4,125.000,Cr1IDgtoIwjHadzo,201.000,jwNdRfwvt/DA6PNq,202.000,WYac+BcEaEqjcD+O,274.000,h4OQZ7bMhp0Pbd5V,,
4,109,2026-04-05T09:35:36.936Z,111.000,7,27.000,UfIL2xPYUWA3pa2i,28.000,0vdW+g6toC/h3nqI,41.000,3ro8QLJh0yyykLyV,47.000,uHgM+VdJzX93m/5O,54.000,Jg+7wzPVXO3fl6hF,108.000,nbm0/St8w4GUlGA4,111.000,Cr1IDgtoIwjHadzo,,,,,,
4,110,2026-04-05T09:35:37.047Z,135.000,7,91.000,jwNdRfwvt/DA6PNq,92.000,WYac+BcEaEqjcD+O,94.000,h4OQZ7bMhp0Pbd5V,116.000,0vdW+g6toC/h3nqI,118.000,UfIL2xPYUWA3pa2i,130.000,3ro8QLJh0yyykLyV,135.000,uHgM+VdJzX93m/5O,,,,,,
4,111,2026-04-05T09:35:37.182Z,183.000,9,8.000,Jg+7wzPVXO3fl6hF,63.000,nbm0/St8w4GUlGA4,64.000,Cr1IDgtoIwjHadzo,155.000,WYac+BcEaEqjcD+O,157.000,jwNdRfwvt/DA6PNq,161.000,h4OQZ7bMhp0Pbd5V,183.000,0vdW+g6toC/h3nqI,184.000,UfIL2xPYUWA3pa2i,430.000,uHgM+VdJzX93m/5O,,
4,112,2026-04-05T09:35:37.365Z,255.000,9,12.000,3ro8QLJh0yyykLyV,27.000,Jg+7wzPVXO3fl6hF,83.000,nbm0/St8w4GUlGA4,87.000,Cr1IDgtoIwjHadzo,251.000,jwNdRfwvt/DA6PNq,252.000,h4OQZ7bMhp0Pbd5V,255.000,0vdW+g6toC/h3nqI,256.000,UfIL2xPYUWA3pa2i,263.000,WYac+BcEaEqjcD+O,,
4,113,2026-04-05T09:35:37.620Z,149.000,9,3.000,3ro8QLJh0yyykLyV,6.000,Jg+7wzPVXO3fl6hF,26.000,nbm0/St8w4GUlGA4,30.000,Cr1IDgtoIwjHadzo,68.000,uHgM+VdJzX93m/5O,123.000,jwNdRfwvt/DA6PNq,149.000,UfIL2xPYUWA3pa2i,150.000,h4OQZ7bMhp0Pbd5V,157.000,0vdW+g6toC/h3nqI,,
4,114,2026-04-05T09:35:37.769Z,175.000,8,13.000,3ro8QLJh0yyykLyV,23.000,WYac+BcEaEqjcD+O,27.000,Jg+7wzPVXO3fl6hF,79.000,nbm0/St8w4GUlGA4,83.000,Cr1IDgtoIwjHadzo,119.000,uHgM+VdJzX93m/5O,175.000,jwNdRfwvt/DA6PNq,176.000,h4OQZ7bMhp0Pbd5V,,,,
4,115,2026-04-05T09:35:37.944Z,109.000,7,25.000,UfIL2xPYUWA3pa2i,27.000,0vdW+g6toC/h3nqI,38.000,3ro8QLJh0yyykLyV,49.000,WYac+BcEaEqjcD+O,54.000,Jg+7wzPVXO3fl6hF,106.000,nbm0/St8w4GUlGA4,109.000,Cr1IDgtoIwjHadzo,,,,,,
4,116,2026-04-05T09:35:38.053Z,146.000,8,38.000,uHgM+VdJzX93m/5O,92.000,h4OQZ7bMhp0Pbd5V,94.000,jwNdRfwvt/DA6PNq,117.000,UfIL2xPYUWA3pa2i,120.000,0vdW+g6toC/h3nqI,132.000,3ro8QLJh0yyykLyV,146.000,Jg+7wzPVXO3fl6hF,148.000,WYac+BcEaEqjcD+O,,,,
4,117,2026-04-05T09:35:38.199Z,186.000,8,92.000,nbm0/St8w4GUlGA4,94.000,Cr1IDgtoIwjHadzo,97.000,uHgM+VdJzX93m/5O,147.000,h4OQZ7bMhp0Pbd5V,173.000,UfIL2xPYUWA3pa2i,177.000,0vdW+g6toC/h3nqI,186.000,3ro8QLJh0yyykLyV,272.000,jwNdRfwvt/DA6PNq,,,,
4,118,2026-04-05T09:35:38.385Z,164.000,7,11.000,WYac+BcEaEqjcD+O,15.000,Jg+7wzPVXO3fl6hF,88.000,Cr1IDgtoIwjHadzo,89.000,nbm0/St8w4GUlGA4,107.000,uHgM+VdJzX93m/5O,162.000,h4OQZ7bMhp0Pbd5V,163.000,jwNdRfwvt/DA6PNq,,,,,,
4,119,2026-04-05T09:35:38.549Z,146.000,8,23.000,UfIL2xPYUWA3pa2i,42.000,3ro8QLJh0yyykLyV,50.000,WYac+BcEaEqjcD+O,80.000,Jg+7wzPVXO3fl6hF,106.000,Cr1IDgtoIwjHadzo,127.000,nbm0/St8w4GUlGA4,146.000,uHgM+VdJzX93m/5O,168.000,0vdW+g6toC/h3nqI,,,,
4,120,2026-04-05T09:35:38.695Z,106.000,7,54.000,jwNdRfwvt/DA6PNq,55.000,h4OQZ7bMhp0Pbd5V,79.000,0vdW+g6toC/h3nqI,81.000,UfIL2xPYUWA3pa2i,93.000,3ro8QLJh0yyykLyV,103.000,WYac+BcEaEqjcD+O,106.000,Jg+7wzPVXO3fl6hF,,,,,,
4,121,2026-04-05T09:35:38.801Z,191.000,8,55.000,Cr1IDgtoIwjHadzo,74.000,nbm0/St8w4GUlGA4,96.000,uHgM+VdJzX93m/5O,148.000,jwNdRfwvt/DA6PNq,176.000,0vdW+g6toC/h3nqI,185.000,UfIL2xPYUWA3pa2i,191.000,3ro8QLJh0yyykLyV,237.000,h4OQZ7bMhp0Pbd5V,,,,
4,122,2026-04-05T09:35:38.992Z,163.000,7,6.000,WYac+BcEaEqjcD+O,12.000,Jg+7wzPVXO3fl6hF,66.000,Cr1IDgtoIwjHadzo,85.000,nbm0/St8w4GUlGA4,105.000,uHgM+VdJzX93m/5O,160.000,jwNdRfwvt/DA6PNq,163.000,h4OQZ7bMhp0Pbd5V,,,,,,
4,123,2026-04-05T09:35:39.155Z,130.000,7,28.000,0vdW+g6toC/h3nqI,29.000,UfIL2xPYUWA3pa2i,34.000,3ro8QLJh0yyykLyV,46.000,WYac+BcEaEqjcD+O,49.000,Jg+7wzPVXO3fl6hF,106.000,Cr1IDgtoIwjHadzo,130.000,nbm0/St8w4GUlGA4,,,,,,
4,124,2026-04-05T09:35:39.285Z,118.000,8,12.000,uHgM+VdJzX93m/5O,66.000,jwNdRfwvt/DA6PNq,69.000,h4OQZ7bMhp0Pbd5V,93.000,UfIL2xPYUWA3pa2i,95.000,0vdW+g6toC/h3nqI,106.000,3ro8QLJh0yyykLyV,118.000,WYac+BcEaEqjcD+O,123.000,Jg+7wzPVXO3fl6hF,,,,
4,125,2026-04-05T09:35:39.403Z,178.000,7,60.000,Cr1IDgtoIwjHadzo,76.000,nbm0/St8w4GUlGA4,95.000,uHgM+VdJzX93m/5O,149.000,jwNdRfwvt/DA6PNq,152.000,h4OQZ7bMhp0Pbd5V,175.000,0vdW+g6toC/h3nqI,178.000,UfIL2xPYUWA3pa2i,,,,,,
4,126,2026-04-05T09:35:39.581Z,173.000,8,11.000,3ro8QLJh0yyykLyV,23.000,WYac+BcEaEqjcD+O,28.000,Jg+7wzPVXO3fl6hF,81.000,Cr1IDgtoIwjHadzo,98.000,nbm0/St8w4GUlGA4,117.000,uHgM+VdJzX93m/5O,173.000,jwNdRfwvt/DA6PNq,348.000,h4OQZ7bMhp0Pbd5V,,,,
4,127,2026-04-05T09:35:39.754Z,126.000,7,25.000,0vdW+g6toC/h3nqI,28.000,UfIL2xPYUWA3pa2i,39.000,3ro8QLJh0yyykLyV,50.000,WYac+BcEaEqjcD+O,56.000,Jg+7wzPVXO3fl6hF,108.000,Cr1IDgtoIwjHadzo,126.000,nbm0/St8w4GUlGA4,,,,,,
4,128,2026-04-05T09:35:39.880Z,125.000,7,19.000,uHgM+VdJzX93m/5O,75.000,h4OQZ7bMhp0Pbd5V,76.000,jwNdRfwvt/DA6PNq,100.000,0vdW+g6toC/h3nqI,106.000,UfIL2xPYUWA3pa2i,114.000,3ro8QLJh0yyykLyV,125.000,WYac+BcEaEqjcD+O,,,,,,
4,129,2026-04-05T09:35:40.005Z,178.000,8,5.000,Jg+7wzPVXO3fl6hF,58.000,Cr1IDgtoIwjHadzo,76.000,nbm0/St8w4GUlGA4,97.000,uHgM+VdJzX93m/5O,153.000,h4OQZ7bMhp0Pbd5V,155.000,jwNdRfwvt/DA6PNq,178.000,UfIL2xPYUWA3pa2i,179.000,0vdW+g6toC/h3nqI,,,,
4,130,2026-04-05T09:35:40.183Z,180.000,8,14.000,3ro8QLJh0yyykLyV,26.000,WYac+BcEaEqjcD+O,31.000,Jg+7wzPVXO3fl6hF,82.000,Cr1IDgtoIwjHadzo,100.000,nbm0/St8w4GUlGA4,123.000,uHgM+VdJzX93m/5O,180.000,h4OQZ7bMhp0Pbd5V,208.000,jwNdRfwvt/DA6PNq,,,,
4,131,2026-04-05T09:35:40.363Z,123.000,7,21.000,0vdW+g6toC/h3nqI,24.000,UfIL2xPYUWA3pa2i,35.000,3ro8QLJh0yyykLyV,49.000,Jg+7wzPVXO3fl6hF,54.000,WYac+BcEaEqjcD+O,103.000,Cr1IDgtoIwjHadzo,123.000,nbm0/St8w4GUlGA4,,,,,,
4,132,2026-04-05T09:35:40.486Z,124.000,8,19.000,uHgM+VdJzX93m/5O,75.000,jwNdRfwvt/DA6PNq,77.000,h4OQZ7bMhp0Pbd5V,100.000,UfIL2xPYUWA3pa2i,101.000,0vdW+g6toC/h3nqI,113.000,3ro8QLJh0yyykLyV,124.000,WYac+BcEaEqjcD+O,128.000,Jg+7wzPVXO3fl6hF,,,,
4,133,2026-04-05T09:35:40.610Z,185.000,7,57.000,Cr1IDgtoIwjHadzo,77.000,nbm0/St8w4GUlGA4,96.000,uHgM+VdJzX93m/5O,150.000,jwNdRfwvt/DA6PNq,154.000,h4OQZ7bMhp0Pbd5V,178.000,UfIL2xPYUWA3pa2i,185.000,0vdW+g6toC/h3nqI,,,,,,
4,134,2026-04-05T09:35:40.795Z,164.000,7,5.000,3ro8QLJh0yyykLyV,16.000,WYac+BcEaEqjcD+O,20.000,Jg+7wzPVXO3fl6hF,74.000,Cr1IDgtoIwjHadzo,92.000,nbm0/St8w4GUlGA4,112.000,uHgM+VdJzX93m/5O,164.000,jwNdRfwvt/DA6PNq,,,,,,
4,135,2026-04-05T09:35:40.959Z,113.000,7,4.000,h4OQZ7bMhp0Pbd5V,30.000,UfIL2xPYUWA3pa2i,34.000,0vdW+g6toC/h3nqI,41.000,3ro8QLJh0yyykLyV,54.000,WYac+BcEaEqjcD+O,57.000,Jg+7wzPVXO3fl6hF,112.000,Cr1IDgtoIwjHadzo,,,,,,
4,136,2026-04-05T09:35:41.072Z,155.000,9,17.000,nbm0/St8w4GUlGA4,36.000,uHgM+VdJzX93m/5O,90.000,jwNdRfwvt/DA6PNq,94.000,h4OQZ7bMhp0Pbd5V,150.000,UfIL2xPYUWA3pa2i,152.000,3ro8QLJh0yyykLyV,155.000,Jg+7wzPVXO3fl6hF,182.000,WYac+BcEaEqjcD+O,200.000,0vdW+g6toC/h3nqI,,
4,137,2026-04-05T09:35:41.227Z,192.000,8,55.000,Cr1IDgtoIwjHadzo,65.000,nbm0/St8w4GUlGA4,85.000,uHgM+VdJzX93m/5O,136.000,jwNdRfwvt/DA6PNq,140.000,h4OQZ7bMhp0Pbd5V,166.000,UfIL2xPYUWA3pa2i,192.000,Jg+7wzPVXO3fl6hF,206.000,3ro8QLJh0yyykLyV,,,,
4,138,2026-04-05T09:35:41.419Z,158.000,7,21.000,WYac+BcEaEqjcD+O,40.000,0vdW+g6toC/h3nqI,55.000,Cr1IDgtoIwjHadzo,73.000,nbm0/St8w4GUlGA4,95.000,uHgM+VdJzX93m/5O,147.000,jwNdRfwvt/DA6PNq,158.000,h4OQZ7bMhp0Pbd5V,,,,,,
4,139,2026-04-05T09:35:41.577Z,116.000,7,16.000,UfIL2xPYUWA3pa2i,28.000,3ro8QLJh0yyykLyV,48.000,Jg+7wzPVXO3fl6hF,65.000,WYac+BcEaEqjcD+O,82.000,0vdW+g6toC/h3nqI,97.000,Cr1IDgtoIwjHadzo,116.000,nbm0/St8w4GUlGA4,,,,,,
4,140,2026-04-05T09:35:41.693Z,151.000,7,19.000,uHgM+VdJzX93m/5O,75.000,jwNdRfwvt/DA6PNq,78.000,h4OQZ7bMhp0Pbd5V,102.000,UfIL2xPYUWA3pa2i,114.000,3ro8QLJh0yyykLyV,136.000,Jg+7wzPVXO3fl6hF,150.000,WYac+BcEaEqjcD+O,,,,,,
4,141,2026-04-05T09:35:41.844Z,166.000,8,16.000,0vdW+g6toC/h3nqI,30.000,Cr1IDgtoIwjHadzo,51.000,nbm0/St8w4GUlGA4,71.000,uHgM+VdJzX93m/5O,130.000,jwNdRfwvt/DA6PNq,153.000,UfIL2xPYUWA3pa2i,165.000,3ro8QLJh0yyykLyV,239.000,h4OQZ7bMhp0Pbd5V,,,,
4,142,2026-04-05T09:35:42.010Z,162.000,8,23.000,Jg+7wzPVXO3fl6hF,52.000,0vdW+g6toC/h3nqI,52.000,WYac+BcEaEqjcD+O,65.000,Cr1IDgtoIwjHadzo,88.000,nbm0/St8w4GUlGA4,104.000,uHgM+VdJzX93m/5O,162.000,h4OQZ7bMhp0Pbd5V,169.000,jwNdRfwvt/DA6PNq,,,,
4,143,2026-04-05T09:35:42.172Z,126.000,7,26.000,UfIL2xPYUWA3pa2i,68.000,3ro8QLJh0yyykLyV,69.000,Jg+7wzPVXO3fl6hF,73.000,WYac+BcEaEqjcD+O,90.000,0vdW+g6toC/h3nqI,119.000,Cr1IDgtoIwjHadzo,126.000,nbm0/St8w4GUlGA4,,,,,,
4,144,2026-04-05T09:35:42.298Z,149.000,8,17.000,uHgM+VdJzX93m/5O,79.000,jwNdRfwvt/DA6PNq,83.000,h4OQZ7bMhp0Pbd5V,101.000,UfIL2xPYUWA3pa2i,115.000,3ro8QLJh0yyykLyV,126.000,Jg+7wzPVXO3fl6hF,149.000,WYac+BcEaEqjcD+O,215.000,Cr1IDgtoIwjHadzo,,,,
4,145,2026-04-05T09:35:42.447Z,167.000,7,17.000,0vdW+g6toC/h3nqI,53.000,nbm0/St8w4GUlGA4,77.000,uHgM+VdJzX93m/5O,128.000,h4OQZ7bMhp0Pbd5V,140.000,jwNdRfwvt/DA6PNq,155.000,UfIL2xPYUWA3pa2i,167.000,3ro8QLJh0yyykLyV,,,,,,
4,146,2026-04-05T09:35:42.614Z,195.000,8,11.000,Jg+7wzPVXO3fl6hF,33.000,WYac+BcEaEqjcD+O,70.000,0vdW+g6toC/h3nqI,188.000,Cr1IDgtoIwjHadzo,190.000,uHgM+VdJzX93m/5O,193.000,h4OQZ7bMhp0Pbd5V,195.000,jwNdRfwvt/DA6PNq,198.000,nbm0/St8w4GUlGA4,,,,
4,147,2026-04-05T09:35:42.809Z,219.000,8,6.000,UfIL2xPYUWA3pa2i,10.000,3ro8QLJh0yyykLyV,17.000,Jg+7wzPVXO3fl6hF,40.000,WYac+BcEaEqjcD+O,215.000,0vdW+g6toC/h3nqI,217.000,Cr1IDgtoIwjHadzo,219.000,uHgM+VdJzX93m/5O,228.000,nbm0/St8w4GUlGA4,,,,
4,148,2026-04-05T09:35:43.028Z,55.000,7,3.000,h4OQZ7bMhp0Pbd5V,5.000,UfIL2xPYUWA3pa2i,6.000,jwNdRfwvt/DA6PNq,7.000,3ro8QLJh0yyykLyV,12.000,Jg+7wzPVXO3fl6hF,23.000,WYac+BcEaEqjcD+O,55.000,0vdW+g6toC/h3nqI,,,,,,
4,149,2026-04-05T09:35:43.083Z,140.000,7,29.000,Cr1IDgtoIwjHadzo,55.000,uHgM+VdJzX93m/5O,104.000,h4OQZ7bMhp0Pbd5V,121.000,UfIL2xPYUWA3pa2i,124.000,jwNdRfwvt/DA6PNq,134.000,3ro8QLJh0yyykLyV,140.000,nbm0/St8w4GUlGA4,,,,,,
4,150,2026-04-05T09:35:43.223Z,182.000,7,6.000,Jg+7wzPVXO3fl6hF,29.000,WYac+BcEaEqjcD+O,59.000,0vdW+g6toC/h3nqI,89.000,Cr1IDgtoIwjHadzo,116.000,uHgM+VdJzX93m/5O,161.000,h4OQZ7bMhp0Pbd5V,182.000,UfIL2xPYUWA3pa2i,,,,,,
4,151,2026-04-05T09:35:43.405Z,111.000,7,3.000,jwNdRfwvt/DA6PNq,11.000,3ro8QLJh0yyykLyV,19.000,nbm0/St8w4GUlGA4,24.000,Jg+7wzPVXO3fl6hF,48.000,WYac+BcEaEqjcD+O,79.000,0vdW+g6toC/h3nqI,111.000,Cr1IDgtoIwjHadzo,,,,,,
4,152,2026-04-05T09:35:43.516Z,116.000,7,25.000,uHgM+VdJzX93m/5O,71.000,h4OQZ7bMhp0Pbd5V,89.000,UfIL2xPYUWA3pa2i,93.000,jwNdRfwvt/DA6PNq,101.000,3ro8QLJh0yyykLyV,110.000,nbm0/St8w4GUlGA4,116.000,Jg+7wzPVXO3fl6hF,,,,,,
4,153,2026-04-05T09:35:43.632Z,178.000,7,22.000,WYac+BcEaEqjcD+O,53.000,0vdW+g6toC/h3nqI,84.000,Cr1IDgtoIwjHadzo,110.000,uHgM+VdJzX93m/5O,154.000,h4OQZ7bMhp0Pbd5V,174.000,UfIL2xPYUWA3pa2i,178.000,jwNdRfwvt/DA6PNq,,,,,,
4,154,2026-04-05T09:35:43.810Z,133.000,7,17.000,nbm0/St8w4GUlGA4,23.000,3ro8QLJh0yyykLyV,24.000,Jg+7wzPVXO3fl6hF,47.000,WYac+BcEaEqjcD+O,77.000,0vdW+g6toC/h3nqI,104.000,Cr1IDgtoIwjHadzo,133.000,uHgM+VdJzX93m/5O,,,,,,
4,155,2026-04-05T09:35:43.943Z,113.000,7,45.000,h4OQZ7bMhp0Pbd5V,66.000,UfIL2xPYUWA3pa2i,77.000,3ro8QLJh0yyykLyV,83.000,jwNdRfwvt/DA6PNq,85.000,nbm0/St8w4GUlGA4,93.000,Jg+7wzPVXO3fl6hF,113.000,WYac+BcEaEqjcD+O,,,,,,
4,156,2026-04-05T09:35:44.056Z,174.000,8,34.000,0vdW+g6toC/h3nqI,60.000,Cr1IDgtoIwjHadzo,90.000,uHgM+VdJzX93m/5O,133.000,h4OQZ7bMhp0Pbd5V,154.000,UfIL2xPYUWA3pa2i,160.000,jwNdRfwvt/DA6PNq,174.000,3ro8QLJh0yyykLyV,175.000,nbm0/St8w4GUlGA4,,,,
4,157,2026-04-05T09:35:44.230Z,186.000,8,6.000,Jg+7wzPVXO3fl6hF,29.000,WYac+BcEaEqjcD+O,61.000,0vdW+g6toC/h3nqI,88.000,Cr1IDgtoIwjHadzo,118.000,uHgM+VdJzX93m/5O,161.000,h4OQZ7bMhp0Pbd5V,186.000,UfIL2xPYUWA3pa2i,187.000,jwNdRfwvt/DA6PNq,,,,
4,158,2026-04-05T09:35:44.416Z,132.000,7,16.000,nbm0/St8w4GUlGA4,21.000,3ro8QLJh0yyykLyV,24.000,Jg+7wzPVXO3fl6hF,42.000,WYac+BcEaEqjcD+O,75.000,0vdW+g6toC/h3nqI,102.000,Cr1IDgtoIwjHadzo,132.000,uHgM+VdJzX93m/5O,,,,,,
4,159,2026-04-05T09:35:44.548Z,114.000,7,45.000,h4OQZ7bMhp0Pbd5V,69.000,UfIL2xPYUWA3pa2i,78.000,3ro8QLJh0yyykLyV,79.000,jwNdRfwvt/DA6PNq,84.000,nbm0/St8w4GUlGA4,91.000,Jg+7wzPVXO3fl6hF,114.000,WYac+BcEaEqjcD+O,,,,,,
4,160,2026-04-05T09:35:44.662Z,167.000,7,30.000,0vdW+g6toC/h3nqI,57.000,Cr1IDgtoIwjHadzo,116.000,uHgM+VdJzX93m/5O,131.000,h4OQZ7bMhp0Pbd5V,155.000,jwNdRfwvt/DA6PNq,158.000,UfIL2xPYUWA3pa2i,167.000,3ro8QLJh0yyykLyV,,,,,,
4,161,2026-04-05T09:35:44.829Z,166.000,7,7.000,nbm0/St8w4GUlGA4,12.000,Jg+7wzPVXO3fl6hF,31.000,WYac+BcEaEqjcD+O,67.000,0vdW+g6toC/h3nqI,91.000,Cr1IDgtoIwjHadzo,122.000,uHgM+VdJzX93m/5O,166.000,h4OQZ7bMhp0Pbd5V,,,,,,
4,162,2026-04-05T09:35:44.995Z,137.000,8,27.000,jwNdRfwvt/DA6PNq,28.000,UfIL2xPYUWA3pa2i,36.000,3ro8QLJh0yyykLyV,130.000,Jg+7wzPVXO3fl6hF,132.000,WYac+BcEaEqjcD+O,134.000,0vdW+g6toC/h3nqI,136.000,nbm0/St8w4GUlGA4,180.000,Cr1IDgtoIwjHadzo,,,,
4,163,2026-04-05T09:35:45.132Z,133.000,7,24.000,uHgM+VdJzX93m/5O,65.000,h4OQZ7bMhp0Pbd5V,86.000,UfIL2xPYUWA3pa2i,87.000,jwNdRfwvt/DA6PNq,106.000,3ro8QLJh0yyykLyV,115.000,Jg+7wzPVXO3fl6hF,132.000,WYac+BcEaEqjcD+O,,,,,,
4,164,2026-04-05T09:35:45.265Z,164.000,7,31.000,0vdW+g6toC/h3nqI,60.000,Cr1IDgtoIwjHadzo,62.000,nbm0/St8w4GUlGA4,91.000,uHgM+VdJzX93m/5O,133.000,h4OQZ7bMhp0Pbd5V,163.000,jwNdRfwvt/DA6PNq,164.000,UfIL2xPYUWA3pa2i,,,,,,
4,165,2026-04-05T09:35:45.429Z,124.000,7,2.000,3ro8QLJh0yyykLyV,19.000,Jg+7wzPVXO3fl6hF,39.000,WYac+BcEaEqjcD+O,67.000,0vdW+g6toC/h3nqI,98.000,nbm0/St8w4GUlGA4,120.000,Cr1IDgtoIwjHadzo,124.000,uHgM+VdJzX93m/5O,,,,,,
4,166,2026-04-05T09:35:45.553Z,174.000,9,45.000,h4OQZ7bMhp0Pbd5V,71.000,UfIL2xPYUWA3pa2i,80.000,3ro8QLJh0yyykLyV,101.000,Jg+7wzPVXO3fl6hF,114.000,WYac+BcEaEqjcD+O,144.000,0vdW+g6toC/h3nqI,174.000,nbm0/St8w4GUlGA4,177.000,Cr1IDgtoIwjHadzo,228.000,jwNdRfwvt/DA6PNq,,
4,167,2026-04-05T09:35:45.727Z,158.000,8,30.000,uHgM+VdJzX93m/5O,74.000,h4OQZ7bMhp0Pbd5V,94.000,UfIL2xPYUWA3pa2i,99.000,jwNdRfwvt/DA6PNq,155.000,Jg+7wzPVXO3fl6hF,157.000,3ro8QLJh0yyykLyV,158.000,WYac+BcEaEqjcD+O,202.000,0vdW+g6toC/h3nqI,,,,
4,168,2026-04-05T09:35:45.885Z,151.000,7,46.000,nbm0/St8w4GUlGA4,53.000,Cr1IDgtoIwjHadzo,74.000,uHgM+VdJzX93m/5O,117.000,h4OQZ7bMhp0Pbd5V,139.000,UfIL2xPYUWA3pa2i,141.000,jwNdRfwvt/DA6PNq,150.000,3ro8QLJh0yyykLyV,,,,,,
4,169,2026-04-05T09:35:46.036Z,170.000,7,17.000,Jg+7wzPVXO3fl6hF,35.000,WYac+BcEaEqjcD+O,64.000,0vdW+g6toC/h3nqI,94.000,nbm0/St8w4GUlGA4,104.000,Cr1IDgtoIwjHadzo,122.000,uHgM+VdJzX93m/5O,169.000,h4OQZ7bMhp0Pbd5V,,,,,,
4,170,2026-04-05T09:35:46.206Z,128.000,8,20.000,jwNdRfwvt/DA6PNq,23.000,UfIL2xPYUWA3pa2i,30.000,3ro8QLJh0yyykLyV,48.000,Jg+7wzPVXO3fl6hF,67.000,WYac+BcEaEqjcD+O,97.000,0vdW+g6toC/h3nqI,128.000,nbm0/St8w4GUlGA4,143.000,Cr1IDgtoIwjHadzo,,,,
4,171,2026-04-05T09:35:46.334Z,141.000,7,27.000,uHgM+VdJzX93m/5O,70.000,h4OQZ7bMhp0Pbd5V,89.000,UfIL2xPYUWA3pa2i,103.000,3ro8QLJh0yyykLyV,122.000,Jg+7wzPVXO3fl6hF,138.000,WYac+BcEaEqjcD+O,141.000,jwNdRfwvt/DA6PNq,,,,,,
4,172,2026-04-05T09:35:46.475Z,164.000,7,29.000,0vdW+g6toC/h3nqI,57.000,nbm0/St8w4GUlGA4,60.000,Cr1IDgtoIwjHadzo,86.000,uHgM+VdJzX93m/5O,131.000,h4OQZ7bMhp0Pbd5V,152.000,UfIL2xPYUWA3pa2i,164.000,3ro8QLJh0yyykLyV,,,,,,
4,173,2026-04-05T09:35:46.639Z,122.000,7,20.000,Jg+7wzPVXO3fl6hF,28.000,jwNdRfwvt/DA6PNq,35.000,WYac+BcEaEqjcD+O,93.000,nbm0/St8w4GUlGA4,100.000,0vdW+g6toC/h3nqI,103.000,Cr1IDgtoIwjHadzo,122.000,uHgM+VdJzX93m/5O,,,,,,
4,174,2026-04-05T09:35:46.761Z,187.000,9,66.000,h4OQZ7bMhp0Pbd5V,73.000,UfIL2xPYUWA3pa2i,80.000,3ro8QLJh0yyykLyV,98.000,Jg+7wzPVXO3fl6hF,122.000,WYac+BcEaEqjcD+O,145.000,0vdW+g6toC/h3nqI,147.000,jwNdRfwvt/DA6PNq,189.000,nbm0/St8w4GUlGA4,229.000,Cr1IDgtoIwjHadzo,,
4,175,2026-04-05T09:35:46.948Z,156.000,8,14.000,uHgM+VdJzX93m/5O,82.000,UfIL2xPYUWA3pa2i,84.000,h4OQZ7bMhp0Pbd5V,93.000,3ro8QLJh0yyykLyV,111.000,Jg+7wzPVXO3fl6hF,128.000,WYac+BcEaEqjcD+O,156.000,jwNdRfwvt/DA6PNq,157.000,0vdW+g6toC/h3nqI,,,,
4,176,2026-04-05T09:35:47.104Z,159.000,7,30.000,nbm0/St8w4GUlGA4,34.000,Cr1IDgtoIwjHadzo,60.000,uHgM+VdJzX93m/5O,138.000,h4OQZ7bMhp0Pbd5V,138.000,UfIL2xPYUWA3pa2i,139.000,3ro8QLJh0yyykLyV,159.000,Jg+7wzPVXO3fl6hF,,,,,,
4,177,2026-04-05T09:35:47.263Z,167.000,8,14.000,WYac+BcEaEqjcD+O,41.000,jwNdRfwvt/DA6PNq,43.000,0vdW+g6toC/h3nqI,73.000,nbm0/St8w4GUlGA4,76.000,Cr1IDgtoIwjHadzo,100.000,uHgM+VdJzX93m/5O,167.000,h4OQZ7bMhp0Pbd5V,168.000,UfIL2xPYUWA3pa2i,,,,
4,178,2026-04-05T09:35:47.430Z,109.000,7,11.000,3ro8QLJh0yyykLyV,34.000,Jg+7wzPVXO3fl6hF,50.000,WYac+BcEaEqjcD+O,76.000,jwNdRfwvt/DA6PNq,77.000,0vdW+g6toC/h3nqI,107.000,nbm0/St8w4GUlGA4,109.000,Cr1IDgtoIwjHadzo,,,,,,
4,179,2026-04-05T09:35:47.539Z,169.000,8,26.000,uHgM+VdJzX93m/5O,92.000,h4OQZ7bMhp0Pbd5V,93.000,UfIL2xPYUWA3pa2i,104.000,3ro8QLJh0yyykLyV,123.000,Jg+7wzPVXO3fl6hF,141.000,WYac+BcEaEqjcD+O,169.000,0vdW+g6toC/h3nqI,171.000,jwNdRfwvt/DA6PNq,,,,
4,180,2026-04-05T09:35:47.708Z,154.000,7,31.000,nbm0/St8w4GUlGA4,34.000,Cr1IDgtoIwjHadzo,58.000,uHgM+VdJzX93m/5O,126.000,h4OQZ7bMhp0Pbd5V,129.000,UfIL2xPYUWA3pa2i,136.000,3ro8QLJh0yyykLyV,154.000,Jg+7wzPVXO3fl6hF,,,,,,
4,181,2026-04-05T09:35:47.862Z,172.000,8,18.000,WYac+BcEaEqjcD+O,46.000,jwNdRfwvt/DA6PNq,47.000,0vdW+g6toC/h3nqI,78.000,nbm0/St8w4GUlGA4,79.000,Cr1IDgtoIwjHadzo,106.000,uHgM+VdJzX93m/5O,172.000,h4OQZ7bMhp0Pbd5V,173.000,UfIL2xPYUWA3pa2i,,,,
4,182,2026-04-05T09:35:48.034Z,109.000,7,12.000,3ro8QLJh0yyykLyV,33.000,Jg+7wzPVXO3fl6hF,48.000,WYac+BcEaEqjcD+O,76.000,jwNdRfwvt/DA6PNq,77.000,0vdW+g6toC/h3nqI,106.000,nbm0/St8w4GUlGA4,109.000,Cr1IDgtoIwjHadzo,,,,,,
4,183,2026-04-05T09:35:48.143Z,170.000,8,28.000,uHgM+VdJzX93m/5O,93.000,h4OQZ7bMhp0Pbd5V,95.000,UfIL2xPYUWA3pa2i,103.000,3ro8QLJh0yyykLyV,123.000,Jg+7wzPVXO3fl6hF,141.000,WYac+BcEaEqjcD+O,169.000,jwNdRfwvt/DA6PNq,171.000,0vdW+g6toC/h3nqI,,,,
4,184,2026-04-05T09:35:48.313Z,156.000,7,29.000,nbm0/St8w4GUlGA4,36.000,Cr1IDgtoIwjHadzo,58.000,uHgM+VdJzX93m/5O,123.000,h4OQZ7bMhp0Pbd5V,130.000,UfIL2xPYUWA3pa2i,137.000,3ro8QLJh0yyykLyV,156.000,Jg+7wzPVXO3fl6hF,,,,,,
4,185,2026-04-05T09:35:48.469Z,169.000,8,16.000,WYac+BcEaEqjcD+O,45.000,jwNdRfwvt/DA6PNq,46.000,0vdW+g6toC/h3nqI,73.000,nbm0/St8w4GUlGA4,77.000,Cr1IDgtoIwjHadzo,104.000,uHgM+VdJzX93m/5O,169.000,UfIL2xPYUWA3pa2i,171.000,h4OQZ7bMhp0Pbd5V,,,,
4,186,2026-04-05T09:35:48.638Z,110.000,7,13.000,3ro8QLJh0yyykLyV,30.000,Jg+7wzPVXO3fl6hF,48.000,WYac+BcEaEqjcD+O,76.000,0vdW+g6toC/h3nqI,85.000,jwNdRfwvt/DA6PNq,105.000,nbm0/St8w4GUlGA4,110.000,Cr1IDgtoIwjHadzo,,,,,,
4,187,2026-04-05T09:35:48.748Z,178.000,8,92.000,UfIL2xPYUWA3pa2i,95.000,h4OQZ7bMhp0Pbd5V,97.000,uHgM+VdJzX93m/5O,104.000,3ro8QLJh0yyykLyV,130.000,Jg+7wzPVXO3fl6hF,140.000,WYac+BcEaEqjcD+O,178.000,jwNdRfwvt/DA6PNq,197.000,0vdW+g6toC/h3nqI,,,,
4,188,2026-04-05T09:35:48.926Z,155.000,7,22.000,nbm0/St8w4GUlGA4,24.000,Cr1IDgtoIwjHadzo,65.000,uHgM+VdJzX93m/5O,115.000,h4OQZ7bMhp0Pbd5V,117.000,UfIL2xPYUWA3pa2i,137.000,3ro8QLJh0yyykLyV,155.000,Jg+7wzPVXO3fl6hF,,,,,,
4,189,2026-04-05T09:35:49.081Z,162.000,8,8.000,WYac+BcEaEqjcD+O,49.000,0vdW+g6toC/h3nqI,53.000,jwNdRfwvt/DA6PNq,66.000,nbm0/St8w4GUlGA4,68.000,Cr1IDgtoIwjHadzo,98.000,uHgM+VdJzX93m/5O,161.000,h4OQZ7bMhp0Pbd5V,163.000,UfIL2xPYUWA3pa2i,,,,
4,190,2026-04-05T09:35:49.243Z,105.000,7,19.000,3ro8QLJh0yyykLyV,30.000,Jg+7wzPVXO3fl6hF,46.000,WYac+BcEaEqjcD+O,74.000,0vdW+g6toC/h3nqI,86.000,jwNdRfwvt/DA6PNq,105.000,nbm0/St8w4GUlGA4,105.000,Cr1IDgtoIwjHadzo,,,,,,
4,191,2026-04-05T09:35:49.348Z,172.000,8,30.000,uHgM+VdJzX93m/5O,94.000,UfIL2xPYUWA3pa2i,95.000,h4OQZ7bMhp0Pbd5V,109.000,3ro8QLJh0yyykLyV,126.000,Jg+7wzPVXO3fl6hF,143.000,WYac+BcEaEqjcD+O,172.000,0vdW+g6toC/h3nqI,227.000,jwNdRfwvt/DA6PNq,,,,
4,192,2026-04-05T09:35:49.520Z,154.000,7,30.000,nbm0/St8w4GUlGA4,32.000,Cr1IDgtoIwjHadzo,60.000,uHgM+VdJzX93m/5O,124.000,UfIL2xPYUWA3pa2i,125.000,h4OQZ7bMhp0Pbd5V,141.000,3ro8QLJh0yyykLyV,154.000,Jg+7wzPVXO3fl6hF,,,,,,
4,193,2026-04-05T09:35:49.674Z,171.000,8,20.000,WYac+BcEaEqjcD+O,47.000,0vdW+g6toC/h3nqI,60.000,jwNdRfwvt/DA6PNq,76.000,nbm0/St8w4GUlGA4,108.000,uHgM+VdJzX93m/5O,155.000,Cr1IDgtoIwjHadzo,171.000,h4OQZ7bMhp0Pbd5V,172.000,UfIL2xPYUWA3pa2i,,,,
4,194,2026-04-05T09:35:49.845Z,110.000,7,18.000,3ro8QLJh0yyykLyV,36.000,Jg+7wzPVXO3fl6hF,49.000,WYac+BcEaEqjcD+O,77.000,0vdW+g6toC/h3nqI,84.000,jwNdRfwvt/DA6PNq,108.000,nbm0/St8w4GUlGA4,109.000,Cr1IDgtoIwjHadzo,,,,,,
4,195,2026-04-05T09:35:49.955Z,168.000,7,28.000,uHgM+VdJzX93m/5O,99.000,h4OQZ7bMhp0Pbd5V,102.000,UfIL2xPYUWA3pa2i,109.000,3ro8QLJh0yyykLyV,123.000,Jg+7wzPVXO3fl6hF,140.000,WYac+BcEaEqjcD+O,168.000,0vdW+g6toC/h3nqI,,,,,,
4,196,2026-04-05T09:35:50.123Z,143.000,7,6.000,jwNdRfwvt/DA6PNq,32.000,nbm0/St8w4GUlGA4,34.000,Cr1IDgtoIwjHadzo,60.000,uHgM+VdJzX93m/5O,124.000,h4OQZ7bMhp0Pbd5V,125.000,UfIL2xPYUWA3pa2i,143.000,3ro8QLJh0yyykLyV,,,,,,
4,197,2026-04-05T09:35:50.266Z,119.000,7,11.000,Jg+7wzPVXO3fl6hF,28.000,WYac+BcEaEqjcD+O,63.000,0vdW+g6toC/h3nqI,65.000,jwNdRfwvt/DA6PNq,88.000,nbm0/St8w4GUlGA4,91.000,Cr1IDgtoIwjHadzo,119.000,uHgM+VdJzX93m/5O,,,,,,
4,198,2026-04-05T09:35:50.385Z,147.000,7,63.000,h4OQZ7bMhp0Pbd5V,64.000,UfIL2xPYUWA3pa2i,82.000,3ro8QLJh0yyykLyV,95.000,Jg+7wzPVXO3fl6hF,113.000,WYac+BcEaEqjcD+O,140.000,0vdW+g6toC/h3nqI,147.000,jwNdRfwvt/DA6PNq,,,,,,
4,199,2026-04-05T09:35:50.532Z,150.000,7,26.000,Cr1IDgtoIwjHadzo,27.000,nbm0/St8w4GUlGA4,55.000,uHgM+VdJzX93m/5O,117.000,UfIL2xPYUWA3pa2i,119.000,h4OQZ7bMhp0Pbd5V,136.000,3ro8QLJh0yyykLyV,150.000,Jg+7wzPVXO3fl6hF,,,,,,
4,200,2026-04-05T09:35:50.682Z,169.000,8,19.000,WYac+BcEaEqjcD+O,44.000,0vdW+g6toC/h3nqI,49.000,jwNdRfwvt/DA6PNq,74.000,nbm0/St8w4GUlGA4,76.000,Cr1IDgtoIwjHadzo,106.000,uHgM+VdJzX93m/5O,169.000,h4OQZ7bMhp0Pbd5V,171.000,UfIL2xPYUWA3pa2i,,,,
4,201,2026-04-05T09:35:50.851Z,116.000,7,19.000,3ro8QLJh0yyykLyV,31.000,Jg+7wzPVXO3fl6hF,51.000,WYac+BcEaEqjcD+O,75.000,0vdW+g6toC/h3nqI,83.000,jwNdRfwvt/DA6PNq,115.000,Cr1IDgtoIwjHadzo,116.000,nbm0/St8w4GUlGA4,,,,,,
4,202,2026-04-05T09:35:50.967Z,160.000,7,22.000,uHgM+VdJzX93m/5O,84.000,h4OQZ7bMhp0Pbd5V,87.000,UfIL2xPYUWA3pa2i,102.000,3ro8QLJh0yyykLyV,115.000,Jg+7wzPVXO3fl6hF,134.000,WYac+BcEaEqjcD+O,160.000,0vdW+g6toC/h3nqI,,,,,,
4,203,2026-04-05T09:35:51.127Z,143.000,7,6.000,jwNdRfwvt/DA6PNq,30.000,Cr1IDgtoIwjHadzo,40.000,nbm0/St8w4GUlGA4,62.000,uHgM+VdJzX93m/5O,126.000,UfIL2xPYUWA3pa2i,127.000,h4OQZ7bMhp0Pbd5V,143.000,3ro8QLJh0yyykLyV,,,,,,
4,204,2026-04-05T09:35:51.270Z,121.000,7,14.000,Jg+7wzPVXO3fl6hF,33.000,WYac+BcEaEqjcD+O,58.000,0vdW+g6toC/h3nqI,64.000,jwNdRfwvt/DA6PNq,90.000,Cr1IDgtoIwjHadzo,98.000,nbm0/St8w4GUlGA4,120.000,uHgM+VdJzX93m/5O,,,,,,
4,205,2026-04-05T09:35:51.391Z,144.000,7,62.000,h4OQZ7bMhp0Pbd5V,64.000,UfIL2xPYUWA3pa2i,92.000,3ro8QLJh0yyykLyV,95.000,Jg+7wzPVXO3fl6hF,115.000,WYac+BcEaEqjcD+O,139.000,0vdW+g6toC/h3nqI,144.000,jwNdRfwvt/DA6PNq,,,,,,
4,206,2026-04-05T09:35:51.535Z,152.000,7,27.000,Cr1IDgtoIwjHadzo,34.000,nbm0/St8w4GUlGA4,57.000,uHgM+VdJzX93m/5O,119.000,h4OQZ7bMhp0Pbd5V,121.000,UfIL2xPYUWA3pa2i,149.000,3ro8QLJh0yyykLyV,152.000,Jg+7wzPVXO3fl6hF,,,,,,
4,207,2026-04-05T09:35:51.687Z,169.000,8,19.000,WYac+BcEaEqjcD+O,45.000,0vdW+g6toC/h3nqI,48.000,jwNdRfwvt/DA6PNq,75.000,Cr1IDgtoIwjHadzo,83.000,nbm0/St8w4GUlGA4,107.000,uHgM+VdJzX93m/5O,169.000,h4OQZ7bMhp0Pbd5V,170.000,UfIL2xPYUWA3pa2i,,,,
4,208,2026-04-05T09:35:51.856Z,115.000,7,19.000,3ro8QLJh0yyykLyV,31.000,Jg+7wzPVXO3fl6hF,53.000,WYac+BcEaEqjcD+O,78.000,0vdW+g6toC/h3nqI,82.000,jwNdRfwvt/DA6PNq,109.000,Cr1IDgtoIwjHadzo,115.000,nbm0/St8w4GUlGA4,,,,,,
4,209,2026-04-05T09:35:51.971Z,163.000,7,25.000,uHgM+VdJzX93m/5O,88.000,UfIL2xPYUWA3pa2i,88.000,h4OQZ7bMhp0Pbd5V,105.000,3ro8QLJh0yyykLyV,118.000,Jg+7wzPVXO3fl6hF,138.000,WYac+BcEaEqjcD+O,163.000,0vdW+g6toC/h3nqI,,,,,,
4,210,2026-04-05T09:35:52.134Z,143.000,7,6.000,jwNdRfwvt/DA6PNq,31.000,Cr1IDgtoIwjHadzo,39.000,nbm0/St8w4GUlGA4,63.000,uHgM+VdJzX93m/5O,125.000,UfIL2xPYUWA3pa2i,127.000,h4OQZ7bMhp0Pbd5V,143.000,3ro8QLJh0yyykLyV,,,,,,
4,211,2026-04-05T09:35:52.277Z,121.000,7,15.000,Jg+7wzPVXO3fl6hF,35.000,WYac+BcEaEqjcD+O,59.000,0vdW+g6toC/h3nqI,94.000,Cr1IDgtoIwjHadzo,96.000,nbm0/St8w4GUlGA4,102.000,jwNdRfwvt/DA6PNq,121.000,uHgM+VdJzX93m/5O,,,,,,
4,212,2026-04-05T09:35:52.398Z,143.000,7,63.000,h4OQZ7bMhp0Pbd5V,65.000,UfIL2xPYUWA3pa2i,84.000,3ro8QLJh0yyykLyV,95.000,Jg+7wzPVXO3fl6hF,115.000,WYac+BcEaEqjcD+O,140.000,0vdW+g6toC/h3nqI,143.000,jwNdRfwvt/DA6PNq,,,,,,
4,213,2026-04-05T09:35:52.541Z,166.000,7,27.000,Cr1IDgtoIwjHadzo,34.000,nbm0/St8w4GUlGA4,59.000,uHgM+VdJzX93m/5O,122.000,h4OQZ7bMhp0Pbd5V,123.000,UfIL2xPYUWA3pa2i,141.000,3ro8QLJh0yyykLyV,166.000,Jg+7wzPVXO3fl6hF,,,,,,
4,214,2026-04-05T09:35:52.707Z,159.000,8,6.000,WYac+BcEaEqjcD+O,33.000,0vdW+g6toC/h3nqI,38.000,jwNdRfwvt/DA6PNq,65.000,Cr1IDgtoIwjHadzo,71.000,nbm0/St8w4GUlGA4,95.000,uHgM+VdJzX93m/5O,159.000,UfIL2xPYUWA3pa2i,160.000,h4OQZ7bMhp0Pbd5V,,,,
4,215,2026-04-05T09:35:52.866Z,117.000,7,15.000,3ro8QLJh0yyykLyV,40.000,Jg+7wzPVXO3fl6hF,49.000,WYac+BcEaEqjcD+O,74.000,0vdW+g6toC/h3nqI,80.000,jwNdRfwvt/DA6PNq,105.000,Cr1IDgtoIwjHadzo,117.000,nbm0/St8w4GUlGA4,,,,,,
4,216,2026-04-05T09:35:52.983Z,164.000,8,20.000,uHgM+VdJzX93m/5O,83.000,UfIL2xPYUWA3pa2i,85.000,h4OQZ7bMhp0Pbd5V,103.000,3ro8QLJh0yyykLyV,122.000,Jg+7wzPVXO3fl6hF,137.000,WYac+BcEaEqjcD+O,164.000,jwNdRfwvt/DA6PNq,246.000,0vdW+g6toC/h3nqI,,,,
4,217,2026-04-05T09:35:53.147Z,161.000,7,24.000,Cr1IDgtoIwjHadzo,33.000,nbm0/St8w4GUlGA4,55.000,uHgM+VdJzX93m/5O,118.000,h4OQZ7bMhp0Pbd5V,120.000,UfIL2xPYUWA3pa2i,138.000,3ro8QLJh0yyykLyV,161.000,Jg+7wzPVXO3fl6hF,,,,,,
4,218,2026-04-05T09:35:53.308Z,160.000,8,9.000,WYac+BcEaEqjcD+O,39.000,jwNdRfwvt/DA6PNq,67.000,Cr1IDgtoIwjHadzo,72.000,nbm0/St8w4GUlGA4,97.000,uHgM+VdJzX93m/5O,114.000,0vdW+g6toC/h3nqI,160.000,UfIL2xPYUWA3pa2i,168.000,h4OQZ7bMhp0Pbd5V,,,,
4,219,2026-04-05T09:35:53.468Z,139.000,7,17.000,3ro8QLJh0yyykLyV,43.000,Jg+7wzPVXO3fl6hF,49.000,WYac+BcEaEqjcD+O,82.000,jwNdRfwvt/DA6PNq,113.000,nbm0/St8w4GUlGA4,117.000,Cr1IDgtoIwjHadzo,139.000,uHgM+VdJzX93m/5O,,,,,,
4,220,2026-04-05T09:35:53.607Z,144.000,7,18.000,0vdW+g6toC/h3nqI,62.000,h4OQZ7bMhp0Pbd5V,64.000,UfIL2xPYUWA3pa2i,79.000,3ro8QLJh0yyykLyV,104.000,Jg+7wzPVXO3fl6hF,112.000,WYac+BcEaEqjcD+O,144.000,jwNdRfwvt/DA6PNq,,,,,,
4,221,2026-04-05T09:35:53.751Z,136.000,7,25.000,Cr1IDgtoIwjHadzo,32.000,nbm0/St8w4GUlGA4,59.000,uHgM+VdJzX93m/5O,73.000,0vdW+g6toC/h3nqI,118.000,h4OQZ7bMhp0Pbd5V,120.000,UfIL2xPYUWA3pa2i,136.000,3ro8QLJh0yyykLyV,,,,,,
4,222,2026-04-05T09:35:53.887Z,140.000,7,26.000,Jg+7wzPVXO3fl6hF,35.000,WYac+BcEaEqjcD+O,65.000,jwNdRfwvt/DA6PNq,88.000,Cr1IDgtoIwjHadzo,96.000,nbm0/St8w4GUlGA4,121.000,uHgM+VdJzX93m/5O,139.000,0vdW+g6toC/h3nqI,,,,,,
4,223,2026-04-05T09:35:54.027Z,151.000,7,43.000,UfIL2xPYUWA3pa2i,44.000,h4OQZ7bMhp0Pbd5V,60.000,3ro8QLJh0yyykLyV,85.000,Jg+7wzPVXO3fl6hF,100.000,WYac+BcEaEqjcD+O,125.000,jwNdRfwvt/DA6PNq,151.000,Cr1IDgtoIwjHadzo,,,,,,
4,224,2026-04-05T09:35:54.178Z,136.000,7,6.000,nbm0/St8w4GUlGA4,31.000,uHgM+VdJzX93m/5O,48.000,0vdW+g6toC/h3nqI,93.000,UfIL2xPYUWA3pa2i,94.000,h4OQZ7bMhp0Pbd5V,111.000,3ro8QLJh0yyykLyV,136.000,Jg+7wzPVXO3fl6hF,,,,,,
4,225,2026-04-05T09:35:54.314Z,161.000,8,9.000,WYac+BcEaEqjcD+O,42.000,jwNdRfwvt/DA6PNq,65.000,Cr1IDgtoIwjHadzo,72.000,nbm0/St8w4GUlGA4,98.000,uHgM+VdJzX93m/5O,121.000,0vdW+g6toC/h3nqI,161.000,UfIL2xPYUWA3pa2i,164.000,h4OQZ7bMhp0Pbd5V,,,,
4,226,2026-04-05T09:35:54.475Z,155.000,8,16.000,3ro8QLJh0yyykLyV,41.000,Jg+7wzPVXO3fl6hF,48.000,WYac+BcEaEqjcD+O,97.000,jwNdRfwvt/DA6PNq,113.000,nbm0/St8w4GUlGA4,138.000,uHgM+VdJzX93m/5O,155.000,0vdW+g6toC/h3nqI,165.000,Cr1IDgtoIwjHadzo,,,,
4,227,2026-04-05T09:35:54.630Z,149.000,7,44.000,UfIL2xPYUWA3pa2i,45.000,h4OQZ7bMhp0Pbd5V,61.000,3ro8QLJh0yyykLyV,87.000,Jg+7wzPVXO3fl6hF,95.000,WYac+BcEaEqjcD+O,139.000,jwNdRfwvt/DA6PNq,149.000,Cr1IDgtoIwjHadzo,,,,,,
4,228,2026-04-05T09:35:54.779Z,139.000,7,10.000,nbm0/St8w4GUlGA4,51.000,0vdW+g6toC/h3nqI,64.000,uHgM+VdJzX93m/5O,96.000,h4OQZ7bMhp0Pbd5V,96.000,UfIL2xPYUWA3pa2i,112.000,3ro8QLJh0yyykLyV,138.000,Jg+7wzPVXO3fl6hF,,,,,,
4,229,2026-04-05T09:35:54.918Z,157.000,8,8.000,WYac+BcEaEqjcD+O,53.000,jwNdRfwvt/DA6PNq,65.000,Cr1IDgtoIwjHadzo,72.000,nbm0/St8w4GUlGA4,96.000,uHgM+VdJzX93m/5O,112.000,0vdW+g6toC/h3nqI,157.000,UfIL2xPYUWA3pa2i,158.000,h4OQZ7bMhp0Pbd5V,,,,
4,230,2026-04-05T09:35:55.075Z,141.000,7,18.000,3ro8QLJh0yyykLyV,44.000,Jg+7wzPVXO3fl6hF,59.000,WYac+BcEaEqjcD+O,97.000,jwNdRfwvt/DA6PNq,108.000,Cr1IDgtoIwjHadzo,115.000,nbm0/St8w4GUlGA4,141.000,uHgM+VdJzX93m/5O,,,,,,
4,231,2026-04-05T09:35:55.216Z,157.000,8,16.000,0vdW+g6toC/h3nqI,62.000,h4OQZ7bMhp0Pbd5V,66.000,UfIL2xPYUWA3pa2i,79.000,3ro8QLJh0yyykLyV,104.000,Jg+7wzPVXO3fl6hF,112.000,WYac+BcEaEqjcD+O,157.000,jwNdRfwvt/DA6PNq,213.000,uHgM+VdJzX93m/5O,,,,
4,232,2026-04-05T09:35:55.373Z,148.000,7,11.000,Cr1IDgtoIwjHadzo,19.000,nbm0/St8w4GUlGA4,59.000,0vdW+g6toC/h3nqI,105.000,h4OQZ7bMhp0Pbd5V,116.000,UfIL2xPYUWA3pa2i,123.000,3ro8QLJh0yyykLyV,148.000,Jg+7wzPVXO3fl6hF,,,,,,
4,233,2026-04-05T09:35:55.521Z,158.000,8,8.000,WYac+BcEaEqjcD+O,53.000,jwNdRfwvt/DA6PNq,64.000,Cr1IDgtoIwjHadzo,71.000,nbm0/St8w4GUlGA4,108.000,uHgM+VdJzX93m/5O,113.000,0vdW+g6toC/h3nqI,157.000,h4OQZ7bMhp0Pbd5V,169.000,UfIL2xPYUWA3pa2i,,,,
4,234,2026-04-05T09:35:55.679Z,151.000,7,18.000,3ro8QLJh0yyykLyV,46.000,Jg+7wzPVXO3fl6hF,53.000,WYac+BcEaEqjcD+O,97.000,jwNdRfwvt/DA6PNq,108.000,Cr1IDgtoIwjHadzo,114.000,nbm0/St8w4GUlGA4,151.000,uHgM+VdJzX93m/5O,,,,,,
4,235,2026-04-05T09:35:55.830Z,147.000,7,6.000,0vdW+g6toC/h3nqI,49.000,h4OQZ7bMhp0Pbd5V,52.000,UfIL2xPYUWA3pa2i,68.000,3ro8QLJh0yyykLyV,93.000,Jg+7wzPVXO3fl6hF,103.000,WYac+BcEaEqjcD+O,147.000,jwNdRfwvt/DA6PNq,,,,,,
4,236,2026-04-05T09:35:55.977Z,124.000,7,12.000,Cr1IDgtoIwjHadzo,17.000,nbm0/St8w4GUlGA4,55.000,uHgM+VdJzX93m/5O,60.000,0vdW+g6toC/h3nqI,106.000,UfIL2xPYUWA3pa2i,111.000,h4OQZ7bMhp0Pbd5V,123.000,3ro8QLJh0yyykLyV,,,,,,
4,237,2026-04-05T09:35:56.101Z,137.000,7,24.000,Jg+7wzPVXO3fl6hF,33.000,WYac+BcEaEqjcD+O,87.000,jwNdRfwvt/DA6PNq,89.000,Cr1IDgtoIwjHadzo,95.000,nbm0/St8w4GUlGA4,133.000,uHgM+VdJzX93m/5O,137.000,0vdW+g6toC/h3nqI,,,,,,
4,238,2026-04-05T09:35:56.238Z,153.000,7,44.000,UfIL2xPYUWA3pa2i,47.000,h4OQZ7bMhp0Pbd5V,63.000,3ro8QLJh0yyykLyV,95.000,Jg+7wzPVXO3fl6hF,98.000,WYac+BcEaEqjcD+O,142.000,jwNdRfwvt/DA6PNq,153.000,Cr1IDgtoIwjHadzo,,,,,,
4,239,2026-04-05T09:35:56.391Z,145.000,8,5.000,nbm0/St8w4GUlGA4,42.000,uHgM+VdJzX93m/5O,48.000,0vdW+g6toC/h3nqI,92.000,UfIL2xPYUWA3pa2i,95.000,h4OQZ7bMhp0Pbd5V,111.000,3ro8QLJh0yyykLyV,145.000,Jg+7wzPVXO3fl6hF,145.000,WYac+BcEaEqjcD+O,,,,
4,240,2026-04-05T09:35:56.536Z,150.000,7,45.000,jwNdRfwvt/DA6PNq,56.000,Cr1IDgtoIwjHadzo,62.000,nbm0/St8w4GUlGA4,99.000,uHgM+VdJzX93m/5O,105.000,0vdW+g6toC/h3nqI,149.000,h4OQZ7bMhp0Pbd5V,150.000,UfIL2xPYUWA3pa2i,,,,,,
4,241,2026-04-05T09:35:56.686Z,151.000,7,18.000,3ro8QLJh0yyykLyV,51.000,Jg+7wzPVXO3fl6hF,51.000,WYac+BcEaEqjcD+O,97.000,jwNdRfwvt/DA6PNq,108.000,Cr1IDgtoIwjHadzo,114.000,nbm0/St8w4GUlGA4,151.000,uHgM+VdJzX93m/5O,,,,,,
4,242,2026-04-05T09:35:56.837Z,150.000,7,7.000,0vdW+g6toC/h3nqI,49.000,h4OQZ7bMhp0Pbd5V,53.000,UfIL2xPYUWA3pa2i,70.000,3ro8QLJh0yyykLyV,102.000,Jg+7wzPVXO3fl6hF,103.000,WYac+BcEaEqjcD+O,150.000,jwNdRfwvt/DA6PNq,,,,,,
4,243,2026-04-05T09:35:56.987Z,124.000,7,9.000,Cr1IDgtoIwjHadzo,16.000,nbm0/St8w4GUlGA4,51.000,uHgM+VdJzX93m/5O,59.000,0vdW+g6toC/h3nqI,101.000,UfIL2xPYUWA3pa2i,105.000,h4OQZ7bMhp0Pbd5V,123.000,3ro8QLJh0yyykLyV,,,,,,
4,244,2026-04-05T09:35:57.111Z,156.000,7,28.000,WYac+BcEaEqjcD+O,30.000,Jg+7wzPVXO3fl6hF,76.000,jwNdRfwvt/DA6PNq,86.000,Cr1IDgtoIwjHadzo,92.000,nbm0/St8w4GUlGA4,144.000,0vdW+g6toC/h3nqI,156.000,uHgM+VdJzX93m/5O,,,,,,
4,245,2026-04-05T09:35:57.267Z,130.000,7,22.000,UfIL2xPYUWA3pa2i,25.000,h4OQZ7bMhp0Pbd5V,42.000,3ro8QLJh0yyykLyV,72.000,Jg+7wzPVXO3fl6hF,75.000,WYac+BcEaEqjcD+O,120.000,jwNdRfwvt/DA6PNq,130.000,Cr1IDgtoIwjHadzo,,,,,,
4,246,2026-04-05T09:35:57.397Z,144.000,8,7.000,nbm0/St8w4GUlGA4,52.000,0vdW+g6toC/h3nqI,68.000,uHgM+VdJzX93m/5O,95.000,UfIL2xPYUWA3pa2i,96.000,h4OQZ7bMhp0Pbd5V,113.000,3ro8QLJh0yyykLyV,144.000,Jg+7wzPVXO3fl6hF,145.000,WYac+BcEaEqjcD+O,,,,
4,247,2026-04-05T09:35:57.541Z,152.000,7,49.000,jwNdRfwvt/DA6PNq,58.000,Cr1IDgtoIwjHadzo,64.000,nbm0/St8w4GUlGA4,107.000,0vdW+g6toC/h3nqI,125.000,uHgM+VdJzX93m/5O,150.000,UfIL2xPYUWA3pa2i,152.000,h4OQZ7bMhp0Pbd5V,,,,,,
4,248,2026-04-05T09:35:57.693Z,250.000,10,21.000,3ro8QLJh0yyykLyV,50.000,WYac+BcEaEqjcD+O,51.000,Jg+7wzPVXO3fl6hF,96.000,jwNdRfwvt/DA6PNq,108.000,Cr1IDgtoIwjHadzo,247.000,nbm0/St8w4GUlGA4,250.000,uHgM+VdJzX93m/5O,253.000,UfIL2xPYUWA3pa2i,254.000,h4OQZ7bMhp0Pbd5V,333.000,0vdW+g6toC/h3nqI
4,249,2026-04-05T09:35:57.943Z,126.000,7,6.000,3ro8QLJh0yyykLyV,27.000,WYac+BcEaEqjcD+O,39.000,Jg+7wzPVXO3fl6hF,57.000,jwNdRfwvt/DA6PNq,61.000,Cr1IDgtoIwjHadzo,66.000,nbm0/St8w4GUlGA4,126.000,uHgM+VdJzX93m/5O,,,,,,
4,250,2026-04-05T09:35:58.069Z,137.000,8,25.000,UfIL2xPYUWA3pa2i,25.000,h4OQZ7bMhp0Pbd5V,45.000,3ro8QLJh0yyykLyV,76.000,Jg+7wzPVXO3fl6hF,77.000,WYac+BcEaEqjcD+O,136.000,jwNdRfwvt/DA6PNq,137.000,0vdW+g6toC/h3nqI,138.000,Cr1IDgtoIwjHadzo,,,,
4,251,2026-04-05T09:35:58.206Z,142.000,7,8.000,nbm0/St8w4GUlGA4,66.000,uHgM+VdJzX93m/5O,89.000,h4OQZ7bMhp0Pbd5V,90.000,UfIL2xPYUWA3pa2i,112.000,3ro8QLJh0yyykLyV,140.000,WYac+BcEaEqjcD+O,142.000,Jg+7wzPVXO3fl6hF,,,,,,
4,252,2026-04-05T09:35:58.348Z,170.000,8,45.000,jwNdRfwvt/DA6PNq,52.000,0vdW+g6toC/h3nqI,59.000,Cr1IDgtoIwjHadzo,63.000,nbm0/St8w4GUlGA4,128.000,uHgM+VdJzX93m/5O,149.000,UfIL2xPYUWA3pa2i,170.000,3ro8QLJh0yyykLyV,175.000,h4OQZ7bMhp0Pbd5V,,,,
4,253,2026-04-05T09:35:58.518Z,155.000,7,29.000,WYac+BcEaEqjcD+O,30.000,Jg+7wzPVXO3fl6hF,76.000,jwNdRfwvt/DA6PNq,86.000,0vdW+g6toC/h3nqI,89.000,Cr1IDgtoIwjHadzo,94.000,nbm0/St8w4GUlGA4,155.000,uHgM+VdJzX93m/5O,,,,,,
4,254,2026-04-05T09:35:58.673Z,131.000,7,24.000,UfIL2xPYUWA3pa2i,27.000,h4OQZ7bMhp0Pbd5V,46.000,3ro8QLJh0yyykLyV,77.000,WYac+BcEaEqjcD+O,79.000,Jg+7wzPVXO3fl6hF,123.000,jwNdRfwvt/DA6PNq,131.000,0vdW+g6toC/h3nqI,,,,,,
4,255,2026-04-05T09:35:58.804Z,145.000,8,6.000,Cr1IDgtoIwjHadzo,9.000,nbm0/St8w4GUlGA4,70.000,uHgM+VdJzX93m/5O,93.000,h4OQZ7bMhp0Pbd5V,95.000,UfIL2xPYUWA3pa2i,114.000,3ro8QLJh0yyykLyV,145.000,WYac+BcEaEqjcD+O,146.000,Jg+7wzPVXO3fl6hF,,,,
4,256,2026-04-05T09:35:58.949Z,151.000,7,46.000,jwNdRfwvt/DA6PNq,55.000,0vdW+g6toC/h3nqI,60.000,Cr1IDgtoIwjHadzo,65.000,nbm0/St8w4GUlGA4,126.000,uHgM+VdJzX93m/5O,150.000,h4OQZ7bMhp0Pbd5V,151.000,UfIL2xPYUWA3pa2i,,,,,,
4,257,2026-04-05T09:35:59.100Z,115.000,7,19.000,3ro8QLJh0yyykLyV,49.000,Jg+7wzPVXO3fl6hF,52.000,WYac+BcEaEqjcD+O,98.000,jwNdRfwvt/DA6PNq,104.000,0vdW+g6toC/h3nqI,110.000,Cr1IDgtoIwjHadzo,115.000,nbm0/St8w4GUlGA4,,,,,,
4,258,2026-04-05T09:35:59.215Z,184.000,7,61.000,uHgM+VdJzX93m/5O,84.000,h4OQZ7bMhp0Pbd5V,87.000,UfIL2xPYUWA3pa2i,106.000,3ro8QLJh0yyykLyV,137.000,Jg+7wzPVXO3fl6hF,138.000,WYac+BcEaEqjcD+O,184.000,jwNdRfwvt/DA6PNq,,,,,,
4,259,2026-04-05T09:35:59.399Z,122.000,7,8.000,0vdW+g6toC/h3nqI,13.000,Cr1IDgtoIwjHadzo,17.000,nbm0/St8w4GUlGA4,78.000,uHgM+VdJzX93m/5O,102.000,h4OQZ7bMhp0Pbd5V,103.000,UfIL2xPYUWA3pa2i,122.000,3ro8QLJh0yyykLyV,,,,,,
4,260,2026-04-05T09:35:59.521Z,182.000,7,31.000,WYac+BcEaEqjcD+O,32.000,Jg+7wzPVXO3fl6hF,88.000,0vdW+g6toC/h3nqI,96.000,nbm0/St8w4GUlGA4,159.000,Cr1IDgtoIwjHadzo,163.000,jwNdRfwvt/DA6PNq,182.000,UfIL2xPYUWA3pa2i,,,,,,
4,261,2026-04-05T09:35:59.703Z,386.000,7,19.000,3ro8QLJh0yyykLyV,115.000,nbm0/St8w4GUlGA4,140.000,Cr1IDgtoIwjHadzo,202.000,UfIL2xPYUWA3pa2i,377.000,Jg+7wzPVXO3fl6hF,382.000,WYac+BcEaEqjcD+O,386.000,0vdW+g6toC/h3nqI,,,,,,
4,262,2026-04-05T09:36:00.089Z,105.000,10,4.000,3ro8QLJh0yyykLyV,17.000,UfIL2xPYUWA3pa2i,56.000,nbm0/St8w4GUlGA4,90.000,0vdW+g6toC/h3nqI,101.000,Jg+7wzPVXO3fl6hF,104.000,jwNdRfwvt/DA6PNq,105.000,uHgM+VdJzX93m/5O,110.000,h4OQZ7bMhp0Pbd5V,112.000,Cr1IDgtoIwjHadzo,161.000,WYac+BcEaEqjcD+O
4,263,2026-04-05T09:36:00.194Z,110.000,9,100.000,0vdW+g6toC/h3nqI,102.000,3ro8QLJh0yyykLyV,103.000,nbm0/St8w4GUlGA4,103.000,Cr1IDgtoIwjHadzo,106.000,jwNdRfwvt/DA6PNq,107.000,uHgM+VdJzX93m/5O,110.000,Jg+7wzPVXO3fl6hF,117.000,h4OQZ7bMhp0Pbd5V,118.000,UfIL2xPYUWA3pa2i,,
4,264,2026-04-05T09:36:00.304Z,200.000,9,139.000,WYac+BcEaEqjcD+O,191.000,nbm0/St8w4GUlGA4,193.000,0vdW+g6toC/h3nqI,194.000,3ro8QLJh0yyykLyV,197.000,uHgM+VdJzX93m/5O,198.000,jwNdRfwvt/DA6PNq,200.000,Cr1IDgtoIwjHadzo,203.000,Jg+7wzPVXO3fl6hF,212.000,h4OQZ7bMhp0Pbd5V,,
4,265,2026-04-05T09:36:00.504Z,485.000,7,4.000,UfIL2xPYUWA3pa2i,190.000,nbm0/St8w4GUlGA4,192.000,3ro8QLJh0yyykLyV,195.000,Cr1IDgtoIwjHadzo,475.000,WYac+BcEaEqjcD+O,477.000,h4OQZ7bMhp0Pbd5V,485.000,uHgM+VdJzX93m/5O,,,,,,
4,266,2026-04-05T09:36:00.989Z,92.000,10,4.000,UfIL2xPYUWA3pa2i,6.000,nbm0/St8w4GUlGA4,6.000,Cr1IDgtoIwjHadzo,76.000,uHgM+VdJzX93m/5O,83.000,3ro8QLJh0yyykLyV,90.000,0vdW+g6toC/h3nqI,92.000,jwNdRfwvt/DA6PNq,94.000,h4OQZ7bMhp0Pbd5V,99.000,Jg+7wzPVXO3fl6hF,101.000,WYac+BcEaEqjcD+O
4,267,2026-04-05T09:36:01.081Z,123.000,9,112.000,uHgM+VdJzX93m/5O,113.000,jwNdRfwvt/DA6PNq,115.000,nbm0/St8w4GUlGA4,119.000,UfIL2xPYUWA3pa2i,120.000,Cr1IDgtoIwjHadzo,122.000,h4OQZ7bMhp0Pbd5V,123.000,0vdW+g6toC/h3nqI,125.000,WYac+BcEaEqjcD+O,129.000,Jg+7wzPVXO3fl6hF,,
4,268,2026-04-05T09:36:01.204Z,204.000,10,67.000,3ro8QLJh0yyykLyV,194.000,Cr1IDgtoIwjHadzo,195.000,nbm0/St8w4GUlGA4,196.000,uHgM+VdJzX93m/5O,197.000,UfIL2xPYUWA3pa2i,203.000,Jg+7wzPVXO3fl6hF,204.000,h4OQZ7bMhp0Pbd5V,205.000,0vdW+g6toC/h3nqI,209.000,WYac+BcEaEqjcD+O,210.000,jwNdRfwvt/DA6PNq
4,269,2026-04-05T09:36:01.408Z,598.000,8,63.000,3ro8QLJh0yyykLyV,188.000,nbm0/St8w4GUlGA4,189.000,UfIL2xPYUWA3pa2i,195.000,Cr1IDgtoIwjHadzo,586.000,h4OQZ7bMhp0Pbd5V,591.000,jwNdRfwvt/DA6PNq,598.000,uHgM+VdJzX93m/5O,607.000,WYac+BcEaEqjcD+O,,,,
4,270,2026-04-05T09:36:02.006Z,114.000,10,4.000,nbm0/St8w4GUlGA4,6.000,3ro8QLJh0yyykLyV,20.000,Cr1IDgtoIwjHadzo,85.000,UfIL2xPYUWA3pa2i,108.000,Jg+7wzPVXO3fl6hF,111.000,jwNdRfwvt/DA6PNq,114.000,h4OQZ7bMhp0Pbd5V,114.000,0vdW+g6toC/h3nqI,120.000,uHgM+VdJzX93m/5O,124.000,WYac+BcEaEqjcD+O
4,271,2026-04-05T09:36:02.120Z,101.000,9,93.000,0vdW+g6toC/h3nqI,94.000,uHgM+VdJzX93m/5O,94.000,Jg+7wzPVXO3fl6hF,95.000,3ro8QLJh0yyykLyV,100.000,jwNdRfwvt/DA6PNq,100.000,Cr1IDgtoIwjHadzo,101.000,h4OQZ7bMhp0Pbd5V,103.000,nbm0/St8w4GUlGA4,109.000,WYac+BcEaEqjcD+O,,
4,272,2026-04-05T09:36:02.221Z,594.000,7,61.000,UfIL2xPYUWA3pa2i,194.000,nbm0/St8w4GUlGA4,196.000,Cr1IDgtoIwjHadzo,198.000,3ro8QLJh0yyykLyV,589.000,uHgM+VdJzX93m/5O,592.000,jwNdRfwvt/DA6PNq,594.000,h4OQZ7bMhp0Pbd5V,,,,,,
4,273,2026-04-05T09:36:02.815Z,102.000,10,5.000,UfIL2xPYUWA3pa2i,6.000,Cr1IDgtoIwjHadzo,6.000,3ro8QLJh0yyykLyV,9.000,nbm0/St8w4GUlGA4,92.000,h4OQZ7bMhp0Pbd5V,97.000,jwNdRfwvt/DA6PNq,102.000,uHgM+VdJzX93m/5O,104.000,Jg+7wzPVXO3fl6hF,105.000,0vdW+g6toC/h3nqI,107.000,WYac+BcEaEqjcD+O
4,274,2026-04-05T09:36:02.917Z,109.000,10,103.000,Cr1IDgtoIwjHadzo,104.000,uHgM+VdJzX93m/5O,105.000,3ro8QLJh0yyykLyV,105.000,nbm0/St8w4GUlGA4,107.000,0vdW+g6toC/h3nqI,108.000,WYac+BcEaEqjcD+O,109.000,UfIL2xPYUWA3pa2i,111.000,jwNdRfwvt/DA6PNq,114.000,h4OQZ7bMhp0Pbd5V,115.000,Jg+7wzPVXO3fl6hF
4,275,2026-04-05T09:36:03.026Z,767.000,7,195.000,nbm0/St8w4GUlGA4,197.000,3ro8QLJh0yyykLyV,198.000,UfIL2xPYUWA3pa2i,202.000,h4OQZ7bMhp0Pbd5V,205.000,Cr1IDgtoIwjHadzo,765.000,WYac+BcEaEqjcD+O,767.000,uHgM+VdJzX93m/5O,,,,,,
4,276,2026-04-05T09:36:03.793Z,333.000,7,5.000,3ro8QLJh0yyykLyV,6.000,UfIL2xPYUWA3pa2i,20.000,Cr1IDgtoIwjHadzo,21.000,h4OQZ7bMhp0Pbd5V,324.000,0vdW+g6toC/h3nqI,327.000,nbm0/St8w4GUlGA4,333.000,uHgM+VdJzX93m/5O,,,,,,
4,277,2026-04-05T09:36:04.126Z,635.000,7,45.000,nbm0/St8w4GUlGA4,82.000,Cr1IDgtoIwjHadzo,83.000,UfIL2xPYUWA3pa2i,89.000,3ro8QLJh0yyykLyV,631.000,uHgM+VdJzX93m/5O,633.000,Jg+7wzPVXO3fl6hF,635.000,h4OQZ7bMhp0Pbd5V,,,,,,
4,278,2026-04-05T09:36:04.761Z,322.000,7,5.000,jwNdRfwvt/DA6PNq,12.000,h4OQZ7bMhp0Pbd5V,15.000,UfIL2xPYUWA3pa2i,108.000,Cr1IDgtoIwjHadzo,154.000,3ro8QLJh0yyykLyV,230.000,Jg+7wzPVXO3fl6hF,322.000,WYac+BcEaEqjcD+O,,,,,,
4,279,2026-04-05T09:36:05.083Z,862.000,7,26.000,Cr1IDgtoIwjHadzo,28.000,3ro8QLJh0yyykLyV,145.000,nbm0/St8w4GUlGA4,496.000,UfIL2xPYUWA3pa2i,852.000,uHgM+VdJzX93m/5O,854.000,Jg+7wzPVXO3fl6hF,862.000,h4OQZ7bMhp0Pbd5V,,,,,,
4,280,2026-04-05T09:36:05.945Z,766.000,7,9.000,UfIL2xPYUWA3pa2i,40.000,h4OQZ7bMhp0Pbd5V,90.000,Cr1IDgtoIwjHadzo,359.000,uHgM+VdJzX93m/5O,361.000,0vdW+g6toC/h3nqI,758.000,3ro8QLJh0yyykLyV,766.000,nbm0/St8w4GUlGA4,,,,,,
4,281,2026-04-05T09:36:06.711Z,413.000,7,117.000,Cr1IDgtoIwjHadzo,130.000,UfIL2xPYUWA3pa2i,210.000,nbm0/St8w4GUlGA4,246.000,3ro8QLJh0yyykLyV,394.000,h4OQZ7bMhp0Pbd5V,409.000,jwNdRfwvt/DA6PNq,413.000,uHgM+VdJzX93m/5O,,,,,,
4,282,2026-04-05T09:36:07.124Z,891.000,7,716.000,nbm0/St8w4GUlGA4,727.000,h4OQZ7bMhp0Pbd5V,769.000,UfIL2xPYUWA3pa2i,773.000,Cr1IDgtoIwjHadzo,838.000,jwNdRfwvt/DA6PNq,843.000,3ro8QLJh0yyykLyV,891.000,WYac+BcEaEqjcD+O,,,,,,
4,283,2026-04-05T09:36:08.015Z,1014.000,7,8.000,nbm0/St8w4GUlGA4,9.000,Cr1IDgtoIwjHadzo,10.000,UfIL2xPYUWA3pa2i,843.000,h4OQZ7bMhp0Pbd5V,953.000,jwNdRfwvt/DA6PNq,1012.000,WYac+BcEaEqjcD+O,1014.000,3ro8QLJh0yyykLyV,,,,,,
4,284,2026-04-05T09:36:09.029Z,957.000,7,7.000,nbm0/St8w4GUlGA4,111.000,Cr1IDgtoIwjHadzo,140.000,UfIL2xPYUWA3pa2i,861.000,jwNdRfwvt/DA6PNq,921.000,h4OQZ7bMhp0Pbd5V,955.000,uHgM+VdJzX93m/5O,956.000,Jg+7wzPVXO3fl6hF,,,,,,
4,285,2026-04-05T09:36:09.986Z,938.000,9,115.000,nbm0/St8w4GUlGA4,767.000,UfIL2xPYUWA3pa2i,770.000,Cr1IDgtoIwjHadzo,866.000,uHgM+VdJzX93m/5O,878.000,Jg+7wzPVXO3fl6hF,880.000,jwNdRfwvt/DA6PNq,938.000,WYac+BcEaEqjcD+O,939.000,0vdW+g6toC/h3nqI,942.000,3ro8QLJh0yyykLyV,,
4,286,2026-04-05T09:36:10.924Z,1019.000,8,881.000,nbm0/St8w4GUlGA4,923.000,UfIL2xPYUWA3pa2i,952.000,jwNdRfwvt/DA6PNq,981.000,uHgM+VdJzX93m/5O,990.000,Jg+7wzPVXO3fl6hF,997.000,WYac+BcEaEqjcD+O,1019.000,0vdW+g6toC/h3nqI,1043.000,Cr1IDgtoIwjHadzo,,,,
4,287,2026-04-05T09:36:11.943Z,1025.000,7,538.000,UfIL2xPYUWA3pa2i,757.000,nbm0/St8w4GUlGA4,801.000,Cr1IDgtoIwjHadzo,988.000,uHgM+VdJzX93m/5O,1007.000,jwNdRfwvt/DA6PNq,1014.000,Jg+7wzPVXO3fl6hF,1025.000,0vdW+g6toC/h3nqI,,,,,,
4,288,2026-04-05T09:36:12.968Z,1026.000,7,450.000,3ro8QLJh0yyykLyV,928.000,nbm0/St8w4GUlGA4,929.000,Cr1IDgtoIwjHadzo,952.000,UfIL2xPYUWA3pa2i,1016.000,Jg+7wzPVXO3fl6hF,1023.000,uHgM+VdJzX93m/5O,1026.000,jwNdRfwvt/DA6PNq,,,,,,
4,289,2026-04-05T09:36:13.994Z,1597.000,8,863.000,nbm0/St8w4GUlGA4,921.000,Cr1IDgtoIwjHadzo,932.000,UfIL2xPYUWA3pa2i,1349.000,Jg+7wzPVXO3fl6hF,1389.000,0vdW+g6toC/h3nqI,1414.000,WYac+BcEaEqjcD+O,1597.000,h4OQZ7bMhp0Pbd5V,1634.000,jwNdRfwvt/DA6PNq,,,,
4,290,2026-04-05T09:36:15.591Z,1517.000,7,679.000,WYac+BcEaEqjcD+O,1061.000,0vdW+g6toC/h3nqI,1230.000,jwNdRfwvt/DA6PNq,1258.000,3ro8QLJh0yyykLyV,1332.000,h4OQZ7bMhp0Pbd5V,1484.000,uHgM+VdJzX93m/5O,1517.000,nbm0/St8w4GUlGA4,,,,,,
4,291,2026-04-05T09:36:17.108Z,1912.000,7,829.000,nbm0/St8w4GUlGA4,1031.000,h4OQZ7bMhp0Pbd5V,1078.000,UfIL2xPYUWA3pa2i,1440.000,Jg+7wzPVXO3fl6hF,1838.000,Cr1IDgtoIwjHadzo,1852.000,0vdW+g6toC/h3nqI,1912.000,jwNdRfwvt/DA6PNq,,,,,,
4,292,2026-04-05T09:36:19.020Z,2660.000,7,1730.000,h4OQZ7bMhp0Pbd5V,1812.000,3ro8QLJh0yyykLyV,1945.000,Cr1IDgtoIwjHadzo,2561.000,Jg+7wzPVXO3fl6hF,2614.000,0vdW+g6toC/h3nqI,2642.000,jwNdRfwvt/DA6PNq,2660.000,uHgM+VdJzX93m/5O,,,,,,
4,293,2026-04-05T09:36:21.680Z,2765.000,7,2437.000,3ro8QLJh0yyykLyV,2445.000,Jg+7wzPVXO3fl6hF,2483.000,UfIL2xPYUWA3pa2i,2493.000,h4OQZ7bMhp0Pbd5V,2496.000,nbm0/St8w4GUlGA4,2759.000,jwNdRfwvt/DA6PNq,2765.000,WYac+BcEaEqjcD+O,,,,,,
4,294,2026-04-05T09:36:24.445Z,3415.000,7,3008.000,jwNdRfwvt/DA6PNq,3013.000,Jg+7wzPVXO3fl6hF,3035.000,3ro8QLJh0yyykLyV,3101.000,Cr1IDgtoIwjHadzo,3106.000,UfIL2xPYUWA3pa2i,3409.000,h4OQZ7bMhp0Pbd5V,3415.000,nbm0/St8w4GUlGA4,,,,,,
4,295,2026-04-05T09:36:27.860Z,3903.000,7,3097.000,UfIL2xPYUWA3pa2i,3122.000,h4OQZ7bMhp0Pbd5V,3217.000,nbm0/St8w4GUlGA4,3686.000,jwNdRfwvt/DA6PNq,3782.000,uHgM+VdJzX93m/5O,3799.000,3ro8QLJh0yyykLyV,3903.000,Cr1IDgtoIwjHadzo,,,,,,
4,296,2026-04-05T09:36:31.763Z,5226.000,7,3602.000,nbm0/St8w4GUlGA4,4301.000,jwNdRfwvt/DA6PNq,4387.000,3ro8QLJh0yyykLyV,4446.000,uHgM+VdJzX93m/5O,4533.000,UfIL2xPYUWA3pa2i,4584.000,h4OQZ7bMhp0Pbd5V,5225.000,Jg+7wzPVXO3fl6hF,,,,,,
4,297,2026-04-05T09:36:36.989Z,5805.000,7,5479.000,0vdW+g6toC/h3nqI,5504.000,jwNdRfwvt/DA6PNq,5510.000,Cr1IDgtoIwjHadzo,5567.000,UfIL2xPYUWA3pa2i,5580.000,nbm0/St8w4GUlGA4,5803.000,3ro8QLJh0yyykLyV,5805.000,h4OQZ7bMhp0Pbd5V,,,,,,
4,298,2026-04-05T09:36:42.794Z,6959.000,7,5546.000,UfIL2xPYUWA3pa2i,6358.000,nbm0/St8w4GUlGA4,6620.000,jwNdRfwvt/DA6PNq,6681.000,h4OQZ7bMhp0Pbd5V,6751.000,3ro8QLJh0yyykLyV,6910.000,WYac+BcEaEqjcD+O,6958.000,0vdW+g6toC/h3nqI,,,,,,
4,299,2026-04-05T09:36:49.753Z,8216.000,7,7177.000,WYac+BcEaEqjcD+O,7874.000,0vdW+g6toC/h3nqI,7932.000,Cr1IDgtoIwjHadzo,7960.000,UfIL2xPYUWA3pa2i,8041.000,3ro8QLJh0yyykLyV,8047.000,nbm0/St8w4GUlGA4,8216.000,uHgM+VdJzX93m/5O,,,,,,
4,300,2026-04-05T09:36:57.969Z,8161.000,7,8108.000,nbm0/St8w4GUlGA4,8123.000,0vdW+g6toC/h3nqI,8132.000,WYac+BcEaEqjcD+O,8141.000,uHgM+VdJzX93m/5O,8152.000,h4OQZ7bMhp0Pbd5V,8160.000,UfIL2xPYUWA3pa2i,8161.000,3ro8QLJh0yyykLyV,,,,,,
4,301,2026-04-05T09:37:06.130Z,8525.000,7,7320.000,Cr1IDgtoIwjHadzo,8406.000,WYac+BcEaEqjcD+O,8420.000,jwNdRfwvt/DA6PNq,8447.000,uHgM+VdJzX93m/5O,8449.000,Jg+7wzPVXO3fl6hF,8514.000,3ro8QLJh0yyykLyV,8525.000,UfIL2xPYUWA3pa2i,,,,,,
4,302,2026-04-05T09:37:14.655Z,7765.000,7,6837.000,Cr1IDgtoIwjHadzo,6855.000,Jg+7wzPVXO3fl6hF,6913.000,UfIL2xPYUWA3pa2i,7505.000,uHgM+VdJzX93m/5O,7717.000,WYac+BcEaEqjcD+O,7742.000,jwNdRfwvt/DA6PNq,7765.000,h4OQZ7bMhp0Pbd5V,,,,,,
4,303,2026-04-05T09:37:22.420Z,8154.000,7,7112.000,Cr1IDgtoIwjHadzo,7127.000,UfIL2xPYUWA3pa2i,7397.000,uHgM+VdJzX93m/5O,7473.000,WYac+BcEaEqjcD+O,7550.000,nbm0/St8w4GUlGA4,7598.000,jwNdRfwvt/DA6PNq,8154.000,3ro8QLJh0yyykLyV,,,,,,
4,304,2026-04-05T09:37:30.574Z,,0,,,,,,,,,,,,,,,,,,,,
5,1,2026-04-05T09:35:10.151Z,5465.000,7,1776.000,nbm0/St8w4GUlGA4,2016.000,jwNdRfwvt/DA6PNq,3207.000,Cr1IDgtoIwjHadzo,3502.000,UfIL2xPYUWA3pa2i,4787.000,uHgM+VdJzX93m/5O,5464.000,0vdW+g6toC/h3nqI,5465.000,3ro8QLJh0yyykLyV,,,,,,
5,2,2026-04-05T09:35:15.616Z,9.000,7,3.000,3ro8QLJh0yyykLyV,3.000,Cr1IDgtoIwjHadzo,5.000,uHgM+VdJzX93m/5O,6.000,jwNdRfwvt/DA6PNq,7.000,UfIL2xPYUWA3pa2i,7.000,nbm0/St8w4GUlGA4,9.000,0vdW+g6toC/h3nqI,,,,,,
5,3,2026-04-05T09:35:15.625Z,208.000,7,196.000,jwNdRfwvt/DA6PNq,197.000,UfIL2xPYUWA3pa2i,198.000,Cr1IDgtoIwjHadzo,199.000,3ro8QLJh0yyykLyV,201.000,uHgM+VdJzX93m/5O,202.000,nbm0/St8w4GUlGA4,207.000,0vdW+g6toC/h3nqI,,,,,,
5,4,2026-04-05T09:35:15.833Z,201.000,7,191.000,3ro8QLJh0yyykLyV,193.000,Cr1IDgtoIwjHadzo,194.000,nbm0/St8w4GUlGA4,196.000,jwNdRfwvt/DA6PNq,197.000,UfIL2xPYUWA3pa2i,199.000,uHgM+VdJzX93m/5O,201.000,0vdW+g6toC/h3nqI,,,,,,
5,5,2026-04-05T09:35:16.034Z,201.000,7,191.000,3ro8QLJh0yyykLyV,193.000,Cr1IDgtoIwjHadzo,194.000,jwNdRfwvt/DA6PNq,195.000,nbm0/St8w4GUlGA4,197.000,UfIL2xPYUWA3pa2i,200.000,uHgM+VdJzX93m/5O,201.000,0vdW+g6toC/h3nqI,,,,,,
5,6,2026-04-05T09:35:16.235Z,201.000,8,191.000,Cr1IDgtoIwjHadzo,193.000,jwNdRfwvt/DA6PNq,194.000,nbm0/St8w4GUlGA4,196.000,3ro8QLJh0yyykLyV,197.000,UfIL2xPYUWA3pa2i,200.000,uHgM+VdJzX93m/5O,201.000,0vdW+g6toC/h3nqI,336.000,h4OQZ7bMhp0Pbd5V,,,,
5,7,2026-04-05T09:35:16.436Z,201.000,8,191.000,Cr1IDgtoIwjHadzo,194.000,jwNdRfwvt/DA6PNq,195.000,nbm0/St8w4GUlGA4,196.000,UfIL2xPYUWA3pa2i,198.000,3ro8QLJh0yyykLyV,200.000,h4OQZ7bMhp0Pbd5V,201.000,uHgM+VdJzX93m/5O,203.000,0vdW+g6toC/h3nqI,,,,
5,8,2026-04-05T09:35:16.637Z,201.000,8,191.000,Cr1IDgtoIwjHadzo,193.000,UfIL2xPYUWA3pa2i,195.000,nbm0/St8w4GUlGA4,196.000,3ro8QLJh0yyykLyV,197.000,jwNdRfwvt/DA6PNq,199.000,uHgM+VdJzX93m/5O,201.000,h4OQZ7bMhp0Pbd5V,202.000,0vdW+g6toC/h3nqI,,,,
5,9,2026-04-05T09:35:16.838Z,202.000,9,192.000,3ro8QLJh0yyykLyV,194.000,Cr1IDgtoIwjHadzo,195.000,UfIL2xPYUWA3pa2i,196.000,uHgM+VdJzX93m/5O,198.000,nbm0/St8w4GUlGA4,199.000,jwNdRfwvt/DA6PNq,202.000,0vdW+g6toC/h3nqI,204.000,h4OQZ7bMhp0Pbd5V,241.000,WYac+BcEaEqjcD+O,,
5,10,2026-04-05T09:35:17.040Z,201.000,9,191.000,3ro8QLJh0yyykLyV,193.000,Cr1IDgtoIwjHadzo,194.000,UfIL2xPYUWA3pa2i,196.000,uHgM+VdJzX93m/5O,197.000,WYac+BcEaEqjcD+O,199.000,jwNdRfwvt/DA6PNq,200.000,nbm0/St8w4GUlGA4,202.000,h4OQZ7bMhp0Pbd5V,203.000,0vdW+g6toC/h3nqI,,
5,11,2026-04-05T09:35:17.241Z,201.000,9,192.000,3ro8QLJh0yyykLyV,193.000,Cr1IDgtoIwjHadzo,195.000,UfIL2xPYUWA3pa2i,197.000,WYac+BcEaEqjcD+O,198.000,jwNdRfwvt/DA6PNq,199.000,nbm0/St8w4GUlGA4,200.000,uHgM+VdJzX93m/5O,203.000,0vdW+g6toC/h3nqI,204.000,h4OQZ7bMhp0Pbd5V,,
5,12,2026-04-05T09:35:17.442Z,203.000,9,192.000,3ro8QLJh0yyykLyV,194.000,uHgM+VdJzX93m/5O,196.000,Cr1IDgtoIwjHadzo,198.000,nbm0/St8w4GUlGA4,200.000,UfIL2xPYUWA3pa2i,201.000,WYac+BcEaEqjcD+O,202.000,jwNdRfwvt/DA6PNq,204.000,h4OQZ7bMhp0Pbd5V,205.000,0vdW+g6toC/h3nqI,,
5,13,2026-04-05T09:35:17.645Z,198.000,9,189.000,3ro8QLJh0yyykLyV,191.000,uHgM+VdJzX93m/5O,192.000,Cr1IDgtoIwjHadzo,194.000,jwNdRfwvt/DA6PNq,195.000,nbm0/St8w4GUlGA4,196.000,WYac+BcEaEqjcD+O,197.000,UfIL2xPYUWA3pa2i,201.000,0vdW+g6toC/h3nqI,202.000,h4OQZ7bMhp0Pbd5V,,
5,14,2026-04-05T09:35:17.843Z,202.000,9,192.000,uHgM+VdJzX93m/5O,194.000,3ro8QLJh0yyykLyV,196.000,Cr1IDgtoIwjHadzo,197.000,jwNdRfwvt/DA6PNq,199.000,WYac+BcEaEqjcD+O,201.000,nbm0/St8w4GUlGA4,202.000,UfIL2xPYUWA3pa2i,203.000,0vdW+g6toC/h3nqI,205.000,h4OQZ7bMhp0Pbd5V,,
5,15,2026-04-05T09:35:18.045Z,200.000,9,193.000,uHgM+VdJzX93m/5O,194.000,3ro8QLJh0yyykLyV,195.000,Cr1IDgtoIwjHadzo,196.000,nbm0/St8w4GUlGA4,197.000,jwNdRfwvt/DA6PNq,199.000,WYac+BcEaEqjcD+O,200.000,UfIL2xPYUWA3pa2i,202.000,0vdW+g6toC/h3nqI,204.000,h4OQZ7bMhp0Pbd5V,,
5,16,2026-04-05T09:35:18.245Z,202.000,10,190.000,Cr1IDgtoIwjHadzo,194.000,uHgM+VdJzX93m/5O,195.000,3ro8QLJh0yyykLyV,197.000,jwNdRfwvt/DA6PNq,199.000,0vdW+g6toC/h3nqI,200.000,UfIL2xPYUWA3pa2i,202.000,WYac+BcEaEqjcD+O,203.000,nbm0/St8w4GUlGA4,206.000,h4OQZ7bMhp0Pbd5V,354.000,Jg+7wzPVXO3fl6hF
5,17,2026-04-05T09:35:18.447Z,200.000,10,191.000,uHgM+VdJzX93m/5O,193.000,Cr1IDgtoIwjHadzo,194.000,WYac+BcEaEqjcD+O,196.000,jwNdRfwvt/DA6PNq,197.000,nbm0/St8w4GUlGA4,198.000,UfIL2xPYUWA3pa2i,200.000,3ro8QLJh0yyykLyV,201.000,0vdW+g6toC/h3nqI,206.000,h4OQZ7bMhp0Pbd5V,308.000,Jg+7wzPVXO3fl6hF
5,18,2026-04-05T09:35:18.647Z,201.000,10,192.000,uHgM+VdJzX93m/5O,193.000,Cr1IDgtoIwjHadzo,196.000,WYac+BcEaEqjcD+O,197.000,3ro8QLJh0yyykLyV,199.000,nbm0/St8w4GUlGA4,200.000,UfIL2xPYUWA3pa2i,201.000,0vdW+g6toC/h3nqI,203.000,jwNdRfwvt/DA6PNq,206.000,h4OQZ7bMhp0Pbd5V,310.000,Jg+7wzPVXO3fl6hF
5,19,2026-04-05T09:35:18.848Z,201.000,10,192.000,Cr1IDgtoIwjHadzo,195.000,WYac+BcEaEqjcD+O,196.000,uHgM+VdJzX93m/5O,197.000,UfIL2xPYUWA3pa2i,199.000,3ro8QLJh0yyykLyV,200.000,jwNdRfwvt/DA6PNq,201.000,nbm0/St8w4GUlGA4,203.000,0vdW+g6toC/h3nqI,207.000,h4OQZ7bMhp0Pbd5V,310.000,Jg+7wzPVXO3fl6hF
5,20,2026-04-05T09:35:19.049Z,201.000,10,193.000,Cr1IDgtoIwjHadzo,195.000,uHgM+VdJzX93m/5O,196.000,3ro8QLJh0yyykLyV,197.000,WYac+BcEaEqjcD+O,199.000,UfIL2xPYUWA3pa2i,200.000,nbm0/St8w4GUlGA4,201.000,jwNdRfwvt/DA6PNq,203.000,0vdW+g6toC/h3nqI,207.000,h4OQZ7bMhp0Pbd5V,311.000,Jg+7wzPVXO3fl6hF
5,21,2026-04-05T09:35:19.250Z,203.000,10,195.000,WYac+BcEaEqjcD+O,196.000,Cr1IDgtoIwjHadzo,198.000,nbm0/St8w4GUlGA4,199.000,uHgM+VdJzX93m/5O,201.000,UfIL2xPYUWA3pa2i,202.000,3ro8QLJh0yyykLyV,203.000,jwNdRfwvt/DA6PNq,205.000,0vdW+g6toC/h3nqI,207.000,h4OQZ7bMhp0Pbd5V,311.000,Jg+7wzPVXO3fl6hF
5,22,2026-04-05T09:35:19.453Z,201.000,10,190.000,WYac+BcEaEqjcD+O,192.000,Cr1IDgtoIwjHadzo,194.000,UfIL2xPYUWA3pa2i,196.000,jwNdRfwvt/DA6PNq,197.000,uHgM+VdJzX93m/5O,199.000,3ro8QLJh0yyykLyV,201.000,nbm0/St8w4GUlGA4,202.000,0vdW+g6toC/h3nqI,205.000,h4OQZ7bMhp0Pbd5V,309.000,Jg+7wzPVXO3fl6hF
5,23,2026-04-05T09:35:19.654Z,199.000,10,192.000,3ro8QLJh0yyykLyV,193.000,UfIL2xPYUWA3pa2i,194.000,Cr1IDgtoIwjHadzo,196.000,WYac+BcEaEqjcD+O,197.000,nbm0/St8w4GUlGA4,198.000,jwNdRfwvt/DA6PNq,199.000,uHgM+VdJzX93m/5O,202.000,0vdW+g6toC/h3nqI,204.000,h4OQZ7bMhp0Pbd5V,309.000,Jg+7wzPVXO3fl6hF
5,24,2026-04-05T09:35:19.853Z,202.000,9,192.000,UfIL2xPYUWA3pa2i,194.000,Cr1IDgtoIwjHadzo,196.000,jwNdRfwvt/DA6PNq,198.000,3ro8QLJh0yyykLyV,199.000,nbm0/St8w4GUlGA4,201.000,WYac+BcEaEqjcD+O,202.000,uHgM+VdJzX93m/5O,204.000,h4OQZ7bMhp0Pbd5V,205.000,0vdW+g6toC/h3nqI,,
5,25,2026-04-05T09:35:20.055Z,200.000,10,109.000,Jg+7wzPVXO3fl6hF,193.000,UfIL2xPYUWA3pa2i,195.000,jwNdRfwvt/DA6PNq,195.000,Cr1IDgtoIwjHadzo,197.000,uHgM+VdJzX93m/5O,198.000,nbm0/St8w4GUlGA4,200.000,3ro8QLJh0yyykLyV,202.000,WYac+BcEaEqjcD+O,203.000,0vdW+g6toC/h3nqI,205.000,h4OQZ7bMhp0Pbd5V
5,26,2026-04-05T09:35:20.255Z,200.000,10,111.000,Jg+7wzPVXO3fl6hF,192.000,UfIL2xPYUWA3pa2i,193.000,Cr1IDgtoIwjHadzo,196.000,jwNdRfwvt/DA6PNq,197.000,3ro8QLJh0yyykLyV,199.000,uHgM+VdJzX93m/5O,200.000,nbm0/St8w4GUlGA4,201.000,WYac+BcEaEqjcD+O,203.000,0vdW+g6toC/h3nqI,206.000,h4OQZ7bMhp0Pbd5V
5,27,2026-04-05T09:35:20.455Z,201.000,10,113.000,Jg+7wzPVXO3fl6hF,193.000,Cr1IDgtoIwjHadzo,196.000,jwNdRfwvt/DA6PNq,197.000,3ro8QLJh0yyykLyV,198.000,UfIL2xPYUWA3pa2i,200.000,uHgM+VdJzX93m/5O,201.000,nbm0/St8w4GUlGA4,203.000,WYac+BcEaEqjcD+O,205.000,0vdW+g6toC/h3nqI,207.000,h4OQZ7bMhp0Pbd5V
5,28,2026-04-05T09:35:20.656Z,202.000,10,113.000,Jg+7wzPVXO3fl6hF,195.000,UfIL2xPYUWA3pa2i,196.000,Cr1IDgtoIwjHadzo,198.000,3ro8QLJh0yyykLyV,199.000,jwNdRfwvt/DA6PNq,200.000,nbm0/St8w4GUlGA4,202.000,WYac+BcEaEqjcD+O,203.000,uHgM+VdJzX93m/5O,205.000,0vdW+g6toC/h3nqI,207.000,h4OQZ7bMhp0Pbd5V
5,29,2026-04-05T09:35:20.858Z,201.000,10,112.000,Jg+7wzPVXO3fl6hF,194.000,Cr1IDgtoIwjHadzo,196.000,WYac+BcEaEqjcD+O,197.000,3ro8QLJh0yyykLyV,198.000,UfIL2xPYUWA3pa2i,200.000,jwNdRfwvt/DA6PNq,201.000,nbm0/St8w4GUlGA4,203.000,uHgM+VdJzX93m/5O,204.000,0vdW+g6toC/h3nqI,206.000,h4OQZ7bMhp0Pbd5V
5,30,2026-04-05T09:35:21.059Z,201.000,10,112.000,Jg+7wzPVXO3fl6hF,194.000,Cr1IDgtoIwjHadzo,196.000,jwNdRfwvt/DA6PNq,197.000,3ro8QLJh0yyykLyV,198.000,WYac+BcEaEqjcD+O,200.000,nbm0/St8w4GUlGA4,201.000,uHgM+VdJzX93m/5O,203.000,UfIL2xPYUWA3pa2i,204.000,0vdW+g6toC/h3nqI,207.000,h4OQZ7bMhp0Pbd5V
5,31,2026-04-05T09:35:21.260Z,201.000,10,112.000,Jg+7wzPVXO3fl6hF,193.000,Cr1IDgtoIwjHadzo,195.000,jwNdRfwvt/DA6PNq,197.000,nbm0/St8w4GUlGA4,198.000,uHgM+VdJzX93m/5O,199.000,WYac+BcEaEqjcD+O,201.000,3ro8QLJh0yyykLyV,203.000,UfIL2xPYUWA3pa2i,204.000,0vdW+g6toC/h3nqI,205.000,h4OQZ7bMhp0Pbd5V
5,32,2026-04-05T09:35:21.461Z,202.000,10,128.000,Jg+7wzPVXO3fl6hF,194.000,nbm0/St8w4GUlGA4,195.000,UfIL2xPYUWA3pa2i,196.000,Cr1IDgtoIwjHadzo,199.000,3ro8QLJh0yyykLyV,201.000,0vdW+g6toC/h3nqI,202.000,uHgM+VdJzX93m/5O,203.000,jwNdRfwvt/DA6PNq,205.000,WYac+BcEaEqjcD+O,206.000,h4OQZ7bMhp0Pbd5V
5,33,2026-04-05T09:35:21.663Z,200.000,10,111.000,Jg+7wzPVXO3fl6hF,193.000,UfIL2xPYUWA3pa2i,195.000,jwNdRfwvt/DA6PNq,195.000,Cr1IDgtoIwjHadzo,197.000,nbm0/St8w4GUlGA4,198.000,uHgM+VdJzX93m/5O,200.000,3ro8QLJh0yyykLyV,201.000,WYac+BcEaEqjcD+O,203.000,0vdW+g6toC/h3nqI,205.000,h4OQZ7bMhp0Pbd5V
5,34,2026-04-05T09:35:21.863Z,201.000,10,113.000,Jg+7wzPVXO3fl6hF,194.000,3ro8QLJh0yyykLyV,195.000,Cr1IDgtoIwjHadzo,196.000,UfIL2xPYUWA3pa2i,198.000,jwNdRfwvt/DA6PNq,199.000,WYac+BcEaEqjcD+O,201.000,uHgM+VdJzX93m/5O,202.000,nbm0/St8w4GUlGA4,204.000,0vdW+g6toC/h3nqI,205.000,h4OQZ7bMhp0Pbd5V
5,35,2026-04-05T09:35:22.064Z,201.000,10,113.000,Jg+7wzPVXO3fl6hF,193.000,3ro8QLJh0yyykLyV,195.000,Cr1IDgtoIwjHadzo,197.000,nbm0/St8w4GUlGA4,198.000,UfIL2xPYUWA3pa2i,200.000,WYac+BcEaEqjcD+O,201.000,uHgM+VdJzX93m/5O,202.000,0vdW+g6toC/h3nqI,203.000,jwNdRfwvt/DA6PNq,207.000,h4OQZ7bMhp0Pbd5V
5,36,2026-04-05T09:35:22.265Z,201.000,10,113.000,Jg+7wzPVXO3fl6hF,194.000,Cr1IDgtoIwjHadzo,195.000,nbm0/St8w4GUlGA4,197.000,uHgM+VdJzX93m/5O,198.000,jwNdRfwvt/DA6PNq,199.000,3ro8QLJh0yyykLyV,201.000,UfIL2xPYUWA3pa2i,202.000,WYac+BcEaEqjcD+O,204.000,0vdW+g6toC/h3nqI,207.000,h4OQZ7bMhp0Pbd5V
5,37,2026-04-05T09:35:22.466Z,201.000,10,113.000,Jg+7wzPVXO3fl6hF,194.000,Cr1IDgtoIwjHadzo,196.000,WYac+BcEaEqjcD+O,197.000,nbm0/St8w4GUlGA4,198.000,jwNdRfwvt/DA6PNq,200.000,uHgM+VdJzX93m/5O,201.000,3ro8QLJh0yyykLyV,202.000,UfIL2xPYUWA3pa2i,204.000,0vdW+g6toC/h3nqI,207.000,h4OQZ7bMhp0Pbd5V
5,38,2026-04-05T09:35:22.667Z,200.000,10,113.000,Jg+7wzPVXO3fl6hF,193.000,Cr1IDgtoIwjHadzo,195.000,jwNdRfwvt/DA6PNq,196.000,nbm0/St8w4GUlGA4,198.000,uHgM+VdJzX93m/5O,199.000,UfIL2xPYUWA3pa2i,200.000,3ro8QLJh0yyykLyV,201.000,WYac+BcEaEqjcD+O,203.000,0vdW+g6toC/h3nqI,207.000,h4OQZ7bMhp0Pbd5V
5,39,2026-04-05T09:35:22.867Z,202.000,10,115.000,Jg+7wzPVXO3fl6hF,194.000,jwNdRfwvt/DA6PNq,196.000,Cr1IDgtoIwjHadzo,198.000,3ro8QLJh0yyykLyV,199.000,nbm0/St8w4GUlGA4,201.000,uHgM+VdJzX93m/5O,202.000,UfIL2xPYUWA3pa2i,203.000,WYac+BcEaEqjcD+O,206.000,0vdW+g6toC/h3nqI,207.000,h4OQZ7bMhp0Pbd5V
5,40,2026-04-05T09:35:23.069Z,202.000,10,114.000,Jg+7wzPVXO3fl6hF,193.000,nbm0/St8w4GUlGA4,195.000,jwNdRfwvt/DA6PNq,196.000,Cr1IDgtoIwjHadzo,198.000,uHgM+VdJzX93m/5O,200.000,UfIL2xPYUWA3pa2i,202.000,WYac+BcEaEqjcD+O,203.000,3ro8QLJh0yyykLyV,204.000,0vdW+g6toC/h3nqI,206.000,h4OQZ7bMhp0Pbd5V
5,41,2026-04-05T09:35:23.271Z,200.000,10,113.000,Jg+7wzPVXO3fl6hF,191.000,nbm0/St8w4GUlGA4,194.000,Cr1IDgtoIwjHadzo,196.000,WYac+BcEaEqjcD+O,198.000,UfIL2xPYUWA3pa2i,199.000,uHgM+VdJzX93m/5O,200.000,jwNdRfwvt/DA6PNq,201.000,3ro8QLJh0yyykLyV,202.000,0vdW+g6toC/h3nqI,207.000,h4OQZ7bMhp0Pbd5V
5,42,2026-04-05T09:35:23.471Z,202.000,10,113.000,Jg+7wzPVXO3fl6hF,193.000,Cr1IDgtoIwjHadzo,194.000,nbm0/St8w4GUlGA4,196.000,jwNdRfwvt/DA6PNq,199.000,WYac+BcEaEqjcD+O,200.000,3ro8QLJh0yyykLyV,202.000,UfIL2xPYUWA3pa2i,203.000,uHgM+VdJzX93m/5O,204.000,0vdW+g6toC/h3nqI,206.000,h4OQZ7bMhp0Pbd5V
5,43,2026-04-05T09:35:23.673Z,200.000,10,112.000,Jg+7wzPVXO3fl6hF,192.000,nbm0/St8w4GUlGA4,194.000,Cr1IDgtoIwjHadzo,196.000,uHgM+VdJzX93m/5O,198.000,jwNdRfwvt/DA6PNq,199.000,UfIL2xPYUWA3pa2i,200.000,WYac+BcEaEqjcD+O,202.000,0vdW+g6toC/h3nqI,203.000,3ro8QLJh0yyykLyV,205.000,h4OQZ7bMhp0Pbd5V
5,44,2026-04-05T09:35:23.873Z,201.000,10,114.000,Jg+7wzPVXO3fl6hF,193.000,Cr1IDgtoIwjHadzo,196.000,nbm0/St8w4GUlGA4,197.000,3ro8QLJh0yyykLyV,198.000,jwNdRfwvt/DA6PNq,199.000,uHgM+VdJzX93m/5O,201.000,UfIL2xPYUWA3pa2i,202.000,WYac+BcEaEqjcD+O,204.000,0vdW+g6toC/h3nqI,206.000,h4OQZ7bMhp0Pbd5V
5,45,2026-04-05T09:35:24.074Z,201.000,10,114.000,Jg+7wzPVXO3fl6hF,193.000,Cr1IDgtoIwjHadzo,195.000,jwNdRfwvt/DA6PNq,197.000,uHgM+VdJzX93m/5O,198.000,nbm0/St8w4GUlGA4,199.000,UfIL2xPYUWA3pa2i,201.000,3ro8QLJh0yyykLyV,202.000,WYac+BcEaEqjcD+O,204.000,0vdW+g6toC/h3nqI,206.000,h4OQZ7bMhp0Pbd5V
5,46,2026-04-05T09:35:24.275Z,197.000,10,114.000,Jg+7wzPVXO3fl6hF,193.000,Cr1IDgtoIwjHadzo,194.000,nbm0/St8w4GUlGA4,195.000,UfIL2xPYUWA3pa2i,196.000,jwNdRfwvt/DA6PNq,197.000,WYac+BcEaEqjcD+O,197.000,3ro8QLJh0yyykLyV,198.000,uHgM+VdJzX93m/5O,199.000,0vdW+g6toC/h3nqI,206.000,h4OQZ7bMhp0Pbd5V
5,47,2026-04-05T09:35:24.472Z,202.000,10,118.000,Jg+7wzPVXO3fl6hF,194.000,Cr1IDgtoIwjHadzo,198.000,WYac+BcEaEqjcD+O,200.000,jwNdRfwvt/DA6PNq,201.000,nbm0/St8w4GUlGA4,202.000,UfIL2xPYUWA3pa2i,202.000,3ro8QLJh0yyykLyV,203.000,uHgM+VdJzX93m/5O,203.000,0vdW+g6toC/h3nqI,210.000,h4OQZ7bMhp0Pbd5V
5,48,2026-04-05T09:35:24.674Z,201.000,10,118.000,Jg+7wzPVXO3fl6hF,192.000,Cr1IDgtoIwjHadzo,198.000,3ro8QLJh0yyykLyV,199.000,nbm0/St8w4GUlGA4,200.000,WYac+BcEaEqjcD+O,200.000,jwNdRfwvt/DA6PNq,201.000,UfIL2xPYUWA3pa2i,202.000,uHgM+VdJzX93m/5O,202.000,0vdW+g6toC/h3nqI,210.000,h4OQZ7bMhp0Pbd5V
5,49,2026-04-05T09:35:24.875Z,202.000,10,119.000,Jg+7wzPVXO3fl6hF,194.000,Cr1IDgtoIwjHadzo,198.000,3ro8QLJh0yyykLyV,199.000,UfIL2xPYUWA3pa2i,200.000,jwNdRfwvt/DA6PNq,201.000,WYac+BcEaEqjcD+O,202.000,uHgM+VdJzX93m/5O,202.000,nbm0/St8w4GUlGA4,203.000,0vdW+g6toC/h3nqI,210.000,h4OQZ7bMhp0Pbd5V
5,50,2026-04-05T09:35:25.077Z,201.000,10,118.000,Jg+7wzPVXO3fl6hF,195.000,Cr1IDgtoIwjHadzo,197.000,uHgM+VdJzX93m/5O,197.000,nbm0/St8w4GUlGA4,198.000,UfIL2xPYUWA3pa2i,200.000,3ro8QLJh0yyykLyV,201.000,jwNdRfwvt/DA6PNq,202.000,WYac+BcEaEqjcD+O,205.000,0vdW+g6toC/h3nqI,209.000,h4OQZ7bMhp0Pbd5V
5,51,2026-04-05T09:35:25.278Z,200.000,10,118.000,Jg+7wzPVXO3fl6hF,194.000,3ro8QLJh0yyykLyV,195.000,Cr1IDgtoIwjHadzo,197.000,nbm0/St8w4GUlGA4,198.000,WYac+BcEaEqjcD+O,198.000,uHgM+VdJzX93m/5O,199.000,jwNdRfwvt/DA6PNq,201.000,0vdW+g6toC/h3nqI,202.000,UfIL2xPYUWA3pa2i,209.000,h4OQZ7bMhp0Pbd5V
5,52,2026-04-05T09:35:25.478Z,206.000,10,119.000,Jg+7wzPVXO3fl6hF,198.000,Cr1IDgtoIwjHadzo,200.000,uHgM+VdJzX93m/5O,201.000,3ro8QLJh0yyykLyV,203.000,jwNdRfwvt/DA6PNq,204.000,nbm0/St8w4GUlGA4,205.000,UfIL2xPYUWA3pa2i,207.000,WYac+BcEaEqjcD+O,208.000,0vdW+g6toC/h3nqI,210.000,h4OQZ7bMhp0Pbd5V
5,53,2026-04-05T09:35:25.684Z,200.000,10,114.000,Jg+7wzPVXO3fl6hF,193.000,nbm0/St8w4GUlGA4,194.000,Cr1IDgtoIwjHadzo,196.000,3ro8QLJh0yyykLyV,197.000,jwNdRfwvt/DA6PNq,199.000,UfIL2xPYUWA3pa2i,200.000,uHgM+VdJzX93m/5O,201.000,WYac+BcEaEqjcD+O,202.000,0vdW+g6toC/h3nqI,205.000,h4OQZ7bMhp0Pbd5V
5,54,2026-04-05T09:35:25.884Z,202.000,10,114.000,Jg+7wzPVXO3fl6hF,194.000,Cr1IDgtoIwjHadzo,195.000,uHgM+VdJzX93m/5O,197.000,3ro8QLJh0yyykLyV,198.000,nbm0/St8w4GUlGA4,199.000,jwNdRfwvt/DA6PNq,201.000,UfIL2xPYUWA3pa2i,203.000,WYac+BcEaEqjcD+O,204.000,0vdW+g6toC/h3nqI,206.000,h4OQZ7bMhp0Pbd5V
5,55,2026-04-05T09:35:26.086Z,202.000,10,113.000,Jg+7wzPVXO3fl6hF,194.000,uHgM+VdJzX93m/5O,195.000,Cr1IDgtoIwjHadzo,197.000,jwNdRfwvt/DA6PNq,198.000,3ro8QLJh0yyykLyV,200.000,nbm0/St8w4GUlGA4,202.000,UfIL2xPYUWA3pa2i,203.000,WYac+BcEaEqjcD+O,204.000,0vdW+g6toC/h3nqI,205.000,h4OQZ7bMhp0Pbd5V
5,56,2026-04-05T09:35:26.288Z,200.000,10,113.000,Jg+7wzPVXO3fl6hF,192.000,uHgM+VdJzX93m/5O,194.000,Cr1IDgtoIwjHadzo,195.000,3ro8QLJh0yyykLyV,197.000,jwNdRfwvt/DA6PNq,199.000,UfIL2xPYUWA3pa2i,200.000,WYac+BcEaEqjcD+O,201.000,0vdW+g6toC/h3nqI,202.000,nbm0/St8w4GUlGA4,204.000,h4OQZ7bMhp0Pbd5V
5,57,2026-04-05T09:35:26.488Z,201.000,10,114.000,Jg+7wzPVXO3fl6hF,194.000,uHgM+VdJzX93m/5O,194.000,Cr1IDgtoIwjHadzo,196.000,3ro8QLJh0yyykLyV,198.000,nbm0/St8w4GUlGA4,199.000,jwNdRfwvt/DA6PNq,200.000,WYac+BcEaEqjcD+O,202.000,0vdW+g6toC/h3nqI,204.000,UfIL2xPYUWA3pa2i,206.000,h4OQZ7bMhp0Pbd5V
5,58,2026-04-05T09:35:26.689Z,200.000,10,113.000,Jg+7wzPVXO3fl6hF,193.000,jwNdRfwvt/DA6PNq,194.000,Cr1IDgtoIwjHadzo,196.000,3ro8QLJh0yyykLyV,197.000,UfIL2xPYUWA3pa2i,198.000,WYac+BcEaEqjcD+O,200.000,uHgM+VdJzX93m/5O,201.000,0vdW+g6toC/h3nqI,202.000,nbm0/St8w4GUlGA4,206.000,h4OQZ7bMhp0Pbd5V
5,59,2026-04-05T09:35:26.889Z,201.000,10,115.000,Jg+7wzPVXO3fl6hF,193.000,Cr1IDgtoIwjHadzo,196.000,3ro8QLJh0yyykLyV,197.000,WYac+BcEaEqjcD+O,199.000,UfIL2xPYUWA3pa2i,200.000,jwNdRfwvt/DA6PNq,201.000,nbm0/St8w4GUlGA4,202.000,uHgM+VdJzX93m/5O,204.000,0vdW+g6toC/h3nqI,207.000,h4OQZ7bMhp0Pbd5V
5,60,2026-04-05T09:35:27.090Z,201.000,10,116.000,Jg+7wzPVXO3fl6hF,194.000,Cr1IDgtoIwjHadzo,196.000,UfIL2xPYUWA3pa2i,197.000,WYac+BcEaEqjcD+O,199.000,0vdW+g6toC/h3nqI,200.000,nbm0/St8w4GUlGA4,201.000,jwNdRfwvt/DA6PNq,203.000,uHgM+VdJzX93m/5O,204.000,3ro8QLJh0yyykLyV,208.000,h4OQZ7bMhp0Pbd5V
5,61,2026-04-05T09:35:27.291Z,202.000,10,116.000,Jg+7wzPVXO3fl6hF,194.000,Cr1IDgtoIwjHadzo,197.000,UfIL2xPYUWA3pa2i,198.000,3ro8QLJh0yyykLyV,199.000,nbm0/St8w4GUlGA4,201.000,WYac+BcEaEqjcD+O,202.000,0vdW+g6toC/h3nqI,203.000,uHgM+VdJzX93m/5O,204.000,jwNdRfwvt/DA6PNq,208.000,h4OQZ7bMhp0Pbd5V
5,62,2026-04-05T09:35:27.493Z,201.000,10,115.000,Jg+7wzPVXO3fl6hF,194.000,Cr1IDgtoIwjHadzo,196.000,0vdW+g6toC/h3nqI,197.000,uHgM+VdJzX93m/5O,199.000,UfIL2xPYUWA3pa2i,200.000,jwNdRfwvt/DA6PNq,201.000,3ro8QLJh0yyykLyV,202.000,nbm0/St8w4GUlGA4,204.000,WYac+BcEaEqjcD+O,207.000,h4OQZ7bMhp0Pbd5V
5,63,2026-04-05T09:35:27.694Z,201.000,10,116.000,Jg+7wzPVXO3fl6hF,194.000,Cr1IDgtoIwjHadzo,196.000,UfIL2xPYUWA3pa2i,197.000,WYac+BcEaEqjcD+O,199.000,0vdW+g6toC/h3nqI,200.000,jwNdRfwvt/DA6PNq,201.000,uHgM+VdJzX93m/5O,203.000,nbm0/St8w4GUlGA4,204.000,3ro8QLJh0yyykLyV,206.000,h4OQZ7bMhp0Pbd5V
5,64,2026-04-05T09:35:27.895Z,201.000,10,117.000,Jg+7wzPVXO3fl6hF,194.000,Cr1IDgtoIwjHadzo,196.000,0vdW+g6toC/h3nqI,197.000,uHgM+VdJzX93m/5O,199.000,UfIL2xPYUWA3pa2i,200.000,nbm0/St8w4GUlGA4,201.000,WYac+BcEaEqjcD+O,203.000,jwNdRfwvt/DA6PNq,205.000,3ro8QLJh0yyykLyV,206.000,h4OQZ7bMhp0Pbd5V
5,65,2026-04-05T09:35:28.096Z,201.000,10,117.000,Jg+7wzPVXO3fl6hF,194.000,WYac+BcEaEqjcD+O,195.000,Cr1IDgtoIwjHadzo,197.000,UfIL2xPYUWA3pa2i,198.000,0vdW+g6toC/h3nqI,200.000,3ro8QLJh0yyykLyV,201.000,jwNdRfwvt/DA6PNq,202.000,uHgM+VdJzX93m/5O,204.000,nbm0/St8w4GUlGA4,206.000,h4OQZ7bMhp0Pbd5V
5,66,2026-04-05T09:35:28.297Z,201.000,10,117.000,Jg+7wzPVXO3fl6hF,194.000,Cr1IDgtoIwjHadzo,195.000,jwNdRfwvt/DA6PNq,197.000,0vdW+g6toC/h3nqI,198.000,WYac+BcEaEqjcD+O,199.000,3ro8QLJh0yyykLyV,201.000,nbm0/St8w4GUlGA4,202.000,uHgM+VdJzX93m/5O,203.000,UfIL2xPYUWA3pa2i,207.000,h4OQZ7bMhp0Pbd5V
5,67,2026-04-05T09:35:28.498Z,201.000,10,117.000,Jg+7wzPVXO3fl6hF,194.000,jwNdRfwvt/DA6PNq,196.000,nbm0/St8w4GUlGA4,197.000,Cr1IDgtoIwjHadzo,198.000,3ro8QLJh0yyykLyV,200.000,0vdW+g6toC/h3nqI,201.000,WYac+BcEaEqjcD+O,202.000,uHgM+VdJzX93m/5O,204.000,UfIL2xPYUWA3pa2i,207.000,h4OQZ7bMhp0Pbd5V
5,68,2026-04-05T09:35:28.699Z,201.000,10,118.000,Jg+7wzPVXO3fl6hF,193.000,nbm0/St8w4GUlGA4,195.000,Cr1IDgtoIwjHadzo,197.000,jwNdRfwvt/DA6PNq,198.000,WYac+BcEaEqjcD+O,199.000,0vdW+g6toC/h3nqI,200.000,3ro8QLJh0yyykLyV,202.000,UfIL2xPYUWA3pa2i,203.000,uHgM+VdJzX93m/5O,206.000,h4OQZ7bMhp0Pbd5V
5,69,2026-04-05T09:35:28.900Z,201.000,10,118.000,Jg+7wzPVXO3fl6hF,193.000,Cr1IDgtoIwjHadzo,196.000,jwNdRfwvt/DA6PNq,197.000,nbm0/St8w4GUlGA4,199.000,UfIL2xPYUWA3pa2i,200.000,0vdW+g6toC/h3nqI,201.000,3ro8QLJh0yyykLyV,202.000,WYac+BcEaEqjcD+O,205.000,uHgM+VdJzX93m/5O,206.000,h4OQZ7bMhp0Pbd5V
5,70,2026-04-05T09:35:29.101Z,201.000,10,119.000,Jg+7wzPVXO3fl6hF,193.000,nbm0/St8w4GUlGA4,195.000,Cr1IDgtoIwjHadzo,197.000,3ro8QLJh0yyykLyV,198.000,UfIL2xPYUWA3pa2i,199.000,0vdW+g6toC/h3nqI,201.000,WYac+BcEaEqjcD+O,202.000,uHgM+VdJzX93m/5O,203.000,jwNdRfwvt/DA6PNq,207.000,h4OQZ7bMhp0Pbd5V
5,71,2026-04-05T09:35:29.302Z,201.000,10,118.000,Jg+7wzPVXO3fl6hF,193.000,nbm0/St8w4GUlGA4,196.000,jwNdRfwvt/DA6PNq,196.000,Cr1IDgtoIwjHadzo,199.000,WYac+BcEaEqjcD+O,200.000,UfIL2xPYUWA3pa2i,201.000,uHgM+VdJzX93m/5O,203.000,3ro8QLJh0yyykLyV,204.000,0vdW+g6toC/h3nqI,206.000,h4OQZ7bMhp0Pbd5V
5,72,2026-04-05T09:35:29.503Z,201.000,10,119.000,Jg+7wzPVXO3fl6hF,193.000,nbm0/St8w4GUlGA4,195.000,Cr1IDgtoIwjHadzo,197.000,uHgM+VdJzX93m/5O,198.000,jwNdRfwvt/DA6PNq,200.000,UfIL2xPYUWA3pa2i,201.000,0vdW+g6toC/h3nqI,202.000,3ro8QLJh0yyykLyV,203.000,WYac+BcEaEqjcD+O,206.000,h4OQZ7bMhp0Pbd5V
5,73,2026-04-05T09:35:29.704Z,202.000,10,119.000,Jg+7wzPVXO3fl6hF,194.000,Cr1IDgtoIwjHadzo,197.000,3ro8QLJh0yyykLyV,198.000,nbm0/St8w4GUlGA4,199.000,0vdW+g6toC/h3nqI,200.000,jwNdRfwvt/DA6PNq,201.000,WYac+BcEaEqjcD+O,203.000,UfIL2xPYUWA3pa2i,204.000,uHgM+VdJzX93m/5O,208.000,h4OQZ7bMhp0Pbd5V
5,74,2026-04-05T09:35:29.906Z,201.000,10,119.000,Jg+7wzPVXO3fl6hF,193.000,Cr1IDgtoIwjHadzo,195.000,uHgM+VdJzX93m/5O,197.000,nbm0/St8w4GUlGA4,198.000,jwNdRfwvt/DA6PNq,199.000,UfIL2xPYUWA3pa2i,200.000,WYac+BcEaEqjcD+O,202.000,3ro8QLJh0yyykLyV,203.000,0vdW+g6toC/h3nqI,208.000,h4OQZ7bMhp0Pbd5V
5,75,2026-04-05T09:35:30.107Z,202.000,10,119.000,Jg+7wzPVXO3fl6hF,195.000,Cr1IDgtoIwjHadzo,196.000,0vdW+g6toC/h3nqI,198.000,jwNdRfwvt/DA6PNq,199.000,nbm0/St8w4GUlGA4,201.000,uHgM+VdJzX93m/5O,202.000,UfIL2xPYUWA3pa2i,203.000,3ro8QLJh0yyykLyV,205.000,WYac+BcEaEqjcD+O,207.000,h4OQZ7bMhp0Pbd5V
5,76,2026-04-05T09:35:30.309Z,200.000,10,118.000,Jg+7wzPVXO3fl6hF,193.000,Cr1IDgtoIwjHadzo,195.000,jwNdRfwvt/DA6PNq,196.000,uHgM+VdJzX93m/5O,197.000,UfIL2xPYUWA3pa2i,199.000,0vdW+g6toC/h3nqI,200.000,nbm0/St8w4GUlGA4,201.000,WYac+BcEaEqjcD+O,202.000,3ro8QLJh0yyykLyV,207.000,h4OQZ7bMhp0Pbd5V
5,77,2026-04-05T09:35:30.509Z,202.000,10,119.000,Jg+7wzPVXO3fl6hF,194.000,jwNdRfwvt/DA6PNq,195.000,Cr1IDgtoIwjHadzo,197.000,uHgM+VdJzX93m/5O,199.000,3ro8QLJh0yyykLyV,200.000,nbm0/St8w4GUlGA4,201.000,0vdW+g6toC/h3nqI,203.000,UfIL2xPYUWA3pa2i,204.000,WYac+BcEaEqjcD+O,207.000,h4OQZ7bMhp0Pbd5V
5,78,2026-04-05T09:35:30.711Z,201.000,10,118.000,Jg+7wzPVXO3fl6hF,193.000,Cr1IDgtoIwjHadzo,195.000,UfIL2xPYUWA3pa2i,197.000,uHgM+VdJzX93m/5O,198.000,WYac+BcEaEqjcD+O,199.000,0vdW+g6toC/h3nqI,201.000,nbm0/St8w4GUlGA4,202.000,3ro8QLJh0yyykLyV,204.000,jwNdRfwvt/DA6PNq,207.000,h4OQZ7bMhp0Pbd5V
5,79,2026-04-05T09:35:30.912Z,201.000,10,118.000,Jg+7wzPVXO3fl6hF,194.000,Cr1IDgtoIwjHadzo,196.000,3ro8QLJh0yyykLyV,197.000,uHgM+VdJzX93m/5O,198.000,0vdW+g6toC/h3nqI,200.000,WYac+BcEaEqjcD+O,201.000,nbm0/St8w4GUlGA4,202.000,jwNdRfwvt/DA6PNq,204.000,UfIL2xPYUWA3pa2i,207.000,h4OQZ7bMhp0Pbd5V
5,80,2026-04-05T09:35:31.113Z,201.000,10,118.000,Jg+7wzPVXO3fl6hF,194.000,Cr1IDgtoIwjHadzo,196.000,jwNdRfwvt/DA6PNq,197.000,uHgM+VdJzX93m/5O,198.000,nbm0/St8w4GUlGA4,199.000,UfIL2xPYUWA3pa2i,201.000,3ro8QLJh0yyykLyV,202.000,0vdW+g6toC/h3nqI,205.000,WYac+BcEaEqjcD+O,208.000,h4OQZ7bMhp0Pbd5V
5,81,2026-04-05T09:35:31.314Z,206.000,10,119.000,Jg+7wzPVXO3fl6hF,196.000,0vdW+g6toC/h3nqI,199.000,3ro8QLJh0yyykLyV,200.000,Cr1IDgtoIwjHadzo,202.000,UfIL2xPYUWA3pa2i,204.000,uHgM+VdJzX93m/5O,206.000,nbm0/St8w4GUlGA4,207.000,jwNdRfwvt/DA6PNq,208.000,WYac+BcEaEqjcD+O,209.000,h4OQZ7bMhp0Pbd5V
5,82,2026-04-05T09:35:31.520Z,201.000,10,124.000,Jg+7wzPVXO3fl6hF,193.000,Cr1IDgtoIwjHadzo,195.000,3ro8QLJh0yyykLyV,197.000,UfIL2xPYUWA3pa2i,198.000,0vdW+g6toC/h3nqI,200.000,nbm0/St8w4GUlGA4,201.000,uHgM+VdJzX93m/5O,202.000,jwNdRfwvt/DA6PNq,204.000,WYac+BcEaEqjcD+O,205.000,h4OQZ7bMhp0Pbd5V
5,83,2026-04-05T09:35:31.721Z,204.000,10,115.000,Jg+7wzPVXO3fl6hF,194.000,uHgM+VdJzX93m/5O,196.000,jwNdRfwvt/DA6PNq,196.000,Cr1IDgtoIwjHadzo,200.000,0vdW+g6toC/h3nqI,202.000,3ro8QLJh0yyykLyV,204.000,UfIL2xPYUWA3pa2i,205.000,WYac+BcEaEqjcD+O,208.000,nbm0/St8w4GUlGA4,213.000,h4OQZ7bMhp0Pbd5V
5,84,2026-04-05T09:35:31.925Z,196.000,10,113.000,Jg+7wzPVXO3fl6hF,187.000,Cr1IDgtoIwjHadzo,188.000,jwNdRfwvt/DA6PNq,191.000,uHgM+VdJzX93m/5O,192.000,UfIL2xPYUWA3pa2i,194.000,0vdW+g6toC/h3nqI,196.000,nbm0/St8w4GUlGA4,197.000,3ro8QLJh0yyykLyV,198.000,WYac+BcEaEqjcD+O,205.000,h4OQZ7bMhp0Pbd5V
5,85,2026-04-05T09:35:32.121Z,207.000,10,119.000,Jg+7wzPVXO3fl6hF,188.000,Cr1IDgtoIwjHadzo,197.000,uHgM+VdJzX93m/5O,199.000,3ro8QLJh0yyykLyV,202.000,nbm0/St8w4GUlGA4,205.000,WYac+BcEaEqjcD+O,207.000,0vdW+g6toC/h3nqI,208.000,jwNdRfwvt/DA6PNq,209.000,UfIL2xPYUWA3pa2i,210.000,h4OQZ7bMhp0Pbd5V
5,86,2026-04-05T09:35:32.328Z,194.000,10,112.000,Jg+7wzPVXO3fl6hF,185.000,Cr1IDgtoIwjHadzo,188.000,jwNdRfwvt/DA6PNq,190.000,WYac+BcEaEqjcD+O,191.000,UfIL2xPYUWA3pa2i,192.000,0vdW+g6toC/h3nqI,193.000,nbm0/St8w4GUlGA4,195.000,uHgM+VdJzX93m/5O,196.000,3ro8QLJh0yyykLyV,197.000,h4OQZ7bMhp0Pbd5V
5,87,2026-04-05T09:35:32.522Z,198.000,10,121.000,Jg+7wzPVXO3fl6hF,191.000,WYac+BcEaEqjcD+O,192.000,Cr1IDgtoIwjHadzo,193.000,UfIL2xPYUWA3pa2i,195.000,jwNdRfwvt/DA6PNq,197.000,3ro8QLJh0yyykLyV,197.000,0vdW+g6toC/h3nqI,198.000,nbm0/St8w4GUlGA4,200.000,h4OQZ7bMhp0Pbd5V,231.000,uHgM+VdJzX93m/5O
5,88,2026-04-05T09:35:32.720Z,208.000,10,123.000,Jg+7wzPVXO3fl6hF,198.000,UfIL2xPYUWA3pa2i,202.000,WYac+BcEaEqjcD+O,203.000,Cr1IDgtoIwjHadzo,205.000,jwNdRfwvt/DA6PNq,206.000,0vdW+g6toC/h3nqI,208.000,uHgM+VdJzX93m/5O,210.000,3ro8QLJh0yyykLyV,211.000,nbm0/St8w4GUlGA4,212.000,h4OQZ7bMhp0Pbd5V
5,89,2026-04-05T09:35:32.928Z,201.000,10,117.000,Jg+7wzPVXO3fl6hF,192.000,WYac+BcEaEqjcD+O,194.000,Cr1IDgtoIwjHadzo,196.000,0vdW+g6toC/h3nqI,198.000,nbm0/St8w4GUlGA4,199.000,UfIL2xPYUWA3pa2i,200.000,jwNdRfwvt/DA6PNq,202.000,uHgM+VdJzX93m/5O,203.000,3ro8QLJh0yyykLyV,204.000,h4OQZ7bMhp0Pbd5V
5,90,2026-04-05T09:35:33.129Z,201.000,10,119.000,Jg+7wzPVXO3fl6hF,191.000,uHgM+VdJzX93m/5O,192.000,Cr1IDgtoIwjHadzo,196.000,UfIL2xPYUWA3pa2i,198.000,0vdW+g6toC/h3nqI,200.000,jwNdRfwvt/DA6PNq,201.000,3ro8QLJh0yyykLyV,203.000,nbm0/St8w4GUlGA4,204.000,WYac+BcEaEqjcD+O,205.000,h4OQZ7bMhp0Pbd5V
5,91,2026-04-05T09:35:33.330Z,202.000,10,137.000,Jg+7wzPVXO3fl6hF,191.000,jwNdRfwvt/DA6PNq,193.000,Cr1IDgtoIwjHadzo,195.000,0vdW+g6toC/h3nqI,199.000,uHgM+VdJzX93m/5O,200.000,WYac+BcEaEqjcD+O,201.000,3ro8QLJh0yyykLyV,203.000,UfIL2xPYUWA3pa2i,205.000,nbm0/St8w4GUlGA4,208.000,h4OQZ7bMhp0Pbd5V
5,92,2026-04-05T09:35:33.532Z,192.000,10,130.000,Jg+7wzPVXO3fl6hF,185.000,Cr1IDgtoIwjHadzo,187.000,0vdW+g6toC/h3nqI,187.000,UfIL2xPYUWA3pa2i,188.000,nbm0/St8w4GUlGA4,189.000,WYac+BcEaEqjcD+O,191.000,jwNdRfwvt/DA6PNq,195.000,uHgM+VdJzX93m/5O,196.000,3ro8QLJh0yyykLyV,208.000,h4OQZ7bMhp0Pbd5V
5,93,2026-04-05T09:35:33.724Z,204.000,10,141.000,Jg+7wzPVXO3fl6hF,196.000,Cr1IDgtoIwjHadzo,198.000,0vdW+g6toC/h3nqI,200.000,WYac+BcEaEqjcD+O,202.000,jwNdRfwvt/DA6PNq,203.000,3ro8QLJh0yyykLyV,204.000,nbm0/St8w4GUlGA4,206.000,h4OQZ7bMhp0Pbd5V,209.000,UfIL2xPYUWA3pa2i,289.000,uHgM+VdJzX93m/5O
5,94,2026-04-05T09:35:33.928Z,301.000,10,136.000,Jg+7wzPVXO3fl6hF,292.000,Cr1IDgtoIwjHadzo,295.000,uHgM+VdJzX93m/5O,297.000,0vdW+g6toC/h3nqI,298.000,WYac+BcEaEqjcD+O,300.000,3ro8QLJh0yyykLyV,301.000,h4OQZ7bMhp0Pbd5V,302.000,jwNdRfwvt/DA6PNq,304.000,UfIL2xPYUWA3pa2i,405.000,nbm0/St8w4GUlGA4
5,95,2026-04-05T09:35:34.229Z,100.000,9,37.000,Jg+7wzPVXO3fl6hF,91.000,UfIL2xPYUWA3pa2i,92.000,jwNdRfwvt/DA6PNq,96.000,WYac+BcEaEqjcD+O,97.000,uHgM+VdJzX93m/5O,98.000,0vdW+g6toC/h3nqI,100.000,Cr1IDgtoIwjHadzo,105.000,h4OQZ7bMhp0Pbd5V,143.000,nbm0/St8w4GUlGA4,,
5,96,2026-04-05T09:35:34.329Z,204.000,9,24.000,3ro8QLJh0yyykLyV,137.000,Jg+7wzPVXO3fl6hF,194.000,uHgM+VdJzX93m/5O,196.000,UfIL2xPYUWA3pa2i,197.000,0vdW+g6toC/h3nqI,198.000,jwNdRfwvt/DA6PNq,204.000,h4OQZ7bMhp0Pbd5V,205.000,Cr1IDgtoIwjHadzo,206.000,WYac+BcEaEqjcD+O,,
5,97,2026-04-05T09:35:34.533Z,218.000,10,11.000,nbm0/St8w4GUlGA4,24.000,3ro8QLJh0yyykLyV,209.000,0vdW+g6toC/h3nqI,212.000,uHgM+VdJzX93m/5O,215.000,UfIL2xPYUWA3pa2i,216.000,WYac+BcEaEqjcD+O,218.000,h4OQZ7bMhp0Pbd5V,220.000,Cr1IDgtoIwjHadzo,223.000,Jg+7wzPVXO3fl6hF,242.000,jwNdRfwvt/DA6PNq
5,98,2026-04-05T09:35:34.751Z,182.000,8,4.000,nbm0/St8w4GUlGA4,10.000,3ro8QLJh0yyykLyV,175.000,uHgM+VdJzX93m/5O,177.000,0vdW+g6toC/h3nqI,179.000,UfIL2xPYUWA3pa2i,181.000,WYac+BcEaEqjcD+O,182.000,jwNdRfwvt/DA6PNq,183.000,h4OQZ7bMhp0Pbd5V,,,,
5,99,2026-04-05T09:35:34.933Z,198.000,10,4.000,Jg+7wzPVXO3fl6hF,9.000,Cr1IDgtoIwjHadzo,28.000,3ro8QLJh0yyykLyV,106.000,nbm0/St8w4GUlGA4,193.000,0vdW+g6toC/h3nqI,195.000,uHgM+VdJzX93m/5O,198.000,WYac+BcEaEqjcD+O,198.000,h4OQZ7bMhp0Pbd5V,203.000,UfIL2xPYUWA3pa2i,208.000,jwNdRfwvt/DA6PNq
5,100,2026-04-05T09:35:35.131Z,210.000,10,9.000,Jg+7wzPVXO3fl6hF,15.000,Cr1IDgtoIwjHadzo,30.000,3ro8QLJh0yyykLyV,103.000,nbm0/St8w4GUlGA4,205.000,uHgM+VdJzX93m/5O,208.000,0vdW+g6toC/h3nqI,210.000,UfIL2xPYUWA3pa2i,211.000,WYac+BcEaEqjcD+O,213.000,jwNdRfwvt/DA6PNq,214.000,h4OQZ7bMhp0Pbd5V
5,101,2026-04-05T09:35:35.341Z,222.000,10,5.000,Jg+7wzPVXO3fl6hF,6.000,Cr1IDgtoIwjHadzo,20.000,3ro8QLJh0yyykLyV,213.000,nbm0/St8w4GUlGA4,217.000,uHgM+VdJzX93m/5O,219.000,WYac+BcEaEqjcD+O,222.000,h4OQZ7bMhp0Pbd5V,226.000,UfIL2xPYUWA3pa2i,227.000,0vdW+g6toC/h3nqI,249.000,jwNdRfwvt/DA6PNq
5,102,2026-04-05T09:35:35.563Z,167.000,9,7.000,3ro8QLJh0yyykLyV,7.000,Cr1IDgtoIwjHadzo,24.000,Jg+7wzPVXO3fl6hF,73.000,nbm0/St8w4GUlGA4,165.000,0vdW+g6toC/h3nqI,166.000,uHgM+VdJzX93m/5O,167.000,WYac+BcEaEqjcD+O,171.000,jwNdRfwvt/DA6PNq,173.000,h4OQZ7bMhp0Pbd5V,,
5,103,2026-04-05T09:35:35.730Z,202.000,10,27.000,UfIL2xPYUWA3pa2i,37.000,Cr1IDgtoIwjHadzo,39.000,3ro8QLJh0yyykLyV,53.000,Jg+7wzPVXO3fl6hF,109.000,nbm0/St8w4GUlGA4,201.000,0vdW+g6toC/h3nqI,202.000,jwNdRfwvt/DA6PNq,203.000,WYac+BcEaEqjcD+O,205.000,uHgM+VdJzX93m/5O,208.000,h4OQZ7bMhp0Pbd5V
5,104,2026-04-05T09:35:35.932Z,204.000,10,26.000,UfIL2xPYUWA3pa2i,37.000,3ro8QLJh0yyykLyV,38.000,Cr1IDgtoIwjHadzo,50.000,Jg+7wzPVXO3fl6hF,106.000,nbm0/St8w4GUlGA4,200.000,jwNdRfwvt/DA6PNq,204.000,WYac+BcEaEqjcD+O,205.000,h4OQZ7bMhp0Pbd5V,208.000,0vdW+g6toC/h3nqI,475.000,uHgM+VdJzX93m/5O
5,105,2026-04-05T09:35:36.136Z,199.000,9,23.000,UfIL2xPYUWA3pa2i,35.000,Cr1IDgtoIwjHadzo,37.000,3ro8QLJh0yyykLyV,48.000,Jg+7wzPVXO3fl6hF,105.000,nbm0/St8w4GUlGA4,197.000,0vdW+g6toC/h3nqI,199.000,jwNdRfwvt/DA6PNq,201.000,h4OQZ7bMhp0Pbd5V,204.000,WYac+BcEaEqjcD+O,,
5,106,2026-04-05T09:35:36.335Z,200.000,9,28.000,UfIL2xPYUWA3pa2i,35.000,Cr1IDgtoIwjHadzo,41.000,3ro8QLJh0yyykLyV,50.000,Jg+7wzPVXO3fl6hF,106.000,nbm0/St8w4GUlGA4,198.000,WYac+BcEaEqjcD+O,200.000,0vdW+g6toC/h3nqI,201.000,jwNdRfwvt/DA6PNq,231.000,h4OQZ7bMhp0Pbd5V,,
5,107,2026-04-05T09:35:36.535Z,306.000,10,33.000,UfIL2xPYUWA3pa2i,36.000,Cr1IDgtoIwjHadzo,44.000,3ro8QLJh0yyykLyV,46.000,uHgM+VdJzX93m/5O,52.000,Jg+7wzPVXO3fl6hF,108.000,nbm0/St8w4GUlGA4,306.000,jwNdRfwvt/DA6PNq,308.000,h4OQZ7bMhp0Pbd5V,311.000,WYac+BcEaEqjcD+O,316.000,0vdW+g6toC/h3nqI
5,108,2026-04-05T09:35:36.841Z,95.000,9,9.000,UfIL2xPYUWA3pa2i,12.000,3ro8QLJh0yyykLyV,13.000,uHgM+VdJzX93m/5O,15.000,Jg+7wzPVXO3fl6hF,16.000,nbm0/St8w4GUlGA4,18.000,Cr1IDgtoIwjHadzo,94.000,jwNdRfwvt/DA6PNq,95.000,WYac+BcEaEqjcD+O,171.000,h4OQZ7bMhp0Pbd5V,,
5,109,2026-04-05T09:35:36.936Z,111.000,7,27.000,UfIL2xPYUWA3pa2i,29.000,0vdW+g6toC/h3nqI,41.000,3ro8QLJh0yyykLyV,47.000,uHgM+VdJzX93m/5O,74.000,Jg+7wzPVXO3fl6hF,109.000,Cr1IDgtoIwjHadzo,111.000,nbm0/St8w4GUlGA4,,,,,,
5,110,2026-04-05T09:35:37.047Z,135.000,7,90.000,jwNdRfwvt/DA6PNq,92.000,WYac+BcEaEqjcD+O,95.000,h4OQZ7bMhp0Pbd5V,117.000,0vdW+g6toC/h3nqI,118.000,UfIL2xPYUWA3pa2i,130.000,3ro8QLJh0yyykLyV,135.000,uHgM+VdJzX93m/5O,,,,,,
5,111,2026-04-05T09:35:37.182Z,182.000,9,10.000,Jg+7wzPVXO3fl6hF,63.000,Cr1IDgtoIwjHadzo,64.000,nbm0/St8w4GUlGA4,156.000,WYac+BcEaEqjcD+O,158.000,jwNdRfwvt/DA6PNq,161.000,h4OQZ7bMhp0Pbd5V,182.000,0vdW+g6toC/h3nqI,183.000,UfIL2xPYUWA3pa2i,316.000,uHgM+VdJzX93m/5O,,
5,112,2026-04-05T09:35:37.364Z,203.000,9,13.000,3ro8QLJh0yyykLyV,28.000,Jg+7wzPVXO3fl6hF,83.000,Cr1IDgtoIwjHadzo,85.000,nbm0/St8w4GUlGA4,176.000,jwNdRfwvt/DA6PNq,179.000,h4OQZ7bMhp0Pbd5V,203.000,0vdW+g6toC/h3nqI,209.000,UfIL2xPYUWA3pa2i,244.000,WYac+BcEaEqjcD+O,,
5,113,2026-04-05T09:35:37.567Z,203.000,9,13.000,3ro8QLJh0yyykLyV,26.000,Jg+7wzPVXO3fl6hF,81.000,nbm0/St8w4GUlGA4,82.000,Cr1IDgtoIwjHadzo,121.000,uHgM+VdJzX93m/5O,176.000,jwNdRfwvt/DA6PNq,203.000,UfIL2xPYUWA3pa2i,205.000,h4OQZ7bMhp0Pbd5V,211.000,0vdW+g6toC/h3nqI,,
5,114,2026-04-05T09:35:37.770Z,174.000,8,12.000,3ro8QLJh0yyykLyV,22.000,WYac+BcEaEqjcD+O,26.000,Jg+7wzPVXO3fl6hF,80.000,nbm0/St8w4GUlGA4,81.000,Cr1IDgtoIwjHadzo,118.000,uHgM+VdJzX93m/5O,173.000,jwNdRfwvt/DA6PNq,174.000,h4OQZ7bMhp0Pbd5V,,,,
5,115,2026-04-05T09:35:37.944Z,110.000,7,25.000,UfIL2xPYUWA3pa2i,27.000,0vdW+g6toC/h3nqI,37.000,3ro8QLJh0yyykLyV,49.000,WYac+BcEaEqjcD+O,53.000,Jg+7wzPVXO3fl6hF,107.000,Cr1IDgtoIwjHadzo,110.000,nbm0/St8w4GUlGA4,,,,,,
5,116,2026-04-05T09:35:38.054Z,145.000,8,37.000,uHgM+VdJzX93m/5O,91.000,h4OQZ7bMhp0Pbd5V,92.000,jwNdRfwvt/DA6PNq,116.000,UfIL2xPYUWA3pa2i,119.000,0vdW+g6toC/h3nqI,130.000,3ro8QLJh0yyykLyV,144.000,Jg+7wzPVXO3fl6hF,147.000,WYac+BcEaEqjcD+O,,,,
5,117,2026-04-05T09:35:38.199Z,186.000,8,52.000,Cr1IDgtoIwjHadzo,92.000,uHgM+VdJzX93m/5O,94.000,nbm0/St8w4GUlGA4,147.000,h4OQZ7bMhp0Pbd5V,172.000,UfIL2xPYUWA3pa2i,177.000,0vdW+g6toC/h3nqI,186.000,3ro8QLJh0yyykLyV,243.000,jwNdRfwvt/DA6PNq,,,,
5,118,2026-04-05T09:35:38.385Z,163.000,7,11.000,WYac+BcEaEqjcD+O,16.000,Jg+7wzPVXO3fl6hF,67.000,Cr1IDgtoIwjHadzo,91.000,nbm0/St8w4GUlGA4,107.000,uHgM+VdJzX93m/5O,162.000,h4OQZ7bMhp0Pbd5V,163.000,jwNdRfwvt/DA6PNq,,,,,,
5,119,2026-04-05T09:35:38.548Z,147.000,8,24.000,UfIL2xPYUWA3pa2i,43.000,3ro8QLJh0yyykLyV,50.000,WYac+BcEaEqjcD+O,81.000,Jg+7wzPVXO3fl6hF,105.000,Cr1IDgtoIwjHadzo,129.000,nbm0/St8w4GUlGA4,147.000,uHgM+VdJzX93m/5O,168.000,0vdW+g6toC/h3nqI,,,,
5,120,2026-04-05T09:35:38.695Z,107.000,7,54.000,jwNdRfwvt/DA6PNq,56.000,h4OQZ7bMhp0Pbd5V,80.000,0vdW+g6toC/h3nqI,81.000,UfIL2xPYUWA3pa2i,93.000,3ro8QLJh0yyykLyV,103.000,WYac+BcEaEqjcD+O,107.000,Jg+7wzPVXO3fl6hF,,,,,,
5,121,2026-04-05T09:35:38.802Z,190.000,8,53.000,Cr1IDgtoIwjHadzo,75.000,nbm0/St8w4GUlGA4,94.000,uHgM+VdJzX93m/5O,147.000,jwNdRfwvt/DA6PNq,176.000,0vdW+g6toC/h3nqI,184.000,UfIL2xPYUWA3pa2i,190.000,3ro8QLJh0yyykLyV,236.000,h4OQZ7bMhp0Pbd5V,,,,
5,122,2026-04-05T09:35:38.992Z,162.000,7,7.000,WYac+BcEaEqjcD+O,13.000,Jg+7wzPVXO3fl6hF,64.000,Cr1IDgtoIwjHadzo,86.000,nbm0/St8w4GUlGA4,104.000,uHgM+VdJzX93m/5O,159.000,jwNdRfwvt/DA6PNq,161.000,h4OQZ7bMhp0Pbd5V,,,,,,
5,123,2026-04-05T09:35:39.154Z,133.000,7,23.000,0vdW+g6toC/h3nqI,25.000,UfIL2xPYUWA3pa2i,35.000,3ro8QLJh0yyykLyV,46.000,WYac+BcEaEqjcD+O,50.000,Jg+7wzPVXO3fl6hF,104.000,Cr1IDgtoIwjHadzo,132.000,nbm0/St8w4GUlGA4,,,,,,
5,124,2026-04-05T09:35:39.287Z,116.000,8,10.000,uHgM+VdJzX93m/5O,65.000,jwNdRfwvt/DA6PNq,68.000,h4OQZ7bMhp0Pbd5V,91.000,UfIL2xPYUWA3pa2i,93.000,0vdW+g6toC/h3nqI,104.000,3ro8QLJh0yyykLyV,116.000,WYac+BcEaEqjcD+O,120.000,Jg+7wzPVXO3fl6hF,,,,
5,125,2026-04-05T09:35:39.403Z,179.000,7,58.000,Cr1IDgtoIwjHadzo,77.000,nbm0/St8w4GUlGA4,95.000,uHgM+VdJzX93m/5O,152.000,jwNdRfwvt/DA6PNq,154.000,h4OQZ7bMhp0Pbd5V,177.000,0vdW+g6toC/h3nqI,179.000,UfIL2xPYUWA3pa2i,,,,,,
5,126,2026-04-05T09:35:39.582Z,172.000,8,10.000,3ro8QLJh0yyykLyV,22.000,WYac+BcEaEqjcD+O,29.000,Jg+7wzPVXO3fl6hF,79.000,Cr1IDgtoIwjHadzo,98.000,nbm0/St8w4GUlGA4,116.000,uHgM+VdJzX93m/5O,172.000,jwNdRfwvt/DA6PNq,347.000,h4OQZ7bMhp0Pbd5V,,,,
5,127,2026-04-05T09:35:39.754Z,127.000,7,26.000,0vdW+g6toC/h3nqI,29.000,UfIL2xPYUWA3pa2i,39.000,3ro8QLJh0yyykLyV,51.000,WYac+BcEaEqjcD+O,56.000,Jg+7wzPVXO3fl6hF,108.000,Cr1IDgtoIwjHadzo,127.000,nbm0/St8w4GUlGA4,,,,,,
5,128,2026-04-05T09:35:39.881Z,125.000,7,19.000,uHgM+VdJzX93m/5O,74.000,h4OQZ7bMhp0Pbd5V,77.000,jwNdRfwvt/DA6PNq,99.000,0vdW+g6toC/h3nqI,105.000,UfIL2xPYUWA3pa2i,113.000,3ro8QLJh0yyykLyV,125.000,WYac+BcEaEqjcD+O,,,,,,
5,129,2026-04-05T09:35:40.006Z,177.000,8,4.000,Jg+7wzPVXO3fl6hF,56.000,Cr1IDgtoIwjHadzo,76.000,nbm0/St8w4GUlGA4,96.000,uHgM+VdJzX93m/5O,152.000,h4OQZ7bMhp0Pbd5V,155.000,jwNdRfwvt/DA6PNq,176.000,UfIL2xPYUWA3pa2i,177.000,0vdW+g6toC/h3nqI,,,,
5,130,2026-04-05T09:35:40.183Z,180.000,8,13.000,3ro8QLJh0yyykLyV,26.000,WYac+BcEaEqjcD+O,31.000,Jg+7wzPVXO3fl6hF,81.000,Cr1IDgtoIwjHadzo,101.000,nbm0/St8w4GUlGA4,122.000,uHgM+VdJzX93m/5O,180.000,h4OQZ7bMhp0Pbd5V,208.000,jwNdRfwvt/DA6PNq,,,,
5,131,2026-04-05T09:35:40.363Z,125.000,7,21.000,0vdW+g6toC/h3nqI,24.000,UfIL2xPYUWA3pa2i,34.000,3ro8QLJh0yyykLyV,50.000,Jg+7wzPVXO3fl6hF,55.000,WYac+BcEaEqjcD+O,101.000,Cr1IDgtoIwjHadzo,124.000,nbm0/St8w4GUlGA4,,,,,,
5,132,2026-04-05T09:35:40.488Z,122.000,8,17.000,uHgM+VdJzX93m/5O,71.000,jwNdRfwvt/DA6PNq,75.000,h4OQZ7bMhp0Pbd5V,98.000,UfIL2xPYUWA3pa2i,99.000,0vdW+g6toC/h3nqI,110.000,3ro8QLJh0yyykLyV,122.000,WYac+BcEaEqjcD+O,126.000,Jg+7wzPVXO3fl6hF,,,,
5,133,2026-04-05T09:35:40.610Z,185.000,7,55.000,Cr1IDgtoIwjHadzo,79.000,nbm0/St8w4GUlGA4,96.000,uHgM+VdJzX93m/5O,149.000,jwNdRfwvt/DA6PNq,154.000,h4OQZ7bMhp0Pbd5V,178.000,UfIL2xPYUWA3pa2i,184.000,0vdW+g6toC/h3nqI,,,,,,
5,134,2026-04-05T09:35:40.795Z,165.000,7,5.000,3ro8QLJh0yyykLyV,16.000,WYac+BcEaEqjcD+O,20.000,Jg+7wzPVXO3fl6hF,72.000,Cr1IDgtoIwjHadzo,93.000,nbm0/St8w4GUlGA4,112.000,uHgM+VdJzX93m/5O,165.000,jwNdRfwvt/DA6PNq,,,,,,
5,135,2026-04-05T09:35:40.960Z,110.000,7,3.000,h4OQZ7bMhp0Pbd5V,30.000,UfIL2xPYUWA3pa2i,33.000,0vdW+g6toC/h3nqI,40.000,3ro8QLJh0yyykLyV,53.000,WYac+BcEaEqjcD+O,57.000,Jg+7wzPVXO3fl6hF,110.000,Cr1IDgtoIwjHadzo,,,,,,
5,136,2026-04-05T09:35:41.070Z,156.000,9,21.000,nbm0/St8w4GUlGA4,38.000,uHgM+VdJzX93m/5O,91.000,jwNdRfwvt/DA6PNq,150.000,h4OQZ7bMhp0Pbd5V,151.000,UfIL2xPYUWA3pa2i,153.000,3ro8QLJh0yyykLyV,156.000,Jg+7wzPVXO3fl6hF,183.000,WYac+BcEaEqjcD+O,202.000,0vdW+g6toC/h3nqI,,
5,137,2026-04-05T09:35:41.226Z,193.000,8,54.000,Cr1IDgtoIwjHadzo,66.000,nbm0/St8w4GUlGA4,85.000,uHgM+VdJzX93m/5O,137.000,jwNdRfwvt/DA6PNq,141.000,h4OQZ7bMhp0Pbd5V,165.000,UfIL2xPYUWA3pa2i,192.000,Jg+7wzPVXO3fl6hF,207.000,3ro8QLJh0yyykLyV,,,,
5,138,2026-04-05T09:35:41.419Z,158.000,7,21.000,WYac+BcEaEqjcD+O,39.000,0vdW+g6toC/h3nqI,54.000,Cr1IDgtoIwjHadzo,74.000,nbm0/St8w4GUlGA4,95.000,uHgM+VdJzX93m/5O,147.000,jwNdRfwvt/DA6PNq,158.000,h4OQZ7bMhp0Pbd5V,,,,,,
5,139,2026-04-05T09:35:41.577Z,118.000,7,16.000,UfIL2xPYUWA3pa2i,29.000,3ro8QLJh0yyykLyV,48.000,Jg+7wzPVXO3fl6hF,64.000,WYac+BcEaEqjcD+O,82.000,0vdW+g6toC/h3nqI,96.000,Cr1IDgtoIwjHadzo,117.000,nbm0/St8w4GUlGA4,,,,,,
5,140,2026-04-05T09:35:41.695Z,147.000,7,17.000,uHgM+VdJzX93m/5O,74.000,jwNdRfwvt/DA6PNq,77.000,h4OQZ7bMhp0Pbd5V,99.000,UfIL2xPYUWA3pa2i,112.000,3ro8QLJh0yyykLyV,133.000,Jg+7wzPVXO3fl6hF,147.000,WYac+BcEaEqjcD+O,,,,,,
5,141,2026-04-05T09:35:41.842Z,166.000,8,18.000,0vdW+g6toC/h3nqI,30.000,Cr1IDgtoIwjHadzo,53.000,nbm0/St8w4GUlGA4,72.000,uHgM+VdJzX93m/5O,132.000,jwNdRfwvt/DA6PNq,154.000,UfIL2xPYUWA3pa2i,166.000,3ro8QLJh0yyykLyV,240.000,h4OQZ7bMhp0Pbd5V,,,,
5,142,2026-04-05T09:35:42.008Z,163.000,8,25.000,Jg+7wzPVXO3fl6hF,56.000,WYac+BcEaEqjcD+O,57.000,0vdW+g6toC/h3nqI,67.000,Cr1IDgtoIwjHadzo,91.000,nbm0/St8w4GUlGA4,106.000,uHgM+VdJzX93m/5O,163.000,h4OQZ7bMhp0Pbd5V,171.000,jwNdRfwvt/DA6PNq,,,,
5,143,2026-04-05T09:35:42.171Z,128.000,7,27.000,UfIL2xPYUWA3pa2i,41.000,3ro8QLJh0yyykLyV,53.000,Jg+7wzPVXO3fl6hF,75.000,WYac+BcEaEqjcD+O,93.000,0vdW+g6toC/h3nqI,118.000,Cr1IDgtoIwjHadzo,128.000,nbm0/St8w4GUlGA4,,,,,,
5,144,2026-04-05T09:35:42.299Z,206.000,8,16.000,uHgM+VdJzX93m/5O,194.000,jwNdRfwvt/DA6PNq,195.000,h4OQZ7bMhp0Pbd5V,197.000,UfIL2xPYUWA3pa2i,200.000,3ro8QLJh0yyykLyV,202.000,Jg+7wzPVXO3fl6hF,206.000,WYac+BcEaEqjcD+O,212.000,Cr1IDgtoIwjHadzo,,,,
5,145,2026-04-05T09:35:42.505Z,108.000,7,3.000,0vdW+g6toC/h3nqI,12.000,nbm0/St8w4GUlGA4,18.000,uHgM+VdJzX93m/5O,69.000,h4OQZ7bMhp0Pbd5V,81.000,jwNdRfwvt/DA6PNq,96.000,UfIL2xPYUWA3pa2i,108.000,3ro8QLJh0yyykLyV,,,,,,
5,146,2026-04-05T09:35:42.613Z,168.000,8,12.000,Jg+7wzPVXO3fl6hF,35.000,WYac+BcEaEqjcD+O,72.000,0vdW+g6toC/h3nqI,81.000,Cr1IDgtoIwjHadzo,105.000,uHgM+VdJzX93m/5O,162.000,h4OQZ7bMhp0Pbd5V,167.000,jwNdRfwvt/DA6PNq,201.000,nbm0/St8w4GUlGA4,,,,
5,147,2026-04-05T09:35:42.781Z,277.000,8,21.000,UfIL2xPYUWA3pa2i,34.000,3ro8QLJh0yyykLyV,45.000,Jg+7wzPVXO3fl6hF,68.000,WYac+BcEaEqjcD+O,101.000,0vdW+g6toC/h3nqI,114.000,Cr1IDgtoIwjHadzo,276.000,uHgM+VdJzX93m/5O,291.000,nbm0/St8w4GUlGA4,,,,
5,148,2026-04-05T09:35:43.058Z,25.000,7,3.000,h4OQZ7bMhp0Pbd5V,6.000,UfIL2xPYUWA3pa2i,7.000,jwNdRfwvt/DA6PNq,10.000,3ro8QLJh0yyykLyV,13.000,Jg+7wzPVXO3fl6hF,17.000,WYac+BcEaEqjcD+O,25.000,0vdW+g6toC/h3nqI,,,,,,
5,149,2026-04-05T09:35:43.083Z,141.000,7,27.000,Cr1IDgtoIwjHadzo,56.000,uHgM+VdJzX93m/5O,105.000,h4OQZ7bMhp0Pbd5V,121.000,UfIL2xPYUWA3pa2i,124.000,jwNdRfwvt/DA6PNq,134.000,3ro8QLJh0yyykLyV,141.000,nbm0/St8w4GUlGA4,,,,,,
5,150,2026-04-05T09:35:43.224Z,181.000,7,4.000,Jg+7wzPVXO3fl6hF,28.000,WYac+BcEaEqjcD+O,59.000,0vdW+g6toC/h3nqI,87.000,Cr1IDgtoIwjHadzo,115.000,uHgM+VdJzX93m/5O,161.000,h4OQZ7bMhp0Pbd5V,181.000,UfIL2xPYUWA3pa2i,,,,,,
5,151,2026-04-05T09:35:43.405Z,110.000,7,3.000,jwNdRfwvt/DA6PNq,11.000,3ro8QLJh0yyykLyV,20.000,nbm0/St8w4GUlGA4,25.000,Jg+7wzPVXO3fl6hF,48.000,WYac+BcEaEqjcD+O,79.000,0vdW+g6toC/h3nqI,109.000,Cr1IDgtoIwjHadzo,,,,,,
5,152,2026-04-05T09:35:43.515Z,118.000,7,26.000,uHgM+VdJzX93m/5O,72.000,h4OQZ7bMhp0Pbd5V,90.000,UfIL2xPYUWA3pa2i,94.000,jwNdRfwvt/DA6PNq,102.000,3ro8QLJh0yyykLyV,113.000,nbm0/St8w4GUlGA4,118.000,Jg+7wzPVXO3fl6hF,,,,,,
5,153,2026-04-05T09:35:43.633Z,178.000,7,22.000,WYac+BcEaEqjcD+O,53.000,0vdW+g6toC/h3nqI,81.000,Cr1IDgtoIwjHadzo,110.000,uHgM+VdJzX93m/5O,155.000,h4OQZ7bMhp0Pbd5V,174.000,UfIL2xPYUWA3pa2i,178.000,jwNdRfwvt/DA6PNq,,,,,,
5,154,2026-04-05T09:35:43.811Z,133.000,7,17.000,nbm0/St8w4GUlGA4,23.000,3ro8QLJh0yyykLyV,24.000,Jg+7wzPVXO3fl6hF,46.000,WYac+BcEaEqjcD+O,76.000,0vdW+g6toC/h3nqI,102.000,Cr1IDgtoIwjHadzo,133.000,uHgM+VdJzX93m/5O,,,,,,
5,155,2026-04-05T09:35:43.944Z,112.000,7,44.000,h4OQZ7bMhp0Pbd5V,66.000,UfIL2xPYUWA3pa2i,76.000,3ro8QLJh0yyykLyV,82.000,jwNdRfwvt/DA6PNq,85.000,nbm0/St8w4GUlGA4,92.000,Jg+7wzPVXO3fl6hF,112.000,WYac+BcEaEqjcD+O,,,,,,
5,156,2026-04-05T09:35:44.056Z,175.000,8,33.000,0vdW+g6toC/h3nqI,59.000,Cr1IDgtoIwjHadzo,89.000,uHgM+VdJzX93m/5O,133.000,h4OQZ7bMhp0Pbd5V,155.000,UfIL2xPYUWA3pa2i,160.000,jwNdRfwvt/DA6PNq,174.000,3ro8QLJh0yyykLyV,176.000,nbm0/St8w4GUlGA4,,,,
5,157,2026-04-05T09:35:44.231Z,184.000,8,6.000,Jg+7wzPVXO3fl6hF,28.000,WYac+BcEaEqjcD+O,60.000,0vdW+g6toC/h3nqI,86.000,Cr1IDgtoIwjHadzo,118.000,uHgM+VdJzX93m/5O,160.000,h4OQZ7bMhp0Pbd5V,184.000,UfIL2xPYUWA3pa2i,185.000,jwNdRfwvt/DA6PNq,,,,
5,158,2026-04-05T09:35:44.415Z,134.000,7,18.000,nbm0/St8w4GUlGA4,22.000,3ro8QLJh0yyykLyV,25.000,Jg+7wzPVXO3fl6hF,43.000,WYac+BcEaEqjcD+O,76.000,0vdW+g6toC/h3nqI,102.000,Cr1IDgtoIwjHadzo,134.000,uHgM+VdJzX93m/5O,,,,,,
5,159,2026-04-05T09:35:44.549Z,112.000,7,44.000,h4OQZ7bMhp0Pbd5V,67.000,UfIL2xPYUWA3pa2i,77.000,3ro8QLJh0yyykLyV,78.000,jwNdRfwvt/DA6PNq,84.000,nbm0/St8w4GUlGA4,90.000,Jg+7wzPVXO3fl6hF,112.000,WYac+BcEaEqjcD+O,,,,,,
5,160,2026-04-05T09:35:44.661Z,169.000,7,31.000,0vdW+g6toC/h3nqI,57.000,Cr1IDgtoIwjHadzo,116.000,uHgM+VdJzX93m/5O,132.000,h4OQZ7bMhp0Pbd5V,155.000,jwNdRfwvt/DA6PNq,159.000,UfIL2xPYUWA3pa2i,169.000,3ro8QLJh0yyykLyV,,,,,,
5,161,2026-04-05T09:35:44.830Z,165.000,7,7.000,nbm0/St8w4GUlGA4,11.000,Jg+7wzPVXO3fl6hF,30.000,WYac+BcEaEqjcD+O,66.000,0vdW+g6toC/h3nqI,89.000,Cr1IDgtoIwjHadzo,121.000,uHgM+VdJzX93m/5O,165.000,h4OQZ7bMhp0Pbd5V,,,,,,
5,162,2026-04-05T09:35:44.995Z,165.000,8,27.000,jwNdRfwvt/DA6PNq,28.000,UfIL2xPYUWA3pa2i,36.000,3ro8QLJh0yyykLyV,52.000,Jg+7wzPVXO3fl6hF,67.000,WYac+BcEaEqjcD+O,99.000,0vdW+g6toC/h3nqI,164.000,Cr1IDgtoIwjHadzo,168.000,nbm0/St8w4GUlGA4,,,,
5,163,2026-04-05T09:35:45.160Z,105.000,7,5.000,uHgM+VdJzX93m/5O,36.000,h4OQZ7bMhp0Pbd5V,58.000,UfIL2xPYUWA3pa2i,59.000,jwNdRfwvt/DA6PNq,78.000,3ro8QLJh0yyykLyV,87.000,Jg+7wzPVXO3fl6hF,105.000,WYac+BcEaEqjcD+O,,,,,,
5,164,2026-04-05T09:35:45.265Z,158.000,7,31.000,0vdW+g6toC/h3nqI,58.000,Cr1IDgtoIwjHadzo,64.000,nbm0/St8w4GUlGA4,89.000,uHgM+VdJzX93m/5O,133.000,h4OQZ7bMhp0Pbd5V,156.000,jwNdRfwvt/DA6PNq,158.000,UfIL2xPYUWA3pa2i,,,,,,
5,165,2026-04-05T09:35:45.423Z,131.000,7,8.000,3ro8QLJh0yyykLyV,25.000,Jg+7wzPVXO3fl6hF,44.000,WYac+BcEaEqjcD+O,73.000,0vdW+g6toC/h3nqI,125.000,Cr1IDgtoIwjHadzo,128.000,nbm0/St8w4GUlGA4,131.000,uHgM+VdJzX93m/5O,,,,,,
5,166,2026-04-05T09:35:45.554Z,174.000,9,45.000,h4OQZ7bMhp0Pbd5V,70.000,UfIL2xPYUWA3pa2i,79.000,3ro8QLJh0yyykLyV,100.000,Jg+7wzPVXO3fl6hF,114.000,WYac+BcEaEqjcD+O,144.000,0vdW+g6toC/h3nqI,174.000,nbm0/St8w4GUlGA4,176.000,Cr1IDgtoIwjHadzo,227.000,jwNdRfwvt/DA6PNq,,
5,167,2026-04-05T09:35:45.728Z,166.000,8,32.000,uHgM+VdJzX93m/5O,72.000,h4OQZ7bMhp0Pbd5V,92.000,UfIL2xPYUWA3pa2i,97.000,jwNdRfwvt/DA6PNq,163.000,Jg+7wzPVXO3fl6hF,165.000,3ro8QLJh0yyykLyV,166.000,WYac+BcEaEqjcD+O,200.000,0vdW+g6toC/h3nqI,,,,
5,168,2026-04-05T09:35:45.894Z,141.000,7,38.000,nbm0/St8w4GUlGA4,43.000,Cr1IDgtoIwjHadzo,65.000,uHgM+VdJzX93m/5O,108.000,h4OQZ7bMhp0Pbd5V,128.000,UfIL2xPYUWA3pa2i,132.000,jwNdRfwvt/DA6PNq,141.000,3ro8QLJh0yyykLyV,,,,,,
5,169,2026-04-05T09:35:46.035Z,169.000,7,19.000,Jg+7wzPVXO3fl6hF,37.000,WYac+BcEaEqjcD+O,65.000,0vdW+g6toC/h3nqI,96.000,nbm0/St8w4GUlGA4,103.000,Cr1IDgtoIwjHadzo,122.000,uHgM+VdJzX93m/5O,169.000,h4OQZ7bMhp0Pbd5V,,,,,,
5,170,2026-04-05T09:35:46.204Z,132.000,8,21.000,jwNdRfwvt/DA6PNq,24.000,UfIL2xPYUWA3pa2i,32.000,3ro8QLJh0yyykLyV,49.000,Jg+7wzPVXO3fl6hF,69.000,WYac+BcEaEqjcD+O,99.000,0vdW+g6toC/h3nqI,132.000,nbm0/St8w4GUlGA4,143.000,Cr1IDgtoIwjHadzo,,,,
5,171,2026-04-05T09:35:46.336Z,140.000,7,24.000,uHgM+VdJzX93m/5O,69.000,h4OQZ7bMhp0Pbd5V,88.000,UfIL2xPYUWA3pa2i,102.000,3ro8QLJh0yyykLyV,123.000,Jg+7wzPVXO3fl6hF,138.000,WYac+BcEaEqjcD+O,140.000,jwNdRfwvt/DA6PNq,,,,,,
5,172,2026-04-05T09:35:46.476Z,163.000,7,27.000,0vdW+g6toC/h3nqI,57.000,nbm0/St8w4GUlGA4,59.000,Cr1IDgtoIwjHadzo,85.000,uHgM+VdJzX93m/5O,130.000,h4OQZ7bMhp0Pbd5V,151.000,UfIL2xPYUWA3pa2i,163.000,3ro8QLJh0yyykLyV,,,,,,
5,173,2026-04-05T09:35:46.639Z,123.000,7,31.000,Jg+7wzPVXO3fl6hF,33.000,jwNdRfwvt/DA6PNq,35.000,WYac+BcEaEqjcD+O,95.000,nbm0/St8w4GUlGA4,100.000,0vdW+g6toC/h3nqI,102.000,Cr1IDgtoIwjHadzo,123.000,uHgM+VdJzX93m/5O,,,,,,
5,174,2026-04-05T09:35:46.762Z,221.000,9,204.000,h4OQZ7bMhp0Pbd5V,207.000,UfIL2xPYUWA3pa2i,209.000,3ro8QLJh0yyykLyV,211.000,Jg+7wzPVXO3fl6hF,215.000,WYac+BcEaEqjcD+O,219.000,0vdW+g6toC/h3nqI,221.000,jwNdRfwvt/DA6PNq,223.000,nbm0/St8w4GUlGA4,227.000,Cr1IDgtoIwjHadzo,,
5,175,2026-04-05T09:35:46.983Z,120.000,8,4.000,uHgM+VdJzX93m/5O,47.000,UfIL2xPYUWA3pa2i,48.000,h4OQZ7bMhp0Pbd5V,57.000,3ro8QLJh0yyykLyV,75.000,Jg+7wzPVXO3fl6hF,92.000,WYac+BcEaEqjcD+O,120.000,jwNdRfwvt/DA6PNq,122.000,0vdW+g6toC/h3nqI,,,,
5,176,2026-04-05T09:35:47.103Z,160.000,7,33.000,nbm0/St8w4GUlGA4,34.000,Cr1IDgtoIwjHadzo,61.000,uHgM+VdJzX93m/5O,126.000,h4OQZ7bMhp0Pbd5V,129.000,UfIL2xPYUWA3pa2i,137.000,3ro8QLJh0yyykLyV,160.000,Jg+7wzPVXO3fl6hF,,,,,,
5,177,2026-04-05T09:35:47.263Z,168.000,8,15.000,WYac+BcEaEqjcD+O,42.000,jwNdRfwvt/DA6PNq,44.000,0vdW+g6toC/h3nqI,74.000,nbm0/St8w4GUlGA4,75.000,Cr1IDgtoIwjHadzo,101.000,uHgM+VdJzX93m/5O,168.000,h4OQZ7bMhp0Pbd5V,170.000,UfIL2xPYUWA3pa2i,,,,
5,178,2026-04-05T09:35:47.431Z,109.000,7,11.000,3ro8QLJh0yyykLyV,32.000,Jg+7wzPVXO3fl6hF,49.000,WYac+BcEaEqjcD+O,77.000,jwNdRfwvt/DA6PNq,78.000,0vdW+g6toC/h3nqI,107.000,Cr1IDgtoIwjHadzo,109.000,nbm0/St8w4GUlGA4,,,,,,
5,179,2026-04-05T09:35:47.540Z,171.000,8,25.000,uHgM+VdJzX93m/5O,91.000,h4OQZ7bMhp0Pbd5V,93.000,UfIL2xPYUWA3pa2i,103.000,3ro8QLJh0yyykLyV,123.000,Jg+7wzPVXO3fl6hF,141.000,WYac+BcEaEqjcD+O,171.000,0vdW+g6toC/h3nqI,173.000,jwNdRfwvt/DA6PNq,,,,
5,180,2026-04-05T09:35:47.711Z,153.000,7,29.000,nbm0/St8w4GUlGA4,30.000,Cr1IDgtoIwjHadzo,56.000,uHgM+VdJzX93m/5O,123.000,h4OQZ7bMhp0Pbd5V,126.000,UfIL2xPYUWA3pa2i,133.000,3ro8QLJh0yyykLyV,152.000,Jg+7wzPVXO3fl6hF,,,,,,
5,181,2026-04-05T09:35:47.864Z,171.000,8,17.000,WYac+BcEaEqjcD+O,45.000,jwNdRfwvt/DA6PNq,46.000,0vdW+g6toC/h3nqI,77.000,Cr1IDgtoIwjHadzo,79.000,nbm0/St8w4GUlGA4,105.000,uHgM+VdJzX93m/5O,170.000,h4OQZ7bMhp0Pbd5V,172.000,UfIL2xPYUWA3pa2i,,,,
5,182,2026-04-05T09:35:48.035Z,107.000,7,11.000,3ro8QLJh0yyykLyV,33.000,Jg+7wzPVXO3fl6hF,47.000,WYac+BcEaEqjcD+O,75.000,jwNdRfwvt/DA6PNq,77.000,0vdW+g6toC/h3nqI,107.000,nbm0/St8w4GUlGA4,107.000,Cr1IDgtoIwjHadzo,,,,,,
5,183,2026-04-05T09:35:48.142Z,172.000,8,29.000,uHgM+VdJzX93m/5O,94.000,h4OQZ7bMhp0Pbd5V,97.000,UfIL2xPYUWA3pa2i,104.000,3ro8QLJh0yyykLyV,125.000,Jg+7wzPVXO3fl6hF,142.000,WYac+BcEaEqjcD+O,172.000,jwNdRfwvt/DA6PNq,174.000,0vdW+g6toC/h3nqI,,,,
5,184,2026-04-05T09:35:48.314Z,154.000,7,31.000,nbm0/St8w4GUlGA4,34.000,Cr1IDgtoIwjHadzo,57.000,uHgM+VdJzX93m/5O,121.000,h4OQZ7bMhp0Pbd5V,136.000,UfIL2xPYUWA3pa2i,136.000,3ro8QLJh0yyykLyV,154.000,Jg+7wzPVXO3fl6hF,,,,,,
5,185,2026-04-05T09:35:48.468Z,169.000,8,16.000,WYac+BcEaEqjcD+O,46.000,0vdW+g6toC/h3nqI,47.000,jwNdRfwvt/DA6PNq,76.000,nbm0/St8w4GUlGA4,77.000,Cr1IDgtoIwjHadzo,105.000,uHgM+VdJzX93m/5O,169.000,UfIL2xPYUWA3pa2i,171.000,h4OQZ7bMhp0Pbd5V,,,,
5,186,2026-04-05T09:35:48.637Z,109.000,7,14.000,3ro8QLJh0yyykLyV,31.000,Jg+7wzPVXO3fl6hF,49.000,WYac+BcEaEqjcD+O,77.000,0vdW+g6toC/h3nqI,86.000,jwNdRfwvt/DA6PNq,108.000,nbm0/St8w4GUlGA4,109.000,Cr1IDgtoIwjHadzo,,,,,,
5,187,2026-04-05T09:35:48.746Z,180.000,8,93.000,UfIL2xPYUWA3pa2i,96.000,h4OQZ7bMhp0Pbd5V,99.000,uHgM+VdJzX93m/5O,106.000,3ro8QLJh0yyykLyV,132.000,Jg+7wzPVXO3fl6hF,142.000,WYac+BcEaEqjcD+O,180.000,jwNdRfwvt/DA6PNq,199.000,0vdW+g6toC/h3nqI,,,,
5,188,2026-04-05T09:35:48.926Z,145.000,7,22.000,Cr1IDgtoIwjHadzo,25.000,nbm0/St8w4GUlGA4,64.000,uHgM+VdJzX93m/5O,116.000,h4OQZ7bMhp0Pbd5V,118.000,UfIL2xPYUWA3pa2i,138.000,3ro8QLJh0yyykLyV,145.000,Jg+7wzPVXO3fl6hF,,,,,,
5,189,2026-04-05T09:35:49.071Z,171.000,8,18.000,WYac+BcEaEqjcD+O,59.000,0vdW+g6toC/h3nqI,63.000,jwNdRfwvt/DA6PNq,76.000,Cr1IDgtoIwjHadzo,79.000,nbm0/St8w4GUlGA4,108.000,uHgM+VdJzX93m/5O,170.000,h4OQZ7bMhp0Pbd5V,171.000,UfIL2xPYUWA3pa2i,,,,
5,190,2026-04-05T09:35:49.242Z,106.000,7,52.000,3ro8QLJh0yyykLyV,53.000,Jg+7wzPVXO3fl6hF,53.000,WYac+BcEaEqjcD+O,74.000,0vdW+g6toC/h3nqI,86.000,jwNdRfwvt/DA6PNq,105.000,Cr1IDgtoIwjHadzo,106.000,nbm0/St8w4GUlGA4,,,,,,
5,191,2026-04-05T09:35:49.348Z,173.000,8,30.000,uHgM+VdJzX93m/5O,94.000,UfIL2xPYUWA3pa2i,96.000,h4OQZ7bMhp0Pbd5V,110.000,3ro8QLJh0yyykLyV,125.000,Jg+7wzPVXO3fl6hF,143.000,WYac+BcEaEqjcD+O,172.000,0vdW+g6toC/h3nqI,227.000,jwNdRfwvt/DA6PNq,,,,
5,192,2026-04-05T09:35:49.521Z,153.000,7,28.000,Cr1IDgtoIwjHadzo,31.000,nbm0/St8w4GUlGA4,59.000,uHgM+VdJzX93m/5O,122.000,UfIL2xPYUWA3pa2i,124.000,h4OQZ7bMhp0Pbd5V,140.000,3ro8QLJh0yyykLyV,153.000,Jg+7wzPVXO3fl6hF,,,,,,
5,193,2026-04-05T09:35:49.674Z,171.000,8,142.000,WYac+BcEaEqjcD+O,144.000,0vdW+g6toC/h3nqI,147.000,jwNdRfwvt/DA6PNq,149.000,nbm0/St8w4GUlGA4,151.000,uHgM+VdJzX93m/5O,153.000,Cr1IDgtoIwjHadzo,171.000,h4OQZ7bMhp0Pbd5V,172.000,UfIL2xPYUWA3pa2i,,,,
5,194,2026-04-05T09:35:49.845Z,109.000,7,18.000,3ro8QLJh0yyykLyV,36.000,Jg+7wzPVXO3fl6hF,49.000,WYac+BcEaEqjcD+O,77.000,0vdW+g6toC/h3nqI,84.000,jwNdRfwvt/DA6PNq,108.000,Cr1IDgtoIwjHadzo,109.000,nbm0/St8w4GUlGA4,,,,,,
5,195,2026-04-05T09:35:49.954Z,169.000,7,29.000,uHgM+VdJzX93m/5O,92.000,h4OQZ7bMhp0Pbd5V,94.000,UfIL2xPYUWA3pa2i,110.000,3ro8QLJh0yyykLyV,125.000,Jg+7wzPVXO3fl6hF,142.000,WYac+BcEaEqjcD+O,169.000,0vdW+g6toC/h3nqI,,,,,,
5,196,2026-04-05T09:35:50.123Z,143.000,7,6.000,jwNdRfwvt/DA6PNq,31.000,Cr1IDgtoIwjHadzo,34.000,nbm0/St8w4GUlGA4,60.000,uHgM+VdJzX93m/5O,124.000,h4OQZ7bMhp0Pbd5V,126.000,UfIL2xPYUWA3pa2i,143.000,3ro8QLJh0yyykLyV,,,,,,
5,197,2026-04-05T09:35:50.266Z,154.000,7,12.000,Jg+7wzPVXO3fl6hF,28.000,WYac+BcEaEqjcD+O,63.000,0vdW+g6toC/h3nqI,65.000,jwNdRfwvt/DA6PNq,89.000,Cr1IDgtoIwjHadzo,91.000,nbm0/St8w4GUlGA4,154.000,uHgM+VdJzX93m/5O,,,,,,
5,198,2026-04-05T09:35:50.420Z,112.000,7,28.000,h4OQZ7bMhp0Pbd5V,29.000,UfIL2xPYUWA3pa2i,47.000,3ro8QLJh0yyykLyV,61.000,Jg+7wzPVXO3fl6hF,77.000,WYac+BcEaEqjcD+O,105.000,0vdW+g6toC/h3nqI,112.000,jwNdRfwvt/DA6PNq,,,,,,
5,199,2026-04-05T09:35:50.532Z,150.000,7,24.000,Cr1IDgtoIwjHadzo,29.000,nbm0/St8w4GUlGA4,55.000,uHgM+VdJzX93m/5O,117.000,UfIL2xPYUWA3pa2i,118.000,h4OQZ7bMhp0Pbd5V,135.000,3ro8QLJh0yyykLyV,150.000,Jg+7wzPVXO3fl6hF,,,,,,
5,200,2026-04-05T09:35:50.682Z,169.000,8,19.000,WYac+BcEaEqjcD+O,44.000,0vdW+g6toC/h3nqI,49.000,jwNdRfwvt/DA6PNq,75.000,Cr1IDgtoIwjHadzo,78.000,nbm0/St8w4GUlGA4,106.000,uHgM+VdJzX93m/5O,169.000,UfIL2xPYUWA3pa2i,170.000,h4OQZ7bMhp0Pbd5V,,,,
5,201,2026-04-05T09:35:50.851Z,118.000,7,18.000,3ro8QLJh0yyykLyV,31.000,Jg+7wzPVXO3fl6hF,50.000,WYac+BcEaEqjcD+O,75.000,0vdW+g6toC/h3nqI,82.000,jwNdRfwvt/DA6PNq,106.000,Cr1IDgtoIwjHadzo,118.000,nbm0/St8w4GUlGA4,,,,,,
5,202,2026-04-05T09:35:50.969Z,159.000,7,19.000,uHgM+VdJzX93m/5O,82.000,h4OQZ7bMhp0Pbd5V,85.000,UfIL2xPYUWA3pa2i,100.000,3ro8QLJh0yyykLyV,113.000,Jg+7wzPVXO3fl6hF,133.000,WYac+BcEaEqjcD+O,158.000,0vdW+g6toC/h3nqI,,,,,,
5,203,2026-04-05T09:35:51.128Z,143.000,7,5.000,jwNdRfwvt/DA6PNq,29.000,Cr1IDgtoIwjHadzo,40.000,nbm0/St8w4GUlGA4,61.000,uHgM+VdJzX93m/5O,126.000,UfIL2xPYUWA3pa2i,128.000,h4OQZ7bMhp0Pbd5V,143.000,3ro8QLJh0yyykLyV,,,,,,
5,204,2026-04-05T09:35:51.271Z,120.000,7,14.000,Jg+7wzPVXO3fl6hF,32.000,WYac+BcEaEqjcD+O,59.000,0vdW+g6toC/h3nqI,63.000,jwNdRfwvt/DA6PNq,89.000,Cr1IDgtoIwjHadzo,98.000,nbm0/St8w4GUlGA4,120.000,uHgM+VdJzX93m/5O,,,,,,
5,205,2026-04-05T09:35:51.391Z,145.000,7,63.000,h4OQZ7bMhp0Pbd5V,65.000,UfIL2xPYUWA3pa2i,93.000,3ro8QLJh0yyykLyV,95.000,Jg+7wzPVXO3fl6hF,116.000,WYac+BcEaEqjcD+O,140.000,0vdW+g6toC/h3nqI,145.000,jwNdRfwvt/DA6PNq,,,,,,
5,206,2026-04-05T09:35:51.536Z,151.000,7,25.000,Cr1IDgtoIwjHadzo,34.000,nbm0/St8w4GUlGA4,57.000,uHgM+VdJzX93m/5O,119.000,h4OQZ7bMhp0Pbd5V,121.000,UfIL2xPYUWA3pa2i,149.000,3ro8QLJh0yyykLyV,151.000,Jg+7wzPVXO3fl6hF,,,,,,
5,207,2026-04-05T09:35:51.687Z,170.000,8,20.000,WYac+BcEaEqjcD+O,46.000,0vdW+g6toC/h3nqI,49.000,jwNdRfwvt/DA6PNq,75.000,Cr1IDgtoIwjHadzo,84.000,nbm0/St8w4GUlGA4,108.000,uHgM+VdJzX93m/5O,169.000,h4OQZ7bMhp0Pbd5V,171.000,UfIL2xPYUWA3pa2i,,,,
5,208,2026-04-05T09:35:51.857Z,116.000,7,19.000,3ro8QLJh0yyykLyV,30.000,Jg+7wzPVXO3fl6hF,54.000,WYac+BcEaEqjcD+O,77.000,0vdW+g6toC/h3nqI,81.000,jwNdRfwvt/DA6PNq,107.000,Cr1IDgtoIwjHadzo,115.000,nbm0/St8w4GUlGA4,,,,,,
5,209,2026-04-05T09:35:51.973Z,162.000,7,23.000,uHgM+VdJzX93m/5O,86.000,UfIL2xPYUWA3pa2i,87.000,h4OQZ7bMhp0Pbd5V,104.000,3ro8QLJh0yyykLyV,116.000,Jg+7wzPVXO3fl6hF,137.000,WYac+BcEaEqjcD+O,162.000,0vdW+g6toC/h3nqI,,,,,,
5,210,2026-04-05T09:35:52.135Z,145.000,7,5.000,jwNdRfwvt/DA6PNq,29.000,Cr1IDgtoIwjHadzo,40.000,nbm0/St8w4GUlGA4,62.000,uHgM+VdJzX93m/5O,143.000,UfIL2xPYUWA3pa2i,144.000,h4OQZ7bMhp0Pbd5V,145.000,3ro8QLJh0yyykLyV,,,,,,
5,211,2026-04-05T09:35:52.280Z,118.000,7,11.000,Jg+7wzPVXO3fl6hF,32.000,WYac+BcEaEqjcD+O,56.000,0vdW+g6toC/h3nqI,90.000,Cr1IDgtoIwjHadzo,94.000,nbm0/St8w4GUlGA4,99.000,jwNdRfwvt/DA6PNq,118.000,uHgM+VdJzX93m/5O,,,,,,
5,212,2026-04-05T09:35:52.398Z,144.000,7,63.000,h4OQZ7bMhp0Pbd5V,64.000,UfIL2xPYUWA3pa2i,85.000,3ro8QLJh0yyykLyV,95.000,Jg+7wzPVXO3fl6hF,115.000,WYac+BcEaEqjcD+O,140.000,0vdW+g6toC/h3nqI,144.000,jwNdRfwvt/DA6PNq,,,,,,
5,213,2026-04-05T09:35:52.542Z,163.000,7,25.000,Cr1IDgtoIwjHadzo,34.000,nbm0/St8w4GUlGA4,59.000,uHgM+VdJzX93m/5O,122.000,h4OQZ7bMhp0Pbd5V,123.000,UfIL2xPYUWA3pa2i,141.000,3ro8QLJh0yyykLyV,163.000,Jg+7wzPVXO3fl6hF,,,,,,
5,214,2026-04-05T09:35:52.705Z,161.000,8,8.000,WYac+BcEaEqjcD+O,35.000,0vdW+g6toC/h3nqI,39.000,jwNdRfwvt/DA6PNq,64.000,Cr1IDgtoIwjHadzo,74.000,nbm0/St8w4GUlGA4,97.000,uHgM+VdJzX93m/5O,161.000,UfIL2xPYUWA3pa2i,162.000,h4OQZ7bMhp0Pbd5V,,,,
5,215,2026-04-05T09:35:52.866Z,118.000,7,15.000,3ro8QLJh0yyykLyV,39.000,Jg+7wzPVXO3fl6hF,48.000,WYac+BcEaEqjcD+O,74.000,0vdW+g6toC/h3nqI,80.000,jwNdRfwvt/DA6PNq,104.000,Cr1IDgtoIwjHadzo,118.000,nbm0/St8w4GUlGA4,,,,,,
5,216,2026-04-05T09:35:52.984Z,163.000,8,19.000,uHgM+VdJzX93m/5O,82.000,UfIL2xPYUWA3pa2i,83.000,h4OQZ7bMhp0Pbd5V,102.000,3ro8QLJh0yyykLyV,121.000,Jg+7wzPVXO3fl6hF,136.000,WYac+BcEaEqjcD+O,162.000,jwNdRfwvt/DA6PNq,245.000,0vdW+g6toC/h3nqI,,,,
5,217,2026-04-05T09:35:53.147Z,160.000,7,23.000,Cr1IDgtoIwjHadzo,33.000,nbm0/St8w4GUlGA4,55.000,uHgM+VdJzX93m/5O,118.000,h4OQZ7bMhp0Pbd5V,120.000,UfIL2xPYUWA3pa2i,138.000,3ro8QLJh0yyykLyV,160.000,Jg+7wzPVXO3fl6hF,,,,,,
5,218,2026-04-05T09:35:53.307Z,161.000,8,10.000,WYac+BcEaEqjcD+O,40.000,jwNdRfwvt/DA6PNq,67.000,Cr1IDgtoIwjHadzo,75.000,nbm0/St8w4GUlGA4,98.000,uHgM+VdJzX93m/5O,114.000,0vdW+g6toC/h3nqI,161.000,UfIL2xPYUWA3pa2i,170.000,h4OQZ7bMhp0Pbd5V,,,,
5,219,2026-04-05T09:35:53.468Z,140.000,7,17.000,3ro8QLJh0yyykLyV,42.000,Jg+7wzPVXO3fl6hF,50.000,WYac+BcEaEqjcD+O,82.000,jwNdRfwvt/DA6PNq,115.000,nbm0/St8w4GUlGA4,116.000,Cr1IDgtoIwjHadzo,140.000,uHgM+VdJzX93m/5O,,,,,,
5,220,2026-04-05T09:35:53.608Z,143.000,7,16.000,0vdW+g6toC/h3nqI,61.000,h4OQZ7bMhp0Pbd5V,62.000,UfIL2xPYUWA3pa2i,78.000,3ro8QLJh0yyykLyV,103.000,Jg+7wzPVXO3fl6hF,111.000,WYac+BcEaEqjcD+O,143.000,jwNdRfwvt/DA6PNq,,,,,,
5,221,2026-04-05T09:35:53.751Z,137.000,7,23.000,Cr1IDgtoIwjHadzo,33.000,nbm0/St8w4GUlGA4,58.000,uHgM+VdJzX93m/5O,73.000,0vdW+g6toC/h3nqI,118.000,h4OQZ7bMhp0Pbd5V,120.000,UfIL2xPYUWA3pa2i,136.000,3ro8QLJh0yyykLyV,,,,,,
5,222,2026-04-05T09:35:53.888Z,138.000,7,25.000,Jg+7wzPVXO3fl6hF,35.000,WYac+BcEaEqjcD+O,64.000,jwNdRfwvt/DA6PNq,86.000,Cr1IDgtoIwjHadzo,96.000,nbm0/St8w4GUlGA4,120.000,uHgM+VdJzX93m/5O,138.000,0vdW+g6toC/h3nqI,,,,,,
5,223,2026-04-05T09:35:54.026Z,152.000,7,43.000,UfIL2xPYUWA3pa2i,44.000,h4OQZ7bMhp0Pbd5V,61.000,3ro8QLJh0yyykLyV,86.000,Jg+7wzPVXO3fl6hF,101.000,WYac+BcEaEqjcD+O,126.000,jwNdRfwvt/DA6PNq,152.000,Cr1IDgtoIwjHadzo,,,,,,
5,224,2026-04-05T09:35:54.178Z,137.000,7,7.000,nbm0/St8w4GUlGA4,31.000,uHgM+VdJzX93m/5O,49.000,0vdW+g6toC/h3nqI,93.000,UfIL2xPYUWA3pa2i,94.000,h4OQZ7bMhp0Pbd5V,111.000,3ro8QLJh0yyykLyV,136.000,Jg+7wzPVXO3fl6hF,,,,,,
5,225,2026-04-05T09:35:54.315Z,160.000,8,9.000,WYac+BcEaEqjcD+O,42.000,jwNdRfwvt/DA6PNq,63.000,Cr1IDgtoIwjHadzo,72.000,nbm0/St8w4GUlGA4,98.000,uHgM+VdJzX93m/5O,120.000,0vdW+g6toC/h3nqI,159.000,UfIL2xPYUWA3pa2i,163.000,h4OQZ7bMhp0Pbd5V,,,,
5,226,2026-04-05T09:35:54.475Z,164.000,8,150.000,3ro8QLJh0yyykLyV,152.000,Jg+7wzPVXO3fl6hF,154.000,WYac+BcEaEqjcD+O,157.000,jwNdRfwvt/DA6PNq,159.000,nbm0/St8w4GUlGA4,161.000,uHgM+VdJzX93m/5O,164.000,Cr1IDgtoIwjHadzo,166.000,0vdW+g6toC/h3nqI,,,,
5,227,2026-04-05T09:35:54.639Z,139.000,7,35.000,UfIL2xPYUWA3pa2i,37.000,h4OQZ7bMhp0Pbd5V,52.000,3ro8QLJh0yyykLyV,78.000,Jg+7wzPVXO3fl6hF,85.000,WYac+BcEaEqjcD+O,130.000,jwNdRfwvt/DA6PNq,139.000,Cr1IDgtoIwjHadzo,,,,,,
5,228,2026-04-05T09:35:54.778Z,140.000,7,11.000,nbm0/St8w4GUlGA4,51.000,0vdW+g6toC/h3nqI,65.000,uHgM+VdJzX93m/5O,97.000,h4OQZ7bMhp0Pbd5V,98.000,UfIL2xPYUWA3pa2i,114.000,3ro8QLJh0yyykLyV,140.000,Jg+7wzPVXO3fl6hF,,,,,,
5,229,2026-04-05T09:35:54.918Z,158.000,8,9.000,WYac+BcEaEqjcD+O,54.000,jwNdRfwvt/DA6PNq,64.000,Cr1IDgtoIwjHadzo,74.000,nbm0/St8w4GUlGA4,98.000,uHgM+VdJzX93m/5O,113.000,0vdW+g6toC/h3nqI,157.000,UfIL2xPYUWA3pa2i,159.000,h4OQZ7bMhp0Pbd5V,,,,
5,230,2026-04-05T09:35:55.076Z,141.000,7,18.000,3ro8QLJh0yyykLyV,44.000,Jg+7wzPVXO3fl6hF,59.000,WYac+BcEaEqjcD+O,96.000,jwNdRfwvt/DA6PNq,107.000,Cr1IDgtoIwjHadzo,115.000,nbm0/St8w4GUlGA4,141.000,uHgM+VdJzX93m/5O,,,,,,
5,231,2026-04-05T09:35:55.217Z,157.000,8,15.000,0vdW+g6toC/h3nqI,61.000,h4OQZ7bMhp0Pbd5V,65.000,UfIL2xPYUWA3pa2i,79.000,3ro8QLJh0yyykLyV,103.000,Jg+7wzPVXO3fl6hF,112.000,WYac+BcEaEqjcD+O,157.000,jwNdRfwvt/DA6PNq,213.000,uHgM+VdJzX93m/5O,,,,
5,232,2026-04-05T09:35:55.374Z,148.000,7,9.000,Cr1IDgtoIwjHadzo,19.000,nbm0/St8w4GUlGA4,59.000,0vdW+g6toC/h3nqI,105.000,h4OQZ7bMhp0Pbd5V,116.000,UfIL2xPYUWA3pa2i,123.000,3ro8QLJh0yyykLyV,148.000,Jg+7wzPVXO3fl6hF,,,,,,
5,233,2026-04-05T09:35:55.522Z,157.000,8,7.000,WYac+BcEaEqjcD+O,52.000,jwNdRfwvt/DA6PNq,63.000,Cr1IDgtoIwjHadzo,71.000,nbm0/St8w4GUlGA4,107.000,uHgM+VdJzX93m/5O,113.000,0vdW+g6toC/h3nqI,157.000,h4OQZ7bMhp0Pbd5V,168.000,UfIL2xPYUWA3pa2i,,,,
5,234,2026-04-05T09:35:55.679Z,152.000,7,18.000,3ro8QLJh0yyykLyV,46.000,Jg+7wzPVXO3fl6hF,54.000,WYac+BcEaEqjcD+O,98.000,jwNdRfwvt/DA6PNq,108.000,Cr1IDgtoIwjHadzo,115.000,nbm0/St8w4GUlGA4,152.000,uHgM+VdJzX93m/5O,,,,,,
5,235,2026-04-05T09:35:55.831Z,148.000,7,5.000,0vdW+g6toC/h3nqI,49.000,h4OQZ7bMhp0Pbd5V,52.000,UfIL2xPYUWA3pa2i,68.000,3ro8QLJh0yyykLyV,94.000,Jg+7wzPVXO3fl6hF,102.000,WYac+BcEaEqjcD+O,148.000,jwNdRfwvt/DA6PNq,,,,,,
5,236,2026-04-05T09:35:55.979Z,120.000,7,9.000,Cr1IDgtoIwjHadzo,16.000,nbm0/St8w4GUlGA4,53.000,uHgM+VdJzX93m/5O,58.000,0vdW+g6toC/h3nqI,103.000,UfIL2xPYUWA3pa2i,108.000,h4OQZ7bMhp0Pbd5V,120.000,3ro8QLJh0yyykLyV,,,,,,
5,237,2026-04-05T09:35:56.099Z,139.000,7,25.000,Jg+7wzPVXO3fl6hF,35.000,WYac+BcEaEqjcD+O,89.000,jwNdRfwvt/DA6PNq,90.000,Cr1IDgtoIwjHadzo,98.000,nbm0/St8w4GUlGA4,135.000,uHgM+VdJzX93m/5O,139.000,0vdW+g6toC/h3nqI,,,,,,
5,238,2026-04-05T09:35:56.238Z,152.000,7,45.000,UfIL2xPYUWA3pa2i,47.000,h4OQZ7bMhp0Pbd5V,63.000,3ro8QLJh0yyykLyV,96.000,Jg+7wzPVXO3fl6hF,99.000,WYac+BcEaEqjcD+O,142.000,jwNdRfwvt/DA6PNq,152.000,Cr1IDgtoIwjHadzo,,,,,,
5,239,2026-04-05T09:35:56.390Z,146.000,8,7.000,nbm0/St8w4GUlGA4,44.000,uHgM+VdJzX93m/5O,49.000,0vdW+g6toC/h3nqI,94.000,UfIL2xPYUWA3pa2i,96.000,h4OQZ7bMhp0Pbd5V,113.000,3ro8QLJh0yyykLyV,146.000,Jg+7wzPVXO3fl6hF,147.000,WYac+BcEaEqjcD+O,,,,
5,240,2026-04-05T09:35:56.536Z,151.000,7,46.000,jwNdRfwvt/DA6PNq,55.000,Cr1IDgtoIwjHadzo,63.000,nbm0/St8w4GUlGA4,99.000,uHgM+VdJzX93m/5O,106.000,0vdW+g6toC/h3nqI,150.000,UfIL2xPYUWA3pa2i,151.000,h4OQZ7bMhp0Pbd5V,,,,,,
5,241,2026-04-05T09:35:56.687Z,150.000,7,17.000,3ro8QLJh0yyykLyV,50.000,Jg+7wzPVXO3fl6hF,52.000,WYac+BcEaEqjcD+O,97.000,jwNdRfwvt/DA6PNq,106.000,Cr1IDgtoIwjHadzo,115.000,nbm0/St8w4GUlGA4,150.000,uHgM+VdJzX93m/5O,,,,,,
5,242,2026-04-05T09:35:56.837Z,150.000,7,7.000,0vdW+g6toC/h3nqI,49.000,h4OQZ7bMhp0Pbd5V,53.000,UfIL2xPYUWA3pa2i,71.000,3ro8QLJh0yyykLyV,102.000,Jg+7wzPVXO3fl6hF,103.000,WYac+BcEaEqjcD+O,149.000,jwNdRfwvt/DA6PNq,,,,,,
5,243,2026-04-05T09:35:56.987Z,123.000,7,7.000,Cr1IDgtoIwjHadzo,17.000,nbm0/St8w4GUlGA4,51.000,uHgM+VdJzX93m/5O,59.000,0vdW+g6toC/h3nqI,102.000,UfIL2xPYUWA3pa2i,105.000,h4OQZ7bMhp0Pbd5V,123.000,3ro8QLJh0yyykLyV,,,,,,
5,244,2026-04-05T09:35:57.110Z,157.000,7,29.000,WYac+BcEaEqjcD+O,29.000,Jg+7wzPVXO3fl6hF,76.000,jwNdRfwvt/DA6PNq,85.000,Cr1IDgtoIwjHadzo,93.000,nbm0/St8w4GUlGA4,144.000,0vdW+g6toC/h3nqI,157.000,uHgM+VdJzX93m/5O,,,,,,
5,245,2026-04-05T09:35:57.267Z,130.000,7,21.000,UfIL2xPYUWA3pa2i,25.000,h4OQZ7bMhp0Pbd5V,42.000,3ro8QLJh0yyykLyV,73.000,Jg+7wzPVXO3fl6hF,75.000,WYac+BcEaEqjcD+O,120.000,jwNdRfwvt/DA6PNq,130.000,Cr1IDgtoIwjHadzo,,,,,,
5,246,2026-04-05T09:35:57.397Z,145.000,8,8.000,nbm0/St8w4GUlGA4,52.000,0vdW+g6toC/h3nqI,69.000,uHgM+VdJzX93m/5O,94.000,UfIL2xPYUWA3pa2i,95.000,h4OQZ7bMhp0Pbd5V,114.000,3ro8QLJh0yyykLyV,145.000,Jg+7wzPVXO3fl6hF,146.000,WYac+BcEaEqjcD+O,,,,
5,247,2026-04-05T09:35:57.542Z,151.000,7,48.000,jwNdRfwvt/DA6PNq,56.000,Cr1IDgtoIwjHadzo,66.000,nbm0/St8w4GUlGA4,106.000,0vdW+g6toC/h3nqI,125.000,uHgM+VdJzX93m/5O,149.000,UfIL2xPYUWA3pa2i,151.000,h4OQZ7bMhp0Pbd5V,,,,,,
5,248,2026-04-05T09:35:57.693Z,200.000,10,21.000,3ro8QLJh0yyykLyV,49.000,WYac+BcEaEqjcD+O,51.000,Jg+7wzPVXO3fl6hF,96.000,jwNdRfwvt/DA6PNq,107.000,Cr1IDgtoIwjHadzo,176.000,uHgM+VdJzX93m/5O,200.000,UfIL2xPYUWA3pa2i,201.000,h4OQZ7bMhp0Pbd5V,248.000,nbm0/St8w4GUlGA4,332.000,0vdW+g6toC/h3nqI
5,249,2026-04-05T09:35:57.893Z,176.000,7,23.000,3ro8QLJh0yyykLyV,76.000,WYac+BcEaEqjcD+O,88.000,Jg+7wzPVXO3fl6hF,106.000,jwNdRfwvt/DA6PNq,109.000,Cr1IDgtoIwjHadzo,117.000,nbm0/St8w4GUlGA4,176.000,uHgM+VdJzX93m/5O,,,,,,
5,250,2026-04-05T09:35:58.069Z,132.000,8,25.000,UfIL2xPYUWA3pa2i,25.000,h4OQZ7bMhp0Pbd5V,45.000,3ro8QLJh0yyykLyV,76.000,Jg+7wzPVXO3fl6hF,77.000,WYac+BcEaEqjcD+O,123.000,jwNdRfwvt/DA6PNq,132.000,0vdW+g6toC/h3nqI,134.000,Cr1IDgtoIwjHadzo,,,,
5,251,2026-04-05T09:35:58.201Z,147.000,7,13.000,nbm0/St8w4GUlGA4,70.000,uHgM+VdJzX93m/5O,94.000,h4OQZ7bMhp0Pbd5V,95.000,UfIL2xPYUWA3pa2i,116.000,3ro8QLJh0yyykLyV,145.000,WYac+BcEaEqjcD+O,147.000,Jg+7wzPVXO3fl6hF,,,,,,
5,252,2026-04-05T09:35:58.348Z,169.000,8,45.000,jwNdRfwvt/DA6PNq,53.000,0vdW+g6toC/h3nqI,57.000,Cr1IDgtoIwjHadzo,65.000,nbm0/St8w4GUlGA4,127.000,uHgM+VdJzX93m/5O,148.000,UfIL2xPYUWA3pa2i,169.000,3ro8QLJh0yyykLyV,175.000,h4OQZ7bMhp0Pbd5V,,,,
5,253,2026-04-05T09:35:58.517Z,156.000,7,30.000,WYac+BcEaEqjcD+O,32.000,Jg+7wzPVXO3fl6hF,77.000,jwNdRfwvt/DA6PNq,86.000,0vdW+g6toC/h3nqI,89.000,Cr1IDgtoIwjHadzo,97.000,nbm0/St8w4GUlGA4,156.000,uHgM+VdJzX93m/5O,,,,,,
5,254,2026-04-05T09:35:58.673Z,130.000,7,24.000,UfIL2xPYUWA3pa2i,27.000,h4OQZ7bMhp0Pbd5V,45.000,3ro8QLJh0yyykLyV,75.000,WYac+BcEaEqjcD+O,76.000,Jg+7wzPVXO3fl6hF,121.000,jwNdRfwvt/DA6PNq,130.000,0vdW+g6toC/h3nqI,,,,,,
5,255,2026-04-05T09:35:58.803Z,146.000,8,3.000,Cr1IDgtoIwjHadzo,11.000,nbm0/St8w4GUlGA4,71.000,uHgM+VdJzX93m/5O,94.000,h4OQZ7bMhp0Pbd5V,96.000,UfIL2xPYUWA3pa2i,115.000,3ro8QLJh0yyykLyV,146.000,WYac+BcEaEqjcD+O,147.000,Jg+7wzPVXO3fl6hF,,,,
5,256,2026-04-05T09:35:58.949Z,153.000,7,47.000,jwNdRfwvt/DA6PNq,57.000,0vdW+g6toC/h3nqI,59.000,Cr1IDgtoIwjHadzo,66.000,nbm0/St8w4GUlGA4,126.000,uHgM+VdJzX93m/5O,151.000,h4OQZ7bMhp0Pbd5V,152.000,UfIL2xPYUWA3pa2i,,,,,,
5,257,2026-04-05T09:35:59.102Z,114.000,7,18.000,3ro8QLJh0yyykLyV,48.000,Jg+7wzPVXO3fl6hF,51.000,WYac+BcEaEqjcD+O,97.000,jwNdRfwvt/DA6PNq,103.000,0vdW+g6toC/h3nqI,107.000,Cr1IDgtoIwjHadzo,114.000,nbm0/St8w4GUlGA4,,,,,,
5,258,2026-04-05T09:35:59.216Z,184.000,7,61.000,uHgM+VdJzX93m/5O,84.000,h4OQZ7bMhp0Pbd5V,87.000,UfIL2xPYUWA3pa2i,105.000,3ro8QLJh0yyykLyV,137.000,Jg+7wzPVXO3fl6hF,138.000,WYac+BcEaEqjcD+O,184.000,jwNdRfwvt/DA6PNq,,,,,,
5,259,2026-04-05T09:35:59.400Z,121.000,7,8.000,0vdW+g6toC/h3nqI,11.000,Cr1IDgtoIwjHadzo,17.000,nbm0/St8w4GUlGA4,77.000,uHgM+VdJzX93m/5O,101.000,h4OQZ7bMhp0Pbd5V,103.000,UfIL2xPYUWA3pa2i,121.000,3ro8QLJh0yyykLyV,,,,,,
5,260,2026-04-05T09:35:59.521Z,183.000,7,33.000,WYac+BcEaEqjcD+O,35.000,Jg+7wzPVXO3fl6hF,90.000,0vdW+g6toC/h3nqI,98.000,nbm0/St8w4GUlGA4,158.000,Cr1IDgtoIwjHadzo,163.000,jwNdRfwvt/DA6PNq,183.000,UfIL2xPYUWA3pa2i,,,,,,
5,261,2026-04-05T09:35:59.704Z,384.000,7,19.000,3ro8QLJh0yyykLyV,138.000,Cr1IDgtoIwjHadzo,141.000,nbm0/St8w4GUlGA4,199.000,UfIL2xPYUWA3pa2i,376.000,Jg+7wzPVXO3fl6hF,380.000,WYac+BcEaEqjcD+O,384.000,0vdW+g6toC/h3nqI,,,,,,
5,262,2026-04-05T09:36:00.088Z,107.000,10,5.000,3ro8QLJh0yyykLyV,18.000,UfIL2xPYUWA3pa2i,57.000,nbm0/St8w4GUlGA4,91.000,0vdW+g6toC/h3nqI,102.000,Jg+7wzPVXO3fl6hF,104.000,jwNdRfwvt/DA6PNq,106.000,uHgM+VdJzX93m/5O,111.000,h4OQZ7bMhp0Pbd5V,111.000,Cr1IDgtoIwjHadzo,162.000,WYac+BcEaEqjcD+O
5,263,2026-04-05T09:36:00.195Z,109.000,9,99.000,0vdW+g6toC/h3nqI,101.000,3ro8QLJh0yyykLyV,102.000,Cr1IDgtoIwjHadzo,104.000,nbm0/St8w4GUlGA4,106.000,jwNdRfwvt/DA6PNq,107.000,uHgM+VdJzX93m/5O,109.000,Jg+7wzPVXO3fl6hF,116.000,h4OQZ7bMhp0Pbd5V,118.000,UfIL2xPYUWA3pa2i,,
5,264,2026-04-05T09:36:00.304Z,202.000,9,139.000,WYac+BcEaEqjcD+O,194.000,0vdW+g6toC/h3nqI,196.000,3ro8QLJh0yyykLyV,197.000,Cr1IDgtoIwjHadzo,199.000,nbm0/St8w4GUlGA4,200.000,uHgM+VdJzX93m/5O,202.000,jwNdRfwvt/DA6PNq,205.000,Jg+7wzPVXO3fl6hF,213.000,h4OQZ7bMhp0Pbd5V,,
5,265,2026-04-05T09:36:00.506Z,483.000,7,4.000,UfIL2xPYUWA3pa2i,192.000,Cr1IDgtoIwjHadzo,194.000,nbm0/St8w4GUlGA4,196.000,3ro8QLJh0yyykLyV,473.000,WYac+BcEaEqjcD+O,475.000,h4OQZ7bMhp0Pbd5V,483.000,uHgM+VdJzX93m/5O,,,,,,
5,266,2026-04-05T09:36:00.989Z,94.000,10,5.000,Cr1IDgtoIwjHadzo,7.000,UfIL2xPYUWA3pa2i,8.000,nbm0/St8w4GUlGA4,77.000,uHgM+VdJzX93m/5O,84.000,3ro8QLJh0yyykLyV,91.000,0vdW+g6toC/h3nqI,94.000,jwNdRfwvt/DA6PNq,96.000,h4OQZ7bMhp0Pbd5V,100.000,Jg+7wzPVXO3fl6hF,102.000,WYac+BcEaEqjcD+O
5,267,2026-04-05T09:36:01.083Z,121.000,9,110.000,uHgM+VdJzX93m/5O,111.000,jwNdRfwvt/DA6PNq,117.000,Cr1IDgtoIwjHadzo,118.000,nbm0/St8w4GUlGA4,119.000,UfIL2xPYUWA3pa2i,120.000,h4OQZ7bMhp0Pbd5V,120.000,0vdW+g6toC/h3nqI,123.000,WYac+BcEaEqjcD+O,127.000,Jg+7wzPVXO3fl6hF,,
5,268,2026-04-05T09:36:01.204Z,205.000,10,67.000,3ro8QLJh0yyykLyV,192.000,Cr1IDgtoIwjHadzo,195.000,uHgM+VdJzX93m/5O,196.000,UfIL2xPYUWA3pa2i,197.000,nbm0/St8w4GUlGA4,202.000,Jg+7wzPVXO3fl6hF,205.000,h4OQZ7bMhp0Pbd5V,205.000,0vdW+g6toC/h3nqI,207.000,WYac+BcEaEqjcD+O,210.000,jwNdRfwvt/DA6PNq
5,269,2026-04-05T09:36:01.409Z,596.000,8,62.000,3ro8QLJh0yyykLyV,192.000,nbm0/St8w4GUlGA4,193.000,UfIL2xPYUWA3pa2i,193.000,Cr1IDgtoIwjHadzo,585.000,h4OQZ7bMhp0Pbd5V,590.000,jwNdRfwvt/DA6PNq,596.000,uHgM+VdJzX93m/5O,606.000,WYac+BcEaEqjcD+O,,,,
5,270,2026-04-05T09:36:02.005Z,115.000,10,5.000,nbm0/St8w4GUlGA4,6.000,3ro8QLJh0yyykLyV,21.000,Cr1IDgtoIwjHadzo,86.000,UfIL2xPYUWA3pa2i,109.000,Jg+7wzPVXO3fl6hF,112.000,jwNdRfwvt/DA6PNq,115.000,h4OQZ7bMhp0Pbd5V,116.000,0vdW+g6toC/h3nqI,121.000,uHgM+VdJzX93m/5O,125.000,WYac+BcEaEqjcD+O
5,271,2026-04-05T09:36:02.120Z,101.000,9,95.000,0vdW+g6toC/h3nqI,97.000,uHgM+VdJzX93m/5O,98.000,Jg+7wzPVXO3fl6hF,99.000,3ro8QLJh0yyykLyV,99.000,Cr1IDgtoIwjHadzo,101.000,jwNdRfwvt/DA6PNq,101.000,h4OQZ7bMhp0Pbd5V,104.000,nbm0/St8w4GUlGA4,110.000,WYac+BcEaEqjcD+O,,
5,272,2026-04-05T09:36:02.221Z,594.000,7,61.000,UfIL2xPYUWA3pa2i,194.000,Cr1IDgtoIwjHadzo,196.000,nbm0/St8w4GUlGA4,197.000,3ro8QLJh0yyykLyV,589.000,uHgM+VdJzX93m/5O,592.000,jwNdRfwvt/DA6PNq,594.000,h4OQZ7bMhp0Pbd5V,,,,,,
5,273,2026-04-05T09:36:02.815Z,102.000,10,4.000,Cr1IDgtoIwjHadzo,5.000,UfIL2xPYUWA3pa2i,6.000,3ro8QLJh0yyykLyV,9.000,nbm0/St8w4GUlGA4,92.000,h4OQZ7bMhp0Pbd5V,97.000,jwNdRfwvt/DA6PNq,102.000,uHgM+VdJzX93m/5O,104.000,Jg+7wzPVXO3fl6hF,105.000,0vdW+g6toC/h3nqI,107.000,WYac+BcEaEqjcD+O
5,274,2026-04-05T09:36:02.917Z,109.000,10,103.000,Cr1IDgtoIwjHadzo,103.000,uHgM+VdJzX93m/5O,105.000,3ro8QLJh0yyykLyV,105.000,nbm0/St8w4GUlGA4,107.000,0vdW+g6toC/h3nqI,108.000,WYac+BcEaEqjcD+O,109.000,UfIL2xPYUWA3pa2i,112.000,jwNdRfwvt/DA6PNq,114.000,h4OQZ7bMhp0Pbd5V,115.000,Jg+7wzPVXO3fl6hF
5,275,2026-04-05T09:36:03.026Z,766.000,7,200.000,nbm0/St8w4GUlGA4,201.000,3ro8QLJh0yyykLyV,203.000,UfIL2xPYUWA3pa2i,204.000,Cr1IDgtoIwjHadzo,205.000,h4OQZ7bMhp0Pbd5V,764.000,WYac+BcEaEqjcD+O,766.000,uHgM+VdJzX93m/5O,,,,,,
5,276,2026-04-05T09:36:03.792Z,334.000,7,19.000,3ro8QLJh0yyykLyV,19.000,UfIL2xPYUWA3pa2i,20.000,Cr1IDgtoIwjHadzo,21.000,h4OQZ7bMhp0Pbd5V,325.000,0vdW+g6toC/h3nqI,328.000,nbm0/St8w4GUlGA4,333.000,uHgM+VdJzX93m/5O,,,,,,
5,277,2026-04-05T09:36:04.126Z,634.000,7,45.000,nbm0/St8w4GUlGA4,80.000,Cr1IDgtoIwjHadzo,83.000,UfIL2xPYUWA3pa2i,88.000,3ro8QLJh0yyykLyV,630.000,uHgM+VdJzX93m/5O,632.000,Jg+7wzPVXO3fl6hF,634.000,h4OQZ7bMhp0Pbd5V,,,,,,
5,278,2026-04-05T09:36:04.760Z,323.000,7,6.000,jwNdRfwvt/DA6PNq,13.000,h4OQZ7bMhp0Pbd5V,16.000,UfIL2xPYUWA3pa2i,108.000,Cr1IDgtoIwjHadzo,157.000,3ro8QLJh0yyykLyV,231.000,Jg+7wzPVXO3fl6hF,323.000,WYac+BcEaEqjcD+O,,,,,,
5,279,2026-04-05T09:36:05.083Z,861.000,7,25.000,Cr1IDgtoIwjHadzo,28.000,3ro8QLJh0yyykLyV,146.000,nbm0/St8w4GUlGA4,496.000,UfIL2xPYUWA3pa2i,852.000,uHgM+VdJzX93m/5O,854.000,Jg+7wzPVXO3fl6hF,861.000,h4OQZ7bMhp0Pbd5V,,,,,,
5,280,2026-04-05T09:36:05.944Z,768.000,7,7.000,UfIL2xPYUWA3pa2i,41.000,h4OQZ7bMhp0Pbd5V,90.000,Cr1IDgtoIwjHadzo,360.000,uHgM+VdJzX93m/5O,362.000,0vdW+g6toC/h3nqI,762.000,3ro8QLJh0yyykLyV,767.000,nbm0/St8w4GUlGA4,,,,,,
5,281,2026-04-05T09:36:06.712Z,412.000,7,115.000,Cr1IDgtoIwjHadzo,129.000,UfIL2xPYUWA3pa2i,210.000,nbm0/St8w4GUlGA4,246.000,3ro8QLJh0yyykLyV,392.000,h4OQZ7bMhp0Pbd5V,408.000,jwNdRfwvt/DA6PNq,412.000,uHgM+VdJzX93m/5O,,,,,,
5,282,2026-04-05T09:36:07.124Z,891.000,7,717.000,nbm0/St8w4GUlGA4,727.000,h4OQZ7bMhp0Pbd5V,769.000,UfIL2xPYUWA3pa2i,772.000,Cr1IDgtoIwjHadzo,838.000,jwNdRfwvt/DA6PNq,843.000,3ro8QLJh0yyykLyV,891.000,WYac+BcEaEqjcD+O,,,,,,
5,283,2026-04-05T09:36:08.015Z,1018.000,7,4.000,Cr1IDgtoIwjHadzo,5.000,UfIL2xPYUWA3pa2i,8.000,nbm0/St8w4GUlGA4,843.000,h4OQZ7bMhp0Pbd5V,953.000,jwNdRfwvt/DA6PNq,1012.000,WYac+BcEaEqjcD+O,1013.000,3ro8QLJh0yyykLyV,,,,,,
5,284,2026-04-05T09:36:09.033Z,952.000,7,5.000,nbm0/St8w4GUlGA4,106.000,Cr1IDgtoIwjHadzo,137.000,UfIL2xPYUWA3pa2i,857.000,jwNdRfwvt/DA6PNq,917.000,h4OQZ7bMhp0Pbd5V,950.000,uHgM+VdJzX93m/5O,952.000,Jg+7wzPVXO3fl6hF,,,,,,
5,285,2026-04-05T09:36:09.985Z,939.000,9,117.000,nbm0/St8w4GUlGA4,768.000,UfIL2xPYUWA3pa2i,770.000,Cr1IDgtoIwjHadzo,866.000,uHgM+VdJzX93m/5O,879.000,Jg+7wzPVXO3fl6hF,881.000,jwNdRfwvt/DA6PNq,939.000,WYac+BcEaEqjcD+O,941.000,0vdW+g6toC/h3nqI,945.000,3ro8QLJh0yyykLyV,,
5,286,2026-04-05T09:36:10.924Z,1044.000,8,882.000,nbm0/St8w4GUlGA4,1042.000,UfIL2xPYUWA3pa2i,1042.000,jwNdRfwvt/DA6PNq,1043.000,Cr1IDgtoIwjHadzo,1043.000,uHgM+VdJzX93m/5O,1044.000,Jg+7wzPVXO3fl6hF,1044.000,WYac+BcEaEqjcD+O,1045.000,0vdW+g6toC/h3nqI,,,,
5,287,2026-04-05T09:36:11.968Z,1000.000,7,513.000,UfIL2xPYUWA3pa2i,732.000,nbm0/St8w4GUlGA4,775.000,Cr1IDgtoIwjHadzo,963.000,uHgM+VdJzX93m/5O,982.000,jwNdRfwvt/DA6PNq,989.000,Jg+7wzPVXO3fl6hF,1000.000,0vdW+g6toC/h3nqI,,,,,,
5,288,2026-04-05T09:36:12.968Z,1026.000,7,450.000,3ro8QLJh0yyykLyV,928.000,Cr1IDgtoIwjHadzo,929.000,nbm0/St8w4GUlGA4,952.000,UfIL2xPYUWA3pa2i,1016.000,Jg+7wzPVXO3fl6hF,1023.000,uHgM+VdJzX93m/5O,1026.000,jwNdRfwvt/DA6PNq,,,,,,
5,289,2026-04-05T09:36:13.994Z,1596.000,8,863.000,nbm0/St8w4GUlGA4,920.000,Cr1IDgtoIwjHadzo,932.000,UfIL2xPYUWA3pa2i,1349.000,Jg+7wzPVXO3fl6hF,1389.000,0vdW+g6toC/h3nqI,1413.000,WYac+BcEaEqjcD+O,1596.000,h4OQZ7bMhp0Pbd5V,1634.000,jwNdRfwvt/DA6PNq,,,,
5,290,2026-04-05T09:36:15.590Z,1519.000,7,680.000,WYac+BcEaEqjcD+O,1061.000,0vdW+g6toC/h3nqI,1231.000,jwNdRfwvt/DA6PNq,1260.000,3ro8QLJh0yyykLyV,1333.000,h4OQZ7bMhp0Pbd5V,1485.000,uHgM+VdJzX93m/5O,1518.000,nbm0/St8w4GUlGA4,,,,,,
5,291,2026-04-05T09:36:17.109Z,1911.000,7,829.000,nbm0/St8w4GUlGA4,1027.000,h4OQZ7bMhp0Pbd5V,1077.000,UfIL2xPYUWA3pa2i,1439.000,Jg+7wzPVXO3fl6hF,1835.000,Cr1IDgtoIwjHadzo,1850.000,0vdW+g6toC/h3nqI,1910.000,jwNdRfwvt/DA6PNq,,,,,,
5,292,2026-04-05T09:36:19.020Z,2660.000,7,1730.000,h4OQZ7bMhp0Pbd5V,1812.000,3ro8QLJh0yyykLyV,1944.000,Cr1IDgtoIwjHadzo,2561.000,Jg+7wzPVXO3fl6hF,2613.000,0vdW+g6toC/h3nqI,2641.000,jwNdRfwvt/DA6PNq,2660.000,uHgM+VdJzX93m/5O,,,,,,
5,293,2026-04-05T09:36:21.680Z,2765.000,7,2437.000,3ro8QLJh0yyykLyV,2445.000,Jg+7wzPVXO3fl6hF,2483.000,UfIL2xPYUWA3pa2i,2493.000,h4OQZ7bMhp0Pbd5V,2496.000,nbm0/St8w4GUlGA4,2759.000,jwNdRfwvt/DA6PNq,2765.000,WYac+BcEaEqjcD+O,,,,,,
5,294,2026-04-05T09:36:24.445Z,3415.000,7,3008.000,jwNdRfwvt/DA6PNq,3012.000,Jg+7wzPVXO3fl6hF,3035.000,3ro8QLJh0yyykLyV,3100.000,Cr1IDgtoIwjHadzo,3106.000,UfIL2xPYUWA3pa2i,3409.000,h4OQZ7bMhp0Pbd5V,3415.000,nbm0/St8w4GUlGA4,,,,,,
5,295,2026-04-05T09:36:27.860Z,3902.000,7,3097.000,UfIL2xPYUWA3pa2i,3122.000,h4OQZ7bMhp0Pbd5V,3218.000,nbm0/St8w4GUlGA4,3686.000,jwNdRfwvt/DA6PNq,3782.000,uHgM+VdJzX93m/5O,3798.000,3ro8QLJh0yyykLyV,3902.000,Cr1IDgtoIwjHadzo,,,,,,
5,296,2026-04-05T09:36:31.762Z,5226.000,7,3604.000,nbm0/St8w4GUlGA4,4301.000,jwNdRfwvt/DA6PNq,4388.000,3ro8QLJh0yyykLyV,4447.000,uHgM+VdJzX93m/5O,4535.000,UfIL2xPYUWA3pa2i,4585.000,h4OQZ7bMhp0Pbd5V,5226.000,Jg+7wzPVXO3fl6hF,,,,,,
5,297,2026-04-05T09:36:36.988Z,5806.000,7,5480.000,0vdW+g6toC/h3nqI,5505.000,jwNdRfwvt/DA6PNq,5510.000,Cr1IDgtoIwjHadzo,5568.000,UfIL2xPYUWA3pa2i,5582.000,nbm0/St8w4GUlGA4,5804.000,3ro8QLJh0yyykLyV,5806.000,h4OQZ7bMhp0Pbd5V,,,,,,
5,298,2026-04-05T09:36:42.794Z,6958.000,7,5546.000,UfIL2xPYUWA3pa2i,6359.000,nbm0/St8w4GUlGA4,6620.000,jwNdRfwvt/DA6PNq,6681.000,h4OQZ7bMhp0Pbd5V,6751.000,3ro8QLJh0yyykLyV,6910.000,WYac+BcEaEqjcD+O,6957.000,0vdW+g6toC/h3nqI,,,,,,
5,299,2026-04-05T09:36:49.752Z,8217.000,7,7178.000,WYac+BcEaEqjcD+O,7874.000,0vdW+g6toC/h3nqI,7932.000,Cr1IDgtoIwjHadzo,7961.000,UfIL2xPYUWA3pa2i,8041.000,3ro8QLJh0yyykLyV,8049.000,nbm0/St8w4GUlGA4,8217.000,uHgM+VdJzX93m/5O,,,,,,
5,300,2026-04-05T09:36:57.969Z,8162.000,7,8109.000,nbm0/St8w4GUlGA4,8123.000,0vdW+g6toC/h3nqI,8132.000,WYac+BcEaEqjcD+O,8141.000,uHgM+VdJzX93m/5O,8152.000,h4OQZ7bMhp0Pbd5V,8161.000,UfIL2xPYUWA3pa2i,8162.000,3ro8QLJh0yyykLyV,,,,,,
5,301,2026-04-05T09:37:06.131Z,8524.000,7,7317.000,Cr1IDgtoIwjHadzo,8405.000,WYac+BcEaEqjcD+O,8419.000,jwNdRfwvt/DA6PNq,8446.000,uHgM+VdJzX93m/5O,8447.000,Jg+7wzPVXO3fl6hF,8512.000,3ro8QLJh0yyykLyV,8524.000,UfIL2xPYUWA3pa2i,,,,,,
5,302,2026-04-05T09:37:14.655Z,7764.000,7,6836.000,Cr1IDgtoIwjHadzo,6855.000,Jg+7wzPVXO3fl6hF,6913.000,UfIL2xPYUWA3pa2i,7505.000,uHgM+VdJzX93m/5O,7717.000,WYac+BcEaEqjcD+O,7742.000,jwNdRfwvt/DA6PNq,7764.000,h4OQZ7bMhp0Pbd5V,,,,,,
5,303,2026-04-05T09:37:22.419Z,8155.000,7,7112.000,Cr1IDgtoIwjHadzo,7128.000,UfIL2xPYUWA3pa2i,7398.000,uHgM+VdJzX93m/5O,7474.000,WYac+BcEaEqjcD+O,7552.000,nbm0/St8w4GUlGA4,7599.000,jwNdRfwvt/DA6PNq,8155.000,3ro8QLJh0yyykLyV,,,,,,
5,304,2026-04-05T09:37:30.574Z,,0,,,,,,,,,,,,,,,,,,,,
6,1,2026-04-05T09:35:11.730Z,3886.000,7,198.000,nbm0/St8w4GUlGA4,438.000,jwNdRfwvt/DA6PNq,1629.000,Cr1IDgtoIwjHadzo,1923.000,UfIL2xPYUWA3pa2i,3208.000,uHgM+VdJzX93m/5O,3885.000,0vdW+g6toC/h3nqI,3886.000,3ro8QLJh0yyykLyV,,,,,,
6,2,2026-04-05T09:35:15.616Z,9.000,7,3.000,3ro8QLJh0yyykLyV,3.000,uHgM+VdJzX93m/5O,4.000,jwNdRfwvt/DA6PNq,5.000,UfIL2xPYUWA3pa2i,6.000,Cr1IDgtoIwjHadzo,6.000,nbm0/St8w4GUlGA4,9.000,0vdW+g6toC/h3nqI,,,,,,
6,3,2026-04-05T09:35:15.625Z,207.000,7,197.000,jwNdRfwvt/DA6PNq,198.000,uHgM+VdJzX93m/5O,198.000,UfIL2xPYUWA3pa2i,199.000,3ro8QLJh0yyykLyV,199.000,Cr1IDgtoIwjHadzo,200.000,nbm0/St8w4GUlGA4,207.000,0vdW+g6toC/h3nqI,,,,,,
6,4,2026-04-05T09:35:15.832Z,201.000,7,192.000,3ro8QLJh0yyykLyV,194.000,nbm0/St8w4GUlGA4,195.000,jwNdRfwvt/DA6PNq,196.000,Cr1IDgtoIwjHadzo,198.000,UfIL2xPYUWA3pa2i,199.000,uHgM+VdJzX93m/5O,201.000,0vdW+g6toC/h3nqI,,,,,,
6,5,2026-04-05T09:35:16.033Z,202.000,7,191.000,3ro8QLJh0yyykLyV,194.000,jwNdRfwvt/DA6PNq,196.000,nbm0/St8w4GUlGA4,197.000,UfIL2xPYUWA3pa2i,199.000,Cr1IDgtoIwjHadzo,200.000,uHgM+VdJzX93m/5O,202.000,0vdW+g6toC/h3nqI,,,,,,
6,6,2026-04-05T09:35:16.235Z,201.000,8,192.000,Cr1IDgtoIwjHadzo,194.000,jwNdRfwvt/DA6PNq,195.000,3ro8QLJh0yyykLyV,196.000,nbm0/St8w4GUlGA4,198.000,UfIL2xPYUWA3pa2i,199.000,uHgM+VdJzX93m/5O,201.000,0vdW+g6toC/h3nqI,337.000,h4OQZ7bMhp0Pbd5V,,,,
6,7,2026-04-05T09:35:16.436Z,201.000,8,192.000,jwNdRfwvt/DA6PNq,194.000,nbm0/St8w4GUlGA4,195.000,UfIL2xPYUWA3pa2i,196.000,Cr1IDgtoIwjHadzo,198.000,3ro8QLJh0yyykLyV,199.000,uHgM+VdJzX93m/5O,200.000,h4OQZ7bMhp0Pbd5V,202.000,0vdW+g6toC/h3nqI,,,,
6,8,2026-04-05T09:35:16.637Z,200.000,8,192.000,Cr1IDgtoIwjHadzo,193.000,UfIL2xPYUWA3pa2i,195.000,nbm0/St8w4GUlGA4,196.000,3ro8QLJh0yyykLyV,198.000,jwNdRfwvt/DA6PNq,198.000,uHgM+VdJzX93m/5O,200.000,0vdW+g6toC/h3nqI,202.000,h4OQZ7bMhp0Pbd5V,,,,
6,9,2026-04-05T09:35:16.837Z,204.000,9,193.000,3ro8QLJh0yyykLyV,194.000,uHgM+VdJzX93m/5O,195.000,UfIL2xPYUWA3pa2i,196.000,nbm0/St8w4GUlGA4,198.000,Cr1IDgtoIwjHadzo,199.000,jwNdRfwvt/DA6PNq,203.000,0vdW+g6toC/h3nqI,205.000,h4OQZ7bMhp0Pbd5V,242.000,WYac+BcEaEqjcD+O,,
6,10,2026-04-05T09:35:17.041Z,200.000,9,190.000,uHgM+VdJzX93m/5O,191.000,3ro8QLJh0yyykLyV,194.000,UfIL2xPYUWA3pa2i,195.000,WYac+BcEaEqjcD+O,196.000,jwNdRfwvt/DA6PNq,198.000,nbm0/St8w4GUlGA4,200.000,Cr1IDgtoIwjHadzo,201.000,h4OQZ7bMhp0Pbd5V,202.000,0vdW+g6toC/h3nqI,,
6,11,2026-04-05T09:35:17.241Z,200.000,9,190.000,3ro8QLJh0yyykLyV,193.000,uHgM+VdJzX93m/5O,194.000,UfIL2xPYUWA3pa2i,196.000,WYac+BcEaEqjcD+O,197.000,jwNdRfwvt/DA6PNq,198.000,nbm0/St8w4GUlGA4,200.000,Cr1IDgtoIwjHadzo,202.000,0vdW+g6toC/h3nqI,204.000,h4OQZ7bMhp0Pbd5V,,
6,12,2026-04-05T09:35:17.441Z,201.000,9,189.000,3ro8QLJh0yyykLyV,189.000,uHgM+VdJzX93m/5O,195.000,nbm0/St8w4GUlGA4,197.000,UfIL2xPYUWA3pa2i,198.000,WYac+BcEaEqjcD+O,200.000,jwNdRfwvt/DA6PNq,201.000,Cr1IDgtoIwjHadzo,202.000,h4OQZ7bMhp0Pbd5V,204.000,0vdW+g6toC/h3nqI,,
6,13,2026-04-05T09:35:17.642Z,198.000,9,190.000,uHgM+VdJzX93m/5O,190.000,3ro8QLJh0yyykLyV,193.000,jwNdRfwvt/DA6PNq,193.000,nbm0/St8w4GUlGA4,196.000,WYac+BcEaEqjcD+O,197.000,UfIL2xPYUWA3pa2i,198.000,Cr1IDgtoIwjHadzo,203.000,0vdW+g6toC/h3nqI,204.000,h4OQZ7bMhp0Pbd5V,,
6,14,2026-04-05T09:35:17.840Z,203.000,9,192.000,uHgM+VdJzX93m/5O,194.000,3ro8QLJh0yyykLyV,196.000,jwNdRfwvt/DA6PNq,200.000,WYac+BcEaEqjcD+O,201.000,nbm0/St8w4GUlGA4,202.000,UfIL2xPYUWA3pa2i,203.000,Cr1IDgtoIwjHadzo,203.000,0vdW+g6toC/h3nqI,206.000,h4OQZ7bMhp0Pbd5V,,
6,15,2026-04-05T09:35:18.043Z,198.000,9,192.000,uHgM+VdJzX93m/5O,193.000,3ro8QLJh0yyykLyV,194.000,nbm0/St8w4GUlGA4,195.000,jwNdRfwvt/DA6PNq,196.000,WYac+BcEaEqjcD+O,197.000,UfIL2xPYUWA3pa2i,198.000,Cr1IDgtoIwjHadzo,200.000,0vdW+g6toC/h3nqI,206.000,h4OQZ7bMhp0Pbd5V,,
6,16,2026-04-05T09:35:18.241Z,203.000,10,194.000,uHgM+VdJzX93m/5O,195.000,Cr1IDgtoIwjHadzo,196.000,3ro8QLJh0yyykLyV,198.000,jwNdRfwvt/DA6PNq,200.000,0vdW+g6toC/h3nqI,201.000,UfIL2xPYUWA3pa2i,203.000,WYac+BcEaEqjcD+O,204.000,nbm0/St8w4GUlGA4,209.000,h4OQZ7bMhp0Pbd5V,357.000,Jg+7wzPVXO3fl6hF
6,17,2026-04-05T09:35:18.444Z,202.000,10,190.000,uHgM+VdJzX93m/5O,195.000,WYac+BcEaEqjcD+O,197.000,jwNdRfwvt/DA6PNq,198.000,nbm0/St8w4GUlGA4,199.000,3ro8QLJh0yyykLyV,200.000,UfIL2xPYUWA3pa2i,202.000,Cr1IDgtoIwjHadzo,203.000,0vdW+g6toC/h3nqI,209.000,h4OQZ7bMhp0Pbd5V,311.000,Jg+7wzPVXO3fl6hF
6,18,2026-04-05T09:35:18.646Z,202.000,10,190.000,uHgM+VdJzX93m/5O,195.000,WYac+BcEaEqjcD+O,197.000,Cr1IDgtoIwjHadzo,198.000,3ro8QLJh0yyykLyV,200.000,nbm0/St8w4GUlGA4,201.000,UfIL2xPYUWA3pa2i,202.000,0vdW+g6toC/h3nqI,203.000,jwNdRfwvt/DA6PNq,207.000,h4OQZ7bMhp0Pbd5V,311.000,Jg+7wzPVXO3fl6hF
6,19,2026-04-05T09:35:18.848Z,201.000,10,192.000,uHgM+VdJzX93m/5O,194.000,WYac+BcEaEqjcD+O,196.000,UfIL2xPYUWA3pa2i,197.000,Cr1IDgtoIwjHadzo,198.000,3ro8QLJh0yyykLyV,200.000,jwNdRfwvt/DA6PNq,201.000,nbm0/St8w4GUlGA4,203.000,0vdW+g6toC/h3nqI,207.000,h4OQZ7bMhp0Pbd5V,310.000,Jg+7wzPVXO3fl6hF
6,20,2026-04-05T09:35:19.049Z,200.000,10,192.000,uHgM+VdJzX93m/5O,194.000,3ro8QLJh0yyykLyV,195.000,WYac+BcEaEqjcD+O,197.000,UfIL2xPYUWA3pa2i,198.000,nbm0/St8w4GUlGA4,199.000,Cr1IDgtoIwjHadzo,200.000,jwNdRfwvt/DA6PNq,202.000,0vdW+g6toC/h3nqI,207.000,h4OQZ7bMhp0Pbd5V,311.000,Jg+7wzPVXO3fl6hF
6,21,2026-04-05T09:35:19.249Z,203.000,10,193.000,uHgM+VdJzX93m/5O,195.000,WYac+BcEaEqjcD+O,197.000,nbm0/St8w4GUlGA4,198.000,UfIL2xPYUWA3pa2i,200.000,3ro8QLJh0yyykLyV,201.000,jwNdRfwvt/DA6PNq,203.000,Cr1IDgtoIwjHadzo,204.000,0vdW+g6toC/h3nqI,208.000,h4OQZ7bMhp0Pbd5V,312.000,Jg+7wzPVXO3fl6hF
6,22,2026-04-05T09:35:19.452Z,201.000,10,192.000,uHgM+VdJzX93m/5O,193.000,WYac+BcEaEqjcD+O,195.000,UfIL2xPYUWA3pa2i,197.000,jwNdRfwvt/DA6PNq,198.000,3ro8QLJh0yyykLyV,199.000,Cr1IDgtoIwjHadzo,201.000,nbm0/St8w4GUlGA4,202.000,0vdW+g6toC/h3nqI,206.000,h4OQZ7bMhp0Pbd5V,310.000,Jg+7wzPVXO3fl6hF
6,23,2026-04-05T09:35:19.653Z,201.000,10,192.000,uHgM+VdJzX93m/5O,194.000,3ro8QLJh0yyykLyV,195.000,UfIL2xPYUWA3pa2i,197.000,WYac+BcEaEqjcD+O,198.000,nbm0/St8w4GUlGA4,199.000,jwNdRfwvt/DA6PNq,201.000,Cr1IDgtoIwjHadzo,202.000,0vdW+g6toC/h3nqI,205.000,h4OQZ7bMhp0Pbd5V,310.000,Jg+7wzPVXO3fl6hF
6,24,2026-04-05T09:35:19.854Z,202.000,9,191.000,UfIL2xPYUWA3pa2i,194.000,jwNdRfwvt/DA6PNq,195.000,uHgM+VdJzX93m/5O,197.000,3ro8QLJh0yyykLyV,199.000,nbm0/St8w4GUlGA4,200.000,WYac+BcEaEqjcD+O,202.000,Cr1IDgtoIwjHadzo,203.000,h4OQZ7bMhp0Pbd5V,204.000,0vdW+g6toC/h3nqI,,
6,25,2026-04-05T09:35:20.056Z,199.000,10,108.000,Jg+7wzPVXO3fl6hF,190.000,uHgM+VdJzX93m/5O,193.000,UfIL2xPYUWA3pa2i,194.000,jwNdRfwvt/DA6PNq,196.000,nbm0/St8w4GUlGA4,197.000,3ro8QLJh0yyykLyV,199.000,WYac+BcEaEqjcD+O,200.000,Cr1IDgtoIwjHadzo,202.000,0vdW+g6toC/h3nqI,204.000,h4OQZ7bMhp0Pbd5V
6,26,2026-04-05T09:35:20.255Z,201.000,10,111.000,Jg+7wzPVXO3fl6hF,192.000,UfIL2xPYUWA3pa2i,194.000,uHgM+VdJzX93m/5O,196.000,jwNdRfwvt/DA6PNq,198.000,3ro8QLJh0yyykLyV,199.000,Cr1IDgtoIwjHadzo,201.000,nbm0/St8w4GUlGA4,202.000,WYac+BcEaEqjcD+O,203.000,0vdW+g6toC/h3nqI,206.000,h4OQZ7bMhp0Pbd5V
6,27,2026-04-05T09:35:20.456Z,200.000,10,112.000,Jg+7wzPVXO3fl6hF,193.000,uHgM+VdJzX93m/5O,195.000,jwNdRfwvt/DA6PNq,196.000,3ro8QLJh0yyykLyV,197.000,UfIL2xPYUWA3pa2i,198.000,Cr1IDgtoIwjHadzo,200.000,nbm0/St8w4GUlGA4,202.000,WYac+BcEaEqjcD+O,203.000,0vdW+g6toC/h3nqI,206.000,h4OQZ7bMhp0Pbd5V
6,28,2026-04-05T09:35:20.656Z,202.000,10,113.000,Jg+7wzPVXO3fl6hF,195.000,UfIL2xPYUWA3pa2i,196.000,uHgM+VdJzX93m/5O,198.000,3ro8QLJh0yyykLyV,199.000,jwNdRfwvt/DA6PNq,201.000,nbm0/St8w4GUlGA4,202.000,WYac+BcEaEqjcD+O,204.000,Cr1IDgtoIwjHadzo,205.000,0vdW+g6toC/h3nqI,207.000,h4OQZ7bMhp0Pbd5V
6,29,2026-04-05T09:35:20.858Z,201.000,10,112.000,Jg+7wzPVXO3fl6hF,194.000,uHgM+VdJzX93m/5O,196.000,WYac+BcEaEqjcD+O,197.000,3ro8QLJh0yyykLyV,198.000,UfIL2xPYUWA3pa2i,200.000,jwNdRfwvt/DA6PNq,201.000,nbm0/St8w4GUlGA4,202.000,Cr1IDgtoIwjHadzo,205.000,0vdW+g6toC/h3nqI,206.000,h4OQZ7bMhp0Pbd5V
6,30,2026-04-05T09:35:21.059Z,202.000,10,112.000,Jg+7wzPVXO3fl6hF,194.000,uHgM+VdJzX93m/5O,196.000,jwNdRfwvt/DA6PNq,197.000,3ro8QLJh0yyykLyV,199.000,WYac+BcEaEqjcD+O,200.000,nbm0/St8w4GUlGA4,202.000,Cr1IDgtoIwjHadzo,203.000,UfIL2xPYUWA3pa2i,205.000,0vdW+g6toC/h3nqI,207.000,h4OQZ7bMhp0Pbd5V
6,31,2026-04-05T09:35:21.261Z,199.000,10,111.000,Jg+7wzPVXO3fl6hF,191.000,uHgM+VdJzX93m/5O,194.000,jwNdRfwvt/DA6PNq,195.000,nbm0/St8w4GUlGA4,197.000,WYac+BcEaEqjcD+O,198.000,Cr1IDgtoIwjHadzo,199.000,3ro8QLJh0yyykLyV,201.000,UfIL2xPYUWA3pa2i,203.000,0vdW+g6toC/h3nqI,204.000,h4OQZ7bMhp0Pbd5V
6,32,2026-04-05T09:35:21.460Z,203.000,10,129.000,Jg+7wzPVXO3fl6hF,195.000,nbm0/St8w4GUlGA4,197.000,UfIL2xPYUWA3pa2i,197.000,uHgM+VdJzX93m/5O,199.000,3ro8QLJh0yyykLyV,202.000,0vdW+g6toC/h3nqI,203.000,jwNdRfwvt/DA6PNq,204.000,Cr1IDgtoIwjHadzo,205.000,WYac+BcEaEqjcD+O,207.000,h4OQZ7bMhp0Pbd5V
6,33,2026-04-05T09:35:21.663Z,200.000,10,112.000,Jg+7wzPVXO3fl6hF,192.000,uHgM+VdJzX93m/5O,194.000,UfIL2xPYUWA3pa2i,196.000,jwNdRfwvt/DA6PNq,197.000,nbm0/St8w4GUlGA4,198.000,3ro8QLJh0yyykLyV,199.000,WYac+BcEaEqjcD+O,201.000,Cr1IDgtoIwjHadzo,202.000,0vdW+g6toC/h3nqI,205.000,h4OQZ7bMhp0Pbd5V
6,34,2026-04-05T09:35:21.863Z,202.000,10,112.000,Jg+7wzPVXO3fl6hF,193.000,3ro8QLJh0yyykLyV,195.000,uHgM+VdJzX93m/5O,196.000,UfIL2xPYUWA3pa2i,198.000,jwNdRfwvt/DA6PNq,199.000,WYac+BcEaEqjcD+O,202.000,Cr1IDgtoIwjHadzo,203.000,nbm0/St8w4GUlGA4,204.000,0vdW+g6toC/h3nqI,206.000,h4OQZ7bMhp0Pbd5V
6,35,2026-04-05T09:35:22.065Z,200.000,10,112.000,Jg+7wzPVXO3fl6hF,193.000,3ro8QLJh0yyykLyV,194.000,uHgM+VdJzX93m/5O,196.000,nbm0/St8w4GUlGA4,198.000,UfIL2xPYUWA3pa2i,199.000,Cr1IDgtoIwjHadzo,200.000,WYac+BcEaEqjcD+O,201.000,0vdW+g6toC/h3nqI,203.000,jwNdRfwvt/DA6PNq,206.000,h4OQZ7bMhp0Pbd5V
6,36,2026-04-05T09:35:22.265Z,201.000,10,113.000,Jg+7wzPVXO3fl6hF,193.000,uHgM+VdJzX93m/5O,195.000,nbm0/St8w4GUlGA4,196.000,jwNdRfwvt/DA6PNq,198.000,3ro8QLJh0yyykLyV,199.000,UfIL2xPYUWA3pa2i,201.000,Cr1IDgtoIwjHadzo,202.000,WYac+BcEaEqjcD+O,204.000,0vdW+g6toC/h3nqI,207.000,h4OQZ7bMhp0Pbd5V
6,37,2026-04-05T09:35:22.466Z,202.000,10,113.000,Jg+7wzPVXO3fl6hF,193.000,uHgM+VdJzX93m/5O,196.000,nbm0/St8w4GUlGA4,197.000,WYac+BcEaEqjcD+O,199.000,jwNdRfwvt/DA6PNq,200.000,3ro8QLJh0yyykLyV,201.000,UfIL2xPYUWA3pa2i,203.000,Cr1IDgtoIwjHadzo,205.000,0vdW+g6toC/h3nqI,207.000,h4OQZ7bMhp0Pbd5V
6,38,2026-04-05T09:35:22.668Z,201.000,10,112.000,Jg+7wzPVXO3fl6hF,192.000,uHgM+VdJzX93m/5O,195.000,jwNdRfwvt/DA6PNq,196.000,nbm0/St8w4GUlGA4,198.000,Cr1IDgtoIwjHadzo,199.000,UfIL2xPYUWA3pa2i,200.000,WYac+BcEaEqjcD+O,202.000,3ro8QLJh0yyykLyV,203.000,0vdW+g6toC/h3nqI,206.000,h4OQZ7bMhp0Pbd5V
6,39,2026-04-05T09:35:22.869Z,201.000,10,113.000,Jg+7wzPVXO3fl6hF,192.000,uHgM+VdJzX93m/5O,195.000,jwNdRfwvt/DA6PNq,197.000,3ro8QLJh0yyykLyV,198.000,nbm0/St8w4GUlGA4,200.000,WYac+BcEaEqjcD+O,201.000,UfIL2xPYUWA3pa2i,202.000,Cr1IDgtoIwjHadzo,204.000,0vdW+g6toC/h3nqI,206.000,h4OQZ7bMhp0Pbd5V
6,40,2026-04-05T09:35:23.070Z,201.000,10,113.000,Jg+7wzPVXO3fl6hF,192.000,uHgM+VdJzX93m/5O,195.000,nbm0/St8w4GUlGA4,196.000,jwNdRfwvt/DA6PNq,198.000,UfIL2xPYUWA3pa2i,199.000,Cr1IDgtoIwjHadzo,201.000,WYac+BcEaEqjcD+O,202.000,3ro8QLJh0yyykLyV,203.000,0vdW+g6toC/h3nqI,205.000,h4OQZ7bMhp0Pbd5V
6,41,2026-04-05T09:35:23.271Z,201.000,10,113.000,Jg+7wzPVXO3fl6hF,191.000,nbm0/St8w4GUlGA4,194.000,uHgM+VdJzX93m/5O,197.000,WYac+BcEaEqjcD+O,198.000,UfIL2xPYUWA3pa2i,200.000,Cr1IDgtoIwjHadzo,201.000,jwNdRfwvt/DA6PNq,202.000,3ro8QLJh0yyykLyV,204.000,0vdW+g6toC/h3nqI,207.000,h4OQZ7bMhp0Pbd5V
6,42,2026-04-05T09:35:23.472Z,202.000,10,112.000,Jg+7wzPVXO3fl6hF,192.000,nbm0/St8w4GUlGA4,194.000,jwNdRfwvt/DA6PNq,196.000,uHgM+VdJzX93m/5O,198.000,Cr1IDgtoIwjHadzo,200.000,WYac+BcEaEqjcD+O,201.000,3ro8QLJh0yyykLyV,203.000,UfIL2xPYUWA3pa2i,204.000,0vdW+g6toC/h3nqI,205.000,h4OQZ7bMhp0Pbd5V
6,43,2026-04-05T09:35:23.674Z,199.000,10,111.000,Jg+7wzPVXO3fl6hF,190.000,uHgM+VdJzX93m/5O,192.000,nbm0/St8w4GUlGA4,195.000,jwNdRfwvt/DA6PNq,196.000,UfIL2xPYUWA3pa2i,197.000,WYac+BcEaEqjcD+O,199.000,Cr1IDgtoIwjHadzo,201.000,0vdW+g6toC/h3nqI,202.000,3ro8QLJh0yyykLyV,205.000,h4OQZ7bMhp0Pbd5V
6,44,2026-04-05T09:35:23.873Z,201.000,10,114.000,Jg+7wzPVXO3fl6hF,194.000,uHgM+VdJzX93m/5O,195.000,nbm0/St8w4GUlGA4,197.000,3ro8QLJh0yyykLyV,198.000,Cr1IDgtoIwjHadzo,200.000,jwNdRfwvt/DA6PNq,201.000,WYac+BcEaEqjcD+O,202.000,UfIL2xPYUWA3pa2i,204.000,0vdW+g6toC/h3nqI,206.000,h4OQZ7bMhp0Pbd5V
6,45,2026-04-05T09:35:24.074Z,201.000,10,114.000,Jg+7wzPVXO3fl6hF,193.000,uHgM+VdJzX93m/5O,195.000,jwNdRfwvt/DA6PNq,197.000,nbm0/St8w4GUlGA4,198.000,Cr1IDgtoIwjHadzo,199.000,UfIL2xPYUWA3pa2i,200.000,3ro8QLJh0yyykLyV,202.000,WYac+BcEaEqjcD+O,204.000,0vdW+g6toC/h3nqI,207.000,h4OQZ7bMhp0Pbd5V
6,46,2026-04-05T09:35:24.275Z,203.000,10,114.000,Jg+7wzPVXO3fl6hF,195.000,uHgM+VdJzX93m/5O,197.000,nbm0/St8w4GUlGA4,198.000,Cr1IDgtoIwjHadzo,200.000,UfIL2xPYUWA3pa2i,202.000,jwNdRfwvt/DA6PNq,203.000,WYac+BcEaEqjcD+O,204.000,3ro8QLJh0yyykLyV,206.000,0vdW+g6toC/h3nqI,207.000,h4OQZ7bMhp0Pbd5V
6,47,2026-04-05T09:35:24.478Z,201.000,10,112.000,Jg+7wzPVXO3fl6hF,192.000,Cr1IDgtoIwjHadzo,194.000,uHgM+VdJzX93m/5O,195.000,WYac+BcEaEqjcD+O,198.000,jwNdRfwvt/DA6PNq,199.000,nbm0/St8w4GUlGA4,201.000,UfIL2xPYUWA3pa2i,202.000,3ro8QLJh0yyykLyV,203.000,0vdW+g6toC/h3nqI,205.000,h4OQZ7bMhp0Pbd5V
6,48,2026-04-05T09:35:24.679Z,200.000,10,113.000,Jg+7wzPVXO3fl6hF,191.000,Cr1IDgtoIwjHadzo,194.000,uHgM+VdJzX93m/5O,197.000,3ro8QLJh0yyykLyV,198.000,nbm0/St8w4GUlGA4,199.000,WYac+BcEaEqjcD+O,200.000,jwNdRfwvt/DA6PNq,201.000,UfIL2xPYUWA3pa2i,203.000,0vdW+g6toC/h3nqI,205.000,h4OQZ7bMhp0Pbd5V
6,49,2026-04-05T09:35:24.879Z,201.000,10,115.000,Jg+7wzPVXO3fl6hF,194.000,Cr1IDgtoIwjHadzo,195.000,uHgM+VdJzX93m/5O,197.000,3ro8QLJh0yyykLyV,198.000,UfIL2xPYUWA3pa2i,200.000,jwNdRfwvt/DA6PNq,201.000,WYac+BcEaEqjcD+O,203.000,nbm0/St8w4GUlGA4,204.000,0vdW+g6toC/h3nqI,206.000,h4OQZ7bMhp0Pbd5V
6,50,2026-04-05T09:35:25.080Z,201.000,10,115.000,Jg+7wzPVXO3fl6hF,193.000,uHgM+VdJzX93m/5O,195.000,Cr1IDgtoIwjHadzo,197.000,UfIL2xPYUWA3pa2i,198.000,nbm0/St8w4GUlGA4,199.000,3ro8QLJh0yyykLyV,200.000,jwNdRfwvt/DA6PNq,202.000,WYac+BcEaEqjcD+O,204.000,0vdW+g6toC/h3nqI,206.000,h4OQZ7bMhp0Pbd5V
6,51,2026-04-05T09:35:25.281Z,202.000,10,115.000,Jg+7wzPVXO3fl6hF,194.000,uHgM+VdJzX93m/5O,196.000,3ro8QLJh0yyykLyV,198.000,Cr1IDgtoIwjHadzo,199.000,nbm0/St8w4GUlGA4,201.000,WYac+BcEaEqjcD+O,202.000,jwNdRfwvt/DA6PNq,204.000,0vdW+g6toC/h3nqI,205.000,UfIL2xPYUWA3pa2i,206.000,h4OQZ7bMhp0Pbd5V
6,52,2026-04-05T09:35:25.483Z,201.000,10,114.000,Jg+7wzPVXO3fl6hF,191.000,uHgM+VdJzX93m/5O,194.000,3ro8QLJh0yyykLyV,196.000,jwNdRfwvt/DA6PNq,198.000,Cr1IDgtoIwjHadzo,199.000,nbm0/St8w4GUlGA4,200.000,UfIL2xPYUWA3pa2i,202.000,WYac+BcEaEqjcD+O,203.000,0vdW+g6toC/h3nqI,205.000,h4OQZ7bMhp0Pbd5V
6,53,2026-04-05T09:35:25.684Z,201.000,10,114.000,Jg+7wzPVXO3fl6hF,192.000,nbm0/St8w4GUlGA4,194.000,uHgM+VdJzX93m/5O,196.000,3ro8QLJh0yyykLyV,198.000,jwNdRfwvt/DA6PNq,199.000,Cr1IDgtoIwjHadzo,201.000,UfIL2xPYUWA3pa2i,202.000,WYac+BcEaEqjcD+O,203.000,0vdW+g6toC/h3nqI,205.000,h4OQZ7bMhp0Pbd5V
6,54,2026-04-05T09:35:25.885Z,199.000,10,114.000,Jg+7wzPVXO3fl6hF,191.000,uHgM+VdJzX93m/5O,193.000,3ro8QLJh0yyykLyV,194.000,nbm0/St8w4GUlGA4,196.000,jwNdRfwvt/DA6PNq,197.000,Cr1IDgtoIwjHadzo,199.000,UfIL2xPYUWA3pa2i,200.000,WYac+BcEaEqjcD+O,201.000,0vdW+g6toC/h3nqI,205.000,h4OQZ7bMhp0Pbd5V
6,55,2026-04-05T09:35:26.084Z,198.000,10,115.000,Jg+7wzPVXO3fl6hF,191.000,uHgM+VdJzX93m/5O,194.000,jwNdRfwvt/DA6PNq,195.000,3ro8QLJh0yyykLyV,196.000,nbm0/St8w4GUlGA4,197.000,UfIL2xPYUWA3pa2i,198.000,WYac+BcEaEqjcD+O,199.000,Cr1IDgtoIwjHadzo,200.000,0vdW+g6toC/h3nqI,207.000,h4OQZ7bMhp0Pbd5V
6,56,2026-04-05T09:35:26.282Z,201.000,10,118.000,Jg+7wzPVXO3fl6hF,194.000,uHgM+VdJzX93m/5O,197.000,3ro8QLJh0yyykLyV,198.000,jwNdRfwvt/DA6PNq,200.000,UfIL2xPYUWA3pa2i,200.000,Cr1IDgtoIwjHadzo,201.000,WYac+BcEaEqjcD+O,201.000,nbm0/St8w4GUlGA4,202.000,0vdW+g6toC/h3nqI,209.000,h4OQZ7bMhp0Pbd5V
6,57,2026-04-05T09:35:26.483Z,201.000,10,118.000,Jg+7wzPVXO3fl6hF,195.000,uHgM+VdJzX93m/5O,197.000,3ro8QLJh0yyykLyV,197.000,nbm0/St8w4GUlGA4,198.000,jwNdRfwvt/DA6PNq,200.000,Cr1IDgtoIwjHadzo,200.000,WYac+BcEaEqjcD+O,202.000,0vdW+g6toC/h3nqI,203.000,UfIL2xPYUWA3pa2i,210.000,h4OQZ7bMhp0Pbd5V
6,58,2026-04-05T09:35:26.684Z,202.000,10,118.000,Jg+7wzPVXO3fl6hF,197.000,jwNdRfwvt/DA6PNq,198.000,uHgM+VdJzX93m/5O,199.000,3ro8QLJh0yyykLyV,200.000,UfIL2xPYUWA3pa2i,201.000,WYac+BcEaEqjcD+O,202.000,0vdW+g6toC/h3nqI,203.000,Cr1IDgtoIwjHadzo,204.000,nbm0/St8w4GUlGA4,210.000,h4OQZ7bMhp0Pbd5V
6,59,2026-04-05T09:35:26.886Z,205.000,10,118.000,Jg+7wzPVXO3fl6hF,198.000,uHgM+VdJzX93m/5O,200.000,Cr1IDgtoIwjHadzo,201.000,3ro8QLJh0yyykLyV,202.000,WYac+BcEaEqjcD+O,204.000,UfIL2xPYUWA3pa2i,205.000,jwNdRfwvt/DA6PNq,206.000,nbm0/St8w4GUlGA4,208.000,0vdW+g6toC/h3nqI,210.000,h4OQZ7bMhp0Pbd5V
6,60,2026-04-05T09:35:27.091Z,202.000,10,115.000,Jg+7wzPVXO3fl6hF,194.000,uHgM+VdJzX93m/5O,196.000,UfIL2xPYUWA3pa2i,198.000,WYac+BcEaEqjcD+O,199.000,0vdW+g6toC/h3nqI,200.000,jwNdRfwvt/DA6PNq,201.000,nbm0/St8w4GUlGA4,203.000,Cr1IDgtoIwjHadzo,204.000,3ro8QLJh0yyykLyV,207.000,h4OQZ7bMhp0Pbd5V
6,61,2026-04-05T09:35:27.293Z,199.000,10,113.000,Jg+7wzPVXO3fl6hF,193.000,uHgM+VdJzX93m/5O,194.000,UfIL2xPYUWA3pa2i,195.000,3ro8QLJh0yyykLyV,197.000,WYac+BcEaEqjcD+O,198.000,Cr1IDgtoIwjHadzo,199.000,nbm0/St8w4GUlGA4,200.000,0vdW+g6toC/h3nqI,201.000,jwNdRfwvt/DA6PNq,205.000,h4OQZ7bMhp0Pbd5V
6,62,2026-04-05T09:35:27.492Z,201.000,10,116.000,Jg+7wzPVXO3fl6hF,194.000,uHgM+VdJzX93m/5O,196.000,UfIL2xPYUWA3pa2i,197.000,0vdW+g6toC/h3nqI,199.000,jwNdRfwvt/DA6PNq,200.000,Cr1IDgtoIwjHadzo,201.000,3ro8QLJh0yyykLyV,202.000,nbm0/St8w4GUlGA4,204.000,WYac+BcEaEqjcD+O,208.000,h4OQZ7bMhp0Pbd5V
6,63,2026-04-05T09:35:27.693Z,202.000,10,117.000,Jg+7wzPVXO3fl6hF,194.000,uHgM+VdJzX93m/5O,196.000,UfIL2xPYUWA3pa2i,198.000,WYac+BcEaEqjcD+O,199.000,jwNdRfwvt/DA6PNq,200.000,0vdW+g6toC/h3nqI,201.000,nbm0/St8w4GUlGA4,203.000,Cr1IDgtoIwjHadzo,204.000,3ro8QLJh0yyykLyV,208.000,h4OQZ7bMhp0Pbd5V
6,64,2026-04-05T09:35:27.895Z,200.000,10,117.000,Jg+7wzPVXO3fl6hF,193.000,uHgM+VdJzX93m/5O,195.000,0vdW+g6toC/h3nqI,196.000,UfIL2xPYUWA3pa2i,198.000,WYac+BcEaEqjcD+O,199.000,nbm0/St8w4GUlGA4,200.000,jwNdRfwvt/DA6PNq,201.000,Cr1IDgtoIwjHadzo,203.000,3ro8QLJh0yyykLyV,206.000,h4OQZ7bMhp0Pbd5V
6,65,2026-04-05T09:35:28.095Z,202.000,10,118.000,Jg+7wzPVXO3fl6hF,194.000,WYac+BcEaEqjcD+O,196.000,uHgM+VdJzX93m/5O,198.000,UfIL2xPYUWA3pa2i,199.000,0vdW+g6toC/h3nqI,200.000,3ro8QLJh0yyykLyV,202.000,nbm0/St8w4GUlGA4,203.000,jwNdRfwvt/DA6PNq,204.000,Cr1IDgtoIwjHadzo,208.000,h4OQZ7bMhp0Pbd5V
6,66,2026-04-05T09:35:28.297Z,201.000,10,117.000,Jg+7wzPVXO3fl6hF,194.000,uHgM+VdJzX93m/5O,196.000,jwNdRfwvt/DA6PNq,197.000,0vdW+g6toC/h3nqI,198.000,WYac+BcEaEqjcD+O,200.000,3ro8QLJh0yyykLyV,201.000,Cr1IDgtoIwjHadzo,202.000,nbm0/St8w4GUlGA4,203.000,UfIL2xPYUWA3pa2i,207.000,h4OQZ7bMhp0Pbd5V
6,67,2026-04-05T09:35:28.498Z,202.000,10,117.000,Jg+7wzPVXO3fl6hF,194.000,uHgM+VdJzX93m/5O,196.000,jwNdRfwvt/DA6PNq,198.000,nbm0/St8w4GUlGA4,199.000,3ro8QLJh0yyykLyV,200.000,0vdW+g6toC/h3nqI,202.000,WYac+BcEaEqjcD+O,203.000,UfIL2xPYUWA3pa2i,204.000,Cr1IDgtoIwjHadzo,207.000,h4OQZ7bMhp0Pbd5V
6,68,2026-04-05T09:35:28.700Z,201.000,10,117.000,Jg+7wzPVXO3fl6hF,193.000,nbm0/St8w4GUlGA4,195.000,uHgM+VdJzX93m/5O,197.000,jwNdRfwvt/DA6PNq,198.000,Cr1IDgtoIwjHadzo,199.000,WYac+BcEaEqjcD+O,201.000,0vdW+g6toC/h3nqI,202.000,3ro8QLJh0yyykLyV,203.000,UfIL2xPYUWA3pa2i,205.000,h4OQZ7bMhp0Pbd5V
6,69,2026-04-05T09:35:28.901Z,200.000,10,117.000,Jg+7wzPVXO3fl6hF,193.000,jwNdRfwvt/DA6PNq,194.000,nbm0/St8w4GUlGA4,195.000,uHgM+VdJzX93m/5O,197.000,Cr1IDgtoIwjHadzo,199.000,UfIL2xPYUWA3pa2i,200.000,0vdW+g6toC/h3nqI,201.000,3ro8QLJh0yyykLyV,203.000,WYac+BcEaEqjcD+O,205.000,h4OQZ7bMhp0Pbd5V
6,70,2026-04-05T09:35:29.101Z,201.000,10,119.000,Jg+7wzPVXO3fl6hF,194.000,nbm0/St8w4GUlGA4,195.000,uHgM+VdJzX93m/5O,197.000,3ro8QLJh0yyykLyV,198.000,Cr1IDgtoIwjHadzo,200.000,WYac+BcEaEqjcD+O,201.000,0vdW+g6toC/h3nqI,202.000,UfIL2xPYUWA3pa2i,204.000,jwNdRfwvt/DA6PNq,207.000,h4OQZ7bMhp0Pbd5V
6,71,2026-04-05T09:35:29.302Z,203.000,10,118.000,Jg+7wzPVXO3fl6hF,195.000,uHgM+VdJzX93m/5O,196.000,nbm0/St8w4GUlGA4,198.000,jwNdRfwvt/DA6PNq,199.000,WYac+BcEaEqjcD+O,200.000,UfIL2xPYUWA3pa2i,202.000,3ro8QLJh0yyykLyV,204.000,Cr1IDgtoIwjHadzo,205.000,0vdW+g6toC/h3nqI,206.000,h4OQZ7bMhp0Pbd5V
6,72,2026-04-05T09:35:29.505Z,199.000,10,117.000,Jg+7wzPVXO3fl6hF,192.000,nbm0/St8w4GUlGA4,193.000,uHgM+VdJzX93m/5O,195.000,Cr1IDgtoIwjHadzo,196.000,jwNdRfwvt/DA6PNq,197.000,UfIL2xPYUWA3pa2i,199.000,0vdW+g6toC/h3nqI,200.000,3ro8QLJh0yyykLyV,202.000,WYac+BcEaEqjcD+O,204.000,h4OQZ7bMhp0Pbd5V
6,73,2026-04-05T09:35:29.704Z,202.000,10,119.000,Jg+7wzPVXO3fl6hF,195.000,uHgM+VdJzX93m/5O,197.000,3ro8QLJh0yyykLyV,198.000,nbm0/St8w4GUlGA4,200.000,0vdW+g6toC/h3nqI,201.000,jwNdRfwvt/DA6PNq,202.000,Cr1IDgtoIwjHadzo,203.000,UfIL2xPYUWA3pa2i,204.000,WYac+BcEaEqjcD+O,208.000,h4OQZ7bMhp0Pbd5V
6,74,2026-04-05T09:35:29.906Z,201.000,10,119.000,Jg+7wzPVXO3fl6hF,193.000,uHgM+VdJzX93m/5O,196.000,nbm0/St8w4GUlGA4,197.000,jwNdRfwvt/DA6PNq,198.000,Cr1IDgtoIwjHadzo,199.000,UfIL2xPYUWA3pa2i,200.000,WYac+BcEaEqjcD+O,202.000,3ro8QLJh0yyykLyV,203.000,0vdW+g6toC/h3nqI,208.000,h4OQZ7bMhp0Pbd5V
6,75,2026-04-05T09:35:30.107Z,201.000,10,119.000,Jg+7wzPVXO3fl6hF,194.000,uHgM+VdJzX93m/5O,196.000,0vdW+g6toC/h3nqI,197.000,jwNdRfwvt/DA6PNq,199.000,nbm0/St8w4GUlGA4,200.000,UfIL2xPYUWA3pa2i,201.000,3ro8QLJh0yyykLyV,202.000,Cr1IDgtoIwjHadzo,204.000,WYac+BcEaEqjcD+O,207.000,h4OQZ7bMhp0Pbd5V
6,76,2026-04-05T09:35:30.308Z,201.000,10,119.000,Jg+7wzPVXO3fl6hF,194.000,uHgM+VdJzX93m/5O,196.000,jwNdRfwvt/DA6PNq,197.000,Cr1IDgtoIwjHadzo,199.000,UfIL2xPYUWA3pa2i,200.000,0vdW+g6toC/h3nqI,201.000,nbm0/St8w4GUlGA4,202.000,3ro8QLJh0yyykLyV,203.000,WYac+BcEaEqjcD+O,208.000,h4OQZ7bMhp0Pbd5V
6,77,2026-04-05T09:35:30.509Z,201.000,10,119.000,Jg+7wzPVXO3fl6hF,194.000,uHgM+VdJzX93m/5O,196.000,jwNdRfwvt/DA6PNq,198.000,3ro8QLJh0yyykLyV,199.000,0vdW+g6toC/h3nqI,200.000,nbm0/St8w4GUlGA4,201.000,UfIL2xPYUWA3pa2i,202.000,Cr1IDgtoIwjHadzo,204.000,WYac+BcEaEqjcD+O,207.000,h4OQZ7bMhp0Pbd5V
6,78,2026-04-05T09:35:30.710Z,202.000,10,119.000,Jg+7wzPVXO3fl6hF,194.000,uHgM+VdJzX93m/5O,196.000,UfIL2xPYUWA3pa2i,198.000,WYac+BcEaEqjcD+O,199.000,0vdW+g6toC/h3nqI,200.000,Cr1IDgtoIwjHadzo,201.000,nbm0/St8w4GUlGA4,203.000,3ro8QLJh0yyykLyV,205.000,jwNdRfwvt/DA6PNq,208.000,h4OQZ7bMhp0Pbd5V
6,79,2026-04-05T09:35:30.912Z,201.000,10,118.000,Jg+7wzPVXO3fl6hF,193.000,uHgM+VdJzX93m/5O,196.000,3ro8QLJh0yyykLyV,197.000,0vdW+g6toC/h3nqI,198.000,nbm0/St8w4GUlGA4,199.000,WYac+BcEaEqjcD+O,200.000,Cr1IDgtoIwjHadzo,202.000,jwNdRfwvt/DA6PNq,203.000,UfIL2xPYUWA3pa2i,207.000,h4OQZ7bMhp0Pbd5V
6,80,2026-04-05T09:35:31.113Z,202.000,10,118.000,Jg+7wzPVXO3fl6hF,194.000,uHgM+VdJzX93m/5O,196.000,jwNdRfwvt/DA6PNq,197.000,nbm0/St8w4GUlGA4,198.000,Cr1IDgtoIwjHadzo,200.000,UfIL2xPYUWA3pa2i,202.000,3ro8QLJh0yyykLyV,204.000,0vdW+g6toC/h3nqI,206.000,WYac+BcEaEqjcD+O,208.000,h4OQZ7bMhp0Pbd5V
6,81,2026-04-05T09:35:31.315Z,204.000,10,118.000,Jg+7wzPVXO3fl6hF,194.000,0vdW+g6toC/h3nqI,196.000,3ro8QLJh0yyykLyV,197.000,uHgM+VdJzX93m/5O,200.000,UfIL2xPYUWA3pa2i,202.000,nbm0/St8w4GUlGA4,204.000,jwNdRfwvt/DA6PNq,206.000,Cr1IDgtoIwjHadzo,208.000,WYac+BcEaEqjcD+O,210.000,h4OQZ7bMhp0Pbd5V
6,82,2026-04-05T09:35:31.519Z,201.000,10,125.000,Jg+7wzPVXO3fl6hF,191.000,3ro8QLJh0yyykLyV,192.000,uHgM+VdJzX93m/5O,195.000,UfIL2xPYUWA3pa2i,197.000,0vdW+g6toC/h3nqI,200.000,nbm0/St8w4GUlGA4,201.000,Cr1IDgtoIwjHadzo,202.000,jwNdRfwvt/DA6PNq,204.000,WYac+BcEaEqjcD+O,205.000,h4OQZ7bMhp0Pbd5V
6,83,2026-04-05T09:35:31.720Z,197.000,10,116.000,Jg+7wzPVXO3fl6hF,187.000,uHgM+VdJzX93m/5O,189.000,jwNdRfwvt/DA6PNq,192.000,0vdW+g6toC/h3nqI,193.000,3ro8QLJh0yyykLyV,196.000,UfIL2xPYUWA3pa2i,197.000,WYac+BcEaEqjcD+O,198.000,Cr1IDgtoIwjHadzo,200.000,nbm0/St8w4GUlGA4,212.000,h4OQZ7bMhp0Pbd5V
6,84,2026-04-05T09:35:31.917Z,212.000,10,121.000,Jg+7wzPVXO3fl6hF,195.000,uHgM+VdJzX93m/5O,197.000,jwNdRfwvt/DA6PNq,202.000,Cr1IDgtoIwjHadzo,206.000,UfIL2xPYUWA3pa2i,209.000,0vdW+g6toC/h3nqI,212.000,nbm0/St8w4GUlGA4,213.000,3ro8QLJh0yyykLyV,214.000,WYac+BcEaEqjcD+O,215.000,h4OQZ7bMhp0Pbd5V
6,85,2026-04-05T09:35:32.129Z,189.000,10,110.000,Jg+7wzPVXO3fl6hF,180.000,uHgM+VdJzX93m/5O,184.000,Cr1IDgtoIwjHadzo,185.000,3ro8QLJh0yyykLyV,186.000,nbm0/St8w4GUlGA4,188.000,WYac+BcEaEqjcD+O,189.000,0vdW+g6toC/h3nqI,190.000,jwNdRfwvt/DA6PNq,191.000,UfIL2xPYUWA3pa2i,196.000,h4OQZ7bMhp0Pbd5V
6,86,2026-04-05T09:35:32.318Z,204.000,10,123.000,Jg+7wzPVXO3fl6hF,198.000,uHgM+VdJzX93m/5O,200.000,Cr1IDgtoIwjHadzo,201.000,jwNdRfwvt/DA6PNq,202.000,WYac+BcEaEqjcD+O,203.000,UfIL2xPYUWA3pa2i,204.000,0vdW+g6toC/h3nqI,205.000,nbm0/St8w4GUlGA4,207.000,3ro8QLJh0yyykLyV,208.000,h4OQZ7bMhp0Pbd5V
6,87,2026-04-05T09:35:32.522Z,232.000,10,120.000,Jg+7wzPVXO3fl6hF,229.000,WYac+BcEaEqjcD+O,230.000,UfIL2xPYUWA3pa2i,230.000,uHgM+VdJzX93m/5O,231.000,Cr1IDgtoIwjHadzo,232.000,jwNdRfwvt/DA6PNq,232.000,3ro8QLJh0yyykLyV,233.000,0vdW+g6toC/h3nqI,235.000,nbm0/St8w4GUlGA4,236.000,h4OQZ7bMhp0Pbd5V
6,88,2026-04-05T09:35:32.754Z,174.000,10,91.000,Jg+7wzPVXO3fl6hF,164.000,uHgM+VdJzX93m/5O,167.000,UfIL2xPYUWA3pa2i,168.000,WYac+BcEaEqjcD+O,171.000,0vdW+g6toC/h3nqI,173.000,jwNdRfwvt/DA6PNq,174.000,3ro8QLJh0yyykLyV,176.000,nbm0/St8w4GUlGA4,178.000,Cr1IDgtoIwjHadzo,180.000,h4OQZ7bMhp0Pbd5V
6,89,2026-04-05T09:35:32.928Z,198.000,10,117.000,Jg+7wzPVXO3fl6hF,190.000,WYac+BcEaEqjcD+O,192.000,uHgM+VdJzX93m/5O,193.000,0vdW+g6toC/h3nqI,195.000,nbm0/St8w4GUlGA4,196.000,UfIL2xPYUWA3pa2i,198.000,jwNdRfwvt/DA6PNq,199.000,3ro8QLJh0yyykLyV,200.000,Cr1IDgtoIwjHadzo,202.000,h4OQZ7bMhp0Pbd5V
6,90,2026-04-05T09:35:33.126Z,199.000,10,121.000,Jg+7wzPVXO3fl6hF,189.000,uHgM+VdJzX93m/5O,193.000,UfIL2xPYUWA3pa2i,194.000,0vdW+g6toC/h3nqI,196.000,jwNdRfwvt/DA6PNq,197.000,Cr1IDgtoIwjHadzo,199.000,3ro8QLJh0yyykLyV,201.000,nbm0/St8w4GUlGA4,203.000,WYac+BcEaEqjcD+O,205.000,h4OQZ7bMhp0Pbd5V
6,91,2026-04-05T09:35:33.325Z,200.000,10,142.000,Jg+7wzPVXO3fl6hF,192.000,jwNdRfwvt/DA6PNq,194.000,0vdW+g6toC/h3nqI,195.000,uHgM+VdJzX93m/5O,197.000,WYac+BcEaEqjcD+O,199.000,Cr1IDgtoIwjHadzo,200.000,3ro8QLJh0yyykLyV,204.000,UfIL2xPYUWA3pa2i,205.000,nbm0/St8w4GUlGA4,208.000,h4OQZ7bMhp0Pbd5V
6,92,2026-04-05T09:35:33.525Z,202.000,10,138.000,Jg+7wzPVXO3fl6hF,195.000,0vdW+g6toC/h3nqI,197.000,UfIL2xPYUWA3pa2i,198.000,Cr1IDgtoIwjHadzo,200.000,nbm0/St8w4GUlGA4,201.000,uHgM+VdJzX93m/5O,202.000,WYac+BcEaEqjcD+O,203.000,jwNdRfwvt/DA6PNq,205.000,3ro8QLJh0yyykLyV,215.000,h4OQZ7bMhp0Pbd5V
6,93,2026-04-05T09:35:33.727Z,297.000,10,138.000,Jg+7wzPVXO3fl6hF,280.000,0vdW+g6toC/h3nqI,283.000,uHgM+VdJzX93m/5O,288.000,Cr1IDgtoIwjHadzo,292.000,WYac+BcEaEqjcD+O,295.000,jwNdRfwvt/DA6PNq,297.000,3ro8QLJh0yyykLyV,300.000,nbm0/St8w4GUlGA4,302.000,h4OQZ7bMhp0Pbd5V,304.000,UfIL2xPYUWA3pa2i
6,94,2026-04-05T09:35:34.024Z,138.000,10,40.000,Jg+7wzPVXO3fl6hF,128.000,uHgM+VdJzX93m/5O,132.000,0vdW+g6toC/h3nqI,133.000,WYac+BcEaEqjcD+O,135.000,3ro8QLJh0yyykLyV,137.000,h4OQZ7bMhp0Pbd5V,138.000,jwNdRfwvt/DA6PNq,197.000,UfIL2xPYUWA3pa2i,198.000,Cr1IDgtoIwjHadzo,312.000,nbm0/St8w4GUlGA4
6,95,2026-04-05T09:35:34.162Z,172.000,9,105.000,Jg+7wzPVXO3fl6hF,161.000,UfIL2xPYUWA3pa2i,163.000,uHgM+VdJzX93m/5O,165.000,jwNdRfwvt/DA6PNq,168.000,WYac+BcEaEqjcD+O,169.000,0vdW+g6toC/h3nqI,172.000,Cr1IDgtoIwjHadzo,177.000,h4OQZ7bMhp0Pbd5V,210.000,nbm0/St8w4GUlGA4,,
6,96,2026-04-05T09:35:34.334Z,199.000,9,21.000,3ro8QLJh0yyykLyV,136.000,Jg+7wzPVXO3fl6hF,188.000,uHgM+VdJzX93m/5O,189.000,UfIL2xPYUWA3pa2i,189.000,0vdW+g6toC/h3nqI,190.000,jwNdRfwvt/DA6PNq,199.000,h4OQZ7bMhp0Pbd5V,200.000,WYac+BcEaEqjcD+O,201.000,Cr1IDgtoIwjHadzo,,
6,97,2026-04-05T09:35:34.533Z,210.000,10,11.000,nbm0/St8w4GUlGA4,24.000,3ro8QLJh0yyykLyV,192.000,0vdW+g6toC/h3nqI,200.000,uHgM+VdJzX93m/5O,204.000,UfIL2xPYUWA3pa2i,207.000,WYac+BcEaEqjcD+O,209.000,h4OQZ7bMhp0Pbd5V,219.000,Jg+7wzPVXO3fl6hF,222.000,Cr1IDgtoIwjHadzo,242.000,jwNdRfwvt/DA6PNq
6,98,2026-04-05T09:35:34.743Z,189.000,8,8.000,nbm0/St8w4GUlGA4,18.000,3ro8QLJh0yyykLyV,180.000,uHgM+VdJzX93m/5O,184.000,0vdW+g6toC/h3nqI,187.000,UfIL2xPYUWA3pa2i,188.000,WYac+BcEaEqjcD+O,189.000,jwNdRfwvt/DA6PNq,190.000,h4OQZ7bMhp0Pbd5V,,,,
6,99,2026-04-05T09:35:34.932Z,199.000,10,7.000,Jg+7wzPVXO3fl6hF,11.000,Cr1IDgtoIwjHadzo,30.000,3ro8QLJh0yyykLyV,107.000,nbm0/St8w4GUlGA4,193.000,uHgM+VdJzX93m/5O,196.000,0vdW+g6toC/h3nqI,199.000,WYac+BcEaEqjcD+O,200.000,h4OQZ7bMhp0Pbd5V,204.000,UfIL2xPYUWA3pa2i,210.000,jwNdRfwvt/DA6PNq
6,100,2026-04-05T09:35:35.131Z,199.000,10,9.000,Jg+7wzPVXO3fl6hF,17.000,Cr1IDgtoIwjHadzo,30.000,3ro8QLJh0yyykLyV,103.000,nbm0/St8w4GUlGA4,194.000,uHgM+VdJzX93m/5O,196.000,0vdW+g6toC/h3nqI,199.000,UfIL2xPYUWA3pa2i,202.000,WYac+BcEaEqjcD+O,206.000,jwNdRfwvt/DA6PNq,208.000,h4OQZ7bMhp0Pbd5V
6,101,2026-04-05T09:35:35.330Z,233.000,10,11.000,Jg+7wzPVXO3fl6hF,19.000,Cr1IDgtoIwjHadzo,32.000,3ro8QLJh0yyykLyV,226.000,nbm0/St8w4GUlGA4,227.000,uHgM+VdJzX93m/5O,231.000,WYac+BcEaEqjcD+O,233.000,h4OQZ7bMhp0Pbd5V,237.000,UfIL2xPYUWA3pa2i,238.000,0vdW+g6toC/h3nqI,260.000,jwNdRfwvt/DA6PNq
6,102,2026-04-05T09:35:35.563Z,169.000,9,6.000,3ro8QLJh0yyykLyV,9.000,Cr1IDgtoIwjHadzo,23.000,Jg+7wzPVXO3fl6hF,73.000,nbm0/St8w4GUlGA4,164.000,uHgM+VdJzX93m/5O,167.000,0vdW+g6toC/h3nqI,169.000,WYac+BcEaEqjcD+O,171.000,jwNdRfwvt/DA6PNq,173.000,h4OQZ7bMhp0Pbd5V,,
6,103,2026-04-05T09:35:35.732Z,204.000,10,24.000,UfIL2xPYUWA3pa2i,168.000,3ro8QLJh0yyykLyV,171.000,Cr1IDgtoIwjHadzo,175.000,Jg+7wzPVXO3fl6hF,179.000,nbm0/St8w4GUlGA4,199.000,uHgM+VdJzX93m/5O,204.000,0vdW+g6toC/h3nqI,205.000,jwNdRfwvt/DA6PNq,207.000,WYac+BcEaEqjcD+O,210.000,h4OQZ7bMhp0Pbd5V
6,104,2026-04-05T09:35:35.936Z,445.000,10,22.000,UfIL2xPYUWA3pa2i,33.000,3ro8QLJh0yyykLyV,35.000,Cr1IDgtoIwjHadzo,46.000,Jg+7wzPVXO3fl6hF,101.000,nbm0/St8w4GUlGA4,443.000,jwNdRfwvt/DA6PNq,445.000,WYac+BcEaEqjcD+O,446.000,h4OQZ7bMhp0Pbd5V,447.000,0vdW+g6toC/h3nqI,470.000,uHgM+VdJzX93m/5O
6,105,2026-04-05T09:35:36.381Z,14.000,9,3.000,UfIL2xPYUWA3pa2i,5.000,Cr1IDgtoIwjHadzo,7.000,3ro8QLJh0yyykLyV,9.000,Jg+7wzPVXO3fl6hF,10.000,nbm0/St8w4GUlGA4,12.000,0vdW+g6toC/h3nqI,14.000,jwNdRfwvt/DA6PNq,15.000,h4OQZ7bMhp0Pbd5V,16.000,WYac+BcEaEqjcD+O,,
6,106,2026-04-05T09:35:36.395Z,139.000,9,4.000,UfIL2xPYUWA3pa2i,9.000,Cr1IDgtoIwjHadzo,10.000,3ro8QLJh0yyykLyV,13.000,Jg+7wzPVXO3fl6hF,46.000,nbm0/St8w4GUlGA4,137.000,WYac+BcEaEqjcD+O,139.000,0vdW+g6toC/h3nqI,141.000,jwNdRfwvt/DA6PNq,142.000,h4OQZ7bMhp0Pbd5V,,
6,107,2026-04-05T09:35:36.534Z,201.000,10,24.000,UfIL2xPYUWA3pa2i,38.000,Cr1IDgtoIwjHadzo,44.000,3ro8QLJh0yyykLyV,46.000,uHgM+VdJzX93m/5O,53.000,Jg+7wzPVXO3fl6hF,109.000,nbm0/St8w4GUlGA4,201.000,jwNdRfwvt/DA6PNq,212.000,h4OQZ7bMhp0Pbd5V,215.000,WYac+BcEaEqjcD+O,233.000,0vdW+g6toC/h3nqI
6,108,2026-04-05T09:35:36.735Z,201.000,9,27.000,UfIL2xPYUWA3pa2i,40.000,3ro8QLJh0yyykLyV,45.000,uHgM+VdJzX93m/5O,53.000,Jg+7wzPVXO3fl6hF,110.000,nbm0/St8w4GUlGA4,125.000,Cr1IDgtoIwjHadzo,201.000,jwNdRfwvt/DA6PNq,202.000,WYac+BcEaEqjcD+O,274.000,h4OQZ7bMhp0Pbd5V,,
6,109,2026-04-05T09:35:36.936Z,111.000,7,27.000,UfIL2xPYUWA3pa2i,29.000,0vdW+g6toC/h3nqI,41.000,3ro8QLJh0yyykLyV,46.000,uHgM+VdJzX93m/5O,53.000,Jg+7wzPVXO3fl6hF,110.000,nbm0/St8w4GUlGA4,111.000,Cr1IDgtoIwjHadzo,,,,,,
6,110,2026-04-05T09:35:37.047Z,134.000,7,90.000,jwNdRfwvt/DA6PNq,92.000,WYac+BcEaEqjcD+O,95.000,h4OQZ7bMhp0Pbd5V,116.000,0vdW+g6toC/h3nqI,118.000,UfIL2xPYUWA3pa2i,130.000,3ro8QLJh0yyykLyV,134.000,uHgM+VdJzX93m/5O,,,,,,
6,111,2026-04-05T09:35:37.181Z,304.000,9,11.000,Jg+7wzPVXO3fl6hF,64.000,nbm0/St8w4GUlGA4,65.000,Cr1IDgtoIwjHadzo,156.000,WYac+BcEaEqjcD+O,157.000,jwNdRfwvt/DA6PNq,162.000,h4OQZ7bMhp0Pbd5V,304.000,0vdW+g6toC/h3nqI,306.000,UfIL2xPYUWA3pa2i,316.000,uHgM+VdJzX93m/5O,,
6,112,2026-04-05T09:35:37.485Z,81.000,9,4.000,3ro8QLJh0yyykLyV,6.000,Jg+7wzPVXO3fl6hF,9.000,Cr1IDgtoIwjHadzo,10.000,nbm0/St8w4GUlGA4,55.000,jwNdRfwvt/DA6PNq,58.000,h4OQZ7bMhp0Pbd5V,81.000,0vdW+g6toC/h3nqI,87.000,UfIL2xPYUWA3pa2i,123.000,WYac+BcEaEqjcD+O,,
6,113,2026-04-05T09:35:37.566Z,205.000,9,15.000,3ro8QLJh0yyykLyV,28.000,Jg+7wzPVXO3fl6hF,82.000,nbm0/St8w4GUlGA4,86.000,Cr1IDgtoIwjHadzo,121.000,uHgM+VdJzX93m/5O,204.000,jwNdRfwvt/DA6PNq,205.000,UfIL2xPYUWA3pa2i,205.000,h4OQZ7bMhp0Pbd5V,211.000,0vdW+g6toC/h3nqI,,
6,114,2026-04-05T09:35:37.771Z,173.000,8,11.000,3ro8QLJh0yyykLyV,21.000,WYac+BcEaEqjcD+O,25.000,Jg+7wzPVXO3fl6hF,78.000,nbm0/St8w4GUlGA4,81.000,Cr1IDgtoIwjHadzo,116.000,uHgM+VdJzX93m/5O,173.000,jwNdRfwvt/DA6PNq,174.000,h4OQZ7bMhp0Pbd5V,,,,
6,115,2026-04-05T09:35:37.944Z,108.000,7,25.000,UfIL2xPYUWA3pa2i,27.000,0vdW+g6toC/h3nqI,37.000,3ro8QLJh0yyykLyV,49.000,WYac+BcEaEqjcD+O,53.000,Jg+7wzPVXO3fl6hF,107.000,nbm0/St8w4GUlGA4,108.000,Cr1IDgtoIwjHadzo,,,,,,
6,116,2026-04-05T09:35:38.052Z,147.000,8,37.000,uHgM+VdJzX93m/5O,93.000,h4OQZ7bMhp0Pbd5V,94.000,jwNdRfwvt/DA6PNq,117.000,UfIL2xPYUWA3pa2i,120.000,0vdW+g6toC/h3nqI,132.000,3ro8QLJh0yyykLyV,146.000,Jg+7wzPVXO3fl6hF,149.000,WYac+BcEaEqjcD+O,,,,
6,117,2026-04-05T09:35:38.199Z,186.000,8,53.000,Cr1IDgtoIwjHadzo,90.000,uHgM+VdJzX93m/5O,93.000,nbm0/St8w4GUlGA4,154.000,h4OQZ7bMhp0Pbd5V,173.000,UfIL2xPYUWA3pa2i,177.000,0vdW+g6toC/h3nqI,186.000,3ro8QLJh0yyykLyV,244.000,jwNdRfwvt/DA6PNq,,,,
6,118,2026-04-05T09:35:38.385Z,163.000,7,11.000,WYac+BcEaEqjcD+O,16.000,Jg+7wzPVXO3fl6hF,68.000,Cr1IDgtoIwjHadzo,95.000,nbm0/St8w4GUlGA4,106.000,uHgM+VdJzX93m/5O,162.000,h4OQZ7bMhp0Pbd5V,163.000,jwNdRfwvt/DA6PNq,,,,,,
6,119,2026-04-05T09:35:38.548Z,146.000,8,26.000,UfIL2xPYUWA3pa2i,43.000,3ro8QLJh0yyykLyV,50.000,WYac+BcEaEqjcD+O,81.000,Jg+7wzPVXO3fl6hF,107.000,Cr1IDgtoIwjHadzo,131.000,nbm0/St8w4GUlGA4,145.000,uHgM+VdJzX93m/5O,169.000,0vdW+g6toC/h3nqI,,,,
6,120,2026-04-05T09:35:38.694Z,107.000,7,54.000,jwNdRfwvt/DA6PNq,56.000,h4OQZ7bMhp0Pbd5V,80.000,0vdW+g6toC/h3nqI,82.000,UfIL2xPYUWA3pa2i,94.000,3ro8QLJh0yyykLyV,104.000,WYac+BcEaEqjcD+O,107.000,Jg+7wzPVXO3fl6hF,,,,,,
6,121,2026-04-05T09:35:38.801Z,191.000,8,55.000,Cr1IDgtoIwjHadzo,75.000,nbm0/St8w4GUlGA4,94.000,uHgM+VdJzX93m/5O,149.000,jwNdRfwvt/DA6PNq,176.000,0vdW+g6toC/h3nqI,185.000,UfIL2xPYUWA3pa2i,191.000,3ro8QLJh0yyykLyV,237.000,h4OQZ7bMhp0Pbd5V,,,,
6,122,2026-04-05T09:35:38.992Z,162.000,7,6.000,WYac+BcEaEqjcD+O,12.000,Jg+7wzPVXO3fl6hF,66.000,Cr1IDgtoIwjHadzo,86.000,nbm0/St8w4GUlGA4,103.000,uHgM+VdJzX93m/5O,160.000,jwNdRfwvt/DA6PNq,162.000,h4OQZ7bMhp0Pbd5V,,,,,,
6,123,2026-04-05T09:35:39.154Z,132.000,7,23.000,0vdW+g6toC/h3nqI,25.000,UfIL2xPYUWA3pa2i,35.000,3ro8QLJh0yyykLyV,47.000,WYac+BcEaEqjcD+O,50.000,Jg+7wzPVXO3fl6hF,106.000,Cr1IDgtoIwjHadzo,132.000,nbm0/St8w4GUlGA4,,,,,,
6,124,2026-04-05T09:35:39.286Z,116.000,8,9.000,uHgM+VdJzX93m/5O,65.000,jwNdRfwvt/DA6PNq,69.000,h4OQZ7bMhp0Pbd5V,93.000,UfIL2xPYUWA3pa2i,95.000,0vdW+g6toC/h3nqI,105.000,3ro8QLJh0yyykLyV,116.000,WYac+BcEaEqjcD+O,121.000,Jg+7wzPVXO3fl6hF,,,,
6,125,2026-04-05T09:35:39.402Z,179.000,7,61.000,Cr1IDgtoIwjHadzo,77.000,nbm0/St8w4GUlGA4,94.000,uHgM+VdJzX93m/5O,150.000,jwNdRfwvt/DA6PNq,153.000,h4OQZ7bMhp0Pbd5V,176.000,0vdW+g6toC/h3nqI,179.000,UfIL2xPYUWA3pa2i,,,,,,
6,126,2026-04-05T09:35:39.581Z,173.000,8,11.000,3ro8QLJh0yyykLyV,22.000,WYac+BcEaEqjcD+O,28.000,Jg+7wzPVXO3fl6hF,81.000,Cr1IDgtoIwjHadzo,98.000,nbm0/St8w4GUlGA4,116.000,uHgM+VdJzX93m/5O,173.000,jwNdRfwvt/DA6PNq,348.000,h4OQZ7bMhp0Pbd5V,,,,
6,127,2026-04-05T09:35:39.754Z,126.000,7,25.000,0vdW+g6toC/h3nqI,28.000,UfIL2xPYUWA3pa2i,38.000,3ro8QLJh0yyykLyV,50.000,WYac+BcEaEqjcD+O,56.000,Jg+7wzPVXO3fl6hF,108.000,Cr1IDgtoIwjHadzo,126.000,nbm0/St8w4GUlGA4,,,,,,
6,128,2026-04-05T09:35:39.880Z,125.000,7,18.000,uHgM+VdJzX93m/5O,75.000,h4OQZ7bMhp0Pbd5V,76.000,jwNdRfwvt/DA6PNq,100.000,0vdW+g6toC/h3nqI,106.000,UfIL2xPYUWA3pa2i,114.000,3ro8QLJh0yyykLyV,125.000,WYac+BcEaEqjcD+O,,,,,,
6,129,2026-04-05T09:35:40.005Z,177.000,8,5.000,Jg+7wzPVXO3fl6hF,58.000,Cr1IDgtoIwjHadzo,77.000,nbm0/St8w4GUlGA4,95.000,uHgM+VdJzX93m/5O,153.000,h4OQZ7bMhp0Pbd5V,155.000,jwNdRfwvt/DA6PNq,177.000,UfIL2xPYUWA3pa2i,178.000,0vdW+g6toC/h3nqI,,,,
6,130,2026-04-05T09:35:40.182Z,179.000,8,14.000,3ro8QLJh0yyykLyV,28.000,WYac+BcEaEqjcD+O,32.000,Jg+7wzPVXO3fl6hF,83.000,Cr1IDgtoIwjHadzo,101.000,nbm0/St8w4GUlGA4,121.000,uHgM+VdJzX93m/5O,179.000,h4OQZ7bMhp0Pbd5V,209.000,jwNdRfwvt/DA6PNq,,,,
6,131,2026-04-05T09:35:40.361Z,127.000,7,23.000,0vdW+g6toC/h3nqI,26.000,UfIL2xPYUWA3pa2i,36.000,3ro8QLJh0yyykLyV,51.000,Jg+7wzPVXO3fl6hF,56.000,WYac+BcEaEqjcD+O,104.000,Cr1IDgtoIwjHadzo,127.000,nbm0/St8w4GUlGA4,,,,,,
6,132,2026-04-05T09:35:40.488Z,122.000,8,15.000,uHgM+VdJzX93m/5O,72.000,jwNdRfwvt/DA6PNq,75.000,h4OQZ7bMhp0Pbd5V,98.000,UfIL2xPYUWA3pa2i,99.000,0vdW+g6toC/h3nqI,111.000,3ro8QLJh0yyykLyV,122.000,WYac+BcEaEqjcD+O,126.000,Jg+7wzPVXO3fl6hF,,,,
6,133,2026-04-05T09:35:40.610Z,185.000,7,57.000,Cr1IDgtoIwjHadzo,79.000,nbm0/St8w4GUlGA4,95.000,uHgM+VdJzX93m/5O,156.000,jwNdRfwvt/DA6PNq,159.000,h4OQZ7bMhp0Pbd5V,178.000,UfIL2xPYUWA3pa2i,184.000,0vdW+g6toC/h3nqI,,,,,,
6,134,2026-04-05T09:35:40.795Z,164.000,7,5.000,3ro8QLJh0yyykLyV,16.000,WYac+BcEaEqjcD+O,20.000,Jg+7wzPVXO3fl6hF,74.000,Cr1IDgtoIwjHadzo,93.000,nbm0/St8w4GUlGA4,111.000,uHgM+VdJzX93m/5O,164.000,jwNdRfwvt/DA6PNq,,,,,,
6,135,2026-04-05T09:35:40.959Z,112.000,7,3.000,h4OQZ7bMhp0Pbd5V,29.000,UfIL2xPYUWA3pa2i,33.000,0vdW+g6toC/h3nqI,40.000,3ro8QLJh0yyykLyV,53.000,WYac+BcEaEqjcD+O,57.000,Jg+7wzPVXO3fl6hF,112.000,Cr1IDgtoIwjHadzo,,,,,,
6,136,2026-04-05T09:35:41.071Z,156.000,9,19.000,nbm0/St8w4GUlGA4,36.000,uHgM+VdJzX93m/5O,91.000,jwNdRfwvt/DA6PNq,94.000,h4OQZ7bMhp0Pbd5V,151.000,UfIL2xPYUWA3pa2i,153.000,3ro8QLJh0yyykLyV,156.000,Jg+7wzPVXO3fl6hF,183.000,WYac+BcEaEqjcD+O,201.000,0vdW+g6toC/h3nqI,,
6,137,2026-04-05T09:35:41.227Z,192.000,8,55.000,Cr1IDgtoIwjHadzo,66.000,nbm0/St8w4GUlGA4,83.000,uHgM+VdJzX93m/5O,136.000,jwNdRfwvt/DA6PNq,140.000,h4OQZ7bMhp0Pbd5V,164.000,UfIL2xPYUWA3pa2i,192.000,Jg+7wzPVXO3fl6hF,206.000,3ro8QLJh0yyykLyV,,,,
6,138,2026-04-05T09:35:41.419Z,158.000,7,21.000,WYac+BcEaEqjcD+O,40.000,0vdW+g6toC/h3nqI,54.000,Cr1IDgtoIwjHadzo,75.000,nbm0/St8w4GUlGA4,94.000,uHgM+VdJzX93m/5O,148.000,jwNdRfwvt/DA6PNq,158.000,h4OQZ7bMhp0Pbd5V,,,,,,
6,139,2026-04-05T09:35:41.577Z,117.000,7,16.000,UfIL2xPYUWA3pa2i,28.000,3ro8QLJh0yyykLyV,49.000,Jg+7wzPVXO3fl6hF,65.000,WYac+BcEaEqjcD+O,82.000,0vdW+g6toC/h3nqI,98.000,Cr1IDgtoIwjHadzo,117.000,nbm0/St8w4GUlGA4,,,,,,
6,140,2026-04-05T09:35:41.694Z,148.000,7,16.000,uHgM+VdJzX93m/5O,74.000,jwNdRfwvt/DA6PNq,77.000,h4OQZ7bMhp0Pbd5V,100.000,UfIL2xPYUWA3pa2i,113.000,3ro8QLJh0yyykLyV,134.000,Jg+7wzPVXO3fl6hF,148.000,WYac+BcEaEqjcD+O,,,,,,
6,141,2026-04-05T09:35:41.842Z,167.000,8,17.000,0vdW+g6toC/h3nqI,32.000,Cr1IDgtoIwjHadzo,55.000,nbm0/St8w4GUlGA4,71.000,uHgM+VdJzX93m/5O,133.000,jwNdRfwvt/DA6PNq,154.000,UfIL2xPYUWA3pa2i,167.000,3ro8QLJh0yyykLyV,240.000,h4OQZ7bMhp0Pbd5V,,,,
6,142,2026-04-05T09:35:42.009Z,162.000,8,24.000,Jg+7wzPVXO3fl6hF,53.000,0vdW+g6toC/h3nqI,54.000,WYac+BcEaEqjcD+O,67.000,Cr1IDgtoIwjHadzo,90.000,nbm0/St8w4GUlGA4,104.000,uHgM+VdJzX93m/5O,162.000,h4OQZ7bMhp0Pbd5V,170.000,jwNdRfwvt/DA6PNq,,,,
6,143,2026-04-05T09:35:42.171Z,128.000,7,28.000,UfIL2xPYUWA3pa2i,42.000,3ro8QLJh0yyykLyV,53.000,Jg+7wzPVXO3fl6hF,76.000,WYac+BcEaEqjcD+O,93.000,0vdW+g6toC/h3nqI,119.000,Cr1IDgtoIwjHadzo,128.000,nbm0/St8w4GUlGA4,,,,,,
6,144,2026-04-05T09:35:42.299Z,148.000,8,15.000,uHgM+VdJzX93m/5O,77.000,jwNdRfwvt/DA6PNq,82.000,h4OQZ7bMhp0Pbd5V,100.000,UfIL2xPYUWA3pa2i,114.000,3ro8QLJh0yyykLyV,125.000,Jg+7wzPVXO3fl6hF,148.000,WYac+BcEaEqjcD+O,215.000,Cr1IDgtoIwjHadzo,,,,
6,145,2026-04-05T09:35:42.447Z,166.000,7,17.000,0vdW+g6toC/h3nqI,55.000,nbm0/St8w4GUlGA4,75.000,uHgM+VdJzX93m/5O,127.000,h4OQZ7bMhp0Pbd5V,139.000,jwNdRfwvt/DA6PNq,156.000,UfIL2xPYUWA3pa2i,166.000,3ro8QLJh0yyykLyV,,,,,,
6,146,2026-04-05T09:35:42.613Z,168.000,8,12.000,Jg+7wzPVXO3fl6hF,34.000,WYac+BcEaEqjcD+O,72.000,0vdW+g6toC/h3nqI,81.000,Cr1IDgtoIwjHadzo,104.000,uHgM+VdJzX93m/5O,163.000,h4OQZ7bMhp0Pbd5V,168.000,jwNdRfwvt/DA6PNq,200.000,nbm0/St8w4GUlGA4,,,,
6,147,2026-04-05T09:35:42.781Z,137.000,8,21.000,UfIL2xPYUWA3pa2i,35.000,3ro8QLJh0yyykLyV,45.000,Jg+7wzPVXO3fl6hF,68.000,WYac+BcEaEqjcD+O,101.000,0vdW+g6toC/h3nqI,115.000,Cr1IDgtoIwjHadzo,137.000,uHgM+VdJzX93m/5O,257.000,nbm0/St8w4GUlGA4,,,,
6,148,2026-04-05T09:35:42.918Z,165.000,7,87.000,h4OQZ7bMhp0Pbd5V,89.000,UfIL2xPYUWA3pa2i,96.000,jwNdRfwvt/DA6PNq,99.000,3ro8QLJh0yyykLyV,110.000,Jg+7wzPVXO3fl6hF,134.000,WYac+BcEaEqjcD+O,165.000,0vdW+g6toC/h3nqI,,,,,,
6,149,2026-04-05T09:35:43.083Z,142.000,7,29.000,Cr1IDgtoIwjHadzo,54.000,uHgM+VdJzX93m/5O,105.000,h4OQZ7bMhp0Pbd5V,123.000,UfIL2xPYUWA3pa2i,125.000,jwNdRfwvt/DA6PNq,135.000,3ro8QLJh0yyykLyV,141.000,nbm0/St8w4GUlGA4,,,,,,
6,150,2026-04-05T09:35:43.225Z,180.000,7,4.000,Jg+7wzPVXO3fl6hF,28.000,WYac+BcEaEqjcD+O,58.000,0vdW+g6toC/h3nqI,87.000,Cr1IDgtoIwjHadzo,113.000,uHgM+VdJzX93m/5O,159.000,h4OQZ7bMhp0Pbd5V,180.000,UfIL2xPYUWA3pa2i,,,,,,
6,151,2026-04-05T09:35:43.405Z,110.000,7,3.000,jwNdRfwvt/DA6PNq,11.000,3ro8QLJh0yyykLyV,19.000,nbm0/St8w4GUlGA4,24.000,Jg+7wzPVXO3fl6hF,48.000,WYac+BcEaEqjcD+O,79.000,0vdW+g6toC/h3nqI,110.000,Cr1IDgtoIwjHadzo,,,,,,
6,152,2026-04-05T09:35:43.515Z,117.000,7,25.000,uHgM+VdJzX93m/5O,72.000,h4OQZ7bMhp0Pbd5V,90.000,UfIL2xPYUWA3pa2i,94.000,jwNdRfwvt/DA6PNq,102.000,3ro8QLJh0yyykLyV,111.000,nbm0/St8w4GUlGA4,117.000,Jg+7wzPVXO3fl6hF,,,,,,
6,153,2026-04-05T09:35:43.632Z,178.000,7,22.000,WYac+BcEaEqjcD+O,53.000,0vdW+g6toC/h3nqI,83.000,Cr1IDgtoIwjHadzo,110.000,uHgM+VdJzX93m/5O,154.000,h4OQZ7bMhp0Pbd5V,174.000,UfIL2xPYUWA3pa2i,178.000,jwNdRfwvt/DA6PNq,,,,,,
6,154,2026-04-05T09:35:43.810Z,132.000,7,18.000,nbm0/St8w4GUlGA4,23.000,3ro8QLJh0yyykLyV,24.000,Jg+7wzPVXO3fl6hF,49.000,WYac+BcEaEqjcD+O,77.000,0vdW+g6toC/h3nqI,104.000,Cr1IDgtoIwjHadzo,132.000,uHgM+VdJzX93m/5O,,,,,,
6,155,2026-04-05T09:35:43.942Z,114.000,7,45.000,h4OQZ7bMhp0Pbd5V,67.000,UfIL2xPYUWA3pa2i,77.000,3ro8QLJh0yyykLyV,83.000,jwNdRfwvt/DA6PNq,87.000,nbm0/St8w4GUlGA4,93.000,Jg+7wzPVXO3fl6hF,114.000,WYac+BcEaEqjcD+O,,,,,,
6,156,2026-04-05T09:35:44.056Z,176.000,8,33.000,0vdW+g6toC/h3nqI,59.000,Cr1IDgtoIwjHadzo,88.000,uHgM+VdJzX93m/5O,133.000,h4OQZ7bMhp0Pbd5V,155.000,UfIL2xPYUWA3pa2i,161.000,jwNdRfwvt/DA6PNq,175.000,3ro8QLJh0yyykLyV,177.000,nbm0/St8w4GUlGA4,,,,
6,157,2026-04-05T09:35:44.232Z,182.000,8,5.000,Jg+7wzPVXO3fl6hF,27.000,WYac+BcEaEqjcD+O,59.000,0vdW+g6toC/h3nqI,86.000,Cr1IDgtoIwjHadzo,115.000,uHgM+VdJzX93m/5O,159.000,h4OQZ7bMhp0Pbd5V,181.000,UfIL2xPYUWA3pa2i,182.000,jwNdRfwvt/DA6PNq,,,,
6,158,2026-04-05T09:35:44.414Z,134.000,7,19.000,nbm0/St8w4GUlGA4,23.000,3ro8QLJh0yyykLyV,26.000,Jg+7wzPVXO3fl6hF,45.000,WYac+BcEaEqjcD+O,77.000,0vdW+g6toC/h3nqI,105.000,Cr1IDgtoIwjHadzo,134.000,uHgM+VdJzX93m/5O,,,,,,
6,159,2026-04-05T09:35:44.548Z,113.000,7,45.000,h4OQZ7bMhp0Pbd5V,69.000,UfIL2xPYUWA3pa2i,79.000,3ro8QLJh0yyykLyV,80.000,jwNdRfwvt/DA6PNq,86.000,nbm0/St8w4GUlGA4,91.000,Jg+7wzPVXO3fl6hF,113.000,WYac+BcEaEqjcD+O,,,,,,
6,160,2026-04-05T09:35:44.661Z,168.000,7,31.000,0vdW+g6toC/h3nqI,58.000,Cr1IDgtoIwjHadzo,115.000,uHgM+VdJzX93m/5O,132.000,h4OQZ7bMhp0Pbd5V,156.000,jwNdRfwvt/DA6PNq,159.000,UfIL2xPYUWA3pa2i,168.000,3ro8QLJh0yyykLyV,,,,,,
6,161,2026-04-05T09:35:44.829Z,165.000,7,8.000,nbm0/St8w4GUlGA4,13.000,Jg+7wzPVXO3fl6hF,31.000,WYac+BcEaEqjcD+O,98.000,0vdW+g6toC/h3nqI,100.000,Cr1IDgtoIwjHadzo,121.000,uHgM+VdJzX93m/5O,165.000,h4OQZ7bMhp0Pbd5V,,,,,,
6,162,2026-04-05T09:35:44.994Z,139.000,8,28.000,jwNdRfwvt/DA6PNq,29.000,UfIL2xPYUWA3pa2i,37.000,3ro8QLJh0yyykLyV,75.000,Jg+7wzPVXO3fl6hF,79.000,WYac+BcEaEqjcD+O,102.000,0vdW+g6toC/h3nqI,139.000,nbm0/St8w4GUlGA4,167.000,Cr1IDgtoIwjHadzo,,,,
6,163,2026-04-05T09:35:45.133Z,133.000,7,19.000,uHgM+VdJzX93m/5O,63.000,h4OQZ7bMhp0Pbd5V,86.000,UfIL2xPYUWA3pa2i,88.000,jwNdRfwvt/DA6PNq,105.000,3ro8QLJh0yyykLyV,114.000,Jg+7wzPVXO3fl6hF,133.000,WYac+BcEaEqjcD+O,,,,,,
6,164,2026-04-05T09:35:45.266Z,157.000,7,29.000,0vdW+g6toC/h3nqI,58.000,Cr1IDgtoIwjHadzo,62.000,nbm0/St8w4GUlGA4,87.000,uHgM+VdJzX93m/5O,132.000,h4OQZ7bMhp0Pbd5V,154.000,jwNdRfwvt/DA6PNq,157.000,UfIL2xPYUWA3pa2i,,,,,,
6,165,2026-04-05T09:35:45.423Z,129.000,7,9.000,3ro8QLJh0yyykLyV,25.000,Jg+7wzPVXO3fl6hF,45.000,WYac+BcEaEqjcD+O,72.000,0vdW+g6toC/h3nqI,105.000,nbm0/St8w4GUlGA4,126.000,Cr1IDgtoIwjHadzo,129.000,uHgM+VdJzX93m/5O,,,,,,
6,166,2026-04-05T09:35:45.552Z,199.000,9,47.000,h4OQZ7bMhp0Pbd5V,73.000,UfIL2xPYUWA3pa2i,81.000,3ro8QLJh0yyykLyV,187.000,Jg+7wzPVXO3fl6hF,191.000,WYac+BcEaEqjcD+O,195.000,0vdW+g6toC/h3nqI,198.000,nbm0/St8w4GUlGA4,201.000,Cr1IDgtoIwjHadzo,229.000,jwNdRfwvt/DA6PNq,,
6,167,2026-04-05T09:35:45.751Z,133.000,8,6.000,uHgM+VdJzX93m/5O,49.000,h4OQZ7bMhp0Pbd5V,69.000,UfIL2xPYUWA3pa2i,74.000,jwNdRfwvt/DA6PNq,131.000,Jg+7wzPVXO3fl6hF,132.000,3ro8QLJh0yyykLyV,133.000,WYac+BcEaEqjcD+O,178.000,0vdW+g6toC/h3nqI,,,,
6,168,2026-04-05T09:35:45.884Z,151.000,7,48.000,nbm0/St8w4GUlGA4,54.000,Cr1IDgtoIwjHadzo,73.000,uHgM+VdJzX93m/5O,119.000,h4OQZ7bMhp0Pbd5V,139.000,UfIL2xPYUWA3pa2i,143.000,jwNdRfwvt/DA6PNq,151.000,3ro8QLJh0yyykLyV,,,,,,
6,169,2026-04-05T09:35:46.035Z,168.000,7,19.000,Jg+7wzPVXO3fl6hF,38.000,WYac+BcEaEqjcD+O,65.000,0vdW+g6toC/h3nqI,96.000,nbm0/St8w4GUlGA4,104.000,Cr1IDgtoIwjHadzo,121.000,uHgM+VdJzX93m/5O,168.000,h4OQZ7bMhp0Pbd5V,,,,,,
6,170,2026-04-05T09:35:46.203Z,132.000,8,23.000,jwNdRfwvt/DA6PNq,26.000,UfIL2xPYUWA3pa2i,33.000,3ro8QLJh0yyykLyV,51.000,Jg+7wzPVXO3fl6hF,70.000,WYac+BcEaEqjcD+O,100.000,0vdW+g6toC/h3nqI,132.000,nbm0/St8w4GUlGA4,146.000,Cr1IDgtoIwjHadzo,,,,
6,171,2026-04-05T09:35:46.335Z,141.000,7,24.000,uHgM+VdJzX93m/5O,70.000,h4OQZ7bMhp0Pbd5V,89.000,UfIL2xPYUWA3pa2i,103.000,3ro8QLJh0yyykLyV,122.000,Jg+7wzPVXO3fl6hF,139.000,WYac+BcEaEqjcD+O,141.000,jwNdRfwvt/DA6PNq,,,,,,
6,172,2026-04-05T09:35:46.476Z,163.000,7,28.000,0vdW+g6toC/h3nqI,59.000,nbm0/St8w4GUlGA4,61.000,Cr1IDgtoIwjHadzo,83.000,uHgM+VdJzX93m/5O,130.000,h4OQZ7bMhp0Pbd5V,151.000,UfIL2xPYUWA3pa2i,163.000,3ro8QLJh0yyykLyV,,,,,,
6,173,2026-04-05T09:35:46.639Z,121.000,7,21.000,Jg+7wzPVXO3fl6hF,27.000,jwNdRfwvt/DA6PNq,35.000,WYac+BcEaEqjcD+O,94.000,nbm0/St8w4GUlGA4,100.000,0vdW+g6toC/h3nqI,103.000,Cr1IDgtoIwjHadzo,121.000,uHgM+VdJzX93m/5O,,,,,,
6,174,2026-04-05T09:35:46.760Z,147.000,9,66.000,h4OQZ7bMhp0Pbd5V,74.000,UfIL2xPYUWA3pa2i,81.000,3ro8QLJh0yyykLyV,99.000,Jg+7wzPVXO3fl6hF,123.000,WYac+BcEaEqjcD+O,146.000,0vdW+g6toC/h3nqI,147.000,jwNdRfwvt/DA6PNq,191.000,nbm0/St8w4GUlGA4,229.000,Cr1IDgtoIwjHadzo,,
6,175,2026-04-05T09:35:46.907Z,196.000,8,54.000,uHgM+VdJzX93m/5O,123.000,UfIL2xPYUWA3pa2i,124.000,h4OQZ7bMhp0Pbd5V,133.000,3ro8QLJh0yyykLyV,152.000,Jg+7wzPVXO3fl6hF,168.000,WYac+BcEaEqjcD+O,196.000,jwNdRfwvt/DA6PNq,198.000,0vdW+g6toC/h3nqI,,,,
6,176,2026-04-05T09:35:47.103Z,160.000,7,32.000,nbm0/St8w4GUlGA4,35.000,Cr1IDgtoIwjHadzo,60.000,uHgM+VdJzX93m/5O,126.000,h4OQZ7bMhp0Pbd5V,128.000,UfIL2xPYUWA3pa2i,136.000,3ro8QLJh0yyykLyV,160.000,Jg+7wzPVXO3fl6hF,,,,,,
6,177,2026-04-05T09:35:47.263Z,167.000,8,15.000,WYac+BcEaEqjcD+O,41.000,jwNdRfwvt/DA6PNq,44.000,0vdW+g6toC/h3nqI,74.000,nbm0/St8w4GUlGA4,76.000,Cr1IDgtoIwjHadzo,100.000,uHgM+VdJzX93m/5O,167.000,h4OQZ7bMhp0Pbd5V,168.000,UfIL2xPYUWA3pa2i,,,,
6,178,2026-04-05T09:35:47.430Z,109.000,7,11.000,3ro8QLJh0yyykLyV,34.000,Jg+7wzPVXO3fl6hF,50.000,WYac+BcEaEqjcD+O,77.000,jwNdRfwvt/DA6PNq,78.000,0vdW+g6toC/h3nqI,107.000,nbm0/St8w4GUlGA4,109.000,Cr1IDgtoIwjHadzo,,,,,,
6,179,2026-04-05T09:35:47.539Z,169.000,8,25.000,uHgM+VdJzX93m/5O,92.000,h4OQZ7bMhp0Pbd5V,93.000,UfIL2xPYUWA3pa2i,103.000,3ro8QLJh0yyykLyV,123.000,Jg+7wzPVXO3fl6hF,141.000,WYac+BcEaEqjcD+O,169.000,0vdW+g6toC/h3nqI,170.000,jwNdRfwvt/DA6PNq,,,,
6,180,2026-04-05T09:35:47.708Z,154.000,7,31.000,nbm0/St8w4GUlGA4,34.000,Cr1IDgtoIwjHadzo,58.000,uHgM+VdJzX93m/5O,125.000,h4OQZ7bMhp0Pbd5V,128.000,UfIL2xPYUWA3pa2i,136.000,3ro8QLJh0yyykLyV,154.000,Jg+7wzPVXO3fl6hF,,,,,,
6,181,2026-04-05T09:35:47.862Z,172.000,8,18.000,WYac+BcEaEqjcD+O,46.000,jwNdRfwvt/DA6PNq,47.000,0vdW+g6toC/h3nqI,78.000,nbm0/St8w4GUlGA4,79.000,Cr1IDgtoIwjHadzo,106.000,uHgM+VdJzX93m/5O,172.000,h4OQZ7bMhp0Pbd5V,173.000,UfIL2xPYUWA3pa2i,,,,
6,182,2026-04-05T09:35:48.034Z,109.000,7,12.000,3ro8QLJh0yyykLyV,33.000,Jg+7wzPVXO3fl6hF,48.000,WYac+BcEaEqjcD+O,76.000,jwNdRfwvt/DA6PNq,78.000,0vdW+g6toC/h3nqI,108.000,nbm0/St8w4GUlGA4,109.000,Cr1IDgtoIwjHadzo,,,,,,
6,183,2026-04-05T09:35:48.143Z,168.000,8,27.000,uHgM+VdJzX93m/5O,93.000,h4OQZ7bMhp0Pbd5V,95.000,UfIL2xPYUWA3pa2i,104.000,3ro8QLJh0yyykLyV,123.000,Jg+7wzPVXO3fl6hF,141.000,WYac+BcEaEqjcD+O,168.000,jwNdRfwvt/DA6PNq,171.000,0vdW+g6toC/h3nqI,,,,
6,184,2026-04-05T09:35:48.311Z,158.000,7,31.000,nbm0/St8w4GUlGA4,37.000,Cr1IDgtoIwjHadzo,59.000,uHgM+VdJzX93m/5O,125.000,h4OQZ7bMhp0Pbd5V,132.000,UfIL2xPYUWA3pa2i,138.000,3ro8QLJh0yyykLyV,158.000,Jg+7wzPVXO3fl6hF,,,,,,
6,185,2026-04-05T09:35:48.469Z,168.000,8,16.000,WYac+BcEaEqjcD+O,45.000,0vdW+g6toC/h3nqI,46.000,jwNdRfwvt/DA6PNq,96.000,nbm0/St8w4GUlGA4,97.000,Cr1IDgtoIwjHadzo,103.000,uHgM+VdJzX93m/5O,168.000,UfIL2xPYUWA3pa2i,170.000,h4OQZ7bMhp0Pbd5V,,,,
6,186,2026-04-05T09:35:48.637Z,110.000,7,13.000,3ro8QLJh0yyykLyV,30.000,Jg+7wzPVXO3fl6hF,49.000,WYac+BcEaEqjcD+O,77.000,0vdW+g6toC/h3nqI,85.000,jwNdRfwvt/DA6PNq,108.000,nbm0/St8w4GUlGA4,110.000,Cr1IDgtoIwjHadzo,,,,,,
6,187,2026-04-05T09:35:48.747Z,179.000,8,96.000,uHgM+VdJzX93m/5O,98.000,UfIL2xPYUWA3pa2i,99.000,h4OQZ7bMhp0Pbd5V,105.000,3ro8QLJh0yyykLyV,131.000,Jg+7wzPVXO3fl6hF,141.000,WYac+BcEaEqjcD+O,179.000,jwNdRfwvt/DA6PNq,197.000,0vdW+g6toC/h3nqI,,,,
6,188,2026-04-05T09:35:48.926Z,146.000,7,23.000,nbm0/St8w4GUlGA4,24.000,Cr1IDgtoIwjHadzo,63.000,uHgM+VdJzX93m/5O,115.000,h4OQZ7bMhp0Pbd5V,117.000,UfIL2xPYUWA3pa2i,138.000,3ro8QLJh0yyykLyV,146.000,Jg+7wzPVXO3fl6hF,,,,,,
6,189,2026-04-05T09:35:49.072Z,170.000,8,17.000,WYac+BcEaEqjcD+O,58.000,0vdW+g6toC/h3nqI,62.000,jwNdRfwvt/DA6PNq,76.000,Cr1IDgtoIwjHadzo,78.000,nbm0/St8w4GUlGA4,105.000,uHgM+VdJzX93m/5O,170.000,h4OQZ7bMhp0Pbd5V,171.000,UfIL2xPYUWA3pa2i,,,,
6,190,2026-04-05T09:35:49.242Z,107.000,7,15.000,3ro8QLJh0yyykLyV,31.000,Jg+7wzPVXO3fl6hF,47.000,WYac+BcEaEqjcD+O,75.000,0vdW+g6toC/h3nqI,87.000,jwNdRfwvt/DA6PNq,106.000,Cr1IDgtoIwjHadzo,107.000,nbm0/St8w4GUlGA4,,,,,,
6,191,2026-04-05T09:35:49.349Z,170.000,8,28.000,uHgM+VdJzX93m/5O,93.000,UfIL2xPYUWA3pa2i,94.000,h4OQZ7bMhp0Pbd5V,108.000,3ro8QLJh0yyykLyV,124.000,Jg+7wzPVXO3fl6hF,142.000,WYac+BcEaEqjcD+O,170.000,0vdW+g6toC/h3nqI,226.000,jwNdRfwvt/DA6PNq,,,,
6,192,2026-04-05T09:35:49.519Z,155.000,7,31.000,Cr1IDgtoIwjHadzo,32.000,nbm0/St8w4GUlGA4,59.000,uHgM+VdJzX93m/5O,124.000,UfIL2xPYUWA3pa2i,125.000,h4OQZ7bMhp0Pbd5V,142.000,3ro8QLJh0yyykLyV,155.000,Jg+7wzPVXO3fl6hF,,,,,,
6,193,2026-04-05T09:35:49.674Z,171.000,8,19.000,WYac+BcEaEqjcD+O,47.000,0vdW+g6toC/h3nqI,60.000,jwNdRfwvt/DA6PNq,77.000,nbm0/St8w4GUlGA4,106.000,uHgM+VdJzX93m/5O,154.000,Cr1IDgtoIwjHadzo,171.000,h4OQZ7bMhp0Pbd5V,172.000,UfIL2xPYUWA3pa2i,,,,
6,194,2026-04-05T09:35:49.845Z,111.000,7,18.000,3ro8QLJh0yyykLyV,35.000,Jg+7wzPVXO3fl6hF,64.000,WYac+BcEaEqjcD+O,77.000,0vdW+g6toC/h3nqI,84.000,jwNdRfwvt/DA6PNq,109.000,nbm0/St8w4GUlGA4,110.000,Cr1IDgtoIwjHadzo,,,,,,
6,195,2026-04-05T09:35:49.956Z,166.000,7,25.000,uHgM+VdJzX93m/5O,91.000,h4OQZ7bMhp0Pbd5V,93.000,UfIL2xPYUWA3pa2i,108.000,3ro8QLJh0yyykLyV,122.000,Jg+7wzPVXO3fl6hF,139.000,WYac+BcEaEqjcD+O,166.000,0vdW+g6toC/h3nqI,,,,,,
6,196,2026-04-05T09:35:50.122Z,144.000,7,6.000,jwNdRfwvt/DA6PNq,33.000,Cr1IDgtoIwjHadzo,34.000,nbm0/St8w4GUlGA4,60.000,uHgM+VdJzX93m/5O,124.000,h4OQZ7bMhp0Pbd5V,125.000,UfIL2xPYUWA3pa2i,144.000,3ro8QLJh0yyykLyV,,,,,,
6,197,2026-04-05T09:35:50.266Z,118.000,7,12.000,Jg+7wzPVXO3fl6hF,29.000,WYac+BcEaEqjcD+O,63.000,0vdW+g6toC/h3nqI,65.000,jwNdRfwvt/DA6PNq,90.000,nbm0/St8w4GUlGA4,92.000,Cr1IDgtoIwjHadzo,118.000,uHgM+VdJzX93m/5O,,,,,,
6,198,2026-04-05T09:35:50.384Z,194.000,7,64.000,h4OQZ7bMhp0Pbd5V,65.000,UfIL2xPYUWA3pa2i,185.000,3ro8QLJh0yyykLyV,187.000,Jg+7wzPVXO3fl6hF,189.000,WYac+BcEaEqjcD+O,191.000,0vdW+g6toC/h3nqI,193.000,jwNdRfwvt/DA6PNq,,,,,,
6,199,2026-04-05T09:35:50.578Z,104.000,7,2.000,Cr1IDgtoIwjHadzo,3.000,nbm0/St8w4GUlGA4,7.000,uHgM+VdJzX93m/5O,71.000,UfIL2xPYUWA3pa2i,72.000,h4OQZ7bMhp0Pbd5V,89.000,3ro8QLJh0yyykLyV,104.000,Jg+7wzPVXO3fl6hF,,,,,,
6,200,2026-04-05T09:35:50.682Z,169.000,8,19.000,WYac+BcEaEqjcD+O,44.000,0vdW+g6toC/h3nqI,49.000,jwNdRfwvt/DA6PNq,75.000,nbm0/St8w4GUlGA4,77.000,Cr1IDgtoIwjHadzo,105.000,uHgM+VdJzX93m/5O,169.000,UfIL2xPYUWA3pa2i,169.000,h4OQZ7bMhp0Pbd5V,,,,
6,201,2026-04-05T09:35:50.851Z,117.000,7,17.000,3ro8QLJh0yyykLyV,30.000,Jg+7wzPVXO3fl6hF,49.000,WYac+BcEaEqjcD+O,75.000,0vdW+g6toC/h3nqI,82.000,jwNdRfwvt/DA6PNq,107.000,Cr1IDgtoIwjHadzo,117.000,nbm0/St8w4GUlGA4,,,,,,
6,202,2026-04-05T09:35:50.968Z,159.000,7,19.000,uHgM+VdJzX93m/5O,83.000,h4OQZ7bMhp0Pbd5V,85.000,UfIL2xPYUWA3pa2i,100.000,3ro8QLJh0yyykLyV,113.000,Jg+7wzPVXO3fl6hF,133.000,WYac+BcEaEqjcD+O,159.000,0vdW+g6toC/h3nqI,,,,,,
6,203,2026-04-05T09:35:51.127Z,143.000,7,5.000,jwNdRfwvt/DA6PNq,30.000,Cr1IDgtoIwjHadzo,41.000,nbm0/St8w4GUlGA4,61.000,uHgM+VdJzX93m/5O,126.000,UfIL2xPYUWA3pa2i,127.000,h4OQZ7bMhp0Pbd5V,143.000,3ro8QLJh0yyykLyV,,,,,,
6,204,2026-04-05T09:35:51.270Z,120.000,7,14.000,Jg+7wzPVXO3fl6hF,33.000,WYac+BcEaEqjcD+O,58.000,0vdW+g6toC/h3nqI,64.000,jwNdRfwvt/DA6PNq,90.000,Cr1IDgtoIwjHadzo,99.000,nbm0/St8w4GUlGA4,120.000,uHgM+VdJzX93m/5O,,,,,,
6,205,2026-04-05T09:35:51.390Z,145.000,7,63.000,h4OQZ7bMhp0Pbd5V,65.000,UfIL2xPYUWA3pa2i,93.000,3ro8QLJh0yyykLyV,96.000,Jg+7wzPVXO3fl6hF,117.000,WYac+BcEaEqjcD+O,140.000,0vdW+g6toC/h3nqI,145.000,jwNdRfwvt/DA6PNq,,,,,,
6,206,2026-04-05T09:35:51.535Z,152.000,7,27.000,Cr1IDgtoIwjHadzo,35.000,nbm0/St8w4GUlGA4,57.000,uHgM+VdJzX93m/5O,119.000,h4OQZ7bMhp0Pbd5V,121.000,UfIL2xPYUWA3pa2i,149.000,3ro8QLJh0yyykLyV,152.000,Jg+7wzPVXO3fl6hF,,,,,,
6,207,2026-04-05T09:35:51.687Z,169.000,8,19.000,WYac+BcEaEqjcD+O,45.000,0vdW+g6toC/h3nqI,48.000,jwNdRfwvt/DA6PNq,75.000,Cr1IDgtoIwjHadzo,83.000,nbm0/St8w4GUlGA4,107.000,uHgM+VdJzX93m/5O,169.000,h4OQZ7bMhp0Pbd5V,170.000,UfIL2xPYUWA3pa2i,,,,
6,208,2026-04-05T09:35:51.856Z,116.000,7,19.000,3ro8QLJh0yyykLyV,31.000,Jg+7wzPVXO3fl6hF,53.000,WYac+BcEaEqjcD+O,78.000,0vdW+g6toC/h3nqI,82.000,jwNdRfwvt/DA6PNq,109.000,Cr1IDgtoIwjHadzo,116.000,nbm0/St8w4GUlGA4,,,,,,
6,209,2026-04-05T09:35:51.972Z,162.000,7,23.000,uHgM+VdJzX93m/5O,87.000,UfIL2xPYUWA3pa2i,87.000,h4OQZ7bMhp0Pbd5V,105.000,3ro8QLJh0yyykLyV,116.000,Jg+7wzPVXO3fl6hF,137.000,WYac+BcEaEqjcD+O,162.000,0vdW+g6toC/h3nqI,,,,,,
6,210,2026-04-05T09:35:52.134Z,144.000,7,6.000,jwNdRfwvt/DA6PNq,31.000,Cr1IDgtoIwjHadzo,40.000,nbm0/St8w4GUlGA4,62.000,uHgM+VdJzX93m/5O,126.000,UfIL2xPYUWA3pa2i,128.000,h4OQZ7bMhp0Pbd5V,144.000,3ro8QLJh0yyykLyV,,,,,,
6,211,2026-04-05T09:35:52.278Z,119.000,7,14.000,Jg+7wzPVXO3fl6hF,35.000,WYac+BcEaEqjcD+O,59.000,0vdW+g6toC/h3nqI,93.000,Cr1IDgtoIwjHadzo,96.000,nbm0/St8w4GUlGA4,101.000,jwNdRfwvt/DA6PNq,119.000,uHgM+VdJzX93m/5O,,,,,,
6,212,2026-04-05T09:35:52.397Z,144.000,7,64.000,h4OQZ7bMhp0Pbd5V,65.000,UfIL2xPYUWA3pa2i,85.000,3ro8QLJh0yyykLyV,95.000,Jg+7wzPVXO3fl6hF,115.000,WYac+BcEaEqjcD+O,140.000,0vdW+g6toC/h3nqI,144.000,jwNdRfwvt/DA6PNq,,,,,,
6,213,2026-04-05T09:35:52.541Z,163.000,7,27.000,Cr1IDgtoIwjHadzo,34.000,nbm0/St8w4GUlGA4,58.000,uHgM+VdJzX93m/5O,121.000,h4OQZ7bMhp0Pbd5V,122.000,UfIL2xPYUWA3pa2i,141.000,3ro8QLJh0yyykLyV,163.000,Jg+7wzPVXO3fl6hF,,,,,,
6,214,2026-04-05T09:35:52.704Z,185.000,8,10.000,WYac+BcEaEqjcD+O,36.000,0vdW+g6toC/h3nqI,40.000,jwNdRfwvt/DA6PNq,66.000,Cr1IDgtoIwjHadzo,74.000,nbm0/St8w4GUlGA4,97.000,uHgM+VdJzX93m/5O,185.000,UfIL2xPYUWA3pa2i,186.000,h4OQZ7bMhp0Pbd5V,,,,
6,215,2026-04-05T09:35:52.889Z,95.000,7,3.000,3ro8QLJh0yyykLyV,16.000,Jg+7wzPVXO3fl6hF,25.000,WYac+BcEaEqjcD+O,51.000,0vdW+g6toC/h3nqI,57.000,jwNdRfwvt/DA6PNq,82.000,Cr1IDgtoIwjHadzo,95.000,nbm0/St8w4GUlGA4,,,,,,
6,216,2026-04-05T09:35:52.984Z,162.000,8,17.000,uHgM+VdJzX93m/5O,81.000,UfIL2xPYUWA3pa2i,82.000,h4OQZ7bMhp0Pbd5V,101.000,3ro8QLJh0yyykLyV,120.000,Jg+7wzPVXO3fl6hF,136.000,WYac+BcEaEqjcD+O,162.000,jwNdRfwvt/DA6PNq,245.000,0vdW+g6toC/h3nqI,,,,
6,217,2026-04-05T09:35:53.146Z,161.000,7,25.000,Cr1IDgtoIwjHadzo,34.000,nbm0/St8w4GUlGA4,55.000,uHgM+VdJzX93m/5O,119.000,h4OQZ7bMhp0Pbd5V,121.000,UfIL2xPYUWA3pa2i,139.000,3ro8QLJh0yyykLyV,161.000,Jg+7wzPVXO3fl6hF,,,,,,
6,218,2026-04-05T09:35:53.307Z,161.000,8,10.000,WYac+BcEaEqjcD+O,40.000,jwNdRfwvt/DA6PNq,68.000,Cr1IDgtoIwjHadzo,74.000,nbm0/St8w4GUlGA4,97.000,uHgM+VdJzX93m/5O,115.000,0vdW+g6toC/h3nqI,161.000,UfIL2xPYUWA3pa2i,170.000,h4OQZ7bMhp0Pbd5V,,,,
6,219,2026-04-05T09:35:53.468Z,138.000,7,17.000,3ro8QLJh0yyykLyV,42.000,Jg+7wzPVXO3fl6hF,48.000,WYac+BcEaEqjcD+O,82.000,jwNdRfwvt/DA6PNq,115.000,nbm0/St8w4GUlGA4,117.000,Cr1IDgtoIwjHadzo,137.000,uHgM+VdJzX93m/5O,,,,,,
6,220,2026-04-05T09:35:53.606Z,145.000,7,18.000,0vdW+g6toC/h3nqI,63.000,h4OQZ7bMhp0Pbd5V,64.000,UfIL2xPYUWA3pa2i,80.000,3ro8QLJh0yyykLyV,105.000,Jg+7wzPVXO3fl6hF,113.000,WYac+BcEaEqjcD+O,145.000,jwNdRfwvt/DA6PNq,,,,,,
6,221,2026-04-05T09:35:53.751Z,136.000,7,24.000,Cr1IDgtoIwjHadzo,33.000,nbm0/St8w4GUlGA4,57.000,uHgM+VdJzX93m/5O,73.000,0vdW+g6toC/h3nqI,118.000,h4OQZ7bMhp0Pbd5V,119.000,UfIL2xPYUWA3pa2i,136.000,3ro8QLJh0yyykLyV,,,,,,
6,222,2026-04-05T09:35:53.887Z,140.000,7,25.000,Jg+7wzPVXO3fl6hF,35.000,WYac+BcEaEqjcD+O,64.000,jwNdRfwvt/DA6PNq,89.000,Cr1IDgtoIwjHadzo,97.000,nbm0/St8w4GUlGA4,120.000,uHgM+VdJzX93m/5O,139.000,0vdW+g6toC/h3nqI,,,,,,
6,223,2026-04-05T09:35:54.027Z,152.000,7,43.000,UfIL2xPYUWA3pa2i,43.000,h4OQZ7bMhp0Pbd5V,60.000,3ro8QLJh0yyykLyV,85.000,Jg+7wzPVXO3fl6hF,101.000,WYac+BcEaEqjcD+O,125.000,jwNdRfwvt/DA6PNq,152.000,Cr1IDgtoIwjHadzo,,,,,,
6,224,2026-04-05T09:35:54.179Z,136.000,7,6.000,nbm0/St8w4GUlGA4,30.000,uHgM+VdJzX93m/5O,47.000,0vdW+g6toC/h3nqI,93.000,UfIL2xPYUWA3pa2i,94.000,h4OQZ7bMhp0Pbd5V,110.000,3ro8QLJh0yyykLyV,135.000,Jg+7wzPVXO3fl6hF,,,,,,
6,225,2026-04-05T09:35:54.315Z,199.000,8,9.000,WYac+BcEaEqjcD+O,42.000,jwNdRfwvt/DA6PNq,64.000,Cr1IDgtoIwjHadzo,72.000,nbm0/St8w4GUlGA4,96.000,uHgM+VdJzX93m/5O,121.000,0vdW+g6toC/h3nqI,199.000,UfIL2xPYUWA3pa2i,200.000,h4OQZ7bMhp0Pbd5V,,,,
6,226,2026-04-05T09:35:54.514Z,116.000,8,2.000,3ro8QLJh0yyykLyV,3.000,Jg+7wzPVXO3fl6hF,9.000,WYac+BcEaEqjcD+O,58.000,jwNdRfwvt/DA6PNq,75.000,nbm0/St8w4GUlGA4,98.000,uHgM+VdJzX93m/5O,116.000,0vdW+g6toC/h3nqI,126.000,Cr1IDgtoIwjHadzo,,,,
6,227,2026-04-05T09:35:54.630Z,149.000,7,44.000,UfIL2xPYUWA3pa2i,45.000,h4OQZ7bMhp0Pbd5V,61.000,3ro8QLJh0yyykLyV,87.000,Jg+7wzPVXO3fl6hF,94.000,WYac+BcEaEqjcD+O,139.000,jwNdRfwvt/DA6PNq,149.000,Cr1IDgtoIwjHadzo,,,,,,
6,228,2026-04-05T09:35:54.779Z,138.000,7,10.000,nbm0/St8w4GUlGA4,63.000,uHgM+VdJzX93m/5O,64.000,0vdW+g6toC/h3nqI,96.000,h4OQZ7bMhp0Pbd5V,96.000,UfIL2xPYUWA3pa2i,112.000,3ro8QLJh0yyykLyV,138.000,Jg+7wzPVXO3fl6hF,,,,,,
6,229,2026-04-05T09:35:54.917Z,158.000,8,9.000,WYac+BcEaEqjcD+O,54.000,jwNdRfwvt/DA6PNq,65.000,Cr1IDgtoIwjHadzo,73.000,nbm0/St8w4GUlGA4,97.000,uHgM+VdJzX93m/5O,113.000,0vdW+g6toC/h3nqI,158.000,UfIL2xPYUWA3pa2i,159.000,h4OQZ7bMhp0Pbd5V,,,,
6,230,2026-04-05T09:35:55.075Z,140.000,7,18.000,3ro8QLJh0yyykLyV,44.000,Jg+7wzPVXO3fl6hF,59.000,WYac+BcEaEqjcD+O,97.000,jwNdRfwvt/DA6PNq,108.000,Cr1IDgtoIwjHadzo,116.000,nbm0/St8w4GUlGA4,140.000,uHgM+VdJzX93m/5O,,,,,,
6,231,2026-04-05T09:35:55.215Z,211.000,8,16.000,0vdW+g6toC/h3nqI,63.000,h4OQZ7bMhp0Pbd5V,67.000,UfIL2xPYUWA3pa2i,80.000,3ro8QLJh0yyykLyV,105.000,Jg+7wzPVXO3fl6hF,113.000,WYac+BcEaEqjcD+O,211.000,jwNdRfwvt/DA6PNq,213.000,uHgM+VdJzX93m/5O,,,,
6,232,2026-04-05T09:35:55.426Z,95.000,7,1.000,Cr1IDgtoIwjHadzo,2.000,nbm0/St8w4GUlGA4,6.000,0vdW+g6toC/h3nqI,52.000,h4OQZ7bMhp0Pbd5V,63.000,UfIL2xPYUWA3pa2i,70.000,3ro8QLJh0yyykLyV,95.000,Jg+7wzPVXO3fl6hF,,,,,,
6,233,2026-04-05T09:35:55.521Z,157.000,8,8.000,WYac+BcEaEqjcD+O,53.000,jwNdRfwvt/DA6PNq,64.000,Cr1IDgtoIwjHadzo,72.000,nbm0/St8w4GUlGA4,107.000,uHgM+VdJzX93m/5O,113.000,0vdW+g6toC/h3nqI,157.000,h4OQZ7bMhp0Pbd5V,169.000,UfIL2xPYUWA3pa2i,,,,
6,234,2026-04-05T09:35:55.678Z,151.000,7,19.000,3ro8QLJh0yyykLyV,47.000,Jg+7wzPVXO3fl6hF,54.000,WYac+BcEaEqjcD+O,98.000,jwNdRfwvt/DA6PNq,109.000,Cr1IDgtoIwjHadzo,116.000,nbm0/St8w4GUlGA4,151.000,uHgM+VdJzX93m/5O,,,,,,
6,235,2026-04-05T09:35:55.829Z,148.000,7,7.000,0vdW+g6toC/h3nqI,50.000,h4OQZ7bMhp0Pbd5V,53.000,UfIL2xPYUWA3pa2i,69.000,3ro8QLJh0yyykLyV,95.000,Jg+7wzPVXO3fl6hF,104.000,WYac+BcEaEqjcD+O,148.000,jwNdRfwvt/DA6PNq,,,,,,
6,236,2026-04-05T09:35:55.977Z,122.000,7,12.000,Cr1IDgtoIwjHadzo,19.000,nbm0/St8w4GUlGA4,54.000,uHgM+VdJzX93m/5O,61.000,0vdW+g6toC/h3nqI,106.000,UfIL2xPYUWA3pa2i,111.000,h4OQZ7bMhp0Pbd5V,122.000,3ro8QLJh0yyykLyV,,,,,,
6,237,2026-04-05T09:35:56.099Z,139.000,7,26.000,Jg+7wzPVXO3fl6hF,35.000,WYac+BcEaEqjcD+O,90.000,jwNdRfwvt/DA6PNq,92.000,Cr1IDgtoIwjHadzo,99.000,nbm0/St8w4GUlGA4,133.000,uHgM+VdJzX93m/5O,139.000,0vdW+g6toC/h3nqI,,,,,,
6,238,2026-04-05T09:35:56.238Z,153.000,7,44.000,UfIL2xPYUWA3pa2i,46.000,h4OQZ7bMhp0Pbd5V,63.000,3ro8QLJh0yyykLyV,144.000,Jg+7wzPVXO3fl6hF,145.000,WYac+BcEaEqjcD+O,146.000,jwNdRfwvt/DA6PNq,153.000,Cr1IDgtoIwjHadzo,,,,,,
6,239,2026-04-05T09:35:56.391Z,145.000,8,6.000,nbm0/St8w4GUlGA4,42.000,uHgM+VdJzX93m/5O,48.000,0vdW+g6toC/h3nqI,108.000,UfIL2xPYUWA3pa2i,108.000,h4OQZ7bMhp0Pbd5V,111.000,3ro8QLJh0yyykLyV,144.000,Jg+7wzPVXO3fl6hF,145.000,WYac+BcEaEqjcD+O,,,,
6,240,2026-04-05T09:35:56.536Z,150.000,7,45.000,jwNdRfwvt/DA6PNq,56.000,Cr1IDgtoIwjHadzo,62.000,nbm0/St8w4GUlGA4,98.000,uHgM+VdJzX93m/5O,105.000,0vdW+g6toC/h3nqI,149.000,UfIL2xPYUWA3pa2i,150.000,h4OQZ7bMhp0Pbd5V,,,,,,
6,241,2026-04-05T09:35:56.686Z,149.000,7,17.000,3ro8QLJh0yyykLyV,50.000,Jg+7wzPVXO3fl6hF,51.000,WYac+BcEaEqjcD+O,97.000,jwNdRfwvt/DA6PNq,108.000,Cr1IDgtoIwjHadzo,115.000,nbm0/St8w4GUlGA4,149.000,uHgM+VdJzX93m/5O,,,,,,
6,242,2026-04-05T09:35:56.835Z,151.000,7,8.000,0vdW+g6toC/h3nqI,50.000,h4OQZ7bMhp0Pbd5V,55.000,UfIL2xPYUWA3pa2i,72.000,3ro8QLJh0yyykLyV,103.000,Jg+7wzPVXO3fl6hF,104.000,WYac+BcEaEqjcD+O,151.000,jwNdRfwvt/DA6PNq,,,,,,
6,243,2026-04-05T09:35:56.986Z,123.000,7,10.000,Cr1IDgtoIwjHadzo,18.000,nbm0/St8w4GUlGA4,50.000,uHgM+VdJzX93m/5O,60.000,0vdW+g6toC/h3nqI,102.000,UfIL2xPYUWA3pa2i,105.000,h4OQZ7bMhp0Pbd5V,123.000,3ro8QLJh0yyykLyV,,,,,,
6,244,2026-04-05T09:35:57.109Z,158.000,7,30.000,WYac+BcEaEqjcD+O,31.000,Jg+7wzPVXO3fl6hF,78.000,jwNdRfwvt/DA6PNq,87.000,Cr1IDgtoIwjHadzo,95.000,nbm0/St8w4GUlGA4,155.000,0vdW+g6toC/h3nqI,158.000,uHgM+VdJzX93m/5O,,,,,,
6,245,2026-04-05T09:35:57.267Z,131.000,7,23.000,UfIL2xPYUWA3pa2i,26.000,h4OQZ7bMhp0Pbd5V,43.000,3ro8QLJh0yyykLyV,73.000,Jg+7wzPVXO3fl6hF,76.000,WYac+BcEaEqjcD+O,120.000,jwNdRfwvt/DA6PNq,131.000,Cr1IDgtoIwjHadzo,,,,,,
6,246,2026-04-05T09:35:57.398Z,144.000,8,7.000,nbm0/St8w4GUlGA4,51.000,0vdW+g6toC/h3nqI,66.000,uHgM+VdJzX93m/5O,92.000,UfIL2xPYUWA3pa2i,94.000,h4OQZ7bMhp0Pbd5V,113.000,3ro8QLJh0yyykLyV,144.000,Jg+7wzPVXO3fl6hF,145.000,WYac+BcEaEqjcD+O,,,,
6,247,2026-04-05T09:35:57.542Z,150.000,7,47.000,jwNdRfwvt/DA6PNq,57.000,Cr1IDgtoIwjHadzo,66.000,nbm0/St8w4GUlGA4,106.000,0vdW+g6toC/h3nqI,123.000,uHgM+VdJzX93m/5O,148.000,UfIL2xPYUWA3pa2i,150.000,h4OQZ7bMhp0Pbd5V,,,,,,
6,248,2026-04-05T09:35:57.692Z,202.000,10,21.000,3ro8QLJh0yyykLyV,50.000,WYac+BcEaEqjcD+O,52.000,Jg+7wzPVXO3fl6hF,97.000,jwNdRfwvt/DA6PNq,109.000,Cr1IDgtoIwjHadzo,176.000,uHgM+VdJzX93m/5O,201.000,UfIL2xPYUWA3pa2i,203.000,h4OQZ7bMhp0Pbd5V,249.000,nbm0/St8w4GUlGA4,334.000,0vdW+g6toC/h3nqI
6,249,2026-04-05T09:35:57.894Z,175.000,7,20.000,3ro8QLJh0yyykLyV,76.000,WYac+BcEaEqjcD+O,89.000,Jg+7wzPVXO3fl6hF,106.000,jwNdRfwvt/DA6PNq,109.000,Cr1IDgtoIwjHadzo,117.000,nbm0/St8w4GUlGA4,174.000,uHgM+VdJzX93m/5O,,,,,,
6,250,2026-04-05T09:35:58.069Z,131.000,8,25.000,UfIL2xPYUWA3pa2i,26.000,h4OQZ7bMhp0Pbd5V,46.000,3ro8QLJh0yyykLyV,76.000,Jg+7wzPVXO3fl6hF,77.000,WYac+BcEaEqjcD+O,123.000,jwNdRfwvt/DA6PNq,131.000,0vdW+g6toC/h3nqI,136.000,Cr1IDgtoIwjHadzo,,,,
6,251,2026-04-05T09:35:58.200Z,148.000,7,15.000,nbm0/St8w4GUlGA4,70.000,uHgM+VdJzX93m/5O,96.000,h4OQZ7bMhp0Pbd5V,97.000,UfIL2xPYUWA3pa2i,116.000,3ro8QLJh0yyykLyV,146.000,WYac+BcEaEqjcD+O,148.000,Jg+7wzPVXO3fl6hF,,,,,,
6,252,2026-04-05T09:35:58.348Z,169.000,8,45.000,jwNdRfwvt/DA6PNq,53.000,0vdW+g6toC/h3nqI,60.000,Cr1IDgtoIwjHadzo,65.000,nbm0/St8w4GUlGA4,126.000,uHgM+VdJzX93m/5O,148.000,UfIL2xPYUWA3pa2i,169.000,3ro8QLJh0yyykLyV,174.000,h4OQZ7bMhp0Pbd5V,,,,
6,253,2026-04-05T09:35:58.517Z,155.000,7,30.000,WYac+BcEaEqjcD+O,31.000,Jg+7wzPVXO3fl6hF,76.000,jwNdRfwvt/DA6PNq,85.000,0vdW+g6toC/h3nqI,90.000,Cr1IDgtoIwjHadzo,96.000,nbm0/St8w4GUlGA4,155.000,uHgM+VdJzX93m/5O,,,,,,
6,254,2026-04-05T09:35:58.672Z,134.000,7,25.000,UfIL2xPYUWA3pa2i,27.000,h4OQZ7bMhp0Pbd5V,46.000,3ro8QLJh0yyykLyV,77.000,WYac+BcEaEqjcD+O,77.000,Jg+7wzPVXO3fl6hF,122.000,jwNdRfwvt/DA6PNq,134.000,0vdW+g6toC/h3nqI,,,,,,
6,255,2026-04-05T09:35:58.806Z,142.000,8,1.000,Cr1IDgtoIwjHadzo,7.000,nbm0/St8w4GUlGA4,67.000,uHgM+VdJzX93m/5O,91.000,h4OQZ7bMhp0Pbd5V,92.000,UfIL2xPYUWA3pa2i,112.000,3ro8QLJh0yyykLyV,142.000,WYac+BcEaEqjcD+O,144.000,Jg+7wzPVXO3fl6hF,,,,
6,256,2026-04-05T09:35:58.948Z,152.000,7,48.000,jwNdRfwvt/DA6PNq,57.000,0vdW+g6toC/h3nqI,62.000,Cr1IDgtoIwjHadzo,67.000,nbm0/St8w4GUlGA4,126.000,uHgM+VdJzX93m/5O,151.000,h4OQZ7bMhp0Pbd5V,152.000,UfIL2xPYUWA3pa2i,,,,,,
6,257,2026-04-05T09:35:59.100Z,115.000,7,19.000,3ro8QLJh0yyykLyV,49.000,Jg+7wzPVXO3fl6hF,53.000,WYac+BcEaEqjcD+O,98.000,jwNdRfwvt/DA6PNq,104.000,0vdW+g6toC/h3nqI,110.000,Cr1IDgtoIwjHadzo,115.000,nbm0/St8w4GUlGA4,,,,,,
6,258,2026-04-05T09:35:59.215Z,184.000,7,60.000,uHgM+VdJzX93m/5O,84.000,h4OQZ7bMhp0Pbd5V,87.000,UfIL2xPYUWA3pa2i,106.000,3ro8QLJh0yyykLyV,138.000,Jg+7wzPVXO3fl6hF,139.000,WYac+BcEaEqjcD+O,184.000,jwNdRfwvt/DA6PNq,,,,,,
6,259,2026-04-05T09:35:59.399Z,121.000,7,8.000,0vdW+g6toC/h3nqI,12.000,Cr1IDgtoIwjHadzo,18.000,nbm0/St8w4GUlGA4,77.000,uHgM+VdJzX93m/5O,102.000,h4OQZ7bMhp0Pbd5V,103.000,UfIL2xPYUWA3pa2i,121.000,3ro8QLJh0yyykLyV,,,,,,
6,260,2026-04-05T09:35:59.520Z,183.000,7,31.000,WYac+BcEaEqjcD+O,33.000,Jg+7wzPVXO3fl6hF,89.000,0vdW+g6toC/h3nqI,97.000,nbm0/St8w4GUlGA4,160.000,Cr1IDgtoIwjHadzo,165.000,jwNdRfwvt/DA6PNq,183.000,UfIL2xPYUWA3pa2i,,,,,,
6,261,2026-04-05T09:35:59.703Z,386.000,7,19.000,3ro8QLJh0yyykLyV,116.000,nbm0/St8w4GUlGA4,141.000,Cr1IDgtoIwjHadzo,200.000,UfIL2xPYUWA3pa2i,378.000,Jg+7wzPVXO3fl6hF,382.000,WYac+BcEaEqjcD+O,386.000,0vdW+g6toC/h3nqI,,,,,,
6,262,2026-04-05T09:36:00.089Z,105.000,10,6.000,3ro8QLJh0yyykLyV,17.000,UfIL2xPYUWA3pa2i,57.000,nbm0/St8w4GUlGA4,91.000,0vdW+g6toC/h3nqI,102.000,Jg+7wzPVXO3fl6hF,104.000,jwNdRfwvt/DA6PNq,105.000,uHgM+VdJzX93m/5O,110.000,h4OQZ7bMhp0Pbd5V,112.000,Cr1IDgtoIwjHadzo,162.000,WYac+BcEaEqjcD+O
6,263,2026-04-05T09:36:00.194Z,113.000,9,103.000,0vdW+g6toC/h3nqI,105.000,3ro8QLJh0yyykLyV,106.000,uHgM+VdJzX93m/5O,108.000,nbm0/St8w4GUlGA4,110.000,Cr1IDgtoIwjHadzo,112.000,jwNdRfwvt/DA6PNq,113.000,Jg+7wzPVXO3fl6hF,115.000,h4OQZ7bMhp0Pbd5V,118.000,UfIL2xPYUWA3pa2i,,
6,264,2026-04-05T09:36:00.307Z,195.000,9,136.000,WYac+BcEaEqjcD+O,188.000,0vdW+g6toC/h3nqI,189.000,3ro8QLJh0yyykLyV,190.000,nbm0/St8w4GUlGA4,190.000,uHgM+VdJzX93m/5O,194.000,jwNdRfwvt/DA6PNq,195.000,Cr1IDgtoIwjHadzo,200.000,Jg+7wzPVXO3fl6hF,210.000,h4OQZ7bMhp0Pbd5V,,
6,265,2026-04-05T09:36:00.502Z,486.000,7,6.000,UfIL2xPYUWA3pa2i,193.000,nbm0/St8w4GUlGA4,193.000,3ro8QLJh0yyykLyV,197.000,Cr1IDgtoIwjHadzo,477.000,WYac+BcEaEqjcD+O,479.000,h4OQZ7bMhp0Pbd5V,486.000,uHgM+VdJzX93m/5O,,,,,,
6,266,2026-04-05T09:36:00.988Z,93.000,10,5.000,UfIL2xPYUWA3pa2i,7.000,nbm0/St8w4GUlGA4,8.000,Cr1IDgtoIwjHadzo,77.000,uHgM+VdJzX93m/5O,84.000,3ro8QLJh0yyykLyV,90.000,0vdW+g6toC/h3nqI,93.000,jwNdRfwvt/DA6PNq,95.000,h4OQZ7bMhp0Pbd5V,100.000,Jg+7wzPVXO3fl6hF,102.000,WYac+BcEaEqjcD+O
6,267,2026-04-05T09:36:01.081Z,123.000,9,112.000,uHgM+VdJzX93m/5O,113.000,jwNdRfwvt/DA6PNq,116.000,nbm0/St8w4GUlGA4,119.000,UfIL2xPYUWA3pa2i,120.000,Cr1IDgtoIwjHadzo,122.000,h4OQZ7bMhp0Pbd5V,123.000,0vdW+g6toC/h3nqI,126.000,WYac+BcEaEqjcD+O,129.000,Jg+7wzPVXO3fl6hF,,
6,268,2026-04-05T09:36:01.204Z,204.000,10,67.000,3ro8QLJh0yyykLyV,192.000,Cr1IDgtoIwjHadzo,194.000,uHgM+VdJzX93m/5O,196.000,UfIL2xPYUWA3pa2i,198.000,nbm0/St8w4GUlGA4,203.000,Jg+7wzPVXO3fl6hF,204.000,h4OQZ7bMhp0Pbd5V,205.000,0vdW+g6toC/h3nqI,207.000,WYac+BcEaEqjcD+O,210.000,jwNdRfwvt/DA6PNq
6,269,2026-04-05T09:36:01.408Z,597.000,8,63.000,3ro8QLJh0yyykLyV,188.000,nbm0/St8w4GUlGA4,189.000,UfIL2xPYUWA3pa2i,195.000,Cr1IDgtoIwjHadzo,586.000,h4OQZ7bMhp0Pbd5V,591.000,jwNdRfwvt/DA6PNq,597.000,uHgM+VdJzX93m/5O,607.000,WYac+BcEaEqjcD+O,,,,
6,270,2026-04-05T09:36:02.005Z,116.000,10,5.000,nbm0/St8w4GUlGA4,7.000,3ro8QLJh0yyykLyV,22.000,Cr1IDgtoIwjHadzo,87.000,UfIL2xPYUWA3pa2i,110.000,Jg+7wzPVXO3fl6hF,112.000,jwNdRfwvt/DA6PNq,115.000,h4OQZ7bMhp0Pbd5V,117.000,0vdW+g6toC/h3nqI,120.000,uHgM+VdJzX93m/5O,126.000,WYac+BcEaEqjcD+O
6,271,2026-04-05T09:36:02.121Z,105.000,9,92.000,uHgM+VdJzX93m/5O,93.000,0vdW+g6toC/h3nqI,94.000,Jg+7wzPVXO3fl6hF,95.000,3ro8QLJh0yyykLyV,100.000,jwNdRfwvt/DA6PNq,103.000,Cr1IDgtoIwjHadzo,105.000,h4OQZ7bMhp0Pbd5V,107.000,nbm0/St8w4GUlGA4,109.000,WYac+BcEaEqjcD+O,,
6,272,2026-04-05T09:36:02.226Z,589.000,7,55.000,UfIL2xPYUWA3pa2i,190.000,nbm0/St8w4GUlGA4,191.000,Cr1IDgtoIwjHadzo,192.000,3ro8QLJh0yyykLyV,583.000,uHgM+VdJzX93m/5O,588.000,jwNdRfwvt/DA6PNq,589.000,h4OQZ7bMhp0Pbd5V,,,,,,
6,273,2026-04-05T09:36:02.815Z,101.000,10,5.000,UfIL2xPYUWA3pa2i,5.000,Cr1IDgtoIwjHadzo,6.000,3ro8QLJh0yyykLyV,9.000,nbm0/St8w4GUlGA4,92.000,h4OQZ7bMhp0Pbd5V,97.000,jwNdRfwvt/DA6PNq,101.000,uHgM+VdJzX93m/5O,104.000,Jg+7wzPVXO3fl6hF,105.000,0vdW+g6toC/h3nqI,107.000,WYac+BcEaEqjcD+O
6,274,2026-04-05T09:36:02.916Z,110.000,10,104.000,uHgM+VdJzX93m/5O,104.000,Cr1IDgtoIwjHadzo,106.000,3ro8QLJh0yyykLyV,106.000,nbm0/St8w4GUlGA4,108.000,0vdW+g6toC/h3nqI,109.000,WYac+BcEaEqjcD+O,110.000,UfIL2xPYUWA3pa2i,112.000,jwNdRfwvt/DA6PNq,115.000,h4OQZ7bMhp0Pbd5V,116.000,Jg+7wzPVXO3fl6hF
6,275,2026-04-05T09:36:03.026Z,766.000,7,196.000,nbm0/St8w4GUlGA4,197.000,3ro8QLJh0yyykLyV,198.000,UfIL2xPYUWA3pa2i,202.000,h4OQZ7bMhp0Pbd5V,205.000,Cr1IDgtoIwjHadzo,764.000,WYac+BcEaEqjcD+O,766.000,uHgM+VdJzX93m/5O,,,,,,
6,276,2026-04-05T09:36:03.792Z,333.000,7,4.000,3ro8QLJh0yyykLyV,5.000,UfIL2xPYUWA3pa2i,21.000,Cr1IDgtoIwjHadzo,22.000,h4OQZ7bMhp0Pbd5V,325.000,0vdW+g6toC/h3nqI,328.000,nbm0/St8w4GUlGA4,333.000,uHgM+VdJzX93m/5O,,,,,,
6,277,2026-04-05T09:36:04.125Z,636.000,7,46.000,nbm0/St8w4GUlGA4,83.000,Cr1IDgtoIwjHadzo,84.000,UfIL2xPYUWA3pa2i,89.000,3ro8QLJh0yyykLyV,631.000,uHgM+VdJzX93m/5O,633.000,Jg+7wzPVXO3fl6hF,636.000,h4OQZ7bMhp0Pbd5V,,,,,,
6,278,2026-04-05T09:36:04.761Z,322.000,7,5.000,jwNdRfwvt/DA6PNq,12.000,h4OQZ7bMhp0Pbd5V,15.000,UfIL2xPYUWA3pa2i,109.000,Cr1IDgtoIwjHadzo,155.000,3ro8QLJh0yyykLyV,230.000,Jg+7wzPVXO3fl6hF,322.000,WYac+BcEaEqjcD+O,,,,,,
6,279,2026-04-05T09:36:05.083Z,861.000,7,26.000,Cr1IDgtoIwjHadzo,28.000,3ro8QLJh0yyykLyV,146.000,nbm0/St8w4GUlGA4,496.000,UfIL2xPYUWA3pa2i,851.000,uHgM+VdJzX93m/5O,853.000,Jg+7wzPVXO3fl6hF,861.000,h4OQZ7bMhp0Pbd5V,,,,,,
6,280,2026-04-05T09:36:05.944Z,768.000,7,7.000,UfIL2xPYUWA3pa2i,41.000,h4OQZ7bMhp0Pbd5V,92.000,Cr1IDgtoIwjHadzo,359.000,uHgM+VdJzX93m/5O,362.000,0vdW+g6toC/h3nqI,759.000,3ro8QLJh0yyykLyV,768.000,nbm0/St8w4GUlGA4,,,,,,
6,281,2026-04-05T09:36:06.712Z,411.000,7,116.000,Cr1IDgtoIwjHadzo,128.000,UfIL2xPYUWA3pa2i,210.000,nbm0/St8w4GUlGA4,245.000,3ro8QLJh0yyykLyV,392.000,h4OQZ7bMhp0Pbd5V,408.000,jwNdRfwvt/DA6PNq,411.000,uHgM+VdJzX93m/5O,,,,,,
6,282,2026-04-05T09:36:07.123Z,892.000,7,718.000,nbm0/St8w4GUlGA4,728.000,h4OQZ7bMhp0Pbd5V,770.000,UfIL2xPYUWA3pa2i,774.000,Cr1IDgtoIwjHadzo,839.000,jwNdRfwvt/DA6PNq,844.000,3ro8QLJh0yyykLyV,892.000,WYac+BcEaEqjcD+O,,,,,,
6,283,2026-04-05T09:36:08.015Z,1014.000,7,5.000,Cr1IDgtoIwjHadzo,6.000,UfIL2xPYUWA3pa2i,9.000,nbm0/St8w4GUlGA4,843.000,h4OQZ7bMhp0Pbd5V,953.000,jwNdRfwvt/DA6PNq,1012.000,WYac+BcEaEqjcD+O,1014.000,3ro8QLJh0yyykLyV,,,,,,
6,284,2026-04-05T09:36:09.029Z,956.000,7,8.000,nbm0/St8w4GUlGA4,111.000,Cr1IDgtoIwjHadzo,140.000,UfIL2xPYUWA3pa2i,861.000,jwNdRfwvt/DA6PNq,921.000,h4OQZ7bMhp0Pbd5V,954.000,uHgM+VdJzX93m/5O,956.000,Jg+7wzPVXO3fl6hF,,,,,,
6,285,2026-04-05T09:36:09.985Z,939.000,9,117.000,nbm0/St8w4GUlGA4,768.000,UfIL2xPYUWA3pa2i,773.000,Cr1IDgtoIwjHadzo,865.000,uHgM+VdJzX93m/5O,879.000,Jg+7wzPVXO3fl6hF,881.000,jwNdRfwvt/DA6PNq,939.000,WYac+BcEaEqjcD+O,941.000,0vdW+g6toC/h3nqI,944.000,3ro8QLJh0yyykLyV,,
6,286,2026-04-05T09:36:10.924Z,1019.000,8,881.000,nbm0/St8w4GUlGA4,923.000,UfIL2xPYUWA3pa2i,951.000,jwNdRfwvt/DA6PNq,979.000,uHgM+VdJzX93m/5O,991.000,Jg+7wzPVXO3fl6hF,997.000,WYac+BcEaEqjcD+O,1019.000,0vdW+g6toC/h3nqI,1044.000,Cr1IDgtoIwjHadzo,,,,
6,287,2026-04-05T09:36:11.943Z,1025.000,7,538.000,UfIL2xPYUWA3pa2i,757.000,nbm0/St8w4GUlGA4,801.000,Cr1IDgtoIwjHadzo,987.000,uHgM+VdJzX93m/5O,1007.000,jwNdRfwvt/DA6PNq,1014.000,Jg+7wzPVXO3fl6hF,1025.000,0vdW+g6toC/h3nqI,,,,,,
6,288,2026-04-05T09:36:12.968Z,1026.000,7,450.000,3ro8QLJh0yyykLyV,929.000,nbm0/St8w4GUlGA4,929.000,Cr1IDgtoIwjHadzo,952.000,UfIL2xPYUWA3pa2i,1016.000,Jg+7wzPVXO3fl6hF,1023.000,uHgM+VdJzX93m/5O,1026.000,jwNdRfwvt/DA6PNq,,,,,,
6,289,2026-04-05T09:36:13.994Z,1596.000,8,863.000,nbm0/St8w4GUlGA4,921.000,Cr1IDgtoIwjHadzo,932.000,UfIL2xPYUWA3pa2i,1349.000,Jg+7wzPVXO3fl6hF,1389.000,0vdW+g6toC/h3nqI,1414.000,WYac+BcEaEqjcD+O,1596.000,h4OQZ7bMhp0Pbd5V,1634.000,jwNdRfwvt/DA6PNq,,,,
6,290,2026-04-05T09:36:15.590Z,1518.000,7,680.000,WYac+BcEaEqjcD+O,1061.000,0vdW+g6toC/h3nqI,1230.000,jwNdRfwvt/DA6PNq,1259.000,3ro8QLJh0yyykLyV,1333.000,h4OQZ7bMhp0Pbd5V,1484.000,uHgM+VdJzX93m/5O,1518.000,nbm0/St8w4GUlGA4,,,,,,
6,291,2026-04-05T09:36:17.108Z,1912.000,7,829.000,nbm0/St8w4GUlGA4,1030.000,h4OQZ7bMhp0Pbd5V,1078.000,UfIL2xPYUWA3pa2i,1440.000,Jg+7wzPVXO3fl6hF,1837.000,Cr1IDgtoIwjHadzo,1851.000,0vdW+g6toC/h3nqI,1912.000,jwNdRfwvt/DA6PNq,,,,,,
6,292,2026-04-05T09:36:19.020Z,2659.000,7,1730.000,h4OQZ7bMhp0Pbd5V,1812.000,3ro8QLJh0yyykLyV,1945.000,Cr1IDgtoIwjHadzo,2561.000,Jg+7wzPVXO3fl6hF,2614.000,0vdW+g6toC/h3nqI,2641.000,jwNdRfwvt/DA6PNq,2659.000,uHgM+VdJzX93m/5O,,,,,,
6,293,2026-04-05T09:36:21.679Z,2766.000,7,2438.000,3ro8QLJh0yyykLyV,2446.000,Jg+7wzPVXO3fl6hF,2484.000,UfIL2xPYUWA3pa2i,2494.000,h4OQZ7bMhp0Pbd5V,2497.000,nbm0/St8w4GUlGA4,2760.000,jwNdRfwvt/DA6PNq,2766.000,WYac+BcEaEqjcD+O,,,,,,
6,294,2026-04-05T09:36:24.445Z,3415.000,7,3007.000,jwNdRfwvt/DA6PNq,3012.000,Jg+7wzPVXO3fl6hF,3035.000,3ro8QLJh0yyykLyV,3101.000,Cr1IDgtoIwjHadzo,3106.000,UfIL2xPYUWA3pa2i,3408.000,h4OQZ7bMhp0Pbd5V,3415.000,nbm0/St8w4GUlGA4,,,,,,
6,295,2026-04-05T09:36:27.860Z,3903.000,7,3097.000,UfIL2xPYUWA3pa2i,3122.000,h4OQZ7bMhp0Pbd5V,3218.000,nbm0/St8w4GUlGA4,3686.000,jwNdRfwvt/DA6PNq,3781.000,uHgM+VdJzX93m/5O,3798.000,3ro8QLJh0yyykLyV,3903.000,Cr1IDgtoIwjHadzo,,,,,,
6,296,2026-04-05T09:36:31.763Z,5226.000,7,3603.000,nbm0/St8w4GUlGA4,4300.000,jwNdRfwvt/DA6PNq,4387.000,3ro8QLJh0yyykLyV,4445.000,uHgM+VdJzX93m/5O,4533.000,UfIL2xPYUWA3pa2i,4584.000,h4OQZ7bMhp0Pbd5V,5226.000,Jg+7wzPVXO3fl6hF,,,,,,
6,297,2026-04-05T09:36:36.989Z,5837.000,7,5479.000,0vdW+g6toC/h3nqI,5504.000,jwNdRfwvt/DA6PNq,5509.000,Cr1IDgtoIwjHadzo,5567.000,UfIL2xPYUWA3pa2i,5581.000,nbm0/St8w4GUlGA4,5803.000,3ro8QLJh0yyykLyV,5805.000,h4OQZ7bMhp0Pbd5V,,,,,,
6,298,2026-04-05T09:36:42.826Z,6926.000,7,5514.000,UfIL2xPYUWA3pa2i,6327.000,nbm0/St8w4GUlGA4,6588.000,jwNdRfwvt/DA6PNq,6649.000,h4OQZ7bMhp0Pbd5V,6719.000,3ro8QLJh0yyykLyV,6878.000,WYac+BcEaEqjcD+O,6925.000,0vdW+g6toC/h3nqI,,,,,,
6,299,2026-04-05T09:36:49.752Z,8216.000,7,7178.000,WYac+BcEaEqjcD+O,7874.000,0vdW+g6toC/h3nqI,7933.000,Cr1IDgtoIwjHadzo,7961.000,UfIL2xPYUWA3pa2i,8042.000,3ro8QLJh0yyykLyV,8049.000,nbm0/St8w4GUlGA4,8216.000,uHgM+VdJzX93m/5O,,,,,,
6,300,2026-04-05T09:36:57.968Z,8162.000,7,8110.000,nbm0/St8w4GUlGA4,8124.000,0vdW+g6toC/h3nqI,8133.000,WYac+BcEaEqjcD+O,8141.000,uHgM+VdJzX93m/5O,8153.000,h4OQZ7bMhp0Pbd5V,8161.000,UfIL2xPYUWA3pa2i,8162.000,3ro8QLJh0yyykLyV,,,,,,
6,301,2026-04-05T09:37:06.130Z,8525.000,7,7319.000,Cr1IDgtoIwjHadzo,8406.000,WYac+BcEaEqjcD+O,8420.000,jwNdRfwvt/DA6PNq,8447.000,uHgM+VdJzX93m/5O,8449.000,Jg+7wzPVXO3fl6hF,8514.000,3ro8QLJh0yyykLyV,8525.000,UfIL2xPYUWA3pa2i,,,,,,
6,302,2026-04-05T09:37:14.655Z,7765.000,7,6837.000,Cr1IDgtoIwjHadzo,6855.000,Jg+7wzPVXO3fl6hF,6913.000,UfIL2xPYUWA3pa2i,7504.000,uHgM+VdJzX93m/5O,7717.000,WYac+BcEaEqjcD+O,7741.000,jwNdRfwvt/DA6PNq,7764.000,h4OQZ7bMhp0Pbd5V,,,,,,
6,303,2026-04-05T09:37:22.420Z,8154.000,7,7112.000,Cr1IDgtoIwjHadzo,7127.000,UfIL2xPYUWA3pa2i,7396.000,uHgM+VdJzX93m/5O,7473.000,WYac+BcEaEqjcD+O,7551.000,nbm0/St8w4GUlGA4,7598.000,jwNdRfwvt/DA6PNq,8153.000,3ro8QLJh0yyykLyV,,,,,,
6,304,2026-04-05T09:37:30.574Z,,0,,,,,,,,,,,,,,,,,,,,
7,1,2026-04-05T09:35:13.146Z,2471.000,7,213.000,Cr1IDgtoIwjHadzo,506.000,UfIL2xPYUWA3pa2i,1792.000,uHgM+VdJzX93m/5O,1981.000,nbm0/St8w4GUlGA4,2468.000,0vdW+g6toC/h3nqI,2469.000,3ro8QLJh0yyykLyV,5422.000,jwNdRfwvt/DA6PNq,,,,,,
7,2,2026-04-05T09:35:15.617Z,204.000,7,2.000,3ro8QLJh0yyykLyV,4.000,0vdW+g6toC/h3nqI,5.000,uHgM+VdJzX93m/5O,6.000,UfIL2xPYUWA3pa2i,7.000,nbm0/St8w4GUlGA4,8.000,Cr1IDgtoIwjHadzo,2953.000,jwNdRfwvt/DA6PNq,,,,,,
7,3,2026-04-05T09:35:15.821Z,200.000,7,2.000,UfIL2xPYUWA3pa2i,4.000,3ro8QLJh0yyykLyV,5.000,uHgM+VdJzX93m/5O,6.000,Cr1IDgtoIwjHadzo,8.000,nbm0/St8w4GUlGA4,10.000,0vdW+g6toC/h3nqI,2751.000,jwNdRfwvt/DA6PNq,,,,,,
7,4,2026-04-05T09:35:16.021Z,202.000,7,3.000,3ro8QLJh0yyykLyV,4.000,nbm0/St8w4GUlGA4,6.000,Cr1IDgtoIwjHadzo,10.000,UfIL2xPYUWA3pa2i,10.000,0vdW+g6toC/h3nqI,12.000,uHgM+VdJzX93m/5O,2552.000,jwNdRfwvt/DA6PNq,,,,,,
7,5,2026-04-05T09:35:16.223Z,201.000,7,1.000,3ro8QLJh0yyykLyV,6.000,nbm0/St8w4GUlGA4,7.000,UfIL2xPYUWA3pa2i,9.000,Cr1IDgtoIwjHadzo,10.000,0vdW+g6toC/h3nqI,12.000,uHgM+VdJzX93m/5O,2351.000,jwNdRfwvt/DA6PNq,,,,,,
7,6,2026-04-05T09:35:16.424Z,147.000,8,3.000,Cr1IDgtoIwjHadzo,6.000,3ro8QLJh0yyykLyV,8.000,nbm0/St8w4GUlGA4,9.000,UfIL2xPYUWA3pa2i,10.000,0vdW+g6toC/h3nqI,13.000,uHgM+VdJzX93m/5O,147.000,h4OQZ7bMhp0Pbd5V,2152.000,jwNdRfwvt/DA6PNq,,,,
7,7,2026-04-05T09:35:16.571Z,67.000,8,58.000,UfIL2xPYUWA3pa2i,59.000,nbm0/St8w4GUlGA4,61.000,Cr1IDgtoIwjHadzo,64.000,3ro8QLJh0yyykLyV,64.000,0vdW+g6toC/h3nqI,66.000,h4OQZ7bMhp0Pbd5V,67.000,uHgM+VdJzX93m/5O,2007.000,jwNdRfwvt/DA6PNq,,,,
7,8,2026-04-05T09:35:16.638Z,201.000,8,191.000,Cr1IDgtoIwjHadzo,193.000,UfIL2xPYUWA3pa2i,194.000,nbm0/St8w4GUlGA4,195.000,3ro8QLJh0yyykLyV,198.000,0vdW+g6toC/h3nqI,200.000,uHgM+VdJzX93m/5O,201.000,h4OQZ7bMhp0Pbd5V,1941.000,jwNdRfwvt/DA6PNq,,,,
7,9,2026-04-05T09:35:16.839Z,203.000,9,192.000,3ro8QLJh0yyykLyV,193.000,UfIL2xPYUWA3pa2i,195.000,uHgM+VdJzX93m/5O,196.000,nbm0/St8w4GUlGA4,198.000,Cr1IDgtoIwjHadzo,200.000,0vdW+g6toC/h3nqI,203.000,h4OQZ7bMhp0Pbd5V,240.000,WYac+BcEaEqjcD+O,1742.000,jwNdRfwvt/DA6PNq,,
7,10,2026-04-05T09:35:17.042Z,199.000,9,190.000,3ro8QLJh0yyykLyV,191.000,UfIL2xPYUWA3pa2i,193.000,uHgM+VdJzX93m/5O,195.000,WYac+BcEaEqjcD+O,197.000,nbm0/St8w4GUlGA4,199.000,Cr1IDgtoIwjHadzo,199.000,0vdW+g6toC/h3nqI,201.000,h4OQZ7bMhp0Pbd5V,1540.000,jwNdRfwvt/DA6PNq,,
7,11,2026-04-05T09:35:17.241Z,200.000,9,192.000,3ro8QLJh0yyykLyV,194.000,UfIL2xPYUWA3pa2i,195.000,WYac+BcEaEqjcD+O,197.000,nbm0/St8w4GUlGA4,198.000,uHgM+VdJzX93m/5O,200.000,Cr1IDgtoIwjHadzo,200.000,0vdW+g6toC/h3nqI,204.000,h4OQZ7bMhp0Pbd5V,1343.000,jwNdRfwvt/DA6PNq,,
7,12,2026-04-05T09:35:17.441Z,204.000,9,194.000,3ro8QLJh0yyykLyV,195.000,uHgM+VdJzX93m/5O,197.000,nbm0/St8w4GUlGA4,200.000,UfIL2xPYUWA3pa2i,201.000,WYac+BcEaEqjcD+O,202.000,0vdW+g6toC/h3nqI,204.000,Cr1IDgtoIwjHadzo,205.000,h4OQZ7bMhp0Pbd5V,1145.000,jwNdRfwvt/DA6PNq,,
7,13,2026-04-05T09:35:17.645Z,199.000,9,189.000,3ro8QLJh0yyykLyV,191.000,uHgM+VdJzX93m/5O,192.000,nbm0/St8w4GUlGA4,195.000,WYac+BcEaEqjcD+O,196.000,UfIL2xPYUWA3pa2i,197.000,Cr1IDgtoIwjHadzo,199.000,0vdW+g6toC/h3nqI,202.000,h4OQZ7bMhp0Pbd5V,942.000,jwNdRfwvt/DA6PNq,,
7,14,2026-04-05T09:35:17.844Z,200.000,9,192.000,uHgM+VdJzX93m/5O,193.000,3ro8QLJh0yyykLyV,195.000,0vdW+g6toC/h3nqI,197.000,WYac+BcEaEqjcD+O,198.000,UfIL2xPYUWA3pa2i,199.000,nbm0/St8w4GUlGA4,200.000,Cr1IDgtoIwjHadzo,201.000,h4OQZ7bMhp0Pbd5V,745.000,jwNdRfwvt/DA6PNq,,
7,15,2026-04-05T09:35:18.044Z,201.000,9,192.000,uHgM+VdJzX93m/5O,194.000,3ro8QLJh0yyykLyV,196.000,nbm0/St8w4GUlGA4,197.000,0vdW+g6toC/h3nqI,198.000,WYac+BcEaEqjcD+O,200.000,UfIL2xPYUWA3pa2i,201.000,Cr1IDgtoIwjHadzo,205.000,h4OQZ7bMhp0Pbd5V,547.000,jwNdRfwvt/DA6PNq,,
7,16,2026-04-05T09:35:18.245Z,200.000,10,191.000,uHgM+VdJzX93m/5O,193.000,Cr1IDgtoIwjHadzo,194.000,3ro8QLJh0yyykLyV,195.000,0vdW+g6toC/h3nqI,197.000,UfIL2xPYUWA3pa2i,198.000,WYac+BcEaEqjcD+O,199.000,nbm0/St8w4GUlGA4,206.000,h4OQZ7bMhp0Pbd5V,347.000,jwNdRfwvt/DA6PNq,353.000,Jg+7wzPVXO3fl6hF
7,17,2026-04-05T09:35:18.445Z,199.000,10,192.000,uHgM+VdJzX93m/5O,193.000,WYac+BcEaEqjcD+O,195.000,jwNdRfwvt/DA6PNq,197.000,nbm0/St8w4GUlGA4,198.000,3ro8QLJh0yyykLyV,199.000,UfIL2xPYUWA3pa2i,199.000,0vdW+g6toC/h3nqI,202.000,Cr1IDgtoIwjHadzo,207.000,h4OQZ7bMhp0Pbd5V,310.000,Jg+7wzPVXO3fl6hF
7,18,2026-04-05T09:35:18.644Z,203.000,10,195.000,uHgM+VdJzX93m/5O,196.000,WYac+BcEaEqjcD+O,198.000,Cr1IDgtoIwjHadzo,199.000,0vdW+g6toC/h3nqI,200.000,3ro8QLJh0yyykLyV,202.000,nbm0/St8w4GUlGA4,203.000,UfIL2xPYUWA3pa2i,205.000,jwNdRfwvt/DA6PNq,208.000,h4OQZ7bMhp0Pbd5V,313.000,Jg+7wzPVXO3fl6hF
7,19,2026-04-05T09:35:18.847Z,201.000,10,193.000,WYac+BcEaEqjcD+O,195.000,uHgM+VdJzX93m/5O,197.000,UfIL2xPYUWA3pa2i,198.000,Cr1IDgtoIwjHadzo,198.000,0vdW+g6toC/h3nqI,200.000,3ro8QLJh0yyykLyV,201.000,jwNdRfwvt/DA6PNq,202.000,nbm0/St8w4GUlGA4,208.000,h4OQZ7bMhp0Pbd5V,311.000,Jg+7wzPVXO3fl6hF
7,20,2026-04-05T09:35:19.048Z,203.000,10,194.000,uHgM+VdJzX93m/5O,196.000,3ro8QLJh0yyykLyV,197.000,WYac+BcEaEqjcD+O,198.000,0vdW+g6toC/h3nqI,200.000,UfIL2xPYUWA3pa2i,201.000,nbm0/St8w4GUlGA4,203.000,Cr1IDgtoIwjHadzo,204.000,jwNdRfwvt/DA6PNq,208.000,h4OQZ7bMhp0Pbd5V,312.000,Jg+7wzPVXO3fl6hF
7,21,2026-04-05T09:35:19.251Z,201.000,10,192.000,WYac+BcEaEqjcD+O,194.000,nbm0/St8w4GUlGA4,195.000,UfIL2xPYUWA3pa2i,196.000,uHgM+VdJzX93m/5O,198.000,3ro8QLJh0yyykLyV,199.000,0vdW+g6toC/h3nqI,201.000,jwNdRfwvt/DA6PNq,203.000,Cr1IDgtoIwjHadzo,206.000,h4OQZ7bMhp0Pbd5V,310.000,Jg+7wzPVXO3fl6hF
7,22,2026-04-05T09:35:19.452Z,201.000,10,192.000,WYac+BcEaEqjcD+O,193.000,UfIL2xPYUWA3pa2i,195.000,jwNdRfwvt/DA6PNq,196.000,uHgM+VdJzX93m/5O,198.000,3ro8QLJh0yyykLyV,199.000,0vdW+g6toC/h3nqI,200.000,Cr1IDgtoIwjHadzo,203.000,nbm0/St8w4GUlGA4,206.000,h4OQZ7bMhp0Pbd5V,310.000,Jg+7wzPVXO3fl6hF
7,23,2026-04-05T09:35:19.653Z,200.000,10,192.000,3ro8QLJh0yyykLyV,193.000,UfIL2xPYUWA3pa2i,195.000,WYac+BcEaEqjcD+O,196.000,0vdW+g6toC/h3nqI,197.000,nbm0/St8w4GUlGA4,199.000,jwNdRfwvt/DA6PNq,200.000,uHgM+VdJzX93m/5O,202.000,Cr1IDgtoIwjHadzo,204.000,h4OQZ7bMhp0Pbd5V,310.000,Jg+7wzPVXO3fl6hF
7,24,2026-04-05T09:35:19.853Z,201.000,9,192.000,UfIL2xPYUWA3pa2i,193.000,jwNdRfwvt/DA6PNq,196.000,3ro8QLJh0yyykLyV,198.000,nbm0/St8w4GUlGA4,199.000,WYac+BcEaEqjcD+O,200.000,Cr1IDgtoIwjHadzo,201.000,0vdW+g6toC/h3nqI,203.000,uHgM+VdJzX93m/5O,204.000,h4OQZ7bMhp0Pbd5V,,
7,25,2026-04-05T09:35:20.054Z,201.000,10,110.000,Jg+7wzPVXO3fl6hF,193.000,UfIL2xPYUWA3pa2i,195.000,jwNdRfwvt/DA6PNq,197.000,uHgM+VdJzX93m/5O,197.000,0vdW+g6toC/h3nqI,199.000,nbm0/St8w4GUlGA4,201.000,3ro8QLJh0yyykLyV,203.000,WYac+BcEaEqjcD+O,204.000,Cr1IDgtoIwjHadzo,206.000,h4OQZ7bMhp0Pbd5V
7,26,2026-04-05T09:35:20.255Z,200.000,10,111.000,Jg+7wzPVXO3fl6hF,192.000,UfIL2xPYUWA3pa2i,194.000,jwNdRfwvt/DA6PNq,195.000,3ro8QLJh0yyykLyV,197.000,Cr1IDgtoIwjHadzo,198.000,0vdW+g6toC/h3nqI,200.000,uHgM+VdJzX93m/5O,202.000,nbm0/St8w4GUlGA4,203.000,WYac+BcEaEqjcD+O,205.000,h4OQZ7bMhp0Pbd5V
7,27,2026-04-05T09:35:20.455Z,201.000,10,113.000,Jg+7wzPVXO3fl6hF,194.000,jwNdRfwvt/DA6PNq,195.000,3ro8QLJh0yyykLyV,197.000,UfIL2xPYUWA3pa2i,199.000,Cr1IDgtoIwjHadzo,200.000,uHgM+VdJzX93m/5O,201.000,0vdW+g6toC/h3nqI,202.000,nbm0/St8w4GUlGA4,205.000,WYac+BcEaEqjcD+O,207.000,h4OQZ7bMhp0Pbd5V
7,28,2026-04-05T09:35:20.656Z,202.000,10,113.000,Jg+7wzPVXO3fl6hF,194.000,UfIL2xPYUWA3pa2i,196.000,3ro8QLJh0yyykLyV,198.000,jwNdRfwvt/DA6PNq,198.000,0vdW+g6toC/h3nqI,200.000,nbm0/St8w4GUlGA4,202.000,WYac+BcEaEqjcD+O,204.000,Cr1IDgtoIwjHadzo,205.000,uHgM+VdJzX93m/5O,207.000,h4OQZ7bMhp0Pbd5V
7,29,2026-04-05T09:35:20.858Z,201.000,10,111.000,Jg+7wzPVXO3fl6hF,194.000,WYac+BcEaEqjcD+O,196.000,3ro8QLJh0yyykLyV,197.000,UfIL2xPYUWA3pa2i,199.000,jwNdRfwvt/DA6PNq,199.000,0vdW+g6toC/h3nqI,200.000,nbm0/St8w4GUlGA4,202.000,Cr1IDgtoIwjHadzo,204.000,uHgM+VdJzX93m/5O,206.000,h4OQZ7bMhp0Pbd5V
7,30,2026-04-05T09:35:21.059Z,201.000,10,112.000,Jg+7wzPVXO3fl6hF,194.000,jwNdRfwvt/DA6PNq,195.000,3ro8QLJh0yyykLyV,197.000,WYac+BcEaEqjcD+O,198.000,nbm0/St8w4GUlGA4,199.000,uHgM+VdJzX93m/5O,201.000,0vdW+g6toC/h3nqI,202.000,Cr1IDgtoIwjHadzo,203.000,UfIL2xPYUWA3pa2i,207.000,h4OQZ7bMhp0Pbd5V
7,31,2026-04-05T09:35:21.260Z,200.000,10,112.000,Jg+7wzPVXO3fl6hF,193.000,jwNdRfwvt/DA6PNq,194.000,nbm0/St8w4GUlGA4,196.000,uHgM+VdJzX93m/5O,197.000,WYac+BcEaEqjcD+O,198.000,Cr1IDgtoIwjHadzo,200.000,3ro8QLJh0yyykLyV,201.000,0vdW+g6toC/h3nqI,204.000,UfIL2xPYUWA3pa2i,205.000,h4OQZ7bMhp0Pbd5V
7,32,2026-04-05T09:35:21.460Z,205.000,10,129.000,Jg+7wzPVXO3fl6hF,194.000,nbm0/St8w4GUlGA4,195.000,UfIL2xPYUWA3pa2i,197.000,0vdW+g6toC/h3nqI,199.000,3ro8QLJh0yyykLyV,203.000,jwNdRfwvt/DA6PNq,205.000,uHgM+VdJzX93m/5O,206.000,Cr1IDgtoIwjHadzo,207.000,WYac+BcEaEqjcD+O,209.000,h4OQZ7bMhp0Pbd5V
7,33,2026-04-05T09:35:21.665Z,198.000,10,109.000,Jg+7wzPVXO3fl6hF,190.000,UfIL2xPYUWA3pa2i,192.000,jwNdRfwvt/DA6PNq,194.000,0vdW+g6toC/h3nqI,195.000,nbm0/St8w4GUlGA4,196.000,uHgM+VdJzX93m/5O,197.000,3ro8QLJh0yyykLyV,199.000,WYac+BcEaEqjcD+O,201.000,Cr1IDgtoIwjHadzo,203.000,h4OQZ7bMhp0Pbd5V
7,34,2026-04-05T09:35:21.863Z,201.000,10,112.000,Jg+7wzPVXO3fl6hF,193.000,3ro8QLJh0yyykLyV,195.000,UfIL2xPYUWA3pa2i,196.000,0vdW+g6toC/h3nqI,198.000,jwNdRfwvt/DA6PNq,199.000,WYac+BcEaEqjcD+O,201.000,uHgM+VdJzX93m/5O,203.000,Cr1IDgtoIwjHadzo,204.000,nbm0/St8w4GUlGA4,205.000,h4OQZ7bMhp0Pbd5V
7,35,2026-04-05T09:35:22.064Z,200.000,10,112.000,Jg+7wzPVXO3fl6hF,193.000,3ro8QLJh0yyykLyV,194.000,nbm0/St8w4GUlGA4,195.000,0vdW+g6toC/h3nqI,197.000,UfIL2xPYUWA3pa2i,199.000,Cr1IDgtoIwjHadzo,200.000,WYac+BcEaEqjcD+O,201.000,uHgM+VdJzX93m/5O,203.000,jwNdRfwvt/DA6PNq,206.000,h4OQZ7bMhp0Pbd5V
7,36,2026-04-05T09:35:22.264Z,202.000,10,114.000,Jg+7wzPVXO3fl6hF,194.000,nbm0/St8w4GUlGA4,197.000,uHgM+VdJzX93m/5O,198.000,jwNdRfwvt/DA6PNq,199.000,3ro8QLJh0yyykLyV,200.000,UfIL2xPYUWA3pa2i,202.000,Cr1IDgtoIwjHadzo,203.000,WYac+BcEaEqjcD+O,203.000,0vdW+g6toC/h3nqI,208.000,h4OQZ7bMhp0Pbd5V
7,37,2026-04-05T09:35:22.466Z,201.000,10,113.000,Jg+7wzPVXO3fl6hF,194.000,WYac+BcEaEqjcD+O,196.000,jwNdRfwvt/DA6PNq,197.000,nbm0/St8w4GUlGA4,198.000,uHgM+VdJzX93m/5O,199.000,3ro8QLJh0yyykLyV,201.000,UfIL2xPYUWA3pa2i,202.000,Cr1IDgtoIwjHadzo,202.000,0vdW+g6toC/h3nqI,206.000,h4OQZ7bMhp0Pbd5V
7,38,2026-04-05T09:35:22.667Z,202.000,10,113.000,Jg+7wzPVXO3fl6hF,194.000,0vdW+g6toC/h3nqI,196.000,jwNdRfwvt/DA6PNq,197.000,nbm0/St8w4GUlGA4,199.000,uHgM+VdJzX93m/5O,200.000,Cr1IDgtoIwjHadzo,201.000,UfIL2xPYUWA3pa2i,203.000,WYac+BcEaEqjcD+O,204.000,3ro8QLJh0yyykLyV,207.000,h4OQZ7bMhp0Pbd5V
7,39,2026-04-05T09:35:22.869Z,200.000,10,112.000,Jg+7wzPVXO3fl6hF,192.000,jwNdRfwvt/DA6PNq,194.000,3ro8QLJh0yyykLyV,195.000,nbm0/St8w4GUlGA4,197.000,uHgM+VdJzX93m/5O,198.000,UfIL2xPYUWA3pa2i,200.000,WYac+BcEaEqjcD+O,201.000,Cr1IDgtoIwjHadzo,202.000,0vdW+g6toC/h3nqI,205.000,h4OQZ7bMhp0Pbd5V
7,40,2026-04-05T09:35:23.069Z,202.000,10,114.000,Jg+7wzPVXO3fl6hF,193.000,nbm0/St8w4GUlGA4,195.000,jwNdRfwvt/DA6PNq,197.000,uHgM+VdJzX93m/5O,198.000,0vdW+g6toC/h3nqI,200.000,UfIL2xPYUWA3pa2i,201.000,Cr1IDgtoIwjHadzo,203.000,WYac+BcEaEqjcD+O,204.000,3ro8QLJh0yyykLyV,206.000,h4OQZ7bMhp0Pbd5V
7,41,2026-04-05T09:35:23.271Z,201.000,10,112.000,Jg+7wzPVXO3fl6hF,192.000,nbm0/St8w4GUlGA4,194.000,0vdW+g6toC/h3nqI,197.000,Cr1IDgtoIwjHadzo,198.000,WYac+BcEaEqjcD+O,199.000,UfIL2xPYUWA3pa2i,200.000,uHgM+VdJzX93m/5O,202.000,jwNdRfwvt/DA6PNq,203.000,3ro8QLJh0yyykLyV,207.000,h4OQZ7bMhp0Pbd5V
7,42,2026-04-05T09:35:23.472Z,200.000,10,112.000,Jg+7wzPVXO3fl6hF,192.000,nbm0/St8w4GUlGA4,194.000,jwNdRfwvt/DA6PNq,195.000,Cr1IDgtoIwjHadzo,197.000,0vdW+g6toC/h3nqI,199.000,WYac+BcEaEqjcD+O,200.000,UfIL2xPYUWA3pa2i,201.000,3ro8QLJh0yyykLyV,203.000,uHgM+VdJzX93m/5O,205.000,h4OQZ7bMhp0Pbd5V
7,43,2026-04-05T09:35:23.672Z,201.000,10,113.000,Jg+7wzPVXO3fl6hF,193.000,nbm0/St8w4GUlGA4,195.000,uHgM+VdJzX93m/5O,196.000,jwNdRfwvt/DA6PNq,197.000,0vdW+g6toC/h3nqI,199.000,UfIL2xPYUWA3pa2i,200.000,WYac+BcEaEqjcD+O,202.000,Cr1IDgtoIwjHadzo,204.000,3ro8QLJh0yyykLyV,206.000,h4OQZ7bMhp0Pbd5V
7,44,2026-04-05T09:35:23.873Z,201.000,10,114.000,Jg+7wzPVXO3fl6hF,194.000,nbm0/St8w4GUlGA4,196.000,3ro8QLJh0yyykLyV,198.000,jwNdRfwvt/DA6PNq,199.000,Cr1IDgtoIwjHadzo,200.000,uHgM+VdJzX93m/5O,201.000,0vdW+g6toC/h3nqI,204.000,WYac+BcEaEqjcD+O,205.000,UfIL2xPYUWA3pa2i,206.000,h4OQZ7bMhp0Pbd5V
7,45,2026-04-05T09:35:24.074Z,201.000,10,114.000,Jg+7wzPVXO3fl6hF,194.000,jwNdRfwvt/DA6PNq,197.000,nbm0/St8w4GUlGA4,198.000,uHgM+VdJzX93m/5O,199.000,Cr1IDgtoIwjHadzo,200.000,0vdW+g6toC/h3nqI,201.000,3ro8QLJh0yyykLyV,203.000,UfIL2xPYUWA3pa2i,204.000,WYac+BcEaEqjcD+O,206.000,h4OQZ7bMhp0Pbd5V
7,46,2026-04-05T09:35:24.275Z,203.000,10,113.000,Jg+7wzPVXO3fl6hF,194.000,nbm0/St8w4GUlGA4,196.000,0vdW+g6toC/h3nqI,197.000,Cr1IDgtoIwjHadzo,200.000,UfIL2xPYUWA3pa2i,201.000,jwNdRfwvt/DA6PNq,202.000,WYac+BcEaEqjcD+O,204.000,3ro8QLJh0yyykLyV,205.000,uHgM+VdJzX93m/5O,206.000,h4OQZ7bMhp0Pbd5V
7,47,2026-04-05T09:35:24.478Z,201.000,10,112.000,Jg+7wzPVXO3fl6hF,192.000,Cr1IDgtoIwjHadzo,194.000,0vdW+g6toC/h3nqI,195.000,WYac+BcEaEqjcD+O,198.000,jwNdRfwvt/DA6PNq,199.000,nbm0/St8w4GUlGA4,201.000,UfIL2xPYUWA3pa2i,202.000,3ro8QLJh0yyykLyV,203.000,uHgM+VdJzX93m/5O,205.000,h4OQZ7bMhp0Pbd5V
7,48,2026-04-05T09:35:24.679Z,200.000,10,113.000,Jg+7wzPVXO3fl6hF,192.000,Cr1IDgtoIwjHadzo,194.000,0vdW+g6toC/h3nqI,195.000,3ro8QLJh0yyykLyV,197.000,nbm0/St8w4GUlGA4,198.000,WYac+BcEaEqjcD+O,199.000,jwNdRfwvt/DA6PNq,201.000,UfIL2xPYUWA3pa2i,202.000,uHgM+VdJzX93m/5O,205.000,h4OQZ7bMhp0Pbd5V
7,49,2026-04-05T09:35:24.879Z,202.000,10,114.000,Jg+7wzPVXO3fl6hF,194.000,Cr1IDgtoIwjHadzo,196.000,0vdW+g6toC/h3nqI,198.000,3ro8QLJh0yyykLyV,199.000,UfIL2xPYUWA3pa2i,201.000,jwNdRfwvt/DA6PNq,202.000,uHgM+VdJzX93m/5O,204.000,WYac+BcEaEqjcD+O,205.000,nbm0/St8w4GUlGA4,206.000,h4OQZ7bMhp0Pbd5V
7,50,2026-04-05T09:35:25.081Z,199.000,10,114.000,Jg+7wzPVXO3fl6hF,192.000,Cr1IDgtoIwjHadzo,194.000,uHgM+VdJzX93m/5O,195.000,nbm0/St8w4GUlGA4,197.000,UfIL2xPYUWA3pa2i,198.000,3ro8QLJh0yyykLyV,199.000,jwNdRfwvt/DA6PNq,200.000,0vdW+g6toC/h3nqI,201.000,WYac+BcEaEqjcD+O,205.000,h4OQZ7bMhp0Pbd5V
7,51,2026-04-05T09:35:25.280Z,203.000,10,116.000,Jg+7wzPVXO3fl6hF,195.000,3ro8QLJh0yyykLyV,196.000,0vdW+g6toC/h3nqI,198.000,Cr1IDgtoIwjHadzo,199.000,nbm0/St8w4GUlGA4,201.000,WYac+BcEaEqjcD+O,203.000,uHgM+VdJzX93m/5O,204.000,jwNdRfwvt/DA6PNq,205.000,UfIL2xPYUWA3pa2i,207.000,h4OQZ7bMhp0Pbd5V
7,52,2026-04-05T09:35:25.483Z,200.000,10,114.000,Jg+7wzPVXO3fl6hF,193.000,uHgM+VdJzX93m/5O,194.000,3ro8QLJh0yyykLyV,196.000,0vdW+g6toC/h3nqI,197.000,jwNdRfwvt/DA6PNq,199.000,Cr1IDgtoIwjHadzo,200.000,nbm0/St8w4GUlGA4,202.000,UfIL2xPYUWA3pa2i,203.000,WYac+BcEaEqjcD+O,205.000,h4OQZ7bMhp0Pbd5V
7,53,2026-04-05T09:35:25.683Z,202.000,10,115.000,Jg+7wzPVXO3fl6hF,193.000,nbm0/St8w4GUlGA4,196.000,3ro8QLJh0yyykLyV,196.000,0vdW+g6toC/h3nqI,198.000,jwNdRfwvt/DA6PNq,200.000,Cr1IDgtoIwjHadzo,201.000,UfIL2xPYUWA3pa2i,203.000,uHgM+VdJzX93m/5O,204.000,WYac+BcEaEqjcD+O,206.000,h4OQZ7bMhp0Pbd5V
7,54,2026-04-05T09:35:25.885Z,200.000,10,113.000,Jg+7wzPVXO3fl6hF,193.000,uHgM+VdJzX93m/5O,194.000,0vdW+g6toC/h3nqI,196.000,3ro8QLJh0yyykLyV,197.000,nbm0/St8w4GUlGA4,198.000,jwNdRfwvt/DA6PNq,200.000,Cr1IDgtoIwjHadzo,201.000,UfIL2xPYUWA3pa2i,202.000,WYac+BcEaEqjcD+O,205.000,h4OQZ7bMhp0Pbd5V
7,55,2026-04-05T09:35:26.085Z,201.000,10,114.000,Jg+7wzPVXO3fl6hF,193.000,uHgM+VdJzX93m/5O,195.000,jwNdRfwvt/DA6PNq,196.000,0vdW+g6toC/h3nqI,198.000,3ro8QLJh0yyykLyV,199.000,nbm0/St8w4GUlGA4,201.000,UfIL2xPYUWA3pa2i,202.000,WYac+BcEaEqjcD+O,204.000,Cr1IDgtoIwjHadzo,206.000,h4OQZ7bMhp0Pbd5V
7,56,2026-04-05T09:35:26.286Z,201.000,10,115.000,Jg+7wzPVXO3fl6hF,193.000,uHgM+VdJzX93m/5O,195.000,3ro8QLJh0yyykLyV,196.000,0vdW+g6toC/h3nqI,197.000,jwNdRfwvt/DA6PNq,200.000,UfIL2xPYUWA3pa2i,201.000,Cr1IDgtoIwjHadzo,202.000,WYac+BcEaEqjcD+O,204.000,nbm0/St8w4GUlGA4,205.000,h4OQZ7bMhp0Pbd5V
7,57,2026-04-05T09:35:26.487Z,201.000,10,114.000,Jg+7wzPVXO3fl6hF,194.000,uHgM+VdJzX93m/5O,195.000,3ro8QLJh0yyykLyV,197.000,nbm0/St8w4GUlGA4,198.000,0vdW+g6toC/h3nqI,199.000,jwNdRfwvt/DA6PNq,201.000,Cr1IDgtoIwjHadzo,202.000,WYac+BcEaEqjcD+O,204.000,UfIL2xPYUWA3pa2i,206.000,h4OQZ7bMhp0Pbd5V
7,58,2026-04-05T09:35:26.688Z,200.000,10,114.000,Jg+7wzPVXO3fl6hF,193.000,jwNdRfwvt/DA6PNq,194.000,0vdW+g6toC/h3nqI,196.000,3ro8QLJh0yyykLyV,197.000,UfIL2xPYUWA3pa2i,198.000,WYac+BcEaEqjcD+O,200.000,uHgM+VdJzX93m/5O,201.000,Cr1IDgtoIwjHadzo,203.000,nbm0/St8w4GUlGA4,206.000,h4OQZ7bMhp0Pbd5V
7,59,2026-04-05T09:35:26.888Z,202.000,10,116.000,Jg+7wzPVXO3fl6hF,195.000,Cr1IDgtoIwjHadzo,196.000,0vdW+g6toC/h3nqI,198.000,3ro8QLJh0yyykLyV,199.000,jwNdRfwvt/DA6PNq,201.000,WYac+BcEaEqjcD+O,202.000,UfIL2xPYUWA3pa2i,204.000,nbm0/St8w4GUlGA4,205.000,uHgM+VdJzX93m/5O,208.000,h4OQZ7bMhp0Pbd5V
7,60,2026-04-05T09:35:27.090Z,201.000,10,116.000,Jg+7wzPVXO3fl6hF,194.000,0vdW+g6toC/h3nqI,196.000,UfIL2xPYUWA3pa2i,197.000,WYac+BcEaEqjcD+O,199.000,jwNdRfwvt/DA6PNq,200.000,nbm0/St8w4GUlGA4,201.000,Cr1IDgtoIwjHadzo,202.000,uHgM+VdJzX93m/5O,204.000,3ro8QLJh0yyykLyV,208.000,h4OQZ7bMhp0Pbd5V
7,61,2026-04-05T09:35:27.291Z,202.000,10,115.000,Jg+7wzPVXO3fl6hF,194.000,0vdW+g6toC/h3nqI,196.000,UfIL2xPYUWA3pa2i,198.000,3ro8QLJh0yyykLyV,199.000,WYac+BcEaEqjcD+O,200.000,Cr1IDgtoIwjHadzo,201.000,nbm0/St8w4GUlGA4,203.000,uHgM+VdJzX93m/5O,204.000,jwNdRfwvt/DA6PNq,207.000,h4OQZ7bMhp0Pbd5V
7,62,2026-04-05T09:35:27.493Z,200.000,10,115.000,Jg+7wzPVXO3fl6hF,193.000,0vdW+g6toC/h3nqI,195.000,UfIL2xPYUWA3pa2i,196.000,uHgM+VdJzX93m/5O,197.000,jwNdRfwvt/DA6PNq,199.000,Cr1IDgtoIwjHadzo,200.000,3ro8QLJh0yyykLyV,201.000,nbm0/St8w4GUlGA4,202.000,WYac+BcEaEqjcD+O,207.000,h4OQZ7bMhp0Pbd5V
7,63,2026-04-05T09:35:27.693Z,198.000,10,117.000,Jg+7wzPVXO3fl6hF,194.000,0vdW+g6toC/h3nqI,195.000,UfIL2xPYUWA3pa2i,196.000,WYac+BcEaEqjcD+O,196.000,jwNdRfwvt/DA6PNq,197.000,uHgM+VdJzX93m/5O,198.000,nbm0/St8w4GUlGA4,198.000,Cr1IDgtoIwjHadzo,199.000,3ro8QLJh0yyykLyV,207.000,h4OQZ7bMhp0Pbd5V
7,64,2026-04-05T09:35:27.891Z,200.000,10,120.000,Jg+7wzPVXO3fl6hF,195.000,0vdW+g6toC/h3nqI,198.000,uHgM+VdJzX93m/5O,198.000,nbm0/St8w4GUlGA4,199.000,WYac+BcEaEqjcD+O,199.000,UfIL2xPYUWA3pa2i,200.000,jwNdRfwvt/DA6PNq,200.000,Cr1IDgtoIwjHadzo,201.000,3ro8QLJh0yyykLyV,209.000,h4OQZ7bMhp0Pbd5V
7,65,2026-04-05T09:35:28.091Z,204.000,10,122.000,Jg+7wzPVXO3fl6hF,197.000,WYac+BcEaEqjcD+O,199.000,0vdW+g6toC/h3nqI,201.000,UfIL2xPYUWA3pa2i,202.000,jwNdRfwvt/DA6PNq,203.000,3ro8QLJh0yyykLyV,204.000,uHgM+VdJzX93m/5O,205.000,nbm0/St8w4GUlGA4,206.000,Cr1IDgtoIwjHadzo,211.000,h4OQZ7bMhp0Pbd5V
7,66,2026-04-05T09:35:28.295Z,202.000,10,119.000,Jg+7wzPVXO3fl6hF,195.000,0vdW+g6toC/h3nqI,197.000,jwNdRfwvt/DA6PNq,198.000,WYac+BcEaEqjcD+O,199.000,3ro8QLJh0yyykLyV,201.000,Cr1IDgtoIwjHadzo,202.000,nbm0/St8w4GUlGA4,203.000,uHgM+VdJzX93m/5O,204.000,UfIL2xPYUWA3pa2i,209.000,h4OQZ7bMhp0Pbd5V
7,67,2026-04-05T09:35:28.497Z,202.000,10,117.000,Jg+7wzPVXO3fl6hF,194.000,0vdW+g6toC/h3nqI,196.000,jwNdRfwvt/DA6PNq,198.000,nbm0/St8w4GUlGA4,199.000,3ro8QLJh0yyykLyV,200.000,WYac+BcEaEqjcD+O,201.000,uHgM+VdJzX93m/5O,203.000,UfIL2xPYUWA3pa2i,204.000,Cr1IDgtoIwjHadzo,208.000,h4OQZ7bMhp0Pbd5V
7,68,2026-04-05T09:35:28.699Z,201.000,10,118.000,Jg+7wzPVXO3fl6hF,193.000,nbm0/St8w4GUlGA4,195.000,0vdW+g6toC/h3nqI,197.000,jwNdRfwvt/DA6PNq,198.000,Cr1IDgtoIwjHadzo,199.000,WYac+BcEaEqjcD+O,201.000,3ro8QLJh0yyykLyV,202.000,UfIL2xPYUWA3pa2i,203.000,uHgM+VdJzX93m/5O,206.000,h4OQZ7bMhp0Pbd5V
7,69,2026-04-05T09:35:28.900Z,201.000,10,118.000,Jg+7wzPVXO3fl6hF,193.000,0vdW+g6toC/h3nqI,195.000,jwNdRfwvt/DA6PNq,197.000,nbm0/St8w4GUlGA4,198.000,Cr1IDgtoIwjHadzo,200.000,UfIL2xPYUWA3pa2i,201.000,3ro8QLJh0yyykLyV,202.000,WYac+BcEaEqjcD+O,204.000,uHgM+VdJzX93m/5O,205.000,h4OQZ7bMhp0Pbd5V
7,70,2026-04-05T09:35:29.101Z,201.000,10,119.000,Jg+7wzPVXO3fl6hF,193.000,nbm0/St8w4GUlGA4,195.000,0vdW+g6toC/h3nqI,197.000,3ro8QLJh0yyykLyV,198.000,Cr1IDgtoIwjHadzo,199.000,UfIL2xPYUWA3pa2i,200.000,uHgM+VdJzX93m/5O,202.000,WYac+BcEaEqjcD+O,203.000,jwNdRfwvt/DA6PNq,206.000,h4OQZ7bMhp0Pbd5V
7,71,2026-04-05T09:35:29.302Z,202.000,10,118.000,Jg+7wzPVXO3fl6hF,194.000,nbm0/St8w4GUlGA4,196.000,jwNdRfwvt/DA6PNq,197.000,0vdW+g6toC/h3nqI,199.000,WYac+BcEaEqjcD+O,200.000,UfIL2xPYUWA3pa2i,202.000,uHgM+VdJzX93m/5O,204.000,3ro8QLJh0yyykLyV,206.000,Cr1IDgtoIwjHadzo,207.000,h4OQZ7bMhp0Pbd5V
7,72,2026-04-05T09:35:29.504Z,200.000,10,118.000,Jg+7wzPVXO3fl6hF,192.000,nbm0/St8w4GUlGA4,194.000,0vdW+g6toC/h3nqI,196.000,uHgM+VdJzX93m/5O,197.000,jwNdRfwvt/DA6PNq,199.000,Cr1IDgtoIwjHadzo,200.000,UfIL2xPYUWA3pa2i,201.000,3ro8QLJh0yyykLyV,203.000,WYac+BcEaEqjcD+O,205.000,h4OQZ7bMhp0Pbd5V
7,73,2026-04-05T09:35:29.704Z,201.000,10,119.000,Jg+7wzPVXO3fl6hF,194.000,0vdW+g6toC/h3nqI,196.000,nbm0/St8w4GUlGA4,197.000,3ro8QLJh0yyykLyV,199.000,jwNdRfwvt/DA6PNq,200.000,WYac+BcEaEqjcD+O,201.000,Cr1IDgtoIwjHadzo,202.000,UfIL2xPYUWA3pa2i,203.000,uHgM+VdJzX93m/5O,208.000,h4OQZ7bMhp0Pbd5V
7,74,2026-04-05T09:35:29.905Z,203.000,10,120.000,Jg+7wzPVXO3fl6hF,196.000,0vdW+g6toC/h3nqI,198.000,nbm0/St8w4GUlGA4,199.000,Cr1IDgtoIwjHadzo,200.000,jwNdRfwvt/DA6PNq,201.000,uHgM+VdJzX93m/5O,203.000,UfIL2xPYUWA3pa2i,204.000,WYac+BcEaEqjcD+O,205.000,3ro8QLJh0yyykLyV,209.000,h4OQZ7bMhp0Pbd5V
7,75,2026-04-05T09:35:30.108Z,200.000,10,118.000,Jg+7wzPVXO3fl6hF,191.000,0vdW+g6toC/h3nqI,195.000,jwNdRfwvt/DA6PNq,196.000,nbm0/St8w4GUlGA4,197.000,uHgM+VdJzX93m/5O,198.000,UfIL2xPYUWA3pa2i,200.000,3ro8QLJh0yyykLyV,201.000,Cr1IDgtoIwjHadzo,203.000,WYac+BcEaEqjcD+O,206.000,h4OQZ7bMhp0Pbd5V
7,76,2026-04-05T09:35:30.308Z,201.000,10,119.000,Jg+7wzPVXO3fl6hF,194.000,0vdW+g6toC/h3nqI,196.000,jwNdRfwvt/DA6PNq,197.000,Cr1IDgtoIwjHadzo,198.000,UfIL2xPYUWA3pa2i,199.000,uHgM+VdJzX93m/5O,200.000,nbm0/St8w4GUlGA4,201.000,3ro8QLJh0yyykLyV,202.000,WYac+BcEaEqjcD+O,208.000,h4OQZ7bMhp0Pbd5V
7,77,2026-04-05T09:35:30.509Z,201.000,10,118.000,Jg+7wzPVXO3fl6hF,194.000,jwNdRfwvt/DA6PNq,195.000,0vdW+g6toC/h3nqI,197.000,uHgM+VdJzX93m/5O,198.000,3ro8QLJh0yyykLyV,200.000,nbm0/St8w4GUlGA4,201.000,Cr1IDgtoIwjHadzo,202.000,UfIL2xPYUWA3pa2i,203.000,WYac+BcEaEqjcD+O,207.000,h4OQZ7bMhp0Pbd5V
7,78,2026-04-05T09:35:30.710Z,201.000,10,119.000,Jg+7wzPVXO3fl6hF,194.000,0vdW+g6toC/h3nqI,196.000,UfIL2xPYUWA3pa2i,197.000,uHgM+VdJzX93m/5O,199.000,WYac+BcEaEqjcD+O,200.000,Cr1IDgtoIwjHadzo,201.000,nbm0/St8w4GUlGA4,203.000,3ro8QLJh0yyykLyV,204.000,jwNdRfwvt/DA6PNq,208.000,h4OQZ7bMhp0Pbd5V
7,79,2026-04-05T09:35:30.911Z,202.000,10,119.000,Jg+7wzPVXO3fl6hF,194.000,0vdW+g6toC/h3nqI,196.000,3ro8QLJh0yyykLyV,198.000,uHgM+VdJzX93m/5O,199.000,nbm0/St8w4GUlGA4,200.000,WYac+BcEaEqjcD+O,201.000,Cr1IDgtoIwjHadzo,203.000,jwNdRfwvt/DA6PNq,204.000,UfIL2xPYUWA3pa2i,208.000,h4OQZ7bMhp0Pbd5V
7,80,2026-04-05T09:35:31.113Z,205.000,10,118.000,Jg+7wzPVXO3fl6hF,194.000,0vdW+g6toC/h3nqI,197.000,jwNdRfwvt/DA6PNq,200.000,uHgM+VdJzX93m/5O,202.000,nbm0/St8w4GUlGA4,204.000,Cr1IDgtoIwjHadzo,205.000,UfIL2xPYUWA3pa2i,206.000,3ro8QLJh0yyykLyV,208.000,WYac+BcEaEqjcD+O,209.000,h4OQZ7bMhp0Pbd5V
7,81,2026-04-05T09:35:31.318Z,198.000,10,115.000,Jg+7wzPVXO3fl6hF,186.000,0vdW+g6toC/h3nqI,193.000,3ro8QLJh0yyykLyV,194.000,UfIL2xPYUWA3pa2i,196.000,uHgM+VdJzX93m/5O,197.000,nbm0/St8w4GUlGA4,198.000,jwNdRfwvt/DA6PNq,199.000,Cr1IDgtoIwjHadzo,201.000,WYac+BcEaEqjcD+O,202.000,h4OQZ7bMhp0Pbd5V
7,82,2026-04-05T09:35:31.516Z,205.000,10,128.000,Jg+7wzPVXO3fl6hF,193.000,0vdW+g6toC/h3nqI,198.000,UfIL2xPYUWA3pa2i,201.000,3ro8QLJh0yyykLyV,202.000,nbm0/St8w4GUlGA4,203.000,uHgM+VdJzX93m/5O,205.000,jwNdRfwvt/DA6PNq,206.000,Cr1IDgtoIwjHadzo,208.000,WYac+BcEaEqjcD+O,211.000,h4OQZ7bMhp0Pbd5V
7,83,2026-04-05T09:35:31.721Z,200.000,10,115.000,Jg+7wzPVXO3fl6hF,190.000,0vdW+g6toC/h3nqI,193.000,uHgM+VdJzX93m/5O,195.000,jwNdRfwvt/DA6PNq,196.000,3ro8QLJh0yyykLyV,198.000,UfIL2xPYUWA3pa2i,199.000,WYac+BcEaEqjcD+O,201.000,Cr1IDgtoIwjHadzo,203.000,nbm0/St8w4GUlGA4,212.000,h4OQZ7bMhp0Pbd5V
7,84,2026-04-05T09:35:31.921Z,206.000,10,117.000,Jg+7wzPVXO3fl6hF,193.000,0vdW+g6toC/h3nqI,197.000,jwNdRfwvt/DA6PNq,199.000,uHgM+VdJzX93m/5O,202.000,Cr1IDgtoIwjHadzo,204.000,UfIL2xPYUWA3pa2i,205.000,nbm0/St8w4GUlGA4,207.000,3ro8QLJh0yyykLyV,208.000,WYac+BcEaEqjcD+O,210.000,h4OQZ7bMhp0Pbd5V
7,85,2026-04-05T09:35:32.127Z,192.000,10,112.000,Jg+7wzPVXO3fl6hF,184.000,Cr1IDgtoIwjHadzo,185.000,uHgM+VdJzX93m/5O,187.000,0vdW+g6toC/h3nqI,188.000,3ro8QLJh0yyykLyV,189.000,nbm0/St8w4GUlGA4,192.000,WYac+BcEaEqjcD+O,193.000,jwNdRfwvt/DA6PNq,194.000,UfIL2xPYUWA3pa2i,197.000,h4OQZ7bMhp0Pbd5V
7,86,2026-04-05T09:35:32.319Z,204.000,10,121.000,Jg+7wzPVXO3fl6hF,195.000,0vdW+g6toC/h3nqI,198.000,Cr1IDgtoIwjHadzo,200.000,jwNdRfwvt/DA6PNq,201.000,WYac+BcEaEqjcD+O,202.000,UfIL2xPYUWA3pa2i,204.000,nbm0/St8w4GUlGA4,205.000,uHgM+VdJzX93m/5O,206.000,3ro8QLJh0yyykLyV,207.000,h4OQZ7bMhp0Pbd5V
7,87,2026-04-05T09:35:32.523Z,202.000,10,119.000,Jg+7wzPVXO3fl6hF,192.000,0vdW+g6toC/h3nqI,195.000,WYac+BcEaEqjcD+O,197.000,UfIL2xPYUWA3pa2i,198.000,Cr1IDgtoIwjHadzo,200.000,jwNdRfwvt/DA6PNq,202.000,3ro8QLJh0yyykLyV,203.000,nbm0/St8w4GUlGA4,204.000,h4OQZ7bMhp0Pbd5V,230.000,uHgM+VdJzX93m/5O
7,88,2026-04-05T09:35:32.725Z,201.000,10,118.000,Jg+7wzPVXO3fl6hF,192.000,0vdW+g6toC/h3nqI,195.000,UfIL2xPYUWA3pa2i,197.000,WYac+BcEaEqjcD+O,198.000,jwNdRfwvt/DA6PNq,199.000,uHgM+VdJzX93m/5O,201.000,3ro8QLJh0yyykLyV,202.000,nbm0/St8w4GUlGA4,204.000,Cr1IDgtoIwjHadzo,206.000,h4OQZ7bMhp0Pbd5V
7,89,2026-04-05T09:35:32.926Z,198.000,10,118.000,Jg+7wzPVXO3fl6hF,191.000,0vdW+g6toC/h3nqI,192.000,WYac+BcEaEqjcD+O,195.000,nbm0/St8w4GUlGA4,196.000,UfIL2xPYUWA3pa2i,197.000,jwNdRfwvt/DA6PNq,198.000,uHgM+VdJzX93m/5O,199.000,3ro8QLJh0yyykLyV,200.000,Cr1IDgtoIwjHadzo,203.000,h4OQZ7bMhp0Pbd5V
7,90,2026-04-05T09:35:33.124Z,204.000,10,123.000,Jg+7wzPVXO3fl6hF,193.000,0vdW+g6toC/h3nqI,197.000,uHgM+VdJzX93m/5O,199.000,UfIL2xPYUWA3pa2i,201.000,jwNdRfwvt/DA6PNq,202.000,Cr1IDgtoIwjHadzo,203.000,3ro8QLJh0yyykLyV,205.000,nbm0/St8w4GUlGA4,206.000,WYac+BcEaEqjcD+O,207.000,h4OQZ7bMhp0Pbd5V
7,91,2026-04-05T09:35:33.328Z,198.000,10,139.000,Jg+7wzPVXO3fl6hF,189.000,0vdW+g6toC/h3nqI,191.000,jwNdRfwvt/DA6PNq,194.000,uHgM+VdJzX93m/5O,195.000,WYac+BcEaEqjcD+O,196.000,Cr1IDgtoIwjHadzo,198.000,3ro8QLJh0yyykLyV,201.000,UfIL2xPYUWA3pa2i,202.000,nbm0/St8w4GUlGA4,206.000,h4OQZ7bMhp0Pbd5V
7,92,2026-04-05T09:35:33.526Z,198.000,10,136.000,Jg+7wzPVXO3fl6hF,189.000,0vdW+g6toC/h3nqI,191.000,UfIL2xPYUWA3pa2i,192.000,Cr1IDgtoIwjHadzo,194.000,nbm0/St8w4GUlGA4,196.000,WYac+BcEaEqjcD+O,198.000,jwNdRfwvt/DA6PNq,201.000,3ro8QLJh0yyykLyV,202.000,uHgM+VdJzX93m/5O,214.000,h4OQZ7bMhp0Pbd5V
7,93,2026-04-05T09:35:33.724Z,202.000,10,141.000,Jg+7wzPVXO3fl6hF,193.000,0vdW+g6toC/h3nqI,197.000,Cr1IDgtoIwjHadzo,198.000,WYac+BcEaEqjcD+O,198.000,jwNdRfwvt/DA6PNq,200.000,3ro8QLJh0yyykLyV,202.000,nbm0/St8w4GUlGA4,205.000,h4OQZ7bMhp0Pbd5V,208.000,UfIL2xPYUWA3pa2i,287.000,uHgM+VdJzX93m/5O
7,94,2026-04-05T09:35:33.926Z,236.000,10,138.000,Jg+7wzPVXO3fl6hF,227.000,uHgM+VdJzX93m/5O,229.000,0vdW+g6toC/h3nqI,230.000,WYac+BcEaEqjcD+O,232.000,3ro8QLJh0yyykLyV,233.000,h4OQZ7bMhp0Pbd5V,235.000,jwNdRfwvt/DA6PNq,294.000,UfIL2xPYUWA3pa2i,294.000,Cr1IDgtoIwjHadzo,407.000,nbm0/St8w4GUlGA4
7,95,2026-04-05T09:35:34.162Z,169.000,9,104.000,Jg+7wzPVXO3fl6hF,160.000,UfIL2xPYUWA3pa2i,162.000,jwNdRfwvt/DA6PNq,163.000,0vdW+g6toC/h3nqI,165.000,uHgM+VdJzX93m/5O,166.000,WYac+BcEaEqjcD+O,168.000,Cr1IDgtoIwjHadzo,173.000,h4OQZ7bMhp0Pbd5V,210.000,nbm0/St8w4GUlGA4,,
7,96,2026-04-05T09:35:34.331Z,202.000,9,22.000,3ro8QLJh0yyykLyV,135.000,Jg+7wzPVXO3fl6hF,191.000,0vdW+g6toC/h3nqI,194.000,uHgM+VdJzX93m/5O,195.000,UfIL2xPYUWA3pa2i,197.000,jwNdRfwvt/DA6PNq,202.000,h4OQZ7bMhp0Pbd5V,203.000,WYac+BcEaEqjcD+O,204.000,Cr1IDgtoIwjHadzo,,
7,97,2026-04-05T09:35:34.533Z,206.000,10,10.000,nbm0/St8w4GUlGA4,23.000,3ro8QLJh0yyykLyV,190.000,0vdW+g6toC/h3nqI,201.000,uHgM+VdJzX93m/5O,204.000,UfIL2xPYUWA3pa2i,205.000,WYac+BcEaEqjcD+O,206.000,h4OQZ7bMhp0Pbd5V,218.000,Jg+7wzPVXO3fl6hF,222.000,Cr1IDgtoIwjHadzo,241.000,jwNdRfwvt/DA6PNq
7,98,2026-04-05T09:35:34.739Z,193.000,8,10.000,nbm0/St8w4GUlGA4,21.000,3ro8QLJh0yyykLyV,186.000,0vdW+g6toC/h3nqI,188.000,uHgM+VdJzX93m/5O,191.000,UfIL2xPYUWA3pa2i,192.000,WYac+BcEaEqjcD+O,193.000,jwNdRfwvt/DA6PNq,194.000,h4OQZ7bMhp0Pbd5V,,,,
7,99,2026-04-05T09:35:34.932Z,198.000,10,6.000,Jg+7wzPVXO3fl6hF,11.000,Cr1IDgtoIwjHadzo,28.000,3ro8QLJh0yyykLyV,106.000,nbm0/St8w4GUlGA4,192.000,0vdW+g6toC/h3nqI,194.000,uHgM+VdJzX93m/5O,198.000,WYac+BcEaEqjcD+O,199.000,h4OQZ7bMhp0Pbd5V,204.000,UfIL2xPYUWA3pa2i,210.000,jwNdRfwvt/DA6PNq
7,100,2026-04-05T09:35:35.130Z,200.000,10,9.000,Jg+7wzPVXO3fl6hF,17.000,Cr1IDgtoIwjHadzo,31.000,3ro8QLJh0yyykLyV,104.000,nbm0/St8w4GUlGA4,195.000,uHgM+VdJzX93m/5O,196.000,0vdW+g6toC/h3nqI,200.000,UfIL2xPYUWA3pa2i,202.000,WYac+BcEaEqjcD+O,206.000,jwNdRfwvt/DA6PNq,208.000,h4OQZ7bMhp0Pbd5V
7,101,2026-04-05T09:35:35.330Z,236.000,10,9.000,Jg+7wzPVXO3fl6hF,18.000,Cr1IDgtoIwjHadzo,31.000,3ro8QLJh0yyykLyV,233.000,nbm0/St8w4GUlGA4,234.000,WYac+BcEaEqjcD+O,235.000,uHgM+VdJzX93m/5O,236.000,h4OQZ7bMhp0Pbd5V,237.000,0vdW+g6toC/h3nqI,238.000,UfIL2xPYUWA3pa2i,260.000,jwNdRfwvt/DA6PNq
7,102,2026-04-05T09:35:35.566Z,165.000,9,2.000,3ro8QLJh0yyykLyV,5.000,Cr1IDgtoIwjHadzo,20.000,Jg+7wzPVXO3fl6hF,69.000,nbm0/St8w4GUlGA4,161.000,0vdW+g6toC/h3nqI,164.000,uHgM+VdJzX93m/5O,165.000,WYac+BcEaEqjcD+O,168.000,jwNdRfwvt/DA6PNq,170.000,h4OQZ7bMhp0Pbd5V,,
7,103,2026-04-05T09:35:35.731Z,199.000,10,24.000,UfIL2xPYUWA3pa2i,36.000,3ro8QLJh0yyykLyV,37.000,Cr1IDgtoIwjHadzo,50.000,Jg+7wzPVXO3fl6hF,107.000,nbm0/St8w4GUlGA4,198.000,0vdW+g6toC/h3nqI,199.000,jwNdRfwvt/DA6PNq,201.000,WYac+BcEaEqjcD+O,203.000,uHgM+VdJzX93m/5O,206.000,h4OQZ7bMhp0Pbd5V
7,104,2026-04-05T09:35:35.930Z,209.000,10,27.000,UfIL2xPYUWA3pa2i,39.000,3ro8QLJh0yyykLyV,41.000,Cr1IDgtoIwjHadzo,51.000,Jg+7wzPVXO3fl6hF,107.000,nbm0/St8w4GUlGA4,208.000,0vdW+g6toC/h3nqI,209.000,jwNdRfwvt/DA6PNq,210.000,WYac+BcEaEqjcD+O,210.000,h4OQZ7bMhp0Pbd5V,477.000,uHgM+VdJzX93m/5O
7,105,2026-04-05T09:35:36.139Z,195.000,9,19.000,UfIL2xPYUWA3pa2i,32.000,Cr1IDgtoIwjHadzo,33.000,3ro8QLJh0yyykLyV,44.000,Jg+7wzPVXO3fl6hF,101.000,nbm0/St8w4GUlGA4,192.000,0vdW+g6toC/h3nqI,195.000,jwNdRfwvt/DA6PNq,198.000,h4OQZ7bMhp0Pbd5V,201.000,WYac+BcEaEqjcD+O,,
7,106,2026-04-05T09:35:36.334Z,200.000,9,28.000,UfIL2xPYUWA3pa2i,37.000,Cr1IDgtoIwjHadzo,42.000,3ro8QLJh0yyykLyV,51.000,Jg+7wzPVXO3fl6hF,107.000,nbm0/St8w4GUlGA4,199.000,0vdW+g6toC/h3nqI,200.000,WYac+BcEaEqjcD+O,203.000,jwNdRfwvt/DA6PNq,204.000,h4OQZ7bMhp0Pbd5V,,
7,107,2026-04-05T09:35:36.534Z,226.000,10,24.000,UfIL2xPYUWA3pa2i,39.000,Cr1IDgtoIwjHadzo,44.000,3ro8QLJh0yyykLyV,46.000,uHgM+VdJzX93m/5O,53.000,Jg+7wzPVXO3fl6hF,109.000,nbm0/St8w4GUlGA4,225.000,jwNdRfwvt/DA6PNq,227.000,h4OQZ7bMhp0Pbd5V,228.000,WYac+BcEaEqjcD+O,231.000,0vdW+g6toC/h3nqI
7,108,2026-04-05T09:35:36.760Z,184.000,9,7.000,UfIL2xPYUWA3pa2i,15.000,3ro8QLJh0yyykLyV,22.000,uHgM+VdJzX93m/5O,28.000,Jg+7wzPVXO3fl6hF,108.000,nbm0/St8w4GUlGA4,109.000,Cr1IDgtoIwjHadzo,184.000,jwNdRfwvt/DA6PNq,185.000,WYac+BcEaEqjcD+O,248.000,h4OQZ7bMhp0Pbd5V,,
7,109,2026-04-05T09:35:36.944Z,102.000,7,18.000,0vdW+g6toC/h3nqI,20.000,UfIL2xPYUWA3pa2i,32.000,3ro8QLJh0yyykLyV,39.000,uHgM+VdJzX93m/5O,45.000,Jg+7wzPVXO3fl6hF,101.000,nbm0/St8w4GUlGA4,102.000,Cr1IDgtoIwjHadzo,,,,,,
7,110,2026-04-05T09:35:37.046Z,136.000,7,90.000,jwNdRfwvt/DA6PNq,91.000,WYac+BcEaEqjcD+O,95.000,h4OQZ7bMhp0Pbd5V,116.000,0vdW+g6toC/h3nqI,119.000,UfIL2xPYUWA3pa2i,131.000,3ro8QLJh0yyykLyV,136.000,uHgM+VdJzX93m/5O,,,,,,
7,111,2026-04-05T09:35:37.182Z,181.000,9,9.000,Jg+7wzPVXO3fl6hF,101.000,nbm0/St8w4GUlGA4,102.000,Cr1IDgtoIwjHadzo,156.000,WYac+BcEaEqjcD+O,158.000,jwNdRfwvt/DA6PNq,161.000,h4OQZ7bMhp0Pbd5V,181.000,0vdW+g6toC/h3nqI,185.000,UfIL2xPYUWA3pa2i,316.000,uHgM+VdJzX93m/5O,,
7,112,2026-04-05T09:35:37.363Z,202.000,9,14.000,3ro8QLJh0yyykLyV,28.000,Jg+7wzPVXO3fl6hF,87.000,Cr1IDgtoIwjHadzo,88.000,nbm0/St8w4GUlGA4,177.000,jwNdRfwvt/DA6PNq,180.000,h4OQZ7bMhp0Pbd5V,202.000,0vdW+g6toC/h3nqI,209.000,UfIL2xPYUWA3pa2i,246.000,WYac+BcEaEqjcD+O,,
7,113,2026-04-05T09:35:37.565Z,205.000,9,14.000,3ro8QLJh0yyykLyV,29.000,Jg+7wzPVXO3fl6hF,82.000,nbm0/St8w4GUlGA4,86.000,Cr1IDgtoIwjHadzo,123.000,uHgM+VdJzX93m/5O,178.000,jwNdRfwvt/DA6PNq,205.000,UfIL2xPYUWA3pa2i,208.000,h4OQZ7bMhp0Pbd5V,211.000,0vdW+g6toC/h3nqI,,
7,114,2026-04-05T09:35:37.770Z,173.000,8,12.000,3ro8QLJh0yyykLyV,22.000,WYac+BcEaEqjcD+O,26.000,Jg+7wzPVXO3fl6hF,79.000,nbm0/St8w4GUlGA4,82.000,Cr1IDgtoIwjHadzo,118.000,uHgM+VdJzX93m/5O,173.000,jwNdRfwvt/DA6PNq,174.000,h4OQZ7bMhp0Pbd5V,,,,
7,115,2026-04-05T09:35:37.943Z,110.000,7,26.000,UfIL2xPYUWA3pa2i,27.000,0vdW+g6toC/h3nqI,38.000,3ro8QLJh0yyykLyV,50.000,WYac+BcEaEqjcD+O,54.000,Jg+7wzPVXO3fl6hF,108.000,nbm0/St8w4GUlGA4,109.000,Cr1IDgtoIwjHadzo,,,,,,
7,116,2026-04-05T09:35:38.053Z,145.000,8,37.000,uHgM+VdJzX93m/5O,93.000,h4OQZ7bMhp0Pbd5V,95.000,jwNdRfwvt/DA6PNq,118.000,0vdW+g6toC/h3nqI,120.000,UfIL2xPYUWA3pa2i,131.000,3ro8QLJh0yyykLyV,145.000,Jg+7wzPVXO3fl6hF,148.000,WYac+BcEaEqjcD+O,,,,
7,117,2026-04-05T09:35:38.198Z,187.000,8,55.000,Cr1IDgtoIwjHadzo,93.000,uHgM+VdJzX93m/5O,94.000,nbm0/St8w4GUlGA4,147.000,h4OQZ7bMhp0Pbd5V,174.000,UfIL2xPYUWA3pa2i,176.000,0vdW+g6toC/h3nqI,186.000,3ro8QLJh0yyykLyV,244.000,jwNdRfwvt/DA6PNq,,,,
7,118,2026-04-05T09:35:38.385Z,164.000,7,10.000,WYac+BcEaEqjcD+O,15.000,Jg+7wzPVXO3fl6hF,68.000,Cr1IDgtoIwjHadzo,91.000,nbm0/St8w4GUlGA4,107.000,uHgM+VdJzX93m/5O,162.000,h4OQZ7bMhp0Pbd5V,163.000,jwNdRfwvt/DA6PNq,,,,,,
7,119,2026-04-05T09:35:38.549Z,176.000,8,24.000,UfIL2xPYUWA3pa2i,166.000,0vdW+g6toC/h3nqI,169.000,3ro8QLJh0yyykLyV,170.000,WYac+BcEaEqjcD+O,172.000,Jg+7wzPVXO3fl6hF,174.000,Cr1IDgtoIwjHadzo,176.000,nbm0/St8w4GUlGA4,177.000,uHgM+VdJzX93m/5O,,,,
7,120,2026-04-05T09:35:38.725Z,76.000,7,23.000,jwNdRfwvt/DA6PNq,25.000,h4OQZ7bMhp0Pbd5V,48.000,0vdW+g6toC/h3nqI,51.000,UfIL2xPYUWA3pa2i,62.000,3ro8QLJh0yyykLyV,72.000,WYac+BcEaEqjcD+O,76.000,Jg+7wzPVXO3fl6hF,,,,,,
7,121,2026-04-05T09:35:38.801Z,191.000,8,55.000,Cr1IDgtoIwjHadzo,75.000,nbm0/St8w4GUlGA4,95.000,uHgM+VdJzX93m/5O,148.000,jwNdRfwvt/DA6PNq,174.000,0vdW+g6toC/h3nqI,185.000,UfIL2xPYUWA3pa2i,191.000,3ro8QLJh0yyykLyV,237.000,h4OQZ7bMhp0Pbd5V,,,,
7,122,2026-04-05T09:35:38.992Z,162.000,7,6.000,WYac+BcEaEqjcD+O,13.000,Jg+7wzPVXO3fl6hF,66.000,Cr1IDgtoIwjHadzo,86.000,nbm0/St8w4GUlGA4,104.000,uHgM+VdJzX93m/5O,159.000,jwNdRfwvt/DA6PNq,161.000,h4OQZ7bMhp0Pbd5V,,,,,,
7,123,2026-04-05T09:35:39.154Z,140.000,7,22.000,0vdW+g6toC/h3nqI,24.000,UfIL2xPYUWA3pa2i,35.000,3ro8QLJh0yyykLyV,46.000,WYac+BcEaEqjcD+O,50.000,Jg+7wzPVXO3fl6hF,106.000,Cr1IDgtoIwjHadzo,140.000,nbm0/St8w4GUlGA4,,,,,,
7,124,2026-04-05T09:35:39.294Z,109.000,8,2.000,uHgM+VdJzX93m/5O,57.000,jwNdRfwvt/DA6PNq,60.000,h4OQZ7bMhp0Pbd5V,84.000,UfIL2xPYUWA3pa2i,85.000,0vdW+g6toC/h3nqI,97.000,3ro8QLJh0yyykLyV,108.000,WYac+BcEaEqjcD+O,114.000,Jg+7wzPVXO3fl6hF,,,,
7,125,2026-04-05T09:35:39.403Z,179.000,7,59.000,Cr1IDgtoIwjHadzo,77.000,nbm0/St8w4GUlGA4,95.000,uHgM+VdJzX93m/5O,150.000,jwNdRfwvt/DA6PNq,153.000,h4OQZ7bMhp0Pbd5V,174.000,0vdW+g6toC/h3nqI,179.000,UfIL2xPYUWA3pa2i,,,,,,
7,126,2026-04-05T09:35:39.582Z,171.000,8,10.000,3ro8QLJh0yyykLyV,22.000,WYac+BcEaEqjcD+O,28.000,Jg+7wzPVXO3fl6hF,80.000,Cr1IDgtoIwjHadzo,97.000,nbm0/St8w4GUlGA4,115.000,uHgM+VdJzX93m/5O,171.000,jwNdRfwvt/DA6PNq,346.000,h4OQZ7bMhp0Pbd5V,,,,
7,127,2026-04-05T09:35:39.753Z,127.000,7,25.000,0vdW+g6toC/h3nqI,28.000,UfIL2xPYUWA3pa2i,39.000,3ro8QLJh0yyykLyV,51.000,WYac+BcEaEqjcD+O,57.000,Jg+7wzPVXO3fl6hF,109.000,Cr1IDgtoIwjHadzo,127.000,nbm0/St8w4GUlGA4,,,,,,
7,128,2026-04-05T09:35:39.880Z,125.000,7,19.000,uHgM+VdJzX93m/5O,74.000,h4OQZ7bMhp0Pbd5V,76.000,jwNdRfwvt/DA6PNq,99.000,0vdW+g6toC/h3nqI,105.000,UfIL2xPYUWA3pa2i,114.000,3ro8QLJh0yyykLyV,125.000,WYac+BcEaEqjcD+O,,,,,,
7,129,2026-04-05T09:35:40.005Z,176.000,8,4.000,Jg+7wzPVXO3fl6hF,58.000,Cr1IDgtoIwjHadzo,76.000,nbm0/St8w4GUlGA4,96.000,uHgM+VdJzX93m/5O,152.000,h4OQZ7bMhp0Pbd5V,152.000,jwNdRfwvt/DA6PNq,176.000,0vdW+g6toC/h3nqI,178.000,UfIL2xPYUWA3pa2i,,,,
7,130,2026-04-05T09:35:40.181Z,181.000,8,15.000,3ro8QLJh0yyykLyV,27.000,WYac+BcEaEqjcD+O,32.000,Jg+7wzPVXO3fl6hF,84.000,Cr1IDgtoIwjHadzo,103.000,nbm0/St8w4GUlGA4,124.000,uHgM+VdJzX93m/5O,181.000,h4OQZ7bMhp0Pbd5V,210.000,jwNdRfwvt/DA6PNq,,,,
7,131,2026-04-05T09:35:40.362Z,125.000,7,20.000,0vdW+g6toC/h3nqI,24.000,UfIL2xPYUWA3pa2i,35.000,3ro8QLJh0yyykLyV,50.000,Jg+7wzPVXO3fl6hF,55.000,WYac+BcEaEqjcD+O,103.000,Cr1IDgtoIwjHadzo,125.000,nbm0/St8w4GUlGA4,,,,,,
7,132,2026-04-05T09:35:40.487Z,123.000,8,17.000,uHgM+VdJzX93m/5O,73.000,jwNdRfwvt/DA6PNq,76.000,h4OQZ7bMhp0Pbd5V,98.000,0vdW+g6toC/h3nqI,100.000,UfIL2xPYUWA3pa2i,111.000,3ro8QLJh0yyykLyV,123.000,WYac+BcEaEqjcD+O,127.000,Jg+7wzPVXO3fl6hF,,,,
7,133,2026-04-05T09:35:40.610Z,183.000,7,56.000,Cr1IDgtoIwjHadzo,78.000,nbm0/St8w4GUlGA4,97.000,uHgM+VdJzX93m/5O,149.000,jwNdRfwvt/DA6PNq,154.000,h4OQZ7bMhp0Pbd5V,180.000,UfIL2xPYUWA3pa2i,183.000,0vdW+g6toC/h3nqI,,,,,,
7,134,2026-04-05T09:35:40.793Z,169.000,7,6.000,3ro8QLJh0yyykLyV,18.000,WYac+BcEaEqjcD+O,21.000,Jg+7wzPVXO3fl6hF,75.000,Cr1IDgtoIwjHadzo,94.000,nbm0/St8w4GUlGA4,115.000,uHgM+VdJzX93m/5O,169.000,jwNdRfwvt/DA6PNq,,,,,,
7,135,2026-04-05T09:35:40.962Z,109.000,7,4.000,h4OQZ7bMhp0Pbd5V,27.000,UfIL2xPYUWA3pa2i,29.000,0vdW+g6toC/h3nqI,38.000,3ro8QLJh0yyykLyV,50.000,WYac+BcEaEqjcD+O,55.000,Jg+7wzPVXO3fl6hF,109.000,Cr1IDgtoIwjHadzo,,,,,,
7,136,2026-04-05T09:35:41.071Z,196.000,9,19.000,nbm0/St8w4GUlGA4,37.000,uHgM+VdJzX93m/5O,90.000,jwNdRfwvt/DA6PNq,183.000,h4OQZ7bMhp0Pbd5V,191.000,UfIL2xPYUWA3pa2i,193.000,3ro8QLJh0yyykLyV,195.000,Jg+7wzPVXO3fl6hF,198.000,WYac+BcEaEqjcD+O,199.000,0vdW+g6toC/h3nqI,,
7,137,2026-04-05T09:35:41.267Z,151.000,8,14.000,Cr1IDgtoIwjHadzo,26.000,nbm0/St8w4GUlGA4,44.000,uHgM+VdJzX93m/5O,96.000,jwNdRfwvt/DA6PNq,100.000,h4OQZ7bMhp0Pbd5V,123.000,UfIL2xPYUWA3pa2i,150.000,Jg+7wzPVXO3fl6hF,166.000,3ro8QLJh0yyykLyV,,,,
7,138,2026-04-05T09:35:41.418Z,160.000,7,22.000,WYac+BcEaEqjcD+O,38.000,0vdW+g6toC/h3nqI,55.000,Cr1IDgtoIwjHadzo,75.000,nbm0/St8w4GUlGA4,96.000,uHgM+VdJzX93m/5O,148.000,jwNdRfwvt/DA6PNq,160.000,h4OQZ7bMhp0Pbd5V,,,,,,
7,139,2026-04-05T09:35:41.578Z,116.000,7,15.000,UfIL2xPYUWA3pa2i,28.000,3ro8QLJh0yyykLyV,47.000,Jg+7wzPVXO3fl6hF,64.000,WYac+BcEaEqjcD+O,79.000,0vdW+g6toC/h3nqI,96.000,Cr1IDgtoIwjHadzo,116.000,nbm0/St8w4GUlGA4,,,,,,
7,140,2026-04-05T09:35:41.694Z,148.000,7,18.000,uHgM+VdJzX93m/5O,75.000,jwNdRfwvt/DA6PNq,78.000,h4OQZ7bMhp0Pbd5V,100.000,UfIL2xPYUWA3pa2i,113.000,3ro8QLJh0yyykLyV,134.000,Jg+7wzPVXO3fl6hF,148.000,WYac+BcEaEqjcD+O,,,,,,
7,141,2026-04-05T09:35:41.842Z,167.000,8,16.000,0vdW+g6toC/h3nqI,31.000,Cr1IDgtoIwjHadzo,54.000,nbm0/St8w4GUlGA4,72.000,uHgM+VdJzX93m/5O,132.000,jwNdRfwvt/DA6PNq,154.000,UfIL2xPYUWA3pa2i,167.000,3ro8QLJh0yyykLyV,240.000,h4OQZ7bMhp0Pbd5V,,,,
7,142,2026-04-05T09:35:42.009Z,161.000,8,24.000,Jg+7wzPVXO3fl6hF,52.000,0vdW+g6toC/h3nqI,54.000,WYac+BcEaEqjcD+O,67.000,Cr1IDgtoIwjHadzo,90.000,nbm0/St8w4GUlGA4,105.000,uHgM+VdJzX93m/5O,161.000,h4OQZ7bMhp0Pbd5V,170.000,jwNdRfwvt/DA6PNq,,,,
7,143,2026-04-05T09:35:42.170Z,129.000,7,76.000,UfIL2xPYUWA3pa2i,78.000,3ro8QLJh0yyykLyV,81.000,Jg+7wzPVXO3fl6hF,84.000,WYac+BcEaEqjcD+O,91.000,0vdW+g6toC/h3nqI,121.000,Cr1IDgtoIwjHadzo,129.000,nbm0/St8w4GUlGA4,,,,,,
7,144,2026-04-05T09:35:42.299Z,148.000,8,16.000,uHgM+VdJzX93m/5O,77.000,jwNdRfwvt/DA6PNq,82.000,h4OQZ7bMhp0Pbd5V,100.000,UfIL2xPYUWA3pa2i,113.000,3ro8QLJh0yyykLyV,124.000,Jg+7wzPVXO3fl6hF,148.000,WYac+BcEaEqjcD+O,213.000,Cr1IDgtoIwjHadzo,,,,
7,145,2026-04-05T09:35:42.447Z,229.000,7,15.000,0vdW+g6toC/h3nqI,54.000,nbm0/St8w4GUlGA4,75.000,uHgM+VdJzX93m/5O,126.000,h4OQZ7bMhp0Pbd5V,138.000,jwNdRfwvt/DA6PNq,227.000,UfIL2xPYUWA3pa2i,229.000,3ro8QLJh0yyykLyV,,,,,,
7,146,2026-04-05T09:35:42.676Z,104.000,8,3.000,Jg+7wzPVXO3fl6hF,5.000,WYac+BcEaEqjcD+O,7.000,0vdW+g6toC/h3nqI,18.000,Cr1IDgtoIwjHadzo,42.000,uHgM+VdJzX93m/5O,100.000,h4OQZ7bMhp0Pbd5V,104.000,jwNdRfwvt/DA6PNq,179.000,nbm0/St8w4GUlGA4,,,,
7,147,2026-04-05T09:35:42.780Z,139.000,8,73.000,UfIL2xPYUWA3pa2i,77.000,3ro8QLJh0yyykLyV,79.000,Jg+7wzPVXO3fl6hF,81.000,WYac+BcEaEqjcD+O,100.000,0vdW+g6toC/h3nqI,116.000,Cr1IDgtoIwjHadzo,139.000,uHgM+VdJzX93m/5O,258.000,nbm0/St8w4GUlGA4,,,,
7,148,2026-04-05T09:35:42.919Z,163.000,7,99.000,h4OQZ7bMhp0Pbd5V,102.000,UfIL2xPYUWA3pa2i,102.000,jwNdRfwvt/DA6PNq,103.000,3ro8QLJh0yyykLyV,108.000,Jg+7wzPVXO3fl6hF,132.000,WYac+BcEaEqjcD+O,162.000,0vdW+g6toC/h3nqI,,,,,,
7,149,2026-04-05T09:35:43.082Z,141.000,7,31.000,Cr1IDgtoIwjHadzo,57.000,uHgM+VdJzX93m/5O,105.000,h4OQZ7bMhp0Pbd5V,122.000,UfIL2xPYUWA3pa2i,125.000,jwNdRfwvt/DA6PNq,134.000,3ro8QLJh0yyykLyV,141.000,nbm0/St8w4GUlGA4,,,,,,
7,150,2026-04-05T09:35:43.223Z,182.000,7,5.000,Jg+7wzPVXO3fl6hF,28.000,WYac+BcEaEqjcD+O,58.000,0vdW+g6toC/h3nqI,88.000,Cr1IDgtoIwjHadzo,115.000,uHgM+VdJzX93m/5O,161.000,h4OQZ7bMhp0Pbd5V,182.000,UfIL2xPYUWA3pa2i,,,,,,
7,151,2026-04-05T09:35:43.405Z,110.000,7,2.000,jwNdRfwvt/DA6PNq,11.000,3ro8QLJh0yyykLyV,19.000,nbm0/St8w4GUlGA4,24.000,Jg+7wzPVXO3fl6hF,48.000,WYac+BcEaEqjcD+O,78.000,0vdW+g6toC/h3nqI,110.000,Cr1IDgtoIwjHadzo,,,,,,
7,152,2026-04-05T09:35:43.515Z,117.000,7,25.000,uHgM+VdJzX93m/5O,71.000,h4OQZ7bMhp0Pbd5V,90.000,UfIL2xPYUWA3pa2i,93.000,jwNdRfwvt/DA6PNq,102.000,3ro8QLJh0yyykLyV,111.000,nbm0/St8w4GUlGA4,117.000,Jg+7wzPVXO3fl6hF,,,,,,
7,153,2026-04-05T09:35:43.632Z,178.000,7,21.000,WYac+BcEaEqjcD+O,52.000,0vdW+g6toC/h3nqI,83.000,Cr1IDgtoIwjHadzo,110.000,uHgM+VdJzX93m/5O,154.000,h4OQZ7bMhp0Pbd5V,174.000,UfIL2xPYUWA3pa2i,178.000,jwNdRfwvt/DA6PNq,,,,,,
7,154,2026-04-05T09:35:43.810Z,133.000,7,18.000,nbm0/St8w4GUlGA4,23.000,3ro8QLJh0yyykLyV,23.000,Jg+7wzPVXO3fl6hF,46.000,WYac+BcEaEqjcD+O,76.000,0vdW+g6toC/h3nqI,104.000,Cr1IDgtoIwjHadzo,133.000,uHgM+VdJzX93m/5O,,,,,,
7,155,2026-04-05T09:35:43.943Z,115.000,7,44.000,h4OQZ7bMhp0Pbd5V,66.000,UfIL2xPYUWA3pa2i,76.000,3ro8QLJh0yyykLyV,82.000,jwNdRfwvt/DA6PNq,85.000,nbm0/St8w4GUlGA4,92.000,Jg+7wzPVXO3fl6hF,115.000,WYac+BcEaEqjcD+O,,,,,,
7,156,2026-04-05T09:35:44.058Z,174.000,8,30.000,0vdW+g6toC/h3nqI,58.000,Cr1IDgtoIwjHadzo,87.000,uHgM+VdJzX93m/5O,131.000,h4OQZ7bMhp0Pbd5V,154.000,UfIL2xPYUWA3pa2i,159.000,jwNdRfwvt/DA6PNq,173.000,3ro8QLJh0yyykLyV,175.000,nbm0/St8w4GUlGA4,,,,
7,157,2026-04-05T09:35:44.232Z,183.000,8,4.000,Jg+7wzPVXO3fl6hF,26.000,WYac+BcEaEqjcD+O,57.000,0vdW+g6toC/h3nqI,86.000,Cr1IDgtoIwjHadzo,116.000,uHgM+VdJzX93m/5O,159.000,h4OQZ7bMhp0Pbd5V,183.000,UfIL2xPYUWA3pa2i,185.000,jwNdRfwvt/DA6PNq,,,,
7,158,2026-04-05T09:35:44.415Z,134.000,7,18.000,nbm0/St8w4GUlGA4,22.000,3ro8QLJh0yyykLyV,25.000,Jg+7wzPVXO3fl6hF,45.000,WYac+BcEaEqjcD+O,75.000,0vdW+g6toC/h3nqI,104.000,Cr1IDgtoIwjHadzo,133.000,uHgM+VdJzX93m/5O,,,,,,
7,159,2026-04-05T09:35:44.549Z,112.000,7,44.000,h4OQZ7bMhp0Pbd5V,67.000,UfIL2xPYUWA3pa2i,77.000,3ro8QLJh0yyykLyV,78.000,jwNdRfwvt/DA6PNq,84.000,nbm0/St8w4GUlGA4,90.000,Jg+7wzPVXO3fl6hF,112.000,WYac+BcEaEqjcD+O,,,,,,
7,160,2026-04-05T09:35:44.661Z,167.000,7,30.000,0vdW+g6toC/h3nqI,57.000,Cr1IDgtoIwjHadzo,116.000,uHgM+VdJzX93m/5O,131.000,h4OQZ7bMhp0Pbd5V,154.000,jwNdRfwvt/DA6PNq,158.000,UfIL2xPYUWA3pa2i,167.000,3ro8QLJh0yyykLyV,,,,,,
7,161,2026-04-05T09:35:44.828Z,167.000,7,8.000,nbm0/St8w4GUlGA4,13.000,Jg+7wzPVXO3fl6hF,31.000,WYac+BcEaEqjcD+O,66.000,0vdW+g6toC/h3nqI,92.000,Cr1IDgtoIwjHadzo,123.000,uHgM+VdJzX93m/5O,167.000,h4OQZ7bMhp0Pbd5V,,,,,,
7,162,2026-04-05T09:35:44.995Z,138.000,8,26.000,jwNdRfwvt/DA6PNq,26.000,UfIL2xPYUWA3pa2i,35.000,3ro8QLJh0yyykLyV,50.000,Jg+7wzPVXO3fl6hF,67.000,WYac+BcEaEqjcD+O,98.000,0vdW+g6toC/h3nqI,138.000,nbm0/St8w4GUlGA4,166.000,Cr1IDgtoIwjHadzo,,,,
7,163,2026-04-05T09:35:45.133Z,130.000,7,21.000,uHgM+VdJzX93m/5O,63.000,h4OQZ7bMhp0Pbd5V,84.000,UfIL2xPYUWA3pa2i,85.000,jwNdRfwvt/DA6PNq,105.000,3ro8QLJh0yyykLyV,113.000,Jg+7wzPVXO3fl6hF,130.000,WYac+BcEaEqjcD+O,,,,,,
7,164,2026-04-05T09:35:45.263Z,159.000,7,31.000,0vdW+g6toC/h3nqI,61.000,Cr1IDgtoIwjHadzo,65.000,nbm0/St8w4GUlGA4,91.000,uHgM+VdJzX93m/5O,137.000,h4OQZ7bMhp0Pbd5V,158.000,jwNdRfwvt/DA6PNq,159.000,UfIL2xPYUWA3pa2i,,,,,,
7,165,2026-04-05T09:35:45.422Z,133.000,7,9.000,3ro8QLJh0yyykLyV,25.000,Jg+7wzPVXO3fl6hF,45.000,WYac+BcEaEqjcD+O,72.000,0vdW+g6toC/h3nqI,105.000,nbm0/St8w4GUlGA4,128.000,Cr1IDgtoIwjHadzo,132.000,uHgM+VdJzX93m/5O,,,,,,
7,166,2026-04-05T09:35:45.555Z,173.000,9,43.000,h4OQZ7bMhp0Pbd5V,68.000,UfIL2xPYUWA3pa2i,78.000,3ro8QLJh0yyykLyV,99.000,Jg+7wzPVXO3fl6hF,112.000,WYac+BcEaEqjcD+O,141.000,0vdW+g6toC/h3nqI,173.000,nbm0/St8w4GUlGA4,176.000,Cr1IDgtoIwjHadzo,226.000,jwNdRfwvt/DA6PNq,,
7,167,2026-04-05T09:35:45.728Z,197.000,8,31.000,uHgM+VdJzX93m/5O,188.000,h4OQZ7bMhp0Pbd5V,191.000,UfIL2xPYUWA3pa2i,192.000,jwNdRfwvt/DA6PNq,195.000,Jg+7wzPVXO3fl6hF,196.000,3ro8QLJh0yyykLyV,197.000,WYac+BcEaEqjcD+O,199.000,0vdW+g6toC/h3nqI,,,,
7,168,2026-04-05T09:35:45.925Z,110.000,7,6.000,nbm0/St8w4GUlGA4,13.000,Cr1IDgtoIwjHadzo,33.000,uHgM+VdJzX93m/5O,78.000,h4OQZ7bMhp0Pbd5V,97.000,UfIL2xPYUWA3pa2i,100.000,jwNdRfwvt/DA6PNq,110.000,3ro8QLJh0yyykLyV,,,,,,
7,169,2026-04-05T09:35:46.035Z,169.000,7,18.000,Jg+7wzPVXO3fl6hF,36.000,WYac+BcEaEqjcD+O,64.000,0vdW+g6toC/h3nqI,96.000,nbm0/St8w4GUlGA4,105.000,Cr1IDgtoIwjHadzo,122.000,uHgM+VdJzX93m/5O,169.000,h4OQZ7bMhp0Pbd5V,,,,,,
7,170,2026-04-05T09:35:46.204Z,132.000,8,21.000,jwNdRfwvt/DA6PNq,24.000,UfIL2xPYUWA3pa2i,32.000,3ro8QLJh0yyykLyV,49.000,Jg+7wzPVXO3fl6hF,69.000,WYac+BcEaEqjcD+O,97.000,0vdW+g6toC/h3nqI,132.000,nbm0/St8w4GUlGA4,144.000,Cr1IDgtoIwjHadzo,,,,
7,171,2026-04-05T09:35:46.336Z,140.000,7,24.000,uHgM+VdJzX93m/5O,69.000,h4OQZ7bMhp0Pbd5V,88.000,UfIL2xPYUWA3pa2i,101.000,3ro8QLJh0yyykLyV,120.000,Jg+7wzPVXO3fl6hF,137.000,WYac+BcEaEqjcD+O,140.000,jwNdRfwvt/DA6PNq,,,,,,
7,172,2026-04-05T09:35:46.476Z,196.000,7,26.000,0vdW+g6toC/h3nqI,57.000,nbm0/St8w4GUlGA4,186.000,Cr1IDgtoIwjHadzo,188.000,uHgM+VdJzX93m/5O,191.000,h4OQZ7bMhp0Pbd5V,193.000,UfIL2xPYUWA3pa2i,195.000,3ro8QLJh0yyykLyV,,,,,,
7,173,2026-04-05T09:35:46.672Z,90.000,7,2.000,Jg+7wzPVXO3fl6hF,4.000,jwNdRfwvt/DA6PNq,6.000,WYac+BcEaEqjcD+O,66.000,0vdW+g6toC/h3nqI,69.000,nbm0/St8w4GUlGA4,70.000,Cr1IDgtoIwjHadzo,89.000,uHgM+VdJzX93m/5O,,,,,,
7,174,2026-04-05T09:35:46.762Z,144.000,9,64.000,h4OQZ7bMhp0Pbd5V,72.000,UfIL2xPYUWA3pa2i,79.000,3ro8QLJh0yyykLyV,97.000,Jg+7wzPVXO3fl6hF,121.000,WYac+BcEaEqjcD+O,142.000,0vdW+g6toC/h3nqI,144.000,jwNdRfwvt/DA6PNq,189.000,nbm0/St8w4GUlGA4,227.000,Cr1IDgtoIwjHadzo,,
7,175,2026-04-05T09:35:46.906Z,197.000,8,55.000,uHgM+VdJzX93m/5O,123.000,UfIL2xPYUWA3pa2i,124.000,h4OQZ7bMhp0Pbd5V,133.000,3ro8QLJh0yyykLyV,153.000,Jg+7wzPVXO3fl6hF,169.000,WYac+BcEaEqjcD+O,197.000,jwNdRfwvt/DA6PNq,198.000,0vdW+g6toC/h3nqI,,,,
7,176,2026-04-05T09:35:47.103Z,159.000,7,32.000,nbm0/St8w4GUlGA4,34.000,Cr1IDgtoIwjHadzo,60.000,uHgM+VdJzX93m/5O,125.000,h4OQZ7bMhp0Pbd5V,128.000,UfIL2xPYUWA3pa2i,136.000,3ro8QLJh0yyykLyV,159.000,Jg+7wzPVXO3fl6hF,,,,,,
7,177,2026-04-05T09:35:47.262Z,168.000,8,15.000,WYac+BcEaEqjcD+O,42.000,jwNdRfwvt/DA6PNq,43.000,0vdW+g6toC/h3nqI,74.000,nbm0/St8w4GUlGA4,77.000,Cr1IDgtoIwjHadzo,101.000,uHgM+VdJzX93m/5O,168.000,h4OQZ7bMhp0Pbd5V,169.000,UfIL2xPYUWA3pa2i,,,,
7,178,2026-04-05T09:35:47.430Z,109.000,7,11.000,3ro8QLJh0yyykLyV,34.000,Jg+7wzPVXO3fl6hF,50.000,WYac+BcEaEqjcD+O,76.000,0vdW+g6toC/h3nqI,77.000,jwNdRfwvt/DA6PNq,107.000,nbm0/St8w4GUlGA4,109.000,Cr1IDgtoIwjHadzo,,,,,,
7,179,2026-04-05T09:35:47.539Z,168.000,8,25.000,uHgM+VdJzX93m/5O,92.000,h4OQZ7bMhp0Pbd5V,92.000,UfIL2xPYUWA3pa2i,103.000,3ro8QLJh0yyykLyV,123.000,Jg+7wzPVXO3fl6hF,141.000,WYac+BcEaEqjcD+O,168.000,0vdW+g6toC/h3nqI,170.000,jwNdRfwvt/DA6PNq,,,,
7,180,2026-04-05T09:35:47.707Z,155.000,7,32.000,nbm0/St8w4GUlGA4,34.000,Cr1IDgtoIwjHadzo,59.000,uHgM+VdJzX93m/5O,126.000,h4OQZ7bMhp0Pbd5V,129.000,UfIL2xPYUWA3pa2i,136.000,3ro8QLJh0yyykLyV,155.000,Jg+7wzPVXO3fl6hF,,,,,,
7,181,2026-04-05T09:35:47.862Z,172.000,8,18.000,WYac+BcEaEqjcD+O,46.000,jwNdRfwvt/DA6PNq,46.000,0vdW+g6toC/h3nqI,78.000,nbm0/St8w4GUlGA4,79.000,Cr1IDgtoIwjHadzo,106.000,uHgM+VdJzX93m/5O,172.000,h4OQZ7bMhp0Pbd5V,173.000,UfIL2xPYUWA3pa2i,,,,
7,182,2026-04-05T09:35:48.034Z,109.000,7,11.000,3ro8QLJh0yyykLyV,34.000,Jg+7wzPVXO3fl6hF,48.000,WYac+BcEaEqjcD+O,76.000,0vdW+g6toC/h3nqI,78.000,jwNdRfwvt/DA6PNq,107.000,nbm0/St8w4GUlGA4,109.000,Cr1IDgtoIwjHadzo,,,,,,
7,183,2026-04-05T09:35:48.143Z,169.000,8,28.000,uHgM+VdJzX93m/5O,93.000,h4OQZ7bMhp0Pbd5V,95.000,UfIL2xPYUWA3pa2i,103.000,3ro8QLJh0yyykLyV,124.000,Jg+7wzPVXO3fl6hF,146.000,WYac+BcEaEqjcD+O,169.000,jwNdRfwvt/DA6PNq,170.000,0vdW+g6toC/h3nqI,,,,
7,184,2026-04-05T09:35:48.312Z,156.000,7,30.000,nbm0/St8w4GUlGA4,36.000,Cr1IDgtoIwjHadzo,58.000,uHgM+VdJzX93m/5O,123.000,h4OQZ7bMhp0Pbd5V,131.000,UfIL2xPYUWA3pa2i,136.000,3ro8QLJh0yyykLyV,156.000,Jg+7wzPVXO3fl6hF,,,,,,
7,185,2026-04-05T09:35:48.468Z,169.000,8,16.000,WYac+BcEaEqjcD+O,45.000,0vdW+g6toC/h3nqI,45.000,jwNdRfwvt/DA6PNq,76.000,nbm0/St8w4GUlGA4,78.000,Cr1IDgtoIwjHadzo,105.000,uHgM+VdJzX93m/5O,169.000,UfIL2xPYUWA3pa2i,171.000,h4OQZ7bMhp0Pbd5V,,,,
7,186,2026-04-05T09:35:48.637Z,110.000,7,13.000,3ro8QLJh0yyykLyV,31.000,Jg+7wzPVXO3fl6hF,49.000,WYac+BcEaEqjcD+O,76.000,0vdW+g6toC/h3nqI,86.000,jwNdRfwvt/DA6PNq,107.000,nbm0/St8w4GUlGA4,110.000,Cr1IDgtoIwjHadzo,,,,,,
7,187,2026-04-05T09:35:48.747Z,194.000,8,184.000,UfIL2xPYUWA3pa2i,185.000,h4OQZ7bMhp0Pbd5V,187.000,uHgM+VdJzX93m/5O,188.000,3ro8QLJh0yyykLyV,191.000,Jg+7wzPVXO3fl6hF,192.000,WYac+BcEaEqjcD+O,194.000,jwNdRfwvt/DA6PNq,196.000,0vdW+g6toC/h3nqI,,,,
7,188,2026-04-05T09:35:48.941Z,130.000,7,8.000,nbm0/St8w4GUlGA4,9.000,Cr1IDgtoIwjHadzo,49.000,uHgM+VdJzX93m/5O,103.000,h4OQZ7bMhp0Pbd5V,105.000,UfIL2xPYUWA3pa2i,122.000,3ro8QLJh0yyykLyV,130.000,Jg+7wzPVXO3fl6hF,,,,,,
7,189,2026-04-05T09:35:49.071Z,171.000,8,17.000,WYac+BcEaEqjcD+O,57.000,0vdW+g6toC/h3nqI,63.000,jwNdRfwvt/DA6PNq,77.000,Cr1IDgtoIwjHadzo,79.000,nbm0/St8w4GUlGA4,107.000,uHgM+VdJzX93m/5O,171.000,h4OQZ7bMhp0Pbd5V,172.000,UfIL2xPYUWA3pa2i,,,,
7,190,2026-04-05T09:35:49.242Z,106.000,7,14.000,3ro8QLJh0yyykLyV,30.000,Jg+7wzPVXO3fl6hF,47.000,WYac+BcEaEqjcD+O,73.000,0vdW+g6toC/h3nqI,87.000,jwNdRfwvt/DA6PNq,106.000,Cr1IDgtoIwjHadzo,106.000,nbm0/St8w4GUlGA4,,,,,,
7,191,2026-04-05T09:35:49.348Z,170.000,8,29.000,uHgM+VdJzX93m/5O,95.000,UfIL2xPYUWA3pa2i,96.000,h4OQZ7bMhp0Pbd5V,109.000,3ro8QLJh0yyykLyV,125.000,Jg+7wzPVXO3fl6hF,143.000,WYac+BcEaEqjcD+O,170.000,0vdW+g6toC/h3nqI,227.000,jwNdRfwvt/DA6PNq,,,,
7,192,2026-04-05T09:35:49.518Z,156.000,7,32.000,Cr1IDgtoIwjHadzo,33.000,nbm0/St8w4GUlGA4,61.000,uHgM+VdJzX93m/5O,125.000,UfIL2xPYUWA3pa2i,126.000,h4OQZ7bMhp0Pbd5V,143.000,3ro8QLJh0yyykLyV,156.000,Jg+7wzPVXO3fl6hF,,,,,,
7,193,2026-04-05T09:35:49.674Z,171.000,8,19.000,WYac+BcEaEqjcD+O,46.000,0vdW+g6toC/h3nqI,60.000,jwNdRfwvt/DA6PNq,82.000,nbm0/St8w4GUlGA4,107.000,uHgM+VdJzX93m/5O,154.000,Cr1IDgtoIwjHadzo,171.000,h4OQZ7bMhp0Pbd5V,172.000,UfIL2xPYUWA3pa2i,,,,
7,194,2026-04-05T09:35:49.845Z,109.000,7,17.000,3ro8QLJh0yyykLyV,36.000,Jg+7wzPVXO3fl6hF,48.000,WYac+BcEaEqjcD+O,76.000,0vdW+g6toC/h3nqI,84.000,jwNdRfwvt/DA6PNq,108.000,nbm0/St8w4GUlGA4,109.000,Cr1IDgtoIwjHadzo,,,,,,
7,195,2026-04-05T09:35:49.954Z,168.000,7,29.000,uHgM+VdJzX93m/5O,92.000,h4OQZ7bMhp0Pbd5V,94.000,UfIL2xPYUWA3pa2i,110.000,3ro8QLJh0yyykLyV,124.000,Jg+7wzPVXO3fl6hF,141.000,WYac+BcEaEqjcD+O,167.000,0vdW+g6toC/h3nqI,,,,,,
7,196,2026-04-05T09:35:50.122Z,144.000,7,6.000,jwNdRfwvt/DA6PNq,33.000,Cr1IDgtoIwjHadzo,34.000,nbm0/St8w4GUlGA4,61.000,uHgM+VdJzX93m/5O,125.000,h4OQZ7bMhp0Pbd5V,126.000,UfIL2xPYUWA3pa2i,144.000,3ro8QLJh0yyykLyV,,,,,,
7,197,2026-04-05T09:35:50.266Z,119.000,7,11.000,Jg+7wzPVXO3fl6hF,28.000,WYac+BcEaEqjcD+O,62.000,0vdW+g6toC/h3nqI,63.000,jwNdRfwvt/DA6PNq,88.000,nbm0/St8w4GUlGA4,90.000,Cr1IDgtoIwjHadzo,119.000,uHgM+VdJzX93m/5O,,,,,,
7,198,2026-04-05T09:35:50.385Z,146.000,7,62.000,h4OQZ7bMhp0Pbd5V,65.000,UfIL2xPYUWA3pa2i,82.000,3ro8QLJh0yyykLyV,115.000,Jg+7wzPVXO3fl6hF,117.000,WYac+BcEaEqjcD+O,138.000,0vdW+g6toC/h3nqI,146.000,jwNdRfwvt/DA6PNq,,,,,,
7,199,2026-04-05T09:35:50.531Z,151.000,7,26.000,Cr1IDgtoIwjHadzo,29.000,nbm0/St8w4GUlGA4,56.000,uHgM+VdJzX93m/5O,118.000,UfIL2xPYUWA3pa2i,119.000,h4OQZ7bMhp0Pbd5V,135.000,3ro8QLJh0yyykLyV,150.000,Jg+7wzPVXO3fl6hF,,,,,,
7,200,2026-04-05T09:35:50.682Z,168.000,8,18.000,WYac+BcEaEqjcD+O,42.000,0vdW+g6toC/h3nqI,48.000,jwNdRfwvt/DA6PNq,74.000,nbm0/St8w4GUlGA4,76.000,Cr1IDgtoIwjHadzo,105.000,uHgM+VdJzX93m/5O,168.000,h4OQZ7bMhp0Pbd5V,169.000,UfIL2xPYUWA3pa2i,,,,
7,201,2026-04-05T09:35:50.850Z,118.000,7,18.000,3ro8QLJh0yyykLyV,31.000,Jg+7wzPVXO3fl6hF,50.000,WYac+BcEaEqjcD+O,75.000,0vdW+g6toC/h3nqI,82.000,jwNdRfwvt/DA6PNq,107.000,Cr1IDgtoIwjHadzo,117.000,nbm0/St8w4GUlGA4,,,,,,
7,202,2026-04-05T09:35:50.968Z,158.000,7,19.000,uHgM+VdJzX93m/5O,82.000,h4OQZ7bMhp0Pbd5V,85.000,UfIL2xPYUWA3pa2i,100.000,3ro8QLJh0yyykLyV,113.000,Jg+7wzPVXO3fl6hF,133.000,WYac+BcEaEqjcD+O,158.000,0vdW+g6toC/h3nqI,,,,,,
7,203,2026-04-05T09:35:51.126Z,144.000,7,6.000,jwNdRfwvt/DA6PNq,31.000,Cr1IDgtoIwjHadzo,41.000,nbm0/St8w4GUlGA4,62.000,uHgM+VdJzX93m/5O,127.000,UfIL2xPYUWA3pa2i,128.000,h4OQZ7bMhp0Pbd5V,144.000,3ro8QLJh0yyykLyV,,,,,,
7,204,2026-04-05T09:35:51.270Z,120.000,7,14.000,Jg+7wzPVXO3fl6hF,32.000,WYac+BcEaEqjcD+O,57.000,0vdW+g6toC/h3nqI,63.000,jwNdRfwvt/DA6PNq,90.000,Cr1IDgtoIwjHadzo,98.000,nbm0/St8w4GUlGA4,120.000,uHgM+VdJzX93m/5O,,,,,,
7,205,2026-04-05T09:35:51.390Z,145.000,7,63.000,h4OQZ7bMhp0Pbd5V,65.000,UfIL2xPYUWA3pa2i,92.000,3ro8QLJh0yyykLyV,95.000,Jg+7wzPVXO3fl6hF,116.000,WYac+BcEaEqjcD+O,139.000,0vdW+g6toC/h3nqI,145.000,jwNdRfwvt/DA6PNq,,,,,,
7,206,2026-04-05T09:35:51.535Z,151.000,7,26.000,Cr1IDgtoIwjHadzo,35.000,nbm0/St8w4GUlGA4,57.000,uHgM+VdJzX93m/5O,119.000,h4OQZ7bMhp0Pbd5V,121.000,UfIL2xPYUWA3pa2i,149.000,3ro8QLJh0yyykLyV,151.000,Jg+7wzPVXO3fl6hF,,,,,,
7,207,2026-04-05T09:35:51.686Z,170.000,8,20.000,WYac+BcEaEqjcD+O,45.000,0vdW+g6toC/h3nqI,49.000,jwNdRfwvt/DA6PNq,76.000,Cr1IDgtoIwjHadzo,84.000,nbm0/St8w4GUlGA4,108.000,uHgM+VdJzX93m/5O,170.000,h4OQZ7bMhp0Pbd5V,171.000,UfIL2xPYUWA3pa2i,,,,
7,208,2026-04-05T09:35:51.856Z,116.000,7,19.000,3ro8QLJh0yyykLyV,31.000,Jg+7wzPVXO3fl6hF,53.000,WYac+BcEaEqjcD+O,77.000,0vdW+g6toC/h3nqI,82.000,jwNdRfwvt/DA6PNq,109.000,Cr1IDgtoIwjHadzo,116.000,nbm0/St8w4GUlGA4,,,,,,
7,209,2026-04-05T09:35:51.972Z,161.000,7,24.000,uHgM+VdJzX93m/5O,87.000,UfIL2xPYUWA3pa2i,88.000,h4OQZ7bMhp0Pbd5V,104.000,3ro8QLJh0yyykLyV,117.000,Jg+7wzPVXO3fl6hF,137.000,WYac+BcEaEqjcD+O,161.000,0vdW+g6toC/h3nqI,,,,,,
7,210,2026-04-05T09:35:52.133Z,144.000,7,7.000,jwNdRfwvt/DA6PNq,32.000,Cr1IDgtoIwjHadzo,40.000,nbm0/St8w4GUlGA4,64.000,uHgM+VdJzX93m/5O,126.000,UfIL2xPYUWA3pa2i,129.000,h4OQZ7bMhp0Pbd5V,144.000,3ro8QLJh0yyykLyV,,,,,,
7,211,2026-04-05T09:35:52.277Z,121.000,7,15.000,Jg+7wzPVXO3fl6hF,35.000,WYac+BcEaEqjcD+O,58.000,0vdW+g6toC/h3nqI,94.000,Cr1IDgtoIwjHadzo,98.000,nbm0/St8w4GUlGA4,103.000,jwNdRfwvt/DA6PNq,121.000,uHgM+VdJzX93m/5O,,,,,,
7,212,2026-04-05T09:35:52.398Z,143.000,7,62.000,h4OQZ7bMhp0Pbd5V,63.000,UfIL2xPYUWA3pa2i,84.000,3ro8QLJh0yyykLyV,94.000,Jg+7wzPVXO3fl6hF,114.000,WYac+BcEaEqjcD+O,138.000,0vdW+g6toC/h3nqI,143.000,jwNdRfwvt/DA6PNq,,,,,,
7,213,2026-04-05T09:35:52.541Z,164.000,7,26.000,Cr1IDgtoIwjHadzo,34.000,nbm0/St8w4GUlGA4,58.000,uHgM+VdJzX93m/5O,121.000,h4OQZ7bMhp0Pbd5V,122.000,UfIL2xPYUWA3pa2i,141.000,3ro8QLJh0yyykLyV,164.000,Jg+7wzPVXO3fl6hF,,,,,,
7,214,2026-04-05T09:35:52.705Z,161.000,8,8.000,WYac+BcEaEqjcD+O,33.000,0vdW+g6toC/h3nqI,39.000,jwNdRfwvt/DA6PNq,65.000,Cr1IDgtoIwjHadzo,74.000,nbm0/St8w4GUlGA4,97.000,uHgM+VdJzX93m/5O,160.000,UfIL2xPYUWA3pa2i,162.000,h4OQZ7bMhp0Pbd5V,,,,
7,215,2026-04-05T09:35:52.866Z,118.000,7,15.000,3ro8QLJh0yyykLyV,39.000,Jg+7wzPVXO3fl6hF,48.000,WYac+BcEaEqjcD+O,72.000,0vdW+g6toC/h3nqI,80.000,jwNdRfwvt/DA6PNq,105.000,Cr1IDgtoIwjHadzo,118.000,nbm0/St8w4GUlGA4,,,,,,
7,216,2026-04-05T09:35:52.984Z,238.000,8,18.000,uHgM+VdJzX93m/5O,82.000,UfIL2xPYUWA3pa2i,84.000,h4OQZ7bMhp0Pbd5V,102.000,3ro8QLJh0yyykLyV,120.000,Jg+7wzPVXO3fl6hF,236.000,WYac+BcEaEqjcD+O,237.000,jwNdRfwvt/DA6PNq,244.000,0vdW+g6toC/h3nqI,,,,
7,217,2026-04-05T09:35:53.222Z,85.000,7,1.000,Cr1IDgtoIwjHadzo,2.000,nbm0/St8w4GUlGA4,5.000,uHgM+VdJzX93m/5O,44.000,h4OQZ7bMhp0Pbd5V,45.000,UfIL2xPYUWA3pa2i,63.000,3ro8QLJh0yyykLyV,85.000,Jg+7wzPVXO3fl6hF,,,,,,
7,218,2026-04-05T09:35:53.307Z,253.000,8,10.000,WYac+BcEaEqjcD+O,40.000,jwNdRfwvt/DA6PNq,68.000,Cr1IDgtoIwjHadzo,75.000,nbm0/St8w4GUlGA4,98.000,uHgM+VdJzX93m/5O,113.000,0vdW+g6toC/h3nqI,253.000,UfIL2xPYUWA3pa2i,255.000,h4OQZ7bMhp0Pbd5V,,,,
7,219,2026-04-05T09:35:53.560Z,47.000,7,4.000,3ro8QLJh0yyykLyV,7.000,Jg+7wzPVXO3fl6hF,9.000,WYac+BcEaEqjcD+O,11.000,jwNdRfwvt/DA6PNq,22.000,nbm0/St8w4GUlGA4,40.000,Cr1IDgtoIwjHadzo,47.000,uHgM+VdJzX93m/5O,,,,,,
7,220,2026-04-05T09:35:53.607Z,143.000,7,16.000,0vdW+g6toC/h3nqI,62.000,h4OQZ7bMhp0Pbd5V,63.000,UfIL2xPYUWA3pa2i,79.000,3ro8QLJh0yyykLyV,104.000,Jg+7wzPVXO3fl6hF,112.000,WYac+BcEaEqjcD+O,143.000,jwNdRfwvt/DA6PNq,,,,,,
7,221,2026-04-05T09:35:53.750Z,137.000,7,24.000,Cr1IDgtoIwjHadzo,34.000,nbm0/St8w4GUlGA4,58.000,uHgM+VdJzX93m/5O,72.000,0vdW+g6toC/h3nqI,119.000,h4OQZ7bMhp0Pbd5V,120.000,UfIL2xPYUWA3pa2i,137.000,3ro8QLJh0yyykLyV,,,,,,
7,222,2026-04-05T09:35:53.887Z,138.000,7,26.000,Jg+7wzPVXO3fl6hF,35.000,WYac+BcEaEqjcD+O,65.000,jwNdRfwvt/DA6PNq,88.000,Cr1IDgtoIwjHadzo,98.000,nbm0/St8w4GUlGA4,121.000,uHgM+VdJzX93m/5O,138.000,0vdW+g6toC/h3nqI,,,,,,
7,223,2026-04-05T09:35:54.025Z,153.000,7,45.000,UfIL2xPYUWA3pa2i,46.000,h4OQZ7bMhp0Pbd5V,63.000,3ro8QLJh0yyykLyV,87.000,Jg+7wzPVXO3fl6hF,102.000,WYac+BcEaEqjcD+O,127.000,jwNdRfwvt/DA6PNq,153.000,Cr1IDgtoIwjHadzo,,,,,,
7,224,2026-04-05T09:35:54.178Z,136.000,7,6.000,nbm0/St8w4GUlGA4,32.000,uHgM+VdJzX93m/5O,47.000,0vdW+g6toC/h3nqI,94.000,UfIL2xPYUWA3pa2i,95.000,h4OQZ7bMhp0Pbd5V,111.000,3ro8QLJh0yyykLyV,136.000,Jg+7wzPVXO3fl6hF,,,,,,
7,225,2026-04-05T09:35:54.314Z,160.000,8,9.000,WYac+BcEaEqjcD+O,42.000,jwNdRfwvt/DA6PNq,65.000,Cr1IDgtoIwjHadzo,73.000,nbm0/St8w4GUlGA4,99.000,uHgM+VdJzX93m/5O,120.000,0vdW+g6toC/h3nqI,160.000,UfIL2xPYUWA3pa2i,163.000,h4OQZ7bMhp0Pbd5V,,,,
7,226,2026-04-05T09:35:54.474Z,155.000,8,16.000,3ro8QLJh0yyykLyV,41.000,Jg+7wzPVXO3fl6hF,49.000,WYac+BcEaEqjcD+O,98.000,jwNdRfwvt/DA6PNq,114.000,nbm0/St8w4GUlGA4,138.000,uHgM+VdJzX93m/5O,154.000,0vdW+g6toC/h3nqI,166.000,Cr1IDgtoIwjHadzo,,,,
7,227,2026-04-05T09:35:54.629Z,149.000,7,44.000,UfIL2xPYUWA3pa2i,45.000,h4OQZ7bMhp0Pbd5V,61.000,3ro8QLJh0yyykLyV,87.000,Jg+7wzPVXO3fl6hF,95.000,WYac+BcEaEqjcD+O,140.000,jwNdRfwvt/DA6PNq,149.000,Cr1IDgtoIwjHadzo,,,,,,
7,228,2026-04-05T09:35:54.778Z,139.000,7,12.000,nbm0/St8w4GUlGA4,50.000,0vdW+g6toC/h3nqI,65.000,uHgM+VdJzX93m/5O,96.000,h4OQZ7bMhp0Pbd5V,97.000,UfIL2xPYUWA3pa2i,113.000,3ro8QLJh0yyykLyV,139.000,Jg+7wzPVXO3fl6hF,,,,,,
7,229,2026-04-05T09:35:54.917Z,158.000,8,9.000,WYac+BcEaEqjcD+O,54.000,jwNdRfwvt/DA6PNq,65.000,Cr1IDgtoIwjHadzo,73.000,nbm0/St8w4GUlGA4,97.000,uHgM+VdJzX93m/5O,112.000,0vdW+g6toC/h3nqI,158.000,UfIL2xPYUWA3pa2i,159.000,h4OQZ7bMhp0Pbd5V,,,,
7,230,2026-04-05T09:35:55.075Z,141.000,7,18.000,3ro8QLJh0yyykLyV,44.000,Jg+7wzPVXO3fl6hF,59.000,WYac+BcEaEqjcD+O,97.000,jwNdRfwvt/DA6PNq,109.000,Cr1IDgtoIwjHadzo,115.000,nbm0/St8w4GUlGA4,141.000,uHgM+VdJzX93m/5O,,,,,,
7,231,2026-04-05T09:35:55.216Z,157.000,8,14.000,0vdW+g6toC/h3nqI,62.000,h4OQZ7bMhp0Pbd5V,66.000,UfIL2xPYUWA3pa2i,79.000,3ro8QLJh0yyykLyV,103.000,Jg+7wzPVXO3fl6hF,112.000,WYac+BcEaEqjcD+O,157.000,jwNdRfwvt/DA6PNq,214.000,uHgM+VdJzX93m/5O,,,,
7,232,2026-04-05T09:35:55.373Z,149.000,7,10.000,Cr1IDgtoIwjHadzo,19.000,nbm0/St8w4GUlGA4,58.000,0vdW+g6toC/h3nqI,105.000,h4OQZ7bMhp0Pbd5V,116.000,UfIL2xPYUWA3pa2i,123.000,3ro8QLJh0yyykLyV,148.000,Jg+7wzPVXO3fl6hF,,,,,,
7,233,2026-04-05T09:35:55.522Z,157.000,8,7.000,WYac+BcEaEqjcD+O,52.000,jwNdRfwvt/DA6PNq,64.000,Cr1IDgtoIwjHadzo,70.000,nbm0/St8w4GUlGA4,107.000,uHgM+VdJzX93m/5O,111.000,0vdW+g6toC/h3nqI,157.000,h4OQZ7bMhp0Pbd5V,168.000,UfIL2xPYUWA3pa2i,,,,
7,234,2026-04-05T09:35:55.679Z,151.000,7,18.000,3ro8QLJh0yyykLyV,45.000,Jg+7wzPVXO3fl6hF,53.000,WYac+BcEaEqjcD+O,97.000,jwNdRfwvt/DA6PNq,109.000,Cr1IDgtoIwjHadzo,115.000,nbm0/St8w4GUlGA4,151.000,uHgM+VdJzX93m/5O,,,,,,
7,235,2026-04-05T09:35:55.830Z,148.000,7,5.000,0vdW+g6toC/h3nqI,50.000,h4OQZ7bMhp0Pbd5V,52.000,UfIL2xPYUWA3pa2i,69.000,3ro8QLJh0yyykLyV,94.000,Jg+7wzPVXO3fl6hF,103.000,WYac+BcEaEqjcD+O,148.000,jwNdRfwvt/DA6PNq,,,,,,
7,236,2026-04-05T09:35:55.978Z,121.000,7,11.000,Cr1IDgtoIwjHadzo,17.000,nbm0/St8w4GUlGA4,55.000,uHgM+VdJzX93m/5O,58.000,0vdW+g6toC/h3nqI,104.000,UfIL2xPYUWA3pa2i,109.000,h4OQZ7bMhp0Pbd5V,121.000,3ro8QLJh0yyykLyV,,,,,,
7,237,2026-04-05T09:35:56.099Z,138.000,7,25.000,Jg+7wzPVXO3fl6hF,35.000,WYac+BcEaEqjcD+O,90.000,jwNdRfwvt/DA6PNq,91.000,Cr1IDgtoIwjHadzo,98.000,nbm0/St8w4GUlGA4,134.000,uHgM+VdJzX93m/5O,138.000,0vdW+g6toC/h3nqI,,,,,,
7,238,2026-04-05T09:35:56.237Z,153.000,7,44.000,UfIL2xPYUWA3pa2i,48.000,h4OQZ7bMhp0Pbd5V,63.000,3ro8QLJh0yyykLyV,96.000,Jg+7wzPVXO3fl6hF,99.000,WYac+BcEaEqjcD+O,144.000,jwNdRfwvt/DA6PNq,153.000,Cr1IDgtoIwjHadzo,,,,,,
7,239,2026-04-05T09:35:56.390Z,146.000,8,6.000,nbm0/St8w4GUlGA4,44.000,uHgM+VdJzX93m/5O,48.000,0vdW+g6toC/h3nqI,92.000,UfIL2xPYUWA3pa2i,95.000,h4OQZ7bMhp0Pbd5V,112.000,3ro8QLJh0yyykLyV,146.000,Jg+7wzPVXO3fl6hF,147.000,WYac+BcEaEqjcD+O,,,,
7,240,2026-04-05T09:35:56.536Z,150.000,7,46.000,jwNdRfwvt/DA6PNq,56.000,Cr1IDgtoIwjHadzo,63.000,nbm0/St8w4GUlGA4,98.000,uHgM+VdJzX93m/5O,104.000,0vdW+g6toC/h3nqI,149.000,UfIL2xPYUWA3pa2i,150.000,h4OQZ7bMhp0Pbd5V,,,,,,
7,241,2026-04-05T09:35:56.686Z,151.000,7,17.000,3ro8QLJh0yyykLyV,51.000,Jg+7wzPVXO3fl6hF,52.000,WYac+BcEaEqjcD+O,98.000,jwNdRfwvt/DA6PNq,108.000,Cr1IDgtoIwjHadzo,115.000,nbm0/St8w4GUlGA4,150.000,uHgM+VdJzX93m/5O,,,,,,
7,242,2026-04-05T09:35:56.837Z,149.000,7,5.000,0vdW+g6toC/h3nqI,49.000,h4OQZ7bMhp0Pbd5V,53.000,UfIL2xPYUWA3pa2i,70.000,3ro8QLJh0yyykLyV,101.000,Jg+7wzPVXO3fl6hF,102.000,WYac+BcEaEqjcD+O,149.000,jwNdRfwvt/DA6PNq,,,,,,
7,243,2026-04-05T09:35:56.986Z,123.000,7,11.000,Cr1IDgtoIwjHadzo,18.000,nbm0/St8w4GUlGA4,51.000,uHgM+VdJzX93m/5O,58.000,0vdW+g6toC/h3nqI,102.000,UfIL2xPYUWA3pa2i,105.000,h4OQZ7bMhp0Pbd5V,123.000,3ro8QLJh0yyykLyV,,,,,,
7,244,2026-04-05T09:35:57.109Z,159.000,7,30.000,WYac+BcEaEqjcD+O,32.000,Jg+7wzPVXO3fl6hF,78.000,jwNdRfwvt/DA6PNq,87.000,Cr1IDgtoIwjHadzo,95.000,nbm0/St8w4GUlGA4,144.000,0vdW+g6toC/h3nqI,159.000,uHgM+VdJzX93m/5O,,,,,,
7,245,2026-04-05T09:35:57.268Z,130.000,7,21.000,UfIL2xPYUWA3pa2i,24.000,h4OQZ7bMhp0Pbd5V,41.000,3ro8QLJh0yyykLyV,72.000,Jg+7wzPVXO3fl6hF,74.000,WYac+BcEaEqjcD+O,119.000,jwNdRfwvt/DA6PNq,130.000,Cr1IDgtoIwjHadzo,,,,,,
7,246,2026-04-05T09:35:57.398Z,143.000,8,7.000,nbm0/St8w4GUlGA4,49.000,0vdW+g6toC/h3nqI,67.000,uHgM+VdJzX93m/5O,92.000,UfIL2xPYUWA3pa2i,93.000,h4OQZ7bMhp0Pbd5V,113.000,3ro8QLJh0yyykLyV,143.000,Jg+7wzPVXO3fl6hF,144.000,WYac+BcEaEqjcD+O,,,,
7,247,2026-04-05T09:35:57.541Z,152.000,7,48.000,jwNdRfwvt/DA6PNq,58.000,Cr1IDgtoIwjHadzo,65.000,nbm0/St8w4GUlGA4,106.000,0vdW+g6toC/h3nqI,125.000,uHgM+VdJzX93m/5O,150.000,UfIL2xPYUWA3pa2i,152.000,h4OQZ7bMhp0Pbd5V,,,,,,
7,248,2026-04-05T09:35:57.693Z,310.000,10,20.000,3ro8QLJh0yyykLyV,49.000,WYac+BcEaEqjcD+O,51.000,Jg+7wzPVXO3fl6hF,95.000,jwNdRfwvt/DA6PNq,108.000,Cr1IDgtoIwjHadzo,306.000,uHgM+VdJzX93m/5O,309.000,UfIL2xPYUWA3pa2i,311.000,h4OQZ7bMhp0Pbd5V,316.000,nbm0/St8w4GUlGA4,331.000,0vdW+g6toC/h3nqI
7,249,2026-04-05T09:35:58.003Z,66.000,7,4.000,3ro8QLJh0yyykLyV,10.000,WYac+BcEaEqjcD+O,18.000,Jg+7wzPVXO3fl6hF,20.000,jwNdRfwvt/DA6PNq,26.000,Cr1IDgtoIwjHadzo,29.000,nbm0/St8w4GUlGA4,66.000,uHgM+VdJzX93m/5O,,,,,,
7,250,2026-04-05T09:35:58.069Z,130.000,8,25.000,UfIL2xPYUWA3pa2i,25.000,h4OQZ7bMhp0Pbd5V,45.000,3ro8QLJh0yyykLyV,76.000,Jg+7wzPVXO3fl6hF,77.000,WYac+BcEaEqjcD+O,123.000,jwNdRfwvt/DA6PNq,130.000,0vdW+g6toC/h3nqI,134.000,Cr1IDgtoIwjHadzo,,,,
7,251,2026-04-05T09:35:58.199Z,148.000,7,15.000,nbm0/St8w4GUlGA4,71.000,uHgM+VdJzX93m/5O,96.000,h4OQZ7bMhp0Pbd5V,97.000,UfIL2xPYUWA3pa2i,116.000,3ro8QLJh0yyykLyV,146.000,WYac+BcEaEqjcD+O,148.000,Jg+7wzPVXO3fl6hF,,,,,,
7,252,2026-04-05T09:35:58.347Z,170.000,8,45.000,jwNdRfwvt/DA6PNq,52.000,0vdW+g6toC/h3nqI,58.000,Cr1IDgtoIwjHadzo,65.000,nbm0/St8w4GUlGA4,128.000,uHgM+VdJzX93m/5O,149.000,UfIL2xPYUWA3pa2i,170.000,3ro8QLJh0yyykLyV,175.000,h4OQZ7bMhp0Pbd5V,,,,
7,253,2026-04-05T09:35:58.517Z,156.000,7,29.000,WYac+BcEaEqjcD+O,58.000,Jg+7wzPVXO3fl6hF,76.000,jwNdRfwvt/DA6PNq,84.000,0vdW+g6toC/h3nqI,89.000,Cr1IDgtoIwjHadzo,96.000,nbm0/St8w4GUlGA4,156.000,uHgM+VdJzX93m/5O,,,,,,
7,254,2026-04-05T09:35:58.673Z,129.000,7,24.000,UfIL2xPYUWA3pa2i,26.000,h4OQZ7bMhp0Pbd5V,45.000,3ro8QLJh0yyykLyV,76.000,WYac+BcEaEqjcD+O,76.000,Jg+7wzPVXO3fl6hF,121.000,jwNdRfwvt/DA6PNq,129.000,0vdW+g6toC/h3nqI,,,,,,
7,255,2026-04-05T09:35:58.802Z,146.000,8,6.000,Cr1IDgtoIwjHadzo,11.000,nbm0/St8w4GUlGA4,71.000,uHgM+VdJzX93m/5O,94.000,h4OQZ7bMhp0Pbd5V,96.000,UfIL2xPYUWA3pa2i,115.000,3ro8QLJh0yyykLyV,146.000,WYac+BcEaEqjcD+O,147.000,Jg+7wzPVXO3fl6hF,,,,
7,256,2026-04-05T09:35:58.948Z,152.000,7,47.000,jwNdRfwvt/DA6PNq,55.000,0vdW+g6toC/h3nqI,61.000,Cr1IDgtoIwjHadzo,66.000,nbm0/St8w4GUlGA4,126.000,uHgM+VdJzX93m/5O,151.000,h4OQZ7bMhp0Pbd5V,152.000,UfIL2xPYUWA3pa2i,,,,,,
7,257,2026-04-05T09:35:59.100Z,115.000,7,18.000,3ro8QLJh0yyykLyV,49.000,Jg+7wzPVXO3fl6hF,52.000,WYac+BcEaEqjcD+O,98.000,jwNdRfwvt/DA6PNq,103.000,0vdW+g6toC/h3nqI,110.000,Cr1IDgtoIwjHadzo,115.000,nbm0/St8w4GUlGA4,,,,,,
7,258,2026-04-05T09:35:59.215Z,184.000,7,61.000,uHgM+VdJzX93m/5O,84.000,h4OQZ7bMhp0Pbd5V,88.000,UfIL2xPYUWA3pa2i,106.000,3ro8QLJh0yyykLyV,137.000,Jg+7wzPVXO3fl6hF,139.000,WYac+BcEaEqjcD+O,184.000,jwNdRfwvt/DA6PNq,,,,,,
7,259,2026-04-05T09:35:59.399Z,122.000,7,7.000,0vdW+g6toC/h3nqI,13.000,Cr1IDgtoIwjHadzo,18.000,nbm0/St8w4GUlGA4,78.000,uHgM+VdJzX93m/5O,102.000,h4OQZ7bMhp0Pbd5V,104.000,UfIL2xPYUWA3pa2i,122.000,3ro8QLJh0yyykLyV,,,,,,
7,260,2026-04-05T09:35:59.521Z,183.000,7,30.000,WYac+BcEaEqjcD+O,31.000,Jg+7wzPVXO3fl6hF,87.000,0vdW+g6toC/h3nqI,97.000,nbm0/St8w4GUlGA4,159.000,Cr1IDgtoIwjHadzo,163.000,jwNdRfwvt/DA6PNq,183.000,UfIL2xPYUWA3pa2i,,,,,,
7,261,2026-04-05T09:35:59.704Z,383.000,7,19.000,3ro8QLJh0yyykLyV,115.000,nbm0/St8w4GUlGA4,140.000,Cr1IDgtoIwjHadzo,199.000,UfIL2xPYUWA3pa2i,376.000,Jg+7wzPVXO3fl6hF,380.000,WYac+BcEaEqjcD+O,383.000,0vdW+g6toC/h3nqI,,,,,,
7,262,2026-04-05T09:36:00.087Z,107.000,10,8.000,3ro8QLJh0yyykLyV,19.000,UfIL2xPYUWA3pa2i,59.000,nbm0/St8w4GUlGA4,91.000,0vdW+g6toC/h3nqI,103.000,Jg+7wzPVXO3fl6hF,105.000,jwNdRfwvt/DA6PNq,107.000,uHgM+VdJzX93m/5O,111.000,h4OQZ7bMhp0Pbd5V,113.000,Cr1IDgtoIwjHadzo,163.000,WYac+BcEaEqjcD+O
7,263,2026-04-05T09:36:00.194Z,109.000,9,97.000,0vdW+g6toC/h3nqI,99.000,3ro8QLJh0yyykLyV,103.000,nbm0/St8w4GUlGA4,104.000,Cr1IDgtoIwjHadzo,106.000,jwNdRfwvt/DA6PNq,107.000,uHgM+VdJzX93m/5O,109.000,Jg+7wzPVXO3fl6hF,115.000,h4OQZ7bMhp0Pbd5V,117.000,UfIL2xPYUWA3pa2i,,
7,264,2026-04-05T09:36:00.303Z,199.000,9,140.000,WYac+BcEaEqjcD+O,191.000,0vdW+g6toC/h3nqI,191.000,3ro8QLJh0yyykLyV,192.000,nbm0/St8w4GUlGA4,197.000,uHgM+VdJzX93m/5O,198.000,jwNdRfwvt/DA6PNq,199.000,Cr1IDgtoIwjHadzo,204.000,Jg+7wzPVXO3fl6hF,213.000,h4OQZ7bMhp0Pbd5V,,
7,265,2026-04-05T09:36:00.502Z,487.000,7,5.000,UfIL2xPYUWA3pa2i,192.000,nbm0/St8w4GUlGA4,193.000,3ro8QLJh0yyykLyV,197.000,Cr1IDgtoIwjHadzo,477.000,WYac+BcEaEqjcD+O,479.000,h4OQZ7bMhp0Pbd5V,487.000,uHgM+VdJzX93m/5O,,,,,,
7,266,2026-04-05T09:36:00.989Z,93.000,10,5.000,UfIL2xPYUWA3pa2i,6.000,nbm0/St8w4GUlGA4,7.000,Cr1IDgtoIwjHadzo,87.000,uHgM+VdJzX93m/5O,89.000,0vdW+g6toC/h3nqI,89.000,3ro8QLJh0yyykLyV,92.000,jwNdRfwvt/DA6PNq,94.000,h4OQZ7bMhp0Pbd5V,99.000,Jg+7wzPVXO3fl6hF,101.000,WYac+BcEaEqjcD+O
7,267,2026-04-05T09:36:01.082Z,127.000,9,116.000,uHgM+VdJzX93m/5O,118.000,jwNdRfwvt/DA6PNq,120.000,nbm0/St8w4GUlGA4,120.000,0vdW+g6toC/h3nqI,123.000,UfIL2xPYUWA3pa2i,125.000,Cr1IDgtoIwjHadzo,127.000,h4OQZ7bMhp0Pbd5V,128.000,WYac+BcEaEqjcD+O,131.000,Jg+7wzPVXO3fl6hF,,
7,268,2026-04-05T09:36:01.209Z,198.000,10,62.000,3ro8QLJh0yyykLyV,187.000,Cr1IDgtoIwjHadzo,190.000,UfIL2xPYUWA3pa2i,191.000,nbm0/St8w4GUlGA4,191.000,uHgM+VdJzX93m/5O,197.000,Jg+7wzPVXO3fl6hF,198.000,h4OQZ7bMhp0Pbd5V,199.000,0vdW+g6toC/h3nqI,202.000,WYac+BcEaEqjcD+O,205.000,jwNdRfwvt/DA6PNq
7,269,2026-04-05T09:36:01.407Z,599.000,8,64.000,3ro8QLJh0yyykLyV,192.000,nbm0/St8w4GUlGA4,194.000,UfIL2xPYUWA3pa2i,196.000,Cr1IDgtoIwjHadzo,586.000,h4OQZ7bMhp0Pbd5V,592.000,jwNdRfwvt/DA6PNq,599.000,uHgM+VdJzX93m/5O,607.000,WYac+BcEaEqjcD+O,,,,
7,270,2026-04-05T09:36:02.006Z,113.000,10,6.000,nbm0/St8w4GUlGA4,7.000,3ro8QLJh0yyykLyV,21.000,Cr1IDgtoIwjHadzo,86.000,UfIL2xPYUWA3pa2i,109.000,Jg+7wzPVXO3fl6hF,112.000,jwNdRfwvt/DA6PNq,113.000,0vdW+g6toC/h3nqI,114.000,h4OQZ7bMhp0Pbd5V,120.000,uHgM+VdJzX93m/5O,125.000,WYac+BcEaEqjcD+O
7,271,2026-04-05T09:36:02.119Z,102.000,9,93.000,0vdW+g6toC/h3nqI,95.000,uHgM+VdJzX93m/5O,95.000,Jg+7wzPVXO3fl6hF,96.000,3ro8QLJh0yyykLyV,100.000,jwNdRfwvt/DA6PNq,101.000,Cr1IDgtoIwjHadzo,102.000,h4OQZ7bMhp0Pbd5V,104.000,nbm0/St8w4GUlGA4,110.000,WYac+BcEaEqjcD+O,,
7,272,2026-04-05T09:36:02.221Z,594.000,7,60.000,UfIL2xPYUWA3pa2i,194.000,nbm0/St8w4GUlGA4,196.000,Cr1IDgtoIwjHadzo,196.000,3ro8QLJh0yyykLyV,589.000,uHgM+VdJzX93m/5O,592.000,jwNdRfwvt/DA6PNq,594.000,h4OQZ7bMhp0Pbd5V,,,,,,
7,273,2026-04-05T09:36:02.815Z,102.000,10,4.000,UfIL2xPYUWA3pa2i,5.000,Cr1IDgtoIwjHadzo,6.000,3ro8QLJh0yyykLyV,9.000,nbm0/St8w4GUlGA4,91.000,h4OQZ7bMhp0Pbd5V,96.000,jwNdRfwvt/DA6PNq,102.000,uHgM+VdJzX93m/5O,104.000,Jg+7wzPVXO3fl6hF,105.000,0vdW+g6toC/h3nqI,107.000,WYac+BcEaEqjcD+O
7,274,2026-04-05T09:36:02.917Z,108.000,10,104.000,Cr1IDgtoIwjHadzo,104.000,uHgM+VdJzX93m/5O,105.000,3ro8QLJh0yyykLyV,105.000,nbm0/St8w4GUlGA4,106.000,0vdW+g6toC/h3nqI,108.000,WYac+BcEaEqjcD+O,108.000,UfIL2xPYUWA3pa2i,111.000,jwNdRfwvt/DA6PNq,114.000,h4OQZ7bMhp0Pbd5V,114.000,Jg+7wzPVXO3fl6hF
7,275,2026-04-05T09:36:03.025Z,767.000,7,197.000,nbm0/St8w4GUlGA4,197.000,3ro8QLJh0yyykLyV,199.000,UfIL2xPYUWA3pa2i,203.000,h4OQZ7bMhp0Pbd5V,205.000,Cr1IDgtoIwjHadzo,765.000,WYac+BcEaEqjcD+O,767.000,uHgM+VdJzX93m/5O,,,,,,
7,276,2026-04-05T09:36:03.792Z,333.000,7,4.000,3ro8QLJh0yyykLyV,5.000,UfIL2xPYUWA3pa2i,21.000,Cr1IDgtoIwjHadzo,21.000,h4OQZ7bMhp0Pbd5V,324.000,0vdW+g6toC/h3nqI,328.000,nbm0/St8w4GUlGA4,333.000,uHgM+VdJzX93m/5O,,,,,,
7,277,2026-04-05T09:36:04.125Z,635.000,7,46.000,nbm0/St8w4GUlGA4,82.000,Cr1IDgtoIwjHadzo,83.000,UfIL2xPYUWA3pa2i,89.000,3ro8QLJh0yyykLyV,631.000,uHgM+VdJzX93m/5O,633.000,Jg+7wzPVXO3fl6hF,635.000,h4OQZ7bMhp0Pbd5V,,,,,,
7,278,2026-04-05T09:36:04.760Z,323.000,7,5.000,jwNdRfwvt/DA6PNq,12.000,h4OQZ7bMhp0Pbd5V,16.000,UfIL2xPYUWA3pa2i,109.000,Cr1IDgtoIwjHadzo,155.000,3ro8QLJh0yyykLyV,230.000,Jg+7wzPVXO3fl6hF,322.000,WYac+BcEaEqjcD+O,,,,,,
7,279,2026-04-05T09:36:05.083Z,861.000,7,26.000,Cr1IDgtoIwjHadzo,28.000,3ro8QLJh0yyykLyV,145.000,nbm0/St8w4GUlGA4,495.000,UfIL2xPYUWA3pa2i,851.000,uHgM+VdJzX93m/5O,854.000,Jg+7wzPVXO3fl6hF,861.000,h4OQZ7bMhp0Pbd5V,,,,,,
7,280,2026-04-05T09:36:05.944Z,767.000,7,7.000,UfIL2xPYUWA3pa2i,41.000,h4OQZ7bMhp0Pbd5V,91.000,Cr1IDgtoIwjHadzo,360.000,uHgM+VdJzX93m/5O,361.000,0vdW+g6toC/h3nqI,758.000,3ro8QLJh0yyykLyV,767.000,nbm0/St8w4GUlGA4,,,,,,
7,281,2026-04-05T09:36:06.711Z,431.000,7,117.000,Cr1IDgtoIwjHadzo,130.000,UfIL2xPYUWA3pa2i,211.000,nbm0/St8w4GUlGA4,246.000,3ro8QLJh0yyykLyV,393.000,h4OQZ7bMhp0Pbd5V,409.000,jwNdRfwvt/DA6PNq,413.000,uHgM+VdJzX93m/5O,,,,,,
7,282,2026-04-05T09:36:07.142Z,873.000,7,699.000,nbm0/St8w4GUlGA4,708.000,h4OQZ7bMhp0Pbd5V,752.000,UfIL2xPYUWA3pa2i,755.000,Cr1IDgtoIwjHadzo,820.000,jwNdRfwvt/DA6PNq,825.000,3ro8QLJh0yyykLyV,872.000,WYac+BcEaEqjcD+O,,,,,,
7,283,2026-04-05T09:36:08.015Z,1013.000,7,4.000,Cr1IDgtoIwjHadzo,5.000,UfIL2xPYUWA3pa2i,8.000,nbm0/St8w4GUlGA4,843.000,h4OQZ7bMhp0Pbd5V,953.000,jwNdRfwvt/DA6PNq,1012.000,WYac+BcEaEqjcD+O,1013.000,3ro8QLJh0yyykLyV,,,,,,
7,284,2026-04-05T09:36:09.028Z,957.000,7,10.000,nbm0/St8w4GUlGA4,112.000,Cr1IDgtoIwjHadzo,141.000,UfIL2xPYUWA3pa2i,862.000,jwNdRfwvt/DA6PNq,922.000,h4OQZ7bMhp0Pbd5V,955.000,uHgM+VdJzX93m/5O,957.000,Jg+7wzPVXO3fl6hF,,,,,,
7,285,2026-04-05T09:36:09.985Z,938.000,9,117.000,nbm0/St8w4GUlGA4,768.000,UfIL2xPYUWA3pa2i,771.000,Cr1IDgtoIwjHadzo,865.000,uHgM+VdJzX93m/5O,879.000,Jg+7wzPVXO3fl6hF,880.000,jwNdRfwvt/DA6PNq,938.000,WYac+BcEaEqjcD+O,939.000,0vdW+g6toC/h3nqI,944.000,3ro8QLJh0yyykLyV,,
7,286,2026-04-05T09:36:10.923Z,1019.000,8,882.000,nbm0/St8w4GUlGA4,924.000,UfIL2xPYUWA3pa2i,952.000,jwNdRfwvt/DA6PNq,980.000,uHgM+VdJzX93m/5O,991.000,Jg+7wzPVXO3fl6hF,998.000,WYac+BcEaEqjcD+O,1019.000,0vdW+g6toC/h3nqI,1044.000,Cr1IDgtoIwjHadzo,,,,
7,287,2026-04-05T09:36:11.942Z,1025.000,7,539.000,UfIL2xPYUWA3pa2i,758.000,nbm0/St8w4GUlGA4,802.000,Cr1IDgtoIwjHadzo,989.000,uHgM+VdJzX93m/5O,1008.000,jwNdRfwvt/DA6PNq,1014.000,Jg+7wzPVXO3fl6hF,1025.000,0vdW+g6toC/h3nqI,,,,,,
7,288,2026-04-05T09:36:12.967Z,1027.000,7,452.000,3ro8QLJh0yyykLyV,929.000,nbm0/St8w4GUlGA4,930.000,Cr1IDgtoIwjHadzo,953.000,UfIL2xPYUWA3pa2i,1017.000,Jg+7wzPVXO3fl6hF,1024.000,uHgM+VdJzX93m/5O,1026.000,jwNdRfwvt/DA6PNq,,,,,,
7,289,2026-04-05T09:36:13.994Z,1596.000,8,863.000,nbm0/St8w4GUlGA4,921.000,Cr1IDgtoIwjHadzo,931.000,UfIL2xPYUWA3pa2i,1348.000,Jg+7wzPVXO3fl6hF,1388.000,0vdW+g6toC/h3nqI,1414.000,WYac+BcEaEqjcD+O,1596.000,h4OQZ7bMhp0Pbd5V,1634.000,jwNdRfwvt/DA6PNq,,,,
7,290,2026-04-05T09:36:15.590Z,1519.000,7,679.000,WYac+BcEaEqjcD+O,1061.000,0vdW+g6toC/h3nqI,1230.000,jwNdRfwvt/DA6PNq,1259.000,3ro8QLJh0yyykLyV,1333.000,h4OQZ7bMhp0Pbd5V,1485.000,uHgM+VdJzX93m/5O,1518.000,nbm0/St8w4GUlGA4,,,,,,
7,291,2026-04-05T09:36:17.109Z,1910.000,7,828.000,nbm0/St8w4GUlGA4,1027.000,h4OQZ7bMhp0Pbd5V,1077.000,UfIL2xPYUWA3pa2i,1439.000,Jg+7wzPVXO3fl6hF,1836.000,Cr1IDgtoIwjHadzo,1849.000,0vdW+g6toC/h3nqI,1910.000,jwNdRfwvt/DA6PNq,,,,,,
7,292,2026-04-05T09:36:19.019Z,2660.000,7,1731.000,h4OQZ7bMhp0Pbd5V,1813.000,3ro8QLJh0yyykLyV,1946.000,Cr1IDgtoIwjHadzo,2561.000,Jg+7wzPVXO3fl6hF,2614.000,0vdW+g6toC/h3nqI,2642.000,jwNdRfwvt/DA6PNq,2660.000,uHgM+VdJzX93m/5O,,,,,,
7,293,2026-04-05T09:36:21.679Z,2766.000,7,2438.000,3ro8QLJh0yyykLyV,2446.000,Jg+7wzPVXO3fl6hF,2592.000,UfIL2xPYUWA3pa2i,2592.000,h4OQZ7bMhp0Pbd5V,2593.000,nbm0/St8w4GUlGA4,2760.000,jwNdRfwvt/DA6PNq,2766.000,WYac+BcEaEqjcD+O,,,,,,
7,294,2026-04-05T09:36:24.445Z,3415.000,7,3007.000,jwNdRfwvt/DA6PNq,3012.000,Jg+7wzPVXO3fl6hF,3034.000,3ro8QLJh0yyykLyV,3101.000,Cr1IDgtoIwjHadzo,3106.000,UfIL2xPYUWA3pa2i,3410.000,h4OQZ7bMhp0Pbd5V,3415.000,nbm0/St8w4GUlGA4,,,,,,
7,295,2026-04-05T09:36:27.860Z,3903.000,7,3098.000,UfIL2xPYUWA3pa2i,3122.000,h4OQZ7bMhp0Pbd5V,3218.000,nbm0/St8w4GUlGA4,3686.000,jwNdRfwvt/DA6PNq,3782.000,uHgM+VdJzX93m/5O,3798.000,3ro8QLJh0yyykLyV,3903.000,Cr1IDgtoIwjHadzo,,,,,,
7,296,2026-04-05T09:36:31.763Z,5225.000,7,3603.000,nbm0/St8w4GUlGA4,4300.000,jwNdRfwvt/DA6PNq,4386.000,3ro8QLJh0yyykLyV,4446.000,uHgM+VdJzX93m/5O,4533.000,UfIL2xPYUWA3pa2i,4584.000,h4OQZ7bMhp0Pbd5V,5225.000,Jg+7wzPVXO3fl6hF,,,,,,
7,297,2026-04-05T09:36:36.988Z,5806.000,7,5479.000,0vdW+g6toC/h3nqI,5504.000,jwNdRfwvt/DA6PNq,5510.000,Cr1IDgtoIwjHadzo,5568.000,UfIL2xPYUWA3pa2i,5582.000,nbm0/St8w4GUlGA4,5804.000,3ro8QLJh0yyykLyV,5806.000,h4OQZ7bMhp0Pbd5V,,,,,,
7,298,2026-04-05T09:36:42.794Z,6956.000,7,5546.000,UfIL2xPYUWA3pa2i,6359.000,nbm0/St8w4GUlGA4,6620.000,jwNdRfwvt/DA6PNq,6681.000,h4OQZ7bMhp0Pbd5V,6750.000,3ro8QLJh0yyykLyV,6910.000,WYac+BcEaEqjcD+O,6956.000,0vdW+g6toC/h3nqI,,,,,,
7,299,2026-04-05T09:36:49.750Z,8219.000,7,7180.000,WYac+BcEaEqjcD+O,7875.000,0vdW+g6toC/h3nqI,7935.000,Cr1IDgtoIwjHadzo,7963.000,UfIL2xPYUWA3pa2i,8043.000,3ro8QLJh0yyykLyV,8051.000,nbm0/St8w4GUlGA4,8219.000,uHgM+VdJzX93m/5O,,,,,,
7,300,2026-04-05T09:36:57.969Z,8161.000,7,8109.000,nbm0/St8w4GUlGA4,8122.000,0vdW+g6toC/h3nqI,8132.000,WYac+BcEaEqjcD+O,8141.000,uHgM+VdJzX93m/5O,8152.000,h4OQZ7bMhp0Pbd5V,8159.000,UfIL2xPYUWA3pa2i,8161.000,3ro8QLJh0yyykLyV,,,,,,
7,301,2026-04-05T09:37:06.130Z,8525.000,7,7318.000,Cr1IDgtoIwjHadzo,8406.000,WYac+BcEaEqjcD+O,8420.000,jwNdRfwvt/DA6PNq,8447.000,uHgM+VdJzX93m/5O,8448.000,Jg+7wzPVXO3fl6hF,8513.000,3ro8QLJh0yyykLyV,8524.000,UfIL2xPYUWA3pa2i,,,,,,
7,302,2026-04-05T09:37:14.655Z,7764.000,7,6837.000,Cr1IDgtoIwjHadzo,6855.000,Jg+7wzPVXO3fl6hF,6913.000,UfIL2xPYUWA3pa2i,7505.000,uHgM+VdJzX93m/5O,7717.000,WYac+BcEaEqjcD+O,7741.000,jwNdRfwvt/DA6PNq,7764.000,h4OQZ7bMhp0Pbd5V,,,,,,
7,303,2026-04-05T09:37:22.419Z,8154.000,7,7113.000,Cr1IDgtoIwjHadzo,7127.000,UfIL2xPYUWA3pa2i,7398.000,uHgM+VdJzX93m/5O,7474.000,WYac+BcEaEqjcD+O,7552.000,nbm0/St8w4GUlGA4,7599.000,jwNdRfwvt/DA6PNq,8154.000,3ro8QLJh0yyykLyV,,,,,,
7,304,2026-04-05T09:37:30.573Z,,0,,,,,,,,,,,,,,,,,,,,
8,1,2026-04-05T09:35:14.628Z,991.000,7,311.000,uHgM+VdJzX93m/5O,500.000,nbm0/St8w4GUlGA4,988.000,0vdW+g6toC/h3nqI,988.000,3ro8QLJh0yyykLyV,1933.000,Cr1IDgtoIwjHadzo,3942.000,jwNdRfwvt/DA6PNq,5427.000,UfIL2xPYUWA3pa2i,,,,,,
8,2,2026-04-05T09:35:15.619Z,201.000,7,1.000,3ro8QLJh0yyykLyV,1.000,uHgM+VdJzX93m/5O,2.000,nbm0/St8w4GUlGA4,3.000,0vdW+g6toC/h3nqI,4438.000,UfIL2xPYUWA3pa2i,2953.000,jwNdRfwvt/DA6PNq,943.000,Cr1IDgtoIwjHadzo,,,,,,
8,3,2026-04-05T09:35:15.820Z,205.000,7,3.000,3ro8QLJh0yyykLyV,4.000,uHgM+VdJzX93m/5O,6.000,nbm0/St8w4GUlGA4,13.000,0vdW+g6toC/h3nqI,744.000,Cr1IDgtoIwjHadzo,2753.000,jwNdRfwvt/DA6PNq,4238.000,UfIL2xPYUWA3pa2i,,,,,,
8,4,2026-04-05T09:35:16.025Z,201.000,7,1.000,3ro8QLJh0yyykLyV,4.000,nbm0/St8w4GUlGA4,8.000,uHgM+VdJzX93m/5O,9.000,0vdW+g6toC/h3nqI,541.000,Cr1IDgtoIwjHadzo,2550.000,jwNdRfwvt/DA6PNq,4033.000,UfIL2xPYUWA3pa2i,,,,,,
8,5,2026-04-05T09:35:16.226Z,201.000,7,2.000,3ro8QLJh0yyykLyV,5.000,nbm0/St8w4GUlGA4,9.000,uHgM+VdJzX93m/5O,11.000,0vdW+g6toC/h3nqI,2351.000,jwNdRfwvt/DA6PNq,3834.000,UfIL2xPYUWA3pa2i,342.000,Cr1IDgtoIwjHadzo,,,,,,
8,6,2026-04-05T09:35:16.427Z,199.000,8,3.000,3ro8QLJh0yyykLyV,4.000,nbm0/St8w4GUlGA4,8.000,uHgM+VdJzX93m/5O,10.000,0vdW+g6toC/h3nqI,143.000,Cr1IDgtoIwjHadzo,144.000,h4OQZ7bMhp0Pbd5V,2152.000,jwNdRfwvt/DA6PNq,3635.000,UfIL2xPYUWA3pa2i,,,,
8,7,2026-04-05T09:35:16.626Z,200.000,8,4.000,nbm0/St8w4GUlGA4,5.000,Cr1IDgtoIwjHadzo,6.000,3ro8QLJh0yyykLyV,9.000,h4OQZ7bMhp0Pbd5V,10.000,uHgM+VdJzX93m/5O,12.000,0vdW+g6toC/h3nqI,1955.000,jwNdRfwvt/DA6PNq,3437.000,UfIL2xPYUWA3pa2i,,,,
8,8,2026-04-05T09:35:16.826Z,202.000,8,5.000,Cr1IDgtoIwjHadzo,7.000,nbm0/St8w4GUlGA4,8.000,3ro8QLJh0yyykLyV,10.000,h4OQZ7bMhp0Pbd5V,12.000,uHgM+VdJzX93m/5O,13.000,0vdW+g6toC/h3nqI,1757.000,jwNdRfwvt/DA6PNq,3238.000,UfIL2xPYUWA3pa2i,,,,
8,9,2026-04-05T09:35:17.028Z,52.000,9,3.000,3ro8QLJh0yyykLyV,5.000,uHgM+VdJzX93m/5O,7.000,nbm0/St8w4GUlGA4,8.000,Cr1IDgtoIwjHadzo,13.000,0vdW+g6toC/h3nqI,13.000,h4OQZ7bMhp0Pbd5V,51.000,WYac+BcEaEqjcD+O,3038.000,UfIL2xPYUWA3pa2i,1557.000,jwNdRfwvt/DA6PNq,,
8,10,2026-04-05T09:35:17.080Z,163.000,9,152.000,3ro8QLJh0yyykLyV,155.000,uHgM+VdJzX93m/5O,156.000,WYac+BcEaEqjcD+O,157.000,Cr1IDgtoIwjHadzo,158.000,nbm0/St8w4GUlGA4,160.000,h4OQZ7bMhp0Pbd5V,163.000,0vdW+g6toC/h3nqI,2987.000,UfIL2xPYUWA3pa2i,1506.000,jwNdRfwvt/DA6PNq,,
8,11,2026-04-05T09:35:17.243Z,201.000,9,190.000,3ro8QLJh0yyykLyV,193.000,WYac+BcEaEqjcD+O,194.000,nbm0/St8w4GUlGA4,195.000,uHgM+VdJzX93m/5O,197.000,Cr1IDgtoIwjHadzo,201.000,0vdW+g6toC/h3nqI,201.000,h4OQZ7bMhp0Pbd5V,1345.000,jwNdRfwvt/DA6PNq,2826.000,UfIL2xPYUWA3pa2i,,
8,12,2026-04-05T09:35:17.444Z,202.000,9,187.000,3ro8QLJh0yyykLyV,188.000,uHgM+VdJzX93m/5O,191.000,nbm0/St8w4GUlGA4,194.000,WYac+BcEaEqjcD+O,196.000,Cr1IDgtoIwjHadzo,197.000,h4OQZ7bMhp0Pbd5V,201.000,0vdW+g6toC/h3nqI,2626.000,UfIL2xPYUWA3pa2i,1146.000,jwNdRfwvt/DA6PNq,,
8,13,2026-04-05T09:35:17.646Z,201.000,9,188.000,3ro8QLJh0yyykLyV,190.000,uHgM+VdJzX93m/5O,192.000,nbm0/St8w4GUlGA4,193.000,WYac+BcEaEqjcD+O,195.000,Cr1IDgtoIwjHadzo,200.000,h4OQZ7bMhp0Pbd5V,201.000,0vdW+g6toC/h3nqI,2425.000,UfIL2xPYUWA3pa2i,946.000,jwNdRfwvt/DA6PNq,,
8,14,2026-04-05T09:35:17.847Z,198.000,9,188.000,uHgM+VdJzX93m/5O,190.000,3ro8QLJh0yyykLyV,193.000,WYac+BcEaEqjcD+O,194.000,nbm0/St8w4GUlGA4,195.000,Cr1IDgtoIwjHadzo,197.000,0vdW+g6toC/h3nqI,198.000,h4OQZ7bMhp0Pbd5V,747.000,jwNdRfwvt/DA6PNq,2225.000,UfIL2xPYUWA3pa2i,,
8,15,2026-04-05T09:35:18.045Z,204.000,9,193.000,uHgM+VdJzX93m/5O,194.000,3ro8QLJh0yyykLyV,196.000,nbm0/St8w4GUlGA4,198.000,WYac+BcEaEqjcD+O,199.000,Cr1IDgtoIwjHadzo,202.000,0vdW+g6toC/h3nqI,204.000,h4OQZ7bMhp0Pbd5V,2028.000,UfIL2xPYUWA3pa2i,551.000,jwNdRfwvt/DA6PNq,,
8,16,2026-04-05T09:35:18.249Z,201.000,10,192.000,uHgM+VdJzX93m/5O,194.000,Cr1IDgtoIwjHadzo,195.000,3ro8QLJh0yyykLyV,197.000,0vdW+g6toC/h3nqI,199.000,WYac+BcEaEqjcD+O,200.000,nbm0/St8w4GUlGA4,201.000,h4OQZ7bMhp0Pbd5V,349.000,jwNdRfwvt/DA6PNq,350.000,Jg+7wzPVXO3fl6hF,1824.000,UfIL2xPYUWA3pa2i
8,17,2026-04-05T09:35:18.450Z,201.000,10,188.000,uHgM+VdJzX93m/5O,192.000,WYac+BcEaEqjcD+O,194.000,jwNdRfwvt/DA6PNq,196.000,nbm0/St8w4GUlGA4,198.000,3ro8QLJh0yyykLyV,199.000,Cr1IDgtoIwjHadzo,200.000,0vdW+g6toC/h3nqI,202.000,h4OQZ7bMhp0Pbd5V,306.000,Jg+7wzPVXO3fl6hF,1624.000,UfIL2xPYUWA3pa2i
8,18,2026-04-05T09:35:18.651Z,199.000,10,189.000,uHgM+VdJzX93m/5O,191.000,WYac+BcEaEqjcD+O,192.000,Cr1IDgtoIwjHadzo,193.000,3ro8QLJh0yyykLyV,196.000,nbm0/St8w4GUlGA4,197.000,0vdW+g6toC/h3nqI,199.000,jwNdRfwvt/DA6PNq,201.000,h4OQZ7bMhp0Pbd5V,307.000,Jg+7wzPVXO3fl6hF,1424.000,UfIL2xPYUWA3pa2i
8,19,2026-04-05T09:35:18.850Z,202.000,10,192.000,WYac+BcEaEqjcD+O,193.000,uHgM+VdJzX93m/5O,195.000,Cr1IDgtoIwjHadzo,196.000,jwNdRfwvt/DA6PNq,198.000,3ro8QLJh0yyykLyV,200.000,nbm0/St8w4GUlGA4,202.000,0vdW+g6toC/h3nqI,204.000,h4OQZ7bMhp0Pbd5V,309.000,Jg+7wzPVXO3fl6hF,1227.000,UfIL2xPYUWA3pa2i
8,20,2026-04-05T09:35:19.052Z,201.000,10,191.000,uHgM+VdJzX93m/5O,193.000,3ro8QLJh0yyykLyV,195.000,WYac+BcEaEqjcD+O,196.000,nbm0/St8w4GUlGA4,197.000,Cr1IDgtoIwjHadzo,199.000,jwNdRfwvt/DA6PNq,201.000,0vdW+g6toC/h3nqI,204.000,h4OQZ7bMhp0Pbd5V,309.000,Jg+7wzPVXO3fl6hF,1026.000,UfIL2xPYUWA3pa2i
8,21,2026-04-05T09:35:19.253Z,202.000,10,191.000,WYac+BcEaEqjcD+O,193.000,nbm0/St8w4GUlGA4,194.000,uHgM+VdJzX93m/5O,196.000,3ro8QLJh0yyykLyV,197.000,jwNdRfwvt/DA6PNq,199.000,Cr1IDgtoIwjHadzo,202.000,0vdW+g6toC/h3nqI,203.000,h4OQZ7bMhp0Pbd5V,309.000,Jg+7wzPVXO3fl6hF,826.000,UfIL2xPYUWA3pa2i
8,22,2026-04-05T09:35:19.455Z,201.000,10,190.000,WYac+BcEaEqjcD+O,194.000,jwNdRfwvt/DA6PNq,195.000,uHgM+VdJzX93m/5O,196.000,3ro8QLJh0yyykLyV,198.000,Cr1IDgtoIwjHadzo,199.000,nbm0/St8w4GUlGA4,201.000,0vdW+g6toC/h3nqI,202.000,h4OQZ7bMhp0Pbd5V,308.000,Jg+7wzPVXO3fl6hF,626.000,UfIL2xPYUWA3pa2i
8,23,2026-04-05T09:35:19.656Z,199.000,10,190.000,3ro8QLJh0yyykLyV,192.000,WYac+BcEaEqjcD+O,194.000,nbm0/St8w4GUlGA4,195.000,jwNdRfwvt/DA6PNq,196.000,uHgM+VdJzX93m/5O,197.000,Cr1IDgtoIwjHadzo,199.000,0vdW+g6toC/h3nqI,201.000,h4OQZ7bMhp0Pbd5V,308.000,Jg+7wzPVXO3fl6hF,426.000,UfIL2xPYUWA3pa2i
8,24,2026-04-05T09:35:19.855Z,199.000,9,191.000,jwNdRfwvt/DA6PNq,194.000,3ro8QLJh0yyykLyV,194.000,nbm0/St8w4GUlGA4,195.000,WYac+BcEaEqjcD+O,196.000,Cr1IDgtoIwjHadzo,198.000,uHgM+VdJzX93m/5O,199.000,h4OQZ7bMhp0Pbd5V,228.000,UfIL2xPYUWA3pa2i,229.000,0vdW+g6toC/h3nqI,,
8,25,2026-04-05T09:35:20.054Z,201.000,10,110.000,Jg+7wzPVXO3fl6hF,194.000,UfIL2xPYUWA3pa2i,195.000,jwNdRfwvt/DA6PNq,197.000,uHgM+VdJzX93m/5O,198.000,nbm0/St8w4GUlGA4,199.000,3ro8QLJh0yyykLyV,201.000,WYac+BcEaEqjcD+O,202.000,Cr1IDgtoIwjHadzo,204.000,0vdW+g6toC/h3nqI,205.000,h4OQZ7bMhp0Pbd5V
8,26,2026-04-05T09:35:20.255Z,201.000,10,112.000,Jg+7wzPVXO3fl6hF,193.000,UfIL2xPYUWA3pa2i,195.000,jwNdRfwvt/DA6PNq,196.000,3ro8QLJh0yyykLyV,198.000,Cr1IDgtoIwjHadzo,199.000,uHgM+VdJzX93m/5O,200.000,nbm0/St8w4GUlGA4,202.000,WYac+BcEaEqjcD+O,204.000,0vdW+g6toC/h3nqI,205.000,h4OQZ7bMhp0Pbd5V
8,27,2026-04-05T09:35:20.456Z,201.000,10,113.000,Jg+7wzPVXO3fl6hF,194.000,jwNdRfwvt/DA6PNq,195.000,3ro8QLJh0yyykLyV,197.000,UfIL2xPYUWA3pa2i,198.000,Cr1IDgtoIwjHadzo,199.000,uHgM+VdJzX93m/5O,201.000,nbm0/St8w4GUlGA4,202.000,WYac+BcEaEqjcD+O,203.000,0vdW+g6toC/h3nqI,205.000,h4OQZ7bMhp0Pbd5V
8,28,2026-04-05T09:35:20.657Z,201.000,10,113.000,Jg+7wzPVXO3fl6hF,194.000,UfIL2xPYUWA3pa2i,195.000,3ro8QLJh0yyykLyV,197.000,jwNdRfwvt/DA6PNq,198.000,nbm0/St8w4GUlGA4,200.000,WYac+BcEaEqjcD+O,201.000,Cr1IDgtoIwjHadzo,202.000,uHgM+VdJzX93m/5O,204.000,0vdW+g6toC/h3nqI,205.000,h4OQZ7bMhp0Pbd5V
8,29,2026-04-05T09:35:20.858Z,201.000,10,112.000,Jg+7wzPVXO3fl6hF,194.000,WYac+BcEaEqjcD+O,196.000,3ro8QLJh0yyykLyV,197.000,UfIL2xPYUWA3pa2i,199.000,jwNdRfwvt/DA6PNq,200.000,nbm0/St8w4GUlGA4,201.000,Cr1IDgtoIwjHadzo,203.000,uHgM+VdJzX93m/5O,204.000,0vdW+g6toC/h3nqI,206.000,h4OQZ7bMhp0Pbd5V
8,30,2026-04-05T09:35:21.059Z,204.000,10,113.000,Jg+7wzPVXO3fl6hF,196.000,jwNdRfwvt/DA6PNq,197.000,3ro8QLJh0yyykLyV,199.000,WYac+BcEaEqjcD+O,200.000,nbm0/St8w4GUlGA4,202.000,uHgM+VdJzX93m/5O,203.000,Cr1IDgtoIwjHadzo,205.000,UfIL2xPYUWA3pa2i,207.000,h4OQZ7bMhp0Pbd5V,208.000,0vdW+g6toC/h3nqI
8,31,2026-04-05T09:35:21.263Z,198.000,10,110.000,Jg+7wzPVXO3fl6hF,191.000,jwNdRfwvt/DA6PNq,192.000,nbm0/St8w4GUlGA4,194.000,uHgM+VdJzX93m/5O,195.000,WYac+BcEaEqjcD+O,196.000,Cr1IDgtoIwjHadzo,198.000,3ro8QLJh0yyykLyV,199.000,UfIL2xPYUWA3pa2i,201.000,h4OQZ7bMhp0Pbd5V,202.000,0vdW+g6toC/h3nqI
8,32,2026-04-05T09:35:21.461Z,201.000,10,128.000,Jg+7wzPVXO3fl6hF,194.000,nbm0/St8w4GUlGA4,195.000,UfIL2xPYUWA3pa2i,197.000,3ro8QLJh0yyykLyV,198.000,0vdW+g6toC/h3nqI,200.000,jwNdRfwvt/DA6PNq,201.000,uHgM+VdJzX93m/5O,202.000,Cr1IDgtoIwjHadzo,204.000,WYac+BcEaEqjcD+O,205.000,h4OQZ7bMhp0Pbd5V
8,33,2026-04-05T09:35:21.662Z,201.000,10,113.000,Jg+7wzPVXO3fl6hF,194.000,UfIL2xPYUWA3pa2i,195.000,jwNdRfwvt/DA6PNq,196.000,nbm0/St8w4GUlGA4,198.000,uHgM+VdJzX93m/5O,200.000,3ro8QLJh0yyykLyV,201.000,WYac+BcEaEqjcD+O,203.000,Cr1IDgtoIwjHadzo,204.000,0vdW+g6toC/h3nqI,205.000,h4OQZ7bMhp0Pbd5V
8,34,2026-04-05T09:35:21.863Z,198.000,10,113.000,Jg+7wzPVXO3fl6hF,192.000,3ro8QLJh0yyykLyV,193.000,UfIL2xPYUWA3pa2i,194.000,jwNdRfwvt/DA6PNq,195.000,WYac+BcEaEqjcD+O,196.000,Cr1IDgtoIwjHadzo,198.000,uHgM+VdJzX93m/5O,199.000,nbm0/St8w4GUlGA4,200.000,0vdW+g6toC/h3nqI,202.000,h4OQZ7bMhp0Pbd5V
8,35,2026-04-05T09:35:22.061Z,204.000,10,116.000,Jg+7wzPVXO3fl6hF,196.000,3ro8QLJh0yyykLyV,198.000,nbm0/St8w4GUlGA4,200.000,UfIL2xPYUWA3pa2i,201.000,Cr1IDgtoIwjHadzo,203.000,WYac+BcEaEqjcD+O,204.000,uHgM+VdJzX93m/5O,205.000,0vdW+g6toC/h3nqI,207.000,jwNdRfwvt/DA6PNq,209.000,h4OQZ7bMhp0Pbd5V
8,36,2026-04-05T09:35:22.265Z,201.000,10,114.000,Jg+7wzPVXO3fl6hF,194.000,nbm0/St8w4GUlGA4,195.000,uHgM+VdJzX93m/5O,197.000,jwNdRfwvt/DA6PNq,198.000,3ro8QLJh0yyykLyV,200.000,UfIL2xPYUWA3pa2i,201.000,Cr1IDgtoIwjHadzo,202.000,WYac+BcEaEqjcD+O,206.000,0vdW+g6toC/h3nqI,206.000,h4OQZ7bMhp0Pbd5V
8,37,2026-04-05T09:35:22.466Z,202.000,10,113.000,Jg+7wzPVXO3fl6hF,195.000,WYac+BcEaEqjcD+O,196.000,nbm0/St8w4GUlGA4,198.000,jwNdRfwvt/DA6PNq,199.000,uHgM+VdJzX93m/5O,200.000,3ro8QLJh0yyykLyV,201.000,UfIL2xPYUWA3pa2i,203.000,Cr1IDgtoIwjHadzo,204.000,0vdW+g6toC/h3nqI,206.000,h4OQZ7bMhp0Pbd5V
8,38,2026-04-05T09:35:22.668Z,201.000,10,113.000,Jg+7wzPVXO3fl6hF,194.000,jwNdRfwvt/DA6PNq,195.000,nbm0/St8w4GUlGA4,196.000,uHgM+VdJzX93m/5O,198.000,Cr1IDgtoIwjHadzo,199.000,UfIL2xPYUWA3pa2i,201.000,WYac+BcEaEqjcD+O,202.000,3ro8QLJh0yyykLyV,203.000,0vdW+g6toC/h3nqI,205.000,h4OQZ7bMhp0Pbd5V
8,39,2026-04-05T09:35:22.869Z,200.000,10,113.000,Jg+7wzPVXO3fl6hF,192.000,jwNdRfwvt/DA6PNq,194.000,3ro8QLJh0yyykLyV,196.000,nbm0/St8w4GUlGA4,197.000,uHgM+VdJzX93m/5O,199.000,UfIL2xPYUWA3pa2i,200.000,WYac+BcEaEqjcD+O,201.000,Cr1IDgtoIwjHadzo,203.000,h4OQZ7bMhp0Pbd5V,205.000,0vdW+g6toC/h3nqI
8,40,2026-04-05T09:35:23.069Z,202.000,10,115.000,Jg+7wzPVXO3fl6hF,194.000,nbm0/St8w4GUlGA4,196.000,jwNdRfwvt/DA6PNq,197.000,uHgM+VdJzX93m/5O,199.000,UfIL2xPYUWA3pa2i,200.000,Cr1IDgtoIwjHadzo,201.000,WYac+BcEaEqjcD+O,203.000,3ro8QLJh0yyykLyV,204.000,0vdW+g6toC/h3nqI,205.000,h4OQZ7bMhp0Pbd5V
8,41,2026-04-05T09:35:23.271Z,202.000,10,113.000,Jg+7wzPVXO3fl6hF,193.000,nbm0/St8w4GUlGA4,196.000,Cr1IDgtoIwjHadzo,198.000,UfIL2xPYUWA3pa2i,199.000,WYac+BcEaEqjcD+O,200.000,uHgM+VdJzX93m/5O,202.000,jwNdRfwvt/DA6PNq,203.000,3ro8QLJh0yyykLyV,204.000,0vdW+g6toC/h3nqI,206.000,h4OQZ7bMhp0Pbd5V
8,42,2026-04-05T09:35:23.473Z,199.000,10,112.000,Jg+7wzPVXO3fl6hF,192.000,nbm0/St8w4GUlGA4,193.000,jwNdRfwvt/DA6PNq,195.000,Cr1IDgtoIwjHadzo,197.000,3ro8QLJh0yyykLyV,198.000,WYac+BcEaEqjcD+O,199.000,UfIL2xPYUWA3pa2i,201.000,uHgM+VdJzX93m/5O,203.000,0vdW+g6toC/h3nqI,203.000,h4OQZ7bMhp0Pbd5V
8,43,2026-04-05T09:35:23.672Z,202.000,10,114.000,Jg+7wzPVXO3fl6hF,194.000,nbm0/St8w4GUlGA4,196.000,uHgM+VdJzX93m/5O,197.000,jwNdRfwvt/DA6PNq,199.000,UfIL2xPYUWA3pa2i,200.000,WYac+BcEaEqjcD+O,201.000,Cr1IDgtoIwjHadzo,203.000,0vdW+g6toC/h3nqI,204.000,3ro8QLJh0yyykLyV,206.000,h4OQZ7bMhp0Pbd5V
8,44,2026-04-05T09:35:23.874Z,200.000,10,114.000,Jg+7wzPVXO3fl6hF,193.000,nbm0/St8w4GUlGA4,194.000,3ro8QLJh0yyykLyV,196.000,Cr1IDgtoIwjHadzo,198.000,jwNdRfwvt/DA6PNq,199.000,uHgM+VdJzX93m/5O,200.000,WYac+BcEaEqjcD+O,201.000,UfIL2xPYUWA3pa2i,203.000,0vdW+g6toC/h3nqI,204.000,h4OQZ7bMhp0Pbd5V
8,45,2026-04-05T09:35:24.074Z,201.000,10,115.000,Jg+7wzPVXO3fl6hF,194.000,jwNdRfwvt/DA6PNq,195.000,uHgM+VdJzX93m/5O,197.000,nbm0/St8w4GUlGA4,199.000,Cr1IDgtoIwjHadzo,200.000,UfIL2xPYUWA3pa2i,201.000,3ro8QLJh0yyykLyV,202.000,WYac+BcEaEqjcD+O,204.000,0vdW+g6toC/h3nqI,206.000,h4OQZ7bMhp0Pbd5V
8,46,2026-04-05T09:35:24.275Z,202.000,10,114.000,Jg+7wzPVXO3fl6hF,194.000,nbm0/St8w4GUlGA4,196.000,Cr1IDgtoIwjHadzo,198.000,UfIL2xPYUWA3pa2i,199.000,jwNdRfwvt/DA6PNq,200.000,WYac+BcEaEqjcD+O,202.000,3ro8QLJh0yyykLyV,203.000,uHgM+VdJzX93m/5O,204.000,0vdW+g6toC/h3nqI,206.000,h4OQZ7bMhp0Pbd5V
8,47,2026-04-05T09:35:24.477Z,201.000,10,114.000,Jg+7wzPVXO3fl6hF,193.000,Cr1IDgtoIwjHadzo,195.000,WYac+BcEaEqjcD+O,197.000,jwNdRfwvt/DA6PNq,198.000,nbm0/St8w4GUlGA4,199.000,UfIL2xPYUWA3pa2i,201.000,3ro8QLJh0yyykLyV,202.000,uHgM+VdJzX93m/5O,203.000,0vdW+g6toC/h3nqI,204.000,h4OQZ7bMhp0Pbd5V
8,48,2026-04-05T09:35:24.678Z,202.000,10,115.000,Jg+7wzPVXO3fl6hF,193.000,Cr1IDgtoIwjHadzo,196.000,3ro8QLJh0yyykLyV,197.000,nbm0/St8w4GUlGA4,199.000,WYac+BcEaEqjcD+O,200.000,jwNdRfwvt/DA6PNq,202.000,UfIL2xPYUWA3pa2i,203.000,uHgM+VdJzX93m/5O,204.000,0vdW+g6toC/h3nqI,205.000,h4OQZ7bMhp0Pbd5V
8,49,2026-04-05T09:35:24.880Z,200.000,10,114.000,Jg+7wzPVXO3fl6hF,193.000,Cr1IDgtoIwjHadzo,195.000,3ro8QLJh0yyykLyV,196.000,UfIL2xPYUWA3pa2i,197.000,jwNdRfwvt/DA6PNq,198.000,WYac+BcEaEqjcD+O,200.000,uHgM+VdJzX93m/5O,201.000,nbm0/St8w4GUlGA4,203.000,0vdW+g6toC/h3nqI,204.000,h4OQZ7bMhp0Pbd5V
8,50,2026-04-05T09:35:25.080Z,201.000,10,116.000,Jg+7wzPVXO3fl6hF,194.000,Cr1IDgtoIwjHadzo,195.000,uHgM+VdJzX93m/5O,197.000,UfIL2xPYUWA3pa2i,198.000,nbm0/St8w4GUlGA4,200.000,3ro8QLJh0yyykLyV,201.000,jwNdRfwvt/DA6PNq,202.000,WYac+BcEaEqjcD+O,204.000,0vdW+g6toC/h3nqI,205.000,h4OQZ7bMhp0Pbd5V
8,51,2026-04-05T09:35:25.281Z,201.000,10,115.000,Jg+7wzPVXO3fl6hF,194.000,3ro8QLJh0yyykLyV,196.000,Cr1IDgtoIwjHadzo,197.000,nbm0/St8w4GUlGA4,198.000,WYac+BcEaEqjcD+O,200.000,uHgM+VdJzX93m/5O,201.000,jwNdRfwvt/DA6PNq,202.000,0vdW+g6toC/h3nqI,204.000,UfIL2xPYUWA3pa2i,205.000,h4OQZ7bMhp0Pbd5V
8,52,2026-04-05T09:35:25.482Z,201.000,10,115.000,Jg+7wzPVXO3fl6hF,195.000,uHgM+VdJzX93m/5O,196.000,3ro8QLJh0yyykLyV,197.000,jwNdRfwvt/DA6PNq,199.000,Cr1IDgtoIwjHadzo,200.000,nbm0/St8w4GUlGA4,201.000,UfIL2xPYUWA3pa2i,203.000,WYac+BcEaEqjcD+O,205.000,0vdW+g6toC/h3nqI,205.000,h4OQZ7bMhp0Pbd5V
8,53,2026-04-05T09:35:25.683Z,201.000,10,116.000,Jg+7wzPVXO3fl6hF,194.000,nbm0/St8w4GUlGA4,196.000,3ro8QLJh0yyykLyV,197.000,jwNdRfwvt/DA6PNq,199.000,Cr1IDgtoIwjHadzo,200.000,UfIL2xPYUWA3pa2i,201.000,uHgM+VdJzX93m/5O,202.000,WYac+BcEaEqjcD+O,204.000,0vdW+g6toC/h3nqI,205.000,h4OQZ7bMhp0Pbd5V
8,54,2026-04-05T09:35:25.884Z,201.000,10,115.000,Jg+7wzPVXO3fl6hF,194.000,uHgM+VdJzX93m/5O,196.000,3ro8QLJh0yyykLyV,197.000,jwNdRfwvt/DA6PNq,198.000,nbm0/St8w4GUlGA4,200.000,UfIL2xPYUWA3pa2i,201.000,Cr1IDgtoIwjHadzo,202.000,WYac+BcEaEqjcD+O,204.000,0vdW+g6toC/h3nqI,205.000,h4OQZ7bMhp0Pbd5V
8,55,2026-04-05T09:35:26.085Z,202.000,10,115.000,Jg+7wzPVXO3fl6hF,194.000,uHgM+VdJzX93m/5O,196.000,jwNdRfwvt/DA6PNq,197.000,nbm0/St8w4GUlGA4,199.000,3ro8QLJh0yyykLyV,200.000,UfIL2xPYUWA3pa2i,201.000,WYac+BcEaEqjcD+O,203.000,Cr1IDgtoIwjHadzo,204.000,0vdW+g6toC/h3nqI,205.000,h4OQZ7bMhp0Pbd5V
8,56,2026-04-05T09:35:26.287Z,200.000,10,114.000,Jg+7wzPVXO3fl6hF,193.000,uHgM+VdJzX93m/5O,194.000,3ro8QLJh0yyykLyV,196.000,jwNdRfwvt/DA6PNq,197.000,UfIL2xPYUWA3pa2i,199.000,WYac+BcEaEqjcD+O,200.000,Cr1IDgtoIwjHadzo,201.000,nbm0/St8w4GUlGA4,202.000,0vdW+g6toC/h3nqI,204.000,h4OQZ7bMhp0Pbd5V
8,57,2026-04-05T09:35:26.487Z,201.000,10,115.000,Jg+7wzPVXO3fl6hF,194.000,uHgM+VdJzX93m/5O,196.000,3ro8QLJh0yyykLyV,197.000,nbm0/St8w4GUlGA4,199.000,jwNdRfwvt/DA6PNq,200.000,Cr1IDgtoIwjHadzo,201.000,WYac+BcEaEqjcD+O,203.000,0vdW+g6toC/h3nqI,204.000,UfIL2xPYUWA3pa2i,206.000,h4OQZ7bMhp0Pbd5V
8,58,2026-04-05T09:35:26.688Z,201.000,10,115.000,Jg+7wzPVXO3fl6hF,194.000,jwNdRfwvt/DA6PNq,195.000,3ro8QLJh0yyykLyV,197.000,UfIL2xPYUWA3pa2i,199.000,WYac+BcEaEqjcD+O,200.000,uHgM+VdJzX93m/5O,201.000,0vdW+g6toC/h3nqI,202.000,Cr1IDgtoIwjHadzo,204.000,nbm0/St8w4GUlGA4,206.000,h4OQZ7bMhp0Pbd5V
8,59,2026-04-05T09:35:26.889Z,202.000,10,116.000,Jg+7wzPVXO3fl6hF,195.000,Cr1IDgtoIwjHadzo,196.000,3ro8QLJh0yyykLyV,197.000,WYac+BcEaEqjcD+O,199.000,jwNdRfwvt/DA6PNq,200.000,UfIL2xPYUWA3pa2i,202.000,nbm0/St8w4GUlGA4,203.000,uHgM+VdJzX93m/5O,204.000,0vdW+g6toC/h3nqI,207.000,h4OQZ7bMhp0Pbd5V
8,60,2026-04-05T09:35:27.091Z,202.000,10,116.000,Jg+7wzPVXO3fl6hF,195.000,UfIL2xPYUWA3pa2i,196.000,WYac+BcEaEqjcD+O,198.000,jwNdRfwvt/DA6PNq,199.000,0vdW+g6toC/h3nqI,201.000,nbm0/St8w4GUlGA4,202.000,Cr1IDgtoIwjHadzo,203.000,uHgM+VdJzX93m/5O,204.000,3ro8QLJh0yyykLyV,206.000,h4OQZ7bMhp0Pbd5V
8,61,2026-04-05T09:35:27.293Z,201.000,10,114.000,Jg+7wzPVXO3fl6hF,194.000,UfIL2xPYUWA3pa2i,195.000,3ro8QLJh0yyykLyV,197.000,nbm0/St8w4GUlGA4,198.000,WYac+BcEaEqjcD+O,199.000,0vdW+g6toC/h3nqI,201.000,Cr1IDgtoIwjHadzo,202.000,uHgM+VdJzX93m/5O,203.000,jwNdRfwvt/DA6PNq,205.000,h4OQZ7bMhp0Pbd5V
8,62,2026-04-05T09:35:27.494Z,201.000,10,115.000,Jg+7wzPVXO3fl6hF,194.000,0vdW+g6toC/h3nqI,196.000,uHgM+VdJzX93m/5O,197.000,UfIL2xPYUWA3pa2i,199.000,jwNdRfwvt/DA6PNq,200.000,Cr1IDgtoIwjHadzo,201.000,3ro8QLJh0yyykLyV,202.000,WYac+BcEaEqjcD+O,204.000,nbm0/St8w4GUlGA4,205.000,h4OQZ7bMhp0Pbd5V
8,63,2026-04-05T09:35:27.695Z,201.000,10,116.000,Jg+7wzPVXO3fl6hF,193.000,UfIL2xPYUWA3pa2i,195.000,WYac+BcEaEqjcD+O,196.000,0vdW+g6toC/h3nqI,198.000,jwNdRfwvt/DA6PNq,199.000,uHgM+VdJzX93m/5O,200.000,nbm0/St8w4GUlGA4,202.000,Cr1IDgtoIwjHadzo,203.000,3ro8QLJh0yyykLyV,205.000,h4OQZ7bMhp0Pbd5V
8,64,2026-04-05T09:35:27.896Z,200.000,10,117.000,Jg+7wzPVXO3fl6hF,193.000,0vdW+g6toC/h3nqI,194.000,uHgM+VdJzX93m/5O,195.000,WYac+BcEaEqjcD+O,197.000,UfIL2xPYUWA3pa2i,199.000,nbm0/St8w4GUlGA4,200.000,jwNdRfwvt/DA6PNq,201.000,Cr1IDgtoIwjHadzo,202.000,3ro8QLJh0yyykLyV,204.000,h4OQZ7bMhp0Pbd5V
8,65,2026-04-05T09:35:28.096Z,201.000,10,118.000,Jg+7wzPVXO3fl6hF,193.000,WYac+BcEaEqjcD+O,195.000,UfIL2xPYUWA3pa2i,197.000,0vdW+g6toC/h3nqI,198.000,3ro8QLJh0yyykLyV,199.000,jwNdRfwvt/DA6PNq,201.000,nbm0/St8w4GUlGA4,202.000,uHgM+VdJzX93m/5O,203.000,Cr1IDgtoIwjHadzo,205.000,h4OQZ7bMhp0Pbd5V
8,66,2026-04-05T09:35:28.297Z,202.000,10,118.000,Jg+7wzPVXO3fl6hF,195.000,jwNdRfwvt/DA6PNq,196.000,0vdW+g6toC/h3nqI,198.000,WYac+BcEaEqjcD+O,200.000,Cr1IDgtoIwjHadzo,201.000,3ro8QLJh0yyykLyV,202.000,nbm0/St8w4GUlGA4,203.000,uHgM+VdJzX93m/5O,205.000,UfIL2xPYUWA3pa2i,206.000,h4OQZ7bMhp0Pbd5V
8,67,2026-04-05T09:35:28.499Z,200.000,10,116.000,Jg+7wzPVXO3fl6hF,193.000,jwNdRfwvt/DA6PNq,194.000,nbm0/St8w4GUlGA4,195.000,3ro8QLJh0yyykLyV,197.000,0vdW+g6toC/h3nqI,199.000,WYac+BcEaEqjcD+O,200.000,uHgM+VdJzX93m/5O,201.000,UfIL2xPYUWA3pa2i,202.000,Cr1IDgtoIwjHadzo,205.000,h4OQZ7bMhp0Pbd5V
8,68,2026-04-05T09:35:28.699Z,201.000,10,118.000,Jg+7wzPVXO3fl6hF,194.000,nbm0/St8w4GUlGA4,195.000,jwNdRfwvt/DA6PNq,197.000,Cr1IDgtoIwjHadzo,199.000,0vdW+g6toC/h3nqI,200.000,WYac+BcEaEqjcD+O,201.000,3ro8QLJh0yyykLyV,202.000,UfIL2xPYUWA3pa2i,204.000,uHgM+VdJzX93m/5O,206.000,h4OQZ7bMhp0Pbd5V
8,69,2026-04-05T09:35:28.900Z,198.000,10,119.000,Jg+7wzPVXO3fl6hF,193.000,jwNdRfwvt/DA6PNq,193.000,nbm0/St8w4GUlGA4,195.000,Cr1IDgtoIwjHadzo,196.000,UfIL2xPYUWA3pa2i,197.000,0vdW+g6toC/h3nqI,198.000,3ro8QLJh0yyykLyV,198.000,WYac+BcEaEqjcD+O,199.000,uHgM+VdJzX93m/5O,204.000,h4OQZ7bMhp0Pbd5V
8,70,2026-04-05T09:35:29.098Z,203.000,10,122.000,Jg+7wzPVXO3fl6hF,196.000,nbm0/St8w4GUlGA4,199.000,3ro8QLJh0yyykLyV,201.000,Cr1IDgtoIwjHadzo,201.000,UfIL2xPYUWA3pa2i,202.000,0vdW+g6toC/h3nqI,203.000,WYac+BcEaEqjcD+O,203.000,uHgM+VdJzX93m/5O,204.000,jwNdRfwvt/DA6PNq,209.000,h4OQZ7bMhp0Pbd5V
8,71,2026-04-05T09:35:29.301Z,198.000,10,119.000,Jg+7wzPVXO3fl6hF,194.000,nbm0/St8w4GUlGA4,194.000,jwNdRfwvt/DA6PNq,196.000,WYac+BcEaEqjcD+O,196.000,UfIL2xPYUWA3pa2i,197.000,uHgM+VdJzX93m/5O,198.000,3ro8QLJh0yyykLyV,199.000,Cr1IDgtoIwjHadzo,200.000,0vdW+g6toC/h3nqI,203.000,h4OQZ7bMhp0Pbd5V
8,72,2026-04-05T09:35:29.499Z,205.000,10,123.000,Jg+7wzPVXO3fl6hF,196.000,nbm0/St8w4GUlGA4,200.000,uHgM+VdJzX93m/5O,201.000,Cr1IDgtoIwjHadzo,202.000,jwNdRfwvt/DA6PNq,203.000,UfIL2xPYUWA3pa2i,205.000,0vdW+g6toC/h3nqI,206.000,3ro8QLJh0yyykLyV,207.000,WYac+BcEaEqjcD+O,209.000,h4OQZ7bMhp0Pbd5V
8,73,2026-04-05T09:35:29.704Z,203.000,10,120.000,Jg+7wzPVXO3fl6hF,196.000,3ro8QLJh0yyykLyV,197.000,0vdW+g6toC/h3nqI,198.000,nbm0/St8w4GUlGA4,200.000,Cr1IDgtoIwjHadzo,202.000,jwNdRfwvt/DA6PNq,203.000,WYac+BcEaEqjcD+O,205.000,UfIL2xPYUWA3pa2i,206.000,uHgM+VdJzX93m/5O,207.000,h4OQZ7bMhp0Pbd5V
8,74,2026-04-05T09:35:29.907Z,202.000,10,119.000,Jg+7wzPVXO3fl6hF,194.000,nbm0/St8w4GUlGA4,196.000,Cr1IDgtoIwjHadzo,198.000,jwNdRfwvt/DA6PNq,199.000,uHgM+VdJzX93m/5O,200.000,UfIL2xPYUWA3pa2i,202.000,WYac+BcEaEqjcD+O,203.000,3ro8QLJh0yyykLyV,204.000,0vdW+g6toC/h3nqI,206.000,h4OQZ7bMhp0Pbd5V
8,75,2026-04-05T09:35:30.109Z,200.000,10,118.000,Jg+7wzPVXO3fl6hF,192.000,0vdW+g6toC/h3nqI,194.000,jwNdRfwvt/DA6PNq,196.000,nbm0/St8w4GUlGA4,197.000,uHgM+VdJzX93m/5O,199.000,UfIL2xPYUWA3pa2i,200.000,Cr1IDgtoIwjHadzo,201.000,3ro8QLJh0yyykLyV,203.000,WYac+BcEaEqjcD+O,204.000,h4OQZ7bMhp0Pbd5V
8,76,2026-04-05T09:35:30.309Z,202.000,10,119.000,Jg+7wzPVXO3fl6hF,195.000,jwNdRfwvt/DA6PNq,197.000,uHgM+VdJzX93m/5O,198.000,UfIL2xPYUWA3pa2i,199.000,Cr1IDgtoIwjHadzo,200.000,nbm0/St8w4GUlGA4,202.000,0vdW+g6toC/h3nqI,203.000,WYac+BcEaEqjcD+O,204.000,3ro8QLJh0yyykLyV,206.000,h4OQZ7bMhp0Pbd5V
8,77,2026-04-05T09:35:30.511Z,200.000,10,117.000,Jg+7wzPVXO3fl6hF,192.000,jwNdRfwvt/DA6PNq,194.000,uHgM+VdJzX93m/5O,196.000,3ro8QLJh0yyykLyV,197.000,0vdW+g6toC/h3nqI,199.000,nbm0/St8w4GUlGA4,200.000,UfIL2xPYUWA3pa2i,201.000,Cr1IDgtoIwjHadzo,202.000,WYac+BcEaEqjcD+O,204.000,h4OQZ7bMhp0Pbd5V
8,78,2026-04-05T09:35:30.711Z,202.000,10,119.000,Jg+7wzPVXO3fl6hF,195.000,UfIL2xPYUWA3pa2i,197.000,uHgM+VdJzX93m/5O,198.000,Cr1IDgtoIwjHadzo,199.000,WYac+BcEaEqjcD+O,200.000,0vdW+g6toC/h3nqI,201.000,nbm0/St8w4GUlGA4,203.000,3ro8QLJh0yyykLyV,204.000,jwNdRfwvt/DA6PNq,206.000,h4OQZ7bMhp0Pbd5V
8,79,2026-04-05T09:35:30.913Z,201.000,10,117.000,Jg+7wzPVXO3fl6hF,194.000,3ro8QLJh0yyykLyV,196.000,uHgM+VdJzX93m/5O,197.000,0vdW+g6toC/h3nqI,199.000,WYac+BcEaEqjcD+O,200.000,Cr1IDgtoIwjHadzo,201.000,nbm0/St8w4GUlGA4,202.000,jwNdRfwvt/DA6PNq,204.000,UfIL2xPYUWA3pa2i,205.000,h4OQZ7bMhp0Pbd5V
8,80,2026-04-05T09:35:31.114Z,201.000,10,118.000,Jg+7wzPVXO3fl6hF,194.000,jwNdRfwvt/DA6PNq,196.000,uHgM+VdJzX93m/5O,197.000,nbm0/St8w4GUlGA4,199.000,Cr1IDgtoIwjHadzo,200.000,UfIL2xPYUWA3pa2i,201.000,3ro8QLJh0yyykLyV,203.000,0vdW+g6toC/h3nqI,204.000,WYac+BcEaEqjcD+O,206.000,h4OQZ7bMhp0Pbd5V
8,81,2026-04-05T09:35:31.315Z,201.000,10,119.000,Jg+7wzPVXO3fl6hF,193.000,0vdW+g6toC/h3nqI,195.000,3ro8QLJh0yyykLyV,197.000,UfIL2xPYUWA3pa2i,199.000,uHgM+VdJzX93m/5O,200.000,jwNdRfwvt/DA6PNq,201.000,nbm0/St8w4GUlGA4,202.000,Cr1IDgtoIwjHadzo,203.000,WYac+BcEaEqjcD+O,203.000,h4OQZ7bMhp0Pbd5V
8,82,2026-04-05T09:35:31.516Z,204.000,10,128.000,Jg+7wzPVXO3fl6hF,195.000,3ro8QLJh0yyykLyV,197.000,UfIL2xPYUWA3pa2i,198.000,0vdW+g6toC/h3nqI,199.000,nbm0/St8w4GUlGA4,202.000,uHgM+VdJzX93m/5O,204.000,Cr1IDgtoIwjHadzo,205.000,jwNdRfwvt/DA6PNq,206.000,h4OQZ7bMhp0Pbd5V,208.000,WYac+BcEaEqjcD+O
8,83,2026-04-05T09:35:31.720Z,205.000,10,117.000,Jg+7wzPVXO3fl6hF,193.000,uHgM+VdJzX93m/5O,194.000,jwNdRfwvt/DA6PNq,198.000,0vdW+g6toC/h3nqI,200.000,3ro8QLJh0yyykLyV,203.000,UfIL2xPYUWA3pa2i,205.000,WYac+BcEaEqjcD+O,208.000,Cr1IDgtoIwjHadzo,212.000,nbm0/St8w4GUlGA4,212.000,h4OQZ7bMhp0Pbd5V
8,84,2026-04-05T09:35:31.925Z,200.000,10,114.000,Jg+7wzPVXO3fl6hF,189.000,jwNdRfwvt/DA6PNq,191.000,uHgM+VdJzX93m/5O,192.000,Cr1IDgtoIwjHadzo,194.000,UfIL2xPYUWA3pa2i,197.000,0vdW+g6toC/h3nqI,199.000,nbm0/St8w4GUlGA4,201.000,3ro8QLJh0yyykLyV,203.000,WYac+BcEaEqjcD+O,203.000,h4OQZ7bMhp0Pbd5V
8,85,2026-04-05T09:35:32.125Z,197.000,10,115.000,Jg+7wzPVXO3fl6hF,190.000,Cr1IDgtoIwjHadzo,191.000,uHgM+VdJzX93m/5O,193.000,3ro8QLJh0yyykLyV,194.000,nbm0/St8w4GUlGA4,195.000,WYac+BcEaEqjcD+O,197.000,0vdW+g6toC/h3nqI,198.000,jwNdRfwvt/DA6PNq,199.000,h4OQZ7bMhp0Pbd5V,201.000,UfIL2xPYUWA3pa2i
8,86,2026-04-05T09:35:32.322Z,199.000,10,119.000,Jg+7wzPVXO3fl6hF,193.000,Cr1IDgtoIwjHadzo,194.000,jwNdRfwvt/DA6PNq,195.000,WYac+BcEaEqjcD+O,196.000,UfIL2xPYUWA3pa2i,197.000,0vdW+g6toC/h3nqI,199.000,nbm0/St8w4GUlGA4,200.000,h4OQZ7bMhp0Pbd5V,202.000,uHgM+VdJzX93m/5O,204.000,3ro8QLJh0yyykLyV
8,87,2026-04-05T09:35:32.521Z,198.000,10,122.000,Jg+7wzPVXO3fl6hF,192.000,WYac+BcEaEqjcD+O,194.000,UfIL2xPYUWA3pa2i,195.000,Cr1IDgtoIwjHadzo,196.000,jwNdRfwvt/DA6PNq,197.000,3ro8QLJh0yyykLyV,198.000,0vdW+g6toC/h3nqI,200.000,nbm0/St8w4GUlGA4,201.000,h4OQZ7bMhp0Pbd5V,233.000,uHgM+VdJzX93m/5O
8,88,2026-04-05T09:35:32.719Z,207.000,10,125.000,Jg+7wzPVXO3fl6hF,200.000,UfIL2xPYUWA3pa2i,201.000,WYac+BcEaEqjcD+O,203.000,0vdW+g6toC/h3nqI,204.000,jwNdRfwvt/DA6PNq,205.000,uHgM+VdJzX93m/5O,207.000,3ro8QLJh0yyykLyV,208.000,nbm0/St8w4GUlGA4,210.000,Cr1IDgtoIwjHadzo,211.000,h4OQZ7bMhp0Pbd5V
8,89,2026-04-05T09:35:32.926Z,201.000,10,120.000,Jg+7wzPVXO3fl6hF,192.000,WYac+BcEaEqjcD+O,194.000,0vdW+g6toC/h3nqI,196.000,nbm0/St8w4GUlGA4,197.000,UfIL2xPYUWA3pa2i,199.000,jwNdRfwvt/DA6PNq,201.000,uHgM+VdJzX93m/5O,202.000,3ro8QLJh0yyykLyV,203.000,h4OQZ7bMhp0Pbd5V,204.000,Cr1IDgtoIwjHadzo
8,90,2026-04-05T09:35:33.127Z,202.000,10,121.000,Jg+7wzPVXO3fl6hF,194.000,uHgM+VdJzX93m/5O,196.000,UfIL2xPYUWA3pa2i,197.000,0vdW+g6toC/h3nqI,199.000,jwNdRfwvt/DA6PNq,201.000,Cr1IDgtoIwjHadzo,202.000,3ro8QLJh0yyykLyV,203.000,h4OQZ7bMhp0Pbd5V,205.000,nbm0/St8w4GUlGA4,207.000,WYac+BcEaEqjcD+O
8,91,2026-04-05T09:35:33.329Z,198.000,10,139.000,Jg+7wzPVXO3fl6hF,189.000,jwNdRfwvt/DA6PNq,191.000,0vdW+g6toC/h3nqI,193.000,uHgM+VdJzX93m/5O,195.000,WYac+BcEaEqjcD+O,196.000,Cr1IDgtoIwjHadzo,197.000,3ro8QLJh0yyykLyV,200.000,UfIL2xPYUWA3pa2i,201.000,nbm0/St8w4GUlGA4,204.000,h4OQZ7bMhp0Pbd5V
8,92,2026-04-05T09:35:33.527Z,198.000,10,136.000,Jg+7wzPVXO3fl6hF,193.000,0vdW+g6toC/h3nqI,194.000,Cr1IDgtoIwjHadzo,195.000,UfIL2xPYUWA3pa2i,196.000,nbm0/St8w4GUlGA4,197.000,WYac+BcEaEqjcD+O,198.000,jwNdRfwvt/DA6PNq,200.000,3ro8QLJh0yyykLyV,202.000,uHgM+VdJzX93m/5O,212.000,h4OQZ7bMhp0Pbd5V
8,93,2026-04-05T09:35:33.725Z,204.000,10,141.000,Jg+7wzPVXO3fl6hF,196.000,0vdW+g6toC/h3nqI,199.000,Cr1IDgtoIwjHadzo,200.000,WYac+BcEaEqjcD+O,201.000,jwNdRfwvt/DA6PNq,203.000,3ro8QLJh0yyykLyV,204.000,h4OQZ7bMhp0Pbd5V,205.000,nbm0/St8w4GUlGA4,209.000,UfIL2xPYUWA3pa2i,287.000,uHgM+VdJzX93m/5O
8,94,2026-04-05T09:35:33.929Z,234.000,10,136.000,Jg+7wzPVXO3fl6hF,225.000,uHgM+VdJzX93m/5O,228.000,0vdW+g6toC/h3nqI,230.000,WYac+BcEaEqjcD+O,230.000,h4OQZ7bMhp0Pbd5V,232.000,3ro8QLJh0yyykLyV,234.000,jwNdRfwvt/DA6PNq,293.000,UfIL2xPYUWA3pa2i,294.000,Cr1IDgtoIwjHadzo,405.000,nbm0/St8w4GUlGA4
8,95,2026-04-05T09:35:34.163Z,169.000,9,104.000,Jg+7wzPVXO3fl6hF,159.000,UfIL2xPYUWA3pa2i,162.000,jwNdRfwvt/DA6PNq,164.000,WYac+BcEaEqjcD+O,166.000,uHgM+VdJzX93m/5O,168.000,0vdW+g6toC/h3nqI,169.000,Cr1IDgtoIwjHadzo,170.000,h4OQZ7bMhp0Pbd5V,210.000,nbm0/St8w4GUlGA4,,
8,96,2026-04-05T09:35:34.332Z,201.000,9,23.000,3ro8QLJh0yyykLyV,135.000,Jg+7wzPVXO3fl6hF,192.000,uHgM+VdJzX93m/5O,193.000,UfIL2xPYUWA3pa2i,194.000,0vdW+g6toC/h3nqI,196.000,jwNdRfwvt/DA6PNq,200.000,h4OQZ7bMhp0Pbd5V,203.000,WYac+BcEaEqjcD+O,204.000,Cr1IDgtoIwjHadzo,,
8,97,2026-04-05T09:35:34.533Z,206.000,10,11.000,nbm0/St8w4GUlGA4,25.000,3ro8QLJh0yyykLyV,193.000,0vdW+g6toC/h3nqI,202.000,uHgM+VdJzX93m/5O,204.000,UfIL2xPYUWA3pa2i,205.000,h4OQZ7bMhp0Pbd5V,206.000,WYac+BcEaEqjcD+O,219.000,Jg+7wzPVXO3fl6hF,223.000,Cr1IDgtoIwjHadzo,242.000,jwNdRfwvt/DA6PNq
8,98,2026-04-05T09:35:34.739Z,194.000,8,11.000,nbm0/St8w4GUlGA4,22.000,3ro8QLJh0yyykLyV,187.000,uHgM+VdJzX93m/5O,189.000,0vdW+g6toC/h3nqI,192.000,UfIL2xPYUWA3pa2i,193.000,h4OQZ7bMhp0Pbd5V,194.000,WYac+BcEaEqjcD+O,195.000,jwNdRfwvt/DA6PNq,,,,
8,99,2026-04-05T09:35:34.933Z,197.000,10,5.000,Jg+7wzPVXO3fl6hF,11.000,Cr1IDgtoIwjHadzo,30.000,3ro8QLJh0yyykLyV,106.000,nbm0/St8w4GUlGA4,193.000,0vdW+g6toC/h3nqI,194.000,uHgM+VdJzX93m/5O,197.000,h4OQZ7bMhp0Pbd5V,199.000,WYac+BcEaEqjcD+O,204.000,UfIL2xPYUWA3pa2i,210.000,jwNdRfwvt/DA6PNq
8,100,2026-04-05T09:35:35.130Z,202.000,10,10.000,Jg+7wzPVXO3fl6hF,18.000,Cr1IDgtoIwjHadzo,31.000,3ro8QLJh0yyykLyV,105.000,nbm0/St8w4GUlGA4,197.000,uHgM+VdJzX93m/5O,199.000,0vdW+g6toC/h3nqI,201.000,UfIL2xPYUWA3pa2i,204.000,WYac+BcEaEqjcD+O,207.000,jwNdRfwvt/DA6PNq,209.000,h4OQZ7bMhp0Pbd5V
8,101,2026-04-05T09:35:35.332Z,229.000,10,8.000,Jg+7wzPVXO3fl6hF,17.000,Cr1IDgtoIwjHadzo,30.000,3ro8QLJh0yyykLyV,223.000,nbm0/St8w4GUlGA4,226.000,uHgM+VdJzX93m/5O,228.000,WYac+BcEaEqjcD+O,228.000,h4OQZ7bMhp0Pbd5V,234.000,UfIL2xPYUWA3pa2i,236.000,0vdW+g6toC/h3nqI,259.000,jwNdRfwvt/DA6PNq
8,102,2026-04-05T09:35:35.561Z,173.000,9,8.000,3ro8QLJh0yyykLyV,11.000,Cr1IDgtoIwjHadzo,26.000,Jg+7wzPVXO3fl6hF,76.000,nbm0/St8w4GUlGA4,169.000,0vdW+g6toC/h3nqI,171.000,uHgM+VdJzX93m/5O,172.000,WYac+BcEaEqjcD+O,174.000,h4OQZ7bMhp0Pbd5V,176.000,jwNdRfwvt/DA6PNq,,
8,103,2026-04-05T09:35:35.734Z,199.000,10,22.000,UfIL2xPYUWA3pa2i,33.000,3ro8QLJh0yyykLyV,35.000,Cr1IDgtoIwjHadzo,48.000,Jg+7wzPVXO3fl6hF,105.000,nbm0/St8w4GUlGA4,197.000,0vdW+g6toC/h3nqI,199.000,jwNdRfwvt/DA6PNq,200.000,WYac+BcEaEqjcD+O,201.000,uHgM+VdJzX93m/5O,203.000,h4OQZ7bMhp0Pbd5V
8,104,2026-04-05T09:35:35.933Z,203.000,10,26.000,UfIL2xPYUWA3pa2i,38.000,3ro8QLJh0yyykLyV,39.000,Cr1IDgtoIwjHadzo,50.000,Jg+7wzPVXO3fl6hF,105.000,nbm0/St8w4GUlGA4,201.000,jwNdRfwvt/DA6PNq,202.000,h4OQZ7bMhp0Pbd5V,204.000,WYac+BcEaEqjcD+O,207.000,0vdW+g6toC/h3nqI,474.000,uHgM+VdJzX93m/5O
8,105,2026-04-05T09:35:36.136Z,199.000,9,23.000,UfIL2xPYUWA3pa2i,37.000,Cr1IDgtoIwjHadzo,39.000,3ro8QLJh0yyykLyV,49.000,Jg+7wzPVXO3fl6hF,105.000,nbm0/St8w4GUlGA4,198.000,0vdW+g6toC/h3nqI,199.000,jwNdRfwvt/DA6PNq,201.000,h4OQZ7bMhp0Pbd5V,204.000,WYac+BcEaEqjcD+O,,
8,106,2026-04-05T09:35:36.335Z,200.000,9,27.000,UfIL2xPYUWA3pa2i,37.000,Cr1IDgtoIwjHadzo,42.000,3ro8QLJh0yyykLyV,50.000,Jg+7wzPVXO3fl6hF,106.000,nbm0/St8w4GUlGA4,198.000,WYac+BcEaEqjcD+O,200.000,0vdW+g6toC/h3nqI,202.000,h4OQZ7bMhp0Pbd5V,204.000,jwNdRfwvt/DA6PNq,,
8,107,2026-04-05T09:35:36.535Z,201.000,10,24.000,UfIL2xPYUWA3pa2i,38.000,Cr1IDgtoIwjHadzo,44.000,3ro8QLJh0yyykLyV,47.000,uHgM+VdJzX93m/5O,53.000,Jg+7wzPVXO3fl6hF,109.000,nbm0/St8w4GUlGA4,200.000,jwNdRfwvt/DA6PNq,211.000,h4OQZ7bMhp0Pbd5V,215.000,WYac+BcEaEqjcD+O,233.000,0vdW+g6toC/h3nqI
8,108,2026-04-05T09:35:36.736Z,201.000,9,26.000,UfIL2xPYUWA3pa2i,40.000,3ro8QLJh0yyykLyV,46.000,uHgM+VdJzX93m/5O,53.000,Jg+7wzPVXO3fl6hF,110.000,nbm0/St8w4GUlGA4,125.000,Cr1IDgtoIwjHadzo,200.000,jwNdRfwvt/DA6PNq,270.000,WYac+BcEaEqjcD+O,272.000,h4OQZ7bMhp0Pbd5V,,
8,109,2026-04-05T09:35:36.937Z,111.000,7,75.000,UfIL2xPYUWA3pa2i,77.000,0vdW+g6toC/h3nqI,79.000,3ro8QLJh0yyykLyV,82.000,uHgM+VdJzX93m/5O,84.000,Jg+7wzPVXO3fl6hF,109.000,nbm0/St8w4GUlGA4,111.000,Cr1IDgtoIwjHadzo,,,,,,
8,110,2026-04-05T09:35:37.048Z,136.000,7,90.000,jwNdRfwvt/DA6PNq,91.000,WYac+BcEaEqjcD+O,93.000,h4OQZ7bMhp0Pbd5V,116.000,0vdW+g6toC/h3nqI,118.000,UfIL2xPYUWA3pa2i,130.000,3ro8QLJh0yyykLyV,136.000,uHgM+VdJzX93m/5O,,,,,,
8,111,2026-04-05T09:35:37.184Z,181.000,9,8.000,Jg+7wzPVXO3fl6hF,62.000,nbm0/St8w4GUlGA4,63.000,Cr1IDgtoIwjHadzo,155.000,WYac+BcEaEqjcD+O,156.000,jwNdRfwvt/DA6PNq,158.000,h4OQZ7bMhp0Pbd5V,181.000,0vdW+g6toC/h3nqI,182.000,UfIL2xPYUWA3pa2i,315.000,uHgM+VdJzX93m/5O,,
8,112,2026-04-05T09:35:37.365Z,203.000,9,13.000,3ro8QLJh0yyykLyV,28.000,Jg+7wzPVXO3fl6hF,84.000,Cr1IDgtoIwjHadzo,86.000,nbm0/St8w4GUlGA4,177.000,jwNdRfwvt/DA6PNq,177.000,h4OQZ7bMhp0Pbd5V,203.000,0vdW+g6toC/h3nqI,209.000,UfIL2xPYUWA3pa2i,244.000,WYac+BcEaEqjcD+O,,
8,113,2026-04-05T09:35:37.568Z,204.000,9,12.000,3ro8QLJh0yyykLyV,27.000,Jg+7wzPVXO3fl6hF,80.000,nbm0/St8w4GUlGA4,84.000,Cr1IDgtoIwjHadzo,121.000,uHgM+VdJzX93m/5O,202.000,h4OQZ7bMhp0Pbd5V,204.000,jwNdRfwvt/DA6PNq,208.000,UfIL2xPYUWA3pa2i,210.000,0vdW+g6toC/h3nqI,,
8,114,2026-04-05T09:35:37.772Z,171.000,8,11.000,3ro8QLJh0yyykLyV,21.000,WYac+BcEaEqjcD+O,24.000,Jg+7wzPVXO3fl6hF,77.000,nbm0/St8w4GUlGA4,81.000,Cr1IDgtoIwjHadzo,117.000,uHgM+VdJzX93m/5O,171.000,h4OQZ7bMhp0Pbd5V,173.000,jwNdRfwvt/DA6PNq,,,,
8,115,2026-04-05T09:35:37.943Z,110.000,7,26.000,UfIL2xPYUWA3pa2i,29.000,0vdW+g6toC/h3nqI,39.000,3ro8QLJh0yyykLyV,51.000,WYac+BcEaEqjcD+O,55.000,Jg+7wzPVXO3fl6hF,109.000,nbm0/St8w4GUlGA4,110.000,Cr1IDgtoIwjHadzo,,,,,,
8,116,2026-04-05T09:35:38.053Z,146.000,8,38.000,uHgM+VdJzX93m/5O,91.000,h4OQZ7bMhp0Pbd5V,94.000,jwNdRfwvt/DA6PNq,118.000,UfIL2xPYUWA3pa2i,120.000,0vdW+g6toC/h3nqI,132.000,3ro8QLJh0yyykLyV,146.000,Jg+7wzPVXO3fl6hF,149.000,WYac+BcEaEqjcD+O,,,,
8,117,2026-04-05T09:35:38.199Z,187.000,8,58.000,Cr1IDgtoIwjHadzo,92.000,uHgM+VdJzX93m/5O,94.000,nbm0/St8w4GUlGA4,146.000,h4OQZ7bMhp0Pbd5V,173.000,UfIL2xPYUWA3pa2i,177.000,0vdW+g6toC/h3nqI,186.000,3ro8QLJh0yyykLyV,244.000,jwNdRfwvt/DA6PNq,,,,
8,118,2026-04-05T09:35:38.386Z,165.000,7,10.000,WYac+BcEaEqjcD+O,52.000,Jg+7wzPVXO3fl6hF,68.000,Cr1IDgtoIwjHadzo,91.000,nbm0/St8w4GUlGA4,107.000,uHgM+VdJzX93m/5O,160.000,h4OQZ7bMhp0Pbd5V,165.000,jwNdRfwvt/DA6PNq,,,,,,
8,119,2026-04-05T09:35:38.551Z,144.000,8,22.000,UfIL2xPYUWA3pa2i,41.000,3ro8QLJh0yyykLyV,47.000,WYac+BcEaEqjcD+O,79.000,Jg+7wzPVXO3fl6hF,104.000,Cr1IDgtoIwjHadzo,127.000,nbm0/St8w4GUlGA4,144.000,uHgM+VdJzX93m/5O,167.000,0vdW+g6toC/h3nqI,,,,
8,120,2026-04-05T09:35:38.695Z,107.000,7,54.000,h4OQZ7bMhp0Pbd5V,56.000,jwNdRfwvt/DA6PNq,80.000,0vdW+g6toC/h3nqI,81.000,UfIL2xPYUWA3pa2i,94.000,3ro8QLJh0yyykLyV,104.000,WYac+BcEaEqjcD+O,107.000,Jg+7wzPVXO3fl6hF,,,,,,
8,121,2026-04-05T09:35:38.802Z,241.000,8,55.000,Cr1IDgtoIwjHadzo,76.000,nbm0/St8w4GUlGA4,95.000,uHgM+VdJzX93m/5O,235.000,h4OQZ7bMhp0Pbd5V,237.000,jwNdRfwvt/DA6PNq,240.000,0vdW+g6toC/h3nqI,241.000,UfIL2xPYUWA3pa2i,243.000,3ro8QLJh0yyykLyV,,,,
8,122,2026-04-05T09:35:39.043Z,110.000,7,3.000,WYac+BcEaEqjcD+O,5.000,Jg+7wzPVXO3fl6hF,16.000,Cr1IDgtoIwjHadzo,36.000,nbm0/St8w4GUlGA4,54.000,uHgM+VdJzX93m/5O,109.000,h4OQZ7bMhp0Pbd5V,110.000,jwNdRfwvt/DA6PNq,,,,,,
8,123,2026-04-05T09:35:39.153Z,134.000,7,25.000,0vdW+g6toC/h3nqI,26.000,UfIL2xPYUWA3pa2i,37.000,3ro8QLJh0yyykLyV,48.000,WYac+BcEaEqjcD+O,52.000,Jg+7wzPVXO3fl6hF,109.000,Cr1IDgtoIwjHadzo,134.000,nbm0/St8w4GUlGA4,,,,,,
8,124,2026-04-05T09:35:39.287Z,116.000,8,10.000,uHgM+VdJzX93m/5O,65.000,jwNdRfwvt/DA6PNq,67.000,h4OQZ7bMhp0Pbd5V,92.000,UfIL2xPYUWA3pa2i,94.000,0vdW+g6toC/h3nqI,105.000,3ro8QLJh0yyykLyV,116.000,WYac+BcEaEqjcD+O,120.000,Jg+7wzPVXO3fl6hF,,,,
8,125,2026-04-05T09:35:39.403Z,179.000,7,60.000,Cr1IDgtoIwjHadzo,78.000,nbm0/St8w4GUlGA4,96.000,uHgM+VdJzX93m/5O,151.000,jwNdRfwvt/DA6PNq,152.000,h4OQZ7bMhp0Pbd5V,176.000,0vdW+g6toC/h3nqI,179.000,UfIL2xPYUWA3pa2i,,,,,,
8,126,2026-04-05T09:35:39.582Z,347.000,8,10.000,3ro8QLJh0yyykLyV,22.000,WYac+BcEaEqjcD+O,28.000,Jg+7wzPVXO3fl6hF,81.000,Cr1IDgtoIwjHadzo,98.000,nbm0/St8w4GUlGA4,116.000,uHgM+VdJzX93m/5O,347.000,h4OQZ7bMhp0Pbd5V,348.000,jwNdRfwvt/DA6PNq,,,,
8,127,2026-04-05T09:35:39.929Z,16.000,7,4.000,0vdW+g6toC/h3nqI,5.000,UfIL2xPYUWA3pa2i,7.000,3ro8QLJh0yyykLyV,9.000,WYac+BcEaEqjcD+O,13.000,Jg+7wzPVXO3fl6hF,15.000,Cr1IDgtoIwjHadzo,16.000,nbm0/St8w4GUlGA4,,,,,,
8,128,2026-04-05T09:35:39.945Z,61.000,7,1.000,uHgM+VdJzX93m/5O,10.000,h4OQZ7bMhp0Pbd5V,12.000,jwNdRfwvt/DA6PNq,36.000,0vdW+g6toC/h3nqI,41.000,UfIL2xPYUWA3pa2i,50.000,3ro8QLJh0yyykLyV,60.000,WYac+BcEaEqjcD+O,,,,,,
8,129,2026-04-05T09:35:40.006Z,177.000,8,4.000,Jg+7wzPVXO3fl6hF,58.000,Cr1IDgtoIwjHadzo,77.000,nbm0/St8w4GUlGA4,96.000,uHgM+VdJzX93m/5O,151.000,h4OQZ7bMhp0Pbd5V,154.000,jwNdRfwvt/DA6PNq,177.000,UfIL2xPYUWA3pa2i,178.000,0vdW+g6toC/h3nqI,,,,
8,130,2026-04-05T09:35:40.183Z,178.000,8,14.000,3ro8QLJh0yyykLyV,26.000,WYac+BcEaEqjcD+O,32.000,Jg+7wzPVXO3fl6hF,83.000,Cr1IDgtoIwjHadzo,102.000,nbm0/St8w4GUlGA4,123.000,uHgM+VdJzX93m/5O,178.000,h4OQZ7bMhp0Pbd5V,208.000,jwNdRfwvt/DA6PNq,,,,
8,131,2026-04-05T09:35:40.361Z,127.000,7,24.000,0vdW+g6toC/h3nqI,26.000,UfIL2xPYUWA3pa2i,36.000,3ro8QLJh0yyykLyV,51.000,Jg+7wzPVXO3fl6hF,56.000,WYac+BcEaEqjcD+O,105.000,Cr1IDgtoIwjHadzo,127.000,nbm0/St8w4GUlGA4,,,,,,
8,132,2026-04-05T09:35:40.488Z,123.000,8,18.000,uHgM+VdJzX93m/5O,73.000,jwNdRfwvt/DA6PNq,74.000,h4OQZ7bMhp0Pbd5V,98.000,UfIL2xPYUWA3pa2i,99.000,0vdW+g6toC/h3nqI,111.000,3ro8QLJh0yyykLyV,122.000,WYac+BcEaEqjcD+O,127.000,Jg+7wzPVXO3fl6hF,,,,
8,133,2026-04-05T09:35:40.611Z,184.000,7,56.000,Cr1IDgtoIwjHadzo,79.000,nbm0/St8w4GUlGA4,96.000,uHgM+VdJzX93m/5O,149.000,jwNdRfwvt/DA6PNq,153.000,h4OQZ7bMhp0Pbd5V,177.000,UfIL2xPYUWA3pa2i,184.000,0vdW+g6toC/h3nqI,,,,,,
8,134,2026-04-05T09:35:40.795Z,165.000,7,5.000,3ro8QLJh0yyykLyV,21.000,WYac+BcEaEqjcD+O,23.000,Jg+7wzPVXO3fl6hF,74.000,Cr1IDgtoIwjHadzo,93.000,nbm0/St8w4GUlGA4,112.000,uHgM+VdJzX93m/5O,165.000,jwNdRfwvt/DA6PNq,,,,,,
8,135,2026-04-05T09:35:40.960Z,112.000,7,2.000,h4OQZ7bMhp0Pbd5V,30.000,UfIL2xPYUWA3pa2i,34.000,0vdW+g6toC/h3nqI,41.000,3ro8QLJh0yyykLyV,53.000,WYac+BcEaEqjcD+O,58.000,Jg+7wzPVXO3fl6hF,112.000,Cr1IDgtoIwjHadzo,,,,,,
8,136,2026-04-05T09:35:41.072Z,229.000,9,19.000,nbm0/St8w4GUlGA4,39.000,uHgM+VdJzX93m/5O,90.000,jwNdRfwvt/DA6PNq,93.000,h4OQZ7bMhp0Pbd5V,227.000,UfIL2xPYUWA3pa2i,228.000,3ro8QLJh0yyykLyV,229.000,Jg+7wzPVXO3fl6hF,232.000,WYac+BcEaEqjcD+O,235.000,0vdW+g6toC/h3nqI,,
8,137,2026-04-05T09:35:41.301Z,118.000,8,7.000,Cr1IDgtoIwjHadzo,10.000,nbm0/St8w4GUlGA4,13.000,uHgM+VdJzX93m/5O,64.000,jwNdRfwvt/DA6PNq,66.000,h4OQZ7bMhp0Pbd5V,91.000,UfIL2xPYUWA3pa2i,118.000,Jg+7wzPVXO3fl6hF,133.000,3ro8QLJh0yyykLyV,,,,
8,138,2026-04-05T09:35:41.419Z,157.000,7,22.000,WYac+BcEaEqjcD+O,39.000,0vdW+g6toC/h3nqI,55.000,Cr1IDgtoIwjHadzo,75.000,nbm0/St8w4GUlGA4,95.000,uHgM+VdJzX93m/5O,149.000,jwNdRfwvt/DA6PNq,157.000,h4OQZ7bMhp0Pbd5V,,,,,,
8,139,2026-04-05T09:35:41.576Z,119.000,7,17.000,UfIL2xPYUWA3pa2i,30.000,3ro8QLJh0yyykLyV,50.000,Jg+7wzPVXO3fl6hF,66.000,WYac+BcEaEqjcD+O,83.000,0vdW+g6toC/h3nqI,99.000,Cr1IDgtoIwjHadzo,119.000,nbm0/St8w4GUlGA4,,,,,,
8,140,2026-04-05T09:35:41.695Z,148.000,7,17.000,uHgM+VdJzX93m/5O,74.000,jwNdRfwvt/DA6PNq,76.000,h4OQZ7bMhp0Pbd5V,100.000,UfIL2xPYUWA3pa2i,113.000,3ro8QLJh0yyykLyV,134.000,Jg+7wzPVXO3fl6hF,148.000,WYac+BcEaEqjcD+O,,,,,,
8,141,2026-04-05T09:35:41.843Z,231.000,8,18.000,0vdW+g6toC/h3nqI,31.000,Cr1IDgtoIwjHadzo,54.000,nbm0/St8w4GUlGA4,225.000,uHgM+VdJzX93m/5O,227.000,jwNdRfwvt/DA6PNq,229.000,UfIL2xPYUWA3pa2i,231.000,3ro8QLJh0yyykLyV,239.000,h4OQZ7bMhp0Pbd5V,,,,
8,142,2026-04-05T09:35:42.074Z,97.000,8,2.000,Jg+7wzPVXO3fl6hF,5.000,WYac+BcEaEqjcD+O,6.000,0vdW+g6toC/h3nqI,10.000,Cr1IDgtoIwjHadzo,26.000,nbm0/St8w4GUlGA4,41.000,uHgM+VdJzX93m/5O,96.000,h4OQZ7bMhp0Pbd5V,106.000,jwNdRfwvt/DA6PNq,,,,
8,143,2026-04-05T09:35:42.171Z,129.000,7,28.000,UfIL2xPYUWA3pa2i,42.000,3ro8QLJh0yyykLyV,54.000,Jg+7wzPVXO3fl6hF,75.000,WYac+BcEaEqjcD+O,93.000,0vdW+g6toC/h3nqI,121.000,Cr1IDgtoIwjHadzo,129.000,nbm0/St8w4GUlGA4,,,,,,
8,144,2026-04-05T09:35:42.300Z,148.000,8,15.000,uHgM+VdJzX93m/5O,77.000,jwNdRfwvt/DA6PNq,80.000,h4OQZ7bMhp0Pbd5V,100.000,UfIL2xPYUWA3pa2i,114.000,3ro8QLJh0yyykLyV,125.000,Jg+7wzPVXO3fl6hF,148.000,WYac+BcEaEqjcD+O,213.000,Cr1IDgtoIwjHadzo,,,,
8,145,2026-04-05T09:35:42.448Z,166.000,7,16.000,0vdW+g6toC/h3nqI,55.000,nbm0/St8w4GUlGA4,75.000,uHgM+VdJzX93m/5O,125.000,h4OQZ7bMhp0Pbd5V,139.000,jwNdRfwvt/DA6PNq,154.000,UfIL2xPYUWA3pa2i,166.000,3ro8QLJh0yyykLyV,,,,,,
8,146,2026-04-05T09:35:42.614Z,167.000,8,11.000,Jg+7wzPVXO3fl6hF,34.000,WYac+BcEaEqjcD+O,71.000,0vdW+g6toC/h3nqI,82.000,Cr1IDgtoIwjHadzo,106.000,uHgM+VdJzX93m/5O,160.000,h4OQZ7bMhp0Pbd5V,167.000,jwNdRfwvt/DA6PNq,200.000,nbm0/St8w4GUlGA4,,,,
8,147,2026-04-05T09:35:42.781Z,139.000,8,22.000,UfIL2xPYUWA3pa2i,35.000,3ro8QLJh0yyykLyV,46.000,Jg+7wzPVXO3fl6hF,69.000,WYac+BcEaEqjcD+O,101.000,0vdW+g6toC/h3nqI,116.000,Cr1IDgtoIwjHadzo,139.000,uHgM+VdJzX93m/5O,258.000,nbm0/St8w4GUlGA4,,,,
8,148,2026-04-05T09:35:42.920Z,260.000,7,84.000,h4OQZ7bMhp0Pbd5V,87.000,UfIL2xPYUWA3pa2i,91.000,jwNdRfwvt/DA6PNq,98.000,3ro8QLJh0yyykLyV,109.000,Jg+7wzPVXO3fl6hF,133.000,WYac+BcEaEqjcD+O,260.000,0vdW+g6toC/h3nqI,,,,,,
8,149,2026-04-05T09:35:43.180Z,45.000,7,3.000,Cr1IDgtoIwjHadzo,5.000,uHgM+VdJzX93m/5O,7.000,h4OQZ7bMhp0Pbd5V,26.000,UfIL2xPYUWA3pa2i,29.000,jwNdRfwvt/DA6PNq,38.000,3ro8QLJh0yyykLyV,45.000,nbm0/St8w4GUlGA4,,,,,,
8,150,2026-04-05T09:35:43.225Z,181.000,7,5.000,Jg+7wzPVXO3fl6hF,28.000,WYac+BcEaEqjcD+O,59.000,0vdW+g6toC/h3nqI,88.000,Cr1IDgtoIwjHadzo,115.000,uHgM+VdJzX93m/5O,159.000,h4OQZ7bMhp0Pbd5V,181.000,UfIL2xPYUWA3pa2i,,,,,,
8,151,2026-04-05T09:35:43.406Z,111.000,7,3.000,jwNdRfwvt/DA6PNq,11.000,3ro8QLJh0yyykLyV,19.000,nbm0/St8w4GUlGA4,24.000,Jg+7wzPVXO3fl6hF,48.000,WYac+BcEaEqjcD+O,79.000,0vdW+g6toC/h3nqI,110.000,Cr1IDgtoIwjHadzo,,,,,,
8,152,2026-04-05T09:35:43.517Z,116.000,7,25.000,uHgM+VdJzX93m/5O,70.000,h4OQZ7bMhp0Pbd5V,89.000,UfIL2xPYUWA3pa2i,93.000,jwNdRfwvt/DA6PNq,101.000,3ro8QLJh0yyykLyV,110.000,nbm0/St8w4GUlGA4,116.000,Jg+7wzPVXO3fl6hF,,,,,,
8,153,2026-04-05T09:35:43.633Z,178.000,7,23.000,WYac+BcEaEqjcD+O,54.000,0vdW+g6toC/h3nqI,83.000,Cr1IDgtoIwjHadzo,111.000,uHgM+VdJzX93m/5O,153.000,h4OQZ7bMhp0Pbd5V,174.000,UfIL2xPYUWA3pa2i,178.000,jwNdRfwvt/DA6PNq,,,,,,
8,154,2026-04-05T09:35:43.811Z,133.000,7,18.000,nbm0/St8w4GUlGA4,23.000,3ro8QLJh0yyykLyV,24.000,Jg+7wzPVXO3fl6hF,46.000,WYac+BcEaEqjcD+O,77.000,0vdW+g6toC/h3nqI,104.000,Cr1IDgtoIwjHadzo,133.000,uHgM+VdJzX93m/5O,,,,,,
8,155,2026-04-05T09:35:43.944Z,113.000,7,43.000,h4OQZ7bMhp0Pbd5V,66.000,UfIL2xPYUWA3pa2i,77.000,3ro8QLJh0yyykLyV,84.000,jwNdRfwvt/DA6PNq,87.000,nbm0/St8w4GUlGA4,92.000,Jg+7wzPVXO3fl6hF,113.000,WYac+BcEaEqjcD+O,,,,,,
8,156,2026-04-05T09:35:44.057Z,174.000,8,33.000,0vdW+g6toC/h3nqI,59.000,Cr1IDgtoIwjHadzo,89.000,uHgM+VdJzX93m/5O,131.000,h4OQZ7bMhp0Pbd5V,154.000,UfIL2xPYUWA3pa2i,160.000,jwNdRfwvt/DA6PNq,174.000,3ro8QLJh0yyykLyV,175.000,nbm0/St8w4GUlGA4,,,,
8,157,2026-04-05T09:35:44.231Z,184.000,8,6.000,Jg+7wzPVXO3fl6hF,28.000,WYac+BcEaEqjcD+O,60.000,0vdW+g6toC/h3nqI,88.000,Cr1IDgtoIwjHadzo,118.000,uHgM+VdJzX93m/5O,159.000,h4OQZ7bMhp0Pbd5V,184.000,UfIL2xPYUWA3pa2i,185.000,jwNdRfwvt/DA6PNq,,,,
8,158,2026-04-05T09:35:44.415Z,135.000,7,19.000,nbm0/St8w4GUlGA4,22.000,3ro8QLJh0yyykLyV,26.000,Jg+7wzPVXO3fl6hF,44.000,WYac+BcEaEqjcD+O,77.000,0vdW+g6toC/h3nqI,104.000,Cr1IDgtoIwjHadzo,135.000,uHgM+VdJzX93m/5O,,,,,,
8,159,2026-04-05T09:35:44.550Z,115.000,7,42.000,h4OQZ7bMhp0Pbd5V,67.000,UfIL2xPYUWA3pa2i,77.000,3ro8QLJh0yyykLyV,78.000,jwNdRfwvt/DA6PNq,84.000,nbm0/St8w4GUlGA4,90.000,Jg+7wzPVXO3fl6hF,115.000,WYac+BcEaEqjcD+O,,,,,,
8,160,2026-04-05T09:35:44.665Z,165.000,7,27.000,0vdW+g6toC/h3nqI,54.000,Cr1IDgtoIwjHadzo,113.000,uHgM+VdJzX93m/5O,127.000,h4OQZ7bMhp0Pbd5V,151.000,jwNdRfwvt/DA6PNq,155.000,UfIL2xPYUWA3pa2i,164.000,3ro8QLJh0yyykLyV,,,,,,
8,161,2026-04-05T09:35:44.830Z,164.000,7,7.000,nbm0/St8w4GUlGA4,12.000,Jg+7wzPVXO3fl6hF,32.000,WYac+BcEaEqjcD+O,66.000,0vdW+g6toC/h3nqI,91.000,Cr1IDgtoIwjHadzo,122.000,uHgM+VdJzX93m/5O,164.000,h4OQZ7bMhp0Pbd5V,,,,,,
8,162,2026-04-05T09:35:44.994Z,140.000,8,28.000,UfIL2xPYUWA3pa2i,30.000,jwNdRfwvt/DA6PNq,37.000,3ro8QLJh0yyykLyV,52.000,Jg+7wzPVXO3fl6hF,69.000,WYac+BcEaEqjcD+O,101.000,0vdW+g6toC/h3nqI,139.000,nbm0/St8w4GUlGA4,167.000,Cr1IDgtoIwjHadzo,,,,
8,163,2026-04-05T09:35:45.134Z,131.000,7,22.000,uHgM+VdJzX93m/5O,62.000,h4OQZ7bMhp0Pbd5V,84.000,UfIL2xPYUWA3pa2i,86.000,jwNdRfwvt/DA6PNq,105.000,3ro8QLJh0yyykLyV,113.000,Jg+7wzPVXO3fl6hF,131.000,WYac+BcEaEqjcD+O,,,,,,
8,164,2026-04-05T09:35:45.265Z,158.000,7,31.000,0vdW+g6toC/h3nqI,60.000,Cr1IDgtoIwjHadzo,89.000,nbm0/St8w4GUlGA4,90.000,uHgM+VdJzX93m/5O,133.000,h4OQZ7bMhp0Pbd5V,156.000,jwNdRfwvt/DA6PNq,158.000,UfIL2xPYUWA3pa2i,,,,,,
8,165,2026-04-05T09:35:45.423Z,131.000,7,9.000,3ro8QLJh0yyykLyV,25.000,Jg+7wzPVXO3fl6hF,46.000,WYac+BcEaEqjcD+O,73.000,0vdW+g6toC/h3nqI,105.000,nbm0/St8w4GUlGA4,126.000,Cr1IDgtoIwjHadzo,131.000,uHgM+VdJzX93m/5O,,,,,,
8,166,2026-04-05T09:35:45.554Z,174.000,9,44.000,h4OQZ7bMhp0Pbd5V,70.000,UfIL2xPYUWA3pa2i,80.000,3ro8QLJh0yyykLyV,100.000,Jg+7wzPVXO3fl6hF,114.000,WYac+BcEaEqjcD+O,144.000,0vdW+g6toC/h3nqI,174.000,nbm0/St8w4GUlGA4,177.000,Cr1IDgtoIwjHadzo,227.000,jwNdRfwvt/DA6PNq,,
8,167,2026-04-05T09:35:45.728Z,158.000,8,32.000,uHgM+VdJzX93m/5O,72.000,h4OQZ7bMhp0Pbd5V,93.000,UfIL2xPYUWA3pa2i,98.000,jwNdRfwvt/DA6PNq,155.000,Jg+7wzPVXO3fl6hF,157.000,3ro8QLJh0yyykLyV,158.000,WYac+BcEaEqjcD+O,226.000,0vdW+g6toC/h3nqI,,,,
8,168,2026-04-05T09:35:45.886Z,150.000,7,69.000,nbm0/St8w4GUlGA4,71.000,Cr1IDgtoIwjHadzo,74.000,uHgM+VdJzX93m/5O,116.000,h4OQZ7bMhp0Pbd5V,137.000,UfIL2xPYUWA3pa2i,140.000,jwNdRfwvt/DA6PNq,150.000,3ro8QLJh0yyykLyV,,,,,,
8,169,2026-04-05T09:35:46.036Z,167.000,7,18.000,Jg+7wzPVXO3fl6hF,36.000,WYac+BcEaEqjcD+O,65.000,0vdW+g6toC/h3nqI,95.000,nbm0/St8w4GUlGA4,105.000,Cr1IDgtoIwjHadzo,123.000,uHgM+VdJzX93m/5O,167.000,h4OQZ7bMhp0Pbd5V,,,,,,
8,170,2026-04-05T09:35:46.203Z,132.000,8,23.000,jwNdRfwvt/DA6PNq,26.000,UfIL2xPYUWA3pa2i,34.000,3ro8QLJh0yyykLyV,51.000,Jg+7wzPVXO3fl6hF,70.000,WYac+BcEaEqjcD+O,100.000,0vdW+g6toC/h3nqI,132.000,nbm0/St8w4GUlGA4,147.000,Cr1IDgtoIwjHadzo,,,,
8,171,2026-04-05T09:35:46.335Z,142.000,7,26.000,uHgM+VdJzX93m/5O,69.000,h4OQZ7bMhp0Pbd5V,90.000,UfIL2xPYUWA3pa2i,103.000,3ro8QLJh0yyykLyV,121.000,Jg+7wzPVXO3fl6hF,138.000,WYac+BcEaEqjcD+O,141.000,jwNdRfwvt/DA6PNq,,,,,,
8,172,2026-04-05T09:35:46.477Z,163.000,7,27.000,0vdW+g6toC/h3nqI,57.000,nbm0/St8w4GUlGA4,59.000,Cr1IDgtoIwjHadzo,84.000,uHgM+VdJzX93m/5O,128.000,h4OQZ7bMhp0Pbd5V,151.000,UfIL2xPYUWA3pa2i,163.000,3ro8QLJh0yyykLyV,,,,,,
8,173,2026-04-05T09:35:46.640Z,122.000,7,18.000,Jg+7wzPVXO3fl6hF,26.000,jwNdRfwvt/DA6PNq,35.000,WYac+BcEaEqjcD+O,94.000,nbm0/St8w4GUlGA4,100.000,0vdW+g6toC/h3nqI,103.000,Cr1IDgtoIwjHadzo,121.000,uHgM+VdJzX93m/5O,,,,,,
8,174,2026-04-05T09:35:46.762Z,146.000,9,63.000,h4OQZ7bMhp0Pbd5V,72.000,UfIL2xPYUWA3pa2i,80.000,3ro8QLJh0yyykLyV,97.000,Jg+7wzPVXO3fl6hF,122.000,WYac+BcEaEqjcD+O,145.000,0vdW+g6toC/h3nqI,146.000,jwNdRfwvt/DA6PNq,190.000,nbm0/St8w4GUlGA4,229.000,Cr1IDgtoIwjHadzo,,
8,175,2026-04-05T09:35:46.908Z,197.000,8,55.000,uHgM+VdJzX93m/5O,122.000,UfIL2xPYUWA3pa2i,122.000,h4OQZ7bMhp0Pbd5V,132.000,3ro8QLJh0yyykLyV,152.000,Jg+7wzPVXO3fl6hF,168.000,WYac+BcEaEqjcD+O,197.000,jwNdRfwvt/DA6PNq,198.000,0vdW+g6toC/h3nqI,,,,
8,176,2026-04-05T09:35:47.105Z,158.000,7,32.000,nbm0/St8w4GUlGA4,34.000,Cr1IDgtoIwjHadzo,60.000,uHgM+VdJzX93m/5O,123.000,h4OQZ7bMhp0Pbd5V,127.000,UfIL2xPYUWA3pa2i,135.000,3ro8QLJh0yyykLyV,158.000,Jg+7wzPVXO3fl6hF,,,,,,
8,177,2026-04-05T09:35:47.263Z,167.000,8,15.000,WYac+BcEaEqjcD+O,42.000,jwNdRfwvt/DA6PNq,44.000,0vdW+g6toC/h3nqI,75.000,nbm0/St8w4GUlGA4,78.000,Cr1IDgtoIwjHadzo,101.000,uHgM+VdJzX93m/5O,167.000,h4OQZ7bMhp0Pbd5V,170.000,UfIL2xPYUWA3pa2i,,,,
8,178,2026-04-05T09:35:47.430Z,110.000,7,13.000,3ro8QLJh0yyykLyV,35.000,Jg+7wzPVXO3fl6hF,51.000,WYac+BcEaEqjcD+O,78.000,jwNdRfwvt/DA6PNq,79.000,0vdW+g6toC/h3nqI,108.000,nbm0/St8w4GUlGA4,110.000,Cr1IDgtoIwjHadzo,,,,,,
8,179,2026-04-05T09:35:47.540Z,168.000,8,26.000,uHgM+VdJzX93m/5O,91.000,h4OQZ7bMhp0Pbd5V,93.000,UfIL2xPYUWA3pa2i,104.000,3ro8QLJh0yyykLyV,123.000,Jg+7wzPVXO3fl6hF,140.000,WYac+BcEaEqjcD+O,168.000,0vdW+g6toC/h3nqI,171.000,jwNdRfwvt/DA6PNq,,,,
8,180,2026-04-05T09:35:47.708Z,156.000,7,33.000,nbm0/St8w4GUlGA4,35.000,Cr1IDgtoIwjHadzo,60.000,uHgM+VdJzX93m/5O,125.000,h4OQZ7bMhp0Pbd5V,130.000,UfIL2xPYUWA3pa2i,137.000,3ro8QLJh0yyykLyV,156.000,Jg+7wzPVXO3fl6hF,,,,,,
8,181,2026-04-05T09:35:47.864Z,170.000,8,18.000,WYac+BcEaEqjcD+O,46.000,jwNdRfwvt/DA6PNq,47.000,0vdW+g6toC/h3nqI,78.000,nbm0/St8w4GUlGA4,79.000,Cr1IDgtoIwjHadzo,106.000,uHgM+VdJzX93m/5O,170.000,h4OQZ7bMhp0Pbd5V,171.000,UfIL2xPYUWA3pa2i,,,,
8,182,2026-04-05T09:35:48.034Z,110.000,7,12.000,3ro8QLJh0yyykLyV,34.000,Jg+7wzPVXO3fl6hF,49.000,WYac+BcEaEqjcD+O,77.000,jwNdRfwvt/DA6PNq,78.000,0vdW+g6toC/h3nqI,108.000,nbm0/St8w4GUlGA4,110.000,Cr1IDgtoIwjHadzo,,,,,,
8,183,2026-04-05T09:35:48.144Z,170.000,8,28.000,uHgM+VdJzX93m/5O,91.000,h4OQZ7bMhp0Pbd5V,95.000,UfIL2xPYUWA3pa2i,103.000,3ro8QLJh0yyykLyV,123.000,Jg+7wzPVXO3fl6hF,141.000,WYac+BcEaEqjcD+O,170.000,jwNdRfwvt/DA6PNq,171.000,0vdW+g6toC/h3nqI,,,,
8,184,2026-04-05T09:35:48.314Z,156.000,7,31.000,nbm0/St8w4GUlGA4,36.000,Cr1IDgtoIwjHadzo,58.000,uHgM+VdJzX93m/5O,121.000,h4OQZ7bMhp0Pbd5V,129.000,UfIL2xPYUWA3pa2i,135.000,3ro8QLJh0yyykLyV,156.000,Jg+7wzPVXO3fl6hF,,,,,,
8,185,2026-04-05T09:35:48.470Z,169.000,8,15.000,WYac+BcEaEqjcD+O,45.000,0vdW+g6toC/h3nqI,45.000,jwNdRfwvt/DA6PNq,76.000,nbm0/St8w4GUlGA4,78.000,Cr1IDgtoIwjHadzo,104.000,uHgM+VdJzX93m/5O,169.000,h4OQZ7bMhp0Pbd5V,170.000,UfIL2xPYUWA3pa2i,,,,
8,186,2026-04-05T09:35:48.639Z,109.000,7,12.000,3ro8QLJh0yyykLyV,29.000,Jg+7wzPVXO3fl6hF,47.000,WYac+BcEaEqjcD+O,76.000,0vdW+g6toC/h3nqI,85.000,jwNdRfwvt/DA6PNq,106.000,nbm0/St8w4GUlGA4,109.000,Cr1IDgtoIwjHadzo,,,,,,
8,187,2026-04-05T09:35:48.748Z,179.000,8,92.000,UfIL2xPYUWA3pa2i,93.000,h4OQZ7bMhp0Pbd5V,97.000,uHgM+VdJzX93m/5O,104.000,3ro8QLJh0yyykLyV,130.000,Jg+7wzPVXO3fl6hF,140.000,WYac+BcEaEqjcD+O,179.000,jwNdRfwvt/DA6PNq,197.000,0vdW+g6toC/h3nqI,,,,
8,188,2026-04-05T09:35:48.927Z,144.000,7,22.000,nbm0/St8w4GUlGA4,24.000,Cr1IDgtoIwjHadzo,73.000,uHgM+VdJzX93m/5O,113.000,h4OQZ7bMhp0Pbd5V,116.000,UfIL2xPYUWA3pa2i,138.000,3ro8QLJh0yyykLyV,144.000,Jg+7wzPVXO3fl6hF,,,,,,
8,189,2026-04-05T09:35:49.071Z,171.000,8,19.000,WYac+BcEaEqjcD+O,59.000,0vdW+g6toC/h3nqI,64.000,jwNdRfwvt/DA6PNq,78.000,Cr1IDgtoIwjHadzo,79.000,nbm0/St8w4GUlGA4,107.000,uHgM+VdJzX93m/5O,170.000,h4OQZ7bMhp0Pbd5V,173.000,UfIL2xPYUWA3pa2i,,,,
8,190,2026-04-05T09:35:49.242Z,110.000,7,16.000,3ro8QLJh0yyykLyV,31.000,Jg+7wzPVXO3fl6hF,47.000,WYac+BcEaEqjcD+O,75.000,0vdW+g6toC/h3nqI,88.000,jwNdRfwvt/DA6PNq,109.000,Cr1IDgtoIwjHadzo,110.000,nbm0/St8w4GUlGA4,,,,,,
8,191,2026-04-05T09:35:49.352Z,168.000,8,27.000,uHgM+VdJzX93m/5O,91.000,h4OQZ7bMhp0Pbd5V,92.000,UfIL2xPYUWA3pa2i,106.000,3ro8QLJh0yyykLyV,122.000,Jg+7wzPVXO3fl6hF,140.000,WYac+BcEaEqjcD+O,168.000,0vdW+g6toC/h3nqI,224.000,jwNdRfwvt/DA6PNq,,,,
8,192,2026-04-05T09:35:49.520Z,155.000,7,30.000,Cr1IDgtoIwjHadzo,31.000,nbm0/St8w4GUlGA4,61.000,uHgM+VdJzX93m/5O,124.000,h4OQZ7bMhp0Pbd5V,126.000,UfIL2xPYUWA3pa2i,142.000,3ro8QLJh0yyykLyV,155.000,Jg+7wzPVXO3fl6hF,,,,,,
8,193,2026-04-05T09:35:49.675Z,170.000,8,19.000,WYac+BcEaEqjcD+O,47.000,0vdW+g6toC/h3nqI,60.000,jwNdRfwvt/DA6PNq,77.000,nbm0/St8w4GUlGA4,107.000,uHgM+VdJzX93m/5O,154.000,Cr1IDgtoIwjHadzo,169.000,h4OQZ7bMhp0Pbd5V,172.000,UfIL2xPYUWA3pa2i,,,,
8,194,2026-04-05T09:35:49.845Z,111.000,7,19.000,3ro8QLJh0yyykLyV,36.000,Jg+7wzPVXO3fl6hF,49.000,WYac+BcEaEqjcD+O,77.000,0vdW+g6toC/h3nqI,85.000,jwNdRfwvt/DA6PNq,109.000,nbm0/St8w4GUlGA4,111.000,Cr1IDgtoIwjHadzo,,,,,,
8,195,2026-04-05T09:35:49.956Z,167.000,7,28.000,uHgM+VdJzX93m/5O,89.000,h4OQZ7bMhp0Pbd5V,92.000,UfIL2xPYUWA3pa2i,110.000,3ro8QLJh0yyykLyV,123.000,Jg+7wzPVXO3fl6hF,140.000,WYac+BcEaEqjcD+O,167.000,0vdW+g6toC/h3nqI,,,,,,
8,196,2026-04-05T09:35:50.123Z,143.000,7,6.000,jwNdRfwvt/DA6PNq,33.000,Cr1IDgtoIwjHadzo,34.000,nbm0/St8w4GUlGA4,61.000,uHgM+VdJzX93m/5O,123.000,h4OQZ7bMhp0Pbd5V,126.000,UfIL2xPYUWA3pa2i,143.000,3ro8QLJh0yyykLyV,,,,,,
8,197,2026-04-05T09:35:50.266Z,120.000,7,13.000,Jg+7wzPVXO3fl6hF,29.000,WYac+BcEaEqjcD+O,64.000,0vdW+g6toC/h3nqI,65.000,jwNdRfwvt/DA6PNq,91.000,nbm0/St8w4GUlGA4,92.000,Cr1IDgtoIwjHadzo,120.000,uHgM+VdJzX93m/5O,,,,,,
8,198,2026-04-05T09:35:50.386Z,146.000,7,61.000,h4OQZ7bMhp0Pbd5V,65.000,UfIL2xPYUWA3pa2i,83.000,3ro8QLJh0yyykLyV,94.000,Jg+7wzPVXO3fl6hF,112.000,WYac+BcEaEqjcD+O,140.000,0vdW+g6toC/h3nqI,146.000,jwNdRfwvt/DA6PNq,,,,,,
8,199,2026-04-05T09:35:50.532Z,150.000,7,28.000,Cr1IDgtoIwjHadzo,30.000,nbm0/St8w4GUlGA4,55.000,uHgM+VdJzX93m/5O,117.000,h4OQZ7bMhp0Pbd5V,119.000,UfIL2xPYUWA3pa2i,136.000,3ro8QLJh0yyykLyV,150.000,Jg+7wzPVXO3fl6hF,,,,,,
8,200,2026-04-05T09:35:50.682Z,168.000,8,20.000,WYac+BcEaEqjcD+O,44.000,0vdW+g6toC/h3nqI,50.000,jwNdRfwvt/DA6PNq,76.000,nbm0/St8w4GUlGA4,77.000,Cr1IDgtoIwjHadzo,107.000,uHgM+VdJzX93m/5O,168.000,h4OQZ7bMhp0Pbd5V,170.000,UfIL2xPYUWA3pa2i,,,,
8,201,2026-04-05T09:35:50.850Z,119.000,7,20.000,3ro8QLJh0yyykLyV,33.000,Jg+7wzPVXO3fl6hF,51.000,WYac+BcEaEqjcD+O,77.000,0vdW+g6toC/h3nqI,84.000,jwNdRfwvt/DA6PNq,109.000,Cr1IDgtoIwjHadzo,119.000,nbm0/St8w4GUlGA4,,,,,,
8,202,2026-04-05T09:35:50.969Z,159.000,7,20.000,uHgM+VdJzX93m/5O,82.000,h4OQZ7bMhp0Pbd5V,85.000,UfIL2xPYUWA3pa2i,101.000,3ro8QLJh0yyykLyV,114.000,Jg+7wzPVXO3fl6hF,134.000,WYac+BcEaEqjcD+O,159.000,0vdW+g6toC/h3nqI,,,,,,
8,203,2026-04-05T09:35:51.128Z,143.000,7,6.000,jwNdRfwvt/DA6PNq,30.000,Cr1IDgtoIwjHadzo,41.000,nbm0/St8w4GUlGA4,62.000,uHgM+VdJzX93m/5O,126.000,h4OQZ7bMhp0Pbd5V,129.000,UfIL2xPYUWA3pa2i,143.000,3ro8QLJh0yyykLyV,,,,,,
8,204,2026-04-05T09:35:51.271Z,121.000,7,14.000,Jg+7wzPVXO3fl6hF,32.000,WYac+BcEaEqjcD+O,58.000,0vdW+g6toC/h3nqI,64.000,jwNdRfwvt/DA6PNq,90.000,Cr1IDgtoIwjHadzo,99.000,nbm0/St8w4GUlGA4,121.000,uHgM+VdJzX93m/5O,,,,,,
8,205,2026-04-05T09:35:51.392Z,144.000,7,61.000,h4OQZ7bMhp0Pbd5V,63.000,UfIL2xPYUWA3pa2i,92.000,3ro8QLJh0yyykLyV,95.000,Jg+7wzPVXO3fl6hF,115.000,WYac+BcEaEqjcD+O,140.000,0vdW+g6toC/h3nqI,144.000,jwNdRfwvt/DA6PNq,,,,,,
8,206,2026-04-05T09:35:51.536Z,151.000,7,27.000,Cr1IDgtoIwjHadzo,35.000,nbm0/St8w4GUlGA4,58.000,uHgM+VdJzX93m/5O,118.000,h4OQZ7bMhp0Pbd5V,121.000,UfIL2xPYUWA3pa2i,150.000,3ro8QLJh0yyykLyV,151.000,Jg+7wzPVXO3fl6hF,,,,,,
8,207,2026-04-05T09:35:51.687Z,169.000,8,20.000,WYac+BcEaEqjcD+O,46.000,0vdW+g6toC/h3nqI,50.000,jwNdRfwvt/DA6PNq,76.000,Cr1IDgtoIwjHadzo,85.000,nbm0/St8w4GUlGA4,108.000,uHgM+VdJzX93m/5O,169.000,h4OQZ7bMhp0Pbd5V,172.000,UfIL2xPYUWA3pa2i,,,,
8,208,2026-04-05T09:35:51.856Z,117.000,7,20.000,3ro8QLJh0yyykLyV,32.000,Jg+7wzPVXO3fl6hF,54.000,WYac+BcEaEqjcD+O,79.000,0vdW+g6toC/h3nqI,83.000,jwNdRfwvt/DA6PNq,110.000,Cr1IDgtoIwjHadzo,117.000,nbm0/St8w4GUlGA4,,,,,,
8,209,2026-04-05T09:35:51.973Z,162.000,7,24.000,uHgM+VdJzX93m/5O,86.000,h4OQZ7bMhp0Pbd5V,89.000,UfIL2xPYUWA3pa2i,105.000,3ro8QLJh0yyykLyV,117.000,Jg+7wzPVXO3fl6hF,138.000,WYac+BcEaEqjcD+O,162.000,0vdW+g6toC/h3nqI,,,,,,
8,210,2026-04-05T09:35:52.135Z,143.000,7,6.000,jwNdRfwvt/DA6PNq,31.000,Cr1IDgtoIwjHadzo,40.000,nbm0/St8w4GUlGA4,63.000,uHgM+VdJzX93m/5O,126.000,UfIL2xPYUWA3pa2i,126.000,h4OQZ7bMhp0Pbd5V,143.000,3ro8QLJh0yyykLyV,,,,,,
8,211,2026-04-05T09:35:52.278Z,121.000,7,14.000,Jg+7wzPVXO3fl6hF,34.000,WYac+BcEaEqjcD+O,59.000,0vdW+g6toC/h3nqI,93.000,Cr1IDgtoIwjHadzo,97.000,nbm0/St8w4GUlGA4,102.000,jwNdRfwvt/DA6PNq,121.000,uHgM+VdJzX93m/5O,,,,,,
8,212,2026-04-05T09:35:52.399Z,144.000,7,61.000,h4OQZ7bMhp0Pbd5V,64.000,UfIL2xPYUWA3pa2i,84.000,3ro8QLJh0yyykLyV,95.000,Jg+7wzPVXO3fl6hF,115.000,WYac+BcEaEqjcD+O,139.000,0vdW+g6toC/h3nqI,143.000,jwNdRfwvt/DA6PNq,,,,,,
8,213,2026-04-05T09:35:52.543Z,163.000,7,26.000,Cr1IDgtoIwjHadzo,34.000,nbm0/St8w4GUlGA4,58.000,uHgM+VdJzX93m/5O,119.000,h4OQZ7bMhp0Pbd5V,121.000,UfIL2xPYUWA3pa2i,141.000,3ro8QLJh0yyykLyV,163.000,Jg+7wzPVXO3fl6hF,,,,,,
8,214,2026-04-05T09:35:52.706Z,160.000,8,9.000,WYac+BcEaEqjcD+O,35.000,0vdW+g6toC/h3nqI,39.000,jwNdRfwvt/DA6PNq,65.000,Cr1IDgtoIwjHadzo,74.000,nbm0/St8w4GUlGA4,97.000,uHgM+VdJzX93m/5O,159.000,h4OQZ7bMhp0Pbd5V,160.000,UfIL2xPYUWA3pa2i,,,,
8,215,2026-04-05T09:35:52.866Z,119.000,7,16.000,3ro8QLJh0yyykLyV,39.000,Jg+7wzPVXO3fl6hF,49.000,WYac+BcEaEqjcD+O,74.000,0vdW+g6toC/h3nqI,81.000,jwNdRfwvt/DA6PNq,106.000,Cr1IDgtoIwjHadzo,118.000,nbm0/St8w4GUlGA4,,,,,,
8,216,2026-04-05T09:35:52.985Z,163.000,8,18.000,uHgM+VdJzX93m/5O,81.000,h4OQZ7bMhp0Pbd5V,83.000,UfIL2xPYUWA3pa2i,102.000,3ro8QLJh0yyykLyV,120.000,Jg+7wzPVXO3fl6hF,137.000,WYac+BcEaEqjcD+O,163.000,jwNdRfwvt/DA6PNq,246.000,0vdW+g6toC/h3nqI,,,,
8,217,2026-04-05T09:35:53.148Z,159.000,7,24.000,Cr1IDgtoIwjHadzo,34.000,nbm0/St8w4GUlGA4,55.000,uHgM+VdJzX93m/5O,117.000,h4OQZ7bMhp0Pbd5V,119.000,UfIL2xPYUWA3pa2i,138.000,3ro8QLJh0yyykLyV,159.000,Jg+7wzPVXO3fl6hF,,,,,,
8,218,2026-04-05T09:35:53.307Z,162.000,8,12.000,WYac+BcEaEqjcD+O,40.000,jwNdRfwvt/DA6PNq,69.000,Cr1IDgtoIwjHadzo,75.000,nbm0/St8w4GUlGA4,98.000,uHgM+VdJzX93m/5O,115.000,0vdW+g6toC/h3nqI,161.000,UfIL2xPYUWA3pa2i,168.000,h4OQZ7bMhp0Pbd5V,,,,
8,219,2026-04-05T09:35:53.469Z,139.000,7,16.000,3ro8QLJh0yyykLyV,42.000,Jg+7wzPVXO3fl6hF,48.000,WYac+BcEaEqjcD+O,82.000,jwNdRfwvt/DA6PNq,114.000,nbm0/St8w4GUlGA4,117.000,Cr1IDgtoIwjHadzo,139.000,uHgM+VdJzX93m/5O,,,,,,
8,220,2026-04-05T09:35:53.608Z,143.000,7,17.000,0vdW+g6toC/h3nqI,60.000,h4OQZ7bMhp0Pbd5V,63.000,UfIL2xPYUWA3pa2i,79.000,3ro8QLJh0yyykLyV,103.000,Jg+7wzPVXO3fl6hF,113.000,WYac+BcEaEqjcD+O,143.000,jwNdRfwvt/DA6PNq,,,,,,
8,221,2026-04-05T09:35:53.751Z,137.000,7,25.000,Cr1IDgtoIwjHadzo,34.000,nbm0/St8w4GUlGA4,59.000,uHgM+VdJzX93m/5O,73.000,0vdW+g6toC/h3nqI,118.000,h4OQZ7bMhp0Pbd5V,121.000,UfIL2xPYUWA3pa2i,137.000,3ro8QLJh0yyykLyV,,,,,,
8,222,2026-04-05T09:35:53.888Z,140.000,7,26.000,Jg+7wzPVXO3fl6hF,34.000,WYac+BcEaEqjcD+O,64.000,jwNdRfwvt/DA6PNq,88.000,Cr1IDgtoIwjHadzo,97.000,nbm0/St8w4GUlGA4,120.000,uHgM+VdJzX93m/5O,139.000,0vdW+g6toC/h3nqI,,,,,,
8,223,2026-04-05T09:35:54.028Z,152.000,7,42.000,UfIL2xPYUWA3pa2i,42.000,h4OQZ7bMhp0Pbd5V,60.000,3ro8QLJh0yyykLyV,85.000,Jg+7wzPVXO3fl6hF,99.000,WYac+BcEaEqjcD+O,125.000,jwNdRfwvt/DA6PNq,151.000,Cr1IDgtoIwjHadzo,,,,,,
8,224,2026-04-05T09:35:54.180Z,135.000,7,6.000,nbm0/St8w4GUlGA4,31.000,uHgM+VdJzX93m/5O,47.000,0vdW+g6toC/h3nqI,91.000,h4OQZ7bMhp0Pbd5V,93.000,UfIL2xPYUWA3pa2i,110.000,3ro8QLJh0yyykLyV,134.000,Jg+7wzPVXO3fl6hF,,,,,,
8,225,2026-04-05T09:35:54.315Z,162.000,8,9.000,WYac+BcEaEqjcD+O,42.000,jwNdRfwvt/DA6PNq,65.000,Cr1IDgtoIwjHadzo,73.000,nbm0/St8w4GUlGA4,99.000,uHgM+VdJzX93m/5O,121.000,0vdW+g6toC/h3nqI,161.000,UfIL2xPYUWA3pa2i,162.000,h4OQZ7bMhp0Pbd5V,,,,
8,226,2026-04-05T09:35:54.477Z,154.000,8,14.000,3ro8QLJh0yyykLyV,39.000,Jg+7wzPVXO3fl6hF,47.000,WYac+BcEaEqjcD+O,118.000,jwNdRfwvt/DA6PNq,120.000,nbm0/St8w4GUlGA4,137.000,uHgM+VdJzX93m/5O,154.000,0vdW+g6toC/h3nqI,164.000,Cr1IDgtoIwjHadzo,,,,
8,227,2026-04-05T09:35:54.631Z,148.000,7,43.000,h4OQZ7bMhp0Pbd5V,45.000,UfIL2xPYUWA3pa2i,60.000,3ro8QLJh0yyykLyV,88.000,Jg+7wzPVXO3fl6hF,95.000,WYac+BcEaEqjcD+O,139.000,jwNdRfwvt/DA6PNq,148.000,Cr1IDgtoIwjHadzo,,,,,,
8,228,2026-04-05T09:35:54.779Z,139.000,7,11.000,nbm0/St8w4GUlGA4,51.000,0vdW+g6toC/h3nqI,65.000,uHgM+VdJzX93m/5O,95.000,h4OQZ7bMhp0Pbd5V,97.000,UfIL2xPYUWA3pa2i,113.000,3ro8QLJh0yyykLyV,139.000,Jg+7wzPVXO3fl6hF,,,,,,
8,229,2026-04-05T09:35:54.918Z,158.000,8,9.000,WYac+BcEaEqjcD+O,54.000,jwNdRfwvt/DA6PNq,65.000,Cr1IDgtoIwjHadzo,73.000,nbm0/St8w4GUlGA4,97.000,uHgM+VdJzX93m/5O,112.000,0vdW+g6toC/h3nqI,158.000,h4OQZ7bMhp0Pbd5V,159.000,UfIL2xPYUWA3pa2i,,,,
8,230,2026-04-05T09:35:55.076Z,142.000,7,18.000,3ro8QLJh0yyykLyV,44.000,Jg+7wzPVXO3fl6hF,59.000,WYac+BcEaEqjcD+O,97.000,jwNdRfwvt/DA6PNq,109.000,Cr1IDgtoIwjHadzo,116.000,nbm0/St8w4GUlGA4,142.000,uHgM+VdJzX93m/5O,,,,,,
8,231,2026-04-05T09:35:55.218Z,157.000,8,15.000,0vdW+g6toC/h3nqI,60.000,h4OQZ7bMhp0Pbd5V,65.000,UfIL2xPYUWA3pa2i,78.000,3ro8QLJh0yyykLyV,103.000,Jg+7wzPVXO3fl6hF,112.000,WYac+BcEaEqjcD+O,157.000,jwNdRfwvt/DA6PNq,212.000,uHgM+VdJzX93m/5O,,,,
8,232,2026-04-05T09:35:55.375Z,148.000,7,10.000,Cr1IDgtoIwjHadzo,18.000,nbm0/St8w4GUlGA4,59.000,0vdW+g6toC/h3nqI,103.000,h4OQZ7bMhp0Pbd5V,115.000,UfIL2xPYUWA3pa2i,123.000,3ro8QLJh0yyykLyV,147.000,Jg+7wzPVXO3fl6hF,,,,,,
8,233,2026-04-05T09:35:55.523Z,156.000,8,8.000,WYac+BcEaEqjcD+O,52.000,jwNdRfwvt/DA6PNq,63.000,Cr1IDgtoIwjHadzo,71.000,nbm0/St8w4GUlGA4,106.000,uHgM+VdJzX93m/5O,113.000,0vdW+g6toC/h3nqI,155.000,h4OQZ7bMhp0Pbd5V,167.000,UfIL2xPYUWA3pa2i,,,,
8,234,2026-04-05T09:35:55.679Z,152.000,7,19.000,3ro8QLJh0yyykLyV,47.000,Jg+7wzPVXO3fl6hF,54.000,WYac+BcEaEqjcD+O,98.000,jwNdRfwvt/DA6PNq,110.000,Cr1IDgtoIwjHadzo,116.000,nbm0/St8w4GUlGA4,152.000,uHgM+VdJzX93m/5O,,,,,,
8,235,2026-04-05T09:35:55.831Z,147.000,7,5.000,0vdW+g6toC/h3nqI,48.000,h4OQZ7bMhp0Pbd5V,52.000,UfIL2xPYUWA3pa2i,68.000,3ro8QLJh0yyykLyV,94.000,Jg+7wzPVXO3fl6hF,103.000,WYac+BcEaEqjcD+O,147.000,jwNdRfwvt/DA6PNq,,,,,,
8,236,2026-04-05T09:35:55.978Z,123.000,7,12.000,Cr1IDgtoIwjHadzo,17.000,nbm0/St8w4GUlGA4,54.000,uHgM+VdJzX93m/5O,60.000,0vdW+g6toC/h3nqI,105.000,UfIL2xPYUWA3pa2i,109.000,h4OQZ7bMhp0Pbd5V,122.000,3ro8QLJh0yyykLyV,,,,,,
8,237,2026-04-05T09:35:56.101Z,138.000,7,26.000,Jg+7wzPVXO3fl6hF,34.000,WYac+BcEaEqjcD+O,89.000,jwNdRfwvt/DA6PNq,90.000,Cr1IDgtoIwjHadzo,97.000,nbm0/St8w4GUlGA4,133.000,uHgM+VdJzX93m/5O,138.000,0vdW+g6toC/h3nqI,,,,,,
8,238,2026-04-05T09:35:56.239Z,153.000,7,44.000,UfIL2xPYUWA3pa2i,45.000,h4OQZ7bMhp0Pbd5V,63.000,3ro8QLJh0yyykLyV,95.000,Jg+7wzPVXO3fl6hF,98.000,WYac+BcEaEqjcD+O,143.000,jwNdRfwvt/DA6PNq,152.000,Cr1IDgtoIwjHadzo,,,,,,
8,239,2026-04-05T09:35:56.392Z,145.000,8,5.000,nbm0/St8w4GUlGA4,43.000,uHgM+VdJzX93m/5O,48.000,0vdW+g6toC/h3nqI,92.000,UfIL2xPYUWA3pa2i,93.000,h4OQZ7bMhp0Pbd5V,111.000,3ro8QLJh0yyykLyV,145.000,Jg+7wzPVXO3fl6hF,146.000,WYac+BcEaEqjcD+O,,,,
8,240,2026-04-05T09:35:56.537Z,150.000,7,46.000,jwNdRfwvt/DA6PNq,56.000,Cr1IDgtoIwjHadzo,63.000,nbm0/St8w4GUlGA4,98.000,uHgM+VdJzX93m/5O,105.000,0vdW+g6toC/h3nqI,148.000,h4OQZ7bMhp0Pbd5V,150.000,UfIL2xPYUWA3pa2i,,,,,,
8,241,2026-04-05T09:35:56.687Z,150.000,7,17.000,3ro8QLJh0yyykLyV,52.000,Jg+7wzPVXO3fl6hF,54.000,WYac+BcEaEqjcD+O,97.000,jwNdRfwvt/DA6PNq,107.000,Cr1IDgtoIwjHadzo,115.000,nbm0/St8w4GUlGA4,150.000,uHgM+VdJzX93m/5O,,,,,,
8,242,2026-04-05T09:35:56.837Z,150.000,7,7.000,0vdW+g6toC/h3nqI,48.000,h4OQZ7bMhp0Pbd5V,54.000,UfIL2xPYUWA3pa2i,70.000,3ro8QLJh0yyykLyV,101.000,Jg+7wzPVXO3fl6hF,102.000,WYac+BcEaEqjcD+O,149.000,jwNdRfwvt/DA6PNq,,,,,,
8,243,2026-04-05T09:35:56.987Z,122.000,7,8.000,Cr1IDgtoIwjHadzo,17.000,nbm0/St8w4GUlGA4,50.000,uHgM+VdJzX93m/5O,59.000,0vdW+g6toC/h3nqI,101.000,UfIL2xPYUWA3pa2i,104.000,h4OQZ7bMhp0Pbd5V,122.000,3ro8QLJh0yyykLyV,,,,,,
8,244,2026-04-05T09:35:57.109Z,161.000,7,30.000,WYac+BcEaEqjcD+O,31.000,Jg+7wzPVXO3fl6hF,78.000,jwNdRfwvt/DA6PNq,88.000,Cr1IDgtoIwjHadzo,95.000,nbm0/St8w4GUlGA4,146.000,0vdW+g6toC/h3nqI,160.000,uHgM+VdJzX93m/5O,,,,,,
8,245,2026-04-05T09:35:57.270Z,129.000,7,20.000,UfIL2xPYUWA3pa2i,22.000,h4OQZ7bMhp0Pbd5V,40.000,3ro8QLJh0yyykLyV,71.000,Jg+7wzPVXO3fl6hF,73.000,WYac+BcEaEqjcD+O,118.000,jwNdRfwvt/DA6PNq,129.000,Cr1IDgtoIwjHadzo,,,,,,
8,246,2026-04-05T09:35:57.399Z,144.000,8,6.000,nbm0/St8w4GUlGA4,51.000,0vdW+g6toC/h3nqI,67.000,uHgM+VdJzX93m/5O,92.000,h4OQZ7bMhp0Pbd5V,94.000,UfIL2xPYUWA3pa2i,112.000,3ro8QLJh0yyykLyV,143.000,Jg+7wzPVXO3fl6hF,145.000,WYac+BcEaEqjcD+O,,,,
8,247,2026-04-05T09:35:57.543Z,150.000,7,47.000,jwNdRfwvt/DA6PNq,57.000,Cr1IDgtoIwjHadzo,64.000,nbm0/St8w4GUlGA4,107.000,0vdW+g6toC/h3nqI,124.000,uHgM+VdJzX93m/5O,149.000,UfIL2xPYUWA3pa2i,149.000,h4OQZ7bMhp0Pbd5V,,,,,,
8,248,2026-04-05T09:35:57.693Z,200.000,10,21.000,3ro8QLJh0yyykLyV,50.000,WYac+BcEaEqjcD+O,51.000,Jg+7wzPVXO3fl6hF,96.000,jwNdRfwvt/DA6PNq,109.000,Cr1IDgtoIwjHadzo,177.000,uHgM+VdJzX93m/5O,200.000,h4OQZ7bMhp0Pbd5V,202.000,UfIL2xPYUWA3pa2i,249.000,nbm0/St8w4GUlGA4,333.000,0vdW+g6toC/h3nqI
8,249,2026-04-05T09:35:57.893Z,179.000,7,24.000,3ro8QLJh0yyykLyV,77.000,WYac+BcEaEqjcD+O,89.000,Jg+7wzPVXO3fl6hF,106.000,jwNdRfwvt/DA6PNq,110.000,Cr1IDgtoIwjHadzo,117.000,nbm0/St8w4GUlGA4,178.000,uHgM+VdJzX93m/5O,,,,,,
8,250,2026-04-05T09:35:58.072Z,129.000,8,22.000,h4OQZ7bMhp0Pbd5V,24.000,UfIL2xPYUWA3pa2i,43.000,3ro8QLJh0yyykLyV,74.000,Jg+7wzPVXO3fl6hF,75.000,WYac+BcEaEqjcD+O,121.000,jwNdRfwvt/DA6PNq,129.000,0vdW+g6toC/h3nqI,133.000,Cr1IDgtoIwjHadzo,,,,
8,251,2026-04-05T09:35:58.201Z,148.000,7,15.000,nbm0/St8w4GUlGA4,70.000,uHgM+VdJzX93m/5O,93.000,h4OQZ7bMhp0Pbd5V,95.000,UfIL2xPYUWA3pa2i,115.000,3ro8QLJh0yyykLyV,146.000,WYac+BcEaEqjcD+O,147.000,Jg+7wzPVXO3fl6hF,,,,,,
8,252,2026-04-05T09:35:58.349Z,175.000,8,45.000,jwNdRfwvt/DA6PNq,52.000,0vdW+g6toC/h3nqI,57.000,Cr1IDgtoIwjHadzo,64.000,nbm0/St8w4GUlGA4,127.000,uHgM+VdJzX93m/5O,173.000,h4OQZ7bMhp0Pbd5V,175.000,UfIL2xPYUWA3pa2i,177.000,3ro8QLJh0yyykLyV,,,,
8,253,2026-04-05T09:35:58.524Z,150.000,7,24.000,WYac+BcEaEqjcD+O,25.000,Jg+7wzPVXO3fl6hF,70.000,jwNdRfwvt/DA6PNq,80.000,0vdW+g6toC/h3nqI,85.000,Cr1IDgtoIwjHadzo,90.000,nbm0/St8w4GUlGA4,150.000,uHgM+VdJzX93m/5O,,,,,,
8,254,2026-04-05T09:35:58.674Z,130.000,7,25.000,UfIL2xPYUWA3pa2i,25.000,h4OQZ7bMhp0Pbd5V,45.000,3ro8QLJh0yyykLyV,76.000,WYac+BcEaEqjcD+O,78.000,Jg+7wzPVXO3fl6hF,121.000,jwNdRfwvt/DA6PNq,130.000,0vdW+g6toC/h3nqI,,,,,,
8,255,2026-04-05T09:35:58.804Z,145.000,8,6.000,Cr1IDgtoIwjHadzo,10.000,nbm0/St8w4GUlGA4,70.000,uHgM+VdJzX93m/5O,93.000,h4OQZ7bMhp0Pbd5V,95.000,UfIL2xPYUWA3pa2i,114.000,3ro8QLJh0yyykLyV,145.000,WYac+BcEaEqjcD+O,146.000,Jg+7wzPVXO3fl6hF,,,,
8,256,2026-04-05T09:35:58.949Z,152.000,7,48.000,jwNdRfwvt/DA6PNq,56.000,0vdW+g6toC/h3nqI,61.000,Cr1IDgtoIwjHadzo,66.000,nbm0/St8w4GUlGA4,126.000,uHgM+VdJzX93m/5O,150.000,h4OQZ7bMhp0Pbd5V,152.000,UfIL2xPYUWA3pa2i,,,,,,
8,257,2026-04-05T09:35:59.101Z,117.000,7,19.000,3ro8QLJh0yyykLyV,49.000,Jg+7wzPVXO3fl6hF,52.000,WYac+BcEaEqjcD+O,99.000,jwNdRfwvt/DA6PNq,104.000,0vdW+g6toC/h3nqI,110.000,Cr1IDgtoIwjHadzo,117.000,nbm0/St8w4GUlGA4,,,,,,
8,258,2026-04-05T09:35:59.218Z,182.000,7,59.000,uHgM+VdJzX93m/5O,81.000,h4OQZ7bMhp0Pbd5V,85.000,UfIL2xPYUWA3pa2i,104.000,3ro8QLJh0yyykLyV,135.000,Jg+7wzPVXO3fl6hF,136.000,WYac+BcEaEqjcD+O,182.000,jwNdRfwvt/DA6PNq,,,,,,
8,259,2026-04-05T09:35:59.400Z,121.000,7,7.000,0vdW+g6toC/h3nqI,12.000,Cr1IDgtoIwjHadzo,18.000,nbm0/St8w4GUlGA4,79.000,uHgM+VdJzX93m/5O,100.000,h4OQZ7bMhp0Pbd5V,103.000,UfIL2xPYUWA3pa2i,121.000,3ro8QLJh0yyykLyV,,,,,,
8,260,2026-04-05T09:35:59.521Z,183.000,7,32.000,WYac+BcEaEqjcD+O,33.000,Jg+7wzPVXO3fl6hF,89.000,0vdW+g6toC/h3nqI,97.000,nbm0/St8w4GUlGA4,159.000,Cr1IDgtoIwjHadzo,164.000,jwNdRfwvt/DA6PNq,183.000,UfIL2xPYUWA3pa2i,,,,,,
8,261,2026-04-05T09:35:59.704Z,386.000,7,19.000,3ro8QLJh0yyykLyV,116.000,nbm0/St8w4GUlGA4,140.000,Cr1IDgtoIwjHadzo,200.000,UfIL2xPYUWA3pa2i,378.000,Jg+7wzPVXO3fl6hF,382.000,WYac+BcEaEqjcD+O,386.000,0vdW+g6toC/h3nqI,,,,,,
8,262,2026-04-05T09:36:00.090Z,106.000,10,6.000,3ro8QLJh0yyykLyV,17.000,UfIL2xPYUWA3pa2i,57.000,nbm0/St8w4GUlGA4,91.000,0vdW+g6toC/h3nqI,101.000,Jg+7wzPVXO3fl6hF,104.000,jwNdRfwvt/DA6PNq,106.000,uHgM+VdJzX93m/5O,108.000,h4OQZ7bMhp0Pbd5V,112.000,Cr1IDgtoIwjHadzo,162.000,WYac+BcEaEqjcD+O
8,263,2026-04-05T09:36:00.196Z,110.000,9,99.000,0vdW+g6toC/h3nqI,102.000,3ro8QLJh0yyykLyV,104.000,nbm0/St8w4GUlGA4,105.000,Cr1IDgtoIwjHadzo,106.000,jwNdRfwvt/DA6PNq,108.000,uHgM+VdJzX93m/5O,109.000,Jg+7wzPVXO3fl6hF,113.000,h4OQZ7bMhp0Pbd5V,116.000,UfIL2xPYUWA3pa2i,,
8,264,2026-04-05T09:36:00.306Z,199.000,9,138.000,WYac+BcEaEqjcD+O,192.000,0vdW+g6toC/h3nqI,193.000,3ro8QLJh0yyykLyV,195.000,nbm0/St8w4GUlGA4,196.000,uHgM+VdJzX93m/5O,197.000,jwNdRfwvt/DA6PNq,198.000,Cr1IDgtoIwjHadzo,202.000,Jg+7wzPVXO3fl6hF,210.000,h4OQZ7bMhp0Pbd5V,,
8,265,2026-04-05T09:36:00.505Z,485.000,7,5.000,UfIL2xPYUWA3pa2i,193.000,nbm0/St8w4GUlGA4,195.000,3ro8QLJh0yyykLyV,196.000,Cr1IDgtoIwjHadzo,475.000,WYac+BcEaEqjcD+O,476.000,h4OQZ7bMhp0Pbd5V,485.000,uHgM+VdJzX93m/5O,,,,,,
8,266,2026-04-05T09:36:00.990Z,92.000,10,7.000,UfIL2xPYUWA3pa2i,8.000,nbm0/St8w4GUlGA4,9.000,Cr1IDgtoIwjHadzo,77.000,uHgM+VdJzX93m/5O,84.000,3ro8QLJh0yyykLyV,90.000,0vdW+g6toC/h3nqI,92.000,jwNdRfwvt/DA6PNq,93.000,h4OQZ7bMhp0Pbd5V,99.000,Jg+7wzPVXO3fl6hF,101.000,WYac+BcEaEqjcD+O
8,267,2026-04-05T09:36:01.082Z,125.000,9,118.000,uHgM+VdJzX93m/5O,120.000,jwNdRfwvt/DA6PNq,121.000,h4OQZ7bMhp0Pbd5V,122.000,nbm0/St8w4GUlGA4,122.000,UfIL2xPYUWA3pa2i,124.000,Cr1IDgtoIwjHadzo,125.000,0vdW+g6toC/h3nqI,126.000,WYac+BcEaEqjcD+O,128.000,Jg+7wzPVXO3fl6hF,,
8,268,2026-04-05T09:36:01.207Z,200.000,10,65.000,3ro8QLJh0yyykLyV,193.000,Cr1IDgtoIwjHadzo,194.000,uHgM+VdJzX93m/5O,194.000,UfIL2xPYUWA3pa2i,195.000,nbm0/St8w4GUlGA4,200.000,Jg+7wzPVXO3fl6hF,200.000,h4OQZ7bMhp0Pbd5V,203.000,0vdW+g6toC/h3nqI,205.000,WYac+BcEaEqjcD+O,207.000,jwNdRfwvt/DA6PNq
8,269,2026-04-05T09:36:01.407Z,599.000,8,65.000,3ro8QLJh0yyykLyV,193.000,nbm0/St8w4GUlGA4,195.000,UfIL2xPYUWA3pa2i,197.000,Cr1IDgtoIwjHadzo,587.000,h4OQZ7bMhp0Pbd5V,592.000,jwNdRfwvt/DA6PNq,599.000,uHgM+VdJzX93m/5O,608.000,WYac+BcEaEqjcD+O,,,,
8,270,2026-04-05T09:36:02.006Z,114.000,10,5.000,nbm0/St8w4GUlGA4,6.000,3ro8QLJh0yyykLyV,21.000,Cr1IDgtoIwjHadzo,86.000,UfIL2xPYUWA3pa2i,109.000,Jg+7wzPVXO3fl6hF,112.000,jwNdRfwvt/DA6PNq,113.000,h4OQZ7bMhp0Pbd5V,115.000,0vdW+g6toC/h3nqI,120.000,uHgM+VdJzX93m/5O,125.000,WYac+BcEaEqjcD+O
8,271,2026-04-05T09:36:02.120Z,105.000,9,95.000,0vdW+g6toC/h3nqI,97.000,uHgM+VdJzX93m/5O,99.000,Jg+7wzPVXO3fl6hF,100.000,3ro8QLJh0yyykLyV,100.000,h4OQZ7bMhp0Pbd5V,102.000,jwNdRfwvt/DA6PNq,104.000,Cr1IDgtoIwjHadzo,106.000,nbm0/St8w4GUlGA4,111.000,WYac+BcEaEqjcD+O,,
8,272,2026-04-05T09:36:02.225Z,590.000,7,57.000,UfIL2xPYUWA3pa2i,192.000,nbm0/St8w4GUlGA4,193.000,Cr1IDgtoIwjHadzo,195.000,3ro8QLJh0yyykLyV,586.000,uHgM+VdJzX93m/5O,589.000,jwNdRfwvt/DA6PNq,590.000,h4OQZ7bMhp0Pbd5V,,,,,,
8,273,2026-04-05T09:36:02.815Z,104.000,10,5.000,UfIL2xPYUWA3pa2i,5.000,Cr1IDgtoIwjHadzo,7.000,3ro8QLJh0yyykLyV,10.000,nbm0/St8w4GUlGA4,92.000,h4OQZ7bMhp0Pbd5V,99.000,jwNdRfwvt/DA6PNq,103.000,uHgM+VdJzX93m/5O,106.000,Jg+7wzPVXO3fl6hF,108.000,0vdW+g6toC/h3nqI,111.000,WYac+BcEaEqjcD+O
8,274,2026-04-05T09:36:02.919Z,111.000,10,102.000,Cr1IDgtoIwjHadzo,103.000,uHgM+VdJzX93m/5O,105.000,3ro8QLJh0yyykLyV,106.000,nbm0/St8w4GUlGA4,108.000,0vdW+g6toC/h3nqI,109.000,WYac+BcEaEqjcD+O,110.000,UfIL2xPYUWA3pa2i,112.000,jwNdRfwvt/DA6PNq,112.000,h4OQZ7bMhp0Pbd5V,113.000,Jg+7wzPVXO3fl6hF
8,275,2026-04-05T09:36:03.030Z,763.000,7,196.000,nbm0/St8w4GUlGA4,198.000,3ro8QLJh0yyykLyV,198.000,h4OQZ7bMhp0Pbd5V,200.000,UfIL2xPYUWA3pa2i,201.000,Cr1IDgtoIwjHadzo,761.000,WYac+BcEaEqjcD+O,763.000,uHgM+VdJzX93m/5O,,,,,,
8,276,2026-04-05T09:36:03.793Z,333.000,7,4.000,3ro8QLJh0yyykLyV,5.000,UfIL2xPYUWA3pa2i,20.000,h4OQZ7bMhp0Pbd5V,21.000,Cr1IDgtoIwjHadzo,325.000,0vdW+g6toC/h3nqI,328.000,nbm0/St8w4GUlGA4,333.000,uHgM+VdJzX93m/5O,,,,,,
8,277,2026-04-05T09:36:04.126Z,635.000,7,46.000,nbm0/St8w4GUlGA4,82.000,Cr1IDgtoIwjHadzo,83.000,UfIL2xPYUWA3pa2i,88.000,3ro8QLJh0yyykLyV,632.000,uHgM+VdJzX93m/5O,634.000,Jg+7wzPVXO3fl6hF,634.000,h4OQZ7bMhp0Pbd5V,,,,,,
8,278,2026-04-05T09:36:04.761Z,322.000,7,5.000,jwNdRfwvt/DA6PNq,12.000,h4OQZ7bMhp0Pbd5V,15.000,UfIL2xPYUWA3pa2i,109.000,Cr1IDgtoIwjHadzo,155.000,3ro8QLJh0yyykLyV,231.000,Jg+7wzPVXO3fl6hF,322.000,WYac+BcEaEqjcD+O,,,,,,
8,279,2026-04-05T09:36:05.083Z,861.000,7,27.000,Cr1IDgtoIwjHadzo,29.000,3ro8QLJh0yyykLyV,146.000,nbm0/St8w4GUlGA4,497.000,UfIL2xPYUWA3pa2i,852.000,uHgM+VdJzX93m/5O,854.000,Jg+7wzPVXO3fl6hF,861.000,h4OQZ7bMhp0Pbd5V,,,,,,
8,280,2026-04-05T09:36:05.944Z,768.000,7,7.000,UfIL2xPYUWA3pa2i,40.000,h4OQZ7bMhp0Pbd5V,92.000,Cr1IDgtoIwjHadzo,361.000,uHgM+VdJzX93m/5O,362.000,0vdW+g6toC/h3nqI,759.000,3ro8QLJh0yyykLyV,768.000,nbm0/St8w4GUlGA4,,,,,,
8,281,2026-04-05T09:36:06.712Z,412.000,7,117.000,Cr1IDgtoIwjHadzo,129.000,UfIL2xPYUWA3pa2i,243.000,nbm0/St8w4GUlGA4,247.000,3ro8QLJh0yyykLyV,392.000,h4OQZ7bMhp0Pbd5V,409.000,jwNdRfwvt/DA6PNq,412.000,uHgM+VdJzX93m/5O,,,,,,
8,282,2026-04-05T09:36:07.124Z,892.000,7,718.000,nbm0/St8w4GUlGA4,727.000,h4OQZ7bMhp0Pbd5V,771.000,UfIL2xPYUWA3pa2i,773.000,Cr1IDgtoIwjHadzo,838.000,jwNdRfwvt/DA6PNq,843.000,3ro8QLJh0yyykLyV,892.000,WYac+BcEaEqjcD+O,,,,,,
8,283,2026-04-05T09:36:08.016Z,1013.000,7,6.000,Cr1IDgtoIwjHadzo,7.000,UfIL2xPYUWA3pa2i,9.000,nbm0/St8w4GUlGA4,842.000,h4OQZ7bMhp0Pbd5V,953.000,jwNdRfwvt/DA6PNq,1011.000,WYac+BcEaEqjcD+O,1013.000,3ro8QLJh0yyykLyV,,,,,,
8,284,2026-04-05T09:36:09.029Z,957.000,7,8.000,nbm0/St8w4GUlGA4,112.000,Cr1IDgtoIwjHadzo,141.000,UfIL2xPYUWA3pa2i,862.000,jwNdRfwvt/DA6PNq,921.000,h4OQZ7bMhp0Pbd5V,955.000,uHgM+VdJzX93m/5O,957.000,Jg+7wzPVXO3fl6hF,,,,,,
8,285,2026-04-05T09:36:09.986Z,938.000,9,116.000,nbm0/St8w4GUlGA4,768.000,UfIL2xPYUWA3pa2i,771.000,Cr1IDgtoIwjHadzo,865.000,uHgM+VdJzX93m/5O,878.000,Jg+7wzPVXO3fl6hF,880.000,jwNdRfwvt/DA6PNq,938.000,WYac+BcEaEqjcD+O,939.000,0vdW+g6toC/h3nqI,943.000,3ro8QLJh0yyykLyV,,
8,286,2026-04-05T09:36:10.924Z,1020.000,8,882.000,nbm0/St8w4GUlGA4,923.000,UfIL2xPYUWA3pa2i,952.000,jwNdRfwvt/DA6PNq,980.000,uHgM+VdJzX93m/5O,991.000,Jg+7wzPVXO3fl6hF,998.000,WYac+BcEaEqjcD+O,1019.000,0vdW+g6toC/h3nqI,1044.000,Cr1IDgtoIwjHadzo,,,,
8,287,2026-04-05T09:36:11.944Z,1025.000,7,538.000,UfIL2xPYUWA3pa2i,757.000,nbm0/St8w4GUlGA4,801.000,Cr1IDgtoIwjHadzo,988.000,uHgM+VdJzX93m/5O,1006.000,jwNdRfwvt/DA6PNq,1013.000,Jg+7wzPVXO3fl6hF,1024.000,0vdW+g6toC/h3nqI,,,,,,
8,288,2026-04-05T09:36:12.969Z,1026.000,7,449.000,3ro8QLJh0yyykLyV,928.000,nbm0/St8w4GUlGA4,929.000,Cr1IDgtoIwjHadzo,951.000,UfIL2xPYUWA3pa2i,1015.000,Jg+7wzPVXO3fl6hF,1023.000,uHgM+VdJzX93m/5O,1025.000,jwNdRfwvt/DA6PNq,,,,,,
8,289,2026-04-05T09:36:13.995Z,1595.000,8,863.000,nbm0/St8w4GUlGA4,920.000,Cr1IDgtoIwjHadzo,931.000,UfIL2xPYUWA3pa2i,1348.000,Jg+7wzPVXO3fl6hF,1389.000,0vdW+g6toC/h3nqI,1413.000,WYac+BcEaEqjcD+O,1595.000,h4OQZ7bMhp0Pbd5V,1634.000,jwNdRfwvt/DA6PNq,,,,
8,290,2026-04-05T09:36:15.590Z,1521.000,7,680.000,WYac+BcEaEqjcD+O,1062.000,0vdW+g6toC/h3nqI,1231.000,jwNdRfwvt/DA6PNq,1259.000,3ro8QLJh0yyykLyV,1333.000,h4OQZ7bMhp0Pbd5V,1486.000,uHgM+VdJzX93m/5O,1524.000,nbm0/St8w4GUlGA4,,,,,,
8,291,2026-04-05T09:36:17.111Z,1909.000,7,827.000,nbm0/St8w4GUlGA4,1025.000,h4OQZ7bMhp0Pbd5V,1075.000,UfIL2xPYUWA3pa2i,1438.000,Jg+7wzPVXO3fl6hF,1835.000,Cr1IDgtoIwjHadzo,1849.000,0vdW+g6toC/h3nqI,1909.000,jwNdRfwvt/DA6PNq,,,,,,
8,292,2026-04-05T09:36:19.020Z,2660.000,7,1730.000,h4OQZ7bMhp0Pbd5V,1813.000,3ro8QLJh0yyykLyV,1945.000,Cr1IDgtoIwjHadzo,2561.000,Jg+7wzPVXO3fl6hF,2614.000,0vdW+g6toC/h3nqI,2642.000,jwNdRfwvt/DA6PNq,2660.000,uHgM+VdJzX93m/5O,,,,,,
8,293,2026-04-05T09:36:21.680Z,2765.000,7,2438.000,3ro8QLJh0yyykLyV,2446.000,Jg+7wzPVXO3fl6hF,2483.000,UfIL2xPYUWA3pa2i,2493.000,h4OQZ7bMhp0Pbd5V,2497.000,nbm0/St8w4GUlGA4,2760.000,jwNdRfwvt/DA6PNq,2765.000,WYac+BcEaEqjcD+O,,,,,,
8,294,2026-04-05T09:36:24.445Z,3416.000,7,3008.000,jwNdRfwvt/DA6PNq,3012.000,Jg+7wzPVXO3fl6hF,3035.000,3ro8QLJh0yyykLyV,3101.000,Cr1IDgtoIwjHadzo,3108.000,UfIL2xPYUWA3pa2i,3408.000,h4OQZ7bMhp0Pbd5V,3416.000,nbm0/St8w4GUlGA4,,,,,,
8,295,2026-04-05T09:36:27.861Z,3903.000,7,3097.000,UfIL2xPYUWA3pa2i,3121.000,h4OQZ7bMhp0Pbd5V,3218.000,nbm0/St8w4GUlGA4,3685.000,jwNdRfwvt/DA6PNq,3782.000,uHgM+VdJzX93m/5O,3798.000,3ro8QLJh0yyykLyV,3902.000,Cr1IDgtoIwjHadzo,,,,,,
8,296,2026-04-05T09:36:31.764Z,5225.000,7,3602.000,nbm0/St8w4GUlGA4,4299.000,jwNdRfwvt/DA6PNq,4386.000,3ro8QLJh0yyykLyV,4445.000,uHgM+VdJzX93m/5O,4532.000,UfIL2xPYUWA3pa2i,4583.000,h4OQZ7bMhp0Pbd5V,5225.000,Jg+7wzPVXO3fl6hF,,,,,,
8,297,2026-04-05T09:36:36.989Z,5805.000,7,5479.000,0vdW+g6toC/h3nqI,5504.000,jwNdRfwvt/DA6PNq,5510.000,Cr1IDgtoIwjHadzo,5568.000,UfIL2xPYUWA3pa2i,5581.000,nbm0/St8w4GUlGA4,5803.000,3ro8QLJh0yyykLyV,5805.000,h4OQZ7bMhp0Pbd5V,,,,,,
8,298,2026-04-05T09:36:42.794Z,6958.000,7,5547.000,UfIL2xPYUWA3pa2i,6359.000,nbm0/St8w4GUlGA4,6621.000,jwNdRfwvt/DA6PNq,6681.000,h4OQZ7bMhp0Pbd5V,6751.000,3ro8QLJh0yyykLyV,6911.000,WYac+BcEaEqjcD+O,6958.000,0vdW+g6toC/h3nqI,,,,,,
8,299,2026-04-05T09:36:49.752Z,8218.000,7,7179.000,WYac+BcEaEqjcD+O,7875.000,0vdW+g6toC/h3nqI,7934.000,Cr1IDgtoIwjHadzo,7961.000,UfIL2xPYUWA3pa2i,8042.000,3ro8QLJh0yyykLyV,8049.000,nbm0/St8w4GUlGA4,8217.000,uHgM+VdJzX93m/5O,,,,,,
8,300,2026-04-05T09:36:57.970Z,8161.000,7,8108.000,nbm0/St8w4GUlGA4,8122.000,0vdW+g6toC/h3nqI,8131.000,WYac+BcEaEqjcD+O,8141.000,uHgM+VdJzX93m/5O,8151.000,h4OQZ7bMhp0Pbd5V,8159.000,UfIL2xPYUWA3pa2i,8161.000,3ro8QLJh0yyykLyV,,,,,,
8,301,2026-04-05T09:37:06.131Z,8524.000,7,7318.000,Cr1IDgtoIwjHadzo,8405.000,WYac+BcEaEqjcD+O,8419.000,jwNdRfwvt/DA6PNq,8448.000,uHgM+VdJzX93m/5O,8448.000,Jg+7wzPVXO3fl6hF,8513.000,3ro8QLJh0yyykLyV,8524.000,UfIL2xPYUWA3pa2i,,,,,,
8,302,2026-04-05T09:37:14.655Z,7764.000,7,6838.000,Cr1IDgtoIwjHadzo,6855.000,Jg+7wzPVXO3fl6hF,6914.000,UfIL2xPYUWA3pa2i,7505.000,uHgM+VdJzX93m/5O,7718.000,WYac+BcEaEqjcD+O,7742.000,jwNdRfwvt/DA6PNq,7764.000,h4OQZ7bMhp0Pbd5V,,,,,,
8,303,2026-04-05T09:37:22.419Z,8155.000,7,7114.000,Cr1IDgtoIwjHadzo,7128.000,UfIL2xPYUWA3pa2i,7399.000,uHgM+VdJzX93m/5O,7474.000,WYac+BcEaEqjcD+O,7552.000,nbm0/St8w4GUlGA4,7599.000,jwNdRfwvt/DA6PNq,8155.000,3ro8QLJh0yyykLyV,,,,,,
8,304,2026-04-05T09:37:30.574Z,,0,,,,,,,,,,,,,,,,,,,,
9,1,2026-04-05T09:35:16.137Z,104.000,7,216.000,0vdW+g6toC/h3nqI,5393.000,nbm0/St8w4GUlGA4,100.000,3ro8QLJh0yyykLyV,422.000,Cr1IDgtoIwjHadzo,2432.000,jwNdRfwvt/DA6PNq,3918.000,UfIL2xPYUWA3pa2i,2003.000,uHgM+VdJzX93m/5O,,,,,,
9,2,2026-04-05T09:35:16.241Z,11.000,7,1901.000,uHgM+VdJzX93m/5O,113.000,0vdW+g6toC/h3nqI,3817.000,UfIL2xPYUWA3pa2i,5291.000,nbm0/St8w4GUlGA4,2330.000,jwNdRfwvt/DA6PNq,320.000,Cr1IDgtoIwjHadzo,10.000,3ro8QLJh0yyykLyV,,,,,,
9,3,2026-04-05T09:35:16.252Z,9.000,7,310.000,Cr1IDgtoIwjHadzo,5281.000,nbm0/St8w4GUlGA4,104.000,0vdW+g6toC/h3nqI,2321.000,jwNdRfwvt/DA6PNq,3807.000,UfIL2xPYUWA3pa2i,1892.000,uHgM+VdJzX93m/5O,8.000,3ro8QLJh0yyykLyV,,,,,,
9,4,2026-04-05T09:35:16.261Z,6.000,7,1884.000,uHgM+VdJzX93m/5O,303.000,Cr1IDgtoIwjHadzo,97.000,0vdW+g6toC/h3nqI,2314.000,jwNdRfwvt/DA6PNq,5274.000,nbm0/St8w4GUlGA4,5.000,3ro8QLJh0yyykLyV,3800.000,UfIL2xPYUWA3pa2i,,,,,,
9,5,2026-04-05T09:35:16.267Z,166.000,7,92.000,0vdW+g6toC/h3nqI,161.000,3ro8QLJh0yyykLyV,1880.000,uHgM+VdJzX93m/5O,2309.000,jwNdRfwvt/DA6PNq,3796.000,UfIL2xPYUWA3pa2i,5270.000,nbm0/St8w4GUlGA4,299.000,Cr1IDgtoIwjHadzo,,,,,,
9,6,2026-04-05T09:35:16.433Z,195.000,8,2.000,0vdW+g6toC/h3nqI,134.000,Cr1IDgtoIwjHadzo,138.000,h4OQZ7bMhp0Pbd5V,2145.000,jwNdRfwvt/DA6PNq,5106.000,nbm0/St8w4GUlGA4,1717.000,uHgM+VdJzX93m/5O,195.000,3ro8QLJh0yyykLyV,3632.000,UfIL2xPYUWA3pa2i,,,,
9,7,2026-04-05T09:35:16.628Z,202.000,8,3.000,Cr1IDgtoIwjHadzo,8.000,h4OQZ7bMhp0Pbd5V,9.000,0vdW+g6toC/h3nqI,1952.000,jwNdRfwvt/DA6PNq,1524.000,uHgM+VdJzX93m/5O,3439.000,UfIL2xPYUWA3pa2i,4913.000,nbm0/St8w4GUlGA4,203.000,3ro8QLJh0yyykLyV,,,,
9,8,2026-04-05T09:35:16.830Z,202.000,8,4.000,Cr1IDgtoIwjHadzo,7.000,0vdW+g6toC/h3nqI,8.000,h4OQZ7bMhp0Pbd5V,4713.000,nbm0/St8w4GUlGA4,1752.000,jwNdRfwvt/DA6PNq,1323.000,uHgM+VdJzX93m/5O,3238.000,UfIL2xPYUWA3pa2i,203.000,3ro8QLJh0yyykLyV,,,,
9,9,2026-04-05T09:35:17.032Z,200.000,9,3.000,Cr1IDgtoIwjHadzo,8.000,0vdW+g6toC/h3nqI,10.000,h4OQZ7bMhp0Pbd5V,47.000,WYac+BcEaEqjcD+O,196.000,3ro8QLJh0yyykLyV,1123.000,uHgM+VdJzX93m/5O,4512.000,nbm0/St8w4GUlGA4,3038.000,UfIL2xPYUWA3pa2i,1552.000,jwNdRfwvt/DA6PNq,,
9,10,2026-04-05T09:35:17.232Z,200.000,9,6.000,WYac+BcEaEqjcD+O,7.000,Cr1IDgtoIwjHadzo,9.000,h4OQZ7bMhp0Pbd5V,11.000,0vdW+g6toC/h3nqI,925.000,uHgM+VdJzX93m/5O,4314.000,nbm0/St8w4GUlGA4,2840.000,UfIL2xPYUWA3pa2i,201.000,3ro8QLJh0yyykLyV,1354.000,jwNdRfwvt/DA6PNq,,
9,11,2026-04-05T09:35:17.432Z,202.000,9,5.000,WYac+BcEaEqjcD+O,7.000,Cr1IDgtoIwjHadzo,11.000,0vdW+g6toC/h3nqI,13.000,h4OQZ7bMhp0Pbd5V,4116.000,nbm0/St8w4GUlGA4,727.000,uHgM+VdJzX93m/5O,202.000,3ro8QLJh0yyykLyV,1156.000,jwNdRfwvt/DA6PNq,2642.000,UfIL2xPYUWA3pa2i,,
9,12,2026-04-05T09:35:17.634Z,201.000,9,39.000,WYac+BcEaEqjcD+O,39.000,Cr1IDgtoIwjHadzo,8.000,h4OQZ7bMhp0Pbd5V,39.000,0vdW+g6toC/h3nqI,2442.000,UfIL2xPYUWA3pa2i,3916.000,nbm0/St8w4GUlGA4,527.000,uHgM+VdJzX93m/5O,955.000,jwNdRfwvt/DA6PNq,10784.000,3ro8QLJh0yyykLyV,,
9,13,2026-04-05T09:35:17.835Z,201.000,9,5.000,WYac+BcEaEqjcD+O,7.000,Cr1IDgtoIwjHadzo,11.000,0vdW+g6toC/h3nqI,12.000,h4OQZ7bMhp0Pbd5V,2243.000,UfIL2xPYUWA3pa2i,327.000,uHgM+VdJzX93m/5O,10585.000,3ro8QLJh0yyykLyV,756.000,jwNdRfwvt/DA6PNq,3717.000,nbm0/St8w4GUlGA4,,
9,14,2026-04-05T09:35:18.036Z,199.000,9,6.000,WYac+BcEaEqjcD+O,7.000,Cr1IDgtoIwjHadzo,8.000,0vdW+g6toC/h3nqI,10.000,h4OQZ7bMhp0Pbd5V,128.000,uHgM+VdJzX93m/5O,557.000,jwNdRfwvt/DA6PNq,10386.000,3ro8QLJh0yyykLyV,3518.000,nbm0/St8w4GUlGA4,2045.000,UfIL2xPYUWA3pa2i,,
9,15,2026-04-05T09:35:18.235Z,201.000,9,6.000,uHgM+VdJzX93m/5O,8.000,WYac+BcEaEqjcD+O,9.000,Cr1IDgtoIwjHadzo,11.000,0vdW+g6toC/h3nqI,14.000,h4OQZ7bMhp0Pbd5V,1847.000,UfIL2xPYUWA3pa2i,3320.000,nbm0/St8w4GUlGA4,10189.000,3ro8QLJh0yyykLyV,360.000,jwNdRfwvt/DA6PNq,,
9,16,2026-04-05T09:35:18.436Z,161.000,10,6.000,uHgM+VdJzX93m/5O,8.000,Cr1IDgtoIwjHadzo,10.000,0vdW+g6toC/h3nqI,11.000,WYac+BcEaEqjcD+O,15.000,h4OQZ7bMhp0Pbd5V,161.000,jwNdRfwvt/DA6PNq,161.000,Jg+7wzPVXO3fl6hF,1648.000,UfIL2xPYUWA3pa2i,9990.000,3ro8QLJh0yyykLyV,3121.000,nbm0/St8w4GUlGA4
9,17,2026-04-05T09:35:18.597Z,157.000,10,42.000,uHgM+VdJzX93m/5O,44.000,WYac+BcEaEqjcD+O,46.000,jwNdRfwvt/DA6PNq,49.000,Cr1IDgtoIwjHadzo,50.000,0vdW+g6toC/h3nqI,56.000,h4OQZ7bMhp0Pbd5V,157.000,Jg+7wzPVXO3fl6hF,2962.000,nbm0/St8w4GUlGA4,9831.000,3ro8QLJh0yyykLyV,1489.000,UfIL2xPYUWA3pa2i
9,18,2026-04-05T09:35:18.754Z,202.000,10,87.000,uHgM+VdJzX93m/5O,90.000,WYac+BcEaEqjcD+O,92.000,Cr1IDgtoIwjHadzo,93.000,0vdW+g6toC/h3nqI,95.000,jwNdRfwvt/DA6PNq,98.000,h4OQZ7bMhp0Pbd5V,202.000,Jg+7wzPVXO3fl6hF,2807.000,nbm0/St8w4GUlGA4,9675.000,3ro8QLJh0yyykLyV,1334.000,UfIL2xPYUWA3pa2i
9,19,2026-04-05T09:35:18.956Z,201.000,10,87.000,WYac+BcEaEqjcD+O,89.000,uHgM+VdJzX93m/5O,91.000,Cr1IDgtoIwjHadzo,93.000,jwNdRfwvt/DA6PNq,95.000,0vdW+g6toC/h3nqI,99.000,h4OQZ7bMhp0Pbd5V,201.000,Jg+7wzPVXO3fl6hF,2606.000,nbm0/St8w4GUlGA4,9475.000,3ro8QLJh0yyykLyV,1134.000,UfIL2xPYUWA3pa2i
9,20,2026-04-05T09:35:19.157Z,202.000,10,88.000,uHgM+VdJzX93m/5O,89.000,WYac+BcEaEqjcD+O,90.000,Cr1IDgtoIwjHadzo,92.000,jwNdRfwvt/DA6PNq,93.000,0vdW+g6toC/h3nqI,99.000,h4OQZ7bMhp0Pbd5V,201.000,Jg+7wzPVXO3fl6hF,9276.000,3ro8QLJh0yyykLyV,934.000,UfIL2xPYUWA3pa2i,2407.000,nbm0/St8w4GUlGA4
9,21,2026-04-05T09:35:19.359Z,201.000,10,87.000,WYac+BcEaEqjcD+O,89.000,uHgM+VdJzX93m/5O,90.000,jwNdRfwvt/DA6PNq,92.000,Cr1IDgtoIwjHadzo,94.000,0vdW+g6toC/h3nqI,98.000,h4OQZ7bMhp0Pbd5V,201.000,Jg+7wzPVXO3fl6hF,2207.000,nbm0/St8w4GUlGA4,9076.000,3ro8QLJh0yyykLyV,734.000,UfIL2xPYUWA3pa2i
9,22,2026-04-05T09:35:19.560Z,201.000,10,86.000,WYac+BcEaEqjcD+O,89.000,jwNdRfwvt/DA6PNq,90.000,uHgM+VdJzX93m/5O,91.000,Cr1IDgtoIwjHadzo,94.000,0vdW+g6toC/h3nqI,98.000,h4OQZ7bMhp0Pbd5V,201.000,Jg+7wzPVXO3fl6hF,8877.000,3ro8QLJh0yyykLyV,535.000,UfIL2xPYUWA3pa2i,2008.000,nbm0/St8w4GUlGA4
9,23,2026-04-05T09:35:19.761Z,201.000,10,87.000,WYac+BcEaEqjcD+O,89.000,jwNdRfwvt/DA6PNq,90.000,uHgM+VdJzX93m/5O,92.000,Cr1IDgtoIwjHadzo,93.000,0vdW+g6toC/h3nqI,97.000,h4OQZ7bMhp0Pbd5V,201.000,Jg+7wzPVXO3fl6hF,8678.000,3ro8QLJh0yyykLyV,336.000,UfIL2xPYUWA3pa2i,1809.000,nbm0/St8w4GUlGA4
9,24,2026-04-05T09:35:19.962Z,139.000,9,86.000,jwNdRfwvt/DA6PNq,88.000,WYac+BcEaEqjcD+O,90.000,Cr1IDgtoIwjHadzo,91.000,uHgM+VdJzX93m/5O,117.000,h4OQZ7bMhp0Pbd5V,137.000,UfIL2xPYUWA3pa2i,139.000,0vdW+g6toC/h3nqI,8479.000,3ro8QLJh0yyykLyV,1610.000,nbm0/St8w4GUlGA4,,
9,25,2026-04-05T09:35:20.101Z,158.000,10,62.000,Jg+7wzPVXO3fl6hF,148.000,UfIL2xPYUWA3pa2i,150.000,jwNdRfwvt/DA6PNq,151.000,uHgM+VdJzX93m/5O,154.000,WYac+BcEaEqjcD+O,156.000,Cr1IDgtoIwjHadzo,157.000,0vdW+g6toC/h3nqI,159.000,h4OQZ7bMhp0Pbd5V,1473.000,nbm0/St8w4GUlGA4,8341.000,3ro8QLJh0yyykLyV
9,26,2026-04-05T09:35:20.259Z,199.000,10,106.000,Jg+7wzPVXO3fl6hF,190.000,UfIL2xPYUWA3pa2i,192.000,jwNdRfwvt/DA6PNq,193.000,Cr1IDgtoIwjHadzo,195.000,uHgM+VdJzX93m/5O,197.000,WYac+BcEaEqjcD+O,198.000,0vdW+g6toC/h3nqI,201.000,h4OQZ7bMhp0Pbd5V,1317.000,nbm0/St8w4GUlGA4,8185.000,3ro8QLJh0yyykLyV
9,27,2026-04-05T09:35:20.458Z,200.000,10,108.000,Jg+7wzPVXO3fl6hF,193.000,jwNdRfwvt/DA6PNq,194.000,UfIL2xPYUWA3pa2i,196.000,Cr1IDgtoIwjHadzo,197.000,uHgM+VdJzX93m/5O,199.000,WYac+BcEaEqjcD+O,200.000,0vdW+g6toC/h3nqI,204.000,h4OQZ7bMhp0Pbd5V,1120.000,nbm0/St8w4GUlGA4,7988.000,3ro8QLJh0yyykLyV
9,28,2026-04-05T09:35:20.658Z,202.000,10,109.000,Jg+7wzPVXO3fl6hF,194.000,UfIL2xPYUWA3pa2i,195.000,jwNdRfwvt/DA6PNq,197.000,WYac+BcEaEqjcD+O,200.000,Cr1IDgtoIwjHadzo,201.000,uHgM+VdJzX93m/5O,202.000,0vdW+g6toC/h3nqI,205.000,h4OQZ7bMhp0Pbd5V,7790.000,3ro8QLJh0yyykLyV,922.000,nbm0/St8w4GUlGA4
9,29,2026-04-05T09:35:20.860Z,202.000,10,108.000,Jg+7wzPVXO3fl6hF,193.000,WYac+BcEaEqjcD+O,195.000,UfIL2xPYUWA3pa2i,196.000,jwNdRfwvt/DA6PNq,198.000,Cr1IDgtoIwjHadzo,199.000,uHgM+VdJzX93m/5O,201.000,0vdW+g6toC/h3nqI,204.000,h4OQZ7bMhp0Pbd5V,722.000,nbm0/St8w4GUlGA4,7590.000,3ro8QLJh0yyykLyV
9,30,2026-04-05T09:35:21.062Z,200.000,10,108.000,Jg+7wzPVXO3fl6hF,192.000,jwNdRfwvt/DA6PNq,194.000,WYac+BcEaEqjcD+O,195.000,uHgM+VdJzX93m/5O,197.000,Cr1IDgtoIwjHadzo,198.000,UfIL2xPYUWA3pa2i,199.000,0vdW+g6toC/h3nqI,204.000,h4OQZ7bMhp0Pbd5V,7390.000,3ro8QLJh0yyykLyV,521.000,nbm0/St8w4GUlGA4
9,31,2026-04-05T09:35:21.262Z,201.000,10,108.000,Jg+7wzPVXO3fl6hF,193.000,jwNdRfwvt/DA6PNq,194.000,uHgM+VdJzX93m/5O,196.000,WYac+BcEaEqjcD+O,197.000,Cr1IDgtoIwjHadzo,199.000,UfIL2xPYUWA3pa2i,201.000,0vdW+g6toC/h3nqI,203.000,h4OQZ7bMhp0Pbd5V,324.000,nbm0/St8w4GUlGA4,7192.000,3ro8QLJh0yyykLyV
9,32,2026-04-05T09:35:21.463Z,201.000,10,124.000,Jg+7wzPVXO3fl6hF,193.000,nbm0/St8w4GUlGA4,195.000,UfIL2xPYUWA3pa2i,197.000,0vdW+g6toC/h3nqI,198.000,jwNdRfwvt/DA6PNq,199.000,uHgM+VdJzX93m/5O,201.000,Cr1IDgtoIwjHadzo,202.000,WYac+BcEaEqjcD+O,204.000,h4OQZ7bMhp0Pbd5V,6992.000,3ro8QLJh0yyykLyV
9,33,2026-04-05T09:35:21.664Z,199.000,10,109.000,Jg+7wzPVXO3fl6hF,192.000,UfIL2xPYUWA3pa2i,193.000,jwNdRfwvt/DA6PNq,194.000,nbm0/St8w4GUlGA4,195.000,uHgM+VdJzX93m/5O,197.000,WYac+BcEaEqjcD+O,198.000,Cr1IDgtoIwjHadzo,200.000,0vdW+g6toC/h3nqI,204.000,h4OQZ7bMhp0Pbd5V,6793.000,3ro8QLJh0yyykLyV
9,34,2026-04-05T09:35:21.863Z,201.000,10,111.000,Jg+7wzPVXO3fl6hF,194.000,UfIL2xPYUWA3pa2i,196.000,jwNdRfwvt/DA6PNq,197.000,WYac+BcEaEqjcD+O,199.000,Cr1IDgtoIwjHadzo,200.000,uHgM+VdJzX93m/5O,201.000,nbm0/St8w4GUlGA4,203.000,0vdW+g6toC/h3nqI,204.000,h4OQZ7bMhp0Pbd5V,6596.000,3ro8QLJh0yyykLyV
9,35,2026-04-05T09:35:22.064Z,202.000,10,111.000,Jg+7wzPVXO3fl6hF,195.000,nbm0/St8w4GUlGA4,196.000,UfIL2xPYUWA3pa2i,198.000,Cr1IDgtoIwjHadzo,199.000,WYac+BcEaEqjcD+O,201.000,uHgM+VdJzX93m/5O,202.000,0vdW+g6toC/h3nqI,203.000,jwNdRfwvt/DA6PNq,207.000,h4OQZ7bMhp0Pbd5V,6397.000,3ro8QLJh0yyykLyV
9,36,2026-04-05T09:35:22.266Z,200.000,10,111.000,Jg+7wzPVXO3fl6hF,193.000,nbm0/St8w4GUlGA4,194.000,uHgM+VdJzX93m/5O,196.000,jwNdRfwvt/DA6PNq,197.000,UfIL2xPYUWA3pa2i,199.000,Cr1IDgtoIwjHadzo,200.000,WYac+BcEaEqjcD+O,203.000,0vdW+g6toC/h3nqI,206.000,h4OQZ7bMhp0Pbd5V,6197.000,3ro8QLJh0yyykLyV
9,37,2026-04-05T09:35:22.466Z,203.000,10,111.000,Jg+7wzPVXO3fl6hF,195.000,nbm0/St8w4GUlGA4,196.000,WYac+BcEaEqjcD+O,197.000,jwNdRfwvt/DA6PNq,199.000,uHgM+VdJzX93m/5O,201.000,UfIL2xPYUWA3pa2i,202.000,Cr1IDgtoIwjHadzo,204.000,0vdW+g6toC/h3nqI,207.000,h4OQZ7bMhp0Pbd5V,5999.000,3ro8QLJh0yyykLyV
9,38,2026-04-05T09:35:22.669Z,201.000,10,110.000,Jg+7wzPVXO3fl6hF,192.000,jwNdRfwvt/DA6PNq,194.000,nbm0/St8w4GUlGA4,195.000,uHgM+VdJzX93m/5O,197.000,Cr1IDgtoIwjHadzo,199.000,UfIL2xPYUWA3pa2i,201.000,WYac+BcEaEqjcD+O,202.000,0vdW+g6toC/h3nqI,205.000,h4OQZ7bMhp0Pbd5V,5798.000,3ro8QLJh0yyykLyV
9,39,2026-04-05T09:35:22.870Z,199.000,10,110.000,Jg+7wzPVXO3fl6hF,190.000,jwNdRfwvt/DA6PNq,193.000,nbm0/St8w4GUlGA4,194.000,uHgM+VdJzX93m/5O,196.000,UfIL2xPYUWA3pa2i,197.000,WYac+BcEaEqjcD+O,199.000,Cr1IDgtoIwjHadzo,202.000,0vdW+g6toC/h3nqI,204.000,h4OQZ7bMhp0Pbd5V,5598.000,3ro8QLJh0yyykLyV
9,40,2026-04-05T09:35:23.069Z,203.000,10,112.000,Jg+7wzPVXO3fl6hF,194.000,nbm0/St8w4GUlGA4,196.000,jwNdRfwvt/DA6PNq,198.000,uHgM+VdJzX93m/5O,200.000,UfIL2xPYUWA3pa2i,201.000,Cr1IDgtoIwjHadzo,203.000,WYac+BcEaEqjcD+O,204.000,0vdW+g6toC/h3nqI,206.000,h4OQZ7bMhp0Pbd5V,5401.000,3ro8QLJh0yyykLyV
9,41,2026-04-05T09:35:23.272Z,200.000,10,110.000,Jg+7wzPVXO3fl6hF,190.000,nbm0/St8w4GUlGA4,194.000,Cr1IDgtoIwjHadzo,196.000,WYac+BcEaEqjcD+O,197.000,UfIL2xPYUWA3pa2i,198.000,uHgM+VdJzX93m/5O,199.000,jwNdRfwvt/DA6PNq,201.000,0vdW+g6toC/h3nqI,206.000,h4OQZ7bMhp0Pbd5V,5200.000,3ro8QLJh0yyykLyV
9,42,2026-04-05T09:35:23.472Z,199.000,10,111.000,Jg+7wzPVXO3fl6hF,191.000,nbm0/St8w4GUlGA4,192.000,jwNdRfwvt/DA6PNq,194.000,Cr1IDgtoIwjHadzo,196.000,WYac+BcEaEqjcD+O,198.000,UfIL2xPYUWA3pa2i,199.000,uHgM+VdJzX93m/5O,200.000,0vdW+g6toC/h3nqI,205.000,h4OQZ7bMhp0Pbd5V,5002.000,3ro8QLJh0yyykLyV
9,43,2026-04-05T09:35:23.671Z,212.000,10,113.000,Jg+7wzPVXO3fl6hF,209.000,nbm0/St8w4GUlGA4,210.000,uHgM+VdJzX93m/5O,212.000,jwNdRfwvt/DA6PNq,212.000,UfIL2xPYUWA3pa2i,212.000,WYac+BcEaEqjcD+O,212.000,Cr1IDgtoIwjHadzo,206.000,0vdW+g6toC/h3nqI,213.000,h4OQZ7bMhp0Pbd5V,4805.000,3ro8QLJh0yyykLyV
9,44,2026-04-05T09:35:23.883Z,190.000,10,103.000,Jg+7wzPVXO3fl6hF,182.000,nbm0/St8w4GUlGA4,184.000,Cr1IDgtoIwjHadzo,185.000,jwNdRfwvt/DA6PNq,187.000,uHgM+VdJzX93m/5O,189.000,UfIL2xPYUWA3pa2i,190.000,WYac+BcEaEqjcD+O,192.000,0vdW+g6toC/h3nqI,196.000,h4OQZ7bMhp0Pbd5V,4595.000,3ro8QLJh0yyykLyV
9,45,2026-04-05T09:35:24.073Z,204.000,10,114.000,Jg+7wzPVXO3fl6hF,199.000,jwNdRfwvt/DA6PNq,203.000,uHgM+VdJzX93m/5O,199.000,nbm0/St8w4GUlGA4,201.000,Cr1IDgtoIwjHadzo,202.000,UfIL2xPYUWA3pa2i,203.000,WYac+BcEaEqjcD+O,206.000,0vdW+g6toC/h3nqI,209.000,h4OQZ7bMhp0Pbd5V,4406.000,3ro8QLJh0yyykLyV
9,46,2026-04-05T09:35:24.277Z,202.000,10,110.000,Jg+7wzPVXO3fl6hF,192.000,nbm0/St8w4GUlGA4,194.000,Cr1IDgtoIwjHadzo,198.000,UfIL2xPYUWA3pa2i,199.000,jwNdRfwvt/DA6PNq,200.000,WYac+BcEaEqjcD+O,202.000,uHgM+VdJzX93m/5O,203.000,0vdW+g6toC/h3nqI,204.000,h4OQZ7bMhp0Pbd5V,4204.000,3ro8QLJh0yyykLyV
9,47,2026-04-05T09:35:24.479Z,200.000,10,110.000,Jg+7wzPVXO3fl6hF,192.000,Cr1IDgtoIwjHadzo,193.000,WYac+BcEaEqjcD+O,196.000,jwNdRfwvt/DA6PNq,197.000,nbm0/St8w4GUlGA4,199.000,UfIL2xPYUWA3pa2i,200.000,uHgM+VdJzX93m/5O,201.000,0vdW+g6toC/h3nqI,203.000,h4OQZ7bMhp0Pbd5V,4004.000,3ro8QLJh0yyykLyV
9,48,2026-04-05T09:35:24.679Z,200.000,10,112.000,Jg+7wzPVXO3fl6hF,192.000,Cr1IDgtoIwjHadzo,195.000,nbm0/St8w4GUlGA4,196.000,WYac+BcEaEqjcD+O,197.000,jwNdRfwvt/DA6PNq,199.000,UfIL2xPYUWA3pa2i,200.000,uHgM+VdJzX93m/5O,201.000,0vdW+g6toC/h3nqI,205.000,h4OQZ7bMhp0Pbd5V,3806.000,3ro8QLJh0yyykLyV
9,49,2026-04-05T09:35:24.879Z,203.000,10,113.000,Jg+7wzPVXO3fl6hF,194.000,Cr1IDgtoIwjHadzo,195.000,UfIL2xPYUWA3pa2i,197.000,jwNdRfwvt/DA6PNq,199.000,WYac+BcEaEqjcD+O,201.000,uHgM+VdJzX93m/5O,203.000,nbm0/St8w4GUlGA4,204.000,0vdW+g6toC/h3nqI,206.000,h4OQZ7bMhp0Pbd5V,3608.000,3ro8QLJh0yyykLyV
9,50,2026-04-05T09:35:25.082Z,199.000,10,112.000,Jg+7wzPVXO3fl6hF,192.000,Cr1IDgtoIwjHadzo,193.000,uHgM+VdJzX93m/5O,195.000,UfIL2xPYUWA3pa2i,196.000,nbm0/St8w4GUlGA4,198.000,jwNdRfwvt/DA6PNq,199.000,WYac+BcEaEqjcD+O,201.000,0vdW+g6toC/h3nqI,204.000,h4OQZ7bMhp0Pbd5V,3407.000,3ro8QLJh0yyykLyV
9,51,2026-04-05T09:35:25.281Z,203.000,10,113.000,Jg+7wzPVXO3fl6hF,194.000,Cr1IDgtoIwjHadzo,196.000,nbm0/St8w4GUlGA4,199.000,WYac+BcEaEqjcD+O,200.000,uHgM+VdJzX93m/5O,201.000,jwNdRfwvt/DA6PNq,202.000,0vdW+g6toC/h3nqI,204.000,UfIL2xPYUWA3pa2i,206.000,h4OQZ7bMhp0Pbd5V,3209.000,3ro8QLJh0yyykLyV
9,52,2026-04-05T09:35:25.484Z,200.000,10,111.000,Jg+7wzPVXO3fl6hF,193.000,uHgM+VdJzX93m/5O,195.000,jwNdRfwvt/DA6PNq,196.000,Cr1IDgtoIwjHadzo,198.000,nbm0/St8w4GUlGA4,199.000,UfIL2xPYUWA3pa2i,200.000,WYac+BcEaEqjcD+O,201.000,0vdW+g6toC/h3nqI,204.000,h4OQZ7bMhp0Pbd5V,3008.000,3ro8QLJh0yyykLyV
9,53,2026-04-05T09:35:25.684Z,201.000,10,112.000,Jg+7wzPVXO3fl6hF,193.000,nbm0/St8w4GUlGA4,195.000,jwNdRfwvt/DA6PNq,197.000,Cr1IDgtoIwjHadzo,198.000,UfIL2xPYUWA3pa2i,200.000,uHgM+VdJzX93m/5O,201.000,WYac+BcEaEqjcD+O,203.000,0vdW+g6toC/h3nqI,205.000,h4OQZ7bMhp0Pbd5V,2810.000,3ro8QLJh0yyykLyV
9,54,2026-04-05T09:35:25.885Z,202.000,10,112.000,Jg+7wzPVXO3fl6hF,194.000,uHgM+VdJzX93m/5O,195.000,jwNdRfwvt/DA6PNq,197.000,nbm0/St8w4GUlGA4,198.000,UfIL2xPYUWA3pa2i,200.000,Cr1IDgtoIwjHadzo,201.000,WYac+BcEaEqjcD+O,203.000,0vdW+g6toC/h3nqI,205.000,h4OQZ7bMhp0Pbd5V,2611.000,3ro8QLJh0yyykLyV
9,55,2026-04-05T09:35:26.087Z,200.000,10,111.000,Jg+7wzPVXO3fl6hF,192.000,uHgM+VdJzX93m/5O,193.000,jwNdRfwvt/DA6PNq,194.000,nbm0/St8w4GUlGA4,197.000,UfIL2xPYUWA3pa2i,198.000,WYac+BcEaEqjcD+O,200.000,Cr1IDgtoIwjHadzo,202.000,0vdW+g6toC/h3nqI,204.000,h4OQZ7bMhp0Pbd5V,2411.000,3ro8QLJh0yyykLyV
9,56,2026-04-05T09:35:26.287Z,202.000,10,112.000,Jg+7wzPVXO3fl6hF,193.000,uHgM+VdJzX93m/5O,195.000,jwNdRfwvt/DA6PNq,197.000,UfIL2xPYUWA3pa2i,198.000,Cr1IDgtoIwjHadzo,200.000,WYac+BcEaEqjcD+O,202.000,nbm0/St8w4GUlGA4,203.000,0vdW+g6toC/h3nqI,204.000,h4OQZ7bMhp0Pbd5V,2212.000,3ro8QLJh0yyykLyV
9,57,2026-04-05T09:35:26.489Z,201.000,10,111.000,Jg+7wzPVXO3fl6hF,192.000,uHgM+VdJzX93m/5O,194.000,nbm0/St8w4GUlGA4,195.000,jwNdRfwvt/DA6PNq,196.000,Cr1IDgtoIwjHadzo,198.000,WYac+BcEaEqjcD+O,201.000,UfIL2xPYUWA3pa2i,202.000,0vdW+g6toC/h3nqI,205.000,h4OQZ7bMhp0Pbd5V,2012.000,3ro8QLJh0yyykLyV
9,58,2026-04-05T09:35:26.690Z,201.000,10,111.000,Jg+7wzPVXO3fl6hF,193.000,jwNdRfwvt/DA6PNq,194.000,WYac+BcEaEqjcD+O,195.000,UfIL2xPYUWA3pa2i,197.000,uHgM+VdJzX93m/5O,199.000,0vdW+g6toC/h3nqI,201.000,Cr1IDgtoIwjHadzo,202.000,nbm0/St8w4GUlGA4,204.000,h4OQZ7bMhp0Pbd5V,1813.000,3ro8QLJh0yyykLyV
9,59,2026-04-05T09:35:26.891Z,200.000,10,112.000,Jg+7wzPVXO3fl6hF,193.000,Cr1IDgtoIwjHadzo,195.000,WYac+BcEaEqjcD+O,196.000,jwNdRfwvt/DA6PNq,197.000,UfIL2xPYUWA3pa2i,198.000,nbm0/St8w4GUlGA4,200.000,uHgM+VdJzX93m/5O,202.000,0vdW+g6toC/h3nqI,205.000,h4OQZ7bMhp0Pbd5V,1614.000,3ro8QLJh0yyykLyV
9,60,2026-04-05T09:35:27.091Z,202.000,10,113.000,Jg+7wzPVXO3fl6hF,195.000,UfIL2xPYUWA3pa2i,196.000,WYac+BcEaEqjcD+O,198.000,0vdW+g6toC/h3nqI,199.000,jwNdRfwvt/DA6PNq,200.000,nbm0/St8w4GUlGA4,202.000,Cr1IDgtoIwjHadzo,203.000,uHgM+VdJzX93m/5O,207.000,h4OQZ7bMhp0Pbd5V,1416.000,3ro8QLJh0yyykLyV
9,61,2026-04-05T09:35:27.293Z,199.000,10,112.000,Jg+7wzPVXO3fl6hF,193.000,UfIL2xPYUWA3pa2i,194.000,WYac+BcEaEqjcD+O,195.000,0vdW+g6toC/h3nqI,197.000,Cr1IDgtoIwjHadzo,198.000,nbm0/St8w4GUlGA4,199.000,uHgM+VdJzX93m/5O,200.000,jwNdRfwvt/DA6PNq,206.000,h4OQZ7bMhp0Pbd5V,1215.000,3ro8QLJh0yyykLyV
9,62,2026-04-05T09:35:27.492Z,210.000,10,115.000,Jg+7wzPVXO3fl6hF,207.000,0vdW+g6toC/h3nqI,209.000,UfIL2xPYUWA3pa2i,210.000,uHgM+VdJzX93m/5O,210.000,jwNdRfwvt/DA6PNq,211.000,Cr1IDgtoIwjHadzo,202.000,nbm0/St8w4GUlGA4,205.000,WYac+BcEaEqjcD+O,208.000,h4OQZ7bMhp0Pbd5V,1018.000,3ro8QLJh0yyykLyV
9,63,2026-04-05T09:35:27.702Z,194.000,10,107.000,Jg+7wzPVXO3fl6hF,186.000,UfIL2xPYUWA3pa2i,187.000,WYac+BcEaEqjcD+O,188.000,0vdW+g6toC/h3nqI,190.000,jwNdRfwvt/DA6PNq,191.000,uHgM+VdJzX93m/5O,194.000,nbm0/St8w4GUlGA4,195.000,Cr1IDgtoIwjHadzo,198.000,h4OQZ7bMhp0Pbd5V,810.000,3ro8QLJh0yyykLyV
9,64,2026-04-05T09:35:27.896Z,199.000,10,114.000,Jg+7wzPVXO3fl6hF,192.000,0vdW+g6toC/h3nqI,193.000,uHgM+VdJzX93m/5O,195.000,WYac+BcEaEqjcD+O,196.000,UfIL2xPYUWA3pa2i,197.000,nbm0/St8w4GUlGA4,198.000,jwNdRfwvt/DA6PNq,200.000,Cr1IDgtoIwjHadzo,205.000,h4OQZ7bMhp0Pbd5V,618.000,3ro8QLJh0yyykLyV
9,65,2026-04-05T09:35:28.095Z,201.000,10,117.000,Jg+7wzPVXO3fl6hF,193.000,WYac+BcEaEqjcD+O,196.000,UfIL2xPYUWA3pa2i,197.000,0vdW+g6toC/h3nqI,198.000,jwNdRfwvt/DA6PNq,199.000,uHgM+VdJzX93m/5O,201.000,nbm0/St8w4GUlGA4,202.000,Cr1IDgtoIwjHadzo,207.000,h4OQZ7bMhp0Pbd5V,421.000,3ro8QLJh0yyykLyV
9,66,2026-04-05T09:35:28.296Z,234.000,10,116.000,Jg+7wzPVXO3fl6hF,227.000,jwNdRfwvt/DA6PNq,228.000,0vdW+g6toC/h3nqI,230.000,WYac+BcEaEqjcD+O,231.000,Cr1IDgtoIwjHadzo,232.000,3ro8QLJh0yyykLyV,233.000,nbm0/St8w4GUlGA4,235.000,uHgM+VdJzX93m/5O,236.000,UfIL2xPYUWA3pa2i,238.000,h4OQZ7bMhp0Pbd5V
9,67,2026-04-05T09:35:28.530Z,168.000,10,83.000,Jg+7wzPVXO3fl6hF,162.000,jwNdRfwvt/DA6PNq,163.000,nbm0/St8w4GUlGA4,164.000,3ro8QLJh0yyykLyV,166.000,0vdW+g6toC/h3nqI,167.000,WYac+BcEaEqjcD+O,168.000,uHgM+VdJzX93m/5O,169.000,UfIL2xPYUWA3pa2i,171.000,Cr1IDgtoIwjHadzo,175.000,h4OQZ7bMhp0Pbd5V
9,68,2026-04-05T09:35:28.698Z,201.000,10,117.000,Jg+7wzPVXO3fl6hF,195.000,nbm0/St8w4GUlGA4,196.000,jwNdRfwvt/DA6PNq,197.000,Cr1IDgtoIwjHadzo,198.000,WYac+BcEaEqjcD+O,200.000,0vdW+g6toC/h3nqI,201.000,3ro8QLJh0yyykLyV,202.000,UfIL2xPYUWA3pa2i,203.000,uHgM+VdJzX93m/5O,207.000,h4OQZ7bMhp0Pbd5V
9,69,2026-04-05T09:35:28.899Z,201.000,10,118.000,Jg+7wzPVXO3fl6hF,194.000,jwNdRfwvt/DA6PNq,196.000,nbm0/St8w4GUlGA4,197.000,Cr1IDgtoIwjHadzo,198.000,UfIL2xPYUWA3pa2i,200.000,0vdW+g6toC/h3nqI,201.000,3ro8QLJh0yyykLyV,202.000,WYac+BcEaEqjcD+O,204.000,uHgM+VdJzX93m/5O,206.000,h4OQZ7bMhp0Pbd5V
9,70,2026-04-05T09:35:29.100Z,202.000,10,118.000,Jg+7wzPVXO3fl6hF,194.000,nbm0/St8w4GUlGA4,197.000,3ro8QLJh0yyykLyV,198.000,UfIL2xPYUWA3pa2i,200.000,Cr1IDgtoIwjHadzo,201.000,uHgM+VdJzX93m/5O,202.000,0vdW+g6toC/h3nqI,203.000,WYac+BcEaEqjcD+O,205.000,jwNdRfwvt/DA6PNq,208.000,h4OQZ7bMhp0Pbd5V
9,71,2026-04-05T09:35:29.302Z,201.000,10,117.000,Jg+7wzPVXO3fl6hF,193.000,nbm0/St8w4GUlGA4,195.000,jwNdRfwvt/DA6PNq,196.000,WYac+BcEaEqjcD+O,197.000,UfIL2xPYUWA3pa2i,198.000,uHgM+VdJzX93m/5O,200.000,3ro8QLJh0yyykLyV,202.000,Cr1IDgtoIwjHadzo,203.000,0vdW+g6toC/h3nqI,204.000,h4OQZ7bMhp0Pbd5V
9,72,2026-04-05T09:35:29.503Z,201.000,10,117.000,Jg+7wzPVXO3fl6hF,193.000,nbm0/St8w4GUlGA4,196.000,uHgM+VdJzX93m/5O,197.000,Cr1IDgtoIwjHadzo,198.000,jwNdRfwvt/DA6PNq,200.000,UfIL2xPYUWA3pa2i,201.000,0vdW+g6toC/h3nqI,202.000,3ro8QLJh0yyykLyV,203.000,WYac+BcEaEqjcD+O,206.000,h4OQZ7bMhp0Pbd5V
9,73,2026-04-05T09:35:29.704Z,202.000,10,118.000,Jg+7wzPVXO3fl6hF,195.000,3ro8QLJh0yyykLyV,197.000,0vdW+g6toC/h3nqI,198.000,nbm0/St8w4GUlGA4,199.000,jwNdRfwvt/DA6PNq,200.000,Cr1IDgtoIwjHadzo,202.000,WYac+BcEaEqjcD+O,203.000,UfIL2xPYUWA3pa2i,204.000,uHgM+VdJzX93m/5O,208.000,h4OQZ7bMhp0Pbd5V
9,74,2026-04-05T09:35:29.906Z,201.000,10,118.000,Jg+7wzPVXO3fl6hF,195.000,nbm0/St8w4GUlGA4,196.000,Cr1IDgtoIwjHadzo,197.000,jwNdRfwvt/DA6PNq,198.000,uHgM+VdJzX93m/5O,200.000,UfIL2xPYUWA3pa2i,201.000,WYac+BcEaEqjcD+O,202.000,3ro8QLJh0yyykLyV,203.000,0vdW+g6toC/h3nqI,208.000,h4OQZ7bMhp0Pbd5V
9,75,2026-04-05T09:35:30.107Z,200.000,10,118.000,Jg+7wzPVXO3fl6hF,194.000,0vdW+g6toC/h3nqI,195.000,jwNdRfwvt/DA6PNq,196.000,nbm0/St8w4GUlGA4,197.000,uHgM+VdJzX93m/5O,199.000,UfIL2xPYUWA3pa2i,200.000,3ro8QLJh0yyykLyV,201.000,Cr1IDgtoIwjHadzo,203.000,WYac+BcEaEqjcD+O,207.000,h4OQZ7bMhp0Pbd5V
9,76,2026-04-05T09:35:30.307Z,202.000,10,119.000,Jg+7wzPVXO3fl6hF,196.000,jwNdRfwvt/DA6PNq,197.000,uHgM+VdJzX93m/5O,199.000,UfIL2xPYUWA3pa2i,200.000,Cr1IDgtoIwjHadzo,201.000,nbm0/St8w4GUlGA4,202.000,0vdW+g6toC/h3nqI,204.000,WYac+BcEaEqjcD+O,205.000,3ro8QLJh0yyykLyV,209.000,h4OQZ7bMhp0Pbd5V
9,77,2026-04-05T09:35:30.509Z,201.000,10,117.000,Jg+7wzPVXO3fl6hF,194.000,jwNdRfwvt/DA6PNq,196.000,uHgM+VdJzX93m/5O,197.000,3ro8QLJh0yyykLyV,198.000,Cr1IDgtoIwjHadzo,199.000,nbm0/St8w4GUlGA4,201.000,0vdW+g6toC/h3nqI,202.000,UfIL2xPYUWA3pa2i,203.000,WYac+BcEaEqjcD+O,207.000,h4OQZ7bMhp0Pbd5V
9,78,2026-04-05T09:35:30.710Z,202.000,10,117.000,Jg+7wzPVXO3fl6hF,195.000,UfIL2xPYUWA3pa2i,197.000,uHgM+VdJzX93m/5O,198.000,WYac+BcEaEqjcD+O,199.000,0vdW+g6toC/h3nqI,200.000,Cr1IDgtoIwjHadzo,202.000,nbm0/St8w4GUlGA4,203.000,3ro8QLJh0yyykLyV,205.000,jwNdRfwvt/DA6PNq,208.000,h4OQZ7bMhp0Pbd5V
9,79,2026-04-05T09:35:30.912Z,201.000,10,116.000,Jg+7wzPVXO3fl6hF,195.000,3ro8QLJh0yyykLyV,196.000,uHgM+VdJzX93m/5O,197.000,0vdW+g6toC/h3nqI,198.000,nbm0/St8w4GUlGA4,200.000,WYac+BcEaEqjcD+O,201.000,Cr1IDgtoIwjHadzo,202.000,UfIL2xPYUWA3pa2i,203.000,jwNdRfwvt/DA6PNq,207.000,h4OQZ7bMhp0Pbd5V
9,80,2026-04-05T09:35:31.113Z,201.000,10,117.000,Jg+7wzPVXO3fl6hF,195.000,jwNdRfwvt/DA6PNq,196.000,uHgM+VdJzX93m/5O,197.000,nbm0/St8w4GUlGA4,198.000,Cr1IDgtoIwjHadzo,200.000,UfIL2xPYUWA3pa2i,201.000,3ro8QLJh0yyykLyV,202.000,0vdW+g6toC/h3nqI,204.000,WYac+BcEaEqjcD+O,208.000,h4OQZ7bMhp0Pbd5V
9,81,2026-04-05T09:35:31.314Z,204.000,10,118.000,Jg+7wzPVXO3fl6hF,197.000,0vdW+g6toC/h3nqI,198.000,3ro8QLJh0yyykLyV,199.000,UfIL2xPYUWA3pa2i,202.000,uHgM+VdJzX93m/5O,203.000,nbm0/St8w4GUlGA4,204.000,jwNdRfwvt/DA6PNq,206.000,Cr1IDgtoIwjHadzo,207.000,WYac+BcEaEqjcD+O,208.000,h4OQZ7bMhp0Pbd5V
9,82,2026-04-05T09:35:31.518Z,200.000,10,124.000,Jg+7wzPVXO3fl6hF,192.000,3ro8QLJh0yyykLyV,195.000,UfIL2xPYUWA3pa2i,196.000,0vdW+g6toC/h3nqI,198.000,nbm0/St8w4GUlGA4,199.000,uHgM+VdJzX93m/5O,200.000,Cr1IDgtoIwjHadzo,201.000,jwNdRfwvt/DA6PNq,203.000,WYac+BcEaEqjcD+O,205.000,h4OQZ7bMhp0Pbd5V
9,83,2026-04-05T09:35:31.718Z,206.000,10,116.000,Jg+7wzPVXO3fl6hF,195.000,uHgM+VdJzX93m/5O,197.000,jwNdRfwvt/DA6PNq,200.000,0vdW+g6toC/h3nqI,201.000,3ro8QLJh0yyykLyV,203.000,UfIL2xPYUWA3pa2i,206.000,WYac+BcEaEqjcD+O,208.000,Cr1IDgtoIwjHadzo,210.000,nbm0/St8w4GUlGA4,215.000,h4OQZ7bMhp0Pbd5V
9,84,2026-04-05T09:35:31.924Z,197.000,10,113.000,Jg+7wzPVXO3fl6hF,189.000,jwNdRfwvt/DA6PNq,191.000,uHgM+VdJzX93m/5O,193.000,Cr1IDgtoIwjHadzo,194.000,UfIL2xPYUWA3pa2i,195.000,0vdW+g6toC/h3nqI,196.000,nbm0/St8w4GUlGA4,198.000,3ro8QLJh0yyykLyV,199.000,WYac+BcEaEqjcD+O,205.000,h4OQZ7bMhp0Pbd5V
9,85,2026-04-05T09:35:32.121Z,194.000,10,116.000,Jg+7wzPVXO3fl6hF,188.000,Cr1IDgtoIwjHadzo,189.000,uHgM+VdJzX93m/5O,191.000,3ro8QLJh0yyykLyV,192.000,nbm0/St8w4GUlGA4,193.000,WYac+BcEaEqjcD+O,194.000,0vdW+g6toC/h3nqI,195.000,jwNdRfwvt/DA6PNq,199.000,UfIL2xPYUWA3pa2i,204.000,h4OQZ7bMhp0Pbd5V
9,86,2026-04-05T09:35:32.315Z,205.000,10,124.000,Jg+7wzPVXO3fl6hF,199.000,Cr1IDgtoIwjHadzo,200.000,jwNdRfwvt/DA6PNq,202.000,WYac+BcEaEqjcD+O,203.000,UfIL2xPYUWA3pa2i,204.000,0vdW+g6toC/h3nqI,205.000,nbm0/St8w4GUlGA4,206.000,uHgM+VdJzX93m/5O,207.000,3ro8QLJh0yyykLyV,208.000,h4OQZ7bMhp0Pbd5V
9,87,2026-04-05T09:35:32.520Z,207.000,10,121.000,Jg+7wzPVXO3fl6hF,196.000,WYac+BcEaEqjcD+O,197.000,UfIL2xPYUWA3pa2i,198.000,Cr1IDgtoIwjHadzo,202.000,jwNdRfwvt/DA6PNq,205.000,3ro8QLJh0yyykLyV,207.000,0vdW+g6toC/h3nqI,208.000,nbm0/St8w4GUlGA4,210.000,h4OQZ7bMhp0Pbd5V,234.000,uHgM+VdJzX93m/5O
9,88,2026-04-05T09:35:32.727Z,206.000,10,115.000,Jg+7wzPVXO3fl6hF,194.000,UfIL2xPYUWA3pa2i,198.000,WYac+BcEaEqjcD+O,199.000,0vdW+g6toC/h3nqI,200.000,uHgM+VdJzX93m/5O,203.000,jwNdRfwvt/DA6PNq,205.000,3ro8QLJh0yyykLyV,208.000,nbm0/St8w4GUlGA4,210.000,Cr1IDgtoIwjHadzo,213.000,h4OQZ7bMhp0Pbd5V
9,89,2026-04-05T09:35:32.933Z,192.000,10,111.000,Jg+7wzPVXO3fl6hF,184.000,WYac+BcEaEqjcD+O,186.000,0vdW+g6toC/h3nqI,188.000,nbm0/St8w4GUlGA4,189.000,UfIL2xPYUWA3pa2i,190.000,jwNdRfwvt/DA6PNq,192.000,uHgM+VdJzX93m/5O,193.000,3ro8QLJh0yyykLyV,194.000,Cr1IDgtoIwjHadzo,197.000,h4OQZ7bMhp0Pbd5V
9,90,2026-04-05T09:35:33.125Z,333.000,10,121.000,Jg+7wzPVXO3fl6hF,325.000,uHgM+VdJzX93m/5O,327.000,UfIL2xPYUWA3pa2i,329.000,0vdW+g6toC/h3nqI,330.000,jwNdRfwvt/DA6PNq,331.000,Cr1IDgtoIwjHadzo,332.000,3ro8QLJh0yyykLyV,334.000,nbm0/St8w4GUlGA4,336.000,WYac+BcEaEqjcD+O,339.000,h4OQZ7bMhp0Pbd5V
9,91,2026-04-05T09:35:33.458Z,67.000,10,7.000,Jg+7wzPVXO3fl6hF,60.000,jwNdRfwvt/DA6PNq,62.000,0vdW+g6toC/h3nqI,64.000,uHgM+VdJzX93m/5O,65.000,WYac+BcEaEqjcD+O,66.000,Cr1IDgtoIwjHadzo,67.000,3ro8QLJh0yyykLyV,71.000,UfIL2xPYUWA3pa2i,72.000,nbm0/St8w4GUlGA4,76.000,h4OQZ7bMhp0Pbd5V
9,92,2026-04-05T09:35:33.525Z,200.000,10,136.000,Jg+7wzPVXO3fl6hF,193.000,0vdW+g6toC/h3nqI,195.000,UfIL2xPYUWA3pa2i,196.000,Cr1IDgtoIwjHadzo,197.000,nbm0/St8w4GUlGA4,199.000,WYac+BcEaEqjcD+O,200.000,jwNdRfwvt/DA6PNq,202.000,uHgM+VdJzX93m/5O,202.000,3ro8QLJh0yyykLyV,215.000,h4OQZ7bMhp0Pbd5V
9,93,2026-04-05T09:35:33.725Z,208.000,10,139.000,Jg+7wzPVXO3fl6hF,199.000,0vdW+g6toC/h3nqI,201.000,Cr1IDgtoIwjHadzo,204.000,WYac+BcEaEqjcD+O,205.000,jwNdRfwvt/DA6PNq,206.000,3ro8QLJh0yyykLyV,208.000,nbm0/St8w4GUlGA4,209.000,h4OQZ7bMhp0Pbd5V,211.000,UfIL2xPYUWA3pa2i,287.000,uHgM+VdJzX93m/5O
9,94,2026-04-05T09:35:33.933Z,233.000,10,130.000,Jg+7wzPVXO3fl6hF,221.000,uHgM+VdJzX93m/5O,224.000,0vdW+g6toC/h3nqI,226.000,WYac+BcEaEqjcD+O,228.000,3ro8QLJh0yyykLyV,231.000,h4OQZ7bMhp0Pbd5V,233.000,jwNdRfwvt/DA6PNq,288.000,UfIL2xPYUWA3pa2i,289.000,Cr1IDgtoIwjHadzo,400.000,nbm0/St8w4GUlGA4
9,95,2026-04-05T09:35:34.166Z,164.000,9,99.000,Jg+7wzPVXO3fl6hF,153.000,UfIL2xPYUWA3pa2i,154.000,jwNdRfwvt/DA6PNq,159.000,WYac+BcEaEqjcD+O,160.000,uHgM+VdJzX93m/5O,160.000,0vdW+g6toC/h3nqI,164.000,Cr1IDgtoIwjHadzo,167.000,h4OQZ7bMhp0Pbd5V,206.000,nbm0/St8w4GUlGA4,,
9,96,2026-04-05T09:35:34.330Z,203.000,9,24.000,3ro8QLJh0yyykLyV,135.000,Jg+7wzPVXO3fl6hF,194.000,uHgM+VdJzX93m/5O,195.000,UfIL2xPYUWA3pa2i,197.000,0vdW+g6toC/h3nqI,199.000,jwNdRfwvt/DA6PNq,203.000,h4OQZ7bMhp0Pbd5V,204.000,WYac+BcEaEqjcD+O,206.000,Cr1IDgtoIwjHadzo,,
9,97,2026-04-05T09:35:34.533Z,218.000,10,11.000,nbm0/St8w4GUlGA4,24.000,3ro8QLJh0yyykLyV,207.000,0vdW+g6toC/h3nqI,211.000,uHgM+VdJzX93m/5O,214.000,UfIL2xPYUWA3pa2i,216.000,Jg+7wzPVXO3fl6hF,218.000,WYac+BcEaEqjcD+O,219.000,h4OQZ7bMhp0Pbd5V,224.000,Cr1IDgtoIwjHadzo,242.000,jwNdRfwvt/DA6PNq
9,98,2026-04-05T09:35:34.751Z,180.000,8,5.000,nbm0/St8w4GUlGA4,10.000,3ro8QLJh0yyykLyV,173.000,uHgM+VdJzX93m/5O,175.000,0vdW+g6toC/h3nqI,178.000,UfIL2xPYUWA3pa2i,179.000,WYac+BcEaEqjcD+O,180.000,jwNdRfwvt/DA6PNq,181.000,h4OQZ7bMhp0Pbd5V,,,,
9,99,2026-04-05T09:35:34.931Z,200.000,10,5.000,Jg+7wzPVXO3fl6hF,12.000,Cr1IDgtoIwjHadzo,29.000,3ro8QLJh0yyykLyV,108.000,nbm0/St8w4GUlGA4,194.000,0vdW+g6toC/h3nqI,195.000,uHgM+VdJzX93m/5O,200.000,h4OQZ7bMhp0Pbd5V,200.000,WYac+BcEaEqjcD+O,205.000,UfIL2xPYUWA3pa2i,211.000,jwNdRfwvt/DA6PNq
9,100,2026-04-05T09:35:35.131Z,199.000,10,7.000,Jg+7wzPVXO3fl6hF,16.000,Cr1IDgtoIwjHadzo,30.000,3ro8QLJh0yyykLyV,103.000,nbm0/St8w4GUlGA4,195.000,uHgM+VdJzX93m/5O,196.000,0vdW+g6toC/h3nqI,199.000,UfIL2xPYUWA3pa2i,202.000,WYac+BcEaEqjcD+O,205.000,jwNdRfwvt/DA6PNq,209.000,h4OQZ7bMhp0Pbd5V
9,101,2026-04-05T09:35:35.330Z,247.000,10,8.000,Jg+7wzPVXO3fl6hF,18.000,Cr1IDgtoIwjHadzo,31.000,3ro8QLJh0yyykLyV,242.000,nbm0/St8w4GUlGA4,243.000,uHgM+VdJzX93m/5O,244.000,WYac+BcEaEqjcD+O,246.000,h4OQZ7bMhp0Pbd5V,250.000,UfIL2xPYUWA3pa2i,251.000,0vdW+g6toC/h3nqI,260.000,jwNdRfwvt/DA6PNq
9,102,2026-04-05T09:35:35.577Z,153.000,9,5.000,3ro8QLJh0yyykLyV,7.000,Cr1IDgtoIwjHadzo,8.000,Jg+7wzPVXO3fl6hF,59.000,nbm0/St8w4GUlGA4,151.000,0vdW+g6toC/h3nqI,152.000,uHgM+VdJzX93m/5O,153.000,WYac+BcEaEqjcD+O,157.000,jwNdRfwvt/DA6PNq,159.000,h4OQZ7bMhp0Pbd5V,,
9,103,2026-04-05T09:35:35.730Z,201.000,10,26.000,UfIL2xPYUWA3pa2i,37.000,3ro8QLJh0yyykLyV,38.000,Cr1IDgtoIwjHadzo,50.000,Jg+7wzPVXO3fl6hF,110.000,nbm0/St8w4GUlGA4,200.000,0vdW+g6toC/h3nqI,201.000,jwNdRfwvt/DA6PNq,202.000,WYac+BcEaEqjcD+O,204.000,uHgM+VdJzX93m/5O,208.000,h4OQZ7bMhp0Pbd5V
9,104,2026-04-05T09:35:35.931Z,205.000,10,26.000,UfIL2xPYUWA3pa2i,38.000,3ro8QLJh0yyykLyV,40.000,Cr1IDgtoIwjHadzo,50.000,Jg+7wzPVXO3fl6hF,106.000,nbm0/St8w4GUlGA4,202.000,jwNdRfwvt/DA6PNq,205.000,WYac+BcEaEqjcD+O,206.000,h4OQZ7bMhp0Pbd5V,209.000,0vdW+g6toC/h3nqI,476.000,uHgM+VdJzX93m/5O
9,105,2026-04-05T09:35:36.136Z,199.000,9,22.000,UfIL2xPYUWA3pa2i,37.000,Cr1IDgtoIwjHadzo,39.000,3ro8QLJh0yyykLyV,47.000,Jg+7wzPVXO3fl6hF,105.000,nbm0/St8w4GUlGA4,197.000,0vdW+g6toC/h3nqI,199.000,jwNdRfwvt/DA6PNq,201.000,h4OQZ7bMhp0Pbd5V,204.000,WYac+BcEaEqjcD+O,,
9,106,2026-04-05T09:35:36.335Z,200.000,9,27.000,UfIL2xPYUWA3pa2i,37.000,Cr1IDgtoIwjHadzo,42.000,3ro8QLJh0yyykLyV,49.000,Jg+7wzPVXO3fl6hF,106.000,nbm0/St8w4GUlGA4,198.000,WYac+BcEaEqjcD+O,200.000,0vdW+g6toC/h3nqI,202.000,jwNdRfwvt/DA6PNq,203.000,h4OQZ7bMhp0Pbd5V,,
9,107,2026-04-05T09:35:36.535Z,200.000,10,23.000,UfIL2xPYUWA3pa2i,37.000,Cr1IDgtoIwjHadzo,44.000,3ro8QLJh0yyykLyV,45.000,uHgM+VdJzX93m/5O,51.000,Jg+7wzPVXO3fl6hF,108.000,nbm0/St8w4GUlGA4,200.000,jwNdRfwvt/DA6PNq,211.000,h4OQZ7bMhp0Pbd5V,214.000,WYac+BcEaEqjcD+O,232.000,0vdW+g6toC/h3nqI
9,108,2026-04-05T09:35:36.735Z,201.000,9,27.000,UfIL2xPYUWA3pa2i,40.000,3ro8QLJh0yyykLyV,47.000,uHgM+VdJzX93m/5O,51.000,Jg+7wzPVXO3fl6hF,110.000,nbm0/St8w4GUlGA4,126.000,Cr1IDgtoIwjHadzo,201.000,jwNdRfwvt/DA6PNq,202.000,WYac+BcEaEqjcD+O,274.000,h4OQZ7bMhp0Pbd5V,,
9,109,2026-04-05T09:35:36.936Z,149.000,7,27.000,UfIL2xPYUWA3pa2i,29.000,0vdW+g6toC/h3nqI,40.000,3ro8QLJh0yyykLyV,47.000,uHgM+VdJzX93m/5O,52.000,Jg+7wzPVXO3fl6hF,148.000,nbm0/St8w4GUlGA4,149.000,Cr1IDgtoIwjHadzo,,,,,,
9,110,2026-04-05T09:35:37.085Z,98.000,7,52.000,jwNdRfwvt/DA6PNq,54.000,WYac+BcEaEqjcD+O,57.000,h4OQZ7bMhp0Pbd5V,79.000,0vdW+g6toC/h3nqI,80.000,UfIL2xPYUWA3pa2i,92.000,3ro8QLJh0yyykLyV,97.000,uHgM+VdJzX93m/5O,,,,,,
9,111,2026-04-05T09:35:37.183Z,182.000,9,7.000,Jg+7wzPVXO3fl6hF,63.000,nbm0/St8w4GUlGA4,64.000,Cr1IDgtoIwjHadzo,155.000,WYac+BcEaEqjcD+O,156.000,jwNdRfwvt/DA6PNq,159.000,h4OQZ7bMhp0Pbd5V,182.000,0vdW+g6toC/h3nqI,183.000,UfIL2xPYUWA3pa2i,315.000,uHgM+VdJzX93m/5O,,
9,112,2026-04-05T09:35:37.365Z,201.000,9,12.000,3ro8QLJh0yyykLyV,26.000,Jg+7wzPVXO3fl6hF,83.000,Cr1IDgtoIwjHadzo,85.000,nbm0/St8w4GUlGA4,175.000,jwNdRfwvt/DA6PNq,178.000,h4OQZ7bMhp0Pbd5V,201.000,0vdW+g6toC/h3nqI,206.000,UfIL2xPYUWA3pa2i,243.000,WYac+BcEaEqjcD+O,,
9,113,2026-04-05T09:35:37.566Z,203.000,9,13.000,3ro8QLJh0yyykLyV,26.000,Jg+7wzPVXO3fl6hF,82.000,nbm0/St8w4GUlGA4,85.000,Cr1IDgtoIwjHadzo,122.000,uHgM+VdJzX93m/5O,177.000,jwNdRfwvt/DA6PNq,203.000,UfIL2xPYUWA3pa2i,205.000,h4OQZ7bMhp0Pbd5V,212.000,0vdW+g6toC/h3nqI,,
9,114,2026-04-05T09:35:37.769Z,175.000,8,13.000,3ro8QLJh0yyykLyV,23.000,WYac+BcEaEqjcD+O,25.000,Jg+7wzPVXO3fl6hF,80.000,nbm0/St8w4GUlGA4,83.000,Cr1IDgtoIwjHadzo,125.000,uHgM+VdJzX93m/5O,175.000,jwNdRfwvt/DA6PNq,176.000,h4OQZ7bMhp0Pbd5V,,,,
9,115,2026-04-05T09:35:37.944Z,109.000,7,25.000,UfIL2xPYUWA3pa2i,27.000,0vdW+g6toC/h3nqI,37.000,3ro8QLJh0yyykLyV,49.000,WYac+BcEaEqjcD+O,52.000,Jg+7wzPVXO3fl6hF,107.000,nbm0/St8w4GUlGA4,108.000,Cr1IDgtoIwjHadzo,,,,,,
9,116,2026-04-05T09:35:38.053Z,144.000,8,37.000,uHgM+VdJzX93m/5O,91.000,h4OQZ7bMhp0Pbd5V,92.000,jwNdRfwvt/DA6PNq,118.000,UfIL2xPYUWA3pa2i,120.000,0vdW+g6toC/h3nqI,132.000,3ro8QLJh0yyykLyV,144.000,Jg+7wzPVXO3fl6hF,148.000,WYac+BcEaEqjcD+O,,,,
9,117,2026-04-05T09:35:38.197Z,187.000,8,55.000,Cr1IDgtoIwjHadzo,94.000,uHgM+VdJzX93m/5O,95.000,nbm0/St8w4GUlGA4,149.000,h4OQZ7bMhp0Pbd5V,174.000,UfIL2xPYUWA3pa2i,179.000,0vdW+g6toC/h3nqI,187.000,3ro8QLJh0yyykLyV,245.000,jwNdRfwvt/DA6PNq,,,,
9,118,2026-04-05T09:35:38.384Z,165.000,7,12.000,WYac+BcEaEqjcD+O,16.000,Jg+7wzPVXO3fl6hF,69.000,Cr1IDgtoIwjHadzo,91.000,nbm0/St8w4GUlGA4,108.000,uHgM+VdJzX93m/5O,164.000,h4OQZ7bMhp0Pbd5V,165.000,jwNdRfwvt/DA6PNq,,,,,,
9,119,2026-04-05T09:35:38.549Z,147.000,8,23.000,UfIL2xPYUWA3pa2i,42.000,3ro8QLJh0yyykLyV,49.000,WYac+BcEaEqjcD+O,78.000,Jg+7wzPVXO3fl6hF,106.000,Cr1IDgtoIwjHadzo,128.000,nbm0/St8w4GUlGA4,147.000,uHgM+VdJzX93m/5O,167.000,0vdW+g6toC/h3nqI,,,,
9,120,2026-04-05T09:35:38.696Z,104.000,7,53.000,jwNdRfwvt/DA6PNq,54.000,h4OQZ7bMhp0Pbd5V,78.000,0vdW+g6toC/h3nqI,80.000,UfIL2xPYUWA3pa2i,91.000,3ro8QLJh0yyykLyV,102.000,WYac+BcEaEqjcD+O,104.000,Jg+7wzPVXO3fl6hF,,,,,,
9,121,2026-04-05T09:35:38.800Z,192.000,8,82.000,Cr1IDgtoIwjHadzo,85.000,nbm0/St8w4GUlGA4,96.000,uHgM+VdJzX93m/5O,150.000,jwNdRfwvt/DA6PNq,177.000,0vdW+g6toC/h3nqI,186.000,UfIL2xPYUWA3pa2i,192.000,3ro8QLJh0yyykLyV,238.000,h4OQZ7bMhp0Pbd5V,,,,
9,122,2026-04-05T09:35:38.992Z,161.000,7,8.000,WYac+BcEaEqjcD+O,11.000,Jg+7wzPVXO3fl6hF,83.000,Cr1IDgtoIwjHadzo,86.000,nbm0/St8w4GUlGA4,104.000,uHgM+VdJzX93m/5O,159.000,jwNdRfwvt/DA6PNq,160.000,h4OQZ7bMhp0Pbd5V,,,,,,
9,123,2026-04-05T09:35:39.153Z,133.000,7,24.000,0vdW+g6toC/h3nqI,25.000,UfIL2xPYUWA3pa2i,42.000,3ro8QLJh0yyykLyV,47.000,WYac+BcEaEqjcD+O,50.000,Jg+7wzPVXO3fl6hF,107.000,Cr1IDgtoIwjHadzo,133.000,nbm0/St8w4GUlGA4,,,,,,
9,124,2026-04-05T09:35:39.286Z,117.000,8,11.000,uHgM+VdJzX93m/5O,66.000,jwNdRfwvt/DA6PNq,69.000,h4OQZ7bMhp0Pbd5V,91.000,UfIL2xPYUWA3pa2i,94.000,0vdW+g6toC/h3nqI,105.000,3ro8QLJh0yyykLyV,117.000,WYac+BcEaEqjcD+O,119.000,Jg+7wzPVXO3fl6hF,,,,
9,125,2026-04-05T09:35:39.403Z,179.000,7,60.000,Cr1IDgtoIwjHadzo,77.000,nbm0/St8w4GUlGA4,95.000,uHgM+VdJzX93m/5O,152.000,jwNdRfwvt/DA6PNq,153.000,h4OQZ7bMhp0Pbd5V,176.000,0vdW+g6toC/h3nqI,179.000,UfIL2xPYUWA3pa2i,,,,,,
9,126,2026-04-05T09:35:39.582Z,173.000,8,10.000,3ro8QLJh0yyykLyV,24.000,WYac+BcEaEqjcD+O,27.000,Jg+7wzPVXO3fl6hF,81.000,Cr1IDgtoIwjHadzo,98.000,nbm0/St8w4GUlGA4,116.000,uHgM+VdJzX93m/5O,173.000,jwNdRfwvt/DA6PNq,347.000,h4OQZ7bMhp0Pbd5V,,,,
9,127,2026-04-05T09:35:39.755Z,126.000,7,25.000,0vdW+g6toC/h3nqI,27.000,UfIL2xPYUWA3pa2i,38.000,3ro8QLJh0yyykLyV,51.000,WYac+BcEaEqjcD+O,54.000,Jg+7wzPVXO3fl6hF,108.000,Cr1IDgtoIwjHadzo,126.000,nbm0/St8w4GUlGA4,,,,,,
9,128,2026-04-05T09:35:39.881Z,124.000,7,19.000,uHgM+VdJzX93m/5O,75.000,h4OQZ7bMhp0Pbd5V,77.000,jwNdRfwvt/DA6PNq,100.000,0vdW+g6toC/h3nqI,107.000,UfIL2xPYUWA3pa2i,113.000,3ro8QLJh0yyykLyV,124.000,WYac+BcEaEqjcD+O,,,,,,
9,129,2026-04-05T09:35:40.005Z,178.000,8,4.000,Jg+7wzPVXO3fl6hF,59.000,Cr1IDgtoIwjHadzo,77.000,nbm0/St8w4GUlGA4,96.000,uHgM+VdJzX93m/5O,153.000,h4OQZ7bMhp0Pbd5V,154.000,jwNdRfwvt/DA6PNq,178.000,UfIL2xPYUWA3pa2i,179.000,0vdW+g6toC/h3nqI,,,,
9,130,2026-04-05T09:35:40.183Z,179.000,8,13.000,3ro8QLJh0yyykLyV,26.000,WYac+BcEaEqjcD+O,30.000,Jg+7wzPVXO3fl6hF,82.000,Cr1IDgtoIwjHadzo,101.000,nbm0/St8w4GUlGA4,122.000,uHgM+VdJzX93m/5O,179.000,h4OQZ7bMhp0Pbd5V,208.000,jwNdRfwvt/DA6PNq,,,,
9,131,2026-04-05T09:35:40.362Z,126.000,7,22.000,0vdW+g6toC/h3nqI,25.000,UfIL2xPYUWA3pa2i,35.000,3ro8QLJh0yyykLyV,49.000,Jg+7wzPVXO3fl6hF,55.000,WYac+BcEaEqjcD+O,103.000,Cr1IDgtoIwjHadzo,125.000,nbm0/St8w4GUlGA4,,,,,,
9,132,2026-04-05T09:35:40.488Z,122.000,8,17.000,uHgM+VdJzX93m/5O,72.000,jwNdRfwvt/DA6PNq,76.000,h4OQZ7bMhp0Pbd5V,98.000,UfIL2xPYUWA3pa2i,99.000,0vdW+g6toC/h3nqI,111.000,3ro8QLJh0yyykLyV,122.000,WYac+BcEaEqjcD+O,125.000,Jg+7wzPVXO3fl6hF,,,,
9,133,2026-04-05T09:35:40.610Z,186.000,7,57.000,Cr1IDgtoIwjHadzo,79.000,nbm0/St8w4GUlGA4,96.000,uHgM+VdJzX93m/5O,149.000,jwNdRfwvt/DA6PNq,182.000,h4OQZ7bMhp0Pbd5V,184.000,UfIL2xPYUWA3pa2i,186.000,0vdW+g6toC/h3nqI,,,,,,
9,134,2026-04-05T09:35:40.796Z,164.000,7,4.000,3ro8QLJh0yyykLyV,15.000,WYac+BcEaEqjcD+O,18.000,Jg+7wzPVXO3fl6hF,72.000,Cr1IDgtoIwjHadzo,92.000,nbm0/St8w4GUlGA4,113.000,uHgM+VdJzX93m/5O,164.000,jwNdRfwvt/DA6PNq,,,,,,
9,135,2026-04-05T09:35:40.960Z,111.000,7,3.000,h4OQZ7bMhp0Pbd5V,29.000,UfIL2xPYUWA3pa2i,33.000,0vdW+g6toC/h3nqI,40.000,3ro8QLJh0yyykLyV,52.000,WYac+BcEaEqjcD+O,55.000,Jg+7wzPVXO3fl6hF,111.000,Cr1IDgtoIwjHadzo,,,,,,
9,136,2026-04-05T09:35:41.071Z,155.000,9,19.000,nbm0/St8w4GUlGA4,37.000,uHgM+VdJzX93m/5O,90.000,jwNdRfwvt/DA6PNq,122.000,h4OQZ7bMhp0Pbd5V,150.000,UfIL2xPYUWA3pa2i,153.000,3ro8QLJh0yyykLyV,154.000,Jg+7wzPVXO3fl6hF,182.000,WYac+BcEaEqjcD+O,202.000,0vdW+g6toC/h3nqI,,
9,137,2026-04-05T09:35:41.226Z,191.000,8,56.000,Cr1IDgtoIwjHadzo,67.000,nbm0/St8w4GUlGA4,85.000,uHgM+VdJzX93m/5O,139.000,jwNdRfwvt/DA6PNq,142.000,h4OQZ7bMhp0Pbd5V,165.000,UfIL2xPYUWA3pa2i,191.000,Jg+7wzPVXO3fl6hF,208.000,3ro8QLJh0yyykLyV,,,,
9,138,2026-04-05T09:35:41.417Z,160.000,7,23.000,WYac+BcEaEqjcD+O,42.000,0vdW+g6toC/h3nqI,57.000,Cr1IDgtoIwjHadzo,76.000,nbm0/St8w4GUlGA4,97.000,uHgM+VdJzX93m/5O,149.000,jwNdRfwvt/DA6PNq,160.000,h4OQZ7bMhp0Pbd5V,,,,,,
9,139,2026-04-05T09:35:41.577Z,126.000,7,16.000,UfIL2xPYUWA3pa2i,28.000,3ro8QLJh0yyykLyV,47.000,Jg+7wzPVXO3fl6hF,64.000,WYac+BcEaEqjcD+O,81.000,0vdW+g6toC/h3nqI,98.000,Cr1IDgtoIwjHadzo,118.000,nbm0/St8w4GUlGA4,,,,,,
9,140,2026-04-05T09:35:41.703Z,139.000,7,9.000,uHgM+VdJzX93m/5O,66.000,jwNdRfwvt/DA6PNq,69.000,h4OQZ7bMhp0Pbd5V,91.000,UfIL2xPYUWA3pa2i,105.000,3ro8QLJh0yyykLyV,124.000,Jg+7wzPVXO3fl6hF,139.000,WYac+BcEaEqjcD+O,,,,,,
9,141,2026-04-05T09:35:41.842Z,167.000,8,18.000,0vdW+g6toC/h3nqI,31.000,Cr1IDgtoIwjHadzo,53.000,nbm0/St8w4GUlGA4,72.000,uHgM+VdJzX93m/5O,132.000,jwNdRfwvt/DA6PNq,154.000,UfIL2xPYUWA3pa2i,167.000,3ro8QLJh0yyykLyV,240.000,h4OQZ7bMhp0Pbd5V,,,,
9,142,2026-04-05T09:35:42.009Z,162.000,8,22.000,Jg+7wzPVXO3fl6hF,54.000,WYac+BcEaEqjcD+O,56.000,0vdW+g6toC/h3nqI,67.000,Cr1IDgtoIwjHadzo,91.000,nbm0/St8w4GUlGA4,105.000,uHgM+VdJzX93m/5O,162.000,h4OQZ7bMhp0Pbd5V,170.000,jwNdRfwvt/DA6PNq,,,,
9,143,2026-04-05T09:35:42.171Z,128.000,7,27.000,UfIL2xPYUWA3pa2i,41.000,3ro8QLJh0yyykLyV,52.000,Jg+7wzPVXO3fl6hF,75.000,WYac+BcEaEqjcD+O,92.000,0vdW+g6toC/h3nqI,119.000,Cr1IDgtoIwjHadzo,128.000,nbm0/St8w4GUlGA4,,,,,,
9,144,2026-04-05T09:35:42.299Z,148.000,8,16.000,uHgM+VdJzX93m/5O,77.000,jwNdRfwvt/DA6PNq,82.000,h4OQZ7bMhp0Pbd5V,100.000,UfIL2xPYUWA3pa2i,114.000,3ro8QLJh0yyykLyV,124.000,Jg+7wzPVXO3fl6hF,148.000,WYac+BcEaEqjcD+O,214.000,Cr1IDgtoIwjHadzo,,,,
9,145,2026-04-05T09:35:42.447Z,167.000,7,17.000,0vdW+g6toC/h3nqI,55.000,nbm0/St8w4GUlGA4,76.000,uHgM+VdJzX93m/5O,127.000,h4OQZ7bMhp0Pbd5V,140.000,jwNdRfwvt/DA6PNq,155.000,UfIL2xPYUWA3pa2i,166.000,3ro8QLJh0yyykLyV,,,,,,
9,146,2026-04-05T09:35:42.614Z,167.000,8,10.000,Jg+7wzPVXO3fl6hF,34.000,WYac+BcEaEqjcD+O,70.000,0vdW+g6toC/h3nqI,81.000,Cr1IDgtoIwjHadzo,104.000,uHgM+VdJzX93m/5O,161.000,h4OQZ7bMhp0Pbd5V,166.000,jwNdRfwvt/DA6PNq,198.000,nbm0/St8w4GUlGA4,,,,
9,147,2026-04-05T09:35:42.781Z,139.000,8,21.000,UfIL2xPYUWA3pa2i,34.000,3ro8QLJh0yyykLyV,44.000,Jg+7wzPVXO3fl6hF,68.000,WYac+BcEaEqjcD+O,101.000,0vdW+g6toC/h3nqI,115.000,Cr1IDgtoIwjHadzo,139.000,uHgM+VdJzX93m/5O,257.000,nbm0/St8w4GUlGA4,,,,
9,148,2026-04-05T09:35:42.920Z,202.000,7,86.000,h4OQZ7bMhp0Pbd5V,89.000,UfIL2xPYUWA3pa2i,91.000,jwNdRfwvt/DA6PNq,97.000,3ro8QLJh0yyykLyV,107.000,Jg+7wzPVXO3fl6hF,131.000,WYac+BcEaEqjcD+O,202.000,0vdW+g6toC/h3nqI,,,,,,
9,149,2026-04-05T09:35:43.122Z,102.000,7,2.000,Cr1IDgtoIwjHadzo,17.000,uHgM+VdJzX93m/5O,66.000,h4OQZ7bMhp0Pbd5V,83.000,UfIL2xPYUWA3pa2i,87.000,jwNdRfwvt/DA6PNq,96.000,3ro8QLJh0yyykLyV,102.000,nbm0/St8w4GUlGA4,,,,,,
9,150,2026-04-05T09:35:43.224Z,182.000,7,4.000,Jg+7wzPVXO3fl6hF,29.000,WYac+BcEaEqjcD+O,59.000,0vdW+g6toC/h3nqI,88.000,Cr1IDgtoIwjHadzo,115.000,uHgM+VdJzX93m/5O,161.000,h4OQZ7bMhp0Pbd5V,182.000,UfIL2xPYUWA3pa2i,,,,,,
9,151,2026-04-05T09:35:43.406Z,110.000,7,2.000,jwNdRfwvt/DA6PNq,11.000,3ro8QLJh0yyykLyV,19.000,nbm0/St8w4GUlGA4,22.000,Jg+7wzPVXO3fl6hF,47.000,WYac+BcEaEqjcD+O,78.000,0vdW+g6toC/h3nqI,110.000,Cr1IDgtoIwjHadzo,,,,,,
9,152,2026-04-05T09:35:43.516Z,115.000,7,24.000,uHgM+VdJzX93m/5O,71.000,h4OQZ7bMhp0Pbd5V,89.000,UfIL2xPYUWA3pa2i,93.000,jwNdRfwvt/DA6PNq,101.000,3ro8QLJh0yyykLyV,111.000,nbm0/St8w4GUlGA4,115.000,Jg+7wzPVXO3fl6hF,,,,,,
9,153,2026-04-05T09:35:43.631Z,179.000,7,24.000,WYac+BcEaEqjcD+O,55.000,0vdW+g6toC/h3nqI,84.000,Cr1IDgtoIwjHadzo,112.000,uHgM+VdJzX93m/5O,155.000,h4OQZ7bMhp0Pbd5V,176.000,UfIL2xPYUWA3pa2i,179.000,jwNdRfwvt/DA6PNq,,,,,,
9,154,2026-04-05T09:35:43.810Z,135.000,7,18.000,nbm0/St8w4GUlGA4,23.000,Jg+7wzPVXO3fl6hF,25.000,3ro8QLJh0yyykLyV,47.000,WYac+BcEaEqjcD+O,77.000,0vdW+g6toC/h3nqI,106.000,Cr1IDgtoIwjHadzo,134.000,uHgM+VdJzX93m/5O,,,,,,
9,155,2026-04-05T09:35:43.945Z,111.000,7,43.000,h4OQZ7bMhp0Pbd5V,65.000,UfIL2xPYUWA3pa2i,75.000,3ro8QLJh0yyykLyV,81.000,jwNdRfwvt/DA6PNq,84.000,nbm0/St8w4GUlGA4,89.000,Jg+7wzPVXO3fl6hF,111.000,WYac+BcEaEqjcD+O,,,,,,
9,156,2026-04-05T09:35:44.056Z,175.000,8,33.000,0vdW+g6toC/h3nqI,60.000,Cr1IDgtoIwjHadzo,89.000,uHgM+VdJzX93m/5O,133.000,h4OQZ7bMhp0Pbd5V,155.000,UfIL2xPYUWA3pa2i,160.000,jwNdRfwvt/DA6PNq,175.000,3ro8QLJh0yyykLyV,176.000,nbm0/St8w4GUlGA4,,,,
9,157,2026-04-05T09:35:44.231Z,189.000,8,4.000,Jg+7wzPVXO3fl6hF,28.000,WYac+BcEaEqjcD+O,60.000,0vdW+g6toC/h3nqI,87.000,Cr1IDgtoIwjHadzo,117.000,uHgM+VdJzX93m/5O,160.000,h4OQZ7bMhp0Pbd5V,189.000,UfIL2xPYUWA3pa2i,190.000,jwNdRfwvt/DA6PNq,,,,
9,158,2026-04-05T09:35:44.420Z,129.000,7,13.000,nbm0/St8w4GUlGA4,17.000,3ro8QLJh0yyykLyV,18.000,Jg+7wzPVXO3fl6hF,39.000,WYac+BcEaEqjcD+O,71.000,0vdW+g6toC/h3nqI,100.000,Cr1IDgtoIwjHadzo,129.000,uHgM+VdJzX93m/5O,,,,,,
9,159,2026-04-05T09:35:44.549Z,112.000,7,44.000,h4OQZ7bMhp0Pbd5V,67.000,UfIL2xPYUWA3pa2i,78.000,3ro8QLJh0yyykLyV,79.000,jwNdRfwvt/DA6PNq,84.000,nbm0/St8w4GUlGA4,89.000,Jg+7wzPVXO3fl6hF,112.000,WYac+BcEaEqjcD+O,,,,,,
9,160,2026-04-05T09:35:44.661Z,168.000,7,31.000,0vdW+g6toC/h3nqI,58.000,Cr1IDgtoIwjHadzo,117.000,uHgM+VdJzX93m/5O,132.000,h4OQZ7bMhp0Pbd5V,155.000,jwNdRfwvt/DA6PNq,159.000,UfIL2xPYUWA3pa2i,168.000,3ro8QLJh0yyykLyV,,,,,,
9,161,2026-04-05T09:35:44.829Z,166.000,7,8.000,nbm0/St8w4GUlGA4,11.000,Jg+7wzPVXO3fl6hF,31.000,WYac+BcEaEqjcD+O,77.000,0vdW+g6toC/h3nqI,92.000,Cr1IDgtoIwjHadzo,122.000,uHgM+VdJzX93m/5O,166.000,h4OQZ7bMhp0Pbd5V,,,,,,
9,162,2026-04-05T09:35:44.995Z,138.000,8,27.000,jwNdRfwvt/DA6PNq,28.000,UfIL2xPYUWA3pa2i,36.000,3ro8QLJh0yyykLyV,49.000,Jg+7wzPVXO3fl6hF,68.000,WYac+BcEaEqjcD+O,99.000,0vdW+g6toC/h3nqI,138.000,nbm0/St8w4GUlGA4,168.000,Cr1IDgtoIwjHadzo,,,,
9,163,2026-04-05T09:35:45.133Z,131.000,7,29.000,uHgM+VdJzX93m/5O,63.000,h4OQZ7bMhp0Pbd5V,85.000,UfIL2xPYUWA3pa2i,86.000,jwNdRfwvt/DA6PNq,105.000,3ro8QLJh0yyykLyV,112.000,Jg+7wzPVXO3fl6hF,131.000,WYac+BcEaEqjcD+O,,,,,,
9,164,2026-04-05T09:35:45.264Z,173.000,7,32.000,0vdW+g6toC/h3nqI,61.000,Cr1IDgtoIwjHadzo,65.000,nbm0/St8w4GUlGA4,90.000,uHgM+VdJzX93m/5O,135.000,h4OQZ7bMhp0Pbd5V,172.000,jwNdRfwvt/DA6PNq,173.000,UfIL2xPYUWA3pa2i,,,,,,
9,165,2026-04-05T09:35:45.437Z,117.000,7,2.000,3ro8QLJh0yyykLyV,9.000,Jg+7wzPVXO3fl6hF,31.000,WYac+BcEaEqjcD+O,59.000,0vdW+g6toC/h3nqI,91.000,nbm0/St8w4GUlGA4,112.000,Cr1IDgtoIwjHadzo,117.000,uHgM+VdJzX93m/5O,,,,,,
9,166,2026-04-05T09:35:45.554Z,174.000,9,94.000,h4OQZ7bMhp0Pbd5V,95.000,UfIL2xPYUWA3pa2i,97.000,3ro8QLJh0yyykLyV,99.000,Jg+7wzPVXO3fl6hF,114.000,WYac+BcEaEqjcD+O,144.000,0vdW+g6toC/h3nqI,174.000,nbm0/St8w4GUlGA4,177.000,Cr1IDgtoIwjHadzo,228.000,jwNdRfwvt/DA6PNq,,
9,167,2026-04-05T09:35:45.728Z,157.000,8,31.000,uHgM+VdJzX93m/5O,73.000,h4OQZ7bMhp0Pbd5V,93.000,UfIL2xPYUWA3pa2i,98.000,jwNdRfwvt/DA6PNq,153.000,Jg+7wzPVXO3fl6hF,156.000,3ro8QLJh0yyykLyV,157.000,WYac+BcEaEqjcD+O,201.000,0vdW+g6toC/h3nqI,,,,
9,168,2026-04-05T09:35:45.885Z,151.000,7,47.000,nbm0/St8w4GUlGA4,55.000,Cr1IDgtoIwjHadzo,74.000,uHgM+VdJzX93m/5O,117.000,h4OQZ7bMhp0Pbd5V,138.000,UfIL2xPYUWA3pa2i,141.000,jwNdRfwvt/DA6PNq,150.000,3ro8QLJh0yyykLyV,,,,,,
9,169,2026-04-05T09:35:46.036Z,170.000,7,16.000,Jg+7wzPVXO3fl6hF,36.000,WYac+BcEaEqjcD+O,64.000,0vdW+g6toC/h3nqI,96.000,nbm0/St8w4GUlGA4,104.000,Cr1IDgtoIwjHadzo,121.000,uHgM+VdJzX93m/5O,169.000,h4OQZ7bMhp0Pbd5V,,,,,,
9,170,2026-04-05T09:35:46.206Z,129.000,8,20.000,jwNdRfwvt/DA6PNq,23.000,UfIL2xPYUWA3pa2i,30.000,3ro8QLJh0yyykLyV,46.000,Jg+7wzPVXO3fl6hF,67.000,WYac+BcEaEqjcD+O,97.000,0vdW+g6toC/h3nqI,129.000,nbm0/St8w4GUlGA4,143.000,Cr1IDgtoIwjHadzo,,,,
9,171,2026-04-05T09:35:46.335Z,141.000,7,27.000,uHgM+VdJzX93m/5O,70.000,h4OQZ7bMhp0Pbd5V,89.000,UfIL2xPYUWA3pa2i,103.000,3ro8QLJh0yyykLyV,120.000,Jg+7wzPVXO3fl6hF,138.000,WYac+BcEaEqjcD+O,141.000,jwNdRfwvt/DA6PNq,,,,,,
9,172,2026-04-05T09:35:46.476Z,163.000,7,28.000,0vdW+g6toC/h3nqI,57.000,nbm0/St8w4GUlGA4,60.000,Cr1IDgtoIwjHadzo,86.000,uHgM+VdJzX93m/5O,130.000,h4OQZ7bMhp0Pbd5V,152.000,UfIL2xPYUWA3pa2i,163.000,3ro8QLJh0yyykLyV,,,,,,
9,173,2026-04-05T09:35:46.639Z,124.000,7,18.000,Jg+7wzPVXO3fl6hF,27.000,jwNdRfwvt/DA6PNq,35.000,WYac+BcEaEqjcD+O,95.000,nbm0/St8w4GUlGA4,100.000,0vdW+g6toC/h3nqI,103.000,Cr1IDgtoIwjHadzo,123.000,uHgM+VdJzX93m/5O,,,,,,
9,174,2026-04-05T09:35:46.763Z,144.000,9,63.000,h4OQZ7bMhp0Pbd5V,71.000,UfIL2xPYUWA3pa2i,78.000,3ro8QLJh0yyykLyV,94.000,Jg+7wzPVXO3fl6hF,120.000,WYac+BcEaEqjcD+O,143.000,0vdW+g6toC/h3nqI,144.000,jwNdRfwvt/DA6PNq,188.000,nbm0/St8w4GUlGA4,227.000,Cr1IDgtoIwjHadzo,,
9,175,2026-04-05T09:35:46.907Z,196.000,8,55.000,uHgM+VdJzX93m/5O,125.000,UfIL2xPYUWA3pa2i,127.000,h4OQZ7bMhp0Pbd5V,134.000,3ro8QLJh0yyykLyV,151.000,Jg+7wzPVXO3fl6hF,168.000,WYac+BcEaEqjcD+O,196.000,jwNdRfwvt/DA6PNq,197.000,0vdW+g6toC/h3nqI,,,,
9,176,2026-04-05T09:35:47.103Z,159.000,7,33.000,nbm0/St8w4GUlGA4,35.000,Cr1IDgtoIwjHadzo,61.000,uHgM+VdJzX93m/5O,126.000,h4OQZ7bMhp0Pbd5V,129.000,UfIL2xPYUWA3pa2i,136.000,3ro8QLJh0yyykLyV,159.000,Jg+7wzPVXO3fl6hF,,,,,,
9,177,2026-04-05T09:35:47.262Z,169.000,8,16.000,WYac+BcEaEqjcD+O,43.000,jwNdRfwvt/DA6PNq,45.000,0vdW+g6toC/h3nqI,76.000,nbm0/St8w4GUlGA4,78.000,Cr1IDgtoIwjHadzo,102.000,uHgM+VdJzX93m/5O,169.000,h4OQZ7bMhp0Pbd5V,170.000,UfIL2xPYUWA3pa2i,,,,
9,178,2026-04-05T09:35:47.431Z,109.000,7,11.000,3ro8QLJh0yyykLyV,30.000,Jg+7wzPVXO3fl6hF,50.000,WYac+BcEaEqjcD+O,77.000,jwNdRfwvt/DA6PNq,80.000,0vdW+g6toC/h3nqI,107.000,nbm0/St8w4GUlGA4,109.000,Cr1IDgtoIwjHadzo,,,,,,
9,179,2026-04-05T09:35:47.540Z,169.000,8,26.000,uHgM+VdJzX93m/5O,92.000,h4OQZ7bMhp0Pbd5V,93.000,UfIL2xPYUWA3pa2i,103.000,3ro8QLJh0yyykLyV,121.000,Jg+7wzPVXO3fl6hF,140.000,WYac+BcEaEqjcD+O,168.000,0vdW+g6toC/h3nqI,170.000,jwNdRfwvt/DA6PNq,,,,
9,180,2026-04-05T09:35:47.709Z,153.000,7,31.000,nbm0/St8w4GUlGA4,33.000,Cr1IDgtoIwjHadzo,58.000,uHgM+VdJzX93m/5O,125.000,h4OQZ7bMhp0Pbd5V,128.000,UfIL2xPYUWA3pa2i,135.000,3ro8QLJh0yyykLyV,153.000,Jg+7wzPVXO3fl6hF,,,,,,
9,181,2026-04-05T09:35:47.862Z,173.000,8,19.000,WYac+BcEaEqjcD+O,47.000,jwNdRfwvt/DA6PNq,49.000,0vdW+g6toC/h3nqI,79.000,nbm0/St8w4GUlGA4,80.000,Cr1IDgtoIwjHadzo,107.000,uHgM+VdJzX93m/5O,172.000,h4OQZ7bMhp0Pbd5V,175.000,UfIL2xPYUWA3pa2i,,,,
9,182,2026-04-05T09:35:48.035Z,108.000,7,12.000,3ro8QLJh0yyykLyV,32.000,Jg+7wzPVXO3fl6hF,47.000,WYac+BcEaEqjcD+O,76.000,jwNdRfwvt/DA6PNq,77.000,0vdW+g6toC/h3nqI,107.000,nbm0/St8w4GUlGA4,108.000,Cr1IDgtoIwjHadzo,,,,,,
9,183,2026-04-05T09:35:48.143Z,170.000,8,28.000,uHgM+VdJzX93m/5O,93.000,h4OQZ7bMhp0Pbd5V,96.000,UfIL2xPYUWA3pa2i,103.000,3ro8QLJh0yyykLyV,122.000,Jg+7wzPVXO3fl6hF,141.000,WYac+BcEaEqjcD+O,170.000,jwNdRfwvt/DA6PNq,172.000,0vdW+g6toC/h3nqI,,,,
9,184,2026-04-05T09:35:48.313Z,155.000,7,30.000,nbm0/St8w4GUlGA4,36.000,Cr1IDgtoIwjHadzo,58.000,uHgM+VdJzX93m/5O,123.000,h4OQZ7bMhp0Pbd5V,130.000,UfIL2xPYUWA3pa2i,137.000,3ro8QLJh0yyykLyV,155.000,Jg+7wzPVXO3fl6hF,,,,,,
9,185,2026-04-05T09:35:48.468Z,170.000,8,17.000,WYac+BcEaEqjcD+O,46.000,0vdW+g6toC/h3nqI,47.000,jwNdRfwvt/DA6PNq,75.000,nbm0/St8w4GUlGA4,78.000,Cr1IDgtoIwjHadzo,104.000,uHgM+VdJzX93m/5O,170.000,UfIL2xPYUWA3pa2i,171.000,h4OQZ7bMhp0Pbd5V,,,,
9,186,2026-04-05T09:35:48.638Z,110.000,7,12.000,3ro8QLJh0yyykLyV,29.000,Jg+7wzPVXO3fl6hF,48.000,WYac+BcEaEqjcD+O,76.000,0vdW+g6toC/h3nqI,84.000,jwNdRfwvt/DA6PNq,107.000,nbm0/St8w4GUlGA4,109.000,Cr1IDgtoIwjHadzo,,,,,,
9,187,2026-04-05T09:35:48.748Z,178.000,8,91.000,UfIL2xPYUWA3pa2i,94.000,h4OQZ7bMhp0Pbd5V,97.000,uHgM+VdJzX93m/5O,104.000,3ro8QLJh0yyykLyV,128.000,Jg+7wzPVXO3fl6hF,140.000,WYac+BcEaEqjcD+O,178.000,jwNdRfwvt/DA6PNq,196.000,0vdW+g6toC/h3nqI,,,,
9,188,2026-04-05T09:35:48.926Z,144.000,7,23.000,nbm0/St8w4GUlGA4,24.000,Cr1IDgtoIwjHadzo,64.000,uHgM+VdJzX93m/5O,115.000,h4OQZ7bMhp0Pbd5V,117.000,UfIL2xPYUWA3pa2i,138.000,3ro8QLJh0yyykLyV,144.000,Jg+7wzPVXO3fl6hF,,,,,,
9,189,2026-04-05T09:35:49.070Z,172.000,8,19.000,WYac+BcEaEqjcD+O,60.000,0vdW+g6toC/h3nqI,64.000,jwNdRfwvt/DA6PNq,78.000,Cr1IDgtoIwjHadzo,80.000,nbm0/St8w4GUlGA4,108.000,uHgM+VdJzX93m/5O,172.000,h4OQZ7bMhp0Pbd5V,173.000,UfIL2xPYUWA3pa2i,,,,
9,190,2026-04-05T09:35:49.242Z,108.000,7,15.000,3ro8QLJh0yyykLyV,29.000,Jg+7wzPVXO3fl6hF,47.000,WYac+BcEaEqjcD+O,75.000,0vdW+g6toC/h3nqI,87.000,jwNdRfwvt/DA6PNq,106.000,Cr1IDgtoIwjHadzo,108.000,nbm0/St8w4GUlGA4,,,,,,
9,191,2026-04-05T09:35:49.350Z,170.000,8,28.000,uHgM+VdJzX93m/5O,93.000,UfIL2xPYUWA3pa2i,94.000,h4OQZ7bMhp0Pbd5V,108.000,3ro8QLJh0yyykLyV,122.000,Jg+7wzPVXO3fl6hF,141.000,WYac+BcEaEqjcD+O,169.000,0vdW+g6toC/h3nqI,225.000,jwNdRfwvt/DA6PNq,,,,
9,192,2026-04-05T09:35:49.520Z,153.000,7,30.000,Cr1IDgtoIwjHadzo,32.000,nbm0/St8w4GUlGA4,60.000,uHgM+VdJzX93m/5O,123.000,UfIL2xPYUWA3pa2i,125.000,h4OQZ7bMhp0Pbd5V,141.000,3ro8QLJh0yyykLyV,153.000,Jg+7wzPVXO3fl6hF,,,,,,
9,193,2026-04-05T09:35:49.673Z,172.000,8,20.000,WYac+BcEaEqjcD+O,49.000,0vdW+g6toC/h3nqI,61.000,jwNdRfwvt/DA6PNq,78.000,nbm0/St8w4GUlGA4,109.000,uHgM+VdJzX93m/5O,155.000,Cr1IDgtoIwjHadzo,172.000,h4OQZ7bMhp0Pbd5V,174.000,UfIL2xPYUWA3pa2i,,,,
9,194,2026-04-05T09:35:49.845Z,110.000,7,17.000,3ro8QLJh0yyykLyV,34.000,Jg+7wzPVXO3fl6hF,49.000,WYac+BcEaEqjcD+O,77.000,0vdW+g6toC/h3nqI,84.000,jwNdRfwvt/DA6PNq,109.000,nbm0/St8w4GUlGA4,110.000,Cr1IDgtoIwjHadzo,,,,,,
9,195,2026-04-05T09:35:49.955Z,168.000,7,28.000,uHgM+VdJzX93m/5O,91.000,h4OQZ7bMhp0Pbd5V,93.000,UfIL2xPYUWA3pa2i,109.000,3ro8QLJh0yyykLyV,122.000,Jg+7wzPVXO3fl6hF,140.000,WYac+BcEaEqjcD+O,168.000,0vdW+g6toC/h3nqI,,,,,,
9,196,2026-04-05T09:35:50.123Z,142.000,7,5.000,jwNdRfwvt/DA6PNq,32.000,Cr1IDgtoIwjHadzo,33.000,nbm0/St8w4GUlGA4,96.000,uHgM+VdJzX93m/5O,124.000,h4OQZ7bMhp0Pbd5V,125.000,UfIL2xPYUWA3pa2i,142.000,3ro8QLJh0yyykLyV,,,,,,
9,197,2026-04-05T09:35:50.265Z,120.000,7,11.000,Jg+7wzPVXO3fl6hF,31.000,WYac+BcEaEqjcD+O,64.000,0vdW+g6toC/h3nqI,65.000,jwNdRfwvt/DA6PNq,90.000,nbm0/St8w4GUlGA4,91.000,Cr1IDgtoIwjHadzo,120.000,uHgM+VdJzX93m/5O,,,,,,
9,198,2026-04-05T09:35:50.385Z,147.000,7,63.000,h4OQZ7bMhp0Pbd5V,64.000,UfIL2xPYUWA3pa2i,82.000,3ro8QLJh0yyykLyV,93.000,Jg+7wzPVXO3fl6hF,112.000,WYac+BcEaEqjcD+O,141.000,0vdW+g6toC/h3nqI,147.000,jwNdRfwvt/DA6PNq,,,,,,
9,199,2026-04-05T09:35:50.532Z,149.000,7,26.000,Cr1IDgtoIwjHadzo,28.000,nbm0/St8w4GUlGA4,55.000,uHgM+VdJzX93m/5O,118.000,UfIL2xPYUWA3pa2i,119.000,h4OQZ7bMhp0Pbd5V,135.000,3ro8QLJh0yyykLyV,149.000,Jg+7wzPVXO3fl6hF,,,,,,
9,200,2026-04-05T09:35:50.681Z,169.000,8,20.000,WYac+BcEaEqjcD+O,45.000,0vdW+g6toC/h3nqI,50.000,jwNdRfwvt/DA6PNq,76.000,nbm0/St8w4GUlGA4,78.000,Cr1IDgtoIwjHadzo,107.000,uHgM+VdJzX93m/5O,169.000,UfIL2xPYUWA3pa2i,170.000,h4OQZ7bMhp0Pbd5V,,,,
9,201,2026-04-05T09:35:50.850Z,118.000,7,18.000,3ro8QLJh0yyykLyV,31.000,Jg+7wzPVXO3fl6hF,50.000,WYac+BcEaEqjcD+O,76.000,0vdW+g6toC/h3nqI,83.000,jwNdRfwvt/DA6PNq,108.000,Cr1IDgtoIwjHadzo,118.000,nbm0/St8w4GUlGA4,,,,,,
9,202,2026-04-05T09:35:50.968Z,159.000,7,20.000,uHgM+VdJzX93m/5O,83.000,h4OQZ7bMhp0Pbd5V,85.000,UfIL2xPYUWA3pa2i,100.000,3ro8QLJh0yyykLyV,113.000,Jg+7wzPVXO3fl6hF,133.000,WYac+BcEaEqjcD+O,159.000,0vdW+g6toC/h3nqI,,,,,,
9,203,2026-04-05T09:35:51.127Z,144.000,7,6.000,jwNdRfwvt/DA6PNq,31.000,Cr1IDgtoIwjHadzo,41.000,nbm0/St8w4GUlGA4,62.000,uHgM+VdJzX93m/5O,127.000,UfIL2xPYUWA3pa2i,128.000,h4OQZ7bMhp0Pbd5V,144.000,3ro8QLJh0yyykLyV,,,,,,
9,204,2026-04-05T09:35:51.271Z,120.000,7,12.000,Jg+7wzPVXO3fl6hF,32.000,WYac+BcEaEqjcD+O,57.000,0vdW+g6toC/h3nqI,63.000,jwNdRfwvt/DA6PNq,89.000,Cr1IDgtoIwjHadzo,98.000,nbm0/St8w4GUlGA4,120.000,uHgM+VdJzX93m/5O,,,,,,
9,205,2026-04-05T09:35:51.391Z,145.000,7,63.000,h4OQZ7bMhp0Pbd5V,65.000,UfIL2xPYUWA3pa2i,92.000,3ro8QLJh0yyykLyV,94.000,Jg+7wzPVXO3fl6hF,116.000,WYac+BcEaEqjcD+O,140.000,0vdW+g6toC/h3nqI,145.000,jwNdRfwvt/DA6PNq,,,,,,
9,206,2026-04-05T09:35:51.536Z,150.000,7,27.000,Cr1IDgtoIwjHadzo,36.000,nbm0/St8w4GUlGA4,57.000,uHgM+VdJzX93m/5O,119.000,h4OQZ7bMhp0Pbd5V,121.000,UfIL2xPYUWA3pa2i,149.000,3ro8QLJh0yyykLyV,150.000,Jg+7wzPVXO3fl6hF,,,,,,
9,207,2026-04-05T09:35:51.686Z,171.000,8,20.000,WYac+BcEaEqjcD+O,47.000,0vdW+g6toC/h3nqI,50.000,jwNdRfwvt/DA6PNq,77.000,Cr1IDgtoIwjHadzo,85.000,nbm0/St8w4GUlGA4,109.000,uHgM+VdJzX93m/5O,171.000,h4OQZ7bMhp0Pbd5V,174.000,UfIL2xPYUWA3pa2i,,,,
9,208,2026-04-05T09:35:51.857Z,115.000,7,19.000,3ro8QLJh0yyykLyV,29.000,Jg+7wzPVXO3fl6hF,52.000,WYac+BcEaEqjcD+O,77.000,0vdW+g6toC/h3nqI,81.000,jwNdRfwvt/DA6PNq,108.000,Cr1IDgtoIwjHadzo,115.000,nbm0/St8w4GUlGA4,,,,,,
9,209,2026-04-05T09:35:51.972Z,163.000,7,24.000,uHgM+VdJzX93m/5O,87.000,UfIL2xPYUWA3pa2i,88.000,h4OQZ7bMhp0Pbd5V,105.000,3ro8QLJh0yyykLyV,116.000,Jg+7wzPVXO3fl6hF,138.000,WYac+BcEaEqjcD+O,163.000,0vdW+g6toC/h3nqI,,,,,,
9,210,2026-04-05T09:35:52.135Z,143.000,7,5.000,jwNdRfwvt/DA6PNq,30.000,Cr1IDgtoIwjHadzo,39.000,nbm0/St8w4GUlGA4,63.000,uHgM+VdJzX93m/5O,124.000,UfIL2xPYUWA3pa2i,127.000,h4OQZ7bMhp0Pbd5V,143.000,3ro8QLJh0yyykLyV,,,,,,
9,211,2026-04-05T09:35:52.278Z,121.000,7,13.000,Jg+7wzPVXO3fl6hF,34.000,WYac+BcEaEqjcD+O,59.000,0vdW+g6toC/h3nqI,93.000,Cr1IDgtoIwjHadzo,96.000,nbm0/St8w4GUlGA4,102.000,jwNdRfwvt/DA6PNq,120.000,uHgM+VdJzX93m/5O,,,,,,
9,212,2026-04-05T09:35:52.399Z,143.000,7,62.000,h4OQZ7bMhp0Pbd5V,63.000,UfIL2xPYUWA3pa2i,84.000,3ro8QLJh0yyykLyV,92.000,Jg+7wzPVXO3fl6hF,114.000,WYac+BcEaEqjcD+O,139.000,0vdW+g6toC/h3nqI,143.000,jwNdRfwvt/DA6PNq,,,,,,
9,213,2026-04-05T09:35:52.542Z,161.000,7,27.000,Cr1IDgtoIwjHadzo,34.000,nbm0/St8w4GUlGA4,58.000,uHgM+VdJzX93m/5O,121.000,h4OQZ7bMhp0Pbd5V,122.000,UfIL2xPYUWA3pa2i,160.000,3ro8QLJh0yyykLyV,161.000,Jg+7wzPVXO3fl6hF,,,,,,
9,214,2026-04-05T09:35:52.703Z,163.000,8,10.000,WYac+BcEaEqjcD+O,37.000,0vdW+g6toC/h3nqI,41.000,jwNdRfwvt/DA6PNq,67.000,Cr1IDgtoIwjHadzo,75.000,nbm0/St8w4GUlGA4,98.000,uHgM+VdJzX93m/5O,163.000,UfIL2xPYUWA3pa2i,163.000,h4OQZ7bMhp0Pbd5V,,,,
9,215,2026-04-05T09:35:52.866Z,118.000,7,14.000,3ro8QLJh0yyykLyV,38.000,Jg+7wzPVXO3fl6hF,48.000,WYac+BcEaEqjcD+O,73.000,0vdW+g6toC/h3nqI,80.000,jwNdRfwvt/DA6PNq,105.000,Cr1IDgtoIwjHadzo,118.000,nbm0/St8w4GUlGA4,,,,,,
9,216,2026-04-05T09:35:52.984Z,163.000,8,19.000,uHgM+VdJzX93m/5O,81.000,UfIL2xPYUWA3pa2i,82.000,h4OQZ7bMhp0Pbd5V,102.000,3ro8QLJh0yyykLyV,119.000,Jg+7wzPVXO3fl6hF,136.000,WYac+BcEaEqjcD+O,163.000,jwNdRfwvt/DA6PNq,246.000,0vdW+g6toC/h3nqI,,,,
9,217,2026-04-05T09:35:53.147Z,159.000,7,24.000,Cr1IDgtoIwjHadzo,34.000,nbm0/St8w4GUlGA4,56.000,uHgM+VdJzX93m/5O,118.000,h4OQZ7bMhp0Pbd5V,120.000,UfIL2xPYUWA3pa2i,138.000,3ro8QLJh0yyykLyV,159.000,Jg+7wzPVXO3fl6hF,,,,,,
9,218,2026-04-05T09:35:53.306Z,162.000,8,13.000,WYac+BcEaEqjcD+O,42.000,jwNdRfwvt/DA6PNq,70.000,Cr1IDgtoIwjHadzo,75.000,nbm0/St8w4GUlGA4,99.000,uHgM+VdJzX93m/5O,115.000,0vdW+g6toC/h3nqI,162.000,UfIL2xPYUWA3pa2i,170.000,h4OQZ7bMhp0Pbd5V,,,,
9,219,2026-04-05T09:35:53.468Z,138.000,7,17.000,3ro8QLJh0yyykLyV,40.000,Jg+7wzPVXO3fl6hF,49.000,WYac+BcEaEqjcD+O,82.000,jwNdRfwvt/DA6PNq,114.000,nbm0/St8w4GUlGA4,117.000,Cr1IDgtoIwjHadzo,138.000,uHgM+VdJzX93m/5O,,,,,,
9,220,2026-04-05T09:35:53.606Z,145.000,7,18.000,0vdW+g6toC/h3nqI,63.000,h4OQZ7bMhp0Pbd5V,64.000,UfIL2xPYUWA3pa2i,80.000,3ro8QLJh0yyykLyV,103.000,Jg+7wzPVXO3fl6hF,113.000,WYac+BcEaEqjcD+O,145.000,jwNdRfwvt/DA6PNq,,,,,,
9,221,2026-04-05T09:35:53.751Z,137.000,7,25.000,Cr1IDgtoIwjHadzo,33.000,nbm0/St8w4GUlGA4,58.000,uHgM+VdJzX93m/5O,73.000,0vdW+g6toC/h3nqI,118.000,h4OQZ7bMhp0Pbd5V,119.000,UfIL2xPYUWA3pa2i,136.000,3ro8QLJh0yyykLyV,,,,,,
9,222,2026-04-05T09:35:53.888Z,139.000,7,24.000,Jg+7wzPVXO3fl6hF,34.000,WYac+BcEaEqjcD+O,64.000,jwNdRfwvt/DA6PNq,87.000,Cr1IDgtoIwjHadzo,96.000,nbm0/St8w4GUlGA4,120.000,uHgM+VdJzX93m/5O,138.000,0vdW+g6toC/h3nqI,,,,,,
9,223,2026-04-05T09:35:54.027Z,152.000,7,47.000,UfIL2xPYUWA3pa2i,48.000,h4OQZ7bMhp0Pbd5V,61.000,3ro8QLJh0yyykLyV,84.000,Jg+7wzPVXO3fl6hF,100.000,WYac+BcEaEqjcD+O,126.000,jwNdRfwvt/DA6PNq,152.000,Cr1IDgtoIwjHadzo,,,,,,
9,224,2026-04-05T09:35:54.179Z,134.000,7,6.000,nbm0/St8w4GUlGA4,31.000,uHgM+VdJzX93m/5O,48.000,0vdW+g6toC/h3nqI,93.000,UfIL2xPYUWA3pa2i,94.000,h4OQZ7bMhp0Pbd5V,110.000,3ro8QLJh0yyykLyV,134.000,Jg+7wzPVXO3fl6hF,,,,,,
9,225,2026-04-05T09:35:54.313Z,162.000,8,10.000,WYac+BcEaEqjcD+O,43.000,jwNdRfwvt/DA6PNq,66.000,Cr1IDgtoIwjHadzo,74.000,nbm0/St8w4GUlGA4,100.000,uHgM+VdJzX93m/5O,122.000,0vdW+g6toC/h3nqI,162.000,UfIL2xPYUWA3pa2i,165.000,h4OQZ7bMhp0Pbd5V,,,,
9,226,2026-04-05T09:35:54.475Z,155.000,8,16.000,3ro8QLJh0yyykLyV,39.000,Jg+7wzPVXO3fl6hF,49.000,WYac+BcEaEqjcD+O,96.000,jwNdRfwvt/DA6PNq,114.000,nbm0/St8w4GUlGA4,139.000,uHgM+VdJzX93m/5O,155.000,0vdW+g6toC/h3nqI,165.000,Cr1IDgtoIwjHadzo,,,,
9,227,2026-04-05T09:35:54.630Z,149.000,7,43.000,UfIL2xPYUWA3pa2i,44.000,h4OQZ7bMhp0Pbd5V,61.000,3ro8QLJh0yyykLyV,86.000,Jg+7wzPVXO3fl6hF,95.000,WYac+BcEaEqjcD+O,139.000,jwNdRfwvt/DA6PNq,149.000,Cr1IDgtoIwjHadzo,,,,,,
9,228,2026-04-05T09:35:54.779Z,138.000,7,11.000,nbm0/St8w4GUlGA4,52.000,0vdW+g6toC/h3nqI,64.000,uHgM+VdJzX93m/5O,97.000,h4OQZ7bMhp0Pbd5V,99.000,UfIL2xPYUWA3pa2i,112.000,3ro8QLJh0yyykLyV,138.000,Jg+7wzPVXO3fl6hF,,,,,,
9,229,2026-04-05T09:35:54.917Z,159.000,8,10.000,WYac+BcEaEqjcD+O,54.000,jwNdRfwvt/DA6PNq,66.000,Cr1IDgtoIwjHadzo,74.000,nbm0/St8w4GUlGA4,97.000,uHgM+VdJzX93m/5O,113.000,0vdW+g6toC/h3nqI,159.000,UfIL2xPYUWA3pa2i,160.000,h4OQZ7bMhp0Pbd5V,,,,
9,230,2026-04-05T09:35:55.076Z,141.000,7,18.000,3ro8QLJh0yyykLyV,42.000,Jg+7wzPVXO3fl6hF,59.000,WYac+BcEaEqjcD+O,96.000,jwNdRfwvt/DA6PNq,108.000,Cr1IDgtoIwjHadzo,115.000,nbm0/St8w4GUlGA4,140.000,uHgM+VdJzX93m/5O,,,,,,
9,231,2026-04-05T09:35:55.217Z,157.000,8,14.000,0vdW+g6toC/h3nqI,61.000,h4OQZ7bMhp0Pbd5V,65.000,UfIL2xPYUWA3pa2i,79.000,3ro8QLJh0yyykLyV,102.000,Jg+7wzPVXO3fl6hF,113.000,WYac+BcEaEqjcD+O,157.000,jwNdRfwvt/DA6PNq,213.000,uHgM+VdJzX93m/5O,,,,
9,232,2026-04-05T09:35:55.374Z,146.000,7,10.000,Cr1IDgtoIwjHadzo,19.000,nbm0/St8w4GUlGA4,59.000,0vdW+g6toC/h3nqI,105.000,h4OQZ7bMhp0Pbd5V,116.000,UfIL2xPYUWA3pa2i,123.000,3ro8QLJh0yyykLyV,146.000,Jg+7wzPVXO3fl6hF,,,,,,
9,233,2026-04-05T09:35:55.520Z,159.000,8,10.000,WYac+BcEaEqjcD+O,53.000,jwNdRfwvt/DA6PNq,65.000,Cr1IDgtoIwjHadzo,72.000,nbm0/St8w4GUlGA4,109.000,uHgM+VdJzX93m/5O,114.000,0vdW+g6toC/h3nqI,159.000,h4OQZ7bMhp0Pbd5V,170.000,UfIL2xPYUWA3pa2i,,,,
9,234,2026-04-05T09:35:55.679Z,152.000,7,19.000,3ro8QLJh0yyykLyV,45.000,Jg+7wzPVXO3fl6hF,54.000,WYac+BcEaEqjcD+O,98.000,jwNdRfwvt/DA6PNq,109.000,Cr1IDgtoIwjHadzo,115.000,nbm0/St8w4GUlGA4,152.000,uHgM+VdJzX93m/5O,,,,,,
9,235,2026-04-05T09:35:55.831Z,147.000,7,5.000,0vdW+g6toC/h3nqI,48.000,h4OQZ7bMhp0Pbd5V,52.000,UfIL2xPYUWA3pa2i,67.000,3ro8QLJh0yyykLyV,92.000,Jg+7wzPVXO3fl6hF,102.000,WYac+BcEaEqjcD+O,147.000,jwNdRfwvt/DA6PNq,,,,,,
9,236,2026-04-05T09:35:55.978Z,122.000,7,11.000,Cr1IDgtoIwjHadzo,18.000,nbm0/St8w4GUlGA4,54.000,uHgM+VdJzX93m/5O,59.000,0vdW+g6toC/h3nqI,105.000,UfIL2xPYUWA3pa2i,110.000,h4OQZ7bMhp0Pbd5V,122.000,3ro8QLJh0yyykLyV,,,,,,
9,237,2026-04-05T09:35:56.100Z,139.000,7,24.000,Jg+7wzPVXO3fl6hF,34.000,WYac+BcEaEqjcD+O,89.000,jwNdRfwvt/DA6PNq,90.000,Cr1IDgtoIwjHadzo,97.000,nbm0/St8w4GUlGA4,134.000,uHgM+VdJzX93m/5O,138.000,0vdW+g6toC/h3nqI,,,,,,
9,238,2026-04-05T09:35:56.239Z,153.000,7,43.000,UfIL2xPYUWA3pa2i,46.000,h4OQZ7bMhp0Pbd5V,93.000,3ro8QLJh0yyykLyV,93.000,Jg+7wzPVXO3fl6hF,98.000,WYac+BcEaEqjcD+O,143.000,jwNdRfwvt/DA6PNq,153.000,Cr1IDgtoIwjHadzo,,,,,,
9,239,2026-04-05T09:35:56.392Z,143.000,8,6.000,nbm0/St8w4GUlGA4,54.000,uHgM+VdJzX93m/5O,55.000,0vdW+g6toC/h3nqI,91.000,UfIL2xPYUWA3pa2i,94.000,h4OQZ7bMhp0Pbd5V,111.000,3ro8QLJh0yyykLyV,143.000,Jg+7wzPVXO3fl6hF,148.000,WYac+BcEaEqjcD+O,,,,
9,240,2026-04-05T09:35:56.535Z,152.000,7,46.000,jwNdRfwvt/DA6PNq,58.000,Cr1IDgtoIwjHadzo,64.000,nbm0/St8w4GUlGA4,99.000,uHgM+VdJzX93m/5O,106.000,0vdW+g6toC/h3nqI,151.000,h4OQZ7bMhp0Pbd5V,152.000,UfIL2xPYUWA3pa2i,,,,,,
9,241,2026-04-05T09:35:56.687Z,150.000,7,16.000,3ro8QLJh0yyykLyV,49.000,Jg+7wzPVXO3fl6hF,51.000,WYac+BcEaEqjcD+O,96.000,jwNdRfwvt/DA6PNq,107.000,Cr1IDgtoIwjHadzo,116.000,nbm0/St8w4GUlGA4,150.000,uHgM+VdJzX93m/5O,,,,,,
9,242,2026-04-05T09:35:56.837Z,150.000,7,7.000,0vdW+g6toC/h3nqI,49.000,h4OQZ7bMhp0Pbd5V,53.000,UfIL2xPYUWA3pa2i,70.000,3ro8QLJh0yyykLyV,100.000,Jg+7wzPVXO3fl6hF,103.000,WYac+BcEaEqjcD+O,150.000,jwNdRfwvt/DA6PNq,,,,,,
9,243,2026-04-05T09:35:56.987Z,122.000,7,9.000,Cr1IDgtoIwjHadzo,17.000,nbm0/St8w4GUlGA4,50.000,uHgM+VdJzX93m/5O,59.000,0vdW+g6toC/h3nqI,101.000,UfIL2xPYUWA3pa2i,104.000,h4OQZ7bMhp0Pbd5V,122.000,3ro8QLJh0yyykLyV,,,,,,
9,244,2026-04-05T09:35:57.109Z,160.000,7,29.000,Jg+7wzPVXO3fl6hF,31.000,WYac+BcEaEqjcD+O,78.000,jwNdRfwvt/DA6PNq,87.000,Cr1IDgtoIwjHadzo,95.000,nbm0/St8w4GUlGA4,146.000,0vdW+g6toC/h3nqI,160.000,uHgM+VdJzX93m/5O,,,,,,
9,245,2026-04-05T09:35:57.269Z,129.000,7,20.000,UfIL2xPYUWA3pa2i,24.000,h4OQZ7bMhp0Pbd5V,40.000,3ro8QLJh0yyykLyV,69.000,Jg+7wzPVXO3fl6hF,74.000,WYac+BcEaEqjcD+O,118.000,jwNdRfwvt/DA6PNq,129.000,Cr1IDgtoIwjHadzo,,,,,,
9,246,2026-04-05T09:35:57.398Z,142.000,8,7.000,nbm0/St8w4GUlGA4,51.000,0vdW+g6toC/h3nqI,67.000,uHgM+VdJzX93m/5O,93.000,UfIL2xPYUWA3pa2i,94.000,h4OQZ7bMhp0Pbd5V,113.000,3ro8QLJh0yyykLyV,142.000,Jg+7wzPVXO3fl6hF,147.000,WYac+BcEaEqjcD+O,,,,
9,247,2026-04-05T09:35:57.540Z,154.000,7,49.000,jwNdRfwvt/DA6PNq,59.000,Cr1IDgtoIwjHadzo,68.000,nbm0/St8w4GUlGA4,108.000,0vdW+g6toC/h3nqI,126.000,uHgM+VdJzX93m/5O,150.000,UfIL2xPYUWA3pa2i,154.000,h4OQZ7bMhp0Pbd5V,,,,,,
9,248,2026-04-05T09:35:57.694Z,199.000,10,19.000,3ro8QLJh0yyykLyV,48.000,Jg+7wzPVXO3fl6hF,50.000,WYac+BcEaEqjcD+O,95.000,jwNdRfwvt/DA6PNq,107.000,Cr1IDgtoIwjHadzo,175.000,uHgM+VdJzX93m/5O,199.000,UfIL2xPYUWA3pa2i,199.000,h4OQZ7bMhp0Pbd5V,247.000,nbm0/St8w4GUlGA4,332.000,0vdW+g6toC/h3nqI
9,249,2026-04-05T09:35:57.893Z,177.000,7,22.000,3ro8QLJh0yyykLyV,77.000,WYac+BcEaEqjcD+O,87.000,Jg+7wzPVXO3fl6hF,107.000,jwNdRfwvt/DA6PNq,110.000,Cr1IDgtoIwjHadzo,117.000,nbm0/St8w4GUlGA4,176.000,uHgM+VdJzX93m/5O,,,,,,
9,250,2026-04-05T09:35:58.070Z,132.000,8,24.000,UfIL2xPYUWA3pa2i,26.000,h4OQZ7bMhp0Pbd5V,45.000,3ro8QLJh0yyykLyV,75.000,Jg+7wzPVXO3fl6hF,76.000,WYac+BcEaEqjcD+O,122.000,jwNdRfwvt/DA6PNq,132.000,0vdW+g6toC/h3nqI,135.000,Cr1IDgtoIwjHadzo,,,,
9,251,2026-04-05T09:35:58.202Z,145.000,7,13.000,nbm0/St8w4GUlGA4,70.000,uHgM+VdJzX93m/5O,93.000,h4OQZ7bMhp0Pbd5V,94.000,UfIL2xPYUWA3pa2i,114.000,3ro8QLJh0yyykLyV,143.000,WYac+BcEaEqjcD+O,144.000,Jg+7wzPVXO3fl6hF,,,,,,
9,252,2026-04-05T09:35:58.347Z,171.000,8,46.000,jwNdRfwvt/DA6PNq,53.000,0vdW+g6toC/h3nqI,59.000,Cr1IDgtoIwjHadzo,66.000,nbm0/St8w4GUlGA4,129.000,uHgM+VdJzX93m/5O,150.000,UfIL2xPYUWA3pa2i,171.000,3ro8QLJh0yyykLyV,176.000,h4OQZ7bMhp0Pbd5V,,,,
9,253,2026-04-05T09:35:58.518Z,156.000,7,28.000,Jg+7wzPVXO3fl6hF,30.000,WYac+BcEaEqjcD+O,75.000,jwNdRfwvt/DA6PNq,84.000,0vdW+g6toC/h3nqI,88.000,Cr1IDgtoIwjHadzo,95.000,nbm0/St8w4GUlGA4,155.000,uHgM+VdJzX93m/5O,,,,,,
9,254,2026-04-05T09:35:58.674Z,130.000,7,23.000,UfIL2xPYUWA3pa2i,25.000,h4OQZ7bMhp0Pbd5V,44.000,3ro8QLJh0yyykLyV,74.000,Jg+7wzPVXO3fl6hF,75.000,WYac+BcEaEqjcD+O,121.000,jwNdRfwvt/DA6PNq,130.000,0vdW+g6toC/h3nqI,,,,,,
9,255,2026-04-05T09:35:58.804Z,145.000,8,4.000,Cr1IDgtoIwjHadzo,10.000,nbm0/St8w4GUlGA4,70.000,uHgM+VdJzX93m/5O,95.000,h4OQZ7bMhp0Pbd5V,98.000,UfIL2xPYUWA3pa2i,114.000,3ro8QLJh0yyykLyV,145.000,Jg+7wzPVXO3fl6hF,147.000,WYac+BcEaEqjcD+O,,,,
9,256,2026-04-05T09:35:58.949Z,152.000,7,47.000,jwNdRfwvt/DA6PNq,56.000,0vdW+g6toC/h3nqI,67.000,nbm0/St8w4GUlGA4,74.000,Cr1IDgtoIwjHadzo,126.000,uHgM+VdJzX93m/5O,151.000,h4OQZ7bMhp0Pbd5V,152.000,UfIL2xPYUWA3pa2i,,,,,,
9,257,2026-04-05T09:35:59.101Z,114.000,7,19.000,3ro8QLJh0yyykLyV,47.000,Jg+7wzPVXO3fl6hF,53.000,WYac+BcEaEqjcD+O,97.000,jwNdRfwvt/DA6PNq,103.000,0vdW+g6toC/h3nqI,110.000,Cr1IDgtoIwjHadzo,114.000,nbm0/St8w4GUlGA4,,,,,,
9,258,2026-04-05T09:35:59.215Z,184.000,7,61.000,uHgM+VdJzX93m/5O,84.000,h4OQZ7bMhp0Pbd5V,87.000,UfIL2xPYUWA3pa2i,106.000,3ro8QLJh0yyykLyV,136.000,Jg+7wzPVXO3fl6hF,139.000,WYac+BcEaEqjcD+O,184.000,jwNdRfwvt/DA6PNq,,,,,,
9,259,2026-04-05T09:35:59.399Z,121.000,7,7.000,0vdW+g6toC/h3nqI,12.000,Cr1IDgtoIwjHadzo,18.000,nbm0/St8w4GUlGA4,79.000,uHgM+VdJzX93m/5O,103.000,h4OQZ7bMhp0Pbd5V,105.000,UfIL2xPYUWA3pa2i,121.000,3ro8QLJh0yyykLyV,,,,,,
9,260,2026-04-05T09:35:59.520Z,185.000,7,31.000,WYac+BcEaEqjcD+O,32.000,Jg+7wzPVXO3fl6hF,91.000,0vdW+g6toC/h3nqI,98.000,nbm0/St8w4GUlGA4,160.000,Cr1IDgtoIwjHadzo,164.000,jwNdRfwvt/DA6PNq,184.000,UfIL2xPYUWA3pa2i,,,,,,
9,261,2026-04-05T09:35:59.705Z,383.000,7,18.000,3ro8QLJh0yyykLyV,114.000,nbm0/St8w4GUlGA4,139.000,Cr1IDgtoIwjHadzo,198.000,UfIL2xPYUWA3pa2i,374.000,Jg+7wzPVXO3fl6hF,379.000,WYac+BcEaEqjcD+O,383.000,0vdW+g6toC/h3nqI,,,,,,
9,262,2026-04-05T09:36:00.088Z,107.000,10,58.000,3ro8QLJh0yyykLyV,59.000,UfIL2xPYUWA3pa2i,59.000,nbm0/St8w4GUlGA4,92.000,0vdW+g6toC/h3nqI,101.000,Jg+7wzPVXO3fl6hF,105.000,jwNdRfwvt/DA6PNq,107.000,uHgM+VdJzX93m/5O,111.000,h4OQZ7bMhp0Pbd5V,113.000,Cr1IDgtoIwjHadzo,163.000,WYac+BcEaEqjcD+O
9,263,2026-04-05T09:36:00.195Z,117.000,9,102.000,0vdW+g6toC/h3nqI,106.000,3ro8QLJh0yyykLyV,107.000,Jg+7wzPVXO3fl6hF,109.000,nbm0/St8w4GUlGA4,113.000,Cr1IDgtoIwjHadzo,116.000,jwNdRfwvt/DA6PNq,117.000,uHgM+VdJzX93m/5O,120.000,h4OQZ7bMhp0Pbd5V,122.000,UfIL2xPYUWA3pa2i,,
9,264,2026-04-05T09:36:00.312Z,200.000,9,132.000,WYac+BcEaEqjcD+O,186.000,0vdW+g6toC/h3nqI,187.000,3ro8QLJh0yyykLyV,189.000,nbm0/St8w4GUlGA4,194.000,Jg+7wzPVXO3fl6hF,198.000,uHgM+VdJzX93m/5O,200.000,jwNdRfwvt/DA6PNq,202.000,Cr1IDgtoIwjHadzo,210.000,h4OQZ7bMhp0Pbd5V,,
9,265,2026-04-05T09:36:00.512Z,477.000,7,7.000,UfIL2xPYUWA3pa2i,185.000,nbm0/St8w4GUlGA4,186.000,3ro8QLJh0yyykLyV,187.000,Cr1IDgtoIwjHadzo,467.000,WYac+BcEaEqjcD+O,469.000,h4OQZ7bMhp0Pbd5V,477.000,uHgM+VdJzX93m/5O,,,,,,
9,266,2026-04-05T09:36:00.989Z,93.000,10,8.000,UfIL2xPYUWA3pa2i,9.000,nbm0/St8w4GUlGA4,10.000,Cr1IDgtoIwjHadzo,77.000,uHgM+VdJzX93m/5O,84.000,3ro8QLJh0yyykLyV,90.000,0vdW+g6toC/h3nqI,93.000,jwNdRfwvt/DA6PNq,95.000,h4OQZ7bMhp0Pbd5V,98.000,Jg+7wzPVXO3fl6hF,102.000,WYac+BcEaEqjcD+O
9,267,2026-04-05T09:36:01.082Z,134.000,9,121.000,uHgM+VdJzX93m/5O,123.000,jwNdRfwvt/DA6PNq,126.000,nbm0/St8w4GUlGA4,127.000,Jg+7wzPVXO3fl6hF,129.000,UfIL2xPYUWA3pa2i,132.000,Cr1IDgtoIwjHadzo,134.000,h4OQZ7bMhp0Pbd5V,135.000,0vdW+g6toC/h3nqI,137.000,WYac+BcEaEqjcD+O,,
9,268,2026-04-05T09:36:01.216Z,193.000,10,55.000,3ro8QLJh0yyykLyV,184.000,Cr1IDgtoIwjHadzo,186.000,uHgM+VdJzX93m/5O,187.000,UfIL2xPYUWA3pa2i,189.000,nbm0/St8w4GUlGA4,190.000,Jg+7wzPVXO3fl6hF,192.000,h4OQZ7bMhp0Pbd5V,194.000,0vdW+g6toC/h3nqI,196.000,WYac+BcEaEqjcD+O,198.000,jwNdRfwvt/DA6PNq
9,269,2026-04-05T09:36:01.409Z,596.000,8,62.000,3ro8QLJh0yyykLyV,190.000,nbm0/St8w4GUlGA4,190.000,UfIL2xPYUWA3pa2i,195.000,Cr1IDgtoIwjHadzo,585.000,h4OQZ7bMhp0Pbd5V,590.000,jwNdRfwvt/DA6PNq,596.000,uHgM+VdJzX93m/5O,605.000,WYac+BcEaEqjcD+O,,,,
9,270,2026-04-05T09:36:02.005Z,115.000,10,5.000,nbm0/St8w4GUlGA4,7.000,3ro8QLJh0yyykLyV,21.000,Cr1IDgtoIwjHadzo,87.000,UfIL2xPYUWA3pa2i,108.000,Jg+7wzPVXO3fl6hF,112.000,jwNdRfwvt/DA6PNq,115.000,h4OQZ7bMhp0Pbd5V,116.000,0vdW+g6toC/h3nqI,121.000,uHgM+VdJzX93m/5O,126.000,WYac+BcEaEqjcD+O
9,271,2026-04-05T09:36:02.120Z,103.000,9,93.000,Jg+7wzPVXO3fl6hF,95.000,0vdW+g6toC/h3nqI,96.000,uHgM+VdJzX93m/5O,97.000,3ro8QLJh0yyykLyV,100.000,jwNdRfwvt/DA6PNq,101.000,Cr1IDgtoIwjHadzo,103.000,h4OQZ7bMhp0Pbd5V,104.000,nbm0/St8w4GUlGA4,110.000,WYac+BcEaEqjcD+O,,
9,272,2026-04-05T09:36:02.223Z,592.000,7,59.000,UfIL2xPYUWA3pa2i,193.000,nbm0/St8w4GUlGA4,194.000,Cr1IDgtoIwjHadzo,196.000,3ro8QLJh0yyykLyV,587.000,uHgM+VdJzX93m/5O,590.000,jwNdRfwvt/DA6PNq,592.000,h4OQZ7bMhp0Pbd5V,,,,,,
9,273,2026-04-05T09:36:02.815Z,103.000,10,4.000,UfIL2xPYUWA3pa2i,5.000,Cr1IDgtoIwjHadzo,6.000,3ro8QLJh0yyykLyV,9.000,nbm0/St8w4GUlGA4,92.000,h4OQZ7bMhp0Pbd5V,97.000,jwNdRfwvt/DA6PNq,103.000,uHgM+VdJzX93m/5O,103.000,Jg+7wzPVXO3fl6hF,106.000,0vdW+g6toC/h3nqI,108.000,WYac+BcEaEqjcD+O
9,274,2026-04-05T09:36:02.918Z,116.000,10,109.000,Cr1IDgtoIwjHadzo,110.000,uHgM+VdJzX93m/5O,111.000,3ro8QLJh0yyykLyV,113.000,nbm0/St8w4GUlGA4,113.000,Jg+7wzPVXO3fl6hF,114.000,0vdW+g6toC/h3nqI,116.000,WYac+BcEaEqjcD+O,117.000,UfIL2xPYUWA3pa2i,118.000,jwNdRfwvt/DA6PNq,120.000,h4OQZ7bMhp0Pbd5V
9,275,2026-04-05T09:36:03.034Z,758.000,7,193.000,nbm0/St8w4GUlGA4,196.000,3ro8QLJh0yyykLyV,197.000,UfIL2xPYUWA3pa2i,199.000,h4OQZ7bMhp0Pbd5V,200.000,Cr1IDgtoIwjHadzo,756.000,WYac+BcEaEqjcD+O,758.000,uHgM+VdJzX93m/5O,,,,,,
9,276,2026-04-05T09:36:03.792Z,334.000,7,4.000,3ro8QLJh0yyykLyV,5.000,UfIL2xPYUWA3pa2i,21.000,Cr1IDgtoIwjHadzo,21.000,h4OQZ7bMhp0Pbd5V,325.000,0vdW+g6toC/h3nqI,328.000,nbm0/St8w4GUlGA4,334.000,uHgM+VdJzX93m/5O,,,,,,
9,277,2026-04-05T09:36:04.126Z,634.000,7,46.000,nbm0/St8w4GUlGA4,82.000,Cr1IDgtoIwjHadzo,83.000,UfIL2xPYUWA3pa2i,89.000,3ro8QLJh0yyykLyV,630.000,uHgM+VdJzX93m/5O,632.000,Jg+7wzPVXO3fl6hF,634.000,h4OQZ7bMhp0Pbd5V,,,,,,
9,278,2026-04-05T09:36:04.760Z,323.000,7,6.000,jwNdRfwvt/DA6PNq,13.000,h4OQZ7bMhp0Pbd5V,16.000,UfIL2xPYUWA3pa2i,110.000,Cr1IDgtoIwjHadzo,155.000,3ro8QLJh0yyykLyV,230.000,Jg+7wzPVXO3fl6hF,323.000,WYac+BcEaEqjcD+O,,,,,,
9,279,2026-04-05T09:36:05.083Z,861.000,7,26.000,Cr1IDgtoIwjHadzo,28.000,3ro8QLJh0yyykLyV,146.000,nbm0/St8w4GUlGA4,496.000,UfIL2xPYUWA3pa2i,851.000,uHgM+VdJzX93m/5O,853.000,Jg+7wzPVXO3fl6hF,861.000,h4OQZ7bMhp0Pbd5V,,,,,,
9,280,2026-04-05T09:36:05.944Z,768.000,7,7.000,UfIL2xPYUWA3pa2i,40.000,h4OQZ7bMhp0Pbd5V,92.000,Cr1IDgtoIwjHadzo,360.000,uHgM+VdJzX93m/5O,362.000,0vdW+g6toC/h3nqI,758.000,3ro8QLJh0yyykLyV,767.000,nbm0/St8w4GUlGA4,,,,,,
9,281,2026-04-05T09:36:06.712Z,412.000,7,116.000,Cr1IDgtoIwjHadzo,128.000,UfIL2xPYUWA3pa2i,210.000,nbm0/St8w4GUlGA4,245.000,3ro8QLJh0yyykLyV,392.000,h4OQZ7bMhp0Pbd5V,408.000,jwNdRfwvt/DA6PNq,412.000,uHgM+VdJzX93m/5O,,,,,,
9,282,2026-04-05T09:36:07.124Z,891.000,7,717.000,nbm0/St8w4GUlGA4,726.000,h4OQZ7bMhp0Pbd5V,769.000,UfIL2xPYUWA3pa2i,772.000,Cr1IDgtoIwjHadzo,838.000,jwNdRfwvt/DA6PNq,843.000,3ro8QLJh0yyykLyV,891.000,WYac+BcEaEqjcD+O,,,,,,
9,283,2026-04-05T09:36:08.015Z,1014.000,7,5.000,Cr1IDgtoIwjHadzo,5.000,UfIL2xPYUWA3pa2i,8.000,nbm0/St8w4GUlGA4,843.000,h4OQZ7bMhp0Pbd5V,953.000,jwNdRfwvt/DA6PNq,1012.000,WYac+BcEaEqjcD+O,1013.000,3ro8QLJh0yyykLyV,,,,,,
9,284,2026-04-05T09:36:09.029Z,956.000,7,8.000,nbm0/St8w4GUlGA4,112.000,Cr1IDgtoIwjHadzo,141.000,UfIL2xPYUWA3pa2i,861.000,jwNdRfwvt/DA6PNq,921.000,h4OQZ7bMhp0Pbd5V,954.000,uHgM+VdJzX93m/5O,956.000,Jg+7wzPVXO3fl6hF,,,,,,
9,285,2026-04-05T09:36:09.985Z,938.000,9,118.000,nbm0/St8w4GUlGA4,768.000,UfIL2xPYUWA3pa2i,771.000,Cr1IDgtoIwjHadzo,865.000,uHgM+VdJzX93m/5O,878.000,Jg+7wzPVXO3fl6hF,880.000,jwNdRfwvt/DA6PNq,938.000,WYac+BcEaEqjcD+O,940.000,0vdW+g6toC/h3nqI,946.000,3ro8QLJh0yyykLyV,,
9,286,2026-04-05T09:36:10.923Z,1020.000,8,882.000,nbm0/St8w4GUlGA4,924.000,UfIL2xPYUWA3pa2i,952.000,jwNdRfwvt/DA6PNq,981.000,uHgM+VdJzX93m/5O,990.000,Jg+7wzPVXO3fl6hF,998.000,WYac+BcEaEqjcD+O,1020.000,0vdW+g6toC/h3nqI,1044.000,Cr1IDgtoIwjHadzo,,,,
9,287,2026-04-05T09:36:11.943Z,1025.000,7,538.000,UfIL2xPYUWA3pa2i,757.000,nbm0/St8w4GUlGA4,801.000,Cr1IDgtoIwjHadzo,988.000,uHgM+VdJzX93m/5O,1007.000,jwNdRfwvt/DA6PNq,1013.000,Jg+7wzPVXO3fl6hF,1025.000,0vdW+g6toC/h3nqI,,,,,,
9,288,2026-04-05T09:36:12.968Z,1026.000,7,450.000,3ro8QLJh0yyykLyV,928.000,nbm0/St8w4GUlGA4,929.000,Cr1IDgtoIwjHadzo,952.000,UfIL2xPYUWA3pa2i,1015.000,Jg+7wzPVXO3fl6hF,1023.000,uHgM+VdJzX93m/5O,1026.000,jwNdRfwvt/DA6PNq,,,,,,
9,289,2026-04-05T09:36:13.994Z,1596.000,8,863.000,nbm0/St8w4GUlGA4,922.000,Cr1IDgtoIwjHadzo,932.000,UfIL2xPYUWA3pa2i,1348.000,Jg+7wzPVXO3fl6hF,1389.000,0vdW+g6toC/h3nqI,1413.000,WYac+BcEaEqjcD+O,1596.000,h4OQZ7bMhp0Pbd5V,1634.000,jwNdRfwvt/DA6PNq,,,,
9,290,2026-04-05T09:36:15.590Z,1519.000,7,680.000,WYac+BcEaEqjcD+O,1061.000,0vdW+g6toC/h3nqI,1230.000,jwNdRfwvt/DA6PNq,1259.000,3ro8QLJh0yyykLyV,1333.000,h4OQZ7bMhp0Pbd5V,1485.000,uHgM+VdJzX93m/5O,1519.000,nbm0/St8w4GUlGA4,,,,,,
9,291,2026-04-05T09:36:17.109Z,1911.000,7,829.000,nbm0/St8w4GUlGA4,1027.000,h4OQZ7bMhp0Pbd5V,1117.000,UfIL2xPYUWA3pa2i,1438.000,Jg+7wzPVXO3fl6hF,1836.000,Cr1IDgtoIwjHadzo,1850.000,0vdW+g6toC/h3nqI,1911.000,jwNdRfwvt/DA6PNq,,,,,,
9,292,2026-04-05T09:36:19.020Z,2660.000,7,1730.000,h4OQZ7bMhp0Pbd5V,1812.000,3ro8QLJh0yyykLyV,1945.000,Cr1IDgtoIwjHadzo,2560.000,Jg+7wzPVXO3fl6hF,2613.000,0vdW+g6toC/h3nqI,2641.000,jwNdRfwvt/DA6PNq,2660.000,uHgM+VdJzX93m/5O,,,,,,
9,293,2026-04-05T09:36:21.680Z,2765.000,7,2437.000,3ro8QLJh0yyykLyV,2444.000,Jg+7wzPVXO3fl6hF,2483.000,UfIL2xPYUWA3pa2i,2493.000,h4OQZ7bMhp0Pbd5V,2496.000,nbm0/St8w4GUlGA4,2759.000,jwNdRfwvt/DA6PNq,2765.000,WYac+BcEaEqjcD+O,,,,,,
9,294,2026-04-05T09:36:24.445Z,3415.000,7,3011.000,Jg+7wzPVXO3fl6hF,3012.000,jwNdRfwvt/DA6PNq,3034.000,3ro8QLJh0yyykLyV,3101.000,Cr1IDgtoIwjHadzo,3108.000,UfIL2xPYUWA3pa2i,3408.000,h4OQZ7bMhp0Pbd5V,3415.000,nbm0/St8w4GUlGA4,,,,,,
9,295,2026-04-05T09:36:27.860Z,3903.000,7,3097.000,UfIL2xPYUWA3pa2i,3122.000,h4OQZ7bMhp0Pbd5V,3218.000,nbm0/St8w4GUlGA4,3686.000,jwNdRfwvt/DA6PNq,3782.000,uHgM+VdJzX93m/5O,3798.000,3ro8QLJh0yyykLyV,3903.000,Cr1IDgtoIwjHadzo,,,,,,
9,296,2026-04-05T09:36:31.763Z,5225.000,7,3603.000,nbm0/St8w4GUlGA4,4300.000,jwNdRfwvt/DA6PNq,4387.000,3ro8QLJh0yyykLyV,4675.000,uHgM+VdJzX93m/5O,4676.000,UfIL2xPYUWA3pa2i,4676.000,h4OQZ7bMhp0Pbd5V,5225.000,Jg+7wzPVXO3fl6hF,,,,,,
9,297,2026-04-05T09:36:36.988Z,5806.000,7,5479.000,0vdW+g6toC/h3nqI,5505.000,jwNdRfwvt/DA6PNq,5510.000,Cr1IDgtoIwjHadzo,5568.000,UfIL2xPYUWA3pa2i,5582.000,nbm0/St8w4GUlGA4,5804.000,3ro8QLJh0yyykLyV,5806.000,h4OQZ7bMhp0Pbd5V,,,,,,
9,298,2026-04-05T09:36:42.794Z,6957.000,7,5546.000,UfIL2xPYUWA3pa2i,6359.000,nbm0/St8w4GUlGA4,6620.000,jwNdRfwvt/DA6PNq,6681.000,h4OQZ7bMhp0Pbd5V,6751.000,3ro8QLJh0yyykLyV,6910.000,WYac+BcEaEqjcD+O,6957.000,0vdW+g6toC/h3nqI,,,,,,
9,299,2026-04-05T09:36:49.751Z,8218.000,7,7179.000,WYac+BcEaEqjcD+O,7876.000,0vdW+g6toC/h3nqI,7934.000,Cr1IDgtoIwjHadzo,7962.000,UfIL2xPYUWA3pa2i,8043.000,3ro8QLJh0yyykLyV,8050.000,nbm0/St8w4GUlGA4,8218.000,uHgM+VdJzX93m/5O,,,,,,
9,300,2026-04-05T09:36:57.969Z,8161.000,7,8109.000,nbm0/St8w4GUlGA4,8123.000,0vdW+g6toC/h3nqI,8132.000,WYac+BcEaEqjcD+O,8141.000,uHgM+VdJzX93m/5O,8152.000,h4OQZ7bMhp0Pbd5V,8159.000,UfIL2xPYUWA3pa2i,8161.000,3ro8QLJh0yyykLyV,,,,,,
9,301,2026-04-05T09:37:06.130Z,8525.000,7,7319.000,Cr1IDgtoIwjHadzo,8406.000,WYac+BcEaEqjcD+O,8420.000,jwNdRfwvt/DA6PNq,8447.000,uHgM+VdJzX93m/5O,8448.000,Jg+7wzPVXO3fl6hF,8513.000,3ro8QLJh0yyykLyV,8525.000,UfIL2xPYUWA3pa2i,,,,,,
9,302,2026-04-05T09:37:14.655Z,7764.000,7,6837.000,Cr1IDgtoIwjHadzo,6854.000,Jg+7wzPVXO3fl6hF,6939.000,UfIL2xPYUWA3pa2i,7505.000,uHgM+VdJzX93m/5O,7718.000,WYac+BcEaEqjcD+O,7742.000,jwNdRfwvt/DA6PNq,7764.000,h4OQZ7bMhp0Pbd5V,,,,,,
9,303,2026-04-05T09:37:22.419Z,8156.000,7,7113.000,Cr1IDgtoIwjHadzo,7128.000,UfIL2xPYUWA3pa2i,7398.000,uHgM+VdJzX93m/5O,7474.000,WYac+BcEaEqjcD+O,7552.000,nbm0/St8w4GUlGA4,7599.000,jwNdRfwvt/DA6PNq,8155.000,3ro8QLJh0yyykLyV,,,,,,
9,304,2026-04-05T09:37:30.575Z,,0,,,,,,,,,,,,,,,,,,,,
