Node_ID,Round,Round_Start_Time,Round_End_Time_ms,Certificate_Count,Certificate_1_Time_Delta_ms,Certificate_1_Origin,Certificate_2_Time_Delta_ms,Certificate_2_Origin,Certificate_3_Time_Delta_ms,Certificate_3_Origin,Certificate_4_Time_Delta_ms,Certificate_4_Origin,Certificate_5_Time_Delta_ms,Certificate_5_Origin,Certificate_6_Time_Delta_ms,Certificate_6_Origin,Certificate_7_Time_Delta_ms,Certificate_7_Origin,Certificate_8_Time_Delta_ms,Certificate_8_Origin,Certificate_9_Time_Delta_ms,Certificate_9_Origin,Certificate_10_Time_Delta_ms,Certificate_10_Origin
0,1,2026-04-03T17:44:17.958Z,13530.000,7,9634.000,w6o/1KDk4bQJjnKe,9961.000,ypRHeJN96V+IYc8+,11225.000,dlBlrVuNwvSQ7Ty0,11451.000,a7tnbcYnfLwVKUyE,12606.000,aduDerLtWfY1irdE,13447.000,BA6zCT53nGgzl67L,13530.000,s2mLF9K9O/mSwIXq,,,,,,
0,2,2026-04-03T17:44:31.488Z,727.000,8,352.000,BA6zCT53nGgzl67L,398.000,w6o/1KDk4bQJjnKe,400.000,ypRHeJN96V+IYc8+,402.000,a7tnbcYnfLwVKUyE,405.000,dlBlrVuNwvSQ7Ty0,490.000,aduDerLtWfY1irdE,727.000,s2mLF9K9O/mSwIXq,1005.000,YA6NSwJLWSGrWC37,,,,
0,3,2026-04-03T17:44:32.215Z,608.000,9,337.000,BA6zCT53nGgzl67L,393.000,w6o/1KDk4bQJjnKe,402.000,a7tnbcYnfLwVKUyE,408.000,dlBlrVuNwvSQ7Ty0,419.000,ypRHeJN96V+IYc8+,486.000,aduDerLtWfY1irdE,608.000,s2mLF9K9O/mSwIXq,748.000,YA6NSwJLWSGrWC37,768.000,ZZSRbgtLV45pMDud,,
0,4,2026-04-03T17:44:32.823Z,412.000,10,330.000,BA6zCT53nGgzl67L,397.000,ZZSRbgtLV45pMDud,400.000,ypRHeJN96V+IYc8+,404.000,w6o/1KDk4bQJjnKe,406.000,dlBlrVuNwvSQ7Ty0,408.000,a7tnbcYnfLwVKUyE,411.000,aduDerLtWfY1irdE,532.000,s2mLF9K9O/mSwIXq,584.000,YA6NSwJLWSGrWC37,1045.000,Hy4Qx5+KlX+FgTnc
0,5,2026-04-03T17:44:33.235Z,422.000,10,353.000,BA6zCT53nGgzl67L,396.000,dlBlrVuNwvSQ7Ty0,401.000,ZZSRbgtLV45pMDud,405.000,ypRHeJN96V+IYc8+,408.000,s2mLF9K9O/mSwIXq,410.000,a7tnbcYnfLwVKUyE,421.000,aduDerLtWfY1irdE,434.000,w6o/1KDk4bQJjnKe,596.000,YA6NSwJLWSGrWC37,851.000,Hy4Qx5+KlX+FgTnc
0,6,2026-04-03T17:44:33.657Z,406.000,10,334.000,BA6zCT53nGgzl67L,371.000,s2mLF9K9O/mSwIXq,382.000,w6o/1KDk4bQJjnKe,386.000,aduDerLtWfY1irdE,398.000,YA6NSwJLWSGrWC37,404.000,ypRHeJN96V+IYc8+,406.000,ZZSRbgtLV45pMDud,407.000,a7tnbcYnfLwVKUyE,419.000,dlBlrVuNwvSQ7Ty0,674.000,Hy4Qx5+KlX+FgTnc
0,7,2026-04-03T17:44:34.063Z,409.000,10,328.000,BA6zCT53nGgzl67L,397.000,dlBlrVuNwvSQ7Ty0,404.000,aduDerLtWfY1irdE,405.000,a7tnbcYnfLwVKUyE,406.000,ZZSRbgtLV45pMDud,408.000,ypRHeJN96V+IYc8+,409.000,w6o/1KDk4bQJjnKe,443.000,YA6NSwJLWSGrWC37,446.000,s2mLF9K9O/mSwIXq,553.000,Hy4Qx5+KlX+FgTnc
0,8,2026-04-03T17:44:34.472Z,405.000,9,328.000,BA6zCT53nGgzl67L,368.000,YA6NSwJLWSGrWC37,399.000,a7tnbcYnfLwVKUyE,401.000,dlBlrVuNwvSQ7Ty0,402.000,s2mLF9K9O/mSwIXq,404.000,ZZSRbgtLV45pMDud,405.000,ypRHeJN96V+IYc8+,410.000,aduDerLtWfY1irdE,413.000,w6o/1KDk4bQJjnKe,,
0,9,2026-04-03T17:44:34.877Z,406.000,10,326.000,BA6zCT53nGgzl67L,369.000,YA6NSwJLWSGrWC37,397.000,aduDerLtWfY1irdE,400.000,ypRHeJN96V+IYc8+,402.000,a7tnbcYnfLwVKUyE,405.000,ZZSRbgtLV45pMDud,406.000,w6o/1KDk4bQJjnKe,414.000,s2mLF9K9O/mSwIXq,416.000,dlBlrVuNwvSQ7Ty0,446.000,Hy4Qx5+KlX+FgTnc
0,10,2026-04-03T17:44:35.283Z,406.000,10,327.000,BA6zCT53nGgzl67L,370.000,Hy4Qx5+KlX+FgTnc,400.000,a7tnbcYnfLwVKUyE,401.000,w6o/1KDk4bQJjnKe,402.000,ypRHeJN96V+IYc8+,404.000,aduDerLtWfY1irdE,405.000,ZZSRbgtLV45pMDud,407.000,s2mLF9K9O/mSwIXq,413.000,dlBlrVuNwvSQ7Ty0,449.000,YA6NSwJLWSGrWC37
0,11,2026-04-03T17:44:35.689Z,412.000,10,331.000,BA6zCT53nGgzl67L,372.000,Hy4Qx5+KlX+FgTnc,399.000,aduDerLtWfY1irdE,402.000,a7tnbcYnfLwVKUyE,405.000,s2mLF9K9O/mSwIXq,406.000,ypRHeJN96V+IYc8+,412.000,YA6NSwJLWSGrWC37,413.000,ZZSRbgtLV45pMDud,415.000,dlBlrVuNwvSQ7Ty0,416.000,w6o/1KDk4bQJjnKe
0,12,2026-04-03T17:44:36.101Z,403.000,10,321.000,BA6zCT53nGgzl67L,395.000,s2mLF9K9O/mSwIXq,397.000,ZZSRbgtLV45pMDud,398.000,dlBlrVuNwvSQ7Ty0,399.000,w6o/1KDk4bQJjnKe,401.000,ypRHeJN96V+IYc8+,403.000,Hy4Qx5+KlX+FgTnc,405.000,YA6NSwJLWSGrWC37,406.000,aduDerLtWfY1irdE,407.000,a7tnbcYnfLwVKUyE
0,13,2026-04-03T17:44:36.504Z,408.000,10,326.000,BA6zCT53nGgzl67L,364.000,Hy4Qx5+KlX+FgTnc,403.000,YA6NSwJLWSGrWC37,404.000,aduDerLtWfY1irdE,405.000,a7tnbcYnfLwVKUyE,407.000,ypRHeJN96V+IYc8+,408.000,w6o/1KDk4bQJjnKe,409.000,dlBlrVuNwvSQ7Ty0,410.000,ZZSRbgtLV45pMDud,412.000,s2mLF9K9O/mSwIXq
0,14,2026-04-03T17:44:36.912Z,402.000,10,320.000,BA6zCT53nGgzl67L,367.000,Hy4Qx5+KlX+FgTnc,391.000,a7tnbcYnfLwVKUyE,396.000,ZZSRbgtLV45pMDud,397.000,YA6NSwJLWSGrWC37,399.000,aduDerLtWfY1irdE,402.000,ypRHeJN96V+IYc8+,403.000,dlBlrVuNwvSQ7Ty0,404.000,s2mLF9K9O/mSwIXq,410.000,w6o/1KDk4bQJjnKe
0,15,2026-04-03T17:44:37.314Z,411.000,10,325.000,BA6zCT53nGgzl67L,398.000,YA6NSwJLWSGrWC37,399.000,s2mLF9K9O/mSwIXq,400.000,ZZSRbgtLV45pMDud,408.000,aduDerLtWfY1irdE,410.000,a7tnbcYnfLwVKUyE,411.000,dlBlrVuNwvSQ7Ty0,412.000,w6o/1KDk4bQJjnKe,413.000,ypRHeJN96V+IYc8+,415.000,Hy4Qx5+KlX+FgTnc
0,16,2026-04-03T17:44:37.725Z,403.000,10,320.000,BA6zCT53nGgzl67L,390.000,s2mLF9K9O/mSwIXq,394.000,w6o/1KDk4bQJjnKe,396.000,aduDerLtWfY1irdE,399.000,YA6NSwJLWSGrWC37,402.000,dlBlrVuNwvSQ7Ty0,403.000,ZZSRbgtLV45pMDud,404.000,ypRHeJN96V+IYc8+,406.000,a7tnbcYnfLwVKUyE,407.000,Hy4Qx5+KlX+FgTnc
0,17,2026-04-03T17:44:38.128Z,403.000,10,319.000,BA6zCT53nGgzl67L,392.000,a7tnbcYnfLwVKUyE,395.000,YA6NSwJLWSGrWC37,399.000,ZZSRbgtLV45pMDud,400.000,dlBlrVuNwvSQ7Ty0,401.000,w6o/1KDk4bQJjnKe,403.000,Hy4Qx5+KlX+FgTnc,404.000,aduDerLtWfY1irdE,405.000,ypRHeJN96V+IYc8+,407.000,s2mLF9K9O/mSwIXq
0,18,2026-04-03T17:44:38.531Z,407.000,10,326.000,BA6zCT53nGgzl67L,400.000,ZZSRbgtLV45pMDud,401.000,aduDerLtWfY1irdE,403.000,w6o/1KDk4bQJjnKe,404.000,a7tnbcYnfLwVKUyE,405.000,ypRHeJN96V+IYc8+,407.000,dlBlrVuNwvSQ7Ty0,409.000,s2mLF9K9O/mSwIXq,411.000,Hy4Qx5+KlX+FgTnc,413.000,YA6NSwJLWSGrWC37
0,19,2026-04-03T17:44:38.938Z,405.000,10,323.000,BA6zCT53nGgzl67L,398.000,w6o/1KDk4bQJjnKe,400.000,a7tnbcYnfLwVKUyE,401.000,ypRHeJN96V+IYc8+,402.000,aduDerLtWfY1irdE,404.000,YA6NSwJLWSGrWC37,405.000,ZZSRbgtLV45pMDud,406.000,Hy4Qx5+KlX+FgTnc,408.000,dlBlrVuNwvSQ7Ty0,409.000,s2mLF9K9O/mSwIXq
0,20,2026-04-03T17:44:39.343Z,405.000,10,323.000,BA6zCT53nGgzl67L,399.000,aduDerLtWfY1irdE,400.000,YA6NSwJLWSGrWC37,401.000,ZZSRbgtLV45pMDud,402.000,dlBlrVuNwvSQ7Ty0,404.000,ypRHeJN96V+IYc8+,405.000,s2mLF9K9O/mSwIXq,406.000,w6o/1KDk4bQJjnKe,408.000,a7tnbcYnfLwVKUyE,409.000,Hy4Qx5+KlX+FgTnc
0,21,2026-04-03T17:44:39.748Z,409.000,10,323.000,BA6zCT53nGgzl67L,402.000,dlBlrVuNwvSQ7Ty0,403.000,s2mLF9K9O/mSwIXq,405.000,ZZSRbgtLV45pMDud,406.000,Hy4Qx5+KlX+FgTnc,407.000,YA6NSwJLWSGrWC37,408.000,w6o/1KDk4bQJjnKe,410.000,a7tnbcYnfLwVKUyE,411.000,aduDerLtWfY1irdE,412.000,ypRHeJN96V+IYc8+
0,22,2026-04-03T17:44:40.157Z,405.000,10,321.000,BA6zCT53nGgzl67L,398.000,dlBlrVuNwvSQ7Ty0,400.000,aduDerLtWfY1irdE,401.000,a7tnbcYnfLwVKUyE,402.000,s2mLF9K9O/mSwIXq,404.000,w6o/1KDk4bQJjnKe,405.000,ypRHeJN96V+IYc8+,406.000,YA6NSwJLWSGrWC37,407.000,ZZSRbgtLV45pMDud,409.000,Hy4Qx5+KlX+FgTnc
0,23,2026-04-03T17:44:40.562Z,405.000,10,323.000,BA6zCT53nGgzl67L,394.000,ZZSRbgtLV45pMDud,398.000,s2mLF9K9O/mSwIXq,401.000,YA6NSwJLWSGrWC37,402.000,dlBlrVuNwvSQ7Ty0,404.000,a7tnbcYnfLwVKUyE,405.000,ypRHeJN96V+IYc8+,406.000,aduDerLtWfY1irdE,408.000,Hy4Qx5+KlX+FgTnc,413.000,w6o/1KDk4bQJjnKe
0,24,2026-04-03T17:44:40.967Z,407.000,10,326.000,BA6zCT53nGgzl67L,398.000,aduDerLtWfY1irdE,401.000,a7tnbcYnfLwVKUyE,403.000,ypRHeJN96V+IYc8+,404.000,w6o/1KDk4bQJjnKe,405.000,s2mLF9K9O/mSwIXq,407.000,YA6NSwJLWSGrWC37,411.000,ZZSRbgtLV45pMDud,413.000,Hy4Qx5+KlX+FgTnc,414.000,dlBlrVuNwvSQ7Ty0
0,25,2026-04-03T17:44:41.374Z,407.000,10,323.000,BA6zCT53nGgzl67L,399.000,a7tnbcYnfLwVKUyE,400.000,Hy4Qx5+KlX+FgTnc,402.000,ZZSRbgtLV45pMDud,404.000,YA6NSwJLWSGrWC37,405.000,ypRHeJN96V+IYc8+,406.000,aduDerLtWfY1irdE,408.000,dlBlrVuNwvSQ7Ty0,409.000,w6o/1KDk4bQJjnKe,410.000,s2mLF9K9O/mSwIXq
0,26,2026-04-03T17:44:41.781Z,406.000,10,321.000,BA6zCT53nGgzl67L,396.000,w6o/1KDk4bQJjnKe,399.000,ypRHeJN96V+IYc8+,400.000,YA6NSwJLWSGrWC37,403.000,ZZSRbgtLV45pMDud,404.000,Hy4Qx5+KlX+FgTnc,406.000,s2mLF9K9O/mSwIXq,407.000,dlBlrVuNwvSQ7Ty0,408.000,a7tnbcYnfLwVKUyE,409.000,aduDerLtWfY1irdE
0,27,2026-04-03T17:44:42.187Z,403.000,10,323.000,BA6zCT53nGgzl67L,393.000,aduDerLtWfY1irdE,394.000,ZZSRbgtLV45pMDud,396.000,ypRHeJN96V+IYc8+,400.000,YA6NSwJLWSGrWC37,401.000,Hy4Qx5+KlX+FgTnc,403.000,s2mLF9K9O/mSwIXq,405.000,w6o/1KDk4bQJjnKe,406.000,a7tnbcYnfLwVKUyE,408.000,dlBlrVuNwvSQ7Ty0
0,28,2026-04-03T17:44:42.590Z,410.000,10,327.000,BA6zCT53nGgzl67L,401.000,a7tnbcYnfLwVKUyE,405.000,aduDerLtWfY1irdE,406.000,ZZSRbgtLV45pMDud,408.000,s2mLF9K9O/mSwIXq,409.000,dlBlrVuNwvSQ7Ty0,410.000,ypRHeJN96V+IYc8+,412.000,Hy4Qx5+KlX+FgTnc,413.000,YA6NSwJLWSGrWC37,414.000,w6o/1KDk4bQJjnKe
0,29,2026-04-03T17:44:43.000Z,405.000,10,322.000,BA6zCT53nGgzl67L,397.000,aduDerLtWfY1irdE,398.000,w6o/1KDk4bQJjnKe,401.000,a7tnbcYnfLwVKUyE,403.000,ypRHeJN96V+IYc8+,404.000,s2mLF9K9O/mSwIXq,405.000,Hy4Qx5+KlX+FgTnc,407.000,ZZSRbgtLV45pMDud,408.000,dlBlrVuNwvSQ7Ty0,409.000,YA6NSwJLWSGrWC37
0,30,2026-04-03T17:44:43.405Z,405.000,10,322.000,BA6zCT53nGgzl67L,399.000,a7tnbcYnfLwVKUyE,400.000,ypRHeJN96V+IYc8+,401.000,Hy4Qx5+KlX+FgTnc,403.000,dlBlrVuNwvSQ7Ty0,404.000,YA6NSwJLWSGrWC37,405.000,ZZSRbgtLV45pMDud,406.000,w6o/1KDk4bQJjnKe,408.000,s2mLF9K9O/mSwIXq,409.000,aduDerLtWfY1irdE
0,31,2026-04-03T17:44:43.810Z,406.000,10,324.000,BA6zCT53nGgzl67L,398.000,dlBlrVuNwvSQ7Ty0,401.000,ZZSRbgtLV45pMDud,402.000,YA6NSwJLWSGrWC37,403.000,a7tnbcYnfLwVKUyE,405.000,aduDerLtWfY1irdE,406.000,w6o/1KDk4bQJjnKe,407.000,Hy4Qx5+KlX+FgTnc,408.000,s2mLF9K9O/mSwIXq,410.000,ypRHeJN96V+IYc8+
0,32,2026-04-03T17:44:44.216Z,402.000,10,322.000,BA6zCT53nGgzl67L,391.000,s2mLF9K9O/mSwIXq,395.000,a7tnbcYnfLwVKUyE,396.000,ypRHeJN96V+IYc8+,398.000,w6o/1KDk4bQJjnKe,401.000,Hy4Qx5+KlX+FgTnc,402.000,ZZSRbgtLV45pMDud,405.000,aduDerLtWfY1irdE,408.000,YA6NSwJLWSGrWC37,411.000,dlBlrVuNwvSQ7Ty0
0,33,2026-04-03T17:44:44.618Z,411.000,10,326.000,BA6zCT53nGgzl67L,399.000,s2mLF9K9O/mSwIXq,406.000,a7tnbcYnfLwVKUyE,407.000,aduDerLtWfY1irdE,409.000,ZZSRbgtLV45pMDud,410.000,w6o/1KDk4bQJjnKe,411.000,ypRHeJN96V+IYc8+,412.000,dlBlrVuNwvSQ7Ty0,414.000,YA6NSwJLWSGrWC37,415.000,Hy4Qx5+KlX+FgTnc
0,34,2026-04-03T17:44:45.029Z,404.000,10,321.000,BA6zCT53nGgzl67L,397.000,aduDerLtWfY1irdE,398.000,ypRHeJN96V+IYc8+,400.000,YA6NSwJLWSGrWC37,401.000,s2mLF9K9O/mSwIXq,402.000,dlBlrVuNwvSQ7Ty0,403.000,Hy4Qx5+KlX+FgTnc,405.000,ZZSRbgtLV45pMDud,406.000,w6o/1KDk4bQJjnKe,407.000,a7tnbcYnfLwVKUyE
0,35,2026-04-03T17:44:45.433Z,404.000,10,321.000,BA6zCT53nGgzl67L,394.000,s2mLF9K9O/mSwIXq,397.000,a7tnbcYnfLwVKUyE,399.000,ZZSRbgtLV45pMDud,401.000,w6o/1KDk4bQJjnKe,403.000,Hy4Qx5+KlX+FgTnc,404.000,dlBlrVuNwvSQ7Ty0,405.000,aduDerLtWfY1irdE,407.000,ypRHeJN96V+IYc8+,408.000,YA6NSwJLWSGrWC37
0,36,2026-04-03T17:44:45.837Z,408.000,10,325.000,BA6zCT53nGgzl67L,397.000,ZZSRbgtLV45pMDud,399.000,dlBlrVuNwvSQ7Ty0,404.000,s2mLF9K9O/mSwIXq,405.000,Hy4Qx5+KlX+FgTnc,407.000,a7tnbcYnfLwVKUyE,408.000,YA6NSwJLWSGrWC37,410.000,w6o/1KDk4bQJjnKe,411.000,ypRHeJN96V+IYc8+,414.000,aduDerLtWfY1irdE
0,37,2026-04-03T17:44:46.245Z,406.000,10,322.000,BA6zCT53nGgzl67L,394.000,w6o/1KDk4bQJjnKe,397.000,ZZSRbgtLV45pMDud,401.000,ypRHeJN96V+IYc8+,403.000,s2mLF9K9O/mSwIXq,404.000,a7tnbcYnfLwVKUyE,406.000,YA6NSwJLWSGrWC37,407.000,dlBlrVuNwvSQ7Ty0,409.000,aduDerLtWfY1irdE,415.000,Hy4Qx5+KlX+FgTnc
0,38,2026-04-03T17:44:46.651Z,555.000,9,393.000,BA6zCT53nGgzl67L,421.000,YA6NSwJLWSGrWC37,423.000,Hy4Qx5+KlX+FgTnc,426.000,ZZSRbgtLV45pMDud,431.000,aduDerLtWfY1irdE,513.000,w6o/1KDk4bQJjnKe,554.000,a7tnbcYnfLwVKUyE,582.000,ypRHeJN96V+IYc8+,596.000,s2mLF9K9O/mSwIXq,,
0,39,2026-04-03T17:44:47.206Z,819.000,9,708.000,w6o/1KDk4bQJjnKe,716.000,BA6zCT53nGgzl67L,747.000,s2mLF9K9O/mSwIXq,764.000,ZZSRbgtLV45pMDud,784.000,dlBlrVuNwvSQ7Ty0,804.000,a7tnbcYnfLwVKUyE,817.000,YA6NSwJLWSGrWC37,923.000,Hy4Qx5+KlX+FgTnc,961.000,aduDerLtWfY1irdE,,
0,40,2026-04-03T17:44:48.025Z,962.000,9,740.000,BA6zCT53nGgzl67L,779.000,dlBlrVuNwvSQ7Ty0,813.000,Hy4Qx5+KlX+FgTnc,845.000,aduDerLtWfY1irdE,878.000,a7tnbcYnfLwVKUyE,910.000,w6o/1KDk4bQJjnKe,951.000,s2mLF9K9O/mSwIXq,987.000,ZZSRbgtLV45pMDud,1106.000,YA6NSwJLWSGrWC37,,
0,41,2026-04-03T17:44:48.987Z,1417.000,9,1136.000,BA6zCT53nGgzl67L,1184.000,ZZSRbgtLV45pMDud,1226.000,Hy4Qx5+KlX+FgTnc,1266.000,aduDerLtWfY1irdE,1306.000,dlBlrVuNwvSQ7Ty0,1359.000,YA6NSwJLWSGrWC37,1399.000,s2mLF9K9O/mSwIXq,1440.000,w6o/1KDk4bQJjnKe,1571.000,a7tnbcYnfLwVKUyE,,
0,42,2026-04-03T17:44:50.404Z,2296.000,9,1111.000,BA6zCT53nGgzl67L,1625.000,s2mLF9K9O/mSwIXq,1771.000,Hy4Qx5+KlX+FgTnc,1832.000,a7tnbcYnfLwVKUyE,1914.000,ZZSRbgtLV45pMDud,2037.000,aduDerLtWfY1irdE,2270.000,dlBlrVuNwvSQ7Ty0,2376.000,YA6NSwJLWSGrWC37,2748.000,w6o/1KDk4bQJjnKe,,
0,43,2026-04-03T17:44:52.700Z,2569.000,9,1889.000,dlBlrVuNwvSQ7Ty0,1974.000,aduDerLtWfY1irdE,2029.000,BA6zCT53nGgzl67L,2196.000,YA6NSwJLWSGrWC37,2303.000,ZZSRbgtLV45pMDud,2401.000,a7tnbcYnfLwVKUyE,2524.000,Hy4Qx5+KlX+FgTnc,2622.000,s2mLF9K9O/mSwIXq,3294.000,w6o/1KDk4bQJjnKe,,
0,44,2026-04-03T17:44:55.269Z,,0,,,,,,,,,,,,,,,,,,,,
1,1,2026-04-03T17:44:19.438Z,12042.000,7,8154.000,w6o/1KDk4bQJjnKe,8480.000,ypRHeJN96V+IYc8+,9748.000,dlBlrVuNwvSQ7Ty0,9975.000,a7tnbcYnfLwVKUyE,11128.000,aduDerLtWfY1irdE,12009.000,BA6zCT53nGgzl67L,12042.000,s2mLF9K9O/mSwIXq,,,,,,
1,2,2026-04-03T17:44:31.480Z,734.000,8,406.000,a7tnbcYnfLwVKUyE,410.000,dlBlrVuNwvSQ7Ty0,413.000,w6o/1KDk4bQJjnKe,415.000,ypRHeJN96V+IYc8+,416.000,BA6zCT53nGgzl67L,497.000,aduDerLtWfY1irdE,734.000,s2mLF9K9O/mSwIXq,1010.000,YA6NSwJLWSGrWC37,,,,
1,3,2026-04-03T17:44:32.214Z,609.000,9,402.000,a7tnbcYnfLwVKUyE,406.000,dlBlrVuNwvSQ7Ty0,408.000,w6o/1KDk4bQJjnKe,409.000,BA6zCT53nGgzl67L,410.000,ypRHeJN96V+IYc8+,486.000,aduDerLtWfY1irdE,609.000,s2mLF9K9O/mSwIXq,728.000,ZZSRbgtLV45pMDud,809.000,YA6NSwJLWSGrWC37,,
1,4,2026-04-03T17:44:32.823Z,408.000,10,325.000,ZZSRbgtLV45pMDud,398.000,BA6zCT53nGgzl67L,403.000,a7tnbcYnfLwVKUyE,404.000,ypRHeJN96V+IYc8+,406.000,aduDerLtWfY1irdE,407.000,dlBlrVuNwvSQ7Ty0,408.000,w6o/1KDk4bQJjnKe,536.000,s2mLF9K9O/mSwIXq,580.000,YA6NSwJLWSGrWC37,1051.000,Hy4Qx5+KlX+FgTnc
1,5,2026-04-03T17:44:33.231Z,426.000,10,351.000,ZZSRbgtLV45pMDud,403.000,BA6zCT53nGgzl67L,406.000,a7tnbcYnfLwVKUyE,410.000,s2mLF9K9O/mSwIXq,413.000,ypRHeJN96V+IYc8+,414.000,dlBlrVuNwvSQ7Ty0,426.000,aduDerLtWfY1irdE,436.000,w6o/1KDk4bQJjnKe,595.000,YA6NSwJLWSGrWC37,851.000,Hy4Qx5+KlX+FgTnc
1,6,2026-04-03T17:44:33.657Z,399.000,10,328.000,ZZSRbgtLV45pMDud,368.000,s2mLF9K9O/mSwIXq,384.000,w6o/1KDk4bQJjnKe,392.000,ypRHeJN96V+IYc8+,395.000,aduDerLtWfY1irdE,396.000,YA6NSwJLWSGrWC37,399.000,BA6zCT53nGgzl67L,403.000,a7tnbcYnfLwVKUyE,411.000,dlBlrVuNwvSQ7Ty0,677.000,Hy4Qx5+KlX+FgTnc
1,7,2026-04-03T17:44:34.056Z,418.000,10,336.000,ZZSRbgtLV45pMDud,397.000,BA6zCT53nGgzl67L,399.000,ypRHeJN96V+IYc8+,410.000,dlBlrVuNwvSQ7Ty0,411.000,aduDerLtWfY1irdE,413.000,w6o/1KDk4bQJjnKe,418.000,a7tnbcYnfLwVKUyE,446.000,YA6NSwJLWSGrWC37,451.000,s2mLF9K9O/mSwIXq,564.000,Hy4Qx5+KlX+FgTnc
1,8,2026-04-03T17:44:34.474Z,407.000,9,324.000,ZZSRbgtLV45pMDud,363.000,YA6NSwJLWSGrWC37,396.000,dlBlrVuNwvSQ7Ty0,397.000,s2mLF9K9O/mSwIXq,404.000,ypRHeJN96V+IYc8+,406.000,w6o/1KDk4bQJjnKe,407.000,BA6zCT53nGgzl67L,410.000,aduDerLtWfY1irdE,411.000,a7tnbcYnfLwVKUyE,,
1,9,2026-04-03T17:44:34.881Z,404.000,10,321.000,ZZSRbgtLV45pMDud,370.000,Hy4Qx5+KlX+FgTnc,392.000,aduDerLtWfY1irdE,393.000,w6o/1KDk4bQJjnKe,401.000,s2mLF9K9O/mSwIXq,403.000,ypRHeJN96V+IYc8+,403.000,dlBlrVuNwvSQ7Ty0,405.000,YA6NSwJLWSGrWC37,408.000,BA6zCT53nGgzl67L,410.000,a7tnbcYnfLwVKUyE
1,10,2026-04-03T17:44:35.285Z,407.000,10,326.000,ZZSRbgtLV45pMDud,399.000,BA6zCT53nGgzl67L,401.000,aduDerLtWfY1irdE,403.000,s2mLF9K9O/mSwIXq,404.000,w6o/1KDk4bQJjnKe,405.000,YA6NSwJLWSGrWC37,407.000,ypRHeJN96V+IYc8+,409.000,dlBlrVuNwvSQ7Ty0,410.000,a7tnbcYnfLwVKUyE,444.000,Hy4Qx5+KlX+FgTnc
1,11,2026-04-03T17:44:35.692Z,406.000,10,325.000,ZZSRbgtLV45pMDud,367.000,Hy4Qx5+KlX+FgTnc,395.000,BA6zCT53nGgzl67L,396.000,s2mLF9K9O/mSwIXq,399.000,aduDerLtWfY1irdE,404.000,w6o/1KDk4bQJjnKe,406.000,ypRHeJN96V+IYc8+,407.000,a7tnbcYnfLwVKUyE,408.000,dlBlrVuNwvSQ7Ty0,412.000,YA6NSwJLWSGrWC37
1,12,2026-04-03T17:44:36.098Z,406.000,10,326.000,ZZSRbgtLV45pMDud,364.000,Hy4Qx5+KlX+FgTnc,400.000,s2mLF9K9O/mSwIXq,402.000,w6o/1KDk4bQJjnKe,403.000,YA6NSwJLWSGrWC37,404.000,ypRHeJN96V+IYc8+,406.000,aduDerLtWfY1irdE,407.000,dlBlrVuNwvSQ7Ty0,408.000,a7tnbcYnfLwVKUyE,411.000,BA6zCT53nGgzl67L
1,13,2026-04-03T17:44:36.504Z,407.000,10,326.000,ZZSRbgtLV45pMDud,367.000,Hy4Qx5+KlX+FgTnc,395.000,dlBlrVuNwvSQ7Ty0,397.000,a7tnbcYnfLwVKUyE,403.000,w6o/1KDk4bQJjnKe,405.000,BA6zCT53nGgzl67L,407.000,ypRHeJN96V+IYc8+,409.000,aduDerLtWfY1irdE,410.000,YA6NSwJLWSGrWC37,412.000,s2mLF9K9O/mSwIXq
1,14,2026-04-03T17:44:36.911Z,402.000,10,322.000,ZZSRbgtLV45pMDud,364.000,Hy4Qx5+KlX+FgTnc,393.000,s2mLF9K9O/mSwIXq,394.000,a7tnbcYnfLwVKUyE,397.000,aduDerLtWfY1irdE,399.000,w6o/1KDk4bQJjnKe,401.000,BA6zCT53nGgzl67L,403.000,YA6NSwJLWSGrWC37,404.000,ypRHeJN96V+IYc8+,407.000,dlBlrVuNwvSQ7Ty0
1,15,2026-04-03T17:44:37.313Z,408.000,10,325.000,ZZSRbgtLV45pMDud,394.000,BA6zCT53nGgzl67L,400.000,a7tnbcYnfLwVKUyE,401.000,ypRHeJN96V+IYc8+,405.000,dlBlrVuNwvSQ7Ty0,407.000,s2mLF9K9O/mSwIXq,408.000,aduDerLtWfY1irdE,409.000,YA6NSwJLWSGrWC37,410.000,Hy4Qx5+KlX+FgTnc,412.000,w6o/1KDk4bQJjnKe
1,16,2026-04-03T17:44:37.721Z,409.000,10,325.000,ZZSRbgtLV45pMDud,392.000,s2mLF9K9O/mSwIXq,400.000,YA6NSwJLWSGrWC37,403.000,a7tnbcYnfLwVKUyE,407.000,Hy4Qx5+KlX+FgTnc,408.000,dlBlrVuNwvSQ7Ty0,409.000,w6o/1KDk4bQJjnKe,410.000,aduDerLtWfY1irdE,412.000,ypRHeJN96V+IYc8+,413.000,BA6zCT53nGgzl67L
1,17,2026-04-03T17:44:38.130Z,401.000,10,319.000,ZZSRbgtLV45pMDud,393.000,ypRHeJN96V+IYc8+,395.000,dlBlrVuNwvSQ7Ty0,396.000,Hy4Qx5+KlX+FgTnc,397.000,a7tnbcYnfLwVKUyE,399.000,aduDerLtWfY1irdE,401.000,s2mLF9K9O/mSwIXq,402.000,BA6zCT53nGgzl67L,404.000,w6o/1KDk4bQJjnKe,405.000,YA6NSwJLWSGrWC37
1,18,2026-04-03T17:44:38.531Z,407.000,10,325.000,ZZSRbgtLV45pMDud,395.000,dlBlrVuNwvSQ7Ty0,398.000,s2mLF9K9O/mSwIXq,402.000,BA6zCT53nGgzl67L,403.000,Hy4Qx5+KlX+FgTnc,405.000,w6o/1KDk4bQJjnKe,407.000,a7tnbcYnfLwVKUyE,408.000,YA6NSwJLWSGrWC37,409.000,aduDerLtWfY1irdE,411.000,ypRHeJN96V+IYc8+
1,19,2026-04-03T17:44:38.938Z,407.000,10,322.000,ZZSRbgtLV45pMDud,400.000,ypRHeJN96V+IYc8+,402.000,w6o/1KDk4bQJjnKe,403.000,a7tnbcYnfLwVKUyE,404.000,BA6zCT53nGgzl67L,405.000,dlBlrVuNwvSQ7Ty0,407.000,s2mLF9K9O/mSwIXq,408.000,aduDerLtWfY1irdE,409.000,Hy4Qx5+KlX+FgTnc,410.000,YA6NSwJLWSGrWC37
1,20,2026-04-03T17:44:39.345Z,403.000,10,321.000,ZZSRbgtLV45pMDud,394.000,YA6NSwJLWSGrWC37,396.000,w6o/1KDk4bQJjnKe,397.000,dlBlrVuNwvSQ7Ty0,398.000,s2mLF9K9O/mSwIXq,401.000,a7tnbcYnfLwVKUyE,402.000,Hy4Qx5+KlX+FgTnc,404.000,ypRHeJN96V+IYc8+,405.000,BA6zCT53nGgzl67L,406.000,aduDerLtWfY1irdE
1,21,2026-04-03T17:44:39.748Z,409.000,10,324.000,ZZSRbgtLV45pMDud,403.000,ypRHeJN96V+IYc8+,404.000,YA6NSwJLWSGrWC37,405.000,s2mLF9K9O/mSwIXq,406.000,dlBlrVuNwvSQ7Ty0,408.000,aduDerLtWfY1irdE,409.000,BA6zCT53nGgzl67L,410.000,a7tnbcYnfLwVKUyE,412.000,w6o/1KDk4bQJjnKe,413.000,Hy4Qx5+KlX+FgTnc
1,22,2026-04-03T17:44:40.157Z,401.000,10,320.000,ZZSRbgtLV45pMDud,393.000,a7tnbcYnfLwVKUyE,395.000,ypRHeJN96V+IYc8+,396.000,aduDerLtWfY1irdE,398.000,s2mLF9K9O/mSwIXq,399.000,dlBlrVuNwvSQ7Ty0,401.000,w6o/1KDk4bQJjnKe,402.000,YA6NSwJLWSGrWC37,403.000,Hy4Qx5+KlX+FgTnc,413.000,BA6zCT53nGgzl67L
1,23,2026-04-03T17:44:40.558Z,413.000,10,328.000,ZZSRbgtLV45pMDud,401.000,a7tnbcYnfLwVKUyE,405.000,s2mLF9K9O/mSwIXq,406.000,Hy4Qx5+KlX+FgTnc,409.000,w6o/1KDk4bQJjnKe,411.000,YA6NSwJLWSGrWC37,413.000,aduDerLtWfY1irdE,414.000,ypRHeJN96V+IYc8+,415.000,BA6zCT53nGgzl67L,417.000,dlBlrVuNwvSQ7Ty0
1,24,2026-04-03T17:44:40.971Z,404.000,10,318.000,ZZSRbgtLV45pMDud,389.000,aduDerLtWfY1irdE,398.000,Hy4Qx5+KlX+FgTnc,400.000,ypRHeJN96V+IYc8+,401.000,s2mLF9K9O/mSwIXq,402.000,YA6NSwJLWSGrWC37,403.000,w6o/1KDk4bQJjnKe,405.000,BA6zCT53nGgzl67L,406.000,a7tnbcYnfLwVKUyE,407.000,dlBlrVuNwvSQ7Ty0
1,25,2026-04-03T17:44:41.375Z,405.000,10,321.000,ZZSRbgtLV45pMDud,398.000,dlBlrVuNwvSQ7Ty0,400.000,YA6NSwJLWSGrWC37,401.000,Hy4Qx5+KlX+FgTnc,402.000,s2mLF9K9O/mSwIXq,404.000,aduDerLtWfY1irdE,405.000,ypRHeJN96V+IYc8+,406.000,BA6zCT53nGgzl67L,408.000,w6o/1KDk4bQJjnKe,409.000,a7tnbcYnfLwVKUyE
1,26,2026-04-03T17:44:41.780Z,405.000,10,322.000,ZZSRbgtLV45pMDud,393.000,aduDerLtWfY1irdE,398.000,ypRHeJN96V+IYc8+,401.000,Hy4Qx5+KlX+FgTnc,402.000,BA6zCT53nGgzl67L,404.000,dlBlrVuNwvSQ7Ty0,405.000,YA6NSwJLWSGrWC37,406.000,w6o/1KDk4bQJjnKe,407.000,a7tnbcYnfLwVKUyE,409.000,s2mLF9K9O/mSwIXq
1,27,2026-04-03T17:44:42.185Z,407.000,10,324.000,ZZSRbgtLV45pMDud,400.000,dlBlrVuNwvSQ7Ty0,402.000,w6o/1KDk4bQJjnKe,403.000,Hy4Qx5+KlX+FgTnc,404.000,s2mLF9K9O/mSwIXq,406.000,aduDerLtWfY1irdE,407.000,BA6zCT53nGgzl67L,408.000,a7tnbcYnfLwVKUyE,410.000,YA6NSwJLWSGrWC37,411.000,ypRHeJN96V+IYc8+
1,28,2026-04-03T17:44:42.592Z,406.000,10,324.000,ZZSRbgtLV45pMDud,399.000,a7tnbcYnfLwVKUyE,400.000,w6o/1KDk4bQJjnKe,401.000,BA6zCT53nGgzl67L,403.000,dlBlrVuNwvSQ7Ty0,404.000,YA6NSwJLWSGrWC37,406.000,ypRHeJN96V+IYc8+,407.000,Hy4Qx5+KlX+FgTnc,408.000,aduDerLtWfY1irdE,413.000,s2mLF9K9O/mSwIXq
1,29,2026-04-03T17:44:42.998Z,404.000,10,322.000,ZZSRbgtLV45pMDud,395.000,aduDerLtWfY1irdE,399.000,YA6NSwJLWSGrWC37,400.000,dlBlrVuNwvSQ7Ty0,402.000,s2mLF9K9O/mSwIXq,403.000,w6o/1KDk4bQJjnKe,404.000,a7tnbcYnfLwVKUyE,406.000,BA6zCT53nGgzl67L,407.000,ypRHeJN96V+IYc8+,410.000,Hy4Qx5+KlX+FgTnc
1,30,2026-04-03T17:44:43.402Z,405.000,10,322.000,ZZSRbgtLV45pMDud,396.000,dlBlrVuNwvSQ7Ty0,399.000,w6o/1KDk4bQJjnKe,401.000,BA6zCT53nGgzl67L,402.000,Hy4Qx5+KlX+FgTnc,403.000,ypRHeJN96V+IYc8+,405.000,YA6NSwJLWSGrWC37,406.000,aduDerLtWfY1irdE,412.000,s2mLF9K9O/mSwIXq,414.000,a7tnbcYnfLwVKUyE
1,31,2026-04-03T17:44:43.807Z,407.000,10,324.000,ZZSRbgtLV45pMDud,396.000,dlBlrVuNwvSQ7Ty0,398.000,w6o/1KDk4bQJjnKe,403.000,s2mLF9K9O/mSwIXq,405.000,a7tnbcYnfLwVKUyE,406.000,Hy4Qx5+KlX+FgTnc,407.000,aduDerLtWfY1irdE,409.000,ypRHeJN96V+IYc8+,410.000,YA6NSwJLWSGrWC37,411.000,BA6zCT53nGgzl67L
1,32,2026-04-03T17:44:44.214Z,405.000,10,320.000,ZZSRbgtLV45pMDud,389.000,s2mLF9K9O/mSwIXq,399.000,YA6NSwJLWSGrWC37,401.000,w6o/1KDk4bQJjnKe,402.000,ypRHeJN96V+IYc8+,403.000,aduDerLtWfY1irdE,405.000,BA6zCT53nGgzl67L,406.000,dlBlrVuNwvSQ7Ty0,407.000,Hy4Qx5+KlX+FgTnc,408.000,a7tnbcYnfLwVKUyE
1,33,2026-04-03T17:44:44.619Z,407.000,10,325.000,ZZSRbgtLV45pMDud,399.000,BA6zCT53nGgzl67L,402.000,a7tnbcYnfLwVKUyE,403.000,aduDerLtWfY1irdE,405.000,dlBlrVuNwvSQ7Ty0,406.000,s2mLF9K9O/mSwIXq,407.000,Hy4Qx5+KlX+FgTnc,408.000,w6o/1KDk4bQJjnKe,411.000,YA6NSwJLWSGrWC37,416.000,ypRHeJN96V+IYc8+
1,34,2026-04-03T17:44:45.026Z,409.000,10,323.000,ZZSRbgtLV45pMDud,390.000,YA6NSwJLWSGrWC37,402.000,ypRHeJN96V+IYc8+,405.000,s2mLF9K9O/mSwIXq,406.000,w6o/1KDk4bQJjnKe,407.000,aduDerLtWfY1irdE,409.000,dlBlrVuNwvSQ7Ty0,410.000,BA6zCT53nGgzl67L,411.000,Hy4Qx5+KlX+FgTnc,412.000,a7tnbcYnfLwVKUyE
1,35,2026-04-03T17:44:45.435Z,402.000,10,320.000,ZZSRbgtLV45pMDud,394.000,aduDerLtWfY1irdE,397.000,Hy4Qx5+KlX+FgTnc,398.000,dlBlrVuNwvSQ7Ty0,400.000,YA6NSwJLWSGrWC37,401.000,BA6zCT53nGgzl67L,402.000,a7tnbcYnfLwVKUyE,403.000,ypRHeJN96V+IYc8+,405.000,w6o/1KDk4bQJjnKe,406.000,s2mLF9K9O/mSwIXq
1,36,2026-04-03T17:44:45.837Z,405.000,10,324.000,ZZSRbgtLV45pMDud,399.000,YA6NSwJLWSGrWC37,400.000,aduDerLtWfY1irdE,401.000,dlBlrVuNwvSQ7Ty0,403.000,Hy4Qx5+KlX+FgTnc,404.000,s2mLF9K9O/mSwIXq,405.000,BA6zCT53nGgzl67L,407.000,ypRHeJN96V+IYc8+,411.000,w6o/1KDk4bQJjnKe,412.000,a7tnbcYnfLwVKUyE
1,37,2026-04-03T17:44:46.242Z,411.000,10,328.000,ZZSRbgtLV45pMDud,394.000,ypRHeJN96V+IYc8+,396.000,BA6zCT53nGgzl67L,400.000,dlBlrVuNwvSQ7Ty0,402.000,s2mLF9K9O/mSwIXq,404.000,Hy4Qx5+KlX+FgTnc,410.000,w6o/1KDk4bQJjnKe,412.000,aduDerLtWfY1irdE,413.000,YA6NSwJLWSGrWC37,415.000,a7tnbcYnfLwVKUyE
1,38,2026-04-03T17:44:46.653Z,518.000,9,382.000,ZZSRbgtLV45pMDud,418.000,Hy4Qx5+KlX+FgTnc,419.000,YA6NSwJLWSGrWC37,429.000,aduDerLtWfY1irdE,432.000,BA6zCT53nGgzl67L,507.000,s2mLF9K9O/mSwIXq,517.000,w6o/1KDk4bQJjnKe,552.000,a7tnbcYnfLwVKUyE,817.000,ypRHeJN96V+IYc8+,,
1,39,2026-04-03T17:44:47.171Z,897.000,9,670.000,ZZSRbgtLV45pMDud,720.000,YA6NSwJLWSGrWC37,737.000,w6o/1KDk4bQJjnKe,755.000,s2mLF9K9O/mSwIXq,769.000,dlBlrVuNwvSQ7Ty0,782.000,a7tnbcYnfLwVKUyE,891.000,BA6zCT53nGgzl67L,1017.000,Hy4Qx5+KlX+FgTnc,1040.000,aduDerLtWfY1irdE,,
1,40,2026-04-03T17:44:48.068Z,894.000,9,669.000,ZZSRbgtLV45pMDud,718.000,dlBlrVuNwvSQ7Ty0,749.000,Hy4Qx5+KlX+FgTnc,781.000,aduDerLtWfY1irdE,813.000,a7tnbcYnfLwVKUyE,852.000,BA6zCT53nGgzl67L,884.000,w6o/1KDk4bQJjnKe,915.000,s2mLF9K9O/mSwIXq,1033.000,YA6NSwJLWSGrWC37,,
1,41,2026-04-03T17:44:48.962Z,1388.000,9,906.000,ZZSRbgtLV45pMDud,1108.000,dlBlrVuNwvSQ7Ty0,1151.000,YA6NSwJLWSGrWC37,1189.000,Hy4Qx5+KlX+FgTnc,1225.000,aduDerLtWfY1irdE,1325.000,s2mLF9K9O/mSwIXq,1371.000,w6o/1KDk4bQJjnKe,1415.000,BA6zCT53nGgzl67L,2092.000,a7tnbcYnfLwVKUyE,,
1,42,2026-04-03T17:44:50.350Z,2365.000,9,1728.000,ZZSRbgtLV45pMDud,1792.000,BA6zCT53nGgzl67L,1846.000,s2mLF9K9O/mSwIXq,1908.000,Hy4Qx5+KlX+FgTnc,1966.000,a7tnbcYnfLwVKUyE,2027.000,aduDerLtWfY1irdE,2340.000,dlBlrVuNwvSQ7Ty0,2418.000,YA6NSwJLWSGrWC37,2777.000,w6o/1KDk4bQJjnKe,,
1,43,2026-04-03T17:44:52.715Z,2720.000,9,1721.000,ZZSRbgtLV45pMDud,1842.000,dlBlrVuNwvSQ7Ty0,1951.000,aduDerLtWfY1irdE,2222.000,YA6NSwJLWSGrWC37,2327.000,Hy4Qx5+KlX+FgTnc,2435.000,a7tnbcYnfLwVKUyE,2666.000,s2mLF9K9O/mSwIXq,3321.000,w6o/1KDk4bQJjnKe,5357.000,BA6zCT53nGgzl67L,,
1,44,2026-04-03T17:44:55.435Z,,0,,,,,,,,,,,,,,,,,,,,
2,1,2026-04-03T17:44:20.901Z,10582.000,7,6692.000,w6o/1KDk4bQJjnKe,6974.000,ypRHeJN96V+IYc8+,8284.000,dlBlrVuNwvSQ7Ty0,8509.000,a7tnbcYnfLwVKUyE,9660.000,aduDerLtWfY1irdE,10546.000,BA6zCT53nGgzl67L,10582.000,s2mLF9K9O/mSwIXq,,,,,,
2,2,2026-04-03T17:44:31.483Z,736.000,8,361.000,ypRHeJN96V+IYc8+,396.000,a7tnbcYnfLwVKUyE,405.000,w6o/1KDk4bQJjnKe,410.000,BA6zCT53nGgzl67L,411.000,dlBlrVuNwvSQ7Ty0,492.000,aduDerLtWfY1irdE,736.000,s2mLF9K9O/mSwIXq,1012.000,YA6NSwJLWSGrWC37,,,,
2,3,2026-04-03T17:44:32.219Z,600.000,9,323.000,ypRHeJN96V+IYc8+,390.000,BA6zCT53nGgzl67L,398.000,dlBlrVuNwvSQ7Ty0,400.000,w6o/1KDk4bQJjnKe,408.000,a7tnbcYnfLwVKUyE,480.000,aduDerLtWfY1irdE,600.000,s2mLF9K9O/mSwIXq,746.000,YA6NSwJLWSGrWC37,764.000,ZZSRbgtLV45pMDud,,
2,4,2026-04-03T17:44:32.819Z,416.000,10,332.000,ypRHeJN96V+IYc8+,400.000,w6o/1KDk4bQJjnKe,402.000,a7tnbcYnfLwVKUyE,407.000,dlBlrVuNwvSQ7Ty0,409.000,aduDerLtWfY1irdE,413.000,ZZSRbgtLV45pMDud,416.000,BA6zCT53nGgzl67L,537.000,s2mLF9K9O/mSwIXq,594.000,YA6NSwJLWSGrWC37,1005.000,Hy4Qx5+KlX+FgTnc
2,5,2026-04-03T17:44:33.235Z,421.000,10,350.000,ypRHeJN96V+IYc8+,396.000,ZZSRbgtLV45pMDud,398.000,BA6zCT53nGgzl67L,400.000,dlBlrVuNwvSQ7Ty0,404.000,s2mLF9K9O/mSwIXq,408.000,a7tnbcYnfLwVKUyE,421.000,aduDerLtWfY1irdE,430.000,w6o/1KDk4bQJjnKe,596.000,YA6NSwJLWSGrWC37,844.000,Hy4Qx5+KlX+FgTnc
2,6,2026-04-03T17:44:33.656Z,402.000,10,326.000,ypRHeJN96V+IYc8+,370.000,s2mLF9K9O/mSwIXq,395.000,aduDerLtWfY1irdE,396.000,w6o/1KDk4bQJjnKe,397.000,BA6zCT53nGgzl67L,399.000,YA6NSwJLWSGrWC37,402.000,ZZSRbgtLV45pMDud,404.000,dlBlrVuNwvSQ7Ty0,405.000,a7tnbcYnfLwVKUyE,675.000,Hy4Qx5+KlX+FgTnc
2,7,2026-04-03T17:44:34.058Z,415.000,10,334.000,ypRHeJN96V+IYc8+,400.000,ZZSRbgtLV45pMDud,405.000,s2mLF9K9O/mSwIXq,407.000,BA6zCT53nGgzl67L,408.000,dlBlrVuNwvSQ7Ty0,410.000,w6o/1KDk4bQJjnKe,415.000,aduDerLtWfY1irdE,418.000,a7tnbcYnfLwVKUyE,443.000,YA6NSwJLWSGrWC37,561.000,Hy4Qx5+KlX+FgTnc
2,8,2026-04-03T17:44:34.473Z,404.000,9,322.000,ypRHeJN96V+IYc8+,394.000,dlBlrVuNwvSQ7Ty0,397.000,s2mLF9K9O/mSwIXq,400.000,BA6zCT53nGgzl67L,401.000,aduDerLtWfY1irdE,402.000,ZZSRbgtLV45pMDud,404.000,a7tnbcYnfLwVKUyE,406.000,w6o/1KDk4bQJjnKe,411.000,YA6NSwJLWSGrWC37,,
2,9,2026-04-03T17:44:34.877Z,408.000,10,326.000,ypRHeJN96V+IYc8+,368.000,YA6NSwJLWSGrWC37,401.000,a7tnbcYnfLwVKUyE,402.000,s2mLF9K9O/mSwIXq,404.000,dlBlrVuNwvSQ7Ty0,407.000,w6o/1KDk4bQJjnKe,408.000,BA6zCT53nGgzl67L,409.000,ZZSRbgtLV45pMDud,410.000,aduDerLtWfY1irdE,445.000,Hy4Qx5+KlX+FgTnc
2,10,2026-04-03T17:44:35.285Z,404.000,10,325.000,ypRHeJN96V+IYc8+,372.000,Hy4Qx5+KlX+FgTnc,396.000,s2mLF9K9O/mSwIXq,399.000,a7tnbcYnfLwVKUyE,401.000,BA6zCT53nGgzl67L,403.000,w6o/1KDk4bQJjnKe,404.000,dlBlrVuNwvSQ7Ty0,405.000,ZZSRbgtLV45pMDud,407.000,aduDerLtWfY1irdE,448.000,YA6NSwJLWSGrWC37
2,11,2026-04-03T17:44:35.689Z,411.000,10,326.000,ypRHeJN96V+IYc8+,368.000,Hy4Qx5+KlX+FgTnc,401.000,aduDerLtWfY1irdE,407.000,dlBlrVuNwvSQ7Ty0,408.000,a7tnbcYnfLwVKUyE,409.000,YA6NSwJLWSGrWC37,411.000,ZZSRbgtLV45pMDud,412.000,BA6zCT53nGgzl67L,413.000,s2mLF9K9O/mSwIXq,415.000,w6o/1KDk4bQJjnKe
2,12,2026-04-03T17:44:36.100Z,406.000,10,322.000,ypRHeJN96V+IYc8+,393.000,aduDerLtWfY1irdE,394.000,Hy4Qx5+KlX+FgTnc,402.000,s2mLF9K9O/mSwIXq,403.000,YA6NSwJLWSGrWC37,405.000,w6o/1KDk4bQJjnKe,406.000,ZZSRbgtLV45pMDud,407.000,a7tnbcYnfLwVKUyE,408.000,BA6zCT53nGgzl67L,410.000,dlBlrVuNwvSQ7Ty0
2,13,2026-04-03T17:44:36.506Z,403.000,10,322.000,ypRHeJN96V+IYc8+,363.000,Hy4Qx5+KlX+FgTnc,388.000,a7tnbcYnfLwVKUyE,398.000,w6o/1KDk4bQJjnKe,399.000,BA6zCT53nGgzl67L,400.000,YA6NSwJLWSGrWC37,402.000,ZZSRbgtLV45pMDud,404.000,dlBlrVuNwvSQ7Ty0,405.000,s2mLF9K9O/mSwIXq,406.000,aduDerLtWfY1irdE
2,14,2026-04-03T17:44:36.909Z,406.000,10,324.000,ypRHeJN96V+IYc8+,368.000,Hy4Qx5+KlX+FgTnc,396.000,s2mLF9K9O/mSwIXq,400.000,dlBlrVuNwvSQ7Ty0,402.000,w6o/1KDk4bQJjnKe,404.000,YA6NSwJLWSGrWC37,406.000,a7tnbcYnfLwVKUyE,407.000,ZZSRbgtLV45pMDud,409.000,BA6zCT53nGgzl67L,410.000,aduDerLtWfY1irdE
2,15,2026-04-03T17:44:37.315Z,403.000,10,320.000,ypRHeJN96V+IYc8+,391.000,BA6zCT53nGgzl67L,397.000,dlBlrVuNwvSQ7Ty0,399.000,w6o/1KDk4bQJjnKe,400.000,ZZSRbgtLV45pMDud,401.000,a7tnbcYnfLwVKUyE,403.000,s2mLF9K9O/mSwIXq,404.000,aduDerLtWfY1irdE,405.000,YA6NSwJLWSGrWC37,406.000,Hy4Qx5+KlX+FgTnc
2,16,2026-04-03T17:44:37.718Z,406.000,10,324.000,ypRHeJN96V+IYc8+,397.000,s2mLF9K9O/mSwIXq,399.000,a7tnbcYnfLwVKUyE,402.000,w6o/1KDk4bQJjnKe,403.000,aduDerLtWfY1irdE,404.000,dlBlrVuNwvSQ7Ty0,406.000,YA6NSwJLWSGrWC37,407.000,BA6zCT53nGgzl67L,409.000,ZZSRbgtLV45pMDud,419.000,Hy4Qx5+KlX+FgTnc
2,17,2026-04-03T17:44:38.124Z,410.000,10,327.000,ypRHeJN96V+IYc8+,403.000,BA6zCT53nGgzl67L,405.000,dlBlrVuNwvSQ7Ty0,406.000,aduDerLtWfY1irdE,407.000,YA6NSwJLWSGrWC37,408.000,a7tnbcYnfLwVKUyE,410.000,w6o/1KDk4bQJjnKe,411.000,s2mLF9K9O/mSwIXq,414.000,Hy4Qx5+KlX+FgTnc,415.000,ZZSRbgtLV45pMDud
2,18,2026-04-03T17:44:38.534Z,403.000,10,322.000,ypRHeJN96V+IYc8+,391.000,BA6zCT53nGgzl67L,397.000,aduDerLtWfY1irdE,399.000,YA6NSwJLWSGrWC37,400.000,s2mLF9K9O/mSwIXq,401.000,ZZSRbgtLV45pMDud,403.000,w6o/1KDk4bQJjnKe,404.000,Hy4Qx5+KlX+FgTnc,406.000,a7tnbcYnfLwVKUyE,407.000,dlBlrVuNwvSQ7Ty0
2,19,2026-04-03T17:44:38.937Z,407.000,10,322.000,ypRHeJN96V+IYc8+,398.000,w6o/1KDk4bQJjnKe,400.000,ZZSRbgtLV45pMDud,401.000,Hy4Qx5+KlX+FgTnc,402.000,dlBlrVuNwvSQ7Ty0,406.000,BA6zCT53nGgzl67L,407.000,a7tnbcYnfLwVKUyE,408.000,aduDerLtWfY1irdE,410.000,s2mLF9K9O/mSwIXq,411.000,YA6NSwJLWSGrWC37
2,20,2026-04-03T17:44:39.344Z,403.000,10,322.000,ypRHeJN96V+IYc8+,396.000,aduDerLtWfY1irdE,398.000,YA6NSwJLWSGrWC37,399.000,s2mLF9K9O/mSwIXq,400.000,ZZSRbgtLV45pMDud,401.000,w6o/1KDk4bQJjnKe,403.000,dlBlrVuNwvSQ7Ty0,404.000,Hy4Qx5+KlX+FgTnc,407.000,a7tnbcYnfLwVKUyE,409.000,BA6zCT53nGgzl67L
2,21,2026-04-03T17:44:39.747Z,407.000,10,325.000,ypRHeJN96V+IYc8+,401.000,ZZSRbgtLV45pMDud,402.000,dlBlrVuNwvSQ7Ty0,403.000,YA6NSwJLWSGrWC37,405.000,a7tnbcYnfLwVKUyE,406.000,Hy4Qx5+KlX+FgTnc,407.000,w6o/1KDk4bQJjnKe,409.000,s2mLF9K9O/mSwIXq,410.000,aduDerLtWfY1irdE,411.000,BA6zCT53nGgzl67L
2,22,2026-04-03T17:44:40.154Z,410.000,10,326.000,ypRHeJN96V+IYc8+,402.000,dlBlrVuNwvSQ7Ty0,404.000,BA6zCT53nGgzl67L,406.000,aduDerLtWfY1irdE,407.000,ZZSRbgtLV45pMDud,408.000,Hy4Qx5+KlX+FgTnc,410.000,s2mLF9K9O/mSwIXq,411.000,a7tnbcYnfLwVKUyE,412.000,w6o/1KDk4bQJjnKe,413.000,YA6NSwJLWSGrWC37
2,23,2026-04-03T17:44:40.564Z,405.000,10,323.000,ypRHeJN96V+IYc8+,393.000,Hy4Qx5+KlX+FgTnc,399.000,ZZSRbgtLV45pMDud,400.000,YA6NSwJLWSGrWC37,402.000,a7tnbcYnfLwVKUyE,404.000,BA6zCT53nGgzl67L,405.000,aduDerLtWfY1irdE,406.000,dlBlrVuNwvSQ7Ty0,407.000,w6o/1KDk4bQJjnKe,409.000,s2mLF9K9O/mSwIXq
2,24,2026-04-03T17:44:40.969Z,402.000,10,321.000,ypRHeJN96V+IYc8+,394.000,aduDerLtWfY1irdE,396.000,a7tnbcYnfLwVKUyE,397.000,BA6zCT53nGgzl67L,399.000,ZZSRbgtLV45pMDud,400.000,w6o/1KDk4bQJjnKe,402.000,Hy4Qx5+KlX+FgTnc,405.000,s2mLF9K9O/mSwIXq,407.000,YA6NSwJLWSGrWC37,408.000,dlBlrVuNwvSQ7Ty0
2,25,2026-04-03T17:44:41.371Z,408.000,10,326.000,ypRHeJN96V+IYc8+,399.000,dlBlrVuNwvSQ7Ty0,402.000,Hy4Qx5+KlX+FgTnc,403.000,w6o/1KDk4bQJjnKe,404.000,BA6zCT53nGgzl67L,405.000,aduDerLtWfY1irdE,407.000,YA6NSwJLWSGrWC37,410.000,s2mLF9K9O/mSwIXq,411.000,a7tnbcYnfLwVKUyE,413.000,ZZSRbgtLV45pMDud
2,26,2026-04-03T17:44:41.779Z,408.000,10,326.000,ypRHeJN96V+IYc8+,396.000,Hy4Qx5+KlX+FgTnc,401.000,w6o/1KDk4bQJjnKe,403.000,YA6NSwJLWSGrWC37,405.000,BA6zCT53nGgzl67L,407.000,ZZSRbgtLV45pMDud,408.000,dlBlrVuNwvSQ7Ty0,410.000,aduDerLtWfY1irdE,412.000,s2mLF9K9O/mSwIXq,413.000,a7tnbcYnfLwVKUyE
2,27,2026-04-03T17:44:42.187Z,404.000,10,322.000,ypRHeJN96V+IYc8+,392.000,aduDerLtWfY1irdE,397.000,Hy4Qx5+KlX+FgTnc,400.000,ZZSRbgtLV45pMDud,401.000,dlBlrVuNwvSQ7Ty0,402.000,w6o/1KDk4bQJjnKe,404.000,BA6zCT53nGgzl67L,405.000,a7tnbcYnfLwVKUyE,406.000,YA6NSwJLWSGrWC37,407.000,s2mLF9K9O/mSwIXq
2,28,2026-04-03T17:44:42.591Z,408.000,10,325.000,ypRHeJN96V+IYc8+,401.000,YA6NSwJLWSGrWC37,402.000,Hy4Qx5+KlX+FgTnc,404.000,dlBlrVuNwvSQ7Ty0,406.000,BA6zCT53nGgzl67L,407.000,s2mLF9K9O/mSwIXq,408.000,ZZSRbgtLV45pMDud,409.000,aduDerLtWfY1irdE,411.000,w6o/1KDk4bQJjnKe,412.000,a7tnbcYnfLwVKUyE
2,29,2026-04-03T17:44:42.999Z,405.000,10,323.000,ypRHeJN96V+IYc8+,393.000,ZZSRbgtLV45pMDud,394.000,s2mLF9K9O/mSwIXq,397.000,BA6zCT53nGgzl67L,400.000,YA6NSwJLWSGrWC37,401.000,aduDerLtWfY1irdE,405.000,a7tnbcYnfLwVKUyE,406.000,Hy4Qx5+KlX+FgTnc,409.000,dlBlrVuNwvSQ7Ty0,412.000,w6o/1KDk4bQJjnKe
2,30,2026-04-03T17:44:43.404Z,404.000,10,322.000,ypRHeJN96V+IYc8+,393.000,dlBlrVuNwvSQ7Ty0,397.000,Hy4Qx5+KlX+FgTnc,398.000,aduDerLtWfY1irdE,401.000,a7tnbcYnfLwVKUyE,402.000,ZZSRbgtLV45pMDud,404.000,s2mLF9K9O/mSwIXq,405.000,YA6NSwJLWSGrWC37,406.000,w6o/1KDk4bQJjnKe,410.000,BA6zCT53nGgzl67L
2,31,2026-04-03T17:44:43.808Z,405.000,10,324.000,ypRHeJN96V+IYc8+,398.000,aduDerLtWfY1irdE,400.000,w6o/1KDk4bQJjnKe,401.000,BA6zCT53nGgzl67L,402.000,Hy4Qx5+KlX+FgTnc,403.000,dlBlrVuNwvSQ7Ty0,405.000,YA6NSwJLWSGrWC37,406.000,ZZSRbgtLV45pMDud,410.000,a7tnbcYnfLwVKUyE,415.000,s2mLF9K9O/mSwIXq
2,32,2026-04-03T17:44:44.213Z,410.000,10,325.000,ypRHeJN96V+IYc8+,401.000,s2mLF9K9O/mSwIXq,405.000,a7tnbcYnfLwVKUyE,406.000,Hy4Qx5+KlX+FgTnc,407.000,BA6zCT53nGgzl67L,408.000,w6o/1KDk4bQJjnKe,410.000,ZZSRbgtLV45pMDud,411.000,YA6NSwJLWSGrWC37,412.000,aduDerLtWfY1irdE,414.000,dlBlrVuNwvSQ7Ty0
2,33,2026-04-03T17:44:44.623Z,401.000,10,323.000,ypRHeJN96V+IYc8+,393.000,aduDerLtWfY1irdE,394.000,YA6NSwJLWSGrWC37,397.000,BA6zCT53nGgzl67L,398.000,ZZSRbgtLV45pMDud,400.000,s2mLF9K9O/mSwIXq,401.000,Hy4Qx5+KlX+FgTnc,405.000,w6o/1KDk4bQJjnKe,407.000,dlBlrVuNwvSQ7Ty0,411.000,a7tnbcYnfLwVKUyE
2,34,2026-04-03T17:44:45.024Z,406.000,10,326.000,ypRHeJN96V+IYc8+,398.000,aduDerLtWfY1irdE,399.000,s2mLF9K9O/mSwIXq,401.000,BA6zCT53nGgzl67L,402.000,Hy4Qx5+KlX+FgTnc,403.000,dlBlrVuNwvSQ7Ty0,406.000,a7tnbcYnfLwVKUyE,407.000,YA6NSwJLWSGrWC37,410.000,ZZSRbgtLV45pMDud,411.000,w6o/1KDk4bQJjnKe
2,35,2026-04-03T17:44:45.430Z,410.000,10,325.000,ypRHeJN96V+IYc8+,397.000,a7tnbcYnfLwVKUyE,400.000,w6o/1KDk4bQJjnKe,401.000,s2mLF9K9O/mSwIXq,407.000,ZZSRbgtLV45pMDud,408.000,Hy4Qx5+KlX+FgTnc,410.000,dlBlrVuNwvSQ7Ty0,411.000,BA6zCT53nGgzl67L,412.000,aduDerLtWfY1irdE,413.000,YA6NSwJLWSGrWC37
2,36,2026-04-03T17:44:45.840Z,404.000,10,322.000,ypRHeJN96V+IYc8+,397.000,a7tnbcYnfLwVKUyE,398.000,s2mLF9K9O/mSwIXq,400.000,ZZSRbgtLV45pMDud,401.000,aduDerLtWfY1irdE,402.000,YA6NSwJLWSGrWC37,403.000,dlBlrVuNwvSQ7Ty0,405.000,Hy4Qx5+KlX+FgTnc,406.000,BA6zCT53nGgzl67L,407.000,w6o/1KDk4bQJjnKe
2,37,2026-04-03T17:44:46.244Z,406.000,10,323.000,ypRHeJN96V+IYc8+,397.000,ZZSRbgtLV45pMDud,400.000,BA6zCT53nGgzl67L,401.000,a7tnbcYnfLwVKUyE,403.000,w6o/1KDk4bQJjnKe,404.000,Hy4Qx5+KlX+FgTnc,406.000,dlBlrVuNwvSQ7Ty0,407.000,aduDerLtWfY1irdE,409.000,YA6NSwJLWSGrWC37,410.000,s2mLF9K9O/mSwIXq
2,38,2026-04-03T17:44:46.650Z,543.000,9,422.000,Hy4Qx5+KlX+FgTnc,428.000,ZZSRbgtLV45pMDud,430.000,aduDerLtWfY1irdE,436.000,BA6zCT53nGgzl67L,466.000,YA6NSwJLWSGrWC37,530.000,ypRHeJN96V+IYc8+,542.000,s2mLF9K9O/mSwIXq,551.000,w6o/1KDk4bQJjnKe,631.000,a7tnbcYnfLwVKUyE,,
2,39,2026-04-03T17:44:47.193Z,883.000,9,633.000,w6o/1KDk4bQJjnKe,661.000,s2mLF9K9O/mSwIXq,694.000,YA6NSwJLWSGrWC37,706.000,ZZSRbgtLV45pMDud,747.000,dlBlrVuNwvSQ7Ty0,770.000,a7tnbcYnfLwVKUyE,877.000,BA6zCT53nGgzl67L,1015.000,Hy4Qx5+KlX+FgTnc,1033.000,aduDerLtWfY1irdE,,
2,40,2026-04-03T17:44:48.076Z,934.000,9,671.000,dlBlrVuNwvSQ7Ty0,752.000,Hy4Qx5+KlX+FgTnc,787.000,aduDerLtWfY1irdE,821.000,a7tnbcYnfLwVKUyE,853.000,BA6zCT53nGgzl67L,888.000,w6o/1KDk4bQJjnKe,923.000,ZZSRbgtLV45pMDud,956.000,s2mLF9K9O/mSwIXq,1079.000,YA6NSwJLWSGrWC37,,
2,41,2026-04-03T17:44:49.010Z,1969.000,9,1012.000,YA6NSwJLWSGrWC37,1066.000,ZZSRbgtLV45pMDud,1108.000,dlBlrVuNwvSQ7Ty0,1146.000,aduDerLtWfY1irdE,1185.000,Hy4Qx5+KlX+FgTnc,1906.000,s2mLF9K9O/mSwIXq,1952.000,w6o/1KDk4bQJjnKe,1994.000,BA6zCT53nGgzl67L,2033.000,a7tnbcYnfLwVKUyE,,
2,42,2026-04-03T17:44:50.979Z,1724.000,9,1210.000,BA6zCT53nGgzl67L,1279.000,s2mLF9K9O/mSwIXq,1334.000,a7tnbcYnfLwVKUyE,1394.000,Hy4Qx5+KlX+FgTnc,1461.000,aduDerLtWfY1irdE,1515.000,ZZSRbgtLV45pMDud,1693.000,dlBlrVuNwvSQ7Ty0,1780.000,YA6NSwJLWSGrWC37,2339.000,w6o/1KDk4bQJjnKe,,
2,43,2026-04-03T17:44:52.703Z,2653.000,9,1933.000,dlBlrVuNwvSQ7Ty0,2048.000,aduDerLtWfY1irdE,2243.000,ZZSRbgtLV45pMDud,2324.000,YA6NSwJLWSGrWC37,2414.000,a7tnbcYnfLwVKUyE,2518.000,s2mLF9K9O/mSwIXq,2615.000,Hy4Qx5+KlX+FgTnc,2939.000,BA6zCT53nGgzl67L,3420.000,w6o/1KDk4bQJjnKe,,
2,44,2026-04-03T17:44:55.356Z,,0,,,,,,,,,,,,,,,,,,,,
3,1,2026-04-03T17:44:22.401Z,9079.000,7,5189.000,w6o/1KDk4bQJjnKe,5513.000,ypRHeJN96V+IYc8+,6784.000,dlBlrVuNwvSQ7Ty0,6967.000,a7tnbcYnfLwVKUyE,8163.000,aduDerLtWfY1irdE,9044.000,BA6zCT53nGgzl67L,9079.000,s2mLF9K9O/mSwIXq,,,,,,
3,2,2026-04-03T17:44:31.480Z,736.000,8,328.000,a7tnbcYnfLwVKUyE,407.000,w6o/1KDk4bQJjnKe,408.000,ypRHeJN96V+IYc8+,409.000,BA6zCT53nGgzl67L,411.000,dlBlrVuNwvSQ7Ty0,499.000,aduDerLtWfY1irdE,736.000,s2mLF9K9O/mSwIXq,1014.000,YA6NSwJLWSGrWC37,,,,
3,3,2026-04-03T17:44:32.216Z,605.000,9,327.000,a7tnbcYnfLwVKUyE,402.000,BA6zCT53nGgzl67L,403.000,ypRHeJN96V+IYc8+,405.000,w6o/1KDk4bQJjnKe,407.000,dlBlrVuNwvSQ7Ty0,485.000,aduDerLtWfY1irdE,605.000,s2mLF9K9O/mSwIXq,746.000,YA6NSwJLWSGrWC37,765.000,ZZSRbgtLV45pMDud,,
3,4,2026-04-03T17:44:32.821Z,416.000,10,329.000,a7tnbcYnfLwVKUyE,401.000,aduDerLtWfY1irdE,402.000,BA6zCT53nGgzl67L,403.000,ZZSRbgtLV45pMDud,405.000,ypRHeJN96V+IYc8+,409.000,w6o/1KDk4bQJjnKe,416.000,dlBlrVuNwvSQ7Ty0,528.000,YA6NSwJLWSGrWC37,532.000,s2mLF9K9O/mSwIXq,994.000,Hy4Qx5+KlX+FgTnc
3,5,2026-04-03T17:44:33.237Z,422.000,10,349.000,a7tnbcYnfLwVKUyE,395.000,ZZSRbgtLV45pMDud,397.000,ypRHeJN96V+IYc8+,398.000,dlBlrVuNwvSQ7Ty0,404.000,s2mLF9K9O/mSwIXq,406.000,BA6zCT53nGgzl67L,422.000,aduDerLtWfY1irdE,436.000,w6o/1KDk4bQJjnKe,524.000,YA6NSwJLWSGrWC37,865.000,Hy4Qx5+KlX+FgTnc
3,6,2026-04-03T17:44:33.659Z,407.000,10,324.000,a7tnbcYnfLwVKUyE,366.000,s2mLF9K9O/mSwIXq,380.000,w6o/1KDk4bQJjnKe,385.000,aduDerLtWfY1irdE,397.000,ZZSRbgtLV45pMDud,405.000,BA6zCT53nGgzl67L,407.000,ypRHeJN96V+IYc8+,410.000,dlBlrVuNwvSQ7Ty0,462.000,YA6NSwJLWSGrWC37,674.000,Hy4Qx5+KlX+FgTnc
3,7,2026-04-03T17:44:34.066Z,403.000,10,329.000,a7tnbcYnfLwVKUyE,372.000,YA6NSwJLWSGrWC37,391.000,ypRHeJN96V+IYc8+,394.000,BA6zCT53nGgzl67L,395.000,ZZSRbgtLV45pMDud,400.000,dlBlrVuNwvSQ7Ty0,403.000,aduDerLtWfY1irdE,411.000,w6o/1KDk4bQJjnKe,445.000,s2mLF9K9O/mSwIXq,553.000,Hy4Qx5+KlX+FgTnc
3,8,2026-04-03T17:44:34.469Z,412.000,9,330.000,a7tnbcYnfLwVKUyE,368.000,YA6NSwJLWSGrWC37,403.000,ypRHeJN96V+IYc8+,404.000,dlBlrVuNwvSQ7Ty0,408.000,BA6zCT53nGgzl67L,411.000,w6o/1KDk4bQJjnKe,412.000,aduDerLtWfY1irdE,413.000,s2mLF9K9O/mSwIXq,415.000,ZZSRbgtLV45pMDud,,
3,9,2026-04-03T17:44:34.881Z,403.000,10,323.000,a7tnbcYnfLwVKUyE,369.000,YA6NSwJLWSGrWC37,397.000,ypRHeJN96V+IYc8+,399.000,BA6zCT53nGgzl67L,400.000,s2mLF9K9O/mSwIXq,401.000,aduDerLtWfY1irdE,403.000,w6o/1KDk4bQJjnKe,404.000,dlBlrVuNwvSQ7Ty0,405.000,ZZSRbgtLV45pMDud,438.000,Hy4Qx5+KlX+FgTnc
3,10,2026-04-03T17:44:35.284Z,405.000,10,327.000,a7tnbcYnfLwVKUyE,369.000,Hy4Qx5+KlX+FgTnc,392.000,ZZSRbgtLV45pMDud,394.000,w6o/1KDk4bQJjnKe,398.000,BA6zCT53nGgzl67L,403.000,s2mLF9K9O/mSwIXq,405.000,ypRHeJN96V+IYc8+,411.000,dlBlrVuNwvSQ7Ty0,414.000,aduDerLtWfY1irdE,449.000,YA6NSwJLWSGrWC37
3,11,2026-04-03T17:44:35.689Z,412.000,10,331.000,a7tnbcYnfLwVKUyE,397.000,s2mLF9K9O/mSwIXq,399.000,YA6NSwJLWSGrWC37,402.000,dlBlrVuNwvSQ7Ty0,406.000,ypRHeJN96V+IYc8+,408.000,BA6zCT53nGgzl67L,412.000,ZZSRbgtLV45pMDud,413.000,aduDerLtWfY1irdE,414.000,Hy4Qx5+KlX+FgTnc,416.000,w6o/1KDk4bQJjnKe
3,12,2026-04-03T17:44:36.101Z,401.000,10,320.000,a7tnbcYnfLwVKUyE,386.000,w6o/1KDk4bQJjnKe,394.000,ZZSRbgtLV45pMDud,394.000,ypRHeJN96V+IYc8+,395.000,s2mLF9K9O/mSwIXq,397.000,YA6NSwJLWSGrWC37,401.000,BA6zCT53nGgzl67L,402.000,dlBlrVuNwvSQ7Ty0,404.000,Hy4Qx5+KlX+FgTnc,414.000,aduDerLtWfY1irdE
3,13,2026-04-03T17:44:36.502Z,403.000,10,325.000,a7tnbcYnfLwVKUyE,366.000,Hy4Qx5+KlX+FgTnc,392.000,ZZSRbgtLV45pMDud,398.000,aduDerLtWfY1irdE,402.000,dlBlrVuNwvSQ7Ty0,402.000,w6o/1KDk4bQJjnKe,403.000,s2mLF9K9O/mSwIXq,405.000,BA6zCT53nGgzl67L,409.000,YA6NSwJLWSGrWC37,409.000,ypRHeJN96V+IYc8+
3,14,2026-04-03T17:44:36.905Z,409.000,10,333.000,a7tnbcYnfLwVKUyE,374.000,Hy4Qx5+KlX+FgTnc,400.000,ZZSRbgtLV45pMDud,404.000,BA6zCT53nGgzl67L,406.000,YA6NSwJLWSGrWC37,407.000,s2mLF9K9O/mSwIXq,409.000,ypRHeJN96V+IYc8+,412.000,dlBlrVuNwvSQ7Ty0,413.000,aduDerLtWfY1irdE,415.000,w6o/1KDk4bQJjnKe
3,15,2026-04-03T17:44:37.314Z,407.000,10,323.000,a7tnbcYnfLwVKUyE,397.000,BA6zCT53nGgzl67L,398.000,s2mLF9K9O/mSwIXq,400.000,ZZSRbgtLV45pMDud,405.000,aduDerLtWfY1irdE,406.000,ypRHeJN96V+IYc8+,407.000,dlBlrVuNwvSQ7Ty0,408.000,w6o/1KDk4bQJjnKe,410.000,YA6NSwJLWSGrWC37,412.000,Hy4Qx5+KlX+FgTnc
3,16,2026-04-03T17:44:37.721Z,407.000,10,322.000,a7tnbcYnfLwVKUyE,399.000,YA6NSwJLWSGrWC37,400.000,ZZSRbgtLV45pMDud,401.000,w6o/1KDk4bQJjnKe,403.000,ypRHeJN96V+IYc8+,404.000,BA6zCT53nGgzl67L,407.000,dlBlrVuNwvSQ7Ty0,408.000,Hy4Qx5+KlX+FgTnc,409.000,s2mLF9K9O/mSwIXq,411.000,aduDerLtWfY1irdE
3,17,2026-04-03T17:44:38.128Z,403.000,10,321.000,a7tnbcYnfLwVKUyE,394.000,YA6NSwJLWSGrWC37,395.000,s2mLF9K9O/mSwIXq,396.000,ypRHeJN96V+IYc8+,400.000,BA6zCT53nGgzl67L,401.000,Hy4Qx5+KlX+FgTnc,402.000,dlBlrVuNwvSQ7Ty0,410.000,w6o/1KDk4bQJjnKe,411.000,ZZSRbgtLV45pMDud,412.000,aduDerLtWfY1irdE
3,18,2026-04-03T17:44:38.531Z,406.000,10,323.000,a7tnbcYnfLwVKUyE,397.000,s2mLF9K9O/mSwIXq,399.000,BA6zCT53nGgzl67L,400.000,ypRHeJN96V+IYc8+,402.000,YA6NSwJLWSGrWC37,404.000,ZZSRbgtLV45pMDud,405.000,dlBlrVuNwvSQ7Ty0,407.000,w6o/1KDk4bQJjnKe,408.000,aduDerLtWfY1irdE,410.000,Hy4Qx5+KlX+FgTnc
3,19,2026-04-03T17:44:38.937Z,406.000,10,323.000,a7tnbcYnfLwVKUyE,397.000,BA6zCT53nGgzl67L,401.000,Hy4Qx5+KlX+FgTnc,402.000,YA6NSwJLWSGrWC37,404.000,ypRHeJN96V+IYc8+,405.000,aduDerLtWfY1irdE,406.000,ZZSRbgtLV45pMDud,408.000,w6o/1KDk4bQJjnKe,409.000,s2mLF9K9O/mSwIXq,411.000,dlBlrVuNwvSQ7Ty0
3,20,2026-04-03T17:44:39.343Z,403.000,10,321.000,a7tnbcYnfLwVKUyE,397.000,aduDerLtWfY1irdE,398.000,YA6NSwJLWSGrWC37,399.000,ZZSRbgtLV45pMDud,400.000,BA6zCT53nGgzl67L,402.000,dlBlrVuNwvSQ7Ty0,403.000,s2mLF9K9O/mSwIXq,404.000,Hy4Qx5+KlX+FgTnc,408.000,ypRHeJN96V+IYc8+,409.000,w6o/1KDk4bQJjnKe
3,21,2026-04-03T17:44:39.746Z,408.000,10,325.000,a7tnbcYnfLwVKUyE,400.000,BA6zCT53nGgzl67L,401.000,ZZSRbgtLV45pMDud,404.000,dlBlrVuNwvSQ7Ty0,405.000,s2mLF9K9O/mSwIXq,406.000,ypRHeJN96V+IYc8+,408.000,aduDerLtWfY1irdE,409.000,YA6NSwJLWSGrWC37,410.000,Hy4Qx5+KlX+FgTnc,414.000,w6o/1KDk4bQJjnKe
3,22,2026-04-03T17:44:40.154Z,403.000,10,322.000,a7tnbcYnfLwVKUyE,395.000,s2mLF9K9O/mSwIXq,398.000,dlBlrVuNwvSQ7Ty0,399.000,Hy4Qx5+KlX+FgTnc,400.000,ypRHeJN96V+IYc8+,402.000,YA6NSwJLWSGrWC37,403.000,aduDerLtWfY1irdE,406.000,w6o/1KDk4bQJjnKe,410.000,ZZSRbgtLV45pMDud,412.000,BA6zCT53nGgzl67L
3,23,2026-04-03T17:44:40.557Z,410.000,10,329.000,a7tnbcYnfLwVKUyE,399.000,ZZSRbgtLV45pMDud,405.000,s2mLF9K9O/mSwIXq,406.000,YA6NSwJLWSGrWC37,407.000,dlBlrVuNwvSQ7Ty0,409.000,BA6zCT53nGgzl67L,410.000,ypRHeJN96V+IYc8+,413.000,Hy4Qx5+KlX+FgTnc,414.000,w6o/1KDk4bQJjnKe,415.000,aduDerLtWfY1irdE
3,24,2026-04-03T17:44:40.967Z,406.000,10,323.000,a7tnbcYnfLwVKUyE,394.000,aduDerLtWfY1irdE,400.000,ZZSRbgtLV45pMDud,402.000,ypRHeJN96V+IYc8+,403.000,BA6zCT53nGgzl67L,404.000,dlBlrVuNwvSQ7Ty0,405.000,w6o/1KDk4bQJjnKe,407.000,YA6NSwJLWSGrWC37,408.000,Hy4Qx5+KlX+FgTnc,409.000,s2mLF9K9O/mSwIXq
3,25,2026-04-03T17:44:41.373Z,408.000,10,324.000,a7tnbcYnfLwVKUyE,400.000,Hy4Qx5+KlX+FgTnc,401.000,ypRHeJN96V+IYc8+,403.000,YA6NSwJLWSGrWC37,404.000,w6o/1KDk4bQJjnKe,405.000,s2mLF9K9O/mSwIXq,408.000,dlBlrVuNwvSQ7Ty0,409.000,BA6zCT53nGgzl67L,411.000,ZZSRbgtLV45pMDud,412.000,aduDerLtWfY1irdE
3,26,2026-04-03T17:44:41.781Z,404.000,10,320.000,a7tnbcYnfLwVKUyE,397.000,Hy4Qx5+KlX+FgTnc,399.000,BA6zCT53nGgzl67L,400.000,ZZSRbgtLV45pMDud,402.000,YA6NSwJLWSGrWC37,403.000,ypRHeJN96V+IYc8+,404.000,w6o/1KDk4bQJjnKe,405.000,dlBlrVuNwvSQ7Ty0,407.000,aduDerLtWfY1irdE,408.000,s2mLF9K9O/mSwIXq
3,27,2026-04-03T17:44:42.185Z,405.000,10,325.000,a7tnbcYnfLwVKUyE,395.000,aduDerLtWfY1irdE,397.000,ZZSRbgtLV45pMDud,398.000,w6o/1KDk4bQJjnKe,399.000,BA6zCT53nGgzl67L,403.000,dlBlrVuNwvSQ7Ty0,405.000,ypRHeJN96V+IYc8+,407.000,s2mLF9K9O/mSwIXq,408.000,YA6NSwJLWSGrWC37,409.000,Hy4Qx5+KlX+FgTnc
3,28,2026-04-03T17:44:42.590Z,408.000,10,324.000,a7tnbcYnfLwVKUyE,396.000,BA6zCT53nGgzl67L,398.000,YA6NSwJLWSGrWC37,403.000,dlBlrVuNwvSQ7Ty0,405.000,ZZSRbgtLV45pMDud,406.000,w6o/1KDk4bQJjnKe,407.000,aduDerLtWfY1irdE,409.000,Hy4Qx5+KlX+FgTnc,410.000,ypRHeJN96V+IYc8+,411.000,s2mLF9K9O/mSwIXq
3,29,2026-04-03T17:44:42.998Z,408.000,10,324.000,a7tnbcYnfLwVKUyE,401.000,YA6NSwJLWSGrWC37,403.000,aduDerLtWfY1irdE,404.000,s2mLF9K9O/mSwIXq,405.000,ypRHeJN96V+IYc8+,407.000,dlBlrVuNwvSQ7Ty0,408.000,Hy4Qx5+KlX+FgTnc,409.000,ZZSRbgtLV45pMDud,410.000,w6o/1KDk4bQJjnKe,412.000,BA6zCT53nGgzl67L
3,30,2026-04-03T17:44:43.406Z,405.000,10,319.000,a7tnbcYnfLwVKUyE,398.000,w6o/1KDk4bQJjnKe,400.000,Hy4Qx5+KlX+FgTnc,401.000,BA6zCT53nGgzl67L,402.000,dlBlrVuNwvSQ7Ty0,404.000,ypRHeJN96V+IYc8+,405.000,aduDerLtWfY1irdE,406.000,s2mLF9K9O/mSwIXq,408.000,ZZSRbgtLV45pMDud,409.000,YA6NSwJLWSGrWC37
3,31,2026-04-03T17:44:43.811Z,404.000,10,322.000,a7tnbcYnfLwVKUyE,395.000,YA6NSwJLWSGrWC37,399.000,ZZSRbgtLV45pMDud,401.000,dlBlrVuNwvSQ7Ty0,402.000,BA6zCT53nGgzl67L,403.000,aduDerLtWfY1irdE,404.000,ypRHeJN96V+IYc8+,406.000,s2mLF9K9O/mSwIXq,407.000,Hy4Qx5+KlX+FgTnc,408.000,w6o/1KDk4bQJjnKe
3,32,2026-04-03T17:44:44.215Z,406.000,10,323.000,a7tnbcYnfLwVKUyE,395.000,ypRHeJN96V+IYc8+,398.000,aduDerLtWfY1irdE,402.000,s2mLF9K9O/mSwIXq,403.000,YA6NSwJLWSGrWC37,404.000,dlBlrVuNwvSQ7Ty0,405.000,ZZSRbgtLV45pMDud,407.000,BA6zCT53nGgzl67L,412.000,w6o/1KDk4bQJjnKe,413.000,Hy4Qx5+KlX+FgTnc
3,33,2026-04-03T17:44:44.621Z,406.000,10,323.000,a7tnbcYnfLwVKUyE,399.000,BA6zCT53nGgzl67L,400.000,Hy4Qx5+KlX+FgTnc,402.000,ZZSRbgtLV45pMDud,403.000,aduDerLtWfY1irdE,405.000,s2mLF9K9O/mSwIXq,406.000,dlBlrVuNwvSQ7Ty0,408.000,YA6NSwJLWSGrWC37,410.000,ypRHeJN96V+IYc8+,411.000,w6o/1KDk4bQJjnKe
3,34,2026-04-03T17:44:45.027Z,405.000,10,323.000,a7tnbcYnfLwVKUyE,391.000,dlBlrVuNwvSQ7Ty0,395.000,ZZSRbgtLV45pMDud,396.000,YA6NSwJLWSGrWC37,399.000,ypRHeJN96V+IYc8+,402.000,aduDerLtWfY1irdE,405.000,w6o/1KDk4bQJjnKe,406.000,Hy4Qx5+KlX+FgTnc,408.000,BA6zCT53nGgzl67L,413.000,s2mLF9K9O/mSwIXq
3,35,2026-04-03T17:44:45.432Z,404.000,10,322.000,a7tnbcYnfLwVKUyE,395.000,YA6NSwJLWSGrWC37,397.000,Hy4Qx5+KlX+FgTnc,400.000,ypRHeJN96V+IYc8+,401.000,w6o/1KDk4bQJjnKe,403.000,dlBlrVuNwvSQ7Ty0,404.000,aduDerLtWfY1irdE,408.000,BA6zCT53nGgzl67L,409.000,s2mLF9K9O/mSwIXq,411.000,ZZSRbgtLV45pMDud
3,36,2026-04-03T17:44:45.836Z,409.000,10,327.000,a7tnbcYnfLwVKUyE,399.000,aduDerLtWfY1irdE,403.000,ZZSRbgtLV45pMDud,405.000,dlBlrVuNwvSQ7Ty0,406.000,s2mLF9K9O/mSwIXq,408.000,YA6NSwJLWSGrWC37,409.000,BA6zCT53nGgzl67L,410.000,w6o/1KDk4bQJjnKe,413.000,ypRHeJN96V+IYc8+,414.000,Hy4Qx5+KlX+FgTnc
3,37,2026-04-03T17:44:46.245Z,405.000,10,320.000,a7tnbcYnfLwVKUyE,397.000,aduDerLtWfY1irdE,399.000,s2mLF9K9O/mSwIXq,401.000,YA6NSwJLWSGrWC37,402.000,dlBlrVuNwvSQ7Ty0,403.000,BA6zCT53nGgzl67L,404.000,ZZSRbgtLV45pMDud,406.000,w6o/1KDk4bQJjnKe,407.000,ypRHeJN96V+IYc8+,408.000,Hy4Qx5+KlX+FgTnc
3,38,2026-04-03T17:44:46.650Z,542.000,9,420.000,YA6NSwJLWSGrWC37,425.000,Hy4Qx5+KlX+FgTnc,427.000,ZZSRbgtLV45pMDud,437.000,aduDerLtWfY1irdE,506.000,a7tnbcYnfLwVKUyE,514.000,BA6zCT53nGgzl67L,541.000,s2mLF9K9O/mSwIXq,546.000,w6o/1KDk4bQJjnKe,852.000,ypRHeJN96V+IYc8+,,
3,39,2026-04-03T17:44:47.192Z,887.000,9,600.000,a7tnbcYnfLwVKUyE,659.000,w6o/1KDk4bQJjnKe,705.000,s2mLF9K9O/mSwIXq,728.000,dlBlrVuNwvSQ7Ty0,743.000,YA6NSwJLWSGrWC37,776.000,ZZSRbgtLV45pMDud,884.000,BA6zCT53nGgzl67L,915.000,aduDerLtWfY1irdE,1036.000,Hy4Qx5+KlX+FgTnc,,
3,40,2026-04-03T17:44:48.079Z,974.000,9,638.000,a7tnbcYnfLwVKUyE,676.000,dlBlrVuNwvSQ7Ty0,760.000,Hy4Qx5+KlX+FgTnc,800.000,aduDerLtWfY1irdE,858.000,BA6zCT53nGgzl67L,901.000,w6o/1KDk4bQJjnKe,959.000,ZZSRbgtLV45pMDud,1006.000,s2mLF9K9O/mSwIXq,1126.000,YA6NSwJLWSGrWC37,,
3,41,2026-04-03T17:44:49.053Z,1384.000,9,1015.000,dlBlrVuNwvSQ7Ty0,1075.000,ZZSRbgtLV45pMDud,1143.000,Hy4Qx5+KlX+FgTnc,1219.000,aduDerLtWfY1irdE,1252.000,a7tnbcYnfLwVKUyE,1306.000,YA6NSwJLWSGrWC37,1355.000,w6o/1KDk4bQJjnKe,1402.000,s2mLF9K9O/mSwIXq,1456.000,BA6zCT53nGgzl67L,,
3,42,2026-04-03T17:44:50.437Z,2252.000,9,1409.000,a7tnbcYnfLwVKUyE,1588.000,BA6zCT53nGgzl67L,1649.000,s2mLF9K9O/mSwIXq,1821.000,Hy4Qx5+KlX+FgTnc,1907.000,aduDerLtWfY1irdE,1998.000,ZZSRbgtLV45pMDud,2224.000,YA6NSwJLWSGrWC37,2292.000,dlBlrVuNwvSQ7Ty0,2491.000,w6o/1KDk4bQJjnKe,,
3,43,2026-04-03T17:44:52.689Z,2900.000,9,1799.000,a7tnbcYnfLwVKUyE,2041.000,dlBlrVuNwvSQ7Ty0,2120.000,aduDerLtWfY1irdE,2205.000,YA6NSwJLWSGrWC37,2319.000,ZZSRbgtLV45pMDud,2418.000,Hy4Qx5+KlX+FgTnc,2851.000,s2mLF9K9O/mSwIXq,2986.000,w6o/1KDk4bQJjnKe,5187.000,BA6zCT53nGgzl67L,,
3,44,2026-04-03T17:44:55.589Z,,0,,,,,,,,,,,,,,,,,,,,
4,1,2026-04-03T17:44:23.854Z,7628.000,7,3696.000,w6o/1KDk4bQJjnKe,4063.000,ypRHeJN96V+IYc8+,5326.000,dlBlrVuNwvSQ7Ty0,5554.000,a7tnbcYnfLwVKUyE,6709.000,aduDerLtWfY1irdE,7591.000,BA6zCT53nGgzl67L,7628.000,s2mLF9K9O/mSwIXq,,,,,,
4,2,2026-04-03T17:44:31.482Z,731.000,8,356.000,w6o/1KDk4bQJjnKe,398.000,a7tnbcYnfLwVKUyE,404.000,ypRHeJN96V+IYc8+,405.000,BA6zCT53nGgzl67L,408.000,dlBlrVuNwvSQ7Ty0,499.000,aduDerLtWfY1irdE,731.000,s2mLF9K9O/mSwIXq,1009.000,YA6NSwJLWSGrWC37,,,,
4,3,2026-04-03T17:44:32.213Z,609.000,9,331.000,w6o/1KDk4bQJjnKe,405.000,dlBlrVuNwvSQ7Ty0,406.000,a7tnbcYnfLwVKUyE,412.000,BA6zCT53nGgzl67L,413.000,ypRHeJN96V+IYc8+,486.000,aduDerLtWfY1irdE,609.000,s2mLF9K9O/mSwIXq,749.000,YA6NSwJLWSGrWC37,772.000,ZZSRbgtLV45pMDud,,
4,4,2026-04-03T17:44:32.822Z,440.000,10,328.000,w6o/1KDk4bQJjnKe,396.000,BA6zCT53nGgzl67L,399.000,a7tnbcYnfLwVKUyE,406.000,aduDerLtWfY1irdE,408.000,ypRHeJN96V+IYc8+,412.000,dlBlrVuNwvSQ7Ty0,440.000,ZZSRbgtLV45pMDud,538.000,s2mLF9K9O/mSwIXq,583.000,YA6NSwJLWSGrWC37,1053.000,Hy4Qx5+KlX+FgTnc
4,5,2026-04-03T17:44:33.262Z,379.000,10,311.000,w6o/1KDk4bQJjnKe,367.000,dlBlrVuNwvSQ7Ty0,373.000,BA6zCT53nGgzl67L,374.000,ZZSRbgtLV45pMDud,375.000,a7tnbcYnfLwVKUyE,377.000,ypRHeJN96V+IYc8+,379.000,s2mLF9K9O/mSwIXq,394.000,aduDerLtWfY1irdE,570.000,YA6NSwJLWSGrWC37,822.000,Hy4Qx5+KlX+FgTnc
4,6,2026-04-03T17:44:33.641Z,424.000,10,347.000,w6o/1KDk4bQJjnKe,380.000,s2mLF9K9O/mSwIXq,406.000,YA6NSwJLWSGrWC37,409.000,aduDerLtWfY1irdE,414.000,BA6zCT53nGgzl67L,423.000,ZZSRbgtLV45pMDud,424.000,ypRHeJN96V+IYc8+,427.000,a7tnbcYnfLwVKUyE,431.000,dlBlrVuNwvSQ7Ty0,689.000,Hy4Qx5+KlX+FgTnc
4,7,2026-04-03T17:44:34.065Z,413.000,10,328.000,w6o/1KDk4bQJjnKe,383.000,dlBlrVuNwvSQ7Ty0,398.000,BA6zCT53nGgzl67L,403.000,ypRHeJN96V+IYc8+,406.000,ZZSRbgtLV45pMDud,408.000,aduDerLtWfY1irdE,412.000,a7tnbcYnfLwVKUyE,441.000,s2mLF9K9O/mSwIXq,442.000,YA6NSwJLWSGrWC37,553.000,Hy4Qx5+KlX+FgTnc
4,8,2026-04-03T17:44:34.478Z,401.000,9,319.000,w6o/1KDk4bQJjnKe,361.000,YA6NSwJLWSGrWC37,391.000,BA6zCT53nGgzl67L,397.000,a7tnbcYnfLwVKUyE,398.000,dlBlrVuNwvSQ7Ty0,400.000,ZZSRbgtLV45pMDud,401.000,s2mLF9K9O/mSwIXq,402.000,aduDerLtWfY1irdE,404.000,ypRHeJN96V+IYc8+,,
4,9,2026-04-03T17:44:34.879Z,399.000,10,322.000,w6o/1KDk4bQJjnKe,365.000,Hy4Qx5+KlX+FgTnc,366.000,YA6NSwJLWSGrWC37,390.000,s2mLF9K9O/mSwIXq,396.000,aduDerLtWfY1irdE,397.000,BA6zCT53nGgzl67L,399.000,ypRHeJN96V+IYc8+,401.000,ZZSRbgtLV45pMDud,404.000,dlBlrVuNwvSQ7Ty0,406.000,a7tnbcYnfLwVKUyE
4,10,2026-04-03T17:44:35.278Z,417.000,10,333.000,w6o/1KDk4bQJjnKe,402.000,dlBlrVuNwvSQ7Ty0,403.000,ypRHeJN96V+IYc8+,408.000,BA6zCT53nGgzl67L,414.000,YA6NSwJLWSGrWC37,416.000,s2mLF9K9O/mSwIXq,417.000,ZZSRbgtLV45pMDud,418.000,a7tnbcYnfLwVKUyE,422.000,aduDerLtWfY1irdE,456.000,Hy4Qx5+KlX+FgTnc
4,11,2026-04-03T17:44:35.695Z,397.000,10,319.000,w6o/1KDk4bQJjnKe,363.000,Hy4Qx5+KlX+FgTnc,390.000,s2mLF9K9O/mSwIXq,391.000,ypRHeJN96V+IYc8+,393.000,aduDerLtWfY1irdE,395.000,a7tnbcYnfLwVKUyE,397.000,BA6zCT53nGgzl67L,398.000,dlBlrVuNwvSQ7Ty0,407.000,YA6NSwJLWSGrWC37,408.000,ZZSRbgtLV45pMDud
4,12,2026-04-03T17:44:36.092Z,413.000,10,331.000,w6o/1KDk4bQJjnKe,370.000,Hy4Qx5+KlX+FgTnc,393.000,a7tnbcYnfLwVKUyE,402.000,s2mLF9K9O/mSwIXq,404.000,dlBlrVuNwvSQ7Ty0,411.000,ZZSRbgtLV45pMDud,412.000,ypRHeJN96V+IYc8+,414.000,BA6zCT53nGgzl67L,415.000,aduDerLtWfY1irdE,416.000,YA6NSwJLWSGrWC37
4,13,2026-04-03T17:44:36.505Z,406.000,10,328.000,w6o/1KDk4bQJjnKe,360.000,Hy4Qx5+KlX+FgTnc,394.000,aduDerLtWfY1irdE,395.000,ZZSRbgtLV45pMDud,403.000,BA6zCT53nGgzl67L,404.000,ypRHeJN96V+IYc8+,406.000,YA6NSwJLWSGrWC37,407.000,a7tnbcYnfLwVKUyE,408.000,dlBlrVuNwvSQ7Ty0,410.000,s2mLF9K9O/mSwIXq
4,14,2026-04-03T17:44:36.911Z,400.000,10,318.000,w6o/1KDk4bQJjnKe,363.000,Hy4Qx5+KlX+FgTnc,394.000,aduDerLtWfY1irdE,396.000,BA6zCT53nGgzl67L,397.000,s2mLF9K9O/mSwIXq,398.000,ypRHeJN96V+IYc8+,400.000,a7tnbcYnfLwVKUyE,401.000,YA6NSwJLWSGrWC37,404.000,ZZSRbgtLV45pMDud,407.000,dlBlrVuNwvSQ7Ty0
4,15,2026-04-03T17:44:37.311Z,407.000,10,326.000,w6o/1KDk4bQJjnKe,396.000,YA6NSwJLWSGrWC37,400.000,ZZSRbgtLV45pMDud,402.000,Hy4Qx5+KlX+FgTnc,404.000,s2mLF9K9O/mSwIXq,406.000,a7tnbcYnfLwVKUyE,407.000,BA6zCT53nGgzl67L,408.000,dlBlrVuNwvSQ7Ty0,410.000,ypRHeJN96V+IYc8+,411.000,aduDerLtWfY1irdE
4,16,2026-04-03T17:44:37.718Z,407.000,10,326.000,w6o/1KDk4bQJjnKe,391.000,aduDerLtWfY1irdE,399.000,ypRHeJN96V+IYc8+,403.000,Hy4Qx5+KlX+FgTnc,404.000,dlBlrVuNwvSQ7Ty0,405.000,YA6NSwJLWSGrWC37,406.000,ZZSRbgtLV45pMDud,407.000,s2mLF9K9O/mSwIXq,408.000,a7tnbcYnfLwVKUyE,415.000,BA6zCT53nGgzl67L
4,17,2026-04-03T17:44:38.125Z,407.000,10,323.000,w6o/1KDk4bQJjnKe,399.000,dlBlrVuNwvSQ7Ty0,402.000,s2mLF9K9O/mSwIXq,404.000,a7tnbcYnfLwVKUyE,404.000,aduDerLtWfY1irdE,406.000,BA6zCT53nGgzl67L,407.000,ZZSRbgtLV45pMDud,408.000,Hy4Qx5+KlX+FgTnc,409.000,ypRHeJN96V+IYc8+,411.000,YA6NSwJLWSGrWC37
4,18,2026-04-03T17:44:38.532Z,403.000,10,321.000,w6o/1KDk4bQJjnKe,384.000,BA6zCT53nGgzl67L,396.000,a7tnbcYnfLwVKUyE,398.000,ypRHeJN96V+IYc8+,399.000,aduDerLtWfY1irdE,400.000,YA6NSwJLWSGrWC37,403.000,s2mLF9K9O/mSwIXq,406.000,dlBlrVuNwvSQ7Ty0,407.000,Hy4Qx5+KlX+FgTnc,408.000,ZZSRbgtLV45pMDud
4,19,2026-04-03T17:44:38.935Z,407.000,10,324.000,w6o/1KDk4bQJjnKe,398.000,Hy4Qx5+KlX+FgTnc,401.000,aduDerLtWfY1irdE,404.000,ypRHeJN96V+IYc8+,405.000,a7tnbcYnfLwVKUyE,406.000,s2mLF9K9O/mSwIXq,407.000,ZZSRbgtLV45pMDud,408.000,YA6NSwJLWSGrWC37,410.000,dlBlrVuNwvSQ7Ty0,417.000,BA6zCT53nGgzl67L
4,20,2026-04-03T17:44:39.342Z,407.000,10,324.000,w6o/1KDk4bQJjnKe,392.000,a7tnbcYnfLwVKUyE,397.000,s2mLF9K9O/mSwIXq,401.000,YA6NSwJLWSGrWC37,404.000,ZZSRbgtLV45pMDud,405.000,dlBlrVuNwvSQ7Ty0,406.000,Hy4Qx5+KlX+FgTnc,408.000,BA6zCT53nGgzl67L,410.000,aduDerLtWfY1irdE,412.000,ypRHeJN96V+IYc8+
4,21,2026-04-03T17:44:39.749Z,405.000,10,321.000,w6o/1KDk4bQJjnKe,395.000,Hy4Qx5+KlX+FgTnc,399.000,YA6NSwJLWSGrWC37,401.000,aduDerLtWfY1irdE,402.000,ZZSRbgtLV45pMDud,403.000,BA6zCT53nGgzl67L,405.000,s2mLF9K9O/mSwIXq,406.000,ypRHeJN96V+IYc8+,407.000,a7tnbcYnfLwVKUyE,408.000,dlBlrVuNwvSQ7Ty0
4,22,2026-04-03T17:44:40.154Z,408.000,10,323.000,w6o/1KDk4bQJjnKe,398.000,s2mLF9K9O/mSwIXq,401.000,dlBlrVuNwvSQ7Ty0,403.000,a7tnbcYnfLwVKUyE,405.000,Hy4Qx5+KlX+FgTnc,406.000,YA6NSwJLWSGrWC37,408.000,BA6zCT53nGgzl67L,409.000,ypRHeJN96V+IYc8+,410.000,ZZSRbgtLV45pMDud,411.000,aduDerLtWfY1irdE
4,23,2026-04-03T17:44:40.562Z,403.000,10,319.000,w6o/1KDk4bQJjnKe,396.000,s2mLF9K9O/mSwIXq,397.000,Hy4Qx5+KlX+FgTnc,399.000,BA6zCT53nGgzl67L,400.000,ypRHeJN96V+IYc8+,401.000,a7tnbcYnfLwVKUyE,402.000,aduDerLtWfY1irdE,404.000,YA6NSwJLWSGrWC37,405.000,dlBlrVuNwvSQ7Ty0,406.000,ZZSRbgtLV45pMDud
4,24,2026-04-03T17:44:40.965Z,406.000,10,323.000,w6o/1KDk4bQJjnKe,400.000,a7tnbcYnfLwVKUyE,401.000,ypRHeJN96V+IYc8+,403.000,dlBlrVuNwvSQ7Ty0,404.000,aduDerLtWfY1irdE,405.000,BA6zCT53nGgzl67L,406.000,s2mLF9K9O/mSwIXq,408.000,Hy4Qx5+KlX+FgTnc,409.000,YA6NSwJLWSGrWC37,411.000,ZZSRbgtLV45pMDud
4,25,2026-04-03T17:44:41.371Z,409.000,10,326.000,w6o/1KDk4bQJjnKe,400.000,aduDerLtWfY1irdE,401.000,Hy4Qx5+KlX+FgTnc,403.000,dlBlrVuNwvSQ7Ty0,404.000,YA6NSwJLWSGrWC37,408.000,ypRHeJN96V+IYc8+,409.000,ZZSRbgtLV45pMDud,411.000,a7tnbcYnfLwVKUyE,414.000,s2mLF9K9O/mSwIXq,415.000,BA6zCT53nGgzl67L
4,26,2026-04-03T17:44:41.780Z,404.000,10,321.000,w6o/1KDk4bQJjnKe,396.000,dlBlrVuNwvSQ7Ty0,397.000,ZZSRbgtLV45pMDud,399.000,a7tnbcYnfLwVKUyE,400.000,ypRHeJN96V+IYc8+,402.000,Hy4Qx5+KlX+FgTnc,404.000,YA6NSwJLWSGrWC37,406.000,aduDerLtWfY1irdE,407.000,s2mLF9K9O/mSwIXq,408.000,BA6zCT53nGgzl67L
4,27,2026-04-03T17:44:42.184Z,407.000,10,323.000,w6o/1KDk4bQJjnKe,396.000,ZZSRbgtLV45pMDud,400.000,dlBlrVuNwvSQ7Ty0,402.000,BA6zCT53nGgzl67L,405.000,Hy4Qx5+KlX+FgTnc,406.000,a7tnbcYnfLwVKUyE,407.000,YA6NSwJLWSGrWC37,410.000,s2mLF9K9O/mSwIXq,411.000,aduDerLtWfY1irdE,412.000,ypRHeJN96V+IYc8+
4,28,2026-04-03T17:44:42.591Z,406.000,10,323.000,w6o/1KDk4bQJjnKe,398.000,BA6zCT53nGgzl67L,399.000,ypRHeJN96V+IYc8+,401.000,ZZSRbgtLV45pMDud,403.000,YA6NSwJLWSGrWC37,404.000,a7tnbcYnfLwVKUyE,406.000,aduDerLtWfY1irdE,407.000,dlBlrVuNwvSQ7Ty0,408.000,Hy4Qx5+KlX+FgTnc,412.000,s2mLF9K9O/mSwIXq
4,29,2026-04-03T17:44:42.997Z,405.000,10,325.000,w6o/1KDk4bQJjnKe,395.000,s2mLF9K9O/mSwIXq,396.000,ZZSRbgtLV45pMDud,401.000,YA6NSwJLWSGrWC37,402.000,Hy4Qx5+KlX+FgTnc,404.000,aduDerLtWfY1irdE,405.000,a7tnbcYnfLwVKUyE,406.000,BA6zCT53nGgzl67L,407.000,dlBlrVuNwvSQ7Ty0,409.000,ypRHeJN96V+IYc8+
4,30,2026-04-03T17:44:43.402Z,407.000,10,326.000,w6o/1KDk4bQJjnKe,396.000,YA6NSwJLWSGrWC37,402.000,dlBlrVuNwvSQ7Ty0,403.000,aduDerLtWfY1irdE,404.000,s2mLF9K9O/mSwIXq,406.000,ZZSRbgtLV45pMDud,407.000,Hy4Qx5+KlX+FgTnc,408.000,BA6zCT53nGgzl67L,410.000,a7tnbcYnfLwVKUyE,413.000,ypRHeJN96V+IYc8+
4,31,2026-04-03T17:44:43.809Z,404.000,10,321.000,w6o/1KDk4bQJjnKe,394.000,ZZSRbgtLV45pMDud,398.000,ypRHeJN96V+IYc8+,399.000,a7tnbcYnfLwVKUyE,402.000,Hy4Qx5+KlX+FgTnc,403.000,aduDerLtWfY1irdE,404.000,YA6NSwJLWSGrWC37,405.000,dlBlrVuNwvSQ7Ty0,408.000,s2mLF9K9O/mSwIXq,413.000,BA6zCT53nGgzl67L
4,32,2026-04-03T17:44:44.213Z,408.000,10,324.000,w6o/1KDk4bQJjnKe,394.000,BA6zCT53nGgzl67L,403.000,a7tnbcYnfLwVKUyE,404.000,aduDerLtWfY1irdE,406.000,s2mLF9K9O/mSwIXq,407.000,ypRHeJN96V+IYc8+,408.000,Hy4Qx5+KlX+FgTnc,409.000,YA6NSwJLWSGrWC37,411.000,ZZSRbgtLV45pMDud,412.000,dlBlrVuNwvSQ7Ty0
4,33,2026-04-03T17:44:44.621Z,405.000,10,320.000,w6o/1KDk4bQJjnKe,396.000,BA6zCT53nGgzl67L,397.000,s2mLF9K9O/mSwIXq,398.000,Hy4Qx5+KlX+FgTnc,401.000,aduDerLtWfY1irdE,404.000,ZZSRbgtLV45pMDud,405.000,YA6NSwJLWSGrWC37,406.000,dlBlrVuNwvSQ7Ty0,408.000,ypRHeJN96V+IYc8+,409.000,a7tnbcYnfLwVKUyE
4,34,2026-04-03T17:44:45.026Z,403.000,10,322.000,w6o/1KDk4bQJjnKe,392.000,ZZSRbgtLV45pMDud,398.000,ypRHeJN96V+IYc8+,399.000,Hy4Qx5+KlX+FgTnc,401.000,s2mLF9K9O/mSwIXq,402.000,dlBlrVuNwvSQ7Ty0,403.000,BA6zCT53nGgzl67L,404.000,YA6NSwJLWSGrWC37,406.000,a7tnbcYnfLwVKUyE,409.000,aduDerLtWfY1irdE
4,35,2026-04-03T17:44:45.429Z,410.000,10,326.000,w6o/1KDk4bQJjnKe,402.000,BA6zCT53nGgzl67L,403.000,ypRHeJN96V+IYc8+,404.000,s2mLF9K9O/mSwIXq,407.000,a7tnbcYnfLwVKUyE,409.000,dlBlrVuNwvSQ7Ty0,410.000,YA6NSwJLWSGrWC37,411.000,ZZSRbgtLV45pMDud,413.000,Hy4Qx5+KlX+FgTnc,415.000,aduDerLtWfY1irdE
4,36,2026-04-03T17:44:45.839Z,404.000,10,321.000,w6o/1KDk4bQJjnKe,393.000,dlBlrVuNwvSQ7Ty0,397.000,Hy4Qx5+KlX+FgTnc,398.000,aduDerLtWfY1irdE,399.000,a7tnbcYnfLwVKUyE,401.000,BA6zCT53nGgzl67L,404.000,YA6NSwJLWSGrWC37,405.000,s2mLF9K9O/mSwIXq,406.000,ZZSRbgtLV45pMDud,409.000,ypRHeJN96V+IYc8+
4,37,2026-04-03T17:44:46.243Z,408.000,10,324.000,w6o/1KDk4bQJjnKe,391.000,aduDerLtWfY1irdE,394.000,YA6NSwJLWSGrWC37,398.000,ypRHeJN96V+IYc8+,404.000,ZZSRbgtLV45pMDud,406.000,Hy4Qx5+KlX+FgTnc,408.000,dlBlrVuNwvSQ7Ty0,410.000,s2mLF9K9O/mSwIXq,412.000,a7tnbcYnfLwVKUyE,414.000,BA6zCT53nGgzl67L
4,38,2026-04-03T17:44:46.651Z,536.000,9,417.000,YA6NSwJLWSGrWC37,427.000,Hy4Qx5+KlX+FgTnc,463.000,w6o/1KDk4bQJjnKe,502.000,ZZSRbgtLV45pMDud,510.000,BA6zCT53nGgzl67L,511.000,aduDerLtWfY1irdE,535.000,s2mLF9K9O/mSwIXq,555.000,a7tnbcYnfLwVKUyE,598.000,ypRHeJN96V+IYc8+,,
4,39,2026-04-03T17:44:47.187Z,799.000,9,554.000,w6o/1KDk4bQJjnKe,705.000,s2mLF9K9O/mSwIXq,723.000,YA6NSwJLWSGrWC37,749.000,dlBlrVuNwvSQ7Ty0,766.000,a7tnbcYnfLwVKUyE,785.000,ZZSRbgtLV45pMDud,797.000,BA6zCT53nGgzl67L,986.000,Hy4Qx5+KlX+FgTnc,1020.000,aduDerLtWfY1irdE,,
4,40,2026-04-03T17:44:47.986Z,1070.000,9,790.000,w6o/1KDk4bQJjnKe,892.000,Hy4Qx5+KlX+FgTnc,932.000,dlBlrVuNwvSQ7Ty0,961.000,aduDerLtWfY1irdE,993.000,a7tnbcYnfLwVKUyE,1024.000,BA6zCT53nGgzl67L,1060.000,s2mLF9K9O/mSwIXq,1094.000,ZZSRbgtLV45pMDud,1216.000,YA6NSwJLWSGrWC37,,
4,41,2026-04-03T17:44:49.056Z,2001.000,9,974.000,ZZSRbgtLV45pMDud,997.000,w6o/1KDk4bQJjnKe,1057.000,Hy4Qx5+KlX+FgTnc,1101.000,dlBlrVuNwvSQ7Ty0,1143.000,aduDerLtWfY1irdE,1948.000,YA6NSwJLWSGrWC37,1986.000,s2mLF9K9O/mSwIXq,2024.000,BA6zCT53nGgzl67L,2174.000,a7tnbcYnfLwVKUyE,,
4,42,2026-04-03T17:44:51.057Z,1776.000,9,1271.000,BA6zCT53nGgzl67L,1425.000,s2mLF9K9O/mSwIXq,1457.000,w6o/1KDk4bQJjnKe,1539.000,a7tnbcYnfLwVKUyE,1604.000,Hy4Qx5+KlX+FgTnc,1660.000,ZZSRbgtLV45pMDud,1752.000,aduDerLtWfY1irdE,1820.000,dlBlrVuNwvSQ7Ty0,2006.000,YA6NSwJLWSGrWC37,,
4,43,2026-04-03T17:44:52.833Z,2898.000,9,2302.000,w6o/1KDk4bQJjnKe,2387.000,dlBlrVuNwvSQ7Ty0,2463.000,aduDerLtWfY1irdE,2533.000,YA6NSwJLWSGrWC37,2650.000,ZZSRbgtLV45pMDud,2746.000,a7tnbcYnfLwVKUyE,2834.000,Hy4Qx5+KlX+FgTnc,2958.000,s2mLF9K9O/mSwIXq,3626.000,BA6zCT53nGgzl67L,,
4,44,2026-04-03T17:44:55.731Z,,0,,,,,,,,,,,,,,,,,,,,
5,1,2026-04-03T17:44:25.449Z,6036.000,7,2143.000,w6o/1KDk4bQJjnKe,2528.000,ypRHeJN96V+IYc8+,3692.000,dlBlrVuNwvSQ7Ty0,3959.000,a7tnbcYnfLwVKUyE,5111.000,aduDerLtWfY1irdE,6002.000,BA6zCT53nGgzl67L,6036.000,s2mLF9K9O/mSwIXq,,,,,,
5,2,2026-04-03T17:44:31.485Z,729.000,8,363.000,dlBlrVuNwvSQ7Ty0,396.000,a7tnbcYnfLwVKUyE,399.000,ypRHeJN96V+IYc8+,402.000,w6o/1KDk4bQJjnKe,410.000,BA6zCT53nGgzl67L,493.000,aduDerLtWfY1irdE,729.000,s2mLF9K9O/mSwIXq,1015.000,YA6NSwJLWSGrWC37,,,,
5,3,2026-04-03T17:44:32.214Z,612.000,9,332.000,dlBlrVuNwvSQ7Ty0,402.000,w6o/1KDk4bQJjnKe,403.000,BA6zCT53nGgzl67L,406.000,ypRHeJN96V+IYc8+,408.000,a7tnbcYnfLwVKUyE,487.000,aduDerLtWfY1irdE,612.000,s2mLF9K9O/mSwIXq,751.000,YA6NSwJLWSGrWC37,769.000,ZZSRbgtLV45pMDud,,
5,4,2026-04-03T17:44:32.826Z,407.000,10,322.000,dlBlrVuNwvSQ7Ty0,388.000,ypRHeJN96V+IYc8+,390.000,BA6zCT53nGgzl67L,395.000,ZZSRbgtLV45pMDud,397.000,a7tnbcYnfLwVKUyE,398.000,w6o/1KDk4bQJjnKe,407.000,aduDerLtWfY1irdE,529.000,s2mLF9K9O/mSwIXq,581.000,YA6NSwJLWSGrWC37,1043.000,Hy4Qx5+KlX+FgTnc
5,5,2026-04-03T17:44:33.233Z,428.000,10,353.000,dlBlrVuNwvSQ7Ty0,400.000,BA6zCT53nGgzl67L,406.000,ZZSRbgtLV45pMDud,407.000,a7tnbcYnfLwVKUyE,409.000,ypRHeJN96V+IYc8+,411.000,s2mLF9K9O/mSwIXq,428.000,aduDerLtWfY1irdE,436.000,w6o/1KDk4bQJjnKe,599.000,YA6NSwJLWSGrWC37,850.000,Hy4Qx5+KlX+FgTnc
5,6,2026-04-03T17:44:33.661Z,400.000,10,323.000,dlBlrVuNwvSQ7Ty0,361.000,s2mLF9K9O/mSwIXq,385.000,aduDerLtWfY1irdE,388.000,w6o/1KDk4bQJjnKe,391.000,YA6NSwJLWSGrWC37,398.000,ZZSRbgtLV45pMDud,400.000,a7tnbcYnfLwVKUyE,402.000,BA6zCT53nGgzl67L,403.000,ypRHeJN96V+IYc8+,673.000,Hy4Qx5+KlX+FgTnc
5,7,2026-04-03T17:44:34.061Z,407.000,10,329.000,dlBlrVuNwvSQ7Ty0,374.000,YA6NSwJLWSGrWC37,391.000,ZZSRbgtLV45pMDud,397.000,ypRHeJN96V+IYc8+,404.000,BA6zCT53nGgzl67L,406.000,a7tnbcYnfLwVKUyE,407.000,aduDerLtWfY1irdE,412.000,s2mLF9K9O/mSwIXq,414.000,w6o/1KDk4bQJjnKe,560.000,Hy4Qx5+KlX+FgTnc
5,8,2026-04-03T17:44:34.468Z,413.000,9,335.000,dlBlrVuNwvSQ7Ty0,369.000,YA6NSwJLWSGrWC37,400.000,ypRHeJN96V+IYc8+,402.000,a7tnbcYnfLwVKUyE,403.000,ZZSRbgtLV45pMDud,405.000,s2mLF9K9O/mSwIXq,413.000,aduDerLtWfY1irdE,417.000,BA6zCT53nGgzl67L,423.000,w6o/1KDk4bQJjnKe,,
5,9,2026-04-03T17:44:34.881Z,405.000,10,323.000,dlBlrVuNwvSQ7Ty0,365.000,YA6NSwJLWSGrWC37,396.000,BA6zCT53nGgzl67L,400.000,a7tnbcYnfLwVKUyE,402.000,ZZSRbgtLV45pMDud,403.000,s2mLF9K9O/mSwIXq,405.000,ypRHeJN96V+IYc8+,406.000,aduDerLtWfY1irdE,407.000,w6o/1KDk4bQJjnKe,446.000,Hy4Qx5+KlX+FgTnc
5,10,2026-04-03T17:44:35.286Z,407.000,10,324.000,dlBlrVuNwvSQ7Ty0,369.000,Hy4Qx5+KlX+FgTnc,392.000,ZZSRbgtLV45pMDud,400.000,w6o/1KDk4bQJjnKe,401.000,BA6zCT53nGgzl67L,405.000,a7tnbcYnfLwVKUyE,407.000,s2mLF9K9O/mSwIXq,408.000,aduDerLtWfY1irdE,414.000,ypRHeJN96V+IYc8+,440.000,YA6NSwJLWSGrWC37
5,11,2026-04-03T17:44:35.693Z,400.000,10,324.000,dlBlrVuNwvSQ7Ty0,366.000,Hy4Qx5+KlX+FgTnc,394.000,a7tnbcYnfLwVKUyE,395.000,s2mLF9K9O/mSwIXq,397.000,BA6zCT53nGgzl67L,398.000,ypRHeJN96V+IYc8+,400.000,ZZSRbgtLV45pMDud,408.000,aduDerLtWfY1irdE,412.000,YA6NSwJLWSGrWC37,418.000,w6o/1KDk4bQJjnKe
5,12,2026-04-03T17:44:36.093Z,411.000,10,330.000,dlBlrVuNwvSQ7Ty0,399.000,YA6NSwJLWSGrWC37,402.000,w6o/1KDk4bQJjnKe,407.000,ZZSRbgtLV45pMDud,408.000,s2mLF9K9O/mSwIXq,409.000,aduDerLtWfY1irdE,411.000,BA6zCT53nGgzl67L,412.000,a7tnbcYnfLwVKUyE,414.000,Hy4Qx5+KlX+FgTnc,416.000,ypRHeJN96V+IYc8+
5,13,2026-04-03T17:44:36.504Z,406.000,10,324.000,dlBlrVuNwvSQ7Ty0,364.000,Hy4Qx5+KlX+FgTnc,397.000,YA6NSwJLWSGrWC37,402.000,a7tnbcYnfLwVKUyE,403.000,ZZSRbgtLV45pMDud,405.000,aduDerLtWfY1irdE,406.000,BA6zCT53nGgzl67L,407.000,ypRHeJN96V+IYc8+,408.000,w6o/1KDk4bQJjnKe,410.000,s2mLF9K9O/mSwIXq
5,14,2026-04-03T17:44:36.910Z,403.000,10,320.000,dlBlrVuNwvSQ7Ty0,393.000,a7tnbcYnfLwVKUyE,395.000,ypRHeJN96V+IYc8+,398.000,aduDerLtWfY1irdE,400.000,YA6NSwJLWSGrWC37,401.000,s2mLF9K9O/mSwIXq,403.000,Hy4Qx5+KlX+FgTnc,404.000,w6o/1KDk4bQJjnKe,406.000,ZZSRbgtLV45pMDud,407.000,BA6zCT53nGgzl67L
5,15,2026-04-03T17:44:37.313Z,408.000,10,325.000,dlBlrVuNwvSQ7Ty0,401.000,a7tnbcYnfLwVKUyE,402.000,YA6NSwJLWSGrWC37,403.000,ypRHeJN96V+IYc8+,405.000,w6o/1KDk4bQJjnKe,406.000,BA6zCT53nGgzl67L,407.000,ZZSRbgtLV45pMDud,409.000,s2mLF9K9O/mSwIXq,412.000,Hy4Qx5+KlX+FgTnc,413.000,aduDerLtWfY1irdE
5,16,2026-04-03T17:44:37.721Z,406.000,10,324.000,dlBlrVuNwvSQ7Ty0,394.000,Hy4Qx5+KlX+FgTnc,400.000,s2mLF9K9O/mSwIXq,401.000,YA6NSwJLWSGrWC37,404.000,w6o/1KDk4bQJjnKe,405.000,BA6zCT53nGgzl67L,406.000,a7tnbcYnfLwVKUyE,407.000,ypRHeJN96V+IYc8+,409.000,aduDerLtWfY1irdE,410.000,ZZSRbgtLV45pMDud
5,17,2026-04-03T17:44:38.127Z,406.000,10,325.000,dlBlrVuNwvSQ7Ty0,389.000,ypRHeJN96V+IYc8+,396.000,a7tnbcYnfLwVKUyE,397.000,s2mLF9K9O/mSwIXq,399.000,Hy4Qx5+KlX+FgTnc,400.000,w6o/1KDk4bQJjnKe,405.000,YA6NSwJLWSGrWC37,407.000,aduDerLtWfY1irdE,409.000,ZZSRbgtLV45pMDud,410.000,BA6zCT53nGgzl67L
5,18,2026-04-03T17:44:38.533Z,406.000,10,321.000,dlBlrVuNwvSQ7Ty0,400.000,ypRHeJN96V+IYc8+,401.000,aduDerLtWfY1irdE,402.000,s2mLF9K9O/mSwIXq,404.000,w6o/1KDk4bQJjnKe,405.000,YA6NSwJLWSGrWC37,406.000,a7tnbcYnfLwVKUyE,407.000,BA6zCT53nGgzl67L,409.000,ZZSRbgtLV45pMDud,410.000,Hy4Qx5+KlX+FgTnc
5,19,2026-04-03T17:44:38.939Z,405.000,10,322.000,dlBlrVuNwvSQ7Ty0,395.000,aduDerLtWfY1irdE,399.000,w6o/1KDk4bQJjnKe,401.000,YA6NSwJLWSGrWC37,402.000,Hy4Qx5+KlX+FgTnc,403.000,s2mLF9K9O/mSwIXq,404.000,ypRHeJN96V+IYc8+,410.000,BA6zCT53nGgzl67L,410.000,ZZSRbgtLV45pMDud,411.000,a7tnbcYnfLwVKUyE
5,20,2026-04-03T17:44:39.344Z,404.000,10,322.000,dlBlrVuNwvSQ7Ty0,397.000,a7tnbcYnfLwVKUyE,399.000,BA6zCT53nGgzl67L,400.000,ypRHeJN96V+IYc8+,401.000,YA6NSwJLWSGrWC37,403.000,aduDerLtWfY1irdE,404.000,w6o/1KDk4bQJjnKe,405.000,s2mLF9K9O/mSwIXq,406.000,ZZSRbgtLV45pMDud,407.000,Hy4Qx5+KlX+FgTnc
5,21,2026-04-03T17:44:39.748Z,403.000,10,323.000,dlBlrVuNwvSQ7Ty0,395.000,aduDerLtWfY1irdE,397.000,a7tnbcYnfLwVKUyE,398.000,Hy4Qx5+KlX+FgTnc,400.000,YA6NSwJLWSGrWC37,402.000,w6o/1KDk4bQJjnKe,403.000,ypRHeJN96V+IYc8+,404.000,ZZSRbgtLV45pMDud,406.000,BA6zCT53nGgzl67L,408.000,s2mLF9K9O/mSwIXq
5,22,2026-04-03T17:44:40.151Z,412.000,10,330.000,dlBlrVuNwvSQ7Ty0,401.000,s2mLF9K9O/mSwIXq,404.000,ypRHeJN96V+IYc8+,408.000,ZZSRbgtLV45pMDud,409.000,a7tnbcYnfLwVKUyE,410.000,YA6NSwJLWSGrWC37,412.000,Hy4Qx5+KlX+FgTnc,413.000,aduDerLtWfY1irdE,414.000,w6o/1KDk4bQJjnKe,415.000,BA6zCT53nGgzl67L
5,23,2026-04-03T17:44:40.563Z,405.000,10,325.000,dlBlrVuNwvSQ7Ty0,390.000,a7tnbcYnfLwVKUyE,399.000,BA6zCT53nGgzl67L,400.000,ZZSRbgtLV45pMDud,401.000,Hy4Qx5+KlX+FgTnc,403.000,YA6NSwJLWSGrWC37,405.000,s2mLF9K9O/mSwIXq,409.000,w6o/1KDk4bQJjnKe,413.000,aduDerLtWfY1irdE,417.000,ypRHeJN96V+IYc8+
5,24,2026-04-03T17:44:40.968Z,405.000,10,325.000,dlBlrVuNwvSQ7Ty0,397.000,w6o/1KDk4bQJjnKe,399.000,Hy4Qx5+KlX+FgTnc,401.000,YA6NSwJLWSGrWC37,403.000,BA6zCT53nGgzl67L,404.000,ZZSRbgtLV45pMDud,405.000,aduDerLtWfY1irdE,407.000,s2mLF9K9O/mSwIXq,408.000,ypRHeJN96V+IYc8+,411.000,a7tnbcYnfLwVKUyE
5,25,2026-04-03T17:44:41.373Z,407.000,10,320.000,dlBlrVuNwvSQ7Ty0,400.000,ypRHeJN96V+IYc8+,401.000,s2mLF9K9O/mSwIXq,403.000,a7tnbcYnfLwVKUyE,404.000,w6o/1KDk4bQJjnKe,405.000,ZZSRbgtLV45pMDud,407.000,aduDerLtWfY1irdE,408.000,Hy4Qx5+KlX+FgTnc,409.000,BA6zCT53nGgzl67L,411.000,YA6NSwJLWSGrWC37
5,26,2026-04-03T17:44:41.780Z,405.000,10,322.000,dlBlrVuNwvSQ7Ty0,398.000,Hy4Qx5+KlX+FgTnc,400.000,ypRHeJN96V+IYc8+,401.000,BA6zCT53nGgzl67L,402.000,w6o/1KDk4bQJjnKe,404.000,YA6NSwJLWSGrWC37,405.000,aduDerLtWfY1irdE,406.000,a7tnbcYnfLwVKUyE,407.000,ZZSRbgtLV45pMDud,409.000,s2mLF9K9O/mSwIXq
5,27,2026-04-03T17:44:42.185Z,407.000,10,325.000,dlBlrVuNwvSQ7Ty0,398.000,Hy4Qx5+KlX+FgTnc,401.000,w6o/1KDk4bQJjnKe,403.000,ypRHeJN96V+IYc8+,404.000,ZZSRbgtLV45pMDud,406.000,aduDerLtWfY1irdE,407.000,a7tnbcYnfLwVKUyE,411.000,s2mLF9K9O/mSwIXq,412.000,BA6zCT53nGgzl67L,416.000,YA6NSwJLWSGrWC37
5,28,2026-04-03T17:44:42.592Z,406.000,10,324.000,dlBlrVuNwvSQ7Ty0,398.000,s2mLF9K9O/mSwIXq,400.000,YA6NSwJLWSGrWC37,401.000,a7tnbcYnfLwVKUyE,403.000,BA6zCT53nGgzl67L,404.000,ZZSRbgtLV45pMDud,406.000,Hy4Qx5+KlX+FgTnc,407.000,w6o/1KDk4bQJjnKe,408.000,ypRHeJN96V+IYc8+,411.000,aduDerLtWfY1irdE
5,29,2026-04-03T17:44:42.998Z,406.000,10,323.000,dlBlrVuNwvSQ7Ty0,396.000,w6o/1KDk4bQJjnKe,400.000,BA6zCT53nGgzl67L,402.000,aduDerLtWfY1irdE,403.000,s2mLF9K9O/mSwIXq,404.000,ZZSRbgtLV45pMDud,405.000,YA6NSwJLWSGrWC37,407.000,a7tnbcYnfLwVKUyE,408.000,Hy4Qx5+KlX+FgTnc,410.000,ypRHeJN96V+IYc8+
5,30,2026-04-03T17:44:43.404Z,404.000,10,323.000,dlBlrVuNwvSQ7Ty0,394.000,aduDerLtWfY1irdE,395.000,w6o/1KDk4bQJjnKe,399.000,ZZSRbgtLV45pMDud,401.000,ypRHeJN96V+IYc8+,402.000,Hy4Qx5+KlX+FgTnc,403.000,BA6zCT53nGgzl67L,405.000,a7tnbcYnfLwVKUyE,406.000,YA6NSwJLWSGrWC37,408.000,s2mLF9K9O/mSwIXq
5,31,2026-04-03T17:44:43.808Z,408.000,10,324.000,dlBlrVuNwvSQ7Ty0,402.000,ZZSRbgtLV45pMDud,403.000,ypRHeJN96V+IYc8+,404.000,aduDerLtWfY1irdE,405.000,s2mLF9K9O/mSwIXq,407.000,BA6zCT53nGgzl67L,408.000,a7tnbcYnfLwVKUyE,409.000,w6o/1KDk4bQJjnKe,411.000,YA6NSwJLWSGrWC37,412.000,Hy4Qx5+KlX+FgTnc
5,32,2026-04-03T17:44:44.216Z,406.000,10,322.000,dlBlrVuNwvSQ7Ty0,395.000,s2mLF9K9O/mSwIXq,398.000,ZZSRbgtLV45pMDud,401.000,Hy4Qx5+KlX+FgTnc,403.000,BA6zCT53nGgzl67L,405.000,ypRHeJN96V+IYc8+,406.000,YA6NSwJLWSGrWC37,407.000,aduDerLtWfY1irdE,408.000,w6o/1KDk4bQJjnKe,410.000,a7tnbcYnfLwVKUyE
5,33,2026-04-03T17:44:44.622Z,404.000,10,321.000,dlBlrVuNwvSQ7Ty0,392.000,ZZSRbgtLV45pMDud,395.000,ypRHeJN96V+IYc8+,399.000,YA6NSwJLWSGrWC37,401.000,a7tnbcYnfLwVKUyE,402.000,s2mLF9K9O/mSwIXq,403.000,BA6zCT53nGgzl67L,405.000,aduDerLtWfY1irdE,406.000,w6o/1KDk4bQJjnKe,407.000,Hy4Qx5+KlX+FgTnc
5,34,2026-04-03T17:44:45.026Z,407.000,10,323.000,dlBlrVuNwvSQ7Ty0,399.000,ypRHeJN96V+IYc8+,400.000,Hy4Qx5+KlX+FgTnc,401.000,aduDerLtWfY1irdE,403.000,YA6NSwJLWSGrWC37,405.000,ZZSRbgtLV45pMDud,407.000,BA6zCT53nGgzl67L,408.000,w6o/1KDk4bQJjnKe,409.000,s2mLF9K9O/mSwIXq,410.000,a7tnbcYnfLwVKUyE
5,35,2026-04-03T17:44:45.433Z,402.000,10,322.000,dlBlrVuNwvSQ7Ty0,392.000,a7tnbcYnfLwVKUyE,394.000,w6o/1KDk4bQJjnKe,397.000,s2mLF9K9O/mSwIXq,398.000,Hy4Qx5+KlX+FgTnc,399.000,ypRHeJN96V+IYc8+,401.000,aduDerLtWfY1irdE,403.000,YA6NSwJLWSGrWC37,404.000,BA6zCT53nGgzl67L,411.000,ZZSRbgtLV45pMDud
5,36,2026-04-03T17:44:45.835Z,408.000,10,326.000,dlBlrVuNwvSQ7Ty0,398.000,ZZSRbgtLV45pMDud,402.000,a7tnbcYnfLwVKUyE,404.000,s2mLF9K9O/mSwIXq,405.000,BA6zCT53nGgzl67L,406.000,ypRHeJN96V+IYc8+,408.000,Hy4Qx5+KlX+FgTnc,409.000,w6o/1KDk4bQJjnKe,410.000,YA6NSwJLWSGrWC37,412.000,aduDerLtWfY1irdE
5,37,2026-04-03T17:44:46.243Z,409.000,10,324.000,dlBlrVuNwvSQ7Ty0,399.000,ZZSRbgtLV45pMDud,401.000,w6o/1KDk4bQJjnKe,402.000,a7tnbcYnfLwVKUyE,405.000,Hy4Qx5+KlX+FgTnc,406.000,s2mLF9K9O/mSwIXq,409.000,ypRHeJN96V+IYc8+,410.000,YA6NSwJLWSGrWC37,412.000,aduDerLtWfY1irdE,417.000,BA6zCT53nGgzl67L
5,38,2026-04-03T17:44:46.652Z,513.000,9,418.000,Hy4Qx5+KlX+FgTnc,419.000,YA6NSwJLWSGrWC37,425.000,ZZSRbgtLV45pMDud,428.000,aduDerLtWfY1irdE,434.000,BA6zCT53nGgzl67L,507.000,s2mLF9K9O/mSwIXq,512.000,w6o/1KDk4bQJjnKe,556.000,a7tnbcYnfLwVKUyE,881.000,ypRHeJN96V+IYc8+,,
5,39,2026-04-03T17:44:47.165Z,887.000,9,619.000,dlBlrVuNwvSQ7Ty0,683.000,w6o/1KDk4bQJjnKe,737.000,s2mLF9K9O/mSwIXq,770.000,a7tnbcYnfLwVKUyE,783.000,YA6NSwJLWSGrWC37,804.000,ZZSRbgtLV45pMDud,884.000,BA6zCT53nGgzl67L,991.000,Hy4Qx5+KlX+FgTnc,1013.000,aduDerLtWfY1irdE,,
5,40,2026-04-03T17:44:48.052Z,949.000,9,541.000,dlBlrVuNwvSQ7Ty0,717.000,Hy4Qx5+KlX+FgTnc,758.000,aduDerLtWfY1irdE,794.000,a7tnbcYnfLwVKUyE,860.000,BA6zCT53nGgzl67L,906.000,w6o/1KDk4bQJjnKe,939.000,ZZSRbgtLV45pMDud,971.000,s2mLF9K9O/mSwIXq,1084.000,YA6NSwJLWSGrWC37,,
5,41,2026-04-03T17:44:49.001Z,2060.000,9,885.000,dlBlrVuNwvSQ7Ty0,1048.000,ZZSRbgtLV45pMDud,1090.000,aduDerLtWfY1irdE,1127.000,Hy4Qx5+KlX+FgTnc,1165.000,YA6NSwJLWSGrWC37,1239.000,w6o/1KDk4bQJjnKe,2033.000,s2mLF9K9O/mSwIXq,2085.000,BA6zCT53nGgzl67L,2134.000,a7tnbcYnfLwVKUyE,,
5,42,2026-04-03T17:44:51.061Z,1471.000,9,1084.000,BA6zCT53nGgzl67L,1138.000,s2mLF9K9O/mSwIXq,1208.000,Hy4Qx5+KlX+FgTnc,1272.000,a7tnbcYnfLwVKUyE,1320.000,dlBlrVuNwvSQ7Ty0,1395.000,aduDerLtWfY1irdE,1450.000,ZZSRbgtLV45pMDud,1674.000,YA6NSwJLWSGrWC37,2000.000,w6o/1KDk4bQJjnKe,,
5,43,2026-04-03T17:44:52.532Z,2848.000,9,1581.000,dlBlrVuNwvSQ7Ty0,2133.000,aduDerLtWfY1irdE,2384.000,YA6NSwJLWSGrWC37,2488.000,ZZSRbgtLV45pMDud,2581.000,Hy4Qx5+KlX+FgTnc,2694.000,a7tnbcYnfLwVKUyE,2795.000,s2mLF9K9O/mSwIXq,3641.000,BA6zCT53nGgzl67L,3744.000,w6o/1KDk4bQJjnKe,,
5,44,2026-04-03T17:44:55.380Z,,0,,,,,,,,,,,,,,,,,,,,
6,1,2026-04-03T17:44:26.835Z,4686.000,7,758.000,w6o/1KDk4bQJjnKe,1163.000,ypRHeJN96V+IYc8+,2351.000,dlBlrVuNwvSQ7Ty0,2576.000,a7tnbcYnfLwVKUyE,3686.000,aduDerLtWfY1irdE,4649.000,s2mLF9K9O/mSwIXq,4686.000,BA6zCT53nGgzl67L,,,,,,
6,2,2026-04-03T17:44:31.521Z,699.000,8,327.000,a7tnbcYnfLwVKUyE,366.000,dlBlrVuNwvSQ7Ty0,368.000,ypRHeJN96V+IYc8+,371.000,w6o/1KDk4bQJjnKe,372.000,BA6zCT53nGgzl67L,414.000,aduDerLtWfY1irdE,699.000,s2mLF9K9O/mSwIXq,971.000,YA6NSwJLWSGrWC37,,,,
6,3,2026-04-03T17:44:32.220Z,603.000,9,390.000,BA6zCT53nGgzl67L,394.000,dlBlrVuNwvSQ7Ty0,396.000,w6o/1KDk4bQJjnKe,402.000,ypRHeJN96V+IYc8+,405.000,a7tnbcYnfLwVKUyE,437.000,aduDerLtWfY1irdE,603.000,s2mLF9K9O/mSwIXq,743.000,YA6NSwJLWSGrWC37,784.000,ZZSRbgtLV45pMDud,,
6,4,2026-04-03T17:44:32.823Z,429.000,10,345.000,aduDerLtWfY1irdE,397.000,w6o/1KDk4bQJjnKe,399.000,ypRHeJN96V+IYc8+,401.000,BA6zCT53nGgzl67L,404.000,a7tnbcYnfLwVKUyE,406.000,dlBlrVuNwvSQ7Ty0,429.000,ZZSRbgtLV45pMDud,532.000,s2mLF9K9O/mSwIXq,586.000,YA6NSwJLWSGrWC37,995.000,Hy4Qx5+KlX+FgTnc
6,5,2026-04-03T17:44:33.252Z,391.000,10,326.000,aduDerLtWfY1irdE,379.000,dlBlrVuNwvSQ7Ty0,383.000,ZZSRbgtLV45pMDud,384.000,a7tnbcYnfLwVKUyE,385.000,BA6zCT53nGgzl67L,388.000,ypRHeJN96V+IYc8+,391.000,s2mLF9K9O/mSwIXq,406.000,w6o/1KDk4bQJjnKe,579.000,YA6NSwJLWSGrWC37,827.000,Hy4Qx5+KlX+FgTnc
6,6,2026-04-03T17:44:33.643Z,422.000,10,350.000,aduDerLtWfY1irdE,384.000,s2mLF9K9O/mSwIXq,405.000,w6o/1KDk4bQJjnKe,406.000,YA6NSwJLWSGrWC37,415.000,BA6zCT53nGgzl67L,419.000,ypRHeJN96V+IYc8+,422.000,a7tnbcYnfLwVKUyE,424.000,ZZSRbgtLV45pMDud,425.000,dlBlrVuNwvSQ7Ty0,688.000,Hy4Qx5+KlX+FgTnc
6,7,2026-04-03T17:44:34.065Z,405.000,10,325.000,aduDerLtWfY1irdE,370.000,YA6NSwJLWSGrWC37,389.000,ZZSRbgtLV45pMDud,399.000,ypRHeJN96V+IYc8+,402.000,a7tnbcYnfLwVKUyE,403.000,w6o/1KDk4bQJjnKe,405.000,BA6zCT53nGgzl67L,406.000,dlBlrVuNwvSQ7Ty0,442.000,s2mLF9K9O/mSwIXq,556.000,Hy4Qx5+KlX+FgTnc
6,8,2026-04-03T17:44:34.470Z,407.000,9,331.000,aduDerLtWfY1irdE,365.000,YA6NSwJLWSGrWC37,396.000,a7tnbcYnfLwVKUyE,398.000,dlBlrVuNwvSQ7Ty0,399.000,s2mLF9K9O/mSwIXq,405.000,ypRHeJN96V+IYc8+,407.000,ZZSRbgtLV45pMDud,408.000,BA6zCT53nGgzl67L,421.000,w6o/1KDk4bQJjnKe,,
6,9,2026-04-03T17:44:34.877Z,408.000,10,325.000,aduDerLtWfY1irdE,370.000,YA6NSwJLWSGrWC37,395.000,dlBlrVuNwvSQ7Ty0,401.000,ypRHeJN96V+IYc8+,402.000,w6o/1KDk4bQJjnKe,403.000,BA6zCT53nGgzl67L,408.000,s2mLF9K9O/mSwIXq,410.000,a7tnbcYnfLwVKUyE,415.000,ZZSRbgtLV45pMDud,446.000,Hy4Qx5+KlX+FgTnc
6,10,2026-04-03T17:44:35.285Z,406.000,10,323.000,aduDerLtWfY1irdE,394.000,w6o/1KDk4bQJjnKe,398.000,a7tnbcYnfLwVKUyE,399.000,BA6zCT53nGgzl67L,403.000,dlBlrVuNwvSQ7Ty0,404.000,s2mLF9K9O/mSwIXq,406.000,ypRHeJN96V+IYc8+,407.000,ZZSRbgtLV45pMDud,412.000,YA6NSwJLWSGrWC37,444.000,Hy4Qx5+KlX+FgTnc
6,11,2026-04-03T17:44:35.691Z,407.000,10,325.000,aduDerLtWfY1irdE,365.000,Hy4Qx5+KlX+FgTnc,397.000,ypRHeJN96V+IYc8+,403.000,dlBlrVuNwvSQ7Ty0,405.000,a7tnbcYnfLwVKUyE,406.000,BA6zCT53nGgzl67L,407.000,s2mLF9K9O/mSwIXq,409.000,ZZSRbgtLV45pMDud,410.000,YA6NSwJLWSGrWC37,411.000,w6o/1KDk4bQJjnKe
6,12,2026-04-03T17:44:36.098Z,404.000,10,323.000,aduDerLtWfY1irdE,388.000,dlBlrVuNwvSQ7Ty0,394.000,w6o/1KDk4bQJjnKe,399.000,ZZSRbgtLV45pMDud,401.000,s2mLF9K9O/mSwIXq,402.000,YA6NSwJLWSGrWC37,403.000,Hy4Qx5+KlX+FgTnc,405.000,BA6zCT53nGgzl67L,408.000,ypRHeJN96V+IYc8+,410.000,a7tnbcYnfLwVKUyE
6,13,2026-04-03T17:44:36.502Z,405.000,10,326.000,aduDerLtWfY1irdE,365.000,Hy4Qx5+KlX+FgTnc,398.000,YA6NSwJLWSGrWC37,400.000,a7tnbcYnfLwVKUyE,401.000,dlBlrVuNwvSQ7Ty0,402.000,BA6zCT53nGgzl67L,405.000,ypRHeJN96V+IYc8+,408.000,w6o/1KDk4bQJjnKe,411.000,s2mLF9K9O/mSwIXq,415.000,ZZSRbgtLV45pMDud
6,14,2026-04-03T17:44:36.907Z,408.000,10,327.000,aduDerLtWfY1irdE,399.000,a7tnbcYnfLwVKUyE,402.000,ypRHeJN96V+IYc8+,403.000,YA6NSwJLWSGrWC37,405.000,w6o/1KDk4bQJjnKe,406.000,s2mLF9K9O/mSwIXq,408.000,Hy4Qx5+KlX+FgTnc,409.000,ZZSRbgtLV45pMDud,411.000,BA6zCT53nGgzl67L,412.000,dlBlrVuNwvSQ7Ty0
6,15,2026-04-03T17:44:37.315Z,404.000,10,322.000,aduDerLtWfY1irdE,397.000,ZZSRbgtLV45pMDud,399.000,YA6NSwJLWSGrWC37,400.000,w6o/1KDk4bQJjnKe,402.000,ypRHeJN96V+IYc8+,403.000,dlBlrVuNwvSQ7Ty0,404.000,s2mLF9K9O/mSwIXq,405.000,BA6zCT53nGgzl67L,407.000,Hy4Qx5+KlX+FgTnc,408.000,a7tnbcYnfLwVKUyE
6,16,2026-04-03T17:44:37.719Z,409.000,10,324.000,aduDerLtWfY1irdE,399.000,dlBlrVuNwvSQ7Ty0,401.000,YA6NSwJLWSGrWC37,403.000,a7tnbcYnfLwVKUyE,406.000,s2mLF9K9O/mSwIXq,407.000,w6o/1KDk4bQJjnKe,409.000,ypRHeJN96V+IYc8+,410.000,ZZSRbgtLV45pMDud,412.000,BA6zCT53nGgzl67L,414.000,Hy4Qx5+KlX+FgTnc
6,17,2026-04-03T17:44:38.128Z,403.000,10,322.000,aduDerLtWfY1irdE,394.000,ypRHeJN96V+IYc8+,398.000,a7tnbcYnfLwVKUyE,399.000,Hy4Qx5+KlX+FgTnc,400.000,YA6NSwJLWSGrWC37,402.000,ZZSRbgtLV45pMDud,403.000,BA6zCT53nGgzl67L,405.000,dlBlrVuNwvSQ7Ty0,406.000,s2mLF9K9O/mSwIXq,408.000,w6o/1KDk4bQJjnKe
6,18,2026-04-03T17:44:38.531Z,403.000,10,323.000,aduDerLtWfY1irdE,395.000,dlBlrVuNwvSQ7Ty0,396.000,YA6NSwJLWSGrWC37,398.000,a7tnbcYnfLwVKUyE,400.000,Hy4Qx5+KlX+FgTnc,401.000,ZZSRbgtLV45pMDud,402.000,w6o/1KDk4bQJjnKe,404.000,BA6zCT53nGgzl67L,405.000,s2mLF9K9O/mSwIXq,414.000,ypRHeJN96V+IYc8+
6,19,2026-04-03T17:44:38.934Z,410.000,10,325.000,aduDerLtWfY1irdE,396.000,s2mLF9K9O/mSwIXq,401.000,ypRHeJN96V+IYc8+,404.000,a7tnbcYnfLwVKUyE,405.000,BA6zCT53nGgzl67L,407.000,ZZSRbgtLV45pMDud,409.000,w6o/1KDk4bQJjnKe,411.000,dlBlrVuNwvSQ7Ty0,416.000,YA6NSwJLWSGrWC37,417.000,Hy4Qx5+KlX+FgTnc
6,20,2026-04-03T17:44:39.344Z,403.000,10,322.000,aduDerLtWfY1irdE,395.000,YA6NSwJLWSGrWC37,397.000,ypRHeJN96V+IYc8+,398.000,BA6zCT53nGgzl67L,399.000,ZZSRbgtLV45pMDud,401.000,s2mLF9K9O/mSwIXq,403.000,w6o/1KDk4bQJjnKe,405.000,dlBlrVuNwvSQ7Ty0,406.000,a7tnbcYnfLwVKUyE,407.000,Hy4Qx5+KlX+FgTnc
6,21,2026-04-03T17:44:39.747Z,407.000,10,323.000,aduDerLtWfY1irdE,397.000,ypRHeJN96V+IYc8+,401.000,ZZSRbgtLV45pMDud,403.000,BA6zCT53nGgzl67L,404.000,dlBlrVuNwvSQ7Ty0,405.000,a7tnbcYnfLwVKUyE,407.000,w6o/1KDk4bQJjnKe,408.000,s2mLF9K9O/mSwIXq,409.000,YA6NSwJLWSGrWC37,410.000,Hy4Qx5+KlX+FgTnc
6,22,2026-04-03T17:44:40.154Z,409.000,10,325.000,aduDerLtWfY1irdE,390.000,s2mLF9K9O/mSwIXq,401.000,w6o/1KDk4bQJjnKe,405.000,Hy4Qx5+KlX+FgTnc,406.000,YA6NSwJLWSGrWC37,407.000,dlBlrVuNwvSQ7Ty0,409.000,a7tnbcYnfLwVKUyE,410.000,ZZSRbgtLV45pMDud,411.000,BA6zCT53nGgzl67L,413.000,ypRHeJN96V+IYc8+
6,23,2026-04-03T17:44:40.563Z,398.000,10,319.000,aduDerLtWfY1irdE,392.000,ZZSRbgtLV45pMDud,395.000,ypRHeJN96V+IYc8+,397.000,BA6zCT53nGgzl67L,397.000,a7tnbcYnfLwVKUyE,398.000,dlBlrVuNwvSQ7Ty0,398.000,Hy4Qx5+KlX+FgTnc,400.000,s2mLF9K9O/mSwIXq,401.000,w6o/1KDk4bQJjnKe,402.000,YA6NSwJLWSGrWC37
6,24,2026-04-03T17:44:40.961Z,411.000,10,330.000,aduDerLtWfY1irdE,401.000,dlBlrVuNwvSQ7Ty0,406.000,BA6zCT53nGgzl67L,407.000,ZZSRbgtLV45pMDud,408.000,a7tnbcYnfLwVKUyE,410.000,s2mLF9K9O/mSwIXq,411.000,Hy4Qx5+KlX+FgTnc,416.000,w6o/1KDk4bQJjnKe,417.000,ypRHeJN96V+IYc8+,418.000,YA6NSwJLWSGrWC37
6,25,2026-04-03T17:44:41.372Z,404.000,10,323.000,aduDerLtWfY1irdE,394.000,BA6zCT53nGgzl67L,399.000,Hy4Qx5+KlX+FgTnc,400.000,ypRHeJN96V+IYc8+,402.000,w6o/1KDk4bQJjnKe,403.000,dlBlrVuNwvSQ7Ty0,404.000,YA6NSwJLWSGrWC37,405.000,s2mLF9K9O/mSwIXq,407.000,ZZSRbgtLV45pMDud,410.000,a7tnbcYnfLwVKUyE
6,26,2026-04-03T17:44:41.776Z,406.000,10,326.000,aduDerLtWfY1irdE,399.000,ZZSRbgtLV45pMDud,400.000,ypRHeJN96V+IYc8+,402.000,s2mLF9K9O/mSwIXq,403.000,dlBlrVuNwvSQ7Ty0,405.000,YA6NSwJLWSGrWC37,406.000,BA6zCT53nGgzl67L,408.000,Hy4Qx5+KlX+FgTnc,409.000,w6o/1KDk4bQJjnKe,411.000,a7tnbcYnfLwVKUyE
6,27,2026-04-03T17:44:42.182Z,412.000,10,330.000,aduDerLtWfY1irdE,401.000,BA6zCT53nGgzl67L,402.000,dlBlrVuNwvSQ7Ty0,404.000,a7tnbcYnfLwVKUyE,409.000,w6o/1KDk4bQJjnKe,410.000,YA6NSwJLWSGrWC37,412.000,ZZSRbgtLV45pMDud,413.000,ypRHeJN96V+IYc8+,414.000,Hy4Qx5+KlX+FgTnc,417.000,s2mLF9K9O/mSwIXq
6,28,2026-04-03T17:44:42.594Z,401.000,10,321.000,aduDerLtWfY1irdE,394.000,BA6zCT53nGgzl67L,396.000,ypRHeJN96V+IYc8+,397.000,a7tnbcYnfLwVKUyE,398.000,w6o/1KDk4bQJjnKe,400.000,dlBlrVuNwvSQ7Ty0,401.000,s2mLF9K9O/mSwIXq,402.000,ZZSRbgtLV45pMDud,403.000,YA6NSwJLWSGrWC37,405.000,Hy4Qx5+KlX+FgTnc
6,29,2026-04-03T17:44:42.995Z,405.000,10,322.000,aduDerLtWfY1irdE,392.000,Hy4Qx5+KlX+FgTnc,400.000,s2mLF9K9O/mSwIXq,401.000,w6o/1KDk4bQJjnKe,402.000,ZZSRbgtLV45pMDud,404.000,ypRHeJN96V+IYc8+,405.000,dlBlrVuNwvSQ7Ty0,406.000,YA6NSwJLWSGrWC37,408.000,BA6zCT53nGgzl67L,409.000,a7tnbcYnfLwVKUyE
6,30,2026-04-03T17:44:43.400Z,407.000,10,327.000,aduDerLtWfY1irdE,394.000,Hy4Qx5+KlX+FgTnc,397.000,ZZSRbgtLV45pMDud,403.000,s2mLF9K9O/mSwIXq,404.000,w6o/1KDk4bQJjnKe,406.000,dlBlrVuNwvSQ7Ty0,407.000,BA6zCT53nGgzl67L,408.000,ypRHeJN96V+IYc8+,411.000,YA6NSwJLWSGrWC37,421.000,a7tnbcYnfLwVKUyE
6,31,2026-04-03T17:44:43.807Z,407.000,10,325.000,aduDerLtWfY1irdE,400.000,Hy4Qx5+KlX+FgTnc,401.000,ZZSRbgtLV45pMDud,403.000,s2mLF9K9O/mSwIXq,404.000,a7tnbcYnfLwVKUyE,405.000,dlBlrVuNwvSQ7Ty0,407.000,w6o/1KDk4bQJjnKe,409.000,ypRHeJN96V+IYc8+,410.000,BA6zCT53nGgzl67L,411.000,YA6NSwJLWSGrWC37
6,32,2026-04-03T17:44:44.214Z,406.000,10,325.000,aduDerLtWfY1irdE,396.000,YA6NSwJLWSGrWC37,401.000,dlBlrVuNwvSQ7Ty0,402.000,ZZSRbgtLV45pMDud,403.000,s2mLF9K9O/mSwIXq,404.000,a7tnbcYnfLwVKUyE,406.000,ypRHeJN96V+IYc8+,407.000,Hy4Qx5+KlX+FgTnc,408.000,BA6zCT53nGgzl67L,409.000,w6o/1KDk4bQJjnKe
6,33,2026-04-03T17:44:44.620Z,405.000,10,322.000,aduDerLtWfY1irdE,395.000,ZZSRbgtLV45pMDud,398.000,s2mLF9K9O/mSwIXq,400.000,w6o/1KDk4bQJjnKe,402.000,YA6NSwJLWSGrWC37,403.000,BA6zCT53nGgzl67L,405.000,dlBlrVuNwvSQ7Ty0,406.000,a7tnbcYnfLwVKUyE,409.000,ypRHeJN96V+IYc8+,411.000,Hy4Qx5+KlX+FgTnc
6,34,2026-04-03T17:44:45.025Z,408.000,10,324.000,aduDerLtWfY1irdE,401.000,ZZSRbgtLV45pMDud,402.000,BA6zCT53nGgzl67L,403.000,ypRHeJN96V+IYc8+,405.000,s2mLF9K9O/mSwIXq,406.000,Hy4Qx5+KlX+FgTnc,407.000,a7tnbcYnfLwVKUyE,409.000,dlBlrVuNwvSQ7Ty0,410.000,w6o/1KDk4bQJjnKe,411.000,YA6NSwJLWSGrWC37
6,35,2026-04-03T17:44:45.433Z,405.000,10,323.000,aduDerLtWfY1irdE,394.000,s2mLF9K9O/mSwIXq,398.000,w6o/1KDk4bQJjnKe,400.000,ypRHeJN96V+IYc8+,401.000,BA6zCT53nGgzl67L,404.000,Hy4Qx5+KlX+FgTnc,405.000,a7tnbcYnfLwVKUyE,406.000,dlBlrVuNwvSQ7Ty0,408.000,YA6NSwJLWSGrWC37,410.000,ZZSRbgtLV45pMDud
6,36,2026-04-03T17:44:45.838Z,404.000,10,321.000,aduDerLtWfY1irdE,391.000,dlBlrVuNwvSQ7Ty0,396.000,ypRHeJN96V+IYc8+,400.000,BA6zCT53nGgzl67L,401.000,a7tnbcYnfLwVKUyE,403.000,YA6NSwJLWSGrWC37,404.000,ZZSRbgtLV45pMDud,405.000,Hy4Qx5+KlX+FgTnc,407.000,s2mLF9K9O/mSwIXq,409.000,w6o/1KDk4bQJjnKe
6,37,2026-04-03T17:44:46.242Z,408.000,10,324.000,aduDerLtWfY1irdE,399.000,dlBlrVuNwvSQ7Ty0,401.000,Hy4Qx5+KlX+FgTnc,403.000,BA6zCT53nGgzl67L,404.000,ZZSRbgtLV45pMDud,405.000,w6o/1KDk4bQJjnKe,408.000,YA6NSwJLWSGrWC37,409.000,s2mLF9K9O/mSwIXq,411.000,ypRHeJN96V+IYc8+,412.000,a7tnbcYnfLwVKUyE
6,38,2026-04-03T17:44:46.650Z,521.000,9,389.000,aduDerLtWfY1irdE,416.000,YA6NSwJLWSGrWC37,425.000,Hy4Qx5+KlX+FgTnc,432.000,ZZSRbgtLV45pMDud,435.000,BA6zCT53nGgzl67L,514.000,s2mLF9K9O/mSwIXq,520.000,w6o/1KDk4bQJjnKe,573.000,a7tnbcYnfLwVKUyE,821.000,ypRHeJN96V+IYc8+,,
6,39,2026-04-03T17:44:47.171Z,888.000,9,734.000,w6o/1KDk4bQJjnKe,769.000,dlBlrVuNwvSQ7Ty0,807.000,s2mLF9K9O/mSwIXq,828.000,a7tnbcYnfLwVKUyE,842.000,aduDerLtWfY1irdE,870.000,YA6NSwJLWSGrWC37,886.000,ZZSRbgtLV45pMDud,908.000,BA6zCT53nGgzl67L,1026.000,Hy4Qx5+KlX+FgTnc,,
6,40,2026-04-03T17:44:48.059Z,916.000,9,646.000,aduDerLtWfY1irdE,686.000,Hy4Qx5+KlX+FgTnc,718.000,dlBlrVuNwvSQ7Ty0,806.000,a7tnbcYnfLwVKUyE,846.000,ZZSRbgtLV45pMDud,877.000,s2mLF9K9O/mSwIXq,907.000,BA6zCT53nGgzl67L,937.000,w6o/1KDk4bQJjnKe,1082.000,YA6NSwJLWSGrWC37,,
6,41,2026-04-03T17:44:48.975Z,1873.000,9,913.000,aduDerLtWfY1irdE,1021.000,YA6NSwJLWSGrWC37,1063.000,ZZSRbgtLV45pMDud,1100.000,Hy4Qx5+KlX+FgTnc,1157.000,dlBlrVuNwvSQ7Ty0,1265.000,w6o/1KDk4bQJjnKe,1853.000,s2mLF9K9O/mSwIXq,1898.000,BA6zCT53nGgzl67L,2024.000,a7tnbcYnfLwVKUyE,,
6,42,2026-04-03T17:44:50.848Z,1874.000,9,1128.000,BA6zCT53nGgzl67L,1184.000,s2mLF9K9O/mSwIXq,1214.000,aduDerLtWfY1irdE,1287.000,a7tnbcYnfLwVKUyE,1396.000,Hy4Qx5+KlX+FgTnc,1556.000,ZZSRbgtLV45pMDud,1850.000,dlBlrVuNwvSQ7Ty0,1926.000,YA6NSwJLWSGrWC37,2139.000,w6o/1KDk4bQJjnKe,,
6,43,2026-04-03T17:44:52.722Z,2739.000,9,1528.000,aduDerLtWfY1irdE,1815.000,dlBlrVuNwvSQ7Ty0,2159.000,YA6NSwJLWSGrWC37,2266.000,ZZSRbgtLV45pMDud,2363.000,Hy4Qx5+KlX+FgTnc,2460.000,a7tnbcYnfLwVKUyE,2689.000,s2mLF9K9O/mSwIXq,3021.000,w6o/1KDk4bQJjnKe,9098.000,BA6zCT53nGgzl67L,,
6,44,2026-04-03T17:44:55.461Z,,0,,,,,,,,,,,,,,,,,,,,
7,1,2026-04-03T17:44:28.275Z,3613.000,7,991.000,dlBlrVuNwvSQ7Ty0,1216.000,a7tnbcYnfLwVKUyE,2287.000,aduDerLtWfY1irdE,2531.000,w6o/1KDk4bQJjnKe,3165.000,s2mLF9K9O/mSwIXq,3244.000,BA6zCT53nGgzl67L,6032.000,ypRHeJN96V+IYc8+,,,,,,
7,2,2026-04-03T17:44:31.888Z,604.000,8,0.000,a7tnbcYnfLwVKUyE,3.000,BA6zCT53nGgzl67L,4.000,w6o/1KDk4bQJjnKe,2.000,dlBlrVuNwvSQ7Ty0,88.000,aduDerLtWfY1irdE,286.000,s2mLF9K9O/mSwIXq,604.000,YA6NSwJLWSGrWC37,2421.000,ypRHeJN96V+IYc8+,,,,
7,3,2026-04-03T17:44:32.492Z,471.000,9,124.000,a7tnbcYnfLwVKUyE,125.000,dlBlrVuNwvSQ7Ty0,125.000,w6o/1KDk4bQJjnKe,125.000,BA6zCT53nGgzl67L,209.000,aduDerLtWfY1irdE,289.000,s2mLF9K9O/mSwIXq,471.000,YA6NSwJLWSGrWC37,529.000,ZZSRbgtLV45pMDud,1819.000,ypRHeJN96V+IYc8+,,
7,4,2026-04-03T17:44:32.963Z,350.000,10,227.000,dlBlrVuNwvSQ7Ty0,228.000,ZZSRbgtLV45pMDud,229.000,w6o/1KDk4bQJjnKe,231.000,BA6zCT53nGgzl67L,232.000,a7tnbcYnfLwVKUyE,249.000,aduDerLtWfY1irdE,350.000,s2mLF9K9O/mSwIXq,440.000,YA6NSwJLWSGrWC37,1350.000,ypRHeJN96V+IYc8+,913.000,Hy4Qx5+KlX+FgTnc
7,5,2026-04-03T17:44:33.313Z,370.000,10,287.000,s2mLF9K9O/mSwIXq,361.000,BA6zCT53nGgzl67L,362.000,dlBlrVuNwvSQ7Ty0,364.000,aduDerLtWfY1irdE,365.000,a7tnbcYnfLwVKUyE,366.000,ZZSRbgtLV45pMDud,369.000,w6o/1KDk4bQJjnKe,448.000,YA6NSwJLWSGrWC37,1001.000,ypRHeJN96V+IYc8+,769.000,Hy4Qx5+KlX+FgTnc
7,6,2026-04-03T17:44:33.683Z,384.000,10,300.000,s2mLF9K9O/mSwIXq,373.000,aduDerLtWfY1irdE,374.000,BA6zCT53nGgzl67L,374.000,w6o/1KDk4bQJjnKe,375.000,a7tnbcYnfLwVKUyE,381.000,ZZSRbgtLV45pMDud,384.000,dlBlrVuNwvSQ7Ty0,436.000,YA6NSwJLWSGrWC37,649.000,Hy4Qx5+KlX+FgTnc,760.000,ypRHeJN96V+IYc8+
7,7,2026-04-03T17:44:34.067Z,401.000,10,318.000,s2mLF9K9O/mSwIXq,365.000,YA6NSwJLWSGrWC37,393.000,ZZSRbgtLV45pMDud,395.000,ypRHeJN96V+IYc8+,397.000,a7tnbcYnfLwVKUyE,400.000,dlBlrVuNwvSQ7Ty0,401.000,BA6zCT53nGgzl67L,403.000,w6o/1KDk4bQJjnKe,407.000,aduDerLtWfY1irdE,550.000,Hy4Qx5+KlX+FgTnc
7,8,2026-04-03T17:44:34.468Z,409.000,9,328.000,s2mLF9K9O/mSwIXq,369.000,YA6NSwJLWSGrWC37,399.000,ypRHeJN96V+IYc8+,402.000,dlBlrVuNwvSQ7Ty0,403.000,a7tnbcYnfLwVKUyE,404.000,aduDerLtWfY1irdE,409.000,BA6zCT53nGgzl67L,411.000,ZZSRbgtLV45pMDud,417.000,w6o/1KDk4bQJjnKe,,
7,9,2026-04-03T17:44:34.877Z,409.000,10,328.000,s2mLF9K9O/mSwIXq,370.000,YA6NSwJLWSGrWC37,399.000,ypRHeJN96V+IYc8+,402.000,w6o/1KDk4bQJjnKe,406.000,dlBlrVuNwvSQ7Ty0,408.000,a7tnbcYnfLwVKUyE,409.000,BA6zCT53nGgzl67L,410.000,aduDerLtWfY1irdE,412.000,ZZSRbgtLV45pMDud,443.000,Hy4Qx5+KlX+FgTnc
7,10,2026-04-03T17:44:35.286Z,404.000,10,322.000,s2mLF9K9O/mSwIXq,366.000,Hy4Qx5+KlX+FgTnc,398.000,aduDerLtWfY1irdE,399.000,BA6zCT53nGgzl67L,400.000,w6o/1KDk4bQJjnKe,402.000,dlBlrVuNwvSQ7Ty0,403.000,a7tnbcYnfLwVKUyE,405.000,ZZSRbgtLV45pMDud,406.000,ypRHeJN96V+IYc8+,452.000,YA6NSwJLWSGrWC37
7,11,2026-04-03T17:44:35.690Z,406.000,10,326.000,s2mLF9K9O/mSwIXq,371.000,Hy4Qx5+KlX+FgTnc,398.000,BA6zCT53nGgzl67L,400.000,ypRHeJN96V+IYc8+,403.000,aduDerLtWfY1irdE,404.000,ZZSRbgtLV45pMDud,406.000,a7tnbcYnfLwVKUyE,407.000,dlBlrVuNwvSQ7Ty0,408.000,w6o/1KDk4bQJjnKe,410.000,YA6NSwJLWSGrWC37
7,12,2026-04-03T17:44:36.096Z,409.000,10,326.000,s2mLF9K9O/mSwIXq,393.000,dlBlrVuNwvSQ7Ty0,402.000,ZZSRbgtLV45pMDud,405.000,w6o/1KDk4bQJjnKe,406.000,BA6zCT53nGgzl67L,407.000,ypRHeJN96V+IYc8+,409.000,aduDerLtWfY1irdE,410.000,YA6NSwJLWSGrWC37,411.000,a7tnbcYnfLwVKUyE,415.000,Hy4Qx5+KlX+FgTnc
7,13,2026-04-03T17:44:36.505Z,402.000,10,321.000,s2mLF9K9O/mSwIXq,363.000,Hy4Qx5+KlX+FgTnc,392.000,a7tnbcYnfLwVKUyE,393.000,BA6zCT53nGgzl67L,399.000,dlBlrVuNwvSQ7Ty0,401.000,ZZSRbgtLV45pMDud,402.000,w6o/1KDk4bQJjnKe,403.000,aduDerLtWfY1irdE,405.000,YA6NSwJLWSGrWC37,407.000,ypRHeJN96V+IYc8+
7,14,2026-04-03T17:44:36.907Z,405.000,10,324.000,s2mLF9K9O/mSwIXq,370.000,Hy4Qx5+KlX+FgTnc,397.000,BA6zCT53nGgzl67L,400.000,ZZSRbgtLV45pMDud,402.000,a7tnbcYnfLwVKUyE,404.000,aduDerLtWfY1irdE,405.000,ypRHeJN96V+IYc8+,406.000,w6o/1KDk4bQJjnKe,408.000,YA6NSwJLWSGrWC37,409.000,dlBlrVuNwvSQ7Ty0
7,15,2026-04-03T17:44:37.312Z,407.000,10,327.000,s2mLF9K9O/mSwIXq,398.000,w6o/1KDk4bQJjnKe,400.000,BA6zCT53nGgzl67L,401.000,dlBlrVuNwvSQ7Ty0,403.000,ZZSRbgtLV45pMDud,404.000,aduDerLtWfY1irdE,407.000,ypRHeJN96V+IYc8+,410.000,YA6NSwJLWSGrWC37,414.000,a7tnbcYnfLwVKUyE,417.000,Hy4Qx5+KlX+FgTnc
7,16,2026-04-03T17:44:37.719Z,407.000,10,324.000,s2mLF9K9O/mSwIXq,399.000,w6o/1KDk4bQJjnKe,402.000,ypRHeJN96V+IYc8+,403.000,aduDerLtWfY1irdE,405.000,YA6NSwJLWSGrWC37,406.000,Hy4Qx5+KlX+FgTnc,407.000,dlBlrVuNwvSQ7Ty0,410.000,ZZSRbgtLV45pMDud,412.000,BA6zCT53nGgzl67L,413.000,a7tnbcYnfLwVKUyE
7,17,2026-04-03T17:44:38.126Z,405.000,10,322.000,s2mLF9K9O/mSwIXq,398.000,YA6NSwJLWSGrWC37,400.000,ZZSRbgtLV45pMDud,401.000,w6o/1KDk4bQJjnKe,402.000,a7tnbcYnfLwVKUyE,403.000,Hy4Qx5+KlX+FgTnc,405.000,dlBlrVuNwvSQ7Ty0,406.000,ypRHeJN96V+IYc8+,407.000,aduDerLtWfY1irdE,415.000,BA6zCT53nGgzl67L
7,18,2026-04-03T17:44:38.531Z,408.000,10,324.000,s2mLF9K9O/mSwIXq,399.000,BA6zCT53nGgzl67L,400.000,YA6NSwJLWSGrWC37,404.000,ZZSRbgtLV45pMDud,405.000,ypRHeJN96V+IYc8+,407.000,aduDerLtWfY1irdE,408.000,dlBlrVuNwvSQ7Ty0,410.000,Hy4Qx5+KlX+FgTnc,411.000,w6o/1KDk4bQJjnKe,413.000,a7tnbcYnfLwVKUyE
7,19,2026-04-03T17:44:38.939Z,402.000,10,320.000,s2mLF9K9O/mSwIXq,396.000,aduDerLtWfY1irdE,397.000,BA6zCT53nGgzl67L,398.000,dlBlrVuNwvSQ7Ty0,399.000,Hy4Qx5+KlX+FgTnc,401.000,ypRHeJN96V+IYc8+,402.000,a7tnbcYnfLwVKUyE,403.000,w6o/1KDk4bQJjnKe,408.000,ZZSRbgtLV45pMDud,410.000,YA6NSwJLWSGrWC37
7,20,2026-04-03T17:44:39.341Z,408.000,10,325.000,s2mLF9K9O/mSwIXq,401.000,ZZSRbgtLV45pMDud,403.000,ypRHeJN96V+IYc8+,404.000,dlBlrVuNwvSQ7Ty0,405.000,a7tnbcYnfLwVKUyE,406.000,w6o/1KDk4bQJjnKe,408.000,aduDerLtWfY1irdE,410.000,YA6NSwJLWSGrWC37,411.000,Hy4Qx5+KlX+FgTnc,413.000,BA6zCT53nGgzl67L
7,21,2026-04-03T17:44:39.749Z,403.000,10,320.000,s2mLF9K9O/mSwIXq,395.000,dlBlrVuNwvSQ7Ty0,396.000,aduDerLtWfY1irdE,398.000,ZZSRbgtLV45pMDud,400.000,ypRHeJN96V+IYc8+,401.000,BA6zCT53nGgzl67L,402.000,a7tnbcYnfLwVKUyE,404.000,YA6NSwJLWSGrWC37,406.000,w6o/1KDk4bQJjnKe,411.000,Hy4Qx5+KlX+FgTnc
7,22,2026-04-03T17:44:40.152Z,409.000,10,327.000,s2mLF9K9O/mSwIXq,402.000,w6o/1KDk4bQJjnKe,404.000,YA6NSwJLWSGrWC37,405.000,ZZSRbgtLV45pMDud,407.000,ypRHeJN96V+IYc8+,408.000,aduDerLtWfY1irdE,409.000,a7tnbcYnfLwVKUyE,410.000,dlBlrVuNwvSQ7Ty0,412.000,BA6zCT53nGgzl67L,413.000,Hy4Qx5+KlX+FgTnc
7,23,2026-04-03T17:44:40.561Z,406.000,10,325.000,s2mLF9K9O/mSwIXq,395.000,a7tnbcYnfLwVKUyE,401.000,YA6NSwJLWSGrWC37,402.000,dlBlrVuNwvSQ7Ty0,403.000,w6o/1KDk4bQJjnKe,405.000,ZZSRbgtLV45pMDud,406.000,Hy4Qx5+KlX+FgTnc,409.000,ypRHeJN96V+IYc8+,410.000,BA6zCT53nGgzl67L,411.000,aduDerLtWfY1irdE
7,24,2026-04-03T17:44:40.967Z,408.000,10,324.000,s2mLF9K9O/mSwIXq,387.000,aduDerLtWfY1irdE,396.000,ypRHeJN96V+IYc8+,403.000,a7tnbcYnfLwVKUyE,405.000,dlBlrVuNwvSQ7Ty0,406.000,BA6zCT53nGgzl67L,408.000,ZZSRbgtLV45pMDud,409.000,YA6NSwJLWSGrWC37,410.000,Hy4Qx5+KlX+FgTnc,411.000,w6o/1KDk4bQJjnKe
7,25,2026-04-03T17:44:41.375Z,406.000,10,321.000,s2mLF9K9O/mSwIXq,395.000,Hy4Qx5+KlX+FgTnc,400.000,a7tnbcYnfLwVKUyE,401.000,w6o/1KDk4bQJjnKe,402.000,BA6zCT53nGgzl67L,403.000,YA6NSwJLWSGrWC37,406.000,aduDerLtWfY1irdE,408.000,ZZSRbgtLV45pMDud,409.000,dlBlrVuNwvSQ7Ty0,410.000,ypRHeJN96V+IYc8+
7,26,2026-04-03T17:44:41.781Z,408.000,10,325.000,s2mLF9K9O/mSwIXq,396.000,BA6zCT53nGgzl67L,397.000,ZZSRbgtLV45pMDud,398.000,Hy4Qx5+KlX+FgTnc,400.000,dlBlrVuNwvSQ7Ty0,406.000,w6o/1KDk4bQJjnKe,407.000,a7tnbcYnfLwVKUyE,409.000,aduDerLtWfY1irdE,410.000,ypRHeJN96V+IYc8+,411.000,YA6NSwJLWSGrWC37
7,27,2026-04-03T17:44:42.189Z,404.000,10,319.000,s2mLF9K9O/mSwIXq,394.000,Hy4Qx5+KlX+FgTnc,397.000,ZZSRbgtLV45pMDud,399.000,w6o/1KDk4bQJjnKe,402.000,BA6zCT53nGgzl67L,403.000,ypRHeJN96V+IYc8+,404.000,a7tnbcYnfLwVKUyE,405.000,aduDerLtWfY1irdE,406.000,dlBlrVuNwvSQ7Ty0,408.000,YA6NSwJLWSGrWC37
7,28,2026-04-03T17:44:42.593Z,403.000,10,322.000,s2mLF9K9O/mSwIXq,391.000,dlBlrVuNwvSQ7Ty0,397.000,w6o/1KDk4bQJjnKe,399.000,a7tnbcYnfLwVKUyE,400.000,YA6NSwJLWSGrWC37,402.000,Hy4Qx5+KlX+FgTnc,403.000,ypRHeJN96V+IYc8+,404.000,BA6zCT53nGgzl67L,408.000,aduDerLtWfY1irdE,411.000,ZZSRbgtLV45pMDud
7,29,2026-04-03T17:44:42.996Z,410.000,10,326.000,s2mLF9K9O/mSwIXq,397.000,ypRHeJN96V+IYc8+,402.000,aduDerLtWfY1irdE,404.000,Hy4Qx5+KlX+FgTnc,405.000,ZZSRbgtLV45pMDud,408.000,YA6NSwJLWSGrWC37,410.000,dlBlrVuNwvSQ7Ty0,411.000,a7tnbcYnfLwVKUyE,412.000,w6o/1KDk4bQJjnKe,416.000,BA6zCT53nGgzl67L
7,30,2026-04-03T17:44:43.406Z,404.000,10,320.000,s2mLF9K9O/mSwIXq,393.000,ZZSRbgtLV45pMDud,398.000,ypRHeJN96V+IYc8+,401.000,aduDerLtWfY1irdE,402.000,YA6NSwJLWSGrWC37,403.000,BA6zCT53nGgzl67L,404.000,Hy4Qx5+KlX+FgTnc,405.000,dlBlrVuNwvSQ7Ty0,407.000,w6o/1KDk4bQJjnKe,409.000,a7tnbcYnfLwVKUyE
7,31,2026-04-03T17:44:43.810Z,401.000,10,321.000,s2mLF9K9O/mSwIXq,394.000,BA6zCT53nGgzl67L,395.000,ZZSRbgtLV45pMDud,396.000,dlBlrVuNwvSQ7Ty0,398.000,YA6NSwJLWSGrWC37,400.000,ypRHeJN96V+IYc8+,401.000,aduDerLtWfY1irdE,403.000,w6o/1KDk4bQJjnKe,405.000,Hy4Qx5+KlX+FgTnc,407.000,a7tnbcYnfLwVKUyE
7,32,2026-04-03T17:44:44.211Z,407.000,10,326.000,s2mLF9K9O/mSwIXq,397.000,Hy4Qx5+KlX+FgTnc,400.000,YA6NSwJLWSGrWC37,403.000,w6o/1KDk4bQJjnKe,405.000,ypRHeJN96V+IYc8+,406.000,aduDerLtWfY1irdE,407.000,ZZSRbgtLV45pMDud,413.000,BA6zCT53nGgzl67L,414.000,a7tnbcYnfLwVKUyE,420.000,dlBlrVuNwvSQ7Ty0
7,33,2026-04-03T17:44:44.618Z,408.000,10,325.000,s2mLF9K9O/mSwIXq,396.000,BA6zCT53nGgzl67L,403.000,dlBlrVuNwvSQ7Ty0,404.000,Hy4Qx5+KlX+FgTnc,406.000,w6o/1KDk4bQJjnKe,407.000,aduDerLtWfY1irdE,408.000,ZZSRbgtLV45pMDud,409.000,a7tnbcYnfLwVKUyE,411.000,YA6NSwJLWSGrWC37,412.000,ypRHeJN96V+IYc8+
7,34,2026-04-03T17:44:45.026Z,405.000,10,323.000,s2mLF9K9O/mSwIXq,394.000,Hy4Qx5+KlX+FgTnc,398.000,w6o/1KDk4bQJjnKe,399.000,dlBlrVuNwvSQ7Ty0,401.000,YA6NSwJLWSGrWC37,404.000,ypRHeJN96V+IYc8+,405.000,ZZSRbgtLV45pMDud,406.000,aduDerLtWfY1irdE,408.000,BA6zCT53nGgzl67L,415.000,a7tnbcYnfLwVKUyE
7,35,2026-04-03T17:44:45.431Z,407.000,10,324.000,s2mLF9K9O/mSwIXq,395.000,YA6NSwJLWSGrWC37,398.000,w6o/1KDk4bQJjnKe,402.000,dlBlrVuNwvSQ7Ty0,404.000,ypRHeJN96V+IYc8+,405.000,Hy4Qx5+KlX+FgTnc,406.000,BA6zCT53nGgzl67L,408.000,a7tnbcYnfLwVKUyE,411.000,aduDerLtWfY1irdE,415.000,ZZSRbgtLV45pMDud
7,36,2026-04-03T17:44:45.838Z,405.000,10,323.000,s2mLF9K9O/mSwIXq,392.000,a7tnbcYnfLwVKUyE,398.000,dlBlrVuNwvSQ7Ty0,400.000,Hy4Qx5+KlX+FgTnc,402.000,BA6zCT53nGgzl67L,403.000,YA6NSwJLWSGrWC37,404.000,aduDerLtWfY1irdE,406.000,ypRHeJN96V+IYc8+,407.000,ZZSRbgtLV45pMDud,408.000,w6o/1KDk4bQJjnKe
7,37,2026-04-03T17:44:46.243Z,408.000,10,325.000,s2mLF9K9O/mSwIXq,399.000,dlBlrVuNwvSQ7Ty0,402.000,Hy4Qx5+KlX+FgTnc,404.000,ypRHeJN96V+IYc8+,406.000,a7tnbcYnfLwVKUyE,407.000,w6o/1KDk4bQJjnKe,408.000,BA6zCT53nGgzl67L,410.000,aduDerLtWfY1irdE,411.000,ZZSRbgtLV45pMDud,412.000,YA6NSwJLWSGrWC37
7,38,2026-04-03T17:44:46.651Z,546.000,9,433.000,BA6zCT53nGgzl67L,458.000,s2mLF9K9O/mSwIXq,495.000,Hy4Qx5+KlX+FgTnc,496.000,YA6NSwJLWSGrWC37,500.000,aduDerLtWfY1irdE,506.000,ZZSRbgtLV45pMDud,545.000,w6o/1KDk4bQJjnKe,556.000,a7tnbcYnfLwVKUyE,606.000,ypRHeJN96V+IYc8+,,
7,39,2026-04-03T17:44:47.197Z,882.000,9,549.000,s2mLF9K9O/mSwIXq,624.000,w6o/1KDk4bQJjnKe,700.000,dlBlrVuNwvSQ7Ty0,719.000,a7tnbcYnfLwVKUyE,731.000,YA6NSwJLWSGrWC37,740.000,ZZSRbgtLV45pMDud,876.000,BA6zCT53nGgzl67L,979.000,Hy4Qx5+KlX+FgTnc,996.000,aduDerLtWfY1irdE,,
7,40,2026-04-03T17:44:48.079Z,969.000,9,748.000,s2mLF9K9O/mSwIXq,786.000,dlBlrVuNwvSQ7Ty0,823.000,Hy4Qx5+KlX+FgTnc,856.000,aduDerLtWfY1irdE,890.000,a7tnbcYnfLwVKUyE,924.000,ZZSRbgtLV45pMDud,959.000,BA6zCT53nGgzl67L,989.000,w6o/1KDk4bQJjnKe,1125.000,YA6NSwJLWSGrWC37,,
7,41,2026-04-03T17:44:49.048Z,1408.000,9,1076.000,s2mLF9K9O/mSwIXq,1129.000,ZZSRbgtLV45pMDud,1172.000,Hy4Qx5+KlX+FgTnc,1214.000,dlBlrVuNwvSQ7Ty0,1287.000,aduDerLtWfY1irdE,1342.000,YA6NSwJLWSGrWC37,1391.000,w6o/1KDk4bQJjnKe,1438.000,BA6zCT53nGgzl67L,1561.000,a7tnbcYnfLwVKUyE,,
7,42,2026-04-03T17:44:50.456Z,2267.000,9,1167.000,s2mLF9K9O/mSwIXq,1585.000,BA6zCT53nGgzl67L,1756.000,Hy4Qx5+KlX+FgTnc,1810.000,a7tnbcYnfLwVKUyE,1894.000,ZZSRbgtLV45pMDud,1951.000,aduDerLtWfY1irdE,2242.000,dlBlrVuNwvSQ7Ty0,2311.000,YA6NSwJLWSGrWC37,2525.000,w6o/1KDk4bQJjnKe,,
7,43,2026-04-03T17:44:52.723Z,2523.000,9,1950.000,s2mLF9K9O/mSwIXq,2053.000,dlBlrVuNwvSQ7Ty0,2135.000,aduDerLtWfY1irdE,2236.000,ZZSRbgtLV45pMDud,2320.000,Hy4Qx5+KlX+FgTnc,2404.000,a7tnbcYnfLwVKUyE,2484.000,YA6NSwJLWSGrWC37,3184.000,w6o/1KDk4bQJjnKe,4215.000,BA6zCT53nGgzl67L,,
7,44,2026-04-03T17:44:55.246Z,,0,,,,,,,,,,,,,,,,,,,,
8,1,2026-04-03T17:44:29.736Z,2229.000,7,895.000,aduDerLtWfY1irdE,1036.000,w6o/1KDk4bQJjnKe,1710.000,BA6zCT53nGgzl67L,1746.000,s2mLF9K9O/mSwIXq,6074.000,a7tnbcYnfLwVKUyE,4572.000,ypRHeJN96V+IYc8+,2636.000,dlBlrVuNwvSQ7Ty0,,,,,,
8,2,2026-04-03T17:44:31.965Z,652.000,8,0.000,w6o/1KDk4bQJjnKe,0.000,BA6zCT53nGgzl67L,11.000,aduDerLtWfY1irdE,248.000,s2mLF9K9O/mSwIXq,483.000,dlBlrVuNwvSQ7Ty0,484.000,YA6NSwJLWSGrWC37,2346.000,ypRHeJN96V+IYc8+,3847.000,a7tnbcYnfLwVKUyE,,,,
8,3,2026-04-03T17:44:32.617Z,384.000,9,83.000,w6o/1KDk4bQJjnKe,84.000,BA6zCT53nGgzl67L,84.000,dlBlrVuNwvSQ7Ty0,82.000,aduDerLtWfY1irdE,203.000,s2mLF9K9O/mSwIXq,302.000,YA6NSwJLWSGrWC37,384.000,ZZSRbgtLV45pMDud,3197.000,a7tnbcYnfLwVKUyE,1696.000,ypRHeJN96V+IYc8+,,
8,4,2026-04-03T17:44:33.001Z,352.000,10,216.000,dlBlrVuNwvSQ7Ty0,217.000,ZZSRbgtLV45pMDud,217.000,BA6zCT53nGgzl67L,218.000,w6o/1KDk4bQJjnKe,219.000,aduDerLtWfY1irdE,290.000,YA6NSwJLWSGrWC37,352.000,s2mLF9K9O/mSwIXq,2814.000,a7tnbcYnfLwVKUyE,1314.000,ypRHeJN96V+IYc8+,868.000,Hy4Qx5+KlX+FgTnc
8,5,2026-04-03T17:44:33.353Z,364.000,10,352.000,w6o/1KDk4bQJjnKe,353.000,aduDerLtWfY1irdE,354.000,ZZSRbgtLV45pMDud,354.000,dlBlrVuNwvSQ7Ty0,354.000,BA6zCT53nGgzl67L,355.000,YA6NSwJLWSGrWC37,364.000,s2mLF9K9O/mSwIXq,2464.000,a7tnbcYnfLwVKUyE,963.000,ypRHeJN96V+IYc8+,729.000,Hy4Qx5+KlX+FgTnc
8,6,2026-04-03T17:44:33.717Z,373.000,10,288.000,YA6NSwJLWSGrWC37,359.000,ZZSRbgtLV45pMDud,362.000,dlBlrVuNwvSQ7Ty0,364.000,BA6zCT53nGgzl67L,366.000,w6o/1KDk4bQJjnKe,368.000,aduDerLtWfY1irdE,373.000,s2mLF9K9O/mSwIXq,614.000,Hy4Qx5+KlX+FgTnc,668.000,ypRHeJN96V+IYc8+,2102.000,a7tnbcYnfLwVKUyE
8,7,2026-04-03T17:44:34.090Z,386.000,10,300.000,YA6NSwJLWSGrWC37,371.000,ZZSRbgtLV45pMDud,373.000,BA6zCT53nGgzl67L,374.000,w6o/1KDk4bQJjnKe,375.000,ypRHeJN96V+IYc8+,381.000,dlBlrVuNwvSQ7Ty0,386.000,aduDerLtWfY1irdE,391.000,s2mLF9K9O/mSwIXq,528.000,Hy4Qx5+KlX+FgTnc,1731.000,a7tnbcYnfLwVKUyE
8,8,2026-04-03T17:44:34.476Z,402.000,9,316.000,YA6NSwJLWSGrWC37,394.000,BA6zCT53nGgzl67L,397.000,aduDerLtWfY1irdE,398.000,s2mLF9K9O/mSwIXq,399.000,dlBlrVuNwvSQ7Ty0,401.000,ypRHeJN96V+IYc8+,402.000,ZZSRbgtLV45pMDud,403.000,w6o/1KDk4bQJjnKe,1407.000,a7tnbcYnfLwVKUyE,,
8,9,2026-04-03T17:44:34.878Z,410.000,10,324.000,YA6NSwJLWSGrWC37,396.000,Hy4Qx5+KlX+FgTnc,404.000,w6o/1KDk4bQJjnKe,404.000,ypRHeJN96V+IYc8+,407.000,ZZSRbgtLV45pMDud,408.000,BA6zCT53nGgzl67L,409.000,aduDerLtWfY1irdE,411.000,dlBlrVuNwvSQ7Ty0,412.000,s2mLF9K9O/mSwIXq,1008.000,a7tnbcYnfLwVKUyE
8,10,2026-04-03T17:44:35.288Z,408.000,10,324.000,YA6NSwJLWSGrWC37,395.000,ypRHeJN96V+IYc8+,396.000,w6o/1KDk4bQJjnKe,397.000,aduDerLtWfY1irdE,399.000,BA6zCT53nGgzl67L,400.000,ZZSRbgtLV45pMDud,408.000,dlBlrVuNwvSQ7Ty0,409.000,s2mLF9K9O/mSwIXq,443.000,Hy4Qx5+KlX+FgTnc,601.000,a7tnbcYnfLwVKUyE
8,11,2026-04-03T17:44:35.696Z,398.000,10,315.000,YA6NSwJLWSGrWC37,359.000,Hy4Qx5+KlX+FgTnc,390.000,aduDerLtWfY1irdE,394.000,ypRHeJN96V+IYc8+,395.000,w6o/1KDk4bQJjnKe,397.000,a7tnbcYnfLwVKUyE,398.000,BA6zCT53nGgzl67L,399.000,ZZSRbgtLV45pMDud,401.000,dlBlrVuNwvSQ7Ty0,404.000,s2mLF9K9O/mSwIXq
8,12,2026-04-03T17:44:36.094Z,407.000,10,324.000,YA6NSwJLWSGrWC37,364.000,Hy4Qx5+KlX+FgTnc,402.000,BA6zCT53nGgzl67L,403.000,a7tnbcYnfLwVKUyE,404.000,w6o/1KDk4bQJjnKe,405.000,ZZSRbgtLV45pMDud,407.000,s2mLF9K9O/mSwIXq,408.000,ypRHeJN96V+IYc8+,409.000,aduDerLtWfY1irdE,410.000,dlBlrVuNwvSQ7Ty0
8,13,2026-04-03T17:44:36.501Z,409.000,10,328.000,YA6NSwJLWSGrWC37,366.000,Hy4Qx5+KlX+FgTnc,394.000,dlBlrVuNwvSQ7Ty0,403.000,s2mLF9K9O/mSwIXq,405.000,ZZSRbgtLV45pMDud,407.000,aduDerLtWfY1irdE,408.000,w6o/1KDk4bQJjnKe,410.000,BA6zCT53nGgzl67L,412.000,a7tnbcYnfLwVKUyE,413.000,ypRHeJN96V+IYc8+
8,14,2026-04-03T17:44:36.910Z,404.000,10,323.000,YA6NSwJLWSGrWC37,365.000,Hy4Qx5+KlX+FgTnc,397.000,s2mLF9K9O/mSwIXq,399.000,a7tnbcYnfLwVKUyE,400.000,ZZSRbgtLV45pMDud,402.000,aduDerLtWfY1irdE,404.000,dlBlrVuNwvSQ7Ty0,405.000,ypRHeJN96V+IYc8+,407.000,w6o/1KDk4bQJjnKe,408.000,BA6zCT53nGgzl67L
8,15,2026-04-03T17:44:37.314Z,404.000,10,319.000,YA6NSwJLWSGrWC37,394.000,aduDerLtWfY1irdE,396.000,dlBlrVuNwvSQ7Ty0,397.000,w6o/1KDk4bQJjnKe,398.000,ypRHeJN96V+IYc8+,402.000,Hy4Qx5+KlX+FgTnc,404.000,s2mLF9K9O/mSwIXq,406.000,a7tnbcYnfLwVKUyE,407.000,ZZSRbgtLV45pMDud,408.000,BA6zCT53nGgzl67L
8,16,2026-04-03T17:44:37.718Z,406.000,10,323.000,YA6NSwJLWSGrWC37,393.000,Hy4Qx5+KlX+FgTnc,400.000,ZZSRbgtLV45pMDud,402.000,dlBlrVuNwvSQ7Ty0,403.000,aduDerLtWfY1irdE,405.000,ypRHeJN96V+IYc8+,406.000,s2mLF9K9O/mSwIXq,407.000,w6o/1KDk4bQJjnKe,416.000,BA6zCT53nGgzl67L,417.000,a7tnbcYnfLwVKUyE
8,17,2026-04-03T17:44:38.124Z,404.000,10,323.000,YA6NSwJLWSGrWC37,393.000,BA6zCT53nGgzl67L,399.000,w6o/1KDk4bQJjnKe,400.000,ZZSRbgtLV45pMDud,401.000,Hy4Qx5+KlX+FgTnc,402.000,a7tnbcYnfLwVKUyE,404.000,ypRHeJN96V+IYc8+,407.000,dlBlrVuNwvSQ7Ty0,408.000,aduDerLtWfY1irdE,409.000,s2mLF9K9O/mSwIXq
8,18,2026-04-03T17:44:38.528Z,409.000,10,325.000,YA6NSwJLWSGrWC37,403.000,w6o/1KDk4bQJjnKe,404.000,Hy4Qx5+KlX+FgTnc,406.000,s2mLF9K9O/mSwIXq,407.000,dlBlrVuNwvSQ7Ty0,408.000,ZZSRbgtLV45pMDud,409.000,BA6zCT53nGgzl67L,411.000,aduDerLtWfY1irdE,412.000,ypRHeJN96V+IYc8+,413.000,a7tnbcYnfLwVKUyE
8,19,2026-04-03T17:44:38.937Z,403.000,10,319.000,YA6NSwJLWSGrWC37,395.000,w6o/1KDk4bQJjnKe,397.000,s2mLF9K9O/mSwIXq,398.000,Hy4Qx5+KlX+FgTnc,400.000,aduDerLtWfY1irdE,401.000,BA6zCT53nGgzl67L,403.000,ZZSRbgtLV45pMDud,404.000,ypRHeJN96V+IYc8+,405.000,a7tnbcYnfLwVKUyE,406.000,dlBlrVuNwvSQ7Ty0
8,20,2026-04-03T17:44:39.340Z,406.000,10,322.000,YA6NSwJLWSGrWC37,399.000,s2mLF9K9O/mSwIXq,401.000,BA6zCT53nGgzl67L,403.000,dlBlrVuNwvSQ7Ty0,404.000,w6o/1KDk4bQJjnKe,405.000,a7tnbcYnfLwVKUyE,406.000,Hy4Qx5+KlX+FgTnc,408.000,aduDerLtWfY1irdE,409.000,ypRHeJN96V+IYc8+,410.000,ZZSRbgtLV45pMDud
8,21,2026-04-03T17:44:39.746Z,406.000,10,322.000,YA6NSwJLWSGrWC37,400.000,BA6zCT53nGgzl67L,401.000,a7tnbcYnfLwVKUyE,402.000,ypRHeJN96V+IYc8+,403.000,Hy4Qx5+KlX+FgTnc,405.000,ZZSRbgtLV45pMDud,406.000,dlBlrVuNwvSQ7Ty0,407.000,w6o/1KDk4bQJjnKe,409.000,s2mLF9K9O/mSwIXq,410.000,aduDerLtWfY1irdE
8,22,2026-04-03T17:44:40.152Z,406.000,10,322.000,YA6NSwJLWSGrWC37,393.000,dlBlrVuNwvSQ7Ty0,395.000,s2mLF9K9O/mSwIXq,401.000,BA6zCT53nGgzl67L,403.000,aduDerLtWfY1irdE,404.000,ZZSRbgtLV45pMDud,405.000,w6o/1KDk4bQJjnKe,407.000,Hy4Qx5+KlX+FgTnc,408.000,a7tnbcYnfLwVKUyE,413.000,ypRHeJN96V+IYc8+
8,23,2026-04-03T17:44:40.558Z,410.000,10,327.000,YA6NSwJLWSGrWC37,402.000,ZZSRbgtLV45pMDud,403.000,s2mLF9K9O/mSwIXq,405.000,Hy4Qx5+KlX+FgTnc,406.000,a7tnbcYnfLwVKUyE,407.000,w6o/1KDk4bQJjnKe,409.000,dlBlrVuNwvSQ7Ty0,411.000,BA6zCT53nGgzl67L,412.000,ypRHeJN96V+IYc8+,413.000,aduDerLtWfY1irdE
8,24,2026-04-03T17:44:40.968Z,401.000,10,320.000,YA6NSwJLWSGrWC37,394.000,aduDerLtWfY1irdE,396.000,ZZSRbgtLV45pMDud,397.000,BA6zCT53nGgzl67L,398.000,w6o/1KDk4bQJjnKe,400.000,s2mLF9K9O/mSwIXq,401.000,dlBlrVuNwvSQ7Ty0,402.000,ypRHeJN96V+IYc8+,404.000,Hy4Qx5+KlX+FgTnc,410.000,a7tnbcYnfLwVKUyE
8,25,2026-04-03T17:44:41.369Z,407.000,10,324.000,YA6NSwJLWSGrWC37,398.000,dlBlrVuNwvSQ7Ty0,402.000,s2mLF9K9O/mSwIXq,403.000,BA6zCT53nGgzl67L,405.000,aduDerLtWfY1irdE,406.000,ZZSRbgtLV45pMDud,407.000,ypRHeJN96V+IYc8+,408.000,a7tnbcYnfLwVKUyE,410.000,w6o/1KDk4bQJjnKe,415.000,Hy4Qx5+KlX+FgTnc
8,26,2026-04-03T17:44:41.776Z,409.000,10,327.000,YA6NSwJLWSGrWC37,393.000,Hy4Qx5+KlX+FgTnc,401.000,dlBlrVuNwvSQ7Ty0,404.000,ypRHeJN96V+IYc8+,407.000,BA6zCT53nGgzl67L,408.000,s2mLF9K9O/mSwIXq,409.000,aduDerLtWfY1irdE,410.000,a7tnbcYnfLwVKUyE,412.000,w6o/1KDk4bQJjnKe,414.000,ZZSRbgtLV45pMDud
8,27,2026-04-03T17:44:42.185Z,404.000,10,322.000,YA6NSwJLWSGrWC37,390.000,BA6zCT53nGgzl67L,398.000,w6o/1KDk4bQJjnKe,400.000,ZZSRbgtLV45pMDud,401.000,a7tnbcYnfLwVKUyE,402.000,dlBlrVuNwvSQ7Ty0,404.000,Hy4Qx5+KlX+FgTnc,405.000,aduDerLtWfY1irdE,406.000,s2mLF9K9O/mSwIXq,408.000,ypRHeJN96V+IYc8+
8,28,2026-04-03T17:44:42.589Z,406.000,10,322.000,YA6NSwJLWSGrWC37,396.000,ypRHeJN96V+IYc8+,401.000,aduDerLtWfY1irdE,402.000,BA6zCT53nGgzl67L,403.000,Hy4Qx5+KlX+FgTnc,405.000,a7tnbcYnfLwVKUyE,406.000,s2mLF9K9O/mSwIXq,407.000,w6o/1KDk4bQJjnKe,408.000,dlBlrVuNwvSQ7Ty0,413.000,ZZSRbgtLV45pMDud
8,29,2026-04-03T17:44:42.995Z,407.000,10,326.000,YA6NSwJLWSGrWC37,398.000,BA6zCT53nGgzl67L,399.000,aduDerLtWfY1irdE,402.000,ypRHeJN96V+IYc8+,404.000,w6o/1KDk4bQJjnKe,405.000,dlBlrVuNwvSQ7Ty0,407.000,s2mLF9K9O/mSwIXq,408.000,a7tnbcYnfLwVKUyE,413.000,Hy4Qx5+KlX+FgTnc,417.000,ZZSRbgtLV45pMDud
8,30,2026-04-03T17:44:43.402Z,403.000,10,323.000,YA6NSwJLWSGrWC37,398.000,aduDerLtWfY1irdE,399.000,ZZSRbgtLV45pMDud,400.000,ypRHeJN96V+IYc8+,401.000,Hy4Qx5+KlX+FgTnc,402.000,dlBlrVuNwvSQ7Ty0,403.000,s2mLF9K9O/mSwIXq,403.000,BA6zCT53nGgzl67L,404.000,a7tnbcYnfLwVKUyE,405.000,w6o/1KDk4bQJjnKe
8,31,2026-04-03T17:44:43.805Z,407.000,10,326.000,YA6NSwJLWSGrWC37,400.000,ZZSRbgtLV45pMDud,402.000,w6o/1KDk4bQJjnKe,403.000,Hy4Qx5+KlX+FgTnc,405.000,dlBlrVuNwvSQ7Ty0,406.000,ypRHeJN96V+IYc8+,407.000,a7tnbcYnfLwVKUyE,408.000,BA6zCT53nGgzl67L,409.000,aduDerLtWfY1irdE,410.000,s2mLF9K9O/mSwIXq
8,32,2026-04-03T17:44:44.212Z,406.000,10,323.000,YA6NSwJLWSGrWC37,397.000,ypRHeJN96V+IYc8+,399.000,s2mLF9K9O/mSwIXq,400.000,Hy4Qx5+KlX+FgTnc,402.000,BA6zCT53nGgzl67L,403.000,ZZSRbgtLV45pMDud,406.000,aduDerLtWfY1irdE,409.000,a7tnbcYnfLwVKUyE,410.000,w6o/1KDk4bQJjnKe,411.000,dlBlrVuNwvSQ7Ty0
8,33,2026-04-03T17:44:44.618Z,403.000,10,322.000,YA6NSwJLWSGrWC37,393.000,BA6zCT53nGgzl67L,396.000,aduDerLtWfY1irdE,399.000,s2mLF9K9O/mSwIXq,400.000,Hy4Qx5+KlX+FgTnc,402.000,a7tnbcYnfLwVKUyE,403.000,w6o/1KDk4bQJjnKe,405.000,ZZSRbgtLV45pMDud,406.000,ypRHeJN96V+IYc8+,407.000,dlBlrVuNwvSQ7Ty0
8,34,2026-04-03T17:44:45.021Z,408.000,10,324.000,YA6NSwJLWSGrWC37,399.000,aduDerLtWfY1irdE,403.000,ZZSRbgtLV45pMDud,404.000,s2mLF9K9O/mSwIXq,405.000,w6o/1KDk4bQJjnKe,407.000,ypRHeJN96V+IYc8+,408.000,BA6zCT53nGgzl67L,409.000,dlBlrVuNwvSQ7Ty0,410.000,Hy4Qx5+KlX+FgTnc,412.000,a7tnbcYnfLwVKUyE
8,35,2026-04-03T17:44:45.429Z,408.000,10,325.000,YA6NSwJLWSGrWC37,397.000,s2mLF9K9O/mSwIXq,401.000,ypRHeJN96V+IYc8+,404.000,a7tnbcYnfLwVKUyE,405.000,w6o/1KDk4bQJjnKe,407.000,dlBlrVuNwvSQ7Ty0,408.000,ZZSRbgtLV45pMDud,409.000,BA6zCT53nGgzl67L,411.000,Hy4Qx5+KlX+FgTnc,412.000,aduDerLtWfY1irdE
8,36,2026-04-03T17:44:45.837Z,406.000,10,323.000,YA6NSwJLWSGrWC37,397.000,a7tnbcYnfLwVKUyE,399.000,BA6zCT53nGgzl67L,402.000,ypRHeJN96V+IYc8+,404.000,aduDerLtWfY1irdE,405.000,w6o/1KDk4bQJjnKe,406.000,Hy4Qx5+KlX+FgTnc,408.000,s2mLF9K9O/mSwIXq,413.000,dlBlrVuNwvSQ7Ty0,416.000,ZZSRbgtLV45pMDud
8,37,2026-04-03T17:44:46.243Z,405.000,10,322.000,YA6NSwJLWSGrWC37,395.000,ypRHeJN96V+IYc8+,397.000,a7tnbcYnfLwVKUyE,398.000,dlBlrVuNwvSQ7Ty0,402.000,w6o/1KDk4bQJjnKe,404.000,BA6zCT53nGgzl67L,405.000,ZZSRbgtLV45pMDud,407.000,Hy4Qx5+KlX+FgTnc,408.000,aduDerLtWfY1irdE,409.000,s2mLF9K9O/mSwIXq
8,38,2026-04-03T17:44:46.648Z,511.000,9,379.000,YA6NSwJLWSGrWC37,423.000,ZZSRbgtLV45pMDud,424.000,Hy4Qx5+KlX+FgTnc,431.000,BA6zCT53nGgzl67L,433.000,aduDerLtWfY1irdE,507.000,s2mLF9K9O/mSwIXq,511.000,w6o/1KDk4bQJjnKe,554.000,a7tnbcYnfLwVKUyE,580.000,ypRHeJN96V+IYc8+,,
8,39,2026-04-03T17:44:47.159Z,902.000,9,642.000,YA6NSwJLWSGrWC37,722.000,w6o/1KDk4bQJjnKe,776.000,s2mLF9K9O/mSwIXq,793.000,ZZSRbgtLV45pMDud,811.000,dlBlrVuNwvSQ7Ty0,824.000,a7tnbcYnfLwVKUyE,898.000,BA6zCT53nGgzl67L,939.000,aduDerLtWfY1irdE,1065.000,Hy4Qx5+KlX+FgTnc,,
8,40,2026-04-03T17:44:48.061Z,949.000,9,749.000,dlBlrVuNwvSQ7Ty0,766.000,YA6NSwJLWSGrWC37,805.000,Hy4Qx5+KlX+FgTnc,837.000,aduDerLtWfY1irdE,870.000,a7tnbcYnfLwVKUyE,904.000,BA6zCT53nGgzl67L,939.000,ZZSRbgtLV45pMDud,970.000,s2mLF9K9O/mSwIXq,1001.000,w6o/1KDk4bQJjnKe,,
8,41,2026-04-03T17:44:49.010Z,2007.000,9,897.000,YA6NSwJLWSGrWC37,1022.000,ZZSRbgtLV45pMDud,1061.000,aduDerLtWfY1irdE,1098.000,Hy4Qx5+KlX+FgTnc,1136.000,dlBlrVuNwvSQ7Ty0,1945.000,s2mLF9K9O/mSwIXq,1990.000,w6o/1KDk4bQJjnKe,2032.000,BA6zCT53nGgzl67L,2071.000,a7tnbcYnfLwVKUyE,,
8,42,2026-04-03T17:44:51.017Z,1602.000,9,1235.000,BA6zCT53nGgzl67L,1289.000,s2mLF9K9O/mSwIXq,1325.000,YA6NSwJLWSGrWC37,1393.000,a7tnbcYnfLwVKUyE,1458.000,Hy4Qx5+KlX+FgTnc,1509.000,ZZSRbgtLV45pMDud,1580.000,aduDerLtWfY1irdE,1666.000,dlBlrVuNwvSQ7Ty0,1865.000,w6o/1KDk4bQJjnKe,,
8,43,2026-04-03T17:44:52.619Z,2597.000,9,1850.000,YA6NSwJLWSGrWC37,2115.000,dlBlrVuNwvSQ7Ty0,2196.000,aduDerLtWfY1irdE,2293.000,ZZSRbgtLV45pMDud,2373.000,Hy4Qx5+KlX+FgTnc,2463.000,a7tnbcYnfLwVKUyE,2560.000,s2mLF9K9O/mSwIXq,2942.000,BA6zCT53nGgzl67L,3242.000,w6o/1KDk4bQJjnKe,,
8,44,2026-04-03T17:44:55.216Z,,0,,,,,,,,,,,,,,,,,,,,
9,1,2026-04-03T17:44:31.243Z,803.000,7,205.000,BA6zCT53nGgzl67L,725.000,s2mLF9K9O/mSwIXq,4578.000,a7tnbcYnfLwVKUyE,2525.000,aduDerLtWfY1irdE,3068.000,ypRHeJN96V+IYc8+,1125.000,dlBlrVuNwvSQ7Ty0,6026.000,w6o/1KDk4bQJjnKe,,,,,,
9,2,2026-04-03T17:44:32.046Z,494.000,8,0.000,BA6zCT53nGgzl67L,170.000,s2mLF9K9O/mSwIXq,398.000,dlBlrVuNwvSQ7Ty0,445.000,YA6NSwJLWSGrWC37,2267.000,ypRHeJN96V+IYc8+,3777.000,a7tnbcYnfLwVKUyE,1727.000,aduDerLtWfY1irdE,5225.000,w6o/1KDk4bQJjnKe,,,,
9,3,2026-04-03T17:44:32.540Z,606.000,9,82.000,BA6zCT53nGgzl67L,83.000,dlBlrVuNwvSQ7Ty0,281.000,s2mLF9K9O/mSwIXq,447.000,YA6NSwJLWSGrWC37,461.000,ZZSRbgtLV45pMDud,3284.000,a7tnbcYnfLwVKUyE,1235.000,aduDerLtWfY1irdE,4732.000,w6o/1KDk4bQJjnKe,1774.000,ypRHeJN96V+IYc8+,,
9,4,2026-04-03T17:44:33.146Z,530.000,10,78.000,dlBlrVuNwvSQ7Ty0,78.000,ZZSRbgtLV45pMDud,78.000,BA6zCT53nGgzl67L,187.000,YA6NSwJLWSGrWC37,211.000,s2mLF9K9O/mSwIXq,2680.000,a7tnbcYnfLwVKUyE,1170.000,ypRHeJN96V+IYc8+,630.000,aduDerLtWfY1irdE,4128.000,w6o/1KDk4bQJjnKe,631.000,Hy4Qx5+KlX+FgTnc
9,5,2026-04-03T17:44:33.676Z,305.000,10,75.000,ZZSRbgtLV45pMDud,76.000,dlBlrVuNwvSQ7Ty0,77.000,BA6zCT53nGgzl67L,77.000,s2mLF9K9O/mSwIXq,79.000,YA6NSwJLWSGrWC37,169.000,aduDerLtWfY1irdE,2152.000,a7tnbcYnfLwVKUyE,364.000,Hy4Qx5+KlX+FgTnc,642.000,ypRHeJN96V+IYc8+,3600.000,w6o/1KDk4bQJjnKe
9,6,2026-04-03T17:44:33.981Z,311.000,10,89.000,dlBlrVuNwvSQ7Ty0,91.000,BA6zCT53nGgzl67L,94.000,ZZSRbgtLV45pMDud,105.000,s2mLF9K9O/mSwIXq,119.000,aduDerLtWfY1irdE,139.000,YA6NSwJLWSGrWC37,310.000,Hy4Qx5+KlX+FgTnc,622.000,ypRHeJN96V+IYc8+,1849.000,a7tnbcYnfLwVKUyE,3296.000,w6o/1KDk4bQJjnKe
9,7,2026-04-03T17:44:34.292Z,392.000,10,389.000,aduDerLtWfY1irdE,389.000,s2mLF9K9O/mSwIXq,390.000,dlBlrVuNwvSQ7Ty0,391.000,YA6NSwJLWSGrWC37,391.000,ZZSRbgtLV45pMDud,391.000,BA6zCT53nGgzl67L,392.000,ypRHeJN96V+IYc8+,286.000,Hy4Qx5+KlX+FgTnc,2987.000,w6o/1KDk4bQJjnKe,1539.000,a7tnbcYnfLwVKUyE
9,8,2026-04-03T17:44:34.684Z,189.000,9,186.000,s2mLF9K9O/mSwIXq,151.000,YA6NSwJLWSGrWC37,155.000,ypRHeJN96V+IYc8+,188.000,ZZSRbgtLV45pMDud,188.000,BA6zCT53nGgzl67L,188.000,aduDerLtWfY1irdE,189.000,dlBlrVuNwvSQ7Ty0,1208.000,a7tnbcYnfLwVKUyE,2659.000,w6o/1KDk4bQJjnKe,,
9,9,2026-04-03T17:44:34.873Z,412.000,10,331.000,Hy4Qx5+KlX+FgTnc,402.000,BA6zCT53nGgzl67L,405.000,dlBlrVuNwvSQ7Ty0,408.000,aduDerLtWfY1irdE,409.000,ypRHeJN96V+IYc8+,411.000,YA6NSwJLWSGrWC37,412.000,s2mLF9K9O/mSwIXq,416.000,ZZSRbgtLV45pMDud,2473.000,w6o/1KDk4bQJjnKe,1024.000,a7tnbcYnfLwVKUyE
9,10,2026-04-03T17:44:35.285Z,414.000,10,326.000,Hy4Qx5+KlX+FgTnc,410.000,BA6zCT53nGgzl67L,402.000,ZZSRbgtLV45pMDud,413.000,s2mLF9K9O/mSwIXq,413.000,dlBlrVuNwvSQ7Ty0,414.000,ypRHeJN96V+IYc8+,408.000,YA6NSwJLWSGrWC37,412.000,aduDerLtWfY1irdE,614.000,a7tnbcYnfLwVKUyE,2063.000,w6o/1KDk4bQJjnKe
9,11,2026-04-03T17:44:35.699Z,404.000,10,318.000,Hy4Qx5+KlX+FgTnc,403.000,BA6zCT53nGgzl67L,404.000,ypRHeJN96V+IYc8+,400.000,s2mLF9K9O/mSwIXq,401.000,YA6NSwJLWSGrWC37,402.000,dlBlrVuNwvSQ7Ty0,404.000,ZZSRbgtLV45pMDud,406.000,aduDerLtWfY1irdE,441.000,a7tnbcYnfLwVKUyE,1651.000,w6o/1KDk4bQJjnKe
9,12,2026-04-03T17:44:36.103Z,405.000,10,317.000,Hy4Qx5+KlX+FgTnc,406.000,YA6NSwJLWSGrWC37,395.000,a7tnbcYnfLwVKUyE,396.000,s2mLF9K9O/mSwIXq,397.000,BA6zCT53nGgzl67L,398.000,dlBlrVuNwvSQ7Ty0,406.000,ZZSRbgtLV45pMDud,402.000,aduDerLtWfY1irdE,405.000,ypRHeJN96V+IYc8+,1249.000,w6o/1KDk4bQJjnKe
9,13,2026-04-03T17:44:36.508Z,400.000,10,317.000,Hy4Qx5+KlX+FgTnc,393.000,dlBlrVuNwvSQ7Ty0,395.000,s2mLF9K9O/mSwIXq,396.000,ypRHeJN96V+IYc8+,397.000,YA6NSwJLWSGrWC37,398.000,BA6zCT53nGgzl67L,400.000,a7tnbcYnfLwVKUyE,401.000,aduDerLtWfY1irdE,405.000,ZZSRbgtLV45pMDud,846.000,w6o/1KDk4bQJjnKe
9,14,2026-04-03T17:44:36.908Z,411.000,10,327.000,Hy4Qx5+KlX+FgTnc,410.000,ypRHeJN96V+IYc8+,405.000,BA6zCT53nGgzl67L,406.000,a7tnbcYnfLwVKUyE,407.000,aduDerLtWfY1irdE,408.000,s2mLF9K9O/mSwIXq,410.000,YA6NSwJLWSGrWC37,412.000,dlBlrVuNwvSQ7Ty0,413.000,ZZSRbgtLV45pMDud,448.000,w6o/1KDk4bQJjnKe
9,15,2026-04-03T17:44:37.319Z,400.000,10,316.000,Hy4Qx5+KlX+FgTnc,394.000,ZZSRbgtLV45pMDud,395.000,ypRHeJN96V+IYc8+,397.000,dlBlrVuNwvSQ7Ty0,398.000,aduDerLtWfY1irdE,399.000,s2mLF9K9O/mSwIXq,400.000,BA6zCT53nGgzl67L,402.000,w6o/1KDk4bQJjnKe,403.000,YA6NSwJLWSGrWC37,404.000,a7tnbcYnfLwVKUyE
9,16,2026-04-03T17:44:37.719Z,408.000,10,324.000,Hy4Qx5+KlX+FgTnc,392.000,w6o/1KDk4bQJjnKe,397.000,aduDerLtWfY1irdE,403.000,dlBlrVuNwvSQ7Ty0,405.000,YA6NSwJLWSGrWC37,406.000,ZZSRbgtLV45pMDud,408.000,s2mLF9K9O/mSwIXq,409.000,a7tnbcYnfLwVKUyE,410.000,ypRHeJN96V+IYc8+,411.000,BA6zCT53nGgzl67L
9,17,2026-04-03T17:44:38.127Z,408.000,10,325.000,Hy4Qx5+KlX+FgTnc,401.000,YA6NSwJLWSGrWC37,403.000,BA6zCT53nGgzl67L,404.000,ypRHeJN96V+IYc8+,405.000,dlBlrVuNwvSQ7Ty0,407.000,a7tnbcYnfLwVKUyE,408.000,aduDerLtWfY1irdE,409.000,s2mLF9K9O/mSwIXq,411.000,w6o/1KDk4bQJjnKe,416.000,ZZSRbgtLV45pMDud
9,18,2026-04-03T17:44:38.535Z,399.000,10,316.000,Hy4Qx5+KlX+FgTnc,389.000,BA6zCT53nGgzl67L,390.000,w6o/1KDk4bQJjnKe,393.000,ZZSRbgtLV45pMDud,396.000,aduDerLtWfY1irdE,397.000,s2mLF9K9O/mSwIXq,398.000,dlBlrVuNwvSQ7Ty0,400.000,YA6NSwJLWSGrWC37,406.000,ypRHeJN96V+IYc8+,407.000,a7tnbcYnfLwVKUyE
9,19,2026-04-03T17:44:38.934Z,411.000,10,330.000,Hy4Qx5+KlX+FgTnc,400.000,a7tnbcYnfLwVKUyE,405.000,w6o/1KDk4bQJjnKe,407.000,YA6NSwJLWSGrWC37,408.000,dlBlrVuNwvSQ7Ty0,409.000,BA6zCT53nGgzl67L,410.000,s2mLF9K9O/mSwIXq,412.000,ypRHeJN96V+IYc8+,414.000,ZZSRbgtLV45pMDud,419.000,aduDerLtWfY1irdE
9,20,2026-04-03T17:44:39.345Z,402.000,10,320.000,Hy4Qx5+KlX+FgTnc,394.000,w6o/1KDk4bQJjnKe,397.000,YA6NSwJLWSGrWC37,398.000,BA6zCT53nGgzl67L,399.000,s2mLF9K9O/mSwIXq,401.000,dlBlrVuNwvSQ7Ty0,402.000,ypRHeJN96V+IYc8+,403.000,ZZSRbgtLV45pMDud,405.000,a7tnbcYnfLwVKUyE,406.000,aduDerLtWfY1irdE
9,21,2026-04-03T17:44:39.747Z,409.000,10,325.000,Hy4Qx5+KlX+FgTnc,402.000,aduDerLtWfY1irdE,404.000,ypRHeJN96V+IYc8+,405.000,BA6zCT53nGgzl67L,406.000,a7tnbcYnfLwVKUyE,408.000,YA6NSwJLWSGrWC37,409.000,s2mLF9K9O/mSwIXq,410.000,w6o/1KDk4bQJjnKe,411.000,dlBlrVuNwvSQ7Ty0,413.000,ZZSRbgtLV45pMDud
9,22,2026-04-03T17:44:40.156Z,404.000,10,321.000,Hy4Qx5+KlX+FgTnc,397.000,s2mLF9K9O/mSwIXq,399.000,ypRHeJN96V+IYc8+,400.000,dlBlrVuNwvSQ7Ty0,401.000,a7tnbcYnfLwVKUyE,403.000,aduDerLtWfY1irdE,404.000,YA6NSwJLWSGrWC37,405.000,ZZSRbgtLV45pMDud,407.000,w6o/1KDk4bQJjnKe,408.000,BA6zCT53nGgzl67L
9,23,2026-04-03T17:44:40.560Z,407.000,10,325.000,Hy4Qx5+KlX+FgTnc,396.000,a7tnbcYnfLwVKUyE,397.000,aduDerLtWfY1irdE,403.000,YA6NSwJLWSGrWC37,404.000,dlBlrVuNwvSQ7Ty0,406.000,ZZSRbgtLV45pMDud,407.000,s2mLF9K9O/mSwIXq,408.000,BA6zCT53nGgzl67L,410.000,w6o/1KDk4bQJjnKe,413.000,ypRHeJN96V+IYc8+
9,24,2026-04-03T17:44:40.967Z,404.000,10,321.000,Hy4Qx5+KlX+FgTnc,395.000,BA6zCT53nGgzl67L,397.000,dlBlrVuNwvSQ7Ty0,399.000,a7tnbcYnfLwVKUyE,400.000,s2mLF9K9O/mSwIXq,402.000,aduDerLtWfY1irdE,404.000,w6o/1KDk4bQJjnKe,406.000,ypRHeJN96V+IYc8+,407.000,YA6NSwJLWSGrWC37,408.000,ZZSRbgtLV45pMDud
9,25,2026-04-03T17:44:41.371Z,405.000,10,323.000,Hy4Qx5+KlX+FgTnc,395.000,ypRHeJN96V+IYc8+,399.000,YA6NSwJLWSGrWC37,401.000,s2mLF9K9O/mSwIXq,402.000,dlBlrVuNwvSQ7Ty0,404.000,ZZSRbgtLV45pMDud,405.000,a7tnbcYnfLwVKUyE,408.000,aduDerLtWfY1irdE,410.000,w6o/1KDk4bQJjnKe,412.000,BA6zCT53nGgzl67L
9,26,2026-04-03T17:44:41.776Z,410.000,10,327.000,Hy4Qx5+KlX+FgTnc,399.000,ZZSRbgtLV45pMDud,401.000,aduDerLtWfY1irdE,403.000,a7tnbcYnfLwVKUyE,405.000,w6o/1KDk4bQJjnKe,408.000,ypRHeJN96V+IYc8+,409.000,BA6zCT53nGgzl67L,411.000,YA6NSwJLWSGrWC37,412.000,dlBlrVuNwvSQ7Ty0,413.000,s2mLF9K9O/mSwIXq
9,27,2026-04-03T17:44:42.186Z,406.000,10,323.000,Hy4Qx5+KlX+FgTnc,394.000,ZZSRbgtLV45pMDud,396.000,YA6NSwJLWSGrWC37,398.000,BA6zCT53nGgzl67L,399.000,aduDerLtWfY1irdE,403.000,w6o/1KDk4bQJjnKe,406.000,s2mLF9K9O/mSwIXq,408.000,a7tnbcYnfLwVKUyE,410.000,ypRHeJN96V+IYc8+,412.000,dlBlrVuNwvSQ7Ty0
9,28,2026-04-03T17:44:42.592Z,406.000,10,324.000,Hy4Qx5+KlX+FgTnc,391.000,ZZSRbgtLV45pMDud,396.000,BA6zCT53nGgzl67L,397.000,ypRHeJN96V+IYc8+,399.000,YA6NSwJLWSGrWC37,400.000,s2mLF9K9O/mSwIXq,406.000,a7tnbcYnfLwVKUyE,408.000,aduDerLtWfY1irdE,413.000,w6o/1KDk4bQJjnKe,415.000,dlBlrVuNwvSQ7Ty0
9,29,2026-04-03T17:44:42.998Z,404.000,10,321.000,Hy4Qx5+KlX+FgTnc,396.000,ypRHeJN96V+IYc8+,398.000,w6o/1KDk4bQJjnKe,399.000,ZZSRbgtLV45pMDud,401.000,aduDerLtWfY1irdE,402.000,YA6NSwJLWSGrWC37,403.000,dlBlrVuNwvSQ7Ty0,405.000,a7tnbcYnfLwVKUyE,407.000,s2mLF9K9O/mSwIXq,410.000,BA6zCT53nGgzl67L
9,30,2026-04-03T17:44:43.402Z,410.000,10,326.000,Hy4Qx5+KlX+FgTnc,398.000,aduDerLtWfY1irdE,399.000,ZZSRbgtLV45pMDud,405.000,w6o/1KDk4bQJjnKe,407.000,BA6zCT53nGgzl67L,408.000,dlBlrVuNwvSQ7Ty0,409.000,s2mLF9K9O/mSwIXq,411.000,ypRHeJN96V+IYc8+,412.000,YA6NSwJLWSGrWC37,413.000,a7tnbcYnfLwVKUyE
9,31,2026-04-03T17:44:43.812Z,404.000,10,321.000,Hy4Qx5+KlX+FgTnc,395.000,w6o/1KDk4bQJjnKe,397.000,s2mLF9K9O/mSwIXq,399.000,ZZSRbgtLV45pMDud,400.000,dlBlrVuNwvSQ7Ty0,402.000,ypRHeJN96V+IYc8+,403.000,a7tnbcYnfLwVKUyE,405.000,BA6zCT53nGgzl67L,406.000,YA6NSwJLWSGrWC37,407.000,aduDerLtWfY1irdE
9,32,2026-04-03T17:44:44.216Z,404.000,10,322.000,Hy4Qx5+KlX+FgTnc,393.000,s2mLF9K9O/mSwIXq,395.000,dlBlrVuNwvSQ7Ty0,400.000,a7tnbcYnfLwVKUyE,402.000,ypRHeJN96V+IYc8+,403.000,ZZSRbgtLV45pMDud,404.000,w6o/1KDk4bQJjnKe,406.000,BA6zCT53nGgzl67L,409.000,aduDerLtWfY1irdE,416.000,YA6NSwJLWSGrWC37
9,33,2026-04-03T17:44:44.620Z,406.000,10,323.000,Hy4Qx5+KlX+FgTnc,400.000,aduDerLtWfY1irdE,401.000,a7tnbcYnfLwVKUyE,402.000,s2mLF9K9O/mSwIXq,403.000,YA6NSwJLWSGrWC37,405.000,BA6zCT53nGgzl67L,406.000,dlBlrVuNwvSQ7Ty0,407.000,w6o/1KDk4bQJjnKe,409.000,ypRHeJN96V+IYc8+,410.000,ZZSRbgtLV45pMDud
9,34,2026-04-03T17:44:45.026Z,406.000,10,324.000,Hy4Qx5+KlX+FgTnc,398.000,YA6NSwJLWSGrWC37,401.000,ZZSRbgtLV45pMDud,402.000,aduDerLtWfY1irdE,403.000,s2mLF9K9O/mSwIXq,404.000,a7tnbcYnfLwVKUyE,406.000,ypRHeJN96V+IYc8+,407.000,BA6zCT53nGgzl67L,408.000,dlBlrVuNwvSQ7Ty0,409.000,w6o/1KDk4bQJjnKe
9,35,2026-04-03T17:44:45.432Z,405.000,10,323.000,Hy4Qx5+KlX+FgTnc,392.000,ypRHeJN96V+IYc8+,397.000,YA6NSwJLWSGrWC37,399.000,BA6zCT53nGgzl67L,401.000,aduDerLtWfY1irdE,403.000,a7tnbcYnfLwVKUyE,405.000,dlBlrVuNwvSQ7Ty0,405.000,w6o/1KDk4bQJjnKe,407.000,s2mLF9K9O/mSwIXq,408.000,ZZSRbgtLV45pMDud
9,36,2026-04-03T17:44:45.837Z,408.000,10,326.000,Hy4Qx5+KlX+FgTnc,399.000,BA6zCT53nGgzl67L,401.000,aduDerLtWfY1irdE,401.000,s2mLF9K9O/mSwIXq,405.000,dlBlrVuNwvSQ7Ty0,407.000,w6o/1KDk4bQJjnKe,408.000,ypRHeJN96V+IYc8+,408.000,YA6NSwJLWSGrWC37,409.000,ZZSRbgtLV45pMDud,409.000,a7tnbcYnfLwVKUyE
9,37,2026-04-03T17:44:46.245Z,406.000,10,322.000,Hy4Qx5+KlX+FgTnc,397.000,dlBlrVuNwvSQ7Ty0,400.000,ZZSRbgtLV45pMDud,402.000,ypRHeJN96V+IYc8+,403.000,w6o/1KDk4bQJjnKe,404.000,s2mLF9K9O/mSwIXq,406.000,aduDerLtWfY1irdE,407.000,a7tnbcYnfLwVKUyE,408.000,BA6zCT53nGgzl67L,410.000,YA6NSwJLWSGrWC37
9,38,2026-04-03T17:44:46.651Z,515.000,9,379.000,Hy4Qx5+KlX+FgTnc,418.000,YA6NSwJLWSGrWC37,425.000,ZZSRbgtLV45pMDud,433.000,aduDerLtWfY1irdE,434.000,BA6zCT53nGgzl67L,508.000,s2mLF9K9O/mSwIXq,515.000,w6o/1KDk4bQJjnKe,568.000,a7tnbcYnfLwVKUyE,734.000,ypRHeJN96V+IYc8+,,
9,39,2026-04-03T17:44:47.166Z,830.000,9,671.000,s2mLF9K9O/mSwIXq,703.000,YA6NSwJLWSGrWC37,730.000,w6o/1KDk4bQJjnKe,769.000,dlBlrVuNwvSQ7Ty0,799.000,a7tnbcYnfLwVKUyE,816.000,ZZSRbgtLV45pMDud,824.000,Hy4Qx5+KlX+FgTnc,920.000,BA6zCT53nGgzl67L,982.000,aduDerLtWfY1irdE,,
9,40,2026-04-03T17:44:47.996Z,992.000,9,654.000,Hy4Qx5+KlX+FgTnc,699.000,dlBlrVuNwvSQ7Ty0,807.000,aduDerLtWfY1irdE,870.000,a7tnbcYnfLwVKUyE,916.000,BA6zCT53nGgzl67L,949.000,w6o/1KDk4bQJjnKe,982.000,ZZSRbgtLV45pMDud,1013.000,s2mLF9K9O/mSwIXq,1129.000,YA6NSwJLWSGrWC37,,
9,41,2026-04-03T17:44:48.988Z,1847.000,9,898.000,Hy4Qx5+KlX+FgTnc,1012.000,YA6NSwJLWSGrWC37,1055.000,aduDerLtWfY1irdE,1091.000,dlBlrVuNwvSQ7Ty0,1129.000,ZZSRbgtLV45pMDud,1317.000,w6o/1KDk4bQJjnKe,1377.000,s2mLF9K9O/mSwIXq,1872.000,BA6zCT53nGgzl67L,1999.000,a7tnbcYnfLwVKUyE,,
9,42,2026-04-03T17:44:50.835Z,1928.000,9,1075.000,Hy4Qx5+KlX+FgTnc,1236.000,BA6zCT53nGgzl67L,1296.000,s2mLF9K9O/mSwIXq,1409.000,a7tnbcYnfLwVKUyE,1502.000,aduDerLtWfY1irdE,1554.000,ZZSRbgtLV45pMDud,1902.000,YA6NSwJLWSGrWC37,1989.000,dlBlrVuNwvSQ7Ty0,2223.000,w6o/1KDk4bQJjnKe,,
9,43,2026-04-03T17:44:52.763Z,2719.000,9,1728.000,Hy4Qx5+KlX+FgTnc,1838.000,dlBlrVuNwvSQ7Ty0,1926.000,aduDerLtWfY1irdE,2124.000,ZZSRbgtLV45pMDud,2233.000,YA6NSwJLWSGrWC37,2328.000,a7tnbcYnfLwVKUyE,2667.000,s2mLF9K9O/mSwIXq,2953.000,w6o/1KDk4bQJjnKe,4296.000,BA6zCT53nGgzl67L,,
9,44,2026-04-03T17:44:55.482Z,,0,,,,,,,,,,,,,,,,,,,,
