Node_ID,Round,Round_Start_Time,Round_End_Time_ms,Certificate_Count,Certificate_1_Time_Delta_ms,Certificate_1_Origin,Certificate_2_Time_Delta_ms,Certificate_2_Origin,Certificate_3_Time_Delta_ms,Certificate_3_Origin,Certificate_4_Time_Delta_ms,Certificate_4_Origin,Certificate_5_Time_Delta_ms,Certificate_5_Origin,Certificate_6_Time_Delta_ms,Certificate_6_Origin,Certificate_7_Time_Delta_ms,Certificate_7_Origin,Certificate_8_Time_Delta_ms,Certificate_8_Origin,Certificate_9_Time_Delta_ms,Certificate_9_Origin,Certificate_10_Time_Delta_ms,Certificate_10_Origin
0,1,2026-04-03T09:49:38.560Z,13633.000,7,9170.000,sRrp0ZiEenIEqwEV,10089.000,jgBHfjfbNleko2Dt,10839.000,7z+hv5WDnSUYTapr,11560.000,ahO5G+QMJW9JXaZF,13092.000,8hVPVElPDyJLGNul,13574.000,ZNeI4CIi8cYNeSIl,13633.000,RQhhLWQoTrRIOUIj,,,,,,
0,2,2026-04-03T09:49:52.193Z,945.000,7,208.000,jgBHfjfbNleko2Dt,209.000,RQhhLWQoTrRIOUIj,310.000,sRrp0ZiEenIEqwEV,311.000,7z+hv5WDnSUYTapr,313.000,ahO5G+QMJW9JXaZF,871.000,8hVPVElPDyJLGNul,1087.000,ZNeI4CIi8cYNeSIl,,,,,,
0,3,2026-04-03T09:49:53.138Z,606.000,8,134.000,RQhhLWQoTrRIOUIj,206.000,7z+hv5WDnSUYTapr,207.000,ahO5G+QMJW9JXaZF,208.000,sRrp0ZiEenIEqwEV,209.000,jgBHfjfbNleko2Dt,501.000,8hVPVElPDyJLGNul,606.000,mFtsU2NLbV393iPp,720.000,ZNeI4CIi8cYNeSIl,,,,
0,4,2026-04-03T09:49:53.744Z,416.000,9,206.000,RQhhLWQoTrRIOUIj,210.000,jgBHfjfbNleko2Dt,211.000,mFtsU2NLbV393iPp,311.000,7z+hv5WDnSUYTapr,312.000,ahO5G+QMJW9JXaZF,312.000,sRrp0ZiEenIEqwEV,416.000,8hVPVElPDyJLGNul,473.000,RAVUzYYMBq+gCXIY,582.000,ZNeI4CIi8cYNeSIl,,
0,5,2026-04-03T09:49:54.160Z,311.000,8,207.000,sRrp0ZiEenIEqwEV,209.000,7z+hv5WDnSUYTapr,211.000,jgBHfjfbNleko2Dt,213.000,ahO5G+QMJW9JXaZF,305.000,8hVPVElPDyJLGNul,308.000,mFtsU2NLbV393iPp,311.000,RQhhLWQoTrRIOUIj,574.000,ZNeI4CIi8cYNeSIl,,,,
0,6,2026-04-03T09:49:54.471Z,351.000,7,210.000,jgBHfjfbNleko2Dt,211.000,RQhhLWQoTrRIOUIj,254.000,mFtsU2NLbV393iPp,312.000,sRrp0ZiEenIEqwEV,312.000,7z+hv5WDnSUYTapr,313.000,ahO5G+QMJW9JXaZF,353.000,8hVPVElPDyJLGNul,,,,,,
0,7,2026-04-03T09:49:54.822Z,276.000,8,173.000,mFtsU2NLbV393iPp,203.000,jgBHfjfbNleko2Dt,205.000,RQhhLWQoTrRIOUIj,268.000,ahO5G+QMJW9JXaZF,270.000,sRrp0ZiEenIEqwEV,275.000,7z+hv5WDnSUYTapr,308.000,8hVPVElPDyJLGNul,511.000,ZNeI4CIi8cYNeSIl,,,,
0,8,2026-04-03T09:49:55.098Z,307.000,9,204.000,mFtsU2NLbV393iPp,237.000,jgBHfjfbNleko2Dt,239.000,RQhhLWQoTrRIOUIj,303.000,ahO5G+QMJW9JXaZF,304.000,sRrp0ZiEenIEqwEV,306.000,7z+hv5WDnSUYTapr,344.000,8hVPVElPDyJLGNul,533.000,RAVUzYYMBq+gCXIY,543.000,ZNeI4CIi8cYNeSIl,,
0,9,2026-04-03T09:49:55.405Z,310.000,8,205.000,mFtsU2NLbV393iPp,207.000,jgBHfjfbNleko2Dt,241.000,RQhhLWQoTrRIOUIj,306.000,ahO5G+QMJW9JXaZF,345.000,8hVPVElPDyJLGNul,311.000,sRrp0ZiEenIEqwEV,312.000,7z+hv5WDnSUYTapr,542.000,ZNeI4CIi8cYNeSIl,,,,
0,10,2026-04-03T09:49:55.715Z,307.000,7,203.000,mFtsU2NLbV393iPp,235.000,jgBHfjfbNleko2Dt,243.000,RQhhLWQoTrRIOUIj,305.000,ahO5G+QMJW9JXaZF,348.000,8hVPVElPDyJLGNul,308.000,7z+hv5WDnSUYTapr,312.000,sRrp0ZiEenIEqwEV,,,,,,
0,11,2026-04-03T09:49:56.022Z,309.000,8,205.000,mFtsU2NLbV393iPp,231.000,jgBHfjfbNleko2Dt,243.000,RQhhLWQoTrRIOUIj,305.000,ahO5G+QMJW9JXaZF,306.000,7z+hv5WDnSUYTapr,349.000,8hVPVElPDyJLGNul,312.000,sRrp0ZiEenIEqwEV,595.000,RAVUzYYMBq+gCXIY,,,,
0,12,2026-04-03T09:49:56.331Z,310.000,7,206.000,mFtsU2NLbV393iPp,229.000,jgBHfjfbNleko2Dt,242.000,RQhhLWQoTrRIOUIj,304.000,ahO5G+QMJW9JXaZF,308.000,7z+hv5WDnSUYTapr,346.000,8hVPVElPDyJLGNul,310.000,sRrp0ZiEenIEqwEV,,,,,,
0,13,2026-04-03T09:49:56.641Z,308.000,9,202.000,mFtsU2NLbV393iPp,229.000,jgBHfjfbNleko2Dt,241.000,RQhhLWQoTrRIOUIj,303.000,ahO5G+QMJW9JXaZF,308.000,sRrp0ZiEenIEqwEV,345.000,8hVPVElPDyJLGNul,313.000,7z+hv5WDnSUYTapr,542.000,ZNeI4CIi8cYNeSIl,544.000,oDVDcsz2DDcqmuZv,,
0,14,2026-04-03T09:49:56.949Z,306.000,8,203.000,mFtsU2NLbV393iPp,230.000,jgBHfjfbNleko2Dt,241.000,RQhhLWQoTrRIOUIj,309.000,sRrp0ZiEenIEqwEV,310.000,7z+hv5WDnSUYTapr,344.000,8hVPVElPDyJLGNul,307.000,ahO5G+QMJW9JXaZF,690.000,oDVDcsz2DDcqmuZv,,,,
0,15,2026-04-03T09:49:57.255Z,313.000,9,208.000,mFtsU2NLbV393iPp,231.000,jgBHfjfbNleko2Dt,242.000,RQhhLWQoTrRIOUIj,307.000,ahO5G+QMJW9JXaZF,314.000,sRrp0ZiEenIEqwEV,315.000,7z+hv5WDnSUYTapr,348.000,8hVPVElPDyJLGNul,543.000,ZNeI4CIi8cYNeSIl,547.000,RAVUzYYMBq+gCXIY,,
0,16,2026-04-03T09:49:57.568Z,309.000,7,205.000,mFtsU2NLbV393iPp,227.000,jgBHfjfbNleko2Dt,241.000,RQhhLWQoTrRIOUIj,303.000,ahO5G+QMJW9JXaZF,312.000,7z+hv5WDnSUYTapr,310.000,sRrp0ZiEenIEqwEV,346.000,8hVPVElPDyJLGNul,,,,,,
0,17,2026-04-03T09:49:57.877Z,315.000,8,210.000,mFtsU2NLbV393iPp,225.000,jgBHfjfbNleko2Dt,246.000,RQhhLWQoTrRIOUIj,302.000,ahO5G+QMJW9JXaZF,310.000,sRrp0ZiEenIEqwEV,312.000,7z+hv5WDnSUYTapr,349.000,8hVPVElPDyJLGNul,555.000,ZNeI4CIi8cYNeSIl,,,,
0,18,2026-04-03T09:49:58.192Z,306.000,8,204.000,mFtsU2NLbV393iPp,218.000,jgBHfjfbNleko2Dt,241.000,RQhhLWQoTrRIOUIj,298.000,ahO5G+QMJW9JXaZF,305.000,sRrp0ZiEenIEqwEV,343.000,8hVPVElPDyJLGNul,306.000,7z+hv5WDnSUYTapr,501.000,RAVUzYYMBq+gCXIY,,,,
0,19,2026-04-03T09:49:58.498Z,309.000,9,208.000,mFtsU2NLbV393iPp,223.000,jgBHfjfbNleko2Dt,243.000,RQhhLWQoTrRIOUIj,304.000,7z+hv5WDnSUYTapr,305.000,sRrp0ZiEenIEqwEV,306.000,ahO5G+QMJW9JXaZF,347.000,8hVPVElPDyJLGNul,492.000,ZNeI4CIi8cYNeSIl,500.000,oDVDcsz2DDcqmuZv,,
0,20,2026-04-03T09:49:58.807Z,316.000,9,210.000,mFtsU2NLbV393iPp,223.000,jgBHfjfbNleko2Dt,241.000,RQhhLWQoTrRIOUIj,301.000,7z+hv5WDnSUYTapr,306.000,ahO5G+QMJW9JXaZF,308.000,sRrp0ZiEenIEqwEV,341.000,8hVPVElPDyJLGNul,452.000,ZNeI4CIi8cYNeSIl,501.000,RAVUzYYMBq+gCXIY,,
0,21,2026-04-03T09:49:59.123Z,304.000,10,205.000,mFtsU2NLbV393iPp,217.000,jgBHfjfbNleko2Dt,230.000,RQhhLWQoTrRIOUIj,295.000,7z+hv5WDnSUYTapr,298.000,sRrp0ZiEenIEqwEV,301.000,ahO5G+QMJW9JXaZF,333.000,8hVPVElPDyJLGNul,467.000,ZNeI4CIi8cYNeSIl,468.000,RAVUzYYMBq+gCXIY,473.000,oDVDcsz2DDcqmuZv
0,22,2026-04-03T09:49:59.427Z,306.000,10,203.000,mFtsU2NLbV393iPp,220.000,jgBHfjfbNleko2Dt,235.000,RQhhLWQoTrRIOUIj,302.000,7z+hv5WDnSUYTapr,302.000,sRrp0ZiEenIEqwEV,307.000,ahO5G+QMJW9JXaZF,337.000,8hVPVElPDyJLGNul,461.000,RAVUzYYMBq+gCXIY,463.000,ZNeI4CIi8cYNeSIl,468.000,oDVDcsz2DDcqmuZv
0,23,2026-04-03T09:49:59.733Z,305.000,10,200.000,mFtsU2NLbV393iPp,227.000,jgBHfjfbNleko2Dt,235.000,RQhhLWQoTrRIOUIj,304.000,sRrp0ZiEenIEqwEV,305.000,7z+hv5WDnSUYTapr,316.000,ahO5G+QMJW9JXaZF,338.000,8hVPVElPDyJLGNul,462.000,ZNeI4CIi8cYNeSIl,467.000,RAVUzYYMBq+gCXIY,472.000,oDVDcsz2DDcqmuZv
0,24,2026-04-03T09:50:00.038Z,314.000,10,207.000,mFtsU2NLbV393iPp,231.000,jgBHfjfbNleko2Dt,239.000,RQhhLWQoTrRIOUIj,308.000,sRrp0ZiEenIEqwEV,308.000,7z+hv5WDnSUYTapr,342.000,8hVPVElPDyJLGNul,317.000,ahO5G+QMJW9JXaZF,466.000,ZNeI4CIi8cYNeSIl,467.000,RAVUzYYMBq+gCXIY,471.000,oDVDcsz2DDcqmuZv
0,25,2026-04-03T09:50:00.352Z,305.000,10,203.000,mFtsU2NLbV393iPp,223.000,jgBHfjfbNleko2Dt,232.000,RQhhLWQoTrRIOUIj,301.000,sRrp0ZiEenIEqwEV,302.000,7z+hv5WDnSUYTapr,334.000,8hVPVElPDyJLGNul,316.000,ahO5G+QMJW9JXaZF,463.000,oDVDcsz2DDcqmuZv,471.000,ZNeI4CIi8cYNeSIl,474.000,RAVUzYYMBq+gCXIY
0,26,2026-04-03T09:50:00.657Z,307.000,9,203.000,mFtsU2NLbV393iPp,221.000,jgBHfjfbNleko2Dt,233.000,RQhhLWQoTrRIOUIj,303.000,sRrp0ZiEenIEqwEV,315.000,ahO5G+QMJW9JXaZF,309.000,7z+hv5WDnSUYTapr,336.000,8hVPVElPDyJLGNul,465.000,oDVDcsz2DDcqmuZv,470.000,ZNeI4CIi8cYNeSIl,,
0,27,2026-04-03T09:50:00.964Z,307.000,10,203.000,mFtsU2NLbV393iPp,222.000,jgBHfjfbNleko2Dt,232.000,RQhhLWQoTrRIOUIj,301.000,sRrp0ZiEenIEqwEV,315.000,7z+hv5WDnSUYTapr,312.000,ahO5G+QMJW9JXaZF,338.000,8hVPVElPDyJLGNul,469.000,oDVDcsz2DDcqmuZv,472.000,ZNeI4CIi8cYNeSIl,473.000,RAVUzYYMBq+gCXIY
0,28,2026-04-03T09:50:01.271Z,312.000,9,204.000,mFtsU2NLbV393iPp,222.000,jgBHfjfbNleko2Dt,239.000,RQhhLWQoTrRIOUIj,305.000,sRrp0ZiEenIEqwEV,316.000,ahO5G+QMJW9JXaZF,343.000,8hVPVElPDyJLGNul,318.000,7z+hv5WDnSUYTapr,496.000,ZNeI4CIi8cYNeSIl,499.000,oDVDcsz2DDcqmuZv,,
0,29,2026-04-03T09:50:01.583Z,309.000,9,202.000,mFtsU2NLbV393iPp,218.000,jgBHfjfbNleko2Dt,235.000,RQhhLWQoTrRIOUIj,305.000,sRrp0ZiEenIEqwEV,308.000,ahO5G+QMJW9JXaZF,335.000,8hVPVElPDyJLGNul,318.000,7z+hv5WDnSUYTapr,461.000,ZNeI4CIi8cYNeSIl,465.000,RAVUzYYMBq+gCXIY,,
0,30,2026-04-03T09:50:01.892Z,310.000,10,206.000,mFtsU2NLbV393iPp,218.000,jgBHfjfbNleko2Dt,228.000,RQhhLWQoTrRIOUIj,301.000,sRrp0ZiEenIEqwEV,306.000,ahO5G+QMJW9JXaZF,333.000,8hVPVElPDyJLGNul,316.000,7z+hv5WDnSUYTapr,456.000,ZNeI4CIi8cYNeSIl,460.000,oDVDcsz2DDcqmuZv,497.000,RAVUzYYMBq+gCXIY
0,31,2026-04-03T09:50:02.202Z,309.000,9,206.000,mFtsU2NLbV393iPp,216.000,jgBHfjfbNleko2Dt,230.000,RQhhLWQoTrRIOUIj,301.000,sRrp0ZiEenIEqwEV,305.000,ahO5G+QMJW9JXaZF,315.000,7z+hv5WDnSUYTapr,331.000,8hVPVElPDyJLGNul,490.000,RAVUzYYMBq+gCXIY,491.000,ZNeI4CIi8cYNeSIl,,
0,32,2026-04-03T09:50:02.511Z,310.000,10,205.000,mFtsU2NLbV393iPp,218.000,jgBHfjfbNleko2Dt,230.000,RQhhLWQoTrRIOUIj,304.000,sRrp0ZiEenIEqwEV,311.000,ahO5G+QMJW9JXaZF,333.000,8hVPVElPDyJLGNul,319.000,7z+hv5WDnSUYTapr,459.000,ZNeI4CIi8cYNeSIl,460.000,oDVDcsz2DDcqmuZv,463.000,RAVUzYYMBq+gCXIY
0,33,2026-04-03T09:50:02.821Z,311.000,10,206.000,mFtsU2NLbV393iPp,217.000,jgBHfjfbNleko2Dt,230.000,RQhhLWQoTrRIOUIj,302.000,sRrp0ZiEenIEqwEV,307.000,ahO5G+QMJW9JXaZF,320.000,7z+hv5WDnSUYTapr,336.000,8hVPVElPDyJLGNul,453.000,RAVUzYYMBq+gCXIY,457.000,oDVDcsz2DDcqmuZv,458.000,ZNeI4CIi8cYNeSIl
0,34,2026-04-03T09:50:03.132Z,309.000,10,203.000,mFtsU2NLbV393iPp,213.000,jgBHfjfbNleko2Dt,228.000,RQhhLWQoTrRIOUIj,303.000,sRrp0ZiEenIEqwEV,305.000,ahO5G+QMJW9JXaZF,332.000,8hVPVElPDyJLGNul,313.000,7z+hv5WDnSUYTapr,453.000,oDVDcsz2DDcqmuZv,454.000,ZNeI4CIi8cYNeSIl,457.000,RAVUzYYMBq+gCXIY
0,35,2026-04-03T09:50:03.441Z,309.000,10,204.000,mFtsU2NLbV393iPp,212.000,jgBHfjfbNleko2Dt,227.000,RQhhLWQoTrRIOUIj,300.000,sRrp0ZiEenIEqwEV,307.000,7z+hv5WDnSUYTapr,330.000,8hVPVElPDyJLGNul,311.000,ahO5G+QMJW9JXaZF,447.000,oDVDcsz2DDcqmuZv,451.000,RAVUzYYMBq+gCXIY,453.000,ZNeI4CIi8cYNeSIl
0,36,2026-04-03T09:50:03.750Z,307.000,10,203.000,mFtsU2NLbV393iPp,212.000,jgBHfjfbNleko2Dt,224.000,RQhhLWQoTrRIOUIj,301.000,sRrp0ZiEenIEqwEV,329.000,8hVPVElPDyJLGNul,311.000,ahO5G+QMJW9JXaZF,311.000,7z+hv5WDnSUYTapr,454.000,RAVUzYYMBq+gCXIY,456.000,oDVDcsz2DDcqmuZv,459.000,ZNeI4CIi8cYNeSIl
0,37,2026-04-03T09:50:04.057Z,310.000,10,206.000,mFtsU2NLbV393iPp,211.000,jgBHfjfbNleko2Dt,228.000,RQhhLWQoTrRIOUIj,302.000,sRrp0ZiEenIEqwEV,315.000,7z+hv5WDnSUYTapr,334.000,8hVPVElPDyJLGNul,314.000,ahO5G+QMJW9JXaZF,460.000,oDVDcsz2DDcqmuZv,461.000,RAVUzYYMBq+gCXIY,463.000,ZNeI4CIi8cYNeSIl
0,38,2026-04-03T09:50:04.367Z,309.000,10,203.000,mFtsU2NLbV393iPp,205.000,jgBHfjfbNleko2Dt,228.000,RQhhLWQoTrRIOUIj,303.000,sRrp0ZiEenIEqwEV,314.000,7z+hv5WDnSUYTapr,329.000,8hVPVElPDyJLGNul,309.000,ahO5G+QMJW9JXaZF,473.000,ZNeI4CIi8cYNeSIl,474.000,oDVDcsz2DDcqmuZv,475.000,RAVUzYYMBq+gCXIY
0,39,2026-04-03T09:50:04.676Z,310.000,10,204.000,mFtsU2NLbV393iPp,208.000,jgBHfjfbNleko2Dt,226.000,RQhhLWQoTrRIOUIj,302.000,sRrp0ZiEenIEqwEV,306.000,ahO5G+QMJW9JXaZF,312.000,7z+hv5WDnSUYTapr,328.000,8hVPVElPDyJLGNul,476.000,RAVUzYYMBq+gCXIY,491.000,oDVDcsz2DDcqmuZv,494.000,ZNeI4CIi8cYNeSIl
0,40,2026-04-03T09:50:04.986Z,309.000,7,203.000,mFtsU2NLbV393iPp,207.000,jgBHfjfbNleko2Dt,225.000,RQhhLWQoTrRIOUIj,300.000,sRrp0ZiEenIEqwEV,308.000,ahO5G+QMJW9JXaZF,310.000,7z+hv5WDnSUYTapr,331.000,8hVPVElPDyJLGNul,,,,,,
0,41,2026-04-03T09:50:05.295Z,311.000,9,205.000,mFtsU2NLbV393iPp,208.000,jgBHfjfbNleko2Dt,227.000,RQhhLWQoTrRIOUIj,302.000,sRrp0ZiEenIEqwEV,304.000,7z+hv5WDnSUYTapr,330.000,8hVPVElPDyJLGNul,313.000,ahO5G+QMJW9JXaZF,477.000,ZNeI4CIi8cYNeSIl,486.000,RAVUzYYMBq+gCXIY,,
0,42,2026-04-03T09:50:05.606Z,311.000,10,207.000,mFtsU2NLbV393iPp,210.000,jgBHfjfbNleko2Dt,225.000,RQhhLWQoTrRIOUIj,302.000,7z+hv5WDnSUYTapr,303.000,sRrp0ZiEenIEqwEV,309.000,ahO5G+QMJW9JXaZF,331.000,8hVPVElPDyJLGNul,441.000,ZNeI4CIi8cYNeSIl,449.000,oDVDcsz2DDcqmuZv,451.000,RAVUzYYMBq+gCXIY
0,43,2026-04-03T09:50:05.917Z,305.000,10,202.000,mFtsU2NLbV393iPp,204.000,jgBHfjfbNleko2Dt,222.000,RQhhLWQoTrRIOUIj,299.000,7z+hv5WDnSUYTapr,302.000,sRrp0ZiEenIEqwEV,304.000,ahO5G+QMJW9JXaZF,325.000,8hVPVElPDyJLGNul,431.000,ZNeI4CIi8cYNeSIl,459.000,oDVDcsz2DDcqmuZv,475.000,RAVUzYYMBq+gCXIY
0,44,2026-04-03T09:50:06.222Z,309.000,10,206.000,mFtsU2NLbV393iPp,209.000,jgBHfjfbNleko2Dt,226.000,RQhhLWQoTrRIOUIj,305.000,7z+hv5WDnSUYTapr,307.000,sRrp0ZiEenIEqwEV,307.000,ahO5G+QMJW9JXaZF,329.000,8hVPVElPDyJLGNul,471.000,oDVDcsz2DDcqmuZv,473.000,RAVUzYYMBq+gCXIY,474.000,ZNeI4CIi8cYNeSIl
0,45,2026-04-03T09:50:06.531Z,311.000,10,205.000,mFtsU2NLbV393iPp,208.000,jgBHfjfbNleko2Dt,226.000,RQhhLWQoTrRIOUIj,306.000,7z+hv5WDnSUYTapr,311.000,ahO5G+QMJW9JXaZF,312.000,sRrp0ZiEenIEqwEV,331.000,8hVPVElPDyJLGNul,450.000,ZNeI4CIi8cYNeSIl,452.000,RAVUzYYMBq+gCXIY,460.000,oDVDcsz2DDcqmuZv
0,46,2026-04-03T09:50:06.842Z,305.000,10,201.000,mFtsU2NLbV393iPp,203.000,jgBHfjfbNleko2Dt,224.000,RQhhLWQoTrRIOUIj,307.000,ahO5G+QMJW9JXaZF,310.000,sRrp0ZiEenIEqwEV,305.000,7z+hv5WDnSUYTapr,327.000,8hVPVElPDyJLGNul,423.000,RAVUzYYMBq+gCXIY,425.000,ZNeI4CIi8cYNeSIl,427.000,oDVDcsz2DDcqmuZv
0,47,2026-04-03T09:50:07.147Z,309.000,10,204.000,mFtsU2NLbV393iPp,209.000,jgBHfjfbNleko2Dt,227.000,RQhhLWQoTrRIOUIj,309.000,7z+hv5WDnSUYTapr,313.000,sRrp0ZiEenIEqwEV,331.000,8hVPVElPDyJLGNul,312.000,ahO5G+QMJW9JXaZF,417.000,RAVUzYYMBq+gCXIY,455.000,oDVDcsz2DDcqmuZv,461.000,ZNeI4CIi8cYNeSIl
0,48,2026-04-03T09:50:07.456Z,307.000,10,202.000,mFtsU2NLbV393iPp,209.000,jgBHfjfbNleko2Dt,229.000,RQhhLWQoTrRIOUIj,305.000,7z+hv5WDnSUYTapr,334.000,8hVPVElPDyJLGNul,309.000,sRrp0ZiEenIEqwEV,311.000,ahO5G+QMJW9JXaZF,472.000,ZNeI4CIi8cYNeSIl,476.000,RAVUzYYMBq+gCXIY,483.000,oDVDcsz2DDcqmuZv
0,49,2026-04-03T09:50:07.763Z,306.000,9,201.000,mFtsU2NLbV393iPp,214.000,jgBHfjfbNleko2Dt,227.000,RQhhLWQoTrRIOUIj,312.000,ahO5G+QMJW9JXaZF,309.000,7z+hv5WDnSUYTapr,310.000,sRrp0ZiEenIEqwEV,329.000,8hVPVElPDyJLGNul,459.000,ZNeI4CIi8cYNeSIl,489.000,oDVDcsz2DDcqmuZv,,
0,50,2026-04-03T09:50:08.069Z,309.000,8,204.000,mFtsU2NLbV393iPp,215.000,jgBHfjfbNleko2Dt,230.000,RQhhLWQoTrRIOUIj,310.000,7z+hv5WDnSUYTapr,316.000,sRrp0ZiEenIEqwEV,315.000,ahO5G+QMJW9JXaZF,334.000,8hVPVElPDyJLGNul,494.000,RAVUzYYMBq+gCXIY,,,,
0,51,2026-04-03T09:50:08.378Z,306.000,10,201.000,mFtsU2NLbV393iPp,216.000,jgBHfjfbNleko2Dt,228.000,RQhhLWQoTrRIOUIj,316.000,ahO5G+QMJW9JXaZF,307.000,7z+hv5WDnSUYTapr,332.000,8hVPVElPDyJLGNul,313.000,sRrp0ZiEenIEqwEV,418.000,RAVUzYYMBq+gCXIY,426.000,ZNeI4CIi8cYNeSIl,428.000,oDVDcsz2DDcqmuZv
0,52,2026-04-03T09:50:08.684Z,309.000,8,204.000,mFtsU2NLbV393iPp,222.000,jgBHfjfbNleko2Dt,229.000,RQhhLWQoTrRIOUIj,305.000,7z+hv5WDnSUYTapr,323.000,ahO5G+QMJW9JXaZF,331.000,8hVPVElPDyJLGNul,315.000,sRrp0ZiEenIEqwEV,1011.000,RAVUzYYMBq+gCXIY,,,,
0,53,2026-04-03T09:50:08.993Z,324.000,9,220.000,mFtsU2NLbV393iPp,223.000,jgBHfjfbNleko2Dt,263.000,ahO5G+QMJW9JXaZF,267.000,RQhhLWQoTrRIOUIj,308.000,7z+hv5WDnSUYTapr,367.000,8hVPVElPDyJLGNul,353.000,sRrp0ZiEenIEqwEV,463.000,oDVDcsz2DDcqmuZv,990.000,ZNeI4CIi8cYNeSIl,,
0,54,2026-04-03T09:50:09.317Z,315.000,8,211.000,jgBHfjfbNleko2Dt,228.000,mFtsU2NLbV393iPp,245.000,RQhhLWQoTrRIOUIj,257.000,ahO5G+QMJW9JXaZF,293.000,7z+hv5WDnSUYTapr,346.000,8hVPVElPDyJLGNul,337.000,sRrp0ZiEenIEqwEV,550.000,oDVDcsz2DDcqmuZv,,,,
0,55,2026-04-03T09:50:09.632Z,295.000,7,186.000,jgBHfjfbNleko2Dt,235.000,RQhhLWQoTrRIOUIj,246.000,mFtsU2NLbV393iPp,252.000,ahO5G+QMJW9JXaZF,286.000,7z+hv5WDnSUYTapr,328.000,sRrp0ZiEenIEqwEV,339.000,8hVPVElPDyJLGNul,,,,,,
0,56,2026-04-03T09:50:09.927Z,305.000,7,202.000,mFtsU2NLbV393iPp,204.000,jgBHfjfbNleko2Dt,266.000,ahO5G+QMJW9JXaZF,283.000,RQhhLWQoTrRIOUIj,302.000,7z+hv5WDnSUYTapr,336.000,sRrp0ZiEenIEqwEV,403.000,8hVPVElPDyJLGNul,,,,,,
0,57,2026-04-03T09:50:10.232Z,316.000,8,215.000,jgBHfjfbNleko2Dt,215.000,mFtsU2NLbV393iPp,235.000,RQhhLWQoTrRIOUIj,305.000,7z+hv5WDnSUYTapr,311.000,8hVPVElPDyJLGNul,313.000,ahO5G+QMJW9JXaZF,340.000,sRrp0ZiEenIEqwEV,516.000,oDVDcsz2DDcqmuZv,,,,
0,58,2026-04-03T09:50:10.548Z,363.000,9,206.000,mFtsU2NLbV393iPp,234.000,jgBHfjfbNleko2Dt,269.000,RQhhLWQoTrRIOUIj,298.000,7z+hv5WDnSUYTapr,307.000,8hVPVElPDyJLGNul,361.000,ahO5G+QMJW9JXaZF,373.000,sRrp0ZiEenIEqwEV,515.000,RAVUzYYMBq+gCXIY,533.000,oDVDcsz2DDcqmuZv,,
0,59,2026-04-03T09:50:10.911Z,312.000,10,208.000,mFtsU2NLbV393iPp,210.000,jgBHfjfbNleko2Dt,241.000,7z+hv5WDnSUYTapr,247.000,RQhhLWQoTrRIOUIj,294.000,8hVPVElPDyJLGNul,350.000,ahO5G+QMJW9JXaZF,315.000,sRrp0ZiEenIEqwEV,399.000,ZNeI4CIi8cYNeSIl,405.000,oDVDcsz2DDcqmuZv,556.000,RAVUzYYMBq+gCXIY
0,60,2026-04-03T09:50:11.223Z,304.000,7,203.000,mFtsU2NLbV393iPp,242.000,RQhhLWQoTrRIOUIj,243.000,jgBHfjfbNleko2Dt,279.000,7z+hv5WDnSUYTapr,298.000,8hVPVElPDyJLGNul,309.000,sRrp0ZiEenIEqwEV,346.000,ahO5G+QMJW9JXaZF,,,,,,
0,61,2026-04-03T09:50:11.527Z,289.000,9,184.000,jgBHfjfbNleko2Dt,202.000,mFtsU2NLbV393iPp,252.000,RQhhLWQoTrRIOUIj,265.000,sRrp0ZiEenIEqwEV,290.000,7z+hv5WDnSUYTapr,354.000,ahO5G+QMJW9JXaZF,338.000,8hVPVElPDyJLGNul,589.000,RAVUzYYMBq+gCXIY,593.000,ZNeI4CIi8cYNeSIl,,
0,62,2026-04-03T09:50:11.816Z,424.000,10,301.000,mFtsU2NLbV393iPp,302.000,jgBHfjfbNleko2Dt,305.000,RQhhLWQoTrRIOUIj,340.000,sRrp0ZiEenIEqwEV,346.000,7z+hv5WDnSUYTapr,407.000,ahO5G+QMJW9JXaZF,424.000,8hVPVElPDyJLGNul,568.000,ZNeI4CIi8cYNeSIl,577.000,RAVUzYYMBq+gCXIY,671.000,oDVDcsz2DDcqmuZv
0,63,2026-04-03T09:50:12.240Z,305.000,7,188.000,mFtsU2NLbV393iPp,208.000,jgBHfjfbNleko2Dt,213.000,RQhhLWQoTrRIOUIj,214.000,sRrp0ZiEenIEqwEV,248.000,7z+hv5WDnSUYTapr,305.000,ahO5G+QMJW9JXaZF,317.000,8hVPVElPDyJLGNul,,,,,,
0,64,2026-04-03T09:50:12.545Z,298.000,9,198.000,RQhhLWQoTrRIOUIj,222.000,8hVPVElPDyJLGNul,252.000,sRrp0ZiEenIEqwEV,252.000,mFtsU2NLbV393iPp,253.000,jgBHfjfbNleko2Dt,253.000,7z+hv5WDnSUYTapr,298.000,ahO5G+QMJW9JXaZF,414.000,ZNeI4CIi8cYNeSIl,644.000,oDVDcsz2DDcqmuZv,,
0,65,2026-04-03T09:50:12.843Z,304.000,8,199.000,RQhhLWQoTrRIOUIj,209.000,mFtsU2NLbV393iPp,218.000,jgBHfjfbNleko2Dt,245.000,8hVPVElPDyJLGNul,252.000,sRrp0ZiEenIEqwEV,262.000,7z+hv5WDnSUYTapr,304.000,ahO5G+QMJW9JXaZF,580.000,ZNeI4CIi8cYNeSIl,,,,
0,66,2026-04-03T09:50:13.147Z,395.000,9,206.000,RQhhLWQoTrRIOUIj,219.000,jgBHfjfbNleko2Dt,256.000,sRrp0ZiEenIEqwEV,264.000,8hVPVElPDyJLGNul,309.000,ahO5G+QMJW9JXaZF,347.000,7z+hv5WDnSUYTapr,395.000,mFtsU2NLbV393iPp,549.000,RAVUzYYMBq+gCXIY,583.000,oDVDcsz2DDcqmuZv,,
0,67,2026-04-03T09:50:13.542Z,348.000,8,247.000,jgBHfjfbNleko2Dt,248.000,RQhhLWQoTrRIOUIj,249.000,mFtsU2NLbV393iPp,317.000,sRrp0ZiEenIEqwEV,323.000,8hVPVElPDyJLGNul,325.000,7z+hv5WDnSUYTapr,350.000,ahO5G+QMJW9JXaZF,578.000,ZNeI4CIi8cYNeSIl,,,,
0,68,2026-04-03T09:50:13.890Z,348.000,9,211.000,jgBHfjfbNleko2Dt,212.000,mFtsU2NLbV393iPp,224.000,RQhhLWQoTrRIOUIj,243.000,ahO5G+QMJW9JXaZF,324.000,8hVPVElPDyJLGNul,325.000,sRrp0ZiEenIEqwEV,348.000,7z+hv5WDnSUYTapr,753.000,ZNeI4CIi8cYNeSIl,983.000,oDVDcsz2DDcqmuZv,,
0,69,2026-04-03T09:50:14.238Z,311.000,8,207.000,mFtsU2NLbV393iPp,209.000,jgBHfjfbNleko2Dt,209.000,RQhhLWQoTrRIOUIj,286.000,sRrp0ZiEenIEqwEV,288.000,8hVPVElPDyJLGNul,309.000,7z+hv5WDnSUYTapr,315.000,ahO5G+QMJW9JXaZF,576.000,ZNeI4CIi8cYNeSIl,,,,
0,70,2026-04-03T09:50:14.549Z,306.000,8,201.000,jgBHfjfbNleko2Dt,204.000,RQhhLWQoTrRIOUIj,206.000,mFtsU2NLbV393iPp,283.000,8hVPVElPDyJLGNul,291.000,sRrp0ZiEenIEqwEV,309.000,7z+hv5WDnSUYTapr,308.000,ahO5G+QMJW9JXaZF,754.000,oDVDcsz2DDcqmuZv,,,,
0,71,2026-04-03T09:50:14.855Z,306.000,8,200.000,jgBHfjfbNleko2Dt,216.000,mFtsU2NLbV393iPp,229.000,RQhhLWQoTrRIOUIj,249.000,ahO5G+QMJW9JXaZF,284.000,sRrp0ZiEenIEqwEV,308.000,7z+hv5WDnSUYTapr,334.000,8hVPVElPDyJLGNul,439.000,ZNeI4CIi8cYNeSIl,,,,
0,72,2026-04-03T09:50:15.161Z,326.000,9,204.000,jgBHfjfbNleko2Dt,220.000,RQhhLWQoTrRIOUIj,223.000,mFtsU2NLbV393iPp,278.000,8hVPVElPDyJLGNul,304.000,ahO5G+QMJW9JXaZF,313.000,7z+hv5WDnSUYTapr,325.000,sRrp0ZiEenIEqwEV,541.000,ZNeI4CIi8cYNeSIl,544.000,oDVDcsz2DDcqmuZv,,
0,73,2026-04-03T09:50:15.487Z,295.000,8,212.000,jgBHfjfbNleko2Dt,220.000,mFtsU2NLbV393iPp,221.000,RQhhLWQoTrRIOUIj,298.000,8hVPVElPDyJLGNul,315.000,sRrp0ZiEenIEqwEV,319.000,ahO5G+QMJW9JXaZF,317.000,7z+hv5WDnSUYTapr,1071.000,RAVUzYYMBq+gCXIY,,,,
0,74,2026-04-03T09:50:15.782Z,309.000,10,202.000,jgBHfjfbNleko2Dt,232.000,RQhhLWQoTrRIOUIj,257.000,mFtsU2NLbV393iPp,328.000,ahO5G+QMJW9JXaZF,326.000,sRrp0ZiEenIEqwEV,335.000,7z+hv5WDnSUYTapr,315.000,8hVPVElPDyJLGNul,467.000,RAVUzYYMBq+gCXIY,509.000,oDVDcsz2DDcqmuZv,550.000,ZNeI4CIi8cYNeSIl
0,75,2026-04-03T09:50:16.091Z,314.000,8,203.000,jgBHfjfbNleko2Dt,229.000,RQhhLWQoTrRIOUIj,286.000,mFtsU2NLbV393iPp,311.000,8hVPVElPDyJLGNul,332.000,7z+hv5WDnSUYTapr,324.000,ahO5G+QMJW9JXaZF,325.000,sRrp0ZiEenIEqwEV,985.000,oDVDcsz2DDcqmuZv,,,,
0,76,2026-04-03T09:50:16.405Z,347.000,9,241.000,jgBHfjfbNleko2Dt,246.000,mFtsU2NLbV393iPp,258.000,RQhhLWQoTrRIOUIj,310.000,8hVPVElPDyJLGNul,315.000,sRrp0ZiEenIEqwEV,329.000,7z+hv5WDnSUYTapr,361.000,ahO5G+QMJW9JXaZF,591.000,oDVDcsz2DDcqmuZv,793.000,RAVUzYYMBq+gCXIY,,
0,77,2026-04-03T09:50:16.752Z,304.000,8,200.000,mFtsU2NLbV393iPp,203.000,jgBHfjfbNleko2Dt,218.000,RQhhLWQoTrRIOUIj,271.000,8hVPVElPDyJLGNul,293.000,7z+hv5WDnSUYTapr,316.000,sRrp0ZiEenIEqwEV,322.000,ahO5G+QMJW9JXaZF,787.000,ZNeI4CIi8cYNeSIl,,,,
0,78,2026-04-03T09:50:17.056Z,311.000,8,202.000,mFtsU2NLbV393iPp,204.000,jgBHfjfbNleko2Dt,224.000,RQhhLWQoTrRIOUIj,268.000,ahO5G+QMJW9JXaZF,295.000,7z+hv5WDnSUYTapr,309.000,8hVPVElPDyJLGNul,328.000,sRrp0ZiEenIEqwEV,607.000,RAVUzYYMBq+gCXIY,,,,
0,79,2026-04-03T09:50:17.367Z,302.000,8,242.000,mFtsU2NLbV393iPp,248.000,jgBHfjfbNleko2Dt,251.000,RQhhLWQoTrRIOUIj,267.000,sRrp0ZiEenIEqwEV,277.000,ahO5G+QMJW9JXaZF,289.000,7z+hv5WDnSUYTapr,302.000,8hVPVElPDyJLGNul,565.000,oDVDcsz2DDcqmuZv,,,,
0,80,2026-04-03T09:50:17.669Z,305.000,9,202.000,mFtsU2NLbV393iPp,251.000,jgBHfjfbNleko2Dt,261.000,RQhhLWQoTrRIOUIj,272.000,sRrp0ZiEenIEqwEV,284.000,ahO5G+QMJW9JXaZF,298.000,7z+hv5WDnSUYTapr,308.000,8hVPVElPDyJLGNul,452.000,RAVUzYYMBq+gCXIY,571.000,ZNeI4CIi8cYNeSIl,,
0,81,2026-04-03T09:50:17.974Z,341.000,7,204.000,mFtsU2NLbV393iPp,206.000,RQhhLWQoTrRIOUIj,268.000,jgBHfjfbNleko2Dt,282.000,sRrp0ZiEenIEqwEV,286.000,ahO5G+QMJW9JXaZF,300.000,7z+hv5WDnSUYTapr,344.000,8hVPVElPDyJLGNul,,,,,,
0,82,2026-04-03T09:50:18.315Z,277.000,9,175.000,mFtsU2NLbV393iPp,187.000,RQhhLWQoTrRIOUIj,239.000,jgBHfjfbNleko2Dt,256.000,ahO5G+QMJW9JXaZF,266.000,7z+hv5WDnSUYTapr,280.000,8hVPVElPDyJLGNul,291.000,sRrp0ZiEenIEqwEV,514.000,RAVUzYYMBq+gCXIY,766.000,oDVDcsz2DDcqmuZv,,
0,83,2026-04-03T09:50:18.592Z,308.000,10,203.000,mFtsU2NLbV393iPp,214.000,jgBHfjfbNleko2Dt,257.000,RQhhLWQoTrRIOUIj,291.000,ahO5G+QMJW9JXaZF,300.000,7z+hv5WDnSUYTapr,314.000,8hVPVElPDyJLGNul,360.000,sRrp0ZiEenIEqwEV,473.000,RAVUzYYMBq+gCXIY,516.000,oDVDcsz2DDcqmuZv,827.000,ZNeI4CIi8cYNeSIl
0,84,2026-04-03T09:50:18.900Z,309.000,9,201.000,mFtsU2NLbV393iPp,252.000,jgBHfjfbNleko2Dt,255.000,RQhhLWQoTrRIOUIj,301.000,7z+hv5WDnSUYTapr,359.000,sRrp0ZiEenIEqwEV,333.000,ahO5G+QMJW9JXaZF,312.000,8hVPVElPDyJLGNul,520.000,ZNeI4CIi8cYNeSIl,635.000,RAVUzYYMBq+gCXIY,,
0,85,2026-04-03T09:50:19.209Z,319.000,10,214.000,mFtsU2NLbV393iPp,249.000,jgBHfjfbNleko2Dt,273.000,RQhhLWQoTrRIOUIj,313.000,7z+hv5WDnSUYTapr,315.000,8hVPVElPDyJLGNul,355.000,sRrp0ZiEenIEqwEV,376.000,ahO5G+QMJW9JXaZF,557.000,RAVUzYYMBq+gCXIY,1022.000,oDVDcsz2DDcqmuZv,793.000,ZNeI4CIi8cYNeSIl
0,86,2026-04-03T09:50:19.528Z,343.000,8,237.000,jgBHfjfbNleko2Dt,241.000,mFtsU2NLbV393iPp,257.000,RQhhLWQoTrRIOUIj,304.000,7z+hv5WDnSUYTapr,308.000,8hVPVElPDyJLGNul,341.000,sRrp0ZiEenIEqwEV,360.000,ahO5G+QMJW9JXaZF,711.000,RAVUzYYMBq+gCXIY,,,,
0,87,2026-04-03T09:50:19.871Z,280.000,9,175.000,mFtsU2NLbV393iPp,215.000,jgBHfjfbNleko2Dt,260.000,RQhhLWQoTrRIOUIj,269.000,7z+hv5WDnSUYTapr,274.000,8hVPVElPDyJLGNul,308.000,sRrp0ZiEenIEqwEV,364.000,ahO5G+QMJW9JXaZF,831.000,oDVDcsz2DDcqmuZv,1069.000,ZNeI4CIi8cYNeSIl,,
0,88,2026-04-03T09:50:20.151Z,309.000,7,203.000,mFtsU2NLbV393iPp,242.000,jgBHfjfbNleko2Dt,258.000,RQhhLWQoTrRIOUIj,297.000,ahO5G+QMJW9JXaZF,302.000,7z+hv5WDnSUYTapr,304.000,8hVPVElPDyJLGNul,337.000,sRrp0ZiEenIEqwEV,,,,,,
0,89,2026-04-03T09:50:20.460Z,339.000,8,236.000,mFtsU2NLbV393iPp,236.000,RQhhLWQoTrRIOUIj,279.000,jgBHfjfbNleko2Dt,305.000,ahO5G+QMJW9JXaZF,306.000,8hVPVElPDyJLGNul,306.000,7z+hv5WDnSUYTapr,339.000,sRrp0ZiEenIEqwEV,564.000,RAVUzYYMBq+gCXIY,,,,
0,90,2026-04-03T09:50:20.799Z,339.000,7,172.000,jgBHfjfbNleko2Dt,204.000,mFtsU2NLbV393iPp,205.000,RQhhLWQoTrRIOUIj,269.000,ahO5G+QMJW9JXaZF,279.000,7z+hv5WDnSUYTapr,308.000,sRrp0ZiEenIEqwEV,339.000,8hVPVElPDyJLGNul,,,,,,
0,91,2026-04-03T09:50:21.138Z,352.000,8,245.000,7z+hv5WDnSUYTapr,251.000,mFtsU2NLbV393iPp,253.000,RQhhLWQoTrRIOUIj,265.000,jgBHfjfbNleko2Dt,274.000,sRrp0ZiEenIEqwEV,286.000,ahO5G+QMJW9JXaZF,354.000,8hVPVElPDyJLGNul,537.000,oDVDcsz2DDcqmuZv,,,,
0,92,2026-04-03T09:50:21.490Z,303.000,8,201.000,jgBHfjfbNleko2Dt,205.000,mFtsU2NLbV393iPp,208.000,RQhhLWQoTrRIOUIj,227.000,sRrp0ZiEenIEqwEV,235.000,7z+hv5WDnSUYTapr,249.000,ahO5G+QMJW9JXaZF,311.000,8hVPVElPDyJLGNul,840.000,oDVDcsz2DDcqmuZv,,,,
0,93,2026-04-03T09:50:21.793Z,316.000,8,210.000,mFtsU2NLbV393iPp,212.000,RQhhLWQoTrRIOUIj,232.000,jgBHfjfbNleko2Dt,248.000,7z+hv5WDnSUYTapr,256.000,ahO5G+QMJW9JXaZF,285.000,sRrp0ZiEenIEqwEV,316.000,8hVPVElPDyJLGNul,773.000,ZNeI4CIi8cYNeSIl,,,,
0,94,2026-04-03T09:50:22.109Z,331.000,10,243.000,7z+hv5WDnSUYTapr,248.000,ahO5G+QMJW9JXaZF,278.000,sRrp0ZiEenIEqwEV,295.000,mFtsU2NLbV393iPp,296.000,RQhhLWQoTrRIOUIj,318.000,jgBHfjfbNleko2Dt,330.000,8hVPVElPDyJLGNul,462.000,RAVUzYYMBq+gCXIY,506.000,oDVDcsz2DDcqmuZv,996.000,ZNeI4CIi8cYNeSIl
0,95,2026-04-03T09:50:22.440Z,338.000,7,233.000,RQhhLWQoTrRIOUIj,241.000,mFtsU2NLbV393iPp,252.000,jgBHfjfbNleko2Dt,296.000,7z+hv5WDnSUYTapr,297.000,sRrp0ZiEenIEqwEV,331.000,8hVPVElPDyJLGNul,338.000,ahO5G+QMJW9JXaZF,,,,,,
0,96,2026-04-03T09:50:22.778Z,422.000,7,201.000,mFtsU2NLbV393iPp,247.000,jgBHfjfbNleko2Dt,250.000,RQhhLWQoTrRIOUIj,328.000,8hVPVElPDyJLGNul,329.000,sRrp0ZiEenIEqwEV,352.000,ahO5G+QMJW9JXaZF,627.000,7z+hv5WDnSUYTapr,,,,,,
0,97,2026-04-03T09:50:23.200Z,302.000,10,108.000,sRrp0ZiEenIEqwEV,209.000,mFtsU2NLbV393iPp,210.000,RQhhLWQoTrRIOUIj,213.000,jgBHfjfbNleko2Dt,213.000,8hVPVElPDyJLGNul,266.000,ahO5G+QMJW9JXaZF,310.000,7z+hv5WDnSUYTapr,362.000,oDVDcsz2DDcqmuZv,542.000,RAVUzYYMBq+gCXIY,880.000,ZNeI4CIi8cYNeSIl
0,98,2026-04-03T09:50:23.502Z,308.000,10,203.000,jgBHfjfbNleko2Dt,214.000,RQhhLWQoTrRIOUIj,223.000,8hVPVElPDyJLGNul,266.000,sRrp0ZiEenIEqwEV,272.000,ahO5G+QMJW9JXaZF,289.000,mFtsU2NLbV393iPp,313.000,7z+hv5WDnSUYTapr,480.000,RAVUzYYMBq+gCXIY,819.000,oDVDcsz2DDcqmuZv,1054.000,ZNeI4CIi8cYNeSIl
0,99,2026-04-03T09:50:23.810Z,305.000,9,203.000,jgBHfjfbNleko2Dt,212.000,RQhhLWQoTrRIOUIj,247.000,mFtsU2NLbV393iPp,290.000,8hVPVElPDyJLGNul,293.000,ahO5G+QMJW9JXaZF,295.000,sRrp0ZiEenIEqwEV,315.000,7z+hv5WDnSUYTapr,470.000,oDVDcsz2DDcqmuZv,483.000,ZNeI4CIi8cYNeSIl,,
0,100,2026-04-03T09:50:24.115Z,339.000,8,232.000,RQhhLWQoTrRIOUIj,235.000,jgBHfjfbNleko2Dt,249.000,mFtsU2NLbV393iPp,290.000,8hVPVElPDyJLGNul,296.000,sRrp0ZiEenIEqwEV,320.000,7z+hv5WDnSUYTapr,339.000,ahO5G+QMJW9JXaZF,560.000,RAVUzYYMBq+gCXIY,,,,
0,101,2026-04-03T09:50:24.454Z,307.000,8,205.000,RQhhLWQoTrRIOUIj,208.000,jgBHfjfbNleko2Dt,220.000,mFtsU2NLbV393iPp,265.000,sRrp0ZiEenIEqwEV,288.000,7z+hv5WDnSUYTapr,298.000,8hVPVElPDyJLGNul,307.000,ahO5G+QMJW9JXaZF,755.000,ZNeI4CIi8cYNeSIl,,,,
0,102,2026-04-03T09:50:24.761Z,307.000,7,203.000,jgBHfjfbNleko2Dt,205.000,RQhhLWQoTrRIOUIj,224.000,mFtsU2NLbV393iPp,269.000,sRrp0ZiEenIEqwEV,290.000,7z+hv5WDnSUYTapr,302.000,8hVPVElPDyJLGNul,307.000,ahO5G+QMJW9JXaZF,,,,,,
0,103,2026-04-03T09:50:25.068Z,312.000,9,209.000,jgBHfjfbNleko2Dt,211.000,RQhhLWQoTrRIOUIj,251.000,mFtsU2NLbV393iPp,291.000,7z+hv5WDnSUYTapr,303.000,8hVPVElPDyJLGNul,312.000,ahO5G+QMJW9JXaZF,314.000,sRrp0ZiEenIEqwEV,542.000,RAVUzYYMBq+gCXIY,785.000,oDVDcsz2DDcqmuZv,,
0,104,2026-04-03T09:50:25.380Z,366.000,10,203.000,jgBHfjfbNleko2Dt,204.000,RQhhLWQoTrRIOUIj,224.000,mFtsU2NLbV393iPp,259.000,sRrp0ZiEenIEqwEV,303.000,8hVPVElPDyJLGNul,308.000,ahO5G+QMJW9JXaZF,367.000,7z+hv5WDnSUYTapr,437.000,oDVDcsz2DDcqmuZv,470.000,RAVUzYYMBq+gCXIY,710.000,ZNeI4CIi8cYNeSIl
0,105,2026-04-03T09:50:25.746Z,307.000,10,204.000,RQhhLWQoTrRIOUIj,206.000,jgBHfjfbNleko2Dt,208.000,mFtsU2NLbV393iPp,248.000,ahO5G+QMJW9JXaZF,249.000,sRrp0ZiEenIEqwEV,288.000,8hVPVElPDyJLGNul,307.000,7z+hv5WDnSUYTapr,381.000,RAVUzYYMBq+gCXIY,413.000,oDVDcsz2DDcqmuZv,863.000,ZNeI4CIi8cYNeSIl
0,106,2026-04-03T09:50:26.053Z,309.000,9,207.000,mFtsU2NLbV393iPp,207.000,RQhhLWQoTrRIOUIj,208.000,jgBHfjfbNleko2Dt,249.000,sRrp0ZiEenIEqwEV,288.000,ahO5G+QMJW9JXaZF,296.000,8hVPVElPDyJLGNul,309.000,7z+hv5WDnSUYTapr,589.000,ZNeI4CIi8cYNeSIl,810.000,RAVUzYYMBq+gCXIY,,
0,107,2026-04-03T09:50:26.362Z,304.000,8,203.000,jgBHfjfbNleko2Dt,205.000,RQhhLWQoTrRIOUIj,206.000,mFtsU2NLbV393iPp,249.000,sRrp0ZiEenIEqwEV,289.000,ahO5G+QMJW9JXaZF,299.000,8hVPVElPDyJLGNul,309.000,7z+hv5WDnSUYTapr,513.000,oDVDcsz2DDcqmuZv,,,,
0,108,2026-04-03T09:50:26.666Z,312.000,8,215.000,mFtsU2NLbV393iPp,220.000,jgBHfjfbNleko2Dt,247.000,RQhhLWQoTrRIOUIj,255.000,sRrp0ZiEenIEqwEV,288.000,ahO5G+QMJW9JXaZF,352.000,8hVPVElPDyJLGNul,318.000,7z+hv5WDnSUYTapr,785.000,ZNeI4CIi8cYNeSIl,,,,
0,109,2026-04-03T09:50:26.978Z,305.000,8,202.000,jgBHfjfbNleko2Dt,209.000,mFtsU2NLbV393iPp,246.000,RQhhLWQoTrRIOUIj,252.000,sRrp0ZiEenIEqwEV,284.000,8hVPVElPDyJLGNul,286.000,ahO5G+QMJW9JXaZF,311.000,7z+hv5WDnSUYTapr,535.000,oDVDcsz2DDcqmuZv,,,,
0,110,2026-04-03T09:50:27.283Z,316.000,9,213.000,mFtsU2NLbV393iPp,215.000,RQhhLWQoTrRIOUIj,220.000,jgBHfjfbNleko2Dt,257.000,sRrp0ZiEenIEqwEV,293.000,8hVPVElPDyJLGNul,295.000,ahO5G+QMJW9JXaZF,318.000,7z+hv5WDnSUYTapr,536.000,ZNeI4CIi8cYNeSIl,806.000,RAVUzYYMBq+gCXIY,,
0,111,2026-04-03T09:50:27.599Z,321.000,8,218.000,mFtsU2NLbV393iPp,219.000,RQhhLWQoTrRIOUIj,247.000,jgBHfjfbNleko2Dt,248.000,sRrp0ZiEenIEqwEV,288.000,ahO5G+QMJW9JXaZF,309.000,7z+hv5WDnSUYTapr,321.000,8hVPVElPDyJLGNul,454.000,ZNeI4CIi8cYNeSIl,,,,
0,112,2026-04-03T09:50:27.920Z,294.000,8,188.000,jgBHfjfbNleko2Dt,205.000,mFtsU2NLbV393iPp,206.000,RQhhLWQoTrRIOUIj,238.000,sRrp0ZiEenIEqwEV,279.000,ahO5G+QMJW9JXaZF,296.000,7z+hv5WDnSUYTapr,311.000,8hVPVElPDyJLGNul,583.000,oDVDcsz2DDcqmuZv,,,,
0,113,2026-04-03T09:50:28.214Z,308.000,10,205.000,jgBHfjfbNleko2Dt,215.000,mFtsU2NLbV393iPp,229.000,RQhhLWQoTrRIOUIj,250.000,8hVPVElPDyJLGNul,254.000,sRrp0ZiEenIEqwEV,304.000,7z+hv5WDnSUYTapr,331.000,ahO5G+QMJW9JXaZF,428.000,RAVUzYYMBq+gCXIY,520.000,oDVDcsz2DDcqmuZv,859.000,ZNeI4CIi8cYNeSIl
0,114,2026-04-03T09:50:28.522Z,309.000,10,206.000,jgBHfjfbNleko2Dt,207.000,mFtsU2NLbV393iPp,236.000,RQhhLWQoTrRIOUIj,257.000,sRrp0ZiEenIEqwEV,265.000,8hVPVElPDyJLGNul,307.000,7z+hv5WDnSUYTapr,338.000,ahO5G+QMJW9JXaZF,451.000,oDVDcsz2DDcqmuZv,472.000,ZNeI4CIi8cYNeSIl,506.000,RAVUzYYMBq+gCXIY
0,115,2026-04-03T09:50:28.831Z,308.000,8,202.000,jgBHfjfbNleko2Dt,207.000,mFtsU2NLbV393iPp,242.000,RQhhLWQoTrRIOUIj,263.000,sRrp0ZiEenIEqwEV,311.000,8hVPVElPDyJLGNul,348.000,7z+hv5WDnSUYTapr,343.000,ahO5G+QMJW9JXaZF,603.000,oDVDcsz2DDcqmuZv,,,,
0,116,2026-04-03T09:50:29.139Z,313.000,9,208.000,mFtsU2NLbV393iPp,245.000,jgBHfjfbNleko2Dt,295.000,RQhhLWQoTrRIOUIj,298.000,sRrp0ZiEenIEqwEV,343.000,7z+hv5WDnSUYTapr,345.000,ahO5G+QMJW9JXaZF,364.000,8hVPVElPDyJLGNul,488.000,ZNeI4CIi8cYNeSIl,532.000,RAVUzYYMBq+gCXIY,,
0,117,2026-04-03T09:50:29.452Z,353.000,8,202.000,mFtsU2NLbV393iPp,242.000,jgBHfjfbNleko2Dt,281.000,RQhhLWQoTrRIOUIj,295.000,sRrp0ZiEenIEqwEV,384.000,8hVPVElPDyJLGNul,353.000,7z+hv5WDnSUYTapr,354.000,ahO5G+QMJW9JXaZF,445.000,oDVDcsz2DDcqmuZv,,,,
0,118,2026-04-03T09:50:29.805Z,299.000,10,194.000,mFtsU2NLbV393iPp,237.000,RQhhLWQoTrRIOUIj,241.000,jgBHfjfbNleko2Dt,249.000,sRrp0ZiEenIEqwEV,297.000,7z+hv5WDnSUYTapr,341.000,8hVPVElPDyJLGNul,302.000,ahO5G+QMJW9JXaZF,472.000,oDVDcsz2DDcqmuZv,520.000,ZNeI4CIi8cYNeSIl,806.000,RAVUzYYMBq+gCXIY
0,119,2026-04-03T09:50:30.104Z,317.000,8,223.000,mFtsU2NLbV393iPp,255.000,RQhhLWQoTrRIOUIj,256.000,jgBHfjfbNleko2Dt,259.000,sRrp0ZiEenIEqwEV,290.000,8hVPVElPDyJLGNul,304.000,7z+hv5WDnSUYTapr,351.000,ahO5G+QMJW9JXaZF,977.000,ZNeI4CIi8cYNeSIl,,,,
0,120,2026-04-03T09:50:30.421Z,306.000,7,203.000,mFtsU2NLbV393iPp,243.000,RQhhLWQoTrRIOUIj,246.000,jgBHfjfbNleko2Dt,252.000,sRrp0ZiEenIEqwEV,277.000,8hVPVElPDyJLGNul,293.000,7z+hv5WDnSUYTapr,342.000,ahO5G+QMJW9JXaZF,,,,,,
0,121,2026-04-03T09:50:30.727Z,292.000,8,186.000,jgBHfjfbNleko2Dt,243.000,mFtsU2NLbV393iPp,244.000,RQhhLWQoTrRIOUIj,257.000,sRrp0ZiEenIEqwEV,281.000,8hVPVElPDyJLGNul,294.000,7z+hv5WDnSUYTapr,345.000,ahO5G+QMJW9JXaZF,571.000,RAVUzYYMBq+gCXIY,,,,
0,122,2026-04-03T09:50:31.019Z,289.000,8,184.000,mFtsU2NLbV393iPp,206.000,jgBHfjfbNleko2Dt,261.000,RQhhLWQoTrRIOUIj,272.000,sRrp0ZiEenIEqwEV,364.000,ahO5G+QMJW9JXaZF,306.000,7z+hv5WDnSUYTapr,290.000,8hVPVElPDyJLGNul,1079.000,ZNeI4CIi8cYNeSIl,,,,
0,123,2026-04-03T09:50:31.308Z,311.000,7,204.000,mFtsU2NLbV393iPp,269.000,jgBHfjfbNleko2Dt,281.000,RQhhLWQoTrRIOUIj,296.000,sRrp0ZiEenIEqwEV,323.000,7z+hv5WDnSUYTapr,383.000,ahO5G+QMJW9JXaZF,312.000,8hVPVElPDyJLGNul,,,,,,
0,124,2026-04-03T09:50:31.619Z,306.000,9,201.000,mFtsU2NLbV393iPp,277.000,RQhhLWQoTrRIOUIj,281.000,jgBHfjfbNleko2Dt,289.000,sRrp0ZiEenIEqwEV,380.000,ahO5G+QMJW9JXaZF,318.000,7z+hv5WDnSUYTapr,307.000,8hVPVElPDyJLGNul,519.000,oDVDcsz2DDcqmuZv,608.000,RAVUzYYMBq+gCXIY,,
0,125,2026-04-03T09:50:31.925Z,360.000,9,220.000,mFtsU2NLbV393iPp,222.000,jgBHfjfbNleko2Dt,276.000,RQhhLWQoTrRIOUIj,309.000,8hVPVElPDyJLGNul,320.000,sRrp0ZiEenIEqwEV,357.000,7z+hv5WDnSUYTapr,380.000,ahO5G+QMJW9JXaZF,537.000,RAVUzYYMBq+gCXIY,662.000,ZNeI4CIi8cYNeSIl,,
0,126,2026-04-03T09:50:32.285Z,277.000,8,171.000,mFtsU2NLbV393iPp,206.000,jgBHfjfbNleko2Dt,237.000,RQhhLWQoTrRIOUIj,263.000,8hVPVElPDyJLGNul,266.000,ahO5G+QMJW9JXaZF,276.000,sRrp0ZiEenIEqwEV,304.000,7z+hv5WDnSUYTapr,806.000,oDVDcsz2DDcqmuZv,,,,
0,127,2026-04-03T09:50:32.562Z,318.000,8,216.000,mFtsU2NLbV393iPp,233.000,RQhhLWQoTrRIOUIj,241.000,jgBHfjfbNleko2Dt,295.000,8hVPVElPDyJLGNul,304.000,ahO5G+QMJW9JXaZF,310.000,sRrp0ZiEenIEqwEV,335.000,7z+hv5WDnSUYTapr,777.000,oDVDcsz2DDcqmuZv,,,,
0,128,2026-04-03T09:50:32.880Z,475.000,10,268.000,sRrp0ZiEenIEqwEV,389.000,8hVPVElPDyJLGNul,413.000,7z+hv5WDnSUYTapr,419.000,jgBHfjfbNleko2Dt,434.000,ahO5G+QMJW9JXaZF,443.000,mFtsU2NLbV393iPp,475.000,RQhhLWQoTrRIOUIj,622.000,oDVDcsz2DDcqmuZv,710.000,ZNeI4CIi8cYNeSIl,941.000,RAVUzYYMBq+gCXIY
0,129,2026-04-03T09:50:33.355Z,312.000,9,274.000,mFtsU2NLbV393iPp,274.000,RQhhLWQoTrRIOUIj,276.000,jgBHfjfbNleko2Dt,307.000,8hVPVElPDyJLGNul,309.000,7z+hv5WDnSUYTapr,311.000,ahO5G+QMJW9JXaZF,312.000,sRrp0ZiEenIEqwEV,646.000,ZNeI4CIi8cYNeSIl,928.000,RAVUzYYMBq+gCXIY,,
0,130,2026-04-03T09:50:33.667Z,410.000,9,243.000,jgBHfjfbNleko2Dt,300.000,sRrp0ZiEenIEqwEV,308.000,8hVPVElPDyJLGNul,321.000,7z+hv5WDnSUYTapr,344.000,ahO5G+QMJW9JXaZF,353.000,mFtsU2NLbV393iPp,410.000,RQhhLWQoTrRIOUIj,648.000,RAVUzYYMBq+gCXIY,893.000,oDVDcsz2DDcqmuZv,,
0,131,2026-04-03T09:50:34.077Z,350.000,9,245.000,RQhhLWQoTrRIOUIj,247.000,mFtsU2NLbV393iPp,248.000,jgBHfjfbNleko2Dt,310.000,7z+hv5WDnSUYTapr,312.000,8hVPVElPDyJLGNul,315.000,ahO5G+QMJW9JXaZF,350.000,sRrp0ZiEenIEqwEV,514.000,RAVUzYYMBq+gCXIY,767.000,ZNeI4CIi8cYNeSIl,,
0,132,2026-04-03T09:50:34.427Z,313.000,8,211.000,RQhhLWQoTrRIOUIj,212.000,mFtsU2NLbV393iPp,218.000,jgBHfjfbNleko2Dt,270.000,7z+hv5WDnSUYTapr,275.000,ahO5G+QMJW9JXaZF,309.000,sRrp0ZiEenIEqwEV,313.000,8hVPVElPDyJLGNul,777.000,RAVUzYYMBq+gCXIY,,,,
0,133,2026-04-03T09:50:34.740Z,344.000,9,239.000,RQhhLWQoTrRIOUIj,240.000,mFtsU2NLbV393iPp,252.000,jgBHfjfbNleko2Dt,267.000,7z+hv5WDnSUYTapr,294.000,ahO5G+QMJW9JXaZF,311.000,8hVPVElPDyJLGNul,344.000,sRrp0ZiEenIEqwEV,510.000,ZNeI4CIi8cYNeSIl,752.000,oDVDcsz2DDcqmuZv,,
0,134,2026-04-03T09:50:35.084Z,286.000,8,181.000,mFtsU2NLbV393iPp,205.000,jgBHfjfbNleko2Dt,212.000,RQhhLWQoTrRIOUIj,233.000,7z+hv5WDnSUYTapr,257.000,ahO5G+QMJW9JXaZF,315.000,8hVPVElPDyJLGNul,310.000,sRrp0ZiEenIEqwEV,475.000,oDVDcsz2DDcqmuZv,,,,
0,135,2026-04-03T09:50:35.370Z,309.000,8,203.000,mFtsU2NLbV393iPp,220.000,jgBHfjfbNleko2Dt,243.000,RQhhLWQoTrRIOUIj,249.000,7z+hv5WDnSUYTapr,268.000,sRrp0ZiEenIEqwEV,281.000,ahO5G+QMJW9JXaZF,342.000,8hVPVElPDyJLGNul,822.000,RAVUzYYMBq+gCXIY,,,,
0,136,2026-04-03T09:50:35.679Z,411.000,10,244.000,sRrp0ZiEenIEqwEV,353.000,RQhhLWQoTrRIOUIj,390.000,7z+hv5WDnSUYTapr,393.000,8hVPVElPDyJLGNul,404.000,jgBHfjfbNleko2Dt,405.000,mFtsU2NLbV393iPp,411.000,ahO5G+QMJW9JXaZF,586.000,oDVDcsz2DDcqmuZv,595.000,ZNeI4CIi8cYNeSIl,597.000,RAVUzYYMBq+gCXIY
0,137,2026-04-03T09:50:36.090Z,309.000,8,205.000,jgBHfjfbNleko2Dt,205.000,mFtsU2NLbV393iPp,206.000,RQhhLWQoTrRIOUIj,304.000,sRrp0ZiEenIEqwEV,305.000,8hVPVElPDyJLGNul,308.000,7z+hv5WDnSUYTapr,309.000,ahO5G+QMJW9JXaZF,574.000,ZNeI4CIi8cYNeSIl,,,,
0,138,2026-04-03T09:50:36.399Z,490.000,10,244.000,mFtsU2NLbV393iPp,302.000,sRrp0ZiEenIEqwEV,308.000,8hVPVElPDyJLGNul,314.000,7z+hv5WDnSUYTapr,350.000,ahO5G+QMJW9JXaZF,463.000,jgBHfjfbNleko2Dt,490.000,RQhhLWQoTrRIOUIj,494.000,ZNeI4CIi8cYNeSIl,833.000,RAVUzYYMBq+gCXIY,731.000,oDVDcsz2DDcqmuZv
0,139,2026-04-03T09:50:36.889Z,312.000,10,206.000,sRrp0ZiEenIEqwEV,305.000,mFtsU2NLbV393iPp,308.000,RQhhLWQoTrRIOUIj,309.000,jgBHfjfbNleko2Dt,314.000,7z+hv5WDnSUYTapr,313.000,ahO5G+QMJW9JXaZF,312.000,8hVPVElPDyJLGNul,382.000,RAVUzYYMBq+gCXIY,476.000,ZNeI4CIi8cYNeSIl,592.000,oDVDcsz2DDcqmuZv
0,140,2026-04-03T09:50:37.201Z,502.000,10,337.000,sRrp0ZiEenIEqwEV,348.000,mFtsU2NLbV393iPp,372.000,jgBHfjfbNleko2Dt,379.000,7z+hv5WDnSUYTapr,388.000,8hVPVElPDyJLGNul,438.000,ahO5G+QMJW9JXaZF,502.000,RQhhLWQoTrRIOUIj,574.000,RAVUzYYMBq+gCXIY,635.000,oDVDcsz2DDcqmuZv,633.000,ZNeI4CIi8cYNeSIl
0,141,2026-04-03T09:50:37.703Z,535.000,10,214.000,sRrp0ZiEenIEqwEV,313.000,RQhhLWQoTrRIOUIj,332.000,mFtsU2NLbV393iPp,342.000,7z+hv5WDnSUYTapr,391.000,8hVPVElPDyJLGNul,405.000,ahO5G+QMJW9JXaZF,535.000,jgBHfjfbNleko2Dt,635.000,ZNeI4CIi8cYNeSIl,553.000,oDVDcsz2DDcqmuZv,588.000,RAVUzYYMBq+gCXIY
0,142,2026-04-03T09:50:38.238Z,360.000,10,150.000,mFtsU2NLbV393iPp,210.000,sRrp0ZiEenIEqwEV,216.000,8hVPVElPDyJLGNul,253.000,ahO5G+QMJW9JXaZF,300.000,7z+hv5WDnSUYTapr,335.000,RQhhLWQoTrRIOUIj,360.000,jgBHfjfbNleko2Dt,485.000,oDVDcsz2DDcqmuZv,546.000,RAVUzYYMBq+gCXIY,863.000,ZNeI4CIi8cYNeSIl
0,143,2026-04-03T09:50:38.598Z,392.000,10,284.000,sRrp0ZiEenIEqwEV,287.000,8hVPVElPDyJLGNul,303.000,ahO5G+QMJW9JXaZF,315.000,7z+hv5WDnSUYTapr,368.000,mFtsU2NLbV393iPp,389.000,jgBHfjfbNleko2Dt,392.000,RQhhLWQoTrRIOUIj,578.000,RAVUzYYMBq+gCXIY,676.000,ZNeI4CIi8cYNeSIl,622.000,oDVDcsz2DDcqmuZv
0,144,2026-04-03T09:50:38.990Z,416.000,9,210.000,jgBHfjfbNleko2Dt,237.000,mFtsU2NLbV393iPp,305.000,RQhhLWQoTrRIOUIj,313.000,7z+hv5WDnSUYTapr,377.000,ahO5G+QMJW9JXaZF,409.000,sRrp0ZiEenIEqwEV,416.000,8hVPVElPDyJLGNul,510.000,ZNeI4CIi8cYNeSIl,697.000,oDVDcsz2DDcqmuZv,,
0,145,2026-04-03T09:50:39.406Z,503.000,9,208.000,8hVPVElPDyJLGNul,209.000,sRrp0ZiEenIEqwEV,340.000,7z+hv5WDnSUYTapr,464.000,ahO5G+QMJW9JXaZF,475.000,jgBHfjfbNleko2Dt,501.000,mFtsU2NLbV393iPp,599.000,RAVUzYYMBq+gCXIY,522.000,oDVDcsz2DDcqmuZv,993.000,ZNeI4CIi8cYNeSIl,,
0,146,2026-04-03T09:50:39.909Z,435.000,10,310.000,sRrp0ZiEenIEqwEV,354.000,7z+hv5WDnSUYTapr,369.000,jgBHfjfbNleko2Dt,389.000,ahO5G+QMJW9JXaZF,403.000,8hVPVElPDyJLGNul,412.000,mFtsU2NLbV393iPp,434.000,RQhhLWQoTrRIOUIj,526.000,ZNeI4CIi8cYNeSIl,816.000,RAVUzYYMBq+gCXIY,714.000,oDVDcsz2DDcqmuZv
0,147,2026-04-03T09:50:40.344Z,496.000,9,265.000,mFtsU2NLbV393iPp,383.000,7z+hv5WDnSUYTapr,386.000,8hVPVElPDyJLGNul,389.000,sRrp0ZiEenIEqwEV,413.000,ahO5G+QMJW9JXaZF,474.000,jgBHfjfbNleko2Dt,496.000,RQhhLWQoTrRIOUIj,633.000,ZNeI4CIi8cYNeSIl,747.000,oDVDcsz2DDcqmuZv,,
0,148,2026-04-03T09:50:40.840Z,483.000,10,287.000,sRrp0ZiEenIEqwEV,348.000,8hVPVElPDyJLGNul,360.000,7z+hv5WDnSUYTapr,398.000,ahO5G+QMJW9JXaZF,430.000,jgBHfjfbNleko2Dt,472.000,mFtsU2NLbV393iPp,483.000,RQhhLWQoTrRIOUIj,616.000,ZNeI4CIi8cYNeSIl,614.000,RAVUzYYMBq+gCXIY,719.000,oDVDcsz2DDcqmuZv
0,149,2026-04-03T09:50:41.323Z,467.000,9,262.000,sRrp0ZiEenIEqwEV,334.000,7z+hv5WDnSUYTapr,352.000,ahO5G+QMJW9JXaZF,358.000,8hVPVElPDyJLGNul,411.000,jgBHfjfbNleko2Dt,454.000,RAVUzYYMBq+gCXIY,467.000,mFtsU2NLbV393iPp,712.000,ZNeI4CIi8cYNeSIl,716.000,oDVDcsz2DDcqmuZv,,
0,150,2026-04-03T09:50:41.790Z,473.000,9,343.000,sRrp0ZiEenIEqwEV,365.000,ahO5G+QMJW9JXaZF,371.000,7z+hv5WDnSUYTapr,409.000,jgBHfjfbNleko2Dt,455.000,mFtsU2NLbV393iPp,462.000,8hVPVElPDyJLGNul,513.000,ZNeI4CIi8cYNeSIl,501.000,RAVUzYYMBq+gCXIY,718.000,oDVDcsz2DDcqmuZv,,
0,151,2026-04-03T09:50:42.263Z,471.000,10,324.000,7z+hv5WDnSUYTapr,346.000,8hVPVElPDyJLGNul,349.000,sRrp0ZiEenIEqwEV,388.000,ahO5G+QMJW9JXaZF,420.000,jgBHfjfbNleko2Dt,467.000,mFtsU2NLbV393iPp,506.000,ZNeI4CIi8cYNeSIl,472.000,RQhhLWQoTrRIOUIj,503.000,RAVUzYYMBq+gCXIY,716.000,oDVDcsz2DDcqmuZv
0,152,2026-04-03T09:50:42.734Z,468.000,10,210.000,RQhhLWQoTrRIOUIj,311.000,sRrp0ZiEenIEqwEV,347.000,ahO5G+QMJW9JXaZF,358.000,7z+hv5WDnSUYTapr,365.000,8hVPVElPDyJLGNul,418.000,jgBHfjfbNleko2Dt,468.000,mFtsU2NLbV393iPp,485.000,oDVDcsz2DDcqmuZv,564.000,RAVUzYYMBq+gCXIY,949.000,ZNeI4CIi8cYNeSIl
0,153,2026-04-03T09:50:43.202Z,480.000,9,266.000,sRrp0ZiEenIEqwEV,307.000,7z+hv5WDnSUYTapr,314.000,ahO5G+QMJW9JXaZF,351.000,8hVPVElPDyJLGNul,470.000,mFtsU2NLbV393iPp,478.000,RQhhLWQoTrRIOUIj,505.000,ZNeI4CIi8cYNeSIl,639.000,RAVUzYYMBq+gCXIY,743.000,oDVDcsz2DDcqmuZv,,
0,154,2026-04-03T09:50:43.682Z,443.000,9,208.000,RQhhLWQoTrRIOUIj,323.000,sRrp0ZiEenIEqwEV,342.000,7z+hv5WDnSUYTapr,350.000,ahO5G+QMJW9JXaZF,435.000,8hVPVElPDyJLGNul,440.000,mFtsU2NLbV393iPp,550.000,RAVUzYYMBq+gCXIY,499.000,ZNeI4CIi8cYNeSIl,832.000,oDVDcsz2DDcqmuZv,,
0,155,2026-04-03T09:50:44.125Z,532.000,9,222.000,sRrp0ZiEenIEqwEV,383.000,ahO5G+QMJW9JXaZF,388.000,8hVPVElPDyJLGNul,416.000,7z+hv5WDnSUYTapr,479.000,mFtsU2NLbV393iPp,498.000,RQhhLWQoTrRIOUIj,535.000,RAVUzYYMBq+gCXIY,587.000,ZNeI4CIi8cYNeSIl,736.000,oDVDcsz2DDcqmuZv,,
0,156,2026-04-03T09:50:44.657Z,567.000,9,172.000,RQhhLWQoTrRIOUIj,368.000,sRrp0ZiEenIEqwEV,380.000,7z+hv5WDnSUYTapr,417.000,8hVPVElPDyJLGNul,491.000,ahO5G+QMJW9JXaZF,528.000,jgBHfjfbNleko2Dt,728.000,ZNeI4CIi8cYNeSIl,625.000,RAVUzYYMBq+gCXIY,671.000,oDVDcsz2DDcqmuZv,,
0,157,2026-04-03T09:50:45.224Z,511.000,8,154.000,sRrp0ZiEenIEqwEV,310.000,7z+hv5WDnSUYTapr,312.000,ahO5G+QMJW9JXaZF,345.000,RQhhLWQoTrRIOUIj,462.000,8hVPVElPDyJLGNul,510.000,ZNeI4CIi8cYNeSIl,513.000,RAVUzYYMBq+gCXIY,587.000,oDVDcsz2DDcqmuZv,,,,
0,158,2026-04-03T09:50:45.735Z,478.000,9,318.000,ahO5G+QMJW9JXaZF,324.000,sRrp0ZiEenIEqwEV,327.000,7z+hv5WDnSUYTapr,355.000,8hVPVElPDyJLGNul,466.000,RAVUzYYMBq+gCXIY,467.000,mFtsU2NLbV393iPp,478.000,RQhhLWQoTrRIOUIj,601.000,oDVDcsz2DDcqmuZv,711.000,ZNeI4CIi8cYNeSIl,,
0,159,2026-04-03T09:50:46.213Z,477.000,9,321.000,sRrp0ZiEenIEqwEV,361.000,jgBHfjfbNleko2Dt,388.000,ahO5G+QMJW9JXaZF,457.000,8hVPVElPDyJLGNul,473.000,RAVUzYYMBq+gCXIY,475.000,RQhhLWQoTrRIOUIj,477.000,7z+hv5WDnSUYTapr,634.000,oDVDcsz2DDcqmuZv,608.000,ZNeI4CIi8cYNeSIl,,
0,160,2026-04-03T09:50:46.690Z,558.000,9,310.000,7z+hv5WDnSUYTapr,342.000,sRrp0ZiEenIEqwEV,352.000,ahO5G+QMJW9JXaZF,459.000,8hVPVElPDyJLGNul,530.000,RQhhLWQoTrRIOUIj,557.000,mFtsU2NLbV393iPp,610.000,RAVUzYYMBq+gCXIY,602.000,ZNeI4CIi8cYNeSIl,760.000,oDVDcsz2DDcqmuZv,,
0,161,2026-04-03T09:50:47.248Z,563.000,8,279.000,sRrp0ZiEenIEqwEV,438.000,RQhhLWQoTrRIOUIj,477.000,RAVUzYYMBq+gCXIY,515.000,ZNeI4CIi8cYNeSIl,549.000,8hVPVElPDyJLGNul,550.000,ahO5G+QMJW9JXaZF,563.000,mFtsU2NLbV393iPp,674.000,oDVDcsz2DDcqmuZv,,,,
0,162,2026-04-03T09:50:47.811Z,640.000,10,194.000,RQhhLWQoTrRIOUIj,210.000,7z+hv5WDnSUYTapr,301.000,sRrp0ZiEenIEqwEV,321.000,ahO5G+QMJW9JXaZF,575.000,jgBHfjfbNleko2Dt,581.000,mFtsU2NLbV393iPp,656.000,RAVUzYYMBq+gCXIY,658.000,ZNeI4CIi8cYNeSIl,675.000,oDVDcsz2DDcqmuZv,679.000,8hVPVElPDyJLGNul
0,163,2026-04-03T09:50:48.451Z,566.000,9,197.000,sRrp0ZiEenIEqwEV,319.000,7z+hv5WDnSUYTapr,381.000,8hVPVElPDyJLGNul,464.000,mFtsU2NLbV393iPp,488.000,RAVUzYYMBq+gCXIY,565.000,ahO5G+QMJW9JXaZF,566.000,RQhhLWQoTrRIOUIj,696.000,ZNeI4CIi8cYNeSIl,951.000,oDVDcsz2DDcqmuZv,,
0,164,2026-04-03T09:50:49.017Z,1017.000,8,209.000,RQhhLWQoTrRIOUIj,451.000,sRrp0ZiEenIEqwEV,683.000,RAVUzYYMBq+gCXIY,766.000,oDVDcsz2DDcqmuZv,835.000,ZNeI4CIi8cYNeSIl,985.000,mFtsU2NLbV393iPp,1160.000,ahO5G+QMJW9JXaZF,1161.000,8hVPVElPDyJLGNul,,,,
0,165,2026-04-03T09:50:50.034Z,878.000,7,357.000,ahO5G+QMJW9JXaZF,420.000,RQhhLWQoTrRIOUIj,683.000,ZNeI4CIi8cYNeSIl,740.000,oDVDcsz2DDcqmuZv,812.000,RAVUzYYMBq+gCXIY,876.000,sRrp0ZiEenIEqwEV,984.000,7z+hv5WDnSUYTapr,,,,,,
0,166,2026-04-03T09:50:50.912Z,889.000,7,211.000,sRrp0ZiEenIEqwEV,391.000,RQhhLWQoTrRIOUIj,651.000,mFtsU2NLbV393iPp,653.000,RAVUzYYMBq+gCXIY,653.000,ZNeI4CIi8cYNeSIl,754.000,ahO5G+QMJW9JXaZF,891.000,oDVDcsz2DDcqmuZv,,,,,,
0,167,2026-04-03T09:50:51.801Z,976.000,7,460.000,sRrp0ZiEenIEqwEV,510.000,ZNeI4CIi8cYNeSIl,576.000,RAVUzYYMBq+gCXIY,634.000,RQhhLWQoTrRIOUIj,803.000,jgBHfjfbNleko2Dt,974.000,ahO5G+QMJW9JXaZF,979.000,oDVDcsz2DDcqmuZv,,,,,,
0,168,2026-04-03T09:50:52.777Z,1060.000,8,695.000,sRrp0ZiEenIEqwEV,756.000,jgBHfjfbNleko2Dt,778.000,RQhhLWQoTrRIOUIj,838.000,RAVUzYYMBq+gCXIY,993.000,oDVDcsz2DDcqmuZv,1047.000,mFtsU2NLbV393iPp,1060.000,ahO5G+QMJW9JXaZF,1062.000,7z+hv5WDnSUYTapr,,,,
0,169,2026-04-03T09:50:53.837Z,1131.000,8,382.000,7z+hv5WDnSUYTapr,454.000,RAVUzYYMBq+gCXIY,649.000,RQhhLWQoTrRIOUIj,849.000,jgBHfjfbNleko2Dt,912.000,8hVPVElPDyJLGNul,1058.000,sRrp0ZiEenIEqwEV,1132.000,oDVDcsz2DDcqmuZv,1141.000,ahO5G+QMJW9JXaZF,,,,
0,170,2026-04-03T09:50:54.968Z,1048.000,7,754.000,RAVUzYYMBq+gCXIY,870.000,RQhhLWQoTrRIOUIj,907.000,7z+hv5WDnSUYTapr,976.000,sRrp0ZiEenIEqwEV,982.000,mFtsU2NLbV393iPp,983.000,oDVDcsz2DDcqmuZv,1048.000,ahO5G+QMJW9JXaZF,,,,,,
0,171,2026-04-03T09:50:56.016Z,1741.000,7,739.000,RAVUzYYMBq+gCXIY,839.000,mFtsU2NLbV393iPp,993.000,7z+hv5WDnSUYTapr,1048.000,oDVDcsz2DDcqmuZv,1600.000,sRrp0ZiEenIEqwEV,1608.000,RQhhLWQoTrRIOUIj,1743.000,ZNeI4CIi8cYNeSIl,,,,,,
0,172,2026-04-03T09:50:57.757Z,2208.000,7,1054.000,sRrp0ZiEenIEqwEV,1343.000,RAVUzYYMBq+gCXIY,1414.000,jgBHfjfbNleko2Dt,1425.000,7z+hv5WDnSUYTapr,1453.000,8hVPVElPDyJLGNul,2145.000,RQhhLWQoTrRIOUIj,2208.000,ZNeI4CIi8cYNeSIl,,,,,,
0,173,2026-04-03T09:50:59.965Z,2391.000,8,1029.000,sRrp0ZiEenIEqwEV,1168.000,ZNeI4CIi8cYNeSIl,1566.000,RAVUzYYMBq+gCXIY,1903.000,RQhhLWQoTrRIOUIj,2324.000,oDVDcsz2DDcqmuZv,2335.000,7z+hv5WDnSUYTapr,2391.000,mFtsU2NLbV393iPp,2511.000,8hVPVElPDyJLGNul,,,,
0,174,2026-04-03T09:51:02.356Z,2862.000,10,2651.000,RAVUzYYMBq+gCXIY,2664.000,ahO5G+QMJW9JXaZF,2745.000,sRrp0ZiEenIEqwEV,2768.000,jgBHfjfbNleko2Dt,2789.000,8hVPVElPDyJLGNul,2822.000,RQhhLWQoTrRIOUIj,2862.000,mFtsU2NLbV393iPp,2864.000,7z+hv5WDnSUYTapr,3002.000,oDVDcsz2DDcqmuZv,3010.000,ZNeI4CIi8cYNeSIl
0,175,2026-04-03T09:51:05.218Z,3144.000,9,2956.000,RAVUzYYMBq+gCXIY,2965.000,7z+hv5WDnSUYTapr,3011.000,sRrp0ZiEenIEqwEV,3046.000,RQhhLWQoTrRIOUIj,3069.000,oDVDcsz2DDcqmuZv,3133.000,mFtsU2NLbV393iPp,3146.000,ahO5G+QMJW9JXaZF,3148.000,8hVPVElPDyJLGNul,3285.000,ZNeI4CIi8cYNeSIl,,
0,176,2026-04-03T09:51:08.362Z,3840.000,8,2424.000,RQhhLWQoTrRIOUIj,2621.000,RAVUzYYMBq+gCXIY,2853.000,7z+hv5WDnSUYTapr,2920.000,jgBHfjfbNleko2Dt,2929.000,8hVPVElPDyJLGNul,3692.000,sRrp0ZiEenIEqwEV,3843.000,ZNeI4CIi8cYNeSIl,3840.000,oDVDcsz2DDcqmuZv,,,,
0,177,2026-04-03T09:51:12.202Z,4090.000,9,2910.000,sRrp0ZiEenIEqwEV,2920.000,ZNeI4CIi8cYNeSIl,3186.000,mFtsU2NLbV393iPp,3198.000,7z+hv5WDnSUYTapr,3753.000,RQhhLWQoTrRIOUIj,3895.000,RAVUzYYMBq+gCXIY,4090.000,oDVDcsz2DDcqmuZv,4090.000,jgBHfjfbNleko2Dt,4100.000,8hVPVElPDyJLGNul,,
0,178,2026-04-03T09:51:16.292Z,5218.000,7,3851.000,sRrp0ZiEenIEqwEV,3868.000,RQhhLWQoTrRIOUIj,3929.000,RAVUzYYMBq+gCXIY,4011.000,ZNeI4CIi8cYNeSIl,4266.000,jgBHfjfbNleko2Dt,4369.000,7z+hv5WDnSUYTapr,5217.000,mFtsU2NLbV393iPp,,,,,,
0,179,2026-04-03T09:51:21.510Z,5130.000,7,3878.000,ZNeI4CIi8cYNeSIl,4271.000,mFtsU2NLbV393iPp,4632.000,sRrp0ZiEenIEqwEV,4745.000,RQhhLWQoTrRIOUIj,4778.000,RAVUzYYMBq+gCXIY,5122.000,oDVDcsz2DDcqmuZv,5130.000,7z+hv5WDnSUYTapr,,,,,,
0,180,2026-04-03T09:51:26.640Z,5785.000,8,4941.000,7z+hv5WDnSUYTapr,4942.000,RAVUzYYMBq+gCXIY,5656.000,8hVPVElPDyJLGNul,5709.000,ahO5G+QMJW9JXaZF,5713.000,sRrp0ZiEenIEqwEV,5780.000,ZNeI4CIi8cYNeSIl,5785.000,jgBHfjfbNleko2Dt,6013.000,oDVDcsz2DDcqmuZv,,,,
0,181,2026-04-03T09:51:32.425Z,6487.000,8,6265.000,7z+hv5WDnSUYTapr,6266.000,sRrp0ZiEenIEqwEV,6346.000,mFtsU2NLbV393iPp,6374.000,RQhhLWQoTrRIOUIj,6454.000,RAVUzYYMBq+gCXIY,6463.000,8hVPVElPDyJLGNul,6488.000,oDVDcsz2DDcqmuZv,6489.000,ZNeI4CIi8cYNeSIl,,,,
0,182,2026-04-03T09:51:38.912Z,6869.000,8,6366.000,RQhhLWQoTrRIOUIj,6580.000,jgBHfjfbNleko2Dt,6584.000,mFtsU2NLbV393iPp,6742.000,8hVPVElPDyJLGNul,6779.000,sRrp0ZiEenIEqwEV,6780.000,ahO5G+QMJW9JXaZF,6868.000,7z+hv5WDnSUYTapr,7018.000,RAVUzYYMBq+gCXIY,,,,
0,183,2026-04-03T09:51:45.781Z,7629.000,7,7065.000,RAVUzYYMBq+gCXIY,7290.000,ZNeI4CIi8cYNeSIl,7533.000,jgBHfjfbNleko2Dt,7616.000,RQhhLWQoTrRIOUIj,7620.000,mFtsU2NLbV393iPp,7626.000,sRrp0ZiEenIEqwEV,7629.000,ahO5G+QMJW9JXaZF,,,,,,
0,184,2026-04-03T09:51:53.410Z,8267.000,7,7366.000,RQhhLWQoTrRIOUIj,7368.000,mFtsU2NLbV393iPp,7415.000,ahO5G+QMJW9JXaZF,7579.000,jgBHfjfbNleko2Dt,8217.000,ZNeI4CIi8cYNeSIl,8250.000,sRrp0ZiEenIEqwEV,8267.000,7z+hv5WDnSUYTapr,,,,,,
0,185,2026-04-03T09:52:01.677Z,,0,,,,,,,,,,,,,,,,,,,,
1,1,2026-04-03T09:49:40.019Z,12171.000,7,7705.000,sRrp0ZiEenIEqwEV,8625.000,jgBHfjfbNleko2Dt,9374.000,7z+hv5WDnSUYTapr,10095.000,ahO5G+QMJW9JXaZF,11627.000,8hVPVElPDyJLGNul,12120.000,ZNeI4CIi8cYNeSIl,12171.000,RQhhLWQoTrRIOUIj,,,,,,
1,2,2026-04-03T09:49:52.190Z,942.000,7,207.000,jgBHfjfbNleko2Dt,209.000,RQhhLWQoTrRIOUIj,308.000,sRrp0ZiEenIEqwEV,310.000,ahO5G+QMJW9JXaZF,310.000,7z+hv5WDnSUYTapr,870.000,8hVPVElPDyJLGNul,1153.000,ZNeI4CIi8cYNeSIl,,,,,,
1,3,2026-04-03T09:49:53.132Z,607.000,8,138.000,RQhhLWQoTrRIOUIj,210.000,jgBHfjfbNleko2Dt,212.000,7z+hv5WDnSUYTapr,212.000,sRrp0ZiEenIEqwEV,311.000,ahO5G+QMJW9JXaZF,506.000,8hVPVElPDyJLGNul,607.000,mFtsU2NLbV393iPp,719.000,ZNeI4CIi8cYNeSIl,,,,
1,4,2026-04-03T09:49:53.739Z,419.000,9,208.000,RQhhLWQoTrRIOUIj,211.000,jgBHfjfbNleko2Dt,211.000,mFtsU2NLbV393iPp,312.000,7z+hv5WDnSUYTapr,313.000,sRrp0ZiEenIEqwEV,313.000,ahO5G+QMJW9JXaZF,627.000,8hVPVElPDyJLGNul,472.000,RAVUzYYMBq+gCXIY,581.000,ZNeI4CIi8cYNeSIl,,
1,5,2026-04-03T09:49:54.158Z,310.000,8,206.000,sRrp0ZiEenIEqwEV,210.000,jgBHfjfbNleko2Dt,211.000,ahO5G+QMJW9JXaZF,241.000,8hVPVElPDyJLGNul,306.000,mFtsU2NLbV393iPp,307.000,7z+hv5WDnSUYTapr,310.000,RQhhLWQoTrRIOUIj,626.000,ZNeI4CIi8cYNeSIl,,,,
1,6,2026-04-03T09:49:54.468Z,349.000,7,209.000,jgBHfjfbNleko2Dt,211.000,RQhhLWQoTrRIOUIj,251.000,mFtsU2NLbV393iPp,311.000,ahO5G+QMJW9JXaZF,312.000,7z+hv5WDnSUYTapr,314.000,sRrp0ZiEenIEqwEV,354.000,8hVPVElPDyJLGNul,,,,,,
1,7,2026-04-03T09:49:54.817Z,274.000,8,173.000,mFtsU2NLbV393iPp,204.000,jgBHfjfbNleko2Dt,207.000,RQhhLWQoTrRIOUIj,266.000,7z+hv5WDnSUYTapr,269.000,8hVPVElPDyJLGNul,270.000,ahO5G+QMJW9JXaZF,274.000,sRrp0ZiEenIEqwEV,510.000,ZNeI4CIi8cYNeSIl,,,,
1,8,2026-04-03T09:49:55.091Z,309.000,9,205.000,mFtsU2NLbV393iPp,239.000,jgBHfjfbNleko2Dt,244.000,RQhhLWQoTrRIOUIj,304.000,ahO5G+QMJW9JXaZF,305.000,7z+hv5WDnSUYTapr,306.000,8hVPVElPDyJLGNul,309.000,sRrp0ZiEenIEqwEV,547.000,RAVUzYYMBq+gCXIY,549.000,ZNeI4CIi8cYNeSIl,,
1,9,2026-04-03T09:49:55.400Z,309.000,8,205.000,mFtsU2NLbV393iPp,208.000,jgBHfjfbNleko2Dt,243.000,RQhhLWQoTrRIOUIj,301.000,7z+hv5WDnSUYTapr,303.000,8hVPVElPDyJLGNul,308.000,ahO5G+QMJW9JXaZF,309.000,sRrp0ZiEenIEqwEV,544.000,ZNeI4CIi8cYNeSIl,,,,
1,10,2026-04-03T09:49:55.709Z,307.000,7,204.000,mFtsU2NLbV393iPp,237.000,jgBHfjfbNleko2Dt,247.000,RQhhLWQoTrRIOUIj,301.000,7z+hv5WDnSUYTapr,302.000,8hVPVElPDyJLGNul,303.000,ahO5G+QMJW9JXaZF,307.000,sRrp0ZiEenIEqwEV,,,,,,
1,11,2026-04-03T09:49:56.016Z,310.000,8,206.000,mFtsU2NLbV393iPp,233.000,jgBHfjfbNleko2Dt,247.000,RQhhLWQoTrRIOUIj,301.000,8hVPVElPDyJLGNul,302.000,7z+hv5WDnSUYTapr,305.000,ahO5G+QMJW9JXaZF,310.000,sRrp0ZiEenIEqwEV,594.000,RAVUzYYMBq+gCXIY,,,,
1,12,2026-04-03T09:49:56.326Z,309.000,7,206.000,mFtsU2NLbV393iPp,230.000,jgBHfjfbNleko2Dt,244.000,RQhhLWQoTrRIOUIj,301.000,7z+hv5WDnSUYTapr,305.000,8hVPVElPDyJLGNul,308.000,ahO5G+QMJW9JXaZF,309.000,sRrp0ZiEenIEqwEV,,,,,,
1,13,2026-04-03T09:49:56.635Z,308.000,9,203.000,mFtsU2NLbV393iPp,231.000,jgBHfjfbNleko2Dt,245.000,RQhhLWQoTrRIOUIj,300.000,7z+hv5WDnSUYTapr,302.000,8hVPVElPDyJLGNul,305.000,sRrp0ZiEenIEqwEV,308.000,ahO5G+QMJW9JXaZF,544.000,ZNeI4CIi8cYNeSIl,547.000,oDVDcsz2DDcqmuZv,,
1,14,2026-04-03T09:49:56.943Z,306.000,8,204.000,mFtsU2NLbV393iPp,232.000,jgBHfjfbNleko2Dt,244.000,RQhhLWQoTrRIOUIj,295.000,7z+hv5WDnSUYTapr,302.000,8hVPVElPDyJLGNul,304.000,sRrp0ZiEenIEqwEV,305.000,ahO5G+QMJW9JXaZF,683.000,oDVDcsz2DDcqmuZv,,,,
1,15,2026-04-03T09:49:57.249Z,313.000,9,208.000,mFtsU2NLbV393iPp,233.000,jgBHfjfbNleko2Dt,245.000,RQhhLWQoTrRIOUIj,297.000,7z+hv5WDnSUYTapr,303.000,8hVPVElPDyJLGNul,307.000,ahO5G+QMJW9JXaZF,313.000,sRrp0ZiEenIEqwEV,550.000,RAVUzYYMBq+gCXIY,554.000,ZNeI4CIi8cYNeSIl,,
1,16,2026-04-03T09:49:57.562Z,309.000,7,206.000,mFtsU2NLbV393iPp,229.000,jgBHfjfbNleko2Dt,245.000,RQhhLWQoTrRIOUIj,289.000,7z+hv5WDnSUYTapr,299.000,ahO5G+QMJW9JXaZF,302.000,8hVPVElPDyJLGNul,309.000,sRrp0ZiEenIEqwEV,,,,,,
1,17,2026-04-03T09:49:57.871Z,316.000,8,211.000,mFtsU2NLbV393iPp,228.000,jgBHfjfbNleko2Dt,249.000,RQhhLWQoTrRIOUIj,297.000,7z+hv5WDnSUYTapr,298.000,ahO5G+QMJW9JXaZF,301.000,8hVPVElPDyJLGNul,316.000,sRrp0ZiEenIEqwEV,482.000,ZNeI4CIi8cYNeSIl,,,,
1,18,2026-04-03T09:49:58.187Z,304.000,8,204.000,mFtsU2NLbV393iPp,220.000,jgBHfjfbNleko2Dt,243.000,RQhhLWQoTrRIOUIj,289.000,ahO5G+QMJW9JXaZF,292.000,7z+hv5WDnSUYTapr,298.000,8hVPVElPDyJLGNul,304.000,sRrp0ZiEenIEqwEV,504.000,RAVUzYYMBq+gCXIY,,,,
1,19,2026-04-03T09:49:58.491Z,311.000,9,210.000,mFtsU2NLbV393iPp,226.000,jgBHfjfbNleko2Dt,248.000,RQhhLWQoTrRIOUIj,295.000,ahO5G+QMJW9JXaZF,296.000,7z+hv5WDnSUYTapr,299.000,8hVPVElPDyJLGNul,311.000,sRrp0ZiEenIEqwEV,499.000,ZNeI4CIi8cYNeSIl,505.000,oDVDcsz2DDcqmuZv,,
1,20,2026-04-03T09:49:58.802Z,315.000,9,210.000,mFtsU2NLbV393iPp,225.000,jgBHfjfbNleko2Dt,244.000,RQhhLWQoTrRIOUIj,294.000,ahO5G+QMJW9JXaZF,296.000,8hVPVElPDyJLGNul,296.000,7z+hv5WDnSUYTapr,315.000,sRrp0ZiEenIEqwEV,478.000,RAVUzYYMBq+gCXIY,505.000,ZNeI4CIi8cYNeSIl,,
1,21,2026-04-03T09:49:59.117Z,305.000,10,206.000,mFtsU2NLbV393iPp,219.000,jgBHfjfbNleko2Dt,233.000,RQhhLWQoTrRIOUIj,285.000,8hVPVElPDyJLGNul,286.000,ahO5G+QMJW9JXaZF,294.000,7z+hv5WDnSUYTapr,305.000,sRrp0ZiEenIEqwEV,466.000,ZNeI4CIi8cYNeSIl,470.000,RAVUzYYMBq+gCXIY,472.000,oDVDcsz2DDcqmuZv
1,22,2026-04-03T09:49:59.422Z,305.000,10,203.000,mFtsU2NLbV393iPp,222.000,jgBHfjfbNleko2Dt,238.000,RQhhLWQoTrRIOUIj,289.000,8hVPVElPDyJLGNul,293.000,ahO5G+QMJW9JXaZF,299.000,7z+hv5WDnSUYTapr,305.000,sRrp0ZiEenIEqwEV,467.000,oDVDcsz2DDcqmuZv,472.000,RAVUzYYMBq+gCXIY,473.000,ZNeI4CIi8cYNeSIl
1,23,2026-04-03T09:49:59.727Z,304.000,10,201.000,mFtsU2NLbV393iPp,230.000,jgBHfjfbNleko2Dt,239.000,RQhhLWQoTrRIOUIj,293.000,ahO5G+QMJW9JXaZF,294.000,8hVPVElPDyJLGNul,300.000,7z+hv5WDnSUYTapr,304.000,sRrp0ZiEenIEqwEV,467.000,RAVUzYYMBq+gCXIY,468.000,ZNeI4CIi8cYNeSIl,472.000,oDVDcsz2DDcqmuZv
1,24,2026-04-03T09:50:00.031Z,314.000,10,209.000,mFtsU2NLbV393iPp,234.000,jgBHfjfbNleko2Dt,243.000,RQhhLWQoTrRIOUIj,297.000,ahO5G+QMJW9JXaZF,298.000,8hVPVElPDyJLGNul,305.000,7z+hv5WDnSUYTapr,314.000,sRrp0ZiEenIEqwEV,469.000,ZNeI4CIi8cYNeSIl,477.000,RAVUzYYMBq+gCXIY,478.000,oDVDcsz2DDcqmuZv
1,25,2026-04-03T09:50:00.345Z,307.000,10,205.000,mFtsU2NLbV393iPp,226.000,jgBHfjfbNleko2Dt,237.000,RQhhLWQoTrRIOUIj,291.000,ahO5G+QMJW9JXaZF,291.000,8hVPVElPDyJLGNul,304.000,7z+hv5WDnSUYTapr,307.000,sRrp0ZiEenIEqwEV,455.000,RAVUzYYMBq+gCXIY,468.000,oDVDcsz2DDcqmuZv,470.000,ZNeI4CIi8cYNeSIl
1,26,2026-04-03T09:50:00.652Z,305.000,9,203.000,mFtsU2NLbV393iPp,222.000,jgBHfjfbNleko2Dt,235.000,RQhhLWQoTrRIOUIj,291.000,ahO5G+QMJW9JXaZF,296.000,8hVPVElPDyJLGNul,305.000,sRrp0ZiEenIEqwEV,305.000,7z+hv5WDnSUYTapr,469.000,ZNeI4CIi8cYNeSIl,471.000,oDVDcsz2DDcqmuZv,,
1,27,2026-04-03T09:50:00.957Z,309.000,10,205.000,mFtsU2NLbV393iPp,225.000,jgBHfjfbNleko2Dt,237.000,RQhhLWQoTrRIOUIj,295.000,ahO5G+QMJW9JXaZF,299.000,8hVPVElPDyJLGNul,302.000,sRrp0ZiEenIEqwEV,309.000,7z+hv5WDnSUYTapr,468.000,RAVUzYYMBq+gCXIY,472.000,ZNeI4CIi8cYNeSIl,474.000,oDVDcsz2DDcqmuZv
1,28,2026-04-03T09:50:01.266Z,310.000,9,204.000,mFtsU2NLbV393iPp,224.000,jgBHfjfbNleko2Dt,241.000,RQhhLWQoTrRIOUIj,297.000,ahO5G+QMJW9JXaZF,299.000,sRrp0ZiEenIEqwEV,302.000,8hVPVElPDyJLGNul,309.000,7z+hv5WDnSUYTapr,467.000,ZNeI4CIi8cYNeSIl,504.000,oDVDcsz2DDcqmuZv,,
1,29,2026-04-03T09:50:01.576Z,310.000,9,204.000,mFtsU2NLbV393iPp,221.000,jgBHfjfbNleko2Dt,240.000,RQhhLWQoTrRIOUIj,294.000,ahO5G+QMJW9JXaZF,301.000,8hVPVElPDyJLGNul,303.000,sRrp0ZiEenIEqwEV,310.000,7z+hv5WDnSUYTapr,464.000,ZNeI4CIi8cYNeSIl,467.000,RAVUzYYMBq+gCXIY,,
1,30,2026-04-03T09:50:01.886Z,310.000,10,207.000,mFtsU2NLbV393iPp,220.000,jgBHfjfbNleko2Dt,231.000,RQhhLWQoTrRIOUIj,291.000,ahO5G+QMJW9JXaZF,301.000,8hVPVElPDyJLGNul,307.000,sRrp0ZiEenIEqwEV,310.000,7z+hv5WDnSUYTapr,494.000,oDVDcsz2DDcqmuZv,495.000,RAVUzYYMBq+gCXIY,498.000,ZNeI4CIi8cYNeSIl
1,31,2026-04-03T09:50:02.196Z,309.000,9,207.000,mFtsU2NLbV393iPp,218.000,jgBHfjfbNleko2Dt,233.000,RQhhLWQoTrRIOUIj,287.000,ahO5G+QMJW9JXaZF,299.000,8hVPVElPDyJLGNul,304.000,sRrp0ZiEenIEqwEV,309.000,7z+hv5WDnSUYTapr,491.000,ZNeI4CIi8cYNeSIl,498.000,RAVUzYYMBq+gCXIY,,
1,32,2026-04-03T09:50:02.505Z,310.000,10,206.000,mFtsU2NLbV393iPp,220.000,jgBHfjfbNleko2Dt,234.000,RQhhLWQoTrRIOUIj,288.000,ahO5G+QMJW9JXaZF,299.000,8hVPVElPDyJLGNul,307.000,sRrp0ZiEenIEqwEV,310.000,7z+hv5WDnSUYTapr,458.000,ZNeI4CIi8cYNeSIl,464.000,RAVUzYYMBq+gCXIY,465.000,oDVDcsz2DDcqmuZv
1,33,2026-04-03T09:50:02.815Z,311.000,10,207.000,mFtsU2NLbV393iPp,219.000,jgBHfjfbNleko2Dt,234.000,RQhhLWQoTrRIOUIj,284.000,ahO5G+QMJW9JXaZF,298.000,8hVPVElPDyJLGNul,310.000,sRrp0ZiEenIEqwEV,311.000,7z+hv5WDnSUYTapr,452.000,oDVDcsz2DDcqmuZv,457.000,ZNeI4CIi8cYNeSIl,461.000,RAVUzYYMBq+gCXIY
1,34,2026-04-03T09:50:03.126Z,308.000,10,204.000,mFtsU2NLbV393iPp,216.000,jgBHfjfbNleko2Dt,231.000,RQhhLWQoTrRIOUIj,278.000,ahO5G+QMJW9JXaZF,300.000,8hVPVElPDyJLGNul,305.000,7z+hv5WDnSUYTapr,308.000,sRrp0ZiEenIEqwEV,455.000,ZNeI4CIi8cYNeSIl,456.000,RAVUzYYMBq+gCXIY,458.000,oDVDcsz2DDcqmuZv
1,35,2026-04-03T09:50:03.434Z,310.000,10,206.000,mFtsU2NLbV393iPp,215.000,jgBHfjfbNleko2Dt,232.000,RQhhLWQoTrRIOUIj,279.000,ahO5G+QMJW9JXaZF,302.000,8hVPVElPDyJLGNul,306.000,7z+hv5WDnSUYTapr,310.000,sRrp0ZiEenIEqwEV,441.000,ZNeI4CIi8cYNeSIl,451.000,oDVDcsz2DDcqmuZv,455.000,RAVUzYYMBq+gCXIY
1,36,2026-04-03T09:50:03.744Z,307.000,10,204.000,mFtsU2NLbV393iPp,214.000,jgBHfjfbNleko2Dt,228.000,RQhhLWQoTrRIOUIj,272.000,ahO5G+QMJW9JXaZF,299.000,8hVPVElPDyJLGNul,299.000,7z+hv5WDnSUYTapr,307.000,sRrp0ZiEenIEqwEV,456.000,RAVUzYYMBq+gCXIY,458.000,ZNeI4CIi8cYNeSIl,462.000,oDVDcsz2DDcqmuZv
1,37,2026-04-03T09:50:04.051Z,308.000,10,206.000,mFtsU2NLbV393iPp,213.000,jgBHfjfbNleko2Dt,231.000,RQhhLWQoTrRIOUIj,274.000,ahO5G+QMJW9JXaZF,295.000,8hVPVElPDyJLGNul,303.000,7z+hv5WDnSUYTapr,308.000,sRrp0ZiEenIEqwEV,458.000,RAVUzYYMBq+gCXIY,460.000,ZNeI4CIi8cYNeSIl,462.000,oDVDcsz2DDcqmuZv
1,38,2026-04-03T09:50:04.359Z,310.000,10,206.000,mFtsU2NLbV393iPp,208.000,jgBHfjfbNleko2Dt,233.000,RQhhLWQoTrRIOUIj,273.000,ahO5G+QMJW9JXaZF,290.000,8hVPVElPDyJLGNul,300.000,7z+hv5WDnSUYTapr,310.000,sRrp0ZiEenIEqwEV,450.000,ZNeI4CIi8cYNeSIl,470.000,RAVUzYYMBq+gCXIY,477.000,oDVDcsz2DDcqmuZv
1,39,2026-04-03T09:50:04.669Z,310.000,10,206.000,mFtsU2NLbV393iPp,211.000,jgBHfjfbNleko2Dt,230.000,RQhhLWQoTrRIOUIj,271.000,ahO5G+QMJW9JXaZF,291.000,8hVPVElPDyJLGNul,303.000,7z+hv5WDnSUYTapr,310.000,sRrp0ZiEenIEqwEV,466.000,oDVDcsz2DDcqmuZv,495.000,RAVUzYYMBq+gCXIY,496.000,ZNeI4CIi8cYNeSIl
1,40,2026-04-03T09:50:04.979Z,310.000,7,205.000,mFtsU2NLbV393iPp,211.000,jgBHfjfbNleko2Dt,230.000,RQhhLWQoTrRIOUIj,272.000,ahO5G+QMJW9JXaZF,291.000,8hVPVElPDyJLGNul,303.000,7z+hv5WDnSUYTapr,310.000,sRrp0ZiEenIEqwEV,,,,,,
1,41,2026-04-03T09:50:05.289Z,311.000,9,206.000,mFtsU2NLbV393iPp,210.000,jgBHfjfbNleko2Dt,230.000,RQhhLWQoTrRIOUIj,269.000,ahO5G+QMJW9JXaZF,292.000,8hVPVElPDyJLGNul,305.000,7z+hv5WDnSUYTapr,311.000,sRrp0ZiEenIEqwEV,447.000,ZNeI4CIi8cYNeSIl,477.000,RAVUzYYMBq+gCXIY,,
1,42,2026-04-03T09:50:05.600Z,311.000,10,208.000,mFtsU2NLbV393iPp,213.000,jgBHfjfbNleko2Dt,229.000,RQhhLWQoTrRIOUIj,269.000,ahO5G+QMJW9JXaZF,291.000,8hVPVElPDyJLGNul,302.000,7z+hv5WDnSUYTapr,311.000,sRrp0ZiEenIEqwEV,443.000,ZNeI4CIi8cYNeSIl,452.000,oDVDcsz2DDcqmuZv,455.000,RAVUzYYMBq+gCXIY
1,43,2026-04-03T09:50:05.911Z,304.000,10,204.000,mFtsU2NLbV393iPp,206.000,jgBHfjfbNleko2Dt,225.000,RQhhLWQoTrRIOUIj,269.000,ahO5G+QMJW9JXaZF,290.000,8hVPVElPDyJLGNul,298.000,7z+hv5WDnSUYTapr,304.000,sRrp0ZiEenIEqwEV,469.000,RAVUzYYMBq+gCXIY,470.000,oDVDcsz2DDcqmuZv,477.000,ZNeI4CIi8cYNeSIl
1,44,2026-04-03T09:50:06.215Z,311.000,10,208.000,mFtsU2NLbV393iPp,212.000,jgBHfjfbNleko2Dt,231.000,RQhhLWQoTrRIOUIj,271.000,ahO5G+QMJW9JXaZF,295.000,8hVPVElPDyJLGNul,302.000,7z+hv5WDnSUYTapr,310.000,sRrp0ZiEenIEqwEV,459.000,ZNeI4CIi8cYNeSIl,472.000,oDVDcsz2DDcqmuZv,476.000,RAVUzYYMBq+gCXIY
1,45,2026-04-03T09:50:06.526Z,309.000,10,205.000,mFtsU2NLbV393iPp,210.000,jgBHfjfbNleko2Dt,228.000,RQhhLWQoTrRIOUIj,267.000,ahO5G+QMJW9JXaZF,293.000,8hVPVElPDyJLGNul,305.000,7z+hv5WDnSUYTapr,309.000,sRrp0ZiEenIEqwEV,453.000,RAVUzYYMBq+gCXIY,455.000,ZNeI4CIi8cYNeSIl,461.000,oDVDcsz2DDcqmuZv
1,46,2026-04-03T09:50:06.835Z,304.000,10,202.000,mFtsU2NLbV393iPp,206.000,jgBHfjfbNleko2Dt,229.000,RQhhLWQoTrRIOUIj,267.000,ahO5G+QMJW9JXaZF,293.000,8hVPVElPDyJLGNul,303.000,7z+hv5WDnSUYTapr,304.000,sRrp0ZiEenIEqwEV,429.000,ZNeI4CIi8cYNeSIl,432.000,RAVUzYYMBq+gCXIY,433.000,oDVDcsz2DDcqmuZv
1,47,2026-04-03T09:50:07.139Z,308.000,10,206.000,mFtsU2NLbV393iPp,214.000,jgBHfjfbNleko2Dt,233.000,RQhhLWQoTrRIOUIj,271.000,ahO5G+QMJW9JXaZF,300.000,8hVPVElPDyJLGNul,305.000,7z+hv5WDnSUYTapr,308.000,sRrp0ZiEenIEqwEV,456.000,RAVUzYYMBq+gCXIY,460.000,ZNeI4CIi8cYNeSIl,463.000,oDVDcsz2DDcqmuZv
1,48,2026-04-03T09:50:07.447Z,309.000,10,205.000,mFtsU2NLbV393iPp,215.000,jgBHfjfbNleko2Dt,236.000,RQhhLWQoTrRIOUIj,274.000,ahO5G+QMJW9JXaZF,299.000,8hVPVElPDyJLGNul,306.000,7z+hv5WDnSUYTapr,309.000,sRrp0ZiEenIEqwEV,436.000,RAVUzYYMBq+gCXIY,481.000,ZNeI4CIi8cYNeSIl,483.000,oDVDcsz2DDcqmuZv
1,49,2026-04-03T09:50:07.756Z,306.000,9,202.000,mFtsU2NLbV393iPp,217.000,jgBHfjfbNleko2Dt,232.000,RQhhLWQoTrRIOUIj,271.000,ahO5G+QMJW9JXaZF,298.000,8hVPVElPDyJLGNul,303.000,7z+hv5WDnSUYTapr,306.000,sRrp0ZiEenIEqwEV,501.000,ZNeI4CIi8cYNeSIl,507.000,oDVDcsz2DDcqmuZv,,
1,50,2026-04-03T09:50:08.062Z,309.000,8,206.000,mFtsU2NLbV393iPp,219.000,jgBHfjfbNleko2Dt,235.000,RQhhLWQoTrRIOUIj,278.000,ahO5G+QMJW9JXaZF,301.000,8hVPVElPDyJLGNul,304.000,7z+hv5WDnSUYTapr,309.000,sRrp0ZiEenIEqwEV,500.000,RAVUzYYMBq+gCXIY,,,,
1,51,2026-04-03T09:50:08.371Z,306.000,10,202.000,mFtsU2NLbV393iPp,219.000,jgBHfjfbNleko2Dt,233.000,RQhhLWQoTrRIOUIj,280.000,ahO5G+QMJW9JXaZF,296.000,8hVPVElPDyJLGNul,302.000,7z+hv5WDnSUYTapr,306.000,sRrp0ZiEenIEqwEV,431.000,ZNeI4CIi8cYNeSIl,432.000,RAVUzYYMBq+gCXIY,437.000,oDVDcsz2DDcqmuZv
1,52,2026-04-03T09:50:08.677Z,310.000,8,207.000,mFtsU2NLbV393iPp,225.000,jgBHfjfbNleko2Dt,233.000,RQhhLWQoTrRIOUIj,283.000,ahO5G+QMJW9JXaZF,297.000,8hVPVElPDyJLGNul,310.000,7z+hv5WDnSUYTapr,310.000,sRrp0ZiEenIEqwEV,558.000,RAVUzYYMBq+gCXIY,,,,
1,53,2026-04-03T09:50:08.987Z,324.000,9,220.000,mFtsU2NLbV393iPp,226.000,jgBHfjfbNleko2Dt,270.000,RQhhLWQoTrRIOUIj,289.000,8hVPVElPDyJLGNul,302.000,sRrp0ZiEenIEqwEV,305.000,7z+hv5WDnSUYTapr,324.000,ahO5G+QMJW9JXaZF,1230.000,ZNeI4CIi8cYNeSIl,999.000,oDVDcsz2DDcqmuZv,,
1,54,2026-04-03T09:50:09.311Z,316.000,8,213.000,jgBHfjfbNleko2Dt,229.000,mFtsU2NLbV393iPp,249.000,RQhhLWQoTrRIOUIj,274.000,8hVPVElPDyJLGNul,293.000,7z+hv5WDnSUYTapr,311.000,ahO5G+QMJW9JXaZF,329.000,sRrp0ZiEenIEqwEV,552.000,oDVDcsz2DDcqmuZv,,,,
1,55,2026-04-03T09:50:09.627Z,293.000,7,187.000,jgBHfjfbNleko2Dt,238.000,RQhhLWQoTrRIOUIj,246.000,mFtsU2NLbV393iPp,255.000,ahO5G+QMJW9JXaZF,266.000,sRrp0ZiEenIEqwEV,287.000,7z+hv5WDnSUYTapr,293.000,8hVPVElPDyJLGNul,,,,,,
1,56,2026-04-03T09:50:09.920Z,306.000,7,204.000,mFtsU2NLbV393iPp,207.000,jgBHfjfbNleko2Dt,278.000,ahO5G+QMJW9JXaZF,279.000,sRrp0ZiEenIEqwEV,287.000,RQhhLWQoTrRIOUIj,305.000,8hVPVElPDyJLGNul,306.000,7z+hv5WDnSUYTapr,,,,,,
1,57,2026-04-03T09:50:10.226Z,319.000,8,216.000,jgBHfjfbNleko2Dt,217.000,mFtsU2NLbV393iPp,238.000,RQhhLWQoTrRIOUIj,292.000,sRrp0ZiEenIEqwEV,306.000,8hVPVElPDyJLGNul,313.000,7z+hv5WDnSUYTapr,318.000,ahO5G+QMJW9JXaZF,455.000,oDVDcsz2DDcqmuZv,,,,
1,58,2026-04-03T09:50:10.545Z,360.000,9,204.000,mFtsU2NLbV393iPp,233.000,jgBHfjfbNleko2Dt,269.000,RQhhLWQoTrRIOUIj,280.000,sRrp0ZiEenIEqwEV,296.000,8hVPVElPDyJLGNul,303.000,7z+hv5WDnSUYTapr,360.000,ahO5G+QMJW9JXaZF,514.000,RAVUzYYMBq+gCXIY,976.000,oDVDcsz2DDcqmuZv,,
1,59,2026-04-03T09:50:10.905Z,313.000,10,209.000,mFtsU2NLbV393iPp,212.000,jgBHfjfbNleko2Dt,232.000,sRrp0ZiEenIEqwEV,248.000,8hVPVElPDyJLGNul,251.000,RQhhLWQoTrRIOUIj,254.000,7z+hv5WDnSUYTapr,312.000,ahO5G+QMJW9JXaZF,486.000,RAVUzYYMBq+gCXIY,539.000,oDVDcsz2DDcqmuZv,1005.000,ZNeI4CIi8cYNeSIl
1,60,2026-04-03T09:50:11.218Z,304.000,7,202.000,mFtsU2NLbV393iPp,244.000,jgBHfjfbNleko2Dt,245.000,RQhhLWQoTrRIOUIj,249.000,sRrp0ZiEenIEqwEV,251.000,7z+hv5WDnSUYTapr,252.000,8hVPVElPDyJLGNul,303.000,ahO5G+QMJW9JXaZF,,,,,,
1,61,2026-04-03T09:50:11.522Z,288.000,9,187.000,jgBHfjfbNleko2Dt,201.000,mFtsU2NLbV393iPp,255.000,RQhhLWQoTrRIOUIj,259.000,7z+hv5WDnSUYTapr,260.000,8hVPVElPDyJLGNul,264.000,sRrp0ZiEenIEqwEV,304.000,ahO5G+QMJW9JXaZF,441.000,ZNeI4CIi8cYNeSIl,580.000,RAVUzYYMBq+gCXIY,,
1,62,2026-04-03T09:50:11.810Z,427.000,10,248.000,jgBHfjfbNleko2Dt,264.000,mFtsU2NLbV393iPp,280.000,7z+hv5WDnSUYTapr,293.000,sRrp0ZiEenIEqwEV,308.000,RQhhLWQoTrRIOUIj,408.000,ahO5G+QMJW9JXaZF,428.000,8hVPVElPDyJLGNul,571.000,RAVUzYYMBq+gCXIY,571.000,ZNeI4CIi8cYNeSIl,572.000,oDVDcsz2DDcqmuZv
1,63,2026-04-03T09:50:12.237Z,301.000,7,187.000,mFtsU2NLbV393iPp,208.000,jgBHfjfbNleko2Dt,211.000,sRrp0ZiEenIEqwEV,214.000,RQhhLWQoTrRIOUIj,250.000,7z+hv5WDnSUYTapr,291.000,ahO5G+QMJW9JXaZF,300.000,8hVPVElPDyJLGNul,,,,,,
1,64,2026-04-03T09:50:12.538Z,299.000,9,203.000,RQhhLWQoTrRIOUIj,223.000,mFtsU2NLbV393iPp,225.000,sRrp0ZiEenIEqwEV,238.000,jgBHfjfbNleko2Dt,248.000,8hVPVElPDyJLGNul,259.000,7z+hv5WDnSUYTapr,299.000,ahO5G+QMJW9JXaZF,454.000,ZNeI4CIi8cYNeSIl,541.000,oDVDcsz2DDcqmuZv,,
1,65,2026-04-03T09:50:12.837Z,362.000,8,202.000,RQhhLWQoTrRIOUIj,208.000,mFtsU2NLbV393iPp,219.000,jgBHfjfbNleko2Dt,252.000,sRrp0ZiEenIEqwEV,265.000,8hVPVElPDyJLGNul,361.000,7z+hv5WDnSUYTapr,363.000,ahO5G+QMJW9JXaZF,776.000,ZNeI4CIi8cYNeSIl,,,,
1,66,2026-04-03T09:50:13.199Z,339.000,9,189.000,RQhhLWQoTrRIOUIj,190.000,jgBHfjfbNleko2Dt,199.000,sRrp0ZiEenIEqwEV,291.000,7z+hv5WDnSUYTapr,292.000,8hVPVElPDyJLGNul,317.000,ahO5G+QMJW9JXaZF,338.000,mFtsU2NLbV393iPp,531.000,oDVDcsz2DDcqmuZv,535.000,RAVUzYYMBq+gCXIY,,
1,67,2026-04-03T09:50:13.538Z,350.000,8,247.000,jgBHfjfbNleko2Dt,248.000,mFtsU2NLbV393iPp,249.000,RQhhLWQoTrRIOUIj,312.000,8hVPVElPDyJLGNul,315.000,sRrp0ZiEenIEqwEV,318.000,ahO5G+QMJW9JXaZF,352.000,7z+hv5WDnSUYTapr,551.000,ZNeI4CIi8cYNeSIl,,,,
1,68,2026-04-03T09:50:13.888Z,348.000,9,209.000,jgBHfjfbNleko2Dt,210.000,mFtsU2NLbV393iPp,224.000,RQhhLWQoTrRIOUIj,267.000,8hVPVElPDyJLGNul,272.000,sRrp0ZiEenIEqwEV,283.000,ahO5G+QMJW9JXaZF,348.000,7z+hv5WDnSUYTapr,590.000,oDVDcsz2DDcqmuZv,826.000,ZNeI4CIi8cYNeSIl,,
1,69,2026-04-03T09:50:14.236Z,310.000,8,203.000,mFtsU2NLbV393iPp,208.000,jgBHfjfbNleko2Dt,210.000,RQhhLWQoTrRIOUIj,232.000,sRrp0ZiEenIEqwEV,247.000,ahO5G+QMJW9JXaZF,309.000,8hVPVElPDyJLGNul,310.000,7z+hv5WDnSUYTapr,556.000,ZNeI4CIi8cYNeSIl,,,,
1,70,2026-04-03T09:50:14.546Z,303.000,8,200.000,jgBHfjfbNleko2Dt,204.000,mFtsU2NLbV393iPp,205.000,RQhhLWQoTrRIOUIj,225.000,sRrp0ZiEenIEqwEV,248.000,ahO5G+QMJW9JXaZF,276.000,8hVPVElPDyJLGNul,308.000,7z+hv5WDnSUYTapr,636.000,oDVDcsz2DDcqmuZv,,,,
1,71,2026-04-03T09:50:14.849Z,309.000,8,202.000,jgBHfjfbNleko2Dt,216.000,mFtsU2NLbV393iPp,233.000,RQhhLWQoTrRIOUIj,234.000,sRrp0ZiEenIEqwEV,255.000,ahO5G+QMJW9JXaZF,311.000,7z+hv5WDnSUYTapr,319.000,8hVPVElPDyJLGNul,816.000,ZNeI4CIi8cYNeSIl,,,,
1,72,2026-04-03T09:50:15.158Z,326.000,9,203.000,jgBHfjfbNleko2Dt,221.000,RQhhLWQoTrRIOUIj,222.000,mFtsU2NLbV393iPp,254.000,ahO5G+QMJW9JXaZF,276.000,sRrp0ZiEenIEqwEV,308.000,7z+hv5WDnSUYTapr,326.000,8hVPVElPDyJLGNul,508.000,oDVDcsz2DDcqmuZv,517.000,ZNeI4CIi8cYNeSIl,,
1,73,2026-04-03T09:50:15.484Z,291.000,8,188.000,jgBHfjfbNleko2Dt,205.000,mFtsU2NLbV393iPp,223.000,RQhhLWQoTrRIOUIj,239.000,ahO5G+QMJW9JXaZF,261.000,sRrp0ZiEenIEqwEV,285.000,7z+hv5WDnSUYTapr,305.000,8hVPVElPDyJLGNul,1073.000,RAVUzYYMBq+gCXIY,,,,
1,74,2026-04-03T09:50:15.775Z,314.000,10,207.000,jgBHfjfbNleko2Dt,237.000,RQhhLWQoTrRIOUIj,256.000,ahO5G+QMJW9JXaZF,259.000,mFtsU2NLbV393iPp,301.000,7z+hv5WDnSUYTapr,318.000,sRrp0ZiEenIEqwEV,360.000,8hVPVElPDyJLGNul,496.000,RAVUzYYMBq+gCXIY,553.000,ZNeI4CIi8cYNeSIl,597.000,oDVDcsz2DDcqmuZv
1,75,2026-04-03T09:50:16.089Z,313.000,8,202.000,jgBHfjfbNleko2Dt,228.000,RQhhLWQoTrRIOUIj,258.000,ahO5G+QMJW9JXaZF,284.000,mFtsU2NLbV393iPp,297.000,7z+hv5WDnSUYTapr,314.000,sRrp0ZiEenIEqwEV,394.000,8hVPVElPDyJLGNul,523.000,oDVDcsz2DDcqmuZv,,,,
1,76,2026-04-03T09:50:16.402Z,344.000,9,241.000,jgBHfjfbNleko2Dt,244.000,mFtsU2NLbV393iPp,258.000,RQhhLWQoTrRIOUIj,285.000,ahO5G+QMJW9JXaZF,292.000,7z+hv5WDnSUYTapr,303.000,8hVPVElPDyJLGNul,344.000,sRrp0ZiEenIEqwEV,660.000,RAVUzYYMBq+gCXIY,1135.000,oDVDcsz2DDcqmuZv,,
1,77,2026-04-03T09:50:16.746Z,303.000,8,201.000,mFtsU2NLbV393iPp,205.000,jgBHfjfbNleko2Dt,222.000,RQhhLWQoTrRIOUIj,249.000,ahO5G+QMJW9JXaZF,257.000,7z+hv5WDnSUYTapr,266.000,8hVPVElPDyJLGNul,302.000,sRrp0ZiEenIEqwEV,640.000,ZNeI4CIi8cYNeSIl,,,,
1,78,2026-04-03T09:50:17.049Z,312.000,8,204.000,mFtsU2NLbV393iPp,207.000,jgBHfjfbNleko2Dt,229.000,RQhhLWQoTrRIOUIj,262.000,7z+hv5WDnSUYTapr,271.000,ahO5G+QMJW9JXaZF,309.000,sRrp0ZiEenIEqwEV,312.000,8hVPVElPDyJLGNul,809.000,RAVUzYYMBq+gCXIY,,,,
1,79,2026-04-03T09:50:17.361Z,308.000,8,243.000,mFtsU2NLbV393iPp,250.000,jgBHfjfbNleko2Dt,266.000,RQhhLWQoTrRIOUIj,267.000,7z+hv5WDnSUYTapr,268.000,ahO5G+QMJW9JXaZF,306.000,8hVPVElPDyJLGNul,361.000,sRrp0ZiEenIEqwEV,456.000,oDVDcsz2DDcqmuZv,,,,
1,80,2026-04-03T09:50:17.669Z,299.000,9,196.000,mFtsU2NLbV393iPp,247.000,jgBHfjfbNleko2Dt,258.000,RQhhLWQoTrRIOUIj,260.000,sRrp0ZiEenIEqwEV,264.000,7z+hv5WDnSUYTapr,282.000,ahO5G+QMJW9JXaZF,298.000,8hVPVElPDyJLGNul,578.000,RAVUzYYMBq+gCXIY,825.000,ZNeI4CIi8cYNeSIl,,
1,81,2026-04-03T09:50:17.968Z,310.000,7,205.000,mFtsU2NLbV393iPp,209.000,RQhhLWQoTrRIOUIj,278.000,jgBHfjfbNleko2Dt,279.000,sRrp0ZiEenIEqwEV,281.000,7z+hv5WDnSUYTapr,290.000,ahO5G+QMJW9JXaZF,310.000,8hVPVElPDyJLGNul,,,,,,
1,82,2026-04-03T09:50:18.278Z,307.000,9,207.000,mFtsU2NLbV393iPp,222.000,RQhhLWQoTrRIOUIj,271.000,jgBHfjfbNleko2Dt,274.000,sRrp0ZiEenIEqwEV,276.000,7z+hv5WDnSUYTapr,292.000,ahO5G+QMJW9JXaZF,307.000,8hVPVElPDyJLGNul,429.000,RAVUzYYMBq+gCXIY,499.000,oDVDcsz2DDcqmuZv,,
1,83,2026-04-03T09:50:18.585Z,309.000,10,205.000,mFtsU2NLbV393iPp,218.000,jgBHfjfbNleko2Dt,262.000,RQhhLWQoTrRIOUIj,271.000,sRrp0ZiEenIEqwEV,279.000,7z+hv5WDnSUYTapr,295.000,ahO5G+QMJW9JXaZF,308.000,8hVPVElPDyJLGNul,442.000,ZNeI4CIi8cYNeSIl,597.000,RAVUzYYMBq+gCXIY,983.000,oDVDcsz2DDcqmuZv
1,84,2026-04-03T09:50:18.894Z,308.000,9,202.000,mFtsU2NLbV393iPp,254.000,jgBHfjfbNleko2Dt,258.000,RQhhLWQoTrRIOUIj,274.000,sRrp0ZiEenIEqwEV,274.000,7z+hv5WDnSUYTapr,292.000,ahO5G+QMJW9JXaZF,307.000,8hVPVElPDyJLGNul,515.000,ZNeI4CIi8cYNeSIl,520.000,RAVUzYYMBq+gCXIY,,
1,85,2026-04-03T09:50:19.202Z,318.000,10,205.000,mFtsU2NLbV393iPp,253.000,jgBHfjfbNleko2Dt,277.000,RQhhLWQoTrRIOUIj,316.000,7z+hv5WDnSUYTapr,317.000,ahO5G+QMJW9JXaZF,317.000,sRrp0ZiEenIEqwEV,318.000,8hVPVElPDyJLGNul,464.000,oDVDcsz2DDcqmuZv,519.000,ZNeI4CIi8cYNeSIl,687.000,RAVUzYYMBq+gCXIY
1,86,2026-04-03T09:50:19.520Z,348.000,8,243.000,jgBHfjfbNleko2Dt,244.000,mFtsU2NLbV393iPp,262.000,RQhhLWQoTrRIOUIj,304.000,7z+hv5WDnSUYTapr,310.000,ahO5G+QMJW9JXaZF,312.000,8hVPVElPDyJLGNul,349.000,sRrp0ZiEenIEqwEV,1021.000,RAVUzYYMBq+gCXIY,,,,
1,87,2026-04-03T09:50:19.868Z,277.000,9,173.000,mFtsU2NLbV393iPp,215.000,jgBHfjfbNleko2Dt,261.000,RQhhLWQoTrRIOUIj,263.000,7z+hv5WDnSUYTapr,270.000,sRrp0ZiEenIEqwEV,271.000,ahO5G+QMJW9JXaZF,277.000,8hVPVElPDyJLGNul,494.000,oDVDcsz2DDcqmuZv,540.000,ZNeI4CIi8cYNeSIl,,
1,88,2026-04-03T09:50:20.145Z,310.000,7,204.000,mFtsU2NLbV393iPp,244.000,jgBHfjfbNleko2Dt,261.000,RQhhLWQoTrRIOUIj,299.000,7z+hv5WDnSUYTapr,300.000,ahO5G+QMJW9JXaZF,301.000,sRrp0ZiEenIEqwEV,310.000,8hVPVElPDyJLGNul,,,,,,
1,89,2026-04-03T09:50:20.455Z,337.000,8,236.000,mFtsU2NLbV393iPp,239.000,RQhhLWQoTrRIOUIj,280.000,jgBHfjfbNleko2Dt,300.000,7z+hv5WDnSUYTapr,301.000,ahO5G+QMJW9JXaZF,306.000,8hVPVElPDyJLGNul,337.000,sRrp0ZiEenIEqwEV,844.000,RAVUzYYMBq+gCXIY,,,,
1,90,2026-04-03T09:50:20.792Z,343.000,7,176.000,jgBHfjfbNleko2Dt,206.000,mFtsU2NLbV393iPp,210.000,RQhhLWQoTrRIOUIj,266.000,ahO5G+QMJW9JXaZF,269.000,7z+hv5WDnSUYTapr,310.000,sRrp0ZiEenIEqwEV,342.000,8hVPVElPDyJLGNul,,,,,,
1,91,2026-04-03T09:50:21.135Z,349.000,8,235.000,7z+hv5WDnSUYTapr,249.000,mFtsU2NLbV393iPp,254.000,RQhhLWQoTrRIOUIj,263.000,jgBHfjfbNleko2Dt,272.000,sRrp0ZiEenIEqwEV,277.000,ahO5G+QMJW9JXaZF,349.000,8hVPVElPDyJLGNul,785.000,oDVDcsz2DDcqmuZv,,,,
1,92,2026-04-03T09:50:21.484Z,305.000,8,203.000,jgBHfjfbNleko2Dt,206.000,mFtsU2NLbV393iPp,211.000,RQhhLWQoTrRIOUIj,238.000,sRrp0ZiEenIEqwEV,240.000,7z+hv5WDnSUYTapr,255.000,ahO5G+QMJW9JXaZF,311.000,8hVPVElPDyJLGNul,508.000,oDVDcsz2DDcqmuZv,,,,
1,93,2026-04-03T09:50:21.789Z,316.000,8,210.000,mFtsU2NLbV393iPp,213.000,RQhhLWQoTrRIOUIj,270.000,jgBHfjfbNleko2Dt,271.000,7z+hv5WDnSUYTapr,271.000,ahO5G+QMJW9JXaZF,289.000,sRrp0ZiEenIEqwEV,316.000,8hVPVElPDyJLGNul,603.000,ZNeI4CIi8cYNeSIl,,,,
1,94,2026-04-03T09:50:22.105Z,333.000,10,232.000,7z+hv5WDnSUYTapr,250.000,ahO5G+QMJW9JXaZF,285.000,sRrp0ZiEenIEqwEV,294.000,mFtsU2NLbV393iPp,297.000,RQhhLWQoTrRIOUIj,319.000,jgBHfjfbNleko2Dt,335.000,8hVPVElPDyJLGNul,594.000,oDVDcsz2DDcqmuZv,1056.000,RAVUzYYMBq+gCXIY,824.000,ZNeI4CIi8cYNeSIl
1,95,2026-04-03T09:50:22.438Z,338.000,7,233.000,RQhhLWQoTrRIOUIj,237.000,mFtsU2NLbV393iPp,250.000,jgBHfjfbNleko2Dt,293.000,sRrp0ZiEenIEqwEV,328.000,8hVPVElPDyJLGNul,335.000,ahO5G+QMJW9JXaZF,342.000,7z+hv5WDnSUYTapr,,,,,,
1,96,2026-04-03T09:50:22.776Z,418.000,7,199.000,mFtsU2NLbV393iPp,246.000,jgBHfjfbNleko2Dt,250.000,RQhhLWQoTrRIOUIj,261.000,sRrp0ZiEenIEqwEV,300.000,ahO5G+QMJW9JXaZF,302.000,8hVPVElPDyJLGNul,418.000,7z+hv5WDnSUYTapr,,,,,,
1,97,2026-04-03T09:50:23.194Z,302.000,10,109.000,sRrp0ZiEenIEqwEV,210.000,mFtsU2NLbV393iPp,213.000,ahO5G+QMJW9JXaZF,214.000,RQhhLWQoTrRIOUIj,216.000,jgBHfjfbNleko2Dt,217.000,8hVPVElPDyJLGNul,302.000,7z+hv5WDnSUYTapr,416.000,oDVDcsz2DDcqmuZv,829.000,RAVUzYYMBq+gCXIY,1056.000,ZNeI4CIi8cYNeSIl
1,98,2026-04-03T09:50:23.496Z,311.000,10,289.000,jgBHfjfbNleko2Dt,290.000,RQhhLWQoTrRIOUIj,290.000,mFtsU2NLbV393iPp,292.000,ahO5G+QMJW9JXaZF,298.000,sRrp0ZiEenIEqwEV,308.000,8hVPVElPDyJLGNul,355.000,7z+hv5WDnSUYTapr,388.000,oDVDcsz2DDcqmuZv,397.000,RAVUzYYMBq+gCXIY,1038.000,ZNeI4CIi8cYNeSIl
1,99,2026-04-03T09:50:23.807Z,306.000,9,202.000,jgBHfjfbNleko2Dt,212.000,RQhhLWQoTrRIOUIj,246.000,mFtsU2NLbV393iPp,293.000,sRrp0ZiEenIEqwEV,303.000,8hVPVElPDyJLGNul,336.000,ahO5G+QMJW9JXaZF,347.000,7z+hv5WDnSUYTapr,484.000,oDVDcsz2DDcqmuZv,972.000,ZNeI4CIi8cYNeSIl,,
1,100,2026-04-03T09:50:24.113Z,337.000,8,230.000,RQhhLWQoTrRIOUIj,234.000,jgBHfjfbNleko2Dt,246.000,mFtsU2NLbV393iPp,294.000,sRrp0ZiEenIEqwEV,306.000,8hVPVElPDyJLGNul,348.000,7z+hv5WDnSUYTapr,338.000,ahO5G+QMJW9JXaZF,469.000,RAVUzYYMBq+gCXIY,,,,
1,101,2026-04-03T09:50:24.450Z,310.000,8,207.000,RQhhLWQoTrRIOUIj,208.000,jgBHfjfbNleko2Dt,219.000,mFtsU2NLbV393iPp,263.000,sRrp0ZiEenIEqwEV,277.000,8hVPVElPDyJLGNul,313.000,ahO5G+QMJW9JXaZF,322.000,7z+hv5WDnSUYTapr,461.000,ZNeI4CIi8cYNeSIl,,,,
1,102,2026-04-03T09:50:24.760Z,308.000,7,201.000,jgBHfjfbNleko2Dt,204.000,RQhhLWQoTrRIOUIj,221.000,mFtsU2NLbV393iPp,263.000,sRrp0ZiEenIEqwEV,273.000,8hVPVElPDyJLGNul,307.000,ahO5G+QMJW9JXaZF,323.000,7z+hv5WDnSUYTapr,,,,,,
1,103,2026-04-03T09:50:25.068Z,310.000,9,206.000,jgBHfjfbNleko2Dt,209.000,RQhhLWQoTrRIOUIj,246.000,mFtsU2NLbV393iPp,263.000,sRrp0ZiEenIEqwEV,273.000,8hVPVElPDyJLGNul,307.000,ahO5G+QMJW9JXaZF,328.000,7z+hv5WDnSUYTapr,449.000,RAVUzYYMBq+gCXIY,466.000,oDVDcsz2DDcqmuZv,,
1,104,2026-04-03T09:50:25.378Z,364.000,10,201.000,jgBHfjfbNleko2Dt,204.000,RQhhLWQoTrRIOUIj,221.000,mFtsU2NLbV393iPp,260.000,sRrp0ZiEenIEqwEV,272.000,8hVPVElPDyJLGNul,304.000,ahO5G+QMJW9JXaZF,366.000,7z+hv5WDnSUYTapr,452.000,oDVDcsz2DDcqmuZv,460.000,ZNeI4CIi8cYNeSIl,700.000,RAVUzYYMBq+gCXIY
1,105,2026-04-03T09:50:25.742Z,311.000,10,205.000,RQhhLWQoTrRIOUIj,207.000,jgBHfjfbNleko2Dt,207.000,mFtsU2NLbV393iPp,247.000,8hVPVElPDyJLGNul,250.000,ahO5G+QMJW9JXaZF,308.000,7z+hv5WDnSUYTapr,316.000,sRrp0ZiEenIEqwEV,448.000,ZNeI4CIi8cYNeSIl,471.000,RAVUzYYMBq+gCXIY,805.000,oDVDcsz2DDcqmuZv
1,106,2026-04-03T09:50:26.053Z,305.000,9,201.000,mFtsU2NLbV393iPp,205.000,RQhhLWQoTrRIOUIj,206.000,jgBHfjfbNleko2Dt,246.000,sRrp0ZiEenIEqwEV,247.000,ahO5G+QMJW9JXaZF,288.000,8hVPVElPDyJLGNul,305.000,7z+hv5WDnSUYTapr,648.000,ZNeI4CIi8cYNeSIl,864.000,RAVUzYYMBq+gCXIY,,
1,107,2026-04-03T09:50:26.358Z,306.000,8,203.000,jgBHfjfbNleko2Dt,205.000,mFtsU2NLbV393iPp,207.000,RQhhLWQoTrRIOUIj,249.000,ahO5G+QMJW9JXaZF,250.000,sRrp0ZiEenIEqwEV,301.000,8hVPVElPDyJLGNul,309.000,7z+hv5WDnSUYTapr,565.000,oDVDcsz2DDcqmuZv,,,,
1,108,2026-04-03T09:50:26.664Z,310.000,8,211.000,mFtsU2NLbV393iPp,218.000,jgBHfjfbNleko2Dt,246.000,RQhhLWQoTrRIOUIj,250.000,ahO5G+QMJW9JXaZF,291.000,sRrp0ZiEenIEqwEV,300.000,8hVPVElPDyJLGNul,314.000,7z+hv5WDnSUYTapr,892.000,ZNeI4CIi8cYNeSIl,,,,
1,109,2026-04-03T09:50:26.974Z,304.000,8,201.000,jgBHfjfbNleko2Dt,208.000,mFtsU2NLbV393iPp,247.000,RQhhLWQoTrRIOUIj,251.000,ahO5G+QMJW9JXaZF,290.000,sRrp0ZiEenIEqwEV,295.000,8hVPVElPDyJLGNul,312.000,7z+hv5WDnSUYTapr,418.000,oDVDcsz2DDcqmuZv,,,,
1,110,2026-04-03T09:50:27.278Z,316.000,9,214.000,mFtsU2NLbV393iPp,218.000,RQhhLWQoTrRIOUIj,221.000,jgBHfjfbNleko2Dt,262.000,ahO5G+QMJW9JXaZF,292.000,sRrp0ZiEenIEqwEV,297.000,8hVPVElPDyJLGNul,316.000,7z+hv5WDnSUYTapr,465.000,ZNeI4CIi8cYNeSIl,467.000,RAVUzYYMBq+gCXIY,,
1,111,2026-04-03T09:50:27.594Z,323.000,8,218.000,mFtsU2NLbV393iPp,223.000,RQhhLWQoTrRIOUIj,249.000,jgBHfjfbNleko2Dt,252.000,ahO5G+QMJW9JXaZF,297.000,8hVPVElPDyJLGNul,308.000,7z+hv5WDnSUYTapr,323.000,sRrp0ZiEenIEqwEV,384.000,ZNeI4CIi8cYNeSIl,,,,
1,112,2026-04-03T09:50:27.917Z,293.000,8,189.000,jgBHfjfbNleko2Dt,203.000,mFtsU2NLbV393iPp,207.000,RQhhLWQoTrRIOUIj,235.000,ahO5G+QMJW9JXaZF,281.000,8hVPVElPDyJLGNul,296.000,7z+hv5WDnSUYTapr,304.000,sRrp0ZiEenIEqwEV,441.000,oDVDcsz2DDcqmuZv,,,,
1,113,2026-04-03T09:50:28.210Z,309.000,10,206.000,jgBHfjfbNleko2Dt,214.000,mFtsU2NLbV393iPp,230.000,RQhhLWQoTrRIOUIj,259.000,ahO5G+QMJW9JXaZF,303.000,8hVPVElPDyJLGNul,312.000,7z+hv5WDnSUYTapr,320.000,sRrp0ZiEenIEqwEV,456.000,ZNeI4CIi8cYNeSIl,477.000,RAVUzYYMBq+gCXIY,621.000,oDVDcsz2DDcqmuZv
1,114,2026-04-03T09:50:28.519Z,308.000,10,206.000,jgBHfjfbNleko2Dt,206.000,mFtsU2NLbV393iPp,236.000,RQhhLWQoTrRIOUIj,258.000,sRrp0ZiEenIEqwEV,271.000,ahO5G+QMJW9JXaZF,307.000,7z+hv5WDnSUYTapr,309.000,8hVPVElPDyJLGNul,495.000,ZNeI4CIi8cYNeSIl,503.000,oDVDcsz2DDcqmuZv,505.000,RAVUzYYMBq+gCXIY
1,115,2026-04-03T09:50:28.827Z,307.000,8,203.000,jgBHfjfbNleko2Dt,206.000,mFtsU2NLbV393iPp,244.000,RQhhLWQoTrRIOUIj,265.000,sRrp0ZiEenIEqwEV,277.000,ahO5G+QMJW9JXaZF,306.000,8hVPVElPDyJLGNul,311.000,7z+hv5WDnSUYTapr,472.000,oDVDcsz2DDcqmuZv,,,,
1,116,2026-04-03T09:50:29.134Z,310.000,9,208.000,mFtsU2NLbV393iPp,246.000,jgBHfjfbNleko2Dt,280.000,ahO5G+QMJW9JXaZF,297.000,RQhhLWQoTrRIOUIj,308.000,sRrp0ZiEenIEqwEV,309.000,8hVPVElPDyJLGNul,310.000,7z+hv5WDnSUYTapr,460.000,ZNeI4CIi8cYNeSIl,461.000,RAVUzYYMBq+gCXIY,,
1,117,2026-04-03T09:50:29.444Z,307.000,8,205.000,mFtsU2NLbV393iPp,246.000,jgBHfjfbNleko2Dt,286.000,RQhhLWQoTrRIOUIj,300.000,ahO5G+QMJW9JXaZF,305.000,8hVPVElPDyJLGNul,305.000,7z+hv5WDnSUYTapr,307.000,sRrp0ZiEenIEqwEV,593.000,oDVDcsz2DDcqmuZv,,,,
1,118,2026-04-03T09:50:29.751Z,347.000,10,243.000,mFtsU2NLbV393iPp,288.000,RQhhLWQoTrRIOUIj,291.000,jgBHfjfbNleko2Dt,303.000,ahO5G+QMJW9JXaZF,306.000,8hVPVElPDyJLGNul,307.000,7z+hv5WDnSUYTapr,347.000,sRrp0ZiEenIEqwEV,442.000,oDVDcsz2DDcqmuZv,544.000,ZNeI4CIi8cYNeSIl,547.000,RAVUzYYMBq+gCXIY
1,119,2026-04-03T09:50:30.098Z,318.000,8,211.000,mFtsU2NLbV393iPp,259.000,jgBHfjfbNleko2Dt,259.000,RQhhLWQoTrRIOUIj,265.000,7z+hv5WDnSUYTapr,266.000,ahO5G+QMJW9JXaZF,267.000,8hVPVElPDyJLGNul,317.000,sRrp0ZiEenIEqwEV,659.000,ZNeI4CIi8cYNeSIl,,,,
1,120,2026-04-03T09:50:30.416Z,305.000,7,203.000,mFtsU2NLbV393iPp,245.000,RQhhLWQoTrRIOUIj,248.000,jgBHfjfbNleko2Dt,252.000,ahO5G+QMJW9JXaZF,296.000,7z+hv5WDnSUYTapr,297.000,8hVPVElPDyJLGNul,305.000,sRrp0ZiEenIEqwEV,,,,,,
1,121,2026-04-03T09:50:30.721Z,294.000,8,189.000,jgBHfjfbNleko2Dt,244.000,mFtsU2NLbV393iPp,248.000,RQhhLWQoTrRIOUIj,259.000,ahO5G+QMJW9JXaZF,265.000,7z+hv5WDnSUYTapr,270.000,8hVPVElPDyJLGNul,347.000,sRrp0ZiEenIEqwEV,826.000,RAVUzYYMBq+gCXIY,,,,
1,122,2026-04-03T09:50:31.015Z,287.000,8,183.000,mFtsU2NLbV393iPp,205.000,jgBHfjfbNleko2Dt,263.000,RQhhLWQoTrRIOUIj,272.000,sRrp0ZiEenIEqwEV,273.000,ahO5G+QMJW9JXaZF,276.000,7z+hv5WDnSUYTapr,287.000,8hVPVElPDyJLGNul,893.000,ZNeI4CIi8cYNeSIl,,,,
1,123,2026-04-03T09:50:31.302Z,310.000,7,206.000,mFtsU2NLbV393iPp,272.000,jgBHfjfbNleko2Dt,284.000,RQhhLWQoTrRIOUIj,294.000,ahO5G+QMJW9JXaZF,295.000,sRrp0ZiEenIEqwEV,298.000,7z+hv5WDnSUYTapr,310.000,8hVPVElPDyJLGNul,,,,,,
1,124,2026-04-03T09:50:31.612Z,307.000,9,204.000,mFtsU2NLbV393iPp,282.000,RQhhLWQoTrRIOUIj,284.000,jgBHfjfbNleko2Dt,292.000,ahO5G+QMJW9JXaZF,293.000,sRrp0ZiEenIEqwEV,298.000,7z+hv5WDnSUYTapr,307.000,8hVPVElPDyJLGNul,530.000,oDVDcsz2DDcqmuZv,770.000,RAVUzYYMBq+gCXIY,,
1,125,2026-04-03T09:50:31.919Z,360.000,9,221.000,mFtsU2NLbV393iPp,224.000,jgBHfjfbNleko2Dt,280.000,RQhhLWQoTrRIOUIj,295.000,ahO5G+QMJW9JXaZF,308.000,8hVPVElPDyJLGNul,327.000,sRrp0ZiEenIEqwEV,360.000,7z+hv5WDnSUYTapr,523.000,RAVUzYYMBq+gCXIY,665.000,ZNeI4CIi8cYNeSIl,,
1,126,2026-04-03T09:50:32.279Z,276.000,8,172.000,mFtsU2NLbV393iPp,208.000,jgBHfjfbNleko2Dt,241.000,RQhhLWQoTrRIOUIj,246.000,ahO5G+QMJW9JXaZF,253.000,7z+hv5WDnSUYTapr,256.000,8hVPVElPDyJLGNul,276.000,sRrp0ZiEenIEqwEV,572.000,oDVDcsz2DDcqmuZv,,,,
1,127,2026-04-03T09:50:32.555Z,320.000,8,218.000,mFtsU2NLbV393iPp,239.000,RQhhLWQoTrRIOUIj,244.000,jgBHfjfbNleko2Dt,276.000,ahO5G+QMJW9JXaZF,287.000,8hVPVElPDyJLGNul,305.000,sRrp0ZiEenIEqwEV,319.000,7z+hv5WDnSUYTapr,531.000,oDVDcsz2DDcqmuZv,,,,
1,128,2026-04-03T09:50:32.875Z,477.000,10,266.000,sRrp0ZiEenIEqwEV,388.000,8hVPVElPDyJLGNul,416.000,7z+hv5WDnSUYTapr,420.000,jgBHfjfbNleko2Dt,434.000,ahO5G+QMJW9JXaZF,444.000,mFtsU2NLbV393iPp,477.000,RQhhLWQoTrRIOUIj,625.000,oDVDcsz2DDcqmuZv,914.000,ZNeI4CIi8cYNeSIl,1146.000,RAVUzYYMBq+gCXIY
1,129,2026-04-03T09:50:33.352Z,314.000,9,271.000,mFtsU2NLbV393iPp,274.000,RQhhLWQoTrRIOUIj,278.000,jgBHfjfbNleko2Dt,308.000,sRrp0ZiEenIEqwEV,310.000,8hVPVElPDyJLGNul,314.000,ahO5G+QMJW9JXaZF,317.000,7z+hv5WDnSUYTapr,467.000,ZNeI4CIi8cYNeSIl,904.000,RAVUzYYMBq+gCXIY,,
1,130,2026-04-03T09:50:33.666Z,409.000,9,241.000,jgBHfjfbNleko2Dt,299.000,sRrp0ZiEenIEqwEV,322.000,7z+hv5WDnSUYTapr,343.000,8hVPVElPDyJLGNul,350.000,mFtsU2NLbV393iPp,352.000,ahO5G+QMJW9JXaZF,408.000,RQhhLWQoTrRIOUIj,600.000,oDVDcsz2DDcqmuZv,880.000,RAVUzYYMBq+gCXIY,,
1,131,2026-04-03T09:50:34.075Z,349.000,9,244.000,mFtsU2NLbV393iPp,245.000,RQhhLWQoTrRIOUIj,247.000,jgBHfjfbNleko2Dt,307.000,7z+hv5WDnSUYTapr,309.000,ahO5G+QMJW9JXaZF,315.000,8hVPVElPDyJLGNul,349.000,sRrp0ZiEenIEqwEV,514.000,RAVUzYYMBq+gCXIY,894.000,ZNeI4CIi8cYNeSIl,,
1,132,2026-04-03T09:50:34.424Z,313.000,8,211.000,RQhhLWQoTrRIOUIj,211.000,mFtsU2NLbV393iPp,218.000,jgBHfjfbNleko2Dt,269.000,7z+hv5WDnSUYTapr,294.000,8hVPVElPDyJLGNul,305.000,sRrp0ZiEenIEqwEV,313.000,ahO5G+QMJW9JXaZF,800.000,RAVUzYYMBq+gCXIY,,,,
1,133,2026-04-03T09:50:34.737Z,342.000,9,238.000,mFtsU2NLbV393iPp,239.000,RQhhLWQoTrRIOUIj,251.000,jgBHfjfbNleko2Dt,262.000,7z+hv5WDnSUYTapr,275.000,8hVPVElPDyJLGNul,308.000,ahO5G+QMJW9JXaZF,342.000,sRrp0ZiEenIEqwEV,488.000,ZNeI4CIi8cYNeSIl,819.000,oDVDcsz2DDcqmuZv,,
1,134,2026-04-03T09:50:35.079Z,284.000,8,181.000,mFtsU2NLbV393iPp,206.000,jgBHfjfbNleko2Dt,214.000,RQhhLWQoTrRIOUIj,229.000,sRrp0ZiEenIEqwEV,234.000,7z+hv5WDnSUYTapr,272.000,ahO5G+QMJW9JXaZF,284.000,8hVPVElPDyJLGNul,606.000,oDVDcsz2DDcqmuZv,,,,
1,135,2026-04-03T09:50:35.363Z,311.000,8,205.000,mFtsU2NLbV393iPp,223.000,jgBHfjfbNleko2Dt,247.000,RQhhLWQoTrRIOUIj,252.000,sRrp0ZiEenIEqwEV,258.000,7z+hv5WDnSUYTapr,297.000,ahO5G+QMJW9JXaZF,311.000,8hVPVElPDyJLGNul,789.000,RAVUzYYMBq+gCXIY,,,,
1,136,2026-04-03T09:50:35.674Z,412.000,10,244.000,sRrp0ZiEenIEqwEV,355.000,RQhhLWQoTrRIOUIj,394.000,8hVPVElPDyJLGNul,394.000,7z+hv5WDnSUYTapr,405.000,jgBHfjfbNleko2Dt,406.000,mFtsU2NLbV393iPp,414.000,ahO5G+QMJW9JXaZF,601.000,RAVUzYYMBq+gCXIY,605.000,ZNeI4CIi8cYNeSIl,606.000,oDVDcsz2DDcqmuZv
1,137,2026-04-03T09:50:36.086Z,309.000,8,205.000,jgBHfjfbNleko2Dt,205.000,mFtsU2NLbV393iPp,207.000,RQhhLWQoTrRIOUIj,304.000,sRrp0ZiEenIEqwEV,306.000,7z+hv5WDnSUYTapr,307.000,ahO5G+QMJW9JXaZF,309.000,8hVPVElPDyJLGNul,757.000,ZNeI4CIi8cYNeSIl,,,,
1,138,2026-04-03T09:50:36.395Z,492.000,10,243.000,mFtsU2NLbV393iPp,304.000,8hVPVElPDyJLGNul,310.000,7z+hv5WDnSUYTapr,344.000,sRrp0ZiEenIEqwEV,344.000,ahO5G+QMJW9JXaZF,463.000,jgBHfjfbNleko2Dt,492.000,RQhhLWQoTrRIOUIj,521.000,oDVDcsz2DDcqmuZv,731.000,RAVUzYYMBq+gCXIY,789.000,ZNeI4CIi8cYNeSIl
1,139,2026-04-03T09:50:36.887Z,308.000,10,203.000,sRrp0ZiEenIEqwEV,272.000,8hVPVElPDyJLGNul,274.000,7z+hv5WDnSUYTapr,274.000,ahO5G+QMJW9JXaZF,302.000,mFtsU2NLbV393iPp,307.000,jgBHfjfbNleko2Dt,308.000,RQhhLWQoTrRIOUIj,384.000,RAVUzYYMBq+gCXIY,507.000,oDVDcsz2DDcqmuZv,444.000,ZNeI4CIi8cYNeSIl
1,140,2026-04-03T09:50:37.195Z,505.000,10,339.000,sRrp0ZiEenIEqwEV,350.000,mFtsU2NLbV393iPp,374.000,jgBHfjfbNleko2Dt,383.000,7z+hv5WDnSUYTapr,391.000,8hVPVElPDyJLGNul,441.000,ahO5G+QMJW9JXaZF,504.000,RQhhLWQoTrRIOUIj,582.000,RAVUzYYMBq+gCXIY,644.000,oDVDcsz2DDcqmuZv,606.000,ZNeI4CIi8cYNeSIl
1,141,2026-04-03T09:50:37.700Z,535.000,10,210.000,sRrp0ZiEenIEqwEV,313.000,RQhhLWQoTrRIOUIj,331.000,mFtsU2NLbV393iPp,344.000,7z+hv5WDnSUYTapr,388.000,8hVPVElPDyJLGNul,407.000,ahO5G+QMJW9JXaZF,535.000,jgBHfjfbNleko2Dt,559.000,ZNeI4CIi8cYNeSIl,566.000,oDVDcsz2DDcqmuZv,587.000,RAVUzYYMBq+gCXIY
1,142,2026-04-03T09:50:38.235Z,359.000,10,148.000,mFtsU2NLbV393iPp,210.000,8hVPVElPDyJLGNul,230.000,sRrp0ZiEenIEqwEV,249.000,ahO5G+QMJW9JXaZF,299.000,7z+hv5WDnSUYTapr,335.000,RQhhLWQoTrRIOUIj,359.000,jgBHfjfbNleko2Dt,647.000,RAVUzYYMBq+gCXIY,939.000,oDVDcsz2DDcqmuZv,707.000,ZNeI4CIi8cYNeSIl
1,143,2026-04-03T09:50:38.594Z,393.000,10,285.000,sRrp0ZiEenIEqwEV,286.000,8hVPVElPDyJLGNul,307.000,ahO5G+QMJW9JXaZF,315.000,7z+hv5WDnSUYTapr,367.000,mFtsU2NLbV393iPp,389.000,jgBHfjfbNleko2Dt,393.000,RQhhLWQoTrRIOUIj,577.000,RAVUzYYMBq+gCXIY,603.000,ZNeI4CIi8cYNeSIl,961.000,oDVDcsz2DDcqmuZv
1,144,2026-04-03T09:50:38.987Z,416.000,9,209.000,jgBHfjfbNleko2Dt,236.000,mFtsU2NLbV393iPp,305.000,RQhhLWQoTrRIOUIj,313.000,7z+hv5WDnSUYTapr,376.000,sRrp0ZiEenIEqwEV,379.000,ahO5G+QMJW9JXaZF,417.000,8hVPVElPDyJLGNul,679.000,oDVDcsz2DDcqmuZv,913.000,ZNeI4CIi8cYNeSIl,,
1,145,2026-04-03T09:50:39.403Z,504.000,9,210.000,sRrp0ZiEenIEqwEV,310.000,8hVPVElPDyJLGNul,342.000,7z+hv5WDnSUYTapr,463.000,ahO5G+QMJW9JXaZF,474.000,jgBHfjfbNleko2Dt,500.000,mFtsU2NLbV393iPp,609.000,RAVUzYYMBq+gCXIY,733.000,oDVDcsz2DDcqmuZv,851.000,ZNeI4CIi8cYNeSIl,,
1,146,2026-04-03T09:50:39.907Z,433.000,10,309.000,sRrp0ZiEenIEqwEV,351.000,7z+hv5WDnSUYTapr,367.000,jgBHfjfbNleko2Dt,391.000,ahO5G+QMJW9JXaZF,401.000,8hVPVElPDyJLGNul,410.000,mFtsU2NLbV393iPp,433.000,RQhhLWQoTrRIOUIj,711.000,RAVUzYYMBq+gCXIY,701.000,oDVDcsz2DDcqmuZv,697.000,ZNeI4CIi8cYNeSIl
1,147,2026-04-03T09:50:40.340Z,497.000,9,265.000,mFtsU2NLbV393iPp,381.000,7z+hv5WDnSUYTapr,383.000,8hVPVElPDyJLGNul,386.000,sRrp0ZiEenIEqwEV,414.000,ahO5G+QMJW9JXaZF,474.000,jgBHfjfbNleko2Dt,496.000,RQhhLWQoTrRIOUIj,502.000,ZNeI4CIi8cYNeSIl,740.000,oDVDcsz2DDcqmuZv,,
1,148,2026-04-03T09:50:40.837Z,483.000,10,288.000,sRrp0ZiEenIEqwEV,344.000,8hVPVElPDyJLGNul,360.000,7z+hv5WDnSUYTapr,396.000,ahO5G+QMJW9JXaZF,430.000,jgBHfjfbNleko2Dt,471.000,mFtsU2NLbV393iPp,482.000,RQhhLWQoTrRIOUIj,610.000,RAVUzYYMBq+gCXIY,705.000,ZNeI4CIi8cYNeSIl,713.000,oDVDcsz2DDcqmuZv
1,149,2026-04-03T09:50:41.320Z,466.000,9,308.000,sRrp0ZiEenIEqwEV,334.000,7z+hv5WDnSUYTapr,353.000,ahO5G+QMJW9JXaZF,357.000,8hVPVElPDyJLGNul,409.000,jgBHfjfbNleko2Dt,451.000,RAVUzYYMBq+gCXIY,466.000,mFtsU2NLbV393iPp,702.000,oDVDcsz2DDcqmuZv,710.000,ZNeI4CIi8cYNeSIl,,
1,150,2026-04-03T09:50:41.786Z,471.000,9,345.000,sRrp0ZiEenIEqwEV,368.000,ahO5G+QMJW9JXaZF,372.000,7z+hv5WDnSUYTapr,409.000,jgBHfjfbNleko2Dt,453.000,mFtsU2NLbV393iPp,463.000,8hVPVElPDyJLGNul,471.000,ZNeI4CIi8cYNeSIl,621.000,RAVUzYYMBq+gCXIY,919.000,oDVDcsz2DDcqmuZv,,
1,151,2026-04-03T09:50:42.257Z,471.000,10,301.000,sRrp0ZiEenIEqwEV,325.000,7z+hv5WDnSUYTapr,348.000,8hVPVElPDyJLGNul,389.000,ahO5G+QMJW9JXaZF,421.000,jgBHfjfbNleko2Dt,468.000,mFtsU2NLbV393iPp,471.000,ZNeI4CIi8cYNeSIl,475.000,RQhhLWQoTrRIOUIj,500.000,RAVUzYYMBq+gCXIY,939.000,oDVDcsz2DDcqmuZv
1,152,2026-04-03T09:50:42.728Z,470.000,10,213.000,RQhhLWQoTrRIOUIj,260.000,sRrp0ZiEenIEqwEV,348.000,ahO5G+QMJW9JXaZF,360.000,7z+hv5WDnSUYTapr,363.000,8hVPVElPDyJLGNul,421.000,jgBHfjfbNleko2Dt,469.000,mFtsU2NLbV393iPp,539.000,RAVUzYYMBq+gCXIY,703.000,oDVDcsz2DDcqmuZv,701.000,ZNeI4CIi8cYNeSIl
1,153,2026-04-03T09:50:43.198Z,479.000,9,265.000,sRrp0ZiEenIEqwEV,306.000,7z+hv5WDnSUYTapr,316.000,ahO5G+QMJW9JXaZF,352.000,8hVPVElPDyJLGNul,464.000,ZNeI4CIi8cYNeSIl,470.000,mFtsU2NLbV393iPp,479.000,RQhhLWQoTrRIOUIj,613.000,RAVUzYYMBq+gCXIY,713.000,oDVDcsz2DDcqmuZv,,
1,154,2026-04-03T09:50:43.677Z,440.000,9,211.000,RQhhLWQoTrRIOUIj,325.000,sRrp0ZiEenIEqwEV,346.000,7z+hv5WDnSUYTapr,352.000,ahO5G+QMJW9JXaZF,435.000,8hVPVElPDyJLGNul,440.000,RAVUzYYMBq+gCXIY,440.000,mFtsU2NLbV393iPp,791.000,ZNeI4CIi8cYNeSIl,1030.000,oDVDcsz2DDcqmuZv,,
1,155,2026-04-03T09:50:44.117Z,535.000,9,350.000,sRrp0ZiEenIEqwEV,388.000,ahO5G+QMJW9JXaZF,389.000,8hVPVElPDyJLGNul,418.000,7z+hv5WDnSUYTapr,483.000,mFtsU2NLbV393iPp,503.000,RQhhLWQoTrRIOUIj,535.000,RAVUzYYMBq+gCXIY,584.000,ZNeI4CIi8cYNeSIl,711.000,oDVDcsz2DDcqmuZv,,
1,156,2026-04-03T09:50:44.652Z,529.000,9,174.000,RQhhLWQoTrRIOUIj,371.000,sRrp0ZiEenIEqwEV,382.000,7z+hv5WDnSUYTapr,420.000,8hVPVElPDyJLGNul,491.000,ahO5G+QMJW9JXaZF,497.000,RAVUzYYMBq+gCXIY,528.000,jgBHfjfbNleko2Dt,628.000,ZNeI4CIi8cYNeSIl,648.000,oDVDcsz2DDcqmuZv,,
1,157,2026-04-03T09:50:45.181Z,549.000,8,190.000,sRrp0ZiEenIEqwEV,349.000,ahO5G+QMJW9JXaZF,349.000,7z+hv5WDnSUYTapr,385.000,RQhhLWQoTrRIOUIj,472.000,RAVUzYYMBq+gCXIY,501.000,8hVPVElPDyJLGNul,586.000,oDVDcsz2DDcqmuZv,552.000,ZNeI4CIi8cYNeSIl,,,,
1,158,2026-04-03T09:50:45.730Z,482.000,9,320.000,sRrp0ZiEenIEqwEV,320.000,ahO5G+QMJW9JXaZF,327.000,7z+hv5WDnSUYTapr,356.000,8hVPVElPDyJLGNul,467.000,mFtsU2NLbV393iPp,480.000,RQhhLWQoTrRIOUIj,551.000,RAVUzYYMBq+gCXIY,596.000,oDVDcsz2DDcqmuZv,702.000,ZNeI4CIi8cYNeSIl,,
1,159,2026-04-03T09:50:46.212Z,477.000,9,318.000,sRrp0ZiEenIEqwEV,359.000,jgBHfjfbNleko2Dt,386.000,ahO5G+QMJW9JXaZF,452.000,8hVPVElPDyJLGNul,466.000,RAVUzYYMBq+gCXIY,473.000,RQhhLWQoTrRIOUIj,478.000,7z+hv5WDnSUYTapr,603.000,ZNeI4CIi8cYNeSIl,737.000,oDVDcsz2DDcqmuZv,,
1,160,2026-04-03T09:50:46.689Z,554.000,9,306.000,7z+hv5WDnSUYTapr,340.000,sRrp0ZiEenIEqwEV,351.000,ahO5G+QMJW9JXaZF,458.000,8hVPVElPDyJLGNul,499.000,RAVUzYYMBq+gCXIY,528.000,RQhhLWQoTrRIOUIj,553.000,mFtsU2NLbV393iPp,603.000,ZNeI4CIi8cYNeSIl,732.000,oDVDcsz2DDcqmuZv,,
1,161,2026-04-03T09:50:47.243Z,563.000,8,280.000,sRrp0ZiEenIEqwEV,440.000,RQhhLWQoTrRIOUIj,478.000,RAVUzYYMBq+gCXIY,531.000,ZNeI4CIi8cYNeSIl,548.000,8hVPVElPDyJLGNul,553.000,ahO5G+QMJW9JXaZF,563.000,mFtsU2NLbV393iPp,744.000,oDVDcsz2DDcqmuZv,,,,
1,162,2026-04-03T09:50:47.806Z,638.000,10,165.000,7z+hv5WDnSUYTapr,196.000,RQhhLWQoTrRIOUIj,301.000,sRrp0ZiEenIEqwEV,322.000,ahO5G+QMJW9JXaZF,577.000,jgBHfjfbNleko2Dt,582.000,mFtsU2NLbV393iPp,638.000,RAVUzYYMBq+gCXIY,646.000,ZNeI4CIi8cYNeSIl,681.000,8hVPVElPDyJLGNul,765.000,oDVDcsz2DDcqmuZv
1,163,2026-04-03T09:50:48.444Z,570.000,9,203.000,sRrp0ZiEenIEqwEV,321.000,7z+hv5WDnSUYTapr,385.000,8hVPVElPDyJLGNul,466.000,mFtsU2NLbV393iPp,483.000,RAVUzYYMBq+gCXIY,568.000,ahO5G+QMJW9JXaZF,570.000,RQhhLWQoTrRIOUIj,693.000,oDVDcsz2DDcqmuZv,701.000,ZNeI4CIi8cYNeSIl,,
1,164,2026-04-03T09:50:49.014Z,1005.000,8,210.000,RQhhLWQoTrRIOUIj,450.000,sRrp0ZiEenIEqwEV,608.000,ZNeI4CIi8cYNeSIl,621.000,RAVUzYYMBq+gCXIY,863.000,oDVDcsz2DDcqmuZv,982.000,mFtsU2NLbV393iPp,1005.000,ahO5G+QMJW9JXaZF,1055.000,8hVPVElPDyJLGNul,,,,
1,165,2026-04-03T09:50:50.019Z,891.000,7,360.000,ahO5G+QMJW9JXaZF,433.000,RQhhLWQoTrRIOUIj,689.000,ZNeI4CIi8cYNeSIl,751.000,oDVDcsz2DDcqmuZv,824.000,RAVUzYYMBq+gCXIY,994.000,sRrp0ZiEenIEqwEV,1095.000,7z+hv5WDnSUYTapr,,,,,,
1,166,2026-04-03T09:50:50.910Z,887.000,7,210.000,sRrp0ZiEenIEqwEV,390.000,RQhhLWQoTrRIOUIj,649.000,mFtsU2NLbV393iPp,656.000,RAVUzYYMBq+gCXIY,656.000,ZNeI4CIi8cYNeSIl,752.000,ahO5G+QMJW9JXaZF,889.000,oDVDcsz2DDcqmuZv,,,,,,
1,167,2026-04-03T09:50:51.797Z,975.000,7,309.000,ZNeI4CIi8cYNeSIl,509.000,sRrp0ZiEenIEqwEV,572.000,RAVUzYYMBq+gCXIY,635.000,RQhhLWQoTrRIOUIj,803.000,jgBHfjfbNleko2Dt,972.000,oDVDcsz2DDcqmuZv,975.000,ahO5G+QMJW9JXaZF,,,,,,
1,168,2026-04-03T09:50:52.772Z,1061.000,8,695.000,sRrp0ZiEenIEqwEV,757.000,jgBHfjfbNleko2Dt,780.000,RQhhLWQoTrRIOUIj,837.000,RAVUzYYMBq+gCXIY,996.000,oDVDcsz2DDcqmuZv,1047.000,mFtsU2NLbV393iPp,1061.000,7z+hv5WDnSUYTapr,1165.000,ahO5G+QMJW9JXaZF,,,,
1,169,2026-04-03T09:50:53.833Z,1132.000,8,381.000,7z+hv5WDnSUYTapr,614.000,RAVUzYYMBq+gCXIY,650.000,RQhhLWQoTrRIOUIj,850.000,jgBHfjfbNleko2Dt,908.000,8hVPVElPDyJLGNul,1057.000,sRrp0ZiEenIEqwEV,1135.000,oDVDcsz2DDcqmuZv,1142.000,ahO5G+QMJW9JXaZF,,,,
1,170,2026-04-03T09:50:54.965Z,1046.000,7,753.000,RAVUzYYMBq+gCXIY,870.000,RQhhLWQoTrRIOUIj,905.000,7z+hv5WDnSUYTapr,975.000,sRrp0ZiEenIEqwEV,978.000,oDVDcsz2DDcqmuZv,979.000,mFtsU2NLbV393iPp,1047.000,ahO5G+QMJW9JXaZF,,,,,,
1,171,2026-04-03T09:50:56.011Z,1740.000,7,839.000,mFtsU2NLbV393iPp,866.000,RAVUzYYMBq+gCXIY,995.000,7z+hv5WDnSUYTapr,1049.000,oDVDcsz2DDcqmuZv,1601.000,sRrp0ZiEenIEqwEV,1610.000,RQhhLWQoTrRIOUIj,1740.000,ZNeI4CIi8cYNeSIl,,,,,,
1,172,2026-04-03T09:50:57.751Z,2212.000,7,1055.000,sRrp0ZiEenIEqwEV,1353.000,RAVUzYYMBq+gCXIY,1416.000,jgBHfjfbNleko2Dt,1427.000,7z+hv5WDnSUYTapr,1456.000,8hVPVElPDyJLGNul,2148.000,RQhhLWQoTrRIOUIj,2214.000,ZNeI4CIi8cYNeSIl,,,,,,
1,173,2026-04-03T09:50:59.963Z,2389.000,8,1025.000,sRrp0ZiEenIEqwEV,1167.000,ZNeI4CIi8cYNeSIl,1564.000,RAVUzYYMBq+gCXIY,1902.000,RQhhLWQoTrRIOUIj,2322.000,oDVDcsz2DDcqmuZv,2336.000,7z+hv5WDnSUYTapr,2389.000,mFtsU2NLbV393iPp,2403.000,8hVPVElPDyJLGNul,,,,
1,174,2026-04-03T09:51:02.352Z,2861.000,10,2656.000,RAVUzYYMBq+gCXIY,2666.000,ahO5G+QMJW9JXaZF,2745.000,sRrp0ZiEenIEqwEV,2768.000,jgBHfjfbNleko2Dt,2787.000,8hVPVElPDyJLGNul,2823.000,RQhhLWQoTrRIOUIj,2861.000,mFtsU2NLbV393iPp,2863.000,7z+hv5WDnSUYTapr,3005.000,oDVDcsz2DDcqmuZv,3248.000,ZNeI4CIi8cYNeSIl
1,175,2026-04-03T09:51:05.213Z,3142.000,9,2959.000,RAVUzYYMBq+gCXIY,2966.000,7z+hv5WDnSUYTapr,3014.000,sRrp0ZiEenIEqwEV,3049.000,RQhhLWQoTrRIOUIj,3074.000,oDVDcsz2DDcqmuZv,3133.000,mFtsU2NLbV393iPp,3142.000,ahO5G+QMJW9JXaZF,3148.000,8hVPVElPDyJLGNul,3288.000,ZNeI4CIi8cYNeSIl,,
1,176,2026-04-03T09:51:08.355Z,3841.000,8,2428.000,RQhhLWQoTrRIOUIj,2626.000,RAVUzYYMBq+gCXIY,2855.000,7z+hv5WDnSUYTapr,2924.000,jgBHfjfbNleko2Dt,2930.000,8hVPVElPDyJLGNul,3698.000,sRrp0ZiEenIEqwEV,3841.000,ZNeI4CIi8cYNeSIl,4076.000,oDVDcsz2DDcqmuZv,,,,
1,177,2026-04-03T09:51:12.196Z,4091.000,9,2913.000,sRrp0ZiEenIEqwEV,2921.000,ZNeI4CIi8cYNeSIl,3188.000,mFtsU2NLbV393iPp,3202.000,7z+hv5WDnSUYTapr,3756.000,RQhhLWQoTrRIOUIj,3901.000,RAVUzYYMBq+gCXIY,4091.000,jgBHfjfbNleko2Dt,4097.000,oDVDcsz2DDcqmuZv,4102.000,8hVPVElPDyJLGNul,,
1,178,2026-04-03T09:51:16.287Z,5218.000,7,3785.000,sRrp0ZiEenIEqwEV,3870.000,RQhhLWQoTrRIOUIj,3936.000,RAVUzYYMBq+gCXIY,4011.000,ZNeI4CIi8cYNeSIl,4268.000,jgBHfjfbNleko2Dt,4371.000,7z+hv5WDnSUYTapr,5218.000,mFtsU2NLbV393iPp,,,,,,
1,179,2026-04-03T09:51:21.505Z,5131.000,7,3876.000,ZNeI4CIi8cYNeSIl,4271.000,mFtsU2NLbV393iPp,4632.000,sRrp0ZiEenIEqwEV,4747.000,RQhhLWQoTrRIOUIj,4779.000,RAVUzYYMBq+gCXIY,5121.000,oDVDcsz2DDcqmuZv,5131.000,7z+hv5WDnSUYTapr,,,,,,
1,180,2026-04-03T09:51:26.636Z,5785.000,8,4939.000,RAVUzYYMBq+gCXIY,4942.000,7z+hv5WDnSUYTapr,5658.000,8hVPVElPDyJLGNul,5711.000,ahO5G+QMJW9JXaZF,5714.000,sRrp0ZiEenIEqwEV,5777.000,ZNeI4CIi8cYNeSIl,5785.000,jgBHfjfbNleko2Dt,6244.000,oDVDcsz2DDcqmuZv,,,,
1,181,2026-04-03T09:51:32.421Z,6485.000,8,6266.000,7z+hv5WDnSUYTapr,6267.000,sRrp0ZiEenIEqwEV,6346.000,mFtsU2NLbV393iPp,6375.000,RQhhLWQoTrRIOUIj,6456.000,RAVUzYYMBq+gCXIY,6462.000,8hVPVElPDyJLGNul,6485.000,oDVDcsz2DDcqmuZv,6607.000,ZNeI4CIi8cYNeSIl,,,,
1,182,2026-04-03T09:51:38.906Z,6871.000,8,6369.000,RQhhLWQoTrRIOUIj,6583.000,jgBHfjfbNleko2Dt,6585.000,mFtsU2NLbV393iPp,6744.000,8hVPVElPDyJLGNul,6782.000,sRrp0ZiEenIEqwEV,6844.000,ahO5G+QMJW9JXaZF,6871.000,7z+hv5WDnSUYTapr,7021.000,RAVUzYYMBq+gCXIY,,,,
1,183,2026-04-03T09:51:45.777Z,7628.000,7,7063.000,RAVUzYYMBq+gCXIY,7287.000,ZNeI4CIi8cYNeSIl,7534.000,jgBHfjfbNleko2Dt,7617.000,RQhhLWQoTrRIOUIj,7620.000,mFtsU2NLbV393iPp,7627.000,ahO5G+QMJW9JXaZF,7628.000,sRrp0ZiEenIEqwEV,,,,,,
1,184,2026-04-03T09:51:53.405Z,8270.000,7,7368.000,RQhhLWQoTrRIOUIj,7368.000,mFtsU2NLbV393iPp,7418.000,ahO5G+QMJW9JXaZF,7580.000,jgBHfjfbNleko2Dt,8220.000,ZNeI4CIi8cYNeSIl,8252.000,sRrp0ZiEenIEqwEV,8271.000,7z+hv5WDnSUYTapr,,,,,,
1,185,2026-04-03T09:52:01.675Z,,0,,,,,,,,,,,,,,,,,,,,
2,1,2026-04-03T09:49:41.520Z,10675.000,7,6211.000,sRrp0ZiEenIEqwEV,7129.000,jgBHfjfbNleko2Dt,7877.000,7z+hv5WDnSUYTapr,8602.000,ahO5G+QMJW9JXaZF,10133.000,8hVPVElPDyJLGNul,10621.000,ZNeI4CIi8cYNeSIl,10675.000,RQhhLWQoTrRIOUIj,,,,,,
2,2,2026-04-03T09:49:52.195Z,943.000,7,206.000,jgBHfjfbNleko2Dt,209.000,RQhhLWQoTrRIOUIj,306.000,7z+hv5WDnSUYTapr,309.000,ahO5G+QMJW9JXaZF,310.000,sRrp0ZiEenIEqwEV,871.000,8hVPVElPDyJLGNul,1087.000,ZNeI4CIi8cYNeSIl,,,,,,
2,3,2026-04-03T09:49:53.138Z,608.000,8,137.000,RQhhLWQoTrRIOUIj,208.000,7z+hv5WDnSUYTapr,209.000,jgBHfjfbNleko2Dt,211.000,sRrp0ZiEenIEqwEV,310.000,ahO5G+QMJW9JXaZF,504.000,8hVPVElPDyJLGNul,608.000,mFtsU2NLbV393iPp,716.000,ZNeI4CIi8cYNeSIl,,,,
2,4,2026-04-03T09:49:53.746Z,417.000,9,207.000,RQhhLWQoTrRIOUIj,208.000,jgBHfjfbNleko2Dt,211.000,mFtsU2NLbV393iPp,310.000,ahO5G+QMJW9JXaZF,311.000,7z+hv5WDnSUYTapr,312.000,sRrp0ZiEenIEqwEV,417.000,8hVPVElPDyJLGNul,517.000,ZNeI4CIi8cYNeSIl,594.000,RAVUzYYMBq+gCXIY,,
2,5,2026-04-03T09:49:54.163Z,311.000,8,208.000,7z+hv5WDnSUYTapr,209.000,jgBHfjfbNleko2Dt,210.000,sRrp0ZiEenIEqwEV,303.000,8hVPVElPDyJLGNul,307.000,mFtsU2NLbV393iPp,310.000,ahO5G+QMJW9JXaZF,311.000,RQhhLWQoTrRIOUIj,573.000,ZNeI4CIi8cYNeSIl,,,,
2,6,2026-04-03T09:49:54.474Z,347.000,7,208.000,jgBHfjfbNleko2Dt,211.000,RQhhLWQoTrRIOUIj,252.000,mFtsU2NLbV393iPp,306.000,ahO5G+QMJW9JXaZF,309.000,7z+hv5WDnSUYTapr,310.000,sRrp0ZiEenIEqwEV,347.000,8hVPVElPDyJLGNul,,,,,,
2,7,2026-04-03T09:49:54.821Z,279.000,8,176.000,mFtsU2NLbV393iPp,204.000,jgBHfjfbNleko2Dt,209.000,RQhhLWQoTrRIOUIj,267.000,ahO5G+QMJW9JXaZF,268.000,7z+hv5WDnSUYTapr,305.000,8hVPVElPDyJLGNul,280.000,sRrp0ZiEenIEqwEV,510.000,ZNeI4CIi8cYNeSIl,,,,
2,8,2026-04-03T09:49:55.100Z,309.000,9,203.000,mFtsU2NLbV393iPp,234.000,jgBHfjfbNleko2Dt,240.000,RQhhLWQoTrRIOUIj,299.000,ahO5G+QMJW9JXaZF,300.000,7z+hv5WDnSUYTapr,312.000,sRrp0ZiEenIEqwEV,337.000,8hVPVElPDyJLGNul,544.000,ZNeI4CIi8cYNeSIl,547.000,RAVUzYYMBq+gCXIY,,
2,9,2026-04-03T09:49:55.409Z,306.000,8,203.000,mFtsU2NLbV393iPp,203.000,jgBHfjfbNleko2Dt,240.000,RQhhLWQoTrRIOUIj,291.000,8hVPVElPDyJLGNul,300.000,ahO5G+QMJW9JXaZF,302.000,7z+hv5WDnSUYTapr,306.000,sRrp0ZiEenIEqwEV,545.000,ZNeI4CIi8cYNeSIl,,,,
2,10,2026-04-03T09:49:55.715Z,309.000,7,204.000,mFtsU2NLbV393iPp,235.000,jgBHfjfbNleko2Dt,246.000,RQhhLWQoTrRIOUIj,305.000,sRrp0ZiEenIEqwEV,306.000,7z+hv5WDnSUYTapr,307.000,ahO5G+QMJW9JXaZF,337.000,8hVPVElPDyJLGNul,,,,,,
2,11,2026-04-03T09:49:56.024Z,310.000,8,205.000,mFtsU2NLbV393iPp,229.000,jgBHfjfbNleko2Dt,243.000,RQhhLWQoTrRIOUIj,303.000,sRrp0ZiEenIEqwEV,308.000,ahO5G+QMJW9JXaZF,311.000,7z+hv5WDnSUYTapr,335.000,8hVPVElPDyJLGNul,596.000,RAVUzYYMBq+gCXIY,,,,
2,12,2026-04-03T09:49:56.334Z,309.000,7,204.000,mFtsU2NLbV393iPp,226.000,jgBHfjfbNleko2Dt,241.000,RQhhLWQoTrRIOUIj,303.000,sRrp0ZiEenIEqwEV,309.000,7z+hv5WDnSUYTapr,333.000,8hVPVElPDyJLGNul,310.000,ahO5G+QMJW9JXaZF,,,,,,
2,13,2026-04-03T09:49:56.643Z,310.000,9,202.000,mFtsU2NLbV393iPp,227.000,jgBHfjfbNleko2Dt,242.000,RQhhLWQoTrRIOUIj,305.000,sRrp0ZiEenIEqwEV,310.000,7z+hv5WDnSUYTapr,313.000,ahO5G+QMJW9JXaZF,330.000,8hVPVElPDyJLGNul,542.000,oDVDcsz2DDcqmuZv,545.000,ZNeI4CIi8cYNeSIl,,
2,14,2026-04-03T09:49:56.953Z,303.000,8,201.000,mFtsU2NLbV393iPp,226.000,jgBHfjfbNleko2Dt,239.000,RQhhLWQoTrRIOUIj,300.000,sRrp0ZiEenIEqwEV,300.000,7z+hv5WDnSUYTapr,329.000,8hVPVElPDyJLGNul,311.000,ahO5G+QMJW9JXaZF,679.000,oDVDcsz2DDcqmuZv,,,,
2,15,2026-04-03T09:49:57.256Z,313.000,9,208.000,mFtsU2NLbV393iPp,231.000,jgBHfjfbNleko2Dt,244.000,RQhhLWQoTrRIOUIj,303.000,7z+hv5WDnSUYTapr,305.000,sRrp0ZiEenIEqwEV,331.000,8hVPVElPDyJLGNul,318.000,ahO5G+QMJW9JXaZF,544.000,ZNeI4CIi8cYNeSIl,546.000,RAVUzYYMBq+gCXIY,,
2,16,2026-04-03T09:49:57.569Z,310.000,7,205.000,mFtsU2NLbV393iPp,226.000,jgBHfjfbNleko2Dt,243.000,RQhhLWQoTrRIOUIj,302.000,sRrp0ZiEenIEqwEV,302.000,7z+hv5WDnSUYTapr,329.000,8hVPVElPDyJLGNul,317.000,ahO5G+QMJW9JXaZF,,,,,,
2,17,2026-04-03T09:49:57.879Z,317.000,8,210.000,mFtsU2NLbV393iPp,224.000,jgBHfjfbNleko2Dt,247.000,RQhhLWQoTrRIOUIj,299.000,7z+hv5WDnSUYTapr,302.000,sRrp0ZiEenIEqwEV,329.000,8hVPVElPDyJLGNul,319.000,ahO5G+QMJW9JXaZF,479.000,ZNeI4CIi8cYNeSIl,,,,
2,18,2026-04-03T09:49:58.196Z,303.000,8,202.000,mFtsU2NLbV393iPp,215.000,jgBHfjfbNleko2Dt,239.000,RQhhLWQoTrRIOUIj,288.000,7z+hv5WDnSUYTapr,293.000,sRrp0ZiEenIEqwEV,310.000,ahO5G+QMJW9JXaZF,320.000,8hVPVElPDyJLGNul,494.000,RAVUzYYMBq+gCXIY,,,,
2,19,2026-04-03T09:49:58.499Z,311.000,9,209.000,mFtsU2NLbV393iPp,222.000,jgBHfjfbNleko2Dt,245.000,RQhhLWQoTrRIOUIj,294.000,7z+hv5WDnSUYTapr,300.000,sRrp0ZiEenIEqwEV,326.000,8hVPVElPDyJLGNul,317.000,ahO5G+QMJW9JXaZF,492.000,ZNeI4CIi8cYNeSIl,501.000,oDVDcsz2DDcqmuZv,,
2,20,2026-04-03T09:49:58.810Z,316.000,9,209.000,mFtsU2NLbV393iPp,221.000,jgBHfjfbNleko2Dt,241.000,RQhhLWQoTrRIOUIj,290.000,7z+hv5WDnSUYTapr,300.000,sRrp0ZiEenIEqwEV,317.000,ahO5G+QMJW9JXaZF,324.000,8hVPVElPDyJLGNul,466.000,RAVUzYYMBq+gCXIY,483.000,ZNeI4CIi8cYNeSIl,,
2,21,2026-04-03T09:49:59.126Z,304.000,10,204.000,mFtsU2NLbV393iPp,214.000,jgBHfjfbNleko2Dt,230.000,RQhhLWQoTrRIOUIj,293.000,7z+hv5WDnSUYTapr,297.000,sRrp0ZiEenIEqwEV,307.000,ahO5G+QMJW9JXaZF,317.000,8hVPVElPDyJLGNul,462.000,ZNeI4CIi8cYNeSIl,468.000,oDVDcsz2DDcqmuZv,473.000,RAVUzYYMBq+gCXIY
2,22,2026-04-03T09:49:59.430Z,304.000,10,202.000,mFtsU2NLbV393iPp,218.000,jgBHfjfbNleko2Dt,235.000,RQhhLWQoTrRIOUIj,297.000,7z+hv5WDnSUYTapr,299.000,sRrp0ZiEenIEqwEV,317.000,ahO5G+QMJW9JXaZF,321.000,8hVPVElPDyJLGNul,463.000,oDVDcsz2DDcqmuZv,466.000,ZNeI4CIi8cYNeSIl,469.000,RAVUzYYMBq+gCXIY
2,23,2026-04-03T09:49:59.734Z,309.000,10,201.000,mFtsU2NLbV393iPp,227.000,jgBHfjfbNleko2Dt,238.000,RQhhLWQoTrRIOUIj,299.000,sRrp0ZiEenIEqwEV,311.000,7z+hv5WDnSUYTapr,321.000,ahO5G+QMJW9JXaZF,332.000,8hVPVElPDyJLGNul,466.000,oDVDcsz2DDcqmuZv,468.000,ZNeI4CIi8cYNeSIl,475.000,RAVUzYYMBq+gCXIY
2,24,2026-04-03T09:50:00.043Z,310.000,10,203.000,mFtsU2NLbV393iPp,226.000,jgBHfjfbNleko2Dt,237.000,RQhhLWQoTrRIOUIj,301.000,sRrp0ZiEenIEqwEV,306.000,7z+hv5WDnSUYTapr,327.000,8hVPVElPDyJLGNul,319.000,ahO5G+QMJW9JXaZF,465.000,RAVUzYYMBq+gCXIY,468.000,ZNeI4CIi8cYNeSIl,469.000,oDVDcsz2DDcqmuZv
2,25,2026-04-03T09:50:00.353Z,306.000,10,204.000,mFtsU2NLbV393iPp,222.000,jgBHfjfbNleko2Dt,234.000,RQhhLWQoTrRIOUIj,302.000,7z+hv5WDnSUYTapr,304.000,sRrp0ZiEenIEqwEV,325.000,8hVPVElPDyJLGNul,319.000,ahO5G+QMJW9JXaZF,468.000,RAVUzYYMBq+gCXIY,469.000,oDVDcsz2DDcqmuZv,472.000,ZNeI4CIi8cYNeSIl
2,26,2026-04-03T09:50:00.659Z,307.000,9,203.000,mFtsU2NLbV393iPp,219.000,jgBHfjfbNleko2Dt,234.000,RQhhLWQoTrRIOUIj,304.000,sRrp0ZiEenIEqwEV,322.000,ahO5G+QMJW9JXaZF,309.000,7z+hv5WDnSUYTapr,320.000,8hVPVElPDyJLGNul,468.000,ZNeI4CIi8cYNeSIl,473.000,oDVDcsz2DDcqmuZv,,
2,27,2026-04-03T09:50:00.966Z,308.000,10,203.000,mFtsU2NLbV393iPp,220.000,jgBHfjfbNleko2Dt,233.000,RQhhLWQoTrRIOUIj,308.000,7z+hv5WDnSUYTapr,320.000,ahO5G+QMJW9JXaZF,322.000,8hVPVElPDyJLGNul,310.000,sRrp0ZiEenIEqwEV,453.000,RAVUzYYMBq+gCXIY,462.000,ZNeI4CIi8cYNeSIl,464.000,oDVDcsz2DDcqmuZv
2,28,2026-04-03T09:50:01.274Z,311.000,9,203.000,mFtsU2NLbV393iPp,220.000,jgBHfjfbNleko2Dt,239.000,RQhhLWQoTrRIOUIj,311.000,7z+hv5WDnSUYTapr,321.000,ahO5G+QMJW9JXaZF,322.000,8hVPVElPDyJLGNul,312.000,sRrp0ZiEenIEqwEV,499.000,ZNeI4CIi8cYNeSIl,500.000,oDVDcsz2DDcqmuZv,,
2,29,2026-04-03T09:50:01.585Z,310.000,9,202.000,mFtsU2NLbV393iPp,216.000,jgBHfjfbNleko2Dt,236.000,RQhhLWQoTrRIOUIj,306.000,7z+hv5WDnSUYTapr,321.000,ahO5G+QMJW9JXaZF,320.000,8hVPVElPDyJLGNul,315.000,sRrp0ZiEenIEqwEV,461.000,ZNeI4CIi8cYNeSIl,468.000,RAVUzYYMBq+gCXIY,,
2,30,2026-04-03T09:50:01.895Z,309.000,10,205.000,mFtsU2NLbV393iPp,216.000,jgBHfjfbNleko2Dt,228.000,RQhhLWQoTrRIOUIj,315.000,8hVPVElPDyJLGNul,310.000,7z+hv5WDnSUYTapr,312.000,sRrp0ZiEenIEqwEV,320.000,ahO5G+QMJW9JXaZF,454.000,RAVUzYYMBq+gCXIY,464.000,ZNeI4CIi8cYNeSIl,494.000,oDVDcsz2DDcqmuZv
2,31,2026-04-03T09:50:02.204Z,312.000,9,206.000,mFtsU2NLbV393iPp,214.000,jgBHfjfbNleko2Dt,231.000,RQhhLWQoTrRIOUIj,315.000,7z+hv5WDnSUYTapr,314.000,sRrp0ZiEenIEqwEV,317.000,8hVPVElPDyJLGNul,321.000,ahO5G+QMJW9JXaZF,497.000,RAVUzYYMBq+gCXIY,499.000,ZNeI4CIi8cYNeSIl,,
2,32,2026-04-03T09:50:02.516Z,308.000,10,202.000,mFtsU2NLbV393iPp,213.000,jgBHfjfbNleko2Dt,228.000,RQhhLWQoTrRIOUIj,303.000,7z+hv5WDnSUYTapr,316.000,8hVPVElPDyJLGNul,307.000,sRrp0ZiEenIEqwEV,315.000,ahO5G+QMJW9JXaZF,453.000,ZNeI4CIi8cYNeSIl,455.000,oDVDcsz2DDcqmuZv,459.000,RAVUzYYMBq+gCXIY
2,33,2026-04-03T09:50:02.824Z,309.000,10,205.000,mFtsU2NLbV393iPp,214.000,jgBHfjfbNleko2Dt,230.000,RQhhLWQoTrRIOUIj,303.000,7z+hv5WDnSUYTapr,306.000,sRrp0ZiEenIEqwEV,321.000,8hVPVElPDyJLGNul,311.000,ahO5G+QMJW9JXaZF,450.000,ZNeI4CIi8cYNeSIl,452.000,RAVUzYYMBq+gCXIY,457.000,oDVDcsz2DDcqmuZv
2,34,2026-04-03T09:50:03.133Z,310.000,10,204.000,mFtsU2NLbV393iPp,213.000,jgBHfjfbNleko2Dt,230.000,RQhhLWQoTrRIOUIj,298.000,7z+hv5WDnSUYTapr,307.000,sRrp0ZiEenIEqwEV,312.000,ahO5G+QMJW9JXaZF,318.000,8hVPVElPDyJLGNul,452.000,oDVDcsz2DDcqmuZv,453.000,RAVUzYYMBq+gCXIY,455.000,ZNeI4CIi8cYNeSIl
2,35,2026-04-03T09:50:03.443Z,308.000,10,204.000,mFtsU2NLbV393iPp,211.000,jgBHfjfbNleko2Dt,228.000,RQhhLWQoTrRIOUIj,301.000,7z+hv5WDnSUYTapr,304.000,sRrp0ZiEenIEqwEV,306.000,ahO5G+QMJW9JXaZF,314.000,8hVPVElPDyJLGNul,449.000,oDVDcsz2DDcqmuZv,452.000,ZNeI4CIi8cYNeSIl,455.000,RAVUzYYMBq+gCXIY
2,36,2026-04-03T09:50:03.751Z,307.000,10,204.000,mFtsU2NLbV393iPp,211.000,jgBHfjfbNleko2Dt,226.000,RQhhLWQoTrRIOUIj,303.000,ahO5G+QMJW9JXaZF,304.000,7z+hv5WDnSUYTapr,307.000,sRrp0ZiEenIEqwEV,313.000,8hVPVElPDyJLGNul,458.000,RAVUzYYMBq+gCXIY,460.000,oDVDcsz2DDcqmuZv,465.000,ZNeI4CIi8cYNeSIl
2,37,2026-04-03T09:50:04.058Z,309.000,10,206.000,mFtsU2NLbV393iPp,210.000,jgBHfjfbNleko2Dt,229.000,RQhhLWQoTrRIOUIj,306.000,sRrp0ZiEenIEqwEV,309.000,7z+hv5WDnSUYTapr,310.000,ahO5G+QMJW9JXaZF,312.000,8hVPVElPDyJLGNul,460.000,ZNeI4CIi8cYNeSIl,462.000,oDVDcsz2DDcqmuZv,463.000,RAVUzYYMBq+gCXIY
2,38,2026-04-03T09:50:04.367Z,308.000,10,204.000,jgBHfjfbNleko2Dt,206.000,mFtsU2NLbV393iPp,232.000,RQhhLWQoTrRIOUIj,304.000,7z+hv5WDnSUYTapr,305.000,sRrp0ZiEenIEqwEV,307.000,8hVPVElPDyJLGNul,307.000,ahO5G+QMJW9JXaZF,478.000,oDVDcsz2DDcqmuZv,479.000,ZNeI4CIi8cYNeSIl,480.000,RAVUzYYMBq+gCXIY
2,39,2026-04-03T09:50:04.675Z,311.000,10,206.000,mFtsU2NLbV393iPp,209.000,jgBHfjfbNleko2Dt,229.000,RQhhLWQoTrRIOUIj,305.000,ahO5G+QMJW9JXaZF,307.000,7z+hv5WDnSUYTapr,308.000,sRrp0ZiEenIEqwEV,313.000,8hVPVElPDyJLGNul,489.000,ZNeI4CIi8cYNeSIl,491.000,RAVUzYYMBq+gCXIY,493.000,oDVDcsz2DDcqmuZv
2,40,2026-04-03T09:50:04.986Z,311.000,7,205.000,mFtsU2NLbV393iPp,208.000,jgBHfjfbNleko2Dt,228.000,RQhhLWQoTrRIOUIj,298.000,ahO5G+QMJW9JXaZF,299.000,sRrp0ZiEenIEqwEV,309.000,8hVPVElPDyJLGNul,312.000,7z+hv5WDnSUYTapr,,,,,,
2,41,2026-04-03T09:50:05.297Z,311.000,9,205.000,mFtsU2NLbV393iPp,206.000,jgBHfjfbNleko2Dt,228.000,RQhhLWQoTrRIOUIj,293.000,ahO5G+QMJW9JXaZF,299.000,sRrp0ZiEenIEqwEV,301.000,7z+hv5WDnSUYTapr,311.000,8hVPVElPDyJLGNul,477.000,ZNeI4CIi8cYNeSIl,481.000,RAVUzYYMBq+gCXIY,,
2,42,2026-04-03T09:50:05.608Z,310.000,10,207.000,mFtsU2NLbV393iPp,209.000,jgBHfjfbNleko2Dt,227.000,RQhhLWQoTrRIOUIj,289.000,ahO5G+QMJW9JXaZF,296.000,sRrp0ZiEenIEqwEV,299.000,7z+hv5WDnSUYTapr,309.000,8hVPVElPDyJLGNul,444.000,ZNeI4CIi8cYNeSIl,449.000,RAVUzYYMBq+gCXIY,453.000,oDVDcsz2DDcqmuZv
2,43,2026-04-03T09:50:05.918Z,305.000,10,204.000,mFtsU2NLbV393iPp,204.000,jgBHfjfbNleko2Dt,225.000,RQhhLWQoTrRIOUIj,282.000,ahO5G+QMJW9JXaZF,288.000,sRrp0ZiEenIEqwEV,300.000,7z+hv5WDnSUYTapr,309.000,8hVPVElPDyJLGNul,427.000,ZNeI4CIi8cYNeSIl,471.000,oDVDcsz2DDcqmuZv,472.000,RAVUzYYMBq+gCXIY
2,44,2026-04-03T09:50:06.223Z,309.000,10,206.000,mFtsU2NLbV393iPp,208.000,jgBHfjfbNleko2Dt,228.000,RQhhLWQoTrRIOUIj,285.000,ahO5G+QMJW9JXaZF,296.000,sRrp0ZiEenIEqwEV,305.000,7z+hv5WDnSUYTapr,311.000,8hVPVElPDyJLGNul,469.000,RAVUzYYMBq+gCXIY,474.000,oDVDcsz2DDcqmuZv,479.000,ZNeI4CIi8cYNeSIl
2,45,2026-04-03T09:50:06.532Z,309.000,10,206.000,mFtsU2NLbV393iPp,207.000,jgBHfjfbNleko2Dt,228.000,RQhhLWQoTrRIOUIj,284.000,ahO5G+QMJW9JXaZF,297.000,sRrp0ZiEenIEqwEV,306.000,7z+hv5WDnSUYTapr,310.000,8hVPVElPDyJLGNul,451.000,ZNeI4CIi8cYNeSIl,452.000,RAVUzYYMBq+gCXIY,456.000,oDVDcsz2DDcqmuZv
2,46,2026-04-03T09:50:06.841Z,306.000,10,203.000,mFtsU2NLbV393iPp,205.000,jgBHfjfbNleko2Dt,229.000,RQhhLWQoTrRIOUIj,283.000,ahO5G+QMJW9JXaZF,302.000,sRrp0ZiEenIEqwEV,308.000,7z+hv5WDnSUYTapr,306.000,8hVPVElPDyJLGNul,426.000,ZNeI4CIi8cYNeSIl,429.000,RAVUzYYMBq+gCXIY,432.000,oDVDcsz2DDcqmuZv
2,47,2026-04-03T09:50:07.147Z,308.000,10,205.000,mFtsU2NLbV393iPp,210.000,jgBHfjfbNleko2Dt,231.000,RQhhLWQoTrRIOUIj,284.000,ahO5G+QMJW9JXaZF,304.000,sRrp0ZiEenIEqwEV,314.000,7z+hv5WDnSUYTapr,313.000,8hVPVElPDyJLGNul,459.000,RAVUzYYMBq+gCXIY,461.000,ZNeI4CIi8cYNeSIl,462.000,oDVDcsz2DDcqmuZv
2,48,2026-04-03T09:50:07.455Z,310.000,10,204.000,mFtsU2NLbV393iPp,211.000,jgBHfjfbNleko2Dt,233.000,RQhhLWQoTrRIOUIj,282.000,ahO5G+QMJW9JXaZF,305.000,sRrp0ZiEenIEqwEV,312.000,8hVPVElPDyJLGNul,315.000,7z+hv5WDnSUYTapr,433.000,RAVUzYYMBq+gCXIY,480.000,ZNeI4CIi8cYNeSIl,483.000,oDVDcsz2DDcqmuZv
2,49,2026-04-03T09:50:07.765Z,307.000,9,200.000,mFtsU2NLbV393iPp,212.000,jgBHfjfbNleko2Dt,228.000,RQhhLWQoTrRIOUIj,279.000,ahO5G+QMJW9JXaZF,317.000,7z+hv5WDnSUYTapr,309.000,sRrp0ZiEenIEqwEV,312.000,8hVPVElPDyJLGNul,468.000,ZNeI4CIi8cYNeSIl,496.000,oDVDcsz2DDcqmuZv,,
2,50,2026-04-03T09:50:08.072Z,307.000,8,203.000,mFtsU2NLbV393iPp,213.000,jgBHfjfbNleko2Dt,230.000,RQhhLWQoTrRIOUIj,279.000,ahO5G+QMJW9JXaZF,313.000,7z+hv5WDnSUYTapr,314.000,sRrp0ZiEenIEqwEV,307.000,8hVPVElPDyJLGNul,488.000,RAVUzYYMBq+gCXIY,,,,
2,51,2026-04-03T09:50:08.379Z,307.000,10,201.000,mFtsU2NLbV393iPp,215.000,jgBHfjfbNleko2Dt,230.000,RQhhLWQoTrRIOUIj,280.000,ahO5G+QMJW9JXaZF,315.000,7z+hv5WDnSUYTapr,311.000,8hVPVElPDyJLGNul,321.000,sRrp0ZiEenIEqwEV,429.000,RAVUzYYMBq+gCXIY,431.000,ZNeI4CIi8cYNeSIl,435.000,oDVDcsz2DDcqmuZv
2,52,2026-04-03T09:50:08.686Z,309.000,8,206.000,mFtsU2NLbV393iPp,220.000,jgBHfjfbNleko2Dt,230.000,RQhhLWQoTrRIOUIj,284.000,ahO5G+QMJW9JXaZF,313.000,7z+hv5WDnSUYTapr,310.000,8hVPVElPDyJLGNul,321.000,sRrp0ZiEenIEqwEV,416.000,RAVUzYYMBq+gCXIY,,,,
2,53,2026-04-03T09:50:08.995Z,323.000,9,219.000,mFtsU2NLbV393iPp,221.000,jgBHfjfbNleko2Dt,268.000,RQhhLWQoTrRIOUIj,305.000,8hVPVElPDyJLGNul,307.000,7z+hv5WDnSUYTapr,316.000,sRrp0ZiEenIEqwEV,328.000,ahO5G+QMJW9JXaZF,509.000,ZNeI4CIi8cYNeSIl,968.000,oDVDcsz2DDcqmuZv,,
2,54,2026-04-03T09:50:09.318Z,312.000,8,211.000,jgBHfjfbNleko2Dt,229.000,mFtsU2NLbV393iPp,247.000,RQhhLWQoTrRIOUIj,289.000,8hVPVElPDyJLGNul,290.000,7z+hv5WDnSUYTapr,297.000,sRrp0ZiEenIEqwEV,312.000,ahO5G+QMJW9JXaZF,550.000,oDVDcsz2DDcqmuZv,,,,
2,55,2026-04-03T09:50:09.630Z,295.000,7,188.000,jgBHfjfbNleko2Dt,240.000,RQhhLWQoTrRIOUIj,249.000,mFtsU2NLbV393iPp,257.000,ahO5G+QMJW9JXaZF,283.000,7z+hv5WDnSUYTapr,290.000,sRrp0ZiEenIEqwEV,295.000,8hVPVElPDyJLGNul,,,,,,
2,56,2026-04-03T09:50:09.925Z,307.000,7,206.000,mFtsU2NLbV393iPp,206.000,jgBHfjfbNleko2Dt,271.000,ahO5G+QMJW9JXaZF,288.000,RQhhLWQoTrRIOUIj,288.000,7z+hv5WDnSUYTapr,305.000,sRrp0ZiEenIEqwEV,307.000,8hVPVElPDyJLGNul,,,,,,
2,57,2026-04-03T09:50:10.232Z,316.000,8,215.000,jgBHfjfbNleko2Dt,217.000,mFtsU2NLbV393iPp,238.000,RQhhLWQoTrRIOUIj,294.000,7z+hv5WDnSUYTapr,306.000,sRrp0ZiEenIEqwEV,313.000,8hVPVElPDyJLGNul,316.000,ahO5G+QMJW9JXaZF,526.000,oDVDcsz2DDcqmuZv,,,,
2,58,2026-04-03T09:50:10.548Z,365.000,9,208.000,mFtsU2NLbV393iPp,234.000,jgBHfjfbNleko2Dt,272.000,RQhhLWQoTrRIOUIj,302.000,7z+hv5WDnSUYTapr,303.000,8hVPVElPDyJLGNul,335.000,sRrp0ZiEenIEqwEV,365.000,ahO5G+QMJW9JXaZF,517.000,RAVUzYYMBq+gCXIY,563.000,oDVDcsz2DDcqmuZv,,
2,59,2026-04-03T09:50:10.913Z,310.000,10,208.000,mFtsU2NLbV393iPp,208.000,jgBHfjfbNleko2Dt,244.000,7z+hv5WDnSUYTapr,247.000,8hVPVElPDyJLGNul,248.000,RQhhLWQoTrRIOUIj,288.000,sRrp0ZiEenIEqwEV,310.000,ahO5G+QMJW9JXaZF,431.000,oDVDcsz2DDcqmuZv,534.000,ZNeI4CIi8cYNeSIl,767.000,RAVUzYYMBq+gCXIY
2,60,2026-04-03T09:50:11.223Z,306.000,7,204.000,mFtsU2NLbV393iPp,243.000,jgBHfjfbNleko2Dt,244.000,RQhhLWQoTrRIOUIj,248.000,8hVPVElPDyJLGNul,275.000,7z+hv5WDnSUYTapr,285.000,sRrp0ZiEenIEqwEV,345.000,ahO5G+QMJW9JXaZF,,,,,,
2,61,2026-04-03T09:50:11.529Z,285.000,9,182.000,jgBHfjfbNleko2Dt,201.000,mFtsU2NLbV393iPp,253.000,RQhhLWQoTrRIOUIj,256.000,ahO5G+QMJW9JXaZF,258.000,8hVPVElPDyJLGNul,278.000,7z+hv5WDnSUYTapr,285.000,sRrp0ZiEenIEqwEV,439.000,RAVUzYYMBq+gCXIY,440.000,ZNeI4CIi8cYNeSIl,,
2,62,2026-04-03T09:50:11.814Z,428.000,10,249.000,jgBHfjfbNleko2Dt,266.000,mFtsU2NLbV393iPp,308.000,7z+hv5WDnSUYTapr,309.000,RQhhLWQoTrRIOUIj,351.000,sRrp0ZiEenIEqwEV,408.000,ahO5G+QMJW9JXaZF,428.000,8hVPVElPDyJLGNul,574.000,ZNeI4CIi8cYNeSIl,596.000,RAVUzYYMBq+gCXIY,1073.000,oDVDcsz2DDcqmuZv
2,63,2026-04-03T09:50:12.242Z,303.000,7,188.000,mFtsU2NLbV393iPp,207.000,jgBHfjfbNleko2Dt,214.000,RQhhLWQoTrRIOUIj,230.000,sRrp0ZiEenIEqwEV,300.000,8hVPVElPDyJLGNul,306.000,ahO5G+QMJW9JXaZF,311.000,7z+hv5WDnSUYTapr,,,,,,
2,64,2026-04-03T09:50:12.545Z,299.000,9,201.000,RQhhLWQoTrRIOUIj,223.000,mFtsU2NLbV393iPp,236.000,jgBHfjfbNleko2Dt,237.000,8hVPVElPDyJLGNul,251.000,ahO5G+QMJW9JXaZF,273.000,sRrp0ZiEenIEqwEV,314.000,7z+hv5WDnSUYTapr,457.000,ZNeI4CIi8cYNeSIl,831.000,oDVDcsz2DDcqmuZv,,
2,65,2026-04-03T09:50:12.844Z,308.000,8,201.000,RQhhLWQoTrRIOUIj,208.000,mFtsU2NLbV393iPp,216.000,jgBHfjfbNleko2Dt,260.000,8hVPVElPDyJLGNul,283.000,ahO5G+QMJW9JXaZF,284.000,sRrp0ZiEenIEqwEV,317.000,7z+hv5WDnSUYTapr,534.000,ZNeI4CIi8cYNeSIl,,,,
2,66,2026-04-03T09:50:13.152Z,392.000,9,204.000,RQhhLWQoTrRIOUIj,215.000,jgBHfjfbNleko2Dt,282.000,sRrp0ZiEenIEqwEV,299.000,ahO5G+QMJW9JXaZF,305.000,8hVPVElPDyJLGNul,344.000,7z+hv5WDnSUYTapr,392.000,mFtsU2NLbV393iPp,526.000,RAVUzYYMBq+gCXIY,582.000,oDVDcsz2DDcqmuZv,,
2,67,2026-04-03T09:50:13.544Z,346.000,8,246.000,jgBHfjfbNleko2Dt,248.000,mFtsU2NLbV393iPp,249.000,RQhhLWQoTrRIOUIj,307.000,sRrp0ZiEenIEqwEV,310.000,8hVPVElPDyJLGNul,313.000,7z+hv5WDnSUYTapr,346.000,ahO5G+QMJW9JXaZF,531.000,ZNeI4CIi8cYNeSIl,,,,
2,68,2026-04-03T09:50:13.890Z,352.000,9,211.000,jgBHfjfbNleko2Dt,214.000,mFtsU2NLbV393iPp,228.000,RQhhLWQoTrRIOUIj,274.000,8hVPVElPDyJLGNul,310.000,sRrp0ZiEenIEqwEV,314.000,ahO5G+QMJW9JXaZF,353.000,7z+hv5WDnSUYTapr,659.000,ZNeI4CIi8cYNeSIl,898.000,oDVDcsz2DDcqmuZv,,
2,69,2026-04-03T09:50:14.242Z,306.000,8,205.000,mFtsU2NLbV393iPp,206.000,jgBHfjfbNleko2Dt,209.000,RQhhLWQoTrRIOUIj,224.000,8hVPVElPDyJLGNul,266.000,ahO5G+QMJW9JXaZF,268.000,sRrp0ZiEenIEqwEV,305.000,7z+hv5WDnSUYTapr,541.000,ZNeI4CIi8cYNeSIl,,,,
2,70,2026-04-03T09:50:14.548Z,305.000,8,202.000,jgBHfjfbNleko2Dt,208.000,RQhhLWQoTrRIOUIj,209.000,mFtsU2NLbV393iPp,224.000,8hVPVElPDyJLGNul,267.000,ahO5G+QMJW9JXaZF,271.000,sRrp0ZiEenIEqwEV,305.000,7z+hv5WDnSUYTapr,745.000,oDVDcsz2DDcqmuZv,,,,
2,71,2026-04-03T09:50:14.853Z,307.000,8,202.000,jgBHfjfbNleko2Dt,219.000,mFtsU2NLbV393iPp,234.000,RQhhLWQoTrRIOUIj,268.000,ahO5G+QMJW9JXaZF,276.000,sRrp0ZiEenIEqwEV,277.000,8hVPVElPDyJLGNul,307.000,7z+hv5WDnSUYTapr,667.000,ZNeI4CIi8cYNeSIl,,,,
2,72,2026-04-03T09:50:15.160Z,360.000,9,205.000,jgBHfjfbNleko2Dt,224.000,RQhhLWQoTrRIOUIj,226.000,mFtsU2NLbV393iPp,267.000,ahO5G+QMJW9JXaZF,278.000,sRrp0ZiEenIEqwEV,280.000,8hVPVElPDyJLGNul,306.000,7z+hv5WDnSUYTapr,521.000,ZNeI4CIi8cYNeSIl,530.000,oDVDcsz2DDcqmuZv,,
2,73,2026-04-03T09:50:15.520Z,257.000,8,155.000,jgBHfjfbNleko2Dt,176.000,mFtsU2NLbV393iPp,191.000,RQhhLWQoTrRIOUIj,223.000,sRrp0ZiEenIEqwEV,232.000,8hVPVElPDyJLGNul,256.000,ahO5G+QMJW9JXaZF,257.000,7z+hv5WDnSUYTapr,478.000,RAVUzYYMBq+gCXIY,,,,
2,74,2026-04-03T09:50:15.777Z,313.000,10,208.000,jgBHfjfbNleko2Dt,241.000,RQhhLWQoTrRIOUIj,264.000,mFtsU2NLbV393iPp,271.000,sRrp0ZiEenIEqwEV,306.000,ahO5G+QMJW9JXaZF,309.000,7z+hv5WDnSUYTapr,313.000,8hVPVElPDyJLGNul,444.000,RAVUzYYMBq+gCXIY,454.000,oDVDcsz2DDcqmuZv,556.000,ZNeI4CIi8cYNeSIl
2,75,2026-04-03T09:50:16.090Z,313.000,8,205.000,jgBHfjfbNleko2Dt,232.000,RQhhLWQoTrRIOUIj,264.000,sRrp0ZiEenIEqwEV,289.000,mFtsU2NLbV393iPp,298.000,ahO5G+QMJW9JXaZF,302.000,7z+hv5WDnSUYTapr,313.000,8hVPVElPDyJLGNul,824.000,oDVDcsz2DDcqmuZv,,,,
2,76,2026-04-03T09:50:16.403Z,349.000,9,244.000,jgBHfjfbNleko2Dt,250.000,mFtsU2NLbV393iPp,262.000,RQhhLWQoTrRIOUIj,290.000,sRrp0ZiEenIEqwEV,297.000,7z+hv5WDnSUYTapr,337.000,ahO5G+QMJW9JXaZF,349.000,8hVPVElPDyJLGNul,582.000,RAVUzYYMBq+gCXIY,751.000,oDVDcsz2DDcqmuZv,,
2,77,2026-04-03T09:50:16.752Z,304.000,8,202.000,mFtsU2NLbV393iPp,203.000,jgBHfjfbNleko2Dt,221.000,RQhhLWQoTrRIOUIj,248.000,sRrp0ZiEenIEqwEV,261.000,7z+hv5WDnSUYTapr,298.000,ahO5G+QMJW9JXaZF,305.000,8hVPVElPDyJLGNul,623.000,ZNeI4CIi8cYNeSIl,,,,
2,78,2026-04-03T09:50:17.056Z,311.000,8,204.000,mFtsU2NLbV393iPp,204.000,jgBHfjfbNleko2Dt,227.000,RQhhLWQoTrRIOUIj,254.000,sRrp0ZiEenIEqwEV,262.000,7z+hv5WDnSUYTapr,298.000,ahO5G+QMJW9JXaZF,310.000,8hVPVElPDyJLGNul,985.000,RAVUzYYMBq+gCXIY,,,,
2,79,2026-04-03T09:50:17.367Z,306.000,8,244.000,mFtsU2NLbV393iPp,248.000,jgBHfjfbNleko2Dt,253.000,sRrp0ZiEenIEqwEV,254.000,RQhhLWQoTrRIOUIj,256.000,7z+hv5WDnSUYTapr,302.000,ahO5G+QMJW9JXaZF,351.000,8hVPVElPDyJLGNul,491.000,oDVDcsz2DDcqmuZv,,,,
2,80,2026-04-03T09:50:17.673Z,349.000,9,199.000,mFtsU2NLbV393iPp,247.000,jgBHfjfbNleko2Dt,259.000,RQhhLWQoTrRIOUIj,265.000,7z+hv5WDnSUYTapr,348.000,ahO5G+QMJW9JXaZF,347.000,sRrp0ZiEenIEqwEV,350.000,8hVPVElPDyJLGNul,430.000,RAVUzYYMBq+gCXIY,640.000,ZNeI4CIi8cYNeSIl,,
2,81,2026-04-03T09:50:18.022Z,265.000,7,157.000,mFtsU2NLbV393iPp,161.000,RQhhLWQoTrRIOUIj,217.000,7z+hv5WDnSUYTapr,221.000,jgBHfjfbNleko2Dt,232.000,sRrp0ZiEenIEqwEV,266.000,ahO5G+QMJW9JXaZF,309.000,8hVPVElPDyJLGNul,,,,,,
2,82,2026-04-03T09:50:18.287Z,307.000,9,206.000,mFtsU2NLbV393iPp,218.000,RQhhLWQoTrRIOUIj,266.000,jgBHfjfbNleko2Dt,268.000,7z+hv5WDnSUYTapr,281.000,sRrp0ZiEenIEqwEV,287.000,8hVPVElPDyJLGNul,316.000,ahO5G+QMJW9JXaZF,499.000,RAVUzYYMBq+gCXIY,511.000,oDVDcsz2DDcqmuZv,,
2,83,2026-04-03T09:50:18.594Z,309.000,10,202.000,mFtsU2NLbV393iPp,213.000,jgBHfjfbNleko2Dt,258.000,RQhhLWQoTrRIOUIj,289.000,sRrp0ZiEenIEqwEV,299.000,8hVPVElPDyJLGNul,315.000,ahO5G+QMJW9JXaZF,317.000,7z+hv5WDnSUYTapr,456.000,RAVUzYYMBq+gCXIY,966.000,ZNeI4CIi8cYNeSIl,735.000,oDVDcsz2DDcqmuZv
2,84,2026-04-03T09:50:18.903Z,308.000,9,200.000,mFtsU2NLbV393iPp,249.000,jgBHfjfbNleko2Dt,255.000,RQhhLWQoTrRIOUIj,286.000,sRrp0ZiEenIEqwEV,295.000,8hVPVElPDyJLGNul,351.000,ahO5G+QMJW9JXaZF,310.000,7z+hv5WDnSUYTapr,435.000,RAVUzYYMBq+gCXIY,507.000,ZNeI4CIi8cYNeSIl,,
2,85,2026-04-03T09:50:19.211Z,317.000,10,202.000,mFtsU2NLbV393iPp,247.000,jgBHfjfbNleko2Dt,274.000,RQhhLWQoTrRIOUIj,311.000,8hVPVElPDyJLGNul,314.000,sRrp0ZiEenIEqwEV,314.000,7z+hv5WDnSUYTapr,353.000,ahO5G+QMJW9JXaZF,497.000,ZNeI4CIi8cYNeSIl,533.000,oDVDcsz2DDcqmuZv,1053.000,RAVUzYYMBq+gCXIY
2,86,2026-04-03T09:50:19.528Z,343.000,8,239.000,jgBHfjfbNleko2Dt,242.000,mFtsU2NLbV393iPp,259.000,RQhhLWQoTrRIOUIj,302.000,7z+hv5WDnSUYTapr,305.000,8hVPVElPDyJLGNul,311.000,sRrp0ZiEenIEqwEV,343.000,ahO5G+QMJW9JXaZF,894.000,RAVUzYYMBq+gCXIY,,,,
2,87,2026-04-03T09:50:19.871Z,282.000,9,176.000,mFtsU2NLbV393iPp,216.000,jgBHfjfbNleko2Dt,263.000,RQhhLWQoTrRIOUIj,270.000,7z+hv5WDnSUYTapr,272.000,8hVPVElPDyJLGNul,317.000,sRrp0ZiEenIEqwEV,313.000,ahO5G+QMJW9JXaZF,546.000,ZNeI4CIi8cYNeSIl,786.000,oDVDcsz2DDcqmuZv,,
2,88,2026-04-03T09:50:20.153Z,310.000,7,203.000,mFtsU2NLbV393iPp,240.000,jgBHfjfbNleko2Dt,259.000,RQhhLWQoTrRIOUIj,296.000,8hVPVElPDyJLGNul,299.000,7z+hv5WDnSUYTapr,345.000,sRrp0ZiEenIEqwEV,344.000,ahO5G+QMJW9JXaZF,,,,,,
2,89,2026-04-03T09:50:20.463Z,336.000,8,235.000,mFtsU2NLbV393iPp,237.000,RQhhLWQoTrRIOUIj,277.000,jgBHfjfbNleko2Dt,279.000,ahO5G+QMJW9JXaZF,293.000,8hVPVElPDyJLGNul,302.000,7z+hv5WDnSUYTapr,382.000,sRrp0ZiEenIEqwEV,565.000,RAVUzYYMBq+gCXIY,,,,
2,90,2026-04-03T09:50:20.799Z,341.000,7,173.000,jgBHfjfbNleko2Dt,206.000,mFtsU2NLbV393iPp,208.000,RQhhLWQoTrRIOUIj,252.000,ahO5G+QMJW9JXaZF,263.000,sRrp0ZiEenIEqwEV,277.000,7z+hv5WDnSUYTapr,341.000,8hVPVElPDyJLGNul,,,,,,
2,91,2026-04-03T09:50:21.140Z,351.000,8,237.000,sRrp0ZiEenIEqwEV,262.000,7z+hv5WDnSUYTapr,263.000,jgBHfjfbNleko2Dt,264.000,mFtsU2NLbV393iPp,265.000,RQhhLWQoTrRIOUIj,310.000,8hVPVElPDyJLGNul,353.000,ahO5G+QMJW9JXaZF,887.000,oDVDcsz2DDcqmuZv,,,,
2,92,2026-04-03T09:50:21.491Z,301.000,8,200.000,jgBHfjfbNleko2Dt,206.000,mFtsU2NLbV393iPp,210.000,RQhhLWQoTrRIOUIj,225.000,sRrp0ZiEenIEqwEV,251.000,ahO5G+QMJW9JXaZF,267.000,7z+hv5WDnSUYTapr,301.000,8hVPVElPDyJLGNul,591.000,oDVDcsz2DDcqmuZv,,,,
2,93,2026-04-03T09:50:21.792Z,321.000,8,213.000,mFtsU2NLbV393iPp,216.000,RQhhLWQoTrRIOUIj,233.000,jgBHfjfbNleko2Dt,289.000,7z+hv5WDnSUYTapr,290.000,ahO5G+QMJW9JXaZF,305.000,8hVPVElPDyJLGNul,336.000,sRrp0ZiEenIEqwEV,558.000,ZNeI4CIi8cYNeSIl,,,,
2,94,2026-04-03T09:50:22.113Z,331.000,10,256.000,7z+hv5WDnSUYTapr,261.000,ahO5G+QMJW9JXaZF,315.000,jgBHfjfbNleko2Dt,316.000,mFtsU2NLbV393iPp,317.000,RQhhLWQoTrRIOUIj,330.000,sRrp0ZiEenIEqwEV,398.000,8hVPVElPDyJLGNul,454.000,RAVUzYYMBq+gCXIY,664.000,oDVDcsz2DDcqmuZv,968.000,ZNeI4CIi8cYNeSIl
2,95,2026-04-03T09:50:22.444Z,337.000,7,233.000,RQhhLWQoTrRIOUIj,237.000,mFtsU2NLbV393iPp,248.000,jgBHfjfbNleko2Dt,273.000,8hVPVElPDyJLGNul,293.000,7z+hv5WDnSUYTapr,297.000,ahO5G+QMJW9JXaZF,352.000,sRrp0ZiEenIEqwEV,,,,,,
2,96,2026-04-03T09:50:22.781Z,424.000,7,202.000,mFtsU2NLbV393iPp,245.000,jgBHfjfbNleko2Dt,248.000,8hVPVElPDyJLGNul,281.000,RQhhLWQoTrRIOUIj,282.000,sRrp0ZiEenIEqwEV,312.000,ahO5G+QMJW9JXaZF,423.000,7z+hv5WDnSUYTapr,,,,,,
2,97,2026-04-03T09:50:23.205Z,298.000,10,105.000,sRrp0ZiEenIEqwEV,205.000,mFtsU2NLbV393iPp,207.000,ahO5G+QMJW9JXaZF,208.000,RQhhLWQoTrRIOUIj,209.000,jgBHfjfbNleko2Dt,246.000,8hVPVElPDyJLGNul,299.000,7z+hv5WDnSUYTapr,424.000,oDVDcsz2DDcqmuZv,426.000,RAVUzYYMBq+gCXIY,828.000,ZNeI4CIi8cYNeSIl
2,98,2026-04-03T09:50:23.503Z,307.000,10,203.000,jgBHfjfbNleko2Dt,215.000,RQhhLWQoTrRIOUIj,224.000,sRrp0ZiEenIEqwEV,229.000,ahO5G+QMJW9JXaZF,255.000,8hVPVElPDyJLGNul,289.000,mFtsU2NLbV393iPp,307.000,7z+hv5WDnSUYTapr,455.000,oDVDcsz2DDcqmuZv,494.000,ZNeI4CIi8cYNeSIl,729.000,RAVUzYYMBq+gCXIY
2,99,2026-04-03T09:50:23.810Z,306.000,9,204.000,jgBHfjfbNleko2Dt,214.000,RQhhLWQoTrRIOUIj,249.000,mFtsU2NLbV393iPp,291.000,sRrp0ZiEenIEqwEV,292.000,8hVPVElPDyJLGNul,295.000,ahO5G+QMJW9JXaZF,306.000,7z+hv5WDnSUYTapr,484.000,oDVDcsz2DDcqmuZv,756.000,ZNeI4CIi8cYNeSIl,,
2,100,2026-04-03T09:50:24.116Z,337.000,8,233.000,RQhhLWQoTrRIOUIj,235.000,jgBHfjfbNleko2Dt,249.000,mFtsU2NLbV393iPp,294.000,8hVPVElPDyJLGNul,307.000,7z+hv5WDnSUYTapr,337.000,sRrp0ZiEenIEqwEV,337.000,ahO5G+QMJW9JXaZF,462.000,RAVUzYYMBq+gCXIY,,,,
2,101,2026-04-03T09:50:24.453Z,310.000,8,208.000,RQhhLWQoTrRIOUIj,210.000,jgBHfjfbNleko2Dt,222.000,mFtsU2NLbV393iPp,271.000,8hVPVElPDyJLGNul,279.000,7z+hv5WDnSUYTapr,308.000,ahO5G+QMJW9JXaZF,310.000,sRrp0ZiEenIEqwEV,499.000,ZNeI4CIi8cYNeSIl,,,,
2,102,2026-04-03T09:50:24.763Z,307.000,7,202.000,jgBHfjfbNleko2Dt,206.000,RQhhLWQoTrRIOUIj,224.000,mFtsU2NLbV393iPp,268.000,8hVPVElPDyJLGNul,276.000,7z+hv5WDnSUYTapr,300.000,sRrp0ZiEenIEqwEV,307.000,ahO5G+QMJW9JXaZF,,,,,,
2,103,2026-04-03T09:50:25.070Z,309.000,9,208.000,jgBHfjfbNleko2Dt,213.000,RQhhLWQoTrRIOUIj,251.000,mFtsU2NLbV393iPp,271.000,8hVPVElPDyJLGNul,279.000,7z+hv5WDnSUYTapr,301.000,sRrp0ZiEenIEqwEV,309.000,ahO5G+QMJW9JXaZF,451.000,RAVUzYYMBq+gCXIY,515.000,oDVDcsz2DDcqmuZv,,
2,104,2026-04-03T09:50:25.379Z,367.000,10,204.000,jgBHfjfbNleko2Dt,208.000,RQhhLWQoTrRIOUIj,226.000,mFtsU2NLbV393iPp,266.000,8hVPVElPDyJLGNul,294.000,sRrp0ZiEenIEqwEV,307.000,ahO5G+QMJW9JXaZF,366.000,7z+hv5WDnSUYTapr,442.000,oDVDcsz2DDcqmuZv,529.000,ZNeI4CIi8cYNeSIl,765.000,RAVUzYYMBq+gCXIY
2,105,2026-04-03T09:50:25.746Z,309.000,10,205.000,jgBHfjfbNleko2Dt,207.000,RQhhLWQoTrRIOUIj,210.000,mFtsU2NLbV393iPp,238.000,sRrp0ZiEenIEqwEV,292.000,8hVPVElPDyJLGNul,292.000,ahO5G+QMJW9JXaZF,309.000,7z+hv5WDnSUYTapr,463.000,RAVUzYYMBq+gCXIY,539.000,oDVDcsz2DDcqmuZv,780.000,ZNeI4CIi8cYNeSIl
2,106,2026-04-03T09:50:26.055Z,310.000,9,206.000,mFtsU2NLbV393iPp,207.000,jgBHfjfbNleko2Dt,208.000,RQhhLWQoTrRIOUIj,228.000,ahO5G+QMJW9JXaZF,279.000,sRrp0ZiEenIEqwEV,293.000,8hVPVElPDyJLGNul,310.000,7z+hv5WDnSUYTapr,561.000,ZNeI4CIi8cYNeSIl,988.000,RAVUzYYMBq+gCXIY,,
2,107,2026-04-03T09:50:26.365Z,301.000,8,200.000,jgBHfjfbNleko2Dt,205.000,mFtsU2NLbV393iPp,207.000,RQhhLWQoTrRIOUIj,227.000,ahO5G+QMJW9JXaZF,276.000,sRrp0ZiEenIEqwEV,293.000,8hVPVElPDyJLGNul,301.000,7z+hv5WDnSUYTapr,846.000,oDVDcsz2DDcqmuZv,,,,
2,108,2026-04-03T09:50:26.666Z,311.000,8,216.000,mFtsU2NLbV393iPp,221.000,jgBHfjfbNleko2Dt,223.000,sRrp0ZiEenIEqwEV,305.000,RQhhLWQoTrRIOUIj,306.000,ahO5G+QMJW9JXaZF,306.000,8hVPVElPDyJLGNul,311.000,7z+hv5WDnSUYTapr,779.000,ZNeI4CIi8cYNeSIl,,,,
2,109,2026-04-03T09:50:26.977Z,305.000,8,203.000,jgBHfjfbNleko2Dt,211.000,mFtsU2NLbV393iPp,246.000,sRrp0ZiEenIEqwEV,250.000,RQhhLWQoTrRIOUIj,282.000,ahO5G+QMJW9JXaZF,298.000,8hVPVElPDyJLGNul,305.000,7z+hv5WDnSUYTapr,404.000,oDVDcsz2DDcqmuZv,,,,
2,110,2026-04-03T09:50:27.282Z,319.000,9,217.000,mFtsU2NLbV393iPp,219.000,RQhhLWQoTrRIOUIj,222.000,jgBHfjfbNleko2Dt,255.000,sRrp0ZiEenIEqwEV,306.000,8hVPVElPDyJLGNul,312.000,7z+hv5WDnSUYTapr,326.000,ahO5G+QMJW9JXaZF,478.000,ZNeI4CIi8cYNeSIl,576.000,RAVUzYYMBq+gCXIY,,
2,111,2026-04-03T09:50:27.601Z,322.000,8,217.000,mFtsU2NLbV393iPp,219.000,RQhhLWQoTrRIOUIj,246.000,jgBHfjfbNleko2Dt,247.000,sRrp0ZiEenIEqwEV,252.000,ahO5G+QMJW9JXaZF,304.000,7z+hv5WDnSUYTapr,338.000,8hVPVElPDyJLGNul,396.000,ZNeI4CIi8cYNeSIl,,,,
2,112,2026-04-03T09:50:27.923Z,290.000,8,187.000,jgBHfjfbNleko2Dt,203.000,mFtsU2NLbV393iPp,205.000,RQhhLWQoTrRIOUIj,237.000,sRrp0ZiEenIEqwEV,237.000,8hVPVElPDyJLGNul,244.000,ahO5G+QMJW9JXaZF,290.000,7z+hv5WDnSUYTapr,448.000,oDVDcsz2DDcqmuZv,,,,
2,113,2026-04-03T09:50:28.213Z,309.000,10,207.000,jgBHfjfbNleko2Dt,217.000,mFtsU2NLbV393iPp,232.000,RQhhLWQoTrRIOUIj,259.000,8hVPVElPDyJLGNul,259.000,sRrp0ZiEenIEqwEV,262.000,ahO5G+QMJW9JXaZF,309.000,7z+hv5WDnSUYTapr,486.000,ZNeI4CIi8cYNeSIl,584.000,RAVUzYYMBq+gCXIY,823.000,oDVDcsz2DDcqmuZv
2,114,2026-04-03T09:50:28.522Z,310.000,10,208.000,jgBHfjfbNleko2Dt,210.000,mFtsU2NLbV393iPp,240.000,RQhhLWQoTrRIOUIj,258.000,8hVPVElPDyJLGNul,275.000,ahO5G+QMJW9JXaZF,304.000,sRrp0ZiEenIEqwEV,309.000,7z+hv5WDnSUYTapr,499.000,oDVDcsz2DDcqmuZv,503.000,ZNeI4CIi8cYNeSIl,505.000,RAVUzYYMBq+gCXIY
2,115,2026-04-03T09:50:28.832Z,304.000,8,202.000,jgBHfjfbNleko2Dt,208.000,mFtsU2NLbV393iPp,244.000,RQhhLWQoTrRIOUIj,259.000,8hVPVElPDyJLGNul,280.000,ahO5G+QMJW9JXaZF,302.000,7z+hv5WDnSUYTapr,304.000,sRrp0ZiEenIEqwEV,475.000,oDVDcsz2DDcqmuZv,,,,
2,116,2026-04-03T09:50:29.136Z,315.000,9,212.000,mFtsU2NLbV393iPp,248.000,jgBHfjfbNleko2Dt,268.000,8hVPVElPDyJLGNul,285.000,ahO5G+QMJW9JXaZF,300.000,RQhhLWQoTrRIOUIj,309.000,7z+hv5WDnSUYTapr,354.000,sRrp0ZiEenIEqwEV,508.000,ZNeI4CIi8cYNeSIl,592.000,RAVUzYYMBq+gCXIY,,
2,117,2026-04-03T09:50:29.451Z,306.000,8,205.000,mFtsU2NLbV393iPp,244.000,jgBHfjfbNleko2Dt,284.000,RQhhLWQoTrRIOUIj,295.000,8hVPVElPDyJLGNul,299.000,ahO5G+QMJW9JXaZF,304.000,7z+hv5WDnSUYTapr,349.000,sRrp0ZiEenIEqwEV,560.000,oDVDcsz2DDcqmuZv,,,,
2,118,2026-04-03T09:50:29.757Z,348.000,10,244.000,mFtsU2NLbV393iPp,288.000,RQhhLWQoTrRIOUIj,289.000,jgBHfjfbNleko2Dt,296.000,8hVPVElPDyJLGNul,303.000,ahO5G+QMJW9JXaZF,304.000,7z+hv5WDnSUYTapr,393.000,sRrp0ZiEenIEqwEV,438.000,oDVDcsz2DDcqmuZv,546.000,RAVUzYYMBq+gCXIY,602.000,ZNeI4CIi8cYNeSIl
2,119,2026-04-03T09:50:30.105Z,317.000,8,210.000,mFtsU2NLbV393iPp,255.000,jgBHfjfbNleko2Dt,256.000,8hVPVElPDyJLGNul,256.000,RQhhLWQoTrRIOUIj,265.000,7z+hv5WDnSUYTapr,297.000,ahO5G+QMJW9JXaZF,359.000,sRrp0ZiEenIEqwEV,938.000,ZNeI4CIi8cYNeSIl,,,,
2,120,2026-04-03T09:50:30.422Z,307.000,7,203.000,mFtsU2NLbV393iPp,244.000,RQhhLWQoTrRIOUIj,246.000,jgBHfjfbNleko2Dt,247.000,8hVPVElPDyJLGNul,255.000,7z+hv5WDnSUYTapr,287.000,ahO5G+QMJW9JXaZF,350.000,sRrp0ZiEenIEqwEV,,,,,,
2,121,2026-04-03T09:50:30.729Z,290.000,8,185.000,jgBHfjfbNleko2Dt,242.000,mFtsU2NLbV393iPp,245.000,RQhhLWQoTrRIOUIj,262.000,7z+hv5WDnSUYTapr,268.000,8hVPVElPDyJLGNul,289.000,ahO5G+QMJW9JXaZF,290.000,sRrp0ZiEenIEqwEV,793.000,RAVUzYYMBq+gCXIY,,,,
2,122,2026-04-03T09:50:31.019Z,290.000,8,186.000,mFtsU2NLbV393iPp,206.000,jgBHfjfbNleko2Dt,264.000,RQhhLWQoTrRIOUIj,275.000,7z+hv5WDnSUYTapr,287.000,8hVPVElPDyJLGNul,310.000,ahO5G+QMJW9JXaZF,308.000,sRrp0ZiEenIEqwEV,1024.000,ZNeI4CIi8cYNeSIl,,,,
2,123,2026-04-03T09:50:31.309Z,311.000,7,206.000,mFtsU2NLbV393iPp,268.000,jgBHfjfbNleko2Dt,283.000,RQhhLWQoTrRIOUIj,295.000,7z+hv5WDnSUYTapr,304.000,8hVPVElPDyJLGNul,372.000,sRrp0ZiEenIEqwEV,321.000,ahO5G+QMJW9JXaZF,,,,,,
2,124,2026-04-03T09:50:31.620Z,306.000,9,202.000,mFtsU2NLbV393iPp,278.000,RQhhLWQoTrRIOUIj,281.000,jgBHfjfbNleko2Dt,295.000,8hVPVElPDyJLGNul,299.000,7z+hv5WDnSUYTapr,304.000,sRrp0ZiEenIEqwEV,320.000,ahO5G+QMJW9JXaZF,512.000,oDVDcsz2DDcqmuZv,843.000,RAVUzYYMBq+gCXIY,,
2,125,2026-04-03T09:50:31.926Z,359.000,9,221.000,mFtsU2NLbV393iPp,222.000,jgBHfjfbNleko2Dt,278.000,RQhhLWQoTrRIOUIj,297.000,8hVPVElPDyJLGNul,318.000,ahO5G+QMJW9JXaZF,324.000,sRrp0ZiEenIEqwEV,359.000,7z+hv5WDnSUYTapr,615.000,RAVUzYYMBq+gCXIY,666.000,ZNeI4CIi8cYNeSIl,,
2,126,2026-04-03T09:50:32.285Z,277.000,8,172.000,mFtsU2NLbV393iPp,206.000,jgBHfjfbNleko2Dt,239.000,RQhhLWQoTrRIOUIj,251.000,8hVPVElPDyJLGNul,265.000,ahO5G+QMJW9JXaZF,269.000,sRrp0ZiEenIEqwEV,310.000,7z+hv5WDnSUYTapr,541.000,oDVDcsz2DDcqmuZv,,,,
2,127,2026-04-03T09:50:32.562Z,320.000,8,217.000,mFtsU2NLbV393iPp,236.000,RQhhLWQoTrRIOUIj,240.000,jgBHfjfbNleko2Dt,282.000,8hVPVElPDyJLGNul,295.000,ahO5G+QMJW9JXaZF,303.000,sRrp0ZiEenIEqwEV,346.000,7z+hv5WDnSUYTapr,499.000,oDVDcsz2DDcqmuZv,,,,
2,128,2026-04-03T09:50:32.882Z,476.000,10,264.000,sRrp0ZiEenIEqwEV,390.000,8hVPVElPDyJLGNul,415.000,7z+hv5WDnSUYTapr,418.000,jgBHfjfbNleko2Dt,432.000,ahO5G+QMJW9JXaZF,443.000,mFtsU2NLbV393iPp,475.000,RQhhLWQoTrRIOUIj,626.000,oDVDcsz2DDcqmuZv,890.000,ZNeI4CIi8cYNeSIl,1120.000,RAVUzYYMBq+gCXIY
2,129,2026-04-03T09:50:33.358Z,312.000,9,271.000,mFtsU2NLbV393iPp,274.000,RQhhLWQoTrRIOUIj,274.000,jgBHfjfbNleko2Dt,307.000,7z+hv5WDnSUYTapr,310.000,8hVPVElPDyJLGNul,310.000,ahO5G+QMJW9JXaZF,317.000,sRrp0ZiEenIEqwEV,517.000,ZNeI4CIi8cYNeSIl,577.000,RAVUzYYMBq+gCXIY,,
2,130,2026-04-03T09:50:33.670Z,410.000,9,241.000,jgBHfjfbNleko2Dt,305.000,8hVPVElPDyJLGNul,311.000,sRrp0ZiEenIEqwEV,320.000,7z+hv5WDnSUYTapr,345.000,ahO5G+QMJW9JXaZF,352.000,mFtsU2NLbV393iPp,410.000,RQhhLWQoTrRIOUIj,616.000,oDVDcsz2DDcqmuZv,852.000,RAVUzYYMBq+gCXIY,,
2,131,2026-04-03T09:50:34.080Z,349.000,9,245.000,RQhhLWQoTrRIOUIj,245.000,mFtsU2NLbV393iPp,246.000,jgBHfjfbNleko2Dt,307.000,7z+hv5WDnSUYTapr,308.000,8hVPVElPDyJLGNul,310.000,ahO5G+QMJW9JXaZF,349.000,sRrp0ZiEenIEqwEV,544.000,ZNeI4CIi8cYNeSIl,551.000,RAVUzYYMBq+gCXIY,,
2,132,2026-04-03T09:50:34.429Z,315.000,8,212.000,RQhhLWQoTrRIOUIj,213.000,mFtsU2NLbV393iPp,217.000,jgBHfjfbNleko2Dt,298.000,7z+hv5WDnSUYTapr,298.000,8hVPVElPDyJLGNul,303.000,ahO5G+QMJW9JXaZF,318.000,sRrp0ZiEenIEqwEV,798.000,RAVUzYYMBq+gCXIY,,,,
2,133,2026-04-03T09:50:34.744Z,342.000,9,237.000,mFtsU2NLbV393iPp,238.000,RQhhLWQoTrRIOUIj,249.000,jgBHfjfbNleko2Dt,288.000,7z+hv5WDnSUYTapr,296.000,8hVPVElPDyJLGNul,338.000,ahO5G+QMJW9JXaZF,353.000,sRrp0ZiEenIEqwEV,556.000,ZNeI4CIi8cYNeSIl,793.000,oDVDcsz2DDcqmuZv,,
2,134,2026-04-03T09:50:35.086Z,284.000,8,180.000,mFtsU2NLbV393iPp,204.000,jgBHfjfbNleko2Dt,213.000,RQhhLWQoTrRIOUIj,226.000,sRrp0ZiEenIEqwEV,258.000,8hVPVElPDyJLGNul,258.000,7z+hv5WDnSUYTapr,304.000,ahO5G+QMJW9JXaZF,516.000,oDVDcsz2DDcqmuZv,,,,
2,135,2026-04-03T09:50:35.370Z,311.000,8,205.000,mFtsU2NLbV393iPp,220.000,jgBHfjfbNleko2Dt,245.000,RQhhLWQoTrRIOUIj,254.000,sRrp0ZiEenIEqwEV,277.000,7z+hv5WDnSUYTapr,281.000,8hVPVElPDyJLGNul,325.000,ahO5G+QMJW9JXaZF,795.000,RAVUzYYMBq+gCXIY,,,,
2,136,2026-04-03T09:50:35.681Z,409.000,10,242.000,sRrp0ZiEenIEqwEV,353.000,RQhhLWQoTrRIOUIj,390.000,8hVPVElPDyJLGNul,392.000,7z+hv5WDnSUYTapr,403.000,jgBHfjfbNleko2Dt,405.000,mFtsU2NLbV393iPp,409.000,ahO5G+QMJW9JXaZF,569.000,ZNeI4CIi8cYNeSIl,599.000,oDVDcsz2DDcqmuZv,604.000,RAVUzYYMBq+gCXIY
2,137,2026-04-03T09:50:36.090Z,311.000,8,205.000,jgBHfjfbNleko2Dt,208.000,mFtsU2NLbV393iPp,209.000,RQhhLWQoTrRIOUIj,308.000,7z+hv5WDnSUYTapr,309.000,sRrp0ZiEenIEqwEV,310.000,8hVPVElPDyJLGNul,312.000,ahO5G+QMJW9JXaZF,949.000,ZNeI4CIi8cYNeSIl,,,,
2,138,2026-04-03T09:50:36.401Z,491.000,10,243.000,mFtsU2NLbV393iPp,301.000,sRrp0ZiEenIEqwEV,329.000,7z+hv5WDnSUYTapr,349.000,8hVPVElPDyJLGNul,350.000,ahO5G+QMJW9JXaZF,462.000,jgBHfjfbNleko2Dt,491.000,RQhhLWQoTrRIOUIj,513.000,RAVUzYYMBq+gCXIY,514.000,oDVDcsz2DDcqmuZv,542.000,ZNeI4CIi8cYNeSIl
2,139,2026-04-03T09:50:36.892Z,308.000,10,204.000,sRrp0ZiEenIEqwEV,277.000,ahO5G+QMJW9JXaZF,279.000,7z+hv5WDnSUYTapr,283.000,8hVPVElPDyJLGNul,304.000,mFtsU2NLbV393iPp,307.000,jgBHfjfbNleko2Dt,308.000,RQhhLWQoTrRIOUIj,380.000,RAVUzYYMBq+gCXIY,609.000,oDVDcsz2DDcqmuZv,790.000,ZNeI4CIi8cYNeSIl
2,140,2026-04-03T09:50:37.200Z,506.000,10,337.000,sRrp0ZiEenIEqwEV,351.000,mFtsU2NLbV393iPp,374.000,jgBHfjfbNleko2Dt,381.000,7z+hv5WDnSUYTapr,390.000,8hVPVElPDyJLGNul,439.000,ahO5G+QMJW9JXaZF,506.000,RQhhLWQoTrRIOUIj,530.000,ZNeI4CIi8cYNeSIl,746.000,oDVDcsz2DDcqmuZv,673.000,RAVUzYYMBq+gCXIY
2,141,2026-04-03T09:50:37.706Z,533.000,10,212.000,sRrp0ZiEenIEqwEV,314.000,RQhhLWQoTrRIOUIj,332.000,mFtsU2NLbV393iPp,342.000,7z+hv5WDnSUYTapr,387.000,8hVPVElPDyJLGNul,403.000,ahO5G+QMJW9JXaZF,533.000,ZNeI4CIi8cYNeSIl,533.000,jgBHfjfbNleko2Dt,582.000,oDVDcsz2DDcqmuZv,595.000,RAVUzYYMBq+gCXIY
2,142,2026-04-03T09:50:38.239Z,360.000,10,151.000,mFtsU2NLbV393iPp,225.000,sRrp0ZiEenIEqwEV,305.000,8hVPVElPDyJLGNul,310.000,ahO5G+QMJW9JXaZF,311.000,7z+hv5WDnSUYTapr,337.000,RQhhLWQoTrRIOUIj,360.000,jgBHfjfbNleko2Dt,551.000,RAVUzYYMBq+gCXIY,1032.000,oDVDcsz2DDcqmuZv,803.000,ZNeI4CIi8cYNeSIl
2,143,2026-04-03T09:50:38.599Z,393.000,10,285.000,sRrp0ZiEenIEqwEV,311.000,8hVPVElPDyJLGNul,315.000,7z+hv5WDnSUYTapr,317.000,ahO5G+QMJW9JXaZF,369.000,mFtsU2NLbV393iPp,389.000,jgBHfjfbNleko2Dt,393.000,RQhhLWQoTrRIOUIj,597.000,RAVUzYYMBq+gCXIY,909.000,oDVDcsz2DDcqmuZv,697.000,ZNeI4CIi8cYNeSIl
2,144,2026-04-03T09:50:38.992Z,415.000,9,208.000,jgBHfjfbNleko2Dt,237.000,mFtsU2NLbV393iPp,306.000,RQhhLWQoTrRIOUIj,311.000,7z+hv5WDnSUYTapr,378.000,ahO5G+QMJW9JXaZF,378.000,sRrp0ZiEenIEqwEV,415.000,8hVPVElPDyJLGNul,647.000,ZNeI4CIi8cYNeSIl,1064.000,oDVDcsz2DDcqmuZv,,
2,145,2026-04-03T09:50:39.407Z,502.000,9,209.000,sRrp0ZiEenIEqwEV,307.000,8hVPVElPDyJLGNul,340.000,7z+hv5WDnSUYTapr,465.000,ahO5G+QMJW9JXaZF,475.000,jgBHfjfbNleko2Dt,500.000,RAVUzYYMBq+gCXIY,502.000,mFtsU2NLbV393iPp,531.000,oDVDcsz2DDcqmuZv,720.000,ZNeI4CIi8cYNeSIl,,
2,146,2026-04-03T09:50:39.909Z,437.000,10,316.000,sRrp0ZiEenIEqwEV,353.000,7z+hv5WDnSUYTapr,370.000,jgBHfjfbNleko2Dt,394.000,ahO5G+QMJW9JXaZF,406.000,8hVPVElPDyJLGNul,414.000,mFtsU2NLbV393iPp,437.000,RQhhLWQoTrRIOUIj,461.000,RAVUzYYMBq+gCXIY,509.000,oDVDcsz2DDcqmuZv,681.000,ZNeI4CIi8cYNeSIl
2,147,2026-04-03T09:50:40.346Z,496.000,9,265.000,mFtsU2NLbV393iPp,380.000,7z+hv5WDnSUYTapr,382.000,sRrp0ZiEenIEqwEV,390.000,8hVPVElPDyJLGNul,413.000,ahO5G+QMJW9JXaZF,473.000,jgBHfjfbNleko2Dt,496.000,RQhhLWQoTrRIOUIj,733.000,oDVDcsz2DDcqmuZv,699.000,ZNeI4CIi8cYNeSIl,,
2,148,2026-04-03T09:50:40.842Z,483.000,10,286.000,sRrp0ZiEenIEqwEV,345.000,8hVPVElPDyJLGNul,360.000,7z+hv5WDnSUYTapr,398.000,ahO5G+QMJW9JXaZF,429.000,jgBHfjfbNleko2Dt,472.000,mFtsU2NLbV393iPp,483.000,RQhhLWQoTrRIOUIj,712.000,oDVDcsz2DDcqmuZv,612.000,RAVUzYYMBq+gCXIY,657.000,ZNeI4CIi8cYNeSIl
2,149,2026-04-03T09:50:41.325Z,467.000,9,260.000,sRrp0ZiEenIEqwEV,334.000,7z+hv5WDnSUYTapr,353.000,ahO5G+QMJW9JXaZF,358.000,8hVPVElPDyJLGNul,409.000,jgBHfjfbNleko2Dt,454.000,RAVUzYYMBq+gCXIY,467.000,mFtsU2NLbV393iPp,496.000,oDVDcsz2DDcqmuZv,638.000,ZNeI4CIi8cYNeSIl,,
2,150,2026-04-03T09:50:41.792Z,473.000,9,345.000,sRrp0ZiEenIEqwEV,367.000,ahO5G+QMJW9JXaZF,373.000,7z+hv5WDnSUYTapr,408.000,jgBHfjfbNleko2Dt,453.000,mFtsU2NLbV393iPp,464.000,8hVPVElPDyJLGNul,650.000,ZNeI4CIi8cYNeSIl,506.000,RAVUzYYMBq+gCXIY,886.000,oDVDcsz2DDcqmuZv,,
2,151,2026-04-03T09:50:42.265Z,470.000,10,325.000,7z+hv5WDnSUYTapr,345.000,8hVPVElPDyJLGNul,350.000,sRrp0ZiEenIEqwEV,385.000,ahO5G+QMJW9JXaZF,418.000,jgBHfjfbNleko2Dt,466.000,mFtsU2NLbV393iPp,647.000,ZNeI4CIi8cYNeSIl,472.000,RQhhLWQoTrRIOUIj,505.000,RAVUzYYMBq+gCXIY,889.000,oDVDcsz2DDcqmuZv
2,152,2026-04-03T09:50:42.735Z,469.000,10,212.000,RQhhLWQoTrRIOUIj,258.000,sRrp0ZiEenIEqwEV,349.000,ahO5G+QMJW9JXaZF,357.000,7z+hv5WDnSUYTapr,365.000,8hVPVElPDyJLGNul,418.000,jgBHfjfbNleko2Dt,468.000,mFtsU2NLbV393iPp,506.000,oDVDcsz2DDcqmuZv,566.000,RAVUzYYMBq+gCXIY,653.000,ZNeI4CIi8cYNeSIl
2,153,2026-04-03T09:50:43.204Z,479.000,9,261.000,sRrp0ZiEenIEqwEV,303.000,7z+hv5WDnSUYTapr,315.000,ahO5G+QMJW9JXaZF,351.000,8hVPVElPDyJLGNul,467.000,ZNeI4CIi8cYNeSIl,471.000,mFtsU2NLbV393iPp,479.000,RQhhLWQoTrRIOUIj,502.000,RAVUzYYMBq+gCXIY,511.000,oDVDcsz2DDcqmuZv,,
2,154,2026-04-03T09:50:43.683Z,440.000,9,211.000,RQhhLWQoTrRIOUIj,325.000,sRrp0ZiEenIEqwEV,345.000,7z+hv5WDnSUYTapr,349.000,ahO5G+QMJW9JXaZF,429.000,RAVUzYYMBq+gCXIY,437.000,8hVPVElPDyJLGNul,440.000,mFtsU2NLbV393iPp,498.000,ZNeI4CIi8cYNeSIl,954.000,oDVDcsz2DDcqmuZv,,
2,155,2026-04-03T09:50:44.123Z,536.000,9,226.000,sRrp0ZiEenIEqwEV,387.000,ahO5G+QMJW9JXaZF,390.000,8hVPVElPDyJLGNul,421.000,7z+hv5WDnSUYTapr,483.000,mFtsU2NLbV393iPp,503.000,RQhhLWQoTrRIOUIj,540.000,RAVUzYYMBq+gCXIY,828.000,ZNeI4CIi8cYNeSIl,776.000,oDVDcsz2DDcqmuZv,,
2,156,2026-04-03T09:50:44.659Z,526.000,9,173.000,RQhhLWQoTrRIOUIj,369.000,sRrp0ZiEenIEqwEV,382.000,7z+hv5WDnSUYTapr,420.000,8hVPVElPDyJLGNul,474.000,RAVUzYYMBq+gCXIY,491.000,ahO5G+QMJW9JXaZF,526.000,jgBHfjfbNleko2Dt,622.000,ZNeI4CIi8cYNeSIl,703.000,oDVDcsz2DDcqmuZv,,
2,157,2026-04-03T09:50:45.185Z,549.000,8,196.000,sRrp0ZiEenIEqwEV,347.000,7z+hv5WDnSUYTapr,352.000,ahO5G+QMJW9JXaZF,387.000,RQhhLWQoTrRIOUIj,472.000,RAVUzYYMBq+gCXIY,501.000,8hVPVElPDyJLGNul,549.000,oDVDcsz2DDcqmuZv,557.000,ZNeI4CIi8cYNeSIl,,,,
2,158,2026-04-03T09:50:45.734Z,482.000,9,320.000,sRrp0ZiEenIEqwEV,320.000,ahO5G+QMJW9JXaZF,328.000,7z+hv5WDnSUYTapr,358.000,8hVPVElPDyJLGNul,435.000,RAVUzYYMBq+gCXIY,469.000,mFtsU2NLbV393iPp,482.000,RQhhLWQoTrRIOUIj,674.000,ZNeI4CIi8cYNeSIl,674.000,oDVDcsz2DDcqmuZv,,
2,159,2026-04-03T09:50:46.216Z,478.000,9,321.000,sRrp0ZiEenIEqwEV,359.000,jgBHfjfbNleko2Dt,385.000,ahO5G+QMJW9JXaZF,455.000,8hVPVElPDyJLGNul,473.000,RAVUzYYMBq+gCXIY,475.000,RQhhLWQoTrRIOUIj,479.000,7z+hv5WDnSUYTapr,513.000,oDVDcsz2DDcqmuZv,683.000,ZNeI4CIi8cYNeSIl,,
2,160,2026-04-03T09:50:46.694Z,557.000,9,308.000,7z+hv5WDnSUYTapr,338.000,sRrp0ZiEenIEqwEV,350.000,ahO5G+QMJW9JXaZF,460.000,8hVPVElPDyJLGNul,529.000,RQhhLWQoTrRIOUIj,555.000,mFtsU2NLbV393iPp,604.000,RAVUzYYMBq+gCXIY,601.000,oDVDcsz2DDcqmuZv,602.000,ZNeI4CIi8cYNeSIl,,
2,161,2026-04-03T09:50:47.251Z,555.000,8,279.000,sRrp0ZiEenIEqwEV,438.000,RQhhLWQoTrRIOUIj,468.000,RAVUzYYMBq+gCXIY,528.000,ZNeI4CIi8cYNeSIl,548.000,8hVPVElPDyJLGNul,551.000,ahO5G+QMJW9JXaZF,660.000,oDVDcsz2DDcqmuZv,561.000,mFtsU2NLbV393iPp,,,,
2,162,2026-04-03T09:50:47.806Z,646.000,10,171.000,7z+hv5WDnSUYTapr,202.000,RQhhLWQoTrRIOUIj,309.000,sRrp0ZiEenIEqwEV,325.000,ahO5G+QMJW9JXaZF,581.000,jgBHfjfbNleko2Dt,588.000,mFtsU2NLbV393iPp,656.000,RAVUzYYMBq+gCXIY,651.000,ZNeI4CIi8cYNeSIl,684.000,8hVPVElPDyJLGNul,758.000,oDVDcsz2DDcqmuZv
2,163,2026-04-03T09:50:48.452Z,568.000,9,197.000,sRrp0ZiEenIEqwEV,318.000,7z+hv5WDnSUYTapr,380.000,8hVPVElPDyJLGNul,464.000,mFtsU2NLbV393iPp,481.000,RAVUzYYMBq+gCXIY,567.000,RQhhLWQoTrRIOUIj,568.000,ahO5G+QMJW9JXaZF,690.000,oDVDcsz2DDcqmuZv,953.000,ZNeI4CIi8cYNeSIl,,
2,164,2026-04-03T09:50:49.020Z,1004.000,8,209.000,RQhhLWQoTrRIOUIj,450.000,sRrp0ZiEenIEqwEV,604.000,ZNeI4CIi8cYNeSIl,617.000,RAVUzYYMBq+gCXIY,829.000,oDVDcsz2DDcqmuZv,982.000,mFtsU2NLbV393iPp,1004.000,ahO5G+QMJW9JXaZF,1056.000,8hVPVElPDyJLGNul,,,,
2,165,2026-04-03T09:50:50.024Z,888.000,7,359.000,ahO5G+QMJW9JXaZF,434.000,RQhhLWQoTrRIOUIj,692.000,ZNeI4CIi8cYNeSIl,754.000,oDVDcsz2DDcqmuZv,828.000,RAVUzYYMBq+gCXIY,887.000,sRrp0ZiEenIEqwEV,888.000,7z+hv5WDnSUYTapr,,,,,,
2,166,2026-04-03T09:50:50.912Z,888.000,7,212.000,sRrp0ZiEenIEqwEV,394.000,RQhhLWQoTrRIOUIj,654.000,mFtsU2NLbV393iPp,658.000,RAVUzYYMBq+gCXIY,659.000,ZNeI4CIi8cYNeSIl,754.000,ahO5G+QMJW9JXaZF,888.000,oDVDcsz2DDcqmuZv,,,,,,
2,167,2026-04-03T09:50:51.800Z,978.000,7,315.000,ZNeI4CIi8cYNeSIl,514.000,sRrp0ZiEenIEqwEV,560.000,RAVUzYYMBq+gCXIY,639.000,RQhhLWQoTrRIOUIj,805.000,jgBHfjfbNleko2Dt,977.000,oDVDcsz2DDcqmuZv,978.000,ahO5G+QMJW9JXaZF,,,,,,
2,168,2026-04-03T09:50:52.778Z,1060.000,8,695.000,sRrp0ZiEenIEqwEV,756.000,jgBHfjfbNleko2Dt,779.000,RQhhLWQoTrRIOUIj,831.000,RAVUzYYMBq+gCXIY,967.000,oDVDcsz2DDcqmuZv,1048.000,mFtsU2NLbV393iPp,1060.000,7z+hv5WDnSUYTapr,1164.000,ahO5G+QMJW9JXaZF,,,,
2,169,2026-04-03T09:50:53.838Z,1130.000,8,313.000,7z+hv5WDnSUYTapr,454.000,RAVUzYYMBq+gCXIY,651.000,RQhhLWQoTrRIOUIj,849.000,jgBHfjfbNleko2Dt,909.000,8hVPVElPDyJLGNul,1058.000,sRrp0ZiEenIEqwEV,1130.000,oDVDcsz2DDcqmuZv,1141.000,ahO5G+QMJW9JXaZF,,,,
2,170,2026-04-03T09:50:54.968Z,1048.000,7,762.000,RAVUzYYMBq+gCXIY,873.000,RQhhLWQoTrRIOUIj,910.000,7z+hv5WDnSUYTapr,976.000,sRrp0ZiEenIEqwEV,982.000,mFtsU2NLbV393iPp,987.000,oDVDcsz2DDcqmuZv,1048.000,ahO5G+QMJW9JXaZF,,,,,,
2,171,2026-04-03T09:50:56.016Z,1741.000,7,736.000,RAVUzYYMBq+gCXIY,841.000,mFtsU2NLbV393iPp,992.000,7z+hv5WDnSUYTapr,1044.000,oDVDcsz2DDcqmuZv,1601.000,sRrp0ZiEenIEqwEV,1610.000,RQhhLWQoTrRIOUIj,1741.000,ZNeI4CIi8cYNeSIl,,,,,,
2,172,2026-04-03T09:50:57.757Z,2211.000,7,1056.000,sRrp0ZiEenIEqwEV,1350.000,RAVUzYYMBq+gCXIY,1415.000,jgBHfjfbNleko2Dt,1426.000,7z+hv5WDnSUYTapr,1455.000,8hVPVElPDyJLGNul,2148.000,RQhhLWQoTrRIOUIj,2215.000,ZNeI4CIi8cYNeSIl,,,,,,
2,173,2026-04-03T09:50:59.968Z,2390.000,8,1025.000,sRrp0ZiEenIEqwEV,1170.000,ZNeI4CIi8cYNeSIl,1567.000,RAVUzYYMBq+gCXIY,1903.000,RQhhLWQoTrRIOUIj,2316.000,oDVDcsz2DDcqmuZv,2334.000,7z+hv5WDnSUYTapr,2390.000,mFtsU2NLbV393iPp,2509.000,8hVPVElPDyJLGNul,,,,
2,174,2026-04-03T09:51:02.358Z,2860.000,10,2652.000,RAVUzYYMBq+gCXIY,2665.000,ahO5G+QMJW9JXaZF,2744.000,sRrp0ZiEenIEqwEV,2767.000,jgBHfjfbNleko2Dt,2787.000,8hVPVElPDyJLGNul,2822.000,RQhhLWQoTrRIOUIj,2860.000,7z+hv5WDnSUYTapr,2861.000,mFtsU2NLbV393iPp,3006.000,oDVDcsz2DDcqmuZv,3253.000,ZNeI4CIi8cYNeSIl
2,175,2026-04-03T09:51:05.218Z,3141.000,9,2958.000,RAVUzYYMBq+gCXIY,2968.000,7z+hv5WDnSUYTapr,3013.000,sRrp0ZiEenIEqwEV,3048.000,RQhhLWQoTrRIOUIj,3072.000,oDVDcsz2DDcqmuZv,3134.000,mFtsU2NLbV393iPp,3141.000,ahO5G+QMJW9JXaZF,3149.000,8hVPVElPDyJLGNul,3158.000,ZNeI4CIi8cYNeSIl,,
2,176,2026-04-03T09:51:08.359Z,3844.000,8,2430.000,RQhhLWQoTrRIOUIj,2630.000,RAVUzYYMBq+gCXIY,2854.000,7z+hv5WDnSUYTapr,2924.000,jgBHfjfbNleko2Dt,2932.000,8hVPVElPDyJLGNul,3701.000,sRrp0ZiEenIEqwEV,3844.000,ZNeI4CIi8cYNeSIl,4080.000,oDVDcsz2DDcqmuZv,,,,
2,177,2026-04-03T09:51:12.203Z,4089.000,9,2913.000,sRrp0ZiEenIEqwEV,2949.000,ZNeI4CIi8cYNeSIl,3188.000,mFtsU2NLbV393iPp,3200.000,7z+hv5WDnSUYTapr,3755.000,RQhhLWQoTrRIOUIj,3895.000,RAVUzYYMBq+gCXIY,4089.000,jgBHfjfbNleko2Dt,4093.000,oDVDcsz2DDcqmuZv,4099.000,8hVPVElPDyJLGNul,,
2,178,2026-04-03T09:51:16.292Z,5219.000,7,3788.000,sRrp0ZiEenIEqwEV,3870.000,RQhhLWQoTrRIOUIj,3938.000,RAVUzYYMBq+gCXIY,4017.000,ZNeI4CIi8cYNeSIl,4267.000,jgBHfjfbNleko2Dt,4370.000,7z+hv5WDnSUYTapr,5219.000,mFtsU2NLbV393iPp,,,,,,
2,179,2026-04-03T09:51:21.511Z,5133.000,7,3880.000,ZNeI4CIi8cYNeSIl,4272.000,mFtsU2NLbV393iPp,4632.000,sRrp0ZiEenIEqwEV,4747.000,RQhhLWQoTrRIOUIj,4779.000,RAVUzYYMBq+gCXIY,5125.000,oDVDcsz2DDcqmuZv,5135.000,7z+hv5WDnSUYTapr,,,,,,
2,180,2026-04-03T09:51:26.644Z,5782.000,8,4937.000,RAVUzYYMBq+gCXIY,4940.000,7z+hv5WDnSUYTapr,5656.000,8hVPVElPDyJLGNul,5714.000,sRrp0ZiEenIEqwEV,5738.000,ahO5G+QMJW9JXaZF,5772.000,ZNeI4CIi8cYNeSIl,5782.000,jgBHfjfbNleko2Dt,6009.000,oDVDcsz2DDcqmuZv,,,,
2,181,2026-04-03T09:51:32.426Z,6487.000,8,6263.000,7z+hv5WDnSUYTapr,6265.000,sRrp0ZiEenIEqwEV,6347.000,mFtsU2NLbV393iPp,6375.000,RQhhLWQoTrRIOUIj,6456.000,RAVUzYYMBq+gCXIY,6462.000,8hVPVElPDyJLGNul,6487.000,ZNeI4CIi8cYNeSIl,6489.000,oDVDcsz2DDcqmuZv,,,,
2,182,2026-04-03T09:51:38.913Z,6871.000,8,6367.000,RQhhLWQoTrRIOUIj,6580.000,jgBHfjfbNleko2Dt,6584.000,mFtsU2NLbV393iPp,6741.000,8hVPVElPDyJLGNul,6780.000,sRrp0ZiEenIEqwEV,6840.000,ahO5G+QMJW9JXaZF,6872.000,7z+hv5WDnSUYTapr,7020.000,RAVUzYYMBq+gCXIY,,,,
2,183,2026-04-03T09:51:45.784Z,7628.000,7,7060.000,RAVUzYYMBq+gCXIY,7291.000,ZNeI4CIi8cYNeSIl,7531.000,jgBHfjfbNleko2Dt,7615.000,RQhhLWQoTrRIOUIj,7619.000,mFtsU2NLbV393iPp,7625.000,sRrp0ZiEenIEqwEV,7628.000,ahO5G+QMJW9JXaZF,,,,,,
2,184,2026-04-03T09:51:53.412Z,8269.000,7,7366.000,RQhhLWQoTrRIOUIj,7368.000,mFtsU2NLbV393iPp,7417.000,ahO5G+QMJW9JXaZF,7578.000,jgBHfjfbNleko2Dt,8218.000,ZNeI4CIi8cYNeSIl,8249.000,sRrp0ZiEenIEqwEV,8270.000,7z+hv5WDnSUYTapr,,,,,,
2,185,2026-04-03T09:52:01.681Z,,0,,,,,,,,,,,,,,,,,,,,
3,1,2026-04-03T09:49:42.939Z,9309.000,7,4743.000,sRrp0ZiEenIEqwEV,5763.000,jgBHfjfbNleko2Dt,6409.000,7z+hv5WDnSUYTapr,7133.000,ahO5G+QMJW9JXaZF,8665.000,8hVPVElPDyJLGNul,9160.000,ZNeI4CIi8cYNeSIl,9310.000,RQhhLWQoTrRIOUIj,,,,,,
3,2,2026-04-03T09:49:52.248Z,780.000,7,106.000,7z+hv5WDnSUYTapr,202.000,ahO5G+QMJW9JXaZF,209.000,sRrp0ZiEenIEqwEV,210.000,jgBHfjfbNleko2Dt,211.000,RQhhLWQoTrRIOUIj,767.000,8hVPVElPDyJLGNul,920.000,ZNeI4CIi8cYNeSIl,,,,,,
3,3,2026-04-03T09:49:53.028Z,771.000,8,266.000,7z+hv5WDnSUYTapr,270.000,ahO5G+QMJW9JXaZF,272.000,sRrp0ZiEenIEqwEV,372.000,RQhhLWQoTrRIOUIj,374.000,jgBHfjfbNleko2Dt,565.000,8hVPVElPDyJLGNul,771.000,mFtsU2NLbV393iPp,792.000,ZNeI4CIi8cYNeSIl,,,,
3,4,2026-04-03T09:49:53.799Z,313.000,9,206.000,7z+hv5WDnSUYTapr,208.000,RQhhLWQoTrRIOUIj,209.000,ahO5G+QMJW9JXaZF,211.000,jgBHfjfbNleko2Dt,212.000,sRrp0ZiEenIEqwEV,309.000,mFtsU2NLbV393iPp,313.000,8hVPVElPDyJLGNul,333.000,ZNeI4CIi8cYNeSIl,379.000,RAVUzYYMBq+gCXIY,,
3,5,2026-04-03T09:49:54.112Z,413.000,8,208.000,sRrp0ZiEenIEqwEV,208.000,7z+hv5WDnSUYTapr,213.000,ahO5G+QMJW9JXaZF,242.000,8hVPVElPDyJLGNul,312.000,jgBHfjfbNleko2Dt,409.000,mFtsU2NLbV393iPp,413.000,RQhhLWQoTrRIOUIj,584.000,ZNeI4CIi8cYNeSIl,,,,
3,6,2026-04-03T09:49:54.525Z,309.000,7,205.000,ahO5G+QMJW9JXaZF,209.000,sRrp0ZiEenIEqwEV,209.000,7z+hv5WDnSUYTapr,212.000,jgBHfjfbNleko2Dt,249.000,8hVPVElPDyJLGNul,303.000,mFtsU2NLbV393iPp,309.000,RQhhLWQoTrRIOUIj,,,,,,
3,7,2026-04-03T09:49:54.834Z,307.000,8,205.000,ahO5G+QMJW9JXaZF,205.000,7z+hv5WDnSUYTapr,207.000,sRrp0ZiEenIEqwEV,210.000,8hVPVElPDyJLGNul,250.000,jgBHfjfbNleko2Dt,302.000,mFtsU2NLbV393iPp,307.000,RQhhLWQoTrRIOUIj,461.000,ZNeI4CIi8cYNeSIl,,,,
3,8,2026-04-03T09:49:55.141Z,307.000,9,205.000,7z+hv5WDnSUYTapr,208.000,sRrp0ZiEenIEqwEV,210.000,8hVPVElPDyJLGNul,212.000,ahO5G+QMJW9JXaZF,255.000,jgBHfjfbNleko2Dt,303.000,mFtsU2NLbV393iPp,308.000,RQhhLWQoTrRIOUIj,453.000,RAVUzYYMBq+gCXIY,460.000,ZNeI4CIi8cYNeSIl,,
3,9,2026-04-03T09:49:55.448Z,307.000,8,203.000,8hVPVElPDyJLGNul,205.000,sRrp0ZiEenIEqwEV,208.000,7z+hv5WDnSUYTapr,212.000,ahO5G+QMJW9JXaZF,257.000,jgBHfjfbNleko2Dt,306.000,mFtsU2NLbV393iPp,308.000,RQhhLWQoTrRIOUIj,462.000,ZNeI4CIi8cYNeSIl,,,,
3,10,2026-04-03T09:49:55.755Z,303.000,7,201.000,sRrp0ZiEenIEqwEV,206.000,7z+hv5WDnSUYTapr,214.000,8hVPVElPDyJLGNul,215.000,ahO5G+QMJW9JXaZF,258.000,jgBHfjfbNleko2Dt,305.000,RQhhLWQoTrRIOUIj,310.000,mFtsU2NLbV393iPp,,,,,,
3,11,2026-04-03T09:49:56.058Z,307.000,8,206.000,sRrp0ZiEenIEqwEV,212.000,7z+hv5WDnSUYTapr,215.000,8hVPVElPDyJLGNul,222.000,ahO5G+QMJW9JXaZF,264.000,jgBHfjfbNleko2Dt,311.000,mFtsU2NLbV393iPp,313.000,RQhhLWQoTrRIOUIj,525.000,RAVUzYYMBq+gCXIY,,,,
3,12,2026-04-03T09:49:56.365Z,306.000,7,202.000,sRrp0ZiEenIEqwEV,209.000,7z+hv5WDnSUYTapr,217.000,8hVPVElPDyJLGNul,222.000,ahO5G+QMJW9JXaZF,262.000,jgBHfjfbNleko2Dt,313.000,RQhhLWQoTrRIOUIj,313.000,mFtsU2NLbV393iPp,,,,,,
3,13,2026-04-03T09:49:56.671Z,308.000,9,202.000,sRrp0ZiEenIEqwEV,214.000,7z+hv5WDnSUYTapr,218.000,8hVPVElPDyJLGNul,222.000,ahO5G+QMJW9JXaZF,265.000,jgBHfjfbNleko2Dt,316.000,mFtsU2NLbV393iPp,320.000,RQhhLWQoTrRIOUIj,473.000,ZNeI4CIi8cYNeSIl,480.000,oDVDcsz2DDcqmuZv,,
3,14,2026-04-03T09:49:56.979Z,312.000,8,208.000,sRrp0ZiEenIEqwEV,216.000,7z+hv5WDnSUYTapr,222.000,8hVPVElPDyJLGNul,224.000,ahO5G+QMJW9JXaZF,266.000,jgBHfjfbNleko2Dt,318.000,RQhhLWQoTrRIOUIj,321.000,mFtsU2NLbV393iPp,621.000,oDVDcsz2DDcqmuZv,,,,
3,15,2026-04-03T09:49:57.291Z,272.000,9,166.000,ahO5G+QMJW9JXaZF,208.000,sRrp0ZiEenIEqwEV,211.000,7z+hv5WDnSUYTapr,216.000,8hVPVElPDyJLGNul,225.000,mFtsU2NLbV393iPp,264.000,jgBHfjfbNleko2Dt,314.000,RQhhLWQoTrRIOUIj,474.000,RAVUzYYMBq+gCXIY,476.000,ZNeI4CIi8cYNeSIl,,
3,16,2026-04-03T09:49:57.563Z,303.000,7,201.000,ahO5G+QMJW9JXaZF,220.000,7z+hv5WDnSUYTapr,242.000,sRrp0ZiEenIEqwEV,247.000,8hVPVElPDyJLGNul,266.000,mFtsU2NLbV393iPp,296.000,jgBHfjfbNleko2Dt,354.000,RQhhLWQoTrRIOUIj,,,,,,
3,17,2026-04-03T09:49:57.866Z,316.000,8,212.000,ahO5G+QMJW9JXaZF,248.000,sRrp0ZiEenIEqwEV,249.000,8hVPVElPDyJLGNul,259.000,7z+hv5WDnSUYTapr,276.000,mFtsU2NLbV393iPp,302.000,jgBHfjfbNleko2Dt,365.000,RQhhLWQoTrRIOUIj,517.000,ZNeI4CIi8cYNeSIl,,,,
3,18,2026-04-03T09:49:58.182Z,313.000,8,207.000,ahO5G+QMJW9JXaZF,240.000,8hVPVElPDyJLGNul,242.000,sRrp0ZiEenIEqwEV,251.000,7z+hv5WDnSUYTapr,271.000,mFtsU2NLbV393iPp,294.000,jgBHfjfbNleko2Dt,353.000,RQhhLWQoTrRIOUIj,411.000,RAVUzYYMBq+gCXIY,,,,
3,19,2026-04-03T09:49:58.495Z,305.000,9,204.000,ahO5G+QMJW9JXaZF,229.000,sRrp0ZiEenIEqwEV,240.000,8hVPVElPDyJLGNul,248.000,7z+hv5WDnSUYTapr,265.000,mFtsU2NLbV393iPp,293.000,jgBHfjfbNleko2Dt,353.000,RQhhLWQoTrRIOUIj,460.000,ZNeI4CIi8cYNeSIl,466.000,oDVDcsz2DDcqmuZv,,
3,20,2026-04-03T09:49:58.800Z,313.000,9,207.000,ahO5G+QMJW9JXaZF,225.000,7z+hv5WDnSUYTapr,239.000,8hVPVElPDyJLGNul,243.000,sRrp0ZiEenIEqwEV,271.000,mFtsU2NLbV393iPp,297.000,jgBHfjfbNleko2Dt,361.000,RQhhLWQoTrRIOUIj,470.000,RAVUzYYMBq+gCXIY,471.000,ZNeI4CIi8cYNeSIl,,
3,21,2026-04-03T09:49:59.113Z,305.000,10,203.000,ahO5G+QMJW9JXaZF,234.000,sRrp0ZiEenIEqwEV,236.000,8hVPVElPDyJLGNul,254.000,7z+hv5WDnSUYTapr,274.000,mFtsU2NLbV393iPp,292.000,jgBHfjfbNleko2Dt,359.000,RQhhLWQoTrRIOUIj,437.000,ZNeI4CIi8cYNeSIl,440.000,oDVDcsz2DDcqmuZv,445.000,RAVUzYYMBq+gCXIY
3,22,2026-04-03T09:49:59.418Z,308.000,10,204.000,ahO5G+QMJW9JXaZF,238.000,8hVPVElPDyJLGNul,239.000,sRrp0ZiEenIEqwEV,259.000,7z+hv5WDnSUYTapr,272.000,mFtsU2NLbV393iPp,292.000,jgBHfjfbNleko2Dt,361.000,RQhhLWQoTrRIOUIj,437.000,ZNeI4CIi8cYNeSIl,438.000,oDVDcsz2DDcqmuZv,441.000,RAVUzYYMBq+gCXIY
3,23,2026-04-03T09:49:59.726Z,303.000,10,201.000,ahO5G+QMJW9JXaZF,237.000,sRrp0ZiEenIEqwEV,242.000,8hVPVElPDyJLGNul,256.000,7z+hv5WDnSUYTapr,274.000,mFtsU2NLbV393iPp,290.000,jgBHfjfbNleko2Dt,363.000,RQhhLWQoTrRIOUIj,436.000,ZNeI4CIi8cYNeSIl,438.000,RAVUzYYMBq+gCXIY,440.000,oDVDcsz2DDcqmuZv
3,24,2026-04-03T09:50:00.029Z,308.000,10,204.000,ahO5G+QMJW9JXaZF,249.000,sRrp0ZiEenIEqwEV,251.000,8hVPVElPDyJLGNul,257.000,7z+hv5WDnSUYTapr,279.000,mFtsU2NLbV393iPp,297.000,jgBHfjfbNleko2Dt,372.000,RQhhLWQoTrRIOUIj,439.000,ZNeI4CIi8cYNeSIl,442.000,RAVUzYYMBq+gCXIY,444.000,oDVDcsz2DDcqmuZv
3,25,2026-04-03T09:50:00.337Z,310.000,10,206.000,ahO5G+QMJW9JXaZF,243.000,sRrp0ZiEenIEqwEV,249.000,8hVPVElPDyJLGNul,266.000,7z+hv5WDnSUYTapr,279.000,mFtsU2NLbV393iPp,299.000,jgBHfjfbNleko2Dt,369.000,RQhhLWQoTrRIOUIj,443.000,ZNeI4CIi8cYNeSIl,445.000,RAVUzYYMBq+gCXIY,447.000,oDVDcsz2DDcqmuZv
3,26,2026-04-03T09:50:00.647Z,310.000,9,205.000,ahO5G+QMJW9JXaZF,244.000,sRrp0ZiEenIEqwEV,248.000,8hVPVElPDyJLGNul,265.000,7z+hv5WDnSUYTapr,281.000,mFtsU2NLbV393iPp,296.000,jgBHfjfbNleko2Dt,368.000,RQhhLWQoTrRIOUIj,894.000,oDVDcsz2DDcqmuZv,744.000,ZNeI4CIi8cYNeSIl,,
3,27,2026-04-03T09:50:00.957Z,311.000,10,206.000,ahO5G+QMJW9JXaZF,243.000,sRrp0ZiEenIEqwEV,246.000,8hVPVElPDyJLGNul,265.000,7z+hv5WDnSUYTapr,274.000,mFtsU2NLbV393iPp,294.000,jgBHfjfbNleko2Dt,369.000,RQhhLWQoTrRIOUIj,437.000,ZNeI4CIi8cYNeSIl,438.000,oDVDcsz2DDcqmuZv,440.000,RAVUzYYMBq+gCXIY
3,28,2026-04-03T09:50:01.268Z,309.000,9,206.000,ahO5G+QMJW9JXaZF,242.000,sRrp0ZiEenIEqwEV,248.000,8hVPVElPDyJLGNul,264.000,7z+hv5WDnSUYTapr,273.000,mFtsU2NLbV393iPp,289.000,jgBHfjfbNleko2Dt,368.000,RQhhLWQoTrRIOUIj,459.000,oDVDcsz2DDcqmuZv,466.000,ZNeI4CIi8cYNeSIl,,
3,29,2026-04-03T09:50:01.577Z,307.000,9,203.000,ahO5G+QMJW9JXaZF,244.000,sRrp0ZiEenIEqwEV,247.000,8hVPVElPDyJLGNul,262.000,7z+hv5WDnSUYTapr,273.000,mFtsU2NLbV393iPp,288.000,jgBHfjfbNleko2Dt,368.000,RQhhLWQoTrRIOUIj,434.000,ZNeI4CIi8cYNeSIl,435.000,RAVUzYYMBq+gCXIY,,
3,30,2026-04-03T09:50:01.884Z,310.000,10,207.000,ahO5G+QMJW9JXaZF,244.000,sRrp0ZiEenIEqwEV,248.000,8hVPVElPDyJLGNul,264.000,7z+hv5WDnSUYTapr,279.000,mFtsU2NLbV393iPp,293.000,jgBHfjfbNleko2Dt,366.000,RQhhLWQoTrRIOUIj,459.000,oDVDcsz2DDcqmuZv,462.000,RAVUzYYMBq+gCXIY,468.000,ZNeI4CIi8cYNeSIl
3,31,2026-04-03T09:50:02.194Z,309.000,9,206.000,ahO5G+QMJW9JXaZF,240.000,sRrp0ZiEenIEqwEV,244.000,8hVPVElPDyJLGNul,259.000,7z+hv5WDnSUYTapr,274.000,mFtsU2NLbV393iPp,287.000,jgBHfjfbNleko2Dt,362.000,RQhhLWQoTrRIOUIj,771.000,RAVUzYYMBq+gCXIY,921.000,ZNeI4CIi8cYNeSIl,,
3,32,2026-04-03T09:50:02.503Z,306.000,10,203.000,ahO5G+QMJW9JXaZF,240.000,sRrp0ZiEenIEqwEV,241.000,8hVPVElPDyJLGNul,259.000,7z+hv5WDnSUYTapr,271.000,mFtsU2NLbV393iPp,290.000,jgBHfjfbNleko2Dt,362.000,RQhhLWQoTrRIOUIj,425.000,ZNeI4CIi8cYNeSIl,427.000,oDVDcsz2DDcqmuZv,428.000,RAVUzYYMBq+gCXIY
3,33,2026-04-03T09:50:02.809Z,303.000,10,203.000,ahO5G+QMJW9JXaZF,241.000,sRrp0ZiEenIEqwEV,243.000,8hVPVElPDyJLGNul,259.000,7z+hv5WDnSUYTapr,275.000,mFtsU2NLbV393iPp,297.000,jgBHfjfbNleko2Dt,362.000,RQhhLWQoTrRIOUIj,426.000,ZNeI4CIi8cYNeSIl,430.000,oDVDcsz2DDcqmuZv,432.000,RAVUzYYMBq+gCXIY
3,34,2026-04-03T09:50:03.112Z,309.000,10,208.000,ahO5G+QMJW9JXaZF,249.000,sRrp0ZiEenIEqwEV,253.000,8hVPVElPDyJLGNul,265.000,7z+hv5WDnSUYTapr,281.000,mFtsU2NLbV393iPp,298.000,jgBHfjfbNleko2Dt,370.000,RQhhLWQoTrRIOUIj,433.000,RAVUzYYMBq+gCXIY,434.000,ZNeI4CIi8cYNeSIl,436.000,oDVDcsz2DDcqmuZv
3,35,2026-04-03T09:50:03.421Z,315.000,10,209.000,ahO5G+QMJW9JXaZF,250.000,sRrp0ZiEenIEqwEV,252.000,8hVPVElPDyJLGNul,266.000,7z+hv5WDnSUYTapr,280.000,mFtsU2NLbV393iPp,305.000,jgBHfjfbNleko2Dt,369.000,RQhhLWQoTrRIOUIj,433.000,ZNeI4CIi8cYNeSIl,438.000,oDVDcsz2DDcqmuZv,439.000,RAVUzYYMBq+gCXIY
3,36,2026-04-03T09:50:03.736Z,307.000,10,204.000,ahO5G+QMJW9JXaZF,245.000,sRrp0ZiEenIEqwEV,249.000,8hVPVElPDyJLGNul,256.000,7z+hv5WDnSUYTapr,275.000,mFtsU2NLbV393iPp,302.000,jgBHfjfbNleko2Dt,360.000,RQhhLWQoTrRIOUIj,433.000,RAVUzYYMBq+gCXIY,434.000,oDVDcsz2DDcqmuZv,436.000,ZNeI4CIi8cYNeSIl
3,37,2026-04-03T09:50:04.043Z,309.000,10,205.000,ahO5G+QMJW9JXaZF,248.000,8hVPVElPDyJLGNul,249.000,sRrp0ZiEenIEqwEV,260.000,7z+hv5WDnSUYTapr,281.000,mFtsU2NLbV393iPp,304.000,jgBHfjfbNleko2Dt,364.000,RQhhLWQoTrRIOUIj,434.000,oDVDcsz2DDcqmuZv,435.000,ZNeI4CIi8cYNeSIl,436.000,RAVUzYYMBq+gCXIY
3,38,2026-04-03T09:50:04.352Z,310.000,10,206.000,ahO5G+QMJW9JXaZF,246.000,sRrp0ZiEenIEqwEV,248.000,8hVPVElPDyJLGNul,260.000,7z+hv5WDnSUYTapr,279.000,mFtsU2NLbV393iPp,300.000,jgBHfjfbNleko2Dt,366.000,RQhhLWQoTrRIOUIj,455.000,oDVDcsz2DDcqmuZv,457.000,RAVUzYYMBq+gCXIY,458.000,ZNeI4CIi8cYNeSIl
3,39,2026-04-03T09:50:04.662Z,312.000,10,208.000,ahO5G+QMJW9JXaZF,241.000,sRrp0ZiEenIEqwEV,244.000,8hVPVElPDyJLGNul,265.000,7z+hv5WDnSUYTapr,275.000,mFtsU2NLbV393iPp,300.000,jgBHfjfbNleko2Dt,368.000,RQhhLWQoTrRIOUIj,463.000,oDVDcsz2DDcqmuZv,466.000,ZNeI4CIi8cYNeSIl,468.000,RAVUzYYMBq+gCXIY
3,40,2026-04-03T09:50:04.974Z,305.000,7,204.000,ahO5G+QMJW9JXaZF,236.000,8hVPVElPDyJLGNul,239.000,sRrp0ZiEenIEqwEV,263.000,7z+hv5WDnSUYTapr,268.000,mFtsU2NLbV393iPp,296.000,jgBHfjfbNleko2Dt,369.000,RQhhLWQoTrRIOUIj,,,,,,
3,41,2026-04-03T09:50:05.279Z,306.000,9,204.000,ahO5G+QMJW9JXaZF,214.000,sRrp0ZiEenIEqwEV,238.000,8hVPVElPDyJLGNul,270.000,7z+hv5WDnSUYTapr,278.000,mFtsU2NLbV393iPp,299.000,jgBHfjfbNleko2Dt,374.000,RQhhLWQoTrRIOUIj,462.000,RAVUzYYMBq+gCXIY,463.000,ZNeI4CIi8cYNeSIl,,
3,42,2026-04-03T09:50:05.585Z,305.000,10,203.000,ahO5G+QMJW9JXaZF,204.000,7z+hv5WDnSUYTapr,241.000,8hVPVElPDyJLGNul,244.000,sRrp0ZiEenIEqwEV,284.000,mFtsU2NLbV393iPp,301.000,RQhhLWQoTrRIOUIj,305.000,jgBHfjfbNleko2Dt,428.000,ZNeI4CIi8cYNeSIl,430.000,oDVDcsz2DDcqmuZv,433.000,RAVUzYYMBq+gCXIY
3,43,2026-04-03T09:50:05.890Z,305.000,10,202.000,7z+hv5WDnSUYTapr,210.000,ahO5G+QMJW9JXaZF,241.000,sRrp0ZiEenIEqwEV,244.000,8hVPVElPDyJLGNul,285.000,mFtsU2NLbV393iPp,304.000,RQhhLWQoTrRIOUIj,305.000,jgBHfjfbNleko2Dt,460.000,oDVDcsz2DDcqmuZv,462.000,RAVUzYYMBq+gCXIY,463.000,ZNeI4CIi8cYNeSIl
3,44,2026-04-03T09:50:06.195Z,310.000,10,208.000,7z+hv5WDnSUYTapr,216.000,ahO5G+QMJW9JXaZF,244.000,sRrp0ZiEenIEqwEV,246.000,8hVPVElPDyJLGNul,290.000,mFtsU2NLbV393iPp,308.000,jgBHfjfbNleko2Dt,310.000,RQhhLWQoTrRIOUIj,461.000,RAVUzYYMBq+gCXIY,464.000,oDVDcsz2DDcqmuZv,467.000,ZNeI4CIi8cYNeSIl
3,45,2026-04-03T09:50:06.505Z,307.000,10,206.000,7z+hv5WDnSUYTapr,215.000,ahO5G+QMJW9JXaZF,243.000,sRrp0ZiEenIEqwEV,249.000,8hVPVElPDyJLGNul,289.000,mFtsU2NLbV393iPp,306.000,RQhhLWQoTrRIOUIj,307.000,jgBHfjfbNleko2Dt,445.000,ZNeI4CIi8cYNeSIl,447.000,RAVUzYYMBq+gCXIY,448.000,oDVDcsz2DDcqmuZv
3,46,2026-04-03T09:50:06.812Z,311.000,10,207.000,7z+hv5WDnSUYTapr,212.000,ahO5G+QMJW9JXaZF,243.000,sRrp0ZiEenIEqwEV,251.000,8hVPVElPDyJLGNul,289.000,mFtsU2NLbV393iPp,300.000,jgBHfjfbNleko2Dt,311.000,RQhhLWQoTrRIOUIj,417.000,ZNeI4CIi8cYNeSIl,419.000,RAVUzYYMBq+gCXIY,421.000,oDVDcsz2DDcqmuZv
3,47,2026-04-03T09:50:07.123Z,312.000,10,207.000,7z+hv5WDnSUYTapr,213.000,ahO5G+QMJW9JXaZF,244.000,sRrp0ZiEenIEqwEV,248.000,8hVPVElPDyJLGNul,283.000,mFtsU2NLbV393iPp,303.000,jgBHfjfbNleko2Dt,312.000,RQhhLWQoTrRIOUIj,444.000,RAVUzYYMBq+gCXIY,445.000,ZNeI4CIi8cYNeSIl,447.000,oDVDcsz2DDcqmuZv
3,48,2026-04-03T09:50:07.435Z,311.000,10,209.000,ahO5G+QMJW9JXaZF,209.000,7z+hv5WDnSUYTapr,240.000,sRrp0ZiEenIEqwEV,246.000,8hVPVElPDyJLGNul,277.000,mFtsU2NLbV393iPp,302.000,jgBHfjfbNleko2Dt,311.000,RQhhLWQoTrRIOUIj,458.000,ZNeI4CIi8cYNeSIl,460.000,oDVDcsz2DDcqmuZv,462.000,RAVUzYYMBq+gCXIY
3,49,2026-04-03T09:50:07.746Z,309.000,9,206.000,7z+hv5WDnSUYTapr,208.000,ahO5G+QMJW9JXaZF,237.000,sRrp0ZiEenIEqwEV,241.000,8hVPVElPDyJLGNul,277.000,mFtsU2NLbV393iPp,302.000,jgBHfjfbNleko2Dt,309.000,RQhhLWQoTrRIOUIj,496.000,ZNeI4CIi8cYNeSIl,498.000,oDVDcsz2DDcqmuZv,,
3,50,2026-04-03T09:50:08.055Z,310.000,8,206.000,7z+hv5WDnSUYTapr,209.000,ahO5G+QMJW9JXaZF,234.000,sRrp0ZiEenIEqwEV,242.000,8hVPVElPDyJLGNul,275.000,mFtsU2NLbV393iPp,301.000,jgBHfjfbNleko2Dt,310.000,RQhhLWQoTrRIOUIj,468.000,RAVUzYYMBq+gCXIY,,,,
3,51,2026-04-03T09:50:08.365Z,312.000,10,209.000,7z+hv5WDnSUYTapr,212.000,ahO5G+QMJW9JXaZF,235.000,sRrp0ZiEenIEqwEV,239.000,8hVPVElPDyJLGNul,276.000,mFtsU2NLbV393iPp,299.000,jgBHfjfbNleko2Dt,314.000,RQhhLWQoTrRIOUIj,405.000,ZNeI4CIi8cYNeSIl,407.000,oDVDcsz2DDcqmuZv,408.000,RAVUzYYMBq+gCXIY
3,52,2026-04-03T09:50:08.677Z,306.000,8,202.000,7z+hv5WDnSUYTapr,207.000,ahO5G+QMJW9JXaZF,231.000,sRrp0ZiEenIEqwEV,240.000,8hVPVElPDyJLGNul,274.000,mFtsU2NLbV393iPp,293.000,jgBHfjfbNleko2Dt,306.000,RQhhLWQoTrRIOUIj,493.000,RAVUzYYMBq+gCXIY,,,,
3,53,2026-04-03T09:50:08.983Z,334.000,9,205.000,7z+hv5WDnSUYTapr,208.000,ahO5G+QMJW9JXaZF,232.000,sRrp0ZiEenIEqwEV,238.000,8hVPVElPDyJLGNul,283.000,mFtsU2NLbV393iPp,294.000,jgBHfjfbNleko2Dt,334.000,RQhhLWQoTrRIOUIj,400.000,ZNeI4CIi8cYNeSIl,656.000,oDVDcsz2DDcqmuZv,,
3,54,2026-04-03T09:50:09.317Z,309.000,8,204.000,ahO5G+QMJW9JXaZF,207.000,sRrp0ZiEenIEqwEV,209.000,7z+hv5WDnSUYTapr,212.000,8hVPVElPDyJLGNul,272.000,jgBHfjfbNleko2Dt,282.000,mFtsU2NLbV393iPp,313.000,RQhhLWQoTrRIOUIj,509.000,oDVDcsz2DDcqmuZv,,,,
3,55,2026-04-03T09:50:09.626Z,309.000,7,203.000,sRrp0ZiEenIEqwEV,208.000,7z+hv5WDnSUYTapr,212.000,ahO5G+QMJW9JXaZF,249.000,8hVPVElPDyJLGNul,277.000,jgBHfjfbNleko2Dt,305.000,mFtsU2NLbV393iPp,312.000,RQhhLWQoTrRIOUIj,,,,,,
3,56,2026-04-03T09:50:09.935Z,330.000,7,206.000,sRrp0ZiEenIEqwEV,212.000,ahO5G+QMJW9JXaZF,213.000,7z+hv5WDnSUYTapr,247.000,8hVPVElPDyJLGNul,272.000,jgBHfjfbNleko2Dt,304.000,mFtsU2NLbV393iPp,330.000,RQhhLWQoTrRIOUIj,,,,,,
3,57,2026-04-03T09:50:10.265Z,307.000,8,205.000,ahO5G+QMJW9JXaZF,208.000,sRrp0ZiEenIEqwEV,209.000,7z+hv5WDnSUYTapr,224.000,8hVPVElPDyJLGNul,249.000,jgBHfjfbNleko2Dt,279.000,mFtsU2NLbV393iPp,314.000,RQhhLWQoTrRIOUIj,449.000,oDVDcsz2DDcqmuZv,,,,
3,58,2026-04-03T09:50:10.572Z,311.000,9,208.000,sRrp0ZiEenIEqwEV,215.000,7z+hv5WDnSUYTapr,225.000,8hVPVElPDyJLGNul,264.000,jgBHfjfbNleko2Dt,281.000,mFtsU2NLbV393iPp,290.000,ahO5G+QMJW9JXaZF,321.000,RQhhLWQoTrRIOUIj,452.000,RAVUzYYMBq+gCXIY,865.000,oDVDcsz2DDcqmuZv,,
3,59,2026-04-03T09:50:10.883Z,332.000,10,210.000,sRrp0ZiEenIEqwEV,217.000,7z+hv5WDnSUYTapr,225.000,8hVPVElPDyJLGNul,233.000,ahO5G+QMJW9JXaZF,291.000,mFtsU2NLbV393iPp,294.000,jgBHfjfbNleko2Dt,333.000,RQhhLWQoTrRIOUIj,466.000,ZNeI4CIi8cYNeSIl,487.000,RAVUzYYMBq+gCXIY,500.000,oDVDcsz2DDcqmuZv
3,60,2026-04-03T09:50:11.215Z,307.000,7,204.000,7z+hv5WDnSUYTapr,207.000,sRrp0ZiEenIEqwEV,208.000,8hVPVElPDyJLGNul,211.000,ahO5G+QMJW9JXaZF,296.000,mFtsU2NLbV393iPp,303.000,jgBHfjfbNleko2Dt,307.000,RQhhLWQoTrRIOUIj,,,,,,
3,61,2026-04-03T09:50:11.522Z,315.000,9,203.000,7z+hv5WDnSUYTapr,213.000,ahO5G+QMJW9JXaZF,216.000,8hVPVElPDyJLGNul,222.000,sRrp0ZiEenIEqwEV,272.000,mFtsU2NLbV393iPp,307.000,jgBHfjfbNleko2Dt,314.000,RQhhLWQoTrRIOUIj,382.000,ZNeI4CIi8cYNeSIl,495.000,RAVUzYYMBq+gCXIY,,
3,62,2026-04-03T09:50:11.837Z,356.000,10,206.000,sRrp0ZiEenIEqwEV,207.000,7z+hv5WDnSUYTapr,296.000,mFtsU2NLbV393iPp,303.000,jgBHfjfbNleko2Dt,337.000,ahO5G+QMJW9JXaZF,340.000,RQhhLWQoTrRIOUIj,355.000,8hVPVElPDyJLGNul,497.000,oDVDcsz2DDcqmuZv,513.000,RAVUzYYMBq+gCXIY,514.000,ZNeI4CIi8cYNeSIl
3,63,2026-04-03T09:50:12.193Z,319.000,7,208.000,sRrp0ZiEenIEqwEV,248.000,7z+hv5WDnSUYTapr,252.000,ahO5G+QMJW9JXaZF,299.000,8hVPVElPDyJLGNul,311.000,jgBHfjfbNleko2Dt,317.000,RQhhLWQoTrRIOUIj,350.000,mFtsU2NLbV393iPp,,,,,,
3,64,2026-04-03T09:50:12.512Z,327.000,9,216.000,8hVPVElPDyJLGNul,218.000,sRrp0ZiEenIEqwEV,222.000,ahO5G+QMJW9JXaZF,238.000,7z+hv5WDnSUYTapr,308.000,RQhhLWQoTrRIOUIj,324.000,jgBHfjfbNleko2Dt,378.000,mFtsU2NLbV393iPp,450.000,ZNeI4CIi8cYNeSIl,770.000,oDVDcsz2DDcqmuZv,,
3,65,2026-04-03T09:50:12.839Z,303.000,8,199.000,8hVPVElPDyJLGNul,202.000,sRrp0ZiEenIEqwEV,202.000,7z+hv5WDnSUYTapr,240.000,ahO5G+QMJW9JXaZF,267.000,mFtsU2NLbV393iPp,291.000,RQhhLWQoTrRIOUIj,303.000,jgBHfjfbNleko2Dt,502.000,ZNeI4CIi8cYNeSIl,,,,
3,66,2026-04-03T09:50:13.142Z,454.000,9,212.000,sRrp0ZiEenIEqwEV,222.000,8hVPVElPDyJLGNul,293.000,ahO5G+QMJW9JXaZF,301.000,RQhhLWQoTrRIOUIj,303.000,7z+hv5WDnSUYTapr,312.000,jgBHfjfbNleko2Dt,454.000,mFtsU2NLbV393iPp,553.000,oDVDcsz2DDcqmuZv,560.000,RAVUzYYMBq+gCXIY,,
3,67,2026-04-03T09:50:13.596Z,309.000,8,205.000,sRrp0ZiEenIEqwEV,208.000,8hVPVElPDyJLGNul,212.000,7z+hv5WDnSUYTapr,216.000,ahO5G+QMJW9JXaZF,249.000,jgBHfjfbNleko2Dt,255.000,RQhhLWQoTrRIOUIj,314.000,mFtsU2NLbV393iPp,744.000,ZNeI4CIi8cYNeSIl,,,,
3,68,2026-04-03T09:50:13.905Z,295.000,9,285.000,7z+hv5WDnSUYTapr,286.000,jgBHfjfbNleko2Dt,288.000,8hVPVElPDyJLGNul,290.000,ahO5G+QMJW9JXaZF,291.000,sRrp0ZiEenIEqwEV,292.000,RQhhLWQoTrRIOUIj,354.000,mFtsU2NLbV393iPp,773.000,oDVDcsz2DDcqmuZv,622.000,ZNeI4CIi8cYNeSIl,,
3,69,2026-04-03T09:50:14.200Z,307.000,8,203.000,ahO5G+QMJW9JXaZF,204.000,7z+hv5WDnSUYTapr,215.000,sRrp0ZiEenIEqwEV,217.000,8hVPVElPDyJLGNul,302.000,jgBHfjfbNleko2Dt,310.000,RQhhLWQoTrRIOUIj,373.000,mFtsU2NLbV393iPp,660.000,ZNeI4CIi8cYNeSIl,,,,
3,70,2026-04-03T09:50:14.507Z,309.000,8,206.000,ahO5G+QMJW9JXaZF,215.000,8hVPVElPDyJLGNul,217.000,sRrp0ZiEenIEqwEV,269.000,7z+hv5WDnSUYTapr,305.000,jgBHfjfbNleko2Dt,372.000,mFtsU2NLbV393iPp,313.000,RQhhLWQoTrRIOUIj,523.000,oDVDcsz2DDcqmuZv,,,,
3,71,2026-04-03T09:50:14.816Z,324.000,8,208.000,ahO5G+QMJW9JXaZF,222.000,sRrp0ZiEenIEqwEV,250.000,8hVPVElPDyJLGNul,267.000,7z+hv5WDnSUYTapr,302.000,jgBHfjfbNleko2Dt,323.000,RQhhLWQoTrRIOUIj,371.000,mFtsU2NLbV393iPp,512.000,ZNeI4CIi8cYNeSIl,,,,
3,72,2026-04-03T09:50:15.140Z,311.000,9,210.000,ahO5G+QMJW9JXaZF,241.000,8hVPVElPDyJLGNul,250.000,sRrp0ZiEenIEqwEV,254.000,7z+hv5WDnSUYTapr,285.000,jgBHfjfbNleko2Dt,304.000,RQhhLWQoTrRIOUIj,358.000,mFtsU2NLbV393iPp,495.000,ZNeI4CIi8cYNeSIl,503.000,oDVDcsz2DDcqmuZv,,
3,73,2026-04-03T09:50:15.451Z,324.000,8,223.000,ahO5G+QMJW9JXaZF,226.000,sRrp0ZiEenIEqwEV,250.000,8hVPVElPDyJLGNul,252.000,7z+hv5WDnSUYTapr,314.000,RQhhLWQoTrRIOUIj,352.000,mFtsU2NLbV393iPp,326.000,jgBHfjfbNleko2Dt,632.000,RAVUzYYMBq+gCXIY,,,,
3,74,2026-04-03T09:50:15.775Z,321.000,10,201.000,ahO5G+QMJW9JXaZF,212.000,sRrp0ZiEenIEqwEV,233.000,7z+hv5WDnSUYTapr,264.000,8hVPVElPDyJLGNul,299.000,RQhhLWQoTrRIOUIj,310.000,jgBHfjfbNleko2Dt,339.000,mFtsU2NLbV393iPp,477.000,RAVUzYYMBq+gCXIY,479.000,oDVDcsz2DDcqmuZv,519.000,ZNeI4CIi8cYNeSIl
3,75,2026-04-03T09:50:16.096Z,339.000,8,205.000,ahO5G+QMJW9JXaZF,208.000,sRrp0ZiEenIEqwEV,231.000,7z+hv5WDnSUYTapr,256.000,8hVPVElPDyJLGNul,292.000,RQhhLWQoTrRIOUIj,300.000,jgBHfjfbNleko2Dt,340.000,mFtsU2NLbV393iPp,465.000,oDVDcsz2DDcqmuZv,,,,
3,76,2026-04-03T09:50:16.435Z,286.000,9,173.000,8hVPVElPDyJLGNul,200.000,sRrp0ZiEenIEqwEV,201.000,7z+hv5WDnSUYTapr,205.000,ahO5G+QMJW9JXaZF,268.000,jgBHfjfbNleko2Dt,282.000,RQhhLWQoTrRIOUIj,305.000,mFtsU2NLbV393iPp,504.000,oDVDcsz2DDcqmuZv,511.000,RAVUzYYMBq+gCXIY,,
3,77,2026-04-03T09:50:16.721Z,327.000,8,215.000,sRrp0ZiEenIEqwEV,221.000,7z+hv5WDnSUYTapr,228.000,ahO5G+QMJW9JXaZF,247.000,8hVPVElPDyJLGNul,292.000,jgBHfjfbNleko2Dt,304.000,RQhhLWQoTrRIOUIj,327.000,mFtsU2NLbV393iPp,564.000,ZNeI4CIi8cYNeSIl,,,,
3,78,2026-04-03T09:50:17.048Z,304.000,8,205.000,7z+hv5WDnSUYTapr,212.000,sRrp0ZiEenIEqwEV,228.000,ahO5G+QMJW9JXaZF,270.000,8hVPVElPDyJLGNul,273.000,jgBHfjfbNleko2Dt,286.000,RQhhLWQoTrRIOUIj,304.000,mFtsU2NLbV393iPp,505.000,RAVUzYYMBq+gCXIY,,,,
3,79,2026-04-03T09:50:17.352Z,321.000,8,208.000,7z+hv5WDnSUYTapr,219.000,sRrp0ZiEenIEqwEV,227.000,8hVPVElPDyJLGNul,228.000,ahO5G+QMJW9JXaZF,310.000,mFtsU2NLbV393iPp,318.000,jgBHfjfbNleko2Dt,321.000,RQhhLWQoTrRIOUIj,669.000,oDVDcsz2DDcqmuZv,,,,
3,80,2026-04-03T09:50:17.673Z,311.000,9,204.000,7z+hv5WDnSUYTapr,210.000,sRrp0ZiEenIEqwEV,214.000,8hVPVElPDyJLGNul,234.000,ahO5G+QMJW9JXaZF,298.000,mFtsU2NLbV393iPp,304.000,jgBHfjfbNleko2Dt,311.000,RQhhLWQoTrRIOUIj,505.000,RAVUzYYMBq+gCXIY,542.000,ZNeI4CIi8cYNeSIl,,
3,81,2026-04-03T09:50:17.984Z,313.000,7,206.000,7z+hv5WDnSUYTapr,210.000,sRrp0ZiEenIEqwEV,211.000,8hVPVElPDyJLGNul,213.000,ahO5G+QMJW9JXaZF,295.000,mFtsU2NLbV393iPp,311.000,RQhhLWQoTrRIOUIj,315.000,jgBHfjfbNleko2Dt,,,,,,
3,82,2026-04-03T09:50:18.297Z,311.000,9,202.000,7z+hv5WDnSUYTapr,206.000,ahO5G+QMJW9JXaZF,208.000,8hVPVElPDyJLGNul,210.000,sRrp0ZiEenIEqwEV,287.000,mFtsU2NLbV393iPp,305.000,RQhhLWQoTrRIOUIj,312.000,jgBHfjfbNleko2Dt,447.000,oDVDcsz2DDcqmuZv,450.000,RAVUzYYMBq+gCXIY,,
3,83,2026-04-03T09:50:18.608Z,302.000,10,197.000,7z+hv5WDnSUYTapr,203.000,ahO5G+QMJW9JXaZF,207.000,sRrp0ZiEenIEqwEV,216.000,8hVPVElPDyJLGNul,252.000,jgBHfjfbNleko2Dt,280.000,mFtsU2NLbV393iPp,302.000,RQhhLWQoTrRIOUIj,396.000,oDVDcsz2DDcqmuZv,432.000,RAVUzYYMBq+gCXIY,479.000,ZNeI4CIi8cYNeSIl
3,84,2026-04-03T09:50:18.910Z,306.000,9,204.000,7z+hv5WDnSUYTapr,209.000,ahO5G+QMJW9JXaZF,216.000,sRrp0ZiEenIEqwEV,219.000,8hVPVElPDyJLGNul,285.000,mFtsU2NLbV393iPp,298.000,jgBHfjfbNleko2Dt,306.000,RQhhLWQoTrRIOUIj,461.000,ZNeI4CIi8cYNeSIl,626.000,RAVUzYYMBq+gCXIY,,
3,85,2026-04-03T09:50:19.216Z,361.000,10,255.000,7z+hv5WDnSUYTapr,259.000,8hVPVElPDyJLGNul,260.000,ahO5G+QMJW9JXaZF,261.000,sRrp0ZiEenIEqwEV,286.000,mFtsU2NLbV393iPp,295.000,jgBHfjfbNleko2Dt,362.000,RQhhLWQoTrRIOUIj,480.000,oDVDcsz2DDcqmuZv,488.000,RAVUzYYMBq+gCXIY,647.000,ZNeI4CIi8cYNeSIl
3,86,2026-04-03T09:50:19.577Z,264.000,8,141.000,7z+hv5WDnSUYTapr,170.000,sRrp0ZiEenIEqwEV,205.000,8hVPVElPDyJLGNul,207.000,ahO5G+QMJW9JXaZF,245.000,jgBHfjfbNleko2Dt,249.000,mFtsU2NLbV393iPp,264.000,RQhhLWQoTrRIOUIj,457.000,RAVUzYYMBq+gCXIY,,,,
3,87,2026-04-03T09:50:19.841Z,350.000,9,246.000,7z+hv5WDnSUYTapr,250.000,sRrp0ZiEenIEqwEV,251.000,8hVPVElPDyJLGNul,254.000,ahO5G+QMJW9JXaZF,292.000,mFtsU2NLbV393iPp,301.000,jgBHfjfbNleko2Dt,350.000,RQhhLWQoTrRIOUIj,815.000,ZNeI4CIi8cYNeSIl,659.000,oDVDcsz2DDcqmuZv,,
3,88,2026-04-03T09:50:20.191Z,308.000,7,171.000,ahO5G+QMJW9JXaZF,208.000,7z+hv5WDnSUYTapr,211.000,8hVPVElPDyJLGNul,212.000,sRrp0ZiEenIEqwEV,245.000,mFtsU2NLbV393iPp,286.000,jgBHfjfbNleko2Dt,308.000,RQhhLWQoTrRIOUIj,,,,,,
3,89,2026-04-03T09:50:20.499Z,296.000,8,160.000,ahO5G+QMJW9JXaZF,205.000,sRrp0ZiEenIEqwEV,246.000,7z+hv5WDnSUYTapr,247.000,8hVPVElPDyJLGNul,252.000,mFtsU2NLbV393iPp,308.000,RQhhLWQoTrRIOUIj,296.000,jgBHfjfbNleko2Dt,477.000,RAVUzYYMBq+gCXIY,,,,
3,90,2026-04-03T09:50:20.795Z,320.000,7,200.000,ahO5G+QMJW9JXaZF,216.000,7z+hv5WDnSUYTapr,220.000,sRrp0ZiEenIEqwEV,281.000,mFtsU2NLbV393iPp,297.000,8hVPVElPDyJLGNul,309.000,jgBHfjfbNleko2Dt,320.000,RQhhLWQoTrRIOUIj,,,,,,
3,91,2026-04-03T09:50:21.115Z,344.000,8,203.000,7z+hv5WDnSUYTapr,206.000,sRrp0ZiEenIEqwEV,226.000,ahO5G+QMJW9JXaZF,237.000,8hVPVElPDyJLGNul,329.000,mFtsU2NLbV393iPp,331.000,RQhhLWQoTrRIOUIj,344.000,jgBHfjfbNleko2Dt,737.000,oDVDcsz2DDcqmuZv,,,,
3,92,2026-04-03T09:50:21.459Z,310.000,8,198.000,sRrp0ZiEenIEqwEV,203.000,8hVPVElPDyJLGNul,219.000,7z+hv5WDnSUYTapr,236.000,ahO5G+QMJW9JXaZF,285.000,jgBHfjfbNleko2Dt,296.000,mFtsU2NLbV393iPp,325.000,RQhhLWQoTrRIOUIj,441.000,oDVDcsz2DDcqmuZv,,,,
3,93,2026-04-03T09:50:21.769Z,310.000,8,201.000,8hVPVElPDyJLGNul,206.000,7z+hv5WDnSUYTapr,223.000,sRrp0ZiEenIEqwEV,230.000,ahO5G+QMJW9JXaZF,293.000,RQhhLWQoTrRIOUIj,293.000,mFtsU2NLbV393iPp,310.000,jgBHfjfbNleko2Dt,493.000,ZNeI4CIi8cYNeSIl,,,,
3,94,2026-04-03T09:50:22.079Z,403.000,10,206.000,7z+hv5WDnSUYTapr,229.000,ahO5G+QMJW9JXaZF,240.000,sRrp0ZiEenIEqwEV,277.000,8hVPVElPDyJLGNul,379.000,mFtsU2NLbV393iPp,381.000,RQhhLWQoTrRIOUIj,403.000,jgBHfjfbNleko2Dt,517.000,RAVUzYYMBq+gCXIY,544.000,ZNeI4CIi8cYNeSIl,555.000,oDVDcsz2DDcqmuZv
3,95,2026-04-03T09:50:22.482Z,290.000,7,187.000,8hVPVElPDyJLGNul,203.000,sRrp0ZiEenIEqwEV,204.000,7z+hv5WDnSUYTapr,207.000,ahO5G+QMJW9JXaZF,253.000,mFtsU2NLbV393iPp,287.000,RQhhLWQoTrRIOUIj,307.000,jgBHfjfbNleko2Dt,,,,,,
3,96,2026-04-03T09:50:22.772Z,380.000,7,204.000,8hVPVElPDyJLGNul,207.000,sRrp0ZiEenIEqwEV,376.000,ahO5G+QMJW9JXaZF,377.000,7z+hv5WDnSUYTapr,379.000,mFtsU2NLbV393iPp,379.000,RQhhLWQoTrRIOUIj,380.000,jgBHfjfbNleko2Dt,,,,,,
3,97,2026-04-03T09:50:23.152Z,316.000,10,108.000,sRrp0ZiEenIEqwEV,210.000,ahO5G+QMJW9JXaZF,210.000,7z+hv5WDnSUYTapr,214.000,8hVPVElPDyJLGNul,312.000,mFtsU2NLbV393iPp,315.000,RQhhLWQoTrRIOUIj,317.000,jgBHfjfbNleko2Dt,454.000,oDVDcsz2DDcqmuZv,458.000,RAVUzYYMBq+gCXIY,640.000,ZNeI4CIi8cYNeSIl
3,98,2026-04-03T09:50:23.468Z,378.000,10,203.000,sRrp0ZiEenIEqwEV,205.000,7z+hv5WDnSUYTapr,209.000,8hVPVElPDyJLGNul,212.000,ahO5G+QMJW9JXaZF,308.000,RQhhLWQoTrRIOUIj,310.000,jgBHfjfbNleko2Dt,379.000,mFtsU2NLbV393iPp,456.000,ZNeI4CIi8cYNeSIl,473.000,oDVDcsz2DDcqmuZv,628.000,RAVUzYYMBq+gCXIY
3,99,2026-04-03T09:50:23.846Z,303.000,9,201.000,8hVPVElPDyJLGNul,206.000,ahO5G+QMJW9JXaZF,207.000,7z+hv5WDnSUYTapr,208.000,sRrp0ZiEenIEqwEV,239.000,RQhhLWQoTrRIOUIj,242.000,jgBHfjfbNleko2Dt,308.000,mFtsU2NLbV393iPp,399.000,oDVDcsz2DDcqmuZv,462.000,ZNeI4CIi8cYNeSIl,,
3,100,2026-04-03T09:50:24.149Z,306.000,8,204.000,8hVPVElPDyJLGNul,211.000,sRrp0ZiEenIEqwEV,213.000,7z+hv5WDnSUYTapr,216.000,ahO5G+QMJW9JXaZF,253.000,RQhhLWQoTrRIOUIj,254.000,jgBHfjfbNleko2Dt,316.000,mFtsU2NLbV393iPp,476.000,RAVUzYYMBq+gCXIY,,,,
3,101,2026-04-03T09:50:24.455Z,304.000,8,204.000,8hVPVElPDyJLGNul,212.000,7z+hv5WDnSUYTapr,215.000,sRrp0ZiEenIEqwEV,219.000,ahO5G+QMJW9JXaZF,260.000,jgBHfjfbNleko2Dt,261.000,RQhhLWQoTrRIOUIj,318.000,mFtsU2NLbV393iPp,636.000,ZNeI4CIi8cYNeSIl,,,,
3,102,2026-04-03T09:50:24.759Z,311.000,7,206.000,8hVPVElPDyJLGNul,218.000,sRrp0ZiEenIEqwEV,221.000,7z+hv5WDnSUYTapr,224.000,ahO5G+QMJW9JXaZF,266.000,RQhhLWQoTrRIOUIj,268.000,jgBHfjfbNleko2Dt,322.000,mFtsU2NLbV393iPp,,,,,,
3,103,2026-04-03T09:50:25.070Z,310.000,9,205.000,8hVPVElPDyJLGNul,215.000,sRrp0ZiEenIEqwEV,216.000,7z+hv5WDnSUYTapr,219.000,ahO5G+QMJW9JXaZF,264.000,RQhhLWQoTrRIOUIj,267.000,jgBHfjfbNleko2Dt,320.000,mFtsU2NLbV393iPp,719.000,RAVUzYYMBq+gCXIY,628.000,oDVDcsz2DDcqmuZv,,
3,104,2026-04-03T09:50:25.380Z,321.000,10,201.000,8hVPVElPDyJLGNul,213.000,sRrp0ZiEenIEqwEV,217.000,ahO5G+QMJW9JXaZF,317.000,7z+hv5WDnSUYTapr,318.000,RQhhLWQoTrRIOUIj,319.000,jgBHfjfbNleko2Dt,322.000,mFtsU2NLbV393iPp,413.000,ZNeI4CIi8cYNeSIl,414.000,RAVUzYYMBq+gCXIY,418.000,oDVDcsz2DDcqmuZv
3,105,2026-04-03T09:50:25.701Z,310.000,10,204.000,ahO5G+QMJW9JXaZF,204.000,7z+hv5WDnSUYTapr,205.000,sRrp0ZiEenIEqwEV,245.000,8hVPVElPDyJLGNul,305.000,RQhhLWQoTrRIOUIj,307.000,mFtsU2NLbV393iPp,311.000,jgBHfjfbNleko2Dt,450.000,ZNeI4CIi8cYNeSIl,463.000,RAVUzYYMBq+gCXIY,465.000,oDVDcsz2DDcqmuZv
3,106,2026-04-03T09:50:26.011Z,308.000,9,205.000,ahO5G+QMJW9JXaZF,206.000,sRrp0ZiEenIEqwEV,208.000,7z+hv5WDnSUYTapr,285.000,8hVPVElPDyJLGNul,304.000,RQhhLWQoTrRIOUIj,312.000,mFtsU2NLbV393iPp,309.000,jgBHfjfbNleko2Dt,513.000,RAVUzYYMBq+gCXIY,523.000,ZNeI4CIi8cYNeSIl,,
3,107,2026-04-03T09:50:26.319Z,311.000,8,208.000,ahO5G+QMJW9JXaZF,208.000,7z+hv5WDnSUYTapr,209.000,sRrp0ZiEenIEqwEV,287.000,8hVPVElPDyJLGNul,304.000,RQhhLWQoTrRIOUIj,309.000,jgBHfjfbNleko2Dt,313.000,mFtsU2NLbV393iPp,704.000,oDVDcsz2DDcqmuZv,,,,
3,108,2026-04-03T09:50:26.630Z,340.000,8,203.000,ahO5G+QMJW9JXaZF,208.000,sRrp0ZiEenIEqwEV,212.000,7z+hv5WDnSUYTapr,284.000,8hVPVElPDyJLGNul,311.000,jgBHfjfbNleko2Dt,314.000,mFtsU2NLbV393iPp,340.000,RQhhLWQoTrRIOUIj,669.000,ZNeI4CIi8cYNeSIl,,,,
3,109,2026-04-03T09:50:26.970Z,312.000,8,201.000,sRrp0ZiEenIEqwEV,204.000,ahO5G+QMJW9JXaZF,209.000,8hVPVElPDyJLGNul,210.000,7z+hv5WDnSUYTapr,282.000,jgBHfjfbNleko2Dt,284.000,mFtsU2NLbV393iPp,314.000,RQhhLWQoTrRIOUIj,662.000,oDVDcsz2DDcqmuZv,,,,
3,110,2026-04-03T09:50:27.282Z,302.000,9,198.000,8hVPVElPDyJLGNul,205.000,sRrp0ZiEenIEqwEV,206.000,7z+hv5WDnSUYTapr,213.000,ahO5G+QMJW9JXaZF,276.000,jgBHfjfbNleko2Dt,282.000,mFtsU2NLbV393iPp,310.000,RQhhLWQoTrRIOUIj,493.000,RAVUzYYMBq+gCXIY,649.000,ZNeI4CIi8cYNeSIl,,
3,111,2026-04-03T09:50:27.584Z,318.000,8,201.000,7z+hv5WDnSUYTapr,203.000,8hVPVElPDyJLGNul,214.000,sRrp0ZiEenIEqwEV,216.000,ahO5G+QMJW9JXaZF,291.000,mFtsU2NLbV393iPp,317.000,jgBHfjfbNleko2Dt,318.000,RQhhLWQoTrRIOUIj,356.000,ZNeI4CIi8cYNeSIl,,,,
3,112,2026-04-03T09:50:27.902Z,313.000,8,199.000,7z+hv5WDnSUYTapr,206.000,ahO5G+QMJW9JXaZF,208.000,sRrp0ZiEenIEqwEV,209.000,8hVPVElPDyJLGNul,287.000,mFtsU2NLbV393iPp,305.000,jgBHfjfbNleko2Dt,314.000,RQhhLWQoTrRIOUIj,359.000,oDVDcsz2DDcqmuZv,,,,
3,113,2026-04-03T09:50:28.215Z,304.000,10,198.000,sRrp0ZiEenIEqwEV,202.000,7z+hv5WDnSUYTapr,203.000,8hVPVElPDyJLGNul,211.000,ahO5G+QMJW9JXaZF,300.000,mFtsU2NLbV393iPp,303.000,jgBHfjfbNleko2Dt,307.000,RQhhLWQoTrRIOUIj,363.000,ZNeI4CIi8cYNeSIl,461.000,RAVUzYYMBq+gCXIY,617.000,oDVDcsz2DDcqmuZv
3,114,2026-04-03T09:50:28.519Z,309.000,10,207.000,7z+hv5WDnSUYTapr,209.000,8hVPVElPDyJLGNul,213.000,sRrp0ZiEenIEqwEV,227.000,ahO5G+QMJW9JXaZF,287.000,mFtsU2NLbV393iPp,308.000,jgBHfjfbNleko2Dt,309.000,RQhhLWQoTrRIOUIj,437.000,ZNeI4CIi8cYNeSIl,461.000,RAVUzYYMBq+gCXIY,464.000,oDVDcsz2DDcqmuZv
3,115,2026-04-03T09:50:28.828Z,307.000,8,202.000,8hVPVElPDyJLGNul,203.000,7z+hv5WDnSUYTapr,215.000,sRrp0ZiEenIEqwEV,232.000,ahO5G+QMJW9JXaZF,286.000,mFtsU2NLbV393iPp,307.000,jgBHfjfbNleko2Dt,307.000,RQhhLWQoTrRIOUIj,374.000,oDVDcsz2DDcqmuZv,,,,
3,116,2026-04-03T09:50:29.135Z,354.000,9,206.000,7z+hv5WDnSUYTapr,215.000,8hVPVElPDyJLGNul,220.000,sRrp0ZiEenIEqwEV,236.000,ahO5G+QMJW9JXaZF,287.000,mFtsU2NLbV393iPp,309.000,jgBHfjfbNleko2Dt,354.000,RQhhLWQoTrRIOUIj,466.000,RAVUzYYMBq+gCXIY,474.000,ZNeI4CIi8cYNeSIl,,
3,117,2026-04-03T09:50:29.489Z,311.000,8,207.000,8hVPVElPDyJLGNul,208.000,sRrp0ZiEenIEqwEV,209.000,7z+hv5WDnSUYTapr,213.000,ahO5G+QMJW9JXaZF,242.000,mFtsU2NLbV393iPp,263.000,jgBHfjfbNleko2Dt,311.000,RQhhLWQoTrRIOUIj,354.000,oDVDcsz2DDcqmuZv,,,,
3,118,2026-04-03T09:50:29.800Z,306.000,10,200.000,7z+hv5WDnSUYTapr,202.000,8hVPVElPDyJLGNul,206.000,ahO5G+QMJW9JXaZF,207.000,sRrp0ZiEenIEqwEV,253.000,mFtsU2NLbV393iPp,303.000,jgBHfjfbNleko2Dt,310.000,RQhhLWQoTrRIOUIj,367.000,oDVDcsz2DDcqmuZv,496.000,ZNeI4CIi8cYNeSIl,497.000,RAVUzYYMBq+gCXIY
3,119,2026-04-03T09:50:30.106Z,311.000,8,205.000,8hVPVElPDyJLGNul,207.000,7z+hv5WDnSUYTapr,209.000,ahO5G+QMJW9JXaZF,210.000,sRrp0ZiEenIEqwEV,261.000,mFtsU2NLbV393iPp,307.000,jgBHfjfbNleko2Dt,312.000,RQhhLWQoTrRIOUIj,716.000,ZNeI4CIi8cYNeSIl,,,,
3,120,2026-04-03T09:50:30.417Z,309.000,7,205.000,8hVPVElPDyJLGNul,205.000,sRrp0ZiEenIEqwEV,206.000,7z+hv5WDnSUYTapr,207.000,ahO5G+QMJW9JXaZF,269.000,mFtsU2NLbV393iPp,304.000,jgBHfjfbNleko2Dt,313.000,RQhhLWQoTrRIOUIj,,,,,,
3,121,2026-04-03T09:50:30.726Z,309.000,8,214.000,8hVPVElPDyJLGNul,215.000,ahO5G+QMJW9JXaZF,216.000,7z+hv5WDnSUYTapr,218.000,sRrp0ZiEenIEqwEV,300.000,mFtsU2NLbV393iPp,303.000,jgBHfjfbNleko2Dt,318.000,RQhhLWQoTrRIOUIj,673.000,RAVUzYYMBq+gCXIY,,,,
3,122,2026-04-03T09:50:31.035Z,308.000,8,207.000,ahO5G+QMJW9JXaZF,207.000,sRrp0ZiEenIEqwEV,211.000,8hVPVElPDyJLGNul,211.000,7z+hv5WDnSUYTapr,297.000,mFtsU2NLbV393iPp,300.000,jgBHfjfbNleko2Dt,312.000,RQhhLWQoTrRIOUIj,677.000,ZNeI4CIi8cYNeSIl,,,,
3,123,2026-04-03T09:50:31.343Z,306.000,7,203.000,sRrp0ZiEenIEqwEV,206.000,ahO5G+QMJW9JXaZF,210.000,8hVPVElPDyJLGNul,212.000,7z+hv5WDnSUYTapr,297.000,mFtsU2NLbV393iPp,303.000,jgBHfjfbNleko2Dt,317.000,RQhhLWQoTrRIOUIj,,,,,,
3,124,2026-04-03T09:50:31.649Z,307.000,9,205.000,sRrp0ZiEenIEqwEV,211.000,ahO5G+QMJW9JXaZF,213.000,8hVPVElPDyJLGNul,214.000,7z+hv5WDnSUYTapr,299.000,mFtsU2NLbV393iPp,305.000,jgBHfjfbNleko2Dt,317.000,RQhhLWQoTrRIOUIj,447.000,oDVDcsz2DDcqmuZv,743.000,RAVUzYYMBq+gCXIY,,
3,125,2026-04-03T09:50:31.956Z,310.000,9,278.000,sRrp0ZiEenIEqwEV,278.000,7z+hv5WDnSUYTapr,278.000,ahO5G+QMJW9JXaZF,280.000,8hVPVElPDyJLGNul,302.000,mFtsU2NLbV393iPp,304.000,jgBHfjfbNleko2Dt,318.000,RQhhLWQoTrRIOUIj,475.000,RAVUzYYMBq+gCXIY,592.000,ZNeI4CIi8cYNeSIl,,
3,126,2026-04-03T09:50:32.266Z,315.000,8,202.000,sRrp0ZiEenIEqwEV,210.000,ahO5G+QMJW9JXaZF,217.000,8hVPVElPDyJLGNul,220.000,7z+hv5WDnSUYTapr,301.000,jgBHfjfbNleko2Dt,314.000,RQhhLWQoTrRIOUIj,324.000,mFtsU2NLbV393iPp,526.000,oDVDcsz2DDcqmuZv,,,,
3,127,2026-04-03T09:50:32.581Z,309.000,8,204.000,7z+hv5WDnSUYTapr,207.000,ahO5G+QMJW9JXaZF,212.000,sRrp0ZiEenIEqwEV,213.000,8hVPVElPDyJLGNul,253.000,mFtsU2NLbV393iPp,295.000,jgBHfjfbNleko2Dt,309.000,RQhhLWQoTrRIOUIj,514.000,oDVDcsz2DDcqmuZv,,,,
3,128,2026-04-03T09:50:32.890Z,522.000,10,209.000,sRrp0ZiEenIEqwEV,330.000,8hVPVElPDyJLGNul,356.000,7z+hv5WDnSUYTapr,375.000,ahO5G+QMJW9JXaZF,465.000,jgBHfjfbNleko2Dt,487.000,mFtsU2NLbV393iPp,525.000,RQhhLWQoTrRIOUIj,563.000,oDVDcsz2DDcqmuZv,571.000,RAVUzYYMBq+gCXIY,586.000,ZNeI4CIi8cYNeSIl
3,129,2026-04-03T09:50:33.412Z,276.000,9,165.000,ahO5G+QMJW9JXaZF,170.000,sRrp0ZiEenIEqwEV,202.000,8hVPVElPDyJLGNul,204.000,7z+hv5WDnSUYTapr,270.000,mFtsU2NLbV393iPp,273.000,jgBHfjfbNleko2Dt,308.000,RQhhLWQoTrRIOUIj,376.000,ZNeI4CIi8cYNeSIl,602.000,RAVUzYYMBq+gCXIY,,
3,130,2026-04-03T09:50:33.688Z,445.000,9,201.000,ahO5G+QMJW9JXaZF,235.000,sRrp0ZiEenIEqwEV,236.000,8hVPVElPDyJLGNul,253.000,7z+hv5WDnSUYTapr,302.000,jgBHfjfbNleko2Dt,388.000,mFtsU2NLbV393iPp,447.000,RQhhLWQoTrRIOUIj,537.000,RAVUzYYMBq+gCXIY,538.000,oDVDcsz2DDcqmuZv,,
3,131,2026-04-03T09:50:34.133Z,304.000,9,202.000,sRrp0ZiEenIEqwEV,202.000,7z+hv5WDnSUYTapr,204.000,8hVPVElPDyJLGNul,205.000,ahO5G+QMJW9JXaZF,247.000,jgBHfjfbNleko2Dt,248.000,mFtsU2NLbV393iPp,308.000,RQhhLWQoTrRIOUIj,418.000,RAVUzYYMBq+gCXIY,449.000,ZNeI4CIi8cYNeSIl,,
3,132,2026-04-03T09:50:34.437Z,306.000,8,203.000,8hVPVElPDyJLGNul,207.000,sRrp0ZiEenIEqwEV,212.000,7z+hv5WDnSUYTapr,217.000,ahO5G+QMJW9JXaZF,256.000,mFtsU2NLbV393iPp,262.000,jgBHfjfbNleko2Dt,315.000,RQhhLWQoTrRIOUIj,411.000,RAVUzYYMBq+gCXIY,,,,
3,133,2026-04-03T09:50:34.743Z,306.000,9,204.000,8hVPVElPDyJLGNul,210.000,sRrp0ZiEenIEqwEV,213.000,7z+hv5WDnSUYTapr,216.000,ahO5G+QMJW9JXaZF,290.000,mFtsU2NLbV393iPp,304.000,jgBHfjfbNleko2Dt,318.000,RQhhLWQoTrRIOUIj,461.000,ZNeI4CIi8cYNeSIl,617.000,oDVDcsz2DDcqmuZv,,
3,134,2026-04-03T09:50:35.049Z,307.000,8,207.000,8hVPVElPDyJLGNul,214.000,sRrp0ZiEenIEqwEV,220.000,ahO5G+QMJW9JXaZF,220.000,7z+hv5WDnSUYTapr,294.000,mFtsU2NLbV393iPp,319.000,RQhhLWQoTrRIOUIj,310.000,jgBHfjfbNleko2Dt,664.000,oDVDcsz2DDcqmuZv,,,,
3,135,2026-04-03T09:50:35.356Z,316.000,8,206.000,8hVPVElPDyJLGNul,210.000,sRrp0ZiEenIEqwEV,214.000,7z+hv5WDnSUYTapr,220.000,ahO5G+QMJW9JXaZF,295.000,mFtsU2NLbV393iPp,313.000,jgBHfjfbNleko2Dt,318.000,RQhhLWQoTrRIOUIj,671.000,RAVUzYYMBq+gCXIY,,,,
3,136,2026-04-03T09:50:35.672Z,467.000,10,203.000,sRrp0ZiEenIEqwEV,349.000,7z+hv5WDnSUYTapr,350.000,8hVPVElPDyJLGNul,371.000,ahO5G+QMJW9JXaZF,416.000,RQhhLWQoTrRIOUIj,465.000,mFtsU2NLbV393iPp,466.000,jgBHfjfbNleko2Dt,520.000,ZNeI4CIi8cYNeSIl,561.000,RAVUzYYMBq+gCXIY,574.000,oDVDcsz2DDcqmuZv
3,137,2026-04-03T09:50:36.139Z,305.000,8,205.000,8hVPVElPDyJLGNul,209.000,sRrp0ZiEenIEqwEV,209.000,7z+hv5WDnSUYTapr,211.000,ahO5G+QMJW9JXaZF,258.000,RQhhLWQoTrRIOUIj,312.000,jgBHfjfbNleko2Dt,308.000,mFtsU2NLbV393iPp,594.000,ZNeI4CIi8cYNeSIl,,,,
3,138,2026-04-03T09:50:36.444Z,434.000,10,204.000,8hVPVElPDyJLGNul,209.000,sRrp0ZiEenIEqwEV,210.000,7z+hv5WDnSUYTapr,211.000,ahO5G+QMJW9JXaZF,312.000,mFtsU2NLbV393iPp,434.000,oDVDcsz2DDcqmuZv,434.000,RAVUzYYMBq+gCXIY,472.000,jgBHfjfbNleko2Dt,502.000,RQhhLWQoTrRIOUIj,592.000,ZNeI4CIi8cYNeSIl
3,139,2026-04-03T09:50:36.878Z,370.000,10,169.000,sRrp0ZiEenIEqwEV,238.000,7z+hv5WDnSUYTapr,239.000,8hVPVElPDyJLGNul,241.000,ahO5G+QMJW9JXaZF,329.000,oDVDcsz2DDcqmuZv,353.000,RAVUzYYMBq+gCXIY,370.000,mFtsU2NLbV393iPp,375.000,jgBHfjfbNleko2Dt,377.000,RQhhLWQoTrRIOUIj,401.000,ZNeI4CIi8cYNeSIl
3,140,2026-04-03T09:50:37.248Z,441.000,10,242.000,sRrp0ZiEenIEqwEV,284.000,7z+hv5WDnSUYTapr,293.000,8hVPVElPDyJLGNul,342.000,ahO5G+QMJW9JXaZF,354.000,mFtsU2NLbV393iPp,379.000,jgBHfjfbNleko2Dt,443.000,oDVDcsz2DDcqmuZv,493.000,ZNeI4CIi8cYNeSIl,510.000,RQhhLWQoTrRIOUIj,594.000,RAVUzYYMBq+gCXIY
3,141,2026-04-03T09:50:37.689Z,505.000,10,179.000,sRrp0ZiEenIEqwEV,310.000,7z+hv5WDnSUYTapr,356.000,8hVPVElPDyJLGNul,373.000,ahO5G+QMJW9JXaZF,383.000,RQhhLWQoTrRIOUIj,399.000,mFtsU2NLbV393iPp,505.000,ZNeI4CIi8cYNeSIl,528.000,oDVDcsz2DDcqmuZv,570.000,RAVUzYYMBq+gCXIY,603.000,jgBHfjfbNleko2Dt
3,142,2026-04-03T09:50:38.194Z,436.000,10,204.000,ahO5G+QMJW9JXaZF,205.000,8hVPVElPDyJLGNul,207.000,sRrp0ZiEenIEqwEV,296.000,7z+hv5WDnSUYTapr,307.000,mFtsU2NLbV393iPp,435.000,RQhhLWQoTrRIOUIj,456.000,RAVUzYYMBq+gCXIY,459.000,jgBHfjfbNleko2Dt,461.000,ZNeI4CIi8cYNeSIl,488.000,oDVDcsz2DDcqmuZv
3,143,2026-04-03T09:50:38.630Z,413.000,10,203.000,sRrp0ZiEenIEqwEV,204.000,8hVPVElPDyJLGNul,226.000,ahO5G+QMJW9JXaZF,233.000,7z+hv5WDnSUYTapr,389.000,mFtsU2NLbV393iPp,412.000,jgBHfjfbNleko2Dt,484.000,ZNeI4CIi8cYNeSIl,417.000,RQhhLWQoTrRIOUIj,469.000,oDVDcsz2DDcqmuZv,511.000,RAVUzYYMBq+gCXIY
3,144,2026-04-03T09:50:39.043Z,316.000,9,212.000,7z+hv5WDnSUYTapr,213.000,jgBHfjfbNleko2Dt,277.000,ahO5G+QMJW9JXaZF,278.000,sRrp0ZiEenIEqwEV,308.000,mFtsU2NLbV393iPp,310.000,RQhhLWQoTrRIOUIj,316.000,8hVPVElPDyJLGNul,410.000,oDVDcsz2DDcqmuZv,413.000,ZNeI4CIi8cYNeSIl,,
3,145,2026-04-03T09:50:39.359Z,576.000,9,206.000,8hVPVElPDyJLGNul,210.000,sRrp0ZiEenIEqwEV,339.000,7z+hv5WDnSUYTapr,462.000,ahO5G+QMJW9JXaZF,490.000,RAVUzYYMBq+gCXIY,557.000,oDVDcsz2DDcqmuZv,576.000,jgBHfjfbNleko2Dt,590.000,ZNeI4CIi8cYNeSIl,604.000,mFtsU2NLbV393iPp,,
3,146,2026-04-03T09:50:39.935Z,434.000,10,238.000,sRrp0ZiEenIEqwEV,278.000,7z+hv5WDnSUYTapr,317.000,ahO5G+QMJW9JXaZF,329.000,8hVPVElPDyJLGNul,373.000,RAVUzYYMBq+gCXIY,398.000,jgBHfjfbNleko2Dt,434.000,oDVDcsz2DDcqmuZv,442.000,mFtsU2NLbV393iPp,466.000,RQhhLWQoTrRIOUIj,468.000,ZNeI4CIi8cYNeSIl
3,147,2026-04-03T09:50:40.369Z,458.000,9,220.000,sRrp0ZiEenIEqwEV,308.000,7z+hv5WDnSUYTapr,311.000,8hVPVElPDyJLGNul,315.000,mFtsU2NLbV393iPp,340.000,ahO5G+QMJW9JXaZF,439.000,ZNeI4CIi8cYNeSIl,465.000,oDVDcsz2DDcqmuZv,505.000,jgBHfjfbNleko2Dt,527.000,RQhhLWQoTrRIOUIj,,
3,148,2026-04-03T09:50:40.827Z,475.000,10,257.000,sRrp0ZiEenIEqwEV,312.000,8hVPVElPDyJLGNul,324.000,7z+hv5WDnSUYTapr,364.000,ahO5G+QMJW9JXaZF,409.000,RAVUzYYMBq+gCXIY,466.000,oDVDcsz2DDcqmuZv,475.000,ZNeI4CIi8cYNeSIl,499.000,jgBHfjfbNleko2Dt,542.000,mFtsU2NLbV393iPp,551.000,RQhhLWQoTrRIOUIj
3,149,2026-04-03T09:50:41.302Z,479.000,9,237.000,sRrp0ZiEenIEqwEV,306.000,7z+hv5WDnSUYTapr,326.000,ahO5G+QMJW9JXaZF,331.000,8hVPVElPDyJLGNul,432.000,RAVUzYYMBq+gCXIY,458.000,ZNeI4CIi8cYNeSIl,479.000,oDVDcsz2DDcqmuZv,485.000,jgBHfjfbNleko2Dt,542.000,mFtsU2NLbV393iPp,,
3,150,2026-04-03T09:50:41.781Z,476.000,9,307.000,sRrp0ZiEenIEqwEV,328.000,ahO5G+QMJW9JXaZF,334.000,7z+hv5WDnSUYTapr,424.000,8hVPVElPDyJLGNul,446.000,ZNeI4CIi8cYNeSIl,473.000,jgBHfjfbNleko2Dt,575.000,RAVUzYYMBq+gCXIY,488.000,oDVDcsz2DDcqmuZv,520.000,mFtsU2NLbV393iPp,,
3,151,2026-04-03T09:50:42.257Z,480.000,10,248.000,sRrp0ZiEenIEqwEV,281.000,7z+hv5WDnSUYTapr,302.000,8hVPVElPDyJLGNul,345.000,ahO5G+QMJW9JXaZF,440.000,ZNeI4CIi8cYNeSIl,470.000,RAVUzYYMBq+gCXIY,481.000,jgBHfjfbNleko2Dt,492.000,oDVDcsz2DDcqmuZv,526.000,mFtsU2NLbV393iPp,536.000,RQhhLWQoTrRIOUIj
3,152,2026-04-03T09:50:42.737Z,471.000,10,206.000,sRrp0ZiEenIEqwEV,296.000,ahO5G+QMJW9JXaZF,306.000,7z+hv5WDnSUYTapr,312.000,8hVPVElPDyJLGNul,364.000,RQhhLWQoTrRIOUIj,470.000,oDVDcsz2DDcqmuZv,470.000,jgBHfjfbNleko2Dt,519.000,mFtsU2NLbV393iPp,525.000,ZNeI4CIi8cYNeSIl,529.000,RAVUzYYMBq+gCXIY
3,153,2026-04-03T09:50:43.208Z,459.000,9,211.000,sRrp0ZiEenIEqwEV,251.000,7z+hv5WDnSUYTapr,261.000,ahO5G+QMJW9JXaZF,297.000,8hVPVElPDyJLGNul,423.000,ZNeI4CIi8cYNeSIl,457.000,RAVUzYYMBq+gCXIY,512.000,oDVDcsz2DDcqmuZv,519.000,mFtsU2NLbV393iPp,528.000,RQhhLWQoTrRIOUIj,,
3,154,2026-04-03T09:50:43.667Z,473.000,9,281.000,RQhhLWQoTrRIOUIj,290.000,sRrp0ZiEenIEqwEV,310.000,7z+hv5WDnSUYTapr,317.000,ahO5G+QMJW9JXaZF,403.000,8hVPVElPDyJLGNul,466.000,ZNeI4CIi8cYNeSIl,480.000,RAVUzYYMBq+gCXIY,479.000,oDVDcsz2DDcqmuZv,715.000,mFtsU2NLbV393iPp,,
3,155,2026-04-03T09:50:44.140Z,531.000,9,160.000,sRrp0ZiEenIEqwEV,319.000,ahO5G+QMJW9JXaZF,323.000,8hVPVElPDyJLGNul,351.000,7z+hv5WDnSUYTapr,479.000,RAVUzYYMBq+gCXIY,518.000,mFtsU2NLbV393iPp,531.000,ZNeI4CIi8cYNeSIl,535.000,oDVDcsz2DDcqmuZv,538.000,RQhhLWQoTrRIOUIj,,
3,156,2026-04-03T09:50:44.671Z,457.000,9,217.000,RQhhLWQoTrRIOUIj,307.000,sRrp0ZiEenIEqwEV,319.000,7z+hv5WDnSUYTapr,357.000,8hVPVElPDyJLGNul,427.000,ahO5G+QMJW9JXaZF,448.000,RAVUzYYMBq+gCXIY,457.000,ZNeI4CIi8cYNeSIl,474.000,oDVDcsz2DDcqmuZv,571.000,jgBHfjfbNleko2Dt,,
3,157,2026-04-03T09:50:45.128Z,568.000,8,201.000,sRrp0ZiEenIEqwEV,356.000,7z+hv5WDnSUYTapr,359.000,ahO5G+QMJW9JXaZF,494.000,RAVUzYYMBq+gCXIY,495.000,RQhhLWQoTrRIOUIj,508.000,8hVPVElPDyJLGNul,571.000,oDVDcsz2DDcqmuZv,575.000,ZNeI4CIi8cYNeSIl,,,,
3,158,2026-04-03T09:50:45.696Z,487.000,9,309.000,sRrp0ZiEenIEqwEV,311.000,ahO5G+QMJW9JXaZF,316.000,7z+hv5WDnSUYTapr,348.000,8hVPVElPDyJLGNul,396.000,RAVUzYYMBq+gCXIY,481.000,ZNeI4CIi8cYNeSIl,487.000,oDVDcsz2DDcqmuZv,559.000,mFtsU2NLbV393iPp,766.000,RQhhLWQoTrRIOUIj,,
3,159,2026-04-03T09:50:46.183Z,502.000,9,303.000,sRrp0ZiEenIEqwEV,371.000,ahO5G+QMJW9JXaZF,440.000,8hVPVElPDyJLGNul,446.000,jgBHfjfbNleko2Dt,461.000,7z+hv5WDnSUYTapr,468.000,RAVUzYYMBq+gCXIY,502.000,oDVDcsz2DDcqmuZv,562.000,RQhhLWQoTrRIOUIj,596.000,ZNeI4CIi8cYNeSIl,,
3,160,2026-04-03T09:50:46.685Z,573.000,9,266.000,7z+hv5WDnSUYTapr,300.000,sRrp0ZiEenIEqwEV,311.000,ahO5G+QMJW9JXaZF,418.000,8hVPVElPDyJLGNul,469.000,RAVUzYYMBq+gCXIY,569.000,ZNeI4CIi8cYNeSIl,575.000,oDVDcsz2DDcqmuZv,617.000,mFtsU2NLbV393iPp,619.000,RQhhLWQoTrRIOUIj,,
3,161,2026-04-03T09:50:47.258Z,494.000,8,220.000,sRrp0ZiEenIEqwEV,347.000,ZNeI4CIi8cYNeSIl,425.000,RAVUzYYMBq+gCXIY,464.000,oDVDcsz2DDcqmuZv,483.000,RQhhLWQoTrRIOUIj,490.000,8hVPVElPDyJLGNul,494.000,ahO5G+QMJW9JXaZF,817.000,mFtsU2NLbV393iPp,,,,
3,162,2026-04-03T09:50:47.752Z,688.000,10,173.000,7z+hv5WDnSUYTapr,312.000,sRrp0ZiEenIEqwEV,322.000,RQhhLWQoTrRIOUIj,331.000,ahO5G+QMJW9JXaZF,632.000,RAVUzYYMBq+gCXIY,660.000,ZNeI4CIi8cYNeSIl,688.000,jgBHfjfbNleko2Dt,690.000,8hVPVElPDyJLGNul,697.000,mFtsU2NLbV393iPp,699.000,oDVDcsz2DDcqmuZv
3,163,2026-04-03T09:50:48.440Z,633.000,9,162.000,sRrp0ZiEenIEqwEV,280.000,7z+hv5WDnSUYTapr,345.000,8hVPVElPDyJLGNul,460.000,RAVUzYYMBq+gCXIY,528.000,mFtsU2NLbV393iPp,530.000,ahO5G+QMJW9JXaZF,778.000,RQhhLWQoTrRIOUIj,665.000,oDVDcsz2DDcqmuZv,671.000,ZNeI4CIi8cYNeSIl,,
3,164,2026-04-03T09:50:49.073Z,953.000,8,310.000,RQhhLWQoTrRIOUIj,346.000,sRrp0ZiEenIEqwEV,511.000,ZNeI4CIi8cYNeSIl,526.000,RAVUzYYMBq+gCXIY,669.000,oDVDcsz2DDcqmuZv,901.000,ahO5G+QMJW9JXaZF,953.000,8hVPVElPDyJLGNul,984.000,mFtsU2NLbV393iPp,,,,
3,165,2026-04-03T09:50:50.026Z,838.000,7,309.000,ahO5G+QMJW9JXaZF,567.000,RQhhLWQoTrRIOUIj,655.000,ZNeI4CIi8cYNeSIl,712.000,oDVDcsz2DDcqmuZv,781.000,RAVUzYYMBq+gCXIY,837.000,7z+hv5WDnSUYTapr,838.000,sRrp0ZiEenIEqwEV,,,,,,
3,166,2026-04-03T09:50:50.864Z,900.000,7,211.000,sRrp0ZiEenIEqwEV,496.000,RQhhLWQoTrRIOUIj,665.000,ZNeI4CIi8cYNeSIl,670.000,RAVUzYYMBq+gCXIY,753.000,ahO5G+QMJW9JXaZF,754.000,mFtsU2NLbV393iPp,900.000,oDVDcsz2DDcqmuZv,,,,,,
3,167,2026-04-03T09:50:51.764Z,974.000,7,311.000,ZNeI4CIi8cYNeSIl,449.000,sRrp0ZiEenIEqwEV,548.000,RAVUzYYMBq+gCXIY,728.000,RQhhLWQoTrRIOUIj,894.000,jgBHfjfbNleko2Dt,963.000,ahO5G+QMJW9JXaZF,974.000,oDVDcsz2DDcqmuZv,,,,,,
3,168,2026-04-03T09:50:52.738Z,1053.000,8,685.000,sRrp0ZiEenIEqwEV,836.000,RAVUzYYMBq+gCXIY,849.000,jgBHfjfbNleko2Dt,949.000,RQhhLWQoTrRIOUIj,968.000,oDVDcsz2DDcqmuZv,1051.000,7z+hv5WDnSUYTapr,1053.000,ahO5G+QMJW9JXaZF,1143.000,mFtsU2NLbV393iPp,,,,
3,169,2026-04-03T09:50:53.791Z,1138.000,8,311.000,7z+hv5WDnSUYTapr,459.000,RAVUzYYMBq+gCXIY,752.000,RQhhLWQoTrRIOUIj,908.000,8hVPVElPDyJLGNul,949.000,jgBHfjfbNleko2Dt,1054.000,sRrp0ZiEenIEqwEV,1138.000,oDVDcsz2DDcqmuZv,1141.000,ahO5G+QMJW9JXaZF,,,,
3,170,2026-04-03T09:50:54.929Z,1074.000,7,760.000,RAVUzYYMBq+gCXIY,897.000,7z+hv5WDnSUYTapr,965.000,sRrp0ZiEenIEqwEV,983.000,oDVDcsz2DDcqmuZv,1032.000,RQhhLWQoTrRIOUIj,1039.000,ahO5G+QMJW9JXaZF,1076.000,mFtsU2NLbV393iPp,,,,,,
3,171,2026-04-03T09:50:56.003Z,1714.000,7,711.000,RAVUzYYMBq+gCXIY,906.000,mFtsU2NLbV393iPp,956.000,7z+hv5WDnSUYTapr,1024.000,oDVDcsz2DDcqmuZv,1564.000,sRrp0ZiEenIEqwEV,1676.000,RQhhLWQoTrRIOUIj,1714.000,ZNeI4CIi8cYNeSIl,,,,,,
3,172,2026-04-03T09:50:57.717Z,2239.000,7,1045.000,sRrp0ZiEenIEqwEV,1352.000,RAVUzYYMBq+gCXIY,1416.000,7z+hv5WDnSUYTapr,1446.000,8hVPVElPDyJLGNul,1509.000,jgBHfjfbNleko2Dt,2213.000,ZNeI4CIi8cYNeSIl,2239.000,RQhhLWQoTrRIOUIj,,,,,,
3,173,2026-04-03T09:50:59.956Z,2366.000,8,989.000,sRrp0ZiEenIEqwEV,1140.000,ZNeI4CIi8cYNeSIl,1537.000,RAVUzYYMBq+gCXIY,1969.000,RQhhLWQoTrRIOUIj,2294.000,oDVDcsz2DDcqmuZv,2297.000,7z+hv5WDnSUYTapr,2366.000,8hVPVElPDyJLGNul,2453.000,mFtsU2NLbV393iPp,,,,
3,174,2026-04-03T09:51:02.322Z,2912.000,10,2652.000,ahO5G+QMJW9JXaZF,2653.000,RAVUzYYMBq+gCXIY,2730.000,sRrp0ZiEenIEqwEV,2774.000,8hVPVElPDyJLGNul,2848.000,7z+hv5WDnSUYTapr,2856.000,jgBHfjfbNleko2Dt,2912.000,RQhhLWQoTrRIOUIj,2950.000,mFtsU2NLbV393iPp,3003.000,oDVDcsz2DDcqmuZv,3005.000,ZNeI4CIi8cYNeSIl
3,175,2026-04-03T09:51:05.234Z,3085.000,9,2901.000,7z+hv5WDnSUYTapr,2944.000,RAVUzYYMBq+gCXIY,2963.000,sRrp0ZiEenIEqwEV,3016.000,oDVDcsz2DDcqmuZv,3076.000,ahO5G+QMJW9JXaZF,3082.000,8hVPVElPDyJLGNul,3085.000,RQhhLWQoTrRIOUIj,3104.000,ZNeI4CIi8cYNeSIl,3171.000,mFtsU2NLbV393iPp,,
3,176,2026-04-03T09:51:08.319Z,3845.000,8,2524.000,RQhhLWQoTrRIOUIj,2630.000,RAVUzYYMBq+gCXIY,2846.000,7z+hv5WDnSUYTapr,2923.000,8hVPVElPDyJLGNul,3019.000,jgBHfjfbNleko2Dt,3689.000,sRrp0ZiEenIEqwEV,4019.000,oDVDcsz2DDcqmuZv,3849.000,ZNeI4CIi8cYNeSIl,,,,
3,177,2026-04-03T09:51:12.164Z,4091.000,9,2900.000,sRrp0ZiEenIEqwEV,2919.000,ZNeI4CIi8cYNeSIl,3187.000,7z+hv5WDnSUYTapr,3281.000,mFtsU2NLbV393iPp,3847.000,RQhhLWQoTrRIOUIj,3893.000,RAVUzYYMBq+gCXIY,4091.000,8hVPVElPDyJLGNul,4251.000,oDVDcsz2DDcqmuZv,4184.000,jgBHfjfbNleko2Dt,,
3,178,2026-04-03T09:51:16.255Z,5308.000,7,3774.000,sRrp0ZiEenIEqwEV,3935.000,RAVUzYYMBq+gCXIY,3960.000,RQhhLWQoTrRIOUIj,4008.000,ZNeI4CIi8cYNeSIl,4357.000,7z+hv5WDnSUYTapr,4357.000,jgBHfjfbNleko2Dt,5308.000,mFtsU2NLbV393iPp,,,,,,
3,179,2026-04-03T09:51:21.563Z,5032.000,7,3789.000,ZNeI4CIi8cYNeSIl,4273.000,mFtsU2NLbV393iPp,4530.000,sRrp0ZiEenIEqwEV,4686.000,RAVUzYYMBq+gCXIY,4746.000,RQhhLWQoTrRIOUIj,5029.000,7z+hv5WDnSUYTapr,5032.000,oDVDcsz2DDcqmuZv,,,,,,
3,180,2026-04-03T09:51:26.595Z,5887.000,8,4938.000,7z+hv5WDnSUYTapr,4947.000,RAVUzYYMBq+gCXIY,5654.000,8hVPVElPDyJLGNul,5706.000,ahO5G+QMJW9JXaZF,5712.000,sRrp0ZiEenIEqwEV,5783.000,ZNeI4CIi8cYNeSIl,5891.000,jgBHfjfbNleko2Dt,6015.000,oDVDcsz2DDcqmuZv,,,,
3,181,2026-04-03T09:51:32.482Z,6392.000,8,6158.000,7z+hv5WDnSUYTapr,6160.000,sRrp0ZiEenIEqwEV,6342.000,mFtsU2NLbV393iPp,6356.000,8hVPVElPDyJLGNul,6360.000,RAVUzYYMBq+gCXIY,6374.000,RQhhLWQoTrRIOUIj,6393.000,oDVDcsz2DDcqmuZv,6470.000,ZNeI4CIi8cYNeSIl,,,,
3,182,2026-04-03T09:51:38.874Z,6860.000,8,6458.000,RQhhLWQoTrRIOUIj,6674.000,jgBHfjfbNleko2Dt,6677.000,mFtsU2NLbV393iPp,6731.000,8hVPVElPDyJLGNul,6768.000,sRrp0ZiEenIEqwEV,6770.000,ahO5G+QMJW9JXaZF,6860.000,7z+hv5WDnSUYTapr,7023.000,RAVUzYYMBq+gCXIY,,,,
3,183,2026-04-03T09:51:45.734Z,7721.000,7,7072.000,RAVUzYYMBq+gCXIY,7301.000,ZNeI4CIi8cYNeSIl,7627.000,sRrp0ZiEenIEqwEV,7628.000,ahO5G+QMJW9JXaZF,7633.000,jgBHfjfbNleko2Dt,7719.000,RQhhLWQoTrRIOUIj,7721.000,mFtsU2NLbV393iPp,,,,,,
3,184,2026-04-03T09:51:53.455Z,8175.000,7,7323.000,ahO5G+QMJW9JXaZF,7376.000,mFtsU2NLbV393iPp,7376.000,RQhhLWQoTrRIOUIj,7588.000,jgBHfjfbNleko2Dt,8140.000,ZNeI4CIi8cYNeSIl,8156.000,sRrp0ZiEenIEqwEV,8175.000,7z+hv5WDnSUYTapr,,,,,,
3,185,2026-04-03T09:52:01.630Z,,0,,,,,,,,,,,,,,,,,,,,
4,1,2026-04-03T09:49:44.471Z,7776.000,7,3209.000,sRrp0ZiEenIEqwEV,4231.000,jgBHfjfbNleko2Dt,4876.000,7z+hv5WDnSUYTapr,5600.000,ahO5G+QMJW9JXaZF,7131.000,8hVPVElPDyJLGNul,7631.000,ZNeI4CIi8cYNeSIl,7777.000,RQhhLWQoTrRIOUIj,,,,,,
4,2,2026-04-03T09:49:52.247Z,779.000,7,106.000,7z+hv5WDnSUYTapr,202.000,ahO5G+QMJW9JXaZF,207.000,sRrp0ZiEenIEqwEV,210.000,jgBHfjfbNleko2Dt,311.000,RQhhLWQoTrRIOUIj,767.000,8hVPVElPDyJLGNul,925.000,ZNeI4CIi8cYNeSIl,,,,,,
4,3,2026-04-03T09:49:53.026Z,773.000,8,268.000,7z+hv5WDnSUYTapr,270.000,ahO5G+QMJW9JXaZF,272.000,sRrp0ZiEenIEqwEV,369.000,RQhhLWQoTrRIOUIj,378.000,jgBHfjfbNleko2Dt,565.000,8hVPVElPDyJLGNul,979.000,mFtsU2NLbV393iPp,791.000,ZNeI4CIi8cYNeSIl,,,,
4,4,2026-04-03T09:49:53.799Z,311.000,9,207.000,7z+hv5WDnSUYTapr,208.000,ahO5G+QMJW9JXaZF,208.000,sRrp0ZiEenIEqwEV,209.000,RQhhLWQoTrRIOUIj,210.000,mFtsU2NLbV393iPp,309.000,jgBHfjfbNleko2Dt,311.000,8hVPVElPDyJLGNul,328.000,ZNeI4CIi8cYNeSIl,376.000,RAVUzYYMBq+gCXIY,,
4,5,2026-04-03T09:49:54.110Z,415.000,8,208.000,sRrp0ZiEenIEqwEV,210.000,7z+hv5WDnSUYTapr,214.000,ahO5G+QMJW9JXaZF,243.000,8hVPVElPDyJLGNul,313.000,jgBHfjfbNleko2Dt,413.000,mFtsU2NLbV393iPp,415.000,RQhhLWQoTrRIOUIj,584.000,ZNeI4CIi8cYNeSIl,,,,
4,6,2026-04-03T09:49:54.525Z,308.000,7,204.000,ahO5G+QMJW9JXaZF,205.000,sRrp0ZiEenIEqwEV,208.000,jgBHfjfbNleko2Dt,210.000,7z+hv5WDnSUYTapr,247.000,8hVPVElPDyJLGNul,305.000,mFtsU2NLbV393iPp,310.000,RQhhLWQoTrRIOUIj,,,,,,
4,7,2026-04-03T09:49:54.833Z,309.000,8,205.000,ahO5G+QMJW9JXaZF,205.000,sRrp0ZiEenIEqwEV,207.000,7z+hv5WDnSUYTapr,210.000,8hVPVElPDyJLGNul,248.000,jgBHfjfbNleko2Dt,311.000,mFtsU2NLbV393iPp,312.000,RQhhLWQoTrRIOUIj,458.000,ZNeI4CIi8cYNeSIl,,,,
4,8,2026-04-03T09:49:55.142Z,304.000,9,204.000,7z+hv5WDnSUYTapr,204.000,sRrp0ZiEenIEqwEV,208.000,8hVPVElPDyJLGNul,209.000,ahO5G+QMJW9JXaZF,247.000,jgBHfjfbNleko2Dt,251.000,RQhhLWQoTrRIOUIj,304.000,mFtsU2NLbV393iPp,461.000,ZNeI4CIi8cYNeSIl,462.000,RAVUzYYMBq+gCXIY,,
4,9,2026-04-03T09:49:55.446Z,306.000,8,204.000,8hVPVElPDyJLGNul,204.000,sRrp0ZiEenIEqwEV,210.000,7z+hv5WDnSUYTapr,213.000,ahO5G+QMJW9JXaZF,252.000,jgBHfjfbNleko2Dt,260.000,RQhhLWQoTrRIOUIj,306.000,mFtsU2NLbV393iPp,466.000,ZNeI4CIi8cYNeSIl,,,,
4,10,2026-04-03T09:49:55.752Z,303.000,7,201.000,sRrp0ZiEenIEqwEV,209.000,7z+hv5WDnSUYTapr,215.000,8hVPVElPDyJLGNul,217.000,ahO5G+QMJW9JXaZF,259.000,jgBHfjfbNleko2Dt,260.000,RQhhLWQoTrRIOUIj,303.000,mFtsU2NLbV393iPp,,,,,,
4,11,2026-04-03T09:49:56.055Z,307.000,8,206.000,sRrp0ZiEenIEqwEV,214.000,7z+hv5WDnSUYTapr,216.000,8hVPVElPDyJLGNul,222.000,ahO5G+QMJW9JXaZF,267.000,RQhhLWQoTrRIOUIj,268.000,jgBHfjfbNleko2Dt,307.000,mFtsU2NLbV393iPp,527.000,RAVUzYYMBq+gCXIY,,,,
4,12,2026-04-03T09:49:56.362Z,305.000,7,202.000,sRrp0ZiEenIEqwEV,212.000,7z+hv5WDnSUYTapr,219.000,8hVPVElPDyJLGNul,224.000,ahO5G+QMJW9JXaZF,270.000,RQhhLWQoTrRIOUIj,272.000,jgBHfjfbNleko2Dt,305.000,mFtsU2NLbV393iPp,,,,,,
4,13,2026-04-03T09:49:56.667Z,309.000,9,205.000,sRrp0ZiEenIEqwEV,218.000,7z+hv5WDnSUYTapr,222.000,8hVPVElPDyJLGNul,226.000,ahO5G+QMJW9JXaZF,275.000,RQhhLWQoTrRIOUIj,278.000,jgBHfjfbNleko2Dt,309.000,mFtsU2NLbV393iPp,479.000,ZNeI4CIi8cYNeSIl,480.000,oDVDcsz2DDcqmuZv,,
4,14,2026-04-03T09:49:56.976Z,312.000,8,209.000,sRrp0ZiEenIEqwEV,219.000,7z+hv5WDnSUYTapr,224.000,8hVPVElPDyJLGNul,226.000,ahO5G+QMJW9JXaZF,277.000,RQhhLWQoTrRIOUIj,278.000,jgBHfjfbNleko2Dt,312.000,mFtsU2NLbV393iPp,622.000,oDVDcsz2DDcqmuZv,,,,
4,15,2026-04-03T09:49:57.288Z,275.000,9,167.000,ahO5G+QMJW9JXaZF,208.000,sRrp0ZiEenIEqwEV,214.000,7z+hv5WDnSUYTapr,218.000,8hVPVElPDyJLGNul,270.000,RQhhLWQoTrRIOUIj,274.000,jgBHfjfbNleko2Dt,311.000,mFtsU2NLbV393iPp,471.000,ZNeI4CIi8cYNeSIl,475.000,RAVUzYYMBq+gCXIY,,
4,16,2026-04-03T09:49:57.563Z,303.000,7,202.000,ahO5G+QMJW9JXaZF,221.000,7z+hv5WDnSUYTapr,240.000,sRrp0ZiEenIEqwEV,246.000,8hVPVElPDyJLGNul,346.000,mFtsU2NLbV393iPp,305.000,jgBHfjfbNleko2Dt,304.000,RQhhLWQoTrRIOUIj,,,,,,
4,17,2026-04-03T09:49:57.866Z,314.000,8,210.000,ahO5G+QMJW9JXaZF,246.000,sRrp0ZiEenIEqwEV,247.000,8hVPVElPDyJLGNul,259.000,7z+hv5WDnSUYTapr,304.000,jgBHfjfbNleko2Dt,310.000,RQhhLWQoTrRIOUIj,351.000,mFtsU2NLbV393iPp,828.000,ZNeI4CIi8cYNeSIl,,,,
4,18,2026-04-03T09:49:58.180Z,313.000,8,208.000,ahO5G+QMJW9JXaZF,241.000,8hVPVElPDyJLGNul,242.000,sRrp0ZiEenIEqwEV,253.000,7z+hv5WDnSUYTapr,305.000,jgBHfjfbNleko2Dt,308.000,RQhhLWQoTrRIOUIj,347.000,mFtsU2NLbV393iPp,474.000,RAVUzYYMBq+gCXIY,,,,
4,19,2026-04-03T09:49:58.493Z,306.000,9,204.000,ahO5G+QMJW9JXaZF,228.000,sRrp0ZiEenIEqwEV,240.000,8hVPVElPDyJLGNul,250.000,7z+hv5WDnSUYTapr,303.000,RQhhLWQoTrRIOUIj,304.000,jgBHfjfbNleko2Dt,342.000,mFtsU2NLbV393iPp,458.000,ZNeI4CIi8cYNeSIl,464.000,oDVDcsz2DDcqmuZv,,
4,20,2026-04-03T09:49:58.799Z,311.000,9,207.000,ahO5G+QMJW9JXaZF,226.000,7z+hv5WDnSUYTapr,238.000,8hVPVElPDyJLGNul,241.000,sRrp0ZiEenIEqwEV,306.000,RQhhLWQoTrRIOUIj,308.000,jgBHfjfbNleko2Dt,344.000,mFtsU2NLbV393iPp,473.000,RAVUzYYMBq+gCXIY,474.000,ZNeI4CIi8cYNeSIl,,
4,21,2026-04-03T09:49:59.110Z,305.000,10,204.000,ahO5G+QMJW9JXaZF,234.000,sRrp0ZiEenIEqwEV,236.000,8hVPVElPDyJLGNul,257.000,7z+hv5WDnSUYTapr,301.000,jgBHfjfbNleko2Dt,302.000,RQhhLWQoTrRIOUIj,338.000,mFtsU2NLbV393iPp,443.000,ZNeI4CIi8cYNeSIl,444.000,RAVUzYYMBq+gCXIY,446.000,oDVDcsz2DDcqmuZv
4,22,2026-04-03T09:49:59.415Z,310.000,10,206.000,ahO5G+QMJW9JXaZF,238.000,sRrp0ZiEenIEqwEV,239.000,8hVPVElPDyJLGNul,262.000,7z+hv5WDnSUYTapr,305.000,RQhhLWQoTrRIOUIj,307.000,jgBHfjfbNleko2Dt,344.000,mFtsU2NLbV393iPp,439.000,ZNeI4CIi8cYNeSIl,442.000,oDVDcsz2DDcqmuZv,443.000,RAVUzYYMBq+gCXIY
4,23,2026-04-03T09:49:59.725Z,304.000,10,201.000,ahO5G+QMJW9JXaZF,236.000,sRrp0ZiEenIEqwEV,242.000,8hVPVElPDyJLGNul,257.000,7z+hv5WDnSUYTapr,302.000,RQhhLWQoTrRIOUIj,341.000,mFtsU2NLbV393iPp,311.000,jgBHfjfbNleko2Dt,438.000,oDVDcsz2DDcqmuZv,439.000,ZNeI4CIi8cYNeSIl,440.000,RAVUzYYMBq+gCXIY
4,24,2026-04-03T09:50:00.029Z,308.000,10,203.000,ahO5G+QMJW9JXaZF,246.000,sRrp0ZiEenIEqwEV,247.000,8hVPVElPDyJLGNul,257.000,7z+hv5WDnSUYTapr,305.000,RQhhLWQoTrRIOUIj,315.000,jgBHfjfbNleko2Dt,348.000,mFtsU2NLbV393iPp,438.000,ZNeI4CIi8cYNeSIl,440.000,oDVDcsz2DDcqmuZv,441.000,RAVUzYYMBq+gCXIY
4,25,2026-04-03T09:50:00.337Z,310.000,10,204.000,ahO5G+QMJW9JXaZF,240.000,sRrp0ZiEenIEqwEV,249.000,8hVPVElPDyJLGNul,266.000,7z+hv5WDnSUYTapr,303.000,RQhhLWQoTrRIOUIj,316.000,jgBHfjfbNleko2Dt,343.000,mFtsU2NLbV393iPp,444.000,ZNeI4CIi8cYNeSIl,446.000,oDVDcsz2DDcqmuZv,448.000,RAVUzYYMBq+gCXIY
4,26,2026-04-03T09:50:00.647Z,309.000,9,204.000,ahO5G+QMJW9JXaZF,241.000,sRrp0ZiEenIEqwEV,247.000,8hVPVElPDyJLGNul,265.000,7z+hv5WDnSUYTapr,299.000,RQhhLWQoTrRIOUIj,346.000,mFtsU2NLbV393iPp,315.000,jgBHfjfbNleko2Dt,442.000,oDVDcsz2DDcqmuZv,446.000,ZNeI4CIi8cYNeSIl,,
4,27,2026-04-03T09:50:00.956Z,311.000,10,207.000,ahO5G+QMJW9JXaZF,241.000,sRrp0ZiEenIEqwEV,246.000,8hVPVElPDyJLGNul,266.000,7z+hv5WDnSUYTapr,297.000,RQhhLWQoTrRIOUIj,315.000,jgBHfjfbNleko2Dt,345.000,mFtsU2NLbV393iPp,438.000,ZNeI4CIi8cYNeSIl,439.000,oDVDcsz2DDcqmuZv,440.000,RAVUzYYMBq+gCXIY
4,28,2026-04-03T09:50:01.267Z,308.000,9,206.000,ahO5G+QMJW9JXaZF,240.000,sRrp0ZiEenIEqwEV,248.000,8hVPVElPDyJLGNul,265.000,7z+hv5WDnSUYTapr,298.000,RQhhLWQoTrRIOUIj,317.000,jgBHfjfbNleko2Dt,345.000,mFtsU2NLbV393iPp,460.000,oDVDcsz2DDcqmuZv,465.000,ZNeI4CIi8cYNeSIl,,
4,29,2026-04-03T09:50:01.575Z,308.000,9,204.000,ahO5G+QMJW9JXaZF,243.000,sRrp0ZiEenIEqwEV,247.000,8hVPVElPDyJLGNul,264.000,7z+hv5WDnSUYTapr,299.000,RQhhLWQoTrRIOUIj,346.000,mFtsU2NLbV393iPp,320.000,jgBHfjfbNleko2Dt,432.000,ZNeI4CIi8cYNeSIl,435.000,RAVUzYYMBq+gCXIY,,
4,30,2026-04-03T09:50:01.883Z,309.000,10,206.000,ahO5G+QMJW9JXaZF,243.000,sRrp0ZiEenIEqwEV,247.000,8hVPVElPDyJLGNul,265.000,7z+hv5WDnSUYTapr,301.000,RQhhLWQoTrRIOUIj,344.000,mFtsU2NLbV393iPp,321.000,jgBHfjfbNleko2Dt,451.000,oDVDcsz2DDcqmuZv,466.000,RAVUzYYMBq+gCXIY,469.000,ZNeI4CIi8cYNeSIl
4,31,2026-04-03T09:50:02.192Z,309.000,9,207.000,ahO5G+QMJW9JXaZF,239.000,sRrp0ZiEenIEqwEV,245.000,8hVPVElPDyJLGNul,261.000,7z+hv5WDnSUYTapr,304.000,RQhhLWQoTrRIOUIj,321.000,jgBHfjfbNleko2Dt,344.000,mFtsU2NLbV393iPp,778.000,RAVUzYYMBq+gCXIY,930.000,ZNeI4CIi8cYNeSIl,,
4,32,2026-04-03T09:50:02.501Z,308.000,10,204.000,ahO5G+QMJW9JXaZF,239.000,sRrp0ZiEenIEqwEV,242.000,8hVPVElPDyJLGNul,261.000,7z+hv5WDnSUYTapr,315.000,jgBHfjfbNleko2Dt,309.000,RQhhLWQoTrRIOUIj,343.000,mFtsU2NLbV393iPp,425.000,ZNeI4CIi8cYNeSIl,428.000,oDVDcsz2DDcqmuZv,433.000,RAVUzYYMBq+gCXIY
4,33,2026-04-03T09:50:02.809Z,303.000,10,202.000,ahO5G+QMJW9JXaZF,238.000,sRrp0ZiEenIEqwEV,241.000,8hVPVElPDyJLGNul,259.000,7z+hv5WDnSUYTapr,306.000,RQhhLWQoTrRIOUIj,345.000,mFtsU2NLbV393iPp,317.000,jgBHfjfbNleko2Dt,427.000,RAVUzYYMBq+gCXIY,428.000,ZNeI4CIi8cYNeSIl,429.000,oDVDcsz2DDcqmuZv
4,34,2026-04-03T09:50:03.112Z,308.000,10,206.000,ahO5G+QMJW9JXaZF,246.000,sRrp0ZiEenIEqwEV,251.000,8hVPVElPDyJLGNul,265.000,7z+hv5WDnSUYTapr,351.000,mFtsU2NLbV393iPp,321.000,jgBHfjfbNleko2Dt,313.000,RQhhLWQoTrRIOUIj,434.000,RAVUzYYMBq+gCXIY,435.000,oDVDcsz2DDcqmuZv,436.000,ZNeI4CIi8cYNeSIl
4,35,2026-04-03T09:50:03.420Z,315.000,10,209.000,ahO5G+QMJW9JXaZF,248.000,sRrp0ZiEenIEqwEV,252.000,8hVPVElPDyJLGNul,267.000,7z+hv5WDnSUYTapr,312.000,RQhhLWQoTrRIOUIj,320.000,jgBHfjfbNleko2Dt,350.000,mFtsU2NLbV393iPp,432.000,oDVDcsz2DDcqmuZv,437.000,ZNeI4CIi8cYNeSIl,438.000,RAVUzYYMBq+gCXIY
4,36,2026-04-03T09:50:03.735Z,308.000,10,204.000,ahO5G+QMJW9JXaZF,243.000,sRrp0ZiEenIEqwEV,249.000,8hVPVElPDyJLGNul,257.000,7z+hv5WDnSUYTapr,345.000,mFtsU2NLbV393iPp,312.000,jgBHfjfbNleko2Dt,309.000,RQhhLWQoTrRIOUIj,432.000,oDVDcsz2DDcqmuZv,435.000,ZNeI4CIi8cYNeSIl,437.000,RAVUzYYMBq+gCXIY
4,37,2026-04-03T09:50:04.043Z,309.000,10,203.000,ahO5G+QMJW9JXaZF,245.000,sRrp0ZiEenIEqwEV,248.000,8hVPVElPDyJLGNul,261.000,7z+hv5WDnSUYTapr,346.000,mFtsU2NLbV393iPp,316.000,jgBHfjfbNleko2Dt,311.000,RQhhLWQoTrRIOUIj,430.000,oDVDcsz2DDcqmuZv,433.000,ZNeI4CIi8cYNeSIl,435.000,RAVUzYYMBq+gCXIY
4,38,2026-04-03T09:50:04.352Z,309.000,10,205.000,ahO5G+QMJW9JXaZF,244.000,sRrp0ZiEenIEqwEV,246.000,8hVPVElPDyJLGNul,259.000,7z+hv5WDnSUYTapr,308.000,RQhhLWQoTrRIOUIj,310.000,jgBHfjfbNleko2Dt,347.000,mFtsU2NLbV393iPp,454.000,oDVDcsz2DDcqmuZv,455.000,RAVUzYYMBq+gCXIY,457.000,ZNeI4CIi8cYNeSIl
4,39,2026-04-03T09:50:04.661Z,313.000,10,208.000,ahO5G+QMJW9JXaZF,240.000,sRrp0ZiEenIEqwEV,244.000,8hVPVElPDyJLGNul,265.000,7z+hv5WDnSUYTapr,307.000,RQhhLWQoTrRIOUIj,316.000,jgBHfjfbNleko2Dt,344.000,mFtsU2NLbV393iPp,467.000,ZNeI4CIi8cYNeSIl,468.000,oDVDcsz2DDcqmuZv,470.000,RAVUzYYMBq+gCXIY
4,40,2026-04-03T09:50:04.974Z,305.000,7,203.000,ahO5G+QMJW9JXaZF,235.000,8hVPVElPDyJLGNul,236.000,sRrp0ZiEenIEqwEV,263.000,7z+hv5WDnSUYTapr,304.000,RQhhLWQoTrRIOUIj,343.000,mFtsU2NLbV393iPp,310.000,jgBHfjfbNleko2Dt,,,,,,
4,41,2026-04-03T09:50:05.279Z,306.000,9,202.000,ahO5G+QMJW9JXaZF,212.000,sRrp0ZiEenIEqwEV,237.000,8hVPVElPDyJLGNul,269.000,7z+hv5WDnSUYTapr,344.000,mFtsU2NLbV393iPp,309.000,RQhhLWQoTrRIOUIj,317.000,jgBHfjfbNleko2Dt,458.000,ZNeI4CIi8cYNeSIl,459.000,RAVUzYYMBq+gCXIY,,
4,42,2026-04-03T09:50:05.585Z,306.000,10,202.000,ahO5G+QMJW9JXaZF,204.000,7z+hv5WDnSUYTapr,241.000,8hVPVElPDyJLGNul,242.000,sRrp0ZiEenIEqwEV,343.000,mFtsU2NLbV393iPp,310.000,RQhhLWQoTrRIOUIj,319.000,jgBHfjfbNleko2Dt,427.000,ZNeI4CIi8cYNeSIl,429.000,RAVUzYYMBq+gCXIY,432.000,oDVDcsz2DDcqmuZv
4,43,2026-04-03T09:50:05.891Z,305.000,10,201.000,7z+hv5WDnSUYTapr,208.000,ahO5G+QMJW9JXaZF,237.000,sRrp0ZiEenIEqwEV,242.000,8hVPVElPDyJLGNul,341.000,mFtsU2NLbV393iPp,316.000,RQhhLWQoTrRIOUIj,319.000,jgBHfjfbNleko2Dt,457.000,RAVUzYYMBq+gCXIY,460.000,oDVDcsz2DDcqmuZv,462.000,ZNeI4CIi8cYNeSIl
4,44,2026-04-03T09:50:06.196Z,310.000,10,207.000,7z+hv5WDnSUYTapr,214.000,ahO5G+QMJW9JXaZF,240.000,sRrp0ZiEenIEqwEV,244.000,8hVPVElPDyJLGNul,344.000,mFtsU2NLbV393iPp,324.000,jgBHfjfbNleko2Dt,317.000,RQhhLWQoTrRIOUIj,458.000,RAVUzYYMBq+gCXIY,459.000,oDVDcsz2DDcqmuZv,460.000,ZNeI4CIi8cYNeSIl
4,45,2026-04-03T09:50:06.506Z,307.000,10,205.000,7z+hv5WDnSUYTapr,213.000,ahO5G+QMJW9JXaZF,239.000,sRrp0ZiEenIEqwEV,247.000,8hVPVElPDyJLGNul,323.000,jgBHfjfbNleko2Dt,314.000,RQhhLWQoTrRIOUIj,343.000,mFtsU2NLbV393iPp,440.000,oDVDcsz2DDcqmuZv,443.000,ZNeI4CIi8cYNeSIl,444.000,RAVUzYYMBq+gCXIY
4,46,2026-04-03T09:50:06.813Z,311.000,10,206.000,7z+hv5WDnSUYTapr,209.000,ahO5G+QMJW9JXaZF,240.000,sRrp0ZiEenIEqwEV,248.000,8hVPVElPDyJLGNul,345.000,mFtsU2NLbV393iPp,317.000,RQhhLWQoTrRIOUIj,325.000,jgBHfjfbNleko2Dt,413.000,ZNeI4CIi8cYNeSIl,420.000,RAVUzYYMBq+gCXIY,424.000,oDVDcsz2DDcqmuZv
4,47,2026-04-03T09:50:07.124Z,312.000,10,206.000,7z+hv5WDnSUYTapr,210.000,ahO5G+QMJW9JXaZF,240.000,sRrp0ZiEenIEqwEV,246.000,8hVPVElPDyJLGNul,320.000,RQhhLWQoTrRIOUIj,321.000,jgBHfjfbNleko2Dt,342.000,mFtsU2NLbV393iPp,439.000,RAVUzYYMBq+gCXIY,444.000,ZNeI4CIi8cYNeSIl,445.000,oDVDcsz2DDcqmuZv
4,48,2026-04-03T09:50:07.436Z,311.000,10,205.000,ahO5G+QMJW9JXaZF,208.000,7z+hv5WDnSUYTapr,236.000,sRrp0ZiEenIEqwEV,243.000,8hVPVElPDyJLGNul,312.000,RQhhLWQoTrRIOUIj,336.000,mFtsU2NLbV393iPp,317.000,jgBHfjfbNleko2Dt,460.000,RAVUzYYMBq+gCXIY,461.000,ZNeI4CIi8cYNeSIl,776.000,oDVDcsz2DDcqmuZv
4,49,2026-04-03T09:50:07.747Z,309.000,9,205.000,7z+hv5WDnSUYTapr,207.000,ahO5G+QMJW9JXaZF,234.000,sRrp0ZiEenIEqwEV,238.000,8hVPVElPDyJLGNul,335.000,mFtsU2NLbV393iPp,316.000,RQhhLWQoTrRIOUIj,318.000,jgBHfjfbNleko2Dt,455.000,ZNeI4CIi8cYNeSIl,626.000,oDVDcsz2DDcqmuZv,,
4,50,2026-04-03T09:50:08.056Z,310.000,8,205.000,7z+hv5WDnSUYTapr,207.000,ahO5G+QMJW9JXaZF,230.000,sRrp0ZiEenIEqwEV,239.000,8hVPVElPDyJLGNul,334.000,mFtsU2NLbV393iPp,313.000,RQhhLWQoTrRIOUIj,319.000,jgBHfjfbNleko2Dt,467.000,RAVUzYYMBq+gCXIY,,,,
4,51,2026-04-03T09:50:08.366Z,311.000,10,208.000,7z+hv5WDnSUYTapr,209.000,ahO5G+QMJW9JXaZF,231.000,sRrp0ZiEenIEqwEV,237.000,8hVPVElPDyJLGNul,318.000,jgBHfjfbNleko2Dt,313.000,RQhhLWQoTrRIOUIj,334.000,mFtsU2NLbV393iPp,392.000,oDVDcsz2DDcqmuZv,403.000,RAVUzYYMBq+gCXIY,404.000,ZNeI4CIi8cYNeSIl
4,52,2026-04-03T09:50:08.677Z,308.000,8,202.000,7z+hv5WDnSUYTapr,206.000,ahO5G+QMJW9JXaZF,229.000,sRrp0ZiEenIEqwEV,238.000,8hVPVElPDyJLGNul,308.000,RQhhLWQoTrRIOUIj,332.000,mFtsU2NLbV393iPp,318.000,jgBHfjfbNleko2Dt,382.000,RAVUzYYMBq+gCXIY,,,,
4,53,2026-04-03T09:50:08.985Z,331.000,9,202.000,7z+hv5WDnSUYTapr,205.000,ahO5G+QMJW9JXaZF,228.000,sRrp0ZiEenIEqwEV,234.000,8hVPVElPDyJLGNul,314.000,jgBHfjfbNleko2Dt,330.000,mFtsU2NLbV393iPp,331.000,RQhhLWQoTrRIOUIj,386.000,ZNeI4CIi8cYNeSIl,411.000,oDVDcsz2DDcqmuZv,,
4,54,2026-04-03T09:50:09.316Z,307.000,8,204.000,ahO5G+QMJW9JXaZF,204.000,sRrp0ZiEenIEqwEV,210.000,7z+hv5WDnSUYTapr,211.000,8hVPVElPDyJLGNul,293.000,jgBHfjfbNleko2Dt,304.000,RQhhLWQoTrRIOUIj,307.000,mFtsU2NLbV393iPp,505.000,oDVDcsz2DDcqmuZv,,,,
4,55,2026-04-03T09:50:09.623Z,309.000,7,204.000,sRrp0ZiEenIEqwEV,211.000,7z+hv5WDnSUYTapr,213.000,ahO5G+QMJW9JXaZF,250.000,8hVPVElPDyJLGNul,290.000,jgBHfjfbNleko2Dt,306.000,RQhhLWQoTrRIOUIj,309.000,mFtsU2NLbV393iPp,,,,,,
4,56,2026-04-03T09:50:09.932Z,334.000,7,206.000,sRrp0ZiEenIEqwEV,212.000,ahO5G+QMJW9JXaZF,217.000,7z+hv5WDnSUYTapr,249.000,8hVPVElPDyJLGNul,292.000,jgBHfjfbNleko2Dt,310.000,mFtsU2NLbV393iPp,335.000,RQhhLWQoTrRIOUIj,,,,,,
4,57,2026-04-03T09:50:10.266Z,305.000,8,202.000,ahO5G+QMJW9JXaZF,204.000,sRrp0ZiEenIEqwEV,208.000,7z+hv5WDnSUYTapr,222.000,8hVPVElPDyJLGNul,272.000,jgBHfjfbNleko2Dt,282.000,mFtsU2NLbV393iPp,308.000,RQhhLWQoTrRIOUIj,604.000,oDVDcsz2DDcqmuZv,,,,
4,58,2026-04-03T09:50:10.571Z,309.000,9,207.000,sRrp0ZiEenIEqwEV,217.000,7z+hv5WDnSUYTapr,224.000,8hVPVElPDyJLGNul,275.000,jgBHfjfbNleko2Dt,286.000,mFtsU2NLbV393iPp,290.000,ahO5G+QMJW9JXaZF,309.000,RQhhLWQoTrRIOUIj,456.000,RAVUzYYMBq+gCXIY,604.000,oDVDcsz2DDcqmuZv,,
4,59,2026-04-03T09:50:10.880Z,333.000,10,210.000,sRrp0ZiEenIEqwEV,220.000,7z+hv5WDnSUYTapr,227.000,8hVPVElPDyJLGNul,235.000,ahO5G+QMJW9JXaZF,292.000,mFtsU2NLbV393iPp,296.000,jgBHfjfbNleko2Dt,333.000,RQhhLWQoTrRIOUIj,478.000,oDVDcsz2DDcqmuZv,480.000,RAVUzYYMBq+gCXIY,489.000,ZNeI4CIi8cYNeSIl
4,60,2026-04-03T09:50:11.213Z,309.000,7,206.000,7z+hv5WDnSUYTapr,206.000,sRrp0ZiEenIEqwEV,208.000,8hVPVElPDyJLGNul,212.000,ahO5G+QMJW9JXaZF,270.000,mFtsU2NLbV393iPp,304.000,jgBHfjfbNleko2Dt,308.000,RQhhLWQoTrRIOUIj,,,,,,
4,61,2026-04-03T09:50:11.522Z,314.000,9,202.000,7z+hv5WDnSUYTapr,219.000,ahO5G+QMJW9JXaZF,219.000,sRrp0ZiEenIEqwEV,220.000,8hVPVElPDyJLGNul,265.000,mFtsU2NLbV393iPp,304.000,jgBHfjfbNleko2Dt,314.000,RQhhLWQoTrRIOUIj,490.000,ZNeI4CIi8cYNeSIl,646.000,RAVUzYYMBq+gCXIY,,
4,62,2026-04-03T09:50:11.836Z,355.000,10,204.000,sRrp0ZiEenIEqwEV,208.000,7z+hv5WDnSUYTapr,294.000,mFtsU2NLbV393iPp,300.000,jgBHfjfbNleko2Dt,337.000,ahO5G+QMJW9JXaZF,339.000,RQhhLWQoTrRIOUIj,355.000,8hVPVElPDyJLGNul,512.000,RAVUzYYMBq+gCXIY,513.000,ZNeI4CIi8cYNeSIl,681.000,oDVDcsz2DDcqmuZv
4,63,2026-04-03T09:50:12.191Z,317.000,7,207.000,sRrp0ZiEenIEqwEV,249.000,7z+hv5WDnSUYTapr,251.000,ahO5G+QMJW9JXaZF,299.000,8hVPVElPDyJLGNul,308.000,mFtsU2NLbV393iPp,310.000,jgBHfjfbNleko2Dt,317.000,RQhhLWQoTrRIOUIj,,,,,,
4,64,2026-04-03T09:50:12.508Z,327.000,9,205.000,sRrp0ZiEenIEqwEV,208.000,8hVPVElPDyJLGNul,224.000,ahO5G+QMJW9JXaZF,243.000,7z+hv5WDnSUYTapr,308.000,RQhhLWQoTrRIOUIj,310.000,mFtsU2NLbV393iPp,327.000,jgBHfjfbNleko2Dt,449.000,ZNeI4CIi8cYNeSIl,719.000,oDVDcsz2DDcqmuZv,,
4,65,2026-04-03T09:50:12.835Z,305.000,8,202.000,8hVPVElPDyJLGNul,203.000,sRrp0ZiEenIEqwEV,206.000,7z+hv5WDnSUYTapr,243.000,ahO5G+QMJW9JXaZF,289.000,RQhhLWQoTrRIOUIj,297.000,mFtsU2NLbV393iPp,307.000,jgBHfjfbNleko2Dt,503.000,ZNeI4CIi8cYNeSIl,,,,
4,66,2026-04-03T09:50:13.140Z,455.000,9,211.000,sRrp0ZiEenIEqwEV,221.000,8hVPVElPDyJLGNul,252.000,ahO5G+QMJW9JXaZF,295.000,RQhhLWQoTrRIOUIj,305.000,7z+hv5WDnSUYTapr,316.000,jgBHfjfbNleko2Dt,455.000,mFtsU2NLbV393iPp,555.000,RAVUzYYMBq+gCXIY,556.000,oDVDcsz2DDcqmuZv,,
4,67,2026-04-03T09:50:13.595Z,307.000,8,203.000,sRrp0ZiEenIEqwEV,207.000,8hVPVElPDyJLGNul,212.000,7z+hv5WDnSUYTapr,215.000,ahO5G+QMJW9JXaZF,249.000,jgBHfjfbNleko2Dt,255.000,RQhhLWQoTrRIOUIj,307.000,mFtsU2NLbV393iPp,627.000,ZNeI4CIi8cYNeSIl,,,,
4,68,2026-04-03T09:50:13.902Z,290.000,9,184.000,ahO5G+QMJW9JXaZF,203.000,sRrp0ZiEenIEqwEV,206.000,8hVPVElPDyJLGNul,253.000,jgBHfjfbNleko2Dt,288.000,7z+hv5WDnSUYTapr,289.000,RQhhLWQoTrRIOUIj,307.000,mFtsU2NLbV393iPp,639.000,ZNeI4CIi8cYNeSIl,791.000,oDVDcsz2DDcqmuZv,,
4,69,2026-04-03T09:50:14.192Z,312.000,8,209.000,ahO5G+QMJW9JXaZF,211.000,7z+hv5WDnSUYTapr,220.000,sRrp0ZiEenIEqwEV,222.000,8hVPVElPDyJLGNul,310.000,RQhhLWQoTrRIOUIj,311.000,jgBHfjfbNleko2Dt,324.000,mFtsU2NLbV393iPp,524.000,ZNeI4CIi8cYNeSIl,,,,
4,70,2026-04-03T09:50:14.504Z,311.000,8,209.000,ahO5G+QMJW9JXaZF,216.000,sRrp0ZiEenIEqwEV,218.000,8hVPVElPDyJLGNul,272.000,7z+hv5WDnSUYTapr,306.000,RQhhLWQoTrRIOUIj,316.000,mFtsU2NLbV393iPp,312.000,jgBHfjfbNleko2Dt,538.000,oDVDcsz2DDcqmuZv,,,,
4,71,2026-04-03T09:50:14.815Z,322.000,8,220.000,ahO5G+QMJW9JXaZF,221.000,sRrp0ZiEenIEqwEV,249.000,8hVPVElPDyJLGNul,267.000,7z+hv5WDnSUYTapr,319.000,mFtsU2NLbV393iPp,321.000,jgBHfjfbNleko2Dt,322.000,RQhhLWQoTrRIOUIj,511.000,ZNeI4CIi8cYNeSIl,,,,
4,72,2026-04-03T09:50:15.137Z,319.000,9,250.000,sRrp0ZiEenIEqwEV,252.000,ahO5G+QMJW9JXaZF,253.000,8hVPVElPDyJLGNul,256.000,7z+hv5WDnSUYTapr,318.000,mFtsU2NLbV393iPp,318.000,jgBHfjfbNleko2Dt,319.000,RQhhLWQoTrRIOUIj,496.000,ZNeI4CIi8cYNeSIl,505.000,oDVDcsz2DDcqmuZv,,
4,73,2026-04-03T09:50:15.456Z,317.000,8,217.000,ahO5G+QMJW9JXaZF,219.000,sRrp0ZiEenIEqwEV,244.000,8hVPVElPDyJLGNul,246.000,7z+hv5WDnSUYTapr,290.000,mFtsU2NLbV393iPp,306.000,RQhhLWQoTrRIOUIj,320.000,jgBHfjfbNleko2Dt,638.000,RAVUzYYMBq+gCXIY,,,,
4,74,2026-04-03T09:50:15.773Z,320.000,10,202.000,ahO5G+QMJW9JXaZF,210.000,sRrp0ZiEenIEqwEV,235.000,7z+hv5WDnSUYTapr,265.000,8hVPVElPDyJLGNul,298.000,RQhhLWQoTrRIOUIj,315.000,jgBHfjfbNleko2Dt,320.000,mFtsU2NLbV393iPp,474.000,RAVUzYYMBq+gCXIY,501.000,oDVDcsz2DDcqmuZv,518.000,ZNeI4CIi8cYNeSIl
4,75,2026-04-03T09:50:16.093Z,340.000,8,207.000,ahO5G+QMJW9JXaZF,209.000,sRrp0ZiEenIEqwEV,234.000,7z+hv5WDnSUYTapr,258.000,8hVPVElPDyJLGNul,285.000,RQhhLWQoTrRIOUIj,303.000,jgBHfjfbNleko2Dt,340.000,mFtsU2NLbV393iPp,491.000,oDVDcsz2DDcqmuZv,,,,
4,76,2026-04-03T09:50:16.433Z,286.000,9,174.000,8hVPVElPDyJLGNul,199.000,sRrp0ZiEenIEqwEV,203.000,7z+hv5WDnSUYTapr,206.000,ahO5G+QMJW9JXaZF,273.000,jgBHfjfbNleko2Dt,285.000,RQhhLWQoTrRIOUIj,312.000,mFtsU2NLbV393iPp,505.000,oDVDcsz2DDcqmuZv,510.000,RAVUzYYMBq+gCXIY,,
4,77,2026-04-03T09:50:16.719Z,329.000,8,214.000,sRrp0ZiEenIEqwEV,223.000,7z+hv5WDnSUYTapr,228.000,ahO5G+QMJW9JXaZF,246.000,8hVPVElPDyJLGNul,297.000,jgBHfjfbNleko2Dt,307.000,RQhhLWQoTrRIOUIj,335.000,mFtsU2NLbV393iPp,568.000,ZNeI4CIi8cYNeSIl,,,,
4,78,2026-04-03T09:50:17.048Z,305.000,8,205.000,7z+hv5WDnSUYTapr,209.000,sRrp0ZiEenIEqwEV,227.000,ahO5G+QMJW9JXaZF,269.000,8hVPVElPDyJLGNul,271.000,jgBHfjfbNleko2Dt,290.000,RQhhLWQoTrRIOUIj,315.000,mFtsU2NLbV393iPp,501.000,RAVUzYYMBq+gCXIY,,,,
4,79,2026-04-03T09:50:17.353Z,393.000,8,206.000,7z+hv5WDnSUYTapr,216.000,sRrp0ZiEenIEqwEV,224.000,8hVPVElPDyJLGNul,227.000,ahO5G+QMJW9JXaZF,392.000,jgBHfjfbNleko2Dt,392.000,mFtsU2NLbV393iPp,395.000,RQhhLWQoTrRIOUIj,507.000,oDVDcsz2DDcqmuZv,,,,
4,80,2026-04-03T09:50:17.746Z,238.000,9,132.000,7z+hv5WDnSUYTapr,135.000,sRrp0ZiEenIEqwEV,139.000,8hVPVElPDyJLGNul,159.000,ahO5G+QMJW9JXaZF,232.000,jgBHfjfbNleko2Dt,235.000,mFtsU2NLbV393iPp,240.000,RQhhLWQoTrRIOUIj,426.000,RAVUzYYMBq+gCXIY,466.000,ZNeI4CIi8cYNeSIl,,
4,81,2026-04-03T09:50:17.984Z,311.000,7,206.000,7z+hv5WDnSUYTapr,207.000,sRrp0ZiEenIEqwEV,209.000,8hVPVElPDyJLGNul,212.000,ahO5G+QMJW9JXaZF,307.000,mFtsU2NLbV393iPp,310.000,jgBHfjfbNleko2Dt,312.000,RQhhLWQoTrRIOUIj,,,,,,
4,82,2026-04-03T09:50:18.295Z,312.000,9,204.000,7z+hv5WDnSUYTapr,206.000,ahO5G+QMJW9JXaZF,208.000,8hVPVElPDyJLGNul,209.000,sRrp0ZiEenIEqwEV,303.000,mFtsU2NLbV393iPp,311.000,RQhhLWQoTrRIOUIj,314.000,jgBHfjfbNleko2Dt,449.000,RAVUzYYMBq+gCXIY,451.000,oDVDcsz2DDcqmuZv,,
4,83,2026-04-03T09:50:18.607Z,304.000,10,198.000,7z+hv5WDnSUYTapr,202.000,ahO5G+QMJW9JXaZF,205.000,sRrp0ZiEenIEqwEV,216.000,8hVPVElPDyJLGNul,299.000,mFtsU2NLbV393iPp,305.000,RQhhLWQoTrRIOUIj,309.000,jgBHfjfbNleko2Dt,398.000,oDVDcsz2DDcqmuZv,431.000,RAVUzYYMBq+gCXIY,476.000,ZNeI4CIi8cYNeSIl
4,84,2026-04-03T09:50:18.911Z,306.000,9,203.000,7z+hv5WDnSUYTapr,206.000,ahO5G+QMJW9JXaZF,212.000,sRrp0ZiEenIEqwEV,216.000,8hVPVElPDyJLGNul,304.000,mFtsU2NLbV393iPp,316.000,jgBHfjfbNleko2Dt,308.000,RQhhLWQoTrRIOUIj,456.000,ZNeI4CIi8cYNeSIl,624.000,RAVUzYYMBq+gCXIY,,
4,85,2026-04-03T09:50:19.217Z,359.000,10,254.000,7z+hv5WDnSUYTapr,256.000,8hVPVElPDyJLGNul,257.000,sRrp0ZiEenIEqwEV,257.000,ahO5G+QMJW9JXaZF,303.000,mFtsU2NLbV393iPp,316.000,jgBHfjfbNleko2Dt,361.000,RQhhLWQoTrRIOUIj,460.000,oDVDcsz2DDcqmuZv,492.000,RAVUzYYMBq+gCXIY,646.000,ZNeI4CIi8cYNeSIl
4,86,2026-04-03T09:50:19.576Z,266.000,8,142.000,7z+hv5WDnSUYTapr,168.000,sRrp0ZiEenIEqwEV,206.000,8hVPVElPDyJLGNul,206.000,ahO5G+QMJW9JXaZF,251.000,mFtsU2NLbV393iPp,267.000,jgBHfjfbNleko2Dt,309.000,RQhhLWQoTrRIOUIj,452.000,RAVUzYYMBq+gCXIY,,,,
4,87,2026-04-03T09:50:19.842Z,350.000,9,245.000,7z+hv5WDnSUYTapr,247.000,sRrp0ZiEenIEqwEV,249.000,8hVPVElPDyJLGNul,252.000,ahO5G+QMJW9JXaZF,309.000,jgBHfjfbNleko2Dt,332.000,mFtsU2NLbV393iPp,350.000,RQhhLWQoTrRIOUIj,657.000,oDVDcsz2DDcqmuZv,794.000,ZNeI4CIi8cYNeSIl,,
4,88,2026-04-03T09:50:20.192Z,308.000,7,168.000,ahO5G+QMJW9JXaZF,206.000,7z+hv5WDnSUYTapr,208.000,8hVPVElPDyJLGNul,208.000,sRrp0ZiEenIEqwEV,263.000,jgBHfjfbNleko2Dt,291.000,mFtsU2NLbV393iPp,310.000,RQhhLWQoTrRIOUIj,,,,,,
4,89,2026-04-03T09:50:20.500Z,293.000,8,158.000,ahO5G+QMJW9JXaZF,201.000,sRrp0ZiEenIEqwEV,205.000,7z+hv5WDnSUYTapr,207.000,8hVPVElPDyJLGNul,291.000,mFtsU2NLbV393iPp,303.000,RQhhLWQoTrRIOUIj,294.000,jgBHfjfbNleko2Dt,480.000,RAVUzYYMBq+gCXIY,,,,
4,90,2026-04-03T09:50:20.793Z,322.000,7,201.000,ahO5G+QMJW9JXaZF,218.000,7z+hv5WDnSUYTapr,219.000,sRrp0ZiEenIEqwEV,297.000,8hVPVElPDyJLGNul,304.000,mFtsU2NLbV393iPp,310.000,jgBHfjfbNleko2Dt,323.000,RQhhLWQoTrRIOUIj,,,,,,
4,91,2026-04-03T09:50:21.115Z,341.000,8,203.000,7z+hv5WDnSUYTapr,204.000,sRrp0ZiEenIEqwEV,224.000,ahO5G+QMJW9JXaZF,236.000,8hVPVElPDyJLGNul,325.000,mFtsU2NLbV393iPp,332.000,RQhhLWQoTrRIOUIj,340.000,jgBHfjfbNleko2Dt,518.000,oDVDcsz2DDcqmuZv,,,,
4,92,2026-04-03T09:50:21.456Z,369.000,8,197.000,sRrp0ZiEenIEqwEV,205.000,8hVPVElPDyJLGNul,222.000,7z+hv5WDnSUYTapr,236.000,ahO5G+QMJW9JXaZF,367.000,jgBHfjfbNleko2Dt,368.000,mFtsU2NLbV393iPp,369.000,RQhhLWQoTrRIOUIj,635.000,oDVDcsz2DDcqmuZv,,,,
4,93,2026-04-03T09:50:21.825Z,255.000,8,144.000,8hVPVElPDyJLGNul,151.000,7z+hv5WDnSUYTapr,165.000,sRrp0ZiEenIEqwEV,173.000,ahO5G+QMJW9JXaZF,237.000,mFtsU2NLbV393iPp,238.000,RQhhLWQoTrRIOUIj,294.000,jgBHfjfbNleko2Dt,616.000,ZNeI4CIi8cYNeSIl,,,,
4,94,2026-04-03T09:50:22.080Z,401.000,10,205.000,7z+hv5WDnSUYTapr,226.000,ahO5G+QMJW9JXaZF,236.000,sRrp0ZiEenIEqwEV,275.000,8hVPVElPDyJLGNul,375.000,mFtsU2NLbV393iPp,379.000,RQhhLWQoTrRIOUIj,401.000,jgBHfjfbNleko2Dt,420.000,RAVUzYYMBq+gCXIY,514.000,oDVDcsz2DDcqmuZv,536.000,ZNeI4CIi8cYNeSIl
4,95,2026-04-03T09:50:22.481Z,289.000,7,186.000,8hVPVElPDyJLGNul,202.000,sRrp0ZiEenIEqwEV,204.000,7z+hv5WDnSUYTapr,206.000,ahO5G+QMJW9JXaZF,277.000,mFtsU2NLbV393iPp,286.000,RQhhLWQoTrRIOUIj,306.000,jgBHfjfbNleko2Dt,,,,,,
4,96,2026-04-03T09:50:22.770Z,379.000,7,204.000,8hVPVElPDyJLGNul,206.000,sRrp0ZiEenIEqwEV,224.000,ahO5G+QMJW9JXaZF,303.000,mFtsU2NLbV393iPp,313.000,RQhhLWQoTrRIOUIj,324.000,jgBHfjfbNleko2Dt,379.000,7z+hv5WDnSUYTapr,,,,,,
4,97,2026-04-03T09:50:23.149Z,317.000,10,108.000,sRrp0ZiEenIEqwEV,211.000,ahO5G+QMJW9JXaZF,213.000,7z+hv5WDnSUYTapr,215.000,8hVPVElPDyJLGNul,314.000,mFtsU2NLbV393iPp,316.000,jgBHfjfbNleko2Dt,317.000,RQhhLWQoTrRIOUIj,456.000,oDVDcsz2DDcqmuZv,458.000,RAVUzYYMBq+gCXIY,671.000,ZNeI4CIi8cYNeSIl
4,98,2026-04-03T09:50:23.466Z,377.000,10,203.000,sRrp0ZiEenIEqwEV,207.000,7z+hv5WDnSUYTapr,209.000,8hVPVElPDyJLGNul,212.000,ahO5G+QMJW9JXaZF,306.000,jgBHfjfbNleko2Dt,308.000,RQhhLWQoTrRIOUIj,377.000,mFtsU2NLbV393iPp,455.000,RAVUzYYMBq+gCXIY,458.000,ZNeI4CIi8cYNeSIl,618.000,oDVDcsz2DDcqmuZv
4,99,2026-04-03T09:50:23.843Z,304.000,9,202.000,8hVPVElPDyJLGNul,207.000,ahO5G+QMJW9JXaZF,208.000,sRrp0ZiEenIEqwEV,209.000,7z+hv5WDnSUYTapr,237.000,jgBHfjfbNleko2Dt,246.000,RQhhLWQoTrRIOUIj,308.000,mFtsU2NLbV393iPp,391.000,ZNeI4CIi8cYNeSIl,566.000,oDVDcsz2DDcqmuZv,,
4,100,2026-04-03T09:50:24.147Z,306.000,8,205.000,8hVPVElPDyJLGNul,210.000,sRrp0ZiEenIEqwEV,215.000,7z+hv5WDnSUYTapr,216.000,ahO5G+QMJW9JXaZF,255.000,RQhhLWQoTrRIOUIj,257.000,jgBHfjfbNleko2Dt,313.000,mFtsU2NLbV393iPp,414.000,RAVUzYYMBq+gCXIY,,,,
4,101,2026-04-03T09:50:24.453Z,305.000,8,204.000,8hVPVElPDyJLGNul,214.000,7z+hv5WDnSUYTapr,215.000,sRrp0ZiEenIEqwEV,220.000,ahO5G+QMJW9JXaZF,259.000,RQhhLWQoTrRIOUIj,261.000,jgBHfjfbNleko2Dt,319.000,mFtsU2NLbV393iPp,387.000,ZNeI4CIi8cYNeSIl,,,,
4,102,2026-04-03T09:50:24.758Z,311.000,7,205.000,8hVPVElPDyJLGNul,216.000,sRrp0ZiEenIEqwEV,222.000,7z+hv5WDnSUYTapr,223.000,ahO5G+QMJW9JXaZF,260.000,jgBHfjfbNleko2Dt,263.000,RQhhLWQoTrRIOUIj,317.000,mFtsU2NLbV393iPp,,,,,,
4,103,2026-04-03T09:50:25.069Z,309.000,9,204.000,8hVPVElPDyJLGNul,214.000,sRrp0ZiEenIEqwEV,216.000,7z+hv5WDnSUYTapr,218.000,ahO5G+QMJW9JXaZF,263.000,RQhhLWQoTrRIOUIj,264.000,jgBHfjfbNleko2Dt,317.000,mFtsU2NLbV393iPp,415.000,RAVUzYYMBq+gCXIY,751.000,oDVDcsz2DDcqmuZv,,
4,104,2026-04-03T09:50:25.378Z,319.000,10,201.000,8hVPVElPDyJLGNul,212.000,sRrp0ZiEenIEqwEV,217.000,ahO5G+QMJW9JXaZF,262.000,jgBHfjfbNleko2Dt,266.000,RQhhLWQoTrRIOUIj,315.000,mFtsU2NLbV393iPp,318.000,7z+hv5WDnSUYTapr,414.000,ZNeI4CIi8cYNeSIl,419.000,RAVUzYYMBq+gCXIY,420.000,oDVDcsz2DDcqmuZv
4,105,2026-04-03T09:50:25.697Z,311.000,10,207.000,ahO5G+QMJW9JXaZF,207.000,sRrp0ZiEenIEqwEV,208.000,7z+hv5WDnSUYTapr,247.000,8hVPVElPDyJLGNul,308.000,RQhhLWQoTrRIOUIj,309.000,mFtsU2NLbV393iPp,312.000,jgBHfjfbNleko2Dt,458.000,ZNeI4CIi8cYNeSIl,460.000,oDVDcsz2DDcqmuZv,479.000,RAVUzYYMBq+gCXIY
4,106,2026-04-03T09:50:26.008Z,310.000,9,205.000,ahO5G+QMJW9JXaZF,207.000,sRrp0ZiEenIEqwEV,211.000,7z+hv5WDnSUYTapr,286.000,8hVPVElPDyJLGNul,308.000,RQhhLWQoTrRIOUIj,310.000,mFtsU2NLbV393iPp,312.000,jgBHfjfbNleko2Dt,511.000,RAVUzYYMBq+gCXIY,524.000,ZNeI4CIi8cYNeSIl,,
4,107,2026-04-03T09:50:26.318Z,310.000,8,207.000,ahO5G+QMJW9JXaZF,207.000,sRrp0ZiEenIEqwEV,209.000,7z+hv5WDnSUYTapr,287.000,8hVPVElPDyJLGNul,306.000,RQhhLWQoTrRIOUIj,306.000,jgBHfjfbNleko2Dt,310.000,mFtsU2NLbV393iPp,542.000,oDVDcsz2DDcqmuZv,,,,
4,108,2026-04-03T09:50:26.628Z,341.000,8,203.000,ahO5G+QMJW9JXaZF,208.000,sRrp0ZiEenIEqwEV,214.000,7z+hv5WDnSUYTapr,284.000,8hVPVElPDyJLGNul,308.000,mFtsU2NLbV393iPp,311.000,jgBHfjfbNleko2Dt,341.000,RQhhLWQoTrRIOUIj,514.000,ZNeI4CIi8cYNeSIl,,,,
4,109,2026-04-03T09:50:26.969Z,311.000,8,200.000,sRrp0ZiEenIEqwEV,204.000,ahO5G+QMJW9JXaZF,208.000,8hVPVElPDyJLGNul,211.000,7z+hv5WDnSUYTapr,270.000,mFtsU2NLbV393iPp,274.000,jgBHfjfbNleko2Dt,310.000,RQhhLWQoTrRIOUIj,654.000,oDVDcsz2DDcqmuZv,,,,
4,110,2026-04-03T09:50:27.280Z,303.000,9,199.000,8hVPVElPDyJLGNul,205.000,sRrp0ZiEenIEqwEV,207.000,7z+hv5WDnSUYTapr,213.000,ahO5G+QMJW9JXaZF,269.000,mFtsU2NLbV393iPp,275.000,jgBHfjfbNleko2Dt,308.000,RQhhLWQoTrRIOUIj,387.000,RAVUzYYMBq+gCXIY,493.000,ZNeI4CIi8cYNeSIl,,
4,111,2026-04-03T09:50:27.583Z,317.000,8,201.000,7z+hv5WDnSUYTapr,202.000,8hVPVElPDyJLGNul,212.000,sRrp0ZiEenIEqwEV,215.000,ahO5G+QMJW9JXaZF,288.000,mFtsU2NLbV393iPp,314.000,RQhhLWQoTrRIOUIj,318.000,jgBHfjfbNleko2Dt,626.000,ZNeI4CIi8cYNeSIl,,,,
4,112,2026-04-03T09:50:27.900Z,311.000,8,201.000,7z+hv5WDnSUYTapr,207.000,ahO5G+QMJW9JXaZF,207.000,sRrp0ZiEenIEqwEV,209.000,8hVPVElPDyJLGNul,285.000,mFtsU2NLbV393iPp,306.000,RQhhLWQoTrRIOUIj,311.000,jgBHfjfbNleko2Dt,623.000,oDVDcsz2DDcqmuZv,,,,
4,113,2026-04-03T09:50:28.211Z,302.000,10,199.000,sRrp0ZiEenIEqwEV,206.000,8hVPVElPDyJLGNul,207.000,7z+hv5WDnSUYTapr,214.000,ahO5G+QMJW9JXaZF,263.000,jgBHfjfbNleko2Dt,285.000,mFtsU2NLbV393iPp,302.000,RQhhLWQoTrRIOUIj,357.000,ZNeI4CIi8cYNeSIl,462.000,RAVUzYYMBq+gCXIY,628.000,oDVDcsz2DDcqmuZv
4,114,2026-04-03T09:50:28.513Z,327.000,10,213.000,7z+hv5WDnSUYTapr,215.000,8hVPVElPDyJLGNul,216.000,sRrp0ZiEenIEqwEV,233.000,ahO5G+QMJW9JXaZF,324.000,RQhhLWQoTrRIOUIj,324.000,jgBHfjfbNleko2Dt,327.000,mFtsU2NLbV393iPp,466.000,RAVUzYYMBq+gCXIY,469.000,oDVDcsz2DDcqmuZv,471.000,ZNeI4CIi8cYNeSIl
4,115,2026-04-03T09:50:28.840Z,296.000,8,188.000,8hVPVElPDyJLGNul,191.000,7z+hv5WDnSUYTapr,201.000,sRrp0ZiEenIEqwEV,219.000,ahO5G+QMJW9JXaZF,290.000,RQhhLWQoTrRIOUIj,293.000,jgBHfjfbNleko2Dt,306.000,mFtsU2NLbV393iPp,614.000,oDVDcsz2DDcqmuZv,,,,
4,116,2026-04-03T09:50:29.136Z,353.000,9,205.000,7z+hv5WDnSUYTapr,212.000,8hVPVElPDyJLGNul,215.000,sRrp0ZiEenIEqwEV,234.000,ahO5G+QMJW9JXaZF,306.000,jgBHfjfbNleko2Dt,318.000,mFtsU2NLbV393iPp,355.000,RQhhLWQoTrRIOUIj,467.000,RAVUzYYMBq+gCXIY,502.000,ZNeI4CIi8cYNeSIl,,
4,117,2026-04-03T09:50:29.489Z,308.000,8,204.000,sRrp0ZiEenIEqwEV,206.000,8hVPVElPDyJLGNul,209.000,7z+hv5WDnSUYTapr,213.000,ahO5G+QMJW9JXaZF,262.000,jgBHfjfbNleko2Dt,272.000,mFtsU2NLbV393iPp,308.000,RQhhLWQoTrRIOUIj,599.000,oDVDcsz2DDcqmuZv,,,,
4,118,2026-04-03T09:50:29.797Z,306.000,10,202.000,7z+hv5WDnSUYTapr,204.000,8hVPVElPDyJLGNul,206.000,ahO5G+QMJW9JXaZF,208.000,sRrp0ZiEenIEqwEV,284.000,mFtsU2NLbV393iPp,303.000,jgBHfjfbNleko2Dt,309.000,RQhhLWQoTrRIOUIj,453.000,ZNeI4CIi8cYNeSIl,464.000,oDVDcsz2DDcqmuZv,471.000,RAVUzYYMBq+gCXIY
4,119,2026-04-03T09:50:30.103Z,312.000,8,208.000,8hVPVElPDyJLGNul,210.000,7z+hv5WDnSUYTapr,211.000,sRrp0ZiEenIEqwEV,212.000,ahO5G+QMJW9JXaZF,273.000,mFtsU2NLbV393iPp,311.000,jgBHfjfbNleko2Dt,315.000,RQhhLWQoTrRIOUIj,726.000,ZNeI4CIi8cYNeSIl,,,,
4,120,2026-04-03T09:50:30.415Z,309.000,7,204.000,8hVPVElPDyJLGNul,206.000,sRrp0ZiEenIEqwEV,208.000,ahO5G+QMJW9JXaZF,208.000,7z+hv5WDnSUYTapr,272.000,mFtsU2NLbV393iPp,306.000,jgBHfjfbNleko2Dt,309.000,RQhhLWQoTrRIOUIj,,,,,,
4,121,2026-04-03T09:50:30.724Z,308.000,8,204.000,sRrp0ZiEenIEqwEV,209.000,8hVPVElPDyJLGNul,210.000,ahO5G+QMJW9JXaZF,217.000,7z+hv5WDnSUYTapr,299.000,mFtsU2NLbV393iPp,304.000,jgBHfjfbNleko2Dt,307.000,RQhhLWQoTrRIOUIj,451.000,RAVUzYYMBq+gCXIY,,,,
4,122,2026-04-03T09:50:31.032Z,309.000,8,208.000,sRrp0ZiEenIEqwEV,208.000,ahO5G+QMJW9JXaZF,211.000,8hVPVElPDyJLGNul,214.000,7z+hv5WDnSUYTapr,301.000,jgBHfjfbNleko2Dt,308.000,RQhhLWQoTrRIOUIj,309.000,mFtsU2NLbV393iPp,663.000,ZNeI4CIi8cYNeSIl,,,,
4,123,2026-04-03T09:50:31.341Z,305.000,7,203.000,sRrp0ZiEenIEqwEV,207.000,ahO5G+QMJW9JXaZF,210.000,8hVPVElPDyJLGNul,214.000,7z+hv5WDnSUYTapr,301.000,mFtsU2NLbV393iPp,303.000,jgBHfjfbNleko2Dt,305.000,RQhhLWQoTrRIOUIj,,,,,,
4,124,2026-04-03T09:50:31.646Z,308.000,9,204.000,sRrp0ZiEenIEqwEV,212.000,ahO5G+QMJW9JXaZF,215.000,8hVPVElPDyJLGNul,218.000,7z+hv5WDnSUYTapr,303.000,RQhhLWQoTrRIOUIj,305.000,mFtsU2NLbV393iPp,308.000,jgBHfjfbNleko2Dt,448.000,oDVDcsz2DDcqmuZv,509.000,RAVUzYYMBq+gCXIY,,
4,125,2026-04-03T09:50:31.954Z,309.000,9,205.000,sRrp0ZiEenIEqwEV,214.000,ahO5G+QMJW9JXaZF,218.000,8hVPVElPDyJLGNul,280.000,7z+hv5WDnSUYTapr,300.000,RQhhLWQoTrRIOUIj,308.000,mFtsU2NLbV393iPp,309.000,jgBHfjfbNleko2Dt,475.000,RAVUzYYMBq+gCXIY,596.000,ZNeI4CIi8cYNeSIl,,
4,126,2026-04-03T09:50:32.263Z,314.000,8,203.000,sRrp0ZiEenIEqwEV,212.000,ahO5G+QMJW9JXaZF,219.000,8hVPVElPDyJLGNul,222.000,7z+hv5WDnSUYTapr,307.000,mFtsU2NLbV393iPp,308.000,jgBHfjfbNleko2Dt,314.000,RQhhLWQoTrRIOUIj,658.000,oDVDcsz2DDcqmuZv,,,,
4,127,2026-04-03T09:50:32.577Z,313.000,8,208.000,7z+hv5WDnSUYTapr,211.000,ahO5G+QMJW9JXaZF,212.000,sRrp0ZiEenIEqwEV,215.000,8hVPVElPDyJLGNul,301.000,mFtsU2NLbV393iPp,304.000,jgBHfjfbNleko2Dt,314.000,RQhhLWQoTrRIOUIj,636.000,oDVDcsz2DDcqmuZv,,,,
4,128,2026-04-03T09:50:32.890Z,519.000,10,206.000,sRrp0ZiEenIEqwEV,329.000,8hVPVElPDyJLGNul,356.000,7z+hv5WDnSUYTapr,374.000,ahO5G+QMJW9JXaZF,463.000,jgBHfjfbNleko2Dt,486.000,mFtsU2NLbV393iPp,519.000,RQhhLWQoTrRIOUIj,534.000,ZNeI4CIi8cYNeSIl,559.000,oDVDcsz2DDcqmuZv,570.000,RAVUzYYMBq+gCXIY
4,129,2026-04-03T09:50:33.409Z,277.000,9,167.000,ahO5G+QMJW9JXaZF,170.000,sRrp0ZiEenIEqwEV,204.000,8hVPVElPDyJLGNul,207.000,7z+hv5WDnSUYTapr,272.000,mFtsU2NLbV393iPp,275.000,jgBHfjfbNleko2Dt,306.000,RQhhLWQoTrRIOUIj,365.000,ZNeI4CIi8cYNeSIl,423.000,RAVUzYYMBq+gCXIY,,
4,130,2026-04-03T09:50:33.686Z,444.000,9,202.000,ahO5G+QMJW9JXaZF,231.000,sRrp0ZiEenIEqwEV,235.000,8hVPVElPDyJLGNul,255.000,7z+hv5WDnSUYTapr,308.000,jgBHfjfbNleko2Dt,387.000,mFtsU2NLbV393iPp,444.000,RQhhLWQoTrRIOUIj,540.000,oDVDcsz2DDcqmuZv,703.000,RAVUzYYMBq+gCXIY,,
4,131,2026-04-03T09:50:34.130Z,305.000,9,203.000,sRrp0ZiEenIEqwEV,205.000,7z+hv5WDnSUYTapr,207.000,8hVPVElPDyJLGNul,208.000,ahO5G+QMJW9JXaZF,251.000,jgBHfjfbNleko2Dt,253.000,mFtsU2NLbV393iPp,307.000,RQhhLWQoTrRIOUIj,412.000,ZNeI4CIi8cYNeSIl,417.000,RAVUzYYMBq+gCXIY,,
4,132,2026-04-03T09:50:34.435Z,307.000,8,204.000,8hVPVElPDyJLGNul,206.000,sRrp0ZiEenIEqwEV,214.000,7z+hv5WDnSUYTapr,219.000,ahO5G+QMJW9JXaZF,259.000,mFtsU2NLbV393iPp,264.000,jgBHfjfbNleko2Dt,312.000,RQhhLWQoTrRIOUIj,650.000,RAVUzYYMBq+gCXIY,,,,
4,133,2026-04-03T09:50:34.742Z,306.000,9,204.000,8hVPVElPDyJLGNul,208.000,sRrp0ZiEenIEqwEV,213.000,7z+hv5WDnSUYTapr,215.000,ahO5G+QMJW9JXaZF,291.000,mFtsU2NLbV393iPp,304.000,jgBHfjfbNleko2Dt,311.000,RQhhLWQoTrRIOUIj,462.000,ZNeI4CIi8cYNeSIl,657.000,oDVDcsz2DDcqmuZv,,
4,134,2026-04-03T09:50:35.048Z,307.000,8,206.000,8hVPVElPDyJLGNul,213.000,sRrp0ZiEenIEqwEV,219.000,ahO5G+QMJW9JXaZF,221.000,7z+hv5WDnSUYTapr,297.000,mFtsU2NLbV393iPp,309.000,RQhhLWQoTrRIOUIj,315.000,jgBHfjfbNleko2Dt,785.000,oDVDcsz2DDcqmuZv,,,,
4,135,2026-04-03T09:50:35.355Z,313.000,8,205.000,8hVPVElPDyJLGNul,208.000,sRrp0ZiEenIEqwEV,214.000,7z+hv5WDnSUYTapr,220.000,ahO5G+QMJW9JXaZF,286.000,jgBHfjfbNleko2Dt,291.000,mFtsU2NLbV393iPp,313.000,RQhhLWQoTrRIOUIj,511.000,RAVUzYYMBq+gCXIY,,,,
4,136,2026-04-03T09:50:35.668Z,470.000,10,204.000,sRrp0ZiEenIEqwEV,352.000,7z+hv5WDnSUYTapr,353.000,8hVPVElPDyJLGNul,374.000,ahO5G+QMJW9JXaZF,418.000,RQhhLWQoTrRIOUIj,469.000,mFtsU2NLbV393iPp,470.000,jgBHfjfbNleko2Dt,531.000,ZNeI4CIi8cYNeSIl,556.000,oDVDcsz2DDcqmuZv,565.000,RAVUzYYMBq+gCXIY
4,137,2026-04-03T09:50:36.138Z,305.000,8,205.000,8hVPVElPDyJLGNul,208.000,sRrp0ZiEenIEqwEV,209.000,7z+hv5WDnSUYTapr,212.000,ahO5G+QMJW9JXaZF,254.000,RQhhLWQoTrRIOUIj,305.000,jgBHfjfbNleko2Dt,312.000,mFtsU2NLbV393iPp,697.000,ZNeI4CIi8cYNeSIl,,,,
4,138,2026-04-03T09:50:36.443Z,434.000,10,203.000,8hVPVElPDyJLGNul,207.000,sRrp0ZiEenIEqwEV,210.000,ahO5G+QMJW9JXaZF,211.000,7z+hv5WDnSUYTapr,255.000,mFtsU2NLbV393iPp,431.000,RAVUzYYMBq+gCXIY,434.000,oDVDcsz2DDcqmuZv,475.000,jgBHfjfbNleko2Dt,501.000,RQhhLWQoTrRIOUIj,595.000,ZNeI4CIi8cYNeSIl
4,139,2026-04-03T09:50:36.877Z,372.000,10,167.000,sRrp0ZiEenIEqwEV,238.000,8hVPVElPDyJLGNul,238.000,ahO5G+QMJW9JXaZF,239.000,7z+hv5WDnSUYTapr,357.000,RAVUzYYMBq+gCXIY,457.000,oDVDcsz2DDcqmuZv,373.000,mFtsU2NLbV393iPp,375.000,jgBHfjfbNleko2Dt,376.000,RQhhLWQoTrRIOUIj,395.000,ZNeI4CIi8cYNeSIl
4,140,2026-04-03T09:50:37.249Z,436.000,10,239.000,sRrp0ZiEenIEqwEV,283.000,7z+hv5WDnSUYTapr,291.000,8hVPVElPDyJLGNul,340.000,ahO5G+QMJW9JXaZF,355.000,mFtsU2NLbV393iPp,378.000,jgBHfjfbNleko2Dt,436.000,oDVDcsz2DDcqmuZv,485.000,RAVUzYYMBq+gCXIY,488.000,ZNeI4CIi8cYNeSIl,508.000,RQhhLWQoTrRIOUIj
4,141,2026-04-03T09:50:37.685Z,509.000,10,180.000,sRrp0ZiEenIEqwEV,313.000,7z+hv5WDnSUYTapr,359.000,8hVPVElPDyJLGNul,375.000,ahO5G+QMJW9JXaZF,386.000,RQhhLWQoTrRIOUIj,406.000,mFtsU2NLbV393iPp,511.000,ZNeI4CIi8cYNeSIl,533.000,oDVDcsz2DDcqmuZv,569.000,RAVUzYYMBq+gCXIY,605.000,jgBHfjfbNleko2Dt
4,142,2026-04-03T09:50:38.194Z,434.000,10,202.000,ahO5G+QMJW9JXaZF,203.000,8hVPVElPDyJLGNul,204.000,sRrp0ZiEenIEqwEV,295.000,7z+hv5WDnSUYTapr,310.000,mFtsU2NLbV393iPp,406.000,RAVUzYYMBq+gCXIY,434.000,RQhhLWQoTrRIOUIj,457.000,jgBHfjfbNleko2Dt,469.000,ZNeI4CIi8cYNeSIl,640.000,oDVDcsz2DDcqmuZv
4,143,2026-04-03T09:50:38.628Z,413.000,10,203.000,sRrp0ZiEenIEqwEV,205.000,8hVPVElPDyJLGNul,226.000,ahO5G+QMJW9JXaZF,234.000,7z+hv5WDnSUYTapr,386.000,ZNeI4CIi8cYNeSIl,390.000,mFtsU2NLbV393iPp,414.000,jgBHfjfbNleko2Dt,415.000,RQhhLWQoTrRIOUIj,467.000,oDVDcsz2DDcqmuZv,512.000,RAVUzYYMBq+gCXIY
4,144,2026-04-03T09:50:39.041Z,317.000,9,213.000,jgBHfjfbNleko2Dt,214.000,7z+hv5WDnSUYTapr,277.000,sRrp0ZiEenIEqwEV,278.000,ahO5G+QMJW9JXaZF,309.000,mFtsU2NLbV393iPp,312.000,RQhhLWQoTrRIOUIj,317.000,8hVPVElPDyJLGNul,433.000,ZNeI4CIi8cYNeSIl,802.000,oDVDcsz2DDcqmuZv,,
4,145,2026-04-03T09:50:39.358Z,578.000,9,205.000,8hVPVElPDyJLGNul,209.000,sRrp0ZiEenIEqwEV,340.000,7z+hv5WDnSUYTapr,462.000,ahO5G+QMJW9JXaZF,510.000,RAVUzYYMBq+gCXIY,578.000,jgBHfjfbNleko2Dt,588.000,oDVDcsz2DDcqmuZv,588.000,ZNeI4CIi8cYNeSIl,814.000,mFtsU2NLbV393iPp,,
4,146,2026-04-03T09:50:39.936Z,434.000,10,235.000,sRrp0ZiEenIEqwEV,276.000,7z+hv5WDnSUYTapr,315.000,ahO5G+QMJW9JXaZF,327.000,8hVPVElPDyJLGNul,390.000,RAVUzYYMBq+gCXIY,394.000,jgBHfjfbNleko2Dt,510.000,oDVDcsz2DDcqmuZv,438.000,mFtsU2NLbV393iPp,462.000,RQhhLWQoTrRIOUIj,497.000,ZNeI4CIi8cYNeSIl
4,147,2026-04-03T09:50:40.370Z,454.000,9,216.000,sRrp0ZiEenIEqwEV,307.000,7z+hv5WDnSUYTapr,309.000,8hVPVElPDyJLGNul,311.000,mFtsU2NLbV393iPp,338.000,ahO5G+QMJW9JXaZF,432.000,ZNeI4CIi8cYNeSIl,454.000,oDVDcsz2DDcqmuZv,502.000,jgBHfjfbNleko2Dt,734.000,RQhhLWQoTrRIOUIj,,
4,148,2026-04-03T09:50:40.824Z,478.000,10,255.000,sRrp0ZiEenIEqwEV,314.000,8hVPVElPDyJLGNul,327.000,7z+hv5WDnSUYTapr,365.000,ahO5G+QMJW9JXaZF,404.000,RAVUzYYMBq+gCXIY,462.000,ZNeI4CIi8cYNeSIl,500.000,oDVDcsz2DDcqmuZv,500.000,jgBHfjfbNleko2Dt,540.000,mFtsU2NLbV393iPp,553.000,RQhhLWQoTrRIOUIj
4,149,2026-04-03T09:50:41.302Z,479.000,9,234.000,sRrp0ZiEenIEqwEV,306.000,7z+hv5WDnSUYTapr,325.000,ahO5G+QMJW9JXaZF,329.000,8hVPVElPDyJLGNul,431.000,RAVUzYYMBq+gCXIY,448.000,ZNeI4CIi8cYNeSIl,481.000,oDVDcsz2DDcqmuZv,484.000,jgBHfjfbNleko2Dt,542.000,mFtsU2NLbV393iPp,,
4,150,2026-04-03T09:50:41.781Z,474.000,9,305.000,sRrp0ZiEenIEqwEV,327.000,ahO5G+QMJW9JXaZF,333.000,7z+hv5WDnSUYTapr,423.000,8hVPVElPDyJLGNul,444.000,ZNeI4CIi8cYNeSIl,472.000,jgBHfjfbNleko2Dt,474.000,RAVUzYYMBq+gCXIY,483.000,oDVDcsz2DDcqmuZv,515.000,mFtsU2NLbV393iPp,,
4,151,2026-04-03T09:50:42.255Z,482.000,10,248.000,sRrp0ZiEenIEqwEV,282.000,7z+hv5WDnSUYTapr,303.000,8hVPVElPDyJLGNul,346.000,ahO5G+QMJW9JXaZF,471.000,RAVUzYYMBq+gCXIY,476.000,ZNeI4CIi8cYNeSIl,482.000,jgBHfjfbNleko2Dt,506.000,oDVDcsz2DDcqmuZv,528.000,mFtsU2NLbV393iPp,536.000,RQhhLWQoTrRIOUIj
4,152,2026-04-03T09:50:42.737Z,470.000,10,204.000,sRrp0ZiEenIEqwEV,262.000,RQhhLWQoTrRIOUIj,294.000,ahO5G+QMJW9JXaZF,305.000,7z+hv5WDnSUYTapr,310.000,8hVPVElPDyJLGNul,468.000,jgBHfjfbNleko2Dt,501.000,oDVDcsz2DDcqmuZv,491.000,RAVUzYYMBq+gCXIY,519.000,mFtsU2NLbV393iPp,522.000,ZNeI4CIi8cYNeSIl
4,153,2026-04-03T09:50:43.207Z,458.000,9,209.000,sRrp0ZiEenIEqwEV,252.000,7z+hv5WDnSUYTapr,260.000,ahO5G+QMJW9JXaZF,297.000,8hVPVElPDyJLGNul,422.000,ZNeI4CIi8cYNeSIl,453.000,RAVUzYYMBq+gCXIY,489.000,oDVDcsz2DDcqmuZv,520.000,mFtsU2NLbV393iPp,631.000,RQhhLWQoTrRIOUIj,,
4,154,2026-04-03T09:50:43.665Z,471.000,9,280.000,RQhhLWQoTrRIOUIj,291.000,sRrp0ZiEenIEqwEV,312.000,7z+hv5WDnSUYTapr,318.000,ahO5G+QMJW9JXaZF,404.000,8hVPVElPDyJLGNul,455.000,RAVUzYYMBq+gCXIY,471.000,ZNeI4CIi8cYNeSIl,479.000,oDVDcsz2DDcqmuZv,511.000,mFtsU2NLbV393iPp,,
4,155,2026-04-03T09:50:44.136Z,535.000,9,162.000,sRrp0ZiEenIEqwEV,321.000,ahO5G+QMJW9JXaZF,326.000,8hVPVElPDyJLGNul,355.000,7z+hv5WDnSUYTapr,486.000,RAVUzYYMBq+gCXIY,521.000,mFtsU2NLbV393iPp,535.000,oDVDcsz2DDcqmuZv,537.000,ZNeI4CIi8cYNeSIl,541.000,RQhhLWQoTrRIOUIj,,
4,156,2026-04-03T09:50:44.671Z,458.000,9,211.000,RQhhLWQoTrRIOUIj,305.000,sRrp0ZiEenIEqwEV,319.000,7z+hv5WDnSUYTapr,356.000,8hVPVElPDyJLGNul,426.000,ahO5G+QMJW9JXaZF,522.000,RAVUzYYMBq+gCXIY,505.000,ZNeI4CIi8cYNeSIl,460.000,oDVDcsz2DDcqmuZv,566.000,jgBHfjfbNleko2Dt,,
4,157,2026-04-03T09:50:45.129Z,565.000,8,198.000,sRrp0ZiEenIEqwEV,355.000,7z+hv5WDnSUYTapr,357.000,ahO5G+QMJW9JXaZF,489.000,RAVUzYYMBq+gCXIY,496.000,RQhhLWQoTrRIOUIj,506.000,8hVPVElPDyJLGNul,565.000,oDVDcsz2DDcqmuZv,571.000,ZNeI4CIi8cYNeSIl,,,,
4,158,2026-04-03T09:50:45.694Z,488.000,9,309.000,sRrp0ZiEenIEqwEV,311.000,ahO5G+QMJW9JXaZF,318.000,7z+hv5WDnSUYTapr,349.000,8hVPVElPDyJLGNul,396.000,RAVUzYYMBq+gCXIY,480.000,ZNeI4CIi8cYNeSIl,490.000,oDVDcsz2DDcqmuZv,562.000,mFtsU2NLbV393iPp,574.000,RQhhLWQoTrRIOUIj,,
4,159,2026-04-03T09:50:46.182Z,502.000,9,301.000,sRrp0ZiEenIEqwEV,370.000,ahO5G+QMJW9JXaZF,439.000,8hVPVElPDyJLGNul,448.000,jgBHfjfbNleko2Dt,462.000,7z+hv5WDnSUYTapr,465.000,RAVUzYYMBq+gCXIY,502.000,oDVDcsz2DDcqmuZv,560.000,RQhhLWQoTrRIOUIj,596.000,ZNeI4CIi8cYNeSIl,,
4,160,2026-04-03T09:50:46.684Z,573.000,9,266.000,7z+hv5WDnSUYTapr,299.000,sRrp0ZiEenIEqwEV,311.000,ahO5G+QMJW9JXaZF,418.000,8hVPVElPDyJLGNul,453.000,RAVUzYYMBq+gCXIY,570.000,ZNeI4CIi8cYNeSIl,575.000,oDVDcsz2DDcqmuZv,589.000,RQhhLWQoTrRIOUIj,617.000,mFtsU2NLbV393iPp,,
4,161,2026-04-03T09:50:47.257Z,494.000,8,219.000,sRrp0ZiEenIEqwEV,423.000,RAVUzYYMBq+gCXIY,468.000,oDVDcsz2DDcqmuZv,470.000,ZNeI4CIi8cYNeSIl,484.000,RQhhLWQoTrRIOUIj,490.000,8hVPVElPDyJLGNul,494.000,ahO5G+QMJW9JXaZF,608.000,mFtsU2NLbV393iPp,,,,
4,162,2026-04-03T09:50:47.751Z,688.000,10,173.000,7z+hv5WDnSUYTapr,310.000,RQhhLWQoTrRIOUIj,311.000,sRrp0ZiEenIEqwEV,331.000,ahO5G+QMJW9JXaZF,514.000,RAVUzYYMBq+gCXIY,659.000,ZNeI4CIi8cYNeSIl,688.000,jgBHfjfbNleko2Dt,690.000,8hVPVElPDyJLGNul,697.000,mFtsU2NLbV393iPp,698.000,oDVDcsz2DDcqmuZv
4,163,2026-04-03T09:50:48.439Z,631.000,9,161.000,sRrp0ZiEenIEqwEV,280.000,7z+hv5WDnSUYTapr,344.000,8hVPVElPDyJLGNul,455.000,RAVUzYYMBq+gCXIY,529.000,mFtsU2NLbV393iPp,529.000,ahO5G+QMJW9JXaZF,631.000,RQhhLWQoTrRIOUIj,666.000,oDVDcsz2DDcqmuZv,670.000,ZNeI4CIi8cYNeSIl,,
4,164,2026-04-03T09:50:49.070Z,954.000,8,209.000,RQhhLWQoTrRIOUIj,347.000,sRrp0ZiEenIEqwEV,513.000,ZNeI4CIi8cYNeSIl,530.000,RAVUzYYMBq+gCXIY,671.000,oDVDcsz2DDcqmuZv,903.000,ahO5G+QMJW9JXaZF,954.000,8hVPVElPDyJLGNul,984.000,mFtsU2NLbV393iPp,,,,
4,165,2026-04-03T09:50:50.024Z,838.000,7,310.000,ahO5G+QMJW9JXaZF,491.000,RQhhLWQoTrRIOUIj,651.000,ZNeI4CIi8cYNeSIl,709.000,oDVDcsz2DDcqmuZv,785.000,RAVUzYYMBq+gCXIY,837.000,sRrp0ZiEenIEqwEV,838.000,7z+hv5WDnSUYTapr,,,,,,
4,166,2026-04-03T09:50:50.862Z,899.000,7,211.000,sRrp0ZiEenIEqwEV,494.000,RQhhLWQoTrRIOUIj,666.000,ZNeI4CIi8cYNeSIl,670.000,RAVUzYYMBq+gCXIY,754.000,ahO5G+QMJW9JXaZF,755.000,mFtsU2NLbV393iPp,899.000,oDVDcsz2DDcqmuZv,,,,,,
4,167,2026-04-03T09:50:51.761Z,977.000,7,311.000,ZNeI4CIi8cYNeSIl,449.000,sRrp0ZiEenIEqwEV,470.000,RAVUzYYMBq+gCXIY,729.000,RQhhLWQoTrRIOUIj,897.000,jgBHfjfbNleko2Dt,964.000,ahO5G+QMJW9JXaZF,979.000,oDVDcsz2DDcqmuZv,,,,,,
4,168,2026-04-03T09:50:52.738Z,1052.000,8,683.000,sRrp0ZiEenIEqwEV,838.000,RAVUzYYMBq+gCXIY,848.000,jgBHfjfbNleko2Dt,872.000,RQhhLWQoTrRIOUIj,966.000,oDVDcsz2DDcqmuZv,1050.000,7z+hv5WDnSUYTapr,1052.000,ahO5G+QMJW9JXaZF,1138.000,mFtsU2NLbV393iPp,,,,
4,169,2026-04-03T09:50:53.790Z,1140.000,8,312.000,7z+hv5WDnSUYTapr,460.000,RAVUzYYMBq+gCXIY,750.000,RQhhLWQoTrRIOUIj,907.000,8hVPVElPDyJLGNul,951.000,jgBHfjfbNleko2Dt,1054.000,sRrp0ZiEenIEqwEV,1140.000,oDVDcsz2DDcqmuZv,1142.000,ahO5G+QMJW9JXaZF,,,,
4,170,2026-04-03T09:50:54.930Z,1071.000,7,757.000,RAVUzYYMBq+gCXIY,895.000,7z+hv5WDnSUYTapr,962.000,RQhhLWQoTrRIOUIj,962.000,sRrp0ZiEenIEqwEV,982.000,oDVDcsz2DDcqmuZv,1037.000,ahO5G+QMJW9JXaZF,1071.000,mFtsU2NLbV393iPp,,,,,,
4,171,2026-04-03T09:50:56.001Z,1715.000,7,717.000,RAVUzYYMBq+gCXIY,908.000,mFtsU2NLbV393iPp,959.000,7z+hv5WDnSUYTapr,1026.000,oDVDcsz2DDcqmuZv,1564.000,sRrp0ZiEenIEqwEV,1676.000,RQhhLWQoTrRIOUIj,1715.000,ZNeI4CIi8cYNeSIl,,,,,,
4,172,2026-04-03T09:50:57.716Z,2241.000,7,1044.000,sRrp0ZiEenIEqwEV,1349.000,RAVUzYYMBq+gCXIY,1417.000,7z+hv5WDnSUYTapr,1446.000,8hVPVElPDyJLGNul,1511.000,jgBHfjfbNleko2Dt,2214.000,ZNeI4CIi8cYNeSIl,2243.000,RQhhLWQoTrRIOUIj,,,,,,
4,173,2026-04-03T09:50:59.957Z,2364.000,8,985.000,sRrp0ZiEenIEqwEV,1137.000,ZNeI4CIi8cYNeSIl,1534.000,RAVUzYYMBq+gCXIY,1965.000,RQhhLWQoTrRIOUIj,2294.000,oDVDcsz2DDcqmuZv,2295.000,7z+hv5WDnSUYTapr,2364.000,8hVPVElPDyJLGNul,2556.000,mFtsU2NLbV393iPp,,,,
4,174,2026-04-03T09:51:02.321Z,2914.000,10,2651.000,ahO5G+QMJW9JXaZF,2652.000,RAVUzYYMBq+gCXIY,2729.000,sRrp0ZiEenIEqwEV,2773.000,8hVPVElPDyJLGNul,2849.000,7z+hv5WDnSUYTapr,2857.000,jgBHfjfbNleko2Dt,2917.000,RQhhLWQoTrRIOUIj,2949.000,mFtsU2NLbV393iPp,3002.000,oDVDcsz2DDcqmuZv,3003.000,ZNeI4CIi8cYNeSIl
4,175,2026-04-03T09:51:05.235Z,3082.000,9,2899.000,7z+hv5WDnSUYTapr,2903.000,RAVUzYYMBq+gCXIY,2944.000,sRrp0ZiEenIEqwEV,3012.000,oDVDcsz2DDcqmuZv,3074.000,ahO5G+QMJW9JXaZF,3079.000,8hVPVElPDyJLGNul,3082.000,RQhhLWQoTrRIOUIj,3170.000,mFtsU2NLbV393iPp,3384.000,ZNeI4CIi8cYNeSIl,,
4,176,2026-04-03T09:51:08.317Z,3847.000,8,2526.000,RQhhLWQoTrRIOUIj,2628.000,RAVUzYYMBq+gCXIY,2848.000,7z+hv5WDnSUYTapr,2924.000,8hVPVElPDyJLGNul,3019.000,jgBHfjfbNleko2Dt,3689.000,sRrp0ZiEenIEqwEV,3848.000,oDVDcsz2DDcqmuZv,3851.000,ZNeI4CIi8cYNeSIl,,,,
4,177,2026-04-03T09:51:12.164Z,4090.000,9,2898.000,sRrp0ZiEenIEqwEV,2919.000,ZNeI4CIi8cYNeSIl,3187.000,7z+hv5WDnSUYTapr,3278.000,mFtsU2NLbV393iPp,3846.000,RQhhLWQoTrRIOUIj,3895.000,RAVUzYYMBq+gCXIY,4090.000,8hVPVElPDyJLGNul,4092.000,oDVDcsz2DDcqmuZv,4180.000,jgBHfjfbNleko2Dt,,
4,178,2026-04-03T09:51:16.254Z,5308.000,7,3774.000,sRrp0ZiEenIEqwEV,3934.000,RAVUzYYMBq+gCXIY,3960.000,RQhhLWQoTrRIOUIj,4013.000,ZNeI4CIi8cYNeSIl,4357.000,7z+hv5WDnSUYTapr,4360.000,jgBHfjfbNleko2Dt,5308.000,mFtsU2NLbV393iPp,,,,,,
4,179,2026-04-03T09:51:21.562Z,5031.000,7,3789.000,ZNeI4CIi8cYNeSIl,4274.000,mFtsU2NLbV393iPp,4529.000,sRrp0ZiEenIEqwEV,4686.000,RAVUzYYMBq+gCXIY,4747.000,RQhhLWQoTrRIOUIj,5029.000,7z+hv5WDnSUYTapr,5031.000,oDVDcsz2DDcqmuZv,,,,,,
4,180,2026-04-03T09:51:26.593Z,5887.000,8,4940.000,7z+hv5WDnSUYTapr,4946.000,RAVUzYYMBq+gCXIY,5655.000,8hVPVElPDyJLGNul,5707.000,ahO5G+QMJW9JXaZF,5712.000,sRrp0ZiEenIEqwEV,5788.000,ZNeI4CIi8cYNeSIl,5989.000,jgBHfjfbNleko2Dt,6020.000,oDVDcsz2DDcqmuZv,,,,
4,181,2026-04-03T09:51:32.480Z,6391.000,8,6160.000,7z+hv5WDnSUYTapr,6160.000,sRrp0ZiEenIEqwEV,6346.000,mFtsU2NLbV393iPp,6357.000,8hVPVElPDyJLGNul,6358.000,RAVUzYYMBq+gCXIY,6373.000,RQhhLWQoTrRIOUIj,6391.000,oDVDcsz2DDcqmuZv,6464.000,ZNeI4CIi8cYNeSIl,,,,
4,182,2026-04-03T09:51:38.871Z,6862.000,8,6463.000,RQhhLWQoTrRIOUIj,6675.000,jgBHfjfbNleko2Dt,6677.000,mFtsU2NLbV393iPp,6733.000,8hVPVElPDyJLGNul,6769.000,sRrp0ZiEenIEqwEV,6772.000,ahO5G+QMJW9JXaZF,6862.000,7z+hv5WDnSUYTapr,7020.000,RAVUzYYMBq+gCXIY,,,,
4,183,2026-04-03T09:51:45.733Z,7722.000,7,7069.000,RAVUzYYMBq+gCXIY,7302.000,ZNeI4CIi8cYNeSIl,7625.000,sRrp0ZiEenIEqwEV,7627.000,ahO5G+QMJW9JXaZF,7636.000,jgBHfjfbNleko2Dt,7718.000,RQhhLWQoTrRIOUIj,7722.000,mFtsU2NLbV393iPp,,,,,,
4,184,2026-04-03T09:51:53.455Z,8175.000,7,7322.000,ahO5G+QMJW9JXaZF,7377.000,RQhhLWQoTrRIOUIj,7378.000,mFtsU2NLbV393iPp,7590.000,jgBHfjfbNleko2Dt,8138.000,ZNeI4CIi8cYNeSIl,8154.000,sRrp0ZiEenIEqwEV,8175.000,7z+hv5WDnSUYTapr,,,,,,
4,185,2026-04-03T09:52:01.630Z,,0,,,,,,,,,,,,,,,,,,,,
5,1,2026-04-03T09:49:45.951Z,6293.000,7,1726.000,sRrp0ZiEenIEqwEV,2849.000,jgBHfjfbNleko2Dt,3393.000,7z+hv5WDnSUYTapr,4115.000,ahO5G+QMJW9JXaZF,5648.000,8hVPVElPDyJLGNul,6148.000,ZNeI4CIi8cYNeSIl,6294.000,RQhhLWQoTrRIOUIj,,,,,,
5,2,2026-04-03T09:49:52.244Z,777.000,7,106.000,7z+hv5WDnSUYTapr,200.000,ahO5G+QMJW9JXaZF,208.000,sRrp0ZiEenIEqwEV,210.000,jgBHfjfbNleko2Dt,303.000,RQhhLWQoTrRIOUIj,766.000,8hVPVElPDyJLGNul,776.000,ZNeI4CIi8cYNeSIl,,,,,,
5,3,2026-04-03T09:49:53.021Z,773.000,8,270.000,7z+hv5WDnSUYTapr,270.000,ahO5G+QMJW9JXaZF,274.000,sRrp0ZiEenIEqwEV,371.000,RQhhLWQoTrRIOUIj,374.000,jgBHfjfbNleko2Dt,568.000,8hVPVElPDyJLGNul,773.000,mFtsU2NLbV393iPp,792.000,ZNeI4CIi8cYNeSIl,,,,
5,4,2026-04-03T09:49:53.794Z,314.000,9,207.000,ahO5G+QMJW9JXaZF,208.000,7z+hv5WDnSUYTapr,210.000,sRrp0ZiEenIEqwEV,212.000,jgBHfjfbNleko2Dt,304.000,mFtsU2NLbV393iPp,309.000,RQhhLWQoTrRIOUIj,313.000,8hVPVElPDyJLGNul,334.000,ZNeI4CIi8cYNeSIl,380.000,RAVUzYYMBq+gCXIY,,
5,5,2026-04-03T09:49:54.108Z,413.000,8,208.000,sRrp0ZiEenIEqwEV,211.000,7z+hv5WDnSUYTapr,211.000,ahO5G+QMJW9JXaZF,242.000,8hVPVElPDyJLGNul,313.000,jgBHfjfbNleko2Dt,413.000,mFtsU2NLbV393iPp,413.000,RQhhLWQoTrRIOUIj,581.000,ZNeI4CIi8cYNeSIl,,,,
5,6,2026-04-03T09:49:54.521Z,307.000,7,203.000,ahO5G+QMJW9JXaZF,207.000,sRrp0ZiEenIEqwEV,210.000,7z+hv5WDnSUYTapr,214.000,jgBHfjfbNleko2Dt,248.000,8hVPVElPDyJLGNul,305.000,RQhhLWQoTrRIOUIj,307.000,mFtsU2NLbV393iPp,,,,,,
5,7,2026-04-03T09:49:54.828Z,309.000,8,205.000,ahO5G+QMJW9JXaZF,208.000,7z+hv5WDnSUYTapr,209.000,sRrp0ZiEenIEqwEV,211.000,8hVPVElPDyJLGNul,251.000,jgBHfjfbNleko2Dt,307.000,RQhhLWQoTrRIOUIj,311.000,mFtsU2NLbV393iPp,459.000,ZNeI4CIi8cYNeSIl,,,,
5,8,2026-04-03T09:49:55.137Z,309.000,9,206.000,7z+hv5WDnSUYTapr,207.000,sRrp0ZiEenIEqwEV,208.000,ahO5G+QMJW9JXaZF,210.000,8hVPVElPDyJLGNul,253.000,jgBHfjfbNleko2Dt,313.000,mFtsU2NLbV393iPp,311.000,RQhhLWQoTrRIOUIj,461.000,ZNeI4CIi8cYNeSIl,466.000,RAVUzYYMBq+gCXIY,,
5,9,2026-04-03T09:49:55.446Z,306.000,8,200.000,8hVPVElPDyJLGNul,202.000,sRrp0ZiEenIEqwEV,206.000,7z+hv5WDnSUYTapr,208.000,ahO5G+QMJW9JXaZF,248.000,jgBHfjfbNleko2Dt,311.000,mFtsU2NLbV393iPp,308.000,RQhhLWQoTrRIOUIj,463.000,ZNeI4CIi8cYNeSIl,,,,
5,10,2026-04-03T09:49:55.752Z,302.000,7,199.000,sRrp0ZiEenIEqwEV,206.000,7z+hv5WDnSUYTapr,211.000,8hVPVElPDyJLGNul,212.000,ahO5G+QMJW9JXaZF,248.000,jgBHfjfbNleko2Dt,311.000,RQhhLWQoTrRIOUIj,312.000,mFtsU2NLbV393iPp,,,,,,
5,11,2026-04-03T09:49:56.054Z,307.000,8,205.000,sRrp0ZiEenIEqwEV,212.000,7z+hv5WDnSUYTapr,214.000,8hVPVElPDyJLGNul,219.000,ahO5G+QMJW9JXaZF,253.000,jgBHfjfbNleko2Dt,319.000,mFtsU2NLbV393iPp,324.000,RQhhLWQoTrRIOUIj,525.000,RAVUzYYMBq+gCXIY,,,,
5,12,2026-04-03T09:49:56.361Z,304.000,7,201.000,sRrp0ZiEenIEqwEV,210.000,7z+hv5WDnSUYTapr,216.000,8hVPVElPDyJLGNul,220.000,ahO5G+QMJW9JXaZF,256.000,jgBHfjfbNleko2Dt,262.000,RQhhLWQoTrRIOUIj,322.000,mFtsU2NLbV393iPp,,,,,,
5,13,2026-04-03T09:49:56.665Z,308.000,9,204.000,sRrp0ZiEenIEqwEV,217.000,7z+hv5WDnSUYTapr,220.000,8hVPVElPDyJLGNul,223.000,ahO5G+QMJW9JXaZF,261.000,jgBHfjfbNleko2Dt,268.000,RQhhLWQoTrRIOUIj,325.000,mFtsU2NLbV393iPp,475.000,ZNeI4CIi8cYNeSIl,477.000,oDVDcsz2DDcqmuZv,,
5,14,2026-04-03T09:49:56.973Z,313.000,8,210.000,sRrp0ZiEenIEqwEV,219.000,7z+hv5WDnSUYTapr,223.000,8hVPVElPDyJLGNul,224.000,ahO5G+QMJW9JXaZF,267.000,jgBHfjfbNleko2Dt,269.000,RQhhLWQoTrRIOUIj,329.000,mFtsU2NLbV393iPp,617.000,oDVDcsz2DDcqmuZv,,,,
5,15,2026-04-03T09:49:57.286Z,270.000,9,164.000,ahO5G+QMJW9JXaZF,208.000,sRrp0ZiEenIEqwEV,212.000,7z+hv5WDnSUYTapr,216.000,8hVPVElPDyJLGNul,229.000,mFtsU2NLbV393iPp,263.000,jgBHfjfbNleko2Dt,270.000,RQhhLWQoTrRIOUIj,472.000,ZNeI4CIi8cYNeSIl,475.000,RAVUzYYMBq+gCXIY,,
5,16,2026-04-03T09:49:57.556Z,304.000,7,203.000,ahO5G+QMJW9JXaZF,224.000,7z+hv5WDnSUYTapr,245.000,sRrp0ZiEenIEqwEV,249.000,8hVPVElPDyJLGNul,266.000,mFtsU2NLbV393iPp,303.000,RQhhLWQoTrRIOUIj,304.000,jgBHfjfbNleko2Dt,,,,,,
5,17,2026-04-03T09:49:57.860Z,315.000,8,211.000,ahO5G+QMJW9JXaZF,250.000,sRrp0ZiEenIEqwEV,251.000,8hVPVElPDyJLGNul,262.000,7z+hv5WDnSUYTapr,278.000,mFtsU2NLbV393iPp,312.000,jgBHfjfbNleko2Dt,315.000,RQhhLWQoTrRIOUIj,518.000,ZNeI4CIi8cYNeSIl,,,,
5,18,2026-04-03T09:49:58.175Z,313.000,8,208.000,ahO5G+QMJW9JXaZF,242.000,8hVPVElPDyJLGNul,245.000,sRrp0ZiEenIEqwEV,254.000,7z+hv5WDnSUYTapr,277.000,mFtsU2NLbV393iPp,307.000,RQhhLWQoTrRIOUIj,313.000,jgBHfjfbNleko2Dt,478.000,RAVUzYYMBq+gCXIY,,,,
5,19,2026-04-03T09:49:58.488Z,306.000,9,204.000,ahO5G+QMJW9JXaZF,231.000,sRrp0ZiEenIEqwEV,242.000,8hVPVElPDyJLGNul,251.000,7z+hv5WDnSUYTapr,273.000,mFtsU2NLbV393iPp,306.000,jgBHfjfbNleko2Dt,306.000,RQhhLWQoTrRIOUIj,462.000,ZNeI4CIi8cYNeSIl,467.000,oDVDcsz2DDcqmuZv,,
5,20,2026-04-03T09:49:58.794Z,311.000,9,207.000,ahO5G+QMJW9JXaZF,228.000,7z+hv5WDnSUYTapr,240.000,8hVPVElPDyJLGNul,244.000,sRrp0ZiEenIEqwEV,276.000,mFtsU2NLbV393iPp,311.000,jgBHfjfbNleko2Dt,311.000,RQhhLWQoTrRIOUIj,474.000,ZNeI4CIi8cYNeSIl,475.000,RAVUzYYMBq+gCXIY,,
5,21,2026-04-03T09:49:59.105Z,306.000,10,205.000,ahO5G+QMJW9JXaZF,237.000,sRrp0ZiEenIEqwEV,239.000,8hVPVElPDyJLGNul,259.000,7z+hv5WDnSUYTapr,273.000,mFtsU2NLbV393iPp,305.000,jgBHfjfbNleko2Dt,306.000,RQhhLWQoTrRIOUIj,443.000,ZNeI4CIi8cYNeSIl,448.000,oDVDcsz2DDcqmuZv,449.000,RAVUzYYMBq+gCXIY
5,22,2026-04-03T09:49:59.411Z,309.000,10,205.000,ahO5G+QMJW9JXaZF,240.000,8hVPVElPDyJLGNul,241.000,sRrp0ZiEenIEqwEV,263.000,7z+hv5WDnSUYTapr,278.000,mFtsU2NLbV393iPp,307.000,jgBHfjfbNleko2Dt,309.000,RQhhLWQoTrRIOUIj,442.000,ZNeI4CIi8cYNeSIl,443.000,oDVDcsz2DDcqmuZv,446.000,RAVUzYYMBq+gCXIY
5,23,2026-04-03T09:49:59.720Z,303.000,10,201.000,ahO5G+QMJW9JXaZF,239.000,sRrp0ZiEenIEqwEV,243.000,8hVPVElPDyJLGNul,258.000,7z+hv5WDnSUYTapr,279.000,mFtsU2NLbV393iPp,302.000,jgBHfjfbNleko2Dt,303.000,RQhhLWQoTrRIOUIj,438.000,oDVDcsz2DDcqmuZv,439.000,RAVUzYYMBq+gCXIY,440.000,ZNeI4CIi8cYNeSIl
5,24,2026-04-03T09:50:00.023Z,308.000,10,204.000,ahO5G+QMJW9JXaZF,250.000,sRrp0ZiEenIEqwEV,251.000,8hVPVElPDyJLGNul,259.000,7z+hv5WDnSUYTapr,281.000,mFtsU2NLbV393iPp,305.000,jgBHfjfbNleko2Dt,308.000,RQhhLWQoTrRIOUIj,441.000,ZNeI4CIi8cYNeSIl,444.000,RAVUzYYMBq+gCXIY,446.000,oDVDcsz2DDcqmuZv
5,25,2026-04-03T09:50:00.331Z,310.000,10,206.000,ahO5G+QMJW9JXaZF,243.000,sRrp0ZiEenIEqwEV,250.000,8hVPVElPDyJLGNul,268.000,7z+hv5WDnSUYTapr,277.000,mFtsU2NLbV393iPp,305.000,jgBHfjfbNleko2Dt,310.000,RQhhLWQoTrRIOUIj,446.000,ZNeI4CIi8cYNeSIl,447.000,oDVDcsz2DDcqmuZv,450.000,RAVUzYYMBq+gCXIY
5,26,2026-04-03T09:50:00.641Z,310.000,9,205.000,ahO5G+QMJW9JXaZF,244.000,sRrp0ZiEenIEqwEV,249.000,8hVPVElPDyJLGNul,267.000,7z+hv5WDnSUYTapr,276.000,mFtsU2NLbV393iPp,302.000,jgBHfjfbNleko2Dt,310.000,RQhhLWQoTrRIOUIj,444.000,ZNeI4CIi8cYNeSIl,445.000,oDVDcsz2DDcqmuZv,,
5,27,2026-04-03T09:50:00.951Z,310.000,10,206.000,ahO5G+QMJW9JXaZF,244.000,sRrp0ZiEenIEqwEV,247.000,8hVPVElPDyJLGNul,268.000,7z+hv5WDnSUYTapr,269.000,mFtsU2NLbV393iPp,304.000,jgBHfjfbNleko2Dt,310.000,RQhhLWQoTrRIOUIj,439.000,ZNeI4CIi8cYNeSIl,442.000,oDVDcsz2DDcqmuZv,444.000,RAVUzYYMBq+gCXIY
5,28,2026-04-03T09:50:01.261Z,308.000,9,207.000,ahO5G+QMJW9JXaZF,244.000,sRrp0ZiEenIEqwEV,251.000,8hVPVElPDyJLGNul,268.000,7z+hv5WDnSUYTapr,269.000,mFtsU2NLbV393iPp,302.000,jgBHfjfbNleko2Dt,308.000,RQhhLWQoTrRIOUIj,469.000,ZNeI4CIi8cYNeSIl,471.000,oDVDcsz2DDcqmuZv,,
5,29,2026-04-03T09:50:01.569Z,309.000,9,205.000,ahO5G+QMJW9JXaZF,247.000,sRrp0ZiEenIEqwEV,250.000,8hVPVElPDyJLGNul,267.000,7z+hv5WDnSUYTapr,270.000,mFtsU2NLbV393iPp,307.000,RQhhLWQoTrRIOUIj,308.000,jgBHfjfbNleko2Dt,433.000,RAVUzYYMBq+gCXIY,438.000,ZNeI4CIi8cYNeSIl,,
5,30,2026-04-03T09:50:01.878Z,308.000,10,207.000,ahO5G+QMJW9JXaZF,245.000,sRrp0ZiEenIEqwEV,249.000,8hVPVElPDyJLGNul,266.000,7z+hv5WDnSUYTapr,270.000,mFtsU2NLbV393iPp,302.000,RQhhLWQoTrRIOUIj,308.000,jgBHfjfbNleko2Dt,465.000,RAVUzYYMBq+gCXIY,468.000,ZNeI4CIi8cYNeSIl,470.000,oDVDcsz2DDcqmuZv
5,31,2026-04-03T09:50:02.186Z,310.000,9,208.000,ahO5G+QMJW9JXaZF,243.000,sRrp0ZiEenIEqwEV,247.000,8hVPVElPDyJLGNul,263.000,7z+hv5WDnSUYTapr,270.000,mFtsU2NLbV393iPp,302.000,RQhhLWQoTrRIOUIj,310.000,jgBHfjfbNleko2Dt,468.000,ZNeI4CIi8cYNeSIl,469.000,RAVUzYYMBq+gCXIY,,
5,32,2026-04-03T09:50:02.496Z,307.000,10,204.000,ahO5G+QMJW9JXaZF,242.000,sRrp0ZiEenIEqwEV,243.000,8hVPVElPDyJLGNul,263.000,7z+hv5WDnSUYTapr,271.000,mFtsU2NLbV393iPp,298.000,RQhhLWQoTrRIOUIj,307.000,jgBHfjfbNleko2Dt,429.000,ZNeI4CIi8cYNeSIl,430.000,oDVDcsz2DDcqmuZv,431.000,RAVUzYYMBq+gCXIY
5,33,2026-04-03T09:50:02.803Z,303.000,10,203.000,ahO5G+QMJW9JXaZF,242.000,sRrp0ZiEenIEqwEV,245.000,8hVPVElPDyJLGNul,262.000,7z+hv5WDnSUYTapr,276.000,mFtsU2NLbV393iPp,299.000,RQhhLWQoTrRIOUIj,303.000,jgBHfjfbNleko2Dt,427.000,ZNeI4CIi8cYNeSIl,430.000,oDVDcsz2DDcqmuZv,433.000,RAVUzYYMBq+gCXIY
5,34,2026-04-03T09:50:03.106Z,308.000,10,207.000,ahO5G+QMJW9JXaZF,250.000,sRrp0ZiEenIEqwEV,254.000,8hVPVElPDyJLGNul,268.000,7z+hv5WDnSUYTapr,286.000,mFtsU2NLbV393iPp,304.000,RQhhLWQoTrRIOUIj,308.000,jgBHfjfbNleko2Dt,432.000,oDVDcsz2DDcqmuZv,438.000,ZNeI4CIi8cYNeSIl,440.000,RAVUzYYMBq+gCXIY
5,35,2026-04-03T09:50:03.414Z,316.000,10,210.000,ahO5G+QMJW9JXaZF,252.000,sRrp0ZiEenIEqwEV,254.000,8hVPVElPDyJLGNul,270.000,7z+hv5WDnSUYTapr,281.000,mFtsU2NLbV393iPp,310.000,RQhhLWQoTrRIOUIj,315.000,jgBHfjfbNleko2Dt,434.000,oDVDcsz2DDcqmuZv,439.000,ZNeI4CIi8cYNeSIl,442.000,RAVUzYYMBq+gCXIY
5,36,2026-04-03T09:50:03.730Z,307.000,10,204.000,ahO5G+QMJW9JXaZF,246.000,sRrp0ZiEenIEqwEV,250.000,8hVPVElPDyJLGNul,259.000,7z+hv5WDnSUYTapr,279.000,mFtsU2NLbV393iPp,302.000,RQhhLWQoTrRIOUIj,307.000,jgBHfjfbNleko2Dt,433.000,oDVDcsz2DDcqmuZv,434.000,RAVUzYYMBq+gCXIY,436.000,ZNeI4CIi8cYNeSIl
5,37,2026-04-03T09:50:04.037Z,309.000,10,204.000,ahO5G+QMJW9JXaZF,249.000,8hVPVElPDyJLGNul,250.000,sRrp0ZiEenIEqwEV,262.000,7z+hv5WDnSUYTapr,279.000,mFtsU2NLbV393iPp,307.000,RQhhLWQoTrRIOUIj,309.000,jgBHfjfbNleko2Dt,437.000,oDVDcsz2DDcqmuZv,439.000,RAVUzYYMBq+gCXIY,440.000,ZNeI4CIi8cYNeSIl
5,38,2026-04-03T09:50:04.346Z,310.000,10,206.000,ahO5G+QMJW9JXaZF,247.000,sRrp0ZiEenIEqwEV,249.000,8hVPVElPDyJLGNul,262.000,7z+hv5WDnSUYTapr,279.000,mFtsU2NLbV393iPp,301.000,RQhhLWQoTrRIOUIj,310.000,jgBHfjfbNleko2Dt,454.000,oDVDcsz2DDcqmuZv,456.000,RAVUzYYMBq+gCXIY,457.000,ZNeI4CIi8cYNeSIl
5,39,2026-04-03T09:50:04.656Z,312.000,10,208.000,ahO5G+QMJW9JXaZF,242.000,sRrp0ZiEenIEqwEV,245.000,8hVPVElPDyJLGNul,267.000,7z+hv5WDnSUYTapr,273.000,mFtsU2NLbV393iPp,297.000,RQhhLWQoTrRIOUIj,312.000,jgBHfjfbNleko2Dt,461.000,ZNeI4CIi8cYNeSIl,467.000,oDVDcsz2DDcqmuZv,472.000,RAVUzYYMBq+gCXIY
5,40,2026-04-03T09:50:04.968Z,305.000,7,204.000,ahO5G+QMJW9JXaZF,237.000,8hVPVElPDyJLGNul,240.000,sRrp0ZiEenIEqwEV,265.000,7z+hv5WDnSUYTapr,269.000,mFtsU2NLbV393iPp,297.000,RQhhLWQoTrRIOUIj,304.000,jgBHfjfbNleko2Dt,,,,,,
5,41,2026-04-03T09:50:05.273Z,306.000,9,203.000,ahO5G+QMJW9JXaZF,216.000,sRrp0ZiEenIEqwEV,239.000,8hVPVElPDyJLGNul,272.000,7z+hv5WDnSUYTapr,275.000,mFtsU2NLbV393iPp,301.000,RQhhLWQoTrRIOUIj,306.000,jgBHfjfbNleko2Dt,462.000,ZNeI4CIi8cYNeSIl,463.000,RAVUzYYMBq+gCXIY,,
5,42,2026-04-03T09:50:05.579Z,307.000,10,203.000,ahO5G+QMJW9JXaZF,206.000,7z+hv5WDnSUYTapr,242.000,8hVPVElPDyJLGNul,245.000,sRrp0ZiEenIEqwEV,284.000,mFtsU2NLbV393iPp,302.000,RQhhLWQoTrRIOUIj,307.000,jgBHfjfbNleko2Dt,428.000,ZNeI4CIi8cYNeSIl,434.000,oDVDcsz2DDcqmuZv,435.000,RAVUzYYMBq+gCXIY
5,43,2026-04-03T09:50:05.886Z,306.000,10,203.000,7z+hv5WDnSUYTapr,208.000,ahO5G+QMJW9JXaZF,240.000,sRrp0ZiEenIEqwEV,243.000,8hVPVElPDyJLGNul,285.000,mFtsU2NLbV393iPp,305.000,RQhhLWQoTrRIOUIj,314.000,jgBHfjfbNleko2Dt,460.000,ZNeI4CIi8cYNeSIl,461.000,RAVUzYYMBq+gCXIY,462.000,oDVDcsz2DDcqmuZv
5,44,2026-04-03T09:50:06.192Z,310.000,10,207.000,7z+hv5WDnSUYTapr,213.000,ahO5G+QMJW9JXaZF,242.000,sRrp0ZiEenIEqwEV,244.000,8hVPVElPDyJLGNul,286.000,mFtsU2NLbV393iPp,308.000,RQhhLWQoTrRIOUIj,314.000,jgBHfjfbNleko2Dt,458.000,oDVDcsz2DDcqmuZv,459.000,RAVUzYYMBq+gCXIY,465.000,ZNeI4CIi8cYNeSIl
5,45,2026-04-03T09:50:06.502Z,307.000,10,206.000,7z+hv5WDnSUYTapr,212.000,ahO5G+QMJW9JXaZF,241.000,sRrp0ZiEenIEqwEV,248.000,8hVPVElPDyJLGNul,283.000,mFtsU2NLbV393iPp,316.000,jgBHfjfbNleko2Dt,311.000,RQhhLWQoTrRIOUIj,442.000,RAVUzYYMBq+gCXIY,443.000,ZNeI4CIi8cYNeSIl,445.000,oDVDcsz2DDcqmuZv
5,46,2026-04-03T09:50:06.809Z,311.000,10,206.000,7z+hv5WDnSUYTapr,209.000,ahO5G+QMJW9JXaZF,242.000,sRrp0ZiEenIEqwEV,250.000,8hVPVElPDyJLGNul,284.000,mFtsU2NLbV393iPp,310.000,RQhhLWQoTrRIOUIj,312.000,jgBHfjfbNleko2Dt,417.000,oDVDcsz2DDcqmuZv,418.000,RAVUzYYMBq+gCXIY,420.000,ZNeI4CIi8cYNeSIl
5,47,2026-04-03T09:50:07.120Z,312.000,10,207.000,7z+hv5WDnSUYTapr,209.000,ahO5G+QMJW9JXaZF,242.000,sRrp0ZiEenIEqwEV,247.000,8hVPVElPDyJLGNul,280.000,mFtsU2NLbV393iPp,309.000,RQhhLWQoTrRIOUIj,313.000,jgBHfjfbNleko2Dt,439.000,RAVUzYYMBq+gCXIY,440.000,ZNeI4CIi8cYNeSIl,442.000,oDVDcsz2DDcqmuZv
5,48,2026-04-03T09:50:07.432Z,311.000,10,204.000,ahO5G+QMJW9JXaZF,209.000,7z+hv5WDnSUYTapr,238.000,sRrp0ZiEenIEqwEV,244.000,8hVPVElPDyJLGNul,277.000,mFtsU2NLbV393iPp,308.000,RQhhLWQoTrRIOUIj,310.000,jgBHfjfbNleko2Dt,459.000,RAVUzYYMBq+gCXIY,460.000,ZNeI4CIi8cYNeSIl,463.000,oDVDcsz2DDcqmuZv
5,49,2026-04-03T09:50:07.743Z,308.000,9,205.000,ahO5G+QMJW9JXaZF,206.000,7z+hv5WDnSUYTapr,236.000,sRrp0ZiEenIEqwEV,240.000,8hVPVElPDyJLGNul,276.000,mFtsU2NLbV393iPp,308.000,RQhhLWQoTrRIOUIj,308.000,jgBHfjfbNleko2Dt,462.000,oDVDcsz2DDcqmuZv,477.000,ZNeI4CIi8cYNeSIl,,
5,50,2026-04-03T09:50:08.051Z,312.000,8,206.000,7z+hv5WDnSUYTapr,207.000,ahO5G+QMJW9JXaZF,234.000,sRrp0ZiEenIEqwEV,242.000,8hVPVElPDyJLGNul,283.000,mFtsU2NLbV393iPp,311.000,jgBHfjfbNleko2Dt,313.000,RQhhLWQoTrRIOUIj,470.000,RAVUzYYMBq+gCXIY,,,,
5,51,2026-04-03T09:50:08.363Z,308.000,10,207.000,7z+hv5WDnSUYTapr,208.000,ahO5G+QMJW9JXaZF,231.000,sRrp0ZiEenIEqwEV,237.000,8hVPVElPDyJLGNul,285.000,mFtsU2NLbV393iPp,302.000,jgBHfjfbNleko2Dt,308.000,RQhhLWQoTrRIOUIj,399.000,ZNeI4CIi8cYNeSIl,406.000,oDVDcsz2DDcqmuZv,407.000,RAVUzYYMBq+gCXIY
5,52,2026-04-03T09:50:08.671Z,309.000,8,205.000,7z+hv5WDnSUYTapr,207.000,ahO5G+QMJW9JXaZF,232.000,sRrp0ZiEenIEqwEV,241.000,8hVPVElPDyJLGNul,286.000,mFtsU2NLbV393iPp,303.000,jgBHfjfbNleko2Dt,309.000,RQhhLWQoTrRIOUIj,387.000,RAVUzYYMBq+gCXIY,,,,
5,53,2026-04-03T09:50:08.980Z,332.000,9,205.000,7z+hv5WDnSUYTapr,206.000,ahO5G+QMJW9JXaZF,230.000,sRrp0ZiEenIEqwEV,236.000,8hVPVElPDyJLGNul,288.000,mFtsU2NLbV393iPp,303.000,jgBHfjfbNleko2Dt,332.000,RQhhLWQoTrRIOUIj,752.000,oDVDcsz2DDcqmuZv,906.000,ZNeI4CIi8cYNeSIl,,
5,54,2026-04-03T09:50:09.312Z,308.000,8,203.000,ahO5G+QMJW9JXaZF,205.000,sRrp0ZiEenIEqwEV,211.000,7z+hv5WDnSUYTapr,212.000,8hVPVElPDyJLGNul,275.000,jgBHfjfbNleko2Dt,283.000,mFtsU2NLbV393iPp,308.000,RQhhLWQoTrRIOUIj,508.000,oDVDcsz2DDcqmuZv,,,,
5,55,2026-04-03T09:50:09.620Z,311.000,7,204.000,sRrp0ZiEenIEqwEV,211.000,7z+hv5WDnSUYTapr,212.000,ahO5G+QMJW9JXaZF,250.000,8hVPVElPDyJLGNul,307.000,mFtsU2NLbV393iPp,314.000,jgBHfjfbNleko2Dt,312.000,RQhhLWQoTrRIOUIj,,,,,,
5,56,2026-04-03T09:50:09.931Z,355.000,7,205.000,sRrp0ZiEenIEqwEV,208.000,ahO5G+QMJW9JXaZF,212.000,7z+hv5WDnSUYTapr,246.000,8hVPVElPDyJLGNul,304.000,mFtsU2NLbV393iPp,308.000,jgBHfjfbNleko2Dt,355.000,RQhhLWQoTrRIOUIj,,,,,,
5,57,2026-04-03T09:50:10.286Z,280.000,8,177.000,ahO5G+QMJW9JXaZF,182.000,sRrp0ZiEenIEqwEV,184.000,7z+hv5WDnSUYTapr,198.000,8hVPVElPDyJLGNul,255.000,mFtsU2NLbV393iPp,266.000,jgBHfjfbNleko2Dt,280.000,RQhhLWQoTrRIOUIj,427.000,oDVDcsz2DDcqmuZv,,,,
5,58,2026-04-03T09:50:10.566Z,310.000,9,290.000,sRrp0ZiEenIEqwEV,290.000,ahO5G+QMJW9JXaZF,291.000,7z+hv5WDnSUYTapr,292.000,8hVPVElPDyJLGNul,293.000,mFtsU2NLbV393iPp,297.000,jgBHfjfbNleko2Dt,310.000,RQhhLWQoTrRIOUIj,467.000,RAVUzYYMBq+gCXIY,924.000,oDVDcsz2DDcqmuZv,,
5,59,2026-04-03T09:50:10.876Z,335.000,10,212.000,sRrp0ZiEenIEqwEV,221.000,7z+hv5WDnSUYTapr,228.000,8hVPVElPDyJLGNul,234.000,ahO5G+QMJW9JXaZF,291.000,mFtsU2NLbV393iPp,294.000,jgBHfjfbNleko2Dt,338.000,RQhhLWQoTrRIOUIj,481.000,RAVUzYYMBq+gCXIY,483.000,oDVDcsz2DDcqmuZv,486.000,ZNeI4CIi8cYNeSIl
5,60,2026-04-03T09:50:11.211Z,309.000,7,205.000,7z+hv5WDnSUYTapr,206.000,sRrp0ZiEenIEqwEV,208.000,8hVPVElPDyJLGNul,209.000,ahO5G+QMJW9JXaZF,266.000,mFtsU2NLbV393iPp,303.000,jgBHfjfbNleko2Dt,314.000,RQhhLWQoTrRIOUIj,,,,,,
5,61,2026-04-03T09:50:11.520Z,313.000,9,207.000,7z+hv5WDnSUYTapr,208.000,ahO5G+QMJW9JXaZF,213.000,8hVPVElPDyJLGNul,219.000,sRrp0ZiEenIEqwEV,270.000,mFtsU2NLbV393iPp,302.000,jgBHfjfbNleko2Dt,315.000,RQhhLWQoTrRIOUIj,379.000,RAVUzYYMBq+gCXIY,493.000,ZNeI4CIi8cYNeSIl,,
5,62,2026-04-03T09:50:11.833Z,357.000,10,205.000,sRrp0ZiEenIEqwEV,207.000,7z+hv5WDnSUYTapr,295.000,mFtsU2NLbV393iPp,297.000,jgBHfjfbNleko2Dt,336.000,ahO5G+QMJW9JXaZF,355.000,8hVPVElPDyJLGNul,449.000,RQhhLWQoTrRIOUIj,497.000,oDVDcsz2DDcqmuZv,515.000,ZNeI4CIi8cYNeSIl,517.000,RAVUzYYMBq+gCXIY
5,63,2026-04-03T09:50:12.190Z,316.000,7,205.000,sRrp0ZiEenIEqwEV,247.000,7z+hv5WDnSUYTapr,248.000,ahO5G+QMJW9JXaZF,297.000,8hVPVElPDyJLGNul,311.000,jgBHfjfbNleko2Dt,314.000,RQhhLWQoTrRIOUIj,350.000,mFtsU2NLbV393iPp,,,,,,
5,64,2026-04-03T09:50:12.506Z,326.000,9,205.000,sRrp0ZiEenIEqwEV,206.000,8hVPVElPDyJLGNul,222.000,ahO5G+QMJW9JXaZF,240.000,7z+hv5WDnSUYTapr,303.000,RQhhLWQoTrRIOUIj,324.000,jgBHfjfbNleko2Dt,382.000,mFtsU2NLbV393iPp,449.000,ZNeI4CIi8cYNeSIl,695.000,oDVDcsz2DDcqmuZv,,
5,65,2026-04-03T09:50:12.832Z,305.000,8,202.000,8hVPVElPDyJLGNul,204.000,sRrp0ZiEenIEqwEV,206.000,7z+hv5WDnSUYTapr,241.000,ahO5G+QMJW9JXaZF,287.000,RQhhLWQoTrRIOUIj,310.000,jgBHfjfbNleko2Dt,362.000,mFtsU2NLbV393iPp,527.000,ZNeI4CIi8cYNeSIl,,,,
5,66,2026-04-03T09:50:13.137Z,454.000,9,225.000,sRrp0ZiEenIEqwEV,226.000,8hVPVElPDyJLGNul,250.000,ahO5G+QMJW9JXaZF,292.000,RQhhLWQoTrRIOUIj,304.000,7z+hv5WDnSUYTapr,326.000,jgBHfjfbNleko2Dt,454.000,mFtsU2NLbV393iPp,555.000,oDVDcsz2DDcqmuZv,558.000,RAVUzYYMBq+gCXIY,,
5,67,2026-04-03T09:50:13.591Z,309.000,8,205.000,sRrp0ZiEenIEqwEV,209.000,8hVPVElPDyJLGNul,214.000,7z+hv5WDnSUYTapr,215.000,ahO5G+QMJW9JXaZF,249.000,RQhhLWQoTrRIOUIj,251.000,jgBHfjfbNleko2Dt,321.000,mFtsU2NLbV393iPp,909.000,ZNeI4CIi8cYNeSIl,,,,
5,68,2026-04-03T09:50:13.900Z,286.000,9,181.000,ahO5G+QMJW9JXaZF,203.000,sRrp0ZiEenIEqwEV,205.000,8hVPVElPDyJLGNul,249.000,jgBHfjfbNleko2Dt,252.000,mFtsU2NLbV393iPp,281.000,RQhhLWQoTrRIOUIj,286.000,7z+hv5WDnSUYTapr,765.000,oDVDcsz2DDcqmuZv,607.000,ZNeI4CIi8cYNeSIl,,
5,69,2026-04-03T09:50:14.186Z,313.000,8,210.000,ahO5G+QMJW9JXaZF,214.000,7z+hv5WDnSUYTapr,223.000,sRrp0ZiEenIEqwEV,225.000,8hVPVElPDyJLGNul,308.000,mFtsU2NLbV393iPp,310.000,RQhhLWQoTrRIOUIj,313.000,jgBHfjfbNleko2Dt,712.000,ZNeI4CIi8cYNeSIl,,,,
5,70,2026-04-03T09:50:14.499Z,310.000,8,208.000,ahO5G+QMJW9JXaZF,219.000,8hVPVElPDyJLGNul,220.000,sRrp0ZiEenIEqwEV,273.000,7z+hv5WDnSUYTapr,306.000,mFtsU2NLbV393iPp,307.000,RQhhLWQoTrRIOUIj,310.000,jgBHfjfbNleko2Dt,530.000,oDVDcsz2DDcqmuZv,,,,
5,71,2026-04-03T09:50:14.809Z,326.000,8,207.000,ahO5G+QMJW9JXaZF,224.000,sRrp0ZiEenIEqwEV,252.000,8hVPVElPDyJLGNul,270.000,7z+hv5WDnSUYTapr,312.000,mFtsU2NLbV393iPp,312.000,jgBHfjfbNleko2Dt,326.000,RQhhLWQoTrRIOUIj,658.000,ZNeI4CIi8cYNeSIl,,,,
5,72,2026-04-03T09:50:15.135Z,310.000,9,208.000,ahO5G+QMJW9JXaZF,242.000,8hVPVElPDyJLGNul,249.000,sRrp0ZiEenIEqwEV,255.000,7z+hv5WDnSUYTapr,291.000,jgBHfjfbNleko2Dt,299.000,mFtsU2NLbV393iPp,310.000,RQhhLWQoTrRIOUIj,499.000,ZNeI4CIi8cYNeSIl,656.000,oDVDcsz2DDcqmuZv,,
5,73,2026-04-03T09:50:15.445Z,323.000,8,224.000,ahO5G+QMJW9JXaZF,227.000,sRrp0ZiEenIEqwEV,250.000,8hVPVElPDyJLGNul,253.000,7z+hv5WDnSUYTapr,298.000,mFtsU2NLbV393iPp,312.000,RQhhLWQoTrRIOUIj,323.000,jgBHfjfbNleko2Dt,654.000,RAVUzYYMBq+gCXIY,,,,
5,74,2026-04-03T09:50:15.768Z,323.000,10,203.000,ahO5G+QMJW9JXaZF,212.000,sRrp0ZiEenIEqwEV,236.000,7z+hv5WDnSUYTapr,268.000,8hVPVElPDyJLGNul,300.000,RQhhLWQoTrRIOUIj,305.000,jgBHfjfbNleko2Dt,322.000,mFtsU2NLbV393iPp,477.000,RAVUzYYMBq+gCXIY,639.000,oDVDcsz2DDcqmuZv,525.000,ZNeI4CIi8cYNeSIl
5,75,2026-04-03T09:50:16.091Z,337.000,8,204.000,ahO5G+QMJW9JXaZF,208.000,sRrp0ZiEenIEqwEV,232.000,7z+hv5WDnSUYTapr,257.000,8hVPVElPDyJLGNul,287.000,RQhhLWQoTrRIOUIj,288.000,jgBHfjfbNleko2Dt,337.000,mFtsU2NLbV393iPp,662.000,oDVDcsz2DDcqmuZv,,,,
5,76,2026-04-03T09:50:16.428Z,288.000,9,175.000,8hVPVElPDyJLGNul,202.000,sRrp0ZiEenIEqwEV,204.000,7z+hv5WDnSUYTapr,206.000,ahO5G+QMJW9JXaZF,268.000,jgBHfjfbNleko2Dt,289.000,RQhhLWQoTrRIOUIj,309.000,mFtsU2NLbV393iPp,509.000,oDVDcsz2DDcqmuZv,513.000,RAVUzYYMBq+gCXIY,,
5,77,2026-04-03T09:50:16.716Z,329.000,8,215.000,sRrp0ZiEenIEqwEV,223.000,7z+hv5WDnSUYTapr,227.000,ahO5G+QMJW9JXaZF,247.000,8hVPVElPDyJLGNul,294.000,jgBHfjfbNleko2Dt,311.000,RQhhLWQoTrRIOUIj,333.000,mFtsU2NLbV393iPp,568.000,ZNeI4CIi8cYNeSIl,,,,
5,78,2026-04-03T09:50:17.045Z,304.000,8,224.000,7z+hv5WDnSUYTapr,225.000,sRrp0ZiEenIEqwEV,225.000,ahO5G+QMJW9JXaZF,261.000,mFtsU2NLbV393iPp,268.000,8hVPVElPDyJLGNul,273.000,jgBHfjfbNleko2Dt,327.000,RQhhLWQoTrRIOUIj,508.000,RAVUzYYMBq+gCXIY,,,,
5,79,2026-04-03T09:50:17.349Z,321.000,8,208.000,7z+hv5WDnSUYTapr,217.000,sRrp0ZiEenIEqwEV,224.000,8hVPVElPDyJLGNul,225.000,ahO5G+QMJW9JXaZF,312.000,mFtsU2NLbV393iPp,315.000,jgBHfjfbNleko2Dt,325.000,RQhhLWQoTrRIOUIj,435.000,oDVDcsz2DDcqmuZv,,,,
5,80,2026-04-03T09:50:17.670Z,311.000,9,204.000,7z+hv5WDnSUYTapr,209.000,sRrp0ZiEenIEqwEV,231.000,ahO5G+QMJW9JXaZF,232.000,8hVPVElPDyJLGNul,303.000,mFtsU2NLbV393iPp,303.000,jgBHfjfbNleko2Dt,316.000,RQhhLWQoTrRIOUIj,501.000,ZNeI4CIi8cYNeSIl,502.000,RAVUzYYMBq+gCXIY,,
5,81,2026-04-03T09:50:17.981Z,309.000,7,206.000,7z+hv5WDnSUYTapr,208.000,ahO5G+QMJW9JXaZF,209.000,sRrp0ZiEenIEqwEV,210.000,8hVPVElPDyJLGNul,300.000,mFtsU2NLbV393iPp,309.000,RQhhLWQoTrRIOUIj,309.000,jgBHfjfbNleko2Dt,,,,,,
5,82,2026-04-03T09:50:18.290Z,312.000,9,206.000,7z+hv5WDnSUYTapr,207.000,ahO5G+QMJW9JXaZF,210.000,8hVPVElPDyJLGNul,212.000,sRrp0ZiEenIEqwEV,301.000,mFtsU2NLbV393iPp,301.000,RQhhLWQoTrRIOUIj,311.000,jgBHfjfbNleko2Dt,448.000,RAVUzYYMBq+gCXIY,605.000,oDVDcsz2DDcqmuZv,,
5,83,2026-04-03T09:50:18.602Z,305.000,10,199.000,7z+hv5WDnSUYTapr,203.000,ahO5G+QMJW9JXaZF,207.000,sRrp0ZiEenIEqwEV,218.000,8hVPVElPDyJLGNul,298.000,RQhhLWQoTrRIOUIj,299.000,mFtsU2NLbV393iPp,307.000,jgBHfjfbNleko2Dt,434.000,RAVUzYYMBq+gCXIY,474.000,ZNeI4CIi8cYNeSIl,746.000,oDVDcsz2DDcqmuZv
5,84,2026-04-03T09:50:18.907Z,306.000,9,204.000,7z+hv5WDnSUYTapr,206.000,ahO5G+QMJW9JXaZF,213.000,sRrp0ZiEenIEqwEV,216.000,8hVPVElPDyJLGNul,298.000,RQhhLWQoTrRIOUIj,302.000,mFtsU2NLbV393iPp,312.000,jgBHfjfbNleko2Dt,458.000,ZNeI4CIi8cYNeSIl,668.000,RAVUzYYMBq+gCXIY,,
5,85,2026-04-03T09:50:19.213Z,359.000,10,254.000,7z+hv5WDnSUYTapr,257.000,8hVPVElPDyJLGNul,257.000,ahO5G+QMJW9JXaZF,258.000,sRrp0ZiEenIEqwEV,305.000,mFtsU2NLbV393iPp,311.000,jgBHfjfbNleko2Dt,360.000,RQhhLWQoTrRIOUIj,475.000,ZNeI4CIi8cYNeSIl,502.000,RAVUzYYMBq+gCXIY,657.000,oDVDcsz2DDcqmuZv
5,86,2026-04-03T09:50:19.572Z,267.000,8,142.000,7z+hv5WDnSUYTapr,170.000,sRrp0ZiEenIEqwEV,206.000,8hVPVElPDyJLGNul,206.000,ahO5G+QMJW9JXaZF,253.000,mFtsU2NLbV393iPp,256.000,jgBHfjfbNleko2Dt,310.000,RQhhLWQoTrRIOUIj,454.000,RAVUzYYMBq+gCXIY,,,,
5,87,2026-04-03T09:50:19.839Z,349.000,9,245.000,7z+hv5WDnSUYTapr,248.000,sRrp0ZiEenIEqwEV,250.000,8hVPVElPDyJLGNul,250.000,ahO5G+QMJW9JXaZF,296.000,mFtsU2NLbV393iPp,300.000,jgBHfjfbNleko2Dt,352.000,RQhhLWQoTrRIOUIj,467.000,ZNeI4CIi8cYNeSIl,645.000,oDVDcsz2DDcqmuZv,,
5,88,2026-04-03T09:50:20.188Z,308.000,7,167.000,ahO5G+QMJW9JXaZF,207.000,7z+hv5WDnSUYTapr,210.000,8hVPVElPDyJLGNul,211.000,sRrp0ZiEenIEqwEV,252.000,mFtsU2NLbV393iPp,258.000,jgBHfjfbNleko2Dt,314.000,RQhhLWQoTrRIOUIj,,,,,,
5,89,2026-04-03T09:50:20.496Z,291.000,8,157.000,ahO5G+QMJW9JXaZF,269.000,sRrp0ZiEenIEqwEV,270.000,7z+hv5WDnSUYTapr,271.000,8hVPVElPDyJLGNul,271.000,mFtsU2NLbV393iPp,273.000,RQhhLWQoTrRIOUIj,291.000,jgBHfjfbNleko2Dt,485.000,RAVUzYYMBq+gCXIY,,,,
5,90,2026-04-03T09:50:20.787Z,442.000,7,202.000,ahO5G+QMJW9JXaZF,222.000,7z+hv5WDnSUYTapr,223.000,sRrp0ZiEenIEqwEV,266.000,mFtsU2NLbV393iPp,269.000,RQhhLWQoTrRIOUIj,441.000,8hVPVElPDyJLGNul,442.000,jgBHfjfbNleko2Dt,,,,,,
5,91,2026-04-03T09:50:21.229Z,224.000,8,85.000,7z+hv5WDnSUYTapr,87.000,sRrp0ZiEenIEqwEV,105.000,ahO5G+QMJW9JXaZF,118.000,8hVPVElPDyJLGNul,209.000,mFtsU2NLbV393iPp,215.000,RQhhLWQoTrRIOUIj,223.000,jgBHfjfbNleko2Dt,543.000,oDVDcsz2DDcqmuZv,,,,
5,92,2026-04-03T09:50:21.453Z,310.000,8,198.000,sRrp0ZiEenIEqwEV,203.000,8hVPVElPDyJLGNul,222.000,7z+hv5WDnSUYTapr,235.000,ahO5G+QMJW9JXaZF,296.000,RQhhLWQoTrRIOUIj,335.000,jgBHfjfbNleko2Dt,317.000,mFtsU2NLbV393iPp,665.000,oDVDcsz2DDcqmuZv,,,,
5,93,2026-04-03T09:50:21.763Z,313.000,8,202.000,8hVPVElPDyJLGNul,208.000,7z+hv5WDnSUYTapr,224.000,sRrp0ZiEenIEqwEV,229.000,ahO5G+QMJW9JXaZF,296.000,RQhhLWQoTrRIOUIj,317.000,mFtsU2NLbV393iPp,335.000,jgBHfjfbNleko2Dt,510.000,ZNeI4CIi8cYNeSIl,,,,
5,94,2026-04-03T09:50:22.076Z,400.000,10,207.000,7z+hv5WDnSUYTapr,226.000,ahO5G+QMJW9JXaZF,238.000,sRrp0ZiEenIEqwEV,276.000,8hVPVElPDyJLGNul,379.000,RQhhLWQoTrRIOUIj,379.000,mFtsU2NLbV393iPp,400.000,jgBHfjfbNleko2Dt,515.000,oDVDcsz2DDcqmuZv,546.000,RAVUzYYMBq+gCXIY,547.000,ZNeI4CIi8cYNeSIl
5,95,2026-04-03T09:50:22.476Z,291.000,7,188.000,8hVPVElPDyJLGNul,205.000,sRrp0ZiEenIEqwEV,206.000,7z+hv5WDnSUYTapr,207.000,ahO5G+QMJW9JXaZF,247.000,RQhhLWQoTrRIOUIj,285.000,mFtsU2NLbV393iPp,309.000,jgBHfjfbNleko2Dt,,,,,,
5,96,2026-04-03T09:50:22.767Z,379.000,7,219.000,8hVPVElPDyJLGNul,220.000,sRrp0ZiEenIEqwEV,222.000,ahO5G+QMJW9JXaZF,301.000,mFtsU2NLbV393iPp,311.000,RQhhLWQoTrRIOUIj,326.000,jgBHfjfbNleko2Dt,379.000,7z+hv5WDnSUYTapr,,,,,,
5,97,2026-04-03T09:50:23.146Z,318.000,10,108.000,sRrp0ZiEenIEqwEV,209.000,ahO5G+QMJW9JXaZF,212.000,7z+hv5WDnSUYTapr,215.000,8hVPVElPDyJLGNul,312.000,mFtsU2NLbV393iPp,314.000,RQhhLWQoTrRIOUIj,320.000,jgBHfjfbNleko2Dt,443.000,ZNeI4CIi8cYNeSIl,452.000,oDVDcsz2DDcqmuZv,456.000,RAVUzYYMBq+gCXIY
5,98,2026-04-03T09:50:23.464Z,377.000,10,202.000,sRrp0ZiEenIEqwEV,206.000,7z+hv5WDnSUYTapr,208.000,8hVPVElPDyJLGNul,210.000,ahO5G+QMJW9JXaZF,305.000,RQhhLWQoTrRIOUIj,311.000,jgBHfjfbNleko2Dt,379.000,mFtsU2NLbV393iPp,470.000,ZNeI4CIi8cYNeSIl,781.000,RAVUzYYMBq+gCXIY,627.000,oDVDcsz2DDcqmuZv
5,99,2026-04-03T09:50:23.841Z,303.000,9,201.000,8hVPVElPDyJLGNul,205.000,ahO5G+QMJW9JXaZF,207.000,sRrp0ZiEenIEqwEV,208.000,7z+hv5WDnSUYTapr,238.000,RQhhLWQoTrRIOUIj,242.000,jgBHfjfbNleko2Dt,309.000,mFtsU2NLbV393iPp,365.000,oDVDcsz2DDcqmuZv,400.000,ZNeI4CIi8cYNeSIl,,
5,100,2026-04-03T09:50:24.144Z,306.000,8,203.000,8hVPVElPDyJLGNul,211.000,sRrp0ZiEenIEqwEV,214.000,7z+hv5WDnSUYTapr,214.000,ahO5G+QMJW9JXaZF,255.000,RQhhLWQoTrRIOUIj,257.000,jgBHfjfbNleko2Dt,317.000,mFtsU2NLbV393iPp,409.000,RAVUzYYMBq+gCXIY,,,,
5,101,2026-04-03T09:50:24.450Z,305.000,8,203.000,8hVPVElPDyJLGNul,214.000,7z+hv5WDnSUYTapr,216.000,sRrp0ZiEenIEqwEV,218.000,ahO5G+QMJW9JXaZF,261.000,jgBHfjfbNleko2Dt,268.000,RQhhLWQoTrRIOUIj,320.000,mFtsU2NLbV393iPp,392.000,ZNeI4CIi8cYNeSIl,,,,
5,102,2026-04-03T09:50:24.755Z,311.000,7,204.000,8hVPVElPDyJLGNul,216.000,sRrp0ZiEenIEqwEV,221.000,ahO5G+QMJW9JXaZF,222.000,7z+hv5WDnSUYTapr,266.000,jgBHfjfbNleko2Dt,267.000,RQhhLWQoTrRIOUIj,324.000,mFtsU2NLbV393iPp,,,,,,
5,103,2026-04-03T09:50:25.066Z,309.000,9,203.000,8hVPVElPDyJLGNul,214.000,sRrp0ZiEenIEqwEV,216.000,7z+hv5WDnSUYTapr,217.000,ahO5G+QMJW9JXaZF,264.000,RQhhLWQoTrRIOUIj,265.000,jgBHfjfbNleko2Dt,319.000,mFtsU2NLbV393iPp,416.000,RAVUzYYMBq+gCXIY,500.000,oDVDcsz2DDcqmuZv,,
5,104,2026-04-03T09:50:25.375Z,319.000,10,201.000,8hVPVElPDyJLGNul,212.000,sRrp0ZiEenIEqwEV,215.000,ahO5G+QMJW9JXaZF,262.000,RQhhLWQoTrRIOUIj,265.000,jgBHfjfbNleko2Dt,318.000,mFtsU2NLbV393iPp,319.000,7z+hv5WDnSUYTapr,415.000,ZNeI4CIi8cYNeSIl,416.000,RAVUzYYMBq+gCXIY,425.000,oDVDcsz2DDcqmuZv
5,105,2026-04-03T09:50:25.694Z,309.000,10,205.000,ahO5G+QMJW9JXaZF,207.000,7z+hv5WDnSUYTapr,208.000,sRrp0ZiEenIEqwEV,246.000,8hVPVElPDyJLGNul,305.000,RQhhLWQoTrRIOUIj,306.000,jgBHfjfbNleko2Dt,309.000,mFtsU2NLbV393iPp,409.000,oDVDcsz2DDcqmuZv,499.000,ZNeI4CIi8cYNeSIl,661.000,RAVUzYYMBq+gCXIY
5,106,2026-04-03T09:50:26.003Z,309.000,9,206.000,ahO5G+QMJW9JXaZF,210.000,sRrp0ZiEenIEqwEV,213.000,7z+hv5WDnSUYTapr,288.000,8hVPVElPDyJLGNul,307.000,RQhhLWQoTrRIOUIj,308.000,mFtsU2NLbV393iPp,309.000,jgBHfjfbNleko2Dt,524.000,ZNeI4CIi8cYNeSIl,670.000,RAVUzYYMBq+gCXIY,,
5,107,2026-04-03T09:50:26.312Z,312.000,8,208.000,ahO5G+QMJW9JXaZF,211.000,sRrp0ZiEenIEqwEV,213.000,7z+hv5WDnSUYTapr,289.000,8hVPVElPDyJLGNul,307.000,RQhhLWQoTrRIOUIj,307.000,mFtsU2NLbV393iPp,312.000,jgBHfjfbNleko2Dt,700.000,oDVDcsz2DDcqmuZv,,,,
5,108,2026-04-03T09:50:26.624Z,341.000,8,203.000,ahO5G+QMJW9JXaZF,209.000,sRrp0ZiEenIEqwEV,214.000,7z+hv5WDnSUYTapr,285.000,8hVPVElPDyJLGNul,305.000,mFtsU2NLbV393iPp,312.000,jgBHfjfbNleko2Dt,341.000,RQhhLWQoTrRIOUIj,729.000,ZNeI4CIi8cYNeSIl,,,,
5,109,2026-04-03T09:50:26.965Z,312.000,8,201.000,sRrp0ZiEenIEqwEV,204.000,ahO5G+QMJW9JXaZF,208.000,8hVPVElPDyJLGNul,211.000,7z+hv5WDnSUYTapr,275.000,mFtsU2NLbV393iPp,276.000,jgBHfjfbNleko2Dt,312.000,RQhhLWQoTrRIOUIj,456.000,oDVDcsz2DDcqmuZv,,,,
5,110,2026-04-03T09:50:27.277Z,302.000,9,199.000,8hVPVElPDyJLGNul,210.000,sRrp0ZiEenIEqwEV,211.000,7z+hv5WDnSUYTapr,212.000,ahO5G+QMJW9JXaZF,274.000,mFtsU2NLbV393iPp,278.000,jgBHfjfbNleko2Dt,312.000,RQhhLWQoTrRIOUIj,364.000,RAVUzYYMBq+gCXIY,650.000,ZNeI4CIi8cYNeSIl,,
5,111,2026-04-03T09:50:27.579Z,318.000,8,202.000,7z+hv5WDnSUYTapr,202.000,8hVPVElPDyJLGNul,213.000,sRrp0ZiEenIEqwEV,214.000,ahO5G+QMJW9JXaZF,287.000,mFtsU2NLbV393iPp,317.000,jgBHfjfbNleko2Dt,320.000,RQhhLWQoTrRIOUIj,630.000,ZNeI4CIi8cYNeSIl,,,,
5,112,2026-04-03T09:50:27.897Z,314.000,8,202.000,7z+hv5WDnSUYTapr,205.000,ahO5G+QMJW9JXaZF,210.000,sRrp0ZiEenIEqwEV,212.000,8hVPVElPDyJLGNul,279.000,mFtsU2NLbV393iPp,309.000,jgBHfjfbNleko2Dt,315.000,RQhhLWQoTrRIOUIj,650.000,oDVDcsz2DDcqmuZv,,,,
5,113,2026-04-03T09:50:28.211Z,300.000,10,197.000,sRrp0ZiEenIEqwEV,202.000,8hVPVElPDyJLGNul,203.000,7z+hv5WDnSUYTapr,209.000,ahO5G+QMJW9JXaZF,292.000,mFtsU2NLbV393iPp,307.000,jgBHfjfbNleko2Dt,316.000,RQhhLWQoTrRIOUIj,363.000,ZNeI4CIi8cYNeSIl,473.000,oDVDcsz2DDcqmuZv,628.000,RAVUzYYMBq+gCXIY
5,114,2026-04-03T09:50:28.511Z,316.000,10,211.000,7z+hv5WDnSUYTapr,212.000,8hVPVElPDyJLGNul,216.000,sRrp0ZiEenIEqwEV,229.000,ahO5G+QMJW9JXaZF,278.000,mFtsU2NLbV393iPp,334.000,RQhhLWQoTrRIOUIj,335.000,jgBHfjfbNleko2Dt,399.000,RAVUzYYMBq+gCXIY,440.000,ZNeI4CIi8cYNeSIl,468.000,oDVDcsz2DDcqmuZv
5,115,2026-04-03T09:50:28.827Z,305.000,8,198.000,8hVPVElPDyJLGNul,200.000,7z+hv5WDnSUYTapr,211.000,sRrp0ZiEenIEqwEV,228.000,ahO5G+QMJW9JXaZF,258.000,jgBHfjfbNleko2Dt,270.000,mFtsU2NLbV393iPp,331.000,RQhhLWQoTrRIOUIj,615.000,oDVDcsz2DDcqmuZv,,,,
5,116,2026-04-03T09:50:29.132Z,354.000,9,205.000,7z+hv5WDnSUYTapr,212.000,8hVPVElPDyJLGNul,217.000,sRrp0ZiEenIEqwEV,233.000,ahO5G+QMJW9JXaZF,274.000,mFtsU2NLbV393iPp,301.000,jgBHfjfbNleko2Dt,355.000,RQhhLWQoTrRIOUIj,467.000,ZNeI4CIi8cYNeSIl,665.000,RAVUzYYMBq+gCXIY,,
5,117,2026-04-03T09:50:29.486Z,309.000,8,206.000,8hVPVElPDyJLGNul,208.000,sRrp0ZiEenIEqwEV,209.000,ahO5G+QMJW9JXaZF,211.000,7z+hv5WDnSUYTapr,224.000,mFtsU2NLbV393iPp,257.000,jgBHfjfbNleko2Dt,310.000,RQhhLWQoTrRIOUIj,594.000,oDVDcsz2DDcqmuZv,,,,
5,118,2026-04-03T09:50:29.795Z,305.000,10,202.000,7z+hv5WDnSUYTapr,203.000,8hVPVElPDyJLGNul,204.000,ahO5G+QMJW9JXaZF,207.000,sRrp0ZiEenIEqwEV,256.000,mFtsU2NLbV393iPp,300.000,jgBHfjfbNleko2Dt,308.000,RQhhLWQoTrRIOUIj,453.000,ZNeI4CIi8cYNeSIl,457.000,oDVDcsz2DDcqmuZv,469.000,RAVUzYYMBq+gCXIY
5,119,2026-04-03T09:50:30.100Z,312.000,8,206.000,8hVPVElPDyJLGNul,209.000,7z+hv5WDnSUYTapr,209.000,ahO5G+QMJW9JXaZF,235.000,sRrp0ZiEenIEqwEV,262.000,mFtsU2NLbV393iPp,310.000,jgBHfjfbNleko2Dt,313.000,RQhhLWQoTrRIOUIj,673.000,ZNeI4CIi8cYNeSIl,,,,
5,120,2026-04-03T09:50:30.412Z,309.000,7,204.000,8hVPVElPDyJLGNul,206.000,sRrp0ZiEenIEqwEV,206.000,ahO5G+QMJW9JXaZF,207.000,7z+hv5WDnSUYTapr,260.000,mFtsU2NLbV393iPp,303.000,jgBHfjfbNleko2Dt,311.000,RQhhLWQoTrRIOUIj,,,,,,
5,121,2026-04-03T09:50:30.721Z,308.000,8,204.000,sRrp0ZiEenIEqwEV,208.000,ahO5G+QMJW9JXaZF,209.000,8hVPVElPDyJLGNul,217.000,7z+hv5WDnSUYTapr,300.000,mFtsU2NLbV393iPp,306.000,jgBHfjfbNleko2Dt,311.000,RQhhLWQoTrRIOUIj,638.000,RAVUzYYMBq+gCXIY,,,,
5,122,2026-04-03T09:50:31.029Z,310.000,8,207.000,ahO5G+QMJW9JXaZF,208.000,sRrp0ZiEenIEqwEV,211.000,8hVPVElPDyJLGNul,213.000,7z+hv5WDnSUYTapr,304.000,mFtsU2NLbV393iPp,307.000,RQhhLWQoTrRIOUIj,310.000,jgBHfjfbNleko2Dt,510.000,ZNeI4CIi8cYNeSIl,,,,
5,123,2026-04-03T09:50:31.339Z,306.000,7,203.000,sRrp0ZiEenIEqwEV,205.000,ahO5G+QMJW9JXaZF,209.000,8hVPVElPDyJLGNul,212.000,7z+hv5WDnSUYTapr,307.000,jgBHfjfbNleko2Dt,308.000,mFtsU2NLbV393iPp,310.000,RQhhLWQoTrRIOUIj,,,,,,
5,124,2026-04-03T09:50:31.645Z,307.000,9,203.000,sRrp0ZiEenIEqwEV,208.000,ahO5G+QMJW9JXaZF,212.000,8hVPVElPDyJLGNul,215.000,7z+hv5WDnSUYTapr,304.000,jgBHfjfbNleko2Dt,307.000,mFtsU2NLbV393iPp,311.000,RQhhLWQoTrRIOUIj,450.000,oDVDcsz2DDcqmuZv,719.000,RAVUzYYMBq+gCXIY,,
5,125,2026-04-03T09:50:31.952Z,309.000,9,205.000,sRrp0ZiEenIEqwEV,212.000,ahO5G+QMJW9JXaZF,216.000,8hVPVElPDyJLGNul,302.000,7z+hv5WDnSUYTapr,304.000,jgBHfjfbNleko2Dt,308.000,mFtsU2NLbV393iPp,315.000,RQhhLWQoTrRIOUIj,475.000,RAVUzYYMBq+gCXIY,594.000,ZNeI4CIi8cYNeSIl,,
5,126,2026-04-03T09:50:32.261Z,314.000,8,202.000,sRrp0ZiEenIEqwEV,210.000,ahO5G+QMJW9JXaZF,218.000,8hVPVElPDyJLGNul,221.000,7z+hv5WDnSUYTapr,302.000,jgBHfjfbNleko2Dt,309.000,mFtsU2NLbV393iPp,317.000,RQhhLWQoTrRIOUIj,645.000,oDVDcsz2DDcqmuZv,,,,
5,127,2026-04-03T09:50:32.575Z,310.000,8,207.000,7z+hv5WDnSUYTapr,207.000,ahO5G+QMJW9JXaZF,211.000,sRrp0ZiEenIEqwEV,213.000,8hVPVElPDyJLGNul,294.000,jgBHfjfbNleko2Dt,301.000,mFtsU2NLbV393iPp,310.000,RQhhLWQoTrRIOUIj,686.000,oDVDcsz2DDcqmuZv,,,,
5,128,2026-04-03T09:50:32.885Z,522.000,10,374.000,sRrp0ZiEenIEqwEV,375.000,ahO5G+QMJW9JXaZF,377.000,8hVPVElPDyJLGNul,377.000,7z+hv5WDnSUYTapr,466.000,jgBHfjfbNleko2Dt,487.000,mFtsU2NLbV393iPp,522.000,RQhhLWQoTrRIOUIj,535.000,ZNeI4CIi8cYNeSIl,559.000,oDVDcsz2DDcqmuZv,572.000,RAVUzYYMBq+gCXIY
5,129,2026-04-03T09:50:33.407Z,274.000,9,164.000,ahO5G+QMJW9JXaZF,170.000,sRrp0ZiEenIEqwEV,202.000,8hVPVElPDyJLGNul,206.000,7z+hv5WDnSUYTapr,270.000,mFtsU2NLbV393iPp,273.000,jgBHfjfbNleko2Dt,274.000,RQhhLWQoTrRIOUIj,360.000,ZNeI4CIi8cYNeSIl,411.000,RAVUzYYMBq+gCXIY,,
5,130,2026-04-03T09:50:33.681Z,447.000,9,202.000,ahO5G+QMJW9JXaZF,234.000,sRrp0ZiEenIEqwEV,236.000,8hVPVElPDyJLGNul,257.000,7z+hv5WDnSUYTapr,302.000,jgBHfjfbNleko2Dt,391.000,mFtsU2NLbV393iPp,449.000,RQhhLWQoTrRIOUIj,543.000,oDVDcsz2DDcqmuZv,700.000,RAVUzYYMBq+gCXIY,,
5,131,2026-04-03T09:50:34.128Z,304.000,9,202.000,sRrp0ZiEenIEqwEV,204.000,7z+hv5WDnSUYTapr,204.000,8hVPVElPDyJLGNul,205.000,ahO5G+QMJW9JXaZF,249.000,jgBHfjfbNleko2Dt,252.000,mFtsU2NLbV393iPp,309.000,RQhhLWQoTrRIOUIj,414.000,ZNeI4CIi8cYNeSIl,419.000,RAVUzYYMBq+gCXIY,,
5,132,2026-04-03T09:50:34.432Z,307.000,8,202.000,8hVPVElPDyJLGNul,207.000,sRrp0ZiEenIEqwEV,213.000,7z+hv5WDnSUYTapr,217.000,ahO5G+QMJW9JXaZF,257.000,mFtsU2NLbV393iPp,263.000,jgBHfjfbNleko2Dt,318.000,RQhhLWQoTrRIOUIj,497.000,RAVUzYYMBq+gCXIY,,,,
5,133,2026-04-03T09:50:34.739Z,306.000,9,203.000,8hVPVElPDyJLGNul,208.000,sRrp0ZiEenIEqwEV,213.000,7z+hv5WDnSUYTapr,214.000,ahO5G+QMJW9JXaZF,290.000,mFtsU2NLbV393iPp,303.000,jgBHfjfbNleko2Dt,318.000,RQhhLWQoTrRIOUIj,463.000,ZNeI4CIi8cYNeSIl,474.000,oDVDcsz2DDcqmuZv,,
5,134,2026-04-03T09:50:35.045Z,307.000,8,206.000,8hVPVElPDyJLGNul,213.000,sRrp0ZiEenIEqwEV,218.000,ahO5G+QMJW9JXaZF,220.000,7z+hv5WDnSUYTapr,292.000,mFtsU2NLbV393iPp,323.000,RQhhLWQoTrRIOUIj,308.000,jgBHfjfbNleko2Dt,479.000,oDVDcsz2DDcqmuZv,,,,
5,135,2026-04-03T09:50:35.352Z,315.000,8,206.000,8hVPVElPDyJLGNul,209.000,sRrp0ZiEenIEqwEV,214.000,7z+hv5WDnSUYTapr,218.000,ahO5G+QMJW9JXaZF,293.000,mFtsU2NLbV393iPp,306.000,jgBHfjfbNleko2Dt,319.000,RQhhLWQoTrRIOUIj,687.000,RAVUzYYMBq+gCXIY,,,,
5,136,2026-04-03T09:50:35.667Z,470.000,10,370.000,sRrp0ZiEenIEqwEV,370.000,7z+hv5WDnSUYTapr,370.000,ahO5G+QMJW9JXaZF,371.000,8hVPVElPDyJLGNul,415.000,RQhhLWQoTrRIOUIj,467.000,jgBHfjfbNleko2Dt,470.000,mFtsU2NLbV393iPp,523.000,ZNeI4CIi8cYNeSIl,554.000,oDVDcsz2DDcqmuZv,559.000,RAVUzYYMBq+gCXIY
5,137,2026-04-03T09:50:36.137Z,303.000,8,202.000,8hVPVElPDyJLGNul,206.000,sRrp0ZiEenIEqwEV,207.000,7z+hv5WDnSUYTapr,208.000,ahO5G+QMJW9JXaZF,255.000,RQhhLWQoTrRIOUIj,308.000,jgBHfjfbNleko2Dt,311.000,mFtsU2NLbV393iPp,518.000,ZNeI4CIi8cYNeSIl,,,,
5,138,2026-04-03T09:50:36.440Z,434.000,10,203.000,8hVPVElPDyJLGNul,207.000,sRrp0ZiEenIEqwEV,209.000,ahO5G+QMJW9JXaZF,211.000,7z+hv5WDnSUYTapr,255.000,mFtsU2NLbV393iPp,429.000,RAVUzYYMBq+gCXIY,436.000,oDVDcsz2DDcqmuZv,473.000,jgBHfjfbNleko2Dt,503.000,RQhhLWQoTrRIOUIj,521.000,ZNeI4CIi8cYNeSIl
5,139,2026-04-03T09:50:36.874Z,371.000,10,168.000,sRrp0ZiEenIEqwEV,237.000,ahO5G+QMJW9JXaZF,238.000,8hVPVElPDyJLGNul,239.000,7z+hv5WDnSUYTapr,357.000,RAVUzYYMBq+gCXIY,372.000,mFtsU2NLbV393iPp,416.000,oDVDcsz2DDcqmuZv,374.000,jgBHfjfbNleko2Dt,376.000,RQhhLWQoTrRIOUIj,397.000,ZNeI4CIi8cYNeSIl
5,140,2026-04-03T09:50:37.245Z,439.000,10,240.000,sRrp0ZiEenIEqwEV,283.000,7z+hv5WDnSUYTapr,292.000,8hVPVElPDyJLGNul,340.000,ahO5G+QMJW9JXaZF,355.000,mFtsU2NLbV393iPp,380.000,jgBHfjfbNleko2Dt,541.000,oDVDcsz2DDcqmuZv,539.000,ZNeI4CIi8cYNeSIl,746.000,RQhhLWQoTrRIOUIj,544.000,RAVUzYYMBq+gCXIY
5,141,2026-04-03T09:50:37.684Z,548.000,10,180.000,sRrp0ZiEenIEqwEV,311.000,7z+hv5WDnSUYTapr,356.000,8hVPVElPDyJLGNul,372.000,ahO5G+QMJW9JXaZF,385.000,RQhhLWQoTrRIOUIj,403.000,mFtsU2NLbV393iPp,549.000,ZNeI4CIi8cYNeSIl,549.000,oDVDcsz2DDcqmuZv,566.000,RAVUzYYMBq+gCXIY,603.000,jgBHfjfbNleko2Dt
5,142,2026-04-03T09:50:38.232Z,393.000,10,160.000,ahO5G+QMJW9JXaZF,162.000,8hVPVElPDyJLGNul,164.000,sRrp0ZiEenIEqwEV,254.000,7z+hv5WDnSUYTapr,264.000,mFtsU2NLbV393iPp,366.000,RAVUzYYMBq+gCXIY,393.000,RQhhLWQoTrRIOUIj,424.000,jgBHfjfbNleko2Dt,443.000,ZNeI4CIi8cYNeSIl,598.000,oDVDcsz2DDcqmuZv
5,143,2026-04-03T09:50:38.625Z,412.000,10,203.000,sRrp0ZiEenIEqwEV,204.000,8hVPVElPDyJLGNul,225.000,ahO5G+QMJW9JXaZF,234.000,7z+hv5WDnSUYTapr,387.000,ZNeI4CIi8cYNeSIl,389.000,mFtsU2NLbV393iPp,413.000,jgBHfjfbNleko2Dt,415.000,RQhhLWQoTrRIOUIj,464.000,oDVDcsz2DDcqmuZv,509.000,RAVUzYYMBq+gCXIY
5,144,2026-04-03T09:50:39.037Z,318.000,9,214.000,7z+hv5WDnSUYTapr,215.000,jgBHfjfbNleko2Dt,278.000,ahO5G+QMJW9JXaZF,279.000,sRrp0ZiEenIEqwEV,310.000,mFtsU2NLbV393iPp,312.000,RQhhLWQoTrRIOUIj,318.000,8hVPVElPDyJLGNul,432.000,ZNeI4CIi8cYNeSIl,448.000,oDVDcsz2DDcqmuZv,,
5,145,2026-04-03T09:50:39.355Z,577.000,9,205.000,8hVPVElPDyJLGNul,209.000,sRrp0ZiEenIEqwEV,340.000,7z+hv5WDnSUYTapr,461.000,ahO5G+QMJW9JXaZF,523.000,RAVUzYYMBq+gCXIY,578.000,jgBHfjfbNleko2Dt,582.000,oDVDcsz2DDcqmuZv,588.000,ZNeI4CIi8cYNeSIl,604.000,mFtsU2NLbV393iPp,,
5,146,2026-04-03T09:50:39.932Z,434.000,10,236.000,sRrp0ZiEenIEqwEV,277.000,7z+hv5WDnSUYTapr,315.000,ahO5G+QMJW9JXaZF,327.000,8hVPVElPDyJLGNul,396.000,jgBHfjfbNleko2Dt,407.000,RAVUzYYMBq+gCXIY,467.000,oDVDcsz2DDcqmuZv,439.000,mFtsU2NLbV393iPp,465.000,RQhhLWQoTrRIOUIj,482.000,ZNeI4CIi8cYNeSIl
5,147,2026-04-03T09:50:40.366Z,457.000,9,219.000,sRrp0ZiEenIEqwEV,307.000,7z+hv5WDnSUYTapr,309.000,8hVPVElPDyJLGNul,314.000,mFtsU2NLbV393iPp,338.000,ahO5G+QMJW9JXaZF,514.000,ZNeI4CIi8cYNeSIl,496.000,oDVDcsz2DDcqmuZv,504.000,jgBHfjfbNleko2Dt,525.000,RQhhLWQoTrRIOUIj,,
5,148,2026-04-03T09:50:40.823Z,476.000,10,254.000,sRrp0ZiEenIEqwEV,312.000,8hVPVElPDyJLGNul,324.000,7z+hv5WDnSUYTapr,362.000,ahO5G+QMJW9JXaZF,398.000,RAVUzYYMBq+gCXIY,516.000,ZNeI4CIi8cYNeSIl,500.000,oDVDcsz2DDcqmuZv,499.000,jgBHfjfbNleko2Dt,540.000,mFtsU2NLbV393iPp,550.000,RQhhLWQoTrRIOUIj
5,149,2026-04-03T09:50:41.299Z,479.000,9,235.000,sRrp0ZiEenIEqwEV,306.000,7z+hv5WDnSUYTapr,324.000,ahO5G+QMJW9JXaZF,329.000,8hVPVElPDyJLGNul,432.000,RAVUzYYMBq+gCXIY,477.000,oDVDcsz2DDcqmuZv,498.000,ZNeI4CIi8cYNeSIl,483.000,jgBHfjfbNleko2Dt,540.000,mFtsU2NLbV393iPp,,
5,150,2026-04-03T09:50:41.778Z,475.000,9,305.000,sRrp0ZiEenIEqwEV,326.000,ahO5G+QMJW9JXaZF,332.000,7z+hv5WDnSUYTapr,422.000,8hVPVElPDyJLGNul,473.000,jgBHfjfbNleko2Dt,477.000,ZNeI4CIi8cYNeSIl,566.000,RAVUzYYMBq+gCXIY,485.000,oDVDcsz2DDcqmuZv,516.000,mFtsU2NLbV393iPp,,
5,151,2026-04-03T09:50:42.253Z,478.000,10,247.000,sRrp0ZiEenIEqwEV,281.000,7z+hv5WDnSUYTapr,302.000,8hVPVElPDyJLGNul,343.000,ahO5G+QMJW9JXaZF,468.000,RAVUzYYMBq+gCXIY,469.000,ZNeI4CIi8cYNeSIl,478.000,jgBHfjfbNleko2Dt,483.000,oDVDcsz2DDcqmuZv,527.000,mFtsU2NLbV393iPp,532.000,RQhhLWQoTrRIOUIj
5,152,2026-04-03T09:50:42.731Z,473.000,10,207.000,sRrp0ZiEenIEqwEV,296.000,ahO5G+QMJW9JXaZF,308.000,7z+hv5WDnSUYTapr,313.000,8hVPVElPDyJLGNul,363.000,RQhhLWQoTrRIOUIj,470.000,oDVDcsz2DDcqmuZv,474.000,jgBHfjfbNleko2Dt,729.000,mFtsU2NLbV393iPp,527.000,RAVUzYYMBq+gCXIY,529.000,ZNeI4CIi8cYNeSIl
5,153,2026-04-03T09:50:43.204Z,456.000,9,210.000,sRrp0ZiEenIEqwEV,252.000,7z+hv5WDnSUYTapr,259.000,ahO5G+QMJW9JXaZF,296.000,8hVPVElPDyJLGNul,425.000,ZNeI4CIi8cYNeSIl,449.000,oDVDcsz2DDcqmuZv,456.000,RAVUzYYMBq+gCXIY,518.000,mFtsU2NLbV393iPp,528.000,RQhhLWQoTrRIOUIj,,
5,154,2026-04-03T09:50:43.660Z,475.000,9,282.000,RQhhLWQoTrRIOUIj,293.000,sRrp0ZiEenIEqwEV,313.000,7z+hv5WDnSUYTapr,319.000,ahO5G+QMJW9JXaZF,405.000,8hVPVElPDyJLGNul,478.000,RAVUzYYMBq+gCXIY,476.000,ZNeI4CIi8cYNeSIl,486.000,oDVDcsz2DDcqmuZv,512.000,mFtsU2NLbV393iPp,,
5,155,2026-04-03T09:50:44.135Z,531.000,9,160.000,sRrp0ZiEenIEqwEV,318.000,ahO5G+QMJW9JXaZF,323.000,8hVPVElPDyJLGNul,352.000,7z+hv5WDnSUYTapr,481.000,RAVUzYYMBq+gCXIY,521.000,mFtsU2NLbV393iPp,531.000,ZNeI4CIi8cYNeSIl,537.000,oDVDcsz2DDcqmuZv,540.000,RQhhLWQoTrRIOUIj,,
5,156,2026-04-03T09:50:44.666Z,459.000,9,215.000,RQhhLWQoTrRIOUIj,307.000,sRrp0ZiEenIEqwEV,320.000,7z+hv5WDnSUYTapr,357.000,8hVPVElPDyJLGNul,427.000,ahO5G+QMJW9JXaZF,430.000,RAVUzYYMBq+gCXIY,460.000,ZNeI4CIi8cYNeSIl,481.000,oDVDcsz2DDcqmuZv,567.000,jgBHfjfbNleko2Dt,,
5,157,2026-04-03T09:50:45.125Z,565.000,8,199.000,sRrp0ZiEenIEqwEV,355.000,7z+hv5WDnSUYTapr,357.000,ahO5G+QMJW9JXaZF,488.000,RAVUzYYMBq+gCXIY,495.000,RQhhLWQoTrRIOUIj,507.000,8hVPVElPDyJLGNul,565.000,oDVDcsz2DDcqmuZv,569.000,ZNeI4CIi8cYNeSIl,,,,
5,158,2026-04-03T09:50:45.690Z,487.000,9,311.000,sRrp0ZiEenIEqwEV,311.000,ahO5G+QMJW9JXaZF,318.000,7z+hv5WDnSUYTapr,349.000,8hVPVElPDyJLGNul,401.000,RAVUzYYMBq+gCXIY,484.000,ZNeI4CIi8cYNeSIl,487.000,oDVDcsz2DDcqmuZv,563.000,mFtsU2NLbV393iPp,573.000,RQhhLWQoTrRIOUIj,,
5,159,2026-04-03T09:50:46.177Z,504.000,9,303.000,sRrp0ZiEenIEqwEV,371.000,ahO5G+QMJW9JXaZF,440.000,8hVPVElPDyJLGNul,447.000,jgBHfjfbNleko2Dt,463.000,7z+hv5WDnSUYTapr,468.000,RAVUzYYMBq+gCXIY,505.000,oDVDcsz2DDcqmuZv,561.000,RQhhLWQoTrRIOUIj,599.000,ZNeI4CIi8cYNeSIl,,
5,160,2026-04-03T09:50:46.681Z,572.000,9,266.000,7z+hv5WDnSUYTapr,299.000,sRrp0ZiEenIEqwEV,309.000,ahO5G+QMJW9JXaZF,417.000,8hVPVElPDyJLGNul,531.000,RAVUzYYMBq+gCXIY,569.000,ZNeI4CIi8cYNeSIl,574.000,oDVDcsz2DDcqmuZv,614.000,mFtsU2NLbV393iPp,615.000,RQhhLWQoTrRIOUIj,,
5,161,2026-04-03T09:50:47.253Z,494.000,8,220.000,sRrp0ZiEenIEqwEV,380.000,ZNeI4CIi8cYNeSIl,425.000,RAVUzYYMBq+gCXIY,468.000,oDVDcsz2DDcqmuZv,485.000,RQhhLWQoTrRIOUIj,490.000,8hVPVElPDyJLGNul,493.000,ahO5G+QMJW9JXaZF,609.000,mFtsU2NLbV393iPp,,,,
5,162,2026-04-03T09:50:47.747Z,688.000,10,174.000,7z+hv5WDnSUYTapr,308.000,RQhhLWQoTrRIOUIj,312.000,sRrp0ZiEenIEqwEV,330.000,ahO5G+QMJW9JXaZF,483.000,RAVUzYYMBq+gCXIY,663.000,ZNeI4CIi8cYNeSIl,688.000,jgBHfjfbNleko2Dt,727.000,mFtsU2NLbV393iPp,883.000,oDVDcsz2DDcqmuZv,728.000,8hVPVElPDyJLGNul
5,163,2026-04-03T09:50:48.435Z,631.000,9,163.000,sRrp0ZiEenIEqwEV,281.000,7z+hv5WDnSUYTapr,345.000,8hVPVElPDyJLGNul,458.000,RAVUzYYMBq+gCXIY,529.000,ahO5G+QMJW9JXaZF,530.000,mFtsU2NLbV393iPp,631.000,RQhhLWQoTrRIOUIj,664.000,oDVDcsz2DDcqmuZv,671.000,ZNeI4CIi8cYNeSIl,,
5,164,2026-04-03T09:50:49.066Z,955.000,8,210.000,RQhhLWQoTrRIOUIj,348.000,sRrp0ZiEenIEqwEV,512.000,ZNeI4CIi8cYNeSIl,528.000,RAVUzYYMBq+gCXIY,674.000,oDVDcsz2DDcqmuZv,903.000,ahO5G+QMJW9JXaZF,955.000,8hVPVElPDyJLGNul,986.000,mFtsU2NLbV393iPp,,,,
5,165,2026-04-03T09:50:50.021Z,838.000,7,308.000,ahO5G+QMJW9JXaZF,498.000,RQhhLWQoTrRIOUIj,654.000,ZNeI4CIi8cYNeSIl,712.000,oDVDcsz2DDcqmuZv,784.000,RAVUzYYMBq+gCXIY,837.000,sRrp0ZiEenIEqwEV,838.000,7z+hv5WDnSUYTapr,,,,,,
5,166,2026-04-03T09:50:50.859Z,901.000,7,212.000,sRrp0ZiEenIEqwEV,494.000,RQhhLWQoTrRIOUIj,662.000,ZNeI4CIi8cYNeSIl,668.000,RAVUzYYMBq+gCXIY,752.000,ahO5G+QMJW9JXaZF,754.000,mFtsU2NLbV393iPp,902.000,oDVDcsz2DDcqmuZv,,,,,,
5,167,2026-04-03T09:50:51.760Z,975.000,7,418.000,ZNeI4CIi8cYNeSIl,447.000,sRrp0ZiEenIEqwEV,496.000,RAVUzYYMBq+gCXIY,726.000,RQhhLWQoTrRIOUIj,893.000,jgBHfjfbNleko2Dt,961.000,ahO5G+QMJW9JXaZF,976.000,oDVDcsz2DDcqmuZv,,,,,,
5,168,2026-04-03T09:50:52.735Z,1051.000,8,684.000,sRrp0ZiEenIEqwEV,832.000,RAVUzYYMBq+gCXIY,850.000,jgBHfjfbNleko2Dt,872.000,RQhhLWQoTrRIOUIj,967.000,oDVDcsz2DDcqmuZv,1050.000,7z+hv5WDnSUYTapr,1051.000,ahO5G+QMJW9JXaZF,1139.000,mFtsU2NLbV393iPp,,,,
5,169,2026-04-03T09:50:53.786Z,1140.000,8,312.000,7z+hv5WDnSUYTapr,462.000,RAVUzYYMBq+gCXIY,749.000,RQhhLWQoTrRIOUIj,908.000,8hVPVElPDyJLGNul,949.000,jgBHfjfbNleko2Dt,1055.000,sRrp0ZiEenIEqwEV,1143.000,oDVDcsz2DDcqmuZv,1140.000,ahO5G+QMJW9JXaZF,,,,
5,170,2026-04-03T09:50:54.926Z,1071.000,7,757.000,RAVUzYYMBq+gCXIY,896.000,7z+hv5WDnSUYTapr,963.000,RQhhLWQoTrRIOUIj,964.000,sRrp0ZiEenIEqwEV,981.000,oDVDcsz2DDcqmuZv,1036.000,ahO5G+QMJW9JXaZF,1071.000,mFtsU2NLbV393iPp,,,,,,
5,171,2026-04-03T09:50:55.997Z,1716.000,7,712.000,RAVUzYYMBq+gCXIY,908.000,mFtsU2NLbV393iPp,958.000,7z+hv5WDnSUYTapr,1024.000,oDVDcsz2DDcqmuZv,1566.000,sRrp0ZiEenIEqwEV,1678.000,RQhhLWQoTrRIOUIj,1717.000,ZNeI4CIi8cYNeSIl,,,,,,
5,172,2026-04-03T09:50:57.713Z,2240.000,7,1045.000,sRrp0ZiEenIEqwEV,1352.000,RAVUzYYMBq+gCXIY,1417.000,7z+hv5WDnSUYTapr,1445.000,8hVPVElPDyJLGNul,1508.000,jgBHfjfbNleko2Dt,2211.000,ZNeI4CIi8cYNeSIl,2240.000,RQhhLWQoTrRIOUIj,,,,,,
5,173,2026-04-03T09:50:59.953Z,2364.000,8,987.000,sRrp0ZiEenIEqwEV,1138.000,ZNeI4CIi8cYNeSIl,1538.000,RAVUzYYMBq+gCXIY,1965.000,RQhhLWQoTrRIOUIj,2290.000,oDVDcsz2DDcqmuZv,2296.000,7z+hv5WDnSUYTapr,2364.000,8hVPVElPDyJLGNul,2557.000,mFtsU2NLbV393iPp,,,,
5,174,2026-04-03T09:51:02.317Z,2913.000,10,2649.000,RAVUzYYMBq+gCXIY,2651.000,ahO5G+QMJW9JXaZF,2730.000,sRrp0ZiEenIEqwEV,2774.000,8hVPVElPDyJLGNul,2849.000,7z+hv5WDnSUYTapr,2858.000,jgBHfjfbNleko2Dt,2913.000,RQhhLWQoTrRIOUIj,2953.000,mFtsU2NLbV393iPp,3003.000,oDVDcsz2DDcqmuZv,3007.000,ZNeI4CIi8cYNeSIl
5,175,2026-04-03T09:51:05.230Z,3083.000,9,2901.000,7z+hv5WDnSUYTapr,2903.000,RAVUzYYMBq+gCXIY,2947.000,sRrp0ZiEenIEqwEV,3017.000,oDVDcsz2DDcqmuZv,3074.000,ahO5G+QMJW9JXaZF,3080.000,8hVPVElPDyJLGNul,3083.000,RQhhLWQoTrRIOUIj,3172.000,mFtsU2NLbV393iPp,3225.000,ZNeI4CIi8cYNeSIl,,
5,176,2026-04-03T09:51:08.313Z,3845.000,8,2522.000,RQhhLWQoTrRIOUIj,2632.000,RAVUzYYMBq+gCXIY,2848.000,7z+hv5WDnSUYTapr,2924.000,8hVPVElPDyJLGNul,3019.000,jgBHfjfbNleko2Dt,3691.000,sRrp0ZiEenIEqwEV,3844.000,oDVDcsz2DDcqmuZv,3846.000,ZNeI4CIi8cYNeSIl,,,,
5,177,2026-04-03T09:51:12.158Z,4092.000,9,2901.000,sRrp0ZiEenIEqwEV,2921.000,ZNeI4CIi8cYNeSIl,3189.000,7z+hv5WDnSUYTapr,3280.000,mFtsU2NLbV393iPp,3849.000,RQhhLWQoTrRIOUIj,3897.000,RAVUzYYMBq+gCXIY,4092.000,8hVPVElPDyJLGNul,4253.000,oDVDcsz2DDcqmuZv,4388.000,jgBHfjfbNleko2Dt,,
5,178,2026-04-03T09:51:16.250Z,5308.000,7,3776.000,sRrp0ZiEenIEqwEV,3935.000,RAVUzYYMBq+gCXIY,3959.000,RQhhLWQoTrRIOUIj,4013.000,ZNeI4CIi8cYNeSIl,4358.000,7z+hv5WDnSUYTapr,4358.000,jgBHfjfbNleko2Dt,5308.000,mFtsU2NLbV393iPp,,,,,,
5,179,2026-04-03T09:51:21.558Z,5031.000,7,3787.000,ZNeI4CIi8cYNeSIl,4272.000,mFtsU2NLbV393iPp,4531.000,sRrp0ZiEenIEqwEV,4687.000,RAVUzYYMBq+gCXIY,4749.000,RQhhLWQoTrRIOUIj,5030.000,7z+hv5WDnSUYTapr,5031.000,oDVDcsz2DDcqmuZv,,,,,,
5,180,2026-04-03T09:51:26.589Z,5887.000,8,4940.000,7z+hv5WDnSUYTapr,4948.000,RAVUzYYMBq+gCXIY,5656.000,8hVPVElPDyJLGNul,5707.000,ahO5G+QMJW9JXaZF,5713.000,sRrp0ZiEenIEqwEV,5862.000,ZNeI4CIi8cYNeSIl,5887.000,jgBHfjfbNleko2Dt,6020.000,oDVDcsz2DDcqmuZv,,,,
5,181,2026-04-03T09:51:32.476Z,6393.000,8,6160.000,7z+hv5WDnSUYTapr,6161.000,sRrp0ZiEenIEqwEV,6346.000,mFtsU2NLbV393iPp,6358.000,8hVPVElPDyJLGNul,6362.000,RAVUzYYMBq+gCXIY,6373.000,RQhhLWQoTrRIOUIj,6393.000,oDVDcsz2DDcqmuZv,6395.000,ZNeI4CIi8cYNeSIl,,,,
5,182,2026-04-03T09:51:38.869Z,6861.000,8,6495.000,RQhhLWQoTrRIOUIj,6673.000,jgBHfjfbNleko2Dt,6676.000,mFtsU2NLbV393iPp,6731.000,8hVPVElPDyJLGNul,6769.000,sRrp0ZiEenIEqwEV,6769.000,ahO5G+QMJW9JXaZF,6861.000,7z+hv5WDnSUYTapr,7016.000,RAVUzYYMBq+gCXIY,,,,
5,183,2026-04-03T09:51:45.730Z,7722.000,7,7070.000,RAVUzYYMBq+gCXIY,7296.000,ZNeI4CIi8cYNeSIl,7626.000,sRrp0ZiEenIEqwEV,7626.000,ahO5G+QMJW9JXaZF,7634.000,jgBHfjfbNleko2Dt,7719.000,RQhhLWQoTrRIOUIj,7723.000,mFtsU2NLbV393iPp,,,,,,
5,184,2026-04-03T09:51:53.452Z,8174.000,7,7320.000,ahO5G+QMJW9JXaZF,7479.000,mFtsU2NLbV393iPp,7480.000,RQhhLWQoTrRIOUIj,7586.000,jgBHfjfbNleko2Dt,8137.000,ZNeI4CIi8cYNeSIl,8154.000,sRrp0ZiEenIEqwEV,8174.000,7z+hv5WDnSUYTapr,,,,,,
5,185,2026-04-03T09:52:01.626Z,,0,,,,,,,,,,,,,,,,,,,,
6,1,2026-04-03T09:49:47.473Z,4773.000,7,208.000,sRrp0ZiEenIEqwEV,1327.000,jgBHfjfbNleko2Dt,1875.000,7z+hv5WDnSUYTapr,2598.000,ahO5G+QMJW9JXaZF,4129.000,8hVPVElPDyJLGNul,4631.000,ZNeI4CIi8cYNeSIl,4773.000,RQhhLWQoTrRIOUIj,,,,,,
6,2,2026-04-03T09:49:52.246Z,780.000,7,108.000,7z+hv5WDnSUYTapr,203.000,ahO5G+QMJW9JXaZF,209.000,sRrp0ZiEenIEqwEV,210.000,jgBHfjfbNleko2Dt,306.000,RQhhLWQoTrRIOUIj,767.000,8hVPVElPDyJLGNul,923.000,ZNeI4CIi8cYNeSIl,,,,,,
6,3,2026-04-03T09:49:53.026Z,772.000,8,268.000,7z+hv5WDnSUYTapr,270.000,ahO5G+QMJW9JXaZF,273.000,sRrp0ZiEenIEqwEV,372.000,jgBHfjfbNleko2Dt,375.000,RQhhLWQoTrRIOUIj,565.000,8hVPVElPDyJLGNul,977.000,mFtsU2NLbV393iPp,792.000,ZNeI4CIi8cYNeSIl,,,,
6,4,2026-04-03T09:49:53.798Z,312.000,9,207.000,RQhhLWQoTrRIOUIj,207.000,7z+hv5WDnSUYTapr,208.000,ahO5G+QMJW9JXaZF,209.000,jgBHfjfbNleko2Dt,210.000,sRrp0ZiEenIEqwEV,256.000,mFtsU2NLbV393iPp,312.000,8hVPVElPDyJLGNul,335.000,ZNeI4CIi8cYNeSIl,378.000,RAVUzYYMBq+gCXIY,,
6,5,2026-04-03T09:49:54.110Z,415.000,8,210.000,sRrp0ZiEenIEqwEV,211.000,7z+hv5WDnSUYTapr,214.000,ahO5G+QMJW9JXaZF,242.000,8hVPVElPDyJLGNul,316.000,jgBHfjfbNleko2Dt,414.000,mFtsU2NLbV393iPp,416.000,RQhhLWQoTrRIOUIj,583.000,ZNeI4CIi8cYNeSIl,,,,
6,6,2026-04-03T09:49:54.525Z,309.000,7,204.000,ahO5G+QMJW9JXaZF,207.000,sRrp0ZiEenIEqwEV,210.000,jgBHfjfbNleko2Dt,213.000,7z+hv5WDnSUYTapr,246.000,8hVPVElPDyJLGNul,309.000,RQhhLWQoTrRIOUIj,353.000,mFtsU2NLbV393iPp,,,,,,
6,7,2026-04-03T09:49:54.834Z,307.000,8,204.000,ahO5G+QMJW9JXaZF,206.000,7z+hv5WDnSUYTapr,207.000,sRrp0ZiEenIEqwEV,207.000,8hVPVElPDyJLGNul,251.000,jgBHfjfbNleko2Dt,292.000,mFtsU2NLbV393iPp,310.000,RQhhLWQoTrRIOUIj,462.000,ZNeI4CIi8cYNeSIl,,,,
6,8,2026-04-03T09:49:55.141Z,306.000,9,205.000,7z+hv5WDnSUYTapr,207.000,sRrp0ZiEenIEqwEV,208.000,8hVPVElPDyJLGNul,209.000,ahO5G+QMJW9JXaZF,246.000,jgBHfjfbNleko2Dt,291.000,mFtsU2NLbV393iPp,309.000,RQhhLWQoTrRIOUIj,462.000,ZNeI4CIi8cYNeSIl,465.000,RAVUzYYMBq+gCXIY,,
6,9,2026-04-03T09:49:55.447Z,307.000,8,201.000,8hVPVElPDyJLGNul,205.000,sRrp0ZiEenIEqwEV,209.000,7z+hv5WDnSUYTapr,212.000,ahO5G+QMJW9JXaZF,249.000,jgBHfjfbNleko2Dt,295.000,mFtsU2NLbV393iPp,312.000,RQhhLWQoTrRIOUIj,464.000,ZNeI4CIi8cYNeSIl,,,,
6,10,2026-04-03T09:49:55.754Z,303.000,7,201.000,sRrp0ZiEenIEqwEV,207.000,7z+hv5WDnSUYTapr,212.000,8hVPVElPDyJLGNul,214.000,ahO5G+QMJW9JXaZF,250.000,jgBHfjfbNleko2Dt,297.000,mFtsU2NLbV393iPp,315.000,RQhhLWQoTrRIOUIj,,,,,,
6,11,2026-04-03T09:49:56.057Z,306.000,8,206.000,sRrp0ZiEenIEqwEV,213.000,7z+hv5WDnSUYTapr,214.000,8hVPVElPDyJLGNul,221.000,ahO5G+QMJW9JXaZF,255.000,jgBHfjfbNleko2Dt,303.000,mFtsU2NLbV393iPp,317.000,RQhhLWQoTrRIOUIj,525.000,RAVUzYYMBq+gCXIY,,,,
6,12,2026-04-03T09:49:56.363Z,305.000,7,203.000,sRrp0ZiEenIEqwEV,211.000,7z+hv5WDnSUYTapr,216.000,8hVPVElPDyJLGNul,222.000,ahO5G+QMJW9JXaZF,259.000,jgBHfjfbNleko2Dt,300.000,mFtsU2NLbV393iPp,321.000,RQhhLWQoTrRIOUIj,,,,,,
6,13,2026-04-03T09:49:56.668Z,310.000,9,205.000,sRrp0ZiEenIEqwEV,217.000,7z+hv5WDnSUYTapr,219.000,8hVPVElPDyJLGNul,225.000,ahO5G+QMJW9JXaZF,263.000,jgBHfjfbNleko2Dt,309.000,mFtsU2NLbV393iPp,326.000,RQhhLWQoTrRIOUIj,478.000,ZNeI4CIi8cYNeSIl,480.000,oDVDcsz2DDcqmuZv,,
6,14,2026-04-03T09:49:56.978Z,312.000,8,208.000,sRrp0ZiEenIEqwEV,217.000,7z+hv5WDnSUYTapr,221.000,8hVPVElPDyJLGNul,223.000,ahO5G+QMJW9JXaZF,260.000,jgBHfjfbNleko2Dt,307.000,mFtsU2NLbV393iPp,322.000,RQhhLWQoTrRIOUIj,616.000,oDVDcsz2DDcqmuZv,,,,
6,15,2026-04-03T09:49:57.290Z,273.000,9,166.000,ahO5G+QMJW9JXaZF,208.000,sRrp0ZiEenIEqwEV,212.000,7z+hv5WDnSUYTapr,215.000,8hVPVElPDyJLGNul,258.000,jgBHfjfbNleko2Dt,307.000,mFtsU2NLbV393iPp,317.000,RQhhLWQoTrRIOUIj,472.000,RAVUzYYMBq+gCXIY,475.000,ZNeI4CIi8cYNeSIl,,
6,16,2026-04-03T09:49:57.563Z,303.000,7,201.000,ahO5G+QMJW9JXaZF,221.000,7z+hv5WDnSUYTapr,242.000,sRrp0ZiEenIEqwEV,245.000,8hVPVElPDyJLGNul,291.000,jgBHfjfbNleko2Dt,339.000,mFtsU2NLbV393iPp,346.000,RQhhLWQoTrRIOUIj,,,,,,
6,17,2026-04-03T09:49:57.866Z,314.000,8,210.000,ahO5G+QMJW9JXaZF,246.000,8hVPVElPDyJLGNul,247.000,sRrp0ZiEenIEqwEV,259.000,7z+hv5WDnSUYTapr,299.000,jgBHfjfbNleko2Dt,350.000,RQhhLWQoTrRIOUIj,346.000,mFtsU2NLbV393iPp,515.000,ZNeI4CIi8cYNeSIl,,,,
6,18,2026-04-03T09:49:58.180Z,314.000,8,208.000,ahO5G+QMJW9JXaZF,240.000,8hVPVElPDyJLGNul,243.000,sRrp0ZiEenIEqwEV,253.000,7z+hv5WDnSUYTapr,292.000,jgBHfjfbNleko2Dt,338.000,mFtsU2NLbV393iPp,346.000,RQhhLWQoTrRIOUIj,470.000,RAVUzYYMBq+gCXIY,,,,
6,19,2026-04-03T09:49:58.494Z,306.000,9,204.000,ahO5G+QMJW9JXaZF,229.000,sRrp0ZiEenIEqwEV,239.000,8hVPVElPDyJLGNul,249.000,7z+hv5WDnSUYTapr,289.000,jgBHfjfbNleko2Dt,334.000,mFtsU2NLbV393iPp,340.000,RQhhLWQoTrRIOUIj,461.000,oDVDcsz2DDcqmuZv,462.000,ZNeI4CIi8cYNeSIl,,
6,20,2026-04-03T09:49:58.800Z,311.000,9,207.000,ahO5G+QMJW9JXaZF,225.000,7z+hv5WDnSUYTapr,237.000,8hVPVElPDyJLGNul,242.000,sRrp0ZiEenIEqwEV,291.000,jgBHfjfbNleko2Dt,341.000,RQhhLWQoTrRIOUIj,338.000,mFtsU2NLbV393iPp,473.000,ZNeI4CIi8cYNeSIl,474.000,RAVUzYYMBq+gCXIY,,
6,21,2026-04-03T09:49:59.111Z,305.000,10,205.000,ahO5G+QMJW9JXaZF,235.000,sRrp0ZiEenIEqwEV,235.000,8hVPVElPDyJLGNul,257.000,7z+hv5WDnSUYTapr,291.000,jgBHfjfbNleko2Dt,335.000,mFtsU2NLbV393iPp,336.000,RQhhLWQoTrRIOUIj,440.000,oDVDcsz2DDcqmuZv,442.000,ZNeI4CIi8cYNeSIl,444.000,RAVUzYYMBq+gCXIY
6,22,2026-04-03T09:49:59.416Z,310.000,10,205.000,ahO5G+QMJW9JXaZF,237.000,8hVPVElPDyJLGNul,239.000,sRrp0ZiEenIEqwEV,261.000,7z+hv5WDnSUYTapr,298.000,jgBHfjfbNleko2Dt,337.000,RQhhLWQoTrRIOUIj,343.000,mFtsU2NLbV393iPp,440.000,oDVDcsz2DDcqmuZv,442.000,ZNeI4CIi8cYNeSIl,444.000,RAVUzYYMBq+gCXIY
6,23,2026-04-03T09:49:59.726Z,303.000,10,200.000,ahO5G+QMJW9JXaZF,236.000,sRrp0ZiEenIEqwEV,240.000,8hVPVElPDyJLGNul,256.000,7z+hv5WDnSUYTapr,296.000,jgBHfjfbNleko2Dt,345.000,mFtsU2NLbV393iPp,340.000,RQhhLWQoTrRIOUIj,434.000,ZNeI4CIi8cYNeSIl,437.000,oDVDcsz2DDcqmuZv,440.000,RAVUzYYMBq+gCXIY
6,24,2026-04-03T09:50:00.029Z,307.000,10,203.000,ahO5G+QMJW9JXaZF,246.000,8hVPVElPDyJLGNul,248.000,sRrp0ZiEenIEqwEV,257.000,7z+hv5WDnSUYTapr,303.000,jgBHfjfbNleko2Dt,345.000,RQhhLWQoTrRIOUIj,349.000,mFtsU2NLbV393iPp,438.000,ZNeI4CIi8cYNeSIl,443.000,RAVUzYYMBq+gCXIY,444.000,oDVDcsz2DDcqmuZv
6,25,2026-04-03T09:50:00.336Z,311.000,10,206.000,ahO5G+QMJW9JXaZF,243.000,sRrp0ZiEenIEqwEV,248.000,8hVPVElPDyJLGNul,267.000,7z+hv5WDnSUYTapr,301.000,jgBHfjfbNleko2Dt,348.000,RQhhLWQoTrRIOUIj,352.000,mFtsU2NLbV393iPp,442.000,ZNeI4CIi8cYNeSIl,444.000,oDVDcsz2DDcqmuZv,449.000,RAVUzYYMBq+gCXIY
6,26,2026-04-03T09:50:00.647Z,309.000,9,204.000,ahO5G+QMJW9JXaZF,242.000,sRrp0ZiEenIEqwEV,246.000,8hVPVElPDyJLGNul,265.000,7z+hv5WDnSUYTapr,300.000,jgBHfjfbNleko2Dt,343.000,RQhhLWQoTrRIOUIj,349.000,mFtsU2NLbV393iPp,441.000,oDVDcsz2DDcqmuZv,444.000,ZNeI4CIi8cYNeSIl,,
6,27,2026-04-03T09:50:00.956Z,311.000,10,206.000,ahO5G+QMJW9JXaZF,242.000,sRrp0ZiEenIEqwEV,245.000,8hVPVElPDyJLGNul,266.000,7z+hv5WDnSUYTapr,294.000,jgBHfjfbNleko2Dt,343.000,RQhhLWQoTrRIOUIj,351.000,mFtsU2NLbV393iPp,436.000,ZNeI4CIi8cYNeSIl,438.000,oDVDcsz2DDcqmuZv,440.000,RAVUzYYMBq+gCXIY
6,28,2026-04-03T09:50:01.267Z,308.000,9,206.000,ahO5G+QMJW9JXaZF,242.000,sRrp0ZiEenIEqwEV,247.000,8hVPVElPDyJLGNul,265.000,7z+hv5WDnSUYTapr,290.000,jgBHfjfbNleko2Dt,340.000,RQhhLWQoTrRIOUIj,350.000,mFtsU2NLbV393iPp,465.000,oDVDcsz2DDcqmuZv,467.000,ZNeI4CIi8cYNeSIl,,
6,29,2026-04-03T09:50:01.575Z,308.000,9,204.000,ahO5G+QMJW9JXaZF,244.000,sRrp0ZiEenIEqwEV,246.000,8hVPVElPDyJLGNul,264.000,7z+hv5WDnSUYTapr,288.000,jgBHfjfbNleko2Dt,349.000,mFtsU2NLbV393iPp,340.000,RQhhLWQoTrRIOUIj,432.000,ZNeI4CIi8cYNeSIl,434.000,RAVUzYYMBq+gCXIY,,
6,30,2026-04-03T09:50:01.883Z,309.000,10,207.000,ahO5G+QMJW9JXaZF,244.000,sRrp0ZiEenIEqwEV,246.000,8hVPVElPDyJLGNul,265.000,7z+hv5WDnSUYTapr,290.000,jgBHfjfbNleko2Dt,349.000,mFtsU2NLbV393iPp,339.000,RQhhLWQoTrRIOUIj,463.000,RAVUzYYMBq+gCXIY,465.000,ZNeI4CIi8cYNeSIl,466.000,oDVDcsz2DDcqmuZv
6,31,2026-04-03T09:50:02.192Z,309.000,9,207.000,ahO5G+QMJW9JXaZF,240.000,sRrp0ZiEenIEqwEV,243.000,8hVPVElPDyJLGNul,260.000,7z+hv5WDnSUYTapr,293.000,jgBHfjfbNleko2Dt,341.000,RQhhLWQoTrRIOUIj,348.000,mFtsU2NLbV393iPp,465.000,RAVUzYYMBq+gCXIY,467.000,ZNeI4CIi8cYNeSIl,,
6,32,2026-04-03T09:50:02.501Z,308.000,10,204.000,ahO5G+QMJW9JXaZF,240.000,sRrp0ZiEenIEqwEV,240.000,8hVPVElPDyJLGNul,261.000,7z+hv5WDnSUYTapr,291.000,jgBHfjfbNleko2Dt,344.000,RQhhLWQoTrRIOUIj,343.000,mFtsU2NLbV393iPp,428.000,RAVUzYYMBq+gCXIY,429.000,ZNeI4CIi8cYNeSIl,433.000,oDVDcsz2DDcqmuZv
6,33,2026-04-03T09:50:02.809Z,303.000,10,202.000,ahO5G+QMJW9JXaZF,240.000,sRrp0ZiEenIEqwEV,241.000,8hVPVElPDyJLGNul,259.000,7z+hv5WDnSUYTapr,291.000,jgBHfjfbNleko2Dt,347.000,RQhhLWQoTrRIOUIj,344.000,mFtsU2NLbV393iPp,425.000,ZNeI4CIi8cYNeSIl,430.000,oDVDcsz2DDcqmuZv,432.000,RAVUzYYMBq+gCXIY
6,34,2026-04-03T09:50:03.112Z,308.000,10,207.000,ahO5G+QMJW9JXaZF,248.000,sRrp0ZiEenIEqwEV,250.000,8hVPVElPDyJLGNul,265.000,7z+hv5WDnSUYTapr,292.000,jgBHfjfbNleko2Dt,352.000,mFtsU2NLbV393iPp,353.000,RQhhLWQoTrRIOUIj,432.000,oDVDcsz2DDcqmuZv,437.000,ZNeI4CIi8cYNeSIl,438.000,RAVUzYYMBq+gCXIY
6,35,2026-04-03T09:50:03.420Z,315.000,10,209.000,ahO5G+QMJW9JXaZF,250.000,sRrp0ZiEenIEqwEV,251.000,8hVPVElPDyJLGNul,267.000,7z+hv5WDnSUYTapr,294.000,jgBHfjfbNleko2Dt,356.000,RQhhLWQoTrRIOUIj,350.000,mFtsU2NLbV393iPp,433.000,oDVDcsz2DDcqmuZv,434.000,ZNeI4CIi8cYNeSIl,436.000,RAVUzYYMBq+gCXIY
6,36,2026-04-03T09:50:03.735Z,308.000,10,204.000,ahO5G+QMJW9JXaZF,245.000,sRrp0ZiEenIEqwEV,247.000,8hVPVElPDyJLGNul,257.000,7z+hv5WDnSUYTapr,285.000,jgBHfjfbNleko2Dt,347.000,mFtsU2NLbV393iPp,348.000,RQhhLWQoTrRIOUIj,433.000,oDVDcsz2DDcqmuZv,434.000,RAVUzYYMBq+gCXIY,438.000,ZNeI4CIi8cYNeSIl
6,37,2026-04-03T09:50:04.043Z,308.000,10,204.000,ahO5G+QMJW9JXaZF,246.000,8hVPVElPDyJLGNul,247.000,sRrp0ZiEenIEqwEV,260.000,7z+hv5WDnSUYTapr,288.000,jgBHfjfbNleko2Dt,345.000,mFtsU2NLbV393iPp,349.000,RQhhLWQoTrRIOUIj,431.000,oDVDcsz2DDcqmuZv,435.000,ZNeI4CIi8cYNeSIl,437.000,RAVUzYYMBq+gCXIY
6,38,2026-04-03T09:50:04.351Z,311.000,10,206.000,ahO5G+QMJW9JXaZF,246.000,sRrp0ZiEenIEqwEV,246.000,8hVPVElPDyJLGNul,260.000,7z+hv5WDnSUYTapr,290.000,jgBHfjfbNleko2Dt,340.000,mFtsU2NLbV393iPp,347.000,RQhhLWQoTrRIOUIj,450.000,oDVDcsz2DDcqmuZv,455.000,RAVUzYYMBq+gCXIY,456.000,ZNeI4CIi8cYNeSIl
6,39,2026-04-03T09:50:04.662Z,312.000,10,207.000,ahO5G+QMJW9JXaZF,240.000,sRrp0ZiEenIEqwEV,241.000,8hVPVElPDyJLGNul,264.000,7z+hv5WDnSUYTapr,290.000,jgBHfjfbNleko2Dt,343.000,RQhhLWQoTrRIOUIj,339.000,mFtsU2NLbV393iPp,459.000,ZNeI4CIi8cYNeSIl,464.000,oDVDcsz2DDcqmuZv,471.000,RAVUzYYMBq+gCXIY
6,40,2026-04-03T09:50:04.974Z,304.000,7,203.000,ahO5G+QMJW9JXaZF,233.000,8hVPVElPDyJLGNul,238.000,sRrp0ZiEenIEqwEV,263.000,7z+hv5WDnSUYTapr,289.000,jgBHfjfbNleko2Dt,337.000,mFtsU2NLbV393iPp,333.000,RQhhLWQoTrRIOUIj,,,,,,
6,41,2026-04-03T09:50:05.278Z,307.000,9,203.000,ahO5G+QMJW9JXaZF,214.000,sRrp0ZiEenIEqwEV,236.000,8hVPVElPDyJLGNul,271.000,7z+hv5WDnSUYTapr,287.000,jgBHfjfbNleko2Dt,341.000,mFtsU2NLbV393iPp,340.000,RQhhLWQoTrRIOUIj,462.000,ZNeI4CIi8cYNeSIl,463.000,RAVUzYYMBq+gCXIY,,
6,42,2026-04-03T09:50:05.585Z,306.000,10,202.000,ahO5G+QMJW9JXaZF,204.000,7z+hv5WDnSUYTapr,238.000,8hVPVElPDyJLGNul,243.000,sRrp0ZiEenIEqwEV,288.000,jgBHfjfbNleko2Dt,341.000,mFtsU2NLbV393iPp,339.000,RQhhLWQoTrRIOUIj,430.000,RAVUzYYMBq+gCXIY,431.000,ZNeI4CIi8cYNeSIl,432.000,oDVDcsz2DDcqmuZv
6,43,2026-04-03T09:50:05.891Z,305.000,10,202.000,7z+hv5WDnSUYTapr,208.000,ahO5G+QMJW9JXaZF,239.000,sRrp0ZiEenIEqwEV,240.000,8hVPVElPDyJLGNul,293.000,jgBHfjfbNleko2Dt,343.000,mFtsU2NLbV393iPp,341.000,RQhhLWQoTrRIOUIj,459.000,oDVDcsz2DDcqmuZv,460.000,RAVUzYYMBq+gCXIY,461.000,ZNeI4CIi8cYNeSIl
6,44,2026-04-03T09:50:06.196Z,310.000,10,208.000,7z+hv5WDnSUYTapr,214.000,ahO5G+QMJW9JXaZF,242.000,sRrp0ZiEenIEqwEV,243.000,8hVPVElPDyJLGNul,295.000,jgBHfjfbNleko2Dt,347.000,mFtsU2NLbV393iPp,345.000,RQhhLWQoTrRIOUIj,460.000,ZNeI4CIi8cYNeSIl,461.000,oDVDcsz2DDcqmuZv,463.000,RAVUzYYMBq+gCXIY
6,45,2026-04-03T09:50:06.506Z,307.000,10,206.000,7z+hv5WDnSUYTapr,214.000,ahO5G+QMJW9JXaZF,242.000,sRrp0ZiEenIEqwEV,246.000,8hVPVElPDyJLGNul,293.000,jgBHfjfbNleko2Dt,339.000,RQhhLWQoTrRIOUIj,351.000,mFtsU2NLbV393iPp,443.000,oDVDcsz2DDcqmuZv,444.000,ZNeI4CIi8cYNeSIl,445.000,RAVUzYYMBq+gCXIY
6,46,2026-04-03T09:50:06.813Z,310.000,10,206.000,7z+hv5WDnSUYTapr,210.000,ahO5G+QMJW9JXaZF,241.000,sRrp0ZiEenIEqwEV,248.000,8hVPVElPDyJLGNul,292.000,jgBHfjfbNleko2Dt,348.000,mFtsU2NLbV393iPp,344.000,RQhhLWQoTrRIOUIj,418.000,RAVUzYYMBq+gCXIY,419.000,ZNeI4CIi8cYNeSIl,422.000,oDVDcsz2DDcqmuZv
6,47,2026-04-03T09:50:07.123Z,314.000,10,207.000,7z+hv5WDnSUYTapr,212.000,ahO5G+QMJW9JXaZF,243.000,sRrp0ZiEenIEqwEV,246.000,8hVPVElPDyJLGNul,289.000,jgBHfjfbNleko2Dt,337.000,RQhhLWQoTrRIOUIj,353.000,mFtsU2NLbV393iPp,442.000,RAVUzYYMBq+gCXIY,444.000,ZNeI4CIi8cYNeSIl,446.000,oDVDcsz2DDcqmuZv
6,48,2026-04-03T09:50:07.437Z,310.000,10,205.000,ahO5G+QMJW9JXaZF,208.000,7z+hv5WDnSUYTapr,236.000,sRrp0ZiEenIEqwEV,241.000,8hVPVElPDyJLGNul,288.000,jgBHfjfbNleko2Dt,337.000,RQhhLWQoTrRIOUIj,345.000,mFtsU2NLbV393iPp,456.000,ZNeI4CIi8cYNeSIl,458.000,RAVUzYYMBq+gCXIY,459.000,oDVDcsz2DDcqmuZv
6,49,2026-04-03T09:50:07.747Z,309.000,9,206.000,7z+hv5WDnSUYTapr,208.000,ahO5G+QMJW9JXaZF,235.000,sRrp0ZiEenIEqwEV,237.000,8hVPVElPDyJLGNul,291.000,jgBHfjfbNleko2Dt,341.000,mFtsU2NLbV393iPp,336.000,RQhhLWQoTrRIOUIj,462.000,oDVDcsz2DDcqmuZv,780.000,ZNeI4CIi8cYNeSIl,,
6,50,2026-04-03T09:50:08.056Z,310.000,8,206.000,7z+hv5WDnSUYTapr,208.000,ahO5G+QMJW9JXaZF,232.000,sRrp0ZiEenIEqwEV,239.000,8hVPVElPDyJLGNul,292.000,jgBHfjfbNleko2Dt,341.000,mFtsU2NLbV393iPp,337.000,RQhhLWQoTrRIOUIj,779.000,RAVUzYYMBq+gCXIY,,,,
6,51,2026-04-03T09:50:08.366Z,311.000,10,208.000,7z+hv5WDnSUYTapr,210.000,ahO5G+QMJW9JXaZF,234.000,sRrp0ZiEenIEqwEV,236.000,8hVPVElPDyJLGNul,291.000,jgBHfjfbNleko2Dt,337.000,RQhhLWQoTrRIOUIj,339.000,mFtsU2NLbV393iPp,403.000,oDVDcsz2DDcqmuZv,404.000,ZNeI4CIi8cYNeSIl,407.000,RAVUzYYMBq+gCXIY
6,52,2026-04-03T09:50:08.677Z,307.000,8,202.000,7z+hv5WDnSUYTapr,206.000,ahO5G+QMJW9JXaZF,230.000,sRrp0ZiEenIEqwEV,238.000,8hVPVElPDyJLGNul,288.000,jgBHfjfbNleko2Dt,339.000,mFtsU2NLbV393iPp,331.000,RQhhLWQoTrRIOUIj,383.000,RAVUzYYMBq+gCXIY,,,,
6,53,2026-04-03T09:50:08.984Z,334.000,9,204.000,7z+hv5WDnSUYTapr,206.000,ahO5G+QMJW9JXaZF,230.000,sRrp0ZiEenIEqwEV,235.000,8hVPVElPDyJLGNul,291.000,jgBHfjfbNleko2Dt,335.000,RQhhLWQoTrRIOUIj,337.000,mFtsU2NLbV393iPp,742.000,ZNeI4CIi8cYNeSIl,592.000,oDVDcsz2DDcqmuZv,,
6,54,2026-04-03T09:50:09.318Z,308.000,8,204.000,ahO5G+QMJW9JXaZF,207.000,sRrp0ZiEenIEqwEV,208.000,8hVPVElPDyJLGNul,208.000,7z+hv5WDnSUYTapr,269.000,jgBHfjfbNleko2Dt,310.000,mFtsU2NLbV393iPp,311.000,RQhhLWQoTrRIOUIj,715.000,oDVDcsz2DDcqmuZv,,,,
6,55,2026-04-03T09:50:09.626Z,309.000,7,245.000,7z+hv5WDnSUYTapr,246.000,ahO5G+QMJW9JXaZF,247.000,8hVPVElPDyJLGNul,251.000,sRrp0ZiEenIEqwEV,269.000,jgBHfjfbNleko2Dt,349.000,mFtsU2NLbV393iPp,347.000,RQhhLWQoTrRIOUIj,,,,,,
6,56,2026-04-03T09:50:09.935Z,331.000,7,205.000,sRrp0ZiEenIEqwEV,209.000,ahO5G+QMJW9JXaZF,213.000,7z+hv5WDnSUYTapr,245.000,8hVPVElPDyJLGNul,273.000,jgBHfjfbNleko2Dt,342.000,RQhhLWQoTrRIOUIj,347.000,mFtsU2NLbV393iPp,,,,,,
6,57,2026-04-03T09:50:10.266Z,306.000,8,201.000,ahO5G+QMJW9JXaZF,205.000,sRrp0ZiEenIEqwEV,208.000,7z+hv5WDnSUYTapr,220.000,8hVPVElPDyJLGNul,247.000,jgBHfjfbNleko2Dt,321.000,RQhhLWQoTrRIOUIj,322.000,mFtsU2NLbV393iPp,451.000,oDVDcsz2DDcqmuZv,,,,
6,58,2026-04-03T09:50:10.572Z,311.000,9,208.000,sRrp0ZiEenIEqwEV,215.000,7z+hv5WDnSUYTapr,222.000,8hVPVElPDyJLGNul,262.000,jgBHfjfbNleko2Dt,289.000,ahO5G+QMJW9JXaZF,325.000,mFtsU2NLbV393iPp,323.000,RQhhLWQoTrRIOUIj,453.000,RAVUzYYMBq+gCXIY,618.000,oDVDcsz2DDcqmuZv,,
6,59,2026-04-03T09:50:10.883Z,332.000,10,209.000,sRrp0ZiEenIEqwEV,218.000,7z+hv5WDnSUYTapr,223.000,8hVPVElPDyJLGNul,233.000,ahO5G+QMJW9JXaZF,292.000,jgBHfjfbNleko2Dt,328.000,mFtsU2NLbV393iPp,332.000,RQhhLWQoTrRIOUIj,466.000,RAVUzYYMBq+gCXIY,482.000,oDVDcsz2DDcqmuZv,506.000,ZNeI4CIi8cYNeSIl
6,60,2026-04-03T09:50:11.215Z,307.000,7,205.000,7z+hv5WDnSUYTapr,205.000,8hVPVElPDyJLGNul,206.000,sRrp0ZiEenIEqwEV,211.000,ahO5G+QMJW9JXaZF,303.000,jgBHfjfbNleko2Dt,304.000,mFtsU2NLbV393iPp,307.000,RQhhLWQoTrRIOUIj,,,,,,
6,61,2026-04-03T09:50:11.522Z,315.000,9,203.000,7z+hv5WDnSUYTapr,211.000,ahO5G+QMJW9JXaZF,214.000,8hVPVElPDyJLGNul,221.000,sRrp0ZiEenIEqwEV,314.000,mFtsU2NLbV393iPp,314.000,RQhhLWQoTrRIOUIj,316.000,jgBHfjfbNleko2Dt,381.000,RAVUzYYMBq+gCXIY,489.000,ZNeI4CIi8cYNeSIl,,
6,62,2026-04-03T09:50:11.837Z,358.000,10,352.000,sRrp0ZiEenIEqwEV,353.000,7z+hv5WDnSUYTapr,354.000,8hVPVElPDyJLGNul,355.000,mFtsU2NLbV393iPp,356.000,jgBHfjfbNleko2Dt,357.000,ahO5G+QMJW9JXaZF,436.000,RQhhLWQoTrRIOUIj,495.000,oDVDcsz2DDcqmuZv,565.000,RAVUzYYMBq+gCXIY,566.000,ZNeI4CIi8cYNeSIl
6,63,2026-04-03T09:50:12.195Z,315.000,7,210.000,sRrp0ZiEenIEqwEV,247.000,7z+hv5WDnSUYTapr,249.000,ahO5G+QMJW9JXaZF,295.000,8hVPVElPDyJLGNul,310.000,jgBHfjfbNleko2Dt,311.000,mFtsU2NLbV393iPp,406.000,RQhhLWQoTrRIOUIj,,,,,,
6,64,2026-04-03T09:50:12.510Z,323.000,9,204.000,sRrp0ZiEenIEqwEV,205.000,8hVPVElPDyJLGNul,223.000,ahO5G+QMJW9JXaZF,240.000,7z+hv5WDnSUYTapr,308.000,mFtsU2NLbV393iPp,310.000,RQhhLWQoTrRIOUIj,323.000,jgBHfjfbNleko2Dt,447.000,ZNeI4CIi8cYNeSIl,651.000,oDVDcsz2DDcqmuZv,,
6,65,2026-04-03T09:50:12.833Z,305.000,8,203.000,8hVPVElPDyJLGNul,207.000,sRrp0ZiEenIEqwEV,209.000,7z+hv5WDnSUYTapr,245.000,ahO5G+QMJW9JXaZF,287.000,RQhhLWQoTrRIOUIj,297.000,mFtsU2NLbV393iPp,305.000,jgBHfjfbNleko2Dt,673.000,ZNeI4CIi8cYNeSIl,,,,
6,66,2026-04-03T09:50:13.138Z,456.000,9,215.000,sRrp0ZiEenIEqwEV,223.000,8hVPVElPDyJLGNul,254.000,ahO5G+QMJW9JXaZF,291.000,RQhhLWQoTrRIOUIj,307.000,7z+hv5WDnSUYTapr,308.000,jgBHfjfbNleko2Dt,456.000,mFtsU2NLbV393iPp,528.000,RAVUzYYMBq+gCXIY,559.000,oDVDcsz2DDcqmuZv,,
6,67,2026-04-03T09:50:13.594Z,309.000,8,207.000,sRrp0ZiEenIEqwEV,207.000,8hVPVElPDyJLGNul,214.000,7z+hv5WDnSUYTapr,217.000,ahO5G+QMJW9JXaZF,248.000,jgBHfjfbNleko2Dt,252.000,RQhhLWQoTrRIOUIj,309.000,mFtsU2NLbV393iPp,421.000,ZNeI4CIi8cYNeSIl,,,,
6,68,2026-04-03T09:50:13.903Z,289.000,9,183.000,ahO5G+QMJW9JXaZF,203.000,sRrp0ZiEenIEqwEV,204.000,8hVPVElPDyJLGNul,254.000,jgBHfjfbNleko2Dt,265.000,RQhhLWQoTrRIOUIj,287.000,7z+hv5WDnSUYTapr,305.000,mFtsU2NLbV393iPp,454.000,oDVDcsz2DDcqmuZv,463.000,ZNeI4CIi8cYNeSIl,,
6,69,2026-04-03T09:50:14.192Z,313.000,8,209.000,ahO5G+QMJW9JXaZF,212.000,7z+hv5WDnSUYTapr,221.000,sRrp0ZiEenIEqwEV,222.000,8hVPVElPDyJLGNul,310.000,jgBHfjfbNleko2Dt,319.000,RQhhLWQoTrRIOUIj,322.000,mFtsU2NLbV393iPp,487.000,ZNeI4CIi8cYNeSIl,,,,
6,70,2026-04-03T09:50:14.505Z,310.000,8,206.000,ahO5G+QMJW9JXaZF,215.000,8hVPVElPDyJLGNul,216.000,sRrp0ZiEenIEqwEV,271.000,7z+hv5WDnSUYTapr,307.000,jgBHfjfbNleko2Dt,316.000,mFtsU2NLbV393iPp,312.000,RQhhLWQoTrRIOUIj,526.000,oDVDcsz2DDcqmuZv,,,,
6,71,2026-04-03T09:50:14.815Z,325.000,8,207.000,ahO5G+QMJW9JXaZF,222.000,sRrp0ZiEenIEqwEV,248.000,8hVPVElPDyJLGNul,268.000,7z+hv5WDnSUYTapr,311.000,jgBHfjfbNleko2Dt,351.000,RQhhLWQoTrRIOUIj,356.000,mFtsU2NLbV393iPp,632.000,ZNeI4CIi8cYNeSIl,,,,
6,72,2026-04-03T09:50:15.140Z,311.000,9,208.000,ahO5G+QMJW9JXaZF,239.000,8hVPVElPDyJLGNul,248.000,sRrp0ZiEenIEqwEV,253.000,7z+hv5WDnSUYTapr,298.000,jgBHfjfbNleko2Dt,355.000,RQhhLWQoTrRIOUIj,346.000,mFtsU2NLbV393iPp,410.000,oDVDcsz2DDcqmuZv,482.000,ZNeI4CIi8cYNeSIl,,
6,73,2026-04-03T09:50:15.451Z,323.000,8,224.000,ahO5G+QMJW9JXaZF,225.000,sRrp0ZiEenIEqwEV,247.000,8hVPVElPDyJLGNul,252.000,7z+hv5WDnSUYTapr,342.000,mFtsU2NLbV393iPp,382.000,RQhhLWQoTrRIOUIj,330.000,jgBHfjfbNleko2Dt,631.000,RAVUzYYMBq+gCXIY,,,,
6,74,2026-04-03T09:50:15.774Z,321.000,10,202.000,ahO5G+QMJW9JXaZF,210.000,sRrp0ZiEenIEqwEV,235.000,7z+hv5WDnSUYTapr,263.000,8hVPVElPDyJLGNul,314.000,jgBHfjfbNleko2Dt,367.000,RQhhLWQoTrRIOUIj,368.000,mFtsU2NLbV393iPp,476.000,RAVUzYYMBq+gCXIY,517.000,oDVDcsz2DDcqmuZv,521.000,ZNeI4CIi8cYNeSIl
6,75,2026-04-03T09:50:16.095Z,339.000,8,205.000,ahO5G+QMJW9JXaZF,208.000,sRrp0ZiEenIEqwEV,232.000,7z+hv5WDnSUYTapr,255.000,8hVPVElPDyJLGNul,302.000,jgBHfjfbNleko2Dt,361.000,RQhhLWQoTrRIOUIj,355.000,mFtsU2NLbV393iPp,735.000,oDVDcsz2DDcqmuZv,,,,
6,76,2026-04-03T09:50:16.434Z,284.000,9,172.000,8hVPVElPDyJLGNul,200.000,sRrp0ZiEenIEqwEV,202.000,7z+hv5WDnSUYTapr,205.000,ahO5G+QMJW9JXaZF,269.000,mFtsU2NLbV393iPp,276.000,jgBHfjfbNleko2Dt,284.000,RQhhLWQoTrRIOUIj,503.000,oDVDcsz2DDcqmuZv,512.000,RAVUzYYMBq+gCXIY,,
6,77,2026-04-03T09:50:16.718Z,331.000,8,217.000,sRrp0ZiEenIEqwEV,224.000,7z+hv5WDnSUYTapr,230.000,ahO5G+QMJW9JXaZF,247.000,8hVPVElPDyJLGNul,299.000,jgBHfjfbNleko2Dt,348.000,RQhhLWQoTrRIOUIj,342.000,mFtsU2NLbV393iPp,600.000,ZNeI4CIi8cYNeSIl,,,,
6,78,2026-04-03T09:50:17.049Z,304.000,8,204.000,7z+hv5WDnSUYTapr,210.000,sRrp0ZiEenIEqwEV,267.000,8hVPVElPDyJLGNul,268.000,ahO5G+QMJW9JXaZF,281.000,jgBHfjfbNleko2Dt,321.000,mFtsU2NLbV393iPp,323.000,RQhhLWQoTrRIOUIj,508.000,RAVUzYYMBq+gCXIY,,,,
6,79,2026-04-03T09:50:17.353Z,321.000,8,207.000,7z+hv5WDnSUYTapr,219.000,sRrp0ZiEenIEqwEV,222.000,8hVPVElPDyJLGNul,225.000,ahO5G+QMJW9JXaZF,314.000,jgBHfjfbNleko2Dt,325.000,mFtsU2NLbV393iPp,324.000,RQhhLWQoTrRIOUIj,506.000,oDVDcsz2DDcqmuZv,,,,
6,80,2026-04-03T09:50:17.674Z,311.000,9,204.000,7z+hv5WDnSUYTapr,209.000,sRrp0ZiEenIEqwEV,211.000,8hVPVElPDyJLGNul,232.000,ahO5G+QMJW9JXaZF,303.000,jgBHfjfbNleko2Dt,310.000,RQhhLWQoTrRIOUIj,314.000,mFtsU2NLbV393iPp,501.000,RAVUzYYMBq+gCXIY,537.000,ZNeI4CIi8cYNeSIl,,
6,81,2026-04-03T09:50:17.985Z,311.000,7,205.000,7z+hv5WDnSUYTapr,206.000,8hVPVElPDyJLGNul,207.000,sRrp0ZiEenIEqwEV,209.000,ahO5G+QMJW9JXaZF,307.000,RQhhLWQoTrRIOUIj,308.000,mFtsU2NLbV393iPp,311.000,jgBHfjfbNleko2Dt,,,,,,
6,82,2026-04-03T09:50:18.296Z,309.000,9,204.000,7z+hv5WDnSUYTapr,205.000,ahO5G+QMJW9JXaZF,207.000,8hVPVElPDyJLGNul,209.000,sRrp0ZiEenIEqwEV,305.000,mFtsU2NLbV393iPp,309.000,jgBHfjfbNleko2Dt,309.000,RQhhLWQoTrRIOUIj,447.000,RAVUzYYMBq+gCXIY,450.000,oDVDcsz2DDcqmuZv,,
6,83,2026-04-03T09:50:18.605Z,305.000,10,200.000,7z+hv5WDnSUYTapr,216.000,ahO5G+QMJW9JXaZF,217.000,8hVPVElPDyJLGNul,219.000,sRrp0ZiEenIEqwEV,303.000,mFtsU2NLbV393iPp,306.000,RQhhLWQoTrRIOUIj,311.000,jgBHfjfbNleko2Dt,421.000,oDVDcsz2DDcqmuZv,730.000,RAVUzYYMBq+gCXIY,883.000,ZNeI4CIi8cYNeSIl
6,84,2026-04-03T09:50:18.910Z,307.000,9,205.000,7z+hv5WDnSUYTapr,208.000,ahO5G+QMJW9JXaZF,216.000,sRrp0ZiEenIEqwEV,216.000,8hVPVElPDyJLGNul,305.000,mFtsU2NLbV393iPp,319.000,jgBHfjfbNleko2Dt,318.000,RQhhLWQoTrRIOUIj,733.000,ZNeI4CIi8cYNeSIl,733.000,RAVUzYYMBq+gCXIY,,
6,85,2026-04-03T09:50:19.217Z,358.000,10,255.000,7z+hv5WDnSUYTapr,256.000,8hVPVElPDyJLGNul,258.000,ahO5G+QMJW9JXaZF,259.000,sRrp0ZiEenIEqwEV,305.000,mFtsU2NLbV393iPp,322.000,jgBHfjfbNleko2Dt,358.000,RQhhLWQoTrRIOUIj,472.000,oDVDcsz2DDcqmuZv,513.000,RAVUzYYMBq+gCXIY,667.000,ZNeI4CIi8cYNeSIl
6,86,2026-04-03T09:50:19.575Z,269.000,8,143.000,7z+hv5WDnSUYTapr,171.000,sRrp0ZiEenIEqwEV,206.000,8hVPVElPDyJLGNul,209.000,ahO5G+QMJW9JXaZF,260.000,mFtsU2NLbV393iPp,272.000,jgBHfjfbNleko2Dt,308.000,RQhhLWQoTrRIOUIj,457.000,RAVUzYYMBq+gCXIY,,,,
6,87,2026-04-03T09:50:19.844Z,348.000,9,243.000,7z+hv5WDnSUYTapr,246.000,8hVPVElPDyJLGNul,246.000,sRrp0ZiEenIEqwEV,250.000,ahO5G+QMJW9JXaZF,295.000,mFtsU2NLbV393iPp,307.000,jgBHfjfbNleko2Dt,349.000,RQhhLWQoTrRIOUIj,802.000,ZNeI4CIi8cYNeSIl,652.000,oDVDcsz2DDcqmuZv,,
6,88,2026-04-03T09:50:20.192Z,308.000,7,168.000,ahO5G+QMJW9JXaZF,206.000,7z+hv5WDnSUYTapr,207.000,8hVPVElPDyJLGNul,209.000,sRrp0ZiEenIEqwEV,255.000,mFtsU2NLbV393iPp,268.000,jgBHfjfbNleko2Dt,310.000,RQhhLWQoTrRIOUIj,,,,,,
6,89,2026-04-03T09:50:20.500Z,293.000,8,158.000,ahO5G+QMJW9JXaZF,203.000,sRrp0ZiEenIEqwEV,206.000,8hVPVElPDyJLGNul,245.000,7z+hv5WDnSUYTapr,255.000,mFtsU2NLbV393iPp,307.000,RQhhLWQoTrRIOUIj,294.000,jgBHfjfbNleko2Dt,589.000,RAVUzYYMBq+gCXIY,,,,
6,90,2026-04-03T09:50:20.793Z,323.000,7,293.000,sRrp0ZiEenIEqwEV,295.000,ahO5G+QMJW9JXaZF,296.000,8hVPVElPDyJLGNul,298.000,7z+hv5WDnSUYTapr,299.000,mFtsU2NLbV393iPp,321.000,RQhhLWQoTrRIOUIj,352.000,jgBHfjfbNleko2Dt,,,,,,
6,91,2026-04-03T09:50:21.116Z,342.000,8,202.000,7z+hv5WDnSUYTapr,204.000,sRrp0ZiEenIEqwEV,224.000,ahO5G+QMJW9JXaZF,234.000,8hVPVElPDyJLGNul,328.000,mFtsU2NLbV393iPp,329.000,RQhhLWQoTrRIOUIj,342.000,jgBHfjfbNleko2Dt,724.000,oDVDcsz2DDcqmuZv,,,,
6,92,2026-04-03T09:50:21.458Z,306.000,8,197.000,sRrp0ZiEenIEqwEV,201.000,8hVPVElPDyJLGNul,221.000,7z+hv5WDnSUYTapr,234.000,ahO5G+QMJW9JXaZF,292.000,mFtsU2NLbV393iPp,298.000,RQhhLWQoTrRIOUIj,306.000,jgBHfjfbNleko2Dt,439.000,oDVDcsz2DDcqmuZv,,,,
6,93,2026-04-03T09:50:21.764Z,485.000,8,203.000,8hVPVElPDyJLGNul,211.000,7z+hv5WDnSUYTapr,227.000,sRrp0ZiEenIEqwEV,234.000,ahO5G+QMJW9JXaZF,295.000,mFtsU2NLbV393iPp,484.000,RQhhLWQoTrRIOUIj,485.000,jgBHfjfbNleko2Dt,523.000,ZNeI4CIi8cYNeSIl,,,,
6,94,2026-04-03T09:50:22.249Z,253.000,10,37.000,7z+hv5WDnSUYTapr,58.000,ahO5G+QMJW9JXaZF,69.000,sRrp0ZiEenIEqwEV,105.000,8hVPVElPDyJLGNul,254.000,RQhhLWQoTrRIOUIj,258.000,mFtsU2NLbV393iPp,255.000,jgBHfjfbNleko2Dt,373.000,ZNeI4CIi8cYNeSIl,375.000,RAVUzYYMBq+gCXIY,582.000,oDVDcsz2DDcqmuZv
6,95,2026-04-03T09:50:22.502Z,267.000,7,165.000,8hVPVElPDyJLGNul,182.000,sRrp0ZiEenIEqwEV,184.000,7z+hv5WDnSUYTapr,186.000,ahO5G+QMJW9JXaZF,229.000,RQhhLWQoTrRIOUIj,230.000,mFtsU2NLbV393iPp,267.000,jgBHfjfbNleko2Dt,,,,,,
6,96,2026-04-03T09:50:22.769Z,380.000,7,205.000,8hVPVElPDyJLGNul,208.000,sRrp0ZiEenIEqwEV,371.000,ahO5G+QMJW9JXaZF,372.000,mFtsU2NLbV393iPp,372.000,jgBHfjfbNleko2Dt,373.000,RQhhLWQoTrRIOUIj,380.000,7z+hv5WDnSUYTapr,,,,,,
6,97,2026-04-03T09:50:23.149Z,318.000,10,111.000,sRrp0ZiEenIEqwEV,212.000,ahO5G+QMJW9JXaZF,214.000,7z+hv5WDnSUYTapr,214.000,8hVPVElPDyJLGNul,312.000,mFtsU2NLbV393iPp,317.000,RQhhLWQoTrRIOUIj,319.000,jgBHfjfbNleko2Dt,457.000,oDVDcsz2DDcqmuZv,458.000,RAVUzYYMBq+gCXIY,473.000,ZNeI4CIi8cYNeSIl
6,98,2026-04-03T09:50:23.467Z,378.000,10,203.000,sRrp0ZiEenIEqwEV,207.000,7z+hv5WDnSUYTapr,208.000,8hVPVElPDyJLGNul,212.000,ahO5G+QMJW9JXaZF,310.000,RQhhLWQoTrRIOUIj,311.000,jgBHfjfbNleko2Dt,379.000,mFtsU2NLbV393iPp,454.000,ZNeI4CIi8cYNeSIl,770.000,RAVUzYYMBq+gCXIY,616.000,oDVDcsz2DDcqmuZv
6,99,2026-04-03T09:50:23.845Z,301.000,9,200.000,8hVPVElPDyJLGNul,206.000,ahO5G+QMJW9JXaZF,207.000,sRrp0ZiEenIEqwEV,208.000,7z+hv5WDnSUYTapr,244.000,jgBHfjfbNleko2Dt,248.000,RQhhLWQoTrRIOUIj,301.000,mFtsU2NLbV393iPp,387.000,ZNeI4CIi8cYNeSIl,564.000,oDVDcsz2DDcqmuZv,,
6,100,2026-04-03T09:50:24.146Z,306.000,8,205.000,8hVPVElPDyJLGNul,213.000,sRrp0ZiEenIEqwEV,216.000,7z+hv5WDnSUYTapr,217.000,ahO5G+QMJW9JXaZF,258.000,jgBHfjfbNleko2Dt,260.000,RQhhLWQoTrRIOUIj,306.000,mFtsU2NLbV393iPp,416.000,RAVUzYYMBq+gCXIY,,,,
6,101,2026-04-03T09:50:24.452Z,305.000,8,204.000,8hVPVElPDyJLGNul,215.000,7z+hv5WDnSUYTapr,218.000,sRrp0ZiEenIEqwEV,220.000,ahO5G+QMJW9JXaZF,263.000,jgBHfjfbNleko2Dt,264.000,RQhhLWQoTrRIOUIj,305.000,mFtsU2NLbV393iPp,384.000,ZNeI4CIi8cYNeSIl,,,,
6,102,2026-04-03T09:50:24.757Z,310.000,7,205.000,8hVPVElPDyJLGNul,217.000,sRrp0ZiEenIEqwEV,223.000,7z+hv5WDnSUYTapr,225.000,ahO5G+QMJW9JXaZF,265.000,RQhhLWQoTrRIOUIj,268.000,jgBHfjfbNleko2Dt,310.000,mFtsU2NLbV393iPp,,,,,,
6,103,2026-04-03T09:50:25.067Z,310.000,9,205.000,8hVPVElPDyJLGNul,217.000,sRrp0ZiEenIEqwEV,219.000,7z+hv5WDnSUYTapr,220.000,ahO5G+QMJW9JXaZF,267.000,RQhhLWQoTrRIOUIj,268.000,jgBHfjfbNleko2Dt,310.000,mFtsU2NLbV393iPp,417.000,RAVUzYYMBq+gCXIY,469.000,oDVDcsz2DDcqmuZv,,
6,104,2026-04-03T09:50:25.377Z,320.000,10,201.000,8hVPVElPDyJLGNul,214.000,sRrp0ZiEenIEqwEV,218.000,ahO5G+QMJW9JXaZF,266.000,RQhhLWQoTrRIOUIj,271.000,jgBHfjfbNleko2Dt,307.000,mFtsU2NLbV393iPp,320.000,7z+hv5WDnSUYTapr,463.000,RAVUzYYMBq+gCXIY,464.000,ZNeI4CIi8cYNeSIl,466.000,oDVDcsz2DDcqmuZv
6,105,2026-04-03T09:50:25.697Z,313.000,10,207.000,ahO5G+QMJW9JXaZF,209.000,7z+hv5WDnSUYTapr,210.000,sRrp0ZiEenIEqwEV,246.000,8hVPVElPDyJLGNul,349.000,mFtsU2NLbV393iPp,351.000,jgBHfjfbNleko2Dt,350.000,RQhhLWQoTrRIOUIj,454.000,RAVUzYYMBq+gCXIY,494.000,oDVDcsz2DDcqmuZv,651.000,ZNeI4CIi8cYNeSIl
6,106,2026-04-03T09:50:26.010Z,308.000,9,204.000,ahO5G+QMJW9JXaZF,206.000,sRrp0ZiEenIEqwEV,209.000,7z+hv5WDnSUYTapr,283.000,8hVPVElPDyJLGNul,303.000,mFtsU2NLbV393iPp,387.000,RQhhLWQoTrRIOUIj,347.000,jgBHfjfbNleko2Dt,510.000,RAVUzYYMBq+gCXIY,521.000,ZNeI4CIi8cYNeSIl,,
6,107,2026-04-03T09:50:26.318Z,313.000,8,207.000,ahO5G+QMJW9JXaZF,209.000,sRrp0ZiEenIEqwEV,209.000,7z+hv5WDnSUYTapr,286.000,8hVPVElPDyJLGNul,307.000,mFtsU2NLbV393iPp,387.000,RQhhLWQoTrRIOUIj,347.000,jgBHfjfbNleko2Dt,517.000,oDVDcsz2DDcqmuZv,,,,
6,108,2026-04-03T09:50:26.631Z,340.000,8,200.000,ahO5G+QMJW9JXaZF,206.000,sRrp0ZiEenIEqwEV,211.000,7z+hv5WDnSUYTapr,281.000,8hVPVElPDyJLGNul,304.000,mFtsU2NLbV393iPp,384.000,RQhhLWQoTrRIOUIj,341.000,jgBHfjfbNleko2Dt,666.000,ZNeI4CIi8cYNeSIl,,,,
6,109,2026-04-03T09:50:26.971Z,310.000,8,199.000,sRrp0ZiEenIEqwEV,202.000,ahO5G+QMJW9JXaZF,205.000,8hVPVElPDyJLGNul,209.000,7z+hv5WDnSUYTapr,272.000,mFtsU2NLbV393iPp,306.000,jgBHfjfbNleko2Dt,350.000,RQhhLWQoTrRIOUIj,480.000,oDVDcsz2DDcqmuZv,,,,
6,110,2026-04-03T09:50:27.281Z,301.000,9,198.000,8hVPVElPDyJLGNul,205.000,sRrp0ZiEenIEqwEV,207.000,7z+hv5WDnSUYTapr,213.000,ahO5G+QMJW9JXaZF,269.000,mFtsU2NLbV393iPp,270.000,RQhhLWQoTrRIOUIj,301.000,jgBHfjfbNleko2Dt,389.000,RAVUzYYMBq+gCXIY,502.000,ZNeI4CIi8cYNeSIl,,
6,111,2026-04-03T09:50:27.582Z,317.000,8,202.000,8hVPVElPDyJLGNul,203.000,7z+hv5WDnSUYTapr,214.000,sRrp0ZiEenIEqwEV,216.000,ahO5G+QMJW9JXaZF,290.000,mFtsU2NLbV393iPp,291.000,RQhhLWQoTrRIOUIj,317.000,jgBHfjfbNleko2Dt,354.000,ZNeI4CIi8cYNeSIl,,,,
6,112,2026-04-03T09:50:27.899Z,314.000,8,203.000,7z+hv5WDnSUYTapr,208.000,ahO5G+QMJW9JXaZF,209.000,sRrp0ZiEenIEqwEV,210.000,8hVPVElPDyJLGNul,281.000,RQhhLWQoTrRIOUIj,284.000,mFtsU2NLbV393iPp,314.000,jgBHfjfbNleko2Dt,626.000,oDVDcsz2DDcqmuZv,,,,
6,113,2026-04-03T09:50:28.213Z,302.000,10,199.000,sRrp0ZiEenIEqwEV,203.000,8hVPVElPDyJLGNul,204.000,7z+hv5WDnSUYTapr,212.000,ahO5G+QMJW9JXaZF,276.000,mFtsU2NLbV393iPp,285.000,RQhhLWQoTrRIOUIj,308.000,jgBHfjfbNleko2Dt,468.000,RAVUzYYMBq+gCXIY,781.000,oDVDcsz2DDcqmuZv,631.000,ZNeI4CIi8cYNeSIl
6,114,2026-04-03T09:50:28.515Z,314.000,10,211.000,7z+hv5WDnSUYTapr,211.000,8hVPVElPDyJLGNul,215.000,sRrp0ZiEenIEqwEV,229.000,ahO5G+QMJW9JXaZF,284.000,mFtsU2NLbV393iPp,297.000,RQhhLWQoTrRIOUIj,315.000,jgBHfjfbNleko2Dt,466.000,ZNeI4CIi8cYNeSIl,470.000,RAVUzYYMBq+gCXIY,470.000,oDVDcsz2DDcqmuZv
6,115,2026-04-03T09:50:28.829Z,308.000,8,199.000,8hVPVElPDyJLGNul,202.000,7z+hv5WDnSUYTapr,213.000,sRrp0ZiEenIEqwEV,231.000,ahO5G+QMJW9JXaZF,277.000,mFtsU2NLbV393iPp,303.000,RQhhLWQoTrRIOUIj,310.000,jgBHfjfbNleko2Dt,634.000,oDVDcsz2DDcqmuZv,,,,
6,116,2026-04-03T09:50:29.137Z,351.000,9,204.000,7z+hv5WDnSUYTapr,210.000,8hVPVElPDyJLGNul,216.000,sRrp0ZiEenIEqwEV,233.000,ahO5G+QMJW9JXaZF,277.000,mFtsU2NLbV393iPp,326.000,jgBHfjfbNleko2Dt,351.000,RQhhLWQoTrRIOUIj,462.000,RAVUzYYMBq+gCXIY,485.000,ZNeI4CIi8cYNeSIl,,
6,117,2026-04-03T09:50:29.488Z,308.000,8,205.000,8hVPVElPDyJLGNul,206.000,sRrp0ZiEenIEqwEV,209.000,7z+hv5WDnSUYTapr,212.000,ahO5G+QMJW9JXaZF,236.000,mFtsU2NLbV393iPp,274.000,jgBHfjfbNleko2Dt,308.000,RQhhLWQoTrRIOUIj,461.000,oDVDcsz2DDcqmuZv,,,,
6,118,2026-04-03T09:50:29.796Z,306.000,10,204.000,7z+hv5WDnSUYTapr,205.000,8hVPVElPDyJLGNul,208.000,ahO5G+QMJW9JXaZF,210.000,sRrp0ZiEenIEqwEV,258.000,mFtsU2NLbV393iPp,303.000,jgBHfjfbNleko2Dt,306.000,RQhhLWQoTrRIOUIj,461.000,oDVDcsz2DDcqmuZv,471.000,RAVUzYYMBq+gCXIY,475.000,ZNeI4CIi8cYNeSIl
6,119,2026-04-03T09:50:30.102Z,312.000,8,208.000,8hVPVElPDyJLGNul,211.000,7z+hv5WDnSUYTapr,213.000,ahO5G+QMJW9JXaZF,214.000,sRrp0ZiEenIEqwEV,264.000,mFtsU2NLbV393iPp,310.000,jgBHfjfbNleko2Dt,312.000,RQhhLWQoTrRIOUIj,782.000,ZNeI4CIi8cYNeSIl,,,,
6,120,2026-04-03T09:50:30.414Z,322.000,7,205.000,8hVPVElPDyJLGNul,313.000,sRrp0ZiEenIEqwEV,315.000,ahO5G+QMJW9JXaZF,316.000,7z+hv5WDnSUYTapr,318.000,mFtsU2NLbV393iPp,321.000,jgBHfjfbNleko2Dt,322.000,RQhhLWQoTrRIOUIj,,,,,,
6,121,2026-04-03T09:50:30.736Z,298.000,8,193.000,sRrp0ZiEenIEqwEV,196.000,8hVPVElPDyJLGNul,199.000,ahO5G+QMJW9JXaZF,206.000,7z+hv5WDnSUYTapr,288.000,mFtsU2NLbV393iPp,300.000,jgBHfjfbNleko2Dt,299.000,RQhhLWQoTrRIOUIj,534.000,RAVUzYYMBq+gCXIY,,,,
6,122,2026-04-03T09:50:31.034Z,308.000,8,207.000,ahO5G+QMJW9JXaZF,208.000,sRrp0ZiEenIEqwEV,209.000,8hVPVElPDyJLGNul,212.000,7z+hv5WDnSUYTapr,301.000,mFtsU2NLbV393iPp,307.000,jgBHfjfbNleko2Dt,310.000,RQhhLWQoTrRIOUIj,506.000,ZNeI4CIi8cYNeSIl,,,,
6,123,2026-04-03T09:50:31.342Z,306.000,7,203.000,sRrp0ZiEenIEqwEV,206.000,ahO5G+QMJW9JXaZF,209.000,8hVPVElPDyJLGNul,213.000,7z+hv5WDnSUYTapr,303.000,mFtsU2NLbV393iPp,304.000,jgBHfjfbNleko2Dt,312.000,RQhhLWQoTrRIOUIj,,,,,,
6,124,2026-04-03T09:50:31.648Z,310.000,9,204.000,sRrp0ZiEenIEqwEV,210.000,ahO5G+QMJW9JXaZF,211.000,8hVPVElPDyJLGNul,215.000,7z+hv5WDnSUYTapr,311.000,jgBHfjfbNleko2Dt,314.000,RQhhLWQoTrRIOUIj,312.000,mFtsU2NLbV393iPp,450.000,oDVDcsz2DDcqmuZv,478.000,RAVUzYYMBq+gCXIY,,
6,125,2026-04-03T09:50:31.958Z,307.000,9,203.000,sRrp0ZiEenIEqwEV,211.000,ahO5G+QMJW9JXaZF,213.000,8hVPVElPDyJLGNul,276.000,7z+hv5WDnSUYTapr,305.000,mFtsU2NLbV393iPp,317.000,RQhhLWQoTrRIOUIj,309.000,jgBHfjfbNleko2Dt,473.000,RAVUzYYMBq+gCXIY,588.000,ZNeI4CIi8cYNeSIl,,
6,126,2026-04-03T09:50:32.265Z,314.000,8,203.000,sRrp0ZiEenIEqwEV,210.000,ahO5G+QMJW9JXaZF,217.000,8hVPVElPDyJLGNul,221.000,7z+hv5WDnSUYTapr,301.000,mFtsU2NLbV393iPp,312.000,jgBHfjfbNleko2Dt,320.000,RQhhLWQoTrRIOUIj,641.000,oDVDcsz2DDcqmuZv,,,,
6,127,2026-04-03T09:50:32.579Z,311.000,8,206.000,7z+hv5WDnSUYTapr,208.000,ahO5G+QMJW9JXaZF,212.000,sRrp0ZiEenIEqwEV,212.000,8hVPVElPDyJLGNul,298.000,mFtsU2NLbV393iPp,304.000,jgBHfjfbNleko2Dt,312.000,RQhhLWQoTrRIOUIj,628.000,oDVDcsz2DDcqmuZv,,,,
6,128,2026-04-03T09:50:32.890Z,519.000,10,208.000,sRrp0ZiEenIEqwEV,329.000,8hVPVElPDyJLGNul,356.000,7z+hv5WDnSUYTapr,374.000,ahO5G+QMJW9JXaZF,463.000,jgBHfjfbNleko2Dt,488.000,mFtsU2NLbV393iPp,518.000,RQhhLWQoTrRIOUIj,535.000,ZNeI4CIi8cYNeSIl,570.000,oDVDcsz2DDcqmuZv,573.000,RAVUzYYMBq+gCXIY
6,129,2026-04-03T09:50:33.409Z,300.000,9,167.000,ahO5G+QMJW9JXaZF,172.000,sRrp0ZiEenIEqwEV,202.000,8hVPVElPDyJLGNul,208.000,7z+hv5WDnSUYTapr,299.000,mFtsU2NLbV393iPp,306.000,RQhhLWQoTrRIOUIj,301.000,jgBHfjfbNleko2Dt,473.000,ZNeI4CIi8cYNeSIl,632.000,RAVUzYYMBq+gCXIY,,
6,130,2026-04-03T09:50:33.709Z,423.000,9,179.000,ahO5G+QMJW9JXaZF,210.000,sRrp0ZiEenIEqwEV,211.000,8hVPVElPDyJLGNul,232.000,7z+hv5WDnSUYTapr,287.000,jgBHfjfbNleko2Dt,366.000,mFtsU2NLbV393iPp,424.000,RQhhLWQoTrRIOUIj,516.000,oDVDcsz2DDcqmuZv,673.000,RAVUzYYMBq+gCXIY,,
6,131,2026-04-03T09:50:34.132Z,302.000,9,202.000,sRrp0ZiEenIEqwEV,202.000,8hVPVElPDyJLGNul,203.000,7z+hv5WDnSUYTapr,205.000,ahO5G+QMJW9JXaZF,247.000,jgBHfjfbNleko2Dt,254.000,mFtsU2NLbV393iPp,302.000,RQhhLWQoTrRIOUIj,406.000,ZNeI4CIi8cYNeSIl,419.000,RAVUzYYMBq+gCXIY,,
6,132,2026-04-03T09:50:34.434Z,307.000,8,203.000,8hVPVElPDyJLGNul,208.000,sRrp0ZiEenIEqwEV,215.000,7z+hv5WDnSUYTapr,219.000,ahO5G+QMJW9JXaZF,261.000,mFtsU2NLbV393iPp,267.000,jgBHfjfbNleko2Dt,307.000,RQhhLWQoTrRIOUIj,452.000,RAVUzYYMBq+gCXIY,,,,
6,133,2026-04-03T09:50:34.741Z,306.000,9,204.000,8hVPVElPDyJLGNul,210.000,sRrp0ZiEenIEqwEV,214.000,7z+hv5WDnSUYTapr,216.000,ahO5G+QMJW9JXaZF,294.000,mFtsU2NLbV393iPp,304.000,jgBHfjfbNleko2Dt,306.000,RQhhLWQoTrRIOUIj,463.000,ZNeI4CIi8cYNeSIl,619.000,oDVDcsz2DDcqmuZv,,
6,134,2026-04-03T09:50:35.047Z,306.000,8,207.000,8hVPVElPDyJLGNul,215.000,sRrp0ZiEenIEqwEV,220.000,ahO5G+QMJW9JXaZF,222.000,7z+hv5WDnSUYTapr,300.000,mFtsU2NLbV393iPp,304.000,jgBHfjfbNleko2Dt,306.000,RQhhLWQoTrRIOUIj,451.000,oDVDcsz2DDcqmuZv,,,,
6,135,2026-04-03T09:50:35.353Z,316.000,8,207.000,8hVPVElPDyJLGNul,211.000,sRrp0ZiEenIEqwEV,217.000,7z+hv5WDnSUYTapr,222.000,ahO5G+QMJW9JXaZF,302.000,mFtsU2NLbV393iPp,304.000,jgBHfjfbNleko2Dt,316.000,RQhhLWQoTrRIOUIj,673.000,RAVUzYYMBq+gCXIY,,,,
6,136,2026-04-03T09:50:35.669Z,470.000,10,206.000,sRrp0ZiEenIEqwEV,351.000,7z+hv5WDnSUYTapr,352.000,8hVPVElPDyJLGNul,373.000,ahO5G+QMJW9JXaZF,417.000,RQhhLWQoTrRIOUIj,469.000,jgBHfjfbNleko2Dt,471.000,mFtsU2NLbV393iPp,524.000,ZNeI4CIi8cYNeSIl,558.000,oDVDcsz2DDcqmuZv,563.000,RAVUzYYMBq+gCXIY
6,137,2026-04-03T09:50:36.139Z,302.000,8,203.000,8hVPVElPDyJLGNul,207.000,sRrp0ZiEenIEqwEV,208.000,7z+hv5WDnSUYTapr,210.000,ahO5G+QMJW9JXaZF,211.000,mFtsU2NLbV393iPp,257.000,RQhhLWQoTrRIOUIj,302.000,jgBHfjfbNleko2Dt,715.000,ZNeI4CIi8cYNeSIl,,,,
6,138,2026-04-03T09:50:36.441Z,436.000,10,205.000,8hVPVElPDyJLGNul,209.000,sRrp0ZiEenIEqwEV,212.000,ahO5G+QMJW9JXaZF,213.000,7z+hv5WDnSUYTapr,255.000,mFtsU2NLbV393iPp,432.000,RAVUzYYMBq+gCXIY,436.000,oDVDcsz2DDcqmuZv,477.000,jgBHfjfbNleko2Dt,502.000,RQhhLWQoTrRIOUIj,593.000,ZNeI4CIi8cYNeSIl
6,139,2026-04-03T09:50:36.877Z,372.000,10,169.000,sRrp0ZiEenIEqwEV,237.000,8hVPVElPDyJLGNul,239.000,ahO5G+QMJW9JXaZF,240.000,7z+hv5WDnSUYTapr,359.000,RAVUzYYMBq+gCXIY,371.000,mFtsU2NLbV393iPp,420.000,oDVDcsz2DDcqmuZv,374.000,RQhhLWQoTrRIOUIj,375.000,jgBHfjfbNleko2Dt,398.000,ZNeI4CIi8cYNeSIl
6,140,2026-04-03T09:50:37.249Z,438.000,10,240.000,sRrp0ZiEenIEqwEV,283.000,7z+hv5WDnSUYTapr,291.000,8hVPVElPDyJLGNul,340.000,ahO5G+QMJW9JXaZF,353.000,mFtsU2NLbV393iPp,378.000,jgBHfjfbNleko2Dt,546.000,oDVDcsz2DDcqmuZv,482.000,RAVUzYYMBq+gCXIY,547.000,ZNeI4CIi8cYNeSIl,651.000,RQhhLWQoTrRIOUIj
6,141,2026-04-03T09:50:37.687Z,507.000,10,180.000,sRrp0ZiEenIEqwEV,311.000,7z+hv5WDnSUYTapr,356.000,8hVPVElPDyJLGNul,374.000,ahO5G+QMJW9JXaZF,385.000,RQhhLWQoTrRIOUIj,404.000,mFtsU2NLbV393iPp,509.000,ZNeI4CIi8cYNeSIl,534.000,oDVDcsz2DDcqmuZv,568.000,RAVUzYYMBq+gCXIY,604.000,jgBHfjfbNleko2Dt
6,142,2026-04-03T09:50:38.194Z,436.000,10,202.000,ahO5G+QMJW9JXaZF,203.000,8hVPVElPDyJLGNul,205.000,sRrp0ZiEenIEqwEV,296.000,7z+hv5WDnSUYTapr,305.000,mFtsU2NLbV393iPp,433.000,RQhhLWQoTrRIOUIj,456.000,RAVUzYYMBq+gCXIY,458.000,jgBHfjfbNleko2Dt,462.000,ZNeI4CIi8cYNeSIl,487.000,oDVDcsz2DDcqmuZv
6,143,2026-04-03T09:50:38.630Z,410.000,10,202.000,sRrp0ZiEenIEqwEV,203.000,8hVPVElPDyJLGNul,224.000,ahO5G+QMJW9JXaZF,232.000,7z+hv5WDnSUYTapr,384.000,ZNeI4CIi8cYNeSIl,389.000,mFtsU2NLbV393iPp,409.000,jgBHfjfbNleko2Dt,415.000,RQhhLWQoTrRIOUIj,463.000,oDVDcsz2DDcqmuZv,510.000,RAVUzYYMBq+gCXIY
6,144,2026-04-03T09:50:39.040Z,317.000,9,215.000,jgBHfjfbNleko2Dt,215.000,7z+hv5WDnSUYTapr,279.000,ahO5G+QMJW9JXaZF,280.000,sRrp0ZiEenIEqwEV,310.000,mFtsU2NLbV393iPp,313.000,RQhhLWQoTrRIOUIj,317.000,8hVPVElPDyJLGNul,476.000,ZNeI4CIi8cYNeSIl,824.000,oDVDcsz2DDcqmuZv,,
6,145,2026-04-03T09:50:39.357Z,579.000,9,206.000,8hVPVElPDyJLGNul,210.000,sRrp0ZiEenIEqwEV,341.000,7z+hv5WDnSUYTapr,463.000,ahO5G+QMJW9JXaZF,542.000,RAVUzYYMBq+gCXIY,579.000,jgBHfjfbNleko2Dt,594.000,oDVDcsz2DDcqmuZv,593.000,ZNeI4CIi8cYNeSIl,604.000,mFtsU2NLbV393iPp,,
6,146,2026-04-03T09:50:39.936Z,433.000,10,236.000,sRrp0ZiEenIEqwEV,277.000,7z+hv5WDnSUYTapr,315.000,ahO5G+QMJW9JXaZF,326.000,8hVPVElPDyJLGNul,394.000,jgBHfjfbNleko2Dt,427.000,RAVUzYYMBq+gCXIY,481.000,oDVDcsz2DDcqmuZv,440.000,mFtsU2NLbV393iPp,462.000,RQhhLWQoTrRIOUIj,523.000,ZNeI4CIi8cYNeSIl
6,147,2026-04-03T09:50:40.369Z,457.000,9,219.000,sRrp0ZiEenIEqwEV,309.000,7z+hv5WDnSUYTapr,309.000,8hVPVElPDyJLGNul,316.000,mFtsU2NLbV393iPp,339.000,ahO5G+QMJW9JXaZF,435.000,ZNeI4CIi8cYNeSIl,547.000,oDVDcsz2DDcqmuZv,505.000,jgBHfjfbNleko2Dt,733.000,RQhhLWQoTrRIOUIj,,
6,148,2026-04-03T09:50:40.826Z,476.000,10,254.000,sRrp0ZiEenIEqwEV,311.000,8hVPVElPDyJLGNul,325.000,7z+hv5WDnSUYTapr,364.000,ahO5G+QMJW9JXaZF,461.000,oDVDcsz2DDcqmuZv,464.000,ZNeI4CIi8cYNeSIl,549.000,RAVUzYYMBq+gCXIY,496.000,jgBHfjfbNleko2Dt,542.000,mFtsU2NLbV393iPp,552.000,RQhhLWQoTrRIOUIj
6,149,2026-04-03T09:50:41.302Z,481.000,9,235.000,sRrp0ZiEenIEqwEV,307.000,7z+hv5WDnSUYTapr,326.000,ahO5G+QMJW9JXaZF,328.000,8hVPVElPDyJLGNul,433.000,RAVUzYYMBq+gCXIY,480.000,oDVDcsz2DDcqmuZv,489.000,ZNeI4CIi8cYNeSIl,483.000,jgBHfjfbNleko2Dt,745.000,mFtsU2NLbV393iPp,,
6,150,2026-04-03T09:50:41.783Z,474.000,9,304.000,sRrp0ZiEenIEqwEV,420.000,8hVPVElPDyJLGNul,421.000,ahO5G+QMJW9JXaZF,421.000,7z+hv5WDnSUYTapr,471.000,jgBHfjfbNleko2Dt,475.000,ZNeI4CIi8cYNeSIl,565.000,RAVUzYYMBq+gCXIY,481.000,oDVDcsz2DDcqmuZv,513.000,mFtsU2NLbV393iPp,,
6,151,2026-04-03T09:50:42.257Z,479.000,10,247.000,sRrp0ZiEenIEqwEV,280.000,7z+hv5WDnSUYTapr,301.000,8hVPVElPDyJLGNul,344.000,ahO5G+QMJW9JXaZF,453.000,ZNeI4CIi8cYNeSIl,470.000,RAVUzYYMBq+gCXIY,480.000,jgBHfjfbNleko2Dt,482.000,oDVDcsz2DDcqmuZv,527.000,mFtsU2NLbV393iPp,531.000,RQhhLWQoTrRIOUIj
6,152,2026-04-03T09:50:42.736Z,470.000,10,206.000,sRrp0ZiEenIEqwEV,296.000,ahO5G+QMJW9JXaZF,307.000,7z+hv5WDnSUYTapr,311.000,8hVPVElPDyJLGNul,360.000,RQhhLWQoTrRIOUIj,463.000,oDVDcsz2DDcqmuZv,470.000,jgBHfjfbNleko2Dt,522.000,mFtsU2NLbV393iPp,523.000,ZNeI4CIi8cYNeSIl,530.000,RAVUzYYMBq+gCXIY
6,153,2026-04-03T09:50:43.206Z,460.000,9,211.000,sRrp0ZiEenIEqwEV,254.000,7z+hv5WDnSUYTapr,262.000,ahO5G+QMJW9JXaZF,298.000,8hVPVElPDyJLGNul,453.000,oDVDcsz2DDcqmuZv,458.000,RAVUzYYMBq+gCXIY,517.000,ZNeI4CIi8cYNeSIl,522.000,mFtsU2NLbV393iPp,529.000,RQhhLWQoTrRIOUIj,,
6,154,2026-04-03T09:50:43.666Z,473.000,9,279.000,RQhhLWQoTrRIOUIj,291.000,sRrp0ZiEenIEqwEV,311.000,7z+hv5WDnSUYTapr,317.000,ahO5G+QMJW9JXaZF,402.000,8hVPVElPDyJLGNul,489.000,RAVUzYYMBq+gCXIY,556.000,ZNeI4CIi8cYNeSIl,484.000,oDVDcsz2DDcqmuZv,508.000,mFtsU2NLbV393iPp,,
6,155,2026-04-03T09:50:44.139Z,532.000,9,160.000,sRrp0ZiEenIEqwEV,319.000,ahO5G+QMJW9JXaZF,323.000,8hVPVElPDyJLGNul,352.000,7z+hv5WDnSUYTapr,481.000,RAVUzYYMBq+gCXIY,518.000,mFtsU2NLbV393iPp,531.000,ZNeI4CIi8cYNeSIl,535.000,oDVDcsz2DDcqmuZv,538.000,RQhhLWQoTrRIOUIj,,
6,156,2026-04-03T09:50:44.671Z,459.000,9,213.000,RQhhLWQoTrRIOUIj,306.000,sRrp0ZiEenIEqwEV,319.000,7z+hv5WDnSUYTapr,355.000,8hVPVElPDyJLGNul,426.000,ahO5G+QMJW9JXaZF,447.000,RAVUzYYMBq+gCXIY,463.000,ZNeI4CIi8cYNeSIl,504.000,oDVDcsz2DDcqmuZv,568.000,jgBHfjfbNleko2Dt,,
6,157,2026-04-03T09:50:45.130Z,565.000,8,199.000,sRrp0ZiEenIEqwEV,354.000,7z+hv5WDnSUYTapr,356.000,ahO5G+QMJW9JXaZF,505.000,8hVPVElPDyJLGNul,505.000,RAVUzYYMBq+gCXIY,506.000,RQhhLWQoTrRIOUIj,566.000,oDVDcsz2DDcqmuZv,570.000,ZNeI4CIi8cYNeSIl,,,,
6,158,2026-04-03T09:50:45.695Z,487.000,9,309.000,sRrp0ZiEenIEqwEV,311.000,ahO5G+QMJW9JXaZF,317.000,7z+hv5WDnSUYTapr,347.000,8hVPVElPDyJLGNul,397.000,RAVUzYYMBq+gCXIY,482.000,ZNeI4CIi8cYNeSIl,498.000,oDVDcsz2DDcqmuZv,560.000,mFtsU2NLbV393iPp,764.000,RQhhLWQoTrRIOUIj,,
6,159,2026-04-03T09:50:46.182Z,504.000,9,302.000,sRrp0ZiEenIEqwEV,370.000,ahO5G+QMJW9JXaZF,439.000,8hVPVElPDyJLGNul,448.000,jgBHfjfbNleko2Dt,462.000,7z+hv5WDnSUYTapr,464.000,RAVUzYYMBq+gCXIY,519.000,oDVDcsz2DDcqmuZv,562.000,RQhhLWQoTrRIOUIj,601.000,ZNeI4CIi8cYNeSIl,,
6,160,2026-04-03T09:50:46.686Z,569.000,9,265.000,7z+hv5WDnSUYTapr,298.000,sRrp0ZiEenIEqwEV,309.000,ahO5G+QMJW9JXaZF,415.000,8hVPVElPDyJLGNul,530.000,RAVUzYYMBq+gCXIY,568.000,ZNeI4CIi8cYNeSIl,569.000,oDVDcsz2DDcqmuZv,614.000,mFtsU2NLbV393iPp,617.000,RQhhLWQoTrRIOUIj,,
6,161,2026-04-03T09:50:47.255Z,496.000,8,223.000,sRrp0ZiEenIEqwEV,341.000,ZNeI4CIi8cYNeSIl,428.000,RAVUzYYMBq+gCXIY,469.000,oDVDcsz2DDcqmuZv,484.000,RQhhLWQoTrRIOUIj,491.000,8hVPVElPDyJLGNul,496.000,ahO5G+QMJW9JXaZF,609.000,mFtsU2NLbV393iPp,,,,
6,162,2026-04-03T09:50:47.751Z,689.000,10,173.000,7z+hv5WDnSUYTapr,310.000,RQhhLWQoTrRIOUIj,312.000,sRrp0ZiEenIEqwEV,332.000,ahO5G+QMJW9JXaZF,529.000,RAVUzYYMBq+gCXIY,664.000,ZNeI4CIi8cYNeSIl,689.000,8hVPVElPDyJLGNul,697.000,jgBHfjfbNleko2Dt,695.000,mFtsU2NLbV393iPp,696.000,oDVDcsz2DDcqmuZv
6,163,2026-04-03T09:50:48.440Z,631.000,9,161.000,sRrp0ZiEenIEqwEV,279.000,7z+hv5WDnSUYTapr,343.000,8hVPVElPDyJLGNul,456.000,RAVUzYYMBq+gCXIY,526.000,mFtsU2NLbV393iPp,529.000,ahO5G+QMJW9JXaZF,734.000,RQhhLWQoTrRIOUIj,662.000,oDVDcsz2DDcqmuZv,668.000,ZNeI4CIi8cYNeSIl,,
6,164,2026-04-03T09:50:49.071Z,953.000,8,209.000,RQhhLWQoTrRIOUIj,347.000,sRrp0ZiEenIEqwEV,514.000,ZNeI4CIi8cYNeSIl,529.000,RAVUzYYMBq+gCXIY,670.000,oDVDcsz2DDcqmuZv,903.000,ahO5G+QMJW9JXaZF,953.000,8hVPVElPDyJLGNul,982.000,mFtsU2NLbV393iPp,,,,
6,165,2026-04-03T09:50:50.024Z,839.000,7,310.000,ahO5G+QMJW9JXaZF,567.000,RQhhLWQoTrRIOUIj,653.000,ZNeI4CIi8cYNeSIl,709.000,oDVDcsz2DDcqmuZv,782.000,RAVUzYYMBq+gCXIY,838.000,sRrp0ZiEenIEqwEV,839.000,7z+hv5WDnSUYTapr,,,,,,
6,166,2026-04-03T09:50:50.863Z,900.000,7,211.000,sRrp0ZiEenIEqwEV,496.000,RQhhLWQoTrRIOUIj,664.000,ZNeI4CIi8cYNeSIl,666.000,RAVUzYYMBq+gCXIY,753.000,mFtsU2NLbV393iPp,753.000,ahO5G+QMJW9JXaZF,1038.000,oDVDcsz2DDcqmuZv,,,,,,
6,167,2026-04-03T09:50:51.763Z,976.000,7,309.000,ZNeI4CIi8cYNeSIl,448.000,sRrp0ZiEenIEqwEV,543.000,RAVUzYYMBq+gCXIY,726.000,RQhhLWQoTrRIOUIj,894.000,jgBHfjfbNleko2Dt,963.000,ahO5G+QMJW9JXaZF,978.000,oDVDcsz2DDcqmuZv,,,,,,
6,168,2026-04-03T09:50:52.739Z,1051.000,8,683.000,sRrp0ZiEenIEqwEV,834.000,RAVUzYYMBq+gCXIY,847.000,jgBHfjfbNleko2Dt,880.000,RQhhLWQoTrRIOUIj,969.000,oDVDcsz2DDcqmuZv,1050.000,7z+hv5WDnSUYTapr,1051.000,ahO5G+QMJW9JXaZF,1139.000,mFtsU2NLbV393iPp,,,,
6,169,2026-04-03T09:50:53.790Z,1140.000,8,312.000,7z+hv5WDnSUYTapr,457.000,RAVUzYYMBq+gCXIY,750.000,RQhhLWQoTrRIOUIj,907.000,8hVPVElPDyJLGNul,950.000,jgBHfjfbNleko2Dt,1054.000,sRrp0ZiEenIEqwEV,1140.000,oDVDcsz2DDcqmuZv,1141.000,ahO5G+QMJW9JXaZF,,,,
6,170,2026-04-03T09:50:54.930Z,1072.000,7,755.000,RAVUzYYMBq+gCXIY,896.000,7z+hv5WDnSUYTapr,961.000,RQhhLWQoTrRIOUIj,963.000,sRrp0ZiEenIEqwEV,981.000,oDVDcsz2DDcqmuZv,1037.000,ahO5G+QMJW9JXaZF,1074.000,mFtsU2NLbV393iPp,,,,,,
6,171,2026-04-03T09:50:56.002Z,1715.000,7,711.000,RAVUzYYMBq+gCXIY,905.000,mFtsU2NLbV393iPp,957.000,7z+hv5WDnSUYTapr,1021.000,oDVDcsz2DDcqmuZv,1564.000,sRrp0ZiEenIEqwEV,1678.000,RQhhLWQoTrRIOUIj,1715.000,ZNeI4CIi8cYNeSIl,,,,,,
6,172,2026-04-03T09:50:57.717Z,2240.000,7,1044.000,sRrp0ZiEenIEqwEV,1443.000,RAVUzYYMBq+gCXIY,1444.000,7z+hv5WDnSUYTapr,1444.000,8hVPVElPDyJLGNul,1509.000,jgBHfjfbNleko2Dt,2209.000,ZNeI4CIi8cYNeSIl,2241.000,RQhhLWQoTrRIOUIj,,,,,,
6,173,2026-04-03T09:50:59.957Z,2363.000,8,987.000,sRrp0ZiEenIEqwEV,1142.000,ZNeI4CIi8cYNeSIl,1536.000,RAVUzYYMBq+gCXIY,1965.000,RQhhLWQoTrRIOUIj,2290.000,oDVDcsz2DDcqmuZv,2295.000,7z+hv5WDnSUYTapr,2363.000,8hVPVElPDyJLGNul,2453.000,mFtsU2NLbV393iPp,,,,
6,174,2026-04-03T09:51:02.320Z,2913.000,10,2653.000,ahO5G+QMJW9JXaZF,2654.000,RAVUzYYMBq+gCXIY,2731.000,sRrp0ZiEenIEqwEV,2774.000,8hVPVElPDyJLGNul,2850.000,7z+hv5WDnSUYTapr,2860.000,jgBHfjfbNleko2Dt,2913.000,RQhhLWQoTrRIOUIj,2955.000,mFtsU2NLbV393iPp,3004.000,oDVDcsz2DDcqmuZv,3005.000,ZNeI4CIi8cYNeSIl
6,175,2026-04-03T09:51:05.233Z,3084.000,9,2902.000,7z+hv5WDnSUYTapr,2906.000,RAVUzYYMBq+gCXIY,2947.000,sRrp0ZiEenIEqwEV,3017.000,oDVDcsz2DDcqmuZv,3076.000,ahO5G+QMJW9JXaZF,3081.000,8hVPVElPDyJLGNul,3084.000,RQhhLWQoTrRIOUIj,3172.000,mFtsU2NLbV393iPp,3394.000,ZNeI4CIi8cYNeSIl,,
6,176,2026-04-03T09:51:08.317Z,3845.000,8,2525.000,RQhhLWQoTrRIOUIj,2632.000,RAVUzYYMBq+gCXIY,2847.000,7z+hv5WDnSUYTapr,2923.000,8hVPVElPDyJLGNul,3018.000,jgBHfjfbNleko2Dt,3691.000,sRrp0ZiEenIEqwEV,3845.000,ZNeI4CIi8cYNeSIl,3847.000,oDVDcsz2DDcqmuZv,,,,
6,177,2026-04-03T09:51:12.162Z,4091.000,9,2901.000,sRrp0ZiEenIEqwEV,2921.000,ZNeI4CIi8cYNeSIl,3189.000,7z+hv5WDnSUYTapr,3280.000,mFtsU2NLbV393iPp,3850.000,RQhhLWQoTrRIOUIj,3898.000,RAVUzYYMBq+gCXIY,4091.000,8hVPVElPDyJLGNul,4093.000,oDVDcsz2DDcqmuZv,4182.000,jgBHfjfbNleko2Dt,,
6,178,2026-04-03T09:51:16.253Z,5309.000,7,3776.000,sRrp0ZiEenIEqwEV,3936.000,RAVUzYYMBq+gCXIY,3961.000,RQhhLWQoTrRIOUIj,4013.000,ZNeI4CIi8cYNeSIl,4358.000,7z+hv5WDnSUYTapr,4360.000,jgBHfjfbNleko2Dt,5309.000,mFtsU2NLbV393iPp,,,,,,
6,179,2026-04-03T09:51:21.562Z,5039.000,7,3786.000,ZNeI4CIi8cYNeSIl,4271.000,mFtsU2NLbV393iPp,4530.000,sRrp0ZiEenIEqwEV,4685.000,RAVUzYYMBq+gCXIY,4749.000,RQhhLWQoTrRIOUIj,5030.000,7z+hv5WDnSUYTapr,5040.000,oDVDcsz2DDcqmuZv,,,,,,
6,180,2026-04-03T09:51:26.601Z,5878.000,8,4932.000,7z+hv5WDnSUYTapr,4942.000,RAVUzYYMBq+gCXIY,5646.000,8hVPVElPDyJLGNul,5700.000,ahO5G+QMJW9JXaZF,5705.000,sRrp0ZiEenIEqwEV,5803.000,ZNeI4CIi8cYNeSIl,5877.000,jgBHfjfbNleko2Dt,6321.000,oDVDcsz2DDcqmuZv,,,,
6,181,2026-04-03T09:51:32.479Z,6395.000,8,6161.000,7z+hv5WDnSUYTapr,6162.000,sRrp0ZiEenIEqwEV,6347.000,mFtsU2NLbV393iPp,6357.000,8hVPVElPDyJLGNul,6362.000,RAVUzYYMBq+gCXIY,6376.000,RQhhLWQoTrRIOUIj,6396.000,oDVDcsz2DDcqmuZv,6595.000,ZNeI4CIi8cYNeSIl,,,,
6,182,2026-04-03T09:51:38.874Z,6860.000,8,6460.000,RQhhLWQoTrRIOUIj,6671.000,jgBHfjfbNleko2Dt,6675.000,mFtsU2NLbV393iPp,6729.000,8hVPVElPDyJLGNul,6768.000,sRrp0ZiEenIEqwEV,6769.000,ahO5G+QMJW9JXaZF,6860.000,7z+hv5WDnSUYTapr,7017.000,RAVUzYYMBq+gCXIY,,,,
6,183,2026-04-03T09:51:45.734Z,7722.000,7,7072.000,RAVUzYYMBq+gCXIY,7300.000,ZNeI4CIi8cYNeSIl,7625.000,sRrp0ZiEenIEqwEV,7627.000,ahO5G+QMJW9JXaZF,7636.000,jgBHfjfbNleko2Dt,7717.000,RQhhLWQoTrRIOUIj,7723.000,mFtsU2NLbV393iPp,,,,,,
6,184,2026-04-03T09:51:53.456Z,8174.000,7,7321.000,ahO5G+QMJW9JXaZF,7373.000,RQhhLWQoTrRIOUIj,7377.000,mFtsU2NLbV393iPp,7589.000,jgBHfjfbNleko2Dt,8136.000,ZNeI4CIi8cYNeSIl,8154.000,sRrp0ZiEenIEqwEV,8174.000,7z+hv5WDnSUYTapr,,,,,,
6,185,2026-04-03T09:52:01.630Z,,0,,,,,,,,,,,,,,,,,,,,
7,1,2026-04-03T09:49:48.968Z,3818.000,7,674.000,jgBHfjfbNleko2Dt,1183.000,ahO5G+QMJW9JXaZF,1385.000,7z+hv5WDnSUYTapr,2713.000,8hVPVElPDyJLGNul,2905.000,sRrp0ZiEenIEqwEV,3057.000,ZNeI4CIi8cYNeSIl,4161.000,RQhhLWQoTrRIOUIj,,,,,,
7,2,2026-04-03T09:49:52.786Z,579.000,7,2.000,7z+hv5WDnSUYTapr,2.000,ahO5G+QMJW9JXaZF,3.000,sRrp0ZiEenIEqwEV,3.000,jgBHfjfbNleko2Dt,158.000,ZNeI4CIi8cYNeSIl,314.000,8hVPVElPDyJLGNul,643.000,RQhhLWQoTrRIOUIj,,,,,,
7,3,2026-04-03T09:49:53.365Z,376.000,8,8.000,7z+hv5WDnSUYTapr,10.000,ahO5G+QMJW9JXaZF,13.000,sRrp0ZiEenIEqwEV,144.000,jgBHfjfbNleko2Dt,238.000,RQhhLWQoTrRIOUIj,310.000,8hVPVElPDyJLGNul,376.000,ZNeI4CIi8cYNeSIl,1251.000,mFtsU2NLbV393iPp,,,,
7,4,2026-04-03T09:49:53.741Z,471.000,9,312.000,ZNeI4CIi8cYNeSIl,359.000,RAVUzYYMBq+gCXIY,452.000,sRrp0ZiEenIEqwEV,453.000,7z+hv5WDnSUYTapr,451.000,8hVPVElPDyJLGNul,452.000,ahO5G+QMJW9JXaZF,615.000,jgBHfjfbNleko2Dt,764.000,RQhhLWQoTrRIOUIj,876.000,mFtsU2NLbV393iPp,,
7,5,2026-04-03T09:49:54.212Z,405.000,8,185.000,sRrp0ZiEenIEqwEV,187.000,7z+hv5WDnSUYTapr,189.000,ahO5G+QMJW9JXaZF,218.000,8hVPVElPDyJLGNul,382.000,jgBHfjfbNleko2Dt,383.000,RQhhLWQoTrRIOUIj,405.000,ZNeI4CIi8cYNeSIl,723.000,mFtsU2NLbV393iPp,,,,
7,6,2026-04-03T09:49:54.617Z,296.000,7,235.000,mFtsU2NLbV393iPp,237.000,8hVPVElPDyJLGNul,243.000,7z+hv5WDnSUYTapr,244.000,sRrp0ZiEenIEqwEV,255.000,RQhhLWQoTrRIOUIj,281.000,ahO5G+QMJW9JXaZF,296.000,jgBHfjfbNleko2Dt,,,,,,
7,7,2026-04-03T09:49:54.913Z,304.000,8,238.000,jgBHfjfbNleko2Dt,249.000,7z+hv5WDnSUYTapr,251.000,sRrp0ZiEenIEqwEV,257.000,8hVPVElPDyJLGNul,297.000,ahO5G+QMJW9JXaZF,297.000,ZNeI4CIi8cYNeSIl,304.000,mFtsU2NLbV393iPp,306.000,RQhhLWQoTrRIOUIj,,,,
7,8,2026-04-03T09:49:55.217Z,308.000,9,252.000,sRrp0ZiEenIEqwEV,253.000,7z+hv5WDnSUYTapr,260.000,8hVPVElPDyJLGNul,300.000,RAVUzYYMBq+gCXIY,303.000,ahO5G+QMJW9JXaZF,303.000,ZNeI4CIi8cYNeSIl,308.000,jgBHfjfbNleko2Dt,311.000,mFtsU2NLbV393iPp,315.000,RQhhLWQoTrRIOUIj,,
7,9,2026-04-03T09:49:55.525Z,308.000,8,250.000,sRrp0ZiEenIEqwEV,254.000,7z+hv5WDnSUYTapr,259.000,8hVPVElPDyJLGNul,260.000,mFtsU2NLbV393iPp,306.000,ZNeI4CIi8cYNeSIl,307.000,ahO5G+QMJW9JXaZF,308.000,RQhhLWQoTrRIOUIj,311.000,jgBHfjfbNleko2Dt,,,,
7,10,2026-04-03T09:49:55.833Z,305.000,7,250.000,RQhhLWQoTrRIOUIj,251.000,7z+hv5WDnSUYTapr,252.000,sRrp0ZiEenIEqwEV,257.000,jgBHfjfbNleko2Dt,262.000,8hVPVElPDyJLGNul,304.000,ahO5G+QMJW9JXaZF,305.000,mFtsU2NLbV393iPp,,,,,,
7,11,2026-04-03T09:49:56.138Z,320.000,8,215.000,ahO5G+QMJW9JXaZF,254.000,7z+hv5WDnSUYTapr,256.000,sRrp0ZiEenIEqwEV,262.000,8hVPVElPDyJLGNul,313.000,mFtsU2NLbV393iPp,317.000,RQhhLWQoTrRIOUIj,320.000,jgBHfjfbNleko2Dt,368.000,RAVUzYYMBq+gCXIY,,,,
7,12,2026-04-03T09:49:56.458Z,309.000,7,228.000,ahO5G+QMJW9JXaZF,242.000,sRrp0ZiEenIEqwEV,243.000,7z+hv5WDnSUYTapr,248.000,8hVPVElPDyJLGNul,261.000,mFtsU2NLbV393iPp,306.000,jgBHfjfbNleko2Dt,309.000,RQhhLWQoTrRIOUIj,,,,,,
7,13,2026-04-03T09:49:56.767Z,302.000,9,225.000,ahO5G+QMJW9JXaZF,241.000,sRrp0ZiEenIEqwEV,243.000,8hVPVElPDyJLGNul,245.000,7z+hv5WDnSUYTapr,255.000,jgBHfjfbNleko2Dt,301.000,mFtsU2NLbV393iPp,301.000,ZNeI4CIi8cYNeSIl,303.000,RQhhLWQoTrRIOUIj,304.000,oDVDcsz2DDcqmuZv,,
7,14,2026-04-03T09:49:57.069Z,309.000,8,228.000,ahO5G+QMJW9JXaZF,243.000,8hVPVElPDyJLGNul,244.000,7z+hv5WDnSUYTapr,246.000,sRrp0ZiEenIEqwEV,300.000,RQhhLWQoTrRIOUIj,301.000,mFtsU2NLbV393iPp,308.000,jgBHfjfbNleko2Dt,452.000,oDVDcsz2DDcqmuZv,,,,
7,15,2026-04-03T09:49:57.378Z,309.000,9,231.000,ahO5G+QMJW9JXaZF,235.000,8hVPVElPDyJLGNul,236.000,7z+hv5WDnSUYTapr,237.000,ZNeI4CIi8cYNeSIl,238.000,sRrp0ZiEenIEqwEV,288.000,mFtsU2NLbV393iPp,309.000,RAVUzYYMBq+gCXIY,311.000,jgBHfjfbNleko2Dt,315.000,RQhhLWQoTrRIOUIj,,
7,16,2026-04-03T09:49:57.687Z,312.000,7,215.000,mFtsU2NLbV393iPp,228.000,ahO5G+QMJW9JXaZF,230.000,8hVPVElPDyJLGNul,233.000,7z+hv5WDnSUYTapr,236.000,sRrp0ZiEenIEqwEV,262.000,jgBHfjfbNleko2Dt,317.000,RQhhLWQoTrRIOUIj,,,,,,
7,17,2026-04-03T09:49:57.999Z,314.000,8,220.000,8hVPVElPDyJLGNul,225.000,ahO5G+QMJW9JXaZF,227.000,7z+hv5WDnSUYTapr,227.000,ZNeI4CIi8cYNeSIl,228.000,sRrp0ZiEenIEqwEV,314.000,RQhhLWQoTrRIOUIj,316.000,mFtsU2NLbV393iPp,318.000,jgBHfjfbNleko2Dt,,,,
7,18,2026-04-03T09:49:58.313Z,267.000,8,196.000,RAVUzYYMBq+gCXIY,214.000,8hVPVElPDyJLGNul,218.000,7z+hv5WDnSUYTapr,220.000,sRrp0ZiEenIEqwEV,221.000,ahO5G+QMJW9JXaZF,305.000,mFtsU2NLbV393iPp,306.000,jgBHfjfbNleko2Dt,781.000,RQhhLWQoTrRIOUIj,,,,
7,19,2026-04-03T09:49:58.580Z,297.000,9,254.000,7z+hv5WDnSUYTapr,256.000,sRrp0ZiEenIEqwEV,257.000,8hVPVElPDyJLGNul,261.000,ZNeI4CIi8cYNeSIl,262.000,ahO5G+QMJW9JXaZF,266.000,mFtsU2NLbV393iPp,297.000,jgBHfjfbNleko2Dt,302.000,oDVDcsz2DDcqmuZv,337.000,RQhhLWQoTrRIOUIj,,
7,20,2026-04-03T09:49:58.877Z,316.000,9,251.000,RAVUzYYMBq+gCXIY,266.000,sRrp0ZiEenIEqwEV,267.000,7z+hv5WDnSUYTapr,268.000,ahO5G+QMJW9JXaZF,269.000,ZNeI4CIi8cYNeSIl,270.000,8hVPVElPDyJLGNul,316.000,RQhhLWQoTrRIOUIj,368.000,jgBHfjfbNleko2Dt,369.000,mFtsU2NLbV393iPp,,
7,21,2026-04-03T09:49:59.193Z,282.000,10,240.000,RAVUzYYMBq+gCXIY,253.000,8hVPVElPDyJLGNul,257.000,sRrp0ZiEenIEqwEV,258.000,ahO5G+QMJW9JXaZF,267.000,ZNeI4CIi8cYNeSIl,268.000,7z+hv5WDnSUYTapr,282.000,oDVDcsz2DDcqmuZv,359.000,jgBHfjfbNleko2Dt,356.000,mFtsU2NLbV393iPp,360.000,RQhhLWQoTrRIOUIj
7,22,2026-04-03T09:49:59.475Z,304.000,10,268.000,RAVUzYYMBq+gCXIY,277.000,8hVPVElPDyJLGNul,280.000,sRrp0ZiEenIEqwEV,285.000,ahO5G+QMJW9JXaZF,289.000,ZNeI4CIi8cYNeSIl,290.000,7z+hv5WDnSUYTapr,304.000,oDVDcsz2DDcqmuZv,313.000,mFtsU2NLbV393iPp,350.000,jgBHfjfbNleko2Dt,378.000,RQhhLWQoTrRIOUIj
7,23,2026-04-03T09:49:59.779Z,306.000,10,264.000,RAVUzYYMBq+gCXIY,278.000,8hVPVElPDyJLGNul,283.000,sRrp0ZiEenIEqwEV,288.000,ahO5G+QMJW9JXaZF,292.000,ZNeI4CIi8cYNeSIl,293.000,7z+hv5WDnSUYTapr,306.000,oDVDcsz2DDcqmuZv,349.000,RQhhLWQoTrRIOUIj,381.000,mFtsU2NLbV393iPp,391.000,jgBHfjfbNleko2Dt
7,24,2026-04-03T09:50:00.085Z,307.000,10,263.000,RAVUzYYMBq+gCXIY,284.000,8hVPVElPDyJLGNul,288.000,sRrp0ZiEenIEqwEV,289.000,ahO5G+QMJW9JXaZF,296.000,ZNeI4CIi8cYNeSIl,297.000,7z+hv5WDnSUYTapr,307.000,oDVDcsz2DDcqmuZv,384.000,jgBHfjfbNleko2Dt,391.000,RQhhLWQoTrRIOUIj,392.000,mFtsU2NLbV393iPp
7,25,2026-04-03T09:50:00.392Z,312.000,10,269.000,RAVUzYYMBq+gCXIY,285.000,8hVPVElPDyJLGNul,287.000,ahO5G+QMJW9JXaZF,291.000,sRrp0ZiEenIEqwEV,293.000,ZNeI4CIi8cYNeSIl,294.000,7z+hv5WDnSUYTapr,312.000,oDVDcsz2DDcqmuZv,333.000,mFtsU2NLbV393iPp,361.000,jgBHfjfbNleko2Dt,390.000,RQhhLWQoTrRIOUIj
7,26,2026-04-03T09:50:00.704Z,309.000,9,283.000,ahO5G+QMJW9JXaZF,284.000,8hVPVElPDyJLGNul,285.000,sRrp0ZiEenIEqwEV,290.000,ZNeI4CIi8cYNeSIl,290.000,7z+hv5WDnSUYTapr,308.000,oDVDcsz2DDcqmuZv,384.000,mFtsU2NLbV393iPp,387.000,jgBHfjfbNleko2Dt,359.000,RQhhLWQoTrRIOUIj,,
7,27,2026-04-03T09:50:01.013Z,303.000,10,275.000,ahO5G+QMJW9JXaZF,277.000,sRrp0ZiEenIEqwEV,282.000,RAVUzYYMBq+gCXIY,285.000,ZNeI4CIi8cYNeSIl,286.000,8hVPVElPDyJLGNul,289.000,7z+hv5WDnSUYTapr,303.000,oDVDcsz2DDcqmuZv,382.000,mFtsU2NLbV393iPp,384.000,jgBHfjfbNleko2Dt,386.000,RQhhLWQoTrRIOUIj
7,28,2026-04-03T09:50:01.316Z,341.000,9,277.000,ahO5G+QMJW9JXaZF,278.000,sRrp0ZiEenIEqwEV,292.000,8hVPVElPDyJLGNul,292.000,ZNeI4CIi8cYNeSIl,306.000,oDVDcsz2DDcqmuZv,337.000,mFtsU2NLbV393iPp,341.000,7z+hv5WDnSUYTapr,380.000,jgBHfjfbNleko2Dt,394.000,RQhhLWQoTrRIOUIj,,
7,29,2026-04-03T09:50:01.657Z,274.000,9,240.000,ahO5G+QMJW9JXaZF,260.000,8hVPVElPDyJLGNul,260.000,ZNeI4CIi8cYNeSIl,265.000,RAVUzYYMBq+gCXIY,275.000,jgBHfjfbNleko2Dt,305.000,sRrp0ZiEenIEqwEV,307.000,7z+hv5WDnSUYTapr,334.000,RQhhLWQoTrRIOUIj,359.000,mFtsU2NLbV393iPp,,
7,30,2026-04-03T09:50:01.931Z,341.000,10,276.000,ahO5G+QMJW9JXaZF,278.000,sRrp0ZiEenIEqwEV,292.000,8hVPVElPDyJLGNul,293.000,ZNeI4CIi8cYNeSIl,297.000,RAVUzYYMBq+gCXIY,306.000,oDVDcsz2DDcqmuZv,344.000,7z+hv5WDnSUYTapr,391.000,jgBHfjfbNleko2Dt,393.000,mFtsU2NLbV393iPp,394.000,RQhhLWQoTrRIOUIj
7,31,2026-04-03T09:50:02.272Z,310.000,9,242.000,ahO5G+QMJW9JXaZF,244.000,sRrp0ZiEenIEqwEV,253.000,8hVPVElPDyJLGNul,261.000,ZNeI4CIi8cYNeSIl,262.000,7z+hv5WDnSUYTapr,264.000,RAVUzYYMBq+gCXIY,328.000,mFtsU2NLbV393iPp,361.000,RQhhLWQoTrRIOUIj,370.000,jgBHfjfbNleko2Dt,,
7,32,2026-04-03T09:50:02.582Z,270.000,10,243.000,ahO5G+QMJW9JXaZF,245.000,sRrp0ZiEenIEqwEV,246.000,8hVPVElPDyJLGNul,264.000,ZNeI4CIi8cYNeSIl,265.000,7z+hv5WDnSUYTapr,266.000,RAVUzYYMBq+gCXIY,270.000,oDVDcsz2DDcqmuZv,295.000,jgBHfjfbNleko2Dt,343.000,RQhhLWQoTrRIOUIj,356.000,mFtsU2NLbV393iPp
7,33,2026-04-03T09:50:02.852Z,307.000,10,277.000,sRrp0ZiEenIEqwEV,278.000,8hVPVElPDyJLGNul,282.000,ahO5G+QMJW9JXaZF,302.000,ZNeI4CIi8cYNeSIl,303.000,7z+hv5WDnSUYTapr,304.000,RAVUzYYMBq+gCXIY,307.000,oDVDcsz2DDcqmuZv,401.000,jgBHfjfbNleko2Dt,404.000,mFtsU2NLbV393iPp,406.000,RQhhLWQoTrRIOUIj
7,34,2026-04-03T09:50:03.159Z,310.000,10,277.000,ahO5G+QMJW9JXaZF,280.000,sRrp0ZiEenIEqwEV,296.000,RAVUzYYMBq+gCXIY,300.000,ZNeI4CIi8cYNeSIl,300.000,7z+hv5WDnSUYTapr,308.000,oDVDcsz2DDcqmuZv,343.000,8hVPVElPDyJLGNul,383.000,mFtsU2NLbV393iPp,402.000,jgBHfjfbNleko2Dt,407.000,RQhhLWQoTrRIOUIj
7,35,2026-04-03T09:50:03.469Z,309.000,10,280.000,sRrp0ZiEenIEqwEV,281.000,ahO5G+QMJW9JXaZF,297.000,ZNeI4CIi8cYNeSIl,297.000,7z+hv5WDnSUYTapr,299.000,RAVUzYYMBq+gCXIY,302.000,mFtsU2NLbV393iPp,309.000,oDVDcsz2DDcqmuZv,347.000,8hVPVElPDyJLGNul,354.000,jgBHfjfbNleko2Dt,404.000,RQhhLWQoTrRIOUIj
7,36,2026-04-03T09:50:03.778Z,316.000,10,277.000,ahO5G+QMJW9JXaZF,283.000,sRrp0ZiEenIEqwEV,292.000,ZNeI4CIi8cYNeSIl,292.000,7z+hv5WDnSUYTapr,294.000,RAVUzYYMBq+gCXIY,313.000,oDVDcsz2DDcqmuZv,347.000,8hVPVElPDyJLGNul,329.000,RQhhLWQoTrRIOUIj,395.000,mFtsU2NLbV393iPp,400.000,jgBHfjfbNleko2Dt
7,37,2026-04-03T09:50:04.094Z,306.000,10,272.000,ahO5G+QMJW9JXaZF,273.000,sRrp0ZiEenIEqwEV,277.000,8hVPVElPDyJLGNul,282.000,ZNeI4CIi8cYNeSIl,284.000,RAVUzYYMBq+gCXIY,305.000,oDVDcsz2DDcqmuZv,334.000,7z+hv5WDnSUYTapr,375.000,mFtsU2NLbV393iPp,396.000,jgBHfjfbNleko2Dt,400.000,RQhhLWQoTrRIOUIj
7,38,2026-04-03T09:50:04.400Z,329.000,10,275.000,ahO5G+QMJW9JXaZF,282.000,8hVPVElPDyJLGNul,283.000,ZNeI4CIi8cYNeSIl,284.000,RAVUzYYMBq+gCXIY,300.000,mFtsU2NLbV393iPp,311.000,oDVDcsz2DDcqmuZv,343.000,sRrp0ZiEenIEqwEV,396.000,RQhhLWQoTrRIOUIj,341.000,7z+hv5WDnSUYTapr,361.000,jgBHfjfbNleko2Dt
7,39,2026-04-03T09:50:04.729Z,322.000,10,254.000,ahO5G+QMJW9JXaZF,262.000,8hVPVElPDyJLGNul,263.000,ZNeI4CIi8cYNeSIl,265.000,RAVUzYYMBq+gCXIY,273.000,oDVDcsz2DDcqmuZv,320.000,RQhhLWQoTrRIOUIj,321.000,7z+hv5WDnSUYTapr,324.000,sRrp0ZiEenIEqwEV,379.000,jgBHfjfbNleko2Dt,375.000,mFtsU2NLbV393iPp
7,40,2026-04-03T09:50:05.051Z,323.000,7,235.000,ahO5G+QMJW9JXaZF,247.000,8hVPVElPDyJLGNul,307.000,7z+hv5WDnSUYTapr,309.000,sRrp0ZiEenIEqwEV,363.000,mFtsU2NLbV393iPp,369.000,RQhhLWQoTrRIOUIj,365.000,jgBHfjfbNleko2Dt,,,,,,
7,41,2026-04-03T09:50:05.374Z,287.000,9,221.000,sRrp0ZiEenIEqwEV,222.000,ahO5G+QMJW9JXaZF,230.000,8hVPVElPDyJLGNul,233.000,ZNeI4CIi8cYNeSIl,238.000,RAVUzYYMBq+gCXIY,277.000,mFtsU2NLbV393iPp,287.000,7z+hv5WDnSUYTapr,334.000,jgBHfjfbNleko2Dt,360.000,RQhhLWQoTrRIOUIj,,
7,42,2026-04-03T09:50:05.661Z,275.000,10,248.000,ahO5G+QMJW9JXaZF,250.000,8hVPVElPDyJLGNul,254.000,RAVUzYYMBq+gCXIY,255.000,ZNeI4CIi8cYNeSIl,256.000,7z+hv5WDnSUYTapr,268.000,oDVDcsz2DDcqmuZv,275.000,jgBHfjfbNleko2Dt,313.000,sRrp0ZiEenIEqwEV,324.000,RQhhLWQoTrRIOUIj,375.000,mFtsU2NLbV393iPp
7,43,2026-04-03T09:50:05.936Z,339.000,10,278.000,8hVPVElPDyJLGNul,279.000,ahO5G+QMJW9JXaZF,287.000,RAVUzYYMBq+gCXIY,289.000,ZNeI4CIi8cYNeSIl,290.000,7z+hv5WDnSUYTapr,297.000,oDVDcsz2DDcqmuZv,340.000,sRrp0ZiEenIEqwEV,408.000,mFtsU2NLbV393iPp,409.000,jgBHfjfbNleko2Dt,411.000,RQhhLWQoTrRIOUIj
7,44,2026-04-03T09:50:06.275Z,306.000,10,245.000,8hVPVElPDyJLGNul,254.000,RAVUzYYMBq+gCXIY,257.000,ahO5G+QMJW9JXaZF,258.000,ZNeI4CIi8cYNeSIl,258.000,7z+hv5WDnSUYTapr,278.000,oDVDcsz2DDcqmuZv,312.000,sRrp0ZiEenIEqwEV,324.000,mFtsU2NLbV393iPp,362.000,jgBHfjfbNleko2Dt,376.000,RQhhLWQoTrRIOUIj
7,45,2026-04-03T09:50:06.581Z,288.000,10,246.000,sRrp0ZiEenIEqwEV,255.000,RAVUzYYMBq+gCXIY,258.000,ahO5G+QMJW9JXaZF,263.000,ZNeI4CIi8cYNeSIl,264.000,7z+hv5WDnSUYTapr,282.000,oDVDcsz2DDcqmuZv,288.000,jgBHfjfbNleko2Dt,314.000,8hVPVElPDyJLGNul,349.000,RQhhLWQoTrRIOUIj,378.000,mFtsU2NLbV393iPp
7,46,2026-04-03T09:50:06.869Z,283.000,10,269.000,sRrp0ZiEenIEqwEV,270.000,8hVPVElPDyJLGNul,276.000,RAVUzYYMBq+gCXIY,279.000,ahO5G+QMJW9JXaZF,280.000,ZNeI4CIi8cYNeSIl,280.000,7z+hv5WDnSUYTapr,283.000,oDVDcsz2DDcqmuZv,395.000,mFtsU2NLbV393iPp,400.000,jgBHfjfbNleko2Dt,403.000,RQhhLWQoTrRIOUIj
7,47,2026-04-03T09:50:07.152Z,338.000,10,297.000,sRrp0ZiEenIEqwEV,302.000,7z+hv5WDnSUYTapr,302.000,RAVUzYYMBq+gCXIY,307.000,ZNeI4CIi8cYNeSIl,307.000,ahO5G+QMJW9JXaZF,326.000,oDVDcsz2DDcqmuZv,376.000,mFtsU2NLbV393iPp,363.000,8hVPVElPDyJLGNul,424.000,jgBHfjfbNleko2Dt,661.000,RQhhLWQoTrRIOUIj
7,48,2026-04-03T09:50:07.490Z,328.000,10,268.000,sRrp0ZiEenIEqwEV,270.000,7z+hv5WDnSUYTapr,271.000,RAVUzYYMBq+gCXIY,274.000,ZNeI4CIi8cYNeSIl,278.000,ahO5G+QMJW9JXaZF,290.000,oDVDcsz2DDcqmuZv,328.000,jgBHfjfbNleko2Dt,338.000,8hVPVElPDyJLGNul,379.000,RQhhLWQoTrRIOUIj,388.000,mFtsU2NLbV393iPp
7,49,2026-04-03T09:50:07.818Z,330.000,9,248.000,7z+hv5WDnSUYTapr,255.000,sRrp0ZiEenIEqwEV,259.000,ZNeI4CIi8cYNeSIl,261.000,ahO5G+QMJW9JXaZF,275.000,oDVDcsz2DDcqmuZv,317.000,8hVPVElPDyJLGNul,376.000,jgBHfjfbNleko2Dt,368.000,mFtsU2NLbV393iPp,374.000,RQhhLWQoTrRIOUIj,,
7,50,2026-04-03T09:50:08.148Z,301.000,8,222.000,7z+hv5WDnSUYTapr,223.000,RAVUzYYMBq+gCXIY,226.000,8hVPVElPDyJLGNul,229.000,sRrp0ZiEenIEqwEV,236.000,ahO5G+QMJW9JXaZF,327.000,mFtsU2NLbV393iPp,347.000,RQhhLWQoTrRIOUIj,355.000,jgBHfjfbNleko2Dt,,,,
7,51,2026-04-03T09:50:08.449Z,242.000,10,226.000,7z+hv5WDnSUYTapr,230.000,RAVUzYYMBq+gCXIY,231.000,oDVDcsz2DDcqmuZv,233.000,ZNeI4CIi8cYNeSIl,236.000,8hVPVElPDyJLGNul,238.000,sRrp0ZiEenIEqwEV,242.000,ahO5G+QMJW9JXaZF,262.000,mFtsU2NLbV393iPp,299.000,jgBHfjfbNleko2Dt,359.000,RQhhLWQoTrRIOUIj
7,52,2026-04-03T09:50:08.691Z,422.000,8,292.000,7z+hv5WDnSUYTapr,293.000,RAVUzYYMBq+gCXIY,301.000,sRrp0ZiEenIEqwEV,304.000,ahO5G+QMJW9JXaZF,359.000,RQhhLWQoTrRIOUIj,388.000,mFtsU2NLbV393iPp,422.000,jgBHfjfbNleko2Dt,606.000,8hVPVElPDyJLGNul,,,,
7,53,2026-04-03T09:50:09.113Z,239.000,9,156.000,7z+hv5WDnSUYTapr,180.000,ahO5G+QMJW9JXaZF,180.000,ZNeI4CIi8cYNeSIl,184.000,sRrp0ZiEenIEqwEV,208.000,oDVDcsz2DDcqmuZv,295.000,mFtsU2NLbV393iPp,333.000,8hVPVElPDyJLGNul,264.000,jgBHfjfbNleko2Dt,483.000,RQhhLWQoTrRIOUIj,,
7,54,2026-04-03T09:50:09.352Z,398.000,8,251.000,7z+hv5WDnSUYTapr,252.000,ahO5G+QMJW9JXaZF,255.000,sRrp0ZiEenIEqwEV,341.000,jgBHfjfbNleko2Dt,387.000,RQhhLWQoTrRIOUIj,397.000,oDVDcsz2DDcqmuZv,437.000,8hVPVElPDyJLGNul,593.000,mFtsU2NLbV393iPp,,,,
7,55,2026-04-03T09:50:09.750Z,299.000,7,160.000,7z+hv5WDnSUYTapr,165.000,sRrp0ZiEenIEqwEV,167.000,ahO5G+QMJW9JXaZF,202.000,8hVPVElPDyJLGNul,292.000,jgBHfjfbNleko2Dt,295.000,RQhhLWQoTrRIOUIj,300.000,mFtsU2NLbV393iPp,,,,,,
7,56,2026-04-03T09:50:10.049Z,302.000,7,171.000,sRrp0ZiEenIEqwEV,175.000,ahO5G+QMJW9JXaZF,176.000,7z+hv5WDnSUYTapr,212.000,8hVPVElPDyJLGNul,297.000,mFtsU2NLbV393iPp,301.000,RQhhLWQoTrRIOUIj,302.000,jgBHfjfbNleko2Dt,,,,,,
7,57,2026-04-03T09:50:10.351Z,280.000,8,207.000,ahO5G+QMJW9JXaZF,209.000,7z+hv5WDnSUYTapr,211.000,sRrp0ZiEenIEqwEV,212.000,oDVDcsz2DDcqmuZv,218.000,8hVPVElPDyJLGNul,232.000,mFtsU2NLbV393iPp,279.000,jgBHfjfbNleko2Dt,318.000,RQhhLWQoTrRIOUIj,,,,
7,58,2026-04-03T09:50:10.631Z,312.000,9,225.000,sRrp0ZiEenIEqwEV,236.000,7z+hv5WDnSUYTapr,287.000,8hVPVElPDyJLGNul,290.000,mFtsU2NLbV393iPp,308.000,ahO5G+QMJW9JXaZF,312.000,RQhhLWQoTrRIOUIj,312.000,oDVDcsz2DDcqmuZv,313.000,RAVUzYYMBq+gCXIY,673.000,jgBHfjfbNleko2Dt,,
7,59,2026-04-03T09:50:10.943Z,350.000,10,239.000,ZNeI4CIi8cYNeSIl,250.000,oDVDcsz2DDcqmuZv,251.000,RAVUzYYMBq+gCXIY,284.000,8hVPVElPDyJLGNul,336.000,mFtsU2NLbV393iPp,345.000,ahO5G+QMJW9JXaZF,350.000,7z+hv5WDnSUYTapr,351.000,sRrp0ZiEenIEqwEV,461.000,RQhhLWQoTrRIOUIj,525.000,jgBHfjfbNleko2Dt
7,60,2026-04-03T09:50:11.293Z,337.000,7,205.000,7z+hv5WDnSUYTapr,209.000,sRrp0ZiEenIEqwEV,234.000,ahO5G+QMJW9JXaZF,243.000,8hVPVElPDyJLGNul,297.000,jgBHfjfbNleko2Dt,337.000,mFtsU2NLbV393iPp,351.000,RQhhLWQoTrRIOUIj,,,,,,
7,61,2026-04-03T09:50:11.630Z,301.000,9,179.000,7z+hv5WDnSUYTapr,187.000,RAVUzYYMBq+gCXIY,187.000,ZNeI4CIi8cYNeSIl,201.000,ahO5G+QMJW9JXaZF,212.000,8hVPVElPDyJLGNul,273.000,RQhhLWQoTrRIOUIj,301.000,jgBHfjfbNleko2Dt,311.000,mFtsU2NLbV393iPp,321.000,sRrp0ZiEenIEqwEV,,
7,62,2026-04-03T09:50:11.931Z,342.000,10,193.000,7z+hv5WDnSUYTapr,280.000,oDVDcsz2DDcqmuZv,304.000,mFtsU2NLbV393iPp,324.000,sRrp0ZiEenIEqwEV,339.000,RAVUzYYMBq+gCXIY,342.000,8hVPVElPDyJLGNul,342.000,ZNeI4CIi8cYNeSIl,651.000,jgBHfjfbNleko2Dt,650.000,ahO5G+QMJW9JXaZF,495.000,RQhhLWQoTrRIOUIj
7,63,2026-04-03T09:50:12.273Z,352.000,7,246.000,7z+hv5WDnSUYTapr,249.000,ahO5G+QMJW9JXaZF,286.000,mFtsU2NLbV393iPp,287.000,sRrp0ZiEenIEqwEV,294.000,8hVPVElPDyJLGNul,316.000,RQhhLWQoTrRIOUIj,352.000,jgBHfjfbNleko2Dt,,,,,,
7,64,2026-04-03T09:50:12.625Z,257.000,9,203.000,ZNeI4CIi8cYNeSIl,241.000,sRrp0ZiEenIEqwEV,253.000,oDVDcsz2DDcqmuZv,254.000,7z+hv5WDnSUYTapr,264.000,ahO5G+QMJW9JXaZF,344.000,RQhhLWQoTrRIOUIj,285.000,8hVPVElPDyJLGNul,313.000,mFtsU2NLbV393iPp,345.000,jgBHfjfbNleko2Dt,,
7,65,2026-04-03T09:50:12.882Z,382.000,8,289.000,sRrp0ZiEenIEqwEV,294.000,mFtsU2NLbV393iPp,300.000,7z+hv5WDnSUYTapr,365.000,jgBHfjfbNleko2Dt,365.000,ahO5G+QMJW9JXaZF,711.000,8hVPVElPDyJLGNul,382.000,ZNeI4CIi8cYNeSIl,863.000,RQhhLWQoTrRIOUIj,,,,
7,66,2026-04-03T09:50:13.264Z,356.000,9,173.000,8hVPVElPDyJLGNul,205.000,ahO5G+QMJW9JXaZF,212.000,sRrp0ZiEenIEqwEV,252.000,RAVUzYYMBq+gCXIY,258.000,7z+hv5WDnSUYTapr,273.000,RQhhLWQoTrRIOUIj,356.000,oDVDcsz2DDcqmuZv,402.000,jgBHfjfbNleko2Dt,405.000,mFtsU2NLbV393iPp,,
7,67,2026-04-03T09:50:13.620Z,355.000,8,270.000,ZNeI4CIi8cYNeSIl,283.000,8hVPVElPDyJLGNul,305.000,ahO5G+QMJW9JXaZF,306.000,7z+hv5WDnSUYTapr,309.000,jgBHfjfbNleko2Dt,311.000,sRrp0ZiEenIEqwEV,373.000,RQhhLWQoTrRIOUIj,361.000,mFtsU2NLbV393iPp,,,,
7,68,2026-04-03T09:50:13.975Z,307.000,9,230.000,8hVPVElPDyJLGNul,258.000,ahO5G+QMJW9JXaZF,262.000,RQhhLWQoTrRIOUIj,267.000,sRrp0ZiEenIEqwEV,292.000,ZNeI4CIi8cYNeSIl,302.000,7z+hv5WDnSUYTapr,307.000,oDVDcsz2DDcqmuZv,393.000,jgBHfjfbNleko2Dt,401.000,mFtsU2NLbV393iPp,,
7,69,2026-04-03T09:50:14.282Z,353.000,8,201.000,7z+hv5WDnSUYTapr,204.000,ahO5G+QMJW9JXaZF,235.000,sRrp0ZiEenIEqwEV,236.000,8hVPVElPDyJLGNul,292.000,ZNeI4CIi8cYNeSIl,329.000,mFtsU2NLbV393iPp,353.000,jgBHfjfbNleko2Dt,542.000,RQhhLWQoTrRIOUIj,,,,
7,70,2026-04-03T09:50:14.635Z,294.000,8,183.000,8hVPVElPDyJLGNul,212.000,ahO5G+QMJW9JXaZF,223.000,sRrp0ZiEenIEqwEV,250.000,7z+hv5WDnSUYTapr,274.000,jgBHfjfbNleko2Dt,284.000,mFtsU2NLbV393iPp,294.000,RQhhLWQoTrRIOUIj,320.000,oDVDcsz2DDcqmuZv,,,,
7,71,2026-04-03T09:50:14.929Z,294.000,8,228.000,ahO5G+QMJW9JXaZF,229.000,ZNeI4CIi8cYNeSIl,234.000,sRrp0ZiEenIEqwEV,263.000,7z+hv5WDnSUYTapr,289.000,8hVPVElPDyJLGNul,463.000,RQhhLWQoTrRIOUIj,347.000,jgBHfjfbNleko2Dt,500.000,mFtsU2NLbV393iPp,,,,
7,72,2026-04-03T09:50:15.223Z,338.000,9,234.000,ahO5G+QMJW9JXaZF,246.000,sRrp0ZiEenIEqwEV,249.000,ZNeI4CIi8cYNeSIl,252.000,oDVDcsz2DDcqmuZv,276.000,7z+hv5WDnSUYTapr,305.000,8hVPVElPDyJLGNul,338.000,jgBHfjfbNleko2Dt,339.000,mFtsU2NLbV393iPp,508.000,RQhhLWQoTrRIOUIj,,
7,73,2026-04-03T09:50:15.561Z,296.000,8,200.000,ahO5G+QMJW9JXaZF,215.000,8hVPVElPDyJLGNul,218.000,sRrp0ZiEenIEqwEV,221.000,RAVUzYYMBq+gCXIY,241.000,7z+hv5WDnSUYTapr,284.000,jgBHfjfbNleko2Dt,296.000,mFtsU2NLbV393iPp,298.000,RQhhLWQoTrRIOUIj,,,,
7,74,2026-04-03T09:50:15.857Z,360.000,10,208.000,ahO5G+QMJW9JXaZF,228.000,oDVDcsz2DDcqmuZv,233.000,RAVUzYYMBq+gCXIY,357.000,sRrp0ZiEenIEqwEV,358.000,7z+hv5WDnSUYTapr,359.000,ZNeI4CIi8cYNeSIl,360.000,8hVPVElPDyJLGNul,361.000,RQhhLWQoTrRIOUIj,365.000,jgBHfjfbNleko2Dt,521.000,mFtsU2NLbV393iPp
7,75,2026-04-03T09:50:16.217Z,309.000,8,176.000,sRrp0ZiEenIEqwEV,212.000,7z+hv5WDnSUYTapr,224.000,oDVDcsz2DDcqmuZv,262.000,8hVPVElPDyJLGNul,267.000,jgBHfjfbNleko2Dt,282.000,mFtsU2NLbV393iPp,309.000,RQhhLWQoTrRIOUIj,313.000,ahO5G+QMJW9JXaZF,,,,
7,76,2026-04-03T09:50:16.526Z,329.000,9,190.000,ahO5G+QMJW9JXaZF,205.000,7z+hv5WDnSUYTapr,263.000,8hVPVElPDyJLGNul,265.000,RQhhLWQoTrRIOUIj,287.000,mFtsU2NLbV393iPp,288.000,jgBHfjfbNleko2Dt,329.000,sRrp0ZiEenIEqwEV,338.000,oDVDcsz2DDcqmuZv,343.000,RAVUzYYMBq+gCXIY,,
7,77,2026-04-03T09:50:16.855Z,357.000,8,159.000,sRrp0ZiEenIEqwEV,179.000,7z+hv5WDnSUYTapr,247.000,8hVPVElPDyJLGNul,355.000,ZNeI4CIi8cYNeSIl,657.000,ahO5G+QMJW9JXaZF,506.000,jgBHfjfbNleko2Dt,508.000,mFtsU2NLbV393iPp,505.000,RQhhLWQoTrRIOUIj,,,,
7,78,2026-04-03T09:50:17.212Z,263.000,8,122.000,sRrp0ZiEenIEqwEV,132.000,7z+hv5WDnSUYTapr,143.000,ahO5G+QMJW9JXaZF,201.000,8hVPVElPDyJLGNul,214.000,jgBHfjfbNleko2Dt,216.000,mFtsU2NLbV393iPp,263.000,RAVUzYYMBq+gCXIY,273.000,RQhhLWQoTrRIOUIj,,,,
7,79,2026-04-03T09:50:17.475Z,316.000,8,179.000,7z+hv5WDnSUYTapr,183.000,oDVDcsz2DDcqmuZv,188.000,ahO5G+QMJW9JXaZF,198.000,sRrp0ZiEenIEqwEV,244.000,8hVPVElPDyJLGNul,314.000,RQhhLWQoTrRIOUIj,322.000,jgBHfjfbNleko2Dt,319.000,mFtsU2NLbV393iPp,,,,
7,80,2026-04-03T09:50:17.791Z,310.000,9,197.000,8hVPVElPDyJLGNul,199.000,RAVUzYYMBq+gCXIY,201.000,7z+hv5WDnSUYTapr,230.000,ZNeI4CIi8cYNeSIl,275.000,ahO5G+QMJW9JXaZF,307.000,sRrp0ZiEenIEqwEV,517.000,RQhhLWQoTrRIOUIj,518.000,mFtsU2NLbV393iPp,671.000,jgBHfjfbNleko2Dt,,
7,81,2026-04-03T09:50:18.101Z,271.000,7,188.000,ahO5G+QMJW9JXaZF,190.000,7z+hv5WDnSUYTapr,192.000,sRrp0ZiEenIEqwEV,223.000,8hVPVElPDyJLGNul,258.000,mFtsU2NLbV393iPp,266.000,RQhhLWQoTrRIOUIj,271.000,jgBHfjfbNleko2Dt,,,,,,
7,82,2026-04-03T09:50:18.372Z,296.000,9,210.000,sRrp0ZiEenIEqwEV,212.000,ahO5G+QMJW9JXaZF,215.000,7z+hv5WDnSUYTapr,216.000,RAVUzYYMBq+gCXIY,257.000,8hVPVElPDyJLGNul,293.000,oDVDcsz2DDcqmuZv,324.000,mFtsU2NLbV393iPp,307.000,RQhhLWQoTrRIOUIj,515.000,jgBHfjfbNleko2Dt,,
7,83,2026-04-03T09:50:18.668Z,268.000,10,217.000,7z+hv5WDnSUYTapr,223.000,ahO5G+QMJW9JXaZF,233.000,ZNeI4CIi8cYNeSIl,247.000,RAVUzYYMBq+gCXIY,258.000,mFtsU2NLbV393iPp,262.000,oDVDcsz2DDcqmuZv,268.000,8hVPVElPDyJLGNul,323.000,sRrp0ZiEenIEqwEV,356.000,jgBHfjfbNleko2Dt,342.000,RQhhLWQoTrRIOUIj
7,84,2026-04-03T09:50:18.936Z,356.000,9,260.000,7z+hv5WDnSUYTapr,262.000,ahO5G+QMJW9JXaZF,272.000,RAVUzYYMBq+gCXIY,272.000,ZNeI4CIi8cYNeSIl,302.000,8hVPVElPDyJLGNul,406.000,sRrp0ZiEenIEqwEV,360.000,mFtsU2NLbV393iPp,383.000,jgBHfjfbNleko2Dt,565.000,RQhhLWQoTrRIOUIj,,
7,85,2026-04-03T09:50:19.292Z,331.000,10,254.000,RAVUzYYMBq+gCXIY,255.000,ZNeI4CIi8cYNeSIl,261.000,oDVDcsz2DDcqmuZv,307.000,jgBHfjfbNleko2Dt,316.000,mFtsU2NLbV393iPp,338.000,RQhhLWQoTrRIOUIj,407.000,8hVPVElPDyJLGNul,364.000,sRrp0ZiEenIEqwEV,366.000,ahO5G+QMJW9JXaZF,521.000,7z+hv5WDnSUYTapr
7,86,2026-04-03T09:50:19.623Z,352.000,8,201.000,7z+hv5WDnSUYTapr,238.000,ahO5G+QMJW9JXaZF,316.000,RQhhLWQoTrRIOUIj,331.000,RAVUzYYMBq+gCXIY,370.000,jgBHfjfbNleko2Dt,382.000,8hVPVElPDyJLGNul,354.000,sRrp0ZiEenIEqwEV,368.000,mFtsU2NLbV393iPp,,,,
7,87,2026-04-03T09:50:19.975Z,285.000,9,193.000,oDVDcsz2DDcqmuZv,197.000,ZNeI4CIi8cYNeSIl,241.000,ahO5G+QMJW9JXaZF,250.000,mFtsU2NLbV393iPp,280.000,jgBHfjfbNleko2Dt,295.000,8hVPVElPDyJLGNul,297.000,sRrp0ZiEenIEqwEV,298.000,7z+hv5WDnSUYTapr,302.000,RQhhLWQoTrRIOUIj,,
7,88,2026-04-03T09:50:20.260Z,337.000,7,218.000,sRrp0ZiEenIEqwEV,220.000,7z+hv5WDnSUYTapr,269.000,mFtsU2NLbV393iPp,294.000,jgBHfjfbNleko2Dt,307.000,RQhhLWQoTrRIOUIj,310.000,ahO5G+QMJW9JXaZF,382.000,8hVPVElPDyJLGNul,,,,,,
7,89,2026-04-03T09:50:20.597Z,316.000,8,187.000,sRrp0ZiEenIEqwEV,196.000,7z+hv5WDnSUYTapr,265.000,RAVUzYYMBq+gCXIY,274.000,8hVPVElPDyJLGNul,275.000,ahO5G+QMJW9JXaZF,276.000,RQhhLWQoTrRIOUIj,440.000,mFtsU2NLbV393iPp,598.000,jgBHfjfbNleko2Dt,,,,
7,90,2026-04-03T09:50:20.913Z,381.000,7,182.000,7z+hv5WDnSUYTapr,251.000,mFtsU2NLbV393iPp,255.000,8hVPVElPDyJLGNul,261.000,jgBHfjfbNleko2Dt,271.000,ahO5G+QMJW9JXaZF,329.000,sRrp0ZiEenIEqwEV,509.000,RQhhLWQoTrRIOUIj,,,,,,
7,91,2026-04-03T09:50:21.294Z,235.000,8,126.000,7z+hv5WDnSUYTapr,127.000,sRrp0ZiEenIEqwEV,211.000,ahO5G+QMJW9JXaZF,221.000,8hVPVElPDyJLGNul,231.000,oDVDcsz2DDcqmuZv,233.000,jgBHfjfbNleko2Dt,235.000,mFtsU2NLbV393iPp,292.000,RQhhLWQoTrRIOUIj,,,,
7,92,2026-04-03T09:50:21.529Z,331.000,8,228.000,7z+hv5WDnSUYTapr,294.000,oDVDcsz2DDcqmuZv,298.000,8hVPVElPDyJLGNul,301.000,RQhhLWQoTrRIOUIj,307.000,ahO5G+QMJW9JXaZF,329.000,sRrp0ZiEenIEqwEV,331.000,mFtsU2NLbV393iPp,348.000,jgBHfjfbNleko2Dt,,,,
7,93,2026-04-03T09:50:21.860Z,366.000,8,198.000,8hVPVElPDyJLGNul,247.000,7z+hv5WDnSUYTapr,270.000,ZNeI4CIi8cYNeSIl,282.000,ahO5G+QMJW9JXaZF,301.000,sRrp0ZiEenIEqwEV,459.000,RQhhLWQoTrRIOUIj,457.000,mFtsU2NLbV393iPp,609.000,jgBHfjfbNleko2Dt,,,,
7,94,2026-04-03T09:50:22.226Z,317.000,10,169.000,sRrp0ZiEenIEqwEV,202.000,RAVUzYYMBq+gCXIY,206.000,oDVDcsz2DDcqmuZv,215.000,ahO5G+QMJW9JXaZF,236.000,7z+hv5WDnSUYTapr,297.000,8hVPVElPDyJLGNul,317.000,ZNeI4CIi8cYNeSIl,450.000,RQhhLWQoTrRIOUIj,350.000,mFtsU2NLbV393iPp,586.000,jgBHfjfbNleko2Dt
7,95,2026-04-03T09:50:22.543Z,360.000,7,221.000,7z+hv5WDnSUYTapr,264.000,mFtsU2NLbV393iPp,285.000,jgBHfjfbNleko2Dt,289.000,8hVPVElPDyJLGNul,353.000,sRrp0ZiEenIEqwEV,658.000,RQhhLWQoTrRIOUIj,507.000,ahO5G+QMJW9JXaZF,,,,,,
7,96,2026-04-03T09:50:22.903Z,333.000,7,152.000,sRrp0ZiEenIEqwEV,172.000,ahO5G+QMJW9JXaZF,236.000,8hVPVElPDyJLGNul,284.000,jgBHfjfbNleko2Dt,485.000,7z+hv5WDnSUYTapr,632.000,RQhhLWQoTrRIOUIj,484.000,mFtsU2NLbV393iPp,,,,,,
7,97,2026-04-03T09:50:23.236Z,294.000,10,131.000,sRrp0ZiEenIEqwEV,207.000,oDVDcsz2DDcqmuZv,212.000,8hVPVElPDyJLGNul,277.000,RAVUzYYMBq+gCXIY,280.000,ZNeI4CIi8cYNeSIl,297.000,ahO5G+QMJW9JXaZF,296.000,7z+hv5WDnSUYTapr,676.000,RQhhLWQoTrRIOUIj,519.000,mFtsU2NLbV393iPp,521.000,jgBHfjfbNleko2Dt
7,98,2026-04-03T09:50:23.530Z,315.000,10,228.000,oDVDcsz2DDcqmuZv,230.000,RAVUzYYMBq+gCXIY,231.000,8hVPVElPDyJLGNul,292.000,sRrp0ZiEenIEqwEV,313.000,7z+hv5WDnSUYTapr,314.000,ahO5G+QMJW9JXaZF,315.000,ZNeI4CIi8cYNeSIl,315.000,RQhhLWQoTrRIOUIj,355.000,jgBHfjfbNleko2Dt,553.000,mFtsU2NLbV393iPp
7,99,2026-04-03T09:50:23.845Z,333.000,9,284.000,ZNeI4CIi8cYNeSIl,286.000,oDVDcsz2DDcqmuZv,305.000,ahO5G+QMJW9JXaZF,308.000,7z+hv5WDnSUYTapr,331.000,RQhhLWQoTrRIOUIj,430.000,sRrp0ZiEenIEqwEV,384.000,8hVPVElPDyJLGNul,359.000,mFtsU2NLbV393iPp,376.000,jgBHfjfbNleko2Dt,,
7,100,2026-04-03T09:50:24.178Z,382.000,8,255.000,8hVPVElPDyJLGNul,260.000,sRrp0ZiEenIEqwEV,271.000,RAVUzYYMBq+gCXIY,281.000,ahO5G+QMJW9JXaZF,282.000,7z+hv5WDnSUYTapr,370.000,RQhhLWQoTrRIOUIj,382.000,mFtsU2NLbV393iPp,394.000,jgBHfjfbNleko2Dt,,,,
7,101,2026-04-03T09:50:24.560Z,272.000,8,189.000,sRrp0ZiEenIEqwEV,191.000,ZNeI4CIi8cYNeSIl,205.000,7z+hv5WDnSUYTapr,207.000,ahO5G+QMJW9JXaZF,221.000,8hVPVElPDyJLGNul,224.000,RQhhLWQoTrRIOUIj,272.000,jgBHfjfbNleko2Dt,324.000,mFtsU2NLbV393iPp,,,,
7,102,2026-04-03T09:50:24.832Z,330.000,7,227.000,sRrp0ZiEenIEqwEV,235.000,7z+hv5WDnSUYTapr,327.000,ahO5G+QMJW9JXaZF,328.000,8hVPVElPDyJLGNul,328.000,RQhhLWQoTrRIOUIj,329.000,mFtsU2NLbV393iPp,341.000,jgBHfjfbNleko2Dt,,,,,,
7,103,2026-04-03T09:50:25.162Z,241.000,9,205.000,oDVDcsz2DDcqmuZv,208.000,sRrp0ZiEenIEqwEV,211.000,7z+hv5WDnSUYTapr,216.000,8hVPVElPDyJLGNul,218.000,ahO5G+QMJW9JXaZF,238.000,jgBHfjfbNleko2Dt,240.000,RAVUzYYMBq+gCXIY,329.000,RQhhLWQoTrRIOUIj,334.000,mFtsU2NLbV393iPp,,
7,104,2026-04-03T09:50:25.403Z,314.000,10,274.000,sRrp0ZiEenIEqwEV,275.000,oDVDcsz2DDcqmuZv,281.000,ahO5G+QMJW9JXaZF,301.000,8hVPVElPDyJLGNul,301.000,ZNeI4CIi8cYNeSIl,303.000,RAVUzYYMBq+gCXIY,314.000,RQhhLWQoTrRIOUIj,392.000,jgBHfjfbNleko2Dt,322.000,mFtsU2NLbV393iPp,378.000,7z+hv5WDnSUYTapr
7,105,2026-04-03T09:50:25.717Z,374.000,10,268.000,oDVDcsz2DDcqmuZv,273.000,7z+hv5WDnSUYTapr,275.000,ahO5G+QMJW9JXaZF,298.000,RAVUzYYMBq+gCXIY,355.000,ZNeI4CIi8cYNeSIl,362.000,mFtsU2NLbV393iPp,374.000,8hVPVElPDyJLGNul,464.000,RQhhLWQoTrRIOUIj,418.000,sRrp0ZiEenIEqwEV,384.000,jgBHfjfbNleko2Dt
7,106,2026-04-03T09:50:26.091Z,364.000,9,198.000,ahO5G+QMJW9JXaZF,205.000,sRrp0ZiEenIEqwEV,209.000,7z+hv5WDnSUYTapr,308.000,8hVPVElPDyJLGNul,320.000,RQhhLWQoTrRIOUIj,353.000,RAVUzYYMBq+gCXIY,364.000,ZNeI4CIi8cYNeSIl,500.000,mFtsU2NLbV393iPp,649.000,jgBHfjfbNleko2Dt,,
7,107,2026-04-03T09:50:26.455Z,329.000,8,148.000,sRrp0ZiEenIEqwEV,150.000,ahO5G+QMJW9JXaZF,151.000,7z+hv5WDnSUYTapr,232.000,8hVPVElPDyJLGNul,303.000,oDVDcsz2DDcqmuZv,457.000,mFtsU2NLbV393iPp,454.000,RQhhLWQoTrRIOUIj,608.000,jgBHfjfbNleko2Dt,,,,
7,108,2026-04-03T09:50:26.784Z,281.000,8,129.000,ahO5G+QMJW9JXaZF,164.000,7z+hv5WDnSUYTapr,178.000,sRrp0ZiEenIEqwEV,219.000,mFtsU2NLbV393iPp,257.000,8hVPVElPDyJLGNul,257.000,jgBHfjfbNleko2Dt,281.000,ZNeI4CIi8cYNeSIl,437.000,RQhhLWQoTrRIOUIj,,,,
7,109,2026-04-03T09:50:27.065Z,328.000,8,183.000,sRrp0ZiEenIEqwEV,190.000,oDVDcsz2DDcqmuZv,281.000,mFtsU2NLbV393iPp,288.000,RQhhLWQoTrRIOUIj,296.000,7z+hv5WDnSUYTapr,327.000,8hVPVElPDyJLGNul,484.000,ahO5G+QMJW9JXaZF,634.000,jgBHfjfbNleko2Dt,,,,
7,110,2026-04-03T09:50:27.393Z,303.000,9,166.000,ZNeI4CIi8cYNeSIl,178.000,RAVUzYYMBq+gCXIY,252.000,jgBHfjfbNleko2Dt,268.000,7z+hv5WDnSUYTapr,308.000,ahO5G+QMJW9JXaZF,317.000,sRrp0ZiEenIEqwEV,307.000,RQhhLWQoTrRIOUIj,305.000,8hVPVElPDyJLGNul,461.000,mFtsU2NLbV393iPp,,
7,111,2026-04-03T09:50:27.696Z,285.000,8,167.000,ZNeI4CIi8cYNeSIl,246.000,mFtsU2NLbV393iPp,275.000,jgBHfjfbNleko2Dt,282.000,ahO5G+QMJW9JXaZF,323.000,sRrp0ZiEenIEqwEV,286.000,7z+hv5WDnSUYTapr,318.000,8hVPVElPDyJLGNul,350.000,RQhhLWQoTrRIOUIj,,,,
7,112,2026-04-03T09:50:27.981Z,317.000,8,203.000,sRrp0ZiEenIEqwEV,204.000,oDVDcsz2DDcqmuZv,344.000,ahO5G+QMJW9JXaZF,319.000,7z+hv5WDnSUYTapr,353.000,jgBHfjfbNleko2Dt,317.000,8hVPVElPDyJLGNul,355.000,RQhhLWQoTrRIOUIj,495.000,mFtsU2NLbV393iPp,,,,
7,113,2026-04-03T09:50:28.298Z,297.000,10,190.000,ZNeI4CIi8cYNeSIl,195.000,sRrp0ZiEenIEqwEV,195.000,oDVDcsz2DDcqmuZv,203.000,RAVUzYYMBq+gCXIY,260.000,mFtsU2NLbV393iPp,293.000,jgBHfjfbNleko2Dt,297.000,ahO5G+QMJW9JXaZF,298.000,7z+hv5WDnSUYTapr,330.000,8hVPVElPDyJLGNul,482.000,RQhhLWQoTrRIOUIj
7,114,2026-04-03T09:50:28.595Z,311.000,10,210.000,7z+hv5WDnSUYTapr,212.000,oDVDcsz2DDcqmuZv,229.000,RAVUzYYMBq+gCXIY,281.000,ZNeI4CIi8cYNeSIl,294.000,mFtsU2NLbV393iPp,306.000,jgBHfjfbNleko2Dt,311.000,8hVPVElPDyJLGNul,325.000,sRrp0ZiEenIEqwEV,412.000,RQhhLWQoTrRIOUIj,371.000,ahO5G+QMJW9JXaZF
7,115,2026-04-03T09:50:28.906Z,315.000,8,204.000,7z+hv5WDnSUYTapr,217.000,oDVDcsz2DDcqmuZv,231.000,ahO5G+QMJW9JXaZF,342.000,8hVPVElPDyJLGNul,350.000,jgBHfjfbNleko2Dt,358.000,sRrp0ZiEenIEqwEV,346.000,mFtsU2NLbV393iPp,341.000,RQhhLWQoTrRIOUIj,,,,
7,116,2026-04-03T09:50:29.221Z,346.000,9,229.000,ZNeI4CIi8cYNeSIl,291.000,ahO5G+QMJW9JXaZF,292.000,RAVUzYYMBq+gCXIY,293.000,mFtsU2NLbV393iPp,309.000,jgBHfjfbNleko2Dt,335.000,8hVPVElPDyJLGNul,346.000,7z+hv5WDnSUYTapr,347.000,sRrp0ZiEenIEqwEV,351.000,RQhhLWQoTrRIOUIj,,
7,117,2026-04-03T09:50:29.567Z,288.000,8,186.000,oDVDcsz2DDcqmuZv,205.000,sRrp0ZiEenIEqwEV,210.000,ahO5G+QMJW9JXaZF,269.000,mFtsU2NLbV393iPp,273.000,7z+hv5WDnSUYTapr,286.000,jgBHfjfbNleko2Dt,288.000,8hVPVElPDyJLGNul,385.000,RQhhLWQoTrRIOUIj,,,,
7,118,2026-04-03T09:50:29.855Z,337.000,10,224.000,oDVDcsz2DDcqmuZv,269.000,sRrp0ZiEenIEqwEV,289.000,7z+hv5WDnSUYTapr,310.000,8hVPVElPDyJLGNul,321.000,ZNeI4CIi8cYNeSIl,328.000,RQhhLWQoTrRIOUIj,336.000,mFtsU2NLbV393iPp,338.000,RAVUzYYMBq+gCXIY,374.000,jgBHfjfbNleko2Dt,383.000,ahO5G+QMJW9JXaZF
7,119,2026-04-03T09:50:30.192Z,353.000,8,199.000,ahO5G+QMJW9JXaZF,259.000,7z+hv5WDnSUYTapr,276.000,8hVPVElPDyJLGNul,277.000,sRrp0ZiEenIEqwEV,319.000,RQhhLWQoTrRIOUIj,478.000,mFtsU2NLbV393iPp,353.000,ZNeI4CIi8cYNeSIl,631.000,jgBHfjfbNleko2Dt,,,,
7,120,2026-04-03T09:50:30.545Z,304.000,7,153.000,8hVPVElPDyJLGNul,157.000,ahO5G+QMJW9JXaZF,221.000,7z+hv5WDnSUYTapr,222.000,mFtsU2NLbV393iPp,233.000,sRrp0ZiEenIEqwEV,249.000,jgBHfjfbNleko2Dt,314.000,RQhhLWQoTrRIOUIj,,,,,,
7,121,2026-04-03T09:50:30.849Z,254.000,8,161.000,8hVPVElPDyJLGNul,166.000,sRrp0ZiEenIEqwEV,208.000,ahO5G+QMJW9JXaZF,216.000,7z+hv5WDnSUYTapr,251.000,RAVUzYYMBq+gCXIY,288.000,jgBHfjfbNleko2Dt,280.000,RQhhLWQoTrRIOUIj,270.000,mFtsU2NLbV393iPp,,,,
7,122,2026-04-03T09:50:31.103Z,360.000,8,249.000,8hVPVElPDyJLGNul,271.000,7z+hv5WDnSUYTapr,277.000,mFtsU2NLbV393iPp,286.000,sRrp0ZiEenIEqwEV,324.000,jgBHfjfbNleko2Dt,328.000,RQhhLWQoTrRIOUIj,360.000,ZNeI4CIi8cYNeSIl,599.000,ahO5G+QMJW9JXaZF,,,,
7,123,2026-04-03T09:50:31.463Z,277.000,7,168.000,ahO5G+QMJW9JXaZF,198.000,8hVPVElPDyJLGNul,221.000,7z+hv5WDnSUYTapr,235.000,sRrp0ZiEenIEqwEV,237.000,mFtsU2NLbV393iPp,274.000,jgBHfjfbNleko2Dt,276.000,RQhhLWQoTrRIOUIj,,,,,,
7,124,2026-04-03T09:50:31.740Z,281.000,9,198.000,ahO5G+QMJW9JXaZF,218.000,sRrp0ZiEenIEqwEV,229.000,8hVPVElPDyJLGNul,248.000,7z+hv5WDnSUYTapr,269.000,oDVDcsz2DDcqmuZv,280.000,RAVUzYYMBq+gCXIY,309.000,mFtsU2NLbV393iPp,308.000,jgBHfjfbNleko2Dt,325.000,RQhhLWQoTrRIOUIj,,
7,125,2026-04-03T09:50:32.021Z,452.000,9,262.000,8hVPVElPDyJLGNul,281.000,mFtsU2NLbV393iPp,286.000,sRrp0ZiEenIEqwEV,297.000,7z+hv5WDnSUYTapr,307.000,RAVUzYYMBq+gCXIY,450.000,ZNeI4CIi8cYNeSIl,461.000,RQhhLWQoTrRIOUIj,463.000,ahO5G+QMJW9JXaZF,462.000,jgBHfjfbNleko2Dt,,
7,126,2026-04-03T09:50:32.473Z,200.000,8,81.000,ahO5G+QMJW9JXaZF,118.000,8hVPVElPDyJLGNul,135.000,sRrp0ZiEenIEqwEV,152.000,oDVDcsz2DDcqmuZv,165.000,7z+hv5WDnSUYTapr,174.000,mFtsU2NLbV393iPp,200.000,jgBHfjfbNleko2Dt,208.000,RQhhLWQoTrRIOUIj,,,,
7,127,2026-04-03T09:50:32.673Z,302.000,8,195.000,ahO5G+QMJW9JXaZF,224.000,8hVPVElPDyJLGNul,241.000,sRrp0ZiEenIEqwEV,259.000,oDVDcsz2DDcqmuZv,263.000,7z+hv5WDnSUYTapr,326.000,jgBHfjfbNleko2Dt,314.000,mFtsU2NLbV393iPp,323.000,RQhhLWQoTrRIOUIj,,,,
7,128,2026-04-03T09:50:32.975Z,414.000,10,251.000,sRrp0ZiEenIEqwEV,367.000,ahO5G+QMJW9JXaZF,376.000,ZNeI4CIi8cYNeSIl,398.000,oDVDcsz2DDcqmuZv,407.000,8hVPVElPDyJLGNul,411.000,RAVUzYYMBq+gCXIY,425.000,7z+hv5WDnSUYTapr,500.000,RQhhLWQoTrRIOUIj,503.000,mFtsU2NLbV393iPp,504.000,jgBHfjfbNleko2Dt
7,129,2026-04-03T09:50:33.389Z,405.000,9,294.000,sRrp0ZiEenIEqwEV,305.000,ZNeI4CIi8cYNeSIl,314.000,7z+hv5WDnSUYTapr,360.000,RAVUzYYMBq+gCXIY,406.000,jgBHfjfbNleko2Dt,456.000,8hVPVElPDyJLGNul,418.000,ahO5G+QMJW9JXaZF,552.000,RQhhLWQoTrRIOUIj,570.000,mFtsU2NLbV393iPp,,
7,130,2026-04-03T09:50:33.794Z,358.000,9,169.000,ahO5G+QMJW9JXaZF,201.000,sRrp0ZiEenIEqwEV,202.000,8hVPVElPDyJLGNul,288.000,jgBHfjfbNleko2Dt,347.000,mFtsU2NLbV393iPp,356.000,RAVUzYYMBq+gCXIY,358.000,oDVDcsz2DDcqmuZv,382.000,7z+hv5WDnSUYTapr,403.000,RQhhLWQoTrRIOUIj,,
7,131,2026-04-03T09:50:34.152Z,324.000,9,262.000,ZNeI4CIi8cYNeSIl,269.000,ahO5G+QMJW9JXaZF,298.000,mFtsU2NLbV393iPp,305.000,8hVPVElPDyJLGNul,307.000,RAVUzYYMBq+gCXIY,313.000,sRrp0ZiEenIEqwEV,338.000,7z+hv5WDnSUYTapr,376.000,jgBHfjfbNleko2Dt,397.000,RQhhLWQoTrRIOUIj,,
7,132,2026-04-03T09:50:34.476Z,382.000,8,254.000,ahO5G+QMJW9JXaZF,287.000,8hVPVElPDyJLGNul,294.000,RAVUzYYMBq+gCXIY,306.000,jgBHfjfbNleko2Dt,314.000,7z+hv5WDnSUYTapr,328.000,sRrp0ZiEenIEqwEV,382.000,mFtsU2NLbV393iPp,391.000,RQhhLWQoTrRIOUIj,,,,
7,133,2026-04-03T09:50:34.858Z,270.000,9,213.000,8hVPVElPDyJLGNul,235.000,7z+hv5WDnSUYTapr,251.000,ZNeI4CIi8cYNeSIl,252.000,sRrp0ZiEenIEqwEV,253.000,mFtsU2NLbV393iPp,254.000,oDVDcsz2DDcqmuZv,270.000,ahO5G+QMJW9JXaZF,290.000,RQhhLWQoTrRIOUIj,485.000,jgBHfjfbNleko2Dt,,
7,134,2026-04-03T09:50:35.128Z,357.000,8,217.000,ahO5G+QMJW9JXaZF,250.000,8hVPVElPDyJLGNul,253.000,7z+hv5WDnSUYTapr,288.000,sRrp0ZiEenIEqwEV,292.000,oDVDcsz2DDcqmuZv,318.000,RQhhLWQoTrRIOUIj,357.000,jgBHfjfbNleko2Dt,363.000,mFtsU2NLbV393iPp,,,,
7,135,2026-04-03T09:50:35.485Z,310.000,8,167.000,ahO5G+QMJW9JXaZF,175.000,sRrp0ZiEenIEqwEV,197.000,8hVPVElPDyJLGNul,207.000,RAVUzYYMBq+gCXIY,215.000,7z+hv5WDnSUYTapr,226.000,jgBHfjfbNleko2Dt,310.000,mFtsU2NLbV393iPp,315.000,RQhhLWQoTrRIOUIj,,,,
7,136,2026-04-03T09:50:35.795Z,369.000,10,238.000,sRrp0ZiEenIEqwEV,323.000,ZNeI4CIi8cYNeSIl,327.000,ahO5G+QMJW9JXaZF,356.000,oDVDcsz2DDcqmuZv,361.000,RAVUzYYMBq+gCXIY,362.000,8hVPVElPDyJLGNul,369.000,7z+hv5WDnSUYTapr,412.000,jgBHfjfbNleko2Dt,413.000,RQhhLWQoTrRIOUIj,414.000,mFtsU2NLbV393iPp
7,137,2026-04-03T09:50:36.164Z,335.000,8,292.000,8hVPVElPDyJLGNul,293.000,ahO5G+QMJW9JXaZF,306.000,7z+hv5WDnSUYTapr,326.000,sRrp0ZiEenIEqwEV,327.000,ZNeI4CIi8cYNeSIl,356.000,jgBHfjfbNleko2Dt,352.000,mFtsU2NLbV393iPp,353.000,RQhhLWQoTrRIOUIj,,,,
7,138,2026-04-03T09:50:36.499Z,300.000,10,237.000,8hVPVElPDyJLGNul,240.000,ahO5G+QMJW9JXaZF,241.000,7z+hv5WDnSUYTapr,275.000,ZNeI4CIi8cYNeSIl,292.000,RAVUzYYMBq+gCXIY,293.000,sRrp0ZiEenIEqwEV,300.000,oDVDcsz2DDcqmuZv,450.000,mFtsU2NLbV393iPp,510.000,RQhhLWQoTrRIOUIj,512.000,jgBHfjfbNleko2Dt
7,139,2026-04-03T09:50:36.799Z,461.000,10,312.000,ZNeI4CIi8cYNeSIl,326.000,sRrp0ZiEenIEqwEV,330.000,oDVDcsz2DDcqmuZv,358.000,RAVUzYYMBq+gCXIY,457.000,7z+hv5WDnSUYTapr,459.000,8hVPVElPDyJLGNul,461.000,ahO5G+QMJW9JXaZF,520.000,jgBHfjfbNleko2Dt,520.000,RQhhLWQoTrRIOUIj,784.000,mFtsU2NLbV393iPp
7,140,2026-04-03T09:50:37.260Z,457.000,10,327.000,ZNeI4CIi8cYNeSIl,330.000,sRrp0ZiEenIEqwEV,349.000,oDVDcsz2DDcqmuZv,397.000,RAVUzYYMBq+gCXIY,412.000,mFtsU2NLbV393iPp,452.000,ahO5G+QMJW9JXaZF,457.000,7z+hv5WDnSUYTapr,460.000,8hVPVElPDyJLGNul,563.000,RQhhLWQoTrRIOUIj,659.000,jgBHfjfbNleko2Dt
7,141,2026-04-03T09:50:37.717Z,463.000,10,227.000,sRrp0ZiEenIEqwEV,307.000,ZNeI4CIi8cYNeSIl,422.000,RAVUzYYMBq+gCXIY,425.000,oDVDcsz2DDcqmuZv,450.000,ahO5G+QMJW9JXaZF,461.000,8hVPVElPDyJLGNul,463.000,7z+hv5WDnSUYTapr,508.000,RQhhLWQoTrRIOUIj,756.000,mFtsU2NLbV393iPp,646.000,jgBHfjfbNleko2Dt
7,142,2026-04-03T09:50:38.180Z,402.000,10,297.000,RAVUzYYMBq+gCXIY,298.000,ZNeI4CIi8cYNeSIl,302.000,oDVDcsz2DDcqmuZv,308.000,8hVPVElPDyJLGNul,358.000,sRrp0ZiEenIEqwEV,445.000,ahO5G+QMJW9JXaZF,464.000,7z+hv5WDnSUYTapr,433.000,mFtsU2NLbV393iPp,514.000,RQhhLWQoTrRIOUIj,590.000,jgBHfjfbNleko2Dt
7,143,2026-04-03T09:50:38.582Z,482.000,10,329.000,sRrp0ZiEenIEqwEV,349.000,ahO5G+QMJW9JXaZF,357.000,ZNeI4CIi8cYNeSIl,364.000,7z+hv5WDnSUYTapr,437.000,oDVDcsz2DDcqmuZv,476.000,8hVPVElPDyJLGNul,482.000,RAVUzYYMBq+gCXIY,509.000,mFtsU2NLbV393iPp,532.000,jgBHfjfbNleko2Dt,580.000,RQhhLWQoTrRIOUIj
7,144,2026-04-03T09:50:39.064Z,405.000,9,271.000,7z+hv5WDnSUYTapr,299.000,jgBHfjfbNleko2Dt,312.000,oDVDcsz2DDcqmuZv,313.000,ZNeI4CIi8cYNeSIl,366.000,ahO5G+QMJW9JXaZF,375.000,sRrp0ZiEenIEqwEV,464.000,mFtsU2NLbV393iPp,454.000,8hVPVElPDyJLGNul,607.000,RQhhLWQoTrRIOUIj,,
7,145,2026-04-03T09:50:39.469Z,431.000,9,250.000,sRrp0ZiEenIEqwEV,251.000,8hVPVElPDyJLGNul,301.000,RAVUzYYMBq+gCXIY,331.000,oDVDcsz2DDcqmuZv,376.000,7z+hv5WDnSUYTapr,403.000,ZNeI4CIi8cYNeSIl,431.000,ahO5G+QMJW9JXaZF,562.000,mFtsU2NLbV393iPp,693.000,jgBHfjfbNleko2Dt,,
7,146,2026-04-03T09:50:39.900Z,464.000,10,333.000,RAVUzYYMBq+gCXIY,350.000,sRrp0ZiEenIEqwEV,364.000,ZNeI4CIi8cYNeSIl,378.000,oDVDcsz2DDcqmuZv,428.000,7z+hv5WDnSUYTapr,461.000,8hVPVElPDyJLGNul,464.000,ahO5G+QMJW9JXaZF,505.000,jgBHfjfbNleko2Dt,564.000,RQhhLWQoTrRIOUIj,568.000,mFtsU2NLbV393iPp
7,147,2026-04-03T09:50:40.364Z,482.000,9,365.000,ZNeI4CIi8cYNeSIl,383.000,oDVDcsz2DDcqmuZv,395.000,sRrp0ZiEenIEqwEV,420.000,7z+hv5WDnSUYTapr,459.000,8hVPVElPDyJLGNul,470.000,ahO5G+QMJW9JXaZF,601.000,mFtsU2NLbV393iPp,599.000,jgBHfjfbNleko2Dt,601.000,RQhhLWQoTrRIOUIj,,
7,148,2026-04-03T09:50:40.846Z,458.000,10,301.000,RAVUzYYMBq+gCXIY,309.000,sRrp0ZiEenIEqwEV,365.000,ZNeI4CIi8cYNeSIl,366.000,oDVDcsz2DDcqmuZv,400.000,7z+hv5WDnSUYTapr,442.000,ahO5G+QMJW9JXaZF,478.000,8hVPVElPDyJLGNul,594.000,mFtsU2NLbV393iPp,600.000,jgBHfjfbNleko2Dt,601.000,RQhhLWQoTrRIOUIj
7,149,2026-04-03T09:50:41.304Z,460.000,9,355.000,RAVUzYYMBq+gCXIY,372.000,ZNeI4CIi8cYNeSIl,397.000,7z+hv5WDnSUYTapr,400.000,oDVDcsz2DDcqmuZv,421.000,sRrp0ZiEenIEqwEV,437.000,ahO5G+QMJW9JXaZF,481.000,8hVPVElPDyJLGNul,605.000,mFtsU2NLbV393iPp,606.000,jgBHfjfbNleko2Dt,,
7,150,2026-04-03T09:50:41.764Z,518.000,9,385.000,ZNeI4CIi8cYNeSIl,393.000,RAVUzYYMBq+gCXIY,399.000,sRrp0ZiEenIEqwEV,426.000,7z+hv5WDnSUYTapr,427.000,oDVDcsz2DDcqmuZv,433.000,ahO5G+QMJW9JXaZF,518.000,8hVPVElPDyJLGNul,621.000,mFtsU2NLbV393iPp,726.000,jgBHfjfbNleko2Dt,,
7,151,2026-04-03T09:50:42.282Z,468.000,10,305.000,sRrp0ZiEenIEqwEV,336.000,ZNeI4CIi8cYNeSIl,367.000,RAVUzYYMBq+gCXIY,384.000,oDVDcsz2DDcqmuZv,397.000,ahO5G+QMJW9JXaZF,403.000,7z+hv5WDnSUYTapr,468.000,8hVPVElPDyJLGNul,568.000,mFtsU2NLbV393iPp,711.000,jgBHfjfbNleko2Dt,572.000,RQhhLWQoTrRIOUIj
7,152,2026-04-03T09:50:42.750Z,435.000,10,272.000,sRrp0ZiEenIEqwEV,343.000,oDVDcsz2DDcqmuZv,368.000,RAVUzYYMBq+gCXIY,385.000,ahO5G+QMJW9JXaZF,400.000,7z+hv5WDnSUYTapr,435.000,RQhhLWQoTrRIOUIj,435.000,ZNeI4CIi8cYNeSIl,463.000,8hVPVElPDyJLGNul,572.000,mFtsU2NLbV393iPp,691.000,jgBHfjfbNleko2Dt
7,153,2026-04-03T09:50:43.185Z,478.000,9,371.000,ZNeI4CIi8cYNeSIl,396.000,oDVDcsz2DDcqmuZv,402.000,RAVUzYYMBq+gCXIY,458.000,sRrp0ZiEenIEqwEV,466.000,7z+hv5WDnSUYTapr,493.000,8hVPVElPDyJLGNul,517.000,ahO5G+QMJW9JXaZF,614.000,mFtsU2NLbV393iPp,623.000,RQhhLWQoTrRIOUIj,,
7,154,2026-04-03T09:50:43.663Z,453.000,9,302.000,RAVUzYYMBq+gCXIY,369.000,sRrp0ZiEenIEqwEV,392.000,ZNeI4CIi8cYNeSIl,398.000,ahO5G+QMJW9JXaZF,409.000,oDVDcsz2DDcqmuZv,444.000,7z+hv5WDnSUYTapr,518.000,RQhhLWQoTrRIOUIj,487.000,8hVPVElPDyJLGNul,577.000,mFtsU2NLbV393iPp,,
7,155,2026-04-03T09:50:44.116Z,483.000,9,261.000,sRrp0ZiEenIEqwEV,429.000,RAVUzYYMBq+gCXIY,438.000,ahO5G+QMJW9JXaZF,454.000,7z+hv5WDnSUYTapr,480.000,ZNeI4CIi8cYNeSIl,481.000,oDVDcsz2DDcqmuZv,531.000,8hVPVElPDyJLGNul,787.000,mFtsU2NLbV393iPp,667.000,RQhhLWQoTrRIOUIj,,
7,156,2026-04-03T09:50:44.599Z,525.000,9,394.000,ZNeI4CIi8cYNeSIl,422.000,oDVDcsz2DDcqmuZv,422.000,RAVUzYYMBq+gCXIY,470.000,7z+hv5WDnSUYTapr,499.000,sRrp0ZiEenIEqwEV,522.000,RQhhLWQoTrRIOUIj,552.000,8hVPVElPDyJLGNul,575.000,ahO5G+QMJW9JXaZF,707.000,jgBHfjfbNleko2Dt,,
7,157,2026-04-03T09:50:45.124Z,592.000,8,282.000,sRrp0ZiEenIEqwEV,419.000,RAVUzYYMBq+gCXIY,435.000,7z+hv5WDnSUYTapr,497.000,oDVDcsz2DDcqmuZv,500.000,ZNeI4CIi8cYNeSIl,504.000,ahO5G+QMJW9JXaZF,593.000,8hVPVElPDyJLGNul,800.000,RQhhLWQoTrRIOUIj,,,,
7,158,2026-04-03T09:50:45.716Z,457.000,9,301.000,RAVUzYYMBq+gCXIY,365.000,sRrp0ZiEenIEqwEV,383.000,ZNeI4CIi8cYNeSIl,392.000,oDVDcsz2DDcqmuZv,407.000,7z+hv5WDnSUYTapr,448.000,ahO5G+QMJW9JXaZF,460.000,8hVPVElPDyJLGNul,617.000,mFtsU2NLbV393iPp,622.000,RQhhLWQoTrRIOUIj,,
7,159,2026-04-03T09:50:46.173Z,534.000,9,390.000,sRrp0ZiEenIEqwEV,399.000,RAVUzYYMBq+gCXIY,438.000,oDVDcsz2DDcqmuZv,459.000,ahO5G+QMJW9JXaZF,526.000,8hVPVElPDyJLGNul,528.000,ZNeI4CIi8cYNeSIl,534.000,jgBHfjfbNleko2Dt,550.000,7z+hv5WDnSUYTapr,641.000,RQhhLWQoTrRIOUIj,,
7,160,2026-04-03T09:50:46.707Z,476.000,9,324.000,7z+hv5WDnSUYTapr,342.000,RAVUzYYMBq+gCXIY,382.000,sRrp0ZiEenIEqwEV,450.000,ahO5G+QMJW9JXaZF,470.000,ZNeI4CIi8cYNeSIl,475.000,oDVDcsz2DDcqmuZv,489.000,8hVPVElPDyJLGNul,636.000,RQhhLWQoTrRIOUIj,661.000,mFtsU2NLbV393iPp,,
7,161,2026-04-03T09:50:47.183Z,669.000,8,335.000,ZNeI4CIi8cYNeSIl,425.000,RAVUzYYMBq+gCXIY,442.000,sRrp0ZiEenIEqwEV,466.000,oDVDcsz2DDcqmuZv,640.000,8hVPVElPDyJLGNul,645.000,ahO5G+QMJW9JXaZF,802.000,RQhhLWQoTrRIOUIj,744.000,mFtsU2NLbV393iPp,,,,
7,162,2026-04-03T09:50:47.852Z,522.000,10,152.000,7z+hv5WDnSUYTapr,291.000,sRrp0ZiEenIEqwEV,306.000,RAVUzYYMBq+gCXIY,433.000,ahO5G+QMJW9JXaZF,468.000,RQhhLWQoTrRIOUIj,484.000,ZNeI4CIi8cYNeSIl,522.000,oDVDcsz2DDcqmuZv,656.000,jgBHfjfbNleko2Dt,666.000,8hVPVElPDyJLGNul,713.000,mFtsU2NLbV393iPp
7,163,2026-04-03T09:50:48.374Z,664.000,9,306.000,sRrp0ZiEenIEqwEV,422.000,7z+hv5WDnSUYTapr,447.000,RAVUzYYMBq+gCXIY,488.000,8hVPVElPDyJLGNul,656.000,oDVDcsz2DDcqmuZv,658.000,ZNeI4CIi8cYNeSIl,769.000,mFtsU2NLbV393iPp,670.000,ahO5G+QMJW9JXaZF,762.000,RQhhLWQoTrRIOUIj,,
7,164,2026-04-03T09:50:49.038Z,1065.000,8,413.000,RQhhLWQoTrRIOUIj,455.000,sRrp0ZiEenIEqwEV,471.000,ZNeI4CIi8cYNeSIl,484.000,RAVUzYYMBq+gCXIY,630.000,oDVDcsz2DDcqmuZv,1015.000,ahO5G+QMJW9JXaZF,1304.000,8hVPVElPDyJLGNul,1087.000,mFtsU2NLbV393iPp,,,,
7,165,2026-04-03T09:50:50.103Z,836.000,7,307.000,ahO5G+QMJW9JXaZF,478.000,RQhhLWQoTrRIOUIj,499.000,ZNeI4CIi8cYNeSIl,556.000,oDVDcsz2DDcqmuZv,629.000,RAVUzYYMBq+gCXIY,835.000,sRrp0ZiEenIEqwEV,836.000,7z+hv5WDnSUYTapr,,,,,,
7,166,2026-04-03T09:50:50.939Z,754.000,7,312.000,sRrp0ZiEenIEqwEV,488.000,RQhhLWQoTrRIOUIj,512.000,ZNeI4CIi8cYNeSIl,517.000,RAVUzYYMBq+gCXIY,749.000,oDVDcsz2DDcqmuZv,752.000,mFtsU2NLbV393iPp,754.000,ahO5G+QMJW9JXaZF,,,,,,
7,167,2026-04-03T09:50:51.693Z,1110.000,7,303.000,ZNeI4CIi8cYNeSIl,463.000,RAVUzYYMBq+gCXIY,598.000,sRrp0ZiEenIEqwEV,859.000,RQhhLWQoTrRIOUIj,971.000,oDVDcsz2DDcqmuZv,1032.000,jgBHfjfbNleko2Dt,1111.000,ahO5G+QMJW9JXaZF,,,,,,
7,168,2026-04-03T09:50:52.803Z,1065.000,8,695.000,RAVUzYYMBq+gCXIY,698.000,sRrp0ZiEenIEqwEV,828.000,oDVDcsz2DDcqmuZv,850.000,jgBHfjfbNleko2Dt,876.000,RQhhLWQoTrRIOUIj,1065.000,7z+hv5WDnSUYTapr,1068.000,ahO5G+QMJW9JXaZF,1140.000,mFtsU2NLbV393iPp,,,,
7,169,2026-04-03T09:50:53.868Z,1053.000,8,305.000,RAVUzYYMBq+gCXIY,466.000,7z+hv5WDnSUYTapr,738.000,RQhhLWQoTrRIOUIj,908.000,8hVPVElPDyJLGNul,939.000,jgBHfjfbNleko2Dt,987.000,oDVDcsz2DDcqmuZv,1053.000,sRrp0ZiEenIEqwEV,1142.000,ahO5G+QMJW9JXaZF,,,,
7,170,2026-04-03T09:50:54.921Z,1147.000,7,689.000,RAVUzYYMBq+gCXIY,917.000,oDVDcsz2DDcqmuZv,982.000,7z+hv5WDnSUYTapr,1048.000,sRrp0ZiEenIEqwEV,1127.000,ahO5G+QMJW9JXaZF,1151.000,mFtsU2NLbV393iPp,1154.000,RQhhLWQoTrRIOUIj,,,,,,
7,171,2026-04-03T09:50:56.068Z,1675.000,7,572.000,RAVUzYYMBq+gCXIY,881.000,oDVDcsz2DDcqmuZv,907.000,mFtsU2NLbV393iPp,966.000,7z+hv5WDnSUYTapr,1574.000,sRrp0ZiEenIEqwEV,1574.000,ZNeI4CIi8cYNeSIl,1678.000,RQhhLWQoTrRIOUIj,,,,,,
7,172,2026-04-03T09:50:57.743Z,2279.000,7,1099.000,sRrp0ZiEenIEqwEV,1248.000,RAVUzYYMBq+gCXIY,1468.000,7z+hv5WDnSUYTapr,1498.000,8hVPVElPDyJLGNul,1554.000,jgBHfjfbNleko2Dt,2110.000,ZNeI4CIi8cYNeSIl,2280.000,RQhhLWQoTrRIOUIj,,,,,,
7,173,2026-04-03T09:51:00.022Z,2380.000,8,999.000,ZNeI4CIi8cYNeSIl,1000.000,sRrp0ZiEenIEqwEV,1396.000,RAVUzYYMBq+gCXIY,1968.000,RQhhLWQoTrRIOUIj,2151.000,oDVDcsz2DDcqmuZv,2310.000,7z+hv5WDnSUYTapr,2380.000,8hVPVElPDyJLGNul,2452.000,mFtsU2NLbV393iPp,,,,
7,174,2026-04-03T09:51:02.402Z,2846.000,10,2494.000,RAVUzYYMBq+gCXIY,2651.000,ahO5G+QMJW9JXaZF,2729.000,sRrp0ZiEenIEqwEV,2771.000,8hVPVElPDyJLGNul,2844.000,oDVDcsz2DDcqmuZv,2845.000,7z+hv5WDnSUYTapr,2846.000,jgBHfjfbNleko2Dt,2846.000,ZNeI4CIi8cYNeSIl,2894.000,RQhhLWQoTrRIOUIj,2938.000,mFtsU2NLbV393iPp
7,175,2026-04-03T09:51:05.248Z,3143.000,9,2814.000,RAVUzYYMBq+gCXIY,2924.000,oDVDcsz2DDcqmuZv,2962.000,7z+hv5WDnSUYTapr,3010.000,ZNeI4CIi8cYNeSIl,3012.000,sRrp0ZiEenIEqwEV,3138.000,RQhhLWQoTrRIOUIj,3152.000,ahO5G+QMJW9JXaZF,3145.000,8hVPVElPDyJLGNul,3226.000,mFtsU2NLbV393iPp,,
7,176,2026-04-03T09:51:08.391Z,3695.000,8,2480.000,RAVUzYYMBq+gCXIY,2519.000,RQhhLWQoTrRIOUIj,2853.000,7z+hv5WDnSUYTapr,2931.000,8hVPVElPDyJLGNul,3010.000,jgBHfjfbNleko2Dt,3695.000,sRrp0ZiEenIEqwEV,3695.000,ZNeI4CIi8cYNeSIl,3696.000,oDVDcsz2DDcqmuZv,,,,
7,177,2026-04-03T09:51:12.086Z,4093.000,9,2919.000,ZNeI4CIi8cYNeSIl,3056.000,sRrp0ZiEenIEqwEV,3342.000,7z+hv5WDnSUYTapr,3422.000,mFtsU2NLbV393iPp,3897.000,RAVUzYYMBq+gCXIY,4092.000,oDVDcsz2DDcqmuZv,4145.000,RQhhLWQoTrRIOUIj,4397.000,8hVPVElPDyJLGNul,4322.000,jgBHfjfbNleko2Dt,,
7,178,2026-04-03T09:51:16.179Z,5452.000,7,3930.000,sRrp0ZiEenIEqwEV,3932.000,RAVUzYYMBq+gCXIY,4009.000,ZNeI4CIi8cYNeSIl,4105.000,RQhhLWQoTrRIOUIj,4504.000,jgBHfjfbNleko2Dt,4512.000,7z+hv5WDnSUYTapr,5566.000,mFtsU2NLbV393iPp,,,,,,
7,179,2026-04-03T09:51:21.631Z,5039.000,7,3641.000,ZNeI4CIi8cYNeSIl,4271.000,mFtsU2NLbV393iPp,4540.000,RAVUzYYMBq+gCXIY,4540.000,sRrp0ZiEenIEqwEV,4746.000,RQhhLWQoTrRIOUIj,4886.000,oDVDcsz2DDcqmuZv,5038.000,7z+hv5WDnSUYTapr,,,,,,
7,180,2026-04-03T09:51:26.670Z,5866.000,8,4795.000,RAVUzYYMBq+gCXIY,4938.000,7z+hv5WDnSUYTapr,5633.000,ZNeI4CIi8cYNeSIl,5659.000,8hVPVElPDyJLGNul,5713.000,sRrp0ZiEenIEqwEV,5787.000,ahO5G+QMJW9JXaZF,5866.000,oDVDcsz2DDcqmuZv,6113.000,jgBHfjfbNleko2Dt,,,,
7,181,2026-04-03T09:51:32.536Z,6380.000,8,6184.000,7z+hv5WDnSUYTapr,6186.000,sRrp0ZiEenIEqwEV,6228.000,RAVUzYYMBq+gCXIY,6261.000,oDVDcsz2DDcqmuZv,6262.000,ZNeI4CIi8cYNeSIl,6358.000,mFtsU2NLbV393iPp,6380.000,8hVPVElPDyJLGNul,6389.000,RQhhLWQoTrRIOUIj,,,,
7,182,2026-04-03T09:51:38.916Z,6897.000,8,6481.000,RQhhLWQoTrRIOUIj,6693.000,jgBHfjfbNleko2Dt,6698.000,mFtsU2NLbV393iPp,6769.000,8hVPVElPDyJLGNul,6804.000,sRrp0ZiEenIEqwEV,6807.000,ahO5G+QMJW9JXaZF,6896.000,7z+hv5WDnSUYTapr,6902.000,RAVUzYYMBq+gCXIY,,,,
7,183,2026-04-03T09:51:45.813Z,7708.000,7,6916.000,RAVUzYYMBq+gCXIY,7143.000,ZNeI4CIi8cYNeSIl,7624.000,jgBHfjfbNleko2Dt,7627.000,sRrp0ZiEenIEqwEV,7628.000,ahO5G+QMJW9JXaZF,7705.000,RQhhLWQoTrRIOUIj,7714.000,mFtsU2NLbV393iPp,,,,,,
7,184,2026-04-03T09:51:53.521Z,8184.000,7,7336.000,ahO5G+QMJW9JXaZF,7376.000,mFtsU2NLbV393iPp,7381.000,RQhhLWQoTrRIOUIj,7586.000,jgBHfjfbNleko2Dt,7994.000,ZNeI4CIi8cYNeSIl,8169.000,sRrp0ZiEenIEqwEV,8184.000,7z+hv5WDnSUYTapr,,,,,,
7,185,2026-04-03T09:52:01.705Z,,0,,,,,,,,,,,,,,,,,,,,
8,1,2026-04-03T09:49:50.453Z,2330.000,7,1375.000,8hVPVElPDyJLGNul,1426.000,sRrp0ZiEenIEqwEV,1568.000,ZNeI4CIi8cYNeSIl,5644.000,jgBHfjfbNleko2Dt,6440.000,7z+hv5WDnSUYTapr,2667.000,RQhhLWQoTrRIOUIj,2901.000,ahO5G+QMJW9JXaZF,,,,,,
8,2,2026-04-03T09:49:52.783Z,573.000,7,2.000,sRrp0ZiEenIEqwEV,158.000,ZNeI4CIi8cYNeSIl,308.000,8hVPVElPDyJLGNul,3315.000,jgBHfjfbNleko2Dt,4112.000,7z+hv5WDnSUYTapr,586.000,ahO5G+QMJW9JXaZF,619.000,RQhhLWQoTrRIOUIj,,,,,,
8,3,2026-04-03T09:49:53.356Z,384.000,8,14.000,sRrp0ZiEenIEqwEV,149.000,ahO5G+QMJW9JXaZF,244.000,RQhhLWQoTrRIOUIj,314.000,8hVPVElPDyJLGNul,381.000,ZNeI4CIi8cYNeSIl,3540.000,7z+hv5WDnSUYTapr,2743.000,jgBHfjfbNleko2Dt,1229.000,mFtsU2NLbV393iPp,,,,
8,4,2026-04-03T09:49:53.740Z,589.000,9,308.000,ZNeI4CIi8cYNeSIl,354.000,RAVUzYYMBq+gCXIY,823.000,RQhhLWQoTrRIOUIj,589.000,sRrp0ZiEenIEqwEV,589.000,ahO5G+QMJW9JXaZF,588.000,8hVPVElPDyJLGNul,2360.000,jgBHfjfbNleko2Dt,3157.000,7z+hv5WDnSUYTapr,848.000,mFtsU2NLbV393iPp,,
8,5,2026-04-03T09:49:54.329Z,287.000,8,224.000,sRrp0ZiEenIEqwEV,226.000,ahO5G+QMJW9JXaZF,226.000,8hVPVElPDyJLGNul,255.000,RQhhLWQoTrRIOUIj,284.000,ZNeI4CIi8cYNeSIl,1773.000,jgBHfjfbNleko2Dt,2568.000,7z+hv5WDnSUYTapr,487.000,mFtsU2NLbV393iPp,,,,
8,6,2026-04-03T09:49:54.616Z,296.000,7,289.000,ahO5G+QMJW9JXaZF,289.000,sRrp0ZiEenIEqwEV,1488.000,jgBHfjfbNleko2Dt,326.000,mFtsU2NLbV393iPp,325.000,RQhhLWQoTrRIOUIj,296.000,8hVPVElPDyJLGNul,2282.000,7z+hv5WDnSUYTapr,,,,,,
8,7,2026-04-03T09:49:54.912Z,305.000,8,294.000,ZNeI4CIi8cYNeSIl,295.000,mFtsU2NLbV393iPp,299.000,RQhhLWQoTrRIOUIj,1193.000,jgBHfjfbNleko2Dt,1987.000,7z+hv5WDnSUYTapr,309.000,ahO5G+QMJW9JXaZF,308.000,8hVPVElPDyJLGNul,308.000,sRrp0ZiEenIEqwEV,,,,
8,8,2026-04-03T09:49:55.217Z,306.000,9,275.000,RQhhLWQoTrRIOUIj,293.000,mFtsU2NLbV393iPp,294.000,RAVUzYYMBq+gCXIY,298.000,ZNeI4CIi8cYNeSIl,308.000,sRrp0ZiEenIEqwEV,310.000,8hVPVElPDyJLGNul,1112.000,jgBHfjfbNleko2Dt,312.000,ahO5G+QMJW9JXaZF,1827.000,7z+hv5WDnSUYTapr,,
8,9,2026-04-03T09:49:55.523Z,308.000,8,201.000,sRrp0ZiEenIEqwEV,226.000,mFtsU2NLbV393iPp,304.000,ZNeI4CIi8cYNeSIl,304.000,8hVPVElPDyJLGNul,311.000,ahO5G+QMJW9JXaZF,1523.000,7z+hv5WDnSUYTapr,308.000,RQhhLWQoTrRIOUIj,808.000,jgBHfjfbNleko2Dt,,,,
8,10,2026-04-03T09:49:55.831Z,360.000,7,359.000,sRrp0ZiEenIEqwEV,359.000,ahO5G+QMJW9JXaZF,359.000,8hVPVElPDyJLGNul,1217.000,7z+hv5WDnSUYTapr,360.000,RQhhLWQoTrRIOUIj,360.000,mFtsU2NLbV393iPp,502.000,jgBHfjfbNleko2Dt,,,,,,
8,11,2026-04-03T09:49:56.191Z,308.000,8,153.000,sRrp0ZiEenIEqwEV,154.000,8hVPVElPDyJLGNul,164.000,ahO5G+QMJW9JXaZF,237.000,RQhhLWQoTrRIOUIj,260.000,mFtsU2NLbV393iPp,973.000,jgBHfjfbNleko2Dt,308.000,RAVUzYYMBq+gCXIY,859.000,7z+hv5WDnSUYTapr,,,,
8,12,2026-04-03T09:49:56.499Z,436.000,7,438.000,sRrp0ZiEenIEqwEV,436.000,8hVPVElPDyJLGNul,438.000,ahO5G+QMJW9JXaZF,438.000,mFtsU2NLbV393iPp,436.000,RQhhLWQoTrRIOUIj,436.000,jgBHfjfbNleko2Dt,552.000,7z+hv5WDnSUYTapr,,,,,,
8,13,2026-04-03T09:49:56.935Z,130.000,9,22.000,sRrp0ZiEenIEqwEV,29.000,8hVPVElPDyJLGNul,38.000,ahO5G+QMJW9JXaZF,92.000,jgBHfjfbNleko2Dt,118.000,7z+hv5WDnSUYTapr,126.000,mFtsU2NLbV393iPp,130.000,ZNeI4CIi8cYNeSIl,131.000,oDVDcsz2DDcqmuZv,135.000,RQhhLWQoTrRIOUIj,,
8,14,2026-04-03T09:49:57.065Z,308.000,8,195.000,sRrp0ZiEenIEqwEV,217.000,ahO5G+QMJW9JXaZF,295.000,7z+hv5WDnSUYTapr,297.000,8hVPVElPDyJLGNul,299.000,RQhhLWQoTrRIOUIj,304.000,mFtsU2NLbV393iPp,308.000,jgBHfjfbNleko2Dt,451.000,oDVDcsz2DDcqmuZv,,,,
8,15,2026-04-03T09:49:57.373Z,307.000,9,210.000,ahO5G+QMJW9JXaZF,238.000,ZNeI4CIi8cYNeSIl,250.000,mFtsU2NLbV393iPp,262.000,8hVPVElPDyJLGNul,265.000,sRrp0ZiEenIEqwEV,266.000,7z+hv5WDnSUYTapr,600.000,jgBHfjfbNleko2Dt,307.000,RAVUzYYMBq+gCXIY,752.000,RQhhLWQoTrRIOUIj,,
8,16,2026-04-03T09:49:57.680Z,312.000,7,196.000,sRrp0ZiEenIEqwEV,207.000,ahO5G+QMJW9JXaZF,260.000,8hVPVElPDyJLGNul,261.000,7z+hv5WDnSUYTapr,281.000,jgBHfjfbNleko2Dt,307.000,mFtsU2NLbV393iPp,312.000,RQhhLWQoTrRIOUIj,,,,,,
8,17,2026-04-03T09:49:57.992Z,314.000,8,195.000,ahO5G+QMJW9JXaZF,197.000,8hVPVElPDyJLGNul,230.000,ZNeI4CIi8cYNeSIl,253.000,jgBHfjfbNleko2Dt,263.000,7z+hv5WDnSUYTapr,264.000,sRrp0ZiEenIEqwEV,314.000,mFtsU2NLbV393iPp,321.000,RQhhLWQoTrRIOUIj,,,,
8,18,2026-04-03T09:49:58.306Z,265.000,8,184.000,ahO5G+QMJW9JXaZF,188.000,8hVPVElPDyJLGNul,196.000,RAVUzYYMBq+gCXIY,225.000,jgBHfjfbNleko2Dt,254.000,mFtsU2NLbV393iPp,261.000,sRrp0ZiEenIEqwEV,265.000,7z+hv5WDnSUYTapr,309.000,RQhhLWQoTrRIOUIj,,,,
8,19,2026-04-03T09:49:58.571Z,304.000,9,224.000,ahO5G+QMJW9JXaZF,244.000,7z+hv5WDnSUYTapr,266.000,ZNeI4CIi8cYNeSIl,304.000,8hVPVElPDyJLGNul,351.000,mFtsU2NLbV393iPp,306.000,sRrp0ZiEenIEqwEV,354.000,jgBHfjfbNleko2Dt,306.000,oDVDcsz2DDcqmuZv,352.000,RQhhLWQoTrRIOUIj,,
8,20,2026-04-03T09:49:58.875Z,314.000,9,224.000,ahO5G+QMJW9JXaZF,237.000,8hVPVElPDyJLGNul,246.000,RAVUzYYMBq+gCXIY,247.000,7z+hv5WDnSUYTapr,267.000,ZNeI4CIi8cYNeSIl,309.000,sRrp0ZiEenIEqwEV,368.000,RQhhLWQoTrRIOUIj,353.000,jgBHfjfbNleko2Dt,359.000,mFtsU2NLbV393iPp,,
8,21,2026-04-03T09:49:59.189Z,282.000,10,223.000,ahO5G+QMJW9JXaZF,233.000,8hVPVElPDyJLGNul,237.000,RAVUzYYMBq+gCXIY,267.000,ZNeI4CIi8cYNeSIl,279.000,jgBHfjfbNleko2Dt,281.000,oDVDcsz2DDcqmuZv,301.000,sRrp0ZiEenIEqwEV,305.000,7z+hv5WDnSUYTapr,285.000,mFtsU2NLbV393iPp,297.000,RQhhLWQoTrRIOUIj
8,22,2026-04-03T09:49:59.471Z,305.000,10,253.000,ahO5G+QMJW9JXaZF,258.000,8hVPVElPDyJLGNul,266.000,RAVUzYYMBq+gCXIY,288.000,ZNeI4CIi8cYNeSIl,303.000,oDVDcsz2DDcqmuZv,330.000,sRrp0ZiEenIEqwEV,327.000,7z+hv5WDnSUYTapr,378.000,mFtsU2NLbV393iPp,379.000,jgBHfjfbNleko2Dt,382.000,RQhhLWQoTrRIOUIj
8,23,2026-04-03T09:49:59.776Z,306.000,10,254.000,ahO5G+QMJW9JXaZF,260.000,RAVUzYYMBq+gCXIY,290.000,ZNeI4CIi8cYNeSIl,304.000,oDVDcsz2DDcqmuZv,324.000,7z+hv5WDnSUYTapr,325.000,sRrp0ZiEenIEqwEV,324.000,8hVPVElPDyJLGNul,376.000,mFtsU2NLbV393iPp,385.000,jgBHfjfbNleko2Dt,386.000,RQhhLWQoTrRIOUIj
8,24,2026-04-03T09:50:00.082Z,307.000,10,248.000,ahO5G+QMJW9JXaZF,259.000,RAVUzYYMBq+gCXIY,294.000,ZNeI4CIi8cYNeSIl,305.000,oDVDcsz2DDcqmuZv,330.000,8hVPVElPDyJLGNul,326.000,7z+hv5WDnSUYTapr,329.000,sRrp0ZiEenIEqwEV,323.000,mFtsU2NLbV393iPp,334.000,jgBHfjfbNleko2Dt,348.000,RQhhLWQoTrRIOUIj
8,25,2026-04-03T09:50:00.389Z,311.000,10,246.000,ahO5G+QMJW9JXaZF,265.000,RAVUzYYMBq+gCXIY,292.000,ZNeI4CIi8cYNeSIl,309.000,oDVDcsz2DDcqmuZv,330.000,7z+hv5WDnSUYTapr,335.000,8hVPVElPDyJLGNul,334.000,sRrp0ZiEenIEqwEV,379.000,mFtsU2NLbV393iPp,390.000,jgBHfjfbNleko2Dt,391.000,RQhhLWQoTrRIOUIj
8,26,2026-04-03T09:50:00.700Z,308.000,9,239.000,ahO5G+QMJW9JXaZF,282.000,7z+hv5WDnSUYTapr,289.000,ZNeI4CIi8cYNeSIl,306.000,oDVDcsz2DDcqmuZv,332.000,sRrp0ZiEenIEqwEV,329.000,8hVPVElPDyJLGNul,376.000,mFtsU2NLbV393iPp,378.000,jgBHfjfbNleko2Dt,380.000,RQhhLWQoTrRIOUIj,,
8,27,2026-04-03T09:50:01.008Z,305.000,10,234.000,ahO5G+QMJW9JXaZF,281.000,RAVUzYYMBq+gCXIY,286.000,ZNeI4CIi8cYNeSIl,302.000,oDVDcsz2DDcqmuZv,333.000,7z+hv5WDnSUYTapr,334.000,8hVPVElPDyJLGNul,331.000,sRrp0ZiEenIEqwEV,338.000,mFtsU2NLbV393iPp,347.000,jgBHfjfbNleko2Dt,367.000,RQhhLWQoTrRIOUIj
8,28,2026-04-03T09:50:01.313Z,339.000,9,234.000,ahO5G+QMJW9JXaZF,291.000,ZNeI4CIi8cYNeSIl,291.000,7z+hv5WDnSUYTapr,304.000,oDVDcsz2DDcqmuZv,333.000,8hVPVElPDyJLGNul,334.000,sRrp0ZiEenIEqwEV,381.000,mFtsU2NLbV393iPp,388.000,jgBHfjfbNleko2Dt,540.000,RQhhLWQoTrRIOUIj,,
8,29,2026-04-03T09:50:01.652Z,274.000,9,204.000,ahO5G+QMJW9JXaZF,261.000,ZNeI4CIi8cYNeSIl,264.000,RAVUzYYMBq+gCXIY,265.000,7z+hv5WDnSUYTapr,305.000,8hVPVElPDyJLGNul,306.000,sRrp0ZiEenIEqwEV,361.000,jgBHfjfbNleko2Dt,355.000,RQhhLWQoTrRIOUIj,515.000,mFtsU2NLbV393iPp,,
8,30,2026-04-03T09:50:01.926Z,339.000,10,240.000,ahO5G+QMJW9JXaZF,293.000,ZNeI4CIi8cYNeSIl,296.000,RAVUzYYMBq+gCXIY,297.000,7z+hv5WDnSUYTapr,306.000,oDVDcsz2DDcqmuZv,338.000,sRrp0ZiEenIEqwEV,339.000,8hVPVElPDyJLGNul,351.000,jgBHfjfbNleko2Dt,371.000,mFtsU2NLbV393iPp,383.000,RQhhLWQoTrRIOUIj
8,31,2026-04-03T09:50:02.265Z,311.000,9,207.000,ahO5G+QMJW9JXaZF,264.000,mFtsU2NLbV393iPp,265.000,ZNeI4CIi8cYNeSIl,265.000,RAVUzYYMBq+gCXIY,266.000,7z+hv5WDnSUYTapr,307.000,8hVPVElPDyJLGNul,311.000,sRrp0ZiEenIEqwEV,669.000,RQhhLWQoTrRIOUIj,518.000,jgBHfjfbNleko2Dt,,
8,32,2026-04-03T09:50:02.576Z,273.000,10,202.000,ahO5G+QMJW9JXaZF,265.000,ZNeI4CIi8cYNeSIl,266.000,RAVUzYYMBq+gCXIY,267.000,7z+hv5WDnSUYTapr,270.000,oDVDcsz2DDcqmuZv,305.000,8hVPVElPDyJLGNul,306.000,sRrp0ZiEenIEqwEV,512.000,jgBHfjfbNleko2Dt,660.000,mFtsU2NLbV393iPp,513.000,RQhhLWQoTrRIOUIj
8,33,2026-04-03T09:50:02.849Z,306.000,10,236.000,ahO5G+QMJW9JXaZF,301.000,ZNeI4CIi8cYNeSIl,301.000,RAVUzYYMBq+gCXIY,301.000,7z+hv5WDnSUYTapr,305.000,oDVDcsz2DDcqmuZv,335.000,sRrp0ZiEenIEqwEV,338.000,8hVPVElPDyJLGNul,366.000,jgBHfjfbNleko2Dt,383.000,mFtsU2NLbV393iPp,389.000,RQhhLWQoTrRIOUIj
8,34,2026-04-03T09:50:03.155Z,309.000,10,294.000,RAVUzYYMBq+gCXIY,299.000,ZNeI4CIi8cYNeSIl,306.000,7z+hv5WDnSUYTapr,307.000,oDVDcsz2DDcqmuZv,334.000,ahO5G+QMJW9JXaZF,341.000,8hVPVElPDyJLGNul,339.000,sRrp0ZiEenIEqwEV,311.000,mFtsU2NLbV393iPp,772.000,RQhhLWQoTrRIOUIj,621.000,jgBHfjfbNleko2Dt
8,35,2026-04-03T09:50:03.464Z,311.000,10,297.000,ZNeI4CIi8cYNeSIl,298.000,RAVUzYYMBq+gCXIY,298.000,7z+hv5WDnSUYTapr,309.000,oDVDcsz2DDcqmuZv,346.000,8hVPVElPDyJLGNul,342.000,ahO5G+QMJW9JXaZF,345.000,sRrp0ZiEenIEqwEV,403.000,mFtsU2NLbV393iPp,616.000,jgBHfjfbNleko2Dt,538.000,RQhhLWQoTrRIOUIj
8,36,2026-04-03T09:50:03.775Z,312.000,10,290.000,ZNeI4CIi8cYNeSIl,291.000,RAVUzYYMBq+gCXIY,291.000,7z+hv5WDnSUYTapr,310.000,oDVDcsz2DDcqmuZv,341.000,sRrp0ZiEenIEqwEV,344.000,8hVPVElPDyJLGNul,339.000,ahO5G+QMJW9JXaZF,384.000,jgBHfjfbNleko2Dt,541.000,mFtsU2NLbV393iPp,736.000,RQhhLWQoTrRIOUIj
8,37,2026-04-03T09:50:04.087Z,309.000,10,285.000,ZNeI4CIi8cYNeSIl,285.000,RAVUzYYMBq+gCXIY,305.000,mFtsU2NLbV393iPp,307.000,oDVDcsz2DDcqmuZv,307.000,jgBHfjfbNleko2Dt,341.000,7z+hv5WDnSUYTapr,339.000,8hVPVElPDyJLGNul,338.000,sRrp0ZiEenIEqwEV,334.000,ahO5G+QMJW9JXaZF,329.000,RQhhLWQoTrRIOUIj
8,38,2026-04-03T09:50:04.396Z,328.000,10,264.000,ahO5G+QMJW9JXaZF,282.000,ZNeI4CIi8cYNeSIl,282.000,RAVUzYYMBq+gCXIY,309.000,oDVDcsz2DDcqmuZv,393.000,mFtsU2NLbV393iPp,338.000,sRrp0ZiEenIEqwEV,400.000,RQhhLWQoTrRIOUIj,340.000,8hVPVElPDyJLGNul,338.000,7z+hv5WDnSUYTapr,390.000,jgBHfjfbNleko2Dt
8,39,2026-04-03T09:50:04.724Z,324.000,10,246.000,ahO5G+QMJW9JXaZF,263.000,ZNeI4CIi8cYNeSIl,264.000,RAVUzYYMBq+gCXIY,273.000,oDVDcsz2DDcqmuZv,380.000,RQhhLWQoTrRIOUIj,327.000,7z+hv5WDnSUYTapr,326.000,8hVPVElPDyJLGNul,382.000,jgBHfjfbNleko2Dt,328.000,sRrp0ZiEenIEqwEV,371.000,mFtsU2NLbV393iPp
8,40,2026-04-03T09:50:05.048Z,318.000,7,230.000,ahO5G+QMJW9JXaZF,239.000,sRrp0ZiEenIEqwEV,297.000,jgBHfjfbNleko2Dt,304.000,mFtsU2NLbV393iPp,305.000,8hVPVElPDyJLGNul,306.000,7z+hv5WDnSUYTapr,318.000,RQhhLWQoTrRIOUIj,,,,,,
8,41,2026-04-03T09:50:05.366Z,292.000,9,219.000,ahO5G+QMJW9JXaZF,226.000,sRrp0ZiEenIEqwEV,238.000,ZNeI4CIi8cYNeSIl,240.000,RAVUzYYMBq+gCXIY,289.000,7z+hv5WDnSUYTapr,292.000,8hVPVElPDyJLGNul,359.000,mFtsU2NLbV393iPp,803.000,jgBHfjfbNleko2Dt,648.000,RQhhLWQoTrRIOUIj,,
8,42,2026-04-03T09:50:05.658Z,275.000,10,234.000,ahO5G+QMJW9JXaZF,248.000,sRrp0ZiEenIEqwEV,250.000,7z+hv5WDnSUYTapr,251.000,RAVUzYYMBq+gCXIY,254.000,ZNeI4CIi8cYNeSIl,266.000,oDVDcsz2DDcqmuZv,376.000,jgBHfjfbNleko2Dt,308.000,8hVPVElPDyJLGNul,666.000,RQhhLWQoTrRIOUIj,519.000,mFtsU2NLbV393iPp
8,43,2026-04-03T09:50:05.933Z,334.000,10,267.000,ahO5G+QMJW9JXaZF,280.000,sRrp0ZiEenIEqwEV,284.000,7z+hv5WDnSUYTapr,284.000,RAVUzYYMBq+gCXIY,288.000,ZNeI4CIi8cYNeSIl,295.000,oDVDcsz2DDcqmuZv,334.000,8hVPVElPDyJLGNul,346.000,jgBHfjfbNleko2Dt,371.000,mFtsU2NLbV393iPp,381.000,RQhhLWQoTrRIOUIj
8,44,2026-04-03T09:50:06.267Z,307.000,10,241.000,ahO5G+QMJW9JXaZF,255.000,7z+hv5WDnSUYTapr,256.000,RAVUzYYMBq+gCXIY,257.000,sRrp0ZiEenIEqwEV,261.000,ZNeI4CIi8cYNeSIl,281.000,oDVDcsz2DDcqmuZv,375.000,mFtsU2NLbV393iPp,315.000,8hVPVElPDyJLGNul,686.000,RQhhLWQoTrRIOUIj,531.000,jgBHfjfbNleko2Dt
8,45,2026-04-03T09:50:06.574Z,292.000,10,239.000,ahO5G+QMJW9JXaZF,253.000,7z+hv5WDnSUYTapr,255.000,RAVUzYYMBq+gCXIY,256.000,sRrp0ZiEenIEqwEV,265.000,ZNeI4CIi8cYNeSIl,283.000,oDVDcsz2DDcqmuZv,382.000,jgBHfjfbNleko2Dt,315.000,8hVPVElPDyJLGNul,689.000,mFtsU2NLbV393iPp,535.000,RQhhLWQoTrRIOUIj
8,46,2026-04-03T09:50:06.866Z,283.000,10,255.000,ahO5G+QMJW9JXaZF,264.000,7z+hv5WDnSUYTapr,273.000,RAVUzYYMBq+gCXIY,274.000,sRrp0ZiEenIEqwEV,278.000,ZNeI4CIi8cYNeSIl,281.000,oDVDcsz2DDcqmuZv,331.000,8hVPVElPDyJLGNul,350.000,jgBHfjfbNleko2Dt,380.000,mFtsU2NLbV393iPp,549.000,RQhhLWQoTrRIOUIj
8,47,2026-04-03T09:50:07.149Z,333.000,10,279.000,ahO5G+QMJW9JXaZF,286.000,7z+hv5WDnSUYTapr,299.000,RAVUzYYMBq+gCXIY,300.000,sRrp0ZiEenIEqwEV,305.000,ZNeI4CIi8cYNeSIl,324.000,oDVDcsz2DDcqmuZv,333.000,mFtsU2NLbV393iPp,352.000,RQhhLWQoTrRIOUIj,363.000,8hVPVElPDyJLGNul,569.000,jgBHfjfbNleko2Dt
8,48,2026-04-03T09:50:07.482Z,332.000,10,253.000,ahO5G+QMJW9JXaZF,255.000,7z+hv5WDnSUYTapr,272.000,RAVUzYYMBq+gCXIY,273.000,sRrp0ZiEenIEqwEV,278.000,ZNeI4CIi8cYNeSIl,293.000,oDVDcsz2DDcqmuZv,396.000,jgBHfjfbNleko2Dt,337.000,8hVPVElPDyJLGNul,695.000,mFtsU2NLbV393iPp,544.000,RQhhLWQoTrRIOUIj
8,49,2026-04-03T09:50:07.814Z,327.000,9,226.000,7z+hv5WDnSUYTapr,239.000,ahO5G+QMJW9JXaZF,242.000,8hVPVElPDyJLGNul,251.000,sRrp0ZiEenIEqwEV,259.000,ZNeI4CIi8cYNeSIl,273.000,oDVDcsz2DDcqmuZv,327.000,jgBHfjfbNleko2Dt,367.000,mFtsU2NLbV393iPp,369.000,RQhhLWQoTrRIOUIj,,
8,50,2026-04-03T09:50:08.141Z,301.000,8,201.000,7z+hv5WDnSUYTapr,221.000,ahO5G+QMJW9JXaZF,222.000,RAVUzYYMBq+gCXIY,234.000,sRrp0ZiEenIEqwEV,274.000,mFtsU2NLbV393iPp,289.000,RQhhLWQoTrRIOUIj,301.000,8hVPVElPDyJLGNul,635.000,jgBHfjfbNleko2Dt,,,,
8,51,2026-04-03T09:50:08.442Z,246.000,10,205.000,7z+hv5WDnSUYTapr,225.000,ahO5G+QMJW9JXaZF,231.000,RAVUzYYMBq+gCXIY,233.000,oDVDcsz2DDcqmuZv,236.000,ZNeI4CIi8cYNeSIl,240.000,sRrp0ZiEenIEqwEV,382.000,8hVPVElPDyJLGNul,257.000,mFtsU2NLbV393iPp,273.000,jgBHfjfbNleko2Dt,359.000,RQhhLWQoTrRIOUIj
8,52,2026-04-03T09:50:08.688Z,431.000,8,290.000,RAVUzYYMBq+gCXIY,293.000,ahO5G+QMJW9JXaZF,298.000,sRrp0ZiEenIEqwEV,306.000,7z+hv5WDnSUYTapr,396.000,jgBHfjfbNleko2Dt,418.000,mFtsU2NLbV393iPp,880.000,RQhhLWQoTrRIOUIj,651.000,8hVPVElPDyJLGNul,,,,
8,53,2026-04-03T09:50:09.119Z,225.000,9,171.000,ZNeI4CIi8cYNeSIl,172.000,ahO5G+QMJW9JXaZF,174.000,8hVPVElPDyJLGNul,175.000,sRrp0ZiEenIEqwEV,182.000,7z+hv5WDnSUYTapr,197.000,oDVDcsz2DDcqmuZv,224.000,mFtsU2NLbV393iPp,313.000,jgBHfjfbNleko2Dt,315.000,RQhhLWQoTrRIOUIj,,
8,54,2026-04-03T09:50:09.344Z,405.000,8,252.000,ahO5G+QMJW9JXaZF,259.000,sRrp0ZiEenIEqwEV,262.000,7z+hv5WDnSUYTapr,400.000,oDVDcsz2DDcqmuZv,401.000,jgBHfjfbNleko2Dt,406.000,RQhhLWQoTrRIOUIj,410.000,8hVPVElPDyJLGNul,561.000,mFtsU2NLbV393iPp,,,,
8,55,2026-04-03T09:50:09.749Z,295.000,7,162.000,sRrp0ZiEenIEqwEV,163.000,7z+hv5WDnSUYTapr,195.000,ahO5G+QMJW9JXaZF,196.000,8hVPVElPDyJLGNul,261.000,jgBHfjfbNleko2Dt,291.000,mFtsU2NLbV393iPp,299.000,RQhhLWQoTrRIOUIj,,,,,,
8,56,2026-04-03T09:50:10.044Z,306.000,7,174.000,7z+hv5WDnSUYTapr,174.000,sRrp0ZiEenIEqwEV,206.000,ahO5G+QMJW9JXaZF,211.000,8hVPVElPDyJLGNul,248.000,mFtsU2NLbV393iPp,306.000,jgBHfjfbNleko2Dt,306.000,RQhhLWQoTrRIOUIj,,,,,,
8,57,2026-04-03T09:50:10.350Z,278.000,8,197.000,sRrp0ZiEenIEqwEV,206.000,ahO5G+QMJW9JXaZF,208.000,oDVDcsz2DDcqmuZv,234.000,mFtsU2NLbV393iPp,236.000,RQhhLWQoTrRIOUIj,248.000,8hVPVElPDyJLGNul,285.000,jgBHfjfbNleko2Dt,295.000,7z+hv5WDnSUYTapr,,,,
8,58,2026-04-03T09:50:10.628Z,314.000,9,272.000,8hVPVElPDyJLGNul,309.000,RAVUzYYMBq+gCXIY,310.000,oDVDcsz2DDcqmuZv,326.000,ahO5G+QMJW9JXaZF,374.000,mFtsU2NLbV393iPp,372.000,RQhhLWQoTrRIOUIj,377.000,sRrp0ZiEenIEqwEV,327.000,7z+hv5WDnSUYTapr,324.000,jgBHfjfbNleko2Dt,,
8,59,2026-04-03T09:50:10.942Z,351.000,10,236.000,ZNeI4CIi8cYNeSIl,244.000,oDVDcsz2DDcqmuZv,244.000,RAVUzYYMBq+gCXIY,263.000,8hVPVElPDyJLGNul,301.000,mFtsU2NLbV393iPp,350.000,RQhhLWQoTrRIOUIj,351.000,sRrp0ZiEenIEqwEV,351.000,7z+hv5WDnSUYTapr,365.000,ahO5G+QMJW9JXaZF,518.000,jgBHfjfbNleko2Dt
8,60,2026-04-03T09:50:11.293Z,332.000,7,199.000,sRrp0ZiEenIEqwEV,200.000,7z+hv5WDnSUYTapr,219.000,8hVPVElPDyJLGNul,249.000,ahO5G+QMJW9JXaZF,287.000,RQhhLWQoTrRIOUIj,292.000,jgBHfjfbNleko2Dt,346.000,mFtsU2NLbV393iPp,,,,,,
8,61,2026-04-03T09:50:11.625Z,302.000,9,176.000,7z+hv5WDnSUYTapr,185.000,RAVUzYYMBq+gCXIY,188.000,ZNeI4CIi8cYNeSIl,193.000,8hVPVElPDyJLGNul,249.000,ahO5G+QMJW9JXaZF,258.000,jgBHfjfbNleko2Dt,306.000,RQhhLWQoTrRIOUIj,609.000,mFtsU2NLbV393iPp,840.000,sRrp0ZiEenIEqwEV,,
8,62,2026-04-03T09:50:11.927Z,341.000,10,280.000,oDVDcsz2DDcqmuZv,291.000,mFtsU2NLbV393iPp,332.000,7z+hv5WDnSUYTapr,337.000,sRrp0ZiEenIEqwEV,338.000,RAVUzYYMBq+gCXIY,340.000,8hVPVElPDyJLGNul,341.000,ZNeI4CIi8cYNeSIl,364.000,jgBHfjfbNleko2Dt,411.000,ahO5G+QMJW9JXaZF,566.000,RQhhLWQoTrRIOUIj
8,63,2026-04-03T09:50:12.268Z,383.000,7,295.000,7z+hv5WDnSUYTapr,298.000,sRrp0ZiEenIEqwEV,321.000,jgBHfjfbNleko2Dt,349.000,8hVPVElPDyJLGNul,512.000,RQhhLWQoTrRIOUIj,660.000,mFtsU2NLbV393iPp,510.000,ahO5G+QMJW9JXaZF,,,,,,
8,64,2026-04-03T09:50:12.651Z,223.000,9,141.000,8hVPVElPDyJLGNul,152.000,sRrp0ZiEenIEqwEV,157.000,ahO5G+QMJW9JXaZF,173.000,ZNeI4CIi8cYNeSIl,215.000,7z+hv5WDnSUYTapr,219.000,RQhhLWQoTrRIOUIj,223.000,oDVDcsz2DDcqmuZv,236.000,mFtsU2NLbV393iPp,452.000,jgBHfjfbNleko2Dt,,
8,65,2026-04-03T09:50:12.874Z,396.000,8,265.000,8hVPVElPDyJLGNul,295.000,7z+hv5WDnSUYTapr,301.000,sRrp0ZiEenIEqwEV,397.000,mFtsU2NLbV393iPp,394.000,ZNeI4CIi8cYNeSIl,398.000,ahO5G+QMJW9JXaZF,417.000,jgBHfjfbNleko2Dt,461.000,RQhhLWQoTrRIOUIj,,,,
8,66,2026-04-03T09:50:13.270Z,345.000,9,194.000,sRrp0ZiEenIEqwEV,212.000,8hVPVElPDyJLGNul,240.000,RAVUzYYMBq+gCXIY,254.000,jgBHfjfbNleko2Dt,296.000,RQhhLWQoTrRIOUIj,319.000,ahO5G+QMJW9JXaZF,345.000,oDVDcsz2DDcqmuZv,392.000,7z+hv5WDnSUYTapr,387.000,mFtsU2NLbV393iPp,,
8,67,2026-04-03T09:50:13.615Z,355.000,8,258.000,sRrp0ZiEenIEqwEV,259.000,8hVPVElPDyJLGNul,271.000,ZNeI4CIi8cYNeSIl,279.000,ahO5G+QMJW9JXaZF,315.000,mFtsU2NLbV393iPp,358.000,7z+hv5WDnSUYTapr,368.000,jgBHfjfbNleko2Dt,394.000,RQhhLWQoTrRIOUIj,,,,
8,68,2026-04-03T09:50:13.970Z,307.000,9,232.000,ahO5G+QMJW9JXaZF,253.000,jgBHfjfbNleko2Dt,269.000,mFtsU2NLbV393iPp,272.000,8hVPVElPDyJLGNul,293.000,ZNeI4CIi8cYNeSIl,298.000,7z+hv5WDnSUYTapr,307.000,oDVDcsz2DDcqmuZv,312.000,RQhhLWQoTrRIOUIj,365.000,sRrp0ZiEenIEqwEV,,
8,69,2026-04-03T09:50:14.277Z,385.000,8,199.000,7z+hv5WDnSUYTapr,205.000,ahO5G+QMJW9JXaZF,236.000,sRrp0ZiEenIEqwEV,293.000,ZNeI4CIi8cYNeSIl,316.000,8hVPVElPDyJLGNul,619.000,mFtsU2NLbV393iPp,468.000,RQhhLWQoTrRIOUIj,470.000,jgBHfjfbNleko2Dt,,,,
8,70,2026-04-03T09:50:14.662Z,273.000,8,130.000,8hVPVElPDyJLGNul,148.000,ahO5G+QMJW9JXaZF,157.000,sRrp0ZiEenIEqwEV,225.000,7z+hv5WDnSUYTapr,270.000,jgBHfjfbNleko2Dt,274.000,mFtsU2NLbV393iPp,313.000,RQhhLWQoTrRIOUIj,289.000,oDVDcsz2DDcqmuZv,,,,
8,71,2026-04-03T09:50:14.935Z,280.000,8,179.000,ahO5G+QMJW9JXaZF,198.000,sRrp0ZiEenIEqwEV,219.000,ZNeI4CIi8cYNeSIl,260.000,jgBHfjfbNleko2Dt,278.000,7z+hv5WDnSUYTapr,279.000,8hVPVElPDyJLGNul,280.000,RQhhLWQoTrRIOUIj,489.000,mFtsU2NLbV393iPp,,,,
8,72,2026-04-03T09:50:15.215Z,343.000,9,211.000,ahO5G+QMJW9JXaZF,248.000,sRrp0ZiEenIEqwEV,253.000,ZNeI4CIi8cYNeSIl,255.000,oDVDcsz2DDcqmuZv,271.000,7z+hv5WDnSUYTapr,309.000,8hVPVElPDyJLGNul,410.000,jgBHfjfbNleko2Dt,366.000,mFtsU2NLbV393iPp,517.000,RQhhLWQoTrRIOUIj,,
8,73,2026-04-03T09:50:15.558Z,297.000,8,208.000,sRrp0ZiEenIEqwEV,217.000,RAVUzYYMBq+gCXIY,235.000,7z+hv5WDnSUYTapr,261.000,mFtsU2NLbV393iPp,286.000,ahO5G+QMJW9JXaZF,347.000,8hVPVElPDyJLGNul,305.000,jgBHfjfbNleko2Dt,487.000,RQhhLWQoTrRIOUIj,,,,
8,74,2026-04-03T09:50:15.855Z,311.000,10,218.000,sRrp0ZiEenIEqwEV,223.000,oDVDcsz2DDcqmuZv,227.000,RAVUzYYMBq+gCXIY,247.000,7z+hv5WDnSUYTapr,276.000,jgBHfjfbNleko2Dt,279.000,RQhhLWQoTrRIOUIj,311.000,ahO5G+QMJW9JXaZF,649.000,8hVPVElPDyJLGNul,356.000,ZNeI4CIi8cYNeSIl,496.000,mFtsU2NLbV393iPp
8,75,2026-04-03T09:50:16.166Z,357.000,8,209.000,sRrp0ZiEenIEqwEV,237.000,7z+hv5WDnSUYTapr,269.000,oDVDcsz2DDcqmuZv,355.000,jgBHfjfbNleko2Dt,356.000,ahO5G+QMJW9JXaZF,365.000,RQhhLWQoTrRIOUIj,362.000,mFtsU2NLbV393iPp,368.000,8hVPVElPDyJLGNul,,,,
8,76,2026-04-03T09:50:16.523Z,340.000,9,165.000,8hVPVElPDyJLGNul,187.000,ahO5G+QMJW9JXaZF,189.000,7z+hv5WDnSUYTapr,273.000,jgBHfjfbNleko2Dt,626.000,sRrp0ZiEenIEqwEV,336.000,oDVDcsz2DDcqmuZv,340.000,RAVUzYYMBq+gCXIY,476.000,RQhhLWQoTrRIOUIj,477.000,mFtsU2NLbV393iPp,,
8,77,2026-04-03T09:50:16.863Z,312.000,8,150.000,sRrp0ZiEenIEqwEV,152.000,7z+hv5WDnSUYTapr,156.000,ahO5G+QMJW9JXaZF,178.000,8hVPVElPDyJLGNul,269.000,RQhhLWQoTrRIOUIj,603.000,mFtsU2NLbV393iPp,450.000,jgBHfjfbNleko2Dt,343.000,ZNeI4CIi8cYNeSIl,,,,
8,78,2026-04-03T09:50:17.175Z,312.000,8,192.000,7z+hv5WDnSUYTapr,213.000,8hVPVElPDyJLGNul,246.000,mFtsU2NLbV393iPp,293.000,sRrp0ZiEenIEqwEV,294.000,RAVUzYYMBq+gCXIY,599.000,ahO5G+QMJW9JXaZF,450.000,RQhhLWQoTrRIOUIj,600.000,jgBHfjfbNleko2Dt,,,,
8,79,2026-04-03T09:50:17.487Z,297.000,8,156.000,sRrp0ZiEenIEqwEV,163.000,ahO5G+QMJW9JXaZF,166.000,oDVDcsz2DDcqmuZv,188.000,7z+hv5WDnSUYTapr,209.000,8hVPVElPDyJLGNul,255.000,jgBHfjfbNleko2Dt,297.000,RQhhLWQoTrRIOUIj,307.000,mFtsU2NLbV393iPp,,,,
8,80,2026-04-03T09:50:17.784Z,372.000,9,176.000,RAVUzYYMBq+gCXIY,188.000,sRrp0ZiEenIEqwEV,222.000,7z+hv5WDnSUYTapr,233.000,ZNeI4CIi8cYNeSIl,258.000,jgBHfjfbNleko2Dt,271.000,8hVPVElPDyJLGNul,371.000,ahO5G+QMJW9JXaZF,379.000,RQhhLWQoTrRIOUIj,529.000,mFtsU2NLbV393iPp,,
8,81,2026-04-03T09:50:18.156Z,215.000,7,110.000,ahO5G+QMJW9JXaZF,118.000,sRrp0ZiEenIEqwEV,148.000,RQhhLWQoTrRIOUIj,158.000,7z+hv5WDnSUYTapr,203.000,8hVPVElPDyJLGNul,247.000,jgBHfjfbNleko2Dt,246.000,mFtsU2NLbV393iPp,,,,,,
8,82,2026-04-03T09:50:18.371Z,290.000,9,207.000,ahO5G+QMJW9JXaZF,208.000,RAVUzYYMBq+gCXIY,212.000,sRrp0ZiEenIEqwEV,243.000,8hVPVElPDyJLGNul,246.000,7z+hv5WDnSUYTapr,271.000,mFtsU2NLbV393iPp,290.000,oDVDcsz2DDcqmuZv,344.000,RQhhLWQoTrRIOUIj,325.000,jgBHfjfbNleko2Dt,,
8,83,2026-04-03T09:50:18.661Z,294.000,10,247.000,sRrp0ZiEenIEqwEV,247.000,RAVUzYYMBq+gCXIY,248.000,ZNeI4CIi8cYNeSIl,261.000,7z+hv5WDnSUYTapr,264.000,oDVDcsz2DDcqmuZv,265.000,8hVPVElPDyJLGNul,294.000,jgBHfjfbNleko2Dt,371.000,ahO5G+QMJW9JXaZF,350.000,mFtsU2NLbV393iPp,343.000,RQhhLWQoTrRIOUIj
8,84,2026-04-03T09:50:18.955Z,332.000,9,246.000,RAVUzYYMBq+gCXIY,250.000,ZNeI4CIi8cYNeSIl,274.000,7z+hv5WDnSUYTapr,277.000,8hVPVElPDyJLGNul,390.000,sRrp0ZiEenIEqwEV,393.000,ahO5G+QMJW9JXaZF,363.000,mFtsU2NLbV393iPp,373.000,jgBHfjfbNleko2Dt,374.000,RQhhLWQoTrRIOUIj,,
8,85,2026-04-03T09:50:19.287Z,331.000,10,246.000,mFtsU2NLbV393iPp,252.000,RAVUzYYMBq+gCXIY,255.000,ZNeI4CIi8cYNeSIl,261.000,oDVDcsz2DDcqmuZv,346.000,jgBHfjfbNleko2Dt,355.000,RQhhLWQoTrRIOUIj,407.000,8hVPVElPDyJLGNul,360.000,ahO5G+QMJW9JXaZF,517.000,sRrp0ZiEenIEqwEV,674.000,7z+hv5WDnSUYTapr
8,86,2026-04-03T09:50:19.618Z,369.000,8,203.000,sRrp0ZiEenIEqwEV,205.000,7z+hv5WDnSUYTapr,286.000,jgBHfjfbNleko2Dt,317.000,RQhhLWQoTrRIOUIj,330.000,RAVUzYYMBq+gCXIY,339.000,ahO5G+QMJW9JXaZF,652.000,mFtsU2NLbV393iPp,498.000,8hVPVElPDyJLGNul,,,,
8,87,2026-04-03T09:50:19.987Z,266.000,9,171.000,7z+hv5WDnSUYTapr,174.000,8hVPVElPDyJLGNul,176.000,oDVDcsz2DDcqmuZv,177.000,sRrp0ZiEenIEqwEV,179.000,ahO5G+QMJW9JXaZF,181.000,ZNeI4CIi8cYNeSIl,266.000,mFtsU2NLbV393iPp,281.000,jgBHfjfbNleko2Dt,280.000,RQhhLWQoTrRIOUIj,,
8,88,2026-04-03T09:50:20.253Z,339.000,7,218.000,7z+hv5WDnSUYTapr,219.000,sRrp0ZiEenIEqwEV,251.000,mFtsU2NLbV393iPp,262.000,ahO5G+QMJW9JXaZF,303.000,jgBHfjfbNleko2Dt,329.000,RQhhLWQoTrRIOUIj,369.000,8hVPVElPDyJLGNul,,,,,,
8,89,2026-04-03T09:50:20.592Z,315.000,8,158.000,ahO5G+QMJW9JXaZF,189.000,sRrp0ZiEenIEqwEV,191.000,7z+hv5WDnSUYTapr,264.000,RAVUzYYMBq+gCXIY,275.000,8hVPVElPDyJLGNul,301.000,RQhhLWQoTrRIOUIj,320.000,mFtsU2NLbV393iPp,494.000,jgBHfjfbNleko2Dt,,,,
8,90,2026-04-03T09:50:20.907Z,350.000,7,174.000,7z+hv5WDnSUYTapr,180.000,sRrp0ZiEenIEqwEV,223.000,RQhhLWQoTrRIOUIj,256.000,8hVPVElPDyJLGNul,282.000,mFtsU2NLbV393iPp,304.000,ahO5G+QMJW9JXaZF,489.000,jgBHfjfbNleko2Dt,,,,,,
8,91,2026-04-03T09:50:21.257Z,270.000,8,135.000,7z+hv5WDnSUYTapr,138.000,sRrp0ZiEenIEqwEV,257.000,8hVPVElPDyJLGNul,262.000,oDVDcsz2DDcqmuZv,263.000,RQhhLWQoTrRIOUIj,350.000,mFtsU2NLbV393iPp,282.000,ahO5G+QMJW9JXaZF,301.000,jgBHfjfbNleko2Dt,,,,
8,92,2026-04-03T09:50:21.527Z,367.000,8,198.000,sRrp0ZiEenIEqwEV,236.000,ahO5G+QMJW9JXaZF,265.000,7z+hv5WDnSUYTapr,291.000,oDVDcsz2DDcqmuZv,301.000,RQhhLWQoTrRIOUIj,473.000,8hVPVElPDyJLGNul,628.000,mFtsU2NLbV393iPp,474.000,jgBHfjfbNleko2Dt,,,,
8,93,2026-04-03T09:50:21.894Z,313.000,8,186.000,8hVPVElPDyJLGNul,189.000,7z+hv5WDnSUYTapr,225.000,ahO5G+QMJW9JXaZF,232.000,ZNeI4CIi8cYNeSIl,252.000,mFtsU2NLbV393iPp,286.000,sRrp0ZiEenIEqwEV,597.000,jgBHfjfbNleko2Dt,444.000,RQhhLWQoTrRIOUIj,,,,
8,94,2026-04-03T09:50:22.207Z,333.000,10,154.000,7z+hv5WDnSUYTapr,213.000,ahO5G+QMJW9JXaZF,214.000,RAVUzYYMBq+gCXIY,220.000,oDVDcsz2DDcqmuZv,316.000,RQhhLWQoTrRIOUIj,331.000,ZNeI4CIi8cYNeSIl,338.000,sRrp0ZiEenIEqwEV,339.000,8hVPVElPDyJLGNul,741.000,mFtsU2NLbV393iPp,588.000,jgBHfjfbNleko2Dt
8,95,2026-04-03T09:50:22.540Z,354.000,7,217.000,7z+hv5WDnSUYTapr,280.000,ahO5G+QMJW9JXaZF,304.000,mFtsU2NLbV393iPp,319.000,8hVPVElPDyJLGNul,474.000,jgBHfjfbNleko2Dt,473.000,sRrp0ZiEenIEqwEV,626.000,RQhhLWQoTrRIOUIj,,,,,,
8,96,2026-04-03T09:50:22.894Z,340.000,7,154.000,sRrp0ZiEenIEqwEV,155.000,8hVPVElPDyJLGNul,233.000,ahO5G+QMJW9JXaZF,250.000,jgBHfjfbNleko2Dt,264.000,RQhhLWQoTrRIOUIj,325.000,7z+hv5WDnSUYTapr,412.000,mFtsU2NLbV393iPp,,,,,,
8,97,2026-04-03T09:50:23.234Z,290.000,10,120.000,sRrp0ZiEenIEqwEV,203.000,oDVDcsz2DDcqmuZv,273.000,RAVUzYYMBq+gCXIY,277.000,ZNeI4CIi8cYNeSIl,287.000,8hVPVElPDyJLGNul,311.000,ahO5G+QMJW9JXaZF,291.000,7z+hv5WDnSUYTapr,565.000,mFtsU2NLbV393iPp,566.000,jgBHfjfbNleko2Dt,721.000,RQhhLWQoTrRIOUIj
8,98,2026-04-03T09:50:23.524Z,317.000,10,225.000,RAVUzYYMBq+gCXIY,225.000,oDVDcsz2DDcqmuZv,295.000,sRrp0ZiEenIEqwEV,297.000,8hVPVElPDyJLGNul,307.000,7z+hv5WDnSUYTapr,316.000,ZNeI4CIi8cYNeSIl,335.000,ahO5G+QMJW9JXaZF,326.000,jgBHfjfbNleko2Dt,402.000,mFtsU2NLbV393iPp,405.000,RQhhLWQoTrRIOUIj
8,99,2026-04-03T09:50:23.841Z,330.000,9,282.000,sRrp0ZiEenIEqwEV,283.000,ZNeI4CIi8cYNeSIl,285.000,oDVDcsz2DDcqmuZv,290.000,8hVPVElPDyJLGNul,296.000,7z+hv5WDnSUYTapr,326.000,ahO5G+QMJW9JXaZF,330.000,RQhhLWQoTrRIOUIj,379.000,jgBHfjfbNleko2Dt,395.000,mFtsU2NLbV393iPp,,
8,100,2026-04-03T09:50:24.171Z,386.000,8,263.000,8hVPVElPDyJLGNul,264.000,RAVUzYYMBq+gCXIY,269.000,7z+hv5WDnSUYTapr,351.000,ahO5G+QMJW9JXaZF,352.000,mFtsU2NLbV393iPp,371.000,jgBHfjfbNleko2Dt,417.000,sRrp0ZiEenIEqwEV,392.000,RQhhLWQoTrRIOUIj,,,,
8,101,2026-04-03T09:50:24.557Z,272.000,8,179.000,8hVPVElPDyJLGNul,187.000,sRrp0ZiEenIEqwEV,190.000,ZNeI4CIi8cYNeSIl,191.000,7z+hv5WDnSUYTapr,226.000,ahO5G+QMJW9JXaZF,233.000,RQhhLWQoTrRIOUIj,321.000,jgBHfjfbNleko2Dt,329.000,mFtsU2NLbV393iPp,,,,
8,102,2026-04-03T09:50:24.829Z,327.000,7,217.000,8hVPVElPDyJLGNul,261.000,ahO5G+QMJW9JXaZF,312.000,7z+hv5WDnSUYTapr,314.000,RQhhLWQoTrRIOUIj,367.000,sRrp0ZiEenIEqwEV,339.000,mFtsU2NLbV393iPp,330.000,jgBHfjfbNleko2Dt,,,,,,
8,103,2026-04-03T09:50:25.156Z,245.000,9,195.000,8hVPVElPDyJLGNul,205.000,oDVDcsz2DDcqmuZv,206.000,7z+hv5WDnSUYTapr,234.000,ahO5G+QMJW9JXaZF,239.000,RAVUzYYMBq+gCXIY,333.000,jgBHfjfbNleko2Dt,296.000,sRrp0ZiEenIEqwEV,331.000,RQhhLWQoTrRIOUIj,643.000,mFtsU2NLbV393iPp,,
8,104,2026-04-03T09:50:25.401Z,313.000,10,259.000,8hVPVElPDyJLGNul,272.000,oDVDcsz2DDcqmuZv,298.000,ahO5G+QMJW9JXaZF,298.000,RAVUzYYMBq+gCXIY,299.000,ZNeI4CIi8cYNeSIl,406.000,RQhhLWQoTrRIOUIj,372.000,sRrp0ZiEenIEqwEV,325.000,jgBHfjfbNleko2Dt,370.000,7z+hv5WDnSUYTapr,570.000,mFtsU2NLbV393iPp
8,105,2026-04-03T09:50:25.714Z,371.000,10,264.000,oDVDcsz2DDcqmuZv,294.000,ahO5G+QMJW9JXaZF,295.000,RAVUzYYMBq+gCXIY,353.000,ZNeI4CIi8cYNeSIl,360.000,RQhhLWQoTrRIOUIj,369.000,7z+hv5WDnSUYTapr,371.000,8hVPVElPDyJLGNul,383.000,mFtsU2NLbV393iPp,412.000,sRrp0ZiEenIEqwEV,377.000,jgBHfjfbNleko2Dt
8,106,2026-04-03T09:50:26.085Z,353.000,9,205.000,7z+hv5WDnSUYTapr,225.000,ahO5G+QMJW9JXaZF,285.000,8hVPVElPDyJLGNul,294.000,mFtsU2NLbV393iPp,307.000,sRrp0ZiEenIEqwEV,334.000,jgBHfjfbNleko2Dt,353.000,RAVUzYYMBq+gCXIY,365.000,ZNeI4CIi8cYNeSIl,496.000,RQhhLWQoTrRIOUIj,,
8,107,2026-04-03T09:50:26.438Z,348.000,8,161.000,sRrp0ZiEenIEqwEV,162.000,7z+hv5WDnSUYTapr,189.000,ahO5G+QMJW9JXaZF,293.000,8hVPVElPDyJLGNul,314.000,oDVDcsz2DDcqmuZv,448.000,RQhhLWQoTrRIOUIj,600.000,jgBHfjfbNleko2Dt,448.000,mFtsU2NLbV393iPp,,,,
8,108,2026-04-03T09:50:26.786Z,278.000,8,123.000,sRrp0ZiEenIEqwEV,126.000,7z+hv5WDnSUYTapr,151.000,ahO5G+QMJW9JXaZF,246.000,RQhhLWQoTrRIOUIj,275.000,ZNeI4CIi8cYNeSIl,341.000,mFtsU2NLbV393iPp,294.000,8hVPVElPDyJLGNul,300.000,jgBHfjfbNleko2Dt,,,,
8,109,2026-04-03T09:50:27.064Z,325.000,8,178.000,ahO5G+QMJW9JXaZF,186.000,oDVDcsz2DDcqmuZv,283.000,jgBHfjfbNleko2Dt,291.000,7z+hv5WDnSUYTapr,292.000,8hVPVElPDyJLGNul,295.000,mFtsU2NLbV393iPp,331.000,sRrp0ZiEenIEqwEV,332.000,RQhhLWQoTrRIOUIj,,,,
8,110,2026-04-03T09:50:27.389Z,302.000,9,166.000,ZNeI4CIi8cYNeSIl,166.000,8hVPVElPDyJLGNul,176.000,RAVUzYYMBq+gCXIY,239.000,mFtsU2NLbV393iPp,265.000,7z+hv5WDnSUYTapr,325.000,ahO5G+QMJW9JXaZF,312.000,sRrp0ZiEenIEqwEV,330.000,RQhhLWQoTrRIOUIj,327.000,jgBHfjfbNleko2Dt,,
8,111,2026-04-03T09:50:27.691Z,284.000,8,167.000,ZNeI4CIi8cYNeSIl,168.000,7z+hv5WDnSUYTapr,170.000,8hVPVElPDyJLGNul,177.000,sRrp0ZiEenIEqwEV,222.000,ahO5G+QMJW9JXaZF,269.000,RQhhLWQoTrRIOUIj,344.000,mFtsU2NLbV393iPp,285.000,jgBHfjfbNleko2Dt,,,,
8,112,2026-04-03T09:50:27.975Z,312.000,8,197.000,7z+hv5WDnSUYTapr,204.000,oDVDcsz2DDcqmuZv,243.000,ahO5G+QMJW9JXaZF,309.000,jgBHfjfbNleko2Dt,311.000,sRrp0ZiEenIEqwEV,311.000,RQhhLWQoTrRIOUIj,312.000,8hVPVElPDyJLGNul,331.000,mFtsU2NLbV393iPp,,,,
8,113,2026-04-03T09:50:28.287Z,305.000,10,196.000,ZNeI4CIi8cYNeSIl,201.000,oDVDcsz2DDcqmuZv,208.000,RAVUzYYMBq+gCXIY,244.000,ahO5G+QMJW9JXaZF,284.000,mFtsU2NLbV393iPp,302.000,7z+hv5WDnSUYTapr,346.000,jgBHfjfbNleko2Dt,347.000,sRrp0ZiEenIEqwEV,342.000,8hVPVElPDyJLGNul,496.000,RQhhLWQoTrRIOUIj
8,114,2026-04-03T09:50:28.592Z,313.000,10,216.000,oDVDcsz2DDcqmuZv,226.000,RAVUzYYMBq+gCXIY,247.000,ahO5G+QMJW9JXaZF,280.000,ZNeI4CIi8cYNeSIl,309.000,7z+hv5WDnSUYTapr,312.000,8hVPVElPDyJLGNul,354.000,jgBHfjfbNleko2Dt,361.000,mFtsU2NLbV393iPp,319.000,RQhhLWQoTrRIOUIj,320.000,sRrp0ZiEenIEqwEV
8,115,2026-04-03T09:50:28.905Z,309.000,8,197.000,7z+hv5WDnSUYTapr,211.000,sRrp0ZiEenIEqwEV,212.000,oDVDcsz2DDcqmuZv,230.000,ahO5G+QMJW9JXaZF,292.000,jgBHfjfbNleko2Dt,346.000,8hVPVElPDyJLGNul,334.000,mFtsU2NLbV393iPp,502.000,RQhhLWQoTrRIOUIj,,,,
8,116,2026-04-03T09:50:29.214Z,348.000,9,230.000,ahO5G+QMJW9JXaZF,232.000,ZNeI4CIi8cYNeSIl,245.000,RAVUzYYMBq+gCXIY,264.000,mFtsU2NLbV393iPp,339.000,RQhhLWQoTrRIOUIj,346.000,8hVPVElPDyJLGNul,348.000,7z+hv5WDnSUYTapr,354.000,sRrp0ZiEenIEqwEV,355.000,jgBHfjfbNleko2Dt,,
8,117,2026-04-03T09:50:29.562Z,290.000,8,186.000,oDVDcsz2DDcqmuZv,203.000,sRrp0ZiEenIEqwEV,263.000,8hVPVElPDyJLGNul,270.000,7z+hv5WDnSUYTapr,280.000,jgBHfjfbNleko2Dt,285.000,RQhhLWQoTrRIOUIj,312.000,mFtsU2NLbV393iPp,360.000,ahO5G+QMJW9JXaZF,,,,
8,118,2026-04-03T09:50:29.852Z,334.000,10,223.000,oDVDcsz2DDcqmuZv,277.000,7z+hv5WDnSUYTapr,307.000,jgBHfjfbNleko2Dt,318.000,mFtsU2NLbV393iPp,319.000,ZNeI4CIi8cYNeSIl,322.000,sRrp0ZiEenIEqwEV,334.000,8hVPVElPDyJLGNul,334.000,RAVUzYYMBq+gCXIY,646.000,RQhhLWQoTrRIOUIj,493.000,ahO5G+QMJW9JXaZF
8,119,2026-04-03T09:50:30.186Z,354.000,8,200.000,8hVPVElPDyJLGNul,204.000,sRrp0ZiEenIEqwEV,247.000,7z+hv5WDnSUYTapr,263.000,mFtsU2NLbV393iPp,299.000,RQhhLWQoTrRIOUIj,302.000,ahO5G+QMJW9JXaZF,354.000,ZNeI4CIi8cYNeSIl,616.000,jgBHfjfbNleko2Dt,,,,
8,120,2026-04-03T09:50:30.540Z,302.000,7,153.000,sRrp0ZiEenIEqwEV,158.000,ahO5G+QMJW9JXaZF,189.000,8hVPVElPDyJLGNul,217.000,7z+hv5WDnSUYTapr,253.000,RQhhLWQoTrRIOUIj,299.000,jgBHfjfbNleko2Dt,302.000,mFtsU2NLbV393iPp,,,,,,
8,121,2026-04-03T09:50:30.842Z,256.000,8,200.000,8hVPVElPDyJLGNul,209.000,7z+hv5WDnSUYTapr,252.000,RAVUzYYMBq+gCXIY,263.000,ahO5G+QMJW9JXaZF,264.000,sRrp0ZiEenIEqwEV,266.000,jgBHfjfbNleko2Dt,293.000,RQhhLWQoTrRIOUIj,262.000,mFtsU2NLbV393iPp,,,,
8,122,2026-04-03T09:50:31.098Z,361.000,8,216.000,sRrp0ZiEenIEqwEV,247.000,mFtsU2NLbV393iPp,249.000,8hVPVElPDyJLGNul,249.000,jgBHfjfbNleko2Dt,261.000,7z+hv5WDnSUYTapr,315.000,RQhhLWQoTrRIOUIj,361.000,ahO5G+QMJW9JXaZF,362.000,ZNeI4CIi8cYNeSIl,,,,
8,123,2026-04-03T09:50:31.459Z,276.000,7,162.000,sRrp0ZiEenIEqwEV,163.000,ahO5G+QMJW9JXaZF,206.000,7z+hv5WDnSUYTapr,210.000,8hVPVElPDyJLGNul,267.000,jgBHfjfbNleko2Dt,268.000,mFtsU2NLbV393iPp,278.000,RQhhLWQoTrRIOUIj,,,,,,
8,124,2026-04-03T09:50:31.735Z,282.000,9,200.000,sRrp0ZiEenIEqwEV,233.000,7z+hv5WDnSUYTapr,237.000,8hVPVElPDyJLGNul,269.000,oDVDcsz2DDcqmuZv,278.000,RAVUzYYMBq+gCXIY,293.000,ahO5G+QMJW9JXaZF,305.000,mFtsU2NLbV393iPp,302.000,jgBHfjfbNleko2Dt,304.000,RQhhLWQoTrRIOUIj,,
8,125,2026-04-03T09:50:32.017Z,330.000,9,226.000,sRrp0ZiEenIEqwEV,253.000,jgBHfjfbNleko2Dt,254.000,mFtsU2NLbV393iPp,265.000,8hVPVElPDyJLGNul,293.000,7z+hv5WDnSUYTapr,305.000,RAVUzYYMBq+gCXIY,330.000,RQhhLWQoTrRIOUIj,378.000,ahO5G+QMJW9JXaZF,449.000,ZNeI4CIi8cYNeSIl,,
8,126,2026-04-03T09:50:32.347Z,324.000,8,203.000,sRrp0ZiEenIEqwEV,205.000,ahO5G+QMJW9JXaZF,233.000,7z+hv5WDnSUYTapr,243.000,8hVPVElPDyJLGNul,273.000,oDVDcsz2DDcqmuZv,306.000,jgBHfjfbNleko2Dt,325.000,mFtsU2NLbV393iPp,326.000,RQhhLWQoTrRIOUIj,,,,
8,127,2026-04-03T09:50:32.671Z,298.000,8,215.000,7z+hv5WDnSUYTapr,221.000,8hVPVElPDyJLGNul,256.000,oDVDcsz2DDcqmuZv,293.000,sRrp0ZiEenIEqwEV,302.000,jgBHfjfbNleko2Dt,300.000,mFtsU2NLbV393iPp,345.000,ahO5G+QMJW9JXaZF,330.000,RQhhLWQoTrRIOUIj,,,,
8,128,2026-04-03T09:50:32.969Z,417.000,10,200.000,sRrp0ZiEenIEqwEV,377.000,ZNeI4CIi8cYNeSIl,398.000,oDVDcsz2DDcqmuZv,411.000,RAVUzYYMBq+gCXIY,411.000,8hVPVElPDyJLGNul,514.000,ahO5G+QMJW9JXaZF,426.000,7z+hv5WDnSUYTapr,473.000,jgBHfjfbNleko2Dt,478.000,mFtsU2NLbV393iPp,501.000,RQhhLWQoTrRIOUIj
8,129,2026-04-03T09:50:33.386Z,396.000,9,284.000,ahO5G+QMJW9JXaZF,288.000,sRrp0ZiEenIEqwEV,304.000,ZNeI4CIi8cYNeSIl,306.000,8hVPVElPDyJLGNul,317.000,7z+hv5WDnSUYTapr,357.000,RAVUzYYMBq+gCXIY,396.000,jgBHfjfbNleko2Dt,456.000,RQhhLWQoTrRIOUIj,592.000,mFtsU2NLbV393iPp,,
8,130,2026-04-03T09:50:33.782Z,368.000,9,195.000,ahO5G+QMJW9JXaZF,208.000,sRrp0ZiEenIEqwEV,217.000,8hVPVElPDyJLGNul,267.000,jgBHfjfbNleko2Dt,362.000,RAVUzYYMBq+gCXIY,365.000,oDVDcsz2DDcqmuZv,372.000,mFtsU2NLbV393iPp,373.000,7z+hv5WDnSUYTapr,417.000,RQhhLWQoTrRIOUIj,,
8,131,2026-04-03T09:50:34.150Z,317.000,9,260.000,ZNeI4CIi8cYNeSIl,286.000,ahO5G+QMJW9JXaZF,295.000,mFtsU2NLbV393iPp,301.000,7z+hv5WDnSUYTapr,303.000,sRrp0ZiEenIEqwEV,303.000,RAVUzYYMBq+gCXIY,317.000,8hVPVElPDyJLGNul,332.000,RQhhLWQoTrRIOUIj,364.000,jgBHfjfbNleko2Dt,,
8,132,2026-04-03T09:50:34.467Z,387.000,8,277.000,ahO5G+QMJW9JXaZF,287.000,7z+hv5WDnSUYTapr,295.000,sRrp0ZiEenIEqwEV,297.000,RAVUzYYMBq+gCXIY,305.000,8hVPVElPDyJLGNul,375.000,jgBHfjfbNleko2Dt,391.000,mFtsU2NLbV393iPp,388.000,RQhhLWQoTrRIOUIj,,,,
8,133,2026-04-03T09:50:34.854Z,271.000,9,195.000,ahO5G+QMJW9JXaZF,203.000,7z+hv5WDnSUYTapr,218.000,sRrp0ZiEenIEqwEV,223.000,8hVPVElPDyJLGNul,251.000,ZNeI4CIi8cYNeSIl,253.000,oDVDcsz2DDcqmuZv,299.000,mFtsU2NLbV393iPp,284.000,RQhhLWQoTrRIOUIj,347.000,jgBHfjfbNleko2Dt,,
8,134,2026-04-03T09:50:35.125Z,355.000,8,236.000,ahO5G+QMJW9JXaZF,242.000,7z+hv5WDnSUYTapr,247.000,8hVPVElPDyJLGNul,251.000,sRrp0ZiEenIEqwEV,289.000,oDVDcsz2DDcqmuZv,314.000,RQhhLWQoTrRIOUIj,355.000,jgBHfjfbNleko2Dt,356.000,mFtsU2NLbV393iPp,,,,
8,135,2026-04-03T09:50:35.480Z,307.000,8,192.000,ahO5G+QMJW9JXaZF,193.000,7z+hv5WDnSUYTapr,205.000,8hVPVElPDyJLGNul,206.000,RAVUzYYMBq+gCXIY,206.000,sRrp0ZiEenIEqwEV,302.000,jgBHfjfbNleko2Dt,307.000,mFtsU2NLbV393iPp,320.000,RQhhLWQoTrRIOUIj,,,,
8,136,2026-04-03T09:50:35.787Z,373.000,10,212.000,sRrp0ZiEenIEqwEV,326.000,ZNeI4CIi8cYNeSIl,346.000,7z+hv5WDnSUYTapr,357.000,oDVDcsz2DDcqmuZv,359.000,8hVPVElPDyJLGNul,363.000,RAVUzYYMBq+gCXIY,477.000,ahO5G+QMJW9JXaZF,466.000,jgBHfjfbNleko2Dt,939.000,mFtsU2NLbV393iPp,1172.000,RQhhLWQoTrRIOUIj
8,137,2026-04-03T09:50:36.160Z,332.000,8,281.000,7z+hv5WDnSUYTapr,290.000,8hVPVElPDyJLGNul,302.000,ahO5G+QMJW9JXaZF,303.000,sRrp0ZiEenIEqwEV,327.000,ZNeI4CIi8cYNeSIl,327.000,mFtsU2NLbV393iPp,332.000,jgBHfjfbNleko2Dt,339.000,RQhhLWQoTrRIOUIj,,,,
8,138,2026-04-03T09:50:36.492Z,302.000,10,237.000,8hVPVElPDyJLGNul,241.000,7z+hv5WDnSUYTapr,260.000,ahO5G+QMJW9JXaZF,277.000,ZNeI4CIi8cYNeSIl,281.000,sRrp0ZiEenIEqwEV,293.000,RAVUzYYMBq+gCXIY,302.000,oDVDcsz2DDcqmuZv,353.000,mFtsU2NLbV393iPp,515.000,jgBHfjfbNleko2Dt,519.000,RQhhLWQoTrRIOUIj
8,139,2026-04-03T09:50:36.794Z,466.000,10,313.000,ZNeI4CIi8cYNeSIl,329.000,oDVDcsz2DDcqmuZv,357.000,RAVUzYYMBq+gCXIY,460.000,sRrp0ZiEenIEqwEV,511.000,7z+hv5WDnSUYTapr,469.000,ahO5G+QMJW9JXaZF,468.000,8hVPVElPDyJLGNul,525.000,jgBHfjfbNleko2Dt,526.000,RQhhLWQoTrRIOUIj,764.000,mFtsU2NLbV393iPp
8,140,2026-04-03T09:50:37.260Z,454.000,10,299.000,sRrp0ZiEenIEqwEV,322.000,ZNeI4CIi8cYNeSIl,343.000,oDVDcsz2DDcqmuZv,353.000,7z+hv5WDnSUYTapr,390.000,RAVUzYYMBq+gCXIY,467.000,ahO5G+QMJW9JXaZF,557.000,mFtsU2NLbV393iPp,466.000,8hVPVElPDyJLGNul,558.000,RQhhLWQoTrRIOUIj,653.000,jgBHfjfbNleko2Dt
8,141,2026-04-03T09:50:37.714Z,460.000,10,236.000,sRrp0ZiEenIEqwEV,305.000,ZNeI4CIi8cYNeSIl,358.000,7z+hv5WDnSUYTapr,419.000,RAVUzYYMBq+gCXIY,422.000,oDVDcsz2DDcqmuZv,453.000,RQhhLWQoTrRIOUIj,477.000,ahO5G+QMJW9JXaZF,472.000,8hVPVElPDyJLGNul,703.000,mFtsU2NLbV393iPp,639.000,jgBHfjfbNleko2Dt
8,142,2026-04-03T09:50:38.174Z,401.000,10,297.000,RAVUzYYMBq+gCXIY,299.000,ZNeI4CIi8cYNeSIl,303.000,oDVDcsz2DDcqmuZv,311.000,sRrp0ZiEenIEqwEV,312.000,8hVPVElPDyJLGNul,321.000,ahO5G+QMJW9JXaZF,400.000,7z+hv5WDnSUYTapr,431.000,mFtsU2NLbV393iPp,682.000,RQhhLWQoTrRIOUIj,545.000,jgBHfjfbNleko2Dt
8,143,2026-04-03T09:50:38.575Z,483.000,10,331.000,sRrp0ZiEenIEqwEV,331.000,8hVPVElPDyJLGNul,359.000,ZNeI4CIi8cYNeSIl,439.000,oDVDcsz2DDcqmuZv,458.000,7z+hv5WDnSUYTapr,474.000,ahO5G+QMJW9JXaZF,483.000,RAVUzYYMBq+gCXIY,528.000,mFtsU2NLbV393iPp,529.000,jgBHfjfbNleko2Dt,534.000,RQhhLWQoTrRIOUIj
8,144,2026-04-03T09:50:39.058Z,403.000,9,282.000,7z+hv5WDnSUYTapr,299.000,jgBHfjfbNleko2Dt,313.000,oDVDcsz2DDcqmuZv,315.000,ZNeI4CIi8cYNeSIl,327.000,mFtsU2NLbV393iPp,337.000,sRrp0ZiEenIEqwEV,403.000,ahO5G+QMJW9JXaZF,556.000,8hVPVElPDyJLGNul,708.000,RQhhLWQoTrRIOUIj,,
8,145,2026-04-03T09:50:39.461Z,435.000,9,242.000,sRrp0ZiEenIEqwEV,263.000,8hVPVElPDyJLGNul,303.000,RAVUzYYMBq+gCXIY,334.000,oDVDcsz2DDcqmuZv,339.000,7z+hv5WDnSUYTapr,406.000,ZNeI4CIi8cYNeSIl,459.000,ahO5G+QMJW9JXaZF,562.000,mFtsU2NLbV393iPp,701.000,jgBHfjfbNleko2Dt,,
8,146,2026-04-03T09:50:39.896Z,464.000,10,330.000,RAVUzYYMBq+gCXIY,364.000,ZNeI4CIi8cYNeSIl,375.000,oDVDcsz2DDcqmuZv,413.000,sRrp0ZiEenIEqwEV,424.000,7z+hv5WDnSUYTapr,439.000,8hVPVElPDyJLGNul,488.000,ahO5G+QMJW9JXaZF,563.000,jgBHfjfbNleko2Dt,567.000,RQhhLWQoTrRIOUIj,582.000,mFtsU2NLbV393iPp
8,147,2026-04-03T09:50:40.360Z,479.000,9,299.000,sRrp0ZiEenIEqwEV,362.000,mFtsU2NLbV393iPp,364.000,ZNeI4CIi8cYNeSIl,381.000,oDVDcsz2DDcqmuZv,424.000,7z+hv5WDnSUYTapr,477.000,8hVPVElPDyJLGNul,479.000,ahO5G+QMJW9JXaZF,594.000,RQhhLWQoTrRIOUIj,601.000,jgBHfjfbNleko2Dt,,
8,148,2026-04-03T09:50:40.839Z,457.000,10,313.000,RAVUzYYMBq+gCXIY,367.000,oDVDcsz2DDcqmuZv,368.000,ZNeI4CIi8cYNeSIl,368.000,sRrp0ZiEenIEqwEV,404.000,7z+hv5WDnSUYTapr,424.000,ahO5G+QMJW9JXaZF,457.000,8hVPVElPDyJLGNul,578.000,jgBHfjfbNleko2Dt,602.000,RQhhLWQoTrRIOUIj,604.000,mFtsU2NLbV393iPp
8,149,2026-04-03T09:50:41.296Z,462.000,9,357.000,RAVUzYYMBq+gCXIY,375.000,ZNeI4CIi8cYNeSIl,398.000,7z+hv5WDnSUYTapr,403.000,oDVDcsz2DDcqmuZv,416.000,sRrp0ZiEenIEqwEV,458.000,8hVPVElPDyJLGNul,514.000,ahO5G+QMJW9JXaZF,609.000,mFtsU2NLbV393iPp,610.000,jgBHfjfbNleko2Dt,,
8,150,2026-04-03T09:50:41.758Z,521.000,9,387.000,ZNeI4CIi8cYNeSIl,393.000,RAVUzYYMBq+gCXIY,412.000,sRrp0ZiEenIEqwEV,427.000,oDVDcsz2DDcqmuZv,428.000,7z+hv5WDnSUYTapr,521.000,8hVPVElPDyJLGNul,552.000,ahO5G+QMJW9JXaZF,719.000,jgBHfjfbNleko2Dt,861.000,mFtsU2NLbV393iPp,,
8,151,2026-04-03T09:50:42.279Z,467.000,10,334.000,ZNeI4CIi8cYNeSIl,348.000,sRrp0ZiEenIEqwEV,364.000,RAVUzYYMBq+gCXIY,382.000,oDVDcsz2DDcqmuZv,452.000,7z+hv5WDnSUYTapr,453.000,8hVPVElPDyJLGNul,490.000,ahO5G+QMJW9JXaZF,567.000,mFtsU2NLbV393iPp,572.000,RQhhLWQoTrRIOUIj,683.000,jgBHfjfbNleko2Dt
8,152,2026-04-03T09:50:42.746Z,436.000,10,268.000,sRrp0ZiEenIEqwEV,342.000,oDVDcsz2DDcqmuZv,366.000,RAVUzYYMBq+gCXIY,383.000,RQhhLWQoTrRIOUIj,434.000,ZNeI4CIi8cYNeSIl,481.000,ahO5G+QMJW9JXaZF,446.000,7z+hv5WDnSUYTapr,485.000,8hVPVElPDyJLGNul,570.000,mFtsU2NLbV393iPp,574.000,jgBHfjfbNleko2Dt
8,153,2026-04-03T09:50:43.182Z,473.000,9,369.000,ZNeI4CIi8cYNeSIl,380.000,sRrp0ZiEenIEqwEV,393.000,oDVDcsz2DDcqmuZv,398.000,8hVPVElPDyJLGNul,399.000,RAVUzYYMBq+gCXIY,427.000,ahO5G+QMJW9JXaZF,473.000,7z+hv5WDnSUYTapr,616.000,RQhhLWQoTrRIOUIj,617.000,mFtsU2NLbV393iPp,,
8,154,2026-04-03T09:50:43.655Z,454.000,9,304.000,RAVUzYYMBq+gCXIY,387.000,sRrp0ZiEenIEqwEV,395.000,ZNeI4CIi8cYNeSIl,412.000,oDVDcsz2DDcqmuZv,412.000,RQhhLWQoTrRIOUIj,428.000,ahO5G+QMJW9JXaZF,454.000,7z+hv5WDnSUYTapr,486.000,8hVPVElPDyJLGNul,878.000,mFtsU2NLbV393iPp,,
8,155,2026-04-03T09:50:44.109Z,484.000,9,261.000,sRrp0ZiEenIEqwEV,430.000,RAVUzYYMBq+gCXIY,436.000,8hVPVElPDyJLGNul,462.000,7z+hv5WDnSUYTapr,482.000,ZNeI4CIi8cYNeSIl,483.000,oDVDcsz2DDcqmuZv,484.000,ahO5G+QMJW9JXaZF,784.000,mFtsU2NLbV393iPp,666.000,RQhhLWQoTrRIOUIj,,
8,156,2026-04-03T09:50:44.593Z,526.000,9,395.000,ZNeI4CIi8cYNeSIl,412.000,RQhhLWQoTrRIOUIj,422.000,oDVDcsz2DDcqmuZv,422.000,RAVUzYYMBq+gCXIY,471.000,7z+hv5WDnSUYTapr,501.000,sRrp0ZiEenIEqwEV,601.000,8hVPVElPDyJLGNul,577.000,ahO5G+QMJW9JXaZF,935.000,jgBHfjfbNleko2Dt,,
8,157,2026-04-03T09:50:45.119Z,590.000,8,284.000,sRrp0ZiEenIEqwEV,418.000,RAVUzYYMBq+gCXIY,436.000,7z+hv5WDnSUYTapr,497.000,oDVDcsz2DDcqmuZv,500.000,ZNeI4CIi8cYNeSIl,507.000,ahO5G+QMJW9JXaZF,590.000,8hVPVElPDyJLGNul,597.000,RQhhLWQoTrRIOUIj,,,,
8,158,2026-04-03T09:50:45.709Z,458.000,9,302.000,RAVUzYYMBq+gCXIY,375.000,ahO5G+QMJW9JXaZF,377.000,7z+hv5WDnSUYTapr,386.000,ZNeI4CIi8cYNeSIl,394.000,oDVDcsz2DDcqmuZv,439.000,sRrp0ZiEenIEqwEV,458.000,8hVPVElPDyJLGNul,618.000,RQhhLWQoTrRIOUIj,624.000,mFtsU2NLbV393iPp,,
8,159,2026-04-03T09:50:46.167Z,536.000,9,389.000,sRrp0ZiEenIEqwEV,399.000,RAVUzYYMBq+gCXIY,438.000,oDVDcsz2DDcqmuZv,455.000,ahO5G+QMJW9JXaZF,524.000,8hVPVElPDyJLGNul,529.000,ZNeI4CIi8cYNeSIl,639.000,jgBHfjfbNleko2Dt,552.000,7z+hv5WDnSUYTapr,638.000,RQhhLWQoTrRIOUIj,,
8,160,2026-04-03T09:50:46.703Z,474.000,9,325.000,7z+hv5WDnSUYTapr,340.000,RAVUzYYMBq+gCXIY,376.000,sRrp0ZiEenIEqwEV,378.000,ahO5G+QMJW9JXaZF,469.000,ZNeI4CIi8cYNeSIl,472.000,8hVPVElPDyJLGNul,474.000,oDVDcsz2DDcqmuZv,663.000,mFtsU2NLbV393iPp,666.000,RQhhLWQoTrRIOUIj,,
8,161,2026-04-03T09:50:47.177Z,663.000,8,337.000,ZNeI4CIi8cYNeSIl,371.000,sRrp0ZiEenIEqwEV,425.000,RAVUzYYMBq+gCXIY,466.000,oDVDcsz2DDcqmuZv,629.000,RQhhLWQoTrRIOUIj,641.000,8hVPVElPDyJLGNul,663.000,ahO5G+QMJW9JXaZF,753.000,mFtsU2NLbV393iPp,,,,
8,162,2026-04-03T09:50:47.840Z,528.000,10,156.000,7z+hv5WDnSUYTapr,313.000,RAVUzYYMBq+gCXIY,358.000,sRrp0ZiEenIEqwEV,430.000,RQhhLWQoTrRIOUIj,447.000,ahO5G+QMJW9JXaZF,492.000,ZNeI4CIi8cYNeSIl,528.000,oDVDcsz2DDcqmuZv,662.000,jgBHfjfbNleko2Dt,665.000,mFtsU2NLbV393iPp,671.000,8hVPVElPDyJLGNul
8,163,2026-04-03T09:50:48.368Z,665.000,9,304.000,sRrp0ZiEenIEqwEV,447.000,RAVUzYYMBq+gCXIY,448.000,7z+hv5WDnSUYTapr,485.000,8hVPVElPDyJLGNul,655.000,oDVDcsz2DDcqmuZv,659.000,ZNeI4CIi8cYNeSIl,677.000,mFtsU2NLbV393iPp,674.000,ahO5G+QMJW9JXaZF,766.000,RQhhLWQoTrRIOUIj,,
8,164,2026-04-03T09:50:49.033Z,1063.000,8,331.000,RQhhLWQoTrRIOUIj,457.000,sRrp0ZiEenIEqwEV,471.000,ZNeI4CIi8cYNeSIl,483.000,RAVUzYYMBq+gCXIY,629.000,oDVDcsz2DDcqmuZv,1013.000,ahO5G+QMJW9JXaZF,1065.000,8hVPVElPDyJLGNul,1081.000,mFtsU2NLbV393iPp,,,,
8,165,2026-04-03T09:50:50.096Z,840.000,7,313.000,ahO5G+QMJW9JXaZF,501.000,ZNeI4CIi8cYNeSIl,558.000,oDVDcsz2DDcqmuZv,630.000,RAVUzYYMBq+gCXIY,668.000,RQhhLWQoTrRIOUIj,839.000,7z+hv5WDnSUYTapr,997.000,sRrp0ZiEenIEqwEV,,,,,,
8,166,2026-04-03T09:50:50.936Z,847.000,7,307.000,sRrp0ZiEenIEqwEV,489.000,RQhhLWQoTrRIOUIj,512.000,ZNeI4CIi8cYNeSIl,514.000,RAVUzYYMBq+gCXIY,842.000,oDVDcsz2DDcqmuZv,848.000,ahO5G+QMJW9JXaZF,848.000,mFtsU2NLbV393iPp,,,,,,
8,167,2026-04-03T09:50:51.783Z,1015.000,7,208.000,ZNeI4CIi8cYNeSIl,367.000,RAVUzYYMBq+gCXIY,601.000,sRrp0ZiEenIEqwEV,799.000,RQhhLWQoTrRIOUIj,875.000,oDVDcsz2DDcqmuZv,939.000,jgBHfjfbNleko2Dt,1017.000,ahO5G+QMJW9JXaZF,,,,,,
8,168,2026-04-03T09:50:52.798Z,1064.000,8,694.000,RAVUzYYMBq+gCXIY,696.000,sRrp0ZiEenIEqwEV,827.000,oDVDcsz2DDcqmuZv,850.000,jgBHfjfbNleko2Dt,870.000,RQhhLWQoTrRIOUIj,1062.000,7z+hv5WDnSUYTapr,1063.000,ahO5G+QMJW9JXaZF,1138.000,mFtsU2NLbV393iPp,,,,
8,169,2026-04-03T09:50:53.862Z,1054.000,8,305.000,RAVUzYYMBq+gCXIY,461.000,7z+hv5WDnSUYTapr,738.000,RQhhLWQoTrRIOUIj,909.000,8hVPVElPDyJLGNul,935.000,jgBHfjfbNleko2Dt,988.000,oDVDcsz2DDcqmuZv,1054.000,sRrp0ZiEenIEqwEV,1139.000,ahO5G+QMJW9JXaZF,,,,
8,170,2026-04-03T09:50:54.916Z,1144.000,7,688.000,RAVUzYYMBq+gCXIY,916.000,oDVDcsz2DDcqmuZv,980.000,7z+hv5WDnSUYTapr,1040.000,RQhhLWQoTrRIOUIj,1049.000,sRrp0ZiEenIEqwEV,1121.000,ahO5G+QMJW9JXaZF,1144.000,mFtsU2NLbV393iPp,,,,,,
8,171,2026-04-03T09:50:56.060Z,1677.000,7,574.000,RAVUzYYMBq+gCXIY,884.000,oDVDcsz2DDcqmuZv,913.000,mFtsU2NLbV393iPp,970.000,7z+hv5WDnSUYTapr,1576.000,sRrp0ZiEenIEqwEV,1578.000,ZNeI4CIi8cYNeSIl,1678.000,RQhhLWQoTrRIOUIj,,,,,,
8,172,2026-04-03T09:50:57.737Z,2278.000,7,1095.000,sRrp0ZiEenIEqwEV,1248.000,RAVUzYYMBq+gCXIY,1469.000,7z+hv5WDnSUYTapr,1496.000,8hVPVElPDyJLGNul,1550.000,jgBHfjfbNleko2Dt,2112.000,ZNeI4CIi8cYNeSIl,2278.000,RQhhLWQoTrRIOUIj,,,,,,
8,173,2026-04-03T09:51:00.015Z,2379.000,8,1001.000,ZNeI4CIi8cYNeSIl,1002.000,sRrp0ZiEenIEqwEV,1397.000,RAVUzYYMBq+gCXIY,1968.000,RQhhLWQoTrRIOUIj,2153.000,oDVDcsz2DDcqmuZv,2312.000,7z+hv5WDnSUYTapr,2538.000,8hVPVElPDyJLGNul,2690.000,mFtsU2NLbV393iPp,,,,
8,174,2026-04-03T09:51:02.394Z,2850.000,10,2496.000,RAVUzYYMBq+gCXIY,2651.000,ahO5G+QMJW9JXaZF,2729.000,sRrp0ZiEenIEqwEV,2775.000,8hVPVElPDyJLGNul,2849.000,oDVDcsz2DDcqmuZv,2849.000,7z+hv5WDnSUYTapr,2850.000,ZNeI4CIi8cYNeSIl,2852.000,jgBHfjfbNleko2Dt,2902.000,RQhhLWQoTrRIOUIj,2935.000,mFtsU2NLbV393iPp
8,175,2026-04-03T09:51:05.244Z,3192.000,9,2812.000,RAVUzYYMBq+gCXIY,2923.000,oDVDcsz2DDcqmuZv,2964.000,7z+hv5WDnSUYTapr,3009.000,sRrp0ZiEenIEqwEV,3010.000,ZNeI4CIi8cYNeSIl,3137.000,RQhhLWQoTrRIOUIj,3196.000,ahO5G+QMJW9JXaZF,3194.000,8hVPVElPDyJLGNul,3218.000,mFtsU2NLbV393iPp,,
8,176,2026-04-03T09:51:08.436Z,3645.000,8,2429.000,RAVUzYYMBq+gCXIY,2467.000,RQhhLWQoTrRIOUIj,2799.000,7z+hv5WDnSUYTapr,2880.000,8hVPVElPDyJLGNul,2960.000,jgBHfjfbNleko2Dt,3643.000,sRrp0ZiEenIEqwEV,3645.000,oDVDcsz2DDcqmuZv,3646.000,ZNeI4CIi8cYNeSIl,,,,
8,177,2026-04-03T09:51:12.081Z,4091.000,9,2919.000,ZNeI4CIi8cYNeSIl,3054.000,sRrp0ZiEenIEqwEV,3340.000,7z+hv5WDnSUYTapr,3424.000,mFtsU2NLbV393iPp,3896.000,RAVUzYYMBq+gCXIY,3987.000,RQhhLWQoTrRIOUIj,4091.000,oDVDcsz2DDcqmuZv,4244.000,8hVPVElPDyJLGNul,4322.000,jgBHfjfbNleko2Dt,,
8,178,2026-04-03T09:51:16.172Z,5449.000,7,3929.000,sRrp0ZiEenIEqwEV,3933.000,RAVUzYYMBq+gCXIY,4012.000,ZNeI4CIi8cYNeSIl,4109.000,RQhhLWQoTrRIOUIj,4505.000,jgBHfjfbNleko2Dt,4514.000,7z+hv5WDnSUYTapr,5449.000,mFtsU2NLbV393iPp,,,,,,
8,179,2026-04-03T09:51:21.621Z,5041.000,7,3646.000,ZNeI4CIi8cYNeSIl,4272.000,mFtsU2NLbV393iPp,4543.000,sRrp0ZiEenIEqwEV,4544.000,RAVUzYYMBq+gCXIY,4745.000,RQhhLWQoTrRIOUIj,4890.000,oDVDcsz2DDcqmuZv,5041.000,7z+hv5WDnSUYTapr,,,,,,
8,180,2026-04-03T09:51:26.662Z,5868.000,8,4797.000,RAVUzYYMBq+gCXIY,4940.000,7z+hv5WDnSUYTapr,5636.000,ZNeI4CIi8cYNeSIl,5660.000,8hVPVElPDyJLGNul,5710.000,ahO5G+QMJW9JXaZF,5717.000,sRrp0ZiEenIEqwEV,5868.000,oDVDcsz2DDcqmuZv,6106.000,jgBHfjfbNleko2Dt,,,,
8,181,2026-04-03T09:51:32.530Z,6381.000,8,6180.000,7z+hv5WDnSUYTapr,6185.000,sRrp0ZiEenIEqwEV,6227.000,RAVUzYYMBq+gCXIY,6261.000,oDVDcsz2DDcqmuZv,6264.000,ZNeI4CIi8cYNeSIl,6358.000,mFtsU2NLbV393iPp,6381.000,RQhhLWQoTrRIOUIj,6381.000,8hVPVElPDyJLGNul,,,,
8,182,2026-04-03T09:51:38.911Z,6896.000,8,6487.000,RQhhLWQoTrRIOUIj,6695.000,jgBHfjfbNleko2Dt,6699.000,mFtsU2NLbV393iPp,6768.000,8hVPVElPDyJLGNul,6803.000,sRrp0ZiEenIEqwEV,6807.000,ahO5G+QMJW9JXaZF,6896.000,RAVUzYYMBq+gCXIY,6898.000,7z+hv5WDnSUYTapr,,,,
8,183,2026-04-03T09:51:45.807Z,7708.000,7,6916.000,RAVUzYYMBq+gCXIY,7144.000,ZNeI4CIi8cYNeSIl,7627.000,sRrp0ZiEenIEqwEV,7628.000,jgBHfjfbNleko2Dt,7628.000,ahO5G+QMJW9JXaZF,7702.000,RQhhLWQoTrRIOUIj,7709.000,mFtsU2NLbV393iPp,,,,,,
8,184,2026-04-03T09:51:53.515Z,8187.000,7,7334.000,ahO5G+QMJW9JXaZF,7375.000,RQhhLWQoTrRIOUIj,7378.000,mFtsU2NLbV393iPp,7594.000,jgBHfjfbNleko2Dt,7995.000,ZNeI4CIi8cYNeSIl,8167.000,sRrp0ZiEenIEqwEV,8191.000,7z+hv5WDnSUYTapr,,,,,,
8,185,2026-04-03T09:52:01.702Z,,0,,,,,,,,,,,,,,,,,,,,
9,1,2026-04-03T09:49:51.981Z,805.000,7,190.000,ZNeI4CIi8cYNeSIl,2895.000,8hVPVElPDyJLGNul,4123.000,jgBHfjfbNleko2Dt,6435.000,sRrp0ZiEenIEqwEV,4914.000,7z+hv5WDnSUYTapr,1136.000,RQhhLWQoTrRIOUIj,1374.000,ahO5G+QMJW9JXaZF,,,,,,
9,2,2026-04-03T09:49:52.786Z,1145.000,7,155.000,ZNeI4CIi8cYNeSIl,559.000,RQhhLWQoTrRIOUIj,1312.000,ahO5G+QMJW9JXaZF,3320.000,jgBHfjfbNleko2Dt,2091.000,8hVPVElPDyJLGNul,5632.000,sRrp0ZiEenIEqwEV,4111.000,7z+hv5WDnSUYTapr,,,,,,
9,3,2026-04-03T09:49:53.931Z,2.000,8,2.000,ahO5G+QMJW9JXaZF,2.000,RQhhLWQoTrRIOUIj,2.000,ZNeI4CIi8cYNeSIl,946.000,8hVPVElPDyJLGNul,2968.000,7z+hv5WDnSUYTapr,4488.000,sRrp0ZiEenIEqwEV,2176.000,jgBHfjfbNleko2Dt,660.000,mFtsU2NLbV393iPp,,,,
9,4,2026-04-03T09:49:53.933Z,280.000,9,116.000,ZNeI4CIi8cYNeSIl,230.000,ahO5G+QMJW9JXaZF,162.000,RAVUzYYMBq+gCXIY,231.000,RQhhLWQoTrRIOUIj,2175.000,jgBHfjfbNleko2Dt,945.000,8hVPVElPDyJLGNul,4488.000,sRrp0ZiEenIEqwEV,2967.000,7z+hv5WDnSUYTapr,659.000,mFtsU2NLbV393iPp,,
9,5,2026-04-03T09:49:54.213Z,637.000,8,337.000,ahO5G+QMJW9JXaZF,395.000,RQhhLWQoTrRIOUIj,400.000,ZNeI4CIi8cYNeSIl,636.000,mFtsU2NLbV393iPp,4210.000,sRrp0ZiEenIEqwEV,666.000,8hVPVElPDyJLGNul,1896.000,jgBHfjfbNleko2Dt,2689.000,7z+hv5WDnSUYTapr,,,,
9,6,2026-04-03T09:49:54.850Z,238.000,7,238.000,RQhhLWQoTrRIOUIj,238.000,ahO5G+QMJW9JXaZF,1260.000,jgBHfjfbNleko2Dt,238.000,mFtsU2NLbV393iPp,240.000,8hVPVElPDyJLGNul,3575.000,sRrp0ZiEenIEqwEV,2054.000,7z+hv5WDnSUYTapr,,,,,,
9,7,2026-04-03T09:49:55.088Z,129.000,8,76.000,ahO5G+QMJW9JXaZF,95.000,8hVPVElPDyJLGNul,119.000,ZNeI4CIi8cYNeSIl,120.000,mFtsU2NLbV393iPp,124.000,RQhhLWQoTrRIOUIj,1023.000,jgBHfjfbNleko2Dt,1818.000,7z+hv5WDnSUYTapr,3338.000,sRrp0ZiEenIEqwEV,,,,
9,8,2026-04-03T09:49:55.217Z,306.000,9,258.000,ahO5G+QMJW9JXaZF,270.000,8hVPVElPDyJLGNul,295.000,RAVUzYYMBq+gCXIY,299.000,ZNeI4CIi8cYNeSIl,302.000,RQhhLWQoTrRIOUIj,303.000,mFtsU2NLbV393iPp,3346.000,sRrp0ZiEenIEqwEV,1113.000,jgBHfjfbNleko2Dt,1827.000,7z+hv5WDnSUYTapr,,
9,9,2026-04-03T09:49:55.523Z,307.000,8,244.000,mFtsU2NLbV393iPp,258.000,ahO5G+QMJW9JXaZF,271.000,8hVPVElPDyJLGNul,272.000,RQhhLWQoTrRIOUIj,304.000,ZNeI4CIi8cYNeSIl,1525.000,7z+hv5WDnSUYTapr,3042.000,sRrp0ZiEenIEqwEV,814.000,jgBHfjfbNleko2Dt,,,,
9,10,2026-04-03T09:49:55.830Z,308.000,7,255.000,ahO5G+QMJW9JXaZF,270.000,8hVPVElPDyJLGNul,307.000,RQhhLWQoTrRIOUIj,1219.000,7z+hv5WDnSUYTapr,2737.000,sRrp0ZiEenIEqwEV,308.000,mFtsU2NLbV393iPp,509.000,jgBHfjfbNleko2Dt,,,,,,
9,11,2026-04-03T09:49:56.138Z,317.000,8,249.000,ahO5G+QMJW9JXaZF,272.000,8hVPVElPDyJLGNul,304.000,mFtsU2NLbV393iPp,306.000,RQhhLWQoTrRIOUIj,311.000,jgBHfjfbNleko2Dt,912.000,7z+hv5WDnSUYTapr,2431.000,sRrp0ZiEenIEqwEV,363.000,RAVUzYYMBq+gCXIY,,,,
9,12,2026-04-03T09:49:56.455Z,310.000,7,245.000,ahO5G+QMJW9JXaZF,250.000,mFtsU2NLbV393iPp,259.000,8hVPVElPDyJLGNul,295.000,RQhhLWQoTrRIOUIj,300.000,jgBHfjfbNleko2Dt,595.000,7z+hv5WDnSUYTapr,2116.000,sRrp0ZiEenIEqwEV,,,,,,
9,13,2026-04-03T09:49:56.765Z,300.000,9,243.000,ahO5G+QMJW9JXaZF,251.000,8hVPVElPDyJLGNul,276.000,jgBHfjfbNleko2Dt,286.000,7z+hv5WDnSUYTapr,299.000,ZNeI4CIi8cYNeSIl,679.000,RQhhLWQoTrRIOUIj,300.000,oDVDcsz2DDcqmuZv,677.000,mFtsU2NLbV393iPp,1808.000,sRrp0ZiEenIEqwEV,,
9,14,2026-04-03T09:49:57.065Z,532.000,8,536.000,ahO5G+QMJW9JXaZF,535.000,8hVPVElPDyJLGNul,533.000,7z+hv5WDnSUYTapr,532.000,RQhhLWQoTrRIOUIj,532.000,jgBHfjfbNleko2Dt,536.000,mFtsU2NLbV393iPp,1510.000,sRrp0ZiEenIEqwEV,450.000,oDVDcsz2DDcqmuZv,,,,
9,15,2026-04-03T09:49:57.597Z,85.000,9,15.000,ZNeI4CIi8cYNeSIl,22.000,ahO5G+QMJW9JXaZF,33.000,8hVPVElPDyJLGNul,41.000,7z+hv5WDnSUYTapr,49.000,mFtsU2NLbV393iPp,220.000,jgBHfjfbNleko2Dt,85.000,RAVUzYYMBq+gCXIY,372.000,RQhhLWQoTrRIOUIj,979.000,sRrp0ZiEenIEqwEV,,
9,16,2026-04-03T09:49:57.682Z,481.000,7,242.000,ahO5G+QMJW9JXaZF,255.000,8hVPVElPDyJLGNul,256.000,7z+hv5WDnSUYTapr,456.000,jgBHfjfbNleko2Dt,454.000,mFtsU2NLbV393iPp,457.000,RQhhLWQoTrRIOUIj,897.000,sRrp0ZiEenIEqwEV,,,,,,
9,17,2026-04-03T09:49:58.163Z,149.000,8,57.000,jgBHfjfbNleko2Dt,59.000,ZNeI4CIi8cYNeSIl,74.000,ahO5G+QMJW9JXaZF,78.000,8hVPVElPDyJLGNul,92.000,7z+hv5WDnSUYTapr,427.000,mFtsU2NLbV393iPp,278.000,RQhhLWQoTrRIOUIj,418.000,sRrp0ZiEenIEqwEV,,,,
9,18,2026-04-03T09:49:58.312Z,302.000,8,192.000,RAVUzYYMBq+gCXIY,231.000,8hVPVElPDyJLGNul,233.000,ahO5G+QMJW9JXaZF,266.000,7z+hv5WDnSUYTapr,271.000,sRrp0ZiEenIEqwEV,579.000,mFtsU2NLbV393iPp,724.000,RQhhLWQoTrRIOUIj,580.000,jgBHfjfbNleko2Dt,,,,
9,19,2026-04-03T09:49:58.614Z,261.000,9,209.000,mFtsU2NLbV393iPp,224.000,ZNeI4CIi8cYNeSIl,234.000,ahO5G+QMJW9JXaZF,241.000,8hVPVElPDyJLGNul,259.000,7z+hv5WDnSUYTapr,263.000,sRrp0ZiEenIEqwEV,300.000,jgBHfjfbNleko2Dt,262.000,oDVDcsz2DDcqmuZv,430.000,RQhhLWQoTrRIOUIj,,
9,20,2026-04-03T09:49:58.875Z,314.000,9,238.000,sRrp0ZiEenIEqwEV,248.000,RAVUzYYMBq+gCXIY,267.000,ZNeI4CIi8cYNeSIl,284.000,ahO5G+QMJW9JXaZF,285.000,8hVPVElPDyJLGNul,313.000,7z+hv5WDnSUYTapr,367.000,RQhhLWQoTrRIOUIj,368.000,mFtsU2NLbV393iPp,369.000,jgBHfjfbNleko2Dt,,
9,21,2026-04-03T09:49:59.189Z,282.000,10,239.000,RAVUzYYMBq+gCXIY,267.000,sRrp0ZiEenIEqwEV,268.000,ZNeI4CIi8cYNeSIl,279.000,8hVPVElPDyJLGNul,280.000,ahO5G+QMJW9JXaZF,280.000,oDVDcsz2DDcqmuZv,301.000,7z+hv5WDnSUYTapr,361.000,jgBHfjfbNleko2Dt,351.000,mFtsU2NLbV393iPp,353.000,RQhhLWQoTrRIOUIj
9,22,2026-04-03T09:49:59.471Z,304.000,10,267.000,RAVUzYYMBq+gCXIY,289.000,ZNeI4CIi8cYNeSIl,293.000,sRrp0ZiEenIEqwEV,299.000,8hVPVElPDyJLGNul,302.000,ahO5G+QMJW9JXaZF,302.000,oDVDcsz2DDcqmuZv,326.000,7z+hv5WDnSUYTapr,317.000,RQhhLWQoTrRIOUIj,334.000,mFtsU2NLbV393iPp,368.000,jgBHfjfbNleko2Dt
9,23,2026-04-03T09:49:59.775Z,306.000,10,262.000,RAVUzYYMBq+gCXIY,292.000,ZNeI4CIi8cYNeSIl,295.000,sRrp0ZiEenIEqwEV,301.000,ahO5G+QMJW9JXaZF,304.000,oDVDcsz2DDcqmuZv,305.000,8hVPVElPDyJLGNul,328.000,7z+hv5WDnSUYTapr,372.000,mFtsU2NLbV393iPp,380.000,RQhhLWQoTrRIOUIj,384.000,jgBHfjfbNleko2Dt
9,24,2026-04-03T09:50:00.081Z,307.000,10,261.000,RAVUzYYMBq+gCXIY,296.000,ZNeI4CIi8cYNeSIl,300.000,sRrp0ZiEenIEqwEV,301.000,ahO5G+QMJW9JXaZF,305.000,oDVDcsz2DDcqmuZv,306.000,8hVPVElPDyJLGNul,328.000,7z+hv5WDnSUYTapr,383.000,jgBHfjfbNleko2Dt,386.000,RQhhLWQoTrRIOUIj,388.000,mFtsU2NLbV393iPp
9,25,2026-04-03T09:50:00.388Z,312.000,10,268.000,RAVUzYYMBq+gCXIY,293.000,ZNeI4CIi8cYNeSIl,298.000,sRrp0ZiEenIEqwEV,306.000,ahO5G+QMJW9JXaZF,310.000,oDVDcsz2DDcqmuZv,311.000,8hVPVElPDyJLGNul,333.000,7z+hv5WDnSUYTapr,337.000,RQhhLWQoTrRIOUIj,354.000,mFtsU2NLbV393iPp,374.000,jgBHfjfbNleko2Dt
9,26,2026-04-03T09:50:00.700Z,306.000,9,276.000,mFtsU2NLbV393iPp,289.000,ZNeI4CIi8cYNeSIl,292.000,sRrp0ZiEenIEqwEV,293.000,jgBHfjfbNleko2Dt,305.000,8hVPVElPDyJLGNul,306.000,ahO5G+QMJW9JXaZF,306.000,oDVDcsz2DDcqmuZv,332.000,7z+hv5WDnSUYTapr,381.000,RQhhLWQoTrRIOUIj,,
9,27,2026-04-03T09:50:01.006Z,307.000,10,284.000,RAVUzYYMBq+gCXIY,288.000,ZNeI4CIi8cYNeSIl,297.000,8hVPVElPDyJLGNul,300.000,sRrp0ZiEenIEqwEV,303.000,ahO5G+QMJW9JXaZF,303.000,oDVDcsz2DDcqmuZv,337.000,7z+hv5WDnSUYTapr,382.000,mFtsU2NLbV393iPp,385.000,jgBHfjfbNleko2Dt,386.000,RQhhLWQoTrRIOUIj
9,28,2026-04-03T09:50:01.313Z,340.000,9,291.000,ZNeI4CIi8cYNeSIl,295.000,ahO5G+QMJW9JXaZF,300.000,8hVPVElPDyJLGNul,303.000,oDVDcsz2DDcqmuZv,304.000,sRrp0ZiEenIEqwEV,334.000,7z+hv5WDnSUYTapr,350.000,mFtsU2NLbV393iPp,351.000,RQhhLWQoTrRIOUIj,380.000,jgBHfjfbNleko2Dt,,
9,29,2026-04-03T09:50:01.653Z,271.000,9,257.000,7z+hv5WDnSUYTapr,260.000,ZNeI4CIi8cYNeSIl,265.000,RAVUzYYMBq+gCXIY,266.000,8hVPVElPDyJLGNul,267.000,ahO5G+QMJW9JXaZF,269.000,jgBHfjfbNleko2Dt,270.000,sRrp0ZiEenIEqwEV,350.000,mFtsU2NLbV393iPp,355.000,RQhhLWQoTrRIOUIj,,
9,30,2026-04-03T09:50:01.924Z,343.000,10,295.000,ZNeI4CIi8cYNeSIl,296.000,ahO5G+QMJW9JXaZF,299.000,RAVUzYYMBq+gCXIY,303.000,sRrp0ZiEenIEqwEV,308.000,oDVDcsz2DDcqmuZv,308.000,8hVPVElPDyJLGNul,343.000,7z+hv5WDnSUYTapr,391.000,mFtsU2NLbV393iPp,392.000,RQhhLWQoTrRIOUIj,393.000,jgBHfjfbNleko2Dt
9,31,2026-04-03T09:50:02.267Z,310.000,9,260.000,ahO5G+QMJW9JXaZF,261.000,7z+hv5WDnSUYTapr,262.000,ZNeI4CIi8cYNeSIl,264.000,RAVUzYYMBq+gCXIY,267.000,8hVPVElPDyJLGNul,272.000,sRrp0ZiEenIEqwEV,328.000,mFtsU2NLbV393iPp,339.000,RQhhLWQoTrRIOUIj,361.000,jgBHfjfbNleko2Dt,,
9,32,2026-04-03T09:50:02.577Z,272.000,10,263.000,ahO5G+QMJW9JXaZF,264.000,8hVPVElPDyJLGNul,266.000,ZNeI4CIi8cYNeSIl,267.000,RAVUzYYMBq+gCXIY,269.000,oDVDcsz2DDcqmuZv,270.000,sRrp0ZiEenIEqwEV,306.000,7z+hv5WDnSUYTapr,291.000,jgBHfjfbNleko2Dt,360.000,RQhhLWQoTrRIOUIj,364.000,mFtsU2NLbV393iPp
9,33,2026-04-03T09:50:02.849Z,306.000,10,291.000,ahO5G+QMJW9JXaZF,296.000,8hVPVElPDyJLGNul,301.000,ZNeI4CIi8cYNeSIl,302.000,RAVUzYYMBq+gCXIY,305.000,oDVDcsz2DDcqmuZv,305.000,sRrp0ZiEenIEqwEV,337.000,7z+hv5WDnSUYTapr,398.000,mFtsU2NLbV393iPp,399.000,RQhhLWQoTrRIOUIj,403.000,jgBHfjfbNleko2Dt
9,34,2026-04-03T09:50:03.155Z,307.000,10,288.000,ahO5G+QMJW9JXaZF,294.000,8hVPVElPDyJLGNul,295.000,7z+hv5WDnSUYTapr,296.000,RAVUzYYMBq+gCXIY,299.000,ZNeI4CIi8cYNeSIl,306.000,oDVDcsz2DDcqmuZv,307.000,sRrp0ZiEenIEqwEV,381.000,mFtsU2NLbV393iPp,383.000,RQhhLWQoTrRIOUIj,406.000,jgBHfjfbNleko2Dt
9,35,2026-04-03T09:50:03.462Z,311.000,10,286.000,ahO5G+QMJW9JXaZF,293.000,8hVPVElPDyJLGNul,299.000,ZNeI4CIi8cYNeSIl,301.000,RAVUzYYMBq+gCXIY,302.000,7z+hv5WDnSUYTapr,310.000,oDVDcsz2DDcqmuZv,311.000,sRrp0ZiEenIEqwEV,315.000,mFtsU2NLbV393iPp,361.000,jgBHfjfbNleko2Dt,405.000,RQhhLWQoTrRIOUIj
9,36,2026-04-03T09:50:03.773Z,312.000,10,283.000,8hVPVElPDyJLGNul,285.000,ahO5G+QMJW9JXaZF,292.000,ZNeI4CIi8cYNeSIl,294.000,RAVUzYYMBq+gCXIY,297.000,7z+hv5WDnSUYTapr,311.000,oDVDcsz2DDcqmuZv,312.000,sRrp0ZiEenIEqwEV,399.000,jgBHfjfbNleko2Dt,404.000,mFtsU2NLbV393iPp,406.000,RQhhLWQoTrRIOUIj
9,37,2026-04-03T09:50:04.085Z,309.000,10,278.000,8hVPVElPDyJLGNul,286.000,ahO5G+QMJW9JXaZF,287.000,ZNeI4CIi8cYNeSIl,288.000,RAVUzYYMBq+gCXIY,293.000,7z+hv5WDnSUYTapr,309.000,oDVDcsz2DDcqmuZv,309.000,sRrp0ZiEenIEqwEV,390.000,mFtsU2NLbV393iPp,396.000,jgBHfjfbNleko2Dt,404.000,RQhhLWQoTrRIOUIj
9,38,2026-04-03T09:50:04.394Z,328.000,10,278.000,ahO5G+QMJW9JXaZF,284.000,ZNeI4CIi8cYNeSIl,285.000,RAVUzYYMBq+gCXIY,308.000,mFtsU2NLbV393iPp,311.000,oDVDcsz2DDcqmuZv,312.000,sRrp0ZiEenIEqwEV,328.000,RQhhLWQoTrRIOUIj,345.000,8hVPVElPDyJLGNul,341.000,7z+hv5WDnSUYTapr,376.000,jgBHfjfbNleko2Dt
9,39,2026-04-03T09:50:04.722Z,324.000,10,262.000,ahO5G+QMJW9JXaZF,266.000,ZNeI4CIi8cYNeSIl,267.000,RAVUzYYMBq+gCXIY,274.000,oDVDcsz2DDcqmuZv,282.000,jgBHfjfbNleko2Dt,324.000,7z+hv5WDnSUYTapr,324.000,8hVPVElPDyJLGNul,325.000,sRrp0ZiEenIEqwEV,386.000,RQhhLWQoTrRIOUIj,572.000,mFtsU2NLbV393iPp
9,40,2026-04-03T09:50:05.046Z,323.000,7,247.000,ahO5G+QMJW9JXaZF,263.000,7z+hv5WDnSUYTapr,305.000,sRrp0ZiEenIEqwEV,306.000,8hVPVElPDyJLGNul,368.000,mFtsU2NLbV393iPp,372.000,RQhhLWQoTrRIOUIj,370.000,jgBHfjfbNleko2Dt,,,,,,
9,41,2026-04-03T09:50:05.369Z,290.000,9,195.000,sRrp0ZiEenIEqwEV,232.000,ahO5G+QMJW9JXaZF,235.000,ZNeI4CIi8cYNeSIl,239.000,RAVUzYYMBq+gCXIY,277.000,mFtsU2NLbV393iPp,293.000,8hVPVElPDyJLGNul,291.000,7z+hv5WDnSUYTapr,343.000,RQhhLWQoTrRIOUIj,344.000,jgBHfjfbNleko2Dt,,
9,42,2026-04-03T09:50:05.659Z,274.000,10,247.000,ahO5G+QMJW9JXaZF,251.000,RAVUzYYMBq+gCXIY,253.000,ZNeI4CIi8cYNeSIl,257.000,sRrp0ZiEenIEqwEV,264.000,oDVDcsz2DDcqmuZv,265.000,7z+hv5WDnSUYTapr,289.000,jgBHfjfbNleko2Dt,306.000,8hVPVElPDyJLGNul,372.000,RQhhLWQoTrRIOUIj,377.000,mFtsU2NLbV393iPp
9,43,2026-04-03T09:50:05.933Z,336.000,10,279.000,ahO5G+QMJW9JXaZF,285.000,RAVUzYYMBq+gCXIY,288.000,ZNeI4CIi8cYNeSIl,294.000,oDVDcsz2DDcqmuZv,295.000,sRrp0ZiEenIEqwEV,303.000,7z+hv5WDnSUYTapr,337.000,8hVPVElPDyJLGNul,403.000,RQhhLWQoTrRIOUIj,407.000,mFtsU2NLbV393iPp,880.000,jgBHfjfbNleko2Dt
9,44,2026-04-03T09:50:06.269Z,304.000,10,248.000,ahO5G+QMJW9JXaZF,255.000,RAVUzYYMBq+gCXIY,259.000,ZNeI4CIi8cYNeSIl,263.000,sRrp0ZiEenIEqwEV,278.000,oDVDcsz2DDcqmuZv,279.000,7z+hv5WDnSUYTapr,304.000,mFtsU2NLbV393iPp,309.000,8hVPVElPDyJLGNul,379.000,RQhhLWQoTrRIOUIj,380.000,jgBHfjfbNleko2Dt
9,45,2026-04-03T09:50:06.573Z,293.000,10,250.000,ahO5G+QMJW9JXaZF,257.000,RAVUzYYMBq+gCXIY,267.000,ZNeI4CIi8cYNeSIl,268.000,sRrp0ZiEenIEqwEV,284.000,oDVDcsz2DDcqmuZv,285.000,7z+hv5WDnSUYTapr,324.000,jgBHfjfbNleko2Dt,305.000,RQhhLWQoTrRIOUIj,314.000,8hVPVElPDyJLGNul,388.000,mFtsU2NLbV393iPp
9,46,2026-04-03T09:50:06.866Z,284.000,10,270.000,ahO5G+QMJW9JXaZF,275.000,RAVUzYYMBq+gCXIY,279.000,ZNeI4CIi8cYNeSIl,280.000,oDVDcsz2DDcqmuZv,281.000,sRrp0ZiEenIEqwEV,301.000,7z+hv5WDnSUYTapr,332.000,8hVPVElPDyJLGNul,395.000,mFtsU2NLbV393iPp,397.000,jgBHfjfbNleko2Dt,403.000,RQhhLWQoTrRIOUIj
9,47,2026-04-03T09:50:07.150Z,334.000,10,289.000,ahO5G+QMJW9JXaZF,300.000,RAVUzYYMBq+gCXIY,301.000,sRrp0ZiEenIEqwEV,305.000,ZNeI4CIi8cYNeSIl,321.000,oDVDcsz2DDcqmuZv,322.000,7z+hv5WDnSUYTapr,362.000,mFtsU2NLbV393iPp,360.000,8hVPVElPDyJLGNul,418.000,jgBHfjfbNleko2Dt,425.000,RQhhLWQoTrRIOUIj
9,48,2026-04-03T09:50:07.484Z,330.000,10,255.000,ahO5G+QMJW9JXaZF,271.000,RAVUzYYMBq+gCXIY,276.000,ZNeI4CIi8cYNeSIl,277.000,sRrp0ZiEenIEqwEV,290.000,oDVDcsz2DDcqmuZv,290.000,7z+hv5WDnSUYTapr,352.000,jgBHfjfbNleko2Dt,339.000,8hVPVElPDyJLGNul,347.000,RQhhLWQoTrRIOUIj,399.000,mFtsU2NLbV393iPp
9,49,2026-04-03T09:50:07.814Z,330.000,9,225.000,ahO5G+QMJW9JXaZF,252.000,sRrp0ZiEenIEqwEV,259.000,ZNeI4CIi8cYNeSIl,272.000,oDVDcsz2DDcqmuZv,274.000,7z+hv5WDnSUYTapr,314.000,8hVPVElPDyJLGNul,380.000,jgBHfjfbNleko2Dt,371.000,RQhhLWQoTrRIOUIj,372.000,mFtsU2NLbV393iPp,,
9,50,2026-04-03T09:50:08.144Z,303.000,8,197.000,ahO5G+QMJW9JXaZF,221.000,RAVUzYYMBq+gCXIY,226.000,8hVPVElPDyJLGNul,230.000,sRrp0ZiEenIEqwEV,253.000,7z+hv5WDnSUYTapr,306.000,mFtsU2NLbV393iPp,356.000,RQhhLWQoTrRIOUIj,348.000,jgBHfjfbNleko2Dt,,,,
9,51,2026-04-03T09:50:08.447Z,242.000,10,208.000,ahO5G+QMJW9JXaZF,227.000,RAVUzYYMBq+gCXIY,228.000,oDVDcsz2DDcqmuZv,229.000,sRrp0ZiEenIEqwEV,231.000,ZNeI4CIi8cYNeSIl,235.000,8hVPVElPDyJLGNul,254.000,7z+hv5WDnSUYTapr,321.000,RQhhLWQoTrRIOUIj,323.000,jgBHfjfbNleko2Dt,330.000,mFtsU2NLbV393iPp
9,52,2026-04-03T09:50:08.689Z,422.000,8,278.000,ahO5G+QMJW9JXaZF,291.000,RAVUzYYMBq+gCXIY,292.000,sRrp0ZiEenIEqwEV,320.000,7z+hv5WDnSUYTapr,418.000,RQhhLWQoTrRIOUIj,420.000,jgBHfjfbNleko2Dt,422.000,mFtsU2NLbV393iPp,616.000,8hVPVElPDyJLGNul,,,,
9,53,2026-04-03T09:50:09.111Z,237.000,9,158.000,7z+hv5WDnSUYTapr,160.000,ahO5G+QMJW9JXaZF,178.000,ZNeI4CIi8cYNeSIl,185.000,8hVPVElPDyJLGNul,204.000,oDVDcsz2DDcqmuZv,287.000,mFtsU2NLbV393iPp,327.000,sRrp0ZiEenIEqwEV,261.000,jgBHfjfbNleko2Dt,469.000,RQhhLWQoTrRIOUIj,,
9,54,2026-04-03T09:50:09.348Z,395.000,8,246.000,sRrp0ZiEenIEqwEV,270.000,7z+hv5WDnSUYTapr,290.000,8hVPVElPDyJLGNul,348.000,RQhhLWQoTrRIOUIj,372.000,jgBHfjfbNleko2Dt,387.000,ahO5G+QMJW9JXaZF,395.000,oDVDcsz2DDcqmuZv,542.000,mFtsU2NLbV393iPp,,,,
9,55,2026-04-03T09:50:09.743Z,299.000,7,157.000,sRrp0ZiEenIEqwEV,167.000,ahO5G+QMJW9JXaZF,181.000,7z+hv5WDnSUYTapr,212.000,8hVPVElPDyJLGNul,215.000,jgBHfjfbNleko2Dt,299.000,mFtsU2NLbV393iPp,299.000,RQhhLWQoTrRIOUIj,,,,,,
9,56,2026-04-03T09:50:10.042Z,310.000,7,176.000,ahO5G+QMJW9JXaZF,186.000,7z+hv5WDnSUYTapr,197.000,sRrp0ZiEenIEqwEV,260.000,8hVPVElPDyJLGNul,289.000,mFtsU2NLbV393iPp,304.000,jgBHfjfbNleko2Dt,310.000,RQhhLWQoTrRIOUIj,,,,,,
9,57,2026-04-03T09:50:10.352Z,280.000,8,205.000,oDVDcsz2DDcqmuZv,263.000,8hVPVElPDyJLGNul,312.000,jgBHfjfbNleko2Dt,321.000,sRrp0ZiEenIEqwEV,282.000,mFtsU2NLbV393iPp,324.000,ahO5G+QMJW9JXaZF,295.000,7z+hv5WDnSUYTapr,284.000,RQhhLWQoTrRIOUIj,,,,
9,58,2026-04-03T09:50:10.632Z,313.000,9,286.000,8hVPVElPDyJLGNul,305.000,oDVDcsz2DDcqmuZv,306.000,RAVUzYYMBq+gCXIY,321.000,ahO5G+QMJW9JXaZF,397.000,mFtsU2NLbV393iPp,322.000,RQhhLWQoTrRIOUIj,353.000,sRrp0ZiEenIEqwEV,327.000,7z+hv5WDnSUYTapr,352.000,jgBHfjfbNleko2Dt,,
9,59,2026-04-03T09:50:10.945Z,343.000,10,234.000,ZNeI4CIi8cYNeSIl,241.000,oDVDcsz2DDcqmuZv,243.000,RAVUzYYMBq+gCXIY,278.000,8hVPVElPDyJLGNul,325.000,mFtsU2NLbV393iPp,341.000,sRrp0ZiEenIEqwEV,343.000,7z+hv5WDnSUYTapr,358.000,ahO5G+QMJW9JXaZF,424.000,RQhhLWQoTrRIOUIj,510.000,jgBHfjfbNleko2Dt
9,60,2026-04-03T09:50:11.288Z,335.000,7,211.000,ahO5G+QMJW9JXaZF,243.000,8hVPVElPDyJLGNul,298.000,jgBHfjfbNleko2Dt,299.000,sRrp0ZiEenIEqwEV,302.000,RQhhLWQoTrRIOUIj,309.000,7z+hv5WDnSUYTapr,477.000,mFtsU2NLbV393iPp,,,,,,
9,61,2026-04-03T09:50:11.623Z,277.000,9,177.000,7z+hv5WDnSUYTapr,190.000,RAVUzYYMBq+gCXIY,191.000,ZNeI4CIi8cYNeSIl,196.000,ahO5G+QMJW9JXaZF,213.000,8hVPVElPDyJLGNul,271.000,sRrp0ZiEenIEqwEV,277.000,RQhhLWQoTrRIOUIj,485.000,mFtsU2NLbV393iPp,332.000,jgBHfjfbNleko2Dt,,
9,62,2026-04-03T09:50:11.900Z,369.000,10,305.000,sRrp0ZiEenIEqwEV,305.000,oDVDcsz2DDcqmuZv,306.000,mFtsU2NLbV393iPp,353.000,7z+hv5WDnSUYTapr,365.000,RAVUzYYMBq+gCXIY,367.000,8hVPVElPDyJLGNul,369.000,ZNeI4CIi8cYNeSIl,383.000,ahO5G+QMJW9JXaZF,690.000,jgBHfjfbNleko2Dt,536.000,RQhhLWQoTrRIOUIj
9,63,2026-04-03T09:50:12.269Z,354.000,7,235.000,sRrp0ZiEenIEqwEV,246.000,ahO5G+QMJW9JXaZF,289.000,7z+hv5WDnSUYTapr,331.000,RQhhLWQoTrRIOUIj,353.000,jgBHfjfbNleko2Dt,451.000,8hVPVElPDyJLGNul,392.000,mFtsU2NLbV393iPp,,,,,,
9,64,2026-04-03T09:50:12.623Z,255.000,9,186.000,sRrp0ZiEenIEqwEV,201.000,ZNeI4CIi8cYNeSIl,242.000,7z+hv5WDnSUYTapr,249.000,oDVDcsz2DDcqmuZv,259.000,ahO5G+QMJW9JXaZF,338.000,RQhhLWQoTrRIOUIj,298.000,8hVPVElPDyJLGNul,609.000,mFtsU2NLbV393iPp,760.000,jgBHfjfbNleko2Dt,,
9,65,2026-04-03T09:50:12.878Z,356.000,8,231.000,8hVPVElPDyJLGNul,238.000,sRrp0ZiEenIEqwEV,292.000,mFtsU2NLbV393iPp,299.000,7z+hv5WDnSUYTapr,346.000,jgBHfjfbNleko2Dt,352.000,RQhhLWQoTrRIOUIj,356.000,ahO5G+QMJW9JXaZF,382.000,ZNeI4CIi8cYNeSIl,,,,
9,66,2026-04-03T09:50:13.234Z,380.000,9,193.000,sRrp0ZiEenIEqwEV,229.000,ahO5G+QMJW9JXaZF,278.000,RAVUzYYMBq+gCXIY,308.000,RQhhLWQoTrRIOUIj,329.000,8hVPVElPDyJLGNul,331.000,jgBHfjfbNleko2Dt,380.000,oDVDcsz2DDcqmuZv,422.000,7z+hv5WDnSUYTapr,427.000,mFtsU2NLbV393iPp,,
9,67,2026-04-03T09:50:13.614Z,355.000,8,255.000,sRrp0ZiEenIEqwEV,262.000,8hVPVElPDyJLGNul,272.000,ZNeI4CIi8cYNeSIl,306.000,ahO5G+QMJW9JXaZF,307.000,jgBHfjfbNleko2Dt,320.000,RQhhLWQoTrRIOUIj,354.000,7z+hv5WDnSUYTapr,528.000,mFtsU2NLbV393iPp,,,,
9,68,2026-04-03T09:50:13.969Z,307.000,9,216.000,8hVPVElPDyJLGNul,275.000,RQhhLWQoTrRIOUIj,291.000,jgBHfjfbNleko2Dt,293.000,7z+hv5WDnSUYTapr,294.000,ZNeI4CIi8cYNeSIl,307.000,ahO5G+QMJW9JXaZF,307.000,oDVDcsz2DDcqmuZv,460.000,sRrp0ZiEenIEqwEV,609.000,mFtsU2NLbV393iPp,,
9,69,2026-04-03T09:50:14.276Z,347.000,8,195.000,ahO5G+QMJW9JXaZF,202.000,7z+hv5WDnSUYTapr,217.000,8hVPVElPDyJLGNul,237.000,sRrp0ZiEenIEqwEV,294.000,ZNeI4CIi8cYNeSIl,317.000,mFtsU2NLbV393iPp,672.000,jgBHfjfbNleko2Dt,496.000,RQhhLWQoTrRIOUIj,,,,
9,70,2026-04-03T09:50:14.623Z,327.000,8,170.000,ahO5G+QMJW9JXaZF,176.000,8hVPVElPDyJLGNul,194.000,sRrp0ZiEenIEqwEV,258.000,RQhhLWQoTrRIOUIj,265.000,7z+hv5WDnSUYTapr,326.000,oDVDcsz2DDcqmuZv,328.000,jgBHfjfbNleko2Dt,348.000,mFtsU2NLbV393iPp,,,,
9,71,2026-04-03T09:50:14.950Z,269.000,8,147.000,ahO5G+QMJW9JXaZF,187.000,8hVPVElPDyJLGNul,204.000,ZNeI4CIi8cYNeSIl,209.000,sRrp0ZiEenIEqwEV,266.000,7z+hv5WDnSUYTapr,324.000,RQhhLWQoTrRIOUIj,327.000,jgBHfjfbNleko2Dt,475.000,mFtsU2NLbV393iPp,,,,
9,72,2026-04-03T09:50:15.219Z,344.000,9,247.000,sRrp0ZiEenIEqwEV,249.000,ZNeI4CIi8cYNeSIl,250.000,oDVDcsz2DDcqmuZv,342.000,8hVPVElPDyJLGNul,343.000,mFtsU2NLbV393iPp,343.000,jgBHfjfbNleko2Dt,354.000,7z+hv5WDnSUYTapr,347.000,ahO5G+QMJW9JXaZF,497.000,RQhhLWQoTrRIOUIj,,
9,73,2026-04-03T09:50:15.563Z,292.000,8,214.000,RAVUzYYMBq+gCXIY,214.000,sRrp0ZiEenIEqwEV,215.000,7z+hv5WDnSUYTapr,281.000,ahO5G+QMJW9JXaZF,328.000,mFtsU2NLbV393iPp,360.000,8hVPVElPDyJLGNul,313.000,jgBHfjfbNleko2Dt,467.000,RQhhLWQoTrRIOUIj,,,,
9,74,2026-04-03T09:50:15.855Z,314.000,10,222.000,sRrp0ZiEenIEqwEV,222.000,oDVDcsz2DDcqmuZv,229.000,RAVUzYYMBq+gCXIY,272.000,jgBHfjfbNleko2Dt,313.000,7z+hv5WDnSUYTapr,315.000,RQhhLWQoTrRIOUIj,316.000,ahO5G+QMJW9JXaZF,356.000,ZNeI4CIi8cYNeSIl,630.000,8hVPVElPDyJLGNul,481.000,mFtsU2NLbV393iPp
9,75,2026-04-03T09:50:16.169Z,355.000,8,217.000,sRrp0ZiEenIEqwEV,228.000,7z+hv5WDnSUYTapr,265.000,oDVDcsz2DDcqmuZv,313.000,jgBHfjfbNleko2Dt,355.000,RQhhLWQoTrRIOUIj,537.000,mFtsU2NLbV393iPp,375.000,8hVPVElPDyJLGNul,592.000,ahO5G+QMJW9JXaZF,,,,
9,76,2026-04-03T09:50:16.524Z,334.000,9,173.000,8hVPVElPDyJLGNul,184.000,sRrp0ZiEenIEqwEV,185.000,7z+hv5WDnSUYTapr,186.000,ahO5G+QMJW9JXaZF,252.000,RQhhLWQoTrRIOUIj,285.000,jgBHfjfbNleko2Dt,334.000,oDVDcsz2DDcqmuZv,340.000,RAVUzYYMBq+gCXIY,482.000,mFtsU2NLbV393iPp,,
9,77,2026-04-03T09:50:16.858Z,313.000,8,157.000,sRrp0ZiEenIEqwEV,159.000,7z+hv5WDnSUYTapr,161.000,ahO5G+QMJW9JXaZF,179.000,8hVPVElPDyJLGNul,252.000,RQhhLWQoTrRIOUIj,309.000,mFtsU2NLbV393iPp,465.000,jgBHfjfbNleko2Dt,348.000,ZNeI4CIi8cYNeSIl,,,,
9,78,2026-04-03T09:50:17.171Z,299.000,8,157.000,7z+hv5WDnSUYTapr,160.000,sRrp0ZiEenIEqwEV,179.000,ahO5G+QMJW9JXaZF,218.000,8hVPVElPDyJLGNul,233.000,mFtsU2NLbV393iPp,255.000,jgBHfjfbNleko2Dt,298.000,RQhhLWQoTrRIOUIj,299.000,RAVUzYYMBq+gCXIY,,,,
9,79,2026-04-03T09:50:17.470Z,317.000,8,166.000,7z+hv5WDnSUYTapr,181.000,oDVDcsz2DDcqmuZv,187.000,ahO5G+QMJW9JXaZF,271.000,8hVPVElPDyJLGNul,272.000,jgBHfjfbNleko2Dt,320.000,RQhhLWQoTrRIOUIj,323.000,sRrp0ZiEenIEqwEV,481.000,mFtsU2NLbV393iPp,,,,
9,80,2026-04-03T09:50:17.787Z,318.000,9,174.000,RAVUzYYMBq+gCXIY,196.000,ahO5G+QMJW9JXaZF,230.000,ZNeI4CIi8cYNeSIl,258.000,RQhhLWQoTrRIOUIj,270.000,8hVPVElPDyJLGNul,271.000,7z+hv5WDnSUYTapr,686.000,sRrp0ZiEenIEqwEV,534.000,mFtsU2NLbV393iPp,686.000,jgBHfjfbNleko2Dt,,
9,81,2026-04-03T09:50:18.105Z,264.000,7,158.000,7z+hv5WDnSUYTapr,184.000,ahO5G+QMJW9JXaZF,185.000,sRrp0ZiEenIEqwEV,242.000,mFtsU2NLbV393iPp,252.000,8hVPVElPDyJLGNul,293.000,jgBHfjfbNleko2Dt,302.000,RQhhLWQoTrRIOUIj,,,,,,
9,82,2026-04-03T09:50:18.369Z,294.000,9,211.000,RAVUzYYMBq+gCXIY,229.000,ahO5G+QMJW9JXaZF,259.000,mFtsU2NLbV393iPp,273.000,RQhhLWQoTrRIOUIj,290.000,8hVPVElPDyJLGNul,291.000,oDVDcsz2DDcqmuZv,313.000,7z+hv5WDnSUYTapr,351.000,sRrp0ZiEenIEqwEV,306.000,jgBHfjfbNleko2Dt,,
9,83,2026-04-03T09:50:18.663Z,270.000,10,234.000,ZNeI4CIi8cYNeSIl,239.000,ahO5G+QMJW9JXaZF,246.000,RAVUzYYMBq+gCXIY,261.000,oDVDcsz2DDcqmuZv,279.000,8hVPVElPDyJLGNul,351.000,mFtsU2NLbV393iPp,324.000,7z+hv5WDnSUYTapr,320.000,sRrp0ZiEenIEqwEV,398.000,jgBHfjfbNleko2Dt,342.000,RQhhLWQoTrRIOUIj
9,84,2026-04-03T09:50:18.933Z,352.000,9,257.000,7z+hv5WDnSUYTapr,267.000,sRrp0ZiEenIEqwEV,269.000,RAVUzYYMBq+gCXIY,271.000,ZNeI4CIi8cYNeSIl,276.000,ahO5G+QMJW9JXaZF,347.000,8hVPVElPDyJLGNul,352.000,mFtsU2NLbV393iPp,354.000,jgBHfjfbNleko2Dt,562.000,RQhhLWQoTrRIOUIj,,
9,85,2026-04-03T09:50:19.285Z,330.000,10,256.000,RAVUzYYMBq+gCXIY,258.000,ZNeI4CIi8cYNeSIl,262.000,oDVDcsz2DDcqmuZv,273.000,mFtsU2NLbV393iPp,305.000,8hVPVElPDyJLGNul,309.000,RQhhLWQoTrRIOUIj,330.000,jgBHfjfbNleko2Dt,364.000,7z+hv5WDnSUYTapr,367.000,sRrp0ZiEenIEqwEV,368.000,ahO5G+QMJW9JXaZF
9,86,2026-04-03T09:50:19.615Z,352.000,8,194.000,7z+hv5WDnSUYTapr,206.000,sRrp0ZiEenIEqwEV,289.000,8hVPVElPDyJLGNul,297.000,jgBHfjfbNleko2Dt,322.000,RQhhLWQoTrRIOUIj,334.000,RAVUzYYMBq+gCXIY,651.000,mFtsU2NLbV393iPp,501.000,ahO5G+QMJW9JXaZF,,,,
9,87,2026-04-03T09:50:19.967Z,289.000,9,195.000,oDVDcsz2DDcqmuZv,201.000,ZNeI4CIi8cYNeSIl,236.000,mFtsU2NLbV393iPp,244.000,8hVPVElPDyJLGNul,256.000,jgBHfjfbNleko2Dt,297.000,sRrp0ZiEenIEqwEV,299.000,ahO5G+QMJW9JXaZF,300.000,7z+hv5WDnSUYTapr,301.000,RQhhLWQoTrRIOUIj,,
9,88,2026-04-03T09:50:20.256Z,335.000,7,217.000,sRrp0ZiEenIEqwEV,258.000,8hVPVElPDyJLGNul,273.000,RQhhLWQoTrRIOUIj,296.000,jgBHfjfbNleko2Dt,317.000,7z+hv5WDnSUYTapr,321.000,mFtsU2NLbV393iPp,335.000,ahO5G+QMJW9JXaZF,,,,,,
9,89,2026-04-03T09:50:20.591Z,315.000,8,154.000,ahO5G+QMJW9JXaZF,193.000,7z+hv5WDnSUYTapr,226.000,8hVPVElPDyJLGNul,232.000,sRrp0ZiEenIEqwEV,265.000,RQhhLWQoTrRIOUIj,266.000,RAVUzYYMBq+gCXIY,463.000,mFtsU2NLbV393iPp,612.000,jgBHfjfbNleko2Dt,,,,
9,90,2026-04-03T09:50:20.906Z,338.000,7,186.000,7z+hv5WDnSUYTapr,236.000,mFtsU2NLbV393iPp,255.000,8hVPVElPDyJLGNul,269.000,sRrp0ZiEenIEqwEV,269.000,jgBHfjfbNleko2Dt,312.000,ahO5G+QMJW9JXaZF,338.000,RQhhLWQoTrRIOUIj,,,,,,
9,91,2026-04-03T09:50:21.244Z,282.000,8,157.000,7z+hv5WDnSUYTapr,165.000,sRrp0ZiEenIEqwEV,267.000,ahO5G+QMJW9JXaZF,275.000,oDVDcsz2DDcqmuZv,331.000,8hVPVElPDyJLGNul,362.000,mFtsU2NLbV393iPp,385.000,jgBHfjfbNleko2Dt,318.000,RQhhLWQoTrRIOUIj,,,,
9,92,2026-04-03T09:50:21.526Z,331.000,8,220.000,sRrp0ZiEenIEqwEV,228.000,7z+hv5WDnSUYTapr,287.000,8hVPVElPDyJLGNul,292.000,oDVDcsz2DDcqmuZv,294.000,ahO5G+QMJW9JXaZF,416.000,RQhhLWQoTrRIOUIj,331.000,mFtsU2NLbV393iPp,341.000,jgBHfjfbNleko2Dt,,,,
9,93,2026-04-03T09:50:21.857Z,345.000,8,207.000,7z+hv5WDnSUYTapr,262.000,8hVPVElPDyJLGNul,263.000,ahO5G+QMJW9JXaZF,269.000,ZNeI4CIi8cYNeSIl,300.000,sRrp0ZiEenIEqwEV,313.000,RQhhLWQoTrRIOUIj,345.000,jgBHfjfbNleko2Dt,509.000,mFtsU2NLbV393iPp,,,,
9,94,2026-04-03T09:50:22.202Z,337.000,10,163.000,7z+hv5WDnSUYTapr,221.000,RAVUzYYMBq+gCXIY,224.000,oDVDcsz2DDcqmuZv,228.000,ahO5G+QMJW9JXaZF,315.000,sRrp0ZiEenIEqwEV,321.000,RQhhLWQoTrRIOUIj,336.000,ZNeI4CIi8cYNeSIl,555.000,8hVPVElPDyJLGNul,791.000,jgBHfjfbNleko2Dt,1024.000,mFtsU2NLbV393iPp
9,95,2026-04-03T09:50:22.539Z,358.000,7,222.000,ahO5G+QMJW9JXaZF,271.000,jgBHfjfbNleko2Dt,285.000,sRrp0ZiEenIEqwEV,303.000,8hVPVElPDyJLGNul,306.000,7z+hv5WDnSUYTapr,345.000,RQhhLWQoTrRIOUIj,364.000,mFtsU2NLbV393iPp,,,,,,
9,96,2026-04-03T09:50:22.897Z,337.000,7,167.000,8hVPVElPDyJLGNul,172.000,ahO5G+QMJW9JXaZF,232.000,sRrp0ZiEenIEqwEV,322.000,7z+hv5WDnSUYTapr,324.000,RQhhLWQoTrRIOUIj,384.000,jgBHfjfbNleko2Dt,366.000,mFtsU2NLbV393iPp,,,,,,
9,97,2026-04-03T09:50:23.234Z,289.000,10,201.000,sRrp0ZiEenIEqwEV,202.000,oDVDcsz2DDcqmuZv,274.000,RAVUzYYMBq+gCXIY,277.000,ZNeI4CIi8cYNeSIl,283.000,8hVPVElPDyJLGNul,288.000,ahO5G+QMJW9JXaZF,289.000,7z+hv5WDnSUYTapr,293.000,mFtsU2NLbV393iPp,350.000,RQhhLWQoTrRIOUIj,353.000,jgBHfjfbNleko2Dt
9,98,2026-04-03T09:50:23.523Z,318.000,10,226.000,oDVDcsz2DDcqmuZv,227.000,RAVUzYYMBq+gCXIY,299.000,8hVPVElPDyJLGNul,306.000,ahO5G+QMJW9JXaZF,309.000,7z+hv5WDnSUYTapr,317.000,ZNeI4CIi8cYNeSIl,377.000,sRrp0ZiEenIEqwEV,355.000,jgBHfjfbNleko2Dt,404.000,RQhhLWQoTrRIOUIj,408.000,mFtsU2NLbV393iPp
9,99,2026-04-03T09:50:23.841Z,332.000,9,283.000,ZNeI4CIi8cYNeSIl,285.000,oDVDcsz2DDcqmuZv,290.000,8hVPVElPDyJLGNul,295.000,ahO5G+QMJW9JXaZF,296.000,7z+hv5WDnSUYTapr,339.000,RQhhLWQoTrRIOUIj,371.000,sRrp0ZiEenIEqwEV,358.000,mFtsU2NLbV393iPp,380.000,jgBHfjfbNleko2Dt,,
9,100,2026-04-03T09:50:24.173Z,384.000,8,263.000,RAVUzYYMBq+gCXIY,264.000,ahO5G+QMJW9JXaZF,267.000,8hVPVElPDyJLGNul,276.000,7z+hv5WDnSUYTapr,346.000,sRrp0ZiEenIEqwEV,355.000,RQhhLWQoTrRIOUIj,385.000,mFtsU2NLbV393iPp,399.000,jgBHfjfbNleko2Dt,,,,
9,101,2026-04-03T09:50:24.557Z,273.000,8,188.000,8hVPVElPDyJLGNul,190.000,ZNeI4CIi8cYNeSIl,193.000,ahO5G+QMJW9JXaZF,198.000,7z+hv5WDnSUYTapr,319.000,jgBHfjfbNleko2Dt,308.000,RQhhLWQoTrRIOUIj,275.000,sRrp0ZiEenIEqwEV,321.000,mFtsU2NLbV393iPp,,,,
9,102,2026-04-03T09:50:24.830Z,323.000,7,226.000,8hVPVElPDyJLGNul,228.000,ahO5G+QMJW9JXaZF,236.000,7z+hv5WDnSUYTapr,289.000,RQhhLWQoTrRIOUIj,309.000,sRrp0ZiEenIEqwEV,316.000,mFtsU2NLbV393iPp,323.000,jgBHfjfbNleko2Dt,,,,,,
9,103,2026-04-03T09:50:25.153Z,247.000,9,207.000,oDVDcsz2DDcqmuZv,211.000,8hVPVElPDyJLGNul,213.000,ahO5G+QMJW9JXaZF,218.000,7z+hv5WDnSUYTapr,244.000,RAVUzYYMBq+gCXIY,317.000,jgBHfjfbNleko2Dt,291.000,sRrp0ZiEenIEqwEV,284.000,mFtsU2NLbV393iPp,304.000,RQhhLWQoTrRIOUIj,,
9,104,2026-04-03T09:50:25.400Z,314.000,10,270.000,8hVPVElPDyJLGNul,272.000,ahO5G+QMJW9JXaZF,273.000,oDVDcsz2DDcqmuZv,300.000,RAVUzYYMBq+gCXIY,300.000,ZNeI4CIi8cYNeSIl,302.000,jgBHfjfbNleko2Dt,410.000,RQhhLWQoTrRIOUIj,355.000,sRrp0ZiEenIEqwEV,374.000,7z+hv5WDnSUYTapr,580.000,mFtsU2NLbV393iPp
9,105,2026-04-03T09:50:25.714Z,373.000,10,264.000,oDVDcsz2DDcqmuZv,268.000,ahO5G+QMJW9JXaZF,296.000,RAVUzYYMBq+gCXIY,346.000,sRrp0ZiEenIEqwEV,353.000,ZNeI4CIi8cYNeSIl,367.000,8hVPVElPDyJLGNul,453.000,RQhhLWQoTrRIOUIj,375.000,7z+hv5WDnSUYTapr,376.000,mFtsU2NLbV393iPp,386.000,jgBHfjfbNleko2Dt
9,106,2026-04-03T09:50:26.087Z,353.000,9,204.000,ahO5G+QMJW9JXaZF,205.000,7z+hv5WDnSUYTapr,278.000,sRrp0ZiEenIEqwEV,306.000,8hVPVElPDyJLGNul,314.000,RQhhLWQoTrRIOUIj,352.000,RAVUzYYMBq+gCXIY,475.000,mFtsU2NLbV393iPp,394.000,jgBHfjfbNleko2Dt,363.000,ZNeI4CIi8cYNeSIl,,
9,107,2026-04-03T09:50:26.440Z,345.000,8,158.000,ahO5G+QMJW9JXaZF,234.000,sRrp0ZiEenIEqwEV,267.000,7z+hv5WDnSUYTapr,464.000,8hVPVElPDyJLGNul,312.000,oDVDcsz2DDcqmuZv,463.000,RQhhLWQoTrRIOUIj,615.000,jgBHfjfbNleko2Dt,464.000,mFtsU2NLbV393iPp,,,,
9,108,2026-04-03T09:50:26.785Z,276.000,8,122.000,ahO5G+QMJW9JXaZF,133.000,7z+hv5WDnSUYTapr,191.000,sRrp0ZiEenIEqwEV,198.000,8hVPVElPDyJLGNul,249.000,jgBHfjfbNleko2Dt,255.000,mFtsU2NLbV393iPp,276.000,ZNeI4CIi8cYNeSIl,535.000,RQhhLWQoTrRIOUIj,,,,
9,109,2026-04-03T09:50:27.061Z,329.000,8,188.000,oDVDcsz2DDcqmuZv,223.000,sRrp0ZiEenIEqwEV,274.000,8hVPVElPDyJLGNul,278.000,mFtsU2NLbV393iPp,293.000,7z+hv5WDnSUYTapr,331.000,ahO5G+QMJW9JXaZF,336.000,RQhhLWQoTrRIOUIj,339.000,jgBHfjfbNleko2Dt,,,,
9,110,2026-04-03T09:50:27.390Z,299.000,9,165.000,ZNeI4CIi8cYNeSIl,175.000,ahO5G+QMJW9JXaZF,176.000,RAVUzYYMBq+gCXIY,201.000,sRrp0ZiEenIEqwEV,267.000,7z+hv5WDnSUYTapr,297.000,RQhhLWQoTrRIOUIj,299.000,8hVPVElPDyJLGNul,450.000,jgBHfjfbNleko2Dt,604.000,mFtsU2NLbV393iPp,,
9,111,2026-04-03T09:50:27.689Z,284.000,8,169.000,7z+hv5WDnSUYTapr,170.000,ZNeI4CIi8cYNeSIl,181.000,8hVPVElPDyJLGNul,214.000,sRrp0ZiEenIEqwEV,276.000,jgBHfjfbNleko2Dt,281.000,mFtsU2NLbV393iPp,284.000,ahO5G+QMJW9JXaZF,348.000,RQhhLWQoTrRIOUIj,,,,
9,112,2026-04-03T09:50:27.973Z,317.000,8,206.000,oDVDcsz2DDcqmuZv,237.000,sRrp0ZiEenIEqwEV,279.000,jgBHfjfbNleko2Dt,300.000,RQhhLWQoTrRIOUIj,362.000,ahO5G+QMJW9JXaZF,318.000,7z+hv5WDnSUYTapr,318.000,8hVPVElPDyJLGNul,510.000,mFtsU2NLbV393iPp,,,,
9,113,2026-04-03T09:50:28.290Z,303.000,10,194.000,ZNeI4CIi8cYNeSIl,198.000,oDVDcsz2DDcqmuZv,206.000,RAVUzYYMBq+gCXIY,223.000,sRrp0ZiEenIEqwEV,300.000,ahO5G+QMJW9JXaZF,351.000,jgBHfjfbNleko2Dt,353.000,mFtsU2NLbV393iPp,304.000,7z+hv5WDnSUYTapr,327.000,RQhhLWQoTrRIOUIj,500.000,8hVPVElPDyJLGNul
9,114,2026-04-03T09:50:28.593Z,310.000,10,207.000,oDVDcsz2DDcqmuZv,225.000,sRrp0ZiEenIEqwEV,227.000,RAVUzYYMBq+gCXIY,279.000,ZNeI4CIi8cYNeSIl,285.000,RQhhLWQoTrRIOUIj,309.000,8hVPVElPDyJLGNul,311.000,7z+hv5WDnSUYTapr,319.000,jgBHfjfbNleko2Dt,317.000,mFtsU2NLbV393iPp,360.000,ahO5G+QMJW9JXaZF
9,115,2026-04-03T09:50:28.903Z,309.000,8,201.000,8hVPVElPDyJLGNul,214.000,oDVDcsz2DDcqmuZv,225.000,sRrp0ZiEenIEqwEV,250.000,jgBHfjfbNleko2Dt,275.000,mFtsU2NLbV393iPp,305.000,7z+hv5WDnSUYTapr,309.000,ahO5G+QMJW9JXaZF,317.000,RQhhLWQoTrRIOUIj,,,,
9,116,2026-04-03T09:50:29.212Z,351.000,9,202.000,7z+hv5WDnSUYTapr,231.000,sRrp0ZiEenIEqwEV,234.000,ZNeI4CIi8cYNeSIl,248.000,RAVUzYYMBq+gCXIY,338.000,RQhhLWQoTrRIOUIj,349.000,mFtsU2NLbV393iPp,351.000,ahO5G+QMJW9JXaZF,354.000,8hVPVElPDyJLGNul,506.000,jgBHfjfbNleko2Dt,,
9,117,2026-04-03T09:50:29.563Z,292.000,8,184.000,oDVDcsz2DDcqmuZv,284.000,jgBHfjfbNleko2Dt,293.000,mFtsU2NLbV393iPp,346.000,sRrp0ZiEenIEqwEV,303.000,8hVPVElPDyJLGNul,313.000,7z+hv5WDnSUYTapr,322.000,ahO5G+QMJW9JXaZF,353.000,RQhhLWQoTrRIOUIj,,,,
9,118,2026-04-03T09:50:29.855Z,333.000,10,219.000,oDVDcsz2DDcqmuZv,306.000,mFtsU2NLbV393iPp,316.000,ZNeI4CIi8cYNeSIl,317.000,8hVPVElPDyJLGNul,324.000,sRrp0ZiEenIEqwEV,326.000,7z+hv5WDnSUYTapr,333.000,RAVUzYYMBq+gCXIY,369.000,RQhhLWQoTrRIOUIj,335.000,ahO5G+QMJW9JXaZF,455.000,jgBHfjfbNleko2Dt
9,119,2026-04-03T09:50:30.188Z,352.000,8,199.000,sRrp0ZiEenIEqwEV,201.000,ahO5G+QMJW9JXaZF,210.000,7z+hv5WDnSUYTapr,291.000,8hVPVElPDyJLGNul,302.000,RQhhLWQoTrRIOUIj,349.000,mFtsU2NLbV393iPp,504.000,jgBHfjfbNleko2Dt,353.000,ZNeI4CIi8cYNeSIl,,,,
9,120,2026-04-03T09:50:30.540Z,304.000,7,157.000,sRrp0ZiEenIEqwEV,164.000,7z+hv5WDnSUYTapr,197.000,ahO5G+QMJW9JXaZF,242.000,8hVPVElPDyJLGNul,247.000,mFtsU2NLbV393iPp,249.000,jgBHfjfbNleko2Dt,310.000,RQhhLWQoTrRIOUIj,,,,,,
9,121,2026-04-03T09:50:30.844Z,251.000,8,186.000,7z+hv5WDnSUYTapr,199.000,ahO5G+QMJW9JXaZF,202.000,sRrp0ZiEenIEqwEV,235.000,jgBHfjfbNleko2Dt,243.000,8hVPVElPDyJLGNul,249.000,RQhhLWQoTrRIOUIj,251.000,RAVUzYYMBq+gCXIY,489.000,mFtsU2NLbV393iPp,,,,
9,122,2026-04-03T09:50:31.095Z,364.000,8,233.000,7z+hv5WDnSUYTapr,251.000,8hVPVElPDyJLGNul,258.000,ahO5G+QMJW9JXaZF,325.000,jgBHfjfbNleko2Dt,330.000,RQhhLWQoTrRIOUIj,331.000,mFtsU2NLbV393iPp,364.000,ZNeI4CIi8cYNeSIl,367.000,sRrp0ZiEenIEqwEV,,,,
9,123,2026-04-03T09:50:31.459Z,275.000,7,160.000,sRrp0ZiEenIEqwEV,177.000,7z+hv5WDnSUYTapr,203.000,ahO5G+QMJW9JXaZF,244.000,8hVPVElPDyJLGNul,267.000,mFtsU2NLbV393iPp,268.000,jgBHfjfbNleko2Dt,275.000,RQhhLWQoTrRIOUIj,,,,,,
9,124,2026-04-03T09:50:31.734Z,280.000,9,192.000,sRrp0ZiEenIEqwEV,208.000,7z+hv5WDnSUYTapr,224.000,mFtsU2NLbV393iPp,225.000,8hVPVElPDyJLGNul,232.000,ahO5G+QMJW9JXaZF,269.000,oDVDcsz2DDcqmuZv,280.000,RAVUzYYMBq+gCXIY,299.000,RQhhLWQoTrRIOUIj,598.000,jgBHfjfbNleko2Dt,,
9,125,2026-04-03T09:50:32.014Z,335.000,9,258.000,ahO5G+QMJW9JXaZF,285.000,mFtsU2NLbV393iPp,291.000,7z+hv5WDnSUYTapr,297.000,8hVPVElPDyJLGNul,309.000,RAVUzYYMBq+gCXIY,325.000,sRrp0ZiEenIEqwEV,353.000,RQhhLWQoTrRIOUIj,387.000,jgBHfjfbNleko2Dt,453.000,ZNeI4CIi8cYNeSIl,,
9,126,2026-04-03T09:50:32.349Z,323.000,8,229.000,ahO5G+QMJW9JXaZF,270.000,8hVPVElPDyJLGNul,270.000,oDVDcsz2DDcqmuZv,341.000,sRrp0ZiEenIEqwEV,331.000,jgBHfjfbNleko2Dt,329.000,7z+hv5WDnSUYTapr,324.000,mFtsU2NLbV393iPp,501.000,RQhhLWQoTrRIOUIj,,,,
9,127,2026-04-03T09:50:32.672Z,295.000,8,192.000,7z+hv5WDnSUYTapr,211.000,ahO5G+QMJW9JXaZF,230.000,mFtsU2NLbV393iPp,251.000,8hVPVElPDyJLGNul,254.000,oDVDcsz2DDcqmuZv,267.000,jgBHfjfbNleko2Dt,295.000,sRrp0ZiEenIEqwEV,305.000,RQhhLWQoTrRIOUIj,,,,
9,128,2026-04-03T09:50:32.967Z,415.000,10,200.000,sRrp0ZiEenIEqwEV,376.000,ahO5G+QMJW9JXaZF,379.000,ZNeI4CIi8cYNeSIl,382.000,7z+hv5WDnSUYTapr,400.000,oDVDcsz2DDcqmuZv,414.000,RAVUzYYMBq+gCXIY,415.000,8hVPVElPDyJLGNul,507.000,RQhhLWQoTrRIOUIj,509.000,mFtsU2NLbV393iPp,510.000,jgBHfjfbNleko2Dt
9,129,2026-04-03T09:50:33.382Z,402.000,9,268.000,ahO5G+QMJW9JXaZF,281.000,sRrp0ZiEenIEqwEV,308.000,7z+hv5WDnSUYTapr,309.000,ZNeI4CIi8cYNeSIl,362.000,RAVUzYYMBq+gCXIY,388.000,RQhhLWQoTrRIOUIj,404.000,jgBHfjfbNleko2Dt,460.000,8hVPVElPDyJLGNul,581.000,mFtsU2NLbV393iPp,,
9,130,2026-04-03T09:50:33.784Z,362.000,9,180.000,ahO5G+QMJW9JXaZF,210.000,sRrp0ZiEenIEqwEV,211.000,8hVPVElPDyJLGNul,353.000,mFtsU2NLbV393iPp,360.000,7z+hv5WDnSUYTapr,361.000,RAVUzYYMBq+gCXIY,362.000,oDVDcsz2DDcqmuZv,387.000,jgBHfjfbNleko2Dt,409.000,RQhhLWQoTrRIOUIj,,
9,131,2026-04-03T09:50:34.146Z,324.000,9,264.000,ZNeI4CIi8cYNeSIl,266.000,ahO5G+QMJW9JXaZF,305.000,sRrp0ZiEenIEqwEV,308.000,8hVPVElPDyJLGNul,309.000,RAVUzYYMBq+gCXIY,309.000,7z+hv5WDnSUYTapr,399.000,mFtsU2NLbV393iPp,325.000,RQhhLWQoTrRIOUIj,371.000,jgBHfjfbNleko2Dt,,
9,132,2026-04-03T09:50:34.470Z,385.000,8,286.000,sRrp0ZiEenIEqwEV,287.000,8hVPVElPDyJLGNul,295.000,RAVUzYYMBq+gCXIY,296.000,7z+hv5WDnSUYTapr,364.000,jgBHfjfbNleko2Dt,388.000,mFtsU2NLbV393iPp,401.000,ahO5G+QMJW9JXaZF,386.000,RQhhLWQoTrRIOUIj,,,,
9,133,2026-04-03T09:50:34.855Z,270.000,9,209.000,sRrp0ZiEenIEqwEV,218.000,7z+hv5WDnSUYTapr,219.000,8hVPVElPDyJLGNul,250.000,ZNeI4CIi8cYNeSIl,251.000,oDVDcsz2DDcqmuZv,266.000,ahO5G+QMJW9JXaZF,310.000,mFtsU2NLbV393iPp,634.000,RQhhLWQoTrRIOUIj,483.000,jgBHfjfbNleko2Dt,,
9,134,2026-04-03T09:50:35.125Z,357.000,8,246.000,8hVPVElPDyJLGNul,249.000,sRrp0ZiEenIEqwEV,250.000,7z+hv5WDnSUYTapr,278.000,mFtsU2NLbV393iPp,289.000,oDVDcsz2DDcqmuZv,313.000,RQhhLWQoTrRIOUIj,359.000,jgBHfjfbNleko2Dt,362.000,ahO5G+QMJW9JXaZF,,,,
9,135,2026-04-03T09:50:35.482Z,307.000,8,164.000,ahO5G+QMJW9JXaZF,183.000,sRrp0ZiEenIEqwEV,205.000,RAVUzYYMBq+gCXIY,208.000,8hVPVElPDyJLGNul,234.000,7z+hv5WDnSUYTapr,277.000,jgBHfjfbNleko2Dt,310.000,mFtsU2NLbV393iPp,317.000,RQhhLWQoTrRIOUIj,,,,
9,136,2026-04-03T09:50:35.789Z,372.000,10,191.000,sRrp0ZiEenIEqwEV,325.000,ZNeI4CIi8cYNeSIl,325.000,ahO5G+QMJW9JXaZF,355.000,oDVDcsz2DDcqmuZv,362.000,RAVUzYYMBq+gCXIY,363.000,8hVPVElPDyJLGNul,398.000,7z+hv5WDnSUYTapr,422.000,mFtsU2NLbV393iPp,440.000,jgBHfjfbNleko2Dt,909.000,RQhhLWQoTrRIOUIj
9,137,2026-04-03T09:50:36.161Z,332.000,8,282.000,sRrp0ZiEenIEqwEV,288.000,mFtsU2NLbV393iPp,295.000,ahO5G+QMJW9JXaZF,298.000,8hVPVElPDyJLGNul,305.000,jgBHfjfbNleko2Dt,325.000,ZNeI4CIi8cYNeSIl,332.000,7z+hv5WDnSUYTapr,358.000,RQhhLWQoTrRIOUIj,,,,
9,138,2026-04-03T09:50:36.493Z,302.000,10,257.000,ahO5G+QMJW9JXaZF,262.000,sRrp0ZiEenIEqwEV,300.000,8hVPVElPDyJLGNul,300.000,7z+hv5WDnSUYTapr,301.000,oDVDcsz2DDcqmuZv,302.000,ZNeI4CIi8cYNeSIl,302.000,RAVUzYYMBq+gCXIY,430.000,mFtsU2NLbV393iPp,513.000,RQhhLWQoTrRIOUIj,514.000,jgBHfjfbNleko2Dt
9,139,2026-04-03T09:50:36.795Z,461.000,10,312.000,ZNeI4CIi8cYNeSIl,326.000,sRrp0ZiEenIEqwEV,328.000,oDVDcsz2DDcqmuZv,357.000,RAVUzYYMBq+gCXIY,455.000,8hVPVElPDyJLGNul,458.000,ahO5G+QMJW9JXaZF,468.000,7z+hv5WDnSUYTapr,523.000,RQhhLWQoTrRIOUIj,803.000,jgBHfjfbNleko2Dt,686.000,mFtsU2NLbV393iPp
9,140,2026-04-03T09:50:37.256Z,461.000,10,305.000,sRrp0ZiEenIEqwEV,327.000,ZNeI4CIi8cYNeSIl,347.000,oDVDcsz2DDcqmuZv,395.000,RAVUzYYMBq+gCXIY,411.000,mFtsU2NLbV393iPp,460.000,ahO5G+QMJW9JXaZF,461.000,8hVPVElPDyJLGNul,469.000,7z+hv5WDnSUYTapr,560.000,RQhhLWQoTrRIOUIj,658.000,jgBHfjfbNleko2Dt
9,141,2026-04-03T09:50:37.717Z,456.000,10,224.000,sRrp0ZiEenIEqwEV,303.000,ZNeI4CIi8cYNeSIl,417.000,RAVUzYYMBq+gCXIY,419.000,oDVDcsz2DDcqmuZv,451.000,ahO5G+QMJW9JXaZF,455.000,8hVPVElPDyJLGNul,456.000,7z+hv5WDnSUYTapr,644.000,RQhhLWQoTrRIOUIj,636.000,jgBHfjfbNleko2Dt,762.000,mFtsU2NLbV393iPp
9,142,2026-04-03T09:50:38.173Z,403.000,10,297.000,ahO5G+QMJW9JXaZF,299.000,RAVUzYYMBq+gCXIY,301.000,ZNeI4CIi8cYNeSIl,304.000,oDVDcsz2DDcqmuZv,310.000,8hVPVElPDyJLGNul,324.000,sRrp0ZiEenIEqwEV,456.000,7z+hv5WDnSUYTapr,431.000,mFtsU2NLbV393iPp,683.000,RQhhLWQoTrRIOUIj,611.000,jgBHfjfbNleko2Dt
9,143,2026-04-03T09:50:38.576Z,484.000,10,327.000,sRrp0ZiEenIEqwEV,358.000,ZNeI4CIi8cYNeSIl,362.000,7z+hv5WDnSUYTapr,438.000,oDVDcsz2DDcqmuZv,474.000,ahO5G+QMJW9JXaZF,483.000,RAVUzYYMBq+gCXIY,486.000,8hVPVElPDyJLGNul,535.000,jgBHfjfbNleko2Dt,536.000,mFtsU2NLbV393iPp,965.000,RQhhLWQoTrRIOUIj
9,144,2026-04-03T09:50:39.060Z,404.000,9,272.000,jgBHfjfbNleko2Dt,310.000,oDVDcsz2DDcqmuZv,313.000,ZNeI4CIi8cYNeSIl,353.000,ahO5G+QMJW9JXaZF,371.000,sRrp0ZiEenIEqwEV,375.000,7z+hv5WDnSUYTapr,485.000,mFtsU2NLbV393iPp,612.000,8hVPVElPDyJLGNul,761.000,RQhhLWQoTrRIOUIj,,
9,145,2026-04-03T09:50:39.464Z,433.000,9,253.000,sRrp0ZiEenIEqwEV,256.000,8hVPVElPDyJLGNul,301.000,RAVUzYYMBq+gCXIY,331.000,oDVDcsz2DDcqmuZv,404.000,ZNeI4CIi8cYNeSIl,430.000,ahO5G+QMJW9JXaZF,447.000,7z+hv5WDnSUYTapr,695.000,jgBHfjfbNleko2Dt,568.000,mFtsU2NLbV393iPp,,
9,146,2026-04-03T09:50:39.897Z,464.000,10,330.000,RAVUzYYMBq+gCXIY,349.000,sRrp0ZiEenIEqwEV,363.000,ZNeI4CIi8cYNeSIl,374.000,oDVDcsz2DDcqmuZv,442.000,8hVPVElPDyJLGNul,500.000,ahO5G+QMJW9JXaZF,480.000,7z+hv5WDnSUYTapr,703.000,jgBHfjfbNleko2Dt,566.000,mFtsU2NLbV393iPp,567.000,RQhhLWQoTrRIOUIj
9,147,2026-04-03T09:50:40.361Z,480.000,9,363.000,ZNeI4CIi8cYNeSIl,365.000,mFtsU2NLbV393iPp,379.000,oDVDcsz2DDcqmuZv,393.000,sRrp0ZiEenIEqwEV,438.000,8hVPVElPDyJLGNul,479.000,7z+hv5WDnSUYTapr,498.000,ahO5G+QMJW9JXaZF,593.000,RQhhLWQoTrRIOUIj,600.000,jgBHfjfbNleko2Dt,,
9,148,2026-04-03T09:50:40.841Z,458.000,10,301.000,RAVUzYYMBq+gCXIY,310.000,sRrp0ZiEenIEqwEV,365.000,oDVDcsz2DDcqmuZv,366.000,ZNeI4CIi8cYNeSIl,453.000,8hVPVElPDyJLGNul,458.000,7z+hv5WDnSUYTapr,523.000,ahO5G+QMJW9JXaZF,592.000,mFtsU2NLbV393iPp,597.000,RQhhLWQoTrRIOUIj,598.000,jgBHfjfbNleko2Dt
9,149,2026-04-03T09:50:41.299Z,458.000,9,312.000,sRrp0ZiEenIEqwEV,355.000,RAVUzYYMBq+gCXIY,372.000,ZNeI4CIi8cYNeSIl,400.000,oDVDcsz2DDcqmuZv,406.000,ahO5G+QMJW9JXaZF,452.000,7z+hv5WDnSUYTapr,458.000,8hVPVElPDyJLGNul,606.000,mFtsU2NLbV393iPp,610.000,jgBHfjfbNleko2Dt,,
9,150,2026-04-03T09:50:41.757Z,517.000,9,388.000,ZNeI4CIi8cYNeSIl,395.000,RAVUzYYMBq+gCXIY,400.000,sRrp0ZiEenIEqwEV,428.000,ahO5G+QMJW9JXaZF,428.000,oDVDcsz2DDcqmuZv,450.000,7z+hv5WDnSUYTapr,517.000,8hVPVElPDyJLGNul,621.000,mFtsU2NLbV393iPp,722.000,jgBHfjfbNleko2Dt,,
9,151,2026-04-03T09:50:42.274Z,472.000,10,308.000,sRrp0ZiEenIEqwEV,340.000,ZNeI4CIi8cYNeSIl,370.000,RAVUzYYMBq+gCXIY,387.000,oDVDcsz2DDcqmuZv,394.000,7z+hv5WDnSUYTapr,413.000,ahO5G+QMJW9JXaZF,507.000,8hVPVElPDyJLGNul,576.000,mFtsU2NLbV393iPp,579.000,RQhhLWQoTrRIOUIj,703.000,jgBHfjfbNleko2Dt
9,152,2026-04-03T09:50:42.746Z,436.000,10,272.000,sRrp0ZiEenIEqwEV,342.000,oDVDcsz2DDcqmuZv,367.000,RAVUzYYMBq+gCXIY,387.000,7z+hv5WDnSUYTapr,434.000,RQhhLWQoTrRIOUIj,435.000,ZNeI4CIi8cYNeSIl,441.000,ahO5G+QMJW9JXaZF,493.000,8hVPVElPDyJLGNul,689.000,jgBHfjfbNleko2Dt,574.000,mFtsU2NLbV393iPp
9,153,2026-04-03T09:50:43.182Z,475.000,9,369.000,ZNeI4CIi8cYNeSIl,393.000,oDVDcsz2DDcqmuZv,400.000,RAVUzYYMBq+gCXIY,404.000,8hVPVElPDyJLGNul,405.000,sRrp0ZiEenIEqwEV,410.000,7z+hv5WDnSUYTapr,505.000,ahO5G+QMJW9JXaZF,605.000,mFtsU2NLbV393iPp,618.000,RQhhLWQoTrRIOUIj,,
9,154,2026-04-03T09:50:43.657Z,454.000,9,303.000,RAVUzYYMBq+gCXIY,375.000,sRrp0ZiEenIEqwEV,394.000,ZNeI4CIi8cYNeSIl,409.000,oDVDcsz2DDcqmuZv,443.000,7z+hv5WDnSUYTapr,496.000,ahO5G+QMJW9JXaZF,526.000,RQhhLWQoTrRIOUIj,482.000,8hVPVElPDyJLGNul,597.000,mFtsU2NLbV393iPp,,
9,155,2026-04-03T09:50:44.111Z,484.000,9,262.000,sRrp0ZiEenIEqwEV,429.000,RAVUzYYMBq+gCXIY,453.000,7z+hv5WDnSUYTapr,480.000,ZNeI4CIi8cYNeSIl,481.000,oDVDcsz2DDcqmuZv,488.000,8hVPVElPDyJLGNul,548.000,ahO5G+QMJW9JXaZF,789.000,mFtsU2NLbV393iPp,660.000,RQhhLWQoTrRIOUIj,,
9,156,2026-04-03T09:50:44.595Z,523.000,9,394.000,ZNeI4CIi8cYNeSIl,420.000,oDVDcsz2DDcqmuZv,421.000,RAVUzYYMBq+gCXIY,454.000,sRrp0ZiEenIEqwEV,467.000,7z+hv5WDnSUYTapr,507.000,8hVPVElPDyJLGNul,523.000,RQhhLWQoTrRIOUIj,574.000,ahO5G+QMJW9JXaZF,705.000,jgBHfjfbNleko2Dt,,
9,157,2026-04-03T09:50:45.118Z,592.000,8,284.000,sRrp0ZiEenIEqwEV,420.000,RAVUzYYMBq+gCXIY,437.000,7z+hv5WDnSUYTapr,497.000,oDVDcsz2DDcqmuZv,502.000,ZNeI4CIi8cYNeSIl,510.000,ahO5G+QMJW9JXaZF,593.000,8hVPVElPDyJLGNul,806.000,RQhhLWQoTrRIOUIj,,,,
9,158,2026-04-03T09:50:45.710Z,459.000,9,302.000,RAVUzYYMBq+gCXIY,369.000,sRrp0ZiEenIEqwEV,378.000,ahO5G+QMJW9JXaZF,385.000,ZNeI4CIi8cYNeSIl,392.000,oDVDcsz2DDcqmuZv,403.000,7z+hv5WDnSUYTapr,463.000,8hVPVElPDyJLGNul,617.000,RQhhLWQoTrRIOUIj,620.000,mFtsU2NLbV393iPp,,
9,159,2026-04-03T09:50:46.169Z,534.000,9,389.000,sRrp0ZiEenIEqwEV,398.000,RAVUzYYMBq+gCXIY,436.000,oDVDcsz2DDcqmuZv,454.000,ahO5G+QMJW9JXaZF,527.000,8hVPVElPDyJLGNul,528.000,ZNeI4CIi8cYNeSIl,635.000,jgBHfjfbNleko2Dt,548.000,7z+hv5WDnSUYTapr,638.000,RQhhLWQoTrRIOUIj,,
9,160,2026-04-03T09:50:46.703Z,474.000,9,321.000,7z+hv5WDnSUYTapr,341.000,RAVUzYYMBq+gCXIY,351.000,sRrp0ZiEenIEqwEV,376.000,ahO5G+QMJW9JXaZF,470.000,ZNeI4CIi8cYNeSIl,471.000,8hVPVElPDyJLGNul,473.000,oDVDcsz2DDcqmuZv,659.000,mFtsU2NLbV393iPp,666.000,RQhhLWQoTrRIOUIj,,
9,161,2026-04-03T09:50:47.177Z,649.000,8,337.000,ZNeI4CIi8cYNeSIl,371.000,sRrp0ZiEenIEqwEV,426.000,RAVUzYYMBq+gCXIY,466.000,oDVDcsz2DDcqmuZv,629.000,RQhhLWQoTrRIOUIj,643.000,8hVPVElPDyJLGNul,805.000,ahO5G+QMJW9JXaZF,753.000,mFtsU2NLbV393iPp,,,,
9,162,2026-04-03T09:50:47.826Z,542.000,10,170.000,7z+hv5WDnSUYTapr,312.000,sRrp0ZiEenIEqwEV,327.000,RAVUzYYMBq+gCXIY,442.000,RQhhLWQoTrRIOUIj,462.000,ahO5G+QMJW9JXaZF,507.000,ZNeI4CIi8cYNeSIl,542.000,oDVDcsz2DDcqmuZv,675.000,jgBHfjfbNleko2Dt,682.000,mFtsU2NLbV393iPp,689.000,8hVPVElPDyJLGNul
9,163,2026-04-03T09:50:48.368Z,664.000,9,305.000,sRrp0ZiEenIEqwEV,425.000,7z+hv5WDnSUYTapr,448.000,RAVUzYYMBq+gCXIY,603.000,8hVPVElPDyJLGNul,655.000,oDVDcsz2DDcqmuZv,659.000,ZNeI4CIi8cYNeSIl,663.000,mFtsU2NLbV393iPp,675.000,ahO5G+QMJW9JXaZF,770.000,RQhhLWQoTrRIOUIj,,
9,164,2026-04-03T09:50:49.032Z,1063.000,8,391.000,RQhhLWQoTrRIOUIj,461.000,sRrp0ZiEenIEqwEV,472.000,ZNeI4CIi8cYNeSIl,485.000,RAVUzYYMBq+gCXIY,630.000,oDVDcsz2DDcqmuZv,1016.000,ahO5G+QMJW9JXaZF,1063.000,8hVPVElPDyJLGNul,1081.000,mFtsU2NLbV393iPp,,,,
9,165,2026-04-03T09:50:50.095Z,840.000,7,442.000,ahO5G+QMJW9JXaZF,478.000,RQhhLWQoTrRIOUIj,503.000,ZNeI4CIi8cYNeSIl,558.000,oDVDcsz2DDcqmuZv,632.000,RAVUzYYMBq+gCXIY,839.000,sRrp0ZiEenIEqwEV,841.000,7z+hv5WDnSUYTapr,,,,,,
9,166,2026-04-03T09:50:50.935Z,752.000,7,314.000,sRrp0ZiEenIEqwEV,490.000,RQhhLWQoTrRIOUIj,512.000,ZNeI4CIi8cYNeSIl,515.000,RAVUzYYMBq+gCXIY,747.000,mFtsU2NLbV393iPp,748.000,oDVDcsz2DDcqmuZv,751.000,ahO5G+QMJW9JXaZF,,,,,,
9,167,2026-04-03T09:50:51.687Z,1109.000,7,305.000,ZNeI4CIi8cYNeSIl,464.000,RAVUzYYMBq+gCXIY,599.000,sRrp0ZiEenIEqwEV,860.000,RQhhLWQoTrRIOUIj,971.000,oDVDcsz2DDcqmuZv,1036.000,jgBHfjfbNleko2Dt,1109.000,ahO5G+QMJW9JXaZF,,,,,,
9,168,2026-04-03T09:50:52.796Z,1065.000,8,696.000,sRrp0ZiEenIEqwEV,697.000,RAVUzYYMBq+gCXIY,829.000,oDVDcsz2DDcqmuZv,850.000,jgBHfjfbNleko2Dt,878.000,RQhhLWQoTrRIOUIj,1064.000,7z+hv5WDnSUYTapr,1065.000,ahO5G+QMJW9JXaZF,1145.000,mFtsU2NLbV393iPp,,,,
9,169,2026-04-03T09:50:53.861Z,1057.000,8,307.000,RAVUzYYMBq+gCXIY,458.000,7z+hv5WDnSUYTapr,745.000,RQhhLWQoTrRIOUIj,909.000,8hVPVElPDyJLGNul,944.000,jgBHfjfbNleko2Dt,989.000,oDVDcsz2DDcqmuZv,1058.000,sRrp0ZiEenIEqwEV,1183.000,ahO5G+QMJW9JXaZF,,,,
9,170,2026-04-03T09:50:54.918Z,1144.000,7,688.000,RAVUzYYMBq+gCXIY,914.000,oDVDcsz2DDcqmuZv,982.000,7z+hv5WDnSUYTapr,1050.000,sRrp0ZiEenIEqwEV,1081.000,RQhhLWQoTrRIOUIj,1120.000,ahO5G+QMJW9JXaZF,1144.000,mFtsU2NLbV393iPp,,,,,,
9,171,2026-04-03T09:50:56.062Z,1674.000,7,574.000,RAVUzYYMBq+gCXIY,881.000,oDVDcsz2DDcqmuZv,909.000,mFtsU2NLbV393iPp,969.000,7z+hv5WDnSUYTapr,1576.000,ZNeI4CIi8cYNeSIl,1578.000,sRrp0ZiEenIEqwEV,1674.000,RQhhLWQoTrRIOUIj,,,,,,
9,172,2026-04-03T09:50:57.736Z,2282.000,7,1095.000,sRrp0ZiEenIEqwEV,1250.000,RAVUzYYMBq+gCXIY,1472.000,7z+hv5WDnSUYTapr,1497.000,8hVPVElPDyJLGNul,1560.000,jgBHfjfbNleko2Dt,2113.000,ZNeI4CIi8cYNeSIl,2287.000,RQhhLWQoTrRIOUIj,,,,,,
9,173,2026-04-03T09:51:00.018Z,2378.000,8,999.000,ZNeI4CIi8cYNeSIl,1000.000,sRrp0ZiEenIEqwEV,1395.000,RAVUzYYMBq+gCXIY,1969.000,RQhhLWQoTrRIOUIj,2150.000,oDVDcsz2DDcqmuZv,2308.000,7z+hv5WDnSUYTapr,2378.000,8hVPVElPDyJLGNul,2680.000,mFtsU2NLbV393iPp,,,,
9,174,2026-04-03T09:51:02.396Z,2847.000,10,2495.000,RAVUzYYMBq+gCXIY,2651.000,ahO5G+QMJW9JXaZF,2727.000,sRrp0ZiEenIEqwEV,2772.000,8hVPVElPDyJLGNul,2844.000,oDVDcsz2DDcqmuZv,2845.000,7z+hv5WDnSUYTapr,2846.000,jgBHfjfbNleko2Dt,2848.000,ZNeI4CIi8cYNeSIl,2899.000,RQhhLWQoTrRIOUIj,2938.000,mFtsU2NLbV393iPp
9,175,2026-04-03T09:51:05.243Z,3141.000,9,2814.000,RAVUzYYMBq+gCXIY,2924.000,oDVDcsz2DDcqmuZv,2963.000,7z+hv5WDnSUYTapr,3011.000,ZNeI4CIi8cYNeSIl,3012.000,sRrp0ZiEenIEqwEV,3140.000,RQhhLWQoTrRIOUIj,3141.000,ahO5G+QMJW9JXaZF,3145.000,8hVPVElPDyJLGNul,3225.000,mFtsU2NLbV393iPp,,
9,176,2026-04-03T09:51:08.384Z,3697.000,8,2482.000,RAVUzYYMBq+gCXIY,2517.000,RQhhLWQoTrRIOUIj,2852.000,7z+hv5WDnSUYTapr,2933.000,8hVPVElPDyJLGNul,3017.000,jgBHfjfbNleko2Dt,3695.000,sRrp0ZiEenIEqwEV,3697.000,oDVDcsz2DDcqmuZv,3698.000,ZNeI4CIi8cYNeSIl,,,,
9,177,2026-04-03T09:51:12.081Z,4091.000,9,2919.000,ZNeI4CIi8cYNeSIl,3056.000,sRrp0ZiEenIEqwEV,3345.000,7z+hv5WDnSUYTapr,3421.000,mFtsU2NLbV393iPp,3897.000,RAVUzYYMBq+gCXIY,3993.000,RQhhLWQoTrRIOUIj,4091.000,oDVDcsz2DDcqmuZv,4398.000,8hVPVElPDyJLGNul,4322.000,jgBHfjfbNleko2Dt,,
9,178,2026-04-03T09:51:16.172Z,5591.000,7,3931.000,sRrp0ZiEenIEqwEV,3934.000,RAVUzYYMBq+gCXIY,4012.000,ZNeI4CIi8cYNeSIl,4101.000,RQhhLWQoTrRIOUIj,4498.000,jgBHfjfbNleko2Dt,4509.000,7z+hv5WDnSUYTapr,5594.000,mFtsU2NLbV393iPp,,,,,,
9,179,2026-04-03T09:51:21.763Z,4901.000,7,3505.000,ZNeI4CIi8cYNeSIl,4131.000,mFtsU2NLbV393iPp,4402.000,sRrp0ZiEenIEqwEV,4403.000,RAVUzYYMBq+gCXIY,4614.000,RQhhLWQoTrRIOUIj,4748.000,oDVDcsz2DDcqmuZv,4901.000,7z+hv5WDnSUYTapr,,,,,,
9,180,2026-04-03T09:51:26.664Z,5866.000,8,4796.000,RAVUzYYMBq+gCXIY,4943.000,7z+hv5WDnSUYTapr,5635.000,ZNeI4CIi8cYNeSIl,5659.000,8hVPVElPDyJLGNul,5712.000,ahO5G+QMJW9JXaZF,5716.000,sRrp0ZiEenIEqwEV,5866.000,oDVDcsz2DDcqmuZv,6118.000,jgBHfjfbNleko2Dt,,,,
9,181,2026-04-03T09:51:32.530Z,6382.000,8,6184.000,7z+hv5WDnSUYTapr,6186.000,sRrp0ZiEenIEqwEV,6229.000,RAVUzYYMBq+gCXIY,6261.000,oDVDcsz2DDcqmuZv,6264.000,ZNeI4CIi8cYNeSIl,6356.000,mFtsU2NLbV393iPp,6382.000,8hVPVElPDyJLGNul,6387.000,RQhhLWQoTrRIOUIj,,,,
9,182,2026-04-03T09:51:38.912Z,6896.000,8,6478.000,RQhhLWQoTrRIOUIj,6692.000,jgBHfjfbNleko2Dt,6705.000,mFtsU2NLbV393iPp,6765.000,8hVPVElPDyJLGNul,6804.000,sRrp0ZiEenIEqwEV,6805.000,ahO5G+QMJW9JXaZF,6896.000,7z+hv5WDnSUYTapr,6897.000,RAVUzYYMBq+gCXIY,,,,
9,183,2026-04-03T09:51:45.808Z,7705.000,7,6916.000,RAVUzYYMBq+gCXIY,7144.000,ZNeI4CIi8cYNeSIl,7619.000,jgBHfjfbNleko2Dt,7626.000,sRrp0ZiEenIEqwEV,7627.000,ahO5G+QMJW9JXaZF,7704.000,RQhhLWQoTrRIOUIj,7705.000,mFtsU2NLbV393iPp,,,,,,
9,184,2026-04-03T09:51:53.513Z,8189.000,7,7338.000,ahO5G+QMJW9JXaZF,7381.000,RQhhLWQoTrRIOUIj,7385.000,mFtsU2NLbV393iPp,7592.000,jgBHfjfbNleko2Dt,7998.000,ZNeI4CIi8cYNeSIl,8172.000,sRrp0ZiEenIEqwEV,8190.000,7z+hv5WDnSUYTapr,,,,,,
9,185,2026-04-03T09:52:01.702Z,,0,,,,,,,,,,,,,,,,,,,,
