Node_ID,Round,Round_Start_Time,Round_End_Time_ms,Certificate_Count,Certificate_1_Time_Delta_ms,Certificate_1_Origin,Certificate_2_Time_Delta_ms,Certificate_2_Origin,Certificate_3_Time_Delta_ms,Certificate_3_Origin,Certificate_4_Time_Delta_ms,Certificate_4_Origin,Certificate_5_Time_Delta_ms,Certificate_5_Origin,Certificate_6_Time_Delta_ms,Certificate_6_Origin,Certificate_7_Time_Delta_ms,Certificate_7_Origin,Certificate_8_Time_Delta_ms,Certificate_8_Origin,Certificate_9_Time_Delta_ms,Certificate_9_Origin,Certificate_10_Time_Delta_ms,Certificate_10_Origin
0,1,2026-04-04T02:25:56.286Z,13537.000,7,9442.000,376MU2u+8SnuxMQc,9786.000,j6cPpRGMZFLjdI+l,11225.000,BupgNPzH9jc0Eppp,11257.000,RghNkEQ73og/VlX2,12381.000,kpmavFL5xFvBXmeS,13445.000,kJub+myNVnivJPH0,13537.000,bMnaMQqFkOGHDp0m,,,,,,
0,2,2026-04-04T02:26:09.823Z,726.000,8,353.000,kJub+myNVnivJPH0,391.000,j6cPpRGMZFLjdI+l,396.000,BupgNPzH9jc0Eppp,397.000,376MU2u+8SnuxMQc,432.000,RghNkEQ73og/VlX2,480.000,kpmavFL5xFvBXmeS,726.000,bMnaMQqFkOGHDp0m,1054.000,Elp1NMBI12RMuA1d,,,,
0,3,2026-04-04T02:26:10.549Z,603.000,9,331.000,kJub+myNVnivJPH0,404.000,BupgNPzH9jc0Eppp,406.000,RghNkEQ73og/VlX2,408.000,376MU2u+8SnuxMQc,413.000,j6cPpRGMZFLjdI+l,481.000,kpmavFL5xFvBXmeS,603.000,saIe+uO82j5dyZ0p,682.000,bMnaMQqFkOGHDp0m,693.000,Elp1NMBI12RMuA1d,,
0,4,2026-04-04T02:26:11.152Z,483.000,10,360.000,saIe+uO82j5dyZ0p,390.000,j6cPpRGMZFLjdI+l,398.000,376MU2u+8SnuxMQc,404.000,BupgNPzH9jc0Eppp,405.000,kJub+myNVnivJPH0,450.000,RghNkEQ73og/VlX2,483.000,kpmavFL5xFvBXmeS,486.000,bMnaMQqFkOGHDp0m,587.000,Elp1NMBI12RMuA1d,763.000,UZJgGqNAd1DJ7a5N
0,5,2026-04-04T02:26:11.635Z,407.000,10,327.000,kJub+myNVnivJPH0,368.000,Elp1NMBI12RMuA1d,395.000,j6cPpRGMZFLjdI+l,403.000,RghNkEQ73og/VlX2,404.000,kpmavFL5xFvBXmeS,406.000,376MU2u+8SnuxMQc,407.000,saIe+uO82j5dyZ0p,408.000,BupgNPzH9jc0Eppp,451.000,bMnaMQqFkOGHDp0m,644.000,UZJgGqNAd1DJ7a5N
0,6,2026-04-04T02:26:12.042Z,418.000,10,335.000,kJub+myNVnivJPH0,402.000,BupgNPzH9jc0Eppp,403.000,RghNkEQ73og/VlX2,405.000,saIe+uO82j5dyZ0p,410.000,kpmavFL5xFvBXmeS,412.000,376MU2u+8SnuxMQc,418.000,j6cPpRGMZFLjdI+l,447.000,Elp1NMBI12RMuA1d,451.000,bMnaMQqFkOGHDp0m,501.000,UZJgGqNAd1DJ7a5N
0,7,2026-04-04T02:26:12.460Z,393.000,10,315.000,kJub+myNVnivJPH0,366.000,Elp1NMBI12RMuA1d,386.000,RghNkEQ73og/VlX2,387.000,BupgNPzH9jc0Eppp,388.000,UZJgGqNAd1DJ7a5N,391.000,j6cPpRGMZFLjdI+l,393.000,bMnaMQqFkOGHDp0m,394.000,376MU2u+8SnuxMQc,396.000,kpmavFL5xFvBXmeS,398.000,saIe+uO82j5dyZ0p
0,8,2026-04-04T02:26:12.853Z,408.000,10,326.000,kJub+myNVnivJPH0,400.000,j6cPpRGMZFLjdI+l,403.000,bMnaMQqFkOGHDp0m,404.000,RghNkEQ73og/VlX2,406.000,saIe+uO82j5dyZ0p,407.000,376MU2u+8SnuxMQc,408.000,BupgNPzH9jc0Eppp,418.000,kpmavFL5xFvBXmeS,453.000,Elp1NMBI12RMuA1d,489.000,UZJgGqNAd1DJ7a5N
0,9,2026-04-04T02:26:13.261Z,409.000,10,329.000,kJub+myNVnivJPH0,371.000,UZJgGqNAd1DJ7a5N,394.000,RghNkEQ73og/VlX2,397.000,j6cPpRGMZFLjdI+l,398.000,376MU2u+8SnuxMQc,406.000,kpmavFL5xFvBXmeS,409.000,bMnaMQqFkOGHDp0m,412.000,BupgNPzH9jc0Eppp,415.000,saIe+uO82j5dyZ0p,439.000,Elp1NMBI12RMuA1d
0,10,2026-04-04T02:26:13.670Z,410.000,10,327.000,kJub+myNVnivJPH0,368.000,UZJgGqNAd1DJ7a5N,405.000,376MU2u+8SnuxMQc,406.000,saIe+uO82j5dyZ0p,407.000,BupgNPzH9jc0Eppp,409.000,RghNkEQ73og/VlX2,410.000,j6cPpRGMZFLjdI+l,411.000,kpmavFL5xFvBXmeS,412.000,bMnaMQqFkOGHDp0m,414.000,Elp1NMBI12RMuA1d
0,11,2026-04-04T02:26:14.080Z,401.000,10,318.000,kJub+myNVnivJPH0,365.000,UZJgGqNAd1DJ7a5N,393.000,bMnaMQqFkOGHDp0m,397.000,Elp1NMBI12RMuA1d,399.000,j6cPpRGMZFLjdI+l,400.000,kpmavFL5xFvBXmeS,401.000,RghNkEQ73og/VlX2,402.000,saIe+uO82j5dyZ0p,404.000,376MU2u+8SnuxMQc,407.000,BupgNPzH9jc0Eppp
0,12,2026-04-04T02:26:14.481Z,408.000,10,326.000,kJub+myNVnivJPH0,395.000,bMnaMQqFkOGHDp0m,399.000,j6cPpRGMZFLjdI+l,401.000,kpmavFL5xFvBXmeS,404.000,Elp1NMBI12RMuA1d,405.000,BupgNPzH9jc0Eppp,408.000,UZJgGqNAd1DJ7a5N,409.000,RghNkEQ73og/VlX2,411.000,376MU2u+8SnuxMQc,412.000,saIe+uO82j5dyZ0p
0,13,2026-04-04T02:26:14.889Z,404.000,10,320.000,kJub+myNVnivJPH0,397.000,Elp1NMBI12RMuA1d,398.000,BupgNPzH9jc0Eppp,400.000,kpmavFL5xFvBXmeS,401.000,saIe+uO82j5dyZ0p,403.000,376MU2u+8SnuxMQc,404.000,bMnaMQqFkOGHDp0m,405.000,UZJgGqNAd1DJ7a5N,406.000,j6cPpRGMZFLjdI+l,408.000,RghNkEQ73og/VlX2
0,14,2026-04-04T02:26:15.293Z,406.000,10,322.000,kJub+myNVnivJPH0,398.000,376MU2u+8SnuxMQc,399.000,kpmavFL5xFvBXmeS,400.000,UZJgGqNAd1DJ7a5N,401.000,BupgNPzH9jc0Eppp,404.000,RghNkEQ73og/VlX2,406.000,Elp1NMBI12RMuA1d,407.000,saIe+uO82j5dyZ0p,409.000,bMnaMQqFkOGHDp0m,411.000,j6cPpRGMZFLjdI+l
0,15,2026-04-04T02:26:15.699Z,408.000,10,323.000,kJub+myNVnivJPH0,397.000,kpmavFL5xFvBXmeS,403.000,bMnaMQqFkOGHDp0m,404.000,RghNkEQ73og/VlX2,405.000,Elp1NMBI12RMuA1d,407.000,saIe+uO82j5dyZ0p,408.000,376MU2u+8SnuxMQc,409.000,BupgNPzH9jc0Eppp,410.000,j6cPpRGMZFLjdI+l,412.000,UZJgGqNAd1DJ7a5N
0,16,2026-04-04T02:26:16.107Z,406.000,10,321.000,kJub+myNVnivJPH0,400.000,376MU2u+8SnuxMQc,401.000,j6cPpRGMZFLjdI+l,402.000,BupgNPzH9jc0Eppp,403.000,kpmavFL5xFvBXmeS,405.000,UZJgGqNAd1DJ7a5N,406.000,Elp1NMBI12RMuA1d,407.000,bMnaMQqFkOGHDp0m,409.000,RghNkEQ73og/VlX2,416.000,saIe+uO82j5dyZ0p
0,17,2026-04-04T02:26:16.513Z,404.000,10,323.000,kJub+myNVnivJPH0,394.000,376MU2u+8SnuxMQc,395.000,BupgNPzH9jc0Eppp,399.000,kpmavFL5xFvBXmeS,401.000,Elp1NMBI12RMuA1d,402.000,UZJgGqNAd1DJ7a5N,403.000,bMnaMQqFkOGHDp0m,405.000,saIe+uO82j5dyZ0p,406.000,RghNkEQ73og/VlX2,407.000,j6cPpRGMZFLjdI+l
0,18,2026-04-04T02:26:16.917Z,410.000,10,328.000,kJub+myNVnivJPH0,399.000,UZJgGqNAd1DJ7a5N,404.000,kpmavFL5xFvBXmeS,405.000,Elp1NMBI12RMuA1d,406.000,saIe+uO82j5dyZ0p,408.000,BupgNPzH9jc0Eppp,409.000,bMnaMQqFkOGHDp0m,411.000,376MU2u+8SnuxMQc,412.000,j6cPpRGMZFLjdI+l,419.000,RghNkEQ73og/VlX2
0,19,2026-04-04T02:26:17.327Z,403.000,10,321.000,kJub+myNVnivJPH0,396.000,bMnaMQqFkOGHDp0m,398.000,UZJgGqNAd1DJ7a5N,399.000,376MU2u+8SnuxMQc,401.000,Elp1NMBI12RMuA1d,402.000,saIe+uO82j5dyZ0p,403.000,j6cPpRGMZFLjdI+l,404.000,BupgNPzH9jc0Eppp,407.000,kpmavFL5xFvBXmeS,410.000,RghNkEQ73og/VlX2
0,20,2026-04-04T02:26:17.730Z,407.000,10,326.000,kJub+myNVnivJPH0,399.000,Elp1NMBI12RMuA1d,400.000,376MU2u+8SnuxMQc,401.000,j6cPpRGMZFLjdI+l,402.000,saIe+uO82j5dyZ0p,406.000,BupgNPzH9jc0Eppp,407.000,RghNkEQ73og/VlX2,408.000,UZJgGqNAd1DJ7a5N,412.000,kpmavFL5xFvBXmeS,415.000,bMnaMQqFkOGHDp0m
0,21,2026-04-04T02:26:18.137Z,404.000,10,323.000,kJub+myNVnivJPH0,394.000,j6cPpRGMZFLjdI+l,397.000,kpmavFL5xFvBXmeS,398.000,376MU2u+8SnuxMQc,399.000,BupgNPzH9jc0Eppp,402.000,Elp1NMBI12RMuA1d,404.000,bMnaMQqFkOGHDp0m,405.000,RghNkEQ73og/VlX2,407.000,UZJgGqNAd1DJ7a5N,411.000,saIe+uO82j5dyZ0p
0,22,2026-04-04T02:26:18.541Z,408.000,10,327.000,kJub+myNVnivJPH0,398.000,saIe+uO82j5dyZ0p,402.000,j6cPpRGMZFLjdI+l,404.000,UZJgGqNAd1DJ7a5N,405.000,Elp1NMBI12RMuA1d,407.000,376MU2u+8SnuxMQc,408.000,kpmavFL5xFvBXmeS,409.000,RghNkEQ73og/VlX2,411.000,bMnaMQqFkOGHDp0m,414.000,BupgNPzH9jc0Eppp
0,23,2026-04-04T02:26:18.949Z,409.000,10,324.000,kJub+myNVnivJPH0,396.000,kpmavFL5xFvBXmeS,402.000,saIe+uO82j5dyZ0p,403.000,UZJgGqNAd1DJ7a5N,405.000,bMnaMQqFkOGHDp0m,407.000,RghNkEQ73og/VlX2,409.000,BupgNPzH9jc0Eppp,410.000,Elp1NMBI12RMuA1d,412.000,376MU2u+8SnuxMQc,414.000,j6cPpRGMZFLjdI+l
0,24,2026-04-04T02:26:19.358Z,405.000,10,321.000,kJub+myNVnivJPH0,392.000,UZJgGqNAd1DJ7a5N,396.000,saIe+uO82j5dyZ0p,397.000,RghNkEQ73og/VlX2,401.000,BupgNPzH9jc0Eppp,403.000,376MU2u+8SnuxMQc,405.000,j6cPpRGMZFLjdI+l,406.000,bMnaMQqFkOGHDp0m,407.000,kpmavFL5xFvBXmeS,409.000,Elp1NMBI12RMuA1d
0,25,2026-04-04T02:26:19.763Z,404.000,10,322.000,kJub+myNVnivJPH0,394.000,BupgNPzH9jc0Eppp,398.000,kpmavFL5xFvBXmeS,400.000,RghNkEQ73og/VlX2,401.000,saIe+uO82j5dyZ0p,402.000,Elp1NMBI12RMuA1d,403.000,376MU2u+8SnuxMQc,406.000,j6cPpRGMZFLjdI+l,407.000,bMnaMQqFkOGHDp0m,409.000,UZJgGqNAd1DJ7a5N
0,26,2026-04-04T02:26:20.167Z,406.000,10,323.000,kJub+myNVnivJPH0,399.000,j6cPpRGMZFLjdI+l,401.000,Elp1NMBI12RMuA1d,402.000,kpmavFL5xFvBXmeS,403.000,RghNkEQ73og/VlX2,404.000,376MU2u+8SnuxMQc,406.000,BupgNPzH9jc0Eppp,407.000,bMnaMQqFkOGHDp0m,408.000,saIe+uO82j5dyZ0p,409.000,UZJgGqNAd1DJ7a5N
0,27,2026-04-04T02:26:20.573Z,408.000,10,326.000,kJub+myNVnivJPH0,400.000,UZJgGqNAd1DJ7a5N,402.000,Elp1NMBI12RMuA1d,404.000,bMnaMQqFkOGHDp0m,405.000,376MU2u+8SnuxMQc,406.000,RghNkEQ73og/VlX2,408.000,kpmavFL5xFvBXmeS,410.000,BupgNPzH9jc0Eppp,411.000,saIe+uO82j5dyZ0p,412.000,j6cPpRGMZFLjdI+l
0,28,2026-04-04T02:26:20.981Z,407.000,10,323.000,kJub+myNVnivJPH0,400.000,376MU2u+8SnuxMQc,402.000,BupgNPzH9jc0Eppp,403.000,saIe+uO82j5dyZ0p,404.000,RghNkEQ73og/VlX2,406.000,bMnaMQqFkOGHDp0m,407.000,UZJgGqNAd1DJ7a5N,408.000,Elp1NMBI12RMuA1d,409.000,j6cPpRGMZFLjdI+l,411.000,kpmavFL5xFvBXmeS
0,29,2026-04-04T02:26:21.388Z,406.000,10,321.000,kJub+myNVnivJPH0,391.000,saIe+uO82j5dyZ0p,401.000,kpmavFL5xFvBXmeS,402.000,j6cPpRGMZFLjdI+l,403.000,BupgNPzH9jc0Eppp,405.000,376MU2u+8SnuxMQc,406.000,RghNkEQ73og/VlX2,407.000,UZJgGqNAd1DJ7a5N,409.000,Elp1NMBI12RMuA1d,416.000,bMnaMQqFkOGHDp0m
0,30,2026-04-04T02:26:21.794Z,407.000,10,326.000,kJub+myNVnivJPH0,400.000,BupgNPzH9jc0Eppp,402.000,bMnaMQqFkOGHDp0m,403.000,Elp1NMBI12RMuA1d,404.000,UZJgGqNAd1DJ7a5N,405.000,saIe+uO82j5dyZ0p,407.000,j6cPpRGMZFLjdI+l,411.000,RghNkEQ73og/VlX2,412.000,kpmavFL5xFvBXmeS,415.000,376MU2u+8SnuxMQc
0,31,2026-04-04T02:26:22.201Z,407.000,10,325.000,kJub+myNVnivJPH0,392.000,BupgNPzH9jc0Eppp,397.000,kpmavFL5xFvBXmeS,401.000,j6cPpRGMZFLjdI+l,403.000,RghNkEQ73og/VlX2,404.000,UZJgGqNAd1DJ7a5N,407.000,376MU2u+8SnuxMQc,409.000,Elp1NMBI12RMuA1d,411.000,saIe+uO82j5dyZ0p,413.000,bMnaMQqFkOGHDp0m
0,32,2026-04-04T02:26:22.608Z,406.000,10,323.000,kJub+myNVnivJPH0,398.000,kpmavFL5xFvBXmeS,400.000,saIe+uO82j5dyZ0p,401.000,j6cPpRGMZFLjdI+l,402.000,RghNkEQ73og/VlX2,404.000,BupgNPzH9jc0Eppp,405.000,Elp1NMBI12RMuA1d,407.000,376MU2u+8SnuxMQc,411.000,UZJgGqNAd1DJ7a5N,414.000,bMnaMQqFkOGHDp0m
0,33,2026-04-04T02:26:23.014Z,410.000,10,325.000,kJub+myNVnivJPH0,404.000,BupgNPzH9jc0Eppp,405.000,RghNkEQ73og/VlX2,406.000,UZJgGqNAd1DJ7a5N,408.000,376MU2u+8SnuxMQc,409.000,Elp1NMBI12RMuA1d,410.000,j6cPpRGMZFLjdI+l,411.000,saIe+uO82j5dyZ0p,413.000,bMnaMQqFkOGHDp0m,414.000,kpmavFL5xFvBXmeS
0,34,2026-04-04T02:26:23.424Z,406.000,10,319.000,kJub+myNVnivJPH0,393.000,kpmavFL5xFvBXmeS,395.000,saIe+uO82j5dyZ0p,396.000,RghNkEQ73og/VlX2,398.000,Elp1NMBI12RMuA1d,399.000,376MU2u+8SnuxMQc,406.000,j6cPpRGMZFLjdI+l,407.000,UZJgGqNAd1DJ7a5N,408.000,BupgNPzH9jc0Eppp,412.000,bMnaMQqFkOGHDp0m
0,35,2026-04-04T02:26:23.830Z,404.000,10,320.000,kJub+myNVnivJPH0,394.000,UZJgGqNAd1DJ7a5N,397.000,376MU2u+8SnuxMQc,399.000,bMnaMQqFkOGHDp0m,402.000,Elp1NMBI12RMuA1d,403.000,RghNkEQ73og/VlX2,404.000,BupgNPzH9jc0Eppp,406.000,kpmavFL5xFvBXmeS,407.000,j6cPpRGMZFLjdI+l,408.000,saIe+uO82j5dyZ0p
0,36,2026-04-04T02:26:24.234Z,406.000,10,325.000,kJub+myNVnivJPH0,394.000,j6cPpRGMZFLjdI+l,395.000,UZJgGqNAd1DJ7a5N,398.000,BupgNPzH9jc0Eppp,403.000,saIe+uO82j5dyZ0p,405.000,kpmavFL5xFvBXmeS,406.000,bMnaMQqFkOGHDp0m,408.000,RghNkEQ73og/VlX2,409.000,376MU2u+8SnuxMQc,419.000,Elp1NMBI12RMuA1d
0,37,2026-04-04T02:26:24.640Z,654.000,7,340.000,Elp1NMBI12RMuA1d,434.000,UZJgGqNAd1DJ7a5N,440.000,bMnaMQqFkOGHDp0m,505.000,RghNkEQ73og/VlX2,575.000,376MU2u+8SnuxMQc,625.000,j6cPpRGMZFLjdI+l,652.000,saIe+uO82j5dyZ0p,,,,,,
0,38,2026-04-04T02:26:25.294Z,679.000,9,490.000,kJub+myNVnivJPH0,560.000,BupgNPzH9jc0Eppp,574.000,RghNkEQ73og/VlX2,619.000,j6cPpRGMZFLjdI+l,629.000,376MU2u+8SnuxMQc,662.000,saIe+uO82j5dyZ0p,672.000,Elp1NMBI12RMuA1d,687.000,UZJgGqNAd1DJ7a5N,1103.000,kpmavFL5xFvBXmeS,,
0,39,2026-04-04T02:26:25.973Z,744.000,10,551.000,Elp1NMBI12RMuA1d,564.000,kJub+myNVnivJPH0,593.000,UZJgGqNAd1DJ7a5N,620.000,BupgNPzH9jc0Eppp,655.000,saIe+uO82j5dyZ0p,680.000,kpmavFL5xFvBXmeS,730.000,j6cPpRGMZFLjdI+l,747.000,RghNkEQ73og/VlX2,821.000,376MU2u+8SnuxMQc,860.000,bMnaMQqFkOGHDp0m
0,40,2026-04-04T02:26:26.717Z,823.000,10,597.000,kJub+myNVnivJPH0,683.000,bMnaMQqFkOGHDp0m,724.000,BupgNPzH9jc0Eppp,736.000,376MU2u+8SnuxMQc,767.000,kpmavFL5xFvBXmeS,795.000,j6cPpRGMZFLjdI+l,807.000,RghNkEQ73og/VlX2,844.000,saIe+uO82j5dyZ0p,902.000,Elp1NMBI12RMuA1d,923.000,UZJgGqNAd1DJ7a5N
0,41,2026-04-04T02:26:27.540Z,948.000,10,746.000,kJub+myNVnivJPH0,800.000,kpmavFL5xFvBXmeS,831.000,bMnaMQqFkOGHDp0m,845.000,Elp1NMBI12RMuA1d,890.000,j6cPpRGMZFLjdI+l,905.000,376MU2u+8SnuxMQc,935.000,saIe+uO82j5dyZ0p,952.000,RghNkEQ73og/VlX2,968.000,UZJgGqNAd1DJ7a5N,1146.000,BupgNPzH9jc0Eppp
0,42,2026-04-04T02:26:28.488Z,1250.000,10,719.000,376MU2u+8SnuxMQc,767.000,bMnaMQqFkOGHDp0m,889.000,kJub+myNVnivJPH0,1063.000,saIe+uO82j5dyZ0p,1085.000,UZJgGqNAd1DJ7a5N,1166.000,RghNkEQ73og/VlX2,1224.000,BupgNPzH9jc0Eppp,1277.000,kpmavFL5xFvBXmeS,1310.000,j6cPpRGMZFLjdI+l,1466.000,Elp1NMBI12RMuA1d
0,43,2026-04-04T02:26:29.738Z,1178.000,10,810.000,kJub+myNVnivJPH0,978.000,BupgNPzH9jc0Eppp,997.000,Elp1NMBI12RMuA1d,1046.000,saIe+uO82j5dyZ0p,1088.000,j6cPpRGMZFLjdI+l,1127.000,bMnaMQqFkOGHDp0m,1166.000,kpmavFL5xFvBXmeS,1184.000,RghNkEQ73og/VlX2,1215.000,376MU2u+8SnuxMQc,1309.000,UZJgGqNAd1DJ7a5N
0,44,2026-04-04T02:26:30.916Z,1212.000,10,910.000,kJub+myNVnivJPH0,939.000,RghNkEQ73og/VlX2,967.000,376MU2u+8SnuxMQc,1027.000,Elp1NMBI12RMuA1d,1080.000,bMnaMQqFkOGHDp0m,1099.000,UZJgGqNAd1DJ7a5N,1195.000,kpmavFL5xFvBXmeS,1240.000,BupgNPzH9jc0Eppp,1283.000,j6cPpRGMZFLjdI+l,1326.000,saIe+uO82j5dyZ0p
0,45,2026-04-04T02:26:32.128Z,1092.000,10,914.000,kpmavFL5xFvBXmeS,938.000,Elp1NMBI12RMuA1d,960.000,376MU2u+8SnuxMQc,977.000,kJub+myNVnivJPH0,1019.000,j6cPpRGMZFLjdI+l,1040.000,RghNkEQ73og/VlX2,1081.000,UZJgGqNAd1DJ7a5N,1122.000,saIe+uO82j5dyZ0p,1216.000,bMnaMQqFkOGHDp0m,1461.000,BupgNPzH9jc0Eppp
0,46,2026-04-04T02:26:33.220Z,1052.000,10,687.000,Elp1NMBI12RMuA1d,707.000,kJub+myNVnivJPH0,879.000,376MU2u+8SnuxMQc,897.000,UZJgGqNAd1DJ7a5N,930.000,saIe+uO82j5dyZ0p,1016.000,bMnaMQqFkOGHDp0m,1032.000,RghNkEQ73og/VlX2,1180.000,BupgNPzH9jc0Eppp,1225.000,j6cPpRGMZFLjdI+l,1383.000,kpmavFL5xFvBXmeS
0,47,2026-04-04T02:26:34.272Z,1052.000,10,779.000,kJub+myNVnivJPH0,815.000,376MU2u+8SnuxMQc,850.000,bMnaMQqFkOGHDp0m,930.000,j6cPpRGMZFLjdI+l,965.000,BupgNPzH9jc0Eppp,1002.000,UZJgGqNAd1DJ7a5N,1045.000,Elp1NMBI12RMuA1d,1154.000,RghNkEQ73og/VlX2,1218.000,saIe+uO82j5dyZ0p,1308.000,kpmavFL5xFvBXmeS
0,48,2026-04-04T02:26:35.324Z,1103.000,10,786.000,kJub+myNVnivJPH0,890.000,kpmavFL5xFvBXmeS,910.000,UZJgGqNAd1DJ7a5N,1006.000,saIe+uO82j5dyZ0p,1031.000,Elp1NMBI12RMuA1d,1070.000,376MU2u+8SnuxMQc,1090.000,RghNkEQ73og/VlX2,1139.000,BupgNPzH9jc0Eppp,1232.000,bMnaMQqFkOGHDp0m,1272.000,j6cPpRGMZFLjdI+l
0,49,2026-04-04T02:26:36.427Z,995.000,10,747.000,kJub+myNVnivJPH0,835.000,Elp1NMBI12RMuA1d,877.000,saIe+uO82j5dyZ0p,892.000,UZJgGqNAd1DJ7a5N,938.000,j6cPpRGMZFLjdI+l,958.000,376MU2u+8SnuxMQc,978.000,RghNkEQ73og/VlX2,1040.000,BupgNPzH9jc0Eppp,1079.000,bMnaMQqFkOGHDp0m,1184.000,kpmavFL5xFvBXmeS
0,50,2026-04-04T02:26:37.422Z,923.000,10,669.000,kJub+myNVnivJPH0,704.000,376MU2u+8SnuxMQc,743.000,Elp1NMBI12RMuA1d,759.000,RghNkEQ73og/VlX2,856.000,kpmavFL5xFvBXmeS,893.000,j6cPpRGMZFLjdI+l,913.000,UZJgGqNAd1DJ7a5N,974.000,BupgNPzH9jc0Eppp,1007.000,bMnaMQqFkOGHDp0m,1323.000,saIe+uO82j5dyZ0p
0,51,2026-04-04T02:26:38.345Z,981.000,10,670.000,376MU2u+8SnuxMQc,719.000,kJub+myNVnivJPH0,820.000,bMnaMQqFkOGHDp0m,839.000,Elp1NMBI12RMuA1d,882.000,UZJgGqNAd1DJ7a5N,912.000,j6cPpRGMZFLjdI+l,939.000,saIe+uO82j5dyZ0p,999.000,kpmavFL5xFvBXmeS,1075.000,RghNkEQ73og/VlX2,1147.000,BupgNPzH9jc0Eppp
0,52,2026-04-04T02:26:39.326Z,890.000,10,610.000,kJub+myNVnivJPH0,679.000,UZJgGqNAd1DJ7a5N,720.000,Elp1NMBI12RMuA1d,775.000,bMnaMQqFkOGHDp0m,812.000,j6cPpRGMZFLjdI+l,844.000,BupgNPzH9jc0Eppp,879.000,kpmavFL5xFvBXmeS,912.000,saIe+uO82j5dyZ0p,990.000,RghNkEQ73og/VlX2,1209.000,376MU2u+8SnuxMQc
0,53,2026-04-04T02:26:40.216Z,889.000,10,635.000,kJub+myNVnivJPH0,692.000,j6cPpRGMZFLjdI+l,783.000,kpmavFL5xFvBXmeS,816.000,saIe+uO82j5dyZ0p,831.000,Elp1NMBI12RMuA1d,848.000,UZJgGqNAd1DJ7a5N,878.000,BupgNPzH9jc0Eppp,911.000,bMnaMQqFkOGHDp0m,978.000,376MU2u+8SnuxMQc,1184.000,RghNkEQ73og/VlX2
0,54,2026-04-04T02:26:41.105Z,1084.000,10,767.000,kJub+myNVnivJPH0,830.000,Elp1NMBI12RMuA1d,919.000,j6cPpRGMZFLjdI+l,939.000,UZJgGqNAd1DJ7a5N,987.000,saIe+uO82j5dyZ0p,1021.000,kpmavFL5xFvBXmeS,1061.000,bMnaMQqFkOGHDp0m,1088.000,376MU2u+8SnuxMQc,1128.000,BupgNPzH9jc0Eppp,1765.000,RghNkEQ73og/VlX2
0,55,2026-04-04T02:26:42.189Z,995.000,10,806.000,saIe+uO82j5dyZ0p,826.000,kJub+myNVnivJPH0,877.000,bMnaMQqFkOGHDp0m,912.000,j6cPpRGMZFLjdI+l,945.000,kpmavFL5xFvBXmeS,961.000,376MU2u+8SnuxMQc,986.000,Elp1NMBI12RMuA1d,1074.000,UZJgGqNAd1DJ7a5N,1177.000,BupgNPzH9jc0Eppp,1735.000,RghNkEQ73og/VlX2
0,56,2026-04-04T02:26:43.184Z,1032.000,10,450.000,kJub+myNVnivJPH0,722.000,Elp1NMBI12RMuA1d,829.000,UZJgGqNAd1DJ7a5N,845.000,376MU2u+8SnuxMQc,893.000,kpmavFL5xFvBXmeS,979.000,j6cPpRGMZFLjdI+l,1018.000,saIe+uO82j5dyZ0p,1260.000,bMnaMQqFkOGHDp0m,1449.000,BupgNPzH9jc0Eppp,1943.000,RghNkEQ73og/VlX2
0,57,2026-04-04T02:26:44.216Z,1087.000,10,716.000,376MU2u+8SnuxMQc,776.000,j6cPpRGMZFLjdI+l,794.000,kJub+myNVnivJPH0,854.000,kpmavFL5xFvBXmeS,887.000,UZJgGqNAd1DJ7a5N,969.000,Elp1NMBI12RMuA1d,1074.000,saIe+uO82j5dyZ0p,1407.000,BupgNPzH9jc0Eppp,1676.000,bMnaMQqFkOGHDp0m,1839.000,RghNkEQ73og/VlX2
0,58,2026-04-04T02:26:45.303Z,941.000,10,611.000,kJub+myNVnivJPH0,714.000,Elp1NMBI12RMuA1d,736.000,376MU2u+8SnuxMQc,830.000,saIe+uO82j5dyZ0p,851.000,UZJgGqNAd1DJ7a5N,888.000,j6cPpRGMZFLjdI+l,925.000,kpmavFL5xFvBXmeS,1188.000,BupgNPzH9jc0Eppp,1372.000,bMnaMQqFkOGHDp0m,1909.000,RghNkEQ73og/VlX2
0,59,2026-04-04T02:26:46.244Z,1039.000,9,358.000,UZJgGqNAd1DJ7a5N,384.000,kJub+myNVnivJPH0,499.000,j6cPpRGMZFLjdI+l,788.000,Elp1NMBI12RMuA1d,842.000,saIe+uO82j5dyZ0p,917.000,376MU2u+8SnuxMQc,1025.000,kpmavFL5xFvBXmeS,1246.000,BupgNPzH9jc0Eppp,1279.000,bMnaMQqFkOGHDp0m,,
0,60,2026-04-04T02:26:47.283Z,959.000,9,672.000,kJub+myNVnivJPH0,710.000,376MU2u+8SnuxMQc,821.000,kpmavFL5xFvBXmeS,841.000,UZJgGqNAd1DJ7a5N,879.000,saIe+uO82j5dyZ0p,896.000,Elp1NMBI12RMuA1d,946.000,j6cPpRGMZFLjdI+l,1272.000,BupgNPzH9jc0Eppp,1397.000,bMnaMQqFkOGHDp0m,,
0,61,2026-04-04T02:26:48.242Z,1205.000,10,819.000,kJub+myNVnivJPH0,852.000,Elp1NMBI12RMuA1d,905.000,saIe+uO82j5dyZ0p,947.000,j6cPpRGMZFLjdI+l,966.000,376MU2u+8SnuxMQc,1121.000,UZJgGqNAd1DJ7a5N,1189.000,kpmavFL5xFvBXmeS,1333.000,bMnaMQqFkOGHDp0m,1712.000,BupgNPzH9jc0Eppp,2552.000,RghNkEQ73og/VlX2
0,62,2026-04-04T02:26:49.447Z,950.000,9,663.000,kJub+myNVnivJPH0,724.000,UZJgGqNAd1DJ7a5N,752.000,376MU2u+8SnuxMQc,773.000,Elp1NMBI12RMuA1d,868.000,saIe+uO82j5dyZ0p,907.000,j6cPpRGMZFLjdI+l,940.000,bMnaMQqFkOGHDp0m,974.000,kpmavFL5xFvBXmeS,1127.000,BupgNPzH9jc0Eppp,,
0,63,2026-04-04T02:26:50.397Z,1129.000,9,745.000,kJub+myNVnivJPH0,944.000,bMnaMQqFkOGHDp0m,1020.000,saIe+uO82j5dyZ0p,1039.000,Elp1NMBI12RMuA1d,1084.000,j6cPpRGMZFLjdI+l,1102.000,UZJgGqNAd1DJ7a5N,1121.000,376MU2u+8SnuxMQc,1357.000,kpmavFL5xFvBXmeS,1393.000,BupgNPzH9jc0Eppp,,
0,64,2026-04-04T02:26:51.526Z,1062.000,9,660.000,kJub+myNVnivJPH0,690.000,Elp1NMBI12RMuA1d,711.000,UZJgGqNAd1DJ7a5N,836.000,376MU2u+8SnuxMQc,916.000,j6cPpRGMZFLjdI+l,955.000,saIe+uO82j5dyZ0p,1046.000,kpmavFL5xFvBXmeS,1101.000,bMnaMQqFkOGHDp0m,1192.000,BupgNPzH9jc0Eppp,,
0,65,2026-04-04T02:26:52.588Z,1376.000,9,749.000,kJub+myNVnivJPH0,857.000,j6cPpRGMZFLjdI+l,876.000,376MU2u+8SnuxMQc,919.000,bMnaMQqFkOGHDp0m,937.000,UZJgGqNAd1DJ7a5N,1327.000,saIe+uO82j5dyZ0p,1363.000,kpmavFL5xFvBXmeS,1381.000,Elp1NMBI12RMuA1d,1479.000,BupgNPzH9jc0Eppp,,
0,66,2026-04-04T02:26:53.964Z,924.000,9,722.000,UZJgGqNAd1DJ7a5N,755.000,bMnaMQqFkOGHDp0m,791.000,kpmavFL5xFvBXmeS,811.000,376MU2u+8SnuxMQc,850.000,BupgNPzH9jc0Eppp,871.000,Elp1NMBI12RMuA1d,903.000,kJub+myNVnivJPH0,1051.000,saIe+uO82j5dyZ0p,1094.000,j6cPpRGMZFLjdI+l,,
0,67,2026-04-04T02:26:54.888Z,893.000,10,589.000,j6cPpRGMZFLjdI+l,628.000,saIe+uO82j5dyZ0p,718.000,Elp1NMBI12RMuA1d,737.000,kJub+myNVnivJPH0,807.000,UZJgGqNAd1DJ7a5N,838.000,BupgNPzH9jc0Eppp,881.000,kpmavFL5xFvBXmeS,902.000,376MU2u+8SnuxMQc,1335.000,bMnaMQqFkOGHDp0m,1510.000,RghNkEQ73og/VlX2
0,68,2026-04-04T02:26:55.781Z,1168.000,10,677.000,kJub+myNVnivJPH0,701.000,UZJgGqNAd1DJ7a5N,727.000,376MU2u+8SnuxMQc,753.000,Elp1NMBI12RMuA1d,883.000,kpmavFL5xFvBXmeS,950.000,j6cPpRGMZFLjdI+l,1156.000,saIe+uO82j5dyZ0p,1674.000,BupgNPzH9jc0Eppp,1715.000,bMnaMQqFkOGHDp0m,1859.000,RghNkEQ73og/VlX2
0,69,2026-04-04T02:26:56.949Z,1444.000,10,1201.000,Elp1NMBI12RMuA1d,1236.000,376MU2u+8SnuxMQc,1270.000,bMnaMQqFkOGHDp0m,1290.000,UZJgGqNAd1DJ7a5N,1354.000,saIe+uO82j5dyZ0p,1397.000,BupgNPzH9jc0Eppp,1416.000,kJub+myNVnivJPH0,1497.000,j6cPpRGMZFLjdI+l,1616.000,kpmavFL5xFvBXmeS,1640.000,RghNkEQ73og/VlX2
0,70,2026-04-04T02:26:58.393Z,997.000,10,786.000,kpmavFL5xFvBXmeS,819.000,j6cPpRGMZFLjdI+l,854.000,bMnaMQqFkOGHDp0m,872.000,Elp1NMBI12RMuA1d,925.000,BupgNPzH9jc0Eppp,946.000,376MU2u+8SnuxMQc,984.000,UZJgGqNAd1DJ7a5N,1011.000,kJub+myNVnivJPH0,1099.000,RghNkEQ73og/VlX2,1186.000,saIe+uO82j5dyZ0p
0,71,2026-04-04T02:26:59.390Z,1090.000,10,694.000,376MU2u+8SnuxMQc,715.000,Elp1NMBI12RMuA1d,748.000,kpmavFL5xFvBXmeS,788.000,j6cPpRGMZFLjdI+l,864.000,BupgNPzH9jc0Eppp,881.000,kJub+myNVnivJPH0,1076.000,UZJgGqNAd1DJ7a5N,1123.000,saIe+uO82j5dyZ0p,1194.000,RghNkEQ73og/VlX2,1232.000,bMnaMQqFkOGHDp0m
0,72,2026-04-04T02:27:00.480Z,896.000,10,703.000,bMnaMQqFkOGHDp0m,749.000,kpmavFL5xFvBXmeS,771.000,kJub+myNVnivJPH0,798.000,Elp1NMBI12RMuA1d,823.000,UZJgGqNAd1DJ7a5N,840.000,376MU2u+8SnuxMQc,879.000,j6cPpRGMZFLjdI+l,923.000,saIe+uO82j5dyZ0p,972.000,BupgNPzH9jc0Eppp,1267.000,RghNkEQ73og/VlX2
0,73,2026-04-04T02:27:01.376Z,911.000,10,678.000,kJub+myNVnivJPH0,717.000,saIe+uO82j5dyZ0p,752.000,BupgNPzH9jc0Eppp,769.000,376MU2u+8SnuxMQc,793.000,Elp1NMBI12RMuA1d,829.000,UZJgGqNAd1DJ7a5N,898.000,j6cPpRGMZFLjdI+l,1053.000,kpmavFL5xFvBXmeS,1178.000,RghNkEQ73og/VlX2,1394.000,bMnaMQqFkOGHDp0m
0,74,2026-04-04T02:27:02.287Z,1007.000,10,740.000,kJub+myNVnivJPH0,793.000,j6cPpRGMZFLjdI+l,808.000,Elp1NMBI12RMuA1d,829.000,376MU2u+8SnuxMQc,850.000,UZJgGqNAd1DJ7a5N,950.000,saIe+uO82j5dyZ0p,994.000,kpmavFL5xFvBXmeS,1033.000,BupgNPzH9jc0Eppp,1642.000,RghNkEQ73og/VlX2,1887.000,bMnaMQqFkOGHDp0m
0,75,2026-04-04T02:27:03.294Z,1373.000,10,1200.000,kpmavFL5xFvBXmeS,1216.000,kJub+myNVnivJPH0,1238.000,376MU2u+8SnuxMQc,1254.000,UZJgGqNAd1DJ7a5N,1283.000,bMnaMQqFkOGHDp0m,1301.000,Elp1NMBI12RMuA1d,1359.000,j6cPpRGMZFLjdI+l,1483.000,saIe+uO82j5dyZ0p,1662.000,RghNkEQ73og/VlX2,1869.000,BupgNPzH9jc0Eppp
0,76,2026-04-04T02:27:04.667Z,1227.000,10,712.000,kJub+myNVnivJPH0,969.000,376MU2u+8SnuxMQc,995.000,Elp1NMBI12RMuA1d,1019.000,UZJgGqNAd1DJ7a5N,1071.000,j6cPpRGMZFLjdI+l,1165.000,bMnaMQqFkOGHDp0m,1214.000,kpmavFL5xFvBXmeS,1233.000,RghNkEQ73og/VlX2,1283.000,saIe+uO82j5dyZ0p,1408.000,BupgNPzH9jc0Eppp
0,77,2026-04-04T02:27:05.894Z,1311.000,10,955.000,kJub+myNVnivJPH0,982.000,Elp1NMBI12RMuA1d,1013.000,UZJgGqNAd1DJ7a5N,1105.000,376MU2u+8SnuxMQc,1200.000,BupgNPzH9jc0Eppp,1248.000,j6cPpRGMZFLjdI+l,1295.000,kpmavFL5xFvBXmeS,1339.000,bMnaMQqFkOGHDp0m,1840.000,saIe+uO82j5dyZ0p,1936.000,RghNkEQ73og/VlX2
0,78,2026-04-04T02:27:07.205Z,1124.000,10,814.000,kJub+myNVnivJPH0,844.000,UZJgGqNAd1DJ7a5N,959.000,bMnaMQqFkOGHDp0m,1005.000,BupgNPzH9jc0Eppp,1024.000,376MU2u+8SnuxMQc,1080.000,j6cPpRGMZFLjdI+l,1100.000,Elp1NMBI12RMuA1d,1355.000,kpmavFL5xFvBXmeS,1502.000,RghNkEQ73og/VlX2,1616.000,saIe+uO82j5dyZ0p
0,79,2026-04-04T02:27:08.329Z,1526.000,10,730.000,Elp1NMBI12RMuA1d,746.000,kJub+myNVnivJPH0,1014.000,UZJgGqNAd1DJ7a5N,1086.000,bMnaMQqFkOGHDp0m,1427.000,j6cPpRGMZFLjdI+l,1468.000,BupgNPzH9jc0Eppp,1506.000,kpmavFL5xFvBXmeS,1565.000,376MU2u+8SnuxMQc,2229.000,RghNkEQ73og/VlX2,2314.000,saIe+uO82j5dyZ0p
0,80,2026-04-04T02:27:09.855Z,1277.000,10,817.000,kJub+myNVnivJPH0,852.000,Elp1NMBI12RMuA1d,883.000,UZJgGqNAd1DJ7a5N,1116.000,bMnaMQqFkOGHDp0m,1138.000,376MU2u+8SnuxMQc,1197.000,j6cPpRGMZFLjdI+l,1255.000,BupgNPzH9jc0Eppp,1664.000,kpmavFL5xFvBXmeS,1971.000,saIe+uO82j5dyZ0p,2243.000,RghNkEQ73og/VlX2
0,81,2026-04-04T02:27:11.132Z,1274.000,9,721.000,kJub+myNVnivJPH0,921.000,Elp1NMBI12RMuA1d,948.000,376MU2u+8SnuxMQc,1070.000,BupgNPzH9jc0Eppp,1145.000,UZJgGqNAd1DJ7a5N,1207.000,j6cPpRGMZFLjdI+l,1259.000,bMnaMQqFkOGHDp0m,1948.000,saIe+uO82j5dyZ0p,2330.000,RghNkEQ73og/VlX2,,
0,82,2026-04-04T02:27:12.406Z,1196.000,9,702.000,kJub+myNVnivJPH0,866.000,UZJgGqNAd1DJ7a5N,897.000,Elp1NMBI12RMuA1d,961.000,j6cPpRGMZFLjdI+l,1035.000,bMnaMQqFkOGHDp0m,1139.000,376MU2u+8SnuxMQc,1179.000,BupgNPzH9jc0Eppp,1873.000,saIe+uO82j5dyZ0p,2337.000,kpmavFL5xFvBXmeS,,
0,83,2026-04-04T02:27:13.602Z,1493.000,9,629.000,kJub+myNVnivJPH0,704.000,Elp1NMBI12RMuA1d,767.000,BupgNPzH9jc0Eppp,1031.000,j6cPpRGMZFLjdI+l,1248.000,376MU2u+8SnuxMQc,1376.000,bMnaMQqFkOGHDp0m,1478.000,UZJgGqNAd1DJ7a5N,1882.000,saIe+uO82j5dyZ0p,2244.000,RghNkEQ73og/VlX2,,
0,84,2026-04-04T02:27:15.095Z,1169.000,9,824.000,kJub+myNVnivJPH0,853.000,376MU2u+8SnuxMQc,877.000,UZJgGqNAd1DJ7a5N,966.000,Elp1NMBI12RMuA1d,1018.000,bMnaMQqFkOGHDp0m,1105.000,BupgNPzH9jc0Eppp,1153.000,j6cPpRGMZFLjdI+l,1199.000,saIe+uO82j5dyZ0p,2344.000,RghNkEQ73og/VlX2,,
0,85,2026-04-04T02:27:16.264Z,1467.000,8,675.000,kJub+myNVnivJPH0,758.000,Elp1NMBI12RMuA1d,794.000,saIe+uO82j5dyZ0p,814.000,376MU2u+8SnuxMQc,1338.000,BupgNPzH9jc0Eppp,1378.000,j6cPpRGMZFLjdI+l,1450.000,UZJgGqNAd1DJ7a5N,1495.000,bMnaMQqFkOGHDp0m,,,,
0,86,2026-04-04T02:27:17.731Z,1258.000,9,846.000,Elp1NMBI12RMuA1d,946.000,j6cPpRGMZFLjdI+l,967.000,kJub+myNVnivJPH0,1015.000,saIe+uO82j5dyZ0p,1032.000,376MU2u+8SnuxMQc,1081.000,BupgNPzH9jc0Eppp,1240.000,RghNkEQ73og/VlX2,1317.000,bMnaMQqFkOGHDp0m,2194.000,UZJgGqNAd1DJ7a5N,,
0,87,2026-04-04T02:27:18.989Z,1456.000,9,1013.000,kJub+myNVnivJPH0,1190.000,bMnaMQqFkOGHDp0m,1220.000,376MU2u+8SnuxMQc,1285.000,saIe+uO82j5dyZ0p,1314.000,Elp1NMBI12RMuA1d,1379.000,j6cPpRGMZFLjdI+l,1435.000,BupgNPzH9jc0Eppp,1461.000,RghNkEQ73og/VlX2,1582.000,UZJgGqNAd1DJ7a5N,,
0,88,2026-04-04T02:27:20.445Z,1224.000,9,866.000,kJub+myNVnivJPH0,952.000,376MU2u+8SnuxMQc,1028.000,RghNkEQ73og/VlX2,1070.000,j6cPpRGMZFLjdI+l,1118.000,bMnaMQqFkOGHDp0m,1165.000,BupgNPzH9jc0Eppp,1189.000,Elp1NMBI12RMuA1d,1255.000,saIe+uO82j5dyZ0p,1586.000,UZJgGqNAd1DJ7a5N,,
0,89,2026-04-04T02:27:21.669Z,1938.000,9,827.000,kJub+myNVnivJPH0,930.000,Elp1NMBI12RMuA1d,994.000,376MU2u+8SnuxMQc,1044.000,bMnaMQqFkOGHDp0m,1066.000,UZJgGqNAd1DJ7a5N,1875.000,j6cPpRGMZFLjdI+l,1921.000,BupgNPzH9jc0Eppp,1944.000,RghNkEQ73og/VlX2,1993.000,saIe+uO82j5dyZ0p,,
0,90,2026-04-04T02:27:23.607Z,1438.000,9,1110.000,bMnaMQqFkOGHDp0m,1173.000,j6cPpRGMZFLjdI+l,1199.000,Elp1NMBI12RMuA1d,1234.000,kJub+myNVnivJPH0,1299.000,saIe+uO82j5dyZ0p,1325.000,376MU2u+8SnuxMQc,1424.000,UZJgGqNAd1DJ7a5N,1800.000,BupgNPzH9jc0Eppp,1830.000,RghNkEQ73og/VlX2,,
0,91,2026-04-04T02:27:25.045Z,1858.000,9,926.000,kJub+myNVnivJPH0,1337.000,UZJgGqNAd1DJ7a5N,1379.000,376MU2u+8SnuxMQc,1485.000,Elp1NMBI12RMuA1d,1565.000,BupgNPzH9jc0Eppp,1759.000,RghNkEQ73og/VlX2,1833.000,j6cPpRGMZFLjdI+l,1900.000,bMnaMQqFkOGHDp0m,2047.000,saIe+uO82j5dyZ0p,,
0,92,2026-04-04T02:27:26.903Z,1344.000,9,1038.000,kJub+myNVnivJPH0,1077.000,376MU2u+8SnuxMQc,1142.000,BupgNPzH9jc0Eppp,1197.000,j6cPpRGMZFLjdI+l,1256.000,saIe+uO82j5dyZ0p,1283.000,UZJgGqNAd1DJ7a5N,1328.000,Elp1NMBI12RMuA1d,1383.000,bMnaMQqFkOGHDp0m,1500.000,RghNkEQ73og/VlX2,,
0,93,2026-04-04T02:27:28.247Z,1232.000,9,825.000,kJub+myNVnivJPH0,1014.000,bMnaMQqFkOGHDp0m,1052.000,UZJgGqNAd1DJ7a5N,1095.000,BupgNPzH9jc0Eppp,1119.000,376MU2u+8SnuxMQc,1145.000,Elp1NMBI12RMuA1d,1212.000,j6cPpRGMZFLjdI+l,1249.000,RghNkEQ73og/VlX2,1351.000,saIe+uO82j5dyZ0p,,
0,94,2026-04-04T02:27:29.479Z,1377.000,9,610.000,kJub+myNVnivJPH0,963.000,Elp1NMBI12RMuA1d,980.000,376MU2u+8SnuxMQc,1068.000,j6cPpRGMZFLjdI+l,1088.000,RghNkEQ73og/VlX2,1309.000,saIe+uO82j5dyZ0p,1359.000,bMnaMQqFkOGHDp0m,1410.000,BupgNPzH9jc0Eppp,1507.000,UZJgGqNAd1DJ7a5N,,
0,95,2026-04-04T02:27:30.856Z,1038.000,9,730.000,kJub+myNVnivJPH0,855.000,Elp1NMBI12RMuA1d,905.000,bMnaMQqFkOGHDp0m,929.000,UZJgGqNAd1DJ7a5N,961.000,RghNkEQ73og/VlX2,999.000,BupgNPzH9jc0Eppp,1021.000,376MU2u+8SnuxMQc,1139.000,j6cPpRGMZFLjdI+l,1512.000,saIe+uO82j5dyZ0p,,
0,96,2026-04-04T02:27:31.894Z,1754.000,9,1042.000,UZJgGqNAd1DJ7a5N,1086.000,kJub+myNVnivJPH0,1376.000,j6cPpRGMZFLjdI+l,1511.000,bMnaMQqFkOGHDp0m,1602.000,Elp1NMBI12RMuA1d,1667.000,saIe+uO82j5dyZ0p,1739.000,BupgNPzH9jc0Eppp,1875.000,376MU2u+8SnuxMQc,2032.000,RghNkEQ73og/VlX2,,
0,97,2026-04-04T02:27:33.648Z,1371.000,9,916.000,kJub+myNVnivJPH0,1016.000,Elp1NMBI12RMuA1d,1041.000,UZJgGqNAd1DJ7a5N,1161.000,j6cPpRGMZFLjdI+l,1214.000,bMnaMQqFkOGHDp0m,1287.000,saIe+uO82j5dyZ0p,1348.000,BupgNPzH9jc0Eppp,1377.000,RghNkEQ73og/VlX2,1492.000,376MU2u+8SnuxMQc,,
0,98,2026-04-04T02:27:35.019Z,1647.000,9,1001.000,UZJgGqNAd1DJ7a5N,1081.000,RghNkEQ73og/VlX2,1112.000,Elp1NMBI12RMuA1d,1307.000,bMnaMQqFkOGHDp0m,1372.000,BupgNPzH9jc0Eppp,1403.000,376MU2u+8SnuxMQc,1626.000,j6cPpRGMZFLjdI+l,1657.000,kJub+myNVnivJPH0,1777.000,saIe+uO82j5dyZ0p,,
0,99,2026-04-04T02:27:36.666Z,916.000,8,688.000,UZJgGqNAd1DJ7a5N,709.000,376MU2u+8SnuxMQc,749.000,BupgNPzH9jc0Eppp,769.000,Elp1NMBI12RMuA1d,819.000,j6cPpRGMZFLjdI+l,872.000,saIe+uO82j5dyZ0p,892.000,RghNkEQ73og/VlX2,952.000,bMnaMQqFkOGHDp0m,,,,
0,100,2026-04-04T02:27:37.582Z,1905.000,8,1703.000,j6cPpRGMZFLjdI+l,1725.000,Elp1NMBI12RMuA1d,1754.000,376MU2u+8SnuxMQc,1775.000,UZJgGqNAd1DJ7a5N,1808.000,saIe+uO82j5dyZ0p,1855.000,BupgNPzH9jc0Eppp,1879.000,RghNkEQ73og/VlX2,1927.000,bMnaMQqFkOGHDp0m,,,,
0,101,2026-04-04T02:27:39.487Z,785.000,8,434.000,BupgNPzH9jc0Eppp,448.000,RghNkEQ73og/VlX2,481.000,bMnaMQqFkOGHDp0m,498.000,376MU2u+8SnuxMQc,518.000,UZJgGqNAd1DJ7a5N,733.000,Elp1NMBI12RMuA1d,774.000,j6cPpRGMZFLjdI+l,1122.000,saIe+uO82j5dyZ0p,,,,
0,102,2026-04-04T02:27:40.272Z,633.000,8,418.000,RghNkEQ73og/VlX2,493.000,UZJgGqNAd1DJ7a5N,509.000,Elp1NMBI12RMuA1d,537.000,j6cPpRGMZFLjdI+l,551.000,376MU2u+8SnuxMQc,583.000,bMnaMQqFkOGHDp0m,622.000,BupgNPzH9jc0Eppp,655.000,saIe+uO82j5dyZ0p,,,,
0,103,2026-04-04T02:27:40.905Z,584.000,8,435.000,BupgNPzH9jc0Eppp,447.000,Elp1NMBI12RMuA1d,482.000,bMnaMQqFkOGHDp0m,496.000,UZJgGqNAd1DJ7a5N,511.000,RghNkEQ73og/VlX2,541.000,saIe+uO82j5dyZ0p,573.000,j6cPpRGMZFLjdI+l,592.000,376MU2u+8SnuxMQc,,,,
0,104,2026-04-04T02:27:41.489Z,780.000,8,620.000,bMnaMQqFkOGHDp0m,632.000,UZJgGqNAd1DJ7a5N,681.000,j6cPpRGMZFLjdI+l,695.000,376MU2u+8SnuxMQc,707.000,Elp1NMBI12RMuA1d,737.000,saIe+uO82j5dyZ0p,769.000,BupgNPzH9jc0Eppp,1034.000,RghNkEQ73og/VlX2,,,,
0,105,2026-04-04T02:27:42.269Z,537.000,8,373.000,376MU2u+8SnuxMQc,422.000,Elp1NMBI12RMuA1d,433.000,UZJgGqNAd1DJ7a5N,457.000,BupgNPzH9jc0Eppp,485.000,j6cPpRGMZFLjdI+l,498.000,RghNkEQ73og/VlX2,528.000,saIe+uO82j5dyZ0p,719.000,bMnaMQqFkOGHDp0m,,,,
0,106,2026-04-04T02:27:42.806Z,607.000,8,348.000,376MU2u+8SnuxMQc,362.000,RghNkEQ73og/VlX2,502.000,UZJgGqNAd1DJ7a5N,534.000,BupgNPzH9jc0Eppp,565.000,bMnaMQqFkOGHDp0m,589.000,saIe+uO82j5dyZ0p,600.000,Elp1NMBI12RMuA1d,799.000,j6cPpRGMZFLjdI+l,,,,
0,107,2026-04-04T02:27:43.413Z,497.000,8,274.000,376MU2u+8SnuxMQc,283.000,RghNkEQ73og/VlX2,308.000,BupgNPzH9jc0Eppp,318.000,UZJgGqNAd1DJ7a5N,403.000,bMnaMQqFkOGHDp0m,422.000,Elp1NMBI12RMuA1d,489.000,j6cPpRGMZFLjdI+l,920.000,saIe+uO82j5dyZ0p,,,,
0,108,2026-04-04T02:27:43.910Z,633.000,8,389.000,j6cPpRGMZFLjdI+l,434.000,UZJgGqNAd1DJ7a5N,508.000,376MU2u+8SnuxMQc,531.000,bMnaMQqFkOGHDp0m,540.000,Elp1NMBI12RMuA1d,548.000,RghNkEQ73og/VlX2,627.000,BupgNPzH9jc0Eppp,913.000,saIe+uO82j5dyZ0p,,,,
0,109,2026-04-04T02:27:44.543Z,1985.000,8,398.000,UZJgGqNAd1DJ7a5N,440.000,j6cPpRGMZFLjdI+l,472.000,BupgNPzH9jc0Eppp,483.000,Elp1NMBI12RMuA1d,1920.000,376MU2u+8SnuxMQc,1938.000,saIe+uO82j5dyZ0p,1965.000,bMnaMQqFkOGHDp0m,2257.000,RghNkEQ73og/VlX2,,,,
0,110,2026-04-04T02:27:46.528Z,597.000,8,282.000,376MU2u+8SnuxMQc,323.000,BupgNPzH9jc0Eppp,334.000,Elp1NMBI12RMuA1d,381.000,bMnaMQqFkOGHDp0m,548.000,saIe+uO82j5dyZ0p,578.000,j6cPpRGMZFLjdI+l,588.000,RghNkEQ73og/VlX2,975.000,UZJgGqNAd1DJ7a5N,,,,
0,111,2026-04-04T02:27:47.125Z,681.000,8,442.000,j6cPpRGMZFLjdI+l,455.000,376MU2u+8SnuxMQc,480.000,UZJgGqNAd1DJ7a5N,505.000,BupgNPzH9jc0Eppp,589.000,RghNkEQ73og/VlX2,638.000,saIe+uO82j5dyZ0p,674.000,Elp1NMBI12RMuA1d,1110.000,bMnaMQqFkOGHDp0m,,,,
0,112,2026-04-04T02:27:47.806Z,964.000,8,645.000,UZJgGqNAd1DJ7a5N,685.000,376MU2u+8SnuxMQc,766.000,RghNkEQ73og/VlX2,815.000,Elp1NMBI12RMuA1d,873.000,BupgNPzH9jc0Eppp,925.000,saIe+uO82j5dyZ0p,955.000,bMnaMQqFkOGHDp0m,1211.000,j6cPpRGMZFLjdI+l,,,,
0,113,2026-04-04T02:27:48.770Z,1172.000,8,1000.000,bMnaMQqFkOGHDp0m,1026.000,376MU2u+8SnuxMQc,1049.000,RghNkEQ73og/VlX2,1066.000,Elp1NMBI12RMuA1d,1095.000,BupgNPzH9jc0Eppp,1140.000,j6cPpRGMZFLjdI+l,1161.000,UZJgGqNAd1DJ7a5N,1288.000,saIe+uO82j5dyZ0p,,,,
0,114,2026-04-04T02:27:49.942Z,811.000,8,493.000,UZJgGqNAd1DJ7a5N,646.000,Elp1NMBI12RMuA1d,667.000,376MU2u+8SnuxMQc,676.000,RghNkEQ73og/VlX2,708.000,j6cPpRGMZFLjdI+l,758.000,BupgNPzH9jc0Eppp,798.000,saIe+uO82j5dyZ0p,934.000,bMnaMQqFkOGHDp0m,,,,
0,115,2026-04-04T02:27:50.753Z,872.000,8,615.000,UZJgGqNAd1DJ7a5N,725.000,BupgNPzH9jc0Eppp,765.000,bMnaMQqFkOGHDp0m,780.000,376MU2u+8SnuxMQc,799.000,RghNkEQ73og/VlX2,826.000,Elp1NMBI12RMuA1d,862.000,saIe+uO82j5dyZ0p,1160.000,j6cPpRGMZFLjdI+l,,,,
0,116,2026-04-04T02:27:51.625Z,848.000,8,493.000,376MU2u+8SnuxMQc,583.000,UZJgGqNAd1DJ7a5N,666.000,Elp1NMBI12RMuA1d,702.000,bMnaMQqFkOGHDp0m,741.000,RghNkEQ73og/VlX2,810.000,BupgNPzH9jc0Eppp,838.000,saIe+uO82j5dyZ0p,1110.000,j6cPpRGMZFLjdI+l,,,,
0,117,2026-04-04T02:27:52.473Z,1258.000,8,576.000,376MU2u+8SnuxMQc,654.000,UZJgGqNAd1DJ7a5N,787.000,bMnaMQqFkOGHDp0m,817.000,saIe+uO82j5dyZ0p,853.000,Elp1NMBI12RMuA1d,1236.000,BupgNPzH9jc0Eppp,1249.000,RghNkEQ73og/VlX2,2583.000,j6cPpRGMZFLjdI+l,,,,
0,118,2026-04-04T02:27:53.731Z,1391.000,7,658.000,UZJgGqNAd1DJ7a5N,684.000,376MU2u+8SnuxMQc,841.000,saIe+uO82j5dyZ0p,888.000,Elp1NMBI12RMuA1d,1064.000,bMnaMQqFkOGHDp0m,1085.000,RghNkEQ73og/VlX2,1377.000,BupgNPzH9jc0Eppp,,,,,,
0,119,2026-04-04T02:27:55.122Z,4030.000,8,1707.000,376MU2u+8SnuxMQc,1863.000,UZJgGqNAd1DJ7a5N,1960.000,saIe+uO82j5dyZ0p,2010.000,bMnaMQqFkOGHDp0m,2780.000,RghNkEQ73og/VlX2,3137.000,Elp1NMBI12RMuA1d,29381.000,BupgNPzH9jc0Eppp,7947.000,j6cPpRGMZFLjdI+l,,,,
0,120,2026-04-04T02:27:59.152Z,,0,,,,,,,,,,,,,,,,,,,,
1,1,2026-04-04T02:25:57.625Z,12189.000,7,8102.000,376MU2u+8SnuxMQc,8446.000,j6cPpRGMZFLjdI+l,9886.000,BupgNPzH9jc0Eppp,9917.000,RghNkEQ73og/VlX2,11041.000,kpmavFL5xFvBXmeS,12144.000,kJub+myNVnivJPH0,12189.000,bMnaMQqFkOGHDp0m,,,,,,
1,2,2026-04-04T02:26:09.814Z,738.000,8,404.000,376MU2u+8SnuxMQc,406.000,j6cPpRGMZFLjdI+l,409.000,BupgNPzH9jc0Eppp,418.000,kJub+myNVnivJPH0,444.000,RghNkEQ73og/VlX2,491.000,kpmavFL5xFvBXmeS,738.000,bMnaMQqFkOGHDp0m,1062.000,Elp1NMBI12RMuA1d,,,,
1,3,2026-04-04T02:26:10.552Z,555.000,9,399.000,kJub+myNVnivJPH0,400.000,RghNkEQ73og/VlX2,402.000,BupgNPzH9jc0Eppp,403.000,j6cPpRGMZFLjdI+l,409.000,376MU2u+8SnuxMQc,478.000,kpmavFL5xFvBXmeS,555.000,saIe+uO82j5dyZ0p,688.000,bMnaMQqFkOGHDp0m,696.000,Elp1NMBI12RMuA1d,,
1,4,2026-04-04T02:26:11.107Z,529.000,10,362.000,saIe+uO82j5dyZ0p,439.000,j6cPpRGMZFLjdI+l,440.000,376MU2u+8SnuxMQc,442.000,BupgNPzH9jc0Eppp,491.000,kJub+myNVnivJPH0,496.000,RghNkEQ73og/VlX2,529.000,kpmavFL5xFvBXmeS,530.000,bMnaMQqFkOGHDp0m,624.000,Elp1NMBI12RMuA1d,807.000,UZJgGqNAd1DJ7a5N
1,5,2026-04-04T02:26:11.636Z,408.000,10,324.000,saIe+uO82j5dyZ0p,366.000,Elp1NMBI12RMuA1d,400.000,j6cPpRGMZFLjdI+l,405.000,BupgNPzH9jc0Eppp,406.000,RghNkEQ73og/VlX2,407.000,kJub+myNVnivJPH0,408.000,kpmavFL5xFvBXmeS,409.000,376MU2u+8SnuxMQc,450.000,bMnaMQqFkOGHDp0m,637.000,UZJgGqNAd1DJ7a5N
1,6,2026-04-04T02:26:12.044Z,405.000,10,323.000,saIe+uO82j5dyZ0p,363.000,Elp1NMBI12RMuA1d,389.000,RghNkEQ73og/VlX2,401.000,j6cPpRGMZFLjdI+l,402.000,BupgNPzH9jc0Eppp,403.000,376MU2u+8SnuxMQc,405.000,kJub+myNVnivJPH0,406.000,kpmavFL5xFvBXmeS,449.000,bMnaMQqFkOGHDp0m,512.000,UZJgGqNAd1DJ7a5N
1,7,2026-04-04T02:26:12.449Z,405.000,10,329.000,saIe+uO82j5dyZ0p,373.000,Elp1NMBI12RMuA1d,397.000,BupgNPzH9jc0Eppp,400.000,UZJgGqNAd1DJ7a5N,401.000,376MU2u+8SnuxMQc,403.000,RghNkEQ73og/VlX2,405.000,bMnaMQqFkOGHDp0m,409.000,kpmavFL5xFvBXmeS,410.000,j6cPpRGMZFLjdI+l,418.000,kJub+myNVnivJPH0
1,8,2026-04-04T02:26:12.854Z,409.000,10,326.000,saIe+uO82j5dyZ0p,401.000,bMnaMQqFkOGHDp0m,402.000,kJub+myNVnivJPH0,404.000,BupgNPzH9jc0Eppp,405.000,UZJgGqNAd1DJ7a5N,406.000,j6cPpRGMZFLjdI+l,409.000,kpmavFL5xFvBXmeS,411.000,RghNkEQ73og/VlX2,412.000,376MU2u+8SnuxMQc,443.000,Elp1NMBI12RMuA1d
1,9,2026-04-04T02:26:13.263Z,407.000,10,322.000,saIe+uO82j5dyZ0p,396.000,RghNkEQ73og/VlX2,401.000,bMnaMQqFkOGHDp0m,403.000,BupgNPzH9jc0Eppp,404.000,kJub+myNVnivJPH0,405.000,376MU2u+8SnuxMQc,407.000,kpmavFL5xFvBXmeS,408.000,j6cPpRGMZFLjdI+l,442.000,UZJgGqNAd1DJ7a5N,447.000,Elp1NMBI12RMuA1d
1,10,2026-04-04T02:26:13.670Z,403.000,10,322.000,saIe+uO82j5dyZ0p,363.000,Elp1NMBI12RMuA1d,365.000,UZJgGqNAd1DJ7a5N,399.000,kJub+myNVnivJPH0,401.000,376MU2u+8SnuxMQc,402.000,j6cPpRGMZFLjdI+l,403.000,kpmavFL5xFvBXmeS,405.000,BupgNPzH9jc0Eppp,406.000,bMnaMQqFkOGHDp0m,407.000,RghNkEQ73og/VlX2
1,11,2026-04-04T02:26:14.073Z,408.000,10,327.000,saIe+uO82j5dyZ0p,362.000,UZJgGqNAd1DJ7a5N,397.000,kpmavFL5xFvBXmeS,398.000,bMnaMQqFkOGHDp0m,400.000,376MU2u+8SnuxMQc,403.000,BupgNPzH9jc0Eppp,408.000,kJub+myNVnivJPH0,409.000,j6cPpRGMZFLjdI+l,410.000,Elp1NMBI12RMuA1d,412.000,RghNkEQ73og/VlX2
1,12,2026-04-04T02:26:14.481Z,409.000,10,326.000,saIe+uO82j5dyZ0p,396.000,j6cPpRGMZFLjdI+l,399.000,bMnaMQqFkOGHDp0m,403.000,RghNkEQ73og/VlX2,406.000,kpmavFL5xFvBXmeS,408.000,Elp1NMBI12RMuA1d,409.000,kJub+myNVnivJPH0,410.000,376MU2u+8SnuxMQc,420.000,BupgNPzH9jc0Eppp,442.000,UZJgGqNAd1DJ7a5N
1,13,2026-04-04T02:26:14.890Z,403.000,10,321.000,saIe+uO82j5dyZ0p,393.000,376MU2u+8SnuxMQc,394.000,bMnaMQqFkOGHDp0m,396.000,UZJgGqNAd1DJ7a5N,397.000,kpmavFL5xFvBXmeS,401.000,RghNkEQ73og/VlX2,403.000,BupgNPzH9jc0Eppp,405.000,j6cPpRGMZFLjdI+l,408.000,Elp1NMBI12RMuA1d,409.000,kJub+myNVnivJPH0
1,14,2026-04-04T02:26:15.293Z,404.000,10,320.000,saIe+uO82j5dyZ0p,396.000,bMnaMQqFkOGHDp0m,398.000,UZJgGqNAd1DJ7a5N,400.000,kJub+myNVnivJPH0,402.000,j6cPpRGMZFLjdI+l,403.000,kpmavFL5xFvBXmeS,404.000,BupgNPzH9jc0Eppp,405.000,Elp1NMBI12RMuA1d,407.000,RghNkEQ73og/VlX2,408.000,376MU2u+8SnuxMQc
1,15,2026-04-04T02:26:15.697Z,412.000,10,327.000,saIe+uO82j5dyZ0p,402.000,BupgNPzH9jc0Eppp,403.000,kpmavFL5xFvBXmeS,408.000,376MU2u+8SnuxMQc,410.000,RghNkEQ73og/VlX2,411.000,bMnaMQqFkOGHDp0m,412.000,UZJgGqNAd1DJ7a5N,413.000,j6cPpRGMZFLjdI+l,414.000,kJub+myNVnivJPH0,416.000,Elp1NMBI12RMuA1d
1,16,2026-04-04T02:26:16.109Z,403.000,10,320.000,saIe+uO82j5dyZ0p,396.000,Elp1NMBI12RMuA1d,398.000,kJub+myNVnivJPH0,399.000,376MU2u+8SnuxMQc,401.000,BupgNPzH9jc0Eppp,402.000,kpmavFL5xFvBXmeS,403.000,RghNkEQ73og/VlX2,404.000,bMnaMQqFkOGHDp0m,406.000,UZJgGqNAd1DJ7a5N,407.000,j6cPpRGMZFLjdI+l
1,17,2026-04-04T02:26:16.512Z,407.000,10,323.000,saIe+uO82j5dyZ0p,398.000,j6cPpRGMZFLjdI+l,399.000,bMnaMQqFkOGHDp0m,402.000,376MU2u+8SnuxMQc,404.000,RghNkEQ73og/VlX2,405.000,UZJgGqNAd1DJ7a5N,407.000,kJub+myNVnivJPH0,408.000,BupgNPzH9jc0Eppp,409.000,Elp1NMBI12RMuA1d,410.000,kpmavFL5xFvBXmeS
1,18,2026-04-04T02:26:16.919Z,406.000,10,322.000,saIe+uO82j5dyZ0p,386.000,kpmavFL5xFvBXmeS,400.000,kJub+myNVnivJPH0,402.000,Elp1NMBI12RMuA1d,403.000,376MU2u+8SnuxMQc,404.000,j6cPpRGMZFLjdI+l,405.000,RghNkEQ73og/VlX2,407.000,UZJgGqNAd1DJ7a5N,414.000,bMnaMQqFkOGHDp0m,416.000,BupgNPzH9jc0Eppp
1,19,2026-04-04T02:26:17.325Z,405.000,10,320.000,saIe+uO82j5dyZ0p,399.000,kJub+myNVnivJPH0,400.000,kpmavFL5xFvBXmeS,401.000,bMnaMQqFkOGHDp0m,403.000,Elp1NMBI12RMuA1d,404.000,BupgNPzH9jc0Eppp,405.000,376MU2u+8SnuxMQc,409.000,UZJgGqNAd1DJ7a5N,410.000,j6cPpRGMZFLjdI+l,411.000,RghNkEQ73og/VlX2
1,20,2026-04-04T02:26:17.730Z,408.000,10,325.000,saIe+uO82j5dyZ0p,396.000,BupgNPzH9jc0Eppp,403.000,376MU2u+8SnuxMQc,404.000,kJub+myNVnivJPH0,405.000,UZJgGqNAd1DJ7a5N,407.000,j6cPpRGMZFLjdI+l,408.000,Elp1NMBI12RMuA1d,409.000,bMnaMQqFkOGHDp0m,411.000,kpmavFL5xFvBXmeS,413.000,RghNkEQ73og/VlX2
1,21,2026-04-04T02:26:18.138Z,403.000,10,322.000,saIe+uO82j5dyZ0p,396.000,j6cPpRGMZFLjdI+l,397.000,kJub+myNVnivJPH0,398.000,376MU2u+8SnuxMQc,400.000,BupgNPzH9jc0Eppp,402.000,kpmavFL5xFvBXmeS,403.000,UZJgGqNAd1DJ7a5N,404.000,Elp1NMBI12RMuA1d,405.000,RghNkEQ73og/VlX2,409.000,bMnaMQqFkOGHDp0m
1,22,2026-04-04T02:26:18.541Z,408.000,10,324.000,saIe+uO82j5dyZ0p,398.000,BupgNPzH9jc0Eppp,402.000,kpmavFL5xFvBXmeS,404.000,UZJgGqNAd1DJ7a5N,405.000,j6cPpRGMZFLjdI+l,406.000,RghNkEQ73og/VlX2,407.000,Elp1NMBI12RMuA1d,409.000,376MU2u+8SnuxMQc,410.000,kJub+myNVnivJPH0,411.000,bMnaMQqFkOGHDp0m
1,23,2026-04-04T02:26:18.949Z,406.000,10,322.000,saIe+uO82j5dyZ0p,393.000,kpmavFL5xFvBXmeS,396.000,bMnaMQqFkOGHDp0m,401.000,RghNkEQ73og/VlX2,403.000,Elp1NMBI12RMuA1d,404.000,BupgNPzH9jc0Eppp,406.000,UZJgGqNAd1DJ7a5N,407.000,kJub+myNVnivJPH0,408.000,j6cPpRGMZFLjdI+l,409.000,376MU2u+8SnuxMQc
1,24,2026-04-04T02:26:19.355Z,407.000,10,323.000,saIe+uO82j5dyZ0p,397.000,BupgNPzH9jc0Eppp,399.000,UZJgGqNAd1DJ7a5N,401.000,j6cPpRGMZFLjdI+l,404.000,kJub+myNVnivJPH0,405.000,376MU2u+8SnuxMQc,407.000,kpmavFL5xFvBXmeS,408.000,Elp1NMBI12RMuA1d,409.000,RghNkEQ73og/VlX2,411.000,bMnaMQqFkOGHDp0m
1,25,2026-04-04T02:26:19.762Z,403.000,10,321.000,saIe+uO82j5dyZ0p,390.000,376MU2u+8SnuxMQc,394.000,BupgNPzH9jc0Eppp,398.000,UZJgGqNAd1DJ7a5N,400.000,RghNkEQ73og/VlX2,402.000,j6cPpRGMZFLjdI+l,403.000,kpmavFL5xFvBXmeS,404.000,Elp1NMBI12RMuA1d,406.000,kJub+myNVnivJPH0,407.000,bMnaMQqFkOGHDp0m
1,26,2026-04-04T02:26:20.165Z,411.000,10,326.000,saIe+uO82j5dyZ0p,405.000,Elp1NMBI12RMuA1d,406.000,376MU2u+8SnuxMQc,407.000,BupgNPzH9jc0Eppp,408.000,UZJgGqNAd1DJ7a5N,410.000,RghNkEQ73og/VlX2,411.000,kpmavFL5xFvBXmeS,412.000,bMnaMQqFkOGHDp0m,414.000,kJub+myNVnivJPH0,415.000,j6cPpRGMZFLjdI+l
1,27,2026-04-04T02:26:20.576Z,401.000,10,318.000,saIe+uO82j5dyZ0p,386.000,UZJgGqNAd1DJ7a5N,395.000,376MU2u+8SnuxMQc,397.000,kJub+myNVnivJPH0,398.000,j6cPpRGMZFLjdI+l,399.000,kpmavFL5xFvBXmeS,401.000,Elp1NMBI12RMuA1d,403.000,bMnaMQqFkOGHDp0m,406.000,RghNkEQ73og/VlX2,410.000,BupgNPzH9jc0Eppp
1,28,2026-04-04T02:26:20.977Z,408.000,10,327.000,saIe+uO82j5dyZ0p,400.000,Elp1NMBI12RMuA1d,401.000,j6cPpRGMZFLjdI+l,403.000,kJub+myNVnivJPH0,405.000,RghNkEQ73og/VlX2,406.000,UZJgGqNAd1DJ7a5N,407.000,bMnaMQqFkOGHDp0m,409.000,kpmavFL5xFvBXmeS,410.000,376MU2u+8SnuxMQc,412.000,BupgNPzH9jc0Eppp
1,29,2026-04-04T02:26:21.385Z,410.000,10,327.000,saIe+uO82j5dyZ0p,398.000,kpmavFL5xFvBXmeS,403.000,376MU2u+8SnuxMQc,405.000,kJub+myNVnivJPH0,407.000,bMnaMQqFkOGHDp0m,408.000,j6cPpRGMZFLjdI+l,409.000,Elp1NMBI12RMuA1d,411.000,RghNkEQ73og/VlX2,412.000,BupgNPzH9jc0Eppp,416.000,UZJgGqNAd1DJ7a5N
1,30,2026-04-04T02:26:21.795Z,406.000,10,322.000,saIe+uO82j5dyZ0p,393.000,bMnaMQqFkOGHDp0m,398.000,BupgNPzH9jc0Eppp,402.000,RghNkEQ73og/VlX2,403.000,kJub+myNVnivJPH0,404.000,j6cPpRGMZFLjdI+l,406.000,UZJgGqNAd1DJ7a5N,407.000,kpmavFL5xFvBXmeS,409.000,376MU2u+8SnuxMQc,410.000,Elp1NMBI12RMuA1d
1,31,2026-04-04T02:26:22.201Z,406.000,10,324.000,saIe+uO82j5dyZ0p,398.000,kpmavFL5xFvBXmeS,400.000,BupgNPzH9jc0Eppp,401.000,kJub+myNVnivJPH0,403.000,RghNkEQ73og/VlX2,404.000,j6cPpRGMZFLjdI+l,406.000,Elp1NMBI12RMuA1d,407.000,376MU2u+8SnuxMQc,408.000,UZJgGqNAd1DJ7a5N,410.000,bMnaMQqFkOGHDp0m
1,32,2026-04-04T02:26:22.607Z,408.000,10,324.000,saIe+uO82j5dyZ0p,402.000,RghNkEQ73og/VlX2,403.000,j6cPpRGMZFLjdI+l,405.000,BupgNPzH9jc0Eppp,406.000,bMnaMQqFkOGHDp0m,407.000,UZJgGqNAd1DJ7a5N,408.000,376MU2u+8SnuxMQc,409.000,Elp1NMBI12RMuA1d,411.000,kpmavFL5xFvBXmeS,412.000,kJub+myNVnivJPH0
1,33,2026-04-04T02:26:23.015Z,403.000,10,322.000,saIe+uO82j5dyZ0p,394.000,UZJgGqNAd1DJ7a5N,398.000,RghNkEQ73og/VlX2,399.000,kpmavFL5xFvBXmeS,400.000,bMnaMQqFkOGHDp0m,402.000,BupgNPzH9jc0Eppp,403.000,kJub+myNVnivJPH0,407.000,Elp1NMBI12RMuA1d,408.000,376MU2u+8SnuxMQc,412.000,j6cPpRGMZFLjdI+l
1,34,2026-04-04T02:26:23.418Z,412.000,10,328.000,saIe+uO82j5dyZ0p,396.000,kJub+myNVnivJPH0,402.000,Elp1NMBI12RMuA1d,404.000,RghNkEQ73og/VlX2,408.000,376MU2u+8SnuxMQc,410.000,kpmavFL5xFvBXmeS,412.000,j6cPpRGMZFLjdI+l,413.000,bMnaMQqFkOGHDp0m,414.000,BupgNPzH9jc0Eppp,415.000,UZJgGqNAd1DJ7a5N
1,35,2026-04-04T02:26:23.830Z,401.000,10,319.000,saIe+uO82j5dyZ0p,394.000,Elp1NMBI12RMuA1d,395.000,bMnaMQqFkOGHDp0m,397.000,UZJgGqNAd1DJ7a5N,399.000,BupgNPzH9jc0Eppp,400.000,j6cPpRGMZFLjdI+l,401.000,kpmavFL5xFvBXmeS,403.000,RghNkEQ73og/VlX2,405.000,376MU2u+8SnuxMQc,406.000,kJub+myNVnivJPH0
1,36,2026-04-04T02:26:24.231Z,406.000,10,324.000,saIe+uO82j5dyZ0p,399.000,UZJgGqNAd1DJ7a5N,401.000,j6cPpRGMZFLjdI+l,402.000,RghNkEQ73og/VlX2,403.000,BupgNPzH9jc0Eppp,405.000,376MU2u+8SnuxMQc,406.000,kJub+myNVnivJPH0,410.000,kpmavFL5xFvBXmeS,416.000,Elp1NMBI12RMuA1d,418.000,bMnaMQqFkOGHDp0m
1,37,2026-04-04T02:26:24.637Z,627.000,7,342.000,Elp1NMBI12RMuA1d,513.000,UZJgGqNAd1DJ7a5N,514.000,bMnaMQqFkOGHDp0m,522.000,RghNkEQ73og/VlX2,528.000,saIe+uO82j5dyZ0p,576.000,376MU2u+8SnuxMQc,626.000,j6cPpRGMZFLjdI+l,,,,,,
1,38,2026-04-04T02:26:25.264Z,639.000,9,464.000,saIe+uO82j5dyZ0p,516.000,RghNkEQ73og/VlX2,529.000,376MU2u+8SnuxMQc,534.000,UZJgGqNAd1DJ7a5N,572.000,BupgNPzH9jc0Eppp,583.000,Elp1NMBI12RMuA1d,634.000,kJub+myNVnivJPH0,660.000,j6cPpRGMZFLjdI+l,1052.000,kpmavFL5xFvBXmeS,,
1,39,2026-04-04T02:26:25.903Z,824.000,10,619.000,saIe+uO82j5dyZ0p,632.000,Elp1NMBI12RMuA1d,670.000,UZJgGqNAd1DJ7a5N,705.000,BupgNPzH9jc0Eppp,732.000,kJub+myNVnivJPH0,784.000,kpmavFL5xFvBXmeS,815.000,j6cPpRGMZFLjdI+l,826.000,RghNkEQ73og/VlX2,914.000,376MU2u+8SnuxMQc,938.000,bMnaMQqFkOGHDp0m
1,40,2026-04-04T02:26:26.727Z,850.000,10,608.000,saIe+uO82j5dyZ0p,688.000,bMnaMQqFkOGHDp0m,724.000,kJub+myNVnivJPH0,747.000,BupgNPzH9jc0Eppp,788.000,j6cPpRGMZFLjdI+l,815.000,kpmavFL5xFvBXmeS,828.000,376MU2u+8SnuxMQc,854.000,RghNkEQ73og/VlX2,866.000,UZJgGqNAd1DJ7a5N,880.000,Elp1NMBI12RMuA1d
1,41,2026-04-04T02:26:27.577Z,803.000,10,583.000,saIe+uO82j5dyZ0p,660.000,bMnaMQqFkOGHDp0m,680.000,Elp1NMBI12RMuA1d,716.000,j6cPpRGMZFLjdI+l,731.000,376MU2u+8SnuxMQc,762.000,kpmavFL5xFvBXmeS,777.000,RghNkEQ73og/VlX2,807.000,UZJgGqNAd1DJ7a5N,837.000,kJub+myNVnivJPH0,971.000,BupgNPzH9jc0Eppp
1,42,2026-04-04T02:26:28.380Z,1367.000,10,923.000,saIe+uO82j5dyZ0p,943.000,376MU2u+8SnuxMQc,995.000,bMnaMQqFkOGHDp0m,1181.000,kJub+myNVnivJPH0,1204.000,UZJgGqNAd1DJ7a5N,1322.000,j6cPpRGMZFLjdI+l,1348.000,RghNkEQ73og/VlX2,1410.000,BupgNPzH9jc0Eppp,1514.000,kpmavFL5xFvBXmeS,1529.000,Elp1NMBI12RMuA1d
1,43,2026-04-04T02:26:29.747Z,1148.000,10,741.000,saIe+uO82j5dyZ0p,930.000,Elp1NMBI12RMuA1d,1003.000,j6cPpRGMZFLjdI+l,1023.000,376MU2u+8SnuxMQc,1054.000,RghNkEQ73og/VlX2,1093.000,bMnaMQqFkOGHDp0m,1136.000,BupgNPzH9jc0Eppp,1177.000,kpmavFL5xFvBXmeS,1309.000,kJub+myNVnivJPH0,1327.000,UZJgGqNAd1DJ7a5N
1,44,2026-04-04T02:26:30.895Z,1229.000,10,1011.000,saIe+uO82j5dyZ0p,1042.000,RghNkEQ73og/VlX2,1076.000,376MU2u+8SnuxMQc,1119.000,bMnaMQqFkOGHDp0m,1139.000,Elp1NMBI12RMuA1d,1175.000,UZJgGqNAd1DJ7a5N,1214.000,kpmavFL5xFvBXmeS,1255.000,BupgNPzH9jc0Eppp,1395.000,kJub+myNVnivJPH0,1523.000,j6cPpRGMZFLjdI+l
1,45,2026-04-04T02:26:32.124Z,1102.000,10,869.000,saIe+uO82j5dyZ0p,901.000,376MU2u+8SnuxMQc,948.000,kpmavFL5xFvBXmeS,970.000,Elp1NMBI12RMuA1d,1015.000,j6cPpRGMZFLjdI+l,1034.000,RghNkEQ73og/VlX2,1083.000,UZJgGqNAd1DJ7a5N,1264.000,bMnaMQqFkOGHDp0m,1303.000,kJub+myNVnivJPH0,1474.000,BupgNPzH9jc0Eppp
1,46,2026-04-04T02:26:33.226Z,1088.000,10,762.000,saIe+uO82j5dyZ0p,792.000,Elp1NMBI12RMuA1d,866.000,376MU2u+8SnuxMQc,980.000,kJub+myNVnivJPH0,1008.000,UZJgGqNAd1DJ7a5N,1057.000,bMnaMQqFkOGHDp0m,1076.000,RghNkEQ73og/VlX2,1142.000,j6cPpRGMZFLjdI+l,1410.000,BupgNPzH9jc0Eppp,1446.000,kpmavFL5xFvBXmeS
1,47,2026-04-04T02:26:34.314Z,1048.000,10,809.000,376MU2u+8SnuxMQc,892.000,j6cPpRGMZFLjdI+l,915.000,saIe+uO82j5dyZ0p,951.000,kJub+myNVnivJPH0,983.000,bMnaMQqFkOGHDp0m,1015.000,BupgNPzH9jc0Eppp,1031.000,Elp1NMBI12RMuA1d,1052.000,UZJgGqNAd1DJ7a5N,1148.000,RghNkEQ73og/VlX2,1276.000,kpmavFL5xFvBXmeS
1,48,2026-04-04T02:26:35.362Z,1076.000,10,714.000,saIe+uO82j5dyZ0p,843.000,kpmavFL5xFvBXmeS,864.000,UZJgGqNAd1DJ7a5N,899.000,Elp1NMBI12RMuA1d,969.000,376MU2u+8SnuxMQc,1025.000,kJub+myNVnivJPH0,1045.000,RghNkEQ73og/VlX2,1108.000,BupgNPzH9jc0Eppp,1200.000,bMnaMQqFkOGHDp0m,1239.000,j6cPpRGMZFLjdI+l
1,49,2026-04-04T02:26:36.438Z,1000.000,10,714.000,saIe+uO82j5dyZ0p,742.000,Elp1NMBI12RMuA1d,831.000,376MU2u+8SnuxMQc,859.000,UZJgGqNAd1DJ7a5N,918.000,j6cPpRGMZFLjdI+l,940.000,RghNkEQ73og/VlX2,988.000,kJub+myNVnivJPH0,1063.000,kpmavFL5xFvBXmeS,1101.000,BupgNPzH9jc0Eppp,1251.000,bMnaMQqFkOGHDp0m
1,50,2026-04-04T02:26:37.438Z,988.000,10,822.000,376MU2u+8SnuxMQc,860.000,kJub+myNVnivJPH0,875.000,Elp1NMBI12RMuA1d,893.000,RghNkEQ73og/VlX2,922.000,kpmavFL5xFvBXmeS,936.000,saIe+uO82j5dyZ0p,978.000,j6cPpRGMZFLjdI+l,992.000,UZJgGqNAd1DJ7a5N,1083.000,BupgNPzH9jc0Eppp,1205.000,bMnaMQqFkOGHDp0m
1,51,2026-04-04T02:26:38.426Z,862.000,10,594.000,376MU2u+8SnuxMQc,632.000,saIe+uO82j5dyZ0p,756.000,j6cPpRGMZFLjdI+l,773.000,UZJgGqNAd1DJ7a5N,794.000,Elp1NMBI12RMuA1d,823.000,kpmavFL5xFvBXmeS,853.000,kJub+myNVnivJPH0,884.000,bMnaMQqFkOGHDp0m,977.000,BupgNPzH9jc0Eppp,992.000,RghNkEQ73og/VlX2
1,52,2026-04-04T02:26:39.288Z,942.000,10,734.000,saIe+uO82j5dyZ0p,772.000,bMnaMQqFkOGHDp0m,790.000,UZJgGqNAd1DJ7a5N,817.000,Elp1NMBI12RMuA1d,856.000,kJub+myNVnivJPH0,889.000,kpmavFL5xFvBXmeS,925.000,j6cPpRGMZFLjdI+l,960.000,BupgNPzH9jc0Eppp,1044.000,RghNkEQ73og/VlX2,1536.000,376MU2u+8SnuxMQc
1,53,2026-04-04T02:26:40.230Z,958.000,10,642.000,saIe+uO82j5dyZ0p,682.000,j6cPpRGMZFLjdI+l,713.000,kJub+myNVnivJPH0,763.000,kpmavFL5xFvBXmeS,792.000,Elp1NMBI12RMuA1d,810.000,UZJgGqNAd1DJ7a5N,941.000,BupgNPzH9jc0Eppp,971.000,376MU2u+8SnuxMQc,1007.000,bMnaMQqFkOGHDp0m,1398.000,RghNkEQ73og/VlX2
1,54,2026-04-04T02:26:41.188Z,944.000,10,712.000,saIe+uO82j5dyZ0p,730.000,Elp1NMBI12RMuA1d,812.000,j6cPpRGMZFLjdI+l,834.000,UZJgGqNAd1DJ7a5N,868.000,kJub+myNVnivJPH0,901.000,kpmavFL5xFvBXmeS,932.000,bMnaMQqFkOGHDp0m,955.000,376MU2u+8SnuxMQc,1040.000,BupgNPzH9jc0Eppp,1597.000,RghNkEQ73og/VlX2
1,55,2026-04-04T02:26:42.132Z,1107.000,10,413.000,saIe+uO82j5dyZ0p,926.000,j6cPpRGMZFLjdI+l,965.000,bMnaMQqFkOGHDp0m,1016.000,kpmavFL5xFvBXmeS,1035.000,376MU2u+8SnuxMQc,1058.000,Elp1NMBI12RMuA1d,1095.000,kJub+myNVnivJPH0,1112.000,UZJgGqNAd1DJ7a5N,1353.000,BupgNPzH9jc0Eppp,1852.000,RghNkEQ73og/VlX2
1,56,2026-04-04T02:26:43.239Z,1042.000,10,670.000,kJub+myNVnivJPH0,692.000,saIe+uO82j5dyZ0p,718.000,Elp1NMBI12RMuA1d,800.000,UZJgGqNAd1DJ7a5N,828.000,376MU2u+8SnuxMQc,955.000,j6cPpRGMZFLjdI+l,1011.000,kpmavFL5xFvBXmeS,1372.000,bMnaMQqFkOGHDp0m,1482.000,BupgNPzH9jc0Eppp,1863.000,RghNkEQ73og/VlX2
1,57,2026-04-04T02:26:44.281Z,1008.000,10,728.000,j6cPpRGMZFLjdI+l,761.000,kpmavFL5xFvBXmeS,778.000,376MU2u+8SnuxMQc,804.000,UZJgGqNAd1DJ7a5N,838.000,saIe+uO82j5dyZ0p,905.000,Elp1NMBI12RMuA1d,993.000,kJub+myNVnivJPH0,1407.000,BupgNPzH9jc0Eppp,1560.000,bMnaMQqFkOGHDp0m,1766.000,RghNkEQ73og/VlX2
1,58,2026-04-04T02:26:45.289Z,963.000,10,570.000,saIe+uO82j5dyZ0p,684.000,Elp1NMBI12RMuA1d,711.000,376MU2u+8SnuxMQc,802.000,kJub+myNVnivJPH0,886.000,UZJgGqNAd1DJ7a5N,915.000,j6cPpRGMZFLjdI+l,949.000,kpmavFL5xFvBXmeS,1317.000,BupgNPzH9jc0Eppp,1356.000,bMnaMQqFkOGHDp0m,1912.000,RghNkEQ73og/VlX2
1,59,2026-04-04T02:26:46.252Z,1121.000,9,462.000,UZJgGqNAd1DJ7a5N,493.000,kJub+myNVnivJPH0,526.000,j6cPpRGMZFLjdI+l,683.000,saIe+uO82j5dyZ0p,785.000,Elp1NMBI12RMuA1d,1031.000,kpmavFL5xFvBXmeS,1111.000,376MU2u+8SnuxMQc,1309.000,bMnaMQqFkOGHDp0m,1343.000,BupgNPzH9jc0Eppp,,
1,60,2026-04-04T02:26:47.373Z,862.000,9,624.000,saIe+uO82j5dyZ0p,698.000,kpmavFL5xFvBXmeS,749.000,j6cPpRGMZFLjdI+l,764.000,376MU2u+8SnuxMQc,797.000,Elp1NMBI12RMuA1d,814.000,UZJgGqNAd1DJ7a5N,850.000,kJub+myNVnivJPH0,1078.000,BupgNPzH9jc0Eppp,1109.000,bMnaMQqFkOGHDp0m,,
1,61,2026-04-04T02:26:48.235Z,1246.000,10,622.000,saIe+uO82j5dyZ0p,791.000,Elp1NMBI12RMuA1d,842.000,j6cPpRGMZFLjdI+l,901.000,kJub+myNVnivJPH0,1044.000,376MU2u+8SnuxMQc,1069.000,UZJgGqNAd1DJ7a5N,1226.000,kpmavFL5xFvBXmeS,1410.000,bMnaMQqFkOGHDp0m,1736.000,BupgNPzH9jc0Eppp,2594.000,RghNkEQ73og/VlX2
1,62,2026-04-04T02:26:49.481Z,959.000,9,646.000,saIe+uO82j5dyZ0p,678.000,UZJgGqNAd1DJ7a5N,742.000,Elp1NMBI12RMuA1d,839.000,kJub+myNVnivJPH0,859.000,376MU2u+8SnuxMQc,913.000,kpmavFL5xFvBXmeS,947.000,bMnaMQqFkOGHDp0m,983.000,j6cPpRGMZFLjdI+l,1150.000,BupgNPzH9jc0Eppp,,
1,63,2026-04-04T02:26:50.440Z,1089.000,9,819.000,saIe+uO82j5dyZ0p,857.000,kJub+myNVnivJPH0,909.000,Elp1NMBI12RMuA1d,940.000,bMnaMQqFkOGHDp0m,1000.000,j6cPpRGMZFLjdI+l,1017.000,UZJgGqNAd1DJ7a5N,1081.000,376MU2u+8SnuxMQc,1261.000,kpmavFL5xFvBXmeS,1296.000,BupgNPzH9jc0Eppp,,
1,64,2026-04-04T02:26:51.529Z,1061.000,9,621.000,Elp1NMBI12RMuA1d,653.000,saIe+uO82j5dyZ0p,674.000,UZJgGqNAd1DJ7a5N,850.000,kJub+myNVnivJPH0,898.000,j6cPpRGMZFLjdI+l,976.000,376MU2u+8SnuxMQc,1047.000,kpmavFL5xFvBXmeS,1272.000,bMnaMQqFkOGHDp0m,1308.000,BupgNPzH9jc0Eppp,,
1,65,2026-04-04T02:26:52.590Z,1049.000,9,748.000,saIe+uO82j5dyZ0p,858.000,j6cPpRGMZFLjdI+l,900.000,kpmavFL5xFvBXmeS,918.000,UZJgGqNAd1DJ7a5N,966.000,kJub+myNVnivJPH0,1007.000,bMnaMQqFkOGHDp0m,1023.000,376MU2u+8SnuxMQc,1074.000,BupgNPzH9jc0Eppp,1162.000,Elp1NMBI12RMuA1d,,
1,66,2026-04-04T02:26:53.639Z,963.000,9,725.000,saIe+uO82j5dyZ0p,756.000,UZJgGqNAd1DJ7a5N,808.000,bMnaMQqFkOGHDp0m,843.000,BupgNPzH9jc0Eppp,862.000,Elp1NMBI12RMuA1d,916.000,kpmavFL5xFvBXmeS,934.000,376MU2u+8SnuxMQc,1085.000,j6cPpRGMZFLjdI+l,1504.000,kJub+myNVnivJPH0,,
1,67,2026-04-04T02:26:54.602Z,1153.000,10,490.000,saIe+uO82j5dyZ0p,583.000,j6cPpRGMZFLjdI+l,818.000,Elp1NMBI12RMuA1d,1008.000,UZJgGqNAd1DJ7a5N,1060.000,BupgNPzH9jc0Eppp,1110.000,kpmavFL5xFvBXmeS,1135.000,376MU2u+8SnuxMQc,1193.000,kJub+myNVnivJPH0,1667.000,bMnaMQqFkOGHDp0m,1794.000,RghNkEQ73og/VlX2
1,68,2026-04-04T02:26:55.755Z,1123.000,10,907.000,saIe+uO82j5dyZ0p,939.000,UZJgGqNAd1DJ7a5N,979.000,376MU2u+8SnuxMQc,996.000,Elp1NMBI12RMuA1d,1028.000,kJub+myNVnivJPH0,1063.000,kpmavFL5xFvBXmeS,1105.000,j6cPpRGMZFLjdI+l,1226.000,BupgNPzH9jc0Eppp,1349.000,bMnaMQqFkOGHDp0m,1593.000,RghNkEQ73og/VlX2
1,69,2026-04-04T02:26:56.878Z,1184.000,10,778.000,saIe+uO82j5dyZ0p,926.000,Elp1NMBI12RMuA1d,955.000,376MU2u+8SnuxMQc,992.000,bMnaMQqFkOGHDp0m,1011.000,UZJgGqNAd1DJ7a5N,1070.000,BupgNPzH9jc0Eppp,1166.000,kpmavFL5xFvBXmeS,1211.000,j6cPpRGMZFLjdI+l,1301.000,RghNkEQ73og/VlX2,1915.000,kJub+myNVnivJPH0
1,70,2026-04-04T02:26:58.062Z,1056.000,10,827.000,saIe+uO82j5dyZ0p,871.000,kpmavFL5xFvBXmeS,932.000,j6cPpRGMZFLjdI+l,972.000,bMnaMQqFkOGHDp0m,999.000,Elp1NMBI12RMuA1d,1035.000,RghNkEQ73og/VlX2,1047.000,UZJgGqNAd1DJ7a5N,1084.000,BupgNPzH9jc0Eppp,1174.000,376MU2u+8SnuxMQc,1737.000,kJub+myNVnivJPH0
1,71,2026-04-04T02:26:59.118Z,1181.000,10,785.000,saIe+uO82j5dyZ0p,832.000,j6cPpRGMZFLjdI+l,867.000,BupgNPzH9jc0Eppp,885.000,376MU2u+8SnuxMQc,1118.000,Elp1NMBI12RMuA1d,1150.000,kpmavFL5xFvBXmeS,1167.000,UZJgGqNAd1DJ7a5N,1185.000,RghNkEQ73og/VlX2,1217.000,bMnaMQqFkOGHDp0m,1430.000,kJub+myNVnivJPH0
1,72,2026-04-04T02:27:00.299Z,970.000,10,757.000,saIe+uO82j5dyZ0p,816.000,kpmavFL5xFvBXmeS,851.000,bMnaMQqFkOGHDp0m,871.000,Elp1NMBI12RMuA1d,898.000,UZJgGqNAd1DJ7a5N,916.000,376MU2u+8SnuxMQc,953.000,j6cPpRGMZFLjdI+l,996.000,BupgNPzH9jc0Eppp,1269.000,RghNkEQ73og/VlX2,1318.000,kJub+myNVnivJPH0
1,73,2026-04-04T02:27:01.269Z,1028.000,10,632.000,saIe+uO82j5dyZ0p,830.000,BupgNPzH9jc0Eppp,855.000,Elp1NMBI12RMuA1d,900.000,kJub+myNVnivJPH0,925.000,376MU2u+8SnuxMQc,943.000,UZJgGqNAd1DJ7a5N,1009.000,j6cPpRGMZFLjdI+l,1226.000,kpmavFL5xFvBXmeS,1325.000,RghNkEQ73og/VlX2,1584.000,bMnaMQqFkOGHDp0m
1,74,2026-04-04T02:27:02.297Z,1468.000,10,775.000,saIe+uO82j5dyZ0p,832.000,j6cPpRGMZFLjdI+l,861.000,Elp1NMBI12RMuA1d,885.000,376MU2u+8SnuxMQc,915.000,kJub+myNVnivJPH0,931.000,UZJgGqNAd1DJ7a5N,965.000,RghNkEQ73og/VlX2,1503.000,BupgNPzH9jc0Eppp,1543.000,kpmavFL5xFvBXmeS,1965.000,bMnaMQqFkOGHDp0m
1,75,2026-04-04T02:27:03.765Z,952.000,10,764.000,kpmavFL5xFvBXmeS,786.000,saIe+uO82j5dyZ0p,831.000,bMnaMQqFkOGHDp0m,859.000,Elp1NMBI12RMuA1d,884.000,376MU2u+8SnuxMQc,903.000,UZJgGqNAd1DJ7a5N,935.000,j6cPpRGMZFLjdI+l,974.000,kJub+myNVnivJPH0,1087.000,RghNkEQ73og/VlX2,1567.000,BupgNPzH9jc0Eppp
1,76,2026-04-04T02:27:04.717Z,1393.000,10,1020.000,saIe+uO82j5dyZ0p,1092.000,kJub+myNVnivJPH0,1140.000,Elp1NMBI12RMuA1d,1204.000,UZJgGqNAd1DJ7a5N,1252.000,j6cPpRGMZFLjdI+l,1278.000,376MU2u+8SnuxMQc,1376.000,bMnaMQqFkOGHDp0m,1399.000,RghNkEQ73og/VlX2,1599.000,BupgNPzH9jc0Eppp,2906.000,kpmavFL5xFvBXmeS
1,77,2026-04-04T02:27:06.110Z,1378.000,10,1077.000,Elp1NMBI12RMuA1d,1113.000,saIe+uO82j5dyZ0p,1139.000,UZJgGqNAd1DJ7a5N,1192.000,bMnaMQqFkOGHDp0m,1249.000,kJub+myNVnivJPH0,1281.000,376MU2u+8SnuxMQc,1352.000,j6cPpRGMZFLjdI+l,1403.000,BupgNPzH9jc0Eppp,1457.000,kpmavFL5xFvBXmeS,2066.000,RghNkEQ73og/VlX2
1,78,2026-04-04T02:27:07.488Z,1689.000,10,894.000,UZJgGqNAd1DJ7a5N,937.000,j6cPpRGMZFLjdI+l,962.000,saIe+uO82j5dyZ0p,1020.000,bMnaMQqFkOGHDp0m,1059.000,BupgNPzH9jc0Eppp,1641.000,kJub+myNVnivJPH0,1663.000,376MU2u+8SnuxMQc,1695.000,Elp1NMBI12RMuA1d,2248.000,RghNkEQ73og/VlX2,2314.000,kpmavFL5xFvBXmeS
1,79,2026-04-04T02:27:09.177Z,1181.000,10,796.000,Elp1NMBI12RMuA1d,934.000,kJub+myNVnivJPH0,959.000,UZJgGqNAd1DJ7a5N,1036.000,bMnaMQqFkOGHDp0m,1079.000,j6cPpRGMZFLjdI+l,1121.000,BupgNPzH9jc0Eppp,1147.000,saIe+uO82j5dyZ0p,1207.000,kpmavFL5xFvBXmeS,1333.000,376MU2u+8SnuxMQc,1984.000,RghNkEQ73og/VlX2
1,80,2026-04-04T02:27:10.358Z,1199.000,10,849.000,Elp1NMBI12RMuA1d,866.000,UZJgGqNAd1DJ7a5N,966.000,bMnaMQqFkOGHDp0m,1016.000,j6cPpRGMZFLjdI+l,1050.000,376MU2u+8SnuxMQc,1106.000,kJub+myNVnivJPH0,1136.000,saIe+uO82j5dyZ0p,1230.000,BupgNPzH9jc0Eppp,1986.000,kpmavFL5xFvBXmeS,2065.000,RghNkEQ73og/VlX2
1,81,2026-04-04T02:27:11.557Z,1323.000,9,819.000,Elp1NMBI12RMuA1d,910.000,kJub+myNVnivJPH0,931.000,376MU2u+8SnuxMQc,1147.000,saIe+uO82j5dyZ0p,1199.000,BupgNPzH9jc0Eppp,1249.000,j6cPpRGMZFLjdI+l,1274.000,UZJgGqNAd1DJ7a5N,1359.000,bMnaMQqFkOGHDp0m,2522.000,RghNkEQ73og/VlX2,,
1,82,2026-04-04T02:27:12.880Z,1301.000,9,935.000,UZJgGqNAd1DJ7a5N,999.000,j6cPpRGMZFLjdI+l,1020.000,Elp1NMBI12RMuA1d,1077.000,kJub+myNVnivJPH0,1131.000,bMnaMQqFkOGHDp0m,1163.000,saIe+uO82j5dyZ0p,1290.000,376MU2u+8SnuxMQc,1330.000,BupgNPzH9jc0Eppp,2550.000,kpmavFL5xFvBXmeS,,
1,83,2026-04-04T02:27:14.181Z,1095.000,9,623.000,Elp1NMBI12RMuA1d,677.000,BupgNPzH9jc0Eppp,723.000,kJub+myNVnivJPH0,859.000,j6cPpRGMZFLjdI+l,961.000,saIe+uO82j5dyZ0p,985.000,376MU2u+8SnuxMQc,1076.000,bMnaMQqFkOGHDp0m,1100.000,UZJgGqNAd1DJ7a5N,1736.000,RghNkEQ73og/VlX2,,
1,84,2026-04-04T02:27:15.276Z,1011.000,9,766.000,saIe+uO82j5dyZ0p,815.000,376MU2u+8SnuxMQc,837.000,UZJgGqNAd1DJ7a5N,857.000,Elp1NMBI12RMuA1d,897.000,bMnaMQqFkOGHDp0m,944.000,kJub+myNVnivJPH0,993.000,BupgNPzH9jc0Eppp,1043.000,j6cPpRGMZFLjdI+l,1884.000,RghNkEQ73og/VlX2,,
1,85,2026-04-04T02:27:16.287Z,1113.000,8,605.000,saIe+uO82j5dyZ0p,732.000,Elp1NMBI12RMuA1d,850.000,376MU2u+8SnuxMQc,911.000,kJub+myNVnivJPH0,952.000,j6cPpRGMZFLjdI+l,994.000,BupgNPzH9jc0Eppp,1100.000,UZJgGqNAd1DJ7a5N,1149.000,bMnaMQqFkOGHDp0m,,,,
1,86,2026-04-04T02:27:17.400Z,1672.000,9,1067.000,saIe+uO82j5dyZ0p,1155.000,Elp1NMBI12RMuA1d,1342.000,j6cPpRGMZFLjdI+l,1388.000,BupgNPzH9jc0Eppp,1414.000,376MU2u+8SnuxMQc,1566.000,RghNkEQ73og/VlX2,1656.000,kJub+myNVnivJPH0,1708.000,bMnaMQqFkOGHDp0m,2442.000,UZJgGqNAd1DJ7a5N,,
1,87,2026-04-04T02:27:19.072Z,1363.000,9,884.000,saIe+uO82j5dyZ0p,1098.000,kJub+myNVnivJPH0,1175.000,j6cPpRGMZFLjdI+l,1217.000,Elp1NMBI12RMuA1d,1269.000,bMnaMQqFkOGHDp0m,1297.000,376MU2u+8SnuxMQc,1346.000,RghNkEQ73og/VlX2,1394.000,BupgNPzH9jc0Eppp,1498.000,UZJgGqNAd1DJ7a5N,,
1,88,2026-04-04T02:27:20.435Z,1296.000,9,973.000,saIe+uO82j5dyZ0p,1010.000,Elp1NMBI12RMuA1d,1062.000,RghNkEQ73og/VlX2,1103.000,bMnaMQqFkOGHDp0m,1151.000,j6cPpRGMZFLjdI+l,1177.000,376MU2u+8SnuxMQc,1268.000,BupgNPzH9jc0Eppp,1329.000,kJub+myNVnivJPH0,1651.000,UZJgGqNAd1DJ7a5N,,
1,89,2026-04-04T02:27:21.731Z,1760.000,9,995.000,saIe+uO82j5dyZ0p,1029.000,Elp1NMBI12RMuA1d,1087.000,kJub+myNVnivJPH0,1111.000,376MU2u+8SnuxMQc,1161.000,bMnaMQqFkOGHDp0m,1184.000,UZJgGqNAd1DJ7a5N,1737.000,j6cPpRGMZFLjdI+l,1820.000,BupgNPzH9jc0Eppp,1924.000,RghNkEQ73og/VlX2,,
1,90,2026-04-04T02:27:23.491Z,1725.000,9,994.000,saIe+uO82j5dyZ0p,1174.000,bMnaMQqFkOGHDp0m,1270.000,j6cPpRGMZFLjdI+l,1299.000,Elp1NMBI12RMuA1d,1382.000,376MU2u+8SnuxMQc,1539.000,UZJgGqNAd1DJ7a5N,1704.000,kJub+myNVnivJPH0,2121.000,BupgNPzH9jc0Eppp,2170.000,RghNkEQ73og/VlX2,,
1,91,2026-04-04T02:27:25.216Z,1607.000,9,1225.000,kJub+myNVnivJPH0,1254.000,UZJgGqNAd1DJ7a5N,1326.000,saIe+uO82j5dyZ0p,1367.000,376MU2u+8SnuxMQc,1440.000,BupgNPzH9jc0Eppp,1476.000,Elp1NMBI12RMuA1d,1576.000,RghNkEQ73og/VlX2,1664.000,j6cPpRGMZFLjdI+l,1839.000,bMnaMQqFkOGHDp0m,,
1,92,2026-04-04T02:27:26.823Z,1395.000,9,933.000,saIe+uO82j5dyZ0p,1124.000,j6cPpRGMZFLjdI+l,1151.000,376MU2u+8SnuxMQc,1238.000,BupgNPzH9jc0Eppp,1266.000,Elp1NMBI12RMuA1d,1317.000,UZJgGqNAd1DJ7a5N,1370.000,bMnaMQqFkOGHDp0m,1401.000,RghNkEQ73og/VlX2,1497.000,kJub+myNVnivJPH0,,
1,93,2026-04-04T02:27:28.218Z,1440.000,9,1079.000,saIe+uO82j5dyZ0p,1139.000,BupgNPzH9jc0Eppp,1164.000,UZJgGqNAd1DJ7a5N,1241.000,kJub+myNVnivJPH0,1270.000,Elp1NMBI12RMuA1d,1355.000,bMnaMQqFkOGHDp0m,1390.000,376MU2u+8SnuxMQc,1480.000,j6cPpRGMZFLjdI+l,1595.000,RghNkEQ73og/VlX2,,
1,94,2026-04-04T02:27:29.658Z,1578.000,9,733.000,kJub+myNVnivJPH0,880.000,saIe+uO82j5dyZ0p,1375.000,Elp1NMBI12RMuA1d,1424.000,376MU2u+8SnuxMQc,1469.000,j6cPpRGMZFLjdI+l,1492.000,RghNkEQ73og/VlX2,1560.000,bMnaMQqFkOGHDp0m,1584.000,UZJgGqNAd1DJ7a5N,1734.000,BupgNPzH9jc0Eppp,,
1,95,2026-04-04T02:27:31.236Z,1008.000,9,762.000,Elp1NMBI12RMuA1d,776.000,UZJgGqNAd1DJ7a5N,793.000,RghNkEQ73og/VlX2,829.000,bMnaMQqFkOGHDp0m,852.000,saIe+uO82j5dyZ0p,950.000,kJub+myNVnivJPH0,993.000,BupgNPzH9jc0Eppp,1014.000,376MU2u+8SnuxMQc,1150.000,j6cPpRGMZFLjdI+l,,
1,96,2026-04-04T02:27:32.244Z,1440.000,9,766.000,UZJgGqNAd1DJ7a5N,1066.000,kJub+myNVnivJPH0,1089.000,saIe+uO82j5dyZ0p,1165.000,j6cPpRGMZFLjdI+l,1212.000,bMnaMQqFkOGHDp0m,1318.000,Elp1NMBI12RMuA1d,1420.000,BupgNPzH9jc0Eppp,1768.000,RghNkEQ73og/VlX2,2059.000,376MU2u+8SnuxMQc,,
1,97,2026-04-04T02:27:33.684Z,1329.000,9,943.000,saIe+uO82j5dyZ0p,989.000,UZJgGqNAd1DJ7a5N,1030.000,Elp1NMBI12RMuA1d,1122.000,j6cPpRGMZFLjdI+l,1181.000,bMnaMQqFkOGHDp0m,1244.000,BupgNPzH9jc0Eppp,1310.000,RghNkEQ73og/VlX2,1443.000,376MU2u+8SnuxMQc,1554.000,kJub+myNVnivJPH0,,
1,98,2026-04-04T02:27:35.013Z,1545.000,9,1144.000,saIe+uO82j5dyZ0p,1304.000,UZJgGqNAd1DJ7a5N,1330.000,RghNkEQ73og/VlX2,1354.000,Elp1NMBI12RMuA1d,1406.000,bMnaMQqFkOGHDp0m,1436.000,376MU2u+8SnuxMQc,1522.000,j6cPpRGMZFLjdI+l,1573.000,BupgNPzH9jc0Eppp,3671.000,kJub+myNVnivJPH0,,
1,99,2026-04-04T02:27:36.558Z,890.000,8,593.000,saIe+uO82j5dyZ0p,642.000,UZJgGqNAd1DJ7a5N,671.000,376MU2u+8SnuxMQc,689.000,Elp1NMBI12RMuA1d,800.000,BupgNPzH9jc0Eppp,849.000,j6cPpRGMZFLjdI+l,871.000,RghNkEQ73og/VlX2,1104.000,bMnaMQqFkOGHDp0m,,,,
1,100,2026-04-04T02:27:37.448Z,1334.000,8,697.000,saIe+uO82j5dyZ0p,722.000,Elp1NMBI12RMuA1d,739.000,UZJgGqNAd1DJ7a5N,770.000,j6cPpRGMZFLjdI+l,788.000,376MU2u+8SnuxMQc,1299.000,BupgNPzH9jc0Eppp,1317.000,RghNkEQ73og/VlX2,1358.000,bMnaMQqFkOGHDp0m,,,,
1,101,2026-04-04T02:27:38.782Z,785.000,8,464.000,RghNkEQ73og/VlX2,496.000,BupgNPzH9jc0Eppp,511.000,UZJgGqNAd1DJ7a5N,574.000,bMnaMQqFkOGHDp0m,595.000,376MU2u+8SnuxMQc,744.000,Elp1NMBI12RMuA1d,767.000,saIe+uO82j5dyZ0p,806.000,j6cPpRGMZFLjdI+l,,,,
1,102,2026-04-04T02:27:39.567Z,768.000,8,452.000,RghNkEQ73og/VlX2,474.000,UZJgGqNAd1DJ7a5N,587.000,saIe+uO82j5dyZ0p,627.000,Elp1NMBI12RMuA1d,689.000,j6cPpRGMZFLjdI+l,705.000,376MU2u+8SnuxMQc,757.000,bMnaMQqFkOGHDp0m,795.000,BupgNPzH9jc0Eppp,,,,
1,103,2026-04-04T02:27:40.335Z,828.000,8,524.000,BupgNPzH9jc0Eppp,540.000,saIe+uO82j5dyZ0p,556.000,Elp1NMBI12RMuA1d,612.000,bMnaMQqFkOGHDp0m,632.000,UZJgGqNAd1DJ7a5N,662.000,RghNkEQ73og/VlX2,818.000,j6cPpRGMZFLjdI+l,833.000,376MU2u+8SnuxMQc,,,,
1,104,2026-04-04T02:27:41.163Z,799.000,8,472.000,UZJgGqNAd1DJ7a5N,521.000,bMnaMQqFkOGHDp0m,534.000,saIe+uO82j5dyZ0p,567.000,j6cPpRGMZFLjdI+l,589.000,Elp1NMBI12RMuA1d,618.000,376MU2u+8SnuxMQc,786.000,BupgNPzH9jc0Eppp,994.000,RghNkEQ73og/VlX2,,,,
1,105,2026-04-04T02:27:41.962Z,664.000,8,501.000,376MU2u+8SnuxMQc,513.000,Elp1NMBI12RMuA1d,524.000,UZJgGqNAd1DJ7a5N,576.000,BupgNPzH9jc0Eppp,591.000,saIe+uO82j5dyZ0p,625.000,j6cPpRGMZFLjdI+l,658.000,RghNkEQ73og/VlX2,958.000,bMnaMQqFkOGHDp0m,,,,
1,106,2026-04-04T02:27:42.626Z,914.000,8,482.000,saIe+uO82j5dyZ0p,612.000,376MU2u+8SnuxMQc,680.000,RghNkEQ73og/VlX2,800.000,UZJgGqNAd1DJ7a5N,837.000,BupgNPzH9jc0Eppp,847.000,Elp1NMBI12RMuA1d,901.000,bMnaMQqFkOGHDp0m,1302.000,j6cPpRGMZFLjdI+l,,,,
1,107,2026-04-04T02:27:43.540Z,626.000,8,459.000,376MU2u+8SnuxMQc,475.000,RghNkEQ73og/VlX2,488.000,UZJgGqNAd1DJ7a5N,509.000,bMnaMQqFkOGHDp0m,531.000,BupgNPzH9jc0Eppp,600.000,Elp1NMBI12RMuA1d,617.000,saIe+uO82j5dyZ0p,1484.000,j6cPpRGMZFLjdI+l,,,,
1,108,2026-04-04T02:27:44.166Z,522.000,8,338.000,j6cPpRGMZFLjdI+l,354.000,UZJgGqNAd1DJ7a5N,400.000,bMnaMQqFkOGHDp0m,409.000,Elp1NMBI12RMuA1d,425.000,RghNkEQ73og/VlX2,493.000,376MU2u+8SnuxMQc,512.000,saIe+uO82j5dyZ0p,548.000,BupgNPzH9jc0Eppp,,,,
1,109,2026-04-04T02:27:44.688Z,607.000,8,386.000,UZJgGqNAd1DJ7a5N,407.000,j6cPpRGMZFLjdI+l,418.000,saIe+uO82j5dyZ0p,464.000,BupgNPzH9jc0Eppp,478.000,Elp1NMBI12RMuA1d,577.000,376MU2u+8SnuxMQc,600.000,bMnaMQqFkOGHDp0m,885.000,RghNkEQ73og/VlX2,,,,
1,110,2026-04-04T02:27:45.295Z,822.000,8,325.000,376MU2u+8SnuxMQc,369.000,BupgNPzH9jc0Eppp,379.000,Elp1NMBI12RMuA1d,413.000,bMnaMQqFkOGHDp0m,505.000,saIe+uO82j5dyZ0p,789.000,j6cPpRGMZFLjdI+l,806.000,RghNkEQ73og/VlX2,1969.000,UZJgGqNAd1DJ7a5N,,,,
1,111,2026-04-04T02:27:46.117Z,1709.000,8,1345.000,saIe+uO82j5dyZ0p,1397.000,j6cPpRGMZFLjdI+l,1500.000,UZJgGqNAd1DJ7a5N,1527.000,376MU2u+8SnuxMQc,1566.000,BupgNPzH9jc0Eppp,1582.000,RghNkEQ73og/VlX2,1686.000,Elp1NMBI12RMuA1d,2121.000,bMnaMQqFkOGHDp0m,,,,
1,112,2026-04-04T02:27:47.826Z,913.000,8,595.000,saIe+uO82j5dyZ0p,620.000,UZJgGqNAd1DJ7a5N,672.000,376MU2u+8SnuxMQc,769.000,RghNkEQ73og/VlX2,797.000,Elp1NMBI12RMuA1d,860.000,BupgNPzH9jc0Eppp,900.000,bMnaMQqFkOGHDp0m,1480.000,j6cPpRGMZFLjdI+l,,,,
1,113,2026-04-04T02:27:48.739Z,1212.000,8,986.000,saIe+uO82j5dyZ0p,1048.000,bMnaMQqFkOGHDp0m,1070.000,Elp1NMBI12RMuA1d,1106.000,RghNkEQ73og/VlX2,1128.000,376MU2u+8SnuxMQc,1159.000,BupgNPzH9jc0Eppp,1196.000,j6cPpRGMZFLjdI+l,1219.000,UZJgGqNAd1DJ7a5N,,,,
1,114,2026-04-04T02:27:49.951Z,866.000,8,327.000,UZJgGqNAd1DJ7a5N,494.000,376MU2u+8SnuxMQc,520.000,saIe+uO82j5dyZ0p,560.000,Elp1NMBI12RMuA1d,575.000,RghNkEQ73og/VlX2,788.000,BupgNPzH9jc0Eppp,854.000,j6cPpRGMZFLjdI+l,1000.000,bMnaMQqFkOGHDp0m,,,,
1,115,2026-04-04T02:27:50.817Z,839.000,8,652.000,saIe+uO82j5dyZ0p,680.000,UZJgGqNAd1DJ7a5N,720.000,bMnaMQqFkOGHDp0m,734.000,Elp1NMBI12RMuA1d,768.000,376MU2u+8SnuxMQc,803.000,BupgNPzH9jc0Eppp,820.000,RghNkEQ73og/VlX2,1288.000,j6cPpRGMZFLjdI+l,,,,
1,116,2026-04-04T02:27:51.656Z,787.000,8,523.000,376MU2u+8SnuxMQc,548.000,UZJgGqNAd1DJ7a5N,558.000,Elp1NMBI12RMuA1d,635.000,saIe+uO82j5dyZ0p,697.000,bMnaMQqFkOGHDp0m,711.000,RghNkEQ73og/VlX2,776.000,BupgNPzH9jc0Eppp,2154.000,j6cPpRGMZFLjdI+l,,,,
1,117,2026-04-04T02:27:52.443Z,1421.000,8,668.000,saIe+uO82j5dyZ0p,692.000,376MU2u+8SnuxMQc,712.000,UZJgGqNAd1DJ7a5N,809.000,bMnaMQqFkOGHDp0m,957.000,Elp1NMBI12RMuA1d,1312.000,RghNkEQ73og/VlX2,1407.000,BupgNPzH9jc0Eppp,2422.000,j6cPpRGMZFLjdI+l,,,,
1,118,2026-04-04T02:27:53.864Z,1437.000,7,507.000,saIe+uO82j5dyZ0p,528.000,UZJgGqNAd1DJ7a5N,619.000,376MU2u+8SnuxMQc,678.000,Elp1NMBI12RMuA1d,879.000,bMnaMQqFkOGHDp0m,938.000,RghNkEQ73og/VlX2,1423.000,BupgNPzH9jc0Eppp,,,,,,
1,119,2026-04-04T02:27:55.301Z,4141.000,8,1451.000,saIe+uO82j5dyZ0p,1544.000,376MU2u+8SnuxMQc,1575.000,UZJgGqNAd1DJ7a5N,1897.000,bMnaMQqFkOGHDp0m,2595.000,RghNkEQ73og/VlX2,3042.000,Elp1NMBI12RMuA1d,29608.000,BupgNPzH9jc0Eppp,6786.000,j6cPpRGMZFLjdI+l,,,,
1,120,2026-04-04T02:27:59.442Z,,0,,,,,,,,,,,,,,,,,,,,
2,1,2026-04-04T02:25:59.052Z,10757.000,7,6671.000,376MU2u+8SnuxMQc,6977.000,j6cPpRGMZFLjdI+l,8459.000,BupgNPzH9jc0Eppp,8488.000,RghNkEQ73og/VlX2,9612.000,kpmavFL5xFvBXmeS,10722.000,kJub+myNVnivJPH0,10757.000,bMnaMQqFkOGHDp0m,,,,,,
2,2,2026-04-04T02:26:09.809Z,743.000,8,364.000,j6cPpRGMZFLjdI+l,408.000,BupgNPzH9jc0Eppp,410.000,376MU2u+8SnuxMQc,415.000,kJub+myNVnivJPH0,446.000,RghNkEQ73og/VlX2,492.000,kpmavFL5xFvBXmeS,743.000,bMnaMQqFkOGHDp0m,1067.000,Elp1NMBI12RMuA1d,,,,
2,3,2026-04-04T02:26:10.552Z,595.000,9,319.000,j6cPpRGMZFLjdI+l,397.000,kJub+myNVnivJPH0,398.000,376MU2u+8SnuxMQc,402.000,BupgNPzH9jc0Eppp,403.000,RghNkEQ73og/VlX2,484.000,kpmavFL5xFvBXmeS,595.000,saIe+uO82j5dyZ0p,676.000,bMnaMQqFkOGHDp0m,693.000,Elp1NMBI12RMuA1d,,
2,4,2026-04-04T02:26:11.147Z,483.000,10,333.000,j6cPpRGMZFLjdI+l,370.000,saIe+uO82j5dyZ0p,404.000,BupgNPzH9jc0Eppp,406.000,376MU2u+8SnuxMQc,450.000,kJub+myNVnivJPH0,455.000,RghNkEQ73og/VlX2,483.000,bMnaMQqFkOGHDp0m,486.000,kpmavFL5xFvBXmeS,531.000,Elp1NMBI12RMuA1d,767.000,UZJgGqNAd1DJ7a5N
2,5,2026-04-04T02:26:11.630Z,418.000,10,333.000,j6cPpRGMZFLjdI+l,377.000,Elp1NMBI12RMuA1d,406.000,BupgNPzH9jc0Eppp,407.000,kpmavFL5xFvBXmeS,408.000,376MU2u+8SnuxMQc,412.000,RghNkEQ73og/VlX2,418.000,kJub+myNVnivJPH0,419.000,saIe+uO82j5dyZ0p,447.000,bMnaMQqFkOGHDp0m,579.000,UZJgGqNAd1DJ7a5N
2,6,2026-04-04T02:26:12.048Z,409.000,10,325.000,j6cPpRGMZFLjdI+l,392.000,kJub+myNVnivJPH0,395.000,BupgNPzH9jc0Eppp,396.000,kpmavFL5xFvBXmeS,398.000,RghNkEQ73og/VlX2,401.000,376MU2u+8SnuxMQc,408.000,saIe+uO82j5dyZ0p,440.000,bMnaMQqFkOGHDp0m,443.000,Elp1NMBI12RMuA1d,508.000,UZJgGqNAd1DJ7a5N
2,7,2026-04-04T02:26:12.457Z,398.000,10,317.000,j6cPpRGMZFLjdI+l,364.000,Elp1NMBI12RMuA1d,382.000,BupgNPzH9jc0Eppp,394.000,kpmavFL5xFvBXmeS,395.000,UZJgGqNAd1DJ7a5N,397.000,saIe+uO82j5dyZ0p,398.000,RghNkEQ73og/VlX2,399.000,376MU2u+8SnuxMQc,403.000,bMnaMQqFkOGHDp0m,409.000,kJub+myNVnivJPH0
2,8,2026-04-04T02:26:12.855Z,408.000,10,325.000,j6cPpRGMZFLjdI+l,400.000,BupgNPzH9jc0Eppp,401.000,bMnaMQqFkOGHDp0m,402.000,376MU2u+8SnuxMQc,403.000,RghNkEQ73og/VlX2,404.000,saIe+uO82j5dyZ0p,408.000,kJub+myNVnivJPH0,408.000,kpmavFL5xFvBXmeS,442.000,Elp1NMBI12RMuA1d,484.000,UZJgGqNAd1DJ7a5N
2,9,2026-04-04T02:26:13.263Z,402.000,10,324.000,j6cPpRGMZFLjdI+l,367.000,UZJgGqNAd1DJ7a5N,393.000,kJub+myNVnivJPH0,399.000,BupgNPzH9jc0Eppp,399.000,bMnaMQqFkOGHDp0m,401.000,RghNkEQ73og/VlX2,402.000,kpmavFL5xFvBXmeS,406.000,376MU2u+8SnuxMQc,409.000,saIe+uO82j5dyZ0p,437.000,Elp1NMBI12RMuA1d
2,10,2026-04-04T02:26:13.665Z,409.000,10,329.000,j6cPpRGMZFLjdI+l,368.000,Elp1NMBI12RMuA1d,373.000,UZJgGqNAd1DJ7a5N,402.000,bMnaMQqFkOGHDp0m,406.000,kpmavFL5xFvBXmeS,407.000,RghNkEQ73og/VlX2,408.000,saIe+uO82j5dyZ0p,410.000,376MU2u+8SnuxMQc,412.000,kJub+myNVnivJPH0,413.000,BupgNPzH9jc0Eppp
2,11,2026-04-04T02:26:14.074Z,405.000,10,326.000,j6cPpRGMZFLjdI+l,397.000,bMnaMQqFkOGHDp0m,399.000,RghNkEQ73og/VlX2,401.000,Elp1NMBI12RMuA1d,402.000,kpmavFL5xFvBXmeS,404.000,BupgNPzH9jc0Eppp,405.000,saIe+uO82j5dyZ0p,409.000,UZJgGqNAd1DJ7a5N,411.000,376MU2u+8SnuxMQc,412.000,kJub+myNVnivJPH0
2,12,2026-04-04T02:26:14.479Z,407.000,10,324.000,j6cPpRGMZFLjdI+l,400.000,RghNkEQ73og/VlX2,401.000,kpmavFL5xFvBXmeS,402.000,kJub+myNVnivJPH0,404.000,BupgNPzH9jc0Eppp,406.000,376MU2u+8SnuxMQc,407.000,saIe+uO82j5dyZ0p,408.000,UZJgGqNAd1DJ7a5N,412.000,Elp1NMBI12RMuA1d,415.000,bMnaMQqFkOGHDp0m
2,13,2026-04-04T02:26:14.886Z,407.000,10,324.000,j6cPpRGMZFLjdI+l,363.000,UZJgGqNAd1DJ7a5N,398.000,bMnaMQqFkOGHDp0m,403.000,BupgNPzH9jc0Eppp,404.000,Elp1NMBI12RMuA1d,406.000,kpmavFL5xFvBXmeS,407.000,376MU2u+8SnuxMQc,408.000,kJub+myNVnivJPH0,409.000,saIe+uO82j5dyZ0p,411.000,RghNkEQ73og/VlX2
2,14,2026-04-04T02:26:15.293Z,405.000,10,322.000,j6cPpRGMZFLjdI+l,396.000,BupgNPzH9jc0Eppp,399.000,kpmavFL5xFvBXmeS,400.000,bMnaMQqFkOGHDp0m,402.000,376MU2u+8SnuxMQc,403.000,Elp1NMBI12RMuA1d,404.000,RghNkEQ73og/VlX2,406.000,kJub+myNVnivJPH0,409.000,saIe+uO82j5dyZ0p,411.000,UZJgGqNAd1DJ7a5N
2,15,2026-04-04T02:26:15.698Z,408.000,10,323.000,j6cPpRGMZFLjdI+l,398.000,bMnaMQqFkOGHDp0m,400.000,Elp1NMBI12RMuA1d,401.000,kJub+myNVnivJPH0,405.000,kpmavFL5xFvBXmeS,406.000,UZJgGqNAd1DJ7a5N,408.000,saIe+uO82j5dyZ0p,409.000,BupgNPzH9jc0Eppp,411.000,376MU2u+8SnuxMQc,413.000,RghNkEQ73og/VlX2
2,16,2026-04-04T02:26:16.106Z,405.000,10,323.000,j6cPpRGMZFLjdI+l,392.000,376MU2u+8SnuxMQc,399.000,Elp1NMBI12RMuA1d,401.000,kpmavFL5xFvBXmeS,402.000,UZJgGqNAd1DJ7a5N,404.000,BupgNPzH9jc0Eppp,405.000,saIe+uO82j5dyZ0p,406.000,bMnaMQqFkOGHDp0m,407.000,kJub+myNVnivJPH0,409.000,RghNkEQ73og/VlX2
2,17,2026-04-04T02:26:16.511Z,407.000,10,325.000,j6cPpRGMZFLjdI+l,393.000,BupgNPzH9jc0Eppp,400.000,bMnaMQqFkOGHDp0m,402.000,saIe+uO82j5dyZ0p,404.000,kJub+myNVnivJPH0,406.000,UZJgGqNAd1DJ7a5N,407.000,kpmavFL5xFvBXmeS,408.000,Elp1NMBI12RMuA1d,414.000,RghNkEQ73og/VlX2,415.000,376MU2u+8SnuxMQc
2,18,2026-04-04T02:26:16.918Z,408.000,10,325.000,j6cPpRGMZFLjdI+l,395.000,BupgNPzH9jc0Eppp,398.000,376MU2u+8SnuxMQc,399.000,Elp1NMBI12RMuA1d,404.000,RghNkEQ73og/VlX2,406.000,kJub+myNVnivJPH0,408.000,kpmavFL5xFvBXmeS,409.000,UZJgGqNAd1DJ7a5N,411.000,saIe+uO82j5dyZ0p,414.000,bMnaMQqFkOGHDp0m
2,19,2026-04-04T02:26:17.326Z,405.000,10,325.000,j6cPpRGMZFLjdI+l,393.000,kpmavFL5xFvBXmeS,399.000,376MU2u+8SnuxMQc,401.000,BupgNPzH9jc0Eppp,402.000,Elp1NMBI12RMuA1d,403.000,UZJgGqNAd1DJ7a5N,405.000,RghNkEQ73og/VlX2,411.000,bMnaMQqFkOGHDp0m,412.000,kJub+myNVnivJPH0,414.000,saIe+uO82j5dyZ0p
2,20,2026-04-04T02:26:17.731Z,403.000,10,322.000,j6cPpRGMZFLjdI+l,392.000,saIe+uO82j5dyZ0p,395.000,376MU2u+8SnuxMQc,396.000,kJub+myNVnivJPH0,400.000,Elp1NMBI12RMuA1d,402.000,bMnaMQqFkOGHDp0m,403.000,UZJgGqNAd1DJ7a5N,406.000,BupgNPzH9jc0Eppp,408.000,kpmavFL5xFvBXmeS,411.000,RghNkEQ73og/VlX2
2,21,2026-04-04T02:26:18.134Z,407.000,10,324.000,j6cPpRGMZFLjdI+l,401.000,RghNkEQ73og/VlX2,402.000,UZJgGqNAd1DJ7a5N,403.000,BupgNPzH9jc0Eppp,405.000,kpmavFL5xFvBXmeS,406.000,376MU2u+8SnuxMQc,407.000,kJub+myNVnivJPH0,408.000,saIe+uO82j5dyZ0p,410.000,Elp1NMBI12RMuA1d,412.000,bMnaMQqFkOGHDp0m
2,22,2026-04-04T02:26:18.541Z,409.000,10,326.000,j6cPpRGMZFLjdI+l,398.000,kJub+myNVnivJPH0,400.000,RghNkEQ73og/VlX2,401.000,bMnaMQqFkOGHDp0m,402.000,Elp1NMBI12RMuA1d,405.000,saIe+uO82j5dyZ0p,409.000,376MU2u+8SnuxMQc,410.000,kpmavFL5xFvBXmeS,412.000,UZJgGqNAd1DJ7a5N,414.000,BupgNPzH9jc0Eppp
2,23,2026-04-04T02:26:18.950Z,404.000,10,323.000,j6cPpRGMZFLjdI+l,394.000,kpmavFL5xFvBXmeS,399.000,saIe+uO82j5dyZ0p,400.000,bMnaMQqFkOGHDp0m,401.000,BupgNPzH9jc0Eppp,403.000,kJub+myNVnivJPH0,404.000,RghNkEQ73og/VlX2,405.000,UZJgGqNAd1DJ7a5N,406.000,376MU2u+8SnuxMQc,413.000,Elp1NMBI12RMuA1d
2,24,2026-04-04T02:26:19.354Z,408.000,10,326.000,j6cPpRGMZFLjdI+l,396.000,saIe+uO82j5dyZ0p,402.000,UZJgGqNAd1DJ7a5N,403.000,bMnaMQqFkOGHDp0m,405.000,kpmavFL5xFvBXmeS,406.000,376MU2u+8SnuxMQc,408.000,BupgNPzH9jc0Eppp,409.000,RghNkEQ73og/VlX2,411.000,kJub+myNVnivJPH0,412.000,Elp1NMBI12RMuA1d
2,25,2026-04-04T02:26:19.762Z,408.000,10,325.000,j6cPpRGMZFLjdI+l,397.000,BupgNPzH9jc0Eppp,399.000,saIe+uO82j5dyZ0p,401.000,376MU2u+8SnuxMQc,405.000,UZJgGqNAd1DJ7a5N,407.000,Elp1NMBI12RMuA1d,408.000,bMnaMQqFkOGHDp0m,409.000,RghNkEQ73og/VlX2,410.000,kJub+myNVnivJPH0,412.000,kpmavFL5xFvBXmeS
2,26,2026-04-04T02:26:20.170Z,406.000,10,323.000,j6cPpRGMZFLjdI+l,392.000,saIe+uO82j5dyZ0p,394.000,RghNkEQ73og/VlX2,399.000,bMnaMQqFkOGHDp0m,400.000,kJub+myNVnivJPH0,401.000,kpmavFL5xFvBXmeS,406.000,UZJgGqNAd1DJ7a5N,407.000,Elp1NMBI12RMuA1d,409.000,376MU2u+8SnuxMQc,410.000,BupgNPzH9jc0Eppp
2,27,2026-04-04T02:26:20.576Z,405.000,10,320.000,j6cPpRGMZFLjdI+l,396.000,UZJgGqNAd1DJ7a5N,399.000,saIe+uO82j5dyZ0p,400.000,kJub+myNVnivJPH0,401.000,376MU2u+8SnuxMQc,402.000,bMnaMQqFkOGHDp0m,405.000,kpmavFL5xFvBXmeS,406.000,BupgNPzH9jc0Eppp,407.000,Elp1NMBI12RMuA1d,409.000,RghNkEQ73og/VlX2
2,28,2026-04-04T02:26:20.981Z,406.000,10,325.000,j6cPpRGMZFLjdI+l,395.000,Elp1NMBI12RMuA1d,399.000,UZJgGqNAd1DJ7a5N,401.000,RghNkEQ73og/VlX2,402.000,BupgNPzH9jc0Eppp,403.000,saIe+uO82j5dyZ0p,406.000,kJub+myNVnivJPH0,407.000,376MU2u+8SnuxMQc,408.000,kpmavFL5xFvBXmeS,410.000,bMnaMQqFkOGHDp0m
2,29,2026-04-04T02:26:21.387Z,409.000,10,327.000,j6cPpRGMZFLjdI+l,399.000,kpmavFL5xFvBXmeS,401.000,saIe+uO82j5dyZ0p,402.000,UZJgGqNAd1DJ7a5N,404.000,376MU2u+8SnuxMQc,407.000,BupgNPzH9jc0Eppp,409.000,kJub+myNVnivJPH0,410.000,RghNkEQ73og/VlX2,411.000,Elp1NMBI12RMuA1d,413.000,bMnaMQqFkOGHDp0m
2,30,2026-04-04T02:26:21.796Z,405.000,10,323.000,j6cPpRGMZFLjdI+l,397.000,kpmavFL5xFvBXmeS,400.000,UZJgGqNAd1DJ7a5N,402.000,bMnaMQqFkOGHDp0m,403.000,BupgNPzH9jc0Eppp,404.000,saIe+uO82j5dyZ0p,405.000,Elp1NMBI12RMuA1d,407.000,kJub+myNVnivJPH0,408.000,RghNkEQ73og/VlX2,411.000,376MU2u+8SnuxMQc
2,31,2026-04-04T02:26:22.201Z,407.000,10,324.000,j6cPpRGMZFLjdI+l,399.000,kpmavFL5xFvBXmeS,401.000,kJub+myNVnivJPH0,402.000,UZJgGqNAd1DJ7a5N,403.000,376MU2u+8SnuxMQc,406.000,BupgNPzH9jc0Eppp,407.000,bMnaMQqFkOGHDp0m,409.000,RghNkEQ73og/VlX2,410.000,Elp1NMBI12RMuA1d,411.000,saIe+uO82j5dyZ0p
2,32,2026-04-04T02:26:22.608Z,404.000,10,321.000,j6cPpRGMZFLjdI+l,398.000,Elp1NMBI12RMuA1d,399.000,376MU2u+8SnuxMQc,400.000,saIe+uO82j5dyZ0p,402.000,RghNkEQ73og/VlX2,403.000,BupgNPzH9jc0Eppp,404.000,kpmavFL5xFvBXmeS,405.000,bMnaMQqFkOGHDp0m,407.000,kJub+myNVnivJPH0,413.000,UZJgGqNAd1DJ7a5N
2,33,2026-04-04T02:26:23.012Z,409.000,10,329.000,j6cPpRGMZFLjdI+l,398.000,kpmavFL5xFvBXmeS,400.000,Elp1NMBI12RMuA1d,401.000,RghNkEQ73og/VlX2,402.000,bMnaMQqFkOGHDp0m,405.000,UZJgGqNAd1DJ7a5N,408.000,kJub+myNVnivJPH0,410.000,BupgNPzH9jc0Eppp,411.000,376MU2u+8SnuxMQc,417.000,saIe+uO82j5dyZ0p
2,34,2026-04-04T02:26:23.421Z,407.000,10,322.000,j6cPpRGMZFLjdI+l,398.000,saIe+uO82j5dyZ0p,400.000,Elp1NMBI12RMuA1d,401.000,kpmavFL5xFvBXmeS,403.000,bMnaMQqFkOGHDp0m,406.000,376MU2u+8SnuxMQc,407.000,UZJgGqNAd1DJ7a5N,408.000,kJub+myNVnivJPH0,409.000,RghNkEQ73og/VlX2,410.000,BupgNPzH9jc0Eppp
2,35,2026-04-04T02:26:23.828Z,403.000,10,320.000,j6cPpRGMZFLjdI+l,394.000,376MU2u+8SnuxMQc,395.000,kpmavFL5xFvBXmeS,398.000,bMnaMQqFkOGHDp0m,400.000,RghNkEQ73og/VlX2,401.000,UZJgGqNAd1DJ7a5N,402.000,BupgNPzH9jc0Eppp,406.000,kJub+myNVnivJPH0,408.000,Elp1NMBI12RMuA1d,413.000,saIe+uO82j5dyZ0p
2,36,2026-04-04T02:26:24.231Z,411.000,10,329.000,j6cPpRGMZFLjdI+l,397.000,376MU2u+8SnuxMQc,398.000,kJub+myNVnivJPH0,404.000,UZJgGqNAd1DJ7a5N,405.000,RghNkEQ73og/VlX2,407.000,BupgNPzH9jc0Eppp,411.000,bMnaMQqFkOGHDp0m,412.000,kpmavFL5xFvBXmeS,413.000,saIe+uO82j5dyZ0p,423.000,Elp1NMBI12RMuA1d
2,37,2026-04-04T02:26:24.642Z,664.000,7,338.000,Elp1NMBI12RMuA1d,492.000,bMnaMQqFkOGHDp0m,503.000,UZJgGqNAd1DJ7a5N,566.000,j6cPpRGMZFLjdI+l,576.000,RghNkEQ73og/VlX2,584.000,saIe+uO82j5dyZ0p,663.000,376MU2u+8SnuxMQc,,,,,,
2,38,2026-04-04T02:26:25.306Z,645.000,9,454.000,j6cPpRGMZFLjdI+l,572.000,BupgNPzH9jc0Eppp,586.000,RghNkEQ73og/VlX2,603.000,Elp1NMBI12RMuA1d,609.000,UZJgGqNAd1DJ7a5N,615.000,376MU2u+8SnuxMQc,640.000,saIe+uO82j5dyZ0p,663.000,kJub+myNVnivJPH0,1094.000,kpmavFL5xFvBXmeS,,
2,39,2026-04-04T02:26:25.951Z,794.000,10,641.000,Elp1NMBI12RMuA1d,655.000,j6cPpRGMZFLjdI+l,670.000,UZJgGqNAd1DJ7a5N,706.000,BupgNPzH9jc0Eppp,733.000,kJub+myNVnivJPH0,757.000,kpmavFL5xFvBXmeS,785.000,saIe+uO82j5dyZ0p,796.000,RghNkEQ73og/VlX2,874.000,376MU2u+8SnuxMQc,926.000,bMnaMQqFkOGHDp0m
2,40,2026-04-04T02:26:26.745Z,782.000,10,601.000,j6cPpRGMZFLjdI+l,653.000,bMnaMQqFkOGHDp0m,685.000,kJub+myNVnivJPH0,709.000,BupgNPzH9jc0Eppp,721.000,376MU2u+8SnuxMQc,758.000,kpmavFL5xFvBXmeS,773.000,RghNkEQ73og/VlX2,814.000,saIe+uO82j5dyZ0p,897.000,UZJgGqNAd1DJ7a5N,913.000,Elp1NMBI12RMuA1d
2,41,2026-04-04T02:26:27.527Z,892.000,10,643.000,j6cPpRGMZFLjdI+l,695.000,Elp1NMBI12RMuA1d,732.000,376MU2u+8SnuxMQc,789.000,kpmavFL5xFvBXmeS,826.000,bMnaMQqFkOGHDp0m,855.000,saIe+uO82j5dyZ0p,883.000,kJub+myNVnivJPH0,896.000,UZJgGqNAd1DJ7a5N,923.000,RghNkEQ73og/VlX2,1514.000,BupgNPzH9jc0Eppp
2,42,2026-04-04T02:26:28.419Z,1330.000,10,1009.000,376MU2u+8SnuxMQc,1072.000,bMnaMQqFkOGHDp0m,1097.000,j6cPpRGMZFLjdI+l,1142.000,saIe+uO82j5dyZ0p,1177.000,kJub+myNVnivJPH0,1195.000,UZJgGqNAd1DJ7a5N,1311.000,RghNkEQ73og/VlX2,1365.000,BupgNPzH9jc0Eppp,1462.000,kpmavFL5xFvBXmeS,1532.000,Elp1NMBI12RMuA1d
2,43,2026-04-04T02:26:29.749Z,1158.000,10,734.000,j6cPpRGMZFLjdI+l,938.000,Elp1NMBI12RMuA1d,964.000,376MU2u+8SnuxMQc,1010.000,saIe+uO82j5dyZ0p,1057.000,bMnaMQqFkOGHDp0m,1101.000,BupgNPzH9jc0Eppp,1144.000,kpmavFL5xFvBXmeS,1164.000,RghNkEQ73og/VlX2,1219.000,kJub+myNVnivJPH0,1239.000,UZJgGqNAd1DJ7a5N
2,44,2026-04-04T02:26:30.907Z,1160.000,10,878.000,RghNkEQ73og/VlX2,907.000,376MU2u+8SnuxMQc,968.000,j6cPpRGMZFLjdI+l,996.000,Elp1NMBI12RMuA1d,1068.000,bMnaMQqFkOGHDp0m,1108.000,kpmavFL5xFvBXmeS,1128.000,UZJgGqNAd1DJ7a5N,1197.000,BupgNPzH9jc0Eppp,1245.000,kJub+myNVnivJPH0,1350.000,saIe+uO82j5dyZ0p
2,45,2026-04-04T02:26:32.067Z,1211.000,10,773.000,j6cPpRGMZFLjdI+l,938.000,376MU2u+8SnuxMQc,988.000,kpmavFL5xFvBXmeS,1008.000,Elp1NMBI12RMuA1d,1084.000,RghNkEQ73og/VlX2,1127.000,UZJgGqNAd1DJ7a5N,1195.000,saIe+uO82j5dyZ0p,1312.000,bMnaMQqFkOGHDp0m,1451.000,kJub+myNVnivJPH0,1610.000,BupgNPzH9jc0Eppp
2,46,2026-04-04T02:26:33.278Z,1005.000,10,801.000,Elp1NMBI12RMuA1d,827.000,j6cPpRGMZFLjdI+l,856.000,376MU2u+8SnuxMQc,898.000,saIe+uO82j5dyZ0p,940.000,kJub+myNVnivJPH0,957.000,UZJgGqNAd1DJ7a5N,989.000,RghNkEQ73og/VlX2,1029.000,bMnaMQqFkOGHDp0m,1287.000,BupgNPzH9jc0Eppp,1362.000,kpmavFL5xFvBXmeS
2,47,2026-04-04T02:26:34.283Z,1091.000,10,745.000,j6cPpRGMZFLjdI+l,768.000,376MU2u+8SnuxMQc,923.000,bMnaMQqFkOGHDp0m,959.000,kJub+myNVnivJPH0,1037.000,BupgNPzH9jc0Eppp,1056.000,Elp1NMBI12RMuA1d,1082.000,UZJgGqNAd1DJ7a5N,1119.000,RghNkEQ73og/VlX2,1220.000,saIe+uO82j5dyZ0p,1315.000,kpmavFL5xFvBXmeS
2,48,2026-04-04T02:26:35.374Z,1114.000,10,879.000,j6cPpRGMZFLjdI+l,939.000,kpmavFL5xFvBXmeS,984.000,kJub+myNVnivJPH0,1003.000,UZJgGqNAd1DJ7a5N,1053.000,saIe+uO82j5dyZ0p,1076.000,Elp1NMBI12RMuA1d,1102.000,376MU2u+8SnuxMQc,1119.000,RghNkEQ73og/VlX2,1156.000,BupgNPzH9jc0Eppp,1197.000,bMnaMQqFkOGHDp0m
2,49,2026-04-04T02:26:36.488Z,953.000,10,697.000,j6cPpRGMZFLjdI+l,771.000,Elp1NMBI12RMuA1d,784.000,376MU2u+8SnuxMQc,834.000,saIe+uO82j5dyZ0p,852.000,RghNkEQ73og/VlX2,873.000,UZJgGqNAd1DJ7a5N,941.000,kJub+myNVnivJPH0,1007.000,kpmavFL5xFvBXmeS,1095.000,BupgNPzH9jc0Eppp,1181.000,bMnaMQqFkOGHDp0m
2,50,2026-04-04T02:26:37.441Z,915.000,10,674.000,j6cPpRGMZFLjdI+l,702.000,376MU2u+8SnuxMQc,777.000,kJub+myNVnivJPH0,792.000,RghNkEQ73og/VlX2,851.000,kpmavFL5xFvBXmeS,867.000,Elp1NMBI12RMuA1d,907.000,UZJgGqNAd1DJ7a5N,1082.000,bMnaMQqFkOGHDp0m,1200.000,BupgNPzH9jc0Eppp,1235.000,saIe+uO82j5dyZ0p
2,51,2026-04-04T02:26:38.356Z,921.000,10,633.000,376MU2u+8SnuxMQc,661.000,j6cPpRGMZFLjdI+l,744.000,UZJgGqNAd1DJ7a5N,822.000,bMnaMQqFkOGHDp0m,852.000,kpmavFL5xFvBXmeS,882.000,kJub+myNVnivJPH0,910.000,saIe+uO82j5dyZ0p,925.000,Elp1NMBI12RMuA1d,1009.000,RghNkEQ73og/VlX2,1225.000,BupgNPzH9jc0Eppp
2,52,2026-04-04T02:26:39.277Z,928.000,10,672.000,j6cPpRGMZFLjdI+l,692.000,Elp1NMBI12RMuA1d,727.000,UZJgGqNAd1DJ7a5N,801.000,bMnaMQqFkOGHDp0m,842.000,kpmavFL5xFvBXmeS,876.000,kJub+myNVnivJPH0,917.000,saIe+uO82j5dyZ0p,946.000,BupgNPzH9jc0Eppp,963.000,RghNkEQ73og/VlX2,1499.000,376MU2u+8SnuxMQc
2,53,2026-04-04T02:26:40.205Z,900.000,10,619.000,j6cPpRGMZFLjdI+l,725.000,kJub+myNVnivJPH0,777.000,kpmavFL5xFvBXmeS,818.000,saIe+uO82j5dyZ0p,835.000,Elp1NMBI12RMuA1d,868.000,UZJgGqNAd1DJ7a5N,890.000,376MU2u+8SnuxMQc,952.000,BupgNPzH9jc0Eppp,990.000,bMnaMQqFkOGHDp0m,1300.000,RghNkEQ73og/VlX2
2,54,2026-04-04T02:26:41.105Z,1049.000,10,737.000,j6cPpRGMZFLjdI+l,810.000,Elp1NMBI12RMuA1d,880.000,saIe+uO82j5dyZ0p,933.000,kJub+myNVnivJPH0,974.000,bMnaMQqFkOGHDp0m,1009.000,kpmavFL5xFvBXmeS,1022.000,UZJgGqNAd1DJ7a5N,1053.000,376MU2u+8SnuxMQc,1211.000,BupgNPzH9jc0Eppp,1784.000,RghNkEQ73og/VlX2
2,55,2026-04-04T02:26:42.154Z,1051.000,10,756.000,j6cPpRGMZFLjdI+l,794.000,saIe+uO82j5dyZ0p,864.000,376MU2u+8SnuxMQc,943.000,bMnaMQqFkOGHDp0m,980.000,kpmavFL5xFvBXmeS,997.000,Elp1NMBI12RMuA1d,1036.000,kJub+myNVnivJPH0,1144.000,UZJgGqNAd1DJ7a5N,1324.000,BupgNPzH9jc0Eppp,1825.000,RghNkEQ73og/VlX2
2,56,2026-04-04T02:26:43.205Z,1013.000,10,682.000,j6cPpRGMZFLjdI+l,736.000,kJub+myNVnivJPH0,753.000,Elp1NMBI12RMuA1d,857.000,376MU2u+8SnuxMQc,872.000,UZJgGqNAd1DJ7a5N,960.000,kpmavFL5xFvBXmeS,1001.000,saIe+uO82j5dyZ0p,1283.000,bMnaMQqFkOGHDp0m,1346.000,BupgNPzH9jc0Eppp,1867.000,RghNkEQ73og/VlX2
2,57,2026-04-04T02:26:44.218Z,1105.000,10,502.000,j6cPpRGMZFLjdI+l,766.000,376MU2u+8SnuxMQc,794.000,UZJgGqNAd1DJ7a5N,836.000,kpmavFL5xFvBXmeS,962.000,Elp1NMBI12RMuA1d,1051.000,kJub+myNVnivJPH0,1086.000,saIe+uO82j5dyZ0p,1427.000,BupgNPzH9jc0Eppp,1615.000,bMnaMQqFkOGHDp0m,1913.000,RghNkEQ73og/VlX2
2,58,2026-04-04T02:26:45.323Z,929.000,10,669.000,Elp1NMBI12RMuA1d,690.000,j6cPpRGMZFLjdI+l,711.000,376MU2u+8SnuxMQc,750.000,kJub+myNVnivJPH0,788.000,saIe+uO82j5dyZ0p,881.000,UZJgGqNAd1DJ7a5N,914.000,kpmavFL5xFvBXmeS,1312.000,BupgNPzH9jc0Eppp,1380.000,bMnaMQqFkOGHDp0m,1969.000,RghNkEQ73og/VlX2
2,59,2026-04-04T02:26:46.252Z,1035.000,9,353.000,UZJgGqNAd1DJ7a5N,402.000,j6cPpRGMZFLjdI+l,562.000,kJub+myNVnivJPH0,777.000,Elp1NMBI12RMuA1d,835.000,saIe+uO82j5dyZ0p,903.000,376MU2u+8SnuxMQc,1021.000,kpmavFL5xFvBXmeS,1322.000,BupgNPzH9jc0Eppp,1356.000,bMnaMQqFkOGHDp0m,,
2,60,2026-04-04T02:26:47.287Z,972.000,9,626.000,j6cPpRGMZFLjdI+l,705.000,376MU2u+8SnuxMQc,748.000,kpmavFL5xFvBXmeS,808.000,saIe+uO82j5dyZ0p,832.000,UZJgGqNAd1DJ7a5N,856.000,Elp1NMBI12RMuA1d,956.000,kJub+myNVnivJPH0,1245.000,bMnaMQqFkOGHDp0m,1498.000,BupgNPzH9jc0Eppp,,
2,61,2026-04-04T02:26:48.259Z,1255.000,10,664.000,j6cPpRGMZFLjdI+l,854.000,Elp1NMBI12RMuA1d,898.000,saIe+uO82j5dyZ0p,931.000,kJub+myNVnivJPH0,950.000,376MU2u+8SnuxMQc,1053.000,UZJgGqNAd1DJ7a5N,1234.000,kpmavFL5xFvBXmeS,1464.000,bMnaMQqFkOGHDp0m,1814.000,BupgNPzH9jc0Eppp,2779.000,RghNkEQ73og/VlX2
2,62,2026-04-04T02:26:49.514Z,985.000,9,646.000,j6cPpRGMZFLjdI+l,672.000,376MU2u+8SnuxMQc,705.000,Elp1NMBI12RMuA1d,729.000,UZJgGqNAd1DJ7a5N,885.000,kpmavFL5xFvBXmeS,932.000,kJub+myNVnivJPH0,971.000,saIe+uO82j5dyZ0p,1009.000,bMnaMQqFkOGHDp0m,1431.000,BupgNPzH9jc0Eppp,,
2,63,2026-04-04T02:26:50.499Z,1016.000,9,793.000,j6cPpRGMZFLjdI+l,829.000,kJub+myNVnivJPH0,849.000,Elp1NMBI12RMuA1d,883.000,bMnaMQqFkOGHDp0m,948.000,UZJgGqNAd1DJ7a5N,986.000,saIe+uO82j5dyZ0p,1004.000,376MU2u+8SnuxMQc,1164.000,kpmavFL5xFvBXmeS,1283.000,BupgNPzH9jc0Eppp,,
2,64,2026-04-04T02:26:51.515Z,1030.000,9,654.000,j6cPpRGMZFLjdI+l,689.000,Elp1NMBI12RMuA1d,715.000,UZJgGqNAd1DJ7a5N,845.000,376MU2u+8SnuxMQc,939.000,saIe+uO82j5dyZ0p,980.000,kJub+myNVnivJPH0,1017.000,kpmavFL5xFvBXmeS,1305.000,bMnaMQqFkOGHDp0m,1363.000,BupgNPzH9jc0Eppp,,
2,65,2026-04-04T02:26:52.545Z,1123.000,9,743.000,j6cPpRGMZFLjdI+l,934.000,kpmavFL5xFvBXmeS,961.000,UZJgGqNAd1DJ7a5N,1005.000,kJub+myNVnivJPH0,1046.000,saIe+uO82j5dyZ0p,1087.000,bMnaMQqFkOGHDp0m,1107.000,376MU2u+8SnuxMQc,1129.000,Elp1NMBI12RMuA1d,1272.000,BupgNPzH9jc0Eppp,,
2,66,2026-04-04T02:26:53.668Z,896.000,9,698.000,UZJgGqNAd1DJ7a5N,722.000,j6cPpRGMZFLjdI+l,761.000,bMnaMQqFkOGHDp0m,789.000,376MU2u+8SnuxMQc,824.000,BupgNPzH9jc0Eppp,845.000,Elp1NMBI12RMuA1d,881.000,kpmavFL5xFvBXmeS,977.000,saIe+uO82j5dyZ0p,1446.000,kJub+myNVnivJPH0,,
2,67,2026-04-04T02:26:54.564Z,1153.000,10,505.000,j6cPpRGMZFLjdI+l,708.000,saIe+uO82j5dyZ0p,814.000,Elp1NMBI12RMuA1d,927.000,UZJgGqNAd1DJ7a5N,1069.000,BupgNPzH9jc0Eppp,1111.000,kpmavFL5xFvBXmeS,1127.000,376MU2u+8SnuxMQc,1295.000,kJub+myNVnivJPH0,1706.000,bMnaMQqFkOGHDp0m,1835.000,RghNkEQ73og/VlX2
2,68,2026-04-04T02:26:55.717Z,1214.000,10,644.000,UZJgGqNAd1DJ7a5N,735.000,376MU2u+8SnuxMQc,750.000,Elp1NMBI12RMuA1d,764.000,j6cPpRGMZFLjdI+l,898.000,kJub+myNVnivJPH0,1014.000,kpmavFL5xFvBXmeS,1199.000,saIe+uO82j5dyZ0p,1369.000,BupgNPzH9jc0Eppp,1411.000,bMnaMQqFkOGHDp0m,1874.000,RghNkEQ73og/VlX2
2,69,2026-04-04T02:26:56.931Z,1059.000,10,830.000,Elp1NMBI12RMuA1d,856.000,j6cPpRGMZFLjdI+l,881.000,376MU2u+8SnuxMQc,932.000,bMnaMQqFkOGHDp0m,961.000,UZJgGqNAd1DJ7a5N,1007.000,saIe+uO82j5dyZ0p,1044.000,BupgNPzH9jc0Eppp,1100.000,kpmavFL5xFvBXmeS,1193.000,RghNkEQ73og/VlX2,1774.000,kJub+myNVnivJPH0
2,70,2026-04-04T02:26:57.990Z,1002.000,10,663.000,j6cPpRGMZFLjdI+l,847.000,kpmavFL5xFvBXmeS,882.000,bMnaMQqFkOGHDp0m,900.000,Elp1NMBI12RMuA1d,930.000,376MU2u+8SnuxMQc,951.000,UZJgGqNAd1DJ7a5N,990.000,BupgNPzH9jc0Eppp,1019.000,RghNkEQ73og/VlX2,1157.000,saIe+uO82j5dyZ0p,1720.000,kJub+myNVnivJPH0
2,71,2026-04-04T02:26:58.992Z,1278.000,10,646.000,j6cPpRGMZFLjdI+l,800.000,376MU2u+8SnuxMQc,820.000,Elp1NMBI12RMuA1d,853.000,kpmavFL5xFvBXmeS,922.000,BupgNPzH9jc0Eppp,1079.000,UZJgGqNAd1DJ7a5N,1264.000,saIe+uO82j5dyZ0p,1286.000,RghNkEQ73og/VlX2,1373.000,bMnaMQqFkOGHDp0m,1532.000,kJub+myNVnivJPH0
2,72,2026-04-04T02:27:00.270Z,1049.000,10,714.000,j6cPpRGMZFLjdI+l,759.000,kpmavFL5xFvBXmeS,798.000,bMnaMQqFkOGHDp0m,830.000,Elp1NMBI12RMuA1d,856.000,UZJgGqNAd1DJ7a5N,908.000,376MU2u+8SnuxMQc,1029.000,saIe+uO82j5dyZ0p,1083.000,BupgNPzH9jc0Eppp,1353.000,RghNkEQ73og/VlX2,1434.000,kJub+myNVnivJPH0
2,73,2026-04-04T02:27:01.319Z,906.000,10,702.000,j6cPpRGMZFLjdI+l,763.000,saIe+uO82j5dyZ0p,797.000,376MU2u+8SnuxMQc,813.000,UZJgGqNAd1DJ7a5N,840.000,kJub+myNVnivJPH0,874.000,BupgNPzH9jc0Eppp,891.000,Elp1NMBI12RMuA1d,980.000,RghNkEQ73og/VlX2,1044.000,kpmavFL5xFvBXmeS,1315.000,bMnaMQqFkOGHDp0m
2,74,2026-04-04T02:27:02.225Z,1153.000,10,655.000,j6cPpRGMZFLjdI+l,845.000,Elp1NMBI12RMuA1d,923.000,376MU2u+8SnuxMQc,982.000,kJub+myNVnivJPH0,1077.000,kpmavFL5xFvBXmeS,1093.000,UZJgGqNAd1DJ7a5N,1141.000,saIe+uO82j5dyZ0p,1175.000,BupgNPzH9jc0Eppp,1630.000,RghNkEQ73og/VlX2,1937.000,bMnaMQqFkOGHDp0m
2,75,2026-04-04T02:27:03.378Z,1302.000,10,1052.000,kpmavFL5xFvBXmeS,1128.000,j6cPpRGMZFLjdI+l,1149.000,376MU2u+8SnuxMQc,1182.000,bMnaMQqFkOGHDp0m,1198.000,UZJgGqNAd1DJ7a5N,1222.000,Elp1NMBI12RMuA1d,1287.000,kJub+myNVnivJPH0,1422.000,saIe+uO82j5dyZ0p,1441.000,RghNkEQ73og/VlX2,1748.000,BupgNPzH9jc0Eppp
2,76,2026-04-04T02:27:04.680Z,1238.000,10,789.000,j6cPpRGMZFLjdI+l,947.000,kJub+myNVnivJPH0,967.000,376MU2u+8SnuxMQc,998.000,UZJgGqNAd1DJ7a5N,1050.000,Elp1NMBI12RMuA1d,1180.000,kpmavFL5xFvBXmeS,1226.000,bMnaMQqFkOGHDp0m,1285.000,BupgNPzH9jc0Eppp,1339.000,RghNkEQ73og/VlX2,1494.000,saIe+uO82j5dyZ0p
2,77,2026-04-04T02:27:05.918Z,1287.000,10,980.000,j6cPpRGMZFLjdI+l,1004.000,Elp1NMBI12RMuA1d,1031.000,UZJgGqNAd1DJ7a5N,1086.000,376MU2u+8SnuxMQc,1168.000,kpmavFL5xFvBXmeS,1229.000,kJub+myNVnivJPH0,1271.000,bMnaMQqFkOGHDp0m,1313.000,BupgNPzH9jc0Eppp,1784.000,RghNkEQ73og/VlX2,1837.000,saIe+uO82j5dyZ0p
2,78,2026-04-04T02:27:07.205Z,1172.000,10,767.000,j6cPpRGMZFLjdI+l,894.000,UZJgGqNAd1DJ7a5N,995.000,376MU2u+8SnuxMQc,1038.000,bMnaMQqFkOGHDp0m,1090.000,BupgNPzH9jc0Eppp,1131.000,kJub+myNVnivJPH0,1162.000,Elp1NMBI12RMuA1d,1791.000,kpmavFL5xFvBXmeS,1960.000,RghNkEQ73og/VlX2,2000.000,saIe+uO82j5dyZ0p
2,79,2026-04-04T02:27:08.377Z,1471.000,10,1084.000,Elp1NMBI12RMuA1d,1099.000,j6cPpRGMZFLjdI+l,1142.000,kJub+myNVnivJPH0,1161.000,UZJgGqNAd1DJ7a5N,1212.000,bMnaMQqFkOGHDp0m,1375.000,BupgNPzH9jc0Eppp,1460.000,376MU2u+8SnuxMQc,2704.000,kpmavFL5xFvBXmeS,2271.000,RghNkEQ73og/VlX2,2347.000,saIe+uO82j5dyZ0p
2,80,2026-04-04T02:27:09.848Z,1324.000,10,821.000,j6cPpRGMZFLjdI+l,905.000,Elp1NMBI12RMuA1d,1030.000,UZJgGqNAd1DJ7a5N,1137.000,bMnaMQqFkOGHDp0m,1192.000,kJub+myNVnivJPH0,1260.000,376MU2u+8SnuxMQc,1308.000,BupgNPzH9jc0Eppp,2044.000,saIe+uO82j5dyZ0p,2284.000,kpmavFL5xFvBXmeS,2314.000,RghNkEQ73og/VlX2
2,81,2026-04-04T02:27:11.172Z,1230.000,9,829.000,Elp1NMBI12RMuA1d,850.000,j6cPpRGMZFLjdI+l,900.000,kJub+myNVnivJPH0,1069.000,376MU2u+8SnuxMQc,1112.000,BupgNPzH9jc0Eppp,1133.000,UZJgGqNAd1DJ7a5N,1212.000,bMnaMQqFkOGHDp0m,1992.000,saIe+uO82j5dyZ0p,2329.000,RghNkEQ73og/VlX2,,
2,82,2026-04-04T02:27:12.402Z,1250.000,9,718.000,j6cPpRGMZFLjdI+l,882.000,UZJgGqNAd1DJ7a5N,986.000,Elp1NMBI12RMuA1d,1033.000,kJub+myNVnivJPH0,1077.000,bMnaMQqFkOGHDp0m,1206.000,BupgNPzH9jc0Eppp,1238.000,376MU2u+8SnuxMQc,2004.000,saIe+uO82j5dyZ0p,2773.000,kpmavFL5xFvBXmeS,,
2,83,2026-04-04T02:27:13.652Z,1446.000,9,630.000,Elp1NMBI12RMuA1d,649.000,j6cPpRGMZFLjdI+l,709.000,BupgNPzH9jc0Eppp,795.000,kJub+myNVnivJPH0,1280.000,376MU2u+8SnuxMQc,1324.000,bMnaMQqFkOGHDp0m,1432.000,UZJgGqNAd1DJ7a5N,1942.000,saIe+uO82j5dyZ0p,2204.000,RghNkEQ73og/VlX2,,
2,84,2026-04-04T02:27:15.098Z,1168.000,9,835.000,UZJgGqNAd1DJ7a5N,862.000,j6cPpRGMZFLjdI+l,955.000,376MU2u+8SnuxMQc,974.000,Elp1NMBI12RMuA1d,1053.000,bMnaMQqFkOGHDp0m,1102.000,kJub+myNVnivJPH0,1153.000,BupgNPzH9jc0Eppp,1194.000,saIe+uO82j5dyZ0p,1978.000,RghNkEQ73og/VlX2,,
2,85,2026-04-04T02:27:16.266Z,1162.000,8,668.000,j6cPpRGMZFLjdI+l,789.000,saIe+uO82j5dyZ0p,835.000,Elp1NMBI12RMuA1d,915.000,kJub+myNVnivJPH0,963.000,BupgNPzH9jc0Eppp,984.000,376MU2u+8SnuxMQc,1142.000,UZJgGqNAd1DJ7a5N,1191.000,bMnaMQqFkOGHDp0m,,,,
2,86,2026-04-04T02:27:17.428Z,1633.000,9,1051.000,j6cPpRGMZFLjdI+l,1212.000,Elp1NMBI12RMuA1d,1288.000,saIe+uO82j5dyZ0p,1334.000,BupgNPzH9jc0Eppp,1354.000,376MU2u+8SnuxMQc,1554.000,kJub+myNVnivJPH0,1575.000,RghNkEQ73og/VlX2,1678.000,bMnaMQqFkOGHDp0m,2363.000,UZJgGqNAd1DJ7a5N,,
2,87,2026-04-04T02:27:19.061Z,1376.000,9,927.000,j6cPpRGMZFLjdI+l,1098.000,Elp1NMBI12RMuA1d,1153.000,saIe+uO82j5dyZ0p,1210.000,kJub+myNVnivJPH0,1256.000,bMnaMQqFkOGHDp0m,1284.000,RghNkEQ73og/VlX2,1353.000,BupgNPzH9jc0Eppp,1382.000,376MU2u+8SnuxMQc,1502.000,UZJgGqNAd1DJ7a5N,,
2,88,2026-04-04T02:27:20.437Z,1279.000,9,817.000,j6cPpRGMZFLjdI+l,1032.000,RghNkEQ73og/VlX2,1081.000,BupgNPzH9jc0Eppp,1146.000,bMnaMQqFkOGHDp0m,1171.000,Elp1NMBI12RMuA1d,1227.000,kJub+myNVnivJPH0,1259.000,376MU2u+8SnuxMQc,1309.000,saIe+uO82j5dyZ0p,1572.000,UZJgGqNAd1DJ7a5N,,
2,89,2026-04-04T02:27:21.716Z,1758.000,9,802.000,j6cPpRGMZFLjdI+l,830.000,Elp1NMBI12RMuA1d,975.000,UZJgGqNAd1DJ7a5N,1053.000,kJub+myNVnivJPH0,1075.000,376MU2u+8SnuxMQc,1143.000,bMnaMQqFkOGHDp0m,1298.000,BupgNPzH9jc0Eppp,1763.000,RghNkEQ73og/VlX2,1824.000,saIe+uO82j5dyZ0p,,
2,90,2026-04-04T02:27:23.474Z,1746.000,9,872.000,j6cPpRGMZFLjdI+l,1163.000,bMnaMQqFkOGHDp0m,1187.000,Elp1NMBI12RMuA1d,1372.000,saIe+uO82j5dyZ0p,1545.000,376MU2u+8SnuxMQc,1589.000,UZJgGqNAd1DJ7a5N,1723.000,kJub+myNVnivJPH0,2034.000,BupgNPzH9jc0Eppp,2064.000,RghNkEQ73og/VlX2,,
2,91,2026-04-04T02:27:25.220Z,1521.000,9,1205.000,kJub+myNVnivJPH0,1239.000,j6cPpRGMZFLjdI+l,1286.000,UZJgGqNAd1DJ7a5N,1350.000,376MU2u+8SnuxMQc,1419.000,BupgNPzH9jc0Eppp,1452.000,Elp1NMBI12RMuA1d,1495.000,RghNkEQ73og/VlX2,1665.000,saIe+uO82j5dyZ0p,1765.000,bMnaMQqFkOGHDp0m,,
2,92,2026-04-04T02:27:26.741Z,1540.000,9,927.000,j6cPpRGMZFLjdI+l,1262.000,BupgNPzH9jc0Eppp,1290.000,376MU2u+8SnuxMQc,1322.000,Elp1NMBI12RMuA1d,1403.000,saIe+uO82j5dyZ0p,1427.000,UZJgGqNAd1DJ7a5N,1511.000,bMnaMQqFkOGHDp0m,1582.000,kJub+myNVnivJPH0,1711.000,RghNkEQ73og/VlX2,,
2,93,2026-04-04T02:27:28.281Z,1223.000,9,918.000,j6cPpRGMZFLjdI+l,1025.000,BupgNPzH9jc0Eppp,1073.000,bMnaMQqFkOGHDp0m,1100.000,UZJgGqNAd1DJ7a5N,1148.000,kJub+myNVnivJPH0,1172.000,Elp1NMBI12RMuA1d,1208.000,376MU2u+8SnuxMQc,1228.000,RghNkEQ73og/VlX2,1337.000,saIe+uO82j5dyZ0p,,
2,94,2026-04-04T02:27:29.504Z,1343.000,9,791.000,j6cPpRGMZFLjdI+l,937.000,kJub+myNVnivJPH0,958.000,Elp1NMBI12RMuA1d,1039.000,376MU2u+8SnuxMQc,1136.000,RghNkEQ73og/VlX2,1294.000,bMnaMQqFkOGHDp0m,1328.000,UZJgGqNAd1DJ7a5N,1394.000,saIe+uO82j5dyZ0p,1508.000,BupgNPzH9jc0Eppp,,
2,95,2026-04-04T02:27:30.847Z,1085.000,9,860.000,j6cPpRGMZFLjdI+l,910.000,Elp1NMBI12RMuA1d,931.000,UZJgGqNAd1DJ7a5N,946.000,RghNkEQ73og/VlX2,985.000,bMnaMQqFkOGHDp0m,1025.000,BupgNPzH9jc0Eppp,1069.000,kJub+myNVnivJPH0,1090.000,376MU2u+8SnuxMQc,1931.000,saIe+uO82j5dyZ0p,,
2,96,2026-04-04T02:27:31.932Z,1759.000,9,1156.000,j6cPpRGMZFLjdI+l,1184.000,UZJgGqNAd1DJ7a5N,1241.000,kJub+myNVnivJPH0,1458.000,bMnaMQqFkOGHDp0m,1645.000,saIe+uO82j5dyZ0p,1671.000,Elp1NMBI12RMuA1d,1743.000,BupgNPzH9jc0Eppp,2104.000,RghNkEQ73og/VlX2,2124.000,376MU2u+8SnuxMQc,,
2,97,2026-04-04T02:27:33.691Z,1421.000,9,858.000,j6cPpRGMZFLjdI+l,923.000,UZJgGqNAd1DJ7a5N,969.000,Elp1NMBI12RMuA1d,1249.000,bMnaMQqFkOGHDp0m,1300.000,saIe+uO82j5dyZ0p,1351.000,BupgNPzH9jc0Eppp,1404.000,kJub+myNVnivJPH0,1428.000,RghNkEQ73og/VlX2,1551.000,376MU2u+8SnuxMQc,,
2,98,2026-04-04T02:27:35.112Z,1363.000,9,989.000,j6cPpRGMZFLjdI+l,1030.000,UZJgGqNAd1DJ7a5N,1064.000,RghNkEQ73og/VlX2,1086.000,Elp1NMBI12RMuA1d,1220.000,bMnaMQqFkOGHDp0m,1253.000,376MU2u+8SnuxMQc,1336.000,BupgNPzH9jc0Eppp,1393.000,saIe+uO82j5dyZ0p,5730.000,kJub+myNVnivJPH0,,
2,99,2026-04-04T02:27:36.475Z,978.000,8,638.000,j6cPpRGMZFLjdI+l,664.000,UZJgGqNAd1DJ7a5N,713.000,376MU2u+8SnuxMQc,775.000,BupgNPzH9jc0Eppp,794.000,Elp1NMBI12RMuA1d,936.000,saIe+uO82j5dyZ0p,957.000,RghNkEQ73og/VlX2,1087.000,bMnaMQqFkOGHDp0m,,,,
2,100,2026-04-04T02:27:37.453Z,1066.000,8,546.000,j6cPpRGMZFLjdI+l,606.000,Elp1NMBI12RMuA1d,641.000,UZJgGqNAd1DJ7a5N,706.000,376MU2u+8SnuxMQc,875.000,saIe+uO82j5dyZ0p,921.000,BupgNPzH9jc0Eppp,1049.000,RghNkEQ73og/VlX2,1182.000,bMnaMQqFkOGHDp0m,,,,
2,101,2026-04-04T02:27:38.519Z,760.000,8,546.000,BupgNPzH9jc0Eppp,560.000,UZJgGqNAd1DJ7a5N,588.000,RghNkEQ73og/VlX2,625.000,bMnaMQqFkOGHDp0m,707.000,376MU2u+8SnuxMQc,729.000,j6cPpRGMZFLjdI+l,747.000,Elp1NMBI12RMuA1d,1268.000,saIe+uO82j5dyZ0p,,,,
2,102,2026-04-04T02:27:39.279Z,1021.000,8,589.000,RghNkEQ73og/VlX2,659.000,j6cPpRGMZFLjdI+l,677.000,UZJgGqNAd1DJ7a5N,742.000,Elp1NMBI12RMuA1d,817.000,376MU2u+8SnuxMQc,974.000,BupgNPzH9jc0Eppp,1011.000,bMnaMQqFkOGHDp0m,1039.000,saIe+uO82j5dyZ0p,,,,
2,103,2026-04-04T02:27:40.300Z,769.000,8,580.000,Elp1NMBI12RMuA1d,638.000,BupgNPzH9jc0Eppp,655.000,j6cPpRGMZFLjdI+l,698.000,bMnaMQqFkOGHDp0m,710.000,UZJgGqNAd1DJ7a5N,729.000,RghNkEQ73og/VlX2,760.000,saIe+uO82j5dyZ0p,776.000,376MU2u+8SnuxMQc,,,,
2,104,2026-04-04T02:27:41.069Z,791.000,8,467.000,j6cPpRGMZFLjdI+l,506.000,UZJgGqNAd1DJ7a5N,534.000,bMnaMQqFkOGHDp0m,662.000,Elp1NMBI12RMuA1d,707.000,376MU2u+8SnuxMQc,752.000,BupgNPzH9jc0Eppp,782.000,saIe+uO82j5dyZ0p,852.000,RghNkEQ73og/VlX2,,,,
2,105,2026-04-04T02:27:41.860Z,950.000,8,363.000,376MU2u+8SnuxMQc,464.000,Elp1NMBI12RMuA1d,571.000,j6cPpRGMZFLjdI+l,588.000,UZJgGqNAd1DJ7a5N,615.000,BupgNPzH9jc0Eppp,905.000,RghNkEQ73og/VlX2,941.000,saIe+uO82j5dyZ0p,1067.000,bMnaMQqFkOGHDp0m,,,,
2,106,2026-04-04T02:27:42.810Z,446.000,8,291.000,376MU2u+8SnuxMQc,302.000,RghNkEQ73og/VlX2,360.000,BupgNPzH9jc0Eppp,371.000,UZJgGqNAd1DJ7a5N,385.000,j6cPpRGMZFLjdI+l,417.000,bMnaMQqFkOGHDp0m,440.000,saIe+uO82j5dyZ0p,453.000,Elp1NMBI12RMuA1d,,,,
2,107,2026-04-04T02:27:43.256Z,658.000,8,408.000,RghNkEQ73og/VlX2,416.000,376MU2u+8SnuxMQc,499.000,bMnaMQqFkOGHDp0m,567.000,BupgNPzH9jc0Eppp,576.000,UZJgGqNAd1DJ7a5N,585.000,j6cPpRGMZFLjdI+l,652.000,Elp1NMBI12RMuA1d,1052.000,saIe+uO82j5dyZ0p,,,,
2,108,2026-04-04T02:27:43.914Z,630.000,8,290.000,j6cPpRGMZFLjdI+l,423.000,UZJgGqNAd1DJ7a5N,499.000,376MU2u+8SnuxMQc,525.000,bMnaMQqFkOGHDp0m,535.000,Elp1NMBI12RMuA1d,543.000,RghNkEQ73og/VlX2,623.000,BupgNPzH9jc0Eppp,836.000,saIe+uO82j5dyZ0p,,,,
2,109,2026-04-04T02:27:44.544Z,694.000,8,362.000,j6cPpRGMZFLjdI+l,396.000,UZJgGqNAd1DJ7a5N,467.000,BupgNPzH9jc0Eppp,477.000,Elp1NMBI12RMuA1d,553.000,376MU2u+8SnuxMQc,626.000,saIe+uO82j5dyZ0p,685.000,bMnaMQqFkOGHDp0m,946.000,RghNkEQ73og/VlX2,,,,
2,110,2026-04-04T02:27:45.238Z,877.000,8,404.000,BupgNPzH9jc0Eppp,418.000,376MU2u+8SnuxMQc,439.000,Elp1NMBI12RMuA1d,486.000,bMnaMQqFkOGHDp0m,591.000,j6cPpRGMZFLjdI+l,634.000,saIe+uO82j5dyZ0p,861.000,RghNkEQ73og/VlX2,2024.000,UZJgGqNAd1DJ7a5N,,,,
2,111,2026-04-04T02:27:46.115Z,1741.000,8,1089.000,j6cPpRGMZFLjdI+l,1500.000,BupgNPzH9jc0Eppp,1522.000,UZJgGqNAd1DJ7a5N,1553.000,RghNkEQ73og/VlX2,1663.000,376MU2u+8SnuxMQc,1693.000,Elp1NMBI12RMuA1d,1731.000,saIe+uO82j5dyZ0p,2184.000,bMnaMQqFkOGHDp0m,,,,
2,112,2026-04-04T02:27:47.856Z,870.000,8,597.000,UZJgGqNAd1DJ7a5N,655.000,376MU2u+8SnuxMQc,717.000,j6cPpRGMZFLjdI+l,740.000,RghNkEQ73og/VlX2,764.000,Elp1NMBI12RMuA1d,830.000,BupgNPzH9jc0Eppp,862.000,bMnaMQqFkOGHDp0m,912.000,saIe+uO82j5dyZ0p,,,,
2,113,2026-04-04T02:27:48.726Z,1100.000,8,813.000,j6cPpRGMZFLjdI+l,867.000,bMnaMQqFkOGHDp0m,889.000,RghNkEQ73og/VlX2,913.000,376MU2u+8SnuxMQc,931.000,Elp1NMBI12RMuA1d,963.000,BupgNPzH9jc0Eppp,1085.000,UZJgGqNAd1DJ7a5N,1313.000,saIe+uO82j5dyZ0p,,,,
2,114,2026-04-04T02:27:49.826Z,982.000,8,526.000,UZJgGqNAd1DJ7a5N,565.000,376MU2u+8SnuxMQc,579.000,j6cPpRGMZFLjdI+l,598.000,Elp1NMBI12RMuA1d,753.000,RghNkEQ73og/VlX2,931.000,BupgNPzH9jc0Eppp,970.000,saIe+uO82j5dyZ0p,1008.000,bMnaMQqFkOGHDp0m,,,,
2,115,2026-04-04T02:27:50.808Z,877.000,8,487.000,UZJgGqNAd1DJ7a5N,691.000,RghNkEQ73og/VlX2,731.000,bMnaMQqFkOGHDp0m,747.000,j6cPpRGMZFLjdI+l,775.000,376MU2u+8SnuxMQc,837.000,BupgNPzH9jc0Eppp,857.000,Elp1NMBI12RMuA1d,900.000,saIe+uO82j5dyZ0p,,,,
2,116,2026-04-04T02:27:51.685Z,776.000,8,501.000,376MU2u+8SnuxMQc,586.000,UZJgGqNAd1DJ7a5N,603.000,Elp1NMBI12RMuA1d,629.000,bMnaMQqFkOGHDp0m,678.000,RghNkEQ73og/VlX2,747.000,BupgNPzH9jc0Eppp,760.000,j6cPpRGMZFLjdI+l,795.000,saIe+uO82j5dyZ0p,,,,
2,117,2026-04-04T02:27:52.461Z,1355.000,8,665.000,376MU2u+8SnuxMQc,676.000,UZJgGqNAd1DJ7a5N,763.000,bMnaMQqFkOGHDp0m,802.000,saIe+uO82j5dyZ0p,872.000,Elp1NMBI12RMuA1d,1223.000,RghNkEQ73og/VlX2,1341.000,j6cPpRGMZFLjdI+l,1427.000,BupgNPzH9jc0Eppp,,,,
2,118,2026-04-04T02:27:53.816Z,2429.000,7,696.000,UZJgGqNAd1DJ7a5N,719.000,376MU2u+8SnuxMQc,824.000,saIe+uO82j5dyZ0p,843.000,Elp1NMBI12RMuA1d,989.000,bMnaMQqFkOGHDp0m,1008.000,RghNkEQ73og/VlX2,2466.000,BupgNPzH9jc0Eppp,,,,,,
2,119,2026-04-04T02:27:56.245Z,3580.000,8,686.000,UZJgGqNAd1DJ7a5N,701.000,376MU2u+8SnuxMQc,978.000,saIe+uO82j5dyZ0p,1144.000,bMnaMQqFkOGHDp0m,1724.000,RghNkEQ73og/VlX2,2021.000,Elp1NMBI12RMuA1d,3555.000,j6cPpRGMZFLjdI+l,28381.000,BupgNPzH9jc0Eppp,,,,
2,120,2026-04-04T02:27:59.825Z,,0,,,,,,,,,,,,,,,,,,,,
3,1,2026-04-04T02:26:00.502Z,9311.000,7,5225.000,376MU2u+8SnuxMQc,5569.000,j6cPpRGMZFLjdI+l,6970.000,BupgNPzH9jc0Eppp,7042.000,RghNkEQ73og/VlX2,8165.000,kpmavFL5xFvBXmeS,9272.000,kJub+myNVnivJPH0,9311.000,bMnaMQqFkOGHDp0m,,,,,,
3,2,2026-04-04T02:26:09.813Z,739.000,8,365.000,BupgNPzH9jc0Eppp,402.000,j6cPpRGMZFLjdI+l,409.000,376MU2u+8SnuxMQc,420.000,kJub+myNVnivJPH0,448.000,RghNkEQ73og/VlX2,488.000,kpmavFL5xFvBXmeS,739.000,bMnaMQqFkOGHDp0m,1066.000,Elp1NMBI12RMuA1d,,,,
3,3,2026-04-04T02:26:10.552Z,599.000,9,326.000,BupgNPzH9jc0Eppp,396.000,j6cPpRGMZFLjdI+l,397.000,RghNkEQ73og/VlX2,401.000,kJub+myNVnivJPH0,406.000,376MU2u+8SnuxMQc,484.000,kpmavFL5xFvBXmeS,599.000,saIe+uO82j5dyZ0p,676.000,bMnaMQqFkOGHDp0m,693.000,Elp1NMBI12RMuA1d,,
3,4,2026-04-04T02:26:11.151Z,485.000,10,322.000,BupgNPzH9jc0Eppp,365.000,saIe+uO82j5dyZ0p,399.000,376MU2u+8SnuxMQc,405.000,j6cPpRGMZFLjdI+l,449.000,kJub+myNVnivJPH0,454.000,RghNkEQ73og/VlX2,485.000,kpmavFL5xFvBXmeS,495.000,bMnaMQqFkOGHDp0m,581.000,Elp1NMBI12RMuA1d,763.000,UZJgGqNAd1DJ7a5N
3,5,2026-04-04T02:26:11.636Z,404.000,10,321.000,BupgNPzH9jc0Eppp,364.000,Elp1NMBI12RMuA1d,399.000,kpmavFL5xFvBXmeS,400.000,j6cPpRGMZFLjdI+l,402.000,376MU2u+8SnuxMQc,403.000,RghNkEQ73og/VlX2,404.000,saIe+uO82j5dyZ0p,406.000,kJub+myNVnivJPH0,448.000,bMnaMQqFkOGHDp0m,578.000,UZJgGqNAd1DJ7a5N
3,6,2026-04-04T02:26:12.040Z,408.000,10,332.000,BupgNPzH9jc0Eppp,373.000,Elp1NMBI12RMuA1d,402.000,kpmavFL5xFvBXmeS,404.000,RghNkEQ73og/VlX2,405.000,376MU2u+8SnuxMQc,406.000,kJub+myNVnivJPH0,408.000,saIe+uO82j5dyZ0p,414.000,j6cPpRGMZFLjdI+l,448.000,bMnaMQqFkOGHDp0m,528.000,UZJgGqNAd1DJ7a5N
3,7,2026-04-04T02:26:12.448Z,408.000,10,329.000,BupgNPzH9jc0Eppp,374.000,Elp1NMBI12RMuA1d,400.000,UZJgGqNAd1DJ7a5N,402.000,RghNkEQ73og/VlX2,405.000,376MU2u+8SnuxMQc,407.000,saIe+uO82j5dyZ0p,408.000,kpmavFL5xFvBXmeS,411.000,j6cPpRGMZFLjdI+l,414.000,bMnaMQqFkOGHDp0m,421.000,kJub+myNVnivJPH0
3,8,2026-04-04T02:26:12.856Z,407.000,10,326.000,BupgNPzH9jc0Eppp,399.000,saIe+uO82j5dyZ0p,401.000,RghNkEQ73og/VlX2,403.000,UZJgGqNAd1DJ7a5N,404.000,kpmavFL5xFvBXmeS,405.000,kJub+myNVnivJPH0,407.000,j6cPpRGMZFLjdI+l,408.000,376MU2u+8SnuxMQc,409.000,bMnaMQqFkOGHDp0m,444.000,Elp1NMBI12RMuA1d
3,9,2026-04-04T02:26:13.263Z,408.000,10,322.000,BupgNPzH9jc0Eppp,394.000,RghNkEQ73og/VlX2,403.000,kJub+myNVnivJPH0,404.000,bMnaMQqFkOGHDp0m,405.000,376MU2u+8SnuxMQc,407.000,kpmavFL5xFvBXmeS,408.000,j6cPpRGMZFLjdI+l,409.000,saIe+uO82j5dyZ0p,435.000,Elp1NMBI12RMuA1d,441.000,UZJgGqNAd1DJ7a5N
3,10,2026-04-04T02:26:13.671Z,407.000,10,325.000,BupgNPzH9jc0Eppp,368.000,Elp1NMBI12RMuA1d,398.000,bMnaMQqFkOGHDp0m,403.000,RghNkEQ73og/VlX2,404.000,saIe+uO82j5dyZ0p,406.000,kJub+myNVnivJPH0,407.000,kpmavFL5xFvBXmeS,408.000,376MU2u+8SnuxMQc,409.000,j6cPpRGMZFLjdI+l,444.000,UZJgGqNAd1DJ7a5N
3,11,2026-04-04T02:26:14.078Z,402.000,10,323.000,BupgNPzH9jc0Eppp,393.000,kpmavFL5xFvBXmeS,400.000,saIe+uO82j5dyZ0p,400.000,bMnaMQqFkOGHDp0m,401.000,376MU2u+8SnuxMQc,402.000,UZJgGqNAd1DJ7a5N,402.000,Elp1NMBI12RMuA1d,405.000,j6cPpRGMZFLjdI+l,407.000,RghNkEQ73og/VlX2,409.000,kJub+myNVnivJPH0
3,12,2026-04-04T02:26:14.480Z,404.000,10,325.000,BupgNPzH9jc0Eppp,397.000,bMnaMQqFkOGHDp0m,400.000,Elp1NMBI12RMuA1d,401.000,RghNkEQ73og/VlX2,402.000,saIe+uO82j5dyZ0p,404.000,kJub+myNVnivJPH0,404.000,j6cPpRGMZFLjdI+l,405.000,kpmavFL5xFvBXmeS,408.000,376MU2u+8SnuxMQc,439.000,UZJgGqNAd1DJ7a5N
3,13,2026-04-04T02:26:14.884Z,407.000,10,325.000,BupgNPzH9jc0Eppp,397.000,RghNkEQ73og/VlX2,400.000,kJub+myNVnivJPH0,402.000,kpmavFL5xFvBXmeS,404.000,UZJgGqNAd1DJ7a5N,406.000,Elp1NMBI12RMuA1d,407.000,bMnaMQqFkOGHDp0m,408.000,saIe+uO82j5dyZ0p,409.000,376MU2u+8SnuxMQc,418.000,j6cPpRGMZFLjdI+l
3,14,2026-04-04T02:26:15.291Z,406.000,10,323.000,BupgNPzH9jc0Eppp,397.000,kJub+myNVnivJPH0,398.000,UZJgGqNAd1DJ7a5N,399.000,Elp1NMBI12RMuA1d,402.000,kpmavFL5xFvBXmeS,404.000,RghNkEQ73og/VlX2,406.000,376MU2u+8SnuxMQc,407.000,bMnaMQqFkOGHDp0m,410.000,j6cPpRGMZFLjdI+l,411.000,saIe+uO82j5dyZ0p
3,15,2026-04-04T02:26:15.697Z,407.000,10,324.000,BupgNPzH9jc0Eppp,398.000,kpmavFL5xFvBXmeS,400.000,376MU2u+8SnuxMQc,401.000,UZJgGqNAd1DJ7a5N,403.000,j6cPpRGMZFLjdI+l,406.000,Elp1NMBI12RMuA1d,407.000,RghNkEQ73og/VlX2,409.000,kJub+myNVnivJPH0,410.000,bMnaMQqFkOGHDp0m,414.000,saIe+uO82j5dyZ0p
3,16,2026-04-04T02:26:16.104Z,408.000,10,328.000,BupgNPzH9jc0Eppp,402.000,376MU2u+8SnuxMQc,403.000,kJub+myNVnivJPH0,405.000,kpmavFL5xFvBXmeS,406.000,j6cPpRGMZFLjdI+l,407.000,saIe+uO82j5dyZ0p,408.000,bMnaMQqFkOGHDp0m,412.000,RghNkEQ73og/VlX2,413.000,UZJgGqNAd1DJ7a5N,415.000,Elp1NMBI12RMuA1d
3,17,2026-04-04T02:26:16.512Z,405.000,10,322.000,BupgNPzH9jc0Eppp,393.000,kJub+myNVnivJPH0,394.000,saIe+uO82j5dyZ0p,398.000,bMnaMQqFkOGHDp0m,402.000,j6cPpRGMZFLjdI+l,404.000,376MU2u+8SnuxMQc,405.000,kpmavFL5xFvBXmeS,406.000,Elp1NMBI12RMuA1d,407.000,RghNkEQ73og/VlX2,410.000,UZJgGqNAd1DJ7a5N
3,18,2026-04-04T02:26:16.917Z,407.000,10,324.000,BupgNPzH9jc0Eppp,397.000,RghNkEQ73og/VlX2,398.000,376MU2u+8SnuxMQc,403.000,saIe+uO82j5dyZ0p,404.000,kJub+myNVnivJPH0,406.000,j6cPpRGMZFLjdI+l,407.000,bMnaMQqFkOGHDp0m,408.000,Elp1NMBI12RMuA1d,409.000,kpmavFL5xFvBXmeS,411.000,UZJgGqNAd1DJ7a5N
3,19,2026-04-04T02:26:17.324Z,405.000,10,324.000,BupgNPzH9jc0Eppp,397.000,kpmavFL5xFvBXmeS,399.000,bMnaMQqFkOGHDp0m,401.000,376MU2u+8SnuxMQc,403.000,saIe+uO82j5dyZ0p,404.000,UZJgGqNAd1DJ7a5N,405.000,j6cPpRGMZFLjdI+l,407.000,RghNkEQ73og/VlX2,408.000,Elp1NMBI12RMuA1d,415.000,kJub+myNVnivJPH0
3,20,2026-04-04T02:26:17.729Z,410.000,10,327.000,BupgNPzH9jc0Eppp,403.000,bMnaMQqFkOGHDp0m,404.000,Elp1NMBI12RMuA1d,406.000,kJub+myNVnivJPH0,407.000,376MU2u+8SnuxMQc,408.000,saIe+uO82j5dyZ0p,410.000,j6cPpRGMZFLjdI+l,411.000,kpmavFL5xFvBXmeS,413.000,RghNkEQ73og/VlX2,416.000,UZJgGqNAd1DJ7a5N
3,21,2026-04-04T02:26:18.139Z,403.000,10,321.000,BupgNPzH9jc0Eppp,394.000,bMnaMQqFkOGHDp0m,395.000,RghNkEQ73og/VlX2,398.000,UZJgGqNAd1DJ7a5N,400.000,376MU2u+8SnuxMQc,401.000,kJub+myNVnivJPH0,403.000,Elp1NMBI12RMuA1d,406.000,kpmavFL5xFvBXmeS,407.000,j6cPpRGMZFLjdI+l,409.000,saIe+uO82j5dyZ0p
3,22,2026-04-04T02:26:18.542Z,405.000,10,322.000,BupgNPzH9jc0Eppp,396.000,j6cPpRGMZFLjdI+l,397.000,kJub+myNVnivJPH0,401.000,Elp1NMBI12RMuA1d,403.000,UZJgGqNAd1DJ7a5N,404.000,saIe+uO82j5dyZ0p,405.000,RghNkEQ73og/VlX2,407.000,376MU2u+8SnuxMQc,408.000,kpmavFL5xFvBXmeS,409.000,bMnaMQqFkOGHDp0m
3,23,2026-04-04T02:26:18.947Z,408.000,10,326.000,BupgNPzH9jc0Eppp,400.000,kpmavFL5xFvBXmeS,403.000,UZJgGqNAd1DJ7a5N,404.000,RghNkEQ73og/VlX2,405.000,bMnaMQqFkOGHDp0m,407.000,j6cPpRGMZFLjdI+l,408.000,376MU2u+8SnuxMQc,409.000,saIe+uO82j5dyZ0p,412.000,kJub+myNVnivJPH0,414.000,Elp1NMBI12RMuA1d
3,24,2026-04-04T02:26:19.355Z,403.000,10,322.000,BupgNPzH9jc0Eppp,397.000,saIe+uO82j5dyZ0p,398.000,UZJgGqNAd1DJ7a5N,400.000,RghNkEQ73og/VlX2,401.000,j6cPpRGMZFLjdI+l,402.000,kJub+myNVnivJPH0,403.000,kpmavFL5xFvBXmeS,405.000,bMnaMQqFkOGHDp0m,406.000,376MU2u+8SnuxMQc,408.000,Elp1NMBI12RMuA1d
3,25,2026-04-04T02:26:19.758Z,412.000,10,328.000,BupgNPzH9jc0Eppp,393.000,Elp1NMBI12RMuA1d,406.000,kpmavFL5xFvBXmeS,408.000,376MU2u+8SnuxMQc,410.000,RghNkEQ73og/VlX2,411.000,UZJgGqNAd1DJ7a5N,412.000,kJub+myNVnivJPH0,414.000,saIe+uO82j5dyZ0p,415.000,bMnaMQqFkOGHDp0m,416.000,j6cPpRGMZFLjdI+l
3,26,2026-04-04T02:26:20.170Z,408.000,10,325.000,BupgNPzH9jc0Eppp,391.000,kJub+myNVnivJPH0,401.000,saIe+uO82j5dyZ0p,404.000,bMnaMQqFkOGHDp0m,406.000,UZJgGqNAd1DJ7a5N,407.000,kpmavFL5xFvBXmeS,408.000,376MU2u+8SnuxMQc,410.000,j6cPpRGMZFLjdI+l,411.000,RghNkEQ73og/VlX2,412.000,Elp1NMBI12RMuA1d
3,27,2026-04-04T02:26:20.578Z,403.000,10,320.000,BupgNPzH9jc0Eppp,390.000,kJub+myNVnivJPH0,396.000,kpmavFL5xFvBXmeS,399.000,376MU2u+8SnuxMQc,401.000,j6cPpRGMZFLjdI+l,402.000,UZJgGqNAd1DJ7a5N,403.000,saIe+uO82j5dyZ0p,404.000,Elp1NMBI12RMuA1d,406.000,RghNkEQ73og/VlX2,407.000,bMnaMQqFkOGHDp0m
3,28,2026-04-04T02:26:20.981Z,407.000,10,322.000,BupgNPzH9jc0Eppp,394.000,RghNkEQ73og/VlX2,396.000,j6cPpRGMZFLjdI+l,397.000,saIe+uO82j5dyZ0p,401.000,bMnaMQqFkOGHDp0m,405.000,UZJgGqNAd1DJ7a5N,406.000,Elp1NMBI12RMuA1d,408.000,376MU2u+8SnuxMQc,409.000,kpmavFL5xFvBXmeS,410.000,kJub+myNVnivJPH0
3,29,2026-04-04T02:26:21.388Z,404.000,10,320.000,BupgNPzH9jc0Eppp,397.000,kJub+myNVnivJPH0,398.000,376MU2u+8SnuxMQc,400.000,saIe+uO82j5dyZ0p,401.000,kpmavFL5xFvBXmeS,402.000,RghNkEQ73og/VlX2,404.000,UZJgGqNAd1DJ7a5N,406.000,j6cPpRGMZFLjdI+l,407.000,Elp1NMBI12RMuA1d,416.000,bMnaMQqFkOGHDp0m
3,30,2026-04-04T02:26:21.792Z,406.000,10,326.000,BupgNPzH9jc0Eppp,398.000,kJub+myNVnivJPH0,399.000,kpmavFL5xFvBXmeS,401.000,Elp1NMBI12RMuA1d,402.000,saIe+uO82j5dyZ0p,404.000,bMnaMQqFkOGHDp0m,406.000,UZJgGqNAd1DJ7a5N,407.000,j6cPpRGMZFLjdI+l,409.000,RghNkEQ73og/VlX2,412.000,376MU2u+8SnuxMQc
3,31,2026-04-04T02:26:22.198Z,406.000,10,326.000,BupgNPzH9jc0Eppp,399.000,kpmavFL5xFvBXmeS,401.000,kJub+myNVnivJPH0,402.000,UZJgGqNAd1DJ7a5N,403.000,saIe+uO82j5dyZ0p,405.000,Elp1NMBI12RMuA1d,406.000,RghNkEQ73og/VlX2,407.000,bMnaMQqFkOGHDp0m,410.000,j6cPpRGMZFLjdI+l,414.000,376MU2u+8SnuxMQc
3,32,2026-04-04T02:26:22.604Z,411.000,10,328.000,BupgNPzH9jc0Eppp,400.000,376MU2u+8SnuxMQc,402.000,saIe+uO82j5dyZ0p,404.000,kpmavFL5xFvBXmeS,405.000,RghNkEQ73og/VlX2,406.000,UZJgGqNAd1DJ7a5N,411.000,j6cPpRGMZFLjdI+l,413.000,bMnaMQqFkOGHDp0m,415.000,Elp1NMBI12RMuA1d,417.000,kJub+myNVnivJPH0
3,33,2026-04-04T02:26:23.015Z,411.000,10,325.000,BupgNPzH9jc0Eppp,400.000,kpmavFL5xFvBXmeS,403.000,RghNkEQ73og/VlX2,404.000,bMnaMQqFkOGHDp0m,408.000,UZJgGqNAd1DJ7a5N,410.000,j6cPpRGMZFLjdI+l,411.000,Elp1NMBI12RMuA1d,412.000,saIe+uO82j5dyZ0p,413.000,kJub+myNVnivJPH0,416.000,376MU2u+8SnuxMQc
3,34,2026-04-04T02:26:23.426Z,402.000,10,318.000,BupgNPzH9jc0Eppp,394.000,bMnaMQqFkOGHDp0m,395.000,j6cPpRGMZFLjdI+l,398.000,UZJgGqNAd1DJ7a5N,399.000,Elp1NMBI12RMuA1d,401.000,saIe+uO82j5dyZ0p,402.000,RghNkEQ73og/VlX2,403.000,376MU2u+8SnuxMQc,404.000,kJub+myNVnivJPH0,406.000,kpmavFL5xFvBXmeS
3,35,2026-04-04T02:26:23.828Z,408.000,10,325.000,BupgNPzH9jc0Eppp,398.000,bMnaMQqFkOGHDp0m,401.000,kJub+myNVnivJPH0,402.000,saIe+uO82j5dyZ0p,404.000,376MU2u+8SnuxMQc,406.000,j6cPpRGMZFLjdI+l,407.000,kpmavFL5xFvBXmeS,409.000,UZJgGqNAd1DJ7a5N,410.000,RghNkEQ73og/VlX2,414.000,Elp1NMBI12RMuA1d
3,36,2026-04-04T02:26:24.236Z,403.000,10,318.000,BupgNPzH9jc0Eppp,393.000,kpmavFL5xFvBXmeS,395.000,UZJgGqNAd1DJ7a5N,398.000,RghNkEQ73og/VlX2,401.000,j6cPpRGMZFLjdI+l,402.000,376MU2u+8SnuxMQc,403.000,saIe+uO82j5dyZ0p,404.000,kJub+myNVnivJPH0,409.000,bMnaMQqFkOGHDp0m,419.000,Elp1NMBI12RMuA1d
3,37,2026-04-04T02:26:24.639Z,627.000,7,339.000,Elp1NMBI12RMuA1d,437.000,UZJgGqNAd1DJ7a5N,444.000,bMnaMQqFkOGHDp0m,505.000,RghNkEQ73og/VlX2,575.000,376MU2u+8SnuxMQc,582.000,saIe+uO82j5dyZ0p,625.000,j6cPpRGMZFLjdI+l,,,,,,
3,38,2026-04-04T02:26:25.266Z,660.000,9,468.000,BupgNPzH9jc0Eppp,536.000,RghNkEQ73og/VlX2,573.000,saIe+uO82j5dyZ0p,583.000,376MU2u+8SnuxMQc,602.000,Elp1NMBI12RMuA1d,631.000,j6cPpRGMZFLjdI+l,656.000,kJub+myNVnivJPH0,663.000,UZJgGqNAd1DJ7a5N,1056.000,kpmavFL5xFvBXmeS,,
3,39,2026-04-04T02:26:25.926Z,768.000,10,585.000,BupgNPzH9jc0Eppp,604.000,Elp1NMBI12RMuA1d,644.000,UZJgGqNAd1DJ7a5N,683.000,saIe+uO82j5dyZ0p,712.000,kJub+myNVnivJPH0,734.000,kpmavFL5xFvBXmeS,760.000,j6cPpRGMZFLjdI+l,878.000,bMnaMQqFkOGHDp0m,891.000,376MU2u+8SnuxMQc,922.000,RghNkEQ73og/VlX2
3,40,2026-04-04T02:26:26.694Z,875.000,10,634.000,BupgNPzH9jc0Eppp,732.000,bMnaMQqFkOGHDp0m,765.000,kJub+myNVnivJPH0,791.000,saIe+uO82j5dyZ0p,822.000,376MU2u+8SnuxMQc,848.000,kpmavFL5xFvBXmeS,867.000,Elp1NMBI12RMuA1d,892.000,j6cPpRGMZFLjdI+l,908.000,RghNkEQ73og/VlX2,979.000,UZJgGqNAd1DJ7a5N
3,41,2026-04-04T02:26:27.569Z,963.000,10,758.000,kpmavFL5xFvBXmeS,793.000,j6cPpRGMZFLjdI+l,818.000,BupgNPzH9jc0Eppp,837.000,Elp1NMBI12RMuA1d,878.000,bMnaMQqFkOGHDp0m,910.000,saIe+uO82j5dyZ0p,944.000,376MU2u+8SnuxMQc,966.000,RghNkEQ73og/VlX2,996.000,kJub+myNVnivJPH0,1104.000,UZJgGqNAd1DJ7a5N
3,42,2026-04-04T02:26:28.532Z,1216.000,10,931.000,bMnaMQqFkOGHDp0m,945.000,376MU2u+8SnuxMQc,1002.000,BupgNPzH9jc0Eppp,1040.000,saIe+uO82j5dyZ0p,1072.000,kJub+myNVnivJPH0,1088.000,UZJgGqNAd1DJ7a5N,1195.000,RghNkEQ73og/VlX2,1256.000,j6cPpRGMZFLjdI+l,1348.000,kpmavFL5xFvBXmeS,1456.000,Elp1NMBI12RMuA1d
3,43,2026-04-04T02:26:29.748Z,1115.000,10,767.000,BupgNPzH9jc0Eppp,925.000,j6cPpRGMZFLjdI+l,967.000,saIe+uO82j5dyZ0p,985.000,Elp1NMBI12RMuA1d,1035.000,kJub+myNVnivJPH0,1055.000,376MU2u+8SnuxMQc,1102.000,kpmavFL5xFvBXmeS,1142.000,bMnaMQqFkOGHDp0m,1258.000,RghNkEQ73og/VlX2,1284.000,UZJgGqNAd1DJ7a5N
3,44,2026-04-04T02:26:30.863Z,1160.000,10,845.000,BupgNPzH9jc0Eppp,928.000,RghNkEQ73og/VlX2,962.000,376MU2u+8SnuxMQc,1029.000,Elp1NMBI12RMuA1d,1051.000,UZJgGqNAd1DJ7a5N,1097.000,kpmavFL5xFvBXmeS,1146.000,bMnaMQqFkOGHDp0m,1270.000,kJub+myNVnivJPH0,1315.000,j6cPpRGMZFLjdI+l,1381.000,saIe+uO82j5dyZ0p
3,45,2026-04-04T02:26:32.023Z,1333.000,10,1118.000,BupgNPzH9jc0Eppp,1196.000,j6cPpRGMZFLjdI+l,1217.000,376MU2u+8SnuxMQc,1240.000,Elp1NMBI12RMuA1d,1275.000,kpmavFL5xFvBXmeS,1296.000,RghNkEQ73og/VlX2,1322.000,UZJgGqNAd1DJ7a5N,1360.000,saIe+uO82j5dyZ0p,1398.000,bMnaMQqFkOGHDp0m,1624.000,kJub+myNVnivJPH0
3,46,2026-04-04T02:26:33.356Z,940.000,10,748.000,Elp1NMBI12RMuA1d,787.000,376MU2u+8SnuxMQc,802.000,BupgNPzH9jc0Eppp,843.000,saIe+uO82j5dyZ0p,884.000,kJub+myNVnivJPH0,900.000,UZJgGqNAd1DJ7a5N,930.000,RghNkEQ73og/VlX2,968.000,bMnaMQqFkOGHDp0m,1070.000,j6cPpRGMZFLjdI+l,1223.000,kpmavFL5xFvBXmeS
3,47,2026-04-04T02:26:34.296Z,1067.000,10,800.000,BupgNPzH9jc0Eppp,827.000,376MU2u+8SnuxMQc,867.000,j6cPpRGMZFLjdI+l,900.000,bMnaMQqFkOGHDp0m,930.000,kJub+myNVnivJPH0,1024.000,Elp1NMBI12RMuA1d,1057.000,UZJgGqNAd1DJ7a5N,1109.000,RghNkEQ73og/VlX2,1227.000,saIe+uO82j5dyZ0p,1265.000,kpmavFL5xFvBXmeS
3,48,2026-04-04T02:26:35.363Z,1160.000,10,859.000,BupgNPzH9jc0Eppp,933.000,kpmavFL5xFvBXmeS,953.000,Elp1NMBI12RMuA1d,998.000,UZJgGqNAd1DJ7a5N,1041.000,saIe+uO82j5dyZ0p,1062.000,376MU2u+8SnuxMQc,1145.000,kJub+myNVnivJPH0,1165.000,RghNkEQ73og/VlX2,1303.000,bMnaMQqFkOGHDp0m,1348.000,j6cPpRGMZFLjdI+l
3,49,2026-04-04T02:26:36.523Z,956.000,10,718.000,BupgNPzH9jc0Eppp,749.000,Elp1NMBI12RMuA1d,846.000,j6cPpRGMZFLjdI+l,884.000,saIe+uO82j5dyZ0p,902.000,UZJgGqNAd1DJ7a5N,935.000,376MU2u+8SnuxMQc,949.000,RghNkEQ73og/VlX2,986.000,kJub+myNVnivJPH0,1020.000,kpmavFL5xFvBXmeS,1215.000,bMnaMQqFkOGHDp0m
3,50,2026-04-04T02:26:37.479Z,986.000,10,792.000,BupgNPzH9jc0Eppp,834.000,376MU2u+8SnuxMQc,862.000,UZJgGqNAd1DJ7a5N,890.000,kJub+myNVnivJPH0,903.000,Elp1NMBI12RMuA1d,956.000,kpmavFL5xFvBXmeS,970.000,RghNkEQ73og/VlX2,1008.000,j6cPpRGMZFLjdI+l,1257.000,bMnaMQqFkOGHDp0m,1382.000,saIe+uO82j5dyZ0p
3,51,2026-04-04T02:26:38.465Z,896.000,10,710.000,376MU2u+8SnuxMQc,729.000,BupgNPzH9jc0Eppp,777.000,j6cPpRGMZFLjdI+l,793.000,UZJgGqNAd1DJ7a5N,832.000,saIe+uO82j5dyZ0p,862.000,bMnaMQqFkOGHDp0m,887.000,kpmavFL5xFvBXmeS,915.000,kJub+myNVnivJPH0,1012.000,Elp1NMBI12RMuA1d,1035.000,RghNkEQ73og/VlX2
3,52,2026-04-04T02:26:39.361Z,907.000,10,691.000,BupgNPzH9jc0Eppp,720.000,Elp1NMBI12RMuA1d,750.000,bMnaMQqFkOGHDp0m,765.000,UZJgGqNAd1DJ7a5N,800.000,kJub+myNVnivJPH0,831.000,j6cPpRGMZFLjdI+l,895.000,kpmavFL5xFvBXmeS,929.000,saIe+uO82j5dyZ0p,1000.000,RghNkEQ73og/VlX2,1550.000,376MU2u+8SnuxMQc
3,53,2026-04-04T02:26:40.268Z,969.000,10,712.000,BupgNPzH9jc0Eppp,772.000,j6cPpRGMZFLjdI+l,807.000,kJub+myNVnivJPH0,863.000,saIe+uO82j5dyZ0p,896.000,kpmavFL5xFvBXmeS,913.000,Elp1NMBI12RMuA1d,957.000,UZJgGqNAd1DJ7a5N,974.000,376MU2u+8SnuxMQc,1004.000,bMnaMQqFkOGHDp0m,1337.000,RghNkEQ73og/VlX2
3,54,2026-04-04T02:26:41.237Z,1029.000,10,807.000,BupgNPzH9jc0Eppp,827.000,Elp1NMBI12RMuA1d,892.000,j6cPpRGMZFLjdI+l,925.000,kpmavFL5xFvBXmeS,955.000,kJub+myNVnivJPH0,987.000,saIe+uO82j5dyZ0p,1018.000,bMnaMQqFkOGHDp0m,1032.000,UZJgGqNAd1DJ7a5N,1073.000,376MU2u+8SnuxMQc,1801.000,RghNkEQ73og/VlX2
3,55,2026-04-04T02:26:42.266Z,1132.000,10,892.000,saIe+uO82j5dyZ0p,914.000,BupgNPzH9jc0Eppp,969.000,j6cPpRGMZFLjdI+l,1009.000,bMnaMQqFkOGHDp0m,1050.000,kpmavFL5xFvBXmeS,1071.000,376MU2u+8SnuxMQc,1122.000,Elp1NMBI12RMuA1d,1157.000,kJub+myNVnivJPH0,1246.000,UZJgGqNAd1DJ7a5N,1926.000,RghNkEQ73og/VlX2
3,56,2026-04-04T02:26:43.398Z,1089.000,10,725.000,kJub+myNVnivJPH0,773.000,Elp1NMBI12RMuA1d,814.000,BupgNPzH9jc0Eppp,941.000,UZJgGqNAd1DJ7a5N,954.000,376MU2u+8SnuxMQc,1016.000,kpmavFL5xFvBXmeS,1052.000,j6cPpRGMZFLjdI+l,1125.000,saIe+uO82j5dyZ0p,1433.000,bMnaMQqFkOGHDp0m,1893.000,RghNkEQ73og/VlX2
3,57,2026-04-04T02:26:44.487Z,1033.000,10,637.000,j6cPpRGMZFLjdI+l,764.000,kpmavFL5xFvBXmeS,779.000,UZJgGqNAd1DJ7a5N,820.000,376MU2u+8SnuxMQc,837.000,BupgNPzH9jc0Eppp,944.000,Elp1NMBI12RMuA1d,1013.000,kJub+myNVnivJPH0,1058.000,saIe+uO82j5dyZ0p,1761.000,bMnaMQqFkOGHDp0m,2012.000,RghNkEQ73og/VlX2
3,58,2026-04-04T02:26:45.520Z,1070.000,10,833.000,Elp1NMBI12RMuA1d,865.000,376MU2u+8SnuxMQc,886.000,BupgNPzH9jc0Eppp,923.000,kJub+myNVnivJPH0,960.000,saIe+uO82j5dyZ0p,1017.000,j6cPpRGMZFLjdI+l,1035.000,UZJgGqNAd1DJ7a5N,1111.000,kpmavFL5xFvBXmeS,1597.000,bMnaMQqFkOGHDp0m,1944.000,RghNkEQ73og/VlX2
3,59,2026-04-04T02:26:46.590Z,866.000,9,493.000,UZJgGqNAd1DJ7a5N,564.000,j6cPpRGMZFLjdI+l,725.000,kJub+myNVnivJPH0,742.000,Elp1NMBI12RMuA1d,765.000,BupgNPzH9jc0Eppp,803.000,saIe+uO82j5dyZ0p,824.000,376MU2u+8SnuxMQc,968.000,kpmavFL5xFvBXmeS,1192.000,bMnaMQqFkOGHDp0m,,
3,60,2026-04-04T02:26:47.456Z,1130.000,9,811.000,BupgNPzH9jc0Eppp,880.000,376MU2u+8SnuxMQc,940.000,kpmavFL5xFvBXmeS,981.000,UZJgGqNAd1DJ7a5N,1046.000,kJub+myNVnivJPH0,1081.000,saIe+uO82j5dyZ0p,1096.000,Elp1NMBI12RMuA1d,1173.000,j6cPpRGMZFLjdI+l,1532.000,bMnaMQqFkOGHDp0m,,
3,61,2026-04-04T02:26:48.586Z,1112.000,10,836.000,j6cPpRGMZFLjdI+l,906.000,saIe+uO82j5dyZ0p,925.000,Elp1NMBI12RMuA1d,962.000,BupgNPzH9jc0Eppp,1007.000,kJub+myNVnivJPH0,1032.000,376MU2u+8SnuxMQc,1092.000,UZJgGqNAd1DJ7a5N,1267.000,kpmavFL5xFvBXmeS,1421.000,bMnaMQqFkOGHDp0m,2749.000,RghNkEQ73og/VlX2
3,62,2026-04-04T02:26:49.698Z,912.000,9,709.000,Elp1NMBI12RMuA1d,757.000,UZJgGqNAd1DJ7a5N,776.000,376MU2u+8SnuxMQc,793.000,BupgNPzH9jc0Eppp,833.000,kJub+myNVnivJPH0,868.000,kpmavFL5xFvBXmeS,901.000,saIe+uO82j5dyZ0p,935.000,j6cPpRGMZFLjdI+l,1039.000,bMnaMQqFkOGHDp0m,,
3,63,2026-04-04T02:26:50.610Z,1088.000,9,886.000,kJub+myNVnivJPH0,905.000,BupgNPzH9jc0Eppp,952.000,bMnaMQqFkOGHDp0m,997.000,saIe+uO82j5dyZ0p,1019.000,Elp1NMBI12RMuA1d,1054.000,j6cPpRGMZFLjdI+l,1071.000,UZJgGqNAd1DJ7a5N,1147.000,376MU2u+8SnuxMQc,1343.000,kpmavFL5xFvBXmeS,,
3,64,2026-04-04T02:26:51.698Z,1016.000,9,713.000,UZJgGqNAd1DJ7a5N,753.000,Elp1NMBI12RMuA1d,770.000,BupgNPzH9jc0Eppp,812.000,j6cPpRGMZFLjdI+l,885.000,saIe+uO82j5dyZ0p,965.000,kJub+myNVnivJPH0,983.000,376MU2u+8SnuxMQc,1049.000,kpmavFL5xFvBXmeS,1358.000,bMnaMQqFkOGHDp0m,,
3,65,2026-04-04T02:26:52.714Z,984.000,9,766.000,j6cPpRGMZFLjdI+l,788.000,BupgNPzH9jc0Eppp,821.000,UZJgGqNAd1DJ7a5N,860.000,kJub+myNVnivJPH0,894.000,saIe+uO82j5dyZ0p,929.000,bMnaMQqFkOGHDp0m,968.000,kpmavFL5xFvBXmeS,989.000,Elp1NMBI12RMuA1d,1086.000,376MU2u+8SnuxMQc,,
3,66,2026-04-04T02:26:53.698Z,931.000,9,641.000,BupgNPzH9jc0Eppp,742.000,UZJgGqNAd1DJ7a5N,781.000,bMnaMQqFkOGHDp0m,797.000,Elp1NMBI12RMuA1d,849.000,kpmavFL5xFvBXmeS,869.000,376MU2u+8SnuxMQc,917.000,j6cPpRGMZFLjdI+l,1094.000,saIe+uO82j5dyZ0p,1596.000,kJub+myNVnivJPH0,,
3,67,2026-04-04T02:26:54.629Z,1229.000,10,715.000,j6cPpRGMZFLjdI+l,827.000,BupgNPzH9jc0Eppp,887.000,saIe+uO82j5dyZ0p,1025.000,Elp1NMBI12RMuA1d,1050.000,UZJgGqNAd1DJ7a5N,1182.000,kpmavFL5xFvBXmeS,1203.000,376MU2u+8SnuxMQc,1257.000,kJub+myNVnivJPH0,1850.000,bMnaMQqFkOGHDp0m,1868.000,RghNkEQ73og/VlX2
3,68,2026-04-04T02:26:55.858Z,1040.000,10,808.000,UZJgGqNAd1DJ7a5N,830.000,376MU2u+8SnuxMQc,844.000,BupgNPzH9jc0Eppp,876.000,Elp1NMBI12RMuA1d,932.000,kJub+myNVnivJPH0,973.000,j6cPpRGMZFLjdI+l,1009.000,kpmavFL5xFvBXmeS,1094.000,saIe+uO82j5dyZ0p,1329.000,bMnaMQqFkOGHDp0m,1657.000,RghNkEQ73og/VlX2
3,69,2026-04-04T02:26:56.898Z,1156.000,10,850.000,BupgNPzH9jc0Eppp,962.000,Elp1NMBI12RMuA1d,981.000,376MU2u+8SnuxMQc,1010.000,bMnaMQqFkOGHDp0m,1029.000,UZJgGqNAd1DJ7a5N,1093.000,saIe+uO82j5dyZ0p,1139.000,kpmavFL5xFvBXmeS,1182.000,j6cPpRGMZFLjdI+l,1274.000,RghNkEQ73og/VlX2,1807.000,kJub+myNVnivJPH0
3,70,2026-04-04T02:26:58.054Z,1006.000,10,670.000,BupgNPzH9jc0Eppp,819.000,j6cPpRGMZFLjdI+l,866.000,kpmavFL5xFvBXmeS,911.000,bMnaMQqFkOGHDp0m,936.000,Elp1NMBI12RMuA1d,970.000,376MU2u+8SnuxMQc,992.000,UZJgGqNAd1DJ7a5N,1010.000,RghNkEQ73og/VlX2,1181.000,saIe+uO82j5dyZ0p,1754.000,kJub+myNVnivJPH0
3,71,2026-04-04T02:26:59.060Z,1286.000,10,702.000,BupgNPzH9jc0Eppp,827.000,376MU2u+8SnuxMQc,853.000,Elp1NMBI12RMuA1d,890.000,kpmavFL5xFvBXmeS,932.000,j6cPpRGMZFLjdI+l,1008.000,UZJgGqNAd1DJ7a5N,1271.000,saIe+uO82j5dyZ0p,1295.000,RghNkEQ73og/VlX2,1337.000,bMnaMQqFkOGHDp0m,1553.000,kJub+myNVnivJPH0
3,72,2026-04-04T02:27:00.346Z,903.000,10,693.000,kpmavFL5xFvBXmeS,727.000,bMnaMQqFkOGHDp0m,748.000,BupgNPzH9jc0Eppp,790.000,Elp1NMBI12RMuA1d,832.000,UZJgGqNAd1DJ7a5N,850.000,376MU2u+8SnuxMQc,886.000,j6cPpRGMZFLjdI+l,990.000,saIe+uO82j5dyZ0p,1128.000,RghNkEQ73og/VlX2,1296.000,kJub+myNVnivJPH0
3,73,2026-04-04T02:27:01.249Z,1041.000,10,755.000,BupgNPzH9jc0Eppp,834.000,saIe+uO82j5dyZ0p,852.000,Elp1NMBI12RMuA1d,897.000,kJub+myNVnivJPH0,914.000,UZJgGqNAd1DJ7a5N,952.000,j6cPpRGMZFLjdI+l,1026.000,376MU2u+8SnuxMQc,1045.000,RghNkEQ73og/VlX2,1333.000,kpmavFL5xFvBXmeS,1530.000,bMnaMQqFkOGHDp0m
3,74,2026-04-04T02:27:02.290Z,1006.000,10,789.000,BupgNPzH9jc0Eppp,842.000,j6cPpRGMZFLjdI+l,860.000,Elp1NMBI12RMuA1d,875.000,376MU2u+8SnuxMQc,910.000,kJub+myNVnivJPH0,932.000,UZJgGqNAd1DJ7a5N,994.000,saIe+uO82j5dyZ0p,1029.000,kpmavFL5xFvBXmeS,1847.000,RghNkEQ73og/VlX2,2089.000,bMnaMQqFkOGHDp0m
3,75,2026-04-04T02:27:03.296Z,1598.000,10,1331.000,BupgNPzH9jc0Eppp,1453.000,kpmavFL5xFvBXmeS,1469.000,376MU2u+8SnuxMQc,1490.000,UZJgGqNAd1DJ7a5N,1507.000,Elp1NMBI12RMuA1d,1546.000,bMnaMQqFkOGHDp0m,1582.000,j6cPpRGMZFLjdI+l,1619.000,kJub+myNVnivJPH0,1713.000,RghNkEQ73og/VlX2,1793.000,saIe+uO82j5dyZ0p
3,76,2026-04-04T02:27:04.894Z,1112.000,10,805.000,BupgNPzH9jc0Eppp,831.000,Elp1NMBI12RMuA1d,902.000,kJub+myNVnivJPH0,920.000,UZJgGqNAd1DJ7a5N,954.000,376MU2u+8SnuxMQc,1051.000,j6cPpRGMZFLjdI+l,1098.000,kpmavFL5xFvBXmeS,1148.000,bMnaMQqFkOGHDp0m,1269.000,RghNkEQ73og/VlX2,1313.000,saIe+uO82j5dyZ0p
3,77,2026-04-04T02:27:06.006Z,1201.000,10,921.000,BupgNPzH9jc0Eppp,944.000,Elp1NMBI12RMuA1d,971.000,UZJgGqNAd1DJ7a5N,1002.000,376MU2u+8SnuxMQc,1104.000,bMnaMQqFkOGHDp0m,1147.000,j6cPpRGMZFLjdI+l,1186.000,kpmavFL5xFvBXmeS,1229.000,kJub+myNVnivJPH0,1768.000,saIe+uO82j5dyZ0p,1800.000,RghNkEQ73og/VlX2
3,78,2026-04-04T02:27:07.207Z,1202.000,10,798.000,BupgNPzH9jc0Eppp,949.000,UZJgGqNAd1DJ7a5N,1032.000,j6cPpRGMZFLjdI+l,1073.000,bMnaMQqFkOGHDp0m,1116.000,kJub+myNVnivJPH0,1136.000,376MU2u+8SnuxMQc,1187.000,Elp1NMBI12RMuA1d,1573.000,kpmavFL5xFvBXmeS,1977.000,RghNkEQ73og/VlX2,2013.000,saIe+uO82j5dyZ0p
3,79,2026-04-04T02:27:08.409Z,1564.000,10,979.000,Elp1NMBI12RMuA1d,1015.000,kJub+myNVnivJPH0,1034.000,UZJgGqNAd1DJ7a5N,1080.000,BupgNPzH9jc0Eppp,1139.000,bMnaMQqFkOGHDp0m,1333.000,j6cPpRGMZFLjdI+l,1544.000,kpmavFL5xFvBXmeS,1568.000,376MU2u+8SnuxMQc,2256.000,RghNkEQ73og/VlX2,2323.000,saIe+uO82j5dyZ0p
3,80,2026-04-04T02:27:09.973Z,1240.000,10,789.000,Elp1NMBI12RMuA1d,821.000,UZJgGqNAd1DJ7a5N,846.000,BupgNPzH9jc0Eppp,1084.000,bMnaMQqFkOGHDp0m,1127.000,j6cPpRGMZFLjdI+l,1147.000,376MU2u+8SnuxMQc,1218.000,kJub+myNVnivJPH0,1938.000,saIe+uO82j5dyZ0p,1996.000,kpmavFL5xFvBXmeS,2255.000,RghNkEQ73og/VlX2
3,81,2026-04-04T02:27:11.213Z,1282.000,9,789.000,BupgNPzH9jc0Eppp,931.000,Elp1NMBI12RMuA1d,953.000,376MU2u+8SnuxMQc,992.000,kJub+myNVnivJPH0,1165.000,j6cPpRGMZFLjdI+l,1193.000,UZJgGqNAd1DJ7a5N,1262.000,bMnaMQqFkOGHDp0m,1947.000,saIe+uO82j5dyZ0p,2413.000,RghNkEQ73og/VlX2,,
3,82,2026-04-04T02:27:12.495Z,1185.000,9,826.000,UZJgGqNAd1DJ7a5N,851.000,BupgNPzH9jc0Eppp,882.000,Elp1NMBI12RMuA1d,1013.000,kJub+myNVnivJPH0,1057.000,j6cPpRGMZFLjdI+l,1104.000,bMnaMQqFkOGHDp0m,1165.000,376MU2u+8SnuxMQc,1785.000,saIe+uO82j5dyZ0p,2251.000,kpmavFL5xFvBXmeS,,
3,83,2026-04-04T02:27:13.680Z,1432.000,9,510.000,BupgNPzH9jc0Eppp,676.000,Elp1NMBI12RMuA1d,801.000,j6cPpRGMZFLjdI+l,843.000,kJub+myNVnivJPH0,1254.000,376MU2u+8SnuxMQc,1320.000,bMnaMQqFkOGHDp0m,1408.000,UZJgGqNAd1DJ7a5N,1999.000,saIe+uO82j5dyZ0p,2177.000,RghNkEQ73og/VlX2,,
3,84,2026-04-04T02:27:15.112Z,1168.000,9,829.000,BupgNPzH9jc0Eppp,857.000,376MU2u+8SnuxMQc,891.000,UZJgGqNAd1DJ7a5N,949.000,Elp1NMBI12RMuA1d,1045.000,bMnaMQqFkOGHDp0m,1097.000,kJub+myNVnivJPH0,1148.000,j6cPpRGMZFLjdI+l,1191.000,saIe+uO82j5dyZ0p,2106.000,RghNkEQ73og/VlX2,,
3,85,2026-04-04T02:27:16.280Z,1344.000,8,679.000,BupgNPzH9jc0Eppp,765.000,saIe+uO82j5dyZ0p,829.000,j6cPpRGMZFLjdI+l,848.000,Elp1NMBI12RMuA1d,893.000,376MU2u+8SnuxMQc,978.000,kJub+myNVnivJPH0,1331.000,UZJgGqNAd1DJ7a5N,1374.000,bMnaMQqFkOGHDp0m,,,,
3,86,2026-04-04T02:27:17.624Z,1421.000,9,881.000,BupgNPzH9jc0Eppp,978.000,Elp1NMBI12RMuA1d,1100.000,saIe+uO82j5dyZ0p,1127.000,376MU2u+8SnuxMQc,1197.000,j6cPpRGMZFLjdI+l,1351.000,kJub+myNVnivJPH0,1376.000,RghNkEQ73og/VlX2,1697.000,bMnaMQqFkOGHDp0m,2358.000,UZJgGqNAd1DJ7a5N,,
3,87,2026-04-04T02:27:19.045Z,1381.000,9,1045.000,BupgNPzH9jc0Eppp,1132.000,bMnaMQqFkOGHDp0m,1194.000,saIe+uO82j5dyZ0p,1251.000,j6cPpRGMZFLjdI+l,1302.000,kJub+myNVnivJPH0,1329.000,Elp1NMBI12RMuA1d,1361.000,376MU2u+8SnuxMQc,1560.000,RghNkEQ73og/VlX2,1767.000,UZJgGqNAd1DJ7a5N,,
3,88,2026-04-04T02:27:20.426Z,1276.000,9,832.000,BupgNPzH9jc0Eppp,979.000,Elp1NMBI12RMuA1d,1070.000,j6cPpRGMZFLjdI+l,1096.000,RghNkEQ73og/VlX2,1129.000,376MU2u+8SnuxMQc,1183.000,bMnaMQqFkOGHDp0m,1245.000,kJub+myNVnivJPH0,1303.000,saIe+uO82j5dyZ0p,1618.000,UZJgGqNAd1DJ7a5N,,
3,89,2026-04-04T02:27:21.702Z,2141.000,9,938.000,Elp1NMBI12RMuA1d,973.000,BupgNPzH9jc0Eppp,1054.000,kJub+myNVnivJPH0,1076.000,376MU2u+8SnuxMQc,1135.000,j6cPpRGMZFLjdI+l,1177.000,bMnaMQqFkOGHDp0m,2127.000,UZJgGqNAd1DJ7a5N,2147.000,RghNkEQ73og/VlX2,2188.000,saIe+uO82j5dyZ0p,,
3,90,2026-04-04T02:27:23.843Z,1344.000,9,1009.000,j6cPpRGMZFLjdI+l,1062.000,bMnaMQqFkOGHDp0m,1088.000,Elp1NMBI12RMuA1d,1161.000,saIe+uO82j5dyZ0p,1199.000,BupgNPzH9jc0Eppp,1253.000,376MU2u+8SnuxMQc,1326.000,UZJgGqNAd1DJ7a5N,1386.000,kJub+myNVnivJPH0,1793.000,RghNkEQ73og/VlX2,,
3,91,2026-04-04T02:27:25.187Z,1674.000,9,1159.000,BupgNPzH9jc0Eppp,1237.000,kJub+myNVnivJPH0,1270.000,UZJgGqNAd1DJ7a5N,1329.000,376MU2u+8SnuxMQc,1360.000,Elp1NMBI12RMuA1d,1530.000,RghNkEQ73og/VlX2,1644.000,j6cPpRGMZFLjdI+l,1711.000,saIe+uO82j5dyZ0p,1871.000,bMnaMQqFkOGHDp0m,,
3,92,2026-04-04T02:27:26.861Z,1315.000,9,852.000,BupgNPzH9jc0Eppp,1008.000,376MU2u+8SnuxMQc,1072.000,j6cPpRGMZFLjdI+l,1111.000,UZJgGqNAd1DJ7a5N,1159.000,Elp1NMBI12RMuA1d,1223.000,saIe+uO82j5dyZ0p,1276.000,bMnaMQqFkOGHDp0m,1323.000,RghNkEQ73og/VlX2,1475.000,kJub+myNVnivJPH0,,
3,93,2026-04-04T02:27:28.176Z,1379.000,9,889.000,BupgNPzH9jc0Eppp,1143.000,kJub+myNVnivJPH0,1168.000,UZJgGqNAd1DJ7a5N,1211.000,Elp1NMBI12RMuA1d,1258.000,bMnaMQqFkOGHDp0m,1286.000,376MU2u+8SnuxMQc,1353.000,j6cPpRGMZFLjdI+l,1430.000,RghNkEQ73og/VlX2,1489.000,saIe+uO82j5dyZ0p,,
3,94,2026-04-04T02:27:29.555Z,1227.000,9,843.000,kJub+myNVnivJPH0,889.000,Elp1NMBI12RMuA1d,1011.000,j6cPpRGMZFLjdI+l,1036.000,BupgNPzH9jc0Eppp,1065.000,376MU2u+8SnuxMQc,1104.000,RghNkEQ73og/VlX2,1204.000,bMnaMQqFkOGHDp0m,1259.000,saIe+uO82j5dyZ0p,1484.000,UZJgGqNAd1DJ7a5N,,
3,95,2026-04-04T02:27:30.782Z,1102.000,9,802.000,BupgNPzH9jc0Eppp,917.000,UZJgGqNAd1DJ7a5N,952.000,Elp1NMBI12RMuA1d,970.000,RghNkEQ73og/VlX2,1009.000,bMnaMQqFkOGHDp0m,1059.000,kJub+myNVnivJPH0,1081.000,376MU2u+8SnuxMQc,1199.000,j6cPpRGMZFLjdI+l,2356.000,saIe+uO82j5dyZ0p,,
3,96,2026-04-04T02:27:31.884Z,1752.000,9,1433.000,BupgNPzH9jc0Eppp,1450.000,UZJgGqNAd1DJ7a5N,1485.000,kJub+myNVnivJPH0,1519.000,j6cPpRGMZFLjdI+l,1616.000,bMnaMQqFkOGHDp0m,1677.000,saIe+uO82j5dyZ0p,1695.000,Elp1NMBI12RMuA1d,1963.000,376MU2u+8SnuxMQc,2116.000,RghNkEQ73og/VlX2,,
3,97,2026-04-04T02:27:33.636Z,1382.000,9,978.000,BupgNPzH9jc0Eppp,1004.000,UZJgGqNAd1DJ7a5N,1053.000,Elp1NMBI12RMuA1d,1174.000,j6cPpRGMZFLjdI+l,1258.000,saIe+uO82j5dyZ0p,1312.000,bMnaMQqFkOGHDp0m,1364.000,kJub+myNVnivJPH0,1389.000,RghNkEQ73og/VlX2,1542.000,376MU2u+8SnuxMQc,,
3,98,2026-04-04T02:27:35.018Z,1427.000,9,1107.000,BupgNPzH9jc0Eppp,1154.000,UZJgGqNAd1DJ7a5N,1210.000,Elp1NMBI12RMuA1d,1238.000,RghNkEQ73og/VlX2,1303.000,bMnaMQqFkOGHDp0m,1353.000,j6cPpRGMZFLjdI+l,1385.000,376MU2u+8SnuxMQc,1459.000,saIe+uO82j5dyZ0p,4330.000,kJub+myNVnivJPH0,,
3,99,2026-04-04T02:27:36.445Z,1053.000,8,636.000,BupgNPzH9jc0Eppp,668.000,UZJgGqNAd1DJ7a5N,788.000,Elp1NMBI12RMuA1d,812.000,376MU2u+8SnuxMQc,895.000,saIe+uO82j5dyZ0p,1005.000,j6cPpRGMZFLjdI+l,1026.000,RghNkEQ73og/VlX2,1299.000,bMnaMQqFkOGHDp0m,,,,
3,100,2026-04-04T02:27:37.498Z,799.000,8,618.000,UZJgGqNAd1DJ7a5N,638.000,BupgNPzH9jc0Eppp,656.000,Elp1NMBI12RMuA1d,703.000,j6cPpRGMZFLjdI+l,722.000,376MU2u+8SnuxMQc,752.000,saIe+uO82j5dyZ0p,789.000,RghNkEQ73og/VlX2,1025.000,bMnaMQqFkOGHDp0m,,,,
3,101,2026-04-04T02:27:38.297Z,1205.000,8,520.000,BupgNPzH9jc0Eppp,637.000,RghNkEQ73og/VlX2,726.000,UZJgGqNAd1DJ7a5N,766.000,bMnaMQqFkOGHDp0m,841.000,376MU2u+8SnuxMQc,917.000,Elp1NMBI12RMuA1d,1189.000,j6cPpRGMZFLjdI+l,1587.000,saIe+uO82j5dyZ0p,,,,
3,102,2026-04-04T02:27:39.502Z,754.000,8,453.000,RghNkEQ73og/VlX2,470.000,Elp1NMBI12RMuA1d,492.000,UZJgGqNAd1DJ7a5N,568.000,BupgNPzH9jc0Eppp,602.000,j6cPpRGMZFLjdI+l,618.000,376MU2u+8SnuxMQc,739.000,saIe+uO82j5dyZ0p,777.000,bMnaMQqFkOGHDp0m,,,,
3,103,2026-04-04T02:27:40.256Z,968.000,8,414.000,BupgNPzH9jc0Eppp,558.000,Elp1NMBI12RMuA1d,829.000,UZJgGqNAd1DJ7a5N,863.000,saIe+uO82j5dyZ0p,894.000,bMnaMQqFkOGHDp0m,919.000,RghNkEQ73og/VlX2,955.000,j6cPpRGMZFLjdI+l,973.000,376MU2u+8SnuxMQc,,,,
3,104,2026-04-04T02:27:41.224Z,632.000,8,455.000,bMnaMQqFkOGHDp0m,466.000,UZJgGqNAd1DJ7a5N,498.000,j6cPpRGMZFLjdI+l,515.000,BupgNPzH9jc0Eppp,549.000,376MU2u+8SnuxMQc,563.000,Elp1NMBI12RMuA1d,620.000,saIe+uO82j5dyZ0p,841.000,RghNkEQ73og/VlX2,,,,
3,105,2026-04-04T02:27:41.856Z,796.000,8,442.000,376MU2u+8SnuxMQc,549.000,BupgNPzH9jc0Eppp,597.000,Elp1NMBI12RMuA1d,612.000,UZJgGqNAd1DJ7a5N,720.000,j6cPpRGMZFLjdI+l,768.000,saIe+uO82j5dyZ0p,784.000,RghNkEQ73og/VlX2,1014.000,bMnaMQqFkOGHDp0m,,,,
3,106,2026-04-04T02:27:42.652Z,589.000,8,377.000,BupgNPzH9jc0Eppp,396.000,376MU2u+8SnuxMQc,410.000,RghNkEQ73og/VlX2,427.000,UZJgGqNAd1DJ7a5N,537.000,saIe+uO82j5dyZ0p,549.000,Elp1NMBI12RMuA1d,577.000,bMnaMQqFkOGHDp0m,947.000,j6cPpRGMZFLjdI+l,,,,
3,107,2026-04-04T02:27:43.241Z,836.000,8,410.000,376MU2u+8SnuxMQc,418.000,BupgNPzH9jc0Eppp,428.000,RghNkEQ73og/VlX2,484.000,UZJgGqNAd1DJ7a5N,514.000,bMnaMQqFkOGHDp0m,675.000,Elp1NMBI12RMuA1d,1443.000,j6cPpRGMZFLjdI+l,1074.000,saIe+uO82j5dyZ0p,,,,
3,108,2026-04-04T02:27:44.077Z,480.000,8,267.000,j6cPpRGMZFLjdI+l,371.000,UZJgGqNAd1DJ7a5N,383.000,BupgNPzH9jc0Eppp,429.000,bMnaMQqFkOGHDp0m,443.000,376MU2u+8SnuxMQc,464.000,Elp1NMBI12RMuA1d,475.000,RghNkEQ73og/VlX2,743.000,saIe+uO82j5dyZ0p,,,,
3,109,2026-04-04T02:27:44.557Z,670.000,8,384.000,BupgNPzH9jc0Eppp,406.000,UZJgGqNAd1DJ7a5N,455.000,Elp1NMBI12RMuA1d,520.000,j6cPpRGMZFLjdI+l,613.000,saIe+uO82j5dyZ0p,625.000,376MU2u+8SnuxMQc,661.000,bMnaMQqFkOGHDp0m,940.000,RghNkEQ73og/VlX2,,,,
3,110,2026-04-04T02:27:45.227Z,896.000,8,286.000,BupgNPzH9jc0Eppp,343.000,Elp1NMBI12RMuA1d,382.000,376MU2u+8SnuxMQc,446.000,bMnaMQqFkOGHDp0m,654.000,saIe+uO82j5dyZ0p,831.000,j6cPpRGMZFLjdI+l,884.000,RghNkEQ73og/VlX2,2029.000,UZJgGqNAd1DJ7a5N,,,,
3,111,2026-04-04T02:27:46.123Z,1691.000,8,1258.000,BupgNPzH9jc0Eppp,1317.000,j6cPpRGMZFLjdI+l,1480.000,UZJgGqNAd1DJ7a5N,1524.000,376MU2u+8SnuxMQc,1545.000,RghNkEQ73og/VlX2,1575.000,saIe+uO82j5dyZ0p,1667.000,Elp1NMBI12RMuA1d,2187.000,bMnaMQqFkOGHDp0m,,,,
3,112,2026-04-04T02:27:47.814Z,942.000,8,606.000,BupgNPzH9jc0Eppp,630.000,UZJgGqNAd1DJ7a5N,692.000,376MU2u+8SnuxMQc,763.000,RghNkEQ73og/VlX2,804.000,Elp1NMBI12RMuA1d,898.000,saIe+uO82j5dyZ0p,931.000,bMnaMQqFkOGHDp0m,1303.000,j6cPpRGMZFLjdI+l,,,,
3,113,2026-04-04T02:27:48.756Z,1101.000,8,696.000,BupgNPzH9jc0Eppp,843.000,bMnaMQqFkOGHDp0m,868.000,Elp1NMBI12RMuA1d,898.000,RghNkEQ73og/VlX2,919.000,376MU2u+8SnuxMQc,1048.000,j6cPpRGMZFLjdI+l,1070.000,UZJgGqNAd1DJ7a5N,1136.000,saIe+uO82j5dyZ0p,,,,
3,114,2026-04-04T02:27:49.857Z,874.000,8,597.000,UZJgGqNAd1DJ7a5N,615.000,BupgNPzH9jc0Eppp,632.000,376MU2u+8SnuxMQc,669.000,Elp1NMBI12RMuA1d,721.000,RghNkEQ73og/VlX2,818.000,j6cPpRGMZFLjdI+l,860.000,saIe+uO82j5dyZ0p,1037.000,bMnaMQqFkOGHDp0m,,,,
3,115,2026-04-04T02:27:50.731Z,899.000,8,647.000,UZJgGqNAd1DJ7a5N,676.000,BupgNPzH9jc0Eppp,775.000,bMnaMQqFkOGHDp0m,796.000,Elp1NMBI12RMuA1d,824.000,376MU2u+8SnuxMQc,867.000,saIe+uO82j5dyZ0p,881.000,RghNkEQ73og/VlX2,1145.000,j6cPpRGMZFLjdI+l,,,,
3,116,2026-04-04T02:27:51.630Z,769.000,8,624.000,376MU2u+8SnuxMQc,634.000,UZJgGqNAd1DJ7a5N,646.000,BupgNPzH9jc0Eppp,660.000,Elp1NMBI12RMuA1d,688.000,bMnaMQqFkOGHDp0m,742.000,saIe+uO82j5dyZ0p,756.000,RghNkEQ73og/VlX2,2173.000,j6cPpRGMZFLjdI+l,,,,
3,117,2026-04-04T02:27:52.399Z,1300.000,8,655.000,UZJgGqNAd1DJ7a5N,726.000,376MU2u+8SnuxMQc,790.000,saIe+uO82j5dyZ0p,825.000,bMnaMQqFkOGHDp0m,854.000,Elp1NMBI12RMuA1d,1153.000,BupgNPzH9jc0Eppp,1290.000,RghNkEQ73og/VlX2,2429.000,j6cPpRGMZFLjdI+l,,,,
3,118,2026-04-04T02:27:53.699Z,1227.000,7,670.000,UZJgGqNAd1DJ7a5N,712.000,376MU2u+8SnuxMQc,856.000,saIe+uO82j5dyZ0p,1020.000,Elp1NMBI12RMuA1d,1074.000,bMnaMQqFkOGHDp0m,1091.000,BupgNPzH9jc0Eppp,1218.000,RghNkEQ73og/VlX2,,,,,,
3,119,2026-04-04T02:27:54.926Z,3454.000,8,1905.000,376MU2u+8SnuxMQc,1942.000,UZJgGqNAd1DJ7a5N,2206.000,bMnaMQqFkOGHDp0m,2257.000,saIe+uO82j5dyZ0p,2970.000,RghNkEQ73og/VlX2,3346.000,Elp1NMBI12RMuA1d,3433.000,BupgNPzH9jc0Eppp,7703.000,j6cPpRGMZFLjdI+l,,,,
3,120,2026-04-04T02:27:58.380Z,,0,,,,,,,,,,,,,,,,,,,,
4,1,2026-04-04T02:26:01.995Z,7817.000,7,3689.000,376MU2u+8SnuxMQc,4077.000,j6cPpRGMZFLjdI+l,5516.000,BupgNPzH9jc0Eppp,5545.000,RghNkEQ73og/VlX2,6672.000,kpmavFL5xFvBXmeS,7780.000,kJub+myNVnivJPH0,7816.000,bMnaMQqFkOGHDp0m,,,,,,
4,2,2026-04-04T02:26:09.812Z,738.000,8,364.000,376MU2u+8SnuxMQc,403.000,j6cPpRGMZFLjdI+l,407.000,BupgNPzH9jc0Eppp,424.000,kJub+myNVnivJPH0,442.000,RghNkEQ73og/VlX2,489.000,kpmavFL5xFvBXmeS,738.000,bMnaMQqFkOGHDp0m,1066.000,Elp1NMBI12RMuA1d,,,,
4,3,2026-04-04T02:26:10.550Z,598.000,9,328.000,376MU2u+8SnuxMQc,399.000,BupgNPzH9jc0Eppp,403.000,RghNkEQ73og/VlX2,409.000,j6cPpRGMZFLjdI+l,412.000,kJub+myNVnivJPH0,484.000,kpmavFL5xFvBXmeS,598.000,saIe+uO82j5dyZ0p,677.000,bMnaMQqFkOGHDp0m,693.000,Elp1NMBI12RMuA1d,,
4,4,2026-04-04T02:26:11.148Z,485.000,10,327.000,376MU2u+8SnuxMQc,365.000,saIe+uO82j5dyZ0p,405.000,j6cPpRGMZFLjdI+l,406.000,BupgNPzH9jc0Eppp,450.000,kJub+myNVnivJPH0,454.000,RghNkEQ73og/VlX2,485.000,kpmavFL5xFvBXmeS,491.000,bMnaMQqFkOGHDp0m,582.000,Elp1NMBI12RMuA1d,765.000,UZJgGqNAd1DJ7a5N
4,5,2026-04-04T02:26:11.633Z,410.000,10,329.000,376MU2u+8SnuxMQc,374.000,Elp1NMBI12RMuA1d,400.000,kJub+myNVnivJPH0,403.000,j6cPpRGMZFLjdI+l,406.000,RghNkEQ73og/VlX2,407.000,kpmavFL5xFvBXmeS,410.000,BupgNPzH9jc0Eppp,411.000,saIe+uO82j5dyZ0p,451.000,bMnaMQqFkOGHDp0m,636.000,UZJgGqNAd1DJ7a5N
4,6,2026-04-04T02:26:12.043Z,407.000,10,328.000,376MU2u+8SnuxMQc,369.000,Elp1NMBI12RMuA1d,397.000,BupgNPzH9jc0Eppp,398.000,RghNkEQ73og/VlX2,399.000,kJub+myNVnivJPH0,406.000,saIe+uO82j5dyZ0p,407.000,kpmavFL5xFvBXmeS,412.000,j6cPpRGMZFLjdI+l,447.000,bMnaMQqFkOGHDp0m,499.000,UZJgGqNAd1DJ7a5N
4,7,2026-04-04T02:26:12.450Z,406.000,10,329.000,376MU2u+8SnuxMQc,370.000,Elp1NMBI12RMuA1d,393.000,kpmavFL5xFvBXmeS,396.000,UZJgGqNAd1DJ7a5N,398.000,BupgNPzH9jc0Eppp,401.000,bMnaMQqFkOGHDp0m,406.000,RghNkEQ73og/VlX2,408.000,kJub+myNVnivJPH0,409.000,j6cPpRGMZFLjdI+l,411.000,saIe+uO82j5dyZ0p
4,8,2026-04-04T02:26:12.856Z,408.000,10,325.000,376MU2u+8SnuxMQc,399.000,j6cPpRGMZFLjdI+l,400.000,kJub+myNVnivJPH0,402.000,saIe+uO82j5dyZ0p,403.000,bMnaMQqFkOGHDp0m,404.000,UZJgGqNAd1DJ7a5N,407.000,RghNkEQ73og/VlX2,409.000,kpmavFL5xFvBXmeS,414.000,BupgNPzH9jc0Eppp,446.000,Elp1NMBI12RMuA1d
4,9,2026-04-04T02:26:13.264Z,406.000,10,326.000,376MU2u+8SnuxMQc,366.000,UZJgGqNAd1DJ7a5N,397.000,kJub+myNVnivJPH0,398.000,j6cPpRGMZFLjdI+l,403.000,BupgNPzH9jc0Eppp,404.000,bMnaMQqFkOGHDp0m,405.000,RghNkEQ73og/VlX2,407.000,kpmavFL5xFvBXmeS,409.000,saIe+uO82j5dyZ0p,410.000,Elp1NMBI12RMuA1d
4,10,2026-04-04T02:26:13.670Z,406.000,10,327.000,376MU2u+8SnuxMQc,368.000,Elp1NMBI12RMuA1d,394.000,j6cPpRGMZFLjdI+l,398.000,bMnaMQqFkOGHDp0m,400.000,RghNkEQ73og/VlX2,401.000,saIe+uO82j5dyZ0p,405.000,BupgNPzH9jc0Eppp,408.000,kpmavFL5xFvBXmeS,410.000,kJub+myNVnivJPH0,439.000,UZJgGqNAd1DJ7a5N
4,11,2026-04-04T02:26:14.076Z,408.000,10,323.000,376MU2u+8SnuxMQc,391.000,kpmavFL5xFvBXmeS,394.000,bMnaMQqFkOGHDp0m,399.000,j6cPpRGMZFLjdI+l,401.000,Elp1NMBI12RMuA1d,402.000,saIe+uO82j5dyZ0p,407.000,RghNkEQ73og/VlX2,409.000,BupgNPzH9jc0Eppp,418.000,kJub+myNVnivJPH0,444.000,UZJgGqNAd1DJ7a5N
4,12,2026-04-04T02:26:14.484Z,402.000,10,319.000,376MU2u+8SnuxMQc,392.000,RghNkEQ73og/VlX2,394.000,bMnaMQqFkOGHDp0m,396.000,Elp1NMBI12RMuA1d,397.000,kpmavFL5xFvBXmeS,399.000,saIe+uO82j5dyZ0p,402.000,kJub+myNVnivJPH0,404.000,j6cPpRGMZFLjdI+l,406.000,BupgNPzH9jc0Eppp,437.000,UZJgGqNAd1DJ7a5N
4,13,2026-04-04T02:26:14.886Z,406.000,10,327.000,376MU2u+8SnuxMQc,362.000,UZJgGqNAd1DJ7a5N,399.000,kJub+myNVnivJPH0,400.000,Elp1NMBI12RMuA1d,402.000,BupgNPzH9jc0Eppp,403.000,bMnaMQqFkOGHDp0m,406.000,kpmavFL5xFvBXmeS,408.000,saIe+uO82j5dyZ0p,410.000,RghNkEQ73og/VlX2,413.000,j6cPpRGMZFLjdI+l
4,14,2026-04-04T02:26:15.292Z,407.000,10,323.000,376MU2u+8SnuxMQc,381.000,UZJgGqNAd1DJ7a5N,393.000,j6cPpRGMZFLjdI+l,400.000,bMnaMQqFkOGHDp0m,402.000,kpmavFL5xFvBXmeS,405.000,kJub+myNVnivJPH0,407.000,saIe+uO82j5dyZ0p,408.000,Elp1NMBI12RMuA1d,409.000,RghNkEQ73og/VlX2,410.000,BupgNPzH9jc0Eppp
4,15,2026-04-04T02:26:15.699Z,403.000,10,321.000,376MU2u+8SnuxMQc,397.000,saIe+uO82j5dyZ0p,398.000,BupgNPzH9jc0Eppp,399.000,kJub+myNVnivJPH0,401.000,UZJgGqNAd1DJ7a5N,402.000,Elp1NMBI12RMuA1d,403.000,bMnaMQqFkOGHDp0m,405.000,kpmavFL5xFvBXmeS,409.000,RghNkEQ73og/VlX2,411.000,j6cPpRGMZFLjdI+l
4,16,2026-04-04T02:26:16.102Z,410.000,10,327.000,376MU2u+8SnuxMQc,401.000,kpmavFL5xFvBXmeS,402.000,UZJgGqNAd1DJ7a5N,403.000,RghNkEQ73og/VlX2,405.000,BupgNPzH9jc0Eppp,408.000,Elp1NMBI12RMuA1d,410.000,j6cPpRGMZFLjdI+l,411.000,kJub+myNVnivJPH0,412.000,bMnaMQqFkOGHDp0m,415.000,saIe+uO82j5dyZ0p
4,17,2026-04-04T02:26:16.512Z,406.000,10,324.000,376MU2u+8SnuxMQc,393.000,bMnaMQqFkOGHDp0m,394.000,j6cPpRGMZFLjdI+l,396.000,Elp1NMBI12RMuA1d,402.000,saIe+uO82j5dyZ0p,404.000,BupgNPzH9jc0Eppp,406.000,kJub+myNVnivJPH0,407.000,UZJgGqNAd1DJ7a5N,409.000,kpmavFL5xFvBXmeS,421.000,RghNkEQ73og/VlX2
4,18,2026-04-04T02:26:16.918Z,406.000,10,322.000,376MU2u+8SnuxMQc,393.000,j6cPpRGMZFLjdI+l,395.000,UZJgGqNAd1DJ7a5N,400.000,kJub+myNVnivJPH0,403.000,saIe+uO82j5dyZ0p,404.000,kpmavFL5xFvBXmeS,405.000,Elp1NMBI12RMuA1d,407.000,BupgNPzH9jc0Eppp,408.000,RghNkEQ73og/VlX2,412.000,bMnaMQqFkOGHDp0m
4,19,2026-04-04T02:26:17.324Z,403.000,10,320.000,376MU2u+8SnuxMQc,394.000,kpmavFL5xFvBXmeS,398.000,Elp1NMBI12RMuA1d,400.000,RghNkEQ73og/VlX2,401.000,UZJgGqNAd1DJ7a5N,402.000,j6cPpRGMZFLjdI+l,403.000,BupgNPzH9jc0Eppp,405.000,saIe+uO82j5dyZ0p,406.000,bMnaMQqFkOGHDp0m,408.000,kJub+myNVnivJPH0
4,20,2026-04-04T02:26:17.727Z,410.000,10,327.000,376MU2u+8SnuxMQc,403.000,BupgNPzH9jc0Eppp,405.000,Elp1NMBI12RMuA1d,406.000,saIe+uO82j5dyZ0p,407.000,kJub+myNVnivJPH0,409.000,bMnaMQqFkOGHDp0m,410.000,RghNkEQ73og/VlX2,411.000,j6cPpRGMZFLjdI+l,412.000,kpmavFL5xFvBXmeS,414.000,UZJgGqNAd1DJ7a5N
4,21,2026-04-04T02:26:18.137Z,406.000,10,324.000,376MU2u+8SnuxMQc,396.000,j6cPpRGMZFLjdI+l,400.000,saIe+uO82j5dyZ0p,401.000,kJub+myNVnivJPH0,402.000,BupgNPzH9jc0Eppp,404.000,kpmavFL5xFvBXmeS,406.000,Elp1NMBI12RMuA1d,407.000,UZJgGqNAd1DJ7a5N,410.000,bMnaMQqFkOGHDp0m,413.000,RghNkEQ73og/VlX2
4,22,2026-04-04T02:26:18.543Z,408.000,10,324.000,376MU2u+8SnuxMQc,397.000,saIe+uO82j5dyZ0p,401.000,Elp1NMBI12RMuA1d,404.000,j6cPpRGMZFLjdI+l,405.000,UZJgGqNAd1DJ7a5N,406.000,BupgNPzH9jc0Eppp,408.000,kJub+myNVnivJPH0,409.000,bMnaMQqFkOGHDp0m,410.000,kpmavFL5xFvBXmeS,411.000,RghNkEQ73og/VlX2
4,23,2026-04-04T02:26:18.951Z,405.000,10,322.000,376MU2u+8SnuxMQc,391.000,bMnaMQqFkOGHDp0m,394.000,kpmavFL5xFvBXmeS,399.000,RghNkEQ73og/VlX2,401.000,Elp1NMBI12RMuA1d,403.000,kJub+myNVnivJPH0,404.000,saIe+uO82j5dyZ0p,406.000,BupgNPzH9jc0Eppp,407.000,UZJgGqNAd1DJ7a5N,408.000,j6cPpRGMZFLjdI+l
4,24,2026-04-04T02:26:19.356Z,403.000,10,321.000,376MU2u+8SnuxMQc,396.000,UZJgGqNAd1DJ7a5N,397.000,Elp1NMBI12RMuA1d,399.000,saIe+uO82j5dyZ0p,400.000,RghNkEQ73og/VlX2,402.000,kpmavFL5xFvBXmeS,403.000,j6cPpRGMZFLjdI+l,404.000,BupgNPzH9jc0Eppp,405.000,bMnaMQqFkOGHDp0m,407.000,kJub+myNVnivJPH0
4,25,2026-04-04T02:26:19.759Z,409.000,10,327.000,376MU2u+8SnuxMQc,397.000,BupgNPzH9jc0Eppp,399.000,Elp1NMBI12RMuA1d,405.000,saIe+uO82j5dyZ0p,406.000,bMnaMQqFkOGHDp0m,407.000,kJub+myNVnivJPH0,409.000,RghNkEQ73og/VlX2,411.000,j6cPpRGMZFLjdI+l,415.000,kpmavFL5xFvBXmeS,418.000,UZJgGqNAd1DJ7a5N
4,26,2026-04-04T02:26:20.168Z,406.000,10,323.000,376MU2u+8SnuxMQc,398.000,saIe+uO82j5dyZ0p,400.000,bMnaMQqFkOGHDp0m,401.000,j6cPpRGMZFLjdI+l,403.000,BupgNPzH9jc0Eppp,404.000,Elp1NMBI12RMuA1d,405.000,kJub+myNVnivJPH0,407.000,UZJgGqNAd1DJ7a5N,408.000,kpmavFL5xFvBXmeS,411.000,RghNkEQ73og/VlX2
4,27,2026-04-04T02:26:20.574Z,409.000,10,329.000,376MU2u+8SnuxMQc,402.000,kpmavFL5xFvBXmeS,404.000,bMnaMQqFkOGHDp0m,405.000,Elp1NMBI12RMuA1d,407.000,kJub+myNVnivJPH0,408.000,UZJgGqNAd1DJ7a5N,409.000,j6cPpRGMZFLjdI+l,410.000,BupgNPzH9jc0Eppp,412.000,saIe+uO82j5dyZ0p,415.000,RghNkEQ73og/VlX2
4,28,2026-04-04T02:26:20.983Z,402.000,10,323.000,376MU2u+8SnuxMQc,388.000,RghNkEQ73og/VlX2,395.000,bMnaMQqFkOGHDp0m,397.000,saIe+uO82j5dyZ0p,398.000,BupgNPzH9jc0Eppp,401.000,kJub+myNVnivJPH0,402.000,j6cPpRGMZFLjdI+l,404.000,kpmavFL5xFvBXmeS,411.000,Elp1NMBI12RMuA1d,412.000,UZJgGqNAd1DJ7a5N
4,29,2026-04-04T02:26:21.385Z,409.000,10,325.000,376MU2u+8SnuxMQc,402.000,bMnaMQqFkOGHDp0m,404.000,Elp1NMBI12RMuA1d,405.000,RghNkEQ73og/VlX2,406.000,kJub+myNVnivJPH0,407.000,kpmavFL5xFvBXmeS,409.000,UZJgGqNAd1DJ7a5N,410.000,j6cPpRGMZFLjdI+l,411.000,saIe+uO82j5dyZ0p,412.000,BupgNPzH9jc0Eppp
4,30,2026-04-04T02:26:21.794Z,406.000,10,324.000,376MU2u+8SnuxMQc,397.000,kJub+myNVnivJPH0,398.000,UZJgGqNAd1DJ7a5N,400.000,j6cPpRGMZFLjdI+l,401.000,BupgNPzH9jc0Eppp,403.000,Elp1NMBI12RMuA1d,406.000,bMnaMQqFkOGHDp0m,407.000,saIe+uO82j5dyZ0p,408.000,kpmavFL5xFvBXmeS,413.000,RghNkEQ73og/VlX2
4,31,2026-04-04T02:26:22.200Z,406.000,10,323.000,376MU2u+8SnuxMQc,398.000,kpmavFL5xFvBXmeS,401.000,RghNkEQ73og/VlX2,402.000,bMnaMQqFkOGHDp0m,403.000,kJub+myNVnivJPH0,405.000,UZJgGqNAd1DJ7a5N,406.000,j6cPpRGMZFLjdI+l,407.000,BupgNPzH9jc0Eppp,408.000,saIe+uO82j5dyZ0p,411.000,Elp1NMBI12RMuA1d
4,32,2026-04-04T02:26:22.606Z,412.000,10,327.000,376MU2u+8SnuxMQc,400.000,BupgNPzH9jc0Eppp,405.000,UZJgGqNAd1DJ7a5N,406.000,bMnaMQqFkOGHDp0m,409.000,saIe+uO82j5dyZ0p,410.000,kpmavFL5xFvBXmeS,412.000,j6cPpRGMZFLjdI+l,413.000,Elp1NMBI12RMuA1d,414.000,kJub+myNVnivJPH0,415.000,RghNkEQ73og/VlX2
4,33,2026-04-04T02:26:23.018Z,404.000,10,320.000,376MU2u+8SnuxMQc,387.000,UZJgGqNAd1DJ7a5N,399.000,kpmavFL5xFvBXmeS,400.000,j6cPpRGMZFLjdI+l,401.000,bMnaMQqFkOGHDp0m,403.000,Elp1NMBI12RMuA1d,404.000,saIe+uO82j5dyZ0p,405.000,kJub+myNVnivJPH0,406.000,RghNkEQ73og/VlX2,408.000,BupgNPzH9jc0Eppp
4,34,2026-04-04T02:26:23.422Z,406.000,10,322.000,376MU2u+8SnuxMQc,396.000,kpmavFL5xFvBXmeS,400.000,RghNkEQ73og/VlX2,402.000,j6cPpRGMZFLjdI+l,403.000,BupgNPzH9jc0Eppp,404.000,saIe+uO82j5dyZ0p,405.000,bMnaMQqFkOGHDp0m,407.000,kJub+myNVnivJPH0,408.000,UZJgGqNAd1DJ7a5N,415.000,Elp1NMBI12RMuA1d
4,35,2026-04-04T02:26:23.828Z,407.000,10,323.000,376MU2u+8SnuxMQc,397.000,bMnaMQqFkOGHDp0m,401.000,RghNkEQ73og/VlX2,403.000,Elp1NMBI12RMuA1d,404.000,UZJgGqNAd1DJ7a5N,405.000,saIe+uO82j5dyZ0p,407.000,kpmavFL5xFvBXmeS,408.000,j6cPpRGMZFLjdI+l,409.000,BupgNPzH9jc0Eppp,410.000,kJub+myNVnivJPH0
4,36,2026-04-04T02:26:24.235Z,407.000,10,323.000,376MU2u+8SnuxMQc,393.000,saIe+uO82j5dyZ0p,395.000,RghNkEQ73og/VlX2,400.000,kJub+myNVnivJPH0,404.000,kpmavFL5xFvBXmeS,406.000,UZJgGqNAd1DJ7a5N,407.000,bMnaMQqFkOGHDp0m,408.000,j6cPpRGMZFLjdI+l,409.000,BupgNPzH9jc0Eppp,419.000,Elp1NMBI12RMuA1d
4,37,2026-04-04T02:26:24.642Z,693.000,7,410.000,Elp1NMBI12RMuA1d,435.000,UZJgGqNAd1DJ7a5N,437.000,bMnaMQqFkOGHDp0m,502.000,RghNkEQ73og/VlX2,521.000,376MU2u+8SnuxMQc,601.000,saIe+uO82j5dyZ0p,692.000,j6cPpRGMZFLjdI+l,,,,,,
4,38,2026-04-04T02:26:25.335Z,608.000,9,400.000,376MU2u+8SnuxMQc,457.000,RghNkEQ73og/VlX2,496.000,saIe+uO82j5dyZ0p,511.000,UZJgGqNAd1DJ7a5N,558.000,BupgNPzH9jc0Eppp,581.000,Elp1NMBI12RMuA1d,605.000,j6cPpRGMZFLjdI+l,626.000,kJub+myNVnivJPH0,1121.000,kpmavFL5xFvBXmeS,,
4,39,2026-04-04T02:26:25.943Z,856.000,10,707.000,376MU2u+8SnuxMQc,741.000,Elp1NMBI12RMuA1d,750.000,UZJgGqNAd1DJ7a5N,774.000,BupgNPzH9jc0Eppp,800.000,saIe+uO82j5dyZ0p,823.000,kJub+myNVnivJPH0,846.000,kpmavFL5xFvBXmeS,874.000,j6cPpRGMZFLjdI+l,947.000,bMnaMQqFkOGHDp0m,963.000,RghNkEQ73og/VlX2
4,40,2026-04-04T02:26:26.799Z,763.000,10,569.000,376MU2u+8SnuxMQc,600.000,kJub+myNVnivJPH0,628.000,bMnaMQqFkOGHDp0m,653.000,j6cPpRGMZFLjdI+l,665.000,Elp1NMBI12RMuA1d,709.000,saIe+uO82j5dyZ0p,739.000,kpmavFL5xFvBXmeS,785.000,BupgNPzH9jc0Eppp,873.000,UZJgGqNAd1DJ7a5N,885.000,RghNkEQ73og/VlX2
4,41,2026-04-04T02:26:27.562Z,849.000,10,640.000,376MU2u+8SnuxMQc,705.000,kpmavFL5xFvBXmeS,738.000,bMnaMQqFkOGHDp0m,752.000,Elp1NMBI12RMuA1d,786.000,saIe+uO82j5dyZ0p,817.000,j6cPpRGMZFLjdI+l,830.000,RghNkEQ73og/VlX2,906.000,kJub+myNVnivJPH0,977.000,UZJgGqNAd1DJ7a5N,1132.000,BupgNPzH9jc0Eppp
4,42,2026-04-04T02:26:28.411Z,1340.000,10,741.000,376MU2u+8SnuxMQc,848.000,bMnaMQqFkOGHDp0m,1068.000,saIe+uO82j5dyZ0p,1155.000,kJub+myNVnivJPH0,1177.000,UZJgGqNAd1DJ7a5N,1292.000,BupgNPzH9jc0Eppp,1322.000,RghNkEQ73og/VlX2,1362.000,j6cPpRGMZFLjdI+l,1462.000,kpmavFL5xFvBXmeS,1477.000,Elp1NMBI12RMuA1d
4,43,2026-04-04T02:26:29.751Z,1140.000,10,822.000,376MU2u+8SnuxMQc,930.000,BupgNPzH9jc0Eppp,949.000,Elp1NMBI12RMuA1d,1006.000,saIe+uO82j5dyZ0p,1048.000,j6cPpRGMZFLjdI+l,1088.000,kpmavFL5xFvBXmeS,1129.000,bMnaMQqFkOGHDp0m,1146.000,RghNkEQ73og/VlX2,1255.000,kJub+myNVnivJPH0,1273.000,UZJgGqNAd1DJ7a5N
4,44,2026-04-04T02:26:30.891Z,1221.000,10,777.000,376MU2u+8SnuxMQc,891.000,RghNkEQ73og/VlX2,1006.000,Elp1NMBI12RMuA1d,1026.000,UZJgGqNAd1DJ7a5N,1074.000,bMnaMQqFkOGHDp0m,1155.000,kpmavFL5xFvBXmeS,1205.000,BupgNPzH9jc0Eppp,1253.000,kJub+myNVnivJPH0,1394.000,j6cPpRGMZFLjdI+l,1438.000,saIe+uO82j5dyZ0p
4,45,2026-04-04T02:26:32.112Z,1181.000,10,769.000,376MU2u+8SnuxMQc,927.000,Elp1NMBI12RMuA1d,999.000,kpmavFL5xFvBXmeS,1040.000,j6cPpRGMZFLjdI+l,1056.000,RghNkEQ73og/VlX2,1117.000,UZJgGqNAd1DJ7a5N,1165.000,saIe+uO82j5dyZ0p,1303.000,bMnaMQqFkOGHDp0m,1342.000,kJub+myNVnivJPH0,1536.000,BupgNPzH9jc0Eppp
4,46,2026-04-04T02:26:33.293Z,1025.000,10,674.000,376MU2u+8SnuxMQc,702.000,Elp1NMBI12RMuA1d,878.000,saIe+uO82j5dyZ0p,898.000,UZJgGqNAd1DJ7a5N,957.000,kJub+myNVnivJPH0,978.000,RghNkEQ73og/VlX2,1014.000,bMnaMQqFkOGHDp0m,1114.000,j6cPpRGMZFLjdI+l,1214.000,BupgNPzH9jc0Eppp,1257.000,kpmavFL5xFvBXmeS
4,47,2026-04-04T02:26:34.318Z,1078.000,10,671.000,376MU2u+8SnuxMQc,871.000,bMnaMQqFkOGHDp0m,907.000,j6cPpRGMZFLjdI+l,965.000,kJub+myNVnivJPH0,997.000,BupgNPzH9jc0Eppp,1012.000,Elp1NMBI12RMuA1d,1037.000,UZJgGqNAd1DJ7a5N,1144.000,saIe+uO82j5dyZ0p,1160.000,RghNkEQ73og/VlX2,1249.000,kpmavFL5xFvBXmeS
4,48,2026-04-04T02:26:35.396Z,1053.000,10,802.000,376MU2u+8SnuxMQc,873.000,kpmavFL5xFvBXmeS,896.000,UZJgGqNAd1DJ7a5N,923.000,Elp1NMBI12RMuA1d,965.000,saIe+uO82j5dyZ0p,1007.000,kJub+myNVnivJPH0,1027.000,RghNkEQ73og/VlX2,1082.000,BupgNPzH9jc0Eppp,1189.000,bMnaMQqFkOGHDp0m,1228.000,j6cPpRGMZFLjdI+l
4,49,2026-04-04T02:26:36.449Z,990.000,10,767.000,376MU2u+8SnuxMQc,793.000,Elp1NMBI12RMuA1d,845.000,UZJgGqNAd1DJ7a5N,876.000,saIe+uO82j5dyZ0p,910.000,j6cPpRGMZFLjdI+l,927.000,RghNkEQ73og/VlX2,977.000,kJub+myNVnivJPH0,1057.000,kpmavFL5xFvBXmeS,1100.000,BupgNPzH9jc0Eppp,1146.000,bMnaMQqFkOGHDp0m
4,50,2026-04-04T02:26:37.439Z,913.000,10,601.000,376MU2u+8SnuxMQc,733.000,RghNkEQ73og/VlX2,778.000,UZJgGqNAd1DJ7a5N,817.000,kJub+myNVnivJPH0,839.000,Elp1NMBI12RMuA1d,873.000,kpmavFL5xFvBXmeS,904.000,j6cPpRGMZFLjdI+l,982.000,BupgNPzH9jc0Eppp,1017.000,bMnaMQqFkOGHDp0m,1567.000,saIe+uO82j5dyZ0p
4,51,2026-04-04T02:26:38.352Z,1107.000,10,260.000,376MU2u+8SnuxMQc,902.000,UZJgGqNAd1DJ7a5N,950.000,j6cPpRGMZFLjdI+l,987.000,bMnaMQqFkOGHDp0m,1026.000,kpmavFL5xFvBXmeS,1059.000,saIe+uO82j5dyZ0p,1098.000,kJub+myNVnivJPH0,1111.000,Elp1NMBI12RMuA1d,1196.000,BupgNPzH9jc0Eppp,1213.000,RghNkEQ73og/VlX2
4,52,2026-04-04T02:26:39.459Z,932.000,10,770.000,Elp1NMBI12RMuA1d,778.000,376MU2u+8SnuxMQc,809.000,kJub+myNVnivJPH0,837.000,bMnaMQqFkOGHDp0m,853.000,UZJgGqNAd1DJ7a5N,888.000,kpmavFL5xFvBXmeS,920.000,j6cPpRGMZFLjdI+l,953.000,saIe+uO82j5dyZ0p,981.000,BupgNPzH9jc0Eppp,1045.000,RghNkEQ73og/VlX2
4,53,2026-04-04T02:26:40.391Z,890.000,10,656.000,376MU2u+8SnuxMQc,683.000,j6cPpRGMZFLjdI+l,724.000,kpmavFL5xFvBXmeS,755.000,kJub+myNVnivJPH0,842.000,saIe+uO82j5dyZ0p,858.000,Elp1NMBI12RMuA1d,877.000,UZJgGqNAd1DJ7a5N,913.000,BupgNPzH9jc0Eppp,952.000,bMnaMQqFkOGHDp0m,1277.000,RghNkEQ73og/VlX2
4,54,2026-04-04T02:26:41.281Z,942.000,10,732.000,376MU2u+8SnuxMQc,766.000,j6cPpRGMZFLjdI+l,799.000,kpmavFL5xFvBXmeS,814.000,Elp1NMBI12RMuA1d,856.000,kJub+myNVnivJPH0,895.000,saIe+uO82j5dyZ0p,929.000,bMnaMQqFkOGHDp0m,945.000,UZJgGqNAd1DJ7a5N,1031.000,BupgNPzH9jc0Eppp,1602.000,RghNkEQ73og/VlX2
4,55,2026-04-04T02:26:42.223Z,1018.000,10,739.000,376MU2u+8SnuxMQc,792.000,saIe+uO82j5dyZ0p,874.000,bMnaMQqFkOGHDp0m,910.000,kpmavFL5xFvBXmeS,944.000,j6cPpRGMZFLjdI+l,961.000,Elp1NMBI12RMuA1d,1004.000,kJub+myNVnivJPH0,1023.000,UZJgGqNAd1DJ7a5N,1245.000,BupgNPzH9jc0Eppp,1749.000,RghNkEQ73og/VlX2
4,56,2026-04-04T02:26:43.241Z,943.000,10,684.000,kJub+myNVnivJPH0,697.000,376MU2u+8SnuxMQc,747.000,Elp1NMBI12RMuA1d,805.000,UZJgGqNAd1DJ7a5N,853.000,kpmavFL5xFvBXmeS,892.000,saIe+uO82j5dyZ0p,930.000,j6cPpRGMZFLjdI+l,1259.000,bMnaMQqFkOGHDp0m,1381.000,BupgNPzH9jc0Eppp,1872.000,RghNkEQ73og/VlX2
4,57,2026-04-04T02:26:44.184Z,1100.000,10,601.000,376MU2u+8SnuxMQc,857.000,j6cPpRGMZFLjdI+l,892.000,kpmavFL5xFvBXmeS,908.000,UZJgGqNAd1DJ7a5N,1003.000,Elp1NMBI12RMuA1d,1052.000,kJub+myNVnivJPH0,1086.000,saIe+uO82j5dyZ0p,1509.000,BupgNPzH9jc0Eppp,1801.000,bMnaMQqFkOGHDp0m,1938.000,RghNkEQ73og/VlX2
4,58,2026-04-04T02:26:45.284Z,1070.000,10,544.000,376MU2u+8SnuxMQc,800.000,Elp1NMBI12RMuA1d,875.000,kJub+myNVnivJPH0,912.000,saIe+uO82j5dyZ0p,988.000,UZJgGqNAd1DJ7a5N,1020.000,j6cPpRGMZFLjdI+l,1055.000,kpmavFL5xFvBXmeS,1422.000,BupgNPzH9jc0Eppp,1480.000,bMnaMQqFkOGHDp0m,1933.000,RghNkEQ73og/VlX2
4,59,2026-04-04T02:26:46.354Z,931.000,9,370.000,UZJgGqNAd1DJ7a5N,635.000,kJub+myNVnivJPH0,666.000,j6cPpRGMZFLjdI+l,679.000,376MU2u+8SnuxMQc,709.000,Elp1NMBI12RMuA1d,744.000,saIe+uO82j5dyZ0p,919.000,kpmavFL5xFvBXmeS,1187.000,BupgNPzH9jc0Eppp,1231.000,bMnaMQqFkOGHDp0m,,
4,60,2026-04-04T02:26:47.285Z,982.000,9,657.000,376MU2u+8SnuxMQc,743.000,kpmavFL5xFvBXmeS,834.000,saIe+uO82j5dyZ0p,851.000,UZJgGqNAd1DJ7a5N,899.000,kJub+myNVnivJPH0,937.000,j6cPpRGMZFLjdI+l,955.000,Elp1NMBI12RMuA1d,1180.000,BupgNPzH9jc0Eppp,1277.000,bMnaMQqFkOGHDp0m,,
4,61,2026-04-04T02:26:48.267Z,1194.000,10,797.000,376MU2u+8SnuxMQc,843.000,saIe+uO82j5dyZ0p,882.000,j6cPpRGMZFLjdI+l,901.000,Elp1NMBI12RMuA1d,943.000,kJub+myNVnivJPH0,1061.000,UZJgGqNAd1DJ7a5N,1177.000,kpmavFL5xFvBXmeS,1366.000,bMnaMQqFkOGHDp0m,1774.000,BupgNPzH9jc0Eppp,2773.000,RghNkEQ73og/VlX2
4,62,2026-04-04T02:26:49.461Z,1073.000,9,596.000,376MU2u+8SnuxMQc,701.000,UZJgGqNAd1DJ7a5N,762.000,Elp1NMBI12RMuA1d,915.000,kpmavFL5xFvBXmeS,954.000,j6cPpRGMZFLjdI+l,991.000,saIe+uO82j5dyZ0p,1061.000,bMnaMQqFkOGHDp0m,1101.000,kJub+myNVnivJPH0,1564.000,BupgNPzH9jc0Eppp,,
4,63,2026-04-04T02:26:50.534Z,1058.000,9,835.000,376MU2u+8SnuxMQc,891.000,kJub+myNVnivJPH0,932.000,bMnaMQqFkOGHDp0m,971.000,saIe+uO82j5dyZ0p,992.000,Elp1NMBI12RMuA1d,1012.000,UZJgGqNAd1DJ7a5N,1044.000,j6cPpRGMZFLjdI+l,1281.000,kpmavFL5xFvBXmeS,1317.000,BupgNPzH9jc0Eppp,,
4,64,2026-04-04T02:26:51.592Z,1030.000,9,662.000,Elp1NMBI12RMuA1d,694.000,UZJgGqNAd1DJ7a5N,707.000,376MU2u+8SnuxMQc,773.000,j6cPpRGMZFLjdI+l,836.000,kJub+myNVnivJPH0,899.000,saIe+uO82j5dyZ0p,1014.000,kpmavFL5xFvBXmeS,1196.000,bMnaMQqFkOGHDp0m,1313.000,BupgNPzH9jc0Eppp,,
4,65,2026-04-04T02:26:52.622Z,1025.000,9,788.000,376MU2u+8SnuxMQc,843.000,j6cPpRGMZFLjdI+l,877.000,saIe+uO82j5dyZ0p,893.000,UZJgGqNAd1DJ7a5N,940.000,kJub+myNVnivJPH0,980.000,bMnaMQqFkOGHDp0m,1013.000,kpmavFL5xFvBXmeS,1030.000,Elp1NMBI12RMuA1d,1136.000,BupgNPzH9jc0Eppp,,
4,66,2026-04-04T02:26:53.647Z,1123.000,9,682.000,376MU2u+8SnuxMQc,792.000,UZJgGqNAd1DJ7a5N,845.000,bMnaMQqFkOGHDp0m,866.000,Elp1NMBI12RMuA1d,911.000,kpmavFL5xFvBXmeS,949.000,BupgNPzH9jc0Eppp,1109.000,saIe+uO82j5dyZ0p,1146.000,j6cPpRGMZFLjdI+l,1663.000,kJub+myNVnivJPH0,,
4,67,2026-04-04T02:26:54.770Z,911.000,10,638.000,j6cPpRGMZFLjdI+l,675.000,saIe+uO82j5dyZ0p,750.000,376MU2u+8SnuxMQc,773.000,Elp1NMBI12RMuA1d,827.000,UZJgGqNAd1DJ7a5N,864.000,BupgNPzH9jc0Eppp,899.000,kpmavFL5xFvBXmeS,1012.000,kJub+myNVnivJPH0,1531.000,bMnaMQqFkOGHDp0m,1741.000,RghNkEQ73og/VlX2
4,68,2026-04-04T02:26:55.681Z,1260.000,10,633.000,376MU2u+8SnuxMQc,898.000,UZJgGqNAd1DJ7a5N,915.000,Elp1NMBI12RMuA1d,950.000,kJub+myNVnivJPH0,983.000,kpmavFL5xFvBXmeS,1092.000,j6cPpRGMZFLjdI+l,1246.000,saIe+uO82j5dyZ0p,1405.000,BupgNPzH9jc0Eppp,1450.000,bMnaMQqFkOGHDp0m,1714.000,RghNkEQ73og/VlX2
4,69,2026-04-04T02:26:56.941Z,1135.000,10,675.000,376MU2u+8SnuxMQc,804.000,Elp1NMBI12RMuA1d,891.000,bMnaMQqFkOGHDp0m,916.000,UZJgGqNAd1DJ7a5N,965.000,saIe+uO82j5dyZ0p,1002.000,BupgNPzH9jc0Eppp,1115.000,kpmavFL5xFvBXmeS,1170.000,j6cPpRGMZFLjdI+l,1253.000,RghNkEQ73og/VlX2,1805.000,kJub+myNVnivJPH0
4,70,2026-04-04T02:26:58.076Z,979.000,10,687.000,376MU2u+8SnuxMQc,808.000,kpmavFL5xFvBXmeS,843.000,j6cPpRGMZFLjdI+l,878.000,bMnaMQqFkOGHDp0m,896.000,Elp1NMBI12RMuA1d,930.000,UZJgGqNAd1DJ7a5N,966.000,BupgNPzH9jc0Eppp,983.000,RghNkEQ73og/VlX2,1136.000,saIe+uO82j5dyZ0p,1679.000,kJub+myNVnivJPH0
4,71,2026-04-04T02:26:59.055Z,1299.000,10,646.000,376MU2u+8SnuxMQc,783.000,Elp1NMBI12RMuA1d,819.000,kpmavFL5xFvBXmeS,857.000,j6cPpRGMZFLjdI+l,890.000,BupgNPzH9jc0Eppp,935.000,UZJgGqNAd1DJ7a5N,1283.000,saIe+uO82j5dyZ0p,1307.000,RghNkEQ73og/VlX2,1388.000,bMnaMQqFkOGHDp0m,1547.000,kJub+myNVnivJPH0
4,72,2026-04-04T02:27:00.354Z,987.000,10,694.000,376MU2u+8SnuxMQc,747.000,bMnaMQqFkOGHDp0m,782.000,kpmavFL5xFvBXmeS,800.000,Elp1NMBI12RMuA1d,825.000,UZJgGqNAd1DJ7a5N,863.000,j6cPpRGMZFLjdI+l,969.000,saIe+uO82j5dyZ0p,1017.000,BupgNPzH9jc0Eppp,1285.000,RghNkEQ73og/VlX2,1396.000,kJub+myNVnivJPH0
4,73,2026-04-04T02:27:01.341Z,957.000,10,724.000,376MU2u+8SnuxMQc,779.000,saIe+uO82j5dyZ0p,823.000,BupgNPzH9jc0Eppp,845.000,Elp1NMBI12RMuA1d,886.000,kJub+myNVnivJPH0,904.000,UZJgGqNAd1DJ7a5N,945.000,j6cPpRGMZFLjdI+l,1042.000,kpmavFL5xFvBXmeS,1127.000,RghNkEQ73og/VlX2,1358.000,bMnaMQqFkOGHDp0m
4,74,2026-04-04T02:27:02.298Z,971.000,10,718.000,376MU2u+8SnuxMQc,768.000,Elp1NMBI12RMuA1d,805.000,j6cPpRGMZFLjdI+l,839.000,UZJgGqNAd1DJ7a5N,879.000,kJub+myNVnivJPH0,926.000,kpmavFL5xFvBXmeS,960.000,saIe+uO82j5dyZ0p,976.000,RghNkEQ73og/VlX2,1416.000,BupgNPzH9jc0Eppp,1574.000,bMnaMQqFkOGHDp0m
4,75,2026-04-04T02:27:03.269Z,1451.000,10,980.000,376MU2u+8SnuxMQc,1128.000,kpmavFL5xFvBXmeS,1235.000,UZJgGqNAd1DJ7a5N,1284.000,bMnaMQqFkOGHDp0m,1323.000,Elp1NMBI12RMuA1d,1390.000,j6cPpRGMZFLjdI+l,1435.000,kJub+myNVnivJPH0,1524.000,RghNkEQ73og/VlX2,1568.000,saIe+uO82j5dyZ0p,1944.000,BupgNPzH9jc0Eppp
4,76,2026-04-04T02:27:04.720Z,1246.000,10,775.000,376MU2u+8SnuxMQc,920.000,kJub+myNVnivJPH0,994.000,Elp1NMBI12RMuA1d,1027.000,UZJgGqNAd1DJ7a5N,1073.000,j6cPpRGMZFLjdI+l,1185.000,kpmavFL5xFvBXmeS,1234.000,bMnaMQqFkOGHDp0m,1268.000,saIe+uO82j5dyZ0p,1370.000,RghNkEQ73og/VlX2,1417.000,BupgNPzH9jc0Eppp
4,77,2026-04-04T02:27:05.966Z,1284.000,10,904.000,376MU2u+8SnuxMQc,950.000,Elp1NMBI12RMuA1d,968.000,UZJgGqNAd1DJ7a5N,1134.000,kpmavFL5xFvBXmeS,1181.000,kJub+myNVnivJPH0,1221.000,j6cPpRGMZFLjdI+l,1270.000,bMnaMQqFkOGHDp0m,1309.000,BupgNPzH9jc0Eppp,1797.000,saIe+uO82j5dyZ0p,1949.000,RghNkEQ73og/VlX2
4,78,2026-04-04T02:27:07.250Z,1159.000,10,812.000,376MU2u+8SnuxMQc,840.000,UZJgGqNAd1DJ7a5N,984.000,j6cPpRGMZFLjdI+l,1034.000,kJub+myNVnivJPH0,1074.000,BupgNPzH9jc0Eppp,1111.000,bMnaMQqFkOGHDp0m,1130.000,Elp1NMBI12RMuA1d,1327.000,kpmavFL5xFvBXmeS,2138.000,RghNkEQ73og/VlX2,2196.000,saIe+uO82j5dyZ0p
4,79,2026-04-04T02:27:08.409Z,1615.000,10,1220.000,376MU2u+8SnuxMQc,1315.000,Elp1NMBI12RMuA1d,1351.000,kJub+myNVnivJPH0,1371.000,UZJgGqNAd1DJ7a5N,1420.000,bMnaMQqFkOGHDp0m,1559.000,BupgNPzH9jc0Eppp,1602.000,j6cPpRGMZFLjdI+l,1640.000,kpmavFL5xFvBXmeS,2253.000,RghNkEQ73og/VlX2,2344.000,saIe+uO82j5dyZ0p
4,80,2026-04-04T02:27:10.024Z,1134.000,10,665.000,376MU2u+8SnuxMQc,682.000,Elp1NMBI12RMuA1d,845.000,UZJgGqNAd1DJ7a5N,965.000,bMnaMQqFkOGHDp0m,1014.000,j6cPpRGMZFLjdI+l,1062.000,kJub+myNVnivJPH0,1114.000,BupgNPzH9jc0Eppp,1613.000,kpmavFL5xFvBXmeS,1950.000,saIe+uO82j5dyZ0p,2185.000,RghNkEQ73og/VlX2
4,81,2026-04-04T02:27:11.158Z,1375.000,9,747.000,376MU2u+8SnuxMQc,1026.000,Elp1NMBI12RMuA1d,1104.000,kJub+myNVnivJPH0,1225.000,BupgNPzH9jc0Eppp,1275.000,j6cPpRGMZFLjdI+l,1298.000,UZJgGqNAd1DJ7a5N,1360.000,bMnaMQqFkOGHDp0m,2140.000,saIe+uO82j5dyZ0p,2516.000,RghNkEQ73og/VlX2,,
4,82,2026-04-04T02:27:12.533Z,1310.000,9,786.000,UZJgGqNAd1DJ7a5N,818.000,376MU2u+8SnuxMQc,933.000,Elp1NMBI12RMuA1d,1034.000,kJub+myNVnivJPH0,1078.000,j6cPpRGMZFLjdI+l,1120.000,bMnaMQqFkOGHDp0m,1293.000,BupgNPzH9jc0Eppp,1870.000,saIe+uO82j5dyZ0p,2333.000,kpmavFL5xFvBXmeS,,
4,83,2026-04-04T02:27:13.843Z,1256.000,9,598.000,Elp1NMBI12RMuA1d,644.000,BupgNPzH9jc0Eppp,686.000,kJub+myNVnivJPH0,732.000,j6cPpRGMZFLjdI+l,872.000,376MU2u+8SnuxMQc,1139.000,bMnaMQqFkOGHDp0m,1239.000,UZJgGqNAd1DJ7a5N,1636.000,saIe+uO82j5dyZ0p,1896.000,RghNkEQ73og/VlX2,,
4,84,2026-04-04T02:27:15.099Z,1231.000,9,663.000,376MU2u+8SnuxMQc,808.000,UZJgGqNAd1DJ7a5N,964.000,Elp1NMBI12RMuA1d,1069.000,bMnaMQqFkOGHDp0m,1127.000,kJub+myNVnivJPH0,1173.000,BupgNPzH9jc0Eppp,1218.000,j6cPpRGMZFLjdI+l,1257.000,saIe+uO82j5dyZ0p,1968.000,RghNkEQ73og/VlX2,,
4,85,2026-04-04T02:27:16.330Z,1287.000,8,650.000,376MU2u+8SnuxMQc,713.000,saIe+uO82j5dyZ0p,765.000,Elp1NMBI12RMuA1d,859.000,j6cPpRGMZFLjdI+l,900.000,kJub+myNVnivJPH0,940.000,BupgNPzH9jc0Eppp,1274.000,UZJgGqNAd1DJ7a5N,1315.000,bMnaMQqFkOGHDp0m,,,,
4,86,2026-04-04T02:27:17.617Z,1414.000,9,935.000,Elp1NMBI12RMuA1d,947.000,376MU2u+8SnuxMQc,1077.000,saIe+uO82j5dyZ0p,1119.000,j6cPpRGMZFLjdI+l,1163.000,BupgNPzH9jc0Eppp,1359.000,bMnaMQqFkOGHDp0m,1384.000,RghNkEQ73og/VlX2,1452.000,kJub+myNVnivJPH0,2341.000,UZJgGqNAd1DJ7a5N,,
4,87,2026-04-04T02:27:19.031Z,1416.000,9,995.000,376MU2u+8SnuxMQc,1138.000,kJub+myNVnivJPH0,1195.000,Elp1NMBI12RMuA1d,1236.000,bMnaMQqFkOGHDp0m,1293.000,saIe+uO82j5dyZ0p,1347.000,j6cPpRGMZFLjdI+l,1398.000,BupgNPzH9jc0Eppp,1421.000,RghNkEQ73og/VlX2,1689.000,UZJgGqNAd1DJ7a5N,,
4,88,2026-04-04T02:27:20.447Z,1290.000,9,822.000,376MU2u+8SnuxMQc,957.000,Elp1NMBI12RMuA1d,1071.000,j6cPpRGMZFLjdI+l,1096.000,RghNkEQ73og/VlX2,1171.000,bMnaMQqFkOGHDp0m,1218.000,BupgNPzH9jc0Eppp,1269.000,kJub+myNVnivJPH0,1319.000,saIe+uO82j5dyZ0p,1557.000,UZJgGqNAd1DJ7a5N,,
4,89,2026-04-04T02:27:21.737Z,1205.000,9,797.000,376MU2u+8SnuxMQc,818.000,Elp1NMBI12RMuA1d,1017.000,kJub+myNVnivJPH0,1069.000,j6cPpRGMZFLjdI+l,1088.000,UZJgGqNAd1DJ7a5N,1142.000,bMnaMQqFkOGHDp0m,1188.000,BupgNPzH9jc0Eppp,1211.000,RghNkEQ73og/VlX2,2194.000,saIe+uO82j5dyZ0p,,
4,90,2026-04-04T02:27:22.942Z,2273.000,9,1629.000,376MU2u+8SnuxMQc,1935.000,j6cPpRGMZFLjdI+l,1989.000,bMnaMQqFkOGHDp0m,2015.000,Elp1NMBI12RMuA1d,2083.000,saIe+uO82j5dyZ0p,2114.000,UZJgGqNAd1DJ7a5N,2249.000,kJub+myNVnivJPH0,2594.000,BupgNPzH9jc0Eppp,2626.000,RghNkEQ73og/VlX2,,
4,91,2026-04-04T02:27:25.215Z,1635.000,9,978.000,376MU2u+8SnuxMQc,1163.000,kJub+myNVnivJPH0,1199.000,UZJgGqNAd1DJ7a5N,1312.000,Elp1NMBI12RMuA1d,1386.000,BupgNPzH9jc0Eppp,1584.000,j6cPpRGMZFLjdI+l,1612.000,RghNkEQ73og/VlX2,1757.000,saIe+uO82j5dyZ0p,1901.000,bMnaMQqFkOGHDp0m,,
4,92,2026-04-04T02:27:26.850Z,1392.000,9,878.000,376MU2u+8SnuxMQc,1096.000,j6cPpRGMZFLjdI+l,1162.000,BupgNPzH9jc0Eppp,1194.000,Elp1NMBI12RMuA1d,1258.000,saIe+uO82j5dyZ0p,1289.000,UZJgGqNAd1DJ7a5N,1364.000,bMnaMQqFkOGHDp0m,1402.000,RghNkEQ73og/VlX2,1596.000,kJub+myNVnivJPH0,,
4,93,2026-04-04T02:27:28.242Z,1373.000,9,960.000,376MU2u+8SnuxMQc,1127.000,BupgNPzH9jc0Eppp,1151.000,UZJgGqNAd1DJ7a5N,1218.000,kJub+myNVnivJPH0,1265.000,bMnaMQqFkOGHDp0m,1288.000,Elp1NMBI12RMuA1d,1352.000,j6cPpRGMZFLjdI+l,1384.000,RghNkEQ73og/VlX2,1494.000,saIe+uO82j5dyZ0p,,
4,94,2026-04-04T02:27:29.615Z,1323.000,9,711.000,376MU2u+8SnuxMQc,796.000,kJub+myNVnivJPH0,823.000,Elp1NMBI12RMuA1d,1174.000,j6cPpRGMZFLjdI+l,1200.000,RghNkEQ73og/VlX2,1251.000,bMnaMQqFkOGHDp0m,1303.000,saIe+uO82j5dyZ0p,1329.000,UZJgGqNAd1DJ7a5N,1386.000,BupgNPzH9jc0Eppp,,
4,95,2026-04-04T02:27:30.938Z,979.000,9,769.000,376MU2u+8SnuxMQc,800.000,Elp1NMBI12RMuA1d,814.000,UZJgGqNAd1DJ7a5N,829.000,RghNkEQ73og/VlX2,867.000,bMnaMQqFkOGHDp0m,911.000,kJub+myNVnivJPH0,953.000,BupgNPzH9jc0Eppp,1061.000,j6cPpRGMZFLjdI+l,2445.000,saIe+uO82j5dyZ0p,,
4,96,2026-04-04T02:27:31.917Z,2040.000,9,1641.000,376MU2u+8SnuxMQc,1657.000,UZJgGqNAd1DJ7a5N,1823.000,kJub+myNVnivJPH0,1884.000,j6cPpRGMZFLjdI+l,1955.000,bMnaMQqFkOGHDp0m,1991.000,BupgNPzH9jc0Eppp,2025.000,saIe+uO82j5dyZ0p,2044.000,Elp1NMBI12RMuA1d,2182.000,RghNkEQ73og/VlX2,,
4,97,2026-04-04T02:27:33.957Z,1261.000,9,853.000,Elp1NMBI12RMuA1d,907.000,376MU2u+8SnuxMQc,936.000,UZJgGqNAd1DJ7a5N,992.000,BupgNPzH9jc0Eppp,1040.000,saIe+uO82j5dyZ0p,1109.000,bMnaMQqFkOGHDp0m,1222.000,j6cPpRGMZFLjdI+l,1267.000,RghNkEQ73og/VlX2,1414.000,kJub+myNVnivJPH0,,
4,98,2026-04-04T02:27:35.218Z,1225.000,9,931.000,376MU2u+8SnuxMQc,965.000,UZJgGqNAd1DJ7a5N,987.000,Elp1NMBI12RMuA1d,1007.000,RghNkEQ73og/VlX2,1105.000,bMnaMQqFkOGHDp0m,1154.000,j6cPpRGMZFLjdI+l,1206.000,saIe+uO82j5dyZ0p,1329.000,BupgNPzH9jc0Eppp,3544.000,kJub+myNVnivJPH0,,
4,99,2026-04-04T02:27:36.443Z,1035.000,8,611.000,376MU2u+8SnuxMQc,729.000,UZJgGqNAd1DJ7a5N,788.000,Elp1NMBI12RMuA1d,885.000,BupgNPzH9jc0Eppp,939.000,j6cPpRGMZFLjdI+l,990.000,saIe+uO82j5dyZ0p,1012.000,RghNkEQ73og/VlX2,1172.000,bMnaMQqFkOGHDp0m,,,,
4,100,2026-04-04T02:27:37.478Z,985.000,8,549.000,376MU2u+8SnuxMQc,581.000,Elp1NMBI12RMuA1d,807.000,UZJgGqNAd1DJ7a5N,854.000,j6cPpRGMZFLjdI+l,885.000,saIe+uO82j5dyZ0p,924.000,BupgNPzH9jc0Eppp,971.000,RghNkEQ73og/VlX2,1006.000,bMnaMQqFkOGHDp0m,,,,
4,101,2026-04-04T02:27:38.463Z,964.000,8,472.000,376MU2u+8SnuxMQc,487.000,RghNkEQ73og/VlX2,516.000,BupgNPzH9jc0Eppp,531.000,UZJgGqNAd1DJ7a5N,569.000,bMnaMQqFkOGHDp0m,749.000,Elp1NMBI12RMuA1d,940.000,j6cPpRGMZFLjdI+l,1301.000,saIe+uO82j5dyZ0p,,,,
4,102,2026-04-04T02:27:39.427Z,1002.000,8,400.000,RghNkEQ73og/VlX2,536.000,376MU2u+8SnuxMQc,562.000,UZJgGqNAd1DJ7a5N,574.000,Elp1NMBI12RMuA1d,660.000,j6cPpRGMZFLjdI+l,809.000,saIe+uO82j5dyZ0p,843.000,bMnaMQqFkOGHDp0m,1034.000,BupgNPzH9jc0Eppp,,,,
4,103,2026-04-04T02:27:40.429Z,676.000,8,529.000,BupgNPzH9jc0Eppp,562.000,Elp1NMBI12RMuA1d,585.000,UZJgGqNAd1DJ7a5N,597.000,376MU2u+8SnuxMQc,622.000,bMnaMQqFkOGHDp0m,651.000,saIe+uO82j5dyZ0p,662.000,RghNkEQ73og/VlX2,700.000,j6cPpRGMZFLjdI+l,,,,
4,104,2026-04-04T02:27:41.105Z,798.000,8,545.000,376MU2u+8SnuxMQc,562.000,UZJgGqNAd1DJ7a5N,587.000,bMnaMQqFkOGHDp0m,613.000,j6cPpRGMZFLjdI+l,704.000,Elp1NMBI12RMuA1d,739.000,saIe+uO82j5dyZ0p,783.000,BupgNPzH9jc0Eppp,853.000,RghNkEQ73og/VlX2,,,,
4,105,2026-04-04T02:27:41.903Z,740.000,8,235.000,376MU2u+8SnuxMQc,415.000,Elp1NMBI12RMuA1d,495.000,UZJgGqNAd1DJ7a5N,644.000,BupgNPzH9jc0Eppp,677.000,j6cPpRGMZFLjdI+l,719.000,saIe+uO82j5dyZ0p,733.000,RghNkEQ73og/VlX2,839.000,bMnaMQqFkOGHDp0m,,,,
4,106,2026-04-04T02:27:42.643Z,623.000,8,335.000,376MU2u+8SnuxMQc,401.000,RghNkEQ73og/VlX2,434.000,UZJgGqNAd1DJ7a5N,535.000,BupgNPzH9jc0Eppp,557.000,saIe+uO82j5dyZ0p,582.000,bMnaMQqFkOGHDp0m,617.000,Elp1NMBI12RMuA1d,841.000,j6cPpRGMZFLjdI+l,,,,
4,107,2026-04-04T02:27:43.266Z,647.000,8,283.000,376MU2u+8SnuxMQc,499.000,RghNkEQ73og/VlX2,540.000,UZJgGqNAd1DJ7a5N,555.000,bMnaMQqFkOGHDp0m,617.000,BupgNPzH9jc0Eppp,626.000,Elp1NMBI12RMuA1d,640.000,j6cPpRGMZFLjdI+l,974.000,saIe+uO82j5dyZ0p,,,,
4,108,2026-04-04T02:27:43.913Z,730.000,8,430.000,376MU2u+8SnuxMQc,465.000,j6cPpRGMZFLjdI+l,473.000,UZJgGqNAd1DJ7a5N,625.000,bMnaMQqFkOGHDp0m,640.000,Elp1NMBI12RMuA1d,648.000,RghNkEQ73og/VlX2,724.000,BupgNPzH9jc0Eppp,951.000,saIe+uO82j5dyZ0p,,,,
4,109,2026-04-04T02:27:44.643Z,583.000,8,313.000,UZJgGqNAd1DJ7a5N,335.000,j6cPpRGMZFLjdI+l,370.000,BupgNPzH9jc0Eppp,383.000,Elp1NMBI12RMuA1d,404.000,376MU2u+8SnuxMQc,527.000,saIe+uO82j5dyZ0p,574.000,bMnaMQqFkOGHDp0m,917.000,RghNkEQ73og/VlX2,,,,
4,110,2026-04-04T02:27:45.226Z,1084.000,8,267.000,376MU2u+8SnuxMQc,369.000,Elp1NMBI12RMuA1d,390.000,BupgNPzH9jc0Eppp,445.000,bMnaMQqFkOGHDp0m,652.000,saIe+uO82j5dyZ0p,759.000,j6cPpRGMZFLjdI+l,1080.000,RghNkEQ73og/VlX2,2091.000,UZJgGqNAd1DJ7a5N,,,,
4,111,2026-04-04T02:27:46.310Z,1560.000,8,1122.000,376MU2u+8SnuxMQc,1230.000,j6cPpRGMZFLjdI+l,1292.000,UZJgGqNAd1DJ7a5N,1375.000,BupgNPzH9jc0Eppp,1389.000,RghNkEQ73og/VlX2,1531.000,saIe+uO82j5dyZ0p,1546.000,Elp1NMBI12RMuA1d,1988.000,bMnaMQqFkOGHDp0m,,,,
4,112,2026-04-04T02:27:47.870Z,929.000,8,487.000,376MU2u+8SnuxMQc,608.000,UZJgGqNAd1DJ7a5N,710.000,RghNkEQ73og/VlX2,755.000,Elp1NMBI12RMuA1d,840.000,saIe+uO82j5dyZ0p,891.000,BupgNPzH9jc0Eppp,918.000,bMnaMQqFkOGHDp0m,1304.000,j6cPpRGMZFLjdI+l,,,,
4,113,2026-04-04T02:27:48.799Z,1032.000,8,569.000,376MU2u+8SnuxMQc,601.000,bMnaMQqFkOGHDp0m,632.000,Elp1NMBI12RMuA1d,677.000,RghNkEQ73og/VlX2,800.000,BupgNPzH9jc0Eppp,966.000,j6cPpRGMZFLjdI+l,1016.000,UZJgGqNAd1DJ7a5N,1154.000,saIe+uO82j5dyZ0p,,,,
4,114,2026-04-04T02:27:49.831Z,994.000,8,479.000,376MU2u+8SnuxMQc,503.000,UZJgGqNAd1DJ7a5N,698.000,Elp1NMBI12RMuA1d,755.000,RghNkEQ73og/VlX2,893.000,j6cPpRGMZFLjdI+l,936.000,saIe+uO82j5dyZ0p,973.000,BupgNPzH9jc0Eppp,1072.000,bMnaMQqFkOGHDp0m,,,,
4,115,2026-04-04T02:27:50.825Z,851.000,8,579.000,376MU2u+8SnuxMQc,621.000,UZJgGqNAd1DJ7a5N,657.000,RghNkEQ73og/VlX2,678.000,Elp1NMBI12RMuA1d,721.000,bMnaMQqFkOGHDp0m,752.000,saIe+uO82j5dyZ0p,835.000,BupgNPzH9jc0Eppp,1034.000,j6cPpRGMZFLjdI+l,,,,
4,116,2026-04-04T02:27:51.676Z,842.000,8,382.000,376MU2u+8SnuxMQc,530.000,UZJgGqNAd1DJ7a5N,616.000,Elp1NMBI12RMuA1d,698.000,bMnaMQqFkOGHDp0m,711.000,RghNkEQ73og/VlX2,757.000,saIe+uO82j5dyZ0p,832.000,BupgNPzH9jc0Eppp,1101.000,j6cPpRGMZFLjdI+l,,,,
4,117,2026-04-04T02:27:52.518Z,1369.000,8,483.000,376MU2u+8SnuxMQc,607.000,UZJgGqNAd1DJ7a5N,769.000,bMnaMQqFkOGHDp0m,801.000,saIe+uO82j5dyZ0p,813.000,Elp1NMBI12RMuA1d,1175.000,RghNkEQ73og/VlX2,1354.000,BupgNPzH9jc0Eppp,2461.000,j6cPpRGMZFLjdI+l,,,,
4,118,2026-04-04T02:27:53.887Z,1617.000,7,472.000,376MU2u+8SnuxMQc,483.000,UZJgGqNAd1DJ7a5N,671.000,saIe+uO82j5dyZ0p,688.000,Elp1NMBI12RMuA1d,1019.000,RghNkEQ73og/VlX2,1063.000,bMnaMQqFkOGHDp0m,2451.000,BupgNPzH9jc0Eppp,,,,,,
4,119,2026-04-04T02:27:55.504Z,5271.000,8,1120.000,376MU2u+8SnuxMQc,1367.000,UZJgGqNAd1DJ7a5N,1759.000,bMnaMQqFkOGHDp0m,2257.000,saIe+uO82j5dyZ0p,2392.000,RghNkEQ73og/VlX2,2942.000,Elp1NMBI12RMuA1d,29172.000,BupgNPzH9jc0Eppp,6433.000,j6cPpRGMZFLjdI+l,,,,
4,120,2026-04-04T02:28:00.775Z,,0,,,,,,,,,,,,,,,,,,,,
5,1,2026-04-04T02:26:03.816Z,6038.000,7,1907.000,376MU2u+8SnuxMQc,2325.000,j6cPpRGMZFLjdI+l,3683.000,RghNkEQ73og/VlX2,3697.000,BupgNPzH9jc0Eppp,4850.000,kpmavFL5xFvBXmeS,5993.000,bMnaMQqFkOGHDp0m,6038.000,kJub+myNVnivJPH0,,,,,,
5,2,2026-04-04T02:26:09.854Z,697.000,8,359.000,RghNkEQ73og/VlX2,367.000,BupgNPzH9jc0Eppp,370.000,kJub+myNVnivJPH0,439.000,376MU2u+8SnuxMQc,443.000,j6cPpRGMZFLjdI+l,452.000,kpmavFL5xFvBXmeS,697.000,bMnaMQqFkOGHDp0m,1022.000,Elp1NMBI12RMuA1d,,,,
5,3,2026-04-04T02:26:10.551Z,599.000,9,327.000,RghNkEQ73og/VlX2,396.000,kJub+myNVnivJPH0,402.000,j6cPpRGMZFLjdI+l,403.000,BupgNPzH9jc0Eppp,404.000,376MU2u+8SnuxMQc,480.000,kpmavFL5xFvBXmeS,598.000,saIe+uO82j5dyZ0p,676.000,bMnaMQqFkOGHDp0m,694.000,Elp1NMBI12RMuA1d,,
5,4,2026-04-04T02:26:11.150Z,485.000,10,362.000,saIe+uO82j5dyZ0p,395.000,376MU2u+8SnuxMQc,400.000,BupgNPzH9jc0Eppp,411.000,j6cPpRGMZFLjdI+l,412.000,RghNkEQ73og/VlX2,444.000,kJub+myNVnivJPH0,485.000,kpmavFL5xFvBXmeS,494.000,bMnaMQqFkOGHDp0m,582.000,Elp1NMBI12RMuA1d,765.000,UZJgGqNAd1DJ7a5N
5,5,2026-04-04T02:26:11.635Z,404.000,10,324.000,RghNkEQ73og/VlX2,367.000,Elp1NMBI12RMuA1d,399.000,saIe+uO82j5dyZ0p,400.000,BupgNPzH9jc0Eppp,402.000,kpmavFL5xFvBXmeS,403.000,376MU2u+8SnuxMQc,404.000,kJub+myNVnivJPH0,405.000,j6cPpRGMZFLjdI+l,446.000,bMnaMQqFkOGHDp0m,649.000,UZJgGqNAd1DJ7a5N
5,6,2026-04-04T02:26:12.039Z,409.000,10,330.000,RghNkEQ73og/VlX2,369.000,Elp1NMBI12RMuA1d,395.000,kJub+myNVnivJPH0,397.000,376MU2u+8SnuxMQc,403.000,saIe+uO82j5dyZ0p,407.000,BupgNPzH9jc0Eppp,409.000,kpmavFL5xFvBXmeS,410.000,bMnaMQqFkOGHDp0m,412.000,j6cPpRGMZFLjdI+l,502.000,UZJgGqNAd1DJ7a5N
5,7,2026-04-04T02:26:12.448Z,410.000,10,332.000,RghNkEQ73og/VlX2,368.000,Elp1NMBI12RMuA1d,400.000,UZJgGqNAd1DJ7a5N,403.000,saIe+uO82j5dyZ0p,407.000,BupgNPzH9jc0Eppp,409.000,376MU2u+8SnuxMQc,410.000,kpmavFL5xFvBXmeS,412.000,bMnaMQqFkOGHDp0m,415.000,j6cPpRGMZFLjdI+l,416.000,kJub+myNVnivJPH0
5,8,2026-04-04T02:26:12.858Z,403.000,10,328.000,RghNkEQ73og/VlX2,395.000,kJub+myNVnivJPH0,397.000,bMnaMQqFkOGHDp0m,398.000,UZJgGqNAd1DJ7a5N,400.000,j6cPpRGMZFLjdI+l,401.000,BupgNPzH9jc0Eppp,403.000,saIe+uO82j5dyZ0p,408.000,376MU2u+8SnuxMQc,412.000,kpmavFL5xFvBXmeS,443.000,Elp1NMBI12RMuA1d
5,9,2026-04-04T02:26:13.261Z,410.000,10,329.000,RghNkEQ73og/VlX2,398.000,BupgNPzH9jc0Eppp,401.000,kJub+myNVnivJPH0,403.000,376MU2u+8SnuxMQc,405.000,bMnaMQqFkOGHDp0m,406.000,kpmavFL5xFvBXmeS,410.000,j6cPpRGMZFLjdI+l,415.000,saIe+uO82j5dyZ0p,441.000,Elp1NMBI12RMuA1d,447.000,UZJgGqNAd1DJ7a5N
5,10,2026-04-04T02:26:13.671Z,403.000,10,325.000,RghNkEQ73og/VlX2,364.000,Elp1NMBI12RMuA1d,367.000,UZJgGqNAd1DJ7a5N,395.000,bMnaMQqFkOGHDp0m,397.000,j6cPpRGMZFLjdI+l,400.000,kJub+myNVnivJPH0,403.000,kpmavFL5xFvBXmeS,404.000,BupgNPzH9jc0Eppp,405.000,376MU2u+8SnuxMQc,407.000,saIe+uO82j5dyZ0p
5,11,2026-04-04T02:26:14.074Z,406.000,10,327.000,RghNkEQ73og/VlX2,396.000,bMnaMQqFkOGHDp0m,399.000,Elp1NMBI12RMuA1d,402.000,j6cPpRGMZFLjdI+l,404.000,kpmavFL5xFvBXmeS,405.000,UZJgGqNAd1DJ7a5N,406.000,saIe+uO82j5dyZ0p,408.000,376MU2u+8SnuxMQc,410.000,BupgNPzH9jc0Eppp,412.000,kJub+myNVnivJPH0
5,12,2026-04-04T02:26:14.480Z,405.000,10,323.000,RghNkEQ73og/VlX2,398.000,saIe+uO82j5dyZ0p,399.000,bMnaMQqFkOGHDp0m,401.000,BupgNPzH9jc0Eppp,402.000,376MU2u+8SnuxMQc,403.000,Elp1NMBI12RMuA1d,405.000,kJub+myNVnivJPH0,406.000,kpmavFL5xFvBXmeS,414.000,j6cPpRGMZFLjdI+l,415.000,UZJgGqNAd1DJ7a5N
5,13,2026-04-04T02:26:14.885Z,409.000,10,327.000,RghNkEQ73og/VlX2,362.000,UZJgGqNAd1DJ7a5N,398.000,BupgNPzH9jc0Eppp,402.000,Elp1NMBI12RMuA1d,404.000,bMnaMQqFkOGHDp0m,407.000,kpmavFL5xFvBXmeS,409.000,saIe+uO82j5dyZ0p,410.000,376MU2u+8SnuxMQc,411.000,j6cPpRGMZFLjdI+l,416.000,kJub+myNVnivJPH0
5,14,2026-04-04T02:26:15.294Z,407.000,10,323.000,RghNkEQ73og/VlX2,400.000,kJub+myNVnivJPH0,401.000,BupgNPzH9jc0Eppp,402.000,j6cPpRGMZFLjdI+l,404.000,bMnaMQqFkOGHDp0m,405.000,kpmavFL5xFvBXmeS,407.000,Elp1NMBI12RMuA1d,408.000,saIe+uO82j5dyZ0p,409.000,376MU2u+8SnuxMQc,410.000,UZJgGqNAd1DJ7a5N
5,15,2026-04-04T02:26:15.701Z,406.000,10,322.000,RghNkEQ73og/VlX2,394.000,kJub+myNVnivJPH0,401.000,kpmavFL5xFvBXmeS,402.000,j6cPpRGMZFLjdI+l,403.000,UZJgGqNAd1DJ7a5N,405.000,376MU2u+8SnuxMQc,406.000,saIe+uO82j5dyZ0p,408.000,bMnaMQqFkOGHDp0m,409.000,BupgNPzH9jc0Eppp,411.000,Elp1NMBI12RMuA1d
5,16,2026-04-04T02:26:16.107Z,407.000,10,323.000,RghNkEQ73og/VlX2,396.000,UZJgGqNAd1DJ7a5N,397.000,376MU2u+8SnuxMQc,403.000,bMnaMQqFkOGHDp0m,405.000,saIe+uO82j5dyZ0p,406.000,j6cPpRGMZFLjdI+l,407.000,kJub+myNVnivJPH0,408.000,Elp1NMBI12RMuA1d,410.000,BupgNPzH9jc0Eppp,411.000,kpmavFL5xFvBXmeS
5,17,2026-04-04T02:26:16.514Z,405.000,10,324.000,RghNkEQ73og/VlX2,391.000,bMnaMQqFkOGHDp0m,399.000,UZJgGqNAd1DJ7a5N,401.000,Elp1NMBI12RMuA1d,402.000,376MU2u+8SnuxMQc,403.000,kpmavFL5xFvBXmeS,405.000,kJub+myNVnivJPH0,406.000,saIe+uO82j5dyZ0p,408.000,BupgNPzH9jc0Eppp,409.000,j6cPpRGMZFLjdI+l
5,18,2026-04-04T02:26:16.919Z,408.000,10,323.000,RghNkEQ73og/VlX2,401.000,Elp1NMBI12RMuA1d,403.000,j6cPpRGMZFLjdI+l,404.000,376MU2u+8SnuxMQc,405.000,kJub+myNVnivJPH0,407.000,saIe+uO82j5dyZ0p,408.000,kpmavFL5xFvBXmeS,409.000,UZJgGqNAd1DJ7a5N,411.000,bMnaMQqFkOGHDp0m,412.000,BupgNPzH9jc0Eppp
5,19,2026-04-04T02:26:17.327Z,404.000,10,321.000,RghNkEQ73og/VlX2,394.000,Elp1NMBI12RMuA1d,395.000,376MU2u+8SnuxMQc,399.000,kpmavFL5xFvBXmeS,400.000,bMnaMQqFkOGHDp0m,401.000,UZJgGqNAd1DJ7a5N,403.000,BupgNPzH9jc0Eppp,405.000,kJub+myNVnivJPH0,406.000,saIe+uO82j5dyZ0p,407.000,j6cPpRGMZFLjdI+l
5,20,2026-04-04T02:26:17.731Z,406.000,10,322.000,RghNkEQ73og/VlX2,395.000,bMnaMQqFkOGHDp0m,398.000,376MU2u+8SnuxMQc,400.000,saIe+uO82j5dyZ0p,403.000,BupgNPzH9jc0Eppp,404.000,kpmavFL5xFvBXmeS,406.000,kJub+myNVnivJPH0,407.000,Elp1NMBI12RMuA1d,409.000,j6cPpRGMZFLjdI+l,413.000,UZJgGqNAd1DJ7a5N
5,21,2026-04-04T02:26:18.137Z,405.000,10,323.000,RghNkEQ73og/VlX2,396.000,saIe+uO82j5dyZ0p,399.000,UZJgGqNAd1DJ7a5N,400.000,j6cPpRGMZFLjdI+l,401.000,bMnaMQqFkOGHDp0m,402.000,Elp1NMBI12RMuA1d,405.000,kJub+myNVnivJPH0,406.000,376MU2u+8SnuxMQc,409.000,BupgNPzH9jc0Eppp,412.000,kpmavFL5xFvBXmeS
5,22,2026-04-04T02:26:18.542Z,406.000,10,326.000,RghNkEQ73og/VlX2,397.000,saIe+uO82j5dyZ0p,399.000,Elp1NMBI12RMuA1d,401.000,kJub+myNVnivJPH0,402.000,UZJgGqNAd1DJ7a5N,404.000,kpmavFL5xFvBXmeS,406.000,376MU2u+8SnuxMQc,407.000,BupgNPzH9jc0Eppp,408.000,j6cPpRGMZFLjdI+l,415.000,bMnaMQqFkOGHDp0m
5,23,2026-04-04T02:26:18.948Z,409.000,10,327.000,RghNkEQ73og/VlX2,401.000,kpmavFL5xFvBXmeS,404.000,BupgNPzH9jc0Eppp,405.000,bMnaMQqFkOGHDp0m,406.000,saIe+uO82j5dyZ0p,408.000,376MU2u+8SnuxMQc,409.000,j6cPpRGMZFLjdI+l,410.000,UZJgGqNAd1DJ7a5N,411.000,Elp1NMBI12RMuA1d,413.000,kJub+myNVnivJPH0
5,24,2026-04-04T02:26:19.357Z,404.000,10,320.000,RghNkEQ73og/VlX2,397.000,kpmavFL5xFvBXmeS,399.000,UZJgGqNAd1DJ7a5N,400.000,bMnaMQqFkOGHDp0m,401.000,saIe+uO82j5dyZ0p,402.000,BupgNPzH9jc0Eppp,404.000,j6cPpRGMZFLjdI+l,405.000,Elp1NMBI12RMuA1d,406.000,376MU2u+8SnuxMQc,407.000,kJub+myNVnivJPH0
5,25,2026-04-04T02:26:19.761Z,407.000,10,324.000,RghNkEQ73og/VlX2,396.000,BupgNPzH9jc0Eppp,398.000,kJub+myNVnivJPH0,399.000,UZJgGqNAd1DJ7a5N,404.000,Elp1NMBI12RMuA1d,405.000,376MU2u+8SnuxMQc,407.000,saIe+uO82j5dyZ0p,408.000,bMnaMQqFkOGHDp0m,409.000,j6cPpRGMZFLjdI+l,411.000,kpmavFL5xFvBXmeS
5,26,2026-04-04T02:26:20.168Z,408.000,10,324.000,RghNkEQ73og/VlX2,395.000,Elp1NMBI12RMuA1d,396.000,saIe+uO82j5dyZ0p,398.000,kpmavFL5xFvBXmeS,399.000,376MU2u+8SnuxMQc,403.000,BupgNPzH9jc0Eppp,408.000,kJub+myNVnivJPH0,410.000,UZJgGqNAd1DJ7a5N,411.000,j6cPpRGMZFLjdI+l,415.000,bMnaMQqFkOGHDp0m
5,27,2026-04-04T02:26:20.576Z,402.000,10,321.000,RghNkEQ73og/VlX2,392.000,bMnaMQqFkOGHDp0m,395.000,saIe+uO82j5dyZ0p,397.000,kpmavFL5xFvBXmeS,398.000,376MU2u+8SnuxMQc,400.000,kJub+myNVnivJPH0,402.000,BupgNPzH9jc0Eppp,403.000,UZJgGqNAd1DJ7a5N,407.000,Elp1NMBI12RMuA1d,415.000,j6cPpRGMZFLjdI+l
5,28,2026-04-04T02:26:20.978Z,410.000,10,326.000,RghNkEQ73og/VlX2,400.000,Elp1NMBI12RMuA1d,402.000,j6cPpRGMZFLjdI+l,403.000,saIe+uO82j5dyZ0p,405.000,kpmavFL5xFvBXmeS,407.000,kJub+myNVnivJPH0,410.000,376MU2u+8SnuxMQc,412.000,bMnaMQqFkOGHDp0m,413.000,BupgNPzH9jc0Eppp,420.000,UZJgGqNAd1DJ7a5N
5,29,2026-04-04T02:26:21.388Z,407.000,10,323.000,RghNkEQ73og/VlX2,400.000,saIe+uO82j5dyZ0p,401.000,BupgNPzH9jc0Eppp,403.000,Elp1NMBI12RMuA1d,404.000,kJub+myNVnivJPH0,405.000,j6cPpRGMZFLjdI+l,406.000,kpmavFL5xFvBXmeS,408.000,376MU2u+8SnuxMQc,411.000,bMnaMQqFkOGHDp0m,413.000,UZJgGqNAd1DJ7a5N
5,30,2026-04-04T02:26:21.795Z,405.000,10,320.000,RghNkEQ73og/VlX2,396.000,bMnaMQqFkOGHDp0m,397.000,BupgNPzH9jc0Eppp,398.000,j6cPpRGMZFLjdI+l,400.000,saIe+uO82j5dyZ0p,401.000,Elp1NMBI12RMuA1d,405.000,376MU2u+8SnuxMQc,406.000,kpmavFL5xFvBXmeS,410.000,kJub+myNVnivJPH0,413.000,UZJgGqNAd1DJ7a5N
5,31,2026-04-04T02:26:22.200Z,406.000,10,325.000,RghNkEQ73og/VlX2,398.000,BupgNPzH9jc0Eppp,400.000,kJub+myNVnivJPH0,401.000,kpmavFL5xFvBXmeS,403.000,Elp1NMBI12RMuA1d,404.000,j6cPpRGMZFLjdI+l,405.000,UZJgGqNAd1DJ7a5N,407.000,bMnaMQqFkOGHDp0m,408.000,saIe+uO82j5dyZ0p,410.000,376MU2u+8SnuxMQc
5,32,2026-04-04T02:26:22.606Z,404.000,10,323.000,RghNkEQ73og/VlX2,394.000,kpmavFL5xFvBXmeS,396.000,saIe+uO82j5dyZ0p,398.000,BupgNPzH9jc0Eppp,399.000,Elp1NMBI12RMuA1d,401.000,376MU2u+8SnuxMQc,404.000,j6cPpRGMZFLjdI+l,406.000,kJub+myNVnivJPH0,407.000,UZJgGqNAd1DJ7a5N,409.000,bMnaMQqFkOGHDp0m
5,33,2026-04-04T02:26:23.010Z,411.000,10,330.000,RghNkEQ73og/VlX2,398.000,BupgNPzH9jc0Eppp,403.000,kJub+myNVnivJPH0,405.000,bMnaMQqFkOGHDp0m,407.000,j6cPpRGMZFLjdI+l,409.000,kpmavFL5xFvBXmeS,411.000,UZJgGqNAd1DJ7a5N,413.000,Elp1NMBI12RMuA1d,418.000,376MU2u+8SnuxMQc,421.000,saIe+uO82j5dyZ0p
5,34,2026-04-04T02:26:23.421Z,409.000,10,327.000,RghNkEQ73og/VlX2,397.000,saIe+uO82j5dyZ0p,401.000,j6cPpRGMZFLjdI+l,403.000,BupgNPzH9jc0Eppp,406.000,UZJgGqNAd1DJ7a5N,408.000,Elp1NMBI12RMuA1d,409.000,bMnaMQqFkOGHDp0m,410.000,kpmavFL5xFvBXmeS,412.000,376MU2u+8SnuxMQc,413.000,kJub+myNVnivJPH0
5,35,2026-04-04T02:26:23.830Z,402.000,10,321.000,RghNkEQ73og/VlX2,389.000,kpmavFL5xFvBXmeS,394.000,saIe+uO82j5dyZ0p,398.000,kJub+myNVnivJPH0,399.000,bMnaMQqFkOGHDp0m,401.000,Elp1NMBI12RMuA1d,402.000,376MU2u+8SnuxMQc,403.000,UZJgGqNAd1DJ7a5N,405.000,j6cPpRGMZFLjdI+l,406.000,BupgNPzH9jc0Eppp
5,36,2026-04-04T02:26:24.232Z,408.000,10,324.000,RghNkEQ73og/VlX2,393.000,saIe+uO82j5dyZ0p,402.000,UZJgGqNAd1DJ7a5N,404.000,bMnaMQqFkOGHDp0m,405.000,kpmavFL5xFvBXmeS,406.000,BupgNPzH9jc0Eppp,407.000,j6cPpRGMZFLjdI+l,409.000,kJub+myNVnivJPH0,414.000,376MU2u+8SnuxMQc,421.000,Elp1NMBI12RMuA1d
5,37,2026-04-04T02:26:24.640Z,655.000,7,338.000,Elp1NMBI12RMuA1d,433.000,UZJgGqNAd1DJ7a5N,454.000,RghNkEQ73og/VlX2,515.000,bMnaMQqFkOGHDp0m,576.000,376MU2u+8SnuxMQc,622.000,j6cPpRGMZFLjdI+l,654.000,saIe+uO82j5dyZ0p,,,,,,
5,38,2026-04-04T02:26:25.295Z,674.000,9,415.000,RghNkEQ73og/VlX2,491.000,376MU2u+8SnuxMQc,540.000,saIe+uO82j5dyZ0p,582.000,BupgNPzH9jc0Eppp,592.000,Elp1NMBI12RMuA1d,630.000,j6cPpRGMZFLjdI+l,668.000,kJub+myNVnivJPH0,679.000,UZJgGqNAd1DJ7a5N,1166.000,kpmavFL5xFvBXmeS,,
5,39,2026-04-04T02:26:25.969Z,851.000,10,680.000,RghNkEQ73og/VlX2,704.000,Elp1NMBI12RMuA1d,715.000,UZJgGqNAd1DJ7a5N,762.000,BupgNPzH9jc0Eppp,798.000,saIe+uO82j5dyZ0p,820.000,kJub+myNVnivJPH0,841.000,kpmavFL5xFvBXmeS,868.000,j6cPpRGMZFLjdI+l,878.000,376MU2u+8SnuxMQc,974.000,bMnaMQqFkOGHDp0m
5,40,2026-04-04T02:26:26.820Z,816.000,10,577.000,RghNkEQ73og/VlX2,641.000,bMnaMQqFkOGHDp0m,673.000,j6cPpRGMZFLjdI+l,697.000,kpmavFL5xFvBXmeS,721.000,kJub+myNVnivJPH0,772.000,BupgNPzH9jc0Eppp,803.000,saIe+uO82j5dyZ0p,820.000,376MU2u+8SnuxMQc,856.000,Elp1NMBI12RMuA1d,876.000,UZJgGqNAd1DJ7a5N
5,41,2026-04-04T02:26:27.636Z,833.000,10,643.000,RghNkEQ73og/VlX2,668.000,bMnaMQqFkOGHDp0m,682.000,Elp1NMBI12RMuA1d,719.000,saIe+uO82j5dyZ0p,749.000,kpmavFL5xFvBXmeS,763.000,376MU2u+8SnuxMQc,822.000,j6cPpRGMZFLjdI+l,837.000,UZJgGqNAd1DJ7a5N,922.000,kJub+myNVnivJPH0,1439.000,BupgNPzH9jc0Eppp
5,42,2026-04-04T02:26:28.469Z,1332.000,10,1023.000,bMnaMQqFkOGHDp0m,1049.000,RghNkEQ73og/VlX2,1069.000,376MU2u+8SnuxMQc,1139.000,saIe+uO82j5dyZ0p,1177.000,kJub+myNVnivJPH0,1195.000,UZJgGqNAd1DJ7a5N,1310.000,j6cPpRGMZFLjdI+l,1360.000,BupgNPzH9jc0Eppp,1478.000,kpmavFL5xFvBXmeS,1493.000,Elp1NMBI12RMuA1d
5,43,2026-04-04T02:26:29.801Z,1105.000,10,816.000,RghNkEQ73og/VlX2,918.000,kpmavFL5xFvBXmeS,938.000,Elp1NMBI12RMuA1d,971.000,376MU2u+8SnuxMQc,1014.000,saIe+uO82j5dyZ0p,1057.000,j6cPpRGMZFLjdI+l,1092.000,BupgNPzH9jc0Eppp,1130.000,bMnaMQqFkOGHDp0m,1256.000,kJub+myNVnivJPH0,1274.000,UZJgGqNAd1DJ7a5N
5,44,2026-04-04T02:26:30.906Z,1223.000,10,749.000,RghNkEQ73og/VlX2,893.000,376MU2u+8SnuxMQc,984.000,Elp1NMBI12RMuA1d,1012.000,UZJgGqNAd1DJ7a5N,1076.000,BupgNPzH9jc0Eppp,1122.000,bMnaMQqFkOGHDp0m,1205.000,kpmavFL5xFvBXmeS,1251.000,kJub+myNVnivJPH0,1421.000,saIe+uO82j5dyZ0p,1486.000,j6cPpRGMZFLjdI+l
5,45,2026-04-04T02:26:32.129Z,1143.000,10,895.000,RghNkEQ73og/VlX2,937.000,376MU2u+8SnuxMQc,976.000,kpmavFL5xFvBXmeS,995.000,Elp1NMBI12RMuA1d,1040.000,j6cPpRGMZFLjdI+l,1071.000,UZJgGqNAd1DJ7a5N,1129.000,saIe+uO82j5dyZ0p,1216.000,bMnaMQqFkOGHDp0m,1381.000,kJub+myNVnivJPH0,1658.000,BupgNPzH9jc0Eppp
5,46,2026-04-04T02:26:33.272Z,1088.000,10,830.000,RghNkEQ73og/VlX2,947.000,Elp1NMBI12RMuA1d,970.000,376MU2u+8SnuxMQc,982.000,UZJgGqNAd1DJ7a5N,1008.000,saIe+uO82j5dyZ0p,1043.000,kJub+myNVnivJPH0,1077.000,bMnaMQqFkOGHDp0m,1115.000,j6cPpRGMZFLjdI+l,1460.000,BupgNPzH9jc0Eppp,1494.000,kpmavFL5xFvBXmeS
5,47,2026-04-04T02:26:34.360Z,1126.000,10,908.000,RghNkEQ73og/VlX2,946.000,376MU2u+8SnuxMQc,979.000,bMnaMQqFkOGHDp0m,1008.000,j6cPpRGMZFLjdI+l,1046.000,kJub+myNVnivJPH0,1075.000,BupgNPzH9jc0Eppp,1098.000,Elp1NMBI12RMuA1d,1131.000,UZJgGqNAd1DJ7a5N,1206.000,kpmavFL5xFvBXmeS,1241.000,saIe+uO82j5dyZ0p
5,48,2026-04-04T02:26:35.486Z,1064.000,10,777.000,RghNkEQ73og/VlX2,853.000,kpmavFL5xFvBXmeS,878.000,UZJgGqNAd1DJ7a5N,922.000,Elp1NMBI12RMuA1d,966.000,saIe+uO82j5dyZ0p,987.000,376MU2u+8SnuxMQc,1049.000,kJub+myNVnivJPH0,1088.000,BupgNPzH9jc0Eppp,1128.000,bMnaMQqFkOGHDp0m,1228.000,j6cPpRGMZFLjdI+l
5,49,2026-04-04T02:26:36.550Z,907.000,10,705.000,RghNkEQ73og/VlX2,742.000,Elp1NMBI12RMuA1d,757.000,UZJgGqNAd1DJ7a5N,792.000,saIe+uO82j5dyZ0p,834.000,j6cPpRGMZFLjdI+l,862.000,376MU2u+8SnuxMQc,897.000,kpmavFL5xFvBXmeS,932.000,kJub+myNVnivJPH0,1019.000,BupgNPzH9jc0Eppp,1122.000,bMnaMQqFkOGHDp0m
5,50,2026-04-04T02:26:37.457Z,992.000,10,659.000,RghNkEQ73og/VlX2,796.000,376MU2u+8SnuxMQc,815.000,Elp1NMBI12RMuA1d,864.000,kJub+myNVnivJPH0,882.000,UZJgGqNAd1DJ7a5N,946.000,kpmavFL5xFvBXmeS,980.000,j6cPpRGMZFLjdI+l,1131.000,BupgNPzH9jc0Eppp,1161.000,bMnaMQqFkOGHDp0m,1370.000,saIe+uO82j5dyZ0p
5,51,2026-04-04T02:26:38.449Z,900.000,10,570.000,376MU2u+8SnuxMQc,746.000,RghNkEQ73og/VlX2,761.000,UZJgGqNAd1DJ7a5N,783.000,saIe+uO82j5dyZ0p,796.000,Elp1NMBI12RMuA1d,857.000,j6cPpRGMZFLjdI+l,889.000,kpmavFL5xFvBXmeS,967.000,bMnaMQqFkOGHDp0m,1047.000,kJub+myNVnivJPH0,1108.000,BupgNPzH9jc0Eppp
5,52,2026-04-04T02:26:39.349Z,992.000,10,798.000,RghNkEQ73og/VlX2,826.000,bMnaMQqFkOGHDp0m,841.000,UZJgGqNAd1DJ7a5N,872.000,Elp1NMBI12RMuA1d,913.000,kJub+myNVnivJPH0,948.000,j6cPpRGMZFLjdI+l,981.000,kpmavFL5xFvBXmeS,1013.000,saIe+uO82j5dyZ0p,1086.000,BupgNPzH9jc0Eppp,1714.000,376MU2u+8SnuxMQc
5,53,2026-04-04T02:26:40.341Z,1172.000,10,855.000,j6cPpRGMZFLjdI+l,868.000,RghNkEQ73og/VlX2,952.000,Elp1NMBI12RMuA1d,1002.000,kJub+myNVnivJPH0,1063.000,kpmavFL5xFvBXmeS,1122.000,saIe+uO82j5dyZ0p,1142.000,UZJgGqNAd1DJ7a5N,1203.000,BupgNPzH9jc0Eppp,1333.000,bMnaMQqFkOGHDp0m,1356.000,376MU2u+8SnuxMQc
5,54,2026-04-04T02:26:41.513Z,1031.000,10,773.000,j6cPpRGMZFLjdI+l,787.000,Elp1NMBI12RMuA1d,849.000,kpmavFL5xFvBXmeS,885.000,kJub+myNVnivJPH0,897.000,RghNkEQ73og/VlX2,975.000,saIe+uO82j5dyZ0p,1015.000,bMnaMQqFkOGHDp0m,1034.000,UZJgGqNAd1DJ7a5N,1164.000,376MU2u+8SnuxMQc,1379.000,BupgNPzH9jc0Eppp
5,55,2026-04-04T02:26:42.544Z,1189.000,10,952.000,saIe+uO82j5dyZ0p,998.000,j6cPpRGMZFLjdI+l,1042.000,bMnaMQqFkOGHDp0m,1069.000,376MU2u+8SnuxMQc,1115.000,kpmavFL5xFvBXmeS,1136.000,RghNkEQ73og/VlX2,1179.000,Elp1NMBI12RMuA1d,1218.000,kJub+myNVnivJPH0,1300.000,UZJgGqNAd1DJ7a5N,1781.000,BupgNPzH9jc0Eppp
5,56,2026-04-04T02:26:43.733Z,1150.000,10,921.000,kJub+myNVnivJPH0,960.000,Elp1NMBI12RMuA1d,1009.000,UZJgGqNAd1DJ7a5N,1025.000,376MU2u+8SnuxMQc,1060.000,j6cPpRGMZFLjdI+l,1098.000,kpmavFL5xFvBXmeS,1112.000,RghNkEQ73og/VlX2,1192.000,saIe+uO82j5dyZ0p,1525.000,bMnaMQqFkOGHDp0m,1637.000,BupgNPzH9jc0Eppp
5,57,2026-04-04T02:26:44.883Z,1026.000,10,825.000,j6cPpRGMZFLjdI+l,842.000,UZJgGqNAd1DJ7a5N,878.000,kpmavFL5xFvBXmeS,896.000,376MU2u+8SnuxMQc,954.000,kJub+myNVnivJPH0,975.000,Elp1NMBI12RMuA1d,1013.000,saIe+uO82j5dyZ0p,1028.000,RghNkEQ73og/VlX2,1536.000,BupgNPzH9jc0Eppp,1672.000,bMnaMQqFkOGHDp0m
5,58,2026-04-04T02:26:45.909Z,1161.000,10,886.000,Elp1NMBI12RMuA1d,905.000,376MU2u+8SnuxMQc,934.000,kJub+myNVnivJPH0,998.000,saIe+uO82j5dyZ0p,1019.000,UZJgGqNAd1DJ7a5N,1111.000,j6cPpRGMZFLjdI+l,1147.000,kpmavFL5xFvBXmeS,1163.000,RghNkEQ73og/VlX2,1660.000,BupgNPzH9jc0Eppp,1698.000,bMnaMQqFkOGHDp0m
5,59,2026-04-04T02:26:47.070Z,964.000,9,469.000,UZJgGqNAd1DJ7a5N,711.000,kJub+myNVnivJPH0,743.000,j6cPpRGMZFLjdI+l,821.000,Elp1NMBI12RMuA1d,877.000,saIe+uO82j5dyZ0p,899.000,376MU2u+8SnuxMQc,952.000,kpmavFL5xFvBXmeS,1272.000,BupgNPzH9jc0Eppp,1303.000,bMnaMQqFkOGHDp0m,,
5,60,2026-04-04T02:26:48.034Z,1039.000,9,724.000,376MU2u+8SnuxMQc,772.000,kpmavFL5xFvBXmeS,794.000,UZJgGqNAd1DJ7a5N,846.000,saIe+uO82j5dyZ0p,868.000,Elp1NMBI12RMuA1d,973.000,j6cPpRGMZFLjdI+l,1026.000,kJub+myNVnivJPH0,1214.000,bMnaMQqFkOGHDp0m,1512.000,BupgNPzH9jc0Eppp,,
5,61,2026-04-04T02:26:49.073Z,1277.000,10,903.000,saIe+uO82j5dyZ0p,997.000,j6cPpRGMZFLjdI+l,1017.000,Elp1NMBI12RMuA1d,1133.000,kJub+myNVnivJPH0,1156.000,376MU2u+8SnuxMQc,1207.000,UZJgGqNAd1DJ7a5N,1249.000,kpmavFL5xFvBXmeS,1366.000,RghNkEQ73og/VlX2,1530.000,bMnaMQqFkOGHDp0m,1893.000,BupgNPzH9jc0Eppp
5,62,2026-04-04T02:26:50.350Z,1020.000,9,799.000,UZJgGqNAd1DJ7a5N,817.000,376MU2u+8SnuxMQc,830.000,Elp1NMBI12RMuA1d,867.000,kJub+myNVnivJPH0,905.000,saIe+uO82j5dyZ0p,961.000,kpmavFL5xFvBXmeS,1002.000,j6cPpRGMZFLjdI+l,1041.000,bMnaMQqFkOGHDp0m,1594.000,BupgNPzH9jc0Eppp,,
5,63,2026-04-04T02:26:51.370Z,1041.000,9,738.000,kJub+myNVnivJPH0,847.000,bMnaMQqFkOGHDp0m,886.000,saIe+uO82j5dyZ0p,910.000,Elp1NMBI12RMuA1d,981.000,j6cPpRGMZFLjdI+l,996.000,UZJgGqNAd1DJ7a5N,1031.000,376MU2u+8SnuxMQc,1065.000,kpmavFL5xFvBXmeS,1364.000,BupgNPzH9jc0Eppp,,
5,64,2026-04-04T02:26:52.411Z,972.000,9,746.000,Elp1NMBI12RMuA1d,762.000,UZJgGqNAd1DJ7a5N,797.000,j6cPpRGMZFLjdI+l,837.000,saIe+uO82j5dyZ0p,881.000,kJub+myNVnivJPH0,907.000,376MU2u+8SnuxMQc,955.000,kpmavFL5xFvBXmeS,1060.000,bMnaMQqFkOGHDp0m,1167.000,BupgNPzH9jc0Eppp,,
5,65,2026-04-04T02:26:53.383Z,1007.000,9,781.000,j6cPpRGMZFLjdI+l,813.000,kJub+myNVnivJPH0,831.000,UZJgGqNAd1DJ7a5N,868.000,kpmavFL5xFvBXmeS,908.000,saIe+uO82j5dyZ0p,941.000,bMnaMQqFkOGHDp0m,982.000,376MU2u+8SnuxMQc,1029.000,BupgNPzH9jc0Eppp,1104.000,Elp1NMBI12RMuA1d,,
5,66,2026-04-04T02:26:54.390Z,914.000,9,701.000,UZJgGqNAd1DJ7a5N,746.000,bMnaMQqFkOGHDp0m,763.000,Elp1NMBI12RMuA1d,805.000,kpmavFL5xFvBXmeS,839.000,BupgNPzH9jc0Eppp,857.000,376MU2u+8SnuxMQc,899.000,saIe+uO82j5dyZ0p,937.000,j6cPpRGMZFLjdI+l,1426.000,kJub+myNVnivJPH0,,
5,67,2026-04-04T02:26:55.304Z,843.000,10,544.000,j6cPpRGMZFLjdI+l,691.000,saIe+uO82j5dyZ0p,706.000,Elp1NMBI12RMuA1d,727.000,UZJgGqNAd1DJ7a5N,764.000,kpmavFL5xFvBXmeS,795.000,BupgNPzH9jc0Eppp,809.000,376MU2u+8SnuxMQc,845.000,RghNkEQ73og/VlX2,943.000,kJub+myNVnivJPH0,1536.000,bMnaMQqFkOGHDp0m
5,68,2026-04-04T02:26:56.147Z,948.000,10,776.000,UZJgGqNAd1DJ7a5N,794.000,376MU2u+8SnuxMQc,807.000,Elp1NMBI12RMuA1d,834.000,kJub+myNVnivJPH0,865.000,kpmavFL5xFvBXmeS,898.000,RghNkEQ73og/VlX2,937.000,j6cPpRGMZFLjdI+l,972.000,saIe+uO82j5dyZ0p,1121.000,BupgNPzH9jc0Eppp,1194.000,bMnaMQqFkOGHDp0m
5,69,2026-04-04T02:26:57.095Z,1063.000,10,812.000,Elp1NMBI12RMuA1d,847.000,376MU2u+8SnuxMQc,865.000,RghNkEQ73og/VlX2,915.000,bMnaMQqFkOGHDp0m,946.000,UZJgGqNAd1DJ7a5N,1004.000,saIe+uO82j5dyZ0p,1043.000,BupgNPzH9jc0Eppp,1089.000,kpmavFL5xFvBXmeS,1209.000,j6cPpRGMZFLjdI+l,1771.000,kJub+myNVnivJPH0
5,70,2026-04-04T02:26:58.158Z,1042.000,10,723.000,RghNkEQ73og/VlX2,872.000,j6cPpRGMZFLjdI+l,912.000,kpmavFL5xFvBXmeS,953.000,bMnaMQqFkOGHDp0m,977.000,Elp1NMBI12RMuA1d,1008.000,376MU2u+8SnuxMQc,1028.000,UZJgGqNAd1DJ7a5N,1070.000,BupgNPzH9jc0Eppp,1244.000,saIe+uO82j5dyZ0p,1725.000,kJub+myNVnivJPH0
5,71,2026-04-04T02:26:59.200Z,1299.000,10,795.000,kpmavFL5xFvBXmeS,812.000,RghNkEQ73og/VlX2,833.000,376MU2u+8SnuxMQc,848.000,Elp1NMBI12RMuA1d,878.000,j6cPpRGMZFLjdI+l,911.000,BupgNPzH9jc0Eppp,925.000,UZJgGqNAd1DJ7a5N,1323.000,saIe+uO82j5dyZ0p,1407.000,bMnaMQqFkOGHDp0m,1568.000,kJub+myNVnivJPH0
5,72,2026-04-04T02:27:00.499Z,898.000,10,721.000,kpmavFL5xFvBXmeS,781.000,bMnaMQqFkOGHDp0m,798.000,RghNkEQ73og/VlX2,824.000,Elp1NMBI12RMuA1d,838.000,UZJgGqNAd1DJ7a5N,852.000,376MU2u+8SnuxMQc,885.000,j6cPpRGMZFLjdI+l,922.000,saIe+uO82j5dyZ0p,1042.000,BupgNPzH9jc0Eppp,1412.000,kJub+myNVnivJPH0
5,73,2026-04-04T02:27:01.397Z,1024.000,10,831.000,RghNkEQ73og/VlX2,871.000,saIe+uO82j5dyZ0p,888.000,Elp1NMBI12RMuA1d,927.000,kJub+myNVnivJPH0,946.000,376MU2u+8SnuxMQc,974.000,UZJgGqNAd1DJ7a5N,1009.000,BupgNPzH9jc0Eppp,1046.000,j6cPpRGMZFLjdI+l,1189.000,kpmavFL5xFvBXmeS,1453.000,bMnaMQqFkOGHDp0m
5,74,2026-04-04T02:27:02.421Z,923.000,10,725.000,j6cPpRGMZFLjdI+l,743.000,RghNkEQ73og/VlX2,780.000,Elp1NMBI12RMuA1d,795.000,376MU2u+8SnuxMQc,830.000,kJub+myNVnivJPH0,869.000,kpmavFL5xFvBXmeS,909.000,saIe+uO82j5dyZ0p,927.000,UZJgGqNAd1DJ7a5N,1056.000,BupgNPzH9jc0Eppp,1651.000,bMnaMQqFkOGHDp0m
5,75,2026-04-04T02:27:03.344Z,1568.000,10,1234.000,RghNkEQ73og/VlX2,1310.000,kpmavFL5xFvBXmeS,1396.000,UZJgGqNAd1DJ7a5N,1468.000,bMnaMQqFkOGHDp0m,1490.000,Elp1NMBI12RMuA1d,1521.000,376MU2u+8SnuxMQc,1555.000,j6cPpRGMZFLjdI+l,1588.000,kJub+myNVnivJPH0,1698.000,saIe+uO82j5dyZ0p,2299.000,BupgNPzH9jc0Eppp
5,76,2026-04-04T02:27:04.912Z,1281.000,10,834.000,RghNkEQ73og/VlX2,969.000,kJub+myNVnivJPH0,991.000,Elp1NMBI12RMuA1d,1033.000,UZJgGqNAd1DJ7a5N,1086.000,j6cPpRGMZFLjdI+l,1108.000,376MU2u+8SnuxMQc,1261.000,kpmavFL5xFvBXmeS,1311.000,bMnaMQqFkOGHDp0m,1463.000,saIe+uO82j5dyZ0p,1656.000,BupgNPzH9jc0Eppp
5,77,2026-04-04T02:27:06.193Z,1402.000,10,1120.000,Elp1NMBI12RMuA1d,1159.000,UZJgGqNAd1DJ7a5N,1177.000,RghNkEQ73og/VlX2,1239.000,kpmavFL5xFvBXmeS,1289.000,kJub+myNVnivJPH0,1316.000,376MU2u+8SnuxMQc,1381.000,j6cPpRGMZFLjdI+l,1428.000,bMnaMQqFkOGHDp0m,1473.000,BupgNPzH9jc0Eppp,1947.000,saIe+uO82j5dyZ0p
5,78,2026-04-04T02:27:07.595Z,1120.000,10,830.000,UZJgGqNAd1DJ7a5N,868.000,RghNkEQ73og/VlX2,914.000,bMnaMQqFkOGHDp0m,961.000,j6cPpRGMZFLjdI+l,1008.000,BupgNPzH9jc0Eppp,1056.000,kJub+myNVnivJPH0,1080.000,376MU2u+8SnuxMQc,1127.000,Elp1NMBI12RMuA1d,1310.000,kpmavFL5xFvBXmeS,2240.000,saIe+uO82j5dyZ0p
5,79,2026-04-04T02:27:08.715Z,1856.000,10,1347.000,Elp1NMBI12RMuA1d,1411.000,kJub+myNVnivJPH0,1432.000,UZJgGqNAd1DJ7a5N,1500.000,RghNkEQ73og/VlX2,1582.000,bMnaMQqFkOGHDp0m,1781.000,j6cPpRGMZFLjdI+l,1833.000,BupgNPzH9jc0Eppp,1880.000,kpmavFL5xFvBXmeS,1988.000,376MU2u+8SnuxMQc,2752.000,saIe+uO82j5dyZ0p
5,80,2026-04-04T02:27:10.571Z,1311.000,10,923.000,Elp1NMBI12RMuA1d,965.000,UZJgGqNAd1DJ7a5N,1102.000,bMnaMQqFkOGHDp0m,1129.000,376MU2u+8SnuxMQc,1201.000,kJub+myNVnivJPH0,1254.000,j6cPpRGMZFLjdI+l,1273.000,RghNkEQ73og/VlX2,1346.000,BupgNPzH9jc0Eppp,1665.000,kpmavFL5xFvBXmeS,2174.000,saIe+uO82j5dyZ0p
5,81,2026-04-04T02:27:11.882Z,1341.000,9,997.000,Elp1NMBI12RMuA1d,1089.000,kJub+myNVnivJPH0,1112.000,376MU2u+8SnuxMQc,1186.000,BupgNPzH9jc0Eppp,1235.000,j6cPpRGMZFLjdI+l,1256.000,UZJgGqNAd1DJ7a5N,1326.000,bMnaMQqFkOGHDp0m,1344.000,RghNkEQ73og/VlX2,2056.000,saIe+uO82j5dyZ0p,,
5,82,2026-04-04T02:27:13.223Z,1102.000,9,823.000,UZJgGqNAd1DJ7a5N,857.000,Elp1NMBI12RMuA1d,900.000,kJub+myNVnivJPH0,947.000,j6cPpRGMZFLjdI+l,995.000,bMnaMQqFkOGHDp0m,1024.000,376MU2u+8SnuxMQc,1078.000,BupgNPzH9jc0Eppp,1635.000,saIe+uO82j5dyZ0p,2036.000,kpmavFL5xFvBXmeS,,
5,83,2026-04-04T02:27:14.325Z,1080.000,9,552.000,Elp1NMBI12RMuA1d,623.000,BupgNPzH9jc0Eppp,838.000,kJub+myNVnivJPH0,886.000,j6cPpRGMZFLjdI+l,959.000,376MU2u+8SnuxMQc,1026.000,bMnaMQqFkOGHDp0m,1042.000,RghNkEQ73og/VlX2,1089.000,UZJgGqNAd1DJ7a5N,1464.000,saIe+uO82j5dyZ0p,,
5,84,2026-04-04T02:27:15.405Z,1634.000,9,1410.000,UZJgGqNAd1DJ7a5N,1441.000,376MU2u+8SnuxMQc,1452.000,RghNkEQ73og/VlX2,1503.000,kJub+myNVnivJPH0,1528.000,Elp1NMBI12RMuA1d,1572.000,bMnaMQqFkOGHDp0m,1619.000,BupgNPzH9jc0Eppp,1657.000,saIe+uO82j5dyZ0p,1764.000,j6cPpRGMZFLjdI+l,,
5,85,2026-04-04T02:27:17.039Z,995.000,8,778.000,saIe+uO82j5dyZ0p,798.000,Elp1NMBI12RMuA1d,827.000,376MU2u+8SnuxMQc,865.000,j6cPpRGMZFLjdI+l,901.000,kJub+myNVnivJPH0,938.000,BupgNPzH9jc0Eppp,958.000,UZJgGqNAd1DJ7a5N,1150.000,bMnaMQqFkOGHDp0m,,,,
5,86,2026-04-04T02:27:18.034Z,1171.000,9,803.000,RghNkEQ73og/VlX2,840.000,Elp1NMBI12RMuA1d,917.000,saIe+uO82j5dyZ0p,936.000,376MU2u+8SnuxMQc,1034.000,j6cPpRGMZFLjdI+l,1085.000,BupgNPzH9jc0Eppp,1139.000,kJub+myNVnivJPH0,1244.000,bMnaMQqFkOGHDp0m,2065.000,UZJgGqNAd1DJ7a5N,,
5,87,2026-04-04T02:27:19.205Z,1293.000,9,986.000,RghNkEQ73og/VlX2,1019.000,Elp1NMBI12RMuA1d,1075.000,saIe+uO82j5dyZ0p,1127.000,kJub+myNVnivJPH0,1155.000,376MU2u+8SnuxMQc,1209.000,bMnaMQqFkOGHDp0m,1269.000,j6cPpRGMZFLjdI+l,1323.000,BupgNPzH9jc0Eppp,1487.000,UZJgGqNAd1DJ7a5N,,
5,88,2026-04-04T02:27:20.498Z,1262.000,9,843.000,RghNkEQ73og/VlX2,938.000,Elp1NMBI12RMuA1d,999.000,j6cPpRGMZFLjdI+l,1062.000,BupgNPzH9jc0Eppp,1104.000,376MU2u+8SnuxMQc,1184.000,bMnaMQqFkOGHDp0m,1238.000,kJub+myNVnivJPH0,1289.000,saIe+uO82j5dyZ0p,1648.000,UZJgGqNAd1DJ7a5N,,
5,89,2026-04-04T02:27:21.760Z,2220.000,9,897.000,Elp1NMBI12RMuA1d,1036.000,RghNkEQ73og/VlX2,1091.000,kJub+myNVnivJPH0,1133.000,bMnaMQqFkOGHDp0m,1160.000,376MU2u+8SnuxMQc,2156.000,j6cPpRGMZFLjdI+l,2180.000,UZJgGqNAd1DJ7a5N,2250.000,BupgNPzH9jc0Eppp,2386.000,saIe+uO82j5dyZ0p,,
5,90,2026-04-04T02:27:23.980Z,1424.000,9,1011.000,j6cPpRGMZFLjdI+l,1162.000,bMnaMQqFkOGHDp0m,1187.000,RghNkEQ73og/VlX2,1250.000,Elp1NMBI12RMuA1d,1309.000,saIe+uO82j5dyZ0p,1342.000,UZJgGqNAd1DJ7a5N,1396.000,376MU2u+8SnuxMQc,1472.000,kJub+myNVnivJPH0,1805.000,BupgNPzH9jc0Eppp,,
5,91,2026-04-04T02:27:25.404Z,1568.000,9,1077.000,kJub+myNVnivJPH0,1107.000,UZJgGqNAd1DJ7a5N,1169.000,RghNkEQ73og/VlX2,1333.000,376MU2u+8SnuxMQc,1399.000,BupgNPzH9jc0Eppp,1440.000,Elp1NMBI12RMuA1d,1539.000,j6cPpRGMZFLjdI+l,1607.000,saIe+uO82j5dyZ0p,1795.000,bMnaMQqFkOGHDp0m,,
5,92,2026-04-04T02:27:26.972Z,1480.000,9,1014.000,RghNkEQ73og/VlX2,1170.000,j6cPpRGMZFLjdI+l,1200.000,376MU2u+8SnuxMQc,1320.000,BupgNPzH9jc0Eppp,1349.000,UZJgGqNAd1DJ7a5N,1423.000,saIe+uO82j5dyZ0p,1452.000,Elp1NMBI12RMuA1d,1518.000,bMnaMQqFkOGHDp0m,1646.000,kJub+myNVnivJPH0,,
5,93,2026-04-04T02:27:28.452Z,1222.000,9,914.000,RghNkEQ73og/VlX2,967.000,BupgNPzH9jc0Eppp,993.000,UZJgGqNAd1DJ7a5N,1054.000,kJub+myNVnivJPH0,1083.000,Elp1NMBI12RMuA1d,1165.000,bMnaMQqFkOGHDp0m,1190.000,376MU2u+8SnuxMQc,1263.000,j6cPpRGMZFLjdI+l,1395.000,saIe+uO82j5dyZ0p,,
5,94,2026-04-04T02:27:29.674Z,1255.000,9,841.000,RghNkEQ73og/VlX2,895.000,kJub+myNVnivJPH0,916.000,Elp1NMBI12RMuA1d,1082.000,376MU2u+8SnuxMQc,1136.000,j6cPpRGMZFLjdI+l,1186.000,bMnaMQqFkOGHDp0m,1239.000,saIe+uO82j5dyZ0p,1286.000,BupgNPzH9jc0Eppp,1390.000,UZJgGqNAd1DJ7a5N,,
5,95,2026-04-04T02:27:30.929Z,984.000,9,654.000,RghNkEQ73og/VlX2,775.000,UZJgGqNAd1DJ7a5N,803.000,Elp1NMBI12RMuA1d,839.000,bMnaMQqFkOGHDp0m,883.000,kJub+myNVnivJPH0,926.000,BupgNPzH9jc0Eppp,948.000,376MU2u+8SnuxMQc,1085.000,j6cPpRGMZFLjdI+l,2429.000,saIe+uO82j5dyZ0p,,
5,96,2026-04-04T02:27:31.913Z,1918.000,9,1624.000,RghNkEQ73og/VlX2,1672.000,UZJgGqNAd1DJ7a5N,1702.000,kJub+myNVnivJPH0,1736.000,j6cPpRGMZFLjdI+l,1771.000,bMnaMQqFkOGHDp0m,1828.000,saIe+uO82j5dyZ0p,1851.000,Elp1NMBI12RMuA1d,1956.000,BupgNPzH9jc0Eppp,2344.000,376MU2u+8SnuxMQc,,
5,97,2026-04-04T02:27:33.831Z,1316.000,9,970.000,RghNkEQ73og/VlX2,1011.000,UZJgGqNAd1DJ7a5N,1046.000,Elp1NMBI12RMuA1d,1103.000,j6cPpRGMZFLjdI+l,1162.000,saIe+uO82j5dyZ0p,1212.000,bMnaMQqFkOGHDp0m,1292.000,kJub+myNVnivJPH0,1350.000,BupgNPzH9jc0Eppp,1468.000,376MU2u+8SnuxMQc,,
5,98,2026-04-04T02:27:35.147Z,1395.000,9,819.000,RghNkEQ73og/VlX2,881.000,UZJgGqNAd1DJ7a5N,927.000,Elp1NMBI12RMuA1d,1218.000,376MU2u+8SnuxMQc,1280.000,bMnaMQqFkOGHDp0m,1328.000,j6cPpRGMZFLjdI+l,1376.000,saIe+uO82j5dyZ0p,1544.000,BupgNPzH9jc0Eppp,3511.000,kJub+myNVnivJPH0,,
5,99,2026-04-04T02:27:36.542Z,976.000,8,736.000,RghNkEQ73og/VlX2,769.000,UZJgGqNAd1DJ7a5N,789.000,Elp1NMBI12RMuA1d,806.000,376MU2u+8SnuxMQc,851.000,BupgNPzH9jc0Eppp,905.000,saIe+uO82j5dyZ0p,957.000,j6cPpRGMZFLjdI+l,1008.000,bMnaMQqFkOGHDp0m,,,,
5,100,2026-04-04T02:27:37.518Z,936.000,8,640.000,j6cPpRGMZFLjdI+l,658.000,Elp1NMBI12RMuA1d,686.000,376MU2u+8SnuxMQc,705.000,UZJgGqNAd1DJ7a5N,718.000,RghNkEQ73og/VlX2,792.000,saIe+uO82j5dyZ0p,916.000,bMnaMQqFkOGHDp0m,962.000,BupgNPzH9jc0Eppp,,,,
5,101,2026-04-04T02:27:38.454Z,962.000,8,431.000,RghNkEQ73og/VlX2,529.000,BupgNPzH9jc0Eppp,546.000,UZJgGqNAd1DJ7a5N,563.000,376MU2u+8SnuxMQc,600.000,bMnaMQqFkOGHDp0m,910.000,Elp1NMBI12RMuA1d,951.000,j6cPpRGMZFLjdI+l,1304.000,saIe+uO82j5dyZ0p,,,,
5,102,2026-04-04T02:27:39.416Z,881.000,8,357.000,RghNkEQ73og/VlX2,603.000,Elp1NMBI12RMuA1d,637.000,UZJgGqNAd1DJ7a5N,670.000,j6cPpRGMZFLjdI+l,686.000,376MU2u+8SnuxMQc,830.000,saIe+uO82j5dyZ0p,870.000,bMnaMQqFkOGHDp0m,911.000,BupgNPzH9jc0Eppp,,,,
5,103,2026-04-04T02:27:40.297Z,847.000,8,583.000,RghNkEQ73og/VlX2,638.000,BupgNPzH9jc0Eppp,659.000,Elp1NMBI12RMuA1d,725.000,bMnaMQqFkOGHDp0m,739.000,UZJgGqNAd1DJ7a5N,807.000,saIe+uO82j5dyZ0p,822.000,376MU2u+8SnuxMQc,888.000,j6cPpRGMZFLjdI+l,,,,
5,104,2026-04-04T02:27:41.144Z,861.000,8,656.000,UZJgGqNAd1DJ7a5N,713.000,bMnaMQqFkOGHDp0m,726.000,RghNkEQ73og/VlX2,777.000,j6cPpRGMZFLjdI+l,791.000,Elp1NMBI12RMuA1d,827.000,saIe+uO82j5dyZ0p,840.000,376MU2u+8SnuxMQc,1012.000,BupgNPzH9jc0Eppp,,,,
5,105,2026-04-04T02:27:42.005Z,641.000,8,487.000,376MU2u+8SnuxMQc,506.000,Elp1NMBI12RMuA1d,520.000,UZJgGqNAd1DJ7a5N,550.000,j6cPpRGMZFLjdI+l,565.000,RghNkEQ73og/VlX2,601.000,BupgNPzH9jc0Eppp,633.000,saIe+uO82j5dyZ0p,740.000,bMnaMQqFkOGHDp0m,,,,
5,106,2026-04-04T02:27:42.646Z,628.000,8,352.000,RghNkEQ73og/VlX2,421.000,376MU2u+8SnuxMQc,437.000,UZJgGqNAd1DJ7a5N,545.000,BupgNPzH9jc0Eppp,579.000,saIe+uO82j5dyZ0p,603.000,bMnaMQqFkOGHDp0m,616.000,Elp1NMBI12RMuA1d,785.000,j6cPpRGMZFLjdI+l,,,,
5,107,2026-04-04T02:27:43.274Z,631.000,8,296.000,RghNkEQ73og/VlX2,324.000,376MU2u+8SnuxMQc,446.000,BupgNPzH9jc0Eppp,457.000,UZJgGqNAd1DJ7a5N,480.000,bMnaMQqFkOGHDp0m,559.000,Elp1NMBI12RMuA1d,622.000,j6cPpRGMZFLjdI+l,1058.000,saIe+uO82j5dyZ0p,,,,
5,108,2026-04-04T02:27:43.905Z,844.000,8,368.000,j6cPpRGMZFLjdI+l,491.000,RghNkEQ73og/VlX2,510.000,UZJgGqNAd1DJ7a5N,746.000,Elp1NMBI12RMuA1d,769.000,bMnaMQqFkOGHDp0m,778.000,376MU2u+8SnuxMQc,835.000,BupgNPzH9jc0Eppp,1150.000,saIe+uO82j5dyZ0p,,,,
5,109,2026-04-04T02:27:44.749Z,674.000,8,434.000,UZJgGqNAd1DJ7a5N,534.000,j6cPpRGMZFLjdI+l,552.000,Elp1NMBI12RMuA1d,601.000,BupgNPzH9jc0Eppp,614.000,RghNkEQ73og/VlX2,641.000,376MU2u+8SnuxMQc,666.000,saIe+uO82j5dyZ0p,694.000,bMnaMQqFkOGHDp0m,,,,
5,110,2026-04-04T02:27:45.423Z,816.000,8,294.000,376MU2u+8SnuxMQc,311.000,Elp1NMBI12RMuA1d,366.000,BupgNPzH9jc0Eppp,625.000,RghNkEQ73og/VlX2,670.000,bMnaMQqFkOGHDp0m,759.000,saIe+uO82j5dyZ0p,807.000,j6cPpRGMZFLjdI+l,1832.000,UZJgGqNAd1DJ7a5N,,,,
5,111,2026-04-04T02:27:46.239Z,1559.000,8,1224.000,RghNkEQ73og/VlX2,1280.000,j6cPpRGMZFLjdI+l,1406.000,UZJgGqNAd1DJ7a5N,1422.000,376MU2u+8SnuxMQc,1476.000,BupgNPzH9jc0Eppp,1494.000,Elp1NMBI12RMuA1d,1548.000,saIe+uO82j5dyZ0p,2041.000,bMnaMQqFkOGHDp0m,,,,
5,112,2026-04-04T02:27:47.798Z,1092.000,8,645.000,RghNkEQ73og/VlX2,720.000,UZJgGqNAd1DJ7a5N,778.000,376MU2u+8SnuxMQc,813.000,Elp1NMBI12RMuA1d,897.000,saIe+uO82j5dyZ0p,930.000,bMnaMQqFkOGHDp0m,1069.000,BupgNPzH9jc0Eppp,1365.000,j6cPpRGMZFLjdI+l,,,,
5,113,2026-04-04T02:27:48.890Z,1025.000,8,535.000,RghNkEQ73og/VlX2,585.000,bMnaMQqFkOGHDp0m,730.000,376MU2u+8SnuxMQc,766.000,Elp1NMBI12RMuA1d,800.000,BupgNPzH9jc0Eppp,905.000,j6cPpRGMZFLjdI+l,988.000,UZJgGqNAd1DJ7a5N,1054.000,saIe+uO82j5dyZ0p,,,,
5,114,2026-04-04T02:27:49.915Z,991.000,8,485.000,UZJgGqNAd1DJ7a5N,530.000,RghNkEQ73og/VlX2,545.000,376MU2u+8SnuxMQc,560.000,Elp1NMBI12RMuA1d,764.000,j6cPpRGMZFLjdI+l,939.000,saIe+uO82j5dyZ0p,979.000,BupgNPzH9jc0Eppp,1017.000,bMnaMQqFkOGHDp0m,,,,
5,115,2026-04-04T02:27:50.906Z,990.000,8,460.000,UZJgGqNAd1DJ7a5N,522.000,RghNkEQ73og/VlX2,613.000,bMnaMQqFkOGHDp0m,641.000,Elp1NMBI12RMuA1d,656.000,376MU2u+8SnuxMQc,682.000,saIe+uO82j5dyZ0p,972.000,j6cPpRGMZFLjdI+l,1643.000,BupgNPzH9jc0Eppp,,,,
5,116,2026-04-04T02:27:51.896Z,875.000,8,390.000,376MU2u+8SnuxMQc,401.000,UZJgGqNAd1DJ7a5N,411.000,Elp1NMBI12RMuA1d,417.000,RghNkEQ73og/VlX2,502.000,bMnaMQqFkOGHDp0m,531.000,saIe+uO82j5dyZ0p,846.000,j6cPpRGMZFLjdI+l,1717.000,BupgNPzH9jc0Eppp,,,,
5,117,2026-04-04T02:27:52.771Z,1280.000,8,660.000,376MU2u+8SnuxMQc,718.000,UZJgGqNAd1DJ7a5N,751.000,bMnaMQqFkOGHDp0m,781.000,saIe+uO82j5dyZ0p,792.000,RghNkEQ73og/VlX2,810.000,Elp1NMBI12RMuA1d,1708.000,BupgNPzH9jc0Eppp,1536.000,j6cPpRGMZFLjdI+l,,,,
5,118,2026-04-04T02:27:54.051Z,1967.000,7,353.000,UZJgGqNAd1DJ7a5N,446.000,376MU2u+8SnuxMQc,508.000,saIe+uO82j5dyZ0p,526.000,Elp1NMBI12RMuA1d,614.000,RghNkEQ73og/VlX2,673.000,bMnaMQqFkOGHDp0m,2244.000,BupgNPzH9jc0Eppp,,,,,,
5,119,2026-04-04T02:27:56.018Z,4245.000,8,862.000,UZJgGqNAd1DJ7a5N,887.000,376MU2u+8SnuxMQc,1152.000,saIe+uO82j5dyZ0p,1293.000,bMnaMQqFkOGHDp0m,1592.000,RghNkEQ73og/VlX2,2294.000,Elp1NMBI12RMuA1d,28744.000,BupgNPzH9jc0Eppp,5422.000,j6cPpRGMZFLjdI+l,,,,
5,120,2026-04-04T02:28:00.263Z,,0,,,,,,,,,,,,,,,,,,,,
6,1,2026-04-04T02:26:04.924Z,4927.000,7,882.000,376MU2u+8SnuxMQc,1220.000,j6cPpRGMZFLjdI+l,2617.000,RghNkEQ73og/VlX2,2672.000,BupgNPzH9jc0Eppp,3702.000,kpmavFL5xFvBXmeS,4889.000,bMnaMQqFkOGHDp0m,4927.000,kJub+myNVnivJPH0,,,,,,
6,2,2026-04-04T02:26:09.851Z,700.000,8,366.000,kJub+myNVnivJPH0,368.000,376MU2u+8SnuxMQc,369.000,j6cPpRGMZFLjdI+l,370.000,BupgNPzH9jc0Eppp,407.000,RghNkEQ73og/VlX2,412.000,kpmavFL5xFvBXmeS,700.000,bMnaMQqFkOGHDp0m,1027.000,Elp1NMBI12RMuA1d,,,,
6,3,2026-04-04T02:26:10.551Z,653.000,9,400.000,kJub+myNVnivJPH0,405.000,BupgNPzH9jc0Eppp,407.000,j6cPpRGMZFLjdI+l,408.000,RghNkEQ73og/VlX2,413.000,376MU2u+8SnuxMQc,437.000,kpmavFL5xFvBXmeS,653.000,saIe+uO82j5dyZ0p,680.000,bMnaMQqFkOGHDp0m,697.000,Elp1NMBI12RMuA1d,,
6,4,2026-04-04T02:26:11.204Z,428.000,10,306.000,saIe+uO82j5dyZ0p,309.000,BupgNPzH9jc0Eppp,310.000,376MU2u+8SnuxMQc,318.000,j6cPpRGMZFLjdI+l,389.000,kpmavFL5xFvBXmeS,427.000,bMnaMQqFkOGHDp0m,428.000,RghNkEQ73og/VlX2,434.000,kJub+myNVnivJPH0,532.000,Elp1NMBI12RMuA1d,782.000,UZJgGqNAd1DJ7a5N
6,5,2026-04-04T02:26:11.632Z,412.000,10,329.000,kpmavFL5xFvBXmeS,370.000,Elp1NMBI12RMuA1d,404.000,BupgNPzH9jc0Eppp,405.000,376MU2u+8SnuxMQc,406.000,j6cPpRGMZFLjdI+l,409.000,saIe+uO82j5dyZ0p,412.000,RghNkEQ73og/VlX2,414.000,kJub+myNVnivJPH0,456.000,bMnaMQqFkOGHDp0m,649.000,UZJgGqNAd1DJ7a5N
6,6,2026-04-04T02:26:12.044Z,404.000,10,324.000,kpmavFL5xFvBXmeS,369.000,Elp1NMBI12RMuA1d,396.000,j6cPpRGMZFLjdI+l,398.000,BupgNPzH9jc0Eppp,400.000,saIe+uO82j5dyZ0p,403.000,RghNkEQ73og/VlX2,404.000,376MU2u+8SnuxMQc,405.000,kJub+myNVnivJPH0,444.000,bMnaMQqFkOGHDp0m,496.000,UZJgGqNAd1DJ7a5N
6,7,2026-04-04T02:26:12.448Z,411.000,10,331.000,kpmavFL5xFvBXmeS,374.000,Elp1NMBI12RMuA1d,397.000,UZJgGqNAd1DJ7a5N,401.000,RghNkEQ73og/VlX2,408.000,BupgNPzH9jc0Eppp,410.000,saIe+uO82j5dyZ0p,411.000,j6cPpRGMZFLjdI+l,413.000,kJub+myNVnivJPH0,415.000,bMnaMQqFkOGHDp0m,417.000,376MU2u+8SnuxMQc
6,8,2026-04-04T02:26:12.859Z,403.000,10,324.000,kpmavFL5xFvBXmeS,393.000,kJub+myNVnivJPH0,398.000,j6cPpRGMZFLjdI+l,399.000,saIe+uO82j5dyZ0p,400.000,BupgNPzH9jc0Eppp,402.000,UZJgGqNAd1DJ7a5N,403.000,RghNkEQ73og/VlX2,404.000,376MU2u+8SnuxMQc,406.000,bMnaMQqFkOGHDp0m,442.000,Elp1NMBI12RMuA1d
6,9,2026-04-04T02:26:13.262Z,409.000,10,327.000,kpmavFL5xFvBXmeS,400.000,saIe+uO82j5dyZ0p,401.000,RghNkEQ73og/VlX2,406.000,kJub+myNVnivJPH0,407.000,j6cPpRGMZFLjdI+l,408.000,BupgNPzH9jc0Eppp,409.000,bMnaMQqFkOGHDp0m,413.000,376MU2u+8SnuxMQc,440.000,Elp1NMBI12RMuA1d,441.000,UZJgGqNAd1DJ7a5N
6,10,2026-04-04T02:26:13.671Z,401.000,10,326.000,kpmavFL5xFvBXmeS,365.000,Elp1NMBI12RMuA1d,367.000,UZJgGqNAd1DJ7a5N,396.000,376MU2u+8SnuxMQc,398.000,saIe+uO82j5dyZ0p,399.000,j6cPpRGMZFLjdI+l,401.000,bMnaMQqFkOGHDp0m,405.000,RghNkEQ73og/VlX2,407.000,kJub+myNVnivJPH0,415.000,BupgNPzH9jc0Eppp
6,11,2026-04-04T02:26:14.072Z,411.000,10,327.000,kpmavFL5xFvBXmeS,369.000,UZJgGqNAd1DJ7a5N,405.000,bMnaMQqFkOGHDp0m,407.000,Elp1NMBI12RMuA1d,408.000,saIe+uO82j5dyZ0p,409.000,376MU2u+8SnuxMQc,410.000,j6cPpRGMZFLjdI+l,412.000,RghNkEQ73og/VlX2,413.000,kJub+myNVnivJPH0,414.000,BupgNPzH9jc0Eppp
6,12,2026-04-04T02:26:14.483Z,404.000,10,322.000,kpmavFL5xFvBXmeS,390.000,RghNkEQ73og/VlX2,397.000,saIe+uO82j5dyZ0p,400.000,376MU2u+8SnuxMQc,401.000,bMnaMQqFkOGHDp0m,403.000,BupgNPzH9jc0Eppp,404.000,j6cPpRGMZFLjdI+l,405.000,Elp1NMBI12RMuA1d,407.000,kJub+myNVnivJPH0,445.000,UZJgGqNAd1DJ7a5N
6,13,2026-04-04T02:26:14.887Z,405.000,10,324.000,kpmavFL5xFvBXmeS,362.000,UZJgGqNAd1DJ7a5N,394.000,Elp1NMBI12RMuA1d,399.000,376MU2u+8SnuxMQc,401.000,RghNkEQ73og/VlX2,403.000,bMnaMQqFkOGHDp0m,404.000,BupgNPzH9jc0Eppp,406.000,j6cPpRGMZFLjdI+l,407.000,kJub+myNVnivJPH0,412.000,saIe+uO82j5dyZ0p
6,14,2026-04-04T02:26:15.292Z,405.000,10,322.000,kpmavFL5xFvBXmeS,398.000,bMnaMQqFkOGHDp0m,399.000,BupgNPzH9jc0Eppp,400.000,376MU2u+8SnuxMQc,401.000,kJub+myNVnivJPH0,403.000,j6cPpRGMZFLjdI+l,405.000,saIe+uO82j5dyZ0p,406.000,UZJgGqNAd1DJ7a5N,407.000,Elp1NMBI12RMuA1d,410.000,RghNkEQ73og/VlX2
6,15,2026-04-04T02:26:15.697Z,409.000,10,325.000,kpmavFL5xFvBXmeS,402.000,saIe+uO82j5dyZ0p,404.000,Elp1NMBI12RMuA1d,405.000,bMnaMQqFkOGHDp0m,406.000,UZJgGqNAd1DJ7a5N,407.000,kJub+myNVnivJPH0,409.000,RghNkEQ73og/VlX2,410.000,j6cPpRGMZFLjdI+l,411.000,376MU2u+8SnuxMQc,413.000,BupgNPzH9jc0Eppp
6,16,2026-04-04T02:26:16.106Z,406.000,10,322.000,kpmavFL5xFvBXmeS,397.000,BupgNPzH9jc0Eppp,400.000,376MU2u+8SnuxMQc,402.000,RghNkEQ73og/VlX2,404.000,j6cPpRGMZFLjdI+l,405.000,kJub+myNVnivJPH0,406.000,UZJgGqNAd1DJ7a5N,407.000,Elp1NMBI12RMuA1d,410.000,saIe+uO82j5dyZ0p,411.000,bMnaMQqFkOGHDp0m
6,17,2026-04-04T02:26:16.512Z,405.000,10,322.000,kpmavFL5xFvBXmeS,396.000,BupgNPzH9jc0Eppp,398.000,bMnaMQqFkOGHDp0m,401.000,Elp1NMBI12RMuA1d,403.000,saIe+uO82j5dyZ0p,404.000,RghNkEQ73og/VlX2,405.000,j6cPpRGMZFLjdI+l,406.000,376MU2u+8SnuxMQc,408.000,kJub+myNVnivJPH0,409.000,UZJgGqNAd1DJ7a5N
6,18,2026-04-04T02:26:16.917Z,406.000,10,323.000,kpmavFL5xFvBXmeS,396.000,Elp1NMBI12RMuA1d,398.000,UZJgGqNAd1DJ7a5N,399.000,kJub+myNVnivJPH0,400.000,BupgNPzH9jc0Eppp,402.000,376MU2u+8SnuxMQc,406.000,saIe+uO82j5dyZ0p,407.000,j6cPpRGMZFLjdI+l,408.000,RghNkEQ73og/VlX2,413.000,bMnaMQqFkOGHDp0m
6,19,2026-04-04T02:26:17.323Z,409.000,10,325.000,kpmavFL5xFvBXmeS,402.000,BupgNPzH9jc0Eppp,403.000,kJub+myNVnivJPH0,405.000,Elp1NMBI12RMuA1d,406.000,bMnaMQqFkOGHDp0m,407.000,UZJgGqNAd1DJ7a5N,409.000,j6cPpRGMZFLjdI+l,410.000,RghNkEQ73og/VlX2,411.000,376MU2u+8SnuxMQc,412.000,saIe+uO82j5dyZ0p
6,20,2026-04-04T02:26:17.732Z,404.000,10,322.000,kpmavFL5xFvBXmeS,396.000,kJub+myNVnivJPH0,398.000,j6cPpRGMZFLjdI+l,399.000,RghNkEQ73og/VlX2,401.000,saIe+uO82j5dyZ0p,402.000,UZJgGqNAd1DJ7a5N,404.000,BupgNPzH9jc0Eppp,405.000,376MU2u+8SnuxMQc,408.000,Elp1NMBI12RMuA1d,415.000,bMnaMQqFkOGHDp0m
6,21,2026-04-04T02:26:18.136Z,407.000,10,325.000,kpmavFL5xFvBXmeS,393.000,UZJgGqNAd1DJ7a5N,398.000,j6cPpRGMZFLjdI+l,400.000,saIe+uO82j5dyZ0p,401.000,376MU2u+8SnuxMQc,405.000,BupgNPzH9jc0Eppp,407.000,Elp1NMBI12RMuA1d,409.000,RghNkEQ73og/VlX2,410.000,kJub+myNVnivJPH0,411.000,bMnaMQqFkOGHDp0m
6,22,2026-04-04T02:26:18.543Z,403.000,10,321.000,kpmavFL5xFvBXmeS,397.000,Elp1NMBI12RMuA1d,399.000,j6cPpRGMZFLjdI+l,400.000,saIe+uO82j5dyZ0p,401.000,RghNkEQ73og/VlX2,402.000,UZJgGqNAd1DJ7a5N,403.000,376MU2u+8SnuxMQc,404.000,kJub+myNVnivJPH0,407.000,bMnaMQqFkOGHDp0m,408.000,BupgNPzH9jc0Eppp
6,23,2026-04-04T02:26:18.946Z,410.000,10,327.000,kpmavFL5xFvBXmeS,406.000,BupgNPzH9jc0Eppp,407.000,bMnaMQqFkOGHDp0m,408.000,UZJgGqNAd1DJ7a5N,408.000,376MU2u+8SnuxMQc,409.000,kJub+myNVnivJPH0,410.000,j6cPpRGMZFLjdI+l,410.000,saIe+uO82j5dyZ0p,411.000,Elp1NMBI12RMuA1d,412.000,RghNkEQ73og/VlX2
6,24,2026-04-04T02:26:19.356Z,407.000,10,321.000,kpmavFL5xFvBXmeS,396.000,UZJgGqNAd1DJ7a5N,398.000,BupgNPzH9jc0Eppp,402.000,RghNkEQ73og/VlX2,404.000,j6cPpRGMZFLjdI+l,405.000,saIe+uO82j5dyZ0p,407.000,bMnaMQqFkOGHDp0m,408.000,376MU2u+8SnuxMQc,409.000,Elp1NMBI12RMuA1d,410.000,kJub+myNVnivJPH0
6,25,2026-04-04T02:26:19.763Z,405.000,10,322.000,kpmavFL5xFvBXmeS,393.000,kJub+myNVnivJPH0,399.000,376MU2u+8SnuxMQc,401.000,saIe+uO82j5dyZ0p,402.000,RghNkEQ73og/VlX2,403.000,BupgNPzH9jc0Eppp,405.000,UZJgGqNAd1DJ7a5N,406.000,Elp1NMBI12RMuA1d,407.000,j6cPpRGMZFLjdI+l,412.000,bMnaMQqFkOGHDp0m
6,26,2026-04-04T02:26:20.168Z,406.000,10,324.000,kpmavFL5xFvBXmeS,398.000,Elp1NMBI12RMuA1d,399.000,saIe+uO82j5dyZ0p,401.000,kJub+myNVnivJPH0,403.000,RghNkEQ73og/VlX2,404.000,BupgNPzH9jc0Eppp,405.000,376MU2u+8SnuxMQc,407.000,bMnaMQqFkOGHDp0m,408.000,j6cPpRGMZFLjdI+l,409.000,UZJgGqNAd1DJ7a5N
6,27,2026-04-04T02:26:20.574Z,406.000,10,322.000,kpmavFL5xFvBXmeS,396.000,UZJgGqNAd1DJ7a5N,401.000,BupgNPzH9jc0Eppp,402.000,bMnaMQqFkOGHDp0m,404.000,376MU2u+8SnuxMQc,405.000,Elp1NMBI12RMuA1d,406.000,kJub+myNVnivJPH0,407.000,saIe+uO82j5dyZ0p,409.000,j6cPpRGMZFLjdI+l,410.000,RghNkEQ73og/VlX2
6,28,2026-04-04T02:26:20.980Z,404.000,10,322.000,kpmavFL5xFvBXmeS,397.000,Elp1NMBI12RMuA1d,399.000,bMnaMQqFkOGHDp0m,400.000,j6cPpRGMZFLjdI+l,401.000,BupgNPzH9jc0Eppp,402.000,saIe+uO82j5dyZ0p,404.000,RghNkEQ73og/VlX2,405.000,UZJgGqNAd1DJ7a5N,412.000,kJub+myNVnivJPH0,414.000,376MU2u+8SnuxMQc
6,29,2026-04-04T02:26:21.384Z,409.000,10,326.000,kpmavFL5xFvBXmeS,402.000,saIe+uO82j5dyZ0p,403.000,BupgNPzH9jc0Eppp,405.000,kJub+myNVnivJPH0,406.000,bMnaMQqFkOGHDp0m,407.000,Elp1NMBI12RMuA1d,408.000,376MU2u+8SnuxMQc,410.000,UZJgGqNAd1DJ7a5N,411.000,RghNkEQ73og/VlX2,412.000,j6cPpRGMZFLjdI+l
6,30,2026-04-04T02:26:21.793Z,403.000,10,323.000,kpmavFL5xFvBXmeS,396.000,Elp1NMBI12RMuA1d,398.000,j6cPpRGMZFLjdI+l,399.000,saIe+uO82j5dyZ0p,400.000,kJub+myNVnivJPH0,402.000,bMnaMQqFkOGHDp0m,403.000,BupgNPzH9jc0Eppp,405.000,RghNkEQ73og/VlX2,406.000,UZJgGqNAd1DJ7a5N,408.000,376MU2u+8SnuxMQc
6,31,2026-04-04T02:26:22.196Z,410.000,10,327.000,kpmavFL5xFvBXmeS,401.000,BupgNPzH9jc0Eppp,404.000,UZJgGqNAd1DJ7a5N,406.000,RghNkEQ73og/VlX2,407.000,Elp1NMBI12RMuA1d,408.000,kJub+myNVnivJPH0,409.000,j6cPpRGMZFLjdI+l,411.000,saIe+uO82j5dyZ0p,415.000,376MU2u+8SnuxMQc,417.000,bMnaMQqFkOGHDp0m
6,32,2026-04-04T02:26:22.606Z,408.000,10,324.000,kpmavFL5xFvBXmeS,398.000,saIe+uO82j5dyZ0p,400.000,Elp1NMBI12RMuA1d,401.000,RghNkEQ73og/VlX2,403.000,BupgNPzH9jc0Eppp,406.000,bMnaMQqFkOGHDp0m,408.000,UZJgGqNAd1DJ7a5N,410.000,j6cPpRGMZFLjdI+l,411.000,376MU2u+8SnuxMQc,412.000,kJub+myNVnivJPH0
6,33,2026-04-04T02:26:23.014Z,406.000,10,325.000,kpmavFL5xFvBXmeS,398.000,j6cPpRGMZFLjdI+l,400.000,UZJgGqNAd1DJ7a5N,401.000,kJub+myNVnivJPH0,403.000,376MU2u+8SnuxMQc,404.000,saIe+uO82j5dyZ0p,406.000,bMnaMQqFkOGHDp0m,409.000,BupgNPzH9jc0Eppp,410.000,Elp1NMBI12RMuA1d,412.000,RghNkEQ73og/VlX2
6,34,2026-04-04T02:26:23.420Z,406.000,10,325.000,kpmavFL5xFvBXmeS,398.000,saIe+uO82j5dyZ0p,400.000,376MU2u+8SnuxMQc,401.000,kJub+myNVnivJPH0,402.000,bMnaMQqFkOGHDp0m,403.000,Elp1NMBI12RMuA1d,406.000,UZJgGqNAd1DJ7a5N,408.000,j6cPpRGMZFLjdI+l,409.000,RghNkEQ73og/VlX2,414.000,BupgNPzH9jc0Eppp
6,35,2026-04-04T02:26:23.826Z,409.000,10,325.000,kpmavFL5xFvBXmeS,401.000,376MU2u+8SnuxMQc,403.000,j6cPpRGMZFLjdI+l,404.000,BupgNPzH9jc0Eppp,405.000,bMnaMQqFkOGHDp0m,406.000,RghNkEQ73og/VlX2,409.000,saIe+uO82j5dyZ0p,411.000,Elp1NMBI12RMuA1d,412.000,UZJgGqNAd1DJ7a5N,413.000,kJub+myNVnivJPH0
6,36,2026-04-04T02:26:24.235Z,405.000,10,323.000,kpmavFL5xFvBXmeS,393.000,RghNkEQ73og/VlX2,397.000,UZJgGqNAd1DJ7a5N,399.000,kJub+myNVnivJPH0,402.000,saIe+uO82j5dyZ0p,404.000,j6cPpRGMZFLjdI+l,405.000,376MU2u+8SnuxMQc,406.000,BupgNPzH9jc0Eppp,413.000,bMnaMQqFkOGHDp0m,421.000,Elp1NMBI12RMuA1d
6,37,2026-04-04T02:26:24.640Z,694.000,7,337.000,Elp1NMBI12RMuA1d,464.000,bMnaMQqFkOGHDp0m,506.000,RghNkEQ73og/VlX2,510.000,UZJgGqNAd1DJ7a5N,582.000,saIe+uO82j5dyZ0p,646.000,376MU2u+8SnuxMQc,693.000,j6cPpRGMZFLjdI+l,,,,,,
6,38,2026-04-04T02:26:25.334Z,653.000,9,431.000,RghNkEQ73og/VlX2,500.000,saIe+uO82j5dyZ0p,549.000,kJub+myNVnivJPH0,579.000,j6cPpRGMZFLjdI+l,586.000,376MU2u+8SnuxMQc,612.000,kpmavFL5xFvBXmeS,648.000,BupgNPzH9jc0Eppp,658.000,UZJgGqNAd1DJ7a5N,734.000,Elp1NMBI12RMuA1d,,
6,39,2026-04-04T02:26:25.987Z,797.000,10,553.000,Elp1NMBI12RMuA1d,584.000,kpmavFL5xFvBXmeS,646.000,BupgNPzH9jc0Eppp,687.000,saIe+uO82j5dyZ0p,711.000,kJub+myNVnivJPH0,725.000,UZJgGqNAd1DJ7a5N,782.000,j6cPpRGMZFLjdI+l,819.000,bMnaMQqFkOGHDp0m,898.000,376MU2u+8SnuxMQc,913.000,RghNkEQ73og/VlX2
6,40,2026-04-04T02:26:26.784Z,769.000,10,567.000,kpmavFL5xFvBXmeS,635.000,bMnaMQqFkOGHDp0m,672.000,kJub+myNVnivJPH0,696.000,BupgNPzH9jc0Eppp,720.000,saIe+uO82j5dyZ0p,740.000,j6cPpRGMZFLjdI+l,751.000,RghNkEQ73og/VlX2,773.000,376MU2u+8SnuxMQc,784.000,Elp1NMBI12RMuA1d,848.000,UZJgGqNAd1DJ7a5N
6,41,2026-04-04T02:26:27.553Z,889.000,10,585.000,kpmavFL5xFvBXmeS,703.000,bMnaMQqFkOGHDp0m,729.000,Elp1NMBI12RMuA1d,797.000,saIe+uO82j5dyZ0p,834.000,j6cPpRGMZFLjdI+l,850.000,376MU2u+8SnuxMQc,877.000,RghNkEQ73og/VlX2,893.000,UZJgGqNAd1DJ7a5N,922.000,kJub+myNVnivJPH0,1455.000,BupgNPzH9jc0Eppp
6,42,2026-04-04T02:26:28.442Z,1344.000,10,1090.000,bMnaMQqFkOGHDp0m,1107.000,376MU2u+8SnuxMQc,1137.000,kpmavFL5xFvBXmeS,1176.000,saIe+uO82j5dyZ0p,1244.000,kJub+myNVnivJPH0,1263.000,UZJgGqNAd1DJ7a5N,1330.000,j6cPpRGMZFLjdI+l,1348.000,RghNkEQ73og/VlX2,1408.000,BupgNPzH9jc0Eppp,1490.000,Elp1NMBI12RMuA1d
6,43,2026-04-04T02:26:29.786Z,1079.000,10,718.000,kpmavFL5xFvBXmeS,897.000,Elp1NMBI12RMuA1d,915.000,376MU2u+8SnuxMQc,951.000,j6cPpRGMZFLjdI+l,992.000,saIe+uO82j5dyZ0p,1032.000,bMnaMQqFkOGHDp0m,1069.000,BupgNPzH9jc0Eppp,1085.000,RghNkEQ73og/VlX2,1225.000,kJub+myNVnivJPH0,1245.000,UZJgGqNAd1DJ7a5N
6,44,2026-04-04T02:26:30.865Z,1167.000,10,843.000,kpmavFL5xFvBXmeS,924.000,RghNkEQ73og/VlX2,945.000,376MU2u+8SnuxMQc,1041.000,Elp1NMBI12RMuA1d,1062.000,UZJgGqNAd1DJ7a5N,1103.000,bMnaMQqFkOGHDp0m,1150.000,BupgNPzH9jc0Eppp,1213.000,kJub+myNVnivJPH0,1315.000,j6cPpRGMZFLjdI+l,1360.000,saIe+uO82j5dyZ0p
6,45,2026-04-04T02:26:32.032Z,1252.000,10,775.000,kpmavFL5xFvBXmeS,973.000,376MU2u+8SnuxMQc,1002.000,Elp1NMBI12RMuA1d,1051.000,j6cPpRGMZFLjdI+l,1123.000,RghNkEQ73og/VlX2,1166.000,UZJgGqNAd1DJ7a5N,1236.000,saIe+uO82j5dyZ0p,1296.000,bMnaMQqFkOGHDp0m,1586.000,kJub+myNVnivJPH0,1726.000,BupgNPzH9jc0Eppp
6,46,2026-04-04T02:26:33.284Z,1125.000,10,868.000,Elp1NMBI12RMuA1d,889.000,kpmavFL5xFvBXmeS,951.000,376MU2u+8SnuxMQc,1003.000,saIe+uO82j5dyZ0p,1045.000,kJub+myNVnivJPH0,1071.000,UZJgGqNAd1DJ7a5N,1112.000,RghNkEQ73og/VlX2,1155.000,bMnaMQqFkOGHDp0m,1267.000,j6cPpRGMZFLjdI+l,1442.000,BupgNPzH9jc0Eppp
6,47,2026-04-04T02:26:34.409Z,953.000,10,744.000,376MU2u+8SnuxMQc,796.000,bMnaMQqFkOGHDp0m,829.000,j6cPpRGMZFLjdI+l,863.000,kJub+myNVnivJPH0,878.000,kpmavFL5xFvBXmeS,922.000,BupgNPzH9jc0Eppp,941.000,Elp1NMBI12RMuA1d,957.000,UZJgGqNAd1DJ7a5N,1055.000,saIe+uO82j5dyZ0p,1071.000,RghNkEQ73og/VlX2
6,48,2026-04-04T02:26:35.362Z,1129.000,10,657.000,kpmavFL5xFvBXmeS,869.000,Elp1NMBI12RMuA1d,919.000,UZJgGqNAd1DJ7a5N,988.000,saIe+uO82j5dyZ0p,1012.000,376MU2u+8SnuxMQc,1075.000,kJub+myNVnivJPH0,1097.000,RghNkEQ73og/VlX2,1158.000,BupgNPzH9jc0Eppp,1254.000,bMnaMQqFkOGHDp0m,1294.000,j6cPpRGMZFLjdI+l
6,49,2026-04-04T02:26:36.491Z,922.000,10,715.000,Elp1NMBI12RMuA1d,734.000,kpmavFL5xFvBXmeS,817.000,saIe+uO82j5dyZ0p,836.000,UZJgGqNAd1DJ7a5N,879.000,j6cPpRGMZFLjdI+l,896.000,RghNkEQ73og/VlX2,913.000,376MU2u+8SnuxMQc,949.000,kJub+myNVnivJPH0,1039.000,BupgNPzH9jc0Eppp,1123.000,bMnaMQqFkOGHDp0m
6,50,2026-04-04T02:26:37.413Z,910.000,10,684.000,kpmavFL5xFvBXmeS,742.000,376MU2u+8SnuxMQc,765.000,Elp1NMBI12RMuA1d,781.000,RghNkEQ73og/VlX2,840.000,kJub+myNVnivJPH0,863.000,UZJgGqNAd1DJ7a5N,900.000,j6cPpRGMZFLjdI+l,1054.000,BupgNPzH9jc0Eppp,1090.000,bMnaMQqFkOGHDp0m,1243.000,saIe+uO82j5dyZ0p
6,51,2026-04-04T02:26:38.323Z,941.000,10,671.000,376MU2u+8SnuxMQc,703.000,kpmavFL5xFvBXmeS,775.000,UZJgGqNAd1DJ7a5N,837.000,saIe+uO82j5dyZ0p,861.000,Elp1NMBI12RMuA1d,899.000,bMnaMQqFkOGHDp0m,931.000,j6cPpRGMZFLjdI+l,970.000,kJub+myNVnivJPH0,1047.000,RghNkEQ73og/VlX2,1171.000,BupgNPzH9jc0Eppp
6,52,2026-04-04T02:26:39.264Z,935.000,10,685.000,kpmavFL5xFvBXmeS,708.000,Elp1NMBI12RMuA1d,771.000,bMnaMQqFkOGHDp0m,795.000,UZJgGqNAd1DJ7a5N,837.000,kJub+myNVnivJPH0,870.000,j6cPpRGMZFLjdI+l,919.000,saIe+uO82j5dyZ0p,953.000,BupgNPzH9jc0Eppp,1036.000,RghNkEQ73og/VlX2,1258.000,376MU2u+8SnuxMQc
6,53,2026-04-04T02:26:40.199Z,907.000,10,628.000,kpmavFL5xFvBXmeS,721.000,j6cPpRGMZFLjdI+l,804.000,kJub+myNVnivJPH0,823.000,Elp1NMBI12RMuA1d,858.000,saIe+uO82j5dyZ0p,875.000,UZJgGqNAd1DJ7a5N,898.000,376MU2u+8SnuxMQc,993.000,bMnaMQqFkOGHDp0m,1026.000,BupgNPzH9jc0Eppp,1207.000,RghNkEQ73og/VlX2
6,54,2026-04-04T02:26:41.106Z,1073.000,10,751.000,kpmavFL5xFvBXmeS,814.000,Elp1NMBI12RMuA1d,911.000,j6cPpRGMZFLjdI+l,948.000,kJub+myNVnivJPH0,981.000,saIe+uO82j5dyZ0p,1014.000,bMnaMQqFkOGHDp0m,1049.000,UZJgGqNAd1DJ7a5N,1099.000,376MU2u+8SnuxMQc,1366.000,BupgNPzH9jc0Eppp,1748.000,RghNkEQ73og/VlX2
6,55,2026-04-04T02:26:42.179Z,1071.000,10,747.000,saIe+uO82j5dyZ0p,764.000,kpmavFL5xFvBXmeS,919.000,j6cPpRGMZFLjdI+l,939.000,376MU2u+8SnuxMQc,998.000,bMnaMQqFkOGHDp0m,1017.000,Elp1NMBI12RMuA1d,1057.000,kJub+myNVnivJPH0,1079.000,UZJgGqNAd1DJ7a5N,1310.000,BupgNPzH9jc0Eppp,1766.000,RghNkEQ73og/VlX2
6,56,2026-04-04T02:26:43.250Z,957.000,10,637.000,kJub+myNVnivJPH0,655.000,kpmavFL5xFvBXmeS,721.000,Elp1NMBI12RMuA1d,781.000,UZJgGqNAd1DJ7a5N,793.000,376MU2u+8SnuxMQc,903.000,j6cPpRGMZFLjdI+l,943.000,saIe+uO82j5dyZ0p,1213.000,bMnaMQqFkOGHDp0m,1325.000,BupgNPzH9jc0Eppp,1824.000,RghNkEQ73og/VlX2
6,57,2026-04-04T02:26:44.207Z,1142.000,10,568.000,kpmavFL5xFvBXmeS,749.000,376MU2u+8SnuxMQc,807.000,j6cPpRGMZFLjdI+l,824.000,UZJgGqNAd1DJ7a5N,979.000,Elp1NMBI12RMuA1d,1088.000,kJub+myNVnivJPH0,1130.000,saIe+uO82j5dyZ0p,1566.000,BupgNPzH9jc0Eppp,1733.000,bMnaMQqFkOGHDp0m,1943.000,RghNkEQ73og/VlX2
6,58,2026-04-04T02:26:45.349Z,970.000,10,683.000,kpmavFL5xFvBXmeS,706.000,Elp1NMBI12RMuA1d,735.000,376MU2u+8SnuxMQc,780.000,saIe+uO82j5dyZ0p,902.000,kJub+myNVnivJPH0,924.000,UZJgGqNAd1DJ7a5N,958.000,j6cPpRGMZFLjdI+l,1415.000,BupgNPzH9jc0Eppp,1455.000,bMnaMQqFkOGHDp0m,1861.000,RghNkEQ73og/VlX2
6,59,2026-04-04T02:26:46.319Z,865.000,9,415.000,UZJgGqNAd1DJ7a5N,585.000,kJub+myNVnivJPH0,618.000,j6cPpRGMZFLjdI+l,693.000,kpmavFL5xFvBXmeS,721.000,Elp1NMBI12RMuA1d,776.000,saIe+uO82j5dyZ0p,849.000,376MU2u+8SnuxMQc,1219.000,bMnaMQqFkOGHDp0m,1263.000,BupgNPzH9jc0Eppp,,
6,60,2026-04-04T02:26:47.184Z,1091.000,9,681.000,kpmavFL5xFvBXmeS,871.000,376MU2u+8SnuxMQc,917.000,UZJgGqNAd1DJ7a5N,970.000,saIe+uO82j5dyZ0p,986.000,Elp1NMBI12RMuA1d,1039.000,j6cPpRGMZFLjdI+l,1078.000,kJub+myNVnivJPH0,1564.000,bMnaMQqFkOGHDp0m,1752.000,BupgNPzH9jc0Eppp,,
6,61,2026-04-04T02:26:48.275Z,1124.000,10,901.000,kpmavFL5xFvBXmeS,951.000,saIe+uO82j5dyZ0p,988.000,j6cPpRGMZFLjdI+l,1032.000,Elp1NMBI12RMuA1d,1052.000,376MU2u+8SnuxMQc,1082.000,kJub+myNVnivJPH0,1100.000,UZJgGqNAd1DJ7a5N,1395.000,bMnaMQqFkOGHDp0m,1678.000,BupgNPzH9jc0Eppp,2828.000,RghNkEQ73og/VlX2
6,62,2026-04-04T02:26:49.399Z,1070.000,9,717.000,kpmavFL5xFvBXmeS,785.000,376MU2u+8SnuxMQc,824.000,Elp1NMBI12RMuA1d,842.000,UZJgGqNAd1DJ7a5N,972.000,kJub+myNVnivJPH0,1011.000,j6cPpRGMZFLjdI+l,1059.000,saIe+uO82j5dyZ0p,1092.000,bMnaMQqFkOGHDp0m,1665.000,BupgNPzH9jc0Eppp,,
6,63,2026-04-04T02:26:50.469Z,1157.000,9,937.000,kJub+myNVnivJPH0,956.000,kpmavFL5xFvBXmeS,1007.000,bMnaMQqFkOGHDp0m,1044.000,saIe+uO82j5dyZ0p,1063.000,Elp1NMBI12RMuA1d,1119.000,j6cPpRGMZFLjdI+l,1136.000,UZJgGqNAd1DJ7a5N,1163.000,376MU2u+8SnuxMQc,1670.000,BupgNPzH9jc0Eppp,,
6,64,2026-04-04T02:26:51.626Z,924.000,9,667.000,Elp1NMBI12RMuA1d,686.000,UZJgGqNAd1DJ7a5N,700.000,kpmavFL5xFvBXmeS,732.000,376MU2u+8SnuxMQc,836.000,j6cPpRGMZFLjdI+l,874.000,kJub+myNVnivJPH0,911.000,saIe+uO82j5dyZ0p,1228.000,bMnaMQqFkOGHDp0m,1268.000,BupgNPzH9jc0Eppp,,
6,65,2026-04-04T02:26:52.550Z,1078.000,9,775.000,kpmavFL5xFvBXmeS,893.000,j6cPpRGMZFLjdI+l,951.000,kJub+myNVnivJPH0,973.000,UZJgGqNAd1DJ7a5N,1011.000,saIe+uO82j5dyZ0p,1046.000,bMnaMQqFkOGHDp0m,1062.000,376MU2u+8SnuxMQc,1083.000,Elp1NMBI12RMuA1d,1172.000,BupgNPzH9jc0Eppp,,
6,66,2026-04-04T02:26:53.628Z,1001.000,9,657.000,kpmavFL5xFvBXmeS,765.000,UZJgGqNAd1DJ7a5N,806.000,bMnaMQqFkOGHDp0m,824.000,Elp1NMBI12RMuA1d,845.000,376MU2u+8SnuxMQc,878.000,BupgNPzH9jc0Eppp,982.000,saIe+uO82j5dyZ0p,1031.000,j6cPpRGMZFLjdI+l,1538.000,kJub+myNVnivJPH0,,
6,67,2026-04-04T02:26:54.629Z,1075.000,10,574.000,j6cPpRGMZFLjdI+l,671.000,saIe+uO82j5dyZ0p,756.000,kpmavFL5xFvBXmeS,797.000,Elp1NMBI12RMuA1d,857.000,UZJgGqNAd1DJ7a5N,1033.000,BupgNPzH9jc0Eppp,1052.000,376MU2u+8SnuxMQc,1397.000,kJub+myNVnivJPH0,1897.000,bMnaMQqFkOGHDp0m,2085.000,RghNkEQ73og/VlX2
6,68,2026-04-04T02:26:55.704Z,1233.000,10,778.000,kpmavFL5xFvBXmeS,1076.000,376MU2u+8SnuxMQc,1089.000,UZJgGqNAd1DJ7a5N,1103.000,Elp1NMBI12RMuA1d,1136.000,kJub+myNVnivJPH0,1180.000,j6cPpRGMZFLjdI+l,1217.000,saIe+uO82j5dyZ0p,1381.000,BupgNPzH9jc0Eppp,1422.000,bMnaMQqFkOGHDp0m,1754.000,RghNkEQ73og/VlX2
6,69,2026-04-04T02:26:56.937Z,1074.000,10,809.000,Elp1NMBI12RMuA1d,839.000,kpmavFL5xFvBXmeS,869.000,376MU2u+8SnuxMQc,909.000,bMnaMQqFkOGHDp0m,928.000,UZJgGqNAd1DJ7a5N,970.000,saIe+uO82j5dyZ0p,1057.000,BupgNPzH9jc0Eppp,1108.000,j6cPpRGMZFLjdI+l,1197.000,RghNkEQ73og/VlX2,1752.000,kJub+myNVnivJPH0
6,70,2026-04-04T02:26:58.011Z,1021.000,10,634.000,kpmavFL5xFvBXmeS,827.000,j6cPpRGMZFLjdI+l,878.000,bMnaMQqFkOGHDp0m,898.000,Elp1NMBI12RMuA1d,962.000,BupgNPzH9jc0Eppp,980.000,376MU2u+8SnuxMQc,1011.000,UZJgGqNAd1DJ7a5N,1026.000,RghNkEQ73og/VlX2,1149.000,saIe+uO82j5dyZ0p,1659.000,kJub+myNVnivJPH0
6,71,2026-04-04T02:26:59.032Z,1049.000,10,587.000,kpmavFL5xFvBXmeS,753.000,376MU2u+8SnuxMQc,776.000,Elp1NMBI12RMuA1d,811.000,j6cPpRGMZFLjdI+l,892.000,BupgNPzH9jc0Eppp,1031.000,RghNkEQ73og/VlX2,1042.000,UZJgGqNAd1DJ7a5N,1136.000,saIe+uO82j5dyZ0p,1175.000,bMnaMQqFkOGHDp0m,1389.000,kJub+myNVnivJPH0
6,72,2026-04-04T02:27:00.081Z,1269.000,10,678.000,kpmavFL5xFvBXmeS,907.000,bMnaMQqFkOGHDp0m,1012.000,Elp1NMBI12RMuA1d,1048.000,UZJgGqNAd1DJ7a5N,1094.000,376MU2u+8SnuxMQc,1150.000,j6cPpRGMZFLjdI+l,1251.000,saIe+uO82j5dyZ0p,1299.000,BupgNPzH9jc0Eppp,1607.000,RghNkEQ73og/VlX2,1683.000,kJub+myNVnivJPH0
6,73,2026-04-04T02:27:01.350Z,948.000,10,725.000,saIe+uO82j5dyZ0p,759.000,kpmavFL5xFvBXmeS,830.000,Elp1NMBI12RMuA1d,865.000,kJub+myNVnivJPH0,880.000,376MU2u+8SnuxMQc,904.000,UZJgGqNAd1DJ7a5N,934.000,BupgNPzH9jc0Eppp,973.000,j6cPpRGMZFLjdI+l,1153.000,RghNkEQ73og/VlX2,1569.000,bMnaMQqFkOGHDp0m
6,74,2026-04-04T02:27:02.298Z,975.000,10,770.000,kpmavFL5xFvBXmeS,794.000,Elp1NMBI12RMuA1d,846.000,j6cPpRGMZFLjdI+l,862.000,376MU2u+8SnuxMQc,897.000,kJub+myNVnivJPH0,938.000,saIe+uO82j5dyZ0p,954.000,UZJgGqNAd1DJ7a5N,999.000,BupgNPzH9jc0Eppp,1066.000,RghNkEQ73og/VlX2,1203.000,bMnaMQqFkOGHDp0m
6,75,2026-04-04T02:27:03.273Z,1442.000,10,832.000,kpmavFL5xFvBXmeS,1141.000,376MU2u+8SnuxMQc,1229.000,UZJgGqNAd1DJ7a5N,1317.000,Elp1NMBI12RMuA1d,1363.000,bMnaMQqFkOGHDp0m,1393.000,j6cPpRGMZFLjdI+l,1429.000,kJub+myNVnivJPH0,1554.000,saIe+uO82j5dyZ0p,1570.000,RghNkEQ73og/VlX2,1975.000,BupgNPzH9jc0Eppp
6,76,2026-04-04T02:27:04.715Z,1193.000,10,799.000,kpmavFL5xFvBXmeS,870.000,Elp1NMBI12RMuA1d,938.000,kJub+myNVnivJPH0,959.000,376MU2u+8SnuxMQc,997.000,UZJgGqNAd1DJ7a5N,1087.000,j6cPpRGMZFLjdI+l,1138.000,bMnaMQqFkOGHDp0m,1201.000,RghNkEQ73og/VlX2,1335.000,BupgNPzH9jc0Eppp,1373.000,saIe+uO82j5dyZ0p
6,77,2026-04-04T02:27:05.908Z,1296.000,10,850.000,kpmavFL5xFvBXmeS,894.000,Elp1NMBI12RMuA1d,982.000,UZJgGqNAd1DJ7a5N,1092.000,376MU2u+8SnuxMQc,1169.000,bMnaMQqFkOGHDp0m,1231.000,kJub+myNVnivJPH0,1280.000,j6cPpRGMZFLjdI+l,1341.000,BupgNPzH9jc0Eppp,1978.000,saIe+uO82j5dyZ0p,2073.000,RghNkEQ73og/VlX2
6,78,2026-04-04T02:27:07.204Z,1171.000,10,925.000,UZJgGqNAd1DJ7a5N,950.000,kpmavFL5xFvBXmeS,989.000,376MU2u+8SnuxMQc,1033.000,j6cPpRGMZFLjdI+l,1073.000,bMnaMQqFkOGHDp0m,1112.000,BupgNPzH9jc0Eppp,1157.000,kJub+myNVnivJPH0,1177.000,Elp1NMBI12RMuA1d,1720.000,RghNkEQ73og/VlX2,1763.000,saIe+uO82j5dyZ0p
6,79,2026-04-04T02:27:08.375Z,1396.000,10,770.000,Elp1NMBI12RMuA1d,938.000,kJub+myNVnivJPH0,969.000,UZJgGqNAd1DJ7a5N,1073.000,kpmavFL5xFvBXmeS,1119.000,bMnaMQqFkOGHDp0m,1337.000,j6cPpRGMZFLjdI+l,1381.000,BupgNPzH9jc0Eppp,1490.000,376MU2u+8SnuxMQc,2158.000,RghNkEQ73og/VlX2,2231.000,saIe+uO82j5dyZ0p
6,80,2026-04-04T02:27:09.771Z,1349.000,10,861.000,Elp1NMBI12RMuA1d,1111.000,UZJgGqNAd1DJ7a5N,1161.000,bMnaMQqFkOGHDp0m,1195.000,376MU2u+8SnuxMQc,1220.000,kpmavFL5xFvBXmeS,1276.000,j6cPpRGMZFLjdI+l,1327.000,kJub+myNVnivJPH0,1380.000,BupgNPzH9jc0Eppp,2131.000,saIe+uO82j5dyZ0p,2299.000,RghNkEQ73og/VlX2
6,81,2026-04-04T02:27:11.120Z,1300.000,9,899.000,Elp1NMBI12RMuA1d,930.000,376MU2u+8SnuxMQc,993.000,kJub+myNVnivJPH0,1144.000,BupgNPzH9jc0Eppp,1166.000,UZJgGqNAd1DJ7a5N,1240.000,j6cPpRGMZFLjdI+l,1285.000,bMnaMQqFkOGHDp0m,2029.000,saIe+uO82j5dyZ0p,2397.000,RghNkEQ73og/VlX2,,
6,82,2026-04-04T02:27:12.420Z,1263.000,9,910.000,UZJgGqNAd1DJ7a5N,951.000,j6cPpRGMZFLjdI+l,970.000,Elp1NMBI12RMuA1d,1027.000,kJub+myNVnivJPH0,1077.000,bMnaMQqFkOGHDp0m,1201.000,376MU2u+8SnuxMQc,1249.000,BupgNPzH9jc0Eppp,1273.000,kpmavFL5xFvBXmeS,1953.000,saIe+uO82j5dyZ0p,,
6,83,2026-04-04T02:27:13.683Z,1408.000,9,616.000,Elp1NMBI12RMuA1d,766.000,BupgNPzH9jc0Eppp,810.000,kJub+myNVnivJPH0,1077.000,j6cPpRGMZFLjdI+l,1162.000,376MU2u+8SnuxMQc,1292.000,bMnaMQqFkOGHDp0m,1394.000,UZJgGqNAd1DJ7a5N,1810.000,saIe+uO82j5dyZ0p,2153.000,RghNkEQ73og/VlX2,,
6,84,2026-04-04T02:27:15.091Z,1200.000,9,818.000,UZJgGqNAd1DJ7a5N,872.000,376MU2u+8SnuxMQc,998.000,bMnaMQqFkOGHDp0m,1046.000,Elp1NMBI12RMuA1d,1093.000,kJub+myNVnivJPH0,1140.000,BupgNPzH9jc0Eppp,1186.000,j6cPpRGMZFLjdI+l,1224.000,saIe+uO82j5dyZ0p,1988.000,RghNkEQ73og/VlX2,,
6,85,2026-04-04T02:27:16.291Z,1049.000,8,763.000,saIe+uO82j5dyZ0p,811.000,Elp1NMBI12RMuA1d,827.000,376MU2u+8SnuxMQc,888.000,j6cPpRGMZFLjdI+l,929.000,kJub+myNVnivJPH0,971.000,BupgNPzH9jc0Eppp,1038.000,UZJgGqNAd1DJ7a5N,1141.000,bMnaMQqFkOGHDp0m,,,,
6,86,2026-04-04T02:27:17.340Z,1699.000,9,1212.000,Elp1NMBI12RMuA1d,1304.000,j6cPpRGMZFLjdI+l,1370.000,saIe+uO82j5dyZ0p,1425.000,376MU2u+8SnuxMQc,1512.000,BupgNPzH9jc0Eppp,1627.000,RghNkEQ73og/VlX2,1683.000,kJub+myNVnivJPH0,1735.000,bMnaMQqFkOGHDp0m,2514.000,UZJgGqNAd1DJ7a5N,,
6,87,2026-04-04T02:27:19.039Z,1404.000,9,1127.000,kJub+myNVnivJPH0,1152.000,376MU2u+8SnuxMQc,1183.000,Elp1NMBI12RMuA1d,1227.000,bMnaMQqFkOGHDp0m,1288.000,saIe+uO82j5dyZ0p,1344.000,j6cPpRGMZFLjdI+l,1371.000,RghNkEQ73og/VlX2,1447.000,BupgNPzH9jc0Eppp,1744.000,UZJgGqNAd1DJ7a5N,,
6,88,2026-04-04T02:27:20.443Z,1248.000,9,957.000,376MU2u+8SnuxMQc,978.000,Elp1NMBI12RMuA1d,1050.000,j6cPpRGMZFLjdI+l,1101.000,BupgNPzH9jc0Eppp,1126.000,RghNkEQ73og/VlX2,1179.000,bMnaMQqFkOGHDp0m,1229.000,kJub+myNVnivJPH0,1276.000,saIe+uO82j5dyZ0p,1761.000,UZJgGqNAd1DJ7a5N,,
6,89,2026-04-04T02:27:21.691Z,1568.000,9,837.000,Elp1NMBI12RMuA1d,973.000,376MU2u+8SnuxMQc,1054.000,kJub+myNVnivJPH0,1109.000,bMnaMQqFkOGHDp0m,1153.000,j6cPpRGMZFLjdI+l,1504.000,UZJgGqNAd1DJ7a5N,1550.000,BupgNPzH9jc0Eppp,1573.000,RghNkEQ73og/VlX2,1628.000,saIe+uO82j5dyZ0p,,
6,90,2026-04-04T02:27:23.259Z,1998.000,9,1418.000,Elp1NMBI12RMuA1d,1488.000,bMnaMQqFkOGHDp0m,1547.000,j6cPpRGMZFLjdI+l,1604.000,saIe+uO82j5dyZ0p,1628.000,376MU2u+8SnuxMQc,1764.000,UZJgGqNAd1DJ7a5N,1920.000,kJub+myNVnivJPH0,2235.000,BupgNPzH9jc0Eppp,2266.000,RghNkEQ73og/VlX2,,
6,91,2026-04-04T02:27:25.257Z,1542.000,9,1139.000,kJub+myNVnivJPH0,1167.000,UZJgGqNAd1DJ7a5N,1206.000,376MU2u+8SnuxMQc,1256.000,Elp1NMBI12RMuA1d,1410.000,BupgNPzH9jc0Eppp,1475.000,j6cPpRGMZFLjdI+l,1525.000,RghNkEQ73og/VlX2,1697.000,saIe+uO82j5dyZ0p,1857.000,bMnaMQqFkOGHDp0m,,
6,92,2026-04-04T02:27:26.799Z,1459.000,9,1133.000,376MU2u+8SnuxMQc,1188.000,BupgNPzH9jc0Eppp,1241.000,j6cPpRGMZFLjdI+l,1273.000,Elp1NMBI12RMuA1d,1340.000,saIe+uO82j5dyZ0p,1369.000,UZJgGqNAd1DJ7a5N,1432.000,bMnaMQqFkOGHDp0m,1465.000,RghNkEQ73og/VlX2,1611.000,kJub+myNVnivJPH0,,
6,93,2026-04-04T02:27:28.258Z,1284.000,9,1050.000,kJub+myNVnivJPH0,1097.000,BupgNPzH9jc0Eppp,1148.000,bMnaMQqFkOGHDp0m,1172.000,376MU2u+8SnuxMQc,1201.000,Elp1NMBI12RMuA1d,1219.000,UZJgGqNAd1DJ7a5N,1266.000,j6cPpRGMZFLjdI+l,1289.000,RghNkEQ73og/VlX2,1360.000,saIe+uO82j5dyZ0p,,
6,94,2026-04-04T02:27:29.542Z,1619.000,9,1385.000,kJub+myNVnivJPH0,1429.000,j6cPpRGMZFLjdI+l,1451.000,Elp1NMBI12RMuA1d,1480.000,376MU2u+8SnuxMQc,1501.000,RghNkEQ73og/VlX2,1546.000,bMnaMQqFkOGHDp0m,1598.000,BupgNPzH9jc0Eppp,1655.000,saIe+uO82j5dyZ0p,1748.000,UZJgGqNAd1DJ7a5N,,
6,95,2026-04-04T02:27:31.161Z,1034.000,9,829.000,Elp1NMBI12RMuA1d,857.000,UZJgGqNAd1DJ7a5N,873.000,RghNkEQ73og/VlX2,912.000,bMnaMQqFkOGHDp0m,952.000,BupgNPzH9jc0Eppp,996.000,kJub+myNVnivJPH0,1016.000,376MU2u+8SnuxMQc,1064.000,j6cPpRGMZFLjdI+l,1548.000,saIe+uO82j5dyZ0p,,
6,96,2026-04-04T02:27:32.195Z,1523.000,9,810.000,UZJgGqNAd1DJ7a5N,1156.000,j6cPpRGMZFLjdI+l,1200.000,kJub+myNVnivJPH0,1236.000,bMnaMQqFkOGHDp0m,1368.000,saIe+uO82j5dyZ0p,1390.000,Elp1NMBI12RMuA1d,1510.000,BupgNPzH9jc0Eppp,2193.000,RghNkEQ73og/VlX2,2309.000,376MU2u+8SnuxMQc,,
6,97,2026-04-04T02:27:33.718Z,1635.000,9,1292.000,UZJgGqNAd1DJ7a5N,1323.000,Elp1NMBI12RMuA1d,1383.000,j6cPpRGMZFLjdI+l,1438.000,saIe+uO82j5dyZ0p,1512.000,bMnaMQqFkOGHDp0m,1541.000,RghNkEQ73og/VlX2,1613.000,BupgNPzH9jc0Eppp,1643.000,376MU2u+8SnuxMQc,2041.000,kJub+myNVnivJPH0,,
6,98,2026-04-04T02:27:35.353Z,1210.000,9,922.000,UZJgGqNAd1DJ7a5N,975.000,RghNkEQ73og/VlX2,1003.000,Elp1NMBI12RMuA1d,1058.000,j6cPpRGMZFLjdI+l,1091.000,376MU2u+8SnuxMQc,1146.000,bMnaMQqFkOGHDp0m,1193.000,saIe+uO82j5dyZ0p,1454.000,BupgNPzH9jc0Eppp,3005.000,kJub+myNVnivJPH0,,
6,99,2026-04-04T02:27:36.563Z,1055.000,8,839.000,UZJgGqNAd1DJ7a5N,862.000,376MU2u+8SnuxMQc,878.000,Elp1NMBI12RMuA1d,919.000,j6cPpRGMZFLjdI+l,966.000,BupgNPzH9jc0Eppp,1015.000,saIe+uO82j5dyZ0p,1036.000,RghNkEQ73og/VlX2,1086.000,bMnaMQqFkOGHDp0m,,,,
6,100,2026-04-04T02:27:37.618Z,837.000,8,609.000,j6cPpRGMZFLjdI+l,628.000,Elp1NMBI12RMuA1d,653.000,376MU2u+8SnuxMQc,667.000,UZJgGqNAd1DJ7a5N,695.000,saIe+uO82j5dyZ0p,773.000,RghNkEQ73og/VlX2,824.000,bMnaMQqFkOGHDp0m,868.000,BupgNPzH9jc0Eppp,,,,
6,101,2026-04-04T02:27:38.455Z,1282.000,8,1031.000,RghNkEQ73og/VlX2,1049.000,UZJgGqNAd1DJ7a5N,1060.000,376MU2u+8SnuxMQc,1119.000,BupgNPzH9jc0Eppp,1218.000,bMnaMQqFkOGHDp0m,1235.000,Elp1NMBI12RMuA1d,1272.000,j6cPpRGMZFLjdI+l,1601.000,saIe+uO82j5dyZ0p,,,,
6,102,2026-04-04T02:27:39.737Z,689.000,8,384.000,RghNkEQ73og/VlX2,457.000,Elp1NMBI12RMuA1d,490.000,j6cPpRGMZFLjdI+l,504.000,UZJgGqNAd1DJ7a5N,612.000,376MU2u+8SnuxMQc,649.000,saIe+uO82j5dyZ0p,680.000,bMnaMQqFkOGHDp0m,728.000,BupgNPzH9jc0Eppp,,,,
6,103,2026-04-04T02:27:40.426Z,732.000,8,535.000,BupgNPzH9jc0Eppp,547.000,Elp1NMBI12RMuA1d,596.000,bMnaMQqFkOGHDp0m,624.000,saIe+uO82j5dyZ0p,651.000,UZJgGqNAd1DJ7a5N,685.000,RghNkEQ73og/VlX2,720.000,j6cPpRGMZFLjdI+l,757.000,376MU2u+8SnuxMQc,,,,
6,104,2026-04-04T02:27:41.158Z,770.000,8,526.000,UZJgGqNAd1DJ7a5N,556.000,j6cPpRGMZFLjdI+l,584.000,bMnaMQqFkOGHDp0m,596.000,376MU2u+8SnuxMQc,642.000,Elp1NMBI12RMuA1d,681.000,saIe+uO82j5dyZ0p,763.000,RghNkEQ73og/VlX2,1706.000,BupgNPzH9jc0Eppp,,,,
6,105,2026-04-04T02:27:41.928Z,745.000,8,500.000,376MU2u+8SnuxMQc,511.000,Elp1NMBI12RMuA1d,543.000,UZJgGqNAd1DJ7a5N,640.000,j6cPpRGMZFLjdI+l,693.000,BupgNPzH9jc0Eppp,708.000,RghNkEQ73og/VlX2,735.000,saIe+uO82j5dyZ0p,868.000,bMnaMQqFkOGHDp0m,,,,
6,106,2026-04-04T02:27:42.673Z,721.000,8,399.000,376MU2u+8SnuxMQc,413.000,RghNkEQ73og/VlX2,421.000,UZJgGqNAd1DJ7a5N,510.000,saIe+uO82j5dyZ0p,543.000,BupgNPzH9jc0Eppp,580.000,bMnaMQqFkOGHDp0m,695.000,Elp1NMBI12RMuA1d,859.000,j6cPpRGMZFLjdI+l,,,,
6,107,2026-04-04T02:27:43.394Z,671.000,8,301.000,376MU2u+8SnuxMQc,311.000,RghNkEQ73og/VlX2,331.000,UZJgGqNAd1DJ7a5N,362.000,bMnaMQqFkOGHDp0m,430.000,BupgNPzH9jc0Eppp,480.000,Elp1NMBI12RMuA1d,2022.000,j6cPpRGMZFLjdI+l,928.000,saIe+uO82j5dyZ0p,,,,
6,108,2026-04-04T02:27:44.065Z,1343.000,8,1144.000,j6cPpRGMZFLjdI+l,1154.000,UZJgGqNAd1DJ7a5N,1215.000,Elp1NMBI12RMuA1d,1235.000,bMnaMQqFkOGHDp0m,1244.000,RghNkEQ73og/VlX2,1255.000,376MU2u+8SnuxMQc,2519.000,BupgNPzH9jc0Eppp,1567.000,saIe+uO82j5dyZ0p,,,,
6,109,2026-04-04T02:27:45.408Z,587.000,8,436.000,UZJgGqNAd1DJ7a5N,450.000,Elp1NMBI12RMuA1d,494.000,j6cPpRGMZFLjdI+l,515.000,BupgNPzH9jc0Eppp,525.000,376MU2u+8SnuxMQc,549.000,saIe+uO82j5dyZ0p,578.000,bMnaMQqFkOGHDp0m,894.000,RghNkEQ73og/VlX2,,,,
6,110,2026-04-04T02:27:45.995Z,568.000,8,323.000,376MU2u+8SnuxMQc,360.000,Elp1NMBI12RMuA1d,412.000,BupgNPzH9jc0Eppp,434.000,bMnaMQqFkOGHDp0m,458.000,saIe+uO82j5dyZ0p,489.000,j6cPpRGMZFLjdI+l,560.000,RghNkEQ73og/VlX2,1316.000,UZJgGqNAd1DJ7a5N,,,,
6,111,2026-04-04T02:27:46.563Z,1274.000,8,949.000,j6cPpRGMZFLjdI+l,1040.000,UZJgGqNAd1DJ7a5N,1073.000,376MU2u+8SnuxMQc,1106.000,RghNkEQ73og/VlX2,1216.000,BupgNPzH9jc0Eppp,1249.000,saIe+uO82j5dyZ0p,1262.000,Elp1NMBI12RMuA1d,1680.000,bMnaMQqFkOGHDp0m,,,,
6,112,2026-04-04T02:27:47.837Z,1028.000,8,634.000,UZJgGqNAd1DJ7a5N,652.000,376MU2u+8SnuxMQc,745.000,RghNkEQ73og/VlX2,781.000,Elp1NMBI12RMuA1d,854.000,saIe+uO82j5dyZ0p,893.000,bMnaMQqFkOGHDp0m,1015.000,BupgNPzH9jc0Eppp,1633.000,j6cPpRGMZFLjdI+l,,,,
6,113,2026-04-04T02:27:48.865Z,1040.000,8,803.000,bMnaMQqFkOGHDp0m,819.000,RghNkEQ73og/VlX2,846.000,376MU2u+8SnuxMQc,861.000,Elp1NMBI12RMuA1d,889.000,BupgNPzH9jc0Eppp,923.000,j6cPpRGMZFLjdI+l,1021.000,saIe+uO82j5dyZ0p,1044.000,UZJgGqNAd1DJ7a5N,,,,
6,114,2026-04-04T02:27:49.905Z,979.000,8,356.000,UZJgGqNAd1DJ7a5N,528.000,376MU2u+8SnuxMQc,582.000,Elp1NMBI12RMuA1d,609.000,RghNkEQ73og/VlX2,821.000,saIe+uO82j5dyZ0p,858.000,j6cPpRGMZFLjdI+l,957.000,BupgNPzH9jc0Eppp,1002.000,bMnaMQqFkOGHDp0m,,,,
6,115,2026-04-04T02:27:50.884Z,862.000,8,495.000,UZJgGqNAd1DJ7a5N,628.000,bMnaMQqFkOGHDp0m,644.000,Elp1NMBI12RMuA1d,663.000,376MU2u+8SnuxMQc,675.000,RghNkEQ73og/VlX2,735.000,saIe+uO82j5dyZ0p,826.000,BupgNPzH9jc0Eppp,1101.000,j6cPpRGMZFLjdI+l,,,,
6,116,2026-04-04T02:27:51.746Z,1111.000,8,431.000,376MU2u+8SnuxMQc,541.000,UZJgGqNAd1DJ7a5N,864.000,Elp1NMBI12RMuA1d,890.000,bMnaMQqFkOGHDp0m,919.000,saIe+uO82j5dyZ0p,933.000,RghNkEQ73og/VlX2,1957.000,BupgNPzH9jc0Eppp,1288.000,j6cPpRGMZFLjdI+l,,,,
6,117,2026-04-04T02:27:52.857Z,1088.000,8,529.000,376MU2u+8SnuxMQc,550.000,UZJgGqNAd1DJ7a5N,583.000,bMnaMQqFkOGHDp0m,608.000,saIe+uO82j5dyZ0p,619.000,Elp1NMBI12RMuA1d,756.000,RghNkEQ73og/VlX2,1074.000,BupgNPzH9jc0Eppp,2342.000,j6cPpRGMZFLjdI+l,,,,
6,118,2026-04-04T02:27:53.945Z,1451.000,7,489.000,UZJgGqNAd1DJ7a5N,518.000,376MU2u+8SnuxMQc,597.000,Elp1NMBI12RMuA1d,716.000,saIe+uO82j5dyZ0p,851.000,bMnaMQqFkOGHDp0m,876.000,RghNkEQ73og/VlX2,1440.000,BupgNPzH9jc0Eppp,,,,,,
6,119,2026-04-04T02:27:55.396Z,4209.000,8,1490.000,UZJgGqNAd1DJ7a5N,1509.000,376MU2u+8SnuxMQc,1678.000,saIe+uO82j5dyZ0p,1749.000,bMnaMQqFkOGHDp0m,2501.000,RghNkEQ73og/VlX2,2865.000,Elp1NMBI12RMuA1d,29237.000,BupgNPzH9jc0Eppp,8407.000,j6cPpRGMZFLjdI+l,,,,
6,120,2026-04-04T02:27:59.605Z,,0,,,,,,,,,,,,,,,,,,,,
7,1,2026-04-04T02:26:06.366Z,3855.000,7,1152.000,BupgNPzH9jc0Eppp,1262.000,RghNkEQ73og/VlX2,2303.000,kpmavFL5xFvBXmeS,2560.000,376MU2u+8SnuxMQc,3405.000,bMnaMQqFkOGHDp0m,3411.000,kJub+myNVnivJPH0,6098.000,j6cPpRGMZFLjdI+l,,,,,,
7,2,2026-04-04T02:26:10.221Z,650.000,8,3.000,376MU2u+8SnuxMQc,3.000,kJub+myNVnivJPH0,2.000,BupgNPzH9jc0Eppp,35.000,RghNkEQ73og/VlX2,82.000,kpmavFL5xFvBXmeS,289.000,bMnaMQqFkOGHDp0m,650.000,Elp1NMBI12RMuA1d,2244.000,j6cPpRGMZFLjdI+l,,,,
7,3,2026-04-04T02:26:10.871Z,341.000,9,79.000,376MU2u+8SnuxMQc,80.000,BupgNPzH9jc0Eppp,80.000,RghNkEQ73og/VlX2,80.000,kJub+myNVnivJPH0,159.000,kpmavFL5xFvBXmeS,317.000,bMnaMQqFkOGHDp0m,341.000,saIe+uO82j5dyZ0p,397.000,Elp1NMBI12RMuA1d,1596.000,j6cPpRGMZFLjdI+l,,
7,4,2026-04-04T02:26:11.212Z,426.000,10,318.000,bMnaMQqFkOGHDp0m,362.000,376MU2u+8SnuxMQc,364.000,BupgNPzH9jc0Eppp,365.000,saIe+uO82j5dyZ0p,390.000,kJub+myNVnivJPH0,393.000,RghNkEQ73og/VlX2,426.000,kpmavFL5xFvBXmeS,517.000,Elp1NMBI12RMuA1d,700.000,UZJgGqNAd1DJ7a5N,1257.000,j6cPpRGMZFLjdI+l
7,5,2026-04-04T02:26:11.638Z,407.000,10,327.000,bMnaMQqFkOGHDp0m,366.000,Elp1NMBI12RMuA1d,394.000,376MU2u+8SnuxMQc,400.000,kJub+myNVnivJPH0,401.000,saIe+uO82j5dyZ0p,403.000,BupgNPzH9jc0Eppp,407.000,kpmavFL5xFvBXmeS,408.000,RghNkEQ73og/VlX2,568.000,UZJgGqNAd1DJ7a5N,833.000,j6cPpRGMZFLjdI+l
7,6,2026-04-04T02:26:12.045Z,406.000,10,328.000,bMnaMQqFkOGHDp0m,366.000,Elp1NMBI12RMuA1d,391.000,BupgNPzH9jc0Eppp,396.000,kpmavFL5xFvBXmeS,403.000,kJub+myNVnivJPH0,405.000,RghNkEQ73og/VlX2,406.000,saIe+uO82j5dyZ0p,412.000,376MU2u+8SnuxMQc,494.000,j6cPpRGMZFLjdI+l,501.000,UZJgGqNAd1DJ7a5N
7,7,2026-04-04T02:26:12.451Z,402.000,10,327.000,bMnaMQqFkOGHDp0m,372.000,Elp1NMBI12RMuA1d,396.000,BupgNPzH9jc0Eppp,398.000,UZJgGqNAd1DJ7a5N,399.000,RghNkEQ73og/VlX2,401.000,saIe+uO82j5dyZ0p,402.000,376MU2u+8SnuxMQc,407.000,kpmavFL5xFvBXmeS,408.000,kJub+myNVnivJPH0,414.000,j6cPpRGMZFLjdI+l
7,8,2026-04-04T02:26:12.853Z,409.000,10,327.000,bMnaMQqFkOGHDp0m,401.000,j6cPpRGMZFLjdI+l,404.000,376MU2u+8SnuxMQc,405.000,UZJgGqNAd1DJ7a5N,407.000,RghNkEQ73og/VlX2,408.000,BupgNPzH9jc0Eppp,409.000,kJub+myNVnivJPH0,411.000,saIe+uO82j5dyZ0p,414.000,kpmavFL5xFvBXmeS,442.000,Elp1NMBI12RMuA1d
7,9,2026-04-04T02:26:13.262Z,408.000,10,327.000,bMnaMQqFkOGHDp0m,369.000,UZJgGqNAd1DJ7a5N,398.000,BupgNPzH9jc0Eppp,400.000,j6cPpRGMZFLjdI+l,402.000,kJub+myNVnivJPH0,406.000,kpmavFL5xFvBXmeS,408.000,RghNkEQ73og/VlX2,410.000,saIe+uO82j5dyZ0p,412.000,376MU2u+8SnuxMQc,447.000,Elp1NMBI12RMuA1d
7,10,2026-04-04T02:26:13.670Z,406.000,10,326.000,bMnaMQqFkOGHDp0m,365.000,Elp1NMBI12RMuA1d,369.000,UZJgGqNAd1DJ7a5N,396.000,j6cPpRGMZFLjdI+l,400.000,kJub+myNVnivJPH0,404.000,BupgNPzH9jc0Eppp,405.000,376MU2u+8SnuxMQc,407.000,kpmavFL5xFvBXmeS,408.000,saIe+uO82j5dyZ0p,409.000,RghNkEQ73og/VlX2
7,11,2026-04-04T02:26:14.076Z,404.000,10,324.000,bMnaMQqFkOGHDp0m,370.000,UZJgGqNAd1DJ7a5N,397.000,kpmavFL5xFvBXmeS,398.000,Elp1NMBI12RMuA1d,401.000,RghNkEQ73og/VlX2,403.000,376MU2u+8SnuxMQc,404.000,saIe+uO82j5dyZ0p,405.000,kJub+myNVnivJPH0,408.000,j6cPpRGMZFLjdI+l,410.000,BupgNPzH9jc0Eppp
7,12,2026-04-04T02:26:14.480Z,406.000,10,325.000,bMnaMQqFkOGHDp0m,399.000,kJub+myNVnivJPH0,400.000,j6cPpRGMZFLjdI+l,402.000,kpmavFL5xFvBXmeS,403.000,saIe+uO82j5dyZ0p,404.000,RghNkEQ73og/VlX2,406.000,Elp1NMBI12RMuA1d,407.000,BupgNPzH9jc0Eppp,408.000,376MU2u+8SnuxMQc,439.000,UZJgGqNAd1DJ7a5N
7,13,2026-04-04T02:26:14.886Z,405.000,10,324.000,bMnaMQqFkOGHDp0m,396.000,RghNkEQ73og/VlX2,400.000,Elp1NMBI12RMuA1d,401.000,BupgNPzH9jc0Eppp,402.000,376MU2u+8SnuxMQc,404.000,j6cPpRGMZFLjdI+l,405.000,kpmavFL5xFvBXmeS,406.000,UZJgGqNAd1DJ7a5N,408.000,saIe+uO82j5dyZ0p,409.000,kJub+myNVnivJPH0
7,14,2026-04-04T02:26:15.291Z,409.000,10,326.000,bMnaMQqFkOGHDp0m,398.000,BupgNPzH9jc0Eppp,403.000,j6cPpRGMZFLjdI+l,405.000,saIe+uO82j5dyZ0p,406.000,kpmavFL5xFvBXmeS,407.000,UZJgGqNAd1DJ7a5N,408.000,376MU2u+8SnuxMQc,410.000,kJub+myNVnivJPH0,411.000,Elp1NMBI12RMuA1d,412.000,RghNkEQ73og/VlX2
7,15,2026-04-04T02:26:15.700Z,407.000,10,323.000,bMnaMQqFkOGHDp0m,395.000,j6cPpRGMZFLjdI+l,398.000,saIe+uO82j5dyZ0p,401.000,kpmavFL5xFvBXmeS,403.000,376MU2u+8SnuxMQc,405.000,UZJgGqNAd1DJ7a5N,407.000,Elp1NMBI12RMuA1d,408.000,kJub+myNVnivJPH0,409.000,BupgNPzH9jc0Eppp,411.000,RghNkEQ73og/VlX2
7,16,2026-04-04T02:26:16.107Z,400.000,10,319.000,bMnaMQqFkOGHDp0m,390.000,RghNkEQ73og/VlX2,393.000,kpmavFL5xFvBXmeS,394.000,376MU2u+8SnuxMQc,397.000,BupgNPzH9jc0Eppp,398.000,kJub+myNVnivJPH0,400.000,j6cPpRGMZFLjdI+l,401.000,Elp1NMBI12RMuA1d,403.000,UZJgGqNAd1DJ7a5N,404.000,saIe+uO82j5dyZ0p
7,17,2026-04-04T02:26:16.507Z,416.000,10,331.000,bMnaMQqFkOGHDp0m,404.000,BupgNPzH9jc0Eppp,406.000,376MU2u+8SnuxMQc,407.000,j6cPpRGMZFLjdI+l,408.000,kpmavFL5xFvBXmeS,409.000,kJub+myNVnivJPH0,416.000,saIe+uO82j5dyZ0p,417.000,RghNkEQ73og/VlX2,418.000,Elp1NMBI12RMuA1d,423.000,UZJgGqNAd1DJ7a5N
7,18,2026-04-04T02:26:16.923Z,401.000,10,318.000,bMnaMQqFkOGHDp0m,394.000,UZJgGqNAd1DJ7a5N,396.000,Elp1NMBI12RMuA1d,397.000,376MU2u+8SnuxMQc,398.000,BupgNPzH9jc0Eppp,399.000,saIe+uO82j5dyZ0p,401.000,kJub+myNVnivJPH0,402.000,j6cPpRGMZFLjdI+l,405.000,RghNkEQ73og/VlX2,407.000,kpmavFL5xFvBXmeS
7,19,2026-04-04T02:26:17.324Z,408.000,10,325.000,bMnaMQqFkOGHDp0m,398.000,RghNkEQ73og/VlX2,399.000,BupgNPzH9jc0Eppp,401.000,UZJgGqNAd1DJ7a5N,403.000,376MU2u+8SnuxMQc,406.000,j6cPpRGMZFLjdI+l,408.000,Elp1NMBI12RMuA1d,409.000,saIe+uO82j5dyZ0p,410.000,kpmavFL5xFvBXmeS,416.000,kJub+myNVnivJPH0
7,20,2026-04-04T02:26:17.732Z,407.000,10,324.000,bMnaMQqFkOGHDp0m,398.000,BupgNPzH9jc0Eppp,399.000,kJub+myNVnivJPH0,401.000,376MU2u+8SnuxMQc,403.000,Elp1NMBI12RMuA1d,404.000,j6cPpRGMZFLjdI+l,407.000,kpmavFL5xFvBXmeS,410.000,saIe+uO82j5dyZ0p,411.000,UZJgGqNAd1DJ7a5N,415.000,RghNkEQ73og/VlX2
7,21,2026-04-04T02:26:18.139Z,406.000,10,324.000,bMnaMQqFkOGHDp0m,398.000,RghNkEQ73og/VlX2,400.000,Elp1NMBI12RMuA1d,401.000,kJub+myNVnivJPH0,403.000,UZJgGqNAd1DJ7a5N,405.000,saIe+uO82j5dyZ0p,406.000,j6cPpRGMZFLjdI+l,407.000,kpmavFL5xFvBXmeS,409.000,BupgNPzH9jc0Eppp,410.000,376MU2u+8SnuxMQc
7,22,2026-04-04T02:26:18.545Z,402.000,10,321.000,bMnaMQqFkOGHDp0m,392.000,saIe+uO82j5dyZ0p,396.000,376MU2u+8SnuxMQc,397.000,j6cPpRGMZFLjdI+l,399.000,BupgNPzH9jc0Eppp,401.000,UZJgGqNAd1DJ7a5N,402.000,kJub+myNVnivJPH0,404.000,kpmavFL5xFvBXmeS,408.000,RghNkEQ73og/VlX2,410.000,Elp1NMBI12RMuA1d
7,23,2026-04-04T02:26:18.947Z,409.000,10,325.000,bMnaMQqFkOGHDp0m,401.000,RghNkEQ73og/VlX2,402.000,kpmavFL5xFvBXmeS,405.000,saIe+uO82j5dyZ0p,406.000,kJub+myNVnivJPH0,407.000,UZJgGqNAd1DJ7a5N,409.000,Elp1NMBI12RMuA1d,410.000,376MU2u+8SnuxMQc,411.000,j6cPpRGMZFLjdI+l,412.000,BupgNPzH9jc0Eppp
7,24,2026-04-04T02:26:19.356Z,408.000,10,324.000,bMnaMQqFkOGHDp0m,398.000,376MU2u+8SnuxMQc,399.000,UZJgGqNAd1DJ7a5N,401.000,RghNkEQ73og/VlX2,404.000,j6cPpRGMZFLjdI+l,406.000,BupgNPzH9jc0Eppp,408.000,kJub+myNVnivJPH0,409.000,saIe+uO82j5dyZ0p,411.000,Elp1NMBI12RMuA1d,414.000,kpmavFL5xFvBXmeS
7,25,2026-04-04T02:26:19.764Z,406.000,10,322.000,bMnaMQqFkOGHDp0m,393.000,Elp1NMBI12RMuA1d,401.000,BupgNPzH9jc0Eppp,402.000,RghNkEQ73og/VlX2,403.000,saIe+uO82j5dyZ0p,405.000,kJub+myNVnivJPH0,406.000,376MU2u+8SnuxMQc,407.000,UZJgGqNAd1DJ7a5N,408.000,kpmavFL5xFvBXmeS,410.000,j6cPpRGMZFLjdI+l
7,26,2026-04-04T02:26:20.170Z,406.000,10,322.000,bMnaMQqFkOGHDp0m,398.000,saIe+uO82j5dyZ0p,400.000,Elp1NMBI12RMuA1d,401.000,kJub+myNVnivJPH0,403.000,UZJgGqNAd1DJ7a5N,404.000,kpmavFL5xFvBXmeS,405.000,j6cPpRGMZFLjdI+l,407.000,RghNkEQ73og/VlX2,408.000,376MU2u+8SnuxMQc,409.000,BupgNPzH9jc0Eppp
7,27,2026-04-04T02:26:20.576Z,405.000,10,323.000,bMnaMQqFkOGHDp0m,397.000,saIe+uO82j5dyZ0p,398.000,RghNkEQ73og/VlX2,400.000,Elp1NMBI12RMuA1d,400.000,UZJgGqNAd1DJ7a5N,404.000,kpmavFL5xFvBXmeS,405.000,kJub+myNVnivJPH0,406.000,376MU2u+8SnuxMQc,406.000,j6cPpRGMZFLjdI+l,408.000,BupgNPzH9jc0Eppp
7,28,2026-04-04T02:26:20.981Z,410.000,10,326.000,bMnaMQqFkOGHDp0m,394.000,saIe+uO82j5dyZ0p,397.000,RghNkEQ73og/VlX2,404.000,Elp1NMBI12RMuA1d,407.000,UZJgGqNAd1DJ7a5N,409.000,kpmavFL5xFvBXmeS,410.000,kJub+myNVnivJPH0,411.000,376MU2u+8SnuxMQc,413.000,j6cPpRGMZFLjdI+l,414.000,BupgNPzH9jc0Eppp
7,29,2026-04-04T02:26:21.391Z,401.000,10,321.000,bMnaMQqFkOGHDp0m,393.000,376MU2u+8SnuxMQc,394.000,kpmavFL5xFvBXmeS,396.000,saIe+uO82j5dyZ0p,397.000,UZJgGqNAd1DJ7a5N,398.000,RghNkEQ73og/VlX2,401.000,j6cPpRGMZFLjdI+l,405.000,kJub+myNVnivJPH0,406.000,Elp1NMBI12RMuA1d,408.000,BupgNPzH9jc0Eppp
7,30,2026-04-04T02:26:21.792Z,411.000,10,325.000,bMnaMQqFkOGHDp0m,404.000,Elp1NMBI12RMuA1d,406.000,kpmavFL5xFvBXmeS,407.000,j6cPpRGMZFLjdI+l,408.000,BupgNPzH9jc0Eppp,409.000,RghNkEQ73og/VlX2,411.000,kJub+myNVnivJPH0,412.000,UZJgGqNAd1DJ7a5N,413.000,376MU2u+8SnuxMQc,414.000,saIe+uO82j5dyZ0p
7,31,2026-04-04T02:26:22.203Z,405.000,10,321.000,bMnaMQqFkOGHDp0m,396.000,RghNkEQ73og/VlX2,399.000,kJub+myNVnivJPH0,401.000,Elp1NMBI12RMuA1d,402.000,UZJgGqNAd1DJ7a5N,404.000,saIe+uO82j5dyZ0p,405.000,j6cPpRGMZFLjdI+l,406.000,BupgNPzH9jc0Eppp,407.000,376MU2u+8SnuxMQc,409.000,kpmavFL5xFvBXmeS
7,32,2026-04-04T02:26:22.608Z,406.000,10,324.000,bMnaMQqFkOGHDp0m,392.000,saIe+uO82j5dyZ0p,400.000,kJub+myNVnivJPH0,401.000,376MU2u+8SnuxMQc,402.000,j6cPpRGMZFLjdI+l,404.000,BupgNPzH9jc0Eppp,406.000,kpmavFL5xFvBXmeS,408.000,UZJgGqNAd1DJ7a5N,411.000,RghNkEQ73og/VlX2,416.000,Elp1NMBI12RMuA1d
7,33,2026-04-04T02:26:23.014Z,408.000,10,326.000,bMnaMQqFkOGHDp0m,401.000,UZJgGqNAd1DJ7a5N,403.000,saIe+uO82j5dyZ0p,404.000,kJub+myNVnivJPH0,406.000,Elp1NMBI12RMuA1d,407.000,BupgNPzH9jc0Eppp,408.000,j6cPpRGMZFLjdI+l,409.000,kpmavFL5xFvBXmeS,411.000,376MU2u+8SnuxMQc,412.000,RghNkEQ73og/VlX2
7,34,2026-04-04T02:26:23.422Z,405.000,10,323.000,bMnaMQqFkOGHDp0m,396.000,376MU2u+8SnuxMQc,399.000,UZJgGqNAd1DJ7a5N,401.000,saIe+uO82j5dyZ0p,402.000,j6cPpRGMZFLjdI+l,403.000,kpmavFL5xFvBXmeS,405.000,RghNkEQ73og/VlX2,406.000,Elp1NMBI12RMuA1d,407.000,kJub+myNVnivJPH0,415.000,BupgNPzH9jc0Eppp
7,35,2026-04-04T02:26:23.827Z,409.000,10,326.000,bMnaMQqFkOGHDp0m,401.000,j6cPpRGMZFLjdI+l,402.000,UZJgGqNAd1DJ7a5N,403.000,376MU2u+8SnuxMQc,406.000,Elp1NMBI12RMuA1d,407.000,kJub+myNVnivJPH0,409.000,RghNkEQ73og/VlX2,410.000,kpmavFL5xFvBXmeS,411.000,saIe+uO82j5dyZ0p,416.000,BupgNPzH9jc0Eppp
7,36,2026-04-04T02:26:24.236Z,407.000,10,324.000,bMnaMQqFkOGHDp0m,395.000,RghNkEQ73og/VlX2,400.000,376MU2u+8SnuxMQc,403.000,BupgNPzH9jc0Eppp,404.000,kpmavFL5xFvBXmeS,405.000,kJub+myNVnivJPH0,407.000,saIe+uO82j5dyZ0p,408.000,j6cPpRGMZFLjdI+l,409.000,UZJgGqNAd1DJ7a5N,414.000,Elp1NMBI12RMuA1d
7,37,2026-04-04T02:26:24.643Z,621.000,7,376.000,Elp1NMBI12RMuA1d,396.000,bMnaMQqFkOGHDp0m,502.000,UZJgGqNAd1DJ7a5N,507.000,RghNkEQ73og/VlX2,571.000,376MU2u+8SnuxMQc,580.000,saIe+uO82j5dyZ0p,619.000,j6cPpRGMZFLjdI+l,,,,,,
7,38,2026-04-04T02:26:25.264Z,713.000,9,574.000,saIe+uO82j5dyZ0p,607.000,BupgNPzH9jc0Eppp,630.000,j6cPpRGMZFLjdI+l,638.000,RghNkEQ73og/VlX2,675.000,kJub+myNVnivJPH0,685.000,376MU2u+8SnuxMQc,710.000,UZJgGqNAd1DJ7a5N,722.000,Elp1NMBI12RMuA1d,1129.000,kpmavFL5xFvBXmeS,,
7,39,2026-04-04T02:26:25.977Z,792.000,10,540.000,Elp1NMBI12RMuA1d,611.000,bMnaMQqFkOGHDp0m,634.000,UZJgGqNAd1DJ7a5N,694.000,BupgNPzH9jc0Eppp,725.000,kJub+myNVnivJPH0,753.000,saIe+uO82j5dyZ0p,778.000,kpmavFL5xFvBXmeS,809.000,j6cPpRGMZFLjdI+l,874.000,376MU2u+8SnuxMQc,888.000,RghNkEQ73og/VlX2
7,40,2026-04-04T02:26:26.769Z,798.000,10,541.000,bMnaMQqFkOGHDp0m,656.000,BupgNPzH9jc0Eppp,673.000,376MU2u+8SnuxMQc,712.000,kpmavFL5xFvBXmeS,742.000,kJub+myNVnivJPH0,765.000,j6cPpRGMZFLjdI+l,790.000,saIe+uO82j5dyZ0p,801.000,RghNkEQ73og/VlX2,889.000,UZJgGqNAd1DJ7a5N,910.000,Elp1NMBI12RMuA1d
7,41,2026-04-04T02:26:27.567Z,848.000,10,582.000,bMnaMQqFkOGHDp0m,702.000,saIe+uO82j5dyZ0p,721.000,376MU2u+8SnuxMQc,765.000,kpmavFL5xFvBXmeS,796.000,j6cPpRGMZFLjdI+l,809.000,Elp1NMBI12RMuA1d,836.000,RghNkEQ73og/VlX2,875.000,kJub+myNVnivJPH0,950.000,UZJgGqNAd1DJ7a5N,1080.000,BupgNPzH9jc0Eppp
7,42,2026-04-04T02:26:28.415Z,1302.000,10,675.000,bMnaMQqFkOGHDp0m,871.000,376MU2u+8SnuxMQc,1072.000,saIe+uO82j5dyZ0p,1144.000,kJub+myNVnivJPH0,1168.000,UZJgGqNAd1DJ7a5N,1234.000,RghNkEQ73og/VlX2,1286.000,j6cPpRGMZFLjdI+l,1388.000,BupgNPzH9jc0Eppp,1422.000,kpmavFL5xFvBXmeS,1577.000,Elp1NMBI12RMuA1d
7,43,2026-04-04T02:26:29.717Z,1170.000,10,791.000,bMnaMQqFkOGHDp0m,977.000,Elp1NMBI12RMuA1d,998.000,376MU2u+8SnuxMQc,1048.000,j6cPpRGMZFLjdI+l,1088.000,saIe+uO82j5dyZ0p,1126.000,kpmavFL5xFvBXmeS,1143.000,RghNkEQ73og/VlX2,1202.000,BupgNPzH9jc0Eppp,1314.000,kJub+myNVnivJPH0,1336.000,UZJgGqNAd1DJ7a5N
7,44,2026-04-04T02:26:30.887Z,1256.000,10,810.000,bMnaMQqFkOGHDp0m,844.000,376MU2u+8SnuxMQc,901.000,RghNkEQ73og/VlX2,1034.000,UZJgGqNAd1DJ7a5N,1101.000,BupgNPzH9jc0Eppp,1195.000,kpmavFL5xFvBXmeS,1216.000,Elp1NMBI12RMuA1d,1287.000,j6cPpRGMZFLjdI+l,1423.000,saIe+uO82j5dyZ0p,1459.000,kJub+myNVnivJPH0
7,45,2026-04-04T02:26:32.143Z,1171.000,10,939.000,bMnaMQqFkOGHDp0m,963.000,376MU2u+8SnuxMQc,1029.000,kpmavFL5xFvBXmeS,1047.000,Elp1NMBI12RMuA1d,1092.000,j6cPpRGMZFLjdI+l,1111.000,RghNkEQ73og/VlX2,1155.000,UZJgGqNAd1DJ7a5N,1201.000,saIe+uO82j5dyZ0p,1365.000,kJub+myNVnivJPH0,1591.000,BupgNPzH9jc0Eppp
7,46,2026-04-04T02:26:33.314Z,953.000,10,749.000,bMnaMQqFkOGHDp0m,783.000,Elp1NMBI12RMuA1d,815.000,376MU2u+8SnuxMQc,831.000,UZJgGqNAd1DJ7a5N,860.000,saIe+uO82j5dyZ0p,899.000,kJub+myNVnivJPH0,926.000,RghNkEQ73og/VlX2,1059.000,j6cPpRGMZFLjdI+l,1317.000,BupgNPzH9jc0Eppp,1354.000,kpmavFL5xFvBXmeS
7,47,2026-04-04T02:26:34.267Z,1114.000,10,762.000,bMnaMQqFkOGHDp0m,853.000,376MU2u+8SnuxMQc,943.000,j6cPpRGMZFLjdI+l,990.000,kJub+myNVnivJPH0,1026.000,BupgNPzH9jc0Eppp,1053.000,Elp1NMBI12RMuA1d,1087.000,UZJgGqNAd1DJ7a5N,1155.000,saIe+uO82j5dyZ0p,1242.000,RghNkEQ73og/VlX2,1330.000,kpmavFL5xFvBXmeS
7,48,2026-04-04T02:26:35.381Z,1120.000,10,795.000,kpmavFL5xFvBXmeS,849.000,bMnaMQqFkOGHDp0m,900.000,UZJgGqNAd1DJ7a5N,924.000,Elp1NMBI12RMuA1d,965.000,saIe+uO82j5dyZ0p,1064.000,kJub+myNVnivJPH0,1081.000,376MU2u+8SnuxMQc,1127.000,RghNkEQ73og/VlX2,1240.000,j6cPpRGMZFLjdI+l,1278.000,BupgNPzH9jc0Eppp
7,49,2026-04-04T02:26:36.501Z,1020.000,10,799.000,bMnaMQqFkOGHDp0m,866.000,j6cPpRGMZFLjdI+l,887.000,Elp1NMBI12RMuA1d,946.000,saIe+uO82j5dyZ0p,967.000,UZJgGqNAd1DJ7a5N,996.000,376MU2u+8SnuxMQc,1012.000,RghNkEQ73og/VlX2,1047.000,kJub+myNVnivJPH0,1145.000,kpmavFL5xFvBXmeS,1177.000,BupgNPzH9jc0Eppp
7,50,2026-04-04T02:26:37.521Z,936.000,10,761.000,bMnaMQqFkOGHDp0m,786.000,376MU2u+8SnuxMQc,844.000,kJub+myNVnivJPH0,860.000,UZJgGqNAd1DJ7a5N,896.000,kpmavFL5xFvBXmeS,909.000,Elp1NMBI12RMuA1d,928.000,RghNkEQ73og/VlX2,960.000,j6cPpRGMZFLjdI+l,1034.000,BupgNPzH9jc0Eppp,1227.000,saIe+uO82j5dyZ0p
7,51,2026-04-04T02:26:38.457Z,814.000,10,538.000,376MU2u+8SnuxMQc,570.000,bMnaMQqFkOGHDp0m,641.000,UZJgGqNAd1DJ7a5N,689.000,saIe+uO82j5dyZ0p,723.000,j6cPpRGMZFLjdI+l,778.000,kJub+myNVnivJPH0,806.000,kpmavFL5xFvBXmeS,818.000,Elp1NMBI12RMuA1d,885.000,RghNkEQ73og/VlX2,914.000,BupgNPzH9jc0Eppp
7,52,2026-04-04T02:26:39.271Z,972.000,10,664.000,bMnaMQqFkOGHDp0m,732.000,UZJgGqNAd1DJ7a5N,772.000,Elp1NMBI12RMuA1d,843.000,kJub+myNVnivJPH0,884.000,j6cPpRGMZFLjdI+l,921.000,kpmavFL5xFvBXmeS,952.000,BupgNPzH9jc0Eppp,1006.000,saIe+uO82j5dyZ0p,1078.000,RghNkEQ73og/VlX2,1288.000,376MU2u+8SnuxMQc
7,53,2026-04-04T02:26:40.243Z,1016.000,10,755.000,bMnaMQqFkOGHDp0m,815.000,j6cPpRGMZFLjdI+l,845.000,kJub+myNVnivJPH0,873.000,saIe+uO82j5dyZ0p,932.000,kpmavFL5xFvBXmeS,954.000,Elp1NMBI12RMuA1d,1000.000,UZJgGqNAd1DJ7a5N,1021.000,376MU2u+8SnuxMQc,1055.000,BupgNPzH9jc0Eppp,1370.000,RghNkEQ73og/VlX2
7,54,2026-04-04T02:26:41.259Z,938.000,10,668.000,bMnaMQqFkOGHDp0m,746.000,j6cPpRGMZFLjdI+l,762.000,Elp1NMBI12RMuA1d,799.000,UZJgGqNAd1DJ7a5N,835.000,kpmavFL5xFvBXmeS,865.000,kJub+myNVnivJPH0,925.000,saIe+uO82j5dyZ0p,942.000,376MU2u+8SnuxMQc,1050.000,BupgNPzH9jc0Eppp,1636.000,RghNkEQ73og/VlX2
7,55,2026-04-04T02:26:42.197Z,1074.000,10,681.000,saIe+uO82j5dyZ0p,739.000,bMnaMQqFkOGHDp0m,888.000,j6cPpRGMZFLjdI+l,905.000,376MU2u+8SnuxMQc,979.000,kpmavFL5xFvBXmeS,1016.000,kJub+myNVnivJPH0,1050.000,Elp1NMBI12RMuA1d,1080.000,UZJgGqNAd1DJ7a5N,1323.000,BupgNPzH9jc0Eppp,1906.000,RghNkEQ73og/VlX2
7,56,2026-04-04T02:26:43.271Z,1208.000,10,775.000,kJub+myNVnivJPH0,814.000,Elp1NMBI12RMuA1d,850.000,bMnaMQqFkOGHDp0m,1021.000,kpmavFL5xFvBXmeS,1040.000,UZJgGqNAd1DJ7a5N,1122.000,376MU2u+8SnuxMQc,1186.000,j6cPpRGMZFLjdI+l,1231.000,saIe+uO82j5dyZ0p,1650.000,BupgNPzH9jc0Eppp,2141.000,RghNkEQ73og/VlX2
7,57,2026-04-04T02:26:44.479Z,1099.000,10,839.000,j6cPpRGMZFLjdI+l,858.000,UZJgGqNAd1DJ7a5N,880.000,376MU2u+8SnuxMQc,915.000,kpmavFL5xFvBXmeS,964.000,bMnaMQqFkOGHDp0m,1049.000,kJub+myNVnivJPH0,1087.000,saIe+uO82j5dyZ0p,1103.000,Elp1NMBI12RMuA1d,1497.000,BupgNPzH9jc0Eppp,1917.000,RghNkEQ73og/VlX2
7,58,2026-04-04T02:26:45.578Z,971.000,10,648.000,Elp1NMBI12RMuA1d,721.000,376MU2u+8SnuxMQc,755.000,kJub+myNVnivJPH0,796.000,saIe+uO82j5dyZ0p,865.000,bMnaMQqFkOGHDp0m,891.000,UZJgGqNAd1DJ7a5N,953.000,j6cPpRGMZFLjdI+l,998.000,kpmavFL5xFvBXmeS,1477.000,BupgNPzH9jc0Eppp,1897.000,RghNkEQ73og/VlX2
7,59,2026-04-04T02:26:46.549Z,868.000,9,525.000,UZJgGqNAd1DJ7a5N,697.000,kJub+myNVnivJPH0,732.000,j6cPpRGMZFLjdI+l,748.000,Elp1NMBI12RMuA1d,790.000,saIe+uO82j5dyZ0p,808.000,bMnaMQqFkOGHDp0m,842.000,376MU2u+8SnuxMQc,903.000,kpmavFL5xFvBXmeS,1341.000,BupgNPzH9jc0Eppp,,
7,60,2026-04-04T02:26:47.417Z,1108.000,9,884.000,bMnaMQqFkOGHDp0m,913.000,376MU2u+8SnuxMQc,950.000,kpmavFL5xFvBXmeS,968.000,UZJgGqNAd1DJ7a5N,1027.000,j6cPpRGMZFLjdI+l,1043.000,Elp1NMBI12RMuA1d,1094.000,saIe+uO82j5dyZ0p,1132.000,kJub+myNVnivJPH0,1440.000,BupgNPzH9jc0Eppp,,
7,61,2026-04-04T02:26:48.525Z,966.000,10,762.000,saIe+uO82j5dyZ0p,808.000,j6cPpRGMZFLjdI+l,825.000,Elp1NMBI12RMuA1d,851.000,bMnaMQqFkOGHDp0m,905.000,kJub+myNVnivJPH0,923.000,376MU2u+8SnuxMQc,954.000,UZJgGqNAd1DJ7a5N,1120.000,kpmavFL5xFvBXmeS,1400.000,BupgNPzH9jc0Eppp,2502.000,RghNkEQ73og/VlX2
7,62,2026-04-04T02:26:49.491Z,966.000,9,752.000,bMnaMQqFkOGHDp0m,794.000,UZJgGqNAd1DJ7a5N,829.000,376MU2u+8SnuxMQc,846.000,Elp1NMBI12RMuA1d,883.000,kJub+myNVnivJPH0,920.000,saIe+uO82j5dyZ0p,955.000,j6cPpRGMZFLjdI+l,989.000,kpmavFL5xFvBXmeS,1319.000,BupgNPzH9jc0Eppp,,
7,63,2026-04-04T02:26:50.457Z,1105.000,9,766.000,bMnaMQqFkOGHDp0m,852.000,kJub+myNVnivJPH0,989.000,saIe+uO82j5dyZ0p,1034.000,j6cPpRGMZFLjdI+l,1049.000,Elp1NMBI12RMuA1d,1080.000,UZJgGqNAd1DJ7a5N,1094.000,376MU2u+8SnuxMQc,1385.000,kpmavFL5xFvBXmeS,1431.000,BupgNPzH9jc0Eppp,,
7,64,2026-04-04T02:26:51.562Z,1073.000,9,806.000,Elp1NMBI12RMuA1d,847.000,UZJgGqNAd1DJ7a5N,868.000,bMnaMQqFkOGHDp0m,906.000,j6cPpRGMZFLjdI+l,973.000,saIe+uO82j5dyZ0p,1012.000,kJub+myNVnivJPH0,1029.000,376MU2u+8SnuxMQc,1103.000,kpmavFL5xFvBXmeS,1331.000,BupgNPzH9jc0Eppp,,
7,65,2026-04-04T02:26:52.635Z,995.000,9,737.000,bMnaMQqFkOGHDp0m,807.000,j6cPpRGMZFLjdI+l,852.000,kJub+myNVnivJPH0,893.000,kpmavFL5xFvBXmeS,919.000,UZJgGqNAd1DJ7a5N,952.000,saIe+uO82j5dyZ0p,969.000,376MU2u+8SnuxMQc,1017.000,BupgNPzH9jc0Eppp,1088.000,Elp1NMBI12RMuA1d,,
7,66,2026-04-04T02:26:53.630Z,1049.000,9,614.000,bMnaMQqFkOGHDp0m,703.000,UZJgGqNAd1DJ7a5N,750.000,376MU2u+8SnuxMQc,831.000,kpmavFL5xFvBXmeS,872.000,BupgNPzH9jc0Eppp,890.000,Elp1NMBI12RMuA1d,1033.000,saIe+uO82j5dyZ0p,1079.000,j6cPpRGMZFLjdI+l,1868.000,kJub+myNVnivJPH0,,
7,67,2026-04-04T02:26:54.679Z,1334.000,10,866.000,j6cPpRGMZFLjdI+l,1062.000,saIe+uO82j5dyZ0p,1089.000,UZJgGqNAd1DJ7a5N,1134.000,Elp1NMBI12RMuA1d,1177.000,kpmavFL5xFvBXmeS,1263.000,bMnaMQqFkOGHDp0m,1318.000,BupgNPzH9jc0Eppp,1339.000,376MU2u+8SnuxMQc,1495.000,kJub+myNVnivJPH0,1933.000,RghNkEQ73og/VlX2
7,68,2026-04-04T02:26:56.013Z,924.000,10,692.000,UZJgGqNAd1DJ7a5N,714.000,376MU2u+8SnuxMQc,735.000,Elp1NMBI12RMuA1d,772.000,kJub+myNVnivJPH0,811.000,bMnaMQqFkOGHDp0m,868.000,j6cPpRGMZFLjdI+l,906.000,kpmavFL5xFvBXmeS,952.000,saIe+uO82j5dyZ0p,1144.000,BupgNPzH9jc0Eppp,1561.000,RghNkEQ73og/VlX2
7,69,2026-04-04T02:26:56.937Z,1102.000,10,718.000,bMnaMQqFkOGHDp0m,865.000,Elp1NMBI12RMuA1d,902.000,376MU2u+8SnuxMQc,923.000,UZJgGqNAd1DJ7a5N,974.000,BupgNPzH9jc0Eppp,1017.000,saIe+uO82j5dyZ0p,1086.000,kpmavFL5xFvBXmeS,1127.000,j6cPpRGMZFLjdI+l,1228.000,RghNkEQ73og/VlX2,1805.000,kJub+myNVnivJPH0
7,70,2026-04-04T02:26:58.039Z,1025.000,10,633.000,bMnaMQqFkOGHDp0m,730.000,Elp1NMBI12RMuA1d,868.000,kpmavFL5xFvBXmeS,912.000,j6cPpRGMZFLjdI+l,938.000,376MU2u+8SnuxMQc,974.000,UZJgGqNAd1DJ7a5N,1010.000,BupgNPzH9jc0Eppp,1064.000,RghNkEQ73og/VlX2,1186.000,saIe+uO82j5dyZ0p,1769.000,kJub+myNVnivJPH0
7,71,2026-04-04T02:26:59.064Z,1076.000,10,866.000,bMnaMQqFkOGHDp0m,895.000,376MU2u+8SnuxMQc,919.000,Elp1NMBI12RMuA1d,953.000,kpmavFL5xFvBXmeS,993.000,j6cPpRGMZFLjdI+l,1042.000,BupgNPzH9jc0Eppp,1060.000,UZJgGqNAd1DJ7a5N,1101.000,saIe+uO82j5dyZ0p,1180.000,RghNkEQ73og/VlX2,1366.000,kJub+myNVnivJPH0
7,72,2026-04-04T02:27:00.140Z,1186.000,10,690.000,bMnaMQqFkOGHDp0m,838.000,kpmavFL5xFvBXmeS,957.000,Elp1NMBI12RMuA1d,987.000,UZJgGqNAd1DJ7a5N,1035.000,376MU2u+8SnuxMQc,1088.000,j6cPpRGMZFLjdI+l,1167.000,saIe+uO82j5dyZ0p,1231.000,BupgNPzH9jc0Eppp,1569.000,RghNkEQ73og/VlX2,1678.000,kJub+myNVnivJPH0
7,73,2026-04-04T02:27:01.326Z,1067.000,10,843.000,saIe+uO82j5dyZ0p,860.000,bMnaMQqFkOGHDp0m,917.000,BupgNPzH9jc0Eppp,951.000,Elp1NMBI12RMuA1d,1004.000,kJub+myNVnivJPH0,1023.000,376MU2u+8SnuxMQc,1056.000,UZJgGqNAd1DJ7a5N,1116.000,j6cPpRGMZFLjdI+l,1218.000,kpmavFL5xFvBXmeS,1603.000,RghNkEQ73og/VlX2
7,74,2026-04-04T02:27:02.393Z,1034.000,10,842.000,j6cPpRGMZFLjdI+l,855.000,Elp1NMBI12RMuA1d,884.000,bMnaMQqFkOGHDp0m,911.000,376MU2u+8SnuxMQc,972.000,kJub+myNVnivJPH0,1005.000,saIe+uO82j5dyZ0p,1020.000,UZJgGqNAd1DJ7a5N,1055.000,BupgNPzH9jc0Eppp,1156.000,kpmavFL5xFvBXmeS,1239.000,RghNkEQ73og/VlX2
7,75,2026-04-04T02:27:03.427Z,1306.000,10,861.000,kpmavFL5xFvBXmeS,949.000,bMnaMQqFkOGHDp0m,991.000,376MU2u+8SnuxMQc,1163.000,UZJgGqNAd1DJ7a5N,1201.000,Elp1NMBI12RMuA1d,1255.000,j6cPpRGMZFLjdI+l,1292.000,kJub+myNVnivJPH0,1443.000,RghNkEQ73og/VlX2,1509.000,saIe+uO82j5dyZ0p,1629.000,BupgNPzH9jc0Eppp
7,76,2026-04-04T02:27:04.733Z,1190.000,10,876.000,bMnaMQqFkOGHDp0m,961.000,kJub+myNVnivJPH0,977.000,376MU2u+8SnuxMQc,1009.000,UZJgGqNAd1DJ7a5N,1061.000,j6cPpRGMZFLjdI+l,1086.000,Elp1NMBI12RMuA1d,1169.000,kpmavFL5xFvBXmeS,1213.000,saIe+uO82j5dyZ0p,1351.000,BupgNPzH9jc0Eppp,1374.000,RghNkEQ73og/VlX2
7,77,2026-04-04T02:27:05.923Z,1247.000,10,991.000,bMnaMQqFkOGHDp0m,1018.000,Elp1NMBI12RMuA1d,1042.000,UZJgGqNAd1DJ7a5N,1081.000,kpmavFL5xFvBXmeS,1103.000,376MU2u+8SnuxMQc,1177.000,kJub+myNVnivJPH0,1224.000,j6cPpRGMZFLjdI+l,1271.000,BupgNPzH9jc0Eppp,1855.000,saIe+uO82j5dyZ0p,1962.000,RghNkEQ73og/VlX2
7,78,2026-04-04T02:27:07.170Z,1198.000,10,811.000,bMnaMQqFkOGHDp0m,955.000,UZJgGqNAd1DJ7a5N,1020.000,376MU2u+8SnuxMQc,1061.000,j6cPpRGMZFLjdI+l,1114.000,BupgNPzH9jc0Eppp,1161.000,kJub+myNVnivJPH0,1181.000,Elp1NMBI12RMuA1d,1364.000,kpmavFL5xFvBXmeS,1831.000,saIe+uO82j5dyZ0p,1864.000,RghNkEQ73og/VlX2
7,79,2026-04-04T02:27:08.368Z,1483.000,10,851.000,Elp1NMBI12RMuA1d,870.000,bMnaMQqFkOGHDp0m,961.000,kJub+myNVnivJPH0,982.000,UZJgGqNAd1DJ7a5N,1326.000,j6cPpRGMZFLjdI+l,1378.000,BupgNPzH9jc0Eppp,1473.000,376MU2u+8SnuxMQc,1592.000,kpmavFL5xFvBXmeS,2437.000,saIe+uO82j5dyZ0p,2476.000,RghNkEQ73og/VlX2
7,80,2026-04-04T02:27:09.851Z,1362.000,10,716.000,bMnaMQqFkOGHDp0m,879.000,Elp1NMBI12RMuA1d,1121.000,UZJgGqNAd1DJ7a5N,1148.000,376MU2u+8SnuxMQc,1238.000,j6cPpRGMZFLjdI+l,1292.000,kJub+myNVnivJPH0,1342.000,BupgNPzH9jc0Eppp,2065.000,kpmavFL5xFvBXmeS,2117.000,saIe+uO82j5dyZ0p,2422.000,RghNkEQ73og/VlX2
7,81,2026-04-04T02:27:11.213Z,1232.000,9,903.000,Elp1NMBI12RMuA1d,936.000,bMnaMQqFkOGHDp0m,972.000,376MU2u+8SnuxMQc,1038.000,kJub+myNVnivJPH0,1134.000,BupgNPzH9jc0Eppp,1181.000,j6cPpRGMZFLjdI+l,1204.000,UZJgGqNAd1DJ7a5N,1900.000,saIe+uO82j5dyZ0p,2448.000,RghNkEQ73og/VlX2,,
7,82,2026-04-04T02:27:12.445Z,1287.000,9,707.000,bMnaMQqFkOGHDp0m,751.000,UZJgGqNAd1DJ7a5N,877.000,Elp1NMBI12RMuA1d,981.000,j6cPpRGMZFLjdI+l,1131.000,kJub+myNVnivJPH0,1154.000,376MU2u+8SnuxMQc,1266.000,BupgNPzH9jc0Eppp,1912.000,saIe+uO82j5dyZ0p,2408.000,kpmavFL5xFvBXmeS,,
7,83,2026-04-04T02:27:13.732Z,1381.000,9,649.000,Elp1NMBI12RMuA1d,709.000,BupgNPzH9jc0Eppp,755.000,kJub+myNVnivJPH0,900.000,j6cPpRGMZFLjdI+l,999.000,bMnaMQqFkOGHDp0m,1148.000,376MU2u+8SnuxMQc,1353.000,UZJgGqNAd1DJ7a5N,1776.000,saIe+uO82j5dyZ0p,2072.000,RghNkEQ73og/VlX2,,
7,84,2026-04-04T02:27:15.113Z,1223.000,9,799.000,bMnaMQqFkOGHDp0m,882.000,UZJgGqNAd1DJ7a5N,898.000,376MU2u+8SnuxMQc,947.000,Elp1NMBI12RMuA1d,1102.000,kJub+myNVnivJPH0,1159.000,BupgNPzH9jc0Eppp,1206.000,j6cPpRGMZFLjdI+l,1247.000,saIe+uO82j5dyZ0p,2699.000,RghNkEQ73og/VlX2,,
7,85,2026-04-04T02:27:16.336Z,1622.000,8,758.000,saIe+uO82j5dyZ0p,781.000,Elp1NMBI12RMuA1d,808.000,bMnaMQqFkOGHDp0m,1406.000,376MU2u+8SnuxMQc,1525.000,j6cPpRGMZFLjdI+l,1568.000,kJub+myNVnivJPH0,1607.000,BupgNPzH9jc0Eppp,1627.000,UZJgGqNAd1DJ7a5N,,,,
7,86,2026-04-04T02:27:17.958Z,1181.000,9,818.000,bMnaMQqFkOGHDp0m,939.000,saIe+uO82j5dyZ0p,962.000,Elp1NMBI12RMuA1d,1023.000,376MU2u+8SnuxMQc,1064.000,j6cPpRGMZFLjdI+l,1108.000,BupgNPzH9jc0Eppp,1164.000,kJub+myNVnivJPH0,1185.000,RghNkEQ73og/VlX2,1692.000,UZJgGqNAd1DJ7a5N,,
7,87,2026-04-04T02:27:19.139Z,1295.000,9,877.000,bMnaMQqFkOGHDp0m,1018.000,Elp1NMBI12RMuA1d,1081.000,saIe+uO82j5dyZ0p,1110.000,376MU2u+8SnuxMQc,1172.000,kJub+myNVnivJPH0,1224.000,j6cPpRGMZFLjdI+l,1275.000,BupgNPzH9jc0Eppp,1300.000,RghNkEQ73og/VlX2,1425.000,UZJgGqNAd1DJ7a5N,,
7,88,2026-04-04T02:27:20.434Z,1264.000,9,827.000,bMnaMQqFkOGHDp0m,981.000,376MU2u+8SnuxMQc,1064.000,BupgNPzH9jc0Eppp,1099.000,Elp1NMBI12RMuA1d,1133.000,RghNkEQ73og/VlX2,1179.000,j6cPpRGMZFLjdI+l,1236.000,kJub+myNVnivJPH0,1292.000,saIe+uO82j5dyZ0p,1672.000,UZJgGqNAd1DJ7a5N,,
7,89,2026-04-04T02:27:21.698Z,1543.000,9,826.000,bMnaMQqFkOGHDp0m,875.000,Elp1NMBI12RMuA1d,977.000,376MU2u+8SnuxMQc,1018.000,UZJgGqNAd1DJ7a5N,1064.000,kJub+myNVnivJPH0,1112.000,j6cPpRGMZFLjdI+l,1223.000,BupgNPzH9jc0Eppp,1570.000,saIe+uO82j5dyZ0p,1591.000,RghNkEQ73og/VlX2,,
7,90,2026-04-04T02:27:23.241Z,1935.000,9,1091.000,bMnaMQqFkOGHDp0m,1403.000,Elp1NMBI12RMuA1d,1475.000,j6cPpRGMZFLjdI+l,1568.000,saIe+uO82j5dyZ0p,1619.000,376MU2u+8SnuxMQc,1800.000,UZJgGqNAd1DJ7a5N,1916.000,kJub+myNVnivJPH0,2386.000,BupgNPzH9jc0Eppp,2460.000,RghNkEQ73og/VlX2,,
7,91,2026-04-04T02:27:25.176Z,1730.000,9,1359.000,kJub+myNVnivJPH0,1389.000,bMnaMQqFkOGHDp0m,1458.000,UZJgGqNAd1DJ7a5N,1516.000,376MU2u+8SnuxMQc,1561.000,BupgNPzH9jc0Eppp,1593.000,Elp1NMBI12RMuA1d,1696.000,j6cPpRGMZFLjdI+l,1735.000,RghNkEQ73og/VlX2,1887.000,saIe+uO82j5dyZ0p,,
7,92,2026-04-04T02:27:26.906Z,1290.000,9,924.000,bMnaMQqFkOGHDp0m,1037.000,376MU2u+8SnuxMQc,1107.000,BupgNPzH9jc0Eppp,1155.000,j6cPpRGMZFLjdI+l,1176.000,UZJgGqNAd1DJ7a5N,1215.000,Elp1NMBI12RMuA1d,1268.000,saIe+uO82j5dyZ0p,1296.000,RghNkEQ73og/VlX2,1475.000,kJub+myNVnivJPH0,,
7,93,2026-04-04T02:27:28.196Z,1468.000,9,886.000,bMnaMQqFkOGHDp0m,1206.000,Elp1NMBI12RMuA1d,1235.000,376MU2u+8SnuxMQc,1318.000,BupgNPzH9jc0Eppp,1370.000,kJub+myNVnivJPH0,1395.000,UZJgGqNAd1DJ7a5N,1450.000,j6cPpRGMZFLjdI+l,1473.000,RghNkEQ73og/VlX2,1554.000,saIe+uO82j5dyZ0p,,
7,94,2026-04-04T02:27:29.664Z,1145.000,9,809.000,kJub+myNVnivJPH0,842.000,bMnaMQqFkOGHDp0m,884.000,Elp1NMBI12RMuA1d,910.000,376MU2u+8SnuxMQc,947.000,j6cPpRGMZFLjdI+l,1054.000,RghNkEQ73og/VlX2,1124.000,saIe+uO82j5dyZ0p,1151.000,UZJgGqNAd1DJ7a5N,1230.000,BupgNPzH9jc0Eppp,,
7,95,2026-04-04T02:27:30.809Z,1128.000,9,702.000,bMnaMQqFkOGHDp0m,752.000,Elp1NMBI12RMuA1d,920.000,RghNkEQ73og/VlX2,951.000,UZJgGqNAd1DJ7a5N,1015.000,kJub+myNVnivJPH0,1047.000,376MU2u+8SnuxMQc,1105.000,BupgNPzH9jc0Eppp,1158.000,j6cPpRGMZFLjdI+l,1953.000,saIe+uO82j5dyZ0p,,
7,96,2026-04-04T02:27:31.937Z,1696.000,9,993.000,UZJgGqNAd1DJ7a5N,1214.000,bMnaMQqFkOGHDp0m,1467.000,kJub+myNVnivJPH0,1501.000,j6cPpRGMZFLjdI+l,1554.000,Elp1NMBI12RMuA1d,1636.000,BupgNPzH9jc0Eppp,1680.000,saIe+uO82j5dyZ0p,1892.000,RghNkEQ73og/VlX2,2075.000,376MU2u+8SnuxMQc,,
7,97,2026-04-04T02:27:33.633Z,1449.000,9,945.000,bMnaMQqFkOGHDp0m,1054.000,UZJgGqNAd1DJ7a5N,1101.000,Elp1NMBI12RMuA1d,1252.000,BupgNPzH9jc0Eppp,1329.000,saIe+uO82j5dyZ0p,1383.000,j6cPpRGMZFLjdI+l,1407.000,RghNkEQ73og/VlX2,1468.000,376MU2u+8SnuxMQc,1517.000,kJub+myNVnivJPH0,,
7,98,2026-04-04T02:27:35.082Z,1425.000,9,950.000,UZJgGqNAd1DJ7a5N,989.000,bMnaMQqFkOGHDp0m,1043.000,Elp1NMBI12RMuA1d,1091.000,RghNkEQ73og/VlX2,1305.000,j6cPpRGMZFLjdI+l,1335.000,376MU2u+8SnuxMQc,1399.000,BupgNPzH9jc0Eppp,1456.000,saIe+uO82j5dyZ0p,4293.000,kJub+myNVnivJPH0,,
7,99,2026-04-04T02:27:36.507Z,1012.000,8,730.000,UZJgGqNAd1DJ7a5N,790.000,bMnaMQqFkOGHDp0m,814.000,Elp1NMBI12RMuA1d,852.000,376MU2u+8SnuxMQc,898.000,BupgNPzH9jc0Eppp,952.000,j6cPpRGMZFLjdI+l,977.000,RghNkEQ73og/VlX2,1055.000,saIe+uO82j5dyZ0p,,,,
7,100,2026-04-04T02:27:37.519Z,936.000,8,683.000,UZJgGqNAd1DJ7a5N,730.000,bMnaMQqFkOGHDp0m,759.000,Elp1NMBI12RMuA1d,824.000,j6cPpRGMZFLjdI+l,844.000,376MU2u+8SnuxMQc,883.000,saIe+uO82j5dyZ0p,921.000,BupgNPzH9jc0Eppp,940.000,RghNkEQ73og/VlX2,,,,
7,101,2026-04-04T02:27:38.455Z,982.000,8,458.000,bMnaMQqFkOGHDp0m,482.000,RghNkEQ73og/VlX2,518.000,BupgNPzH9jc0Eppp,543.000,376MU2u+8SnuxMQc,586.000,UZJgGqNAd1DJ7a5N,776.000,Elp1NMBI12RMuA1d,972.000,j6cPpRGMZFLjdI+l,1492.000,saIe+uO82j5dyZ0p,,,,
7,102,2026-04-04T02:27:39.437Z,905.000,8,641.000,RghNkEQ73og/VlX2,665.000,bMnaMQqFkOGHDp0m,683.000,UZJgGqNAd1DJ7a5N,699.000,Elp1NMBI12RMuA1d,724.000,j6cPpRGMZFLjdI+l,738.000,376MU2u+8SnuxMQc,891.000,saIe+uO82j5dyZ0p,936.000,BupgNPzH9jc0Eppp,,,,
7,103,2026-04-04T02:27:40.342Z,747.000,8,486.000,BupgNPzH9jc0Eppp,501.000,bMnaMQqFkOGHDp0m,540.000,Elp1NMBI12RMuA1d,576.000,UZJgGqNAd1DJ7a5N,683.000,saIe+uO82j5dyZ0p,703.000,RghNkEQ73og/VlX2,739.000,376MU2u+8SnuxMQc,788.000,j6cPpRGMZFLjdI+l,,,,
7,104,2026-04-04T02:27:41.089Z,846.000,8,432.000,bMnaMQqFkOGHDp0m,508.000,UZJgGqNAd1DJ7a5N,560.000,j6cPpRGMZFLjdI+l,612.000,376MU2u+8SnuxMQc,644.000,Elp1NMBI12RMuA1d,797.000,saIe+uO82j5dyZ0p,836.000,BupgNPzH9jc0Eppp,1050.000,RghNkEQ73og/VlX2,,,,
7,105,2026-04-04T02:27:41.935Z,815.000,8,671.000,376MU2u+8SnuxMQc,685.000,Elp1NMBI12RMuA1d,699.000,UZJgGqNAd1DJ7a5N,713.000,bMnaMQqFkOGHDp0m,745.000,j6cPpRGMZFLjdI+l,773.000,BupgNPzH9jc0Eppp,801.000,saIe+uO82j5dyZ0p,818.000,RghNkEQ73og/VlX2,,,,
7,106,2026-04-04T02:27:42.750Z,524.000,8,316.000,376MU2u+8SnuxMQc,329.000,RghNkEQ73og/VlX2,358.000,UZJgGqNAd1DJ7a5N,392.000,bMnaMQqFkOGHDp0m,443.000,BupgNPzH9jc0Eppp,459.000,Elp1NMBI12RMuA1d,514.000,saIe+uO82j5dyZ0p,746.000,j6cPpRGMZFLjdI+l,,,,
7,107,2026-04-04T02:27:43.274Z,652.000,8,385.000,376MU2u+8SnuxMQc,410.000,RghNkEQ73og/VlX2,419.000,bMnaMQqFkOGHDp0m,460.000,UZJgGqNAd1DJ7a5N,561.000,BupgNPzH9jc0Eppp,576.000,Elp1NMBI12RMuA1d,637.000,j6cPpRGMZFLjdI+l,1077.000,saIe+uO82j5dyZ0p,,,,
7,108,2026-04-04T02:27:43.926Z,722.000,8,397.000,j6cPpRGMZFLjdI+l,442.000,bMnaMQqFkOGHDp0m,466.000,UZJgGqNAd1DJ7a5N,525.000,376MU2u+8SnuxMQc,536.000,Elp1NMBI12RMuA1d,542.000,RghNkEQ73og/VlX2,709.000,BupgNPzH9jc0Eppp,991.000,saIe+uO82j5dyZ0p,,,,
7,109,2026-04-04T02:27:44.648Z,551.000,8,366.000,UZJgGqNAd1DJ7a5N,396.000,j6cPpRGMZFLjdI+l,464.000,BupgNPzH9jc0Eppp,476.000,Elp1NMBI12RMuA1d,491.000,bMnaMQqFkOGHDp0m,509.000,376MU2u+8SnuxMQc,542.000,saIe+uO82j5dyZ0p,873.000,RghNkEQ73og/VlX2,,,,
7,110,2026-04-04T02:27:45.199Z,1890.000,8,393.000,376MU2u+8SnuxMQc,409.000,bMnaMQqFkOGHDp0m,428.000,Elp1NMBI12RMuA1d,476.000,BupgNPzH9jc0Eppp,1768.000,saIe+uO82j5dyZ0p,1852.000,j6cPpRGMZFLjdI+l,1866.000,RghNkEQ73og/VlX2,2485.000,UZJgGqNAd1DJ7a5N,,,,
7,111,2026-04-04T02:27:47.089Z,873.000,8,656.000,j6cPpRGMZFLjdI+l,675.000,UZJgGqNAd1DJ7a5N,686.000,376MU2u+8SnuxMQc,698.000,RghNkEQ73og/VlX2,723.000,BupgNPzH9jc0Eppp,826.000,Elp1NMBI12RMuA1d,863.000,saIe+uO82j5dyZ0p,883.000,bMnaMQqFkOGHDp0m,,,,
7,112,2026-04-04T02:27:47.962Z,816.000,8,459.000,UZJgGqNAd1DJ7a5N,530.000,376MU2u+8SnuxMQc,634.000,RghNkEQ73og/VlX2,650.000,bMnaMQqFkOGHDp0m,671.000,Elp1NMBI12RMuA1d,734.000,saIe+uO82j5dyZ0p,794.000,BupgNPzH9jc0Eppp,1103.000,j6cPpRGMZFLjdI+l,,,,
7,113,2026-04-04T02:27:48.778Z,1084.000,8,540.000,bMnaMQqFkOGHDp0m,717.000,376MU2u+8SnuxMQc,738.000,Elp1NMBI12RMuA1d,777.000,RghNkEQ73og/VlX2,839.000,BupgNPzH9jc0Eppp,1017.000,j6cPpRGMZFLjdI+l,1047.000,UZJgGqNAd1DJ7a5N,1249.000,saIe+uO82j5dyZ0p,,,,
7,114,2026-04-04T02:27:49.862Z,991.000,8,712.000,UZJgGqNAd1DJ7a5N,752.000,376MU2u+8SnuxMQc,765.000,bMnaMQqFkOGHDp0m,881.000,Elp1NMBI12RMuA1d,897.000,RghNkEQ73og/VlX2,932.000,j6cPpRGMZFLjdI+l,974.000,saIe+uO82j5dyZ0p,1020.000,BupgNPzH9jc0Eppp,,,,
7,115,2026-04-04T02:27:50.853Z,873.000,8,511.000,bMnaMQqFkOGHDp0m,531.000,UZJgGqNAd1DJ7a5N,626.000,RghNkEQ73og/VlX2,676.000,376MU2u+8SnuxMQc,728.000,Elp1NMBI12RMuA1d,796.000,saIe+uO82j5dyZ0p,858.000,BupgNPzH9jc0Eppp,1005.000,j6cPpRGMZFLjdI+l,,,,
7,116,2026-04-04T02:27:51.726Z,906.000,8,495.000,376MU2u+8SnuxMQc,510.000,bMnaMQqFkOGHDp0m,588.000,UZJgGqNAd1DJ7a5N,617.000,Elp1NMBI12RMuA1d,686.000,RghNkEQ73og/VlX2,727.000,saIe+uO82j5dyZ0p,1656.000,BupgNPzH9jc0Eppp,1052.000,j6cPpRGMZFLjdI+l,,,,
7,117,2026-04-04T02:27:52.632Z,1311.000,8,474.000,bMnaMQqFkOGHDp0m,497.000,376MU2u+8SnuxMQc,514.000,UZJgGqNAd1DJ7a5N,644.000,saIe+uO82j5dyZ0p,704.000,Elp1NMBI12RMuA1d,1147.000,RghNkEQ73og/VlX2,1302.000,BupgNPzH9jc0Eppp,2158.000,j6cPpRGMZFLjdI+l,,,,
7,118,2026-04-04T02:27:53.943Z,1595.000,7,450.000,UZJgGqNAd1DJ7a5N,508.000,376MU2u+8SnuxMQc,593.000,bMnaMQqFkOGHDp0m,687.000,saIe+uO82j5dyZ0p,710.000,Elp1NMBI12RMuA1d,775.000,RghNkEQ73og/VlX2,2349.000,BupgNPzH9jc0Eppp,,,,,,
7,119,2026-04-04T02:27:55.538Z,4207.000,8,1271.000,bMnaMQqFkOGHDp0m,1432.000,UZJgGqNAd1DJ7a5N,1461.000,376MU2u+8SnuxMQc,1642.000,saIe+uO82j5dyZ0p,2437.000,RghNkEQ73og/VlX2,2733.000,Elp1NMBI12RMuA1d,29136.000,BupgNPzH9jc0Eppp,7739.000,j6cPpRGMZFLjdI+l,,,,
7,120,2026-04-04T02:27:59.745Z,,0,,,,,,,,,,,,,,,,,,,,
8,1,2026-04-04T02:26:07.830Z,2459.000,7,920.000,kpmavFL5xFvBXmeS,1100.000,376MU2u+8SnuxMQc,1946.000,kJub+myNVnivJPH0,1983.000,bMnaMQqFkOGHDp0m,2925.000,RghNkEQ73og/VlX2,6096.000,BupgNPzH9jc0Eppp,4645.000,j6cPpRGMZFLjdI+l,,,,,,
8,2,2026-04-04T02:26:10.289Z,580.000,8,0.000,kJub+myNVnivJPH0,2.000,376MU2u+8SnuxMQc,19.000,kpmavFL5xFvBXmeS,260.000,bMnaMQqFkOGHDp0m,581.000,RghNkEQ73og/VlX2,546.000,Elp1NMBI12RMuA1d,3639.000,BupgNPzH9jc0Eppp,2188.000,j6cPpRGMZFLjdI+l,,,,
8,3,2026-04-04T02:26:10.869Z,405.000,9,81.000,376MU2u+8SnuxMQc,81.000,kJub+myNVnivJPH0,86.000,RghNkEQ73og/VlX2,164.000,kpmavFL5xFvBXmeS,335.000,Elp1NMBI12RMuA1d,337.000,saIe+uO82j5dyZ0p,405.000,bMnaMQqFkOGHDp0m,1610.000,j6cPpRGMZFLjdI+l,3061.000,BupgNPzH9jc0Eppp,,
8,4,2026-04-04T02:26:11.274Z,373.000,10,334.000,saIe+uO82j5dyZ0p,335.000,376MU2u+8SnuxMQc,344.000,Elp1NMBI12RMuA1d,363.000,RghNkEQ73og/VlX2,365.000,kpmavFL5xFvBXmeS,371.000,kJub+myNVnivJPH0,372.000,bMnaMQqFkOGHDp0m,644.000,UZJgGqNAd1DJ7a5N,2657.000,BupgNPzH9jc0Eppp,1206.000,j6cPpRGMZFLjdI+l
8,5,2026-04-04T02:26:11.647Z,427.000,10,314.000,Elp1NMBI12RMuA1d,426.000,kpmavFL5xFvBXmeS,426.000,kJub+myNVnivJPH0,426.000,376MU2u+8SnuxMQc,392.000,bMnaMQqFkOGHDp0m,427.000,saIe+uO82j5dyZ0p,427.000,RghNkEQ73og/VlX2,633.000,UZJgGqNAd1DJ7a5N,834.000,j6cPpRGMZFLjdI+l,2286.000,BupgNPzH9jc0Eppp
8,6,2026-04-04T02:26:12.074Z,381.000,10,295.000,Elp1NMBI12RMuA1d,380.000,saIe+uO82j5dyZ0p,380.000,bMnaMQqFkOGHDp0m,381.000,RghNkEQ73og/VlX2,381.000,kpmavFL5xFvBXmeS,381.000,376MU2u+8SnuxMQc,375.000,kJub+myNVnivJPH0,467.000,UZJgGqNAd1DJ7a5N,477.000,j6cPpRGMZFLjdI+l,1861.000,BupgNPzH9jc0Eppp
8,7,2026-04-04T02:26:12.455Z,403.000,10,325.000,Elp1NMBI12RMuA1d,398.000,bMnaMQqFkOGHDp0m,394.000,UZJgGqNAd1DJ7a5N,398.000,kpmavFL5xFvBXmeS,399.000,saIe+uO82j5dyZ0p,402.000,RghNkEQ73og/VlX2,403.000,376MU2u+8SnuxMQc,410.000,kJub+myNVnivJPH0,411.000,j6cPpRGMZFLjdI+l,1482.000,BupgNPzH9jc0Eppp
8,8,2026-04-04T02:26:12.858Z,408.000,10,325.000,Elp1NMBI12RMuA1d,396.000,kJub+myNVnivJPH0,397.000,j6cPpRGMZFLjdI+l,399.000,UZJgGqNAd1DJ7a5N,400.000,saIe+uO82j5dyZ0p,406.000,kpmavFL5xFvBXmeS,407.000,376MU2u+8SnuxMQc,409.000,RghNkEQ73og/VlX2,410.000,bMnaMQqFkOGHDp0m,1139.000,BupgNPzH9jc0Eppp
8,9,2026-04-04T02:26:13.266Z,405.000,10,323.000,Elp1NMBI12RMuA1d,361.000,UZJgGqNAd1DJ7a5N,393.000,RghNkEQ73og/VlX2,401.000,j6cPpRGMZFLjdI+l,402.000,kpmavFL5xFvBXmeS,403.000,376MU2u+8SnuxMQc,405.000,kJub+myNVnivJPH0,406.000,bMnaMQqFkOGHDp0m,411.000,saIe+uO82j5dyZ0p,812.000,BupgNPzH9jc0Eppp
8,10,2026-04-04T02:26:13.671Z,405.000,10,324.000,Elp1NMBI12RMuA1d,366.000,UZJgGqNAd1DJ7a5N,395.000,bMnaMQqFkOGHDp0m,401.000,kpmavFL5xFvBXmeS,402.000,376MU2u+8SnuxMQc,404.000,j6cPpRGMZFLjdI+l,405.000,saIe+uO82j5dyZ0p,406.000,RghNkEQ73og/VlX2,409.000,kJub+myNVnivJPH0,417.000,BupgNPzH9jc0Eppp
8,11,2026-04-04T02:26:14.076Z,407.000,10,325.000,Elp1NMBI12RMuA1d,366.000,UZJgGqNAd1DJ7a5N,401.000,saIe+uO82j5dyZ0p,402.000,376MU2u+8SnuxMQc,405.000,RghNkEQ73og/VlX2,406.000,BupgNPzH9jc0Eppp,407.000,j6cPpRGMZFLjdI+l,408.000,kpmavFL5xFvBXmeS,410.000,bMnaMQqFkOGHDp0m,419.000,kJub+myNVnivJPH0
8,12,2026-04-04T02:26:14.483Z,402.000,10,323.000,Elp1NMBI12RMuA1d,395.000,j6cPpRGMZFLjdI+l,397.000,kJub+myNVnivJPH0,398.000,376MU2u+8SnuxMQc,400.000,BupgNPzH9jc0Eppp,401.000,kpmavFL5xFvBXmeS,402.000,saIe+uO82j5dyZ0p,403.000,RghNkEQ73og/VlX2,406.000,bMnaMQqFkOGHDp0m,441.000,UZJgGqNAd1DJ7a5N
8,13,2026-04-04T02:26:14.885Z,408.000,10,328.000,Elp1NMBI12RMuA1d,363.000,UZJgGqNAd1DJ7a5N,396.000,bMnaMQqFkOGHDp0m,400.000,kJub+myNVnivJPH0,404.000,376MU2u+8SnuxMQc,407.000,j6cPpRGMZFLjdI+l,408.000,kpmavFL5xFvBXmeS,409.000,BupgNPzH9jc0Eppp,410.000,RghNkEQ73og/VlX2,413.000,saIe+uO82j5dyZ0p
8,14,2026-04-04T02:26:15.293Z,405.000,10,320.000,Elp1NMBI12RMuA1d,396.000,bMnaMQqFkOGHDp0m,399.000,kpmavFL5xFvBXmeS,400.000,376MU2u+8SnuxMQc,403.000,BupgNPzH9jc0Eppp,404.000,UZJgGqNAd1DJ7a5N,405.000,saIe+uO82j5dyZ0p,406.000,j6cPpRGMZFLjdI+l,408.000,kJub+myNVnivJPH0,409.000,RghNkEQ73og/VlX2
8,15,2026-04-04T02:26:15.698Z,407.000,10,326.000,Elp1NMBI12RMuA1d,393.000,UZJgGqNAd1DJ7a5N,401.000,bMnaMQqFkOGHDp0m,402.000,BupgNPzH9jc0Eppp,404.000,kJub+myNVnivJPH0,405.000,kpmavFL5xFvBXmeS,407.000,saIe+uO82j5dyZ0p,409.000,376MU2u+8SnuxMQc,413.000,RghNkEQ73og/VlX2,415.000,j6cPpRGMZFLjdI+l
8,16,2026-04-04T02:26:16.105Z,408.000,10,327.000,Elp1NMBI12RMuA1d,401.000,UZJgGqNAd1DJ7a5N,403.000,saIe+uO82j5dyZ0p,404.000,j6cPpRGMZFLjdI+l,405.000,376MU2u+8SnuxMQc,407.000,kpmavFL5xFvBXmeS,408.000,BupgNPzH9jc0Eppp,409.000,RghNkEQ73og/VlX2,414.000,kJub+myNVnivJPH0,416.000,bMnaMQqFkOGHDp0m
8,17,2026-04-04T02:26:16.513Z,400.000,10,319.000,Elp1NMBI12RMuA1d,390.000,bMnaMQqFkOGHDp0m,395.000,kpmavFL5xFvBXmeS,396.000,BupgNPzH9jc0Eppp,398.000,j6cPpRGMZFLjdI+l,399.000,kJub+myNVnivJPH0,400.000,UZJgGqNAd1DJ7a5N,402.000,saIe+uO82j5dyZ0p,403.000,376MU2u+8SnuxMQc,404.000,RghNkEQ73og/VlX2
8,18,2026-04-04T02:26:16.913Z,409.000,10,327.000,Elp1NMBI12RMuA1d,400.000,376MU2u+8SnuxMQc,403.000,BupgNPzH9jc0Eppp,405.000,bMnaMQqFkOGHDp0m,406.000,UZJgGqNAd1DJ7a5N,407.000,kJub+myNVnivJPH0,409.000,kpmavFL5xFvBXmeS,410.000,j6cPpRGMZFLjdI+l,412.000,RghNkEQ73og/VlX2,413.000,saIe+uO82j5dyZ0p
8,19,2026-04-04T02:26:17.322Z,408.000,10,326.000,Elp1NMBI12RMuA1d,398.000,UZJgGqNAd1DJ7a5N,401.000,kpmavFL5xFvBXmeS,404.000,BupgNPzH9jc0Eppp,406.000,376MU2u+8SnuxMQc,407.000,saIe+uO82j5dyZ0p,408.000,bMnaMQqFkOGHDp0m,410.000,j6cPpRGMZFLjdI+l,414.000,RghNkEQ73og/VlX2,415.000,kJub+myNVnivJPH0
8,20,2026-04-04T02:26:17.730Z,407.000,10,323.000,Elp1NMBI12RMuA1d,398.000,kJub+myNVnivJPH0,402.000,376MU2u+8SnuxMQc,403.000,BupgNPzH9jc0Eppp,405.000,j6cPpRGMZFLjdI+l,406.000,UZJgGqNAd1DJ7a5N,407.000,bMnaMQqFkOGHDp0m,408.000,kpmavFL5xFvBXmeS,410.000,RghNkEQ73og/VlX2,411.000,saIe+uO82j5dyZ0p
8,21,2026-04-04T02:26:18.137Z,407.000,10,324.000,Elp1NMBI12RMuA1d,396.000,kJub+myNVnivJPH0,398.000,376MU2u+8SnuxMQc,403.000,j6cPpRGMZFLjdI+l,404.000,BupgNPzH9jc0Eppp,405.000,RghNkEQ73og/VlX2,407.000,kpmavFL5xFvBXmeS,408.000,UZJgGqNAd1DJ7a5N,410.000,bMnaMQqFkOGHDp0m,412.000,saIe+uO82j5dyZ0p
8,22,2026-04-04T02:26:18.544Z,406.000,10,322.000,Elp1NMBI12RMuA1d,395.000,RghNkEQ73og/VlX2,396.000,376MU2u+8SnuxMQc,399.000,saIe+uO82j5dyZ0p,403.000,kJub+myNVnivJPH0,404.000,UZJgGqNAd1DJ7a5N,406.000,bMnaMQqFkOGHDp0m,407.000,kpmavFL5xFvBXmeS,408.000,j6cPpRGMZFLjdI+l,409.000,BupgNPzH9jc0Eppp
8,23,2026-04-04T02:26:18.950Z,406.000,10,323.000,Elp1NMBI12RMuA1d,392.000,376MU2u+8SnuxMQc,395.000,saIe+uO82j5dyZ0p,397.000,kpmavFL5xFvBXmeS,399.000,BupgNPzH9jc0Eppp,401.000,bMnaMQqFkOGHDp0m,406.000,kJub+myNVnivJPH0,407.000,UZJgGqNAd1DJ7a5N,408.000,j6cPpRGMZFLjdI+l,413.000,RghNkEQ73og/VlX2
8,24,2026-04-04T02:26:19.356Z,403.000,10,321.000,Elp1NMBI12RMuA1d,393.000,j6cPpRGMZFLjdI+l,395.000,BupgNPzH9jc0Eppp,398.000,kJub+myNVnivJPH0,400.000,376MU2u+8SnuxMQc,401.000,bMnaMQqFkOGHDp0m,403.000,UZJgGqNAd1DJ7a5N,404.000,saIe+uO82j5dyZ0p,405.000,kpmavFL5xFvBXmeS,407.000,RghNkEQ73og/VlX2
8,25,2026-04-04T02:26:19.759Z,409.000,10,324.000,Elp1NMBI12RMuA1d,399.000,saIe+uO82j5dyZ0p,401.000,RghNkEQ73og/VlX2,405.000,bMnaMQqFkOGHDp0m,406.000,376MU2u+8SnuxMQc,408.000,j6cPpRGMZFLjdI+l,409.000,BupgNPzH9jc0Eppp,410.000,kJub+myNVnivJPH0,411.000,UZJgGqNAd1DJ7a5N,421.000,kpmavFL5xFvBXmeS
8,26,2026-04-04T02:26:20.168Z,407.000,10,323.000,Elp1NMBI12RMuA1d,397.000,bMnaMQqFkOGHDp0m,399.000,kJub+myNVnivJPH0,400.000,kpmavFL5xFvBXmeS,401.000,376MU2u+8SnuxMQc,405.000,RghNkEQ73og/VlX2,406.000,saIe+uO82j5dyZ0p,408.000,UZJgGqNAd1DJ7a5N,409.000,j6cPpRGMZFLjdI+l,410.000,BupgNPzH9jc0Eppp
8,27,2026-04-04T02:26:20.575Z,406.000,10,323.000,Elp1NMBI12RMuA1d,397.000,UZJgGqNAd1DJ7a5N,399.000,bMnaMQqFkOGHDp0m,402.000,j6cPpRGMZFLjdI+l,403.000,376MU2u+8SnuxMQc,405.000,kpmavFL5xFvBXmeS,406.000,kJub+myNVnivJPH0,407.000,saIe+uO82j5dyZ0p,409.000,BupgNPzH9jc0Eppp,413.000,RghNkEQ73og/VlX2
8,28,2026-04-04T02:26:20.981Z,408.000,10,325.000,Elp1NMBI12RMuA1d,398.000,UZJgGqNAd1DJ7a5N,399.000,RghNkEQ73og/VlX2,401.000,376MU2u+8SnuxMQc,402.000,kJub+myNVnivJPH0,406.000,saIe+uO82j5dyZ0p,408.000,j6cPpRGMZFLjdI+l,410.000,BupgNPzH9jc0Eppp,411.000,kpmavFL5xFvBXmeS,414.000,bMnaMQqFkOGHDp0m
8,29,2026-04-04T02:26:21.389Z,402.000,10,321.000,Elp1NMBI12RMuA1d,388.000,376MU2u+8SnuxMQc,399.000,saIe+uO82j5dyZ0p,400.000,RghNkEQ73og/VlX2,401.000,j6cPpRGMZFLjdI+l,402.000,kJub+myNVnivJPH0,402.000,kpmavFL5xFvBXmeS,408.000,UZJgGqNAd1DJ7a5N,413.000,BupgNPzH9jc0Eppp,414.000,bMnaMQqFkOGHDp0m
8,30,2026-04-04T02:26:21.791Z,410.000,10,326.000,Elp1NMBI12RMuA1d,400.000,BupgNPzH9jc0Eppp,402.000,bMnaMQqFkOGHDp0m,403.000,376MU2u+8SnuxMQc,408.000,j6cPpRGMZFLjdI+l,409.000,RghNkEQ73og/VlX2,410.000,UZJgGqNAd1DJ7a5N,410.000,kpmavFL5xFvBXmeS,411.000,kJub+myNVnivJPH0,412.000,saIe+uO82j5dyZ0p
8,31,2026-04-04T02:26:22.201Z,405.000,10,323.000,Elp1NMBI12RMuA1d,392.000,BupgNPzH9jc0Eppp,398.000,j6cPpRGMZFLjdI+l,401.000,bMnaMQqFkOGHDp0m,402.000,UZJgGqNAd1DJ7a5N,404.000,kpmavFL5xFvBXmeS,405.000,376MU2u+8SnuxMQc,407.000,saIe+uO82j5dyZ0p,408.000,kJub+myNVnivJPH0,411.000,RghNkEQ73og/VlX2
8,32,2026-04-04T02:26:22.606Z,410.000,10,327.000,Elp1NMBI12RMuA1d,398.000,376MU2u+8SnuxMQc,401.000,BupgNPzH9jc0Eppp,406.000,UZJgGqNAd1DJ7a5N,407.000,j6cPpRGMZFLjdI+l,409.000,saIe+uO82j5dyZ0p,410.000,RghNkEQ73og/VlX2,411.000,kpmavFL5xFvBXmeS,414.000,kJub+myNVnivJPH0,415.000,bMnaMQqFkOGHDp0m
8,33,2026-04-04T02:26:23.016Z,406.000,10,322.000,Elp1NMBI12RMuA1d,398.000,RghNkEQ73og/VlX2,399.000,bMnaMQqFkOGHDp0m,402.000,BupgNPzH9jc0Eppp,403.000,j6cPpRGMZFLjdI+l,404.000,376MU2u+8SnuxMQc,406.000,saIe+uO82j5dyZ0p,407.000,kpmavFL5xFvBXmeS,408.000,UZJgGqNAd1DJ7a5N,410.000,kJub+myNVnivJPH0
8,34,2026-04-04T02:26:23.422Z,404.000,10,320.000,Elp1NMBI12RMuA1d,397.000,kJub+myNVnivJPH0,399.000,RghNkEQ73og/VlX2,400.000,j6cPpRGMZFLjdI+l,401.000,saIe+uO82j5dyZ0p,402.000,kpmavFL5xFvBXmeS,404.000,bMnaMQqFkOGHDp0m,405.000,UZJgGqNAd1DJ7a5N,406.000,BupgNPzH9jc0Eppp,410.000,376MU2u+8SnuxMQc
8,35,2026-04-04T02:26:23.826Z,408.000,10,327.000,Elp1NMBI12RMuA1d,397.000,kpmavFL5xFvBXmeS,399.000,bMnaMQqFkOGHDp0m,402.000,RghNkEQ73og/VlX2,404.000,UZJgGqNAd1DJ7a5N,406.000,j6cPpRGMZFLjdI+l,408.000,376MU2u+8SnuxMQc,412.000,BupgNPzH9jc0Eppp,414.000,saIe+uO82j5dyZ0p,416.000,kJub+myNVnivJPH0
8,36,2026-04-04T02:26:24.234Z,408.000,10,325.000,Elp1NMBI12RMuA1d,400.000,376MU2u+8SnuxMQc,402.000,RghNkEQ73og/VlX2,404.000,kJub+myNVnivJPH0,405.000,kpmavFL5xFvBXmeS,407.000,bMnaMQqFkOGHDp0m,408.000,saIe+uO82j5dyZ0p,409.000,UZJgGqNAd1DJ7a5N,411.000,j6cPpRGMZFLjdI+l,414.000,BupgNPzH9jc0Eppp
8,37,2026-04-04T02:26:24.642Z,653.000,7,288.000,Elp1NMBI12RMuA1d,431.000,UZJgGqNAd1DJ7a5N,437.000,bMnaMQqFkOGHDp0m,514.000,RghNkEQ73og/VlX2,621.000,j6cPpRGMZFLjdI+l,648.000,saIe+uO82j5dyZ0p,653.000,376MU2u+8SnuxMQc,,,,,,
8,38,2026-04-04T02:26:25.295Z,584.000,9,476.000,Elp1NMBI12RMuA1d,497.000,RghNkEQ73og/VlX2,504.000,376MU2u+8SnuxMQc,510.000,UZJgGqNAd1DJ7a5N,537.000,BupgNPzH9jc0Eppp,559.000,saIe+uO82j5dyZ0p,581.000,j6cPpRGMZFLjdI+l,602.000,kJub+myNVnivJPH0,995.000,kpmavFL5xFvBXmeS,,
8,39,2026-04-04T02:26:25.879Z,842.000,10,458.000,Elp1NMBI12RMuA1d,692.000,UZJgGqNAd1DJ7a5N,728.000,BupgNPzH9jc0Eppp,760.000,saIe+uO82j5dyZ0p,782.000,kJub+myNVnivJPH0,806.000,kpmavFL5xFvBXmeS,834.000,j6cPpRGMZFLjdI+l,845.000,RghNkEQ73og/VlX2,900.000,376MU2u+8SnuxMQc,2329.000,bMnaMQqFkOGHDp0m
8,40,2026-04-04T02:26:26.721Z,821.000,10,650.000,Elp1NMBI12RMuA1d,706.000,kJub+myNVnivJPH0,732.000,BupgNPzH9jc0Eppp,756.000,j6cPpRGMZFLjdI+l,780.000,kpmavFL5xFvBXmeS,793.000,376MU2u+8SnuxMQc,814.000,RghNkEQ73og/VlX2,840.000,saIe+uO82j5dyZ0p,890.000,UZJgGqNAd1DJ7a5N,918.000,bMnaMQqFkOGHDp0m
8,41,2026-04-04T02:26:27.542Z,844.000,10,630.000,Elp1NMBI12RMuA1d,706.000,kpmavFL5xFvBXmeS,739.000,j6cPpRGMZFLjdI+l,773.000,saIe+uO82j5dyZ0p,792.000,376MU2u+8SnuxMQc,807.000,RghNkEQ73og/VlX2,833.000,kJub+myNVnivJPH0,848.000,UZJgGqNAd1DJ7a5N,924.000,bMnaMQqFkOGHDp0m,1712.000,BupgNPzH9jc0Eppp
8,42,2026-04-04T02:26:28.386Z,1473.000,10,1287.000,Elp1NMBI12RMuA1d,1309.000,376MU2u+8SnuxMQc,1343.000,bMnaMQqFkOGHDp0m,1374.000,saIe+uO82j5dyZ0p,1412.000,kJub+myNVnivJPH0,1430.000,UZJgGqNAd1DJ7a5N,1462.000,RghNkEQ73og/VlX2,1498.000,j6cPpRGMZFLjdI+l,1576.000,BupgNPzH9jc0Eppp,1612.000,kpmavFL5xFvBXmeS
8,43,2026-04-04T02:26:29.859Z,1088.000,10,695.000,Elp1NMBI12RMuA1d,898.000,j6cPpRGMZFLjdI+l,919.000,376MU2u+8SnuxMQc,959.000,RghNkEQ73og/VlX2,995.000,BupgNPzH9jc0Eppp,1036.000,kpmavFL5xFvBXmeS,1077.000,saIe+uO82j5dyZ0p,1117.000,kJub+myNVnivJPH0,1209.000,UZJgGqNAd1DJ7a5N,1253.000,bMnaMQqFkOGHDp0m
8,44,2026-04-04T02:26:30.947Z,1157.000,10,814.000,Elp1NMBI12RMuA1d,845.000,RghNkEQ73og/VlX2,878.000,376MU2u+8SnuxMQc,930.000,kpmavFL5xFvBXmeS,964.000,UZJgGqNAd1DJ7a5N,1004.000,BupgNPzH9jc0Eppp,1136.000,kJub+myNVnivJPH0,1185.000,bMnaMQqFkOGHDp0m,1311.000,j6cPpRGMZFLjdI+l,1356.000,saIe+uO82j5dyZ0p
8,45,2026-04-04T02:26:32.104Z,1145.000,10,807.000,Elp1NMBI12RMuA1d,910.000,376MU2u+8SnuxMQc,947.000,kpmavFL5xFvBXmeS,987.000,j6cPpRGMZFLjdI+l,1045.000,RghNkEQ73og/VlX2,1088.000,UZJgGqNAd1DJ7a5N,1130.000,saIe+uO82j5dyZ0p,1242.000,kJub+myNVnivJPH0,1391.000,BupgNPzH9jc0Eppp,1500.000,bMnaMQqFkOGHDp0m
8,46,2026-04-04T02:26:33.249Z,1155.000,10,564.000,Elp1NMBI12RMuA1d,847.000,376MU2u+8SnuxMQc,894.000,saIe+uO82j5dyZ0p,931.000,kJub+myNVnivJPH0,947.000,UZJgGqNAd1DJ7a5N,988.000,RghNkEQ73og/VlX2,1134.000,j6cPpRGMZFLjdI+l,1309.000,kpmavFL5xFvBXmeS,1365.000,BupgNPzH9jc0Eppp,2041.000,bMnaMQqFkOGHDp0m
8,47,2026-04-04T02:26:34.404Z,1023.000,10,785.000,Elp1NMBI12RMuA1d,815.000,376MU2u+8SnuxMQc,848.000,j6cPpRGMZFLjdI+l,924.000,kJub+myNVnivJPH0,957.000,BupgNPzH9jc0Eppp,989.000,bMnaMQqFkOGHDp0m,1003.000,UZJgGqNAd1DJ7a5N,1035.000,RghNkEQ73og/VlX2,1079.000,saIe+uO82j5dyZ0p,1185.000,kpmavFL5xFvBXmeS
8,48,2026-04-04T02:26:35.427Z,1006.000,10,746.000,Elp1NMBI12RMuA1d,806.000,kpmavFL5xFvBXmeS,847.000,UZJgGqNAd1DJ7a5N,904.000,saIe+uO82j5dyZ0p,929.000,RghNkEQ73og/VlX2,958.000,376MU2u+8SnuxMQc,994.000,kJub+myNVnivJPH0,1096.000,BupgNPzH9jc0Eppp,1133.000,j6cPpRGMZFLjdI+l,1174.000,bMnaMQqFkOGHDp0m
8,49,2026-04-04T02:26:36.433Z,1020.000,10,700.000,Elp1NMBI12RMuA1d,833.000,376MU2u+8SnuxMQc,893.000,saIe+uO82j5dyZ0p,922.000,UZJgGqNAd1DJ7a5N,943.000,RghNkEQ73og/VlX2,973.000,j6cPpRGMZFLjdI+l,1010.000,kJub+myNVnivJPH0,1048.000,kpmavFL5xFvBXmeS,1131.000,BupgNPzH9jc0Eppp,1447.000,bMnaMQqFkOGHDp0m
8,50,2026-04-04T02:26:37.453Z,1005.000,10,660.000,Elp1NMBI12RMuA1d,683.000,376MU2u+8SnuxMQc,795.000,kJub+myNVnivJPH0,811.000,RghNkEQ73og/VlX2,844.000,UZJgGqNAd1DJ7a5N,934.000,kpmavFL5xFvBXmeS,990.000,j6cPpRGMZFLjdI+l,1127.000,BupgNPzH9jc0Eppp,1299.000,saIe+uO82j5dyZ0p,1332.000,bMnaMQqFkOGHDp0m
8,51,2026-04-04T02:26:38.458Z,793.000,10,553.000,376MU2u+8SnuxMQc,643.000,Elp1NMBI12RMuA1d,664.000,UZJgGqNAd1DJ7a5N,696.000,kJub+myNVnivJPH0,728.000,j6cPpRGMZFLjdI+l,755.000,kpmavFL5xFvBXmeS,782.000,saIe+uO82j5dyZ0p,814.000,bMnaMQqFkOGHDp0m,900.000,BupgNPzH9jc0Eppp,914.000,RghNkEQ73og/VlX2
8,52,2026-04-04T02:26:39.251Z,1003.000,10,670.000,Elp1NMBI12RMuA1d,755.000,UZJgGqNAd1DJ7a5N,834.000,kJub+myNVnivJPH0,877.000,j6cPpRGMZFLjdI+l,917.000,kpmavFL5xFvBXmeS,950.000,bMnaMQqFkOGHDp0m,991.000,saIe+uO82j5dyZ0p,1023.000,BupgNPzH9jc0Eppp,1090.000,RghNkEQ73og/VlX2,1349.000,376MU2u+8SnuxMQc
8,53,2026-04-04T02:26:40.254Z,929.000,10,640.000,Elp1NMBI12RMuA1d,669.000,j6cPpRGMZFLjdI+l,698.000,kJub+myNVnivJPH0,731.000,kpmavFL5xFvBXmeS,782.000,saIe+uO82j5dyZ0p,805.000,UZJgGqNAd1DJ7a5N,912.000,BupgNPzH9jc0Eppp,933.000,376MU2u+8SnuxMQc,1190.000,bMnaMQqFkOGHDp0m,1280.000,RghNkEQ73og/VlX2
8,54,2026-04-04T02:26:41.183Z,967.000,10,684.000,Elp1NMBI12RMuA1d,816.000,j6cPpRGMZFLjdI+l,833.000,UZJgGqNAd1DJ7a5N,867.000,kpmavFL5xFvBXmeS,898.000,kJub+myNVnivJPH0,931.000,saIe+uO82j5dyZ0p,946.000,376MU2u+8SnuxMQc,1015.000,bMnaMQqFkOGHDp0m,1100.000,BupgNPzH9jc0Eppp,1663.000,RghNkEQ73og/VlX2
8,55,2026-04-04T02:26:42.150Z,1077.000,10,753.000,saIe+uO82j5dyZ0p,851.000,Elp1NMBI12RMuA1d,867.000,376MU2u+8SnuxMQc,921.000,j6cPpRGMZFLjdI+l,959.000,kpmavFL5xFvBXmeS,1030.000,bMnaMQqFkOGHDp0m,1065.000,kJub+myNVnivJPH0,1158.000,UZJgGqNAd1DJ7a5N,1361.000,BupgNPzH9jc0Eppp,1880.000,RghNkEQ73og/VlX2
8,56,2026-04-04T02:26:43.227Z,1027.000,10,564.000,Elp1NMBI12RMuA1d,787.000,kJub+myNVnivJPH0,877.000,UZJgGqNAd1DJ7a5N,892.000,376MU2u+8SnuxMQc,938.000,j6cPpRGMZFLjdI+l,975.000,kpmavFL5xFvBXmeS,1014.000,saIe+uO82j5dyZ0p,1448.000,BupgNPzH9jc0Eppp,1563.000,bMnaMQqFkOGHDp0m,1905.000,RghNkEQ73og/VlX2
8,57,2026-04-04T02:26:44.254Z,1009.000,10,768.000,j6cPpRGMZFLjdI+l,783.000,UZJgGqNAd1DJ7a5N,801.000,Elp1NMBI12RMuA1d,838.000,kpmavFL5xFvBXmeS,856.000,376MU2u+8SnuxMQc,951.000,saIe+uO82j5dyZ0p,997.000,kJub+myNVnivJPH0,1563.000,BupgNPzH9jc0Eppp,1730.000,bMnaMQqFkOGHDp0m,1847.000,RghNkEQ73og/VlX2
8,58,2026-04-04T02:26:45.263Z,1066.000,10,478.000,Elp1NMBI12RMuA1d,743.000,376MU2u+8SnuxMQc,876.000,kJub+myNVnivJPH0,961.000,saIe+uO82j5dyZ0p,980.000,UZJgGqNAd1DJ7a5N,1018.000,j6cPpRGMZFLjdI+l,1053.000,kpmavFL5xFvBXmeS,1426.000,BupgNPzH9jc0Eppp,1687.000,bMnaMQqFkOGHDp0m,1938.000,RghNkEQ73og/VlX2
8,59,2026-04-04T02:26:46.329Z,970.000,9,328.000,UZJgGqNAd1DJ7a5N,401.000,kJub+myNVnivJPH0,437.000,j6cPpRGMZFLjdI+l,576.000,Elp1NMBI12RMuA1d,758.000,saIe+uO82j5dyZ0p,829.000,376MU2u+8SnuxMQc,951.000,kpmavFL5xFvBXmeS,1342.000,BupgNPzH9jc0Eppp,1462.000,bMnaMQqFkOGHDp0m,,
8,60,2026-04-04T02:26:47.299Z,923.000,9,705.000,kpmavFL5xFvBXmeS,717.000,Elp1NMBI12RMuA1d,761.000,376MU2u+8SnuxMQc,804.000,j6cPpRGMZFLjdI+l,821.000,UZJgGqNAd1DJ7a5N,868.000,saIe+uO82j5dyZ0p,911.000,kJub+myNVnivJPH0,1334.000,BupgNPzH9jc0Eppp,1432.000,bMnaMQqFkOGHDp0m,,
8,61,2026-04-04T02:26:48.222Z,1256.000,10,712.000,Elp1NMBI12RMuA1d,918.000,saIe+uO82j5dyZ0p,953.000,j6cPpRGMZFLjdI+l,977.000,376MU2u+8SnuxMQc,1011.000,kJub+myNVnivJPH0,1081.000,UZJgGqNAd1DJ7a5N,1237.000,kpmavFL5xFvBXmeS,1548.000,bMnaMQqFkOGHDp0m,1721.000,BupgNPzH9jc0Eppp,2700.000,RghNkEQ73og/VlX2
8,62,2026-04-04T02:26:49.478Z,1027.000,9,616.000,Elp1NMBI12RMuA1d,700.000,UZJgGqNAd1DJ7a5N,726.000,376MU2u+8SnuxMQc,892.000,kpmavFL5xFvBXmeS,931.000,saIe+uO82j5dyZ0p,972.000,kJub+myNVnivJPH0,1013.000,j6cPpRGMZFLjdI+l,1049.000,bMnaMQqFkOGHDp0m,1346.000,BupgNPzH9jc0Eppp,,
8,63,2026-04-04T02:26:50.505Z,1030.000,9,793.000,Elp1NMBI12RMuA1d,833.000,kJub+myNVnivJPH0,903.000,saIe+uO82j5dyZ0p,946.000,j6cPpRGMZFLjdI+l,981.000,bMnaMQqFkOGHDp0m,999.000,UZJgGqNAd1DJ7a5N,1021.000,376MU2u+8SnuxMQc,1136.000,kpmavFL5xFvBXmeS,1214.000,BupgNPzH9jc0Eppp,,
8,64,2026-04-04T02:26:51.535Z,1077.000,9,462.000,Elp1NMBI12RMuA1d,676.000,UZJgGqNAd1DJ7a5N,846.000,kJub+myNVnivJPH0,870.000,376MU2u+8SnuxMQc,913.000,j6cPpRGMZFLjdI+l,948.000,saIe+uO82j5dyZ0p,1063.000,kpmavFL5xFvBXmeS,1469.000,BupgNPzH9jc0Eppp,1573.000,bMnaMQqFkOGHDp0m,,
8,65,2026-04-04T02:26:52.612Z,1114.000,9,850.000,Elp1NMBI12RMuA1d,889.000,j6cPpRGMZFLjdI+l,985.000,kJub+myNVnivJPH0,1003.000,UZJgGqNAd1DJ7a5N,1043.000,kpmavFL5xFvBXmeS,1078.000,saIe+uO82j5dyZ0p,1098.000,376MU2u+8SnuxMQc,1140.000,bMnaMQqFkOGHDp0m,1221.000,BupgNPzH9jc0Eppp,,
8,66,2026-04-04T02:26:53.726Z,922.000,9,633.000,Elp1NMBI12RMuA1d,732.000,UZJgGqNAd1DJ7a5N,755.000,376MU2u+8SnuxMQc,792.000,bMnaMQqFkOGHDp0m,831.000,kpmavFL5xFvBXmeS,869.000,BupgNPzH9jc0Eppp,908.000,j6cPpRGMZFLjdI+l,1051.000,saIe+uO82j5dyZ0p,1446.000,kJub+myNVnivJPH0,,
8,67,2026-04-04T02:26:54.648Z,1145.000,10,637.000,j6cPpRGMZFLjdI+l,652.000,Elp1NMBI12RMuA1d,702.000,saIe+uO82j5dyZ0p,861.000,UZJgGqNAd1DJ7a5N,990.000,kpmavFL5xFvBXmeS,1037.000,376MU2u+8SnuxMQc,1130.000,BupgNPzH9jc0Eppp,1271.000,kJub+myNVnivJPH0,1664.000,bMnaMQqFkOGHDp0m,1685.000,RghNkEQ73og/VlX2
8,68,2026-04-04T02:26:55.793Z,1050.000,10,611.000,Elp1NMBI12RMuA1d,626.000,UZJgGqNAd1DJ7a5N,639.000,376MU2u+8SnuxMQc,824.000,kJub+myNVnivJPH0,866.000,kpmavFL5xFvBXmeS,967.000,j6cPpRGMZFLjdI+l,1037.000,saIe+uO82j5dyZ0p,1164.000,BupgNPzH9jc0Eppp,1357.000,bMnaMQqFkOGHDp0m,1652.000,RghNkEQ73og/VlX2
8,69,2026-04-04T02:26:56.843Z,1213.000,10,711.000,Elp1NMBI12RMuA1d,1019.000,376MU2u+8SnuxMQc,1042.000,UZJgGqNAd1DJ7a5N,1076.000,bMnaMQqFkOGHDp0m,1117.000,saIe+uO82j5dyZ0p,1154.000,BupgNPzH9jc0Eppp,1197.000,kpmavFL5xFvBXmeS,1240.000,j6cPpRGMZFLjdI+l,1346.000,RghNkEQ73og/VlX2,1887.000,kJub+myNVnivJPH0
8,70,2026-04-04T02:26:58.056Z,940.000,10,631.000,Elp1NMBI12RMuA1d,798.000,kpmavFL5xFvBXmeS,836.000,j6cPpRGMZFLjdI+l,869.000,bMnaMQqFkOGHDp0m,887.000,376MU2u+8SnuxMQc,916.000,UZJgGqNAd1DJ7a5N,932.000,RghNkEQ73og/VlX2,966.000,BupgNPzH9jc0Eppp,1085.000,saIe+uO82j5dyZ0p,1705.000,kJub+myNVnivJPH0
8,71,2026-04-04T02:26:58.996Z,1299.000,10,710.000,Elp1NMBI12RMuA1d,873.000,376MU2u+8SnuxMQc,910.000,kpmavFL5xFvBXmeS,948.000,j6cPpRGMZFLjdI+l,982.000,BupgNPzH9jc0Eppp,1203.000,UZJgGqNAd1DJ7a5N,1286.000,saIe+uO82j5dyZ0p,1324.000,bMnaMQqFkOGHDp0m,1394.000,RghNkEQ73og/VlX2,1540.000,kJub+myNVnivJPH0
8,72,2026-04-04T02:27:00.295Z,1022.000,10,669.000,Elp1NMBI12RMuA1d,711.000,kpmavFL5xFvBXmeS,749.000,bMnaMQqFkOGHDp0m,834.000,UZJgGqNAd1DJ7a5N,882.000,376MU2u+8SnuxMQc,946.000,j6cPpRGMZFLjdI+l,1007.000,saIe+uO82j5dyZ0p,1051.000,BupgNPzH9jc0Eppp,1144.000,kJub+myNVnivJPH0,1337.000,RghNkEQ73og/VlX2
8,73,2026-04-04T02:27:01.317Z,966.000,10,727.000,Elp1NMBI12RMuA1d,774.000,saIe+uO82j5dyZ0p,798.000,376MU2u+8SnuxMQc,827.000,kJub+myNVnivJPH0,844.000,UZJgGqNAd1DJ7a5N,892.000,BupgNPzH9jc0Eppp,954.000,j6cPpRGMZFLjdI+l,1058.000,kpmavFL5xFvBXmeS,1145.000,RghNkEQ73og/VlX2,1363.000,bMnaMQqFkOGHDp0m
8,74,2026-04-04T02:27:02.283Z,1270.000,10,659.000,Elp1NMBI12RMuA1d,763.000,j6cPpRGMZFLjdI+l,781.000,376MU2u+8SnuxMQc,891.000,kJub+myNVnivJPH0,941.000,saIe+uO82j5dyZ0p,975.000,kpmavFL5xFvBXmeS,1256.000,BupgNPzH9jc0Eppp,1278.000,UZJgGqNAd1DJ7a5N,1343.000,RghNkEQ73og/VlX2,1662.000,bMnaMQqFkOGHDp0m
8,75,2026-04-04T02:27:03.553Z,1168.000,10,702.000,kpmavFL5xFvBXmeS,824.000,376MU2u+8SnuxMQc,834.000,Elp1NMBI12RMuA1d,947.000,UZJgGqNAd1DJ7a5N,1057.000,bMnaMQqFkOGHDp0m,1119.000,j6cPpRGMZFLjdI+l,1155.000,kJub+myNVnivJPH0,1200.000,saIe+uO82j5dyZ0p,1290.000,RghNkEQ73og/VlX2,1392.000,BupgNPzH9jc0Eppp
8,76,2026-04-04T02:27:04.721Z,1157.000,10,803.000,Elp1NMBI12RMuA1d,881.000,kJub+myNVnivJPH0,906.000,376MU2u+8SnuxMQc,965.000,UZJgGqNAd1DJ7a5N,1038.000,j6cPpRGMZFLjdI+l,1088.000,kpmavFL5xFvBXmeS,1140.000,bMnaMQqFkOGHDp0m,1163.000,RghNkEQ73og/VlX2,1203.000,saIe+uO82j5dyZ0p,1320.000,BupgNPzH9jc0Eppp
8,77,2026-04-04T02:27:05.878Z,1324.000,10,782.000,Elp1NMBI12RMuA1d,1008.000,UZJgGqNAd1DJ7a5N,1119.000,kpmavFL5xFvBXmeS,1143.000,376MU2u+8SnuxMQc,1214.000,kJub+myNVnivJPH0,1266.000,j6cPpRGMZFLjdI+l,1307.000,bMnaMQqFkOGHDp0m,1474.000,BupgNPzH9jc0Eppp,1917.000,saIe+uO82j5dyZ0p,2094.000,RghNkEQ73og/VlX2
8,78,2026-04-04T02:27:07.202Z,1165.000,10,911.000,UZJgGqNAd1DJ7a5N,952.000,Elp1NMBI12RMuA1d,986.000,376MU2u+8SnuxMQc,1023.000,bMnaMQqFkOGHDp0m,1066.000,j6cPpRGMZFLjdI+l,1106.000,BupgNPzH9jc0Eppp,1150.000,kJub+myNVnivJPH0,1260.000,kpmavFL5xFvBXmeS,1627.000,RghNkEQ73og/VlX2,1764.000,saIe+uO82j5dyZ0p
8,79,2026-04-04T02:27:08.367Z,1511.000,10,550.000,Elp1NMBI12RMuA1d,950.000,kJub+myNVnivJPH0,984.000,UZJgGqNAd1DJ7a5N,1137.000,bMnaMQqFkOGHDp0m,1381.000,j6cPpRGMZFLjdI+l,1438.000,BupgNPzH9jc0Eppp,1472.000,376MU2u+8SnuxMQc,1597.000,kpmavFL5xFvBXmeS,2160.000,RghNkEQ73og/VlX2,2298.000,saIe+uO82j5dyZ0p
8,80,2026-04-04T02:27:09.878Z,1291.000,10,616.000,Elp1NMBI12RMuA1d,830.000,UZJgGqNAd1DJ7a5N,1028.000,bMnaMQqFkOGHDp0m,1049.000,376MU2u+8SnuxMQc,1107.000,kJub+myNVnivJPH0,1155.000,j6cPpRGMZFLjdI+l,1270.000,BupgNPzH9jc0Eppp,1956.000,kpmavFL5xFvBXmeS,2005.000,saIe+uO82j5dyZ0p,2180.000,RghNkEQ73og/VlX2
8,81,2026-04-04T02:27:11.169Z,1241.000,9,600.000,Elp1NMBI12RMuA1d,827.000,376MU2u+8SnuxMQc,938.000,kJub+myNVnivJPH0,1078.000,BupgNPzH9jc0Eppp,1102.000,UZJgGqNAd1DJ7a5N,1165.000,j6cPpRGMZFLjdI+l,1225.000,bMnaMQqFkOGHDp0m,1902.000,saIe+uO82j5dyZ0p,2363.000,RghNkEQ73og/VlX2,,
8,82,2026-04-04T02:27:12.410Z,1265.000,9,723.000,UZJgGqNAd1DJ7a5N,743.000,Elp1NMBI12RMuA1d,997.000,j6cPpRGMZFLjdI+l,1042.000,kJub+myNVnivJPH0,1095.000,bMnaMQqFkOGHDp0m,1205.000,376MU2u+8SnuxMQc,1247.000,BupgNPzH9jc0Eppp,1889.000,saIe+uO82j5dyZ0p,2374.000,kpmavFL5xFvBXmeS,,
8,83,2026-04-04T02:27:13.675Z,1419.000,9,556.000,Elp1NMBI12RMuA1d,687.000,BupgNPzH9jc0Eppp,894.000,kJub+myNVnivJPH0,942.000,j6cPpRGMZFLjdI+l,1170.000,376MU2u+8SnuxMQc,1301.000,bMnaMQqFkOGHDp0m,1404.000,UZJgGqNAd1DJ7a5N,1821.000,saIe+uO82j5dyZ0p,2179.000,RghNkEQ73og/VlX2,,
8,84,2026-04-04T02:27:15.094Z,1239.000,9,836.000,Elp1NMBI12RMuA1d,857.000,UZJgGqNAd1DJ7a5N,876.000,376MU2u+8SnuxMQc,1077.000,j6cPpRGMZFLjdI+l,1135.000,kJub+myNVnivJPH0,1181.000,BupgNPzH9jc0Eppp,1225.000,bMnaMQqFkOGHDp0m,1264.000,saIe+uO82j5dyZ0p,1994.000,RghNkEQ73og/VlX2,,
8,85,2026-04-04T02:27:16.333Z,1182.000,8,635.000,Elp1NMBI12RMuA1d,709.000,saIe+uO82j5dyZ0p,730.000,376MU2u+8SnuxMQc,850.000,j6cPpRGMZFLjdI+l,924.000,kJub+myNVnivJPH0,965.000,BupgNPzH9jc0Eppp,1169.000,UZJgGqNAd1DJ7a5N,1211.000,bMnaMQqFkOGHDp0m,,,,
8,86,2026-04-04T02:27:17.515Z,1518.000,9,907.000,Elp1NMBI12RMuA1d,1183.000,376MU2u+8SnuxMQc,1219.000,saIe+uO82j5dyZ0p,1259.000,j6cPpRGMZFLjdI+l,1302.000,BupgNPzH9jc0Eppp,1445.000,kJub+myNVnivJPH0,1477.000,RghNkEQ73og/VlX2,1749.000,bMnaMQqFkOGHDp0m,2440.000,UZJgGqNAd1DJ7a5N,,
8,87,2026-04-04T02:27:19.033Z,1392.000,9,993.000,Elp1NMBI12RMuA1d,1127.000,376MU2u+8SnuxMQc,1178.000,saIe+uO82j5dyZ0p,1227.000,kJub+myNVnivJPH0,1278.000,bMnaMQqFkOGHDp0m,1338.000,j6cPpRGMZFLjdI+l,1365.000,RghNkEQ73og/VlX2,1425.000,BupgNPzH9jc0Eppp,1756.000,UZJgGqNAd1DJ7a5N,,
8,88,2026-04-04T02:27:20.425Z,1242.000,9,853.000,Elp1NMBI12RMuA1d,970.000,RghNkEQ73og/VlX2,988.000,376MU2u+8SnuxMQc,1075.000,BupgNPzH9jc0Eppp,1124.000,j6cPpRGMZFLjdI+l,1172.000,bMnaMQqFkOGHDp0m,1223.000,kJub+myNVnivJPH0,1340.000,saIe+uO82j5dyZ0p,1568.000,UZJgGqNAd1DJ7a5N,,
8,89,2026-04-04T02:27:21.667Z,1277.000,9,729.000,Elp1NMBI12RMuA1d,998.000,376MU2u+8SnuxMQc,1017.000,UZJgGqNAd1DJ7a5N,1074.000,kJub+myNVnivJPH0,1119.000,bMnaMQqFkOGHDp0m,1174.000,j6cPpRGMZFLjdI+l,1256.000,BupgNPzH9jc0Eppp,1285.000,RghNkEQ73og/VlX2,2037.000,saIe+uO82j5dyZ0p,,
8,90,2026-04-04T02:27:22.944Z,2220.000,9,1523.000,Elp1NMBI12RMuA1d,1701.000,j6cPpRGMZFLjdI+l,1765.000,bMnaMQqFkOGHDp0m,1825.000,saIe+uO82j5dyZ0p,1912.000,376MU2u+8SnuxMQc,1998.000,UZJgGqNAd1DJ7a5N,2196.000,kJub+myNVnivJPH0,2578.000,BupgNPzH9jc0Eppp,2611.000,RghNkEQ73og/VlX2,,
8,91,2026-04-04T02:27:25.164Z,1760.000,9,1143.000,Elp1NMBI12RMuA1d,1238.000,kJub+myNVnivJPH0,1273.000,UZJgGqNAd1DJ7a5N,1324.000,376MU2u+8SnuxMQc,1447.000,BupgNPzH9jc0Eppp,1550.000,RghNkEQ73og/VlX2,1735.000,j6cPpRGMZFLjdI+l,1802.000,saIe+uO82j5dyZ0p,1959.000,bMnaMQqFkOGHDp0m,,
8,92,2026-04-04T02:27:26.924Z,1371.000,9,923.000,Elp1NMBI12RMuA1d,968.000,376MU2u+8SnuxMQc,1013.000,j6cPpRGMZFLjdI+l,1183.000,BupgNPzH9jc0Eppp,1211.000,UZJgGqNAd1DJ7a5N,1280.000,saIe+uO82j5dyZ0p,1344.000,bMnaMQqFkOGHDp0m,1377.000,RghNkEQ73og/VlX2,1514.000,kJub+myNVnivJPH0,,
8,93,2026-04-04T02:27:28.295Z,1251.000,9,880.000,Elp1NMBI12RMuA1d,1007.000,BupgNPzH9jc0Eppp,1032.000,UZJgGqNAd1DJ7a5N,1088.000,kJub+myNVnivJPH0,1144.000,bMnaMQqFkOGHDp0m,1169.000,376MU2u+8SnuxMQc,1231.000,j6cPpRGMZFLjdI+l,1256.000,RghNkEQ73og/VlX2,1307.000,saIe+uO82j5dyZ0p,,
8,94,2026-04-04T02:27:29.546Z,1304.000,9,767.000,Elp1NMBI12RMuA1d,829.000,kJub+myNVnivJPH0,931.000,376MU2u+8SnuxMQc,980.000,j6cPpRGMZFLjdI+l,1105.000,RghNkEQ73og/VlX2,1261.000,bMnaMQqFkOGHDp0m,1286.000,UZJgGqNAd1DJ7a5N,1337.000,saIe+uO82j5dyZ0p,1441.000,BupgNPzH9jc0Eppp,,
8,95,2026-04-04T02:27:30.850Z,1096.000,9,657.000,Elp1NMBI12RMuA1d,911.000,UZJgGqNAd1DJ7a5N,936.000,RghNkEQ73og/VlX2,972.000,bMnaMQqFkOGHDp0m,1013.000,BupgNPzH9jc0Eppp,1056.000,kJub+myNVnivJPH0,1077.000,376MU2u+8SnuxMQc,1124.000,j6cPpRGMZFLjdI+l,1833.000,saIe+uO82j5dyZ0p,,
8,96,2026-04-04T02:27:31.946Z,1779.000,9,1056.000,UZJgGqNAd1DJ7a5N,1220.000,kJub+myNVnivJPH0,1396.000,j6cPpRGMZFLjdI+l,1415.000,Elp1NMBI12RMuA1d,1462.000,bMnaMQqFkOGHDp0m,1720.000,BupgNPzH9jc0Eppp,1761.000,saIe+uO82j5dyZ0p,1880.000,RghNkEQ73og/VlX2,1901.000,376MU2u+8SnuxMQc,,
8,97,2026-04-04T02:27:33.725Z,1374.000,9,801.000,Elp1NMBI12RMuA1d,885.000,UZJgGqNAd1DJ7a5N,1168.000,j6cPpRGMZFLjdI+l,1222.000,bMnaMQqFkOGHDp0m,1274.000,BupgNPzH9jc0Eppp,1323.000,saIe+uO82j5dyZ0p,1347.000,RghNkEQ73og/VlX2,1383.000,376MU2u+8SnuxMQc,1505.000,kJub+myNVnivJPH0,,
8,98,2026-04-04T02:27:35.099Z,1399.000,9,826.000,Elp1NMBI12RMuA1d,1123.000,UZJgGqNAd1DJ7a5N,1158.000,RghNkEQ73og/VlX2,1181.000,376MU2u+8SnuxMQc,1250.000,j6cPpRGMZFLjdI+l,1305.000,bMnaMQqFkOGHDp0m,1377.000,saIe+uO82j5dyZ0p,1528.000,BupgNPzH9jc0Eppp,4677.000,kJub+myNVnivJPH0,,
8,99,2026-04-04T02:27:36.498Z,980.000,8,607.000,Elp1NMBI12RMuA1d,635.000,UZJgGqNAd1DJ7a5N,651.000,376MU2u+8SnuxMQc,845.000,saIe+uO82j5dyZ0p,898.000,j6cPpRGMZFLjdI+l,941.000,BupgNPzH9jc0Eppp,960.000,RghNkEQ73og/VlX2,1071.000,bMnaMQqFkOGHDp0m,,,,
8,100,2026-04-04T02:27:37.478Z,1060.000,8,531.000,Elp1NMBI12RMuA1d,904.000,UZJgGqNAd1DJ7a5N,936.000,j6cPpRGMZFLjdI+l,954.000,376MU2u+8SnuxMQc,992.000,saIe+uO82j5dyZ0p,1008.000,RghNkEQ73og/VlX2,1046.000,BupgNPzH9jc0Eppp,1081.000,bMnaMQqFkOGHDp0m,,,,
8,101,2026-04-04T02:27:38.538Z,905.000,8,531.000,RghNkEQ73og/VlX2,551.000,Elp1NMBI12RMuA1d,583.000,bMnaMQqFkOGHDp0m,613.000,BupgNPzH9jc0Eppp,626.000,UZJgGqNAd1DJ7a5N,700.000,376MU2u+8SnuxMQc,889.000,j6cPpRGMZFLjdI+l,1191.000,saIe+uO82j5dyZ0p,,,,
8,102,2026-04-04T02:27:39.443Z,889.000,8,380.000,RghNkEQ73og/VlX2,457.000,Elp1NMBI12RMuA1d,568.000,UZJgGqNAd1DJ7a5N,646.000,j6cPpRGMZFLjdI+l,659.000,376MU2u+8SnuxMQc,821.000,bMnaMQqFkOGHDp0m,878.000,BupgNPzH9jc0Eppp,909.000,saIe+uO82j5dyZ0p,,,,
8,103,2026-04-04T02:27:40.332Z,825.000,8,434.000,Elp1NMBI12RMuA1d,481.000,BupgNPzH9jc0Eppp,679.000,bMnaMQqFkOGHDp0m,695.000,UZJgGqNAd1DJ7a5N,717.000,RghNkEQ73og/VlX2,750.000,saIe+uO82j5dyZ0p,814.000,j6cPpRGMZFLjdI+l,1016.000,376MU2u+8SnuxMQc,,,,
8,104,2026-04-04T02:27:41.157Z,753.000,8,514.000,UZJgGqNAd1DJ7a5N,525.000,Elp1NMBI12RMuA1d,551.000,bMnaMQqFkOGHDp0m,577.000,j6cPpRGMZFLjdI+l,591.000,376MU2u+8SnuxMQc,703.000,saIe+uO82j5dyZ0p,740.000,BupgNPzH9jc0Eppp,796.000,RghNkEQ73og/VlX2,,,,
8,105,2026-04-04T02:27:41.910Z,797.000,8,360.000,Elp1NMBI12RMuA1d,371.000,376MU2u+8SnuxMQc,489.000,UZJgGqNAd1DJ7a5N,640.000,BupgNPzH9jc0Eppp,667.000,j6cPpRGMZFLjdI+l,710.000,RghNkEQ73og/VlX2,788.000,saIe+uO82j5dyZ0p,934.000,bMnaMQqFkOGHDp0m,,,,
8,106,2026-04-04T02:27:42.707Z,541.000,8,431.000,Elp1NMBI12RMuA1d,446.000,UZJgGqNAd1DJ7a5N,454.000,376MU2u+8SnuxMQc,462.000,RghNkEQ73og/VlX2,485.000,BupgNPzH9jc0Eppp,507.000,saIe+uO82j5dyZ0p,532.000,bMnaMQqFkOGHDp0m,767.000,j6cPpRGMZFLjdI+l,,,,
8,107,2026-04-04T02:27:43.248Z,775.000,8,539.000,Elp1NMBI12RMuA1d,549.000,376MU2u+8SnuxMQc,557.000,RghNkEQ73og/VlX2,566.000,UZJgGqNAd1DJ7a5N,583.000,bMnaMQqFkOGHDp0m,648.000,BupgNPzH9jc0Eppp,1424.000,j6cPpRGMZFLjdI+l,1064.000,saIe+uO82j5dyZ0p,,,,
8,108,2026-04-04T02:27:44.023Z,593.000,8,350.000,j6cPpRGMZFLjdI+l,357.000,Elp1NMBI12RMuA1d,410.000,376MU2u+8SnuxMQc,420.000,UZJgGqNAd1DJ7a5N,439.000,bMnaMQqFkOGHDp0m,447.000,RghNkEQ73og/VlX2,587.000,BupgNPzH9jc0Eppp,831.000,saIe+uO82j5dyZ0p,,,,
8,109,2026-04-04T02:27:44.616Z,612.000,8,345.000,Elp1NMBI12RMuA1d,357.000,UZJgGqNAd1DJ7a5N,445.000,j6cPpRGMZFLjdI+l,499.000,BupgNPzH9jc0Eppp,510.000,376MU2u+8SnuxMQc,555.000,saIe+uO82j5dyZ0p,604.000,bMnaMQqFkOGHDp0m,922.000,RghNkEQ73og/VlX2,,,,
8,110,2026-04-04T02:27:45.228Z,927.000,8,293.000,Elp1NMBI12RMuA1d,321.000,376MU2u+8SnuxMQc,447.000,BupgNPzH9jc0Eppp,474.000,bMnaMQqFkOGHDp0m,879.000,saIe+uO82j5dyZ0p,906.000,j6cPpRGMZFLjdI+l,917.000,RghNkEQ73og/VlX2,2030.000,UZJgGqNAd1DJ7a5N,,,,
8,111,2026-04-04T02:27:46.155Z,1591.000,8,1352.000,Elp1NMBI12RMuA1d,1381.000,j6cPpRGMZFLjdI+l,1451.000,UZJgGqNAd1DJ7a5N,1487.000,376MU2u+8SnuxMQc,1533.000,BupgNPzH9jc0Eppp,1546.000,RghNkEQ73og/VlX2,1578.000,saIe+uO82j5dyZ0p,2148.000,bMnaMQqFkOGHDp0m,,,,
8,112,2026-04-04T02:27:47.746Z,1075.000,8,740.000,Elp1NMBI12RMuA1d,811.000,UZJgGqNAd1DJ7a5N,829.000,376MU2u+8SnuxMQc,843.000,RghNkEQ73og/VlX2,940.000,saIe+uO82j5dyZ0p,1011.000,bMnaMQqFkOGHDp0m,1062.000,BupgNPzH9jc0Eppp,1476.000,j6cPpRGMZFLjdI+l,,,,
8,113,2026-04-04T02:27:48.821Z,1026.000,8,560.000,Elp1NMBI12RMuA1d,599.000,376MU2u+8SnuxMQc,644.000,bMnaMQqFkOGHDp0m,661.000,RghNkEQ73og/VlX2,787.000,BupgNPzH9jc0Eppp,917.000,j6cPpRGMZFLjdI+l,994.000,UZJgGqNAd1DJ7a5N,1110.000,saIe+uO82j5dyZ0p,,,,
8,114,2026-04-04T02:27:49.847Z,999.000,8,505.000,Elp1NMBI12RMuA1d,530.000,UZJgGqNAd1DJ7a5N,543.000,376MU2u+8SnuxMQc,719.000,RghNkEQ73og/VlX2,916.000,saIe+uO82j5dyZ0p,954.000,j6cPpRGMZFLjdI+l,990.000,BupgNPzH9jc0Eppp,1024.000,bMnaMQqFkOGHDp0m,,,,
8,115,2026-04-04T02:27:50.846Z,875.000,8,610.000,Elp1NMBI12RMuA1d,634.000,UZJgGqNAd1DJ7a5N,751.000,bMnaMQqFkOGHDp0m,766.000,376MU2u+8SnuxMQc,795.000,RghNkEQ73og/VlX2,827.000,saIe+uO82j5dyZ0p,864.000,BupgNPzH9jc0Eppp,1120.000,j6cPpRGMZFLjdI+l,,,,
8,116,2026-04-04T02:27:51.721Z,1005.000,8,386.000,376MU2u+8SnuxMQc,442.000,Elp1NMBI12RMuA1d,482.000,UZJgGqNAd1DJ7a5N,662.000,RghNkEQ73og/VlX2,688.000,bMnaMQqFkOGHDp0m,720.000,saIe+uO82j5dyZ0p,1579.000,BupgNPzH9jc0Eppp,2106.000,j6cPpRGMZFLjdI+l,,,,
8,117,2026-04-04T02:27:52.726Z,1220.000,8,352.000,376MU2u+8SnuxMQc,365.000,UZJgGqNAd1DJ7a5N,476.000,Elp1NMBI12RMuA1d,514.000,bMnaMQqFkOGHDp0m,544.000,saIe+uO82j5dyZ0p,961.000,RghNkEQ73og/VlX2,1209.000,BupgNPzH9jc0Eppp,2410.000,j6cPpRGMZFLjdI+l,,,,
8,118,2026-04-04T02:27:53.946Z,2149.000,7,472.000,UZJgGqNAd1DJ7a5N,544.000,Elp1NMBI12RMuA1d,567.000,376MU2u+8SnuxMQc,685.000,saIe+uO82j5dyZ0p,843.000,RghNkEQ73og/VlX2,1004.000,bMnaMQqFkOGHDp0m,2594.000,BupgNPzH9jc0Eppp,,,,,,
8,119,2026-04-04T02:27:56.095Z,4528.000,8,738.000,376MU2u+8SnuxMQc,853.000,UZJgGqNAd1DJ7a5N,1377.000,bMnaMQqFkOGHDp0m,1437.000,saIe+uO82j5dyZ0p,1797.000,Elp1NMBI12RMuA1d,1833.000,RghNkEQ73og/VlX2,28768.000,BupgNPzH9jc0Eppp,6161.000,j6cPpRGMZFLjdI+l,,,,
8,120,2026-04-04T02:28:00.623Z,,0,,,,,,,,,,,,,,,,,,,,
9,1,2026-04-04T02:26:09.327Z,1057.000,7,450.000,kJub+myNVnivJPH0,983.000,bMnaMQqFkOGHDp0m,2537.000,kpmavFL5xFvBXmeS,1426.000,RghNkEQ73og/VlX2,6069.000,376MU2u+8SnuxMQc,4587.000,BupgNPzH9jc0Eppp,3139.000,j6cPpRGMZFLjdI+l,,,,,,
9,2,2026-04-04T02:26:10.384Z,494.000,8,0.000,kJub+myNVnivJPH0,167.000,bMnaMQqFkOGHDp0m,493.000,RghNkEQ73og/VlX2,1481.000,kpmavFL5xFvBXmeS,3535.000,BupgNPzH9jc0Eppp,5016.000,376MU2u+8SnuxMQc,494.000,Elp1NMBI12RMuA1d,2084.000,j6cPpRGMZFLjdI+l,,,,
9,3,2026-04-04T02:26:10.878Z,696.000,9,76.000,kJub+myNVnivJPH0,77.000,RghNkEQ73og/VlX2,327.000,saIe+uO82j5dyZ0p,393.000,Elp1NMBI12RMuA1d,404.000,bMnaMQqFkOGHDp0m,4524.000,376MU2u+8SnuxMQc,989.000,kpmavFL5xFvBXmeS,1592.000,j6cPpRGMZFLjdI+l,3042.000,BupgNPzH9jc0Eppp,,
9,4,2026-04-04T02:26:11.574Z,301.000,10,76.000,saIe+uO82j5dyZ0p,77.000,bMnaMQqFkOGHDp0m,77.000,kJub+myNVnivJPH0,77.000,RghNkEQ73og/VlX2,88.000,Elp1NMBI12RMuA1d,300.000,kpmavFL5xFvBXmeS,300.000,UZJgGqNAd1DJ7a5N,2348.000,BupgNPzH9jc0Eppp,897.000,j6cPpRGMZFLjdI+l,3830.000,376MU2u+8SnuxMQc
9,5,2026-04-04T02:26:11.875Z,286.000,10,223.000,bMnaMQqFkOGHDp0m,224.000,Elp1NMBI12RMuA1d,224.000,kJub+myNVnivJPH0,224.000,kpmavFL5xFvBXmeS,225.000,RghNkEQ73og/VlX2,225.000,saIe+uO82j5dyZ0p,286.000,UZJgGqNAd1DJ7a5N,598.000,j6cPpRGMZFLjdI+l,2049.000,BupgNPzH9jc0Eppp,3530.000,376MU2u+8SnuxMQc
9,6,2026-04-04T02:26:12.161Z,358.000,10,278.000,saIe+uO82j5dyZ0p,354.000,Elp1NMBI12RMuA1d,355.000,kpmavFL5xFvBXmeS,356.000,RghNkEQ73og/VlX2,357.000,bMnaMQqFkOGHDp0m,357.000,kJub+myNVnivJPH0,341.000,UZJgGqNAd1DJ7a5N,382.000,j6cPpRGMZFLjdI+l,1765.000,BupgNPzH9jc0Eppp,3246.000,376MU2u+8SnuxMQc
9,7,2026-04-04T02:26:12.519Z,414.000,10,289.000,UZJgGqNAd1DJ7a5N,411.000,j6cPpRGMZFLjdI+l,411.000,kpmavFL5xFvBXmeS,413.000,RghNkEQ73og/VlX2,414.000,saIe+uO82j5dyZ0p,414.000,Elp1NMBI12RMuA1d,371.000,bMnaMQqFkOGHDp0m,414.000,kJub+myNVnivJPH0,1408.000,BupgNPzH9jc0Eppp,2890.000,376MU2u+8SnuxMQc
9,8,2026-04-04T02:26:12.933Z,367.000,10,283.000,UZJgGqNAd1DJ7a5N,361.000,Elp1NMBI12RMuA1d,362.000,j6cPpRGMZFLjdI+l,364.000,kpmavFL5xFvBXmeS,365.000,RghNkEQ73og/VlX2,366.000,kJub+myNVnivJPH0,367.000,saIe+uO82j5dyZ0p,372.000,bMnaMQqFkOGHDp0m,1058.000,BupgNPzH9jc0Eppp,2534.000,376MU2u+8SnuxMQc
9,9,2026-04-04T02:26:13.300Z,375.000,10,289.000,UZJgGqNAd1DJ7a5N,367.000,j6cPpRGMZFLjdI+l,368.000,kJub+myNVnivJPH0,370.000,Elp1NMBI12RMuA1d,372.000,kpmavFL5xFvBXmeS,374.000,bMnaMQqFkOGHDp0m,375.000,saIe+uO82j5dyZ0p,376.000,RghNkEQ73og/VlX2,2169.000,376MU2u+8SnuxMQc,772.000,BupgNPzH9jc0Eppp
9,10,2026-04-04T02:26:13.675Z,404.000,10,322.000,UZJgGqNAd1DJ7a5N,396.000,saIe+uO82j5dyZ0p,399.000,kJub+myNVnivJPH0,400.000,j6cPpRGMZFLjdI+l,401.000,RghNkEQ73og/VlX2,402.000,bMnaMQqFkOGHDp0m,404.000,Elp1NMBI12RMuA1d,408.000,kpmavFL5xFvBXmeS,440.000,BupgNPzH9jc0Eppp,1796.000,376MU2u+8SnuxMQc
9,11,2026-04-04T02:26:14.079Z,409.000,10,322.000,UZJgGqNAd1DJ7a5N,397.000,Elp1NMBI12RMuA1d,398.000,RghNkEQ73og/VlX2,399.000,j6cPpRGMZFLjdI+l,401.000,kpmavFL5xFvBXmeS,403.000,BupgNPzH9jc0Eppp,409.000,saIe+uO82j5dyZ0p,410.000,bMnaMQqFkOGHDp0m,413.000,kJub+myNVnivJPH0,1393.000,376MU2u+8SnuxMQc
9,12,2026-04-04T02:26:14.488Z,401.000,10,320.000,UZJgGqNAd1DJ7a5N,390.000,kJub+myNVnivJPH0,393.000,j6cPpRGMZFLjdI+l,395.000,RghNkEQ73og/VlX2,397.000,saIe+uO82j5dyZ0p,399.000,Elp1NMBI12RMuA1d,401.000,bMnaMQqFkOGHDp0m,405.000,BupgNPzH9jc0Eppp,407.000,kpmavFL5xFvBXmeS,986.000,376MU2u+8SnuxMQc
9,13,2026-04-04T02:26:14.889Z,404.000,10,321.000,UZJgGqNAd1DJ7a5N,396.000,Elp1NMBI12RMuA1d,399.000,kpmavFL5xFvBXmeS,400.000,kJub+myNVnivJPH0,401.000,BupgNPzH9jc0Eppp,403.000,bMnaMQqFkOGHDp0m,404.000,j6cPpRGMZFLjdI+l,405.000,saIe+uO82j5dyZ0p,407.000,RghNkEQ73og/VlX2,587.000,376MU2u+8SnuxMQc
9,14,2026-04-04T02:26:15.293Z,406.000,10,323.000,UZJgGqNAd1DJ7a5N,396.000,Elp1NMBI12RMuA1d,398.000,BupgNPzH9jc0Eppp,400.000,saIe+uO82j5dyZ0p,402.000,RghNkEQ73og/VlX2,403.000,kpmavFL5xFvBXmeS,406.000,j6cPpRGMZFLjdI+l,407.000,kJub+myNVnivJPH0,408.000,bMnaMQqFkOGHDp0m,425.000,376MU2u+8SnuxMQc
9,15,2026-04-04T02:26:15.699Z,406.000,10,324.000,UZJgGqNAd1DJ7a5N,400.000,376MU2u+8SnuxMQc,401.000,j6cPpRGMZFLjdI+l,402.000,BupgNPzH9jc0Eppp,404.000,saIe+uO82j5dyZ0p,405.000,RghNkEQ73og/VlX2,406.000,Elp1NMBI12RMuA1d,408.000,bMnaMQqFkOGHDp0m,409.000,kpmavFL5xFvBXmeS,410.000,kJub+myNVnivJPH0
9,16,2026-04-04T02:26:16.105Z,409.000,10,328.000,UZJgGqNAd1DJ7a5N,401.000,BupgNPzH9jc0Eppp,403.000,376MU2u+8SnuxMQc,405.000,Elp1NMBI12RMuA1d,406.000,kpmavFL5xFvBXmeS,407.000,kJub+myNVnivJPH0,409.000,bMnaMQqFkOGHDp0m,410.000,RghNkEQ73og/VlX2,415.000,j6cPpRGMZFLjdI+l,418.000,saIe+uO82j5dyZ0p
9,17,2026-04-04T02:26:16.514Z,403.000,10,321.000,UZJgGqNAd1DJ7a5N,390.000,kpmavFL5xFvBXmeS,397.000,j6cPpRGMZFLjdI+l,399.000,saIe+uO82j5dyZ0p,400.000,BupgNPzH9jc0Eppp,401.000,bMnaMQqFkOGHDp0m,403.000,Elp1NMBI12RMuA1d,404.000,376MU2u+8SnuxMQc,405.000,kJub+myNVnivJPH0,407.000,RghNkEQ73og/VlX2
9,18,2026-04-04T02:26:16.917Z,408.000,10,325.000,UZJgGqNAd1DJ7a5N,397.000,Elp1NMBI12RMuA1d,399.000,RghNkEQ73og/VlX2,404.000,kJub+myNVnivJPH0,405.000,bMnaMQqFkOGHDp0m,407.000,376MU2u+8SnuxMQc,408.000,j6cPpRGMZFLjdI+l,409.000,BupgNPzH9jc0Eppp,410.000,kpmavFL5xFvBXmeS,418.000,saIe+uO82j5dyZ0p
9,19,2026-04-04T02:26:17.325Z,410.000,10,325.000,UZJgGqNAd1DJ7a5N,397.000,bMnaMQqFkOGHDp0m,398.000,Elp1NMBI12RMuA1d,406.000,saIe+uO82j5dyZ0p,408.000,376MU2u+8SnuxMQc,409.000,kJub+myNVnivJPH0,410.000,kpmavFL5xFvBXmeS,411.000,BupgNPzH9jc0Eppp,413.000,RghNkEQ73og/VlX2,414.000,j6cPpRGMZFLjdI+l
9,20,2026-04-04T02:26:17.735Z,402.000,10,321.000,UZJgGqNAd1DJ7a5N,391.000,j6cPpRGMZFLjdI+l,393.000,376MU2u+8SnuxMQc,396.000,BupgNPzH9jc0Eppp,398.000,saIe+uO82j5dyZ0p,400.000,kJub+myNVnivJPH0,401.000,bMnaMQqFkOGHDp0m,403.000,Elp1NMBI12RMuA1d,404.000,kpmavFL5xFvBXmeS,405.000,RghNkEQ73og/VlX2
9,21,2026-04-04T02:26:18.137Z,407.000,10,325.000,UZJgGqNAd1DJ7a5N,397.000,j6cPpRGMZFLjdI+l,398.000,kJub+myNVnivJPH0,400.000,kpmavFL5xFvBXmeS,404.000,bMnaMQqFkOGHDp0m,405.000,BupgNPzH9jc0Eppp,406.000,Elp1NMBI12RMuA1d,408.000,RghNkEQ73og/VlX2,409.000,saIe+uO82j5dyZ0p,410.000,376MU2u+8SnuxMQc
9,22,2026-04-04T02:26:18.544Z,407.000,10,324.000,UZJgGqNAd1DJ7a5N,393.000,Elp1NMBI12RMuA1d,401.000,376MU2u+8SnuxMQc,403.000,RghNkEQ73og/VlX2,404.000,j6cPpRGMZFLjdI+l,405.000,kJub+myNVnivJPH0,406.000,BupgNPzH9jc0Eppp,410.000,saIe+uO82j5dyZ0p,411.000,kpmavFL5xFvBXmeS,418.000,bMnaMQqFkOGHDp0m
9,23,2026-04-04T02:26:18.951Z,402.000,10,322.000,UZJgGqNAd1DJ7a5N,396.000,BupgNPzH9jc0Eppp,397.000,RghNkEQ73og/VlX2,398.000,bMnaMQqFkOGHDp0m,400.000,kJub+myNVnivJPH0,401.000,kpmavFL5xFvBXmeS,402.000,saIe+uO82j5dyZ0p,404.000,j6cPpRGMZFLjdI+l,408.000,376MU2u+8SnuxMQc,409.000,Elp1NMBI12RMuA1d
9,24,2026-04-04T02:26:19.353Z,412.000,10,328.000,UZJgGqNAd1DJ7a5N,404.000,BupgNPzH9jc0Eppp,406.000,376MU2u+8SnuxMQc,407.000,kpmavFL5xFvBXmeS,409.000,saIe+uO82j5dyZ0p,410.000,bMnaMQqFkOGHDp0m,412.000,j6cPpRGMZFLjdI+l,413.000,Elp1NMBI12RMuA1d,414.000,kJub+myNVnivJPH0,416.000,RghNkEQ73og/VlX2
9,25,2026-04-04T02:26:19.765Z,408.000,10,322.000,UZJgGqNAd1DJ7a5N,400.000,RghNkEQ73og/VlX2,401.000,BupgNPzH9jc0Eppp,402.000,bMnaMQqFkOGHDp0m,405.000,kJub+myNVnivJPH0,406.000,376MU2u+8SnuxMQc,408.000,saIe+uO82j5dyZ0p,410.000,j6cPpRGMZFLjdI+l,411.000,Elp1NMBI12RMuA1d,412.000,kpmavFL5xFvBXmeS
9,26,2026-04-04T02:26:20.173Z,399.000,10,317.000,UZJgGqNAd1DJ7a5N,391.000,kJub+myNVnivJPH0,392.000,j6cPpRGMZFLjdI+l,395.000,RghNkEQ73og/VlX2,397.000,saIe+uO82j5dyZ0p,398.000,376MU2u+8SnuxMQc,399.000,bMnaMQqFkOGHDp0m,400.000,kpmavFL5xFvBXmeS,402.000,Elp1NMBI12RMuA1d,403.000,BupgNPzH9jc0Eppp
9,27,2026-04-04T02:26:20.572Z,410.000,10,327.000,UZJgGqNAd1DJ7a5N,399.000,376MU2u+8SnuxMQc,401.000,kJub+myNVnivJPH0,405.000,bMnaMQqFkOGHDp0m,407.000,BupgNPzH9jc0Eppp,409.000,j6cPpRGMZFLjdI+l,410.000,Elp1NMBI12RMuA1d,411.000,kpmavFL5xFvBXmeS,412.000,saIe+uO82j5dyZ0p,415.000,RghNkEQ73og/VlX2
9,28,2026-04-04T02:26:20.982Z,405.000,10,321.000,UZJgGqNAd1DJ7a5N,398.000,saIe+uO82j5dyZ0p,400.000,bMnaMQqFkOGHDp0m,401.000,BupgNPzH9jc0Eppp,402.000,Elp1NMBI12RMuA1d,403.000,j6cPpRGMZFLjdI+l,405.000,kJub+myNVnivJPH0,406.000,RghNkEQ73og/VlX2,408.000,376MU2u+8SnuxMQc,410.000,kpmavFL5xFvBXmeS
9,29,2026-04-04T02:26:21.387Z,408.000,10,326.000,UZJgGqNAd1DJ7a5N,400.000,376MU2u+8SnuxMQc,401.000,kpmavFL5xFvBXmeS,402.000,BupgNPzH9jc0Eppp,404.000,saIe+uO82j5dyZ0p,405.000,j6cPpRGMZFLjdI+l,408.000,bMnaMQqFkOGHDp0m,409.000,kJub+myNVnivJPH0,412.000,RghNkEQ73og/VlX2,413.000,Elp1NMBI12RMuA1d
9,30,2026-04-04T02:26:21.795Z,408.000,10,323.000,UZJgGqNAd1DJ7a5N,394.000,saIe+uO82j5dyZ0p,400.000,BupgNPzH9jc0Eppp,402.000,kJub+myNVnivJPH0,403.000,kpmavFL5xFvBXmeS,404.000,bMnaMQqFkOGHDp0m,407.000,j6cPpRGMZFLjdI+l,409.000,Elp1NMBI12RMuA1d,410.000,376MU2u+8SnuxMQc,414.000,RghNkEQ73og/VlX2
9,31,2026-04-04T02:26:22.203Z,408.000,10,322.000,UZJgGqNAd1DJ7a5N,391.000,kpmavFL5xFvBXmeS,392.000,Elp1NMBI12RMuA1d,394.000,BupgNPzH9jc0Eppp,395.000,376MU2u+8SnuxMQc,406.000,bMnaMQqFkOGHDp0m,408.000,RghNkEQ73og/VlX2,409.000,j6cPpRGMZFLjdI+l,410.000,kJub+myNVnivJPH0,411.000,saIe+uO82j5dyZ0p
9,32,2026-04-04T02:26:22.611Z,403.000,10,320.000,UZJgGqNAd1DJ7a5N,392.000,saIe+uO82j5dyZ0p,393.000,376MU2u+8SnuxMQc,394.000,BupgNPzH9jc0Eppp,397.000,Elp1NMBI12RMuA1d,400.000,j6cPpRGMZFLjdI+l,403.000,kpmavFL5xFvBXmeS,406.000,RghNkEQ73og/VlX2,408.000,kJub+myNVnivJPH0,409.000,bMnaMQqFkOGHDp0m
9,33,2026-04-04T02:26:23.014Z,408.000,10,326.000,UZJgGqNAd1DJ7a5N,397.000,bMnaMQqFkOGHDp0m,398.000,j6cPpRGMZFLjdI+l,401.000,kJub+myNVnivJPH0,404.000,kpmavFL5xFvBXmeS,406.000,RghNkEQ73og/VlX2,408.000,Elp1NMBI12RMuA1d,410.000,376MU2u+8SnuxMQc,410.000,saIe+uO82j5dyZ0p,413.000,BupgNPzH9jc0Eppp
9,34,2026-04-04T02:26:23.422Z,407.000,10,323.000,UZJgGqNAd1DJ7a5N,400.000,kpmavFL5xFvBXmeS,402.000,saIe+uO82j5dyZ0p,403.000,bMnaMQqFkOGHDp0m,404.000,j6cPpRGMZFLjdI+l,406.000,376MU2u+8SnuxMQc,407.000,BupgNPzH9jc0Eppp,408.000,kJub+myNVnivJPH0,410.000,RghNkEQ73og/VlX2,411.000,Elp1NMBI12RMuA1d
9,35,2026-04-04T02:26:23.829Z,403.000,10,323.000,UZJgGqNAd1DJ7a5N,394.000,Elp1NMBI12RMuA1d,395.000,j6cPpRGMZFLjdI+l,397.000,BupgNPzH9jc0Eppp,399.000,kpmavFL5xFvBXmeS,401.000,kJub+myNVnivJPH0,403.000,376MU2u+8SnuxMQc,405.000,RghNkEQ73og/VlX2,406.000,bMnaMQqFkOGHDp0m,415.000,saIe+uO82j5dyZ0p
9,36,2026-04-04T02:26:24.232Z,409.000,10,325.000,UZJgGqNAd1DJ7a5N,402.000,bMnaMQqFkOGHDp0m,403.000,j6cPpRGMZFLjdI+l,405.000,kpmavFL5xFvBXmeS,406.000,saIe+uO82j5dyZ0p,407.000,kJub+myNVnivJPH0,409.000,376MU2u+8SnuxMQc,410.000,BupgNPzH9jc0Eppp,411.000,RghNkEQ73og/VlX2,417.000,Elp1NMBI12RMuA1d
9,37,2026-04-04T02:26:24.641Z,624.000,7,386.000,UZJgGqNAd1DJ7a5N,401.000,Elp1NMBI12RMuA1d,443.000,bMnaMQqFkOGHDp0m,515.000,RghNkEQ73og/VlX2,574.000,376MU2u+8SnuxMQc,582.000,saIe+uO82j5dyZ0p,623.000,j6cPpRGMZFLjdI+l,,,,,,
9,38,2026-04-04T02:26:25.265Z,659.000,9,483.000,UZJgGqNAd1DJ7a5N,536.000,RghNkEQ73og/VlX2,557.000,saIe+uO82j5dyZ0p,580.000,BupgNPzH9jc0Eppp,611.000,j6cPpRGMZFLjdI+l,637.000,kJub+myNVnivJPH0,654.000,376MU2u+8SnuxMQc,663.000,Elp1NMBI12RMuA1d,1087.000,kpmavFL5xFvBXmeS,,
9,39,2026-04-04T02:26:25.924Z,838.000,10,592.000,UZJgGqNAd1DJ7a5N,607.000,Elp1NMBI12RMuA1d,659.000,BupgNPzH9jc0Eppp,717.000,saIe+uO82j5dyZ0p,752.000,kJub+myNVnivJPH0,798.000,kpmavFL5xFvBXmeS,829.000,bMnaMQqFkOGHDp0m,855.000,j6cPpRGMZFLjdI+l,950.000,RghNkEQ73og/VlX2,963.000,376MU2u+8SnuxMQc
9,40,2026-04-04T02:26:26.762Z,886.000,10,674.000,UZJgGqNAd1DJ7a5N,720.000,bMnaMQqFkOGHDp0m,753.000,kJub+myNVnivJPH0,782.000,BupgNPzH9jc0Eppp,814.000,saIe+uO82j5dyZ0p,842.000,j6cPpRGMZFLjdI+l,873.000,kpmavFL5xFvBXmeS,889.000,376MU2u+8SnuxMQc,984.000,Elp1NMBI12RMuA1d,996.000,RghNkEQ73og/VlX2
9,41,2026-04-04T02:26:27.648Z,843.000,10,653.000,UZJgGqNAd1DJ7a5N,682.000,Elp1NMBI12RMuA1d,708.000,saIe+uO82j5dyZ0p,741.000,kpmavFL5xFvBXmeS,758.000,376MU2u+8SnuxMQc,803.000,bMnaMQqFkOGHDp0m,833.000,j6cPpRGMZFLjdI+l,847.000,RghNkEQ73og/VlX2,913.000,kJub+myNVnivJPH0,1119.000,BupgNPzH9jc0Eppp
9,42,2026-04-04T02:26:28.491Z,1269.000,10,883.000,bMnaMQqFkOGHDp0m,898.000,376MU2u+8SnuxMQc,939.000,UZJgGqNAd1DJ7a5N,1002.000,saIe+uO82j5dyZ0p,1054.000,kJub+myNVnivJPH0,1180.000,j6cPpRGMZFLjdI+l,1254.000,kpmavFL5xFvBXmeS,1272.000,RghNkEQ73og/VlX2,1324.000,BupgNPzH9jc0Eppp,1544.000,Elp1NMBI12RMuA1d
9,43,2026-04-04T02:26:29.760Z,1136.000,10,900.000,UZJgGqNAd1DJ7a5N,946.000,Elp1NMBI12RMuA1d,961.000,376MU2u+8SnuxMQc,999.000,saIe+uO82j5dyZ0p,1043.000,j6cPpRGMZFLjdI+l,1083.000,kpmavFL5xFvBXmeS,1124.000,bMnaMQqFkOGHDp0m,1161.000,BupgNPzH9jc0Eppp,1263.000,RghNkEQ73og/VlX2,1305.000,kJub+myNVnivJPH0
9,44,2026-04-04T02:26:30.896Z,1246.000,10,889.000,UZJgGqNAd1DJ7a5N,990.000,376MU2u+8SnuxMQc,1026.000,RghNkEQ73og/VlX2,1044.000,Elp1NMBI12RMuA1d,1113.000,bMnaMQqFkOGHDp0m,1153.000,kpmavFL5xFvBXmeS,1199.000,BupgNPzH9jc0Eppp,1270.000,kJub+myNVnivJPH0,1316.000,saIe+uO82j5dyZ0p,1556.000,j6cPpRGMZFLjdI+l
9,45,2026-04-04T02:26:32.142Z,1140.000,10,924.000,UZJgGqNAd1DJ7a5N,956.000,376MU2u+8SnuxMQc,989.000,kpmavFL5xFvBXmeS,1007.000,Elp1NMBI12RMuA1d,1049.000,j6cPpRGMZFLjdI+l,1067.000,RghNkEQ73og/VlX2,1121.000,saIe+uO82j5dyZ0p,1232.000,bMnaMQqFkOGHDp0m,1327.000,kJub+myNVnivJPH0,1484.000,BupgNPzH9jc0Eppp
9,46,2026-04-04T02:26:33.282Z,1081.000,10,766.000,UZJgGqNAd1DJ7a5N,807.000,Elp1NMBI12RMuA1d,824.000,376MU2u+8SnuxMQc,870.000,saIe+uO82j5dyZ0p,909.000,kJub+myNVnivJPH0,956.000,RghNkEQ73og/VlX2,1068.000,bMnaMQqFkOGHDp0m,1121.000,j6cPpRGMZFLjdI+l,1438.000,BupgNPzH9jc0Eppp,1473.000,kpmavFL5xFvBXmeS
9,47,2026-04-04T02:26:34.363Z,1069.000,10,860.000,UZJgGqNAd1DJ7a5N,894.000,376MU2u+8SnuxMQc,926.000,j6cPpRGMZFLjdI+l,955.000,bMnaMQqFkOGHDp0m,992.000,kJub+myNVnivJPH0,1019.000,BupgNPzH9jc0Eppp,1046.000,Elp1NMBI12RMuA1d,1073.000,RghNkEQ73og/VlX2,1155.000,kpmavFL5xFvBXmeS,1199.000,saIe+uO82j5dyZ0p
9,48,2026-04-04T02:26:35.432Z,1040.000,10,716.000,UZJgGqNAd1DJ7a5N,786.000,kpmavFL5xFvBXmeS,809.000,Elp1NMBI12RMuA1d,910.000,saIe+uO82j5dyZ0p,930.000,RghNkEQ73og/VlX2,988.000,kJub+myNVnivJPH0,1004.000,376MU2u+8SnuxMQc,1070.000,BupgNPzH9jc0Eppp,1114.000,bMnaMQqFkOGHDp0m,1214.000,j6cPpRGMZFLjdI+l
9,49,2026-04-04T02:26:36.472Z,1005.000,10,700.000,UZJgGqNAd1DJ7a5N,727.000,Elp1NMBI12RMuA1d,797.000,376MU2u+8SnuxMQc,862.000,saIe+uO82j5dyZ0p,886.000,RghNkEQ73og/VlX2,953.000,j6cPpRGMZFLjdI+l,992.000,kJub+myNVnivJPH0,1029.000,kpmavFL5xFvBXmeS,1065.000,bMnaMQqFkOGHDp0m,1165.000,BupgNPzH9jc0Eppp
9,50,2026-04-04T02:26:37.477Z,914.000,10,691.000,UZJgGqNAd1DJ7a5N,716.000,376MU2u+8SnuxMQc,749.000,RghNkEQ73og/VlX2,802.000,kJub+myNVnivJPH0,823.000,Elp1NMBI12RMuA1d,874.000,kpmavFL5xFvBXmeS,905.000,j6cPpRGMZFLjdI+l,1091.000,bMnaMQqFkOGHDp0m,1184.000,BupgNPzH9jc0Eppp,1233.000,saIe+uO82j5dyZ0p
9,51,2026-04-04T02:26:38.391Z,907.000,10,630.000,376MU2u+8SnuxMQc,656.000,UZJgGqNAd1DJ7a5N,752.000,saIe+uO82j5dyZ0p,786.000,j6cPpRGMZFLjdI+l,818.000,kpmavFL5xFvBXmeS,862.000,bMnaMQqFkOGHDp0m,897.000,kJub+myNVnivJPH0,911.000,Elp1NMBI12RMuA1d,935.000,RghNkEQ73og/VlX2,1050.000,BupgNPzH9jc0Eppp
9,52,2026-04-04T02:26:39.298Z,952.000,10,658.000,UZJgGqNAd1DJ7a5N,677.000,Elp1NMBI12RMuA1d,792.000,bMnaMQqFkOGHDp0m,841.000,kJub+myNVnivJPH0,877.000,j6cPpRGMZFLjdI+l,911.000,kpmavFL5xFvBXmeS,942.000,saIe+uO82j5dyZ0p,972.000,BupgNPzH9jc0Eppp,1045.000,RghNkEQ73og/VlX2,1359.000,376MU2u+8SnuxMQc
9,53,2026-04-04T02:26:40.250Z,896.000,10,651.000,UZJgGqNAd1DJ7a5N,697.000,kJub+myNVnivJPH0,733.000,saIe+uO82j5dyZ0p,762.000,j6cPpRGMZFLjdI+l,797.000,kpmavFL5xFvBXmeS,814.000,Elp1NMBI12RMuA1d,884.000,BupgNPzH9jc0Eppp,923.000,bMnaMQqFkOGHDp0m,1007.000,376MU2u+8SnuxMQc,1202.000,RghNkEQ73og/VlX2
9,54,2026-04-04T02:26:41.146Z,1143.000,10,808.000,UZJgGqNAd1DJ7a5N,898.000,j6cPpRGMZFLjdI+l,912.000,Elp1NMBI12RMuA1d,978.000,kpmavFL5xFvBXmeS,1014.000,kJub+myNVnivJPH0,1092.000,saIe+uO82j5dyZ0p,1128.000,bMnaMQqFkOGHDp0m,1147.000,376MU2u+8SnuxMQc,1312.000,BupgNPzH9jc0Eppp,1818.000,RghNkEQ73og/VlX2
9,55,2026-04-04T02:26:42.289Z,981.000,10,800.000,saIe+uO82j5dyZ0p,822.000,UZJgGqNAd1DJ7a5N,851.000,376MU2u+8SnuxMQc,869.000,Elp1NMBI12RMuA1d,900.000,j6cPpRGMZFLjdI+l,935.000,bMnaMQqFkOGHDp0m,968.000,kpmavFL5xFvBXmeS,1003.000,kJub+myNVnivJPH0,1236.000,BupgNPzH9jc0Eppp,1745.000,RghNkEQ73og/VlX2
9,56,2026-04-04T02:26:43.270Z,967.000,10,665.000,UZJgGqNAd1DJ7a5N,715.000,kJub+myNVnivJPH0,733.000,Elp1NMBI12RMuA1d,829.000,376MU2u+8SnuxMQc,863.000,j6cPpRGMZFLjdI+l,907.000,kpmavFL5xFvBXmeS,953.000,saIe+uO82j5dyZ0p,1221.000,bMnaMQqFkOGHDp0m,1328.000,BupgNPzH9jc0Eppp,1778.000,RghNkEQ73og/VlX2
9,57,2026-04-04T02:26:44.237Z,1112.000,10,589.000,UZJgGqNAd1DJ7a5N,648.000,j6cPpRGMZFLjdI+l,736.000,376MU2u+8SnuxMQc,783.000,kpmavFL5xFvBXmeS,983.000,Elp1NMBI12RMuA1d,1036.000,kJub+myNVnivJPH0,1072.000,saIe+uO82j5dyZ0p,1473.000,BupgNPzH9jc0Eppp,1569.000,bMnaMQqFkOGHDp0m,1801.000,RghNkEQ73og/VlX2
9,58,2026-04-04T02:26:45.349Z,893.000,10,609.000,Elp1NMBI12RMuA1d,654.000,376MU2u+8SnuxMQc,668.000,UZJgGqNAd1DJ7a5N,774.000,kJub+myNVnivJPH0,811.000,saIe+uO82j5dyZ0p,845.000,j6cPpRGMZFLjdI+l,880.000,kpmavFL5xFvBXmeS,1252.000,BupgNPzH9jc0Eppp,1354.000,bMnaMQqFkOGHDp0m,1854.000,RghNkEQ73og/VlX2
9,59,2026-04-04T02:26:46.242Z,1066.000,9,269.000,UZJgGqNAd1DJ7a5N,569.000,kJub+myNVnivJPH0,607.000,j6cPpRGMZFLjdI+l,763.000,Elp1NMBI12RMuA1d,875.000,saIe+uO82j5dyZ0p,918.000,376MU2u+8SnuxMQc,1051.000,kpmavFL5xFvBXmeS,1376.000,BupgNPzH9jc0Eppp,1421.000,bMnaMQqFkOGHDp0m,,
9,60,2026-04-04T02:26:47.308Z,1019.000,9,663.000,UZJgGqNAd1DJ7a5N,690.000,376MU2u+8SnuxMQc,720.000,kpmavFL5xFvBXmeS,865.000,j6cPpRGMZFLjdI+l,882.000,Elp1NMBI12RMuA1d,968.000,saIe+uO82j5dyZ0p,1007.000,kJub+myNVnivJPH0,1316.000,BupgNPzH9jc0Eppp,1412.000,bMnaMQqFkOGHDp0m,,
9,61,2026-04-04T02:26:48.327Z,1174.000,10,744.000,saIe+uO82j5dyZ0p,762.000,Elp1NMBI12RMuA1d,806.000,j6cPpRGMZFLjdI+l,849.000,UZJgGqNAd1DJ7a5N,892.000,kJub+myNVnivJPH0,908.000,376MU2u+8SnuxMQc,1149.000,kpmavFL5xFvBXmeS,1324.000,bMnaMQqFkOGHDp0m,1710.000,BupgNPzH9jc0Eppp,2800.000,RghNkEQ73og/VlX2
9,62,2026-04-04T02:26:49.501Z,1011.000,9,611.000,UZJgGqNAd1DJ7a5N,691.000,376MU2u+8SnuxMQc,725.000,Elp1NMBI12RMuA1d,886.000,kpmavFL5xFvBXmeS,924.000,saIe+uO82j5dyZ0p,959.000,j6cPpRGMZFLjdI+l,999.000,kJub+myNVnivJPH0,1033.000,bMnaMQqFkOGHDp0m,1515.000,BupgNPzH9jc0Eppp,,
9,63,2026-04-04T02:26:50.512Z,1010.000,9,807.000,UZJgGqNAd1DJ7a5N,858.000,kJub+myNVnivJPH0,892.000,bMnaMQqFkOGHDp0m,924.000,saIe+uO82j5dyZ0p,957.000,j6cPpRGMZFLjdI+l,973.000,Elp1NMBI12RMuA1d,998.000,376MU2u+8SnuxMQc,1154.000,kpmavFL5xFvBXmeS,1258.000,BupgNPzH9jc0Eppp,,
9,64,2026-04-04T02:26:51.522Z,1069.000,9,520.000,UZJgGqNAd1DJ7a5N,758.000,Elp1NMBI12RMuA1d,837.000,kJub+myNVnivJPH0,855.000,376MU2u+8SnuxMQc,894.000,j6cPpRGMZFLjdI+l,931.000,saIe+uO82j5dyZ0p,1054.000,kpmavFL5xFvBXmeS,1154.000,BupgNPzH9jc0Eppp,1287.000,bMnaMQqFkOGHDp0m,,
9,65,2026-04-04T02:26:52.591Z,1052.000,9,752.000,UZJgGqNAd1DJ7a5N,872.000,j6cPpRGMZFLjdI+l,908.000,kJub+myNVnivJPH0,941.000,saIe+uO82j5dyZ0p,977.000,bMnaMQqFkOGHDp0m,1012.000,kpmavFL5xFvBXmeS,1027.000,376MU2u+8SnuxMQc,1133.000,Elp1NMBI12RMuA1d,1170.000,BupgNPzH9jc0Eppp,,
9,66,2026-04-04T02:26:53.643Z,1033.000,9,596.000,UZJgGqNAd1DJ7a5N,791.000,bMnaMQqFkOGHDp0m,809.000,376MU2u+8SnuxMQc,831.000,Elp1NMBI12RMuA1d,867.000,kpmavFL5xFvBXmeS,905.000,BupgNPzH9jc0Eppp,1020.000,saIe+uO82j5dyZ0p,1057.000,j6cPpRGMZFLjdI+l,1567.000,kJub+myNVnivJPH0,,
9,67,2026-04-04T02:26:54.676Z,1071.000,10,631.000,j6cPpRGMZFLjdI+l,669.000,saIe+uO82j5dyZ0p,682.000,UZJgGqNAd1DJ7a5N,812.000,Elp1NMBI12RMuA1d,971.000,BupgNPzH9jc0Eppp,991.000,376MU2u+8SnuxMQc,1054.000,kpmavFL5xFvBXmeS,1204.000,kJub+myNVnivJPH0,1602.000,bMnaMQqFkOGHDp0m,1739.000,RghNkEQ73og/VlX2
9,68,2026-04-04T02:26:55.747Z,1164.000,10,546.000,UZJgGqNAd1DJ7a5N,729.000,376MU2u+8SnuxMQc,785.000,Elp1NMBI12RMuA1d,889.000,kJub+myNVnivJPH0,983.000,kpmavFL5xFvBXmeS,1022.000,j6cPpRGMZFLjdI+l,1151.000,saIe+uO82j5dyZ0p,1340.000,BupgNPzH9jc0Eppp,1384.000,bMnaMQqFkOGHDp0m,1665.000,RghNkEQ73og/VlX2
9,69,2026-04-04T02:26:56.911Z,1160.000,10,773.000,UZJgGqNAd1DJ7a5N,883.000,Elp1NMBI12RMuA1d,905.000,376MU2u+8SnuxMQc,942.000,bMnaMQqFkOGHDp0m,987.000,saIe+uO82j5dyZ0p,1023.000,BupgNPzH9jc0Eppp,1144.000,kpmavFL5xFvBXmeS,1164.000,RghNkEQ73og/VlX2,1299.000,j6cPpRGMZFLjdI+l,1871.000,kJub+myNVnivJPH0
9,70,2026-04-04T02:26:58.071Z,1075.000,10,733.000,UZJgGqNAd1DJ7a5N,873.000,j6cPpRGMZFLjdI+l,893.000,Elp1NMBI12RMuA1d,964.000,bMnaMQqFkOGHDp0m,1003.000,kpmavFL5xFvBXmeS,1027.000,376MU2u+8SnuxMQc,1066.000,RghNkEQ73og/VlX2,1104.000,BupgNPzH9jc0Eppp,1277.000,saIe+uO82j5dyZ0p,1851.000,kJub+myNVnivJPH0
9,71,2026-04-04T02:26:59.146Z,1130.000,10,794.000,UZJgGqNAd1DJ7a5N,941.000,376MU2u+8SnuxMQc,959.000,Elp1NMBI12RMuA1d,991.000,kpmavFL5xFvBXmeS,1027.000,j6cPpRGMZFLjdI+l,1070.000,BupgNPzH9jc0Eppp,1107.000,bMnaMQqFkOGHDp0m,1155.000,saIe+uO82j5dyZ0p,1223.000,RghNkEQ73og/VlX2,1384.000,kJub+myNVnivJPH0
9,72,2026-04-04T02:27:00.276Z,1041.000,10,727.000,UZJgGqNAd1DJ7a5N,773.000,kpmavFL5xFvBXmeS,808.000,bMnaMQqFkOGHDp0m,825.000,Elp1NMBI12RMuA1d,904.000,376MU2u+8SnuxMQc,971.000,j6cPpRGMZFLjdI+l,1026.000,saIe+uO82j5dyZ0p,1069.000,BupgNPzH9jc0Eppp,1332.000,RghNkEQ73og/VlX2,1435.000,kJub+myNVnivJPH0
9,73,2026-04-04T02:27:01.317Z,992.000,10,760.000,UZJgGqNAd1DJ7a5N,823.000,saIe+uO82j5dyZ0p,844.000,Elp1NMBI12RMuA1d,865.000,376MU2u+8SnuxMQc,898.000,kJub+myNVnivJPH0,938.000,BupgNPzH9jc0Eppp,980.000,j6cPpRGMZFLjdI+l,1134.000,kpmavFL5xFvBXmeS,1246.000,RghNkEQ73og/VlX2,1493.000,bMnaMQqFkOGHDp0m
9,74,2026-04-04T02:27:02.309Z,1055.000,10,777.000,UZJgGqNAd1DJ7a5N,804.000,Elp1NMBI12RMuA1d,836.000,j6cPpRGMZFLjdI+l,872.000,376MU2u+8SnuxMQc,946.000,kJub+myNVnivJPH0,995.000,kpmavFL5xFvBXmeS,1031.000,saIe+uO82j5dyZ0p,1063.000,RghNkEQ73og/VlX2,1101.000,BupgNPzH9jc0Eppp,1415.000,bMnaMQqFkOGHDp0m
9,75,2026-04-04T02:27:03.364Z,1379.000,10,950.000,kpmavFL5xFvBXmeS,1006.000,UZJgGqNAd1DJ7a5N,1027.000,376MU2u+8SnuxMQc,1205.000,bMnaMQqFkOGHDp0m,1235.000,Elp1NMBI12RMuA1d,1318.000,j6cPpRGMZFLjdI+l,1366.000,kJub+myNVnivJPH0,1482.000,saIe+uO82j5dyZ0p,1501.000,RghNkEQ73og/VlX2,1562.000,BupgNPzH9jc0Eppp
9,76,2026-04-04T02:27:04.743Z,1146.000,10,810.000,UZJgGqNAd1DJ7a5N,909.000,kJub+myNVnivJPH0,930.000,376MU2u+8SnuxMQc,951.000,Elp1NMBI12RMuA1d,994.000,j6cPpRGMZFLjdI+l,1086.000,kpmavFL5xFvBXmeS,1134.000,bMnaMQqFkOGHDp0m,1153.000,RghNkEQ73og/VlX2,1291.000,BupgNPzH9jc0Eppp,1329.000,saIe+uO82j5dyZ0p
9,77,2026-04-04T02:27:05.889Z,1300.000,10,872.000,UZJgGqNAd1DJ7a5N,999.000,Elp1NMBI12RMuA1d,1111.000,kpmavFL5xFvBXmeS,1132.000,376MU2u+8SnuxMQc,1184.000,kJub+myNVnivJPH0,1231.000,bMnaMQqFkOGHDp0m,1284.000,j6cPpRGMZFLjdI+l,1332.000,BupgNPzH9jc0Eppp,1790.000,saIe+uO82j5dyZ0p,1977.000,RghNkEQ73og/VlX2
9,78,2026-04-04T02:27:07.189Z,1223.000,10,699.000,UZJgGqNAd1DJ7a5N,1031.000,j6cPpRGMZFLjdI+l,1053.000,376MU2u+8SnuxMQc,1098.000,bMnaMQqFkOGHDp0m,1140.000,BupgNPzH9jc0Eppp,1182.000,kJub+myNVnivJPH0,1205.000,Elp1NMBI12RMuA1d,1251.000,kpmavFL5xFvBXmeS,1660.000,RghNkEQ73og/VlX2,1830.000,saIe+uO82j5dyZ0p
9,79,2026-04-04T02:27:08.412Z,1407.000,10,797.000,Elp1NMBI12RMuA1d,807.000,UZJgGqNAd1DJ7a5N,931.000,kJub+myNVnivJPH0,1097.000,bMnaMQqFkOGHDp0m,1298.000,kpmavFL5xFvBXmeS,1350.000,j6cPpRGMZFLjdI+l,1392.000,BupgNPzH9jc0Eppp,1480.000,376MU2u+8SnuxMQc,2286.000,RghNkEQ73og/VlX2,2355.000,saIe+uO82j5dyZ0p
9,80,2026-04-04T02:27:09.819Z,1429.000,10,757.000,UZJgGqNAd1DJ7a5N,992.000,Elp1NMBI12RMuA1d,1204.000,bMnaMQqFkOGHDp0m,1229.000,376MU2u+8SnuxMQc,1306.000,j6cPpRGMZFLjdI+l,1356.000,kJub+myNVnivJPH0,1408.000,BupgNPzH9jc0Eppp,1635.000,kpmavFL5xFvBXmeS,2164.000,saIe+uO82j5dyZ0p,2353.000,RghNkEQ73og/VlX2
9,81,2026-04-04T02:27:11.248Z,1193.000,9,849.000,Elp1NMBI12RMuA1d,882.000,UZJgGqNAd1DJ7a5N,904.000,376MU2u+8SnuxMQc,967.000,kJub+myNVnivJPH0,1073.000,BupgNPzH9jc0Eppp,1123.000,j6cPpRGMZFLjdI+l,1177.000,bMnaMQqFkOGHDp0m,2012.000,saIe+uO82j5dyZ0p,2319.000,RghNkEQ73og/VlX2,,
9,82,2026-04-04T02:27:12.441Z,1445.000,9,632.000,UZJgGqNAd1DJ7a5N,924.000,Elp1NMBI12RMuA1d,998.000,kJub+myNVnivJPH0,1036.000,j6cPpRGMZFLjdI+l,1077.000,bMnaMQqFkOGHDp0m,1368.000,376MU2u+8SnuxMQc,1425.000,BupgNPzH9jc0Eppp,2049.000,kpmavFL5xFvBXmeS,2179.000,saIe+uO82j5dyZ0p,,
9,83,2026-04-04T02:27:13.886Z,1145.000,9,760.000,Elp1NMBI12RMuA1d,813.000,BupgNPzH9jc0Eppp,934.000,kJub+myNVnivJPH0,978.000,j6cPpRGMZFLjdI+l,1063.000,UZJgGqNAd1DJ7a5N,1083.000,376MU2u+8SnuxMQc,1127.000,bMnaMQqFkOGHDp0m,1725.000,saIe+uO82j5dyZ0p,2095.000,RghNkEQ73og/VlX2,,
9,84,2026-04-04T02:27:15.031Z,1316.000,9,749.000,UZJgGqNAd1DJ7a5N,1066.000,376MU2u+8SnuxMQc,1133.000,bMnaMQqFkOGHDp0m,1154.000,Elp1NMBI12RMuA1d,1210.000,BupgNPzH9jc0Eppp,1257.000,j6cPpRGMZFLjdI+l,1301.000,kJub+myNVnivJPH0,1340.000,saIe+uO82j5dyZ0p,3025.000,RghNkEQ73og/VlX2,,
9,85,2026-04-04T02:27:16.347Z,1859.000,8,795.000,UZJgGqNAd1DJ7a5N,1669.000,saIe+uO82j5dyZ0p,1690.000,376MU2u+8SnuxMQc,1730.000,Elp1NMBI12RMuA1d,1766.000,j6cPpRGMZFLjdI+l,1806.000,kJub+myNVnivJPH0,1845.000,BupgNPzH9jc0Eppp,2043.000,bMnaMQqFkOGHDp0m,,,,
9,86,2026-04-04T02:27:18.206Z,1115.000,9,871.000,Elp1NMBI12RMuA1d,941.000,j6cPpRGMZFLjdI+l,958.000,376MU2u+8SnuxMQc,1013.000,saIe+uO82j5dyZ0p,1061.000,BupgNPzH9jc0Eppp,1078.000,UZJgGqNAd1DJ7a5N,1104.000,RghNkEQ73og/VlX2,1157.000,kJub+myNVnivJPH0,1264.000,bMnaMQqFkOGHDp0m,,
9,87,2026-04-04T02:27:19.321Z,1396.000,9,1106.000,UZJgGqNAd1DJ7a5N,1153.000,bMnaMQqFkOGHDp0m,1212.000,j6cPpRGMZFLjdI+l,1258.000,kJub+myNVnivJPH0,1282.000,Elp1NMBI12RMuA1d,1323.000,376MU2u+8SnuxMQc,1375.000,saIe+uO82j5dyZ0p,1401.000,RghNkEQ73og/VlX2,1470.000,BupgNPzH9jc0Eppp,,
9,88,2026-04-04T02:27:20.717Z,1155.000,9,921.000,376MU2u+8SnuxMQc,953.000,Elp1NMBI12RMuA1d,969.000,RghNkEQ73og/VlX2,1007.000,j6cPpRGMZFLjdI+l,1052.000,BupgNPzH9jc0Eppp,1070.000,UZJgGqNAd1DJ7a5N,1136.000,bMnaMQqFkOGHDp0m,1187.000,kJub+myNVnivJPH0,1291.000,saIe+uO82j5dyZ0p,,
9,89,2026-04-04T02:27:21.872Z,1913.000,9,762.000,UZJgGqNAd1DJ7a5N,776.000,Elp1NMBI12RMuA1d,792.000,376MU2u+8SnuxMQc,878.000,kJub+myNVnivJPH0,923.000,bMnaMQqFkOGHDp0m,966.000,j6cPpRGMZFLjdI+l,1050.000,BupgNPzH9jc0Eppp,1921.000,RghNkEQ73og/VlX2,2032.000,saIe+uO82j5dyZ0p,,
9,90,2026-04-04T02:27:23.785Z,1449.000,9,913.000,j6cPpRGMZFLjdI+l,937.000,Elp1NMBI12RMuA1d,1007.000,bMnaMQqFkOGHDp0m,1027.000,UZJgGqNAd1DJ7a5N,1087.000,saIe+uO82j5dyZ0p,1160.000,376MU2u+8SnuxMQc,1429.000,kJub+myNVnivJPH0,1624.000,BupgNPzH9jc0Eppp,1766.000,RghNkEQ73og/VlX2,,
9,91,2026-04-04T02:27:25.234Z,1618.000,9,924.000,UZJgGqNAd1DJ7a5N,1181.000,kJub+myNVnivJPH0,1328.000,376MU2u+8SnuxMQc,1355.000,Elp1NMBI12RMuA1d,1407.000,BupgNPzH9jc0Eppp,1478.000,RghNkEQ73og/VlX2,1582.000,j6cPpRGMZFLjdI+l,1748.000,saIe+uO82j5dyZ0p,1900.000,bMnaMQqFkOGHDp0m,,
9,92,2026-04-04T02:27:26.852Z,1337.000,9,981.000,UZJgGqNAd1DJ7a5N,1043.000,376MU2u+8SnuxMQc,1099.000,j6cPpRGMZFLjdI+l,1158.000,BupgNPzH9jc0Eppp,1187.000,Elp1NMBI12RMuA1d,1254.000,saIe+uO82j5dyZ0p,1313.000,bMnaMQqFkOGHDp0m,1343.000,RghNkEQ73og/VlX2,1517.000,kJub+myNVnivJPH0,,
9,93,2026-04-04T02:27:28.189Z,1495.000,9,979.000,UZJgGqNAd1DJ7a5N,1118.000,BupgNPzH9jc0Eppp,1168.000,kJub+myNVnivJPH0,1190.000,Elp1NMBI12RMuA1d,1252.000,bMnaMQqFkOGHDp0m,1390.000,376MU2u+8SnuxMQc,1477.000,j6cPpRGMZFLjdI+l,1500.000,RghNkEQ73og/VlX2,1630.000,saIe+uO82j5dyZ0p,,
9,94,2026-04-04T02:27:29.684Z,1217.000,9,994.000,UZJgGqNAd1DJ7a5N,1048.000,kJub+myNVnivJPH0,1069.000,Elp1NMBI12RMuA1d,1091.000,376MU2u+8SnuxMQc,1127.000,j6cPpRGMZFLjdI+l,1146.000,RghNkEQ73og/VlX2,1196.000,bMnaMQqFkOGHDp0m,1257.000,BupgNPzH9jc0Eppp,1361.000,saIe+uO82j5dyZ0p,,
9,95,2026-04-04T02:27:30.901Z,1011.000,9,674.000,UZJgGqNAd1DJ7a5N,783.000,Elp1NMBI12RMuA1d,810.000,RghNkEQ73og/VlX2,889.000,bMnaMQqFkOGHDp0m,937.000,kJub+myNVnivJPH0,973.000,BupgNPzH9jc0Eppp,991.000,376MU2u+8SnuxMQc,1087.000,j6cPpRGMZFLjdI+l,1769.000,saIe+uO82j5dyZ0p,,
9,96,2026-04-04T02:27:31.912Z,1729.000,9,889.000,UZJgGqNAd1DJ7a5N,1426.000,j6cPpRGMZFLjdI+l,1475.000,kJub+myNVnivJPH0,1515.000,bMnaMQqFkOGHDp0m,1643.000,BupgNPzH9jc0Eppp,1678.000,saIe+uO82j5dyZ0p,1699.000,Elp1NMBI12RMuA1d,1844.000,RghNkEQ73og/VlX2,2043.000,376MU2u+8SnuxMQc,,
9,97,2026-04-04T02:27:33.641Z,1435.000,9,839.000,UZJgGqNAd1DJ7a5N,1016.000,Elp1NMBI12RMuA1d,1174.000,j6cPpRGMZFLjdI+l,1247.000,saIe+uO82j5dyZ0p,1338.000,bMnaMQqFkOGHDp0m,1391.000,BupgNPzH9jc0Eppp,1415.000,RghNkEQ73og/VlX2,1443.000,376MU2u+8SnuxMQc,1567.000,kJub+myNVnivJPH0,,
9,98,2026-04-04T02:27:35.076Z,1413.000,9,814.000,UZJgGqNAd1DJ7a5N,1078.000,Elp1NMBI12RMuA1d,1112.000,RghNkEQ73og/VlX2,1251.000,bMnaMQqFkOGHDp0m,1306.000,j6cPpRGMZFLjdI+l,1360.000,BupgNPzH9jc0Eppp,1386.000,376MU2u+8SnuxMQc,1442.000,saIe+uO82j5dyZ0p,3998.000,kJub+myNVnivJPH0,,
9,99,2026-04-04T02:27:36.489Z,1004.000,8,505.000,UZJgGqNAd1DJ7a5N,623.000,376MU2u+8SnuxMQc,744.000,Elp1NMBI12RMuA1d,842.000,BupgNPzH9jc0Eppp,914.000,j6cPpRGMZFLjdI+l,934.000,RghNkEQ73og/VlX2,989.000,saIe+uO82j5dyZ0p,1109.000,bMnaMQqFkOGHDp0m,,,,
9,100,2026-04-04T02:27:37.493Z,895.000,8,547.000,UZJgGqNAd1DJ7a5N,567.000,Elp1NMBI12RMuA1d,587.000,376MU2u+8SnuxMQc,659.000,j6cPpRGMZFLjdI+l,804.000,saIe+uO82j5dyZ0p,822.000,RghNkEQ73og/VlX2,879.000,BupgNPzH9jc0Eppp,917.000,bMnaMQqFkOGHDp0m,,,,
9,101,2026-04-04T02:27:38.388Z,1041.000,8,518.000,UZJgGqNAd1DJ7a5N,551.000,BupgNPzH9jc0Eppp,564.000,RghNkEQ73og/VlX2,615.000,bMnaMQqFkOGHDp0m,629.000,376MU2u+8SnuxMQc,830.000,Elp1NMBI12RMuA1d,1029.000,j6cPpRGMZFLjdI+l,1408.000,saIe+uO82j5dyZ0p,,,,
9,102,2026-04-04T02:27:39.429Z,896.000,8,444.000,RghNkEQ73og/VlX2,466.000,UZJgGqNAd1DJ7a5N,540.000,Elp1NMBI12RMuA1d,585.000,j6cPpRGMZFLjdI+l,655.000,376MU2u+8SnuxMQc,823.000,bMnaMQqFkOGHDp0m,884.000,BupgNPzH9jc0Eppp,918.000,saIe+uO82j5dyZ0p,,,,
9,103,2026-04-04T02:27:40.325Z,806.000,8,542.000,UZJgGqNAd1DJ7a5N,626.000,BupgNPzH9jc0Eppp,638.000,Elp1NMBI12RMuA1d,665.000,bMnaMQqFkOGHDp0m,682.000,RghNkEQ73og/VlX2,706.000,saIe+uO82j5dyZ0p,795.000,j6cPpRGMZFLjdI+l,857.000,376MU2u+8SnuxMQc,,,,
9,104,2026-04-04T02:27:41.131Z,782.000,8,397.000,UZJgGqNAd1DJ7a5N,475.000,bMnaMQqFkOGHDp0m,597.000,j6cPpRGMZFLjdI+l,615.000,376MU2u+8SnuxMQc,632.000,Elp1NMBI12RMuA1d,721.000,saIe+uO82j5dyZ0p,770.000,BupgNPzH9jc0Eppp,824.000,RghNkEQ73og/VlX2,,,,
9,105,2026-04-04T02:27:41.913Z,794.000,8,401.000,376MU2u+8SnuxMQc,412.000,Elp1NMBI12RMuA1d,438.000,UZJgGqNAd1DJ7a5N,562.000,BupgNPzH9jc0Eppp,657.000,j6cPpRGMZFLjdI+l,704.000,RghNkEQ73og/VlX2,784.000,saIe+uO82j5dyZ0p,985.000,bMnaMQqFkOGHDp0m,,,,
9,106,2026-04-04T02:27:42.707Z,542.000,8,325.000,UZJgGqNAd1DJ7a5N,348.000,376MU2u+8SnuxMQc,462.000,BupgNPzH9jc0Eppp,472.000,RghNkEQ73og/VlX2,499.000,saIe+uO82j5dyZ0p,510.000,Elp1NMBI12RMuA1d,534.000,bMnaMQqFkOGHDp0m,916.000,j6cPpRGMZFLjdI+l,,,,
9,107,2026-04-04T02:27:43.249Z,659.000,8,429.000,UZJgGqNAd1DJ7a5N,439.000,376MU2u+8SnuxMQc,447.000,RghNkEQ73og/VlX2,474.000,BupgNPzH9jc0Eppp,509.000,bMnaMQqFkOGHDp0m,584.000,Elp1NMBI12RMuA1d,650.000,j6cPpRGMZFLjdI+l,1095.000,saIe+uO82j5dyZ0p,,,,
9,108,2026-04-04T02:27:43.908Z,643.000,8,382.000,UZJgGqNAd1DJ7a5N,409.000,j6cPpRGMZFLjdI+l,506.000,376MU2u+8SnuxMQc,521.000,Elp1NMBI12RMuA1d,539.000,bMnaMQqFkOGHDp0m,547.000,RghNkEQ73og/VlX2,636.000,BupgNPzH9jc0Eppp,843.000,saIe+uO82j5dyZ0p,,,,
9,109,2026-04-04T02:27:44.551Z,773.000,8,341.000,UZJgGqNAd1DJ7a5N,428.000,j6cPpRGMZFLjdI+l,490.000,BupgNPzH9jc0Eppp,503.000,Elp1NMBI12RMuA1d,627.000,saIe+uO82j5dyZ0p,641.000,376MU2u+8SnuxMQc,758.000,bMnaMQqFkOGHDp0m,1177.000,RghNkEQ73og/VlX2,,,,
9,110,2026-04-04T02:27:45.324Z,1721.000,8,416.000,376MU2u+8SnuxMQc,1517.000,BupgNPzH9jc0Eppp,1527.000,Elp1NMBI12RMuA1d,1636.000,bMnaMQqFkOGHDp0m,1653.000,UZJgGqNAd1DJ7a5N,1681.000,saIe+uO82j5dyZ0p,1713.000,j6cPpRGMZFLjdI+l,1726.000,RghNkEQ73og/VlX2,,,,
9,111,2026-04-04T02:27:47.045Z,823.000,8,390.000,j6cPpRGMZFLjdI+l,504.000,UZJgGqNAd1DJ7a5N,646.000,376MU2u+8SnuxMQc,683.000,RghNkEQ73og/VlX2,774.000,BupgNPzH9jc0Eppp,787.000,Elp1NMBI12RMuA1d,814.000,saIe+uO82j5dyZ0p,1346.000,bMnaMQqFkOGHDp0m,,,,
9,112,2026-04-04T02:27:47.868Z,1112.000,8,458.000,UZJgGqNAd1DJ7a5N,619.000,376MU2u+8SnuxMQc,705.000,RghNkEQ73og/VlX2,756.000,Elp1NMBI12RMuA1d,849.000,BupgNPzH9jc0Eppp,904.000,saIe+uO82j5dyZ0p,1099.000,bMnaMQqFkOGHDp0m,1152.000,j6cPpRGMZFLjdI+l,,,,
9,113,2026-04-04T02:27:48.980Z,842.000,8,638.000,Elp1NMBI12RMuA1d,669.000,bMnaMQqFkOGHDp0m,690.000,376MU2u+8SnuxMQc,707.000,UZJgGqNAd1DJ7a5N,752.000,RghNkEQ73og/VlX2,795.000,BupgNPzH9jc0Eppp,827.000,j6cPpRGMZFLjdI+l,1110.000,saIe+uO82j5dyZ0p,,,,
9,114,2026-04-04T02:27:49.822Z,967.000,8,391.000,UZJgGqNAd1DJ7a5N,613.000,376MU2u+8SnuxMQc,652.000,Elp1NMBI12RMuA1d,675.000,RghNkEQ73og/VlX2,836.000,j6cPpRGMZFLjdI+l,910.000,BupgNPzH9jc0Eppp,954.000,saIe+uO82j5dyZ0p,1043.000,bMnaMQqFkOGHDp0m,,,,
9,115,2026-04-04T02:27:50.789Z,886.000,8,458.000,UZJgGqNAd1DJ7a5N,765.000,bMnaMQqFkOGHDp0m,781.000,RghNkEQ73og/VlX2,804.000,376MU2u+8SnuxMQc,817.000,Elp1NMBI12RMuA1d,846.000,BupgNPzH9jc0Eppp,875.000,saIe+uO82j5dyZ0p,1037.000,j6cPpRGMZFLjdI+l,,,,
9,116,2026-04-04T02:27:51.675Z,893.000,8,480.000,UZJgGqNAd1DJ7a5N,503.000,376MU2u+8SnuxMQc,611.000,Elp1NMBI12RMuA1d,689.000,RghNkEQ73og/VlX2,730.000,bMnaMQqFkOGHDp0m,764.000,BupgNPzH9jc0Eppp,884.000,saIe+uO82j5dyZ0p,1230.000,j6cPpRGMZFLjdI+l,,,,
9,117,2026-04-04T02:27:52.568Z,1240.000,8,435.000,UZJgGqNAd1DJ7a5N,554.000,376MU2u+8SnuxMQc,709.000,bMnaMQqFkOGHDp0m,785.000,saIe+uO82j5dyZ0p,798.000,Elp1NMBI12RMuA1d,1126.000,RghNkEQ73og/VlX2,1229.000,BupgNPzH9jc0Eppp,2411.000,j6cPpRGMZFLjdI+l,,,,
9,118,2026-04-04T02:27:53.808Z,1401.000,7,452.000,UZJgGqNAd1DJ7a5N,680.000,376MU2u+8SnuxMQc,849.000,saIe+uO82j5dyZ0p,868.000,Elp1NMBI12RMuA1d,997.000,bMnaMQqFkOGHDp0m,1016.000,RghNkEQ73og/VlX2,1386.000,BupgNPzH9jc0Eppp,,,,,,
9,119,2026-04-04T02:27:55.209Z,4133.000,8,1384.000,UZJgGqNAd1DJ7a5N,1640.000,376MU2u+8SnuxMQc,2022.000,bMnaMQqFkOGHDp0m,2379.000,saIe+uO82j5dyZ0p,2813.000,RghNkEQ73og/VlX2,3050.000,Elp1NMBI12RMuA1d,29878.000,BupgNPzH9jc0Eppp,6651.000,j6cPpRGMZFLjdI+l,,,,
9,120,2026-04-04T02:27:59.342Z,,0,,,,,,,,,,,,,,,,,,,,
