Node_ID,Round,Round_Start_Time,Round_End_Time_ms,Certificate_Count,Certificate_1_Time_Delta_ms,Certificate_1_Origin,Certificate_2_Time_Delta_ms,Certificate_2_Origin,Certificate_3_Time_Delta_ms,Certificate_3_Origin,Certificate_4_Time_Delta_ms,Certificate_4_Origin,Certificate_5_Time_Delta_ms,Certificate_5_Origin,Certificate_6_Time_Delta_ms,Certificate_6_Origin,Certificate_7_Time_Delta_ms,Certificate_7_Origin,Certificate_8_Time_Delta_ms,Certificate_8_Origin,Certificate_9_Time_Delta_ms,Certificate_9_Origin,Certificate_10_Time_Delta_ms,Certificate_10_Origin
0,1,2026-04-03T18:05:46.277Z,13533.000,8,9584.000,QO1YLbvIMO7iR1FK,9894.000,soYQ0qNfaMy3Dx6z,11096.000,8g3mAYf92SaXwm8y,11379.000,gVdK1R7pQceZIJcu,12568.000,IXAd+tdPnM81gG6F,13448.000,RYE1MlfIb2SZU/fO,13533.000,obUOsW6NxixTRQCh,14334.000,GymB6kYVEeezVVzI,,,,
0,2,2026-04-03T18:05:59.810Z,736.000,8,353.000,RYE1MlfIb2SZU/fO,398.000,soYQ0qNfaMy3Dx6z,399.000,QO1YLbvIMO7iR1FK,403.000,gVdK1R7pQceZIJcu,435.000,8g3mAYf92SaXwm8y,482.000,IXAd+tdPnM81gG6F,736.000,obUOsW6NxixTRQCh,969.000,GymB6kYVEeezVVzI,,,,
0,3,2026-04-03T18:06:00.546Z,606.000,9,327.000,RYE1MlfIb2SZU/fO,395.000,8g3mAYf92SaXwm8y,397.000,QO1YLbvIMO7iR1FK,404.000,soYQ0qNfaMy3Dx6z,409.000,gVdK1R7pQceZIJcu,486.000,IXAd+tdPnM81gG6F,606.000,obUOsW6NxixTRQCh,733.000,crm+JDu9pyx01u65,827.000,GymB6kYVEeezVVzI,,
0,4,2026-04-03T18:06:01.152Z,409.000,10,330.000,RYE1MlfIb2SZU/fO,394.000,IXAd+tdPnM81gG6F,398.000,gVdK1R7pQceZIJcu,402.000,QO1YLbvIMO7iR1FK,406.000,crm+JDu9pyx01u65,408.000,soYQ0qNfaMy3Dx6z,409.000,8g3mAYf92SaXwm8y,526.000,obUOsW6NxixTRQCh,590.000,GymB6kYVEeezVVzI,972.000,i+ujZy34V34MVCSM
0,5,2026-04-03T18:06:01.561Z,414.000,10,329.000,RYE1MlfIb2SZU/fO,404.000,IXAd+tdPnM81gG6F,406.000,QO1YLbvIMO7iR1FK,407.000,obUOsW6NxixTRQCh,408.000,soYQ0qNfaMy3Dx6z,410.000,8g3mAYf92SaXwm8y,414.000,gVdK1R7pQceZIJcu,481.000,crm+JDu9pyx01u65,598.000,GymB6kYVEeezVVzI,778.000,i+ujZy34V34MVCSM
0,6,2026-04-03T18:06:01.975Z,407.000,10,328.000,RYE1MlfIb2SZU/fO,390.000,IXAd+tdPnM81gG6F,395.000,8g3mAYf92SaXwm8y,397.000,crm+JDu9pyx01u65,398.000,obUOsW6NxixTRQCh,399.000,gVdK1R7pQceZIJcu,407.000,soYQ0qNfaMy3Dx6z,414.000,QO1YLbvIMO7iR1FK,524.000,GymB6kYVEeezVVzI,655.000,i+ujZy34V34MVCSM
0,7,2026-04-03T18:06:02.382Z,402.000,10,323.000,RYE1MlfIb2SZU/fO,393.000,crm+JDu9pyx01u65,395.000,QO1YLbvIMO7iR1FK,396.000,soYQ0qNfaMy3Dx6z,397.000,IXAd+tdPnM81gG6F,399.000,GymB6kYVEeezVVzI,402.000,gVdK1R7pQceZIJcu,403.000,8g3mAYf92SaXwm8y,430.000,obUOsW6NxixTRQCh,530.000,i+ujZy34V34MVCSM
0,8,2026-04-03T18:06:02.784Z,414.000,10,331.000,RYE1MlfIb2SZU/fO,402.000,IXAd+tdPnM81gG6F,406.000,8g3mAYf92SaXwm8y,409.000,crm+JDu9pyx01u65,411.000,QO1YLbvIMO7iR1FK,412.000,gVdK1R7pQceZIJcu,413.000,obUOsW6NxixTRQCh,415.000,soYQ0qNfaMy3Dx6z,448.000,GymB6kYVEeezVVzI,523.000,i+ujZy34V34MVCSM
0,9,2026-04-03T18:06:03.198Z,401.000,10,323.000,RYE1MlfIb2SZU/fO,366.000,i+ujZy34V34MVCSM,371.000,GymB6kYVEeezVVzI,395.000,IXAd+tdPnM81gG6F,396.000,gVdK1R7pQceZIJcu,400.000,crm+JDu9pyx01u65,401.000,obUOsW6NxixTRQCh,404.000,QO1YLbvIMO7iR1FK,405.000,soYQ0qNfaMy3Dx6z,406.000,8g3mAYf92SaXwm8y
0,10,2026-04-03T18:06:03.599Z,414.000,10,332.000,RYE1MlfIb2SZU/fO,370.000,i+ujZy34V34MVCSM,400.000,soYQ0qNfaMy3Dx6z,404.000,obUOsW6NxixTRQCh,405.000,gVdK1R7pQceZIJcu,406.000,crm+JDu9pyx01u65,413.000,IXAd+tdPnM81gG6F,415.000,8g3mAYf92SaXwm8y,418.000,QO1YLbvIMO7iR1FK,446.000,GymB6kYVEeezVVzI
0,11,2026-04-03T18:06:04.013Z,405.000,10,320.000,RYE1MlfIb2SZU/fO,396.000,gVdK1R7pQceZIJcu,398.000,IXAd+tdPnM81gG6F,400.000,QO1YLbvIMO7iR1FK,401.000,crm+JDu9pyx01u65,403.000,8g3mAYf92SaXwm8y,405.000,soYQ0qNfaMy3Dx6z,406.000,i+ujZy34V34MVCSM,408.000,GymB6kYVEeezVVzI,409.000,obUOsW6NxixTRQCh
0,12,2026-04-03T18:06:04.418Z,401.000,10,321.000,RYE1MlfIb2SZU/fO,363.000,i+ujZy34V34MVCSM,395.000,gVdK1R7pQceZIJcu,396.000,IXAd+tdPnM81gG6F,398.000,obUOsW6NxixTRQCh,399.000,crm+JDu9pyx01u65,401.000,GymB6kYVEeezVVzI,402.000,8g3mAYf92SaXwm8y,403.000,soYQ0qNfaMy3Dx6z,409.000,QO1YLbvIMO7iR1FK
0,13,2026-04-03T18:06:04.819Z,410.000,10,328.000,RYE1MlfIb2SZU/fO,404.000,8g3mAYf92SaXwm8y,405.000,QO1YLbvIMO7iR1FK,407.000,crm+JDu9pyx01u65,408.000,obUOsW6NxixTRQCh,409.000,i+ujZy34V34MVCSM,410.000,soYQ0qNfaMy3Dx6z,411.000,IXAd+tdPnM81gG6F,413.000,gVdK1R7pQceZIJcu,418.000,GymB6kYVEeezVVzI
0,14,2026-04-03T18:06:05.229Z,399.000,10,320.000,RYE1MlfIb2SZU/fO,365.000,i+ujZy34V34MVCSM,392.000,crm+JDu9pyx01u65,394.000,IXAd+tdPnM81gG6F,395.000,GymB6kYVEeezVVzI,398.000,8g3mAYf92SaXwm8y,399.000,soYQ0qNfaMy3Dx6z,400.000,gVdK1R7pQceZIJcu,401.000,QO1YLbvIMO7iR1FK,404.000,obUOsW6NxixTRQCh
0,15,2026-04-03T18:06:05.628Z,411.000,10,328.000,RYE1MlfIb2SZU/fO,402.000,obUOsW6NxixTRQCh,403.000,GymB6kYVEeezVVzI,407.000,QO1YLbvIMO7iR1FK,408.000,8g3mAYf92SaXwm8y,410.000,gVdK1R7pQceZIJcu,411.000,soYQ0qNfaMy3Dx6z,412.000,i+ujZy34V34MVCSM,413.000,crm+JDu9pyx01u65,418.000,IXAd+tdPnM81gG6F
0,16,2026-04-03T18:06:06.039Z,406.000,10,322.000,RYE1MlfIb2SZU/fO,396.000,i+ujZy34V34MVCSM,400.000,gVdK1R7pQceZIJcu,401.000,crm+JDu9pyx01u65,403.000,soYQ0qNfaMy3Dx6z,404.000,IXAd+tdPnM81gG6F,406.000,8g3mAYf92SaXwm8y,407.000,QO1YLbvIMO7iR1FK,408.000,GymB6kYVEeezVVzI,409.000,obUOsW6NxixTRQCh
0,17,2026-04-03T18:06:06.445Z,411.000,10,323.000,RYE1MlfIb2SZU/fO,404.000,obUOsW6NxixTRQCh,406.000,i+ujZy34V34MVCSM,407.000,IXAd+tdPnM81gG6F,408.000,gVdK1R7pQceZIJcu,410.000,QO1YLbvIMO7iR1FK,411.000,GymB6kYVEeezVVzI,412.000,crm+JDu9pyx01u65,413.000,soYQ0qNfaMy3Dx6z,415.000,8g3mAYf92SaXwm8y
0,18,2026-04-03T18:06:06.856Z,400.000,10,319.000,RYE1MlfIb2SZU/fO,390.000,soYQ0qNfaMy3Dx6z,394.000,8g3mAYf92SaXwm8y,395.000,QO1YLbvIMO7iR1FK,397.000,crm+JDu9pyx01u65,398.000,gVdK1R7pQceZIJcu,400.000,obUOsW6NxixTRQCh,402.000,i+ujZy34V34MVCSM,404.000,IXAd+tdPnM81gG6F,408.000,GymB6kYVEeezVVzI
0,19,2026-04-03T18:06:07.256Z,408.000,10,326.000,RYE1MlfIb2SZU/fO,398.000,soYQ0qNfaMy3Dx6z,400.000,GymB6kYVEeezVVzI,401.000,i+ujZy34V34MVCSM,403.000,8g3mAYf92SaXwm8y,407.000,obUOsW6NxixTRQCh,408.000,gVdK1R7pQceZIJcu,409.000,IXAd+tdPnM81gG6F,411.000,crm+JDu9pyx01u65,412.000,QO1YLbvIMO7iR1FK
0,20,2026-04-03T18:06:07.664Z,405.000,10,323.000,RYE1MlfIb2SZU/fO,397.000,8g3mAYf92SaXwm8y,398.000,IXAd+tdPnM81gG6F,400.000,GymB6kYVEeezVVzI,402.000,obUOsW6NxixTRQCh,403.000,QO1YLbvIMO7iR1FK,404.000,gVdK1R7pQceZIJcu,406.000,i+ujZy34V34MVCSM,409.000,crm+JDu9pyx01u65,410.000,soYQ0qNfaMy3Dx6z
0,21,2026-04-03T18:06:08.069Z,406.000,10,325.000,RYE1MlfIb2SZU/fO,394.000,crm+JDu9pyx01u65,397.000,i+ujZy34V34MVCSM,402.000,IXAd+tdPnM81gG6F,403.000,QO1YLbvIMO7iR1FK,405.000,8g3mAYf92SaXwm8y,406.000,GymB6kYVEeezVVzI,407.000,soYQ0qNfaMy3Dx6z,409.000,gVdK1R7pQceZIJcu,411.000,obUOsW6NxixTRQCh
0,22,2026-04-03T18:06:08.475Z,404.000,10,319.000,RYE1MlfIb2SZU/fO,397.000,soYQ0qNfaMy3Dx6z,398.000,IXAd+tdPnM81gG6F,400.000,obUOsW6NxixTRQCh,401.000,i+ujZy34V34MVCSM,402.000,GymB6kYVEeezVVzI,403.000,gVdK1R7pQceZIJcu,405.000,crm+JDu9pyx01u65,406.000,8g3mAYf92SaXwm8y,408.000,QO1YLbvIMO7iR1FK
0,23,2026-04-03T18:06:08.879Z,410.000,10,327.000,RYE1MlfIb2SZU/fO,399.000,obUOsW6NxixTRQCh,401.000,8g3mAYf92SaXwm8y,405.000,soYQ0qNfaMy3Dx6z,407.000,GymB6kYVEeezVVzI,408.000,QO1YLbvIMO7iR1FK,409.000,i+ujZy34V34MVCSM,411.000,gVdK1R7pQceZIJcu,414.000,IXAd+tdPnM81gG6F,416.000,crm+JDu9pyx01u65
0,24,2026-04-03T18:06:09.289Z,406.000,10,322.000,RYE1MlfIb2SZU/fO,393.000,obUOsW6NxixTRQCh,396.000,GymB6kYVEeezVVzI,401.000,QO1YLbvIMO7iR1FK,403.000,8g3mAYf92SaXwm8y,404.000,gVdK1R7pQceZIJcu,406.000,i+ujZy34V34MVCSM,407.000,soYQ0qNfaMy3Dx6z,408.000,IXAd+tdPnM81gG6F,409.000,crm+JDu9pyx01u65
0,25,2026-04-03T18:06:09.695Z,405.000,10,322.000,RYE1MlfIb2SZU/fO,396.000,gVdK1R7pQceZIJcu,397.000,obUOsW6NxixTRQCh,400.000,soYQ0qNfaMy3Dx6z,401.000,IXAd+tdPnM81gG6F,403.000,i+ujZy34V34MVCSM,404.000,GymB6kYVEeezVVzI,406.000,8g3mAYf92SaXwm8y,407.000,crm+JDu9pyx01u65,408.000,QO1YLbvIMO7iR1FK
0,26,2026-04-03T18:06:10.100Z,402.000,10,321.000,RYE1MlfIb2SZU/fO,394.000,crm+JDu9pyx01u65,396.000,IXAd+tdPnM81gG6F,398.000,QO1YLbvIMO7iR1FK,400.000,8g3mAYf92SaXwm8y,401.000,obUOsW6NxixTRQCh,402.000,soYQ0qNfaMy3Dx6z,403.000,i+ujZy34V34MVCSM,407.000,gVdK1R7pQceZIJcu,412.000,GymB6kYVEeezVVzI
0,27,2026-04-03T18:06:10.502Z,405.000,10,325.000,RYE1MlfIb2SZU/fO,397.000,GymB6kYVEeezVVzI,398.000,soYQ0qNfaMy3Dx6z,399.000,crm+JDu9pyx01u65,402.000,IXAd+tdPnM81gG6F,403.000,i+ujZy34V34MVCSM,404.000,obUOsW6NxixTRQCh,406.000,gVdK1R7pQceZIJcu,407.000,8g3mAYf92SaXwm8y,408.000,QO1YLbvIMO7iR1FK
0,28,2026-04-03T18:06:10.907Z,410.000,10,328.000,RYE1MlfIb2SZU/fO,402.000,GymB6kYVEeezVVzI,403.000,soYQ0qNfaMy3Dx6z,404.000,i+ujZy34V34MVCSM,407.000,QO1YLbvIMO7iR1FK,408.000,obUOsW6NxixTRQCh,410.000,8g3mAYf92SaXwm8y,412.000,gVdK1R7pQceZIJcu,413.000,IXAd+tdPnM81gG6F,415.000,crm+JDu9pyx01u65
0,29,2026-04-03T18:06:11.317Z,405.000,10,321.000,RYE1MlfIb2SZU/fO,398.000,IXAd+tdPnM81gG6F,399.000,crm+JDu9pyx01u65,401.000,QO1YLbvIMO7iR1FK,402.000,8g3mAYf92SaXwm8y,403.000,GymB6kYVEeezVVzI,404.000,gVdK1R7pQceZIJcu,406.000,soYQ0qNfaMy3Dx6z,407.000,i+ujZy34V34MVCSM,408.000,obUOsW6NxixTRQCh
0,30,2026-04-03T18:06:11.722Z,408.000,10,325.000,RYE1MlfIb2SZU/fO,397.000,GymB6kYVEeezVVzI,402.000,i+ujZy34V34MVCSM,404.000,IXAd+tdPnM81gG6F,405.000,soYQ0qNfaMy3Dx6z,407.000,QO1YLbvIMO7iR1FK,408.000,8g3mAYf92SaXwm8y,409.000,gVdK1R7pQceZIJcu,411.000,obUOsW6NxixTRQCh,412.000,crm+JDu9pyx01u65
0,31,2026-04-03T18:06:12.130Z,405.000,10,324.000,RYE1MlfIb2SZU/fO,395.000,IXAd+tdPnM81gG6F,397.000,GymB6kYVEeezVVzI,401.000,crm+JDu9pyx01u65,402.000,8g3mAYf92SaXwm8y,404.000,soYQ0qNfaMy3Dx6z,405.000,i+ujZy34V34MVCSM,406.000,obUOsW6NxixTRQCh,408.000,QO1YLbvIMO7iR1FK,409.000,gVdK1R7pQceZIJcu
0,32,2026-04-03T18:06:12.535Z,403.000,10,322.000,RYE1MlfIb2SZU/fO,397.000,gVdK1R7pQceZIJcu,398.000,QO1YLbvIMO7iR1FK,399.000,IXAd+tdPnM81gG6F,401.000,GymB6kYVEeezVVzI,402.000,soYQ0qNfaMy3Dx6z,403.000,obUOsW6NxixTRQCh,405.000,i+ujZy34V34MVCSM,406.000,crm+JDu9pyx01u65,407.000,8g3mAYf92SaXwm8y
0,33,2026-04-03T18:06:12.938Z,409.000,10,325.000,RYE1MlfIb2SZU/fO,401.000,soYQ0qNfaMy3Dx6z,403.000,QO1YLbvIMO7iR1FK,405.000,crm+JDu9pyx01u65,406.000,gVdK1R7pQceZIJcu,407.000,i+ujZy34V34MVCSM,408.000,GymB6kYVEeezVVzI,410.000,obUOsW6NxixTRQCh,412.000,IXAd+tdPnM81gG6F,414.000,8g3mAYf92SaXwm8y
0,34,2026-04-03T18:06:13.347Z,401.000,10,321.000,RYE1MlfIb2SZU/fO,395.000,gVdK1R7pQceZIJcu,396.000,crm+JDu9pyx01u65,397.000,IXAd+tdPnM81gG6F,399.000,obUOsW6NxixTRQCh,400.000,GymB6kYVEeezVVzI,401.000,8g3mAYf92SaXwm8y,404.000,i+ujZy34V34MVCSM,408.000,soYQ0qNfaMy3Dx6z,409.000,QO1YLbvIMO7iR1FK
0,35,2026-04-03T18:06:13.748Z,410.000,10,328.000,RYE1MlfIb2SZU/fO,397.000,i+ujZy34V34MVCSM,400.000,8g3mAYf92SaXwm8y,402.000,gVdK1R7pQceZIJcu,404.000,crm+JDu9pyx01u65,409.000,GymB6kYVEeezVVzI,410.000,IXAd+tdPnM81gG6F,411.000,soYQ0qNfaMy3Dx6z,413.000,obUOsW6NxixTRQCh,414.000,QO1YLbvIMO7iR1FK
0,36,2026-04-03T18:06:14.158Z,408.000,10,325.000,RYE1MlfIb2SZU/fO,398.000,gVdK1R7pQceZIJcu,402.000,i+ujZy34V34MVCSM,403.000,obUOsW6NxixTRQCh,406.000,8g3mAYf92SaXwm8y,407.000,IXAd+tdPnM81gG6F,408.000,QO1YLbvIMO7iR1FK,410.000,soYQ0qNfaMy3Dx6z,411.000,crm+JDu9pyx01u65,412.000,GymB6kYVEeezVVzI
0,37,2026-04-03T18:06:14.566Z,405.000,10,321.000,RYE1MlfIb2SZU/fO,398.000,soYQ0qNfaMy3Dx6z,399.000,8g3mAYf92SaXwm8y,401.000,GymB6kYVEeezVVzI,402.000,IXAd+tdPnM81gG6F,403.000,i+ujZy34V34MVCSM,405.000,QO1YLbvIMO7iR1FK,406.000,gVdK1R7pQceZIJcu,407.000,crm+JDu9pyx01u65,409.000,obUOsW6NxixTRQCh
0,38,2026-04-03T18:06:14.971Z,404.000,10,323.000,RYE1MlfIb2SZU/fO,390.000,i+ujZy34V34MVCSM,393.000,soYQ0qNfaMy3Dx6z,395.000,IXAd+tdPnM81gG6F,396.000,obUOsW6NxixTRQCh,397.000,crm+JDu9pyx01u65,404.000,QO1YLbvIMO7iR1FK,405.000,gVdK1R7pQceZIJcu,407.000,8g3mAYf92SaXwm8y,408.000,GymB6kYVEeezVVzI
0,39,2026-04-03T18:06:15.375Z,799.000,10,635.000,RYE1MlfIb2SZU/fO,666.000,GymB6kYVEeezVVzI,679.000,gVdK1R7pQceZIJcu,740.000,IXAd+tdPnM81gG6F,765.000,soYQ0qNfaMy3Dx6z,784.000,obUOsW6NxixTRQCh,795.000,QO1YLbvIMO7iR1FK,830.000,i+ujZy34V34MVCSM,850.000,crm+JDu9pyx01u65,877.000,8g3mAYf92SaXwm8y
0,40,2026-04-03T18:06:16.174Z,1569.000,9,1034.000,RYE1MlfIb2SZU/fO,1245.000,soYQ0qNfaMy3Dx6z,1314.000,obUOsW6NxixTRQCh,1372.000,i+ujZy34V34MVCSM,1434.000,8g3mAYf92SaXwm8y,1496.000,QO1YLbvIMO7iR1FK,1558.000,IXAd+tdPnM81gG6F,1619.000,crm+JDu9pyx01u65,118863.000,gVdK1R7pQceZIJcu,,
0,41,2026-04-03T18:06:17.743Z,,0,,,,,,,,,,,,,,,,,,,,
1,1,2026-04-03T18:05:47.719Z,12084.000,8,8138.000,QO1YLbvIMO7iR1FK,8448.000,soYQ0qNfaMy3Dx6z,9653.000,8g3mAYf92SaXwm8y,9940.000,gVdK1R7pQceZIJcu,11125.000,IXAd+tdPnM81gG6F,12048.000,RYE1MlfIb2SZU/fO,12084.000,obUOsW6NxixTRQCh,12890.000,GymB6kYVEeezVVzI,,,,
1,2,2026-04-03T18:05:59.803Z,740.000,8,406.000,gVdK1R7pQceZIJcu,407.000,soYQ0qNfaMy3Dx6z,408.000,RYE1MlfIb2SZU/fO,416.000,QO1YLbvIMO7iR1FK,442.000,8g3mAYf92SaXwm8y,490.000,IXAd+tdPnM81gG6F,740.000,obUOsW6NxixTRQCh,977.000,GymB6kYVEeezVVzI,,,,
1,3,2026-04-03T18:06:00.543Z,614.000,9,398.000,QO1YLbvIMO7iR1FK,402.000,8g3mAYf92SaXwm8y,404.000,soYQ0qNfaMy3Dx6z,406.000,gVdK1R7pQceZIJcu,407.000,RYE1MlfIb2SZU/fO,489.000,IXAd+tdPnM81gG6F,614.000,obUOsW6NxixTRQCh,695.000,crm+JDu9pyx01u65,870.000,GymB6kYVEeezVVzI,,
1,4,2026-04-03T18:06:01.157Z,443.000,10,361.000,crm+JDu9pyx01u65,397.000,RYE1MlfIb2SZU/fO,398.000,gVdK1R7pQceZIJcu,400.000,QO1YLbvIMO7iR1FK,401.000,8g3mAYf92SaXwm8y,406.000,soYQ0qNfaMy3Dx6z,443.000,IXAd+tdPnM81gG6F,522.000,obUOsW6NxixTRQCh,535.000,GymB6kYVEeezVVzI,971.000,i+ujZy34V34MVCSM
1,5,2026-04-03T18:06:01.600Z,372.000,10,330.000,RYE1MlfIb2SZU/fO,364.000,IXAd+tdPnM81gG6F,365.000,obUOsW6NxixTRQCh,366.000,8g3mAYf92SaXwm8y,368.000,gVdK1R7pQceZIJcu,370.000,QO1YLbvIMO7iR1FK,372.000,soYQ0qNfaMy3Dx6z,402.000,crm+JDu9pyx01u65,555.000,GymB6kYVEeezVVzI,737.000,i+ujZy34V34MVCSM
1,6,2026-04-03T18:06:01.972Z,401.000,10,323.000,crm+JDu9pyx01u65,397.000,soYQ0qNfaMy3Dx6z,397.000,8g3mAYf92SaXwm8y,398.000,obUOsW6NxixTRQCh,398.000,IXAd+tdPnM81gG6F,401.000,gVdK1R7pQceZIJcu,401.000,RYE1MlfIb2SZU/fO,403.000,QO1YLbvIMO7iR1FK,530.000,GymB6kYVEeezVVzI,652.000,i+ujZy34V34MVCSM
1,7,2026-04-03T18:06:02.373Z,417.000,10,336.000,crm+JDu9pyx01u65,406.000,gVdK1R7pQceZIJcu,407.000,GymB6kYVEeezVVzI,409.000,soYQ0qNfaMy3Dx6z,410.000,8g3mAYf92SaXwm8y,415.000,QO1YLbvIMO7iR1FK,417.000,RYE1MlfIb2SZU/fO,421.000,IXAd+tdPnM81gG6F,439.000,obUOsW6NxixTRQCh,539.000,i+ujZy34V34MVCSM
1,8,2026-04-03T18:06:02.790Z,408.000,10,326.000,crm+JDu9pyx01u65,402.000,gVdK1R7pQceZIJcu,403.000,IXAd+tdPnM81gG6F,404.000,obUOsW6NxixTRQCh,406.000,RYE1MlfIb2SZU/fO,407.000,QO1YLbvIMO7iR1FK,408.000,8g3mAYf92SaXwm8y,410.000,soYQ0qNfaMy3Dx6z,439.000,GymB6kYVEeezVVzI,518.000,i+ujZy34V34MVCSM
1,9,2026-04-03T18:06:03.198Z,402.000,10,323.000,crm+JDu9pyx01u65,366.000,GymB6kYVEeezVVzI,368.000,i+ujZy34V34MVCSM,393.000,obUOsW6NxixTRQCh,399.000,IXAd+tdPnM81gG6F,400.000,gVdK1R7pQceZIJcu,402.000,QO1YLbvIMO7iR1FK,403.000,8g3mAYf92SaXwm8y,405.000,RYE1MlfIb2SZU/fO,406.000,soYQ0qNfaMy3Dx6z
1,10,2026-04-03T18:06:03.600Z,408.000,10,327.000,crm+JDu9pyx01u65,367.000,i+ujZy34V34MVCSM,401.000,RYE1MlfIb2SZU/fO,402.000,soYQ0qNfaMy3Dx6z,405.000,QO1YLbvIMO7iR1FK,407.000,gVdK1R7pQceZIJcu,408.000,IXAd+tdPnM81gG6F,412.000,8g3mAYf92SaXwm8y,414.000,obUOsW6NxixTRQCh,442.000,GymB6kYVEeezVVzI
1,11,2026-04-03T18:06:04.008Z,406.000,10,326.000,crm+JDu9pyx01u65,367.000,i+ujZy34V34MVCSM,398.000,gVdK1R7pQceZIJcu,400.000,soYQ0qNfaMy3Dx6z,403.000,obUOsW6NxixTRQCh,405.000,RYE1MlfIb2SZU/fO,406.000,8g3mAYf92SaXwm8y,408.000,GymB6kYVEeezVVzI,409.000,QO1YLbvIMO7iR1FK,414.000,IXAd+tdPnM81gG6F
1,12,2026-04-03T18:06:04.414Z,408.000,10,325.000,crm+JDu9pyx01u65,399.000,IXAd+tdPnM81gG6F,400.000,GymB6kYVEeezVVzI,404.000,gVdK1R7pQceZIJcu,405.000,obUOsW6NxixTRQCh,406.000,soYQ0qNfaMy3Dx6z,408.000,i+ujZy34V34MVCSM,409.000,8g3mAYf92SaXwm8y,411.000,RYE1MlfIb2SZU/fO,412.000,QO1YLbvIMO7iR1FK
1,13,2026-04-03T18:06:04.822Z,402.000,10,321.000,crm+JDu9pyx01u65,395.000,8g3mAYf92SaXwm8y,396.000,gVdK1R7pQceZIJcu,398.000,obUOsW6NxixTRQCh,399.000,soYQ0qNfaMy3Dx6z,400.000,GymB6kYVEeezVVzI,402.000,RYE1MlfIb2SZU/fO,405.000,QO1YLbvIMO7iR1FK,406.000,i+ujZy34V34MVCSM,407.000,IXAd+tdPnM81gG6F
1,14,2026-04-03T18:06:05.224Z,409.000,10,325.000,crm+JDu9pyx01u65,398.000,IXAd+tdPnM81gG6F,402.000,QO1YLbvIMO7iR1FK,404.000,gVdK1R7pQceZIJcu,406.000,GymB6kYVEeezVVzI,407.000,soYQ0qNfaMy3Dx6z,409.000,i+ujZy34V34MVCSM,410.000,8g3mAYf92SaXwm8y,411.000,obUOsW6NxixTRQCh,414.000,RYE1MlfIb2SZU/fO
1,15,2026-04-03T18:06:05.633Z,405.000,10,321.000,crm+JDu9pyx01u65,397.000,QO1YLbvIMO7iR1FK,400.000,obUOsW6NxixTRQCh,401.000,GymB6kYVEeezVVzI,403.000,RYE1MlfIb2SZU/fO,404.000,gVdK1R7pQceZIJcu,405.000,8g3mAYf92SaXwm8y,407.000,IXAd+tdPnM81gG6F,408.000,i+ujZy34V34MVCSM,409.000,soYQ0qNfaMy3Dx6z
1,16,2026-04-03T18:06:06.038Z,405.000,10,323.000,crm+JDu9pyx01u65,399.000,gVdK1R7pQceZIJcu,400.000,8g3mAYf92SaXwm8y,401.000,i+ujZy34V34MVCSM,403.000,QO1YLbvIMO7iR1FK,404.000,obUOsW6NxixTRQCh,405.000,GymB6kYVEeezVVzI,406.000,IXAd+tdPnM81gG6F,408.000,soYQ0qNfaMy3Dx6z,409.000,RYE1MlfIb2SZU/fO
1,17,2026-04-03T18:06:06.443Z,406.000,10,322.000,crm+JDu9pyx01u65,397.000,soYQ0qNfaMy3Dx6z,399.000,obUOsW6NxixTRQCh,400.000,RYE1MlfIb2SZU/fO,403.000,gVdK1R7pQceZIJcu,405.000,IXAd+tdPnM81gG6F,406.000,QO1YLbvIMO7iR1FK,408.000,GymB6kYVEeezVVzI,409.000,8g3mAYf92SaXwm8y,411.000,i+ujZy34V34MVCSM
1,18,2026-04-03T18:06:06.849Z,410.000,10,327.000,crm+JDu9pyx01u65,401.000,QO1YLbvIMO7iR1FK,404.000,GymB6kYVEeezVVzI,406.000,gVdK1R7pQceZIJcu,408.000,soYQ0qNfaMy3Dx6z,409.000,i+ujZy34V34MVCSM,410.000,IXAd+tdPnM81gG6F,412.000,8g3mAYf92SaXwm8y,413.000,obUOsW6NxixTRQCh,414.000,RYE1MlfIb2SZU/fO
1,19,2026-04-03T18:06:07.259Z,404.000,10,321.000,crm+JDu9pyx01u65,395.000,RYE1MlfIb2SZU/fO,398.000,QO1YLbvIMO7iR1FK,400.000,8g3mAYf92SaXwm8y,401.000,GymB6kYVEeezVVzI,402.000,i+ujZy34V34MVCSM,404.000,soYQ0qNfaMy3Dx6z,405.000,gVdK1R7pQceZIJcu,408.000,obUOsW6NxixTRQCh,409.000,IXAd+tdPnM81gG6F
1,20,2026-04-03T18:06:07.663Z,406.000,10,323.000,crm+JDu9pyx01u65,399.000,QO1YLbvIMO7iR1FK,401.000,i+ujZy34V34MVCSM,402.000,8g3mAYf92SaXwm8y,403.000,soYQ0qNfaMy3Dx6z,405.000,gVdK1R7pQceZIJcu,406.000,RYE1MlfIb2SZU/fO,407.000,GymB6kYVEeezVVzI,409.000,obUOsW6NxixTRQCh,411.000,IXAd+tdPnM81gG6F
1,21,2026-04-03T18:06:08.069Z,401.000,10,321.000,crm+JDu9pyx01u65,395.000,soYQ0qNfaMy3Dx6z,396.000,i+ujZy34V34MVCSM,397.000,8g3mAYf92SaXwm8y,399.000,obUOsW6NxixTRQCh,400.000,RYE1MlfIb2SZU/fO,401.000,QO1YLbvIMO7iR1FK,402.000,IXAd+tdPnM81gG6F,406.000,gVdK1R7pQceZIJcu,413.000,GymB6kYVEeezVVzI
1,22,2026-04-03T18:06:08.470Z,413.000,10,331.000,crm+JDu9pyx01u65,406.000,8g3mAYf92SaXwm8y,408.000,soYQ0qNfaMy3Dx6z,409.000,GymB6kYVEeezVVzI,410.000,i+ujZy34V34MVCSM,412.000,gVdK1R7pQceZIJcu,413.000,RYE1MlfIb2SZU/fO,417.000,IXAd+tdPnM81gG6F,418.000,QO1YLbvIMO7iR1FK,420.000,obUOsW6NxixTRQCh
1,23,2026-04-03T18:06:08.883Z,406.000,10,321.000,crm+JDu9pyx01u65,393.000,QO1YLbvIMO7iR1FK,396.000,8g3mAYf92SaXwm8y,402.000,RYE1MlfIb2SZU/fO,404.000,IXAd+tdPnM81gG6F,405.000,obUOsW6NxixTRQCh,406.000,i+ujZy34V34MVCSM,408.000,gVdK1R7pQceZIJcu,409.000,GymB6kYVEeezVVzI,410.000,soYQ0qNfaMy3Dx6z
1,24,2026-04-03T18:06:09.289Z,402.000,10,320.000,crm+JDu9pyx01u65,392.000,i+ujZy34V34MVCSM,396.000,IXAd+tdPnM81gG6F,398.000,QO1YLbvIMO7iR1FK,399.000,RYE1MlfIb2SZU/fO,400.000,8g3mAYf92SaXwm8y,401.000,obUOsW6NxixTRQCh,403.000,GymB6kYVEeezVVzI,404.000,soYQ0qNfaMy3Dx6z,409.000,gVdK1R7pQceZIJcu
1,25,2026-04-03T18:06:09.691Z,405.000,10,324.000,crm+JDu9pyx01u65,398.000,i+ujZy34V34MVCSM,399.000,QO1YLbvIMO7iR1FK,401.000,obUOsW6NxixTRQCh,403.000,soYQ0qNfaMy3Dx6z,404.000,8g3mAYf92SaXwm8y,405.000,GymB6kYVEeezVVzI,406.000,IXAd+tdPnM81gG6F,408.000,RYE1MlfIb2SZU/fO,410.000,gVdK1R7pQceZIJcu
1,26,2026-04-03T18:06:10.096Z,407.000,10,323.000,crm+JDu9pyx01u65,397.000,8g3mAYf92SaXwm8y,400.000,gVdK1R7pQceZIJcu,403.000,GymB6kYVEeezVVzI,404.000,QO1YLbvIMO7iR1FK,405.000,soYQ0qNfaMy3Dx6z,407.000,IXAd+tdPnM81gG6F,408.000,RYE1MlfIb2SZU/fO,409.000,i+ujZy34V34MVCSM,412.000,obUOsW6NxixTRQCh
1,27,2026-04-03T18:06:10.503Z,405.000,10,324.000,crm+JDu9pyx01u65,387.000,GymB6kYVEeezVVzI,392.000,RYE1MlfIb2SZU/fO,399.000,8g3mAYf92SaXwm8y,402.000,i+ujZy34V34MVCSM,404.000,QO1YLbvIMO7iR1FK,405.000,gVdK1R7pQceZIJcu,408.000,soYQ0qNfaMy3Dx6z,411.000,IXAd+tdPnM81gG6F,413.000,obUOsW6NxixTRQCh
1,28,2026-04-03T18:06:10.908Z,410.000,10,326.000,crm+JDu9pyx01u65,400.000,obUOsW6NxixTRQCh,402.000,QO1YLbvIMO7iR1FK,406.000,i+ujZy34V34MVCSM,407.000,RYE1MlfIb2SZU/fO,408.000,soYQ0qNfaMy3Dx6z,409.000,gVdK1R7pQceZIJcu,411.000,IXAd+tdPnM81gG6F,412.000,GymB6kYVEeezVVzI,413.000,8g3mAYf92SaXwm8y
1,29,2026-04-03T18:06:11.318Z,402.000,10,322.000,crm+JDu9pyx01u65,391.000,i+ujZy34V34MVCSM,397.000,RYE1MlfIb2SZU/fO,398.000,gVdK1R7pQceZIJcu,399.000,GymB6kYVEeezVVzI,401.000,QO1YLbvIMO7iR1FK,402.000,8g3mAYf92SaXwm8y,405.000,obUOsW6NxixTRQCh,406.000,IXAd+tdPnM81gG6F,407.000,soYQ0qNfaMy3Dx6z
1,30,2026-04-03T18:06:11.720Z,409.000,10,327.000,crm+JDu9pyx01u65,400.000,i+ujZy34V34MVCSM,403.000,obUOsW6NxixTRQCh,405.000,QO1YLbvIMO7iR1FK,406.000,IXAd+tdPnM81gG6F,407.000,GymB6kYVEeezVVzI,408.000,RYE1MlfIb2SZU/fO,410.000,soYQ0qNfaMy3Dx6z,411.000,gVdK1R7pQceZIJcu,412.000,8g3mAYf92SaXwm8y
1,31,2026-04-03T18:06:12.129Z,407.000,10,324.000,crm+JDu9pyx01u65,394.000,GymB6kYVEeezVVzI,396.000,i+ujZy34V34MVCSM,397.000,soYQ0qNfaMy3Dx6z,400.000,8g3mAYf92SaXwm8y,404.000,obUOsW6NxixTRQCh,407.000,QO1YLbvIMO7iR1FK,408.000,IXAd+tdPnM81gG6F,410.000,gVdK1R7pQceZIJcu,411.000,RYE1MlfIb2SZU/fO
1,32,2026-04-03T18:06:12.536Z,404.000,10,321.000,crm+JDu9pyx01u65,396.000,GymB6kYVEeezVVzI,397.000,RYE1MlfIb2SZU/fO,399.000,QO1YLbvIMO7iR1FK,401.000,8g3mAYf92SaXwm8y,402.000,obUOsW6NxixTRQCh,403.000,i+ujZy34V34MVCSM,405.000,gVdK1R7pQceZIJcu,406.000,IXAd+tdPnM81gG6F,408.000,soYQ0qNfaMy3Dx6z
1,33,2026-04-03T18:06:12.940Z,406.000,10,323.000,crm+JDu9pyx01u65,399.000,RYE1MlfIb2SZU/fO,400.000,i+ujZy34V34MVCSM,401.000,soYQ0qNfaMy3Dx6z,403.000,IXAd+tdPnM81gG6F,404.000,8g3mAYf92SaXwm8y,405.000,obUOsW6NxixTRQCh,407.000,gVdK1R7pQceZIJcu,408.000,GymB6kYVEeezVVzI,409.000,QO1YLbvIMO7iR1FK
1,34,2026-04-03T18:06:13.346Z,404.000,10,322.000,crm+JDu9pyx01u65,396.000,RYE1MlfIb2SZU/fO,398.000,QO1YLbvIMO7iR1FK,399.000,soYQ0qNfaMy3Dx6z,401.000,obUOsW6NxixTRQCh,402.000,IXAd+tdPnM81gG6F,404.000,GymB6kYVEeezVVzI,405.000,i+ujZy34V34MVCSM,406.000,8g3mAYf92SaXwm8y,409.000,gVdK1R7pQceZIJcu
1,35,2026-04-03T18:06:13.750Z,408.000,10,326.000,crm+JDu9pyx01u65,395.000,gVdK1R7pQceZIJcu,402.000,IXAd+tdPnM81gG6F,403.000,RYE1MlfIb2SZU/fO,405.000,i+ujZy34V34MVCSM,406.000,obUOsW6NxixTRQCh,407.000,GymB6kYVEeezVVzI,409.000,QO1YLbvIMO7iR1FK,410.000,8g3mAYf92SaXwm8y,412.000,soYQ0qNfaMy3Dx6z
1,36,2026-04-03T18:06:14.158Z,408.000,10,326.000,crm+JDu9pyx01u65,396.000,i+ujZy34V34MVCSM,397.000,gVdK1R7pQceZIJcu,400.000,IXAd+tdPnM81gG6F,405.000,obUOsW6NxixTRQCh,406.000,QO1YLbvIMO7iR1FK,407.000,8g3mAYf92SaXwm8y,409.000,GymB6kYVEeezVVzI,410.000,soYQ0qNfaMy3Dx6z,412.000,RYE1MlfIb2SZU/fO
1,37,2026-04-03T18:06:14.566Z,401.000,10,320.000,crm+JDu9pyx01u65,392.000,GymB6kYVEeezVVzI,394.000,8g3mAYf92SaXwm8y,396.000,i+ujZy34V34MVCSM,398.000,soYQ0qNfaMy3Dx6z,399.000,obUOsW6NxixTRQCh,401.000,RYE1MlfIb2SZU/fO,402.000,IXAd+tdPnM81gG6F,403.000,QO1YLbvIMO7iR1FK,404.000,gVdK1R7pQceZIJcu
1,38,2026-04-03T18:06:14.967Z,408.000,10,325.000,crm+JDu9pyx01u65,401.000,i+ujZy34V34MVCSM,402.000,8g3mAYf92SaXwm8y,403.000,QO1YLbvIMO7iR1FK,404.000,obUOsW6NxixTRQCh,406.000,gVdK1R7pQceZIJcu,408.000,GymB6kYVEeezVVzI,409.000,soYQ0qNfaMy3Dx6z,410.000,RYE1MlfIb2SZU/fO,413.000,IXAd+tdPnM81gG6F
1,39,2026-04-03T18:06:15.375Z,822.000,10,663.000,crm+JDu9pyx01u65,733.000,gVdK1R7pQceZIJcu,739.000,GymB6kYVEeezVVzI,758.000,QO1YLbvIMO7iR1FK,778.000,RYE1MlfIb2SZU/fO,795.000,obUOsW6NxixTRQCh,815.000,IXAd+tdPnM81gG6F,846.000,soYQ0qNfaMy3Dx6z,866.000,8g3mAYf92SaXwm8y,893.000,i+ujZy34V34MVCSM
1,40,2026-04-03T18:06:16.197Z,1580.000,9,1021.000,crm+JDu9pyx01u65,1227.000,i+ujZy34V34MVCSM,1303.000,QO1YLbvIMO7iR1FK,1367.000,soYQ0qNfaMy3Dx6z,1422.000,obUOsW6NxixTRQCh,1499.000,8g3mAYf92SaXwm8y,1566.000,IXAd+tdPnM81gG6F,119149.000,gVdK1R7pQceZIJcu,110470.000,RYE1MlfIb2SZU/fO,,
1,41,2026-04-03T18:06:17.777Z,,0,,,,,,,,,,,,,,,,,,,,
2,1,2026-04-03T18:05:49.160Z,10644.000,8,6699.000,QO1YLbvIMO7iR1FK,6967.000,soYQ0qNfaMy3Dx6z,8211.000,8g3mAYf92SaXwm8y,8497.000,gVdK1R7pQceZIJcu,9684.000,IXAd+tdPnM81gG6F,10603.000,RYE1MlfIb2SZU/fO,10644.000,obUOsW6NxixTRQCh,11454.000,GymB6kYVEeezVVzI,,,,
2,2,2026-04-03T18:05:59.804Z,739.000,8,355.000,soYQ0qNfaMy3Dx6z,393.000,RYE1MlfIb2SZU/fO,401.000,gVdK1R7pQceZIJcu,406.000,QO1YLbvIMO7iR1FK,435.000,8g3mAYf92SaXwm8y,491.000,IXAd+tdPnM81gG6F,739.000,obUOsW6NxixTRQCh,978.000,GymB6kYVEeezVVzI,,,,
2,3,2026-04-03T18:06:00.543Z,609.000,9,326.000,soYQ0qNfaMy3Dx6z,397.000,8g3mAYf92SaXwm8y,399.000,RYE1MlfIb2SZU/fO,401.000,gVdK1R7pQceZIJcu,405.000,QO1YLbvIMO7iR1FK,487.000,IXAd+tdPnM81gG6F,609.000,obUOsW6NxixTRQCh,734.000,crm+JDu9pyx01u65,832.000,GymB6kYVEeezVVzI,,
2,4,2026-04-03T18:06:01.152Z,413.000,10,328.000,soYQ0qNfaMy3Dx6z,398.000,IXAd+tdPnM81gG6F,404.000,QO1YLbvIMO7iR1FK,406.000,8g3mAYf92SaXwm8y,407.000,gVdK1R7pQceZIJcu,408.000,crm+JDu9pyx01u65,413.000,RYE1MlfIb2SZU/fO,529.000,obUOsW6NxixTRQCh,543.000,GymB6kYVEeezVVzI,921.000,i+ujZy34V34MVCSM
2,5,2026-04-03T18:06:01.565Z,406.000,10,355.000,soYQ0qNfaMy3Dx6z,394.000,QO1YLbvIMO7iR1FK,396.000,RYE1MlfIb2SZU/fO,400.000,8g3mAYf92SaXwm8y,402.000,obUOsW6NxixTRQCh,403.000,IXAd+tdPnM81gG6F,406.000,gVdK1R7pQceZIJcu,477.000,crm+JDu9pyx01u65,532.000,GymB6kYVEeezVVzI,850.000,i+ujZy34V34MVCSM
2,6,2026-04-03T18:06:01.971Z,406.000,10,324.000,soYQ0qNfaMy3Dx6z,398.000,obUOsW6NxixTRQCh,399.000,gVdK1R7pQceZIJcu,401.000,RYE1MlfIb2SZU/fO,402.000,8g3mAYf92SaXwm8y,404.000,crm+JDu9pyx01u65,406.000,QO1YLbvIMO7iR1FK,407.000,IXAd+tdPnM81gG6F,492.000,GymB6kYVEeezVVzI,731.000,i+ujZy34V34MVCSM
2,7,2026-04-03T18:06:02.377Z,412.000,10,329.000,soYQ0qNfaMy3Dx6z,402.000,crm+JDu9pyx01u65,407.000,8g3mAYf92SaXwm8y,408.000,RYE1MlfIb2SZU/fO,409.000,GymB6kYVEeezVVzI,411.000,QO1YLbvIMO7iR1FK,412.000,obUOsW6NxixTRQCh,413.000,gVdK1R7pQceZIJcu,417.000,IXAd+tdPnM81gG6F,535.000,i+ujZy34V34MVCSM
2,8,2026-04-03T18:06:02.789Z,408.000,10,324.000,soYQ0qNfaMy3Dx6z,391.000,RYE1MlfIb2SZU/fO,399.000,IXAd+tdPnM81gG6F,401.000,crm+JDu9pyx01u65,403.000,QO1YLbvIMO7iR1FK,405.000,gVdK1R7pQceZIJcu,408.000,8g3mAYf92SaXwm8y,412.000,obUOsW6NxixTRQCh,445.000,GymB6kYVEeezVVzI,515.000,i+ujZy34V34MVCSM
2,9,2026-04-03T18:06:03.197Z,399.000,10,319.000,soYQ0qNfaMy3Dx6z,364.000,GymB6kYVEeezVVzI,365.000,i+ujZy34V34MVCSM,395.000,obUOsW6NxixTRQCh,396.000,QO1YLbvIMO7iR1FK,397.000,gVdK1R7pQceZIJcu,399.000,8g3mAYf92SaXwm8y,401.000,crm+JDu9pyx01u65,403.000,IXAd+tdPnM81gG6F,405.000,RYE1MlfIb2SZU/fO
2,10,2026-04-03T18:06:03.596Z,412.000,10,334.000,soYQ0qNfaMy3Dx6z,367.000,i+ujZy34V34MVCSM,406.000,QO1YLbvIMO7iR1FK,408.000,IXAd+tdPnM81gG6F,409.000,gVdK1R7pQceZIJcu,410.000,RYE1MlfIb2SZU/fO,411.000,obUOsW6NxixTRQCh,413.000,crm+JDu9pyx01u65,414.000,8g3mAYf92SaXwm8y,454.000,GymB6kYVEeezVVzI
2,11,2026-04-03T18:06:04.008Z,406.000,10,327.000,soYQ0qNfaMy3Dx6z,366.000,i+ujZy34V34MVCSM,399.000,IXAd+tdPnM81gG6F,401.000,QO1YLbvIMO7iR1FK,403.000,GymB6kYVEeezVVzI,404.000,obUOsW6NxixTRQCh,406.000,crm+JDu9pyx01u65,408.000,RYE1MlfIb2SZU/fO,409.000,gVdK1R7pQceZIJcu,410.000,8g3mAYf92SaXwm8y
2,12,2026-04-03T18:06:04.414Z,401.000,10,323.000,soYQ0qNfaMy3Dx6z,364.000,i+ujZy34V34MVCSM,392.000,obUOsW6NxixTRQCh,397.000,IXAd+tdPnM81gG6F,398.000,crm+JDu9pyx01u65,400.000,gVdK1R7pQceZIJcu,401.000,GymB6kYVEeezVVzI,403.000,QO1YLbvIMO7iR1FK,407.000,8g3mAYf92SaXwm8y,410.000,RYE1MlfIb2SZU/fO
2,13,2026-04-03T18:06:04.815Z,415.000,10,331.000,soYQ0qNfaMy3Dx6z,404.000,RYE1MlfIb2SZU/fO,409.000,gVdK1R7pQceZIJcu,410.000,8g3mAYf92SaXwm8y,412.000,crm+JDu9pyx01u65,413.000,obUOsW6NxixTRQCh,414.000,GymB6kYVEeezVVzI,416.000,IXAd+tdPnM81gG6F,421.000,i+ujZy34V34MVCSM,423.000,QO1YLbvIMO7iR1FK
2,14,2026-04-03T18:06:05.230Z,404.000,10,320.000,soYQ0qNfaMy3Dx6z,394.000,8g3mAYf92SaXwm8y,396.000,IXAd+tdPnM81gG6F,397.000,crm+JDu9pyx01u65,401.000,obUOsW6NxixTRQCh,403.000,gVdK1R7pQceZIJcu,404.000,QO1YLbvIMO7iR1FK,405.000,RYE1MlfIb2SZU/fO,407.000,GymB6kYVEeezVVzI,408.000,i+ujZy34V34MVCSM
2,15,2026-04-03T18:06:05.634Z,403.000,10,318.000,soYQ0qNfaMy3Dx6z,391.000,RYE1MlfIb2SZU/fO,397.000,obUOsW6NxixTRQCh,399.000,gVdK1R7pQceZIJcu,400.000,crm+JDu9pyx01u65,401.000,8g3mAYf92SaXwm8y,403.000,QO1YLbvIMO7iR1FK,404.000,GymB6kYVEeezVVzI,405.000,i+ujZy34V34MVCSM,406.000,IXAd+tdPnM81gG6F
2,16,2026-04-03T18:06:06.037Z,404.000,10,321.000,soYQ0qNfaMy3Dx6z,398.000,crm+JDu9pyx01u65,399.000,RYE1MlfIb2SZU/fO,400.000,QO1YLbvIMO7iR1FK,402.000,obUOsW6NxixTRQCh,403.000,IXAd+tdPnM81gG6F,404.000,8g3mAYf92SaXwm8y,405.000,GymB6kYVEeezVVzI,407.000,i+ujZy34V34MVCSM,408.000,gVdK1R7pQceZIJcu
2,17,2026-04-03T18:06:06.441Z,407.000,10,324.000,soYQ0qNfaMy3Dx6z,401.000,QO1YLbvIMO7iR1FK,402.000,IXAd+tdPnM81gG6F,404.000,crm+JDu9pyx01u65,405.000,RYE1MlfIb2SZU/fO,406.000,gVdK1R7pQceZIJcu,407.000,obUOsW6NxixTRQCh,410.000,GymB6kYVEeezVVzI,413.000,i+ujZy34V34MVCSM,415.000,8g3mAYf92SaXwm8y
2,18,2026-04-03T18:06:06.848Z,407.000,10,325.000,soYQ0qNfaMy3Dx6z,396.000,QO1YLbvIMO7iR1FK,401.000,obUOsW6NxixTRQCh,403.000,i+ujZy34V34MVCSM,405.000,IXAd+tdPnM81gG6F,406.000,crm+JDu9pyx01u65,407.000,gVdK1R7pQceZIJcu,409.000,GymB6kYVEeezVVzI,412.000,8g3mAYf92SaXwm8y,414.000,RYE1MlfIb2SZU/fO
2,19,2026-04-03T18:06:07.255Z,409.000,10,328.000,soYQ0qNfaMy3Dx6z,396.000,i+ujZy34V34MVCSM,397.000,QO1YLbvIMO7iR1FK,401.000,gVdK1R7pQceZIJcu,406.000,obUOsW6NxixTRQCh,407.000,GymB6kYVEeezVVzI,409.000,crm+JDu9pyx01u65,410.000,IXAd+tdPnM81gG6F,411.000,8g3mAYf92SaXwm8y,413.000,RYE1MlfIb2SZU/fO
2,20,2026-04-03T18:06:07.664Z,405.000,10,322.000,soYQ0qNfaMy3Dx6z,397.000,8g3mAYf92SaXwm8y,398.000,IXAd+tdPnM81gG6F,400.000,GymB6kYVEeezVVzI,402.000,QO1YLbvIMO7iR1FK,403.000,i+ujZy34V34MVCSM,404.000,crm+JDu9pyx01u65,406.000,RYE1MlfIb2SZU/fO,407.000,obUOsW6NxixTRQCh,408.000,gVdK1R7pQceZIJcu
2,21,2026-04-03T18:06:08.069Z,404.000,10,321.000,soYQ0qNfaMy3Dx6z,396.000,gVdK1R7pQceZIJcu,397.000,obUOsW6NxixTRQCh,399.000,IXAd+tdPnM81gG6F,400.000,GymB6kYVEeezVVzI,403.000,8g3mAYf92SaXwm8y,404.000,RYE1MlfIb2SZU/fO,408.000,crm+JDu9pyx01u65,410.000,QO1YLbvIMO7iR1FK,412.000,i+ujZy34V34MVCSM
2,22,2026-04-03T18:06:08.473Z,405.000,10,322.000,soYQ0qNfaMy3Dx6z,394.000,crm+JDu9pyx01u65,399.000,QO1YLbvIMO7iR1FK,401.000,IXAd+tdPnM81gG6F,402.000,GymB6kYVEeezVVzI,403.000,RYE1MlfIb2SZU/fO,405.000,gVdK1R7pQceZIJcu,406.000,i+ujZy34V34MVCSM,407.000,obUOsW6NxixTRQCh,408.000,8g3mAYf92SaXwm8y
2,23,2026-04-03T18:06:08.878Z,408.000,10,325.000,soYQ0qNfaMy3Dx6z,394.000,QO1YLbvIMO7iR1FK,400.000,RYE1MlfIb2SZU/fO,403.000,8g3mAYf92SaXwm8y,404.000,i+ujZy34V34MVCSM,406.000,GymB6kYVEeezVVzI,408.000,obUOsW6NxixTRQCh,410.000,crm+JDu9pyx01u65,411.000,gVdK1R7pQceZIJcu,412.000,IXAd+tdPnM81gG6F
2,24,2026-04-03T18:06:09.286Z,407.000,10,322.000,soYQ0qNfaMy3Dx6z,400.000,8g3mAYf92SaXwm8y,401.000,GymB6kYVEeezVVzI,403.000,RYE1MlfIb2SZU/fO,404.000,i+ujZy34V34MVCSM,405.000,IXAd+tdPnM81gG6F,406.000,obUOsW6NxixTRQCh,408.000,gVdK1R7pQceZIJcu,409.000,crm+JDu9pyx01u65,410.000,QO1YLbvIMO7iR1FK
2,25,2026-04-03T18:06:09.693Z,403.000,10,323.000,soYQ0qNfaMy3Dx6z,390.000,gVdK1R7pQceZIJcu,398.000,i+ujZy34V34MVCSM,399.000,crm+JDu9pyx01u65,400.000,obUOsW6NxixTRQCh,402.000,IXAd+tdPnM81gG6F,403.000,QO1YLbvIMO7iR1FK,405.000,RYE1MlfIb2SZU/fO,406.000,8g3mAYf92SaXwm8y,408.000,GymB6kYVEeezVVzI
2,26,2026-04-03T18:06:10.096Z,406.000,10,324.000,soYQ0qNfaMy3Dx6z,397.000,8g3mAYf92SaXwm8y,399.000,obUOsW6NxixTRQCh,402.000,IXAd+tdPnM81gG6F,404.000,i+ujZy34V34MVCSM,405.000,RYE1MlfIb2SZU/fO,406.000,QO1YLbvIMO7iR1FK,408.000,crm+JDu9pyx01u65,409.000,gVdK1R7pQceZIJcu,410.000,GymB6kYVEeezVVzI
2,27,2026-04-03T18:06:10.502Z,407.000,10,326.000,soYQ0qNfaMy3Dx6z,394.000,IXAd+tdPnM81gG6F,398.000,RYE1MlfIb2SZU/fO,403.000,i+ujZy34V34MVCSM,405.000,obUOsW6NxixTRQCh,406.000,crm+JDu9pyx01u65,407.000,QO1YLbvIMO7iR1FK,409.000,gVdK1R7pQceZIJcu,411.000,8g3mAYf92SaXwm8y,412.000,GymB6kYVEeezVVzI
2,28,2026-04-03T18:06:10.909Z,409.000,10,325.000,soYQ0qNfaMy3Dx6z,393.000,IXAd+tdPnM81gG6F,398.000,RYE1MlfIb2SZU/fO,403.000,i+ujZy34V34MVCSM,404.000,crm+JDu9pyx01u65,406.000,obUOsW6NxixTRQCh,409.000,gVdK1R7pQceZIJcu,410.000,QO1YLbvIMO7iR1FK,412.000,GymB6kYVEeezVVzI,413.000,8g3mAYf92SaXwm8y
2,29,2026-04-03T18:06:11.318Z,405.000,10,323.000,soYQ0qNfaMy3Dx6z,392.000,QO1YLbvIMO7iR1FK,394.000,IXAd+tdPnM81gG6F,399.000,i+ujZy34V34MVCSM,402.000,crm+JDu9pyx01u65,404.000,obUOsW6NxixTRQCh,405.000,RYE1MlfIb2SZU/fO,407.000,8g3mAYf92SaXwm8y,408.000,gVdK1R7pQceZIJcu,409.000,GymB6kYVEeezVVzI
2,30,2026-04-03T18:06:11.723Z,402.000,10,324.000,soYQ0qNfaMy3Dx6z,393.000,QO1YLbvIMO7iR1FK,395.000,GymB6kYVEeezVVzI,398.000,gVdK1R7pQceZIJcu,399.000,RYE1MlfIb2SZU/fO,401.000,IXAd+tdPnM81gG6F,402.000,i+ujZy34V34MVCSM,403.000,8g3mAYf92SaXwm8y,408.000,crm+JDu9pyx01u65,410.000,obUOsW6NxixTRQCh
2,31,2026-04-03T18:06:12.125Z,407.000,10,326.000,soYQ0qNfaMy3Dx6z,396.000,obUOsW6NxixTRQCh,398.000,8g3mAYf92SaXwm8y,399.000,GymB6kYVEeezVVzI,401.000,i+ujZy34V34MVCSM,406.000,QO1YLbvIMO7iR1FK,407.000,RYE1MlfIb2SZU/fO,409.000,IXAd+tdPnM81gG6F,414.000,gVdK1R7pQceZIJcu,415.000,crm+JDu9pyx01u65
2,32,2026-04-03T18:06:12.532Z,409.000,10,326.000,soYQ0qNfaMy3Dx6z,398.000,IXAd+tdPnM81gG6F,403.000,RYE1MlfIb2SZU/fO,404.000,8g3mAYf92SaXwm8y,405.000,QO1YLbvIMO7iR1FK,407.000,GymB6kYVEeezVVzI,409.000,i+ujZy34V34MVCSM,410.000,obUOsW6NxixTRQCh,411.000,crm+JDu9pyx01u65,413.000,gVdK1R7pQceZIJcu
2,33,2026-04-03T18:06:12.941Z,403.000,10,322.000,soYQ0qNfaMy3Dx6z,396.000,crm+JDu9pyx01u65,397.000,GymB6kYVEeezVVzI,399.000,obUOsW6NxixTRQCh,400.000,IXAd+tdPnM81gG6F,401.000,i+ujZy34V34MVCSM,402.000,gVdK1R7pQceZIJcu,404.000,8g3mAYf92SaXwm8y,406.000,QO1YLbvIMO7iR1FK,409.000,RYE1MlfIb2SZU/fO
2,34,2026-04-03T18:06:13.344Z,408.000,10,326.000,soYQ0qNfaMy3Dx6z,398.000,RYE1MlfIb2SZU/fO,400.000,GymB6kYVEeezVVzI,402.000,gVdK1R7pQceZIJcu,403.000,i+ujZy34V34MVCSM,407.000,IXAd+tdPnM81gG6F,408.000,obUOsW6NxixTRQCh,409.000,QO1YLbvIMO7iR1FK,410.000,crm+JDu9pyx01u65,412.000,8g3mAYf92SaXwm8y
2,35,2026-04-03T18:06:13.752Z,407.000,10,325.000,soYQ0qNfaMy3Dx6z,394.000,crm+JDu9pyx01u65,397.000,RYE1MlfIb2SZU/fO,402.000,8g3mAYf92SaXwm8y,404.000,i+ujZy34V34MVCSM,405.000,QO1YLbvIMO7iR1FK,406.000,gVdK1R7pQceZIJcu,408.000,IXAd+tdPnM81gG6F,410.000,obUOsW6NxixTRQCh,411.000,GymB6kYVEeezVVzI
2,36,2026-04-03T18:06:14.159Z,402.000,10,321.000,soYQ0qNfaMy3Dx6z,395.000,gVdK1R7pQceZIJcu,396.000,i+ujZy34V34MVCSM,398.000,GymB6kYVEeezVVzI,399.000,crm+JDu9pyx01u65,400.000,QO1YLbvIMO7iR1FK,401.000,RYE1MlfIb2SZU/fO,403.000,obUOsW6NxixTRQCh,404.000,IXAd+tdPnM81gG6F,406.000,8g3mAYf92SaXwm8y
2,37,2026-04-03T18:06:14.561Z,407.000,10,325.000,soYQ0qNfaMy3Dx6z,397.000,i+ujZy34V34MVCSM,401.000,8g3mAYf92SaXwm8y,403.000,IXAd+tdPnM81gG6F,404.000,crm+JDu9pyx01u65,406.000,gVdK1R7pQceZIJcu,407.000,GymB6kYVEeezVVzI,409.000,obUOsW6NxixTRQCh,411.000,RYE1MlfIb2SZU/fO,413.000,QO1YLbvIMO7iR1FK
2,38,2026-04-03T18:06:14.968Z,409.000,10,326.000,soYQ0qNfaMy3Dx6z,396.000,crm+JDu9pyx01u65,399.000,i+ujZy34V34MVCSM,404.000,gVdK1R7pQceZIJcu,404.000,IXAd+tdPnM81gG6F,405.000,GymB6kYVEeezVVzI,409.000,8g3mAYf92SaXwm8y,409.000,RYE1MlfIb2SZU/fO,410.000,QO1YLbvIMO7iR1FK,411.000,obUOsW6NxixTRQCh
2,39,2026-04-03T18:06:15.377Z,803.000,10,654.000,soYQ0qNfaMy3Dx6z,665.000,GymB6kYVEeezVVzI,682.000,gVdK1R7pQceZIJcu,742.000,obUOsW6NxixTRQCh,767.000,crm+JDu9pyx01u65,786.000,IXAd+tdPnM81gG6F,801.000,QO1YLbvIMO7iR1FK,813.000,RYE1MlfIb2SZU/fO,832.000,i+ujZy34V34MVCSM,846.000,8g3mAYf92SaXwm8y
2,40,2026-04-03T18:06:16.180Z,1610.000,9,941.000,soYQ0qNfaMy3Dx6z,1269.000,i+ujZy34V34MVCSM,1338.000,QO1YLbvIMO7iR1FK,1400.000,IXAd+tdPnM81gG6F,1460.000,obUOsW6NxixTRQCh,1533.000,8g3mAYf92SaXwm8y,1598.000,gVdK1R7pQceZIJcu,1660.000,crm+JDu9pyx01u65,118984.000,RYE1MlfIb2SZU/fO,,
2,41,2026-04-03T18:06:17.790Z,,0,,,,,,,,,,,,,,,,,,,,
3,1,2026-04-03T18:05:50.658Z,9146.000,8,5200.000,QO1YLbvIMO7iR1FK,5511.000,soYQ0qNfaMy3Dx6z,6717.000,8g3mAYf92SaXwm8y,6958.000,gVdK1R7pQceZIJcu,8184.000,IXAd+tdPnM81gG6F,9111.000,RYE1MlfIb2SZU/fO,9146.000,obUOsW6NxixTRQCh,9955.000,GymB6kYVEeezVVzI,,,,
3,2,2026-04-03T18:05:59.804Z,739.000,8,354.000,gVdK1R7pQceZIJcu,401.000,RYE1MlfIb2SZU/fO,404.000,soYQ0qNfaMy3Dx6z,408.000,QO1YLbvIMO7iR1FK,431.000,8g3mAYf92SaXwm8y,492.000,IXAd+tdPnM81gG6F,739.000,obUOsW6NxixTRQCh,978.000,GymB6kYVEeezVVzI,,,,
3,3,2026-04-03T18:06:00.543Z,611.000,9,331.000,gVdK1R7pQceZIJcu,399.000,8g3mAYf92SaXwm8y,401.000,RYE1MlfIb2SZU/fO,403.000,QO1YLbvIMO7iR1FK,411.000,soYQ0qNfaMy3Dx6z,489.000,IXAd+tdPnM81gG6F,611.000,obUOsW6NxixTRQCh,734.000,crm+JDu9pyx01u65,832.000,GymB6kYVEeezVVzI,,
3,4,2026-04-03T18:06:01.154Z,412.000,10,329.000,gVdK1R7pQceZIJcu,403.000,RYE1MlfIb2SZU/fO,404.000,QO1YLbvIMO7iR1FK,406.000,IXAd+tdPnM81gG6F,408.000,crm+JDu9pyx01u65,409.000,soYQ0qNfaMy3Dx6z,412.000,8g3mAYf92SaXwm8y,527.000,obUOsW6NxixTRQCh,586.000,GymB6kYVEeezVVzI,970.000,i+ujZy34V34MVCSM
3,5,2026-04-03T18:06:01.566Z,405.000,10,358.000,gVdK1R7pQceZIJcu,397.000,RYE1MlfIb2SZU/fO,399.000,soYQ0qNfaMy3Dx6z,401.000,8g3mAYf92SaXwm8y,402.000,QO1YLbvIMO7iR1FK,403.000,IXAd+tdPnM81gG6F,405.000,obUOsW6NxixTRQCh,481.000,crm+JDu9pyx01u65,588.000,GymB6kYVEeezVVzI,776.000,i+ujZy34V34MVCSM
3,6,2026-04-03T18:06:01.971Z,409.000,10,330.000,gVdK1R7pQceZIJcu,399.000,obUOsW6NxixTRQCh,403.000,soYQ0qNfaMy3Dx6z,405.000,8g3mAYf92SaXwm8y,407.000,QO1YLbvIMO7iR1FK,408.000,IXAd+tdPnM81gG6F,409.000,crm+JDu9pyx01u65,410.000,RYE1MlfIb2SZU/fO,533.000,GymB6kYVEeezVVzI,658.000,i+ujZy34V34MVCSM
3,7,2026-04-03T18:06:02.380Z,409.000,10,330.000,gVdK1R7pQceZIJcu,394.000,crm+JDu9pyx01u65,398.000,soYQ0qNfaMy3Dx6z,402.000,GymB6kYVEeezVVzI,403.000,QO1YLbvIMO7iR1FK,408.000,IXAd+tdPnM81gG6F,409.000,RYE1MlfIb2SZU/fO,412.000,8g3mAYf92SaXwm8y,437.000,obUOsW6NxixTRQCh,535.000,i+ujZy34V34MVCSM
3,8,2026-04-03T18:06:02.789Z,408.000,10,326.000,gVdK1R7pQceZIJcu,394.000,8g3mAYf92SaXwm8y,398.000,RYE1MlfIb2SZU/fO,403.000,QO1YLbvIMO7iR1FK,405.000,crm+JDu9pyx01u65,407.000,IXAd+tdPnM81gG6F,408.000,soYQ0qNfaMy3Dx6z,410.000,obUOsW6NxixTRQCh,437.000,GymB6kYVEeezVVzI,529.000,i+ujZy34V34MVCSM
3,9,2026-04-03T18:06:03.197Z,404.000,10,322.000,gVdK1R7pQceZIJcu,368.000,GymB6kYVEeezVVzI,398.000,soYQ0qNfaMy3Dx6z,400.000,RYE1MlfIb2SZU/fO,401.000,obUOsW6NxixTRQCh,403.000,IXAd+tdPnM81gG6F,404.000,crm+JDu9pyx01u65,405.000,QO1YLbvIMO7iR1FK,407.000,8g3mAYf92SaXwm8y,442.000,i+ujZy34V34MVCSM
3,10,2026-04-03T18:06:03.601Z,407.000,10,325.000,gVdK1R7pQceZIJcu,366.000,i+ujZy34V34MVCSM,391.000,RYE1MlfIb2SZU/fO,401.000,QO1YLbvIMO7iR1FK,402.000,soYQ0qNfaMy3Dx6z,403.000,IXAd+tdPnM81gG6F,407.000,crm+JDu9pyx01u65,408.000,8g3mAYf92SaXwm8y,410.000,obUOsW6NxixTRQCh,442.000,GymB6kYVEeezVVzI
3,11,2026-04-03T18:06:04.008Z,406.000,10,325.000,gVdK1R7pQceZIJcu,370.000,i+ujZy34V34MVCSM,396.000,soYQ0qNfaMy3Dx6z,397.000,obUOsW6NxixTRQCh,403.000,crm+JDu9pyx01u65,404.000,8g3mAYf92SaXwm8y,405.000,IXAd+tdPnM81gG6F,407.000,RYE1MlfIb2SZU/fO,408.000,QO1YLbvIMO7iR1FK,422.000,GymB6kYVEeezVVzI
3,12,2026-04-03T18:06:04.414Z,408.000,10,329.000,gVdK1R7pQceZIJcu,398.000,GymB6kYVEeezVVzI,399.000,crm+JDu9pyx01u65,399.000,IXAd+tdPnM81gG6F,401.000,obUOsW6NxixTRQCh,402.000,soYQ0qNfaMy3Dx6z,408.000,QO1YLbvIMO7iR1FK,411.000,8g3mAYf92SaXwm8y,413.000,RYE1MlfIb2SZU/fO,417.000,i+ujZy34V34MVCSM
3,13,2026-04-03T18:06:04.822Z,404.000,10,326.000,gVdK1R7pQceZIJcu,365.000,i+ujZy34V34MVCSM,395.000,8g3mAYf92SaXwm8y,397.000,QO1YLbvIMO7iR1FK,401.000,soYQ0qNfaMy3Dx6z,404.000,IXAd+tdPnM81gG6F,404.000,RYE1MlfIb2SZU/fO,405.000,GymB6kYVEeezVVzI,406.000,crm+JDu9pyx01u65,408.000,obUOsW6NxixTRQCh
3,14,2026-04-03T18:06:05.226Z,405.000,10,327.000,gVdK1R7pQceZIJcu,371.000,i+ujZy34V34MVCSM,395.000,IXAd+tdPnM81gG6F,399.000,soYQ0qNfaMy3Dx6z,400.000,GymB6kYVEeezVVzI,403.000,crm+JDu9pyx01u65,405.000,QO1YLbvIMO7iR1FK,408.000,8g3mAYf92SaXwm8y,410.000,RYE1MlfIb2SZU/fO,411.000,obUOsW6NxixTRQCh
3,15,2026-04-03T18:06:05.631Z,406.000,10,323.000,gVdK1R7pQceZIJcu,400.000,IXAd+tdPnM81gG6F,401.000,soYQ0qNfaMy3Dx6z,402.000,crm+JDu9pyx01u65,404.000,QO1YLbvIMO7iR1FK,405.000,obUOsW6NxixTRQCh,406.000,RYE1MlfIb2SZU/fO,407.000,GymB6kYVEeezVVzI,409.000,8g3mAYf92SaXwm8y,410.000,i+ujZy34V34MVCSM
3,16,2026-04-03T18:06:06.037Z,407.000,10,322.000,gVdK1R7pQceZIJcu,400.000,RYE1MlfIb2SZU/fO,402.000,crm+JDu9pyx01u65,403.000,soYQ0qNfaMy3Dx6z,404.000,8g3mAYf92SaXwm8y,405.000,IXAd+tdPnM81gG6F,407.000,GymB6kYVEeezVVzI,408.000,i+ujZy34V34MVCSM,409.000,obUOsW6NxixTRQCh,410.000,QO1YLbvIMO7iR1FK
3,17,2026-04-03T18:06:06.444Z,405.000,10,324.000,gVdK1R7pQceZIJcu,393.000,obUOsW6NxixTRQCh,397.000,i+ujZy34V34MVCSM,398.000,QO1YLbvIMO7iR1FK,400.000,RYE1MlfIb2SZU/fO,401.000,IXAd+tdPnM81gG6F,405.000,GymB6kYVEeezVVzI,407.000,8g3mAYf92SaXwm8y,409.000,soYQ0qNfaMy3Dx6z,411.000,crm+JDu9pyx01u65
3,18,2026-04-03T18:06:06.849Z,411.000,10,326.000,gVdK1R7pQceZIJcu,400.000,crm+JDu9pyx01u65,402.000,QO1YLbvIMO7iR1FK,403.000,soYQ0qNfaMy3Dx6z,404.000,IXAd+tdPnM81gG6F,408.000,i+ujZy34V34MVCSM,411.000,RYE1MlfIb2SZU/fO,413.000,8g3mAYf92SaXwm8y,414.000,obUOsW6NxixTRQCh,415.000,GymB6kYVEeezVVzI
3,19,2026-04-03T18:06:07.260Z,403.000,10,320.000,gVdK1R7pQceZIJcu,391.000,RYE1MlfIb2SZU/fO,396.000,obUOsW6NxixTRQCh,398.000,soYQ0qNfaMy3Dx6z,400.000,8g3mAYf92SaXwm8y,401.000,crm+JDu9pyx01u65,403.000,GymB6kYVEeezVVzI,404.000,IXAd+tdPnM81gG6F,405.000,QO1YLbvIMO7iR1FK,408.000,i+ujZy34V34MVCSM
3,20,2026-04-03T18:06:07.663Z,404.000,10,321.000,gVdK1R7pQceZIJcu,395.000,QO1YLbvIMO7iR1FK,397.000,crm+JDu9pyx01u65,400.000,8g3mAYf92SaXwm8y,401.000,IXAd+tdPnM81gG6F,402.000,RYE1MlfIb2SZU/fO,404.000,soYQ0qNfaMy3Dx6z,405.000,obUOsW6NxixTRQCh,408.000,i+ujZy34V34MVCSM,412.000,GymB6kYVEeezVVzI
3,21,2026-04-03T18:06:08.067Z,407.000,10,323.000,gVdK1R7pQceZIJcu,399.000,GymB6kYVEeezVVzI,400.000,IXAd+tdPnM81gG6F,402.000,RYE1MlfIb2SZU/fO,403.000,obUOsW6NxixTRQCh,405.000,8g3mAYf92SaXwm8y,407.000,QO1YLbvIMO7iR1FK,408.000,i+ujZy34V34MVCSM,410.000,soYQ0qNfaMy3Dx6z,411.000,crm+JDu9pyx01u65
3,22,2026-04-03T18:06:08.474Z,407.000,10,325.000,gVdK1R7pQceZIJcu,394.000,crm+JDu9pyx01u65,399.000,8g3mAYf92SaXwm8y,401.000,i+ujZy34V34MVCSM,402.000,obUOsW6NxixTRQCh,403.000,IXAd+tdPnM81gG6F,407.000,soYQ0qNfaMy3Dx6z,409.000,GymB6kYVEeezVVzI,410.000,QO1YLbvIMO7iR1FK,411.000,RYE1MlfIb2SZU/fO
3,23,2026-04-03T18:06:08.881Z,406.000,10,324.000,gVdK1R7pQceZIJcu,399.000,crm+JDu9pyx01u65,401.000,obUOsW6NxixTRQCh,402.000,RYE1MlfIb2SZU/fO,404.000,GymB6kYVEeezVVzI,405.000,IXAd+tdPnM81gG6F,406.000,i+ujZy34V34MVCSM,407.000,8g3mAYf92SaXwm8y,409.000,soYQ0qNfaMy3Dx6z,410.000,QO1YLbvIMO7iR1FK
3,24,2026-04-03T18:06:09.287Z,403.000,10,321.000,gVdK1R7pQceZIJcu,397.000,GymB6kYVEeezVVzI,398.000,8g3mAYf92SaXwm8y,400.000,QO1YLbvIMO7iR1FK,401.000,crm+JDu9pyx01u65,402.000,i+ujZy34V34MVCSM,403.000,obUOsW6NxixTRQCh,405.000,soYQ0qNfaMy3Dx6z,407.000,IXAd+tdPnM81gG6F,411.000,RYE1MlfIb2SZU/fO
3,25,2026-04-03T18:06:09.690Z,409.000,10,324.000,gVdK1R7pQceZIJcu,400.000,soYQ0qNfaMy3Dx6z,401.000,obUOsW6NxixTRQCh,402.000,crm+JDu9pyx01u65,404.000,IXAd+tdPnM81gG6F,406.000,QO1YLbvIMO7iR1FK,409.000,GymB6kYVEeezVVzI,410.000,RYE1MlfIb2SZU/fO,411.000,i+ujZy34V34MVCSM,412.000,8g3mAYf92SaXwm8y
3,26,2026-04-03T18:06:10.099Z,405.000,10,322.000,gVdK1R7pQceZIJcu,399.000,GymB6kYVEeezVVzI,400.000,crm+JDu9pyx01u65,401.000,8g3mAYf92SaXwm8y,403.000,soYQ0qNfaMy3Dx6z,404.000,obUOsW6NxixTRQCh,405.000,RYE1MlfIb2SZU/fO,406.000,IXAd+tdPnM81gG6F,408.000,i+ujZy34V34MVCSM,409.000,QO1YLbvIMO7iR1FK
3,27,2026-04-03T18:06:10.504Z,407.000,10,325.000,gVdK1R7pQceZIJcu,399.000,GymB6kYVEeezVVzI,401.000,RYE1MlfIb2SZU/fO,403.000,IXAd+tdPnM81gG6F,404.000,obUOsW6NxixTRQCh,405.000,8g3mAYf92SaXwm8y,407.000,soYQ0qNfaMy3Dx6z,408.000,QO1YLbvIMO7iR1FK,409.000,i+ujZy34V34MVCSM,410.000,crm+JDu9pyx01u65
3,28,2026-04-03T18:06:10.911Z,406.000,10,323.000,gVdK1R7pQceZIJcu,393.000,crm+JDu9pyx01u65,394.000,RYE1MlfIb2SZU/fO,399.000,IXAd+tdPnM81gG6F,402.000,soYQ0qNfaMy3Dx6z,404.000,GymB6kYVEeezVVzI,406.000,i+ujZy34V34MVCSM,407.000,8g3mAYf92SaXwm8y,408.000,QO1YLbvIMO7iR1FK,409.000,obUOsW6NxixTRQCh
3,29,2026-04-03T18:06:11.317Z,407.000,10,325.000,gVdK1R7pQceZIJcu,382.000,i+ujZy34V34MVCSM,399.000,crm+JDu9pyx01u65,401.000,obUOsW6NxixTRQCh,402.000,GymB6kYVEeezVVzI,405.000,soYQ0qNfaMy3Dx6z,406.000,RYE1MlfIb2SZU/fO,408.000,8g3mAYf92SaXwm8y,409.000,IXAd+tdPnM81gG6F,411.000,QO1YLbvIMO7iR1FK
3,30,2026-04-03T18:06:11.724Z,405.000,10,321.000,gVdK1R7pQceZIJcu,394.000,IXAd+tdPnM81gG6F,397.000,crm+JDu9pyx01u65,401.000,8g3mAYf92SaXwm8y,403.000,RYE1MlfIb2SZU/fO,404.000,obUOsW6NxixTRQCh,405.000,GymB6kYVEeezVVzI,407.000,QO1YLbvIMO7iR1FK,408.000,soYQ0qNfaMy3Dx6z,409.000,i+ujZy34V34MVCSM
3,31,2026-04-03T18:06:12.129Z,407.000,10,326.000,gVdK1R7pQceZIJcu,396.000,GymB6kYVEeezVVzI,401.000,8g3mAYf92SaXwm8y,403.000,i+ujZy34V34MVCSM,404.000,RYE1MlfIb2SZU/fO,405.000,QO1YLbvIMO7iR1FK,407.000,crm+JDu9pyx01u65,408.000,soYQ0qNfaMy3Dx6z,409.000,obUOsW6NxixTRQCh,415.000,IXAd+tdPnM81gG6F
3,32,2026-04-03T18:06:12.536Z,407.000,10,322.000,gVdK1R7pQceZIJcu,398.000,i+ujZy34V34MVCSM,401.000,soYQ0qNfaMy3Dx6z,403.000,RYE1MlfIb2SZU/fO,404.000,QO1YLbvIMO7iR1FK,405.000,8g3mAYf92SaXwm8y,407.000,IXAd+tdPnM81gG6F,408.000,crm+JDu9pyx01u65,410.000,GymB6kYVEeezVVzI,411.000,obUOsW6NxixTRQCh
3,33,2026-04-03T18:06:12.943Z,403.000,10,320.000,gVdK1R7pQceZIJcu,392.000,i+ujZy34V34MVCSM,396.000,QO1YLbvIMO7iR1FK,399.000,soYQ0qNfaMy3Dx6z,400.000,8g3mAYf92SaXwm8y,401.000,RYE1MlfIb2SZU/fO,402.000,GymB6kYVEeezVVzI,404.000,crm+JDu9pyx01u65,407.000,IXAd+tdPnM81gG6F,409.000,obUOsW6NxixTRQCh
3,34,2026-04-03T18:06:13.346Z,404.000,10,323.000,gVdK1R7pQceZIJcu,396.000,soYQ0qNfaMy3Dx6z,397.000,QO1YLbvIMO7iR1FK,398.000,IXAd+tdPnM81gG6F,401.000,obUOsW6NxixTRQCh,402.000,crm+JDu9pyx01u65,403.000,RYE1MlfIb2SZU/fO,405.000,8g3mAYf92SaXwm8y,406.000,GymB6kYVEeezVVzI,408.000,i+ujZy34V34MVCSM
3,35,2026-04-03T18:06:13.750Z,404.000,10,322.000,gVdK1R7pQceZIJcu,398.000,GymB6kYVEeezVVzI,399.000,8g3mAYf92SaXwm8y,400.000,IXAd+tdPnM81gG6F,402.000,crm+JDu9pyx01u65,403.000,i+ujZy34V34MVCSM,404.000,soYQ0qNfaMy3Dx6z,405.000,RYE1MlfIb2SZU/fO,407.000,obUOsW6NxixTRQCh,409.000,QO1YLbvIMO7iR1FK
3,36,2026-04-03T18:06:14.154Z,412.000,10,329.000,gVdK1R7pQceZIJcu,406.000,crm+JDu9pyx01u65,407.000,i+ujZy34V34MVCSM,408.000,IXAd+tdPnM81gG6F,410.000,QO1YLbvIMO7iR1FK,411.000,obUOsW6NxixTRQCh,412.000,soYQ0qNfaMy3Dx6z,413.000,8g3mAYf92SaXwm8y,415.000,GymB6kYVEeezVVzI,417.000,RYE1MlfIb2SZU/fO
3,37,2026-04-03T18:06:14.566Z,405.000,10,324.000,gVdK1R7pQceZIJcu,390.000,i+ujZy34V34MVCSM,395.000,IXAd+tdPnM81gG6F,401.000,8g3mAYf92SaXwm8y,402.000,obUOsW6NxixTRQCh,403.000,soYQ0qNfaMy3Dx6z,405.000,QO1YLbvIMO7iR1FK,406.000,GymB6kYVEeezVVzI,407.000,crm+JDu9pyx01u65,409.000,RYE1MlfIb2SZU/fO
3,38,2026-04-03T18:06:14.971Z,406.000,10,321.000,gVdK1R7pQceZIJcu,392.000,obUOsW6NxixTRQCh,396.000,RYE1MlfIb2SZU/fO,398.000,IXAd+tdPnM81gG6F,401.000,GymB6kYVEeezVVzI,403.000,crm+JDu9pyx01u65,404.000,8g3mAYf92SaXwm8y,405.000,soYQ0qNfaMy3Dx6z,406.000,QO1YLbvIMO7iR1FK,408.000,i+ujZy34V34MVCSM
3,39,2026-04-03T18:06:15.377Z,773.000,10,601.000,gVdK1R7pQceZIJcu,679.000,GymB6kYVEeezVVzI,698.000,RYE1MlfIb2SZU/fO,713.000,IXAd+tdPnM81gG6F,729.000,soYQ0qNfaMy3Dx6z,742.000,crm+JDu9pyx01u65,770.000,QO1YLbvIMO7iR1FK,783.000,obUOsW6NxixTRQCh,803.000,i+ujZy34V34MVCSM,817.000,8g3mAYf92SaXwm8y
3,40,2026-04-03T18:06:16.150Z,1629.000,9,1041.000,gVdK1R7pQceZIJcu,1290.000,QO1YLbvIMO7iR1FK,1356.000,soYQ0qNfaMy3Dx6z,1426.000,obUOsW6NxixTRQCh,1499.000,i+ujZy34V34MVCSM,1557.000,8g3mAYf92SaXwm8y,1617.000,IXAd+tdPnM81gG6F,118631.000,crm+JDu9pyx01u65,119059.000,RYE1MlfIb2SZU/fO,,
3,41,2026-04-03T18:06:17.779Z,,0,,,,,,,,,,,,,,,,,,,,
4,1,2026-04-03T18:05:52.123Z,7683.000,8,3693.000,QO1YLbvIMO7iR1FK,4043.000,soYQ0qNfaMy3Dx6z,5250.000,8g3mAYf92SaXwm8y,5532.000,gVdK1R7pQceZIJcu,6723.000,IXAd+tdPnM81gG6F,7642.000,RYE1MlfIb2SZU/fO,7683.000,obUOsW6NxixTRQCh,8482.000,GymB6kYVEeezVVzI,,,,
4,2,2026-04-03T18:05:59.806Z,733.000,8,352.000,QO1YLbvIMO7iR1FK,399.000,gVdK1R7pQceZIJcu,401.000,soYQ0qNfaMy3Dx6z,413.000,RYE1MlfIb2SZU/fO,430.000,8g3mAYf92SaXwm8y,481.000,IXAd+tdPnM81gG6F,733.000,obUOsW6NxixTRQCh,970.000,GymB6kYVEeezVVzI,,,,
4,3,2026-04-03T18:06:00.539Z,612.000,9,336.000,QO1YLbvIMO7iR1FK,402.000,8g3mAYf92SaXwm8y,403.000,gVdK1R7pQceZIJcu,408.000,RYE1MlfIb2SZU/fO,410.000,soYQ0qNfaMy3Dx6z,491.000,IXAd+tdPnM81gG6F,612.000,obUOsW6NxixTRQCh,739.000,crm+JDu9pyx01u65,833.000,GymB6kYVEeezVVzI,,
4,4,2026-04-03T18:06:01.151Z,408.000,10,326.000,QO1YLbvIMO7iR1FK,399.000,soYQ0qNfaMy3Dx6z,403.000,RYE1MlfIb2SZU/fO,404.000,IXAd+tdPnM81gG6F,405.000,gVdK1R7pQceZIJcu,407.000,8g3mAYf92SaXwm8y,408.000,crm+JDu9pyx01u65,532.000,obUOsW6NxixTRQCh,584.000,GymB6kYVEeezVVzI,927.000,i+ujZy34V34MVCSM
4,5,2026-04-03T18:06:01.559Z,414.000,10,362.000,QO1YLbvIMO7iR1FK,404.000,RYE1MlfIb2SZU/fO,406.000,IXAd+tdPnM81gG6F,408.000,obUOsW6NxixTRQCh,410.000,8g3mAYf92SaXwm8y,411.000,gVdK1R7pQceZIJcu,414.000,soYQ0qNfaMy3Dx6z,481.000,crm+JDu9pyx01u65,600.000,GymB6kYVEeezVVzI,781.000,i+ujZy34V34MVCSM
4,6,2026-04-03T18:06:01.973Z,402.000,10,320.000,QO1YLbvIMO7iR1FK,395.000,soYQ0qNfaMy3Dx6z,396.000,obUOsW6NxixTRQCh,397.000,8g3mAYf92SaXwm8y,399.000,gVdK1R7pQceZIJcu,401.000,RYE1MlfIb2SZU/fO,402.000,IXAd+tdPnM81gG6F,404.000,crm+JDu9pyx01u65,524.000,GymB6kYVEeezVVzI,658.000,i+ujZy34V34MVCSM
4,7,2026-04-03T18:06:02.375Z,414.000,10,337.000,QO1YLbvIMO7iR1FK,397.000,crm+JDu9pyx01u65,401.000,GymB6kYVEeezVVzI,410.000,gVdK1R7pQceZIJcu,411.000,soYQ0qNfaMy3Dx6z,413.000,IXAd+tdPnM81gG6F,414.000,RYE1MlfIb2SZU/fO,416.000,8g3mAYf92SaXwm8y,436.000,obUOsW6NxixTRQCh,608.000,i+ujZy34V34MVCSM
4,8,2026-04-03T18:06:02.789Z,406.000,10,322.000,QO1YLbvIMO7iR1FK,395.000,8g3mAYf92SaXwm8y,400.000,crm+JDu9pyx01u65,402.000,IXAd+tdPnM81gG6F,403.000,RYE1MlfIb2SZU/fO,405.000,gVdK1R7pQceZIJcu,406.000,obUOsW6NxixTRQCh,407.000,soYQ0qNfaMy3Dx6z,442.000,GymB6kYVEeezVVzI,515.000,i+ujZy34V34MVCSM
4,9,2026-04-03T18:06:03.195Z,405.000,10,327.000,QO1YLbvIMO7iR1FK,364.000,i+ujZy34V34MVCSM,369.000,GymB6kYVEeezVVzI,401.000,gVdK1R7pQceZIJcu,402.000,crm+JDu9pyx01u65,403.000,RYE1MlfIb2SZU/fO,405.000,soYQ0qNfaMy3Dx6z,406.000,obUOsW6NxixTRQCh,407.000,IXAd+tdPnM81gG6F,415.000,8g3mAYf92SaXwm8y
4,10,2026-04-03T18:06:03.600Z,407.000,10,326.000,QO1YLbvIMO7iR1FK,367.000,i+ujZy34V34MVCSM,398.000,soYQ0qNfaMy3Dx6z,399.000,gVdK1R7pQceZIJcu,401.000,crm+JDu9pyx01u65,405.000,RYE1MlfIb2SZU/fO,407.000,IXAd+tdPnM81gG6F,408.000,8g3mAYf92SaXwm8y,410.000,obUOsW6NxixTRQCh,444.000,GymB6kYVEeezVVzI
4,11,2026-04-03T18:06:04.007Z,407.000,10,323.000,QO1YLbvIMO7iR1FK,369.000,i+ujZy34V34MVCSM,397.000,crm+JDu9pyx01u65,400.000,8g3mAYf92SaXwm8y,403.000,IXAd+tdPnM81gG6F,404.000,soYQ0qNfaMy3Dx6z,407.000,obUOsW6NxixTRQCh,408.000,RYE1MlfIb2SZU/fO,409.000,GymB6kYVEeezVVzI,411.000,gVdK1R7pQceZIJcu
4,12,2026-04-03T18:06:04.414Z,405.000,10,322.000,QO1YLbvIMO7iR1FK,365.000,i+ujZy34V34MVCSM,399.000,gVdK1R7pQceZIJcu,401.000,8g3mAYf92SaXwm8y,402.000,obUOsW6NxixTRQCh,403.000,RYE1MlfIb2SZU/fO,404.000,crm+JDu9pyx01u65,406.000,IXAd+tdPnM81gG6F,407.000,soYQ0qNfaMy3Dx6z,410.000,GymB6kYVEeezVVzI
4,13,2026-04-03T18:06:04.819Z,405.000,10,327.000,QO1YLbvIMO7iR1FK,365.000,i+ujZy34V34MVCSM,390.000,soYQ0qNfaMy3Dx6z,392.000,8g3mAYf92SaXwm8y,397.000,GymB6kYVEeezVVzI,402.000,crm+JDu9pyx01u65,405.000,RYE1MlfIb2SZU/fO,407.000,IXAd+tdPnM81gG6F,409.000,obUOsW6NxixTRQCh,417.000,gVdK1R7pQceZIJcu
4,14,2026-04-03T18:06:05.224Z,404.000,10,322.000,QO1YLbvIMO7iR1FK,368.000,i+ujZy34V34MVCSM,397.000,8g3mAYf92SaXwm8y,399.000,gVdK1R7pQceZIJcu,400.000,GymB6kYVEeezVVzI,401.000,crm+JDu9pyx01u65,404.000,soYQ0qNfaMy3Dx6z,406.000,obUOsW6NxixTRQCh,409.000,RYE1MlfIb2SZU/fO,411.000,IXAd+tdPnM81gG6F
4,15,2026-04-03T18:06:05.628Z,409.000,10,326.000,QO1YLbvIMO7iR1FK,399.000,RYE1MlfIb2SZU/fO,403.000,crm+JDu9pyx01u65,405.000,obUOsW6NxixTRQCh,406.000,GymB6kYVEeezVVzI,407.000,soYQ0qNfaMy3Dx6z,409.000,i+ujZy34V34MVCSM,410.000,8g3mAYf92SaXwm8y,412.000,IXAd+tdPnM81gG6F,413.000,gVdK1R7pQceZIJcu
4,16,2026-04-03T18:06:06.037Z,404.000,10,323.000,QO1YLbvIMO7iR1FK,394.000,gVdK1R7pQceZIJcu,398.000,i+ujZy34V34MVCSM,400.000,IXAd+tdPnM81gG6F,401.000,8g3mAYf92SaXwm8y,402.000,GymB6kYVEeezVVzI,404.000,crm+JDu9pyx01u65,405.000,RYE1MlfIb2SZU/fO,406.000,soYQ0qNfaMy3Dx6z,407.000,obUOsW6NxixTRQCh
4,17,2026-04-03T18:06:06.441Z,402.000,10,322.000,QO1YLbvIMO7iR1FK,395.000,GymB6kYVEeezVVzI,398.000,gVdK1R7pQceZIJcu,400.000,obUOsW6NxixTRQCh,400.000,soYQ0qNfaMy3Dx6z,401.000,RYE1MlfIb2SZU/fO,402.000,8g3mAYf92SaXwm8y,405.000,crm+JDu9pyx01u65,406.000,i+ujZy34V34MVCSM,416.000,IXAd+tdPnM81gG6F
4,18,2026-04-03T18:06:06.843Z,411.000,10,327.000,QO1YLbvIMO7iR1FK,398.000,IXAd+tdPnM81gG6F,404.000,crm+JDu9pyx01u65,406.000,soYQ0qNfaMy3Dx6z,407.000,8g3mAYf92SaXwm8y,409.000,i+ujZy34V34MVCSM,411.000,obUOsW6NxixTRQCh,412.000,gVdK1R7pQceZIJcu,413.000,GymB6kYVEeezVVzI,417.000,RYE1MlfIb2SZU/fO
4,19,2026-04-03T18:06:07.254Z,407.000,10,324.000,QO1YLbvIMO7iR1FK,398.000,IXAd+tdPnM81gG6F,400.000,obUOsW6NxixTRQCh,401.000,i+ujZy34V34MVCSM,404.000,soYQ0qNfaMy3Dx6z,405.000,8g3mAYf92SaXwm8y,406.000,RYE1MlfIb2SZU/fO,408.000,gVdK1R7pQceZIJcu,409.000,crm+JDu9pyx01u65,411.000,GymB6kYVEeezVVzI
4,20,2026-04-03T18:06:07.661Z,408.000,10,324.000,QO1YLbvIMO7iR1FK,397.000,8g3mAYf92SaXwm8y,402.000,soYQ0qNfaMy3Dx6z,404.000,IXAd+tdPnM81gG6F,405.000,i+ujZy34V34MVCSM,407.000,crm+JDu9pyx01u65,408.000,gVdK1R7pQceZIJcu,409.000,GymB6kYVEeezVVzI,415.000,RYE1MlfIb2SZU/fO,419.000,obUOsW6NxixTRQCh
4,21,2026-04-03T18:06:08.069Z,406.000,10,323.000,QO1YLbvIMO7iR1FK,396.000,obUOsW6NxixTRQCh,399.000,8g3mAYf92SaXwm8y,401.000,i+ujZy34V34MVCSM,403.000,IXAd+tdPnM81gG6F,404.000,gVdK1R7pQceZIJcu,406.000,crm+JDu9pyx01u65,408.000,soYQ0qNfaMy3Dx6z,409.000,GymB6kYVEeezVVzI,413.000,RYE1MlfIb2SZU/fO
4,22,2026-04-03T18:06:08.475Z,401.000,10,319.000,QO1YLbvIMO7iR1FK,394.000,RYE1MlfIb2SZU/fO,395.000,obUOsW6NxixTRQCh,396.000,IXAd+tdPnM81gG6F,398.000,8g3mAYf92SaXwm8y,400.000,gVdK1R7pQceZIJcu,401.000,GymB6kYVEeezVVzI,405.000,crm+JDu9pyx01u65,407.000,i+ujZy34V34MVCSM,409.000,soYQ0qNfaMy3Dx6z
4,23,2026-04-03T18:06:08.876Z,409.000,10,324.000,QO1YLbvIMO7iR1FK,395.000,obUOsW6NxixTRQCh,398.000,crm+JDu9pyx01u65,402.000,8g3mAYf92SaXwm8y,404.000,soYQ0qNfaMy3Dx6z,408.000,IXAd+tdPnM81gG6F,409.000,GymB6kYVEeezVVzI,410.000,i+ujZy34V34MVCSM,412.000,RYE1MlfIb2SZU/fO,413.000,gVdK1R7pQceZIJcu
4,24,2026-04-03T18:06:09.285Z,405.000,10,322.000,QO1YLbvIMO7iR1FK,394.000,8g3mAYf92SaXwm8y,399.000,i+ujZy34V34MVCSM,401.000,IXAd+tdPnM81gG6F,402.000,GymB6kYVEeezVVzI,403.000,obUOsW6NxixTRQCh,405.000,gVdK1R7pQceZIJcu,406.000,soYQ0qNfaMy3Dx6z,407.000,crm+JDu9pyx01u65,408.000,RYE1MlfIb2SZU/fO
4,25,2026-04-03T18:06:09.690Z,406.000,10,321.000,QO1YLbvIMO7iR1FK,399.000,gVdK1R7pQceZIJcu,400.000,crm+JDu9pyx01u65,402.000,i+ujZy34V34MVCSM,403.000,GymB6kYVEeezVVzI,404.000,RYE1MlfIb2SZU/fO,405.000,IXAd+tdPnM81gG6F,407.000,obUOsW6NxixTRQCh,408.000,soYQ0qNfaMy3Dx6z,415.000,8g3mAYf92SaXwm8y
4,26,2026-04-03T18:06:10.096Z,405.000,10,323.000,QO1YLbvIMO7iR1FK,396.000,8g3mAYf92SaXwm8y,397.000,IXAd+tdPnM81gG6F,399.000,crm+JDu9pyx01u65,401.000,gVdK1R7pQceZIJcu,403.000,soYQ0qNfaMy3Dx6z,404.000,GymB6kYVEeezVVzI,406.000,i+ujZy34V34MVCSM,407.000,obUOsW6NxixTRQCh,408.000,RYE1MlfIb2SZU/fO
4,27,2026-04-03T18:06:10.501Z,408.000,10,324.000,QO1YLbvIMO7iR1FK,399.000,i+ujZy34V34MVCSM,401.000,crm+JDu9pyx01u65,402.000,IXAd+tdPnM81gG6F,405.000,obUOsW6NxixTRQCh,406.000,soYQ0qNfaMy3Dx6z,408.000,RYE1MlfIb2SZU/fO,409.000,8g3mAYf92SaXwm8y,410.000,GymB6kYVEeezVVzI,411.000,gVdK1R7pQceZIJcu
4,28,2026-04-03T18:06:10.909Z,405.000,10,322.000,QO1YLbvIMO7iR1FK,393.000,i+ujZy34V34MVCSM,395.000,RYE1MlfIb2SZU/fO,396.000,IXAd+tdPnM81gG6F,398.000,soYQ0qNfaMy3Dx6z,403.000,8g3mAYf92SaXwm8y,404.000,GymB6kYVEeezVVzI,406.000,obUOsW6NxixTRQCh,407.000,crm+JDu9pyx01u65,414.000,gVdK1R7pQceZIJcu
4,29,2026-04-03T18:06:11.314Z,407.000,10,326.000,QO1YLbvIMO7iR1FK,394.000,i+ujZy34V34MVCSM,396.000,GymB6kYVEeezVVzI,401.000,IXAd+tdPnM81gG6F,403.000,obUOsW6NxixTRQCh,404.000,gVdK1R7pQceZIJcu,407.000,soYQ0qNfaMy3Dx6z,408.000,crm+JDu9pyx01u65,409.000,8g3mAYf92SaXwm8y,412.000,RYE1MlfIb2SZU/fO
4,30,2026-04-03T18:06:11.721Z,409.000,10,323.000,QO1YLbvIMO7iR1FK,400.000,i+ujZy34V34MVCSM,404.000,8g3mAYf92SaXwm8y,405.000,crm+JDu9pyx01u65,406.000,RYE1MlfIb2SZU/fO,408.000,gVdK1R7pQceZIJcu,409.000,obUOsW6NxixTRQCh,410.000,GymB6kYVEeezVVzI,411.000,IXAd+tdPnM81gG6F,413.000,soYQ0qNfaMy3Dx6z
4,31,2026-04-03T18:06:12.130Z,398.000,10,317.000,QO1YLbvIMO7iR1FK,392.000,soYQ0qNfaMy3Dx6z,393.000,GymB6kYVEeezVVzI,394.000,i+ujZy34V34MVCSM,396.000,8g3mAYf92SaXwm8y,397.000,IXAd+tdPnM81gG6F,398.000,RYE1MlfIb2SZU/fO,401.000,crm+JDu9pyx01u65,402.000,gVdK1R7pQceZIJcu,409.000,obUOsW6NxixTRQCh
4,32,2026-04-03T18:06:12.528Z,411.000,10,328.000,QO1YLbvIMO7iR1FK,402.000,IXAd+tdPnM81gG6F,403.000,RYE1MlfIb2SZU/fO,406.000,crm+JDu9pyx01u65,408.000,i+ujZy34V34MVCSM,409.000,obUOsW6NxixTRQCh,410.000,GymB6kYVEeezVVzI,412.000,soYQ0qNfaMy3Dx6z,415.000,gVdK1R7pQceZIJcu,418.000,8g3mAYf92SaXwm8y
4,33,2026-04-03T18:06:12.939Z,406.000,10,324.000,QO1YLbvIMO7iR1FK,392.000,GymB6kYVEeezVVzI,396.000,i+ujZy34V34MVCSM,400.000,crm+JDu9pyx01u65,401.000,8g3mAYf92SaXwm8y,404.000,obUOsW6NxixTRQCh,406.000,gVdK1R7pQceZIJcu,408.000,soYQ0qNfaMy3Dx6z,409.000,IXAd+tdPnM81gG6F,410.000,RYE1MlfIb2SZU/fO
4,34,2026-04-03T18:06:13.345Z,408.000,10,323.000,QO1YLbvIMO7iR1FK,399.000,crm+JDu9pyx01u65,401.000,IXAd+tdPnM81gG6F,403.000,i+ujZy34V34MVCSM,404.000,RYE1MlfIb2SZU/fO,407.000,gVdK1R7pQceZIJcu,408.000,GymB6kYVEeezVVzI,409.000,obUOsW6NxixTRQCh,411.000,8g3mAYf92SaXwm8y,412.000,soYQ0qNfaMy3Dx6z
4,35,2026-04-03T18:06:13.753Z,401.000,10,320.000,QO1YLbvIMO7iR1FK,387.000,gVdK1R7pQceZIJcu,391.000,RYE1MlfIb2SZU/fO,396.000,crm+JDu9pyx01u65,398.000,8g3mAYf92SaXwm8y,399.000,GymB6kYVEeezVVzI,400.000,obUOsW6NxixTRQCh,402.000,soYQ0qNfaMy3Dx6z,404.000,i+ujZy34V34MVCSM,410.000,IXAd+tdPnM81gG6F
4,36,2026-04-03T18:06:14.154Z,409.000,10,330.000,QO1YLbvIMO7iR1FK,396.000,RYE1MlfIb2SZU/fO,401.000,gVdK1R7pQceZIJcu,403.000,i+ujZy34V34MVCSM,406.000,crm+JDu9pyx01u65,407.000,obUOsW6NxixTRQCh,408.000,8g3mAYf92SaXwm8y,410.000,GymB6kYVEeezVVzI,411.000,soYQ0qNfaMy3Dx6z,412.000,IXAd+tdPnM81gG6F
4,37,2026-04-03T18:06:14.563Z,405.000,10,323.000,QO1YLbvIMO7iR1FK,392.000,GymB6kYVEeezVVzI,399.000,obUOsW6NxixTRQCh,400.000,IXAd+tdPnM81gG6F,402.000,soYQ0qNfaMy3Dx6z,403.000,i+ujZy34V34MVCSM,404.000,RYE1MlfIb2SZU/fO,406.000,8g3mAYf92SaXwm8y,407.000,crm+JDu9pyx01u65,409.000,gVdK1R7pQceZIJcu
4,38,2026-04-03T18:06:14.968Z,407.000,10,326.000,QO1YLbvIMO7iR1FK,394.000,crm+JDu9pyx01u65,398.000,soYQ0qNfaMy3Dx6z,400.000,obUOsW6NxixTRQCh,405.000,i+ujZy34V34MVCSM,406.000,GymB6kYVEeezVVzI,407.000,gVdK1R7pQceZIJcu,408.000,IXAd+tdPnM81gG6F,410.000,8g3mAYf92SaXwm8y,415.000,RYE1MlfIb2SZU/fO
4,39,2026-04-03T18:06:15.375Z,804.000,10,641.000,QO1YLbvIMO7iR1FK,723.000,IXAd+tdPnM81gG6F,729.000,GymB6kYVEeezVVzI,763.000,soYQ0qNfaMy3Dx6z,775.000,gVdK1R7pQceZIJcu,790.000,obUOsW6NxixTRQCh,803.000,RYE1MlfIb2SZU/fO,819.000,8g3mAYf92SaXwm8y,844.000,i+ujZy34V34MVCSM,856.000,crm+JDu9pyx01u65
4,40,2026-04-03T18:06:16.179Z,1653.000,9,961.000,QO1YLbvIMO7iR1FK,1240.000,soYQ0qNfaMy3Dx6z,1306.000,i+ujZy34V34MVCSM,1370.000,obUOsW6NxixTRQCh,1432.000,IXAd+tdPnM81gG6F,1492.000,8g3mAYf92SaXwm8y,1636.000,crm+JDu9pyx01u65,117487.000,RYE1MlfIb2SZU/fO,118845.000,gVdK1R7pQceZIJcu,,
4,41,2026-04-03T18:06:17.832Z,,0,,,,,,,,,,,,,,,,,,,,
5,1,2026-04-03T18:05:53.637Z,6200.000,8,2221.000,QO1YLbvIMO7iR1FK,2602.000,soYQ0qNfaMy3Dx6z,3693.000,8g3mAYf92SaXwm8y,4022.000,gVdK1R7pQceZIJcu,5206.000,IXAd+tdPnM81gG6F,6169.000,obUOsW6NxixTRQCh,6200.000,RYE1MlfIb2SZU/fO,6976.000,GymB6kYVEeezVVzI,,,,
5,2,2026-04-03T18:05:59.837Z,702.000,8,297.000,8g3mAYf92SaXwm8y,369.000,gVdK1R7pQceZIJcu,373.000,soYQ0qNfaMy3Dx6z,374.000,RYE1MlfIb2SZU/fO,376.000,QO1YLbvIMO7iR1FK,452.000,IXAd+tdPnM81gG6F,702.000,obUOsW6NxixTRQCh,942.000,GymB6kYVEeezVVzI,,,,
5,3,2026-04-03T18:06:00.539Z,617.000,9,333.000,8g3mAYf92SaXwm8y,402.000,soYQ0qNfaMy3Dx6z,406.000,QO1YLbvIMO7iR1FK,409.000,gVdK1R7pQceZIJcu,412.000,RYE1MlfIb2SZU/fO,488.000,IXAd+tdPnM81gG6F,617.000,obUOsW6NxixTRQCh,737.000,crm+JDu9pyx01u65,836.000,GymB6kYVEeezVVzI,,
5,4,2026-04-03T18:06:01.156Z,408.000,10,326.000,8g3mAYf92SaXwm8y,396.000,IXAd+tdPnM81gG6F,398.000,RYE1MlfIb2SZU/fO,401.000,gVdK1R7pQceZIJcu,402.000,soYQ0qNfaMy3Dx6z,403.000,QO1YLbvIMO7iR1FK,408.000,crm+JDu9pyx01u65,519.000,obUOsW6NxixTRQCh,583.000,GymB6kYVEeezVVzI,969.000,i+ujZy34V34MVCSM
5,5,2026-04-03T18:06:01.564Z,410.000,10,357.000,8g3mAYf92SaXwm8y,397.000,obUOsW6NxixTRQCh,400.000,QO1YLbvIMO7iR1FK,402.000,RYE1MlfIb2SZU/fO,404.000,IXAd+tdPnM81gG6F,406.000,soYQ0qNfaMy3Dx6z,410.000,gVdK1R7pQceZIJcu,473.000,crm+JDu9pyx01u65,597.000,GymB6kYVEeezVVzI,774.000,i+ujZy34V34MVCSM
5,6,2026-04-03T18:06:01.974Z,407.000,10,325.000,8g3mAYf92SaXwm8y,397.000,RYE1MlfIb2SZU/fO,398.000,obUOsW6NxixTRQCh,401.000,crm+JDu9pyx01u65,404.000,soYQ0qNfaMy3Dx6z,405.000,IXAd+tdPnM81gG6F,407.000,QO1YLbvIMO7iR1FK,408.000,gVdK1R7pQceZIJcu,524.000,GymB6kYVEeezVVzI,657.000,i+ujZy34V34MVCSM
5,7,2026-04-03T18:06:02.381Z,408.000,10,327.000,8g3mAYf92SaXwm8y,397.000,QO1YLbvIMO7iR1FK,398.000,crm+JDu9pyx01u65,401.000,soYQ0qNfaMy3Dx6z,404.000,gVdK1R7pQceZIJcu,406.000,RYE1MlfIb2SZU/fO,408.000,IXAd+tdPnM81gG6F,436.000,obUOsW6NxixTRQCh,474.000,GymB6kYVEeezVVzI,600.000,i+ujZy34V34MVCSM
5,8,2026-04-03T18:06:02.789Z,406.000,10,325.000,8g3mAYf92SaXwm8y,399.000,IXAd+tdPnM81gG6F,400.000,RYE1MlfIb2SZU/fO,402.000,gVdK1R7pQceZIJcu,403.000,QO1YLbvIMO7iR1FK,405.000,soYQ0qNfaMy3Dx6z,406.000,crm+JDu9pyx01u65,415.000,obUOsW6NxixTRQCh,443.000,GymB6kYVEeezVVzI,526.000,i+ujZy34V34MVCSM
5,9,2026-04-03T18:06:03.195Z,411.000,10,331.000,8g3mAYf92SaXwm8y,370.000,GymB6kYVEeezVVzI,372.000,i+ujZy34V34MVCSM,391.000,obUOsW6NxixTRQCh,402.000,soYQ0qNfaMy3Dx6z,405.000,QO1YLbvIMO7iR1FK,411.000,IXAd+tdPnM81gG6F,412.000,crm+JDu9pyx01u65,414.000,gVdK1R7pQceZIJcu,417.000,RYE1MlfIb2SZU/fO
5,10,2026-04-03T18:06:03.606Z,401.000,10,322.000,8g3mAYf92SaXwm8y,359.000,i+ujZy34V34MVCSM,389.000,soYQ0qNfaMy3Dx6z,395.000,crm+JDu9pyx01u65,397.000,RYE1MlfIb2SZU/fO,399.000,gVdK1R7pQceZIJcu,401.000,obUOsW6NxixTRQCh,403.000,GymB6kYVEeezVVzI,405.000,QO1YLbvIMO7iR1FK,407.000,IXAd+tdPnM81gG6F
5,11,2026-04-03T18:06:04.007Z,410.000,10,326.000,8g3mAYf92SaXwm8y,403.000,crm+JDu9pyx01u65,404.000,soYQ0qNfaMy3Dx6z,406.000,obUOsW6NxixTRQCh,407.000,gVdK1R7pQceZIJcu,408.000,i+ujZy34V34MVCSM,409.000,IXAd+tdPnM81gG6F,411.000,RYE1MlfIb2SZU/fO,412.000,GymB6kYVEeezVVzI,413.000,QO1YLbvIMO7iR1FK
5,12,2026-04-03T18:06:04.417Z,400.000,10,321.000,8g3mAYf92SaXwm8y,393.000,IXAd+tdPnM81gG6F,394.000,GymB6kYVEeezVVzI,396.000,obUOsW6NxixTRQCh,397.000,crm+JDu9pyx01u65,398.000,i+ujZy34V34MVCSM,400.000,soYQ0qNfaMy3Dx6z,401.000,gVdK1R7pQceZIJcu,404.000,RYE1MlfIb2SZU/fO,407.000,QO1YLbvIMO7iR1FK
5,13,2026-04-03T18:06:04.817Z,409.000,10,327.000,8g3mAYf92SaXwm8y,396.000,RYE1MlfIb2SZU/fO,400.000,soYQ0qNfaMy3Dx6z,402.000,crm+JDu9pyx01u65,403.000,GymB6kYVEeezVVzI,407.000,QO1YLbvIMO7iR1FK,409.000,IXAd+tdPnM81gG6F,410.000,gVdK1R7pQceZIJcu,411.000,obUOsW6NxixTRQCh,413.000,i+ujZy34V34MVCSM
5,14,2026-04-03T18:06:05.226Z,405.000,10,324.000,8g3mAYf92SaXwm8y,369.000,i+ujZy34V34MVCSM,396.000,crm+JDu9pyx01u65,399.000,IXAd+tdPnM81gG6F,400.000,gVdK1R7pQceZIJcu,401.000,GymB6kYVEeezVVzI,404.000,soYQ0qNfaMy3Dx6z,407.000,RYE1MlfIb2SZU/fO,409.000,QO1YLbvIMO7iR1FK,413.000,obUOsW6NxixTRQCh
5,15,2026-04-03T18:06:05.631Z,407.000,10,324.000,8g3mAYf92SaXwm8y,399.000,IXAd+tdPnM81gG6F,400.000,QO1YLbvIMO7iR1FK,403.000,GymB6kYVEeezVVzI,404.000,crm+JDu9pyx01u65,406.000,gVdK1R7pQceZIJcu,407.000,RYE1MlfIb2SZU/fO,408.000,i+ujZy34V34MVCSM,412.000,soYQ0qNfaMy3Dx6z,413.000,obUOsW6NxixTRQCh
5,16,2026-04-03T18:06:06.038Z,407.000,10,325.000,8g3mAYf92SaXwm8y,398.000,i+ujZy34V34MVCSM,402.000,IXAd+tdPnM81gG6F,403.000,crm+JDu9pyx01u65,404.000,QO1YLbvIMO7iR1FK,406.000,RYE1MlfIb2SZU/fO,407.000,gVdK1R7pQceZIJcu,409.000,soYQ0qNfaMy3Dx6z,410.000,obUOsW6NxixTRQCh,411.000,GymB6kYVEeezVVzI
5,17,2026-04-03T18:06:06.445Z,406.000,10,323.000,8g3mAYf92SaXwm8y,397.000,gVdK1R7pQceZIJcu,400.000,i+ujZy34V34MVCSM,402.000,IXAd+tdPnM81gG6F,403.000,obUOsW6NxixTRQCh,405.000,soYQ0qNfaMy3Dx6z,406.000,QO1YLbvIMO7iR1FK,407.000,crm+JDu9pyx01u65,408.000,GymB6kYVEeezVVzI,410.000,RYE1MlfIb2SZU/fO
5,18,2026-04-03T18:06:06.851Z,404.000,10,322.000,8g3mAYf92SaXwm8y,394.000,crm+JDu9pyx01u65,399.000,QO1YLbvIMO7iR1FK,401.000,i+ujZy34V34MVCSM,402.000,gVdK1R7pQceZIJcu,403.000,soYQ0qNfaMy3Dx6z,404.000,IXAd+tdPnM81gG6F,408.000,obUOsW6NxixTRQCh,409.000,GymB6kYVEeezVVzI,413.000,RYE1MlfIb2SZU/fO
5,19,2026-04-03T18:06:07.255Z,403.000,10,323.000,8g3mAYf92SaXwm8y,392.000,i+ujZy34V34MVCSM,395.000,crm+JDu9pyx01u65,396.000,GymB6kYVEeezVVzI,398.000,QO1YLbvIMO7iR1FK,399.000,soYQ0qNfaMy3Dx6z,402.000,obUOsW6NxixTRQCh,410.000,IXAd+tdPnM81gG6F,411.000,RYE1MlfIb2SZU/fO,412.000,gVdK1R7pQceZIJcu
5,20,2026-04-03T18:06:07.658Z,411.000,10,328.000,8g3mAYf92SaXwm8y,399.000,gVdK1R7pQceZIJcu,403.000,i+ujZy34V34MVCSM,404.000,soYQ0qNfaMy3Dx6z,406.000,QO1YLbvIMO7iR1FK,407.000,RYE1MlfIb2SZU/fO,411.000,IXAd+tdPnM81gG6F,412.000,GymB6kYVEeezVVzI,413.000,obUOsW6NxixTRQCh,414.000,crm+JDu9pyx01u65
5,21,2026-04-03T18:06:08.069Z,405.000,10,324.000,8g3mAYf92SaXwm8y,397.000,crm+JDu9pyx01u65,399.000,i+ujZy34V34MVCSM,401.000,GymB6kYVEeezVVzI,403.000,gVdK1R7pQceZIJcu,404.000,obUOsW6NxixTRQCh,405.000,RYE1MlfIb2SZU/fO,405.000,IXAd+tdPnM81gG6F,409.000,QO1YLbvIMO7iR1FK,410.000,soYQ0qNfaMy3Dx6z
5,22,2026-04-03T18:06:08.474Z,405.000,10,323.000,8g3mAYf92SaXwm8y,397.000,crm+JDu9pyx01u65,400.000,i+ujZy34V34MVCSM,401.000,gVdK1R7pQceZIJcu,402.000,obUOsW6NxixTRQCh,403.000,IXAd+tdPnM81gG6F,405.000,QO1YLbvIMO7iR1FK,406.000,RYE1MlfIb2SZU/fO,407.000,GymB6kYVEeezVVzI,414.000,soYQ0qNfaMy3Dx6z
5,23,2026-04-03T18:06:08.879Z,405.000,10,322.000,8g3mAYf92SaXwm8y,397.000,obUOsW6NxixTRQCh,398.000,soYQ0qNfaMy3Dx6z,399.000,gVdK1R7pQceZIJcu,402.000,QO1YLbvIMO7iR1FK,403.000,i+ujZy34V34MVCSM,404.000,IXAd+tdPnM81gG6F,409.000,RYE1MlfIb2SZU/fO,410.000,crm+JDu9pyx01u65,411.000,GymB6kYVEeezVVzI
5,24,2026-04-03T18:06:09.284Z,411.000,10,327.000,8g3mAYf92SaXwm8y,398.000,GymB6kYVEeezVVzI,401.000,obUOsW6NxixTRQCh,402.000,RYE1MlfIb2SZU/fO,403.000,IXAd+tdPnM81gG6F,407.000,soYQ0qNfaMy3Dx6z,411.000,gVdK1R7pQceZIJcu,412.000,i+ujZy34V34MVCSM,413.000,crm+JDu9pyx01u65,418.000,QO1YLbvIMO7iR1FK
5,25,2026-04-03T18:06:09.695Z,400.000,10,318.000,8g3mAYf92SaXwm8y,386.000,obUOsW6NxixTRQCh,393.000,gVdK1R7pQceZIJcu,396.000,i+ujZy34V34MVCSM,398.000,RYE1MlfIb2SZU/fO,399.000,soYQ0qNfaMy3Dx6z,400.000,GymB6kYVEeezVVzI,401.000,crm+JDu9pyx01u65,403.000,QO1YLbvIMO7iR1FK,406.000,IXAd+tdPnM81gG6F
5,26,2026-04-03T18:06:10.095Z,413.000,10,329.000,8g3mAYf92SaXwm8y,402.000,crm+JDu9pyx01u65,406.000,RYE1MlfIb2SZU/fO,409.000,QO1YLbvIMO7iR1FK,410.000,obUOsW6NxixTRQCh,411.000,gVdK1R7pQceZIJcu,413.000,i+ujZy34V34MVCSM,414.000,GymB6kYVEeezVVzI,415.000,soYQ0qNfaMy3Dx6z,416.000,IXAd+tdPnM81gG6F
5,27,2026-04-03T18:06:10.508Z,406.000,10,321.000,8g3mAYf92SaXwm8y,399.000,i+ujZy34V34MVCSM,400.000,GymB6kYVEeezVVzI,401.000,obUOsW6NxixTRQCh,403.000,QO1YLbvIMO7iR1FK,404.000,soYQ0qNfaMy3Dx6z,405.000,crm+JDu9pyx01u65,407.000,gVdK1R7pQceZIJcu,408.000,IXAd+tdPnM81gG6F,409.000,RYE1MlfIb2SZU/fO
5,28,2026-04-03T18:06:10.914Z,403.000,10,320.000,8g3mAYf92SaXwm8y,390.000,IXAd+tdPnM81gG6F,398.000,i+ujZy34V34MVCSM,399.000,QO1YLbvIMO7iR1FK,401.000,GymB6kYVEeezVVzI,402.000,RYE1MlfIb2SZU/fO,403.000,soYQ0qNfaMy3Dx6z,404.000,obUOsW6NxixTRQCh,406.000,gVdK1R7pQceZIJcu,407.000,crm+JDu9pyx01u65
5,29,2026-04-03T18:06:11.317Z,405.000,10,322.000,8g3mAYf92SaXwm8y,394.000,i+ujZy34V34MVCSM,400.000,crm+JDu9pyx01u65,402.000,soYQ0qNfaMy3Dx6z,403.000,IXAd+tdPnM81gG6F,404.000,QO1YLbvIMO7iR1FK,405.000,GymB6kYVEeezVVzI,408.000,gVdK1R7pQceZIJcu,409.000,RYE1MlfIb2SZU/fO,410.000,obUOsW6NxixTRQCh
5,30,2026-04-03T18:06:11.722Z,402.000,10,322.000,8g3mAYf92SaXwm8y,393.000,soYQ0qNfaMy3Dx6z,397.000,QO1YLbvIMO7iR1FK,398.000,crm+JDu9pyx01u65,399.000,RYE1MlfIb2SZU/fO,401.000,IXAd+tdPnM81gG6F,402.000,obUOsW6NxixTRQCh,405.000,GymB6kYVEeezVVzI,406.000,gVdK1R7pQceZIJcu,408.000,i+ujZy34V34MVCSM
5,31,2026-04-03T18:06:12.124Z,413.000,10,327.000,8g3mAYf92SaXwm8y,404.000,GymB6kYVEeezVVzI,407.000,soYQ0qNfaMy3Dx6z,409.000,IXAd+tdPnM81gG6F,410.000,obUOsW6NxixTRQCh,411.000,crm+JDu9pyx01u65,412.000,i+ujZy34V34MVCSM,414.000,gVdK1R7pQceZIJcu,415.000,RYE1MlfIb2SZU/fO,418.000,QO1YLbvIMO7iR1FK
5,32,2026-04-03T18:06:12.537Z,404.000,10,319.000,8g3mAYf92SaXwm8y,397.000,IXAd+tdPnM81gG6F,398.000,soYQ0qNfaMy3Dx6z,400.000,QO1YLbvIMO7iR1FK,401.000,obUOsW6NxixTRQCh,402.000,GymB6kYVEeezVVzI,404.000,RYE1MlfIb2SZU/fO,405.000,gVdK1R7pQceZIJcu,407.000,i+ujZy34V34MVCSM,411.000,crm+JDu9pyx01u65
5,33,2026-04-03T18:06:12.941Z,404.000,10,321.000,8g3mAYf92SaXwm8y,397.000,GymB6kYVEeezVVzI,399.000,soYQ0qNfaMy3Dx6z,400.000,crm+JDu9pyx01u65,401.000,RYE1MlfIb2SZU/fO,403.000,obUOsW6NxixTRQCh,404.000,QO1YLbvIMO7iR1FK,406.000,i+ujZy34V34MVCSM,407.000,gVdK1R7pQceZIJcu,408.000,IXAd+tdPnM81gG6F
5,34,2026-04-03T18:06:13.345Z,406.000,10,324.000,8g3mAYf92SaXwm8y,397.000,QO1YLbvIMO7iR1FK,398.000,IXAd+tdPnM81gG6F,402.000,obUOsW6NxixTRQCh,403.000,RYE1MlfIb2SZU/fO,404.000,GymB6kYVEeezVVzI,406.000,i+ujZy34V34MVCSM,407.000,crm+JDu9pyx01u65,410.000,soYQ0qNfaMy3Dx6z,412.000,gVdK1R7pQceZIJcu
5,35,2026-04-03T18:06:13.751Z,408.000,10,324.000,8g3mAYf92SaXwm8y,398.000,i+ujZy34V34MVCSM,399.000,RYE1MlfIb2SZU/fO,404.000,gVdK1R7pQceZIJcu,405.000,soYQ0qNfaMy3Dx6z,407.000,crm+JDu9pyx01u65,408.000,IXAd+tdPnM81gG6F,409.000,GymB6kYVEeezVVzI,410.000,obUOsW6NxixTRQCh,412.000,QO1YLbvIMO7iR1FK
5,36,2026-04-03T18:06:14.159Z,404.000,10,322.000,8g3mAYf92SaXwm8y,396.000,i+ujZy34V34MVCSM,399.000,RYE1MlfIb2SZU/fO,400.000,GymB6kYVEeezVVzI,401.000,QO1YLbvIMO7iR1FK,402.000,gVdK1R7pQceZIJcu,404.000,crm+JDu9pyx01u65,405.000,obUOsW6NxixTRQCh,407.000,soYQ0qNfaMy3Dx6z,408.000,IXAd+tdPnM81gG6F
5,37,2026-04-03T18:06:14.563Z,407.000,10,324.000,8g3mAYf92SaXwm8y,399.000,IXAd+tdPnM81gG6F,402.000,i+ujZy34V34MVCSM,403.000,soYQ0qNfaMy3Dx6z,405.000,obUOsW6NxixTRQCh,406.000,RYE1MlfIb2SZU/fO,407.000,gVdK1R7pQceZIJcu,409.000,GymB6kYVEeezVVzI,411.000,crm+JDu9pyx01u65,413.000,QO1YLbvIMO7iR1FK
5,38,2026-04-03T18:06:14.970Z,410.000,10,325.000,8g3mAYf92SaXwm8y,395.000,obUOsW6NxixTRQCh,399.000,gVdK1R7pQceZIJcu,401.000,soYQ0qNfaMy3Dx6z,408.000,QO1YLbvIMO7iR1FK,409.000,RYE1MlfIb2SZU/fO,410.000,crm+JDu9pyx01u65,412.000,IXAd+tdPnM81gG6F,413.000,i+ujZy34V34MVCSM,414.000,GymB6kYVEeezVVzI
5,39,2026-04-03T18:06:15.380Z,776.000,10,633.000,GymB6kYVEeezVVzI,653.000,gVdK1R7pQceZIJcu,680.000,8g3mAYf92SaXwm8y,732.000,obUOsW6NxixTRQCh,750.000,crm+JDu9pyx01u65,762.000,RYE1MlfIb2SZU/fO,775.000,QO1YLbvIMO7iR1FK,786.000,soYQ0qNfaMy3Dx6z,797.000,IXAd+tdPnM81gG6F,896.000,i+ujZy34V34MVCSM
5,40,2026-04-03T18:06:16.156Z,1648.000,9,1023.000,8g3mAYf92SaXwm8y,1323.000,i+ujZy34V34MVCSM,1389.000,soYQ0qNfaMy3Dx6z,1451.000,IXAd+tdPnM81gG6F,1513.000,QO1YLbvIMO7iR1FK,1575.000,obUOsW6NxixTRQCh,1636.000,crm+JDu9pyx01u65,119096.000,RYE1MlfIb2SZU/fO,119272.000,gVdK1R7pQceZIJcu,,
5,41,2026-04-03T18:06:17.804Z,,0,,,,,,,,,,,,,,,,,,,,
6,1,2026-04-03T18:05:55.105Z,4698.000,8,756.000,QO1YLbvIMO7iR1FK,1145.000,soYQ0qNfaMy3Dx6z,2267.000,8g3mAYf92SaXwm8y,2563.000,gVdK1R7pQceZIJcu,3695.000,IXAd+tdPnM81gG6F,4663.000,RYE1MlfIb2SZU/fO,4698.000,obUOsW6NxixTRQCh,5507.000,GymB6kYVEeezVVzI,,,,
6,2,2026-04-03T18:05:59.803Z,741.000,8,400.000,RYE1MlfIb2SZU/fO,401.000,soYQ0qNfaMy3Dx6z,403.000,gVdK1R7pQceZIJcu,407.000,QO1YLbvIMO7iR1FK,436.000,8g3mAYf92SaXwm8y,447.000,IXAd+tdPnM81gG6F,741.000,obUOsW6NxixTRQCh,973.000,GymB6kYVEeezVVzI,,,,
6,3,2026-04-03T18:06:00.544Z,606.000,9,396.000,gVdK1R7pQceZIJcu,397.000,soYQ0qNfaMy3Dx6z,399.000,RYE1MlfIb2SZU/fO,403.000,QO1YLbvIMO7iR1FK,404.000,8g3mAYf92SaXwm8y,443.000,IXAd+tdPnM81gG6F,606.000,obUOsW6NxixTRQCh,759.000,crm+JDu9pyx01u65,834.000,GymB6kYVEeezVVzI,,
6,4,2026-04-03T18:06:01.150Z,414.000,10,326.000,IXAd+tdPnM81gG6F,397.000,RYE1MlfIb2SZU/fO,402.000,QO1YLbvIMO7iR1FK,404.000,8g3mAYf92SaXwm8y,407.000,crm+JDu9pyx01u65,410.000,gVdK1R7pQceZIJcu,414.000,soYQ0qNfaMy3Dx6z,528.000,obUOsW6NxixTRQCh,580.000,GymB6kYVEeezVVzI,925.000,i+ujZy34V34MVCSM
6,5,2026-04-03T18:06:01.564Z,406.000,10,353.000,IXAd+tdPnM81gG6F,398.000,8g3mAYf92SaXwm8y,401.000,QO1YLbvIMO7iR1FK,402.000,obUOsW6NxixTRQCh,403.000,RYE1MlfIb2SZU/fO,404.000,gVdK1R7pQceZIJcu,406.000,soYQ0qNfaMy3Dx6z,478.000,crm+JDu9pyx01u65,594.000,GymB6kYVEeezVVzI,776.000,i+ujZy34V34MVCSM
6,6,2026-04-03T18:06:01.970Z,411.000,10,331.000,IXAd+tdPnM81gG6F,394.000,gVdK1R7pQceZIJcu,399.000,soYQ0qNfaMy3Dx6z,400.000,obUOsW6NxixTRQCh,405.000,QO1YLbvIMO7iR1FK,407.000,RYE1MlfIb2SZU/fO,411.000,8g3mAYf92SaXwm8y,415.000,crm+JDu9pyx01u65,524.000,GymB6kYVEeezVVzI,654.000,i+ujZy34V34MVCSM
6,7,2026-04-03T18:06:02.381Z,404.000,10,322.000,IXAd+tdPnM81gG6F,390.000,RYE1MlfIb2SZU/fO,394.000,QO1YLbvIMO7iR1FK,396.000,crm+JDu9pyx01u65,397.000,GymB6kYVEeezVVzI,398.000,8g3mAYf92SaXwm8y,404.000,gVdK1R7pQceZIJcu,405.000,soYQ0qNfaMy3Dx6z,429.000,obUOsW6NxixTRQCh,532.000,i+ujZy34V34MVCSM
6,8,2026-04-03T18:06:02.785Z,409.000,10,327.000,IXAd+tdPnM81gG6F,395.000,RYE1MlfIb2SZU/fO,401.000,QO1YLbvIMO7iR1FK,402.000,8g3mAYf92SaXwm8y,404.000,obUOsW6NxixTRQCh,407.000,soYQ0qNfaMy3Dx6z,409.000,crm+JDu9pyx01u65,411.000,gVdK1R7pQceZIJcu,442.000,GymB6kYVEeezVVzI,533.000,i+ujZy34V34MVCSM
6,9,2026-04-03T18:06:03.194Z,405.000,10,325.000,IXAd+tdPnM81gG6F,368.000,i+ujZy34V34MVCSM,396.000,gVdK1R7pQceZIJcu,400.000,soYQ0qNfaMy3Dx6z,402.000,RYE1MlfIb2SZU/fO,404.000,crm+JDu9pyx01u65,405.000,obUOsW6NxixTRQCh,406.000,QO1YLbvIMO7iR1FK,408.000,GymB6kYVEeezVVzI,409.000,8g3mAYf92SaXwm8y
6,10,2026-04-03T18:06:03.599Z,409.000,10,326.000,IXAd+tdPnM81gG6F,364.000,i+ujZy34V34MVCSM,398.000,soYQ0qNfaMy3Dx6z,403.000,RYE1MlfIb2SZU/fO,406.000,gVdK1R7pQceZIJcu,408.000,8g3mAYf92SaXwm8y,409.000,QO1YLbvIMO7iR1FK,411.000,obUOsW6NxixTRQCh,412.000,crm+JDu9pyx01u65,444.000,GymB6kYVEeezVVzI
6,11,2026-04-03T18:06:04.008Z,400.000,10,319.000,IXAd+tdPnM81gG6F,368.000,i+ujZy34V34MVCSM,393.000,soYQ0qNfaMy3Dx6z,395.000,obUOsW6NxixTRQCh,397.000,crm+JDu9pyx01u65,399.000,gVdK1R7pQceZIJcu,400.000,GymB6kYVEeezVVzI,401.000,QO1YLbvIMO7iR1FK,404.000,8g3mAYf92SaXwm8y,405.000,RYE1MlfIb2SZU/fO
6,12,2026-04-03T18:06:04.408Z,414.000,10,331.000,IXAd+tdPnM81gG6F,404.000,RYE1MlfIb2SZU/fO,406.000,gVdK1R7pQceZIJcu,410.000,crm+JDu9pyx01u65,411.000,obUOsW6NxixTRQCh,412.000,QO1YLbvIMO7iR1FK,414.000,GymB6kYVEeezVVzI,415.000,i+ujZy34V34MVCSM,416.000,soYQ0qNfaMy3Dx6z,417.000,8g3mAYf92SaXwm8y
6,13,2026-04-03T18:06:04.822Z,399.000,10,319.000,IXAd+tdPnM81gG6F,364.000,i+ujZy34V34MVCSM,392.000,8g3mAYf92SaXwm8y,393.000,crm+JDu9pyx01u65,394.000,RYE1MlfIb2SZU/fO,398.000,soYQ0qNfaMy3Dx6z,399.000,QO1YLbvIMO7iR1FK,402.000,obUOsW6NxixTRQCh,403.000,GymB6kYVEeezVVzI,405.000,gVdK1R7pQceZIJcu
6,14,2026-04-03T18:06:05.221Z,411.000,10,331.000,IXAd+tdPnM81gG6F,377.000,i+ujZy34V34MVCSM,397.000,GymB6kYVEeezVVzI,398.000,8g3mAYf92SaXwm8y,403.000,crm+JDu9pyx01u65,409.000,gVdK1R7pQceZIJcu,410.000,QO1YLbvIMO7iR1FK,415.000,soYQ0qNfaMy3Dx6z,417.000,obUOsW6NxixTRQCh,419.000,RYE1MlfIb2SZU/fO
6,15,2026-04-03T18:06:05.632Z,401.000,10,319.000,IXAd+tdPnM81gG6F,393.000,GymB6kYVEeezVVzI,395.000,i+ujZy34V34MVCSM,397.000,RYE1MlfIb2SZU/fO,398.000,QO1YLbvIMO7iR1FK,400.000,gVdK1R7pQceZIJcu,401.000,obUOsW6NxixTRQCh,403.000,8g3mAYf92SaXwm8y,404.000,crm+JDu9pyx01u65,408.000,soYQ0qNfaMy3Dx6z
6,16,2026-04-03T18:06:06.033Z,408.000,10,327.000,IXAd+tdPnM81gG6F,401.000,RYE1MlfIb2SZU/fO,403.000,QO1YLbvIMO7iR1FK,404.000,crm+JDu9pyx01u65,405.000,obUOsW6NxixTRQCh,406.000,gVdK1R7pQceZIJcu,408.000,i+ujZy34V34MVCSM,409.000,soYQ0qNfaMy3Dx6z,410.000,GymB6kYVEeezVVzI,412.000,8g3mAYf92SaXwm8y
6,17,2026-04-03T18:06:06.441Z,407.000,10,323.000,IXAd+tdPnM81gG6F,398.000,QO1YLbvIMO7iR1FK,401.000,obUOsW6NxixTRQCh,403.000,soYQ0qNfaMy3Dx6z,404.000,gVdK1R7pQceZIJcu,405.000,GymB6kYVEeezVVzI,407.000,8g3mAYf92SaXwm8y,408.000,i+ujZy34V34MVCSM,409.000,crm+JDu9pyx01u65,414.000,RYE1MlfIb2SZU/fO
6,18,2026-04-03T18:06:06.848Z,410.000,10,324.000,IXAd+tdPnM81gG6F,398.000,i+ujZy34V34MVCSM,400.000,crm+JDu9pyx01u65,401.000,gVdK1R7pQceZIJcu,404.000,8g3mAYf92SaXwm8y,408.000,obUOsW6NxixTRQCh,410.000,RYE1MlfIb2SZU/fO,412.000,QO1YLbvIMO7iR1FK,415.000,soYQ0qNfaMy3Dx6z,416.000,GymB6kYVEeezVVzI
6,19,2026-04-03T18:06:07.258Z,405.000,10,321.000,IXAd+tdPnM81gG6F,394.000,i+ujZy34V34MVCSM,399.000,8g3mAYf92SaXwm8y,401.000,GymB6kYVEeezVVzI,402.000,crm+JDu9pyx01u65,403.000,soYQ0qNfaMy3Dx6z,405.000,obUOsW6NxixTRQCh,406.000,QO1YLbvIMO7iR1FK,407.000,gVdK1R7pQceZIJcu,408.000,RYE1MlfIb2SZU/fO
6,20,2026-04-03T18:06:07.663Z,404.000,10,322.000,IXAd+tdPnM81gG6F,397.000,RYE1MlfIb2SZU/fO,399.000,8g3mAYf92SaXwm8y,400.000,QO1YLbvIMO7iR1FK,401.000,obUOsW6NxixTRQCh,403.000,GymB6kYVEeezVVzI,404.000,crm+JDu9pyx01u65,405.000,soYQ0qNfaMy3Dx6z,408.000,i+ujZy34V34MVCSM,414.000,gVdK1R7pQceZIJcu
6,21,2026-04-03T18:06:08.067Z,407.000,10,325.000,IXAd+tdPnM81gG6F,399.000,soYQ0qNfaMy3Dx6z,400.000,RYE1MlfIb2SZU/fO,403.000,obUOsW6NxixTRQCh,404.000,gVdK1R7pQceZIJcu,405.000,GymB6kYVEeezVVzI,407.000,i+ujZy34V34MVCSM,408.000,QO1YLbvIMO7iR1FK,409.000,8g3mAYf92SaXwm8y,410.000,crm+JDu9pyx01u65
6,22,2026-04-03T18:06:08.474Z,406.000,10,323.000,IXAd+tdPnM81gG6F,392.000,soYQ0qNfaMy3Dx6z,396.000,crm+JDu9pyx01u65,401.000,8g3mAYf92SaXwm8y,403.000,RYE1MlfIb2SZU/fO,404.000,gVdK1R7pQceZIJcu,405.000,obUOsW6NxixTRQCh,407.000,GymB6kYVEeezVVzI,408.000,QO1YLbvIMO7iR1FK,409.000,i+ujZy34V34MVCSM
6,23,2026-04-03T18:06:08.880Z,407.000,10,322.000,IXAd+tdPnM81gG6F,396.000,8g3mAYf92SaXwm8y,402.000,soYQ0qNfaMy3Dx6z,403.000,RYE1MlfIb2SZU/fO,404.000,crm+JDu9pyx01u65,405.000,gVdK1R7pQceZIJcu,407.000,i+ujZy34V34MVCSM,408.000,obUOsW6NxixTRQCh,409.000,QO1YLbvIMO7iR1FK,410.000,GymB6kYVEeezVVzI
6,24,2026-04-03T18:06:09.287Z,404.000,10,324.000,IXAd+tdPnM81gG6F,394.000,gVdK1R7pQceZIJcu,395.000,obUOsW6NxixTRQCh,399.000,8g3mAYf92SaXwm8y,400.000,GymB6kYVEeezVVzI,403.000,i+ujZy34V34MVCSM,404.000,crm+JDu9pyx01u65,406.000,soYQ0qNfaMy3Dx6z,406.000,QO1YLbvIMO7iR1FK,408.000,RYE1MlfIb2SZU/fO
6,25,2026-04-03T18:06:09.691Z,405.000,10,323.000,IXAd+tdPnM81gG6F,391.000,gVdK1R7pQceZIJcu,394.000,obUOsW6NxixTRQCh,398.000,i+ujZy34V34MVCSM,399.000,soYQ0qNfaMy3Dx6z,403.000,QO1YLbvIMO7iR1FK,405.000,GymB6kYVEeezVVzI,406.000,RYE1MlfIb2SZU/fO,407.000,8g3mAYf92SaXwm8y,408.000,crm+JDu9pyx01u65
6,26,2026-04-03T18:06:10.096Z,404.000,10,323.000,IXAd+tdPnM81gG6F,393.000,crm+JDu9pyx01u65,399.000,gVdK1R7pQceZIJcu,400.000,RYE1MlfIb2SZU/fO,401.000,obUOsW6NxixTRQCh,403.000,QO1YLbvIMO7iR1FK,404.000,GymB6kYVEeezVVzI,405.000,8g3mAYf92SaXwm8y,406.000,i+ujZy34V34MVCSM,408.000,soYQ0qNfaMy3Dx6z
6,27,2026-04-03T18:06:10.500Z,407.000,10,324.000,IXAd+tdPnM81gG6F,398.000,GymB6kYVEeezVVzI,401.000,RYE1MlfIb2SZU/fO,403.000,QO1YLbvIMO7iR1FK,405.000,i+ujZy34V34MVCSM,406.000,crm+JDu9pyx01u65,407.000,obUOsW6NxixTRQCh,408.000,8g3mAYf92SaXwm8y,410.000,gVdK1R7pQceZIJcu,411.000,soYQ0qNfaMy3Dx6z
6,28,2026-04-03T18:06:10.907Z,407.000,10,323.000,IXAd+tdPnM81gG6F,394.000,RYE1MlfIb2SZU/fO,402.000,obUOsW6NxixTRQCh,403.000,i+ujZy34V34MVCSM,404.000,8g3mAYf92SaXwm8y,405.000,gVdK1R7pQceZIJcu,407.000,crm+JDu9pyx01u65,408.000,soYQ0qNfaMy3Dx6z,409.000,QO1YLbvIMO7iR1FK,411.000,GymB6kYVEeezVVzI
6,29,2026-04-03T18:06:11.314Z,404.000,10,323.000,IXAd+tdPnM81gG6F,396.000,gVdK1R7pQceZIJcu,399.000,RYE1MlfIb2SZU/fO,400.000,soYQ0qNfaMy3Dx6z,402.000,i+ujZy34V34MVCSM,403.000,QO1YLbvIMO7iR1FK,404.000,obUOsW6NxixTRQCh,405.000,GymB6kYVEeezVVzI,407.000,crm+JDu9pyx01u65,409.000,8g3mAYf92SaXwm8y
6,30,2026-04-03T18:06:11.718Z,409.000,10,326.000,IXAd+tdPnM81gG6F,402.000,soYQ0qNfaMy3Dx6z,403.000,crm+JDu9pyx01u65,405.000,8g3mAYf92SaXwm8y,406.000,RYE1MlfIb2SZU/fO,408.000,GymB6kYVEeezVVzI,409.000,obUOsW6NxixTRQCh,410.000,QO1YLbvIMO7iR1FK,412.000,gVdK1R7pQceZIJcu,413.000,i+ujZy34V34MVCSM
6,31,2026-04-03T18:06:12.127Z,406.000,10,322.000,IXAd+tdPnM81gG6F,398.000,8g3mAYf92SaXwm8y,401.000,RYE1MlfIb2SZU/fO,402.000,crm+JDu9pyx01u65,403.000,gVdK1R7pQceZIJcu,405.000,soYQ0qNfaMy3Dx6z,406.000,GymB6kYVEeezVVzI,407.000,obUOsW6NxixTRQCh,409.000,i+ujZy34V34MVCSM,411.000,QO1YLbvIMO7iR1FK
6,32,2026-04-03T18:06:12.533Z,408.000,10,325.000,IXAd+tdPnM81gG6F,401.000,gVdK1R7pQceZIJcu,403.000,soYQ0qNfaMy3Dx6z,404.000,QO1YLbvIMO7iR1FK,405.000,GymB6kYVEeezVVzI,407.000,i+ujZy34V34MVCSM,408.000,RYE1MlfIb2SZU/fO,409.000,crm+JDu9pyx01u65,411.000,obUOsW6NxixTRQCh,412.000,8g3mAYf92SaXwm8y
6,33,2026-04-03T18:06:12.941Z,406.000,10,321.000,IXAd+tdPnM81gG6F,396.000,i+ujZy34V34MVCSM,400.000,8g3mAYf92SaXwm8y,401.000,QO1YLbvIMO7iR1FK,403.000,gVdK1R7pQceZIJcu,404.000,crm+JDu9pyx01u65,405.000,GymB6kYVEeezVVzI,407.000,soYQ0qNfaMy3Dx6z,408.000,obUOsW6NxixTRQCh,409.000,RYE1MlfIb2SZU/fO
6,34,2026-04-03T18:06:13.347Z,402.000,10,321.000,IXAd+tdPnM81gG6F,394.000,crm+JDu9pyx01u65,395.000,soYQ0qNfaMy3Dx6z,398.000,obUOsW6NxixTRQCh,399.000,8g3mAYf92SaXwm8y,401.000,GymB6kYVEeezVVzI,402.000,RYE1MlfIb2SZU/fO,403.000,QO1YLbvIMO7iR1FK,405.000,gVdK1R7pQceZIJcu,414.000,i+ujZy34V34MVCSM
6,35,2026-04-03T18:06:13.749Z,408.000,10,324.000,IXAd+tdPnM81gG6F,391.000,8g3mAYf92SaXwm8y,398.000,RYE1MlfIb2SZU/fO,403.000,soYQ0qNfaMy3Dx6z,405.000,crm+JDu9pyx01u65,406.000,gVdK1R7pQceZIJcu,407.000,obUOsW6NxixTRQCh,409.000,i+ujZy34V34MVCSM,410.000,GymB6kYVEeezVVzI,411.000,QO1YLbvIMO7iR1FK
6,36,2026-04-03T18:06:14.157Z,408.000,10,322.000,IXAd+tdPnM81gG6F,400.000,soYQ0qNfaMy3Dx6z,402.000,QO1YLbvIMO7iR1FK,404.000,obUOsW6NxixTRQCh,405.000,crm+JDu9pyx01u65,406.000,GymB6kYVEeezVVzI,407.000,i+ujZy34V34MVCSM,409.000,gVdK1R7pQceZIJcu,410.000,RYE1MlfIb2SZU/fO,411.000,8g3mAYf92SaXwm8y
6,37,2026-04-03T18:06:14.565Z,405.000,10,324.000,IXAd+tdPnM81gG6F,388.000,soYQ0qNfaMy3Dx6z,395.000,obUOsW6NxixTRQCh,398.000,8g3mAYf92SaXwm8y,400.000,crm+JDu9pyx01u65,403.000,i+ujZy34V34MVCSM,405.000,GymB6kYVEeezVVzI,406.000,RYE1MlfIb2SZU/fO,408.000,QO1YLbvIMO7iR1FK,411.000,gVdK1R7pQceZIJcu
6,38,2026-04-03T18:06:14.970Z,402.000,10,320.000,IXAd+tdPnM81gG6F,395.000,crm+JDu9pyx01u65,397.000,soYQ0qNfaMy3Dx6z,400.000,gVdK1R7pQceZIJcu,401.000,8g3mAYf92SaXwm8y,401.000,obUOsW6NxixTRQCh,402.000,GymB6kYVEeezVVzI,402.000,QO1YLbvIMO7iR1FK,403.000,i+ujZy34V34MVCSM,405.000,RYE1MlfIb2SZU/fO
6,39,2026-04-03T18:06:15.372Z,778.000,10,658.000,IXAd+tdPnM81gG6F,666.000,GymB6kYVEeezVVzI,692.000,RYE1MlfIb2SZU/fO,728.000,obUOsW6NxixTRQCh,739.000,gVdK1R7pQceZIJcu,751.000,crm+JDu9pyx01u65,776.000,QO1YLbvIMO7iR1FK,803.000,soYQ0qNfaMy3Dx6z,830.000,8g3mAYf92SaXwm8y,937.000,i+ujZy34V34MVCSM
6,40,2026-04-03T18:06:16.150Z,1726.000,9,1078.000,IXAd+tdPnM81gG6F,1365.000,obUOsW6NxixTRQCh,1428.000,i+ujZy34V34MVCSM,1486.000,QO1YLbvIMO7iR1FK,1543.000,soYQ0qNfaMy3Dx6z,1600.000,crm+JDu9pyx01u65,1707.000,8g3mAYf92SaXwm8y,119148.000,RYE1MlfIb2SZU/fO,119236.000,gVdK1R7pQceZIJcu,,
6,41,2026-04-03T18:06:17.876Z,,0,,,,,,,,,,,,,,,,,,,,
7,1,2026-04-03T18:05:56.632Z,3578.000,8,821.000,8g3mAYf92SaXwm8y,1028.000,gVdK1R7pQceZIJcu,2213.000,IXAd+tdPnM81gG6F,2424.000,QO1YLbvIMO7iR1FK,3132.000,obUOsW6NxixTRQCh,3216.000,RYE1MlfIb2SZU/fO,5937.000,soYQ0qNfaMy3Dx6z,3979.000,GymB6kYVEeezVVzI,,,,
7,2,2026-04-03T18:06:00.210Z,566.000,8,1.000,8g3mAYf92SaXwm8y,1.000,gVdK1R7pQceZIJcu,3.000,QO1YLbvIMO7iR1FK,3.000,RYE1MlfIb2SZU/fO,81.000,IXAd+tdPnM81gG6F,289.000,obUOsW6NxixTRQCh,566.000,GymB6kYVEeezVVzI,2361.000,soYQ0qNfaMy3Dx6z,,,,
7,3,2026-04-03T18:06:00.776Z,516.000,9,169.000,8g3mAYf92SaXwm8y,170.000,RYE1MlfIb2SZU/fO,170.000,gVdK1R7pQceZIJcu,171.000,QO1YLbvIMO7iR1FK,256.000,IXAd+tdPnM81gG6F,336.000,obUOsW6NxixTRQCh,516.000,crm+JDu9pyx01u65,602.000,GymB6kYVEeezVVzI,1797.000,soYQ0qNfaMy3Dx6z,,
7,4,2026-04-03T18:06:01.292Z,345.000,10,228.000,IXAd+tdPnM81gG6F,230.000,RYE1MlfIb2SZU/fO,231.000,8g3mAYf92SaXwm8y,232.000,gVdK1R7pQceZIJcu,233.000,QO1YLbvIMO7iR1FK,262.000,crm+JDu9pyx01u65,345.000,obUOsW6NxixTRQCh,445.000,GymB6kYVEeezVVzI,1282.000,soYQ0qNfaMy3Dx6z,827.000,i+ujZy34V34MVCSM
7,5,2026-04-03T18:06:01.637Z,407.000,10,289.000,obUOsW6NxixTRQCh,362.000,QO1YLbvIMO7iR1FK,363.000,RYE1MlfIb2SZU/fO,365.000,8g3mAYf92SaXwm8y,369.000,IXAd+tdPnM81gG6F,370.000,gVdK1R7pQceZIJcu,407.000,crm+JDu9pyx01u65,524.000,GymB6kYVEeezVVzI,703.000,i+ujZy34V34MVCSM,939.000,soYQ0qNfaMy3Dx6z
7,6,2026-04-03T18:06:02.044Z,366.000,10,285.000,obUOsW6NxixTRQCh,355.000,8g3mAYf92SaXwm8y,361.000,gVdK1R7pQceZIJcu,362.000,RYE1MlfIb2SZU/fO,364.000,QO1YLbvIMO7iR1FK,365.000,IXAd+tdPnM81gG6F,366.000,crm+JDu9pyx01u65,454.000,GymB6kYVEeezVVzI,583.000,i+ujZy34V34MVCSM,733.000,soYQ0qNfaMy3Dx6z
7,7,2026-04-03T18:06:02.410Z,380.000,10,296.000,obUOsW6NxixTRQCh,365.000,crm+JDu9pyx01u65,369.000,GymB6kYVEeezVVzI,371.000,RYE1MlfIb2SZU/fO,377.000,8g3mAYf92SaXwm8y,378.000,gVdK1R7pQceZIJcu,380.000,QO1YLbvIMO7iR1FK,381.000,IXAd+tdPnM81gG6F,416.000,soYQ0qNfaMy3Dx6z,503.000,i+ujZy34V34MVCSM
7,8,2026-04-03T18:06:02.790Z,406.000,10,323.000,obUOsW6NxixTRQCh,386.000,RYE1MlfIb2SZU/fO,395.000,IXAd+tdPnM81gG6F,401.000,crm+JDu9pyx01u65,403.000,gVdK1R7pQceZIJcu,405.000,soYQ0qNfaMy3Dx6z,406.000,8g3mAYf92SaXwm8y,410.000,QO1YLbvIMO7iR1FK,442.000,GymB6kYVEeezVVzI,523.000,i+ujZy34V34MVCSM
7,9,2026-04-03T18:06:03.196Z,406.000,10,325.000,obUOsW6NxixTRQCh,366.000,GymB6kYVEeezVVzI,400.000,IXAd+tdPnM81gG6F,402.000,8g3mAYf92SaXwm8y,403.000,crm+JDu9pyx01u65,404.000,gVdK1R7pQceZIJcu,406.000,soYQ0qNfaMy3Dx6z,407.000,QO1YLbvIMO7iR1FK,411.000,RYE1MlfIb2SZU/fO,445.000,i+ujZy34V34MVCSM
7,10,2026-04-03T18:06:03.602Z,404.000,10,324.000,obUOsW6NxixTRQCh,366.000,i+ujZy34V34MVCSM,397.000,soYQ0qNfaMy3Dx6z,398.000,IXAd+tdPnM81gG6F,401.000,crm+JDu9pyx01u65,403.000,8g3mAYf92SaXwm8y,404.000,RYE1MlfIb2SZU/fO,405.000,gVdK1R7pQceZIJcu,407.000,QO1YLbvIMO7iR1FK,442.000,GymB6kYVEeezVVzI
7,11,2026-04-03T18:06:04.006Z,408.000,10,325.000,obUOsW6NxixTRQCh,395.000,crm+JDu9pyx01u65,396.000,QO1YLbvIMO7iR1FK,398.000,soYQ0qNfaMy3Dx6z,401.000,IXAd+tdPnM81gG6F,403.000,GymB6kYVEeezVVzI,408.000,8g3mAYf92SaXwm8y,412.000,RYE1MlfIb2SZU/fO,414.000,gVdK1R7pQceZIJcu,419.000,i+ujZy34V34MVCSM
7,12,2026-04-03T18:06:04.414Z,407.000,10,325.000,obUOsW6NxixTRQCh,367.000,i+ujZy34V34MVCSM,402.000,IXAd+tdPnM81gG6F,403.000,gVdK1R7pQceZIJcu,404.000,soYQ0qNfaMy3Dx6z,406.000,crm+JDu9pyx01u65,407.000,GymB6kYVEeezVVzI,410.000,RYE1MlfIb2SZU/fO,411.000,8g3mAYf92SaXwm8y,412.000,QO1YLbvIMO7iR1FK
7,13,2026-04-03T18:06:04.821Z,408.000,10,323.000,obUOsW6NxixTRQCh,395.000,8g3mAYf92SaXwm8y,396.000,soYQ0qNfaMy3Dx6z,401.000,RYE1MlfIb2SZU/fO,406.000,QO1YLbvIMO7iR1FK,407.000,crm+JDu9pyx01u65,408.000,GymB6kYVEeezVVzI,410.000,IXAd+tdPnM81gG6F,411.000,gVdK1R7pQceZIJcu,412.000,i+ujZy34V34MVCSM
7,14,2026-04-03T18:06:05.229Z,402.000,10,322.000,obUOsW6NxixTRQCh,366.000,i+ujZy34V34MVCSM,395.000,GymB6kYVEeezVVzI,396.000,RYE1MlfIb2SZU/fO,398.000,IXAd+tdPnM81gG6F,401.000,8g3mAYf92SaXwm8y,402.000,soYQ0qNfaMy3Dx6z,403.000,QO1YLbvIMO7iR1FK,406.000,gVdK1R7pQceZIJcu,408.000,crm+JDu9pyx01u65
7,15,2026-04-03T18:06:05.631Z,408.000,10,324.000,obUOsW6NxixTRQCh,400.000,RYE1MlfIb2SZU/fO,402.000,gVdK1R7pQceZIJcu,403.000,soYQ0qNfaMy3Dx6z,404.000,crm+JDu9pyx01u65,406.000,8g3mAYf92SaXwm8y,408.000,QO1YLbvIMO7iR1FK,409.000,GymB6kYVEeezVVzI,410.000,i+ujZy34V34MVCSM,413.000,IXAd+tdPnM81gG6F
7,16,2026-04-03T18:06:06.039Z,404.000,10,323.000,obUOsW6NxixTRQCh,398.000,IXAd+tdPnM81gG6F,399.000,8g3mAYf92SaXwm8y,400.000,gVdK1R7pQceZIJcu,401.000,i+ujZy34V34MVCSM,403.000,QO1YLbvIMO7iR1FK,404.000,RYE1MlfIb2SZU/fO,405.000,GymB6kYVEeezVVzI,406.000,crm+JDu9pyx01u65,409.000,soYQ0qNfaMy3Dx6z
7,17,2026-04-03T18:06:06.443Z,410.000,10,325.000,obUOsW6NxixTRQCh,400.000,soYQ0qNfaMy3Dx6z,404.000,IXAd+tdPnM81gG6F,406.000,i+ujZy34V34MVCSM,407.000,QO1YLbvIMO7iR1FK,408.000,gVdK1R7pQceZIJcu,409.000,8g3mAYf92SaXwm8y,411.000,crm+JDu9pyx01u65,412.000,GymB6kYVEeezVVzI,413.000,RYE1MlfIb2SZU/fO
7,18,2026-04-03T18:06:06.853Z,404.000,10,322.000,obUOsW6NxixTRQCh,388.000,QO1YLbvIMO7iR1FK,394.000,soYQ0qNfaMy3Dx6z,398.000,gVdK1R7pQceZIJcu,400.000,GymB6kYVEeezVVzI,402.000,crm+JDu9pyx01u65,404.000,i+ujZy34V34MVCSM,405.000,IXAd+tdPnM81gG6F,407.000,RYE1MlfIb2SZU/fO,412.000,8g3mAYf92SaXwm8y
7,19,2026-04-03T18:06:07.257Z,406.000,10,323.000,obUOsW6NxixTRQCh,398.000,QO1YLbvIMO7iR1FK,399.000,soYQ0qNfaMy3Dx6z,402.000,GymB6kYVEeezVVzI,403.000,8g3mAYf92SaXwm8y,405.000,RYE1MlfIb2SZU/fO,406.000,gVdK1R7pQceZIJcu,408.000,IXAd+tdPnM81gG6F,410.000,crm+JDu9pyx01u65,411.000,i+ujZy34V34MVCSM
7,20,2026-04-03T18:06:07.663Z,405.000,10,324.000,obUOsW6NxixTRQCh,397.000,RYE1MlfIb2SZU/fO,399.000,8g3mAYf92SaXwm8y,401.000,crm+JDu9pyx01u65,402.000,QO1YLbvIMO7iR1FK,404.000,GymB6kYVEeezVVzI,405.000,soYQ0qNfaMy3Dx6z,406.000,gVdK1R7pQceZIJcu,409.000,i+ujZy34V34MVCSM,412.000,IXAd+tdPnM81gG6F
7,21,2026-04-03T18:06:08.068Z,405.000,10,323.000,obUOsW6NxixTRQCh,390.000,crm+JDu9pyx01u65,395.000,gVdK1R7pQceZIJcu,401.000,8g3mAYf92SaXwm8y,402.000,IXAd+tdPnM81gG6F,403.000,RYE1MlfIb2SZU/fO,405.000,soYQ0qNfaMy3Dx6z,410.000,QO1YLbvIMO7iR1FK,413.000,GymB6kYVEeezVVzI,415.000,i+ujZy34V34MVCSM
7,22,2026-04-03T18:06:08.473Z,406.000,10,324.000,obUOsW6NxixTRQCh,399.000,crm+JDu9pyx01u65,400.000,i+ujZy34V34MVCSM,402.000,gVdK1R7pQceZIJcu,403.000,IXAd+tdPnM81gG6F,404.000,RYE1MlfIb2SZU/fO,406.000,GymB6kYVEeezVVzI,407.000,8g3mAYf92SaXwm8y,408.000,soYQ0qNfaMy3Dx6z,414.000,QO1YLbvIMO7iR1FK
7,23,2026-04-03T18:06:08.879Z,403.000,10,324.000,obUOsW6NxixTRQCh,392.000,QO1YLbvIMO7iR1FK,396.000,RYE1MlfIb2SZU/fO,398.000,crm+JDu9pyx01u65,400.000,8g3mAYf92SaXwm8y,402.000,gVdK1R7pQceZIJcu,403.000,soYQ0qNfaMy3Dx6z,408.000,GymB6kYVEeezVVzI,409.000,i+ujZy34V34MVCSM,411.000,IXAd+tdPnM81gG6F
7,24,2026-04-03T18:06:09.282Z,408.000,10,326.000,obUOsW6NxixTRQCh,398.000,RYE1MlfIb2SZU/fO,403.000,8g3mAYf92SaXwm8y,404.000,QO1YLbvIMO7iR1FK,405.000,gVdK1R7pQceZIJcu,407.000,soYQ0qNfaMy3Dx6z,408.000,crm+JDu9pyx01u65,409.000,i+ujZy34V34MVCSM,413.000,GymB6kYVEeezVVzI,416.000,IXAd+tdPnM81gG6F
7,25,2026-04-03T18:06:09.690Z,407.000,10,325.000,obUOsW6NxixTRQCh,397.000,crm+JDu9pyx01u65,401.000,i+ujZy34V34MVCSM,402.000,soYQ0qNfaMy3Dx6z,405.000,IXAd+tdPnM81gG6F,406.000,RYE1MlfIb2SZU/fO,407.000,gVdK1R7pQceZIJcu,409.000,QO1YLbvIMO7iR1FK,411.000,GymB6kYVEeezVVzI,412.000,8g3mAYf92SaXwm8y
7,26,2026-04-03T18:06:10.097Z,405.000,10,324.000,obUOsW6NxixTRQCh,399.000,i+ujZy34V34MVCSM,400.000,crm+JDu9pyx01u65,401.000,8g3mAYf92SaXwm8y,403.000,IXAd+tdPnM81gG6F,404.000,GymB6kYVEeezVVzI,405.000,gVdK1R7pQceZIJcu,408.000,RYE1MlfIb2SZU/fO,409.000,QO1YLbvIMO7iR1FK,410.000,soYQ0qNfaMy3Dx6z
7,27,2026-04-03T18:06:10.502Z,406.000,10,324.000,obUOsW6NxixTRQCh,395.000,RYE1MlfIb2SZU/fO,395.000,GymB6kYVEeezVVzI,404.000,QO1YLbvIMO7iR1FK,405.000,soYQ0qNfaMy3Dx6z,406.000,crm+JDu9pyx01u65,406.000,i+ujZy34V34MVCSM,407.000,gVdK1R7pQceZIJcu,410.000,IXAd+tdPnM81gG6F,414.000,8g3mAYf92SaXwm8y
7,28,2026-04-03T18:06:10.908Z,409.000,10,328.000,obUOsW6NxixTRQCh,397.000,crm+JDu9pyx01u65,398.000,RYE1MlfIb2SZU/fO,403.000,GymB6kYVEeezVVzI,406.000,8g3mAYf92SaXwm8y,406.000,IXAd+tdPnM81gG6F,409.000,QO1YLbvIMO7iR1FK,410.000,soYQ0qNfaMy3Dx6z,410.000,gVdK1R7pQceZIJcu,411.000,i+ujZy34V34MVCSM
7,29,2026-04-03T18:06:11.317Z,406.000,10,323.000,obUOsW6NxixTRQCh,396.000,i+ujZy34V34MVCSM,397.000,gVdK1R7pQceZIJcu,399.000,GymB6kYVEeezVVzI,401.000,8g3mAYf92SaXwm8y,402.000,IXAd+tdPnM81gG6F,406.000,QO1YLbvIMO7iR1FK,407.000,soYQ0qNfaMy3Dx6z,409.000,RYE1MlfIb2SZU/fO,410.000,crm+JDu9pyx01u65
7,30,2026-04-03T18:06:11.723Z,406.000,10,323.000,obUOsW6NxixTRQCh,395.000,RYE1MlfIb2SZU/fO,401.000,QO1YLbvIMO7iR1FK,403.000,GymB6kYVEeezVVzI,404.000,crm+JDu9pyx01u65,405.000,i+ujZy34V34MVCSM,406.000,gVdK1R7pQceZIJcu,408.000,soYQ0qNfaMy3Dx6z,409.000,IXAd+tdPnM81gG6F,410.000,8g3mAYf92SaXwm8y
7,31,2026-04-03T18:06:12.129Z,406.000,10,321.000,obUOsW6NxixTRQCh,395.000,i+ujZy34V34MVCSM,399.000,soYQ0qNfaMy3Dx6z,401.000,GymB6kYVEeezVVzI,403.000,QO1YLbvIMO7iR1FK,404.000,8g3mAYf92SaXwm8y,405.000,IXAd+tdPnM81gG6F,407.000,gVdK1R7pQceZIJcu,409.000,crm+JDu9pyx01u65,414.000,RYE1MlfIb2SZU/fO
7,32,2026-04-03T18:06:12.535Z,406.000,10,323.000,obUOsW6NxixTRQCh,396.000,IXAd+tdPnM81gG6F,397.000,QO1YLbvIMO7iR1FK,401.000,RYE1MlfIb2SZU/fO,402.000,GymB6kYVEeezVVzI,404.000,i+ujZy34V34MVCSM,406.000,gVdK1R7pQceZIJcu,407.000,soYQ0qNfaMy3Dx6z,408.000,8g3mAYf92SaXwm8y,410.000,crm+JDu9pyx01u65
7,33,2026-04-03T18:06:12.941Z,408.000,10,322.000,obUOsW6NxixTRQCh,397.000,RYE1MlfIb2SZU/fO,399.000,QO1YLbvIMO7iR1FK,401.000,crm+JDu9pyx01u65,405.000,i+ujZy34V34MVCSM,406.000,soYQ0qNfaMy3Dx6z,408.000,GymB6kYVEeezVVzI,409.000,gVdK1R7pQceZIJcu,410.000,8g3mAYf92SaXwm8y,411.000,IXAd+tdPnM81gG6F
7,34,2026-04-03T18:06:13.349Z,405.000,10,322.000,obUOsW6NxixTRQCh,398.000,soYQ0qNfaMy3Dx6z,399.000,8g3mAYf92SaXwm8y,401.000,QO1YLbvIMO7iR1FK,402.000,GymB6kYVEeezVVzI,403.000,i+ujZy34V34MVCSM,404.000,RYE1MlfIb2SZU/fO,406.000,crm+JDu9pyx01u65,407.000,gVdK1R7pQceZIJcu,408.000,IXAd+tdPnM81gG6F
7,35,2026-04-03T18:06:13.754Z,404.000,10,321.000,obUOsW6NxixTRQCh,390.000,RYE1MlfIb2SZU/fO,394.000,i+ujZy34V34MVCSM,396.000,gVdK1R7pQceZIJcu,397.000,8g3mAYf92SaXwm8y,400.000,IXAd+tdPnM81gG6F,404.000,QO1YLbvIMO7iR1FK,405.000,soYQ0qNfaMy3Dx6z,407.000,GymB6kYVEeezVVzI,408.000,crm+JDu9pyx01u65
7,36,2026-04-03T18:06:14.158Z,404.000,10,321.000,obUOsW6NxixTRQCh,396.000,IXAd+tdPnM81gG6F,399.000,i+ujZy34V34MVCSM,400.000,RYE1MlfIb2SZU/fO,402.000,GymB6kYVEeezVVzI,403.000,gVdK1R7pQceZIJcu,404.000,8g3mAYf92SaXwm8y,405.000,QO1YLbvIMO7iR1FK,407.000,crm+JDu9pyx01u65,408.000,soYQ0qNfaMy3Dx6z
7,37,2026-04-03T18:06:14.562Z,405.000,10,322.000,obUOsW6NxixTRQCh,397.000,RYE1MlfIb2SZU/fO,399.000,8g3mAYf92SaXwm8y,401.000,IXAd+tdPnM81gG6F,402.000,i+ujZy34V34MVCSM,403.000,soYQ0qNfaMy3Dx6z,405.000,GymB6kYVEeezVVzI,406.000,crm+JDu9pyx01u65,410.000,gVdK1R7pQceZIJcu,412.000,QO1YLbvIMO7iR1FK
7,38,2026-04-03T18:06:14.967Z,407.000,10,325.000,obUOsW6NxixTRQCh,398.000,crm+JDu9pyx01u65,400.000,8g3mAYf92SaXwm8y,403.000,RYE1MlfIb2SZU/fO,405.000,IXAd+tdPnM81gG6F,406.000,QO1YLbvIMO7iR1FK,407.000,soYQ0qNfaMy3Dx6z,408.000,GymB6kYVEeezVVzI,411.000,i+ujZy34V34MVCSM,412.000,gVdK1R7pQceZIJcu
7,39,2026-04-03T18:06:15.374Z,793.000,10,650.000,GymB6kYVEeezVVzI,662.000,obUOsW6NxixTRQCh,728.000,soYQ0qNfaMy3Dx6z,755.000,crm+JDu9pyx01u65,771.000,gVdK1R7pQceZIJcu,780.000,RYE1MlfIb2SZU/fO,790.000,QO1YLbvIMO7iR1FK,803.000,IXAd+tdPnM81gG6F,829.000,8g3mAYf92SaXwm8y,928.000,i+ujZy34V34MVCSM
7,40,2026-04-03T18:06:16.167Z,1707.000,9,1013.000,obUOsW6NxixTRQCh,1365.000,i+ujZy34V34MVCSM,1428.000,QO1YLbvIMO7iR1FK,1490.000,IXAd+tdPnM81gG6F,1552.000,soYQ0qNfaMy3Dx6z,1619.000,crm+JDu9pyx01u65,1696.000,RYE1MlfIb2SZU/fO,1757.000,8g3mAYf92SaXwm8y,1839.000,gVdK1R7pQceZIJcu,,
7,41,2026-04-03T18:06:17.874Z,,0,,,,,,,,,,,,,,,,,,,,
8,1,2026-04-03T18:05:58.119Z,2257.000,8,723.000,IXAd+tdPnM81gG6F,934.000,QO1YLbvIMO7iR1FK,1687.000,obUOsW6NxixTRQCh,1728.000,RYE1MlfIb2SZU/fO,5958.000,gVdK1R7pQceZIJcu,4456.000,soYQ0qNfaMy3Dx6z,2448.000,8g3mAYf92SaXwm8y,2448.000,GymB6kYVEeezVVzI,,,,
8,2,2026-04-03T18:06:00.376Z,671.000,8,0.000,QO1YLbvIMO7iR1FK,1.000,RYE1MlfIb2SZU/fO,1.000,IXAd+tdPnM81gG6F,166.000,obUOsW6NxixTRQCh,269.000,8g3mAYf92SaXwm8y,359.000,GymB6kYVEeezVVzI,3703.000,gVdK1R7pQceZIJcu,2201.000,soYQ0qNfaMy3Dx6z,,,,
8,3,2026-04-03T18:06:01.047Z,285.000,9,84.000,8g3mAYf92SaXwm8y,85.000,RYE1MlfIb2SZU/fO,86.000,QO1YLbvIMO7iR1FK,87.000,IXAd+tdPnM81gG6F,103.000,obUOsW6NxixTRQCh,256.000,crm+JDu9pyx01u65,284.000,GymB6kYVEeezVVzI,1532.000,soYQ0qNfaMy3Dx6z,3034.000,gVdK1R7pQceZIJcu,,
8,4,2026-04-03T18:06:01.332Z,364.000,10,242.000,IXAd+tdPnM81gG6F,244.000,QO1YLbvIMO7iR1FK,244.000,RYE1MlfIb2SZU/fO,244.000,8g3mAYf92SaXwm8y,244.000,crm+JDu9pyx01u65,288.000,GymB6kYVEeezVVzI,364.000,obUOsW6NxixTRQCh,1248.000,soYQ0qNfaMy3Dx6z,2750.000,gVdK1R7pQceZIJcu,742.000,i+ujZy34V34MVCSM
8,5,2026-04-03T18:06:01.696Z,362.000,10,339.000,RYE1MlfIb2SZU/fO,340.000,IXAd+tdPnM81gG6F,341.000,8g3mAYf92SaXwm8y,341.000,QO1YLbvIMO7iR1FK,341.000,obUOsW6NxixTRQCh,346.000,GymB6kYVEeezVVzI,362.000,crm+JDu9pyx01u65,886.000,soYQ0qNfaMy3Dx6z,640.000,i+ujZy34V34MVCSM,2388.000,gVdK1R7pQceZIJcu
8,6,2026-04-03T18:06:02.058Z,393.000,10,317.000,QO1YLbvIMO7iR1FK,317.000,crm+JDu9pyx01u65,319.000,8g3mAYf92SaXwm8y,357.000,GymB6kYVEeezVVzI,363.000,RYE1MlfIb2SZU/fO,369.000,IXAd+tdPnM81gG6F,393.000,obUOsW6NxixTRQCh,566.000,i+ujZy34V34MVCSM,801.000,soYQ0qNfaMy3Dx6z,2028.000,gVdK1R7pQceZIJcu
8,7,2026-04-03T18:06:02.451Z,370.000,10,286.000,GymB6kYVEeezVVzI,356.000,QO1YLbvIMO7iR1FK,361.000,obUOsW6NxixTRQCh,362.000,IXAd+tdPnM81gG6F,363.000,RYE1MlfIb2SZU/fO,365.000,crm+JDu9pyx01u65,370.000,8g3mAYf92SaXwm8y,371.000,soYQ0qNfaMy3Dx6z,532.000,i+ujZy34V34MVCSM,1637.000,gVdK1R7pQceZIJcu
8,8,2026-04-03T18:06:02.821Z,372.000,10,292.000,GymB6kYVEeezVVzI,365.000,RYE1MlfIb2SZU/fO,366.000,IXAd+tdPnM81gG6F,367.000,8g3mAYf92SaXwm8y,369.000,QO1YLbvIMO7iR1FK,370.000,crm+JDu9pyx01u65,372.000,soYQ0qNfaMy3Dx6z,373.000,obUOsW6NxixTRQCh,493.000,i+ujZy34V34MVCSM,1327.000,gVdK1R7pQceZIJcu
8,9,2026-04-03T18:06:03.193Z,408.000,10,327.000,GymB6kYVEeezVVzI,367.000,i+ujZy34V34MVCSM,400.000,obUOsW6NxixTRQCh,401.000,RYE1MlfIb2SZU/fO,405.000,QO1YLbvIMO7iR1FK,406.000,crm+JDu9pyx01u65,408.000,8g3mAYf92SaXwm8y,409.000,IXAd+tdPnM81gG6F,416.000,soYQ0qNfaMy3Dx6z,956.000,gVdK1R7pQceZIJcu
8,10,2026-04-03T18:06:03.601Z,406.000,10,329.000,GymB6kYVEeezVVzI,362.000,i+ujZy34V34MVCSM,397.000,RYE1MlfIb2SZU/fO,399.000,crm+JDu9pyx01u65,401.000,IXAd+tdPnM81gG6F,404.000,soYQ0qNfaMy3Dx6z,406.000,obUOsW6NxixTRQCh,407.000,QO1YLbvIMO7iR1FK,418.000,8g3mAYf92SaXwm8y,553.000,gVdK1R7pQceZIJcu
8,11,2026-04-03T18:06:04.007Z,405.000,10,323.000,GymB6kYVEeezVVzI,398.000,obUOsW6NxixTRQCh,400.000,crm+JDu9pyx01u65,401.000,RYE1MlfIb2SZU/fO,402.000,IXAd+tdPnM81gG6F,404.000,QO1YLbvIMO7iR1FK,405.000,8g3mAYf92SaXwm8y,407.000,gVdK1R7pQceZIJcu,410.000,soYQ0qNfaMy3Dx6z,417.000,i+ujZy34V34MVCSM
8,12,2026-04-03T18:06:04.412Z,407.000,10,327.000,GymB6kYVEeezVVzI,367.000,i+ujZy34V34MVCSM,395.000,IXAd+tdPnM81gG6F,401.000,gVdK1R7pQceZIJcu,403.000,crm+JDu9pyx01u65,404.000,soYQ0qNfaMy3Dx6z,407.000,QO1YLbvIMO7iR1FK,410.000,RYE1MlfIb2SZU/fO,411.000,obUOsW6NxixTRQCh,415.000,8g3mAYf92SaXwm8y
8,13,2026-04-03T18:06:04.819Z,403.000,10,322.000,GymB6kYVEeezVVzI,367.000,i+ujZy34V34MVCSM,392.000,soYQ0qNfaMy3Dx6z,394.000,obUOsW6NxixTRQCh,401.000,IXAd+tdPnM81gG6F,402.000,8g3mAYf92SaXwm8y,403.000,gVdK1R7pQceZIJcu,404.000,RYE1MlfIb2SZU/fO,406.000,crm+JDu9pyx01u65,407.000,QO1YLbvIMO7iR1FK
8,14,2026-04-03T18:06:05.222Z,407.000,10,328.000,GymB6kYVEeezVVzI,394.000,QO1YLbvIMO7iR1FK,401.000,gVdK1R7pQceZIJcu,402.000,obUOsW6NxixTRQCh,404.000,IXAd+tdPnM81gG6F,406.000,soYQ0qNfaMy3Dx6z,407.000,RYE1MlfIb2SZU/fO,408.000,8g3mAYf92SaXwm8y,410.000,crm+JDu9pyx01u65,413.000,i+ujZy34V34MVCSM
8,15,2026-04-03T18:06:05.629Z,406.000,10,327.000,GymB6kYVEeezVVzI,396.000,RYE1MlfIb2SZU/fO,401.000,gVdK1R7pQceZIJcu,402.000,QO1YLbvIMO7iR1FK,404.000,soYQ0qNfaMy3Dx6z,405.000,IXAd+tdPnM81gG6F,406.000,8g3mAYf92SaXwm8y,410.000,crm+JDu9pyx01u65,411.000,obUOsW6NxixTRQCh,415.000,i+ujZy34V34MVCSM
8,16,2026-04-03T18:06:06.035Z,407.000,10,324.000,GymB6kYVEeezVVzI,399.000,IXAd+tdPnM81gG6F,400.000,8g3mAYf92SaXwm8y,401.000,obUOsW6NxixTRQCh,404.000,i+ujZy34V34MVCSM,405.000,crm+JDu9pyx01u65,407.000,RYE1MlfIb2SZU/fO,408.000,soYQ0qNfaMy3Dx6z,410.000,QO1YLbvIMO7iR1FK,411.000,gVdK1R7pQceZIJcu
8,17,2026-04-03T18:06:06.442Z,411.000,10,325.000,GymB6kYVEeezVVzI,397.000,obUOsW6NxixTRQCh,401.000,gVdK1R7pQceZIJcu,403.000,IXAd+tdPnM81gG6F,406.000,RYE1MlfIb2SZU/fO,409.000,i+ujZy34V34MVCSM,410.000,crm+JDu9pyx01u65,412.000,QO1YLbvIMO7iR1FK,413.000,soYQ0qNfaMy3Dx6z,414.000,8g3mAYf92SaXwm8y
8,18,2026-04-03T18:06:06.853Z,401.000,10,318.000,GymB6kYVEeezVVzI,386.000,crm+JDu9pyx01u65,392.000,8g3mAYf92SaXwm8y,394.000,IXAd+tdPnM81gG6F,398.000,soYQ0qNfaMy3Dx6z,400.000,gVdK1R7pQceZIJcu,401.000,QO1YLbvIMO7iR1FK,402.000,obUOsW6NxixTRQCh,407.000,i+ujZy34V34MVCSM,408.000,RYE1MlfIb2SZU/fO
8,19,2026-04-03T18:06:07.254Z,409.000,10,324.000,GymB6kYVEeezVVzI,387.000,obUOsW6NxixTRQCh,400.000,crm+JDu9pyx01u65,404.000,IXAd+tdPnM81gG6F,407.000,QO1YLbvIMO7iR1FK,408.000,8g3mAYf92SaXwm8y,409.000,gVdK1R7pQceZIJcu,411.000,soYQ0qNfaMy3Dx6z,412.000,RYE1MlfIb2SZU/fO,413.000,i+ujZy34V34MVCSM
8,20,2026-04-03T18:06:07.663Z,405.000,10,321.000,GymB6kYVEeezVVzI,395.000,obUOsW6NxixTRQCh,397.000,8g3mAYf92SaXwm8y,401.000,gVdK1R7pQceZIJcu,402.000,QO1YLbvIMO7iR1FK,404.000,RYE1MlfIb2SZU/fO,405.000,soYQ0qNfaMy3Dx6z,406.000,crm+JDu9pyx01u65,407.000,IXAd+tdPnM81gG6F,409.000,i+ujZy34V34MVCSM
8,21,2026-04-03T18:06:08.068Z,406.000,10,325.000,GymB6kYVEeezVVzI,398.000,obUOsW6NxixTRQCh,400.000,RYE1MlfIb2SZU/fO,401.000,IXAd+tdPnM81gG6F,402.000,crm+JDu9pyx01u65,403.000,soYQ0qNfaMy3Dx6z,406.000,8g3mAYf92SaXwm8y,407.000,i+ujZy34V34MVCSM,409.000,gVdK1R7pQceZIJcu,414.000,QO1YLbvIMO7iR1FK
8,22,2026-04-03T18:06:08.474Z,406.000,10,322.000,GymB6kYVEeezVVzI,397.000,gVdK1R7pQceZIJcu,399.000,RYE1MlfIb2SZU/fO,401.000,IXAd+tdPnM81gG6F,402.000,soYQ0qNfaMy3Dx6z,404.000,crm+JDu9pyx01u65,406.000,i+ujZy34V34MVCSM,407.000,8g3mAYf92SaXwm8y,409.000,obUOsW6NxixTRQCh,412.000,QO1YLbvIMO7iR1FK
8,23,2026-04-03T18:06:08.880Z,402.000,10,321.000,GymB6kYVEeezVVzI,394.000,gVdK1R7pQceZIJcu,396.000,RYE1MlfIb2SZU/fO,398.000,QO1YLbvIMO7iR1FK,399.000,i+ujZy34V34MVCSM,401.000,crm+JDu9pyx01u65,402.000,IXAd+tdPnM81gG6F,404.000,obUOsW6NxixTRQCh,405.000,soYQ0qNfaMy3Dx6z,406.000,8g3mAYf92SaXwm8y
8,24,2026-04-03T18:06:09.282Z,409.000,10,325.000,GymB6kYVEeezVVzI,402.000,IXAd+tdPnM81gG6F,403.000,RYE1MlfIb2SZU/fO,405.000,8g3mAYf92SaXwm8y,406.000,i+ujZy34V34MVCSM,407.000,obUOsW6NxixTRQCh,408.000,gVdK1R7pQceZIJcu,410.000,QO1YLbvIMO7iR1FK,411.000,soYQ0qNfaMy3Dx6z,413.000,crm+JDu9pyx01u65
8,25,2026-04-03T18:06:09.691Z,407.000,10,322.000,GymB6kYVEeezVVzI,398.000,i+ujZy34V34MVCSM,399.000,crm+JDu9pyx01u65,402.000,obUOsW6NxixTRQCh,404.000,8g3mAYf92SaXwm8y,406.000,soYQ0qNfaMy3Dx6z,407.000,RYE1MlfIb2SZU/fO,408.000,QO1YLbvIMO7iR1FK,410.000,gVdK1R7pQceZIJcu,411.000,IXAd+tdPnM81gG6F
8,26,2026-04-03T18:06:10.098Z,402.000,10,321.000,GymB6kYVEeezVVzI,396.000,obUOsW6NxixTRQCh,397.000,crm+JDu9pyx01u65,398.000,IXAd+tdPnM81gG6F,399.000,RYE1MlfIb2SZU/fO,401.000,QO1YLbvIMO7iR1FK,402.000,8g3mAYf92SaXwm8y,403.000,soYQ0qNfaMy3Dx6z,404.000,i+ujZy34V34MVCSM,408.000,gVdK1R7pQceZIJcu
8,27,2026-04-03T18:06:10.500Z,408.000,10,326.000,GymB6kYVEeezVVzI,399.000,QO1YLbvIMO7iR1FK,402.000,RYE1MlfIb2SZU/fO,403.000,IXAd+tdPnM81gG6F,405.000,i+ujZy34V34MVCSM,406.000,obUOsW6NxixTRQCh,408.000,crm+JDu9pyx01u65,409.000,gVdK1R7pQceZIJcu,412.000,soYQ0qNfaMy3Dx6z,415.000,8g3mAYf92SaXwm8y
8,28,2026-04-03T18:06:10.908Z,405.000,10,321.000,GymB6kYVEeezVVzI,397.000,RYE1MlfIb2SZU/fO,399.000,i+ujZy34V34MVCSM,401.000,crm+JDu9pyx01u65,402.000,IXAd+tdPnM81gG6F,403.000,soYQ0qNfaMy3Dx6z,405.000,obUOsW6NxixTRQCh,406.000,QO1YLbvIMO7iR1FK,410.000,8g3mAYf92SaXwm8y,411.000,gVdK1R7pQceZIJcu
8,29,2026-04-03T18:06:11.313Z,405.000,10,324.000,GymB6kYVEeezVVzI,397.000,IXAd+tdPnM81gG6F,398.000,8g3mAYf92SaXwm8y,399.000,i+ujZy34V34MVCSM,402.000,QO1YLbvIMO7iR1FK,404.000,crm+JDu9pyx01u65,405.000,gVdK1R7pQceZIJcu,406.000,soYQ0qNfaMy3Dx6z,408.000,RYE1MlfIb2SZU/fO,410.000,obUOsW6NxixTRQCh
8,30,2026-04-03T18:06:11.718Z,405.000,10,325.000,GymB6kYVEeezVVzI,396.000,crm+JDu9pyx01u65,399.000,soYQ0qNfaMy3Dx6z,401.000,RYE1MlfIb2SZU/fO,402.000,obUOsW6NxixTRQCh,403.000,i+ujZy34V34MVCSM,405.000,8g3mAYf92SaXwm8y,406.000,gVdK1R7pQceZIJcu,408.000,IXAd+tdPnM81gG6F,409.000,QO1YLbvIMO7iR1FK
8,31,2026-04-03T18:06:12.123Z,411.000,10,327.000,GymB6kYVEeezVVzI,400.000,8g3mAYf92SaXwm8y,404.000,i+ujZy34V34MVCSM,405.000,crm+JDu9pyx01u65,406.000,soYQ0qNfaMy3Dx6z,410.000,gVdK1R7pQceZIJcu,411.000,IXAd+tdPnM81gG6F,412.000,RYE1MlfIb2SZU/fO,414.000,obUOsW6NxixTRQCh,416.000,QO1YLbvIMO7iR1FK
8,32,2026-04-03T18:06:12.534Z,403.000,10,322.000,GymB6kYVEeezVVzI,393.000,QO1YLbvIMO7iR1FK,399.000,RYE1MlfIb2SZU/fO,400.000,soYQ0qNfaMy3Dx6z,401.000,8g3mAYf92SaXwm8y,402.000,crm+JDu9pyx01u65,403.000,i+ujZy34V34MVCSM,404.000,gVdK1R7pQceZIJcu,406.000,IXAd+tdPnM81gG6F,407.000,obUOsW6NxixTRQCh
8,33,2026-04-03T18:06:12.937Z,407.000,10,322.000,GymB6kYVEeezVVzI,400.000,RYE1MlfIb2SZU/fO,402.000,8g3mAYf92SaXwm8y,403.000,i+ujZy34V34MVCSM,404.000,QO1YLbvIMO7iR1FK,406.000,crm+JDu9pyx01u65,407.000,IXAd+tdPnM81gG6F,408.000,obUOsW6NxixTRQCh,410.000,soYQ0qNfaMy3Dx6z,413.000,gVdK1R7pQceZIJcu
8,34,2026-04-03T18:06:13.344Z,404.000,10,321.000,GymB6kYVEeezVVzI,396.000,soYQ0qNfaMy3Dx6z,398.000,gVdK1R7pQceZIJcu,400.000,crm+JDu9pyx01u65,401.000,IXAd+tdPnM81gG6F,402.000,QO1YLbvIMO7iR1FK,404.000,obUOsW6NxixTRQCh,405.000,RYE1MlfIb2SZU/fO,406.000,i+ujZy34V34MVCSM,412.000,8g3mAYf92SaXwm8y
8,35,2026-04-03T18:06:13.748Z,408.000,10,325.000,GymB6kYVEeezVVzI,400.000,RYE1MlfIb2SZU/fO,401.000,soYQ0qNfaMy3Dx6z,403.000,IXAd+tdPnM81gG6F,405.000,obUOsW6NxixTRQCh,406.000,gVdK1R7pQceZIJcu,407.000,i+ujZy34V34MVCSM,409.000,8g3mAYf92SaXwm8y,410.000,crm+JDu9pyx01u65,412.000,QO1YLbvIMO7iR1FK
8,36,2026-04-03T18:06:14.156Z,404.000,10,320.000,GymB6kYVEeezVVzI,395.000,i+ujZy34V34MVCSM,397.000,QO1YLbvIMO7iR1FK,398.000,RYE1MlfIb2SZU/fO,399.000,IXAd+tdPnM81gG6F,400.000,gVdK1R7pQceZIJcu,404.000,obUOsW6NxixTRQCh,406.000,soYQ0qNfaMy3Dx6z,412.000,8g3mAYf92SaXwm8y,413.000,crm+JDu9pyx01u65
8,37,2026-04-03T18:06:14.560Z,410.000,10,325.000,GymB6kYVEeezVVzI,397.000,obUOsW6NxixTRQCh,401.000,soYQ0qNfaMy3Dx6z,406.000,IXAd+tdPnM81gG6F,408.000,crm+JDu9pyx01u65,409.000,8g3mAYf92SaXwm8y,410.000,gVdK1R7pQceZIJcu,412.000,RYE1MlfIb2SZU/fO,413.000,i+ujZy34V34MVCSM,414.000,QO1YLbvIMO7iR1FK
8,38,2026-04-03T18:06:14.970Z,407.000,10,322.000,GymB6kYVEeezVVzI,401.000,8g3mAYf92SaXwm8y,403.000,crm+JDu9pyx01u65,404.000,i+ujZy34V34MVCSM,405.000,QO1YLbvIMO7iR1FK,406.000,RYE1MlfIb2SZU/fO,407.000,obUOsW6NxixTRQCh,454.000,IXAd+tdPnM81gG6F,455.000,gVdK1R7pQceZIJcu,457.000,soYQ0qNfaMy3Dx6z
8,39,2026-04-03T18:06:15.377Z,778.000,10,588.000,GymB6kYVEeezVVzI,659.000,gVdK1R7pQceZIJcu,689.000,RYE1MlfIb2SZU/fO,710.000,QO1YLbvIMO7iR1FK,747.000,soYQ0qNfaMy3Dx6z,765.000,obUOsW6NxixTRQCh,774.000,crm+JDu9pyx01u65,789.000,8g3mAYf92SaXwm8y,851.000,IXAd+tdPnM81gG6F,870.000,i+ujZy34V34MVCSM
8,40,2026-04-03T18:06:16.155Z,2419.000,9,1426.000,obUOsW6NxixTRQCh,1512.000,IXAd+tdPnM81gG6F,1583.000,8g3mAYf92SaXwm8y,1649.000,QO1YLbvIMO7iR1FK,1711.000,i+ujZy34V34MVCSM,1774.000,soYQ0qNfaMy3Dx6z,118738.000,crm+JDu9pyx01u65,119133.000,RYE1MlfIb2SZU/fO,118558.000,gVdK1R7pQceZIJcu,,
8,41,2026-04-03T18:06:18.574Z,,0,,,,,,,,,,,,,,,,,,,,
9,1,2026-04-03T18:05:59.575Z,794.000,8,194.000,RYE1MlfIb2SZU/fO,717.000,obUOsW6NxixTRQCh,4493.000,gVdK1R7pQceZIJcu,2989.000,soYQ0qNfaMy3Dx6z,994.000,8g3mAYf92SaXwm8y,5961.000,QO1YLbvIMO7iR1FK,2453.000,IXAd+tdPnM81gG6F,1031.000,GymB6kYVEeezVVzI,,,,
9,2,2026-04-03T18:06:00.369Z,508.000,8,0.000,RYE1MlfIb2SZU/fO,194.000,obUOsW6NxixTRQCh,272.000,8g3mAYf92SaXwm8y,408.000,GymB6kYVEeezVVzI,3700.000,gVdK1R7pQceZIJcu,2196.000,soYQ0qNfaMy3Dx6z,1660.000,IXAd+tdPnM81gG6F,5168.000,QO1YLbvIMO7iR1FK,,,,
9,3,2026-04-03T18:06:00.877Z,598.000,9,75.000,8g3mAYf92SaXwm8y,76.000,RYE1MlfIb2SZU/fO,274.000,obUOsW6NxixTRQCh,405.000,crm+JDu9pyx01u65,501.000,GymB6kYVEeezVVzI,4662.000,QO1YLbvIMO7iR1FK,1690.000,soYQ0qNfaMy3Dx6z,3194.000,gVdK1R7pQceZIJcu,1154.000,IXAd+tdPnM81gG6F,,
9,4,2026-04-03T18:06:01.475Z,447.000,10,73.000,RYE1MlfIb2SZU/fO,74.000,8g3mAYf92SaXwm8y,88.000,crm+JDu9pyx01u65,185.000,GymB6kYVEeezVVzI,201.000,obUOsW6NxixTRQCh,558.000,IXAd+tdPnM81gG6F,1094.000,soYQ0qNfaMy3Dx6z,4066.000,QO1YLbvIMO7iR1FK,2598.000,gVdK1R7pQceZIJcu,558.000,i+ujZy34V34MVCSM
9,5,2026-04-03T18:06:01.922Z,375.000,10,78.000,RYE1MlfIb2SZU/fO,79.000,8g3mAYf92SaXwm8y,80.000,obUOsW6NxixTRQCh,122.000,crm+JDu9pyx01u65,162.000,GymB6kYVEeezVVzI,186.000,IXAd+tdPnM81gG6F,649.000,soYQ0qNfaMy3Dx6z,375.000,i+ujZy34V34MVCSM,3620.000,QO1YLbvIMO7iR1FK,2152.000,gVdK1R7pQceZIJcu
9,6,2026-04-03T18:06:02.297Z,289.000,10,76.000,crm+JDu9pyx01u65,77.000,8g3mAYf92SaXwm8y,79.000,RYE1MlfIb2SZU/fO,83.000,IXAd+tdPnM81gG6F,106.000,obUOsW6NxixTRQCh,160.000,GymB6kYVEeezVVzI,288.000,i+ujZy34V34MVCSM,345.000,soYQ0qNfaMy3Dx6z,3247.000,QO1YLbvIMO7iR1FK,1779.000,gVdK1R7pQceZIJcu
9,7,2026-04-03T18:06:02.586Z,320.000,10,317.000,obUOsW6NxixTRQCh,319.000,RYE1MlfIb2SZU/fO,319.000,IXAd+tdPnM81gG6F,319.000,soYQ0qNfaMy3Dx6z,237.000,8g3mAYf92SaXwm8y,320.000,crm+JDu9pyx01u65,239.000,GymB6kYVEeezVVzI,283.000,i+ujZy34V34MVCSM,2960.000,QO1YLbvIMO7iR1FK,1492.000,gVdK1R7pQceZIJcu
9,8,2026-04-03T18:06:02.906Z,285.000,10,247.000,GymB6kYVEeezVVzI,282.000,obUOsW6NxixTRQCh,283.000,IXAd+tdPnM81gG6F,284.000,8g3mAYf92SaXwm8y,284.000,RYE1MlfIb2SZU/fO,285.000,crm+JDu9pyx01u65,255.000,soYQ0qNfaMy3Dx6z,354.000,i+ujZy34V34MVCSM,1238.000,gVdK1R7pQceZIJcu,2702.000,QO1YLbvIMO7iR1FK
9,9,2026-04-03T18:06:03.191Z,419.000,10,331.000,i+ujZy34V34MVCSM,417.000,crm+JDu9pyx01u65,417.000,soYQ0qNfaMy3Dx6z,418.000,GymB6kYVEeezVVzI,419.000,RYE1MlfIb2SZU/fO,419.000,IXAd+tdPnM81gG6F,413.000,obUOsW6NxixTRQCh,416.000,8g3mAYf92SaXwm8y,955.000,gVdK1R7pQceZIJcu,2418.000,QO1YLbvIMO7iR1FK
9,10,2026-04-03T18:06:03.610Z,403.000,10,315.000,i+ujZy34V34MVCSM,401.000,soYQ0qNfaMy3Dx6z,390.000,obUOsW6NxixTRQCh,402.000,GymB6kYVEeezVVzI,394.000,RYE1MlfIb2SZU/fO,397.000,IXAd+tdPnM81gG6F,403.000,crm+JDu9pyx01u65,403.000,8g3mAYf92SaXwm8y,538.000,gVdK1R7pQceZIJcu,2001.000,QO1YLbvIMO7iR1FK
9,11,2026-04-03T18:06:04.013Z,405.000,10,320.000,i+ujZy34V34MVCSM,396.000,obUOsW6NxixTRQCh,400.000,RYE1MlfIb2SZU/fO,401.000,IXAd+tdPnM81gG6F,403.000,GymB6kYVEeezVVzI,404.000,gVdK1R7pQceZIJcu,405.000,soYQ0qNfaMy3Dx6z,406.000,crm+JDu9pyx01u65,408.000,8g3mAYf92SaXwm8y,1600.000,QO1YLbvIMO7iR1FK
9,12,2026-04-03T18:06:04.418Z,408.000,10,321.000,i+ujZy34V34MVCSM,391.000,IXAd+tdPnM81gG6F,394.000,gVdK1R7pQceZIJcu,408.000,obUOsW6NxixTRQCh,397.000,crm+JDu9pyx01u65,408.000,soYQ0qNfaMy3Dx6z,403.000,8g3mAYf92SaXwm8y,409.000,RYE1MlfIb2SZU/fO,410.000,GymB6kYVEeezVVzI,1197.000,QO1YLbvIMO7iR1FK
9,13,2026-04-03T18:06:04.826Z,403.000,10,318.000,i+ujZy34V34MVCSM,387.000,soYQ0qNfaMy3Dx6z,391.000,8g3mAYf92SaXwm8y,392.000,RYE1MlfIb2SZU/fO,397.000,obUOsW6NxixTRQCh,401.000,GymB6kYVEeezVVzI,403.000,gVdK1R7pQceZIJcu,404.000,IXAd+tdPnM81gG6F,406.000,crm+JDu9pyx01u65,803.000,QO1YLbvIMO7iR1FK
9,14,2026-04-03T18:06:05.229Z,404.000,10,324.000,i+ujZy34V34MVCSM,390.000,QO1YLbvIMO7iR1FK,391.000,GymB6kYVEeezVVzI,398.000,crm+JDu9pyx01u65,401.000,8g3mAYf92SaXwm8y,403.000,gVdK1R7pQceZIJcu,404.000,IXAd+tdPnM81gG6F,405.000,obUOsW6NxixTRQCh,407.000,RYE1MlfIb2SZU/fO,410.000,soYQ0qNfaMy3Dx6z
9,15,2026-04-03T18:06:05.633Z,402.000,10,323.000,i+ujZy34V34MVCSM,391.000,gVdK1R7pQceZIJcu,396.000,RYE1MlfIb2SZU/fO,398.000,QO1YLbvIMO7iR1FK,399.000,crm+JDu9pyx01u65,401.000,obUOsW6NxixTRQCh,402.000,IXAd+tdPnM81gG6F,404.000,8g3mAYf92SaXwm8y,407.000,GymB6kYVEeezVVzI,408.000,soYQ0qNfaMy3Dx6z
9,16,2026-04-03T18:06:06.035Z,409.000,10,327.000,i+ujZy34V34MVCSM,399.000,RYE1MlfIb2SZU/fO,402.000,IXAd+tdPnM81gG6F,404.000,gVdK1R7pQceZIJcu,406.000,QO1YLbvIMO7iR1FK,408.000,soYQ0qNfaMy3Dx6z,409.000,crm+JDu9pyx01u65,410.000,obUOsW6NxixTRQCh,411.000,8g3mAYf92SaXwm8y,413.000,GymB6kYVEeezVVzI
9,17,2026-04-03T18:06:06.444Z,407.000,10,322.000,i+ujZy34V34MVCSM,400.000,8g3mAYf92SaXwm8y,402.000,GymB6kYVEeezVVzI,403.000,RYE1MlfIb2SZU/fO,404.000,gVdK1R7pQceZIJcu,405.000,crm+JDu9pyx01u65,407.000,IXAd+tdPnM81gG6F,408.000,obUOsW6NxixTRQCh,409.000,soYQ0qNfaMy3Dx6z,410.000,QO1YLbvIMO7iR1FK
9,18,2026-04-03T18:06:06.851Z,404.000,10,322.000,i+ujZy34V34MVCSM,397.000,gVdK1R7pQceZIJcu,398.000,IXAd+tdPnM81gG6F,400.000,QO1YLbvIMO7iR1FK,401.000,soYQ0qNfaMy3Dx6z,402.000,crm+JDu9pyx01u65,403.000,RYE1MlfIb2SZU/fO,405.000,obUOsW6NxixTRQCh,406.000,GymB6kYVEeezVVzI,409.000,8g3mAYf92SaXwm8y
9,19,2026-04-03T18:06:07.255Z,408.000,10,324.000,i+ujZy34V34MVCSM,390.000,IXAd+tdPnM81gG6F,400.000,soYQ0qNfaMy3Dx6z,404.000,QO1YLbvIMO7iR1FK,405.000,crm+JDu9pyx01u65,407.000,RYE1MlfIb2SZU/fO,408.000,GymB6kYVEeezVVzI,410.000,8g3mAYf92SaXwm8y,411.000,obUOsW6NxixTRQCh,419.000,gVdK1R7pQceZIJcu
9,20,2026-04-03T18:06:07.663Z,403.000,10,319.000,i+ujZy34V34MVCSM,396.000,8g3mAYf92SaXwm8y,397.000,obUOsW6NxixTRQCh,399.000,gVdK1R7pQceZIJcu,400.000,IXAd+tdPnM81gG6F,402.000,QO1YLbvIMO7iR1FK,403.000,GymB6kYVEeezVVzI,404.000,crm+JDu9pyx01u65,408.000,soYQ0qNfaMy3Dx6z,410.000,RYE1MlfIb2SZU/fO
9,21,2026-04-03T18:06:08.066Z,409.000,10,329.000,i+ujZy34V34MVCSM,396.000,RYE1MlfIb2SZU/fO,401.000,soYQ0qNfaMy3Dx6z,404.000,crm+JDu9pyx01u65,406.000,QO1YLbvIMO7iR1FK,407.000,gVdK1R7pQceZIJcu,408.000,GymB6kYVEeezVVzI,411.000,IXAd+tdPnM81gG6F,412.000,obUOsW6NxixTRQCh,416.000,8g3mAYf92SaXwm8y
9,22,2026-04-03T18:06:08.475Z,405.000,10,322.000,i+ujZy34V34MVCSM,392.000,crm+JDu9pyx01u65,399.000,gVdK1R7pQceZIJcu,401.000,obUOsW6NxixTRQCh,403.000,RYE1MlfIb2SZU/fO,404.000,soYQ0qNfaMy3Dx6z,405.000,QO1YLbvIMO7iR1FK,407.000,GymB6kYVEeezVVzI,408.000,8g3mAYf92SaXwm8y,411.000,IXAd+tdPnM81gG6F
9,23,2026-04-03T18:06:08.880Z,405.000,10,323.000,i+ujZy34V34MVCSM,395.000,RYE1MlfIb2SZU/fO,398.000,gVdK1R7pQceZIJcu,399.000,QO1YLbvIMO7iR1FK,401.000,8g3mAYf92SaXwm8y,403.000,GymB6kYVEeezVVzI,404.000,IXAd+tdPnM81gG6F,406.000,obUOsW6NxixTRQCh,407.000,soYQ0qNfaMy3Dx6z,408.000,crm+JDu9pyx01u65
9,24,2026-04-03T18:06:09.285Z,405.000,10,322.000,i+ujZy34V34MVCSM,397.000,soYQ0qNfaMy3Dx6z,399.000,RYE1MlfIb2SZU/fO,400.000,8g3mAYf92SaXwm8y,402.000,obUOsW6NxixTRQCh,404.000,gVdK1R7pQceZIJcu,405.000,GymB6kYVEeezVVzI,406.000,QO1YLbvIMO7iR1FK,406.000,IXAd+tdPnM81gG6F,409.000,crm+JDu9pyx01u65
9,25,2026-04-03T18:06:09.690Z,411.000,10,327.000,i+ujZy34V34MVCSM,403.000,QO1YLbvIMO7iR1FK,406.000,crm+JDu9pyx01u65,407.000,obUOsW6NxixTRQCh,409.000,GymB6kYVEeezVVzI,410.000,RYE1MlfIb2SZU/fO,411.000,soYQ0qNfaMy3Dx6z,412.000,gVdK1R7pQceZIJcu,414.000,IXAd+tdPnM81gG6F,416.000,8g3mAYf92SaXwm8y
9,26,2026-04-03T18:06:10.101Z,403.000,10,321.000,i+ujZy34V34MVCSM,393.000,crm+JDu9pyx01u65,398.000,8g3mAYf92SaXwm8y,399.000,QO1YLbvIMO7iR1FK,401.000,obUOsW6NxixTRQCh,402.000,IXAd+tdPnM81gG6F,403.000,gVdK1R7pQceZIJcu,404.000,soYQ0qNfaMy3Dx6z,406.000,GymB6kYVEeezVVzI,407.000,RYE1MlfIb2SZU/fO
9,27,2026-04-03T18:06:10.504Z,404.000,10,321.000,i+ujZy34V34MVCSM,397.000,gVdK1R7pQceZIJcu,399.000,soYQ0qNfaMy3Dx6z,400.000,obUOsW6NxixTRQCh,402.000,GymB6kYVEeezVVzI,403.000,IXAd+tdPnM81gG6F,404.000,RYE1MlfIb2SZU/fO,405.000,QO1YLbvIMO7iR1FK,407.000,crm+JDu9pyx01u65,409.000,8g3mAYf92SaXwm8y
9,28,2026-04-03T18:06:10.908Z,401.000,10,321.000,i+ujZy34V34MVCSM,394.000,RYE1MlfIb2SZU/fO,396.000,IXAd+tdPnM81gG6F,397.000,soYQ0qNfaMy3Dx6z,398.000,crm+JDu9pyx01u65,399.000,gVdK1R7pQceZIJcu,401.000,obUOsW6NxixTRQCh,403.000,GymB6kYVEeezVVzI,410.000,QO1YLbvIMO7iR1FK,414.000,8g3mAYf92SaXwm8y
9,29,2026-04-03T18:06:11.309Z,414.000,10,330.000,i+ujZy34V34MVCSM,405.000,crm+JDu9pyx01u65,407.000,IXAd+tdPnM81gG6F,409.000,gVdK1R7pQceZIJcu,412.000,QO1YLbvIMO7iR1FK,413.000,GymB6kYVEeezVVzI,414.000,8g3mAYf92SaXwm8y,415.000,RYE1MlfIb2SZU/fO,417.000,soYQ0qNfaMy3Dx6z,418.000,obUOsW6NxixTRQCh
9,30,2026-04-03T18:06:11.723Z,405.000,10,324.000,i+ujZy34V34MVCSM,398.000,RYE1MlfIb2SZU/fO,399.000,IXAd+tdPnM81gG6F,401.000,soYQ0qNfaMy3Dx6z,402.000,QO1YLbvIMO7iR1FK,403.000,GymB6kYVEeezVVzI,405.000,obUOsW6NxixTRQCh,406.000,gVdK1R7pQceZIJcu,407.000,crm+JDu9pyx01u65,408.000,8g3mAYf92SaXwm8y
9,31,2026-04-03T18:06:12.128Z,405.000,10,324.000,i+ujZy34V34MVCSM,395.000,GymB6kYVEeezVVzI,397.000,IXAd+tdPnM81gG6F,399.000,QO1YLbvIMO7iR1FK,400.000,obUOsW6NxixTRQCh,403.000,RYE1MlfIb2SZU/fO,405.000,8g3mAYf92SaXwm8y,407.000,gVdK1R7pQceZIJcu,408.000,crm+JDu9pyx01u65,409.000,soYQ0qNfaMy3Dx6z
9,32,2026-04-03T18:06:12.533Z,406.000,10,325.000,i+ujZy34V34MVCSM,397.000,IXAd+tdPnM81gG6F,401.000,crm+JDu9pyx01u65,402.000,GymB6kYVEeezVVzI,404.000,QO1YLbvIMO7iR1FK,405.000,obUOsW6NxixTRQCh,406.000,soYQ0qNfaMy3Dx6z,407.000,8g3mAYf92SaXwm8y,411.000,RYE1MlfIb2SZU/fO,412.000,gVdK1R7pQceZIJcu
9,33,2026-04-03T18:06:12.939Z,409.000,10,325.000,i+ujZy34V34MVCSM,397.000,soYQ0qNfaMy3Dx6z,399.000,IXAd+tdPnM81gG6F,400.000,RYE1MlfIb2SZU/fO,402.000,obUOsW6NxixTRQCh,408.000,crm+JDu9pyx01u65,409.000,8g3mAYf92SaXwm8y,410.000,gVdK1R7pQceZIJcu,412.000,QO1YLbvIMO7iR1FK,413.000,GymB6kYVEeezVVzI
9,34,2026-04-03T18:06:13.348Z,400.000,10,318.000,i+ujZy34V34MVCSM,391.000,QO1YLbvIMO7iR1FK,395.000,RYE1MlfIb2SZU/fO,397.000,IXAd+tdPnM81gG6F,398.000,8g3mAYf92SaXwm8y,399.000,soYQ0qNfaMy3Dx6z,400.000,obUOsW6NxixTRQCh,401.000,gVdK1R7pQceZIJcu,402.000,crm+JDu9pyx01u65,404.000,GymB6kYVEeezVVzI
9,35,2026-04-03T18:06:13.748Z,405.000,10,324.000,i+ujZy34V34MVCSM,398.000,RYE1MlfIb2SZU/fO,401.000,IXAd+tdPnM81gG6F,403.000,8g3mAYf92SaXwm8y,403.000,crm+JDu9pyx01u65,404.000,GymB6kYVEeezVVzI,405.000,soYQ0qNfaMy3Dx6z,408.000,gVdK1R7pQceZIJcu,408.000,QO1YLbvIMO7iR1FK,409.000,obUOsW6NxixTRQCh
9,36,2026-04-03T18:06:14.153Z,408.000,10,326.000,i+ujZy34V34MVCSM,396.000,gVdK1R7pQceZIJcu,400.000,RYE1MlfIb2SZU/fO,402.000,crm+JDu9pyx01u65,403.000,QO1YLbvIMO7iR1FK,405.000,GymB6kYVEeezVVzI,408.000,IXAd+tdPnM81gG6F,410.000,soYQ0qNfaMy3Dx6z,411.000,8g3mAYf92SaXwm8y,416.000,obUOsW6NxixTRQCh
9,37,2026-04-03T18:06:14.561Z,408.000,10,325.000,i+ujZy34V34MVCSM,398.000,soYQ0qNfaMy3Dx6z,400.000,8g3mAYf92SaXwm8y,402.000,RYE1MlfIb2SZU/fO,405.000,QO1YLbvIMO7iR1FK,407.000,obUOsW6NxixTRQCh,408.000,IXAd+tdPnM81gG6F,409.000,crm+JDu9pyx01u65,411.000,GymB6kYVEeezVVzI,413.000,gVdK1R7pQceZIJcu
9,38,2026-04-03T18:06:14.969Z,403.000,10,322.000,i+ujZy34V34MVCSM,396.000,soYQ0qNfaMy3Dx6z,398.000,GymB6kYVEeezVVzI,399.000,obUOsW6NxixTRQCh,400.000,crm+JDu9pyx01u65,402.000,RYE1MlfIb2SZU/fO,403.000,8g3mAYf92SaXwm8y,404.000,QO1YLbvIMO7iR1FK,406.000,gVdK1R7pQceZIJcu,409.000,IXAd+tdPnM81gG6F
9,39,2026-04-03T18:06:15.372Z,808.000,10,637.000,GymB6kYVEeezVVzI,692.000,RYE1MlfIb2SZU/fO,719.000,i+ujZy34V34MVCSM,733.000,gVdK1R7pQceZIJcu,783.000,QO1YLbvIMO7iR1FK,795.000,soYQ0qNfaMy3Dx6z,806.000,obUOsW6NxixTRQCh,818.000,IXAd+tdPnM81gG6F,831.000,crm+JDu9pyx01u65,847.000,8g3mAYf92SaXwm8y
9,40,2026-04-03T18:06:16.180Z,1834.000,9,946.000,i+ujZy34V34MVCSM,1235.000,soYQ0qNfaMy3Dx6z,1362.000,8g3mAYf92SaXwm8y,1439.000,obUOsW6NxixTRQCh,1500.000,QO1YLbvIMO7iR1FK,1573.000,IXAd+tdPnM81gG6F,118635.000,crm+JDu9pyx01u65,118773.000,gVdK1R7pQceZIJcu,119042.000,RYE1MlfIb2SZU/fO,,
9,41,2026-04-03T18:06:18.014Z,,0,,,,,,,,,,,,,,,,,,,,
